r,R  2/ 1,R  3/ 1,R  4/ 1,R  5/ 1,I  2/ 1,I  3/ 1,I  4/ 1,I  5/ 1
0.0,0.0,0.0,0.0,0.0,-0.0,-0.0,-0.0,-0.0
0.001,-3.12449013e-05,9.01480409e-05,2.12035327e-07,-3.07489895e-06,0.000106665653,-9.3589203e-05,6.79279944e-07,6.75354725e-06
0.002,-0.000129672284,0.000660519128,1.14624798e-06,1.01269479e-06,0.000423080067,-0.000676014015,6.93465302e-06,9.26975548e-06
0.003,-0.000301064245,0.00219214792,3.73341948e-06,4.38764349e-06,0.000945588261,-0.00214719306,3.22824973e-05,1.04378937e-05
0.004,-0.000550677753,0.00518922193,8.12866359e-06,5.04985706e-06,0.00166747752,-0.00479709969,9.97595e-05,1.78064288e-05
0.005,-0.000883870691,0.0101756056,1.26752915e-05,2.73104099e-06,0.00257922362,-0.00880010676,0.000242064005,3.7394836e-05
0.006,-0.00130554334,0.017684437,1.2440966e-05,-4.37856297e-06,0.00366909968,-0.0142139476,0.00050147158,7.53114778e-05
0.007,-0.00181970196,0.028243955,-2.29675886e-06,-1.99394062e-05,0.00492368803,-0.0209831207,0.000929509231,0.000138448365
0.008,-0.00242914883,0.0423622386,-4.75993799e-05,-4.95403028e-05,0.00632837717,-0.0289453226,0.00158628813,0.000234190072
0.009,-0.00313532477,0.0605125769,-0.000147388604,-0.000100830228,0.00786785684,-0.0378401495,0.00253948661,0.000369904824
0.01,-0.00393824638,0.0831203418,-0.000334887703,-0.000183596903,0.00952658429,-0.0473195365,0.00386301066,0.000552422413
0.011,-0.00483655135,0.110551819,-0.000653910194,-0.000309747269,0.0112892081,-0.056959437,0.00563536075,0.000787534796
0.012,-0.00582761099,0.143105188,-0.00115994525,-0.000493186543,0.0131409361,-0.0662723353,0.00793774677,0.00107953211
0.013,-0.00690771294,0.181003696,-0.00192098194,-0.000749606039,0.0150678376,-0.0747201934,0.0108519954,0.00143078545
0.014,-0.00807228023,0.224390983,-0.00301803662,-0.00109619209,0.017057079,-0.0817275159,0.014458301,0.00184138694
0.015,-0.00931612468,0.273328444,-0.00454534684,-0.00155127157,0.0190970863,-0.0866942258,0.0188328756,0.00230885499
0.016,-0.0106337073,0.327794467,-0.00661021576,-0.00213390818,0.0211776408,-0.0890081137,0.0240455551,0.0028279117
0.017,-0.012019403,0.387685374,-0.00933249409,-0.00286346541,0.023289908,-0.0880566411,0.0301574218,0.00339033548
0.018,-0.0134677477,0.452817875,-0.0128437044,-0.00375915026,0.025426409,-0.0832379382,0.0372185018,0.00398489124
0.019,-0.0149736678,0.522932804,-0.0172858176,-0.00483955225,0.0275809373,-0.0739708552,0.0452655959,0.00459733666
0.02,-0.0165326755,0.597699953,-0.0228097055,-0.00612219055,0.0297484349,-0.0597039807,0.0543202945,0.0052105027
0.021,-0.018141031,0.676723791,-0.0295732981,-0.00762308143,0.0319248308,-0.0399235548,0.0643872302,0.00580444296
0.022,-0.0197958637,0.759549863,-0.0377394859,-0.00935633639,0.0341068573,-0.0141602559,0.0754526045,0.00635664584
0.023,-0.0214952528,0.845671686,-0.0474738124,-0.0113337978,0.0362918458,0.0180051363,0.0874830305,0.00684230078
0.024,-0.0232382652,0.934537976,-0.0589420065,-0.0135647208,0.0384775187,0.0569371818,0.100424713,0.00723461169
0.025,-0.0250249544,1.02556005,-0.072307406,-0.0160555064,0.0406617781,0.102942298,0.114202988,0.00750514834
0.026,-0.0268563198,1.11811925,-0.0877283278,-0.0188094903,0.0428425055,0.156266291,0.12872223,0.00762422705
0.027,-0.0287342334,1.2115743,-0.105355437,-0.0218267879,0.0450173724,0.217092845,0.143866128,0.00756131082
0.028,-0.0306613356,1.30526846,-0.125329168,-0.0251041978,0.047183673,0.285542879,0.159498324,0.00728541993
0.029,-0.0326409058,1.3985364,-0.147777253,-0.0286351608,0.049338178,0.361674695,0.175463399,0.00676554419
0.03,-0.0346767147,1.49071078,-0.172812395,-0.0324097742,0.0514770173,0.445484835,0.191588184,0.00597104851
0.031,-0.0367728603,1.58112834,-0.200530144,-0.0364148558,0.0535955882,0.536909544,0.207683368,0.00487206475
0.032,-0.0389335966,1.66913565,-0.231006993,-0.0406340557,0.0556884954,0.635826773,0.223545366,0.00343986472
0.033,-0.0411631573,1.75409435,-0.264298728,-0.0450480147,0.0577495203,0.742058667,0.238958421,0.00164720923
0.034,-0.0434655824,1.8353859,-0.300439062,-0.0496345613,0.0597716207,0.855374447,0.253696885,-0.000531332617
0.035,-0.0458445491,1.91241589,-0.33943856,-0.0543689387,0.0617469566,0.975493583,0.267527647,-0.00311909801
0.036,-0.0483032144,1.98461782,-0.381283876,-0.059224059,0.0636669427,1.10208921,0.280212671,-0.00613708187
0.037,-0.0508440694,2.0514564,-0.425937312,-0.0641707765,0.0655223222,1.23479169,0.291511575,-0.00960372624
0.038,-0.053468811,2.1124305,-0.473336683,-0.0691781759,0.0673032618,1.37319236,0.30118425,-0.0135347484
0.039,-0.0561782326,2.16707553,-0.523395486,-0.0742138699,0.0689994625,1.51684729,0.308993432,-0.0179430073
0.04,-0.0589721336,2.2149655,-0.576003378,-0.0792442996,0.070600283,1.66528107,0.314707233,-0.022838408
0.041,-0.0618492513,2.25571471,-0.631026917,-0.0842350351,0.0720948731,1.81799063,0.31810156,-0.0282278421
0.042,-0.0648072126,2.28897901,-0.688310575,-0.08915107,0.073472312,1.97444903,0.318962409,-0.0341151612
0.043,-0.0678425084,2.31445678,-0.747677963,-0.0939571124,0.0747217516,2.13410916,0.317088012,-0.0405011833
0.044,-0.0709504886,2.33188953,-0.80893327,-0.0986178646,0.0758325595,2.2964074,0.31229081,-0.0473837255
0.045,-0.0741253771,2.34106232,-0.871862877,-0.103098287,0.076794458,2.46076725,0.304399228,-0.0547576647
0.046,-0.0773603049,2.3418038,-0.93623713,-0.107363848,0.0775976587,2.62660272,0.293259243,-0.0626150203
0.047,-0.0806473616,2.3339861,-1.00181223,-0.111380752,0.0782329879,2.79332173,0.278735733,-0.0709450572
0.048,-0.0839776609,2.31752449,-1.06833224,-0.11511615,0.0786920028,2.96032934,0.260713597,-0.0797344059
0.049,-0.0873414205,2.29237679,-1.13553112,-0.118538334,0.0789670964,3.12703083,0.239098656,-0.0889671952
0.05,-0.0907280532,2.25854268,-1.20313484,-0.121616906,0.0790515887,3.29283473,0.213818309,-0.0986251968
0.051,-0.094126267,2.21606281,-1.27086351,-0.124322928,0.0789398058,3.4571556,0.184821974,-0.108687976
0.052,-0.0975241727,2.16501775,-1.3384335,-0.126629061,0.0786271444,3.61941683,0.152081293,-0.119133046
0.053,-0.100909398,2.10552683,-1.40555953,-0.12850968,0.0781101193,3.77905323,0.115590148,-0.129936031
0.054,-0.104269207,2.03774674,-1.47195666,-0.129940985,0.0773863968,3.93551362,0.0753644683,-0.141070827
0.055,-0.107590615,1.96187007,-1.5373423,-0.130901081,0.0764548136,4.08826319,0.0314418501,-0.152509764
0.056,-0.110860509,1.87812367,-1.60143808,-0.131370056,0.0753153827,4.23678578,-0.0161189962,-0.16422377
0.057,-0.114065761,1.78676697,-1.66397161,-0.131330036,0.0739692849,4.38058594,-0.0672389598,-0.176182532
0.058,-0.117193341,1.6880901,-1.72467815,-0.130765228,0.0724188483,4.51919095,-0.121819386,-0.188354656
0.059,-0.12023042,1.58241196,-1.78330216,-0.129661958,0.0706675166,4.65215257,-0.179743062,-0.200707821
0.06,-0.123164471,1.4700782,-1.8395987,-0.128008688,0.0687198063,4.77904874,-0.240875313,-0.21320894
0.061,-0.12598336,1.35145914,-1.89333472,-0.125796028,0.0665812542,4.89948503,-0.305065211,-0.225824303
0.062,-0.128675424,1.22694751,-1.94429016,-0.123016736,0.0642583587,5.01309594,-0.372146841,-0.238519731
0.063,-0.131229551,1.09695622,-1.9922589,-0.119665722,0.0617585201,5.11954603,-0.441940584,-0.251260718
0.064,-0.133635246,0.961915947,-2.03704959,-0.115740048,0.0590899752,5.21853085,-0.514254418,-0.264012576
0.065,-0.135882687,0.822272773,-2.0784863,-0.111238909,0.0562617286,5.30977772,-0.58888526,-0.276740576
0.066,-0.137962782,0.678485799,-2.11640911,-0.106163616,0.0532834801,5.39304625,-0.665620324,-0.289410077
0.067,-0.139867209,0.531024777,-2.1506745,-0.100517563,0.0501655507,5.4681288,-0.744238478,-0.30198666
0.068,-0.14158845,0.380367785,-2.18115569,-0.0943061853,0.0469188055,5.53485069,-0.824511604,-0.31443625
0.069,-0.143119821,0.226998955,-2.20774287,-0.0875369121,0.0435545775,5.59307032,-0.90620595,-0.326725232
0.07,-0.144455493,0.0714063171,-2.23034332,-0.0802191028,0.0400845871,5.64267905,-0.989083508,-0.338820554
0.071,-0.14559048,-0.0859201933,-2.24888123,-0.0723639661,0.0365208625,5.68360046,-1.07290333,-0.350689799
0.072,-0.146520632,-0.244490579,-2.26329742,-0.0639844877,0.0328756695,5.71578956,-1.15742287,-0.362301239
0.073,-0.147242683,-0.403817162,-2.27354971,-0.0550954195,0.0291614442,5.73923386,-1.24239929,-0.373624032
0.074,-0.147754259,-0.563417074,-2.27961285,-0.045713244,0.0253907207,5.7539534,-1.3275907,-0.384628376
0.075,-0.148053858,-0.722814495,-2.28147781,-0.0358561058,0.0215760548,5.75999924,-1.41275712,-0.395285564
0.076,-0.148140832,-0.881542736,-2.27915138,-0.0255437389,0.0177299565,5.75745253,-1.49766156,-0.405568072
0.077,-0.148015369,-1.03914621,-2.27265567,-0.0147973853,0.0138648256,5.74642342,-1.58207098,-0.415449649
0.078,-0.147678473,-1.19518234,-2.26202757,-0.00363970861,0.00999289326,5.72704997,-1.66575726,-0.42490541
0.079,-0.147131932,-1.34922337,-2.24731813,0.00790529543,0.00612616824,5.69949678,-1.74849805,-0.433911922
0.08,-0.1463783,-1.5008582,-2.22859192,0.0198123855,0.00227639187,5.66395353,-1.83007742,-0.442447295
0.081,-0.145420872,-1.64969423,-2.20592639,0.0320551552,-0.0015450072,5.62063337,-1.91028628,-0.450491274
0.082,-0.144263675,-1.79535911,-2.17941123,0.044606121,-0.00532696975,5.56977115,-1.98892265,-0.458025305
0.083,-0.142911409,-1.93750126,-2.14914769,0.0574368961,-0.00905882922,5.51162166,-2.06579255,-0.465032548
0.084,-0.141369399,-2.0757903,-2.11524787,0.0705183652,-0.0127303428,5.44645787,-2.14071077,-0.471497897
0.085,-0.139643548,-2.20991749,-2.07783396,0.0838208333,-0.0163317226,5.37456919,-2.2135014,-0.477407985
0.086,-0.137740297,-2.33959617,-2.03703751,0.0973141613,-0.0198536604,5.29625973,-2.28399828,-0.482751202
0.087,-0.135666587,-2.46456219,-1.99299861,0.110967891,-0.0232873471,5.21184652,-2.35204526,-0.487517712
0.088,-0.133429814,-2.58457419,-1.94586515,0.124751367,-0.026624488,5.12165772,-2.41749652,-0.491699466
0.089,-0.131037794,-2.69941393,-1.895792,0.138633847,-0.0298573116,5.02603073,-2.48021658,-0.495290222
0.09,-0.128498731,-2.80888652,-1.84294031,0.152584606,-0.0329785732,4.92531037,-2.54008035,-0.498285564
0.091,-0.125821204,-2.91282085,-1.78747691,0.166573011,-0.035981569,4.81984686,-2.59697274,-0.500682928
0.092,-0.123014146,-3.01106974,-1.72957382,0.180568591,-0.0388601782,4.70999389,-2.6507883,-0.502481576
0.093,-0.120086783,-3.10350904,-1.66940749,0.194541217,-0.0416088475,4.59610734,-2.70143183,-0.503682521
0.094,-0.117048568,-3.19003658,-1.60715796,0.208461272,-0.0442225963,4.47854415,-2.74881897,-0.504288427
0.095,-0.113909131,-3.27057142,-1.54300818,0.222299767,-0.0466970314,4.35766121,-2.79287644,-0.504303521
0.096,-0.11067823,-3.34505319,-1.47714323,0.236028436,-0.0490283553,4.23381421,-2.83354219,-0.503733519
0.097,-0.10736571,-3.41344145,-1.40974963,0.249619817,-0.0512133704,4.10735651,-2.87076539,-0.502585559
0.098,-0.103981455,-3.47571506,-1.34101462,0.263047313,-0.0532494783,3.97863804,-2.90450642,-0.500868146
0.099,-0.100535355,-3.53187167,-1.27112538,0.27628525,-0.0551346783,3.84800414,-2.93473668,-0.498591098
0.1,-0.0970373187,-3.5819288,-1.20026899,0.289309045,-0.0568675902,3.71579615,-2.96143973,-0.495765745
0.101,-0.0934973662,-3.62592881,-1.12863333,0.302095707,-0.0584475415,3.582355,-2.98461517,-0.492405613
0.102,-0.0899253812,-3.66393193,-1.05640397,0.314623399,-0.0598744904,3.44801238,-3.00427264,-0.488525413
0.103,-0.0863309153,-3.69600794,-0.983761541,0.326870868,-0.0611488766,3.31308405,-3.02042621,-0.484139978
0.104,-0.0827232946,-3.72223964,-0.910882833,0.338817836,-0.0622716594,3.17787496,-3.03309829,-0.479264809
0.105,-0.0791116203,-3.74272347,-0.837940777,0.350445162,-0.0632443139,3.04268055,-3.04232074,-0.473916192
0.106,-0.0755047309,-3.75756858,-0.765103928,0.361734857,-0.0640688034,2.90778626,-3.04813451,-0.468111116
0.107,-0.0719111734,-3.76689604,-0.692536004,0.372670079,-0.0647475512,2.77346712,-3.05058922,-0.461867199
0.108,-0.0683391786,-3.77083795,-0.620395468,0.383235138,-0.0652834101,2.63998726,-3.04974268,-0.455202623
0.109,-0.0647966409,-3.76953673,-0.548835171,0.393415485,-0.0656796304,2.50759949,-3.04566039,-0.448136082
0.11,-0.0612911045,-3.76314428,-0.478002058,0.403197711,-0.0659398278,2.37654486,-3.03841498,-0.440686733
0.111,-0.0578297559,-3.75182133,-0.40803702,0.412569525,-0.0660679582,2.24705221,-3.02808557,-0.43287416
0.112,-0.0544194106,-3.73573666,-0.339074811,0.421519724,-0.0660683021,2.1193378,-3.01475724,-0.424718323
0.113,-0.0510664995,-3.71506624,-0.271243661,0.43003821,-0.0659454213,1.99360531,-2.9985207,-0.416239487
0.114,-0.0477770522,-3.68999233,-0.20466496,0.43811599,-0.0657041248,1.87004583,-2.97947197,-0.407458146
0.115,-0.0445566853,-3.66070276,-0.13945305,0.445745158,-0.0653494413,1.74883797,-2.95771208,-0.39839496
0.116,-0.0414105962,-3.62739017,-0.0757150919,0.452918875,-0.0648865929,1.63014789,-2.93334657,-0.389070694
0.117,-0.0383435596,-3.59025139,-0.0135509585,0.459631339,-0.06432097,1.51412951,-2.9064852,-0.379506157
0.118,-0.0353599216,-3.54948673,0.0469468693,0.465877747,-0.0636581097,1.40092479,-2.87724159,-0.369722139
0.119,-0.0324635852,-3.50529932,0.105693515,0.471654254,-0.062903679,1.29066429,-2.84573308,-0.359739319
0.12,-0.0296579698,-3.45789442,0.162612256,0.476957929,-0.0620634523,1.18346815,-2.81208086,-0.349578169
0.121,-0.026945962,-3.4074785,0.217635981,0.481786834,-0.0611432272,1.07944754,-2.77641047,-0.339258846
0.122,-0.0243299415,-3.35425842,0.270708982,0.486140287,-0.0601486774,0.978705939,-2.73885188,-0.328801096
0.123,-0.021811769,-3.29843874,0.321784854,0.490018121,-0.0590853864,0.881336553,-2.69953507,-0.31822411
0.124,-0.0193928695,-3.24022234,0.370824793,0.493420583,-0.0579588886,0.787421083,-2.65858862,-0.307546734
0.125,-0.0170743225,-3.17981574,0.417797515,0.496349226,-0.056774745,0.69703027,-2.61614344,-0.296788109
0.126,-0.0148568712,-3.1174282,0.462679171,0.498806975,-0.0555385036,0.610222961,-2.57233176,-0.285967637
0.127,-0.0127409161,-3.05326809,0.505452877,0.500797729,-0.054255627,0.527045123,-2.52728429,-0.275104675
0.128,-0.0107265294,-2.98754197,0.546108459,0.50232635,-0.0529314774,0.447529938,-2.48112972,-0.26421847
0.129,-0.00881346808,-2.92045381,0.584642223,0.50339865,-0.0515713044,0.371698112,-2.43399439,-0.253328091
0.13,-0.00700118257,-2.8522043,0.621056765,0.50402137,-0.0501802323,0.299558355,-2.38600206,-0.242452351
0.131,-0.00528882572,-2.78299013,0.655360949,0.504202186,-0.0487632394,0.231108019,-2.33727376,-0.231609734
0.132,-0.0036752756,-2.71300345,0.687569933,0.503949732,-0.0473251308,0.16633375,-2.28792762,-0.220818307
0.133,-0.00215914757,-2.64243131,0.717704508,0.503273524,-0.045870548,0.105211659,-2.2380784,-0.210095689
0.134,-0.000738817726,-2.57145516,0.745790521,0.502183896,-0.0444039686,0.0477075422,-2.18783714,-0.199459004
0.135,0.000587554264,-2.50025035,0.771858458,0.50069197,-0.0429296985,-0.00622273882,-2.13731084,-0.188924835
0.136,0.00182200641,-2.42898564,0.7959431,0.498809612,-0.041451862,-0.0566327678,-2.08660225,-0.178509173
0.137,0.00296675693,-2.35782274,0.818083187,0.496549392,-0.0399743935,-0.103585026,-2.03580967,-0.168227362
0.138,0.00402418593,-2.28691593,0.838321076,0.493924534,-0.0385010292,-0.147150319,-1.9850268,-0.158094055
0.139,0.00499681375,-2.21641168,0.85670235,0.490948864,-0.0370352992,-0.187407223,-1.93434259,-0.148123169
0.14,0.00588727262,-2.1464483,0.873275302,0.487636764,-0.0355805244,-0.224441585,-1.883841,-0.138327846
0.141,0.00669828293,-2.0771557,0.888090177,0.48400308,-0.0341398321,-0.258346135,-1.83360093,-0.128720441
0.142,0.00743265976,-2.00865625,0.901198817,0.480063228,-0.032716193,-0.289220176,-1.78369721,-0.119312593
0.143,0.00809328261,-1.94106421,0.912654869,0.475833145,-0.0313123765,-0.317168476,-1.73420042,-0.110115109
0.144,0.00868307617,-1.87448363,0.922513016,0.471328757,-0.0299308988,-0.342299837,-1.6851753,-0.101137788
0.145,0.00920500731,-1.80900876,0.930828915,0.466565957,-0.0285740368,-0.364726104,-1.63668124,-0.0923894355
0.146,0.00966207935,-1.74472514,0.937659385,0.461560757,-0.0272438529,-0.384561501,-1.58877326,-0.0838779145
0.147,0.0100573187,-1.68170977,0.943062176,0.456329233,-0.0259422011,-0.401921962,-1.54150209,-0.075610143
0.148,0.0103937597,-1.6200312,0.947095699,0.45088748,-0.0246707317,-0.416924558,-1.49491423,-0.0675921057
0.149,0.010674426,-1.55974969,0.949818712,0.445251555,-0.0234308957,-0.429687029,-1.44905199,-0.059828869
0.15,0.0109023044,-1.50091732,0.951289852,0.439437443,-0.0222239554,-0.440327449,-1.40395338,-0.0523246003
0.151,0.0110803271,-1.44357808,0.951566801,0.433460938,-0.0210510148,-0.448964053,-1.35965218,-0.0450826161
0.152,0.0112113875,-1.38776796,0.950705397,0.427337447,-0.0199130529,-0.455715001,-1.31617815,-0.0381054921
0.153,0.0112983105,-1.33351545,0.948760383,0.421082081,-0.0188109007,-0.460697421,-1.27355724,-0.0313949938
0.154,0.0113438548,-1.28084216,0.945785952,0.414709657,-0.0177452274,-0.464026557,-1.231812,-0.0249520712
0.155,0.0113507214,-1.22976327,0.941835857,0.408234636,-0.016716546,-0.465815179,-1.19096182,-0.0187768892
0.156,0.0113215536,-1.18028807,0.936963362,0.401671082,-0.015725225,-0.46617318,-1.15102318,-0.0128688666
0.157,0.0112589338,-1.13242039,0.931221121,0.395032614,-0.0147714991,-0.465207288,-1.11200984,-0.00722671959
0.158,0.0111653829,-1.08615925,0.924661266,0.388332456,-0.0138554822,-0.463020935,-1.07393323,-0.0018485119
0.159,0.0110433703,-1.04150022,0.917336205,0.38158378,-0.0129771852,-0.459714516,-1.03680349,0.00326830638
0.16,0.0108953013,-0.998434694,0.909297726,0.374799293,-0.0121365025,-0.455384762,-1.00062856,0.00812687908
0.161,0.0107235011,-0.956948957,0.900595907,0.36799075,-0.0113331958,-0.45012394,-0.965412877,0.0127308913
0.162,0.0105302111,-0.917025523,0.891279969,0.361169295,-0.0105669077,-0.44402006,-0.931158374,0.0170845501
0.163,0.0103175992,-0.878643774,0.881398225,0.354345552,-0.00983718452,-0.437157181,-0.897864966,0.0211924987
0.164,0.0100877546,-0.841780167,0.870997749,0.347529612,-0.00914348992,-0.429615517,-0.865530625,0.0250597612
0.165,0.00984268068,-0.806408458,0.860124216,0.340731028,-0.00848521305,-0.421471499,-0.83415144,0.0286917034
0.166,0.00958429146,-0.772499946,0.848821824,0.333958829,-0.00786167393,-0.412797805,-0.803721688,0.0320939953
0.167,0.00931441034,-0.740023734,0.837133248,0.327221516,-0.00727212926,-0.403663376,-0.774233948,0.0352725749
0.168,0.0090347703,-0.708946979,0.825099619,0.320527071,-0.00671577873,-0.394133434,-0.745679212,0.0382336143
0.169,0.00874701577,-0.679235167,0.812760515,0.31388296,-0.00619177147,-0.384269495,-0.718047022,0.0409834854
0.17,0.00845270645,-0.650852378,0.800154015,0.307296135,-0.00569921062,-0.37412938,-0.691325603,0.0435287271
0.171,0.00815331879,-0.62376157,0.787316834,0.300773065,-0.00523715378,-0.363767227,-0.665501965,0.0458760248
0.172,0.00785023983,-0.597924844,0.774284474,0.294319782,-0.00480461374,-0.353233526,-0.64056196,0.0480322158
0.173,0.00754477077,-0.57330338,0.761090741,0.287941757,-0.00440056788,-0.34257516,-0.616490204,0.0500042111
0.174,0.0072381109,-0.549856401,0.747765951,0.281643287,-0.00402396391,-0.331834847,-0.593268911,0.0517988416
0.175,0.00693137439,-0.527542471,0.734338256,0.275428038,-0.00367374002,-0.321051925,-0.570879207,0.053422893
0.176,0.00662561317,-0.506321374,0.720836067,0.26929997,-0.0033488393,-0.310263541,-0.549303082,0.0548832663
0.177,0.00632180431,-0.486153343,0.707286983,0.263262944,-0.00304820182,-0.299504234,-0.528522497,0.056186908
0.178,0.00602084403,-0.466998564,0.693716965,0.257320411,-0.00277076335,-0.288805664,-0.508518792,0.0573407305
0.179,0.00572354952,-0.448817306,0.680150354,0.251475426,-0.00251545962,-0.278196723,-0.489272764,0.0583515907
0.18,0.00543065985,-0.431570035,0.666609873,0.245730664,-0.00228123091,-0.267703655,-0.470764757,0.0592262721
0.181,0.00514283825,-0.415217513,0.653116598,0.240088425,-0.00206702811,-0.257350183,-0.452974757,0.0599714626
0.182,0.00486067798,-0.399720893,0.639689928,0.234550633,-0.00187181784,-0.247157632,-0.43588251,0.0605937208
0.183,0.00458470192,-0.385041852,0.626347733,0.229118871,-0.00169458306,-0.237145017,-0.419467574,0.0610994822
0.184,0.00431536595,-0.371142715,0.613106482,0.223794404,-0.00153432332,-0.227329135,-0.403709391,0.0614950534
0.185,0.00405306345,-0.357986552,0.599981322,0.218578199,-0.00139005651,-0.217724669,-0.388587364,0.061786601
0.186,0.00379812886,-0.345537263,0.586986133,0.213470938,-0.00126082109,-0.208344294,-0.374080922,0.061980142
0.187,0.00355083931,-0.33375957,0.574133468,0.208472996,-0.00114567811,-0.199198764,-0.360169506,0.062081527
0.188,0.00331141477,-0.322618826,0.561434154,0.2035843,-0.00104371331,-0.190296881,-0.346832362,0.0620963841
0.189,0.0030800244,-0.312081343,0.548897843,0.198804537,-0.000954038799,-0.181645806,-0.334048964,0.0620301491
0.19,0.00285678991,-0.302114746,0.536533611,0.194133379,-0.000875797324,-0.173251373,-0.321799353,0.0618881436
0.191,0.00264178582,-0.292687739,0.524349522,0.189570343,-0.000808165379,-0.165118078,-0.310063932,0.0616755238
0.192,0.00243504724,-0.283770008,0.512352409,0.185114718,-0.000750356232,-0.157249129,-0.298823446,0.0613972251
0.193,0.00223656856,-0.275332283,0.500548078,0.18076561,-0.000701617578,-0.149646518,-0.288058973,0.0610579924
0.194,0.00204630712,-0.267346405,0.488941471,0.176521971,-0.000661228517,-0.142311097,-0.27775195,0.0606623898
0.195,0.00186418876,-0.259785352,0.477536761,0.172382607,-0.000628499193,-0.135242653,-0.267884211,0.0602147985
0.196,0.00169011186,-0.252623259,0.466337408,0.168346198,-0.00060277149,-0.128439998,-0.258438017,0.0597194163
0.197,0.00152395053,-0.245835417,0.455346203,0.164411302,-0.000583419675,-0.121901058,-0.249396089,0.0591802579
0.198,0.00136555754,-0.239398274,0.44456531,0.160576374,-0.000569850833,-0.115622954,-0.240741624,0.0586011556
0.199,0.00121476788,-0.23328943,0.433996319,0.15683977,-0.00056150517,-0.109602083,-0.232458313,0.0579857602
0.2,0.0010714043,-0.227487852,0.423640724,0.153199913,-0.000557855678,-0.10383429,-0.224530574,0.0573375967
0.201,0.000935281492,-0.221974504,0.413501206,0.149655746,-0.000558405219,-0.0983152001,-0.216944151,0.0566602428
0.202,0.000806198437,-0.216731406,0.403579981,0.146206123,-0.000562680825,-0.093039829,-0.209685122,0.0559571312
0.203,0.000683942148,-0.21174075,0.393877204,0.142849249,-0.000570234758,-0.0880023236,-0.202739159,0.0552313042
0.204,0.000568293339,-0.206985546,0.384392214,0.139583134,-0.00058064938,-0.0831963811,-0.196092239,0.0544855773
0.205,0.000459026806,-0.202449793,0.375123952,0.136405754,-0.00059353705,-0.0786154176,-0.189730847,0.0537226028
0.206,0.000355912013,-0.198118438,0.366070982,0.133315058,-0.000608538552,-0.0742526265,-0.183641962,0.0529448757
0.207,0.000258714394,-0.193977338,0.357231526,0.130308976,-0.000625321709,-0.0701010299,-0.177813048,0.0521547392
0.208,0.000167196775,-0.190013228,0.348603496,0.127385427,-0.000643580207,-0.0661535233,-0.172232046,0.0513543896
0.209,8.11208431e-05,-0.186213686,0.340184522,0.124542324,-0.000663032486,-0.0624029155,-0.16688737,0.0505458815
0.21,2.48678605e-07,-0.182567102,0.331971992,0.121777582,-0.000683420535,-0.0588419634,-0.161767899,0.0497311327
0.211,-7.5656026e-05,-0.179062647,0.323963093,0.119089122,-0.000704508367,-0.0554634033,-0.156862967,0.0489119313
0.212,-0.000146827297,-0.17569027,0.316154895,0.1164749,-0.000726080496,-0.0522599868,-0.152162379,0.0480899505
0.213,-0.000213495255,-0.172440774,0.308544569,0.113932987,-0.000747940879,-0.0492245434,-0.147656497,0.0472667796
0.214,-0.000275886377,-0.169305661,0.301129172,0.11146148,-0.000769913186,-0.0463499745,-0.14333609,0.0464439082
0.215,-0.00033422228,-0.166276926,0.293905364,0.109058402,-0.000791838056,-0.0436292292,-0.139192213,0.0456226742
0.216,-0.000388719039,-0.163347112,0.286869594,0.106721773,-0.000813572871,-0.0410553576,-0.135216286,0.0448042915
0.217,-0.00043958722,-0.160509327,0.280018213,0.10444964,-0.000834991324,-0.0386215452,-0.131400128,0.0439898716
0.218,-0.000487031636,-0.157757215,0.273347486,0.102240085,-0.000855982315,-0.036321129,-0.127735939,0.04318043
0.219,-0.000531250866,-0.155084921,0.266853614,0.100091223,-0.000876448905,-0.0341476102,-0.124216288,0.0423768905
0.22,-0.000572436669,-0.152487068,0.260532751,0.0980012071,-0.000896307242,-0.0320946637,-0.120834103,0.0415800905
0.221,-0.000610773691,-0.149958727,0.254381031,0.0959682314,-0.000915485264,-0.0301561454,-0.117582654,0.0407907866
0.222,-0.000646439748,-0.14749539,0.248394589,0.0939905348,-0.000933921437,-0.0283260995,-0.114455537,0.0400096637
0.223,-0.000679605425,-0.145092929,0.242569533,0.0920663907,-0.000951563589,-0.0265987629,-0.111446654,0.0392373328
0.224,-0.000710431526,-0.142746947,0.236900931,0.0901937184,-0.000968364764,-0.0249684652,-0.10854974,0.0384741713
0.225,-0.000739067378,-0.140452617,0.231382623,0.0883699984,-0.000984282796,-0.0234296295,-0.105758268,0.0377202844
0.226,-0.000765657478,-0.138206043,0.226009547,0.0865931532,-0.000999288963,-0.0219770235,-0.103066498,0.0369758842
0.227,-0.000790344069,-0.136004441,0.220778044,0.0848616733,-0.00101336757,-0.0206057704,-0.100469593,0.0362413546
0.228,-0.000813263168,-0.133845344,0.215684566,0.0831741274,-0.00102650925,-0.0193112074,-0.0979630027,0.0355170444
0.229,-0.00083454408,-0.131726526,0.210725594,0.0815291267,-0.0010387105,-0.0180888766,-0.0955424104,0.0348032536
0.23,-0.00085430996,-0.129645971,0.205897628,0.0799253236,-0.00104997345,-0.0169345269,-0.0932037214,0.034100236
0.231,-0.000872677901,-0.127601856,0.201197182,0.0783614082,-0.00106030612,-0.0158441149,-0.0909430558,0.0334082
0.232,-0.000889757873,-0.125592529,0.196620762,0.0768361024,-0.00106972238,-0.014813803,-0.0887567497,0.0327273026
0.233,-0.000905654167,-0.123616495,0.192164904,0.0753481656,-0.00107824064,-0.0138399534,-0.086641332,0.0320576631
0.234,-0.000920465684,-0.121672418,0.187826204,0.0738964009,-0.0010858826,-0.0129191201,-0.0845935126,0.0313993698
0.235,-0.000934286587,-0.119759218,0.183601502,0.0724797197,-0.00109267402,-0.0120480533,-0.0826102491,0.030752513
0.236,-0.000947205955,-0.117876048,0.179487862,0.0710971392,-0.00109864364,-0.0112236866,-0.0806887523,0.0301171794
0.237,-0.000959306166,-0.116022061,0.17548223,0.0697476454,-0.00110382076,-0.0104431081,-0.0788263233,0.0294933956
0.238,-0.000970663326,-0.114196394,0.171581437,0.0684301861,-0.0011082356,-0.00970355958,-0.0770203263,0.0288811361
0.239,-0.000981348234,-0.112398273,0.167782384,0.0671437432,-0.00111191959,-0.00900244213,-0.0752682643,0.0282803539
0.24,-0.000991426528,-0.110627015,0.16408205,0.065887335,-0.00111490501,-0.0083373104,-0.0735677785,0.0276909835
0.241,-0.00100095886,-0.10888201,0.160477494,0.0646600152,-0.00111722477,-0.00770586653,-0.071916641,0.0271129426
0.242,-0.00101000109,-0.107162719,0.156965852,0.0634608717,-0.00111891227,-0.00710595417,-0.0703127498,0.0265461336
0.243,-0.00101860463,-0.105468661,0.153544336,0.0622890259,-0.00112000119,-0.00653555225,-0.0687541201,0.0259904454
0.244,-0.00102681657,-0.103799407,0.150210241,0.0611436309,-0.00112052563,-0.00599276844,-0.0672388787,0.0254457545
0.245,-0.00103468219,-0.102154866,0.146961351,0.0600240405,-0.00112052343,-0.00547584827,-0.0657654439,0.0249119937
0.246,-0.00104225225,-0.100535946,0.143796899,0.0589302049,-0.00112004204,-0.00498319943,-0.0643329439,0.0243893191
0.247,-0.00104957298,-0.0989434542,0.140715961,0.0578620223,-0.00111912575,-0.00451332046,-0.0629404889,0.0238778463
0.248,-0.00105667648,-0.0973772303,0.137716241,0.0568188334,-0.00111780695,-0.00406475789,-0.0615866311,0.0233774376
0.249,-0.00106358872,-0.0958369314,0.134795227,0.0557998841,-0.00111611592,-0.00363614672,-0.060269877,0.0228878964
0.25,-0.00107033221,-0.094322241,0.131950495,0.0548044482,-0.00111408248,-0.00322621436,-0.0589888187,0.0224090219
0.251,-0.00107692625,-0.0928328681,0.129179717,0.0538318292,-0.00111173508,-0.00283377338,-0.0577421264,0.0219406121
0.252,-0.00108338786,-0.0913685468,0.126480672,0.0528813632,-0.00110910034,-0.00245771607,-0.056528538,0.0214824707
0.253,-0.00108973115,-0.0899290286,0.123851229,0.0519524133,-0.00110620346,-0.00209701035,-0.0553468612,0.0210344011
0.254,-0.00109596748,-0.0885140757,0.121289326,0.0510443668,-0.00110306852,-0.00175069702,-0.0541959722,0.0205962054
0.255,-0.00110210419,-0.0871233112,0.118792774,0.0501565507,-0.00109971637,-0.00141788382,-0.0530747241,0.0201676514
0.256,-0.00110814047,-0.0857558751,0.11635879,0.0492880338,-0.00109616057,-0.00109773899,-0.0519817314,0.0197483944
0.257,-0.00111407459,-0.0844109797,0.11398477,0.0484379423,-0.00109241554,-0.000789502704,-0.0509156929,0.019338113
0.258,-0.00111990969,-0.083088346,0.111668869,0.0476057167,-0.00108850069,-0.00049248289,-0.0498756678,0.0189366048
0.259,-0.00112564904,-0.0817877976,0.109409444,0.0467908788,-0.00108443508,-0.000206043408,-0.0488608271,0.018543693
0.26,-0.00113129498,-0.0805091505,0.107204901,0.0459929684,-0.00108023656,7.03995907e-05,-0.0478703801,0.0181592027
0.261,-0.00113684918,-0.0792522106,0.105053687,0.0452115403,-0.00107592218,0.000337379845,-0.0469035719,0.017782959
0.262,-0.00114231221,-0.0780167701,0.102954275,0.0444461613,-0.00107150842,0.000595384418,-0.0459596847,0.0174147843
0.263,-0.00114768419,-0.0768026111,0.100905179,0.0436964122,-0.00106701077,0.000844857522,-0.045038031,0.0170545021
0.264,-0.00115296485,-0.0756094961,0.0989049461,0.0429618835,-0.00106244291,0.00108620475,-0.0441379435,0.0167019378
0.265,-0.00115814806,-0.0744368038,0.096951679,0.0422419654,-0.00105781169,0.00131979081,-0.0432585619,0.0163568388
0.266,-0.00116322049,-0.0732834839,0.0950429885,0.0415358216,-0.00105311738,0.00154593812,-0.0423988144,0.016018863
0.267,-0.00116817391,-0.0721488578,0.0931770367,0.0408428433,-0.00104836509,0.00176494264,-0.0415578844,0.015687754
0.268,-0.00117300725,-0.0710327013,0.0913526288,0.0401626947,-0.00104356527,0.00197708217,-0.0407352457,0.0153633623
0.269,-0.00117771971,-0.0699348103,0.0895686442,0.0394950674,-0.0010387273,0.00218261232,-0.0399304084,0.0150455481
0.27,-0.00118231016,-0.0688549738,0.087823999,0.0388396636,-0.00103385947,0.00238176825,-0.0391429023,0.0147341741
0.271,-0.00118677721,-0.0677929746,0.0861176448,0.0381961956,-0.00102896922,0.00257476655,-0.0383722756,0.014429106
0.272,-0.0011911193,-0.0667485887,0.084448567,0.0375643852,-0.00102406325,0.00276180687,-0.0376180938,0.0141302115
0.273,-0.00119533479,-0.0657215866,0.0828157844,0.0369439629,-0.00101914769,0.00294307334,-0.0368799379,0.013837361
0.274,-0.00119942487,-0.0647118921,0.0812185466,0.0363347568,-0.00101423093,0.0031187432,-0.0361574901,0.0135504606
0.275,-0.00120339837,-0.0637198307,0.0796566381,0.0357368319,-0.00100932701,0.00328900308,-0.0354506728,0.0132695036
0.276,-0.00120726226,-0.0627456082,0.0781297168,0.0351501989,-0.00100444694,0.00345402901,-0.0347593606,0.012994458
0.277,-0.00121101569,-0.061789002,0.0766369312,0.0345746364,-0.000999594778,0.0036139669,-0.0340832005,0.0127252054
0.278,-0.00121465653,-0.0608497202,0.0751773739,0.0340098919,-0.000994773495,0.00376894991,-0.0334218132,0.0124616157
0.279,-0.00121818252,-0.0599274723,0.0737501678,0.0334557194,-0.000989985882,0.0039191043,-0.0327748338,0.0122035613
0.28,-0.00122159078,-0.0590219715,0.0723544695,0.0329118803,-0.000985234334,0.00406455284,-0.0321419149,0.0119509172
0.281,-0.00122487779,-0.0581329402,0.0709894849,0.0323781462,-0.000980520271,0.00420541771,-0.0315227242,0.0117035636
0.282,-0.00122804027,-0.0572601152,0.0696544879,0.0318543051,-0.000975843878,0.00434182082,-0.0309169366,0.0114613932
0.283,-0.00123107836,-0.0564034503,0.0683490472,0.0313402699,-0.000971208449,0.00447390086,-0.0303243544,0.0112243422
0.284,-0.0012340027,-0.0555634109,0.0670733647,0.0308362427,-0.000966625517,0.00460183845,-0.0297450647,0.0109924484
0.285,-0.00123682116,-0.0547403056,0.0658274568,0.0303423425,-0.000962103325,0.00472580414,-0.0291790703,0.0107657208
0.286,-0.00123953,-0.0539339133,0.0646107129,0.0298584007,-0.000957640787,0.00484592433,-0.0286260979,0.0105440632
0.287,-0.00124212375,-0.0531439313,0.0634224432,0.0293842087,-0.00095323577,0.0049623146,-0.0280858389,0.0103273645
0.288,-0.00124459737,-0.0523700556,0.0622619763,0.0289195638,-0.000948886061,0.00507508532,-0.0275579912,0.0101155159
0.289,-0.00124694664,-0.0516119787,0.0611286565,0.0284642692,-0.000944589046,0.00518433978,-0.027042255,0.00990841196
0.29,-0.00124916895,-0.0508693865,0.0600218352,0.028018133,-0.000940341809,0.00529017081,-0.0265383283,0.00970595037
0.291,-0.00125126311,-0.0501419341,0.0589408228,0.0275809536,-0.000936141615,0.0053926565,-0.0260459017,0.0095080253
0.292,-0.0012532165,-0.0494287796,0.0578843189,0.0271522559,-0.000931978481,0.00549181196,-0.0255644351,0.00931442761
0.293,-0.00125500547,-0.0487285782,0.0568504461,0.0267312924,-0.000927834664,0.00558757972,-0.0250931361,0.00912485769
0.294,-0.00125661935,-0.0480404629,0.0558379182,0.0263175832,-0.000923701757,0.00567993967,-0.0246314611,0.00893911361
0.295,-0.00125806194,-0.0473641106,0.054846107,0.0259109512,-0.000919580625,0.00576892827,-0.0241791516,0.00875710025
0.296,-0.00125933796,-0.0466992319,0.0538744397,0.0255112403,-0.000915471834,0.00585458538,-0.0237359711,0.00857873178
0.297,-0.00126045211,-0.0460455444,0.0529223632,0.0251182983,-0.000911375734,0.00593695199,-0.0233016902,0.00840392496
0.298,-0.00126140897,-0.0454027738,0.0519893431,0.0247319768,-0.000907292714,0.00601607109,-0.022876088,0.00823259869
0.299,-0.00126221266,-0.0447706554,0.0510748639,0.0243521301,-0.000903223317,0.00609198931,-0.022458954,0.00806467382
0.3,-0.00126286507,-0.0441489026,0.0501783956,0.0239785973,-0.000899167284,0.00616475502,-0.0220500747,0.00790006674
0.301,-0.00126336273,-0.0435371124,0.0492993042,0.0236111526,-0.000895120539,0.00623440541,-0.0216491816,0.00773867539
0.302,-0.00126370209,-0.0429349173,0.0484370475,0.0232495942,-0.000891077066,0.00630098349,-0.021256014,0.00758041582
0.303,-0.00126388214,-0.0423421077,0.0475912849,0.0228938053,-0.000887032791,0.00636455842,-0.0208703942,0.00742523349
0.304,-0.00126390169,-0.0417585163,0.0467617264,0.022543689,-0.000882984402,0.00642520818,-0.020492174,0.00727307982
0.305,-0.00126375919,-0.0411839796,0.0459480857,0.0221991498,-0.000878928881,0.00648301136,-0.0201212119,0.00712390605
0.306,-0.00126345313,-0.0406183365,0.0451500789,0.0218600935,-0.00087486343,0.00653804538,-0.0197573702,0.00697766355
0.307,-0.0012629822,-0.0400614271,0.0443674259,0.0215264272,-0.000870785528,0.00659038585,-0.0194005134,0.00683430393
0.308,-0.00126234738,-0.0395131614,0.0435999265,0.0211980968,-0.000866694761,0.00664011792,-0.0190505398,0.00669379005
0.309,-0.00126156717,-0.0389739881,0.042847974,0.0208753383,-0.000862602679,0.00668741662,-0.0187076055,0.00655617528
0.31,-0.0012606665,-0.0384445155,0.0421121272,0.0205584761,-0.000858523911,0.00673248837,-0.0183719381,0.00642153916
0.311,-0.00125965345,-0.0379247923,0.0413923142,0.0202475349,-0.000854461338,0.00677544535,-0.0180434938,0.00628986495
0.312,-0.00125852789,-0.0374146041,0.0406881575,0.0199423961,-0.000850413868,0.00681635262,-0.0177221087,0.00616108563
0.313,-0.00125729056,-0.0369137338,0.0399992735,0.0196429395,-0.000846381294,0.00685527047,-0.0174076174,0.00603513386
0.314,-0.00125594295,-0.0364219676,0.0393252859,0.0193490481,-0.000842363503,0.00689225583,-0.0170998547,0.00591194447
0.315,-0.00125448679,-0.0359390957,0.038665829,0.0190606074,-0.000838360362,0.00692736367,-0.0167986576,0.00579145422
0.316,-0.00125292379,-0.0354649146,0.0380205479,0.0187775063,-0.000834371839,0.00696064814,-0.0165038672,0.00567360151
0.317,-0.00125125546,-0.0349992307,0.0373891028,0.0184996387,-0.000830397844,0.00699216358,-0.0162153313,0.0055583268
0.318,-0.00124948341,-0.0345418575,0.0367711654,0.0182269017,-0.00082643823,0.0070219632,-0.0159329001,0.00544557343
0.319,-0.00124760939,-0.0340926086,0.0361664127,0.0179591924,-0.000822492716,0.00705009829,-0.0156564245,0.00533528548
0.32,-0.00124563547,-0.0336512992,0.0355745273,0.0176964092,-0.000818560881,0.00707661861,-0.0153857584,0.00522740778
0.321,-0.00124356407,-0.0332177473,0.0349951968,0.0174384523,-0.00081464236,0.00710157251,-0.0151207586,0.005121886
0.322,-0.00124139777,-0.0327917727,0.0344281092,0.0171852216,-0.000810736983,0.00712500733,-0.0148612866,0.00501866526
0.323,-0.00123913947,-0.0323731982,0.0338729574,0.0169366192,-0.000806844451,0.00714696903,-0.0146072066,0.00491769178
0.324,-0.00123678811,-0.0319617379,0.0333293249,0.0166924907,-0.000802961135,0.00716747727,-0.0143583366,0.00481889701
0.325,-0.00123432365,-0.0315566179,0.0327962941,0.0164524273,-0.000799071026,0.00718643769,-0.0141142788,0.00472214036
0.326,-0.0012317253,-0.0311570646,0.0322729617,0.0162160204,-0.000795158626,0.00720374644,-0.0138746393,0.0046272838
0.327,-0.00122899161,-0.0307628171,0.0317589643,0.0159831281,-0.000791221322,0.00721941,-0.0136392578,0.00453426787
0.328,-0.00122612635,-0.0303737574,0.0312540889,0.0157536832,-0.000787259655,0.00723346563,-0.0134080403,0.00444305556
0.329,-0.00122313285,-0.0299897717,0.0307581276,0.0155276195,-0.00078327414,0.0072459505,-0.0131808968,0.00435361069
0.33,-0.00122001372,-0.0296107514,0.03027088,0.0153048725,-0.000779265423,0.00725690241,-0.0129577422,0.00426589758
0.331,-0.0012167708,-0.0292365963,0.0297921614,0.0150853813,-0.000775234003,0.00726636006,-0.0127384958,0.00417988228
0.332,-0.00121340764,-0.0288672691,0.0293218648,0.0148691188,-0.000771181175,0.0072743748,-0.0125231008,0.00409554349
0.333,-0.00120993042,-0.0285028167,0.0288599733,0.0146561011,-0.000767109941,0.00728101871,-0.0123115379,0.00401287203
0.334,-0.00120634297,-0.0281432391,0.0284064217,0.0144463192,-0.000763021944,0.00728635264,-0.0121037691,0.00393185137
0.335,-0.00120264575,-0.0277884565,0.0279610636,0.0142397229,-0.000758916777,0.00729041659,-0.0118997238,0.00385245326
0.336,-0.00119883908,-0.027438384,0.0275237475,0.0140362592,-0.000754793956,0.00729324792,-0.01169933,0.00377464859
0.337,-0.0011949236,-0.0270929381,0.0270943242,0.013835876,-0.000750653022,0.00729488286,-0.0115025171,0.00369840858
0.338,-0.00119090024,-0.0267520367,0.0266726473,0.0136385225,-0.000746493667,0.00729535652,-0.0113092157,0.00362370471
0.339,-0.0011867739,-0.0264156815,0.0262586548,0.0134441906,-0.000742318361,0.0072947256,-0.0111193912,0.00355051929
0.34,-0.00118257069,-0.0260843383,0.025852744,0.0132531088,-0.000738142741,0.00729317542,-0.010933202,0.00347889641
0.341,-0.00117832027,-0.025758534,0.0254553621,0.0130655364,-0.000733983963,0.00729091373,-0.0107508294,0.00340888712
0.342,-0.00117403095,-0.0254383162,0.02506647,0.0128814866,-0.000729846138,0.00728801862,-0.0105722544,0.00334047522
0.343,-0.00116970363,-0.025123568,0.024685865,0.012700888,-0.000725729361,0.00728452057,-0.0103973882,0.00327362226
0.344,-0.00116533926,-0.0248141745,0.0243133494,0.0125236702,-0.000721633914,0.00728044802,-0.0102261417,0.00320829094
0.345,-0.00116093862,-0.0245100234,0.0239487317,0.012349764,-0.000717559952,0.00727582794,-0.0100584273,0.00314444522
0.346,-0.00115650152,-0.0242109898,0.0235918117,0.0121790939,-0.000713506804,0.00727068137,-0.00989415337,0.0030820486
0.347,-0.00115201642,-0.0239167162,0.0232421662,0.0120114674,-0.000709466502,0.0072649567,-0.00973313541,0.0030210363
0.348,-0.00114746388,-0.0236266874,0.0228992242,0.0118466127,-0.000705426508,0.00725854912,-0.009575127,0.00296132484
0.349,-0.00114283592,-0.0233406309,0.022562655,0.0116843811,-0.000701381774,0.00725142284,-0.00941998334,0.00290286223
0.35,-0.00113813377,-0.0230584641,0.0222323116,0.01152472,-0.000697332811,0.00724359848,-0.00926763882,0.00284562077
0.351,-0.00113335914,-0.0227801122,0.0219080547,0.0113675818,-0.000693280175,0.00723509827,-0.00911803251,0.00278957389
0.352,-0.00112851393,-0.0225055036,0.0215897478,0.0112129214,-0.00068922439,0.00722594442,-0.00897110545,0.00273469563
0.353,-0.00112359998,-0.0222345641,0.0212772523,0.0110606933,-0.00068516578,0.00721615752,-0.0088267992,0.00268095986
0.354,-0.00111861183,-0.0219670757,0.0209702919,0.0109107815,-0.000681100234,0.00720571024,-0.00868499996,0.00262832317
0.355,-0.001113536,-0.0217026656,0.0206684461,0.0107629931,-0.000677019076,0.00719452084,-0.008545534,0.0025767243
0.356,-0.00110836623,-0.0214411066,0.0203714388,0.0106172077,-0.000672918054,0.0071825507,-0.00840828654,0.00252612085
0.357,-0.00110310475,-0.0211823409,0.0200791598,0.0104733884,-0.000668797677,0.00716981472,-0.00827321137,0.0024764917
0.358,-0.00109775398,-0.0209263203,0.019791511,0.0103315027,-0.000664658369,0.00715632965,-0.00814026708,0.00242781766
0.359,-0.00109231609,-0.0206729971,0.0195083977,0.0101915176,-0.000660500465,0.00714211126,-0.00800941322,0.00238008021
0.36,-0.00108679311,-0.0204223295,0.0192297342,0.0100534025,-0.000656324561,0.0071271764,-0.00788061245,0.00233326172
0.361,-0.00108119493,-0.0201744326,0.0189555866,0.00991720332,-0.000652136161,0.00711159589,-0.00775388823,0.00228736274
0.362,-0.00107554019,-0.0199295915,0.0186861843,0.00978305,-0.000647945656,0.00709550077,-0.00762932749,0.00224240435
0.363,-0.00106983914,-0.0196879404,0.0184216145,0.00965099821,-0.000643758354,0.00707897089,-0.00750695824,0.00219839038
0.364,-0.00106409211,-0.0194494354,0.018161797,0.00952101611,-0.000639574129,0.0070620234,-0.00738674069,0.00215530388
0.365,-0.0010582989,-0.0192140243,0.0179066438,0.00939306773,-0.000635392866,0.00704467176,-0.00726863231,0.00211312671
0.366,-0.00105245936,-0.0189816564,0.0176560681,0.00926711793,-0.000631214614,0.00702692904,-0.00715259155,0.00207184096
0.367,-0.00104657388,-0.0187522911,0.017409993,0.0091431367,-0.000627039932,0.00700881125,-0.00703858076,0.00203142982
0.368,-0.00104065096,-0.0185260335,0.0171684763,0.00902116507,-0.000622874311,0.00699038833,-0.00692661645,0.00199189218
0.369,-0.00103470506,-0.0183030929,0.016931671,0.00890129538,-0.000618726514,0.00697177121,-0.00681675388,0.00195323789
0.37,-0.00102874287,-0.0180835331,0.0166995935,0.00878354936,-0.000614600232,0.00695301759,-0.00670899293,0.00191546092
0.371,-0.00102276478,-0.017867299,0.0164721485,0.00866789091,-0.00061049542,0.00693414047,-0.00660328865,0.00187854232
0.372,-0.00101677136,-0.0176543304,0.0162492319,0.00855428079,-0.000606412338,0.00691515207,-0.00649959602,0.00184246129
0.373,-0.00101076357,-0.017444567,0.0160307386,0.00844267994,-0.000602351255,0.00689606435,-0.00639787034,0.00180719723
0.374,-0.00100474036,-0.0172379086,0.0158165279,0.00833303086,-0.000598310701,0.00687687261,-0.00629805282,0.00177272625
0.375,-0.000998685338,-0.0170339907,0.0156062191,0.00822514876,-0.000594279901,0.00685746452,-0.00619998926,0.00173899807
0.376,-0.00099257863,-0.0168323927,0.015399384,0.00811882186,-0.00059024636,0.00683769987,-0.00610350655,0.00170595747
0.377,-0.000986416154,-0.0166329675,0.0151958486,0.00801397064,-0.000586207088,0.00681754462,-0.00600853296,0.00167357819
0.378,-0.000980200073,-0.0164356777,0.0149955406,0.0079105685,-0.00058216259,0.00679700766,-0.00591503775,0.00164184593
0.379,-0.000973932304,-0.016240487,0.0147983897,0.00780858937,-0.000578113238,0.00677609768,-0.00582299143,0.00161074697
0.38,-0.000967614424,-0.0160473601,0.0146043278,0.00770800742,-0.000574059359,0.00675482308,-0.00573236571,0.00158026789
0.381,-0.00096124661,-0.015856246,0.014413275,0.00760878937,-0.000570000495,0.00673318458,-0.00564312758,0.00155039413
0.382,-0.000954826611,-0.0156670599,0.0142251245,0.00751088614,-0.000565934619,0.00671116611,-0.00555523143,0.00152110893
0.383,-0.000948352906,-0.0154797323,0.0140397855,0.00741425617,-0.000561860144,0.00668875626,-0.00546863701,0.00149239772
0.384,-0.00094182624,-0.0152942321,0.013857203,0.00731887666,-0.000557776862,0.00666595959,-0.00538331898,0.00146424951
0.385,-0.000935247766,-0.0151105335,0.0136773266,0.00722472765,-0.00055368475,0.0066427828,-0.0052992548,0.0014366538
0.386,-0.000928618823,-0.0149286108,0.0135001065,0.00713178964,-0.000549583863,0.00661923267,-0.00521642255,0.00140960017
0.387,-0.000921942115,-0.0147484585,0.0133255113,0.00704005275,-0.000545475237,0.00659532475,-0.00513480731,0.00138307983
0.388,-0.00091523273,-0.0145702687,0.0131536883,0.00694960183,-0.000541367391,0.00657116398,-0.00505446289,0.00135710226
0.389,-0.000908511342,-0.0143943233,0.0129848645,0.00686056467,-0.000537271996,0.00654689877,-0.00497547361,0.00133168517
0.39,-0.000901785805,-0.0142207023,0.0128190849,0.00677297286,-0.000533193132,0.00652258916,-0.00489785331,0.0013068274
0.391,-0.00089505643,-0.0140493705,0.0126562912,0.00668680267,-0.000529130741,0.00649824278,-0.00482157549,0.00128251702
0.392,-0.00088832327,-0.0138802923,0.0124964265,0.00660203011,-0.000525084841,0.00647386617,-0.00474661335,0.00125874236
0.393,-0.000881586216,-0.0137134329,0.0123394361,0.0065186315,-0.000521055433,0.00644946535,-0.00467294048,0.00123549217
0.394,-0.000874844202,-0.0135487449,0.0121852542,0.00643657703,-0.00051704195,0.00642503955,-0.00460052629,0.00121275448
0.395,-0.000868094732,-0.0133861598,0.0120337968,0.00635582677,-0.000513042961,0.00640057714,-0.00452933352,0.00119051563
0.396,-0.000861336163,-0.0132256216,0.0118849916,0.00627634705,-0.000509057534,0.00637607187,-0.00445933016,0.00116876302
0.397,-0.00085456851,-0.0130670977,0.0117387876,0.00619811557,-0.000505085625,0.00635152804,-0.00439049225,0.00114748633
0.398,-0.000847792114,-0.0129105582,0.0115951361,0.00612111165,-0.000501127214,0.00632695091,-0.00432279694,0.00112667568
0.399,-0.000841007514,-0.0127559737,0.0114539893,0.00604531528,-0.000497182171,0.00630234568,-0.00425622178,0.00110632136
0.4,-0.000834213276,-0.0126032811,0.0113152691,0.00597069096,-0.00049324889,0.00627770067,-0.00419073347,0.00108641101
0.401,-0.000827399437,-0.0124522834,0.0111787763,0.00589713982,-0.00048932064,0.00625293685,-0.00412625475,0.00106692074
0.402,-0.000820556567,-0.0123027875,0.0110443141,0.0058245643,-0.00048539124,0.00622797575,-0.00406271093,0.00104782668
0.403,-0.000813684435,-0.0121547375,0.0109118084,0.00575293153,-0.000481459886,0.00620280624,-0.00400007328,0.001029117
0.404,-0.000806785017,-0.0120081117,0.0107812165,0.00568222487,-0.000477526899,0.00617743383,-0.00393832455,0.00101078324
0.405,-0.000799860138,-0.011862889,0.0106524964,0.00561242793,-0.000473592506,0.00615186383,-0.00387744775,0.000992817192
0.406,-0.000792911706,-0.0117190527,0.0105256112,0.0055435264,-0.000469657076,0.0061261035,-0.00381742759,0.000975211186
0.407,-0.000785943424,-0.0115766161,0.0104005513,0.00547551989,-0.000465722069,0.00610017523,-0.00375825869,0.000957960063
0.408,-0.000778959528,-0.0114356005,0.010277315,0.00540841207,-0.000461789194,0.00607410572,-0.00369993795,0.000941059855
0.409,-0.000771962251,-0.0112959983,0.0101558751,0.00534219301,-0.000457858988,0.0060479064,-0.00364245312,0.000924504212
0.41,-0.000764952905,-0.0111577889,0.0100361936,0.00527684705,-0.00045393154,0.00602158197,-0.00358578885,0.000908285608
0.411,-0.000757932744,-0.0110209532,0.00991823533,0.00521235942,-0.000450006933,0.00599513689,-0.00352993068,0.000892396788
0.412,-0.000750903612,-0.0108854831,0.0098019785,0.00514872141,-0.000446085579,0.00596857982,-0.00347486685,0.000876832227
0.413,-0.000743874005,-0.0107514703,0.00968749223,0.00508597168,-0.000442171998,0.0059419737,-0.00342061738,0.000861594498
0.414,-0.000736855447,-0.0106190533,0.0095748884,0.00502417148,-0.000438272619,0.00591540945,-0.00336721802,0.000846689774
0.415,-0.000729852302,-0.0104882705,0.00946418856,0.00496333459,-0.00043438975,0.00588892403,-0.00331467264,0.000832116192
0.416,-0.000722864622,-0.0103591003,0.00935536099,0.00490344643,-0.000430523358,0.00586252126,-0.00326296582,0.000817867212
0.417,-0.000715892281,-0.010231521,0.00924837417,0.00484449215,-0.000426673444,0.00583620424,-0.00321208194,0.000803936366
0.418,-0.000708934742,-0.0101055069,0.00914319337,0.00478645499,-0.000422839754,0.00580997332,-0.00316200411,0.000790317112
0.419,-0.000701987912,-0.00998098218,0.00903973865,0.00472929429,-0.000419019818,0.00578379911,-0.00311269968,0.000776999291
0.42,-0.000695045993,-0.00985784531,0.00893790675,0.00467295721,-0.000415210085,0.0057576362,-0.00306412833,0.000763970722
0.421,-0.000688107102,-0.00973604631,0.00883764041,0.00461741532,-0.000411409246,0.00573146841,-0.0030162663,0.000751223171
0.422,-0.000681171932,-0.00961556688,0.00873890958,0.00456265513,-0.000407617405,0.00570529881,-0.00296910048,0.000738750569
0.423,-0.000674241464,-0.0094963889,0.00864168386,0.00450866349,-0.000403834652,0.00567913097,-0.00292261811,0.000726546903
0.424,-0.000667316626,-0.00937849116,0.00854593007,0.00445542608,-0.000400060879,0.00565296662,-0.00287680569,0.000714606003
0.425,-0.00066039637,-0.00926182364,0.00845158911,0.00440291513,-0.00039629472,0.00562678988,-0.00283164132,0.000702919449
0.426,-0.000653478877,-0.00914632538,0.00835859233,0.00435109761,-0.000392534358,0.00560057703,-0.00278709936,0.000691478345
0.427,-0.000646564378,-0.00903196579,0.00826689915,0.00429995486,-0.000388779245,0.00557432176,-0.00274316352,0.000680276319
0.428,-0.000639654071,-0.00891873046,0.00817648407,0.00424947582,-0.000385029474,0.00554802717,-0.00269982284,0.000669308304
0.429,-0.000632749012,-0.00880660549,0.00808732233,0.00419964962,-0.000381285159,0.00552169631,-0.00265706672,0.00065856939
0.43,-0.000625850454,-0.00869558212,0.0079993942,0.00415046774,-0.000377546641,0.00549533508,-0.00261488622,0.000648055105
0.431,-0.000618961422,-0.00858567838,0.00791270492,0.00410193443,-0.00037381537,0.00546896609,-0.00257328053,0.000637763051
0.432,-0.000612085194,-0.0084769162,0.0078272638,0.00405405596,-0.000370092885,0.00544261452,-0.00253224966,0.000627691433
0.433,-0.00060522315,-0.00836929074,0.00774305586,0.00400682604,-0.000366379538,0.00541628875,-0.0024917857,0.000617836469
0.434,-0.000598376087,-0.00826278797,0.00766005792,0.0039602342,-0.000362675295,0.0053899913,-0.00245187828,0.000608193635
0.435,-0.00059154493,-0.00815739396,0.00757824719,0.00391427019,-0.000358980139,0.00536372469,-0.00241251726,0.000598758451
0.436,-0.000584731053,-0.00805309938,0.00749760537,0.00386892613,-0.000355294278,0.00533749443,-0.00237369386,0.000589526885
0.437,-0.000577936812,-0.00794990776,0.00741812634,0.0038242005,-0.000351618531,0.0053113147,-0.00233540328,0.000580495894
0.438,-0.000571164281,-0.00784782012,0.00733980189,0.00378009073,-0.000347953618,0.00528519852,-0.00229764084,0.000571662026
0.439,-0.000564414465,-0.00774682448,0.00726261192,0.00373658791,-0.000344299701,0.0052591501,-0.00226039796,0.000563021101
0.44,-0.000557688059,-0.00764690692,0.00718653488,0.00369368216,-0.000340656869,0.00523317181,-0.00222366546,0.000554568948
0.441,-0.000550985597,-0.00754805438,0.00711155074,0.00365136394,-0.000337025214,0.00520726587,-0.00218743436,0.000546301607
0.442,-0.000544307987,-0.00745026214,0.0070376482,0.00360962783,-0.0003334051,0.00518143911,-0.00215169776,0.000538216062
0.443,-0.000537656661,-0.00735353471,0.0069648253,0.00356847293,-0.000329797239,0.00515570433,-0.00211645142,0.00053031012
0.444,-0.000531032525,-0.00725786972,0.00689307377,0.00352789514,-0.000326202029,0.0051300696,-0.00208168933,0.00052258113
0.445,-0.000524435883,-0.00716325561,0.00682237685,0.00348788603,-0.000322619489,0.0051045366,-0.00204740306,0.000515025768
0.446,-0.00051786709,-0.00706968032,0.00675271734,0.00344843707,-0.000319049635,0.00507910665,-0.00201358424,0.000507640679
0.447,-0.00051132649,-0.00697713062,0.00668407706,0.0034095393,-0.000315492436,0.00505378032,-0.00198022459,0.000500422401
0.448,-0.000504813785,-0.00688558393,0.00661642903,0.00337117937,-0.000311947423,0.00502855129,-0.00194731352,0.000493366686
0.449,-0.00049832852,-0.00679501496,0.00654974383,0.00333334256,-0.000308413992,0.00500341055,-0.00191483906,0.000486469415
0.45,-0.000491870957,-0.00670540852,0.00648400175,0.00329601907,-0.000304891951,0.00497835596,-0.00188279187,0.00047972731
0.451,-0.000485441653,-0.00661675378,0.00641918688,0.00325920118,-0.00030138132,0.00495338879,-0.00185116414,0.000473137334
0.452,-0.000479041134,-0.00652903926,0.00635528182,0.00322288071,-0.000297882157,0.00492851061,-0.00181994852,0.000466696148
0.453,-0.000472668889,-0.00644223918,0.00629225487,0.00318704235,-0.000294393849,0.00490371222,-0.00178913376,0.000460399468
0.454,-0.000466322394,-0.00635629985,0.00623004685,0.00315165689,-0.000290914471,0.0048789624,-0.00175870082,0.000454241103
0.455,-0.000460000089,-0.00627117959,0.00616861013,0.00311670093,-0.00028744265,0.00485423798,-0.00172863414,0.000448215688
0.456,-0.000453702639,-0.00618686599,0.00610792572,0.00308216561,-0.000283978313,0.00482953771,-0.00169892651,0.000442319983
0.457,-0.000447431033,-0.00610335027,0.00604797834,0.003048044,-0.000280521515,0.00480486296,-0.00166957186,0.000436551081
0.458,-0.000441186508,-0.00602062624,0.0059887555,0.00301433057,-0.000277072444,0.00478021708,-0.00164056488,0.000430906322
0.459,-0.000434971992,-0.00593871052,0.00593026758,0.00298103131,-0.000273632387,0.00475562164,-0.00161190642,0.000425384795
0.46,-0.000428790911,-0.0058576284,0.00587253417,0.00294815682,-0.000270203032,0.00473110597,-0.00158360043,0.000419986042
0.461,-0.000422644818,-0.00577738219,0.00581555261,0.00291570633,-0.000266784981,0.0047066811,-0.00155564477,0.000414708074
0.462,-0.000416534269,-0.00569796297,0.0057593099,0.00288367349,-0.000263378279,0.00468234789,-0.00152803351,0.000409548499
0.463,-0.000410459737,-0.0056193627,0.00570379446,0.00285205232,-0.000259983038,0.00465810725,-0.00150076089,0.000404505047
0.464,-0.000404423589,-0.00554160125,0.00564902334,0.00282085101,-0.000256600707,0.00463398304,-0.0014738287,0.000399577382
0.465,-0.000398431173,-0.00546474123,0.00559505779,0.00279009978,-0.000253234672,0.00461003564,-0.00144724997,0.000394768433
0.466,-0.000392485887,-0.00538881977,0.00554193406,0.00275981633,-0.000249887067,0.00458630551,-0.0014210305,0.000390079594
0.467,-0.000386587871,-0.00531382946,0.00548964339,0.00272999591,-0.000246557986,0.00456279625,-0.0013951644,0.000385508972
0.468,-0.000380737023,-0.00523975896,0.00543817313,0.00270063184,-0.000243247378,0.00453950825,-0.00136964492,0.000381054327
0.469,-0.000374932668,-0.00516658847,0.00538750195,0.00267171317,-0.000239954769,0.00451643454,-0.00134446348,0.00037671281
0.47,-0.000369171456,-0.00509426032,0.00533756893,0.00264320937,-0.00023667792,0.00449353448,-0.00131960193,0.000372478749
0.471,-0.000363450103,-0.00502271614,0.00528831166,0.00261508912,-0.000233414615,0.00447076507,-0.00129504158,0.000368346552
0.472,-0.00035776816,-0.00495193673,0.00523970811,0.00258734117,-0.00023016447,0.004448117,-0.00127077426,0.000364313384
0.473,-0.00035212589,-0.00488191384,0.00519174754,0.00255995997,-0.00022692755,0.0044255904,-0.00124679491,0.000360377244
0.474,-0.000346523112,-0.00481263439,0.00514441389,0.00253293746,-0.000223703594,0.00440318073,-0.00122309726,0.000356535939
0.475,-0.000340955418,-0.00474402651,0.00509762782,0.00250623444,-0.000220489569,0.00438082875,-0.00119966015,0.000352783072
0.476,-0.000335416301,-0.00467598725,0.00505127519,0.00247979463,-0.000217281082,0.00435844401,-0.00117645521,0.000349109588
0.477,-0.000329903794,-0.00460847433,0.00500530578,0.00245359325,-0.000214076624,0.00433598984,-0.00115346995,0.000345510723
0.478,-0.00032441883,-0.00454148458,0.00495971118,0.00242762614,-0.000210876446,0.00431346525,-0.00113070189,0.000341984749
0.479,-0.000318962596,-0.00447501735,0.00491448588,0.00240189053,-0.00020768093,0.00429087159,-0.00110814907,0.000338530128
0.48,-0.000313540808,-0.00440913534,0.00486969432,0.00237641788,-0.000204493478,0.00426827155,-0.00108582485,0.000335150087
0.481,-0.000308164225,-0.00434397486,0.00482548392,0.0023512802,-0.000201320828,0.00424580238,-0.00106376056,0.000331853654
0.482,-0.000302838891,-0.00427960943,0.00478193498,0.00232651685,-0.000198166705,0.00422354509,-0.00104197214,0.000328645289
0.483,-0.000297565138,-0.00421603325,0.00473904073,0.00230212463,-0.00019503123,0.00420150474,-0.0010204556,0.000325523468
0.484,-0.000292342981,-0.00415323587,0.00469678953,0.00227809777,-0.000191914406,0.00417968168,-0.00099920562,0.000322486248
0.485,-0.000287173315,-0.00409121987,0.00465518486,0.00225443768,-0.000188816844,0.0041580893,-0.000978220074,0.000319532644
0.486,-0.000282058756,-0.00403001336,0.00461425983,0.00223116009,-0.000185740269,0.0041367673,-0.000957502785,0.000316663824
0.487,-0.000277001094,-0.00396963362,0.00457403611,0.0022082752,-0.000182685851,0.0041157453,-0.000937054397,0.000313880485
0.488,-0.000272000256,-0.00391007166,0.00453450574,0.00218577902,-0.000179653579,0.00409502652,-0.000916869476,0.000311181204
0.489,-0.00026705595,-0.00385131542,0.00449565721,0.002163666,-0.00017664333,0.00407461102,-0.000896942233,0.000308564295
0.49,-0.000262165633,-0.00379332082,0.0044574413,0.00214191265,-0.000173653487,0.00405446451,-0.000877260036,0.000306025581
0.491,-0.000257320424,-0.00373595146,0.00441969924,0.00212044264,-0.0001706783,0.00403445098,-0.000857789227,0.000303553279
0.492,-0.000252512955,-0.00367909118,0.00438229363,0.00209918944,-0.000167713034,0.0040144496,-0.000838500649,0.000301137127
0.493,-0.000247742375,-0.00362272063,0.00434520051,0.00207814027,-0.000164757218,0.00399444047,-0.000819387818,0.000298774714
0.494,-0.000243008681,-0.00356683799,0.00430841685,0.00205729192,-0.000161810944,0.0039744221,-0.000800448519,0.000296465254
0.495,-0.000238311266,-0.00351143655,0.00427193394,0.00203663799,-0.000158873878,0.00395438718,-0.000781679382,0.00029420775
0.496,-0.000233648317,-0.00345649178,0.00423572133,0.00201616143,-0.000155944701,0.00393430795,-0.000763073257,0.000291999831
0.497,-0.000229018322,-0.00340198084,0.0041997495,0.0019958462,-0.000153022259,0.00391415775,-0.000744624198,0.00028983883
0.498,-0.00022442139,-0.00334789916,0.00416400986,0.00197568734,-0.000150106519,0.00389393032,-0.000726330434,0.000287723423
0.499,-0.000219858459,-0.00329424628,0.00412849796,0.00195568307,-0.000147197895,0.00387362428,-0.000708191131,0.00028565251
0.5,-0.000215333033,-0.00324105276,0.00409324771,0.0019358508,-0.000144298557,0.00385327537,-0.000690211846,0.000283627401
0.501,-0.000210856711,-0.0031884704,0.00405844719,0.00191628189,-0.00014141633,0.00383306718,-0.000672423449,0.000281660038
0.502,-0.000206440183,-0.00313664377,0.00402428044,0.00189706575,-0.00013855846,0.0038131836,-0.000654854789,0.00027976246
0.503,-0.000202085378,-0.00308559094,0.00399077472,0.00187821671,-0.00013572623,0.00379366161,-0.000637507362,0.000277936084
0.504,-0.000197791863,-0.00303529909,0.00395791952,0.00185973,-0.000132919446,0.00377450125,-0.000620375631,0.000276179618
0.505,-0.000193558577,-0.00298575081,0.00392569948,0.00184159739,-0.000130137534,0.00375569646,-0.000603453037,0.00027449142
0.506,-0.000189383154,-0.00293691172,0.0038940776,0.00182379952,-0.000127378974,0.00373721893,-0.000586729695,0.000272868374
0.507,-0.000185263281,-0.00288874917,0.0038630185,0.00180631754,-0.000124642364,0.00371904083,-0.000570195653,0.000271307625
0.508,-0.000181197768,-0.00284124872,0.00383250995,0.00178914384,-0.000121927253,0.00370115627,-0.000553844646,0.000269807827
0.509,-0.000177185661,-0.00279440023,0.00380254462,0.00177227378,-0.000119233393,0.0036835645,-0.000537671609,0.000268368043
0.51,-0.000173223361,-0.00274815153,0.00377305682,0.00175567609,-0.000116558648,0.00366620842,-0.000521663978,0.000266983459
0.511,-0.000169299885,-0.00270232802,0.00374380918,0.00173924005,-0.000113895813,0.00364886256,-0.000505786788,0.000265636936
0.512,-0.000165406547,-0.0026567814,0.00371459348,0.00172286874,-0.000111239117,0.00363132603,-0.000490011454,0.000264312804
0.513,-0.000161543017,-0.00261149144,0.00368537512,0.00170654597,-0.000108588198,0.00361356533,-0.000474334535,0.000263007617
0.514,-0.000157710454,-0.00256646128,0.00365615168,0.00169027057,-0.000105943581,0.00359557828,-0.000458757359,0.000261720373
0.515,-0.000153911981,-0.0025217263,0.00362696717,0.00167406284,-0.00010330719,0.00357740869,-0.000443286767,0.000260453387
0.516,-0.000150154509,-0.0024773878,0.00359796295,0.00165798791,-0.000100683597,0.00355919753,-0.000427940767,0.000259216098
0.517,-0.000146442831,-0.00243351934,0.003569245,0.00164209449,-9.8076031e-05,0.00354105272,-0.000412732013,0.000258015652
0.518,-0.000142777369,-0.00239012508,0.00354082076,0.00162638568,-9.54848743e-05,0.00352298528,-0.000397660417,0.000256852209
0.519,-0.000139158117,-0.00234720193,0.00351268758,0.00161085959,-9.29103569e-05,0.0035049956,-0.000382724169,0.000255725021
0.52,-0.000135588099,-0.00230479908,0.00348492193,0.00159555044,-9.03548163e-05,0.00348716272,-0.000367929559,0.000254638963
0.521,-0.000132073891,-0.00226303137,0.00345770356,0.00158053966,-8.78229365e-05,0.00346967019,-0.000353292261,0.000253606865
0.522,-0.00012861865,-0.0022219619,0.00343113974,0.00156587542,-8.53171356e-05,0.00345263089,-0.000338818198,0.000252636835
0.523,-0.000125221328,-0.00218158269,0.00340523177,0.0015515574,-8.28371054e-05,0.00343605204,-0.000324501606,0.000251729176
0.524,-0.000121880466,-0.00214187696,0.00337996755,0.00153757926,-8.0382253e-05,0.00341992742,-0.000310335587,0.000250883146
0.525,-0.000118591495,-0.0021027706,0.00335524356,0.00152389313,-7.79498568e-05,0.00340415789,-0.000296305574,0.000250091168
0.526,-0.000115348107,-0.00206415235,0.0033308924,0.00151042214,-7.55360356e-05,0.00338857764,-0.000282392575,0.000249340577
0.527,-0.000112147619,-0.00202597104,0.00330683757,0.00149713079,-7.3139282e-05,0.00337311127,-0.000268586998,0.000248625241
0.528,-0.000108989747,-0.00198822089,0.00328307385,0.00148401602,-7.07596207e-05,0.00335775532,-0.000254886042,0.000247944461
0.529,-0.000105873257,-0.00195088363,0.00325957451,0.00147106524,-6.83964126e-05,0.00334248443,-0.000241285616,0.000247296255
0.53,-0.000102792374,-0.00191385599,0.00323616795,0.00145820052,-6.60460241e-05,0.00332712397,-0.000227771828,0.000246667642
0.531,-9.97410923e-05,-0.00187702081,0.0032126511,0.00144532991,-6.37046779e-05,0.00331146467,-0.000214331344,0.000246042409
0.532,-9.67186353e-05,-0.00184035022,0.00318896608,0.00143242708,-6.1371903e-05,0.00329544527,-0.000200963261,0.000245414959
0.533,-9.37261956e-05,-0.00180384994,0.00316511119,0.0014194911,-5.9048415e-05,0.0032790624,-0.000187671051,0.000244784005
0.534,-9.07675193e-05,-0.00176757328,0.00314116947,0.00140655904,-5.67366333e-05,0.00326240078,-0.000174462599,0.000244154661
0.535,-8.78520402e-05,-0.00173169259,0.00311744217,0.00139376575,-5.44426307e-05,0.00324577384,-0.000161355851,0.000243549436
0.536,-8.49864458e-05,-0.00169634344,0.00309417863,0.00138122261,-5.21707209e-05,0.00322944471,-0.00014836217,0.000242987837
0.537,-8.21706663e-05,-0.00166153533,0.00307140852,0.00136894253,-4.99210796e-05,0.00321344921,-0.000135479074,0.000242472523
0.538,-7.9403763e-05,-0.00162725889,0.00304912836,0.00135692326,-4.76934199e-05,0.00319778793,-0.000122701699,0.000242003248
0.539,-7.66856274e-05,-0.00159352113,0.00302736599,0.00134517633,-4.54879224e-05,0.00318249369,-0.000110026168,0.000241582137
0.54,-7.40167699e-05,-0.00156034403,0.00300617985,0.00133372678,-4.33050847e-05,0.00316763166,-9.74488878e-05,0.000241214026
0.541,-7.13967611e-05,-0.00152773268,0.00298559878,0.00132258655,-4.11448461e-05,0.0031532365,-8.49642288e-05,0.000240901664
0.542,-6.88242931e-05,-0.00149567506,0.00296561961,0.0013117535,-3.90066677e-05,0.00313930948,-7.25653782e-05,0.000240645264
0.543,-6.62971622e-05,-0.00146414087,0.00294620238,0.0013012094,-3.68894506e-05,0.0031258132,-6.02452026e-05,0.000240442272
0.544,-6.38087617e-05,-0.00143299646,0.0029270942,0.00129084206,-3.47896066e-05,0.0031124833,-4.79939113e-05,0.00024027253
0.545,-6.1352685e-05,-0.00140209445,0.00290799925,0.00128052051,-3.27038217e-05,0.00309900631,-3.58048509e-05,0.000240111262
0.546,-5.89278695e-05,-0.0013713976,0.00288883563,0.00127020825,-3.06317456e-05,0.0030852939,-2.36779862e-05,0.000239950677
0.547,-5.65348635e-05,-0.00134090858,0.00286960134,0.00125990414,-2.85738301e-05,0.00307134267,-1.16153229e-05,0.000239789776
0.548,-5.41740417e-05,-0.00131063065,0.00285029509,0.00124960744,-2.65304503e-05,0.00305715032,3.81033989e-07,0.000239627796
0.549,-5.18457238e-05,-0.00128056789,0.00283091731,0.0012393182,-2.45019789e-05,0.00304271642,1.23088343e-05,0.000239464112
0.55,-4.95502159e-05,-0.00125072407,0.0028114678,0.00122903616,-2.24887802e-05,0.00302803983,2.41655095e-05,0.000239297928
0.551,-4.72879195e-05,-0.00122110214,0.002791945,0.00121876034,-2.04912553e-05,0.00301311757,3.59485477e-05,0.000239128279
0.552,-4.50598482e-05,-0.00119171503,0.0027723709,0.00120849988,-1.8510134e-05,0.00299797136,4.76563579e-05,0.000238955995
0.553,-4.28702498e-05,-0.00116266483,0.00275298042,0.00119835668,-1.65475006e-05,0.0029828537,5.92926498e-05,0.000238800392
0.554,-4.07236357e-05,-0.0011340842,0.0027340985,0.0011884717,-1.46051957e-05,0.00296811763,7.08673334e-05,0.00023868982
0.555,-3.86203014e-05,-0.00110600966,0.00271583777,0.00117889326,-1.26831659e-05,0.00295388841,8.23897041e-05,0.000238635105
0.556,-3.65587197e-05,-0.00107842841,0.00269819636,0.00116961975,-1.07807005e-05,0.00294016699,9.38676093e-05,0.000238637017
0.557,-3.45371329e-05,-0.00105131773,0.0026811472,0.00116063846,-8.89700032e-06,0.00292692614,0.000105308125,0.000238693959
0.558,-3.25533437e-05,-0.00102463611,0.0026646126,0.00115191473,-7.03116468e-06,0.00291408247,0.000116715822,0.000238799675
0.559,-3.06056832e-05,-0.000998351233,0.00264853337,0.00114342202,-5.18257024e-06,0.00290157201,0.000128095088,0.000238949308
0.56,-2.86931339e-05,-0.000972451405,0.00263290115,0.00113515601,-3.35080253e-06,0.0028893865,0.000139451887,0.000239142568
0.561,-2.68142478e-05,-0.000946917137,0.00261768517,0.00112710305,-1.53530178e-06,0.00287749396,0.000150790157,0.00023937751
0.562,-2.49653666e-05,-0.000921644095,0.0026026126,0.00111914537,2.64482908e-07,0.00286559628,0.00016209753,0.00023962976
0.563,-2.31431868e-05,-0.000896503327,0.00258731644,0.00111112492,2.04818148e-06,0.00285328876,0.000173350265,0.000239864727
0.564,-2.13476795e-05,-0.000871458694,0.00257167095,0.0011029875,3.81481581e-06,0.00284042987,0.00018453482,0.000240068951
0.565,-1.95800488e-05,-0.000846519383,0.00255567539,0.00109473264,5.56348464e-06,0.00282701552,0.000195644442,0.000240240479
0.566,-1.78421107e-05,-0.000821728845,0.00253943453,0.00108640512,7.29356666e-06,0.00281315867,0.000206681027,0.000240387329
0.567,-1.61361515e-05,-0.000797180537,0.00252322107,0.00107812159,9.00534234e-06,0.00279916002,0.000217662982,0.000240534186
0.568,-1.44628887e-05,-0.000772931887,0.00250721764,0.00106996003,1.06995179e-05,0.00278522264,0.000228605714,0.000240698363
0.569,-1.28217764e-05,-0.000748983562,0.00249143708,0.00106192568,1.23763346e-05,0.00277136158,0.00023951221,0.000240881133
0.57,-1.12126018e-05,-0.000725339588,0.00247590571,0.00105402935,1.40359419e-05,0.00275760613,0.000250387575,0.000241084664
0.571,-9.63569075e-06,-0.000702045193,0.00246079738,0.00104634453,1.56794388e-05,0.0027441498,0.000261253406,0.0002413257
0.572,-8.09072817e-06,-0.000679145549,0.00244630484,0.00103895263,1.73086163e-05,0.00273120818,0.000272137131,0.000241623889
0.573,-6.57634698e-06,-0.000656640228,0.00243247386,0.00103187252,1.89246601e-05,0.00271883353,0.000283053394,0.000241985072
0.574,-5.09089418e-06,-0.000634512924,0.00241929523,0.00102509967,2.05284252e-05,0.00270701654,0.000294011378,0.000242409779
0.575,-3.63256704e-06,-0.000612711546,0.00240661821,0.00101856953,2.21195386e-05,0.00269558891,0.000305002121,0.000242884273
0.576,-2.20014231e-06,-0.000591159532,0.00239417441,0.00101216776,2.36960206e-05,0.00268424871,0.00031599805,0.000243381909
0.577,-7.93338029e-07,-0.000569821547,0.0023818332,0.00100583849,2.52565614e-05,0.00267284682,0.000326984824,0.000243888918
0.578,5.88007092e-07,-0.00054869535,0.00236958908,0.000999578985,2.6801016e-05,0.00266137466,0.00033796278,0.000244404336
0.579,1.94423261e-06,-0.000527764947,0.00235737397,0.000993360283,2.83286126e-05,0.002649754,0.000348922421,0.000244921088
0.58,3.27521113e-06,-0.000506985352,0.00234497578,0.000987092824,2.98365617e-05,0.00263774431,0.000359830463,0.000245416602
0.581,4.58010625e-06,-0.000486328171,0.00233223051,0.000980707346,3.13220976e-05,0.00262515778,0.000370656381,0.00024587213
0.582,5.85791643e-06,-0.000465799119,0.00231911863,0.000974195255,3.27841015e-05,0.00261196854,0.000381389373,0.000246283503
0.583,7.10772956e-06,-0.000445418795,0.00230569427,0.000967578883,3.42224294e-05,0.00259823357,0.000392030768,0.000246654109
0.584,8.33003081e-06,-0.000425259994,0.00229230177,0.000961002432,3.56415157e-05,0.00258433779,0.000402634312,0.00024701898
0.585,9.52686782e-06,-0.00040539209,0.00227932567,0.000954626843,3.70474959e-05,0.0025707136,0.000413268823,0.000247419621
0.586,1.06999871e-05,-0.000385823262,0.00226686031,0.000948491324,3.84425857e-05,0.00255746699,0.000423957965,0.000247867381
0.587,1.18505702e-05,-0.000366543616,0.0022549065,0.000942595843,3.98274187e-05,0.00254459758,0.000434710106,0.000248363174
0.588,1.29797282e-05,-0.000347547203,0.00224349009,0.000936950736,4.12030285e-05,0.00253213225,0.00044553886,0.000248910449
0.589,1.40887073e-05,-0.000328829527,0.00223265222,0.000931572722,4.25708117e-05,0.00252011498,0.000456461874,0.000249514585
0.59,1.51787727e-05,-0.000310381422,0.00222240975,0.00092646848,4.39317953e-05,0.00250856243,0.000467492934,0.000250178546
0.591,1.62512863e-05,-0.000292190346,0.00221275768,0.000921635629,4.52866756e-05,0.0024974668,0.000478641425,0.000250903155
0.592,1.73063266e-05,-0.000274221765,0.0022035124,0.000916997294,4.66325117e-05,0.00248661864,0.000489876519,0.00025166901
0.593,1.83412553e-05,-0.000256419981,0.00219425948,0.000912380512,4.79608212e-05,0.00247554707,0.000501110029,0.000252428835
0.594,1.93535044e-05,-0.00023875996,0.00218474687,0.000907680018,4.9265599e-05,0.00246396355,0.000512281503,0.000253151861
0.595,2.03422065e-05,-0.000221248479,0.00217495776,0.000902888434,5.05457347e-05,0.00245184535,0.000523380296,0.000253833953
0.596,2.13070585e-05,-0.00020389647,0.00216491294,0.000898014144,5.18010355e-05,0.00243921311,0.00053440419,0.000254475667
0.597,2.2248495e-05,-0.000186718775,0.00215468452,0.000893086955,5.30325977e-05,0.00242614591,0.000545364201,0.00025508386
0.598,2.31670426e-05,-0.000169727094,0.00214433017,0.000888130556,5.42413694e-05,0.00241270646,0.00055626901,0.000255663944
0.599,2.40626355e-05,-0.00015292775,0.00213385625,0.000883147169,5.54270953e-05,0.00239889933,0.000567115144,0.000256215173
0.6,2.4935623e-05,-0.000136330664,0.00212332734,0.000878163067,5.65909516e-05,0.00238479382,0.000577915563,0.000256743399
0.601,2.57897772e-05,-0.000119958533,0.00211306818,0.00087331215,5.77413385e-05,0.00237075112,0.000588757777,0.00025728661
0.602,2.66299934e-05,-0.000103824162,0.00210340282,0.00086872794,5.88875436e-05,0.00235713109,0.00059973783,0.000257884825
0.603,2.74585233e-05,-8.79199141e-05,0.0020943958,0.000864436831,6.00321486e-05,0.00234400155,0.000610885006,0.000258547493
0.604,2.82764899e-05,-7.22338369e-05,0.00208603297,0.000860432769,6.11754391e-05,0.00233134112,0.000622207136,0.000259274288
0.605,2.90835436e-05,-5.67523791e-05,0.00207820922,0.000856672096,6.23148885e-05,0.00231902595,0.000633684017,0.000260053201
0.606,2.98786608e-05,-4.14649871e-05,0.0020707982,0.000853102422,6.34470298e-05,0.0023069085,0.000645286298,0.000260868873
0.607,3.06620293e-05,-2.6366266e-05,0.00206376446,0.00084970886,6.4571037e-05,0.00229494302,0.00065701027,0.00026171697
0.608,3.14343067e-05,-1.14521347e-05,0.00205707999,0.000846479392,6.56865354e-05,0.00228309256,0.000668853337,0.000262594365
0.609,3.21919971e-05,3.27992728e-06,0.0020504529,0.000843293223,6.67847575e-05,0.00227102792,0.000680724001,0.000263463872
0.61,3.29285717e-05,1.78223971e-05,0.00204347372,0.000839981314,6.78522677e-05,0.00225829154,0.000692482227,0.000264271019
0.611,3.3640611e-05,3.21597697e-05,0.00203599454,0.000836482281,6.88832957e-05,0.00224471806,0.000704066027,0.00026499328
0.612,3.43270077e-05,4.62760545e-05,0.00202802853,0.000832801133,6.98770237e-05,0.00223032222,0.000715465049,0.000265628846
0.613,3.49905732e-05,6.01624598e-05,0.00201980676,0.000829032793,7.0839964e-05,0.00221535973,0.000726747293,0.000266205169
0.614,3.56374924e-05,7.38220826e-05,0.00201169897,0.000825329143,7.17840409e-05,0.0022002372,0.000738038007,0.000266769822
0.615,3.62710178e-05,8.72590755e-05,0.00200386166,0.000821754377,7.27144671e-05,0.00218512469,0.000749393513,0.000267343685
0.616,3.68917143e-05,0.000100474071,0.0019963027,0.000818311687,7.36314564e-05,0.00217002771,0.00076081889,0.00026792764
0.617,3.75019016e-05,0.000113473181,0.00198913053,0.00081504538,7.45391565e-05,0.00215505947,0.000772359275,0.000268535596
0.618,3.8105883e-05,0.000126270533,0.00198253637,0.000812033541,7.54452544e-05,0.00214042107,0.000784096153,0.000269193307
0.619,3.87065716e-05,0.000138878121,0.00197661113,0.000809313213,7.63539219e-05,0.00212620328,0.000796076426,0.000269913881
0.62,3.93051946e-05,0.000151302521,0.001971349,0.000806881983,7.72655898e-05,0.00211239204,0.000808309937,0.00027069771
0.621,3.98992646e-05,0.000163534878,0.00196656778,0.000804665216,7.81735874e-05,0.00209878473,0.000820732287,0.000271520797
0.622,4.04822635e-05,0.000175546755,0.00196192693,0.000802523688,7.90643794e-05,0.00208501291,0.000833206141,0.00027233594
0.623,4.10502857e-05,0.00018731653,0.00195725195,0.000800386246,7.99304626e-05,0.00207088976,0.00084565538,0.000273117489
0.624,4.16028178e-05,0.000198834709,0.00195252992,0.000798247628,8.07707886e-05,0.002056403,0.000858069038,0.000273862232
0.625,4.21379815e-05,0.000210083558,0.0019476729,0.000796071663,8.15812551e-05,0.00204146334,0.00087040162,0.000274556726
0.626,4.26519816e-05,0.000221034158,0.00194251538,0.00079379042,8.23543207e-05,0.00202590281,0.000882569249,0.000275175976
0.627,4.31422706e-05,0.000231662512,0.00193696913,0.000791367554,8.30854805e-05,0.00200963724,0.000894518365,0.000275705023
0.628,4.36080025e-05,0.000241953828,0.00193103644,0.000788803878,8.37740276e-05,0.00199267834,0.000906235195,0.000276141291
0.629,4.40533244e-05,0.000251922447,0.00192493881,0.000786190187,8.44288346e-05,0.00197526395,0.00091781095,0.000276513841
0.63,4.44877889e-05,0.000261615893,0.00191909814,0.000783699274,8.50680795e-05,0.00195783327,0.000929441089,0.000276882318
0.631,4.49170564e-05,0.000271062488,0.00191372961,0.000781419489,8.57014282e-05,0.00194060737,0.000941232728,0.000277278503
0.632,4.53419117e-05,0.000280264663,0.00190883872,0.00077935389,8.63292972e-05,0.00192359104,0.000953195551,0.000277704218
0.633,4.57628078e-05,0.000289224572,0.00190442846,0.00077750472,8.69519091e-05,0.00190678627,0.000965338636,0.000278160646
0.634,4.61802475e-05,0.000297945237,0.00190050671,0.000775876315,8.7569717e-05,0.00189020009,0.000977673933,0.000278649706
0.635,4.65946389e-05,0.000306428843,0.00189707485,0.000774470583,8.81828831e-05,0.00187383345,0.000990210358,0.00027917263
0.636,4.70060654e-05,0.000314673934,0.00189411221,0.000773280424,8.87906177e-05,0.00185766638,0.001002945,0.000279727827
0.637,4.74087126e-05,0.000322638254,0.00189136305,0.0007722026,8.93811155e-05,0.00184145078,0.00101574755,0.000280278801
0.638,4.77918582e-05,0.000330245804,0.00188840847,0.000771067465,8.99344622e-05,0.00182478781,0.00102839058,0.000280763282
0.639,4.81498179e-05,0.000337454263,0.00188505842,0.000769798847,9.0441198e-05,0.0018075105,0.0010407598,0.000281151489
0.64,4.84816067e-05,0.000344252913,0.00188130779,0.000768395859,9.09006572e-05,0.00178963481,0.00105283825,0.000281441131
0.641,4.87886689e-05,0.000350647942,0.00187723458,0.000766891564,9.13162598e-05,0.0017712572,0.00106465595,0.00028164298
0.642,4.90738348e-05,0.000356655879,0.00187295753,0.000765335724,9.16935539e-05,0.00175251133,0.00107626885,0.000281774633
0.643,4.93379894e-05,0.000362280873,0.00186851676,0.00076374623,9.2034409e-05,0.00173345499,0.00108769114,0.00028184227
0.644,4.95811792e-05,0.000367523902,0.00186392877,0.000762131989,9.2339579e-05,0.00171412336,0.00109892505,0.000281848369
0.645,4.9808382e-05,0.000372424436,0.0018593953,0.000760578199,9.26190687e-05,0.00169472041,0.0011100847,0.000281823708
0.646,5.00267045e-05,0.000377038025,0.00185517766,0.000759194534,9.28861182e-05,0.0016754981,0.00112132684,0.000281809272
0.647,5.02386594e-05,0.00038138635,0.00185135164,0.000758015016,9.31448695e-05,0.00165653438,0.00113270311,0.000281818833
0.648,5.04439425e-05,0.00038547111,0.00184788949,0.000757031603,9.33942548e-05,0.00163781291,0.00114420364,0.000281850571
0.649,5.06394814e-05,0.000389274099,0.00184466841,0.000756197457,9.36283691e-05,0.00161923455,0.00115575826,0.000281887885
0.65,5.08216586e-05,0.000392773942,0.00184155501,0.000755461571,9.38406785e-05,0.00160069479,0.00116728632,0.000281912075
0.651,5.09894301e-05,0.000395968897,0.00183850997,0.000754811457,9.40294105e-05,0.00158217454,0.00117876334,0.000281918806
0.652,5.11410338e-05,0.000398850322,0.00183546037,0.000754220383,9.41911619e-05,0.00156362751,0.00119014139,0.000281898873
0.653,5.12690583e-05,0.000401366006,0.00183213547,0.000753580087,9.43123852e-05,0.00154484264,0.0012012402,0.000281812264
0.654,5.13663095e-05,0.000403467443,0.00182828924,0.000752792389,9.43807045e-05,0.00152563807,0.00121188755,0.00028162166
0.655,5.14309935e-05,0.000405149559,0.00182387498,0.0007518408,9.43940089e-05,0.00150600455,0.0012220373,0.000281319823
0.656,5.14650437e-05,0.000406436926,0.00181897355,0.00075076132,9.43568123e-05,0.00148603852,0.00123172841,0.000280919411
0.657,5.14755297e-05,0.000407394011,0.00181383354,0.000749659225,9.42823717e-05,0.00146596922,0.00124111723,0.000280459844
0.658,5.14679882e-05,0.000408072386,0.00180863407,0.000748611279,9.41804249e-05,0.00144596146,0.00125031955,0.000279970764
0.659,5.14432427e-05,0.000408487625,0.0018033879,0.00074762607,9.40520632e-05,0.00142604154,0.00125934048,0.000279456275
0.66,5.14027123e-05,0.000408661834,0.00179813407,0.000746723588,9.38997264e-05,0.00140625487,0.00126820425,0.000278924341
0.661,5.13492892e-05,0.000408628857,0.00179296069,0.000745944267,9.37284277e-05,0.00138668249,0.00127697094,0.000278390611
0.662,5.12848604e-05,0.000408413666,0.00178791435,0.00074531121,9.35409961e-05,0.00136736983,0.00128567274,0.000277864566
0.663,5.12097067e-05,0.000408027714,0.00178298084,0.000744821954,9.33370515e-05,0.00134831408,0.00129429836,0.000277346456
0.664,5.11204128e-05,0.000407452963,0.00177801791,0.000744420138,9.31095003e-05,0.00132941624,0.0013027414,0.00027681638
0.665,5.10114216e-05,0.000406655406,0.00177281701,0.000744021141,9.28477594e-05,0.00131053191,0.00131084161,0.000276243353
0.666,5.08806866e-05,0.000405629524,0.00176729643,0.000743592684,9.25479037e-05,0.00129161529,0.00131852678,0.000275615541
0.667,5.0728418e-05,0.000404386739,0.00176144865,0.000743132695,9.22099483e-05,0.00127267597,0.00132577754,0.000274932604
0.668,5.05540376e-05,0.000402931304,0.00175523521,0.000742625325,9.1832315e-05,0.00125370074,0.00133255012,0.000274189344
0.669,5.03568737e-05,0.000401266646,0.00174861508,0.0007420531,9.14133028e-05,0.00123467479,0.00133879734,0.000273379937
0.67,5.01372206e-05,0.000399403906,0.00174158239,0.000741413038,9.09530523e-05,0.001215608,0.00134449782,0.000272503783
0.671,4.98971025e-05,0.000397367906,0.00173419222,0.000740727958,9.04548524e-05,0.00119655138,0.00134967744,0.000271569748
0.672,4.96419963e-05,0.000395209878,0.00172661546,0.0007400701,8.99279691e-05,0.00117763219,0.00135445442,0.000270605188
0.673,4.93766211e-05,0.000392973379,0.00171899019,0.000739497837,8.93798799e-05,0.00115894931,0.0013589254,0.000269632821
0.674,4.91023915e-05,0.000390675256,0.00171133946,0.000739020396,8.88120119e-05,0.00114051985,0.00136309881,0.00026865748
0.675,4.88201332e-05,0.000388327827,0.00170366919,0.000738639605,8.8224885e-05,0.00112234809,0.00136696988,0.000267681142
0.676,4.8530614e-05,0.000385942486,0.00169598494,0.000738356785,8.76189948e-05,0.00110443709,0.00137053339,0.000266705521
0.677,4.82346728e-05,0.000383530244,0.00168829452,0.000738173794,8.69949317e-05,0.00108679053,0.00137378577,0.000265732624
0.678,4.79329188e-05,0.000381099127,0.00168059616,0.000738087656,8.63527795e-05,0.00106940525,0.00137671534,0.000264763002
0.679,4.7623171e-05,0.000378634336,0.0016727916,0.000738052355,8.56876885e-05,0.00105221702,0.00137923049,0.000263781813
0.68,4.73021283e-05,0.000376112467,0.00166474912,0.000738006177,8.49931791e-05,0.00103514313,0.0013812096,0.000262768383
0.681,4.69692116e-05,0.000373531698,0.00165643615,0.000737930112,8.4267958e-05,0.00101816519,0.00138261112,0.000261717208
0.682,4.6625593e-05,0.000370903287,0.00164788084,0.000737831309,8.35138938e-05,0.00100130241,0.0013834442,0.000260632273
0.683,4.62735635e-05,0.00036824643,0.00163914891,0.000737733339,8.27347709e-05,0.00098459552,0.00138375084,0.000259523654
0.684,4.59152765e-05,0.000365578477,0.00163030035,0.00073765731,8.19340622e-05,0.000968079912,0.00138357032,0.000258400756
0.685,4.55517956e-05,0.000362907858,0.00162135881,0.000737608317,8.1113374e-05,0.000951767721,0.00138291295,0.000257267326
0.686,4.51847071e-05,0.000360247169,0.00161236995,0.000737601876,8.0275384e-05,0.000935683004,0.0013818094,0.000256130677
0.687,4.48164936e-05,0.000357615693,0.00160341228,0.000737668894,7.94243593e-05,0.000919867279,0.00138032046,0.000255003516
0.688,4.44488606e-05,0.000355025958,0.00159453619,0.000737827706,7.85631266e-05,0.000904344,0.00137848486,0.000253894267
0.689,4.40824283e-05,0.000352481658,0.00158575393,0.000738079178,7.76926356e-05,0.000889114012,0.00137631001,0.000252805387
0.69,4.37170626e-05,0.000349980429,0.00157705236,0.000738412265,7.68126373e-05,0.000874163839,0.00137378233,0.000251735223
0.691,4.33523674e-05,0.000347517705,0.00156841116,0.00073881244,7.59225877e-05,0.00085947641,0.0013708828,0.000250680809
0.692,4.29885258e-05,0.000345093376,0.00155983282,0.000739275874,7.50230816e-05,0.00084504756,0.00136761317,0.000249642813
0.693,4.26255805e-05,0.00034270594,0.00155131583,0.000739796936,7.4114535e-05,0.000830871046,0.00136397274,0.000248621309
0.694,4.22626116e-05,0.00034034618,0.00154282584,0.000740354484,7.31958252e-05,0.00081692342,0.00135993291,0.000247611087
0.695,4.18988848e-05,0.000338006627,0.00153433752,0.000740931616,7.2266343e-05,0.000803187025,0.00135547386,0.000246608271
0.696,4.15345526e-05,0.000335687053,0.00152585857,0.000741527233,7.1327123e-05,0.000789662132,0.001350606,0.000245614212
0.697,4.11703597e-05,0.000333392032,0.00151741805,0.000742150758,7.03802342e-05,0.000776360009,0.00134535991,0.000244633787
0.698,4.0807388e-05,0.000331128859,0.00150905688,0.000742817826,6.94282736e-05,0.000763297467,0.00133977797,0.000243673983
0.699,4.04462206e-05,0.000328900771,0.00150079741,0.000743535644,6.8472919e-05,0.000750481328,0.00133388723,0.000242739029
0.7,4.00870768e-05,0.000326708037,0.00149264873,0.000744305485,6.75151858e-05,0.00073791163,0.00132770387,0.000241831158
0.701,3.97303755e-05,0.000324552268,0.00148462661,0.000745132368,6.65563692e-05,0.000725591737,0.00132125063,0.000240953672
0.702,3.93764897e-05,0.000322434646,0.00147674595,0.000746021428,6.55977276e-05,0.000713524409,0.0013145501,0.000240109608
0.703,3.90254445e-05,0.000320354181,0.00146901286,0.000746974024,6.46401684e-05,0.000701707929,0.00130761752,0.000239300459
0.704,3.86768736e-05,0.000318307925,0.00146142542,0.000747988269,6.36842868e-05,0.000690136618,0.00130046157,0.000238526405
0.705,3.83301032e-05,0.000316291472,0.00145397498,0.000749059441,6.27303714e-05,0.000678801648,0.00129308549,0.000237786631
0.706,3.79846858e-05,0.000314301837,0.0014466572,0.000750184888,6.1778843e-05,0.00066769653,0.0012854967,0.000237081153
0.707,3.7640554e-05,0.000312337931,0.00143947253,0.00075136387,6.08302232e-05,0.000656817388,0.00127770717,0.000236411005
0.708,3.72978144e-05,0.000310398616,0.00143241768,0.000752593126,5.98848063e-05,0.000646158995,0.00126972564,0.00023577672
0.709,3.69565799e-05,0.000308482772,0.00142548823,0.000753868949,5.89428354e-05,0.000635715835,0.00126155994,0.00023517873
0.71,3.66168068e-05,0.000306589506,0.00141868249,0.000755190037,5.80047128e-05,0.000625483608,0.00125322035,0.000234617919
0.711,3.62780356e-05,0.000304715798,0.00141199146,0.000756552176,5.70706382e-05,0.00061545484,0.00124471051,0.000234093758
0.712,3.59393717e-05,0.000302855756,0.00140539463,0.000757945557,5.61404161e-05,0.000605617431,0.00123602369,0.000233603523
0.713,3.56001717e-05,0.000301005071,0.00139887867,0.000759364098,5.52141737e-05,0.000595963055,0.00122715921,0.000233145404
0.714,3.52602614e-05,0.00029916252,0.00139244272,0.000760808176,5.42925003e-05,0.000586489252,0.00121812719,0.000232719616
0.715,3.49197797e-05,0.000297329207,0.00138609476,0.000762282938,5.33762434e-05,0.000577197397,0.00120894525,0.000232328005
0.716,3.45789374e-05,0.000295506819,0.00137984409,0.00076379449,5.24662282e-05,0.000568089216,0.00119963203,0.000231972776
0.717,3.42377206e-05,0.000293695467,0.00137369146,0.000765344533,5.15629175e-05,0.000559162684,0.00119019854,0.00023165482
0.718,3.38964106e-05,0.000291897951,0.00136764918,0.000766941421,5.06671965e-05,0.000550420321,0.00118066558,0.000231377056
0.719,3.35558313e-05,0.000290121658,0.00136175018,0.000768605367,4.97806688e-05,0.00054187258,0.00117107133,0.00023114599
0.72,3.32164567e-05,0.00028837104,0.00135601345,0.000770349342,4.89043288e-05,0.000533523788,0.00116144131,0.000230965937
0.721,3.28780494e-05,0.00028664467,0.00135043093,0.000772171582,4.80381215e-05,0.000525367359,0.00115177741,0.00023083669
0.722,3.25395311e-05,0.000284934149,0.00134496247,0.000774052359,4.7180843e-05,0.000517384485,0.00114205407,0.000230752521
0.723,3.21996978e-05,0.000283230048,0.00133956316,0.000775968969,4.63311898e-05,0.000509555289,0.00113224188,0.000230706703
0.724,3.18581495e-05,0.000281529509,0.00133421813,0.0007779154,4.54889779e-05,0.000501872054,0.00112233695,0.000230697477
0.725,3.15144756e-05,0.00027982901,0.00132890802,0.000779882396,4.46539079e-05,0.000494325725,0.00111233135,0.000230722178
0.726,3.11678962e-05,0.000278121499,0.00132359616,0.000781850191,4.38251409e-05,0.000486901278,0.00110220266,0.000230774951
0.727,3.08179276e-05,0.000276402778,0.00131826006,0.000783807314,4.30023427e-05,0.000479589432,0.00109194043,0.000230852223
0.728,3.04646471e-05,0.000274674123,0.00131290399,0.000785758484,4.21860492e-05,0.000472390874,0.00108155638,0.00023095507
0.729,3.01089718e-05,0.000272944627,0.00130756991,0.000787731403,4.13779381e-05,0.000465319542,0.0010710927,0.000231091315
0.73,2.97518487e-05,0.000271223478,0.00130229981,0.000789754406,4.05795817e-05,0.00045838869,0.00106059059,0.000231269015
0.731,2.9393453e-05,0.000269512607,0.00129710011,0.00079183463,3.97913606e-05,0.000451598502,0.0010500613,0.000231490109
0.732,2.90343086e-05,0.000267816921,0.00129199067,0.000793987529,3.90140293e-05,0.000444953687,0.00103952639,0.000231759096
0.733,2.86753757e-05,0.00026614522,0.00128700921,0.000796239761,3.82488116e-05,0.000438464711,0.00102902098,0.000232083975
0.734,2.83170993e-05,0.000264501679,0.00128217078,0.000798604442,3.7496164e-05,0.00043213382,0.00101856102,0.000232468975
0.735,2.79588582e-05,0.00026288074,0.00127744373,0.000801065882,3.67551551e-05,0.000425947496,0.00100812486,0.000232909888
0.736,2.75984634e-05,0.00026126232,0.00127272692,0.000803564525,3.60229465e-05,0.000419869866,0.000997636651,0.000233389433
0.737,2.72341118e-05,0.000259629743,0.00126793646,0.000806050516,3.52973885e-05,0.000413872262,0.00098703565,0.000233892748
0.738,2.68655776e-05,0.000257980633,0.00126305759,0.000808516658,3.45784e-05,0.000407949639,0.000976315999,0.000234417185
0.739,2.64928764e-05,0.000256314328,0.0012580829,0.00081095985,3.38661352e-05,0.000402099563,0.000965477498,0.000234961276
0.74,2.61160189e-05,0.000254629941,0.00125300361,0.000813376036,3.31607138e-05,0.000396319291,0.00095451888,0.000235523207
0.741,2.57350641e-05,0.000252927398,0.00124781556,0.000815764367,3.2462365e-05,0.000390607578,0.000943442363,0.000236102011
0.742,2.53510014e-05,0.000251216224,0.00124256241,0.000818155701,3.17725114e-05,0.000384977948,0.000932285997,0.00023670594
0.743,2.4966071e-05,0.000249518433,0.00123734923,0.000820622211,3.10940004e-05,0.000379462026,0.000921132421,0.00023735551
0.744,2.45816774e-05,0.000247847647,0.00123223881,0.000823209406,3.04284197e-05,0.000374077136,0.000910030467,0.000238063907
0.745,2.41978796e-05,0.000246203901,0.00122722621,0.000825918416,2.9775579e-05,0.000368819419,0.000898977682,0.000238831677
0.746,2.38143053e-05,0.000244582776,0.00122228447,0.000828735576,2.91347625e-05,0.000363678527,0.000887955453,0.000239655088
0.747,2.34305967e-05,0.000242979989,0.00121738726,0.000831647306,2.85053106e-05,0.00035864469,0.000876945997,0.000240530394
0.748,2.30466406e-05,0.000241393642,0.00121251996,0.000834647567,2.78868909e-05,0.000353711944,0.000865940272,0.000241455937
0.749,2.26611165e-05,0.000239809126,0.00120760422,0.00083768596,2.7277778e-05,0.000348856224,0.000854884209,0.000242416937
0.75,2.22720222e-05,0.000238204316,0.00120252472,0.000840685238,2.66755867e-05,0.000344043994,0.000843699571,0.000243390231
0.751,2.18786608e-05,0.000236570525,0.00119723426,0.000843614157,2.60796298e-05,0.000339262445,0.000832358236,0.000244365427
0.752,2.14815223e-05,0.000234911346,0.00119174712,0.00084648409,2.54906053e-05,0.000334516597,0.00082087558,0.000245344353
0.753,2.10816401e-05,0.000233235984,0.00118610532,0.000849326441,2.49097464e-05,0.000329818985,0.00080928555,0.000246334783
0.754,2.06797314e-05,0.000231550499,0.00118033493,0.000852162062,2.43378625e-05,0.00032517718,0.000797610148,0.00024734159
0.755,2.02763905e-05,0.000229860176,0.00117445872,0.000855010203,2.37756193e-05,0.000320597445,0.000785868406,0.000248369373
0.756,1.9873743e-05,0.000228187989,0.00116858965,0.000857956634,2.32253975e-05,0.000316109989,0.000774138419,0.000249442466
0.757,1.9473857e-05,0.000226556419,0.00116283711,0.000861086583,2.26893046e-05,0.000311742695,0.000762492879,0.000250585701
0.758,1.90770921e-05,0.000224968243,0.00115720882,0.000864411999,2.21673176e-05,0.000307495295,0.000750935541,0.000251802934
0.759,1.86820923e-05,0.000223406008,0.00115160927,0.00086786787,2.16574648e-05,0.000303340365,0.000739403497,0.00025307534
0.76,1.8286904e-05,0.000221844842,0.00114590589,0.000871359485,2.11572512e-05,0.000299241973,0.000727812728,0.000254374757
0.761,1.78909203e-05,0.000220275445,0.00114004661,0.000874850731,2.06658673e-05,0.000295186472,0.000716133261,0.000255689512
0.762,1.7493883e-05,0.0002186921,0.00113399701,0.000878317582,2.01829344e-05,0.000291165374,0.000704347458,0.000257011123
0.763,1.7095061e-05,0.000217082708,0.0011276895,0.000881709248,1.97075658e-05,0.000287162178,0.000692418278,0.000258322846
0.764,1.66941565e-05,0.000215440215,0.00112108347,0.000884994765,1.92394198e-05,0.000283167862,0.000680327056,0.000259613262
0.765,1.62918765e-05,0.000213770328,0.00111420524,0.000888195549,1.87792976e-05,0.000279190457,0.000668096549,0.000260886169
0.766,1.58901661e-05,0.000212095029,0.00110716533,0.000891401296,1.83293079e-05,0.000275258483,0.000655798799,0.000262165781
0.767,1.54906506e-05,0.000210432631,0.00110005406,0.000894688149,1.78910503e-05,0.000271394318,0.000643490937,0.000263472974
0.768,1.50938133e-05,0.000208786864,0.00109288566,0.000898072201,1.74647634e-05,0.000267600782,0.000631183389,0.000264811391
0.769,1.47004608e-05,0.000207166287,0.0010856999,0.00090159098,1.70510424e-05,0.000263886653,0.000618900678,0.000266191234
0.77,1.43114814e-05,0.000205580704,0.00107854258,0.00090528808,1.665051e-05,0.000260261733,0.000606669555,0.000267624752
0.771,1.39271579e-05,0.00020403106,0.00107141248,0.00090916896,1.62630123e-05,0.000256724223,0.000594489474,0.000269112932
0.772,1.35463297e-05,0.00020249695,0.00106419689,0.000913144199,1.58867385e-05,0.000253245996,0.000582299082,0.000270628151
0.773,1.31671074e-05,0.000200946432,0.00105672449,0.00091707044,1.55191578e-05,0.000249786203,0.000570008952,0.000272125753
0.774,1.27889036e-05,0.000199366031,0.00104892208,0.00092088413,1.51593661e-05,0.000246328437,0.000557587233,0.000273583857
0.775,1.24120596e-05,0.000197755577,0.00104078572,0.000924579543,1.48075492e-05,0.000242872966,0.000545040811,0.00027499741
0.776,1.20369867e-05,0.000196115503,0.00103231413,0.000928152425,1.44639328e-05,0.000239420639,0.000532378373,0.000276361679
0.777,1.16640679e-05,0.000194445961,0.00102350563,0.000931597861,1.41286883e-05,0.000235972101,0.000519608773,0.000277671608
0.778,1.12941621e-05,0.000192755708,0.00101440539,0.000934953826,1.38025346e-05,0.000232538532,0.000506764657,0.000278935011
0.779,1.09293203e-05,0.000191074494,0.00100516871,0.000938362165,1.34875339e-05,0.000229155554,0.000493931659,0.000280191303
0.78,1.05711721e-05,0.000189425914,0.000995916477,0.000941937862,1.31851065e-05,0.000225849685,0.00048117392,0.00028147283
0.781,1.02199833e-05,0.000187810499,0.000986647653,0.000945683805,1.28949601e-05,0.000222619054,0.000468493743,0.000282778984
0.782,9.87537333e-06,0.000186217483,0.000977303186,0.000949545968,1.26160464e-05,0.000219448722,0.00045586638,0.000284092097
0.783,9.53697383e-06,0.000184635846,0.000967824095,0.000953467052,1.23473523e-05,0.000216324106,0.000443269221,0.000285393182
0.784,9.20482635e-06,0.000183060789,0.000958184263,0.000957419175,1.20883105e-05,0.000213238301,0.000430696793,0.000286671618
0.785,8.87835495e-06,0.000181473695,0.000948285661,0.000961300056,1.18374818e-05,0.000210168811,0.000418113223,0.000287893846
0.786,8.5567256e-06,0.000179850411,0.000938004493,0.000964975753,1.15931812e-05,0.000207088175,0.000405475181,0.00028901589
0.787,8.23978993e-06,0.000178183066,0.000927306099,0.000968398028,1.13549023e-05,0.000203989128,0.000392781549,0.000290018847
0.788,7.92792297e-06,0.000176478767,0.000916236511,0.000971600958,1.11231277e-05,0.00020088196,0.000380066016,0.000290908582
0.789,7.62166324e-06,0.000174749974,0.000904869798,0.000974649116,1.08985959e-05,0.000197782432,0.000367372191,0.000291700677
0.79,7.32137485e-06,0.000173002328,0.000893242952,0.00097756706,1.06814633e-05,0.000194697466,0.000354726472,0.000292399482
0.791,7.02795601e-06,0.000171248517,0.000881427003,0.00098041454,1.04721437e-05,0.000191640755,0.00034216728,0.000293020621
0.792,6.74301618e-06,0.000169515662,0.000869564521,0.000983332681,1.02717738e-05,0.000188640731,0.000329757787,0.000293604791
0.793,6.46747488e-06,0.000167818846,0.000857735801,0.000986399718,1.00806802e-05,0.000185711566,0.000317533112,0.000294174229
0.794,6.20089132e-06,0.000166147187,0.000845892111,0.000989550074,9.89769079e-06,0.000182839398,0.00030547892,0.000294707786
0.795,5.94182766e-06,0.000164469648,0.00083388809,0.000992600753,9.72058605e-06,0.000179990035,0.000293548617,0.000295148373
0.796,5.68919915e-06,0.000162763962,0.000821627134,0.000995415467,9.54780031e-06,0.000177140478,0.000281717718,0.000295452014
0.797,5.44271895e-06,0.000161024925,0.000809098907,0.00099795348,9.37881027e-06,0.000174286554,0.000269994342,0.000295602801
0.798,5.20208443e-06,0.000159243355,0.000796272373,0.00100014399,9.21284473e-06,0.000171419528,0.000258380546,0.00029557585
0.799,4.96706102e-06,0.000157411711,0.000783126301,0.00100192311,9.04922367e-06,0.000168532642,0.00024688275,0.000295348362
0.8,4.73770271e-06,0.000155533712,0.000769697331,0.00100329703,8.88791556e-06,0.000165631318,0.000235525726,0.000294918571
0.801,4.51461176e-06,0.000153632621,0.000756118184,0.00100439914,8.72996975e-06,0.00016274118,0.000224361197,0.000294322653
0.802,4.29832307e-06,0.00015173132,0.000742516877,0.00100536613,8.57633617e-06,0.000159886321,0.000213434441,0.000293598072
0.803,4.088751e-06,0.000149834678,0.000728931982,0.00100622202,8.42688183e-06,0.000157071317,0.000202760854,0.00029274943
0.804,3.88569714e-06,0.000147946552,0.000715397779,0.00100698726,8.28139228e-06,0.000154299758,0.000192352979,0.000291780333
0.805,3.68896415e-06,0.000146071453,0.000701951094,0.00100768786,8.13969308e-06,0.000151575721,0.000182222528,0.000290696035
0.806,3.49825351e-06,0.000144208032,0.000688599066,0.00100830874,8.00131528e-06,0.000148896856,0.000172372266,0.000289489904
0.807,3.31281846e-06,0.000142335137,0.000675254349,0.00100869368,7.86475974e-06,0.000146240579,0.00016278177,0.000288114762
0.808,3.13176613e-06,0.000140425606,0.000661804309,0.0010086379,7.72828913e-06,0.000143579196,0.000153427813,0.000286509907
0.809,2.95463219e-06,0.000138471596,0.000648230238,0.00100806923,7.5913087e-06,0.000140905658,0.00014431208,0.000284652977
0.81,2.78118852e-06,0.000136476151,0.000634564162,0.001006993,7.45386047e-06,0.000138224048,0.000135447613,0.000282543966
0.811,2.61123553e-06,0.000134443383,0.000620841669,0.00100542322,7.31605633e-06,0.000135539284,0.000126846778,0.000280185637
0.812,2.44456518e-06,0.000132376861,0.000607094663,0.00100337101,7.17797386e-06,0.000132855545,0.000118519567,0.000277580387
0.813,2.28126155e-06,0.000130295085,0.000593421689,0.00100096221,7.0404709e-06,0.000130191562,0.000110486792,0.000274762894
0.814,2.1216214e-06,0.00012822732,0.000579966118,0.000998411271,6.90493365e-06,0.000127575793,0.000102773263,0.000271792041
0.815,1.96564021e-06,0.000126186386,0.000566792612,0.000995813507,6.77181974e-06,0.000125019432,9.53850494e-05,0.000268693539
0.816,1.81294351e-06,0.000124165394,0.000553876122,0.00099311355,6.6405357e-06,0.000122514156,8.83112798e-05,0.000265452212
0.817,1.66304239e-06,0.000122150935,0.000541163375,0.000990202978,6.51018541e-06,0.000120045773,8.15374744e-05,0.000262039283
0.818,1.51560271e-06,0.000120136713,0.000528632916,0.000987026961,6.38031436e-06,0.000117607445,7.50553538e-05,0.000258441157
0.819,1.37035456e-06,0.000118115293,0.000516257305,0.000983517747,6.25046899e-06,0.000115191256,6.88564107e-05,0.000254641715
0.82,1.22698121e-06,0.000116071384,0.000503974611,0.000979538662,6.11983454e-06,0.000112781924,6.29285734e-05,0.000250608144
0.821,1.08527432e-06,0.000113998053,0.00049175985,0.000975019243,5.98807906e-06,0.000110372755,5.72659151e-05,0.000246326299
0.822,9.45183151e-07,0.000111902898,0.000479650037,0.000970012173,5.85565197e-06,0.00010797117,5.18697223e-05,0.00024181433
0.823,8.06734197e-07,0.000109800408,0.000467709481,0.000964633012,5.72335476e-06,0.000105590844,4.67424045e-05,0.000237106201
0.824,6.6991833e-07,0.000107699704,0.000455977318,0.000958955258,5.59168409e-06,0.000103239894,4.18815568e-05,0.00023222514
0.825,5.34724486e-07,0.000105609532,0.000444489608,0.000953052985,5.46108383e-06,0.000100925889,3.72828715e-05,0.000227194376
0.826,4.01192943e-07,0.000103546686,0.000433314559,0.000947077086,5.33238236e-06,9.86637548e-05,3.29430113e-05,0.000222054992
0.827,2.69328035e-07,0.000101521248,0.00042249017,0.000941123262,5.20604493e-06,9.64615982e-05,2.88542138e-05,0.000216833795
0.828,1.39061948e-07,9.95266451e-05,0.000411984234,0.000935136235,5.08169606e-06,9.43116946e-05,2.50031787e-05,0.000211522179
0.829,1.03049287e-08,9.75452949e-05,0.000401719642,0.000928954886,4.95843993e-06,9.21963808e-05,2.13751949e-05,0.000206088804
0.83,-1.16980551e-07,9.55667374e-05,0.00039164946,0.000922479699,4.83579087e-06,9.0105229e-05,1.79592883e-05,0.000200518326
0.831,-2.42769239e-07,9.35898235e-05,0.000381764656,0.000915696762,4.71377011e-06,8.80366972e-05,1.47473637e-05,0.000194815558
0.832,-3.669894e-07,9.1611847e-05,0.000372049175,0.000908575666,4.5923371e-06,8.5987759e-05,1.17313699e-05,0.000188982443
0.833,-4.89567061e-07,8.96317597e-05,0.000362493489,0.000901101414,4.47153792e-06,8.39570351e-05,8.90383557e-06,0.00018302494
0.834,-6.10477333e-07,8.76564529e-05,0.000353119949,0.000893339253,4.35180428e-06,8.19505921e-05,6.25805738e-06,0.000176965623
0.835,-7.29765194e-07,8.57008696e-05,0.000343982643,0.000885440215,4.23394558e-06,7.99817787e-05,3.78699133e-06,0.000170842932
0.836,-8.47461587e-07,8.37745726e-05,0.000335113212,0.000877506093,4.11847432e-06,7.80586308e-05,1.48201152e-06,0.000164683477
0.837,-9.63542563e-07,8.18787752e-05,0.000326509646,0.000869555476,4.00546512e-06,7.61813635e-05,-6.66229603e-07,0.000158496741
0.838,-1.07798997e-06,8.00142726e-05,0.000318168369,0.000861603537,3.89496041e-06,7.43498821e-05,-2.66690333e-06,0.000152291158
0.839,-1.19078795e-06,7.81814648e-05,0.000310084303,0.000853661621,3.78699113e-06,7.25637554e-05,-4.52891173e-06,0.000146074072
0.84,-1.30186894e-06,7.63770024e-05,0.000302237605,0.000845699795,3.68142459e-06,7.08191206e-05,-6.26049938e-06,0.000139845517
0.841,-1.41108102e-06,7.45930084e-05,0.000294590766,0.000837635832,3.57792969e-06,6.91080775e-05,-7.86868479e-06,0.000133597486
0.842,-1.51829921e-06,7.28248514e-05,0.000287119315,0.000829420189,3.47634064e-06,6.74259048e-05,-9.35971543e-06,0.000127328516
0.843,-1.62346403e-06,7.10728688e-05,0.000279818404,0.000821057879,3.37673024e-06,6.57725258e-05,-1.07397515e-05,0.000121046135
0.844,-1.72651786e-06,6.93379545e-05,0.000272685353,0.000812560198,3.27919341e-06,6.41483458e-05,-1.20147294e-05,0.000114758539
0.845,-1.82740839e-06,6.76208746e-05,0.000265717113,0.000803937085,3.18381645e-06,6.2553646e-05,-1.31903605e-05,0.000108473401
0.846,-1.92615757e-06,6.59246453e-05,0.000258919701,0.000795225651,3.09078396e-06,6.09907762e-05,-1.42726474e-05,0.000102201592
0.847,-2.02288865e-06,6.42550138e-05,0.000252310104,0.0007864979,3.00040199e-06,5.94645542e-05,-1.52682903e-05,9.59573194e-05
0.848,-2.11767312e-06,6.2615067e-05,0.000245895087,0.000777796513,2.91283848e-06,5.79772854e-05,-1.61835622e-05,8.97495086e-05
0.849,-2.21047788e-06,6.10042743e-05,0.000239667458,0.000769121307,2.82807847e-06,5.65279725e-05,-1.70237349e-05,8.35811156e-05
0.85,-2.30125191e-06,5.9421466e-05,0.000233617708,0.000760463953,2.74606957e-06,5.51150837e-05,-1.77935713e-05,7.74540226e-05
0.851,-2.38996156e-06,5.78659026e-05,0.000227738216,0.000751820873,2.66678515e-06,5.37375183e-05,-1.84976227e-05,7.13705552e-05
0.852,-2.47657995e-06,5.6336932e-05,0.00022202191,0.000743188791,2.59021056e-06,5.23942566e-05,-1.91401459e-05,6.53329447e-05
0.853,-2.5610655e-06,5.48336021e-05,0.000216460722,0.000734559933,2.51632116e-06,5.10840222e-05,-1.97249831e-05,5.93429154e-05
0.854,-2.64338803e-06,5.33553258e-05,0.000211048154,0.000725931045,2.44510308e-06,4.98059037e-05,-2.02557671e-05,5.34025066e-05
0.855,-2.72349914e-06,5.19013116e-05,0.000205777006,0.000717296106,2.37652531e-06,4.85588388e-05,-2.07357437e-05,4.75134277e-05
0.856,-2.80132837e-06,5.04704301e-05,0.000200638847,0.000708643949,2.31053745e-06,4.73414711e-05,-2.11677081e-05,4.16770497e-05
0.857,-2.87683286e-06,4.90621008e-05,0.000195627576,0.000699970205,2.24712173e-06,4.61529692e-05,-2.1554402e-05,3.58952388e-05
0.858,-2.94997863e-06,4.76757868e-05,0.000190737444,0.000691270334,2.18627075e-06,4.4992532e-05,-2.18983546e-05,3.0169845e-05
0.859,-3.02071759e-06,4.63107894e-05,0.000185962139,0.000682536823,2.12796876e-06,4.38592094e-05,-2.22017797e-05,2.4502582e-05
0.86,-3.08903629e-06,4.49671804e-05,0.000181298381,0.000673772876,2.07221395e-06,4.27527753e-05,-2.24670116e-05,1.88955526e-05
0.861,-3.15510294e-06,4.36479683e-05,0.000176754744,0.000665026168,2.01912234e-06,4.16757866e-05,-2.26977627e-05,1.3351571e-05
0.862,-3.21918355e-06,4.23568814e-05,0.000172343178,0.000656358546,1.96885086e-06,4.0631515e-05,-2.28983635e-05,7.87213765e-06
0.863,-3.28140698e-06,4.1094646e-05,0.000168064304,0.00064779011,1.92144679e-06,3.96205199e-05,-2.30718412e-05,2.45655293e-06
0.864,-3.34186666e-06,3.98604898e-05,0.000163913371,0.00063931996,1.87691283e-06,3.86420711e-05,-2.32204604e-05,-2.89656601e-06
0.865,-3.40064026e-06,3.86536789e-05,0.000159885838,0.000630946538,1.8352443e-06,3.76954427e-05,-2.33463396e-05,-8.1887277e-06
0.866,-3.45763661e-06,3.74728965e-05,0.000155974101,0.000622654159,1.79636998e-06,3.67790634e-05,-2.3450842e-05,-1.342129e-05
0.867,-3.51232092e-06,3.63135296e-05,0.000152155859,0.000614366124,1.76000584e-06,3.58878692e-05,-2.35326435e-05,-1.85935703e-05
0.868,-3.56412834e-06,3.51712022e-05,0.00014840935,0.000606004917,1.72587242e-06,3.50170133e-05,-2.35899009e-05,-2.37025555e-05
0.869,-3.61300378e-06,3.40457989e-05,0.000144731028,0.000597565818,1.69394034e-06,3.4166068e-05,-2.36232881e-05,-2.87462051e-05
0.87,-3.65926361e-06,3.2939748e-05,0.000141128982,0.000589092601,1.66436364e-06,3.33373984e-05,-2.3635421e-05,-3.37250702e-05
0.871,-3.70319714e-06,3.18550145e-05,0.000137609799,0.000580623781,1.63727246e-06,3.25329835e-05,-2.36287745e-05,-3.86409154e-05
0.872,-3.74512385e-06,3.07940095e-05,0.000134181968,0.000572206206,1.61278222e-06,3.17551868e-05,-2.36062931e-05,-4.34974756e-05
0.873,-3.78586218e-06,2.97632639e-05,0.000130872291,0.000563965108,1.59120604e-06,3.10105253e-05,-2.35744545e-05,-4.83067758e-05
0.874,-3.82603896e-06,2.87671332e-05,0.000127699186,0.000555991374,1.57277278e-06,3.03033178e-05,-2.35388399e-05,-5.30821897e-05
0.875,-3.86532386e-06,2.78023752e-05,0.000124648,0.000548232284,1.55732187e-06,2.96299582e-05,-2.34991273e-05,-5.78257008e-05
0.876,-3.90271777e-06,2.68615008e-05,0.000121684389,0.000540545567,1.54444462e-06,2.89822543e-05,-2.34507867e-05,-6.25273623e-05
0.877,-3.93750144e-06,2.59398038e-05,0.000118785372,0.000532834676,1.533878e-06,2.83547871e-05,-2.33906804e-05,-6.7177702e-05
0.878,-3.96850275e-06,2.50302531e-05,0.000115916327,0.000524947522,1.52522734e-06,2.77393954e-05,-2.33125889e-05,-7.17560789e-05
0.879,-3.99358844e-06,2.41207811e-05,0.000113017322,0.00051661311,1.517705e-06,2.71219952e-05,-2.32039348e-05,-7.62183214e-05
0.88,-4.01171383e-06,2.32074776e-05,0.000110063889,0.000507716994,1.51088071e-06,2.64971061e-05,-2.30580581e-05,-8.05333457e-05
0.881,-4.02470913e-06,2.23033969e-05,0.000107111756,0.000498513032,1.50537028e-06,2.58783187e-05,-2.28851334e-05,-8.47264367e-05
0.882,-4.03558961e-06,2.1426449e-05,0.000104243443,0.00048938604,1.5022423e-06,2.52853676e-05,-2.27028559e-05,-8.88564066e-05
0.883,-4.04578136e-06,2.05839798e-05,0.000101494279,0.0004805082,1.50193752e-06,2.47264514e-05,-2.25205122e-05,-9.29576049e-05
0.884,-4.05682018e-06,1.97829885e-05,9.89000493e-05,0.000472059068,1.50491249e-06,2.42099319e-05,-2.23485798e-05,-9.70736194e-05
0.885,-4.07071469e-06,1.90314799e-05,9.65032211e-05,0.000464253127,1.51188071e-06,2.37459185e-05,-2.22006459e-05,-0.000101264206
0.886,-4.08748188e-06,1.83274303e-05,9.42969847e-05,0.000457070602,1.52291946e-06,2.33324737e-05,-2.20798106e-05,-0.000105546388
0.887,-4.10404442e-06,1.76556449e-05,9.22052973e-05,0.000450154371,1.53694862e-06,2.29506535e-05,-2.19720612e-05,-0.000109855469
0.888,-4.11721568e-06,1.70024926e-05,9.01554754e-05,0.000443157155,1.55276568e-06,2.25824061e-05,-2.1861955e-05,-0.000114112296
0.889,-4.12596471e-06,1.63645993e-05,8.81255655e-05,0.00043597446,1.56997497e-06,2.22222657e-05,-2.17448324e-05,-0.000118285526
0.89,-4.12913607e-06,1.57384985e-05,8.60920903e-05,0.00042849161,1.58815148e-06,2.18642658e-05,-2.16149042e-05,-0.000122335007
0.891,-4.12577907e-06,1.51218992e-05,8.40376097e-05,0.000420622174,1.60691778e-06,2.15037449e-05,-2.14671152e-05,-0.000126221789
0.892,-4.11653185e-06,1.45178531e-05,8.19733981e-05,0.000412421466,1.6263929e-06,2.11435027e-05,-2.13038261e-05,-0.000129945408
0.893,-4.10288711e-06,1.39319058e-05,7.99285421e-05,0.000404034978,1.64687483e-06,2.0790482e-05,-2.11320281e-05,-0.000133536221
0.894,-4.0855511e-06,1.3366713e-05,7.79210381e-05,0.000395554396,1.66818614e-06,2.04480124e-05,-2.09555653e-05,-0.000137012372
0.895,-4.06505418e-06,1.28238705e-05,7.59642903e-05,0.000387050111,1.69007643e-06,2.0118235e-05,-2.07779088e-05,-0.000140388671
0.896,-4.04264716e-06,1.23066051e-05,7.40789543e-05,0.000378631121,1.71274273e-06,1.98059478e-05,-2.06061338e-05,-0.000143699308
0.897,-4.01893636e-06,1.18159821e-05,7.22718032e-05,0.000370338141,1.73632276e-06,1.9512743e-05,-2.04445785e-05,-0.000146959114
0.898,-3.9932496e-06,1.13500226e-05,7.05315296e-05,0.000362121855,1.76055672e-06,1.92350228e-05,-2.02920014e-05,-0.000150148612
0.899,-3.96497388e-06,1.09068781e-05,6.88443338e-05,0.000353921512,1.78526426e-06,1.89691555e-05,-2.01465706e-05,-0.000153241381
0.9,-3.93400561e-06,1.04860617e-05,6.7203147e-05,0.000345711289,1.81047651e-06,1.87135668e-05,-2.0007986e-05,-0.000156223167
0.901,-3.9001368e-06,1.00866395e-05,6.55995863e-05,0.000337458815,1.83604792e-06,1.84661646e-05,-1.9874987e-05,-0.000159074121
0.902,-3.86284023e-06,9.70707511e-06,6.40257326e-05,0.000329133992,1.86151212e-06,1.82239067e-05,-1.9745236e-05,-0.000161770688
0.903,-3.82208096e-06,9.34681675e-06,6.24811931e-05,0.00032074587,1.8865114e-06,1.79858645e-05,-1.96186378e-05,-0.000164305773
0.904,-3.77831591e-06,9.00624544e-06,6.0971296e-05,0.000312332712,1.91092639e-06,1.77529208e-05,-1.94971256e-05,-0.000166688063
0.905,-3.73198144e-06,8.68548693e-06,5.94993346e-05,0.000303923221,1.93472206e-06,1.75257527e-05,-1.93824671e-05,-0.000168923938
0.906,-3.68317681e-06,8.38380845e-06,5.80629158e-05,0.000295517138,1.95772718e-06,1.73033756e-05,-1.92745697e-05,-0.000171005115
0.907,-3.63185202e-06,8.10014215e-06,5.66578039e-05,0.000287106344,1.97971001e-06,1.70843343e-05,-1.91726293e-05,-0.00017291804
0.908,-3.57804881e-06,7.83357968e-06,5.52811256e-05,0.000278689959,2.00045367e-06,1.68674797e-05,-1.90759986e-05,-0.000174652346
0.909,-3.52190738e-06,7.58341148e-06,5.39316411e-05,0.000270276623,2.01980621e-06,1.66522867e-05,-1.89845056e-05,-0.000176203274
0.91,-3.46362536e-06,7.34895926e-06,5.26085089e-05,0.000261876602,2.03763831e-06,1.64383058e-05,-1.88979682e-05,-0.000177567474
0.911,-3.4033611e-06,7.12945473e-06,5.13104359e-05,0.000253498628,2.0538239e-06,1.6225087e-05,-1.88160184e-05,-0.000178741095
0.912,-3.34129053e-06,6.92407745e-06,5.00360554e-05,0.000245150452,2.06824344e-06,1.6012077e-05,-1.87381286e-05,-0.000179719899
0.913,-3.27756878e-06,6.73199026e-06,4.87839629e-05,0.000236840344,2.08078342e-06,1.57988435e-05,-1.86636853e-05,-0.000180500424
0.914,-3.21238685e-06,6.55235021e-06,4.75530153e-05,0.000228577307,2.09135121e-06,1.5584963e-05,-1.85920422e-05,-0.000181080094
0.915,-3.14591822e-06,6.38433284e-06,4.63421041e-05,0.000220370995,2.09985788e-06,1.53701611e-05,-1.85224789e-05,-0.000181457495
0.916,-3.07836455e-06,6.22709467e-06,4.51503125e-05,0.000212231154,2.10624249e-06,1.51541452e-05,-1.84542775e-05,-0.000181631826
0.917,-3.00990681e-06,6.07982552e-06,4.39767236e-05,0.000204167546,2.11044407e-06,1.4936738e-05,-1.83866492e-05,-0.000181603142
0.918,-2.9407502e-06,5.94169565e-06,4.28206355e-05,0.000196190083,2.11243834e-06,1.47177589e-05,-1.83188654e-05,-0.000181372268
0.919,-2.87107883e-06,5.81192648e-06,4.16813343e-05,0.000188308539,2.1121924e-06,1.44971334e-05,-1.82500879e-05,-0.000180940909
0.92,-2.80108945e-06,5.68970884e-06,4.05582472e-05,0.000180532633,2.10970941e-06,1.42747851e-05,-1.8179527e-05,-0.000180311469
0.921,-2.73096382e-06,5.57431254e-06,3.94508608e-05,0.000172871877,2.10498046e-06,1.40507348e-05,-1.81063104e-05,-0.000179487299
0.922,-2.6608866e-06,5.46498071e-06,3.8358796e-05,0.000165335536,2.09803825e-06,1.3825003e-05,-1.80296862e-05,-0.000178472354
0.923,-2.59103485e-06,5.36105644e-06,3.72817916e-05,0.000157932521,2.08890334e-06,1.35976836e-05,-1.79488669e-05,-0.000177271481
0.924,-2.52157722e-06,5.26185178e-06,3.62196603e-05,0.000150671464,2.07763762e-06,1.33688914e-05,-1.78631827e-05,-0.000175890171
0.925,-2.4526819e-06,5.1667779e-06,3.51723167e-05,0.000143560467,2.06428522e-06,1.31387864e-05,-1.7771892e-05,-0.000174334669
0.926,-2.38449852e-06,5.07522374e-06,3.41397329e-05,0.000136607438,2.04892955e-06,1.29075863e-05,-1.76743838e-05,-0.000172612054
0.927,-2.31718364e-06,4.98668153e-06,3.31220113e-05,0.000129819441,2.03163748e-06,1.26754986e-05,-1.75700323e-05,-0.000170729786
0.928,-2.25085615e-06,4.9006263e-06,3.21192046e-05,0.000123202939,2.01250672e-06,1.24427738e-05,-1.74583381e-05,-0.000168695691
0.929,-2.18565532e-06,4.81663223e-06,3.11315595e-05,0.000116763636,1.99162431e-06,1.2209625e-05,-1.73388402e-05,-0.000166517959
0.93,-2.12166862e-06,4.73426658e-06,3.01591836e-05,0.000110506657,1.96909199e-06,1.19763375e-05,-1.72111134e-05,-0.000164205172
0.931,-2.0590112e-06,4.6531643e-06,2.92023366e-05,0.000104436174,1.94500281e-06,1.17431033e-05,-1.70747544e-05,-0.000161765821
0.932,-1.9977391e-06,4.57297986e-06,2.82611246e-05,9.85558388e-05,1.91945875e-06,1.15102322e-05,-1.69293897e-05,-0.000159208857
0.933,-1.93795923e-06,4.49341436e-06,2.73359474e-05,9.2868664e-05,1.89258925e-06,1.12779513e-05,-1.67748711e-05,-0.000156543346
0.934,-1.87971079e-06,4.41422403e-06,2.642702e-05,8.73770837e-05,1.86451632e-06,1.10466288e-05,-1.66110408e-05,-0.000153778815
0.935,-1.82308016e-06,4.33517406e-06,2.55348056e-05,8.20828068e-05,1.83537839e-06,1.08164607e-05,-1.64379501e-05,-0.000150924506
0.936,-1.76806829e-06,4.25614063e-06,2.46595314e-05,7.69869205e-05,1.80524876e-06,1.05877582e-05,-1.62554496e-05,-0.000147990154
0.937,-1.71473298e-06,4.17694822e-06,2.38016827e-05,7.20899219e-05,1.77424406e-06,1.03606466e-05,-1.60637063e-05,-0.000144985075
0.938,-1.66305803e-06,4.09755748e-06,2.29614744e-05,6.73915194e-05,1.74242769e-06,1.01354304e-05,-1.58626681e-05,-0.000141918829
0.939,-1.61309127e-06,4.0177983e-06,2.21393318e-05,6.28909181e-05,1.7099635e-06,9.91224995e-06,-1.56527651e-05,-0.000138800193
0.94,-1.56480487e-06,3.93770984e-06,2.13354221e-05,5.85865395e-05,1.67692308e-06,9.69142264e-06,-1.54340628e-05,-0.000135638284
0.941,-1.51822198e-06,3.85714443e-06,2.05500964e-05,5.44765843e-05,1.64347849e-06,9.47306665e-06,-1.52071375e-05,-0.000132441505
0.942,-1.4732998e-06,3.77623171e-06,1.97834991e-05,5.05583954e-05,1.60966184e-06,9.25744484e-06,-1.49720428e-05,-0.000129218604
0.943,-1.43003566e-06,3.69483246e-06,1.90358942e-05,4.6829257e-05,1.57563898e-06,9.04462634e-06,-1.4729481e-05,-0.000125977389
0.944,-1.38837821e-06,3.61314975e-06,1.83073879e-05,4.32854288e-05,1.54140861e-06,8.83479178e-06,-1.44795433e-05,-0.000122725735
0.945,-1.34829691e-06,3.53103715e-06,1.75981023e-05,3.99233671e-05,1.50713711e-06,8.6279661e-06,-1.42230676e-05,-0.000119470511
0.946,-1.30974629e-06,3.44876039e-06,1.6908134e-05,3.67385533e-05,1.47280275e-06,8.4242834e-06,-1.39601739e-05,-0.000116218944
0.947,-1.27268093e-06,3.36617292e-06,1.62375411e-05,3.3727064e-05,1.43858776e-06,8.22381826e-06,-1.36918442e-05,-0.000112977796
0.948,-1.23706979e-06,3.28359907e-06,1.55864521e-05,3.08837937e-05,1.40445582e-06,8.02667098e-06,-1.34182424e-05,-0.000109753853
0.949,-1.20282949e-06,3.20086463e-06,1.49546721e-05,2.82041347e-05,1.37057418e-06,7.8328551e-06,-1.31403441e-05,-0.000106552404
0.95,-1.16992811e-06,3.11830188e-06,1.43421746e-05,2.56821634e-05,1.33686617e-06,7.64229697e-06,-1.28581989e-05,-0.000103378194
0.951,-1.13825371e-06,3.03572203e-06,1.37485886e-05,2.33129899e-05,1.30348727e-06,7.45500505e-06,-1.25727788e-05,-0.000100235586
0.952,-1.10781204e-06,2.95350774e-06,1.31740693e-05,2.10907123e-05,1.27036889e-06,7.27093336e-06,-1.22842822e-05,-9.71297174e-05
0.953,-1.07847968e-06,2.87150033e-06,1.26182467e-05,1.90105252e-05,1.23767423e-06,7.09021331e-06,-1.19938084e-05,-9.40654721e-05
0.954,-1.05027415e-06,2.79005782e-06,1.2081174e-05,1.70661235e-05,1.2053192e-06,6.91265919e-06,-1.17014935e-05,-9.10462992e-05
0.955,-1.02301766e-06,2.70896361e-06,1.1562028e-05,1.52521581e-05,1.17341077e-06,6.73824097e-06,-1.14080932e-05,-8.80740481e-05
0.956,-9.96738042e-07,2.62851918e-06,1.10607413e-05,1.35621941e-05,1.14185088e-06,6.56660443e-06,-1.11136312e-05,-8.51501635e-05
0.957,-9.71252301e-07,2.54856702e-06,1.05765412e-05,1.19912017e-05,1.1107365e-06,6.39784397e-06,-1.08188953e-05,-8.22770878e-05
0.958,-9.46623783e-07,2.46939354e-06,1.01095173e-05,1.05331144e-05,1.08000347e-06,6.23163227e-06,-1.05240988e-05,-7.94565807e-05
0.959,-9.22657508e-07,2.39089298e-06,9.65884423e-06,9.18299261e-06,1.04971658e-06,6.06811288e-06,-1.02299256e-05,-7.66908011e-05
0.96,-8.99442046e-07,2.31331316e-06,9.22471519e-06,7.93513766e-06,1.01984618e-06,5.90697588e-06,-9.936807e-06,-7.39816908e-05
0.961,-8.76786076e-07,2.23663903e-06,8.80635625e-06,6.78472884e-06,9.90422898e-07,5.74845011e-06,-9.64538338e-06,-7.13317524e-05
0.962,-8.54768955e-07,2.16098135e-06,8.40374174e-06,5.72627027e-06,9.61435976e-07,5.5920965e-06,-9.35601203e-06,-6.87409382e-05
0.963,-8.33178168e-07,2.08633149e-06,8.01581582e-06,4.75481197e-06,9.32834882e-07,5.43796356e-06,-9.06879794e-06,-6.62089245e-05
0.964,-8.12079865e-07,2.01266636e-06,7.6424086e-06,3.86538789e-06,9.04642853e-07,5.28555752e-06,-8.78410835e-06,-6.37344594e-05
0.965,-7.91298423e-07,1.9401205e-06,7.28270413e-06,3.05328184e-06,8.76767974e-07,5.13500139e-06,-8.50199099e-06,-6.13180167e-05
0.966,-7.70889701e-07,1.86857323e-06,6.93652372e-06,2.31421203e-06,8.49295042e-07,4.98590917e-06,-8.22307096e-06,-5.8958859e-05
0.967,-7.5071657e-07,1.79827396e-06,6.60319247e-06,1.64350999e-06,8.22072921e-07,4.83834792e-06,-7.94716048e-06,-5.66569562e-05
0.968,-7.3079108e-07,1.72895399e-06,6.28231753e-06,1.03755545e-06,7.95238259e-07,4.69199136e-06,-7.6749672e-06,-5.44110397e-05
0.969,-7.1103426e-07,1.66098638e-06,5.97344122e-06,4.91709472e-07,7.68580656e-07,4.54681003e-06,-7.40606704e-06,-5.22205127e-05
0.97,-6.91390178e-07,1.59395218e-06,5.67589031e-06,3.07259148e-09,7.4228578e-07,4.40257522e-06,-7.14123354e-06,-5.00836881e-05
0.971,-6.7185849e-07,1.52834915e-06,5.38949035e-06,-4.32977318e-07,7.16084454e-07,4.25909718e-06,-6.87981364e-06,-4.79991978e-05
0.972,-6.52291544e-07,1.46361791e-06,5.11324289e-06,-8.18590239e-07,6.90210615e-07,4.11630973e-06,-6.62263051e-06,-4.59652574e-05
0.973,-6.32796565e-07,1.40038021e-06,4.84736375e-06,-1.15837335e-06,6.64352311e-07,3.97383394e-06,-6.36886314e-06,-4.3979873e-05
0.974,-6.13105893e-07,1.33794677e-06,4.59046314e-06,-1.45373265e-06,6.38780041e-07,3.83182878e-06,-6.11932357e-06,-4.20413328e-05
0.975,-5.9346333e-07,1.2770476e-06,4.34323709e-06,-1.70924842e-06,6.13157877e-07,3.68968611e-06,-5.87309927e-06,-4.01470826e-05
0.976,-5.73457359e-07,1.21689741e-06,4.10385832e-06,-1.92563408e-06,5.87772474e-07,3.54787021e-06,-5.63094542e-06,-3.82958295e-05
0.977,-5.53492077e-07,1.1582942e-06,3.87356262e-06,-2.10741855e-06,5.62291248e-07,3.40548398e-06,-5.39192432e-06,-3.64842954e-05
0.978,-5.32990593e-07,1.10039819e-06,3.65000701e-06,-2.25469764e-06,5.36983624e-07,3.26334106e-06,-5.15660079e-06,-3.47115516e-05
0.979,-5.12532041e-07,1.04401244e-06,3.43501179e-06,-2.37188967e-06,5.11556529e-07,3.12020441e-06,-4.92410375e-06,-3.29734214e-05
0.98,-4.91371057e-07,9.88321118e-07,3.22569056e-06,-2.458591e-06,4.86230073e-07,2.97729545e-06,-4.69469935e-06,-3.12696337e-05
0.981,-4.70267361e-07,9.34058236e-07,3.024476e-06,-2.51902422e-06,4.60792805e-07,2.83303116e-06,-4.46774733e-06,-2.9595192e-05
0.982,-4.48314187e-07,8.80517604e-07,2.82792467e-06,-2.55244111e-06,4.35387659e-07,2.68904853e-06,-4.24305023e-06,-2.79505979e-05
0.983,-4.26443341e-07,8.28272995e-07,2.63902317e-06,-2.56271169e-06,4.09918925e-07,2.54342048e-06,-4.02034246e-06,-2.63298896e-05
0.984,-4.0359351e-07,7.7680432e-07,2.45382088e-06,-2.54896277e-06,3.8443608e-07,2.39817133e-06,-3.79878944e-06,-2.47344411e-05
0.985,-3.80858359e-07,7.26447354e-07,2.27572081e-06,-2.5144919e-06,3.58988166e-07,2.251058e-06,-3.57863653e-06,-2.31572116e-05
0.986,-3.57009766e-07,6.76906895e-07,2.10036119e-06,-2.4585643e-06,3.33503442e-07,2.10442721e-06,-3.35824118e-06,-2.16001932e-05
0.987,-3.3330276e-07,6.28215122e-07,1.93139909e-06,-2.38366959e-06,3.08216384e-07,1.95575335e-06,-3.13846107e-06,-2.00553713e-05
0.988,-3.08347448e-07,5.80361901e-07,1.76433677e-06,-2.28966439e-06,2.82877766e-07,1.80779563e-06,-2.91696775e-06,-1.85261932e-05
0.989,-2.835683e-07,5.33008684e-07,1.60303581e-06,-2.17818635e-06,2.58000429e-07,1.65782663e-06,-2.69541305e-06,-1.70046326e-05
0.99,-2.57441577e-07,4.86480442e-07,1.4428801e-06,-2.04979364e-06,2.32983474e-07,1.50891444e-06,-2.47060946e-06,-1.54936619e-05
0.991,-2.31446357e-07,4.39761977e-07,1.28762804e-06,-1.90481222e-06,2.08694948e-07,1.35780642e-06,-2.24455183e-06,-1.39821899e-05
0.992,-2.0414554e-07,3.9375855e-07,1.13269416e-06,-1.74452653e-06,1.84006049e-07,1.20788913e-06,-2.01328778e-06,-1.24725347e-05
0.993,-1.77021533e-07,3.46696111e-07,9.82479643e-07,-1.56907852e-06,1.60377026e-07,1.0562445e-06,-1.78064033e-06,-1.09585338e-05
0.994,-1.49236806e-07,3.00685512e-07,8.33066606e-07,-1.38133355e-06,1.36217338e-07,9.06833059e-07,-1.5427529e-06,-9.44716191e-06
0.995,-1.21826455e-07,2.52642977e-07,6.88232667e-07,-1.17980794e-06,1.13351284e-07,7.5637833e-07,-1.30377573e-06,-7.9255839e-06
0.996,-9.46457894e-08,2.05426747e-07,5.43592775e-07,-9.66099697e-07,8.97361433e-08,6.06693206e-07,-1.05614525e-06,-6.38580247e-06
0.997,-6.81773679e-08,1.54867955e-07,4.02125915e-07,-7.37270148e-07,6.72026737e-08,4.55283869e-07,-8.04869736e-07,-4.81510098e-06
0.998,-4.33403679e-08,1.05002823e-07,2.63133403e-07,-4.99565595e-07,4.4287034e-08,3.03801e-07,-5.43370143e-07,-3.22469371e-06
0.999,-2.04343474e-08,5.23224412e-08,1.28224001e-07,-2.50458894e-07,2.22320389e-08,1.52272242e-07,-2.77917725e-07,-1.61615906e-06
1.0,0.0,0.0,0.0,0.0,-0.0,-0.0,-0.0,-0.0
