r	R  6/ 3	R  7/ 3	R  8/ 3	R  9/ 3	R 10/ 3	R 11/ 3	R 12/ 3	R 13/ 3	R 14/ 3	R 15/ 3	I  6/ 3	I  7/ 3	I  8/ 3	I  9/ 3	I 10/ 3	I 11/ 3	I 12/ 3	I 13/ 3	I 14/ 3	I 15/ 3
 0.000000E+00	 0.00000000E+00	 0.00000000E+00	 0.00000000E+00	 0.00000000E+00	 0.00000000E+00	 0.00000000E+00	 0.00000000E+00	 0.00000000E+00	 0.00000000E+00	 0.00000000E+00	 0.00000000E+00	 0.00000000E+00	 0.00000000E+00	 0.00000000E+00	 0.00000000E+00	 0.00000000E+00	 0.00000000E+00	 0.00000000E+00	 0.00000000E+00	 0.00000000E+00
 1.000000E-03	 3.37521402E-11	 4.66534723E-13	-2.61497329E-11	-1.11369525E-12	 2.01817322E-13	 1.36211200E-13	 2.43490643E-13	 2.57880981E-14	 4.81755065E-14	 3.35339984E-15	 8.76621629E-11	 7.39653795E-13	-6.88338460E-11	-1.98495582E-12	 7.84002634E-13	 2.56384338E-13	 6.48528202E-13	 4.68996274E-14	 1.26907920E-13	 6.25279523E-15
 2.000000E-03	 6.01280541E-10	 2.19508455E-11	-1.46521219E-10	-1.03426097E-11	-6.82214345E-12	 5.09327265E-14	-1.13973460E-13	 6.62400648E-14	 3.77484998E-14	 1.15173360E-14	 1.57192651E-09	 3.79941346E-11	-3.91517641E-10	-1.86988298E-11	-1.64603962E-11	 1.64858563E-13	-2.34111188E-13	 1.16841328E-13	 1.06270741E-13	 2.07174660E-14
 3.000000E-03	 3.86474438E-09	 2.10841795E-10	-4.41950729E-10	-4.54922171E-11	-2.89745368E-11	-1.42537377E-12	-1.65991088E-12	 3.26590067E-14	-8.40786154E-14	 1.65123295E-14	 1.01434502E-08	 3.68730485E-10	-1.21854543E-09	-8.32023454E-11	-7.08700679E-11	-2.14931102E-12	-4.22181215E-12	 4.68585368E-14	-2.11331646E-13	 2.70531784E-14
 4.000000E-03	 1.52082882E-08	 1.09862368E-09	-9.44945378E-10	-1.34370874E-10	-7.63072344E-11	-6.42413100E-12	-5.08702761E-12	-2.41169518E-13	-3.73587976E-13	 3.67876632E-15	 4.00677307E-08	 1.93099026E-09	-2.78613231E-09	-2.50754288E-10	-1.84186581E-10	-9.70064040E-12	-1.30086778E-11	-4.25757195E-13	-9.84349370E-13	-9.49498936E-17
 5.000000E-03	 4.47702009E-08	 4.02810535E-09	-1.55980862E-09	-3.09191471E-10	-1.62904059E-10	-1.80564152E-11	-1.13579972E-11	-9.96495165E-13	-9.00616906E-13	-4.84804754E-14	 1.18438782E-07	 7.10826540E-09	-5.28989147E-09	-5.98743674E-10	-3.82442899E-10	-2.63419102E-11	-2.84699286E-11	-1.63839210E-12	-2.38620558E-12	-9.32369845E-14
 6.000000E-03	 1.08886700E-07	 1.17407142E-08	-1.91532218E-09	-5.93112696E-10	-3.08286456E-10	-4.04646039E-11	-2.19010965E-11	-2.54712790E-12	-1.76011815E-12	-1.68046104E-13	 2.89391586E-07	 2.07992671E-08	-8.83507255E-09	-1.22608945E-09	-6.97893563E-10	-5.66947993E-11	-5.26885560E-11	-3.99885398E-12	-4.60911778E-12	-2.91050744E-13
 7.000000E-03	 2.31419661E-07	 2.91155140E-08	-1.12863302E-09	-9.73413051E-10	-5.37250488E-10	-7.90158687E-11	-3.88399208E-11	-5.28078160E-12	-3.08522689E-12	-3.89654145E-13	 6.18259037E-07	 5.17923044E-08	-1.33550006E-08	-2.25185206E-09	-1.17190276E-09	-1.06201823E-10	-8.79444514E-11	-7.99706831E-12	-7.86595556E-12	-6.38429555E-13
 8.000000E-03	 4.44941141E-07	 6.40481283E-08	 2.53995991E-09	-1.35431335E-09	-8.76920009E-10	-1.40722196E-10	-6.52610092E-11	-9.66617987E-12	-5.06190692E-12	-7.54942103E-13	 1.19565873E-06	 1.14443336E-07	-1.84886033E-08	-3.81249629E-09	-1.86002635E-09	-1.81115260E-10	-1.36665514E-10	-1.42305783E-11	-1.23900972E-11	-1.18740046E-12
 9.000000E-03	 7.91748345E-07	 1.28455265E-07	 1.21605016E-08	-1.48099373E-09	-1.34947880E-09	-2.34941339E-10	-1.05525283E-10	-1.62645658E-11	-7.94527568E-12	-1.31353906E-12	 2.14149444E-06	 2.30656396E-07	-2.34070131E-08	-6.05688819E-09	-2.84089670E-09	-2.88189349E-10	-2.01344276E-10	-2.34423811E-11	-1.84334237E-11	-1.99875918E-12
 1.000000E-02	 1.32468371E-06	 2.39388080E-07	 3.27530387E-08	-8.24895280E-10	-1.95845660E-09	-3.74452844E-10	-1.65633023E-10	-2.57421883E-11	-1.20778212E-11	-2.12453565E-12	 3.60885637E-06	 4.32164634E-07	-2.65782630E-08	-9.13766756E-09	-4.23091345E-09	-4.33778537E-10	-2.84425760E-10	-3.65711250E-11	-2.62627800E-11	-3.14431756E-12
 1.100000E-02	 2.10773590E-06	 4.20235206E-07	 7.20697718E-08	 1.58101383E-09	-2.66566783E-09	-5.77091105E-10	-2.53654847E-10	-3.88792391E-11	-1.79098540E-11	-3.25830421E-12	 5.78780381E-06	 7.63109595E-07	-2.54580512E-08	-1.31971006E-08	-6.20724108E-09	-6.21928034E-10	-3.88171409E-10	-5.48151693E-11	-3.61553371E-11	-4.70976839E-12
 1.200000E-02	 3.21639884E-06	 7.01993897E-07	 1.41554231E-07	 7.36967100E-09	-3.35500292E-09	-8.68237468E-10	-3.80241428E-10	-5.65702719E-11	-2.60226246E-11	-4.79848969E-12	 8.90901261E-06	 1.28291572E-06	-1.60934090E-08	-1.83448597E-08	-9.04219941E-09	-8.50868514E-10	-5.14501767E-10	-7.97129393E-11	-4.83933392E-11	-6.79822141E-12
 1.300000E-02	 4.73776746E-06	 1.12458547E-06	 2.57489960E-07	 1.91439806E-08	-3.77827404E-09	-1.28462224E-09	-5.59223438E-10	-7.98108292E-11	-3.71545308E-11	-6.84399492E-12	 1.32472695E-05	 2.06945615E-06	 7.37511300E-09	-2.46243748E-08	-1.31527641E-08	-1.10709895E-09	-6.64818494E-10	-1.13242021E-10	-6.32586811E-11	-9.53462077E-12
 1.400000E-02	 6.77035048E-06	 1.73818894E-06	 4.42348893E-07	 4.08726132E-08	-3.47721753E-09	-1.88006900E-09	-8.08311611E-10	-1.09664579E-10	-5.22307295E-11	-9.51080350E-12	 1.91247939E-05	 3.22250507E-06	 5.33284178E-08	-3.19634397E-08	-1.91695305E-08	-1.35596517E-09	-8.39804283E-10	-1.57938742E-10	-8.10277941E-11	-1.30711953E-11
 1.500000E-02	 9.42358238E-06	 2.60456478E-06	 7.26347095E-07	 7.83937334E-08	-1.67454779E-09	-2.73403562E-09	-1.14990564E-09	-1.47204468E-10	-7.23963412E-11	-1.29334580E-11	 2.69143677E-05	 4.86747046E-06	 1.33417997E-07	-4.01036171E-08	-2.80301061E-08	-1.52731969E-09	-1.03919678E-09	-2.17038330E-10	-1.01967284E-10	-1.75942972E-11
 1.600000E-02	 1.28170189E-05	 3.79833843E-06	 1.14921275E-06	 1.40043812E-07	 2.87436539E-09	-3.96407684E-09	-1.61202023E-09	-1.93420228E-10	-9.90531875E-11	-1.72661159E-11	 3.70422515E-05	 7.15940017E-06	 2.63467571E-07	-4.85016674E-08	-4.11024612E-08	-1.49448275E-09	-1.26152886E-09	-2.94633656E-10	-1.26330861E-10	-2.33327882E-11
 1.700000E-02	 1.70792022E-05	 5.40821163E-06	 1.76216828E-06	 2.37429518E-07	 1.20790636E-08	-5.74368060E-09	-2.22933683E-09	-2.49083123E-10	-1.33899912E-10	-2.26829518E-11	 4.99908653E-05	 1.02872525E-05	 4.64546902E-07	-5.61947084E-08	-6.03442542E-08	-1.04431680E-09	-1.50382244E-09	-3.95847354E-10	-1.54358040E-10	-3.05683869E-11
 1.800000E-02	 2.23461854E-05	 7.53806754E-06	 2.63012528E-06	 3.86361356E-07	 2.87722331E-08	-8.32732202E-09	-3.04439093E-09	-3.14556888E-10	-1.78974952E-10	-2.93778939E-11	 6.63012112E-05	 1.44784207E-05	 7.64238717E-07	-6.16190915E-08	-8.85045386E-08	 1.64219376E-10	-1.76121589E-09	-5.27008547E-10	-1.86275136E-10	-3.96481255E-11
 1.900000E-02	 2.87597064E-05	 1.03079343E-05	 3.83408735E-06	 6.07968257E-07	 5.70416943E-08	-1.20850425E-08	-4.10890660E-09	-3.89541946E-10	-2.36701824E-10	-3.75634175E-11	 8.65750145E-05	 2.00034997E-05	 1.19812086E-06	-6.23710542E-08	-1.29374525E-07	 2.65615175E-09	-2.02649615E-09	-6.95820213E-10	-2.22298911E-10	-5.09992881E-11
 2.000000E-02	 3.64650065E-05	 1.38547701E-05	 5.47375236E-06	 9.30012593E-07	 1.02651007E-07	-1.75494047E-08	-5.48529347E-09	-4.72737400E-10	-3.09935620E-10	-4.74683495E-11	 1.11476557E-04	 2.71812800E-05	 1.81148688E-06	-5.48950587E-08	-1.88094170E-07	 7.21483148E-09	-2.28949579E-09	-9.11497521E-10	-2.62643047E-10	-6.51470015E-11
 2.100000E-02	 4.56082905E-05	 1.83330309E-05	 7.67030165E-06	 1.38842524E-06	 1.73565421E-07	-2.54783042E-08	-7.24832562E-09	-5.61403067E-10	-4.02009640E-10	-5.93345227E-11	 1.41734177E-04	 3.63839524E-05	 2.66132920E-06	-3.40833668E-08	-2.71521302E-07	 1.49786890E-08	-2.53630311E-09	-1.18484967E-09	-3.07527343E-10	-8.27347058E-11
 2.200000E-02	 5.63338275E-05	 2.39149829E-05	 1.05693595E-05	 2.02908010E-06	 2.80601850E-07	-3.69378431E-08	-9.48702843E-09	-6.50800716E-10	-5.16780356E-10	-7.34120007E-11	 1.78141413E-04	 4.80425055E-05	 3.81860965E-06	 7.23218200E-09	-3.88669666E-07	 2.75650968E-08	-2.74821931E-09	-1.52826885E-09	-3.57188878E-10	-1.04547693E-10
 2.300000E-02	 6.87806973E-05	 3.07907179E-05	 1.43441021E-05	 2.90982711E-06	 4.38223564E-07	-5.34102956E-08	-1.23068054E-08	-7.33491413E-10	-6.58668985E-10	-8.99531200E-11	 2.21557762E-04	 6.26522923E-05	 5.37084279E-06	 7.89180194E-08	-5.51221763E-07	 4.72265751E-08	-2.90038071E-09	-1.95557849E-09	-4.11894177E-10	-1.31539771E-10
 2.400000E-02	 8.30791876E-05	 3.91678324E-05	 1.91984902E-05	 4.10280194E-06	 6.65502349E-07	-7.69331234E-08	-1.58318493E-08	-7.98462900E-10	-8.32696986E-10	-1.09204536E-10	 2.72909015E-04	 8.07787430E-05	 7.42501762E-06	 1.94331161E-07	-7.74121490E-07	 7.70450985E-08	-2.95994906E-09	-2.48167973E-09	-4.71949897E-10	-1.64863106E-10
 2.500000E-02	 9.93468531E-05	 4.92707278E-05	 2.53705953E-05	 5.69702962E-06	 9.87273008E-07	-1.10276046E-07	-2.02078924E-08	-8.30058055E-10	-1.04451248E-09	-1.31398427E-10	 3.33187165E-04	 1.03063195E-04	 1.01108831E-05	 3.71294026E-07	-1.07625048E-06	 1.21170757E-07	-2.88375647E-09	-3.12191953E-09	-5.37709149E-10	-2.05901149E-10
 2.600000E-02	 1.17684250E-04	 6.13394925E-05	 3.31359850E-05	 7.80133767E-06	 1.43550714E-06	-1.57164329E-07	-2.56053668E-08	-8.06673453E-10	-1.30040429E-09	-1.56741286E-10	 4.03449836E-04	 1.30228812E-04	 1.35846225E-05	 6.33283208E-07	-1.48119049E-06	 1.85111476E-07	-2.61527576E-09	-3.89108507E-09	-6.09568503E-10	-2.56304210E-10
 2.700000E-02	 1.38170364E-04	 7.56283232E-05	 4.28111260E-05	 1.05475927E-05	 2.05093521E-06	-2.22557733E-07	-3.22230618E-08	-6.99194094E-10	-1.60729910E-09	-1.85402685E-10	 4.84819214E-04	 1.63086551E-04	 1.80329413E-05	 1.01086720E-06	-2.01807241E-06	 2.76080875E-07	-2.08077203E-09	-4.80190758E-09	-6.87949757E-10	-3.18027746E-10
 2.800000E-02	 1.60857752E-04	 9.24034464E-05	 5.47567618E-05	 1.40942720E-05	 2.88494802E-06	-3.12995976E-07	-4.02923851E-08	-4.69130605E-10	-1.97273777E-09	-2.17501743E-10	 5.78480455E-04	 2.02541146E-04	 2.36775911E-05	 1.54343182E-06	-2.72251005E-06	 4.03411639E-07	-1.18447955E-09	-5.86293342E-09	-7.73257752E-10	-3.93371922E-10
 2.900000E-02	 1.85767426E-04	 1.11940501E-04	 6.93812121E-05	 1.86303781E-05	 4.00181031E-06	-4.37023076E-07	-5.00823586E-08	-6.64225965E-11	-2.40482477E-09	-2.53094980E-10	 6.85679538E-04	 2.49597065E-04	 3.07803508E-05	 2.28123584E-06	-3.63761425E-06	 5.79041957E-07	 1.97362957E-10	-7.07559111E-09	-8.65803564E-10	-4.85023033E-10
 3.000000E-02	 2.12883506E-04	 1.34521342E-04	 8.71435414E-05	 2.43797031E-05	 5.48122142E-06	-6.05704591E-07	-6.19054983E-08	 5.73123241E-10	-2.91214616E-09	-2.92163128E-10	 8.07720537E-04	 3.05364389E-04	 3.96484848E-05	 3.28784344E-06	-4.81507971E-06	 8.18082611E-07	 2.22379074E-09	-8.43024936E-09	-9.65679430E-10	-5.96093736E-10
 3.100000E-02	 2.42147675E-04	 1.60430236E-04	 1.08556534E-04	 3.16054422E-05	 7.42125895E-06	-8.33253497E-07	-7.61247549E-08	 1.53079001E-09	-3.50364994E-09	-3.34601187E-10	 9.45962282E-04	 3.71064566E-04	 5.06406940E-05	 4.64298383E-06	-6.31633307E-06	 1.13947216E-06	 5.09788688E-09	-9.90102199E-09	-1.07256852E-09	-7.30163852E-10
 3.200000E-02	 2.73453478E-04	 1.89949404E-04	 1.34189412E-04	 4.06151555E-05	 9.94174305E-06	-1.13778229E-06	-9.31617164E-08	 2.90831871E-09	-4.18848321E-09	-3.80209972E-10	 1.10181440E-03	 4.48035994E-04	 6.41735718E-05	 6.44589257E-06	-8.21372714E-06	 1.56672736E-06	 9.07723049E-09	-1.14390356E-08	-1.18547002E-09	-8.91315923E-10
 3.300000E-02	 3.06640505E-04	 2.23353890E-04	 1.64670221E-04	 5.17660675E-05	 1.31880601E-05	-1.54220088E-06	-1.13506352E-07	 4.83171382E-09	-4.97577288E-09	-4.28695431E-10	 1.27673267E-03	 5.37739350E-04	 8.07285758E-05	 8.81919302E-06	-1.05917606E-05	 2.12879544E-06	 1.44861182E-08	-1.29638326E-08	-1.30230269E-09	-1.08416797E-09
 3.400000E-02	 3.41488501E-04	 2.60905726E-04	 2.00687817E-04	 6.54706921E-05	 1.73354847E-05	-2.07528204E-06	-1.37728553E-07	 7.45549429E-09	-5.87434871E-09	-4.79677956E-10	 1.47221377E-03	 6.41762631E-04	 1.00859517E-04	 1.19133802E-05	-1.35482979E-05	 2.86101407E-06	 2.17297156E-08	-1.43525352E-08	-1.41936587E-09	-1.31389363E-09
 3.500000E-02	 3.77711463E-04	 3.02847368E-04	 2.42993366E-04	 8.22027619E-05	 2.25940403E-05	-2.77291797E-06	-1.66491759E-07	 1.09673801E-08	-6.89240439E-09	-5.32714275E-10	 1.68978922E-03	 7.61825818E-04	 1.25200570E-04	 1.59119733E-05	-1.71957587E-05	 3.80618376E-06	 3.13102358E-08	-1.54263244E-08	-1.53061665E-09	-1.58623726E-09
 3.600000E-02	 4.14951764E-04	 3.49394379E-04	 2.92401271E-04	 1.02503433E-04	 2.92139361E-05	-3.67959404E-06	-2.00569009E-07	 1.55933762E-08	-8.03708931E-09	-5.87338597E-10	 1.93101873E-03	 8.99785101E-04	 1.54474785E-04	 2.10374054E-05	-2.16622382E-05	 5.01575615E-06	 4.38451830E-08	-1.59337347E-08	-1.62672020E-09	-1.90750874E-09
 3.700000E-02	 4.52774379E-04	 4.00727355E-04	 3.49789453E-04	 1.26987731E-04	 3.74916199E-05	-4.85010774E-06	-2.40861762E-07	 2.16031999E-08	-9.31403048E-09	-6.43124138E-10	 2.19748274E-03	 1.05763658E-03	 1.89503109E-04	 2.75577253E-05	-2.70925158E-05	 6.55113959E-06	 6.00876341E-08	-1.55301888E-08	-1.69381384E-09	-2.28457098E-09
 3.800000E-02	 4.90661263E-04	 4.56983081E-04	 4.16098876E-04	 1.56351190E-04	 4.77764835E-05	-6.35156307E-06	-2.88421866E-07	 2.93159558E-08	-1.07267793E-08	-6.99780696E-10	 2.49077426E-03	 1.23751935E-03	 2.31213874E-04	 3.57941837E-05	-3.36488987E-05	 8.48512182E-06	 8.09484599E-08	-1.37531327E-08	-1.71192903E-09	-2.72479402E-09
 3.900000E-02	 5.28005955E-04	 5.18244908E-04	 4.92332230E-04	 1.91376637E-04	 6.04782545E-05	-8.26567280E-06	-3.44477037E-07	 3.91059284E-08	-1.22761922E-08	-7.57284189E-10	 2.81248996E-03	 1.44171797E-03	 2.80652728E-04	 4.61297847E-05	-4.15118423E-05	 1.09034064E-05	 1.07520289E-07	-9.99203565E-09	-1.65299129E-09	-3.23600274E-09
 4.000000E-02	 5.64108470E-04	 5.84532364E-04	 5.79551678E-04	 2.32941046E-04	 7.60751063E-05	-1.06914030E-05	-4.10460237E-07	 5.14082964E-08	-1.39597470E-08	-8.16064401E-10	 3.16422054E-03	 1.67266402E-03	 3.38992982E-04	 5.90188804E-05	-5.08802787E-05	 1.39062569E-05	 1.41102921E-07	-3.45244688E-09	-1.47832516E-09	-3.82637395E-09
 4.100000E-02	 5.98170565E-04	 6.55790009E-04	 6.78875567E-04	 2.82022396E-04	 9.51225130E-05	-1.37479960E-05	-4.88043249E-07	 6.67245010E-08	-1.57708187E-08	-8.77236949E-10	 3.54754031E-03	 1.93293696E-03	 4.07546304E-04	 7.49978893E-05	-6.19715782E-05	 1.76102398E-05	 1.83229815E-07	 6.88681377E-09	-1.13556725E-09	-4.50433466E-09
 4.200000E-02	 6.29291439E-04	 7.31875548E-04	 7.91473996E-04	 3.39706439E-04	 1.18262872E-04	-1.75784098E-05	-5.79174819E-07	 8.56269025E-08	-1.76979256E-08	-9.42917555E-10	 3.96399610E-03	 2.22526385E-03	 4.87773723E-04	 9.46972195E-05	-7.50210583E-05	 2.21500513E-05	 2.35695122E-07	 2.23243166E-08	-5.54893681E-10	-5.27838538E-09
 4.300000E-02	 6.56463959E-04	 8.12547240E-04	 9.18563154E-04	 4.07193275E-04	 1.46235913E-04	-2.23532127E-05	-6.86123829E-07	 1.08762369E-07	-1.97239444E-08	-1.01660863E-09	 4.41509545E-03	 2.55251816E-03	 5.81296852E-04	 1.18854477E-04	-9.02809433E-05	 2.76804120E-05	 3.00580096E-07	 4.44956232E-08	 3.55645129E-10	-6.15693223E-09
 4.400000E-02	 6.78571482E-04	 8.97450638E-04	 1.06139833E-03	 4.85803623E-04	 1.79889896E-04	-2.82749763E-05	-8.11527638E-07	 1.36854336E-07	-2.18253555E-08	-1.10372618E-09	 4.90229402E-03	 2.91771729E-03	 6.89909263E-04	 1.48329039E-04	-1.08018672E-04	 3.43780051E-05	 3.80278176E-07	 7.54429720E-08	 1.71573945E-09	-7.14800686E-09
 4.500000E-02	 6.94385370E-04	 9.86104704E-04	 1.22126547E-03	 5.76984653E-04	 2.20193607E-04	-3.55832061E-05	-9.58445655E-07	 1.70702682E-07	-2.39715845E-08	-1.21221962E-09	 5.42698248E-03	 3.32401890E-03	 8.15587912E-04	 1.84118059E-04	-1.28514436E-04	 4.24434305E-05	 4.77517607E-07	 1.17696381E-07	 3.67954807E-09	-8.25902068E-09
 4.600000E-02	 7.02563264E-04	 1.07788737E-03	 1.39947126E-03	 6.82315243E-04	 2.68249140E-04	-4.45598529E-05	-1.13041815E-06	 2.11180643E-07	-2.61244946E-08	-1.35336875E-09	 5.99047264E-03	 3.77471580E-03	 9.60504506E-04	 2.27373993E-04	-1.52057836E-04	 5.21031401E-05	 5.95380151E-07	 1.74367558E-07	 6.44371390E-09	-9.49638462E-09
 4.700000E-02	 7.01648216E-04	 1.17202059E-03	 1.59733153E-03	 8.03510484E-04	 3.25305433E-04	-5.55354481E-05	-1.33153014E-06	 2.59227839E-07	-2.82381239E-08	-1.54269320E-09	 6.59398305E-03	 4.27322941E-03	 1.12703670E-03	 2.79423692E-04	-1.78943499E-04	 6.36113123E-05	 7.37314180E-07	 2.49258162E-07	 1.02568730E-08	-1.08651970E-08
 4.800000E-02	 6.90068763E-04	 1.26755503E-03	 1.81615805E-03	 9.42425271E-04	 3.92772544E-04	-6.88959019E-05	-1.56647985E-06	 3.15838321E-07	-3.02587649E-08	-1.80110151E-09	 7.23862405E-03	 4.82310159E-03	 1.31777896E-03	 3.41789128E-04	-2.09465542E-04	 7.72516181E-05	 9.07140244E-07	 3.46984008E-07	 1.54308541E-08	-1.23687754E-08
 4.900000E-02	 6.66140014E-04	 1.36335440E-03	 2.05724349E-03	 1.10105677E-03	 4.72236600E-04	-8.50900074E-05	-1.84065119E-06	 3.82042328E-07	-3.21255458E-08	-2.15616914E-09	 7.92538240E-03	 5.42798483E-03	 1.53555299E-03	 4.16209803E-04	-2.43910710E-04	 9.33388205E-05	 1.10904690E-06	 4.73117010E-07	 2.23537949E-08	-1.40082995E-08
 5.000000E-02	 6.28065851E-04	 1.45807962E-03	 2.32184458E-03	 1.28154559E-03	 5.65475362E-04	-1.04637685E-04	-2.16018898E-06	 4.58880149E-07	-3.37716650E-08	-2.64371377E-09	 8.65510534E-03	 6.09163052E-03	 1.78341753E-03	 5.04666879E-04	-2.82550032E-04	 1.12220143E-04	 1.34757458E-06	 6.34346666E-07	 3.15053966E-08	-1.57823007E-08
 5.100000E-02	 5.73942314E-04	 1.55017290E-03	 2.61116344E-03	 1.48617531E-03	 6.74474319E-04	-1.28139004E-04	-2.53207544E-06	 5.47366103E-07	-3.51265522E-08	-3.30946171E-09	 9.42848452E-03	 6.81787549E-03	 2.06467729E-03	 6.09409038E-04	-3.25628840E-04	 1.34276334E-04	 1.62758523E-06	 8.38663137E-07	 4.34744738E-08	-1.76863209E-08
 5.200000E-02	 5.01762253E-04	 1.63784189E-03	 2.92632685E-03	 1.71737032E-03	 8.01443203E-04	-1.56284006E-04	-2.96420631E-06	 6.48440224E-07	-3.61190832E-08	-4.21102837E-09	 1.02460395E-02	 7.61062642E-03	 2.38289097E-03	 7.32980102E-04	-3.73354965E-04	 1.59922336E-04	 1.95421549E-06	 1.09556374E-06	 5.89790828E-08	-1.97124251E-08
 5.300000E-02	 4.09421320E-04	 1.71904404E-03	 3.26836375E-03	 1.97769151E-03	 9.48832821E-04	-1.89863363E-04	-3.46546571E-06	 7.62905752E-07	-3.66819829E-08	-5.42004260E-09	 1.11081013E-02	 8.47384226E-03	 2.74187800E-03	 8.78248381E-04	-4.25884926E-04	 1.89607481E-04	 2.33280583E-06	 1.41628484E-06	 7.88902025E-08	-2.18488647E-08
 5.400000E-02	 2.94725370E-04	 1.79147136E-03	 3.63818063E-03	 2.26982963E-03	 1.11935203E-03	-2.29779883E-04	-4.04579603E-06	 8.91350244E-07	-3.67578454E-08	-7.02481630E-09	 1.20147956E-02	 9.41151438E-03	 3.14572387E-03	 1.04843773E-03	-4.83307926E-04	 2.23815094E-04	 2.76880498E-06	 1.81406087E-06	 1.04258641E-07	-2.40795622E-08
 5.500000E-02	 1.55399340E-04	 1.85253576E-03	 4.03653509E-03	 2.59659598E-03	 1.31598472E-03	-2.77060889E-04	-4.71625929E-06	 1.03404699E-06	-3.63073551E-08	-9.13312881E-09	 1.29660263E-02	 1.04276446E-02	 3.59878380E-03	 1.24716023E-03	-5.45627470E-04	 2.63061397E-04	 3.26764618E-06	 2.30441276E-06	 1.36345365E-07	-2.63838324E-08
 5.600000E-02	-1.09023416E-05	 1.89935512E-03	 4.46400738E-03	 2.96091020E-03	 1.54200653E-03	-3.32871460E-04	-5.48908557E-06	 1.19083302E-06	-3.53199660E-08	-1.18754497E-08	 1.39614592E-02	 1.15262210E-02	 4.10568446E-03	 1.47845051E-03	-6.12740427E-04	 3.07893596E-04	 3.83459110E-06	 2.90546785E-06	 1.76655785E-07	-2.87360338E-08
 5.700000E-02	-2.06583762E-04	 1.92874040E-03	 4.92097020E-03	 3.36578466E-03	 1.80100116E-03	-3.98528531E-04	-6.37770367E-06	 1.36095980E-06	-3.38277505E-08	-1.54081860E-08	 1.50005059E-02	 1.27111907E-02	 4.67132352E-03	 1.74680139E-03	-6.84413331E-04	 3.58886994E-04	 4.47453704E-06	 3.63831336E-06	 2.26978275E-07	-3.11055444E-08
 5.800000E-02	-4.34093905E-04	 1.93718394E-03	 5.40755657E-03	 3.81430529E-03	 2.09687596E-03	-4.75515843E-04	-7.39674789E-06	 1.54291200E-06	-3.19227972E-08	-1.99173206E-08	 1.60823083E-02	 1.39864318E-02	 5.30086673E-03	 2.05720095E-03	-7.60255742E-04	 4.16641005E-04	 5.19178347E-06	 4.52738554E-06	 2.89427334E-07	-3.34567520E-08
 5.900000E-02	-6.95911381E-04	 1.92084921E-03	 5.92362619E-03	 4.30960840E-03	 2.43387647E-03	-5.65499687E-04	-8.56203383E-06	 1.73418949E-06	-2.97791277E-08	-2.56219991E-08	 1.72057235E-02	 1.53557207E-02	 5.99974230E-03	 2.41517065E-03	-8.39690511E-04	 4.81773900E-04	 5.98975413E-06	 5.60089635E-06	 3.66491559E-07	-3.57494630E-08
 6.000000E-02	-9.94527482E-04	 1.87556234E-03	 6.46873016E-03	 4.85485311E-03	 2.81659966E-03	-6.70345416E-04	-9.89049489E-06	 1.93104643E-06	-2.76797140E-08	-3.27782650E-08	 1.83693099E-02	 1.68226993E-02	 6.77363218E-03	 2.82680435E-03	-9.21920755E-04	 5.54916106E-04	 6.87067197E-06	 6.89129966E-06	 4.61086601E-07	-3.79394408E-08
 6.100000E-02	-1.33242755E-03	 1.79680558E-03	 7.04207437E-03	 5.45318914E-03	 3.25000542E-03	-7.92134626E-04	-1.14000700E-05	 2.12818026E-06	-2.60497774E-08	-4.16824538E-08	 1.95713141E-02	 1.83908380E-02	 7.62846005E-03	 3.29880795E-03	-1.00589345E-03	 6.36701895E-04	 7.83518707E-06	 8.43579831E-06	 5.76612778E-07	-3.99794300E-08
 6.200000E-02	-1.71207069E-03	 1.67971311E-03	 7.64248174E-03	 6.10771938E-03	 3.73942596E-03	-9.33182929E-04	-1.31095341E-05	 2.31836243E-06	-2.54968197E-08	-5.26741365E-08	 2.08096584E-02	 2.00633973E-02	 8.57037575E-03	 3.83853935E-03	-1.09025947E-03	 7.27759272E-04	 8.88195586E-06	 1.02768926E-05	 7.17017535E-07	-4.18202372E-08
 6.300000E-02	-2.13586781E-03	 1.51906936E-03	 8.26835356E-03	 6.82145719E-03	 4.29057270E-03	-1.09605820E-03	-1.50382636E-05	 2.49200619E-06	-2.68581328E-08	-6.61390680E-08	 2.20819305E-02	 2.18433873E-02	 9.60573562E-03	 4.45404831E-03	-1.17332994E-03	 8.28697853E-04	 1.00071466E-05	 1.24629708E-05	 8.86867255E-07	-4.34120780E-08
 6.400000E-02	-2.60615804E-03	 1.30931029E-03	 8.91763021E-03	 7.59727769E-03	 4.90954004E-03	-1.28359921E-03	-1.72059210E-05	 2.63666632E-06	-3.12572309E-08	-8.25123490E-08	 2.33853745E-02	 2.37335237E-02	 1.07410788E-02	 5.15411582E-03	-1.25302879E-03	 9.40094549E-04	 1.12038847E-05	 1.50489417E-05	 1.09142441E-06	-4.47060136E-08
 6.500000E-02	-3.12518367E-03	 1.04452789E-03	 9.58775149E-03	 8.43786303E-03	 5.60280572E-03	-1.49893441E-03	-1.96320439E-05	 2.73646097E-06	-4.01710913E-08	-1.02281420E-07	 2.47168829E-02	 2.57361835E-02	 1.19830989E-02	 5.94829255E-03	-1.32684150E-03	 1.06247683E-03	 1.24616408E-05	 1.80969088E-05	 1.33672971E-06	-4.56558095E-08
 6.600000E-02	-3.69506347E-03	 7.18478102E-04	 1.02756171E-02	 9.34564103E-03	 6.37722700E-03	-1.74550081E-03	-2.23355213E-05	 2.77140468E-06	-5.55095921E-08	-1.25987853E-07	 2.60729915E-02	 2.78533575E-02	 1.33386109E-02	 6.84693566E-03	-1.39176006E-03	 1.19630334E-03	 1.37655601E-05	 2.16768866E-05	 1.62968958E-06	-4.62200803E-08
 6.700000E-02	-4.31776480E-03	 3.24592747E-04	 1.09775477E-02	 1.03227171E-02	 7.24003211E-03	-2.02706257E-03	-2.53339398E-05	 2.71664150E-06	-7.97091780E-08	-1.54228187E-07	 2.74498761E-02	 3.00866017E-02	 1.48145130E-02	 7.86124365E-03	-1.44422411E-03	 1.34194172E-03	 1.50957350E-05	 2.58675578E-05	 1.97816898E-06	-4.63649979E-08
 6.800000E-02	-4.99507426E-03	-1.44004435E-04	 1.16892465E-02	 1.13707989E-02	 8.19880637E-03	-2.34772911E-03	-2.86427774E-05	 2.54156485E-06	-1.15842665E-07	-1.87652342E-07	 2.88433511E-02	 3.24369865E-02	 1.64177431E-02	 9.00328819E-03	-1.48005843E-03	 1.49964326E-03	 1.64264313E-05	 3.07570699E-05	 2.39108800E-06	-4.60674668E-08
 6.900000E-02	-5.72856743E-03	-6.94477206E-04	 1.24057626E-02	 1.24911141E-02	 9.26147218E-03	-2.71197249E-03	-3.22744240E-05	 2.20880683E-06	-1.67747605E-07	-2.26959560E-07	 3.02488715E-02	 3.49050459E-02	 1.81552297E-02	 1.02860426E-02	-1.49440697E-03	 1.66951430E-03	 1.77252862E-05	 3.64438711E-05	 2.87852022E-06	-4.53190165E-08
 7.000000E-02	-6.51957746E-03	-1.33425141E-03	 1.31214565E-02	 1.36843197E-02	 1.04362622E-02	-3.12464347E-03	-3.62370109E-05	 1.67307099E-06	-2.40174742E-07	-2.72888393E-07	 3.16615368E-02	 3.74907244E-02	 2.00338377E-02	 1.17234057E-02	-1.48166384E-03	 1.85148412E-03	 1.89525200E-05	 4.30375773E-05	 3.45178651E-06	-4.41297967E-08
 7.100000E-02	-7.36916300E-03	-2.07098440E-03	 1.38299680E-02	 1.49504053E-02	 1.17316854E-02	-3.59098582E-03	-4.05330477E-05	 8.79766358E-07	-3.38956392E-07	-3.26197786E-07	 3.30760986E-02	 4.01933243E-02	 2.20603075E-02	 1.33302206E-02	-1.43540202E-03	 2.04526922E-03	 2.00602584E-05	 5.06598536E-05	 4.12353095E-06	-4.25310028E-08
 7.200000E-02	-8.27807555E-03	-2.91252911E-03	 1.45241868E-02	 1.62885875E-02	 1.31564847E-02	-4.11664859E-03	-4.51579158E-05	-2.36541315E-07	-4.71185481E-07	-3.87644643E-07	 3.44869708E-02	 4.30114526E-02	 2.42411888E-02	 1.51222870E-02	-1.34830020E-03	 2.25033399E-03	 2.09919865E-05	 5.94452650E-05	 4.90778154E-06	-4.05690610E-08
 7.300000E-02	-9.24672649E-03	-3.86689248E-03	 1.51962278E-02	 1.76971989E-02	 1.47195870E-02	-4.70769649E-03	-5.00982141E-05	-1.75372572E-06	-6.45401894E-07	-4.57985210E-07	 3.58882436E-02	 4.59429682E-02	 2.65827690E-02	 1.71163663E-02	-1.21206566E-03	 2.46584763E-03	 2.16816160E-05	 6.95420804E-05	 5.82009738E-06	-3.82889315E-08
 7.400000E-02	-1.02751540E-02	-4.94218805E-03	 1.58374106E-02	 1.91735685E-02	 1.64300437E-02	-5.37061797E-03	-5.53299211E-05	-3.76380717E-06	-8.71793408E-07	-5.37980588E-07	 3.72737006E-02	 4.89849295E-02	 2.90909941E-02	 1.93301782E-02	-1.01735557E-03	 2.69063697E-03	 2.20525872E-05	 8.11130838E-05	 6.87769938E-06	-3.57235498E-08
 7.500000E-02	-1.13629903E-02	-6.14658234E-03	 1.64382436E-02	 2.07138959E-02	 1.82969611E-02	-6.11232981E-03	-6.08163059E-05	-6.37492568E-06	-1.16243456E-06	-6.28379378E-07	 3.86368399E-02	 5.21335437E-02	 3.17713843E-02	 2.17823880E-02	-7.53697578E-04	 2.92313506E-03	 2.20171420E-05	 9.43363930E-05	 8.09956914E-06	-3.28901744E-08
 7.600000E-02	-1.25094291E-02	-7.48823504E-03	 1.69884146E-02	 2.23131179E-02	 2.03294200E-02	-6.94017788E-03	-6.65055594E-05	-9.71353228E-06	-1.53156294E-06	-7.29892279E-07	 3.99708989E-02	 5.53841178E-02	 3.46289441E-02	 2.44925832E-02	-4.09410378E-04	 3.16132552E-03	 2.14757247E-05	 1.09406222E-04	 9.50653119E-06	-2.97805499E-08
 7.700000E-02	-1.37131946E-02	-8.97523266E-03	 1.74767887E-02	 2.39647698E-02	 2.25363839E-02	-7.86193366E-03	-7.23281819E-05	-1.39267854E-05	-1.99588241E-06	-8.43164807E-07	 4.12688827E-02	 5.87310121E-02	 3.76680664E-02	 2.74812386E-02	 2.84752327E-05	 3.40268291E-03	 2.03164978E-05	 1.26533557E-04	 1.11213278E-05	-2.63426402E-08
 7.800000E-02	-1.49725106E-02	-1.06155158E-02	 1.78914126E-02	 2.56608410E-02	 2.49265960E-02	-8.88578588E-03	-7.81941514E-05	-1.91851470E-05	-2.57488901E-06	-9.68748305E-07	 4.25235972E-02	 6.21675964E-02	 4.08924308E-02	 3.07696676E-02	 5.74294046E-04	 3.64410899E-03	 1.84149556E-05	 1.45946722E-04	 1.29686894E-05	-2.24528431E-08
 7.900000E-02	-1.62850725E-02	-1.24167997E-02	 1.82195281E-02	 2.73916259E-02	 2.75084632E-02	-1.00203271E-02	-8.39898840E-05	-2.56851500E-05	-3.29121774E-06	-1.10707583E-06	 4.37276860E-02	 6.56862107E-02	 4.43048973E-02	 3.43799601E-02	 1.24382246E-03	 3.88186506E-03	 1.56335801E-05	 1.67891816E-04	 1.50754135E-05	-1.78783816E-08
 8.000000E-02	-1.76480201E-02	-1.43864884E-02	 1.84475946E-02	 2.91455710E-02	 3.02899278E-02	-1.12745349E-02	-8.95749539E-05	-3.36522688E-05	-4.17101646E-06	-1.25845188E-06	 4.48736714E-02	 6.92781304E-02	 4.79073949E-02	 3.83349041E-02	 2.05435294E-03	 4.11150029E-03	 1.18213759E-05	 1.92632999E-04	 1.74704764E-05	-1.22302352E-08
 8.100000E-02	-1.90579134E-02	-1.65315825E-02	 1.85613215E-02	 3.09091186E-02	 3.32783255E-02	-1.26577479E-02	-9.47783629E-05	-4.33437642E-05	-5.24437904E-06	-1.42307657E-06	 4.59540001E-02	 7.29335357E-02	 5.17008048E-02	 4.26578908E-02	 3.02476820E-03	 4.32777586E-03	 6.81287333E-06	 2.20452683E-04	 2.01852480E-05	-4.91564875E-09
 8.200000E-02	-2.05107117E-02	-1.88585802E-02	 1.85457122E-02	 3.26665484E-02	 3.64802265E-02	-1.41796368E-02	-9.93940894E-05	-5.50514021E-05	-6.54587172E-06	-1.60111059E-06	 4.69610927E-02	 7.66414890E-02	 5.56848397E-02	 4.73728005E-02	 4.17561375E-03	 4.52458412E-03	 4.26774519E-07	 2.51651727E-04	 2.32537474E-05	 4.89175527E-09
 8.300000E-02	-2.20017547E-02	-2.13733720E-02	 1.83851188E-02	 3.43998180E-02	 3.99012644E-02	-1.58501685E-02	-1.03176807E-04	-6.91043359E-05	-8.11497629E-06	-1.79270815E-06	 4.78873980E-02	 8.03899178E-02	 5.98579204E-02	 5.25038691E-02	 5.52915513E-03	 4.69486391E-03	-7.53281743E-06	 2.86549542E-04	 2.67123719E-05	 1.82631722E-08
 8.400000E-02	-2.35257487E-02	-2.40811299E-02	 1.80633111E-02	 3.60884049E-02	 4.35459481E-02	-1.76795618E-02	-1.05837236E-04	-8.58725536E-05	-9.99660473E-06	-1.99795332E-06	 4.87254506E-02	 8.41656066E-02	 6.42170511E-02	 5.80755326E-02	 7.10942574E-03	 4.83051254E-03	-1.72747358E-05	 3.25483964E-04	 3.05996422E-05	 3.65509094E-08
 8.500000E-02	-2.50767566E-02	-2.69861911E-02	 1.75635580E-02	 3.77091522E-02	 4.74174571E-02	-1.96782330E-02	-1.07037048E-04	-1.05770742E-04	-1.22416925E-05	-2.21675508E-06	 4.94679334E-02	 8.79541972E-02	 6.87576922E-02	 6.41122502E-02	 8.94226655E-03	 4.92229420E-03	-2.90191394E-05	 3.68810913E-04	 3.49560529E-05	 6.14475616E-08
 8.600000E-02	-2.66481928E-02	-3.00919368E-02	 1.68687245E-02	 3.92361201E-02	 5.15174208E-02	-2.18567315E-02	-1.06383473E-04	-1.29262402E-04	-1.49078294E-05	-2.44873945E-06	 5.01077430E-02	 9.17401988E-02	 7.34736336E-02	 7.06383023E-02	 1.10553550E-02	 4.95974531E-03	-4.29956734E-05	 4.16903836E-04	 3.98239433E-05	 9.50579108E-08
 8.700000E-02	-2.82328231E-02	-3.34006662E-02	 1.59613827E-02	 4.06404444E-02	 5.58456813E-02	-2.42256665E-02	-1.03423695E-04	-1.56864131E-04	-1.80599156E-05	-2.69315538E-06	 5.06380593E-02	 9.55070094E-02	 7.83568672E-02	 7.76775646E-02	 1.34782217E-02	 4.93107675E-03	-5.94413110E-05	 4.70152925E-04	 4.52473631E-05	 1.39986410E-07
 8.800000E-02	-2.98227712E-02	-3.69134678E-02	 1.48239401E-02	 4.18902064E-02	 6.04000402E-02	-2.67956220E-02	-9.76389824E-05	-1.89149987E-04	-2.17708502E-05	-2.94880325E-06	 5.10524187E-02	 9.92369477E-02	 8.33974625E-02	 8.52532563E-02	 1.62422536E-02	 4.82307338E-03	-7.85979276E-05	 5.28964106E-04	 5.12719383E-05	 1.99438887E-07
 8.900000E-02	-3.14095306E-02	-4.06300869E-02	 1.34387834E-02	 4.29503145E-02	 6.51759873E-02	-2.95770630E-02	-8.84384545E-05	-2.26755802E-04	-2.61222740E-05	-3.21400246E-06	 5.13447895E-02	 1.02911300E-01	 8.85834436E-02	 9.33876604E-02	 1.93806841E-02	 4.62099078E-03	-1.00709847E-04	 5.93757828E-04	 5.79447767E-05	 2.77336881E-07
 9.000000E-02	-3.29839848E-02	-4.45487922E-02	 1.17884412E-02	 4.37824029E-02	 7.01664104E-02	-3.25802306E-02	-7.51520289E-05	-2.70383273E-04	-3.12054367E-05	-3.48662506E-06	 5.15096516E-02	 1.06510376E-01	 9.39006704E-02	 1.02101817E-01	 2.29285702E-02	 4.30844836E-03	-1.26021872E-04	 6.64967793E-04	 6.53145024E-05	 3.78421116E-07
 9.100000E-02	-3.45364336E-02	-4.86662404E-02	 9.85576525E-03	 4.43447463E-02	 7.53612789E-02	-3.58150286E-02	-5.70213080E-05	-3.20803566E-04	-3.71223861E-05	-3.76422629E-06	 5.15420774E-02	 1.10013588E-01	 9.93327230E-02	 1.11415184E-01	 2.69227628E-02	 3.86731648E-03	-1.54778893E-04	 7.43040050E-04	 7.34316063E-05	 5.08293235E-07
 9.200000E-02	-3.60566292E-02	-5.29773411E-02	 7.62413321E-03	 4.45921959E-02	 8.07472974E-02	-3.92908998E-02	-3.31876638E-05	-3.78860505E-04	-4.39875373E-05	-4.04424756E-06	 5.14378160E-02	 1.13399534E-01	 1.04860792E-01	 1.21345272E-01	 3.14018620E-02	 3.27759462E-03	-1.87225864E-04	 8.28432952E-04	 8.23488330E-05	 6.73317885E-07
 9.300000E-02	-3.75338200E-02	-5.74751237E-02	 5.07766930E-03	 4.44761406E-02	 8.63075530E-02	-4.30166898E-02	-2.68367946E-06	-4.45473985E-04	-5.19283808E-05	-4.32408912E-06	 5.11933776E-02	 1.16646111E-01	 1.10463584E-01	 1.31907237E-01	 3.64061151E-02	 2.51728544E-03	-2.23598764E-04	 9.21617299E-04	 9.21197587E-05	 8.80483883E-07
 9.400000E-02	-3.89568037E-02	-6.21506065E-02	 2.20148639E-03	 4.39445008E-02	 9.20211377E-02	-4.70004926E-02	 3.55761597E-05	-5.21644757E-04	-6.10864104E-05	-4.60091202E-06	 5.08061187E-02	 1.19730635E-01	 1.16117236E-01	 1.43113450E-01	 4.19772790E-02	 1.56226750E-03	-2.64113810E-04	 1.02307586E-03	 1.02797365E-04	 1.13745026E-06
 9.500000E-02	-4.03139909E-02	-6.69926722E-02	-1.01804998E-03	 4.29417597E-02	 9.78627440E-02	-5.12494749E-02	 8.28066088E-05	-6.08460376E-04	-7.16184582E-05	-4.87128220E-06	 5.02743268E-02	 1.22629988E-01	 1.21795249E-01	 1.54973028E-01	 4.81584515E-02	 3.86165201E-04	-3.08956460E-04	 1.13330260E-03	 1.14432918E-04	 1.45268798E-06
 9.600000E-02	-4.15934785E-02	-7.19879497E-02	-4.59303490E-03	 4.14090370E-02	 1.03802232E-01	-5.57696791E-02	 1.40364165E-04	-7.07102058E-04	-8.36982711E-05	-5.13076671E-06	 4.95973046E-02	 1.25320776E-01	 1.27468435E-01	 1.67491339E-01	 5.49938653E-02	-1.03978528E-03	-3.58269105E-04	 1.25280207E-03	 1.27074879E-04	 1.83563775E-06
 9.700000E-02	-4.27831354E-02	-7.71207060E-02	-8.53371441E-03	 3.92842132E-02	 1.09804171E-01	-6.05658018E-02	 2.09760955E-04	-8.18852384E-04	-9.75183077E-05	-5.37350755E-06	 4.87754519E-02	 1.27779520E-01	 1.33104887E-01	 1.80669475E-01	 6.25286352E-02	-2.74687471E-03	-4.12136660E-04	 1.38208900E-03	 1.40767695E-04	 2.29685598E-06
 9.800000E-02	-4.38706983E-02	-8.23727493E-02	-1.28481519E-02	 3.65021091E-02	 1.15827343E-01	-6.56409472E-02	 2.92680444E-04	-9.45104038E-04	-1.13291824E-04	-5.59177604E-06	 4.78103446E-02	 1.29982852E-01	 1.38669970E-01	 1.94503685E-01	 7.08084539E-02	-4.76906486E-03	-4.70569201E-04	 1.52168836E-03	 1.55550338E-04	 2.84813816E-06
 9.900000E-02	-4.48438813E-02	-8.77233476E-02	-1.75418697E-02	 3.29947312E-02	 1.21824219E-01	-7.09963482E-02	 3.90995765E-04	-1.08736992E-03	-1.31255397E-04	-5.77547782E-06	 4.67048091E-02	 1.31907748E-01	 1.44126341E-01	 2.08984791E-01	 7.98792221E-02	-7.14313905E-03	-5.33480443E-04	 1.67213609E-03	 1.71454444E-04	 3.50257566E-06
 1.000000E-01	-4.56904976E-02	-9.31491649E-02	-2.26174640E-02	 2.86915885E-02	 1.27740382E-01	-7.66310514E-02	 5.06791582E-04	-1.24729515E-03	-1.51672033E-04	-5.91155633E-06	 4.54629916E-02	 1.33531771E-01	 1.49434008E-01	 2.24097565E-01	 8.97866003E-02	-9.90886244E-03	-6.00660478E-04	 1.83398134E-03	 1.88501872E-04	 4.27444844E-06
 1.010000E-01	-4.63985945E-02	-9.86242141E-02	-2.80741915E-02	 2.35200711E-02	 1.33513892E-01	-8.25415388E-02	 6.42391586E-04	-1.42667510E-03	-1.74835225E-04	-5.98260963E-06	 4.40904179E-02	 1.34833346E-01	 1.54550410E-01	 2.39820069E-01	 1.00575453E-01	-1.31091488E-02	-6.71742523E-04	 2.00778924E-03	 2.06701766E-04	 5.17915050E-06
 1.020000E-01	-4.69565996E-02	-1.04119823E-01	-3.39075226E-02	 1.74058584E-02	 1.39074607E-01	-8.87212149E-02	 8.00394266E-04	-1.62749429E-03	-2.01074925E-04	-5.96219436E-06	 4.25940402E-02	 1.35792050E-01	 1.59430549E-01	 2.56122940E-01	 1.12289132E-01	-1.67901815E-02	-7.46158163E-04	 2.19413447E-03	 2.26045595E-04	 6.23496491E-06
 1.030000E-01	-4.73534854E-02	-1.09604631E-01	-4.01086814E-02	 1.02734271E-02	 1.44343540E-01	-9.51597926E-02	 9.83694476E-04	-1.85197233E-03	-2.30761733E-04	-5.81012923E-06	 4.09822793E-02	 1.36388941E-01	 1.64027203E-01	 2.72968652E-01	 1.24968567E-01	-2.10014669E-02	-8.23066765E-04	 2.39358521E-03	 2.46497486E-04	 7.46617103E-06
 1.040000E-01	-4.75789475E-02	-1.15044623E-01	-4.66641672E-02	 2.04671585E-03	 1.49232213E-01	-1.01842668E-01	 1.19550356E-03	-2.10259740E-03	-2.64310048E-04	-5.47173764E-06	 3.92650474E-02	 1.36606912E-01	 1.68291203E-01	 2.90310790E-01	 1.38651202E-01	-2.57958667E-02	-9.01273859E-04	 2.60668717E-03	 2.67984260E-04	 8.90539997E-06
 1.050000E-01	-4.76235945E-02	-1.20403200E-01	-5.35552626E-02	-7.35006936E-03	 1.53642036E-01	-1.08750243E-01	 1.43936514E-03	-2.38215850E-03	-3.02180314E-04	-4.87801442E-06	 3.74537544E-02	 1.36431053E-01	 1.72171786E-01	 3.08093314E-01	 1.53369773E-01	-3.12295936E-02	-9.79142666E-04	 2.83394579E-03	 2.90385983E-04	 1.05958237E-05
 1.060000E-01	-4.74791509E-02	-1.25641304E-01	-6.07575329E-02	-1.79915019E-02	 1.57463715E-01	-1.15857159E-01	 1.71916305E-03	-2.69378311E-03	-3.44880432E-04	-3.94524745E-06	 3.55612915E-02	 1.35849045E-01	 1.75617019E-01	 3.26249839E-01	 1.69150867E-01	-3.73621483E-02	-1.05449254E-03	 3.07580329E-03	 3.13525430E-04	 1.25937223E-05
 1.070000E-01	-4.71386716E-02	-1.30717579E-01	-6.82403274E-02	-2.99498158E-02	 1.60576732E-01	-1.23131438E-01	 2.03911867E-03	-3.04098100E-03	-3.92966159E-04	-2.57417924E-06	 3.36019921E-02	 1.34851563E-01	 1.78574330E-01	 3.44702926E-01	 1.86013251E-01	-4.42561776E-02	-1.12447936E-03	 3.33260886E-03	 3.37155507E-04	 1.49715912E-05
 1.080000E-01	-4.65967654E-02	-1.35588606E-01	-7.59662917E-02	-4.32936048E-02	 1.62848929E-01	-1.30533525E-01	 2.40377322E-03	-3.42769379E-03	-4.47040005E-04	-6.48880600E-07	 3.15915626E-02	 1.33432695E-01	 1.80991142E-01	 3.63363436E-01	 2.03965906E-01	-5.19772302E-02	-1.18545456E-03	 3.60457976E-03	 3.60944138E-04	 1.78219649E-05
 1.090000E-01	-4.58498260E-02	-1.40209193E-01	-8.38909068E-02	-5.80863206E-02	 1.64136259E-01	-1.38015222E-01	 2.81794956E-03	-3.85835029E-03	-5.07747983E-04	 1.96451299E-06	 2.95469815E-02	 1.31590372E-01	 1.82815630E-01	 3.82129937E-01	 2.23005760E-01	-6.05933819E-02	-1.23280054E-03	 3.89175076E-03	 3.84456321E-04	 2.12621572E-05
 1.100000E-01	-4.48962669E-02	-1.44532740E-01	-9.19620727E-02	-7.43845527E-02	 1.64282745E-01	-1.45518520E-01	 3.28668611E-03	-4.33792691E-03	-5.75773398E-04	 5.41904318E-06	 2.74863612E-02	 1.29326797E-01	 1.83997615E-01	 4.00888228E-01	 2.43115063E-01	-7.01746942E-02	-1.26074056E-03	 4.19390893E-03	 4.07133153E-04	 2.54401266E-05
 1.110000E-01	-4.37367550E-02	-1.48511691E-01	-1.00119759E-01	-9.22360746E-02	 1.63120759E-01	-1.52974337E-01	 3.81513495E-03	-4.87201227E-03	-6.51826797E-04	 9.88793648E-06	 2.54287677E-02	 1.26648864E-01	 1.84489604E-01	 4.19511009E-01	 2.64258395E-01	-8.07924687E-02	-1.26212261E-03	 4.51051035E-03	 4.28267814E-04	 3.05416907E-05
 1.120000E-01	-4.23744376E-02	-1.52098071E-01	-1.08295754E-01	-1.11677645E-01	 1.60471712E-01	-1.60301158E-01	 4.40840796E-03	-5.46687410E-03	-7.36629734E-04	 1.55651508E-05	 2.33939931E-02	 1.23568564E-01	 1.84247992E-01	 4.37857741E-01	 2.86379258E-01	-9.25182450E-02	-1.22817632E-03	 4.84057418E-03	 4.46978255E-04	 3.67994049E-05
 1.130000E-01	-4.08151521E-02	-1.55244121E-01	-1.16413575E-01	-1.32732556E-01	 1.56147435E-01	-1.67403632E-01	 5.07133147E-03	-6.12952509E-03	-8.30885733E-04	 2.26652689E-05	 2.14022778E-02	 1.20103353E-01	 1.83234431E-01	 4.55774774E-01	 3.09396254E-01	-1.05422475E-01	-1.14824384E-03	 5.18254668E-03	 4.62176493E-04	 4.45038841E-05
 1.140000E-01	-3.90676088E-02	-1.57903041E-01	-1.24388560E-01	-1.55407943E-01	 1.49952341E-01	-1.74171151E-01	 5.80810660E-03	-6.86778215E-03	-9.35240259E-04	 3.14219021E-05	 1.94739762E-02	 1.16276468E-01	 1.81417373E-01	 4.73095820E-01	 3.33198902E-01	-1.19572797E-01	-1.00950344E-03	 5.53412658E-03	 4.72537632E-04	 5.40185348E-05
 1.150000E-01	-3.71435345E-02	-1.60029828E-01	-1.32128229E-01	-1.79691867E-01	 1.41686586E-01	-1.80476500E-01	 6.62185790E-03	-7.69030993E-03	-1.05022794E-03	 4.20833756E-05	 1.76291675E-02	 1.12117167E-01	 1.78773765E-01	 4.89642859E-01	 3.57643186E-01	-1.35031835E-01	-7.96706595E-04	 5.89204571E-03	 4.76471550E-04	 6.57978733E-05
 1.160000E-01	-3.50577627E-02	-1.61582235E-01	-1.39532947E-01	-2.05550242E-01	 1.31150448E-01	-1.86174653E-01	 7.51404673E-03	-8.60663565E-03	-1.17620387E-03	 5.49042339E-05	 1.58872106E-02	 1.07660866E-01	 1.75290870E-01	 5.05227588E-01	 3.82547027E-01	-1.51854473E-01	-4.91957852E-04	 6.25180024E-03	 4.72101120E-04	 8.04094580E-05
 1.170000E-01	-3.28282517E-02	-1.62521813E-01	-1.46496989E-01	-2.32923657E-01	 1.18150187E-01	-1.91101898E-01	 8.48372833E-03	-9.62711830E-03	-1.31325660E-03	 7.01307317E-05	 1.42662479E-02	 1.02949143E-01	 1.70968179E-01	 5.19653502E-01	 4.07685908E-01	-1.70084524E-01	-7.45800619E-05	 6.60732857E-03	 4.57252626E-04	 9.85593362E-05
 1.180000E-01	-3.04760121E-02	-1.62815046E-01	-1.52910069E-01	-2.61724246E-01	 1.02505627E-01	-1.95075433E-01	 9.52663799E-03	-1.07628506E-02	-1.46110118E-03	 8.79780589E-05	 1.27826674E-02	 9.80295769E-02	 1.65819317E-01	 5.32718719E-01	 4.32789044E-01	-1.89750788E-01	 4.78877445E-04	 6.95063486E-03	 4.29465923E-04	 1.21120554E-04
 1.190000E-01	-2.80249231E-02	-1.62434538E-01	-1.58659408E-01	-2.91832751E-01	 8.40596396E-02	-1.97893696E-01	 1.06341024E-02	-1.20254672E-02	-1.61895261E-03	 1.08596650E-04	 1.14505389E-02	 9.29553813E-02	 1.59873860E-01	 5.44219656E-01	 4.57536609E-01	-2.10862482E-01	 1.19441282E-03	 7.27136221E-03	 3.86034080E-04	 1.49163697E-04
 1.200000E-01	-2.55014184E-02	-1.61360221E-01	-1.63632406E-01	-3.23096020E-01	 6.26896838E-02	-1.99337684E-01	 1.17917875E-02	-1.34268269E-02	-1.78538166E-03	 1.32024626E-04	 1.02810477E-02	 8.77848032E-02	 1.53178901E-01	 5.53955610E-01	 4.81558711E-01	-2.33404102E-01	 2.10003538E-03	 7.55632603E-03	 3.24084239E-04	 1.83987642E-04
 1.210000E-01	-2.29340213E-02	-1.59580533E-01	-1.67719955E-01	-3.55325205E-01	 3.83213892E-02	-1.99173601E-01	 1.29783082E-02	-1.49785342E-02	-1.95815686E-03	 1.58123326E-04	 9.28195871E-03	 8.25802517E-02	 1.45800176E-01	 5.61734289E-01	 5.04436937E-01	-2.57329883E-01	 3.22480696E-03	 7.78902850E-03	 2.40713860E-04	 2.27147547E-04
 1.220000E-01	-2.03527318E-02	-1.57093482E-01	-1.70820309E-01	-3.88295009E-01	 1.09433946E-02	-1.97157079E-01	 1.41638904E-02	-1.66912688E-02	-2.13410756E-03	 1.86492757E-04	 8.45714784E-03	 7.74071346E-02	 1.37822564E-01	 5.67378255E-01	 5.25709322E-01	-2.82558096E-01	 4.59737190E-03	 7.94919486E-03	 1.33190843E-04	 2.80473953E-04
 1.230000E-01	-1.77883134E-02	-1.53907531E-01	-1.72843097E-01	-4.21744210E-01	-1.93792694E-02	-1.93038944E-01	 1.53096702E-02	-1.85739254E-02	-2.30911739E-03	 2.16365939E-04	 7.80623080E-03	 7.23324132E-02	 1.29349837E-01	 5.70732086E-01	 5.44878779E-01	-3.08965630E-01	 6.24409804E-03	 8.01241026E-03	-8.14131453E-07	 3.46068686E-04
 1.240000E-01	-1.52714774E-02	-1.50042233E-01	-1.73713512E-01	-4.55377700E-01	-5.24928172E-02	-1.86572618E-01	 1.63673974E-02	-2.06325857E-02	-2.47817397E-03	 2.46493840E-04	 7.32432915E-03	 6.74229031E-02	 1.20503509E-01	 5.71669959E-01	 5.61425537E-01	-3.36383566E-01	 8.18681445E-03	 7.94997744E-03	-1.62957245E-04	 4.26259786E-04
 1.250000E-01	-1.28319793E-02	-1.45528543E-01	-1.73376486E-01	-4.88870265E-01	-8.81440912E-02	-1.77523070E-01	 1.72796078E-02	-2.28693594E-02	-2.63547378E-03	 2.75030335E-04	 7.00201004E-03	 6.27433635E-02	 1.11420619E-01	 5.70103267E-01	 5.74823799E-01	-3.64594350E-01	 1.04401779E-02	 7.72906141E-03	-3.53917496E-04	 5.23511986E-04
 1.260000E-01	-1.04976705E-02	-1.40408732E-01	-1.71800564E-01	-5.21872226E-01	-1.25973070E-01	-1.65677063E-01	 1.79804629E-02	-2.52811489E-02	-2.77461106E-03	 2.99426714E-04	 6.82542861E-03	 5.83544604E-02	 1.02250423E-01	 5.65987710E-01	 5.84562328E-01	-3.93330874E-01	 1.30087983E-02	 7.31312892E-03	-5.73085563E-04	 6.40300486E-04
 1.270000E-01	-8.29356062E-03	-1.34735858E-01	-1.68981187E-01	-5.54016960E-01	-1.65509916E-01	-1.50854302E-01	 1.83974063E-02	-2.78584064E-02	-2.88886781E-03	 3.16345606E-04	 6.77669206E-03	 5.43106981E-02	 9.31500096E-02	 5.59329421E-01	 5.90168331E-01	-4.22277808E-01	 1.58843228E-02	 6.66270760E-03	-8.18280396E-04	 7.78950110E-04
 1.280000E-01	-6.24094789E-03	-1.28572770E-01	-1.64943038E-01	-5.84930142E-01	-2.06177824E-01	-1.32918926E-01	 1.84537294E-02	-3.05839717E-02	-2.97160838E-03	 3.21606426E-04	 6.83444746E-03	 5.06584180E-02	 8.42789820E-02	 5.50189623E-01	 5.91233512E-01	-4.51075652E-01	 1.90427319E-02	 5.73651131E-03	-1.08552920E-03	 9.41436874E-04
 1.290000E-01	-4.35668057E-03	-1.21990637E-01	-1.59741167E-01	-6.14240389E-01	-2.47302657E-01	-1.11790632E-01	 1.80720566E-02	-3.34320998E-02	-3.01676859E-03	 3.10176379E-04	 6.97468013E-03	 4.74339904E-02	 7.57934022E-02	 5.38687323E-01	 5.87440767E-01	-4.79327735E-01	 2.24421374E-02	 4.49293965E-03	-1.36894858E-03	 1.12915657E-03
 1.300000E-01	-2.65260757E-03	-1.15067051E-01	-1.53460634E-01	-6.41590845E-01	-2.88129839E-01	-8.74545906E-02	 1.71786542E-02	-3.63677966E-02	-3.01941357E-03	 2.76220811E-04	 7.17168999E-03	 4.46623216E-02	 6.78393272E-02	 5.24999576E-01	 5.78589581E-01	-5.06610206E-01	 2.60213899E-02	 2.89191945E-03	-1.66076412E-03	 1.34267125E-03
 1.310000E-01	-1.13526745E-03	-1.07883768E-01	-1.46214559E-01	-6.66651083E-01	-3.27848371E-01	-5.99693234E-02	 1.57083543E-02	-3.93465773E-02	-2.97632203E-03	 2.13224113E-04	 7.39919563E-03	 4.23557948E-02	 6.05463324E-02	 5.09359043E-01	 5.64618015E-01	-5.32484758E-01	 2.96997884E-02	 8.97017361E-04	-1.95149832E-03	 1.58144977E-03
 1.320000E-01	 1.94148420E-04	-1.00524204E-01	-1.38140508E-01	-6.89128607E-01	-3.65621236E-01	-2.94716947E-02	 1.36097993E-02	-4.23147445E-02	-2.88654690E-03	 1.14187816E-04	 7.63149685E-03	 4.05137391E-02	 5.40214962E-02	 4.92048702E-01	 5.45618938E-01	-5.56513583E-01	 3.33781570E-02	-1.52228631E-03	-2.23035036E-03	 1.84362241E-03
 1.330000E-01	 1.33953779E-03	-9.30708292E-02	-1.29395325E-01	-7.08779163E-01	-4.00620943E-01	 3.82168860E-03	 1.08506626E-02	-4.52102617E-02	-2.75190251E-03	-2.80931083E-05	 7.84460506E-03	 3.91224929E-02	 4.83444060E-02	 4.73393836E-01	 5.21847979E-01	-5.78275723E-01	 3.69415675E-02	-4.38830625E-03	-2.48579392E-03	 2.12577155E-03
 1.340000E-01	 2.30935525E-03	-8.56026073E-02	-1.20148732E-01	-7.25415081E-01	-4.32067483E-01	 3.96171196E-02	 7.42225634E-03	-4.79642511E-02	-2.57728558E-03	-2.20679933E-04	 8.01726707E-03	 3.81560796E-02	 4.35635641E-02	 4.53751608E-01	 4.93722042E-01	-5.97383878E-01	 4.02636179E-02	-7.71301060E-03	-2.70634441E-03	 2.42278407E-03
 1.350000E-01	 3.11584632E-03	-7.81926681E-02	-1.10576143E-01	-7.38911043E-01	-4.59265815E-01	 7.75505685E-02	 3.34301340E-03	-5.05030813E-02	-2.37076692E-03	-4.70082603E-04	 8.13181086E-03	 3.75774655E-02	 3.96945050E-02	 4.33498810E-01	 4.61807849E-01	-6.13500538E-01	 4.32120671E-02	-1.14962138E-02	-2.88143872E-03	 2.72779111E-03
 1.360000E-01	 3.77410767E-03	-7.09063367E-02	-1.00851195E-01	-7.49206835E-01	-4.81639933E-01	 1.17198343E-01	-1.33957639E-03	-5.27509482E-02	-2.14341448E-03	-7.81820424E-04	 8.17475384E-03	 3.73403225E-02	 3.67198113E-02	 4.13018509E-01	 4.26800687E-01	-6.26352295E-01	 4.56555008E-02	-1.57242768E-02	-3.00235756E-03	 3.03221446E-03
 1.370000E-01	 4.30104866E-03	-6.37996496E-02	-9.11385538E-02	-7.56306883E-01	-4.98760696E-01	 1.58091041E-01	-6.54888975E-03	-5.46328019E-02	-1.90883305E-03	-1.15998248E-03	 8.13713534E-03	 3.73911784E-02	 3.45910480E-02	 3.92686463E-01	 3.89494534E-01	-6.35741284E-01	 4.74705593E-02	-2.03694570E-02	-3.06310559E-03	 3.32593118E-03
 1.380000E-01	 4.71433725E-03	-5.69184304E-02	-8.15875324E-02	-7.60276652E-01	-5.10365068E-01	 1.99729901E-01	-1.21811018E-02	-5.60774343E-02	-1.68243538E-03	-1.60682249E-03	 8.01456034E-03	 3.76718061E-02	 3.32324633E-02	 3.72858183E-01	 3.50745587E-01	-6.41552933E-01	 4.85491621E-02	-2.53899978E-02	-3.06115928E-03	 3.59755738E-03
 1.390000E-01	 5.03141141E-03	-5.02979583E-02	-7.23269658E-02	-7.61236224E-01	-5.16365173E-01	 2.41604467E-01	-1.81090829E-02	-5.70205135E-02	-1.48049151E-03	-2.12242288E-03	 7.80696720E-03	 3.81216914E-02	 3.25461435E-02	 3.53857453E-01	 3.11431884E-01	-6.43759494E-01	 4.88051288E-02	-3.07309922E-02	-2.99799856E-03	 3.83484109E-03
 1.400000E-01	 5.26862710E-03	-4.39632077E-02	-6.34616842E-02	-7.59351602E-01	-5.16846517E-01	 2.83210376E-01	-2.41880172E-02	-5.74073570E-02	-1.31903093E-03	-2.70445876E-03	 7.51815529E-03	 3.86804170E-02	 3.24181960E-02	 3.35966994E-01	 2.72412078E-01	-6.42419194E-01	 4.81796347E-02	-3.63259821E-02	-2.87935739E-03	 4.02514325E-03
 1.410000E-01	 5.44059579E-03	-3.79295999E-02	-5.50707464E-02	-7.54824436E-01	-5.12055773E-01	 3.24066107E-01	-3.02623217E-02	-5.71952480E-02	-1.21269318E-03	-3.34808543E-03	 7.15512622E-03	 3.92898205E-02	 3.27254638E-02	 3.19421730E-01	 2.34486398E-01	-6.37671194E-01	 4.66450464E-02	-4.20991968E-02	-2.71515591E-03	 4.15597612E-03
 1.420000E-01	 5.55974198E-03	-3.22041638E-02	-4.72074295E-02	-7.47880954E-01	-5.02379517E-01	 3.63727720E-01	-3.61733156E-02	-5.63551539E-02	-1.17363227E-03	-4.04596129E-03	 6.72731424E-03	 3.98958069E-02	 3.33421889E-02	 3.04404901E-01	 1.98363013E-01	-6.29726998E-01	 4.42067345E-02	-4.79682681E-02	-2.51908830E-03	 4.21556272E-03
 1.430000E-01	 5.63608364E-03	-2.67869390E-02	-3.99007884E-02	-7.38761168E-01	-4.88316260E-01	 4.01801116E-01	-4.17669701E-02	-5.48728088E-02	-1.21059103E-03	-4.78839716E-03	 6.24581073E-03	 4.04497193E-02	 3.41459272E-02	 2.91047042E-01	 1.64633373E-01	-6.18859303E-01	 4.09024183E-02	-5.38472037E-02	-2.30783592E-03	 4.19337846E-03
 1.440000E-01	 5.67721799E-03	-2.16724862E-02	-3.31584153E-02	-7.27709027E-01	-4.70444494E-01	 4.37951194E-01	-4.69011015E-02	-5.27490699E-02	-1.32823193E-03	-5.56363552E-03	 5.72261804E-03	 4.09092552E-02	 3.50225197E-02	 2.79427519E-01	 1.33756418E-01	-6.05388990E-01	 3.67995612E-02	-5.96494708E-02	-2.10005659E-03	 4.08064106E-03
 1.450000E-01	 5.68848190E-03	-1.68514472E-02	-2.69700803E-02	-7.14963632E-01	-4.49389329E-01	 4.71907093E-01	-5.14515037E-02	-4.99994445E-02	-1.52676488E-03	-6.35826333E-03	 5.16997569E-03	 4.12389720E-02	 3.58699522E-02	 2.69578013E-01	 1.06051659E-01	-5.89670940E-01	 3.19911771E-02	-6.52910389E-02	-1.91525755E-03	 3.87072408E-03
 1.460000E-01	 5.67324705E-03	-1.23120505E-02	-2.13119161E-02	-7.00751903E-01	-4.25790191E-01	 5.03463687E-01	-5.53166517E-02	-4.66529016E-02	-1.80188943E-03	-7.15771844E-03	 4.59979874E-03	 4.14104226E-02	 3.66009919E-02	 2.61487451E-01	 8.17007054E-02	-5.72079781E-01	 2.65903935E-02	-7.06931547E-02	-1.77263814E-03	 3.55945962E-03
 1.470000E-01	 5.63330552E-03	-8.04145278E-03	-1.61507441E-02	-6.85283053E-01	-4.00271714E-01	 5.32479939E-01	-5.84207777E-02	-4.27501519E-02	-2.14504237E-03	-7.94683973E-03	 4.02324788E-03	 4.14019667E-02	 3.71445889E-02	 2.55107956E-01	 6.07561790E-02	-5.52996541E-01	 2.07242657E-02	-7.57846727E-02	-1.68998967E-03	 3.14530752E-03
 1.480000E-01	 5.56930050E-03	-4.02685880E-03	-1.14482116E-02	-6.68744935E-01	-3.73419402E-01	 5.58874662E-01	-6.07152487E-02	-3.83415526E-02	-2.54391566E-03	-8.71042480E-03	 3.45043490E-03	 4.11983336E-02	 3.74461645E-02	 2.50361283E-01	 4.31563660E-02	-5.32796841E-01	 1.45273532E-02	-8.05038514E-02	-1.68273609E-03	 2.62938901E-03
 1.490000E-01	 5.48116184E-03	-2.56390291E-04	-7.16448512E-03	-6.51302126E-01	-3.45761017E-01	 5.82620342E-01	-6.21783339E-02	-3.34847964E-02	-2.98318656E-03	-9.43376106E-03	 2.89025284E-03	 4.07900148E-02	 3.74669858E-02	 2.47145288E-01	 2.87436712E-02	-5.11841043E-01	 8.13554147E-03	-8.47995723E-02	-1.76318155E-03	 2.01539220E-03
 1.500000E-01	 5.36851435E-03	 3.28030067E-03	-3.26133035E-03	-6.33095541E-01	-3.17753993E-01	 6.03735695E-01	-6.28135714E-02	-2.82425434E-02	-3.44538815E-03	-1.01031015E-02	 2.35030931E-03	 4.01725644E-02	 3.71828846E-02	 2.45340064E-01	 1.72848576E-02	-4.90466546E-01	 1.68052384E-03	-8.86319861E-02	-1.94000914E-03	 1.30936515E-03
 1.510000E-01	 5.23103577E-03	 6.59165632E-03	 2.95510417E-04	-6.14243277E-01	-2.89778685E-01	 6.22277589E-01	-6.26470267E-02	-2.26801326E-02	-3.91184438E-03	-1.07060628E-02	 1.83693364E-03	 3.93458703E-02	 3.65825934E-02	 2.44813485E-01	 8.49115962E-03	-4.68982218E-01	-4.71473029E-03	-9.19726270E-02	-2.21805146E-03	 5.19417595E-04
 1.520000E-01	 5.06874288E-03	 9.68404582E-03	 3.53470805E-03	-5.94842339E-01	-2.62137135E-01	 6.38332933E-01	-6.17237160E-02	-1.68634838E-02	-4.36361003E-03	-1.12319340E-02	 1.35524153E-03	 3.83134485E-02	 3.56658628E-02	 2.45425965E-01	 2.03730598E-03	-4.47664892E-01	-1.09394562E-02	-9.48040677E-02	-2.59830020E-03	-3.44641023E-04
 1.530000E-01	 4.88217846E-03	 1.25617709E-02	 6.47860258E-03	-5.74970904E-01	-2.35057354E-01	 6.52011050E-01	-6.01033376E-02	-1.08572625E-02	-4.78239108E-03	-1.16718930E-02	 9.09273870E-04	 3.70817974E-02	 3.44412784E-02	 2.47034262E-01	-2.41982803E-03	-4.26757803E-01	-1.68978470E-02	-9.71192110E-02	-3.07805048E-03	-1.27169244E-03
 1.540000E-01	 4.67251864E-03	 1.52272043E-02	 9.14310364E-03	-5.54690922E-01	-2.08701103E-01	 6.63436714E-01	-5.78558584E-02	-4.72334370E-03	-5.15134030E-03	-1.20191319E-02	 5.02146068E-04	 3.56598461E-02	 3.29242384E-02	 2.49494375E-01	-5.22574610E-03	-4.06470542E-01	-2.25106049E-02	-9.89203024E-02	-3.65125468E-03	-2.24971625E-03
 1.550000E-01	 4.44161690E-03	 1.76810203E-02	 1.15380539E-02	-5.34050845E-01	-1.83173607E-01	 6.72744000E-01	-5.50573378E-02	 1.48040005E-03	-5.45567401E-03	-1.22688929E-02	 1.36179745E-04	 3.40585077E-02	 3.11352672E-02	 2.52663673E-01	-6.71674456E-03	-3.86980134E-01	-2.77153246E-02	-1.00217757E-01	-4.30904776E-03	-3.26619142E-03
 1.560000E-01	 4.19199737E-03	 1.99224816E-02	 1.36679185E-02	-5.13088329E-01	-1.58534139E-01	 6.80071068E-01	-5.17861990E-02	 7.70098618E-03	-5.68309736E-03	-1.24184258E-02	-1.86991753E-04	 3.22903312E-02	 2.90986886E-02	 2.56402363E-01	-7.21190995E-03	-3.68432927E-01	-3.24659566E-02	-1.01028900E-01	-5.04036889E-03	-4.30847216E-03
 1.570000E-01	 3.92680934E-03	 2.19497547E-02	 1.55326820E-02	-4.91832779E-01	-1.34806642E-01	 6.85555890E-01	-4.81200717E-02	 1.38909071E-02	-5.82404461E-03	-1.24668788E-02	-4.66347702E-04	 3.03692412E-02	 2.68416466E-02	 2.60574412E-01	-7.00820760E-03	-3.50946977E-01	-3.67316043E-02	-1.01376683E-01	-5.83261516E-03	-5.36412288E-03
 1.580000E-01	 3.64975304E-03	 2.37602352E-02	 1.71288613E-02	-4.70307673E-01	-1.11989811E-01	 6.89332871E-01	-4.41332511E-02	 2.00084480E-02	-5.87175436E-03	-1.24151408E-02	-7.01433669E-04	 2.83103499E-02	 2.43934351E-02	 2.65048082E-01	-6.37805756E-03	-3.34614718E-01	-4.04948964E-02	-1.01288465E-01	-6.67227505E-03	-6.42120263E-03
 1.590000E-01	 3.36498426E-03	 2.53508667E-02	 1.84505679E-02	-4.48532642E-01	-9.00662885E-02	 6.91530318E-01	-3.98947611E-02	 2.60177710E-02	-5.82220845E-03	-1.22656466E-02	-8.92340263E-04	 2.61298251E-02	 2.17850732E-02	 2.69696160E-01	-5.56874985E-03	-3.19505703E-01	-4.37501496E-02	-1.00794865E-01	-7.54550305E-03	-7.46849433E-03
 1.600000E-01	 3.07700321E-03	 2.67184594E-02	 1.94905789E-02	-4.26525354E-01	-6.90107804E-02	 6.92268666E-01	-3.54669803E-02	 3.18888069E-02	-5.67396225E-03	-1.20221610E-02	-1.03970055E-03	 2.38447949E-02	 1.90490604E-02	 2.74396008E-01	-4.80306296E-03	-3.05669302E-01	-4.65014960E-02	-9.99287516E-02	-8.43861133E-03	-8.49567726E-03
 1.610000E-01	 2.79053296E-03	 2.78599972E-02	 2.02413875E-02	-4.04303235E-01	-4.87970375E-02	 6.91659207E-01	-3.09047769E-02	 3.75970379E-02	-5.42789551E-03	-1.16895598E-02	-1.14469900E-03	 2.14732780E-02	 1.62192342E-02	 2.79029512E-01	-4.28049537E-03	-2.93137204E-01	-4.87611009E-02	-9.87243636E-02	-9.33846295E-03	-9.49344495E-03
 1.620000E-01	 2.51039424E-03	 2.87729267E-02	 2.06961803E-02	-3.81884942E-01	-2.94035982E-02	 6.89803184E-01	-2.62550680E-02	 4.31232012E-02	-5.08691051E-03	-1.12736158E-02	-1.20908898E-03	 1.90341242E-02	 1.33307016E-02	 2.83482994E-01	-4.17883352E-03	-2.81925690E-01	-5.05475433E-02	-9.72165879E-02	-1.02327703E-02	-1.04535734E-02
 1.630000E-01	 2.24138419E-03	 2.94554266E-02	 2.08496973E-02	-3.59291686E-01	-1.08180914E-02	 6.86791214E-01	-2.15567899E-02	 4.84529233E-02	-4.65558924E-03	-1.07807923E-02	-1.23522710E-03	 1.65469566E-02	 1.04198901E-02	 2.87647192E-01	-4.65636063E-03	-2.72037598E-01	-5.18842780E-02	-9.54403626E-02	-1.11103292E-02	-1.13689507E-02
 1.640000E-01	 1.98815034E-03	 2.99066667E-02	 2.06990462E-02	-3.36548384E-01	 6.95931182E-03	 6.82703013E-01	-1.68411050E-02	 5.35763121E-02	-4.13985207E-03	-1.02180504E-02	-1.22610276E-03	 1.40321021E-02	 7.52455951E-03	 2.91417286E-01	-5.85365971E-03	-2.63464024E-01	-5.27983883E-02	-9.34302165E-02	-1.19611580E-02	-1.22335691E-02
 1.650000E-01	 1.75505623E-03	 3.01270558E-02	 2.02444992E-02	-3.13684701E-01	 2.39130323E-02	 6.77607356E-01	-1.21317494E-02	 5.84875311E-02	-3.54663716E-03	-9.59267509E-03	-1.18535243E-03	 1.15105026E-02	 4.68370279E-03	 2.94693011E-01	-7.89462198E-03	-2.56185742E-01	-5.33196730E-02	-9.12199342E-02	-1.27765450E-02	-1.30424849E-02
 1.660000E-01	 1.54603919E-03	 3.01184822E-02	 1.94902727E-02	-2.90735970E-01	 4.00097355E-02	 6.71562218E-01	-7.44548408E-03	 6.31843685E-02	-2.88360589E-03	-8.91212154E-03	-1.11725292E-03	 9.00360115E-03	 1.93730601E-03	 2.97378860E-01	-1.08865626E-02	-2.50174359E-01	-5.34800487E-02	-8.88423378E-02	-1.35490248E-02	-1.37917525E-02
 1.670000E-01	 1.36446209E-03	 2.98845432E-02	 1.84452763E-02	-2.67744021E-01	 5.51965206E-02	 6.64615071E-01	-2.79263350E-03	 6.76678097E-02	-2.15887408E-03	-8.18388041E-03	-1.02668781E-03	 6.53319412E-03	-6.74064716E-04	 2.99384413E-01	-1.49193690E-02	-2.45393207E-01	-5.33132387E-02	-8.63291728E-02	-1.42723006E-02	-1.44783380E-02
 1.680000E-01	 1.21296350E-03	 2.94307625E-02	 1.71238069E-02	-2.44757899E-01	 6.93997475E-02	 6.56803305E-01	 1.82227998E-03	 7.19416132E-02	-1.38076533E-03	-7.41536024E-03	-9.19081215E-04	 4.12124692E-03	-3.10987599E-03	 3.00624809E-01	-2.00636410E-02	-2.41797966E-01	-5.28547180E-02	-8.37110885E-02	-1.49411257E-02	-1.51000174E-02
 1.690000E-01	 1.09331255E-03	 2.87647876E-02	 1.55461443E-02	-2.21834481E-01	 8.25246819E-02	 6.48154776E-01	 6.39978619E-03	 7.60118851E-02	-5.57580244E-04	-6.61378290E-03	-8.00293992E-04	 1.78966552E-03	-5.33045971E-03	 3.01021387E-01	-2.63678325E-02	-2.39337035E-01	-5.21418772E-02	-8.10177016E-02	-1.55511624E-02	-1.56552647E-02
 1.700000E-01	 1.00627795E-03	 2.78965616E-02	 1.37389916E-02	-1.99038967E-01	 9.44562030E-02	 6.38688488E-01	 1.09445679E-02	 7.98866450E-02	 3.02625160E-04	-5.78608798E-03	-6.76478757E-04	-4.39979123E-04	-7.29807384E-03	 3.00502497E-01	-3.38544812E-02	-2.37951659E-01	-5.12143535E-02	-7.82777277E-02	-1.60988291E-02	-1.61431339E-02
 1.710000E-01	 9.51522566E-04	 2.68384564E-02	 1.17356918E-02	-1.76445208E-01	 1.05060865E-01	 6.28415438E-01	 1.54643763E-02	 8.35753680E-02	 1.19225826E-03	-4.93884120E-03	-5.53892746E-04	-2.54677616E-03	-8.97818217E-03	 2.99004519E-01	-4.25157059E-02	-2.37575840E-01	-5.01144670E-02	-7.55191671E-02	-1.65811542E-02	-1.65631401E-02
 1.720000E-01	 9.27537523E-04	 2.56053560E-02	 9.57613720E-03	-1.54135848E-01	 1.14190634E-01	 6.17339657E-01	 1.99687240E-02	 8.70884925E-02	 2.10441064E-03	-4.07814255E-03	-4.38675058E-04	-4.51084870E-03	-1.03408919E-02	 2.96473081E-01	-5.23084572E-02	-2.38136040E-01	-4.88876415E-02	-7.27695206E-02	-1.69956575E-02	-1.69151479E-02
 1.730000E-01	 9.31629879E-04	 2.42146756E-02	 7.30629651E-03	-1.32202221E-01	 1.21688540E-01	 6.05459460E-01	 2.44673376E-02	 9.04368833E-02	 3.03308152E-03	-3.20953140E-03	-3.36607892E-04	-6.31377265E-03	-1.13624043E-02	 2.92864543E-01	-6.31504738E-02	-2.39550719E-01	-4.75826068E-02	-7.00560025E-02	-1.73402956E-02	-1.71992765E-02
 1.740000E-01	 9.59970266E-04	 2.26863047E-02	 4.97733994E-03	-1.10743948E-01	 1.27396129E-01	 5.92768934E-01	 2.89684220E-02	 9.36312532E-02	 3.97338962E-03	-2.33788983E-03	-2.52863244E-04	-7.93903272E-03	-1.20264659E-02	 2.88147661E-01	-7.49169610E-02	-2.41729780E-01	-4.62513964E-02	-6.74057303E-02	-1.76134578E-02	-1.74158238E-02
 1.750000E-01	 1.00770594E-03	 2.10424475E-02	 2.64434144E-03	-8.98680758E-02	 1.31162540E-01	 5.79259671E-01	 3.34767941E-02	 9.66815484E-02	 4.92175888E-03	-1.46734547E-03	-1.91747414E-04	-9.37249337E-03	-1.23257285E-02	 2.82305345E-01	-8.74384791E-02	-2.44573994E-01	-4.49490650E-02	-6.48458630E-02	-1.78140150E-02	-1.75652169E-02
 1.760000E-01	 1.06914313E-03	 1.93073462E-02	 3.64558582E-04	-6.96876585E-02	 1.32854934E-01	 5.64922932E-01	 3.79920230E-02	 9.95962677E-02	 5.87605973E-03	-6.01173199E-04	-1.56462106E-04	-1.06028620E-02	-1.22628770E-02	 2.75336390E-01	-1.00500714E-01	-2.47974623E-01	-4.37330395E-02	-6.24036353E-02	-1.79414341E-02	-1.76479966E-02
 1.770000E-01	 1.13799644E-03	 1.75068973E-02	-1.80465549E-03	-5.03198806E-02	 1.32369772E-01	 5.49752235E-01	 4.25066635E-02	 1.02381741E-01	 6.83568636E-03	 2.58298413E-04	-1.48904681E-04	-1.16221254E-02	-1.18513924E-02	 2.67257129E-01	-1.13846762E-01	-2.51813368E-01	-4.26620040E-02	-6.01062444E-02	-1.79959559E-02	-1.76648457E-02
 1.780000E-01	 1.20769577E-03	 1.56681613E-02	-3.80821722E-03	-3.18836845E-02	 1.29644231E-01	 5.33746191E-01	 4.70047145E-02	 1.05041430E-01	 7.80155381E-03	 1.10976143E-03	-1.69530233E-04	-1.24259345E-02	-1.11158158E-02	 2.58102924E-01	-1.27182408E-01	-2.55962742E-01	-4.17942731E-02	-5.79805752E-02	-1.79788313E-02	-1.76166584E-02
 1.790000E-01	 1.27173340E-03	 1.38187666E-02	-5.59581907E-03	-1.44968651E-02	 1.24666844E-01	 5.16911491E-01	 5.14604823E-02	 1.07575288E-01	 8.77599543E-03	 1.95297159E-03	-2.17293925E-04	-1.30139037E-02	-1.00914086E-02	 2.47929313E-01	-1.40184635E-01	-2.60286978E-01	-4.11856835E-02	-5.60527483E-02	-1.78925965E-02	-1.75046522E-02
 1.800000E-01	 1.32402765E-03	 1.19862234E-02	-7.12440225E-03	 1.72733620E-03	 1.17486320E-01	 4.99265896E-01	 5.58380238E-02	 1.09979246E-01	 9.76254472E-03	 2.78874824E-03	-2.89686619E-04	-1.33897919E-02	-8.82314870E-03	 2.36812627E-01	-1.52513298E-01	-2.64643588E-01	-4.08870877E-02	-5.43474842E-02	-1.77413582E-02	-1.73305141E-02
 1.810000E-01	 1.35927517E-03	 1.01971743E-02	-8.36039629E-03	 1.66840237E-02	 1.08217505E-01	 4.80841056E-01	 6.00913226E-02	 1.12244868E-01	 1.07655951E-02	 3.61891919E-03	-3.82869657E-04	-1.35615361E-02	-7.36405779E-03	 2.24849908E-01	-1.63825516E-01	-2.68885637E-01	-4.09416025E-02	-5.28873003E-02	-1.75310540E-02	-1.70965736E-02
 1.820000E-01	 1.37326219E-03	 8.47661843E-03	-9.28152697E-03	 3.02806535E-02	 9.70435862E-02	 4.61684912E-01	 6.41652924E-02	 1.14359246E-01	 1.17899446E-02	 4.44620163E-03	-4.91903624E-04	-1.35411177E-02	-5.77293475E-03	 2.12157982E-01	-1.73791951E-01	-2.72864754E-01	-4.13818339E-02	-5.16915779E-02	-1.72696426E-02	-1.68059841E-02
 1.830000E-01	 1.36310938E-03	 6.84715389E-03	-9.87803005E-03	 4.24410256E-02	 8.42140061E-02	 4.41863461E-01	 6.79976184E-02	 1.16305173E-01	 1.28402502E-02	 5.27401617E-03	-6.11053430E-04	-1.33442492E-02	-4.11164908E-03	 1.98871551E-01	-1.82113674E-01	-2.76434809E-01	-4.22273635E-02	-5.07755628E-02	-1.69671780E-02	-1.64628936E-02
 1.840000E-01	 1.32742570E-03	 5.32828452E-03	-1.01531265E-02	 5.31090045E-02	 7.00377392E-02	 4.21461664E-01	 7.15213970E-02	 1.18061624E-01	 1.39204225E-02	 6.10623538E-03	-7.34152922E-04	-1.29898846E-02	-2.44214128E-03	 1.85140310E-01	-1.88538553E-01	-2.79456100E-01	-4.34827037E-02	-5.01493727E-02	-1.66357462E-02	-1.60725827E-02
 1.850000E-01	 1.26635513E-03	 3.93583957E-03	-1.01226796E-02	 6.22516876E-02	 5.48720550E-02	 4.00583318E-01	 7.46684393E-02	 1.19604548E-01	 1.50330055E-02	 6.94687567E-03	-8.55000878E-04	-1.24995702E-02	-8.23348514E-04	 1.71125128E-01	-1.92875819E-01	-2.81799828E-01	-4.51359587E-02	-4.98170977E-02	-1.62892406E-02	-1.56415501E-02
 1.860000E-01	 1.18151099E-03	 2.68154894E-03	-9.81403363E-03	 6.98617465E-02	 3.91073907E-02	 3.79349774E-01	 7.73730120E-02	 1.20907957E-01	 1.61785975E-02	 7.79974904E-03	-9.67754378E-04	-1.18966670E-02	 6.91695104E-04	 1.56993432E-01	-1.95007412E-01	-2.83352585E-01	-4.71584029E-02	-4.97760898E-02	-1.59429676E-02	-1.51775257E-02
 1.870000E-01	 1.07580355E-03	 1.57280690E-03	-9.26411563E-03	 7.59587047E-02	 2.31493850E-02	 3.57897493E-01	 7.95757256E-02	 1.21945246E-01	 1.73553696E-02	 8.66809807E-03	-1.06728521E-03	-1.12054886E-02	 2.05834272E-03	 1.42914003E-01	-1.94894989E-01	-2.84020521E-01	-4.95051057E-02	-5.00165242E-02	-1.56130908E-02	-1.46893956E-02
 1.880000E-01	 9.53177797E-04	 6.12643125E-04	-8.51695446E-03	 8.05889873E-02	 7.39947425E-03	 3.36374500E-01	 8.12272408E-02	 1.22690666E-01	 1.85587362E-02	 9.55424206E-03	-1.14946880E-03	-1.04504085E-02	 3.24219965E-03	 1.29051506E-01	-1.92581833E-01	-2.83732859E-01	-5.21166331E-02	-5.05213055E-02	-1.53159432E-02	-1.41870334E-02
 1.890000E-01	 8.18287162E-04	-2.00096762E-04	-7.62083062E-03	 8.38246700E-02	-7.76435968E-03	 3.14935942E-01	 8.22914666E-02	 1.23120854E-01	 1.97812204E-02	 1.04592645E-02	-1.21138216E-03	-9.65499514E-03	 4.22022559E-03	 1.15561071E-01	-1.88189417E-01	-2.82444495E-01	-5.49217524E-02	-5.12663548E-02	-1.50672540E-02	-1.36810406E-02
 1.900000E-01	 6.76135304E-04	-8.70375057E-04	-6.62530609E-03	 8.57609532E-02	-2.20051027E-02	 2.93739055E-01	 8.27479595E-02	 1.23216281E-01	 2.10125341E-02	 1.13827700E-02	-1.25139745E-03	-8.84122380E-03	 4.98100889E-03	 1.02583266E-01	-1.81908892E-01	-2.80137442E-01	-5.78409401E-02	-5.22212793E-02	-1.48813507E-02	-1.31824093E-02
 1.910000E-01	 5.31719373E-04	-1.40642251E-03	-5.57838374E-03	 8.65125195E-02	-3.50410794E-02	 2.72937849E-01	 8.25933190E-02	 1.22962540E-01	 2.22398792E-02	 1.23227329E-02	-1.26916923E-03	-8.02881603E-03	 5.52423355E-03	 9.02398069E-02	-1.73988312E-01	-2.76820945E-01	-6.07904218E-02	-5.33504072E-02	-1.47704051E-02	-1.27021274E-02
 1.920000E-01	 3.89707684E-04	-1.81907821E-03	-4.52403125E-03	 8.62090066E-02	-4.66560470E-02	 2.52677899E-01	 8.18414474E-02	 1.22351333E-01	 2.34484538E-02	 1.32754555E-02	-1.26552464E-03	-7.23474569E-03	 5.85943437E-03	 7.86303089E-02	-1.64716755E-01	-2.72530249E-01	-6.36864192E-02	-5.46141248E-02	-1.47437892E-02	-1.22507543E-02
 1.930000E-01	 2.54182335E-04	-2.12106023E-03	-3.50027722E-03	 8.49898948E-02	-5.67042139E-02	 2.33091601E-01	 8.05226399E-02	 1.21381123E-01	 2.46221283E-02	 1.42356421E-02	-1.24227431E-03	-6.47293002E-03	 6.00419982E-03	 6.78302364E-02	-1.54406775E-01	-2.67324121E-01	-6.64492644E-02	-5.59704161E-02	-1.48075949E-02	-1.18380005E-02
 1.940000E-01	 1.28457851E-04	-2.32622226E-03	-2.53794500E-03	 8.29992012E-02	-6.51103739E-02	 2.14294242E-01	 7.86816829E-02	 1.20057367E-01	 2.57442215E-02	 1.51965810E-02	-1.20197291E-03	-5.75410978E-03	 5.98205152E-03	 5.78901626E-02	-1.43376865E-01	-2.61281340E-01	-6.90070327E-02	-5.73764921E-02	-1.49643619E-02	-1.14723460E-02
 1.950000E-01	 1.49813678E-05	-2.44884631E-03	-1.66004503E-03	 8.03803458E-02	-7.18656230E-02	 1.96381095E-01	 7.63751737E-02	 1.18392364E-01	 2.67983083E-02	 1.61504180E-02	-1.14765680E-03	-5.08590640E-03	 5.82021446E-03	 4.88363022E-02	-1.31935337E-01	-2.54496430E-01	-7.12984406E-02	-5.87903930E-02	-1.52130319E-02	-1.11607255E-02
 1.960000E-01	-8.46877371E-05	-2.50301318E-03	-8.81789927E-04	 7.72715030E-02	-7.70194388E-02	 1.79425676E-01	 7.36683255E-02	 1.16404734E-01	 2.77689959E-02	 1.70884978E-02	-1.08258495E-03	-4.47303124E-03	 5.54747374E-03	 4.06721832E-02	-1.20366711E-01	-2.47074967E-01	-7.32748501E-02	-6.01724603E-02	-1.55491225E-02	-1.09083012E-02
 1.970000E-01	-1.69828835E-04	-2.50208128E-03	-2.11139504E-04	 7.38016918E-02	-8.06691666E-02	 1.63479180E-01	 7.06315437E-02	 1.14118591E-01	 2.86426087E-02	 1.80017441E-02	-1.01000516E-03	-3.91761281E-03	 5.19228001E-03	 3.33812428E-02	-1.08921387E-01	-2.39128798E-01	-7.49013131E-02	-6.14865879E-02	-1.59650950E-02	-1.07183369E-02
 1.980000E-01	-2.40457348E-04	-2.45829181E-03	 3.50255154E-04	 7.00877754E-02	-8.29480783E-02	 1.48571019E-01	 6.73370549E-02	 1.11562491E-01	 2.94077360E-02	 1.88810501E-02	-9.32962007E-04	-3.41960239E-03	 4.78121838E-03	 2.69300781E-02	-9.78089435E-02	-2.30771476E-01	-7.61566849E-02	-6.27011905E-02	-1.64508750E-02	-1.05921751E-02
 1.990000E-01	-2.97186938E-04	-2.38250510E-03	 8.05857212E-04	 6.62324448E-02	-8.40131382E-02	 1.34710312E-01	 6.38558336E-02	 1.08768253E-01	 3.00556131E-02	 1.97176493E-02	-8.54155791E-04	-2.97721825E-03	 4.33790152E-03	 2.12720606E-02	-8.71950275E-02	-2.22114188E-01	-7.70329156E-02	-6.37898559E-02	-1.69944738E-02	-1.05293131E-02
 2.000000E-01	-3.41075293E-04	-2.28406127E-03	 1.16294544E-03	 6.23231751E-02	-8.40334652E-02	 1.21888096E-01	 6.02550092E-02	 1.05769732E-01	 3.05803236E-02	 2.05034438E-02	-7.75854931E-04	-2.58739156E-03	 3.88229596E-03	 1.63510284E-02	-7.72014894E-02	-2.13262362E-01	-7.75336888E-02	-6.47316756E-02	-1.75826569E-02	-1.05275628E-02
 2.010000E-01	-3.73470089E-04	-2.17074875E-03	 1.43133893E-03	 5.84320571E-02	-8.31802380E-02	 1.10080021E-01	 5.65958697E-02	 1.02601643E-01	 3.09788285E-02	 2.12312716E-02	-6.99858411E-04	-2.24618312E-03	 3.43044775E-03	 1.21048040E-02	-6.79091450E-02	-2.04313060E-01	-7.76726115E-02	-6.55112772E-02	-1.82016043E-02	-1.05832759E-02
 2.020000E-01	-3.95869153E-04	-2.04886069E-03	 1.62224895E-03	 5.46163749E-02	-8.16185471E-02	 9.92493032E-02	 5.29325047E-02	 9.92984920E-02	 3.12508422E-02	 2.18951022E-02	-6.27500572E-04	-1.94915036E-03	 2.99454121E-03	 8.46835523E-03	-5.93624414E-02	-1.95353184E-01	-7.74711586E-02	-6.61186015E-02	-1.88375211E-02	-1.06916122E-02
 2.030000E-01	-4.09805442E-04	-1.92331847E-03	 1.74733154E-03	 5.09197772E-02	-7.95014443E-02	 8.93497096E-02	 4.93110726E-02	 9.58936625E-02	 3.13985810E-02	 2.24901589E-02	-5.59687365E-04	-1.69165517E-03	 2.58319958E-03	 5.37648269E-03	-5.15752446E-02	-1.86458448E-01	-7.69565595E-02	-6.65484813E-02	-1.94771630E-02	-1.08468284E-02
 2.040000E-01	-4.16757981E-04	-1.79783648E-03	 1.81795268E-03	 4.73738291E-02	-7.69660488E-02	 8.03284029E-02	 4.57696063E-02	 9.24186818E-02	 3.14264248E-02	 2.30129702E-02	-4.96952977E-04	-1.46910395E-03	 2.20194518E-03	 2.76595513E-03	-4.45370859E-02	-1.77693023E-01	-7.61597846E-02	-6.68000786E-02	-2.01082569E-02	-1.10425684E-02
 2.050000E-01	-4.18089262E-04	-1.67510542E-03	 1.84466818E-03	 4.39997538E-02	-7.41315011E-02	 7.21284839E-02	 4.23382598E-02	 8.89026873E-02	 3.13405290E-02	 2.34613568E-02	-4.39527178E-04	-1.27712037E-03	 1.85374291E-03	 5.77074124E-04	-3.82193065E-02	-1.69109773E-01	-7.51137505E-02	-6.68762380E-02	-2.07198069E-02	-1.12721371E-02
 2.060000E-01	-4.15007582E-04	-1.55697741E-03	 1.83690339E-03	 4.08102233E-02	-7.10984574E-02	 6.46911684E-02	 3.90398812E-02	 8.53720762E-02	 3.11484186E-02	 2.38343675E-02	-3.87404970E-04	-1.11165824E-03	 1.53956046E-03	-1.24528915E-03	-3.25806767E-02	-1.60750899E-01	-7.38518136E-02	-6.67828124E-02	-2.13022875E-02	-1.15287453E-02
 2.070000E-01	-4.08550497E-04	-1.44464051E-03	 1.80280172E-03	 3.78110785E-02	-6.79497564E-02	 5.79575600E-02	 3.58908001E-02	 8.18503204E-02	 3.08585918E-02	 2.41321753E-02	-3.40412014E-04	-9.69064170E-04	 1.25889498E-03	-2.75111672E-03	-2.75722231E-02	-1.52648892E-01	-7.24065816E-02	-6.65280014E-02	-2.18477363E-02	-1.18057180E-02
 2.080000E-01	-3.99584462E-04	-1.33877434E-03	 1.74920290E-03	 3.50028969E-02	-6.47518813E-02	 5.18700224E-02	 3.29017264E-02	 7.83579220E-02	 3.04801547E-02	 2.43559480E-02	-2.98261657E-04	-8.46100784E-04	 1.01023392E-03	-3.98504144E-03	-2.31411400E-02	-1.44827633E-01	-7.08090400E-02	-6.61217371E-02	-2.23497593E-02	-1.20966618E-02
 2.090000E-01	-3.88815641E-04	-1.23968245E-03	 1.68171167E-03	 3.23823577E-02	-6.15568815E-02	 4.63731803E-02	 3.00786745E-02	 7.49124774E-02	 3.00225003E-02	 2.45077039E-02	-2.60601495E-04	-7.39941240E-04	 7.91434194E-04	-4.98642855E-03	-1.92337766E-02	-1.37303574E-01	-6.90879656E-02	-6.55751364E-02	-2.28034708E-02	-1.23955916E-02
 2.100000E-01	-3.76807351E-04	-1.14740035E-03	 1.60482168E-03	 2.99433819E-02	-5.84044766E-02	 4.14145951E-02	 2.74238513E-02	 7.15288216E-02	 2.94950405E-02	 2.45901638E-02	-2.27049126E-04	-6.48144754E-04	 6.00016749E-04	-5.78965480E-03	-1.57977754E-02	-1.30086890E-01	-6.72695847E-02	-6.49000317E-02	-2.32053832E-02	-1.26970187E-02
 2.110000E-01	-3.64000491E-04	-1.06178043E-03	 1.52206569E-03	 2.76780519E-02	-5.53241403E-02	 3.69451737E-02	 2.49364646E-02	 6.82192269E-02	 2.89069911E-02	 2.46066063E-02	-1.97217900E-04	-5.68621124E-04	 4.33382594E-04	-6.42450991E-03	-1.27834888E-02	-1.23182567E-01	-6.53774262E-02	-6.41085827E-02	-2.35532675E-02	-1.29960057E-02
 2.120000E-01	-3.50734317E-04	-9.82556354E-04	 1.43617158E-03	 2.55773258E-02	-5.23370298E-02	 3.29193654E-02	 2.26134314E-02	 6.49936313E-02	 2.82672090E-02	 2.45607326E-02	-1.70734146E-04	-4.99590378E-04	 2.88961401E-04	-6.91665969E-03	-1.01448154E-02	-1.16591380E-01	-6.34323213E-02	-6.32129650E-02	-2.38459974E-02	-1.32881920E-02
 2.130000E-01	-3.37265921E-04	-9.09390162E-04	 1.34921065E-03	 2.36315753E-02	-4.94576934E-02	 2.92952012E-02	 2.04499766E-02	 6.18598816E-02	 2.75840759E-02	 2.44565444E-02	-1.47247521E-04	-4.39541912E-04	 1.64305333E-04	-7.28812546E-03	-7.83959542E-03	-1.10310758E-01	-6.14525063E-02	-6.22251306E-02	-2.40833891E-02	-1.35697975E-02
 2.140000E-01	-3.23787290E-04	-8.41905693E-04	 1.26272958E-03	 2.18309759E-02	-4.66955176E-02	 2.60342241E-02	 1.84401277E-02	 5.88239767E-02	 2.68654221E-02	 2.42982364E-02	-1.26436401E-04	-3.87195756E-04	 5.71428155E-05	-7.55774809E-03	-5.82970147E-03	-1.04335532E-01	-5.94537927E-02	-6.11566290E-02	-2.42660466E-02	-1.38376085E-02
 2.150000E-01	-3.10439798E-04	-7.79712640E-04	 1.17786181E-03	 2.01657888E-02	-4.40559158E-02	 2.31013387E-02	 1.65771056E-02	 5.58902988E-02	 2.61184814E-02	 2.40901046E-02	-1.08009731E-04	-3.41467633E-04	-3.45971615E-05	-7.74162055E-03	-4.08092461E-03	-9.86585388E-02	-5.74497656E-02	-6.00184801E-02	-2.43952168E-02	-1.40889509E-02
 2.160000E-01	-2.97325859E-04	-7.22422466E-04	 1.09541892E-03	 1.86265504E-02	-4.15412817E-02	 2.04646188E-02	 1.48536323E-02	 5.30618288E-02	 2.53498719E-02	 2.38364686E-02	-9.17066014E-05	-3.01438326E-04	-1.12779913E-04	-7.85347638E-03	-2.56274083E-03	-9.32711349E-02	-5.54519984E-02	-5.88210878E-02	-2.44726586E-02	-1.43216556E-02
 2.170000E-01	-2.84518094E-04	-6.69658319E-04	 1.01596405E-03	 1.72041911E-02	-3.91517459E-02	 1.80950919E-02	 1.32621687E-02	 5.03403454E-02	 2.45655963E-02	 2.35416087E-02	-7.72945622E-05	-2.66327434E-04	-1.79071255E-04	-7.90503042E-03	-1.24801772E-03	-8.81636086E-02	-5.34702667E-02	-5.75741880E-02	-2.45005266E-02	-1.45340182E-02
 2.180000E-01	-2.72066500E-04	-6.21061017E-04	 9.39870108E-04	 1.58901063E-02	-3.68857662E-02	 1.59665145E-02	 1.17950950E-02	 4.77266047E-02	 2.37710565E-02	 2.32097150E-02	-6.45673117E-05	-2.35471202E-04	-2.34950100E-04	-7.90627385E-03	-1.12698793E-04	-8.33255193E-02	-5.15127549E-02	-5.62868213E-02	-2.44812715E-02	-1.47247563E-02
 2.190000E-01	-2.60003978E-04	-5.76292364E-04	 8.67365263E-04	 1.46761930E-02	-3.47405868E-02	 1.40551477E-02	 1.04448456E-02	 4.52204999E-02	 2.29710778E-02	 2.28448476E-02	-5.33421351E-05	-2.08303945E-04	-2.81724160E-04	-7.86572738E-03	 8.64510407E-04	-7.87459675E-02	-4.95862475E-02	-5.49673263E-02	-2.44175537E-02	-1.48929666E-02
 2.200000E-01	-2.48350570E-04	-5.35036691E-04	 7.98568289E-04	 1.35548630E-02	-3.27125910E-02	 1.23395413E-02	 9.20400743E-03	 4.28212035E-02	 2.21699396E-02	 2.24509063E-02	-4.34573503E-05	-1.84342542E-04	-3.20546620E-04	-7.79065726E-03	 1.70244040E-03	-7.44138105E-02	-4.76963035E-02	-5.36233470E-02	-2.43121715E-02	-1.50380822E-02
 2.210000E-01	-2.37116687E-04	-4.97001192E-04	 7.33515881E-04	 1.25190397E-02	-3.07975724E-02	 1.08003281E-02	 8.06539051E-03	 4.05272919E-02	 2.13714099E-02	 2.20316085E-02	-3.47699019E-05	-1.63173514E-04	-3.52432471E-04	-7.68725905E-03	 2.41773269E-03	-7.03178321E-02	-4.58474143E-02	-5.22618510E-02	-2.41680008E-02	-1.51598316E-02
 2.220000E-01	-2.26305559E-04	-4.61915479E-04	 6.72183766E-04	 1.15621445E-02	-2.89909418E-02	 9.42003191E-03	 7.02207692E-03	 3.83368539E-02	 2.05787823E-02	 2.15904733E-02	-2.71531566E-05	-1.44442241E-04	-3.78273900E-04	-7.56081385E-03	 3.02508941E-03	-6.64468749E-02	-4.40431443E-02	-5.08891554E-02	-2.39879458E-02	-1.52582001E-02
 2.230000E-01	-2.15915133E-04	-4.29530727E-04	 6.14503137E-04	 1.06780767E-02	-2.72878851E-02	 8.18288949E-03	 6.06745294E-03	 3.62475859E-02	 1.97949131E-02	 2.11308123E-02	-2.04948768E-05	-1.27843922E-04	-3.98854724E-04	-7.41582152E-03	 3.53749941E-03	-6.27899431E-02	-4.22862560E-02	-4.95109579E-02	-2.37748987E-02	-1.53333940E-02
 2.240000E-01	-2.05939535E-04	-3.99618789E-04	 5.60373312E-04	 9.86119156E-03	-2.56834838E-02	 7.07468865E-03	 5.19522846E-03	 3.42568725E-02	 1.90222578E-02	 2.06557241E-02	-1.46954416E-05	-1.13116001E-04	-4.14863286E-04	-7.25611382E-03	 3.96643780E-03	-5.93362807E-02	-4.05788191E-02	-4.81323705E-02	-2.35317074E-02	-1.53858071E-02
 2.250000E-01	-1.96370192E-04	-3.71971496E-04	 5.09671290E-04	 9.10627756E-03	-2.41728044E-02	 6.08262160E-03	 4.39944638E-03	 3.23618566E-02	 1.82629061E-02	 2.01680929E-02	-9.66626672E-06	-1.00031755E-04	-4.26903994E-04	-7.08495060E-03	 4.32204103E-03	-5.60754288E-02	-3.89223041E-02	-4.67579536E-02	-2.32611494E-02	-1.54159902E-02
 2.260000E-01	-1.87196623E-04	-3.46399349E-04	 4.62258919E-04	 8.40852938E-03	-2.27509658E-02	 5.19514860E-03	 3.67448537E-03	 3.05594995E-02	 1.75186160E-02	 1.96705897E-02	-5.32843625E-06	-8.83949430E-05	-4.35507496E-04	-6.90510182E-03	 4.61326281E-03	-5.29972678E-02	-3.73176678E-02	-4.53917532E-02	-2.29659120E-02	-1.54246242E-02
 2.270000E-01	-1.78407007E-04	-3.22729543E-04	 4.17988566E-04	 7.76351645E-03	-2.14131896E-02	 4.40187081E-03	 3.01505803E-03	 2.88466339E-02	 1.67908475E-02	 1.91656768E-02	-1.61155173E-06	-7.80353714E-05	-4.41139494E-04	-6.71891776E-03	 4.84801451E-03	-5.00920487E-02	-3.57654321E-02	-4.40373392E-02	-2.26485780E-02	-1.54124948E-02
 2.280000E-01	-1.69988629E-04	-3.00804301E-04	 3.76707584E-04	 7.16715419E-03	-2.01548355E-02	 3.69341609E-03	 2.41620409E-03	 2.72200090E-02	 1.60807927E-02	 1.86556137E-02	 1.54729241E-06	-6.88051291E-05	-4.44208637E-04	-6.52838900E-03	 5.03328977E-03	-4.73504118E-02	-3.42657524E-02	-4.26978425E-02	-2.23116152E-02	-1.53804711E-02
 2.290000E-01	-1.61928237E-04	-2.80479578E-04	 3.38261669E-04	 6.61567841E-03	-1.89714266E-02	 3.06133743E-03	 1.87328039E-03	 2.56763263E-02	 1.53894049E-02	 1.81424644E-02	 4.20442088E-06	-6.05754101E-05	-4.45073602E-04	-6.33519731E-03	 5.17527307E-03	-4.47633976E-02	-3.28184740E-02	-4.13759899E-02	-2.19573691E-02	-1.53294859E-02
 2.300000E-01	-1.54212302E-04	-2.61623897E-04	 3.02497302E-04	 6.10562139E-03	-1.78586644E-02	 2.49802148E-03	 1.38194893E-03	 2.42122716E-02	 1.47174243E-02	 1.76281058E-02	 6.41036621E-06	-5.32338160E-05	-4.44049295E-04	-6.14075946E-03	 5.27943470E-03	-4.23224512E-02	-3.14231825E-02	-4.00741381E-02	-2.15880583E-02	-1.52605190E-02
 2.310000E-01	-1.46827217E-04	-2.44117307E-04	 2.69263535E-04	 5.63378961E-03	-1.68124396E-02	 1.99660600E-03	 9.38163524E-04	 2.28245402E-02	 1.40654022E-02	 1.71142366E-02	 8.21055891E-06	-4.66820563E-05	-4.41412305E-04	-5.94626473E-03	 5.35061447E-03	-4.00194209E-02	-3.00792471E-02	-3.87943053E-02	-2.12057726E-02	-1.51745818E-02
 2.320000E-01	-1.39759443E-04	-2.27850471E-04	 2.38413284E-04	 5.19724325E-03	-1.58288366E-02	 1.55090550E-03	 5.38155786E-04	 2.15098586E-02	 1.34337227E-02	 1.66023874E-02	 9.64592099E-06	-4.08339995E-05	-4.37405643E-04	-5.75270709E-03	 5.39309524E-03	-3.78465541E-02	-2.87858575E-02	-3.75382014E-02	-2.08124722E-02	-1.50727046E-02
 2.330000E-01	-1.32995618E-04	-2.12723760E-04	 2.09804243E-04	 4.79327648E-03	-1.49041354E-02	 1.15534440E-03	 1.78420684E-04	 2.02650018E-02	 1.28226232E-02	 1.60939295E-02	 1.07533131E-05	-3.56140307E-05	-4.32242442E-04	-5.56091244E-03	 5.41066494E-03	-3.57964890E-02	-2.75420567E-02	-3.63072565E-02	-2.04099892E-02	-1.49559258E-02
 2.340000E-01	-1.26522642E-04	-1.98646381E-04	 1.83299579E-04	 4.41939896E-03	-1.40348104E-02	 8.04896544E-04	-1.44297961E-04	 1.90868075E-02	 1.22322125E-02	 1.55900859E-02	 1.15659467E-05	-3.09556232E-05	-4.26109356E-04	-5.37156228E-03	 5.40667231E-03	-3.38622445E-02	-2.63467687E-02	-3.51026474E-02	-2.00000302E-02	-1.48252816E-02
 2.350000E-01	-1.20327724E-04	-1.85535545E-04	 1.58768327E-04	 4.07331833E-03	-1.32175266E-02	 4.95030416E-04	-4.33021952E-04	 1.79721880E-02	 1.16624872E-02	 1.50919400E-02	 1.21137689E-05	-2.68000757E-05	-4.19169686E-04	-5.18521466E-03	 5.38407732E-03	-3.20372085E-02	-2.51988235E-02	-3.39253218E-02	-1.95841789E-02	-1.46817986E-02
 2.360000E-01	-1.14398407E-04	-1.73315776E-04	 1.36085433E-04	 3.75292443E-03	-1.24491328E-02	 2.21659180E-04	-6.90553166E-04	 1.69181378E-02	 1.11133471E-02	 1.46004457E-02	 1.24238181E-05	-2.30953782E-05	-4.11566224E-04	-5.00232268E-03	 5.34549598E-03	-3.03151226E-02	-2.40969775E-02	-3.27760219E-02	-1.91639004E-02	-1.45264868E-02
 2.370000E-01	-1.08722581E-04	-1.61918240E-04	 1.15131787E-04	 3.45627450E-03	-1.17266561E-02	-1.89033715E-05	-9.19487336E-04	 1.59217413E-02	 1.05846079E-02	 1.41164366E-02	 1.25205180E-05	-1.97953501E-05	-4.03423702E-04	-4.82324947E-03	 5.29323946E-03	-2.86900677E-02	-2.30399323E-02	-3.16553047E-02	-1.87405459E-02	-1.43603337E-02
 2.380000E-01	-1.03288516E-04	-1.51280063E-04	 9.57944306E-05	 3.18157931E-03	-1.10472957E-02	-2.29981703E-04	-1.12222701E-03	 1.49801777E-02	 1.00760141E-02	 1.36406349E-02	 1.24259188E-05	-1.68589736E-05	-3.94850876E-04	-4.64828039E-03	 5.22934854E-03	-2.71564527E-02	-2.20263500E-02	-3.05635620E-02	-1.83153567E-02	-1.41843000E-02
 2.390000E-01	-9.80848888E-05	-1.41343806E-04	 7.79665976E-05	 2.92719093E-03	-1.04084169E-02	-4.14574242E-04	-1.30099417E-03	 1.40907247E-02	 9.58724942E-03	 1.31736606E-02	 1.21599292E-05	-1.42497396E-05	-3.85942421E-04	-4.47763432E-03	 5.15562420E-03	-2.57089995E-02	-2.10548672E-02	-2.95010387E-02	-1.78894703E-02	-1.39993159E-02
 2.400000E-01	-9.31007963E-05	-1.32056942E-04	 6.15476072E-05	 2.69159115E-03	-9.80754276E-03	-5.75385604E-04	-1.45784234E-03	 1.32507606E-02	 9.11794649E-03	 1.27160394E-02	 1.17405255E-05	-1.19350756E-05	-3.76780619E-04	-4.31147359E-03	 5.07365492E-03	-2.43427288E-02	-2.01241061E-02	-2.84678484E-02	-1.74639246E-02	-1.38062780E-02
 2.410000E-01	-8.83257575E-05	-1.23371397E-04	 4.64426793E-05	 2.47338079E-03	-9.24234699E-03	-7.14855561E-04	-1.59466818E-03	 1.24577656E-02	 8.66769567E-03	 1.22682105E-02	 1.11839386E-05	-9.88585805E-06	-3.67436848E-04	-4.14991243E-03	 4.98484098E-03	-2.30529450E-02	-1.92326842E-02	-2.74639893E-02	-1.70396640E-02	-1.36060476E-02
 2.420000E-01	-8.37497089E-05	-1.15243120E-04	 3.25627085E-05	 2.27126993E-03	-8.71064543E-03	-8.35185107E-04	-1.71322236E-03	 1.17093216E-02	 8.23605264E-03	 1.18305345E-02	 1.05048190E-05	-8.07599623E-06	-3.57972887E-04	-3.99302430E-03	 4.89041576E-03	-2.18352226E-02	-1.83792227E-02	-2.64893575E-02	-1.66175444E-02	-1.33994485E-02
 2.430000E-01	-7.93629999E-05	-1.07631705E-04	 1.98240179E-05	 2.08406886E-03	-8.21038840E-03	-9.38359884E-04	-1.81511992E-03	 1.10031122E-02	 7.82254532E-03	 1.14033001E-02	 9.71638199E-06	-6.48207654E-06	-3.48442044E-04	-3.84084814E-03	 4.79146465E-03	-2.06853914E-02	-1.75623536E-02	-2.55437597E-02	-1.61983383E-02	-1.31872663E-02
 2.440000E-01	-7.51563831E-05	-1.00500051E-04	 8.14808803E-06	 1.91067991E-03	-7.73965300E-03	-1.02617127E-03	-1.90184994E-03	 1.03369211E-02	 7.42667985E-03	 1.09867307E-02	 8.83053810E-06	-5.08305902E-06	-3.38890166E-04	-3.69339371E-03	 4.68894168E-03	-1.95995236E-02	-1.67807249E-02	-2.46269246E-02	-1.57827402E-02	-1.29702479E-02
 2.450000E-01	-7.11209968E-05	-9.38140217E-05	-2.53874586E-06	 1.75008967E-03	-7.29663557E-03	-1.10023549E-03	-1.97478468E-03	 9.70863048E-03	 7.04794600E-03	 1.05809905E-02	 7.85801054E-06	-3.86003417E-06	-3.29356523E-04	-3.55064606E-03	 4.58368452E-03	-1.85739200E-02	-1.60330061E-02	-2.37385131E-02	-1.53713717E-02	-1.27491009E-02
 2.460000E-01	-6.72483437E-05	-8.75420330E-05	-1.23055455E-05	 1.60136114E-03	-6.87964434E-03	-1.16201138E-03	-2.03518812E-03	 9.11621921E-03	 6.68582211E-03	 1.01861909E-02	 6.80842374E-06	-2.79606564E-06	-3.19874521E-04	-3.41256925E-03	 4.47642846E-03	-1.76050978E-02	-1.53178930E-02	-2.28781289E-02	-1.49647867E-02	-1.25244940E-02
 2.470000E-01	-6.35302922E-05	-8.16546872E-05	-2.12168962E-05	 1.46362679E-03	-6.48709269E-03	-1.21281595E-03	-2.08422399E-03	 8.55776061E-03	 6.33977939E-03	 9.80239523E-03	 5.69038424E-06	-1.87606306E-06	-3.10472328E-04	-3.27910958E-03	 4.36781871E-03	-1.66897784E-02	-1.46341117E-02	-2.20453268E-02	-1.45634761E-02	-1.22970580E-02
 2.480000E-01	-5.99590812E-05	-7.61246942E-05	-2.93331283E-05	 1.33608381E-03	-6.11749250E-03	-1.25383765E-03	-2.12296322E-03	 8.03141936E-03	 6.00928516E-03	 9.42962403E-03	 4.51159104E-06	-1.08653331E-06	-3.01173595E-04	-3.15019884E-03	 4.25841988E-03	-1.58248759E-02	-1.39804194E-02	-2.12396200E-02	-1.41678725E-02	-1.20673855E-02
 2.490000E-01	-5.65273210E-05	-7.09268279E-05	-3.67105925E-05	 1.21798991E-03	-5.76944818E-03	-1.28614808E-03	-2.15239076E-03	 7.53544859E-03	 5.69380565E-03	 9.06785949E-03	 3.27893357E-06	-4.15377359E-07	-2.91998081E-04	-3.02575701E-03	 4.14872392E-03	-1.50074858E-02	-1.33556055E-02	-2.04604858E-02	-1.37783538E-02	-1.18360322E-02
 2.500000E-01	-5.32279877E-05	-6.60377929E-05	-4.34018964E-05	 1.10865887E-03	-5.44165131E-03	-1.31071320E-03	-2.17341189E-03	 7.06818690E-03	 5.39280864E-03	 8.71704964E-03	 1.99856331E-06	 1.48264399E-07	-2.82962107E-04	-2.90569452E-03	 4.03915775E-03	-1.42348749E-02	-1.27584925E-02	-1.97073722E-02	-1.33952470E-02	-1.16035177E-02
 2.510000E-01	-5.00544161E-05	-6.14360610E-05	-4.94561021E-05	 1.00745606E-03	-5.13287539E-03	-1.32840357E-03	-2.18685816E-03	 6.62805534E-03	 5.10576578E-03	 8.37711227E-03	 6.75957483E-07	 6.14136362E-07	-2.74078950E-04	-2.78991421E-03	 3.93009033E-03	-1.35044715E-02	-1.21879375E-02	-1.89797029E-02	-1.30188328E-02	-1.13703262E-02
 2.520000E-01	-4.70002903E-05	-5.71016983E-05	-5.49189100E-05	 9.13794229E-04	-4.84197084E-03	-1.34000356E-03	-2.19349291E-03	 6.21355439E-03	 4.83215459E-03	 8.04793853E-03	-6.84020227E-07	 9.90973250E-07	-2.65359213E-04	-2.67831288E-03	 3.82183902E-03	-1.28138556E-02	-1.16428328E-02	-1.82768826E-02	-1.26493483E-02	-1.11369083E-02
 2.530000E-01	-4.40596283E-05	-5.30162275E-05	-5.98328804E-05	 8.27129680E-04	-4.56785997E-03	-1.34621974E-03	-2.19401649E-03	 5.82326080E-03	 4.57146010E-03	 7.72939621E-03	-2.07705119E-06	 1.28660393E-06	-2.56811229E-04	-2.57078289E-03	 3.71467576E-03	-1.21607502E-02	-1.11221063E-02	-1.75983015E-02	-1.22869914E-02	-1.09036817E-02
 2.540000E-01	-4.12267686E-05	-4.91625100E-05	-6.42376434E-05	 7.46958890E-04	-4.30953231E-03	-1.34768845E-03	-2.18907107E-03	 5.45582454E-03	 4.32317632E-03	 7.42133281E-03	-3.49930508E-06	 1.50804216E-06	-2.48441382E-04	-2.46721336E-03	 3.60883236E-03	-1.15430127E-02	-1.06247220E-02	-1.69433391E-02	-1.19319231E-02	-1.06710328E-02
 2.550000E-01	-3.84963608E-05	-4.55246566E-05	-6.81700736E-05	 6.72815511E-04	-4.06604055E-03	-1.34498247E-03	-2.17924507E-03	 5.10996568E-03	 4.08680739E-03	 7.12357828E-03	-4.94739018E-06	 1.66156300E-06	-2.40254381E-04	-2.36749121E-03	 3.50450509E-03	-1.09586270E-02	-1.01496798E-02	-1.63113675E-02	-1.15842713E-02	-1.04393176E-02
 2.560000E-01	-3.58633640E-05	-4.20879648E-05	-7.16644192E-05	 6.04267777E-04	-3.83649696E-03	-1.33861693E-03	-2.16507723E-03	 4.78447139E-03	 3.86186844E-03	 6.83594756E-03	-6.41830033E-06	 1.75275193E-06	-2.32253564E-04	-2.27150186E-03	 3.40185859E-03	-1.04056965E-02	-9.69601511E-03	-1.57017548E-02	-1.12441330E-02	-1.02088638E-02
 2.570000E-01	-3.33230438E-05	-3.88388272E-05	-7.47523915E-05	 5.40915893E-04	-3.62007019E-03	-1.32905471E-03	-2.14706038E-03	 4.47819314E-03	 3.64788645E-03	 6.55824299E-03	-7.90936884E-06	 1.78653834E-06	-2.24441162E-04	-2.17912979E-03	 3.30102963E-03	-9.88243779E-03	-9.26279849E-03	-1.51138677E-02	-1.09115774E-02	-9.97997117E-03
 2.580000E-01	-3.08709446E-05	-3.57646406E-05	-7.74634162E-05	 4.82389441E-04	-3.41598105E-03	-1.31671173E-03	-2.12564506E-03	 4.19004360E-03	 3.44440084E-03	 6.29025628E-03	-9.41823707E-06	 1.76731390E-06	-2.16818402E-04	-2.09025955E-03	 3.20213029E-03	-9.38717291E-03	-8.84913529E-03	-1.45470737E-02	-1.05866481E-02	-9.75291387E-03
 2.590000E-01	-2.85028646E-05	-3.28536901E-05	-7.98248378E-05	 4.28344803E-04	-3.22349868E-03	-1.30196165E-03	-2.10124290E-03	 3.91899372E-03	 3.25096405E-03	 6.03177044E-03	-1.09428304E-05	 1.69899222E-06	-2.09385598E-04	-2.00477647E-03	 3.10525109E-03	-8.91832261E-03	-8.45416525E-03	-1.40007440E-02	-1.02693657E-02	-9.52794112E-03
 2.600000E-01	-2.62148390E-05	-3.00950678E-05	-8.18620708E-05	 3.78462991E-04	-3.04193728E-03	-1.28513995E-03	-2.07422969E-03	 3.66406997E-03	 3.06714189E-03	 5.78256146E-03	-1.24813308E-05	 1.58504887E-06	-2.02142268E-04	-1.92256700E-03	 3.01046350E-03	-8.47440040E-03	-8.07706186E-03	-1.34742545E-02	-9.95973013E-03	-9.30527878E-03
 2.610000E-01	-2.40031275E-05	-2.74786181E-05	-8.35987373E-05	 3.32447822E-04	-2.87065316E-03	-1.26654755E-03	-2.04494826E-03	 3.42435168E-03	 2.89251380E-03	 5.54239990E-03	-1.40321489E-05	 1.42856479E-06	-1.95087262E-04	-1.84351917E-03	 2.91782232E-03	-8.05400700E-03	-7.71703153E-03	-1.29669883E-02	-9.65772250E-03	-9.08513061E-03
 2.620000E-01	-2.18642020E-05	-2.49948983E-05	-8.50567980E-05	 2.90024321E-04	-2.70904201E-03	-1.24645415E-03	-2.01371099E-03	 3.19896838E-03	 2.72667291E-03	 5.31105223E-03	-1.55938991E-05	 1.23227047E-06	-1.88218869E-04	-1.76752285E-03	 2.82736768E-03	-7.65582506E-03	-7.37331279E-03	-1.24783363E-02	-9.36330711E-03	-8.86767956E-03
 2.630000E-01	-1.97947378E-05	-2.26351310E-05	-8.62566506E-05	 2.50937166E-04	-2.55653651E-03	-1.22510121E-03	-1.98080228E-03	 2.98709737E-03	 2.56922616E-03	 5.08828214E-03	-1.71653810E-05	 9.98581118E-07	-1.81534880E-04	-1.69447004E-03	 2.73912678E-03	-7.27861432E-03	-7.04517536E-03	-1.20076990E-02	-9.07643311E-03	-8.65308894E-03
 2.640000E-01	-1.77916050E-05	-2.03911589E-05	-8.72172161E-05	 2.14949257E-04	-2.41260407E-03	-1.20270468E-03	-1.94648072E-03	 2.78796126E-03	 2.41979423E-03	 4.87385159E-03	-1.87455597E-05	 7.29632135E-07	-1.75032673E-04	-1.62425506E-03	 2.65311543E-03	-6.92120692E-03	-6.73191924E-03	-1.15544869E-02	-8.79703617E-03	-8.44150365E-03
 2.650000E-01	-1.58518604E-05	-1.82554168E-05	-8.79560322E-05	 1.81840483E-04	-2.27674471E-03	-1.17945736E-03	-1.91098110E-03	 2.60082574E-03	 2.27801144E-03	 4.66752186E-03	-2.03335422E-05	 4.27323871E-07	-1.68709305E-04	-1.55677487E-03	 2.56933941E-03	-6.58250316E-03	-6.43287362E-03	-1.11181217E-02	-8.52503988E-03	-8.23305128E-03
 2.660000E-01	-1.39727339E-05	-1.62209340E-05	-8.84894031E-05	 1.51406747E-04	-2.14848904E-03	-1.15553109E-03	-1.87451630E-03	 2.42499728E-03	 2.14352557E-03	 4.46905433E-03	-2.19285517E-05	 9.33820410E-08	-1.62561631E-04	-1.49192930E-03	 2.48779537E-03	-6.26146735E-03	-6.14739570E-03	-1.06980366E-02	-8.26035707E-03	-8.02784318E-03
 2.670000E-01	-1.21516128E-05	-1.42813111E-05	-8.88325326E-05	 1.23458896E-04	-2.02739638E-03	-1.13107883E-03	-1.83727900E-03	 2.25982102E-03	 2.01599764E-03	 4.27821133E-03	-2.35299112E-05	-2.70607432E-07	-1.56586360E-04	-1.42962125E-03	 2.40847189E-03	-5.95712394E-03	-5.87486981E-03	-1.02936770E-02	-8.00289109E-03	-7.82597552E-03
 2.680000E-01	-1.03860312E-05	-1.24306470E-05	-8.89995703E-05	 9.78214253E-05	-1.91305300E-03	-1.10623657E-03	-1.79944339E-03	 2.10467886E-03	 1.89510181E-03	 4.09475682E-03	-2.51370406E-05	-6.63198642E-07	-1.50780041E-04	-1.36975652E-03	 2.33135103E-03	-5.66855394E-03	-5.61470680E-03	-9.90450101E-03	-7.75253704E-03	-7.62753028E-03
 2.690000E-01	-8.67366001E-06	-1.06634776E-05	-8.90036659E-05	 7.43312921E-05	-1.80507032E-03	-1.08112515E-03	-1.76116675E-03	 1.95898741E-03	 1.78052513E-03	 3.91845702E-03	-2.67494496E-05	-1.08307903E-06	-1.45139077E-04	-1.31224390E-03	 2.25640943E-03	-5.39489140E-03	-5.36634328E-03	-9.52998026E-03	-7.50918292E-03	-7.43257630E-03
 2.700000E-01	-7.01229670E-06	-8.97473750E-06	-8.88570401E-05	 5.28369439E-05	-1.70308318E-03	-1.05585169E-03	-1.72259084E-03	 1.82219622E-03	 1.67196727E-03	 3.74908098E-03	-2.83667285E-05	-1.52905865E-06	-1.39659768E-04	-1.25699507E-03	 2.18361920E-03	-5.13532028E-03	-5.12924065E-03	-9.16959975E-03	-7.27271064E-03	-7.24117014E-03
 2.710000E-01	-5.39985589E-06	-7.35972956E-06	-8.85710534E-05	 3.31974652E-05	-1.60674840E-03	-1.03051094E-03	-1.68384318E-03	 1.69378595E-03	 1.56914023E-03	 3.58640103E-03	-2.99885390E-05	-2.00005812E-06	-1.34338340E-04	-1.20392458E-03	 2.11294861E-03	-4.88907143E-03	-4.90288420E-03	-8.82285827E-03	-7.04299695E-03	-7.05335704E-03
 2.720000E-01	-3.83436096E-06	-5.81409867E-06	-8.81562693E-05	 1.52818061E-05	-1.51574337E-03	-1.00518650E-03	-1.64503826E-03	 1.57326674E-03	 1.47176801E-03	 3.43019314E-03	-3.16146067E-05	-2.49509668E-06	-1.29170978E-04	-1.15294987E-03	 2.04436271E-03	-4.65541980E-03	-4.68678215E-03	-8.48926843E-03	-6.81991423E-03	-6.86917169E-03
 2.730000E-01	-2.31393579E-06	-4.33380578E-06	-8.76225148E-05	-1.03194192E-06	-1.42976473E-03	-9.79951871E-04	-1.60627862E-03	 1.46017655E-03	 1.37958628E-03	 3.28023733E-03	-3.32447147E-05	-3.01328177E-06	-1.24153841E-04	-1.10399117E-03	 1.97782384E-03	-4.43368186E-03	-4.48046473E-03	-8.16835671E-03	-6.60333131E-03	-6.68863908E-03
 2.740000E-01	-8.36796561E-07	-2.91509782E-06	-8.69789334E-05	-1.58572638E-05	-1.34852709E-03	-9.54871505E-04	-1.56765583E-03	 1.35407967E-03	 1.29234204E-03	 3.13631790E-03	-3.48786994E-05	-3.55379998E-06	-1.19283073E-04	-1.05697147E-03	 1.91329216E-03	-4.22321303E-03	-4.28348334E-03	-7.85966348E-03	-6.39311417E-03	-6.51177524E-03
 2.750000E-01	 5.98756196E-07	-1.55446871E-06	-8.62340260E-05	-2.92999444E-05	-1.27176180E-03	-9.30001688E-04	-1.52925154E-03	 1.25456522E-03	 1.20979325E-03	 2.99822366E-03	-3.65164527E-05	-4.11590229E-06	-1.14554762E-04	-1.01181653E-03	 1.85072612E-03	-4.02340522E-03	-4.09540964E-03	-7.56274286E-03	-6.18912651E-03	-6.33858790E-03
 2.760000E-01	 1.99434453E-06	-2.48626851E-07	-8.53956866E-05	-4.14586929E-05	-1.19921563E-03	-9.05391316E-04	-1.49113820E-03	 1.16124576E-03	 1.13170846E-03	 2.86574812E-03	-3.81579231E-05	-4.69889162E-06	-1.09964902E-04	-9.68454801E-04	 1.79008292E-03	-3.83368436E-03	-3.91583457E-03	-7.27716241E-03	-5.99123012E-03	-6.16907703E-03
 2.770000E-01	 3.35151372E-06	 1.00551536E-06	-8.44712266E-05	-5.24256369E-05	-1.13065014E-03	-8.81082583E-04	-1.45337994E-03	 1.07375602E-03	 1.05786650E-03	 2.73868966E-03	-3.98031074E-05	-5.30214517E-06	-1.05509476E-04	-9.26817253E-04	 1.73131871E-03	-3.65350888E-03	-3.74436764E-03	-7.00250324E-03	-5.79928570E-03	-6.00323569E-03
 2.780000E-01	 4.67173501E-06	 2.21083992E-06	-8.34674176E-05	-6.22866638E-05	-1.06584081E-03	-8.57111638E-04	-1.41603318E-03	 9.91751732E-04	 9.88056082E-04	 2.61685168E-03	-4.14520413E-05	-5.92511037E-06	-1.01184514E-04	-8.86837276E-04	 1.67438879E-03	-3.48236786E-03	-3.58063615E-03	-6.73835981E-03	-5.61315330E-03	-5.84105059E-03
 2.790000E-01	 5.95640941E-06	 3.37002999E-06	-8.23905304E-05	-7.11217914E-05	-1.00457634E-03	-8.33509213E-04	-1.37914730E-03	 9.14908414E-04	 9.22075496E-04	 2.50004270E-03	-4.31047944E-05	-6.56729651E-06	-9.69861064E-05	-8.48450631E-04	 1.61924789E-03	-3.31977930E-03	-3.42428438E-03	-6.48433967E-03	-5.43269269E-03	-5.68250271E-03
 2.800000E-01	 7.20687193E-06	 4.48558286E-06	-8.12463725E-05	-7.90055639E-05	-9.46657806E-04	-8.10301184E-04	-1.34276529E-03	 8.42920303E-04	 8.59732215E-04	 2.38807640E-03	-4.47614675E-05	-7.22827160E-06	-9.29104139E-05	-8.11595363E-04	 1.56585033E-03	-3.16528834E-03	-3.27497288E-03	-6.24006332E-03	-5.25776383E-03	-5.52756777E-03
 2.810000E-01	 8.42439615E-06	 5.55983106E-06	-8.00403185E-05	-8.60074910E-05	-8.91897969E-04	-7.87509067E-04	-1.30692427E-03	 7.75499288E-04	 8.00842567E-04	 2.28077166E-03	-4.64221898E-05	-7.90766704E-06	-8.89536805E-05	-7.76211660E-04	 1.51415020E-03	-3.01846576E-03	-3.13237774E-03	-6.00516390E-03	-5.08822712E-03	-5.37621674E-03
 2.820000E-01	 9.61019850E-06	 6.59497126E-06	-7.87773302E-05	-9.21925260E-05	-8.40120575E-04	-7.65150452E-04	-1.27165604E-03	 7.12373919E-04	 7.45231391E-04	 2.17795257E-03	-4.80871158E-05	-8.60518583E-06	-8.51122554E-05	-7.42241680E-04	 1.46410145E-03	-2.87890641E-03	-2.99618993E-03	-5.77928699E-03	-4.92394380E-03	-5.22841632E-03
 2.830000E-01	 1.07654438E-05	 7.59307469E-06	-7.74620012E-05	-9.76213788E-05	-7.91159582E-04	-7.43239466E-04	-1.23698757E-03	 6.53288456E-04	 6.92731715E-04	 2.07944845E-03	-4.97564201E-05	-9.32060021E-06	-8.13826122E-05	-7.09629492E-04	 1.41565810E-03	-2.74622780E-03	-2.86611468E-03	-5.56209033E-03	-4.76477618E-03	-5.08412938E-03
 2.840000E-01	 1.18912453E-05	 8.55610308E-06	-7.60985662E-05	-1.02350873E-04	-7.44858475E-04	-7.21787239E-04	-1.20294153E-03	 5.98001970E-04	 6.43184494E-04	 1.98509384E-03	-5.14302995E-05	-1.00537588E-05	-7.77613353E-05	-6.78321000E-04	 1.36877448E-03	-2.62006873E-03	-2.74187114E-03	-5.35324387E-03	-4.61058820E-03	-4.94331546E-03
 2.850000E-01	 1.29886630E-05	 9.48591871E-06	-7.46909033E-05	-1.06434246E-04	-7.01069713E-04	-7.00802312E-04	-1.16953671E-03	 5.46287506E-04	 5.96438347E-04	 1.89472850E-03	-5.31089708E-05	-1.08045908E-05	-7.42451281E-05	-6.48263894E-04	 1.32340546E-03	-2.50008816E-03	-2.62319201E-03	-5.15242969E-03	-4.46124589E-03	-4.80593136E-03
 2.860000E-01	 1.40587103E-05	 1.03842783E-05	-7.32425880E-05	-1.09921240E-04	-6.59654154E-04	-6.80290849E-04	-1.13678839E-03	 4.97931273E-04	 5.52349122E-04	 1.80819731E-03	-5.47926611E-05	-1.15730722E-05	-7.08308321E-05	-6.19407723E-04	 1.27950636E-03	-2.38596389E-03	-2.50982247E-03	-4.95934126E-03	-4.31661712E-03	-4.67193122E-03
 2.870000E-01	 1.51023592E-05	 1.12528270E-05	-7.17569444E-05	-1.12858224E-04	-6.20480629E-04	-6.60256843E-04	-1.10470855E-03	 4.52731901E-04	 5.10779552E-04	 1.72535014E-03	-5.64816000E-05	-1.23592067E-05	-6.75154549E-05	-5.91703901E-04	 1.23703301E-03	-2.27739144E-03	-2.40151946E-03	-4.77368298E-03	-4.17657160E-03	-4.54126677E-03
 2.880000E-01	 1.61205433E-05	 1.20931017E-05	-7.02370710E-05	-1.15288391E-04	-5.83425518E-04	-6.40702355E-04	-1.07330626E-03	 4.10499736E-04	 4.71598958E-04	 1.64604184E-03	-5.81760162E-05	-1.31630144E-05	-6.42961694E-05	-5.65105716E-04	 1.19594176E-03	-2.17408310E-03	-2.29805110E-03	-4.59516985E-03	-4.04098100E-03	-4.41388761E-03
 2.890000E-01	 1.71141589E-05	 1.29065388E-05	-6.86858574E-05	-1.17251964E-04	-5.48372305E-04	-6.21627743E-04	-1.04258791E-03	 3.71056174E-04	 4.34682968E-04	 1.57013211E-03	-5.98761352E-05	-1.39845207E-05	-6.11703092E-05	-5.39568334E-04	 1.15618962E-03	-2.07576689E-03	-2.19919623E-03	-4.42352718E-03	-3.90971911E-03	-4.28974154E-03
 2.900000E-01	 1.80840671E-05	 1.36944784E-05	-6.71059973E-05	-1.18786381E-04	-5.15211146E-04	-6.03031864E-04	-1.01255751E-03	 3.34233021E-04	 3.99913243E-04	 1.49748543E-03	-6.15821772E-05	-1.48237412E-05	-5.81353583E-05	-5.15048839E-04	 1.11773433E-03	-1.98218568E-03	-2.10474388E-03	-4.25849034E-03	-3.78266191E-03	-4.16877479E-03
 2.910000E-01	 1.90310935E-05	 1.44581543E-05	-6.55000071E-05	-1.19926352E-04	-4.83838461E-04	-5.84912292E-04	-9.83216921E-04	 2.99871909E-04	 3.67177214E-04	 1.42797097E-03	-6.32943556E-05	-1.56806598E-05	-5.51889279E-05	-4.91506341E-04	 1.08053456E-03	-1.89309630E-03	-2.01449285E-03	-4.09980436E-03	-3.65968768E-03	-4.05093225E-03
 2.920000E-01	 1.99560307E-05	 1.51986687E-05	-6.38702744E-05	-1.20703789E-04	-4.54156624E-04	-5.67265510E-04	-9.54566064E-04	 2.67823746E-04	 3.36367816E-04	 1.36146246E-03	-6.50128742E-05	-1.65552058E-05	-5.23287424E-05	-4.68902073E-04	 1.04454998E-03	-1.80826876E-03	-1.92825117E-03	-3.94722370E-03	-3.54067698E-03	-3.93615770E-03
 2.930000E-01	 2.08596419E-05	 1.59170015E-05	-6.22190700E-05	-1.21147989E-04	-4.26073773E-04	-5.50086932E-04	-9.26603063E-04	 2.37948222E-04	 3.07383174E-04	 1.29783814E-03	-6.67379245E-05	-1.74472540E-05	-4.95526437E-05	-4.47199230E-04	 1.00974131E-03	-1.72748562E-03	-1.84583544E-03	-3.80051155E-03	-3.42551241E-03	-3.82439384E-03
 2.940000E-01	 2.17426622E-05	 1.66140296E-05	-6.05485416E-05	-1.21285909E-04	-3.99503488E-04	-5.33371008E-04	-8.99324416E-04	 2.10113308E-04	 2.80126381E-04	 1.23698056E-03	-6.84696881E-05	-1.83566343E-05	-4.68585713E-05	-4.26362809E-04	 9.76070295E-04	-1.65054137E-03	-1.76707039E-03	-3.65943964E-03	-3.31407865E-03	-3.71558249E-03
 2.950000E-01	 2.26057966E-05	 1.72905488E-05	-5.88606934E-05	-1.21142499E-04	-3.74364351E-04	-5.17111427E-04	-8.72725222E-04	 1.84194738E-04	 2.54505340E-04	 1.17877659E-03	-7.02083472E-05	-1.92831462E-05	-4.42445074E-05	-4.06359484E-04	 9.43499779E-04	-1.57724164E-03	-1.69178887E-03	-3.52378823E-03	-3.20626285E-03	-3.60966495E-03
 2.960000E-01	 2.34497194E-05	 1.79472926E-05	-5.71573714E-05	-1.20740947E-04	-3.50579535E-04	-5.01301236E-04	-8.46799379E-04	 1.60075545E-04	 2.30432564E-04	 1.12311725E-03	-7.19540891E-05	-2.02265679E-05	-4.17084437E-05	-3.87157494E-04	 9.11993701E-04	-1.50740251E-03	-1.61983151E-03	-3.39334588E-03	-3.10195474E-03	-3.50658214E-03
 2.970000E-01	 2.42750754E-05	 1.85849406E-05	-5.54402683E-05	-1.20102842E-04	-3.28076498E-04	-4.85932946E-04	-8.21539734E-04	 1.37645635E-04	 2.07824960E-04	 1.06989759E-03	-7.37071067E-05	-2.11866630E-05	-3.92483784E-05	-3.68726524E-04	 8.81517110E-04	-1.44084996E-03	-1.55104642E-03	-3.26790924E-03	-3.00104666E-03	-3.40627482E-03
 2.980000E-01	 2.50824808E-05	 1.92041239E-05	-5.37109316E-05	-1.19248294E-04	-3.06786713E-04	-4.70998612E-04	-7.96938214E-04	 1.16801387E-04	 1.86603625E-04	 1.01901662E-03	-7.54675988E-05	-2.21631865E-05	-3.68623160E-05	-3.51037600E-04	 8.52036132E-04	-1.37741926E-03	-1.48528879E-03	-3.14728273E-03	-2.90343354E-03	-3.30868363E-03
 2.990000E-01	 2.58725247E-05	 1.98054287E-05	-5.19707728E-05	-1.18196036E-04	-2.86645440E-04	-4.56489918E-04	-7.72985946E-04	 9.74452798E-05	 1.66693649E-04	 9.70377167E-04	-7.72357694E-05	-2.31558897E-05	-3.45482691E-05	-3.34062984E-04	 8.23517938E-04	-1.31695448E-03	-1.42242058E-03	-3.03127825E-03	-2.80901293E-03	-3.21374933E-03
 3.000000E-01	 2.66457703E-05	 2.03894038E-05	-5.02210780E-05	-1.16963552E-04	-2.67591511E-04	-4.42398237E-04	-7.49673360E-04	 7.94855406E-05	 1.48023921E-04	 9.23885756E-04	-7.90118277E-05	-2.41645302E-05	-3.23042662E-05	-3.17776045E-04	 7.95930692E-04	-1.25930800E-03	-1.36231019E-03	-2.91971496E-03	-2.71768496E-03	-3.12141279E-03
 3.010000E-01	 2.74027583E-05	 2.09565744E-05	-4.84630247E-05	-1.15567247E-04	-2.49567153E-04	-4.28714687E-04	-7.26990276E-04	 6.28358000E-05	 1.30526958E-04	 8.79452512E-04	-8.07959854E-05	-2.51888863E-05	-3.01283799E-05	-3.02151093E-04	 7.69243428E-04	-1.20434009E-03	-1.30483220E-03	-2.81241905E-03	-2.62935243E-03	-3.03161523E-03
 3.020000E-01	 2.81440123E-05	 2.15074588E-05	-4.66977070E-05	-1.14022656E-04	-2.32517824E-04	-4.15430189E-04	-7.04926008E-04	 4.74147545E-05	 1.14138746E-04	 8.36991032E-04	-8.25884537E-05	-2.62287744E-05	-2.80187777E-05	-2.87163218E-04	 7.43425854E-04	-1.15191850E-03	-1.24986720E-03	-2.70922361E-03	-2.54392095E-03	-2.94429835E-03
 3.030000E-01	 2.88700420E-05	 2.20425612E-05	-4.49261666E-05	-1.12344370E-04	-2.16391987E-04	-4.02535538E-04	-6.83469449E-04	 3.31458925E-05	 9.87985491E-05	 7.96418277E-04	-8.43894364E-05	-2.72840324E-05	-2.59737314E-05	-2.72788323E-04	 7.18448461E-04	-1.10191793E-03	-1.19730140E-03	-2.60996828E-03	-2.46129875E-03	-2.85940431E-03
 3.040000E-01	 2.95813443E-05	 2.25623667E-05	-4.31494077E-05	-1.10546025E-04	-2.01140931E-04	-3.90021458E-04	-6.62609148E-04	 1.99572236E-05	 8.44487421E-05	 7.57654461E-04	-8.61991274E-05	-2.83545088E-05	-2.39916110E-05	-2.59003167E-04	 6.94282555E-04	-1.05421965E-03	-1.14702628E-03	-2.51449895E-03	-2.38139654E-03	-2.77687578E-03
 3.050000E-01	 3.02784047E-05	 2.30673421E-05	-4.13684070E-05	-1.08640342E-04	-1.86718629E-04	-3.77878642E-04	-6.42333375E-04	 7.78101613E-06	 7.10346592E-05	 7.20622938E-04	-8.80177091E-05	-2.94400581E-05	-2.20708802E-05	-2.45785364E-04	 6.70900259E-04	-1.00871108E-03	-1.09893839E-03	-2.42266752E-03	-2.30412747E-03	-2.69665599E-03
 3.060000E-01	 3.09616985E-05	 2.35579390E-05	-3.95841216E-05	-1.06639193E-04	-1.73081595E-04	-3.66097782E-04	-6.22630175E-04	-3.44645067E-06	 5.85044497E-05	 6.85250102E-04	-8.98453510E-05	-3.05405394E-05	-2.02100941E-05	-2.33113357E-04	 6.48274496E-04	-9.65285489E-04	-1.05293908E-03	-2.33433167E-03	-2.22940715E-03	-2.61868883E-03
 3.070000E-01	 3.16316924E-05	 2.40345979E-05	-3.77974950E-05	-1.04553660E-04	-1.60188741E-04	-3.54669590E-04	-6.03487423E-04	-1.37851199E-05	 4.68089398E-05	 6.51465278E-04	-9.16822093E-05	-3.16558167E-05	-1.84078971E-05	-2.20966384E-04	 6.26378979E-04	-9.23841654E-04	-1.00893427E-03	-2.24935468E-03	-2.15715356E-03	-2.54291887E-03
 3.080000E-01	 3.22888454E-05	 2.44977531E-05	-3.60094597E-05	-1.02394117E-04	-1.48001237E-04	-3.43584818E-04	-5.84892869E-04	-2.32913798E-05	 3.59015017E-05	 6.19200626E-04	-9.35284256E-05	-3.27857593E-05	-1.66630196E-05	-2.09324433E-04	 6.05188188E-04	-8.84283589E-04	-9.66834260E-04	-2.16760519E-03	-2.08728705E-03	-2.46929141E-03
 3.090000E-01	 3.29336068E-05	 2.49478414E-05	-3.42209143E-05	-1.00170330E-04	-1.36482314E-04	-3.32834277E-04	-5.66834203E-04	-3.20182802E-05	 2.57379311E-05	 5.88391036E-04	-9.53841284E-05	-3.39302409E-05	-1.49742533E-05	-1.98168217E-04	 5.84677397E-04	-8.46520205E-04	-9.26553527E-04	-2.08895702E-03	-2.01973027E-03	-2.39775254E-03
 3.100000E-01	 3.35664105E-05	 2.53853111E-05	-3.24326764E-05	-9.78915478E-05	-1.25597068E-04	-3.22408815E-04	-5.49299078E-04	-4.00157128E-05	 1.62763130E-05	 5.58974034E-04	-9.72494350E-05	-3.50891327E-05	-1.33404062E-05	-1.87479167E-04	 5.64822754E-04	-8.10464961E-04	-8.88010402E-04	-2.01328882E-03	-1.95440796E-03	-2.32824909E-03
 3.110000E-01	 3.41876741E-05	 2.58106168E-05	-3.06454825E-05	-9.55665182E-05	-1.15312398E-04	-3.12299349E-04	-5.32275145E-04	-4.73305989E-05	 7.47692215E-06	 5.30889686E-04	-9.91244496E-05	-3.62623079E-05	-1.17603165E-05	-1.77239424E-04	 5.45601210E-04	-7.76035679E-04	-8.51126959E-04	-1.94048398E-03	-1.89124703E-03	-2.26072867E-03
 3.120000E-01	 3.47978009E-05	 2.62242084E-05	-2.88600184E-05	-9.32034439E-05	-1.05596976E-04	-3.02496908E-04	-5.15750076E-04	-5.40070584E-05	-6.97881180E-07	 5.04080510E-04	-1.01009259E-04	-3.74496409E-05	-1.02328792E-05	-1.67431840E-04	 5.26990442E-04	-7.43154390E-04	-8.15828867E-04	-1.87043049E-03	-1.83017659E-03	-2.19513983E-03
 3.130000E-01	 3.53971808E-05	 2.66265351E-05	-2.70769219E-05	-9.08100389E-05	-9.64211774E-05	-2.92992629E-04	-4.99711574E-04	-6.00865672E-05	-8.28375792E-06	 4.78491380E-04	-1.02903932E-04	-3.86510088E-05	-8.75705035E-06	-1.58039929E-04	 5.08968825E-04	-7.11747136E-04	-7.82045206E-04	-1.80302077E-03	-1.77112790E-03	-2.13143205E-03
 3.140000E-01	 3.59861901E-05	 2.70180507E-05	-2.52967765E-05	-8.83936016E-05	-8.77569756E-05	-2.83777770E-04	-4.84147406E-04	-6.56081123E-05	-1.53144890E-05	 4.54069442E-04	-1.04808517E-04	-3.98662931E-05	-7.33184901E-06	-1.49047816E-04	 4.91515409E-04	-6.81743765E-04	-7.49708315E-04	-1.73815144E-03	-1.71403430E-03	-2.06955571E-03
 3.150000E-01	 3.65651914E-05	 2.73992184E-05	-2.35201084E-05	-8.59610710E-05	-7.95778400E-05	-2.74843711E-04	-4.69045428E-04	-7.06083381E-05	-2.18220690E-05	 4.30764026E-04	-1.06723041E-04	-4.10953793E-05	-5.95636015E-06	-1.40440215E-04	 4.74609905E-04	-6.53077722E-04	-7.18753636E-04	-1.67572324E-03	-1.65883117E-03	-2.00946216E-03
 3.160000E-01	 3.71345332E-05	 2.77705137E-05	-2.17473822E-05	-8.35190721E-05	-7.18586366E-05	-2.66181969E-04	-4.54393606E-04	-7.51216835E-05	-2.78367952E-05	 4.08526569E-04	-1.08647509E-04	-4.23381554E-05	-4.62973725E-06	-1.32202414E-04	 4.58232664E-04	-6.25685858E-04	-6.89119574E-04	-1.61564079E-03	-1.60545588E-03	-1.95110374E-03
 3.170000E-01	 3.76945496E-05	 2.81324311E-05	-1.99789944E-05	-8.10739387E-05	-6.45755254E-05	-2.57784200E-04	-4.40180047E-04	-7.91805373E-05	-3.33873771E-05	 3.87310522E-04	-1.10581886E-04	-4.35945059E-05	-3.35120849E-06	-1.24320255E-04	 4.42364716E-04	-5.99508192E-04	-6.60747273E-04	-1.55781245E-03	-1.55384778E-03	-1.89443384E-03
 3.180000E-01	 3.82455638E-05	 2.84854759E-05	-1.82152857E-05	-7.86317357E-05	-5.77058983E-05	-2.49642265E-04	-4.26393054E-04	-8.28153691E-05	-3.85009821E-05	 3.67071282E-04	-1.12526124E-04	-4.48643170E-05	-2.12009783E-06	-1.16780172E-04	 4.26987690E-04	-5.74487814E-04	-6.33580728E-04	-1.50215038E-03	-1.50394839E-03	-1.83940699E-03
 3.190000E-01	 3.87878898E-05	 2.88301537E-05	-1.64565537E-05	-7.61982634E-05	-5.12282848E-05	-2.41748234E-04	-4.13021125E-04	-8.60547962E-05	-4.32032909E-05	 3.47766115E-04	-1.14480177E-04	-4.61474628E-05	-9.35811861E-07	-1.09569280E-04	 4.12083761E-04	-5.50570739E-04	-6.07566699E-04	-1.44857042E-03	-1.45570121E-03	-1.78597865E-03
 3.200000E-01	 3.93218310E-05	 2.91669724E-05	-1.47030516E-05	-7.37790479E-05	-4.51222629E-05	-2.34094372E-04	-4.00052951E-04	-8.89256856E-05	-4.75185908E-05	 3.29354079E-04	-1.16443991E-04	-4.74437890E-05	 2.02179714E-07	-1.02675417E-04	 3.97635685E-04	-5.27705685E-04	-5.82654462E-04	-1.39699181E-03	-1.40905149E-03	-1.73410512E-03
 3.210000E-01	 3.98476791E-05	 2.94964413E-05	-1.29549836E-05	-7.13793286E-05	-3.93683949E-05	-2.26673140E-04	-3.87477426E-04	-9.14532632E-05	-5.14698540E-05	 3.11795959E-04	-1.18417502E-04	-4.87531034E-05	 1.29435704E-06	-9.60871665E-05	 3.83626818E-04	-5.05843900E-04	-5.58795654E-04	-1.34733704E-03	-1.36394619E-03	-1.68374363E-03
 3.220000E-01	 4.03657129E-05	 2.98190665E-05	-1.12125028E-05	-6.90040423E-05	-3.39481691E-05	-2.19477205E-04	-3.75283659E-04	-9.36612112E-05	-5.50788057E-05	 2.95054195E-04	-1.20400633E-04	-5.00751685E-05	 2.34116543E-06	-8.97938952E-05	 3.70041128E-04	-4.84939023E-04	-5.35944164E-04	-1.29953170E-03	-1.32033398E-03	-1.63485229E-03
 3.230000E-01	 4.08761978E-05	 3.01353484E-05	-9.47570540E-06	-6.66578223E-05	-2.88439476E-05	-2.12499442E-04	-3.63460981E-04	-9.55717603E-05	-5.83659885E-05	 2.79092821E-04	-1.22393299E-04	-5.14096976E-05	 3.34302949E-06	-8.37857433E-05	 3.56863195E-04	-4.64946947E-04	-5.14056020E-04	-1.25350440E-03	-1.27816513E-03	-1.58739015E-03
 3.240000E-01	 4.13793851E-05	 3.04457777E-05	-7.74463252E-06	-6.43449836E-05	-2.40389271E-05	-2.05732941E-04	-3.51998947E-04	-9.72057732E-05	-6.13508250E-05	 2.63877397E-04	-1.24395408E-04	-5.27563543E-05	 4.30036392E-06	-7.80536081E-05	 3.44078215E-04	-4.45825705E-04	-4.93089284E-04	-1.20918658E-03	-1.23739153E-03	-1.54131715E-03
 3.250000E-01	 4.18755132E-05	 3.07508297E-05	-6.01928633E-06	-6.20694829E-05	-1.95171319E-05	-1.99170996E-04	-3.40887318E-04	-9.85828089E-05	-6.40516819E-05	 2.49374955E-04	-1.26406861E-04	-5.41147492E-05	 5.21357580E-06	-7.25891130E-05	 3.31671997E-04	-4.27535372E-04	-4.73003885E-04	-1.16651236E-03	-1.19796650E-03	-1.49659412E-03
 3.260000E-01	 4.23648059E-05	 3.10509573E-05	-4.29963419E-06	-5.98348793E-05	-1.52633940E-05	-1.92807084E-04	-3.30116026E-04	-9.97211685E-05	-6.64859407E-05	 2.35553934E-04	-1.28427549E-04	-5.54844309E-05	 6.08307729E-06	-6.73845680E-05	 3.19631006E-04	-4.10037932E-04	-4.53761360E-04	-1.12541826E-03	-1.15984459E-03	-1.45318270E-03
 3.270000E-01	 4.28474707E-05	 3.13465879E-05	-2.58559039E-06	-5.76443369E-05	-1.12633161E-05	-1.86634887E-04	-3.19675207E-04	-1.00638008E-04	-6.86700441E-05	 2.22384125E-04	-1.30457360E-04	-5.68648981E-05	 6.90930143E-06	-6.24329070E-05	 3.07942330E-04	-3.93297185E-04	-4.35324887E-04	-1.08584319E-03	-1.12298175E-03	-1.41104546E-03
 3.280000E-01	 4.33236963E-05	 3.16381199E-05	-8.76999004E-07	-5.55006331E-05	-7.50321066E-06	-1.80648308E-04	-3.09555219E-04	-1.01349422E-04	-7.06195396E-05	 2.09836605E-04	-1.32496189E-04	-5.82556101E-05	 7.69272295E-06	-5.77276210E-05	 2.96593671E-04	-3.77278644E-04	-4.17659280E-04	-1.04772848E-03	-1.08733540E-03	-1.37014597E-03
 3.290000E-01	 4.37936519E-05	 3.19259183E-05	 8.26363933E-07	-5.34061520E-05	-3.97006249E-06	-1.74841466E-04	-2.99746653E-04	-1.01870511E-04	-7.23491244E-05	 1.97883690E-04	-1.34543936E-04	-5.96559964E-05	 8.43386714E-06	-5.32626729E-05	 2.85573322E-04	-3.61949459E-04	-4.00730924E-04	-1.01101775E-03	-1.05286440E-03	-1.33044875E-03
 3.300000E-01	 4.42574879E-05	 3.22103116E-05	 2.52478010E-06	-5.13628760E-05	-6.51508603E-07	-1.69208696E-04	-2.90240324E-04	-1.02215432E-04	-7.38726893E-05	 1.86498879E-04	-1.36600508E-04	-6.10654687E-05	 9.13331192E-06	-4.90323944E-05	 2.74870131E-04	-3.47278358E-04	-3.84507710E-04	-9.75656830E-04	-1.01952898E-03	-1.29191929E-03
 3.310000E-01	 4.47153366E-05	 3.24915891E-05	 4.21857695E-06	-4.93723887E-05	 2.46417670E-06	-1.63744545E-04	-2.81027270E-04	-1.02397458E-04	-7.52033600E-05	 1.75656810E-04	-1.38665827E-04	-6.24834353E-05	 9.79168418E-06	-4.50313624E-05	 2.64473468E-04	-3.33235587E-04	-3.68958972E-04	-9.41593685E-04	-9.87290729E-04	-1.25452396E-03
 3.320000E-01	 4.51673138E-05	 3.27699993E-05	 5.90811518E-06	-4.74358781E-05	 5.38809311E-06	-1.58443761E-04	-2.72098745E-04	-1.02429026E-04	-7.63535375E-05	 1.65333208E-04	-1.40739825E-04	-6.39093163E-05	 1.04096525E-05	-4.12542757E-05	 2.54373183E-04	-3.19792858E-04	-3.54055428E-04	-9.08778307E-04	-9.56112506E-04	-1.21823008E-03
 3.330000E-01	 4.56135227E-05	 3.30457453E-05	 7.59376196E-06	-4.55541003E-05	 8.13071797E-06	-1.53301318E-04	-2.63446242E-04	-1.02321803E-04	-7.73349311E-05	 1.55504841E-04	-1.42822451E-04	-6.53425610E-05	 1.09879202E-05	-3.76958922E-05	 2.44559546E-04	-3.06923304E-04	-3.39769208E-04	-8.77162751E-04	-9.25958556E-04	-1.18300587E-03
 3.340000E-01	 4.60540585E-05	 3.33189820E-05	 9.27585592E-06	-4.37273542E-05	 1.07019110E-05	-1.48312422E-04	-2.55061502E-04	-1.02086742E-04	-7.81585906E-05	 1.46149478E-04	-1.44913676E-04	-6.67826612E-05	 1.15272207E-05	-3.43509799E-05	 2.35023200E-04	-2.94601434E-04	-3.26073856E-04	-8.46701103E-04	-8.96794496E-04	-1.14882049E-03
 3.350000E-01	 4.64890112E-05	 3.35898140E-05	 1.09546775E-05	-4.19554848E-05	 1.31109331E-05	-1.43472480E-04	-2.46936484E-04	-1.01734088E-04	-7.88349414E-05	 1.37245851E-04	-1.47013483E-04	-6.82291485E-05	 1.20283234E-05	-3.12142679E-05	 2.25755144E-04	-2.82803058E-04	-3.12944170E-04	-8.17349293E-04	-8.68587075E-04	-1.11564389E-03
 3.360000E-01	 4.69184687E-05	 3.38582991E-05	 1.26304281E-05	-4.02379172E-05	 1.53664533E-05	-1.38777086E-04	-2.39063352E-04	-1.01273425E-04	-7.93738188E-05	 1.28773621E-04	-1.49121871E-04	-6.96816020E-05	 1.24920254E-05	-2.82803844E-05	 2.16746711E-04	-2.71505232E-04	-3.00356133E-04	-7.89064999E-04	-8.41304129E-04	-1.08344680E-03
 3.370000E-01	 4.73425210E-05	 3.41244560E-05	 1.43032169E-05	-3.85737179E-05	 1.74765653E-05	-1.34222001E-04	-2.31434474E-04	-1.00713715E-04	-7.97845015E-05	 1.20713337E-04	-1.51238856E-04	-7.11396551E-05	 1.29191418E-05	-2.55438034E-05	 2.07989531E-04	-2.60686196E-04	-2.88286850E-04	-7.61807578E-04	-8.14914547E-04	-1.05220072E-03
 3.380000E-01	 4.77612634E-05	 3.43882739E-05	 1.59730514E-05	-3.69616750E-05	 1.94488118E-05	-1.29803135E-04	-2.24042413E-04	-1.00063337E-04	-8.00757421E-05	 1.13046397E-04	-1.53364466E-04	-7.26030016E-05	 1.33104951E-05	-2.29988096E-05	 1.99475505E-04	-2.50325320E-04	-2.76714487E-04	-7.35537994E-04	-7.89388239E-04	-1.02187788E-03
 3.390000E-01	 4.81747995E-05	 3.46497246E-05	 1.76398364E-05	-3.54003889E-05	 2.12902196E-05	-1.25516522E-04	-2.16879922E-04	-9.93301339E-05	-8.02557967E-05	 1.05755012E-04	-1.55498743E-04	-7.40713973E-05	 1.36669055E-05	-2.06394851E-05	 1.91196779E-04	-2.40403041E-04	-2.65618222E-04	-7.10218758E-04	-7.64696114E-04	-9.92451274E-04
 3.400000E-01	 4.85832412E-05	 3.49087715E-05	 1.93033902E-05	-3.38883745E-05	 2.30073616E-05	-1.21358300E-04	-2.09939951E-04	-9.85214432E-05	-8.03324513E-05	 9.88221769E-05	-1.57641738E-04	-7.55446544E-05	 1.39891849E-05	-1.84597219E-05	 1.83145728E-04	-2.30900786E-04	-2.54978187E-04	-6.85813865E-04	-7.40810053E-04	-9.63894593E-04
 3.410000E-01	 4.89867066E-05	 3.51653752E-05	 2.09634720E-05	-3.24241512E-05	 2.46064245E-05	-1.17324692E-04	-2.03215628E-04	-9.76441190E-05	-8.03130408E-05	 9.22316336E-05	-1.59793508E-04	-7.70226186E-05	 1.42781369E-05	-1.64532548E-05	 1.75314961E-04	-2.21800880E-04	-2.44775371E-04	-6.62288690E-04	-7.17702809E-04	-9.36182167E-04
 3.420000E-01	 4.93853234E-05	 3.54195039E-05	 2.26197854E-05	-3.10063044E-05	 2.60932194E-05	-1.13412005E-04	-1.96700258E-04	-9.67045681E-05	-8.02044709E-05	 8.59678385E-05	-1.61954119E-04	-7.85051666E-05	 1.45345353E-05	-1.46137035E-05	 1.67697291E-04	-2.13086514E-04	-2.34991598E-04	-6.39609987E-04	-6.95348082E-04	-9.09288930E-04
 3.430000E-01	 4.97792324E-05	 3.56711446E-05	 2.42719747E-05	-2.96335453E-05	 2.74731880E-05	-1.09616627E-04	-1.90387314E-04	-9.57087795E-05	-8.00132429E-05	 8.00159297E-05	-1.64123650E-04	-7.99922053E-05	 1.47591047E-05	-1.29346004E-05	 1.60285706E-04	-2.04741716E-04	-2.25609503E-04	-6.17745842E-04	-6.73720508E-04	-8.83190431E-04
 3.440000E-01	 5.01685877E-05	 3.59203114E-05	 2.59196312E-05	-2.83047596E-05	 2.87514332E-05	-1.05935019E-04	-1.84270437E-04	-9.46623499E-05	-7.97454779E-05	 7.43616996E-05	-1.66302188E-04	-8.14836664E-05	 1.49525130E-05	-1.14094353E-05	 1.53073363E-04	-1.96751299E-04	-2.16612482E-04	-5.96665619E-04	-6.52795621E-04	-8.57862827E-04
 3.450000E-01	 5.05535560E-05	 3.61670496E-05	 2.75623024E-05	-2.70190363E-05	 2.99327536E-05	-1.02363703E-04	-1.78343433E-04	-9.35705088E-05	-7.94069384E-05	 6.89915688E-05	-1.68489825E-04	-8.29794972E-05	 1.51153663E-05	-1.00317114E-05	 1.46053573E-04	-1.89100808E-04	-2.07984659E-04	-5.76339900E-04	-6.32549821E-04	-8.33282878E-04
 3.460000E-01	 5.09343162E-05	 3.64114382E-05	 2.91994995E-05	-2.57756772E-05	 3.10216729E-05	-9.88992678E-05	-1.72600276E-04	-9.24381414E-05	-7.90030483E-05	 6.38925595E-05	-1.70686662E-04	-8.44796523E-05	 1.52482069E-05	-8.79500566E-06	 1.39219805E-04	-1.81776465E-04	-1.99710847E-04	-5.56740445E-04	-6.12960340E-04	-8.09427941E-04
 3.470000E-01	 5.13110586E-05	 3.66535909E-05	 3.08306982E-05	-2.45741853E-05	 3.20224552E-05	-9.55383658E-05	-1.67035098E-04	-9.12698070E-05	-7.85389129E-05	 5.90522707E-05	-1.72892805E-04	-8.59840865E-05	 1.53515141E-05	-7.69302937E-06	 1.32565679E-04	-1.74765127E-04	-1.91776514E-04	-5.37840130E-04	-5.94005205E-04	-7.86275970E-04
 3.480000E-01	 5.16839842E-05	 3.68936580E-05	 3.24553323E-05	-2.34142423E-05	 3.29391120E-05	-9.22777082E-05	-1.61642198E-04	-9.00697693E-05	-7.80193502E-05	 5.44588487E-05	-1.75108355E-04	-8.74927639E-05	 1.54256991E-05	-6.71969802E-06	 1.26084974E-04	-1.68054244E-04	-1.84167739E-04	-5.19612882E-04	-5.75663207E-04	-7.63805614E-04
 3.490000E-01	 5.20532995E-05	 3.71318254E-05	 3.40727990E-05	-2.22956895E-05	 3.37754277E-05	-8.91140416E-05	-1.56416036E-04	-8.88420241E-05	-7.74489250E-05	 5.01009578E-05	-1.77333403E-04	-8.90056666E-05	 1.54711070E-05	-5.86919152E-06	 1.19771631E-04	-1.61631797E-04	-1.76871160E-04	-5.02033582E-04	-5.57913833E-04	-7.41996336E-04
 3.500000E-01	 5.24192122E-05	 3.73683107E-05	 3.56824724E-05	-2.12185107E-05	 3.45349943E-05	-8.60441442E-05	-1.51351238E-04	-8.75903150E-05	-7.68319660E-05	 4.59677551E-05	-1.79568013E-04	-9.05227917E-05	 1.54880248E-05	-5.13597965E-06	 1.13619773E-04	-1.55486240E-04	-1.69873924E-04	-4.85078000E-04	-5.40737211E-04	-7.20828423E-04
 3.510000E-01	 5.27819300E-05	 3.76033592E-05	 3.72837110E-05	-2.01828111E-05	 3.52212315E-05	-8.30648343E-05	-1.46442591E-04	-8.63181454E-05	-7.61725738E-05	 4.20488664E-05	-1.81812226E-04	-9.20441509E-05	 1.54766856E-05	-4.51482395E-06	 1.07623703E-04	-1.49606490E-04	-1.63163681E-04	-4.68722774E-04	-5.24114102E-04	-7.00282945E-04
 3.520000E-01	 5.31416597E-05	 3.78372413E-05	 3.88758606E-05	-1.91887942E-05	 3.58373990E-05	-8.01729799E-05	-1.41685041E-04	-8.50287885E-05	-7.54746275E-05	 3.83343640E-05	-1.84066055E-04	-9.35697706E-05	 1.54372735E-05	-4.00076898E-06	 1.01777902E-04	-1.43981903E-04	-1.56728564E-04	-4.52945381E-04	-5.08025880E-04	-6.80341704E-04
 3.530000E-01	 5.34986069E-05	 3.80702500E-05	 4.04582569E-05	-1.82367409E-05	 3.63866082E-05	-7.73655058E-05	-1.37073689E-04	-8.37252972E-05	-7.47417930E-05	 3.48147456E-05	-1.86329488E-04	-9.50996937E-05	 1.53699302E-05	-3.58913030E-06	 9.60770336E-05	-1.38602267E-04	-1.50557176E-04	-4.37724114E-04	-4.92454518E-04	-6.60987191E-04
 3.540000E-01	 5.38529752E-05	 3.83026987E-05	 4.20302265E-05	-1.73269908E-05	 3.68718284E-05	-7.46394010E-05	-1.32603786E-04	-8.24105122E-05	-7.39775298E-05	 3.14809150E-05	-1.88602488E-04	-9.66339827E-05	 1.52747642E-05	-3.27547375E-06	 9.05159532E-05	-1.33457797E-04	-1.44638576E-04	-4.23038052E-04	-4.77382568E-04	-6.42202548E-04
 3.550000E-01	 5.42049682E-05	 3.85349193E-05	 4.35910820E-05	-1.64599270E-05	 3.72958867E-05	-7.19917389E-05	-1.28270724E-04	-8.10870594E-05	-7.31850855E-05	 2.83241715E-05	-1.90885001E-04	-9.81727106E-05	 1.51518696E-05	-3.05557826E-06	 8.50897175E-05	-1.28539136E-04	-1.38962277E-04	-4.08867060E-04	-4.62793138E-04	-6.23971431E-04
 3.560000E-01	 5.45547950E-05	 3.87672618E-05	 4.51401212E-05	-1.56359678E-05	 3.76614738E-05	-6.94197095E-05	-1.24070035E-04	-7.97573492E-05	-7.23674828E-05	 2.53362047E-05	-1.93176977E-04	-9.97159423E-05	 1.50013540E-05	-2.92538340E-06	 7.97935840E-05	-1.23837379E-04	-1.33518282E-04	-3.95191832E-04	-4.48669917E-04	-6.06277819E-04
 3.570000E-01	 5.49026731E-05	 3.90000943E-05	 4.66766350E-05	-1.48555662E-05	 3.79711607E-05	-6.69206305E-05	-1.19997395E-04	-7.84235910E-05	-7.15275211E-05	 2.25090838E-05	-1.95478387E-04	-1.01263730E-04	 1.48233529E-05	-2.88093992E-06	 7.46229980E-05	-1.19344065E-04	-1.28297097E-04	-3.81993904E-04	-4.34997193E-04	-5.89105938E-04
 3.580000E-01	 5.52488274E-05	 3.92338030E-05	 4.81999145E-05	-1.41192098E-05	 3.82274171E-05	-6.44919413E-05	-1.16048622E-04	-7.70878109E-05	-7.06677927E-05	 1.98352433E-05	-1.97789224E-04	-1.02816116E-04	 1.46180346E-05	-2.91836476E-06	 6.95735888E-05	-1.15051152E-04	-1.23289705E-04	-3.69255616E-04	-4.21759834E-04	-5.72440279E-04
 3.590000E-01	 5.55934893E-05	 3.94687908E-05	 4.97092566E-05	-1.34274162E-05	 3.84326240E-05	-6.21311965E-05	-1.12219679E-04	-7.57518667E-05	-6.97906977E-05	 1.73074678E-05	-2.00109505E-04	-1.04373142E-04	 1.43856035E-05	-3.03379171E-06	 6.46411683E-05	-1.10951005E-04	-1.18487550E-04	-3.56960066E-04	-4.08943265E-04	-5.56265608E-04
 3.600000E-01	 5.59368959E-05	 3.97054765E-05	 5.12039671E-05	-1.27807226E-05	 3.85890838E-05	-5.98360614E-05	-1.08506667E-04	-7.44174611E-05	-6.88984580E-05	 1.49188786E-05	-2.02439278E-04	-1.05934855E-04	 1.41263026E-05	-3.22331903E-06	 5.98217271E-05	-1.07036380E-04	-1.13882505E-04	-3.45091077E-04	-3.96533443E-04	-5.40566988E-04
 3.610000E-01	 5.62792894E-05	 3.99442920E-05	 5.26833643E-05	-1.21796715E-05	 3.86990326E-05	-5.76043081E-05	-1.04905825E-04	-7.30861551E-05	-6.79931305E-05	 1.26629189E-05	-2.04778618E-04	-1.07501311E-04	 1.38404114E-05	-3.48295444E-06	 5.51114248E-05	-1.03300406E-04	-1.09466857E-04	-3.33633157E-04	-3.84516839E-04	-5.25329785E-04
 3.620000E-01	 5.66209132E-05	 4.01856775E-05	 5.41467860E-05	-1.16247883E-05	 3.87646562E-05	-5.54338047E-05	-1.01413531E-04	-7.17593856E-05	-6.70766256E-05	 1.05333365E-05	-2.07127623E-04	-1.09072593E-04	 1.35282344E-05	-3.80856558E-06	 5.05065819E-05	-9.97365567E-05	-1.05233274E-04	-3.22571452E-04	-3.72880420E-04	-5.10539735E-04
 3.630000E-01	 5.69620075E-05	 4.04300770E-05	 5.55935935E-05	-1.11165564E-05	 3.87881010E-05	-5.33224991E-05	-9.80262994E-05	-7.04384801E-05	-6.61507298E-05	 8.52416168E-06	-2.09486403E-04	-1.10648822E-04	 1.31900872E-05	-4.19586920E-06	 4.60036777E-05	-9.63386204E-05	-1.01174754E-04	-3.11891670E-04	-3.61611611E-04	-4.96183030E-04
 3.640000E-01	 5.73028059E-05	 4.06779341E-05	 5.70231708E-05	-1.06553887E-05	 3.87714715E-05	-5.12684127E-05	-9.47407672E-05	-6.91246622E-05	-6.52171185E-05	 6.62968948E-06	-2.11855072E-04	-1.12230176E-04	 1.28262930E-05	-4.64043303E-06	 4.15993493E-05	-9.31006850E-05	-9.72845910E-05	-3.01580034E-04	-3.50698259E-04	-4.82246353E-04
 3.650000E-01	 5.76435351E-05	 4.09296875E-05	 5.84349222E-05	-1.02415969E-05	 3.87168285E-05	-4.92696434E-05	-9.15536910E-05	-6.78190548E-05	-6.42773608E-05	 4.84446743E-06	-2.14233748E-04	-1.13816892E-04	 1.24371872E-05	-5.13767385E-06	 3.72903928E-05	-9.00171290E-05	-9.35563683E-05	-2.91623261E-04	-3.40128608E-04	-4.68716849E-04
 3.660000E-01	 5.79844141E-05	 4.11857661E-05	 5.98282707E-05	-9.87536095E-06	 3.86261897E-05	-4.73243694E-05	-8.84619435E-05	-6.65226856E-05	-6.33329242E-05	 3.16328449E-06	-2.16622556E-04	-1.15409267E-04	 1.20231215E-05	-5.68286130E-06	 3.30737593E-05	-8.70826079E-05	-8.99839423E-05	-2.82008546E-04	-3.29891292E-04	-4.55582112E-04
 3.670000E-01	 5.83256533E-05	 4.14465834E-05	 6.12026559E-05	-9.55669700E-06	 3.85015301E-05	-4.54308526E-05	-8.54625105E-05	-6.52364912E-05	-6.23851788E-05	 1.58116026E-06	-2.19021624E-04	-1.17007658E-04	 1.15844670E-05	-6.27112924E-06	 2.89465502E-05	-8.42920394E-05	-8.65614340E-05	-2.72723545E-04	-3.19975318E-04	-4.42830161E-04
 3.680000E-01	 5.86674546E-05	 4.17125312E-05	 6.25575323E-05	-9.28542636E-06	 3.83447840E-05	-4.35874414E-05	-8.25524897E-05	-6.39613237E-05	-6.14354025E-05	 9.33343976E-08	-2.21431085E-04	-1.18612482E-04	 1.11216137E-05	-6.89749448E-06	 2.49060040E-05	-8.16405882E-05	-8.32832194E-05	-2.63756367E-04	-3.10370067E-04	-4.30449427E-04
 3.690000E-01	 5.90100146E-05	 4.19839769E-05	 6.38923707E-05	-9.06114357E-06	 3.81578463E-05	-4.17925758E-05	-7.97290948E-05	-6.26979628E-05	-6.04847878E-05	-1.30474624E-06	-2.23851081E-04	-1.20224219E-04	 1.06349617E-05	-7.55688600E-06	 2.09494633E-05	-7.91236625E-05	-8.01439413E-05	-2.55095587E-04	-3.01065308E-04	-4.18428744E-04
 3.700000E-01	 5.93535242E-05	 4.22612582E-05	 6.52066577E-05	-8.88319173E-06	 3.79425754E-05	-4.00447904E-05	-7.69896532E-05	-6.14471177E-05	-5.95344431E-05	-2.61743387E-06	-2.26281764E-04	-1.21843412E-04	 1.01249288E-05	-8.24417861E-06	 1.70743632E-05	-7.67368982E-05	-7.71384965E-05	-2.46730235E-04	-2.92051185E-04	-4.06757321E-04
 3.710000E-01	 5.96981652E-05	 4.25446762E-05	 6.64998948E-05	-8.75064607E-06	 3.77007961E-05	-3.83427126E-05	-7.43315992E-05	-6.02094249E-05	-5.85853928E-05	-3.84888412E-06	-2.28723291E-04	-1.23470648E-04	 9.59196788E-06	-8.95423498E-06	 1.32782415E-05	-7.44761321E-05	-7.42620086E-05	-2.38649758E-04	-2.83318169E-04	-3.95424706E-04
 3.720000E-01	 6.00441096E-05	 4.28344917E-05	 6.77716011E-05	-8.66229966E-06	 3.74343029E-05	-3.66850624E-05	-7.17524700E-05	-5.89854522E-05	-5.76385810E-05	-5.00306426E-06	-2.31175826E-04	-1.25106560E-04	 9.03657349E-06	-9.68195022E-06	 9.55873677E-06	-7.23373846E-05	-7.15098131E-05	-2.30844005E-04	-2.74857047E-04	-3.84420769E-04
 3.730000E-01	 6.03915183E-05	 4.31309197E-05	 6.90213161E-05	-8.61664000E-06	 3.71448627E-05	-3.50706522E-05	-6.92499036E-05	-5.77757028E-05	-5.66948760E-05	-6.08376149E-06	-2.33639539E-04	-1.26751822E-04	 8.45928039E-06	-1.04222680E-05	 5.91358027E-06	-7.03168478E-05	-6.88774468E-05	-2.23303211E-04	-2.66658915E-04	-3.73735697E-04
 3.740000E-01	 6.07405397E-05	 4.34341238E-05	 7.02486034E-05	-8.61182855E-06	 3.68342181E-05	-3.34983874E-05	-6.68216357E-05	-5.65806196E-05	-5.57550742E-05	-7.09459055E-06	-2.36114603E-04	-1.28407147E-04	 7.86066309E-06	-1.11701987E-05	 2.34058919E-06	-6.84108745E-05	-6.63606355E-05	-2.16017978E-04	-2.58715161E-04	-3.63359978E-04
 3.750000E-01	 6.10913073E-05	 4.37442121E-05	 7.14530560E-05	-8.64568915E-06	 3.65040928E-05	-3.19672641E-05	-6.44654952E-05	-5.54005858E-05	-5.48199018E-05	-8.03899938E-06	-2.38601196E-04	-1.30073281E-04	 7.24134655E-06	-1.19208512E-05	-1.16232147E-06	-6.66159620E-05	-6.39552786E-05	-2.08979260E-04	-2.51017450E-04	-3.53284386E-04
 3.760000E-01	 6.14439319E-05	 4.40612226E-05	 7.26342954E-05	-8.71570824E-06	 3.61561986E-05	-3.04763664E-05	-6.21793909E-05	-5.42359151E-05	-5.38900092E-05	-8.92026827E-06	-2.41099494E-04	-1.31750976E-04	 6.60203358E-06	-1.26694708E-05	-4.59710523E-06	-6.49287200E-05	-6.16574095E-05	-2.02178305E-04	-2.43557656E-04	-3.43499921E-04
 3.770000E-01	 6.17985063E-05	 4.43851259E-05	 7.37919736E-05	-8.81902087E-06	 3.57922389E-05	-2.90248677E-05	-5.99613168E-05	-5.30868664E-05	-5.29659805E-05	-9.74152006E-06	-2.43609677E-04	-1.33440980E-04	 5.94349203E-06	-1.34114929E-05	-7.96559561E-06	-6.33458624E-05	-5.94632119E-05	-1.95606684E-04	-2.36327913E-04	-3.33997817E-04
 3.780000E-01	 6.21551089E-05	 4.47158238E-05	 7.49257728E-05	-8.95240036E-06	 3.54139121E-05	-2.76120295E-05	-5.78093549E-05	-5.19536562E-05	-5.20483415E-05	-1.05057298E-05	-2.46131937E-04	-1.35144041E-04	 5.26653938E-06	-1.41425954E-05	-1.12695325E-05	-6.18641976E-05	-5.73690246E-05	-1.89256302E-04	-2.29320640E-04	-3.24769548E-04
 3.790000E-01	 6.25138034E-05	 4.50531463E-05	 7.60354067E-05	-9.11225983E-06	 3.50229174E-05	-2.62371955E-05	-5.57216740E-05	-5.08364630E-05	-5.11375644E-05	-1.12157312E-05	-2.48666475E-04	-1.36860889E-04	 4.57203924E-06	-1.48587547E-05	-1.45105772E-05	-6.04806117E-05	-5.53713305E-05	-1.83119388E-04	-2.22528533E-04	-3.15806827E-04
 3.800000E-01	 6.28746384E-05	 4.53968495E-05	 7.71206241E-05	-9.29466383E-06	 3.46209601E-05	-2.48997841E-05	-5.36965270E-05	-4.97354323E-05	-5.02340716E-05	-1.18742225E-05	-2.51213499E-04	-1.38592232E-04	 3.86089912E-06	-1.55563023E-05	-1.76903242E-05	-5.91920530E-05	-5.34667442E-05	-1.77188475E-04	-2.15944559E-04	-3.07101602E-04
 3.810000E-01	 6.32376465E-05	 4.57466154E-05	 7.81812154E-05	-9.49535005E-06	 3.42097584E-05	-2.35992804E-05	-5.17322482E-05	-4.86506807E-05	-4.93382396E-05	-1.24837719E-05	-2.53773223E-04	-1.40338741E-04	 3.13406782E-06	-1.62319803E-05	-2.08103130E-05	-5.79955179E-05	-5.16520018E-05	-1.71456398E-04	-2.09561941E-04	-2.98646050E-04
 3.820000E-01	 6.36028478E-05	 4.61020620E-05	 7.92170231E-05	-9.70975845E-06	 3.37910456E-05	-2.23352253E-05	-4.98272535E-05	-4.75823069E-05	-4.84504081E-05	-1.30468277E-05	-2.56345872E-04	-1.42101059E-04	 2.39252370E-06	-1.68830006E-05	-2.38720493E-05	-5.68880483E-05	-4.99239651E-05	-1.65916290E-04	-2.03374181E-04	-2.90432599E-04
 3.830000E-01	 6.39702525E-05	 4.64627576E-05	 8.02279574E-05	-9.93307967E-06	 3.33665704E-05	-2.11071996E-05	-4.79800410E-05	-4.65304038E-05	-4.75708904E-05	-1.35657287E-05	-2.58931687E-04	-1.43879820E-04	 1.63726517E-06	-1.75071100E-05	-2.68770350E-05	-5.58667335E-05	-4.82796266E-05	-1.60561596E-04	-1.97375068E-04	-2.82453951E-04
 3.840000E-01	 6.43398532E-05	 4.68282118E-05	 8.12140047E-05	-1.01603327E-05	 3.29380935E-05	-1.99148030E-05	-4.61891744E-05	-4.54950497E-05	-4.66999694E-05	-1.40427054E-05	-2.61530902E-04	-1.45675622E-04	 8.69333974E-07	-1.81026311E-05	-2.98267710E-05	-5.49286842E-05	-4.67160670E-05	-1.55386011E-04	-1.91558609E-04	-2.74703061E-04
 3.850000E-01	 6.47116241E-05	 4.71978807E-05	 8.21752379E-05	-1.03864408E-05	 3.25073869E-05	-1.87576375E-05	-4.44532744E-05	-4.44763096E-05	-4.58379000E-05	-1.44798840E-05	-2.64143738E-04	-1.47489012E-04	 8.98148375E-08	-1.86685006E-05	-3.27227682E-05	-5.40710230E-05	-4.52304425E-05	-1.50383464E-04	-1.85919014E-04	-2.67173122E-04
 3.860000E-01	 6.50855213E-05	 4.75711759E-05	 8.31118267E-05	-1.06063125E-05	 3.20762317E-05	-1.76352921E-05	-4.27710112E-05	-4.34742387E-05	-4.49849129E-05	-1.48792920E-05	-2.66770403E-04	-1.49320477E-04	-7.00170362E-07	-1.92042963E-05	-3.55665562E-05	-5.32908810E-05	-4.38199783E-05	-1.45548110E-04	-1.80450688E-04	-2.59857556E-04
 3.870000E-01	 6.54614835E-05	 4.79474742E-05	 8.40240453E-05	-1.08149242E-05	 3.16464145E-05	-1.65473274E-05	-4.11410970E-05	-4.24888848E-05	-4.41412178E-05	-1.52428630E-05	-2.69411090E-04	-1.51170440E-04	-1.49947096E-06	-1.97102481E-05	-3.83596947E-05	-5.25853978E-05	-4.24819627E-05	-1.40874318E-04	-1.75148226E-04	-2.52750004E-04
 3.880000E-01	 6.58394335E-05	 4.83261248E-05	 8.49122707E-05	-1.10074013E-05	 3.12197177E-05	-1.54932610E-05	-3.95622769E-05	-4.15202900E-05	-4.33070064E-05	-1.55724413E-05	-2.72065967E-04	-1.53039247E-04	-2.30692209E-06	-2.01872302E-05	-4.11037914E-05	-5.19517219E-05	-4.12137398E-05	-1.36356658E-04	-1.70006404E-04	-2.45844320E-04
 3.890000E-01	 6.62192744E-05	 4.87064407E-05	 8.57769691E-05	-1.11791097E-05	 3.07979164E-05	-1.44725560E-05	-3.80333150E-05	-4.05684823E-05	-4.24824474E-05	-1.58697801E-05	-2.74735160E-04	-1.54927112E-04	-3.12134725E-06	-2.06367281E-05	-4.38005059E-05	-5.13869968E-05	-4.00126791E-05	-1.31989866E-04	-1.65020136E-04	-2.39134526E-04
 3.900000E-01	 6.66008943E-05	 4.90877204E-05	 8.66187034E-05	-1.13257395E-05	 3.03827845E-05	-1.34846114E-05	-3.65529921E-05	-3.96334819E-05	-4.16676922E-05	-1.61365467E-05	-2.77418761E-04	-1.56834120E-04	-3.94159357E-06	-2.10608103E-05	-4.64515572E-05	-5.08883719E-05	-3.88761882E-05	-1.27768850E-04	-1.60184501E-04	-2.32614808E-04
 3.910000E-01	 6.69841722E-05	 4.94692766E-05	 8.74381511E-05	-1.14433903E-05	 2.99760981E-05	-1.25287503E-05	-3.51201042E-05	-3.87153099E-05	-4.08628822E-05	-1.63743295E-05	-2.80116847E-04	-1.58760246E-04	-4.76656483E-06	-2.14620837E-05	-4.90587287E-05	-5.04530231E-05	-3.78017306E-05	-1.23688704E-04	-1.55494764E-04	-2.26279519E-04
 3.920000E-01	 6.73689785E-05	 4.98504504E-05	 8.82361085E-05	-1.15286513E-05	 2.95796293E-05	-1.16042079E-05	-3.37334550E-05	-3.78139885E-05	-4.00681514E-05	-1.65846425E-05	-2.82829482E-04	-1.60705367E-04	-5.59523933E-06	-2.18436206E-05	-5.16238722E-05	-5.00781660E-05	-3.67868263E-05	-1.19744697E-04	-1.50946365E-04	-2.20123177E-04
 3.930000E-01	 6.77551778E-05	 5.02306245E-05	 8.90134877E-05	-1.15786686E-05	 2.91951340E-05	-1.07101224E-05	-3.23918493E-05	-3.69295413E-05	-3.92836283E-05	-1.67689290E-05	-2.85556713E-04	-1.62669263E-04	-6.42668900E-06	-2.22088750E-05	-5.41489154E-05	-4.97610704E-05	-3.58290529E-05	-1.15932264E-04	-1.46534911E-04	-2.14140464E-04
 3.940000E-01	 6.81426303E-05	 5.06092343E-05	 8.97713112E-05	-1.15911972E-05	 2.88243383E-05	-9.84553009E-06	-3.10940869E-05	-3.60619927E-05	-3.85094386E-05	-1.69285664E-05	-2.88298570E-04	-1.64651628E-04	-7.26009833E-06	-2.25615879E-05	-5.66358668E-05	-4.94990769E-05	-3.49260483E-05	-1.12246994E-04	-1.42256167E-04	-2.08326215E-04
 3.950000E-01	 6.85311991E-05	 5.09857913E-05	 9.05107137E-05	-1.15646263E-05	 2.84689194E-05	-9.00936306E-06	-2.98389608E-05	-3.52113727E-05	-3.77457106E-05	-1.70648740E-05	-2.91055087E-04	-1.66652114E-04	-8.09479819E-06	-2.29056912E-05	-5.90868310E-05	-4.92896289E-05	-3.40755296E-05	-1.08684636E-04	-1.38106073E-04	-2.02675441E-04
 3.960000E-01	 6.89207555E-05	 5.13598995E-05	 9.12329436E-05	-1.14979879E-05	 2.81304800E-05	-8.20044905E-06	-2.86252535E-05	-3.43777186E-05	-3.69925805E-05	-1.71791207E-05	-2.93826301E-04	-1.68670383E-04	-8.93029022E-06	-2.32452024E-05	-6.15040238E-05	-4.91303046E-05	-3.32753068E-05	-1.05241107E-04	-1.34080739E-04	-1.97183338E-04
 3.970000E-01	 6.93111707E-05	 5.17312385E-05	 9.19393399E-05	-1.13909642E-05	 2.78105266E-05	-7.41751655E-06	-2.74517288E-05	-3.35610628E-05	-3.62501840E-05	-1.72725242E-05	-2.96612229E-04	-1.70706083E-04	-9.76622725E-06	-2.35841025E-05	-6.38897570E-05	-4.90188180E-05	-3.25232608E-05	-1.01912441E-04	-1.30176394E-04	-1.91845267E-04
 3.980000E-01	 6.97023173E-05	 5.20995631E-05	 9.26313142E-05	-1.12438666E-05	 2.75104541E-05	-6.65920486E-06	-2.63171290E-05	-3.27614288E-05	-3.55186556E-05	-1.73462534E-05	-2.99412860E-04	-1.72758861E-04	-1.06024191E-05	-2.39262386E-05	-6.62464283E-05	-4.89530308E-05	-3.18173455E-05	-9.86947883E-05	-1.26389369E-04	-1.86656743E-04
 3.990000E-01	 7.00940708E-05	 5.24647045E-05	 9.33103335E-05	-1.10576002E-05	 2.72315342E-05	-5.92407664E-06	-2.52201749E-05	-3.19788282E-05	-3.47981273E-05	-1.74014316E-05	-3.02228159E-04	-1.74828369E-04	-1.14388386E-05	-2.42752380E-05	-6.85765092E-05	-4.89309637E-05	-3.11555929E-05	-9.55844069E-05	-1.22716097E-04	-1.81613434E-04
 4.000000E-01	 7.04863106E-05	 5.28265684E-05	 9.39779047E-05	-1.08336165E-05	 2.69749068E-05	-5.21063211E-06	-2.41595675E-05	-3.12132584E-05	-3.40887277E-05	-1.74391391E-05	-3.05058066E-04	-1.76914284E-04	-1.22756237E-05	-2.46344346E-05	-7.08825289E-05	-4.89508051E-05	-3.05361182E-05	-9.25776592E-05	-1.19153104E-04	-1.76711144E-04
 4.010000E-01	 7.08789166E-05	 5.31851277E-05	 9.46355597E-05	-1.05738675E-05	 2.67415816E-05	-4.51732387E-06	-2.31339892E-05	-3.04646968E-05	-3.33905774E-05	-1.74604130E-05	-3.07902490E-04	-1.79016297E-04	-1.31130599E-05	-2.50068093E-05	-7.31670388E-05	-4.90109060E-05	-2.99571170E-05	-8.96710015E-05	-1.15696995E-04	-1.71945808E-04
 4.020000E-01	 7.12717617E-05	 5.35403968E-05	 9.52848229E-05	-1.02807575E-05	 2.65324451E-05	-3.84257367E-06	-2.21421042E-05	-2.97330915E-05	-3.27037803E-05	-1.74662436E-05	-3.10761292E-04	-1.81134064E-04	-1.39515412E-05	-2.53949431E-05	-7.54325600E-05	-4.91097527E-05	-2.94168503E-05	-8.68609614E-05	-1.12344419E-04	-1.67313453E-04
 4.030000E-01	 7.16647239E-05	 5.38924452E-05	 9.59271847E-05	-9.95704062E-06	 2.63482576E-05	-3.18479151E-06	-2.11825667E-05	-2.90183672E-05	-3.20284302E-05	-1.74575805E-05	-3.13634314E-04	-1.83267243E-04	-1.47915948E-05	-2.58010036E-05	-7.76815790E-05	-4.92459823E-05	-2.89136698E-05	-8.41441644E-05	-1.09092113E-04	-1.62810209E-04
 4.040000E-01	 7.20576917E-05	 5.42413950E-05	 9.65640741E-05	-9.60572202E-06	 2.61896468E-05	-2.54239472E-06	-2.02540268E-05	-2.83204265E-05	-3.13646109E-05	-1.74353358E-05	-3.16521394E-04	-1.85415506E-04	-1.56338860E-05	-2.62267286E-05	-7.99165456E-05	-4.94183862E-05	-2.84460276E-05	-8.15173416E-05	-1.05936915E-04	-1.58432314E-04
 4.050000E-01	 7.24505656E-05	 5.45874118E-05	 9.71968395E-05	-9.22997146E-06	 2.60571078E-05	-1.91382488E-06	-1.93551358E-05	-2.76391479E-05	-3.07123951E-05	-1.74003857E-05	-3.19422364E-04	-1.87578545E-04	-1.64792076E-05	-2.66734181E-05	-8.21398611E-05	-4.96259055E-05	-2.80124757E-05	-7.89773279E-05	-1.02875758E-04	-1.54176104E-04
 4.060000E-01	 7.28432575E-05	 5.49306957E-05	 9.78267350E-05	-8.83304695E-06	 2.59510074E-05	-1.29756204E-06	-1.84845520E-05	-2.69743859E-05	-3.00718429E-05	-1.73535715E-05	-3.22337055E-04	-1.89756074E-04	-1.73284668E-05	-2.71419376E-05	-8.43538661E-05	-4.98676229E-05	-2.76116661E-05	-7.65210609E-05	-9.99056696E-05	-1.50038020E-04
 4.070000E-01	 7.32356930E-05	 5.52714779E-05	 9.84549110E-05	-8.41822339E-06	 2.58715891E-05	-6.92136179E-07	-1.76409460E-05	-2.63259715E-05	-2.94430016E-05	-1.72957015E-05	-3.25265302E-04	-1.91947836E-04	-1.81826783E-05	-2.76327346E-05	-8.65608372E-05	-5.01427580E-05	-2.72423515E-05	-7.41455835E-05	-9.70237708E-05	-1.46014599E-04
 4.080000E-01	 7.36278208E-05	 5.56100373E-05	 9.90824183E-05	-7.98871441E-06	 2.58189734E-05	-9.61347564E-08	-1.68230089E-05	-2.56937213E-05	-2.88259125E-05	-1.72275575E-05	-3.28206969E-04	-1.94153673E-04	-1.90429839E-05	-2.81458699E-05	-8.87630131E-05	-5.04506887E-05	-2.69034035E-05	-7.18480639E-05	-9.42273086E-05	-1.42102502E-04
 4.090000E-01	 7.40196048E-05	 5.59466789E-05	 9.97102089E-05	-7.54763435E-06	 2.57931560E-05	 4.91789565E-07	-1.60294529E-05	-2.50774316E-05	-2.82206049E-05	-1.71498927E-05	-3.31161930E-04	-1.96373510E-04	-1.99106142E-05	-2.86810179E-05	-9.09625801E-05	-5.07909326E-05	-2.65937937E-05	-6.96257751E-05	-9.15136190E-05	-1.38298497E-04
 4.100000E-01	 7.44110178E-05	 5.62817145E-05	 1.00339135E-04	-7.09796986E-06	 2.57940147E-05	 1.07291281E-06	-1.52590132E-05	-2.44768760E-05	-2.76270917E-05	-1.70634306E-05	-3.34130053E-04	-1.98607332E-04	-2.07868545E-05	-2.92374788E-05	-9.31616506E-05	-5.11631249E-05	-2.63125799E-05	-6.74760800E-05	-8.88801034E-05	-1.34599452E-04
 4.110000E-01	 7.48020406E-05	 5.66154580E-05	 1.00969951E-04	-6.64254744E-06	 2.58213199E-05	 1.64843581E-06	-1.45104516E-05	-2.38918065E-05	-2.70453693E-05	-1.69688656E-05	-3.37111197E-04	-2.00855190E-04	-2.16730309E-05	-2.98142075E-05	-9.53622555E-05	-5.15670083E-05	-2.60589027E-05	-6.53964304E-05	-8.63242280E-05	-1.31002323E-04
 4.120000E-01	 7.51926622E-05	 5.69482203E-05	 1.01603306E-04	-6.18400283E-06	 2.58747422E-05	 2.21948113E-06	-1.37825587E-05	-2.33219554E-05	-2.64754176E-05	-1.68668633E-05	-3.40105214E-04	-2.03117197E-04	-2.25704981E-05	-3.04098474E-05	-9.75663382E-05	-5.20024216E-05	-2.58319813E-05	-6.33843658E-05	-8.38435232E-05	-1.27504159E-04
 4.130000E-01	 7.55828794E-05	 5.72803008E-05	 1.02239737E-04	-5.72475198E-06	 2.59538574E-05	 2.78708949E-06	-1.30741563E-05	-2.27670358E-05	-2.59171997E-05	-1.67580610E-05	-3.43111948E-04	-2.05393512E-04	-2.34806239E-05	-3.10227755E-05	-9.97757536E-05	-5.24692852E-05	-2.56311068E-05	-6.14375105E-05	-8.14355815E-05	-1.24102090E-04
 4.140000E-01	 7.59726884E-05	 5.76119553E-05	 1.02879648E-04	-5.26698307E-06	 2.60581586E-05	 3.35221321E-06	-1.23840980E-05	-2.22267370E-05	-2.53706559E-05	-1.66430647E-05	-3.46131196E-04	-2.07684264E-04	-2.44047493E-05	-3.16511349E-05	-1.01992244E-04	-5.29675595E-05	-2.54556181E-05	-5.95535539E-05	-7.90980309E-05	-1.20793309E-04
 4.150000E-01	 7.63620879E-05	 5.79434060E-05	 1.03523316E-04	-4.81264465E-06	 2.61870851E-05	 3.91571769E-06	-1.17112749E-05	-2.17007303E-05	-2.48357070E-05	-1.65224497E-05	-3.49162729E-04	-2.09989552E-04	-2.53442014E-05	-3.22929008E-05	-1.04217438E-04	-5.34972359E-05	-2.53049074E-05	-5.77302621E-05	-7.68285568E-05	-1.17575073E-04
 4.160000E-01	 7.67510829E-05	 5.82748604E-05	 1.04170916E-04	-4.36344665E-06	 2.63400495E-05	 4.47838893E-06	-1.10546192E-05	-2.11886759E-05	-2.43122593E-05	-1.63967638E-05	-3.52206320E-04	-2.12309474E-04	-2.63003128E-05	-3.29459411E-05	-1.06452862E-04	-5.40583393E-05	-2.51784289E-05	-5.59654908E-05	-7.46249230E-05	-1.14444712E-04
 4.170000E-01	 7.71396834E-05	 5.86065122E-05	 1.04822536E-04	-3.92087656E-06	 2.65164502E-05	 5.04094010E-06	-1.04131048E-05	-2.06902261E-05	-2.38002052E-05	-1.62665278E-05	-3.55261743E-04	-2.14644125E-04	-2.72744164E-05	-3.36080509E-05	-1.08699938E-04	-5.46509178E-05	-2.50756950E-05	-5.42571837E-05	-7.24849704E-05	-1.11399623E-04
 4.180000E-01	 7.75279035E-05	 5.89385420E-05	 1.05478189E-04	-3.48621778E-06	 2.67156818E-05	 5.60401785E-06	-9.78574744E-06	-2.02050269E-05	-2.32994246E-05	-1.61322358E-05	-3.58328775E-04	-2.16993595E-04	-2.82678421E-05	-3.42769809E-05	-1.10959988E-04	-5.52750359E-05	-2.49962719E-05	-5.26033705E-05	-7.04066148E-05	-1.08437274E-04
 4.190000E-01	 7.79157606E-05	 5.92711226E-05	 1.06137827E-04	-3.06057304E-06	 2.69371451E-05	 6.16820988E-06	-9.17160385E-06	-1.97327215E-05	-2.28097863E-05	-1.59943565E-05	-3.61407198E-04	-2.19357973E-04	-2.92819162E-05	-3.49504626E-05	-1.13234241E-04	-5.59307706E-05	-2.49397777E-05	-5.10021662E-05	-6.83878469E-05	-1.05555199E-04
 4.200000E-01	 7.83032843E-05	 5.96044501E-05	 1.06801380E-04	-2.64487329E-06	 2.71802516E-05	 6.73405697E-06	-8.56977082E-06	-1.92729568E-05	-2.23311548E-05	-1.58533374E-05	-3.64496842E-04	-2.21737428E-04	-3.03179932E-05	-3.56262426E-05	-1.15523855E-04	-5.66182372E-05	-2.49058962E-05	-4.94517838E-05	-6.64267530E-05	-1.02751014E-04
 4.210000E-01	 7.86905113E-05	 5.99387333E-05	 1.07468763E-04	-2.23990363E-06	 2.74444152E-05	 7.30205807E-06	-7.97938234E-06	-1.88253831E-05	-2.18633886E-05	-1.57096049E-05	-3.67597564E-04	-2.24132204E-04	-3.13774276E-05	-3.63020814E-05	-1.17829929E-04	-5.73375823E-05	-2.48943640E-05	-4.79505216E-05	-6.45214947E-05	-1.00022410E-04
 4.220000E-01	 7.90774793E-05	 6.02741732E-05	 1.08139870E-04	-1.84632831E-06	 2.77290490E-05	 7.87267142E-06	-7.39960745E-06	-1.83896516E-05	-2.14063383E-05	-1.55635631E-05	-3.70709215E-04	-2.26542575E-04	-3.24615391E-05	-3.69757511E-05	-1.20153491E-04	-5.80889647E-05	-2.49049527E-05	-4.64967470E-05	-6.26702871E-05	-9.73671455E-05
 4.230000E-01	 7.94642261E-05	 6.06109635E-05	 1.08814578E-04	-1.46470382E-06	 2.80335685E-05	 8.44631797E-06	-6.82964917E-06	-1.79654157E-05	-2.09598468E-05	-1.54155949E-05	-3.73831645E-04	-2.28968843E-04	-3.35716094E-05	-3.76450433E-05	-1.22495506E-04	-5.88725531E-05	-2.49374655E-05	-4.50888935E-05	-6.08713977E-05	-9.47830427E-05
 4.240000E-01	 7.98507892E-05	 6.09492909E-05	 1.09492757E-04	-1.09549434E-06	 2.83573970E-05	 9.02338541E-06	-6.26874343E-06	-1.75523321E-05	-2.05237506E-05	-1.52660623E-05	-3.76964697E-04	-2.31411342E-04	-3.47088814E-05	-3.83077758E-05	-1.24856880E-04	-5.96885249E-05	-2.49917345E-05	-4.37254572E-05	-5.91231450E-05	-9.22679861E-05
 4.250000E-01	 8.02372037E-05	 6.12893334E-05	 1.10174275E-04	-7.39091423E-07	 2.86999713E-05	 9.60423200E-06	-5.71615804E-06	-1.71500616E-05	-2.00978802E-05	-1.51153077E-05	-3.80108205E-04	-2.33870420E-04	-3.58745515E-05	-3.89617986E-05	-1.27238455E-04	-6.05370598E-05	-2.50676163E-05	-4.24049932E-05	-5.74238948E-05	-8.98199187E-05
 4.260000E-01	 8.06234898E-05	 6.16312298E-05	 1.10858983E-04	-3.95849664E-07	 2.90607511E-05	 1.01891862E-05	-5.17119227E-06	-1.67582655E-05	-1.96820556E-05	-1.49636508E-05	-3.83261947E-04	-2.36346356E-04	-3.70697286E-05	-3.96049872E-05	-1.29640980E-04	-6.14183005E-05	-2.51649728E-05	-4.11260994E-05	-5.57720389E-05	-8.74368285E-05
 4.270000E-01	 8.10096595E-05	 6.19750969E-05	 1.11546711E-04	-6.60851740E-08	 2.94392293E-05	 1.07785516E-05	-4.63317531E-06	-1.63766090E-05	-1.92760905E-05	-1.48113911E-05	-3.86425675E-04	-2.38839371E-04	-3.82954637E-05	-4.02352725E-05	-1.32065118E-04	-6.23323610E-05	-2.52836824E-05	-3.98874263E-05	-5.41660135E-05	-8.51167514E-05
 4.280000E-01	 8.13957231E-05	 6.23210488E-05	 1.12237281E-04	 2.49932997E-07	 2.98349343E-05	 1.13726118E-05	-4.10146416E-06	-1.60047629E-05	-1.88797958E-05	-1.46588107E-05	-3.89599141E-04	-2.41349665E-04	-3.95527847E-05	-4.08506600E-05	-1.34511465E-04	-6.32793432E-05	-2.54236496E-05	-3.86876846E-05	-5.26043140E-05	-8.28577766E-05
 4.290000E-01	 8.17816899E-05	 6.26691966E-05	 1.12930504E-04	 5.51978497E-07	 3.02474298E-05	 1.19716320E-05	-3.57544229E-06	-1.56424045E-05	-1.84929801E-05	-1.45061750E-05	-3.92782096E-04	-2.43877416E-04	-4.08427018E-05	-4.14492268E-05	-1.36980555E-04	-6.42593371E-05	-2.55848042E-05	-3.75256434E-05	-5.10854930E-05	-8.06580454E-05
 4.300000E-01	 8.21675674E-05	 6.30196494E-05	 1.13626180E-04	 8.39861398E-07	 3.06763154E-05	 1.25758611E-05	-3.05451831E-06	-1.52892173E-05	-1.81154500E-05	-1.43537337E-05	-3.95974290E-04	-2.46422782E-04	-4.21662116E-05	-4.20291186E-05	-1.39472870E-04	-6.52724218E-05	-2.57670992E-05	-3.64001282E-05	-4.96081586E-05	-7.85157501E-05
 4.310000E-01	 8.25533648E-05	 6.33725207E-05	 1.14324105E-04	 1.11342719E-06	 3.11212251E-05	 1.31855354E-05	-2.53812417E-06	-1.49448922E-05	-1.77470121E-05	-1.42017218E-05	-3.99175483E-04	-2.48985913E-04	-4.35243107E-05	-4.25885490E-05	-1.41988853E-04	-6.63186740E-05	-2.59705128E-05	-3.53100205E-05	-4.81709769E-05	-7.64291357E-05
 4.320000E-01	 8.29391038E-05	 6.37279612E-05	 1.15024084E-04	 1.37257258E-06	 3.15818214E-05	 1.38008861E-05	-2.02571195E-06	-1.46091311E-05	-1.73874778E-05	-1.40503637E-05	-4.02385481E-04	-2.51567042E-04	-4.49180388E-05	-4.31258086E-05	-1.44528964E-04	-6.73982095E-05	-2.61950596E-05	-3.42542666E-05	-4.67726877E-05	-7.43965103E-05
 4.330000E-01	 8.33248109E-05	 6.40861351E-05	 1.15725938E-04	 1.61721889E-06	 3.20577819E-05	 1.44221372E-05	-1.51675268E-06	-1.42816446E-05	-1.70366603E-05	-1.38998718E-05	-4.05604104E-04	-2.54166457E-04	-4.63484449E-05	-4.36392187E-05	-1.47093665E-04	-6.85111652E-05	-2.64407731E-05	-3.32318601E-05	-4.54120789E-05	-7.24162348E-05
 4.340000E-01	 8.37105110E-05	 6.44472077E-05	 1.16429502E-04	 1.84728992E-06	 3.25487949E-05	 1.50495058E-05	-1.01073534E-06	-1.39621502E-05	-1.66943728E-05	-1.37504463E-05	-4.08831165E-04	-2.56784468E-04	-4.78165689E-05	-4.41271041E-05	-1.49683411E-04	-6.96576878E-05	-2.67076975E-05	-3.22418333E-05	-4.40879747E-05	-7.04867173E-05
 4.350000E-01	 8.40962283E-05	 6.48113462E-05	 1.17134634E-04	 2.06270332E-06	 3.30545591E-05	 1.56832037E-05	-5.07165320E-07	-1.36503730E-05	-1.63604292E-05	-1.36022758E-05	-4.12066469E-04	-2.59421417E-04	-4.93234426E-05	-4.45877844E-05	-1.52298653E-04	-7.08379347E-05	-2.69958874E-05	-3.12832549E-05	-4.27992337E-05	-6.86064113E-05
 4.360000E-01	 8.44819859E-05	 6.51787202E-05	 1.17841208E-04	 2.26336814E-06	 3.35747799E-05	 1.63234388E-05	-5.56286683E-09	-1.33460453E-05	-1.60346448E-05	-1.34555382E-05	-4.15309816E-04	-2.62077674E-04	-5.08700912E-05	-4.50195663E-05	-1.54939830E-04	-7.20520752E-05	-2.73054070E-05	-3.03552277E-05	-4.15447479E-05	-6.67738137E-05
 4.370000E-01	 8.48678016E-05	 6.55494874E-05	 1.18549111E-04	 2.44917829E-06	 3.41091667E-05	 1.69704110E-05	 4.94537227E-07	-1.30489047E-05	-1.57168343E-05	-1.33104007E-05	-4.18560977E-04	-2.64753605E-04	-5.24575210E-05	-4.54207271E-05	-1.57607363E-04	-7.33002765E-05	-2.76363247E-05	-2.94568828E-05	-4.03234341E-05	-6.49874595E-05
 4.380000E-01	 8.52536790E-05	 6.59237671E-05	 1.19258225E-04	 2.61999643E-06	 3.46574380E-05	 1.76243057E-05	 9.93584035E-07	-1.27586914E-05	-1.54068085E-05	-1.31670182E-05	-4.21819662E-04	-2.67449484E-04	-5.40866953E-05	-4.57894993E-05	-1.60301603E-04	-7.45826684E-05	-2.79887056E-05	-2.85873728E-05	-3.91342229E-05	-6.32459126E-05
 4.390000E-01	 8.56396170E-05	 6.63016733E-05	 1.19968434E-04	 2.77567347E-06	 3.52193389E-05	 1.82853020E-05	 1.49201227E-06	-1.24751511E-05	-1.51043786E-05	-1.30255359E-05	-4.25085567E-04	-2.70165558E-04	-5.57585823E-05	-4.61241155E-05	-1.63022866E-04	-7.58993730E-05	-2.83626297E-05	-2.77458865E-05	-3.79760813E-05	-6.15477745E-05
 4.400000E-01	 8.60256117E-05	 6.66833224E-05	 1.20679627E-04	 2.91605138E-06	 3.57946444E-05	 1.89535751E-05	 1.99024348E-06	-1.21980354E-05	-1.48093574E-05	-1.28860904E-05	-4.28358380E-04	-2.72902054E-04	-5.74741672E-05	-4.64228174E-05	-1.65771436E-04	-7.72505103E-05	-2.87581955E-05	-2.69316508E-05	-3.68480165E-05	-5.98916850E-05
 4.410000E-01	 8.64116564E-05	 6.70688334E-05	 1.21391697E-04	 3.04096186E-06	 3.63831576E-05	 1.96292973E-05	 2.48868713E-06	-1.19271015E-05	-1.45215586E-05	-1.27488100E-05	-4.31637785E-04	-2.75659185E-04	-5.92344575E-05	-4.66838513E-05	-1.68547571E-04	-7.86361985E-05	-2.91755192E-05	-2.61439297E-05	-3.57490747E-05	-5.82763217E-05
 4.420000E-01	 8.67977422E-05	 6.74583290E-05	 1.22104534E-04	 3.15022653E-06	 3.69847075E-05	 2.03126382E-05	 2.98774180E-06	-1.16621121E-05	-1.42407980E-05	-1.26138152E-05	-4.34923458E-04	-2.78437144E-04	-6.10404891E-05	-4.69054610E-05	-1.71351509E-04	-8.00565556E-05	-2.96147354E-05	-2.53820239E-05	-3.46783402E-05	-5.67003986E-05
 4.430000E-01	 8.71838670E-05	 6.78519612E-05	 1.22818045E-04	 3.24367346E-06	 3.75991447E-05	 2.10037714E-05	 3.48779869E-06	-1.14028366E-05	-1.39668953E-05	-1.24812208E-05	-4.38215107E-04	-2.81236185E-04	-6.28933588E-05	-4.70859033E-05	-1.74183504E-04	-8.15117302E-05	-3.00760044E-05	-2.46452754E-05	-3.36349444E-05	-5.51626717E-05
 4.440000E-01	 8.75700384E-05	 6.82499195E-05	 1.23532154E-04	 3.32114053E-06	 3.82263289E-05	 2.17028766E-05	 3.98924360E-06	-1.11490514E-05	-1.36996763E-05	-1.23511370E-05	-4.41512482E-04	-2.84056659E-04	-6.47942271E-05	-4.72234390E-05	-1.77043846E-04	-8.30019165E-05	-3.05595104E-05	-2.39330633E-05	-3.26180628E-05	-5.36619382E-05
 4.450000E-01	 8.79562646E-05	 6.86523991E-05	 1.24246802E-04	 3.38245126E-06	 3.88661178E-05	 2.24101333E-05	 4.49245504E-06	-1.09005385E-05	-1.34389690E-05	-1.22236681E-05	-4.44815323E-04	-2.86898953E-04	-6.67442737E-05	-4.73162929E-05	-1.79932841E-04	-8.45273225E-05	-3.10654428E-05	-2.32447905E-05	-3.16268960E-05	-5.21970286E-05
 4.460000E-01	 8.83425534E-05	 6.90595999E-05	 1.24961949E-04	 3.42740971E-06	 3.95183662E-05	 2.31257204E-05	 4.99780466E-06	-1.06570855E-05	-1.31846042E-05	-1.20989129E-05	-4.48123367E-04	-2.89763487E-04	-6.87446926E-05	-4.73626507E-05	-1.82850806E-04	-8.60881677E-05	-3.15939954E-05	-2.25798817E-05	-3.06606671E-05	-5.07668043E-05
 4.470000E-01	 8.87289124E-05	 6.94717264E-05	 1.25677570E-04	 3.45579928E-06	 4.01829244E-05	 2.38498172E-05	 5.50565783E-06	-1.04184851E-05	-1.29364152E-05	-1.19769654E-05	-4.51436338E-04	-2.92650710E-04	-7.07966893E-05	-4.73606619E-05	-1.85798064E-04	-8.76846826E-05	-3.21453659E-05	-2.19377821E-05	-2.97186208E-05	-4.93701568E-05
 4.480000E-01	 8.91153470E-05	 6.98889822E-05	 1.26393656E-04	 3.46737948E-06	 4.08596402E-05	 2.45826017E-05	 6.01637330E-06	-1.01845350E-05	-1.26942377E-05	-1.18579149E-05	-4.54753946E-04	-2.95561092E-04	-7.29014707E-05	-4.73084439E-05	-1.88774939E-04	-8.93171011E-05	-3.27197537E-05	-2.13179552E-05	-2.88000215E-05	-4.80060056E-05
 4.490000E-01	 8.95018498E-05	 7.03115357E-05	 1.27110184E-04	 3.46186640E-06	 4.15483637E-05	 2.53242421E-05	 6.53029941E-06	-9.95503673E-06	-1.24579065E-05	-1.17418450E-05	-4.58075827E-04	-2.98495005E-04	-7.50602042E-05	-4.72040723E-05	-1.91781721E-04	-9.09856154E-05	-3.33173472E-05	-2.07198769E-05	-2.79041420E-05	-4.66732919E-05
 4.500000E-01	 8.98884058E-05	 7.07395409E-05	 1.27827122E-04	 3.43895055E-06	 4.22489573E-05	 2.60749007E-05	 7.04777695E-06	-9.72979475E-06	-1.22272565E-05	-1.16288344E-05	-4.61401577E-04	-3.01452759E-04	-7.72740551E-05	-4.70456161E-05	-1.94818666E-04	-9.26903937E-05	-3.39383396E-05	-2.01430455E-05	-2.70302764E-05	-4.53709821E-05
 4.510000E-01	 9.02749970E-05	 7.11731561E-05	 1.28544435E-04	 3.39831204E-06	 4.29613001E-05	 2.68347369E-05	 7.56914159E-06	-9.50861669E-06	-1.20021239E-05	-1.15189581E-05	-4.64730784E-04	-3.04434646E-04	-7.95442166E-05	-4.68311601E-05	-1.97886012E-04	-9.44315992E-05	-3.45829400E-05	-1.95869872E-05	-2.61777478E-05	-4.40980704E-05
 4.520000E-01	 9.06616025E-05	 7.16125443E-05	 1.29262086E-04	 3.33961790E-06	 4.36852902E-05	 2.76039077E-05	 8.09472384E-06	-9.29131311E-06	-1.17823466E-05	-1.14122874E-05	-4.68063021E-04	-3.07440939E-04	-8.18719102E-05	-4.65588079E-05	-2.00983974E-04	-9.62093896E-05	-3.52513735E-05	-1.90512570E-05	-2.53459079E-05	-4.28535776E-05
 4.530000E-01	 9.10481969E-05	 7.20578742E-05	 1.29980051E-04	 3.26251117E-06	 4.44208500E-05	 2.83825696E-05	 8.62484899E-06	-9.07769777E-06	-1.15677633E-05	-1.13088901E-05	-4.71397852E-04	-3.10471891E-04	-8.42583884E-05	-4.62266700E-05	-2.04112750E-04	-9.80239177E-05	-3.59438822E-05	-1.85354380E-05	-2.45341358E-05	-4.16365508E-05
 4.540000E-01	 9.14347545E-05	 7.25093415E-05	 1.30698333E-04	 3.16660487E-06	 4.51679297E-05	 2.91708869E-05	 9.15983990E-06	-8.86758874E-06	-1.13582156E-05	-1.12088312E-05	-4.74734861E-04	-3.13527800E-04	-8.67049517E-05	-4.58328649E-05	-2.07272529E-04	-9.98753557E-05	-3.66607325E-05	-1.80391437E-05	-2.37418423E-05	-4.04460646E-05
 4.550000E-01	 9.18212559E-05	 7.29671897E-05	 1.31416984E-04	 3.05148349E-06	 4.59264981E-05	 2.99690418E-05	 9.70002099E-06	-8.66080959E-06	-1.11535506E-05	-1.11121739E-05	-4.78073684E-04	-3.16609089E-04	-8.92129586E-05	-4.53755161E-05	-2.10463525E-04	-1.01763924E-04	-3.74022169E-05	-1.75620163E-05	-2.29684715E-05	-3.92812225E-05
 4.560000E-01	 9.22076810E-05	 7.34316753E-05	 1.32136086E-04	 2.91668490E-06	 4.66965241E-05	 3.07772238E-05	 1.02457153E-05	-8.45718840E-06	-1.09536189E-05	-1.10189795E-05	-4.81413961E-04	-3.19716226E-04	-9.17837788E-05	-4.48527052E-05	-2.13685953E-04	-1.03689856E-04	-3.81686350E-05	-1.71037142E-05	-2.22134843E-05	-3.81411501E-05
 4.570000E-01	 9.25940091E-05	 7.39030620E-05	 1.32855742E-04	 2.76170619E-06	 4.74779695E-05	 3.15956268E-05	 1.07972447E-05	-8.25655706E-06	-1.07582737E-05	-1.09293079E-05	-4.84755321E-04	-3.22849714E-04	-9.44187881E-05	-4.42624606E-05	-2.16940031E-04	-1.05653396E-04	-3.89602897E-05	-1.66639090E-05	-2.14763564E-05	-3.70249930E-05
 4.580000E-01	 9.29802199E-05	 7.43816201E-05	 1.33576074E-04	 2.58601379E-06	 4.82707854E-05	 3.24244471E-05	 1.13549298E-05	-8.05875073E-06	-1.05673713E-05	-1.08432173E-05	-4.88097390E-04	-3.26010095E-04	-9.71193696E-05	-4.36027516E-05	-2.20225981E-04	-1.07654798E-04	-3.97774874E-05	-1.62422840E-05	-2.07565769E-05	-3.59319167E-05
 4.590000E-01	 9.33662925E-05	 7.48676204E-05	 1.34297208E-04	 2.38905630E-06	 4.90749061E-05	 3.32638789E-05	 1.19190904E-05	-7.86360690E-06	-1.03807702E-05	-1.07607652E-05	-4.91439777E-04	-3.29197932E-04	-9.98869165E-05	-4.28714766E-05	-2.23544028E-04	-1.09694328E-04	-4.06205364E-05	-1.58385324E-05	-2.00536470E-05	-3.48611044E-05
 4.600000E-01	 9.37521974E-05	 7.53612997E-05	 1.35019263E-04	 2.17025859E-06	 4.98902483E-05	 3.41140989E-05	 1.24900403E-05	-7.67096309E-06	-1.01983275E-05	-1.06820074E-05	-4.94782028E-04	-3.32413712E-04	-1.02722818E-04	-4.20664302E-05	-2.26894347E-04	-1.11772215E-04	-4.14897419E-05	-1.54523561E-05	-1.93670719E-05	-3.38117527E-05
 4.610000E-01	 9.41378977E-05	 7.58628780E-05	 1.35742350E-04	 1.92903665E-06	 5.07167290E-05	 3.49752705E-05	 1.30680890E-05	-7.48065684E-06	-1.00198995E-05	-1.06069981E-05	-4.98123648E-04	-3.35657871E-04	-1.05628490E-04	-4.11853270E-05	-2.30277078E-04	-1.13888674E-04	-4.23854195E-05	-1.50834741E-05	-1.86963707E-05	-3.27830741E-05
 4.620000E-01	 9.45233526E-05	 7.63725786E-05	 1.36466575E-04	 1.66480946E-06	 5.15542764E-05	 3.58475501E-05	 1.36535441E-05	-7.29252620E-06	-9.84534222E-06	-1.05357904E-05	-5.01464124E-04	-3.38930833E-04	-1.08605391E-04	-4.02258243E-05	-2.33692337E-04	-1.16043922E-04	-4.33079052E-05	-1.47316276E-05	-1.80410827E-05	-3.17743002E-05
 4.630000E-01	 9.49085177E-05	 7.68906272E-05	 1.37192038E-04	 1.37700375E-06	 5.24028282E-05	 3.67310881E-05	 1.42467115E-05	-7.10640951E-06	-9.67451175E-06	-1.04684361E-05	-5.04802930E-04	-3.42233019E-04	-1.11655026E-04	-3.91855353E-05	-2.37140220E-04	-1.18238183E-04	-4.42575550E-05	-1.43965811E-05	-1.74007682E-05	-3.07846811E-05
 4.640000E-01	 9.52933464E-05	 7.74172516E-05	 1.37918819E-04	 1.06506819E-06	 5.32623258E-05	 3.76260264E-05	 1.48478968E-05	-6.92214485E-06	-9.50726376E-06	-1.04049865E-05	-5.08139524E-04	-3.45564834E-04	-1.14778940E-04	-3.80620418E-05	-2.40620804E-04	-1.20471676E-04	-4.52347442E-05	-1.40781226E-05	-1.67750087E-05	-2.98134850E-05
 4.650000E-01	 9.56777979E-05	 7.79526996E-05	 1.38646969E-04	 7.28506125E-07	 5.41327067E-05	 3.85325024E-05	 1.54574077E-05	-6.73956979E-06	-9.34345533E-06	-1.03454926E-05	-5.11473374E-04	-3.48926730E-04	-1.17978745E-04	-3.68529144E-05	-2.44134198E-04	-1.22744654E-04	-4.62398684E-05	-1.37760626E-05	-1.61634101E-05	-2.88600005E-05
 4.660000E-01	 9.60618421E-05	 7.84972529E-05	 1.39376520E-04	 3.66888920E-07	 5.50138958E-05	 3.94506531E-05	 1.60755552E-05	-6.55852222E-06	-9.18294647E-06	-1.02900059E-05	-5.14803983E-04	-3.52319259E-04	-1.21256121E-04	-3.55557097E-05	-2.47680580E-04	-1.25057424E-04	-4.72733384E-05	-1.34902274E-05	-1.55656021E-05	-2.79235367E-05
 4.670000E-01	 9.64454515E-05	 7.90511965E-05	 1.40107503E-04	-2.01834579E-08	 5.59058044E-05	 4.03806080E-05	 1.67026475E-05	-6.37884125E-06	-9.02559832E-06	-1.02385780E-05	-5.18130845E-04	-3.55743008E-04	-1.24612793E-04	-3.41679303E-05	-2.51260163E-04	-1.27410306E-04	-4.83355642E-05	-1.32204521E-05	-1.49812263E-05	-2.70034170E-05
 4.680000E-01	 9.68285979E-05	 7.96148183E-05	 1.40839963E-04	-4.33111176E-07	 5.68083371E-05	 4.13224942E-05	 1.73389899E-05	-6.20036834E-06	-8.87127326E-06	-1.01912604E-05	-5.21453439E-04	-3.59198594E-04	-1.28050519E-04	-3.26870168E-05	-2.54873182E-04	-1.29803625E-04	-4.94269541E-05	-1.29665795E-05	-1.44099348E-05	-2.60989776E-05
 4.690000E-01	 9.72112518E-05	 8.01884110E-05	 1.41573971E-04	-8.72317445E-07	 5.77213957E-05	 4.22764399E-05	 1.79848852E-05	-6.02294797E-06	-8.71983543E-06	-1.01481047E-05	-5.24771238E-04	-3.62686669E-04	-1.31571096E-04	-3.11103487E-05	-2.58519892E-04	-1.32237711E-04	-5.05479157E-05	-1.27284595E-05	-1.38513895E-05	-2.52095668E-05
 4.700000E-01	 9.75933787E-05	 8.07722665E-05	 1.42309634E-04	-1.33827877E-06	 5.86448887E-05	 4.32425769E-05	 1.86406328E-05	-5.84642847E-06	-8.57115033E-06	-1.01091626E-05	-5.28083687E-04	-3.66207894E-04	-1.35176338E-04	-2.94352463E-05	-2.62200546E-04	-1.34712885E-04	-5.16988534E-05	-1.25059491E-05	-1.33052606E-05	-2.43345439E-05
 4.710000E-01	 9.79749308E-05	 8.13666482E-05	 1.43047078E-04	-1.83155980E-06	 5.95787428E-05	 4.42210338E-05	 1.93065254E-05	-5.67066206E-06	-8.42508223E-06	-1.00744853E-05	-5.31390163E-04	-3.69762828E-04	-1.38868050E-04	-2.76589680E-05	-2.65915363E-04	-1.37229411E-04	-5.28801662E-05	-1.22989154E-05	-1.27712245E-05	-2.34732766E-05
 4.720000E-01	 9.83558514E-05	 8.19718195E-05	 1.43786449E-04	-2.35279717E-06	 6.05229047E-05	 4.52119428E-05	 1.99828567E-05	-5.49550315E-06	-8.28149531E-06	-1.00441243E-05	-5.34690004E-04	-3.73352000E-04	-1.42648073E-04	-2.57787382E-05	-2.69664534E-04	-1.39787534E-04	-5.40922655E-05	-1.21072443E-05	-1.22489719E-05	-2.26251450E-05
 4.730000E-01	 9.87360780E-05	 8.25880555E-05	 1.44527912E-04	-2.90268801E-06	 6.14773372E-05	 4.62154405E-05	 2.06699233E-05	-5.32080708E-06	-8.14025393E-06	-1.00181316E-05	-5.37982529E-04	-3.76975930E-04	-1.46518302E-04	-2.37917447E-05	-2.73448237E-04	-1.42387495E-04	-5.53355822E-05	-1.19308418E-05	-1.17382106E-05	-2.17895419E-05
 4.740000E-01	 9.91155416E-05	 8.32156449E-05	 1.45271655E-04	-3.48199923E-06	 6.24420241E-05	 4.72316670E-05	 2.13680248E-05	-5.14643000E-06	-8.00122226E-06	-9.99655944E-06	-5.41267037E-04	-3.80635131E-04	-1.50480697E-04	-2.16951211E-05	-2.77266641E-04	-1.45029534E-04	-5.66105663E-05	-1.17696344E-05	-1.12386648E-05	-2.09658726E-05
 4.750000E-01	 9.94941636E-05	 8.38548959E-05	 1.46017914E-04	-4.09159656E-06	 6.34169816E-05	 4.82607723E-05	 2.20774635E-05	-4.97222988E-06	-7.86426435E-06	-9.97946082E-06	-5.44542808E-04	-3.84330127E-04	-1.54537289E-04	-1.94859344E-05	-2.81119899E-04	-1.47713894E-04	-5.79176896E-05	-1.16235697E-05	-1.07500756E-05	-2.01535541E-05
 4.760000E-01	 9.98718581E-05	 8.45061676E-05	 1.46767005E-04	-4.73245995E-06	 6.44022572E-05	 4.93029340E-05	 2.27985491E-05	-4.79806814E-06	-7.72924745E-06	-9.96688938E-06	-5.47809161E-04	-3.88061571E-04	-1.58690167E-04	-1.71611917E-05	-2.85008133E-04	-1.50440847E-04	-5.92574521E-05	-1.14926157E-05	-1.02722012E-05	-1.93520149E-05
 4.770000E-01	 1.00248536E-04	 8.51698572E-05	 1.47519303E-04	-5.40567514E-06	 6.53979044E-05	 5.03583568E-05	 2.35315993E-05	-4.62380918E-06	-7.59604263E-06	-9.95890062E-06	-5.51065443E-04	-3.91830232E-04	-1.62941452E-04	-1.47178283E-05	-2.88931441E-04	-1.53210690E-04	-6.06303703E-05	-1.13767533E-05	-9.80481166E-06	-1.85606919E-05
 4.780000E-01	 1.00624108E-04	 8.58463750E-05	 1.48275198E-04	-6.11239073E-06	 6.64039539E-05	 5.14272559E-05	 2.42769385E-05	-4.44931795E-06	-7.46452338E-06	-9.95555274E-06	-5.54310991E-04	-3.95636923E-04	-1.67293271E-04	-1.21526983E-05	-2.92889900E-04	-1.56023720E-04	-6.20369639E-05	-1.12759708E-05	-9.34768410E-06	-1.77790284E-05
 4.790000E-01	 1.00998488E-04	 8.65361378E-05	 1.49035056E-04	-6.85375691E-06	 6.74203948E-05	 5.25098458E-05	 2.50348978E-05	-4.27445753E-06	-7.33456478E-06	-9.95690703E-06	-5.57545136E-04	-3.99482502E-04	-1.71747761E-04	-9.46258493E-06	-2.96883576E-04	-1.58880235E-04	-6.34777556E-05	-1.11902623E-05	-8.90060255E-06	-1.70064744E-05
 4.800000E-01	 1.01371600E-04	 8.72395612E-05	 1.49799185E-04	-7.63085214E-06	 6.84471528E-05	 5.36063275E-05	 2.58058139E-05	-4.09908658E-06	-7.20604246E-06	-9.96302826E-06	-5.60767194E-04	-4.03367856E-04	-1.76307066E-04	-6.64420893E-06	-3.00912537E-04	-1.61780540E-04	-6.49532683E-05	-1.11196259E-05	-8.46335737E-06	-1.62424863E-05
 4.810000E-01	 1.01743376E-04	 8.79570319E-05	 1.50567799E-04	-8.44461601E-06	 6.94840755E-05	 5.47168615E-05	 2.65900258E-05	-3.92305501E-06	-7.07882861E-06	-9.97398453E-06	-5.63976430E-04	-4.07293818E-04	-1.80973380E-04	-3.69421879E-06	-3.04976869E-04	-1.64724926E-04	-6.64640235E-05	-1.10640657E-05	-8.03574550E-06	-1.54865262E-05
 4.820000E-01	 1.02113752E-04	 8.86889009E-05	 1.51341020E-04	-9.29583058E-06	 7.05309573E-05	 5.58415536E-05	 2.73878684E-05	-3.74620335E-06	-6.95278848E-06	-9.98984575E-06	-5.67172046E-04	-4.11261116E-04	-1.85748972E-04	-6.09193519E-07	-3.09076677E-04	-1.67713657E-04	-6.80105479E-05	-1.10235991E-05	-7.61757473E-06	-1.47380639E-05
 4.830000E-01	 1.02482666E-04	 8.94355112E-05	 1.52118934E-04	-1.01851500E-05	 7.15875849E-05	 5.69804723E-05	 2.81996714E-05	-3.56836703E-06	-6.82778142E-06	-1.00106821E-05	-5.70353218E-04	-4.15270456E-04	-1.90636182E-04	 2.61434175E-06	-3.13212084E-04	-1.70747001E-04	-6.95933857E-05	-1.09982606E-05	-7.20866842E-06	-1.39965780E-05
 4.840000E-01	 1.02850046E-04	 9.01972012E-05	 1.52901615E-04	-1.11131428E-05	 7.26537583E-05	 5.81336605E-05	 2.90257585E-05	-3.38937926E-06	-6.70366142E-06	-1.00365635E-05	-5.73519103E-04	-4.19322537E-04	-1.95637410E-04	 5.97991477E-06	-3.17383201E-04	-1.73825216E-04	-7.12131010E-05	-1.09881049E-05	-6.80886614E-06	-1.32615555E-05
 4.850000E-01	 1.03215817E-04	 9.09743062E-05	 1.53689128E-04	-1.20803125E-05	 7.37292921E-05	 5.93011407E-05	 2.98664492E-05	-3.20907186E-06	-6.58027758E-06	-1.00675595E-05	-5.76668840E-04	-4.23418047E-04	-2.00755109E-04	 9.49110586E-06	-3.21590135E-04	-1.76948556E-04	-7.28702788E-05	-1.09932079E-05	-6.41802394E-06	-1.25324917E-05
 4.860000E-01	 1.03579900E-04	 9.17671705E-05	 1.54481526E-04	-1.30871004E-05	 7.48140092E-05	 6.04829239E-05	 3.07220619E-05	-3.02727632E-06	-6.45747642E-06	-1.01037403E-05	-5.79801554E-04	-4.27557702E-04	-2.05991789E-04	 1.31515566E-05	-3.25833015E-04	-1.80117290E-04	-7.45655207E-05	-1.10136594E-05	-6.03601244E-06	-1.18088900E-05
 4.870000E-01	 1.03942214E-04	 9.25761589E-05	 1.55278852E-04	-1.41338941E-05	 7.59077295E-05	 6.16790210E-05	 3.15929156E-05	-2.84382557E-06	-6.33510566E-06	-1.01451785E-05	-5.82916354E-04	-4.31742312E-04	-2.11350027E-04	 1.69650013E-05	-3.30112017E-04	-1.83331746E-04	-7.62994370E-05	-1.10495502E-05	-5.66270876E-06	-1.10902616E-05
 4.880000E-01	 1.04302671E-04	 9.34016369E-05	 1.56081183E-04	-1.52210686E-05	 7.70102702E-05	 6.28894418E-05	 3.24793273E-05	-2.65855364E-06	-6.21301403E-06	-1.01919504E-05	-5.86012301E-04	-4.35972742E-04	-2.16832505E-04	 2.09353100E-05	-3.34427334E-04	-1.86592282E-04	-7.80726435E-05	-1.11009716E-05	-5.29798922E-06	-1.03761191E-05
 4.890000E-01	 1.04661175E-04	 9.42439716E-05	 1.56888647E-04	-1.63490294E-05	 7.81214556E-05	 6.41142011E-05	 3.33816118E-05	-2.47129667E-06	-6.09105190E-06	-1.02441362E-05	-5.89088404E-04	-4.40249919E-04	-2.22442033E-04	 2.50665244E-05	-3.38779164E-04	-1.89899289E-04	-7.98857620E-05	-1.11680157E-05	-4.94172743E-06	-9.66597514E-06
 4.900000E-01	 1.05017618E-04	 9.51035361E-05	 1.57701453E-04	-1.75182574E-05	 7.92411282E-05	 6.53533265E-05	 3.43000829E-05	-2.28189418E-06	-5.96907216E-06	-1.03018205E-05	-5.92143616E-04	-4.44574837E-04	-2.28181562E-04	 2.93628966E-05	-3.43167704E-04	-1.93253188E-04	-8.17394231E-05	-1.12507744E-05	-4.59379297E-06	-8.95934098E-06
 4.910000E-01	 1.05371880E-04	 9.59807151E-05	 1.58519910E-04	-1.87293540E-05	 8.03691733E-05	 6.66068690E-05	 3.52350524E-05	-2.09019081E-06	-5.84692998E-06	-1.03650910E-05	-5.95176866E-04	-4.48948568E-04	-2.34054149E-04	 3.38288894E-05	-3.47593129E-04	-1.96654419E-04	-8.36342707E-05	-1.13493469E-05	-4.25405466E-06	-8.25572468E-06
 4.920000E-01	 1.05723836E-04	 9.68759110E-05	 1.59344394E-04	-1.99830367E-05	 8.15055370E-05	 6.78749026E-05	 3.61868294E-05	-1.89603551E-06	-5.72447849E-06	-1.04340348E-05	-5.98187136E-04	-4.53372211E-04	-2.40062870E-04	 3.84691125E-05	-3.52055631E-04	-2.00103379E-04	-8.55709625E-05	-1.14638586E-05	-3.92239976E-06	-7.55463482E-06
 4.930000E-01	 1.06073371E-04	 9.77895436E-05	 1.60175240E-04	-2.12800534E-05	 8.26501849E-05	 6.91575036E-05	 3.71557224E-05	-1.69927806E-06	-5.60156245E-06	-1.05087333E-05	-6.01173508E-04	-4.57846842E-04	-2.46210712E-04	 4.32882903E-05	-3.56555494E-04	-2.03600391E-04	-8.75501539E-05	-1.15944627E-05	-3.59875748E-06	-6.85559327E-06
 4.940000E-01	 1.06420391E-04	 9.87220419E-05	 1.61012659E-04	-2.26210453E-05	 8.38030502E-05	 7.04547217E-05	 3.81420401E-05	-1.49976353E-06	-5.47801472E-06	-1.05892616E-05	-6.04135177E-04	-4.62373490E-04	-2.52500537E-04	 4.82912336E-05	-3.61093141E-04	-2.07145705E-04	-8.95724902E-05	-1.17413384E-05	-3.28310412E-06	-6.15814036E-06
 4.950000E-01	 1.06764827E-04	 9.96738319E-05	 1.61856680E-04	-2.40064117E-05	 8.49640032E-05	 7.17665547E-05	 3.91460868E-05	-1.29732894E-06	-5.35365278E-06	-1.06756876E-05	-6.07071451E-04	-4.66953133E-04	-2.58935043E-04	 5.34827902E-05	-3.65669137E-04	-2.10739482E-04	-9.16386044E-05	-1.19046906E-05	-2.97546539E-06	-5.46183756E-06
 4.960000E-01	 1.07106629E-04	 1.00645309E-04	 1.62707119E-04	-2.54361745E-05	 8.61328074E-05	 7.30929234E-05	 4.01681597E-05	-1.09180060E-06	-5.22827693E-06	-1.07680736E-05	-6.09981714E-04	-4.71586705E-04	-2.65516728E-04	 5.88678068E-05	-3.70284100E-04	-2.14381787E-04	-9.37491191E-05	-1.20847479E-05	-2.67591035E-06	-4.76626651E-06
 4.970000E-01	 1.07445738E-04	 1.01636779E-04	 1.63563562E-04	-2.69098144E-05	 8.73090033E-05	 7.44336437E-05	 4.12085607E-05	-8.82988183E-07	-5.10167676E-06	-1.08664869E-05	-6.12865226E-04	-4.76275125E-04	-2.72247977E-04	 6.44511587E-05	-3.74938393E-04	-2.18072625E-04	-9.59046811E-05	-1.22817481E-05	-2.38450970E-06	-4.07101165E-06
 4.980000E-01	 1.07782083E-04	 1.02648443E-04	 1.64425354E-04	-2.84260288E-05	 8.84917954E-05	 7.57884233E-05	 4.22676209E-05	-6.70672073E-07	-4.97364494E-06	-1.09710173E-05	-6.15721006E-04	-4.81019466E-04	-2.79131229E-04	 7.02376027E-05	-3.79631862E-04	-2.21812080E-04	-9.81060327E-05	-1.24959412E-05	-2.10128259E-06	-3.37563018E-06
 4.990000E-01	 1.08115579E-04	 1.03680377E-04	 1.65291544E-04	-2.99825056E-05	 8.96799805E-05	 7.71568371E-05	 4.33457067E-05	-4.54595170E-07	-4.84397903E-06	-1.10817809E-05	-6.18547811E-04	-4.85820964E-04	-2.86168947E-04	 7.62315397E-05	-3.84363682E-04	-2.25600322E-04	-1.00354040E-04	-1.27275992E-05	-1.82618521E-06	-2.67963915E-06
 5.000000E-01	 1.08446135E-04	 1.04732505E-04	 1.66160813E-04	-3.15756945E-05	 9.08718814E-05	 7.85382965E-05	 4.44432206E-05	-2.34456175E-07	-4.71247991E-06	-1.11989212E-05	-6.21344138E-04	-4.90680971E-04	-2.93363529E-04	 8.24367265E-05	-3.89132224E-04	-2.29437584E-04	-1.02649705E-04	-1.29770291E-05	-1.55911088E-06	-1.98250785E-06
 5.010000E-01	 1.08773666E-04	 1.05804578E-04	 1.67031399E-04	-3.32005702E-05	 9.20652994E-05	 7.99320129E-05	 4.55605971E-05	-9.90232447E-09	-4.57894635E-06	-1.13226063E-05	-6.24108273E-04	-4.95600880E-04	-3.00717223E-04	 8.88559213E-05	-3.93935040E-04	-2.33324132E-04	-1.04994169E-04	-1.32445870E-05	-1.29990481E-06	-1.28365955E-06
 5.020000E-01	 1.09098142E-04	 1.06896205E-04	 1.67901028E-04	-3.48504825E-05	 9.32576132E-05	 8.13369650E-05	 4.66982697E-05	 2.19466039E-07	-4.44315508E-06	-1.14530068E-05	-6.26838572E-04	-5.00582000E-04	-3.08231820E-04	 9.54903739E-05	-3.98769134E-04	-2.37260154E-04	-1.07388666E-04	-1.35307021E-05	-1.04843546E-06	-5.82504967E-07
 5.030000E-01	 1.09419595E-04	 1.08006835E-04	 1.68766923E-04	-3.65171874E-05	 9.44459540E-05	 8.27518653E-05	 4.78566010E-05	 4.54068713E-07	-4.30484196E-06	-1.15902713E-05	-6.29533672E-04	-5.05625319E-04	-3.15908128E-04	 1.02339413E-04	-4.03631102E-04	-2.41245486E-04	-1.09834398E-04	-1.38358764E-05	-8.04656102E-07	 1.21526565E-07
 5.040000E-01	 1.09738100E-04	 1.09135737E-04	 1.69625880E-04	-3.81909003E-05	 9.56273207E-05	 8.41751679E-05	 4.90358508E-05	 6.94327896E-07	-4.16369731E-06	-1.17345177E-05	-6.32192557E-04	-5.10731452E-04	-3.23745650E-04	 1.09400024E-04	-4.08517017E-04	-2.45279472E-04	-1.12332504E-04	-1.41606908E-05	-5.68622929E-07	 8.28976898E-07
 5.050000E-01	 1.10053774E-04	 1.10281998E-04	 1.70474325E-04	-3.98603473E-05	 9.67986497E-05	 8.56050845E-05	 5.02361634E-05	 9.40656966E-07	-4.01936575E-06	-1.18858291E-05	-6.34814587E-04	-5.15900609E-04	-3.31742349E-04	 1.16666395E-04	-4.13422286E-04	-2.49360891E-04	-1.14884048E-04	-1.45058106E-05	-3.40502490E-07	 1.54035283E-06
 5.060000E-01	 1.10366757E-04	 1.11444502E-04	 1.71308389E-04	-4.15128521E-05	 9.79568696E-05	 8.70396018E-05	 5.14575547E-05	 1.19344965E-06	-3.87145081E-06	-1.20442553E-05	-6.37399467E-04	-5.21132556E-04	-3.39894427E-04	 1.24129470E-04	-4.18341452E-04	-2.53487881E-04	-1.17490006E-04	-1.48719848E-05	-1.20562266E-07	 2.25613006E-06
 5.070000E-01	 1.10677158E-04	 1.12621892E-04	 1.72124013E-04	-4.31344565E-05	 9.90988984E-05	 8.84765051E-05	 5.26999146E-05	 1.45307725E-06	-3.71953197E-06	-1.22098298E-05	-6.39947014E-04	-5.26426565E-04	-3.48196250E-04	 1.31776590E-04	-4.23267767E-04	-2.57657918E-04	-1.20151284E-04	-1.52600441E-05	 9.08862074E-08	 2.97678881E-06
 5.080000E-01	 1.10985033E-04	 1.13812576E-04	 1.72917124E-04	-4.47100431E-05	 1.00221661E-04	 8.99134365E-05	 5.39630504E-05	 1.71990312E-06	-3.56316969E-06	-1.23825787E-05	-6.42457053E-04	-5.31781525E-04	-3.56640529E-04	 1.39591035E-04	-4.28192845E-04	-2.61867930E-04	-1.22868843E-04	-1.56709449E-05	 2.93493844E-07	 3.70282201E-06
 5.090000E-01	 1.11290373E-04	 1.15014745E-04	 1.73683773E-04	-4.62235525E-05	 1.01322171E-04	 9.13479407E-05	 5.52466936E-05	 1.99427918E-06	-3.40190869E-06	-1.25625208E-05	-6.44929407E-04	-5.37195926E-04	-3.65218294E-04	 1.47551622E-04	-4.33106493E-04	-2.66114303E-04	-1.25643734E-04	-1.61057857E-05	 4.86868572E-07	 4.43473515E-06
 5.100000E-01	 1.11593091E-04	 1.16226393E-04	 1.74420294E-04	-4.76582828E-05	 1.02397657E-04	 9.27775153E-05	 5.65504965E-05	 2.27653456E-06	-3.23528215E-06	-1.27496664E-05	-6.47363904E-04	-5.42667815E-04	-3.73918819E-04	 1.55632409E-04	-4.37996581E-04	-2.70392846E-04	-1.28477096E-04	-1.65658120E-05	 6.70571622E-07	 5.17304639E-06
 5.110000E-01	 1.11893011E-04	 1.17445358E-04	 1.75123482E-04	-4.89972221E-05	 1.03445710E-04	 9.41996959E-05	 5.78740388E-05	 2.56696185E-06	-3.06281634E-06	-1.29440138E-05	-6.49760470E-04	-5.48194881E-04	-3.82729551E-04	 1.63802422E-04	-4.42848924E-04	-2.74698794E-04	-1.31370168E-04	-1.70524263E-05	 8.44102902E-07	 5.91827909E-06
 5.120000E-01	 1.12189901E-04	 1.18669399E-04	 1.75790688E-04	-5.02233301E-05	 1.04464367E-04	 9.56121555E-05	 5.92168549E-05	 2.86580373E-06	-2.88403735E-06	-1.31455431E-05	-6.52119325E-04	-5.53774635E-04	-3.91636062E-04	 1.72025485E-04	-4.47647331E-04	-2.79026878E-04	-1.34324316E-04	-1.75671787E-05	 1.00687816E-06	 6.67094110E-06
 5.130000E-01	 1.12483475E-04	 1.19896173E-04	 1.76419767E-04	-5.13198145E-05	 1.05452056E-04	 9.70127156E-05	 6.05784278E-05	 3.17323319E-06	-2.69848700E-06	-1.33542235E-05	-6.54440925E-04	-5.59404175E-04	-4.00621996E-04	 1.80260490E-04	-4.52373705E-04	-2.83371237E-04	-1.37340895E-04	-1.81116933E-05	 1.15826130E-06	 7.43153363E-06
 5.140000E-01	 1.12773399E-04	 1.21123265E-04	 1.77009057E-04	-5.22703847E-05	 1.06407569E-04	 9.83993773E-05	 6.19582064E-05	 3.48935106E-06	-2.50573203E-06	-1.35700202E-05	-6.56725912E-04	-5.65080127E-04	-4.09669265E-04	 1.88461816E-04	-4.57008263E-04	-2.87725493E-04	-1.40421210E-04	-1.86876256E-05	 1.29757920E-06	 8.20054955E-06
 5.150000E-01	 1.13059300E-04	 1.22348224E-04	 1.77557406E-04	-5.30595425E-05	 1.07330068E-04	 9.97703705E-05	 6.33556255E-05	 3.81418395E-06	-2.30537144E-06	-1.37928986E-05	-6.58975095E-04	-5.70798668E-04	-4.18758384E-04	 1.96579951E-04	-4.61529824E-04	-2.92082877E-04	-1.43566486E-04	-1.92966254E-05	 1.42413146E-06	 8.97846842E-06
 5.160000E-01	 1.13340751E-04	 1.23568564E-04	 1.78064174E-04	-5.36729185E-05	 1.08219093E-04	 1.01124169E-04	 6.47701089E-05	 4.14768072E-06	-2.09704065E-06	-1.40228294E-05	-6.61189313E-04	-5.76555385E-04	-4.27868868E-04	 2.04562440E-04	-4.65916174E-04	-2.96436288E-04	-1.46777806E-04	-1.99402921E-05	 1.53720470E-06	 9.76575563E-06
 5.170000E-01	 1.13617258E-04	 1.24781764E-04	 1.78529253E-04	-5.40976445E-05	 1.09074620E-04	 1.02459504E-04	 6.62010628E-05	 4.48971108E-06	-1.88040829E-06	-1.42597909E-05	-6.63369283E-04	-5.82345120E-04	-4.36979680E-04	 2.12355023E-04	-4.70144495E-04	-3.00778338E-04	-1.50056041E-04	-2.06201492E-05	 1.63607151E-06	 1.05628563E-05
 5.180000E-01	 1.13888273E-04	 1.25985397E-04	 1.78953130E-04	-5.43226404E-05	 1.09897174E-04	 1.03775471E-04	 6.76479206E-05	 4.84007732E-06	-1.65517389E-06	-1.45037643E-05	-6.65515710E-04	-5.88162349E-04	-4.46069787E-04	 2.19902649E-04	-4.74191979E-04	-3.05101692E-04	-1.53401921E-04	-2.13376527E-05	 1.71996578E-06	 1.13701685E-05
 5.190000E-01	 1.14153215E-04	 1.27177177E-04	 1.79336885E-04	-5.43388744E-05	 1.10687843E-04	 1.05071597E-04	 6.91101711E-05	 5.19851626E-06	-1.42107238E-06	-1.47547368E-05	-6.67629278E-04	-5.94001367E-04	-4.55118645E-04	 2.27150736E-04	-4.78036358E-04	-3.09399281E-04	-1.56816023E-04	-2.20941551E-05	 1.78809018E-06	 1.21880353E-05
 5.200000E-01	 1.14411481E-04	 1.28355004E-04	 1.79682121E-04	-5.41395325E-05	 1.11448202E-04	 1.06347865E-04	 7.05873914E-05	 5.56470822E-06	-1.17787877E-06	-1.50127074E-05	-6.69710617E-04	-5.99856400E-04	-4.64106723E-04	 2.34046513E-04	-4.81656490E-04	-3.13664515E-04	-1.60298747E-04	-2.28908602E-05	 1.83963166E-06	 1.30167400E-05
 5.210000E-01	 1.14662494E-04	 1.29517064E-04	 1.79990912E-04	-5.37200888E-05	 1.12180216E-04	 1.07604769E-04	 7.20793009E-05	 5.93829590E-06	-9.25415651E-07	-1.52776932E-05	-6.71760358E-04	-6.05721953E-04	-4.73016094E-04	 2.40540251E-04	-4.85033006E-04	-3.17891678E-04	-1.63850360E-04	-2.37287759E-05	 1.87378541E-06	 1.38565008E-05
 5.220000E-01	 1.14905720E-04	 1.30661874E-04	 1.80265805E-04	-5.30783727E-05	 1.12886192E-04	 1.08843318E-04	 7.35857828E-05	 6.31889014E-06	-6.63563883E-07	-1.55497387E-05	-6.73779151E-04	-6.11593052E-04	-4.81830947E-04	 2.46586464E-04	-4.88148790E-04	-3.22076215E-04	-1.67471000E-04	-2.46086465E-05	 1.88980212E-06	 1.47074838E-05
 5.230000E-01	 1.15140644E-04	 1.31788223E-04	 1.80509824E-04	-5.22146423E-05	 1.13568741E-04	 1.10064984E-04	 7.51068543E-05	 6.70605919E-06	-3.92266185E-07	-1.58289247E-05	-6.75767504E-04	-6.17465106E-04	-4.90537881E-04	 2.52145076E-04	-4.90989235E-04	-3.26214669E-04	-1.71160581E-04	-2.55308876E-05	 1.88703246E-06	 1.55698288E-05
 5.240000E-01	 1.15366764E-04	 1.32895162E-04	 1.80726415E-04	-5.11314928E-05	 1.14230733E-04	 1.11271666E-04	 7.66426680E-05	 7.09933719E-06	-1.11524255E-07	-1.61153712E-05	-6.77725765E-04	-6.23333989E-04	-4.99126135E-04	 2.57182182E-04	-4.93542502E-04	-3.30304747E-04	-1.74918786E-04	-2.64955747E-05	 1.86494029E-06	 1.64436589E-05
 5.250000E-01	 1.15583599E-04	 1.33981991E-04	 1.80919354E-04	-4.98336575E-05	 1.14875217E-04	 1.12465643E-04	 7.81935137E-05	 7.49823684E-06	 1.78606626E-07	-1.64092404E-05	-6.79654113E-04	-6.29196092E-04	-5.07587691E-04	 2.61670543E-04	-4.95799681E-04	-3.34345329E-04	-1.78745077E-04	-2.75024463E-05	 1.82310987E-06	 1.73290901E-05
 5.260000E-01	 1.15790664E-04	 1.35048166E-04	 1.81092585E-04	-4.83277690E-05	 1.15505326E-04	 1.13649470E-04	 7.97597902E-05	 7.90225490E-06	 4.78032359E-07	-1.67107366E-05	-6.81552426E-04	-6.35048052E-04	-5.15917134E-04	 2.65589891E-04	-4.97754849E-04	-3.38336241E-04	-1.82638627E-04	-2.85509195E-05	 1.76123447E-06	 1.82262396E-05
 5.270000E-01	 1.15987483E-04	 1.36093298E-04	 1.81250044E-04	-4.66220058E-05	 1.16124154E-04	 1.14825921E-04	 8.13420191E-05	 8.31090183E-06	 7.86639543E-07	-1.70201015E-05	-6.83420318E-04	-6.40886788E-04	-5.24111504E-04	 2.68926802E-04	-4.99405105E-04	-3.42278210E-04	-1.86598380E-04	-2.96401596E-05	 1.67907736E-06	 1.91352150E-05
 5.280000E-01	 1.16173624E-04	 1.37117200E-04	 1.81395536E-04	-4.47257118E-05	 1.16734634E-04	 1.15997941E-04	 8.29408714E-05	 8.72373646E-06	 1.10430948E-06	-1.73376084E-05	-6.85257251E-04	-6.46709712E-04	-5.32170193E-04	 2.71674290E-04	-5.00750492E-04	-3.46172952E-04	-1.90623166E-04	-3.07691485E-05	 1.57644625E-06	 2.00561070E-05
 5.290000E-01	 1.16348699E-04	 1.38119855E-04	 1.81532673E-04	-4.26490822E-05	 1.17339465E-04	 1.17168579E-04	 8.45571542E-05	 9.14037949E-06	 1.43092928E-06	-1.76635605E-05	-6.87062544E-04	-6.52514699E-04	-5.40094716E-04	 2.73831310E-04	-5.01793790E-04	-3.50023077E-04	-1.94711737E-04	-3.19367242E-05	 1.45318546E-06	 2.09889956E-05
 5.300000E-01	 1.16512360E-04	 1.39101401E-04	 1.81664851E-04	-4.04028506E-05	 1.17941084E-04	 1.18340937E-04	 8.61917976E-05	 9.56052080E-06	 1.76640026E-06	-1.79982867E-05	-6.88835428E-04	-6.58300151E-04	-5.47888438E-04	 2.75402069E-04	-5.02540184E-04	-3.53831955E-04	-1.98862805E-04	-3.31416267E-05	 1.30916396E-06	 2.19339574E-05
 5.310000E-01	 1.16664328E-04	 1.40062161E-04	 1.81795243E-04	-3.79979280E-05	 1.18541549E-04	 1.19518184E-04	 8.78458842E-05	 9.98393496E-06	 2.11063218E-06	-1.83421430E-05	-6.90575222E-04	-6.64065350E-04	-5.55556391E-04	 2.76395126E-04	-5.02996807E-04	-3.57603757E-04	-2.03075155E-04	-3.43825406E-05	 1.14428483E-06	 2.28910790E-05
 5.320000E-01	 1.16804389E-04	 1.41002571E-04	 1.81926693E-04	-3.54451740E-05	 1.19142379E-04	 1.20703469E-04	 8.95206360E-05	 1.04104763E-05	 2.46353624E-06	-1.86955240E-05	-6.92281248E-04	-6.69810172E-04	-5.63104936E-04	 2.76822682E-04	-5.03172223E-04	-3.61343225E-04	-2.07347616E-04	-3.56580840E-05	 9.58522150E-07	 2.38604938E-05
 5.330000E-01	 1.16932390E-04	 1.41923141E-04	 1.82061662E-04	-3.27552980E-05	 1.19744480E-04	 1.21899867E-04	 9.12173957E-05	 1.08400775E-05	 2.82502614E-06	-1.90588665E-05	-6.93952767E-04	-6.75534830E-04	-5.70541424E-04	 2.76699830E-04	-5.03076000E-04	-3.65055506E-04	-2.11679080E-04	-3.69668274E-05	 7.51932738E-07	 2.48424034E-05
 5.340000E-01	 1.17048250E-04	 1.42824459E-04	 1.82202239E-04	-2.99388738E-05	 1.20348187E-04	 1.23110354E-04	 9.29376117E-05	 1.12727474E-05	 3.19502103E-06	-1.94326472E-05	-6.95588992E-04	-6.81239787E-04	-5.77873902E-04	 2.76043798E-04	-5.02718325E-04	-3.68746045E-04	-2.16068543E-04	-3.83073317E-05	 5.24652380E-07	 2.58370875E-05
 5.350000E-01	 1.17151936E-04	 1.43707180E-04	 1.82350198E-04	-2.70064693E-05	 1.20953397E-04	 1.24337775E-04	 9.46827940E-05	 1.17085631E-05	 3.57345465E-06	-1.98173785E-05	-6.97189021E-04	-6.86925478E-04	-5.85110842E-04	 2.74873309E-04	-5.02109679E-04	-3.72420449E-04	-2.20515128E-04	-3.96781837E-05	 2.76886613E-07	 2.68449121E-05
 5.360000E-01	 1.17243437E-04	 1.44571973E-04	 1.82507096E-04	-2.39688047E-05	 1.21559810E-04	 1.25584786E-04	 9.64544399E-05	 1.21476538E-05	 3.96029741E-06	-2.02135937E-05	-6.98751735E-04	-6.92591960E-04	-5.92260842E-04	 2.73208046E-04	-5.01260637E-04	-3.76084231E-04	-2.25018067E-04	-4.10780482E-05	 8.86654639E-09	 2.78663186E-05
 5.370000E-01	 1.17322747E-04	 1.45419573E-04	 1.82674416E-04	-2.08367195E-05	 1.22167184E-04	 1.26853906E-04	 9.82540150E-05	 1.25901997E-05	 4.35556989E-06	-2.06218280E-05	-7.00275950E-04	-6.98239205E-04	-5.99332454E-04	 2.71067991E-04	-5.00181803E-04	-3.79742819E-04	-2.29576755E-04	-4.25057375E-05	-2.79207051E-07	 2.89017928E-05
 5.380000E-01	 1.17389854E-04	 1.46250751E-04	 1.82853622E-04	-1.76210222E-05	 1.22775409E-04	 1.28147528E-04	 1.00082938E-04	 1.30364268E-05	 4.75934782E-06	-2.10426115E-05	-7.01760463E-04	-7.03867165E-04	-6.06334038E-04	 2.68472935E-04	-4.98883643E-04	-3.83401448E-04	-2.34190750E-04	-4.39602357E-05	-5.87187814E-07	 2.99518547E-05
 5.390000E-01	 1.17444736E-04	 1.47066292E-04	 1.83046123E-04	-1.43323096E-05	 1.23384471E-04	 1.29467890E-04	 1.01942582E-04	 1.34866094E-05	 5.17176437E-06	-2.14764670E-05	-7.03204061E-04	-7.09475750E-04	-6.13273623E-04	 2.65442099E-04	-4.97376291E-04	-3.87065119E-04	-2.38859777E-04	-4.54407103E-05	-9.14991644E-07	 3.10170556E-05
 5.400000E-01	 1.17487383E-04	 1.47867034E-04	 1.83253280E-04	-1.09807795E-05	 1.23994414E-04	 1.30817100E-04	 1.03834289E-04	 1.39410788E-05	 5.59300128E-06	-2.19239116E-05	-7.04605624E-04	-7.15065048E-04	-6.20158861E-04	 2.61993785E-04	-4.95669389E-04	-3.90738752E-04	-2.43583800E-04	-4.69465098E-05	-1.26257610E-06	 3.20979825E-05
 5.410000E-01	 1.17517800E-04	 1.48653844E-04	 1.83476416E-04	-7.57606884E-06	 1.24605292E-04	 1.32197102E-04	 1.05759376E-04	 1.44002166E-05	 6.02327668E-06	-2.23854638E-05	-7.05964137E-04	-7.20635356E-04	-6.26997052E-04	 2.58145229E-04	-4.93771892E-04	-3.94427214E-04	-2.48363022E-04	-4.84771321E-05	-1.62990020E-06	 3.31952812E-05
 5.420000E-01	 1.17535983E-04	 1.49427541E-04	 1.83716807E-04	-4.12709366E-06	 1.25217110E-04	 1.33609610E-04	 1.07719095E-04	 1.48644414E-05	 6.46284399E-06	-2.28616490E-05	-7.07278603E-04	-7.26186943E-04	-6.33795165E-04	 2.53912606E-04	-4.91691920E-04	-3.98135145E-04	-2.53197808E-04	-5.00321937E-05	-2.01690856E-06	 3.43096744E-05
 5.430000E-01	 1.17541915E-04	 1.50188857E-04	 1.83975660E-04	-6.41828316E-07	 1.25829763E-04	 1.35056066E-04	 1.09714630E-04	 1.53342090E-05	 6.91199327E-06	-2.33529990E-05	-7.08548040E-04	-7.31720044E-04	-6.40559860E-04	 2.49310983E-04	-4.89436751E-04	-4.01866913E-04	-2.58088658E-04	-5.16114264E-05	-2.42353416E-06	 3.54419614E-05
 5.440000E-01	 1.17535553E-04	 1.50938389E-04	 1.84254072E-04	 2.87295575E-06	 1.26442922E-04	 1.36537622E-04	 1.11747103E-04	 1.58100118E-05	 7.37105386E-06	-2.38600521E-05	-7.09771475E-04	-7.37234849E-04	-6.47297507E-04	 2.44354327E-04	-4.87012874E-04	-4.05626507E-04	-2.63036150E-04	-5.32146710E-05	-2.84971475E-06	 3.65930106E-05
 5.450000E-01	 1.17516807E-04	 1.51676504E-04	 1.84552914E-04	 6.41187705E-06	 1.27055858E-04	 1.38055089E-04	 1.13817572E-04	 1.62923775E-05	 7.84040860E-06	-2.43833516E-05	-7.10947855E-04	-7.42731241E-04	-6.54014123E-04	 2.39055581E-04	-4.84426128E-04	-4.09417270E-04	-2.68040822E-04	-5.48418804E-05	-3.29544427E-06	 3.77637372E-05
 5.460000E-01	 1.17485562E-04	 1.52403399E-04	 1.84872761E-04	 9.97094344E-06	 1.27667326E-04	 1.39608995E-04	 1.15927085E-04	 1.67818926E-05	 8.32049770E-06	-2.49234396E-05	-7.12076109E-04	-7.48208960E-04	-6.60715296E-04	 2.33426608E-04	-4.81681733E-04	-4.13242067E-04	-2.73103258E-04	-5.64931542E-05	-3.76080197E-06	 3.89550752E-05
 5.470000E-01	 1.17441702E-04	 1.53119159E-04	 1.85213899E-04	 1.35473332E-05	 1.28275577E-04	 1.41199634E-04	 1.18076700E-04	 1.72792080E-05	 8.81181549E-06	-2.54808542E-05	-7.13155169E-04	-7.53667669E-04	-6.67406179E-04	 2.27478235E-04	-4.78784281E-04	-4.17103456E-04	-2.78224161E-04	-5.81687494E-05	-4.24595044E-06	 4.01679695E-05
 5.480000E-01	 1.17385106E-04	 1.53823791E-04	 1.85576384E-04	 1.71391237E-05	 1.28878459E-04	 1.42827117E-04	 1.20267479E-04	 1.77850267E-05	 9.31490727E-06	-2.60561279E-05	-7.14183970E-04	-7.59106957E-04	-6.74091516E-04	 2.21220364E-04	-4.75737790E-04	-4.21003742E-04	-2.83404353E-04	-5.98690712E-05	-4.75113543E-06	 4.14033711E-05
 5.490000E-01	 1.17315660E-04	 1.54517273E-04	 1.85960125E-04	 2.07450722E-05	 1.29473506E-04	 1.44491442E-04	 1.22500492E-04	 1.83000955E-05	 9.83035674E-06	-2.66497872E-05	-7.15161489E-04	-7.64526511E-04	-6.80775749E-04	 2.14662063E-04	-4.72545718E-04	-4.24945093E-04	-2.88644796E-04	-6.15946583E-05	-5.27666619E-06	 4.26622395E-05
 5.500000E-01	 1.17233269E-04	 1.55199603E-04	 1.86364947E-04	 2.43644311E-05	 1.30057997E-04	 1.46192548E-04	 1.24776829E-04	 1.88251924E-05	 1.03587643E-05	-2.72623602E-05	-7.16086796E-04	-7.69926285E-04	-6.87463160E-04	 2.07811637E-04	-4.69210900E-04	-4.28929654E-04	-2.93946605E-04	-6.33461485E-05	-5.82286750E-06	 4.39455640E-05
 5.510000E-01	 1.17137849E-04	 1.55870768E-04	 1.86790613E-04	 2.79967375E-05	 1.30629009E-04	 1.47930314E-04	 1.27097576E-04	 1.93611009E-05	 1.09007401E-05	-2.78943857E-05	-7.16958976E-04	-7.75306239E-04	-6.94157884E-04	 2.00676727E-04	-4.65735568E-04	-4.32959435E-04	-2.99310964E-04	-6.51242373E-05	-6.39005994E-06	 4.52543851E-05
 5.520000E-01	 1.17029336E-04	 1.56530770E-04	 1.87236844E-04	 3.16415746E-05	 1.31183483E-04	 1.49704594E-04	 1.29463816E-04	 1.99086003E-05	 1.14568986E-05	-2.85464153E-05	-7.17777123E-04	-7.80666304E-04	-7.00863919E-04	 1.93264347E-04	-4.62121374E-04	-4.37036313E-04	-3.04739118E-04	-6.69296680E-05	-6.97855500E-06	 4.65897974E-05
 5.530000E-01	 1.16907693E-04	 1.57179665E-04	 1.87703357E-04	 3.52982356E-05	 1.31718391E-04	 1.51515254E-04	 1.31876619E-04	 2.04684570E-05	 1.20278557E-05	-2.92190142E-05	-7.18540320E-04	-7.86006295E-04	-7.07585068E-04	 1.85580889E-04	-4.58369346E-04	-4.41162110E-04	-3.10232417E-04	-6.87632346E-05	-7.58864685E-06	 4.79529559E-05
 5.540000E-01	 1.16772904E-04	 1.57817556E-04	 1.88189927E-04	 3.89654047E-05	 1.32230984E-04	 1.53362153E-04	 1.34336987E-04	 2.10414110E-05	 1.26142491E-05	-2.99127512E-05	-7.19247565E-04	-7.91325600E-04	-7.14324843E-04	 1.77632144E-04	-4.54479937E-04	-4.45338549E-04	-3.15792317E-04	-7.06258077E-05	-8.22064922E-06	 4.93450648E-05
 5.550000E-01	 1.16624949E-04	 1.58444599E-04	 1.88696448E-04	 4.26411546E-05	 1.32718954E-04	 1.55245173E-04	 1.36845840E-04	 2.16281770E-05	 1.32167501E-05	-3.06281846E-05	-7.19897795E-04	-7.96623307E-04	-7.21086456E-04	 1.69423341E-04	-4.50453207E-04	-4.49567262E-04	-3.21420386E-04	-7.25183614E-05	-8.87493826E-06	 5.07673454E-05
 5.560000E-01	 1.16463796E-04	 1.59060977E-04	 1.89222931E-04	 4.63232221E-05	 1.33180390E-04	 1.57164214E-04	 1.39404016E-04	 2.22294526E-05	 1.38360664E-05	-3.13658578E-05	-7.20489925E-04	-8.01898413E-04	-7.27872887E-04	 1.60959197E-04	-4.46288971E-04	-4.53849763E-04	-3.27118256E-04	-7.44419732E-05	-9.55197529E-06	 5.22210132E-05
 5.570000E-01	 1.16289392E-04	 1.59666867E-04	 1.89769464E-04	 5.00093077E-05	 1.33613625E-04	 1.59119157E-04	 1.42012293E-04	 2.28459303E-05	 1.44729464E-05	-3.21262999E-05	-7.21022856E-04	-8.07149849E-04	-7.34686929E-04	 1.52243928E-04	-4.41986845E-04	-4.58187408E-04	-3.32887591E-04	-7.63978170E-05	-1.02523162E-05	 5.37072712E-05
 5.580000E-01	 1.16101663E-04	 1.60262435E-04	 1.90336168E-04	 5.36973089E-05	 1.34017087E-04	 1.61109847E-04	 1.44671409E-04	 2.34783079E-05	 1.51281697E-05	-3.29100318E-05	-7.21495496E-04	-8.12376619E-04	-7.41531210E-04	 1.43281288E-04	-4.37546226E-04	-4.62581449E-04	-3.38730086E-04	-7.83871444E-05	-1.09765882E-05	 5.52273148E-05
 5.590000E-01	 1.15900522E-04	 1.60847841E-04	 1.90923175E-04	 5.73854688E-05	 1.34389173E-04	 1.63136081E-04	 1.47382085E-04	 2.41272919E-05	 1.58025264E-05	-3.37175768E-05	-7.21906790E-04	-8.17577946E-04	-7.48408254E-04	 1.34074636E-04	-4.32966197E-04	-4.67033119E-04	-3.44647476E-04	-8.04112489E-05	-1.17254323E-05	 5.67823596E-05
 5.600000E-01	 1.15685877E-04	 1.61423215E-04	 1.91530623E-04	 6.10724405E-05	 1.34728198E-04	 1.65197556E-04	 1.50145012E-04	 2.47935927E-05	 1.64968215E-05	-3.45494688E-05	-7.22255691E-04	-8.22753070E-04	-7.55320551E-04	 1.24626961E-04	-4.28245501E-04	-4.71543560E-04	-3.50641505E-04	-8.24714531E-05	-1.24994946E-05	 5.83736616E-05
 5.610000E-01	 1.15457619E-04	 1.61988629E-04	 1.92158664E-04	 6.47573929E-05	 1.35032372E-04	 1.67293840E-04	 1.52960847E-04	 2.54779237E-05	 1.72118770E-05	-3.54062526E-05	-7.22541155E-04	-8.27901220E-04	-7.62270583E-04	 1.14940925E-04	-4.23382565E-04	-4.76113819E-04	-3.56713920E-04	-8.45691063E-05	-1.32994243E-05	 6.00025217E-05
 5.620000E-01	 1.15215619E-04	 1.62544055E-04	 1.92807443E-04	 6.84402917E-05	 1.35299637E-04	 1.69424356E-04	 1.55830225E-04	 2.61810061E-05	 1.79485360E-05	-3.62884852E-05	-7.22762150E-04	-8.33021658E-04	-7.69260927E-04	 1.05018938E-04	-4.18375661E-04	-4.80744717E-04	-3.62866399E-04	-8.67055772E-05	-1.41258938E-05	 6.16702764E-05
 5.630000E-01	 1.14959713E-04	 1.63089299E-04	 1.93477042E-04	 7.21221633E-05	 1.35527421E-04	 1.71588361E-04	 1.58753792E-04	 2.69035834E-05	 1.87076875E-05	-3.71967340E-05	-7.22917658E-04	-8.38113564E-04	-7.76294348E-04	 9.48631406E-05	-4.13223156E-04	-4.85436645E-04	-3.69100444E-04	-8.88822677E-05	-1.49796796E-05	 6.33782618E-05
 5.640000E-01	 1.14689718E-04	 1.63624041E-04	 1.94167436E-04	 7.58049391E-05	 1.35712563E-04	 1.73784988E-04	 1.61732238E-04	 2.76464356E-05	 1.94902649E-05	-3.81315746E-05	-7.23006667E-04	-8.43176087E-04	-7.83373670E-04	 8.44753754E-05	-4.07923452E-04	-4.90189651E-04	-3.75417434E-04	-9.11006257E-05	-1.58616731E-05	 6.51277938E-05
 5.650000E-01	 1.14405444E-04	 1.64147911E-04	 1.94878505E-04	 7.94909785E-05	 1.35851486E-04	 1.76013323E-04	 1.64766291E-04	 2.84103733E-05	 2.02972360E-05	-3.90935875E-05	-7.23028155E-04	-8.48208353E-04	-7.90501630E-04	 7.38571644E-05	-4.02474803E-04	-4.95003637E-04	-3.81818738E-04	-9.33621550E-05	-1.67728529E-05	 6.69201745E-05
 5.660000E-01	 1.14106710E-04	 1.64660553E-04	 1.95610094E-04	 8.31825648E-05	 1.35940474E-04	 1.78272470E-04	 1.67856693E-04	 2.91962193E-05	 2.11295977E-05	-4.00833559E-05	-7.22981079E-04	-8.53209414E-04	-7.97680802E-04	 6.30096998E-05	-3.96875217E-04	-4.99878467E-04	-3.88305769E-04	-9.56684231E-05	-1.77142734E-05	 6.87566981E-05
 5.670000E-01	 1.13793344E-04	 1.65161686E-04	 1.96362064E-04	 8.68814591E-05	 1.35975984E-04	 1.80561608E-04	 1.71004161E-04	 3.00047844E-05	 2.19883569E-05	-4.11014651E-05	-7.22864353E-04	-8.58178274E-04	-8.04913493E-04	 5.19338855E-05	-3.91122279E-04	-5.04814120E-04	-3.94880061E-04	-9.80210473E-05	-1.86870086E-05	 7.06386759E-05
 5.680000E-01	 1.13465184E-04	 1.65651130E-04	 1.97134344E-04	 9.05887357E-05	 1.35954826E-04	 1.82880000E-04	 1.74209357E-04	 3.08368453E-05	 2.28745097E-05	-4.21485075E-05	-7.22676838E-04	-8.63113938E-04	-8.12201764E-04	 4.06303882E-05	-3.85213039E-04	-5.09810750E-04	-4.01543280E-04	-1.00421671E-04	-1.96920932E-05	 7.25674694E-05
 5.690000E-01	 1.13122080E-04	 1.66128758E-04	 1.97926946E-04	 9.43049699E-05	 1.35874147E-04	 1.85226973E-04	 1.77472887E-04	 3.16931423E-05	 2.37890549E-05	-4.32250859E-05	-7.22417373E-04	-8.68015343E-04	-8.19547606E-04	 2.90995808E-05	-3.79144189E-04	-5.14868530E-04	-4.08297143E-04	-1.02871969E-04	-2.07305586E-05	 7.45444902E-05
 5.700000E-01	 1.12763890E-04	 1.66594488E-04	 1.98739939E-04	 9.80303840E-05	 1.35731313E-04	 1.87601898E-04	 1.80795327E-04	 3.25743878E-05	 2.47329957E-05	-4.43318181E-05	-7.22084787E-04	-8.72881370E-04	-8.26952997E-04	 1.73415203E-05	-3.72912120E-04	-5.19987580E-04	-4.15143372E-04	-1.05373640E-04	-2.18034439E-05	 7.65711962E-05
 5.710000E-01	 1.12390492E-04	 1.67048291E-04	 1.99573443E-04	 1.01764776E-04	 1.35523984E-04	 1.90004177E-04	 1.84177216E-04	 3.34812725E-05	 2.57073463E-05	-4.54693353E-05	-7.21677908E-04	-8.77710782E-04	-8.34419849E-04	 5.35584108E-06	-3.66512868E-04	-5.25168037E-04	-4.22083746E-04	-1.07928427E-04	-2.29118011E-05	 7.86490939E-05
 5.720000E-01	 1.12001801E-04	 1.67490198E-04	 2.00427660E-04	 1.05507472E-04	 1.35250289E-04	 1.92433248E-04	 1.87619034E-04	 3.44144766E-05	 2.67131663E-05	-4.66382683E-05	-7.21195615E-04	-8.82502079E-04	-8.41949995E-04	-6.85842572E-06	-3.59942214E-04	-5.30410092E-04	-4.29120161E-04	-1.10538182E-04	-2.40567705E-05	 8.07797108E-05
 5.730000E-01	 1.11597742E-04	 1.67920276E-04	 2.01302859E-04	 1.09257471E-04	 1.34908776E-04	 1.94888578E-04	 1.91121191E-04	 3.53746655E-05	 2.77515538E-05	-4.78392440E-05	-7.20636802E-04	-8.87253616E-04	-8.49545125E-04	-1.93026673E-05	-3.53195720E-04	-5.35713962E-04	-4.36254596E-04	-1.13204841E-04	-2.52395747E-05	 8.29645809E-05
 5.740000E-01	 1.11178227E-04	 1.68338575E-04	 2.02199358E-04	 1.13013776E-04	 1.34498208E-04	 1.97369620E-04	 1.94684037E-04	 3.63624973E-05	 2.88236422E-05	-4.90728875E-05	-7.20000357E-04	-8.91963692E-04	-8.57206827E-04	-3.19785483E-05	-3.46268798E-04	-5.41079816E-04	-4.43489041E-04	-1.15930399E-04	-2.64615185E-05	 8.52052353E-05
 5.750000E-01	 1.10743142E-04	 1.68745091E-04	 2.03117500E-04	 1.16775766E-04	 1.34017282E-04	 1.99875783E-04	 1.98307890E-04	 3.73786378E-05	 2.99306024E-05	-5.03398263E-05	-7.19285170E-04	-8.96630602E-04	-8.64936676E-04	-4.48879251E-05	-3.39156812E-04	-5.46507694E-04	-4.50825434E-04	-1.18716899E-04	-2.77239993E-05	 8.75031946E-05
 5.760000E-01	 1.10292314E-04	 1.69139717E-04	 2.04057597E-04	 1.20543488E-04	 1.33464256E-04	 2.02406378E-04	 2.01993074E-04	 3.84237606E-05	 3.10736147E-05	-5.16407070E-05	-7.18490048E-04	-9.01252754E-04	-8.72736273E-04	-5.80325954E-05	-3.31855016E-04	-5.51997369E-04	-4.58265550E-04	-1.21566354E-04	-2.90284494E-05	 8.98599873E-05
 5.770000E-01	 1.09825524E-04	 1.69522254E-04	 2.05019927E-04	 1.24317661E-04	 1.32836820E-04	 2.04960597E-04	 2.05739943E-04	 3.94985576E-05	 3.22538639E-05	-5.29762049E-05	-7.17613710E-04	-9.05828651E-04	-8.80607296E-04	-7.14143200E-05	-3.24358504E-04	-5.57548366E-04	-4.65810999E-04	-1.24480743E-04	-3.03763116E-05	 9.22771710E-05
 5.780000E-01	 1.09342535E-04	 1.69892453E-04	 2.06004766E-04	 1.28099502E-04	 1.32132264E-04	 2.07537530E-04	 2.09548886E-04	 4.06037464E-05	 3.34725579E-05	-5.43470199E-05	-7.16654852E-04	-9.10356780E-04	-8.88551512E-04	-8.50350319E-05	-3.16662229E-04	-5.63160087E-04	-4.73463329E-04	-1.27462065E-04	-3.17690621E-05	 9.47563392E-05
 5.790000E-01	 1.08843095E-04	 1.70250016E-04	 2.07012413E-04	 1.31890652E-04	 1.31347559E-04	 2.10136187E-04	 2.13420310E-04	 4.17400620E-05	 3.47309290E-05	-5.57538737E-05	-7.15612146E-04	-9.14835600E-04	-8.96570759E-04	-9.88968341E-05	-3.08761008E-04	-5.68831834E-04	-4.81224047E-04	-1.30512342E-04	-3.32082092E-05	 9.72991250E-05
 5.800000E-01	 1.08326939E-04	 1.70594586E-04	 2.08043210E-04	 1.35693346E-04	 1.30479244E-04	 2.12755519E-04	 2.17354669E-04	 4.29082715E-05	 3.60302541E-05	-5.71975053E-05	-7.14484319E-04	-9.19263605E-04	-9.04667121E-04	-1.13002066E-04	-3.00649733E-04	-5.74562725E-04	-4.89094576E-04	-1.33633646E-04	-3.46953564E-05	 9.99071732E-05
 5.810000E-01	 1.07793819E-04	 1.70925751E-04	 2.09097554E-04	 1.39510458E-04	 1.29523370E-04	 2.15394465E-04	 2.21352499E-04	 4.41091963E-05	 3.73718818E-05	-5.86786637E-05	-7.13270255E-04	-9.23639356E-04	-9.12843037E-04	-1.27353440E-04	-2.92323580E-04	-5.80351692E-04	-4.97076248E-04	-1.36828140E-04	-3.62322805E-05	 1.02582100E-04
 5.820000E-01	 1.07243482E-04	 1.71243072E-04	 2.10175851E-04	 1.43345130E-04	 1.28475599E-04	 2.18051950E-04	 2.25414374E-04	 4.53436814E-05	 3.87571964E-05	-6.01981155E-05	-7.11968871E-04	-9.27961429E-04	-9.21101029E-04	-1.41953857E-04	-2.83777697E-04	-5.86197543E-04	-5.05170320E-04	-1.40098005E-04	-3.78208476E-05	 1.05325514E-04
 5.830000E-01	 1.06675686E-04	 1.71546129E-04	 2.11278512E-04	 1.47200297E-04	 1.27331537E-04	 2.20726933E-04	 2.29540861E-04	 4.66125757E-05	 4.01876105E-05	-6.17566428E-05	-7.10579087E-04	-9.32228354E-04	-9.29443566E-04	-1.56806452E-04	-2.75007031E-04	-5.92099073E-04	-5.13378035E-04	-1.43445443E-04	-3.94629858E-05	 1.08139035E-04
 5.840000E-01	 1.06090210E-04	 1.71834583E-04	 2.12405957E-04	 1.51078126E-04	 1.26087239E-04	 2.23418426E-04	 2.33732446E-04	 4.79167013E-05	 4.16645526E-05	-6.33550385E-05	-7.09099781E-04	-9.36438491E-04	-9.37872856E-04	-1.71914662E-04	-2.66006054E-04	-5.98055249E-04	-5.21700738E-04	-1.46872681E-04	-4.11606362E-05	 1.11024319E-04
 5.850000E-01	 1.05486823E-04	 1.72108179E-04	 2.13558583E-04	 1.54979632E-04	 1.24739580E-04	 2.26125466E-04	 2.37989430E-04	 4.92567950E-05	 4.31894245E-05	-6.49941122E-05	-7.07529581E-04	-9.40589867E-04	-9.46390522E-04	-1.87282065E-04	-2.56768311E-04	-6.04065272E-04	-5.30139927E-04	-1.50381919E-04	-4.29156272E-05	 1.13983122E-04
 5.860000E-01	 1.04865295E-04	 1.72366720E-04	 2.14736805E-04	 1.58905027E-04	 1.23286226E-04	 2.28847137E-04	 2.42311971E-04	 5.06335341E-05	 4.47636361E-05	-6.66746804E-05	-7.05866986E-04	-9.44680268E-04	-9.54997897E-04	-2.02912574E-04	-2.47286725E-04	-6.10128501E-04	-5.38697244E-04	-1.53975412E-04	-4.47297675E-05	 1.17017280E-04
 5.870000E-01	 1.04225396E-04	 1.72610031E-04	 2.15941058E-04	 1.62854207E-04	 1.21725291E-04	 2.31582553E-04	 2.46700159E-04	 5.20475692E-05	 4.63886259E-05	-6.83975688E-05	-7.04110441E-04	-9.48707363E-04	-9.63696292E-04	-2.18810465E-04	-2.37553883E-04	-6.16244295E-04	-5.47374368E-04	-1.57655484E-04	-4.66049161E-05	 1.20128676E-04
 5.880000E-01	 1.03566895E-04	 1.72837942E-04	 2.17171788E-04	 1.66826946E-04	 1.20055143E-04	 2.34330822E-04	 2.51154053E-04	 5.34995464E-05	 4.80658678E-05	-7.01636162E-05	-7.02258360E-04	-9.52668720E-04	-9.72487036E-04	-2.34980391E-04	-2.27562122E-04	-6.22411988E-04	-5.56172995E-04	-1.61424532E-04	-4.85429979E-05	 1.23319232E-04
 5.890000E-01	 1.02889613E-04	 1.73050331E-04	 2.18429512E-04	 1.70823034E-04	 1.18274468E-04	 2.37091100E-04	 2.55673727E-04	 5.49901516E-05	 4.97969161E-05	-7.19736591E-05	-7.00309349E-04	-9.56561919E-04	-9.81371637E-04	-2.51427689E-04	-2.17303857E-04	-6.28631090E-04	-5.65094950E-04	-1.65285118E-04	-5.05461044E-05	 1.26590866E-04
 5.900000E-01	 1.02193406E-04	 1.73247107E-04	 2.19714806E-04	 1.74842335E-04	 1.16382197E-04	 2.39862581E-04	 2.60259237E-04	 5.65200937E-05	 5.15833894E-05	-7.38285368E-05	-6.98262200E-04	-9.60384558E-04	-9.90351694E-04	-2.68158218E-04	-2.06771524E-04	-6.34901274E-04	-5.74142140E-04	-1.69239915E-04	-5.26164596E-05	 1.29945497E-04
 5.910000E-01	 1.01478128E-04	 1.73428147E-04	 2.21028280E-04	 1.78884947E-04	 1.14377263E-04	 2.42644447E-04	 2.64910592E-04	 5.80900735E-05	 5.34269344E-05	-7.57291063E-05	-6.96115757E-04	-9.64134205E-04	-9.99428766E-04	-2.85178048E-04	-1.95957386E-04	-6.41222242E-04	-5.83316461E-04	-1.73291617E-04	-5.47563421E-05	 1.33385068E-04
 5.920000E-01	 1.00743605E-04	 1.73593251E-04	 2.22370586E-04	 1.82951603E-04	 1.12258173E-04	 2.45435873E-04	 2.69627802E-04	 5.97007951E-05	 5.53292233E-05	-7.76762505E-05	-6.93868910E-04	-9.67808465E-04	-1.00860448E-03	-3.02493335E-04	-1.84853640E-04	-6.47593601E-04	-5.92619702E-04	-1.77442914E-04	-5.69680961E-05	 1.36911541E-04
 5.930000E-01	 9.99895750E-05	 1.73742044E-04	 2.23742365E-04	 1.87044026E-04	 1.10022317E-04	 2.48235959E-04	 2.74410937E-04	 6.13529524E-05	 5.72919172E-05	-7.96709087E-05	-6.91520396E-04	-9.71404954E-04	-1.01788054E-03	-3.20109854E-04	-1.73452356E-04	-6.54014465E-04	-6.02053290E-04	-1.81696365E-04	-5.92540745E-05	 1.40526916E-04
 5.940000E-01	 9.92156623E-05	 1.73873967E-04	 2.25144231E-04	 1.91164871E-04	 1.07665708E-04	 2.51043656E-04	 2.79260171E-04	 6.30472476E-05	 5.93166627E-05	-8.17140899E-05	-6.89068659E-04	-9.74921225E-04	-1.02725878E-03	-3.38032923E-04	-1.61745396E-04	-6.60483325E-04	-6.11618219E-04	-1.86054369E-04	-6.16166250E-05	 1.44233247E-04
 5.950000E-01	 9.84214508E-05	 1.73988396E-04	 2.26576847E-04	 1.95317334E-04	 1.05183484E-04	 2.53857828E-04	 2.84175801E-04	 6.47844487E-05	 6.14051554E-05	-8.38068427E-05	-6.86512041E-04	-9.78354781E-04	-1.03674121E-03	-3.56268008E-04	-1.49724559E-04	-6.66998438E-04	-6.21315331E-04	-1.90519347E-04	-6.40581928E-05	 1.48032612E-04
 5.960000E-01	 9.76065032E-05	 1.74084692E-04	 2.28040928E-04	 1.99504741E-04	 1.02570382E-04	 2.56677274E-04	 2.89158179E-04	 6.65653706E-05	 6.35591472E-05	-8.59502415E-05	-6.83848790E-04	-9.81702998E-04	-1.04632989E-03	-3.74820927E-04	-1.37381407E-04	-6.73558001E-04	-6.31145443E-04	-1.95093785E-04	-6.65813125E-05	 1.51927128E-04
 5.970000E-01	 9.67704019E-05	 1.74162250E-04	 2.29537283E-04	 2.03730416E-04	 9.98211155E-05	 2.59500802E-04	 2.94207692E-04	 6.83908868E-05	 6.57804769E-05	-8.81453633E-05	-6.81077221E-04	-9.84963228E-04	-1.05602708E-03	-3.93698181E-04	-1.24707343E-04	-6.80160327E-04	-6.41109478E-04	-1.99780322E-04	-6.91886732E-05	 1.55918919E-04
 5.980000E-01	 9.59128082E-05	 1.74220562E-04	 2.31066873E-04	 2.07997688E-04	 9.69306467E-05	 2.62327345E-04	 2.99324759E-04	 7.02619531E-05	 6.80711027E-05	-9.03932645E-05	-6.78195995E-04	-9.88133010E-04	-1.06583542E-03	-4.12907289E-04	-1.11693826E-04	-6.86804082E-04	-6.51208569E-04	-2.04581847E-04	-7.18831996E-05	 1.60010067E-04
 5.990000E-01	 9.50334079E-05	 1.74259145E-04	 2.32630697E-04	 2.12309707E-04	 9.38941242E-05	 2.65155892E-04	 3.04509736E-04	 7.21795138E-05	 7.04330241E-05	-9.26950134E-05	-6.75203874E-04	-9.91209872E-04	-1.07575761E-03	-4.32456212E-04	-9.83319235E-05	-6.93488099E-04	-6.61443881E-04	-2.09501279E-04	-7.46678798E-05	 1.64202672E-04
 6.000000E-01	 9.41319104E-05	 1.74277554E-04	 2.34229758E-04	 2.16669230E-04	 9.07070782E-05	 2.67985463E-04	 3.09762877E-04	 7.41444851E-05	 7.28682690E-05	-9.50516974E-05	-6.72099681E-04	-9.94191285E-04	-1.08579629E-03	-4.52353276E-04	-8.46121991E-05	-7.00211399E-04	-6.71816579E-04	-2.14541530E-04	-7.75457305E-05	 1.68498865E-04
 6.010000E-01	 9.32080444E-05	 1.74275392E-04	 2.35865004E-04	 2.21078222E-04	 8.73658911E-05	 2.70815031E-04	 3.15084225E-04	 7.61577169E-05	 7.53788750E-05	-9.74644249E-05	-6.68882170E-04	-9.97074448E-04	-1.09595383E-03	-4.72607218E-04	-7.05243585E-05	-7.06973329E-04	-6.82327913E-04	-2.19705479E-04	-8.05197186E-05	 1.72900862E-04
 6.020000E-01	 9.22614918E-05	 1.74252240E-04	 2.37537228E-04	 2.25537643E-04	 8.38679771E-05	 2.73643386E-04	 3.20473481E-04	 7.82198984E-05	 7.79668309E-05	-9.99343523E-05	-6.65549653E-04	-9.99855854E-04	-1.10623176E-03	-4.93226997E-04	-5.60565744E-05	-7.13773374E-04	-6.92979186E-04	-2.24995850E-04	-8.35926040E-05	 1.77411077E-04
 6.030000E-01	 9.12919252E-05	 1.74207672E-04	 2.39247151E-04	 2.30048026E-04	 8.02116083E-05	 2.76469255E-04	 3.25930147E-04	 8.03316387E-05	 8.06341381E-05	-1.02462670E-04	-6.62100248E-04	-1.00253162E-03	-1.11663135E-03	-5.14222336E-04	-4.11959766E-05	-7.20611130E-04	-7.03771867E-04	-2.30415421E-04	-8.67671182E-05	 1.82032095E-04
 6.040000E-01	 9.02990061E-05	 1.74141229E-04	 2.40995474E-04	 2.34610047E-04	 7.63953446E-05	 2.79291349E-04	 3.31453671E-04	 8.24935144E-05	 8.33828321E-05	-1.05050607E-04	-6.58531984E-04	-1.00509768E-03	-1.12715390E-03	-5.35603809E-04	-2.59289622E-05	-7.27486131E-04	-7.14707498E-04	-2.35967053E-04	-9.00460556E-05	 1.86766638E-04
 6.050000E-01	 8.92823806E-05	 1.74052400E-04	 2.42782921E-04	 2.39224873E-04	 7.24175356E-05	 2.82108405E-04	 3.37043552E-04	 8.47061167E-05	 8.62149973E-05	-1.07699437E-04	-6.54842861E-04	-1.00754990E-03	-1.13780088E-03	-5.57382848E-04	-1.02413999E-05	-7.34397826E-04	-7.25787661E-04	-2.41653708E-04	-9.34323266E-05	 1.91617529E-04
 6.060000E-01	 8.82417162E-05	 1.73940685E-04	 2.44610376E-04	 2.43894424E-04	 6.82761180E-05	 2.84919436E-04	 3.42699497E-04	 8.69701934E-05	 8.91328522E-05	-1.10410402E-04	-6.51031180E-04	-1.00988454E-03	-1.14857444E-03	-5.79571960E-04	 5.88074605E-06	-7.41346186E-04	-7.37014147E-04	-2.47478668E-04	-9.69291596E-05	 1.96587491E-04
 6.070000E-01	 8.71766343E-05	 1.73805497E-04	 2.46478827E-04	 2.48621267E-04	 6.39683035E-05	 2.87723783E-04	 3.48421327E-04	 8.92866188E-05	 9.21387771E-05	-1.13184654E-04	-6.47095290E-04	-1.01209785E-03	-1.15947696E-03	-6.02184209E-04	 2.24516965E-05	-7.48332044E-04	-7.48388778E-04	-2.53445423E-04	-1.00540133E-04	 2.01678948E-04
 6.080000E-01	 8.60866657E-05	 1.73646100E-04	 2.48389366E-04	 2.53408691E-04	 5.94902152E-05	 2.90521186E-04	 3.54208921E-04	 9.16563567E-05	 9.52353081E-05	-1.16023235E-04	-6.43033413E-04	-1.01418584E-03	-1.17051092E-03	-6.25233014E-04	 3.94862501E-05	-7.55357279E-04	-7.59913334E-04	-2.59557600E-04	-1.04269143E-04	 2.06893973E-04
 6.090000E-01	 8.49712281E-05	 1.73461561E-04	 2.50343226E-04	 2.58261064E-04	 5.48362298E-05	 2.93311892E-04	 3.60062304E-04	 9.40804487E-05	 9.84251179E-05	-1.18927090E-04	-6.38843609E-04	-1.01614430E-03	-1.18167903E-03	-6.48732027E-04	 5.69999311E-05	-7.62424669E-04	-7.71589411E-04	-2.65818904E-04	-1.08120397E-04	 2.12234276E-04
 6.100000E-01	 8.38296273E-05	 1.73250714E-04	 2.52341726E-04	 2.63184001E-04	 4.99983346E-05	 2.96096334E-04	 3.65981656E-04	 9.65598679E-05	 1.01710888E-04	-1.21897247E-04	-6.34523635E-04	-1.01796859E-03	-1.19298414E-03	-6.72695032E-04	 7.50095823E-05	-7.69536753E-04	-7.83417990E-04	-2.72232733E-04	-1.12098161E-04	 2.17701558E-04
 6.110000E-01	 8.26611760E-05	 1.73012353E-04	 2.54386332E-04	 2.68184096E-04	 4.49665858E-05	 2.98874719E-04	 3.71967387E-04	 9.90954875E-05	 1.05095142E-04	-1.24935041E-04	-6.30071243E-04	-1.01965402E-03	-1.20442951E-03	-6.97136916E-04	 9.35338120E-05	-7.76694985E-04	-7.95399668E-04	-2.78802071E-04	-1.16206382E-04	 2.23298116E-04
 6.120000E-01	 8.14652883E-05	 1.72745401E-04	 2.56478663E-04	 2.73268239E-04	 3.97303418E-05	 3.01646754E-04	 3.78020062E-04	 1.01688094E-04	 1.08580200E-04	-1.28042191E-04	-6.25484412E-04	-1.02119603E-03	-1.21601870E-03	-7.22074605E-04	 1.12593319E-04	-7.83899736E-04	-8.07535085E-04	-2.85529571E-04	-1.20448524E-04	 2.29027148E-04
 6.130000E-01	 8.02415215E-05	 1.72448975E-04	 2.58620375E-04	 2.78442857E-04	 3.42796914E-05	 3.04411454E-04	 3.84140187E-04	 1.04338356E-04	 1.12168201E-04	-1.31220777E-04	-6.20761371E-04	-1.02259004E-03	-1.22775539E-03	-7.47527633E-04	 1.32211288E-04	-7.91150631E-04	-8.19825200E-04	-2.92417615E-04	-1.24827550E-04	 2.34892800E-04
 6.140000E-01	 7.89895806E-05	 1.72122415E-04	 2.60813081E-04	 2.83713276E-04	 2.86068916E-05	 3.07167326E-04	 3.90328001E-04	 1.07046913E-04	 1.15861287E-04	-1.34473003E-04	-6.15900627E-04	-1.02383142E-03	-1.23964320E-03	-7.73518363E-04	 1.52413207E-04	-7.98447903E-04	-8.32271671E-04	-2.99468659E-04	-1.29346243E-04	 2.40899705E-04
 6.150000E-01	 7.77092221E-05	 1.71765149E-04	 2.63058166E-04	 2.89083125E-04	 2.27073061E-05	 3.09912746E-04	 3.96583229E-04	 1.09814431E-04	 1.19661841E-04	-1.37800870E-04	-6.10900663E-04	-1.02491516E-03	-1.25168556E-03	-8.00070898E-04	 1.73226365E-04	-8.05793927E-04	-8.44876724E-04	-3.06685437E-04	-1.34007682E-04	 2.47052179E-04
 6.160000E-01	 7.64002024E-05	 1.71376609E-04	 2.65356558E-04	 2.94553744E-04	 1.65803753E-05	 3.12645910E-04	 4.02904851E-04	 1.12641572E-04	 1.23572592E-04	-1.41206031E-04	-6.05759715E-04	-1.02583575E-03	-1.26388572E-03	-8.27209627E-04	 1.94678988E-04	-8.13193568E-04	-8.57642686E-04	-3.14070904E-04	-1.38815456E-04	 2.53353826E-04
 6.170000E-01	 7.50623168E-05	 1.70956288E-04	 2.67708528E-04	 3.00123291E-04	 1.02314255E-05	 3.15364394E-04	 4.09290822E-04	 1.15528986E-04	 1.27596647E-04	-1.44689758E-04	-6.00475776E-04	-1.02658724E-03	-1.27624662E-03	-8.54957968E-04	 2.16798541E-04	-8.20653930E-04	-8.70571678E-04	-3.21628203E-04	-1.43773678E-04	 2.59807478E-04
 6.180000E-01	 7.36954579E-05	 1.70503804E-04	 2.70113396E-04	 3.05785731E-04	 3.67416022E-06	 3.18064367E-04	 4.15737680E-04	 1.18477214E-04	 1.31737422E-04	-1.48253035E-04	-5.95046635E-04	-1.02716330E-03	-1.28877052E-03	-8.83336823E-04	 2.39609056E-04	-8.28183097E-04	-8.83665209E-04	-3.29360537E-04	-1.48886808E-04	 2.66415540E-04
 6.190000E-01	 7.22997308E-05	 1.70018995E-04	 2.72569194E-04	 3.11530123E-04	-3.06652300E-06	 3.20739585E-04	 4.22240163E-04	 1.21486567E-04	 1.35998576E-04	-1.51896710E-04	-5.89470120E-04	-1.02755763E-03	-1.30145848E-03	-9.12362537E-04	 2.63126325E-04	-8.35787550E-04	-8.96923589E-04	-3.37271113E-04	-1.54159543E-04	 2.73180460E-04
 6.200000E-01	 7.08755619E-05	 1.69501971E-04	 2.75072286E-04	 3.17340027E-04	-9.95163504E-06	 3.23380518E-04	 4.28790825E-04	 1.24557045E-04	 1.40384040E-04	-1.55621506E-04	-5.83744427E-04	-1.02776436E-03	-1.31430976E-03	-9.42043370E-04	 2.87350260E-04	-8.43469116E-04	-9.10344924E-04	-3.45363185E-04	-1.59596985E-04	 2.80104813E-04
 6.210000E-01	 6.94237564E-05	 1.68953106E-04	 2.77616940E-04	 3.23192878E-04	-1.69252976E-05	 3.25973551E-04	 4.35379617E-04	 1.27688255E-04	 1.44898067E-04	-1.59427976E-04	-5.77868404E-04	-1.02777860E-03	-1.32732084E-03	-9.72374226E-04	 3.12254529E-04	-8.51221203E-04	-9.23923564E-04	-3.53640086E-04	-1.65204938E-04	 2.87191163E-04
 6.220000E-01	 6.79455562E-05	 1.68373031E-04	 2.80194937E-04	 3.29059480E-04	-2.39121842E-05	 3.28500240E-04	 4.41993515E-04	 1.30879335E-04	 1.49545262E-04	-1.63316434E-04	-5.71841910E-04	-1.02759707E-03	-1.34048434E-03	-1.00333012E-03	 3.37773678E-04	-8.59024140E-04	-9.37648179E-04	-3.62105261E-04	-1.70990206E-04	 2.94441780E-04
 6.230000E-01	 6.64426928E-05	 1.67762608E-04	 2.82795233E-04	 3.34903770E-04	-3.08154962E-05	 3.30936765E-04	 4.48616182E-04	 1.34128861E-04	 1.54330561E-04	-1.67286892E-04	-5.65666277E-04	-1.02721863E-03	-1.35378748E-03	-1.03485948E-03	 3.63788851E-04	-8.66840184E-04	-9.51499638E-04	-3.70762256E-04	-1.76960833E-04	 3.01858348E-04
 6.240000E-01	 6.49173995E-05	 1.67122837E-04	 2.85403767E-04	 3.40683389E-04	-3.75163357E-05	 3.33253832E-04	 4.55227814E-04	 1.37434751E-04	 1.59259189E-04	-1.71339047E-04	-5.59344724E-04	-1.02664456E-03	-1.36721034E-03	-1.06687860E-03	 3.90113767E-04	-8.74608225E-04	-9.65449031E-04	-3.79614808E-04	-1.83126375E-04	 3.09441789E-04
 6.250000E-01	 6.33723629E-05	 1.66454676E-04	 2.88003472E-04	 3.46351397E-04	-4.38754326E-05	 3.35417217E-04	 4.61805414E-04	 1.40794195E-04	 1.64336565E-04	-1.75472306E-04	-5.52882612E-04	-1.02587887E-03	-1.38072439E-03	-1.09926764E-03	 4.16482811E-04	-8.82238330E-04	-9.79456063E-04	-3.88667036E-04	-1.89498199E-04	 3.17192109E-04
 6.260000E-01	 6.18106332E-05	 1.65758824E-04	 2.90574521E-04	 3.51858837E-04	-4.97373210E-05	 3.37388965E-04	 4.68323531E-04	 1.44203684E-04	 1.69568274E-04	-1.79685827E-04	-5.46287576E-04	-1.02492830E-03	-1.39429170E-03	-1.13186947E-03	 4.42543558E-04	-8.89607336E-04	-9.93467912E-04	-3.97923695E-04	-1.96089973E-04	 3.25108168E-04
 6.270000E-01	 6.02354555E-05	 1.65035504E-04	 2.93094881E-04	 3.57157565E-04	-5.49366865E-05	 3.39128995E-04	 4.74755420E-04	 1.47659186E-04	 1.74960008E-04	-1.83978579E-04	-5.39569217E-04	-1.02380200E-03	-1.40786487E-03	-1.16449233E-03	 4.67857115E-04	-8.96556934E-04	-1.00741941E-03	-4.07390484E-04	-2.02917972E-04	 3.33187497E-04
 6.280000E-01	 5.86500763E-05	 1.64284324E-04	 2.95541161E-04	 3.62203081E-04	-5.93063971E-05	 3.40596994E-04	 4.81074500E-04	 1.51156377E-04	 1.80517382E-04	-1.88349475E-04	-5.32738538E-04	-1.02251088E-03	-1.42138773E-03	-1.19691678E-03	 4.91908611E-04	-9.02895442E-04	-1.02123490E-03	-4.17074175E-04	-2.10000827E-04	 3.41426352E-04
 6.290000E-01	 5.70575908E-05	 1.63504243E-04	 2.97889692E-04	 3.66957218E-04	-6.26865015E-05	 3.41754578E-04	 4.87255986E-04	 1.54690894E-04	 1.86245720E-04	-1.92797568E-04	-5.25807425E-04	-1.02106667E-03	-1.43479716E-03	-1.22890732E-03	 5.14128389E-04	-9.08404155E-04	-1.03483172E-03	-4.26982490E-04	-2.17358862E-04	 3.49820000E-04
 6.300000E-01	 5.54607768E-05	 1.62693601E-04	 3.00117759E-04	 3.71390455E-04	-6.49336357E-05	 3.42567494E-04	 4.93278530E-04	 1.58258554E-04	 1.92149699E-04	-1.97322319E-04	-5.18787904E-04	-1.01948086E-03	-1.44802572E-03	-1.26022710E-03	 5.33923426E-04	-9.12847779E-04	-1.04812537E-03	-4.37123733E-04	-2.25012749E-04	 3.58363361E-04
 6.310000E-01	 5.38620158E-05	 1.61850252E-04	 3.02204792E-04	 3.75483736E-04	-6.59297389E-05	 3.43007765E-04	 4.99125817E-04	 1.61855519E-04	 1.98233022E-04	-2.01923913E-04	-5.11691658E-04	-1.01776389E-03	-1.46100550E-03	-1.29065413E-03	 5.50715254E-04	-9.15988170E-04	-1.06103558E-03	-4.47506140E-04	-2.32981972E-04	 3.67051846E-04
 6.320000E-01	 5.22632715E-05	 1.60971775E-04	 3.04133371E-04	 3.79229293E-04	-6.55888323E-05	 3.43055298E-04	 5.04787899E-04	 1.65478530E-04	 2.04498315E-04	-2.06603499E-04	-5.04529596E-04	-1.01592461E-03	-1.47367249E-03	-1.31999713E-03	 5.63980108E-04	-9.17600318E-04	-1.07349229E-03	-4.58137114E-04	-2.41283545E-04	 3.75882070E-04
 6.330000E-01	 5.06660516E-05	 1.60055719E-04	 3.05890015E-04	 3.82630147E-04	-6.38611301E-05	 3.42698488E-04	 5.10262013E-04	 1.69125231E-04	 2.10947129E-04	-2.11363338E-04	-4.97311155E-04	-1.01396971E-03	-1.48597092E-03	-1.34810918E-03	 5.73287178E-04	-9.17488956E-04	-1.08544158E-03	-4.69022498E-04	-2.49930797E-04	 3.84852487E-04
 6.340000E-01	 4.90714324E-05	 1.59099883E-04	 3.07465697E-04	 3.85698840E-04	-6.07342090E-05	 3.41934239E-04	 5.15552812E-04	 1.72794499E-04	 2.17580216E-04	-2.16206768E-04	-4.90043886E-04	-1.01190332E-03	-1.49785660E-03	-1.37489766E-03	 5.78329089E-04	-9.15504117E-04	-1.09685039E-03	-4.80166066E-04	-2.58932728E-04	 3.93963716E-04
 6.350000E-01	 4.74800191E-05	 1.58102454E-04	 3.08856011E-04	 3.88455686E-04	-5.62318497E-05	 3.40767490E-04	 5.20672000E-04	 1.76486665E-04	 2.24397825E-04	-2.21138057E-04	-4.82732836E-04	-1.00972662E-03	-1.50929925E-03	-1.40032845E-03	 5.78941155E-04	-9.11552665E-04	-1.10770940E-03	-4.91569219E-04	-2.68293720E-04	 4.03218631E-04
 6.360000E-01	 4.58919112E-05	 1.57062061E-04	 3.10061023E-04	 3.90926861E-04	-5.04108668E-05	 3.39210428E-04	 5.25637482E-04	 1.80203492E-04	 2.31399885E-04	-2.26162264E-04	-4.75380123E-04	-1.00743783E-03	-1.52028333E-03	-1.42442405E-03	 5.75106984E-04	-9.05604094E-04	-1.11803364E-03	-5.03230727E-04	-2.78013386E-04	 4.12622400E-04
 6.370000E-01	 4.43067664E-05	 1.55977812E-04	 3.11084778E-04	 3.93142569E-04	-4.33560351E-05	 3.37281528E-04	 5.30472204E-04	 1.83947988E-04	 2.38586207E-04	-2.31285080E-04	-4.67985125E-04	-1.00503262E-03	-1.53080772E-03	-1.44725682E-03	 5.66949638E-04	-8.97690543E-04	-1.12786051E-03	-5.15146558E-04	-2.88086924E-04	 4.22182335E-04
 6.380000E-01	 4.27238532E-05	 1.54849257E-04	 3.11934572E-04	 3.95135032E-04	-3.51737888E-05	 3.35003999E-04	 5.35202729E-04	 1.87724074E-04	 2.45956511E-04	-2.36512763E-04	-4.60544697E-04	-1.00250466E-03	-1.54088389E-03	-1.46893816E-03	 5.54711323E-04	-8.87900757E-04	-1.13724562E-03	-5.27309655E-04	-2.98505485E-04	 4.31907792E-04
 6.390000E-01	 4.11422204E-05	 1.53676451E-04	 3.12620190E-04	 3.96936776E-04	-2.59851940E-05	 3.32404229E-04	 5.39857742E-04	 1.91536274E-04	 2.53510534E-04	-2.41852044E-04	-4.53054099E-04	-9.99846480E-04	-1.55053302E-03	-1.48960589E-03	 5.38723708E-04	-8.76369572E-04	-1.14625783E-03	-5.39710259E-04	-3.09256996E-04	 4.41809986E-04
 6.400000E-01	 3.95608611E-05	 1.52459967E-04	 3.13153187E-04	 3.98579444E-04	-1.59192856E-05	 3.29510666E-04	 5.44466613E-04	 1.95389439E-04	 2.61248219E-04	-2.47309936E-04	-4.45508031E-04	-9.97050392E-04	-1.55978246E-03	-1.50941112E-03	 5.19373477E-04	-8.63264068E-04	-1.15497384E-03	-5.52336955E-04	-3.20327519E-04	 4.51901595E-04
 6.410000E-01	 3.79787843E-05	 1.51200778E-04	 3.13546142E-04	 4.00093050E-04	-5.10729214E-06	 3.26353027E-04	 5.49058103E-04	 1.99288433E-04	 2.69169841E-04	-2.52893534E-04	-4.37901261E-04	-9.94109005E-04	-1.56866231E-03	-1.52850597E-03	 4.97068674E-04	-8.48768097E-04	-1.16347285E-03	-5.65177896E-04	-3.31702676E-04	 4.62196277E-04
 6.420000E-01	 3.63951182E-05	 1.49900157E-04	 3.13811974E-04	 4.01505600E-04	 6.32261396E-06	 3.22961777E-04	 5.53659397E-04	 2.03237976E-04	 2.77276307E-04	-2.58609725E-04	-4.30229366E-04	-9.91015906E-04	-1.57720277E-03	-1.54703437E-03	 4.72208797E-04	-8.33068162E-04	-1.17183184E-03	-5.78222226E-04	-3.43369412E-04	 4.72707889E-04
 6.430000E-01	 3.48090740E-05	 1.48559458E-04	 3.13963253E-04	 4.02842547E-04	 1.82495585E-05	 3.19367172E-04	 5.58295262E-04	 2.07242532E-04	 2.85569311E-04	-2.64464983E-04	-4.22488625E-04	-9.87765544E-04	-1.58543196E-03	-1.56512519E-03	 4.45162949E-04	-8.16341235E-04	-1.18012183E-03	-5.91461095E-04	-3.55317184E-04	 4.83449863E-04
 6.440000E-01	 3.32199152E-05	 1.47179952E-04	 3.14011631E-04	 4.04126246E-04	 3.05632869E-05	 3.15598007E-04	 5.62987440E-04	 2.11306235E-04	 2.94051370E-04	-2.70465291E-04	-4.14675815E-04	-9.84352996E-04	-1.59337448E-03	-1.58288849E-03	 4.16256170E-04	-7.98745810E-04	-1.18840536E-03	-6.04888203E-04	-3.67538537E-04	 4.94434893E-04
 6.450000E-01	 3.16269774E-05	 1.45762774E-04	 3.13967520E-04	 4.05375679E-04	 4.31663086E-05	 3.11680582E-04	 5.67754317E-04	 2.15432910E-04	 3.02725833E-04	-2.76616116E-04	-4.06788227E-04	-9.80773847E-04	-1.60105044E-03	-1.60041441E-03	 3.85762763E-04	-7.80416406E-04	-1.19673555E-03	-6.18500220E-04	-3.80029344E-04	 5.05674818E-04
 6.460000E-01	 3.00296214E-05	 1.44308820E-04	 3.13839867E-04	 4.06606362E-04	 5.59745625E-05	 3.07637884E-04	 5.72610685E-04	 2.19625939E-04	 3.11596617E-04	-2.82922542E-04	-3.98823323E-04	-9.77023720E-04	-1.60847484E-03	-1.61777340E-03	 3.53906557E-04	-7.61460572E-04	-1.20515602E-03	-6.32296720E-04	-3.92788306E-04	 5.17180973E-04
 6.470000E-01	 2.84273430E-05	 1.42818835E-04	 3.13636127E-04	 4.07830702E-04	 6.89178284E-05	 3.03489295E-04	 5.77567938E-04	 2.23888264E-04	 3.20668139E-04	-2.89389359E-04	-3.90779179E-04	-9.73098672E-04	-1.61565810E-03	-1.63501911E-03	 3.20864559E-04	-7.41960116E-04	-1.21370166E-03	-6.46279845E-04	-4.05816682E-04	 5.28964346E-04
 6.480000E-01	 2.68198342E-05	 1.41293467E-04	 3.13362275E-04	 4.09058325E-04	 8.19396558E-05	 2.99250240E-04	 5.82634375E-04	 2.28222482E-04	 3.29945329E-04	-2.96021104E-04	-3.82654691E-04	-9.68995423E-04	-1.62260696E-03	-1.65219187E-03	 2.86773294E-04	-7.21974421E-04	-1.22239956E-03	-6.60453781E-04	-4.19118022E-04	 5.41035610E-04
 6.490000E-01	 2.52069917E-05	 1.39733294E-04	 3.13022902E-04	 4.10296379E-04	 9.49966734E-05	 2.94931874E-04	 5.87815541E-04	 2.32631000E-04	 3.39433663E-04	-3.02822096E-04	-3.74449546E-04	-9.64711373E-04	-1.62932542E-03	-1.66932204E-03	 2.51736103E-04	-7.01544420E-04	-1.23127029E-03	-6.74824292E-04	-4.32697870E-04	 5.53405122E-04
 6.500000E-01	 2.35889621E-05	 1.38138929E-04	 3.12621466E-04	 4.11550046E-04	 1.08057526E-04	 2.90541304E-04	 5.93114773E-04	 2.37116323E-04	 3.49139392E-04	-3.09796300E-04	-3.66164484E-04	-9.60244924E-04	-1.63581591E-03	-1.68643344E-03	 2.15829303E-04	-6.80697242E-04	-1.24032934E-03	-6.89398650E-04	-4.46563930E-04	 5.66082570E-04
 6.510000E-01	 2.19659918E-05	 1.36510881E-04	 3.12160391E-04	 4.12822792E-04	 1.21100777E-04	 2.86081749E-04	 5.98533443E-04	 2.41681081E-04	 3.59069453E-04	-3.16947366E-04	-3.57800556E-04	-9.55594716E-04	-1.64207942E-03	-1.70354477E-03	 1.79109049E-04	-6.59448960E-04	-1.24958821E-03	-7.04185359E-04	-4.60725652E-04	 5.79077010E-04
 6.520000E-01	 2.03383564E-05	 1.34849499E-04	 3.11641207E-04	 4.14116748E-04	 1.34112974E-04	 2.81553010E-04	 6.04071283E-04	 2.46328005E-04	 3.69231357E-04	-3.24278677E-04	-3.49358802E-04	-9.50759285E-04	-1.64811580E-03	-1.72067096E-03	 1.41616793E-04	-6.37807167E-04	-1.25905527E-03	-7.19193863E-04	-4.75193867E-04	 5.92396956E-04
 6.530000E-01	 1.87063126E-05	 1.33154918E-04	 3.11064602E-04	 4.15432969E-04	 1.47087156E-04	 2.76951617E-04	 6.09726668E-04	 2.51059868E-04	 3.79633054E-04	-3.31793466E-04	-3.40839974E-04	-9.45736805E-04	-1.65392400E-03	-1.73782434E-03	 1.03383936E-04	-6.15773361E-04	-1.26873609E-03	-7.34433910E-04	-4.89980346E-04	 6.06050533E-04
 6.540000E-01	 1.70700319E-05	 1.31427004E-04	 3.10430465E-04	 4.16771476E-04	 1.60021290E-04	 2.72270673E-04	 6.15496724E-04	 2.55879334E-04	 3.90282659E-04	-3.39495062E-04	-3.32244140E-04	-9.40524628E-04	-1.65950190E-03	-1.75501502E-03	 6.44358029E-05	-5.93344154E-04	-1.27863352E-03	-7.49914734E-04	-5.05097046E-04	 6.20045960E-04
 6.550000E-01	 1.54297279E-05	 1.29665586E-04	 3.09738278E-04	 4.18131726E-04	 1.72916823E-04	 2.67500757E-04	 6.21377839E-04	 2.60789075E-04	 4.01188478E-04	-3.47386889E-04	-3.23571434E-04	-9.35120066E-04	-1.66484669E-03	-1.77225189E-03	 2.47922027E-05	-5.70512932E-04	-1.28874861E-03	-7.65645214E-04	-5.20556165E-04	 6.34391603E-04
 6.560000E-01	 1.37856702E-05	 1.27870542E-04	 3.08987424E-04	 4.19512966E-04	 1.85776771E-04	 2.62631129E-04	 6.27365988E-04	 2.65791736E-04	 4.12358931E-04	-3.55472471E-04	-3.14822257E-04	-9.29520543E-04	-1.66995492E-03	-1.78954277E-03	-1.55320064E-05	-5.47270281E-04	-1.29908139E-03	-7.81634161E-04	-5.36370132E-04	 6.49096052E-04
 6.570000E-01	 1.21382256E-05	 1.26041907E-04	 3.08177476E-04	 4.20914672E-04	 1.98604238E-04	 2.57651269E-04	 6.33457115E-04	 2.70889942E-04	 4.23802584E-04	-3.63755329E-04	-3.05997629E-04	-9.23723991E-04	-1.67482275E-03	-1.80689476E-03	-5.65271436E-05	-5.23604583E-04	-1.30963164E-03	-7.97890845E-04	-5.52551894E-04	 6.64167948E-04
 6.580000E-01	 1.04878786E-05	 1.24179919E-04	 3.07308340E-04	 4.22336844E-04	 2.11401768E-04	 2.52552049E-04	 6.39647454E-04	 2.76086349E-04	 4.35528258E-04	-3.72238823E-04	-2.97099416E-04	-9.17729158E-04	-1.67944646E-03	-1.82431481E-03	-9.81888667E-05	-4.99502847E-04	-1.32039945E-03	-8.14425471E-04	-5.69115325E-04	 6.79615606E-04
 6.590000E-01	 8.83509058E-06	 1.22284795E-04	 3.06380015E-04	 4.23779751E-04	 2.24171031E-04	 2.47325532E-04	 6.45933314E-04	 2.81383465E-04	 4.47544890E-04	-3.80926253E-04	-2.88129525E-04	-9.11534720E-04	-1.68382194E-03	-1.84180926E-03	-1.40516216E-04	-4.74950358E-04	-1.33138465E-03	-8.31248741E-04	-5.86074898E-04	 6.95447118E-04
 6.600000E-01	 7.18028361E-06	 1.20356705E-04	 3.05392506E-04	 4.25243813E-04	 2.36913077E-04	 2.41964737E-04	 6.52311016E-04	 2.86783643E-04	 4.59861540E-04	-3.89820884E-04	-2.79089769E-04	-9.05139145E-04	-1.68794479E-03	-1.85938392E-03	-1.83510949E-04	-4.49930915E-04	-1.34258669E-03	-8.48371654E-04	-6.03445594E-04	 7.11670364E-04
 6.610000E-01	 5.52375725E-06	 1.18395628E-04	 3.04345662E-04	 4.26729357E-04	 2.49628154E-04	 2.36463208E-04	 6.58776549E-04	 2.92288891E-04	 4.72487188E-04	-3.98926103E-04	-2.69981358E-04	-8.98539998E-04	-1.69180948E-03	-1.87704338E-03	-2.27176316E-04	-4.24425829E-04	-1.35400429E-03	-8.65805159E-04	-6.21242443E-04	 7.28293400E-04
 6.620000E-01	 3.86570798E-06	 1.16401357E-04	 3.03239130E-04	 4.28236589E-04	 2.62315975E-04	 2.30814798E-04	 6.65325456E-04	 2.97900785E-04	 4.85430650E-04	-4.08245502E-04	-2.60804934E-04	-8.91733936E-04	-1.69540920E-03	-1.89479085E-03	-2.71516718E-04	-3.98413737E-04	-1.36563532E-03	-8.83559946E-04	-6.39480339E-04	 7.45324724E-04
 6.630000E-01	 2.20635909E-06	 1.14373662E-04	 3.02072471E-04	 4.29765819E-04	 2.74976660E-04	 2.25013633E-04	 6.71953102E-04	 3.03620656E-04	 4.98700764E-04	-4.17782780E-04	-2.51561278E-04	-8.84717614E-04	-1.69873665E-03	-1.91262924E-03	-3.16538641E-04	-3.71871857E-04	-1.37747721E-03	-9.01646585E-04	-6.58174392E-04	 7.62773082E-04
 6.640000E-01	 5.45981834E-07	 1.12312298E-04	 3.00845111E-04	 4.31317464E-04	 2.87611490E-04	 2.19053507E-04	 6.78654704E-04	 3.09449696E-04	 5.12306472E-04	-4.27541735E-04	-2.42251398E-04	-8.77487844E-04	-1.70178435E-03	-1.93056153E-03	-3.62250527E-04	-3.44776532E-04	-1.38952692E-03	-9.20075379E-04	-6.77339989E-04	 7.80647400E-04
 6.650000E-01	-1.11499484E-06	 1.10217187E-04	 2.99556515E-04	 4.32892291E-04	 3.00223808E-04	 2.12927721E-04	 6.85425699E-04	 3.15389317E-04	 5.26257159E-04	-4.37526048E-04	-2.32877204E-04	-8.70042573E-04	-1.70454575E-03	-1.94859220E-03	-4.08663952E-04	-3.17104910E-04	-1.40178149E-03	-9.38856668E-04	-6.96993327E-04	 7.98956239E-04
 6.660000E-01	-2.77606245E-06	 1.08088327E-04	 2.98206135E-04	 4.34491291E-04	 3.12818663E-04	 2.06628822E-04	 6.92261613E-04	 3.21441152E-04	 5.40562614E-04	-4.47739310E-04	-2.23441121E-04	-8.62380402E-04	-1.70701498E-03	-1.96672671E-03	-4.55793074E-04	-2.88834387E-04	-1.41423809E-03	-9.58000868E-04	-7.17151241E-04	 8.17707808E-04
 6.670000E-01	-4.43673113E-06	 1.05925667E-04	 2.96793304E-04	 4.36115508E-04	 3.25402018E-04	 2.00148590E-04	 6.99157850E-04	 3.27606889E-04	 5.55232866E-04	-4.58185138E-04	-2.13945569E-04	-8.54499856E-04	-1.70918603E-03	-1.98497056E-03	-5.03653796E-04	-2.59941362E-04	-1.42689388E-03	-9.77518478E-04	-7.37830879E-04	 8.36910237E-04
 6.680000E-01	-6.09656112E-06	 1.03729053E-04	 2.95317195E-04	 4.37765982E-04	 3.37980386E-04	 1.93478091E-04	 7.06109647E-04	 3.33888173E-04	 5.70278080E-04	-4.68867241E-04	-2.04392756E-04	-8.46399101E-04	-1.71105245E-03	-2.00332896E-03	-5.52263353E-04	-2.30400716E-04	-1.43974583E-03	-9.97420009E-04	-7.59049564E-04	 8.56571715E-04
 6.690000E-01	-7.75527609E-06	 1.01498022E-04	 2.93776555E-04	 4.39443417E-04	 3.50560220E-04	 1.86607098E-04	 7.13111658E-04	 3.40286285E-04	 5.85708303E-04	-4.79789696E-04	-1.94783920E-04	-8.38074832E-04	-1.71260617E-03	-2.02180581E-03	-6.01638773E-04	-2.00184205E-04	-1.45278979E-03	-1.01771532E-03	-7.80824239E-04	 8.76701099E-04
 6.700000E-01	-9.41263190E-06	 9.92320098E-05	 2.92169972E-04	 4.41148454E-04	 3.63148088E-04	 1.79524660E-04	 7.20158299E-04	 3.46802350E-04	 6.01533668E-04	-4.90956775E-04	-1.85120049E-04	-8.29523201E-04	-1.71383820E-03	-2.04040462E-03	-6.51798571E-04	-1.69261437E-04	-1.46602110E-03	-1.03841394E-03	-8.03171952E-04	 8.97307639E-04
 6.710000E-01	-1.10683588E-05	 9.69304624E-05	 2.90496036E-04	 4.42881806E-04	 3.75750433E-04	 1.72219767E-04	 7.27243895E-04	 3.53437383E-04	 6.17764490E-04	-5.02372839E-04	-1.75402248E-04	-8.20740245E-04	-1.71473892E-03	-2.05912889E-03	-7.02763910E-04	-1.37600048E-04	-1.47943518E-03	-1.05952533E-03	-8.26110095E-04	 9.18400839E-04
 6.720000E-01	-1.27220958E-05	 9.45929678E-05	 2.88753541E-04	 4.44644444E-04	 3.88373431E-04	 1.64682321E-04	 7.34362916E-04	 3.60192379E-04	 6.34411342E-04	-5.14042174E-04	-1.65632186E-04	-8.11722488E-04	-1.71529850E-03	-2.07798249E-03	-7.54560033E-04	-1.05165899E-04	-1.49302844E-03	-1.08105949E-03	-8.49656700E-04	 9.39990197E-04
 6.730000E-01	-1.43733112E-05	 9.22194124E-05	 2.86941670E-04	 4.46437850E-04	 4.01023376E-04	 1.56903963E-04	 7.41510428E-04	 3.67068499E-04	 6.51485169E-04	-5.25968790E-04	-1.55812688E-04	-8.02467822E-04	-1.71550790E-03	-2.09697045E-03	-8.07217709E-04	-7.19238211E-05	-1.50679947E-03	-1.10302765E-03	-8.73830793E-04	 9.62084756E-04
 6.740000E-01	-1.60214513E-05	 8.98097113E-05	 2.85059616E-04	 4.48263618E-04	 4.13706649E-04	 1.48877142E-04	 7.48681705E-04	 3.74066779E-04	 6.68996975E-04	-5.38156740E-04	-1.45946827E-04	-7.92974296E-04	-1.71535780E-03	-2.11609784E-03	-8.60771288E-04	-3.78357681E-05	-1.52074820E-03	-1.12544172E-03	-8.98651658E-04	 9.84693614E-04
 6.750000E-01	-1.76659707E-05	 8.73637391E-05	 2.83106444E-04	 4.50123372E-04	 4.26430172E-04	 1.40594379E-04	 7.55872191E-04	 3.81188145E-04	 6.86957788E-04	-5.50610219E-04	-1.36037722E-04	-7.83239851E-04	-1.71483845E-03	-2.13536979E-03	-9.15258426E-04	-2.86028324E-06	-1.53487572E-03	-1.14831401E-03	-9.24138667E-04	 1.00782604E-03
 6.760000E-01	-1.93064436E-05	 8.48811021E-05	 2.81080783E-04	 4.52018462E-04	 4.39201329E-04	 1.32047140E-04	 7.63077027E-04	 3.88433175E-04	 7.05378471E-04	-5.63333800E-04	-1.26087785E-04	-7.73261156E-04	-1.71393834E-03	-2.15479053E-03	-9.70719123E-04	 3.30495609E-05	-1.54918334E-03	-1.17165670E-03	-9.50310791E-04	 1.03149199E-03
 6.770000E-01	-2.09425634E-05	 8.23610931E-05	 2.78980746E-04	 4.53949950E-04	 4.52028213E-04	 1.23225242E-04	 7.70290977E-04	 3.95802090E-04	 7.24269794E-04	-5.76332432E-04	-1.16098629E-04	-7.63033333E-04	-1.71264378E-03	-2.17436329E-03	-1.02719652E-03	 6.99471592E-05	-1.56367253E-03	-1.19548166E-03	-9.77186731E-04	 1.05570224E-03
 6.780000E-01	-2.25740087E-05	 7.98029085E-05	 2.76804193E-04	 4.55918969E-04	 4.64920367E-04	 1.14117033E-04	 7.77509030E-04	 4.03295132E-04	 7.43642788E-04	-5.89611133E-04	-1.06071876E-04	-7.52551072E-04	-1.71093983E-03	-2.19409162E-03	-1.08473954E-03	 1.07891604E-04	-1.57834623E-03	-1.21980109E-03	-1.00478566E-03	 1.08046782E-03
 6.790000E-01	-2.42004125E-05	 7.72057020E-05	 2.74548788E-04	 4.57926784E-04	 4.77888908E-04	 1.04709261E-04	 7.84726609E-04	 4.10912677E-04	 7.63508845E-04	-6.03174950E-04	-9.60093337E-05	-7.41808877E-04	-1.70881065E-03	-2.21397987E-03	-1.14340391E-03	 1.46948195E-04	-1.59320940E-03	-1.24462755E-03	-1.03312733E-03	 1.10579990E-03
 6.800000E-01	-2.58212199E-05	 7.45689112E-05	 2.72212448E-04	 4.59975147E-04	 4.90946501E-04	 9.49883347E-05	 7.91940203E-04	 4.18655646E-04	 7.83880015E-04	-6.17028657E-04	-8.59139612E-05	-7.30802631E-04	-1.70624120E-03	-2.23403496E-03	-1.20325440E-03	 1.87187062E-04	-1.60827112E-03	-1.26997467E-03	-1.06223249E-03	 1.13170916E-03
 6.810000E-01	-2.74357743E-05	 7.18921962E-05	 2.69793343E-04	 4.62065911E-04	 5.04105327E-04	 8.49418225E-05	 7.99146722E-04	 4.26525077E-04	 8.04768663E-04	-6.31177039E-04	-7.57893782E-05	-7.19528907E-04	-1.70321659E-03	-2.25426542E-03	-1.26436361E-03	 2.28685102E-04	-1.62354495E-03	-1.29585705E-03	-1.09212201E-03	 1.15820631E-03
 6.820000E-01	-2.90433879E-05	 6.91754022E-05	 2.67289932E-04	 4.64200494E-04	 5.17374269E-04	 7.45614399E-05	 8.06342521E-04	 4.34521470E-04	 8.26187155E-04	-6.45625088E-04	-6.56393765E-05	-7.07984228E-04	-1.69972115E-03	-2.27468017E-03	-1.32681029E-03	 2.71527205E-04	-1.63904927E-03	-1.32229007E-03	-1.12281619E-03	 1.18530269E-03
 6.830000E-01	-3.06433720E-05	 6.64185718E-05	 2.64701054E-04	 4.66379196E-04	 5.30755605E-04	 6.38475890E-05	 8.13522079E-04	 4.42643932E-04	 8.48147659E-04	-6.60378065E-04	-5.54675424E-05	-6.96164503E-04	-1.69573777E-03	-2.29528736E-03	-1.39067659E-03	 3.15805126E-04	-1.65480689E-03	-1.34928962E-03	-1.15433446E-03	 1.21301065E-03
 6.840000E-01	-3.22351084E-05	 6.36218436E-05	 2.62025841E-04	 4.68600077E-04	 5.44240863E-04	 5.28150710E-05	 8.20675722E-04	 4.50888841E-04	 8.70661977E-04	-6.75441599E-04	-4.52764496E-05	-6.84063747E-04	-1.69124647E-03	-2.31609216E-03	-1.45604233E-03	 3.61613824E-04	-1.67084259E-03	-1.37687070E-03	-1.18669509E-03	 1.24134409E-03
 6.850000E-01	-3.38178438E-05	 6.07859052E-05	 2.59264360E-04	 4.70858440E-04	 5.57807361E-04	 4.15020822E-05	 8.27787968E-04	 4.59249055E-04	 8.93742072E-04	-6.90820947E-04	-3.50686441E-05	-6.71675798E-04	-1.68622644E-03	-2.33709717E-03	-1.52297982E-03	 4.09037887E-04	-1.68718151E-03	-1.40504670E-03	-1.21991658E-03	 1.27031728E-03
 6.860000E-01	-3.53905857E-05	 5.79122709E-05	 2.56418001E-04	 4.73145837E-04	 5.71414069E-04	 2.99801384E-05	 8.34834740E-04	 4.67712511E-04	 9.17400187E-04	-7.06520585E-04	-2.48470265E-05	-6.58995273E-04	-1.68065749E-03	-2.35830062E-03	-1.59154262E-03	 4.58132403E-04	-1.70384435E-03	-1.43382717E-03	-1.25401805E-03	 1.29994419E-03
 6.870000E-01	-3.69519207E-05	 5.50037157E-05	 2.53490009E-04	 4.75449295E-04	 5.84998548E-04	 1.83649011E-05	 8.41780806E-04	 4.76260973E-04	 9.41648954E-04	-7.22543621E-04	-1.46158659E-05	-6.46019784E-04	-1.67452298E-03	-2.37969470E-03	-1.66175085E-03	 5.08893780E-04	-1.72084038E-03	-1.46321504E-03	-1.28902005E-03	 1.33023717E-03
 6.880000E-01	-3.84999354E-05	 5.20644642E-05	 2.50485578E-04	 4.77750346E-04	 5.98475323E-04	 6.82482475E-06	 8.48577167E-04	 4.84868650E-04	 9.66501033E-04	-7.38891698E-04	-4.38124506E-06	-6.32751505E-04	-1.66781239E-03	-2.40126181E-03	-1.73357039E-03	 5.61223118E-04	-1.73815568E-03	-1.49320212E-03	-1.32494456E-03	 1.36120612E-03
 6.890000E-01	-4.00323014E-05	 4.90999217E-05	 2.47411190E-04	 4.80023822E-04	 6.11736355E-04	-4.41512897E-06	 8.55158561E-04	 4.93500788E-04	 9.91968390E-04	-7.55565491E-04	 5.84958833E-06	-6.19196943E-04	-1.66052190E-03	-2.42296862E-03	-1.80688746E-03	 6.14885166E-04	-1.75573461E-03	-1.52376255E-03	-1.36181472E-03	 1.39285817E-03
 6.900000E-01	-4.15462852E-05	 4.61164447E-05	 2.44273920E-04	 4.82237458E-04	 6.24655396E-04	-1.50750269E-05	 8.61443122E-04	 5.02113491E-04	 1.01806202E-03	-7.72564902E-04	 1.60682636E-05	-6.05367568E-04	-1.65265594E-03	-2.44476109E-03	-1.88148639E-03	 6.69462883E-04	-1.77345864E-03	-1.55484606E-03	-1.39965597E-03	 1.42519636E-03
 6.910000E-01	-4.30389007E-05	 4.31206823E-05	 2.41080106E-04	 4.84351748E-04	 6.37095195E-04	-2.48295904E-05	 8.67333499E-04	 5.10654217E-04	 1.04479155E-03	-7.89889686E-04	 2.62662288E-05	-5.91278524E-04	-1.64422610E-03	-2.46655861E-03	-1.95703184E-03	 7.24319386E-04	-1.79112199E-03	-1.58637097E-03	-1.43849726E-03	 1.45821870E-03
 6.920000E-01	-4.45068666E-05	 4.01193118E-05	 2.37834606E-04	 4.86321396E-04	 6.48918591E-04	-3.33236737E-05	 8.72722036E-04	 5.19064496E-04	 1.07216564E-03	-8.07539361E-04	 3.64341081E-05	-5.76949646E-04	-1.63525231E-03	-2.48825250E-03	-2.03306575E-03	 7.78569814E-04	-1.80841315E-03	-1.61822059E-03	-1.47837412E-03	 1.49191566E-03
 6.930000E-01	-4.59466292E-05	 3.71187215E-05	 2.34540111E-04	 4.88097496E-04	 6.60000749E-04	-4.01940692E-05	 8.77498380E-04	 5.27283852E-04	 1.10019217E-03	-8.25513560E-04	 4.65612429E-05	-5.62405916E-04	-1.62576304E-03	-2.50970684E-03	-2.10901786E-03	 8.31077963E-04	-1.82490429E-03	-1.65024292E-03	-1.51933066E-03	 1.52626867E-03
 6.940000E-01	-4.73544381E-05	 3.41247415E-05	 2.31196738E-04	 4.89630313E-04	 6.70240601E-04	-4.50947894E-05	 8.81558600E-04	 5.35254664E-04	 1.12887829E-03	-8.43812724E-04	 5.66354244E-05	-5.47677379E-04	-1.61579474E-03	-2.53076281E-03	-2.18423187E-03	 8.80485265E-04	-1.84005342E-03	-1.68225519E-03	-1.56142022E-03	 1.56124987E-03
 6.950000E-01	-4.87264418E-05	 3.11425743E-05	 2.27802181E-04	 4.90872500E-04	 6.79569539E-04	-4.77217225E-05	 8.84814524E-04	 5.42927532E-04	 1.15823055E-03	-8.62438921E-04	 6.66426379E-05	-5.32798927E-04	-1.60539092E-03	-2.55124719E-03	-2.25800731E-03	 9.25275007E-04	-1.85322376E-03	-1.71405401E-03	-1.60470435E-03	 1.59682337E-03
 6.960000E-01	-5.00590170E-05	 2.81763318E-05	 2.24351564E-04	 4.91781374E-04	 6.87954632E-04	-4.78349691E-05	 8.87199683E-04	 5.50265196E-04	 1.18825458E-03	-8.81397464E-04	 7.65686691E-05	-5.17806428E-04	-1.59459671E-03	-2.57098082E-03	-2.32964948E-03	 9.63874764E-04	-1.86371697E-03	-1.74542905E-03	-1.64924873E-03	 1.63295007E-03
 6.970000E-01	-5.13489671E-05	 2.52289501E-05	 2.20838052E-04	 4.92321145E-04	 6.95397899E-04	-4.52733975E-05	 8.88672931E-04	 5.57245817E-04	 1.21895569E-03	-9.00697512E-04	 8.64000713E-05	-5.02733734E-04	-1.58345425E-03	-2.58979065E-03	-2.39852731E-03	 9.94778524E-04	-1.87082234E-03	-1.77618103E-03	-1.69511932E-03	 1.66959255E-03
 6.980000E-01	-5.25937294E-05	 2.23020347E-05	 2.17253453E-04	 4.92464102E-04	 7.01931153E-04	-3.99616487E-05	 8.89217857E-04	 5.63864152E-04	 1.25033967E-03	-9.20352527E-04	 9.61256337E-05	-4.87608524E-04	-1.57199669E-03	-2.60752080E-03	-2.46412659E-03	 1.01667658E-03	-1.87387322E-03	-1.80613977E-03	-1.74237756E-03	 1.70672140E-03
 6.990000E-01	-5.37913934E-05	 1.93961200E-05	 2.13589410E-04	 4.92191580E-04	 7.07609020E-04	-3.19079865E-05	 8.88840065E-04	 5.70131645E-04	 1.28241430E-03	-9.40379528E-04	 1.05736673E-04	-4.72450497E-04	-1.56024538E-03	-2.62404413E-03	-2.52609381E-03	 1.02856807E-03	-1.87230618E-03	-1.83518142E-03	-1.79107660E-03	 1.74432006E-03
 7.000000E-01	-5.49406390E-05	 1.65111446E-05	 2.09838777E-04	 4.91494542E-04	 7.12501326E-04	-2.11951799E-05	 8.87563155E-04	 5.76075440E-04	 1.31519079E-03	-9.60797779E-04	 1.15226643E-04	-4.57271570E-04	-1.54820997E-03	-2.63927175E-03	-2.58426171E-03	 1.02983980E-03	-1.86571407E-03	-1.86324180E-03	-1.84125803E-03	 1.78238816E-03
 7.010000E-01	-5.60407517E-05	 1.36467116E-05	 2.05996428E-04	 4.90373350E-04	 7.16685660E-04	-7.96818738E-06	 8.85423775E-04	 5.81736092E-04	 1.34868445E-03	-9.81627651E-04	 1.24591171E-04	-4.42076119E-04	-1.53588905E-03	-2.65315721E-03	-2.63865064E-03	 1.02030214E-03	-1.85388222E-03	-1.89032315E-03	-1.89294899E-03	 1.82094370E-03
 7.020000E-01	-5.70916959E-05	 1.08022697E-05	 2.02059691E-04	 4.88837223E-04	 7.20241820E-04	 7.57992393E-06	 8.82468017E-04	 5.87165428E-04	 1.38291513E-03	-1.00288887E-03	 1.33828139E-04	-4.26862403E-04	-1.52327283E-03	-2.66569695E-03	-2.68944901E-03	 1.00017448E-03	-1.83680404E-03	-1.91649486E-03	-1.94616182E-03	 1.86002165E-03
 7.030000E-01	-5.80941845E-05	 7.97689621E-06	 1.98027825E-04	 4.86902550E-04	 7.23247486E-04	 2.52200364E-05	 8.78748079E-04	 5.92423045E-04	 1.41790665E-03	-1.02459988E-03	 1.42938327E-04	-4.11622363E-04	-1.51034361E-03	-2.67692324E-03	-2.73697417E-03	 9.70030976E-04	-1.81466989E-03	-1.94188564E-03	-2.00089490E-03	 1.89967199E-03
 7.040000E-01	-5.90495851E-05	 5.16926461E-06	 1.93901523E-04	 4.84591157E-04	 7.25776238E-04	 4.46986544E-05	 8.74320742E-04	 5.97572933E-04	 1.45368591E-03	-1.04677748E-03	 1.51925059E-04	-3.96343017E-04	-1.49707789E-03	-2.68689480E-03	-2.78162625E-03	 9.30712789E-04	-1.78783445E-03	-1.96667022E-03	-2.05713558E-03	 1.93995635E-03
 7.050000E-01	-5.99595739E-05	 2.37789080E-06	 1.89682651E-04	 4.81928548E-04	 7.27897085E-04	 6.57488395E-05	 8.69246757E-04	 6.02679511E-04	 1.49028104E-03	-1.06943774E-03	 1.60792566E-04	-3.81009132E-04	-1.48344946E-03	-2.69568564E-03	-2.82384128E-03	 8.83224954E-04	-1.75676819E-03	-1.99105157E-03	-2.11486313E-03	 1.98094560E-03
 7.060000E-01	-6.08256555E-05	-3.98328899E-07	 1.85374388E-04	 4.78942469E-04	 7.29674847E-04	 8.81011132E-05	 8.63590586E-04	 6.07803526E-04	 1.52771884E-03	-1.09259800E-03	 1.69543402E-04	-3.65607256E-04	-1.46943381E-03	-2.70337488E-03	-2.86405080E-03	 8.28633733E-04	-1.72200164E-03	-2.01524146E-03	-2.17405079E-03	 2.02271954E-03
 7.070000E-01	-6.16489152E-05	-3.15975579E-06	 1.80981252E-04	 4.75661629E-04	 7.31170182E-04	 1.11494300E-04	 8.57419728E-04	 6.12999363E-04	 1.56602310E-03	-1.11627802E-03	 1.78177000E-04	-3.50128818E-04	-1.45501193E-03	-2.71003940E-03	-2.90265161E-03	 7.67976936E-04	-1.68407325E-03	-2.03944454E-03	-2.23466905E-03	 2.06536461E-03
 7.080000E-01	-6.24299721E-05	-5.90599826E-06	 1.76508689E-04	 4.72114184E-04	 7.32438616E-04	 1.35684954E-04	 8.50802544E-04	 6.18313427E-04	 1.60521448E-03	-1.14049967E-03	 1.86689694E-04	-3.34570676E-04	-1.44017129E-03	-2.71574825E-03	-2.93998638E-03	 7.02198059E-04	-1.64348677E-03	-2.06384693E-03	-2.29669054E-03	 2.10896947E-03
 7.090000E-01	-6.31692202E-05	-8.63634262E-06	 1.71962164E-04	 4.68326088E-04	 7.33528684E-04	 1.60454945E-04	 8.43804852E-04	 6.23784558E-04	 1.64531241E-03	-1.16528433E-03	 1.95076602E-04	-3.18932932E-04	-1.42490390E-03	-2.72055935E-03	-2.97633500E-03	 6.32105943E-04	-1.60068329E-03	-2.08861200E-03	-2.36009721E-03	 2.15361670E-03
 7.100000E-01	-6.38671538E-05	-1.13503324E-05	 1.67346098E-04	 4.64319530E-04	 7.34479957E-04	 1.85616375E-04	 8.36485666E-04	 6.29445401E-04	 1.68633762E-03	-1.19064986E-03	 2.03334074E-04	-3.03215605E-04	-1.40920287E-03	-2.72451764E-03	-3.01191450E-03	 5.58359524E-04	-1.55602642E-03	-2.11388097E-03	-2.42488638E-03	 2.19937483E-03
 7.110000E-01	-6.45244188E-05	-1.40478956E-05	 1.62663580E-04	 4.60112226E-04	 7.35322444E-04	 2.11014096E-04	 8.28893628E-04	 6.35323136E-04	 1.72831327E-03	-1.21660955E-03	 2.11460349E-04	-2.87417438E-04	-1.39306083E-03	-2.72765509E-03	-3.04688571E-03	 4.81472295E-04	-1.50979790E-03	-2.13977446E-03	-2.49107222E-03	 2.24629613E-03
 7.120000E-01	-6.51417593E-05	-1.67292090E-05	 1.57916583E-04	 4.55717516E-04	 7.36077276E-04	 2.36525945E-04	 8.21064757E-04	 6.41439843E-04	 1.77126487E-03	-1.24317271E-03	 2.19455174E-04	-2.71536354E-04	-1.37647013E-03	-2.72999245E-03	-3.08136404E-03	 4.01829001E-04	-1.46220115E-03	-2.16639432E-03	-2.55868357E-03	 2.29441868E-03
 7.130000E-01	-6.57198033E-05	-1.93943202E-05	 1.53106609E-04	 4.51145106E-04	 7.36758519E-04	 2.62060700E-04	 8.13021812E-04	 6.47811913E-04	 1.81521929E-03	-1.27034664E-03	 2.27318306E-04	-2.55571169E-04	-1.35942426E-03	-2.73154163E-03	-3.11543143E-03	 3.19708422E-04	-1.41336947E-03	-2.19382417E-03	-2.62775973E-03	 2.34377200E-03
 7.140000E-01	-6.62588351E-05	-2.20428499E-05	 1.48235220E-04	 4.46401912E-04	 7.37375088E-04	 2.87553839E-04	 8.04774901E-04	 6.54449510E-04	 1.86020413E-03	-1.29813813E-03	 2.35048131E-04	-2.39522638E-04	-1.34191835E-03	-2.73230743E-03	-3.14914645E-03	 2.35307235E-04	-1.36337763E-03	-2.22213038E-03	-2.69834719E-03	 2.39438157E-03
 7.150000E-01	-6.67588290E-05	-2.46740436E-05	 1.43304075E-04	 4.41492690E-04	 7.37932134E-04	 3.12962251E-04	 7.96322931E-04	 6.61357264E-04	 1.90624761E-03	-1.32655389E-03	 2.42641721E-04	-2.23393107E-04	-1.32394867E-03	-2.73228904E-03	-3.18255163E-03	 1.48761184E-04	-1.31225474E-03	-2.25136501E-03	-2.77049769E-03	 2.44627056E-03
 7.160000E-01	-6.72195093E-05	-2.72869523E-05	 1.38314741E-04	 4.36420351E-04	 7.38431761E-04	 3.38258198E-04	 7.87654953E-04	 6.68535050E-04	 1.95337814E-03	-1.35560113E-03	 2.50095328E-04	-2.07185235E-04	-1.30551094E-03	-2.73148009E-03	-3.21567687E-03	 6.01644307E-05	-1.25999538E-03	-2.28156882E-03	-2.84426594E-03	 2.49946150E-03
 7.170000E-01	-6.76405063E-05	-2.98805156E-05	 1.33268736E-04	 4.31186659E-04	 7.38874102E-04	 3.63425157E-04	 7.78752940E-04	 6.75980096E-04	 2.00162409E-03	-1.38528743E-03	 2.57404918E-04	-1.90902125E-04	-1.28660108E-03	-2.72987079E-03	-3.24854338E-03	-3.04192147E-05	-1.20657124E-03	-2.31277598E-03	-2.91970784E-03	 2.55397617E-03
 7.180000E-01	-6.80214346E-05	-3.24536007E-05	 1.28167600E-04	 4.25792784E-04	 7.39258300E-04	 3.88454308E-04	 7.69594300E-04	 6.83688314E-04	 2.05101365E-03	-1.41562086E-03	 2.64566347E-04	-1.74547500E-04	-1.26721568E-03	-2.72744932E-03	-3.28116674E-03	-1.22948675E-04	-1.15193867E-03	-2.34501723E-03	-2.99687958E-03	 2.60983616E-03
 7.190000E-01	-6.83619014E-05	-3.50049331E-05	 1.23013083E-04	 4.20239900E-04	 7.39583709E-04	 4.13342384E-04	 7.60154756E-04	 6.91655348E-04	 2.10157517E-03	-1.44660930E-03	 2.71575083E-04	-1.58126487E-04	-1.24735313E-03	-2.72420362E-03	-3.31356065E-03	-2.17403016E-04	-1.09604429E-03	-2.37832236E-03	-3.07583855E-03	 2.66706184E-03
 7.200000E-01	-6.86615131E-05	-3.75331345E-05	 1.17807088E-04	 4.14529305E-04	 7.39850547E-04	 4.38090151E-04	 7.50410130E-04	 6.99876907E-04	 2.15333807E-03	-1.47825945E-03	 2.78426162E-04	-1.41645519E-04	-1.22701337E-03	-2.72012196E-03	-3.34573971E-03	-3.13779913E-04	-1.03882760E-03	-2.41272128E-03	-3.15664566E-03	 2.72567083E-03
 7.210000E-01	-6.89198841E-05	-4.00369400E-05	 1.12551191E-04	 4.08661808E-04	 7.40059357E-04	 4.62700537E-04	 7.40335709E-04	 7.08347913E-04	 2.20633297E-03	-1.51057703E-03	 2.85114673E-04	-1.25110599E-04	-1.20619516E-03	-2.71519087E-03	-3.37771833E-03	-4.12090330E-04	-9.80219201E-04	-2.44824275E-03	-3.23936596E-03	 2.78567853E-03
 7.220000E-01	-6.91366311E-05	-4.25152318E-05	 1.07246546E-04	 4.02637516E-04	 7.40210707E-04	 4.87178238E-04	 7.29905787E-04	 7.17062321E-04	 2.26059166E-03	-1.54356709E-03	 2.91635872E-04	-1.08526888E-04	-1.18489544E-03	-2.70939444E-03	-3.40951034E-03	-5.12355707E-04	-9.20141345E-04	-2.48491411E-03	-3.32406802E-03	 2.84709879E-03
 7.230000E-01	-6.93113781E-05	-4.49671512E-05	 1.01893639E-04	 3.96455400E-04	 7.40304318E-04	 5.11528578E-04	 7.19091865E-04	 7.26012365E-04	 2.31614582E-03	-1.57723588E-03	 2.97985578E-04	-9.18976112E-05	-1.16310767E-03	-2.70271219E-03	-3.44112570E-03	-6.14602305E-04	-8.58505553E-04	-2.52276019E-03	-3.41082063E-03	 2.90994753E-03
 7.240000E-01	-6.94437174E-05	-4.73918292E-05	 9.64928567E-05	 3.90114050E-04	 7.40339817E-04	 5.35758566E-04	 7.07863862E-04	 7.35189664E-04	 2.37302643E-03	-1.61159130E-03	 3.04159503E-04	-7.52260332E-05	-1.14082486E-03	-2.69512131E-03	-3.47257214E-03	-7.18863820E-04	-7.95216034E-04	-2.56180554E-03	-3.49969102E-03	 2.97424356E-03
 7.250000E-01	-6.95332010E-05	-4.97882822E-05	 9.10447226E-05	 3.83612053E-04	 7.40317205E-04	 5.59877391E-04	 6.96190805E-04	 7.44585897E-04	 2.43126369E-03	-1.64664288E-03	 3.10152983E-04	-5.85163355E-05	-1.11804095E-03	-2.68659789E-03	-3.50385645E-03	-8.25183643E-04	-7.30170665E-04	-2.60207606E-03	-3.59074461E-03	 3.04000856E-03
 7.260000E-01	-6.95793376E-05	-5.21553043E-05	 8.55501459E-05	 3.76948401E-04	 7.40237555E-04	 5.83897471E-04	 6.84042022E-04	 7.54193716E-04	 2.49088792E-03	-1.68240054E-03	 3.15960657E-04	-4.17746103E-05	-1.09475239E-03	-2.67711893E-03	-3.53498760E-03	-9.33619455E-04	-6.63262957E-04	-2.64360093E-03	-3.68404712E-03	 3.10726482E-03
 7.270000E-01	-6.95816182E-05	-5.44915445E-05	 8.00102812E-05	 3.70122345E-04	 7.40103006E-04	 6.07834472E-04	 6.71387278E-04	 7.64006799E-04	 2.55193089E-03	-1.71887308E-03	 3.21576594E-04	-2.50084321E-05	-1.07095734E-03	-2.66666219E-03	-3.56597820E-03	-1.04424579E-03	-5.94381113E-04	-2.68641329E-03	-3.77966759E-03	 3.17603279E-03
 7.280000E-01	-6.95395481E-05	-5.67957489E-05	 7.44260039E-05	 3.63132654E-04	 7.39915832E-04	 6.31705678E-04	 6.58195215E-04	 7.74018769E-04	 2.61442594E-03	-1.75606835E-03	 3.26994892E-04	-8.22492823E-06	-1.04665241E-03	-2.65520285E-03	-3.59684199E-03	-1.15715184E-03	-5.23402394E-04	-2.73054929E-03	-3.87767943E-03	 3.24633156E-03
 7.290000E-01	-6.94526431E-05	-5.90668064E-05	 6.87977830E-05	 3.55977387E-04	 7.39678096E-04	 6.55529281E-04	 6.44432937E-04	 7.84222894E-04	 2.67840756E-03	-1.79399366E-03	 3.32209754E-04	 8.56969864E-06	-1.02183163E-03	-2.64271200E-03	-3.62759247E-03	-1.27244171E-03	-4.50189702E-04	-2.77604838E-03	-3.97816005E-03	 3.31817974E-03
 7.300000E-01	-6.93204128E-05	-6.13038410E-05	 6.31254132E-05	 3.48653405E-04	 7.39390848E-04	 6.79323077E-04	 6.30064280E-04	 7.94611376E-04	 2.74390989E-03	-1.83265795E-03	 3.37215772E-04	 2.53712410E-05	-9.96484568E-04	-2.62915355E-03	-3.65823935E-03	-1.39023206E-03	-3.74584949E-04	-2.82295283E-03	-4.08118777E-03	 3.39159953E-03
 7.310000E-01	-6.91423218E-05	-6.35059298E-05	 5.74086382E-05	 3.41157210E-04	 7.39054999E-04	 7.03105955E-04	 6.15051615E-04	 8.05176955E-04	 2.81096634E-03	-1.87207206E-03	 3.42007206E-04	 4.21753543E-05	-9.70599668E-04	-2.61448701E-03	-3.68879160E-03	-1.51065924E-03	-2.96410420E-04	-2.87131147E-03	-4.18684050E-03	 3.46661712E-03
 7.320000E-01	-6.89177910E-05	-6.56720066E-05	 5.16474108E-05	 3.33485339E-04	 7.38671527E-04	 7.26897782E-04	 5.99357023E-04	 8.15913663E-04	 2.87960968E-03	-1.91224862E-03	 3.46577746E-04	 5.89768548E-05	-9.44165335E-04	-2.59866810E-03	-3.71925905E-03	-1.63388572E-03	-2.15465830E-04	-2.92118328E-03	-4.29519596E-03	 3.54326301E-03
 7.330000E-01	-6.86462255E-05	-6.78007197E-05	 4.58423438E-05	 3.25635107E-04	 7.38241937E-04	 7.50718884E-04	 5.82945808E-04	 8.26818001E-04	 2.94987303E-03	-1.95320031E-03	 3.50920109E-04	 7.57684543E-05	-9.17171809E-04	-2.58165067E-03	-3.74965593E-03	-1.76011046E-03	-1.31526425E-04	-2.97264327E-03	-4.40633470E-03	 3.62156938E-03
 7.340000E-01	-6.83270626E-05	-6.98905024E-05	 3.99946683E-05	 3.17604620E-04	 7.37767322E-04	 7.74586229E-04	 5.65789487E-04	 8.37888232E-04	 3.02179053E-03	-1.99493880E-03	 3.55026266E-04	 9.25415393E-05	-8.89609632E-04	-2.56338500E-03	-3.78000068E-03	-1.88957334E-03	-4.43353473E-05	-3.02578647E-03	-4.52034348E-03	 3.70156895E-03
 7.350000E-01	-6.79598176E-05	-7.19396721E-05	 3.41061407E-05	 3.09392701E-04	 7.37246427E-04	 7.98505905E-04	 5.47870495E-04	 8.49121789E-04	 3.09539705E-03	-2.03747506E-03	 3.58887885E-04	 1.09287725E-04	-8.61466865E-04	-2.54381473E-03	-3.81031301E-03	-2.02255273E-03	 4.64052188E-05	-3.08073009E-03	-4.63731652E-03	 3.78329649E-03
 7.360000E-01	-6.75441362E-05	-7.39463761E-05	 2.81794250E-05	 3.00999715E-04	 7.36673638E-04	 8.22461931E-04	 5.29192982E-04	 8.60511001E-04	 3.17072694E-03	-2.08081996E-03	 3.62496521E-04	 1.25999470E-04	-8.32728141E-04	-2.52287557E-03	-3.84061127E-03	-2.15935827E-03	 1.41035689E-04	-3.13761529E-03	-4.75735471E-03	 3.86679118E-03
 7.370000E-01	-6.70798621E-05	-7.59085042E-05	 2.22186646E-05	 2.92428963E-04	 7.36036528E-04	 8.46399845E-04	 5.09800877E-04	 8.72035330E-04	 3.24781075E-03	-2.12498562E-03	 3.65843809E-04	 1.42670630E-04	-8.03374018E-04	-2.50049418E-03	-3.87090731E-03	-2.30031357E-03	 2.39932171E-04	-3.19660641E-03	-4.88056175E-03	 3.95210107E-03
 7.380000E-01	-6.65671504E-05	-7.78233262E-05	 1.62309266E-05	 2.83689740E-04	 7.35314866E-04	 8.70210029E-04	 4.89808009E-04	 8.83652753E-04	 3.32667159E-03	-2.16998382E-03	 3.68920968E-04	 1.59293946E-04	-7.73386244E-04	-2.47659422E-03	-3.90120517E-03	-2.44573614E-03	 3.43473300E-04	-3.25789064E-03	-5.00704142E-03	 4.03928196E-03
 7.390000E-01	-6.60065773E-05	-7.96873284E-05	 1.02270512E-05	 2.74799491E-04	 7.34478709E-04	 8.93710694E-04	 4.69431120E-04	 8.95287236E-04	 3.40732031E-03	-2.21582448E-03	 3.71718885E-04	 1.75859906E-04	-7.42751211E-04	-2.45110175E-03	-3.93149495E-03	-2.59589664E-03	 4.51986331E-04	-3.32166623E-03	-5.13689323E-03	 4.12839546E-03
 7.400000E-01	-6.53992316E-05	-8.14960475E-05	 4.22236955E-06	 2.65785581E-04	 7.33487247E-04	 9.16637924E-04	 4.49022920E-04	 9.06816261E-04	 3.48975140E-03	-2.26251236E-03	 3.74228239E-04	 1.92354675E-04	-7.11465935E-04	-2.42395533E-03	-3.96174691E-03	-2.75096214E-03	 5.65656499E-04	-3.38811740E-03	-5.27020687E-03	 4.21950140E-03
 7.410000E-01	-6.47466933E-05	-8.32442420E-05	-1.76393330E-06	 2.56684413E-04	 7.32286846E-04	 9.38644082E-04	 4.29091077E-04	 9.18058208E-04	 3.57393857E-03	-2.31004656E-03	 3.76440373E-04	 2.08760616E-04	-6.79539550E-04	-2.39511233E-03	-3.99189725E-03	-2.91091360E-03	 6.84412534E-04	-3.45736613E-03	-5.40705101E-03	 4.31265213E-03
 7.420000E-01	-6.40508775E-05	-8.49261263E-05	-7.71011300E-06	 2.47538841E-04	 7.30810699E-04	 9.59312039E-04	 4.10297502E-04	 9.28766836E-04	 3.65983177E-03	-2.35842169E-03	 3.78348050E-04	 2.25056511E-04	-6.46995331E-04	-2.36455580E-03	-4.02183208E-03	-3.07545550E-03	 8.07786308E-04	-3.52940478E-03	-5.54745705E-03	 4.40788515E-03
 7.430000E-01	-6.33137355E-05	-8.65356892E-05	-1.35939011E-05	 2.38393570E-04	 7.28980438E-04	 9.78187214E-04	 3.93429366E-04	 9.38637604E-04	 3.74735680E-03	-2.40763154E-03	 3.79946053E-04	 2.41217817E-04	-6.13872217E-04	-2.33230037E-03	-4.05137109E-03	-3.24393124E-03	 9.34765653E-04	-3.60401307E-03	-5.69139908E-03	 4.50521519E-03
 7.440000E-01	-6.25368635E-05	-8.80670026E-05	-1.93948190E-05	 2.29289405E-04	 7.26710204E-04	 9.94826019E-04	 3.79340312E-04	 9.47329894E-04	 3.83641975E-03	-2.45767470E-03	 3.81231477E-04	 2.57216390E-04	-5.80226888E-04	-2.29839800E-03	-4.08025667E-03	-3.41526445E-03	 1.06366283E-03	-3.68066948E-03	-5.83877443E-03	 4.60462454E-03
 7.450000E-01	-6.17211628E-05	-8.95144378E-05	-2.50960606E-05	 2.20257877E-04	 7.23913250E-04	 1.00885387E-03	 3.68869604E-04	 9.54505434E-04	 3.92691785E-03	-2.50855909E-03	 3.82203677E-04	 2.73019157E-04	-5.46137393E-04	-2.26294533E-03	-4.10815568E-03	-3.58794956E-03	 1.19202718E-03	-3.75847568E-03	-5.98939073E-03	 4.70604982E-03
 7.460000E-01	-6.08665763E-05	-9.08729620E-05	-3.06862772E-05	 2.11316189E-04	 7.20508437E-04	 1.02001756E-03	 3.62748440E-04	 9.59874330E-04	 4.01875435E-03	-2.56030714E-03	 3.82864277E-04	 2.88588704E-04	-5.11701533E-04	-2.22608299E-03	-4.13466883E-03	-3.76009941E-03	 1.31665195E-03	-3.83611229E-03	-6.14296304E-03	 4.80937374E-03
 7.470000E-01	-5.99720260E-05	-9.21383228E-05	-3.61602595E-05	 2.02464652E-04	 7.16426606E-04	 1.02822194E-03	 3.61515775E-04	 9.63241358E-04	 4.11185539E-03	-2.61295796E-03	 3.83216903E-04	 3.03884078E-04	-4.77033385E-04	-2.18799038E-03	-4.15935313E-03	-3.92956425E-03	 1.43369526E-03	-3.91185264E-03	-6.29912639E-03	 4.91442180E-03
 7.480000E-01	-5.90354365E-05	-9.33072594E-05	-4.15192822E-05	 1.93685584E-04	 7.11613466E-04	 1.03353784E-03	 3.65455773E-04	 9.64537293E-04	 4.20618400E-03	-2.66657023E-03	 3.83266950E-04	 3.18864899E-04	-4.42251049E-04	-2.14886638E-03	-4.18174714E-03	-4.09410050E-03	 1.53893960E-03	-3.98364069E-03	-6.45746174E-03	 5.02097560E-03
 7.490000E-01	-5.80539485E-05	-9.43774268E-05	-4.67698830E-05	 1.84946056E-04	 7.06030665E-04	 1.03618251E-03	 3.74577781E-04	 9.63830181E-04	 4.30175028E-03	-2.72122091E-03	 3.83020848E-04	 3.33494671E-04	-4.07465225E-04	-2.10890832E-03	-4.20140607E-03	-4.25158037E-03	 1.62814854E-03	-4.04924196E-03	-6.61753495E-03	 5.12879606E-03
 7.500000E-01	-5.70242376E-05	-9.53471896E-05	-5.19219068E-05	 1.76203133E-04	 6.99653931E-04	 1.03647394E-03	 3.88639402E-04	 9.61308815E-04	 4.39861513E-03	-2.77700124E-03	 3.82485091E-04	 3.47744461E-04	-3.72766378E-04	-2.06828726E-03	-4.21793639E-03	-4.40020148E-03	 1.69748050E-03	-4.10645016E-03	-6.77894235E-03	 5.23765973E-03
 7.510000E-01	-5.59430218E-05	-9.62152797E-05	-5.69855636E-05	 1.67411990E-04	 6.92471307E-04	 1.03477341E-03	 4.07210431E-04	 9.57244342E-04	 4.49688795E-03	-2.83400631E-03	 3.81664977E-04	 3.61593736E-04	-3.38218777E-04	-2.02713132E-03	-4.23102906E-03	-4.53866923E-03	 1.74387426E-03	-4.15332733E-03	-6.94135977E-03	 5.34739551E-03
 7.520000E-01	-5.48076086E-05	-9.69805954E-05	-6.19688159E-05	 1.58533916E-04	 6.84481608E-04	 1.03142983E-03	 4.29755180E-04	 9.51938738E-04	 4.59671809E-03	-2.89232215E-03	 3.80563671E-04	 3.75029790E-04	-3.03859249E-04	-1.98551695E-03	-4.24048133E-03	-4.66630705E-03	 1.76533856E-03	-4.18842737E-03	-7.10458757E-03	 5.45791633E-03
 7.530000E-01	-5.36163582E-05	-9.76421996E-05	-6.68757747E-05	 1.49542103E-04	 6.75693515E-04	 1.02673932E-03	 4.55709905E-04	 9.45674605E-04	 4.69828270E-03	-2.95201422E-03	 3.79181914E-04	 3.88046345E-04	-2.69700188E-04	-1.94346953E-03	-4.24620378E-03	-4.78307177E-03	 1.76108966E-03	-4.21095358E-03	-7.26858234E-03	 5.56923833E-03
 7.540000E-01	-5.23689411E-05	-9.81995065E-05	-7.17063556E-05	 1.40424169E-04	 6.66125189E-04	 1.02092603E-03	 4.84537504E-04	 9.38678745E-04	 4.80177359E-03	-3.01312084E-03	 3.77518359E-04	 4.00641919E-04	-2.35735144E-04	-1.90097110E-03	-4.24821278E-03	-4.88947756E-03	 1.73151944E-03	-4.22081897E-03	-7.43346793E-03	 5.68148463E-03
 7.550000E-01	-5.10662725E-05	-9.86525718E-05	-7.64573835E-05	 1.31180868E-04	 6.55803464E-04	 1.01414148E-03	 5.15749000E-04	 9.31104192E-04	 4.90738495E-03	-3.07565489E-03	 3.75570119E-04	 4.12819218E-04	-2.01942333E-04	-1.85796765E-03	-4.24660582E-03	-4.98644846E-03	 1.67802423E-03	-4.21860012E-03	-7.59952301E-03	 5.79487868E-03
 7.560000E-01	-4.97102975E-05	-9.90022902E-05	-8.11239873E-05	 1.21823220E-04	 6.44764236E-04	 1.00648050E-03	 5.48900465E-04	 9.23035931E-04	 5.01530379E-03	-3.13960928E-03	 3.73333207E-04	 4.24583334E-04	-1.68290954E-04	-1.81438112E-03	-4.24153188E-03	-5.07514628E-03	 1.60272613E-03	-4.20540876E-03	-7.76715238E-03	 5.90972198E-03
 7.570000E-01	-4.83035675E-05	-9.92504392E-05	-8.57012889E-05	 1.12368004E-04	 6.33051826E-04	 9.98003750E-04	 5.83571863E-04	 9.14512777E-04	 5.12570326E-03	-3.20496737E-03	 3.70802759E-04	 4.35940434E-04	-1.34745328E-04	-1.77011899E-03	-4.23315768E-03	-5.15679973E-03	 1.50815818E-03	-4.18270826E-03	-7.93684745E-03	 6.02636652E-03
 7.580000E-01	-4.68489332E-05	-9.93994711E-05	-9.01850695E-05	 1.02834428E-04	 6.20718433E-04	 9.88762178E-04	 6.19350388E-04	 9.05559901E-04	 5.23874136E-03	-3.27171062E-03	 3.67973400E-04	 4.46895001E-04	-1.01273315E-04	-1.72509014E-03	-4.22164656E-03	-5.23257710E-03	 1.39695100E-03	-4.15212529E-03	-8.10914563E-03	 6.14517895E-03
 7.590000E-01	-4.53492507E-05	-9.94522141E-05	-9.45721065E-05	 9.32411919E-05	 6.07821164E-04	 9.78811705E-04	 6.55822152E-04	 8.96214608E-04	 5.35456179E-03	-3.33982588E-03	 3.64839695E-04	 4.57448575E-04	-6.78507317E-05	-1.67921458E-03	-4.20714212E-03	-5.30350026E-03	 1.27158560E-03	-4.11527990E-03	-8.28459259E-03	 6.26651213E-03
 7.600000E-01	-4.38072845E-05	-9.94115718E-05	-9.88598186E-05	 8.36053698E-05	 5.94418747E-04	 9.68218788E-04	 6.92580024E-04	 8.86541135E-04	 5.47329613E-03	-3.40930773E-03	 3.61396779E-04	 4.67598720E-04	-3.44657564E-05	-1.63243195E-03	-4.18976168E-03	-5.37040696E-03	 1.13422029E-03	-4.07365832E-03	-8.46371473E-03	 6.39068038E-03
 7.610000E-01	-4.22255790E-05	-9.92802895E-05	-1.03046123E-04	 7.39414674E-05	 5.80566933E-04	 9.57055421E-04	 7.29236824E-04	 8.76628912E-04	 5.59506418E-03	-3.48016059E-03	 3.57640695E-04	 4.77339883E-04	-1.11733823E-06	-1.58470025E-03	-4.16958956E-03	-5.43393856E-03	 9.86611113E-04	-4.02852313E-03	-8.64700125E-03	 6.51794748E-03
 7.620000E-01	-4.06063659E-05	-9.90607395E-05	-1.07129187E-04	 6.42612347E-05	 5.66314524E-04	 9.45390228E-04	 7.65442104E-04	 8.66579618E-04	 5.71997471E-03	-3.55239814E-03	 3.53568425E-04	 4.86664489E-04	 3.21878725E-05	-1.53599171E-03	-4.14667488E-03	-5.49455170E-03	 8.30102509E-04	-3.98086670E-03	-8.83489594E-03	 6.64852240E-03
 7.630000E-01	-3.89514864E-05	-9.87547262E-05	-1.11107159E-04	 5.45739462E-05	 5.51700506E-04	 9.33278883E-04	 8.00896595E-04	 8.56486695E-04	 5.84812748E-03	-3.62604091E-03	 3.49177535E-04	 4.95564031E-04	 6.54396132E-05	-1.48628669E-03	-4.12103264E-03	-5.55254513E-03	 6.65670473E-04	-3.93140373E-03	-9.02779595E-03	 6.78256407E-03
 7.640000E-01	-3.72624251E-05	-9.83634026E-05	-1.14977807E-04	 4.48874465E-05	 5.36753770E-04	 9.20758071E-04	 8.35360920E-04	 8.46415464E-04	 5.97961625E-03	-3.70111086E-03	 3.44465705E-04	 5.04029371E-04	 9.86263074E-05	-1.43556963E-03	-4.09264847E-03	-5.60809613E-03	 4.93988129E-04	-3.88059601E-03	-9.22605746E-03	 6.92018904E-03
 7.650000E-01	-3.55405285E-05	-9.78874063E-05	-1.18738145E-04	 3.52098305E-05	 5.21495904E-04	 9.07846526E-04	 8.68656794E-04	 8.36393611E-04	 6.11453095E-03	-3.77762397E-03	 3.39430665E-04	 5.12050150E-04	 1.31733635E-04	-1.38383035E-03	-4.06148827E-03	-5.66130154E-03	 3.15487670E-04	-3.82869935E-03	-9.43000656E-03	 7.06147561E-03
 7.660000E-01	-3.37871936E-05	-9.73271377E-05	-1.22384505E-04	 2.55502926E-05	 5.05944605E-04	 8.94550037E-04	 9.00656589E-04	 8.26412510E-04	 6.25295739E-03	-3.85558700E-03	 3.34070335E-04	 5.19614735E-04	 1.64743868E-04	-1.33106445E-03	-4.02750576E-03	-5.71220884E-03	 1.30421056E-04	-3.77581357E-03	-9.63994921E-03	 7.20646970E-03
 7.670000E-01	-3.20040501E-05	-9.66830821E-05	-1.25912769E-04	 1.59195147E-05	 4.90116864E-04	 8.80869414E-04	 9.31269764E-04	 8.16438800E-04	 6.39497628E-03	-3.93499763E-03	 3.28383363E-04	 5.26710376E-04	 1.97634390E-04	-1.27727567E-03	-3.99065137E-03	-5.76084256E-03	-6.10926473E-05	-3.72193375E-03	-9.85617814E-03	 7.35519018E-03
 7.680000E-01	-3.01928637E-05	-9.59559416E-05	-1.29318948E-04	 6.32863488E-06	 4.74029525E-04	 8.66803932E-04	 9.60424509E-04	 8.06423690E-04	 6.54066199E-03	-4.01585137E-03	 3.22368997E-04	 5.33324409E-04	 2.30381215E-04	-1.22247017E-03	-3.95087140E-03	-5.80721276E-03	-2.59015151E-04	-3.66698613E-03	-1.00789741E-02	 7.50764461E-03
 7.690000E-01	-2.83554537E-05	-9.51466590E-05	-1.32599479E-04	-3.21139838E-06	 4.57699767E-04	 8.52354257E-04	 9.88055784E-04	 7.96312100E-04	 6.69008248E-03	-4.09814549E-03	 3.16026768E-04	 5.39444509E-04	 2.62960619E-04	-1.16665318E-03	-3.90810680E-03	-5.85132230E-03	-4.63360534E-04	-3.61085562E-03	-1.03086098E-02	 7.66383986E-03
 7.700000E-01	-2.64934812E-05	-9.42562622E-05	-1.35751485E-04	-1.26909149E-05	 4.41144456E-04	 8.37522489E-04	 1.01409614E-03	 7.86046133E-04	 6.84329938E-03	-4.18188287E-03	 3.09355536E-04	 5.45058557E-04	 2.95352003E-04	-1.10982241E-03	-3.86228524E-03	-5.89316330E-03	-6.74177539E-04	-3.55339367E-03	-1.05453556E-02	 7.82379124E-03
 7.710000E-01	-2.46084346E-05	-9.32857421E-05	-1.38772613E-04	-2.21017181E-05	 4.24379892E-04	 8.22314739E-04	 1.03848086E-03	 7.75567863E-04	 7.00037119E-03	-4.26706944E-03	 3.02353307E-04	 5.50153585E-04	 3.27535760E-04	-1.05197020E-03	-3.81332132E-03	-5.93272305E-03	-8.91563209E-04	-3.49442415E-03	-1.07894900E-02	 7.98751926E-03
 7.720000E-01	-2.27016016E-05	-9.22359069E-05	-1.41660844E-04	-3.14373615E-05	 4.07420034E-04	 8.06741070E-04	 1.06115993E-03	 7.64813921E-04	 7.16135787E-03	-4.35371262E-03	 2.95017351E-04	 5.54715328E-04	 3.59491769E-04	-9.93085568E-04	-3.76111673E-03	-5.96998608E-03	-1.11567900E-03	-3.43373986E-03	-1.10413073E-02	 8.15504784E-03
 7.730000E-01	-2.07741721E-05	-9.11073596E-05	-1.44414160E-04	-4.06926782E-05	 3.90274699E-04	 7.90814387E-04	 1.08211546E-03	 7.53704705E-04	 7.32632738E-03	-4.44181792E-03	 2.87344993E-04	 5.58728237E-04	 3.91196744E-04	-9.33159376E-04	-3.70556461E-03	-6.00493855E-03	-1.34677210E-03	-3.37109719E-03	-1.13011260E-02	 8.32640006E-03
 7.740000E-01	-1.88272807E-05	-8.99004842E-05	-1.47030291E-04	-4.98630944E-05	 3.72947925E-04	 7.74545112E-04	 1.10136942E-03	 7.42127035E-04	 7.49536128E-03	-4.53138725E-03	 2.79333965E-04	 5.62176074E-04	 4.22624451E-04	-8.72184919E-04	-3.64654845E-03	-6.03756112E-03	-1.58517724E-03	-3.30619869E-03	-1.15692962E-02	 8.50159715E-03
 7.750000E-01	-1.68621068E-05	-8.86154909E-05	-1.49506309E-04	-5.89430500E-05	 3.55438820E-04	 7.57934442E-04	 1.11897483E-03	 7.29918264E-04	 7.66855997E-03	-4.62241474E-03	 2.70982355E-04	 5.65042388E-04	 4.53746897E-04	-8.10156934E-04	-3.58394097E-03	-6.06781892E-03	-1.83129738E-03	-3.23867835E-03	-1.18462048E-02	 8.68065494E-03
 7.760000E-01	-1.48801213E-05	-8.72526455E-05	-1.51838140E-04	-6.79232891E-05	 3.37747163E-04	 7.40969397E-04	 1.13498201E-03	 7.16865163E-04	 7.84604292E-03	-4.71487996E-03	 2.62288238E-04	 5.67310785E-04	 4.84536031E-04	-7.47070030E-04	-3.51760659E-03	-6.09565786E-03	-2.08555776E-03	-3.16811286E-03	-1.21322704E-02	 8.86358255E-03
 7.770000E-01	-1.28835359E-05	-8.58129046E-05	-1.54020488E-04	-7.67876834E-05	 3.19885343E-04	 7.23626173E-04	 1.14937697E-03	 7.02739254E-04	 8.02793175E-03	-4.80874264E-03	 2.53249284E-04	 5.68964957E-04	 5.14965148E-04	-6.82917034E-04	-3.44740863E-03	-6.12101623E-03	-2.34834974E-03	-3.09407776E-03	-1.24279179E-02	 9.05038960E-03
 7.780000E-01	-1.08757980E-05	-8.42990308E-05	-1.56048051E-04	-8.55120585E-05	 3.01893832E-04	 7.05889887E-04	 1.16201212E-03	 6.87383863E-04	 8.21430578E-03	-4.90394849E-03	 2.43862801E-04	 5.69988672E-04	 5.45009080E-04	-6.17688017E-04	-3.37321811E-03	-6.14385691E-03	-2.62001152E-03	-3.01624157E-03	-1.27335407E-02	 9.24110646E-03
 7.790000E-01	-8.86139666E-06	-8.27164252E-05	-1.57918691E-04	-9.40696921E-05	 2.83848498E-04	 6.87788317E-04	 1.17257756E-03	 6.70821848E-04	 8.40513958E-03	-5.00046131E-03	 2.34125027E-04	 5.70365408E-04	 5.74646334E-04	-5.51361151E-04	-3.29490534E-03	-6.16420184E-03	-2.90089392E-03	-2.93442881E-03	-1.30494727E-02	 9.43582486E-03
 7.800000E-01	-6.84446661E-06	-8.10726774E-05	-1.59637879E-04	-1.02445968E-04	 2.65844562E-04	 6.69429962E-04	 1.18069659E-03	 6.53300966E-04	 8.60027130E-03	-5.09831607E-03	 2.24029699E-04	 5.70077053E-04	 6.03861551E-04	-4.83887398E-04	-3.21230692E-03	-6.18216039E-03	-3.19157684E-03	-2.84856388E-03	-1.33760224E-02	 9.63474365E-03
 7.810000E-01	-4.82583478E-06	-7.93745455E-05	-1.61222044E-04	-1.10660348E-04	 2.47945298E-04	 6.51018254E-04	 1.18619462E-03	 6.35151531E-04	 8.79947614E-03	-5.19767257E-03	 2.13564497E-04	 5.69100272E-04	 6.32649091E-04	-4.15165579E-04	-3.12515544E-03	-6.19791821E-03	-3.49322504E-03	-2.75839179E-03	-1.37136248E-02	 9.83820274E-03
 7.820000E-01	-2.79972608E-06	-7.76227216E-05	-1.62697163E-04	-1.18784445E-04	 2.30104058E-04	 6.32816900E-04	 1.18950517E-03	 6.16394077E-04	 9.00270342E-03	-5.29881336E-03	 2.02707734E-04	 5.67400779E-04	 6.61009962E-04	-3.45028145E-04	-3.03299627E-03	-6.21167794E-03	-3.80801128E-03	-2.66298302E-03	-1.40631469E-02	 1.00466488E-02
 7.830000E-01	-7.52127963E-07	-7.58060490E-05	-1.64088944E-04	-1.26938691E-04	 2.12094633E-04	 6.15041975E-04	 1.19200059E-03	 5.96183609E-04	 9.21044393E-03	-5.40204256E-03	 1.91426807E-04	 5.64927141E-04	 6.88940109E-04	-2.73251480E-04	-2.93512740E-03	-6.22352859E-03	-4.13934826E-03	-2.56017859E-03	-1.44262728E-02	 1.02605058E-02
 7.840000E-01	 1.33599398E-06	-7.38994062E-05	-1.65403813E-04	-1.35248682E-04	 1.93512123E-04	 5.97691843E-04	 1.19590083E-03	 5.72423938E-04	 9.42404031E-03	-5.50746070E-03	 1.79683167E-04	 5.61609917E-04	 7.16408254E-04	-1.99613360E-04	-2.83063405E-03	-6.23327739E-03	-4.49160494E-03	-2.44637365E-03	-1.48057496E-02	 1.04799436E-02
 7.850000E-01	 3.47874199E-06	-7.18694413E-05	-1.66604854E-04	-1.43755091E-04	 1.73907637E-04	 5.80362854E-04	 1.20340039E-03	 5.42042399E-04	 9.64559972E-03	-5.61467389E-03	 1.67443822E-04	 5.57369604E-04	 7.43332169E-04	-1.23989619E-04	-2.71855810E-03	-6.24028365E-03	-4.86900861E-03	-2.31709977E-03	-1.52051688E-02	 1.07046370E-02
 7.860000E-01	 5.66911062E-06	-6.96910695E-05	-1.67593924E-04	-1.52297209E-04	 1.53078036E-04	 5.62152349E-04	 1.21494478E-03	 5.02329669E-04	 9.87716541E-03	-5.72256119E-03	 1.54698360E-04	 5.52135382E-04	 7.69564073E-04	-4.64653348E-05	-2.59819748E-03	-6.24337823E-03	-5.27379018E-03	-2.16869865E-03	-1.56280375E-02	 1.09336377E-02
 7.870000E-01	 7.86192916E-06	-6.73720004E-05	-1.68214327E-04	-1.60421065E-04	 1.31444741E-04	 5.41762716E-04	 1.22713613E-03	 4.53242118E-04	 1.01190797E-02	-5.82928920E-03	 1.41474127E-04	 5.45866952E-04	 7.94892611E-04	 3.25845950E-05	-2.46944837E-03	-6.24091923E-03	-5.70409127E-03	-2.00084810E-03	-1.60761910E-02	 1.11655062E-02
 7.880000E-01	 9.96482673E-06	-6.49767975E-05	-1.68286232E-04	-1.67381070E-04	 1.10352872E-04	 5.17876536E-04	 1.23133729E-03	 3.99787553E-04	 1.03680275E-02	-5.93272293E-03	 1.27843873E-04	 5.38572163E-04	 8.19064576E-04	 1.12486649E-04	-2.33305550E-03	-6.23100319E-03	-6.15252968E-03	-1.81911343E-03	-1.65480089E-02	 1.13987589E-02
 7.890000E-01	 1.18468046E-05	-6.26373532E-05	-1.67674677E-04	-1.72286493E-04	 9.20784556E-05	 4.89760235E-04	 1.21423336E-03	 3.52984949E-04	 1.06158210E-02	-6.03124536E-03	 1.13920541E-04	 5.30311132E-04	 8.41820310E-04	 1.92350238E-04	-2.19064195E-03	-6.21177974E-03	-6.60627624E-03	-1.63635354E-03	-1.70371957E-02	 1.16325585E-02
 7.900000E-01	 1.33692169E-05	-6.05383119E-05	-1.66373748E-04	-1.74391442E-04	 7.93906492E-05	 4.57919068E-04	 1.16108605E-03	 3.27962615E-04	 1.08501828E-02	-6.12478280E-03	 9.98392139E-05	 5.21184829E-04	 8.62935607E-04	 2.71230704E-04	-2.04445073E-03	-6.18176294E-03	-7.04898317E-03	-1.47203477E-03	-1.75328823E-02	 1.18674250E-02
 7.910000E-01	 1.44349076E-05	-5.88733351E-05	-1.64574401E-04	-1.73451855E-04	 7.46881031E-05	 4.24525253E-04	 1.06123501E-03	 3.38807034E-04	 1.10582741E-02	-6.21564752E-03	 8.57300975E-05	 5.11309632E-04	 8.82256743E-04	 3.48327672E-04	-1.89684065E-03	-6.14000802E-03	-7.46411095E-03	-1.34929725E-03	-1.80213864E-02	 1.21056524E-02
 7.920000E-01	 1.50409725E-05	-5.77799924E-05	-1.62677674E-04	-1.70012082E-04	 7.89487687E-05	 3.93335325E-04	 9.14039748E-04	 3.91517387E-04	 1.12324992E-02	-6.30877652E-03	 7.16906927E-05	 5.00784064E-04	 8.99712731E-04	 4.23145430E-04	-1.74970140E-03	-6.08605815E-03	-7.83848448E-03	-1.29065527E-03	-1.84892188E-02	 1.23511828E-02
 7.930000E-01	 1.53142103E-05	-5.72726286E-05	-1.61226576E-04	-1.65474522E-04	 9.08889241E-05	 3.68930357E-04	 7.32643454E-04	 4.78020751E-04	 1.13766637E-02	-6.41109217E-03	 5.77681906E-05	 4.89660501E-04	 9.15298565E-04	 4.95549360E-04	-1.60401525E-03	-6.01967482E-03	-8.16468871E-03	-1.31396021E-03	-1.89262159E-02	 1.26088985E-02
 7.940000E-01	 1.55097396E-05	-5.71981495E-05	-1.60756056E-04	-1.61859235E-04	 1.06740013E-04	 3.55334987E-04	 5.43230103E-04	 5.74675946E-04	 1.15095831E-02	-6.52997057E-03	 4.39592626E-05	 4.77932267E-04	 9.29032700E-04	 5.65690112E-04	-1.45975099E-03	-5.94047287E-03	-8.44139694E-03	-1.43018553E-03	-1.93274800E-02	 1.28835648E-02
 7.950000E-01	 1.59631449E-05	-5.72375766E-05	-1.61598234E-04	-1.61271017E-04	 1.20887373E-04	 3.54365093E-04	 3.78907584E-04	 6.47464670E-04	 1.16633945E-02	-6.67107709E-03	 3.02274840E-05	 4.65541949E-04	 9.40907944E-04	 6.33831198E-04	-1.31612137E-03	-5.84762407E-03	-8.67164895E-03	-1.64373566E-03	-1.96932979E-02	 1.31787708E-02
 7.960000E-01	 1.70037195E-05	-5.69646875E-05	-1.63715228E-04	-1.65228183E-04	 1.27306436E-04	 3.64334340E-04	 2.69632203E-04	 6.63248955E-04	 1.18755165E-02	-6.83615718E-03	 1.65306462E-05	 4.52407396E-04	 9.50858900E-04	 7.00158647E-04	-1.17207868E-03	-5.73977691E-03	-8.85998628E-03	-1.95477843E-03	-2.00271277E-02	 1.34961995E-02
 7.970000E-01	 1.88555645E-05	-5.59519174E-05	-1.66641041E-04	-1.74109897E-04	 1.21361119E-04	 3.79802178E-04	 2.31799691E-04	 6.03112977E-04	 1.21761656E-02	-7.02164250E-03	 2.84539638E-06	 4.38453831E-04	 9.58762743E-04	 7.64660308E-04	-1.02682300E-03	-5.61525994E-03	-9.00980270E-03	-2.36215229E-03	-2.03326838E-02	 1.38354674E-02
 7.980000E-01	 2.15635111E-05	-5.38913345E-05	-1.69579741E-04	-1.86970037E-04	 1.01283969E-04	 3.92721457E-04	 2.61954744E-04	 4.71817530E-04	 1.25761650E-02	-7.21885445E-03	-1.08201584E-05	 4.23641443E-04	 9.64476772E-04	 8.27125781E-04	-8.80104173E-04	-5.47251542E-03	-9.12207899E-03	-2.86524728E-03	-2.06116355E-02	 1.41945983E-02
 7.990000E-01	 2.49748533E-05	-5.06868869E-05	-1.71639579E-04	-2.01823276E-04	 6.87253991E-05	 3.94746719E-04	 3.37669950E-04	 2.98355944E-04	 1.30606351E-02	-7.41608099E-03	-2.44304300E-05	 4.07975865E-04	 9.67889354E-04	 8.87247628E-04	-7.32218084E-04	-5.31056234E-03	-9.19585521E-03	-3.46399949E-03	-2.08630615E-02	 1.45709420E-02
 8.000000E-01	 2.87863384E-05	-4.64818870E-05	-1.72117256E-04	-2.16303822E-04	 2.81226370E-05	 3.79880691E-04	 4.25529109E-04	 1.26473793E-04	 1.35921717E-02	-7.60201106E-03	-3.79365922E-05	 3.91501702E-04	 9.68957003E-04	 9.44750677E-04	-5.83764071E-04	-5.12926502E-03	-9.22982528E-03	-4.15742093E-03	-2.10847555E-02	 1.49620824E-02
 8.010000E-01	 3.26389446E-05	-4.16093107E-05	-1.70714874E-04	-2.28425505E-04	-1.48462839E-05	 3.46371668E-04	 4.92831625E-04	-1.08014207E-06	 1.41229002E-02	-7.76930706E-03	-5.12928103E-05	 3.74282428E-04	 9.67705093E-04	 9.99471822E-04	-4.35339527E-04	-4.92925897E-03	-9.22384195E-03	-4.94193266E-03	-2.12753421E-02	 1.53662928E-02
 8.020000E-01	 3.62227926E-05	-3.64850625E-05	-1.67601324E-04	-2.37134233E-04	-5.50700580E-05	 2.97073132E-04	 5.17976816E-04	-5.75730984E-05	 1.46104919E-02	-7.91686690E-03	-6.44638500E-05	 3.56381818E-04	 9.64198138E-04	 1.05135023E-03	-2.87364033E-04	-4.71162492E-03	-9.17940565E-03	-5.81072617E-03	-2.14357855E-02	 1.57823262E-02
 8.030000E-01	 3.93537936E-05	-3.14852656E-05	-1.63302334E-04	-2.42460241E-04	-8.93700968E-05	 2.38163707E-04	 4.95435228E-04	-4.00642707E-05	 1.50313652E-02	-8.04989648E-03	-7.74226335E-05	 3.37855460E-04	 9.58502254E-04	 1.10035424E-03	-1.40107637E-04	-4.47753582E-03	-9.09899256E-03	-6.75435784E-03	-2.15694486E-02	 1.62087827E-02
 8.040000E-01	 4.19990952E-05	-2.68506655E-05	-1.58477025E-04	-2.45269996E-04	-1.17004497E-04	 1.76812675E-04	 4.34100733E-04	 3.28259631E-05	 1.53858816E-02	-8.17779604E-03	-9.01400561E-05	 3.18759790E-04	 9.50671412E-04	 1.14640478E-03	 6.11614603E-06	-4.22818813E-03	-8.98499270E-03	-7.76175349E-03	-2.16810760E-02	 1.66435588E-02
 8.050000E-01	 4.42504485E-05	-2.26460950E-05	-1.53676641E-04	-2.46772926E-04	-1.39277408E-04	 1.18738860E-04	 3.50732772E-04	 1.31145050E-04	 1.56941736E-02	-8.31066738E-03	-1.02578064E-04	 2.99170543E-04	 9.40774817E-04	 1.18937320E-03	 1.50766305E-04	-3.96514664E-03	-8.83930662E-03	-8.82032147E-03	-2.17760853E-02	 1.70840647E-02
 8.060000E-01	 4.62623392E-05	-1.87827650E-05	-1.49179519E-04	-2.48005989E-04	-1.58544067E-04	 6.66122186E-05	 2.61916822E-04	 2.26499140E-04	 1.59853113E-02	-8.45569545E-03	-1.14695512E-04	 2.79197755E-04	 9.28961167E-04	 1.22919611E-03	 2.93095305E-04	-3.69099662E-03	-8.66439011E-03	-9.91459535E-03	-2.18617560E-02	 1.75286811E-02
 8.070000E-01	 4.81819639E-05	-1.50890437E-05	-1.44958176E-04	-2.49492511E-04	-1.77064263E-04	 1.98680679E-05	 1.77979055E-04	 3.01644332E-04	 1.62850871E-02	-8.61478844E-03	-1.26475598E-04	 2.58972752E-04	 9.15519861E-04	 1.26609532E-03	 4.32544472E-04	-3.40979602E-03	-8.46557099E-03	-1.10243576E-02	-2.19507967E-02	 1.79794129E-02
 8.080000E-01	 5.00975588E-05	-1.14004471E-05	-1.40779631E-04	-2.51182087E-04	-1.96144615E-04	-2.40795781E-05	 1.00982488E-04	 3.52987325E-04	 1.66078398E-02	-8.78452015E-03	-1.37971053E-04	 2.38591579E-04	 9.00879711E-04	 1.30080715E-03	 5.69503541E-04	-3.12664325E-03	-8.25344266E-03	-1.21249826E-02	-2.20656547E-02	 1.84446996E-02
 8.090000E-01	 5.20234743E-05	-7.63203566E-06	-1.36385518E-04	-2.52664815E-04	-2.15866551E-04	-6.78475075E-05	 2.69722500E-05	 3.85936518E-04	 1.69555457E-02	-8.95870395E-03	-1.49351931E-04	 2.18012262E-04	 8.85485444E-04	 1.33466902E-03	 7.06209493E-04	-2.84574430E-03	-8.04434557E-03	-1.31933170E-02	-2.22396554E-02	 1.89403718E-02
 8.100000E-01	 5.39263541E-05	-3.80061949E-06	-1.31663791E-04	-2.53550488E-04	-2.35487457E-04	-1.12338591E-04	-4.91261310E-05	 4.06770363E-04	 1.73237507E-02	-9.13278067E-03	-1.60926010E-04	 1.96936800E-04	 8.69537762E-04	 1.36940460E-03	 8.47315909E-04	-2.56698831E-03	-7.85715743E-03	-1.42208107E-02	-2.25102704E-02	 1.94862172E-02
 8.110000E-01	 5.57804663E-05	 1.97139284E-08	-1.26719562E-04	-2.53831692E-04	-2.54346010E-04	-1.56291346E-04	-1.28661778E-04	 4.16685501E-04	 1.77102098E-02	-9.30797462E-03	-1.73098564E-04	 1.74736508E-04	 8.52652135E-04	 1.40651865E-03	 9.99558274E-04	-2.28198358E-03	-7.70575745E-03	-1.52313037E-02	-2.29018249E-02	 2.00964164E-02
 8.120000E-01	 5.76252520E-05	 3.79642583E-06	-1.21789984E-04	-2.54039326E-04	-2.72863366E-04	-1.97670608E-04	-2.07170585E-04	 4.12809129E-04	 1.81200767E-02	-9.49241980E-03	-1.86245521E-04	 1.50503466E-04	 8.33581230E-04	 1.44635631E-03	 1.17001758E-03	-1.97163698E-03	-7.58865898E-03	-1.62950803E-02	-2.34004962E-02	 2.07646910E-02
 8.130000E-01	 5.95908755E-05	 7.64716452E-06	-1.17018235E-04	-2.55057603E-04	-2.93087678E-04	-2.36514052E-04	-2.76617264E-04	 3.96996258E-04	 1.85626016E-02	-9.69699772E-03	-2.00503778E-04	 1.23297392E-04	 8.10203074E-04	 1.48708336E-03	 1.36289344E-03	-1.60795959E-03	-7.47965736E-03	-1.75261395E-02	-2.39323147E-02	 2.14494719E-02
 8.140000E-01	 6.18625773E-05	 1.18896947E-05	-1.12185120E-04	-2.57591679E-04	-3.18274743E-04	-2.77782977E-04	-3.31530511E-04	 3.87571389E-04	 1.90388987E-02	-9.92586140E-03	-2.15526758E-04	 9.26027786E-05	 7.79966246E-04	 1.52403929E-03	 1.57539554E-03	-1.16227346E-03	-7.32500687E-03	-1.90502888E-02	-2.43614535E-02	 2.20690024E-02
 8.150000E-01	 6.45750755E-05	 1.69654943E-05	-1.06557764E-04	-2.61446561E-04	-3.51282085E-04	-3.32084031E-04	-3.76429434E-04	 4.24479077E-04	 1.95270511E-02	-1.01653130E-02	-2.30304975E-04	 5.89041474E-05	 7.40858131E-04	 1.55001519E-03	 1.79424667E-03	-6.19823038E-04	-7.05233242E-03	-2.09409519E-02	-2.45259306E-02	 2.25182413E-02
 8.160000E-01	 6.76627158E-05	 2.32076142E-05	-9.90187882E-05	-2.64942861E-04	-3.92097967E-04	-4.12359678E-04	-4.30391624E-04	 5.57927480E-04	 1.99763999E-02	-1.03784285E-02	-2.43188147E-04	 2.41546208E-05	 6.92728466E-04	 1.55692169E-03	 1.99504927E-03	 2.91082457E-06	-6.59364285E-03	-2.31379315E-02	-2.43161789E-02	 2.27149807E-02
 8.170000E-01	 7.07320480E-05	 3.05038263E-05	-8.85534446E-05	-2.64889692E-04	-4.35526006E-04	-5.26214731E-04	-5.24553518E-04	 8.17080287E-04	 2.03229817E-02	-1.05140741E-02	-2.52237054E-04	-8.19862476E-06	 6.38486258E-04	 1.53891234E-03	 2.14684260E-03	 6.46262785E-04	-5.91902015E-03	-2.53867785E-02	-2.37775596E-02	 2.26687822E-02
 8.180000E-01	 7.30512147E-05	 3.80081110E-05	-7.49906047E-05	-2.57455634E-04	-4.70587236E-04	-6.66336077E-04	-6.90485879E-04	 1.16848658E-03	 2.05292309E-02	-1.05346195E-02	-2.55941602E-04	-3.39524626E-05	 5.84446338E-04	 1.49629669E-03	 2.22284561E-03	 1.21127473E-03	-5.06992855E-03	-2.72505621E-02	-2.31881436E-02	 2.25450665E-02
 8.190000E-01	 7.37378556E-05	 4.41215850E-05	-5.96751941E-05	-2.39952446E-04	-4.83094225E-04	-8.04312575E-04	-9.41757622E-04	 1.48840647E-03	 2.06340667E-02	-1.04556413E-02	-2.54168051E-04	-4.97420583E-05	 5.39153907E-04	 1.43876651E-03	 2.21556692E-03	 1.58711868E-03	-4.17544649E-03	-2.82350470E-02	-2.30462562E-02	 2.26788703E-02
 8.200000E-01	 7.21574813E-05	 4.69288885E-05	-4.56202314E-05	-2.13032379E-04	-4.61774875E-04	-8.94074386E-04	-1.25598591E-03	 1.57901750E-03	 2.07823311E-02	-1.03770330E-02	-2.49001311E-04	-5.51589831E-05	 5.10498787E-04	 1.38602434E-03	 2.15107270E-03	 1.70049416E-03	-3.43581845E-03	-2.80236516E-02	-2.39196077E-02	 2.34944554E-02
 8.210000E-01	 6.84288061E-05	 4.51002453E-05	-3.67758394E-05	-1.82310058E-04	-4.06403893E-04	-8.88439348E-04	-1.56755164E-03	 1.24618214E-03	 2.11984303E-02	-1.04771215E-02	-2.45026587E-04	-5.45910728E-05	 5.01759993E-04	 1.36427704E-03	 2.09491013E-03	 1.57217812E-03	-3.06765117E-03	-2.67504634E-02	-2.61677848E-02	 2.53197871E-02
 8.220000E-01	 6.38185026E-05	 3.89922058E-05	-3.64081119E-05	-1.58272969E-04	-3.34428298E-04	-7.65811673E-04	-1.77933210E-03	 4.24752405E-04	 2.20886431E-02	-1.09496458E-02	-2.48658450E-04	-5.77363541E-05	 5.08057932E-04	 1.39842859E-03	 2.14300094E-03	 1.35487796E-03	-3.22179923E-03	-2.51804577E-02	-2.96342947E-02	 2.81445423E-02
 8.230000E-01	 6.07671631E-05	 3.14361623E-05	-4.50850824E-05	-1.53778529E-04	-2.81825941E-04	-5.56510443E-04	-1.79462643E-03	-7.01019471E-04	 2.34976110E-02	-1.18906941E-02	-2.66417370E-04	-7.79748033E-05	 5.15020302E-04	 1.50174205E-03	 2.39562137E-03	 1.32569954E-03	-3.90113332E-03	-2.46585814E-02	-3.34676361E-02	 3.14295355E-02
 8.240000E-01	 6.23713786E-05	 2.76581019E-05	-5.91530192E-05	-1.79372824E-04	-2.95307524E-04	-3.54023225E-04	-1.56070320E-03	-1.65611410E-03	 2.51872946E-02	-1.31789605E-02	-3.02487010E-04	-1.28514816E-04	 5.00948636E-04	 1.66634526E-03	 2.91980405E-03	 1.82000327E-03	-4.91174470E-03	-2.67583420E-02	-3.62235517E-02	 3.40965268E-02
 8.250000E-01	 7.13470379E-05	 3.40136455E-05	-7.06123384E-05	-2.37774534E-04	-4.16307745E-04	-2.99294030E-04	-1.10766878E-03	-1.77121305E-03	 2.66228049E-02	-1.44180963E-02	-3.56290076E-04	-2.17211690E-04	 4.42546633E-04	 1.85855336E-03	 3.71212733E-03	 3.11737530E-03	-5.87403750E-03	-3.26901667E-02	-3.63032312E-02	 3.47844108E-02
 8.260000E-01	 8.87501924E-05	 5.57044845E-05	-6.88825035E-05	-3.19686964E-04	-6.61341298E-04	-5.36306185E-04	-5.64526258E-04	-4.20261070E-04	 2.71186421E-02	-1.50040382E-02	-4.21017028E-04	-3.41784365E-04	 3.22797509E-04	 2.02215054E-03	 4.67691035E-03	 5.31504849E-03	-6.30183370E-03	-4.26662758E-02	-3.26228600E-02	 3.23521791E-02
 8.270000E-01	 1.12925736E-04	 9.41793334E-05	-4.42083919E-05	-4.03177831E-04	-1.00639322E-03	-1.15095301E-03	-1.39906754E-04	 2.67287567E-03	 2.61244310E-02	-1.43346793E-02	-4.83902594E-04	-4.87410885E-04	 1.38493984E-04	 2.09054476E-03	 5.63222359E-03	 8.23749742E-03	-5.73480969E-03	-5.54925924E-02	-2.52601000E-02	 2.64786169E-02
 8.280000E-01	 1.39193377E-04	 1.45265706E-04	 8.29227325E-06	-4.58012264E-04	-1.38339192E-03	-2.11631155E-03	-6.61257697E-05	 7.18866705E-03	 2.35429586E-02	-1.21077027E-02	-5.28582206E-04	-6.28181626E-04	-9.53252339E-05	 2.00570422E-03	 6.34807962E-03	 1.14260069E-02	-3.89059992E-03	-6.86205387E-02	-1.57649224E-02	 1.81142069E-02
 8.290000E-01	 1.60614501E-04	 1.99045161E-04	 8.54383523E-05	-4.54618262E-04	-1.69366710E-03	-3.27056499E-03	-5.19042352E-04	 1.21636328E-02	 1.99212084E-02	-8.58488655E-03	-5.39176285E-04	-7.32733907E-04	-3.46163575E-04	 1.73868168E-03	 6.60958916E-03	 1.42290666E-02	-7.90409678E-04	-7.87415834E-02	-6.90431521E-03	 9.53311337E-03
 8.300000E-01	 1.69806658E-04	 2.41974648E-04	 1.75170379E-04	-3.75114800E-04	-1.83675554E-03	-4.34540796E-03	-1.54010418E-03	 1.62138734E-02	 1.63772036E-02	-4.67552436E-03	-5.04992713E-04	-7.72808492E-04	-5.70768836E-04	 1.30426603E-03	 6.28582622E-03	 1.59776444E-02	 3.19170397E-03	-8.27859706E-02	-1.82790687E-03	 3.84409552E-03
 8.310000E-01	 1.61290309E-04	 2.60834340E-04	 2.58927970E-04	-2.22104300E-04	-1.74521187E-03	-5.04267669E-03	-2.99356028E-03	 1.79855327E-02	 1.42337401E-02	-1.74144694E-03	-4.24247517E-04	-7.31984963E-04	-7.26218228E-04	 7.62929566E-04	 5.37872075E-03	 1.61897324E-02	 7.38853185E-03	-7.89783260E-02	-2.92128889E-03	 4.04091031E-03
 8.320000E-01	 1.33517837E-04	 2.47156552E-04	 3.16740456E-04	-2.10735540E-05	-1.41158680E-03	-5.13346053E-03	-4.58276898E-03	 1.66646438E-02	 1.44829627E-02	-1.14862255E-03	-3.05367181E-04	-6.11371376E-04	-7.81842697E-04	 2.07569861E-04	 4.03134843E-03	 1.47282560E-02	 1.10012899E-02	-6.75254728E-02	-1.08122208E-02	 1.19136600E-02
 8.330000E-01	 8.97645097E-05	 2.00405247E-04	 3.33318797E-04	 1.85444425E-04	-8.95660220E-04	-4.54058341E-03	-5.92690668E-03	 1.23262361E-02	 1.73175786E-02	-3.72713871E-03	-1.65263898E-04	-4.30001482E-04	-7.27868215E-04	-2.61340772E-04	 2.49031653E-03	 1.18506745E-02	 1.33142992E-02	-5.06356717E-02	-2.39803929E-02	 2.72616344E-02
 8.340000E-01	 3.74646179E-05	 1.28579570E-04	 3.02908505E-04	 3.50351339E-04	-3.07857754E-04	-3.37006988E-03	-6.67413534E-03	 5.95876698E-03	 2.19614463E-02	-9.37346693E-03	-2.50899634E-05	-2.19699118E-04	-5.77813313E-04	-5.63710235E-04	 1.03533089E-03	 8.13109422E-03	 1.38913591E-02	-3.18438068E-02	-3.91772513E-02	 4.77618770E-02
 8.350000E-01	-1.38098234E-05	 4.59564787E-05	 2.31105221E-04	 4.36539231E-04	 2.24964242E-04	-1.87841645E-03	-6.61083075E-03	-8.57652997E-04	 2.69030087E-02	-1.69864248E-02	 9.50839741E-05	-1.63173483E-05	-3.64045643E-04	-6.60971337E-04	-9.78707653E-05	 4.28677145E-03	 1.26877727E-02	-1.49102346E-02	-5.25028074E-02	 6.95823334E-02
 8.360000E-01	-5.49969589E-05	-3.11310964E-05	 1.33095195E-04	 4.28073840E-04	 5.97854688E-04	-3.90212508E-04	-5.72757314E-03	-6.48462458E-03	 3.04437284E-02	-2.47844085E-02	 1.80902958E-04	 1.49459394E-04	-1.28492308E-04	-5.63552923E-04	-7.74066706E-04	 9.77073763E-04	 1.00452215E-02	-2.72661901E-03	-6.06968752E-02	 8.85119429E-02
 8.370000E-01	-7.98996383E-05	-8.88810081E-05	 2.91641727E-05	 3.34134347E-04	 7.56131591E-04	 8.00058021E-04	-4.22036942E-03	-9.74994006E-03	 3.13261015E-02	-3.08822268E-02	 2.26341112E-04	 2.58772856E-04	 8.80575823E-05	-3.23481647E-04	-9.78546702E-04	-1.35434578E-03	 6.58058238E-03	 3.38034555E-03	-6.21335621E-02	 1.01176913E-01
 8.380000E-01	-8.65199219E-05	-1.19421794E-04	-6.08649998E-05	 1.84789727E-04	 7.05064175E-04	 1.50622502E-03	-2.42956925E-03	-1.02651461E-02	 2.91772655E-02	-3.38982786E-02	 2.33820053E-04	 3.07089327E-04	 2.54818061E-04	-1.61209084E-05	-8.00018599E-04	-2.55101471E-03	 3.01206485E-03	 3.76166981E-03	-5.71732694E-02	 1.05911013E-01
 8.390000E-01	-7.70692178E-05	-1.22086514E-04	-1.22495738E-04	 2.06537076E-05	 4.99947990E-04	 1.68535714E-03	-7.39394537E-04	-8.44246502E-03	 2.45979241E-02	-3.33610122E-02	 2.12198399E-04	 3.02542667E-04	 3.55985137E-04	 2.82014943E-04	-3.88145054E-04	-2.72331701E-03	-2.12393717E-05	 3.32446060E-05	-4.78162336E-02	 1.03018761E-01
 8.400000E-01	-5.68193964E-05	-1.02469209E-04	-1.49408089E-04	-1.19590457E-04	 2.22646234E-04	 1.42495351E-03	 5.27860527E-04	-5.24564598E-03	 1.88876649E-02	-2.97793108E-02	 1.73564185E-04	 2.61404055E-04	 3.91258332E-04	 5.12196211E-04	 9.66527237E-05	-2.16164215E-03	-2.09574821E-03	-5.62923198E-03	-3.68740720E-02	 9.44204132E-02
 8.410000E-01	-3.23037739E-05	-6.99098671E-05	-1.43769310E-04	-2.09524822E-04	-4.56278513E-05	 8.94839731E-04	 1.19006391E-03	-1.80393048E-03	 1.35469837E-02	-2.43839796E-02	 1.29924329E-04	 2.02548295E-04	 3.72654252E-04	 6.44202580E-04	 5.24704156E-04	-1.22324372E-03	-3.06485933E-03	-1.12011228E-02	-2.70205611E-02	 8.28858468E-02
 8.420000E-01	-9.49692917E-06	-3.44316914E-05	-1.14284583E-04	-2.40172495E-04	-2.45974469E-04	 2.85356163E-04	 1.23455722E-03	 9.53941036E-04	 9.76912168E-03	-1.86701347E-02	 9.06797315E-05	 1.42636241E-04	 3.19158743E-04	 6.77276460E-04	 8.19958117E-04	-2.31066304E-04	-3.04004480E-03	-1.53017715E-02	-2.00632610E-02	 7.11689602E-02
 8.430000E-01	 7.49400573E-06	-4.13513358E-06	-7.28763987E-05	-2.19115118E-04	-3.52184986E-04	-2.46399883E-04	 7.94793831E-04	 2.52487590E-03	 8.11112343E-03	-1.39263045E-02	 6.13625558E-05	 9.31157726E-05	 2.50992600E-04	 6.32979764E-04	 9.62322298E-04	 5.90390327E-04	-2.30967409E-03	-1.73707850E-02	-1.66343381E-02	 6.13286444E-02
 8.440000E-01	 1.69492410E-05	 1.62826591E-05	-3.11658649E-05	-1.64869525E-04	-3.69028739E-04	-6.07646207E-04	 8.87670591E-05	 2.86926621E-03	 8.43593257E-03	-1.09129855E-02	 4.36467643E-05	 5.93576542E-05	 1.85018805E-04	 5.43821551E-04	 9.74338493E-04	 1.13460211E-03	-1.22981225E-03	-1.75573075E-02	-1.63105642E-02	 5.44027280E-02
 8.450000E-01	 1.92993005E-05	 2.57189136E-05	 2.20522875E-06	-9.92825604E-05	-3.21967384E-04	-7.74596081E-04	-6.55018946E-04	 2.29324342E-03	 1.00966418E-02	-9.77055313E-03	 3.62709346E-05	 4.15372165E-05	 1.32178780E-04	 4.42050305E-04	 9.00689056E-04	 1.39605211E-03	-1.24042511E-04	-1.64395348E-02	-1.80189817E-02	 5.04476609E-02
 8.460000E-01	 1.63939966E-05	 2.58546682E-05	 2.28424560E-05	-4.08197951E-05	-2.43875390E-04	-7.76731451E-04	-1.25860469E-03	 1.25599819E-03	 1.22469206E-02	-1.01371007E-02	 3.63509348E-05	 3.64733484E-05	 9.70565066E-05	 3.51843566E-04	 7.88810558E-04	 1.43354823E-03	 7.81640840E-04	-1.47146967E-02	-2.05207871E-02	 4.88332036E-02
 8.470000E-01	 1.06224842E-05	 1.98640465E-05	 3.04447674E-05	-6.34953030E-07	-1.63814749E-04	-6.71522290E-04	-1.62684640E-03	 1.87993236E-04	 1.41399355E-02	-1.13860868E-02	 4.06137443E-05	 3.96139132E-05	 7.90565273E-05	 2.86140260E-04	 6.75881548E-04	 1.33090254E-03	 1.38018760E-03	-1.29652302E-02	-2.27963388E-02	 4.86290446E-02
 8.480000E-01	 4.17571303E-06	 1.11586567E-05	 2.76506346E-05	 1.81237264E-05	-1.00702154E-04	-5.20180438E-04	-1.74821970E-03	-6.23080187E-04	 1.53162540E-02	-1.28744843E-02	 4.62623103E-05	 4.65928878E-05	 7.43874491E-05	 2.47528309E-04	 5.83640001E-04	 1.16680906E-03	 1.66804891E-03	-1.15459159E-02	-2.42409945E-02	 4.89401967E-02
 8.490000E-01	-1.39096469E-06	 2.50669155E-06	 1.84940431E-05	 1.85291269E-05	-6.21332380E-05	-3.71215833E-04	-1.67248793E-03	-1.06352422E-03	 1.56485797E-02	-1.41192320E-02	 5.13880757E-05	 5.41169087E-05	 7.80750259E-05	 2.31529758E-04	 5.19481744E-04	 9.98582469E-04	 1.70895738E-03	-1.05809030E-02	-2.46743989E-02	 4.91113700E-02
 8.500000E-01	-5.28076235E-06	-4.36573336E-06	 7.01083043E-06	 6.95461076E-06	-4.68179887E-05	-2.53628802E-04	-1.47870345E-03	-1.16102593E-03	 1.52718065E-02	-1.48694457E-02	 5.50065699E-05	 6.02254966E-05	 8.54894041E-05	 2.30467266E-04	 4.80925559E-04	 8.58369878E-04	 1.59398928E-03	-1.00277477E-02	-2.42269785E-02	 4.87898874E-02
 8.510000E-01	-7.34695469E-06	-8.76548646E-06	-3.68407197E-06	-9.72538905E-06	-4.85021976E-05	-1.77860165E-04	-1.24588554E-03	-1.02230599E-03	 1.44578994E-02	-1.50874687E-02	 5.68647985E-05	 6.41262921E-05	 9.31949562E-05	 2.36606630E-04	 4.60716667E-04	 7.57329110E-04	 1.41002388E-03	-9.76116950E-03	-2.31840338E-02	 4.78844032E-02
 8.520000E-01	-7.87016790E-06	-1.07772105E-05	-1.17690932E-05	-2.60400938E-05	-5.96243472E-05	-1.41064674E-04	-1.03381515E-03	-7.72162521E-04	 1.34939566E-02	-1.48772379E-02	 5.71671324E-05	 6.58342592E-05	 9.91829974E-05	 2.44005427E-04	 4.50845478E-04	 6.93011071E-04	 1.22173499E-03	-9.64298092E-03	-2.18502967E-02	 4.64736287E-02
 8.530000E-01	-7.32421453E-06	-1.09272091E-05	-1.66391518E-05	-3.87226437E-05	-7.37595639E-05	-1.33459236E-04	-8.75749115E-04	-5.12221417E-04	 1.26001468E-02	-1.44013077E-02	 5.63229353E-05	 6.57930365E-05	 1.02683675E-04	 2.49114206E-04	 4.44862828E-04	 6.56507542E-04	 1.06639373E-03	-9.56377282E-03	-2.04660098E-02	 4.47117511E-02
 8.540000E-01	-6.19433342E-06	-9.88533166E-06	-1.85678560E-05	-4.66134342E-05	-8.66799220E-05	-1.43586415E-04	-7.80668549E-04	-3.03733280E-04	 1.18975807E-02	-1.38155008E-02	 5.47663249E-05	 6.45786785E-05	 1.03780923E-04	 2.50517585E-04	 4.38669054E-04	 6.37633878E-04	 9.57484863E-04	-9.45729197E-03	-1.91766174E-02	 4.27579777E-02
 8.550000E-01	-4.87090467E-06	-8.26283617E-06	-1.82965779E-05	-5.00586954E-05	-9.63558469E-05	-1.61595752E-04	-7.40780794E-04	-1.69210182E-04	 1.14162475E-02	-1.32329295E-02	 5.28565338E-05	 6.27171714E-05	 1.03008727E-04	 2.48272387E-04	 4.30315399E-04	 6.27804481E-04	 8.92409290E-04	-9.29636488E-03	-1.80409769E-02	 4.07382232E-02
 8.560000E-01	-3.61160275E-06	-6.51340934E-06	-1.66837727E-05	-5.01827825E-05	-1.02390164E-04	-1.80611984E-04	-7.40143340E-04	-1.04044689E-04	 1.11244485E-02	-1.27151155E-02	 5.08429793E-05	 6.06027606E-05	 1.01032568E-04	 2.43202308E-04	 4.19372323E-04	 6.21060301E-04	 8.60497634E-04	-9.08051321E-03	-1.70582900E-02	 3.87339379E-02
 8.570000E-01	-2.55012118E-06	-4.91415675E-06	-1.44764335E-05	-4.82869702E-05	-1.05311079E-04	-1.96759174E-04	-7.61641573E-04	-9.01515316E-05	 1.09622210E-02	-1.22806731E-02	 4.88709312E-05	 5.84851746E-05	 9.84504235E-05	 2.36349058E-04	 4.06255323E-04	 6.13971969E-04	 8.49184350E-04	-8.82285283E-03	-1.61976486E-02	 3.67877418E-02
 8.580000E-01	-1.72759233E-06	-3.59357855E-06	-1.22068293E-05	-4.54786539E-05	-1.05985605E-04	-2.08494279E-04	-7.91205958E-04	-1.06754710E-04	 1.08675840E-02	-1.19210562E-02	 4.70058308E-05	 5.64930981E-05	 9.57023494E-05	 2.28642242E-04	 3.91706683E-04	 6.05045784E-04	 8.47689266E-04	-8.54023732E-03	-1.54209988E-02	 3.49158962E-02
 8.590000E-01	-1.12856273E-06	-2.57742009E-06	-1.01832587E-05	-4.25211218E-05	-1.05249712E-04	-2.15758688E-04	-8.19420855E-04	-1.36651854E-04	 1.07915781E-02	-1.16156849E-02	 4.52613543E-05	 5.46697615E-05	 9.30564392E-05	 2.20759726E-04	 3.76480451E-04	 5.94041641E-04	 8.48522406E-04	-8.24760664E-03	-1.46966747E-02	 3.31207876E-02
 8.600000E-01	-7.11066358E-07	-1.83320618E-06	-8.53360883E-06	-3.98372565E-05	-1.03742115E-04	-2.19242140E-04	-8.41323837E-04	-1.68454083E-04	 1.07032102E-02	-1.13426562E-02	 4.36232460E-05	 5.30068641E-05	 9.06374732E-05	 2.13117335E-04	 3.61199235E-04	 5.81396933E-04	 8.47523146E-04	-7.95580811E-03	-1.40046457E-02	 3.14001193E-02
 8.610000E-01	-4.27013561E-07	-1.30421300E-06	-7.26639549E-06	-3.75902273E-05	-1.01876531E-04	-2.19873002E-04	-8.55303764E-04	-1.96230029E-04	 1.05877863E-02	-1.10844066E-02	 4.20662540E-05	 5.14709539E-05	 8.84708181E-05	 2.05922240E-04	 3.46320448E-04	 5.67821121E-04	 8.43153120E-04	-7.67157678E-03	-1.33362684E-02	 2.97521256E-02
 8.620000E-01	-2.33329172E-07	-9.30893355E-07	-6.32676463E-06	-3.57823075E-05	-9.98852874E-05	-2.18529895E-04	-8.61805905E-04	-2.17984883E-04	 1.04422728E-02	-1.08294387E-02	 4.05642897E-05	 5.00211051E-05	 8.65248745E-05	 1.99244714E-04	 3.32158148E-04	 5.54047667E-04	 8.35577085E-04	-7.39850000E-03	-1.26913387E-02	 2.81775440E-02
 8.630000E-01	-9.63344065E-08	-6.61810175E-07	-5.63743590E-06	-3.43377785E-05	-9.78805985E-05	-2.15920762E-04	-8.62245331E-04	-2.33992691E-04	 1.02703315E-02	-1.05717415E-02	 3.90956272E-05	 4.86191387E-05	 8.47432677E-05	 1.93078209E-04	 3.18917429E-04	 5.40710449E-04	 8.25840872E-04	-7.13814926E-03	-1.20745049E-02	 2.66795309E-02
 8.640000E-01	 7.85484327E-09	-4.57403711E-07	-5.12311102E-06	-3.31587480E-05	-9.59071894E-05	-2.12562565E-04	-8.58273027E-04	-2.45496044E-04	 1.00784137E-02	-1.03092830E-02	 3.76449495E-05	 4.72344987E-05	 8.30658361E-05	 1.87381430E-04	 3.06723304E-04	 5.28294987E-04	 8.15268004E-04	-6.89098546E-03	-1.14921797E-02	 2.52625953E-02
 8.650000E-01	 9.47668796E-08	-2.89838994E-07	-4.72185657E-06	-3.21555717E-05	-9.39757291E-05	-2.08809181E-04	-8.51369783E-04	-2.53910320E-04	 9.87328756E-03	-1.00424489E-02	 3.62038237E-05	 4.58459736E-05	 8.14401656E-05	 1.82102069E-04	 2.95637108E-04	 5.17130087E-04	 8.05079193E-04	-6.65692362E-03	-1.09503718E-02	 2.39313036E-02
 8.660000E-01	 1.73627657E-07	-1.40973588E-07	-4.38785607E-06	-3.12593851E-05	-9.20831150E-05	-2.04891596E-04	-8.42686374E-04	-2.60437597E-04	 9.66079593E-03	-9.77282178E-03	 3.47699472E-05	 4.44414088E-05	 7.98269446E-05	 1.77190661E-04	 2.85669417E-04	 5.07396539E-04	 7.96199741E-04	-6.43564219E-03	-1.04534252E-02	 2.26891754E-02
 8.670000E-01	 2.49401402E-07	 1.33482082E-10	-4.08985990E-06	-3.04233292E-05	-9.02231073E-05	-2.00954894E-04	-8.33033641E-04	-2.65943375E-04	 9.44544339E-03	-9.50238287E-03	 3.33456085E-05	 4.30163396E-05	 7.82009465E-05	 1.72605936E-04	 2.76791447E-04	 4.99147979E-04	 7.89202606E-04	-6.22672690E-03	-1.00034899E-02	 2.15379454E-02
 8.680000E-01	 3.24501156E-07	 1.39568171E-07	-3.80796680E-06	-2.96182701E-05	-8.83920174E-05	-1.97086163E-04	-8.22946711E-04	-2.70967703E-04	 9.23043932E-03	-9.23306465E-03	 3.19356838E-05	 4.15720332E-05	 7.65494867E-05	 1.68315683E-04	 2.68946958E-04	 4.92338844E-04	 7.84337551E-04	-6.02973064E-03	-9.60050103E-03	 2.04772158E-02
 8.690000E-01	 3.99992546E-07	 2.80344935E-07	-3.53039563E-06	-2.88274584E-05	-8.65906822E-05	-1.93333577E-04	-8.12762805E-04	-2.75794689E-04	 9.01793048E-03	-8.96654208E-03	 3.05459948E-05	 4.01136088E-05	 7.48698731E-05	 1.64295410E-04	 2.62061602E-04	 4.86851771E-04	 7.81594843E-04	-5.84417868E-03	-9.24247191E-03	 1.95044500E-02
 8.700000E-01	 4.76262289E-07	 4.23664656E-07	-3.25083038E-06	-2.80422697E-05	-8.48237151E-05	-1.89719840E-04	-8.02683777E-04	-2.80535702E-04	 8.80927037E-03	-8.70416699E-03	 2.91823188E-05	 3.86485138E-05	 7.31665292E-05	 1.60526221E-04	 2.56048840E-04	 4.82522507E-04	 7.80776418E-04	-5.66954688E-03	-8.92595079E-03	 1.86152304E-02
 8.710000E-01	 5.53308393E-07	 5.69717378E-07	-2.96641078E-06	-2.72594836E-05	-8.30976414E-05	-1.86251637E-04	-7.92818886E-04	-2.85201735E-04	 8.60525543E-03	-8.44697565E-03	 2.78499886E-05	 3.71852839E-05	 7.14483400E-05	 1.56992909E-04	 2.50814028E-04	 4.79160417E-04	 7.81562293E-04	-5.50523760E-03	-8.64653189E-03	 1.78036802E-02
 8.720000E-01	 6.30863342E-07	 7.18066702E-07	-2.67634351E-06	-2.64789556E-05	-8.14172986E-05	-1.82927430E-04	-7.83215474E-04	-2.89757527E-04	 8.40630868E-03	-8.19572913E-03	 2.65537124E-05	 3.57324956E-05	 6.97259067E-05	 1.53680099E-04	 2.46256815E-04	 4.76570211E-04	 7.83573473E-04	-5.35057047E-03	-8.39934134E-03	 1.70629565E-02
 8.730000E-01	 7.08475165E-07	 8.67935731E-07	-2.38103902E-06	-2.57018690E-05	-7.97843928E-05	-1.79741547E-04	-7.73883746E-04	-2.94153233E-04	 8.21261162E-03	-7.95096048E-03	 2.52972930E-05	 3.42979865E-05	 6.80095507E-05	 1.50570232E-04	 2.42275334E-04	 4.74568057E-04	 7.86426131E-04	-5.20479882E-03	-8.17944460E-03	 1.63857327E-02
 8.740000E-01	 7.85620644E-07	 1.01841082E-06	-2.08162029E-06	-2.49295835E-05	-7.81974856E-05	-1.76686313E-04	-7.64814540E-04	-2.98339852E-04	 8.02419301E-03	-7.71301961E-03	 2.40834078E-05	 3.28884024E-05	 6.63081002E-05	 1.47642816E-04	 2.38770474E-04	 4.72991710E-04	 7.89770515E-04	-5.06713814E-03	-7.98215035E-03	 1.57646241E-02
 8.750000E-01	 8.61812576E-07	 1.16861478E-06	-1.77953742E-06	-2.41635298E-05	-7.66544668E-05	-1.73752173E-04	-7.55989393E-04	-3.02272662E-04	 7.84098437E-03	-7.48210789E-03	 2.29135206E-05	 3.15090818E-05	 6.46288819E-05	 1.44876862E-04	 2.35651098E-04	 4.71700849E-04	 7.93307696E-04	-4.93679993E-03	-7.80320253E-03	 1.51925210E-02
 8.760000E-01	 9.36618700E-07	 1.31781188E-06	-1.47626707E-06	-2.34052598E-05	-7.51538372E-05	-1.70928355E-04	-7.47385307E-04	-3.05913023E-04	 7.66285499E-03	-7.25830472E-03	 2.17880672E-05	 3.01640342E-05	 6.29777815E-05	 1.42252750E-04	 2.32837014E-04	 4.70576331E-04	 7.96793301E-04	-4.81302044E-03	-7.63888094E-03	 1.46628231E-02
 8.770000E-01	 1.00961693E-06	 1.46540545E-06	-1.17307293E-06	-2.26563651E-05	-7.36948070E-05	-1.68203529E-04	-7.38978097E-04	-3.09231002E-04	 7.48963662E-03	-7.04158922E-03	 2.07067023E-05	 2.88559370E-05	 6.13591923E-05	 1.39753089E-04	 2.30260072E-04	 4.69520183E-04	 8.00037017E-04	-4.69508323E-03	-7.48603884E-03	 1.41695870E-02
 8.780000E-01	 1.08035808E-06	 1.61089816E-06	-8.70914760E-07	-2.19180492E-05	-7.22759290E-05	-1.65567184E-04	-7.30745419E-04	-3.12207962E-04	 7.32114178E-03	-6.83186342E-03	 1.96685466E-05	 2.75861768E-05	 5.97757177E-05	 1.37361760E-04	 2.27863101E-04	 4.68457694E-04	 8.02901091E-04	-4.58233442E-03	-7.34209363E-03	 1.37076015E-02
 8.790000E-01	 1.14839131E-06	 1.75384031E-06	-5.70525785E-07	-2.11908992E-05	-7.08943734E-05	-1.63010599E-04	-7.22667653E-04	-3.14835047E-04	 7.15717403E-03	-6.62897440E-03	 1.86723178E-05	 2.63550779E-05	 5.82283559E-05	 1.35063466E-04	 2.25598953E-04	 4.67336554E-04	 8.05292012E-04	-4.47419431E-03	-7.20497692E-03	 1.32724037E-02
 8.800000E-01	 1.21332114E-06	 1.89381340E-06	-2.72539782E-07	-2.04750255E-05	-6.95464438E-05	-1.60526743E-04	-7.14726939E-04	-3.17110096E-04	 6.99753417E-03	-6.43273261E-03	 1.77164176E-05	 2.51622152E-05	 5.67169870E-05	 1.32844187E-04	 2.23430092E-04	 4.66123034E-04	 8.07150754E-04	-4.37016394E-03	-7.07307316E-03	 1.28602524E-02
 8.810000E-01	 1.27484108E-06	 2.03041771E-06	 2.24274518E-08	-1.97703879E-05	-6.82286780E-05	-1.58109004E-04	-7.06906562E-04	-3.19036920E-04	 6.84202792E-03	-6.24292467E-03	 1.67990256E-05	 2.40066592E-05	 5.52407747E-05	 1.30691972E-04	 2.21328033E-04	 4.64796840E-04	 8.08448413E-04	-4.26982149E-03	-6.94517034E-03	 1.24680735E-02
 8.820000E-01	 1.33272190E-06	 2.16328834E-06	 3.13843461E-07	-1.90770305E-05	-6.69387584E-05	-1.55750162E-04	-6.99191656E-04	-3.20625614E-04	 6.69047274E-03	-6.05932128E-03	 1.59182277E-05	 2.28871160E-05	 5.37983356E-05	 1.28597327E-04	 2.19272209E-04	 4.63346807E-04	 8.09184278E-04	-4.17281077E-03	-6.82040853E-03	 1.20933777E-02
 8.830000E-01	 1.38677598E-06	 2.29210231E-06	 6.01339799E-07	-1.83948816E-05	-6.56748822E-05	-1.53442945E-04	-6.91571014E-04	-3.21892752E-04	 6.54270157E-03	-5.88168413E-03	 1.50721406E-05	 2.18019774E-05	 5.23876595E-05	 1.26552343E-04	 2.17247824E-04	 4.61769681E-04	 8.09381731E-04	-4.07882856E-03	-6.69820991E-03	 1.17341615E-02
 8.840000E-01	 1.43682004E-06	 2.41654247E-06	 8.84683183E-07	-1.77235173E-05	-6.44346865E-05	-1.51180412E-04	-6.84037134E-04	-3.22861810E-04	 6.39855995E-03	-5.70976927E-03	 1.42590138E-05	 2.07494635E-05	 5.10061434E-05	 1.24549493E-04	 2.15243306E-04	 4.60068692E-04	 8.09081565E-04	-3.98761197E-03	-6.57820088E-03	 1.13888057E-02
 8.850000E-01	 1.48267337E-06	 2.53621804E-06	 1.16349701E-06	-1.70622322E-05	-6.32143243E-05	-1.48955703E-04	-6.76582147E-04	-3.23561834E-04	 6.25789252E-03	-5.54332621E-03	 1.34773132E-05	 1.97279188E-05	 4.96509480E-05	 1.22580620E-04	 2.13247538E-04	 4.58250087E-04	 8.08332187E-04	-3.89892390E-03	-6.46013554E-03	 1.10559818E-02
 8.860000E-01	 1.52420985E-06	 2.65072408E-06	 1.43724672E-06	-1.64103987E-05	-6.20096847E-05	-1.46762067E-04	-6.69196885E-04	-3.24022665E-04	 6.12054523E-03	-5.38210613E-03	 1.27256822E-05	 1.87359671E-05	 4.83195423E-05	 1.20638026E-04	 2.11250254E-04	 4.56319613E-04	 8.07181096E-04	-3.81255345E-03	-6.34384533E-03	 1.07345897E-02
 8.870000E-01	 1.56139352E-06	 2.75973204E-06	 1.70535203E-06	-1.57676926E-05	-6.08175943E-05	-1.44593391E-04	-6.61871336E-04	-3.24269968E-04	 5.98636844E-03	-5.22586846E-03	 1.20028795E-05	 1.77725175E-05	 4.70100900E-05	 1.18715777E-04	 2.09243282E-04	 4.54280618E-04	 8.05667091E-04	-3.72831951E-03	-6.22920051E-03	 1.04237095E-02
 8.880000E-01	 1.59427795E-06	 2.86305679E-06	 1.96733428E-06	-1.51342485E-05	-5.96368479E-05	-1.42444352E-04	-6.54595276E-04	-3.24321771E-04	 5.85521723E-03	-5.07438245E-03	 1.13077244E-05	 1.68366592E-05	 4.57215859E-05	 1.16810826E-04	 2.07221960E-04	 4.52133442E-04	 8.03816088E-04	-3.64607385E-03	-6.11608736E-03	 1.01225650E-02
 8.890000E-01	 1.62294707E-06	 2.96059845E-06	 2.22280092E-06	-1.45103862E-05	-5.84670946E-05	-1.40310704E-04	-6.47358809E-04	-3.24190424E-04	 5.72695321E-03	-4.92743135E-03	 1.06391330E-05	 1.59275680E-05	 4.44534397E-05	 1.14921679E-04	 2.05183897E-04	 4.49878028E-04	 8.01645020E-04	-3.56569638E-03	-6.00440610E-03	 9.83050329E-03
 8.900000E-01	 1.64749070E-06	 3.05230325E-06	 2.47142400E-06	-1.38963856E-05	-5.73079655E-05	-1.38189611E-04	-6.40153648E-04	-3.23884662E-04	 5.60145258E-03	-4.78482178E-03	 9.99612028E-06	 1.50444425E-05	 4.32051334E-05	 1.13047239E-04	 2.03127944E-04	 4.47516287E-04	 7.99167230E-04	-3.48709236E-03	-5.89408024E-03	 9.54698938E-03
 8.910000E-01	 1.66799926E-06	 3.13813350E-06	 2.71291115E-06	-1.32923079E-05	-5.61583514E-05	-1.36079812E-04	-6.32974328E-04	-3.23411654E-04	 5.47861481E-03	-4.64639268E-03	 9.37778321E-06	 1.41864973E-05	 4.19760305E-05	 1.11185923E-04	 2.01053268E-04	 4.45053556E-04	 7.96396629E-04	-3.41019023E-03	-5.78506542E-03	 9.27160329E-03
 8.920000E-01	 1.68462207E-06	 3.21811042E-06	 2.94693204E-06	-1.26985115E-05	-5.50177630E-05	-1.33981094E-04	-6.25815614E-04	-3.22772385E-04	 5.35835597E-03	-4.51201300E-03	 8.78321570E-06	 1.33530132E-05	 4.07658055E-05	 1.09337022E-04	 1.98960488E-04	 4.42495976E-04	 7.93343426E-04	-3.33494128E-03	-5.67734178E-03	 9.00402375E-03
 8.930000E-01	 1.69759245E-06	 3.29244630E-06	 3.17349747E-06	-1.21154307E-05	-5.38872804E-05	-1.31895595E-04	-6.18680080E-04	-3.21961724E-04	 5.24063970E-03	-4.38160235E-03	 8.21138274E-06	 1.25429933E-05	 3.95739112E-05	 1.07501113E-04	 1.96853763E-04	 4.39855399E-04	 7.90025514E-04	-3.26133281E-03	-5.57095320E-03	 8.74405436E-03
 8.940000E-01	 1.70718976E-06	 3.36156104E-06	 3.39323524E-06	-1.15429885E-05	-5.27690312E-05	-1.29827697E-04	-6.11584002E-04	-3.20976179E-04	 5.12549125E-03	-4.25512807E-03	 7.66112784E-06	 1.17549843E-05	 3.83989747E-05	 1.05679229E-04	 1.94740327E-04	 4.37151528E-04	 7.86479417E-04	-3.18938069E-03	-5.46602892E-03	 8.49161229E-03
 8.950000E-01	 1.71366398E-06	 3.42588551E-06	 3.60700387E-06	-1.09805418E-05	-5.16644628E-05	-1.27781582E-04	-6.04548676E-04	-3.19820295E-04	 5.01294917E-03	-4.13255578E-03	 7.13137358E-06	 1.09874772E-05	 3.72391279E-05	 1.03871441E-04	 1.92626479E-04	 4.34405092E-04	 7.82751032E-04	-3.11909369E-03	-5.36272398E-03	 8.24663230E-03
 8.960000E-01	 1.71720825E-06	 3.48568948E-06	 3.81533022E-06	-1.04273909E-05	-5.05734804E-05	-1.25759366E-04	-5.97587731E-04	-3.18505216E-04	 4.90301054E-03	-4.01380682E-03	 6.62127273E-06	 1.02393793E-05	 3.60928165E-05	 1.02076462E-04	 1.90514645E-04	 4.31630179E-04	 7.78878201E-04	-3.05044837E-03	-5.26114256E-03	 8.00897731E-03
 8.970000E-01	 1.71798871E-06	 3.54112218E-06	 4.01836858E-06	-9.88308384E-06	-4.94950703E-05	-1.23761628E-04	-5.90705424E-04	-3.17044416E-04	 4.79562896E-03	-3.89876252E-03	 6.13015826E-06	 9.51001328E-06	 3.49590532E-05	 1.00292360E-04	 1.88404208E-04	 4.28834116E-04	 7.74886323E-04	-2.98339590E-03	-5.16132462E-03	 7.77843439E-03
 8.980000E-01	 1.71616113E-06	 3.59230601E-06	 4.21618358E-06	-9.34725504E-06	-4.84279963E-05	-1.21788012E-04	-5.83902454E-04	-3.15453889E-04	 4.69073961E-03	-3.78728445E-03	 5.65744406E-06	 8.79889051E-06	 3.38371666E-05	 9.85172178E-05	 1.86293254E-04	 4.26020333E-04	 7.70794937E-04	-2.91787554E-03	-5.06327315E-03	 7.55474806E-03
 8.990000E-01	 1.71189714E-06	 3.63933587E-06	 4.40861090E-06	-8.82010648E-06	-4.73719027E-05	-1.19836155E-04	-5.77171197E-04	-3.13746823E-04	 4.58823763E-03	-3.67920135E-03	 5.20260546E-06	 8.10585321E-06	 3.27273700E-05	 9.67505106E-05	 1.84179368E-04	 4.23184026E-04	 7.66608021E-04	-2.85381077E-03	-4.96692842E-03	 7.33759884E-03
 9.000000E-01	 1.70537051E-06	 3.68229060E-06	 4.59533425E-06	-8.30224118E-06	-4.63272136E-05	-1.17902993E-04	-5.70499016E-04	-3.11930223E-04	 4.48799659E-03	-3.57433309E-03	 4.76515875E-06	 7.43092344E-06	 3.16304285E-05	 9.49927499E-05	 1.82060507E-04	 4.20316519E-04	 7.62317994E-04	-2.79112493E-03	-4.87218914E-03	 7.12664425E-03
 9.010000E-01	 1.69675037E-06	 3.72127366E-06	 4.77607238E-06	-7.79430352E-06	-4.52947170E-05	-1.15986622E-04	-5.63874532E-04	-3.10005246E-04	 4.38990299E-03	-3.47252427E-03	 4.34462393E-06	 6.77407428E-06	 3.05470923E-05	 9.32447146E-05	 1.79935755E-04	 4.17411415E-04	 7.57915606E-04	-2.72975802E-03	-4.77895876E-03	 6.92158155E-03
 9.020000E-01	 1.68616700E-06	 3.75642097E-06	 4.95080468E-06	-7.29636708E-06	-4.42743787E-05	-1.14087403E-04	-5.57294774E-04	-3.07974585E-04	 4.29389084E-03	-3.37366749E-03	 3.94053017E-06	 6.13502882E-06	 2.94773920E-05	 9.15060431E-05	 1.77804774E-04	 4.14469837E-04	 7.53403636E-04	-2.66967271E-03	-4.68719571E-03	 6.72219636E-03
 9.030000E-01	 1.67373472E-06	 3.78788519E-06	 5.11963093E-06	-6.80829953E-06	-4.32657846E-05	-1.12206318E-04	-5.50759995E-04	-3.05844097E-04	 4.19991602E-03	-3.27767525E-03	 3.55241818E-06	 5.51343654E-06	 2.84211433E-05	 8.97760458E-05	 1.75667256E-04	 4.11494859E-04	 7.48790057E-04	-2.61083737E-03	-4.59688856E-03	 6.52831941E-03
 9.040000E-01	 1.65957060E-06	 3.81583946E-06	 5.28269954E-06	-6.33003858E-06	-4.22688132E-05	-1.10344023E-04	-5.44270383E-04	-3.03620701E-04	 4.10793623E-03	-3.18446111E-03	 3.17981896E-06	 4.90894544E-06	 2.73782658E-05	 8.80545180E-05	 1.73523190E-04	 4.08488405E-04	 7.44082353E-04	-2.55321971E-03	-4.50802983E-03	 6.33979154E-03
 9.050000E-01	 1.64381303E-06	 3.84049380E-06	 5.44020447E-06	-5.86170968E-06	-4.12842723E-05	-1.08500598E-04	-5.37825408E-04	-3.01309019E-04	 4.01790301E-03	-3.09393449E-03	 2.82222122E-06	 4.32119752E-06	 2.63488879E-05	 8.63423128E-05	 1.71373599E-04	 4.05450574E-04	 7.39284902E-04	-2.49678844E-03	-4.42060266E-03	 6.15645029E-03
 9.060000E-01	 1.62659347E-06	 3.86204275E-06	 5.59233521E-06	-5.40339960E-06	-4.03131509E-05	-1.06676033E-04	-5.31424709E-04	-2.98911835E-04	 3.92976674E-03	-3.00600709E-03	 2.47913382E-06	 3.74986439E-06	 2.53331511E-05	 8.46403962E-05	 1.69219786E-04	 4.02381314E-04	 7.34400867E-04	-2.44151513E-03	-4.33458488E-03	 5.97813722E-03
 9.070000E-01	 1.60801123E-06	 3.88061947E-06	 5.73920907E-06	-4.95503565E-06	-3.93557896E-05	-1.04870506E-04	-5.25067950E-04	-2.96432447E-04	 3.84348032E-03	-2.92059594E-03	 2.15014752E-06	 3.19469484E-06	 2.43311121E-05	 8.29490228E-05	 1.67062301E-04	 3.99281169E-04	 7.29433539E-04	-2.38737210E-03	-4.24995442E-03	 5.80470268E-03
 9.080000E-01	 1.58812862E-06	 3.89630133E-06	 5.88087658E-06	-4.51641630E-06	-3.84116715E-05	-1.03084412E-04	-5.18754556E-04	-2.93876377E-04	 3.75900024E-03	-2.83762256E-03	 1.83493617E-06	 2.65549792E-06	 2.33427445E-05	 8.12676607E-05	 1.64900651E-04	 3.96151238E-04	 7.24386968E-04	-2.33433030E-03	-4.16669269E-03	 5.63600582E-03
 9.090000E-01	 1.56699825E-06	 3.90916970E-06	 6.01740740E-06	-4.08736373E-06	-3.74801290E-05	-1.01318139E-04	-5.12483896E-04	-2.91250466E-04	 3.67628510E-03	-2.75701012E-03	 1.53318119E-06	 2.13205495E-06	 2.23680198E-05	 7.95958222E-05	 1.62734234E-04	 3.92992609E-04	 7.19265469E-04	-2.28236034E-03	-4.08478367E-03	 5.47191125E-03
 9.100000E-01	 1.54469626E-06	 3.91936395E-06	 6.14897691E-06	-3.66781298E-06	-3.65612425E-05	-9.95718819E-05	-5.06256032E-04	-2.88560179E-04	 3.59529398E-03	-2.67868237E-03	 1.24449217E-06	 1.62404925E-06	 2.14069624E-05	 7.79339014E-05	 1.60563584E-04	 3.89806078E-04	 7.14072961E-04	-2.23143599E-03	-4.00421099E-03	 5.31228713E-03
 9.110000E-01	 1.52131671E-06	 3.92704210E-06	 6.27579897E-06	-3.25772199E-06	-3.56556374E-05	-9.78456372E-05	-5.00071664E-04	-2.85809005E-04	 3.51598602E-03	-2.60256513E-03	 9.68443464E-07	 1.13114255E-06	 2.04596303E-05	 7.62828027E-05	 1.58390049E-04	 3.86592246E-04	 7.08812716E-04	-2.18153457E-03	-3.92495592E-03	 5.15700550E-03
 9.120000E-01	 1.49694879E-06	 3.93232726E-06	 6.39803482E-06	-2.85697539E-06	-3.47638444E-05	-9.61393249E-05	-4.93931577E-04	-2.82999645E-04	 3.43832084E-03	-2.52858759E-03	 7.04644498E-07	 6.53065225E-07	 1.95260786E-05	 7.46432262E-05	 1.56214865E-04	 3.83351727E-04	 7.03487571E-04	-2.13263491E-03	-3.84699784E-03	 5.00594314E-03
 9.130000E-01	 1.47164230E-06	 3.93525917E-06	 6.51571280E-06	-2.46533043E-06	-3.38854523E-05	-9.44529449E-05	-4.87835710E-04	-2.80136712E-04	 3.36225950E-03	-2.45668239E-03	 4.52819687E-07	 1.89680094E-07	 1.86063208E-05	 7.30149149E-05	 1.54037958E-04	 3.80085275E-04	 6.98100411E-04	-2.08471336E-03	-3.77031671E-03	 4.85898159E-03
 9.140000E-01	 1.44542353E-06	 3.93586001E-06	 6.62884326E-06	-2.08253750E-06	-3.30196009E-05	-9.27865754E-05	-4.81783541E-04	-2.77226486E-04	 3.28776466E-03	-2.38678383E-03	 2.12738537E-07	-2.59146977E-07	 1.77003353E-05	 7.13973123E-05	 1.51858705E-04	 3.76793783E-04	 6.92654403E-04	-2.03774465E-03	-3.69489469E-03	 4.71600605E-03
 9.150000E-01	 1.41832111E-06	 3.93418524E-06	 6.73750523E-06	-1.70840962E-06	-3.21656343E-05	-9.11402596E-05	-4.75774792E-04	-2.74275318E-04	 3.21480008E-03	-2.31882707E-03	-1.58586175E-08	-6.93631942E-07	 1.68080871E-05	 6.97902267E-05	 1.49676895E-04	 3.73478208E-04	 6.87152850E-04	-1.99170441E-03	-3.62071521E-03	 4.57690466E-03
 9.160000E-01	 1.39039641E-06	 3.93035011E-06	 6.84188141E-06	-1.34284211E-06	-3.13237120E-05	-8.95138629E-05	-4.69810092E-04	-2.71287326E-04	 3.14332973E-03	-2.25274858E-03	-2.33318369E-07	-1.11409289E-06	 1.59295624E-05	 6.81943019E-05	 1.47493548E-04	 3.70139446E-04	 6.81598755E-04	-1.94657231E-03	-3.54776057E-03	 4.44156862E-03
 9.170000E-01	 1.36172503E-06	 3.92445765E-06	 6.94212478E-06	-9.85706385E-07	-3.04942301E-05	-8.79070641E-05	-4.63890322E-04	-2.68265042E-04	 3.07331762E-03	-2.18848775E-03	-4.39993213E-07	-1.52079922E-06	 1.50647878E-05	 6.66102955E-05	 1.45309975E-04	 3.66778178E-04	 6.75994514E-04	-1.90233036E-03	-3.47601068E-03	 4.30989281E-03
 9.180000E-01	 1.33236498E-06	 3.91654807E-06	 7.03827115E-06	-6.36800333E-07	-2.96770904E-05	-8.63194941E-05	-4.58015708E-04	-2.65211493E-04	 3.00472840E-03	-2.12598724E-03	-6.36157350E-07	-1.91388890E-06	 1.42138127E-05	 6.50383802E-05	 1.43126695E-04	 3.63394901E-04	 6.70342118E-04	-1.85895968E-03	-3.40544467E-03	 4.18177579E-03
 9.190000E-01	 1.30233861E-06	 3.90661022E-06	 7.13027546E-06	-2.95872486E-07	-2.88714726E-05	-8.47508709E-05	-4.52185603E-04	-2.62131684E-04	 2.93752803E-03	-2.06519176E-03	-8.21995963E-07	-2.29342313E-06	 1.33766642E-05	 6.34780787E-05	 1.40943210E-04	 3.59990134E-04	 6.64643681E-04	-1.81643865E-03	-3.33604322E-03	 4.05711894E-03
 9.200000E-01	 1.27165240E-06	 3.89464810E-06	 7.21813538E-06	 3.72956406E-08	-2.80763996E-05	-8.32010114E-05	-4.46399183E-04	-2.59031680E-04	 2.87168378E-03	-2.00604679E-03	-9.97685343E-07	-2.65952726E-06	 1.25533160E-05	 6.19289140E-05	 1.38758912E-04	 3.56564627E-04	 6.58901727E-04	-1.77474474E-03	-3.26778923E-03	 3.93582565E-03
 9.210000E-01	 1.24033605E-06	 3.88073244E-06	 7.30197544E-06	 3.62848940E-07	-2.72915412E-05	-8.16696732E-05	-4.40656443E-04	-2.55916079E-04	 2.80716340E-03	-1.94849849E-03	-1.16348923E-06	-3.01246830E-06	 1.17437118E-05	 6.03911320E-05	 1.36574248E-04	 3.53119325E-04	 6.53118908E-04	-1.73385830E-03	-3.20066578E-03	 3.81780150E-03
 9.220000E-01	 1.20844775E-06	 3.86495410E-06	 7.38194019E-06	 6.80906986E-07	-2.65170884E-05	-8.01564266E-05	-4.34957852E-04	-2.52787386E-04	 2.74393465E-03	-1.89249538E-03	-1.31972231E-06	-3.35252317E-06	 1.09478383E-05	 5.88653965E-05	 1.34390354E-04	 3.49654968E-04	 6.47297338E-04	-1.69376273E-03	-3.13465386E-03	 3.70295510E-03
 9.230000E-01	 1.17605165E-06	 3.84736918E-06	 7.45809357E-06	 9.91619188E-07	-2.57532106E-05	-7.86606813E-05	-4.29303622E-04	-2.49647227E-04	 2.68196541E-03	-1.83798899E-03	-1.46667546E-06	-3.67986537E-06	 1.01657523E-05	 5.73522197E-05	 1.32208193E-04	 3.46171904E-04	 6.41438421E-04	-1.65444236E-03	-3.06973258E-03	 3.59119841E-03
 9.240000E-01	 1.14317803E-06	 3.82796116E-06	 7.53036483E-06	 1.29518459E-06	-2.49993396E-05	-7.71818730E-05	-4.23692826E-04	-2.46498835E-04	 2.62122452E-03	-1.78493351E-03	-1.60452924E-06	-3.99452078E-06	 9.39754526E-06	 5.58513583E-05	 1.30027540E-04	 3.42670188E-04	 6.35543260E-04	-1.61587876E-03	-3.00588152E-03	 3.48244607E-03
 9.250000E-01	 1.10982783E-06	 3.80670957E-06	 7.59869919E-06	 1.59179640E-06	-2.42545310E-05	-7.57195973E-05	-4.18124109E-04	-2.43346963E-04	 2.56168210E-03	-1.73328385E-03	-1.73342419E-06	-4.29654840E-06	 8.64324633E-06	 5.43623339E-05	 1.27847735E-04	 3.39150113E-04	 6.29613380E-04	-1.57805165E-03	-2.94308262E-03	 3.37661416E-03
 9.260000E-01	 1.07600386E-06	 3.78364170E-06	 7.66314503E-06	 1.88159926E-06	-2.35180955E-05	-7.42735368E-05	-4.12596507E-04	-2.40196079E-04	 2.50330916E-03	-1.68299537E-03	-1.85354599E-06	-4.58613636E-06	 7.90280989E-06	 5.28850206E-05	 1.25668622E-04	 3.35612338E-04	 6.23650723E-04	-1.54094169E-03	-2.88131911E-03	 3.27362024E-03
 9.270000E-01	 1.04174279E-06	 3.75884035E-06	 7.72384478E-06	 2.16469584E-06	-2.27900541E-05	-7.28432638E-05	-4.07109926E-04	-2.37048388E-04	 2.44607681E-03	-1.63402481E-03	-1.96517639E-06	-4.86357686E-06	 7.17617846E-06	 5.14199501E-05	 1.23491104E-04	 3.32057612E-04	 6.17657068E-04	-1.50453309E-03	-2.82057298E-03	 3.17338424E-03
 9.280000E-01	 1.00710534E-06	 3.73237553E-06	 7.78088541E-06	 2.44118813E-06	-2.20707156E-05	-7.14281408E-05	-4.01664322E-04	-2.33904297E-04	 2.38995609E-03	-1.58633187E-03	-2.06861600E-06	-5.12908902E-06	 6.46338203E-06	 4.99677715E-05	 1.21316316E-04	 3.28486237E-04	 6.11633373E-04	-1.46881226E-03	-2.76082374E-03	 3.07582934E-03
 9.290000E-01	 9.72132556E-07	 3.70424674E-06	 7.83420887E-06	 2.71120420E-06	-2.13598899E-05	-7.00274577E-05	-3.96258629E-04	-2.30764990E-04	 2.33491863E-03	-1.53987891E-03	-2.16407332E-06	-5.38271825E-06	 5.76454801E-06	 4.85285733E-05	 1.19144468E-04	 3.24897948E-04	 6.05579888E-04	-1.43376391E-03	-2.70205041E-03	 2.98088152E-03
 9.300000E-01	 9.36826297E-07	 3.67441073E-06	 7.88369462E-06	 2.97485399E-06	-2.06567704E-05	-6.86406479E-05	-3.90890724E-04	-2.27633746E-04	 2.28093732E-03	-1.49462934E-03	-2.25165988E-06	-5.62444069E-06	 5.07981117E-06	 4.71019490E-05	 1.16974838E-04	 3.21292339E-04	 5.99496846E-04	-1.39936966E-03	-2.64423420E-03	 2.88846839E-03
 9.310000E-01	 9.01167636E-07	 3.64284638E-06	 7.92929389E-06	 3.23220588E-06	-1.99604411E-05	-6.72673278E-05	-3.85558354E-04	-2.24514893E-04	 2.22798624E-03	-1.45054651E-03	-2.33147787E-06	-5.85432345E-06	 4.40922523E-06	 4.56875414E-05	 1.14806687E-04	 3.17669323E-04	 5.93384962E-04	-1.36561005E-03	-2.58735875E-03	 2.79851853E-03
 9.320000E-01	 8.65176526E-07	 3.60963191E-06	 7.97114385E-06	 3.48331138E-06	-1.92708906E-05	-6.59071186E-05	-3.80260837E-04	-2.21409983E-04	 2.17603965E-03	-1.40759457E-03	-2.40378317E-06	-6.07267385E-06	 3.75270292E-06	 4.42858126E-05	 1.12640758E-04	 3.14029501E-04	 5.87245505E-04	-1.33247017E-03	-2.53140675E-03	 2.71096194E-03
 9.330000E-01	 8.28919528E-07	 3.57489178E-06	 8.00943078E-06	 3.72830582E-06	-1.85888459E-05	-6.45594643E-05	-3.74998993E-04	-2.18316697E-04	 2.12507127E-03	-1.36574054E-03	-2.46895906E-06	-6.27988659E-06	 3.11009840E-06	 4.28976274E-05	 1.10478855E-04	 3.10373815E-04	 5.81079696E-04	-1.29994059E-03	-2.47635687E-03	 2.62573101E-03
 9.340000E-01	 7.92473660E-07	 3.53871963E-06	 8.04425019E-06	 3.96737535E-06	-1.79150380E-05	-6.32236886E-05	-3.69773642E-04	-2.15231330E-04	 2.07505488E-03	-1.32495440E-03	-2.52738152E-06	-6.47626089E-06	 2.48132135E-06	 4.15236381E-05	 1.08322610E-04	 3.06702963E-04	 5.74888168E-04	-1.26801336E-03	-2.42218546E-03	 2.54276083E-03
 9.350000E-01	 7.55863583E-07	 3.50110177E-06	 8.07550937E-06	 4.20060748E-06	-1.72492305E-05	-6.18991818E-05	-3.64583207E-04	-2.12153947E-04	 2.02596574E-03	-1.28520680E-03	-2.57922806E-06	-6.66183275E-06	 1.86647685E-06	 4.01637678E-05	 1.06171993E-04	 3.03016565E-04	 5.68670490E-04	-1.23667473E-03	-2.36887216E-03	 2.46198895E-03
 9.360000E-01	 7.19055580E-07	 3.46195220E-06	 8.10302417E-06	 4.42786287E-06	-1.65903557E-05	-6.05854942E-05	-3.59423411E-04	-2.09089792E-04	 1.97778130E-03	-1.24646707E-03	-2.62448164E-06	-6.83646677E-06	 1.26584983E-06	 3.88176072E-05	 1.04025589E-04	 2.99313096E-04	 5.62425417E-04	-1.20590374E-03	-2.31640282E-03	 2.38335479E-03
 9.370000E-01	 6.81997055E-07	 3.42116437E-06	 8.12658073E-06	 4.64891193E-06	-1.59370964E-05	-5.92822383E-05	-3.54289144E-04	-2.06045621E-04	 1.93048004E-03	-1.20870461E-03	-2.66306249E-06	-6.99997465E-06	 6.79796818E-07	 3.74846743E-05	 1.01881565E-04	 2.95590659E-04	 5.56151413E-04	-1.17567748E-03	-2.26476539E-03	 2.30679958E-03
 9.380000E-01	 6.44674736E-07	 3.37867917E-06	 8.14600539E-06	 4.86362575E-06	-1.52887029E-05	-5.79889641E-05	-3.49176941E-04	-2.03024393E-04	 1.88403985E-03	-1.17189159E-03	-2.69501366E-06	-7.15226956E-06	 1.08593954E-07	 3.61647290E-05	 9.97389530E-05	 2.91848013E-04	 5.49847179E-04	-1.14597843E-03	-2.21394370E-03	 2.23226634E-03
 9.390000E-01	 6.07133602E-07	 3.33451873E-06	 8.16122175E-06	 5.07202488E-06	-1.46453068E-05	-5.67051666E-05	-3.44085723E-04	-2.00023894E-04	 1.83843779E-03	-1.13600334E-03	-2.72057056E-06	-7.29345021E-06	-4.47636811E-07	 3.48579726E-05	 9.75981925E-05	 2.88084947E-04	 5.43511816E-04	-1.11679654E-03	-2.16391632E-03	 2.15969986E-03
 9.400000E-01	 5.69452627E-07	 3.28879492E-06	 8.17232752E-06	 5.27413927E-06	-1.40078320E-05	-5.54303962E-05	-3.39015759E-04	-1.97039637E-04	 1.79365119E-03	-1.10101586E-03	-2.74010839E-06	-7.42384684E-06	-9.88945266E-07	 3.35652687E-05	 9.54610322E-05	 2.84301922E-04	 5.37144899E-04	-1.08812546E-03	-2.11466115E-03	 2.08904594E-03
 9.410000E-01	 5.31684517E-07	 3.24161358E-06	 8.17945844E-06	 5.46994381E-06	-1.33770320E-05	-5.41643198E-05	-3.33966733E-04	-1.94068998E-04	 1.74965863E-03	-1.06690447E-03	-2.75394335E-06	-7.54380686E-06	-1.51542747E-06	 3.22874516E-05	 9.33289914E-05	 2.80499302E-04	 5.30746232E-04	-1.05995661E-03	-2.06615917E-03	 2.02025123E-03
 9.420000E-01	 4.93839707E-07	 3.19301123E-06	 8.18264634E-06	 5.65936851E-06	-1.27530198E-05	-5.29066476E-05	-3.28937053E-04	-1.91111914E-04	 1.70643981E-03	-1.03364454E-03	-2.76224784E-06	-7.65352313E-06	-2.02710025E-06	 3.10248433E-05	 9.12025054E-05	 2.76676908E-04	 5.24315424E-04	-1.03227770E-03	-2.01839386E-03	 1.95326378E-03
 9.430000E-01	 4.55911597E-07	 3.14294721E-06	 8.18174234E-06	 5.84232125E-06	-1.21353444E-05	-5.16570457E-05	-3.23924042E-04	-1.88169336E-04	 1.66397495E-03	-1.00121314E-03	-2.76508477E-06	-7.75296501E-06	-2.52379556E-06	 2.97772147E-05	 8.90809419E-05	 2.72833857E-04	 5.17851232E-04	-1.00507465E-03	-1.97134850E-03	 1.88803419E-03
 9.440000E-01	 4.17921604E-07	 3.09138781E-06	 8.17655418E-06	 6.01865997E-06	-1.15237591E-05	-5.04151478E-05	-3.18924946E-04	-1.85241054E-04	 1.62224439E-03	-9.69589035E-04	-2.76255627E-06	-7.84206530E-06	-3.00523469E-06	 2.85445040E-05	 8.69638569E-05	 2.68968953E-04	 5.11351505E-04	-9.78335060E-04	-1.92500503E-03	 1.82451578E-03
 9.450000E-01	 3.79923683E-07	 3.03836275E-06	 8.16699273E-06	 6.18820119E-06	-1.09185787E-05	-4.91806658E-05	-3.13937639E-04	-1.82325421E-04	 1.58122878E-03	-9.38751444E-04	-2.75486465E-06	-7.92089198E-06	-3.47118735E-06	 2.73271877E-05	 8.48517137E-05	 2.65081260E-04	 5.04813903E-04	-9.52049044E-04	-1.87934519E-03	 1.76266343E-03
 9.460000E-01	 3.41972601E-07	 2.98394166E-06	 8.15307588E-06	 6.35077234E-06	-1.03203804E-05	-4.79534181E-05	-3.08960583E-04	-1.79420506E-04	 1.54090937E-03	-9.08679303E-04	-2.74224913E-06	-7.98964050E-06	-3.92155688E-06	 2.61259826E-05	 8.27454897E-05	 2.61170309E-04	 4.98236659E-04	-9.26207667E-04	-1.83435173E-03	 1.70243240E-03
 9.470000E-01	 3.04101335E-07	 2.92817905E-06	 8.13482277E-06	 6.50623678E-06	-9.72954619E-06	-4.67332802E-05	-3.03992267E-04	-1.76525081E-04	 1.50126805E-03	-8.79351646E-04	-2.72489810E-06	-8.04849720E-06	-4.35630987E-06	 2.49413784E-05	 8.06458788E-05	 2.57235789E-04	 4.91618530E-04	-9.00801188E-04	-1.79000845E-03	 1.64377835E-03
 9.480000E-01	 2.66324466E-07	 2.87106956E-06	 8.11212149E-06	 6.65446401E-06	-9.14600501E-06	-4.55200860E-05	-2.99030508E-04	-1.73638787E-04	 1.46228716E-03	-8.50748713E-04	-2.70290887E-06	-8.09748430E-06	-4.77529870E-06	 2.37734005E-05	 7.85527406E-05	 2.53276944E-04	 4.84957891E-04	-8.75818484E-04	-1.74629907E-03	 1.58665872E-03
 9.490000E-01	 2.28672608E-07	 2.81259974E-06	 8.08479647E-06	 6.79526982E-06	-8.56969085E-06	-4.43136762E-05	-2.94072736E-04	-1.70760957E-04	 1.42394927E-03	-8.22852004E-04	-2.67637988E-06	-8.13655202E-06	-5.17824946E-06	 2.26220945E-05	 7.64658287E-05	 2.49292627E-04	 4.78252258E-04	-8.51248896E-04	-1.70320673E-03	 1.53103326E-03
 9.500000E-01	 1.91201303E-07	 2.75279494E-06	 8.05272330E-06	 6.92842850E-06	-8.00086691E-06	-4.31139698E-05	-2.89116603E-04	-1.67890103E-04	 1.38623727E-03	-7.95643480E-04	-2.64547522E-06	-8.16571968E-06	-5.56488200E-06	 2.14878561E-05	 7.43854386E-05	 2.45281765E-04	 4.71498718E-04	-8.27083375E-04	-1.66071451E-03	 1.47686342E-03
 9.510000E-01	 1.53979388E-07	 2.69173385E-06	 8.01589610E-06	 7.05371344E-06	-7.44016889E-06	-4.19210026E-05	-2.84160395E-04	-1.65024117E-04	 1.34913452E-03	-7.69104816E-04	-2.61042270E-06	-8.18515020E-06	-5.93503743E-06	 2.03714309E-05	 7.23125486E-05	 2.41243744E-04	 4.64694736E-04	-8.03314299E-04	-1.61880627E-03	 1.42411117E-03
 9.520000E-01	 1.17061397E-07	 2.62949323E-06	 7.97433534E-06	 7.17094247E-06	-6.88816153E-06	-4.07348420E-05	-2.79202628E-04	-1.62161316E-04	 1.31262484E-03	-7.43217582E-04	-2.57142694E-06	-8.19502753E-06	-6.28863210E-06	 1.92734625E-05	 7.02480793E-05	 2.37178163E-04	 4.57838311E-04	-7.79933800E-04	-1.57746671E-03	 1.37273872E-03
 9.530000E-01	 8.04860992E-08	 2.56610366E-06	 7.92796105E-06	 7.27993920E-06	-6.34506112E-06	-3.95555135E-05	-2.74241318E-04	-1.59300770E-04	 1.27669242E-03	-7.17964227E-04	-2.52861487E-06	-8.19540495E-06	-6.62549646E-06	 1.81942267E-05	 6.81922910E-05	 2.33084266E-04	 4.50927271E-04	-7.56932819E-04	-1.53668059E-03	 1.32270941E-03
 9.540000E-01	 4.42953047E-08	 2.50157513E-06	 7.87662143E-06	 7.38050502E-06	-5.81093503E-06	-3.83830531E-05	-2.69274071E-04	-1.56441711E-04	 1.24132172E-03	-6.93328160E-04	-2.48209070E-06	-8.18624779E-06	-6.94534701E-06	 1.71338870E-05	 6.61451582E-05	 2.28960972E-04	 4.43958795E-04	-7.34302198E-04	-1.49643239E-03	 1.27398844E-03
 9.550000E-01	 8.55080169E-09	 2.43594351E-06	 7.82018570E-06	 7.47239891E-06	-5.28604903E-06	-3.72175865E-05	-2.64298508E-04	-1.53582778E-04	 1.20649741E-03	-6.69293381E-04	-2.43200175E-06	-8.16755492E-06	-7.24787214E-06	 1.60928258E-05	 6.41069741E-05	 2.24807210E-04	 4.36929577E-04	-7.12033865E-04	-1.45670644E-03	 1.22654252E-03
 9.560000E-01	-2.66703447E-08	 2.36930183E-06	 7.75865074E-06	 7.55539534E-06	-4.77103895E-06	-3.60593706E-05	-2.59312914E-04	-1.50721966E-04	 1.17220453E-03	-6.45843499E-04	-2.37857378E-06	-8.13948076E-06	-7.53288380E-06	 1.50717989E-05	 6.20787777E-05	 2.20622420E-04	 4.29836584E-04	-6.90121367E-04	-1.41748780E-03	 1.18033891E-03
 9.570000E-01	-6.12958516E-08	 2.30175066E-06	 7.69204615E-06	 7.62929192E-06	-4.26658354E-06	-3.49086697E-05	-2.54315793E-04	-1.47857394E-04	 1.13842849E-03	-6.22962099E-04	-2.32202821E-06	-8.10221327E-06	-7.80026040E-06	 1.40715599E-05	 6.00616876E-05	 2.16406204E-04	 4.22677205E-04	-6.68558285E-04	-1.37876214E-03	 1.13534504E-03
 9.580000E-01	-9.52678340E-08	 2.23335867E-06	 7.62034145E-06	 7.69391403E-06	-3.77310509E-06	-3.37657002E-05	-2.49305399E-04	-1.44987876E-04	 1.10515496E-03	-6.00633210E-04	-2.26253301E-06	-8.05585411E-06	-8.04982926E-06	 1.30926097E-05	 5.80563876E-05	 2.12157942E-04	 4.15448826E-04	-6.47337372E-04	-1.34051538E-03	 1.09152917E-03
 9.590000E-01	-1.28531540E-07	 2.16416303E-06	 7.54341422E-06	 7.74905852E-06	-3.29080820E-06	-3.26306579E-05	-2.44279454E-04	-1.42112547E-04	 1.07236983E-03	-5.78841883E-04	-2.20021143E-06	-8.00039419E-06	-8.28129980E-06	 1.21352486E-05	 5.60631215E-05	 2.07876636E-04	 4.08148311E-04	-6.26450794E-04	-1.30273311E-03	 1.04886091E-03
 9.600000E-01	-1.61021648E-07	 2.09421864E-06	 7.46115998E-06	 7.79451316E-06	-2.81996810E-06	-3.15038481E-05	-2.39235691E-04	-1.39230269E-04	 1.04005920E-03	-5.57573579E-04	-2.13521785E-06	-7.93584834E-06	-8.49435910E-06	 1.11999012E-05	 5.40823336E-05	 2.03561366E-04	 4.00772117E-04	-6.05891516E-04	-1.26540096E-03	 1.00731122E-03
 9.610000E-01	-1.92657777E-07	 2.02362913E-06	 7.37357732E-06	 7.83006224E-06	-2.36119211E-06	-3.03856960E-05	-2.34172309E-04	-1.36339200E-04	 1.00820941E-03	-5.36813669E-04	-2.06777489E-06	-7.86236635E-06	-8.68880190E-06	 1.02873077E-05	 5.21151047E-05	 1.99211645E-04	 3.93316848E-04	-5.85653885E-04	-1.22850503E-03	 9.66851497E-04
 9.620000E-01	-2.23359959E-07	 1.95251697E-06	 7.28072229E-06	 7.85553165E-06	-1.91518734E-06	-2.92766476E-05	-2.29087849E-04	-1.33437536E-04	 9.76807145E-04	-5.16547301E-04	-1.99812582E-06	-7.78015849E-06	-8.86449719E-06	 9.39829449E-06	 5.01627608E-05	 1.94827212E-04	 3.85779459E-04	-5.65732664E-04	-1.19203208E-03	 9.27453433E-04
 9.630000E-01	-2.53057478E-07	 1.88097998E-06	 7.18260155E-06	 7.87075121E-06	-1.48252446E-06	-2.81770616E-05	-2.23980629E-04	-1.30523879E-04	 9.45839251E-04	-4.96760127E-04	-1.92647396E-06	-7.68937245E-06	-9.02128028E-06	 8.53352362E-06	 4.82263312E-05	 1.90407590E-04	 3.78156966E-04	-5.46121969E-04	-1.15596900E-03	 8.89089200E-04
 9.640000E-01	-2.81687442E-07	 1.80908432E-06	 7.07913956E-06	 7.87555284E-06	-1.06350826E-06	-2.70872699E-05	-2.18848534E-04	-1.27597374E-04	 9.15292766E-04	-4.77438536E-04	-1.85297716E-06	-7.59004744E-06	-9.15887534E-06	 7.69343681E-06	 4.63063920E-05	 1.85951965E-04	 3.70445995E-04	-5.26815239E-04	-1.12030251E-03	 8.51732219E-04
 9.650000E-01	-3.09182983E-07	 1.73690046E-06	 6.97025447E-06	 7.86974364E-06	-6.58454316E-07	-2.60076846E-05	-2.13689307E-04	-1.24656928E-04	 8.85154858E-04	-4.58569532E-04	-1.77780302E-06	-7.48222744E-06	-9.27698604E-06	 6.87851154E-06	 4.44035733E-05	 1.81459561E-04	 3.62642825E-04	-5.07806306E-04	-1.08501922E-03	 8.15356829E-04
 9.660000E-01	-3.35465949E-07	 1.66454364E-06	 6.85596232E-06	 7.85315291E-06	-2.67912833E-07	-2.49388736E-05	-2.08501112E-04	-1.21700957E-04	 8.55412948E-04	-4.40139921E-04	-1.70118168E-06	-7.36607651E-06	-9.37541001E-06	 6.08947732E-06	 4.25190547E-05	 1.76930046E-04	 3.54743793E-04	-4.89090247E-04	-1.05010624E-03	 7.79937909E-04
 9.670000E-01	-3.60456110E-07	 1.59214670E-06	 6.73632961E-06	 7.82562357E-06	 1.07402267E-07	-2.38814056E-05	-2.03282356E-04	-1.18727644E-04	 8.26054640E-04	-4.22136508E-04	-1.62336911E-06	-7.24182698E-06	-9.45402353E-06	 5.32718665E-06	 4.06543169E-05	 1.72363287E-04	 3.46745481E-04	-4.70662639E-04	-1.01555113E-03	 7.45450440E-04
 9.680000E-01	-3.84076668E-07	 1.51983370E-06	 6.61140500E-06	 7.78702205E-06	 4.66843303E-07	-2.28357859E-05	-1.98031394E-04	-1.15735521E-04	 7.97067751E-04	-4.04546325E-04	-1.54460570E-06	-7.10967905E-06	-9.51268292E-06	 4.59241877E-06	 3.88107157E-05	 1.67759019E-04	 3.38644551E-04	-4.52518770E-04	-9.81341701E-04	 7.11870003E-04
 9.690000E-01	-4.06261787E-07	 1.44768875E-06	 6.48114252E-06	 7.73719779E-06	 8.10006048E-07	-2.18024274E-05	-1.92746094E-04	-1.12723566E-04	 7.68440194E-04	-3.87357308E-04	-1.46507912E-06	-6.96972265E-06	-9.55114356E-06	 3.88572393E-06	 3.69891283E-05	 1.63116593E-04	 3.30437386E-04	-4.34653097E-04	-9.47465462E-04	 6.79173092E-04
 9.700000E-01	-4.26943461E-07	 1.37580255E-06	 6.34549775E-06	 7.67599836E-06	 1.13653192E-06	-2.07818502E-05	-1.87424241E-04	-1.09690725E-04	 7.40160058E-04	-3.70557793E-04	-1.38498339E-06	-6.82204943E-06	-9.56914204E-06	 3.20765054E-06	 3.51904384E-05	 1.58435441E-04	 3.22120103E-04	-4.17060353E-04	-9.13909960E-04	 6.47337114E-04
 9.710000E-01	-4.46050654E-07	 1.30429044E-06	 6.20448854E-06	 7.60327662E-06	 1.44590546E-06	-1.97746956E-05	-1.82063823E-04	-1.06635490E-04	 7.12215587E-04	-3.54136197E-04	-1.30455111E-06	-6.66684056E-06	-9.56649631E-06	 2.55890377E-06	 3.34159127E-05	 1.53715345E-04	 3.13688807E-04	-3.99736121E-04	-8.80663043E-04	 6.16339762E-04
 9.720000E-01	-4.63504146E-07	 1.23329810E-06	 6.05820046E-06	 7.51890682E-06	 1.73742013E-06	-1.87816658E-05	-1.76663110E-04	-1.03556093E-04	 6.84595223E-04	-3.38080765E-04	-1.22405478E-06	-6.50435850E-06	-9.54310057E-06	 1.94035486E-06	 3.16672029E-05	 1.48956341E-04	 3.05139744E-04	-3.82676685E-04	-8.47713045E-04	 5.86158955E-04
 9.730000E-01	-4.79229753E-07	 1.16295830E-06	 5.90669767E-06	 7.42277381E-06	 2.01038432E-06	-1.78033684E-05	-1.71220290E-04	-1.00450922E-04	 6.57287544E-04	-3.22380093E-04	-1.14375555E-06	-6.33484458E-06	-9.49884153E-06	 1.35283470E-06	 2.99459001E-05	 1.44158323E-04	 2.96469205E-04	-3.65878132E-04	-8.15048425E-04	 5.56773062E-04
 9.740000E-01	-4.93157141E-07	 1.09337859E-06	 5.74997087E-06	 7.31475091E-06	 2.26429042E-06	-1.68403354E-05	-1.65733192E-04	-9.73187399E-05	 6.30281240E-04	-3.07023518E-04	-1.06387637E-06	-6.15844799E-06	-9.43351272E-06	 7.97000702E-07	 2.82532102E-05	 1.39320851E-04	 2.87673268E-04	-3.49335950E-04	-7.82657386E-04	 5.28161440E-04
 9.750000E-01	-5.05222748E-07	 1.02465892E-06	 5.58799773E-06	 7.19471275E-06	 2.49871565E-06	-1.58931653E-05	-1.60199542E-04	-9.41582472E-05	 6.03565131E-04	-2.92000916E-04	-9.84632368E-07	-5.97531022E-06	-9.34689879E-06	 2.73455798E-07	 2.65902746E-05	 1.34443554E-04	 2.78747807E-04	-3.33045794E-04	-7.50528033E-04	 5.00304212E-04
 9.760000E-01	-5.15357307E-07	 9.56923782E-07	 5.42080521E-06	 7.06253270E-06	 2.71311931E-06	-1.49625958E-05	-1.54617194E-04	-9.09677396E-05	 5.77128163E-04	-2.77302290E-04	-9.06267387E-07	-5.78563876E-06	-9.23884055E-06	-2.17084520E-07	 2.49585204E-05	 1.29526356E-04	 2.69688608E-04	-3.17004043E-04	-7.18648655E-04	 4.73181836E-04
 9.770000E-01	-5.23489232E-07	 8.90320597E-07	 5.24848302E-06	 6.91811147E-06	 2.90678624E-06	-1.40494379E-05	-1.48984257E-04	-8.77451805E-05	 5.50959457E-04	-2.62917544E-04	-8.29062501E-07	-5.58972363E-06	-9.10926081E-06	-6.73749899E-07	 2.33597698E-05	 1.24569465E-04	 2.60491513E-04	-3.01207850E-04	-6.87007947E-04	 4.46774969E-04
 9.780000E-01	-5.29543294E-07	 8.24994300E-07	 5.07110264E-06	 6.76134165E-06	 3.07895452E-06	-1.31544239E-05	-1.43298737E-04	-8.44885484E-05	 5.25048224E-04	-2.48836928E-04	-7.53296195E-07	-5.38783874E-06	-8.95806675E-06	-1.09566783E-06	 2.17958376E-05	 1.19572932E-04	 2.51152342E-04	-2.85654286E-04	-6.55594649E-04	 4.21064706E-04
 9.790000E-01	-5.33451554E-07	 7.61067000E-07	 4.88868313E-06	 6.59212487E-06	 3.22902372E-06	-1.22782252E-05	-1.37558401E-04	-8.11962229E-05	 4.99383861E-04	-2.35051250E-04	-6.79219601E-07	-5.18019240E-06	-8.78510289E-06	-1.48210524E-06	 2.02682521E-05	 1.14536564E-04	 2.41666790E-04	-2.70339944E-04	-6.24397422E-04	 3.96033122E-04
 9.800000E-01	-5.35149643E-07	 6.98650711E-07	 4.70121887E-06	 6.41033883E-06	 3.35647633E-06	-1.14215583E-05	-1.31760764E-04	-7.78666619E-05	 4.73955854E-04	-2.21551810E-04	-6.07065752E-07	-4.96697135E-06	-8.59019949E-06	-1.83241054E-06	 1.87784026E-05	 1.09460141E-04	 2.32030395E-04	-2.55261153E-04	-5.93404890E-04	 3.71662754E-04
 9.810000E-01	-5.34573770E-07	 6.37876960E-07	 4.50876012E-06	 6.21588672E-06	 3.46074737E-06	-1.05853196E-05	-1.25903446E-04	-7.44982539E-05	 4.48753934E-04	-2.08329796E-04	-5.37091825E-07	-4.74842452E-06	-8.37324657E-06	-2.14585640E-06	 1.73279286E-05	 1.04343748E-04	 2.22238612E-04	-2.40414715E-04	-5.62606109E-04	 3.47936515E-04
 9.820000E-01	-5.31656367E-07	 5.78892443E-07	 4.31139821E-06	 6.00866165E-06	 3.54108997E-06	-9.77047287E-06	-1.19984047E-04	-7.10891324E-05	 4.23767896E-04	-1.95376345E-04	-4.69577280E-07	-4.52486523E-06	-8.13420776E-06	-2.42159025E-06	 1.59187999E-05	 9.91876362E-05	 2.12286849E-04	-2.25797724E-04	-5.31990515E-04	 3.24837109E-04
 9.830000E-01	-5.26325725E-07	 5.21853400E-07	 4.10923773E-06	 5.78858413E-06	 3.59670637E-06	-8.97799013E-06	-1.14000150E-04	-6.76376451E-05	 3.98987784E-04	-1.82682595E-04	-4.04815456E-07	-4.29661299E-06	-7.87304197E-06	-2.65871445E-06	 1.45530963E-05	 9.39919771E-05	 2.02170422E-04	-2.11407324E-04	-5.01547865E-04	 3.02347930E-04
 9.840000E-01	-5.18516151E-07	 4.66889640E-07	 3.90231573E-06	 5.55554875E-06	 3.62688137E-06	-8.20872419E-06	-1.07949091E-04	-6.41420877E-05	 3.74403613E-04	-1.70240519E-04	-3.43068161E-07	-4.06392898E-06	-7.58966356E-06	-2.85645801E-06	 1.32326389E-05	 8.87567169E-05	 1.91884571E-04	-1.97240382E-04	-4.71267472E-04	 2.80452981E-04
 9.850000E-01	-5.08160695E-07	 4.14142926E-07	 3.69067423E-06	 5.30947743E-06	 3.63097501E-06	-7.46362730E-06	-1.01828441E-04	-6.06004563E-05	 3.50005581E-04	-1.58042565E-04	-2.84602993E-07	-3.82707241E-06	-7.28396619E-06	-3.01409026E-06	 1.19592021E-05	 8.34819901E-05	 1.81424449E-04	-1.83294548E-04	-4.41138365E-04	 2.59137416E-04
 9.860000E-01	-4.95198796E-07	 3.63750850E-07	 3.47434795E-06	 5.05027385E-06	 3.60831405E-06	-6.74370147E-06	-9.56358807E-05	-5.70099616E-05	 3.25783782E-04	-1.46081860E-04	-2.29684252E-07	-3.58632690E-06	-6.95588082E-06	-3.13088694E-06	 1.07346376E-05	 7.81682122E-05	 1.70785151E-04	-1.69568303E-04	-4.11149120E-04	 2.38386535E-04
 9.870000E-01	-4.79557538E-07	 3.15893049E-07	 3.25343114E-06	 4.77788312E-06	 3.55808440E-06	-6.05013356E-06	-8.93695516E-05	-5.33671212E-05	 3.01728485E-04	-1.34351602E-04	-1.78620311E-07	-3.34204020E-06	-6.60536766E-06	-3.20598445E-06	 9.56115725E-06	 7.28162053E-05	 1.59961645E-04	-1.56061606E-04	-3.81288280E-04	 2.18186377E-04
 9.880000E-01	-4.61171394E-07	 2.70732858E-07	 3.02797533E-06	 4.49223894E-06	 3.47943946E-06	-5.38403200E-06	-8.30276048E-05	-4.96678613E-05	 2.77829847E-04	-1.22845783E-04	-1.31708058E-07	-3.09455034E-06	-6.23239285E-06	-3.23856346E-06	 8.44096268E-06	 6.74268384E-05	 1.48948878E-04	-1.42774893E-04	-3.51543909E-04	 1.98523286E-04
 9.890000E-01	-4.39964549E-07	 2.28444621E-07	 2.79802934E-06	 4.19328991E-06	 3.37158987E-06	-4.74657388E-06	-7.66080763E-05	-4.59085393E-05	 2.54078370E-04	-1.11558486E-04	-8.92461742E-08	-2.84416420E-06	-5.83686718E-06	-3.22782711E-06	 7.37617407E-06	 6.20008329E-05	 1.37741589E-04	-1.29708412E-04	-3.21904340E-04	 1.79384786E-04
 9.900000E-01	-4.15876240E-07	 1.89165118E-07	 2.56361029E-06	 3.88093051E-06	 3.23381383E-06	-4.13890332E-06	-7.01082779E-05	-4.20862846E-05	 2.30464676E-04	-1.00483918E-04	-5.14975280E-08	-2.59115989E-06	-5.41871213E-06	-3.17304550E-06	 6.36877766E-06	 5.65385995E-05	 1.26334310E-04	-1.16860986E-04	-2.92358460E-04	 1.60758271E-04
 9.910000E-01	-3.88827230E-07	 1.53062729E-07	 2.32481886E-06	 3.55505535E-06	 3.06528908E-06	-3.56234421E-06	-6.35251822E-05	-3.81992908E-05	 2.06979922E-04	-8.96153827E-05	-1.87559860E-08	-2.33586663E-06	-4.97788921E-06	-3.07333648E-06	 5.42102267E-06	 5.10404160E-05	 1.14721369E-04	-1.04230546E-04	-2.62896547E-04	 1.42631391E-04
 9.920000E-01	-3.58743154E-07	 1.20294720E-07	 2.08178978E-06	 3.21551014E-06	 2.86501550E-06	-3.01801503E-06	-5.68551065E-05	-3.42470476E-05	 1.83615522E-04	-7.89453080E-05	 8.66825655E-09	-2.07867354E-06	-4.51445035E-06	-2.92768441E-06	 4.53534633E-06	 4.55060609E-05	 1.02897299E-04	-9.18130479E-05	-2.33510445E-04	 1.24990644E-04
 9.930000E-01	-3.25520913E-07	 9.10493587E-08	 1.83469326E-06	 2.86213462E-06	 2.63183683E-06	-2.50693674E-06	-5.00939891E-05	-3.02303642E-05	 1.60363314E-04	-6.84650914E-05	 3.04266967E-08	-1.81998467E-06	-4.02841990E-06	-2.73490661E-06	 3.71433267E-06	 3.99347175E-05	 9.08565806E-05	-7.96030843E-05	-2.04193254E-04	 1.07822515E-04
 9.940000E-01	-2.89085287E-07	 6.54880315E-08	 1.58363394E-06	 2.49478023E-06	 2.36468411E-06	-2.03025508E-06	-4.32378852E-05	-2.61486834E-05	 1.37214696E-04	-5.81674160E-05	 4.62108439E-08	-1.56017110E-06	-3.51980598E-06	-2.49397113E-06	 2.96051914E-06	 3.43260172E-05	 7.85933061E-05	-6.75967523E-05	-1.74936589E-04	 9.11140875E-05
 9.950000E-01	-2.49368858E-07	 4.38037954E-08	 1.32870791E-06	 2.11342582E-06	 2.06264904E-06	-1.58984449E-06	-3.62841272E-05	-2.19979931E-05	 1.14160688E-04	-4.80473253E-05	 5.57371059E-08	-1.29960016E-06	-2.98861726E-06	-2.20405838E-06	 2.27662783E-06	 2.86812717E-05	 6.61008723E-05	-5.57952751E-05	-1.45729168E-04	 7.48553232E-05
 9.960000E-01	-2.06340643E-07	 2.61733995E-08	 1.06998431E-06	 1.71813664E-06	 1.72496350E-06	-1.18786646E-06	-2.92309903E-05	-1.77717229E-05	 9.11920287E-05	-3.81020824E-05	 5.87612495E-08	-1.03865199E-06	-2.43494448E-06	-1.86460832E-06	 1.66537276E-06	 2.30030052E-05	 5.33727305E-05	-4.42032440E-05	-1.16557724E-04	 5.90378222E-05
 9.970000E-01	-1.59949928E-07	 1.27898795E-08	 8.07569573E-07	 1.30903003E-06	 1.35082593E-06	-8.26301585E-07	-2.20772221E-05	-1.34637144E-05	 6.83000129E-05	-2.83288450E-05	 5.50160672E-08	-7.77726931E-07	-1.85893191E-06	-1.47508386E-06	 1.12938730E-06	 1.72936444E-05	 4.04031313E-05	-3.28250932E-05	-8.74097636E-05	 4.36535602E-05
 9.980000E-01	-1.10143182E-07	 3.83183807E-09	 5.41609032E-07	 8.86215455E-07	 9.39314786E-07	-5.06727470E-07	-1.48215209E-05	-9.06889269E-06	 4.54761399E-05	-1.87238125E-05	 4.42028047E-08	-5.17278809E-07	-1.26083607E-06	-1.03489719E-06	 6.71287318E-07	 1.15552072E-05	 2.71872646E-05	-2.16636145E-05	-5.82741451E-05	 2.86928902E-05
 9.990000E-01	-5.68467760E-08	-4.94635850E-10	 2.72336827E-07	 4.49820695E-07	 4.89366142E-07	-2.30743517E-07	-7.46278500E-06	-4.58253548E-06	 2.27121671E-05	-9.28238862E-06	 2.59732917E-08	-2.57851873E-07	-6.41032970E-07	-5.43365613E-07	 2.93927759E-07	 5.78985935E-06	 1.37207977E-05	-1.07212772E-05	-2.91407454E-05	 1.41454051E-05
 1.000000E+00	 0.00000000E+00	 0.00000000E+00	 0.00000000E+00	 0.00000000E+00	 0.00000000E+00	 0.00000000E+00	 0.00000000E+00	 0.00000000E+00	 0.00000000E+00	 0.00000000E+00	 0.00000000E+00	 0.00000000E+00	 0.00000000E+00	 0.00000000E+00	 0.00000000E+00	 0.00000000E+00	 0.00000000E+00	 0.00000000E+00	 0.00000000E+00	 0.00000000E+00
