r	R  6/ 3	R  7/ 3	R  8/ 3	R  9/ 3	R 10/ 3	R 11/ 3	R 12/ 3	R 13/ 3	R 14/ 3	R 15/ 3	I  6/ 3	I  7/ 3	I  8/ 3	I  9/ 3	I 10/ 3	I 11/ 3	I 12/ 3	I 13/ 3	I 14/ 3	I 15/ 3
 0.000000E+00	 0.00000000E+00	 0.00000000E+00	 0.00000000E+00	 0.00000000E+00	 0.00000000E+00	 0.00000000E+00	 0.00000000E+00	 0.00000000E+00	 0.00000000E+00	 0.00000000E+00	 0.00000000E+00	 0.00000000E+00	 0.00000000E+00	 0.00000000E+00	 0.00000000E+00	 0.00000000E+00	 0.00000000E+00	 0.00000000E+00	 0.00000000E+00	 0.00000000E+00
 1.000000E-03	-2.61989896E-10	-5.47233573E-12	 4.89390398E-11	 2.09203664E-12	 1.64664182E-12	-1.44945295E-14	 1.95014847E-14	-8.98500367E-15	-7.59408407E-15	-1.38352771E-15	 1.00214752E-10	 3.15308120E-12	-1.83147722E-11	-1.15459198E-12	-6.82546820E-13	 4.42539929E-15	-9.49446089E-15	 5.09361513E-15	 2.69819836E-15	 7.68662020E-16
 2.000000E-03	-2.52859286E-09	-7.93655664E-11	 2.24162868E-10	 1.38182241E-11	 1.06734385E-11	 3.07740808E-13	 5.54823245E-13	-3.45891512E-15	 2.71718177E-14	-2.49211609E-15	 9.63395072E-10	 4.53033861E-11	-8.12244848E-11	-7.54270197E-12	-4.35831329E-12	-2.01786171E-13	-2.17683615E-13	 2.71958591E-15	-1.07268469E-14	 1.53752058E-15
 3.000000E-03	-1.30942023E-08	-5.48053443E-10	 6.47514938E-10	 5.38251641E-11	 3.52052773E-11	 1.78895023E-12	 2.14906103E-12	 7.51007072E-14	 1.48225566E-13	 1.42781748E-15	 4.96938504E-09	 3.11444277E-10	-2.17877061E-10	-2.87740736E-11	-1.45868130E-11	-1.17686187E-12	-8.38639537E-13	-4.24379577E-14	-5.60733024E-14	-2.90305625E-16
 4.000000E-03	-4.68150677E-08	-2.46494476E-09	 1.42430589E-09	 1.52878107E-10	 8.50203863E-11	 5.72061898E-12	 5.40508944E-12	 3.22247739E-13	 4.03544916E-13	 1.83567816E-14	 1.76889263E-08	 1.39551612E-09	-4.04400521E-10	-7.84447664E-11	-3.64011704E-11	-3.92065421E-12	-2.15982020E-12	-1.96101308E-13	-1.51863045E-13	-9.77380850E-15
 5.000000E-03	-1.31345445E-07	-8.37486927E-09	 2.61571163E-09	 3.53857972E-10	 1.72627837E-10	 1.37587215E-11	 1.10082482E-11	 8.61439690E-13	 8.47301796E-13	 5.84748364E-14	 4.93772328E-08	 4.72295787E-09	-4.81492149E-10	-1.68107639E-10	-7.72745635E-11	-9.89367326E-12	-4.63034350E-12	-5.52370195E-13	-3.23955837E-13	-3.42055979E-14
 6.000000E-03	-3.11319172E-07	-2.33833777E-08	 4.18750664E-09	 7.11052823E-10	 3.14762808E-10	 2.79249928E-11	 1.97288166E-11	 1.84638643E-12	 1.54101685E-12	 1.34009484E-13	 1.16350946E-07	 1.31301465E-08	-5.05251879E-12	-2.93092133E-10	-1.47414404E-10	-2.10908181E-11	-8.96885019E-12	-1.23364684E-12	-6.10887710E-13	-8.30647798E-14
 7.000000E-03	-6.52457633E-07	-5.65301712E-08	 5.92641562E-09	 1.28858762E-09	 5.35046707E-10	 5.06185680E-11	 3.24024281E-11	 3.47132896E-12	 2.55372179E-12	 2.59522952E-13	 2.42212091E-07	 3.15889853E-08	 1.99104581E-09	-4.04819526E-10	-2.58471607E-10	-4.02362930E-11	-1.62925344E-11	-2.39323629E-12	-1.06998362E-12	-1.68142517E-13
 8.000000E-03	-1.24558440E-06	-1.22465390E-07	 7.31446257E-09	 2.15731725E-09	 8.68968611E-10	 8.44837494E-11	 4.98896233E-11	 5.98815819E-12	 3.96116625E-12	 4.52554174E-13	 4.58883545E-07	 6.80616295E-08	 7.33974345E-09	-3.62668786E-10	-4.19547774E-10	-7.11488458E-11	-2.82706812E-11	-4.22067865E-12	-1.78429491E-12	-3.03919310E-13
 9.000000E-03	-2.21052598E-06	-2.43426958E-07	 7.35064096E-09	 3.38910528E-09	 1.37269070E-09	 1.31932871E-10	 7.30179788E-11	 9.73006697E-12	 5.84422409E-12	 7.34550178E-13	 8.07421889E-07	 1.34467178E-07	 1.92114530E-08	 1.43015173E-10	-6.28960419E-10	-1.19333482E-10	-4.73083434E-11	-6.94805855E-12	-2.87046053E-12	-5.08180715E-13
 1.000000E-02	-3.69987696E-06	-4.51516482E-07	 4.30808101E-09	 5.04690817E-09	 2.13759288E-09	 1.94044174E-10	 1.02510399E-10	 1.51424868E-11	 8.28674358E-12	 1.13207445E-12	 1.33857515E-06	 2.47739055E-07	 4.27272746E-08	 1.70660788E-09	-8.59580516E-10	-1.92915518E-10	-7.67682266E-11	-1.08545633E-11	-4.48767352E-12	-8.02804514E-13
 1.100000E-02	-5.90260684E-06	-7.91270373E-07	-4.58636699E-09	 7.16845861E-09	 3.31298254E-09	 2.68422909E-10	 1.38901592E-10	 2.28228304E-11	 1.13731231E-11	 1.67832527E-12	 2.11305484E-06	 4.30948759E-07	 8.57294979E-08	 5.37278634E-09	-1.03476584E-09	-3.04126662E-10	-1.21239583E-10	-1.62661785E-11	-6.84800041E-12	-1.21462391E-12
 1.200000E-02	-9.04748435E-06	-1.32252179E-06	-2.35645837E-08	 9.74056209E-09	 5.13996430E-09	 3.45431793E-10	 1.82443002E-10	 3.35706830E-11	 1.51858791E-11	 2.41506695E-12	 3.20149394E-06	 7.14468718E-07	 1.59721858E-07	 1.28644847E-08	-9.91021796E-10	-4.71672403E-10	-1.86861978E-10	-2.35472505E-11	-1.02283088E-11	-1.77626589E-12
 1.300000E-02	-1.34062939E-05	-2.12354784E-06	-5.88375748E-08	 1.26600651E-08	 8.00004498E-09	 4.01969940E-10	 2.32994955E-10	 4.84495725E-11	 1.98034730E-11	 3.39508466E-12	 4.68406498E-06	 1.13714412E-06	 2.80989444E-07	 2.68868903E-08	-4.22532649E-10	-7.24457834E-10	-2.81710398E-10	-3.30803891E-11	-1.49839890E-11	-2.52688071E-12
 1.400000E-02	-1.92968175E-05	-3.29449491E-06	-1.19241229E-07	 1.56764041E-08	 1.24826044E-08	 3.91711293E-10	 2.89902985E-10	 6.88602714E-11	 2.52986594E-11	 4.68533386E-12	 6.64973508E-06	 1.74744090E-06	 4.71905295E-07	 5.15222240E-08	 1.19838923E-09	-1.10733246E-09	-4.16247165E-10	-4.52306599E-11	-2.15645576E-11	-3.51267022E-12
 1.500000E-02	-2.70855532E-05	-4.96107351E-06	-2.17026389E-07	 1.83092905E-08	 1.94758661E-08	 2.30406007E-10	 3.51852452E-10	 9.66239601E-11	 3.17376600E-11	 6.37091720E-12	 9.19513810E-06	 2.60453450E-06	 7.62427567E-07	 9.27310015E-08	 4.73209969E-09	-1.68974249E-09	-6.03845837E-10	-6.02891447E-11	-3.05310743E-11	-4.78716802E-12
 1.600000E-02	-3.71901411E-05	-7.27851176E-06	-3.68813675E-07	 1.97335111E-08	 3.02864268E-08	-2.25496859E-10	 4.16691404E-10	 1.34071281E-10	 3.91804632E-11	 8.56006493E-12	 1.24230472E-05	 3.77930151E-06	 1.19178768E-06	 1.58976279E-07	 1.15221572E-08	-2.57845960E-09	-8.61392690E-10	-7.83898580E-11	-4.25752132E-11	-6.41117151E-12
 1.700000E-02	-5.00814653E-05	-1.04357548E-05	-5.96734958E-07	 1.86210259E-08	 4.67927243E-08	-1.20902711E-09	 4.81205677E-10	 1.84130488E-10	 4.76825357E-11	 1.13902575E-11	 1.64404348E-05	 5.35517436E-06	 1.81036612E-06	 2.61988015E-07	 2.35955330E-08	-3.93589623E-09	-1.20997250E-09	-9.93925843E-11	-5.85396213E-11	-8.45228770E-12
 1.800000E-02	-6.62853991E-05	-1.46598948E-05	-9.29784648E-07	 1.29285015E-08	 7.16380080E-08	-3.08420371E-09	 5.40822746E-10	 2.50404137E-10	 5.72981547E-11	 1.50356226E-11	 2.13561114E-05	 7.42881679E-06	 2.68174852E-06	 4.17685131E-07	 4.39239918E-08	-6.00592630E-09	-1.67564723E-09	-1.22722739E-10	-7.94391226E-11	-1.09839919E-11
 1.900000E-02	-8.63841587E-05	-2.02208128E-05	-1.40540518E-06	-3.83856227E-10	 1.08468390E-07	-6.40184426E-09	 5.89211708E-10	 3.37219134E-10	 6.80853701E-11	 1.97157530E-11	 2.72779380E-05	 1.01105766E-05	 3.88495031E-06	 6.47273035E-07	 7.67597949E-08	-9.14961420E-09	-2.29033906E-09	-1.47157539E-10	-1.06482048E-10	-1.40841098E-11
 2.000000E-02	-1.11017232E-04	-2.74360121E-05	-2.07133198E-06	-2.57188386E-08	 1.62221373E-07	-1.19730904E-08	 6.17736327E-10	 4.49629090E-10	 8.01124113E-11	 2.57059960E-11	 3.43096120E-05	 1.35246702E-05	 5.51679361E-06	 9.78534356E-07	 1.28060631E-07	-1.38938219E-08	-3.09283345E-09	-1.70545953E-10	-1.41090829E-10	-1.78327087E-11
 2.100000E-02	-1.40881845E-04	-3.66756175E-05	-2.98772384E-06	-6.93135756E-08	 2.39469809E-07	-2.09645211E-08	 6.14706673E-10	 5.93340665E-10	 9.34648466E-11	 3.33493320E-11	 4.25470313E-05	 1.78090528E-05	 7.69441526E-06	 1.44733025E-06	 2.06020507E-07	-2.09963217E-08	-4.12992342E-09	-1.89447800E-10	-1.84920691E-10	-2.23091774E-11
 2.200000E-02	-1.76732926E-04	-4.83675134E-05	-4.22960514E-06	-1.39838130E-07	 3.48825575E-07	-3.50191704E-08	 5.64361130E-10	 7.74526549E-10	 1.08252565E-10	 4.30698232E-11	 5.20742466E-05	 2.31149265E-05	 1.05578796E-05	 2.09932903E-06	 3.21725208E-07	-3.15317927E-08	-5.45772197E-09	-1.98675496E-10	-2.39875089E-10	-2.75886926E-11
 2.300000E-02	-2.19382537E-04	-6.30025860E-05	-5.88964610E-06	-2.49147037E-07	 5.01406207E-07	-5.64081904E-08	 4.45498154E-10	 9.99476817E-10	 1.24614623E-10	 5.53875989E-11	 6.29590154E-05	 2.96058395E-05	 1.42728642E-05	 2.99197767E-06	 4.89952848E-07	-4.70039328E-08	-7.14317980E-09	-1.90720208E-10	-3.08116143E-10	-3.37376201E-11
 2.400000E-02	-2.69698726E-04	-8.11400364E-05	-8.08130706E-06	-4.13212929E-07	 7.11366405E-07	-8.82182835E-08	 2.29664747E-10	 1.27402803E-09	 1.42719308E-10	 7.09352708E-11	 7.52479799E-05	 3.74563274E-05	 1.90333825E-05	 4.19673055E-06	 7.30141987E-07	-6.94898795E-08	-9.26585730E-09	-1.55041753E-10	-3.92067652E-10	-4.08084875E-11
 2.500000E-02	-3.28603764E-04	-1.03412720E-04	-1.09423716E-05	-6.53275068E-07	 9.96494562E-07	-1.34580356E-07	-1.21204257E-10	 1.60269397E-09	 1.62755608E-10	 9.04753646E-11	 8.89614934E-05	 4.68500499E-05	 2.50644981E-05	 5.80154754E-06	 1.06755167E-06	-1.01824207E-07	-1.19200118E-08	-7.72005363E-11	-4.94408518E-10	-4.88339046E-11
 2.600000E-02	-3.97071734E-04	-1.30532467E-04	-1.46388922E-05	-9.97239413E-07	 1.37887233E-06	-2.00945091E-07	-6.57812931E-10	 1.98740408E-09	 1.84911001E-10	 1.14918770E-10	 1.04088128E-04	 5.79773770E-05	 3.26249852E-05	 7.91367137E-06	 1.53463960E-06	-1.47830950E-07	-1.52170773E-08	 6.21920232E-11	-6.18053380E-10	-5.78205072E-11
 2.700000E-02	-4.76125427E-04	-1.63295338E-04	-1.93695693E-05	-1.48137085E-06	 1.88559260E-06	-2.94411269E-07	-1.44732147E-09	 2.42573447E-09	 2.09328711E-10	 1.45343155E-10	 1.20578903E-04	 7.10323783E-05	 4.20098777E-05	 1.06626912E-05	 2.17268642E-06	-2.12613414E-07	-1.92886320E-08	 2.88727384E-10	-7.66117438E-10	-6.77423683E-11
 2.800000E-02	-5.66832514E-04	-2.02586743E-04	-2.53705833E-05	-2.15232228E-06	 2.54952827E-06	-4.24112697E-07	-2.57808386E-09	 2.90849219E-09	 2.36035440E-10	 1.83011552E-10	 1.38341272E-04	 8.62091730E-05	 5.35528489E-05	 1.42038958E-05	 3.03369557E-06	-3.02912926E-07	-2.42899669E-08	 6.35681566E-10	-9.41861581E-10	-7.85353056E-11
 2.900000E-02	-6.70300956E-04	-2.49386384E-04	-3.29208939E-05	-3.06954942E-06	 3.41014049E-06	-6.01669410E-07	-4.16543799E-09	 3.41648474E-09	 2.64828799E-10	 2.29389185E-10	 1.57232934E-04	 1.03697601E-04	 6.76283534E-05	 1.87219148E-05	 4.18259972E-06	-4.27549216E-07	-3.04043917E-08	 1.14574348E-09	-1.14861436E-09	-9.00921071E-11
 3.000000E-02	-7.87673621E-04	-3.04772936E-04	-4.23480177E-05	-4.30816428E-06	 4.51431117E-06	-8.41708505E-07	-6.35868487E-09	 3.91627356E-09	 2.95110718E-10	 2.86159232E-10	 1.77055504E-04	 1.23678176E-04	 8.46534605E-05	 2.44346434E-05	 5.69980559E-06	-5.97956677E-07	-3.78484273E-08	 1.87300306E-09	-1.38966732E-09	-1.02259835E-10
 3.100000E-02	-9.20122079E-04	-3.69928392E-04	-5.40342909E-05	-5.96228434E-06	 5.91717989E-06	-1.16245938E-06	-9.34939022E-09	 4.35467705E-09	 3.25651469E-10	 3.55234064E-10	 1.97548127E-04	 1.46316289E-04	 1.05089301E-04	 3.15974382E-05	 7.68410998E-06	-8.28832421E-07	-4.68780623E-08	 2.88519952E-09	-1.66813981E-09	-1.14840182E-10
 3.200000E-02	-1.06883955E-03	-4.46142010E-04	-6.84236166E-05	-8.14893851E-06	 7.68295972E-06	-1.58642741E-06	-1.33810223E-08	 4.65175652E-09	 3.54250400E-10	 4.38761887E-10	 2.18381096E-04	 1.71755634E-04	 1.29442042E-04	 4.05075659E-05	 1.02560205E-05	-1.13891391E-06	-5.77963425E-08	 4.26623997E-09	-1.98680133E-09	-1.27595977E-10
 3.300000E-02	-1.23503297E-03	-5.34813754E-04	-8.60286900E-05	-1.10125946E-05	 9.88570089E-06	-2.14114909E-06	-1.87599998E-08	 4.69197939E-09	 3.77276148E-10	 5.39123080E-10	 2.39149546E-04	 2.00110831E-04	 1.58263308E-04	 5.15088816E-05	 1.35615143E-05	-1.55190590E-06	-7.09625248E-08	 6.11899043E-09	-2.34785159E-09	-1.40269239E-10
 3.400000E-02	-1.41991418E-03	-6.37457153E-04	-1.07438687E-04	-1.47303770E-05	 1.26099655E-05	-2.86003021E-06	-2.58682411E-08	 4.31318695E-09	 3.89063483E-10	 6.58920631E-10	 2.59367316E-04	 2.31459233E-04	 1.92149944E-04	 6.49967013E-05	 1.77762670E-05	-2.09757811E-06	-8.68029980E-08	 8.56830172E-09	-2.75266485E-09	-1.52608875E-10
 3.500000E-02	-1.62469020E-03	-7.55701474E-04	-1.33327394E-04	-1.95180449E-05	 1.59513691E-05	-3.78326674E-06	-3.51771372E-08	 3.29294282E-09	 3.81121472E-10	 8.00957006E-10	 2.78461063E-04	 2.65831901E-04	 2.31743036E-04	 8.14228276E-05	 2.31103833E-05	-2.81305698E-06	-1.05824271E-07	 1.17642066E-08	-3.20148925E-09	-1.64414635E-10
 3.600000E-02	-1.85055262E-03	-8.91293107E-04	-1.64461745E-04	-2.56368068E-05	 2.00169374E-05	-4.95884630E-06	-4.72628185E-08	 1.33178757E-09	 3.41104922E-10	 9.68202791E-10	 2.95764716E-04	 3.03203762E-04	 2.77726081E-04	 1.01300676E-04	 2.98136582E-05	-3.74433669E-06	-1.28628325E-07	 1.58852119E-08	-3.69310258E-09	-1.75597818E-10
 3.700000E-02	-2.09866603E-03	-1.04609605E-03	-2.01710724E-04	-3.34010450E-05	 2.49252191E-05	-6.44362521E-06	-6.28225273E-08	-1.96713312E-09	 2.51502727E-10	 1.16374193E-09	 3.10514385E-04	 3.43482933E-04	 3.30822202E-04	 1.25210437E-04	 3.81813953E-05	-4.94803645E-06	-1.55930638E-07	 2.11415733E-08	-4.22442493E-09	-1.86272376E-10
 3.800000E-02	-2.37015562E-03	-1.22209140E-03	-2.46054580E-04	-4.31870293E-05	 3.08060870E-05	-8.30447345E-06	-8.26917980E-08	-7.12267850E-09	 8.79816382E-11	 1.39070936E-09	 3.21843810E-04	 3.86499253E-04	 3.91790311E-04	 1.53804204E-04	 4.85608051E-05	-6.49343279E-06	-1.88581145E-07	 2.77783951E-08	-4.79010002E-09	-1.96873616E-10
 3.900000E-02	-2.66609381E-03	-1.42137567E-03	-2.98594277E-04	-5.54426962E-05	 3.78001511E-05	-1.06194759E-05	-1.07862056E-07	-1.48052414E-08	-1.82677322E-10	 1.65219552E-09	 3.28780475E-04	 4.31992038E-04	 4.61420102E-04	 1.87810971E-04	 6.13580000E-05	-8.46479689E-06	-2.27588398E-07	 3.60783310E-08	-5.38205485E-09	-2.08322295E-10
 4.000000E-02	-2.98748611E-03	-1.64615794E-03	-3.60561116E-04	-7.06985695E-05	 4.60577004E-05	-1.34791750E-05	-1.39498187E-07	-2.58719650E-08	-6.05118790E-10	 1.95114941E-09	 3.30242494E-04	 4.79597111E-04	 5.40525782E-04	 2.28041408E-04	 7.70455977E-05	-1.09640683E-05	-2.74147113E-07	 4.63635733E-08	-5.98906461E-09	-2.22225448E-10
 4.100000E-02	-3.33525610E-03	-1.89875553E-03	-4.33326418E-04	-8.95798985E-05	 5.57370772E-05	-1.69878343E-05	-1.78955504E-07	-4.14084601E-08	-1.23850813E-09	 2.29023409E-09	 3.25036380E-04	 5.28833146E-04	 6.29938429E-04	 2.75392283E-04	 9.61709377E-05	-1.41138966E-05	-3.29669273E-07	 5.89967144E-08	-6.59634042E-09	-2.41135063E-10
 4.200000E-02	-3.71022964E-03	-2.18158823E-03	-5.18411164E-04	-1.12820084E-04	 6.70023799E-05	-2.12646990E-05	-2.27794397E-07	-6.27778885E-08	-2.16040593E-09	 2.67167837E-09	 3.11855826E-04	 5.79087412E-04	 7.30496867E-04	 3.30850421E-04	 1.19364908E-04	-1.80610855E-05	-3.95819348E-07	 7.43801437E-08	-7.18511287E-09	-2.68875040E-10
 4.300000E-02	-4.11311838E-03	-2.49717090E-03	-6.17495469E-04	-1.41275458E-04	 8.00203771E-05	-2.64452241E-05	-2.87791860E-07	-9.16783144E-08	-3.47144676E-09	 3.09705571E-09	 2.89281608E-04	 6.29600994E-04	 8.43036984E-04	 3.95496028E-04	 1.47351370E-04	-2.29804723E-05	-4.74553506E-07	 9.29535923E-08	-7.73229356E-09	-3.10989328E-10
 4.400000E-02	-4.54450261E-03	-2.84810429E-03	-7.32427739E-04	-1.75941479E-04	 9.49565176E-05	-3.26822317E-05	-3.60949376E-07	-1.30209434E-07	-5.30083254E-09	 3.56708078E-09	 2.55782744E-04	 6.79453584E-04	 9.68379377E-04	 4.70505224E-04	 1.80957155E-04	-2.90792778E-05	-5.68162285E-07	 1.15189072E-07	-8.21033690E-09	-3.75267718E-10
 4.500000E-02	-5.00481354E-03	-3.23706393E-03	-8.65233360E-04	-2.17970393E-04	 1.11969900E-04	-4.01469574E-05	-4.49495160E-07	-1.80949870E-07	-7.81289365E-09	 4.08134870E-09	 2.09719011E-04	 7.27547973E-04	 1.10731526E-03	 5.57151606E-04	 2.21122586E-04	-3.66019570E-05	-6.79316593E-07	 1.41582292E-07	-8.58732855E-09	-4.72383645E-10
 4.600000E-02	-5.49431509E-03	-3.66678708E-03	-1.01812273E-03	-2.68690396E-04	 1.31207066E-04	-4.90299324E-05	-5.55878873E-07	-2.47046266E-07	-1.12148862E-08	 4.63810899E-09	 1.49344958E-04	 7.72594371E-04	 1.26059058E-03	 6.56806626E-04	 2.68912486E-04	-4.58355824E-05	-8.11116618E-07	 1.72639648E-07	-8.82738090E-09	-6.16622274E-10
 4.700000E-02	-6.01308542E-03	-4.14005745E-03	-1.19349846E-03	-3.29626331E-04	 1.52794458E-04	-5.95416452E-05	-6.82756877E-07	-3.32315439E-07	-1.57661712E-08	 5.23398288E-09	 7.28155220E-05	 8.13094706E-04	 1.42888819E-03	 7.70938572E-04	 3.25527584E-04	-5.71157890E-05	-9.67142769E-07	 2.08859656E-07	-8.89144979E-09	-8.26777240E-10
 4.800000E-02	-6.56099807E-03	-4.65968771E-03	-1.39396150E-03	-4.02521928E-04	 1.76829402E-04	-7.19129147E-05	-8.32965914E-07	-4.41361021E-07	-2.17889289E-08	 5.86373583E-09	-2.18066457E-05	 8.47327092E-04	 1.61280819E-03	 9.01109900E-04	 3.92316245E-04	-7.08333065E-05	-1.15150748E-06	 2.50707529E-07	-8.73874201E-09	-1.12715139E-09
 4.900000E-02	-7.13770317E-03	-5.22849965E-03	-1.62231595E-03	-4.89363574E-04	 2.03369442E-04	-8.63949000E-05	-1.00948316E-06	-5.79706075E-07	-2.96805711E-08	 6.52003583E-09	-1.36542023E-04	 8.73330641E-04	 1.81284630E-03	 1.04897268E-03	 4.70786401E-04	-8.74410985E-05	-1.36890609E-06	 2.98581140E-07	-8.32888001E-09	-1.54874219E-09
 5.000000E-02	-7.74260861E-03	-5.84930174E-03	-1.88157243E-03	-5.92405584E-04	 2.32419881E-04	-1.03258660E-04	-1.21537138E-06	-7.53943239E-07	-3.99278555E-08	 7.19330820E-09	-2.73483147E-04	 8.88890847E-04	 2.02937022E-03	 1.21626182E-03	 5.62617543E-04	-1.07462122E-04	-1.62466449E-06	 3.52766157E-07	-7.62512052E-09	-2.13045511E-09
 5.100000E-02	-8.37486148E-03	-6.52486432E-03	-2.17494950E-03	-7.14196922E-04	 2.63919359E-04	-1.22794173E-04	-1.45370736E-06	-9.71903671E-07	-5.31229292E-08	 7.87159289E-09	-4.34781526E-04	 8.91525779E-04	 2.26259416E-03	 1.40478589E-03	 6.69672632E-04	-1.31497714E-04	-1.92478170E-06	 4.13377677E-07	-6.59869844E-09	-2.92044204E-09
 5.200000E-02	-9.03332997E-03	-7.25789194E-03	-2.50587312E-03	-8.57609273E-04	 2.97723256E-04	-1.45308708E-04	-1.72748079E-06	-1.24284582E-06	-6.99829687E-08	 8.54038629E-09	-6.22632466E-04	 8.78473330E-04	 2.51255138E-03	 1.61641507E-03	 7.94009753E-04	-1.60236605E-04	-2.27596777E-06	 4.80287162E-07	-5.23414961E-09	-3.97761880E-09
 5.300000E-02	-9.71658587E-03	-8.05099321E-03	-2.87797367E-03	-1.02586637E-03	 3.33584753E-04	-1.71124444E-04	-2.03946416E-06	-1.57766503E-06	-9.13725798E-08	 9.18241373E-09	-8.39257744E-04	 8.46679818E-04	 2.77906497E-03	 1.85306601E-03	 9.37893299E-04	-1.94464576E-04	-2.68567178E-06	 5.53033801E-07	-3.53627717E-09	-5.37370942E-09
 5.400000E-02	-1.04228879E-02	-8.90664770E-03	-3.29508021E-03	-1.22257439E-03	 3.71133443E-04	-2.00575207E-04	-2.39205977E-06	-1.98912580E-06	-1.18327665E-07	 9.77755974E-09	-1.08688606E-03	 7.92790226E-04	 3.06171688E-03	 2.11668322E-03	 1.10380444E-03	-2.35074725E-04	-3.16209230E-06	 6.30716065E-07	-1.53979022E-09	-7.19538142E-09
 5.500000E-02	-1.11501662E-02	-9.82717032E-03	-3.76121185E-03	-1.45175330E-03	 4.09851299E-04	-2.34002202E-04	-2.78711505E-06	-2.49211849E-06	-1.52082413E-07	 1.03029982E-08	-1.36773126E-03	 7.13140417E-04	 3.35981532E-03	 2.40921664E-03	 1.29445055E-03	-2.83078315E-04	-3.71416648E-06	 7.11858527E-07	 6.78449885E-10	-9.54634721E-09
 5.600000E-02	-1.18960082E-02	-1.08146727E-02	-4.28056568E-03	-1.71786878E-03	 4.49045851E-04	-2.71748568E-04	-3.22570117E-06	-3.10394164E-06	-1.94099791E-07	 1.07335366E-08	-1.68396829E-03	 6.03751663E-04	 3.67236087E-03	 2.73259494E-03	 1.51277339E-03	-3.39616151E-04	-4.35153252E-06	 7.94250325E-07	 2.98406194E-09	-1.25494085E-08
 5.700000E-02	-1.26576459E-02	-1.18710221E-02	-4.85750100E-03	-2.02586454E-03	 4.87820445E-04	-3.14152645E-04	-3.70785306E-06	-3.84461100E-06	-2.46105519E-07	 1.10421633E-08	-2.03770692E-03	 4.60327847E-04	 3.99801120E-03	 3.08869433E-03	 1.76195554E-03	-4.05970438E-04	-5.08445812E-06	 8.74751287E-07	 5.16613983E-09	-1.63485291E-08
 5.800000E-02	-1.34319450E-02	-1.29977977E-02	-5.49651955E-03	-2.38119470E-03	 5.25041457E-04	-3.61539745E-04	-4.23226925E-06	-4.73719628E-06	-3.10125475E-07	 1.12008669E-08	-2.43096318E-03	 2.78255725E-04	 4.33504507E-03	 3.47930231E-03	 2.04542486E-03	-4.83577016E-04	-5.92372639E-06	 9.49060610E-07	 6.91374847E-09	-2.11108377E-08
 5.900000E-02	-1.42153970E-02	-1.41962438E-02	-6.20224140E-03	-2.78985574E-03	 5.59302412E-04	-4.14212284E-04	-4.79597241E-06	-5.80818653E-06	-3.88526228E-07	 1.11817662E-08	-2.86562874E-03	 5.26086418E-05	 4.68132550E-03	 3.90607618E-03	 2.36685639E-03	-5.74037899E-04	-6.88046922E-06	 1.01144171E-06	 7.78712010E-09	-2.70282330E-08
 6.000000E-02	-1.50041123E-02	-1.54672217E-02	-6.97937603E-03	-3.25841755E-03	 5.88885000E-04	-4.72438099E-04	-5.39393835E-06	-7.08788387E-06	-4.84057694E-07	 1.09585030E-08	-3.34343809E-03	-2.21845880E-04	 5.03426278E-03	 4.37049580E-03	 2.73017136E-03	-6.79133929E-04	-7.96593756E-06	 1.05439462E-06	 7.18263857E-09	-3.43184158E-08
 6.100000E-02	-1.57938176E-02	-1.68111584E-02	-7.83268849E-03	-3.79405318E-03	 6.11716977E-04	-5.36436765E-04	-6.01869508E-06	-8.61082358E-06	-5.99897970E-07	 1.05076083E-08	-3.86593381E-03	-5.50634276E-04	 5.39077759E-03	 4.87381029E-03	 3.13953270E-03	-8.00837421E-04	-9.19120307E-06	 1.06826690E-06	 4.29142734E-09	-4.32246441E-08
 6.200000E-02	-1.65798551E-02	-1.82279939E-02	-8.76696013E-03	-4.40456657E-03	 6.25326623E-04	-6.06363743E-04	-6.65982537E-06	-1.04162192E-05	-7.39711125E-07	 9.80954977E-09	-4.43443004E-03	-9.39560353E-04	 5.74726472E-03	 5.41697843E-03	 3.59933673E-03	-9.41324624E-04	-1.05667881E-05	 1.04080436E-06	-1.94798840E-09	-5.40160337E-08
 6.300000E-02	-1.73571865E-02	-1.97171268E-02	-9.78694365E-03	-5.09841757E-03	 6.26793921E-04	-6.82292152E-04	-7.30340617E-06	-1.25484316E-05	-9.07709570E-07	 8.84990685E-09	-5.04997424E-03	-1.39468355E-03	 6.09955779E-03	 6.00060230E-03	 4.11420026E-03	-1.10298788E-03	-1.21022015E-05	 9.56645010E-07	-1.29055681E-08	-6.69891526E-08
 6.400000E-02	-1.81203992E-02	-2.12773583E-02	-1.08973123E-02	-5.88474362E-03	 6.12698889E-04	-7.64192005E-04	-7.93145439E-06	-1.50574603E-05	-1.10871022E-06	 7.62094517E-09	-5.71330757E-03	-1.92229159E-03	 6.44289577E-03	 6.62485389E-03	 4.68894255E-03	-1.28844724E-03	-1.38053531E-05	 7.96740515E-07	-3.03274239E-08	-8.24692728E-08
 6.500000E-02	-1.88637179E-02	-2.29068356E-02	-1.21026026E-02	-6.77337708E-03	 5.79067100E-04	-8.51906702E-04	-8.52134329E-06	-1.79994565E-05	-1.34819320E-06	 6.12371368E-09	-6.42482408E-03	-2.52886714E-03	 6.77189173E-03	 7.28939457E-03	 5.32856138E-03	-1.50056116E-03	-1.56818343E-05	 5.37685651E-07	-5.64160493E-08	-1.00808529E-07
 6.600000E-02	-1.95810196E-02	-2.46029947E-02	-1.34071515E-02	-7.77485747E-03	 5.21312592E-04	-9.45126596E-04	-9.04519020E-06	-2.14372570E-05	-1.63236406E-06	 4.37061304E-09	-7.18452909E-03	-3.22104793E-03	 7.08050472E-03	 7.99328716E-03	 6.03820253E-03	-1.74243601E-03	-1.77340443E-05	 1.50946318E-07	-9.39244170E-08	-1.22382013E-07
 6.700000E-02	-2.02658540E-02	-2.63625036E-02	-1.48150261E-02	-8.90043735E-03	 4.34178634E-04	-1.04335943E-03	-9.46924485E-06	-2.54409352E-05	-1.96821502E-06	 2.38853671E-09	-7.99199698E-03	-4.00558016E-03	 7.36201534E-03	 8.73490058E-03	 6.82312186E-03	-2.01743398E-03	-1.99601410E-05	-3.98027068E-07	-1.46266156E-07	-1.47580592E-07
 6.800000E-02	-2.09114681E-02	-2.81812058E-02	-1.63299473E-02	-1.01620810E-02	 3.11677048E-04	-1.14589751E-03	-9.75333079E-06	-3.00883667E-05	-2.36357971E-06	 2.22574860E-10	-8.84632889E-03	-4.88926452E-03	 7.60900608E-03	 9.51180705E-03	 7.68863927E-03	-2.32917890E-03	-2.23527929E-05	-1.15082470E-06	-2.17643882E-07	-1.76799500E-07
 6.900000E-02	-2.15108370E-02	-3.00540654E-02	-1.79552074E-02	-1.15724543E-02	 1.47027304E-04	-1.25178150E-03	-9.85044293E-06	-3.54657944E-05	-2.82716859E-06	-2.06091502E-09	-9.74611076E-03	-5.87889477E-03	 7.81334706E-03	 1.03206721E-02	 8.64008368E-03	-2.68155930E-03	-2.48977285E-05	-2.15728455E-06	-3.13195901E-07	-2.10417509E-07
 7.000000E-02	-2.20566986E-02	-3.19751142E-02	-1.96935812E-02	-1.31449055E-02	-6.74024779E-05	-1.35976108E-03	-9.70674817E-06	-4.16683473E-05	-3.36855446E-06	-4.37653816E-09	-1.06893721E-02	-6.98118847E-03	 7.96618834E-03	 1.11571381E-02	 9.68272884E-03	-3.07872766E-03	-2.75721334E-05	-3.47696243E-06	-4.39155747E-07	-2.48759074E-07
 7.100000E-02	-2.25415955E-02	-3.39374025E-02	-2.15472322E-02	-1.48934334E-02	-3.40152384E-04	-1.46825317E-03	-9.26195965E-06	-4.88003936E-05	-3.99812523E-06	-6.64246212E-09	-1.16735462E-02	-8.20270992E-03	 8.05795933E-03	 1.20157027E-02	 1.08217206E-02	-3.52509602E-03	-3.03430683E-05	-5.18076831E-06	-6.02997428E-07	-2.92058968E-07
 7.200000E-02	-2.29579217E-02	-3.59329530E-02	-2.35176105E-02	-1.68326439E-02	-6.80734660E-04	-1.57529731E-03	-8.44826348E-06	-5.69757279E-05	-4.72730112E-06	-8.82737394E-09	-1.26954315E-02	-9.54978544E-03	 8.07837631E-03	 1.28895942E-02	 1.20619960E-02	-4.02533012E-03	-3.31659140E-05	-7.35228088E-06	-8.13556728E-07	-3.40503564E-07
 7.300000E-02	-2.32979760E-02	-3.79527201E-02	-2.56053461E-02	-1.89776926E-02	-1.09969907E-03	-1.67850691E-03	-7.18892661E-06	-6.63178467E-05	-5.56876299E-06	-1.09663440E-08	-1.37511566E-02	-1.10284105E-02	 8.01645848E-03	 1.37706407E-02	 1.34081907E-02	-4.58434141E-03	-3.59826656E-05	-1.00889259E-05	-1.08116812E-06	-3.94294837E-07
 7.400000E-02	-2.35540211E-02	-3.99865545E-02	-2.78101354E-02	-2.13442129E-02	-1.60868806E-03	-1.77501648E-03	-5.39851967E-06	-7.69603616E-05	-6.53638444E-06	-1.31344662E-08	-1.48361468E-02	-1.26441480E-02	 7.86055421E-03	 1.46491320E-02	 1.48645346E-02	-5.20727206E-03	-3.87198083E-05	-1.35038260E-05	-1.41788785E-06	-4.53604672E-07
 7.500000E-02	-2.37183484E-02	-4.20231736E-02	-3.01306253E-02	-2.39482276E-02	-2.22048646E-03	-1.86142604E-03	-2.98346835E-06	-8.90472301E-05	-7.64515202E-06	-1.54487174E-08	-1.59450953E-02	-1.44020186E-02	 7.59837865E-03	 1.55136791E-02	 1.64347343E-02	-5.89947308E-03	-4.12857438E-05	-1.77280607E-05	-1.83779083E-06	-5.18494769E-07
 7.600000E-02	-2.37833497E-02	-4.40501419E-02	-3.25642925E-02	-2.68060424E-02	-2.94906701E-03	-1.93374347E-03	 1.57486120E-07	-1.02732700E-04	-8.91114046E-06	-1.81085159E-08	-1.70719385E-02	-1.63063828E-02	 7.21706370E-03	 1.63510728E-02	 1.81218428E-02	-6.66647738E-03	-4.35681066E-05	-2.29128779E-05	-2.35725663E-06	-5.88882791E-07
 7.700000E-02	-2.37415939E-02	-4.60538587E-02	-3.51073193E-02	-2.99341202E-02	-3.80963074E-03	-1.98732464E-03	 4.13285391E-06	-1.18181059E-04	-1.03515158E-05	-2.14482624E-08	-1.82098364E-02	-1.83608161E-02	 6.70322076E-03	 1.71461427E-02	 1.99281196E-02	-7.51396675E-03	-4.54311279E-05	-2.92319659E-05	-2.99523112E-06	-6.64522593E-07
 7.800000E-02	-2.35859111E-02	-4.80195567E-02	-3.77544672E-02	-3.33489349E-02	-4.81864210E-03	-2.01681143E-03	 9.05814470E-06	-1.35566184E-04	-1.19845811E-05	-2.59976663E-08	-1.93511587E-02	-2.05679759E-02	 6.04301739E-03	 1.78816179E-02	 2.18548781E-02	-8.44773289E-03	-4.67129884E-05	-3.68837305E-05	-3.77348413E-06	-7.45001481E-07
 7.900000E-02	-2.33094809E-02	-4.99313126E-02	-4.04989474E-02	-3.70668033E-02	-5.99386180E-03	-2.01606766E-03	 1.50563108E-05	-1.55070929E-04	-1.38299304E-05	-3.25462799E-08	-2.04874777E-02	-2.29294625E-02	 5.22226886E-03	 1.85379895E-02	 2.39023205E-02	-9.47363332E-03	-4.72229767E-05	-4.60933766E-05	-4.71689159E-06	-8.29779505E-07
 8.000000E-02	-2.29059289E-02	-5.17720689E-02	-4.33322877E-02	-4.11036930E-02	-7.35438415E-03	-1.97811105E-03	 2.22601396E-05	-1.76886548E-04	-1.59088816E-05	-4.21867430E-08	-2.16095683E-02	-2.54456732E-02	 4.22654607E-03	 1.90933775E-02	 2.60693571E-02	-1.05975439E-02	-4.67376931E-05	-5.71144564E-05	-5.85384182E-06	-9.18312504E-07
 8.100000E-02	-2.23694274E-02	-5.35236718E-02	-4.62441979E-02	-4.54750052E-02	-8.92067336E-03	-1.89503940E-03	 3.08156256E-05	-2.01212508E-04	-1.82449668E-05	-5.62865965E-08	-2.27074169E-02	-2.81156497E-02	 3.04130174E-03	 1.95233996E-02	 2.83534036E-02	-1.18253086E-02	-4.49954092E-05	-7.02297236E-05	-7.21685799E-06	-1.01025908E-06
 8.200000E-02	-2.16948003E-02	-5.51669241E-02	-4.92224453E-02	-5.01953276E-02	-1.07145366E-02	-1.75795546E-03	 4.08748360E-05	-2.28256289E-04	-2.08625934E-05	-7.64070376E-08	-2.37702390E-02	-3.09369211E-02	 1.65201394E-03	 1.98010488E-02	 3.07501702E-02	-1.31626815E-02	-4.16922501E-05	-8.57525495E-05	-8.84283399E-06	-1.10552200E-06
 8.300000E-02	-2.08776312E-02	-5.66816560E-02	-5.22527394E-02	-5.52781610E-02	-1.27590597E-02	-1.55689468E-03	 5.25854946E-05	-2.58232405E-04	-2.37855287E-05	-1.04333515E-07	-2.47865070E-02	-3.39053434E-02	 4.43489408E-05	 1.98965895E-02	 3.32534391E-02	-1.46152494E-02	-3.64794487E-05	-1.04030570E-04	-1.07732083E-05	-1.20390931E-06
 8.400000E-02	-1.99143755E-02	-5.80468129E-02	-5.53186170E-02	-6.07356182E-02	-1.50785637E-02	-1.28075246E-03	 6.60889416E-05	-2.91360934E-04	-2.70371584E-05	-1.42220326E-07	-2.57439890E-02	-3.70149379E-02	-1.79565451E-03	 1.97774728E-02	 3.58548180E-02	-1.61883379E-02	-2.89583970E-05	-1.25450347E-04	-1.30546185E-05	-1.30474028E-06
 8.500000E-02	-1.88024763E-02	-5.92405644E-02	-5.84013337E-02	-6.65780945E-02	-1.76985497E-02	-9.17209908E-04	 8.15187001E-05	-3.27865985E-04	-3.06407853E-05	-1.92710929E-07	-2.66297996E-02	-4.02577302E-02	-3.88138083E-03	 1.94082728E-02	 3.85434825E-02	-1.78869087E-02	-1.86757390E-05	-1.50441272E-04	-1.57394927E-05	-1.40668665E-06
 8.600000E-02	-1.75404818E-02	-6.02404326E-02	-6.14797649E-02	-7.28139076E-02	-2.06456194E-02	-4.52659026E-04	 9.89976590E-05	-3.67974038E-04	-3.46196205E-05	-2.59046475E-07	-2.74304630E-02	-4.36235890E-02	-6.22541294E-03	 1.87506473E-02	 4.13059081E-02	-1.97154499E-02	-5.11903492E-06	-1.79478801E-04	-1.88865059E-05	-1.50776196E-06
 8.700000E-02	-1.61281648E-02	-6.10234434E-02	-6.45303190E-02	-7.94489078E-02	-2.39473760E-02	 1.27871911E-04	 1.18634961E-04	-4.11912091E-04	-3.89967113E-05	-3.45185429E-07	-2.81319894E-02	-4.71000692E-02	-8.83928618E-03	 1.77633257E-02	 4.41255902E-02	-2.16778577E-02	 1.22875715E-05	-2.13087240E-04	-2.25610375E-05	-1.60538822E-06
 8.800000E-02	-1.45666419E-02	-6.15663010E-02	-6.75268618E-02	-8.64860583E-02	-2.76323095E-02	 8.40794070E-04	 1.40523791E-04	-4.59905766E-04	-4.37950133E-05	-4.55921205E-07	-2.87199655E-02	-5.06722603E-02	-1.17332199E-02	 1.64021298E-02	 4.69827487E-02	-2.37773107E-02	 3.41884016E-05	-2.51841880E-04	-2.68357401E-05	-1.69654573E-06
 8.900000E-02	-1.28584938E-02	-6.18455869E-02	-7.04406524E-02	-9.39249835E-02	-3.17296803E-02	 1.70403899E-03	 1.64741882E-04	-5.12177938E-04	-4.90378830E-05	-5.96930091E-07	-2.91796610E-02	-5.43226410E-02	-1.49158244E-02	 1.46200280E-02	 4.98540058E-02	-2.60161391E-02	 6.13036120E-05	-2.96370056E-04	-3.17914245E-05	-1.77806667E-06
 9.000000E-02	-1.10078854E-02	-6.18379848E-02	-7.32402881E-02	-1.01761481E-01	-3.62694187E-02	 2.73715516E-03	 1.91358167E-04	-5.68949238E-04	-5.47504997E-05	-7.74593004E-07	-2.94961519E-02	-5.80309433E-02	-1.83937765E-02	 1.23672250E-02	 5.27120121E-02	-2.83956915E-02	 9.44433086E-05	-3.47350664E-04	-3.75188609E-05	-1.84712611E-06
 9.100000E-02	-9.02068492E-03	-6.15205362E-02	-7.58916642E-02	-1.09986991E-01	-4.12820066E-02	 3.96142930E-03	 2.20439457E-04	-6.30441895E-04	-6.09610828E-05	-9.95407387E-07	-2.96544629E-02	-6.17740254E-02	-2.21714624E-02	 9.59128671E-03	 5.55250110E-02	-3.09161931E-02	 1.34530104E-04	-4.05512829E-04	-4.41215282E-05	-1.90178834E-06
 9.200000E-02	-6.90457117E-03	-6.08709270E-02	-7.83579956E-02	-1.18588020E-01	-4.67981198E-02	 5.40000394E-03	 2.52016676E-04	-6.96883154E-04	-6.76951428E-05	-1.26543336E-06	-2.96397251E-02	-6.55257622E-02	-2.62506082E-02	 6.23732249E-03	 5.82564712E-02	-3.35765888E-02	 1.82602033E-04	-4.71636812E-04	-5.17145987E-05	-1.94089627E-06
 9.300000E-02	-4.66912947E-03	-5.98678036E-02	-8.05998883E-02	-1.27545551E-01	-5.28481490E-02	 7.07796655E-03	 2.86040731E-04	-7.68503554E-04	-7.49692336E-05	-1.59071381E-06	-2.94373516E-02	-6.92569573E-02	-3.06298907E-02	 2.24824705E-03	 6.08647342E-02	-3.63743409E-02	 2.39807429E-04	-5.46561287E-04	-6.04232850E-05	-1.96288126E-06
 9.400000E-02	-2.32594203E-03	-5.84911158E-02	-8.25754236E-02	-1.36834427E-01	-5.94618135E-02	 9.02243481E-03	 3.22369798E-04	-8.45533588E-04	-8.27913676E-05	-1.97813687E-06	-2.90332351E-02	-7.29352830E-02	-3.53045083E-02	-2.43487455E-03	 6.33025514E-02	-3.93051787E-02	 3.07419311E-04	-6.31194499E-04	-7.03852871E-05	-1.96438688E-06
 9.500000E-02	 1.11332437E-04	-5.67224907E-02	-8.42402801E-02	-1.46422715E-01	-6.66677386E-02	 1.12626550E-02	 3.60757697E-04	-9.28202802E-04	-9.11616140E-05	-2.43582584E-06	-2.84139663E-02	-7.65252492E-02	-4.02657239E-02	-7.87239688E-03	 6.55165875E-02	-4.23628226E-02	 3.86852897E-04	-7.26524410E-04	-8.17534661E-05	-1.93950181E-06
 9.600000E-02	 2.62689395E-03	-5.45456378E-02	-8.55479031E-02	-1.56271036E-01	-7.44929398E-02	 1.38301108E-02	 4.00834111E-04	-1.01674078E-03	-1.00071309E-04	-2.97321369E-06	-2.75670743E-02	-7.99882072E-02	-4.55003808E-02	-1.41255697E-02	 6.74469042E-02	-4.55386842E-02	 4.79682245E-04	-8.33628236E-04	-9.46980394E-05	-1.87938144E-06
 9.700000E-02	 5.20275455E-03	-5.19467850E-02	-8.64497341E-02	-1.66331877E-01	-8.29622035E-02	 1.67586396E-02	 4.42077058E-04	-1.11137944E-03	-1.09501243E-04	-3.60099504E-06	-2.64812879E-02	-8.32823950E-02	-5.09903908E-02	-2.12559057E-02	 6.90264031E-02	-4.88215301E-02	 5.87659497E-04	-9.53682961E-04	-1.09409057E-04	-1.77194488E-06
 9.800000E-02	 7.81871345E-03	-4.89151464E-02	-8.68955052E-02	-1.76548888E-01	-9.20973412E-02	 2.00845613E-02	 4.83775405E-04	-1.21235725E-03	-1.19418789E-04	-4.33089198E-06	-2.51468224E-02	-8.63630300E-02	-5.67121878E-02	-2.93244227E-02	 7.01802036E-02	-5.21970961E-02	 7.12740076E-04	-1.08797835E-03	-1.26099771E-04	-1.60147157E-06
 9.900000E-02	 1.04523589E-02	-4.54434198E-02	-8.68336130E-02	-1.86856156E-01	-1.01916272E-01	 2.38468288E-02	 5.24977504E-04	-1.31992736E-03	-1.29773657E-04	-5.17493190E-06	-2.35556910E-02	-8.91824555E-02	-6.26361445E-02	-3.83907530E-02	 7.08249258E-02	-5.56476347E-02	 8.57116124E-04	-1.23793390E-03	-1.45011207E-04	-1.34790707E-06
 1.000000E-01	 1.30791024E-02	-4.15283191E-02	-8.62115772E-02	-1.97177435E-01	-1.12431850E-01	 2.80871802E-02	 5.64429957E-04	-1.43436614E-03	-1.40493164E-04	-6.14501243E-06	-2.17020414E-02	-9.16903259E-02	-6.87259439E-02	-4.85122164E-02	 7.08678398E-02	-5.91512927E-02	 1.02326015E-03	-1.40513475E-03	-1.66418844E-04	-9.83652904E-07
 1.010000E-01	 1.56722551E-02	-3.71711676E-02	-8.49766197E-02	-2.07425198E-01	-1.23650241E-01	 3.28500253E-02	 6.00491858E-04	-1.55594028E-03	-1.51472290E-04	-7.25929797E-06	-1.95825171E-02	-9.38337853E-02	-7.49379040E-02	-5.97430631E-02	 7.02059643E-02	-6.26809849E-02	 1.21397980E-03	-1.59144344E-03	-1.90644447E-04	-4.59251496E-07
 1.020000E-01	 1.82031631E-02	-3.23785409E-02	-8.30764765E-02	-2.17499678E-01	-1.35568697E-01	 3.81819980E-02	 6.30956131E-04	-1.68483073E-03	-1.62547308E-04	-8.55347521E-06	-1.71966302E-02	-9.55577208E-02	-8.12203405E-02	-7.21335015E-02	 6.87256165E-02	-6.62030712E-02	 1.43241483E-03	-1.79912335E-03	-2.18058179E-04	 3.09106604E-07
 1.030000E-01	 2.06414002E-02	-2.71628965E-02	-8.04604090E-02	-2.27288265E-01	-1.48173239E-01	 4.41315933E-02	 6.52861274E-04	-1.82108945E-03	-1.73474078E-04	-1.00837314E-05	-1.45471578E-02	-9.68052186E-02	-8.75129909E-02	-8.57279542E-02	 6.63022375E-02	-6.96765513E-02	 1.68199677E-03	-2.03083689E-03	-2.49070293E-04	 1.42778236E-06
 1.040000E-01	 2.29550134E-02	-2.15431877E-02	-7.70802862E-02	-2.36665036E-01	-1.61436433E-01	 5.07489032E-02	 6.62376859E-04	-1.96462454E-03	-1.83924787E-04	-1.19246557E-05	-1.16405517E-02	-9.75181530E-02	-9.37464432E-02	-1.00562935E-01	 6.28001054E-02	-7.30524080E-02	 1.96642633E-03	-2.28960849E-03	-2.84125728E-04	 3.00984600E-06
 1.050000E-01	 2.51108360E-02	-1.55454899E-02	-7.28918220E-02	-2.45490274E-01	-1.75314752E-01	 5.80851566E-02	 6.54675102E-04	-2.11516369E-03	-1.93481760E-04	-1.41709033E-05	-8.48735294E-03	-9.76378591E-02	-9.98416130E-02	-1.16664868E-01	 5.80722251E-02	-7.62725806E-02	 2.28962340E-03	-2.57885688E-03	-3.23698715E-04	 5.17385592E-06
 1.060000E-01	 2.70748856E-02	-9.20362368E-03	-6.78560493E-02	-2.53610139E-01	-1.89745371E-01	 6.61920237E-02	 6.23747209E-04	-2.27219500E-03	-2.01621419E-04	-1.69414322E-05	-5.10260473E-03	-9.71059322E-02	-1.05709306E-01	-1.34047653E-01	 5.19605353E-02	-7.92686987E-02	 2.65564780E-03	-2.90245822E-03	-3.68286411E-04	 8.04744130E-06
 1.070000E-01	 2.88128557E-02	-2.55974827E-03	-6.19410422E-02	-2.60856569E-01	-2.04642422E-01	 7.51206641E-02	 5.62174595E-04	-2.43488801E-03	-2.07691907E-04	-2.03851810E-05	-1.50625484E-03	-9.58651793E-02	-1.11249902E-01	-1.52709903E-01	 4.42965262E-02	-8.19606923E-02	 3.06858251E-03	-3.26481380E-03	-4.18399489E-04	 1.17701889E-05
 1.080000E-01	 3.02907119E-02	 4.33509718E-03	-5.51239054E-02	-2.67047496E-01	-2.19892683E-01	 8.49204553E-02	 4.60864143E-04	-2.60199050E-03	-2.10886612E-04	-2.46884080E-05	 2.27646664E-03	-9.38607387E-02	-1.16353217E-01	-1.72631826E-01	 3.49024066E-02	-8.42552992E-02	 3.53236371E-03	-3.67091932E-03	-4.74547723E-04	 1.64955246E-05
 1.090000E-01	 3.14754042E-02	 1.14205327E-02	-4.73930461E-02	-2.71987469E-01	-2.35350687E-01	 9.56373334E-02	 3.08752723E-04	-2.77169597E-03	-2.10214504E-04	-3.00839105E-05	 6.21471143E-03	-9.10413827E-02	-1.20898594E-01	-1.93771741E-01	 2.35929963E-02	-8.60444918E-02	 4.05054186E-03	-4.12643412E-03	-5.37218949E-04	 2.23915476E-05
 1.100000E-01	 3.23357044E-02	 1.86264920E-02	-3.87507407E-02	-2.75468785E-01	-2.50833269E-01	 1.07311662E-01	 9.24880629E-05	-2.94147655E-03	-2.04468239E-04	-3.68623093E-05	 1.02717402E-02	-8.73610176E-02	-1.24755307E-01	-2.16062211E-01	 1.01785443E-02	-8.72038585E-02	 4.62595836E-03	-4.63774650E-03	-6.06850098E-04	 2.96405042E-05
 1.110000E-01	 3.28431796E-02	 2.58730356E-02	-2.92160034E-02	-2.77273281E-01	-2.66113536E-01	 1.19975527E-01	-2.03910870E-04	-3.10787283E-03	-1.92189784E-04	-4.53859205E-05	 1.44047458E-02	-8.27803930E-02	-1.27783393E-01	-2.39405832E-01	-5.53111259E-03	-8.75910153E-02	 5.26029103E-03	-5.21202887E-03	-6.83783687E-04	 3.84365336E-05
 1.120000E-01	 3.29733087E-02	 3.30703831E-02	-1.88277596E-02	-2.77174980E-01	-2.80914298E-01	 1.33649273E-01	-5.99405861E-04	-3.26622102E-03	-1.71633240E-04	-5.61074420E-05	 1.85648340E-02	-7.72690302E-02	-1.29835164E-01	-2.63670706E-01	-2.37200385E-02	-8.70442131E-02	 5.95331334E-03	-5.85727100E-03	-7.68185778E-04	 4.89815880E-05
 1.130000E-01	 3.27067359E-02	 4.01192487E-02	-7.64823028E-03	-2.74943865E-01	-2.94901470E-01	 1.48337113E-01	-1.11621034E-03	-3.41029542E-03	-1.40738558E-04	-6.95961756E-05	 2.26972000E-02	-7.08073607E-02	-1.30757500E-01	-2.88685715E-01	-4.45572381E-02	-8.53812971E-02	 6.70191331E-03	-6.58227428E-03	-8.59939974E-04	 6.14771316E-05
 1.140000E-01	 3.20306296E-02	 4.69115612E-02	 4.23363822E-03	-2.70350984E-01	-3.07678155E-01	 1.64021746E-01	-1.77987831E-03	-3.53186913E-03	-9.71293012E-05	-8.65699005E-05	 2.67415344E-02	-6.33890423E-02	-1.30394986E-01	-3.14235797E-01	-6.81853914E-02	-8.23992412E-02	 7.49896373E-03	-7.39657841E-03	-9.58535812E-04	 7.61074512E-05
 1.150000E-01	 3.09401188E-02	 5.33316520E-02	 1.66988738E-02	-2.63175067E-01	-3.18780059E-01	 1.80658000E-01	-2.61914624E-03	-3.62020524E-03	-3.81393318E-05	-1.07929075E-04	 3.06327283E-02	-5.50234030E-02	-1.28594123E-01	-3.40057479E-01	-9.47064617E-02	-7.78746372E-02	 8.33193804E-03	-8.31028264E-03	-1.06293130E-03	 9.30115650E-05
 1.160000E-01	 2.94397474E-02	 5.92580067E-02	 2.95955763E-02	-2.53210859E-01	-3.27673248E-01	 1.98165537E-01	-3.66540610E-03	-3.66148453E-03	 3.91183573E-05	-1.34792332E-04	 3.43019455E-02	-4.57379376E-02	-1.25208815E-01	-3.65835087E-01	-1.24163680E-01	-7.15655744E-02	 9.18124229E-03	-9.33372050E-03	-1.17138533E-03	 1.12240647E-04
 1.170000E-01	 2.75448617E-02	 6.45656736E-02	 4.27367966E-02	-2.40279309E-01	-3.33755667E-01	 2.16420731E-01	-4.95164731E-03	-3.63818600E-03	 1.37622556E-04	-1.68531309E-04	 3.76781244E-02	-3.55807344E-02	-1.20107252E-01	-3.91198127E-01	-1.56519729E-01	-6.32154227E-02	 1.00182954E-02	-1.04769390E-02	-1.28126565E-03	 1.33697010E-04
 1.180000E-01	 2.52828140E-02	 6.91294128E-02	 5.58996984E-02	-2.24239652E-01	-3.36364206E-01	 2.35248029E-01	-6.51067475E-03	-3.52845404E-03	 2.60233510E-04	-2.10800945E-04	 4.06899625E-02	-2.46226684E-02	-1.13180284E-01	-4.15720527E-01	-1.91631218E-01	-5.25591162E-02	 1.08034314E-02	-1.17489258E-02	-1.38884243E-03	 1.57050367E-04
 1.190000E-01	 2.26938217E-02	 7.28276435E-02	 6.88266328E-02	-2.05003280E-01	-3.34789472E-01	 2.54411282E-01	-8.37238754E-03	-3.30550757E-03	 4.09378784E-04	-2.63559311E-04	 4.32684225E-02	-1.29591401E-02	-1.04351247E-01	-4.38922544E-01	-2.29219960E-01	-3.93325889E-02	 1.14837482E-02	-1.31565252E-02	-1.48908263E-03	 1.81627320E-04
 1.200000E-01	 1.98312909E-02	 7.55472127E-02	 8.12288631E-02	-1.82549077E-01	-3.28300753E-01	 2.73605876E-01	-1.05598787E-02	-2.93717573E-03	 5.86610316E-04	-3.29068359E-04	 4.53497705E-02	-7.11086783E-04	-9.35870999E-02	-4.60276303E-01	-2.68842038E-01	-2.32860429E-02	 1.19910598E-02	-1.47029838E-02	-1.57546151E-03	 2.06271052E-04
 1.210000E-01	 1.67614180E-02	 7.71889191E-02	 9.27935183E-02	-1.56939587E-01	-3.16182621E-01	 2.92452917E-01	-1.30843106E-02	-2.38571030E-03	 7.92040025E-04	-4.09856902E-04	 4.68789641E-02	 1.19750864E-02	-8.09097525E-02	-4.79215873E-01	-3.09860273E-01	-4.20114740E-03	 1.22408705E-02	-1.63861105E-02	-1.63993568E-03	 2.29169105E-04
 1.220000E-01	 1.35620702E-02	 7.76734476E-02	 1.03193342E-01	-1.28336351E-01	-2.97779013E-01	 3.10497070E-01	-1.59397086E-02	-1.60816317E-03	 1.02384986E-03	-5.08597449E-04	 4.78127115E-02	 2.49289984E-02	-6.64041786E-02	-4.95152050E-01	-3.51437087E-01	 1.80897095E-02	 1.21353019E-02	-1.81962242E-02	-1.67355170E-03	 2.47657260E-04
 1.230000E-01	 1.03208656E-02	 7.69473101E-02	 1.12099207E-01	-9.70125850E-02	-2.72543391E-01	 3.27210975E-01	-1.90980883E-02	-5.57743665E-04	 1.27789524E-03	-6.27843642E-04	 4.81222398E-02	 3.79592000E-02	-5.02238706E-02	-5.07491389E-01	-3.92541322E-01	 4.36829620E-02	 1.15680351E-02	-2.01141231E-02	-1.66724319E-03	 2.58058747E-04
 1.240000E-01	 7.13231025E-03	 7.49884406E-02	 1.19195750E-01	-6.33616874E-02	-2.40096130E-01	 3.42007556E-01	-2.25044662E-02	 8.13845680E-04	 1.54728762E-03	-7.69664774E-04	 4.77960456E-02	 5.08575063E-02	-3.25952784E-02	-5.15659446E-01	-4.31957811E-01	 7.25823528E-02	 1.04286781E-02	-2.21092318E-02	-1.61234070E-03	 2.55602831E-04
 1.250000E-01	 4.09405576E-03	 7.18108634E-02	 1.24199318E-01	-2.78994632E-02	-2.00284370E-01	 3.54258185E-01	-2.60724916E-02	 2.55358565E-03	 1.82209909E-03	-9.35278912E-04	 4.68421224E-02	 6.34049392E-02	-1.38188133E-02	-5.19127939E-01	-4.68311231E-01	 1.04678413E-01	 8.60873696E-03	-2.41381184E-02	-1.50123496E-03	 2.34420569E-04
 1.260000E-01	 1.30244851E-03	 6.74679839E-02	 1.26877055E-01	 8.74092853E-03	-1.53238805E-01	 3.63315844E-01	-2.96816787E-02	 4.70400513E-03	 2.08933590E-03	-1.12470921E-03	 4.52892911E-02	 7.53791545E-02	 5.73496294E-03	-5.17444394E-01	-5.00109238E-01	 1.39730874E-01	 6.00976328E-03	-2.61435660E-02	-1.32827875E-03	 1.87625559E-04
 1.270000E-01	-1.15239063E-03	 6.20542296E-02	 1.27065777E-01	 4.58213434E-02	-9.94217078E-02	 3.68544248E-01	-3.31770049E-02	 7.29953682E-03	 2.33324028E-03	-1.33642068E-03	 4.31873831E-02	 8.65630410E-02	 2.56345708E-02	-5.10262313E-01	-5.25805303E-01	 1.77355976E-01	 2.55321307E-03	-2.80543973E-02	-1.09082475E-03	 1.07495389E-04
 1.280000E-01	-3.19165156E-03	 5.57046030E-02	 1.24689096E-01	 8.25191546E-02	-3.96598298E-02	 3.69352524E-01	-3.63714842E-02	 1.03624321E-02	 2.53595328E-03	-1.56694823E-03	 4.06060903E-02	 9.67540641E-02	 4.54025288E-02	-4.97369595E-01	-5.43879573E-01	 2.17020912E-01	-1.80868712E-03	-2.97862982E-02	-7.90281315E-04	-1.42231268E-05
 1.290000E-01	-4.75269885E-03	 4.85917973E-02	 1.19771027E-01	 1.17956093E-01	 2.48441912E-02	 3.65233140E-01	-3.90521907E-02	 1.38986114E-02	 2.67856614E-03	-1.81057649E-03	 3.76324053E-02	 1.05773765E-01	 6.45355860E-02	-4.78712681E-01	-5.52933514E-01	 2.58047427E-01	-7.08203896E-03	-3.12438497E-02	-4.33047343E-04	-1.85871006E-04
 1.300000E-01	-5.79328490E-03	 4.09207839E-02	 1.12444318E-01	 1.51234344E-01	 9.25271170E-02	 3.55800291E-01	-4.09899302E-02	 1.78938542E-02	 2.74254284E-03	-2.05912538E-03	 3.43667102E-02	 1.13476712E-01	 8.25292477E-02	-4.54413818E-01	-5.51791672E-01	 2.99625876E-01	-1.32215670E-02	-3.23238562E-02	-3.11647651E-05	-4.15301888E-04
 1.310000E-01	-6.29465603E-03	 3.29209935E-02	 1.02951879E-01	 1.81477950E-01	 1.61511287E-01	 3.40825454E-01	-4.19525138E-02	 2.23107531E-02	 2.71146725E-03	-2.30188892E-03	 3.09176891E-02	 1.19758165E-01	 9.89051260E-02	-4.24779147E-01	-5.39602667E-01	 3.40840329E-01	-2.01233105E-02	-3.29199360E-02	 3.97443431E-04	-7.09199642E-04
 1.320000E-01	-6.26302948E-03	 2.48364189E-02	 9.16395372E-02	 2.07876739E-01	 2.29686286E-01	 3.20266216E-01	-4.17217316E-02	 2.70868608E-02	 2.57311042E-03	-2.52576217E-03	 2.73963098E-02	 1.24559719E-01	 1.13239436E-01	-3.90295587E-01	-5.15931729E-01	 3.80704470E-01	-2.76206106E-02	-3.29282287E-02	 8.29211861E-04	-1.07232926E-03
 1.330000E-01	-5.72927465E-03	 1.69142826E-02	 7.89403659E-02	 2.29729450E-01	 2.94820027E-01	 2.94285369E-01	-4.01122010E-02	 3.21343935E-02	 2.32148619E-03	-2.71559201E-03	 2.39094590E-02	 1.27872211E-01	 1.25189497E-01	-3.51615445E-01	-4.80830679E-01	 4.18206490E-01	-3.54852606E-02	-3.22539189E-02	 1.23587934E-03	-1.50676783E-03
 1.340000E-01	-4.74689621E-03	 9.39315058E-03	 6.53521740E-02	 2.46482386E-01	 3.54687333E-01	 2.63257857E-01	-3.69894693E-02	 3.73417887E-02	 1.95848837E-03	-2.85477923E-03	 2.05539098E-02	 1.29735522E-01	 1.34515007E-01	-3.09529248E-01	-4.34872804E-01	 4.52359477E-01	-4.34350443E-02	-3.08180337E-02	 1.58624483E-03	-2.01119659E-03
 1.350000E-01	-3.38838511E-03	 2.49142204E-03	 5.14094088E-02	 2.57759992E-01	 4.07207726E-01	 2.27763610E-01	-3.22859326E-02	 4.25772485E-02	 1.49497559E-03	-2.92611637E-03	 1.74110980E-02	 1.30235217E-01	 1.41092311E-01	-2.64928632E-01	-3.79148910E-01	 4.82253221E-01	-5.11470575E-02	-2.85638555E-02	 1.84851592E-03	-2.58035523E-03
 1.360000E-01	-1.74021967E-03	-3.60287907E-03	 3.76516636E-02	 2.63384500E-01	 4.50580806E-01	 1.88565994E-01	-2.60128598E-02	 4.76941451E-02	 9.51133213E-04	-2.91280912E-03	 1.45431674E-02	 1.29496267E-01	 1.44920160E-01	-2.18761976E-01	-3.15222673E-01	 5.07103084E-01	-5.82759776E-02	-2.54623320E-02	 1.99304058E-03	-3.20473594E-03
 1.370000E-01	 1.03025313E-04	-8.74019147E-03	 2.45915886E-02	 2.63382800E-01	 4.83406060E-01	 1.46577199E-01	-1.82668853E-02	 5.25379477E-02	 3.55968513E-04	-2.79960428E-03	 1.19906393E-02	 1.27674357E-01	 1.46116247E-01	-1.71986356E-01	-2.45047119E-01	 5.26291684E-01	-6.44759359E-02	-2.15159272E-02	 1.99516897E-03	-3.87057369E-03
 1.380000E-01	 2.04491570E-03	-1.28147690E-02	 1.26851008E-02	 2.57979982E-01	 5.04775277E-01	 1.02813238E-01	-9.22988004E-03	 5.69541524E-02	-2.54101759E-04	-2.57392840E-03	 9.77188310E-03	 1.24945529E-01	 1.44904750E-01	-1.25519747E-01	-1.70848594E-01	 5.39399769E-01	-6.94240759E-02	-1.67604823E-02	 1.83793944E-03	-4.56016448E-03
 1.390000E-01	 3.99317884E-03	-1.57669648E-02	 2.30650941E-03	 2.47580286E-01	 5.14328553E-01	 5.83422884E-02	 8.38148123E-04	 6.07965689E-02	-8.37494175E-04	-2.22693199E-03	 7.88436564E-03	 1.21495053E-01	 1.41596147E-01	-8.01974060E-02	-9.49886113E-02	 5.46223694E-01	-7.28435342E-02	-1.12648416E-02	 1.51427167E-03	-5.25251053E-03
 1.400000E-01	 5.86500237E-03	-1.75824241E-02	-6.26944837E-03	 2.32737456E-01	 5.12269120E-01	 1.42307787E-02	 1.16126335E-02	 6.39352573E-02	-1.35033687E-03	-1.75433618E-03	 6.30745656E-03	 1.17506457E-01	 1.36561421E-01	-3.67357767E-02	-1.98166522E-02	 5.46778357E-01	-7.45235304E-02	-5.12822397E-03	 1.02838644E-03	-5.92425687E-03
 1.410000E-01	 7.59108554E-03	-1.82884238E-02	-1.28768199E-02	 2.14117427E-01	 4.99333479E-01	-2.85077559E-02	 2.27238851E-02	 6.62633957E-02	-1.74981174E-03	-1.15699527E-03	 5.00640303E-03	 1.13151613E-01	 1.30203335E-01	 4.29351030E-03	 5.24718488E-02	 5.41286179E-01	-7.43345378E-02	 1.52440679E-03	 3.96250528E-04	-6.55084391E-03
 1.420000E-01	 9.11776302E-03	-1.79476505E-02	-1.74564689E-02	 1.92456487E-01	 4.76710527E-01	-6.89552953E-02	 3.37824483E-02	 6.77023693E-02	-1.99795133E-03	-4.41117695E-04	 3.93695209E-03	 1.08583030E-01	 1.22927994E-01	 4.24760625E-02	 1.19957771E-01	 5.30156027E-01	-7.22368347E-02	 8.54823355E-03	-3.55103059E-04	-7.10773209E-03
 1.430000E-01	 1.04075333E-02	-1.66503761E-02	-2.00459397E-02	 1.68519090E-01	 4.45930887E-01	-1.06322770E-01	 4.44054487E-02	 6.82049845E-02	-2.06497735E-03	 3.81858128E-04	 3.05006131E-03	 1.03928958E-01	 1.15119577E-01	 7.75531092E-02	 1.81089553E-01	 5.13953614E-01	-6.82813508E-02	 1.57854574E-02	-1.18936732E-03	-7.57165552E-03
 1.440000E-01	 1.14386178E-02	-1.45064707E-02	-2.07654739E-02	 1.43060764E-01	 4.08751003E-01	-1.39975912E-01	 5.42391300E-02	 6.77570955E-02	-1.93143179E-03	 1.29568014E-03	 2.29628122E-03	 9.92903851E-02	 1.07119660E-01	 1.09412516E-01	 2.34739802E-01	 4.93360864E-01	-6.26032798E-02	 2.30735424E-02	-2.06353940E-03	-7.92196423E-03
 1.450000E-01	 1.22034890E-02	-1.16378211E-02	-1.98003750E-02	 1.16798239E-01	 3.67033937E-01	-1.69450035E-01	 6.29778030E-02	 6.63772069E-02	-1.58938865E-03	 2.28001312E-03	 1.62953737E-03	 9.47396247E-02	 9.92119374E-02	 1.38075146E-01	 2.80227260E-01	 4.69129154E-01	-5.54100228E-02	 3.02538238E-02	-2.93091840E-03	-8.14185359E-03
 1.460000E-01	 1.27065801E-02	-8.17123572E-03	-1.73811439E-02	 9.03858954E-02	 3.22634923E-01	-1.94451475E-01	 7.03783054E-02	 6.41137645E-02	-1.04278872E-03	 3.31148901E-03	 1.01008804E-03	 9.03211276E-02	 9.16131734E-02	 1.63674076E-01	 3.17305220E-01	 4.42035485E-01	-4.69650321E-02	 3.71788460E-02	-3.74428513E-03	-8.21920870E-03
 1.470000E-01	 1.29615590E-02	-4.23225994E-03	-1.37636015E-02	 6.43991078E-02	 2.77301577E-01	-2.14848093E-01	 7.62689042E-02	 6.10407473E-02	-3.06853103E-04	 4.36493226E-03	 4.06523760E-04	 8.60542318E-02	 8.44703402E-02	 1.86428727E-01	 3.46121080E-01	 4.12844404E-01	-3.75690818E-02	 4.37180874E-02	-4.45900455E-03	-8.14705705E-03
 1.480000E-01	 1.29885269E-02	 5.96697892E-05	-9.21091659E-03	 3.93250948E-02	 2.32596057E-01	-2.30652078E-01	 8.05522984E-02	 5.72522630E-02	 5.93351734E-04	 5.41461906E-03	-2.03196194E-04	 8.19370869E-02	 7.78631625E-02	 2.06617932E-01	 3.67154385E-01	 3.82276289E-01	-2.75407130E-02	 4.97621237E-02	-5.03576890E-03	-7.92368674E-03
 1.490000E-01	 1.28114576E-02	 4.59460016E-03	-3.97895878E-03	 1.55606242E-02	 1.89843478E-01	-2.41997725E-01	 8.32029821E-02	 5.28566515E-02	 1.62502831E-03	 6.43548005E-03	-8.31567323E-04	 7.79512055E-02	 7.18108795E-02	 2.24554281E-01	 3.81141790E-01	 3.50983251E-01	-1.71976080E-02	 5.52251200E-02	-5.44275865E-03	-7.55244852E-03
 1.500000E-01	 1.24561302E-02	 9.27402092E-03	 1.69409602E-03	-6.58476778E-03	 1.50107942E-01	-2.49116774E-01	 8.42596827E-02	 4.79705636E-02	 2.75022523E-03	 7.40417314E-03	-1.48206109E-03	 7.40661627E-02	 6.62818864E-02	 2.40561441E-01	 3.88997088E-01	 3.19533020E-01	-6.84028509E-03	 6.00457042E-02	-5.65708907E-03	-7.04128621E-03
 1.510000E-01	 1.19485239E-02	 1.40116141E-02	 7.59452479E-03	-2.68813427E-02	 1.14189731E-01	-2.52313165E-01	 8.38148495E-02	 4.27134167E-02	 3.92847656E-03	 8.29995773E-03	-2.15025004E-03	 7.02440585E-02	 6.12054157E-02	 2.54955674E-01	 3.91731062E-01	 2.88400641E-01	 3.26131742E-03	 6.41864073E-02	-5.66556645E-03	-6.40206460E-03
 1.520000E-01	 1.13131224E-02	 1.87330554E-02	 1.35393540E-02	-4.51679779E-02	 8.26247536E-02	-2.51937835E-01	 8.20051980E-02	 3.72025704E-02	 5.11881605E-03	 9.10529023E-03	-2.82562155E-03	 6.64435260E-02	 5.64854449E-02	 2.68032383E-01	 3.90369738E-01	 2.57967733E-01	 1.28791469E-02	 6.76319633E-02	-5.46499890E-03	-5.64978861E-03
 1.530000E-01	 1.05717355E-02	 2.33749518E-02	 1.93792515E-02	-6.13392209E-02	 5.57006009E-02	-2.48366113E-01	 7.90007714E-02	 3.15493448E-02	 6.28172102E-03	 9.80619659E-03	-3.49359083E-03	 6.26231187E-02	 5.20141541E-02	 2.80056826E-01	 3.85884359E-01	 2.28526653E-01	 2.18343236E-02	 7.03868668E-02	-5.06178648E-03	-4.80177315E-03
 1.540000E-01	 9.74344171E-03	 2.78831594E-02	 2.49953779E-02	-7.53330183E-02	 3.35009501E-02	-2.41979952E-01	 7.49906326E-02	 2.58559471E-02	 7.38133899E-03	 1.03924790E-02	-4.13716191E-03	 5.87439346E-02	 4.76821824E-02	 2.91258045E-01	 3.79145860E-01	 2.00287146E-01	 2.99986691E-02	 7.24724497E-02	-4.47059304E-03	-3.87678642E-03
 1.550000E-01	 8.84500412E-03	 3.22109295E-02	 3.02940992E-02	-8.71196759E-02	 1.59555660E-02	-2.33154361E-01	 7.01697183E-02	 2.02133952E-02	 8.38717475E-03	 1.08577121E-02	-4.73830340E-03	 5.47714885E-02	 4.33863060E-02	 3.01825967E-01	 3.70897854E-01	 1.73385316E-01	 3.72923551E-02	 7.39236542E-02	-3.71257061E-03	-2.89421809E-03
 1.560000E-01	 7.89146917E-03	 3.63171311E-02	 3.52012713E-02	-9.66924050E-02	 2.88666548E-03	-2.22247612E-01	 6.47283840E-02	 1.47003804E-02	 9.27505889E-03	 1.11990480E-02	-5.27907667E-03	 5.06769446E-02	 3.90349940E-02	 3.11911033E-01	 3.61743521E-01	 1.47893906E-01	 4.36791610E-02	 7.47857733E-02	-2.81345687E-03	-1.87333138E-03
 1.570000E-01	 6.89683941E-03	 4.01646764E-02	 3.96567223E-02	-1.04059671E-01	-5.95102854E-03	-2.09594769E-01	 5.88447602E-02	 9.38292612E-03	 1.00274879E-02	 1.14168788E-02	-5.74253139E-03	 4.64378435E-02	 3.45521484E-02	 3.21625547E-01	 3.52143230E-01	 1.23832850E-01	 4.91603242E-02	 7.51113757E-02	-1.80172837E-03	-8.32634330E-04
 1.580000E-01	 5.87471871E-03	 4.37192249E-02	 4.36094404E-02	-1.09239345E-01	-1.08382066E-02	-1.95503972E-01	 5.26798243E-02	 4.31467582E-03	 1.06334479E-02	 1.15144032E-02	-6.11341212E-03	 4.20384435E-02	 2.98794425E-02	 3.31046167E-01	 3.42419679E-01	 1.01179685E-01	 5.37678171E-02	 7.49575088E-02	-7.06943790E-04	 2.10620352E-04
 1.590000E-01	 4.83884963E-03	 4.69482127E-02	 4.70138131E-02	-1.12254544E-01	-1.20676232E-02	-1.80254953E-01	 4.63748710E-02	-4.62341740E-04	 1.10878560E-02	 1.14971385E-02	-6.37872654E-03	 3.74699146E-02	 2.49776994E-02	 3.40216346E-01	 3.32767784E-01	 7.98794602E-02	 5.75575946E-02	 7.43832420E-02	 4.41662948E-04	 1.24080715E-03
 1.600000E-01	 3.80349870E-03	 4.98202313E-02	 4.98270611E-02	-1.13131048E-01	-9.92951942E-03	-1.64099393E-01	 4.00509799E-02	-4.91657985E-03	 1.13907424E-02	 1.13724079E-02	-6.52818656E-03	 3.27305301E-02	 1.98275253E-02	 3.49148190E-01	 3.23267306E-01	 5.98526308E-02	 6.06032332E-02	 7.34478114E-02	 1.61632209E-03	 2.24413985E-03
 1.610000E-01	 2.78372621E-03	 5.23046978E-02	 5.20075822E-02	-1.11896066E-01	-4.70340676E-03	-1.47262617E-01	 3.38098533E-02	-9.02562475E-03	 1.15463192E-02	 1.11488387E-02	-6.55450262E-03	 2.78256582E-02	 1.44291149E-02	 3.57824867E-01	 3.13897548E-01	 4.10005259E-02	 6.29902279E-02	 7.22093715E-02	 2.79158865E-03	 3.20874334E-03
 1.620000E-01	 1.79574170E-03	 5.43717438E-02	 5.35130879E-02	-1.08578362E-01	 3.35071111E-03	-1.29946350E-01	 2.77346181E-02	-1.27748253E-02	 1.15621958E-02	 1.08359255E-02	-6.45349761E-03	 2.27675615E-02	 8.80110233E-03	 3.66203304E-01	 3.04555274E-01	 2.32097485E-02	 6.48105878E-02	 7.07239939E-02	 3.94501081E-03	 4.12467063E-03
 1.630000E-01	 8.57094796E-04	 5.59923679E-02	 5.42998005E-02	-1.03209229E-01	 1.39953627E-02	-1.12331856E-01	 2.18915867E-02	-1.61559324E-02	 1.14485466E-02	 1.04436398E-02	-6.22423779E-03	 1.75752680E-02	 2.97959934E-03	 3.74216263E-01	 2.95070431E-01	 6.35629214E-03	 6.61584927E-02	 6.90448495E-02	 5.05750344E-03	 4.98387129E-03
 1.640000E-01	-1.35629265E-05	 5.71388587E-02	 5.43239537E-02	-9.58237424E-02	 2.70069273E-02	-9.45829456E-02	 1.63338768E-02	-1.91657191E-02	 1.12170863E-02	 9.98205576E-03	-5.86932946E-03	 1.22745584E-02	-2.98182434E-03	 3.81774060E-01	 2.85215650E-01	-9.69074874E-03	 6.71276342E-02	 6.72216623E-02	 6.11336680E-03	 5.78009119E-03
 1.650000E-01	-7.96946377E-04	 5.77854267E-02	 5.35443993E-02	-8.64625125E-02	 4.21625130E-02	-7.68490832E-02	 1.11053817E-02	-2.18046446E-02	 1.08801416E-02	 9.46102323E-03	-5.39526384E-03	 6.89798505E-03	-9.01190714E-03	 3.88766038E-01	 2.74713494E-01	-2.50661570E-02	 6.78093724E-02	 6.53003804E-02	 7.10015301E-03	 6.50873239E-03
 1.660000E-01	-1.47378391E-03	 5.79090198E-02	 5.19259655E-02	-7.51739886E-02	 5.92248092E-02	-5.92686526E-02	 6.24459291E-03	-2.40755875E-02	 1.04498957E-02	 8.88989282E-03	-4.81274022E-03	 1.48487268E-03	-1.50215995E-02	 3.95061896E-01	 2.63243686E-01	-3.99061026E-02	 6.82911870E-02	 6.33229747E-02	 8.00849021E-03	 7.16670168E-03
 1.670000E-01	-2.02565099E-03	 5.74903222E-02	 4.94435500E-02	-6.20172755E-02	 7.79253218E-02	-4.19723241E-02	 1.78820131E-03	-2.59826581E-02	 9.93779657E-03	 8.27728875E-03	-4.13691130E-03	-3.91874769E-03	-2.09043901E-02	 4.00513039E-01	 2.50451715E-01	-5.43459741E-02	 6.86551327E-02	 6.13272882E-02	 8.83191695E-03	 7.75226829E-03
 1.680000E-01	-2.43598537E-03	 5.65149306E-02	 4.60868624E-02	-4.70654586E-02	 9.79466661E-02	-2.50864892E-02	-2.22563218E-03	-2.75301011E-02	 9.35412392E-03	 7.63092768E-03	-3.38748352E-03	-9.26032988E-03	-2.65373847E-02	 4.04954077E-01	 2.35960212E-01	-6.85183216E-02	 6.89760468E-02	 5.93468649E-02	 9.56676414E-03	 8.26494659E-03
 1.690000E-01	-2.69125940E-03	 5.49746928E-02	 4.18656416E-02	-3.04094172E-02	 1.18904966E-01	-8.73670411E-03	-5.75449146E-03	-2.87213098E-02	 8.70771915E-03	 6.95748462E-03	-2.58859622E-03	-1.44811971E-02	-3.17834870E-02	 4.08204712E-01	 2.19384441E-01	-8.25506927E-02	 6.93193078E-02	 5.74106930E-02	 1.02121067E-02	 8.70541662E-03
 1.700000E-01	-2.78225995E-03	 5.28691722E-02	 3.68150487E-02	-1.21620604E-02	 1.40333871E-01	 6.94894461E-03	-8.74961874E-03	-2.95579861E-02	 8.00588931E-03	 6.26251033E-03	-1.76840045E-03	-1.95171965E-02	-3.64950256E-02	 4.10072232E-01	 2.00353023E-01	-9.65631327E-02	 6.97380195E-02	 5.55428077E-02	 1.07697899E-02	 9.07549104E-03
 1.710000E-01	-2.70533563E-03	 5.02071752E-02	 3.10004964E-02	 7.53702208E-03	 1.61673703E-01	 2.18366228E-02	-1.11550591E-02	-3.00395164E-02	 7.25454573E-03	 5.55041655E-03	-9.58255959E-04	-2.42997002E-02	-4.05191561E-02	 4.10354852E-01	 1.78534738E-01	-1.10665174E-01	 7.02695689E-02	 5.37617172E-02	 1.12445219E-02	 9.37813139E-03
 1.720000E-01	-2.46331286E-03	 4.70082513E-02	 2.45204219E-02	 2.85162763E-02	 1.82272690E-01	 3.57837394E-02	-1.29091128E-02	-3.01626893E-02	 6.45871647E-03	 4.82456502E-03	-1.91496699E-04	-2.87569947E-02	-4.37051729E-02	 4.08846016E-01	 1.53671254E-01	-1.24952350E-01	 7.09316647E-02	 5.20796720E-02	 1.16440001E-02	 9.61750437E-03
 1.730000E-01	-2.06613903E-03	 4.33040858E-02	 1.75074184E-02	 5.05670241E-02	 2.01396728E-01	 4.86365711E-02	-1.39472268E-02	-2.99217514E-02	 5.62321829E-03	 4.08743495E-03	 4.98146114E-04	-3.28160636E-02	-4.59131421E-02	 4.05339957E-01	 1.25612148E-01	-1.39502269E-01	 7.17184951E-02	 5.05018684E-02	 1.19789571E-02	 9.79904653E-03
 1.740000E-01	-1.53134316E-03	 3.91395659E-02	 1.01282039E-02	 7.34397911E-02	 2.18244057E-01	 6.02290498E-02	-1.42054336E-02	-2.93087916E-02	 4.75330391E-03	 3.34084433E-03	 1.07835479E-03	-3.64049393E-02	-4.70233030E-02	 3.99639710E-01	 9.43487808E-02	-1.54370223E-01	 7.25976471E-02	 4.90256603E-02	 1.22630310E-02	 9.92951254E-03
 1.750000E-01	-8.84063462E-04	 3.45732416E-02	 2.58114017E-03	 9.68427650E-02	 2.31970803E-01	 7.03836482E-02	-1.36252085E-02	-2.83146985E-02	 3.85541562E-03	 2.58627810E-03	 1.52022312E-03	-3.94556731E-02	-4.69459542E-02	 3.91567773E-01	 6.00452999E-02	-1.69583113E-01	 7.35081776E-02	 4.76396075E-02	 1.25124064E-02	 1.00170288E-02
 1.760000E-01	-1.56470416E-04	 2.96772084E-02	-4.90933136E-03	 1.20441941E-01	 2.41729122E-01	 7.89150076E-02	-1.21599422E-02	-2.69307950E-02	 2.93803190E-03	 1.82533334E-03	 1.80034833E-03	-4.19074806E-02	-4.56310776E-02	 3.80977229E-01	 2.30637224E-02	-1.85131761E-01	 7.43602117E-02	 4.63224766E-02	 1.27451906E-02	 1.00711214E-02
 1.770000E-01	 6.13504437E-04	 2.45364262E-02	-1.21015635E-02	 1.43862815E-01	 2.46716729E-01	 8.56355765E-02	-9.78265510E-03	-2.51509225E-02	 2.01252428E-03	 1.06022090E-03	 1.90283975E-03	-4.37098376E-02	-4.30767721E-02	 3.67762579E-01	-1.60207808E-02	-2.00964258E-01	 7.50364121E-02	 4.50427467E-02	 1.29805485E-02	 1.01026137E-02
 1.780000E-01	 1.38409631E-03	 1.92472127E-02	-1.87485858E-02	 1.66694981E-01	 2.46234749E-01	 9.03630381E-02	-6.49413550E-03	-2.29738238E-02	 1.09388345E-03	 2.94278091E-04	 1.82099639E-03	-4.48256393E-02	-3.93354222E-02	 3.51871499E-01	-5.64188180E-02	-2.16981220E-01	 7.53958634E-02	 4.37588256E-02	 1.32375703E-02	 1.01233619E-02
 1.790000E-01	 2.11217124E-03	 1.39147671E-02	-2.46122313E-02	 1.88500610E-01	 2.39749168E-01	 9.29299230E-02	-2.33054715E-03	-2.04057702E-02	 2.01163369E-04	-4.67535583E-04	 1.55842816E-03	-4.52342378E-02	-3.45165469E-02	 3.33316938E-01	-9.71435398E-02	-2.33032757E-01	 7.52807815E-02	 4.24199548E-02	 1.35338565E-02	 1.01458386E-02
 1.800000E-01	 2.75605966E-03	 8.64977720E-03	-2.94784774E-02	 2.08826853E-01	 2.26950020E-01	 9.31951341E-02	 2.63047540E-03	-1.74632301E-02	-6.42481404E-04	-1.21821538E-03	 1.12944160E-03	-4.49339808E-02	-2.87854966E-02	 3.12187918E-01	-1.37047105E-01	-2.48917957E-01	 7.45260014E-02	 4.09679336E-02	 1.38839004E-02	 1.01825558E-02
 1.810000E-01	 3.27849874E-03	 3.56425202E-03	-3.31725402E-02	 2.27221947E-01	 2.07800939E-01	 9.10566310E-02	 8.26637289E-03	-1.41752717E-02	-1.41028352E-03	-1.94843294E-03	 5.58570979E-04	-4.39439362E-02	-2.23575621E-02	 2.88657593E-01	-1.74876354E-01	-2.64387776E-01	 7.29707491E-02	 3.93397355E-02	 1.42974084E-02	 1.02453395E-02
 1.820000E-01	 3.64933056E-03	-1.23320720E-03	-3.55718712E-02	 2.43254583E-01	 1.82570760E-01	 8.64642771E-02	 1.44100082E-02	-1.05853587E-02	-2.07297105E-03	-2.64647503E-03	-1.20741978E-04	-4.23045610E-02	-1.54877368E-02	 2.62987269E-01	-2.09343857E-01	-2.79151777E-01	 7.04717050E-02	 3.74709390E-02	 1.47777636E-02	 1.03445026E-02
 1.830000E-01	 3.84776790E-03	-5.64239098E-03	-3.66161251E-02	 2.56535144E-01	 1.51844460E-01	 7.94314560E-02	 2.08538580E-02	-6.75226309E-03	-2.60037985E-03	-3.29843107E-03	-8.68276185E-04	-4.00771334E-02	-8.45658288E-03	 2.35525390E-01	-2.39209858E-01	-2.92888881E-01	 6.69163619E-02	 3.52998194E-02	 1.53207963E-02	 1.04879770E-02
 1.840000E-01	 3.86404889E-03	-9.57634437E-03	-3.63132470E-02	 2.66737058E-01	 1.16511751E-01	 7.00440472E-02	 2.73578751E-02	-2.74986921E-03	-2.96342786E-03	-3.88864325E-03	-1.63985281E-03	-3.73418464E-02	-1.55301144E-03	 2.06700774E-01	-2.63369322E-01	-3.05261902E-01	 6.22355439E-02	 3.27718599E-02	 1.59140189E-02	 1.06804752E-02
 1.850000E-01	 3.70019117E-03	-1.29657049E-02	-3.47403197E-02	 2.73616779E-01	 7.77294589E-02	 5.84655922E-02	 3.36612057E-02	 1.33432093E-03	-3.13638801E-03	-4.40043176E-03	-2.39058479E-03	-3.41945872E-02	 4.94445885E-03	 1.77009763E-01	-2.80935257E-01	-3.15935182E-01	 5.64135753E-02	 2.98443204E-02	 1.65365081E-02	 1.09227770E-02
 1.860000E-01	 3.36971523E-03	-1.57621176E-02	-3.20387047E-02	 2.77030517E-01	 3.68587218E-02	 4.49376165E-02	 3.94970720E-02	 5.40203054E-03	-3.09925932E-03	-4.81706304E-03	-3.07822897E-03	-3.07425687E-02	 1.07861428E-02	 1.46997582E-01	-2.91309320E-01	-3.24594139E-01	 4.94947597E-02	 2.64904302E-02	 1.71595474E-02	 1.12112395E-02
 1.870000E-01	 2.89635093E-03	-1.79403717E-02	-2.84037892E-02	 2.76945799E-01	-4.61809466E-03	 2.97744055E-02	 4.46095221E-02	 9.34829273E-03	-2.83996935E-03	-5.12289043E-03	-3.66629823E-03	-2.70991159E-02	 1.57674887E-02	 1.17234926E-01	-2.94231752E-01	-3.30965218E-01	 4.15851649E-02	 2.27027641E-02	 1.77480569E-02	 1.15376096E-02
 1.880000E-01	 2.31186075E-03	-1.94990298E-02	-2.40702825E-02	 2.73446387E-01	-4.51932399E-02	 1.33523021E-02	 4.87704765E-02	 1.30664804E-02	-2.35614702E-03	-5.30456202E-03	-4.12661233E-03	-2.33780121E-02	 1.97415820E-02	 8.82913804E-02	-2.89804613E-01	-3.34834534E-01	 3.28492000E-02	 1.84954042E-02	 1.82627418E-02	 1.18891974E-02
 1.890000E-01	 1.65320504E-03	-2.04595856E-02	-1.92945242E-02	 2.66730259E-01	-8.34328086E-02	-3.90571961E-03	 5.17953061E-02	 1.64538544E-02	-1.65622170E-03	-5.35216737E-03	-4.44102575E-03	-1.96878488E-02	 2.26265979E-02	 6.07076882E-02	-2.78485294E-01	-3.36062952E-01	 2.35011277E-02	 1.39045715E-02	 1.86627823E-02	 1.22494315E-02
 1.900000E-01	 9.59371511E-04	-2.08641843E-02	-1.43356541E-02	 2.57100204E-01	-1.18069274E-01	-2.15496724E-02	 5.35552270E-02	 1.94172322E-02	-7.59658229E-04	-5.26021880E-03	-4.60217807E-03	-1.61268639E-02	 2.44075534E-02	 3.49692491E-02	-2.61050857E-01	-3.34596440E-01	 1.37922087E-02	 8.98761606E-03	 1.89088198E-02	 1.25987655E-02
 1.910000E-01	 2.68222450E-04	-2.07720018E-02	-9.43754524E-03	 2.44947071E-01	-1.48078389E-01	-3.91249402E-02	 5.39852704E-02	 2.18782659E-02	 3.03732042E-04	-5.02836191E-03	-4.61321528E-03	-1.27786970E-02	 2.51322878E-02	 1.14831066E-02	-2.38536445E-01	-3.30471013E-01	 3.99451305E-03	 3.82039489E-03	 1.89659796E-02	 1.29158700E-02
 1.920000E-01	-3.86330558E-04	-2.02547124E-02	-4.81320436E-03	 2.30727538E-01	-1.72733609E-01	-5.61948974E-02	 5.30871322E-02	 2.37777329E-02	 1.49534571E-03	-4.66171098E-03	-4.48649207E-03	-9.70936327E-03	 2.49019788E-02	-9.43989046E-03	-2.12152483E-01	-3.23811231E-01	-5.61725582E-03	-1.50683307E-03	 1.88066573E-02	 1.31790288E-02
 1.930000E-01	-9.76496094E-04	-1.93915208E-02	-6.33352284E-04	 2.14938355E-01	-1.91632052E-01	-7.23617510E-02	 5.09264614E-02	 2.50784185E-02	 2.77011180E-03	-4.17075585E-03	-4.24156673E-03	-6.96565389E-03	 2.38580377E-02	-2.75958733E-02	-1.83192760E-01	-3.14822359E-01	-1.47835001E-02	-6.89456249E-03	 1.84126803E-02	 1.33675865E-02
 1.940000E-01	-1.48193535E-03	-1.82641781E-02	 2.97998737E-03	 1.98089153E-01	-2.04691055E-01	-8.72840415E-02	 4.76250437E-02	 2.57663906E-02	 4.07935590E-03	-3.57085377E-03	-3.90286479E-03	-4.57497733E-03	 2.21675181E-02	-4.28908110E-02	-1.52945462E-01	-3.03777211E-01	-2.32749518E-02	-1.22396992E-02	 1.77765795E-02	 1.34632896E-02
 1.950000E-01	-1.89026994E-03	-1.69523852E-02	 5.95509892E-03	 1.80676311E-01	-2.12119708E-01	-1.00689531E-01	 4.33492135E-02	 2.58506552E-02	 5.37386112E-03	-2.88137342E-03	-3.49721343E-03	-2.54650047E-03	 2.00082230E-02	-5.53360203E-02	-1.22613174E-01	-2.90999158E-01	-3.09045424E-02	-1.74412277E-02	 1.69019701E-02	 1.34514167E-02
 1.960000E-01	-2.19682306E-03	-1.55299145E-02	 8.26784167E-03	 1.63159937E-01	-2.14370731E-01	-1.12382683E-01	 3.82958959E-02	 2.53613100E-02	 6.60682591E-03	-2.12457915E-03	-3.05149571E-03	-8.73352077E-04	 1.75549024E-02	-6.50372966E-02	-9.32480187E-02	-2.76842999E-01	-3.75351557E-02	-2.24054150E-02	 1.58030590E-02	 1.33216105E-02
 1.970000E-01	-2.40372442E-03	-1.40616803E-02	 9.93540960E-03	 1.45945548E-01	-2.12079378E-01	-1.22246544E-01	 3.26777575E-02	 2.43464524E-02	 7.73645896E-03	-1.32436423E-03	-2.59065186E-03	 4.64421560E-04	 1.49677593E-02	-7.21790808E-02	-6.57064739E-02	-2.61675429E-01	-4.30828964E-02	-2.70501461E-02	 1.45033735E-02	 1.30683525E-02
 1.980000E-01	-2.51856682E-03	-1.26018652E-02	 1.10077126E-02	 1.29371434E-01	-2.05996733E-01	-1.30239422E-01	 2.67089016E-02	 2.28682047E-02	 8.72800729E-03	-5.04950916E-04	-2.13618006E-03	 1.49649614E-03	 1.23840485E-02	-7.70054489E-02	-4.06256457E-02	-2.45856720E-01	-4.75160409E-02	-3.13081099E-02	 1.30338832E-02	 1.26910666E-02
 1.990000E-01	-2.55282742E-03	-1.11930968E-02	 1.15576119E-02	 1.13702064E-01	-1.96924435E-01	-1.36387209E-01	 2.05923342E-02	 2.09982697E-02	 9.55508981E-03	 3.10330869E-04	-1.70520528E-03	 2.25884837E-03	 9.91307595E-03	-7.97998667E-02	-1.84201232E-02	-2.29724989E-01	-5.08502892E-02	-3.51286888E-02	 1.14307383E-02	 1.21938712E-02
 2.000000E-01	-2.52025630E-03	-9.86657531E-03	 1.16711561E-02	 9.91272982E-02	-1.85656696E-01	-1.40772466E-01	 1.45101076E-02	 1.88134289E-02	 1.02002911E-02	 1.10009327E-03	-1.31010397E-03	 2.79058328E-03	 7.63446145E-03	-8.08655814E-02	 7.03606877E-04	-2.13584030E-01	-5.31412431E-02	-3.84785415E-02	 9.73287297E-03	 1.15850358E-02
 2.010000E-01	-2.43539902E-03	-8.64294046E-03	 1.14387637E-02	 8.57664546E-02	-1.72933732E-01	-1.43521767E-01	 8.61656461E-03	 1.63913646E-02	 1.06550606E-02	 1.84569927E-03	-9.58627603E-04	 3.13120397E-03	 5.59925485E-03	-8.05079779E-02	 1.67194021E-02	-1.97695014E-01	-5.44752055E-02	-4.13410372E-02	 7.97968787E-03	 1.08762247E-02
 2.020000E-01	-2.31239031E-03	-7.53360335E-03	 1.09481083E-02	 7.36758182E-02	-1.59408952E-01	-1.44792713E-01	 3.03468187E-03	 1.38070916E-02	 1.09190280E-02	 2.53179582E-03	-6.54438023E-04	 3.31839640E-03	 3.83332555E-03	-7.90196009E-02	 2.97448989E-02	-1.82271914E-01	-5.49593492E-02	-4.37148001E-02	 6.20897558E-03	 1.00816181E-02
 2.030000E-01	-2.16407947E-03	-6.54237347E-03	 1.02789804E-02	 6.28585704E-02	-1.45629768E-01	-1.44761453E-01	-2.14473451E-03	 1.11301299E-02	 1.09988825E-02	 3.14657841E-03	-3.97856006E-04	 3.38643012E-03	 2.34194102E-03	-7.66688609E-02	 4.00023719E-02	-1.67480576E-01	-5.47123454E-02	-4.56115870E-02	 4.45526318E-03	 9.21699503E-03
 2.040000E-01	-2.00147341E-03	-5.66722992E-03	 9.50001619E-03	 5.32761216E-02	-1.32030385E-01	-1.43611404E-01	-6.86145228E-03	 8.42248426E-03	 1.09069782E-02	 3.68181348E-03	-1.86663744E-04	 3.36522487E-03	 1.11466661E-03	-7.36929482E-02	 4.77817248E-02	-1.53440967E-01	-5.38561943E-02	-4.70537370E-02	 2.74866360E-03	 8.29885527E-03
 2.050000E-01	-1.83347198E-03	-4.90202749E-03	 8.66715163E-03	 4.48594933E-02	-1.18934575E-01	-1.41523914E-01	-1.10824836E-02	 5.73744443E-03	 1.06598287E-02	 4.13265336E-03	-1.69128187E-05	 3.27996469E-03	 1.30252547E-04	-7.02943090E-02	 5.34074284E-02	-1.40231625E-01	-5.25095659E-02	-4.80714953E-02	 1.11419860E-03	 7.34363688E-03
 2.060000E-01	-1.66685058E-03	-4.23799826E-03	 7.82352849E-03	 3.75197732E-02	-1.06565796E-01	-1.38671196E-01	-1.47977369E-02	 3.11912193E-03	 1.02766332E-02	 4.49729538E-03	 1.16335574E-04	 3.15112357E-03	-6.38921801E-04	-6.66399906E-02	 5.72112566E-02	-1.27895391E-01	-5.07828628E-02	-4.87004540E-02	-4.28452692E-04	 6.36707322E-03
 2.070000E-01	-1.50642500E-03	-3.66499213E-03	 7.00046149E-03	 3.11571257E-02	-9.50618276E-02	-1.35211459E-01	-1.80152396E-02	 6.02583959E-04	 9.77794096E-03	 4.77654203E-03	 2.18398296E-04	 2.99479422E-03	-1.22317286E-03	-6.28632540E-02	 5.95118186E-02	-1.16445744E-01	-4.87750005E-02	-4.89792551E-02	-1.86484305E-03	 5.38370496E-03
 2.080000E-01	-1.35532829E-03	-3.17243337E-03	 6.21905707E-03	 2.56680581E-02	-8.44913775E-02	-1.31286035E-01	-2.07564244E-02	-1.78556814E-03	 9.18452243E-03	 4.97331415E-03	 2.94510839E-04	 2.82320807E-03	-1.65274061E-03	-5.90667688E-02	 6.06008456E-02	-1.05873153E-01	-4.65717292E-02	-4.89476509E-02	-3.18537064E-03	 4.40654824E-03
 2.090000E-01	-1.21533732E-03	-2.75000178E-03	 5.49212497E-03	 2.09508635E-02	-7.48706018E-02	-1.27018164E-01	-2.30518427E-02	-4.02632832E-03	 8.51648200E-03	 5.09216067E-03	 3.49519280E-04	 2.64534617E-03	-1.95590555E-03	-5.53267167E-02	 6.07354674E-02	-9.61509985E-02	-4.42452159E-02	-4.86449652E-02	-4.38470958E-03	 3.44690637E-03
 2.100000E-01	-1.08720063E-03	-2.38807193E-03	 4.82610429E-03	 1.69093614E-02	-6.61781304E-02	-1.22513064E-01	-2.49375232E-02	-6.10725989E-03	 7.79261692E-03	 5.13879798E-03	 3.87705115E-04	 2.46756257E-03	-2.15788564E-03	-5.16972343E-02	 6.01353138E-02	-8.72407516E-02	-4.18545617E-02	-4.81089515E-02	-5.46114388E-03	 2.51430321E-03
 2.110000E-01	-9.70935866E-04	-2.07795623E-03	 4.22281993E-03	 1.34551769E-02	-5.83677895E-02	-1.17858894E-01	-2.64520640E-02	-8.02142435E-03	 7.03000193E-03	 5.11970080E-03	 4.12714553E-04	 2.29416626E-03	-2.28034934E-03	-4.82147616E-02	 5.89831168E-02	-7.90962988E-02	-3.94469289E-02	-4.73750134E-02	-6.41587702E-03	 1.61651223E-03
 2.120000E-01	-8.66081120E-04	-1.81199952E-03	 3.68097751E-03	 1.05088571E-02	-5.13787783E-02	-1.13128259E-01	-2.76344322E-02	-9.76634378E-03	 6.24376475E-03	 5.04175563E-03	 4.27560244E-04	 2.12793038E-03	-2.34136204E-03	-4.49020018E-02	 5.74275307E-02	-7.16673672E-02	-3.70589947E-02	-4.64757263E-02	-7.25237099E-03	 7.59654182E-04
 2.130000E-01	-7.71890439E-04	-1.58357157E-03	 3.19733988E-03	 8.00012528E-03	-4.51432705E-02	-1.08379932E-01	-2.85224086E-02	-1.13430500E-02	 5.44701429E-03	 4.91198152E-03	 4.34670626E-04	 1.97051421E-03	-2.35562393E-03	-4.17713370E-02	 5.55872020E-02	-6.49020829E-02	-3.47185123E-02	-4.54405936E-02	-7.97574649E-03	-5.16585498E-05
 2.140000E-01	-6.87477150E-04	-1.38700268E-03	 2.76759883E-03	 5.86757826E-03	-3.95917323E-02	-1.03660818E-01	-2.91516314E-02	-1.27552568E-02	 4.65088420E-03	 4.73731210E-03	 4.35964944E-04	 1.82277494E-03	-2.33488134E-03	-3.88275406E-02	 5.35554011E-02	-5.87488697E-02	-3.24458815E-02	-4.42960176E-02	-8.59227034E-03	-8.14155289E-04
 2.150000E-01	-6.11913958E-04	-1.21748734E-03	 2.38699261E-03	 4.05803727E-03	-3.46564142E-02	-9.90078907E-02	-2.95550759E-02	-1.40086625E-02	 3.86465044E-03	 4.52443393E-03	 4.32938492E-04	 1.68500406E-03	-2.28839637E-03	-3.60699401E-02	 5.14045667E-02	-5.31577616E-02	-3.02555908E-02	-4.30654048E-02	-9.10893596E-03	-1.52573342E-03
 2.160000E-01	-5.44293867E-04	-1.07097069E-03	 2.05070153E-03	 2.52569291E-03	-3.02733988E-02	-9.44497844E-02	-2.97627989E-02	-1.51103744E-02	 3.09589099E-03	 4.27967648E-03	 4.26746367E-04	 1.55712405E-03	-2.22340028E-03	-3.34941893E-02	 4.91903484E-02	-4.80811710E-02	-2.81574315E-02	-4.17693209E-02	-9.53312687E-03	-2.18528516E-03
 2.170000E-01	-4.83763884E-04	-9.44037388E-04	 1.75408220E-03	 1.23120381E-03	-2.63836530E-02	-9.00082051E-02	-2.98018930E-02	-1.60684446E-02	 2.35066705E-03	 4.00894098E-03	 4.18274997E-04	 1.43882667E-03	-2.14549406E-03	-3.10935700E-02	 4.69550489E-02	-4.34743475E-02	-2.61575129E-02	-4.04256921E-02	-9.87235720E-03	-2.79253542E-03
 2.180000E-01	-4.29541924E-04	-8.33811440E-04	 1.49279747E-03	 1.40836201E-04	-2.29334314E-02	-8.56991728E-02	-2.96965826E-02	-1.68915047E-02	 1.63370867E-03	 3.71765906E-03	 4.08200945E-04	 1.32966453E-03	-2.05898790E-03	-2.88599082E-02	 4.47304720E-02	-3.92956091E-02	-2.42590991E-02	-3.90500338E-02	-1.01340790E-02	-3.34789450E-03
 2.190000E-01	-3.80922693E-04	-7.37868686E-04	 1.26287686E-03	-7.74322056E-04	-1.98742694E-02	-8.15340753E-02	-2.94683996E-02	-1.75884804E-02	 9.48594280E-04	 3.41077450E-03	 3.97038569E-04	 1.22911312E-03	-1.96718026E-03	-2.67842236E-02	 4.25402241E-02	-3.55064033E-02	-2.24632817E-02	-3.76556860E-02	-1.03255435E-02	-3.85232685E-03
 2.200000E-01	-3.37276673E-04	-6.54162340E-04	 1.06073190E-03	-1.53905835E-03	-1.71627343E-02	-7.75205497E-02	-2.91363963E-02	-1.81683737E-02	 2.97917526E-04	 3.09274216E-03	 3.85177767E-04	 1.13661283E-03	-1.87258170E-03	-2.48571868E-02	 4.04015430E-02	-3.20712581E-02	-2.07695146E-02	-3.62540413E-02	-1.04537049E-02	-4.30723607E-03
 2.210000E-01	-2.98045561E-04	-5.80960858E-04	 8.83146308E-04	-2.17463825E-03	-1.47600584E-02	-7.36632122E-02	-2.87173710E-02	-1.86400988E-02	-3.16561566E-04	 2.76753909E-03	 3.72913246E-04	 1.05159716E-03	-1.77709061E-03	-2.30694347E-02	 3.83267325E-02	-2.89576636E-02	-1.91760337E-02	-3.48547615E-02	-1.05251568E-02	-4.71436573E-03
 2.220000E-01	-2.62737043E-04	-5.16796687E-04	 7.27257725E-04	-2.69931660E-03	-1.26317508E-02	-6.99642597E-02	-2.82260869E-02	-1.90123591E-02	-8.93782875E-04	 2.43868377E-03	 3.60466454E-04	 9.73510077E-04	-1.68212783E-03	-2.14117756E-02	 3.63242723E-02	-2.61359143E-02	-1.76801847E-02	-3.34659778E-02	-1.05460949E-02	-5.07571458E-03
 2.230000E-01	-2.30918605E-04	-4.60423975E-04	 5.90530881E-04	-3.12877538E-03	-1.07471785E-02	-6.64239648E-02	-2.76754965E-02	-1.92935641E-02	-1.43326944E-03	 2.10926109E-03	 3.48001843E-04	 9.01812305E-04	-1.58874140E-03	-1.98752985E-02	 3.43996840E-02	-2.35789130E-02	-1.62786802E-02	-3.20944775E-02	-1.05222997E-02	-5.39346504E-03
 2.240000E-01	-2.02210782E-04	-4.10783796E-04	 4.70725201E-04	-3.47650247E-03	-9.07911699E-03	-6.30410886E-02	-2.70769724E-02	-1.94917802E-02	-1.93502716E-03	 1.78195036E-03	 3.35639325E-04	 8.35978577E-04	-1.49769169E-03	-1.84514152E-02	 3.25562164E-02	-2.12619494E-02	-1.49678030E-02	-3.07458799E-02	-1.04591362E-02	-5.66992392E-03
 2.250000E-01	-1.76280875E-04	-3.66974721E-04	 3.65863506E-04	-3.75410991E-03	-7.60336925E-03	-5.98132136E-02	-2.64404762E-02	-1.96146868E-02	-2.39945610E-03	 1.45905491E-03	 3.23465572E-04	 7.75504312E-04	-1.40952101E-03	-1.71319324E-02	 3.07953767E-02	-1.91625282E-02	-1.37435571E-02	-2.94247812E-02	-1.03615566E-02	-5.90747303E-03
 2.260000E-01	-1.52836156E-04	-3.28227066E-04	 2.74198453E-04	-3.97160026E-03	-6.29847620E-03	-5.67369968E-02	-2.57746551E-02	-1.96695272E-02	-2.82726938E-03	 1.14253331E-03	 3.11544219E-04	 7.19926137E-04	-1.32460497E-03	-1.59091756E-02	 2.91173330E-02	-1.72602472E-02	-1.26017754E-02	-2.81348674E-02	-1.02340995E-02	-6.10852646E-03
 2.270000E-01	-1.31618430E-04	-2.93881868E-04	 1.94185274E-04	-4.13759519E-03	-5.14544903E-03	-5.38083939E-02	-2.50869671E-02	-1.96630875E-02	-3.21942534E-03	 8.34030618E-04	 2.99921846E-04	 6.68828667E-04	-1.24318674E-03	-1.47760254E-02	 2.75212358E-02	-1.55366429E-02	-1.15382133E-02	-2.68790294E-02	-1.00809023E-02	-6.27549583E-03
 2.280000E-01	-1.12400384E-04	-2.63373759E-04	 1.24462680E-04	-4.25953474E-03	-4.12748091E-03	-5.10228550E-02	-2.43838476E-02	-1.96017061E-02	-3.57707334E-03	 5.34908393E-04	 2.88631043E-04	 6.21834772E-04	-1.16540500E-03	-1.37258628E-02	 2.60054873E-02	-1.39749943E-02	-1.05486283E-02	-2.56594809E-02	-9.90572626E-03	-6.41076331E-03
 2.290000E-01	-9.49819334E-05	-2.36216632E-04	 6.38331751E-05	-4.34384577E-03	-3.22967535E-03	-4.83754737E-02	-2.36708480E-02	-1.94912849E-02	-3.90150738E-03	 2.46273457E-04	 2.77693491E-04	 5.78598331E-04	-1.09131949E-03	-1.27525239E-02	 2.45679507E-02	-1.25601464E-02	-9.62883580E-03	-2.44778576E-02	-9.71198122E-03	-6.51666012E-03
 2.300000E-01	-7.91867159E-05	-2.11991998E-04	 1.12435913E-05	-4.39608124E-03	-2.43882028E-03	-4.58611080E-02	-2.29527435E-02	-1.93373004E-02	-4.19412653E-03	-3.09950982E-05	 2.67122664E-04	 5.38800858E-04	-1.02093124E-03	-1.18502720E-02	 2.32061078E-02	-1.12783655E-02	-8.77474889E-03	-2.33353001E-02	-9.50274780E-03	-6.59544981E-03
 2.310000E-01	-6.48589927E-05	-1.90338977E-04	-3.42324040E-05	-4.42104087E-03	-1.74319290E-03	-4.34744769E-02	-2.22336267E-02	-1.91448180E-02	-4.45640179E-03	-2.96220617E-04	 2.56925711E-04	 5.02148192E-04	-9.54197521E-04	-1.10137677E-02	 2.19171755E-02	-1.01172075E-02	-7.98240544E-03	-2.22325263E-02	-9.28080044E-03	-6.64931566E-03
 2.320000E-01	-5.18595242E-05	-1.70945545E-04	-7.34167134E-05	-4.42288062E-03	-1.13235365E-03	-4.12102365E-02	-2.15169952E-02	-1.89185100E-02	-4.68984783E-03	-5.48905132E-04	 2.47104999E-04	 4.68368931E-04	-8.91043232E-04	-1.02380493E-02	 2.06981976E-02	-9.06539547E-03	-7.24798731E-03	-2.11698952E-02	-9.04862990E-03	-6.68035132E-03
 2.330000E-01	-4.00625231E-05	-1.53541609E-04	-1.07043769E-04	-4.40520150E-03	-5.96978919E-04	-3.90630411E-02	-2.08058254E-02	-1.86626744E-02	-4.89600004E-03	-7.88707620E-04	 2.37659260E-04	 4.37214324E-04	-8.31368780E-04	-9.51851964E-03	 1.95461175E-02	-8.11271144E-03	-6.56783329E-03	-2.01474614E-02	-8.80846499E-03	-6.69055435E-03
 2.340000E-01	-2.93548278E-05	-1.37894066E-04	-1.35766698E-04	-4.37111446E-03	-1.28760231E-04	-3.70275942E-02	-2.01026298E-02	-1.83812536E-02	-5.07639664E-03	-1.01542449E-03	 2.28584612E-04	 4.08457809E-04	-7.75057126E-04	-8.85092933E-03	 1.84578407E-02	-7.24990353E-03	-5.93844804E-03	-1.91650235E-02	-8.56229308E-03	-6.68182215E-03
 2.350000E-01	-1.96351386E-05	-1.23803485E-04	-1.60163917E-04	-4.32329335E-03	 2.79691711E-04	-3.50987120E-02	-1.94095167E-02	-1.80778571E-02	-5.23256490E-03	-1.22897277E-03	 2.19875861E-04	 3.81892563E-04	-7.21983037E-04	-8.23135191E-03	 1.74302988E-02	-6.46860474E-03	-5.35651015E-03	-1.82221702E-02	-8.31188108E-03	-6.65595113E-03
 2.360000E-01	-1.08125385E-05	-1.11098445E-04	-1.80747333E-04	-4.26403954E-03	 6.34952724E-04	-3.32713516E-02	-1.87282419E-02	-1.77557835E-02	-5.36600933E-03	-1.42937388E-03	 2.11527128E-04	 3.57329412E-04	-6.72018028E-04	-7.65615949E-03	 1.64604814E-02	-5.76124635E-03	-4.81887339E-03	-1.73183180E-02	-8.05879495E-03	-6.61463617E-03
 2.370000E-01	-2.80453265E-06	-9.96277429E-05	-1.97971060E-04	-4.19535329E-03	 9.42886395E-04	-3.15405848E-02	-1.80602443E-02	-1.74180345E-02	-5.47819993E-03	-1.61673652E-03	 2.03531296E-04	 3.34597198E-04	-6.25027460E-04	-7.12200735E-03	 1.55454271E-02	-5.12096470E-03	-4.32255899E-03	-1.64527350E-02	-7.80441559E-03	-6.55946805E-03
 2.380000E-01	 4.46392324E-06	-8.92575837E-05	-2.12238207E-04	-4.11897285E-03	 1.20872403E-03	-2.99016104E-02	-1.74066856E-02	-1.70673352E-02	-5.57056435E-03	-1.79124306E-03	 1.95879616E-04	 3.13540931E-04	-5.80870272E-04	-6.62580986E-03	 1.46822326E-02	-4.54153344E-03	-3.86475148E-03	-1.56245686E-02	-7.54995557E-03	-6.49193488E-03
 2.390000E-01	 1.10608312E-05	-7.98710448E-05	-2.23905966E-04	-4.03639738E-03	 1.43712873E-03	-2.83497911E-02	-1.67684898E-02	-1.67061559E-02	-5.64448307E-03	-1.95313877E-03	 1.88562265E-04	 2.94019511E-04	-5.39403654E-04	-6.16471823E-03	 1.38680830E-02	-4.01731111E-03	-3.44279801E-03	-1.48328739E-02	-7.29647553E-03	-6.41342590E-03
 2.400000E-01	 1.70478542E-05	-7.13658332E-05	-2.33290619E-04	-3.94891690E-03	 1.63225498E-03	-2.68806647E-02	-1.61463732E-02	-1.63367298E-02	-5.70128489E-03	-2.10272122E-03	 1.81568937E-04	 2.75904989E-04	-5.00486488E-04	-5.73610671E-03	 1.31002701E-02	-3.54318625E-03	-3.05420454E-03	-1.40766343E-02	-7.04489810E-03	-6.32523434E-03
 2.410000E-01	 2.24810288E-05	-6.36521085E-05	-2.40672337E-04	-3.85764078E-03	 1.79780496E-03	-2.54899496E-02	-1.55408714E-02	-1.59610708E-02	-5.74224379E-03	-2.24033080E-03	 1.74889109E-04	 2.59081427E-04	-4.63981154E-04	-5.33755629E-03	 1.23762011E-02	-3.11452648E-03	-2.69663042E-03	-1.33547798E-02	-6.79602108E-03	-6.22856084E-03
 2.420000E-01	 2.74114443E-05	-5.66506489E-05	-2.46299723E-04	-3.76352263E-03	 1.93708050E-03	-2.41735464E-02	-1.49523639E-02	-1.55809904E-02	-5.76857691E-03	-2.36634225E-03	 1.68512164E-04	 2.43443730E-04	-4.29754531E-04	-4.96683853E-03	 1.16934034E-02	-2.72713240E-03	-2.36788184E-03	-1.26662026E-02	-6.55052974E-03	-6.12451722E-03
 2.430000E-01	 3.18857946E-05	-5.02912800E-05	-2.50393615E-04	-3.66738183E-03	 2.05302858E-03	-2.29275377E-02	-1.43810958E-02	-1.51981135E-02	-5.78144340E-03	-2.48115720E-03	 1.62427513E-04	 2.28896578E-04	-3.97678779E-04	-4.62190038E-03	 1.10495248E-02	-2.37719596E-03	-2.06590508E-03	-1.20097695E-02	-6.30900812E-03	-6.01413043E-03
 2.440000E-01	 3.59468241E-05	-4.45112319E-05	-2.53150092E-04	-3.56992363E-03	 2.14827758E-03	-2.17481865E-02	-1.38271934E-02	-1.48138924E-02	-5.78194337E-03	-2.58519744E-03	 1.56624847E-04	 2.15353943E-04	-3.67632370E-04	-4.30085321E-03	 1.04423355E-02	-2.06126475E-03	-1.78877974E-03	-1.13843336E-02	-6.07194883E-03	-5.89834664E-03
 2.450000E-01	 3.96340945E-05	-3.92529645E-05	-2.54744551E-04	-3.47175843E-03	 2.22516135E-03	-2.06319355E-02	-1.32906696E-02	-1.44296143E-02	-5.77111477E-03	-2.67889824E-03	 1.51094451E-04	 2.02740638E-04	-3.39500060E-04	-4.00197247E-03	 9.86972771E-03	-1.77621558E-03	-1.53471232E-03	-1.07887415E-02	-5.83976002E-03	-5.77803460E-03
 2.460000E-01	 4.29846520E-05	-3.44625509E-05	-2.55335335E-04	-3.37341619E-03	 2.28574370E-03	-1.95753989E-02	-1.27714328E-02	-1.40464105E-02	-5.74993192E-03	-2.76270219E-03	 1.45826923E-04	 1.90993160E-04	-3.13170327E-04	-3.72369200E-03	 9.32971038E-03	-1.51922533E-03	-1.30202949E-03	-1.02218400E-02	-5.61277267E-03	-5.65398897E-03
 2.470000E-01	 4.60324612E-05	-3.00910528E-05	-2.55062846E-04	-3.27534965E-03	 2.33186607E-03	-1.85753596E-02	-1.22693267E-02	-1.36652832E-02	-5.71931306E-03	-2.83705682E-03	 1.40812465E-04	 1.80054146E-04	-2.88534802E-04	-3.46456644E-03	 8.82040519E-03	-1.28772866E-03	-1.08917121E-03	-9.68248732E-03	-5.39125404E-03	-5.52693642E-03
 2.480000E-01	 4.88079215E-05	-2.60957245E-05	-2.54048894E-04	-3.17793878E-03	 2.36519536E-03	-1.76287640E-02	-1.17841612E-02	-1.32871286E-02	-5.68012752E-03	-2.90241294E-03	 1.36040725E-04	 1.69866892E-04	-2.65490451E-04	-3.22323649E-03	 8.34004014E-03	-1.07938210E-03	-8.94682631E-04	-9.16956167E-03	-5.17541915E-03	-5.39754153E-03
 2.490000E-01	 5.13385846E-05	-2.24388399E-05	-2.52400530E-04	-3.08150224E-03	 2.38724209E-03	-1.67327129E-02	-1.13157095E-02	-1.29127403E-02	-5.63319463E-03	-2.95922070E-03	 1.31501104E-04	 1.60376342E-04	-2.43939938E-04	-2.99842841E-03	 7.88693751E-03	-8.92048179E-04	-7.17206018E-04	-8.68196224E-03	-4.96543463E-03	-5.26640993E-03
 2.500000E-01	 5.36497974E-05	-1.90865554E-05	-2.50213440E-04	-2.98630698E-03	 2.39936678E-03	-1.58844566E-02	-1.08637036E-02	-1.25428121E-02	-5.57928296E-03	-3.00792633E-03	 1.27182980E-04	 1.51531285E-04	-2.23790719E-04	-2.78896048E-03	 7.45950834E-03	-7.23784025E-04	-5.55474879E-04	-8.21861081E-03	-4.76142208E-03	-5.13409152E-03
 2.510000E-01	 5.57648709E-05	-1.60081651E-05	-2.47572998E-04	-2.89257627E-03	 2.40279114E-03	-1.50813900E-02	-1.04278392E-02	-1.21779466E-02	-5.51911188E-03	-3.04896973E-03	 1.23075815E-04	 1.43285192E-04	-2.04954437E-04	-2.59374292E-03	 7.05625101E-03	-5.72824700E-04	-4.08308963E-04	-7.77845443E-03	-4.56346288E-03	-5.00108415E-03
 2.520000E-01	 5.77049196E-05	-1.31758182E-05	-2.44553832E-04	-2.80049386E-03	 2.39860540E-03	-1.43210465E-02	-1.00077809E-02	-1.18186628E-02	-5.45335366E-03	-3.08278270E-03	 1.19169330E-04	 1.35595879E-04	-1.87347417E-04	-2.41177134E-03	 6.67575185E-03	-4.37567743E-04	-2.74609804E-04	-7.36046784E-03	-4.37160286E-03	-4.86783716E-03
 2.530000E-01	 5.94888840E-05	-1.05643438E-05	-2.41220344E-04	-2.71020786E-03	 2.38777807E-03	-1.36010926E-02	-9.60316860E-03	-1.14654039E-02	-5.38263558E-03	-3.10978729E-03	 1.15453590E-04	 1.28424643E-04	-1.70891152E-04	-2.24211742E-03	 6.31668280E-03	-3.16558223E-04	-1.53355922E-04	-6.96365529E-03	-4.18585664E-03	-4.73475476E-03
 2.540000E-01	 6.11338667E-05	-8.15086422E-06	-2.37628587E-04	-2.62183677E-03	 2.37117317E-03	-1.29193203E-02	-9.21362356E-03	-1.11185454E-02	-5.30754226E-03	-3.13039465E-03	 1.11918886E-04	 1.21735506E-04	-1.55511657E-04	-2.08392009E-03	 5.97779321E-03	-2.08473413E-04	-4.35972048E-05	-6.58705196E-03	-4.00621186E-03	-4.60219935E-03
 2.550000E-01	 6.26551785E-05	-5.91410121E-06	-2.33826305E-04	-2.53547683E-03	 2.34956527E-03	-1.22736346E-02	-8.83875562E-03	-1.07784022E-02	-5.22861837E-03	-3.14500379E-03	 1.08555488E-04	 1.15494327E-04	-1.41138279E-04	-1.93637633E-03	 5.65789810E-03	-1.12107740E-04	 5.55506584E-05	-6.22972425E-03	-3.83263320E-03	-4.47049439E-03
 2.560000E-01	 6.40664013E-05	-3.83362220E-06	-2.29852944E-04	-2.45120815E-03	 2.32364804E-03	-1.16620385E-02	-8.47816400E-03	-1.04452327E-02	-5.14636973E-03	-3.15399975E-03	 1.05353546E-04	 1.09668924E-04	-1.27702530E-04	-1.79873793E-03	 5.35586846E-03	-2.63605334E-05	 1.44910986E-04	-5.89076861E-03	-3.66506496E-03	-4.33992631E-03
 2.570000E-01	 6.53797363E-05	-1.89122062E-06	-2.25742647E-04	-2.36908889E-03	 2.29403985E-03	-1.10826460E-02	-8.13143938E-03	-1.01192438E-02	-5.06126499E-03	-3.15775415E-03	 1.02303608E-04	 1.04229608E-04	-1.15140055E-04	-1.67031264E-03	 5.07064276E-03	 4.97674462E-05	 2.25248654E-04	-5.56931417E-03	-3.50343353E-03	-4.21074847E-03
 2.580000E-01	 6.66063928E-05	-7.15276641E-08	-2.21526927E-04	-2.28915341E-03	 2.26128970E-03	-1.05336908E-02	-7.79816667E-03	-9.80059754E-03	-4.97373752E-03	-3.15662569E-03	 9.93971177E-05	 9.91496530E-05	-1.03392547E-04	-1.55046497E-03	 4.80123695E-03	 1.17179502E-04	 2.97272299E-04	-5.26452492E-03	-3.34764984E-03	-4.08318488E-03
 2.590000E-01	 6.77566904E-05	 1.63938523E-06	-2.17234320E-04	-2.21142116E-03	 2.22588429E-03	-1.00135100E-02	-7.47792627E-03	-9.48941342E-03	-4.88418667E-03	-3.15095887E-03	 9.66262212E-05	 9.44052379E-05	-9.24063810E-05	-1.43861212E-03	 4.54673440E-03	 1.76695364E-04	 3.61638419E-04	-4.97559792E-03	-3.19761135E-03	-3.95743155E-03
 2.600000E-01	 6.88399693E-05	 3.25428267E-06	-2.12889751E-04	-2.13590008E-03	 2.18825644E-03	-9.52053315E-03	-7.17029873E-03	-9.18577447E-03	-4.79298048E-03	-3.14108371E-03	 9.39835075E-05	 8.99744226E-05	-8.21315854E-05	-1.33421482E-03	 4.30627681E-03	 2.29060731E-04	 4.18955714E-04	-4.70176251E-03	-3.05320478E-03	-3.83365867E-03
 2.610000E-01	 6.98646156E-05	 4.78465168E-06	-2.08514762E-04	-2.06258713E-03	 2.14879079E-03	-9.05327679E-03	-6.87486723E-03	-8.88973141E-03	-4.70045774E-03	-3.12731577E-03	 9.14619132E-05	 8.58364384E-05	-7.25215599E-05	-1.23677035E-03	 4.07905843E-03	 2.74953938E-04	 4.69788765E-04	-4.44227976E-03	-2.91430808E-03	-3.71201285E-03
 2.620000E-01	 7.08382287E-05	 6.24080560E-06	-2.04128295E-04	-1.99147014E-03	 2.10783040E-03	-8.61033943E-03	-6.59121937E-03	-8.60130627E-03	-4.60692973E-03	-3.10995625E-03	 8.90546563E-05	 8.19715971E-05	-6.35325266E-05	-1.14580974E-03	 3.86432052E-03	 3.14992505E-04	 5.14661487E-04	-4.19644176E-03	-2.78079215E-03	-3.59261909E-03
 2.630000E-01	 7.17677197E-05	 7.63200794E-06	-1.99747089E-04	-1.92252931E-03	 2.06568207E-03	-8.19039714E-03	-6.31894842E-03	-8.32049554E-03	-4.51268190E-03	-3.08929208E-03	 8.67551746E-05	 7.83614449E-05	-5.51228904E-05	-1.06089647E-03	 3.66134731E-03	 3.49738735E-04	 5.54060125E-04	-3.96357094E-03	-2.65252228E-03	-3.47558272E-03
 2.640000E-01	 7.26591898E-05	 8.96627208E-06	-1.95385175E-04	-1.85573652E-03	 2.02261994E-03	-7.79219920E-03	-6.05765588E-03	-8.04727401E-03	-4.41797629E-03	-3.06559642E-03	 8.45571081E-05	 7.49884443E-05	-4.72531902E-05	-9.81622663E-04	 3.46946324E-03	 3.79704877E-04	 5.88435934E-04	-3.74301916E-03	-2.52935973E-03	-3.36099118E-03
 2.650000E-01	 7.35177352E-05	 1.02498025E-05	-1.91053237E-04	-1.79105404E-03	 1.97889282E-03	-7.41456498E-03	-5.80695650E-03	-7.78160061E-03	-4.32305515E-03	-3.03912998E-03	 8.24544116E-05	 7.18350991E-05	-3.98870856E-05	-9.07602947E-04	 3.28803101E-03	 4.05358942E-04	 6.18208105E-04	-3.53416736E-03	-2.41116379E-03	-3.24891624E-03
 2.660000E-01	 7.43475882E-05	 1.14871201E-05	-1.86759240E-04	-1.72843653E-03	 1.93472675E-03	-7.05638116E-03	-5.56647698E-03	-7.52341971E-03	-4.22814189E-03	-3.01014128E-03	 8.04415312E-05	 6.88838679E-05	-3.29920896E-05	-8.38472812E-04	 3.11644994E-03	 4.27127682E-04	 6.43765816E-04	-3.33642472E-03	-2.29779241E-03	-3.13941550E-03
 2.670000E-01	 7.51526525E-05	 1.26822913E-05	-1.82510362E-04	-1.66783650E-03	 1.89031841E-03	-6.71659610E-03	-5.33584649E-03	-7.27265631E-03	-4.13343812E-03	-2.97886506E-03	 7.85133643E-05	 6.61185948E-05	-2.65381863E-05	-7.73894658E-04	 2.95415360E-03	 4.45396943E-04	 6.65469071E-04	-3.14922672E-03	-2.18910100E-03	-3.03253254E-03
 2.680000E-01	 7.59367158E-05	 1.38394515E-05	-1.78313699E-04	-1.60920633E-03	 1.84583367E-03	-6.39421668E-03	-5.11469531E-03	-7.02921665E-03	-4.03912384E-03	-2.94552205E-03	 7.66651580E-05	 6.35252651E-05	-2.04966608E-05	-7.13560310E-04	 2.80060975E-03	 4.60514421E-04	 6.83649993E-04	-2.97203432E-03	-2.08494275E-03	-2.92829798E-03
 2.690000E-01	 7.67032786E-05	 1.49625189E-05	-1.74175494E-04	-1.55249764E-03	 1.80141432E-03	-6.08830600E-03	-4.90266093E-03	-6.79299390E-03	-3.94536081E-03	-2.91032025E-03	 7.48925136E-05	 6.10914163E-05	-1.48404248E-05	-6.57186669E-04	 2.65532023E-03	 4.72795094E-04	 6.98615083E-04	-2.80433385E-03	-1.98517045E-03	-2.82673123E-03
 2.700000E-01	 7.74554875E-05	 1.60550847E-05	-1.70100789E-04	-1.49766136E-03	 1.75718359E-03	-5.79797938E-03	-4.69939092E-03	-6.56387130E-03	-3.85229464E-03	-2.87345563E-03	 7.31913722E-05	 5.88055904E-05	-9.54425320E-06	-6.04511403E-04	 2.51781793E-03	 4.82525449E-04	 7.10647464E-04	-2.64563612E-03	-1.88963758E-03	-2.72784177E-03
 2.710000E-01	 7.81961814E-05	 1.71203776E-05	-1.66093643E-04	-1.44464774E-03	 1.71324891E-03	-5.52240138E-03	-4.50454330E-03	-6.34172376E-03	-3.76005599E-03	-2.83511260E-03	 7.15579793E-05	 5.66571269E-05	-4.58469819E-06	-5.55290495E-04	 2.38766402E-03	 4.89966113E-04	 7.20008732E-04	-2.49547546E-03	-1.79819887E-03	-2.63163019E-03
 2.720000E-01	 7.89279317E-05	 1.81612830E-05	-1.62157295E-04	-1.39340668E-03	 1.66970384E-03	-5.26078291E-03	-4.31778667E-03	-6.12641922E-03	-3.66876162E-03	-2.79546443E-03	 6.99888693E-05	 5.46361072E-05	 6.00184051E-08	-5.09296868E-04	 2.26444590E-03	 4.95354194E-04	 7.26940538E-04	-2.35340878E-03	-1.71071075E-03	-2.53808913E-03
 2.730000E-01	 7.96531161E-05	 1.91803836E-05	-1.58294479E-04	-1.34388805E-03	 1.62662936E-03	-5.01237897E-03	-4.13879974E-03	-5.91781948E-03	-3.57851511E-03	-2.75467358E-03	 6.84808696E-05	 5.27334479E-05	 4.41012483E-06	-4.66320067E-04	 2.14777629E-03	 4.98905263E-04	 7.31665896E-04	-2.21901471E-03	-1.62703165E-03	-2.44720413E-03
 2.740000E-01	 8.03741153E-05	 2.01799074E-05	-1.54508433E-04	-1.29604128E-03	 1.58409442E-03	-4.77648844E-03	-3.96727038E-03	-5.71578082E-03	-3.48940729E-03	-2.71289219E-03	 6.70311015E-05	 5.09411603E-05	 8.48452145E-06	-4.26166858E-04	 2.03729399E-03	 5.00814708E-04	 7.34390246E-04	-2.09189299E-03	-1.54702206E-03	-2.35895452E-03
 2.750000E-01	 8.10934387E-05	 2.11617326E-05	-1.50803441E-04	-1.24981520E-03	 1.54215765E-03	-4.55245351E-03	-3.80289654E-03	-5.52015583E-03	-3.40151754E-03	-2.67026286E-03	 6.56369479E-05	 4.92523934E-05	 1.23009742E-05	-3.88660540E-04	 1.93266362E-03	 5.01259825E-04	 7.35302853E-04	-1.97166393E-03	-1.47054501E-03	-2.27331443E-03
 2.760000E-01	 8.18134783E-05	 2.21279390E-05	-1.47183112E-04	-1.20516087E-03	 1.50086887E-03	-4.33965092E-03	-3.64538752E-03	-5.33079477E-03	-3.31491526E-03	-2.62691864E-03	 6.42959124E-05	 4.76609803E-05	 1.58765490E-05	-3.53637333E-04	 1.83356891E-03	 5.00403023E-04	 7.34578520E-04	-1.85796666E-03	-1.39746657E-03	-2.19025303E-03
 2.770000E-01	 8.25362486E-05	 2.30808797E-05	-1.43649033E-04	-1.16203239E-03	 1.46027066E-03	-4.13748634E-03	-3.49446452E-03	-5.14754670E-03	-3.22966126E-03	-2.58298342E-03	 6.30055342E-05	 4.61608355E-05	 1.92276312E-05	-3.20942070E-04	 1.73970748E-03	 4.98393333E-04	 7.32379034E-04	-1.75045772E-03	-1.32765625E-03	-2.10973492E-03
 2.780000E-01	 8.32634684E-05	 2.40227101E-05	-1.40201548E-04	-1.12038469E-03	 1.42039981E-03	-3.94539644E-03	-3.34986005E-03	-4.97026018E-03	-3.14580842E-03	-2.53857274E-03	 6.17634392E-05	 4.47458355E-05	 2.23695475E-05	-2.90426999E-04	 1.65079174E-03	 4.95366334E-04	 7.28854027E-04	-1.64881063E-03	-1.26098707E-03	-2.03172105E-03
 2.790000E-01	 8.39967080E-05	 2.49554158E-05	-1.36840517E-04	-1.08017351E-03	 1.38128724E-03	-3.76284882E-03	-3.21131645E-03	-4.79878310E-03	-3.06340175E-03	-2.49379415E-03	 6.05673796E-05	 4.34100975E-05	 2.53165758E-05	-2.61952914E-04	 1.56654929E-03	 4.91444831E-04	 7.24141538E-04	-1.55271534E-03	-1.19733539E-03	-1.95616925E-03
 2.800000E-01	 8.47374368E-05	 2.58810638E-05	-1.33565383E-04	-1.04135692E-03	 1.34295908E-03	-3.58934023E-03	-3.07858549E-03	-4.63296305E-03	-2.98247890E-03	-2.44874754E-03	 5.94152616E-05	 4.21482713E-05	 2.80820600E-05	-2.35390494E-04	 1.48672248E-03	 4.86740225E-04	 7.18368777E-04	-1.46187753E-03	-1.13658100E-03	-1.88303464E-03
 2.810000E-01	 8.54870185E-05	 2.68020311E-05	-1.30374956E-04	-1.00389675E-03	 1.30543824E-03	-3.42439482E-03	-2.95142821E-03	-4.47264788E-03	-2.90307075E-03	-2.40352554E-03	 5.83051568E-05	 4.09558736E-05	 3.06786420E-05	-2.10621858E-04	 1.41106776E-03	 4.81353933E-04	 7.11652909E-04	-1.37601795E-03	-1.07860711E-03	-1.81227005E-03
 2.820000E-01	 8.62466553E-05	 2.77208734E-05	-1.27267280E-04	-9.67757313E-04	 1.26874332E-03	-3.26756346E-03	-2.82961407E-03	-4.31768563E-03	-2.82520162E-03	-2.35821377E-03	 5.72353255E-05	 3.98290882E-05	 3.31180198E-05	-1.87538846E-04	 1.33935676E-03	 4.75377490E-04	 7.04101338E-04	-1.29487176E-03	-1.02330034E-03	-1.74382643E-03
 2.830000E-01	 8.70174930E-05	 2.86402223E-05	-1.24240352E-04	-9.32904020E-04	 1.23288570E-03	-3.11842273E-03	-2.71291858E-03	-4.16792323E-03	-2.74888852E-03	-2.31289058E-03	 5.62041303E-05	 3.87645610E-05	 3.54112065E-05	-1.66041215E-04	 1.27137670E-03	 4.68892191E-04	 6.95811688E-04	-1.21818789E-03	-9.70550254E-04	-1.67765290E-03
 2.840000E-01	 8.78006780E-05	 2.95628152E-05	-1.21292498E-04	-8.99303095E-04	 1.19786910E-03	-2.97657246E-03	-2.60112238E-03	-4.02320613E-03	-2.67414106E-03	-2.26762700E-03	 5.52098794E-05	 3.77594592E-05	 3.75693362E-05	-1.46036415E-04	 1.20692803E-03	 4.61969950E-04	 6.86872404E-04	-1.14572822E-03	-9.20249358E-04	-1.61369694E-03
 2.850000E-01	 8.85970928E-05	 3.04909139E-05	-1.18421325E-04	-8.66919523E-04	 1.16369509E-03	-2.84163497E-03	-2.49401599E-03	-3.88338269E-03	-2.60096488E-03	-2.22248850E-03	 5.42509403E-05	 3.68109297E-05	 3.96027212E-05	-1.27436184E-04	 1.14582270E-03	 4.54675521E-04	 6.77364564E-04	-1.07726710E-03	-8.72294008E-04	-1.55190524E-03
 2.860000E-01	 8.94072124E-05	 3.14259781E-05	-1.15623100E-04	-8.35716137E-04	 1.13036713E-03	-2.71325364E-03	-2.39140255E-03	-3.74830680E-03	-2.52936385E-03	-2.17753632E-03	 5.33258877E-05	 3.59156997E-05	 4.15198675E-05	-1.10154208E-04	 1.08788210E-03	 4.47068444E-04	 6.67363430E-04	-1.01259072E-03	-8.26584908E-04	-1.49222441E-03
 2.870000E-01	 9.02312486E-05	 3.23689282E-05	-1.12893411E-04	-8.05654522E-04	 1.09788803E-03	-2.59109070E-03	-2.29309477E-03	-3.61783591E-03	-2.45933898E-03	-2.13282688E-03	 5.24334349E-05	 3.50703410E-05	 4.33280530E-05	-9.41073755E-05	 1.03293574E-03	 4.39203157E-04	 6.56938561E-04	-9.51496284E-04	-7.83026548E-04	-1.43460071E-03
 2.880000E-01	 9.10692724E-05	 3.33202405E-05	-1.10227798E-04	-7.76695141E-04	 1.06625783E-03	-2.47482669E-03	-2.19891295E-03	-3.49182997E-03	-2.39088789E-03	-2.08841181E-03	 5.15723709E-05	 3.42715688E-05	 4.50339183E-05	-7.92172548E-05	 9.80821909E-04	 4.31128817E-04	 6.46153776E-04	-8.93791605E-04	-7.41526833E-04	-1.37898020E-03
 2.890000E-01	 9.19212298E-05	 3.42798723E-05	-1.07621926E-04	-7.48796695E-04	 1.03547316E-03	-2.36415976E-03	-2.10868443E-03	-3.37015135E-03	-2.32400504E-03	-2.04433812E-03	 5.07415311E-05	 3.35162584E-05	 4.66436811E-05	-6.54100122E-05	 9.31387989E-04	 4.22889588E-04	 6.35067380E-04	-8.39294552E-04	-7.01996974E-04	-1.32530887E-03
 2.900000E-01	 9.27869612E-05	 3.52470217E-05	-1.05071904E-04	-7.21914462E-04	 1.00552640E-03	-2.25880495E-03	-2.02224329E-03	-3.25266501E-03	-2.25868207E-03	-2.00064857E-03	 4.99397463E-05	 3.28011001E-05	 4.81631302E-05	-5.26140694E-05	 8.84490101E-04	 4.14524634E-04	 6.23732501E-04	-7.87832501E-04	-6.64351405E-04	-1.27353283E-03
 2.910000E-01	 9.36661881E-05	 3.62199546E-05	-1.02574330E-04	-6.95999450E-04	 9.76405805E-04	-2.15849264E-03	-1.93943105E-03	-3.13923929E-03	-2.19490875E-03	-1.95738216E-03	 4.91658615E-05	 3.21219721E-05	 4.95970194E-05	-4.07561429E-05	 8.39991615E-04	 4.06068206E-04	 6.12197673E-04	-7.39241658E-04	-6.28507866E-04	-1.22359852E-03
 2.920000E-01	 9.45584918E-05	 3.71965793E-05	-1.00125659E-04	-6.71002720E-04	 9.48098197E-04	-2.06296465E-03	-1.86009777E-03	-3.02974718E-03	-2.13267422E-03	-1.91457451E-03	 4.84188206E-05	 3.14742751E-05	 5.09490120E-05	-2.97635281E-05	 7.97759842E-04	 3.97551677E-04	 6.00507977E-04	-6.93366385E-04	-5.94387613E-04	-1.17545278E-03
 2.930000E-01	 9.54634539E-05	 3.81751088E-05	-9.77223738E-05	-6.46879608E-04	 9.20590337E-04	-1.97197341E-03	-1.78410067E-03	-2.92406549E-03	-2.07196639E-03	-1.87225786E-03	 4.76976581E-05	 3.08538555E-05	 5.22225606E-05	-1.95698244E-05	 7.57666329E-04	 3.89004582E-04	 5.88705291E-04	-6.50058973E-04	-5.61915120E-04	-1.12904285E-03
 2.940000E-01	 9.63809547E-05	 3.91540535E-05	-9.53625514E-05	-6.23588916E-04	 8.93866987E-04	-1.88528562E-03	-1.71130115E-03	-2.82207277E-03	-2.01277032E-03	-1.83046087E-03	 4.70013935E-05	 3.02574004E-05	 5.34217201E-05	-1.01168519E-05	 7.19591617E-04	 3.80453248E-04	 5.76827378E-04	-6.09179842E-04	-5.31017460E-04	-1.08431655E-03
 2.950000E-01	 9.73112296E-05	 4.01321978E-05	-9.30461650E-05	-6.01092216E-04	 8.67910267E-04	-1.80268294E-03	-1.64156391E-03	-2.72364880E-03	-1.95506782E-03	-1.78920869E-03	 4.63289912E-05	 2.96824607E-05	 5.45513365E-05	-1.35431783E-06	 6.83426684E-04	 3.71920512E-04	 5.64907618E-04	-5.70597309E-04	-5.01624140E-04	-1.04122242E-03
 2.960000E-01	 9.82546511E-05	 4.11086260E-05	-9.07738745E-05	-5.79354061E-04	 8.42701116E-04	-1.72395942E-03	-1.57475827E-03	-2.62867562E-03	-1.89883861E-03	-1.74852337E-03	 4.56794175E-05	 2.91271204E-05	 5.56164877E-05	 6.76240119E-06	 6.49070823E-04	 3.63426419E-04	 5.52975685E-04	-5.34186907E-04	-4.73667303E-04	-9.99709677E-04
 2.970000E-01	 9.92116115E-05	 4.20826623E-05	-8.85464107E-05	-5.58341816E-04	 8.18220523E-04	-1.64892009E-03	-1.51075899E-03	-2.53703835E-03	-1.84406111E-03	-1.70842419E-03	 4.50516702E-05	 2.85897082E-05	 5.66220851E-05	 1.42742344E-05	 6.16429737E-04	 3.54988682E-04	 5.41058217E-04	-4.99830836E-04	-4.47081826E-04	-9.59728435E-04
 2.980000E-01	 1.00182506E-04	 4.30538607E-05	-8.63644942E-05	-5.38025577E-04	 7.94449857E-04	-1.57738021E-03	-1.44944614E-03	-2.44862525E-03	-1.79071268E-03	-1.66892791E-03	 4.44447760E-05	 2.80687056E-05	 5.75727935E-05	 2.12192264E-05	 5.85414524E-04	 3.46622876E-04	 5.29179184E-04	-4.67417580E-04	-4.21805265E-04	-9.21229699E-04
 2.990000E-01	 1.01167717E-04	 4.40220888E-05	-8.42286905E-05	-5.18378631E-04	 7.71371295E-04	-1.50916461E-03	-1.39070501E-03	-2.36332772E-03	-1.73876976E-03	-1.63004889E-03	 4.38578101E-05	 2.75627960E-05	 5.84729682E-05	 2.76324398E-05	 5.55941047E-04	 3.38342730E-04	 5.17360168E-04	-4.36841573E-04	-3.97777776E-04	-8.84165444E-04
 3.000000E-01	 1.02167571E-04	 4.49876778E-05	-8.21390085E-05	-4.99378479E-04	 7.48968887E-04	-1.44410694E-03	-1.33442616E-03	-2.28104065E-03	-1.68820828E-03	-1.59179947E-03	 4.32899589E-05	 2.70710908E-05	 5.93265373E-05	 3.35447766E-05	 5.27929389E-04	 3.30160688E-04	 5.05620728E-04	-4.08002892E-04	-3.74942097E-04	-8.48488674E-04
 3.010000E-01	 1.03182247E-04	 4.59514475E-05	-8.00943251E-05	-4.81007281E-04	 7.27229725E-04	-1.38204959E-03	-1.28050545E-03	-2.20166260E-03	-1.63900401E-03	-1.55419025E-03	 4.27406073E-05	 2.65933887E-05	 6.01368113E-05	 3.89817297E-05	 5.01303649E-04	 3.22088392E-04	 4.93978697E-04	-3.80807028E-04	-3.53243515E-04	-8.14153535E-04
 3.020000E-01	 1.04211665E-04	 4.69142778E-05	-7.80923086E-05	-4.63248838E-04	 7.06142018E-04	-1.32284393E-03	-1.22884308E-03	-2.12509495E-03	-1.59113217E-03	-1.51723006E-03	 4.22093285E-05	 2.61296473E-05	 6.09060769E-05	 4.39670574E-05	 4.75992177E-04	 3.14135657E-04	 4.82449815E-04	-3.55164550E-04	-3.32629658E-04	-7.81115249E-04
 3.030000E-01	 1.05255518E-04	 4.78767255E-05	-7.61301024E-05	-4.46085552E-04	 6.85692957E-04	-1.26634994E-03	-1.17934265E-03	-2.05124109E-03	-1.54456684E-03	-1.48092559E-03	 4.16957820E-05	 2.56794599E-05	 6.16356484E-05	 4.85260659E-05	 4.51927289E-04	 3.06309796E-04	 4.71047587E-04	-3.30990767E-04	-3.13050245E-04	-7.49330015E-04
 3.040000E-01	 1.06313386E-04	 4.88390892E-05	-7.42048757E-05	-4.29498793E-04	 6.65869121E-04	-1.21243529E-03	-1.13191163E-03	-1.98000697E-03	-1.49928151E-03	-1.44528175E-03	 4.11996735E-05	 2.52422980E-05	 6.23263561E-05	 5.26840055E-05	 4.29044590E-04	 2.98616583E-04	 4.59783826E-04	-3.08205517E-04	-2.94457108E-04	-7.18755085E-04
 3.050000E-01	 1.07384772E-04	 4.98015509E-05	-7.23138573E-05	-4.13469883E-04	 6.46656913E-04	-1.16097454E-03	-1.08646141E-03	-1.91130142E-03	-1.45524941E-03	-1.41030194E-03	 4.07207642E-05	 2.48176950E-05	 6.29787089E-05	 5.64648783E-05	 4.07282737E-04	 2.91060828E-04	 4.48668949E-04	-2.86732939E-04	-2.76804169E-04	-6.89348807E-04
 3.060000E-01	 1.08469112E-04	 5.07642653E-05	-7.04543102E-05	-3.97980706E-04	 6.28042743E-04	-1.11184861E-03	-1.04290724E-03	-1.84503620E-03	-1.41244363E-03	-1.37598812E-03	 4.02588762E-05	 2.44053160E-05	 6.35929498E-05	 5.98910276E-05	 3.86583423E-04	 2.83646556E-04	 4.37712097E-04	-2.66501251E-04	-2.60047373E-04	-6.61070622E-04
 3.070000E-01	 1.09565781E-04	 5.17274043E-05	-6.86235454E-05	-3.83014050E-04	 6.10013147E-04	-1.06494438E-03	-1.00116796E-03	-1.78112584E-03	-1.37083718E-03	-1.34234096E-03	 3.98138902E-05	 2.40050149E-05	 6.41691490E-05	 6.29828124E-05	 3.66891547E-04	 2.76377132E-04	 4.26921180E-04	-2.47442569E-04	-2.44144594E-04	-6.33881067E-04
 3.080000E-01	 1.10674171E-04	 5.26911642E-05	-6.68193306E-05	-3.68553548E-04	 5.92554335E-04	-1.02015491E-03	-9.61165237E-04	-1.71948706E-03	-1.33040248E-03	-1.30935971E-03	 3.93856657E-05	 2.36169362E-05	 6.47077289E-05	 6.57579343E-05	 3.48155999E-04	 2.69255266E-04	 4.16302713E-04	-2.29492854E-04	-2.29055476E-04	-6.07741752E-04
 3.090000E-01	 1.11793779E-04	 5.36557813E-05	-6.50404585E-05	-3.54583243E-04	 5.75651557E-04	-9.77379669E-04	-9.22823019E-04	-1.66003833E-03	-1.29111099E-03	-1.27704212E-03	 3.89738892E-05	 2.32415829E-05	 6.52102920E-05	 6.82309492E-05	 3.30330193E-04	 2.62283038E-04	 4.05861749E-04	-2.12591830E-04	-2.14741290E-04	-5.82615359E-04
 3.100000E-01	 1.12924106E-04	 5.46215123E-05	-6.32862082E-05	-3.41087093E-04	 5.59289737E-04	-9.36523404E-04	-8.86068501E-04	-1.60270062E-03	-1.25293403E-03	-1.24538477E-03	 3.85780788E-05	 2.28795697E-05	 6.56793434E-05	 7.04147842E-05	 3.13370510E-04	 2.55462094E-04	 3.95602417E-04	-1.96682517E-04	-2.01164981E-04	-5.58465639E-04
 3.110000E-01	 1.14064472E-04	 5.55884870E-05	-6.15553659E-05	-3.28048541E-04	 5.43454458E-04	-8.97494595E-04	-8.50833426E-04	-1.54739864E-03	-1.21584415E-03	-1.21438363E-03	 3.81977551E-05	 2.25312166E-05	 6.61170364E-05	 7.23234305E-05	 2.97234332E-04	 2.48793670E-04	 3.85528537E-04	-1.81710663E-04	-1.88291306E-04	-5.35257443E-04
 3.120000E-01	 1.15214030E-04	 5.65567482E-05	-5.98462326E-05	-3.15451340E-04	 5.28132078E-04	-8.60205215E-04	-8.17053531E-04	-1.49406053E-03	-1.17981510E-03	-1.18403418E-03	 3.78324964E-05	 2.21966977E-05	 6.65250115E-05	 7.39711094E-05	 2.81879960E-04	 2.42278703E-04	 3.75643637E-04	-1.67624657E-04	-1.76086740E-04	-5.12956713E-04
 3.130000E-01	 1.16371849E-04	 5.75264119E-05	-5.81569584E-05	-3.03280548E-04	 5.13309375E-04	-8.24571112E-04	-7.84667467E-04	-1.44261710E-03	-1.14482112E-03	-1.15433125E-03	 3.74818876E-05	 2.18764038E-05	 6.69049888E-05	 7.53700379E-05	 2.67267599E-04	 2.35917958E-04	 3.65950668E-04	-1.54375607E-04	-1.64519289E-04	-4.91530427E-04
 3.140000E-01	 1.17536907E-04	 5.84976398E-05	-5.64855620E-05	-2.91522187E-04	 4.98973399E-04	-7.90512280E-04	-7.53616450E-04	-1.39300147E-03	-1.11083673E-03	-1.12526899E-03	 3.71455019E-05	 2.15709541E-05	 6.72588778E-05	 7.65304325E-05	 2.53359922E-04	 2.29711891E-04	 3.56451871E-04	-1.41917269E-04	-1.53558388E-04	-4.70946585E-04
 3.150000E-01	 1.18708066E-04	 5.94705558E-05	-5.48299056E-05	-2.80162655E-04	 4.85111441E-04	-7.57952804E-04	-7.23844172E-04	-1.34514898E-03	-1.07783678E-03	-1.09684094E-03	 3.68228943E-05	 2.12811366E-05	 6.75887513E-05	 7.74609501E-05	 2.40122043E-04	 2.23660606E-04	 3.47148799E-04	-1.30205907E-04	-1.43174835E-04	-4.51174188E-04
 3.160000E-01	 1.19883756E-04	 6.04450999E-05	-5.31876650E-05	-2.69188563E-04	 4.71710065E-04	-7.26821461E-04	-6.95298094E-04	-1.29899816E-03	-1.04579641E-03	-1.06903914E-03	 3.65135879E-05	 2.10079824E-05	 6.78969337E-05	 7.81692638E-05	 2.27521606E-04	 2.17763977E-04	 3.38042322E-04	-1.19200420E-04	-1.33341030E-04	-4.32183258E-04
 3.170000E-01	 1.21062497E-04	 6.14209372E-05	-5.15561766E-05	-2.58585662E-04	 4.58755259E-04	-6.97050953E-04	-6.67928097E-04	-1.25448960E-03	-1.01469083E-03	-1.04185488E-03	 3.62171336E-05	 2.07525010E-05	 6.81858057E-05	 7.86625875E-05	 2.15528636E-04	 2.12021319E-04	 3.29132567E-04	-1.08861964E-04	-1.24030684E-04	-4.13944788E-04
 3.180000E-01	 1.22243825E-04	 6.23974228E-05	-4.99325904E-05	-2.48337040E-04	 4.46234551E-04	-6.68576343E-04	-6.41683129E-04	-1.21156350E-03	-9.84495692E-04	-1.01528133E-03	 3.59331830E-05	 2.05152541E-05	 6.84573208E-05	 7.89478624E-05	 2.04115154E-04	 2.06430961E-04	 3.20419026E-04	-9.91531788E-05	-1.15218082E-04	-3.96430677E-04
 3.190000E-01	 1.23427529E-04	 6.33734924E-05	-4.83142944E-05	-2.38423458E-04	 4.34136513E-04	-6.41335939E-04	-6.16512899E-04	-1.17016116E-03	-9.55187287E-04	-9.89312621E-04	 3.56614077E-05	 2.02965948E-05	 6.87131009E-05	 7.90320691E-05	 1.93255036E-04	 2.00990650E-04	 3.11900731E-04	-9.00384806E-05	-1.06878383E-04	-3.79613750E-04
 3.200000E-01	 1.24613001E-04	 6.43476138E-05	-4.66991034E-05	-2.28824212E-04	 4.22448966E-04	-6.15272089E-04	-5.92370175E-04	-1.13022654E-03	-9.26742367E-04	-9.63941894E-04	 3.54014182E-05	 2.00968959E-05	 6.89548555E-05	 7.89226376E-05	 1.82923833E-04	 1.95697926E-04	 3.03576306E-04	-8.14844045E-05	-9.89880666E-05	-3.63467745E-04
 3.210000E-01	 1.25799548E-04	 6.53178360E-05	-4.50853299E-05	-2.19517143E-04	 4.11158955E-04	-5.90330601E-04	-5.69210203E-04	-1.09170585E-03	-8.99138007E-04	-9.39161571E-04	 3.51527654E-05	 1.99164048E-05	 6.91844718E-05	 7.86276644E-05	 1.73098548E-04	 1.90550021E-04	 2.95443990E-04	-7.34593931E-05	-9.15247873E-05	-3.47967280E-04
 3.220000E-01	 1.26986530E-04	 6.62819183E-05	-4.34718291E-05	-2.10479241E-04	 4.00252996E-04	-5.66460218E-04	-5.46990239E-04	-1.05454718E-03	-8.72351638E-04	-9.14963656E-04	 3.49149376E-05	 1.97552185E-05	 6.94040411E-05	 7.81557167E-05	 1.63757488E-04	 1.85543888E-04	 2.87501703E-04	-6.59336303E-05	-8.44672546E-05	-3.33087832E-04
 3.230000E-01	 1.28173381E-04	 6.72374730E-05	-4.18579331E-05	-2.01687480E-04	 3.89717238E-04	-5.43612278E-04	-5.25669510E-04	-1.01870060E-03	-8.46361143E-04	-8.91339808E-04	 3.46873716E-05	 1.96132881E-05	 6.96157848E-05	 7.75158087E-05	 1.54879982E-04	 1.80676268E-04	 2.79747133E-04	-5.88789191E-05	-7.77951928E-05	-3.18805706E-04
 3.240000E-01	 1.29359591E-04	 6.81820629E-05	-4.02431654E-05	-1.93119371E-04	 3.79537714E-04	-5.21740210E-04	-5.05209591E-04	-9.84118473E-04	-8.21145220E-04	-8.68281444E-04	 3.44695214E-05	 1.94903426E-05	 6.98215981E-05	 7.67180841E-05	 1.46445574E-04	 1.75943704E-04	 2.72177974E-04	-5.22684765E-05	-7.14893475E-05	-3.05098029E-04
 3.250000E-01	 1.30544716E-04	 6.91132622E-05	-3.86270834E-05	-1.84753571E-04	 3.69700282E-04	-5.00799290E-04	-4.85574953E-04	-9.50755836E-04	-7.96683398E-04	-8.45779395E-04	 3.42608859E-05	 1.93858534E-05	 7.00229210E-05	 7.57742063E-05	 1.38433421E-04	 1.71342622E-04	 2.64792112E-04	-4.60768546E-05	-6.55315513E-05	-2.91942751E-04
 3.260000E-01	 1.31728488E-04	 7.00286906E-05	-3.70098434E-05	-1.76570206E-04	 3.60190281E-04	-4.80747293E-04	-4.66732442E-04	-9.18569948E-04	-7.72955213E-04	-8.23823450E-04	 3.40608751E-05	 1.92990805E-05	 7.02215471E-05	 7.46967280E-05	 1.30823192E-04	 1.66869362E-04	 2.57587387E-04	-4.02801333E-05	-5.99046604E-05	-2.79318667E-04
 3.270000E-01	 1.32910894E-04	 7.09261215E-05	-3.53926798E-05	-1.68551102E-04	 3.50992549E-04	-4.61544771E-04	-4.48650126E-04	-8.87519438E-04	-7.49939904E-04	-8.02402726E-04	 3.38687077E-05	 1.92291183E-05	 7.04201605E-05	 7.34983616E-05	 1.23596222E-04	 1.62520146E-04	 2.50561267E-04	-3.48559527E-05	-5.45923714E-05	-2.67205400E-04
 3.280000E-01	 1.34092125E-04	 7.18036506E-05	-3.37775670E-05	-1.60680442E-04	 3.42091992E-04	-4.43154247E-04	-4.31296899E-04	-8.57564072E-04	-7.27616801E-04	-7.81506208E-04	 3.36834806E-05	 1.91748707E-05	 7.06218375E-05	 7.21920434E-05	 1.16735208E-04	 1.58291068E-04	 2.43710894E-04	-2.97832717E-05	-4.95791035E-05	-2.55583318E-04
 3.290000E-01	 1.35272528E-04	 7.26598409E-05	-3.21667775E-05	-1.52945576E-04	 3.33474162E-04	-4.25539558E-04	-4.14642727E-04	-8.28665002E-04	-7.05965736E-04	-7.61122971E-04	 3.35042671E-05	 1.91350347E-05	 7.08294583E-05	 7.07911876E-05	 1.10223443E-04	 1.54178151E-04	 2.37033313E-04	-2.50421630E-05	-4.48499880E-05	-2.44433501E-04
 3.300000E-01	 1.36452589E-04	 7.34938507E-05	-3.05626424E-05	-1.45337785E-04	 3.25125552E-04	-4.08665583E-04	-3.98658702E-04	-8.00784820E-04	-6.84967111E-04	-7.41242216E-04	 3.33301634E-05	 1.91081430E-05	 7.10454959E-05	 6.93095274E-05	 1.04044474E-04	 1.50177436E-04	 2.30525570E-04	-2.06137329E-05	-4.03908512E-05	-2.33737720E-04
 3.310000E-01	 1.37632916E-04	 7.43055224E-05	-2.89673707E-05	-1.37852711E-04	 3.17033751E-04	-3.92498166E-04	-3.83316968E-04	-7.73887473E-04	-6.64601850E-04	-7.21853250E-04	 3.31603100E-05	 1.90926061E-05	 7.12719589E-05	 6.77609023E-05	 9.81819635E-05	 1.46285043E-04	 2.24184733E-04	-1.64800806E-05	-3.61881856E-05	-2.23478414E-04
 3.320000E-01	 1.38814194E-04	 7.50952395E-05	-2.73831002E-05	-1.30489194E-04	 3.09187417E-04	-3.77004270E-04	-3.68590443E-04	-7.47937979E-04	-6.44851362E-04	-7.02945579E-04	 3.29939153E-05	 1.90865890E-05	 7.15101228E-05	 6.61600011E-05	 9.26196897E-05	 1.42496998E-04	 2.18007804E-04	-1.26242367E-05	-3.22290792E-05	-2.13638645E-04
 3.330000E-01	 1.39997157E-04	 7.58637825E-05	-2.58120129E-05	-1.23247899E-04	 3.01576331E-04	-3.62151938E-04	-3.54452433E-04	-7.22902133E-04	-6.25697771E-04	-6.84509189E-04	 3.28303228E-05	 1.90879351E-05	 7.17600620E-05	 6.45228849E-05	 8.73415142E-05	 1.38809111E-04	 2.11991635E-04	-9.03005670E-06	-2.85011247E-05	-2.04202030E-04
 3.340000E-01	 1.41182572E-04	 7.66123723E-05	-2.42562253E-05	-1.16131422E-04	 2.94191543E-04	-3.47910098E-04	-3.40876779E-04	-6.98746631E-04	-6.07124092E-04	-6.66534643E-04	 3.26690895E-05	 1.90943264E-05	 7.20204575E-05	 6.28662249E-05	 8.23311848E-05	 1.35217180E-04	 2.06133026E-04	-5.68216366E-06	-2.49924126E-05	-1.95152710E-04
 3.350000E-01	 1.42371243E-04	 7.73426783E-05	-2.27176223E-05	-1.09144650E-04	 2.87025238E-04	-3.34248671E-04	-3.27838360E-04	-6.75439348E-04	-5.89113951E-04	-6.49012733E-04	 3.25100026E-05	 1.91034850E-05	 7.22888352E-05	 6.12062100E-05	 7.75722793E-05	 1.31717224E-04	 2.00428867E-04	-2.56599514E-06	-2.16915908E-05	-1.86475383E-04
 3.360000E-01	 1.43563989E-04	 7.80567788E-05	-2.11977684E-05	-1.02294677E-04	 2.80070518E-04	-3.21138739E-04	-3.15313312E-04	-6.52949415E-04	-5.71651368E-04	-6.31934273E-04	 3.23530623E-05	 1.91133531E-05	 7.25619303E-05	 5.95574725E-05	 7.30484784E-05	 1.28305669E-04	 1.94876150E-04	 3.32158635E-07	-1.85878910E-05	-1.78155317E-04
 3.370000E-01	 1.44761621E-04	 7.87570918E-05	-1.96978524E-05	-9.55903200E-05	 2.73321332E-04	-3.08552626E-04	-3.03278958E-04	-6.31247134E-04	-5.54720699E-04	-6.15290083E-04	 3.21984731E-05	 1.91222389E-05	 7.28359173E-05	 5.79322154E-05	 6.87439053E-05	 1.24979448E-04	 1.89471940E-04	 3.02516309E-06	-1.56711046E-05	-1.70178327E-04
 3.380000E-01	 1.45964909E-04	 7.94462565E-05	-1.82186606E-05	-8.90414015E-05	 2.66772433E-04	-2.96463978E-04	-2.91713727E-04	-6.10303881E-04	-5.38306585E-04	-5.99070993E-04	 3.20466260E-05	 1.91289196E-05	 7.31066381E-05	 5.63396037E-05	 6.46434599E-05	 1.21736058E-04	 1.84213329E-04	 5.52505566E-06	-1.29315560E-05	-1.62530763E-04
 3.390000E-01	 1.47174545E-04	 8.01269334E-05	-1.67606189E-05	-8.26578710E-05	 2.60419256E-04	-2.84848031E-04	-2.80596929E-04	-5.90091812E-04	-5.22393655E-04	-5.83267823E-04	 3.18980272E-05	 1.91326754E-05	 7.33701240E-05	 5.47853047E-05	 6.07334486E-05	 1.18573551E-04	 1.79097288E-04	 7.84300553E-06	-1.03600580E-05	-1.55199499E-04
 3.400000E-01	 1.48391179E-04	 8.08014987E-05	-1.53237903E-05	-7.64490047E-05	 2.54257688E-04	-2.73681820E-04	-2.69908670E-04	-5.70583558E-04	-5.06966086E-04	-5.67871763E-04	 3.17532231E-05	 1.91332434E-05	 7.36231881E-05	 5.32714582E-05	 5.70020010E-05	 1.15490365E-04	 1.74120625E-04	 9.98935059E-06	-7.94782479E-06	-1.48171944E-04
 3.410000E-01	 1.49615502E-04	 8.14718279E-05	-1.39077060E-05	-7.04227599E-05	 2.48283946E-04	-2.62943849E-04	-2.59630207E-04	-5.51752469E-04	-4.92007845E-04	-5.52874891E-04	 3.16128419E-05	 1.91307706E-05	 7.38632055E-05	 5.17973639E-05	 5.34383897E-05	 1.12485127E-04	 1.69280265E-04	 1.19738463E-05	-5.68642253E-06	-1.41436036E-04
 3.420000E-01	 1.50848239E-04	 8.21394293E-05	-1.25112262E-05	-6.45857379E-05	 2.42494621E-04	-2.52613602E-04	-2.49744226E-04	-5.33573178E-04	-4.77503536E-04	-5.38269986E-04	 3.14776525E-05	 1.91258589E-05	 7.40875283E-05	 5.03600026E-05	 5.00322464E-05	 1.09556719E-04	 1.64573474E-04	 1.38058565E-05	-3.56782666E-06	-1.34980168E-04
 3.430000E-01	 1.52090057E-04	 8.28055724E-05	-1.11326623E-05	-5.89431813E-05	 2.36886658E-04	-2.42671565E-04	-2.40234537E-04	-5.16021571E-04	-4.63438575E-04	-5.24049932E-04	 3.13485117E-05	 1.91195516E-05	 7.42935087E-05	 4.89542375E-05	 4.67737551E-05	 1.06704337E-04	 1.59997705E-04	 1.54942943E-05	-1.58445206E-06	-1.28793145E-04
 3.440000E-01	 1.53341528E-04	 8.34712012E-05	-9.76998849E-06	-5.34984452E-05	 2.31457210E-04	-2.33099517E-04	-2.31085761E-04	-4.99074494E-04	-4.49798927E-04	-5.10207503E-04	 3.12262889E-05	 1.91132090E-05	 7.44787617E-05	 4.75733659E-05	 4.36540609E-05	 1.03927367E-04	 1.55550388E-04	 1.70475544E-05	 2.70875768E-07	-1.22864164E-04
 3.450000E-01	 1.54603130E-04	 8.41368669E-05	-8.42095374E-06	-4.82526573E-05	 2.26203514E-04	-2.23880581E-04	-2.22283240E-04	-4.82709648E-04	-4.36571025E-04	-4.96735362E-04	 3.11118327E-05	 1.91083836E-05	 7.46412188E-05	 4.62098499E-05	 4.06652649E-05	 1.01225244E-04	 1.51228890E-04	 1.84735410E-05	 2.00495335E-06	-1.17182810E-04
 3.460000E-01	 1.55875263E-04	 8.48027428E-05	-7.08318989E-06	-4.32046055E-05	 2.21122712E-04	-2.14999103E-04	-2.13813076E-04	-4.66905661E-04	-4.23741872E-04	-4.83626069E-04	 3.10059698E-05	 1.91067299E-05	 7.47789608E-05	 4.48560822E-05	 3.78001053E-05	 9.85973560E-05	 1.47030569E-04	 1.97797466E-05	 3.62421563E-06	-1.11739051E-04
 3.470000E-01	 1.57158079E-04	 8.54688963E-05	-5.75427639E-06	-3.83505587E-05	 2.16211601E-04	-2.06440684E-04	-2.05662451E-04	-4.51642635E-04	-4.11299461E-04	-4.70871083E-04	 3.09094588E-05	 1.91099638E-05	 7.48899625E-05	 4.35049929E-05	 3.50516128E-05	 9.60432056E-05	 1.42952832E-04	 2.09732328E-05	 5.13459818E-06	-1.06523251E-04
 3.480000E-01	 1.58451117E-04	 8.61357209E-05	-4.43174122E-06	-3.36842231E-05	 2.11466493E-04	-1.98192466E-04	-1.97819887E-04	-4.36902669E-04	-3.99233019E-04	-4.58459238E-04	 3.08228617E-05	 1.91198220E-05	 7.49721875E-05	 4.21502106E-05	 3.24132870E-05	 9.35627516E-05	 1.38993035E-04	 2.20604701E-05	 6.54134708E-06	-1.01526236E-04
 3.490000E-01	 1.59753291E-04	 8.68039560E-05	-3.11312301E-06	-2.91974805E-05	 2.06883378E-04	-1.90242984E-04	-1.90274819E-04	-4.22669286E-04	-3.87532481E-04	-4.46377342E-04	 3.07465063E-05	 1.91379683E-05	 7.50239527E-05	 4.07859762E-05	 2.98795006E-05	 9.11562696E-05	 1.35148367E-04	 2.30473456E-05	 7.84916782E-06	-9.67393162E-05
 3.500000E-01	 1.61063227E-04	 8.74744084E-05	-1.79607438E-06	-2.48814936E-05	 2.02458136E-04	-1.82581540E-04	-1.83017007E-04	-4.08926543E-04	-3.76187923E-04	-4.34612157E-04	 3.06805862E-05	 1.91659298E-05	 7.50439895E-05	 3.94071978E-05	 2.74454232E-05	 8.88238956E-05	 1.31415898E-04	 2.39393882E-05	 9.06254337E-06	-9.21542352E-05
 3.510000E-01	 1.62379473E-04	 8.81478882E-05	-4.78413287E-07	-2.07273990E-05	 1.98186557E-04	-1.75197765E-04	-1.76036406E-04	-3.95658822E-04	-3.65189529E-04	-4.23151247E-04	 3.06252369E-05	 1.92051013E-05	 7.50312592E-05	 3.80095747E-05	 2.51066900E-05	 8.65654477E-05	 1.27792700E-04	 2.47419214E-05	 1.01858534E-05	-8.77631198E-05
 3.520000E-01	 1.63700532E-04	 8.88252693E-05	 8.41818576E-07	-1.67265832E-05	 1.94064277E-04	-1.68081495E-04	-1.69323205E-04	-3.82850893E-04	-3.54527666E-04	-4.11982963E-04	 3.05805498E-05	 1.92567582E-05	 7.49848587E-05	 3.65896091E-05	 2.28592566E-05	 8.43804501E-05	 1.24275892E-04	 2.54600905E-05	 1.12233715E-05	-8.35584515E-05
 3.530000E-01	 1.65024904E-04	 8.95075503E-05	 2.16626215E-06	-1.28709257E-05	 1.90086684E-04	-1.61222689E-04	-1.62867830E-04	-3.70487946E-04	-3.44192941E-04	-4.01096437E-04	 3.05465825E-05	 1.93220841E-05	 7.49039592E-05	 3.51445321E-05	 2.06993019E-05	 8.22681610E-05	 1.20862667E-04	 2.60988810E-05	 1.21792663E-05	-7.95330392E-05
 3.540000E-01	 1.66351398E-04	 9.01956665E-05	 3.49597673E-06	-9.15332060E-06	 1.86248820E-04	-1.54611035E-04	-1.56660599E-04	-3.58555124E-04	-3.34176045E-04	-3.90482563E-04	 3.05234569E-05	 1.94022199E-05	 7.47876425E-05	 3.36722205E-05	 1.86230166E-05	 8.02273494E-05	 1.17550325E-04	 2.66632404E-05	 1.30577521E-05	-7.56799223E-05
 3.550000E-01	 1.67679730E-04	 9.08899299E-05	 4.83102201E-06	-5.56830961E-06	 1.82545553E-04	-1.48235547E-04	-1.50691022E-04	-3.47036569E-04	-3.24467273E-04	-3.80135788E-04	 3.05115295E-05	 1.94982887E-05	 7.46348645E-05	 3.21710118E-05	 1.66265809E-05	 7.82558864E-05	 1.14336223E-04	 2.71582029E-05	 1.38633534E-05	-7.19922117E-05
 3.560000E-01	 1.69010644E-04	 9.15899330E-05	 6.17046770E-06	-2.11230657E-06	 1.78971897E-04	-1.42084894E-04	-1.44947825E-04	-3.35915496E-04	-3.15056455E-04	-3.70053709E-04	 3.05113884E-05	 1.96113933E-05	 7.44447304E-05	 3.06393761E-05	 1.47065102E-05	 7.63509108E-05	 1.11217678E-04	 2.75887476E-05	 1.46008221E-05	-6.84630650E-05
 3.570000E-01	 1.70345378E-04	 9.22951192E-05	 7.51286318E-06	 1.21650688E-06	 1.75523015E-04	-1.36148019E-04	-1.39419766E-04	-3.25175298E-04	-3.05933445E-04	-3.60234644E-04	 3.05236718E-05	 1.97426133E-05	 7.42166952E-05	 2.90757571E-05	 1.28599049E-05	 7.45094367E-05	 1.08191933E-04	 2.79595416E-05	 1.52747677E-05	-6.50858001E-05
 3.580000E-01	 1.71685355E-04	 9.30051839E-05	 8.85651590E-06	 4.41812087E-06	 1.72194102E-04	-1.30414277E-04	-1.34096090E-04	-3.14800145E-04	-2.97088442E-04	-3.50676434E-04	 3.05489723E-05	 1.98930110E-05	 7.39504974E-05	 2.74786816E-05	 1.10843599E-05	 7.27286168E-05	 1.05256196E-04	 2.82748793E-05	 1.58894885E-05	-6.18539553E-05
 3.590000E-01	 1.73032174E-04	 9.37201522E-05	 1.01995393E-05	 7.49051856E-06	 1.68980389E-04	-1.24873352E-04	-1.28966544E-04	-3.04775016E-04	-2.88512054E-04	-3.41376463E-04	 3.05878387E-05	 2.00636188E-05	 7.36460680E-05	 2.58469508E-05	 9.37782718E-06	 7.10057192E-05	 1.02407677E-04	 2.85387302E-05	 1.64489866E-05	-5.87612913E-05
 3.600000E-01	 1.74387580E-04	 9.44403902E-05	 1.15399779E-05	 1.04295304E-05	 1.65877289E-04	-1.19515246E-04	-1.24021348E-04	-2.95085624E-04	-2.80195230E-04	-3.32331676E-04	 3.06407716E-05	 2.02553772E-05	 7.33035198E-05	 2.41798464E-05	 7.73861222E-06	 6.93380985E-05	 9.96435739E-05	 2.87547502E-05	 1.69569844E-05	-5.58017939E-05
 3.610000E-01	 1.75753185E-04	 9.51667220E-05	 1.28761529E-05	 1.32289463E-05	 1.62880578E-04	-1.14330433E-04	-1.19251352E-04	-2.85718597E-04	-2.72129242E-04	-3.23538013E-04	 3.07081547E-05	 2.04690257E-05	 7.29232106E-05	 2.24773651E-05	 6.16548632E-06	 6.77232892E-05	 9.69610394E-05	 2.89262317E-05	 1.74168572E-05	-5.29697260E-05
 3.620000E-01	 1.77130043E-04	 9.59007488E-05	 1.42069439E-05	 1.58813736E-05	 1.59986242E-04	-1.09310141E-04	-1.14648468E-04	-2.76661994E-04	-2.64305913E-04	-3.14989464E-04	 3.07901295E-05	 2.07050551E-05	 7.25057639E-05	 2.07404300E-05	 4.65766636E-06	 6.61592164E-05	 9.43572463E-05	 2.90560770E-05	 1.78315078E-05	-5.02597271E-05
 3.630000E-01	 1.78518698E-04	 9.66449413E-05	 1.55315641E-05	 1.83790513E-05	 1.57190148E-04	-1.04446287E-04	-1.10205683E-04	-2.67905334E-04	-2.56717793E-04	-3.06678409E-04	 3.08865915E-05	 2.09637622E-05	 7.20519318E-05	 1.89710836E-05	 3.21449101E-06	 6.46441355E-05	 9.18295150E-05	 2.91469318E-05	 1.82034349E-05	-4.76668121E-05
 3.640000E-01	 1.79919573E-04	 9.74022726E-05	 1.68491384E-05	 2.07140181E-05	 1.54487986E-04	-9.97311508E-05	-1.05916541E-04	-2.59438918E-04	-2.49357945E-04	-2.98596975E-04	 3.09973133E-05	 2.12452677E-05	 7.15624480E-05	 1.71726247E-05	 1.83518909E-06	 6.31763093E-05	 8.93753196E-05	 2.92013377E-05	 1.85349520E-05	-4.51862571E-05
 3.650000E-01	 1.81333131E-04	 9.81758906E-05	 1.81585730E-05	 2.28782649E-05	 1.51875407E-04	-9.51572862E-05	-1.01774810E-04	-2.51253361E-04	-2.42219678E-04	-2.90737637E-04	 3.11220116E-05	 2.15494606E-05	 7.10379991E-05	 1.53496506E-05	 5.18921506E-07	 6.17538475E-05	 8.69922130E-05	 2.92217551E-05	 1.88282892E-05	-4.28135343E-05
 3.660000E-01	 1.82759846E-04	 9.89690264E-05	 1.94586044E-05	 2.48640133E-05	 1.49348140E-04	-9.07175873E-05	-9.77744631E-05	-2.43339530E-04	-2.35296467E-04	-2.83093203E-04	 3.12603522E-05	 2.18759514E-05	 7.04792258E-05	 1.35080920E-05	-7.35171799E-07	 6.03747070E-05	 8.46777919E-05	 2.92105448E-05	 1.90855962E-05	-4.05443017E-05
 3.670000E-01	 1.84200155E-04	 9.97849014E-05	 2.07478900E-05	 2.66640196E-05	 1.46902152E-04	-8.64053501E-05	-9.39096746E-05	-2.35688496E-04	-2.28581903E-04	-2.75656785E-04	 3.14119559E-05	 2.22240266E-05	 6.98867183E-05	 1.16552427E-05	-1.92794472E-06	 5.90367021E-05	 8.24296755E-05	 2.91699539E-05	 1.93089413E-05	-3.83743963E-05
 3.680000E-01	 1.85654448E-04	 1.00626617E-04	 2.20250800E-05	 2.82718437E-05	 1.44533960E-04	-8.22143108E-05	-9.01747746E-05	-2.28291445E-04	-2.22069641E-04	-2.68421845E-04	 3.15764190E-05	 2.25926030E-05	 6.92610566E-05	 9.79972304E-06	-3.06019440E-06	 5.77375112E-05	 8.02454681E-05	 2.91021032E-05	 1.95003277E-05	-3.62998180E-05
 3.690000E-01	 1.87123125E-04	 1.01497099E-04	 2.32886763E-05	 2.96821911E-05	 1.42240652E-04	-7.81386062E-05	-8.65642051E-05	-2.21139612E-04	-2.15753484E-04	-2.61382339E-04	 3.17533312E-05	 2.29802674E-05	 6.86028345E-05	 7.95136899E-06	-4.13266405E-06	 5.64746680E-05	 7.81227492E-05	 2.90090118E-05	 1.96617249E-05	-3.43166937E-05
 3.700000E-01	 1.88606641E-04	 1.02399089E-04	 2.45368074E-05	 3.08913896E-05	 1.40019489E-04	-7.41727596E-05	-8.30725841E-05	-2.14224365E-04	-2.09627484E-04	-2.54532659E-04	 3.19422461E-05	 2.33853737E-05	 6.79126850E-05	 6.12103962E-06	-5.14607342E-06	 5.52455813E-05	 7.60591112E-05	 2.88926271E-05	 1.97950658E-05	-3.24212628E-05
 3.710000E-01	 1.90105475E-04	 1.03335143E-04	 2.57672303E-05	 3.18976267E-05	 1.37867673E-04	-7.03117533E-05	-7.96948126E-05	-2.07537332E-04	-2.03685929E-04	-2.47867478E-04	 3.21426464E-05	 2.38060782E-05	 6.71913640E-05	 4.32041456E-06	-6.10108555E-06	 5.40476046E-05	 7.40522000E-05	 2.87548151E-05	 1.99022134E-05	-3.06098963E-05
 3.720000E-01	 1.91620090E-04	 1.04307682E-04	 2.69775822E-05	 3.27003539E-05	 1.35782522E-04	-6.65509788E-05	-7.64260879E-05	-2.01070440E-04	-1.97923287E-04	-2.41381644E-04	 3.23539356E-05	 2.42402736E-05	 6.64397955E-05	 2.56210324E-06	-6.99828801E-06	 5.28780542E-05	 7.20997124E-05	 2.85973455E-05	 1.99849475E-05	-2.88791068E-05
 3.730000E-01	 1.93150910E-04	 1.05319063E-04	 2.81655320E-05	 3.32997584E-05	 1.33761573E-04	-6.28861453E-05	-7.32618761E-05	-1.94815906E-04	-1.92334181E-04	-2.35070172E-04	 3.25754306E-05	 2.46855444E-05	 6.56590962E-05	 8.59783392E-07	-7.83818382E-06	 5.17341950E-05	 7.01993820E-05	 2.84218919E-05	 2.00449695E-05	-2.72255432E-05
 3.740000E-01	 1.94698405E-04	 1.06371583E-04	 2.93285775E-05	 3.36971164E-05	 1.31802246E-04	-5.93133024E-05	-7.01979043E-05	-1.88766251E-04	-1.86913450E-04	-2.28928287E-04	 3.28063365E-05	 2.51392453E-05	 6.48506663E-05	-7.72000660E-07	-8.62114528E-06	 5.06132622E-05	 6.83489951E-05	 2.82300523E-05	 2.00839141E-05	-2.56459756E-05
 3.750000E-01	 1.96263283E-04	 1.07467311E-04	 3.04638268E-05	 3.38953804E-05	 1.29901344E-04	-5.58289159E-05	-6.72301267E-05	-1.82914252E-04	-1.81656116E-04	-2.22951616E-04	 3.30457499E-05	 2.55985914E-05	 6.40162095E-05	-2.31807307E-06	-9.34738253E-06	 4.95124606E-05	 6.65464227E-05	 2.80233728E-05	 2.01033681E-05	-2.41372678E-05
 3.760000E-01	 1.97846493E-04	 1.08607663E-04	 3.15682282E-05	 3.38995494E-05	 1.28055251E-04	-5.24299904E-05	-6.43546692E-05	-1.77252775E-04	-1.76557123E-04	-2.17136252E-04	 3.32927332E-05	 2.60605758E-05	 6.31575506E-05	-3.76271266E-06	-1.00169221E-05	 4.84289653E-05	 6.47895958E-05	 2.78033074E-05	 2.01048629E-05	-2.26963686E-05
 3.770000E-01	 1.99448997E-04	 1.09793238E-04	 3.26389797E-05	 3.37168110E-05	 1.26260662E-04	-4.91141306E-05	-6.15678671E-05	-1.71774758E-04	-1.71611268E-04	-2.11478526E-04	 3.35463737E-05	 2.65218455E-05	 6.22764587E-05	-5.08968783E-06	-1.06296005E-05	 4.73599968E-05	 6.30764558E-05	 2.75711637E-05	 2.00898437E-05	-2.13203290E-05
 3.780000E-01	 2.01071622E-04	 1.11023973E-04	 3.36735684E-05	 3.33566992E-05	 1.24514842E-04	-4.58795090E-05	-5.88663265E-05	-1.66473307E-04	-1.66813354E-04	-2.05974793E-04	 3.38057568E-05	 2.69787389E-05	 6.13746995E-05	-6.28246745E-06	-1.11850635E-05	 4.63028982E-05	 6.14049447E-05	 2.73281016E-05	 2.00596576E-05	-2.00063121E-05
 3.790000E-01	 2.02715080E-04	 1.12299239E-04	 3.46696544E-05	 3.28312632E-05	 1.22815481E-04	-4.27248254E-05	-5.62469491E-05	-1.61341755E-04	-1.62158300E-04	-2.00621412E-04	 3.40699270E-05	 2.74274079E-05	 6.04541929E-05	-7.32460079E-06	-1.16827386E-05	 4.52551900E-05	 5.97730301E-05	 2.70751567E-05	 2.00155609E-05	-1.87515872E-05
 3.800000E-01	 2.04379980E-04	 1.13617845E-04	 3.56250522E-05	 3.21551089E-05	 1.21160645E-04	-3.96492751E-05	-5.37069316E-05	-1.56373680E-04	-1.57641176E-04	-1.95414763E-04	 3.43378807E-05	 2.78639118E-05	 5.95171180E-05	-8.20015085E-06	-1.21218158E-05	 4.42146294E-05	 5.81787285E-05	 2.68132482E-05	 1.99587216E-05	-1.75535244E-05
 3.810000E-01	 2.06066749E-04	 1.14978082E-04	 3.65376757E-05	 3.13453791E-05	 1.19548807E-04	-3.66524954E-05	-5.12437652E-05	-1.51562913E-04	-1.53257227E-04	-1.90351161E-04	 3.46085531E-05	 2.82843067E-05	 5.85659761E-05	-8.89420426E-06	-1.25012697E-05	 4.31792972E-05	 5.66201198E-05	 2.65431736E-05	 1.98902119E-05	-1.64095986E-05
 3.820000E-01	 2.07775411E-04	 1.16377975E-04	 3.74053432E-05	 3.04218539E-05	 1.17979004E-04	-3.37345000E-05	-4.88552648E-05	-1.46903610E-04	-1.49001993E-04	-1.85426636E-04	 3.48807833E-05	 2.86847624E-05	 5.76037043E-05	-9.39361571E-06	-1.28199575E-05	 4.21477572E-05	 5.50953716E-05	 2.62655939E-05	 1.98109856E-05	-1.53174128E-05
 3.830000E-01	 2.09505561E-04	 1.17815496E-04	 3.82257275E-05	 2.94068791E-05	 1.16450955E-04	-3.08956205E-05	-4.65395805E-05	-1.42390315E-04	-1.44871381E-04	-1.80636936E-04	 3.51533214E-05	 2.90616806E-05	 5.66338518E-05	-9.68771885E-06	-1.30767761E-05	 4.11191781E-05	 5.36028089E-05	 2.59810452E-05	 1.97218759E-05	-1.42747131E-05
 3.840000E-01	 2.11256536E-04	 1.19288355E-04	 3.89965603E-05	 2.83249943E-05	 1.14964939E-04	-2.81364514E-05	-4.42951242E-05	-1.38017867E-04	-1.40861508E-04	-1.75977785E-04	 3.54248834E-05	 2.94117814E-05	 5.56605904E-05	-9.76876674E-06	-1.32706867E-05	 4.00933112E-05	 5.21409528E-05	 2.56899549E-05	 1.96236139E-05	-1.32793706E-05
 3.850000E-01	 2.13027500E-04	 1.20793795E-04	 3.97158288E-05	 2.72024857E-05	 1.13521632E-04	-2.54577683E-05	-4.21205125E-05	-1.33781320E-04	-1.36968590E-04	-1.71445041E-04	 3.56941917E-05	 2.97321978E-05	 5.46886083E-05	-9.63227072E-06	-1.34006500E-05	 3.90704606E-05	 5.07085278E-05	 2.53926535E-05	 1.95168411E-05	-1.23293573E-05
 3.860000E-01	 2.14817464E-04	 1.22328632E-04	 4.03818836E-05	 2.60667977E-05	 1.12122087E-04	-2.28604235E-05	-4.00145316E-05	-1.29675941E-04	-1.33188936E-04	-1.67034707E-04	 3.59600001E-05	 3.00205470E-05	 5.37230119E-05	-9.27723583E-06	-1.34656770E-05	 3.80514918E-05	 4.93044758E-05	 2.50893850E-05	 1.94021108E-05	-1.14227415E-05
 3.870000E-01	 2.16625223E-04	 1.23889252E-04	 4.09937126E-05	 2.49458234E-05	 1.10767960E-04	-2.03452267E-05	-3.79761125E-05	-1.25697200E-04	-1.29518909E-04	-1.62742918E-04	 3.62211621E-05	 3.02749245E-05	 5.27690573E-05	-8.70618129E-06	-1.34649755E-05	 3.70378134E-05	 4.79279708E-05	 2.47803111E-05	 1.92798837E-05	-1.05576915E-05
 3.880000E-01	 2.18449397E-04	 1.25471322E-04	 4.15514433E-05	 2.38672122E-05	 1.09461730E-04	-1.79128585E-05	-3.60043024E-05	-1.21840712E-04	-1.25954795E-04	-1.58566039E-04	 3.64767340E-05	 3.04939020E-05	 5.18318285E-05	-7.92509318E-06	-1.33979550E-05	 3.60312999E-05	 4.65784159E-05	 2.44655206E-05	 1.91505322E-05	-9.73246407E-06
 3.890000E-01	 2.20288696E-04	 1.27069625E-04	 4.20565381E-05	 2.28578040E-05	 1.08206317E-04	-1.55638555E-05	-3.40981967E-05	-1.18102192E-04	-1.22492743E-04	-1.54500831E-04	 3.67259729E-05	 3.06767018E-05	 5.09163616E-05	-6.94369322E-06	-1.32639157E-05	 3.50342299E-05	 4.52554149E-05	 2.41450472E-05	 1.90143650E-05	-8.94537068E-06
 3.900000E-01	 2.22142092E-04	 1.28678540E-04	 4.25115122E-05	 2.19429374E-05	 1.07004609E-04	-1.32985308E-05	-3.22568937E-05	-1.14477541E-04	-1.19128974E-04	-1.50544407E-04	 3.69682251E-05	 3.08234186E-05	 5.00280768E-05	-5.77579716E-06	-1.30618688E-05	 3.40493396E-05	 4.39587647E-05	 2.38188945E-05	 1.88716440E-05	-8.19476615E-06
 3.910000E-01	 2.24008665E-04	 1.30292580E-04	 4.29197349E-05	 2.11455438E-05	 1.05859547E-04	-1.11168039E-05	-3.04794738E-05	-1.10962924E-04	-1.15859938E-04	-1.46694015E-04	 3.72028942E-05	 3.09350202E-05	 4.91727735E-05	-4.43919407E-06	-1.27908014E-05	 3.30798600E-05	 4.26884741E-05	 2.34870445E-05	 1.87225749E-05	-7.47907153E-06
 3.920000E-01	 2.25887468E-04	 1.31906528E-04	 4.32854711E-05	 2.04853989E-05	 1.04774390E-04	-9.01807150E-06	-2.87649724E-05	-1.07554764E-04	-1.12682289E-04	-1.42946944E-04	 3.74295007E-05	 3.10132354E-05	 4.83562647E-05	-2.95514580E-06	-1.24500100E-05	 3.21294479E-05	 4.14447727E-05	 2.31494647E-05	 1.85672985E-05	-6.79679258E-06
 3.930000E-01	 2.27777521E-04	 1.33515526E-04	 4.36139072E-05	 1.99785924E-05	 1.03752729E-04	-7.00114159E-06	-2.71123466E-05	-1.04249720E-04	-1.09592876E-04	-1.39300513E-04	 3.76477126E-05	 3.10604798E-05	 4.75841400E-05	-1.34779950E-06	-1.20392544E-05	 3.12020696E-05	 4.02280995E-05	 2.28061273E-05	 1.84058986E-05	-6.14652196E-06
 3.940000E-01	 2.29677803E-04	 1.35115387E-04	 4.39110386E-05	 1.96370085E-05	 1.02798437E-04	-5.06416199E-06	-2.55204452E-05	-1.01044712E-04	-1.06588795E-04	-1.35752041E-04	 3.78573193E-05	 3.10797786E-05	 4.68617605E-05	 3.56470091E-07	-1.15589126E-05	 3.03018922E-05	 3.90390868E-05	 2.24570331E-05	 1.82384167E-05	-5.52694442E-06
 3.950000E-01	 2.31587094E-04	 1.36703148E-04	 4.41834316E-05	 1.94678343E-05	 1.01915702E-04	-3.20449965E-06	-2.39879993E-05	-9.79369653E-05	-1.03667521E-04	-1.32298725E-04	 3.80581767E-05	 3.10746268E-05	 4.61943149E-05	 2.12983991E-06	-1.10102472E-05	 2.94331861E-05	 3.78785478E-05	 2.21022357E-05	 1.80648627E-05	-4.93685361E-06
 3.960000E-01	 2.33503797E-04	 1.38277171E-04	 4.44380685E-05	 1.94734343E-05	 1.01109011E-04	-1.41869074E-06	-2.25136144E-05	-9.49239876E-05	-1.00826891E-04	-1.28937611E-04	 3.82501959E-05	 3.10488138E-05	 4.55865849E-05	 3.94392993E-06	-1.03954988E-05	 2.86001755E-05	 3.67474366E-05	 2.17418547E-05	 1.78852259E-05	-4.37515481E-06
 3.970000E-01	 2.35426086E-04	 1.39836735E-04	 4.46823363E-05	 1.96516640E-05	 1.00382859E-04	 2.97427813E-07	-2.10957301E-05	-9.20034605E-05	-9.80649267E-05	-1.25665736E-04	 3.84333864E-05	 3.10063054E-05	 4.50426167E-05	 5.77062542E-06	-9.71770814E-06	 2.78068508E-05	 3.56467921E-05	 2.13760834E-05	 1.76994922E-05	-3.84084330E-06
 3.980000E-01	 2.37352137E-04	 1.41381827E-04	 4.49239925E-05	 1.99962931E-05	 9.97414489E-05	 1.94856586E-06	-1.97325977E-05	-8.91731894E-05	-9.53797652E-05	-1.22480267E-04	 3.86078744E-05	 3.09511718E-05	 4.45656319E-05	 7.58276226E-06	-8.98053334E-06	 2.70568384E-05	 3.45776971E-05	 2.10052040E-05	 1.75076659E-05	-3.33298282E-06
 3.990000E-01	 2.39280181E-04	 1.42913130E-04	 4.51709934E-05	 2.04974423E-05	 9.91885089E-05	 3.53987488E-06	-1.84222791E-05	-8.64310790E-05	-9.27696563E-05	-1.19378514E-04	 3.87738722E-05	 3.08875083E-05	 4.41580825E-05	 9.35468408E-06	-8.18811754E-06	 2.63533170E-05	 3.35412310E-05	 2.06295914E-05	 1.73097831E-05	-2.85069519E-06
 4.000000E-01	 2.41208618E-04	 1.44431973E-04	 4.54311886E-05	 2.11422470E-05	 9.87269502E-05	 5.07679446E-06	-1.71626406E-05	-8.37751007E-05	-9.02329537E-05	-1.16357953E-04	 3.89316206E-05	 3.08194005E-05	 4.38217918E-05	 1.10626036E-05	-7.34483950E-06	 2.56989688E-05	 3.25384185E-05	 2.02497098E-05	 1.71059259E-05	-2.39314483E-06
 4.010000E-01	 2.43136234E-04	 1.45939886E-04	 4.57120961E-05	 2.19157855E-05	 9.83584815E-05	 6.56480981E-06	-1.59513411E-05	-8.12032141E-05	-8.77680061E-05	-1.13416321E-04	 3.90814009E-05	 3.07508757E-05	 4.35577640E-05	 1.26850160E-05	-6.45500437E-06	 2.50959347E-05	 3.15701850E-05	 1.98661030E-05	 1.68962282E-05	-1.95951511E-06
 4.020000E-01	 2.45062328E-04	 1.47438069E-04	 4.60209978E-05	 2.28016326E-05	 9.80837248E-05	 8.00930645E-06	-1.47858362E-05	-7.87133021E-05	-8.53730259E-05	-1.10551642E-04	 3.92236603E-05	 3.06856993E-05	 4.33656012E-05	 1.42035653E-05	-5.52293000E-06	 2.45457193E-05	 3.06373444E-05	 1.94793909E-05	 1.66808703E-05	-1.54900275E-06
 4.030000E-01	 2.46986536E-04	 1.48927526E-04	 4.63650245E-05	 2.37820471E-05	 9.79027137E-05	 9.41561943E-06	-1.36634431E-05	-7.63032132E-05	-8.30461648E-05	-1.07762116E-04	 3.93590592E-05	 3.06271647E-05	 4.32433133E-05	 1.56038009E-05	-4.55325179E-06	 2.40491264E-05	 2.97405957E-05	 1.90902762E-05	 1.64600769E-05	-1.16083063E-06
 4.040000E-01	 2.48908611E-04	 1.50409359E-04	 4.67509543E-05	 2.48383898E-05	 9.78150696E-05	 1.07890237E-05	-1.25814019E-05	-7.39707949E-05	-8.07856109E-05	-1.05046001E-04	 3.94883698E-05	 3.05780483E-05	 4.31877051E-05	 1.68751838E-05	-3.55087138E-06	 2.36062873E-05	 2.88804847E-05	 1.86995272E-05	 1.62341199E-05	-7.94252363E-07
 4.050000E-01	 2.50828415E-04	 1.51884825E-04	 4.71850424E-05	 2.59516960E-05	 9.78199237E-05	 1.21346361E-05	-1.15369086E-05	-7.17138930E-05	-7.85896144E-05	-1.02401599E-04	 3.96123925E-05	 3.05406496E-05	 4.31947891E-05	 1.80107339E-05	-2.52072631E-06	 2.32167403E-05	 2.80573786E-05	 1.83079551E-05	 1.60033191E-05	-4.48544482E-07
 4.060000E-01	 2.52745880E-04	 1.53355272E-04	 4.76729546E-05	 2.71031408E-05	 9.79159903E-05	 1.34573480E-05	-1.05271512E-05	-6.95303466E-05	-7.64564813E-05	-9.98272449E-05	 3.97319369E-05	 3.05167991E-05	 4.32599494E-05	 1.90066917E-05	-1.46769196E-06	 2.28795163E-05	 2.72714660E-05	 1.79163922E-05	 1.57680355E-05	-1.23003130E-07
 4.070000E-01	 2.54660723E-04	 1.54822312E-04	 4.82196393E-05	 2.82742090E-05	 9.81018757E-05	 1.47618704E-05	-9.54937388E-06	-6.74180108E-05	-7.43846189E-05	-9.73212157E-05	 3.98477872E-05	 3.05078413E-05	 4.33780944E-05	 1.98621995E-05	-3.96679113E-07	 2.25932211E-05	 2.65227623E-05	 1.75256683E-05	 1.55286594E-05	 1.83047775E-07
 4.080000E-01	 2.56572344E-04	 1.56288367E-04	 4.88291982E-05	 2.94466721E-05	 9.83761849E-05	 1.60528166E-05	-8.60091785E-06	-6.53748210E-05	-7.23726504E-05	-9.48817026E-05	 3.99606398E-05	 3.05146828E-05	 4.35441220E-05	 2.05788716E-05	 6.87239681E-07	 2.23561198E-05	 2.58111394E-05	 1.71366075E-05	 1.52856107E-05	 4.70250904E-07
 4.090000E-01	 2.58480047E-04	 1.57756652E-04	 4.95048925E-05	 3.06028355E-05	 9.87372356E-05	 1.73346138E-05	-7.67919901E-06	-6.33987815E-05	-7.04193719E-05	-9.25068972E-05	 4.00710819E-05	 3.05378845E-05	 4.37532208E-05	 2.11602895E-05	 1.77900769E-06	 2.21662055E-05	 2.51363398E-05	 1.67500202E-05	 1.50393378E-05	 7.39224830E-07
 4.100000E-01	 2.60383180E-04	 1.59230638E-04	 5.02492612E-05	 3.17259733E-05	 9.91829213E-05	 1.86113726E-05	-6.78169947E-06	-6.14879122E-05	-6.85236239E-05	-9.01950619E-05	 4.01796329E-05	 3.05777167E-05	 4.40006886E-05	 2.16116779E-05	 2.87384667E-06	 2.20212556E-05	 2.44979773E-05	 1.63666859E-05	 1.47903080E-05	 9.90577483E-07
 4.110000E-01	 2.62281135E-04	 1.60713800E-04	 5.10642082E-05	 3.28005999E-05	 9.97107904E-05	 1.98868454E-05	-5.90598469E-06	-5.96402320E-05	-6.66842428E-05	-8.79445368E-05	 4.02867868E-05	 3.06341646E-05	 4.42817083E-05	 2.19397842E-05	 3.96727058E-06	 2.19188729E-05	 2.38955519E-05	 1.59873461E-05	 1.45389969E-05	 1.22490888E-06
 4.120000E-01	 2.64173290E-04	 1.62209418E-04	 5.19510668E-05	 3.38129090E-05	 1.00318227E-04	 2.11643951E-05	-5.04973650E-06	-5.78537572E-05	-6.49000364E-05	-8.57537299E-05	 4.03930704E-05	 3.07068976E-05	 4.45911224E-05	 2.21528636E-05	 5.05498419E-06	 2.18564965E-05	 2.33284707E-05	 1.56127031E-05	 1.42858804E-05	 1.44280780E-06
 4.130000E-01	 2.66059111E-04	 1.63720108E-04	 5.29108963E-05	 3.47513052E-05	 1.01002545E-04	 2.24469192E-05	-4.21076146E-06	-5.61264822E-05	-6.31697103E-05	-8.36211504E-05	 4.04991058E-05	 3.07952776E-05	 4.49232889E-05	 2.22606036E-05	 6.13301801E-06	 2.18313891E-05	 2.27960494E-05	 1.52434243E-05	 1.40314312E-05	 1.64485669E-06
 4.140000E-01	 2.67938339E-04	 1.65247330E-04	 5.39447629E-05	 3.56066773E-05	 1.01760797E-04	 2.37367152E-05	-3.38695933E-06	-5.44563330E-05	-6.14917864E-05	-8.15454466E-05	 4.06055462E-05	 3.08985063E-05	 4.52723973E-05	 2.22735474E-05	 7.19824411E-06	 2.18407081E-05	 2.22974749E-05	 1.48801232E-05	 1.37761199E-05	 1.83164768E-06
 4.150000E-01	 2.69810996E-04	 1.66791647E-04	 5.50536539E-05	 3.63722407E-05	 1.02589642E-04	 2.50354724E-05	-2.57631903E-06	-5.28411771E-05	-5.98646749E-05	-7.95253735E-05	 4.07129343E-05	 3.10158090E-05	 4.56331075E-05	 2.22022068E-05	 8.24863310E-06	 2.18816819E-05	 2.18318023E-05	 1.45233350E-05	 1.35204127E-05	 2.00379015E-06
 4.160000E-01	 2.71677239E-04	 1.68353286E-04	 5.62383269E-05	 3.70430175E-05	 1.03485521E-04	 2.63444315E-05	-1.77693776E-06	-5.12788770E-05	-5.82867889E-05	-7.75597323E-05	 4.08216771E-05	 3.11464722E-05	 4.60008125E-05	 2.20565597E-05	 9.28294492E-06	 2.19517270E-05	 2.13980126E-05	 1.41735127E-05	 1.32647621E-05	 2.16189873E-06
 4.170000E-01	 2.73537244E-04	 1.69932279E-04	 5.74993414E-05	 3.76154415E-05	 1.04444886E-04	 2.76645188E-05	-9.87030691E-07	-4.97673199E-05	-5.67565690E-05	-7.56473394E-05	 4.09321028E-05	 3.12898245E-05	 4.63715047E-05	 2.18459035E-05	 1.03004268E-05	 2.20484645E-05	 2.09950595E-05	 1.38310332E-05	 1.30095971E-05	 2.30658126E-06
 4.180000E-01	 2.75391212E-04	 1.71528528E-04	 5.88370955E-05	 3.80871085E-05	 1.05464250E-04	 2.89964019E-05	-2.04925298E-07	-4.83044272E-05	-5.52724909E-05	-7.37870245E-05	 4.10444589E-05	 3.14452901E-05	 4.67418245E-05	 2.15786354E-05	 1.13007548E-05	 2.21697384E-05	 2.06218881E-05	 1.34962017E-05	 1.27553207E-05	 2.43843618E-06
 4.190000E-01	 2.77239346E-04	 1.73142316E-04	 6.02516327E-05	 3.84563569E-05	 1.06540147E-04	 3.03405713E-05	 5.70936536E-07	-4.68881881E-05	-5.38331394E-05	-7.19776177E-05	 4.11588691E-05	 3.16124280E-05	 4.71093581E-05	 2.12620044E-05	 1.22838575E-05	 2.23136532E-05	 2.02774556E-05	 1.31692525E-05	 1.25023100E-05	 2.55804753E-06
 4.200000E-01	 2.79081639E-04	 1.74774795E-04	 6.17423664E-05	 3.87218991E-05	 1.07669357E-04	 3.16975027E-05	 1.34195252E-06	-4.55167144E-05	-5.24372880E-05	-7.02179163E-05	 4.12753597E-05	 3.17908527E-05	 4.74725726E-05	 2.09022248E-05	 1.32495581E-05	 2.24785605E-05	 1.99607611E-05	 1.28503565E-05	 1.22509132E-05	 2.66597377E-06
 4.210000E-01	 2.80917733E-04	 1.76427613E-04	 6.33080830E-05	 3.88829127E-05	 1.08849112E-04	 3.30676942E-05	 2.10933885E-06	-4.41882388E-05	-5.10838309E-05	-6.85066800E-05	 4.13939396E-05	 3.19801357E-05	 4.78303042E-05	 2.05048331E-05	 1.41974933E-05	 2.26629769E-05	 1.96708456E-05	 1.25396284E-05	 1.20014428E-05	 2.76274193E-06
 4.220000E-01	 2.82747092E-04	 1.78102442E-04	 6.49472544E-05	 3.89390980E-05	 1.10076955E-04	 3.44516028E-05	 2.87417958E-06	-4.29010780E-05	-4.97716906E-05	-6.68426767E-05	 4.15146207E-05	 3.21798287E-05	 4.81815685E-05	 2.00748363E-05	 1.51273424E-05	 2.28655340E-05	 1.94067765E-05	 1.22371377E-05	 1.17541795E-05	 2.84885452E-06
 4.230000E-01	 2.84569148E-04	 1.79800938E-04	 6.66582490E-05	 3.88905089E-05	 1.11350579E-04	 3.58496229E-05	 3.63746638E-06	-4.16536210E-05	-4.84998033E-05	-6.52247105E-05	 4.16373834E-05	 3.23895258E-05	 4.85257121E-05	 1.96166322E-05	 1.60389826E-05	 2.30849867E-05	 1.91676411E-05	 1.19429145E-05	 1.15093770E-05	 2.92479602E-06
 4.240000E-01	 2.86383336E-04	 1.81524740E-04	 6.84393276E-05	 3.87375814E-05	 1.12667716E-04	 3.72620621E-05	 4.40011321E-06	-4.04443202E-05	-4.72671194E-05	-6.36516255E-05	 4.17621504E-05	 3.26088937E-05	 4.88624875E-05	 1.91338985E-05	 1.69325475E-05	 2.33202355E-05	 1.89525479E-05	 1.16569488E-05	 1.12672632E-05	 2.99103478E-06
 4.250000E-01	 2.88189128E-04	 1.83274985E-04	 7.02887443E-05	 3.84814927E-05	 1.14026033E-04	 3.86890564E-05	 5.16298989E-06	-3.92716496E-05	-4.60725373E-05	-6.21223101E-05	 4.18887923E-05	 3.28377014E-05	 4.91917739E-05	 1.86296025E-05	 1.78086056E-05	 2.35703440E-05	 1.87606275E-05	 1.13791929E-05	 1.10280383E-05	 3.04802708E-06
 4.260000E-01	 2.89986207E-04	 1.85051771E-04	 7.22050909E-05	 3.81243605E-05	 1.15422991E-04	 4.01304873E-05	 5.92699147E-06	-3.81340499E-05	-4.49148251E-05	-6.06357143E-05	 4.20171801E-05	 3.30758263E-05	 4.95132266E-05	 1.81062116E-05	 1.86682143E-05	 2.38345124E-05	 1.85910469E-05	 1.11095779E-05	 1.07918754E-05	 3.09621908E-06
 4.270000E-01	 2.91774541E-04	 1.86854470E-04	 7.41875151E-05	 3.76688454E-05	 1.16855952E-04	 4.15860805E-05	 6.69305161E-06	-3.70299478E-05	-4.37926791E-05	-5.91908500E-05	 4.21472322E-05	 3.33232173E-05	 4.98262980E-05	 1.75659657E-05	 1.95126581E-05	 2.41120263E-05	 1.84430308E-05	 1.08480362E-05	 1.05589303E-05	 3.13604416E-06
 4.280000E-01	 2.93554162E-04	 1.88682210E-04	 7.62355645E-05	 3.71176728E-05	 1.18322449E-04	 4.30555388E-05	 7.46208479E-06	-3.59578036E-05	-4.27048067E-05	-5.77867554E-05	 4.22788955E-05	 3.35798463E-05	 5.01304025E-05	 1.70109535E-05	 2.03432508E-05	 2.44022338E-05	 1.83158517E-05	 1.05944988E-05	 1.03293443E-05	 3.16791862E-06
 4.290000E-01	 2.95325067E-04	 1.90534030E-04	 7.83490356E-05	 3.64734710E-05	 1.19820254E-04	 4.45385777E-05	 8.23496397E-06	-3.49161235E-05	-4.16499489E-05	-5.64224784E-05	 4.24121165E-05	 3.38457005E-05	 5.04250116E-05	 1.64430337E-05	 2.11613321E-05	 2.47045542E-05	 1.82088187E-05	 1.03488865E-05	 1.01032451E-05	 3.19224107E-06
 4.300000E-01	 2.97087163E-04	 1.92408908E-04	 8.05279446E-05	 3.57386660E-05	 1.21347483E-04	 4.60349476E-05	 9.01250627E-06	-3.39034673E-05	-4.06268854E-05	-5.50970721E-05	 4.25468536E-05	 3.41207728E-05	 5.07096107E-05	 1.58638067E-05	 2.19682270E-05	 2.50184840E-05	 1.81212795E-05	 1.01111090E-05	 9.88074519E-06	 3.20939156E-06
 4.310000E-01	 2.98840055E-04	 1.94306124E-04	 8.27723580E-05	 3.49150740E-05	 1.22902936E-04	 4.75445394E-05	 9.79538884E-06	-3.29185021E-05	-3.96344883E-05	-5.38095741E-05	 4.26830926E-05	 3.44050314E-05	 5.09837236E-05	 1.52746175E-05	 2.27650125E-05	 2.53435858E-05	 1.80526228E-05	 9.88105705E-06	 9.66193773E-06	 3.21972604E-06
 4.320000E-01	 3.00583044E-04	 1.96225984E-04	 8.50822085E-05	 3.40034296E-05	 1.24486111E-04	 4.90674904E-05	 1.05841082E-05	-3.19600633E-05	-3.86718058E-05	-5.25590177E-05	 4.28208193E-05	 3.46984516E-05	 5.12472960E-05	 1.46764107E-05	 2.35523243E-05	 2.56794899E-05	 1.80022869E-05	 9.65860343E-06	 9.44689777E-06	 3.22357466E-06
 4.330000E-01	 3.02315352E-04	 1.98169750E-04	 8.74573076E-05	 3.30034755E-05	 1.26096754E-04	 5.06041033E-05	 1.13790596E-05	-3.10271214E-05	-3.77380234E-05	-5.13444618E-05	 4.29599774E-05	 3.50010694E-05	 5.15008812E-05	 1.40695342E-05	 2.43305272E-05	 2.60259108E-05	 1.79697577E-05	 9.44360442E-06	 9.23568337E-06	 3.22124533E-06
 4.340000E-01	 3.04036204E-04	 2.00139039E-04	 8.98974608E-05	 3.19143785E-05	 1.27734636E-04	 5.21547486E-05	 1.21806093E-05	-3.01187232E-05	-3.68323818E-05	-5.01650006E-05	 4.31004797E-05	 3.53129931E-05	 5.17453475E-05	 1.34538023E-05	 2.50999310E-05	 2.63826533E-05	 1.79545665E-05	 9.23590482E-06	 9.02833536E-06	 3.21302743E-06
 4.350000E-01	 3.05744817E-04	 2.02135608E-04	 9.24025228E-05	 3.07349015E-05	 1.29399561E-04	 5.37198493E-05	 1.29891072E-05	-2.92339757E-05	-3.59541522E-05	-4.90197614E-05	 4.32422423E-05	 3.56343705E-05	 5.19816046E-05	 1.28287570E-05	 2.58607666E-05	 2.67495792E-05	 1.79562921E-05	 9.03534668E-06	 8.82487835E-06	 3.19919162E-06
 4.360000E-01	 3.07440465E-04	 2.04161253E-04	 9.49725370E-05	 2.94635160E-05	 1.31091260E-04	 5.52998741E-05	 1.38049233E-05	-2.83720284E-05	-3.51026219E-05	-4.79079102E-05	 4.33852008E-05	 3.59653643E-05	 5.22104998E-05	 1.21939384E-05	 2.66131731E-05	 2.71265528E-05	 1.79745595E-05	 8.84178384E-06	 8.62532697E-06	 3.17999069E-06
 4.370000E-01	 3.09122690E-04	 2.06217358E-04	 9.76080561E-05	 2.80988276E-05	 1.32809034E-04	 5.68952402E-05	 1.46285655E-05	-2.75319967E-05	-3.42770317E-05	-4.68286650E-05	 4.35292910E-05	 3.63061701E-05	 5.24327884E-05	 1.15489922E-05	 2.73574674E-05	 2.75134126E-05	 1.80090268E-05	 8.65509752E-06	 8.42969782E-06	 3.15566627E-06
 4.380000E-01	 3.10791176E-04	 2.08304226E-04	 1.00310165E-04	 2.66400820E-05	 1.34551773E-04	 5.85061896E-05	 1.54607020E-05	-2.67128990E-05	-3.34765080E-05	-4.57812712E-05	 4.36744056E-05	 3.66570285E-05	 5.26489545E-05	 1.08935874E-05	 2.80944732E-05	 2.79100074E-05	 1.80593553E-05	 8.47518313E-06	 8.23801159E-06	 3.12645436E-06
 4.390000E-01	 3.12445550E-04	 2.10421396E-04	 1.03080250E-04	 2.50870150E-05	 1.36318332E-04	 6.01328455E-05	 1.63020600E-05	-2.59137013E-05	-3.27001193E-05	-4.47649819E-05	 4.38203982E-05	 3.70182248E-05	 5.28592285E-05	 1.02273338E-05	 2.88253727E-05	 2.83162372E-05	 1.81252129E-05	 8.30193672E-06	 8.05028909E-06	 3.09258441E-06
 4.400000E-01	 3.14085402E-04	 2.12568274E-04	 1.05919935E-04	 2.34393156E-05	 1.38107657E-04	 6.17753066E-05	 1.71533696E-05	-2.51333723E-05	-3.19469463E-05	-4.37790641E-05	 4.39671151E-05	 3.73900704E-05	 5.30637669E-05	 9.54976666E-06	 2.95513797E-05	 2.87320405E-05	 1.82062954E-05	 8.13525789E-06	 7.86654900E-06	 3.05427486E-06
 4.410000E-01	 3.15710267E-04	 2.14744249E-04	 1.08831141E-04	 2.16963795E-05	 1.39918876E-04	 6.34336914E-05	 1.80153541E-05	-2.43708964E-05	-3.12160921E-05	-4.28227983E-05	 4.41144175E-05	 3.77728933E-05	 5.32626308E-05	 8.86037941E-06	 3.02736385E-05	 2.91573802E-05	 1.83023350E-05	 7.97505340E-06	 7.68680769E-06	 3.01173176E-06
 4.420000E-01	 3.17319554E-04	 2.16948889E-04	 1.11815926E-04	 1.98572197E-05	 1.41751476E-04	 6.51081590E-05	 1.88886641E-05	-2.36253092E-05	-3.05067089E-05	-4.18954773E-05	 4.42622045E-05	 3.81670184E-05	 5.34558093E-05	 8.15864494E-06	 3.09930747E-05	 2.95922315E-05	 1.84130980E-05	 7.82123271E-06	 7.51107578E-06	 2.96514640E-06
 4.430000E-01	 3.18912489E-04	 2.19182569E-04	 1.14876104E-04	 1.79202061E-05	 1.43605511E-04	 6.67989771E-05	 1.97737612E-05	-2.28957797E-05	-2.98180728E-05	-4.09964127E-05	 4.44104296E-05	 3.85727449E-05	 5.36434608E-05	 7.44396638E-06	 3.17101460E-05	 3.00365768E-05	 1.85383812E-05	 7.67369663E-06	 7.33935115E-06	 2.91469185E-06
 4.440000E-01	 3.20488164E-04	 2.21446705E-04	 1.18013084E-04	 1.58829570E-05	 1.45481462E-04	 6.85065421E-05	 2.06709131E-05	-2.21816351E-05	-2.91496008E-05	-4.01249447E-05	 4.45590763E-05	 3.89903554E-05	 5.38261148E-05	 6.71556184E-06	 3.24248513E-05	 3.04904128E-05	 1.86780056E-05	 7.53233191E-06	 7.17161631E-06	 2.86052282E-06
 4.450000E-01	 3.22045633E-04	 2.23743210E-04	 1.21228014E-04	 1.37427333E-05	 1.47379889E-04	 7.02312904E-05	 2.15803077E-05	-2.14822909E-05	-2.85007790E-05	-3.92804427E-05	 4.47081214E-05	 3.94201433E-05	 5.40045560E-05	 5.97242302E-06	 3.31370061E-05	 3.09537569E-05	 1.88318109E-05	 7.39701717E-06	 7.00784240E-06	 2.80277881E-06
 4.460000E-01	 3.23583959E-04	 2.26074103E-04	 1.24521907E-04	 1.14968098E-05	 1.49301269E-04	 7.19736494E-05	 2.25021209E-05	-2.07972026E-05	-2.78711197E-05	-3.84623033E-05	 4.48575321E-05	 3.98624224E-05	 5.41796506E-05	 5.21340638E-06	 3.38463891E-05	 3.14266432E-05	 1.89996558E-05	 7.26763121E-06	 6.84799370E-06	 2.74158676E-06
 4.470000E-01	 3.25102200E-04	 2.28441377E-04	 1.27895602E-04	 9.14272722E-06	 1.51245948E-04	 7.37340037E-05	 2.34365275E-05	-2.01258523E-05	-2.72601494E-05	-3.76699475E-05	 4.50072632E-05	 4.03175084E-05	 5.43522549E-05	 4.43732736E-06	 3.45527969E-05	 3.19091146E-05	 1.91814105E-05	 7.14405382E-06	 6.69202956E-06	 2.67706220E-06
 4.480000E-01	 3.26599293E-04	 2.30846343E-04	 1.31349892E-04	 6.67881515E-06	 1.53214158E-04	 7.55126426E-05	 2.43837586E-05	-1.94676890E-05	-2.66673460E-05	-3.69027997E-05	 4.51572338E-05	 4.07857278E-05	 5.45228663E-05	 3.64307353E-06	 3.52562946E-05	 3.24012296E-05	 1.93769530E-05	 7.02616916E-06	 6.53991022E-06	 2.60931268E-06
 4.490000E-01	 3.28074158E-04	 2.33289155E-04	 1.34886038E-04	 4.10440011E-06	 1.55205773E-04	 7.73097015E-05	 2.53442384E-05	-1.88220368E-05	-2.60920765E-05	-3.61602825E-05	 4.53073130E-05	 4.12674538E-05	 5.46914674E-05	 2.82974026E-06	 3.59573461E-05	 3.29030313E-05	 1.95861827E-05	 6.91388894E-06	 6.39160974E-06	 2.53844154E-06
 4.500000E-01	 3.29525896E-04	 2.35769349E-04	 1.38505974E-04	 1.41941023E-06	 1.57220188E-04	 7.91252078E-05	 2.63186000E-05	-1.81881002E-05	-2.55336425E-05	-3.54418383E-05	 4.54573425E-05	 4.17631163E-05	 5.48578652E-05	 1.99665295E-06	 3.66566277E-05	 3.34145177E-05	 1.98090292E-05	 6.80716539E-06	 6.24712268E-06	 2.46454946E-06
 4.510000E-01	 3.30953658E-04	 2.38286276E-04	 1.42211907E-04	-1.37598841E-06	 1.59256634E-04	 8.09591425E-05	 2.73075507E-05	-1.75650436E-05	-2.49913402E-05	-3.47469281E-05	 4.56071405E-05	 4.22731737E-05	 5.50219781E-05	 1.14315881E-06	 3.73549256E-05	 3.39356680E-05	 2.00454303E-05	 6.70596715E-06	 6.10645581E-06	 2.38773363E-06
 4.520000E-01	 3.32356574E-04	 2.40839285E-04	 1.46006140E-04	-4.28184875E-06	 1.61314320E-04	 8.28114965E-05	 2.83118275E-05	-1.69520243E-05	-2.44644798E-05	-3.40750281E-05	 4.57564683E-05	 4.27981435E-05	 5.51840657E-05	 2.68252070E-07	 3.80532143E-05	 3.44664972E-05	 2.02953185E-05	 6.61025947E-06	 5.96962223E-06	 2.30808858E-06
 4.530000E-01	 3.33733823E-04	 2.43428082E-04	 1.49890919E-04	-7.29893056E-06	 1.63392395E-04	 8.46822872E-05	 2.93321712E-05	-1.63482194E-05	-2.39524114E-05	-3.34256385E-05	 4.59050030E-05	 4.33386531E-05	 5.53449882E-05	-6.29817618E-07	 3.87526299E-05	 3.50071278E-05	 2.05586275E-05	 6.51998945E-06	 5.83663331E-06	 2.22570573E-06
 4.540000E-01	 3.35084671E-04	 2.46053361E-04	 1.53867949E-04	-1.04289824E-05	 1.65490105E-04	 8.65715792E-05	 3.03691831E-05	-1.57529189E-05	-2.34545915E-05	-3.27982989E-05	 4.60524085E-05	 4.38954000E-05	 5.55062362E-05	-1.55358332E-06	 3.94540928E-05	 3.55578190E-05	 2.08353109E-05	 6.43507375E-06	 5.70748096E-06	 2.14066604E-06
 4.550000E-01	 3.36408381E-04	 2.48716920E-04	 1.57938258E-04	-1.36747698E-05	 1.67607128E-04	 8.84795815E-05	 3.14232257E-05	-1.51656021E-05	-2.29706120E-05	-3.21925898E-05	 4.61984644E-05	 4.44690425E-05	 5.56694733E-05	-2.50584545E-06	 4.01579291E-05	 3.61188888E-05	 2.11253604E-05	 6.35541060E-06	 5.58212895E-06	 2.05303107E-06
 4.560000E-01	 3.37704129E-04	 2.51420982E-04	 1.62102567E-04	-1.70397016E-05	 1.69743529E-04	 9.04066399E-05	 3.24945162E-05	-1.45858792E-05	-2.25001359E-05	-3.16081148E-05	 4.63430767E-05	 4.50601516E-05	 5.58360650E-05	-3.48914687E-06	 4.08639768E-05	 3.66906033E-05	 2.14287993E-05	 6.28090460E-06	 5.46052527E-06	 1.96284302E-06
 4.570000E-01	 3.38971047E-04	 2.54167857E-04	 1.66361622E-04	-2.05275366E-05	 1.71899518E-04	 9.23531805E-05	 3.35832407E-05	-1.40134170E-05	-2.20428517E-05	-3.10444954E-05	 4.64862134E-05	 4.56692345E-05	 5.60070338E-05	-4.50557460E-06	 4.15718309E-05	 3.72731494E-05	 2.17456684E-05	 6.21147808E-06	 5.34261612E-06	 1.87013102E-06
 4.580000E-01	 3.40208242E-04	 2.56959918E-04	 1.70716400E-04	-2.41424325E-05	 1.74075360E-04	 9.43197151E-05	 3.46895897E-05	-1.34479209E-05	-2.15984663E-05	-3.05013708E-05	 4.66278912E-05	 4.62967185E-05	 5.61830638E-05	-5.55658373E-06	 4.22808583E-05	 3.78666106E-05	 2.20760235E-05	 6.14707718E-06	 5.22835064E-06	 1.77491293E-06
 4.590000E-01	 3.41414892E-04	 2.59799380E-04	 1.75168670E-04	-2.78888597E-05	 1.76271000E-04	 9.63068555E-05	 3.58139253E-05	-1.28890464E-05	-2.11666677E-05	-2.99783962E-05	 4.67681438E-05	 4.69429719E-05	 5.63645501E-05	-6.64286433E-06	 4.29903432E-05	 3.84709074E-05	 2.24199389E-05	 6.08769673E-06	 5.11769837E-06	 1.67720045E-06
 4.600000E-01	 3.42590115E-04	 2.62687609E-04	 1.79721157E-04	-3.17711442E-05	 1.78485855E-04	 9.83152051E-05	 3.69569178E-05	-1.23362820E-05	-2.07470495E-05	-2.94752195E-05	 4.69068985E-05	 4.76083640E-05	 5.65516389E-05	-7.76459937E-06	 4.36999964E-05	 3.90858340E-05	 2.27774841E-05	 6.03337368E-06	 5.01066475E-06	 1.57700954E-06
 4.610000E-01	 3.43732802E-04	 2.65625068E-04	 1.84377021E-04	-3.57932436E-05	 1.80719149E-04	 1.00345289E-04	 3.81194402E-05	-1.17889709E-05	-2.03391152E-05	-2.89914710E-05	 4.70439369E-05	 4.82932987E-05	 5.67442478E-05	-8.92182712E-06	 4.44101061E-05	 3.97111834E-05	 2.31487105E-05	 5.98415270E-06	 4.90728176E-06	 1.47436385E-06
 4.620000E-01	 3.44841746E-04	 2.68611942E-04	 1.89139421E-04	-3.99586577E-05	 1.82970025E-04	 1.02397506E-04	 3.93024173E-05	-1.12463902E-05	-1.99423377E-05	-2.85267847E-05	 4.71789888E-05	 4.89981820E-05	 5.69421010E-05	-1.01144523E-05	 4.51211248E-05	 4.03467734E-05	 2.35336756E-05	 5.94007944E-06	 4.80759197E-06	 1.36928796E-06
 4.630000E-01	 3.45915650E-04	 2.71648232E-04	 1.94011474E-04	-4.42702371E-05	 1.85237691E-04	 1.04472133E-04	 4.05067610E-05	-1.07077845E-05	-1.95561766E-05	-2.80808041E-05	 4.73118438E-05	 4.97233464E-05	 5.71444661E-05	-1.13418904E-05	 4.58333365E-05	 4.09923846E-05	 2.39324632E-05	 5.90121430E-06	 4.71164461E-06	 1.26180163E-06
 4.640000E-01	 3.46952924E-04	 2.74733621E-04	 1.98996367E-04	-4.87304772E-05	 1.87522109E-04	 1.06569435E-04	 4.17332382E-05	-1.01724464E-05	-1.91800978E-05	-2.76531757E-05	 4.74424599E-05	 5.04689611E-05	 5.73498218E-05	-1.26026602E-05	 4.65466519E-05	 4.16476842E-05	 2.43451692E-05	 5.86763560E-06	 4.61949151E-06	 1.15191514E-06
 4.650000E-01	 3.47951691E-04	 2.77868010E-04	 2.04097238E-04	-5.33422215E-05	 1.89824510E-04	 1.08689772E-04	 4.29822658E-05	-9.63985880E-06	-1.88136427E-05	-2.72435645E-05	 4.75709832E-05	 5.12350417E-05	 5.75563137E-05	-1.38946223E-05	 4.72605148E-05	 4.23122380E-05	 2.47718551E-05	 5.83941419E-06	 4.53117290E-06	 1.03962657E-06
 4.660000E-01	 3.48910251E-04	 2.81052443E-04	 2.09317042E-04	-5.81091046E-05	 1.92146602E-04	 1.10833507E-04	 4.42539561E-05	-9.10970250E-06	-1.84564725E-05	-2.68516873E-05	 4.76975747E-05	 5.20216174E-05	 5.77629915E-05	-1.52160561E-05	 4.79741775E-05	 4.29856555E-05	 2.52125219E-05	 5.81658240E-06	 4.44670965E-06	 9.24927185E-07
 4.670000E-01	 3.49827214E-04	 2.84288909E-04	 2.14658565E-04	-6.30353165E-05	 1.94489731E-04	 1.13000908E-04	 4.55483384E-05	-8.58173490E-06	-1.81083197E-05	-2.64773073E-05	 4.78222596E-05	 5.28288632E-05	 5.79702091E-05	-1.65664933E-05	 4.86870994E-05	 4.36677239E-05	 2.56671370E-05	 5.79912603E-06	 4.36610613E-06	 8.07806709E-07
 4.680000E-01	 3.50701302E-04	 2.87579690E-04	 2.20124440E-04	-6.81252050E-05	 1.96854927E-04	 1.15192189E-04	 4.68654510E-05	-8.05573657E-06	-1.77689427E-05	-2.61202113E-05	 4.79449561E-05	 5.36571239E-05	 5.81791388E-05	-1.79467659E-05	 4.93990219E-05	 4.43584287E-05	 2.61356741E-05	 5.78699615E-06	 4.28935179E-06	 6.88251684E-07
 4.690000E-01	 3.51531306E-04	 2.90927152E-04	 2.25716966E-04	-7.33829161E-05	 1.99242846E-04	 1.17407494E-04	 4.82053693E-05	-7.53148766E-06	-1.74381097E-05	-2.57802016E-05	 4.80654719E-05	 5.45069290E-05	 5.83915551E-05	-1.93589801E-05	 5.01100268E-05	 4.50579507E-05	 2.66181190E-05	 5.78011263E-06	 4.21642317E-06	 5.66245184E-07
 4.700000E-01	 3.52315902E-04	 2.94333156E-04	 2.31438058E-04	-7.88118334E-05	 2.01653671E-04	 1.19646859E-04	 4.95683380E-05	-7.00867166E-06	-1.71155371E-05	-2.54570688E-05	 4.81834366E-05	 5.53790148E-05	 5.86094184E-05	-2.08063846E-05	 5.08207680E-05	 4.57666745E-05	 2.71144974E-05	 5.77837189E-06	 4.14729578E-06	 4.41771111E-07
 4.710000E-01	 3.53053550E-04	 2.97798646E-04	 2.37290092E-04	-8.44146073E-05	 2.04086999E-04	 1.21910264E-04	 5.09549516E-05	-6.48676581E-06	-1.68008385E-05	-2.51505783E-05	 4.82983665E-05	 5.62742876E-05	 5.88342957E-05	-2.22926763E-05	 5.15322357E-05	 4.64850350E-05	 2.76249326E-05	 5.78170173E-06	 4.08196502E-06	 3.14812557E-07
 4.720000E-01	 3.53742553E-04	 3.01324078E-04	 2.43276582E-04	-9.01939844E-05	 2.06542174E-04	 1.24197776E-04	 5.23660785E-05	-5.96509963E-06	-1.64935674E-05	-2.48604900E-05	 4.84098035E-05	 5.71937524E-05	 5.90673140E-05	-2.38213965E-05	 5.22453308E-05	 4.72133666E-05	 2.81496388E-05	 5.79009220E-06	 4.02045123E-06	 1.85347154E-07
 4.730000E-01	 3.54381033E-04	 3.04909781E-04	 2.49401891E-04	-9.61534748E-05	 2.09018814E-04	 1.26509582E-04	 5.38026514E-05	-5.44297492E-06	-1.61932657E-05	-2.45865685E-05	 4.85172902E-05	 5.81385046E-05	 5.93096537E-05	-2.53962189E-05	 5.29609817E-05	 4.79519344E-05	 2.86888465E-05	 5.80356020E-06	 3.96279045E-06	 5.33486815E-08
 4.740000E-01	 3.54967152E-04	 3.08556433E-04	 2.55670658E-04	-1.02297450E-04	 2.11516414E-04	 1.28845863E-04	 5.52656517E-05	-4.91966689E-06	-1.58994774E-05	-2.43285961E-05	 4.86202064E-05	 5.91098498E-05	 5.95633954E-05	-2.70219072E-05	 5.36805266E-05	 4.87010947E-05	 2.92427633E-05	 5.82210719E-06	 3.90902730E-06	-8.12062897E-08
 4.750000E-01	 3.55499618E-04	 3.12265973E-04	 2.62086933E-04	-1.08631029E-04	 2.14033439E-04	 1.31206539E-04	 5.67560810E-05	-4.39443093E-06	-1.56117904E-05	-2.40864119E-05	 4.87177348E-05	 6.01093272E-05	 5.98320314E-05	-2.87048894E-05	 5.44055864E-05	 4.94614717E-05	 2.98115883E-05	 5.84569344E-06	 3.85919406E-06	-2.18341826E-07
 4.760000E-01	 3.55977684E-04	 3.16041752E-04	 2.68653429E-04	-1.15159848E-04	 2.16567762E-04	 1.33591345E-04	 5.82747237E-05	-3.86665529E-06	-1.53298973E-05	-2.38599240E-05	 4.88091799E-05	 6.11384529E-05	 6.01192946E-05	-3.04521106E-05	 5.51371773E-05	 5.02339086E-05	 3.03955630E-05	 5.87425717E-06	 3.81328243E-06	-3.58103028E-07
 4.770000E-01	 3.56400520E-04	 3.19887319E-04	 2.75371718E-04	-1.21889648E-04	 2.19118027E-04	 1.36000165E-04	 5.98220172E-05	-3.33596283E-06	-1.50535821E-05	-2.36490675E-05	 4.88942856E-05	 6.21984176E-05	 6.04271798E-05	-3.22688074E-05	 5.58750104E-05	 5.10191157E-05	 3.09950005E-05	 5.90777724E-06	 3.77125267E-06	-5.00569775E-07
 4.780000E-01	 3.56767062E-04	 3.23805826E-04	 2.82242924E-04	-1.28825822E-04	 2.21683606E-04	 1.38433069E-04	 6.13982287E-05	-2.80210824E-06	-1.47826640E-05	-2.34537802E-05	 4.89731716E-05	 6.32899932E-05	 6.07554839E-05	-3.41572012E-05	 5.66175956E-05	 5.18173877E-05	 3.16102523E-05	 5.94631622E-06	 3.73307272E-06	-6.45846804E-07
 4.790000E-01	 3.57076031E-04	 3.27800023E-04	 2.89268313E-04	-1.35973279E-04	 2.24264317E-04	 1.40890252E-04	 6.30035617E-05	-2.26490345E-06	-1.45169727E-05	-2.32740011E-05	 4.90462423E-05	 6.44134610E-05	 6.11019903E-05	-3.61159141E-05	 5.73623952E-05	 5.26285059E-05	 3.22416749E-05	 5.99003015E-06	 3.69873908E-06	-7.94053330E-07
 4.800000E-01	 3.57325662E-04	 3.31871672E-04	 2.96450501E-04	-1.43336737E-04	 2.26860986E-04	 1.43372238E-04	 6.46382170E-05	-1.72419577E-06	-1.42563202E-05	-2.31096491E-05	 4.91142264E-05	 6.55685866E-05	 6.14624022E-05	-3.81395244E-05	 5.81058614E-05	 5.34515604E-05	 3.28896148E-05	 6.03919610E-06	 3.66829847E-06	-9.45316257E-07
 4.810000E-01	 3.57513672E-04	 3.36021064E-04	 3.03794136E-04	-1.50920792E-04	 2.29475279E-04	 1.45879818E-04	 6.63026091E-05	-1.17971981E-06	-1.40004238E-05	-2.29605995E-05	 4.91778588E-05	 6.67548954E-05	 6.18316528E-05	-4.02199269E-05	 5.88445604E-05	 5.42849741E-05	 3.35543186E-05	 6.09417794E-06	 3.64188255E-06	-1.09974081E-06
 4.820000E-01	 3.57637738E-04	 3.40247768E-04	 3.11304561E-04	-1.58729807E-04	 2.32108508E-04	 1.48413575E-04	 6.79974795E-05	-6.30970781E-07	-1.37488745E-05	-2.28267000E-05	 4.92373478E-05	 6.79720372E-05	 6.22062245E-05	-4.23494505E-05	 5.95767475E-05	 5.51270539E-05	 3.42358355E-05	 6.15529001E-06	 3.61969729E-06	-1.25738156E-06
 4.830000E-01	 3.57695861E-04	 3.44551734E-04	 3.18986535E-04	-1.66768050E-04	 2.34760928E-04	 1.50973680E-04	 6.97237862E-05	-7.72619357E-08	-1.35012005E-05	-2.27078085E-05	 4.92923648E-05	 6.92198873E-05	 6.25847622E-05	-4.45226044E-05	 6.03023383E-05	 5.59764769E-05	 3.49340846E-05	 6.22272921E-06	 3.60196742E-06	-1.41825503E-06
 4.840000E-01	 3.57686173E-04	 3.48933230E-04	 3.26844360E-04	-1.75039805E-04	 2.37432244E-04	 1.53560083E-04	 7.14825702E-05	 4.82172093E-07	-1.32569118E-05	-2.26038009E-05	 4.93424281E-05	 7.04984581E-05	 6.29668159E-05	-4.67355562E-05	 6.10218328E-05	 5.68322664E-05	 3.56489949E-05	 6.29662466E-06	 3.58890488E-06	-1.58236958E-06
 4.850000E-01	 3.57606341E-04	 3.53392440E-04	 3.34882392E-04	-1.83549628E-04	 2.40122761E-04	 1.56172829E-04	 7.32747840E-05	 1.04804379E-06	-1.30155432E-05	-2.25145615E-05	 4.93871427E-05	 7.18077858E-05	 6.33517546E-05	-4.89851671E-05	 6.17356725E-05	 5.76936323E-05	 3.63805472E-05	 6.37708059E-06	 3.58069706E-06	-1.74974809E-06
 4.860000E-01	 3.57452860E-04	 3.57930162E-04	 3.43105633E-04	-1.92303258E-04	 2.42833947E-04	 1.58812448E-04	 7.51010689E-05	 1.62080268E-06	-1.27767952E-05	-2.24400136E-05	 4.94261940E-05	 7.31478337E-05	 6.37389861E-05	-5.12688051E-05	 6.24439892E-05	 5.85599878E-05	 3.71287390E-05	 6.46417040E-06	 3.57747288E-06	-1.92045635E-06
 4.870000E-01	 3.57221270E-04	 3.62549139E-04	 3.51520580E-04	-2.01308498E-04	 2.45567215E-04	 1.61479988E-04	 7.69618373E-05	 2.20062515E-06	-1.25406184E-05	-2.23801748E-05	 4.94591762E-05	 7.45185806E-05	 6.41292438E-05	-5.35850987E-05	 6.31466526E-05	 5.94310409E-05	 3.78935642E-05	 6.55793164E-06	 3.57928565E-06	-2.09461154E-06
 4.880000E-01	 3.56906844E-04	 3.67253717E-04	 3.60135321E-04	-2.10575348E-04	 2.48323280E-04	 1.64176752E-04	 7.88574912E-05	 2.78758546E-06	-1.23071087E-05	-2.23351458E-05	 4.94854771E-05	 7.59202124E-05	 6.45250942E-05	-5.59347605E-05	 6.38437185E-05	 6.03068268E-05	 3.86750245E-05	 6.65836348E-06	 3.58613834E-06	-2.27235689E-06
 4.890000E-01	 3.56504841E-04	 3.72048931E-04	 3.68958840E-04	-2.20115938E-04	 2.51102576E-04	 1.66904262E-04	 8.07884966E-05	 3.38172394E-06	-1.20764175E-05	-2.23050742E-05	 4.95042696E-05	 7.73532383E-05	 6.49305847E-05	-5.83208919E-05	 6.45357901E-05	 6.11877208E-05	 3.94731384E-05	 6.76541737E-06	 3.59800247E-06	-2.45384320E-06
 4.900000E-01	 3.56011570E-04	 3.76940340E-04	 3.77999144E-04	-2.29943855E-04	 2.53904771E-04	 1.69663783E-04	 8.27554289E-05	 3.98316085E-06	-1.18486429E-05	-2.22901334E-05	 4.95144697E-05	 7.88185563E-05	 6.53511032E-05	-6.07491635E-05	 6.52243588E-05	 6.20745105E-05	 4.02879171E-05	 6.87897136E-06	 3.61484077E-06	-2.63920081E-06
 4.910000E-01	 3.55427277E-04	 3.81932094E-04	 3.87259514E-04	-2.40071912E-04	 2.56729851E-04	 1.72455059E-04	 8.47588346E-05	 4.59235244E-06	-1.16234229E-05	-2.22903887E-05	 4.95151321E-05	 8.03174520E-05	 6.57914324E-05	-6.32266295E-05	 6.59118465E-05	 6.29682424E-05	 4.11193447E-05	 6.99883962E-06	 3.63670295E-06	-2.82845378E-06
 4.920000E-01	 3.54757412E-04	 3.87024547E-04	 3.96737375E-04	-2.50510143E-04	 2.59580640E-04	 1.75275799E-04	 8.67989817E-05	 5.21017814E-06	-1.13996467E-05	-2.23056489E-05	 4.95062740E-05	 8.18513198E-05	 6.62521191E-05	-6.57578476E-05	 6.66001025E-05	 6.38694980E-05	 4.19674431E-05	 7.12492088E-06	 3.66382617E-06	-3.02148220E-06
 4.930000E-01	 3.54009985E-04	 3.92215085E-04	 4.06426928E-04	-2.61266007E-04	 2.62462967E-04	 1.78122707E-04	 8.88758289E-05	 5.83768387E-06	-1.11757451E-05	-2.23355020E-05	 4.94890309E-05	 8.34211279E-05	 6.67281461E-05	-6.83410118E-05	 6.72887236E-05	 6.47777440E-05	 4.28323020E-05	 7.25732552E-06	 3.69661601E-06	-3.21809989E-06
 4.940000E-01	 3.53193537E-04	 3.97500246E-04	 4.16320304E-04	-2.72344669E-04	 2.65383845E-04	 1.80992084E-04	 9.09891438E-05	 6.47591728E-06	-1.09500103E-05	-2.23794156E-05	 4.94651404E-05	 8.50270344E-05	 6.72103618E-05	-7.09667394E-05	 6.79751484E-05	 6.56912371E-05	 4.37139550E-05	 7.39634717E-06	 3.73560262E-06	-3.41810501E-06
 4.950000E-01	 3.52315947E-04	 4.02877702E-04	 4.26407775E-04	-2.83748307E-04	 2.68348415E-04	 1.83880014E-04	 9.31388396E-05	 7.12595608E-06	-1.07208155E-05	-2.24368503E-05	 4.94364155E-05	 8.66681098E-05	 6.76870932E-05	-7.36178674E-05	 6.86548609E-05	 6.66071658E-05	 4.46123505E-05	 7.54242432E-06	 3.78139592E-06	-3.62131609E-06
 4.960000E-01	 3.51378062E-04	 4.08350971E-04	 4.36683231E-04	-2.95476816E-04	 2.71352576E-04	 1.86784583E-04	 9.53261358E-05	 7.78879719E-06	-1.04874956E-05	-2.25076657E-05	 4.94038327E-05	 8.83416249E-05	 6.81458283E-05	-7.62679964E-05	 6.93193681E-05	 6.75218958E-05	 4.55277900E-05	 7.69624602E-06	 3.83445647E-06	-3.82780526E-06
 4.970000E-01	 3.50367855E-04	 4.13931294E-04	 4.47148242E-04	-3.07527220E-04	 2.74377932E-04	 1.89708086E-04	 9.75544407E-05	 8.46517075E-06	-1.02510916E-05	-2.25924911E-05	 4.93669081E-05	 9.00423021E-05	 6.85734527E-05	-7.88793656E-05	 6.99541896E-05	 6.84311375E-05	 4.64613685E-05	 7.85885823E-06	 3.89487567E-06	-4.03810721E-06
 4.980000E-01	 3.49265170E-04	 4.19632542E-04	 4.57806592E-04	-3.19888241E-04	 2.77394906E-04	 1.92655215E-04	 9.98287573E-05	 9.15579329E-06	-1.00137161E-05	-2.26925634E-05	 4.93243799E-05	 9.17624003E-05	 6.89543608E-05	-8.14017742E-05	 7.05396632E-05	 6.93296549E-05	 4.74147339E-05	 8.03163936E-06	 3.96252138E-06	-4.25306166E-06
 4.990000E-01	 3.48048239E-04	 4.25466512E-04	 4.68658347E-04	-3.32534491E-04	 2.80366079E-04	 1.95630221E-04	 1.02154901E-04	 9.86177059E-06	-9.77768951E-06	-2.28094459E-05	 4.92750039E-05	 9.34919836E-05	 6.92691474E-05	-8.37721253E-05	 7.10522108E-05	 7.02108578E-05	 4.83896860E-05	 8.21625318E-06	 4.03726513E-06	-4.47359322E-06
 5.000000E-01	 3.46696212E-04	 4.31439636E-04	 4.79697990E-04	-3.45423035E-04	 2.83249296E-04	 1.98635816E-04	 1.04538877E-04	 1.05846425E-05	-9.54514609E-06	-2.29448416E-05	 4.92181190E-05	 9.52190435E-05	 6.94938084E-05	-8.59139868E-05	 7.14648535E-05	 7.10664486E-05	 4.93879389E-05	 8.41462640E-06	 4.11909278E-06	-4.70060641E-06
 5.010000E-01	 3.45198362E-04	 4.37546361E-04	 4.90905945E-04	-3.58488561E-04	 2.86006735E-04	 2.01669682E-04	 1.06984912E-04	 1.13263768E-05	-9.31689230E-06	-2.30999939E-05	 4.91548696E-05	 9.69305080E-05	 6.95992932E-05	-8.77402287E-05	 7.17510477E-05	 7.18859420E-05	 5.04101576E-05	 8.62865324E-06	 4.20842350E-06	-4.93462368E-06
 5.020000E-01	 3.43563694E-04	 4.43766881E-04	 5.02237149E-04	-3.71638818E-04	 2.88609899E-04	 2.04720168E-04	 1.09493784E-04	 1.20895137E-05	-9.09134889E-06	-2.32751143E-05	 4.90884798E-05	 9.86134008E-05	 6.95545528E-05	-8.91594864E-05	 7.18907805E-05	 7.26570422E-05	 5.14548168E-05	 8.85967259E-06	 4.30639505E-06	-5.17540849E-06
 5.030000E-01	 3.41815494E-04	 4.50073859E-04	 5.13622546E-04	-3.84754571E-04	 2.91031309E-04	 2.07767491E-04	 1.12063969E-04	 1.28771575E-05	-8.86529047E-06	-2.34696596E-05	 4.90226281E-05	 1.00254646E-04	 6.93314457E-05	-9.00810092E-05	 7.18715450E-05	 7.33669962E-05	 5.25184929E-05	 9.10831872E-06	 4.41462219E-06	-5.42214951E-06
 5.040000E-01	 3.39981907E-04	 4.56437292E-04	 5.24976169E-04	-3.97690130E-04	 2.93236605E-04	 2.10787186E-04	 1.14693287E-04	 1.36927883E-05	-8.63495030E-06	-2.36827901E-05	 4.89604284E-05	 1.01840583E-04	 6.89061162E-05	-9.04159437E-05	 7.16855143E-05	 7.40034880E-05	 5.35968160E-05	 9.37470859E-06	 4.53483907E-06	-5.67380946E-06
 5.050000E-01	 3.38091966E-04	 4.62825063E-04	 5.36198193E-04	-4.10272345E-04	 2.95182535E-04	 2.13751659E-04	 1.17379476E-04	 1.45401731E-05	-8.39639144E-06	-2.39135193E-05	 4.89042379E-05	 1.03356981E-04	 6.82587896E-05	-9.00783151E-05	 7.13281804E-05	 7.45549426E-05	 5.46849296E-05	 9.65857530E-06	 4.66876317E-06	-5.92926970E-06
 5.060000E-01	 3.36167561E-04	 4.69205548E-04	 5.47182260E-04	-4.22301409E-04	 2.96811522E-04	 2.16633123E-04	 1.20121804E-04	 1.54235393E-05	-8.14619694E-06	-2.41611161E-05	 4.88543939E-05	 1.04788698E-04	 6.73758484E-05	-8.89864613E-05	 7.07970348E-05	 7.50111500E-05	 5.57781907E-05	 9.95953998E-06	 4.81789661E-06	-6.18758944E-06
 5.070000E-01	 3.34216861E-04	 4.75549884E-04	 5.57824944E-04	-4.33553032E-04	 2.98045550E-04	 2.19406089E-04	 1.22922713E-04	 1.63479126E-05	-7.88206840E-06	-2.44255479E-05	 4.88081240E-05	 1.06119583E-04	 6.62524772E-05	-8.70650004E-05	 7.00900819E-05	 7.53637427E-05	 5.68728511E-05	 1.02774253E-05	 4.98335171E-06	-6.44823867E-06
 5.080000E-01	 3.32239759E-04	 4.81829034E-04	 5.68024504E-04	-4.43779493E-04	 2.98790215E-04	 2.22045840E-04	 1.25786776E-04	 1.73190301E-05	-7.60231544E-06	-2.47072573E-05	 4.87603702E-05	 1.07333502E-04	 6.48929461E-05	-8.42484233E-05	 6.92075191E-05	 7.56061981E-05	 5.79657094E-05	 1.06120902E-05	 5.16594931E-06	-6.71093256E-06
 5.090000E-01	 3.30235083E-04	 4.88010723E-04	 5.77675132E-04	-4.52711788E-04	 2.98941836E-04	 2.24526349E-04	 1.28718916E-04	 1.83429787E-05	-7.30520979E-06	-2.50067719E-05	 4.87046944E-05	 1.08415402E-04	 6.33105648E-05	-8.04855342E-05	 6.81549984E-05	 7.57340177E-05	 5.90534483E-05	 1.09630532E-05	 5.36635031E-06	-6.97539344E-06
 5.100000E-01	 3.28203710E-04	 4.94060850E-04	 5.86664537E-04	-4.60063857E-04	 2.98388417E-04	 2.26819478E-04	 1.31723851E-04	 1.94260026E-05	-6.98887169E-06	-2.53246277E-05	 4.86332861E-05	 1.09351786E-04	 6.15286838E-05	-7.57431732E-05	 6.69453361E-05	 7.57453948E-05	 6.01324634E-05	 1.13292439E-05	 5.58502976E-06	-7.24128910E-06
 5.110000E-01	 3.26152357E-04	 4.99944969E-04	 5.94872150E-04	-4.65539018E-04	 2.97012399E-04	 2.28894497E-04	 1.34805032E-04	 2.05738266E-05	-6.65132924E-06	-2.56612878E-05	 4.85379423E-05	 1.10130958E-04	 5.95782575E-05	-7.00068729E-05	 6.55971343E-05	 7.56416843E-05	 6.11990290E-05	 1.17087822E-05	 5.82215207E-06	-7.50822897E-06
 5.120000E-01	 3.24094036E-04	 5.05626820E-04	 6.02173529E-04	-4.68840375E-04	 2.94699325E-04	 2.30720120E-04	 1.37963606E-04	 2.17906697E-05	-6.29068632E-06	-2.60169845E-05	 4.84118982E-05	 1.10743295E-04	 5.74915784E-05	-6.32778044E-05	 6.41303928E-05	 7.54269718E-05	 6.22498301E-05	 1.20991060E-05	 6.07747717E-06	-7.77583729E-06
 5.130000E-01	 3.22043319E-04	 5.11067633E-04	 6.08451329E-04	-4.69684050E-04	 2.91344821E-04	 2.32267962E-04	 1.41198757E-04	 2.30790697E-05	-5.90529131E-06	-2.63917023E-05	 4.82501376E-05	 1.11181511E-04	 5.52993640E-05	-5.55709311E-05	 6.25640666E-05	 7.51074601E-05	 6.32824126E-05	 1.24973813E-05	 6.35039893E-06	-8.04386531E-06
 5.140000E-01	 3.20013132E-04	 5.16228764E-04	 6.13604500E-04	-4.67812742E-04	 2.86857849E-04	 2.33514592E-04	 1.44508371E-04	 2.44401152E-05	-5.49379802E-06	-2.67852321E-05	 4.80485529E-05	 1.11440917E-04	 5.30325830E-05	-4.69166970E-05	 6.09171960E-05	 7.46915657E-05	 6.42952131E-05	 1.29006741E-05	 6.64001496E-06	-8.31222211E-06
 5.150000E-01	 3.18013650E-04	 5.21073703E-04	 6.17555540E-04	-4.63009493E-04	 2.81165296E-04	 2.34442969E-04	 1.47889224E-04	 2.58735435E-05	-5.05510119E-06	-2.71971292E-05	 4.78036543E-05	 1.11519831E-04	 5.07234981E-05	-3.73629905E-05	 5.92100538E-05	 7.41900585E-05	 6.52875195E-05	 1.33060232E-05	 6.94520280E-06	-8.58094993E-06
 5.160000E-01	 3.16051082E-04	 5.25568866E-04	 6.20256445E-04	-4.55110012E-04	 2.74217195E-04	 2.35043431E-04	 1.51337422E-04	 2.73783151E-05	-4.58794718E-06	-2.76265482E-05	 4.75122676E-05	 1.11420097E-04	 4.84058353E-05	-2.69766639E-05	 5.74657538E-05	 7.36159933E-05	 6.62593876E-05	 1.37106295E-05	 7.26482199E-06	-8.85014042E-06
 5.170000E-01	 3.14127843E-04	 5.29685675E-04	 6.21688509E-04	-4.44012103E-04	 2.65990765E-04	 2.35313717E-04	 1.54848327E-04	 2.89528682E-05	-4.09069374E-06	-2.80721434E-05	 4.71709892E-05	 1.11147108E-04	 4.61153315E-05	-1.58446738E-05	 5.57123948E-05	 7.29850701E-05	 6.72114425E-05	 1.41117966E-05	 7.59781840E-06	-9.11985902E-06
 5.180000E-01	 3.12243831E-04	 5.33404052E-04	 6.21861291E-04	-4.29683390E-04	 2.56491967E-04	 2.35259458E-04	 1.58416100E-04	 3.05944657E-05	-3.56169971E-06	-2.85322035E-05	 4.67764836E-05	 1.10709411E-04	 4.38886366E-05	-4.07226931E-06	 5.39814251E-05	 7.23158902E-05	 6.81450623E-05	 1.45067970E-05	 7.94307180E-06	-9.39021050E-06
 5.190000E-01	 3.10396323E-04	 5.36713378E-04	 6.20814934E-04	-4.12167247E-04	 2.45757087E-04	 2.34895370E-04	 1.62033534E-04	 3.22986053E-05	-2.99976239E-06	-2.90048016E-05	 4.63264775E-05	 1.10118465E-04	 4.17598104E-05	 8.22168889E-06	 5.23030901E-05	 7.16293120E-05	 6.90628390E-05	 1.48930362E-05	 8.29927090E-06	-9.66145829E-06
 5.200000E-01	 3.08578797E-04	 5.39611324E-04	 6.18621992E-04	-3.91585565E-04	 2.33855253E-04	 2.34246889E-04	 1.65691984E-04	 3.40584681E-05	-2.40454383E-06	-2.94879509E-05	 4.58204455E-05	 1.09388498E-04	 3.97580414E-05	 2.09091400E-05	 5.07034607E-05	 7.09473799E-05	 6.99687132E-05	 1.52682321E-05	 8.66486499E-06	-9.93411922E-06
 5.210000E-01	 3.06781175E-04	 5.42105062E-04	 6.15386780E-04	-3.68136853E-04	 2.20885716E-04	 2.33350518E-04	 1.69381267E-04	 3.58642573E-05	-1.77723092E-06	-2.99799577E-05	 4.52593133E-05	 1.08536048E-04	 3.79100447E-05	 3.38552419E-05	 4.92046597E-05	 7.02924928E-05	 7.08675348E-05	 1.56302718E-05	 9.03795496E-06	-1.02090424E-05
 5.220000E-01	 3.04991721E-04	 5.44213600E-04	 6.11240965E-04	-3.42087521E-04	 2.06970278E-04	 2.32251138E-04	 1.73090021E-04	 3.77036478E-05	-1.12057066E-06	-3.04796407E-05	 4.46444844E-05	 1.07579136E-04	 3.62433225E-05	 4.69207547E-05	 4.78269267E-05	 6.96869714E-05	 7.17644808E-05	 1.59770535E-05	 9.41633843E-06	-1.04873660E-05
 5.230000E-01	 3.03198161E-04	 5.45966259E-04	 6.06335878E-04	-3.13758201E-04	 1.92248006E-04	 2.30998698E-04	 1.76806422E-04	 3.95631100E-05	-4.38186141E-07	-3.09862201E-05	 4.39774546E-05	 1.06536398E-04	 3.47846364E-05	 5.99672026E-05	 4.65889534E-05	 6.91525044E-05	 7.26648970E-05	 1.63066571E-05	 9.79775482E-06	-1.07703981E-05
 5.240000E-01	 3.01388004E-04	 5.47399585E-04	 6.00834441E-04	-2.83508394E-04	 1.76871115E-04	 2.29646079E-04	 1.80518834E-04	 4.14288555E-05	 2.65900234E-07	-3.14992175E-05	 4.32600349E-05	 1.05426311E-04	 3.35564241E-05	 7.28635428E-05	 4.55061558E-05	 6.87093294E-05	 7.35744029E-05	 1.66176120E-05	 1.01800661E-05	-1.10595581E-05
 5.250000E-01	 2.99549388E-04	 5.48554859E-04	 5.94901662E-04	-2.51719557E-04	 1.61000498E-04	 2.28246321E-04	 1.84216303E-04	 4.32878263E-05	 9.87845861E-07	-3.20182930E-05	 4.24943475E-05	 1.04266415E-04	 3.25741063E-05	 8.54918262E-05	 4.45895811E-05	 6.83756124E-05	 7.44989113E-05	 1.69090904E-05	 1.05614503E-05	-1.13562867E-05
 5.260000E-01	 2.97671283E-04	 5.49474398E-04	 5.88696375E-04	-2.18778328E-04	 1.44801895E-04	 2.26850168E-04	 1.87889296E-04	 4.51289599E-05	 1.72480332E-06	-3.25429414E-05	 4.16830116E-05	 1.03072935E-04	 3.18432337E-05	 9.77515117E-05	 4.38445913E-05	 6.81668172E-05	 7.54447328E-05	 1.71812157E-05	 1.09406785E-05	-1.16619149E-05
 5.270000E-01	 2.95742798E-04	 5.50198619E-04	 5.82368464E-04	-1.85062988E-04	 1.28440040E-04	 2.25505594E-04	 1.91530359E-04	 4.69435020E-05	 2.47492123E-06	-3.30725130E-05	 4.08295224E-05	 1.01860833E-04	 3.13592382E-05	 1.09561403E-04	 4.32693463E-05	 6.80949664E-05	 7.64185613E-05	 1.74352227E-05	 1.13171642E-05	-1.19776563E-05
 5.280000E-01	 2.93753159E-04	 5.50765447E-04	 5.76056612E-04	-1.50931953E-04	 1.12072117E-04	 2.24257227E-04	 1.95133967E-04	 4.87244701E-05	 3.23680301E-06	-3.36064873E-05	 3.99378914E-05	 1.00643508E-04	 3.11111251E-05	 1.20858899E-04	 4.28561728E-05	 6.81684403E-05	 7.74269785E-05	 1.76731730E-05	 1.16908094E-05	-1.23046526E-05
 5.290000E-01	 2.91692986E-04	 5.51211655E-04	 5.69884372E-04	-1.16712797E-04	 9.58414951E-05	 2.23143861E-04	 1.98695972E-04	 5.04664773E-05	 4.00936357E-06	-3.41446158E-05	 3.90117509E-05	 9.94320396E-05	 3.10853524E-05	 1.31599012E-04	 4.25940508E-05	 6.83924683E-05	 7.84759507E-05	 1.78975457E-05	 1.20618950E-05	-1.26439605E-05
 5.300000E-01	 2.89555345E-04	 5.51574665E-04	 5.63959222E-04	-8.26941586E-05	 7.98698460E-05	 2.22196737E-04	 2.02213237E-04	 5.21653650E-05	 4.79141679E-06	-3.46872095E-05	 3.80542713E-05	 9.82346513E-05	 3.12667141E-05	 1.41754609E-04	 4.24671748E-05	 6.87698161E-05	 7.95710253E-05	 1.81109852E-05	 1.24308169E-05	-1.29966685E-05
 5.310000E-01	 2.87334944E-04	 5.51890246E-04	 5.58372402E-04	-4.91212142E-05	 6.42527936E-05	 2.21441561E-04	 2.05683970E-04	 5.38173892E-05	 5.58084212E-06	-3.52355193E-05	 3.70692480E-05	 9.70572446E-05	 3.16362081E-05	 1.51315230E-04	 4.24517118E-05	 6.93011659E-05	 8.07179482E-05	 1.83162661E-05	 1.27977457E-05	-1.33641146E-05
 5.320000E-01	 2.85026862E-04	 5.52187857E-04	 5.53196848E-04	-1.61935961E-05	 4.90617517E-05	 2.20900465E-04	 2.09108443E-04	 5.54193604E-05	 6.37467067E-06	-3.57916405E-05	 3.60616499E-05	 9.59047311E-05	 3.21703548E-05	 1.60281502E-04	 4.25173781E-05	 6.99853278E-05	 8.19226796E-05	 1.85163447E-05	 1.31626767E-05	-1.37478572E-05
 5.330000E-01	 2.82626451E-04	 5.52489611E-04	 5.48487220E-04	 1.59338381E-05	 3.43465765E-05	 2.20591639E-04	 2.12489275E-04	 5.69694034E-05	 7.16977042E-06	-3.63581777E-05	 3.50370636E-05	 9.47821712E-05	 3.28444415E-05	 1.68657163E-04	 4.26329884E-05	 7.08198045E-05	 8.31908342E-05	 1.87142674E-05	 1.35256593E-05	-1.41494786E-05
 5.340000E-01	 2.80128798E-04	 5.52809418E-04	 5.44281772E-04	 4.71480247E-05	 2.01380998E-05	 2.20529949E-04	 2.15831684E-04	 5.84673116E-05	 7.96320596E-06	-3.69380223E-05	 3.40012186E-05	 9.36956642E-05	 3.36361852E-05	 1.76442275E-04	 4.27718705E-05	 7.18011688E-05	 8.45270706E-05	 1.89130430E-05	 1.38869478E-05	-1.45704308E-05
 5.350000E-01	 2.77528256E-04	 5.53152300E-04	 5.40603451E-04	 7.73742525E-05	 6.45324870E-06	 2.20726708E-04	 2.19143475E-04	 5.99152043E-05	 8.75302493E-06	-3.75338921E-05	 3.29591006E-05	 9.26525140E-05	 3.45290419E-05	 1.83629865E-04	 4.29176625E-05	 7.29250429E-05	 8.59342918E-05	 1.91155911E-05	 1.42473202E-05	-1.50117826E-05
 5.360000E-01	 2.74819796E-04	 5.53518211E-04	 5.37460371E-04	 1.06572277E-04	-6.69889261E-06	 2.21186335E-04	 2.22433257E-04	 6.13177537E-05	 9.53913446E-06	-3.81478468E-05	 3.19134450E-05	 9.16595875E-05	 3.55144487E-05	 1.90209064E-04	 4.30672737E-05	 7.41864845E-05	 8.74131498E-05	 1.93245210E-05	 1.46082775E-05	-1.54740288E-05
 5.370000E-01	 2.72000292E-04	 5.53906443E-04	 5.34848567E-04	 1.34731815E-04	-1.93169041E-05	 2.21905408E-04	 2.25708954E-04	 6.26812720E-05	 1.03229311E-05	-3.87814107E-05	 3.08646737E-05	 9.07215683E-05	 3.65896228E-05	 1.96173152E-04	 4.32258747E-05	 7.55802167E-05	 8.89627110E-05	 1.95420708E-05	 1.49717867E-05	-1.59572539E-05
 5.380000E-01	 2.69067855E-04	 5.54315070E-04	 5.32754763E-04	 1.61867807E-04	-3.14097770E-05	 2.22875824E-04	 2.28978298E-04	 6.40128308E-05	 1.11064326E-05	-3.94359242E-05	 2.98122411E-05	 8.98408823E-05	 3.77526324E-05	 2.01525054E-04	 4.33993560E-05	 7.71001344E-05	 9.05815171E-05	 1.97703975E-05	 1.53399943E-05	-1.64613925E-05
 5.390000E-01	 2.66020921E-04	 5.54739350E-04	 5.31158267E-04	 1.88014629E-04	-4.29968520E-05	 2.24088365E-04	 2.32249337E-04	 6.53194559E-05	 1.18914854E-05	-4.01128637E-05	 2.87555633E-05	 8.90182276E-05	 3.90002433E-05	 2.06277914E-04	 4.35911752E-05	 7.87389113E-05	 9.22679960E-05	 2.00116748E-05	 1.57150254E-05	-1.69864018E-05
 5.400000E-01	 2.62858330E-04	 5.55173329E-04	 5.30036018E-04	 2.13219065E-04	-5.41079224E-05	 2.25534353E-04	 2.35530071E-04	 6.66071428E-05	 1.26788548E-05	-4.08142991E-05	 2.76941798E-05	 8.82527218E-05	 4.03291334E-05	 2.10454567E-04	 4.38019552E-05	 8.04878227E-05	 9.40203558E-05	 2.02678824E-05	 1.60987109E-05	-1.75324263E-05
 5.410000E-01	 2.59579644E-04	 5.55612170E-04	 5.29367535E-04	 2.37534750E-04	-6.47821425E-05	 2.27204912E-04	 2.38828052E-04	 6.78808420E-05	 1.34682099E-05	-4.15429483E-05	 2.66274675E-05	 8.75417556E-05	 4.17368717E-05	 2.14088446E-04	 4.40293240E-05	 8.23365288E-05	 9.58364782E-05	 2.05407781E-05	 1.64925714E-05	-1.80998065E-05
 5.420000E-01	 2.56185013E-04	 5.56052219E-04	 5.29134817E-04	 2.61019458E-04	-7.50631154E-05	 2.29089744E-04	 2.42150189E-04	 6.91451310E-05	 1.42589262E-05	-4.23017597E-05	 2.55542880E-05	 8.68806192E-05	 4.32209789E-05	 2.17225582E-04	 4.42675961E-05	 8.42730166E-05	 9.77139906E-05	 2.08320779E-05	 1.68980611E-05	-1.86889400E-05
 5.430000E-01	 2.52675485E-04	 5.56491938E-04	 5.29321479E-04	 2.83733082E-04	-8.49937451E-05	 2.31175562E-04	 2.45502037E-04	 7.04045299E-05	 1.50507256E-05	-4.30935473E-05	 2.44727189E-05	 8.62618501E-05	 4.47773474E-05	 2.19927124E-04	 4.45060820E-05	 8.62839683E-05	 9.96506117E-05	 2.11435654E-05	 1.73166953E-05	-1.93002097E-05
 5.440000E-01	 2.49053346E-04	 5.56932861E-04	 5.29910943E-04	 3.05736340E-04	-9.46121940E-05	 2.33444600E-04	 2.48887321E-04	 7.16639510E-05	 1.58444586E-05	-4.39205274E-05	 2.33800933E-05	 8.56751280E-05	 4.63977937E-05	 2.22269220E-04	 4.47261676E-05	 8.83556857E-05	 1.01644930E-04	 2.14772992E-05	 1.77501642E-05	-1.99339272E-05
 5.450000E-01	 2.45320785E-04	 5.57375854E-04	 5.30882469E-04	 3.27090597E-04	-1.03952331E-04	 2.35877627E-04	 2.52309680E-04	 7.29293137E-05	 1.66424868E-05	-4.47840185E-05	 2.22739715E-05	 8.51091973E-05	 4.80681924E-05	 2.24334533E-04	 4.49011138E-05	 9.04750454E-05	 1.03696960E-04	 2.18359065E-05	 1.82004704E-05	-2.05902600E-05
 5.460000E-01	 2.41478515E-04	 5.57817748E-04	 5.32211282E-04	 3.47855748E-04	-1.13047468E-04	 2.38458772E-04	 2.55774523E-04	 7.42072703E-05	 1.74478749E-05	-4.56848031E-05	 2.11530327E-05	 8.45544225E-05	 4.97711251E-05	 2.26198876E-04	 4.50011571E-05	 9.26302278E-05	 1.05807668E-04	 2.22223783E-05	 1.86697842E-05	-2.12692618E-05
 5.470000E-01	 2.37526034E-04	 5.58252883E-04	 5.33872440E-04	 3.68086681E-04	-1.21929817E-04	 2.41175782E-04	 2.59288203E-04	 7.55044218E-05	 1.82637389E-05	-4.66234790E-05	 2.00166626E-05	 8.40034533E-05	 5.14907238E-05	 2.27923491E-04	 4.49996503E-05	 9.48113878E-05	 1.07978048E-04	 2.26394858E-05	 1.91602304E-05	-2.19709110E-05
 5.480000E-01	 2.33462433E-04	 5.58675995E-04	 5.35844876E-04	 3.87831740E-04	-1.30629691E-04	 2.44018199E-04	 2.62856599E-04	 7.68268145E-05	 1.90930149E-05	-4.76006264E-05	 1.88643999E-05	 8.34507564E-05	 5.32150533E-05	 2.29554890E-04	 4.48751138E-05	 9.70108537E-05	 1.10208720E-04	 2.30894541E-05	 1.96737564E-05	-2.26951576E-05
 5.490000E-01	 2.29287001E-04	 5.59083529E-04	 5.38114330E-04	 4.07133181E-04	-1.39178419E-04	 2.46977068E-04	 2.66484579E-04	 7.81792722E-05	 1.99376819E-05	-4.86172908E-05	 1.76961814E-05	 8.28924441E-05	 5.49360631E-05	 2.31127015E-04	 4.46100455E-05	 9.92228142E-05	 1.12499975E-04	 2.35738126E-05	 2.02118600E-05	-2.34421081E-05
 5.500000E-01	 2.24999498E-04	 5.59473020E-04	 5.40671803E-04	 4.26028941E-04	-1.47608775E-04	 2.50045100E-04	 2.70175977E-04	 7.95650485E-05	 2.07983242E-05	-4.96752507E-05	 1.65126491E-05	 8.23262988E-05	 5.66484263E-05	 2.32662303E-04	 4.41900872E-05	 1.01443205E-04	 1.14851967E-04	 2.40933448E-05	 2.07754285E-05	-2.42121486E-05
 5.510000E-01	 2.20599881E-04	 5.59841774E-04	 5.43509605E-04	 4.44554679E-04	-1.55953188E-04	 2.53216326E-04	 2.73934100E-04	 8.09864667E-05	 2.16747770E-05	-5.07766787E-05	 1.53151109E-05	 8.17520493E-05	 5.83483673E-05	 2.34170282E-04	 4.36046299E-05	 1.03669888E-04	 1.17264880E-04	 2.46482766E-05	 2.13649347E-05	-2.50058447E-05
 5.520000E-01	 2.16087541E-04	 5.60184659E-04	 5.46618347E-04	 4.62745182E-04	-1.64245007E-04	 2.56487552E-04	 2.77763247E-04	 8.24457099E-05	 2.25665309E-05	-5.19239248E-05	 1.41057013E-05	 8.11723588E-05	 6.00338328E-05	 2.35643142E-04	 4.28497580E-05	 1.05902578E-04	 1.19738699E-04	 2.52384727E-05	 2.19806535E-05	-2.58238036E-05
 5.530000E-01	 2.11460255E-04	 5.60491396E-04	 5.49983872E-04	 4.80635256E-04	-1.72518464E-04	 2.59860083E-04	 2.81670266E-04	 8.39455966E-05	 2.34731459E-05	-5.31192739E-05	 1.28870969E-05	 8.05931897E-05	 6.17060505E-05	 2.37053404E-04	 4.19334079E-05	 1.08142316E-04	 1.22272373E-04	 2.58635203E-05	 2.26229639E-05	-2.66664518E-05
 5.540000E-01	 2.06714463E-04	 5.60749144E-04	 5.53588586E-04	 4.98258541E-04	-1.80802206E-04	 2.63335933E-04	 2.85662985E-04	 8.54901646E-05	 2.43955013E-05	-5.43642589E-05	 1.16609635E-05	 8.00213663E-05	 6.33704749E-05	 2.38363777E-04	 4.08753819E-05	 1.10390695E-04	 1.24863349E-04	 2.65228548E-05	 2.32927643E-05	-2.75337850E-05
 5.550000E-01	 2.01846796E-04	 5.60948038E-04	 5.57416858E-04	 5.15645927E-04	-1.89115007E-04	 2.66912775E-04	 2.89747065E-04	 8.70841525E-05	 2.53362021E-05	-5.56594382E-05	 1.04269769E-05	 7.94612810E-05	 6.50347923E-05	 2.39544808E-04	 3.96985564E-05	 1.12648816E-04	 1.27508344E-04	 2.72159817E-05	 2.39914817E-05	-2.84254637E-05
 5.560000E-01	 1.96854628E-04	 5.61081852E-04	 5.61456634E-04	 5.32826533E-04	-1.97469797E-04	 2.70584453E-04	 2.93925723E-04	 8.87322598E-05	 2.62987676E-05	-5.70048371E-05	 9.18352864E-06	 7.89140767E-05	 6.67055372E-05	 2.40584298E-04	 3.84201690E-05	 1.14916311E-04	 1.30204369E-04	 2.79427583E-05	 2.47208096E-05	-2.93410906E-05
 5.570000E-01	 1.91735898E-04	 5.61146190E-04	 5.65698125E-04	 5.49828446E-04	-2.05878223E-04	 2.74343610E-04	 2.98200822E-04	 9.04387703E-05	 2.72867997E-05	-5.84004104E-05	 7.92865092E-06	 7.83784679E-05	 6.83865724E-05	 2.41486322E-04	 3.70490189E-05	 1.17191169E-04	 1.32949166E-04	 2.87034616E-05	 2.54824916E-05	-3.02803852E-05
 5.580000E-01	 1.86489362E-04	 5.61138173E-04	 5.70134665E-04	 5.66677563E-04	-2.14353461E-04	 2.78183242E-04	 3.02573204E-04	 9.22069484E-05	 2.83030193E-05	-5.98466213E-05	 6.66061892E-06	 7.78517715E-05	 7.00796522E-05	 2.42266715E-04	 3.55860835E-05	 1.19469977E-04	 1.35741207E-04	 2.94985359E-05	 2.62780160E-05	-3.12433625E-05
 5.590000E-01	 1.81114543E-04	 5.61055934E-04	 5.74763510E-04	 5.83396927E-04	-2.22912598E-04	 2.82097842E-04	 3.07043408E-04	 9.40389110E-05	 2.93486910E-05	-6.13448084E-05	 5.37827747E-06	 7.73309556E-05	 7.17857660E-05	 2.42947979E-04	 3.40272380E-05	 1.21747976E-04	 1.38579342E-04	 3.03283935E-05	 2.71084651E-05	-3.22303852E-05
 5.600000E-01	 1.75611221E-04	 5.60897917E-04	 5.79584463E-04	 6.00006735E-04	-2.31574481E-04	 2.86082952E-04	 3.11612134E-04	 9.59362599E-05	 3.04242701E-05	-6.28968330E-05	 4.08057319E-06	 7.68125595E-05	 7.35062149E-05	 2.43558083E-04	 3.23658996E-05	 1.24019148E-04	 1.41462338E-04	 3.11934269E-05	 2.79747625E-05	-3.32419722E-05
 5.610000E-01	 1.69979769E-04	 5.60665444E-04	 5.84601415E-04	 6.16523158E-04	-2.40353446E-04	 2.90131262E-04	 3.16278544E-04	 9.79003622E-05	 3.15304213E-05	-6.45044953E-05	 2.76558196E-06	 7.62909603E-05	 7.52423293E-05	 2.44137131E-04	 3.05898522E-05	 1.26276424E-04	 1.44389183E-04	 3.20941256E-05	 2.88778850E-05	-3.42786835E-05
 5.620000E-01	 1.64221550E-04	 5.60365313E-04	 5.89823694E-04	 6.32958599E-04	-2.49254992E-04	 2.94228831E-04	 3.21038443E-04	 9.99324521E-05	 3.26690116E-05	-6.61689125E-05	 1.43014360E-06	 7.57572770E-05	 7.69932769E-05	 2.44741999E-04	 2.86746187E-05	 1.28512355E-04	 1.47360249E-04	 3.30313968E-05	 2.98189786E-05	-3.53411177E-05
 5.630000E-01	 1.58337566E-04	 5.60005044E-04	 5.95259280E-04	 6.49326106E-04	-2.58280422E-04	 2.98359340E-04	 3.25886816E-04	 1.02034267E-04	 3.38433597E-05	-6.78902700E-05	 7.10282095E-08	 7.52018628E-05	 7.87546092E-05	 2.45433103E-04	 2.65862394E-05	 1.30720492E-04	 1.50377580E-04	 3.40067836E-05	 3.07994691E-05	-3.64298192E-05
 5.640000E-01	 1.52327020E-04	 5.59586506E-04	 6.00908227E-04	 6.65642487E-04	-2.67435648E-04	 3.02511528E-04	 3.30821797E-04	 1.04208405E-04	 3.50572055E-05	-6.96683897E-05	-1.31357019E-06	 7.46182912E-05	 8.05203506E-05	 2.46251927E-04	 2.42940799E-05	 1.32896844E-04	 1.53443630E-04	 3.50220106E-05	 3.18209078E-05	-3.75452086E-05
 5.650000E-01	 1.46187514E-04	 5.59105598E-04	 6.06763596E-04	 6.81926933E-04	-2.76733005E-04	 3.06680698E-04	 3.35844976E-04	 1.06457996E-04	 3.63139230E-05	-7.15032453E-05	-2.72384707E-06	 7.40048466E-05	 8.22861816E-05	 2.47209924E-04	 2.17809983E-05	 1.35040644E-04	 1.56559974E-04	 3.60782863E-05	 3.28847468E-05	-3.86875852E-05
 5.660000E-01	 1.39915516E-04	 5.58553278E-04	 6.12813741E-04	 6.98200028E-04	-2.86190521E-04	 3.10868240E-04	 3.40960699E-04	 1.08786372E-04	 3.76161441E-05	-7.33952487E-05	-4.15870677E-06	 7.33642017E-05	 8.40510518E-05	 2.48289524E-04	 1.90474438E-05	 1.37153886E-04	 1.59726555E-04	 3.71759768E-05	 3.39922555E-05	-3.98571419E-05
 5.670000E-01	 1.33507093E-04	 5.57917467E-04	 6.19046006E-04	 7.14483219E-04	-2.95831280E-04	 3.15079910E-04	 3.46174982E-04	 1.11196643E-04	 3.89652498E-05	-7.53456542E-05	-5.61624759E-06	 7.27018659E-05	 8.58175079E-05	 2.49454822E-04	 1.61090572E-05	 1.39239852E-04	 1.62941544E-04	 3.83145400E-05	 3.51444019E-05	-4.10540862E-05
 5.680000E-01	 1.26959264E-04	 5.57188347E-04	 6.25453152E-04	 7.30796614E-04	-3.05678087E-04	 3.19319753E-04	 3.51492327E-04	 1.13691203E-04	 4.03617523E-05	-7.73564129E-05	-7.09480882E-06	 7.20231554E-05	 8.75902522E-05	 2.50670084E-04	 1.29858157E-05	 1.41301671E-04	 1.66202419E-04	 3.94928314E-05	 3.63418333E-05	-4.22788020E-05
 5.690000E-01	 1.20270216E-04	 5.56360000E-04	 6.32033811E-04	 7.47159487E-04	-3.15750445E-04	 3.23587401E-04	 3.56914535E-04	 1.16271827E-04	 4.18061783E-05	-7.94296088E-05	-8.59328856E-06	 7.13318500E-05	 8.93735327E-05	 2.51909033E-04	 9.69314281E-06	 1.43341668E-04	 1.69507233E-04	 4.07097110E-05	 3.75850704E-05	-4.35318738E-05
 5.700000E-01	 1.13438162E-04	 5.55425776E-04	 6.38785731E-04	 7.63593908E-04	-3.26069322E-04	 3.27882578E-04	 3.62443638E-04	 1.18940305E-04	 4.32990362E-05	-8.15674006E-05	-1.01103401E-05	 7.06318465E-05	 9.11703370E-05	 2.53147226E-04	 6.24514439E-06	 1.45361379E-04	 1.72854380E-04	 4.19642835E-05	 3.88746428E-05	-4.48139771E-05
 5.710000E-01	 1.06460589E-04	 5.54375228E-04	 6.45700750E-04	 7.80125470E-04	-3.36659329E-04	 3.32208328E-04	 3.68084220E-04	 1.21699126E-04	 4.48409784E-05	-8.37718683E-05	-1.16442680E-05	 6.99280975E-05	 9.29836444E-05	 2.54354974E-04	 2.66182260E-06	 1.47361906E-04	 1.76241448E-04	 4.32557550E-05	 4.02112756E-05	-4.61256353E-05
 5.720000E-01	 9.93347893E-05	 5.53197224E-04	 6.52767472E-04	 7.96778872E-04	-3.47542343E-04	 3.36567899E-04	 3.73841488E-04	 1.24551526E-04	 4.64337644E-05	-8.60444024E-05	-1.31941576E-05	 6.92246378E-05	 9.48171170E-05	 2.55505265E-04	-1.03334024E-06	 1.49344036E-04	 1.79665122E-04	 4.45834507E-05	 4.15961233E-05	-4.74670730E-05
 5.730000E-01	 9.20586055E-05	 5.51883925E-04	 6.59977310E-04	 8.13574121E-04	-3.58732872E-04	 3.40960967E-04	 3.79718457E-04	 1.27500853E-04	 4.80803864E-05	-8.83856367E-05	-1.47606073E-05	 6.85224128E-05	 9.66745003E-05	 2.56587109E-04	-4.82306894E-06	 1.51307526E-04	 1.83122236E-04	 4.59470542E-05	 4.30307093E-05	-4.88383856E-05
 5.740000E-01	 8.46306469E-05	 5.50431918E-04	 6.67327587E-04	 8.30526245E-04	-3.70238684E-04	 3.45382760E-04	 3.85715104E-04	 1.30550120E-04	 4.97845979E-05	-9.07957674E-05	-1.63456343E-05	 6.78187098E-05	 9.85588791E-05	 2.57612194E-04	-8.70393945E-06	 1.53250462E-04	 1.86610764E-04	 4.73468411E-05	 4.45167622E-05	-5.02397580E-05
 5.750000E-01	 7.70502939E-05	 5.48843090E-04	 6.74824018E-04	 8.47645456E-04	-3.82061848E-04	 3.49823182E-04	 3.91827729E-04	 1.33701732E-04	 5.15506073E-05	-9.32747975E-05	-1.79523773E-05	 6.71075341E-05	 1.00472212E-04	 2.58614494E-04	-1.26905518E-05	 1.55169357E-04	 1.90130631E-04	 4.87837879E-05	 4.60560675E-05	-5.16716371E-05
 5.760000E-01	 6.93169440E-05	 5.47122084E-04	 6.82478924E-04	 8.64939849E-04	-3.94203360E-04	 3.54269452E-04	 3.98050424E-04	 1.36957424E-04	 5.33822241E-05	-9.58231135E-05	-1.95840924E-05	 6.63818245E-05	 1.02415330E-04	 2.59638812E-04	-1.68110120E-05	 1.57059524E-04	 1.93683702E-04	 5.02594074E-05	 4.76502568E-05	-5.31348474E-05
 5.770000E-01	 6.14290258E-05	 5.45270426E-04	 6.90303035E-04	 8.82419709E-04	-4.06669097E-04	 3.58712378E-04	 4.04379001E-04	 1.40318749E-04	 5.52820905E-05	-9.84419370E-05	-2.12430626E-05	 6.56362734E-05	 1.04388939E-04	 2.60723637E-04	-2.10934305E-05	 1.58915864E-04	 1.97272240E-04	 5.17752717E-05	 4.93007615E-05	-5.46304320E-05
 5.780000E-01	 5.33842601E-05	 5.43286322E-04	 6.98303387E-04	 9.00096972E-04	-4.19468513E-04	 3.63146422E-04	 4.10811584E-04	 1.43787450E-04	 5.72521446E-05	-1.01133010E-04	-2.29309780E-05	 6.48671419E-05	 1.06394820E-04	 2.61898446E-04	-2.55600771E-05	 1.60733728E-04	 2.00897799E-04	 5.33326421E-05	 5.10089564E-05	-5.61594123E-05
 5.790000E-01	 4.51808138E-05	 5.41170010E-04	 7.06489482E-04	 9.17981256E-04	-4.32608408E-04	 3.67563401E-04	 4.17345228E-04	 1.47365118E-04	 5.92946660E-05	-1.03897919E-04	-2.46500442E-05	 6.40699132E-05	 1.08435607E-04	 2.63194942E-04	-3.02353916E-05	 1.62509127E-04	 2.04561993E-04	 5.49325970E-05	 5.27762506E-05	-5.77227913E-05
 5.800000E-01	 3.68180246E-05	 5.38925420E-04	 7.14874371E-04	 9.36079213E-04	-4.46091271E-04	 3.71950724E-04	 4.23974524E-04	 1.51052848E-04	 6.14128123E-05	-1.06737599E-04	-2.64029503E-05	 6.32389133E-05	 1.10513530E-04	 2.64649388E-04	-3.51511604E-05	 1.64238861E-04	 2.08267228E-04	 5.65763410E-05	 5.46041220E-05	-5.93216023E-05
 5.810000E-01	 2.82958283E-05	 5.36555360E-04	 7.23467381E-04	 9.54398489E-04	-4.59920704E-04	 3.76297433E-04	 4.30694539E-04	 1.54851547E-04	 6.36101217E-05	-1.09652521E-04	-2.81916378E-05	 6.23697408E-05	 1.12629796E-04	 2.66288410E-04	-4.03374992E-05	 1.65921179E-04	 2.12015812E-04	 5.82650822E-05	 5.64940846E-05	-6.09568371E-05
 5.820000E-01	 1.96135614E-05	 5.34057467E-04	 7.32269995E-04	 9.72951356E-04	-4.74107160E-04	 3.80598871E-04	 4.37503471E-04	 1.58762440E-04	 6.58896967E-05	-1.12643310E-04	-3.00163725E-05	 6.14615757E-05	 1.14784866E-04	 2.68114091E-04	-4.58094826E-05	 1.67556249E-04	 2.15808613E-04	 5.99995685E-05	 5.84475742E-05	-6.26293836E-05
 5.830000E-01	 1.07691241E-05	 5.31421931E-04	 7.41274181E-04	 9.91757516E-04	-4.88671380E-04	 3.84859380E-04	 4.44404299E-04	 1.62787578E-04	 6.82537417E-05	-1.15711180E-04	-3.18753871E-05	 6.05183043E-05	 1.16978983E-04	 2.70096560E-04	-5.15561498E-05	 1.69145943E-04	 2.19643747E-04	 6.17797111E-05	 6.04659453E-05	-6.43399137E-05
 5.840000E-01	 1.75807638E-06	 5.28629876E-04	 7.50461542E-04	 1.01084596E-03	-5.03645320E-04	 3.89093617E-04	 4.51406077E-04	 1.66930484E-04	 7.07033369E-05	-1.18858305E-04	-3.37653270E-05	 5.95477947E-05	 1.19212937E-04	 2.72178982E-04	-5.75372460E-05	 1.70693143E-04	 2.23515905E-04	 6.36044462E-05	 6.25505599E-05	-6.60887747E-05
 5.850000E-01	-7.42587742E-06	 5.25660420E-04	 7.59814225E-04	 1.03024918E-03	-5.19063523E-04	 3.93317051E-04	 4.58519311E-04	 1.71195801E-04	 7.32393974E-05	-1.22087472E-04	-3.56832799E-05	 5.85576539E-05	 1.21488374E-04	 2.74303807E-04	-6.37015799E-05	 1.72200734E-04	 2.27418460E-04	 6.54721679E-05	 6.47028721E-05	-6.78761600E-05
 5.860000E-01	-1.67888566E-05	 5.22499362E-04	 7.69325858E-04	 1.04999567E-03	-5.34952643E-04	 3.97535864E-04	 4.65749770E-04	 1.75588015E-04	 7.58639786E-05	-1.25401177E-04	-3.76282175E-05	 5.75516647E-05	 1.23806929E-04	 2.76436866E-04	-7.00117184E-05	 1.73670527E-04	 2.31346623E-04	 6.73816295E-05	 6.69245007E-05	-6.97024194E-05
 5.870000E-01	-2.63362490E-05	 5.19137238E-04	 7.78997281E-04	 1.07011051E-03	-5.51332653E-04	 4.01749793E-04	 4.73099382E-04	 1.80110992E-04	 7.85800079E-05	-1.28801511E-04	-3.96002629E-05	 5.65308420E-05	 1.26169550E-04	 2.78564372E-04	-7.64474553E-05	 1.75102515E-04	 2.35297915E-04	 6.93323925E-05	 6.92172081E-05	-7.15681485E-05
 5.880000E-01	-3.60721630E-05	 5.15564660E-04	 7.88827488E-04	 1.09061729E-03	-5.68221599E-04	 4.05959018E-04	 4.80569718E-04	 1.84767920E-04	 8.13903448E-05	-1.32290487E-04	-4.15995816E-05	 5.54955441E-05	 1.28576770E-04	 2.80679696E-04	-8.29956516E-05	 1.76495426E-04	 2.39270597E-04	 7.13244065E-05	 7.15827566E-05	-7.34740961E-05
 5.890000E-01	-4.59976971E-05	 5.11772958E-04	 7.98811997E-04	 1.11153633E-03	-5.85636344E-04	 4.10165602E-04	 4.88162315E-04	 1.89561015E-04	 8.42975192E-05	-1.35869988E-04	-4.36261936E-05	 5.44456686E-05	 1.31029434E-04	 2.82780242E-04	-8.96456224E-05	 1.77847802E-04	 2.43262429E-04	 7.33574893E-05	 7.40227598E-05	-7.54210850E-05
 5.900000E-01	-5.61111993E-05	 5.07755985E-04	 8.08946803E-04	 1.13288388E-03	-6.03592367E-04	 4.14371211E-04	 4.95877578E-04	 1.94491775E-04	 8.73039540E-05	-1.39541694E-04	-4.56805666E-05	 5.33796977E-05	 1.33529535E-04	 2.84873438E-04	-9.63933586E-05	 1.79158287E-04	 2.47270822E-04	 7.54313755E-05	 7.65386801E-05	-7.74100142E-05
 5.910000E-01	-6.64096506E-05	 5.03511950E-04	 8.19233439E-04	 1.15467051E-03	-6.22100822E-04	 4.18573320E-04	 5.03713177E-04	 1.99561234E-04	 9.04124194E-05	-1.43307073E-04	-4.77645727E-05	 5.22931728E-05	 1.36080755E-04	 2.86987046E-04	-1.03252770E-04	 1.80425961E-04	 2.51294564E-04	 7.75461095E-05	 7.91319018E-05	-7.94419970E-05
 5.920000E-01	-7.68898616E-05	 4.99047118E-04	 8.29686497E-04	 1.17689780E-03	-6.41162739E-04	 4.22759221E-04	 5.11660777E-04	 2.04769791E-04	 9.36269612E-05	-1.47167055E-04	-4.98822449E-05	 5.11776337E-05	 1.38688250E-04	 2.89176198E-04	-1.10268698E-04	 1.81650514E-04	 2.55336404E-04	 7.97026881E-05	 8.18038878E-05	-8.15185848E-05
 5.930000E-01	-8.75517482E-05	 4.94372317E-04	 8.40332757E-04	 1.19956348E-03	-6.60771496E-04	 4.26907449E-04	 5.19707213E-04	 2.10117887E-04	 9.69531543E-05	-1.51122120E-04	-5.20390431E-05	 5.00229341E-05	 1.41357704E-04	 2.91509409E-04	-1.17510855E-04	 1.82830930E-04	 2.59403508E-04	 8.19036104E-05	 8.45565089E-05	-8.36417283E-05
 5.940000E-01	-9.84005883E-05	 4.89491640E-04	 8.51196003E-04	 1.22267415E-03	-6.80925377E-04	 4.31000453E-04	 5.27842307E-04	 2.15607357E-04	 1.00396802E-04	-1.55173109E-04	-5.42396894E-05	 4.88218661E-05	 1.44094558E-04	 2.94038638E-04	-1.25044150E-04	 1.83964500E-04	 2.63503793E-04	 8.41523096E-05	 8.73922095E-05	-8.58133168E-05
 5.950000E-01	-1.09445000E-04	 4.84399015E-04	 8.62288465E-04	 1.24624970E-03	-7.01634566E-04	 4.35030995E-04	 5.36062665E-04	 2.21241614E-04	 1.03962999E-04	-1.59321554E-04	-5.64871287E-05	 4.75715192E-05	 1.46903748E-04	 2.96786673E-04	-1.32907964E-04	 1.85047945E-04	 2.67642298E-04	 8.64518523E-05	 9.03138223E-05	-8.80348007E-05
 5.960000E-01	-1.20693901E-04	 4.79083364E-04	 8.73615523E-04	 1.27031901E-03	-7.22919777E-04	 4.38997738E-04	 5.44368948E-04	 2.27024728E-04	 1.07656279E-04	-1.63569311E-04	-5.87830549E-05	 4.62713358E-05	 1.49789557E-04	 2.99756520E-04	-1.41118670E-04	 1.86078571E-04	 2.71820653E-04	 8.88042627E-05	 9.33242785E-05	-9.03071973E-05
 5.970000E-01	-1.32152840E-04	 4.73533512E-04	 8.85179568E-04	 1.29491418E-03	-7.44809596E-04	 4.42902195E-04	 5.52762768E-04	 2.32960087E-04	 1.11480417E-04	-1.67918182E-04	-6.11281328E-05	 4.49216400E-05	 1.52755612E-04	 3.02942082E-04	-1.49678647E-04	 1.87054805E-04	 2.76037472E-04	 9.12103647E-05	 9.64262087E-05	-9.26312731E-05
 5.980000E-01	-1.43821714E-04	 4.67740909E-04	 8.96980920E-04	 1.32006371E-03	-7.67336228E-04	 4.46748896E-04	 5.61244995E-04	 2.39049274E-04	 1.15438046E-04	-1.72369888E-04	-6.35219535E-05	 4.35230624E-05	 1.55804506E-04	 3.06332748E-04	-1.58582749E-04	 1.87976897E-04	 2.80289342E-04	 9.36698087E-05	 9.96216215E-05	-9.50078627E-05
 5.990000E-01	-1.55697561E-04	 4.61698314E-04	 9.09019053E-04	 1.34579258E-03	-7.90533757E-04	 4.50545463E-04	 5.69815827E-04	 2.45292581E-04	 1.19530918E-04	-1.76926303E-04	-6.59631054E-05	 4.20770239E-05	 1.58937048E-04	 3.09909864E-04	-1.67816592E-04	 1.88845646E-04	 2.84571624E-04	 9.61815835E-05	 1.02912108E-04	-9.74380021E-05
 6.000000E-01	-1.67778442E-04	 4.55393255E-04	 9.21287500E-04	 1.37213282E-03	-8.14443634E-04	 4.54307647E-04	 5.78478852E-04	 2.51690869E-04	 1.23759852E-04	-1.81590007E-04	-6.84487273E-05	 4.05874222E-05	 1.62151955E-04	 3.13636963E-04	-1.77342992E-04	 1.89660157E-04	 2.88876960E-04	 9.87443443E-05	 1.06299250E-04	-9.99226488E-05
 6.010000E-01	-1.80066694E-04	 4.48803218E-04	 9.33769859E-04	 1.39913356E-03	-8.39119586E-04	 4.58060623E-04	 5.87245047E-04	 2.58247405E-04	 1.28124688E-04	-1.86365347E-04	-7.09749873E-05	 3.90601809E-05	 1.65446489E-04	 3.17463607E-04	-1.87098211E-04	 1.90417718E-04	 2.93194742E-04	 1.01356278E-04	 1.09784791E-04	-1.02462589E-04
 6.020000E-01	-1.92569944E-04	 4.41902669E-04	 9.46451857E-04	 1.42685681E-03	-8.64620433E-04	 4.61824649E-04	 5.96127878E-04	 2.64967728E-04	 1.32625962E-04	-1.91258322E-04	-7.35393056E-05	 3.74992901E-05	 1.68817806E-04	 3.21351544E-04	-1.97017708E-04	 1.91115332E-04	 2.97514842E-04	 1.04015379E-04	 1.13370684E-04	-1.05058800E-04
 6.030000E-01	-2.05297715E-04	 4.34672357E-04	 9.59332330E-04	 1.45536523E-03	-8.90998950E-04	 4.65605165E-04	 6.05135904E-04	 2.71857578E-04	 1.37266276E-04	-1.96275127E-04	-7.61415736E-05	 3.59042828E-05	 1.72264329E-04	 3.25294141E-04	-2.07065500E-04	 1.91751073E-04	 3.01831625E-04	 1.06720193E-04	 1.17059043E-04	-1.07712756E-04
 6.040000E-01	-2.18259054E-04	 4.27098798E-04	 9.72419641E-04	 1.48471680E-03	-9.18299887E-04	 4.69398215E-04	 6.14272095E-04	 2.78921677E-04	 1.42050041E-04	-2.01421072E-04	-7.87837000E-05	 3.42711799E-05	 1.75786594E-04	 3.29312422E-04	-2.17240639E-04	 1.92324322E-04	 3.06144494E-04	 1.09470331E-04	 1.20852159E-04	-1.10426328E-04
 6.050000E-01	-2.31463215E-04	 4.19169426E-04	 9.85724158E-04	 1.51495854E-03	-9.46559399E-04	 4.73206004E-04	 6.23535398E-04	 2.86164227E-04	 1.46984585E-04	-2.06697450E-04	-8.14697223E-05	 3.25931792E-05	 1.79387041E-04	 3.33441922E-04	-2.27569774E-04	 1.92838280E-04	 3.10456177E-04	 1.12266865E-04	 1.24753415E-04	-1.13200524E-04
 6.060000E-01	-2.44921572E-04	 4.10867763E-04	 9.99253733E-04	 1.54612283E-03	-9.75807455E-04	 4.77054107E-04	 6.32922185E-04	 2.93590295E-04	 1.52081602E-04	-2.12097870E-04	-8.42063379E-05	 3.08607399E-05	 1.83069943E-04	 3.37721773E-04	-2.38097012E-04	 1.93303638E-04	 3.14769947E-04	 1.15112637E-04	 1.28768338E-04	-1.16033867E-04
 6.070000E-01	-2.58648668E-04	 4.02171801E-04	 1.01301400E-03	 1.57823657E-03	-1.00607894E-03	 4.80991860E-04	 6.42428745E-04	 3.01206255E-04	 1.57355345E-04	-2.17610208E-04	-8.70025587E-05	 2.90621944E-05	 1.86842600E-04	 3.42195320E-04	-2.48881519E-04	 1.93739205E-04	 3.19088537E-04	 1.18011583E-04	 1.32903899E-04	-1.18922810E-04
 6.080000E-01	-2.72660358E-04	 3.93061756E-04	 1.02701899E-03	 1.61132420E-03	-1.03741802E-03	 4.85074423E-04	 6.52049334E-04	 3.09018276E-04	 1.62820400E-04	-2.23220836E-04	-8.98693255E-05	 2.71834955E-05	 1.90716549E-04	 3.46922566E-04	-2.60011375E-04	 1.94171515E-04	 3.23417029E-04	 1.20967823E-04	 1.37166973E-04	-1.21863608E-04
 6.090000E-01	-2.86966025E-04	 3.83534422E-04	 1.04130627E-03	 1.64541456E-03	-1.06988151E-03	 4.89328567E-04	 6.61771535E-04	 3.17027726E-04	 1.68486536E-04	-2.28923199E-04	-9.28164248E-05	 2.52112167E-05	 1.94707771E-04	 3.51984338E-04	-2.71610753E-04	 1.94626112E-04	 3.27766414E-04	 1.23984459E-04	 1.41561365E-04	-1.24856226E-04
 6.100000E-01	-3.01559237E-04	 3.73604672E-04	 1.05592901E-03	 1.68057057E-03	-1.10355482E-03	 4.93729503E-04	 6.71582209E-04	 3.25227110E-04	 1.74350217E-04	-2.34729903E-04	-9.58461754E-05	 2.31403226E-05	 1.98834544E-04	 3.57459982E-04	-2.83808469E-04	 1.95110439E-04	 3.32151968E-04	 1.27061769E-04	 1.46084499E-04	-1.27908556E-04
 6.110000E-01	-3.16420134E-04	 3.63289152E-04	 1.07093103E-03	 1.71690682E-03	-1.13855929E-03	 4.98222877E-04	 6.81478583E-04	 3.33603155E-04	 1.80395295E-04	-2.40671555E-04	-9.89517492E-05	 2.09769788E-05	 2.03112370E-04	 3.63394433E-04	-2.96686667E-04	 1.95608340E-04	 3.36586180E-04	 1.30197176E-04	 1.50729007E-04	-1.31034692E-04
 6.120000E-01	-3.31524855E-04	 3.52592458E-04	 1.08633423E-03	 1.75458194E-03	-1.17504624E-03	 5.02759922E-04	 6.91471551E-04	 3.42142374E-04	 1.86600817E-04	-2.46786018E-04	-1.02120425E-04	 1.87346169E-05	 2.07548738E-04	 3.69783650E-04	-3.10248589E-04	 1.96086591E-04	 3.41072296E-04	 1.33386228E-04	 1.55486922E-04	-1.34249943E-04
 6.130000E-01	-3.46857442E-04	 3.41497256E-04	 1.10213545E-03	 1.79377458E-03	-1.21318234E-03	 5.07333662E-04	 7.01583203E-04	 3.50836635E-04	 1.92950904E-04	-2.53104027E-04	-1.05338997E-04	 1.64273278E-05	 2.12139878E-04	 3.76575822E-04	-3.24411698E-04	 1.96507457E-04	 3.45600539E-04	 1.36624271E-04	 1.60354294E-04	-1.37564970E-04
 6.140000E-01	-3.62423349E-04	 3.29961266E-04	 1.11831444E-03	 1.83463094E-03	-1.25311765E-03	 5.12014134E-04	 7.11837298E-04	 3.59688004E-04	 1.99446286E-04	-2.59631623E-04	-1.08600605E-04	 1.40622641E-05	 2.16869273E-04	 3.83677347E-04	-3.39020698E-04	 1.96845455E-04	 3.50147504E-04	 1.39909062E-04	 1.65336136E-04	-1.40979497E-04
 6.150000E-01	-3.78247028E-04	 3.17933500E-04	 1.13485287E-03	 1.87722110E-03	-1.29495052E-03	 5.16928578E-04	 7.22246110E-04	 3.68705666E-04	 2.06104160E-04	-2.66350062E-04	-1.11904716E-04	 1.16392596E-05	 2.21706941E-04	 3.90957847E-04	-3.53856503E-04	 1.97084892E-04	 3.54678713E-04	 1.43240820E-04	 1.70445657E-04	-1.44483357E-04
 6.160000E-01	-3.94357594E-04	 3.05368920E-04	 1.15173500E-03	 1.92153109E-03	-1.33869271E-03	 5.22210101E-04	 7.32805375E-04	 3.77899866E-04	 2.12948122E-04	-2.73230512E-04	-1.15250276E-04	 9.15821434E-06	 2.26607657E-04	 3.98239625E-04	-3.68609782E-04	 1.97196273E-04	 3.59147780E-04	 1.46620324E-04	 1.75699663E-04	-1.48062327E-04
 6.170000E-01	-4.10777428E-04	 2.92231427E-04	 1.16892689E-03	 1.96745949E-03	-1.38421419E-03	 5.27952404E-04	 7.43495271E-04	 3.87279854E-04	 2.20000286E-04	-2.80247442E-04	-1.18629618E-04	 6.62508623E-06	 2.31507076E-04	 4.05283640E-04	-3.82834040E-04	 1.97113383E-04	 3.63491375E-04	 1.50046828E-04	 1.81115354E-04	-1.51702425E-04
 6.180000E-01	-4.27510655E-04	 2.78503506E-04	 1.18635890E-03	 2.01479111E-03	-1.43114764E-03	 5.34140996E-04	 7.54273534E-04	 3.96853039E-04	 2.27277931E-04	-2.87389899E-04	-1.22024673E-04	 4.05298327E-06	 2.36316402E-04	 4.11795957E-04	-3.95914038E-04	 1.96716397E-04	 3.67626391E-04	 1.53515417E-04	 1.86707929E-04	-1.55393764E-04
 6.190000E-01	-4.44535080E-04	 2.64198061E-04	 1.20391119E-03	 2.06312319E-03	-1.47874214E-03	 5.40590942E-04	 7.65055546E-04	 4.06625768E-04	 2.34798227E-04	-2.94660038E-04	-1.25407157E-04	 1.45889772E-06	 2.40917120E-04	 4.17439365E-04	-4.07054767E-04	 1.95827087E-04	 3.71448837E-04	 1.57016050E-04	 1.92491083E-04	-1.59130370E-04
 6.200000E-01	-4.61799601E-04	 2.49364175E-04	 1.22139374E-03	 2.11175785E-03	-1.52568565E-03	 5.46908831E-04	 7.75689191E-04	 4.16606111E-04	 2.42587602E-04	-3.02060745E-04	-1.28741598E-04	-1.14081097E-06	 2.45157555E-04	 4.21836234E-04	-4.15280304E-04	 1.94214274E-04	 3.74832602E-04	 1.60534567E-04	 1.98479820E-04	-1.62906288E-04
 6.210000E-01	-4.79216831E-04	 2.34094605E-04	 1.23852612E-03	 2.15960537E-03	-1.56993088E-03	 5.52444828E-04	 7.85930324E-04	 4.26804599E-04	 2.50686730E-04	-3.09587440E-04	-1.31986631E-04	-3.73256863E-06	 2.48852103E-04	 4.24572757E-04	-4.19441185E-04	 1.91598231E-04	 3.77629874E-04	 1.64053018E-04	 2.04691250E-04	-1.66713567E-04
 6.220000E-01	-4.96653340E-04	 2.18526675E-04	 1.25491353E-03	 2.20513557E-03	-1.60856663E-03	 5.56253423E-04	 7.95427313E-04	 4.37233821E-04	 2.59149770E-04	-3.17224695E-04	-1.35095050E-04	-6.30579572E-06	 2.51784982E-04	 4.25211139E-04	-4.18237126E-04	 1.87657794E-04	 3.79672887E-04	 1.67549215E-04	 2.11143119E-04	-1.70541863E-04
 6.230000E-01	-5.13931067E-04	 2.02828699E-04	 1.27002364E-03	 2.24640658E-03	-1.63777729E-03	 5.57073184E-04	 8.03723531E-04	 4.47911893E-04	 2.68043025E-04	-3.24946431E-04	-1.38016189E-04	-8.85510252E-06	 2.53720047E-04	 4.23324929E-04	-4.10277110E-04	 1.82049011E-04	 3.80779914E-04	 1.70996706E-04	 2.17851980E-04	-1.74378761E-04
 6.240000E-01	-5.30838645E-04	 1.87188828E-04	 1.28319185E-03	 2.28115290E-03	-1.65291172E-03	 5.53312120E-04	 8.10270618E-04	 4.58867413E-04	 2.77445921E-04	-3.32718624E-04	-1.40701312E-04	-1.13860978E-05	 2.54415548E-04	 4.18563573E-04	-3.94196576E-04	 1.74438236E-04	 3.80771092E-04	 1.74365051E-04	 2.24831318E-04	-1.78211537E-04
 6.250000E-01	-5.47151452E-04	 1.71806710E-04	 1.29366287E-03	 2.30692425E-03	-1.64868992E-03	 5.43069850E-04	 8.14450524E-04	 4.70142823E-04	 2.87453511E-04	-3.40499720E-04	-1.43110580E-04	-1.39209368E-05	 2.53642624E-04	 4.10716532E-04	-3.68810124E-04	 1.64541501E-04	 3.79491743E-04	 1.77622205E-04	 2.32090542E-04	-1.82028886E-04
 6.260000E-01	-5.62661868E-04	 1.56870162E-04	 1.30064599E-03	 2.32130493E-03	-1.61958403E-03	 5.24243147E-04	 8.15621357E-04	 4.81796270E-04	 2.98176544E-04	-3.48240122E-04	-1.45219376E-04	-1.64993222E-05	 2.51206441E-04	 3.99749565E-04	-3.33257883E-04	 1.52158273E-04	 3.76835753E-04	 1.80740023E-04	 2.39635535E-04	-1.85821691E-04
 6.270000E-01	-5.77201120E-04	 1.42526643E-04	 1.30337804E-03	 2.32219662E-03	-1.56036923E-03	 4.94719500E-04	 8.13188734E-04	 4.93895931E-04	 3.09729846E-04	-3.55886857E-04	-1.47020444E-04	-1.91735586E-05	 2.46968035E-04	 3.85815030E-04	-2.87125052E-04	 1.37197696E-04	 3.72764667E-04	 1.83698486E-04	 2.47467351E-04	-1.89584751E-04
 6.280000E-01	-5.90648724E-04	 1.28862463E-04	 1.30120015E-03	 2.30811679E-03	-1.46678153E-03	 4.52628143E-04	 8.06690196E-04	 5.06506948E-04	 3.22210606E-04	-3.63392964E-04	-1.48522398E-04	-2.20001712E-05	 2.40864108E-04	 3.69246206E-04	-2.30528235E-04	 1.19697786E-04	 3.67320647E-04	 1.86487208E-04	 2.55578735E-04	-1.93319482E-04
 6.290000E-01	-6.02937342E-04	 1.15890476E-04	 1.29363790E-03	 2.27846056E-03	-1.33618037E-03	 3.96607715E-04	 7.95881834E-04	 5.19677371E-04	 3.35674819E-04	-3.70728797E-04	-1.49746965E-04	-2.50312148E-05	 2.32921531E-04	 3.50540086E-04	-1.64161427E-04	 9.98371983E-05	 3.60632454E-04	 1.89105317E-04	 2.63950815E-04	-1.97036401E-04
 6.300000E-01	-6.14050211E-04	 1.03559249E-04	 1.28048378E-03	 2.23365424E-03	-1.16808916E-03	 3.26034052E-04	 7.80804337E-04	 5.33423064E-04	 3.50116672E-04	-3.77893370E-04	-1.50724995E-04	-2.83068488E-05	 2.23261786E-04	 3.30327729E-04	-8.92916169E-05	 7.79362312E-05	 3.52915354E-04	 1.91559392E-04	 2.72550361E-04	-2.00757768E-04
 6.310000E-01	-6.24026184E-04	 9.17736023E-05	 1.26186957E-03	 2.17517632E-03	-9.64507127E-04	 2.41179627E-04	 7.61811216E-04	 5.47716276E-04	 3.65461793E-04	-3.84918336E-04	-1.51493696E-04	-3.18503451E-05	 2.12092529E-04	 3.09320090E-04	-7.68634724E-06	 5.44350241E-05	 3.44463555E-04	 1.93864030E-04	 2.81331961E-04	-2.04517973E-04
 6.320000E-01	-6.32973350E-04	 8.04010807E-05	 1.23828562E-03	 2.10547352E-03	-7.29938721E-04	 1.43303098E-04	 7.39566445E-04	 5.62483257E-04	 3.81573373E-04	-3.91864396E-04	-1.52095022E-04	-3.56640772E-05	 1.99691057E-04	 2.88230541E-04	 7.85277863E-05	 2.98467173E-05	 3.35630863E-04	 1.96046370E-04	 2.90245328E-04	-2.08360265E-04
 6.330000E-01	-6.41074679E-04	 6.92710582E-05	 1.21053767E-03	 2.02776584E-03	-4.71109108E-04	 3.46359228E-05	 7.15011011E-04	 5.77610242E-04	 3.98264980E-04	-3.98814383E-04	-1.52574395E-04	-3.97283833E-05	 1.86384060E-04	 2.67705041E-04	 1.67038660E-04	 4.70737257E-06	 3.26801603E-04	 1.98149017E-04	 2.99243353E-04	-2.12331485E-04
 6.340000E-01	-6.48582962E-04	 5.81821565E-05	 1.17966740E-03	 1.94573917E-03	-1.96374554E-04	-8.17673095E-05	 6.89287819E-04	 5.92955721E-04	 4.15322046E-04	-4.05862136E-04	-1.52980750E-04	-4.40066504E-05	 1.72523893E-04	 2.48282818E-04	 2.55514996E-04	-2.04586773E-05	 3.18359488E-04	 2.00228442E-04	 3.08289347E-04	-2.16475993E-04
 6.350000E-01	-6.55793383E-04	 4.69240089E-05	 1.14684955E-03	 1.86317724E-03	 8.50835502E-05	-2.02303752E-04	 6.63632560E-04	 6.08361631E-04	 4.32522310E-04	-4.13103453E-04	-1.53364103E-04	-4.84520175E-05	 1.58463308E-04	 2.30383771E-04	 3.41752370E-04	-4.51599268E-05	 3.10659784E-04	 2.02347898E-04	 3.17359489E-04	-2.20831954E-04
 6.360000E-01	-6.62999831E-04	 3.53085026E-05	 1.11328025E-03	 1.78360079E-03	 3.64147031E-04	-3.23169503E-04	 6.39248001E-04	 6.23659965E-04	 4.49651578E-04	-4.20630976E-04	-1.53770189E-04	-5.30126411E-05	 1.44530390E-04	 2.14308215E-04	 4.23798870E-04	-6.89551951E-05	 3.04007651E-04	 2.04567798E-04	 3.26440921E-04	-2.25430896E-04
 6.370000E-01	-6.70454126E-04	 2.31973389E-05	 1.08007201E-03	 1.70997306E-03	 6.32592414E-04	-4.40715152E-04	 6.17184547E-04	 6.38677681E-04	 4.66517717E-04	-4.28530125E-04	-1.54234983E-04	-5.76349441E-05	 1.31007019E-04	 2.00236947E-04	 5.00058619E-04	-9.14770853E-05	 2.98643216E-04	 2.06938795E-04	 3.35529383E-04	-2.30298743E-04
 6.380000E-01	-6.78333292E-04	 1.05134231E-05	 1.04814954E-03	 1.64449886E-03	 8.83755723E-04	-5.51771078E-04	 5.98260959E-04	 6.53250613E-04	 4.82960056E-04	-4.36879114E-04	-1.54780267E-04	-6.22637530E-05	 1.18118057E-04	 1.88234741E-04	 5.69354923E-04	-1.12452754E-04	 2.94731639E-04	 2.09498498E-04	 3.44626366E-04	-2.35457262E-04
 6.390000E-01	-6.86731123E-04	-2.76758031E-06	 1.01816882E-03	 1.58852178E-03	 1.11296113E-03	-6.53909500E-04	 5.83031351E-04	 6.67252038E-04	 4.98861914E-04	-4.45747227E-04	-1.55414570E-04	-6.68453890E-05	 1.06030471E-04	 1.78271095E-04	 6.30934754E-04	-1.31700025E-04	 2.92359214E-04	 2.12270701E-04	 3.53738125E-04	-2.40923194E-04
 6.400000E-01	-6.95672887E-04	-1.66313422E-05	 9.90496544E-04	 1.54253341E-03	 1.31766305E-03	-7.45597792E-04	 5.71776697E-04	 6.80616496E-04	 5.14164885E-04	-4.55188477E-04	-1.56138299E-04	-7.13354409E-05	 9.48540722E-05	 1.70253832E-04	 6.84432546E-04	-1.49104875E-04	 2.91537558E-04	 2.15265192E-04	 3.62876542E-04	-2.46706035E-04
 6.410000E-01	-7.05139811E-04	-3.10406374E-05	 9.65241066E-04	 1.50629246E-03	 1.49730621E-03	-8.26218166E-04	 5.64518485E-04	 6.93348356E-04	 5.28876271E-04	-4.65234974E-04	-1.56948653E-04	-7.57054341E-05	 8.46419612E-05	 1.64054353E-04	 7.29825312E-04	-1.64605889E-04	 2.92213631E-04	 2.18479640E-04	 3.72060533E-04	-2.52806489E-04
 6.420000E-01	-7.15095957E-04	-4.59539288E-05	 9.42308033E-04	 1.47901465E-03	 1.65297336E-03	-8.95964076E-04	 5.61058892E-04	 7.05518113E-04	 5.43067729E-04	-4.75892303E-04	-1.57843068E-04	-7.99453137E-05	 7.53929976E-05	 1.59516173E-04	 7.67389988E-04	-1.78195517E-04	 2.94282939E-04	 2.21904956E-04	 3.81318079E-04	-2.59215680E-04
 6.430000E-01	-7.25498896E-04	-6.13336099E-05	 9.21461638E-04	 1.45958219E-03	 1.78691518E-03	-9.55659134E-04	 5.61040110E-04	 7.17244996E-04	 5.56859699E-04	-4.87143560E-04	-1.58818640E-04	-8.40597263E-05	 6.70588116E-05	 1.56456008E-04	 7.97655816E-04	-1.89931453E-04	 2.97603815E-04	 2.25530102E-04	 3.90685197E-04	-2.65917444E-04
 6.440000E-01	-7.36297182E-04	-7.71469014E-05	 9.02374753E-04	 1.44672797E-03	 1.90206697E-03	-1.00655819E-03	 5.64017099E-04	 7.28679507E-04	 5.70398404E-04	-4.98960175E-04	-1.59869729E-04	-8.80607321E-05	 5.95576137E-05	 1.54669895E-04	 8.21337289E-04	-1.99938436E-04	 3.02010839E-04	 2.29344717E-04	 4.00201837E-04	-2.72892065E-04
 6.450000E-01	-7.47424769E-04	-9.33627243E-05	 8.84671310E-04	 1.43917894E-03	 2.00161966E-03	-1.05015643E-03	 5.69524979E-04	 7.39988628E-04	 5.83834285E-04	-5.11313469E-04	-1.60986230E-04	-9.19619050E-05	 5.27897515E-05	 1.53949525E-04	 8.39254120E-04	-2.08390516E-04	 3.07327310E-04	 2.33338456E-04	 4.09906450E-04	-2.80119754E-04
 6.460000E-01	-7.58797603E-04	-1.09942667E-04	 8.67975896E-04	 1.43577054E-03	 2.08866839E-03	-1.08800038E-03	 5.77117020E-04	 7.51331558E-04	 5.97304344E-04	-5.24183063E-04	-1.62152516E-04	-9.57757511E-05	 4.66468473E-05	 1.54098429E-04	 8.52269488E-04	-2.15493480E-04	 3.13376464E-04	 2.37498567E-04	 4.19831568E-04	-2.87584348E-04
 6.470000E-01	-7.70325461E-04	-1.26841392E-04	 8.51958324E-04	 1.43552408E-03	 2.16597389E-03	-1.12152731E-03	 5.86382397E-04	 7.62840292E-04	 6.10925753E-04	-5.37556312E-04	-1.63349494E-04	-9.95142935E-05	 4.10161336E-05	 1.54936750E-04	 8.61253234E-04	-2.21480848E-04	 3.19990069E-04	 2.41811733E-04	 4.30004806E-04	-2.95274187E-04
 6.480000E-01	-7.81928860E-04	-1.44016865E-04	 8.36352043E-04	 1.43767111E-03	 2.23585160E-03	-1.15197535E-03	 5.96959888E-04	 7.74617246E-04	 6.24797504E-04	-5.51423942E-04	-1.64558209E-04	-1.03189859E-04	 3.57859324E-05	 1.56300338E-04	 8.67048940E-04	-2.26611763E-04	 3.27013568E-04	 2.46268573E-04	 4.40452211E-04	-3.03180572E-04
 6.490000E-01	-7.93552824E-04	-1.61441856E-04	 8.20953689E-04	 1.44163762E-03	 2.30015736E-03	-1.18035568E-03	 6.08545837E-04	 7.86742967E-04	 6.39005714E-04	-5.65775006E-04	-1.65763541E-04	-1.06816085E-04	 3.08518914E-05	 1.58042591E-04	 8.70436232E-04	-2.31158464E-04	 3.34309281E-04	 2.50866683E-04	 4.51201098E-04	-3.11295442E-04
 6.500000E-01	-8.05173984E-04	-1.79111878E-04	 8.05611630E-04	 1.44700648E-03	 2.36033215E-03	-1.20746366E-03	 6.20898041E-04	 7.99287221E-04	 6.53629577E-04	-5.80592804E-04	-1.66956848E-04	-1.10408949E-04	 2.61220300E-05	 1.60039413E-04	 8.72095410E-04	-2.35383015E-04	 3.41758896E-04	 2.55610808E-04	 4.62281347E-04	-3.19609213E-04
 6.510000E-01	-8.16790716E-04	-1.97039362E-04	 7.90212248E-04	 1.45347992E-03	 2.41746533E-03	-1.23390805E-03	 6.33830600E-04	 8.12311411E-04	 6.68740592E-04	-5.95857647E-04	-1.68134564E-04	-1.13985702E-04	 2.15185171E-05	 1.62194090E-04	 8.72592148E-04	-2.39518192E-04	 3.49264485E-04	 2.60509028E-04	 4.73722707E-04	-3.28111583E-04
 6.520000E-01	-8.28408935E-04	-2.15239524E-04	 7.74679147E-04	 1.46086259E-03	 2.47235193E-03	-1.26012931E-03	 6.47194206E-04	 8.25857537E-04	 6.84398889E-04	-6.11550729E-04	-1.69295010E-04	-1.17563183E-04	 1.69748334E-05	 1.64435579E-04	 8.72392616E-04	-2.43770708E-04	 3.56748316E-04	 2.65569472E-04	 4.85552236E-04	-3.36793949E-04
 6.530000E-01	-8.40028522E-04	-2.33718210E-04	 7.58967868E-04	 1.46904378E-03	 2.52555734E-03	-1.28642523E-03	 6.60860701E-04	 8.39938787E-04	 7.00649103E-04	-6.27658936E-04	-1.70435128E-04	-1.21154397E-04	 1.24350854E-05	 1.66710920E-04	 8.71880279E-04	-2.48334467E-04	 3.64151334E-04	 2.70799520E-04	 4.97792853E-04	-3.45651932E-04
 6.540000E-01	-8.51633002E-04	-2.52469031E-04	 7.43042009E-04	 1.47795593E-03	 2.57750018E-03	-1.31300812E-03	 6.74727468E-04	 8.54549605E-04	 7.17518937E-04	-6.44180487E-04	-1.71548854E-04	-1.24764484E-04	 7.85997936E-06	 1.68981566E-04	 8.71341971E-04	-2.53380649E-04	 3.71430811E-04	 2.76204886E-04	 5.10461335E-04	-3.54686390E-04
 6.550000E-01	-8.63194410E-04	-2.71481570E-04	 7.26855218E-04	 1.48753609E-03	 2.62852291E-03	-1.34005798E-03	 6.88725160E-04	 8.69685749E-04	 7.35025732E-04	-6.61123012E-04	-1.72629226E-04	-1.28391411E-04	 3.23123806E-06	 1.71225631E-04	 8.70943772E-04	-2.59027025E-04	 3.78558567E-04	 2.81788113E-04	 5.23568320E-04	-3.63901275E-04
 6.560000E-01	-8.74684478E-04	-2.90750606E-04	 7.10349226E-04	 1.49771200E-03	 2.67892729E-03	-1.36774846E-03	 7.02814676E-04	 8.85356203E-04	 7.53184513E-04	-6.78497667E-04	-1.73671165E-04	-1.32030069E-04	-1.45127651E-06	 1.73439466E-04	 8.70732651E-04	-2.65316576E-04	 3.85518201E-04	 2.87546859E-04	 5.37119634E-04	-3.73300939E-04
 6.570000E-01	-8.86085820E-04	-3.10282537E-04	 6.93462668E-04	 1.50840710E-03	 2.72898326E-03	-1.39624738E-03	 7.16977106E-04	 9.01585500E-04	 7.72014363E-04	-6.96312135E-04	-1.74673404E-04	-1.35677018E-04	-6.17835197E-06	 1.75633567E-04	 8.70672723E-04	-2.72223124E-04	 3.92301679E-04	 2.93474295E-04	 5.51118885E-04	-3.82887900E-04
 6.580000E-01	-8.97397620E-04	-3.30094972E-04	 6.76146446E-04	 1.51955991E-03	 2.77892051E-03	-1.42569698E-03	 7.31197236E-04	 9.18403136E-04	 7.91540640E-04	-7.14565881E-04	-1.75638555E-04	-1.39333470E-04	-1.09420561E-05	 1.77823474E-04	 8.70702153E-04	-2.79686294E-04	 3.98906043E-04	 2.99562012E-04	 5.65570917E-04	-3.92662363E-04
 6.590000E-01	-9.08628261E-04	-3.50209649E-04	 6.58365639E-04	 1.53113232E-03	 2.82893012E-03	-1.45620910E-03	 7.45455812E-04	 9.35832520E-04	 8.11790897E-04	-7.33253319E-04	-1.76570634E-04	-1.43003593E-04	-1.57396511E-05	 1.80022231E-04	 8.70771190E-04	-2.87646065E-04	 4.05329398E-04	 3.05802225E-04	 5.80482708E-04	-4.02623824E-04
 6.600000E-01	-9.19783746E-04	-3.70646333E-04	 6.40086488E-04	 1.54309695E-03	 2.87918518E-03	-1.48788444E-03	 7.59736736E-04	 9.53892564E-04	 8.32790936E-04	-7.52369709E-04	-1.77472692E-04	-1.46691125E-04	-2.05703618E-05	 1.82239869E-04	 8.70845557E-04	-2.96049774E-04	 4.11567847E-04	 3.12187485E-04	 5.95861646E-04	-4.12771990E-04
 6.610000E-01	-9.30858782E-04	-3.91416633E-04	 6.21269749E-04	 1.55542919E-03	 2.92985120E-03	-1.52082442E-03	 7.74027820E-04	 9.72597184E-04	 8.54562489E-04	-7.71916350E-04	-1.78345015E-04	-1.50397830E-04	-2.54337775E-05	 1.84486428E-04	 8.70906804E-04	-3.04851468E-04	 4.17614532E-04	 3.18708634E-04	 6.11713419E-04	-4.23107970E-04
 6.620000E-01	-9.41836287E-04	-4.12521320E-04	 6.01876473E-04	 1.56811093E-03	 2.98108121E-03	-1.55512348E-03	 7.88314251E-04	 9.91950765E-04	 8.77123087E-04	-7.91901425E-04	-1.79184908E-04	-1.54124455E-04	-3.03322934E-05	 1.86772529E-04	 8.70965398E-04	-3.14022263E-04	 4.23460539E-04	 3.25354933E-04	 6.28042322E-04	-4.33635138E-04
 6.630000E-01	-9.52695818E-04	-4.33954834E-04	 5.81877561E-04	 1.58113881E-03	 3.03300933E-03	-1.59085813E-03	 8.02572840E-04	 1.01194704E-03	 9.00488556E-04	-8.12335428E-04	-1.79988459E-04	-1.57872931E-04	-3.52740331E-05	 1.89107595E-04	 8.71073026E-04	-3.23566522E-04	 4.29095922E-04	 3.32117252E-04	 6.44853816E-04	-4.44358347E-04
 6.640000E-01	-9.63422535E-04	-4.55712090E-04	 5.61259382E-04	 1.59452926E-03	 3.08574871E-03	-1.62808517E-03	 8.16769716E-04	 1.03257092E-03	 9.24674690E-04	-8.33226181E-04	-1.80752608E-04	-1.61647582E-04	-4.02729330E-05	 1.91498252E-04	 8.71318282E-04	-3.33529606E-04	 4.34509650E-04	 3.38991152E-04	 6.62156720E-04	-4.55282813E-04
 6.650000E-01	-9.74011554E-04	-4.77794802E-04	 5.40017037E-04	 1.60830611E-03	 3.13940278E-03	-1.66685491E-03	 8.30873247E-04	 1.05380904E-03	 9.49697957E-04	-8.54576342E-04	-1.81476780E-04	-1.65454485E-04	-4.53444630E-05	 1.93948610E-04	 8.71798100E-04	-3.43979987E-04	 4.39690245E-04	 3.45977457E-04	 6.79963321E-04	-4.66412850E-04
 6.660000E-01	-9.84464594E-04	-5.00212971E-04	 5.18139999E-04	 1.62248232E-03	 3.19408022E-03	-1.70723225E-03	 8.44868478E-04	 1.07566094E-03	 9.75575506E-04	-8.76385939E-04	-1.82162601E-04	-1.69299841E-04	-5.05010963E-05	 1.96462810E-04	 8.72587900E-04	-3.54979675E-04	 4.44627273E-04	 3.53079318E-04	 6.98286804E-04	-4.77751628E-04
 6.670000E-01	-9.94784410E-04	-5.22980036E-04	 4.95610265E-04	 1.63706247E-03	 3.24989507E-03	-1.74929804E-03	 8.58753158E-04	 1.09813525E-03	 1.00232512E-03	-8.98655457E-04	-1.82812258E-04	-1.73189220E-04	-5.57524013E-05	 1.99046731E-04	 8.73739791E-04	-3.66575300E-04	 4.49313400E-04	 3.60299300E-04	 7.17139352E-04	-4.89302129E-04
 6.680000E-01	-1.00497089E-03	-5.46108007E-04	 4.72405735E-04	 1.65205609E-03	 3.30696550E-03	-1.79313844E-03	 8.72525993E-04	 1.12123818E-03	 1.02996574E-03	-9.21387782E-04	-1.83426820E-04	-1.77127091E-04	-6.11066372E-05	 2.01707242E-04	 8.75295136E-04	-3.78807767E-04	 4.53745057E-04	 3.67638893E-04	 7.36532724E-04	-5.01068083E-04
 6.690000E-01	-1.01501781E-03	-5.69606618E-04	 4.48495249E-04	 1.66747888E-03	 3.36542641E-03	-1.83884811E-03	 8.86182924E-04	 1.14496930E-03	 1.05851777E-03	-9.44590273E-04	-1.84005135E-04	-1.81115747E-04	-6.65696731E-05	 2.04451170E-04	 8.77284562E-04	-3.91714198E-04	 4.57919860E-04	 3.75098110E-04	 7.56478885E-04	-5.13054090E-04
 6.700000E-01	-1.02491344E-03	-5.93485424E-04	 4.23834852E-04	 1.68334367E-03	 3.42544368E-03	-1.88654133E-03	 8.99725606E-04	 1.16932757E-03	 1.08800261E-03	-9.68273588E-04	-1.84544522E-04	-1.85155039E-04	-7.21430428E-05	 2.07284859E-04	 8.79716780E-04	-4.05313621E-04	 4.61834039E-04	 3.82674431E-04	 7.76989695E-04	-5.25264562E-04
 6.710000E-01	-1.03464292E-03	-6.17756483E-04	 3.98366493E-04	 1.69964926E-03	 3.48721969E-03	-1.93636638E-03	 9.13173662E-04	 1.19432157E-03	 1.11844116E-03	-9.92450124E-04	-1.85042066E-04	-1.89243213E-04	-7.78240127E-05	 2.10214167E-04	 8.82572591E-04	-4.19590896E-04	 4.65481386E-04	 3.90361293E-04	 7.98075258E-04	-5.37703035E-04
 6.720000E-01	-1.04419062E-03	-6.42433811E-04	 3.72025282E-04	 1.71637895E-03	 3.55098211E-03	-1.98850937E-03	 9.26570618E-04	 1.21997494E-03	 1.14985084E-03	-1.01713244E-03	-1.85495712E-04	-1.93378645E-04	-8.36090378E-05	 2.13244604E-04	 8.85819214E-04	-4.34499424E-04	 4.68855738E-04	 3.98148175E-04	 8.19741834E-04	-5.50372670E-04
 6.730000E-01	-1.05354361E-03	-6.67530591E-04	 3.44755335E-04	 1.73351765E-03	 3.61695953E-03	-2.04317852E-03	 9.39976197E-04	 1.24631903E-03	 1.18224392E-03	-1.04233177E-03	-1.85904807E-04	-1.97561818E-04	-8.94992009E-05	 2.16380973E-04	 8.89440942E-04	-4.49990970E-04	 4.71955850E-04	 4.06024034E-04	 8.41992544E-04	-5.63277942E-04
 6.740000E-01	-1.06269269E-03	-6.93059428E-04	 3.16512385E-04	 1.75106841E-03	 3.68537738E-03	-2.10059497E-03	 9.53455087E-04	 1.27338239E-03	 1.21562907E-03	-1.06805890E-03	-1.86269468E-04	-2.01795708E-04	-9.55021669E-05	 2.19627644E-04	 8.93457739E-04	-4.66046272E-04	 4.74786180E-04	 4.13980984E-04	 8.64830290E-04	-5.76425556E-04
 6.750000E-01	-1.07163133E-03	-7.19036227E-04	 2.87250984E-04	 1.76905303E-03	 3.75648516E-03	-2.16100108E-03	 9.67076556E-04	 1.30118933E-03	 1.25001617E-03	-1.09432433E-03	-1.86589873E-04	-2.06085088E-04	-1.01629946E-04	 2.22990328E-04	 8.97921687E-04	-4.82682022E-04	 4.77354504E-04	 4.22015480E-04	 8.88260302E-04	-5.89822577E-04
 6.760000E-01	-1.08035461E-03	-7.45485190E-04	 2.56909338E-04	 1.78750673E-03	 3.83058804E-03	-2.22467725E-03	 9.80915942E-04	 1.32976132E-03	 1.28542268E-03	-1.12113839E-03	-1.86865523E-04	-2.10436339E-04	-1.07897355E-04	 2.26477254E-04	 9.02908698E-04	-4.99947331E-04	 4.79670477E-04	 4.30127300E-04	 9.12292281E-04	-6.03474292E-04
 6.770000E-01	-1.08885746E-03	-7.72438986E-04	 2.25405293E-04	 1.80647282E-03	 3.90805949E-03	-2.29195578E-03	 9.95060778E-04	 1.35911906E-03	 1.32187487E-03	-1.14851195E-03	-1.87094856E-04	-2.14857202E-04	-1.14321668E-04	 2.30098628E-04	 9.08512779E-04	-5.17920106E-04	 4.81747617E-04	 4.38318597E-04	 9.36940728E-04	-6.17384097E-04
 6.780000E-01	-1.09713392E-03	-7.99934099E-04	 1.92647508E-04	 1.82600480E-03	 3.98932874E-03	-2.36322654E-03	 1.00961820E-03	 1.38928261E-03	 1.35940149E-03	-1.17645659E-03	-1.87275615E-04	-2.19355821E-04	-1.20921722E-04	 2.33864527E-04	 9.14835968E-04	-5.36700108E-04	 4.83605053E-04	 4.46593589E-04	 9.62222991E-04	-6.31555110E-04
 6.790000E-01	-1.10517638E-03	-8.28004079E-04	 1.58551144E-04	 1.84617112E-03	 4.07485268E-03	-2.43893709E-03	 1.02472317E-03	 1.42026973E-03	 1.39802219E-03	-1.20498635E-03	-1.87405216E-04	-2.23938040E-04	-1.27713974E-04	 2.37780826E-04	 9.21958684E-04	-5.56381440E-04	 4.85262572E-04	 4.54956511E-04	 9.88155926E-04	-6.45992939E-04
 6.800000E-01	-1.11297286E-03	-8.56673449E-04	 1.23042754E-04	 1.86704343E-03	 4.16509198E-03	-2.51958845E-03	 1.04056230E-03	 1.45210299E-03	 1.43773610E-03	-1.23412165E-03	-1.87480850E-04	-2.28602902E-04	-1.34704545E-04	 2.41842939E-04	 9.29883794E-04	-5.76984044E-04	 4.86728842E-04	 4.63405639E-04	 1.01475135E-03	-6.60707155E-04
 6.810000E-01	-1.12050631E-03	-8.85958948E-04	 8.60504542E-05	 1.88867554E-03	 4.26048868E-03	-2.60570950E-03	 1.05738497E-03	 1.48481791E-03	 1.47852315E-03	-1.26389155E-03	-1.87498654E-04	-2.33339241E-04	-1.41883028E-04	 2.46026179E-04	 9.38477271E-04	-5.98360841E-04	 4.87983520E-04	 4.71922924E-04	 1.04201440E-03	-6.75709325E-04
 6.820000E-01	-1.12775672E-03	-9.15872119E-04	 4.74996548E-05	 1.91108889E-03	 4.36140889E-03	-2.69776546E-03	 1.07547819E-03	 1.51845550E-03	 1.52035681E-03	-1.29433032E-03	-1.87452078E-04	-2.38123978E-04	-1.49220681E-04	 2.50271749E-04	 9.47423712E-04	-6.20103298E-04	 4.88954801E-04	 4.80461654E-04	 1.06994663E-03	-6.91008514E-04
 6.830000E-01	-1.13470409E-03	-9.46420286E-04	 7.31664971E-06	 1.93425462E-03	 4.46803198E-03	-2.79597541E-03	 1.09510269E-03	 1.55303832E-03	 1.56322253E-03	-1.32546897E-03	-1.87329962E-04	-2.42920971E-04	-1.56670581E-04	 2.54469210E-04	 9.56189301E-04	-6.41444832E-04	 4.89488406E-04	 4.88933196E-04	 1.09855310E-03	-7.06605117E-04
 6.840000E-01	-1.14132695E-03	-9.77599132E-04	-3.45571910E-05	 1.95805904E-03	 4.58016974E-03	-2.90002299E-03	 1.11639183E-03	 1.58853204E-03	 1.60713119E-03	-1.35732536E-03	-1.87114485E-04	-2.47679146E-04	-1.64167453E-04	 2.58438215E-04	 9.63986207E-04	-6.61155694E-04	 4.89306182E-04	 4.97191477E-04	 1.12784800E-03	-7.22485339E-04
 6.850000E-01	-1.14759301E-03	-1.00936728E-03	-7.81312925E-05	 1.98224435E-03	 4.69700461E-03	-3.00865063E-03	 1.13922661E-03	 1.62479915E-03	 1.65211562E-03	-1.38989744E-03	-1.86779795E-04	-2.52329478E-04	-1.71626629E-04	 2.61913889E-04	 9.69748424E-04	-6.77438156E-04	 4.87964694E-04	 5.05017038E-04	 1.15785219E-03	-7.38620016E-04
 6.860000E-01	-1.15344578E-03	-1.04161255E-03	-1.23325700E-04	 2.00632806E-03	 4.81678023E-03	-3.11915896E-03	 1.16307294E-03	 1.66154824E-03	 1.69821934E-03	-1.42315951E-03	-1.86291331E-04	-2.56783819E-04	-1.78946885E-04	 2.64539772E-04	 9.72148045E-04	-6.87864446E-04	 4.84827470E-04	 5.12105128E-04	 1.18858384E-03	-7.54967752E-04
 6.870000E-01	-1.15879323E-03	-1.07411691E-03	-1.69924425E-04	 2.02952496E-03	 4.93648522E-03	-3.22684523E-03	 1.18676702E-03	 1.69827540E-03	 1.74548898E-03	-1.45705693E-03	-1.85606241E-04	-2.60938117E-04	-1.86020920E-04	 2.65872013E-04	 9.69680533E-04	-6.89412852E-04	 4.79069163E-04	 5.18065826E-04	 1.22004678E-03	-7.71481703E-04
 6.880000E-01	-1.16350618E-03	-1.10653905E-03	-2.17543425E-04	 2.05069341E-03	 5.05162157E-03	-3.32447791E-03	 1.20825179E-03	 1.73420210E-03	 1.79398804E-03	-1.49149385E-03	-1.84675119E-04	-2.64681833E-04	-1.92754214E-04	 2.65396906E-04	 9.60821438E-04	-6.78639119E-04	 4.69718503E-04	 5.22442489E-04	 1.25222635E-03	-7.88116279E-04
 6.890000E-01	-1.16742576E-03	-1.13842664E-03	-2.65638827E-04	 2.06831393E-03	 5.15618203E-03	-3.40197103E-03	 1.22431556E-03	 1.76822859E-03	 1.84383479E-03	-1.52631201E-03	-1.83444962E-04	-2.67912669E-04	-1.99088538E-04	 2.62563838E-04	 9.44234377E-04	-6.51982738E-04	 4.55738748E-04	 5.24749005E-04	 1.28509452E-03	-8.04829412E-04
 6.900000E-01	-1.17037573E-03	-1.16925252E-03	-3.13554117E-04	 2.08051291E-03	 5.24291546E-03	-3.44644223E-03	 1.23042898E-03	 1.79892808E-03	 1.89524642E-03	-1.56126830E-03	-1.81863408E-04	-2.70553335E-04	-2.05024288E-04	 2.56833230E-04	 9.18998392E-04	-6.06179618E-04	 4.36146406E-04	 5.24523340E-04	 1.31861878E-03	-8.21582233E-04
 6.910000E-01	-1.17217462E-03	-1.19846568E-03	-3.60596325E-04	 2.08514477E-03	 5.30389432E-03	-3.44282135E-03	 1.22078168E-03	 1.82460675E-03	 1.94856698E-03	-1.59602825E-03	-1.79883365E-04	-2.72566010E-04	-2.10635701E-04	 2.47734276E-04	 8.84810816E-04	-5.38729543E-04	 4.10160032E-04	 5.21391820E-04	 1.35276910E-03	-8.38342614E-04
 6.920000E-01	-1.17264534E-03	-1.22553665E-03	-4.06105949E-04	 2.07995174E-03	 5.33132587E-03	-3.37507941E-03	 1.18860867E-03	 1.84344405E-03	 2.00424808E-03	-1.63018891E-03	-1.77468106E-04	-2.73959004E-04	-2.16071113E-04	 2.34925793E-04	 8.42115522E-04	-4.48334089E-04	 3.77358846E-04	 5.15136477E-04	 1.38751388E-03	-8.55098219E-04
 6.930000E-01	-1.17162926E-03	-1.25000284E-03	-4.49515114E-04	 2.06280943E-03	 5.31852752E-03	-3.22802795E-03	 1.12681569E-03	 1.85370445E-03	 2.06278635E-03	-1.66333019E-03	-1.74596252E-04	-2.74784682E-04	-2.21536858E-04	 2.18248287E-04	 7.92114645E-04	-3.35210771E-04	 3.37807749E-04	 5.05753104E-04	 1.42281101E-03	-8.71874704E-04
 6.940000E-01	-1.16900687E-03	-1.27151698E-03	-4.90401488E-04	 2.03202433E-03	 5.26095017E-03	-2.98948931E-03	 1.02887213E-03	 1.85400110E-03	 2.12463325E-03	-1.69508760E-03	-1.71265977E-04	-2.75129158E-04	-2.27266043E-04	 1.97756020E-04	 7.36642825E-04	-2.01198924E-04	 2.92107257E-04	 4.93487101E-04	 1.45860279E-03	-8.88750760E-04
 6.950000E-01	-1.16472248E-03	-1.28990048E-03	-5.28547152E-04	 1.98662537E-03	 5.15709631E-03	-2.65249024E-03	 8.89850471E-04	 1.84357275E-03	 2.19010594E-03	-1.72522952E-03	-1.67497321E-04	-2.75097542E-04	-2.33479380E-04	 1.73722086E-04	 6.77927908E-04	-4.96236890E-05	 2.41345337E-04	 4.78836283E-04	 1.49482277E-03	-9.05859842E-04
 6.960000E-01	-1.15880668E-03	-1.30519817E-03	-5.64000051E-04	 1.92658750E-03	 5.00913778E-03	-2.21703134E-03	 7.07398343E-04	 1.82250968E-03	 2.25933312E-03	-1.75371763E-03	-1.63330875E-04	-2.74799943E-04	-2.40349431E-04	 1.46613174E-04	 6.18297992E-04	 1.15047998E-04	 1.86955442E-04	 4.62514910E-04	 1.53142043E-03	-9.23372985E-04
 6.970000E-01	-1.15138222E-03	-1.31770231E-03	-5.97097095E-04	 1.85293471E-03	 4.82302794E-03	-1.69099617E-03	 4.82451953E-04	 1.79187017E-03	 2.33222721E-03	-1.78074373E-03	-1.58822730E-04	-2.74338613E-04	-2.47973119E-04	 1.17041595E-04	 5.59899119E-04	 2.87685518E-04	 1.30519426E-04	 4.45384951E-04	 1.56839061E-03	-9.41471678E-04
 6.980000E-01	-1.14264778E-03	-1.32793135E-03	-6.28433210E-04	 1.76768672E-03	 4.60801907E-03	-1.08992580E-03	 2.19527754E-04	 1.75365158E-03	 2.40847435E-03	-1.80673967E-03	-1.54036886E-04	-2.73797515E-04	-2.56356832E-04	 8.57065160E-05	 5.04478413E-04	 4.63006816E-04	 7.35626431E-05	 4.28367124E-04	 1.60579426E-03	-9.60321276E-04
 6.990000E-01	-1.13285302E-03	-1.33656223E-03	-6.58772109E-04	 1.67365382E-03	 4.37561554E-03	-4.35604691E-04	-7.34770642E-05	 1.71062127E-03	 2.48753440E-03	-1.83235563E-03	-1.49040075E-04	-2.73236328E-04	-2.65417238E-04	 5.33377025E-05	 4.53264313E-04	 6.36029992E-04	 1.73949810E-05	 4.12353197E-04	 1.64375884E-03	-9.80053153E-04
 7.000000E-01	-1.12227879E-03	-1.34433852E-03	-6.88928297E-04	 1.57411616E-03	 4.13815727E-03	 2.46333256E-04	-3.85987414E-04	 1.66604006E-03	 2.56866590E-03	-1.85840310E-03	-1.43900927E-04	-2.72691469E-04	-2.74999303E-04	 2.06497326E-05	 4.06953977E-04	 8.02392965E-04	-3.69680385E-05	 3.98137321E-04	 1.68245863E-03	-1.00075678E-03
 7.010000E-01	-1.11124490E-03	-1.35200314E-03	-7.19675211E-04	 1.47244530E-03	 3.90732976E-03	 9.29360576E-04	-7.05882622E-04	 1.62333084E-03	 2.65101260E-03	-1.88574532E-03	-1.38694711E-04	-2.72188274E-04	-2.84913510E-04	-1.16966761E-05	 3.65789591E-04	 9.58514161E-04	-8.88001658E-05	 3.86378149E-04	 1.72209264E-03	-1.02246946E-03
 7.020000E-01	-1.10011277E-03	-1.36024454E-03	-7.51680125E-04	 1.37173414E-03	 3.69288986E-03	 1.58902755E-03	-1.02087826E-03	 1.58573585E-03	 2.73372732E-03	-1.91517568E-03	-1.33505714E-04	-2.71754649E-04	-2.94976985E-04	-4.31270776E-05	 3.29687910E-04	 1.10162433E-03	-1.37595209E-04	 3.77585238E-04	 1.76286241E-03	-1.04517344E-03
 7.030000E-01	-1.08922820E-03	-1.36962316E-03	-7.85448082E-04	 1.27448694E-03	 3.50184765E-03	 2.20540514E-03	-1.31993957E-03	 1.55598843E-03	 2.81608424E-03	-1.94734306E-03	-1.28416302E-04	-2.71421890E-04	-3.05037337E-04	-7.31761601E-05	 2.98385625E-04	 1.22973050E-03	-1.82981220E-04	 3.72105311E-04	 1.80494474E-03	-1.06881309E-03
 7.040000E-01	-1.07880993E-03	-1.38046918E-03	-8.21254680E-04	 1.18242429E-03	 3.33817536E-03	 2.76462312E-03	-1.59445116E-03	 1.53604624E-03	 2.89753072E-03	-1.98274996E-03	-1.23485669E-04	-2.71209496E-04	-3.14970725E-04	-1.01496204E-04	 2.71561967E-04	 1.34157127E-03	-2.24653284E-04	 3.70101039E-04	 1.84845356E-03	-1.09333475E-03
 7.050000E-01	-1.06881991E-03	-1.39276659E-03	-8.59067878E-04	 1.09643198E-03	 3.20298008E-03	 3.25935294E-03	-1.83893664E-03	 1.52692439E-03	 2.97766513E-03	-2.02182533E-03	-1.18726158E-04	-2.71099050E-04	-3.24657877E-04	-1.27849547E-04	 2.48916363E-04	 1.43658994E-03	-2.62342598E-04	 3.71525031E-04	 1.89339567E-03	-1.11874508E-03
 7.060000E-01	-1.05896310E-03	-1.40616613E-03	-8.98565395E-04	 1.01664684E-03	 3.09501057E-03	 3.68834589E-03	-2.05120729E-03	 1.52870803E-03	 3.05624467E-03	-2.06494051E-03	-1.14102451E-04	-2.71029664E-04	-3.33977254E-04	-1.52103661E-04	 2.30176375E-04	 1.51491125E-03	-2.95832640E-04	 3.76129736E-04	 1.93967171E-03	-1.14512524E-03
 7.070000E-01	-1.04884802E-03	-1.42016155E-03	-9.39279129E-04	 9.42634582E-04	 3.01134559E-03	 4.05527870E-03	-2.23197890E-03	 1.54075660E-03	 3.13325527E-03	-2.11231872E-03	-1.09558031E-04	-2.70924861E-04	-3.42830237E-04	-1.74238134E-04	 2.15047305E-04	 1.57729580E-03	-3.25015230E-04	 3.83532430E-04	 1.98713581E-03	-1.17258042E-03
 7.080000E-01	-1.03821045E-03	-1.43434109E-03	-9.80806361E-04	 8.73589841E-04	 2.94812134E-03	 4.36722628E-03	-2.38413829E-03	 1.56202485E-03	 3.20900227E-03	-2.16389203E-03	-1.05051392E-04	-2.70734039E-04	-3.51182009E-04	-1.94357078E-04	 2.03145023E-04	 1.62505059E-03	-3.49962827E-04	 3.93312630E-04	 2.03568629E-03	-1.20115256E-03
 7.090000E-01	-1.02706266E-03	-1.44857244E-03	-1.02297577E-03	 8.08510910E-04	 2.90118423E-03	 4.63307610E-03	-2.51189408E-03	 1.59138476E-03	 3.28413980E-03	-2.21921588E-03	-1.00579467E-04	-2.70461374E-04	-3.59087592E-04	-2.12689874E-04	 1.93960084E-04	 1.65989304E-03	-3.70981508E-04	 4.05100681E-04	 2.08533545E-03	-1.23075314E-03
 7.100000E-01	-1.01560711E-03	-1.46294154E-03	-1.06581447E-03	 7.46344746E-04	 2.86661111E-03	 4.86211601E-03	-2.62004557E-03	 1.62778041E-03	 3.35952616E-03	-2.27760179E-03	-9.61632778E-05	-2.70147300E-04	-3.66660744E-04	-2.29552335E-04	 1.86900794E-04	 1.68379424E-03	-3.88608860E-04	 4.18590988E-04	 2.13619046E-03	-1.26119702E-03
 7.110000E-01	-1.00404378E-03	-1.47756871E-03	-1.10940619E-03	 6.86103897E-04	 2.84105606E-03	 5.06298527E-03	-2.71342925E-03	 1.67023846E-03	 3.43601395E-03	-2.33835292E-03	-9.18182536E-05	-2.69828913E-04	-3.74017008E-04	-2.45285503E-04	 1.81379393E-04	 1.69881795E-03	-4.03559987E-04	 4.33503258E-04	 2.18838864E-03	-1.29228892E-03
 7.120000E-01	-9.92424747E-04	-1.49246176E-03	-1.15377164E-03	 6.26944530E-04	 2.82191764E-03	 5.24306831E-03	-2.79654137E-03	 1.71782663E-03	 3.51430170E-03	-2.40094954E-03	-8.75339511E-05	-2.69511384E-04	-3.81230598E-04	-2.60200091E-04	 1.76891541E-04	 1.70696839E-03	-4.16643338E-04	 4.49539396E-04	 2.24204352E-03	-1.32389376E-03
 7.130000E-01	-9.80632318E-04	-1.50748377E-03	-1.19883467E-03	 5.68198231E-04	 2.80732726E-03	 5.40828730E-03	-2.87329314E-03	 1.76964409E-03	 3.59489115E-03	-2.46510347E-03	-8.32743282E-05	-2.69164982E-04	-3.88324065E-04	-2.74544734E-04	 1.73054720E-04	 1.71005952E-03	-4.28669344E-04	 4.66373655E-04	 2.29722614E-03	-1.35595601E-03
 7.140000E-01	-9.68488859E-04	-1.52245007E-03	-1.24448989E-03	 5.09360628E-04	 2.79600947E-03	 5.56317377E-03	-2.94685599E-03	 1.82489529E-03	 3.67814276E-03	-2.53066599E-03	-7.89978303E-05	-2.68748750E-04	-3.95294046E-04	-2.88507560E-04	 1.69594300E-04	 1.70961972E-03	-4.40379274E-04	 4.83695220E-04	 2.35398644E-03	-1.38846039E-03
 7.150000E-01	-9.55852656E-04	-1.53720678E-03	-1.29065041E-03	 4.50063267E-04	 2.78710234E-03	 5.71107236E-03	-3.01962045E-03	 1.88296141E-03	 3.76430998E-03	-2.59754206E-03	-7.46735124E-05	-2.68229692E-04	-4.02133726E-04	-3.02226720E-04	 1.66315844E-04	 1.70685245E-03	-4.52399125E-04	 5.01254592E-04	 2.41236386E-03	-1.42140106E-03
 7.160000E-01	-9.42648906E-04	-1.55164662E-03	-1.33724698E-03	 3.90042930E-04	 2.77999794E-03	 5.85438838E-03	-3.09327069E-03	 1.94342856E-03	 3.85353903E-03	-2.66566657E-03	-7.02856173E-05	-2.67587785E-04	-4.08839498E-04	-3.15798049E-04	 1.63083527E-04	 1.70264716E-03	-4.65218943E-04	 5.18885485E-04	 2.47238100E-03	-1.45477994E-03
 7.170000E-01	-9.28851522E-04	-1.56569708E-03	-1.38422135E-03	 3.29109026E-04	 2.77425888E-03	 5.99484876E-03	-3.16896208E-03	 2.00606014E-03	 3.94589325E-03	-2.73500805E-03	-6.58294862E-05	-2.66813265E-04	-4.15410307E-04	-3.29282172E-04	 1.59812294E-04	 1.69762025E-03	-4.79191837E-04	 5.36492519E-04	 2.53404363E-03	-1.48861104E-03
 7.180000E-01	-9.14451439E-04	-1.57931086E-03	-1.43153797E-03	 2.67108920E-04	 2.76958991E-03	 6.13374108E-03	-3.24753898E-03	 2.07073391E-03	 4.04141383E-03	-2.80555991E-03	-6.13050742E-05	-2.65902849E-04	-4.21847882E-04	-3.42714310E-04	 1.56465557E-04	 1.69216873E-03	-4.94545916E-04	 5.54018305E-04	 2.59735162E-03	-1.52291424E-03
 7.190000E-01	-8.99449619E-04	-1.59248427E-03	-1.47922346E-03	 2.03895678E-04	 2.76582920E-03	 6.27209999E-03	-3.32970117E-03	 2.13738579E-03	 4.14020382E-03	-2.87729630E-03	-5.67140370E-05	-2.64860928E-04	-4.28164681E-04	-3.56122460E-04	 1.53043599E-04	 1.68653275E-03	-5.11411376E-04	 5.71417309E-04	 2.66232521E-03	-1.55769159E-03
 7.200000E-01	-8.83854185E-04	-1.60525936E-03	-1.52737666E-03	 1.39314372E-04	 2.76292647E-03	 6.41081250E-03	-3.41607494E-03	 2.20596546E-03	 4.24245514E-03	-2.95014755E-03	-5.20579235E-05	-2.63698449E-04	-4.34386697E-04	-3.69541938E-04	 1.49565062E-04	 1.68086706E-03	-5.29860647E-04	 5.88642370E-04	 2.72901835E-03	-1.59291602E-03
 7.210000E-01	-8.67671066E-04	-1.61769072E-03	-1.57612379E-03	 7.32095510E-05	 2.76089036E-03	 6.55065596E-03	-3.50720988E-03	 2.27642202E-03	 4.34838743E-03	-3.02402762E-03	-4.73367353E-05	-2.62426845E-04	-4.40544697E-04	-3.83015482E-04	 1.46050172E-04	 1.67530256E-03	-5.49948550E-04	 6.05646644E-04	 2.79750178E-03	-1.62854899E-03
 7.220000E-01	-8.50890661E-04	-1.62979822E-03	-1.62554911E-03	 5.44259797E-06	 2.75973037E-03	 6.69231792E-03	-3.60356115E-03	 2.34871865E-03	 4.45815208E-03	-3.09889286E-03	-4.25481624E-05	-2.61051006E-04	-4.46659909E-04	-3.96580672E-04	 1.42515421E-04	 1.66997852E-03	-5.71733430E-04	 6.22392644E-04	 2.86782928E-03	-1.66457348E-03
 7.230000E-01	-8.33478841E-04	-1.64153699E-03	-1.67564880E-03	-6.40987574E-05	 2.75941930E-03	 6.83642779E-03	-3.70551675E-03	 2.42285942E-03	 4.57177177E-03	-3.17479003E-03	-3.76875617E-05	-2.59565563E-04	-4.52734561E-04	-4.10256524E-04	 1.38979520E-04	 1.66504316E-03	-5.95277180E-04	 6.38859069E-04	 2.94000897E-03	-1.70102035E-03
 7.240000E-01	-8.15389095E-04	-1.65282198E-03	-1.72635822E-03	-1.35509007E-04	 2.75990772E-03	 6.98361323E-03	-3.81346465E-03	 2.49890525E-03	 4.68918313E-03	-3.25183650E-03	-3.27498783E-05	-2.57959814E-04	-4.58758554E-04	-4.24046046E-04	 1.35468604E-04	 1.66064318E-03	-6.20641190E-04	 6.55041420E-04	 3.01401365E-03	-1.73795715E-03
 7.250000E-01	-7.96582934E-04	-1.66358111E-03	-1.77762516E-03	-2.08886415E-04	 2.76117123E-03	 7.13454907E-03	-3.92786044E-03	 2.57696027E-03	 4.81033786E-03	-3.33015603E-03	-2.77314239E-05	-2.56225718E-04	-4.64724808E-04	-4.37952499E-04	 1.32012689E-04	 1.65691932E-03	-6.47895215E-04	 6.70943430E-04	 3.08982118E-03	-1.77545220E-03
 7.260000E-01	-7.77044258E-04	-1.67379915E-03	-1.82947951E-03	-2.84362966E-04	 2.76324495E-03	 7.28999839E-03	-4.04926742E-03	 2.65715536E-03	 4.93529557E-03	-3.40981207E-03	-2.26311116E-05	-2.54363880E-04	-4.70641493E-04	-4.51994572E-04	 1.28636436E-04	 1.65400140E-03	-6.77124910E-04	 6.86566374E-04	 3.16745342E-03	-1.81353605E-03
 7.270000E-01	-7.56773884E-04	-1.68351674E-03	-1.88204694E-03	-3.62128357E-04	 2.76621121E-03	 7.45084297E-03	-4.17836874E-03	 2.73965042E-03	 5.06424327E-03	-3.49079077E-03	-1.74498937E-05	-2.52382764E-04	-4.76531824E-04	-4.66208092E-04	 1.25354259E-04	 1.65200060E-03	-7.08422832E-04	 7.01904654E-04	 3.24698095E-03	-1.85219101E-03
 7.280000E-01	-7.35768715E-04	-1.69278576E-03	-1.93549411E-03	-4.42425221E-04	 2.77016063E-03	 7.61809594E-03	-4.31596272E-03	 2.82465256E-03	 5.19742068E-03	-3.57304935E-03	-1.21884719E-05	-2.50291682E-04	-4.82422264E-04	-4.80634431E-04	 1.22174789E-04	 1.65101261E-03	-7.41871954E-04	 7.16953149E-04	 3.32848665E-03	-1.89137996E-03
 7.290000E-01	-7.14004023E-04	-1.70162138E-03	-1.98995481E-03	-5.25522053E-04	 2.77516827E-03	 7.79291623E-03	-4.46296109E-03	 2.91244147E-03	 5.33501423E-03	-3.65658773E-03	-6.84521978E-06	-2.48093689E-04	-4.88329391E-04	-4.95306757E-04	 1.19108532E-04	 1.65113425E-03	-7.77539019E-04	 7.31722884E-04	 3.41202153E-03	-1.93108863E-03
 7.300000E-01	-6.91428234E-04	-1.70998171E-03	-2.04549003E-03	-6.11689820E-04	 2.78130116E-03	 7.97663706E-03	-4.62042406E-03	 3.00339591E-03	 5.47709462E-03	-3.74150571E-03	-1.41542293E-06	-2.45782191E-04	-4.94252868E-04	-5.10242555E-04	 1.16169962E-04	 1.65247261E-03	-8.15481705E-04	 7.46252021E-04	 3.49758691E-03	-1.97135674E-03
 7.310000E-01	-6.67976371E-04	-1.71779631E-03	-2.10212441E-03	-7.01215219E-04	 2.78864889E-03	 8.17084219E-03	-4.78964675E-03	 3.09803492E-03	 5.62366295E-03	-3.82798926E-03	 4.10648822E-06	-2.43344966E-04	-5.00179926E-04	-5.25446346E-04	 1.13368869E-04	 1.65511725E-03	-8.55741095E-04	 7.60602043E-04	 3.58515710E-03	-2.01226358E-03
 7.320000E-01	-6.43584630E-04	-1.72500970E-03	-2.15992137E-03	-7.94449016E-04	 2.79733667E-03	 8.37745743E-03	-4.97228903E-03	 3.19707275E-03	 5.77476482E-03	-3.91624941E-03	 9.72411543E-06	-2.40769839E-04	-5.06093537E-04	-5.40916274E-04	 1.10692898E-04	 1.65907072E-03	-8.98297918E-04	 7.74840678E-04	 3.67471334E-03	-2.05388620E-03
 7.330000E-01	-6.18200616E-04	-1.73161110E-03	-2.21903630E-03	-8.91837714E-04	 2.80752044E-03	 8.59876817E-03	-5.17045275E-03	 3.30146172E-03	 5.93059017E-03	-4.00646302E-03	 1.54370536E-05	-2.38047316E-04	-5.11975345E-04	-5.56646675E-04	 1.08081257E-04	 1.66415271E-03	-9.42986292E-04	 7.89017076E-04	 3.76626858E-03	-2.09626227E-03
 7.340000E-01	-5.91781491E-04	-1.73762651E-03	-2.27970182E-03	-9.93904576E-04	 2.81936599E-03	 8.83728413E-03	-5.38661879E-03	 3.41239514E-03	 6.09147631E-03	-4.09876772E-03	 2.12404124E-05	-2.35165924E-04	-5.17793324E-04	-5.72612284E-04	 1.05392522E-04	 1.66986025E-03	-9.89340963E-04	 8.03116737E-04	 3.85986150E-03	-2.13938446E-03
 7.350000E-01	-5.64283612E-04	-1.74307849E-03	-2.34214849E-03	-1.10118320E-03	 2.83300064E-03	 9.09542847E-03	-5.62338228E-03	 3.53127225E-03	 6.25780846E-03	-4.19331747E-03	 2.71241631E-05	-2.32102439E-04	-5.23474141E-04	-5.88725907E-04	 1.02372272E-04	 1.67514727E-03	-1.03632227E-03	 8.16972199E-04	 3.95551104E-03	-2.18322350E-03
 7.360000E-01	-5.35653578E-04	-1.74794097E-03	-2.40650828E-03	-1.21413618E-03	 2.84841770E-03	 9.37505703E-03	-5.88294054E-03	 3.65961637E-03	 6.42988546E-03	-4.29034558E-03	 3.30708799E-05	-2.28813190E-04	-5.28872874E-04	-6.04781769E-04	 9.86247535E-05	 1.67813321E-03	-1.08189336E-03	 8.30110644E-04	 4.05314030E-03	-2.22774875E-03
 7.370000E-01	-5.05827214E-04	-1.75210877E-03	-2.47273957E-03	-1.33308067E-03	 2.86531118E-03	 9.67677813E-03	-6.16627484E-03	 3.79889383E-03	 6.60782082E-03	-4.39017788E-03	 3.90529990E-05	-2.25230786E-04	-5.33756373E-04	-6.20412780E-04	 9.35903602E-05	 1.67583993E-03	-1.12252609E-03	 8.41556372E-04	 4.15248822E-03	-2.27292567E-03
 7.380000E-01	-4.74749067E-04	-1.75539965E-03	-2.54058960E-03	-1.45809150E-03	 2.88287098E-03	 9.99899330E-03	-6.47188239E-03	 3.95010079E-03	 6.79149983E-03	-4.49314918E-03	 4.50312068E-05	-2.21269066E-04	-5.37813336E-04	-6.35092433E-04	 8.65271013E-05	 1.66411142E-03	-1.15281412E-03	 8.49637971E-04	 4.25305249E-03	-2.31868299E-03
 7.390000E-01	-4.42400794E-04	-1.75756772E-03	-2.60956672E-03	-1.58886161E-03	 2.89957427E-03	 1.03366742E-02	-6.79401582E-03	 4.11301277E-03	 6.98051314E-03	-4.59945701E-03	 5.09569240E-05	-2.16832164E-04	-5.40687542E-04	-6.48185555E-04	 7.65106871E-05	 1.63782843E-03	-1.16539008E-03	 8.51863893E-04	 4.35407683E-03	-2.36487908E-03
 7.400000E-01	-4.08824443E-04	-1.75830731E-03	-2.67890267E-03	-1.72455257E-03	 2.91297920E-03	 1.06801443E-02	-7.12061923E-03	 4.28516725E-03	 7.17401392E-03	-4.70899965E-03	 5.67787657E-05	-2.11826046E-04	-5.42026858E-04	-6.59036506E-04	 6.24790053E-05	 1.59146220E-03	-1.15129132E-03	 8.44956481E-04	 4.45457497E-03	-2.41129354E-03
 7.410000E-01	-3.74123948E-04	-1.75723180E-03	-2.74749906E-03	-1.86368671E-03	 2.91955553E-03	 1.10142554E-02	-7.43143683E-03	 4.46073379E-03	 7.37049432E-03	-4.82125156E-03	 6.24540301E-05	-2.06169571E-04	-5.41540839E-04	-6.67084231E-04	 4.33411855E-05	 1.51995887E-03	-1.10087832E-03	 8.25131765E-04	 4.55338333E-03	-2.45767336E-03
 7.420000E-01	-3.38452649E-04	-1.75385068E-03	-2.81389243E-03	-2.00411798E-03	 2.91463196E-03	 1.13183439E-02	-7.69690140E-03	 4.62949735E-03	 7.56756678E-03	-4.93517534E-03	 6.79627778E-05	-1.99806044E-04	-5.39062797E-04	-6.71995090E-04	 1.81401751E-05	 1.41985634E-03	-1.00530225E-03	 7.88675255E-04	 4.64926197E-03	-2.50382808E-03
 7.430000E-01	-3.01999869E-04	-1.74757689E-03	-2.87628761E-03	-2.14309708E-03	 2.89256508E-03	 1.15671996E-02	-7.87841880E-03	 4.77620411E-03	 7.76187601E-03	-5.04916856E-03	 7.33207223E-05	-1.92713989E-04	-5.34605824E-04	-6.73791375E-04	-1.37721341E-05	 1.29039392E-03	-8.58332177E-04	 7.32759297E-04	 4.74107874E-03	-2.54975138E-03
 7.440000E-01	-2.64986398E-04	-1.73778746E-03	-2.93270358E-03	-2.27744668E-03	 2.84720550E-03	 1.17331797E-02	-7.93057503E-03	 4.88062758E-03	 7.94923332E-03	-5.16106672E-03	 7.85854065E-05	-1.84915103E-04	-5.28395288E-04	-6.72934866E-04	-5.25975739E-05	 1.13426839E-03	-6.58120673E-04	 6.56322716E-04	 4.82806959E-03	-2.59572506E-03
 7.450000E-01	-2.27660553E-04	-1.72392880E-03	-2.98124379E-03	-2.40389631E-03	 2.77261511E-03	 1.17895365E-02	-7.80560534E-03	 4.91881514E-03	 8.12502443E-03	-5.26824769E-03	 8.38513673E-05	-1.76476729E-04	-5.20860907E-04	-6.70325094E-04	-9.80284050E-05	 9.57722513E-04	-4.08367757E-04	 5.60757655E-04	 4.91009859E-03	-2.64235158E-03
 7.460000E-01	-1.90279862E-04	-1.70562740E-03	-3.02042545E-03	-2.51955416E-03	 2.66392370E-03	 1.17146130E-02	-7.45993140E-03	 4.86573154E-03	 8.28485834E-03	-5.36790713E-03	 8.92358998E-05	-1.67504880E-04	-5.12580042E-04	-6.67195153E-04	-1.49273300E-04	 7.69843517E-04	-1.18450116E-04	 4.50157223E-04	 4.98782163E-03	-2.69050693E-03
 7.470000E-01	-1.53081993E-04	-1.68278026E-03	-3.04947231E-03	-2.62239811E-03	 2.51820748E-03	 1.14960884E-02	-6.86175773E-03	 4.69903475E-03	 8.42533646E-03	-5.45750085E-03	 9.48589758E-05	-1.58127484E-04	-5.04180543E-04	-6.64920587E-04	-2.05174788E-04	 5.81182310E-04	 1.97653294E-04	 3.30969060E-04	 5.06270001E-03	-2.74122351E-03
 7.480000E-01	-1.16245320E-04	-1.65559723E-03	-3.06848750E-03	-2.71166098E-03	 2.33523484E-03	 1.11342393E-02	-5.99816028E-03	 4.40331014E-03	 8.54475031E-03	-5.53531425E-03	 1.00823339E-04	-1.48468848E-04	-4.96221962E-04	-6.64775749E-04	-2.64398583E-04	 4.01981431E-04	 5.23470852E-04	 2.11039748E-04	 5.13686269E-03	-2.79553309E-03
 7.490000E-01	-7.98551957E-05	-1.62459420E-03	-3.07847963E-03	-2.78802383E-03	 2.11786251E-03	 1.06433457E-02	-4.87992039E-03	 3.97395002E-03	 8.64356060E-03	-5.60104352E-03	 1.07196111E-04	-1.38625116E-04	-4.89086620E-04	-6.67689193E-04	-3.25647605E-04	 2.40412786E-04	 8.42717157E-04	 9.82067839E-05	 5.21285792E-03	-2.85427569E-03
 7.500000E-01	-4.38787546E-05	-1.59052425E-03	-3.08123913E-03	-2.85359368E-03	 1.87184360E-03	 1.00507006E-02	-3.54268258E-03	 3.41976226E-03	 8.72461140E-03	-5.65622399E-03	 1.13993998E-04	-1.28651025E-04	-4.82912931E-04	-6.74058277E-04	-3.87822144E-04	 1.01276072E-04	 1.14184395E-03	-1.22575893E-06	 5.29332823E-03	-2.91789553E-03
 7.510000E-01	-8.16969532E-06	-1.55426663E-03	-3.07907232E-03	-2.91160856E-03	 1.60502926E-03	 9.39305828E-03	-2.04358284E-03	 2.76332310E-03	 8.79306022E-03	-5.70429496E-03	 1.21175849E-04	-1.18566164E-04	-4.77596389E-04	-6.83690251E-04	-4.50074647E-04	-1.44409346E-05	 1.41173158E-03	-8.36448339E-05	 5.38066704E-03	-2.98629094E-03
 7.520000E-01	 2.74894898E-05	-1.51670665E-03	-3.07444174E-03	-2.96587862E-03	 1.32622955E-03	 8.71110225E-03	-4.53665877E-04	 2.03850085E-03	 8.85593894E-03	-5.75020595E-03	 1.28646283E-04	-1.08374370E-04	-4.72854934E-04	-6.95896184E-04	-5.11770816E-04	-1.09027192E-04	 1.64807858E-03	-1.48531473E-04	 5.47674887E-03	-3.05880253E-03
 7.530000E-01	 6.33271358E-05	-1.47863173E-03	-3.06960066E-03	-3.02013377E-03	 1.04403766E-03	 8.04338564E-03	 1.15219273E-03	 1.28563785E-03	 8.92132269E-03	-5.79967724E-03	 1.36271179E-04	-9.80855632E-05	-4.68327066E-04	-7.09688759E-04	-5.72402249E-04	-1.86824356E-04	 1.85057054E-03	-1.98027841E-04	 5.58279633E-03	-3.13435546E-03
 7.540000E-01	 9.95381885E-05	-1.44065061E-03	-3.06630815E-03	-3.07749249E-03	 7.65812039E-04	 7.42132624E-03	 2.70541040E-03	 5.45684431E-04	 8.99728763E-03	-5.85834322E-03	 1.43900361E-04	-8.77310138E-05	-4.63667406E-04	-7.24003081E-04	-6.31485372E-04	-2.52797240E-04	 2.02131025E-03	-2.35895721E-04	 5.69938622E-03	-3.21169925E-03
 7.550000E-01	 1.36274878E-04	-1.40313259E-03	-3.06566821E-03	-3.14015953E-03	 4.96926246E-04	 6.86621345E-03	 4.15169535E-03	-1.45337458E-04	 9.09095000E-03	-5.93096828E-03	 1.51391290E-04	-7.73670998E-05	-4.58616995E-04	-7.37882228E-04	-6.88473551E-04	-3.11307906E-04	 2.16310624E-03	-2.66221273E-04	 5.82653384E-03	-3.28966758E-03
 7.560000E-01	 1.73654133E-04	-1.36618799E-03	-3.06811001E-03	-3.20933547E-03	 2.40414214E-04	 6.38843307E-03	 5.45561395E-03	-7.60445301E-04	 9.20779713E-03	-6.02087494E-03	 1.58630321E-04	-6.70682618E-05	-4.53039683E-04	-7.50610640E-04	-7.42733751E-04	-3.65336052E-04	 2.27815049E-03	-2.92227186E-04	 5.96382286E-03	-3.36739899E-03
 7.570000E-01	 2.11762240E-04	-1.32970212E-03	-3.07349147E-03	-3.28529073E-03	-2.90806120E-06	 5.98862361E-03	 6.60134273E-03	-1.28370721E-03	 9.35133877E-03	-6.12972741E-03	 1.65547127E-04	-5.69094560E-05	-4.46918169E-04	-7.61782283E-04	-7.93626707E-04	-4.16275139E-04	 2.36745679E-03	-3.15560410E-04	 6.11058207E-03	-3.44448169E-03
 7.580000E-01	 2.50645668E-04	-1.29341594E-03	-3.08128060E-03	-3.36757863E-03	-2.33974697E-04	 5.66014914E-03	 7.59020647E-03	-1.71006497E-03	 9.52309188E-03	-6.25764793E-03	 1.72116217E-04	-4.69484496E-05	-4.40316876E-04	-7.71288189E-04	-8.40652493E-04	-4.64274189E-04	 2.43112410E-03	-3.36257303E-04	 6.26605878E-03	-3.52096428E-03
 7.590000E-01	 2.90303382E-04	-1.25700797E-03	-3.09073725E-03	-3.45531988E-03	-4.54895302E-04	 5.39200177E-03	 8.43627760E-03	-2.04358632E-03	 9.72289018E-03	-6.40351874E-03	 1.78346804E-04	-3.72153537E-05	-4.33330743E-04	-7.79233914E-04	-8.83572851E-04	-5.08875585E-04	 2.46909193E-03	-3.53273581E-04	 6.42951779E-03	-3.59723851E-03
 7.600000E-01	 3.30685596E-04	-1.22015877E-03	-3.10105650E-03	-3.54745765E-03	-6.68407226E-04	 5.17139858E-03	 9.16141222E-03	-2.29497317E-03	 9.94940866E-03	-6.56530817E-03	 1.84267821E-04	-2.77118653E-05	-4.26044372E-04	-7.85834761E-04	-9.22457690E-04	-5.49614620E-04	 2.48191048E-03	-3.65233921E-04	 6.60026087E-03	-3.67385433E-03
 7.610000E-01	 3.71710507E-04	-1.18258635E-03	-3.11147344E-03	-3.64293739E-03	-8.77397651E-04	 4.98576870E-03	 9.79064169E-03	-2.47891323E-03	 1.02007133E-02	-6.74040504E-03	 1.89916818E-04	-1.84140008E-05	-4.18508228E-04	-7.91328387E-04	-9.57662665E-04	-5.86393561E-04	 2.47120742E-03	-3.71128488E-04	 6.77764124E-03	-3.75133715E-03
 7.620000E-01	 4.13291613E-04	-1.14406247E-03	-3.12134431E-03	-3.74082217E-03	-1.08451810E-03	 4.82412366E-03	 1.03484499E-02	-2.61154386E-03	 1.04746945E-02	-6.92600972E-03	 1.95333505E-04	-9.27576317E-06	-4.10729645E-04	-7.95916444E-04	-9.89760436E-04	-6.19618942E-04	 2.43977152E-03	-3.70831079E-04	 6.96113163E-03	-3.83004188E-03
 7.630000E-01	 4.55366917E-04	-1.10440726E-03	-3.13018939E-03	-3.84037166E-03	-1.29198170E-03	 4.67777982E-03	 1.08562931E-02	-2.70836087E-03	 1.07693947E-02	-7.11949571E-03	 2.00553869E-04	-2.37279885E-07	-4.02675352E-04	-7.99726277E-04	-1.01942192E-03	-6.50148398E-04	 2.39125208E-03	-3.65328139E-04	 7.15038538E-03	-3.91005171E-03
 7.640000E-01	 4.97910513E-04	-1.06347248E-03	-3.13767938E-03	-3.94106941E-03	-1.50154378E-03	 4.54042903E-03	 1.13314582E-02	-2.78285917E-03	 1.10832392E-02	-7.31861844E-03	 2.05602929E-04	 8.75993368E-06	-3.94287312E-04	-8.02796591E-04	-1.04726329E-03	-6.79072316E-04	 2.32954186E-03	-3.56524202E-04	 7.34520192E-03	-3.99116667E-03
 7.650000E-01	 5.40915034E-04	-1.02113826E-03	-3.14358839E-03	-4.04258532E-03	-1.71454226E-03	 4.40778301E-03	 1.17869638E-02	-2.84590260E-03	 1.14151060E-02	-7.52157399E-03	 2.10489866E-04	 1.77560089E-05	-3.85508552E-04	-8.05097718E-04	-1.07372559E-03	-7.07405835E-04	 2.25808158E-03	-3.46676416E-04	 7.54541007E-03	-4.07301482E-03
 7.660000E-01	 5.84361988E-04	-9.77324496E-04	-3.14774883E-03	-4.14470382E-03	-1.93191895E-03	 4.27711179E-03	 1.22320372E-02	-2.90559395E-03	 1.17642125E-02	-7.72702259E-03	 2.15209283E-04	 2.67642822E-05	-3.76304454E-04	-8.06573038E-04	-1.09904409E-03	-7.35846041E-04	 2.17940211E-03	-3.37768025E-04	 7.75076929E-03	-4.15524070E-03
 7.670000E-01	 6.28206325E-04	-9.32003149E-04	-3.15003921E-03	-4.24728043E-03	-2.15425522E-03	 4.14687413E-03	 1.26728770E-02	-2.96742746E-03	 1.21299546E-02	-7.93414503E-03	 2.19747585E-04	 3.57744197E-05	-3.66670145E-04	-8.07175792E-04	-1.12329715E-03	-7.64703672E-04	 2.09505552E-03	-3.31146489E-04	 7.96097064E-03	-4.23765325E-03
 7.680000E-01	 6.72400467E-04	-8.85174465E-04	-3.15038621E-03	-4.35026365E-03	-2.38193667E-03	 4.01638920E-03	 1.31136369E-02	-3.03477634E-03	 1.25118889E-02	-8.14262205E-03	 2.24091016E-04	 4.47635634E-05	-3.56624370E-04	-8.06884901E-04	-1.14646741E-03	-7.93977007E-04	 2.00580773E-03	-3.27494483E-04	 8.17568815E-03	-4.32023824E-03
 7.690000E-01	 7.16935317E-04	-8.36820743E-04	-3.14876233E-03	-4.45374407E-03	-2.61540841E-03	 3.88547573E-03	 1.35575389E-02	-3.10968647E-03	 1.29098907E-02	-8.35245244E-03	 2.28232668E-04	 5.37083023E-05	-3.46201850E-04	-8.05715343E-04	-1.16849116E-03	-8.23455194E-04	 1.91193927E-03	-3.26989133E-04	 8.39462267E-03	-4.40306784E-03
 7.700000E-01	 7.61862771E-04	-7.86871826E-04	-3.14516744E-03	-4.55796001E-03	-2.85534739E-03	 3.75412540E-03	 1.40078038E-02	-3.19373398E-03	 1.33242857E-02	-8.56375831E-03	 2.32178234E-04	 6.25963133E-05	-3.35445656E-04	-8.03733555E-04	-1.18932799E-03	-8.52812017E-04	 1.81364301E-03	-3.29593611E-04	 8.61756518E-03	-4.48622547E-03
 7.710000E-01	 8.07272796E-04	-7.35216971E-04	-3.13960419E-03	-4.66323339E-03	-3.10265667E-03	 3.62229795E-03	 1.44681935E-02	-3.28866151E-03	 1.37558324E-02	-8.77671061E-03	 2.35947132E-04	 7.14328357E-05	-3.24399013E-04	-8.01063784E-04	-1.20905588E-03	-8.81718735E-04	 1.71150432E-03	-3.35461199E-04	 8.84448975E-03	-4.56979092E-03
 7.720000E-01	 8.53247310E-04	-6.81740158E-04	-3.13204506E-03	-4.76986654E-03	-3.35836416E-03	 3.48979463E-03	 1.49431619E-02	-3.39679364E-03	 1.42056522E-02	-8.99154354E-03	 2.39567107E-04	 8.02397637E-05	-3.13093053E-04	-7.97861676E-04	-1.22793651E-03	-9.09984472E-04	 1.60686056E-03	-3.45372276E-04	 9.07564737E-03	-4.65384376E-03
 7.730000E-01	 8.99823340E-04	-6.26349276E-04	-3.12240289E-03	-4.87804582E-03	-3.62352714E-03	 3.35613101E-03	 1.54376676E-02	-3.52130149E-03	 1.46752698E-02	-9.20846513E-03	 2.43062948E-04	 8.90470202E-05	-3.01532969E-04	-7.94253011E-04	-1.24638927E-03	-9.37683993E-04	 1.50176232E-03	-3.61021310E-04	 9.31162141E-03	-4.73839761E-03
 7.740000E-01	 9.46989623E-04	-5.68979496E-04	-3.11052108E-03	-4.98778110E-03	-3.89911735E-03	 3.22047028E-03	 1.59564765E-02	-3.66611929E-03	 1.51666598E-02	-9.42743102E-03	 2.46442048E-04	 9.78811501E-05	-2.89680760E-04	-7.90247431E-04	-1.26484651E-03	-9.65240830E-04	 1.39835212E-03	-3.85001134E-04	 9.55334777E-03	-4.82323624E-03
 7.750000E-01	 9.94706865E-04	-5.09591568E-04	-3.09621319E-03	-5.09890617E-03	-4.18578092E-03	 3.08185631E-03	 1.65028206E-02	-3.83494290E-03	 1.56819047E-02	-9.64805313E-03	 2.49676640E-04	 1.06749451E-04	-2.77440926E-04	-7.85641302E-04	-1.28347629E-03	-9.93412839E-04	 1.29760489E-03	-4.20246943E-04	 9.80198106E-03	-4.90772942E-03
 7.760000E-01	 1.04293939E-03	-4.48172181E-04	-3.07934727E-03	-5.21119187E-03	-4.48358682E-03	 2.93983125E-03	 1.70770627E-02	-4.02918735E-03	 1.62222914E-02	-9.86992572E-03	 2.52684319E-04	 1.15610733E-04	-2.64675392E-04	-7.79950670E-04	-1.30177648E-03	-1.02302257E-03	 1.19757608E-03	-4.68527625E-04	 1.00582495E-02	-4.99082821E-03
 7.770000E-01	 1.09169387E-03	-3.84729287E-04	-3.05995070E-03	-5.32462104E-03	-4.79208169E-03	 2.79525578E-03	 1.76769420E-02	-4.24591287E-03	 1.67872426E-02	-1.00934268E-02	 2.55324314E-04	 1.24336476E-04	-2.51286860E-04	-7.72488073E-04	-1.31821861E-03	-1.05425082E-03	 1.09203580E-03	-5.27977994E-04	 1.03211173E-02	-5.07152544E-03
 7.780000E-01	 1.14107700E-03	-3.19266006E-04	-3.03832211E-03	-5.43985015E-03	-5.11099106E-03	 2.65100124E-03	 1.83011904E-02	-4.47788729E-03	 1.73741171E-02	-1.03207209E-02	 2.57443321E-04	 1.32697586E-04	-2.37381307E-04	-7.62727175E-04	-1.33038214E-03	-1.08557963E-03	 9.71408993E-04	-5.91059257E-04	 1.05864137E-02	-5.14988829E-03
 7.790000E-01	 1.19139198E-03	-2.51700167E-04	-3.01511603E-03	-5.55879397E-03	-5.44172115E-03	 2.51209398E-03	 1.89571774E-02	-4.71817069E-03	 1.79802321E-02	-1.05564407E-02	 2.58995417E-04	 1.40432844E-04	-2.23445895E-04	-7.50978630E-04	-1.33606759E-03	-1.11294919E-03	 8.28087690E-04	-6.45878650E-04	 1.08471415E-02	-5.22828797E-03
 7.800000E-01	 1.24326154E-03	-1.81710102E-04	-2.99131805E-03	-5.68509658E-03	-5.78941582E-03	 2.38480199E-03	 1.96708116E-02	-4.97010245E-03	 1.86081189E-02	-1.08073569E-02	 2.60212563E-04	 1.47428912E-04	-2.10404259E-04	-7.39127776E-04	-1.33545794E-03	-1.13003917E-03	 6.66202695E-04	-6.83628339E-04	 1.10973642E-02	-5.31188415E-03
 7.810000E-01	 1.29770827E-03	-1.08512343E-04	-2.96793174E-03	-5.82399724E-03	-6.16476490E-03	 2.27400859E-03	 2.04936456E-02	-5.26021193E-03	 1.92734895E-02	-1.10802298E-02	 2.61730500E-04	 1.53968098E-04	-1.99381082E-04	-7.30868864E-04	-1.33352643E-03	-1.13049792E-03	 5.11785980E-04	-7.11652613E-04	 1.13399695E-02	-5.40719923E-03
 7.820000E-01	 1.35603432E-03	-3.07143287E-05	-2.94527510E-03	-5.98095320E-03	-6.58389755E-03	 2.17878688E-03	 2.14989578E-02	-5.64633722E-03	 2.00121055E-02	-1.13776346E-02	 2.64520467E-04	 1.60905823E-04	-1.91075149E-04	-7.30738173E-04	-1.34097331E-03	-1.11229924E-03	 4.14814643E-04	-7.65777109E-04	 1.15952571E-02	-5.51819867E-03
 7.830000E-01	 1.41935690E-03	 5.35267694E-05	-2.92203608E-03	-6.15876245E-03	-7.06447986E-03	 2.08745507E-03	 2.27586560E-02	-6.20920901E-03	 2.08782610E-02	-1.16929758E-02	 2.69488650E-04	 1.69581129E-04	-1.84822294E-04	-7.41518253E-04	-1.37159167E-03	-1.08319522E-03	 4.33122733E-04	-9.09948325E-04	 1.19032958E-02	-5.64059709E-03
 7.840000E-01	 1.48781821E-03	 1.45872632E-04	-2.89455862E-03	-6.35388861E-03	-7.61749514E-03	 1.97470723E-03	 2.43000237E-02	-7.01805747E-03	 2.19275663E-02	-1.20074717E-02	 2.76726549E-04	 1.81295829E-04	-1.77718050E-04	-7.60409885E-04	-1.43483520E-03	-1.06468611E-03	 5.93491675E-04	-1.21089922E-03	 1.23111431E-02	-5.75680016E-03
 7.850000E-01	 1.55976993E-03	 2.46837351E-04	-2.85691661E-03	-6.55376153E-03	-8.23710138E-03	 1.80342807E-03	 2.60550626E-02	-8.07315938E-03	 2.31831575E-02	-1.22923084E-02	 2.84629521E-04	 1.96376583E-04	-1.64428103E-04	-7.75580756E-04	-1.52486766E-03	-1.09085686E-03	 8.38942897E-04	-1.68566423E-03	 1.28402623E-02	-5.83516439E-03
 7.860000E-01	 1.63141271E-03	 3.54947631E-04	-2.80203391E-03	-6.73703183E-03	-8.89355145E-03	 1.53210479E-03	 2.78283702E-02	-9.24673438E-03	 2.45959283E-02	-1.25177162E-02	 2.89360307E-04	 2.13128668E-04	-1.38323966E-04	-7.65653987E-04	-1.61085638E-03	-1.19902979E-03	 9.89047570E-04	-2.24013005E-03	 1.34417142E-02	-5.83720322E-03
 7.870000E-01	 1.69727123E-03	 4.66577228E-04	-2.72355869E-03	-6.87767833E-03	-9.53420607E-03	 1.12609334E-03	 2.93105533E-02	-1.02563000E-02	 2.60190858E-02	-1.26675514E-02	 2.85232519E-04	 2.27263431E-04	-9.41305402E-05	-7.04423508E-04	-1.63565587E-03	-1.41239546E-03	 7.49988108E-04	-2.63773629E-03	 1.39629345E-02	-5.73382896E-03
 7.880000E-01	 1.75151935E-03	 5.76702178E-04	-2.61783897E-03	-6.95210943E-03	-1.00946785E-02	 5.68803406E-04	 3.01476772E-02	-1.06991317E-02	 2.72177705E-02	-1.27542128E-02	 2.66347703E-04	 2.32397134E-04	-3.14547167E-05	-5.71062724E-04	-1.52868957E-03	-1.71969860E-03	-2.00342506E-04	-2.54117777E-03	 1.41587349E-02	-5.52668077E-03
 7.890000E-01	 1.78975380E-03	 6.80371693E-04	-2.48527912E-03	-6.94691689E-03	-1.05176448E-02	-1.31957925E-04	 3.00495034E-02	-1.01511290E-02	 2.79227365E-02	-1.28265080E-02	 2.29249487E-04	 2.21862189E-04	 4.22397782E-05	-3.62970288E-04	-1.23295731E-03	-2.06109358E-03	-2.06229893E-03	-1.64369740E-03	 1.37691921E-02	-5.26558340E-03
 7.900000E-01	 1.81056747E-03	 7.74340834E-04	-2.33058286E-03	-6.86438835E-03	-1.07730724E-02	-9.46362474E-04	 2.88946784E-02	-8.29898736E-03	 2.79163692E-02	-1.29638807E-02	 1.75705666E-04	 1.91476749E-04	 1.10983337E-04	-1.05741781E-04	-7.38044166E-04	-2.33009121E-03	-4.75405022E-03	 1.44509765E-04	 1.26560841E-02	-5.05146359E-03
 7.910000E-01	 1.81624879E-03	 8.58253279E-04	-2.16153624E-03	-6.72299035E-03	-1.08713221E-02	-1.83435158E-03	 2.67840866E-02	-5.04983019E-03	 2.71174374E-02	-1.32557402E-02	 1.14326360E-04	 1.42342402E-04	 1.53305963E-04	 1.45809157E-04	-1.04759549E-04	-2.39758066E-03	-7.82282176E-03	 2.54009805E-03	 1.09485584E-02	-5.01816870E-03
 7.920000E-01	 1.81218847E-03	 9.34885807E-04	-1.98646845E-03	-6.55165400E-03	-1.08618404E-02	-2.76254787E-03	 2.40116134E-02	-5.64267405E-04	 2.56222498E-02	-1.37724828E-02	 5.98732127E-05	 8.24762498E-05	 1.48928642E-04	 3.19099605E-04	 5.33120707E-04	-2.15580359E-03	-1.04985775E-02	 4.86239994E-03	 9.12094825E-03	-5.29495287E-03
 7.930000E-01	 1.80510372E-03	 1.00929590E-03	-1.81121032E-03	-6.37954696E-03	-1.08160956E-02	-3.71843638E-03	 2.09601557E-02	 4.80739967E-03	 2.36754915E-02	-1.45404535E-02	 2.98488542E-05	 2.62918993E-05	 8.74479660E-05	 3.46295260E-04	 9.97300872E-04	-1.57060428E-03	-1.19081645E-02	 6.20425328E-03	 7.93181512E-03	-5.95913965E-03
 7.940000E-01	 1.80074676E-03	 1.08713932E-03	-1.63689857E-03	-6.22564567E-03	-1.08015909E-02	-4.71506563E-03	 1.79681714E-02	 1.06575238E-02	 2.15784437E-02	-1.55310757E-02	 3.90113130E-05	-8.47133988E-06	-2.42413130E-05	 1.91123628E-04	 1.11909182E-03	-7.22026495E-04	-1.13946047E-02	 5.77445331E-03	 8.19937973E-03	-6.99240592E-03
 7.950000E-01	 1.80202756E-03	 1.17271643E-03	-1.45992025E-03	-6.09298345E-03	-1.08585664E-02	-5.78360658E-03	 1.52255485E-02	 1.66593258E-02	 1.95747959E-02	-1.66674223E-02	 9.35292559E-05	-5.93420684E-06	-1.59755943E-04	-1.30757454E-04	 8.02478715E-04	 1.90420907E-04	-8.82145369E-03	 3.28780027E-03	 1.04657129E-02	-8.25716450E-03
 7.960000E-01	 1.80833221E-03	 1.26745181E-03	-1.27430487E-03	-5.97025852E-03	-1.09894175E-02	-6.95581993E-03	 1.27427533E-02	 2.26457895E-02	 1.77678671E-02	-1.78462676E-02	 1.87189436E-04	 4.21181124E-05	-2.79020377E-04	-5.48729654E-04	 7.08526190E-05	 8.93645560E-04	-4.71669576E-03	-7.86413644E-04	 1.46835584E-02	-9.51091039E-03
 7.970000E-01	 1.81632574E-03	 1.36945497E-03	-1.07545183E-03	-5.83981726E-03	-1.11648150E-02	-8.24377212E-03	 1.04021235E-02	 2.85954099E-02	 1.61108446E-02	-1.89694702E-02	 3.01747620E-04	 1.32139290E-04	-3.41281844E-04	-9.56416772E-04	-9.26527673E-04	 1.13100889E-03	-1.56130456E-04	-5.28137348E-03	 2.00933742E-02	-1.04667349E-02
 7.980000E-01	 1.82182022E-03	 1.47443873E-03	-8.63034104E-04	-5.68749292E-03	-1.13423723E-02	-9.62748208E-03	 8.05919991E-03	 3.45428035E-02	 1.44739330E-02	-1.99735483E-02	 4.11925942E-04	 2.48521386E-04	-3.20487669E-04	-1.24745486E-03	-1.95698694E-03	 7.63353640E-04	 3.59804441E-03	-8.72636238E-03	 2.53982655E-02	-1.08869449E-02
 7.990000E-01	 1.82172616E-03	 1.57759957E-03	-6.41322740E-04	-5.50891331E-03	-1.14877092E-02	-1.10586957E-02	 5.63578157E-03	 4.04757217E-02	 1.27478315E-02	-2.08434291E-02	 4.93434680E-04	 3.67757608E-04	-2.16144410E-04	-1.35319394E-03	-2.78178251E-03	-1.64919484E-04	 5.55947769E-03	-9.92845178E-03	 2.92058704E-02	-1.06757942E-02
 8.000000E-01	 1.81508034E-03	 1.67548362E-03	-4.16852813E-04	-5.30928495E-03	-1.15870545E-02	-1.24796503E-02	 3.15420239E-03	 4.62843194E-02	 1.09207903E-02	-2.16021379E-02	 5.30845770E-04	 4.65788463E-04	-5.41782857E-05	-1.26566385E-03	-3.23657426E-03	-1.43045480E-03	 5.37317990E-03	-8.47236311E-03	 3.05592693E-02	-9.92892762E-03
 8.010000E-01	 1.80271048E-03	 1.76684027E-03	-1.95050935E-04	-5.09767303E-03	-1.16458707E-02	-1.38455265E-02	 7.02180842E-04	 5.17873934E-02	 9.08522548E-03	-2.22817115E-02	 5.22048841E-04	 5.25656045E-04	 1.23060193E-04	-1.03570910E-03	-3.28048389E-03	-2.70953316E-03	 3.40121507E-03	-4.88868918E-03	 2.93104929E-02	-8.91036154E-03
 8.020000E-01	 1.78592402E-03	 1.85204967E-03	 2.18972345E-05	-4.88002943E-03	-1.16763306E-02	-1.51358577E-02	-1.63721380E-03	 5.68029320E-02	 7.37938025E-03	-2.28929267E-02	 4.77628781E-04	 5.42364145E-04	 2.73007671E-04	-7.48500420E-04	-2.99505310E-03	-3.69642316E-03	 5.12169354E-04	-4.06480670E-04	 2.61569304E-02	-7.96199217E-03
 8.030000E-01	 1.76515761E-03	 1.93153263E-03	 2.34506454E-04	-4.65561735E-03	-1.16824754E-02	-1.63461431E-02	-3.83623809E-03	 6.11990885E-02	 5.91500561E-03	-2.34142723E-02	 4.15901338E-04	 5.23274459E-04	 3.67951369E-04	-4.89137811E-04	-2.53936922E-03	-4.20961843E-03	-2.30489371E-03	 3.57879795E-03	 2.23307792E-02	-7.38323424E-03
 8.040000E-01	 1.73955839E-03	 2.00413095E-03	 4.42865615E-04	-4.41960177E-03	-1.16530832E-02	-1.74625123E-02	-5.91496278E-03	 6.48786370E-02	 4.75506338E-03	-2.38136990E-02	 3.55997714E-04	 4.84339115E-04	 4.02929746E-04	-3.13493158E-04	-2.08502650E-03	-4.24375913E-03	-4.31554606E-03	 6.05932080E-03	 1.90969673E-02	-7.32773478E-03
 8.050000E-01	 1.70805371E-03	 2.06664360E-03	 6.42628218E-04	-4.17134757E-03	-1.15689689E-02	-1.84343765E-02	-7.87379126E-03	 6.77046897E-02	 3.97645771E-03	-2.41036155E-02	 3.11685163E-04	 4.43855314E-04	 3.94126181E-04	-2.34547507E-04	-1.75750358E-03	-3.95008664E-03	-5.25320517E-03	 6.74160123E-03	 1.72882321E-02	-7.75436017E-03
 8.060000E-01	 1.67178754E-03	 2.11546899E-03	 8.22894419E-04	-3.92474744E-03	-1.14253140E-02	-1.91682257E-02	-9.60368932E-03	 6.94382169E-02	 3.79208122E-03	-2.44093366E-02	 2.87944478E-04	 4.16032622E-04	 3.69284734E-04	-2.26843144E-04	-1.60335040E-03	-3.55681635E-03	-5.31162648E-03	 6.02452805E-03	 1.70706137E-02	-8.45152331E-03
 8.070000E-01	 1.63698292E-03	 2.15054437E-03	 9.68826976E-04	-3.71443023E-03	-1.12615919E-02	-1.95643714E-02	-1.08372120E-02	 6.97911222E-02	 4.63930307E-03	-2.50086212E-02	 2.81157126E-04	 4.06579289E-04	 3.54551118E-04	-2.44791839E-04	-1.59070973E-03	-3.26414509E-03	-4.95520004E-03	 4.67696622E-03	 1.80190838E-02	-9.13145386E-03
 8.080000E-01	 1.61660645E-03	 2.18050463E-03	 1.07024464E-03	-3.59157912E-03	-1.11842430E-02	-1.96026084E-02	-1.12006015E-02	 6.86683553E-02	 7.10805965E-03	-2.62866694E-02	 2.82525054E-04	 4.11852696E-04	 3.63212949E-04	-2.46572268E-04	-1.63926489E-03	-3.15885105E-03	-4.65021063E-03	 3.39738282E-03	 1.94444481E-02	-9.56636072E-03
 8.090000E-01	 1.62897815E-03	 2.22659333E-03	 1.13444541E-03	-3.60584042E-03	-1.13637010E-02	-1.94539805E-02	-1.03903854E-02	 6.65668963E-02	 1.16199501E-02	-2.85639956E-02	 2.83358166E-04	 4.22076436E-04	 3.91043835E-04	-2.14345716E-04	-1.66767359E-03	-3.18791598E-03	-4.63686265E-03	 2.48592903E-03	 2.08019265E-02	-9.71476398E-03
 8.100000E-01	 1.69195727E-03	 2.32192228E-03	 1.19804339E-03	-3.77505288E-03	-1.19904478E-02	-1.95631997E-02	-8.43699433E-03	 6.49472096E-02	 1.78943676E-02	-3.18036529E-02	 2.80192061E-04	 4.27746276E-04	 4.20622630E-04	-1.62843214E-04	-1.64119685E-03	-3.20974928E-03	-4.83689635E-03	 1.80580520E-03	 2.19674882E-02	-9.77091590E-03
 8.110000E-01	 1.81268155E-03	 2.50285740E-03	 1.33010969E-03	-4.05086968E-03	-1.31857499E-02	-2.06248234E-02	-5.95394996E-03	 6.62630156E-02	 2.44222168E-02	-3.52906813E-02	 2.77470986E-04	 4.26799330E-04	 4.33476081E-04	-1.31878633E-04	-1.59964211E-03	-3.10806556E-03	-4.93651908E-03	 1.06861555E-03	 2.32154820E-02	-1.00800767E-02
 8.120000E-01	 1.97514684E-03	 2.79137230E-03	 1.61886283E-03	-4.29492604E-03	-1.48828100E-02	-2.33853287E-02	-4.22714308E-03	 7.33237581E-02	 2.83377935E-02	-3.74794526E-02	 2.86018730E-04	 4.29007493E-04	 4.25111870E-04	-1.63723986E-04	-1.64866373E-03	-2.91710035E-03	-4.61305086E-03	 2.93716087E-04	 2.48716197E-02	-1.09110748E-02
 8.130000E-01	 2.13065141E-03	 3.17152703E-03	 2.13838447E-03	-4.28395595E-03	-1.67200233E-02	-2.82599094E-02	-5.00529693E-03	 8.78643192E-02	 2.61084906E-02	-3.62624384E-02	 3.16833323E-04	 4.54113351E-04	 4.15445716E-04	-2.72334687E-04	-1.90761968E-03	-2.88403151E-03	-3.80779946E-03	 1.42798037E-04	 2.68084561E-02	-1.21609734E-02
 8.140000E-01	 2.19812641E-03	 3.56885972E-03	 2.90040088E-03	-3.75985810E-03	-1.80108641E-02	-3.48542245E-02	-9.93084052E-03	 1.08628948E-01	 1.52256019E-02	-2.98470324E-02	 3.71727887E-04	 5.21979126E-04	 4.47172794E-04	-4.16688641E-04	-2.42402122E-03	-3.40139004E-03	-2.91108709E-03	 1.80711931E-03	 2.81131936E-02	-1.31562279E-02
 8.150000E-01	 2.08129335E-03	 3.84645205E-03	 3.80723310E-03	-2.52988903E-03	-1.78622922E-02	-4.16014019E-02	-1.96906862E-02	 1.29827647E-01	-3.45524912E-03	-1.81766762E-02	 4.34566217E-04	 6.36522325E-04	 5.68072732E-04	-4.93421088E-04	-3.08561852E-03	-4.78775606E-03	-2.73442495E-03	 6.28790945E-03	 2.72849930E-02	-1.27586686E-02
 8.160000E-01	 1.70575765E-03	 3.83254055E-03	 4.63233489E-03	-6.00466139E-04	-1.54861972E-02	-4.58128863E-02	-3.31473715E-02	 1.41235155E-01	-2.37836451E-02	-4.39347427E-03	 4.68565986E-04	 7.69876594E-04	 8.00084622E-04	-3.62324725E-04	-3.58036687E-03	-6.97687211E-03	-4.20606234E-03	 1.32573906E-02	 2.31252172E-02	-9.91906551E-03
 8.170000E-01	 1.07001441E-03	 3.38683180E-03	 5.05733471E-03	 1.70311303E-03	-1.06661454E-02	-4.44055351E-02	-4.68840132E-02	 1.31078285E-01	-3.43779578E-02	 4.63406016E-03	 4.25004062E-04	 8.57211809E-04	 1.10713263E-03	 9.12371782E-05	-3.45830261E-03	-9.27110880E-03	-7.84112627E-03	 2.01101972E-02	 1.60613987E-02	-4.59733206E-03
 8.180000E-01	 2.91975182E-04	 2.49365846E-03	 4.77920648E-03	 3.70305043E-03	-4.22031463E-03	-3.53167636E-02	-5.56257748E-02	 9.18290456E-02	-2.20379386E-02	-1.83918352E-04	 2.65130513E-04	 8.12542155E-04	 1.38104554E-03	 8.71578950E-04	-2.32052536E-03	-1.03682502E-02	-1.31847979E-02	 2.20677522E-02	 9.14583514E-03	 1.37461718E-03
 8.190000E-01	-3.76183275E-04	 1.34603065E-03	 3.66716002E-03	 4.48783850E-03	 1.79480675E-03	-1.91940674E-02	-5.37535966E-02	 2.71883260E-02	 2.15263995E-02	-2.61512561E-02	-9.85488341E-06	 5.68593608E-04	 1.46397518E-03	 1.80171206E-03	-9.58876761E-05	-8.81023368E-03	-1.85343421E-02	 1.39750455E-02	 7.73023438E-03	 4.18190916E-03
 8.200000E-01	-5.89812017E-04	 3.69110529E-04	 1.90988886E-03	 3.20218979E-03	 4.39106963E-03	-5.48202077E-04	-3.76366503E-02	-4.32541061E-02	 9.19364408E-02	-7.32167946E-02	-3.33716915E-04	 1.30034492E-04	 1.21237739E-03	 2.51393407E-03	 2.71178803E-03	-3.80438472E-03	-2.12219085E-02	-6.40358976E-03	 1.72006014E-02	-7.20459475E-04
 8.210000E-01	-1.75494565E-05	 1.39409592E-04	 7.21531654E-05	-5.55461964E-04	 5.58644764E-04	 1.25343060E-02	-7.97417089E-03	-8.56706339E-02	 1.67605928E-01	-1.29412571E-01	-5.72009037E-04	-3.85077960E-04	 5.84539081E-04	 2.53817902E-03	 4.96864405E-03	 3.90320962E-03	-1.85393566E-02	-3.49575571E-02	 3.92389658E-02	-1.59912314E-02
 8.220000E-01	 1.51163307E-03	 1.19409027E-03	-1.00265959E-03	-6.37238437E-03	-1.14176661E-02	 1.06013067E-02	 2.89420283E-02	-6.20739071E-02	 2.12752674E-01	-1.70629459E-01	-5.53435389E-04	-7.46080465E-04	-2.88135493E-04	 1.48509142E-03	 5.17325367E-03	 1.16121147E-02	-9.05955715E-03	-5.98649236E-02	 6.84038974E-02	-3.94024818E-02
 8.230000E-01	 3.87149168E-03	 3.78071970E-03	-4.46999665E-04	-1.28707148E-02	-3.07138544E-02	-1.34285587E-02	 6.18949212E-02	 5.30574021E-02	 1.89579224E-01	-1.67009877E-01	-1.34616505E-04	-6.71484975E-04	-1.09091602E-03	-7.31203929E-04	 2.03072596E-03	 1.51567011E-02	 6.17983698E-03	-6.41835026E-02	 9.14958612E-02	-6.22257258E-02
 8.240000E-01	 6.57429680E-03	 7.64324239E-03	 2.29129954E-03	-1.78942935E-02	-5.33780852E-02	-6.03192221E-02	 7.75009791E-02	 2.55786191E-01	 7.65018162E-02	-9.53943131E-02	 7.20811561E-04	 5.64252303E-05	-1.40209770E-03	-3.72438911E-03	-4.83906764E-03	 1.03835162E-02	 2.32357043E-02	-3.26212700E-02	 9.14297938E-02	-7.07384377E-02
 8.250000E-01	 8.82744698E-03	 1.19494292E-02	 7.14807060E-03	-1.90553489E-02	-7.28398643E-02	-1.22124913E-01	 6.44108233E-02	 5.03688592E-01	-1.15171246E-01	 4.62959064E-02	 1.88139750E-03	 1.46316056E-03	-8.44315798E-04	-6.61944126E-03	-1.43636230E-02	-4.82128211E-03	 3.59613906E-02	 3.97087611E-02	 5.51586503E-02	-5.14185235E-02
 8.260000E-01	 9.72061957E-03	 1.54274436E-02	 1.33070894E-02	-1.45250266E-02	-8.15915931E-02	-1.82784936E-01	 1.76938185E-02	 7.21421339E-01	-3.35242346E-01	 2.29339272E-01	 3.03925318E-03	 3.29755645E-03	 7.39012310E-04	-8.24595854E-03	-2.39621555E-02	-2.88071939E-02	 3.78360297E-02	 1.40635402E-01	-1.74812899E-02	 1.58729943E-03
 8.270000E-01	 8.50433556E-03	 1.67052969E-02	 1.93070727E-02	-3.83254216E-03	-7.36507033E-02	-2.22102962E-01	-5.80289246E-02	 8.22102095E-01	-5.05428695E-01	 3.95491945E-01	 3.77339799E-03	 5.04358106E-03	 3.15249044E-03	-7.52240294E-03	-3.01428057E-02	-5.56542369E-02	 2.44518655E-02	 2.40570172E-01	-1.08761128E-01	 7.99844118E-02
 8.280000E-01	 4.87858621E-03	 1.47663981E-02	 2.33945548E-02	 1.16263011E-02	-4.70143057E-02	-2.22200794E-01	-1.47963279E-01	 7.38719084E-01	-5.46213238E-01	 4.72187122E-01	 3.67909922E-03	 6.05032525E-03	 5.82795740E-03	-3.92340230E-03	-2.96697859E-02	-7.64489282E-02	-4.15560553E-03	 3.00510670E-01	-1.85969380E-01	 1.59740666E-01
 8.290000E-01	-8.14923866E-04	 9.36999009E-03	 2.40466963E-02	 2.86582166E-02	-5.11690225E-03	-1.74356978E-01	-2.29901430E-01	 4.53994174E-01	-4.10816096E-01	 3.98827236E-01	 2.52622754E-03	 5.75456336E-03	 7.95059442E-03	 2.15498628E-03	-2.09244476E-02	-8.22135524E-02	-4.23434419E-02	 2.86724642E-01	-2.13100281E-01	 2.07022031E-01
 8.300000E-01	-7.59401692E-03	 1.25980724E-03	 2.05025315E-02	 4.30472201E-02	 4.35302003E-02	-8.34625716E-02	-2.80244047E-01	 1.51932482E-02	-1.11513202E-01	 1.54889651E-01	 3.84374828E-04	 3.91842768E-03	 8.71402268E-03	 9.33450443E-03	-4.87440416E-03	-6.75119409E-02	-7.97239828E-02	 1.86474679E-01	-1.67418455E-01	 1.91012087E-01
 8.310000E-01	-1.40642701E-02	-7.96168662E-03	 1.30922246E-02	 5.08471902E-02	 8.76655186E-02	 3.21823209E-02	-2.81544656E-01	-4.75221230E-01	 2.75872506E-01	-2.23124538E-01	-2.34776799E-03	 7.76710890E-04	 7.61825995E-03	 1.56011647E-02	 1.48818902E-02	-3.31635334E-02	-1.04170605E-01	 1.71908759E-02	-5.31270411E-02	 9.88158365E-02
 8.320000E-01	-1.88108679E-02	-1.62805134E-02	 3.21112620E-03	 4.97156617E-02	 1.16807548E-01	 1.46123091E-01	-2.28718784E-01	-8.91833761E-01	 6.34706656E-01	-6.46054923E-01	-5.03657401E-03	-2.98648985E-03	 4.68679693E-03	 1.89715707E-02	 3.31520716E-02	 1.33216266E-02	-1.06017792E-01	-1.76480806E-01	 9.57154601E-02	-5.48171948E-02
 8.330000E-01	-2.08158609E-02	-2.18819073E-02	-7.06976494E-03	 3.97468072E-02	 1.24619182E-01	 2.32154317E-01	-1.31371710E-01	-1.12904899E+00	 8.49738753E-01	-9.98776762E-01	-7.00513907E-03	-6.43929658E-03	 5.03639552E-04	 1.82211322E-02	 4.49121247E-02	 5.99938022E-02	-8.18015379E-02	-3.37755241E-01	 2.26226138E-01	-2.28837587E-01
 8.340000E-01	-1.97473164E-02	-2.36914449E-02	-1.56153908E-02	 2.34534951E-02	 1.10762207E-01	 2.72545335E-01	-1.11919104E-02	-1.13658235E+00	 8.50746808E-01	-1.17943979E+00	-7.75105612E-03	-8.70702129E-03	-3.95426994E-03	 1.33629801E-02	 4.70657928E-02	 9.45512092E-02	-3.59410994E-02	-4.18770772E-01	 2.87691791E-01	-3.69185356E-01
 8.350000E-01	-1.60185187E-02	-2.16437847E-02	-2.08284229E-02	 4.91462023E-03	 8.05690894E-02	 2.62864732E-01	 1.04627155E-01	-9.33140332E-01	 6.38314607E-01	-1.13493948E+00	-7.10492266E-03	-9.25656819E-03	-7.62404034E-03	 5.66790274E-03	 3.94552342E-02	 1.08532177E-01	 2.04104817E-02	-3.98283556E-01	 2.52949846E-01	-4.28832671E-01
 8.360000E-01	-1.06133765E-02	-1.66027657E-02	-2.20289730E-02	-1.15406846E-02	 4.28567588E-02	 2.11841068E-01	 1.91380465E-01	-5.94201596E-01	 2.81132223E-01	-8.77982136E-01	-5.27122304E-03	-8.04889090E-03	-9.68052732E-03	-2.77548526E-03	 2.47477114E-02	 9.98776816E-02	 7.28968423E-02	-2.88322375E-01	 1.30060364E-01	-3.85798006E-01
 8.370000E-01	-4.76470360E-03	-1.00074127E-02	-1.95192670E-02	-2.25977705E-02	 6.93086120E-03	 1.36999441E-01	 2.33439553E-01	-2.21479963E-01	-1.12226250E-01	-4.79912804E-01	-2.74539176E-03	-5.51386855E-03	-9.76121673E-03	-9.76782115E-03	 7.34586824E-03	 7.30115113E-02	 1.08487188E-01	-1.27689068E-01	-4.09547791E-02	-2.51332561E-01
 8.380000E-01	 3.91081875E-04	-3.40601062E-03	-1.43695898E-02	-2.67539864E-02	-2.00668374E-02	 5.83422602E-02	 2.27531764E-01	 9.19209237E-02	-4.33424332E-01	-4.39988318E-02	-1.47672066E-04	-2.37709512E-03	-8.03017160E-03	-1.36956177E-02	-8.16418076E-03	 3.67307016E-02	 1.19376705E-01	 3.38268987E-02	-2.04325042E-01	-6.51669843E-02
 8.390000E-01	 4.07528667E-03	 1.95574282E-03	-8.03749140E-03	-2.44576394E-02	-3.46711579E-02	-7.46016899E-03	 1.82131242E-01	 2.87465898E-01	-6.09593821E-01	 3.29020410E-01	 1.96201762E-03	 5.82987979E-04	-5.08071195E-03	-1.39713549E-02	-1.84175676E-02	 9.82186736E-04	 1.04989479E-01	 1.53268699E-01	-3.10052973E-01	 1.19570340E-01
 8.400000E-01	 5.98402013E-03	 5.37963090E-03	-1.95556552E-03	-1.76486926E-02	-3.72131669E-02	-5.06571000E-02	 1.13647190E-01	 3.50958083E-01	-6.21228073E-01	 5.69928577E-01	 3.22673858E-03	 2.75774723E-03	-1.72663714E-03	-1.10911932E-02	-2.20646835E-02	-2.61936915E-02	 7.15636314E-02	 2.07347145E-01	-3.31451041E-01	 2.55069283E-01
 8.410000E-01	 6.25719959E-03	 6.75864883E-03	 2.79696051E-03	-8.94888731E-03	-3.08147562E-02	-6.92163729E-02	 4.09605178E-02	 3.06266923E-01	-4.99028446E-01	 6.55445295E-01	 3.55475846E-03	 3.84378211E-03	 1.24193368E-03	-6.33691011E-03	-1.97883294E-02	-4.05784994E-02	 2.96513954E-02	 1.96370124E-01	-2.72058849E-01	 3.13712328E-01
 8.420000E-01	 5.33973045E-03	 6.45465809E-03	 5.67051674E-03	-8.13492444E-04	-1.98315620E-02	-6.72888265E-02	-1.98747280E-02	 1.98789039E-01	-3.04609414E-01	 6.05791168E-01	 3.09507287E-03	 3.86495600E-03	 3.26253038E-03	-1.26884426E-03	-1.36806833E-02	-4.21531013E-02	-9.46994671E-03	 1.39430160E-01	-1.60488564E-01	 2.94055513E-01
 8.430000E-01	 3.79720047E-03	 5.08407456E-03	 6.65199899E-03	 5.08758246E-03	-8.35232443E-03	-5.23829324E-02	-5.92109288E-02	 7.65422542E-02	-1.05013295E-01	 4.69474235E-01	 2.14840972E-03	 3.09525789E-03	 4.10875029E-03	 2.78826158E-03	-6.31126951E-03	-3.41252119E-02	-3.71691937E-02	 6.42359832E-02	-3.68516830E-02	 2.16971934E-01
 8.440000E-01	 2.14887599E-03	 3.29527068E-03	 6.13311513E-03	 8.11222233E-03	 7.99873662E-04	-3.24318070E-02	-7.48441827E-02	-2.43054314E-02	 4.87150413E-02	 3.03004645E-01	 1.05373441E-03	 1.92643808E-03	 3.88366148E-03	 5.08709903E-03	 1.36132252E-04	-2.12171373E-02	-4.94832843E-02	-3.65674540E-03	 6.26727726E-02	 1.14941925E-01
 8.450000E-01	 7.61055834E-04	 1.60398817E-03	 4.70762711E-03	 8.52337777E-03	 6.39421791E-03	-1.36638074E-02	-7.06927501E-02	-8.59177712E-02	 1.32382508E-01	 1.53371350E-01	 9.10896548E-05	 7.34561298E-04	 2.92035331E-03	 5.54122658E-03	 4.38181390E-03	-7.95236927E-03	-4.73071682E-02	-4.81995560E-02	 1.16887841E-01	 1.96384259E-02
 8.460000E-01	-1.86855932E-04	 3.16489881E-04	 2.97243269E-03	 7.13836310E-03	 8.55113623E-03	 3.42482740E-04	-5.40870867E-02	-1.07548246E-01	 1.47940869E-01	 4.82597376E-02	-5.73404733E-04	-2.12730598E-04	 1.63957190E-03	 4.57930731E-03	 6.13985422E-03	 2.50691877E-03	-3.50396276E-02	-6.50277847E-02	 1.22982697E-01	-4.73816369E-02
 8.470000E-01	-6.77333059E-04	-4.66503523E-04	 1.38700450E-03	 4.92789021E-03	 8.19790587E-03	 8.54364719E-03	-3.28699622E-02	-9.95015382E-02	 1.14755491E-01	-5.06787296E-03	-8.95233030E-04	-7.91268451E-04	 4.18007224E-04	 2.87708028E-03	 5.87348898E-03	 8.76439511E-03	-1.84744901E-02	-5.91391202E-02	 9.27965974E-02	-7.83355307E-02
 8.480000E-01	-7.97717041E-04	-7.94421473E-04	 2.12945014E-04	 2.70572636E-03	 6.49874880E-03	 1.16729631E-02	-1.32428201E-02	-7.59409998E-02	 5.82632344E-02	-1.45854567E-02	-9.23441293E-04	-1.00456665E-03	-4.95298254E-04	 1.09046935E-03	 4.40290421E-03	 1.09472010E-02	-2.81580801E-03	-4.02511303E-02	 4.51281102E-02	-7.74492808E-02
 8.490000E-01	-6.78535944E-04	-7.94674554E-04	-4.75489366E-04	 9.74098688E-04	 4.44644003E-03	 1.13092310E-02	 1.22286959E-03	-4.93092018E-02	 6.56129345E-04	 4.22934683E-03	-7.56544518E-04	-9.38546221E-04	-1.00268891E-03	-3.21996058E-04	 2.54526847E-03	 1.01134506E-02	 8.56839408E-03	-1.82091199E-02	-2.04997993E-03	-5.59478943E-02
 8.500000E-01	-4.45839613E-04	-6.10393601E-04	-7.37705986E-04	-8.47070770E-05	 2.67540636E-03	 9.11799291E-03	 9.50810805E-03	-2.75354985E-02	-4.40734775E-02	 3.53558193E-02	-5.00769720E-04	-7.10445535E-04	-1.13309987E-03	-1.15838606E-03	 8.91745389E-04	 7.62242089E-03	 1.44722145E-02	-6.69028287E-06	-3.67075808E-02	-2.65057032E-02
 8.510000E-01	-1.94623547E-04	-3.60832402E-04	-7.00463259E-04	-5.24652255E-04	 1.45774030E-03	 6.40856301E-03	 1.24125937E-02	-1.37750996E-02	-7.07621372E-02	 6.65875210E-02	-2.41697948E-04	-4.28687999E-04	-9.91708624E-04	-1.43608661E-03	-2.61162458E-04	 4.67138496E-03	 1.54487935E-02	 1.11685832E-02	-5.43091412E-02	 8.28089608E-04
 8.520000E-01	 1.86893845E-05	-1.25065553E-04	-5.01358364E-04	-5.22299997E-04	 8.01719232E-04	 3.98701961E-03	 1.16269761E-02	-7.67199681E-03	-8.08738469E-02	 9.10224964E-02	-3.20962113E-05	-1.70641620E-04	-7.07011146E-04	-1.30468308E-03	-8.66976419E-04	 2.06564985E-03	 1.30475417E-02	 1.53320271E-02	-5.64935695E-02	 2.04292999E-02
 8.530000E-01	 1.71212265E-04	 5.72423646E-05	-2.52966431E-04	-2.78965191E-04	 5.76484986E-04	 2.20665625E-03	 8.95057917E-03	-7.07197744E-03	-7.93058939E-02	 1.06450607E-01	 1.07140665E-04	 2.28238733E-05	-3.91069712E-04	-9.54653553E-04	-1.03247877E-03	 1.89132739E-04	 9.04797462E-03	 1.43668187E-02	-4.83443157E-02	 3.08988724E-02
 8.540000E-01	 2.62998906E-04	 1.76076398E-04	-2.83334949E-05	 4.02175103E-05	 6.13838876E-04	 1.10756832E-03	 5.81173090E-03	-9.45185781E-03	-7.15965825E-02	 1.13739681E-01	 1.78527205E-04	 1.41455099E-04	-1.19078352E-04	-5.51084509E-04	-9.20843860E-04	-9.02647040E-04	 4.91795721E-03	 1.06922477E-02	-3.56588947E-02	 3.37092745E-02
 8.550000E-01	 3.06129414E-04	 2.39031727E-04	 1.37663841E-04	 3.29811515E-04	 7.68966099E-04	 5.64279323E-04	 3.09263915E-03	-1.27670043E-02	-6.21951336E-02	 1.15143357E-01	 1.97387277E-04	 1.94757106E-04	 7.35994936E-05	-2.01892825E-04	-6.83599682E-04	-1.34715605E-03	 1.56874671E-03	 6.35507968E-03	-2.30839777E-02	 3.15885364E-02
 8.560000E-01	 3.16323532E-04	 2.61097076E-04	 2.38521629E-04	 5.41026763E-04	 9.43692508E-04	 3.98237881E-04	 1.17146022E-03	-1.57477648E-02	-5.38221312E-02	 1.13051490E-01	 1.82814040E-04	 2.01154966E-04	 1.83122840E-04	 4.46552266E-05	-4.27946602E-04	-1.35353322E-03	-6.40592845E-04	 2.63922445E-03	-1.33464343E-02	 2.72474928E-02
 8.570000E-01	 3.07888905E-04	 2.57874771E-04	 2.84238409E-04	 6.65647029E-04	 1.08533143E-03	 4.44077952E-04	 7.05380949E-05	-1.78328010E-02	-4.75969275E-02	 1.09322062E-01	 1.51829416E-04	 1.79957051E-04	 2.24534642E-04	 1.85195800E-04	-2.11956819E-04	-1.12137184E-03	-1.75453482E-03	 7.66283668E-05	-7.35487161E-03	 2.26826901E-02
 8.580000E-01	 2.91530012E-04	 2.42127583E-04	 2.91315405E-04	 7.17731674E-04	 1.17452037E-03	 5.77506921E-04	-3.78905804E-04	-1.89446349E-02	-4.35286600E-02	 1.05092245E-01	 1.16744582E-04	 1.46859991E-04	 2.20034003E-04	 2.41334111E-04	-5.52836740E-05	-8.01423172E-04	-2.03280658E-03	-1.33323937E-03	-4.76183999E-03	 1.89995999E-02
 8.590000E-01	 2.74045467E-04	 2.22713883E-04	 2.76152120E-04	 7.19125715E-04	 1.21140987E-03	 7.19021169E-04	-4.06342501E-04	-1.92543515E-02	-4.10569436E-02	 1.00877398E-01	 8.48499690E-05	 1.12422280E-04	 1.90834691E-04	 2.42609698E-04	 4.55243251E-05	-4.87449676E-04	-1.79249179E-03	-1.86237524E-03	-4.61359006E-03	 1.65626925E-02
 8.600000E-01	 2.58990311E-04	 2.04866116E-04	 2.51711153E-04	 6.90598323E-04	 1.20483405E-03	 8.26105258E-04	-2.21586253E-04	-1.90073513E-02	-3.94715988E-02	 9.67822424E-02	 5.93790970E-05	 8.24252511E-05	 1.53052074E-04	 2.15707918E-04	 1.03798593E-04	-2.25462603E-04	-1.30937322E-03	-1.84927560E-03	-5.85919594E-03	 1.52701144E-02
 8.610000E-01	 2.47654026E-04	 1.91030765E-04	 2.26571573E-04	 6.47887600E-04	 1.16559387E-03	 8.82207659E-04	 2.10068839E-05	-1.84248867E-02	-3.81620043E-02	 9.27090441E-02	 4.08853271E-05	 5.90950997E-05	 1.16744163E-04	 1.79765374E-04	 1.34120709E-04	-2.89997160E-05	-7.76659535E-04	-1.58062338E-03	-7.64237323E-03	 1.48125930E-02
 8.620000E-01	 2.39977681E-04	 1.81806592E-04	 2.05380791E-04	 6.01023361E-04	 1.10326213E-03	 8.86658886E-04	 2.27944967E-04	-1.76665939E-02	-3.67185652E-02	 8.85096984E-02	 2.84984720E-05	 4.24663865E-05	 8.68076053E-05	 1.45929580E-04	 1.48129167E-04	 1.06475169E-04	-3.03843710E-04	-1.24818218E-03	-9.40162473E-03	 1.48523726E-02
 8.630000E-01	 2.35233111E-04	 1.76742938E-04	 1.89896376E-04	 5.55352006E-04	 1.02539470E-03	 8.47104062E-04	 3.56141046E-04	-1.68306719E-02	-3.49366441E-02	 8.40723238E-02	 2.08222587E-05	 3.15001651E-05	 6.45909045E-05	 1.19080081E-04	 1.53501847E-04	 1.92987147E-04	 6.42521220E-05	-9.53496340E-04	-1.08474205E-02	 1.51151271E-02
 8.640000E-01	 2.32438743E-04	 1.74902847E-04	 1.80076483E-04	 5.13107849E-04	 9.37967632E-04	 7.74612737E-04	 3.97506202E-04	-1.59706041E-02	-3.27728257E-02	 7.93552537E-02	 1.64527868E-05	 2.48237400E-05	 4.94611865E-05	 1.00115280E-04	 1.54662383E-04	 2.43675338E-04	 3.23639832E-04	-7.33632840E-04	-1.18856244E-02	 1.54169066E-02
 8.650000E-01	 2.30599661E-04	 1.75212018E-04	 1.74948638E-04	 4.74814219E-04	 8.45965281E-04	 6.80869952E-04	 3.64490299E-04	-1.51134984E-02	-3.02887287E-02	 7.43874817E-02	 1.42142920E-05	 2.11324492E-05	 3.99657984E-05	 8.79151096E-05	 1.53946333E-04	 2.69787322E-04	 4.90921755E-04	-5.89041638E-04	-1.25357450E-02	 1.56548210E-02
 8.660000E-01	 2.28870356E-04	 1.76663292E-04	 1.73195032E-04	 4.40219117E-04	 7.53562205E-04	 5.76641139E-04	 2.78701960E-04	-1.42730393E-02	-2.76007780E-02	 6.92521443E-02	 1.32317911E-05	 1.93624184E-05	 3.45326362E-05	 8.06882245E-05	 1.52483147E-04	 2.79838783E-04	 5.89248524E-04	-5.04266191E-04	-1.28677839E-02	 1.57843640E-02
 8.670000E-01	 2.26664930E-04	 1.78428337E-04	 1.73497789E-04	 4.08786583E-04	 6.63998500E-04	 4.70959546E-04	 1.63097180E-04	-1.34566067E-02	-2.48424539E-02	 6.40643464E-02	 1.29226943E-05	 1.87343260E-05	 3.18073717E-05	 7.67315579E-05	 1.50671156E-04	 2.79865610E-04	 6.40212312E-04	-4.60061704E-04	-1.29628898E-02	 1.57968090E-02
 8.680000E-01	 2.23678778E-04	 1.79902164E-04	 1.74722220E-04	 3.79941036E-04	 5.79551609E-04	 3.70754342E-04	 3.76231428E-05	-1.26690577E-02	-2.21392555E-02	 5.89496903E-02	 1.29409209E-05	 1.87250262E-05	 3.07611913E-05	 7.47376546E-05	 1.48483247E-04	 2.74009789E-04	 6.60522139E-04	-4.39298416E-04	-1.28936032E-02	 1.57020717E-02
 8.690000E-01	 2.19819552E-04	 1.80691216E-04	 1.76007777E-04	 3.53231708E-04	 5.01773055E-04	 2.80803794E-04	-8.24025359E-05	-1.19151032E-02	-1.95940879E-02	 5.40265324E-02	 1.30977728E-05	 1.90062298E-05	 3.06726688E-05	 7.38183067E-05	 1.45771999E-04	 2.65027525E-04	 6.61917295E-04	-4.29293793E-04	-1.27169231E-02	 1.55176478E-02
 8.700000E-01	 2.15110426E-04	 1.80579707E-04	 1.76795691E-04	 3.28431973E-04	 4.31769907E-04	 2.03919080E-04	-1.86436497E-04	-1.12003878E-02	-1.72805243E-02	 4.93934518E-02	 1.32878352E-05	 1.93820168E-05	 3.10650083E-05	 7.34096993E-05	 1.42507602E-04	 2.54648984E-04	 6.52404134E-04	-4.22094263E-04	-1.24742096E-02	 1.52623986E-02
 8.710000E-01	 2.09629595E-04	 1.79497103E-04	 1.76798912E-04	 3.05530776E-04	 3.70297160E-04	 1.41262358E-04	-2.68328585E-04	-1.05310488E-02	-1.52420006E-02	 4.51224366E-02	 1.34470707E-05	 1.97377662E-05	 3.16432224E-05	 7.31673724E-05	 1.38836139E-04	 2.43878711E-04	 6.37402574E-04	-4.13565660E-04	-1.21939029E-02	 1.49536427E-02
 8.720000E-01	 2.03500032E-04	 1.77482024E-04	 1.75935770E-04	 2.84627735E-04	 3.17682165E-04	 9.27251905E-05	-3.25782817E-04	-9.91235278E-03	-1.34950441E-02	 4.12571193E-02	 1.35371854E-05	 2.00105620E-05	 3.22362150E-05	 7.28969266E-05	 1.34977261E-04	 2.33285710E-04	 6.20403482E-04	-4.02048436E-04	-1.18948159E-02	 1.46061737E-02
 8.730000E-01	 1.96886854E-04	 1.74643476E-04	 1.74256440E-04	 2.65823204E-04	 2.73778689E-04	 5.73195353E-05	-3.59557240E-04	-9.34759490E-03	-1.20347309E-02	 3.78146561E-02	 1.35413101E-05	 2.01743066E-05	 3.27472095E-05	 7.25073644E-05	 1.31105334E-04	 2.23218201E-04	 6.03424425E-04	-3.87181915E-04	-1.15890490E-02	 1.42321532E-02
 8.740000E-01	 1.89977011E-04	 1.71125596E-04	 1.71878194E-04	 2.49156819E-04	 2.38039058E-04	 3.35500412E-05	-3.72351524E-04	-8.83778566E-03	-1.08410536E-02	 3.47899420E-02	 1.34599041E-05	 2.02258682E-05	 3.31245058E-05	 7.19698771E-05	 1.27309815E-04	 2.13894974E-04	 5.87488766E-04	-3.69163424E-04	-1.12842549E-02	 1.38413638E-02
 8.750000E-01	 1.82946724E-04	 1.67087799E-04	 1.68949465E-04	 2.34592536E-04	 2.09654764E-04	 1.96695207E-05	-3.67743715E-04	-8.38184674E-03	-9.88497821E-03	 3.21610128E-02	 1.33000040E-05	 2.01752026E-05	 3.33497140E-05	 7.12886996E-05	 1.23631876E-04	 2.05419192E-04	 5.73040845E-04	-3.48434668E-04	-1.09852228E-02	 1.34416468E-02
 8.760000E-01	 1.75937933E-04	 1.62695896E-04	 1.65636806E-04	 2.22034070E-04	 1.87694138E-04	 1.38255048E-05	-3.49525068E-04	-7.97700166E-03	-9.13320154E-03	 2.98945054E-02	 1.30653928E-05	 2.00372320E-05	 3.34321640E-05	 7.04862585E-05	 1.20113386E-04	 1.97799582E-04	 5.60197957E-04	-3.25617367E-04	-1.06948661E-02	 1.30393481E-02
 8.770000E-01	 1.69053750E-04	 1.58109614E-04	 1.62109517E-04	 2.11341174E-04	 1.71193812E-04	 1.41889182E-05	-3.21324110E-04	-7.61919151E-03	-8.55160929E-03	 2.79504640E-02	 1.27551700E-05	 1.98263936E-05	 3.33993081E-05	 6.95954618E-05	 1.16807058E-04	 1.90988255E-04	 5.48883937E-04	-3.01440552E-04	-1.04148278E-02	 1.26395734E-02
 8.780000E-01	 1.62366617E-04	 1.53462529E-04	 1.58506775E-04	 2.02321422E-04	 1.59196319E-04	 1.91251132E-05	-2.86211590E-04	-7.30342368E-03	-8.10800180E-03	 2.62862939E-02	 1.23705097E-05	 1.95550563E-05	 3.32804490E-05	 6.86481381E-05	 1.13749343E-04	 1.84906703E-04	 5.38964996E-04	-2.76545084E-04	-1.01459833E-02	 1.22462715E-02
 8.790000E-01	 1.55930223E-04	 1.48850628E-04	 1.54918273E-04	 1.94733807E-04	 1.50769667E-04	 2.72819770E-05	-2.46538974E-04	-7.02411967E-03	-7.77357843E-03	 2.48596566E-02	 1.19195984E-05	 1.92322946E-05	 3.30944190E-05	 6.76668378E-05	 1.10940794E-04	 1.79468045E-04	 5.30348465E-04	-2.51367649E-04	-9.88875809E-03	 1.18622858E-02
 8.800000E-01	 1.49783259E-04	 1.44340697E-04	 1.51407701E-04	 1.88342195E-04	 1.45066645E-04	 3.75338345E-05	-2.04291862E-04	-6.77568481E-03	-7.52276659E-03	 2.36303675E-02	 1.14152405E-05	 1.88628528E-05	 3.28482614E-05	 6.66682284E-05	 1.08365590E-04	 1.74609424E-04	 5.22961560E-04	-2.26274843E-04	-9.64311515E-03	 1.14894774E-02
 8.810000E-01	 1.43946732E-04	 1.39985058E-04	 1.48045657E-04	 1.82972817E-04	 1.41395942E-04	 4.89041551E-05	-1.61470129E-04	-6.55314732E-03	-7.33283958E-03	 2.25619592E-02	 1.08683423E-05	 1.84476255E-05	 3.25463838E-05	 6.56717957E-05	 1.06020673E-04	 1.70304548E-04	 5.16661094E-04	-2.01726995E-04	-9.40848987E-03	 1.11289562E-02
 8.820000E-01	 1.38422352E-04	 1.35827991E-04	 1.44911263E-04	 1.78513607E-04	 1.39234292E-04	 6.05647952E-05	-1.19961348E-04	-6.35241361E-03	-7.18464274E-03	 2.16231287E-02	 1.02852781E-05	 1.79878600E-05	 3.22001182E-05	 6.47034697E-05	 1.03919521E-04	 1.66530163E-04	 5.11194903E-04	-1.78230350E-04	-9.18396784E-03	 1.07813573E-02
 8.830000E-01	 1.33195813E-04	 1.31899050E-04	 1.42069008E-04	 1.74883990E-04	 1.38207526E-04	 7.19118839E-05	-8.11933985E-05	-6.17023367E-03	-7.06353719E-03	 2.07884985E-02	 9.66920796E-06	 1.74859380E-05	 3.18251793E-05	 6.37916752E-05	 1.02085307E-04	 1.63258383E-04	 5.06278614E-04	-1.56239261E-04	-8.96866391E-03	 1.04471083E-02
 8.840000E-01	 1.28240705E-04	 1.28197045E-04	 1.39538651E-04	 1.72012047E-04	 1.38092949E-04	 8.26984066E-05	-4.58886010E-05	-6.00423779E-03	-6.95964750E-03	 2.00385362E-02	 9.02329447E-06	 1.69410138E-05	 3.14239883E-05	 6.29488080E-05	 1.00539634E-04	 1.60502755E-04	 5.01814485E-04	-1.36087189E-04	-8.76227627E-03	 1.01267012E-02
 8.850000E-01	 1.23526684E-04	 1.24692260E-04	 1.37290819E-04	 1.69813634E-04	 1.38765100E-04	 9.29762954E-05	-1.41192653E-05	-5.85258082E-03	-6.86696888E-03	 1.93583012E-02	 8.35454356E-06	 1.63509076E-05	 3.09833243E-05	 6.21638823E-05	 9.92809186E-05	 1.58295640E-04	 4.97894098E-04	-1.17901266E-04	-8.56487576E-03	 9.82043905E-03
 8.860000E-01	 1.19027397E-04	 1.21346453E-04	 1.35267936E-04	 1.68178159E-04	 1.40104689E-04	 1.02892658E-04	 1.45018288E-05	-5.71342607E-03	-6.78214408E-03	 1.87359722E-02	 7.67380961E-06	 1.57185838E-05	 3.04912364E-05	 6.14165126E-05	 9.82752836E-05	 1.56615251E-04	 4.94606786E-04	-1.01569238E-04	-8.37632598E-03	 9.52808844E-03
 8.870000E-01	 1.14720954E-04	 1.18127705E-04	 1.33404885E-04	 1.66971244E-04	 1.41962476E-04	 1.12580324E-04	 4.06748870E-05	-5.58485525E-03	-6.70363033E-03	 1.81621003E-02	 6.99158294E-06	 1.50523015E-05	 2.99448724E-05	 6.06871782E-05	 9.74695583E-05	 1.55380975E-04	 4.91986838E-04	-8.67903238E-05	-8.19633638E-03	 9.24906753E-03
 8.880000E-01	 1.10587364E-04	 1.15016051E-04	 1.31649389E-04	 1.66063383E-04	 1.44177906E-04	 1.22102768E-04	 6.51193496E-05	-5.46499959E-03	-6.63064276E-03	 1.76288888E-02	 6.31404731E-06	 1.43612546E-05	 2.93483242E-05	 5.99604399E-05	 9.68104238E-05	 1.54496933E-04	 4.90028831E-04	-7.32047608E-05	-8.02455883E-03	 8.98262429E-03
 8.890000E-01	 1.06609480E-04	 1.12001477E-04	 1.29967985E-04	 1.65347422E-04	 1.46598046E-04	 1.31440440E-04	 8.83397620E-05	-5.35208449E-03	-6.56221594E-03	 1.71293595E-02	 5.64455083E-06	 1.36537620E-05	 2.87085556E-05	 5.92239613E-05	 9.62494963E-05	 1.53873537E-04	 4.88676409E-04	-6.04739452E-05	-7.86039033E-03	 8.72770121E-03
 8.900000E-01	 1.02776859E-04	 1.09080043E-04	 1.28340271E-04	 1.64736981E-04	 1.49077892E-04	 1.40497581E-04	 1.10583995E-04	-5.24435833E-03	-6.49684229E-03	 1.66568076E-02	 4.98721029E-06	 1.29383610E-05	 2.80345975E-05	 5.84691759E-05	 9.57431884E-05	 1.53421016E-04	 4.87788495E-04	-4.83013145E-05	-7.70274010E-03	 8.48276374E-03
 8.910000E-01	 9.90859284E-05	 1.06245274E-04	 1.26738249E-04	 1.64144193E-04	 1.51481133E-04	 1.49196224E-04	 1.32079442E-04	-5.14017395E-03	-6.43293565E-03	 1.62050412E-02	 4.34923624E-06	 1.22229815E-05	 2.73287709E-05	 5.76762293E-05	 9.52391262E-05	 1.53057406E-04	 4.87274194E-04	-3.63288388E-05	-7.55044145E-03	 8.24604982E-03
 8.920000E-01	 9.55436955E-05	 1.03507509E-04	 1.25158150E-04	 1.63488629E-04	 1.53616403E-04	 1.57259157E-04	 1.52706906E-04	-5.03756392E-03	-6.36784235E-03	 1.57674328E-02	 3.74066980E-06	 1.15208782E-05	 2.66033023E-05	 5.68292951E-05	 9.46638341E-05	 1.52637973E-04	 4.86864317E-04	-2.41390110E-05	-7.40150969E-03	 8.01512684E-03
 8.930000E-01	 9.21645103E-05	 1.00909984E-04	 1.23667280E-04	 1.62756773E-04	 1.55258101E-04	 1.64057258E-04	 1.71493197E-04	-4.93437985E-03	-6.29693507E-03	 1.53367881E-02	 3.16944554E-06	 1.08526713E-05	 2.59027994E-05	 5.59600927E-05	 9.39637925E-05	 1.51942450E-04	 4.85796483E-04	-1.16035685E-05	-7.25249340E-03	 7.78694275E-03
 8.940000E-01	 8.89504384E-05	 9.84854114E-05	 1.22345025E-04	 1.62011343E-04	 1.56339202E-04	 1.69168131E-04	 1.87392949E-04	-4.82988070E-03	-6.21670713E-03	 1.49091285E-02	 2.63650291E-06	 1.02309049E-05	 2.52705032E-05	 5.51266197E-05	 9.31531288E-05	 1.50858629E-04	 4.83386580E-04	 9.52411919E-07	-7.10099669E-03	 7.56004933E-03
 8.950000E-01	 8.58826318E-05	 9.62161281E-05	 1.21198205E-04	 1.61323478E-04	 1.57022208E-04	 1.72833664E-04	 2.00345124E-04	-4.72533218E-03	-6.12789293E-03	 1.44861445E-02	 2.13761120E-06	 9.65021508E-06	 2.47064816E-05	 5.43525019E-05	 9.22903548E-05	 1.49483480E-04	 4.79701748E-04	 1.30740616E-05	-6.94789645E-03	 7.33588746E-03
 8.960000E-01	 8.29360377E-05	 9.40557656E-05	 1.20172000E-04	 1.60722139E-04	 1.57540362E-04	 1.75646535E-04	 2.11087010E-04	-4.62263826E-03	-6.03405727E-03	 1.40724062E-02	 1.66926424E-06	 9.09815266E-06	 2.41804655E-05	 5.36178835E-05	 9.14220947E-05	 1.47988032E-04	 4.75329900E-04	 2.44960315E-05	-6.79588701E-03	 7.11711349E-03
 8.970000E-01	 8.00925641E-05	 9.19690632E-05	 1.19218853E-04	 1.60220011E-04	 1.58065794E-04	 1.78050484E-04	 2.20252535E-04	-4.52310615E-03	-5.93833481E-03	 1.36715770E-02	 1.22946314E-06	 8.56717731E-06	 2.36705958E-05	 5.29046247E-05	 9.05800687E-05	 1.46483282E-04	 4.70726297E-04	 3.50381070E-05	-6.64692799E-03	 6.90559807E-03
 8.980000E-01	 7.73339735E-05	 8.99194968E-05	 1.18287086E-04	 1.59819977E-04	 1.58755841E-04	 1.80492499E-04	 2.28531714E-04	-4.42789612E-03	-5.84379504E-03	 1.32869139E-02	 8.15394470E-07	 8.04898699E-06	 2.31545750E-05	 5.21948109E-05	 8.97920313E-05	 1.45081457E-04	 4.66333348E-04	 4.45839751E-05	-6.50284874E-03	 6.70292017E-03
 8.990000E-01	 7.46421201E-05	 8.78679201E-05	 1.17312249E-04	 1.59491309E-04	 1.59717710E-04	 1.83424225E-04	 2.36827398E-04	-4.33781014E-03	-5.75368711E-03	 1.29210944E-02	 4.24017965E-07	 7.53399582E-06	 2.26040017E-05	 5.14572302E-05	 8.90564537E-05	 1.43888984E-04	 4.62660562E-04	 5.32912925E-05	-6.36559668E-03	 6.51032474E-03
 9.000000E-01	 7.20110267E-05	 8.58032590E-05	 1.16264124E-04	 1.59179946E-04	 1.60903745E-04	 1.86924242E-04	 2.45626755E-04	-4.25235383E-03	-5.66923263E-03	 1.25737035E-02	 5.43273959E-08	 7.02133802E-06	 2.20103792E-05	 5.06708708E-05	 8.83316640E-05	 1.42895091E-04	 4.59858547E-04	 6.15496921E-05	-6.23549109E-03	 6.32737172E-03
 9.010000E-01	 6.94482222E-05	 8.37497601E-05	 1.15168963E-04	 1.58849546E-04	 1.62153673E-04	 1.90643983E-04	 2.54636243E-04	-4.17001270E-03	-5.58866961E-03	 1.22409767E-02	-2.93041819E-07	 6.52074092E-06	 2.13962539E-05	 4.98462066E-05	 8.75734067E-05	 1.41970949E-04	 4.57561472E-04	 6.96366470E-05	-6.11068595E-03	 6.15194318E-03
 9.020000E-01	 6.69616073E-05	 8.17349657E-05	 1.14066601E-04	 1.58496154E-04	 1.63353496E-04	 1.94231594E-04	 2.63297814E-04	-4.08962620E-03	-5.50939738E-03	 1.19189553E-02	-6.18061316E-07	 6.04200701E-06	 2.07898739E-05	 4.90073740E-05	 8.67718071E-05	 1.41002075E-04	 4.55323486E-04	 7.75229480E-05	-5.98902522E-03	 5.98204827E-03
 9.030000E-01	 6.45500900E-05	 7.97630301E-05	 1.12964889E-04	 1.58124650E-04	 1.64500747E-04	 1.97643593E-04	 2.71437200E-04	-4.01104135E-03	-5.43034761E-03	 1.16059987E-02	-9.21990033E-07	 5.58702246E-06	 2.01995661E-05	 4.81630227E-05	 8.59404381E-05	 1.39969483E-04	 4.53034554E-04	 8.50573301E-05	-5.86975985E-03	 5.81705439E-03
 9.040000E-01	 6.22078489E-05	 7.78259920E-05	 1.11855226E-04	 1.57735934E-04	 1.65624060E-04	 2.00969768E-04	 2.79147490E-04	-3.93442135E-03	-5.35167045E-03	 1.13019037E-02	-1.20674634E-06	 5.15305075E-06	 1.96220042E-05	 4.73126915E-05	 8.50884855E-05	 1.38898023E-04	 4.50756520E-04	 9.21792829E-05	-5.75301428E-03	 5.65701312E-03
 9.050000E-01	 5.99290150E-05	 7.59155167E-05	 1.10730475E-04	 1.57326138E-04	 1.66728655E-04	 2.04273975E-04	 2.86563007E-04	-3.85976492E-03	-5.27382667E-03	 1.10066647E-02	-1.47407447E-06	 4.73666606E-06	 1.90530154E-05	 4.64571969E-05	 8.42113332E-05	 1.37808636E-04	 4.48534858E-04	 9.89572014E-05	-5.63901944E-03	 5.50195935E-03
 9.060000E-01	 5.77099780E-05	 7.40287620E-05	 1.09591062E-04	 1.56891134E-04	 1.67797847E-04	 2.07551723E-04	 2.93735964E-04	-3.78688815E-03	-5.19701171E-03	 1.07199495E-02	-1.72538693E-06	 4.33598007E-06	 1.84925477E-05	 4.56011856E-05	 8.33017700E-05	 1.36702780E-04	 4.46345257E-04	 1.05480234E-04	-5.52775800E-03	 5.35170914E-03
 9.070000E-01	 5.55488778E-05	 7.21674997E-05	 1.08440190E-04	 1.56429950E-04	 1.68823247E-04	 2.10776840E-04	 3.00657111E-04	-3.71565701E-03	-5.12114785E-03	 1.04412954E-02	-1.96209553E-06	 3.95067384E-06	 1.79429453E-05	 4.47482827E-05	 8.23642791E-05	 1.35572754E-04	 4.44154778E-04	 1.11751967E-04	-5.41906811E-03	 5.20604249E-03
 9.080000E-01	 5.34443962E-05	 7.03353922E-05	 1.07280590E-04	 1.55945151E-04	 1.69813996E-04	 2.13932262E-04	 3.07296595E-04	-3.64606329E-03	-5.04605666E-03	 1.01703181E-02	-2.18584603E-06	 3.58106928E-06	 1.74066996E-05	 4.38994100E-05	 8.14151733E-05	 1.34412088E-04	 4.41954388E-04	 1.17693558E-04	-5.31278373E-03	 5.06481668E-03
 9.090000E-01	 5.13946321E-05	 6.85336356E-05	 1.06112969E-04	 1.55439368E-04	 1.70781487E-04	 2.17018703E-04	 3.13645942E-04	-3.57812721E-03	-4.97165805E-03	 9.90675409E-03	-2.39803220E-06	 3.22670243E-06	 1.68843753E-05	 4.30548941E-05	 8.04681903E-05	 1.33222054E-04	 4.39749184E-04	 1.23240487E-04	-5.20881617E-03	 4.92793995E-03
 9.100000E-01	 4.93970064E-05	 6.67587445E-05	 1.04936256E-04	 1.54912262E-04	 1.71722440E-04	 2.20045856E-04	 3.19729041E-04	-3.51178128E-03	-4.89803164E-03	 9.65037785E-03	-2.59921598E-06	 2.88565395E-06	 1.63741726E-05	 4.22172785E-05	 7.95229968E-05	 1.32011438E-04	 4.37532797E-04	 1.28415741E-04	-5.10714232E-03	 4.79529096E-03
 9.110000E-01	 4.74489393E-05	 6.50049669E-05	 1.03748765E-04	 1.54360974E-04	 1.72621932E-04	 2.23022389E-04	 3.25584460E-04	-3.44688779E-03	-4.82532678E-03	 9.40095262E-03	-2.78927627E-06	 2.55538309E-06	 1.58732875E-05	 4.13905545E-05	 7.85700330E-05	 1.30791169E-04	 4.35286427E-04	 1.33298597E-04	-5.00775668E-03	 4.66671050E-03
 9.120000E-01	 4.55482737E-05	 6.32696188E-05	 1.02550582E-04	 1.53784767E-04	 1.73471733E-04	 2.25946987E-04	 3.31233706E-04	-3.38335136E-03	-4.75361007E-03	 9.15824258E-03	-2.96855123E-06	 2.23428239E-06	 1.53804252E-05	 4.05775079E-05	 7.76071714E-05	 1.29566390E-04	 4.32997437E-04	 1.37928970E-04	-4.91062298E-03	 4.54205369E-03
 9.130000E-01	 4.36930677E-05	 6.15554840E-05	 1.01344620E-04	 1.53187535E-04	 1.74280580E-04	 2.28807953E-04	 3.36668500E-04	-3.32118182E-03	-4.68280862E-03	 8.92204096E-03	-3.13857344E-06	 1.92231986E-06	 1.48968274E-05	 3.97781718E-05	 7.66479087E-05	 1.28334217E-04	 4.30671468E-04	 1.42260657E-04	-4.81566406E-03	 4.42122660E-03
 9.140000E-01	 4.18812417E-05	 5.98667970E-05	 1.00134511E-04	 1.52575450E-04	 1.75064738E-04	 2.31593849E-04	 3.41870632E-04	-3.26043335E-03	-4.61280991E-03	 8.69216858E-03	-3.30133384E-06	 1.61988952E-06	 1.44243242E-05	 3.89915293E-05	 7.57111393E-05	 1.27090669E-04	 4.28323056E-04	 1.46217502E-04	-4.72279701E-03	 4.30415852E-03
 9.150000E-01	 4.01108052E-05	 5.82030271E-05	 9.89206349E-05	 1.51950775E-04	 1.75829609E-04	 2.34307506E-04	 3.46844542E-04	-3.20109324E-03	-4.54360544E-03	 8.46844642E-03	-3.45761583E-06	 1.32622460E-06	 1.39622698E-05	 3.82177581E-05	 7.48032004E-05	 1.25840300E-04	 4.25957883E-04	 1.49786797E-04	-4.63197621E-03	 4.19074643E-03
 9.160000E-01	 3.83803153E-05	 5.65577622E-05	 9.76992020E-05	 1.51310000E-04	 1.76564658E-04	 2.36966476E-04	 3.51625251E-04	-3.14305386E-03	-4.47531515E-03	 8.25067970E-03	-3.60647975E-06	 1.03918773E-06	 1.35070411E-05	 3.74587534E-05	 7.39138800E-05	 1.24596762E-04	 4.23568274E-04	 1.53040030E-04	-4.54319758E-03	 4.08083904E-03
 9.170000E-01	 3.66888577E-05	 5.49248964E-05	 9.64663886E-05	 1.50648536E-04	 1.77256982E-04	 2.39585620E-04	 3.56249268E-04	-3.08620123E-03	-4.40805877E-03	 8.03867711E-03	-3.74676616E-06	 7.56860109E-07	 1.30552108E-05	 3.67163129E-05	 7.30316190E-05	 1.23372200E-04	 4.21145666E-04	 1.56054706E-04	-4.45645711E-03	 3.97428327E-03
 9.180000E-01	 3.50353596E-05	 5.33050788E-05	 9.52233340E-05	 1.49967492E-04	 1.77907760E-04	 2.42160084E-04	 3.60720795E-04	-3.03051572E-03	-4.34182522E-03	 7.83228254E-03	-3.87905543E-06	 4.79043509E-07	 1.26069383E-05	 3.59906211E-05	 7.21606551E-05	 1.22167135E-04	 4.18694183E-04	 1.58828967E-04	-4.37171161E-03	 3.87097768E-03
 9.190000E-01	 3.34181326E-05	 5.17045660E-05	 9.39756274E-05	 1.49273867E-04	 1.78532018E-04	 2.44670463E-04	 3.65014430E-04	-2.97606451E-03	-4.27649390E-03	 7.63137672E-03	-4.00563714E-06	 2.06867685E-07	 1.21653613E-05	 3.52805414E-05	 7.13193562E-05	 1.20973361E-04	 4.16229599E-04	 1.61290490E-04	-4.28888654E-03	 3.77086780E-03
 9.200000E-01	 3.18354107E-05	 5.01271003E-05	 9.27268709E-05	 1.48573097E-04	 1.79141985E-04	 2.47107834E-04	 3.69114549E-04	-2.92289252E-03	-4.21198670E-03	 7.43584004E-03	-4.12826966E-06	-5.91330149E-08	 1.17322843E-05	 3.45851589E-05	 7.05207930E-05	 1.19787731E-04	 4.13766161E-04	 1.63391089E-04	-4.20792274E-03	 3.67388597E-03
 9.210000E-01	 3.02863299E-05	 4.85682711E-05	 9.14736492E-05	 1.47862580E-04	 1.79733879E-04	 2.49489972E-04	 3.73046201E-04	-2.87094112E-03	-4.14837149E-03	 7.24551830E-03	-4.24630450E-06	-3.20240030E-07	 1.13050739E-05	 3.39045940E-05	 6.97584556E-05	 1.18620742E-04	 4.11307606E-04	 1.65175117E-04	-4.12880632E-03	 3.57990565E-03
 9.220000E-01	 2.87710589E-05	 4.70196415E-05	 9.02086158E-05	 1.47134196E-04	 1.80293456E-04	 2.51846588E-04	 3.76858192E-04	-2.82009116E-03	-4.08579086E-03	 7.06023526E-03	-4.35761362E-06	-5.78497525E-07	 1.08788919E-05	 3.32393292E-05	 6.90146065E-05	 1.17488656E-04	 4.08851563E-04	 1.66739062E-04	-4.05154563E-03	 3.48876822E-03
 9.230000E-01	 2.72895897E-05	 4.54780674E-05	 8.89288614E-05	 1.46384219E-04	 1.80814448E-04	 2.54188611E-04	 3.80576683E-04	-2.77028129E-03	-4.02430157E-03	 6.87984144E-03	-4.46145370E-06	-8.34694742E-07	 1.04518064E-05	 3.25892105E-05	 6.82824119E-05	 1.16397619E-04	 4.06401491E-04	 1.68129412E-04	-3.97612281E-03	 3.40035077E-03
 9.240000E-01	 2.58406403E-05	 4.39492761E-05	 8.76396549E-05	 1.45618324E-04	 1.81307373E-04	 2.56497661E-04	 3.84183610E-04	-2.72155930E-03	-3.96381331E-03	 6.70424023E-03	-4.55987036E-06	-1.08770701E-06	 1.00268578E-05	 3.19532469E-05	 6.75752715E-05	 1.15338585E-04	 4.03971065E-04	 1.69299978E-04	-3.90247677E-03	 3.31459633E-03
 9.250000E-01	 2.44222376E-05	 4.24406731E-05	 8.63481999E-05	 1.44845267E-04	 1.81788157E-04	 2.58751734E-04	 3.87649108E-04	-2.67400202E-03	-3.90420695E-03	 6.53335431E-03	-4.65567763E-06	-1.33614821E-06	 9.60803597E-06	 3.13303599E-05	 6.69112237E-05	 1.14300572E-04	 4.01576597E-04	 1.70183189E-04	-3.83053924E-03	 3.23146485E-03
 9.260000E-01	 2.30336951E-05	 4.09521576E-05	 8.50545612E-05	 1.44065512E-04	 1.82258928E-04	 2.60956573E-04	 3.90979173E-04	-2.62759675E-03	-3.84548801E-03	 6.36706968E-03	-4.74927030E-06	-1.58018898E-06	 9.19503711E-06	 3.07199494E-05	 6.62902590E-05	 1.13286591E-04	 3.99225798E-04	 1.70790416E-04	-3.76027982E-03	 3.15086489E-03
 9.270000E-01	 2.16763652E-05	 3.94757426E-05	 8.37506994E-05	 1.43269237E-04	 1.82704988E-04	 2.63145416E-04	 3.94222071E-04	-2.58222842E-03	-3.78779279E-03	 6.20522456E-03	-4.83817210E-06	-1.82150268E-06	 8.78295303E-06	 3.01216775E-05	 6.56923164E-05	 1.12313113E-04	 3.96917220E-04	 1.71220371E-04	-3.69170614E-03	 3.07264693E-03
 9.280000E-01	 2.03513418E-05	 3.80044218E-05	 8.24291303E-05	 1.42447477E-04	 1.83114278E-04	 2.65346780E-04	 3.97425059E-04	-2.53780018E-03	-3.73122867E-03	 6.04765879E-03	-4.92025414E-06	-2.06154670E-06	 8.36742755E-06	 2.95344869E-05	 6.51007352E-05	 1.11392431E-04	 3.94654464E-04	 1.71555836E-04	-3.62481634E-03	 2.99667245E-03
 9.290000E-01	 1.90562817E-05	 3.65391062E-05	 8.10905558E-05	 1.41603800E-04	 1.83497801E-04	 2.67560734E-04	 4.00594534E-04	-2.49434795E-03	-3.67573949E-03	 5.89426511E-03	-4.99691123E-06	-2.30048214E-06	 7.94885836E-06	 2.89558807E-05	 6.45239177E-05	 1.10519299E-04	 3.92460385E-04	 1.71769596E-04	-3.55956083E-03	 2.92287689E-03
 9.300000E-01	 1.77863967E-05	 3.50861351E-05	 7.97417802E-05	 1.40750949E-04	 1.83881810E-04	 2.69768830E-04	 4.03705224E-04	-2.45199274E-03	-3.62116983E-03	 5.74498036E-03	-5.07198963E-06	-2.53762722E-06	 7.53090172E-06	 2.83829671E-05	 6.39864393E-05	 1.09678233E-04	 3.90367067E-04	 1.71764802E-04	-3.49586246E-03	 2.85124622E-03
 9.310000E-01	 1.65414707E-05	 3.36511286E-05	 7.83885965E-05	 1.39893068E-04	 1.84269481E-04	 2.71954544E-04	 4.06738197E-04	-2.41074194E-03	-3.56748055E-03	 5.59973362E-03	-5.14702743E-06	-2.77180666E-06	 7.11633479E-06	 2.78158402E-05	 6.34937109E-05	 1.08863004E-04	 3.88373624E-04	 1.71532812E-04	-3.43367881E-03	 2.78172565E-03
 9.320000E-01	 1.53308801E-05	 3.22370818E-05	 7.70328732E-05	 1.39015257E-04	 1.84617322E-04	 2.74107185E-04	 4.09700878E-04	-2.37037575E-03	-3.51485728E-03	 5.45841238E-03	-5.21843325E-06	-3.00102649E-06	 6.70547617E-06	 2.72596307E-05	 6.30124902E-05	 1.08084363E-04	 3.86420704E-04	 1.71240737E-04	-3.37303124E-03	 2.71416815E-03
 9.330000E-01	 1.41655258E-05	 3.08444187E-05	 7.56734727E-05	 1.38097592E-04	 1.84874036E-04	 2.76224275E-04	 4.12619003E-04	-2.33063471E-03	-3.46352492E-03	 5.32087713E-03	-5.28123884E-06	-3.22364694E-06	 6.29707205E-06	 2.67193380E-05	 6.25013433E-05	 1.07356763E-04	 3.84445756E-04	 1.71087610E-04	-3.31395069E-03	 2.64840493E-03
 9.340000E-01	 1.30414427E-05	 2.94670626E-05	 7.43046584E-05	 1.37141166E-04	 1.85053980E-04	 2.78334080E-04	 4.15529060E-04	-2.29155414E-03	-3.41344997E-03	 5.18699112E-03	-5.33578325E-06	-3.44169499E-06	 5.88766585E-06	 2.61903458E-05	 6.19636218E-05	 1.06682055E-04	 3.82486605E-04	 1.71053638E-04	-3.25639448E-03	 2.58436577E-03
 9.350000E-01	 1.19362710E-05	 2.80906404E-05	 7.29146672E-05	 1.36172481E-04	 1.85250297E-04	 2.80505436E-04	 4.18475257E-04	-2.25351684E-03	-3.36430584E-03	 5.05663551E-03	-5.38897847E-06	-3.66174824E-06	 5.47083034E-06	 2.56568064E-05	 6.14557332E-05	 1.06049930E-04	 3.80697875E-04	 1.70861095E-04	-3.20023971E-03	 2.52210128E-03
 9.360000E-01	 1.08298945E-05	 2.67025071E-05	 7.14924743E-05	 1.35215035E-04	 1.85546093E-04	 2.82800739E-04	 4.21493975E-04	-2.21685750E-03	-3.31581159E-03	 4.92970877E-03	-5.44713884E-06	-3.88953648E-06	 5.04065335E-06	 2.51043176E-05	 6.10278899E-05	 1.05451780E-04	 3.79215022E-04	 1.70265785E-04	-3.14537932E-03	 2.46165628E-03
 9.370000E-01	 9.72627796E-06	 2.53044456E-05	 7.00370737E-05	 1.34260799E-04	 1.85924320E-04	 2.85217069E-04	 4.24596599E-04	-2.18147557E-03	-3.26804122E-03	 4.80611716E-03	-5.50881313E-06	-4.12380711E-06	 4.59681481E-06	 2.45326136E-05	 6.06665613E-05	 1.04889003E-04	 3.78018407E-04	 1.69340259E-04	-3.09180610E-03	 2.40294590E-03
 9.380000E-01	 8.64852837E-06	 2.39108936E-05	 6.85572092E-05	 1.33278034E-04	 1.86290129E-04	 2.87693472E-04	 4.27773964E-04	-2.14694143E-03	-3.22132278E-03	 4.68576625E-03	-5.56654454E-06	-4.35756689E-06	 4.14434412E-06	 2.39526189E-05	 6.03100976E-05	 1.04367156E-04	 3.76968747E-04	 1.68395867E-04	-3.03958142E-03	 2.34578610E-03
 9.390000E-01	 7.61381347E-06	 2.25347513E-05	 6.70629260E-05	 1.32244817E-04	 1.86571584E-04	 2.90173829E-04	 4.31010563E-04	-2.11293551E-03	-3.17587743E-03	 4.56856890E-03	-5.61515786E-06	-4.58526547E-06	 3.68846623E-06	 2.33733464E-05	 5.99133066E-05	 1.03886565E-04	 3.75957455E-04	 1.67660814E-04	-2.98873564E-03	 2.29003457E-03
 9.400000E-01	 6.61881634E-06	 2.11782552E-05	 6.55598533E-05	 1.31168119E-04	 1.86775826E-04	 2.92646967E-04	 4.34289986E-04	-2.07948340E-03	-3.13164083E-03	 4.45446039E-03	-5.65644560E-06	-4.80712707E-06	 3.23094415E-06	 2.27949935E-05	 5.94820987E-05	 1.03440568E-04	 3.74987077E-04	 1.67109206E-04	-2.93922176E-03	 2.23566731E-03
 9.410000E-01	 5.64991175E-06	 1.98364059E-05	 6.40485947E-05	 1.30067682E-04	 1.86949849E-04	 2.95133701E-04	 4.37604001E-04	-2.04677642E-03	-3.08842522E-03	 4.34338338E-03	-5.69532637E-06	-5.02657022E-06	 2.77053323E-06	 2.22126009E-05	 5.90462842E-05	 1.03022155E-04	 3.74118754E-04	 1.66594492E-04	-2.89096160E-03	 2.18271561E-03
 9.420000E-01	 4.69943725E-06	 1.85028850E-05	 6.25238277E-05	 1.28950912E-04	 1.87121875E-04	 2.97664286E-04	 4.40975698E-04	-2.01491130E-03	-3.04614252E-03	 4.23524546E-03	-5.73360402E-06	-5.24597224E-06	 2.30397687E-06	 2.16204772E-05	 5.86196828E-05	 1.02629683E-04	 3.73400622E-04	 1.66043646E-04	-2.84390516E-03	 2.13116652E-03
 9.430000E-01	 3.76980441E-06	 1.71724814E-05	 6.09750763E-05	 1.27806804E-04	 1.87286792E-04	 3.00268385E-04	 4.44463339E-04	-1.98383302E-03	-3.00484142E-03	 4.12990697E-03	-5.76857577E-06	-5.46543570E-06	 1.82693462E-06	 2.10132697E-05	 5.81916611E-05	 1.02265837E-04	 3.72851188E-04	 1.65497123E-04	-2.79803898E-03	 2.08094332E-03
 9.440000E-01	 2.86600508E-06	 1.58427098E-05	 5.93942301E-05	 1.26621521E-04	 1.87428864E-04	 3.02962828E-04	 4.48117695E-04	-1.95344833E-03	-2.96458999E-03	 4.02723422E-03	-5.79690616E-06	-5.68404540E-06	 1.33647689E-06	 2.03872106E-05	 5.77463630E-05	 1.01931641E-04	 3.72472038E-04	 1.65020371E-04	-2.75335479E-03	 2.03196353E-03
 9.450000E-01	 1.98858443E-06	 1.45152362E-05	 5.77830382E-05	 1.25393367E-04	 1.87541860E-04	 3.05740417E-04	 4.51937963E-04	-1.92372257E-03	-2.92538099E-03	 3.92715583E-03	-5.81834477E-06	-5.90112316E-06	 8.33437612E-07	 1.97422431E-05	 5.72795510E-05	 1.01623111E-04	 3.72253964E-04	 1.64628583E-04	-2.70982612E-03	 1.98419218E-03
 9.460000E-01	 1.13404700E-06	 1.31939403E-05	 5.61500494E-05	 1.24130703E-04	 1.87629382E-04	 3.08579984E-04	 4.55885908E-04	-1.89467225E-03	-2.88715314E-03	 3.82964921E-03	-5.83507150E-06	-6.11645704E-06	 3.20993355E-07	 1.90808752E-05	 5.67964373E-05	 1.01333858E-04	 3.72182547E-04	 1.64296456E-04	-2.66741455E-03	 1.93763020E-03
 9.470000E-01	 2.99738028E-07	 1.18803748E-05	 5.44994644E-05	 1.22838581E-04	 1.87695078E-04	 3.11472488E-04	 4.59944668E-04	-1.86630595E-03	-2.84986566E-03	 3.73467098E-03	-5.84832480E-06	-6.32999376E-06	-1.99382293E-07	 1.84039815E-05	 5.63002185E-05	 1.01059341E-04	 3.72252421E-04	 1.64006978E-04	-2.62608801E-03	 1.89226724E-03
 9.480000E-01	-5.13175253E-07	 1.05718371E-05	 5.28252158E-05	 1.21510561E-04	 1.87735917E-04	 3.14432965E-04	 4.64150802E-04	-1.83859086E-03	-2.81353330E-03	 3.64211885E-03	-5.85647219E-06	-6.54146040E-06	-7.29884506E-07	 1.77081107E-05	 5.57854060E-05	 1.00797764E-04	 3.72475277E-04	 1.63778124E-04	-2.58582838E-03	 1.84805650E-03
 9.490000E-01	-1.30170316E-06	 9.26469159E-06	 5.11179475E-05	 1.20135475E-04	 1.87744677E-04	 3.17482406E-04	 4.68558471E-04	-1.81147617E-03	-2.77818733E-03	 3.55187074E-03	-5.85679633E-06	-6.75029807E-06	-1.27362860E-06	 1.69885387E-05	 5.52431304E-05	 1.00547441E-04	 3.72866972E-04	 1.63640278E-04	-2.54662186E-03	 1.80494065E-03
 9.500000E-01	-2.06485421E-06	 7.95830769E-06	 4.93750756E-05	 1.18708602E-04	 1.87716307E-04	 3.20625292E-04	 4.73185506E-04	-1.78493304E-03	-2.74382513E-03	 3.46384782E-03	-5.84824293E-06	-6.95592359E-06	-1.83117419E-06	 1.62435576E-05	 5.46688096E-05	 1.00305352E-04	 3.73429723E-04	 1.63604031E-04	-2.50844774E-03	 1.76288772E-03
 9.510000E-01	-2.80450325E-06	 6.65516585E-06	 4.76020320E-05	 1.17234044E-04	 1.87650342E-04	 3.23848286E-04	 4.78006175E-04	-1.75896286E-03	-2.71040560E-03	 3.37802289E-03	-5.83191116E-06	-7.15793437E-06	-2.40020546E-06	 1.54753432E-05	 5.40638983E-05	 1.00067811E-04	 3.74150140E-04	 1.63654242E-04	-2.47127789E-03	 1.72189609E-03
 9.520000E-01	-3.52267521E-06	 5.35735708E-06	 4.58038011E-05	 1.15716242E-04	 1.87547443E-04	 3.27139652E-04	 4.82997097E-04	-1.73356917E-03	-2.67789131E-03	 3.29436993E-03	-5.80888746E-06	-7.35601258E-06	-2.97866734E-06	 1.46859364E-05	 5.34302985E-05	 9.98314973E-05	 3.75016666E-04	 1.63775781E-04	-2.43508633E-03	 1.68196319E-03
 9.530000E-01	-4.21866852E-06	 4.06442119E-06	 4.39781367E-05	 1.14151885E-04	 1.87404215E-04	 3.30502256E-04	 4.88175650E-04	-1.70872950E-03	-2.64627899E-03	 3.21281932E-03	-5.77837927E-06	-7.54954166E-06	-3.56683629E-06	 1.38741581E-05	 5.27655931E-05	 9.95925716E-05	 3.76032404E-04	 1.63974585E-04	-2.39985532E-03	 1.64306213E-03
 9.540000E-01	-4.88981721E-06	 2.77453853E-06	 4.21183080E-05	 1.12532307E-04	 1.87213764E-04	 3.33947296E-04	 4.93584919E-04	-1.68440375E-03	-2.61558587E-03	 3.13327499E-03	-5.73834498E-06	-7.73764445E-06	-4.16640728E-06	 1.30366452E-05	 5.20642469E-05	 9.93465293E-05	 3.77209775E-04	 1.64270683E-04	-2.36557229E-03	 1.60515069E-03
 9.550000E-01	-5.53430549E-06	 1.48716655E-06	 4.02207483E-05	 1.10851463E-04	 1.86969582E-04	 3.37479449E-04	 4.99249115E-04	-1.66056198E-03	-2.58581303E-03	 3.05566271E-03	-5.68749797E-06	-7.91947698E-06	-4.77784661E-06	 1.21717552E-05	 5.13220863E-05	 9.90895078E-05	 3.78553609E-04	 1.64674291E-04	-2.33222205E-03	 1.56820004E-03
 9.560000E-01	-6.15283686E-06	 2.03545308E-07	 3.82880399E-05	 1.09110276E-04	 1.86669271E-04	 3.41093016E-04	 5.05155122E-04	-1.63720022E-03	-2.55693340E-03	 2.97995193E-03	-5.62621793E-06	-8.09463243E-06	-5.39977531E-06	 1.12809793E-05	 5.05385572E-05	 9.88201180E-05	 3.80055862E-04	 1.65175726E-04	-2.29978488E-03	 1.53220426E-03
 9.570000E-01	-6.74676657E-06	-1.07470893E-06	 3.63241735E-05	 1.07311596E-04	 1.86311870E-04	 3.44779861E-04	 5.11281625E-04	-1.61432140E-03	-2.52891475E-03	 2.90612336E-03	-5.55532334E-06	-8.26280158E-06	-6.03033997E-06	 1.03667062E-05	 4.97144347E-05	 9.85374777E-05	 3.81705699E-04	 1.65760247E-04	-2.26824103E-03	 1.49716312E-03
 9.580000E-01	-7.31573565E-06	-2.34693949E-06	 3.43291703E-05	 1.05454141E-04	 1.85894103E-04	 3.48537328E-04	 5.17634003E-04	-1.59191198E-03	-2.50174596E-03	 2.83413146E-03	-5.47462136E-06	-8.42338854E-06	-6.66891566E-06	 9.42917610E-06	 4.88490121E-05	 9.82382436E-05	 3.83502431E-04	 1.66427100E-04	-2.23757575E-03	 1.46305993E-03
 9.590000E-01	-7.85741531E-06	-3.61309922E-06	 3.22993180E-05	 1.03531983E-04	 1.85409185E-04	 3.52366998E-04	 5.24242927E-04	-1.56994021E-03	-2.47543372E-03	 2.76390399E-03	-5.38286052E-06	-8.57534162E-06	-7.31578005E-06	 8.46665799E-06	 4.79397425E-05	 9.79160909E-05	 3.85454053E-04	 1.67188991E-04	-2.20777793E-03	 1.42986328E-03
 9.600000E-01	-8.36976642E-06	-4.87293146E-06	 3.02318397E-05	 1.01539844E-04	 1.84850412E-04	 3.56269896E-04	 5.31131743E-04	-1.54837866E-03	-2.44997905E-03	 2.69537691E-03	-5.27902979E-06	-8.71776013E-06	-7.97100751E-06	 7.47793272E-06	 4.69840166E-05	 9.75662381E-05	 3.87566287E-04	 1.68055240E-04	-2.17883586E-03	 1.39754551E-03
 9.610000E-01	-8.85257854E-06	-6.12574523E-06	 2.81275844E-05	 9.94766472E-05	 1.84214096E-04	 3.60244606E-04	 5.38296228E-04	-1.52721999E-03	-2.42536370E-03	 2.62851629E-03	-5.16311553E-06	-8.85022724E-06	-8.63377590E-06	 6.46404808E-06	 4.59803870E-05	 9.71885162E-05	 3.89835536E-04	 1.69020140E-04	-2.15073496E-03	 1.36609543E-03
 9.620000E-01	-9.30661038E-06	-7.37068298E-06	 2.59891151E-05	 9.73436012E-05	 1.83498391E-04	 3.64288508E-04	 5.45720240E-04	-1.50646690E-03	-2.40156287E-03	 2.56330389E-03	-5.03566347E-06	-8.97264929E-06	-9.30296316E-06	 5.42709225E-06	 4.49283186E-05	 9.67849622E-05	 3.92254628E-04	 1.70071570E-04	-2.12346085E-03	 1.33550921E-03
 9.630000E-01	-9.73158800E-06	-8.60676898E-06	 2.38173315E-05	 9.51401762E-05	 1.82699993E-04	 3.68398186E-04	 5.53403554E-04	-1.48611138E-03	-2.37856372E-03	 2.49970772E-03	-4.89675095E-06	-9.08455156E-06	-9.97772699E-06	 4.36802989E-06	 4.38274788E-05	 9.63538329E-05	 3.94821910E-04	 1.71206084E-04	-2.09700193E-03	 1.30577434E-03
 9.640000E-01	-1.01257104E-05	-9.83268913E-06	 2.16110375E-05	 9.28630656E-05	 1.81812812E-04	 3.72568782E-04	 5.61366737E-04	-1.46612920E-03	-2.35636744E-03	 2.43767564E-03	-4.74586704E-06	-9.18500453E-06	-1.06575575E-05	 3.28627998E-06	 4.26775143E-05	 9.58884339E-05	 3.97542663E-04	 1.72432215E-04	-2.07134931E-03	 1.27686617E-03
 9.650000E-01	-1.04870231E-05	-1.10471872E-05	 1.93688849E-05	 9.05084896E-05	 1.80830267E-04	 3.76796357E-04	 5.69630304E-04	-1.44649595E-03	-2.33497484E-03	 2.37715540E-03	-4.58239327E-06	-9.27305728E-06	-1.13419953E-05	 2.18114285E-06	 4.14774762E-05	 9.53825691E-05	 4.00422439E-04	 1.73758844E-04	-2.04649403E-03	 1.24875955E-03
 9.660000E-01	-1.08148005E-05	-1.22495699E-05	 1.70911012E-05	 8.80745636E-05	 1.79747750E-04	 3.81080605E-04	 5.78196460E-04	-1.42720215E-03	-2.31437502E-03	 2.31811309E-03	-4.40623658E-06	-9.34836889E-06	-1.20305724E-05	 1.05331881E-06	 4.02257510E-05	 9.48361450E-05	 4.03461345E-04	 1.75184261E-04	-2.02242581E-03	 1.22143946E-03
 9.670000E-01	-1.11092048E-05	-1.34396302E-05	 1.47788037E-05	 8.55608037E-05	 1.78562426E-04	 3.85423826E-04	 5.87055991E-04	-1.40824897E-03	-2.29455091E-03	 2.26052796E-03	-4.21757991E-06	-9.41094280E-06	-1.27229085E-05	-9.57521005E-08	 3.89202627E-05	 9.42529507E-05	 4.06656525E-04	 1.76700398E-04	-1.99913417E-03	 1.19489716E-03
 9.680000E-01	-1.13699807E-05	-1.46165620E-05	 1.24329912E-05	 8.29667342E-05	 1.77270982E-04	 3.89824531E-04	 5.96207061E-04	-1.38963181E-03	-2.27549054E-03	 2.20437364E-03	-4.01661661E-06	-9.46057849E-06	-1.34184499E-05	-1.26495814E-06	 3.75602908E-05	 9.36332973E-05	 4.10007326E-04	 1.78303363E-04	-1.97660962E-03	 1.16912014E-03
 9.690000E-01	-1.15958752E-05	-1.57785090E-05	 1.00540673E-05	 8.02909563E-05	 1.75868437E-04	 3.94275009E-04	 6.05662831E-04	-1.37133329E-03	-2.25719148E-03	 2.14961149E-03	-3.80325495E-06	-9.49651911E-06	-1.41163705E-05	-2.45441141E-06	 3.61465052E-05	 9.29708751E-05	 4.13517862E-04	 1.79999173E-04	-1.95484415E-03	 1.14408720E-03
 9.700000E-01	-1.17853238E-05	-1.69233813E-05	 7.64234228E-06	 7.75315967E-05	 1.74348931E-04	 3.98766838E-04	 6.15439304E-04	-1.35333314E-03	-2.23965252E-03	 2.09619967E-03	-3.57736783E-06	-9.51794818E-06	-1.48157402E-05	-3.66428865E-06	 3.46796456E-05	 9.22584161E-05	 4.17192907E-04	 1.81795265E-04	-1.93382980E-03	 1.11977607E-03
 9.710000E-01	-1.19374462E-05	-1.80503284E-05	 5.19796756E-06	 7.46867623E-05	 1.72707712E-04	 4.03299467E-04	 6.25542602E-04	-1.33562195E-03	-2.22286736E-03	 2.04410623E-03	-3.33882002E-06	-9.52453213E-06	-1.55162951E-05	-4.89440334E-06	 3.31580894E-05	 9.14950326E-05	 4.21035651E-04	 1.83693042E-04	-1.91355869E-03	 1.09616926E-03
 9.720000E-01	-1.20518789E-05	-1.91594253E-05	 2.72104615E-06	 7.17546233E-05	 1.70940714E-04	 4.07878200E-04	 6.35970416E-04	-1.31819849E-03	-2.20682491E-03	 1.99330640E-03	-3.08756851E-06	-9.51630915E-06	-1.62181539E-05	-6.14378493E-06	 3.15786462E-05	 9.06848766E-05	 4.25046760E-04	 1.85687845E-04	-1.89402258E-03	 1.07325491E-03
 9.730000E-01	-1.21283019E-05	-2.02503099E-05	 2.11983435E-07	 6.87340606E-05	 1.69044213E-04	 4.12504723E-04	 6.46723828E-04	-1.30105760E-03	-2.19151876E-03	 1.94377462E-03	-2.82365773E-06	-9.49321298E-06	-1.69213692E-05	-7.41182450E-06	 2.99391173E-05	 8.98296864E-05	 4.29227962E-04	 1.87779546E-04	-1.87521455E-03	 1.05101764E-03
 9.740000E-01	-1.21657807E-05	-2.13209183E-05	-2.32797331E-06	 6.56244254E-05	 1.67012988E-04	 4.17169832E-04	 6.57813390E-04	-1.28417957E-03	-2.17694898E-03	 1.89547640E-03	-2.54725495E-06	-9.45460264E-06	-1.76249668E-05	-8.69812606E-06	 2.82400261E-05	 8.89234832E-05	 4.33581125E-04	 1.89976851E-04	-1.85712784E-03	 1.02943701E-03
 9.750000E-01	-1.21633335E-05	-2.23688625E-05	-4.89737648E-06	 6.24252952E-05	 1.64841805E-04	 4.21862128E-04	 6.69252799E-04	-1.26754146E-03	-2.16311900E-03	 1.84837587E-03	-2.25854282E-06	-9.39982323E-06	-1.83279590E-05	-1.00027969E-05	 2.64823655E-05	 8.79585962E-05	 4.38109564E-04	 1.92292381E-04	-1.83975661E-03	 1.00848902E-03
 9.760000E-01	-1.21199276E-05	-2.33928845E-05	-7.49575926E-06	 5.91347740E-05	 1.62524928E-04	 4.26578474E-04	 6.81050818E-04	-1.25112679E-03	-2.15002773E-03	 1.80243922E-03	-1.95742309E-06	-9.32840590E-06	-1.90298789E-05	-1.13255497E-05	 2.46644013E-05	 8.69325592E-05	 4.42815394E-04	 1.94733132E-04	-1.82309406E-03	 9.88154480E-04
 9.770000E-01	-1.20349492E-05	-2.43932287E-05	-1.01236596E-05	 5.57502806E-05	 1.60057537E-04	 4.31325458E-04	 6.93210714E-04	-1.23492998E-03	-2.13767141E-03	 1.75763905E-03	-1.64366203E-06	-9.24040644E-06	-1.97314132E-05	-1.26661518E-05	 2.27816957E-05	 8.58493817E-05	 4.47701826E-04	 1.97300821E-04	-1.80713424E-03	 9.68416758E-04
 9.780000E-01	-1.19076995E-05	-2.53695878E-05	-1.27811509E-05	 5.22697621E-05	 1.57434672E-04	 4.36106457E-04	 7.05736572E-04	-1.21894693E-03	-2.12604297E-03	 1.71394826E-03	-1.31707456E-06	-9.13560204E-06	-2.04326733E-05	-1.40241359E-05	 2.08310171E-05	 8.47103309E-05	 4.52772292E-04	 1.99994439E-04	-1.79186966E-03	 9.49262448E-04
 9.790000E-01	-1.17378444E-05	-2.63200437E-05	-1.54663038E-05	 4.86936924E-05	 1.54652321E-04	 4.40914275E-04	 7.18636298E-04	-1.20317403E-03	-2.11513426E-03	 1.67134333E-03	-9.78002483E-07	-9.01371559E-06	-2.11328245E-05	-1.53994405E-05	 1.88131916E-05	 8.35095625E-05	 4.58033326E-04	 2.02813917E-04	-1.77729257E-03	 9.30677366E-04
 9.800000E-01	-1.15248152E-05	-2.72418841E-05	-1.81765506E-05	 4.50228188E-05	 1.51705875E-04	 4.45737549E-04	 7.31920243E-04	-1.18760693E-03	-2.10493463E-03	 1.62979916E-03	-6.26754137E-07	-8.87409931E-06	-2.18301523E-05	-1.67919795E-05	 1.67303498E-05	 8.22373968E-05	 4.63492012E-04	 2.05757730E-04	-1.76339350E-03	 9.12649628E-04
 9.810000E-01	-1.12682091E-05	-2.81336478E-05	-2.09103526E-05	 4.12564347E-05	 1.48590173E-04	 4.50574616E-04	 7.45597787E-04	-1.17224921E-03	-2.09543279E-03	 1.58929321E-03	-2.63485957E-07	-8.71662977E-06	-2.25240045E-05	-1.82018911E-05	 1.45815882E-05	 8.08896320E-05	 4.69158361E-04	 2.08820870E-04	-1.75016424E-03	 8.95168043E-04
 9.820000E-01	-1.09671976E-05	-2.89952838E-05	-2.36681518E-05	 3.73912232E-05	 1.45298461E-04	 4.55434530E-04	 7.59677770E-04	-1.15710832E-03	-2.08661655E-03	 1.54980001E-03	 1.12250208E-07	-8.54105437E-06	-2.32145322E-05	-1.96291339E-05	 1.23618867E-05	 7.94674407E-05	 4.75042680E-04	 2.11994455E-04	-1.73759636E-03	 8.78224366E-04
 9.830000E-01	-1.06211884E-05	-2.98266169E-05	-2.64501730E-05	 3.34250308E-05	 1.41824772E-04	 4.60321724E-04	 7.74168166E-04	-1.14217730E-03	-2.07848540E-03	 1.51129301E-03	 5.00605691E-07	-8.34727560E-06	-2.39023791E-05	-2.10734860E-05	 1.00668896E-05	 7.79720742E-05	 4.81150371E-04	 2.15281966E-04	-1.72568502E-03	 8.61803135E-04
 9.840000E-01	-1.02292648E-05	-3.06259479E-05	-2.92556458E-05	 2.93577705E-05	 1.38164024E-04	 4.65223339E-04	 7.89076999E-04	-1.12741414E-03	-2.07105665E-03	 1.47373703E-03	 9.01634834E-07	-8.13437462E-06	-2.45872475E-05	-2.25343632E-05	 7.69553617E-06	 7.63983737E-05	 4.87474036E-04	 2.18710668E-04	-1.71442810E-03	 8.45878273E-04
 9.850000E-01	-9.79068752E-06	-3.13908594E-05	-3.20827912E-05	 2.51912559E-05	 1.34312325E-04	 4.70116762E-04	 8.04411254E-04	-1.11275755E-03	-2.06435916E-03	 1.43709415E-03	 1.31498117E-06	-7.90156407E-06	-2.52687747E-05	-2.40110357E-05	 5.24904327E-06	 7.47388462E-05	 4.93999494E-04	 2.22323117E-04	-1.70382623E-03	 8.30414731E-04
 9.860000E-01	-9.30414028E-06	-3.21196150E-05	-3.49310772E-05	 2.09258550E-05	 1.30264177E-04	 4.74982556E-04	 8.20178278E-04	-1.09814049E-03	-2.05842417E-03	 1.40132087E-03	 1.74088494E-06	-7.64770726E-06	-2.59470334E-05	-2.55025125E-05	 2.72607676E-06	 7.29878318E-05	 5.00710074E-04	 2.26165188E-04	-1.69387991E-03	 8.15376214E-04
 9.870000E-01	-8.76828680E-06	-3.28115386E-05	-3.78010158E-05	 1.65611677E-05	 1.26013181E-04	 4.79808832E-04	 8.36385195E-04	-1.08350288E-03	-2.05328141E-03	 1.36637368E-03	 2.17960102E-06	-7.37205275E-06	-2.66232679E-05	-2.70074780E-05	 1.22889930E-07	 7.11440341E-05	 5.07591583E-04	 2.30279130E-04	-1.68459008E-03	 8.00726579E-04
 9.880000E-01	-8.18216206E-06	-3.34660847E-05	-4.06929907E-05	 1.20951708E-05	 1.21552165E-04	 4.84593023E-04	 8.53043562E-04	-1.06882215E-03	-2.04893569E-03	 1.33221754E-03	 2.63163365E-06	-7.07387315E-06	-2.72978990E-05	-2.85256104E-05	-2.56466710E-06	 6.92047124E-05	 5.14645005E-04	 2.34678853E-04	-1.67595172E-03	 7.86446231E-04
 9.890000E-01	-7.54589689E-06	-3.40818607E-05	-4.36051565E-05	 7.52456585E-06	 1.16873904E-04	 4.89343120E-04	 8.70170664E-04	-1.05414010E-03	-2.04534912E-03	 1.29883783E-03	 3.09689492E-06	-6.75323271E-06	-2.79691917E-05	-3.00585684E-05	-5.33842884E-06	 6.71632619E-05	 5.21897823E-04	 2.39330040E-04	-1.66795008E-03	 7.72542414E-04
 9.900000E-01	-6.85961667E-06	-3.46570453E-05	-4.65347697E-05	 2.84353911E-06	 1.11970815E-04	 4.94079017E-04	 8.87784401E-04	-1.03954415E-03	-2.04245287E-03	 1.26623516E-03	 3.57573825E-06	-6.41036682E-06	-2.86339601E-05	-3.16096378E-05	-8.20070714E-06	 6.50129871E-05	 5.29394116E-04	 2.44163370E-04	-1.66056273E-03	 7.59043313E-04
 9.910000E-01	-6.12164901E-06	-3.51899132E-05	-4.94806328E-05	-1.95826075E-06	 1.06836807E-04	 4.98844130E-04	 9.05889606E-04	-1.02516260E-03	-2.04015271E-03	 1.23442872E-03	 4.06922911E-06	-6.04543041E-06	-2.92894278E-05	-3.31831700E-05	-1.11584703E-05	 6.27601068E-05	 5.37184614E-04	 2.49078209E-04	-1.65376212E-03	 7.45997282E-04
 9.920000E-01	-5.32892450E-06	-3.56796023E-05	-5.24439911E-05	-6.89369293E-06	 1.01467466E-04	 5.03698261E-04	 9.24481885E-04	-1.01113590E-03	-2.03835568E-03	 1.20344921E-03	 4.57936545E-06	-5.65819731E-06	-2.99345707E-05	-3.47835506E-05	-1.42231829E-05	 6.04222889E-05	 5.45317983E-04	 2.53967097E-04	-1.64752393E-03	 7.33459970E-04
 9.930000E-01	-4.48045587E-06	-3.61249886E-05	-5.54251524E-05	-1.19657864E-05	 9.58536768E-05	 5.08645944E-04	 9.43576214E-04	-9.97457145E-04	-2.03707060E-03	 1.17327952E-03	 5.10632110E-06	-5.24776116E-06	-3.05696601E-05	-3.64101839E-05	-1.74006555E-05	 5.79985702E-05	 5.53802266E-04	 2.58833183E-04	-1.64185010E-03	 7.21425500E-04
 9.940000E-01	-3.57999143E-06	-3.65243663E-05	-5.84204122E-05	-1.71585582E-05	 8.99785246E-05	 5.13588841E-04	 9.63219848E-04	-9.83872648E-04	-2.03645944E-03	 1.14381060E-03	 5.64720764E-06	-4.81268997E-06	-3.11963204E-05	-3.80545459E-05	-2.06839164E-05	 5.54492613E-05	 5.62579762E-04	 2.63863976E-04	-1.63677658E-03	 7.09777689E-04
 9.950000E-01	-2.63208504E-06	-3.68750338E-05	-6.14225256E-05	-2.24483699E-05	 8.38251490E-05	 5.18393269E-04	 9.83448706E-04	-9.70055679E-04	-2.03670442E-03	 1.11490242E-03	 6.19842845E-06	-4.35129769E-06	-3.18153603E-05	-3.97042874E-05	-2.40612552E-05	 5.27249681E-05	 5.71561815E-04	 2.69294957E-04	-1.63233654E-03	 6.98370622E-04
 9.960000E-01	-1.63754152E-06	-3.71736639E-05	-6.44222885E-05	-2.78202998E-05	 7.73911008E-05	 5.22997194E-04	 1.00423296E-03	-9.55870043E-04	-2.03784776E-03	 1.08650195E-03	 6.75864334E-06	-3.86321802E-06	-3.24255429E-05	-4.13511083E-05	-2.75279996E-05	 4.98144247E-05	 5.80687629E-04	 2.75218207E-04	-1.62852558E-03	 6.87143867E-04
 9.970000E-01	-5.91943365E-07	-3.74163761E-05	-6.74112510E-05	-3.32744551E-05	 7.06823223E-05	 5.27417576E-04	 1.02550126E-03	-9.41377576E-04	-2.03981144E-03	 1.05865506E-03	 7.32981527E-06	-3.34858925E-06	-3.30232224E-05	-4.29927228E-05	-3.10894823E-05	 4.67411159E-05	 5.89937843E-04	 2.81580485E-04	-1.62531678E-03	 6.76135971E-04
 9.980000E-01	 5.09885772E-07	-3.75986785E-05	-7.03819662E-05	-3.88149987E-05	 6.37021299E-05	 5.31680611E-04	 1.04719923E-03	-9.26670035E-04	-2.04252133E-03	 1.03142742E-03	 7.91395816E-06	-2.80791567E-06	-3.36047367E-05	-4.46303912E-05	-3.47528614E-05	 4.35274321E-05	 5.99315089E-04	 2.88317137E-04	-1.62269407E-03	 6.65393629E-04
 9.990000E-01	 1.66961564E-06	-3.77171411E-05	-7.33257550E-05	-4.44350382E-05	 5.64558824E-05	 5.35781894E-04	 1.06928689E-03	-9.11794452E-04	-2.04593059E-03	 1.00485511E-03	 8.51189447E-06	-2.24127972E-06	-3.41668017E-05	-4.62633540E-05	-3.85180127E-05	 4.01746928E-05	 6.08815973E-04	 2.95403607E-04	-1.62064353E-03	 6.54931693E-04
 1.000000E+00	 2.26868840E-06	-3.77729532E-05	-7.48269321E-05	-4.73089218E-05	 5.27116489E-05	 5.37981920E-04	 1.08106956E-03	-9.04687665E-04	-2.04882503E-03	 9.92486254E-04	 8.81939699E-06	-1.94839197E-06	-3.44556734E-05	-4.70993508E-05	-4.04662298E-05	 3.84202933E-05	 6.13920042E-04	 2.99268736E-04	-1.62065932E-03	 6.50253964E-04
