r	R  6/ 3	R  7/ 3	R  8/ 3	R  9/ 3	R 10/ 3	R 11/ 3	R 12/ 3	R 13/ 3	R 14/ 3	R 15/ 3	I  6/ 3	I  7/ 3	I  8/ 3	I  9/ 3	I 10/ 3	I 11/ 3	I 12/ 3	I 13/ 3	I 14/ 3	I 15/ 3
 0.000000E+00	 0.00000000E+00	 0.00000000E+00	 0.00000000E+00	 0.00000000E+00	 0.00000000E+00	 0.00000000E+00	 0.00000000E+00	 0.00000000E+00	 0.00000000E+00	 0.00000000E+00	 0.00000000E+00	 0.00000000E+00	 0.00000000E+00	 0.00000000E+00	 0.00000000E+00	 0.00000000E+00	 0.00000000E+00	 0.00000000E+00	 0.00000000E+00	 0.00000000E+00
 1.000000E-03	-2.23930717E-11	-1.17962084E-13	 2.93686584E-13	-5.50647790E-14	-2.06896617E-14	 2.39745517E-14	 3.28731118E-15	-1.08069863E-14	-1.25722635E-15	 5.87290904E-15	 5.60748219E-12	-4.45425019E-14	-4.92125437E-14	-1.05855168E-14	 1.03795199E-14	 6.10565974E-15	-2.16772448E-15	-1.02331838E-15	 5.14779516E-16	 4.04171319E-16
 2.000000E-03	-2.65132929E-10	-6.53697018E-12	 3.69448476E-12	-9.59938556E-14	-1.59438108E-13	 2.14117864E-13	 2.71112822E-14	-7.43825656E-14	-6.75851202E-15	 2.98603461E-14	 6.54704881E-11	-1.20895189E-12	-6.46537644E-13	 5.61562630E-14	 2.00528001E-13	 1.20679973E-13	-1.73769634E-14	-1.82524037E-14	 3.17656108E-15	-5.15207820E-15
 3.000000E-03	-1.58611613E-09	-7.02419388E-11	 2.06450670E-11	 1.10689758E-12	-1.05314186E-12	 1.09531105E-12	 1.58926264E-13	-3.94995377E-13	-2.33508429E-14	 1.47808498E-13	 3.87379269E-10	-8.59521329E-12	-3.82466079E-12	 1.55236129E-12	 1.54293217E-12	 8.68667538E-13	-1.14623466E-13	-2.57924471E-13	 1.47782226E-14	 6.09322468E-14
 4.000000E-03	-6.47923622E-09	-4.00262399E-10	 7.48646675E-11	 9.16982343E-12	-5.44015103E-12	 3.78063855E-12	 9.01186935E-13	-1.48612722E-12	-1.17445906E-13	 5.74115768E-13	 1.57001946E-09	-2.91948835E-11	-1.12440859E-11	 1.24851944E-11	 7.19780888E-12	 3.01427393E-12	-6.05323267E-13	-1.21796842E-12	 7.77877511E-14	 4.44924901E-13
 5.000000E-03	-2.05661515E-08	-1.58920438E-09	 2.01247366E-10	 4.06474968E-11	-2.10401011E-11	 9.77164664E-12	 3.89033609E-12	-4.22469888E-12	-5.45797649E-13	 1.71422786E-12	 4.96729835E-09	-3.59645118E-11	-9.79695744E-12	 6.04619074E-11	 2.45002968E-11	 6.07689835E-12	-2.41147806E-12	-3.47678279E-12	 3.35977097E-13	 1.56553055E-12
 6.000000E-03	-5.45351453E-08	-4.98406000E-09	 4.19240126E-10	 1.33146865E-10	-6.47572444E-11	 2.00533655E-11	 1.29655807E-11	-9.74473959E-12	-1.95697930E-12	 4.19030001E-12	 1.31915528E-08	 1.49529857E-10	 6.98827795E-11	 2.16061452E-10	 6.77890987E-11	 5.45600336E-12	-7.63236073E-12	-7.07356580E-12	 1.13928106E-12	 3.87940595E-12
 7.000000E-03	-1.26441746E-07	-1.32322754E-08	 6.57595749E-10	 3.59003178E-10	-1.67638665E-10	 3.34060736E-11	 3.55697944E-11	-1.90894704E-11	-5.66046230E-12	 8.77241750E-12	 3.07495987E-08	 1.10690731E-09	 4.42504119E-10	 6.31066640E-10	 1.62933511E-10	-1.13406490E-11	-2.03378914E-11	-1.05406031E-11	 3.18996989E-12	 7.66833037E-12
 8.000000E-03	-2.64299666E-07	-3.10310634E-08	 6.00731294E-10	 8.42590115E-10	-3.79288086E-10	 4.41324473E-11	 8.44741146E-11	-3.26529045E-11	-1.39721350E-11	 1.63161477E-11	 6.47937521E-08	 4.24625944E-09	 1.63206095E-09	 1.59935326E-09	 3.54648533E-10	-6.87428502E-11	-4.76473730E-11	-9.56902204E-12	 7.74642142E-12	 1.25934190E-11
 9.000000E-03	-5.08907931E-07	-6.61060726E-08	-5.76805368E-10	 1.78139347E-09	-7.69756216E-10	 3.94586026E-11	 1.79799976E-10	-4.92984188E-11	-3.06320695E-11	 2.74005781E-11	 1.25963425E-07	 1.24592891E-08	 4.74415267E-09	 3.65261957E-09	 7.17900783E-10	-2.06614486E-10	-1.01148940E-10	 4.39337973E-12	 1.68824162E-11	 1.73562635E-11
 1.000000E-02	-9.16875996E-07	-1.30444107E-07	-4.62339386E-09	 3.47076738E-09	-1.42620872E-09	-2.94938367E-12	 3.51296301E-10	-6.54934352E-11	-6.13535640E-11	 4.23267300E-11	 2.29289298E-07	 3.10299121E-08	 1.18855454E-08	 7.70854364E-09	 1.37513332E-09	-4.82638940E-10	-1.98761040E-10	 4.59037510E-11	 3.38521821E-11	 1.89143432E-11
 1.100000E-02	-1.56382141E-06	-2.41804087E-07	-1.48072321E-08	 6.33190472E-09	-2.44092321E-09	-1.17242517E-10	 6.40681264E-10	-7.38605095E-11	-1.14420791E-10	 6.01783404E-11	 3.95130104E-07	 6.88374692E-08	 2.67741220E-08	 1.52944909E-08	 2.52164622E-09	-9.72332882E-10	-3.67028568E-10	 1.36868475E-10	 6.35439500E-11	 1.20968613E-11
 1.200000E-02	-2.54772295E-06	-4.25531058E-07	-3.67330622E-08	 1.09414770E-08	-3.88650767E-09	-3.50535579E-10	 1.10394539E-09	-6.23852157E-11	-2.01555531E-10	 7.92559757E-11	 6.50110684E-07	 1.39880936E-07	 5.55854809E-08	 2.88764007E-08	 4.46247714E-09	-1.76636240E-09	-6.43944273E-10	 3.08338431E-10	 1.13096784E-10	-1.13413526E-11
 1.300000E-02	-3.99241599E-06	-7.16700106E-07	-7.94140082E-08	 1.80604669E-08	-5.77359040E-09	-7.63364298E-10	 1.81300728E-09	-1.22326310E-11	-3.38668714E-10	 9.51548922E-11	 1.02802838E-06	 2.65147640E-07	 1.08084366E-07	 5.23276480E-08	 7.66527778E-09	-2.96297808E-09	-1.08211189E-09	 6.01310231E-10	 1.92705439E-10	-6.34062595E-11
 1.400000E-02	-6.05121792E-06	-1.16262033E-06	-1.56633354E-07	 2.86570003E-08	-7.98605064E-09	-1.42733151E-09	 2.85679265E-09	 1.02396604E-10	-5.47117870E-10	 1.01966007E-10	 1.57069232E-06	 4.74843531E-07	 1.99090017E-07	 9.15799268E-08	 1.28355837E-08	-4.65564215E-09	-1.75219419E-09	 1.06780414E-09	 3.16544876E-10	-1.60176818E-10
 1.500000E-02	-8.91066991E-06	-1.82573428E-06	-2.88631241E-07	 4.39168539E-08	-1.01882322E-08	-2.42179066E-09	 4.34035854E-09	 3.17317004E-10	-8.54462217E-10	 8.93098358E-11	 2.32865678E-06	 8.10995584E-07	 3.50324562E-07	 1.55501660E-07	 2.10227721E-08	-6.91230102E-09	-2.74634005E-09	 1.77095058E-09	 5.04153815E-10	-3.23610717E-10
 1.600000E-02	-1.27943795E-05	-2.78695399E-06	-5.04152596E-07	 6.52296523E-08	-1.16993650E-08	-3.82493191E-09	 6.38287974E-09	 6.77236910E-10	-1.29596625E-09	 4.39599482E-11	 3.36180547E-06	 1.33042709E-06	 5.92692995E-07	 2.57057764E-07	 3.37680056E-08	-9.74629961E-09	-4.18101912E-09	 2.78406667E-09	 7.81622640E-10	-5.79804349E-10
 1.700000E-02	-1.79669474E-05	-4.14948334E-06	-8.42894926E-07	 9.41387291E-08	-1.13291532E-08	-5.70395946E-09	 9.11196105E-09	 1.23932606E-09	-1.91511992E-09	-5.30416737E-11	 4.73973938E-06	 2.10809847E-06	 9.69042148E-07	 4.14805314E-07	 5.33083477E-08	-1.30742025E-08	-6.19934986E-09	 4.19046966E-09	 1.18369738E-09	-9.62773892E-10
 1.800000E-02	-2.47379594E-05	-6.04318317E-06	-1.35839843E-06	 1.32231869E-07	-7.17107834E-09	-8.09576850E-09	 1.26564299E-08	 2.07063262E-09	-2.76488612E-09	-2.26079214E-10	 6.54191517E-06	 3.24079196E-06	 1.53744458E-06	 6.54789314E-07	 8.28549694E-08	-1.66584725E-08	-8.97109771E-09	 6.07896923E-09	 1.75516444E-09	-1.50980387E-09
 1.900000E-02	-3.34660282E-05	-8.62954728E-06	-2.12142578E-06	 1.80953615E-07	 3.65293127E-09	-1.09869441E-08	 1.71338213E-08	 3.25084145E-09	-3.90775702E-09	-5.04791654E-10	 8.85747793E-06	 4.85110972E-06	 2.37505112E-06	 1.01290057E-06	 1.26967832E-07	-2.00308037E-08	-1.26918502E-08	 8.54404509E-09	 2.55331608E-09	-2.26657290E-09
 2.000000E-02	-4.45628653E-05	-1.21073622E-05	-3.22388495E-06	 2.41300900E-07	 2.52971631E-08	-1.42799537E-08	 2.26359725E-08	 4.86891373E-09	-5.41599945E-09	-9.28699259E-10	 1.17847263E-05	 7.09173572E-06	 3.58255335E-06	 1.53776735E-06	 1.92052332E-07	-2.23881126E-08	-1.75774332E-08	 1.16767833E-08	 3.64980188E-09	-3.28108950E-09
 2.100000E-02	-5.84973711E-05	-1.67191391E-05	-4.78335610E-06	 3.13373695E-07	 6.35520910E-08	-1.77586068E-08	 2.92084471E-08	 7.02242597E-09	-7.37098849E-09	-1.53879226E-09	 1.54301465E-05	 1.01499033E-05	 5.28929332E-06	 2.29424954E-06	 2.87010884E-07	-2.24608743E-08	-2.38572929E-08	 1.55648534E-08	 5.13199674E-09	-4.60701728E-09
 2.200000E-02	-7.57997279E-05	-2.27584028E-05	-6.94829120E-06	 3.95722716E-07	 1.26255929E-07	-2.10361253E-08	 3.68271490E-08	 9.81578358E-09	-9.86200294E-09	-2.39248556E-09	 1.99069451E-05	 1.42519853E-05	 7.65905367E-06	 3.36760816E-06	 4.24082338E-07	-1.83357558E-08	-3.17610639E-08	 2.02790726E-08	 7.10642002E-09	-6.30069754E-09
 2.300000E-02	-9.70654853E-05	-3.05779447E-05	-9.90396550E-06	 4.84453888E-07	 2.23761122E-07	-2.35024064E-08	 4.53691031E-08	 1.33507094E-08	-1.29842083E-08	-3.54197805E-09	 2.53330130E-05	 1.96681172E-05	 1.08965542E-05	 4.86842605E-06	 6.19914929E-07	-7.23789128E-09	-4.15029190E-08	 2.58712594E-08	 9.69601599E-09	-8.41607520E-09
 2.400000E-02	-1.22959622E-04	-4.05991330E-05	-1.38792691E-05	 5.72005816E-07	 3.69446072E-07	-2.42549994E-08	 5.45785701E-08	 1.77298564E-08	-1.68367481E-08	-5.06241802E-09	 3.18282425E-05	 2.67167344E-05	 1.52546741E-05	 6.93834714E-06	 8.96912337E-07	 1.47579048E-08	-5.32595350E-08	 3.23584505E-08	 1.30474365E-08	-1.10133415E-08
 2.500000E-02	-1.54220576E-04	-5.33223964E-05	-1.91544397E-05	 6.45545559E-07	 5.80268681E-07	-2.20265810E-08	 6.40287183E-08	 2.30328093E-08	-2.15176529E-08	-7.01571215E-09	 3.95111223E-05	 3.57688965E-05	 2.10424065E-05	 9.75671446E-06	 1.28491221E-06	 5.30737674E-08	-6.71413637E-08	 3.97119817E-08	 1.73197275E-08	-1.41378170E-08
 2.600000E-02	-1.91664217E-04	-6.93389727E-05	-2.60698478E-05	 6.84869632E-07	 8.77344721E-07	-1.51062652E-08	 7.30763956E-08	 2.93290411E-08	-2.71241797E-08	-9.48984837E-09	 4.84945260E-05	 4.72522428E-05	 2.86335424E-05	 1.35481584E-05	 1.82324283E-06	 1.15076770E-07	-8.31641247E-08	 4.78432518E-08	 2.26984427E-08	-1.78474738E-08
 2.700000E-02	-2.36187746E-04	-8.93440424E-05	-3.50359606E-05	 6.59732536E-07	 1.28653454E-06	-1.25325169E-09	 8.08132851E-08	 3.66330567E-08	-3.37411148E-08	-1.25561283E-08	 5.88806107E-05	 6.16544040E-05	 3.84760591E-05	 1.85912191E-05	 2.56322934E-06	 2.10612511E-07	-1.01201803E-07	 5.65751939E-08	 2.93711760E-08	-2.21704549E-08
 2.800000E-02	-2.88773479E-04	-1.14151320E-04	-4.65446223E-05	 5.26459968E-07	 1.83901289E-06	 2.23717773E-08	 8.60100538E-08	 4.49297681E-08	-4.14492083E-08	-1.63048042E-08	 7.07547315E-05	 7.95256822E-05	 5.11021780E-05	 2.52280269E-05	 3.57120281E-06	 3.52670976E-07	-1.20957253E-07	 6.56325143E-08	 3.75500735E-08	-2.71561934E-08
 2.900000E-02	-3.50492494E-04	-1.44709215E-04	-6.11818021E-05	 2.23734702E-07	 2.57178517E-06	 5.92883039E-08	 8.70539778E-08	 5.41048047E-08	-5.03009024E-08	-2.08207585E-08	 8.41782779E-05	 1.01480765E-04	 6.71390203E-05	 3.38751223E-05	 4.93208857E-06	 5.58180282E-07	-1.41891079E-07	 7.45864079E-08	 4.74324795E-08	-3.28082651E-08
 3.000000E-02	-4.22508045E-04	-1.82118606E-04	-7.96419759E-05	-3.32614754E-07	 3.52811461E-06	 1.13717004E-07	 8.18860758E-08	 6.39825014E-08	-6.03459160E-08	-2.61794635E-08	 9.91803321E-05	 1.28199254E-04	 8.73197777E-05	 4.50354033E-05	 6.75364075E-06	 8.48960208E-07	-1.63199858E-07	 8.28481458E-08	 5.92284947E-08	-3.91647499E-08
 3.100000E-02	-5.06078729E-04	-2.27652306E-04	-1.02744315E-04	-1.25598150E-06	 4.75779792E-06	 1.90621282E-07	 6.79203273E-08	 7.42361785E-08	-7.15857291E-08	-3.24895607E-08	 1.15748039E-04	 1.60424709E-04	 1.12495264E-04	 5.93112613E-05	 9.17138787E-06	 1.25285920E-06	-1.83717031E-07	 8.95764454E-08	 7.31111070E-08	-4.62004817E-08
 3.200000E-02	-6.02561237E-04	-2.82776235E-04	-1.31450876E-04	-2.69670835E-06	 6.31723818E-06	 2.95606160E-07	 4.19815681E-08	 8.44157643E-08	-8.40282135E-08	-3.98065060E-08	 1.33815588E-04	 1.98961965E-04	 1.43645701E-04	 7.74188761E-05	 1.23543847E-05	 1.80509271E-06	-2.01907506E-07	 9.36893229E-08	 8.92377471E-08	-5.39272504E-08
 3.300000E-02	-7.13412632E-04	-3.49172331E-04	-1.66886973E-04	-4.85139582E-06	 8.26923357E-06	 4.34853529E-07	 2.06895594E-10	 9.38744774E-08	-9.76058413E-08	-4.82659542E-08	 1.53251641E-04	 2.44672349E-04	 1.81892511E-04	 1.00203674E-04	 1.65117952E-05	 2.54981829E-06	-2.15741529E-07	 9.36995987E-08	 1.07702732E-07	-6.23072819E-08
 3.400000E-02	-8.40191963E-04	-4.28763117E-04	-2.10363941E-04	-7.97396934E-06	 1.06823983E-05	 6.14835941E-07	-6.20022407E-08	 1.01783091E-07	-1.12279911E-07	-5.78794450E-08	 1.73845177E-04	 2.98466503E-04	 2.28509894E-04	 1.28656845E-04	 2.19004480E-05	 3.54191127E-06	-2.22716576E-07	 8.77216451E-08	 1.28529903E-07	-7.13465623E-08
 3.500000E-02	-9.84561095E-04	-5.23737891E-04	-2.63404480E-04	-1.23888512E-05	 1.36301232E-05	 8.42043003E-07	-1.50092402E-07	 1.07090572E-07	-1.27894558E-07	-6.88214603E-08	 1.95289562E-04	 3.61294375E-04	 2.84935861E-04	 1.63932919E-04	 2.88333237E-05	 4.84909332E-06	-2.19706762E-07	 7.32601419E-08	 1.51656395E-07	-8.09948226E-08
 3.600000E-02	-1.14828448E-03	-6.36580381E-04	-3.27770773E-04	-1.85063859E-05	 1.71889407E-05	 1.12238444E-06	-2.70376799E-07	 1.08502348E-07	-1.44373001E-07	-8.10582253E-08	 2.17164829E-04	 4.34132089E-04	 3.52782376E-04	 2.07368218E-04	 3.76891777E-05	 6.55424163E-06	-2.03016080E-07	 4.71879972E-08	 1.76855731E-07	-9.12769466E-08
 3.700000E-02	-1.33322769E-03	-7.70097716E-04	-4.05495559E-04	-2.68409744E-05	 2.14362224E-05	 1.46056940E-06	-4.30136617E-07	 1.04523317E-07	-1.61439321E-07	-9.48334625E-08	 2.38918019E-04	 5.17965164E-04	 4.33844194E-04	 2.60500094E-04	 4.89231555E-05	 8.75817259E-06	-1.68214151E-07	 5.50620103E-09	 2.03799575E-07	-1.02089996E-07
 3.800000E-02	-1.54135441E-03	-9.27450445E-04	-4.98916305E-04	-3.80320150E-05	 2.64469801E-05	 1.85906224E-06	-6.37594948E-07	 9.34008822E-08	-1.79005746E-07	-1.10062263E-07	 2.59841595E-04	 6.13767793E-04	 5.30105875E-04	 3.25086751E-04	 6.30786883E-05	 1.15825633E-05	-1.10218376E-07	-5.67577599E-08	 2.31846924E-07	-1.13557805E-07
 3.900000E-02	-1.77472153E-03	-1.11218326E-03	-6.10712626E-04	-5.28682244E-05	 3.22897581E-05	 2.31694366E-06	-9.01963380E-07	 7.33044142E-08	-1.96614156E-07	-1.27106079E-07	 2.79049831E-04	 7.22477575E-04	 6.43746458E-04	 4.03127361E-04	 8.08003847E-05	 1.51734558E-05	-2.31331618E-08	-1.45799469E-07	 2.60257061E-07	-1.25442217E-07
 4.000000E-02	-2.03547206E-03	-1.32825610E-03	-7.43947008E-04	-7.23153767E-05	 3.90212686E-05	 2.82824718E-06	-1.23334500E-06	 4.22386368E-08	-2.14212068E-07	-1.45818766E-07	 2.95453298E-04	 8.44965462E-04	 7.77141107E-04	 4.96882344E-04	 1.02848311E-04	 1.97048887E-05	 9.96549825E-08	-2.69224552E-07	 2.87748757E-07	-1.38103115E-07
 4.100000E-02	-2.32582548E-03	-1.58007495E-03	-9.02108935E-04	-9.75481040E-05	 4.66798162E-05	 3.38012098E-06	-1.64268173E-06	-1.54868230E-09	-2.31046215E-07	-1.66747213E-07	 3.07731384E-04	 9.82000235E-04	 9.32859076E-04	 6.08893166E-04	 1.30113189E-04	 2.53831020E-05	 2.65608253E-07	-4.36379822E-07	 3.12970876E-07	-1.51072996E-07
 4.200000E-02	-2.64806497E-03	-1.87252209E-03	-1.08916229E-03	-1.29985866E-04	 5.52770885E-05	 3.95023995E-06	-2.14152030E-06	-5.98037984E-08	-2.47149554E-07	-1.89793088E-07	 3.14303090E-04	 1.13420739E-03	 1.11365714E-03	 7.42001839E-04	 1.63633033E-04	 3.24511091E-05	 4.82965001E-07	-6.58359190E-07	 3.33694548E-07	-1.64973357E-07
 4.300000E-02	-3.00452113E-03	-2.21098477E-03	-1.30959608E-03	-1.71333728E-04	 6.47883751E-05	 4.50398881E-06	-2.74181058E-06	-1.33450636E-07	-2.61263600E-07	-2.15818662E-07	 3.13295881E-04	 1.30202177E-03	 1.32246760E-03	 8.99368926E-04	 2.04610529E-04	 4.11935615E-05	 7.60810096E-07	-9.48736886E-07	 3.47696656E-07	-1.79059066E-07
 4.400000E-02	-3.39755181E-03	-2.60138168E-03	-1.56847803E-03	-2.23627794E-04	 7.51408619E-05	 4.99088364E-06	-3.45534566E-06	-2.22824063E-07	-2.73484726E-07	-2.44678021E-07	 3.02513372E-04	 1.48563361E-03	 1.56237992E-03	 1.08449020E-03	 2.54431754E-04	 5.19421176E-05	 1.10903614E-06	-1.32325987E-06	 3.51367576E-07	-1.94469297E-07
 4.500000E-02	-3.82951743E-03	-3.05018604E-03	-1.87151101E-03	-2.89286111E-04	 8.61998026E-05	 5.34060029E-06	-4.29348998E-06	-3.26315775E-07	-2.81707814E-07	-2.77595067E-07	 2.79401741E-04	 1.68492784E-03	 1.83661496E-03	 1.30121069E-03	 3.14685408E-04	 6.50808825E-05	 1.53837378E-06	-1.80122601E-06	 3.41295358E-07	-2.10325694E-07
 4.600000E-02	-4.30275150E-03	-3.56444451E-03	-2.22509154E-03	-3.71164932E-04	 9.77526414E-05	 5.45798700E-06	-5.26595116E-06	-4.40842412E-07	-2.85919790E-07	-3.14444293E-07	 2.41015525E-04	 1.89941619E-03	 2.14849062E-03	 1.55373624E-03	 3.87183193E-04	 8.10527662E-05	 2.06047173E-06	-2.40418229E-06	 3.11956471E-07	-2.28236157E-07
 4.700000E-02	-4.81952553E-03	-4.15179051E-03	-2.63637010E-03	-4.72620935E-04	 1.09490337E-04	 5.21771120E-06	-6.38061463E-06	-5.59581205E-07	-2.82646161E-07	-3.56970632E-07	 1.83983109E-04	 2.12816241E-03	 2.50137780E-03	 1.84664111E-03	 4.73980275E-04	 1.00365411E-04	 2.68788474E-06	-3.15854313E-06	 2.58406935E-07	-2.47406062E-07
 4.800000E-02	-5.38200831E-03	-4.82045085E-03	-3.11331198E-03	-5.97579314E-04	 1.20986731E-04	 4.45755104E-06	-7.64107603E-06	-6.72916127E-07	-2.71289445E-07	-4.05222683E-07	 1.04472468E-04	 2.36969995E-03	 2.89864525E-03	 2.18487141E-03	 5.77396607E-04	 1.23598445E-04	 3.43441840E-06	-4.09258470E-06	 1.72585301E-07	-2.69680722E-07
 4.900000E-02	-5.99221843E-03	-5.57924407E-03	-3.66475817E-03	-7.50608256E-04	 1.31674386E-04	 2.97139511E-06	-9.04689261E-06	-7.64752735E-07	-2.46208252E-07	-4.61579638E-07	-1.84205336E-06	 2.62194334E-03	 3.34359219E-03	 2.57374332E-03	 7.00037701E-04	 1.51409923E-04	 4.31508145E-06	-5.24088591E-06	 4.76994032E-08	-2.94834024E-07
 5.000000E-02	-6.65197062E-03	-6.43756901E-03	-4.30048464E-03	-9.36999465E-04	 1.40818765E-04	 5.00568967E-07	-1.05890899E-05	-8.14244456E-07	-2.05270655E-07	-5.26311085E-07	-1.39811631E-04	 2.88209219E-03	 3.83936710E-03	 3.01893477E-03	 8.44815866E-04	 1.84544092E-04	 5.34694831E-06	-6.63902873E-06	-1.27498138E-07	-3.24781324E-07
 5.100000E-02	-7.36281397E-03	-7.40538236E-03	-5.03125835E-03	-1.16285564E-03	 1.47488458E-04	-3.27538452E-06	-1.22510997E-05	-7.90349627E-07	-1.39379327E-07	-6.02643835E-07	-3.14841924E-04	 3.14653049E-03	 4.38887178E-03	 3.52647115E-03	 1.01497014E-03	 2.23838905E-04	 6.54919700E-06	-8.32976307E-06	-3.61740172E-07	-3.60235652E-07
 5.200000E-02	-8.12596399E-03	-8.49316191E-03	-5.86888870E-03	-1.43518236E-03	 1.50524162E-04	-8.74814890E-06	-1.40012881E-05	-6.53055579E-07	-4.32049208E-08	-6.89372704E-07	-5.32918592E-04	 3.41071918E-03	 4.99464878E-03	 4.10270024E-03	 1.21408622E-03	 2.70232326E-04	 7.94499311E-06	-1.03568323E-05	-6.69836028E-07	-4.04647765E-07
 5.300000E-02	-8.94222838E-03	-9.71185373E-03	-6.82627132E-03	-1.76198600E-03	 1.48503367E-04	-1.63910579E-05	-1.57952526E-05	-3.45516986E-07	 9.75305662E-08	-7.89094608E-07	-8.00624384E-04	 3.66908679E-03	 5.65875297E-03	 4.75426022E-03	 1.44611435E-03	 3.24770824E-04	 9.56175820E-06	-1.27716774E-05	-1.06199569E-06	-4.60642666E-07
 5.400000E-02	-9.81192421E-03	-1.10728041E-02	-7.91742409E-03	-2.15237778E-03	 1.39703414E-04	-2.67718062E-05	-1.75649918E-05	 2.01509247E-07	 2.93379907E-07	-9.00136802E-07	-1.12515234E-03	 3.91491738E-03	 6.38260427E-03	 5.48803631E-03	 1.71538781E-03	 3.88616412E-04	 1.14358227E-05	-1.56236860E-05	-1.55583448E-06	-5.31537096E-07
 5.500000E-02	-1.07347886E-02	-1.25876720E-02	-9.15750918E-03	-2.61668330E-03	 1.22061668E-04	-4.05657636E-05	-1.92224988E-05	 1.08098552E-06	 5.65946335E-07	-1.02586818E-06	-1.51430908E-03	 4.14023858E-03	 7.16682231E-03	 6.31110779E-03	 2.02663739E-03	 4.63056663E-04	 1.36123377E-05	-1.89678645E-05	-2.16173328E-06	-6.20276198E-07
 5.600000E-02	-1.17098821E-02	-1.42683216E-02	-1.05628424E-02	-3.16655515E-03	 9.31331761E-05	-5.85696220E-05	-2.06450535E-05	 2.40370940E-06	 9.33605679E-07	-1.16402511E-06	-1.97650895E-03	 4.33571198E-03	 8.01104156E-03	 7.23068042E-03	 2.38500729E-03	 5.49509880E-04	 1.61543318E-05	-2.28538610E-05	-2.89836808E-06	-7.30313233E-07
 5.700000E-02	-1.27354868E-02	-1.61266923E-02	-1.21508817E-02	-3.81509102E-03	 5.00474699E-05	-8.17178843E-05	-2.16804818E-05	 4.31337730E-06	 1.42779824E-06	-1.31796506E-06	-2.52075568E-03	 4.49052703E-03	 8.91370805E-03	 8.25400731E-03	 2.79606548E-03	 6.49536679E-04	 1.91419488E-05	-2.73331590E-05	-3.77420277E-06	-8.65067729E-07
 5.800000E-02	-1.38089979E-02	-1.81746460E-02	-1.39401966E-02	-4.57695184E-03	-1.05387486E-05	-1.11096708E-04	-2.21286845E-05	 6.97904666E-06	 2.07749493E-06	-1.48355522E-06	-3.15660949E-03	 4.59230470E-03	 9.87185703E-03	 9.38829308E-03	 3.26581663E-03	 7.64842981E-04	 2.26884837E-05	-3.24471188E-05	-4.80559569E-06	-1.02939214E-06
 5.900000E-02	-1.49268142E-02	-2.04237884E-02	-1.59504097E-02	-5.46848401E-03	-9.24866688E-05	-1.47964150E-04	-2.17488937E-05	 1.06137328E-05	 2.92646856E-06	-1.66275082E-06	-3.89413847E-03	 4.62700881E-03	 1.08808741E-02	 1.06405834E-02	 3.80070854E-03	 8.97293083E-04	 2.69385597E-05	-3.82322107E-05	-5.99585174E-06	-1.22692884E-06
 6.000000E-02	-1.60842229E-02	-2.28852667E-02	-1.82021107E-02	-6.50783873E-03	-2.00227168E-04	-1.93763320E-04	-2.02382438E-05	 1.54650037E-05	 4.01678276E-06	-1.84909388E-06	-4.74384910E-03	 4.57887686E-03	 1.19342400E-02	 1.20176376E-02	 4.40764264E-03	 1.04891084E-03	 3.20945729E-05	-4.47066683E-05	-7.35327468E-06	-1.46401912E-06
 6.100000E-02	-1.72752894E-02	-2.55695382E-02	-2.07167366E-02	-7.71509104E-03	-3.38807018E-04	-2.50145575E-04	-1.72422701E-05	 2.18380259E-05	 5.40598509E-06	-2.04061299E-06	-5.71659786E-03	 4.43036277E-03	 1.30232630E-02	 1.35257805E-02	 5.09397744E-03	 1.22189203E-03	 3.84127378E-05	-5.18747513E-05	-8.87186910E-06	-1.74486877E-06
 6.200000E-02	-1.84927424E-02	-2.84861214E-02	-2.35164162E-02	-9.11236106E-03	-5.13945726E-04	-3.18989556E-04	-1.23323559E-05	 3.00751711E-05	 7.15034602E-06	-2.23805274E-06	-6.82347961E-03	 4.16211135E-03	 1.41367990E-02	 1.51707446E-02	 5.86753706E-03	 1.41861019E-03	 4.62431896E-05	-5.97037764E-05	-1.05444631E-05	-2.07027228E-06
 6.300000E-02	-1.97278539E-02	-3.16433254E-02	-2.66237723E-02	-1.07239373E-02	-7.32081197E-04	-4.02437981E-04	-5.01913979E-06	 4.05786763E-05	 9.32189604E-06	-2.44700125E-06	-8.07570866E-03	 3.75294574E-03	 1.52609608E-02	 1.69574834E-02	 6.73661481E-03	 1.64162940E-03	 5.60239746E-05	-6.81301673E-05	-1.23512719E-05	-2.44003548E-06
 6.400000E-02	-2.09703356E-02	-3.50479520E-02	-3.00616755E-02	-1.25763826E-02	-1.00042749E-03	-5.02905596E-04	 5.27173906E-06	 5.38027427E-05	 1.19926375E-05	-2.67043771E-06	-9.48446029E-03	 3.17989476E-03	 1.63788235E-02	 1.88899666E-02	 7.70997595E-03	 1.89370040E-03	 6.83326168E-05	-7.70407274E-05	-1.42635329E-05	-2.85780450E-06
 6.500000E-02	-2.22082403E-02	-3.87049778E-02	-3.38529518E-02	-1.46986383E-02	-1.32701943E-03	-6.23121842E-04	 1.91806124E-05	 7.02723053E-05	 1.52497241E-05	-2.90970264E-06	-1.10606949E-02	 2.41824838E-03	 1.74701353E-02	 2.09709479E-02	 8.79686599E-03	 2.17777302E-03	 8.38812696E-05	-8.62741303E-05	-1.62442825E-05	-3.32740311E-06
 6.600000E-02	-2.34278785E-02	-4.26172245E-02	-3.80200338E-02	-1.71221167E-02	-1.72077388E-03	-7.66138255E-04	 3.74352410E-05	 9.05775438E-05	 1.91806565E-05	-3.16599035E-06	-1.28149518E-02	 1.44165847E-03	 1.85110297E-02	 2.32017175E-02	 1.00070100E-02	 2.49699178E-03	 1.03580602E-04	-9.55963619E-05	-1.82360800E-05	-3.85722977E-06
 6.700000E-02	-2.46137510E-02	-4.67850122E-02	-4.25845588E-02	-1.98807816E-02	-2.19153220E-03	-9.35381917E-04	 6.08258697E-05	 1.15381137E-04	 2.38872693E-05	-3.43848111E-06	-1.47571195E-02	 2.22281588E-04	 1.94737596E-02	 2.55818252E-02	 1.13506306E-02	 2.85470924E-03	 1.28539484E-04	-1.04696704E-04	-2.01802913E-05	-4.45136484E-06
 6.800000E-02	-2.57485029E-02	-5.12058138E-02	-4.75669039E-02	-2.30112179E-02	-2.75012651E-03	-1.13466076E-03	 9.02191343E-05	 1.45422108E-04	 2.94708029E-05	-3.73074277E-06	-1.68961825E-02	-1.26902916E-03	 2.03264452E-02	 2.81087881E-02	 1.28384453E-02	 3.25448004E-03	 1.60138003E-04	-1.13158874E-04	-2.19836500E-05	-5.11923445E-06
 6.900000E-02	-2.68129007E-02	-5.58739057E-02	-5.29856650E-02	-2.65526799E-02	-3.40842134E-03	-1.36823123E-03	 1.26525901E-04	 1.81502118E-04	 3.60463853E-05	-4.04859370E-06	-1.92399456E-02	-3.06247625E-03	 2.10328592E-02	 3.07777674E-02	 1.44816979E-02	 3.70007409E-03	 2.00034768E-04	-1.20452104E-04	-2.35624497E-05	-5.86108090E-06
 7.000000E-02	-2.77858403E-02	-6.07800317E-02	-5.88570661E-02	-3.05471285E-02	-4.17938477E-03	-1.64080022E-03	 1.70703610E-04	 2.24508855E-04	 4.37267718E-05	-4.40153416E-06	-2.17947434E-02	-5.18901871E-03	 2.15522437E-02	 3.35812321E-02	 1.62921521E-02	 4.19546884E-03	 2.50242274E-04	-1.25898284E-04	-2.47836200E-05	-6.68712304E-06
 7.100000E-02	-2.86443811E-02	-6.59110886E-02	-6.51943120E-02	-3.50392424E-02	-5.07712693E-03	-1.95761582E-03	 2.23717259E-04	 2.75362714E-04	 5.26413640E-05	-4.81669113E-06	-2.45651382E-02	-7.68000267E-03	 2.18391784E-02	 3.65085941E-02	 1.82821366E-02	 4.74486377E-03	 3.13143808E-04	-1.28656720E-04	-2.55392537E-05	-7.59351103E-06
 7.200000E-02	-2.93637619E-02	-7.12498480E-02	-7.20068296E-02	-4.00764530E-02	-6.11696277E-03	-2.32451506E-03	 2.86533103E-04	 3.35024073E-04	 6.29209058E-05	-5.36188087E-06	-2.75536232E-02	-1.05667394E-02	 2.18434927E-02	 3.95458399E-02	 2.04645314E-02	 5.35269555E-03	 3.91567209E-04	-1.27663628E-04	-2.56545648E-05	-8.57286696E-06
 7.300000E-02	-2.99174697E-02	-7.67746753E-02	-7.92994857E-02	-4.57088669E-02	-7.31550241E-03	-2.74799675E-03	 3.60016864E-04	 4.04463389E-04	 7.46846404E-05	-6.07636580E-06	-3.07602926E-02	-1.38800201E-02	 2.15102714E-02	 4.26750876E-02	 2.28528498E-02	 6.02361604E-03	 4.88837667E-04	-1.21663812E-04	-2.49816521E-05	-9.64772265E-06
 7.400000E-02	-3.02774640E-02	-8.24592921E-02	-8.70717940E-02	-5.19891625E-02	-8.69075415E-03	-3.23517705E-03	 4.44913423E-04	 4.84784212E-04	 8.80465008E-05	-6.92988221E-06	-3.41824940E-02	-1.76496197E-02	 2.07799623E-02	 4.58741104E-02	 2.54612237E-02	 6.76241879E-03	 6.08814641E-04	-1.09201284E-04	-2.32961429E-05	-1.08967459E-05
 7.500000E-02	-3.04144234E-02	-8.82726386E-02	-9.53170387E-02	-5.89724415E-02	-1.02621707E-02	-3.79388526E-03	 5.41783130E-04	 5.77090301E-04	 1.03134649E-04	-7.87941692E-06	-3.78144670E-02	-2.19036593E-02	 1.95885852E-02	 4.91159032E-02	 2.83045104E-02	 7.57406198E-03	 7.55967795E-04	-8.85687051E-05	-2.04094673E-05	-1.23863314E-05
 7.600000E-02	-3.02979952E-02	-9.41787895E-02	-1.04021351E-01	-6.67161147E-02	-1.20507742E-02	-4.43269926E-03	 6.50941743E-04	 6.82567025E-04	 1.20081088E-04	-8.86007788E-06	-4.16470161E-02	-2.66679731E-02	 1.78680579E-02	 5.23682051E-02	 3.13982941E-02	 8.46363395E-03	 9.35397104E-04	-5.77628147E-05	-1.60406424E-05	-1.42048505E-05
 7.700000E-02	-2.98971341E-02	-1.00136977E-01	-1.13162768E-01	-7.52796540E-02	-1.40792357E-02	-5.16103605E-03	 7.72370458E-04	 8.02316686E-04	 1.39042184E-04	-9.83549768E-06	-4.56671662E-02	-3.19653804E-02	 1.55466474E-02	 5.55930261E-02	 3.47590303E-02	 9.43636613E-03	 1.15295023E-03	-1.44322965E-05	-9.93562913E-06	-1.63878155E-05
 7.800000E-02	-2.91804768E-02	-1.06101672E-01	-1.22710270E-01	-8.47243767E-02	-1.63720492E-02	-5.98918478E-03	 9.05603404E-04	 9.37485333E-04	 1.60165873E-04	-1.07360540E-05	-4.98578493E-02	-3.78149501E-02	 1.25496014E-02	 5.87461472E-02	 3.84040709E-02	 1.04975850E-02	 1.41520194E-03	 4.41529978E-05	-1.73265510E-06	-1.90033421E-05
 7.900000E-02	-2.81168100E-02	-1.12022809E-01	-1.32622847E-01	-9.51130612E-02	-1.89556711E-02	-6.92837483E-03	 1.04960858E-03	 1.08906263E-03	 1.83625784E-04	-1.15233194E-05	-5.41976031E-02	-4.42312163E-02	 8.79989069E-03	 6.17766152E-02	 4.23518345E-02	 1.16527080E-02	 1.72959928E-03	 1.21152871E-04	 8.91253767E-06	-2.20562909E-05
 8.000000E-02	-2.66755869E-02	-1.17846071E-01	-1.42848579E-01	-1.06509614E-01	-2.18587680E-02	-7.99082611E-03	 1.20262406E-03	 1.25802424E-03	 2.09570358E-04	-1.21127403E-05	-5.86602947E-02	-5.12233810E-02	 4.21920799E-03	 6.46262379E-02	 4.66218660E-02	 1.29071929E-02	 2.10439055E-03	 2.20190226E-04	 2.24646621E-05	-2.56003961E-05
 8.100000E-02	-2.48275518E-02	-1.23513328E-01	-1.53323812E-01	-1.18978502E-01	-2.51124725E-02	-9.18976375E-03	 1.36199514E-03	 1.44511868E-03	 2.38168248E-04	-1.24207408E-05	-6.32148912E-02	-5.87945255E-02	-1.27095877E-03	 6.72290583E-02	 5.12350168E-02	 1.42665108E-02	 2.54877634E-03	 3.45389392E-04	 3.93737744E-05	-2.96362905E-05
 8.200000E-02	-2.25453830E-02	-1.28963178E-01	-1.63972386E-01	-1.32584327E-01	-2.87507611E-02	-1.05395819E-02	 1.52396575E-03	 1.65090355E-03	 2.69555394E-04	-1.24247997E-05	-6.78252775E-02	-6.69408261E-02	-7.74794559E-03	 6.95108723E-02	 5.62135293E-02	 1.57361149E-02	 3.07277793E-03	 5.01445837E-04	 6.02223901E-05	-3.41948438E-05
 8.300000E-02	-1.98043108E-02	-1.34131644E-01	-1.74704988E-01	-1.47391151E-01	-3.28108385E-02	-1.20558944E-02	 1.68346622E-03	 1.87548142E-03	 3.03883438E-04	-1.21315947E-05	-7.24501855E-02	-7.56508984E-02	-1.52865650E-02	 7.13886714E-02	 6.15811547E-02	 1.73213796E-02	 3.68736776E-03	 6.93623579E-04	 8.55709959E-05	-3.92945650E-05
 8.400000E-02	-1.65829200E-02	-1.38952911E-01	-1.85418616E-01	-1.63461825E-01	-3.73335575E-02	-1.37556597E-02	 1.83391566E-03	 2.11862315E-03	 3.41303180E-04	-1.15625904E-05	-7.70431772E-02	-8.49050926E-02	-2.39573450E-02	 7.27701744E-02	 6.73631825E-02	 1.90275446E-02	 4.40423755E-03	 9.27813200E-04	 1.16110450E-04	-4.49990496E-05
 8.500000E-02	-1.28639532E-02	-1.43360264E-01	-1.95996264E-01	-1.80857050E-01	-4.23639611E-02	-1.56571382E-02	 1.96694128E-03	 2.37951690E-03	 3.81974050E-04	-1.06535285E-05	-8.15526956E-02	-9.46749336E-02	-3.38248272E-02	 7.35533381E-02	 7.35864734E-02	 2.08596433E-02	 5.23589597E-03	 1.21051109E-03	 1.52507910E-04	-5.14247439E-05
 8.600000E-02	-8.63520851E-03	-1.47287031E-01	-2.06306775E-01	-1.99634527E-01	-4.79518331E-02	-1.77801071E-02	 2.07219849E-03	 2.65680587E-03	 4.26114839E-04	-9.37075608E-06	-8.59222879E-02	-1.04922591E-01	-4.49454821E-02	 7.36259610E-02	 8.02794263E-02	 2.28224436E-02	 6.19534052E-03	 1.54888421E-03	 1.95579716E-04	-5.87080037E-05
 8.700000E-02	-3.89043286E-03	-1.50667775E-01	-2.16204953E-01	-2.19847799E-01	-5.41523941E-02	-2.01457744E-02	 2.13704206E-03	 2.94832948E-03	 4.73946359E-04	-7.51874080E-06	-9.00908444E-02	-1.15600506E-01	-5.73657095E-02	 7.28653186E-02	 8.74718686E-02	 2.49203815E-02	 7.29610739E-03	 1.95073956E-03	 2.46148915E-04	-6.70893177E-05
 8.800000E-02	 1.36973427E-03	-1.53439394E-01	-2.25531949E-01	-2.41545149E-01	-6.10270050E-02	-2.27770683E-02	 2.14637455E-03	 3.25108916E-03	 5.25827591E-04	-4.95895814E-06	-9.39931209E-02	-1.26651112E-01	-7.11195155E-02	 7.11378869E-02	 9.51949048E-02	 2.71574812E-02	 8.55183273E-03	 2.42455198E-03	 3.05232695E-04	-7.67923236E-05
 8.900000E-02	 7.13685535E-03	-1.55542534E-01	-2.34115910E-01	-2.64768264E-01	-6.86439969E-02	-2.56985496E-02	 2.08231091E-03	 3.56095261E-03	 5.82113615E-04	-1.35971667E-06	-9.75602168E-02	-1.38006744E-01	-8.62262915E-02	 6.82991622E-02	 1.03480607E-01	 2.95373023E-02	 9.97625076E-03	 2.97943623E-03	 3.73940527E-04	-8.81771575E-05
 9.000000E-02	 1.33938057E-02	-1.56922792E-01	-2.41773012E-01	-2.89550824E-01	-7.70795669E-02	-2.89367407E-02	 1.92405279E-03	 3.87261178E-03	 6.43364280E-04	 3.61851246E-06	-1.00720455E-01	-1.49589689E-01	-1.02688409E-01	 6.41935596E-02	 1.12361645E-01	 3.20628156E-02	 1.15825978E-02	 3.62508097E-03	 4.53626292E-04	-1.01563760E-04
 9.100000E-02	 2.01139554E-02	-1.57532287E-01	-2.48308740E-01	-3.15917066E-01	-8.64187452E-02	-3.25201646E-02	 1.64761792E-03	 4.17912019E-03	 7.10128849E-04	 1.03932309E-05	-1.03400159E-01	-1.61312467E-01	-1.20488893E-01	 5.86544787E-02	 1.21870728E-01	 3.47363678E-02	 1.33836030E-02	 4.37174624E-03	 5.45917227E-04	-1.17388742E-04
 9.200000E-02	 2.72604034E-02	-1.57330886E-01	-2.53519691E-01	-3.43879917E-01	-9.67565491E-02	-3.64795249E-02	 1.22571386E-03	 4.47212980E-03	 7.83158120E-04	 1.97936052E-05	-1.05524883E-01	-1.73078264E-01	-1.39589071E-01	 5.15044801E-02	 1.32039869E-01	 3.75594758E-02	 1.53906658E-02	 5.23005364E-03	 6.52716401E-04	-1.36031482E-04
 9.300000E-02	 3.47850275E-02	-1.56287849E-01	-2.57195741E-01	-3.73439253E-01	-1.08198872E-01	-4.08478090E-02	 6.27623543E-04	 4.74124256E-03	 8.63159727E-04	 3.25978175E-05	-1.07020574E-01	-1.84781552E-01	-1.59926166E-01	 4.25558074E-02	 1.42899430E-01	 4.05328367E-02	 1.76138542E-02	 6.21105560E-03	 7.76469674E-04	-1.57844383E-04
 9.400000E-02	 4.26281405E-02	-1.54383083E-01	-2.59122656E-01	-4.04579902E-01	-1.20863679E-01	-4.56606435E-02	-1.81007178E-04	 4.97416998E-03	 9.50897530E-04	 5.01711680E-05	-1.07815087E-01	-1.96308974E-01	-1.81411334E-01	 3.16110021E-02	 1.54476858E-01	 4.36561132E-02	 2.00608327E-02	 7.32586762E-03	 9.19906128E-04	-1.83073184E-04
 9.500000E-02	 5.07179883E-02	-1.51608623E-01	-2.59085060E-01	-4.37269950E-01	-1.34881830E-01	-5.09566990E-02	-1.23805184E-03	 5.15578463E-03	 1.04699275E-03	 7.33318107E-05	-1.07839951E-01	-2.07540580E-01	-2.03927756E-01	 1.84637378E-02	 1.66795201E-01	 4.69277840E-02	 2.27368790E-02	 8.58562921E-03	 1.08662319E-03	-2.11822226E-04
 9.600000E-02	 5.89708383E-02	-1.47969885E-01	-2.56869852E-01	-4.71458595E-01	-1.50398309E-01	-5.67780041E-02	-2.58517577E-03	 5.26852296E-03	 1.15181109E-03	 1.03787205E-04	-1.07032030E-01	-2.18351174E-01	-2.27329194E-01	 2.89999716E-03	 1.79871259E-01	 5.03448889E-02	 2.56435824E-02	 1.00010173E-02	 1.28048927E-03	-2.44024935E-04
 9.700000E-02	 6.72909954E-02	-1.43486679E-01	-2.52270042E-01	-5.07074360E-01	-1.67572902E-01	-6.31705308E-02	-4.26743943E-03	 5.29134295E-03	 1.26536453E-03	 1.42426201E-04	-1.05336106E-01	-2.28612139E-01	-2.51439083E-01	-1.53006914E-02	 1.93713229E-01	 5.39026095E-02	 2.87786831E-02	 1.15820122E-02	 1.50642910E-03	-2.79337102E-04
 9.800000E-02	 7.55713894E-02	-1.38194558E-01	-2.45088884E-01	-5.44023262E-01	-1.86581244E-01	-7.01848485E-02	-6.33359857E-03	 5.19993195E-03	 1.38690941E-03	 1.90887468E-04	-1.02706561E-01	-2.38193290E-01	-2.76049819E-01	-3.63634084E-02	 2.08318286E-01	 5.75939786E-02	 3.21348127E-02	 1.33373537E-02	 1.76971717E-03	-3.17106564E-04
 9.900000E-02	 8.36943482E-02	-1.32145025E-01	-2.35144453E-01	-5.82186744E-01	-2.07615183E-01	-7.78764836E-02	-8.83539139E-03	 4.96629798E-03	 1.51498930E-03	 2.50473225E-04	-9.91109566E-02	-2.46965156E-01	-3.00923553E-01	-6.05160435E-02	 2.23668769E-01	 6.14091525E-02	 3.56986684E-02	 1.52741139E-02	 2.07642683E-03	-3.56114540E-04
 1.000000E-01	 9.15326436E-02	-1.25407217E-01	-2.22274354E-01	-6.21421118E-01	-2.30883334E-01	-8.63079340E-02	-1.18277848E-02	 4.55748950E-03	 1.64671829E-03	 3.21564966E-04	-9.45317556E-02	-2.54801365E-01	-3.25792510E-01	-8.79867813E-02	 2.39729284E-01	 6.53349006E-02	 3.94504161E-02	 1.73969277E-02	 2.43337156E-03	-3.94824407E-04
 1.010000E-01	 9.89504465E-02	-1.18066699E-01	-2.06341474E-01	-6.61552996E-01	-2.56611160E-01	-9.55444575E-02	-1.53681952E-02	 3.94117557E-03	 1.77774954E-03	 4.09998016E-04	-8.89711009E-02	-2.61580577E-01	-3.50361664E-01	-1.19000238E-01	 2.56441477E-01	 6.93548239E-02	 4.33616834E-02	 1.97087175E-02	 2.84720056E-03	-4.29462383E-04
 1.020000E-01	 1.05802611E-01	-1.10229342E-01	-1.87240659E-01	-7.02378983E-01	-2.85040302E-01	-1.05652506E-01	-1.95156996E-02	 3.08622748E-03	 1.90193971E-03	 5.23746808E-04	-8.24541780E-02	-2.67189172E-01	-3.74309159E-01	-1.53772321E-01	 2.73723298E-01	 7.34501616E-02	 4.73965643E-02	 2.22102392E-02	 3.32596212E-03	-4.55095788E-04
 1.030000E-01	 1.11939651E-01	-1.02022720E-01	-1.64903138E-01	-7.43668869E-01	-3.16428467E-01	-1.16707049E-01	-2.43307880E-02	 1.95430895E-03	 2.01147009E-03	 6.65023819E-04	-7.50278982E-02	-2.71526024E-01	-3.97286415E-01	-1.92509339E-01	 2.91466018E-01	 7.75964349E-02	 5.15123787E-02	 2.48968245E-02	 3.87909318E-03	-4.67710756E-04
 1.040000E-01	 1.17212503E-01	-9.35942959E-02	-1.39300777E-01	-7.85164792E-01	-3.51047699E-01	-1.28793242E-01	-2.98748647E-02	 5.00720559E-04	 2.09595323E-03	 8.32037098E-04	-6.67620061E-02	-2.74506591E-01	-4.18922898E-01	-2.35405282E-01	 3.09527686E-01	 8.17615682E-02	 5.56574359E-02	 2.77575351E-02	 4.51671014E-03	-4.63853375E-04
 1.050000E-01	 1.21476238E-01	-8.51099094E-02	-1.10451644E-01	-8.26580036E-01	-3.89182720E-01	-1.42005206E-01	-3.62095426E-02	-1.32405747E-03	 2.14251424E-03	 1.02138280E-03	-5.77499420E-02	-2.76066642E-01	-4.38829744E-01	-2.82637945E-01	 3.27728069E-01	 8.59040997E-02	 5.97705126E-02	 3.07738952E-02	 5.24839998E-03	-4.40327454E-04
 1.060000E-01	 1.24595294E-01	-7.67505561E-02	-7.84241078E-02	-8.67597765E-01	-4.31127103E-01	-1.56445525E-01	-4.33950256E-02	-3.57150629E-03	 2.13540620E-03	 1.22999731E-03	-4.81094972E-02	-2.76166730E-01	-4.56606159E-01	-3.34365366E-01	 3.45841660E-01	 8.99709248E-02	 6.37783785E-02	 3.39191589E-02	 6.08253327E-03	-3.93799202E-04
 1.070000E-01	 1.26448174E-01	-6.87092294E-02	-4.33411992E-02	-9.07870911E-01	-4.77179126E-01	-1.72224314E-01	-5.14888095E-02	-6.29448346E-03	 2.05627898E-03	 1.45547934E-03	-3.79825824E-02	-2.74796022E-01	-4.71845294E-01	-3.90721605E-01	 3.63591937E-01	 9.38946741E-02	 6.75958771E-02	 3.71567654E-02	 7.02529684E-03	-3.20670068E-04
 1.080000E-01	 1.26933170E-01	-6.11859927E-02	-5.38357686E-03	-9.47021777E-01	-5.27635293E-01	-1.89458415E-01	-6.05433559E-02	-9.54428086E-03	 1.88402980E-03	 1.69667038E-03	-2.75339427E-02	-2.71976564E-01	-4.84142013E-01	-4.51812732E-01	 3.80644411E-01	 9.75907652E-02	 7.11238101E-02	 4.04397310E-02	 8.08031647E-03	-2.16738215E-04
 1.090000E-01	 1.25973424E-01	-5.43826914E-02	 3.52077931E-02	-9.84642679E-01	-5.82783145E-01	-2.08269701E-01	-7.06044428E-02	-1.33701755E-02	 1.59512623E-03	 1.95300499E-03	-1.69486940E-02	-2.67766450E-01	-4.93100383E-01	-5.17711992E-01	 3.96601082E-01	 1.00954285E-01	 7.42500021E-02	 4.37092835E-02	 9.24788593E-03	-7.69870991E-05
 1.100000E-01	 1.23522189E-01	-4.84960480E-02	 7.81303346E-02	-1.02029640E+00	-6.42891485E-01	-2.28783295E-01	-8.17082904E-02	-1.78158914E-02	 1.16366039E-03	 2.22450844E-03	-6.42853066E-03	-2.62262817E-01	-4.98342557E-01	-5.88455044E-01	 4.10994225E-01	 1.03856684E-01	 7.68475144E-02	 4.68948034E-02	 1.05245923E-02	 1.04794204E-04
 1.110000E-01	 1.19567099E-01	-4.37102215E-02	 1.23019333E-01	-1.05351774E+00	-7.08199549E-01	-2.51124457E-01	-9.38797272E-02	-2.29190896E-02	 5.61763629E-04	 2.51051868E-03	 3.81340939E-03	-2.55603233E-01	-4.99517476E-01	-6.64034228E-01	 4.23281983E-01	 1.06142532E-01	 7.87768011E-02	 4.99129210E-02	 1.19026025E-02	 3.36159417E-04
 1.120000E-01	 1.14133580E-01	-4.01880982E-02	 1.69448587E-01	-1.08381491E+00	-7.78903321E-01	-2.75415008E-01	-1.07128887E-01	-2.87067711E-02	-2.40054175E-04	 2.80989970E-03	 1.35588526E-02	-2.47966058E-01	-4.96310517E-01	-7.44392535E-01	 4.32843988E-01	 1.07626449E-01	 7.98841414E-02	 5.26685149E-02	 1.33689923E-02	 6.26501610E-04
 1.130000E-01	 1.07286399E-01	-3.80624426E-02	 2.16931746E-01	-1.11067232E+00	-8.55140176E-01	-3.01767863E-01	-1.21449290E-01	-3.51943623E-02	-1.27223879E-03	 3.11948657E-03	 2.25919038E-02	-2.39568725E-01	-4.88452857E-01	-8.29416053E-01	 4.38979886E-01	 1.08090760E-01	 8.00048672E-02	 5.50548126E-02	 1.49050081E-02	 9.87002472E-04
 1.140000E-01	 9.91298658E-02	-3.74261489E-02	 2.64925713E-01	-1.13355418E+00	-9.36970660E-01	-3.30282159E-01	-1.36814326E-01	-4.23812566E-02	-2.56539704E-03	 3.43347971E-03	 3.07070875E-02	-2.30663869E-01	-4.75731809E-01	-9.18926762E-01	 4.40909158E-01	 1.07283153E-01	 7.89621265E-02	 5.69552516E-02	 1.64851803E-02	 1.43037331E-03
 1.150000E-01	 8.98058666E-02	-3.83232278E-02	 3.12835245E-01	-1.15190989E+00	-1.02435871E+00	-3.61035719E-01	-1.53175337E-01	-5.02501094E-02	-4.14909165E-03	 3.74182930E-03	 3.77176982E-02	-2.21533012E-01	-4.58000911E-01	-1.01267382E+00	 4.37774896E-01	 1.04915780E-01	 7.65712436E-02	 5.82445705E-02	 1.80766785E-02	 1.97024692E-03
 1.160000E-01	 7.94899331E-02	-4.07401628E-02	 3.60019496E-01	-1.16518106E+00	-1.11714951E+00	-3.94078352E-01	-1.70457813E-01	-5.87621598E-02	-6.05035928E-03	 4.03000033E-03	 4.34636742E-02	-2.12477355E-01	-4.35190325E-01	-1.11032513E+00	 4.28650704E-01	 1.00664891E-01	 7.26388345E-02	 5.87920117E-02	 1.96383540E-02	 2.62029070E-03
 1.170000E-01	 6.83851298E-02	-4.45993377E-02	 4.05800410E-01	-1.17281106E+00	-1.21504643E+00	-4.29422343E-01	-1.88559490E-01	-6.78570404E-02	-8.29173412E-03	 4.27767258E-03	 4.78186727E-02	-2.03806235E-01	-4.07316868E-01	-1.21145806E+00	 4.12553366E-01	 9.41726089E-02	 6.69685361E-02	 5.84635445E-02	 2.11206018E-02	 3.39285390E-03
 1.180000E-01	 5.67144349E-02	-4.97545020E-02	 4.49473383E-01	-1.17425708E+00	-1.31758690E+00	-4.67034551E-01	-2.07346198E-01	-7.74483731E-02	-1.08889267E-02	 4.45941016E-03	 5.06954488E-02	-1.95822630E-01	-3.74493558E-01	-1.31555114E+00	 3.88461055E-01	 8.50497013E-02	 5.93607766E-02	 5.71264575E-02	 2.24648288E-02	 4.29745655E-03
 1.190000E-01	 4.47113718E-02	-5.59899232E-02	 4.90320226E-01	-1.16900564E+00	-1.42411968E+00	-5.06825738E-01	-2.26650191E-01	-8.74245954E-02	-1.38481785E-02	 4.54406055E-03	 5.20495471E-02	-1.88807392E-01	-3.36938078E-01	-1.42197646E+00	 3.55339698E-01	 7.28812211E-02	 4.96205146E-02	 5.46526178E-02	 2.36045981E-02	 5.33873365E-03
 1.200000E-01	 3.26104510E-02	-6.30231003E-02	 5.27624634E-01	-1.15659088E+00	-1.53378416E+00	-5.48642450E-01	-2.46265945E-01	-9.76451607E-02	-1.71633520E-02	 4.49709800E-03	 5.18805274E-02	-1.83001501E-01	-2.94979430E-01	-1.52999446E+00	 3.12177536E-01	 5.72338247E-02	 3.75583369E-02	 5.09246705E-02	 2.44662358E-02	 6.51508036E-03
 1.210000E-01	 2.06365984E-02	-7.05124245E-02	 5.60689774E-01	-1.13661634E+00	-1.64549565E+00	-5.92256779E-01	-2.65949626E-01	-1.07942849E-01	-2.08133601E-02	 4.28101313E-03	 5.02311496E-02	-1.78589345E-01	-2.49062211E-01	-1.63875193E+00	 2.58030204E-01	 3.76666598E-02	 2.30010029E-02	 4.58402944E-02	 2.49720086E-02	 7.81648595E-03
 1.220000E-01	 8.99618074E-03	-7.80689081E-02	 5.88858234E-01	-1.10877824E+00	-1.75793925E+00	-6.37360699E-01	-2.85416081E-01	-1.18121123E-01	-2.47595793E-02	 3.85941950E-03	 4.71841095E-02	-1.75681936E-01	-1.99747280E-01	-1.74728454E+00	 1.92074561E-01	 1.37449925E-02	 5.79457797E-03	 3.93203758E-02	 2.50424929E-02	 9.22475689E-03
 1.230000E-01	-2.13138374E-03	-8.52728265E-02	 6.11533763E-01	-1.07289130E+00	-1.86957909E+00	-6.83559552E-01	-3.04341539E-01	-1.27959913E-01	-2.89448906E-02	 3.19678194E-03	 4.28564377E-02	-1.74304304E-01	-1.47709097E-01	-1.85452737E+00	 1.13663103E-01	-1.49443040E-02	-1.41821273E-02	 3.13126712E-02	 2.46018751E-02	 1.07106436E-02
 1.240000E-01	-1.25973329E-02	-9.16927731E-02	 6.28205708E-01	-1.02891383E+00	-1.97867718E+00	-7.30374896E-01	-3.22363230E-01	-1.37221533E-01	-3.32928422E-02	 2.25662240E-03	 3.73913468E-02	-1.74384927E-01	-9.37294253E-02	-1.95933179E+00	 2.23796820E-02	-4.87806840E-02	-3.70120658E-02	 2.17949511E-02	 2.35824627E-02	 1.22305814E-02
 1.250000E-01	-2.22814261E-02	-9.69089442E-02	 6.38477009E-01	-9.76971084E-01	-2.08332592E+00	-7.77243394E-01	-3.39083047E-01	-1.45656782E-01	-3.77071234E-02	 1.00767390E-03	 3.09480904E-02	-1.75749895E-01	-3.86871004E-02	-2.06048654E+00	-8.19066193E-02	-8.80895603E-02	-6.27269675E-02	 1.07819263E-02	 2.19286582E-02	 1.37314018E-02
 1.260000E-01	-3.10933448E-02	-1.00540403E-01	 6.42082616E-01	-9.17375396E-01	-2.18150119E+00	-8.23522383E-01	-3.54070717E-01	-1.53003597E-01	-4.20731075E-02	-5.67111997E-04	 2.36941770E-02	-1.78126833E-01	 1.64616703E-02	-2.15674583E+00	-1.98990335E-01	-1.33119775E-01	-9.13034340E-02	-1.66418837E-03	 1.96014192E-02	 1.51553911E-02
 1.270000E-01	-3.89716657E-02	-1.02270076E-01	 6.38907081E-01	-8.50640609E-01	-2.27113121E+00	-8.68498259E-01	-3.66875699E-01	-1.58998779E-01	-4.62621870E-02	-2.47063713E-03	 1.57985150E-02	-1.81155188E-01	 7.07070619E-02	-2.24686559E+00	-3.28288026E-01	-1.84023973E-01	-1.22647251E-01	-1.54322042E-02	 1.65848558E-02	 1.64406799E-02
 1.280000E-01	-4.58790302E-02	-1.01868188E-01	 6.28997988E-01	-7.77488956E-01	-2.35017730E+00	-9.11405621E-01	-3.77035429E-01	-1.63385267E-01	-5.01366570E-02	-4.69038069E-03	 7.42486298E-03	-1.84403505E-01	 1.23014099E-01	-2.32964537E+00	-4.68811611E-01	-2.40843492E-01	-1.56590708E-01	-3.03591340E-02	 1.28903938E-02	 1.75230848E-02
 1.290000E-01	-5.17974915E-02	-9.92106058E-02	 6.12573385E-01	-6.98847941E-01	-2.41672617E+00	-9.51444596E-01	-3.84093176E-01	-1.65926156E-01	-5.35574422E-02	-7.19942133E-03	-1.27104539E-03	-1.87392885E-01	 1.72355725E-01	-2.40397273E+00	-6.19160796E-01	-3.03492343E-01	-1.92879004E-01	-4.62313955E-02	 8.56167698E-03	 1.83390147E-02
 1.300000E-01	-5.67222915E-02	-9.42908814E-02	 5.90021628E-01	-6.15835727E-01	-2.46908592E+00	-9.87808290E-01	-3.87610998E-01	-1.66412982E-01	-5.63915195E-02	-9.95639781E-03	-1.01430670E-02	-1.89625129E-01	 2.17748037E-01	-2.46886821E+00	-7.77538826E-01	-3.71748847E-01	-2.31173109E-01	-6.27853347E-02	 3.67525666E-03	 1.88291901E-02
 1.310000E-01	-6.06569912E-02	-8.72247289E-02	 5.61893750E-01	-5.29736034E-01	-2.50588095E+00	-1.01970703E+00	-3.87191966E-01	-1.64680777E-01	-5.85215952E-02	-1.29084525E-02	-1.90533255E-02	-1.90614482E-01	 2.58286230E-01	-2.52352807E+00	-9.41793519E-01	-4.45248712E-01	-2.71042525E-01	-7.97133221E-02	-1.65892038E-03	 1.89416309E-02
 1.320000E-01	-6.36091257E-02	-7.82454807E-02	 5.28886811E-01	-4.41960906E-01	-2.52613687E+00	-1.04640086E+00	-3.82494942E-01	-1.60615239E-01	-5.98539239E-02	-1.59925034E-02	-2.78697120E-02	-1.89919340E-01	 2.93178712E-01	-2.56736051E+00	-1.10948320E+00	-5.23487813E-01	-3.11977048E-01	-9.66685810E-02	-7.30195225E-03	 1.86359969E-02
 1.330000E-01	-6.55894432E-02	-6.76916147E-02	 4.91819075E-01	-3.54006118E-01	-2.52934868E+00	-1.06722540E+00	-3.73257762E-01	-1.54166114E-01	-6.03274587E-02	-1.91395720E-02	-3.64627928E-02	-1.87173282E-01	 3.21776680E-01	-2.60001426E+00	-1.27796773E+00	-6.05827132E-01	-3.53388541E-01	-1.13276395E-01	-1.30911285E-02	 1.78851149E-02
 1.340000E-01	-6.66117247E-02	-5.59856720E-02	 4.51598754E-01	-2.67397724E-01	-2.51552360E+00	-1.08162306E+00	-3.59309794E-01	-1.45351173E-01	-5.99194880E-02	-2.22778089E-02	-4.47023830E-02	-1.82109864E-01	 3.43598357E-01	-2.62139458E+00	-1.44451662E+00	-6.91510206E-01	-3.94632883E-01	-1.29145095E-01	-1.88490912E-02	 1.66762847E-02
 1.350000E-01	-6.66951705E-02	-4.36078310E-02	 4.09188093E-01	-1.83637743E-01	-2.48519458E+00	-1.08916342E+00	-3.40590130E-01	-1.34264881E-01	-5.86504843E-02	-2.53364814E-02	-5.24558116E-02	-1.74582637E-01	 3.58344241E-01	-2.63166798E+00	-1.60642800E+00	-7.79682150E-01	-4.35020985E-01	-1.43882882E-01	-2.43940288E-02	 1.50097782E-02
 1.360000E-01	-6.58681872E-02	-3.10646962E-02	 3.65564121E-01	-1.04147571E-01	-2.43940281E+00	-1.08956571E+00	-3.17152520E-01	-1.21075243E-01	-5.65848211E-02	-2.82482988E-02	-5.95870040E-02	-1.64574845E-01	 3.65904560E-01	-2.63125070E+00	-1.76114677E+00	-8.69418654E-01	-4.73848764E-01	-1.57111560E-01	-2.95510221E-02	 1.28984849E-02
 1.370000E-01	-6.41727090E-02	-1.88573769E-02	 3.21679949E-01	-3.02185173E-02	-2.37964830E+00	-1.08270691E+00	-2.89173670E-01	-1.06025199E-01	-5.38287204E-02	-3.09511451E-02	-6.59585135E-02	-1.52201755E-01	 3.66355904E-01	-2.62078681E+00	-1.90637630E+00	-9.59753961E-01	-5.10413852E-01	-1.68484964E-01	-3.41645577E-02	 1.03654973E-02
 1.380000E-01	-6.16698346E-02	-7.45029928E-03	 2.78426912E-01	 3.70330117E-02	-2.30781555E+00	-1.06863040E+00	-2.56947647E-01	-8.94209300E-02	-5.05257045E-02	-3.33892000E-02	-7.14350694E-02	-1.37702167E-01	 3.59950194E-01	-2.60111137E+00	-2.04017024E+00	-1.04971521E+00	-5.44048430E-01	-1.77701546E-01	-3.81078986E-02	 7.44262244E-03
 1.390000E-01	-5.84437391E-02	 2.75579006E-03	 2.36602215E-01	 9.66966285E-02	-2.22607620E+00	-1.04753872E+00	-2.20882284E-01	-7.16260411E-02	-4.68471476E-02	-3.55121523E-02	-7.58893645E-02	-1.21422258E-01	 3.47094426E-01	-2.57320763E+00	-2.16100321E+00	-1.13835100E+00	-5.74135578E-01	-1.84519102E-01	-4.12941556E-02	 4.17038271E-03
 1.400000E-01	-5.46069743E-02	 1.14452870E-02	 1.96880553E-01	 1.48090323E-01	-2.13678347E+00	-1.01978730E+00	-1.81483833E-01	-5.30424166E-02	-4.29847691E-02	-3.72757232E-02	-7.92100796E-02	-1.03792279E-01	 3.28324530E-01	-2.53815522E+00	-2.26780995E+00	-1.22476339E+00	-6.00139161E-01	-1.88762687E-01	-4.36800240E-02	 5.94640933E-04
 1.410000E-01	-5.03030892E-02	 1.84020415E-02	 1.59793362E-01	 1.90766593E-01	-2.04235992E+00	-9.85863178E-01	-1.39343968E-01	-3.40999710E-02	-3.91358830E-02	-3.86399576E-02	-8.13095412E-02	-8.52961914E-02	 3.04274487E-01	-2.49707694E+00	-2.35999785E+00	-1.30812644E+00	-6.21613834E-01	-1.90329746E-01	-4.52722035E-02	-3.22710349E-03
 1.420000E-01	-4.57064532E-02	 2.35159269E-02	 1.25718331E-01	 2.24510209E-01	-1.94519252E+00	-9.46367201E-01	-9.51156276E-02	-1.52334530E-02	-3.54946301E-02	-3.95698463E-02	-8.21358622E-02	-6.64421035E-02	 2.75640677E-01	-2.45108826E+00	-2.43742957E+00	-1.38771308E+00	-6.38228711E-01	-1.89196759E-01	-4.61245638E-02	-7.23856917E-03
 1.430000E-01	-4.09976678E-02	 2.67804528E-02	 9.48955218E-02	 2.49325610E-01	-1.84753151E+00	-9.01983413E-01	-4.94997623E-02	 3.12584403E-03	-3.22378633E-02	-4.00382769E-02	-8.16762057E-02	-4.77226126E-02	 2.43156072E-01	-2.40125238E+00	-2.50037259E+00	-1.46292493E+00	-6.49760952E-01	-1.85449789E-01	-4.63345217E-02	-1.14093017E-02
 1.440000E-01	-3.63413423E-02	 2.82798558E-02	 6.74493960E-02	 2.65409937E-01	-1.75140373E+00	-8.53460042E-01	-3.19907120E-03	 2.05724523E-02	-2.95039614E-02	-4.00230541E-02	-7.99491476E-02	-2.95921253E-02	 2.07569818E-01	-2.34854381E+00	-2.54942923E+00	-1.53330216E+00	-6.56105989E-01	-1.79263327E-01	-4.60336324E-02	-1.57111512E-02
 1.450000E-01	-3.18912403E-02	 2.81752179E-02	 4.33864224E-02	 2.73115435E-01	-1.65856409E+00	-8.01579029E-01	 4.31031065E-02	 3.67374346E-02	-2.73834800E-02	-3.95021447E-02	-7.70052463E-02	-1.24528179E-02	 1.69620985E-01	-2.29382524E+00	-2.58546786E+00	-1.59850706E+00	-6.57266800E-01	-1.70871434E-01	-4.53816851E-02	-2.00924117E-02
 1.460000E-01	-2.77847968E-02	 2.66863486E-02	 2.26119817E-02	 2.72917890E-01	-1.57046825E+00	-7.47137085E-01	 8.87695881E-02	 5.13056141E-02	-2.59177401E-02	-3.84576715E-02	-7.29287844E-02	 3.35882406E-03	 1.30015726E-01	-2.23782971E+00	-2.60954413E+00	-1.65832649E+00	-6.53356636E-01	-1.60555591E-01	-4.45525935E-02	-2.44852483E-02
 1.470000E-01	-2.41322538E-02	 2.40720227E-02	 4.94936276E-03	 2.65380103E-01	-1.48826263E+00	-6.90918520E-01	 1.33218135E-01	 6.40178543E-02	-2.50986968E-02	-3.68767446E-02	-6.78342955E-02	 1.75800114E-02	 8.94143176E-02	-2.18115931E+00	-2.62282442E+00	-1.71266393E+00	-6.44575571E-01	-1.48640456E-01	-4.37236966E-02	-2.88108410E-02
 1.480000E-01	-2.10148658E-02	 2.06092162E-02	-9.84099474E-03	 2.51122218E-01	-1.41279819E+00	-6.33682765E-01	 1.75938412E-01	 7.46812363E-02	-2.48761407E-02	-3.47571037E-02	-6.18612473E-02	 3.00237638E-02	 4.84214055E-02	-2.12428326E+00	-2.62651359E+00	-1.76153224E+00	-6.31205538E-01	-1.35476357E-01	-4.30611521E-02	-3.29839492E-02
 1.490000E-01	-1.84795802E-02	 1.65751013E-02	-2.20448304E-02	 2.30791632E-01	-1.34465386E+00	-5.76143453E-01	 2.16491090E-01	 8.31652157E-02	-2.51628244E-02	-3.21084503E-02	-5.51672921E-02	 4.05787548E-02	 7.58279536E-03	-2.06754908E+00	-2.62179727E+00	-1.80503657E+00	-6.13583795E-01	-1.21432140E-01	-4.27115111E-02	-3.69167477E-02
 1.500000E-01	-1.65406368E-02	 1.22298381E-02	-3.19753625E-02	 2.05041865E-01	-1.28417203E+00	-5.18964087E-01	 2.54518371E-01	 8.94052842E-02	-2.58452586E-02	-2.89561889E-02	-4.79206031E-02	 4.92015933E-02	-3.26160345E-02	-2.01119196E+00	-2.60979395E+00	-1.84336320E+00	-5.92097330E-01	-1.06877471E-01	-4.27920372E-02	-4.05227454E-02
 1.510000E-01	-1.51796061E-02	 7.80460239E-03	-3.99616248E-02	 1.74512832E-01	-1.23149623E+00	-4.62743675E-01	 2.89734904E-01	 9.33949116E-02	-2.67918414E-02	-2.53418542E-02	-4.02921634E-02	 5.59109491E-02	-7.17461498E-02	-1.95535336E+00	-2.59152417E+00	-1.87675898E+00	-5.67157340E-01	-9.21766473E-02	-4.33863279E-02	-4.37204495E-02
 1.520000E-01	-1.43502633E-02	 3.49129920E-03	-4.63329551E-02	 1.39820427E-01	-1.18661046E+00	-4.08019547E-01	 3.21934100E-01	 9.51843163E-02	-2.78634510E-02	-2.13227707E-02	-3.24494995E-02	 6.07744038E-02	-1.09433184E-01	-1.90009513E+00	-2.56789056E+00	-1.90551978E+00	-5.39197422E-01	-7.76737933E-02	-4.45422681E-02	-4.64368818E-02
 1.530000E-01	-1.39825271E-02	-5.61936016E-04	-5.14129642E-02	 1.01546913E-01	-1.14937814E+00	-3.55258264E-01	 3.50973309E-01	 9.48708201E-02	-2.89224376E-02	-1.69713646E-02	-2.45506691E-02	 6.39007034E-02	-1.45350173E-01	-1.84541897E+00	-2.53967048E+00	-1.92997077E+00	-5.08650869E-01	-6.36892254E-02	-4.62706133E-02	-4.86109970E-02
 1.540000E-01	-1.39890277E-02	-4.25384126E-03	-5.55074622E-02	 6.02396687E-02	-1.11957679E+00	-3.04864581E-01	 3.76778362E-01	 9.25937328E-02	-2.98397222E-02	-1.23708493E-02	-1.67399567E-02	 6.54256785E-02	-1.79214540E-01	-1.79127904E+00	-2.50751657E+00	-1.95045916E+00	-4.75953788E-01	-5.05094234E-02	-4.85503947E-02	-5.01961801E-02
 1.550000E-01	-1.42711393E-02	-7.52804089E-03	-5.89035188E-02	 1.64090171E-02	-1.09692719E+00	-2.57176106E-01	 3.99325346E-01	 8.85252302E-02	-3.05035478E-02	-7.61434355E-03	-9.14491236E-03	 6.55061815E-02	-2.10780874E-01	-1.73759845E+00	-2.47196481E+00	-1.96733581E+00	-4.41526691E-01	-3.83856666E-02	-5.13290136E-02	-5.11628134E-02
 1.560000E-01	-1.47260867E-02	-1.03702671E-02	-6.18606473E-02	-2.94670409E-02	-1.08111455E+00	-2.12475845E-01	 4.18645590E-01	 8.28626422E-02	-3.08207272E-02	-2.79774803E-03	-1.87458336E-03	 6.43084813E-02	-2.39839016E-01	-1.68427771E+00	-2.43344564E+00	-1.98095158E+00	-4.05781560E-01	-2.75286274E-02	-5.45331724E-02	-5.14979398E-02
 1.570000E-01	-1.52529087E-02	-1.28022919E-02	-6.46129932E-02	-7.69415741E-02	-1.07180566E+00	-1.70988643E-01	 4.34806433E-01	 7.58220152E-02	-3.07246716E-02	 1.98128085E-03	 4.97986310E-03	 6.20053531E-02	-2.66209027E-01	-1.63120652E+00	-2.39229809E+00	-1.99164093E+00	-3.69107813E-01	-1.81081550E-02	-5.80687758E-02	-5.12070324E-02
 1.580000E-01	-1.57589656E-02	-1.48756453E-02	-6.73632249E-02	-1.25591436E-01	-1.06865903E+00	-1.32895655E-01	 4.47917146E-01	 6.76283030E-02	-3.01703664E-02	 6.63034890E-03	 1.13458629E-02	 5.87688055E-02	-2.89739926E-01	-1.57826704E+00	-2.34878170E+00	-1.99972179E+00	-3.31880196E-01	-1.02522408E-02	-6.18335158E-02	-5.03102300E-02
 1.590000E-01	-1.61631329E-02	-1.66641822E-02	-7.02844739E-02	-1.75015654E-01	-1.07133156E+00	-9.83313294E-02	 4.58111207E-01	 5.85132391E-02	-2.91411269E-02	 1.10646579E-02	 1.71657423E-02	 5.47699735E-02	-3.10308016E-01	-1.52534183E+00	-2.30309137E+00	-2.00548204E+00	-2.94449812E-01	-4.04792881E-03	-6.57164293E-02	-4.88449444E-02
 1.600000E-01	-1.63977412E-02	-1.82572070E-02	-7.35139591E-02	-2.24827055E-01	-1.07948190E+00	-6.73979710E-02	 4.65550467E-01	 4.87057322E-02	-2.76396138E-02	 1.52113632E-02	 2.23964161E-02	 5.01776470E-02	-3.27815816E-01	-1.47231226E+00	-2.25536413E+00	-2.00918551E+00	-2.57149129E-01	 4.50291164E-04	-6.96062077E-02	-4.68647480E-02
 1.610000E-01	-1.64092113E-02	-1.97523032E-02	-7.71529911E-02	-2.74653711E-01	-1.09276612E+00	-4.01638816E-02	 4.70416378E-01	 3.84302106E-02	-2.56895545E-02	 1.90117537E-02	 2.70067574E-02	 4.51563715E-02	-3.42191775E-01	-1.41906749E+00	-2.20569185E+00	-2.01105954E+00	-2.20287551E-01	 3.22600050E-03	-7.33931608E-02	-4.44337856E-02
 1.620000E-01	-1.61617280E-02	-2.12467857E-02	-8.12686095E-02	-3.24131406E-01	-1.11084238E+00	-1.66759758E-02	 4.72909495E-01	 2.78955381E-02	-2.33289197E-02	 2.24196224E-02	 3.09775011E-02	 3.98672787E-02	-3.53389185E-01	-1.36550055E+00	-2.15412285E+00	-2.01129867E+00	-1.84153212E-01	 4.29448120E-03	-7.69740473E-02	-4.16223007E-02
 1.630000E-01	-1.56356065E-02	-2.28322313E-02	-8.58901179E-02	-3.72906665E-01	-1.13336002E+00	 3.04239567E-03	 4.73246934E-01	 1.72972587E-02	-2.06064926E-02	 2.54070237E-02	 3.42997223E-02	 3.44653752E-02	-3.61387531E-01	-1.31151733E+00	-2.10067295E+00	-2.01005635E+00	-1.49014211E-01	 3.70599946E-03	-8.02565508E-02	-3.85027088E-02
 1.640000E-01	-1.48245229E-02	-2.45864911E-02	-9.10126313E-02	-4.20628501E-01	-1.15996714E+00	 1.89826695E-02	 4.71652651E-01	 6.81050384E-03	-1.75820998E-02	 2.79586867E-02	 3.69700428E-02	 2.91066057E-02	-3.66195291E-01	-1.25702721E+00	-2.04532508E+00	-2.00744715E+00	-1.15118668E-01	 1.53625966E-03	-8.31578558E-02	-3.51508013E-02
 1.650000E-01	-1.37581958E-02	-2.65684274E-02	-9.66132238E-02	-4.66952958E-01	-1.19031293E+00	 3.11529385E-02	 4.68347617E-01	-3.41100837E-03	-1.43241026E-02	 3.00712974E-02	 3.90041508E-02	 2.39392780E-02	-3.67838735E-01	-1.20195715E+00	-1.98802606E+00	-2.00354512E+00	-8.26879388E-02	-2.11170486E-03	-8.56051242E-02	-3.16372166E-02
 1.660000E-01	-1.24702298E-02	-2.88141494E-02	-1.02630409E-01	-5.11539034E-01	-1.22402906E+00	 3.95684234E-02	 4.63560913E-01	-1.32377363E-02	-1.08989473E-02	 3.17554290E-02	 4.04246261E-02	 1.91092222E-02	-3.66372682E-01	-1.14624712E+00	-1.92869275E+00	-1.99839022E+00	-5.19258746E-02	-7.11868024E-03	-8.75390292E-02	-2.80330938E-02
 1.670000E-01	-1.10052572E-02	-3.13344584E-02	-1.08973455E-01	-5.54051986E-01	-1.26072925E+00	 4.42588896E-02	 4.57519804E-01	-2.25618846E-02	-7.36992562E-03	 3.30325171E-02	 4.12646388E-02	 1.47546343E-02	-3.61877394E-01	-1.08985573E+00	-1.86721385E+00	-1.99197885E+00	-2.30158552E-02	-1.33444700E-02	-8.89130343E-02	-2.44042384E-02
 1.680000E-01	-9.41829098E-03	-3.41091949E-02	-1.15528338E-01	-5.94159731E-01	-1.30000827E+00	 4.52600100E-02	 4.50443539E-01	-3.13009466E-02	-3.79808921E-03	 3.39312177E-02	 4.15696654E-02	 1.10094510E-02	-3.54458700E-01	-1.03275848E+00	-1.80344677E+00	-1.98427374E+00	 3.87789470E-03	-2.06382170E-02	-8.96922755E-02	-2.08125731E-02
 1.690000E-01	-7.76339223E-03	-3.70902428E-02	-1.22154792E-01	-6.31539173E-01	-1.34142985E+00	 4.26219443E-02	 4.42543936E-01	-3.93942819E-02	-2.34189245E-04	 3.44857498E-02	 4.13924887E-02	 7.99397391E-03	-3.44249852E-01	-9.74957614E-01	-1.73722377E+00	-1.97519773E+00	 2.86090099E-02	-2.88370054E-02	-8.98551177E-02	-1.73162562E-02
 1.700000E-01	-6.09845574E-03	-4.01962244E-02	-1.28696774E-01	-6.65872433E-01	-1.38452364E+00	 3.64036422E-02	 4.34017206E-01	-4.68041867E-02	 3.27721422E-03	 3.47324100E-02	 4.07981140E-02	 5.81779970E-03	-3.31409636E-01	-9.16478613E-01	-1.66835083E+00	-1.96464214E+00	 5.10488647E-02	-3.77726317E-02	-8.93908269E-02	-1.39675505E-02
 1.710000E-01	-4.47157993E-03	-4.33197323E-02	-1.34979068E-01	-6.96856681E-01	-1.42877182E+00	 2.66821354E-02	 4.25045033E-01	-5.35125611E-02	 6.70530107E-03	 3.47075272E-02	 3.98555553E-02	 4.56799318E-03	-3.16125159E-01	-8.57383471E-01	-1.59661727E+00	-1.95246410E+00	 7.10846609E-02	-4.72728685E-02	-8.83020165E-02	-1.08162785E-02
 1.720000E-01	-2.92317800E-03	-4.63251735E-02	-1.40816597E-01	-7.24201415E-01	-1.47360073E+00	 1.35495463E-02	 4.15789066E-01	-5.95193947E-02	 1.00291897E-02	 3.44459131E-02	 3.86406268E-02	 4.31011793E-03	-2.98610037E-01	-7.97766208E-01	-1.52180206E+00	-1.93849471E+00	 8.86185812E-02	-5.71657291E-02	-8.66026231E-02	-7.90607314E-03
 1.730000E-01	-1.47532519E-03	-4.90592019E-02	-1.46012720E-01	-7.47642154E-01	-1.51837069E+00	-2.87683790E-03	 4.06389628E-01	-6.48393714E-02	 1.32414859E-02	 3.39785258E-02	 3.72268917E-02	 5.07626201E-03	-2.79107087E-01	-7.37767648E-01	-1.44368936E+00	-1.92253973E+00	 1.03566935E-01	-6.72829536E-02	-8.43201313E-02	-5.27920842E-03
 1.740000E-01	-1.32569642E-04	-5.13527756E-02	-1.50369152E-01	-7.66938759E-01	-1.56236731E+00	-2.24547193E-02	 3.96962985E-01	-6.94978484E-02	 1.63454427E-02	 3.33333670E-02	 3.56852657E-02	 6.86386307E-03	-2.57885565E-01	-6.77570418E-01	-1.36208410E+00	-1.90438735E+00	 1.15859242E-01	-7.74601734E-02	-8.14943737E-02	-2.96916014E-03
 1.750000E-01	 1.11694907E-03	-5.30334899E-02	-1.53692692E-01	-7.81891968E-01	-1.60479989E+00	-4.50040945E-02	 3.87598321E-01	-7.35263534E-02	 1.93530630E-02	 3.25348044E-02	 3.40785533E-02	 9.62443496E-03	-2.35240573E-01	-6.17412981E-01	-1.27683402E+00	-1.88380523E+00	 1.25439206E-01	-8.75288483E-02	-7.81810322E-02	-9.91806210E-04
 1.760000E-01	 2.29352334E-03	-5.39314103E-02	-1.55812489E-01	-7.92342723E-01	-1.64481007E+00	-7.03074512E-02	 3.78345714E-01	-7.69583881E-02	 2.22773434E-02	 3.16010661E-02	 3.24608312E-02	 1.32678430E-02	-2.11487653E-01	-5.57574913E-01	-1.18785388E+00	-1.86055034E+00	 1.32264985E-01	-9.73237351E-02	-7.44477047E-02	 6.49434119E-04
 1.770000E-01	 3.42873842E-03	-5.38907769E-02	-1.56576723E-01	-7.98189482E-01	-1.68147816E+00	-9.81006188E-02	 3.69215287E-01	-7.98268551E-02	 2.51317149E-02	 3.05439133E-02	 3.08712010E-02	 1.76618160E-02	-1.86964739E-01	-4.98382502E-01	-1.09515438E+00	-1.83437769E+00	 1.36313817E-01	-1.06693434E-01	-7.03717190E-02	 1.95556560E-03
 1.780000E-01	 4.56021069E-03	-5.27792144E-02	-1.55867502E-01	-7.99387830E-01	-1.71383993E+00	-1.28073290E-01	 3.60174287E-01	-8.21597113E-02	 2.79269423E-02	 2.93700383E-02	 2.93319273E-02	 2.26343501E-02	-1.62023437E-01	-4.40194610E-01	-9.98869463E-01	-1.80505236E+00	 1.37584422E-01	-1.15501484E-01	-6.60375140E-02	 2.93512736E-03
 1.790000E-01	 5.72654076E-03	-5.04972017E-02	-1.53600318E-01	-7.95966579E-01	-1.74091028E+00	-1.59861366E-01	 3.51149097E-01	-8.39783912E-02	 3.06693835E-02	 2.80824188E-02	 2.78470593E-02	 2.79795968E-02	-1.37028293E-01	-3.83401988E-01	-8.99283557E-01	-1.77235697E+00	 1.36103642E-01	-1.23630460E-01	-6.15339705E-02	 3.60396036E-03
 1.800000E-01	 6.96292065E-03	-4.69880976E-02	-1.49737060E-01	-7.88025814E-01	-1.76171697E+00	-1.93051632E-01	 3.42026742E-01	-8.52955720E-02	 3.33602101E-02	 2.66823093E-02	 2.64019770E-02	 3.34634084E-02	-1.12344527E-01	-3.28408642E-01	-7.96851984E-01	-1.73610676E+00	 1.31930376E-01	-1.30984057E-01	-5.69514644E-02	 3.98573336E-03
 1.810000E-01	 8.29450167E-03	-4.22431829E-02	-1.44282821E-01	-7.75749076E-01	-1.77534101E+00	-2.27178913E-01	 3.32660694E-01	-8.61158632E-02	 3.59937213E-02	 2.51708576E-02	 2.49663367E-02	 3.88354471E-02	-8.83355154E-02	-2.75625460E-01	-6.92215304E-01	-1.69615905E+00	 1.25162882E-01	-1.37491281E-01	-5.23779776E-02	 4.11148041E-03
 1.820000E-01	 9.73316926E-03	-3.63088598E-02	-1.37296244E-01	-7.59396154E-01	-1.78096436E+00	-2.61736721E-01	 3.22876770E-01	-8.64364140E-02	 3.85586602E-02	 2.35509277E-02	 2.34965642E-02	 4.38379475E-02	-6.53472234E-02	-2.25447758E-01	-5.86200122E-01	-1.65242892E+00	 1.15942992E-01	-1.43108096E-01	-4.78962229E-02	 4.01845647E-03
 1.830000E-01	 1.12726204E-02	-2.92850110E-02	-1.28881766E-01	-7.39308243E-01	-1.77791761E+00	-2.96180829E-01	 3.12483837E-01	-8.62500780E-02	 4.10378342E-02	 2.18285381E-02	 2.19425104E-02	 4.82216394E-02	-4.37047776E-02	-1.78245867E-01	-4.79809765E-01	-1.60489815E+00	 1.04461531E-01	-1.47820232E-01	-4.35798206E-02	 3.74928541E-03
 1.840000E-01	 1.28879334E-02	-2.13266693E-02	-1.19195764E-01	-7.15893112E-01	-1.76572906E+00	-3.29946620E-01	 3.01283403E-01	-8.55488671E-02	 4.34109891E-02	 2.00138042E-02	 2.02525186E-02	 5.17557275E-02	-2.36952775E-02	-1.34341786E-01	-3.74196965E-01	-1.55362831E+00	 9.09603033E-02	-1.51643168E-01	-3.94914296E-02	 3.34965882E-03
 1.850000E-01	 1.45347766E-02	-1.26346639E-02	-1.08433340E-01	-6.89622039E-01	-1.74416435E+00	-3.62458925E-01	 2.89084250E-01	-8.43288670E-02	 4.56559500E-02	 1.81218405E-02	 1.83816495E-02	 5.42439320E-02	-5.56543504E-03	-9.40009519E-02	-2.70625793E-01	-1.49876545E+00	 7.57324724E-02	-1.54622120E-01	-3.56806360E-02	 2.86711894E-03
 1.860000E-01	 1.61527041E-02	-3.45097883E-03	-9.68297651E-02	-6.61007288E-01	-1.71325916E+00	-3.93154553E-01	 2.75713689E-01	-8.25951859E-02	 4.77519176E-02	 1.61726591E-02	 1.62968733E-02	 5.55323151E-02	 1.04941112E-02	-5.74126556E-02	-1.70416942E-01	-1.44054646E+00	 5.91196556E-02	-1.56828786E-01	-3.21840523E-02	 2.34867855E-03
 1.870000E-01	 1.76686526E-02	 5.95718359E-03	-8.46429010E-02	-6.30592065E-01	-1.67333318E+00	-4.21495671E-01	 2.61032905E-01	-8.03666140E-02	 4.96810997E-02	 1.41915831E-02	 1.39836049E-02	 5.55212737E-02	 2.43474088E-02	-2.46876843E-02	-7.48881689E-02	-1.37929616E+00	 4.15050165E-02	-1.58357466E-01	-2.90259694E-02	 1.83960400E-03
 1.880000E-01	 1.90036875E-02	 1.53067190E-02	-7.21507121E-02	-5.98923335E-01	-1.62499072E+00	-4.46994041E-01	 2.44946188E-01	-7.76805687E-02	 5.14308996E-02	 1.22074480E-02	 1.14479332E-02	 5.41680397E-02	 3.59242287E-02	 4.15344419E-03	 1.47140396E-02	-1.31542434E+00	 2.33042158E-02	-1.59318873E-01	-2.62205812E-02	 1.38072822E-03
 1.890000E-01	 2.00818741E-02	 2.43178244E-02	-5.96293776E-02	-5.66539590E-01	-1.56909733E+00	-4.69224676E-01	 2.27413268E-01	-7.45972355E-02	 5.29951189E-02	 1.02508611E-02	 8.71978005E-03	 5.14913202E-02	 4.52141205E-02	 2.91734840E-02	 9.72782097E-02	-1.24941463E+00	 4.95249638E-03	-1.59834660E-01	-2.37746580E-02	 1.00564429E-03
 1.900000E-01	 2.08383324E-02	 3.27234167E-02	-4.73488268E-02	-5.33944047E-01	-1.50674139E+00	-4.87845272E-01	 2.08455476E-01	-7.11987405E-02	 5.43749104E-02	 8.35560304E-03	 5.84927948E-03	 4.75657041E-02	 5.22700140E-02	 5.05187808E-02	 1.71887272E-01	-1.18181254E+00	-1.31101710E-02	-1.60027773E-01	-2.16909228E-02	 7.40440529E-04
 1.910000E-01	 2.12232138E-02	 4.02856820E-02	-3.55559597E-02	-5.01595907E-01	-1.43918004E+00	-5.02603140E-01	 1.88159462E-01	-6.75868825E-02	 5.55765568E-02	 6.55817748E-03	 2.90415464E-03	 4.25189752E-02	 5.71959533E-02	 6.84032717E-02	 2.37862872E-01	-1.11320571E+00	-3.04561224E-02	-1.60013358E-01	-1.99708683E-02	 6.03865639E-04
 1.920000E-01	 2.12068864E-02	 4.68033537E-02	-2.44726237E-02	-4.69889049E-01	-1.36777670E+00	-5.13346778E-01	 1.66673604E-01	-6.38802781E-02	 5.66093462E-02	 4.89602397E-03	-3.70256844E-05	 3.65213476E-02	 6.01458279E-02	 8.31017236E-02	 2.94796452E-01	-1.04420516E+00	-4.66851712E-02	-1.59891031E-01	-1.86171662E-02	 6.05820670E-04
 1.930000E-01	 2.07822856E-02	 5.21226976E-02	-1.42816919E-02	-4.39151244E-01	-1.29393074E+00	-5.20024427E-01	 1.44203812E-01	-6.02089947E-02	 5.74823127E-02	 3.40588051E-03	-2.89036770E-03	 2.97768851E-02	 6.13078406E-02	 9.49275514E-02	 3.42558556E-01	-9.75423236E-01	-6.14399311E-02	-1.59738612E-01	-1.76346880E-02	 7.46927183E-04
 1.940000E-01	 1.99651889E-02	 5.61394616E-02	-5.12943120E-03	-4.09631391E-01	-1.21901150E+00	-5.22684837E-01	 1.21002697E-01	-5.67081872E-02	 5.82010140E-02	 2.12189555E-03	-5.57442027E-03	 2.25098924E-02	 6.09003160E-02	 1.04222360E-01	 3.81291854E-01	-9.07454049E-01	-7.44172211E-02	-1.59607302E-01	-1.70306346E-02	 1.01817413E-03
 1.950000E-01	 1.87921575E-02	 5.88028545E-02	 2.88261814E-03	-3.81507951E-01	-1.14429595E+00	-5.21466590E-01	 9.73591664E-02	-5.35104290E-02	 5.87645993E-02	 1.07371245E-03	-8.01581019E-03	 1.49541555E-02	 5.91554836E-02	 1.11332976E-01	 4.11385255E-01	-8.40854084E-01	-8.53780120E-02	-1.59519396E-01	-1.68132245E-02	 1.40117742E-03
 1.960000E-01	 1.73165762E-02	 6.01117298E-02	 9.69105256E-03	-3.54884834E-01	-1.07091989E+00	-5.16589790E-01	 7.35836298E-02	-5.07384211E-02	 5.91635737E-02	 2.84495052E-04	-1.01550565E-02	 7.34014992E-03	 5.63152452E-02	 1.16602439E-01	 4.33436344E-01	-7.76126813E-01	-9.41519250E-02	-1.59468089E-01	-1.69894132E-02	 1.86890845E-03
 1.970000E-01	 1.56036045E-02	 6.01122791E-02	 1.52737868E-02	-3.29807161E-01	-9.99840590E-01	-5.08339150E-01	 4.99953677E-02	-4.84977636E-02	 5.93789547E-02	-2.30896949E-04	-1.19496779E-02	-1.14340425E-04	 5.26169629E-02	 1.20351001E-01	 4.48202620E-01	-7.13710254E-01	-1.00639804E-01	-1.59419777E-01	-1.75619317E-02	 2.38695085E-03
 1.980000E-01	 1.37243077E-02	 5.88900556E-02	 1.96407925E-02	-3.06262953E-01	-9.31816812E-01	-4.97050639E-01	 2.69081673E-02	-4.68714118E-02	 5.93825712E-02	-4.67450674E-04	-1.33762013E-02	-7.21335180E-03	 4.82913301E-02	 1.22872183E-01	 4.56549721E-01	-6.53968991E-01	-1.04810847E-01	-1.59318066E-01	-1.85259711E-02	 2.91543128E-03
 1.990000E-01	 1.17502622E-02	 5.65637157E-02	 2.28343521E-02	-2.84202458E-01	-8.67401792E-01	-4.83092839E-01	 4.61955263E-03	-4.59152132E-02	 5.91390005E-02	-4.31014326E-04	-1.44297341E-02	-1.37885037E-02	 4.35516177E-02	 1.24420338E-01	 4.59398188E-01	-5.97190369E-01	-1.06698553E-01	-1.59089455E-01	-1.98663277E-02	 3.41128368E-03
 2.000000E-01	 9.74852808E-03	 5.32754565E-02	 2.49192297E-02	-2.63541748E-01	-8.06951269E-01	-4.66853221E-01	-1.65996910E-02	-4.56558652E-02	 5.86084899E-02	-1.38761235E-04	-1.51222273E-02	-1.97032809E-02	 3.85944089E-02	 1.25212829E-01	 4.57675709E-01	-5.43584264E-01	-1.06392424E-01	-1.58649688E-01	-2.15549898E-02	 3.83104675E-03
 2.010000E-01	 7.77812604E-03	 4.91835727E-02	 2.59819736E-02	-2.44181519E-01	-7.50640727E-01	-4.48721922E-01	-3.65119298E-02	-4.60900772E-02	 5.77508636E-02	 3.81473896E-04	-1.54794302E-02	-2.48546926E-02	 3.35922800E-02	 1.25424176E-01	 4.52275241E-01	-4.93286884E-01	-1.04030005E-01	-1.57910582E-01	-2.35501693E-02	 4.13365732E-03
 2.020000E-01	 5.88676450E-03	 4.44539092E-02	 2.61214302E-02	-2.26008919E-01	-6.98491990E-01	-4.29080938E-01	-5.49182224E-02	-4.71858073E-02	 5.65294919E-02	 1.09269772E-03	-1.55372159E-02	-2.91731860E-02	 2.86968464E-02	 1.25193194E-01	 4.44023525E-01	-4.46366383E-01	-9.97864035E-02	-1.56786227E-01	-2.57962804E-02	 4.28345929E-03
 2.030000E-01	 4.11002085E-03	 3.92535603E-02	 2.54480814E-02	-2.08913098E-01	-6.50402094E-01	-4.08292889E-01	-7.16604019E-02	-4.88852745E-02	 5.49152991E-02	 1.94992974E-03	-1.53370811E-02	-3.26209966E-02	 2.40344395E-02	 1.24621813E-01	 4.33658857E-01	-4.02831127E-01	-9.38651583E-02	-1.55198858E-01	-2.82253797E-02	 4.25271416E-03
 2.040000E-01	 2.47172254E-03	 3.37445501E-02	 2.40768640E-02	-1.92784060E-01	-6.06173943E-01	-3.86694920E-01	-8.66217848E-02	-5.11093321E-02	 5.28903799E-02	 2.90248211E-03	-1.49222800E-02	-3.51891799E-02	 1.97103727E-02	 1.23784466E-01	 4.21818507E-01	-3.62637966E-01	-8.64883549E-02	-1.53083571E-01	-3.07597852E-02	 4.02336646E-03
 2.050000E-01	 9.85469699E-04	 2.80793993E-02	 2.21272616E-02	-1.77524261E-01	-5.65545129E-01	-3.64592804E-01	-9.97255128E-02	-5.37620898E-02	 5.04505517E-02	 3.89691855E-03	-1.43348540E-02	-3.68942638E-02	 1.58057595E-02	 1.22728998E-01	 4.09033701E-01	-3.25702272E-01	-7.78890599E-02	-1.50391890E-01	-3.33157273E-02	 3.58821658E-03
 2.060000E-01	-3.43753848E-04	 2.23975754E-02	 1.97172404E-02	-1.63044140E-01	-5.28214805E-01	-3.42259055E-01	-1.10932548E-01	-5.67361741E-02	 4.76067758E-02	 4.88004201E-03	-1.36131635E-02	-3.77739722E-02	 1.23822405E-02	 1.21486122E-01	 3.95732047E-01	-2.91906292E-01	-6.83035785E-02	-1.47093874E-01	-3.58074866E-02	 2.95119038E-03
 2.070000E-01	-1.51703499E-03	 1.68231183E-02	 1.69638006E-02	-1.49270311E-01	-4.93865468E-01	-3.19931506E-01	-1.20238133E-01	-5.99178941E-02	 4.43853603E-02	 5.80185546E-03	-1.27908580E-02	-3.78834614E-02	 9.47950617E-03	 1.20070465E-01	 3.82244380E-01	-2.61108398E-01	-5.79661346E-02	-1.43179167E-01	-3.81517095E-02	 2.12680836E-03
 2.080000E-01	-2.53971170E-03	 1.14633305E-02	 1.39779808E-02	-1.36139038E-01	-4.62181054E-01	-2.97814501E-01	-1.27668526E-01	-6.31921851E-02	 4.08269545E-02	 6.61807826E-03	-1.18960033E-02	-3.72909468E-02	 7.12021854E-03	 1.18488596E-01	 3.68815621E-01	-2.33149763E-01	-4.71034370E-02	-1.38656697E-01	-4.02713988E-02	 1.13895540E-03
 2.090000E-01	-3.41917122E-03	 6.40806833E-03	 1.08655246E-02	-1.23602069E-01	-4.32859639E-01	-2.76080283E-01	-1.33276995E-01	-6.64470899E-02	 3.69845747E-02	 7.29218091E-03	-1.09516316E-02	-3.60743732E-02	 5.30810763E-03	 1.16739271E-01	 3.55616739E-01	-2.07861595E-01	-3.59314106E-02	-1.33553651E-01	-4.20993868E-02	 1.90260104E-05
 2.100000E-01	-4.16372172E-03	 1.72995586E-03	 7.72276612E-03	-1.11619294E-01	-4.05622711E-01	-2.54871765E-01	-1.37140298E-01	-6.95775055E-02	 3.29208677E-02	 7.79672788E-03	-9.97597557E-03	-3.43176054E-02	 4.03302153E-03	 1.14819549E-01	 3.42757919E-01	-1.85069527E-01	-2.46516677E-02	-1.27913466E-01	-4.35809331E-02	-1.19623592E-03
 2.110000E-01	-4.78141104E-03	-2.51522590E-03	 4.63732707E-03	-1.00163284E-01	-3.80220293E-01	-2.34305193E-01	-1.39354939E-01	-7.24883332E-02	 2.87049094E-02	 8.11401139E-03	-8.98371764E-03	-3.21078861E-02	 3.26964363E-03	 1.12724087E-01	 3.30300677E-01	-1.64598604E-01	-1.34496855E-02	-1.21793516E-01	-4.46754260E-02	-2.46713465E-03
 2.120000E-01	-5.27983293E-03	-6.28745224E-03	 1.68488703E-03	-8.92120702E-02	-3.56433721E-01	-2.14473292E-01	-1.40033781E-01	-7.50967157E-02	 2.44089044E-02	 8.23603739E-03	-7.98655590E-03	-2.95328047E-02	 2.98267182E-03	 1.10449524E-01	 3.18269606E-01	-1.46275564E-01	-2.49264072E-03	-1.15262229E-01	-4.53571141E-02	-3.75330137E-03
 2.130000E-01	-5.66588736E-03	-9.56146674E-03	-1.06990932E-03	-7.87530615E-02	-3.34075797E-01	-1.95448188E-01	-1.39302788E-01	-7.73337974E-02	 2.01048669E-02	 8.16376964E-03	-6.99440962E-03	-2.66785661E-02	 3.12605521E-03	 1.07993105E-01	 3.06662147E-01	-1.29931935E-01	 8.07151317E-03	-1.08396339E-01	-4.56148952E-02	-5.01593875E-03
 2.140000E-01	-5.94577102E-03	-1.23252896E-02	-3.57517759E-03	-6.87763650E-02	-3.12989416E-01	-1.77284259E-01	-1.37297623E-01	-7.91456384E-02	 1.58618834E-02	 7.90608037E-03	-6.01612909E-03	-2.36277908E-02	 3.64783626E-03	 1.05355644E-01	 2.95457205E-01	-1.15404921E-01	 1.81151725E-02	-1.01278063E-01	-4.54514603E-02	-6.21986562E-03
 2.150000E-01	-6.12474478E-03	-1.45791096E-02	-5.79018550E-03	-5.92786705E-02	-2.93044840E-01	-1.60020688E-01	-1.34160220E-01	-8.04933320E-02	 1.17439010E-02	 7.47858306E-03	-5.06047786E-03	-2.04585680E-02	 4.48955252E-03	 1.02539714E-01	 2.84621669E-01	-1.02539310E-01	 2.75308378E-02	-9.39922770E-02	-4.48819391E-02	-7.33467765E-03
 2.160000E-01	-6.20809295E-03	-1.63336270E-02	-7.68686399E-03	-5.02573586E-02	-2.74137208E-01	-1.43683512E-01	-1.30036033E-01	-8.13525228E-02	 7.80781953E-03	 6.90207180E-03	-4.13583858E-03	-1.72428455E-02	 5.59134052E-03	 9.95518666E-02	 2.74116495E-01	-9.11871817E-02	 3.62314799E-02	-8.66237093E-02	-4.39319820E-02	-8.33543276E-03
 2.170000E-01	-6.20126771E-03	-1.76087281E-02	-9.24794243E-03	-4.17139990E-02	-2.56183179E-01	-1.28287724E-01	-1.25071342E-01	-8.17127913E-02	 4.10218939E-03	 6.20084869E-03	-3.25056975E-03	-1.40459981E-02	 6.89138408E-03	 9.64008500E-02	 2.63900663E-01	-8.12090231E-02	 4.41499041E-02	-7.92547610E-02	-4.26356351E-02	-9.20317807E-03
 2.180000E-01	-6.11045723E-03	-1.84318542E-02	-1.04673136E-02	-3.36491498E-02	-2.39117828E-01	-1.13838710E-01	-1.19410717E-01	-8.15764582E-02	 6.66479640E-04	 5.40116522E-03	-2.41259024E-03	-1.09258204E-02	 8.33030091E-03	 9.30991066E-02	 2.53934799E-01	-7.24730246E-02	 5.12383304E-02	-7.19634601E-02	-4.10331761E-02	-9.92500916E-03
 2.190000E-01	-5.94258882E-03	-1.88366468E-02	-1.13478911E-02	-2.60656291E-02	-2.22891296E-01	-1.00333862E-01	-1.13194796E-01	-8.09573067E-02	-2.46919567E-03	 4.52982019E-03	-1.62938874E-03	-7.93253396E-03	 9.85032638E-03	 8.96610990E-02	 2.44183111E-01	-6.48557517E-02	 5.74671673E-02	-6.48218980E-02	-3.91690022E-02	-1.04938186E-02
 2.200000E-01	-5.70556417E-03	-1.88614417E-02	-1.19013124E-02	-1.89639839E-02	-2.07465877E-01	-8.77634837E-02	-1.06558185E-01	-7.98789433E-02	-5.28388432E-03	 3.61299645E-03	-9.07558828E-04	-5.10825364E-03	 1.13989309E-02	 8.61043124E-02	 2.34615259E-01	-5.82412851E-02	 6.28238986E-02	-5.78949141E-02	-3.70897454E-02	-1.09078126E-02
 2.210000E-01	-5.40804238E-03	-1.85480001E-02	-1.21457292E-02	-1.23455517E-02	-1.92813132E-01	-7.61120438E-02	-9.96278278E-02	-7.83732024E-02	-7.76534136E-03	 2.67532761E-03	-2.52747175E-04	-2.48734512E-03	 1.29275690E-02	 8.24477290E-02	 2.25206837E-01	-5.25216912E-02	 6.73113884E-02	-5.12392166E-02	-3.48425537E-02	-1.11698245E-02
 2.220000E-01	-5.05941866E-03	-1.79401884E-02	-1.21051803E-02	-6.20854401E-03	-1.78911505E-01	-6.53587133E-02	-9.25214862E-02	-7.64783765E-02	-9.90927501E-03	 1.73923069E-03	 3.30699748E-04	-9.62694000E-05	 1.43944924E-02	 7.87124566E-02	 2.15940057E-01	-4.75961662E-02	 7.09462845E-02	-4.49027748E-02	-3.24737203E-02	-1.12865859E-02
 2.230000E-01	-4.66947556E-03	-1.70828734E-02	-1.18075572E-02	-5.50912461E-04	-1.65744086E-01	-5.54784115E-02	-8.53467837E-02	-7.42375972E-02	-1.17184952E-02	 8.24432809E-04	 8.39688410E-04	 2.04579399E-03	 1.57630759E-02	 7.49203840E-02	 2.06803289E-01	-4.33714128E-02	 7.37570623E-02	-3.89245773E-02	-3.00274879E-02	-1.12679238E-02
 2.240000E-01	-4.24820717E-03	-1.60208292E-02	-1.12838752E-02	 4.63299463E-03	-1.53296827E-01	-4.64420782E-02	-7.82002980E-02	-7.16971709E-02	-1.32019084E-02	-5.22563827E-05	 1.27255282E-03	 3.92682562E-03	 1.70038982E-02	 7.10945608E-02	 1.97790993E-01	-3.97608357E-02	 7.57822174E-02	-3.33346239E-02	-2.75452034E-02	-1.11260143E-02
 2.250000E-01	-3.80558870E-03	-1.47978173E-02	-1.05667162E-02	 9.34972749E-03	-1.41557073E-01	-3.82175342E-02	-7.11672811E-02	-6.89050320E-02	-1.43735433E-02	-8.76910377E-04	 1.62898242E-03	 5.54115687E-03	 1.80928745E-02	 6.72580311E-02	 1.88902742E-01	-3.66849092E-02	 7.70682811E-02	-2.81542384E-02	-2.50646335E-02	-1.08747044E-02
 2.260000E-01	-3.35158315E-03	-1.34556776E-02	-9.68974821E-03	 1.36095977E-02	-1.30512534E-01	-3.07695959E-02	-6.43214643E-02	-6.59094168E-02	-1.52515871E-02	-1.63855189E-03	 1.91046651E-03	 6.88911170E-03	 1.90131432E-02	 6.34340169E-02	 1.80143133E-01	-3.40704606E-02	 7.76683414E-02	-2.33965299E-02	-2.26193791E-02	-1.05288345E-02
 2.270000E-01	-2.89558026E-03	-1.20337050E-02	-8.68622669E-03	 1.74241524E-02	-1.20150257E-01	-2.40610192E-02	-5.77252457E-02	-6.27578392E-02	-1.58574422E-02	-2.32916392E-03	 2.11993803E-03	 7.97606347E-03	 1.97528638E-02	 5.96449337E-02	 1.71520584E-01	-3.18509460E-02	 7.76402797E-02	-1.90669687E-02	-2.02385817E-02	-1.01036055E-02
 2.280000E-01	-2.44621184E-03	-1.05681019E-02	-7.58848241E-03	 2.08084699E-02	-1.10455935E-01	-1.80525935E-02	-5.14298127E-02	-5.94960749E-02	-1.62147971E-02	-2.94344564E-03	 2.26162692E-03	 8.81197999E-03	 2.03062953E-02	 5.59124612E-02	 1.63046811E-01	-2.99657900E-02	 7.70451486E-02	-1.51641123E-02	-1.79468920E-02	-9.61411467E-03
 2.290000E-01	-2.01109463E-03	-9.09158835E-03	-6.42702520E-03	 2.37787769E-02	-1.01413469E-01	-1.27039761E-02	-4.54757680E-02	-5.61673456E-02	-1.63488218E-02	-3.47851214E-03	 2.34073882E-03	 9.41046375E-03	 2.06716915E-02	 5.22567769E-02	 1.54735623E-01	-2.83606148E-02	 7.59456556E-02	-1.16804082E-02	-1.57645023E-02	-9.07495871E-03
 2.300000E-01	-1.59680694E-03	-7.63310412E-03	-5.23028361E-03	 2.63543140E-02	-9.30047244E-02	-7.97374201E-03	-3.98936356E-02	-5.28116809E-02	-1.62854415E-02	-3.93360126E-03	 2.36332432E-03	 9.78824003E-03	 2.08521855E-02	 4.86965705E-02	 1.46602470E-01	-2.69866393E-02	 7.44048786E-02	-8.60306504E-03	-1.37073193E-02	-8.49994399E-03
 2.310000E-01	-1.20874290E-03	-6.21767806E-03	-4.02406817E-03	 2.85551234E-02	-8.52094570E-02	-3.82021129E-03	-3.47047318E-02	-4.94654620E-02	-1.60506924E-02	-4.30976287E-03	 2.33592748E-03	 9.96424937E-03	 2.08537773E-02	 4.52485162E-02	 1.38663347E-01	-2.58008082E-02	 7.24850942E-02	-5.91490890E-03	-1.17871832E-02	-7.90186186E-03
 2.320000E-01	-8.51179378E-04	-4.86634562E-03	-2.83147207E-03	 3.04035644E-02	-7.80053445E-02	-2.01448392E-04	-2.99218710E-02	-4.61611158E-02	-1.56701889E-02	-4.60956217E-03	 2.26548858E-03	 9.95916225E-03	 2.06860755E-02	 4.19273020E-02	 1.30934496E-01	-2.47652051E-02	 7.02468432E-02	-3.59525716E-03	-1.00121632E-02	-7.29233317E-03
 2.330000E-01	-5.27216480E-04	-3.59624343E-03	-1.67262335E-03	 3.19222797E-02	-7.13681623E-02	 2.92393827E-03	-2.55503503E-02	-4.29269560E-02	-1.51686479E-02	-4.83678741E-03	 2.15900866E-03	 9.79457132E-03	 2.03604555E-02	 3.87453078E-02	 1.23431509E-01	-2.38470885E-02	 6.77481122E-02	-1.62072457E-03	-8.38688558E-03	-6.68170757E-03
 2.340000E-01	-2.38894716E-04	-2.42069222E-03	-5.64695046E-04	 3.31354445E-02	-6.52719775E-02	 5.59683460E-03	-2.15887269E-02	-3.97871478E-02	-1.45695321E-02	-4.99617758E-03	 2.02350757E-03	 9.49258457E-03	 1.98907175E-02	 3.57126657E-02	 1.16169210E-01	-2.30183134E-02	 6.50437074E-02	 3.39895184E-05	-6.91290322E-03	-6.07901341E-03
 2.350000E-01	 1.27802051E-05	-1.34945727E-03	 4.78098249E-04	 3.40669544E-02	-5.96894596E-02	 7.85687919E-03	-1.80298256E-02	-3.67617887E-02	-1.38947465E-02	-5.09319282E-03	 1.86576251E-03	 9.07514518E-03	 1.92914903E-02	 3.28371278E-02	 1.09160979E-01	-2.22552749E-02	 6.21847746E-02	 1.39542009E-03	-5.58906231E-03	-5.49193606E-03
 2.360000E-01	 2.27734186E-04	-3.88971587E-04	 1.44446419E-03	 3.47414482E-02	-5.45920842E-02	 9.74256551E-03	-1.48615026E-02	-3.38670531E-02	-1.31644471E-02	-5.13378418E-03	 1.69222354E-03	 8.56374997E-03	 1.85787393E-02	 3.01241994E-02	 1.02418723E-01	-2.15383012E-02	 5.92184254E-02	 2.49072197E-03	-4.41189523E-03	-4.92680349E-03
 2.370000E-01	 4.06741298E-04	 4.57293617E-04	 2.32584168E-03	 3.51827305E-02	-4.99505274E-02	 1.12905999E-02	-1.20676169E-02	-3.11153832E-02	-1.23969065E-02	-5.12415398E-03	 1.50867733E-03	 7.97893925E-03	 1.77682950E-02	 2.75771644E-02	 9.59522780E-02	-2.08515184E-02	 5.61874289E-02	 3.34712664E-03	-3.37605238E-03	-4.38867392E-03
 2.380000E-01	 5.51209971E-04	 1.18859027E-03	 3.11623444E-03	 3.54146822E-02	-4.57349714E-02	 1.25360927E-02	-9.62873708E-03	-2.85157584E-02	-1.16084293E-02	-5.07057816E-03	 1.32038581E-03	 7.34011865E-03	 1.68764792E-02	 2.51972281E-02	 8.97695791E-02	-2.01823214E-02	 5.31300845E-02	 3.99142343E-03	-2.47466924E-03	-3.88144919E-03
 2.390000E-01	 6.63097052E-04	 1.80648741E-03	 3.81192355E-03	 3.54599359E-02	-4.19154936E-02	 1.35120056E-02	-7.52299098E-03	-2.60740121E-02	-1.08133180E-02	-4.97927670E-03	 1.13195652E-03	 6.66517712E-03	 1.59189848E-02	 2.29836524E-02	 8.38763402E-02	-1.95211856E-02	 5.00802348E-02	 4.44958268E-03	-1.69969819E-03	-3.40795672E-03
 2.400000E-01	 7.44756883E-04	 2.31458746E-03	 4.41134630E-03	 3.53406509E-02	-3.84622841E-02	 1.42494042E-02	-5.72666391E-03	-2.37931559E-02	-1.00238947E-02	-4.85629768E-03	 9.47433002E-04	 5.97043717E-03	 1.49113856E-02	 2.09339455E-02	 7.82762831E-02	-1.88611431E-02	 4.70673010E-02	 4.74642729E-03	-1.04222791E-03	-2.97004434E-03
 2.410000E-01	 7.98869812E-04	 2.71811955E-03	 4.91474884E-03	 3.50774449E-02	-3.53460081E-02	 1.47770196E-02	-4.21490858E-03	-2.16737155E-02	-9.25055211E-03	-4.70741765E-03	 7.70182938E-04	 5.27041624E-03	 1.38682027E-02	 1.90440747E-02	 7.29709225E-02	-1.81975665E-02	 4.41164277E-02	 4.90540056E-03	-4.92776145E-04	-2.56868519E-03
 2.420000E-01	 8.28313016E-04	 3.02366809E-03	 5.32407778E-03	 3.46900736E-02	-3.25379690E-02	 1.51215578E-02	-2.96222868E-03	-1.97140598E-02	-8.50185129E-03	-4.53806341E-03	 6.03010805E-04	 4.57787560E-03	 1.28033798E-02	 1.73086587E-02	 6.79598532E-02	-1.75277064E-02	 4.12486370E-02	 4.94837046E-03	-4.15505769E-05	-2.20408674E-03
 2.430000E-01	 8.36099808E-04	 3.23879169E-03	 5.64260038E-03	 3.41965872E-02	-3.00104290E-02	 1.53073622E-02	-1.94304903E-03	-1.79107218E-02	-7.78463244E-03	-4.35324662E-03	 4.48065944E-04	 3.90369888E-03	 1.17295361E-02	 1.57212149E-02	 6.32406312E-02	-1.68504744E-02	 3.84810760E-02	 4.89551224E-03	 3.21322887E-04	-1.87580542E-03
 2.440000E-01	 8.25276969E-04	 3.37179077E-03	 5.87482237E-03	 3.36139341E-02	-2.77367055E-02	 1.53567589E-02	-1.13207467E-03	-1.62587114E-02	-7.10415586E-03	-4.15752399E-03	 3.06980653E-04	 3.25701647E-03	 1.06584195E-02	 1.42743403E-02	 5.88091073E-02	-1.61660532E-02	 3.58272531E-02	 4.76522311E-03	 6.05603483E-04	-1.58285373E-03
 2.450000E-01	 7.98871201E-04	 3.43137469E-03	 6.02609727E-03	 3.29573135E-02	-2.56914401E-02	 1.52898059E-02	-5.04724742E-04	-1.47518071E-02	-6.46424697E-03	-3.95497164E-03	 1.80806712E-04	 2.64517235E-03	 9.60034237E-03	 1.29599616E-02	 5.46593901E-02	-1.54756962E-02	 3.32973518E-02	 4.57409775E-03	 8.20774975E-04	-1.32380866E-03
 2.460000E-01	 7.59814911E-04	 3.42648318E-03	 6.10258395E-03	 3.22407206E-02	-2.38506195E-02	 1.51246578E-02	-3.73706058E-05	-1.33828313E-02	-5.86745179E-03	-3.74917841E-03	 7.01627810E-05	 2.07390201E-03	 8.56459975E-03	 1.17694913E-02	 5.07841977E-02	-1.47814097E-02	 3.08985087E-02	 4.33693018E-03	 9.75912080E-04	-1.09689811E-03
 2.470000E-01	 7.10882036E-04	 3.36601547E-03	 6.11084986E-03	 3.14764862E-02	-2.21918156E-02	 1.48773834E-02	 2.92339795E-04	-1.21439017E-02	-5.31520125E-03	-3.54325933E-03	-2.48055529E-05	 1.54736588E-03	 7.55906228E-03	 1.06940626E-02	 4.71748879E-02	-1.40857703E-02	 2.86351525E-02	 4.06676698E-03	 1.07957827E-03	-9.00079238E-04
 2.480000E-01	 6.54630280E-04	 3.25871173E-03	 6.05785635E-03	 3.06757456E-02	-2.06941377E-02	 1.45623440E-02	 5.05348666E-04	-1.10266534E-02	-4.80797165E-03	-3.33986821E-03	-1.04282082E-04	 1.06835956E-03	 6.59055046E-03	 9.72465862E-03	 4.38217841E-02	-1.33916917E-02	 2.65092992E-02	 3.77495384E-03	 1.13975602E-03	-7.31135667E-04
 2.490000E-01	 5.93393275E-04	 3.11293767E-03	 5.95062865E-03	 2.98481005E-02	-1.93383797E-02	 1.41920671E-02	 6.21013485E-04	-1.00224337E-02	-4.34542095E-03	-3.14121272E-03	-1.68814428E-04	 6.38379693E-04	 5.66455818E-03	 8.85230437E-03	 4.07142264E-02	-1.27022906E-02	 2.45208977E-02	 3.47121816E-03	 1.16380269E-03	-5.87753225E-04
 2.500000E-01	 5.29253469E-04	 2.93662435E-03	 5.79628952E-03	 2.90020395E-02	-1.81069209E-02	 1.37776092E-02	 6.57067500E-04	-9.12248092E-03	-3.92652964E-03	-2.94908466E-03	-2.19169971E-04	 2.57840962E-04	 4.78558646E-03	 8.06816257E-03	 3.78408804E-02	-1.20207230E-02	 2.26681088E-02	 3.16376310E-03	 1.15841963E-03	-4.67574556E-04
 2.510000E-01	 4.64040554E-04	 2.73711287E-03	 5.60176161E-03	 2.81447215E-02	-1.69838306E-02	 1.33284673E-02	 6.29533061E-04	-8.31806875E-03	-3.54972336E-03	-2.76488657E-03	-2.56363977E-04	-7.38378611E-05	 3.95697212E-03	 7.36368216E-03	 3.51898172E-02	-1.13500774E-02	 2.09476251E-02	 2.85937975E-03	 1.12964418E-03	-3.68251125E-04
 2.520000E-01	 3.99330444E-04	 2.52114687E-03	 5.37384009E-03	 2.72823334E-02	-1.59547158E-02	 1.28529169E-02	 5.52757067E-04	-7.60064145E-03	-3.21299171E-03	-2.58967020E-03	-2.81520628E-04	-3.58027315E-04	 3.18117885E-03	 6.73065678E-03	 3.27487901E-02	-1.06932769E-02	 1.93549258E-02	 2.56356205E-03	 1.08285255E-03	-2.87478051E-04
 2.530000E-01	 3.36444977E-04	 2.29477193E-03	 5.11892871E-03	 2.64199656E-02	-1.50067900E-02	 1.23579508E-02	 4.39395519E-04	-6.96191791E-03	-2.91399336E-03	-2.42417568E-03	-2.95895095E-04	-5.96799488E-04	 2.45971379E-03	 6.16132970E-03	 3.05053100E-02	-1.00530006E-02	 1.78845530E-02	 2.28063608E-03	 1.02277238E-03	-2.23026990E-04
 2.540000E-01	 2.76462711E-04	 2.06336975E-03	 4.84313898E-03	 2.55619082E-02	-1.41286909E-02	 1.18495952E-02	 3.00494331E-04	-6.39397424E-03	-2.65015435E-03	-2.26886602E-03	-3.00763853E-04	-7.92738081E-04	 1.79335156E-03	 5.64842959E-03	 2.84468541E-02	-9.43163845E-03	 1.65303231E-02	 2.01387605E-03	 9.53510468E-04	-1.72771415E-04
 2.550000E-01	 2.20228018E-04	 1.83159886E-03	 4.55207162E-03	 2.47115891E-02	-1.33105194E-02	 1.13328676E-02	 1.45526464E-04	-5.88930175E-03	-2.41875172E-03	-2.12395907E-03	-2.97452787E-04	-9.48857987E-04	 1.18211098E-03	 5.18522929E-03	 2.65609389E-02	-8.83124014E-03	 1.52855572E-02	 1.76563048E-03	 8.78581230E-04	-1.34706495E-04
 2.560000E-01	 1.68368873E-04	 1.60346724E-03	 4.25092957E-03	 2.38718136E-02	-1.25436471E-02	 1.08120524E-02	-1.74975516E-05	-5.44086169E-03	-2.21699001E-03	-1.98947187E-03	-2.87239722E-04	-1.06844245E-03	 6.25431335E-04	 4.76555733E-03	 2.48352829E-02	-8.25351454E-03	 1.41432452E-02	 1.53743187E-03	 8.00945293E-04	-1.06971233E-04
 2.570000E-01	 1.21321701E-04	 1.38230112E-03	 3.94435050E-03	 2.30447421E-02	-1.18207332E-02	 1.02906505E-02	-1.81941196E-04	-5.04213306E-03	-2.04205091E-03	-1.86527040E-03	-2.71362121E-04	-1.15497976E-03	 1.22218354E-04	 4.38381043E-03	 2.32578847E-02	-7.69980937E-03	 1.30962329E-02	 1.33010958E-03	 7.23048380E-04	-8.78620386E-05
 2.580000E-01	 7.93659828E-05	 1.17082972E-03	 3.63654969E-03	 2.22320687E-02	-1.11354974E-02	 9.77162563E-03	-3.42406028E-04	-4.68711806E-03	-1.89114487E-03	-1.75108128E-03	-2.50965263E-04	-1.21203121E-03	-3.29058019E-04	 4.03495848E-03	 2.18171205E-02	-7.17112877E-03	 1.21373393E-02	 1.14390224E-03	 6.46865943E-04	-7.58276097E-05
 2.590000E-01	 4.26259077E-05	 9.71167583E-04	 3.33117454E-03	 2.14350275E-02	-1.04827317E-02	 9.25737212E-03	-4.94648234E-04	-4.37033910E-03	-1.76156353E-03	-1.64650971E-03	-2.27145125E-04	-1.24317848E-03	-7.30307235E-04	 3.71453097E-03	 2.05017985E-02	-6.66811765E-03	 1.12594962E-02	 9.78561816E-04	 5.73947041E-04	-6.94683544E-05
 2.600000E-01	 1.10999459E-05	 7.84923480E-04	 3.03143867E-03	 2.06545323E-02	-9.85809943E-03	 8.74991559E-03	-6.35443584E-04	-4.08683851E-03	-1.65071396E-03	-1.55107215E-03	-2.00888953E-04	-1.25192355E-03	-1.08374764E-03	 3.41860453E-03	 1.93012214E-02	-6.19111202E-03	 1.04558218E-02	 8.33442725E-04	 5.05457416E-04	-6.75402350E-05
 2.610000E-01	-1.53349520E-05	 6.13189994E-04	 2.74001360E-03	 1.98911903E-02	-9.25813583E-03	 8.25087104E-03	-7.62488832E-04	-3.83216987E-03	-1.55614883E-03	-1.46421978E-03	-1.73111632E-04	-1.24165422E-03	-1.39181680E-03	 3.14376418E-03	 1.82052339E-02	-5.74013299E-03	 9.71972266E-03	 7.07588936E-04	 4.42225274E-04	-6.89507318E-05
 2.620000E-01	-3.68944393E-05	 4.56656871E-04	 2.45916103E-03	 1.91454002E-02	-8.68005763E-03	 7.76160974E-03	-8.74273675E-04	-3.60237884E-03	-1.47558629E-03	-1.38536438E-03	-1.44610174E-04	-1.21557302E-03	-1.65714570E-03	 2.88709101E-03	 1.72042425E-02	-5.31494867E-03	 9.04493163E-03	 5.99806863E-04	 3.84783802E-04	-7.27564534E-05
 2.630000E-01	-5.38779555E-05	 3.15603368E-04	 2.19065884E-03	 1.84173720E-02	-8.12175580E-03	 7.28321732E-03	-9.69979914E-04	-3.39398021E-03	-1.40692198E-03	-1.31389318E-03	-1.16105468E-04	-1.17667782E-03	-1.88245820E-03	 2.64610346E-03	 1.62892533E-02	-4.91507273E-03	 8.42557377E-03	 5.08733380E-04	 3.33414091E-04	-7.81565874E-05
 2.640000E-01	-6.66372118E-05	 1.90008362E-04	 1.93592985E-03	 1.77071884E-02	-7.58161784E-03	 6.81661973E-03	-1.04936064E-03	-3.20393481E-03	-1.34823615E-03	-1.24919047E-03	-8.82007995E-05	-1.12771912E-03	-2.07057460E-03	 2.41874295E-03	 1.54518693E-02	-4.53983357E-03	 7.85617846E-03	 4.32894453E-04	 2.88184841E-04	-8.44840927E-05
 2.650000E-01	-7.55718310E-05	 7.95411696E-05	 1.69599030E-03	 1.70148274E-02	-7.05852247E-03	 6.36253844E-03	-1.11264553E-03	-3.02962362E-03	-1.29779334E-03	-1.19065139E-03	-6.14190290E-05	-1.07119509E-03	-2.22429912E-03	 2.20330399E-03	 1.46843211E-02	-4.18837198E-03	 7.33171712E-03	 3.70759050E-04	 2.48990479E-04	-9.11942162E-05
 2.660000E-01	-8.10972095E-05	-1.63444009E-05	 1.47157458E-03	 1.63401881E-02	-6.55167780E-03	 5.92160418E-03	-1.16044047E-03	-2.86879047E-03	-1.25404842E-03	-1.13766396E-03	-3.61911743E-05	-1.00932871E-03	-2.34647437E-03	 1.99843178E-03	 1.39794168E-02	-3.85970877E-03	 6.84759423E-03	 3.20784844E-04	 2.15590207E-04	-9.78464925E-05
 2.670000E-01	-8.36554268E-05	-9.84133567E-05	 1.26308675E-03	 1.56831227E-02	-6.06063630E-03	 5.49432421E-03	-1.19366269E-03	-2.71950183E-03	-1.21565278E-03	-1.08961271E-03	-1.28918644E-05	-9.44073301E-04	-2.43986155E-03	 1.80304354E-03	 1.33305709E-02	-3.55274248E-03	 6.39966763E-03	 2.81454361E-04	 1.87643168E-04	-1.04093728E-04
 2.680000E-01	-8.36880367E-05	-1.67545079E-04	 1.07069817E-03	 1.50434569E-02	-5.58516218E-03	 5.08114119E-03	-1.21345059E-03	-2.58014018E-03	-1.18143993E-03	-1.04591717E-03	 8.20720333E-06	-8.77112421E-04	-2.50718129E-03	 1.61632182E-03	 1.27317646E-02	-3.26632022E-03	 5.98422031E-03	 2.51298850E-04	 1.64733694E-04	-1.09677196E-04
 2.690000E-01	-8.16366348E-05	-2.24744537E-04	 8.94326929E-04	 1.44210154E-02	-5.12523381E-03	 4.68239476E-03	-1.22109593E-03	-2.44937453E-03	-1.15041122E-03	-1.00603996E-03	 2.69075935E-05	-8.09874409E-04	-2.55099679E-03	 1.43763368E-03	 1.21775654E-02	-2.99922742E-03	 5.59795764E-03	 2.28924544E-04	 1.46395078E-04	-1.14415172E-04
 2.700000E-01	-7.79177809E-05	-2.71060544E-04	 7.33726807E-04	 1.38156148E-02	-4.68092765E-03	 4.29837898E-03	-1.21797826E-03	-2.32612245E-03	-1.12172656E-03	-9.69483687E-04	 4.30994456E-05	-7.43541563E-04	-2.57379689E-03	 1.26654042E-03	 1.16630528E-02	-2.75024909E-03	 5.23797129E-03	 2.13028918E-04	 1.32133441E-04	-1.18189596E-04
 2.710000E-01	-7.29282821E-05	-3.07596910E-04	 5.88473490E-04	 1.32270931E-02	-4.25243260E-03	 3.92931488E-03	-1.20551653E-03	-2.20951626E-03	-1.09469040E-03	-9.35792685E-04	 5.67326436E-05	-6.79069059E-04	-2.57788429E-03	 1.10271758E-03	 1.11838327E-02	-2.51815584E-03	 4.90172327E-03	 2.02415653E-04	 1.21443374E-04	-1.20936583E-04
 2.720000E-01	-6.70250797E-05	-3.35443965E-04	 4.58035784E-04	 1.26552900E-02	-3.83995630E-03	 3.57538917E-03	-1.18512314E-03	-2.09886916E-03	-1.06874219E-03	-9.04547303E-04	 6.78265044E-05	-6.17201839E-04	-2.56547178E-03	 9.45974598E-04	 1.07359566E-02	-2.30175783E-03	 4.58700558E-03	 1.96001270E-04	 1.13825716E-04	-1.22635355E-04
 2.730000E-01	-6.05378844E-05	-3.55691782E-04	 3.41764758E-04	 1.21000769E-02	-3.44374928E-03	 3.23673227E-03	-1.15817336E-03	-1.99364590E-03	-1.04344355E-03	-8.75366890E-04	 7.64515545E-05	-5.58496578E-04	-2.53856748E-03	 7.96175904E-04	 1.03159424E-02	-2.09988725E-03	 4.29192261E-03	 1.92821931E-04	 1.08799419E-04	-1.23298113E-04
 2.740000E-01	-5.37535502E-05	-3.69370397E-04	 2.38946002E-04	 1.15613336E-02	-3.06403274E-03	 2.91345007E-03	-1.12597879E-03	-1.89342891E-03	-1.01846837E-03	-8.47902396E-04	 8.27271707E-05	-5.03341146E-04	-2.49908828E-03	 6.53271431E-04	 9.92068032E-03	-1.91144285E-03	 4.01484232E-03	 1.92033054E-04	 1.05908627E-04	-1.22963205E-04
 2.750000E-01	-4.69340318E-05	-3.77461173E-04	 1.48788474E-04	 1.10389798E-02	-2.70102963E-03	 2.60559873E-03	-1.08977014E-03	-1.79790840E-03	-9.93588073E-04	-8.21856295E-04	 8.68155768E-05	-4.51976857E-04	-2.44873945E-03	 5.17219611E-04	 9.54746336E-03	-1.73537046E-03	 3.75437700E-03	 1.92905859E-04	 1.04728942E-04	-1.21693402E-04
 2.760000E-01	-4.02971287E-05	-3.80845592E-04	 7.04669823E-05	 1.05329445E-02	-2.35489697E-03	 2.31318880E-03	-1.05066938E-03	-1.70688168E-03	-9.68645461E-04	-7.97004065E-04	 8.89363013E-05	-4.04522919E-04	-2.38911610E-03	 3.88025357E-04	 9.19390018E-03	-1.57069790E-03	 3.50933430E-03	 1.94822340E-04	 1.04865131E-04	-1.19574480E-04
 2.770000E-01	-3.40211755E-05	-3.80344544E-04	 3.13859151E-06	 1.00431793E-02	-2.02574745E-03	 2.03618782E-03	-1.00967857E-03	-1.62020554E-03	-9.43545352E-04	-7.73159398E-04	 8.93245315E-05	-3.60990688E-04	-2.32162962E-03	 2.65672773E-04	 8.85791993E-03	-1.41650948E-03	 3.27869485E-03	 1.97273965E-04	 1.05956455E-04	-1.16704653E-04
 2.780000E-01	-2.82394966E-05	-3.76681608E-04	-5.40383126E-05	 9.56962944E-03	-1.71361149E-03	 1.77453674E-03	-9.67682733E-04	-1.53776775E-03	-9.18250709E-04	-7.50160966E-04	 8.82268791E-05	-3.21304726E-04	-2.24761908E-03	 1.50170070E-04	 8.53768726E-03	-1.27197703E-03	 3.06158107E-03	 1.99853247E-04	 1.07682633E-04	-1.13186209E-04
 2.790000E-01	-2.30543338E-05	-3.70507943E-04	-1.01898783E-04	 9.11225502E-03	-1.41846694E-03	 1.52814119E-03	-9.25446916E-04	-1.45947793E-03	-8.92769267E-04	-7.27877634E-04	 8.58865042E-05	-2.85317364E-04	-2.16825870E-03	 4.14846967E-05	 8.23162543E-03	-1.13633445E-03	 2.85723461E-03	 2.02245776E-04	 1.09759726E-04	-1.09126223E-04
 2.800000E-01	-1.85306766E-05	-3.62377497E-04	-1.41261009E-04	 8.67099778E-03	-1.14020793E-03	 1.29687197E-03	-8.83620870E-04	-1.38525543E-03	-8.67145680E-04	-7.06204250E-04	 8.25434075E-05	-2.52828585E-04	-2.08466052E-03	-6.04077816E-05	 7.93834147E-03	-1.00890302E-03	 2.66499305E-03	 2.04218805E-04	 1.11945460E-04	-1.04632044E-04
 2.810000E-01	-1.47095019E-05	-3.52772567E-04	-1.72916670E-04	 8.24579983E-03	-8.78672836E-04	 1.08056220E-03	-8.42740231E-04	-1.31502465E-03	-8.41449190E-04	-6.85065565E-04	 7.84283231E-05	-2.23598001E-04	-1.99778351E-03	-1.55585876E-04	 7.65665553E-03	-8.89066316E-04	 2.48427410E-03	 2.05612211E-04	 1.14034993E-04	-9.98096348E-05
 2.820000E-01	-1.15991615E-05	-3.42086339E-04	-1.97627820E-04	 7.83657258E-03	-6.33619236E-04	 8.79002534E-04	-8.03233210E-04	-1.24870884E-03	-8.15764564E-04	-6.64412062E-04	 7.37555895E-05	-1.97361175E-04	-1.90853832E-03	-2.44129995E-04	 7.38552446E-03	-7.76288737E-04	 2.31455101E-03	 2.06327511E-04	 1.15859557E-04	-9.47636813E-05
 2.830000E-01	-9.18604192E-06	-3.30652432E-04	-2.16110658E-04	 7.44321053E-03	-4.04747036E-04	 6.91939660E-04	-7.65421770E-04	-1.18623103E-03	-7.90181774E-04	-6.44222280E-04	 6.87259123E-05	-1.73838088E-04	-1.81769610E-03	-3.26178884E-04	 7.12407494E-03	-6.70091140E-04	 2.15534775E-03	 2.06317828E-04	 1.17287750E-04	-8.95946229E-05
 2.840000E-01	-7.42352322E-06	-3.18738258E-04	-2.29035472E-04	 7.06556625E-03	-1.91677116E-04	 5.19078301E-04	-7.29528782E-04	-1.12749724E-03	-7.64789889E-04	-6.24480644E-04	 6.35122367E-05	-1.52745867E-04	-1.72599694E-03	-4.01874080E-04	 6.87152661E-03	-5.70063687E-04	 2.00622102E-03	 2.05581843E-04	 1.18223317E-04	-8.43919090E-05
 2.850000E-01	-6.25466498E-06	-3.06575119E-04	-2.37020350E-04	 6.70346678E-03	 6.01502887E-06	 3.60096334E-04	-6.95697559E-04	-1.07237871E-03	-7.39686037E-04	-6.05156576E-04	 5.82432066E-05	-1.33798320E-04	-1.63408405E-03	-4.71412478E-04	 6.62722170E-03	-4.75842575E-04	 1.86675883E-03	 2.04154577E-04	 1.18608417E-04	-7.92290533E-05
 2.860000E-01	-5.61725848E-06	-2.94333050E-04	-2.40657251E-04	 6.35669979E-03	 1.88800058E-04	 2.14626411E-04	-6.64008000E-04	-1.02073433E-03	-7.14968920E-04	-5.86230432E-04	 5.30246186E-05	-1.16721849E-04	-1.54256491E-03	-5.34992092E-04	 6.39057620E-03	-3.87123534E-04	 1.73656929E-03	 2.02095770E-04	 1.18417173E-04	-7.41691524E-05
 2.870000E-01	-5.44691451E-06	-2.82146550E-04	-2.40486808E-04	 6.02502225E-03	 3.57180932E-04	 8.22597515E-05	-6.34475563E-04	-9.72419929E-04	-6.90728859E-04	-5.67698074E-04	 4.79450611E-05	-1.01256220E-04	-1.45193747E-03	-5.92859983E-04	 6.16111129E-03	-3.03639898E-04	 1.61527372E-03	 1.99481661E-04	 1.17650336E-04	-6.92679042E-05
 2.880000E-01	-5.67274578E-06	-2.70106690E-04	-2.37016120E-04	 5.70814715E-03	 5.11699552E-04	-3.74598291E-05	-6.07063551E-04	-9.27284975E-04	-6.67046474E-04	-5.49562103E-04	 4.30784060E-05	-8.71645122E-05	-1.36266598E-03	-6.45258807E-04	 5.93840180E-03	-2.25171534E-04	 1.50250382E-03	 1.96399370E-04	 1.16334706E-04	-6.45686232E-05
 2.890000E-01	-6.22364369E-06	-2.58280981E-04	-2.30697872E-04	 5.40575788E-03	 6.52921039E-04	-1.45020443E-04	-5.81688588E-04	-8.85173648E-04	-6.43990133E-04	-5.31830181E-04	 3.84835168E-05	-7.42299144E-05	-1.27512196E-03	-6.92471577E-04	 5.72210171E-03	-1.51523908E-04	 1.39789281E-03	 1.92942394E-04	 1.14514159E-04	-6.01035859E-05
 2.900000E-01	-7.02596260E-06	-2.46707020E-04	-2.21954013E-04	 5.11749982E-03	 7.81435380E-04	-2.40949110E-04	-5.58234249E-04	-8.45923210E-04	-6.21617628E-04	-5.14508603E-04	 3.42026843E-05	-6.22627392E-05	-1.18965458E-03	-7.34769945E-04	 5.51189588E-03	-8.25350960E-05	 1.30107424E-03	 1.89205830E-04	 1.12248363E-04	-5.58936551E-05
 2.910000E-01	-8.01125227E-06	-2.35408570E-04	-2.11156105E-04	 4.84299573E-03	 8.97842726E-04	-3.25792822E-04	-5.36557791E-04	-8.09364162E-04	-5.99976643E-04	-4.97601382E-04	 3.02672207E-05	-5.10957585E-05	-1.10653362E-03	-7.72455681E-04	 5.30752887E-03	-1.80582285E-05	 1.21167931E-03	 1.85283834E-04	 1.09606780E-04	-5.19460967E-05
 2.920000E-01	-9.12032362E-06	-2.24385725E-04	-1.98659453E-04	 4.58184642E-03	 1.00274411E-03	-4.00121032E-04	-5.16507533E-04	-7.75318287E-04	-5.79109316E-04	-4.81108537E-04	 2.66892093E-05	-4.05889641E-05	-1.02601807E-03	-8.05808917E-04	 5.10875466E-03	 4.20333494E-05	 1.12933143E-03	 1.81266856E-04	 1.06662243E-04	-4.82588681E-05
 2.930000E-01	-1.03089942E-05	-2.13623437E-04	-1.84782145E-04	 4.33363682E-03	 1.09673011E-03	-4.64517676E-04	-4.97928239E-04	-7.43614416E-04	-5.59049446E-04	-4.65043271E-04	 2.34839349E-05	-3.06263821E-05	-9.48287306E-04	-8.35130817E-04	 4.91537957E-03	 9.78565143E-05	 1.05364723E-03	 1.77233742E-04	 1.03486815E-04	-4.48276259E-05
 2.940000E-01	-1.15268001E-05	-2.03087433E-04	-1.69816692E-04	 4.09793285E-03	 1.18039416E-03	-5.19589161E-04	-4.80655579E-04	-7.14092283E-04	-5.39811232E-04	-4.49431667E-04	 2.06745510E-05	-2.11240768E-05	-8.73493411E-04	-8.60701214E-04	 4.72722435E-03	 1.49513602E-04	 9.84235526E-04	 1.73252239E-04	 1.00145789E-04	-4.16472334E-05
 2.950000E-01	-1.27213568E-05	-1.92745627E-04	-1.54006318E-04	 3.87428468E-03	 1.25432998E-03	-5.65938867E-04	-4.64519230E-04	-6.86587861E-04	-5.21395406E-04	-4.34291765E-04	 1.82778977E-05	-1.20180987E-05	-8.01736478E-04	-8.82813599E-04	 4.54414395E-03	 1.97106242E-04	 9.20702518E-04	 1.69380877E-04	 9.67007899E-05	-3.87056662E-05
 2.960000E-01	-1.38419008E-05	-1.82558334E-04	-1.37580273E-04	 3.66223391E-03	 1.31912160E-03	-6.04171091E-04	-4.49356062E-04	-6.60933467E-04	-5.03793840E-04	-4.19634984E-04	 1.62994634E-05	-3.26826508E-06	-7.33113870E-04	-9.01735170E-04	 4.36599171E-03	 2.40731262E-04	 8.62651680E-04	 1.65669309E-04	 9.32051178E-05	-3.59859503E-05
 2.970000E-01	-1.48440004E-05	-1.72489308E-04	-1.20732734E-04	 3.46131552E-03	 1.37533841E-03	-6.34876263E-04	-4.35012470E-04	-6.36961133E-04	-4.86991161E-04	-4.05468855E-04	 1.47348002E-05	 5.15070301E-06	-6.67683531E-04	-9.17740780E-04	 4.19264436E-03	 2.80489489E-04	 8.09684949E-04	 1.62156471E-04	 8.97034487E-05	-3.34711756E-05
 2.980000E-01	-1.56877315E-05	-1.62499648E-04	-1.03650200E-04	 3.27106179E-03	 1.42353196E-03	-6.58639915E-04	-4.21348682E-04	-6.14506214E-04	-4.70964786E-04	-3.91798892E-04	 1.35724690E-05	 1.32449850E-05	-6.05498269E-04	-9.31076800E-04	 4.02397777E-03	 3.16481139E-04	 7.61410633E-04	 1.58870583E-04	 8.62337421E-05	-3.11438818E-05
 2.990000E-01	-1.63388748E-05	-1.52556494E-04	-8.64884374E-05	 3.09100292E-03	 1.46423555E-03	-6.76028095E-04	-4.08237522E-04	-5.93409862E-04	-4.55684858E-04	-3.78629836E-04	 1.27948779E-05	 2.10101303E-05	-5.46576551E-04	-9.41992420E-04	 3.85988777E-03	 3.48812983E-04	 7.17441635E-04	 1.55829363E-04	 8.28248554E-05	-2.89898403E-05
 3.000000E-01	-1.67644261E-05	-1.42629658E-04	-6.93949684E-05	 2.92066914E-03	 1.49796480E-03	-6.87599247E-04	-3.95563936E-04	-5.73523689E-04	-4.41112785E-04	-3.65966713E-04	 1.23815597E-05	 2.84278698E-05	-4.90929318E-04	-9.50706928E-04	 3.70027173E-03	 3.77594250E-04	 6.77405728E-04	 1.53039279E-04	 7.95020834E-05	-2.69986044E-05
 3.010000E-01	-1.69268795E-05	-1.32702995E-04	-5.24789906E-05	 2.75958470E-03	 1.52522778E-03	-6.93890669E-04	-3.83215707E-04	-5.54707918E-04	-4.27198778E-04	-3.53806798E-04	 1.23103952E-05	 3.54744691E-05	-4.38537508E-04	-9.57439170E-04	 3.54504794E-03	 4.02942308E-04	 6.40947897E-04	 1.50499533E-04	 7.62875820E-05	-2.51585367E-05
 3.020000E-01	-1.67989171E-05	-1.22772109E-04	-3.58499124E-05	 2.60727228E-03	 1.54651227E-03	-6.95421503E-04	-3.71096032E-04	-5.36822951E-04	-4.13894389E-04	-3.42129519E-04	 1.25316414E-05	 4.21253136E-05	-3.89399838E-04	-9.62374931E-04	 3.39412315E-03	 4.24983690E-04	 6.07733476E-04	 1.48206761E-04	 7.32035881E-05	-2.34536128E-05
 3.030000E-01	-1.63753675E-05	-1.12842135E-04	-1.96046361E-05	 2.46325483E-03	 1.56227483E-03	-6.92686736E-04	-3.59132959E-04	-5.19740587E-04	-4.01157833E-04	-3.30912780E-04	 1.29860838E-05	 4.83597706E-05	-3.43494297E-04	-9.65692846E-04	 3.24741594E-03	 4.43856135E-04	 5.77443797E-04	 1.46151685E-04	 7.02689128E-05	-2.18686775E-05
 3.040000E-01	-1.56606091E-05	-1.02922154E-04	-3.84159361E-06	 2.32706621E-03	 1.57294443E-03	-6.86166338E-04	-3.47271921E-04	-5.03349045E-04	-3.88947145E-04	-3.20137813E-04	 1.36132642E-05	 5.41554673E-05	-3.00792524E-04	-9.67540042E-04	 3.10484309E-03	 4.59703649E-04	 5.49780113E-04	 1.44318122E-04	 6.74995710E-05	-2.03936407E-05
 3.050000E-01	-1.46683652E-05	-9.30324475E-05	 1.13633722E-05	 2.19824284E-03	 1.57892987E-03	-6.76318442E-04	-3.35471013E-04	-4.87553125E-04	-3.77220856E-04	-3.09784975E-04	 1.43578163E-05	 5.94951382E-05	-2.61239349E-04	-9.68055982E-04	 2.96633805E-03	 4.72678780E-04	 5.24467055E-04	 1.42684859E-04	 6.49120873E-05	-1.90176485E-05
 3.060000E-01	-1.34182776E-05	-8.31970689E-05	 2.59350774E-05	 2.07633769E-03	 1.58061511E-03	-6.63581260E-04	-3.23701469E-04	-4.72271671E-04	-3.65938410E-04	-2.99834163E-04	 1.51667419E-05	 6.43629255E-05	-2.24774461E-04	-9.67350864E-04	 2.83183129E-03	 4.82939343E-04	 5.01250200E-04	 1.41227698E-04	 6.25194272E-05	-1.77300111E-05
 3.070000E-01	-1.19377147E-05	-7.34492099E-05	 3.98184336E-05	 1.96091011E-03	 1.57836453E-03	-6.48368095E-04	-3.11945366E-04	-4.57437648E-04	-3.55061864E-04	-2.90262775E-04	 1.59919796E-05	 6.87505957E-05	-1.91317913E-04	-9.65527142E-04	 2.70126530E-03	 4.90649700E-04	 4.79897573E-04	 1.39920141E-04	 6.03340641E-05	-1.65184023E-05
 3.080000E-01	-1.02606581E-05	-6.38236057E-05	 5.29565982E-05	 1.85154082E-03	 1.57251599E-03	-6.31067572E-04	-3.00197854E-04	-4.42994117E-04	-3.44558041E-04	-2.81045554E-04	 1.67888166E-05	 7.26535579E-05	-1.60787278E-04	-9.62661140E-04	 2.57457722E-03	 4.95977458E-04	 4.60196895E-04	 1.38735939E-04	 5.83635849E-05	-1.53670465E-05
 3.090000E-01	-8.43648628E-06	-5.43565767E-05	 6.52993133E-05	 1.74782525E-03	 1.56337701E-03	-6.12038030E-04	-2.88473699E-04	-4.28894385E-04	-3.34404034E-04	-2.72159042E-04	 1.75140989E-05	 7.60755807E-05	-1.33089252E-04	-9.58823126E-04	 2.45170870E-03	 4.99093679E-04	 4.41951206E-04	 1.37647841E-04	 5.66100180E-05	-1.42619339E-05
 3.100000E-01	-6.51331219E-06	-4.50784000E-05	 7.67976606E-05	 1.64938872E-03	 1.55122848E-03	-5.91615017E-04	-2.76801068E-04	-4.15108429E-04	-3.24579686E-04	-2.63591332E-04	 1.81484958E-05	 7.90184037E-05	-1.08110724E-04	-9.54065677E-04	 2.33260592E-03	 5.00166147E-04	 4.24980056E-04	 1.36623473E-04	 5.50678712E-05	-1.31946567E-05
 3.110000E-01	-4.52201299E-06	-3.60202194E-05	 8.74314197E-05	 1.55587543E-03	 1.53634453E-03	-5.70105152E-04	-2.65203678E-04	-4.01617817E-04	-3.15059239E-04	-2.55333284E-04	 1.86929931E-05	 8.14835131E-05	-8.57176391E-05	-9.48444749E-04	 2.21722845E-03	 4.99358594E-04	 4.09122595E-04	 1.35630126E-04	 5.37269478E-05	-1.21585081E-05
 3.120000E-01	-2.48582824E-06	-2.72121891E-05	 9.71853946E-05	 1.46695825E-03	 1.51898272E-03	-5.47786657E-04	-2.53705145E-04	-3.88408644E-04	-3.05817612E-04	-2.47371728E-04	 1.91542844E-05	 8.34738413E-05	-6.57749834E-05	-9.42001681E-04	 2.10553100E-03	 4.96831450E-04	 3.94236344E-04	 1.34638643E-04	 5.25733632E-05	-1.11435707E-05
 3.130000E-01	-4.23454023E-07	-1.86817961E-05	 1.06056430E-04	 1.38233043E-03	 1.49938391E-03	-5.24904737E-04	-2.42332297E-04	-3.75469812E-04	-2.96833112E-04	-2.39693325E-04	 1.95419619E-05	 8.49950017E-05	-4.81455598E-05	-9.34780695E-04	 1.99747020E-03	 4.92740287E-04	 3.80192313E-04	 1.33623112E-04	 5.15871340E-05	-1.01418724E-05
 3.140000E-01	 1.65002390E-06	-1.04531236E-05	 1.14040874E-04	 1.30171266E-03	 1.47777046E-03	-5.01678135E-04	-2.31114050E-04	-3.62794006E-04	-2.88086973E-04	-2.32285041E-04	 1.98663240E-05	 8.60541922E-05	-3.26939678E-05	-9.26815378E-04	 1.89299765E-03	 4.87235661E-04	 3.66876102E-04	 1.32560328E-04	 5.07455624E-05	-9.14801497E-06
 3.150000E-01	 3.72485669E-06	-2.54658603E-06	 1.21145378E-04	 1.22484363E-03	 1.45435052E-03	-4.78296565E-04	-2.20080353E-04	-3.50376145E-04	-2.79563339E-04	-2.25135659E-04	 2.01397035E-05	 8.66604549E-05	-1.92843262E-05	-9.18144140E-04	 1.79206720E-03	 4.80461401E-04	 3.54185804E-04	 1.31430152E-04	 5.00223227E-05	-8.16024976E-06
 3.160000E-01	 5.79626785E-06	 5.02073576E-06	 1.27377476E-04	 1.15148693E-03	 1.42931747E-03	-4.54927214E-04	-2.09259693E-04	-3.38215205E-04	-2.71247192E-04	-2.18236972E-04	 2.03742258E-05	 8.68239179E-05	-7.78139814E-06	-9.08798225E-04	 1.69462954E-03	 4.72555026E-04	 3.42033242E-04	 1.30214595E-04	 4.93914014E-05	-7.18226170E-06
 3.170000E-01	 7.87359683E-06	 1.22319552E-05	 1.32763514E-04	 1.08141802E-03	 1.40286342E-03	-4.31715445E-04	-1.98669410E-04	-3.26313042E-04	-2.63119423E-04	-2.11579889E-04	 2.05854401E-05	 8.65562948E-05	 1.95099771E-06	-8.98814608E-04	 1.60064006E-03	 4.63646622E-04	 3.30345423E-04	 1.28899573E-04	 4.88284966E-05	-6.21851508E-06
 3.180000E-01	 9.96305610E-06	 1.90696130E-05	 1.37325804E-04	 1.01443228E-03	 1.37516922E-03	-4.08784496E-04	-1.88320672E-04	-3.14667484E-04	-2.55163128E-04	-2.05147276E-04	 2.07711689E-05	 8.58762752E-05	 1.00326971E-05	-8.88222391E-04	 1.51004298E-03	 4.53862846E-04	 3.19061999E-04	 1.27478943E-04	 4.83133024E-05	-5.27118285E-06
 3.190000E-01	 1.20549793E-05	 2.55193520E-05	 1.41080301E-04	 9.50335641E-04	 1.34639482E-03	-3.86237569E-04	-1.78232620E-04	-3.03274834E-04	-2.47371311E-04	-1.98921539E-04	 2.09181598E-05	 8.48110598E-05	 1.65718298E-05	-8.77049997E-04	 1.42277789E-03	 4.43326455E-04	 3.08131407E-04	 1.25950620E-04	 4.78285011E-05	-4.34316926E-06
 3.200000E-01	 1.41338263E-05	 3.15709432E-05	 1.44037583E-04	 8.88954737E-04	 1.31668264E-03	-3.64162184E-04	-1.68427034E-04	-2.92133999E-04	-2.39740879E-04	-1.92889907E-04	 2.10120584E-05	 8.33906616E-05	 2.16759838E-05	-8.65319607E-04	 1.33878143E-03	 4.32153742E-04	 2.97511664E-04	 1.24313637E-04	 4.73600163E-05	-3.44135706E-06
 3.210000E-01	 1.61825342E-05	 3.72154763E-05	 1.46215134E-04	 8.30123232E-04	 1.28616687E-03	-3.42634241E-04	-1.58923037E-04	-2.81247195E-04	-2.32269611E-04	-1.87041075E-04	 2.10413893E-05	 8.16492662E-05	 2.54521347E-05	-8.53054444E-04	 1.25799370E-03	 4.20454744E-04	 2.87171547E-04	 1.22568609E-04	 4.68989272E-05	-2.57214489E-06
 3.220000E-01	 1.81828157E-05	 4.24467335E-05	 1.47630054E-04	 7.73693798E-04	 1.25497026E-03	-3.21716616E-04	-1.49737204E-04	-2.70617911E-04	-2.24956311E-04	-1.81364921E-04	 2.09968562E-05	 7.96228036E-05	 2.80075412E-05	-8.40273019E-04	 1.18035279E-03	 4.08332373E-04	 2.77088674E-04	 1.20718096E-04	 4.64395563E-05	-1.74063680E-06
 3.230000E-01	 2.01154264E-05	 4.72601904E-05	 1.48305052E-04	 7.19525693E-04	 1.22320871E-03	-3.01462800E-04	-1.40882574E-04	-2.60251541E-04	-2.17799965E-04	-1.75851146E-04	 2.08720981E-05	 7.73499311E-05	 2.94468345E-05	-8.26995176E-04	 1.10579898E-03	 3.95882759E-04	 2.67248587E-04	 1.18766370E-04	 4.59801095E-05	-9.49406790E-07
 3.240000E-01	 2.19591215E-05	 5.16543561E-05	 1.48260827E-04	 6.67496730E-04	 1.19098669E-03	-2.81914104E-04	-1.32370816E-04	-2.50152580E-04	-2.10801843E-04	-1.70488303E-04	 2.06624384E-05	 7.48701374E-05	 2.98725077E-05	-8.13237187E-04	 1.03426871E-03	 3.83194670E-04	 2.57641979E-04	 1.16719815E-04	 4.55198898E-05	-1.97538753E-07
 3.250000E-01	 2.36859063E-05	 5.56328895E-05	 1.47514642E-04	 6.17493316E-04	 1.15839329E-03	-2.63102438E-04	-1.24219444E-04	-2.40325877E-04	-2.03968772E-04	-1.65268217E-04	 2.03662927E-05	 7.22227679E-05	 2.93836657E-05	-7.99017517E-04	 9.65699271E-04	 3.70349068E-04	 2.48262504E-04	 1.14584727E-04	 4.50589326E-05	 5.15510081E-07
 3.260000E-01	 2.52795761E-05	 5.92033169E-05	 1.46092135E-04	 5.69419577E-04	 1.12551022E-03	-2.45052374E-04	-1.16443818E-04	-2.30781184E-04	-1.97306011E-04	-1.60190076E-04	 1.99983380E-05	 6.94405765E-05	 2.80903388E-05	-7.84355277E-04	 9.00032248E-04	 3.57416508E-04	 2.39107561E-04	 1.12365393E-04	 4.45959828E-05	 1.18952246E-06
 3.270000E-01	 2.67416780E-05	 6.23741329E-05	 1.44033606E-04	 5.23184996E-04	 1.09242364E-03	-2.27782793E-04	-1.09046804E-04	-2.21529124E-04	-1.90812459E-04	-1.55252758E-04	 1.95795223E-05	 6.65502731E-05	 2.61009125E-05	-7.69276313E-04	 8.37212699E-04	 3.44457607E-04	 2.30177206E-04	 1.10067528E-04	 4.41288008E-05	 1.82611979E-06
 3.280000E-01	 2.80788018E-05	 6.51549176E-05	 1.41381246E-04	 4.78714233E-04	 1.05921496E-03	-2.11303308E-04	-1.02025970E-04	-2.12577631E-04	-1.84486736E-04	-1.50452629E-04	 1.91296844E-05	 6.35764294E-05	 2.35187845E-05	-7.53805563E-04	 7.77180647E-04	 3.31525945E-04	 2.21472133E-04	 1.07698979E-04	 4.36542969E-05	 2.42944504E-06
 3.290000E-01	 2.93021925E-05	 6.75584608E-05	 1.38177871E-04	 4.35938395E-04	 1.02596021E-03	-1.95616289E-04	-9.53764304E-05	-2.03931681E-04	-1.78328008E-04	-1.45786588E-04	 1.86664013E-05	 6.05387992E-05	 2.04387502E-05	-7.37973315E-04	 7.19875003E-04	 3.18666489E-04	 2.12991749E-04	 1.05268555E-04	 4.31674429E-05	 3.00294273E-06
 3.300000E-01	 3.04248996E-05	 6.95984776E-05	 1.34465649E-04	 3.94800961E-04	 9.92729255E-04	-1.80716767E-04	-8.90909089E-05	-1.95593934E-04	-1.72336086E-04	-1.41251630E-04	 1.82039435E-05	 5.74552747E-05	 1.69502275E-05	-7.21808153E-04	 6.65229530E-04	 3.05918536E-04	 2.04734594E-04	 1.02785871E-04	 4.26628792E-05	 3.54897379E-06
 3.310000E-01	 3.14625338E-05	 7.12913737E-05	 1.30285670E-04	 3.55248587E-04	 9.59586512E-04	-1.66594932E-04	-8.31613340E-05	-1.87564411E-04	-1.66511631E-04	-1.36846713E-04	 1.77539136E-05	 5.43393408E-05	 1.31346131E-05	-7.05342328E-04	 6.13178230E-04	 2.93313957E-04	 1.96698197E-04	 1.00260310E-04	 4.21347771E-05	 4.06776496E-06
 3.320000E-01	 3.24345581E-05	 7.26528071E-05	 1.25681948E-04	 3.17235659E-04	 9.26595182E-04	-1.53236992E-04	-7.75744563E-05	-1.79842574E-04	-1.60852872E-04	-1.32572065E-04	 1.73253697E-05	 5.12030448E-05	 9.06964464E-06	-6.88605496E-04	 5.63652106E-04	 2.80880541E-04	 1.88880101E-04	 9.77016215E-05	 4.15782212E-05	 4.55807531E-06
 3.330000E-01	 3.33625124E-05	 7.36986924E-05	 1.20698869E-04	 2.80715442E-04	 8.93818670E-04	-1.40626423E-04	-7.23104399E-05	-1.72423949E-04	-1.55355415E-04	-1.28424750E-04	 1.69203149E-05	 4.80573370E-05	 4.82093117E-06	-6.71627899E-04	 5.16580218E-04	 2.68641289E-04	 1.81277009E-04	 9.51208041E-05	 4.09894162E-05	 5.01953706E-06
 3.340000E-01	 3.42538969E-05	 7.44457636E-05	 1.15369982E-04	 2.45647745E-04	 8.61310303E-04	-1.28740907E-04	-6.73516493E-05	-1.65299051E-04	-1.50018127E-04	-1.24399093E-04	 1.65309147E-05	 4.49170509E-05	 4.43775732E-07	-6.54432882E-04	 4.71884120E-04	 2.56618049E-04	 1.73885377E-04	 9.25295551E-05	 4.03675318E-05	 5.45125708E-06
 3.350000E-01	 3.51080343E-05	 7.49138603E-05	 1.09720979E-04	 2.11991717E-04	 8.29112868E-04	-1.17556775E-04	-6.26863398E-05	-1.58456985E-04	-1.44842915E-04	-1.20491862E-04	 1.61486721E-05	 4.17961915E-05	-4.01286659E-06	-6.37041862E-04	 4.29487871E-04	 2.44828939E-04	 1.66702154E-04	 8.99374917E-05	 3.97140975E-05	 5.85094018E-06
 3.360000E-01	 3.59222642E-05	 7.51223794E-05	 1.03777728E-04	 1.79710416E-04	 7.97265538E-04	-1.07049087E-04	-5.83020313E-05	-1.51887543E-04	-1.39830522E-04	-1.16701382E-04	 1.57665057E-05	 3.87087345E-05	-8.50066470E-06	-6.19471314E-04	 3.89315271E-04	 2.33290296E-04	 1.59725882E-04	 8.73532918E-05	 3.90324475E-05	 6.21601828E-06
 3.370000E-01	 3.66927185E-05	 7.50915432E-05	 9.75649640E-05	 1.48763477E-04	 7.65803639E-04	-9.71941137E-05	-5.41863601E-05	-1.45580574E-04	-1.34980594E-04	-1.13025804E-04	 1.53789367E-05	 3.56678685E-05	-1.29765461E-05	-6.01735914E-04	 3.51293953E-04	 2.22015601E-04	 1.52955964E-04	 8.47844002E-05	 3.83277049E-05	 6.54506157E-06
 3.380000E-01	 3.74150760E-05	 7.48408488E-05	 9.11085574E-05	 1.19113539E-04	 7.34760141E-04	-8.79672798E-05	-5.03255843E-05	-1.39526592E-04	-1.30291286E-04	-1.09463099E-04	 1.49827917E-05	 3.26863504E-05	-1.73981458E-05	-5.83846785E-04	 3.15351355E-04	 2.11016697E-04	 1.46393160E-04	 8.22377593E-05	 3.76055528E-05	 6.83810550E-06
 3.390000E-01	 3.80846676E-05	 7.43901546E-05	 8.44332442E-05	 9.07196743E-05	 7.04164095E-04	-7.93454683E-05	-4.67061862E-05	-1.33716048E-04	-1.25759819E-04	-1.06009703E-04	 1.45757967E-05	 2.97760948E-05	-2.17294327E-05	-5.65814239E-04	 2.81417858E-04	 2.00303015E-04	 1.40037601E-04	 7.97196305E-05	 3.68718875E-05	 7.09674116E-06
 3.400000E-01	 3.86943578E-05	 7.37593508E-05	 7.75618414E-05	 6.35450971E-05	 6.74038878E-04	-7.13041503E-05	-4.33176397E-05	-1.28139679E-04	-1.21385011E-04	-1.02662548E-04	 1.41583877E-05	 2.69478677E-05	-2.59347703E-05	-5.47646983E-04	 2.49423896E-04	 1.89882204E-04	 1.33890441E-04	 7.72350202E-05	 3.61326110E-05	 7.32276082E-06
 3.410000E-01	 3.92428653E-05	 7.29674270E-05	 7.05199298E-05	 3.75508171E-05	 6.44405961E-04	-6.38216821E-05	-4.01503755E-05	-1.22790714E-04	-1.17164353E-04	-9.94205791E-05	 1.37355122E-05	 2.42089056E-05	-2.99811378E-05	-5.29356229E-04	 2.19306005E-04	 1.79759166E-04	 1.27952110E-04	 7.47877487E-05	 3.53924222E-05	 7.51841200E-06
 3.420000E-01	 3.97361404E-05	 7.20306956E-05	 6.33388426E-05	 1.27007851E-05	 6.15289292E-04	-5.68765288E-05	-3.71907908E-05	-1.17663519E-04	-1.13092699E-04	-9.62819991E-05	 1.33127889E-05	 2.15646028E-05	-3.38373656E-05	-5.10954338E-04	 1.90999034E-04	 1.69937347E-04	 1.22221878E-04	 7.23818542E-05	 3.46537842E-05	 7.68673170E-06
 3.430000E-01	 4.01812442E-05	 7.09644401E-05	 5.60488694E-05	-1.10438640E-05	 5.86710111E-04	-5.04485824E-05	-3.44251104E-05	-1.12751861E-04	-1.09164346E-04	-9.32435051E-05	 1.28944219E-05	 1.90194619E-05	-3.74796021E-05	-4.92455613E-04	 1.64439949E-04	 1.60418479E-04	 1.16697150E-04	 7.00213841E-05	 3.39184060E-05	 7.83131861E-06
 3.440000E-01	 4.05855758E-05	 6.97829357E-05	 4.86797902E-05	-3.37186891E-05	 5.58687413E-04	-4.45165237E-05	-3.18402576E-05	-1.08049274E-04	-1.05374214E-04	-9.03016903E-05	 1.24833975E-05	 1.65772077E-05	-4.08867156E-05	-4.73875332E-04	 1.39563193E-04	 1.51203214E-04	 1.11374223E-04	 6.77099401E-05	 3.31867330E-05	 7.95521820E-06
 3.450000E-01	 4.09557521E-05	 6.84995479E-05	 4.12587885E-05	-5.53616117E-05	 5.31236442E-04	-3.90602665E-05	-2.94246418E-05	-1.03548796E-04	-1.01717714E-04	-8.74532311E-05	 1.20811525E-05	 1.42408982E-05	-4.40441584E-05	-4.55230490E-04	 1.16305859E-04	 1.42290985E-04	 1.06247943E-04	 6.54506993E-05	 3.24590927E-05	 8.06069476E-06
 3.460000E-01	 4.12976737E-05	 6.71270051E-05	 3.38119795E-05	-7.60070988E-05	 5.04370381E-04	-3.40587171E-05	-2.71681450E-05	-9.92434211E-05	-9.81909737E-05	-8.46954808E-05	 1.16884038E-05	 1.20133410E-05	-4.69389147E-05	-4.36538847E-04	 9.46031872E-05	 1.33680641E-04	 1.01312894E-04	 6.32458905E-05	 3.17356008E-05	 8.14916541E-06
 3.470000E-01	 4.16170272E-05	 6.56766954E-05	 2.63639688E-05	-9.56919573E-05	 4.78100134E-04	-2.94923300E-05	-2.50608403E-05	-9.51261563E-05	-9.47897813E-05	-8.20261931E-05	 1.13046945E-05	 9.89679992E-06	-4.95637285E-05	-4.17819469E-04	 7.43934387E-05	 1.25370211E-04	 9.65626453E-05	 6.10976192E-05	 3.10162574E-05	 8.22160707E-06
 3.480000E-01	 4.19179551E-05	 6.41600129E-05	 1.89382756E-05	-1.14450020E-04	 4.52435177E-04	-2.53403949E-05	-2.30933930E-05	-9.11893258E-05	-9.15099289E-05	-7.94424277E-05	 1.09281118E-05	 7.89436712E-06	-5.19130895E-05	-3.99090980E-04	 5.56122162E-05	 1.17357823E-04	 9.19903683E-05	 5.90072786E-05	 3.03011796E-05	 8.27889591E-06
 3.490000E-01	 4.22012885E-05	 6.25879530E-05	 1.15547267E-05	-1.32316784E-04	 4.27380534E-04	-2.15829525E-05	-2.12581621E-05	-8.74248123E-05	-8.83482775E-05	-7.69413421E-05	 1.05571878E-05	 6.00864991E-06	-5.39856033E-05	-3.80372184E-04	 3.81994957E-05	 1.09640707E-04	 8.75900096E-05	 5.69758723E-05	 2.95914734E-05	 8.32159076E-06
 3.500000E-01	 4.24668812E-05	 6.09719066E-05	 4.23223178E-06	-1.49324069E-04	 4.02940005E-04	-1.81995231E-05	-1.95490699E-05	-8.38246762E-05	-8.53015539E-05	-7.45207053E-05	 1.01911888E-05	 4.24248853E-06	-5.57793265E-05	-3.61681351E-04	 2.20944954E-05	 1.02215977E-04	 8.33560584E-05	 5.50030881E-05	 2.88888517E-05	 8.35030020E-06
 3.510000E-01	 4.27139696E-05	 5.93217400E-05	-3.01163525E-06	-1.65505215E-04	 3.79115202E-04	-1.51712413E-05	-1.79600707E-05	-8.03817162E-05	-8.23667307E-05	-7.21785006E-05	 9.83027568E-06	 2.59772780E-06	-5.72960390E-05	-3.43036754E-04	 7.24088266E-06	 9.50799342E-05	 7.92835142E-05	 5.30886327E-05	 2.81949369E-05	 8.36532265E-06
 3.520000E-01	 4.29422968E-05	 5.76478111E-05	-1.01590699E-05	-1.80889841E-04	 3.55908037E-04	-1.24790795E-05	-1.64855263E-05	-7.70887650E-05	-7.95397232E-05	-6.99127017E-05	 9.47508928E-06	 1.07664375E-06	-5.85368028E-05	-3.24455893E-04	-6.41871781E-06	 8.82290014E-05	 7.53673839E-05	 5.12312624E-05	 2.75116077E-05	 8.36770535E-06
 3.530000E-01	 4.31512618E-05	 5.59585890E-05	-1.71934771E-05	-1.95509039E-04	 3.33318336E-04	-1.01054850E-05	-1.51195905E-05	-7.39395657E-05	-7.68170290E-05	-6.77210241E-05	 9.12674488E-06	-3.19683532E-07	-5.95067384E-05	-3.05955851E-04	-1.89378799E-05	 8.16588428E-05	 7.16027668E-05	 4.94301336E-05	 2.68397618E-05	 8.35801570E-06
 3.540000E-01	 4.33408812E-05	 5.42635404E-05	-2.40984007E-05	-2.09390032E-04	 3.11346343E-04	-8.03268913E-06	-1.38570168E-05	-7.09275173E-05	-7.41941993E-05	-6.56013498E-05	 8.78659940E-06	-1.58963496E-06	-6.02098418E-05	-2.87552688E-04	-3.03711200E-05	 7.53653026E-05	 6.79845332E-05	 4.76835780E-05	 2.61806462E-05	 8.33756471E-06
 3.550000E-01	 4.35109262E-05	 5.25698901E-05	-3.08587585E-05	-2.22561709E-04	 2.89989870E-04	-6.24404035E-06	-1.26928888E-05	-6.80470926E-05	-7.16677947E-05	-6.35514276E-05	 8.45643116E-06	-2.73317979E-06	-6.06541087E-05	-2.69261640E-04	-4.07690915E-05	 6.93433367E-05	 6.45079274E-05	 4.59902434E-05	 2.55342528E-05	 8.30692328E-06
 3.560000E-01	 4.36625322E-05	 5.08858105E-05	-3.74593013E-05	-2.35049465E-04	 2.69247832E-04	-4.72298614E-06	-1.16227789E-05	-6.52922149E-05	-6.92337395E-05	-6.15693369E-05	 8.13758880E-06	-3.74957889E-06	-6.08463174E-05	-2.51096478E-04	-5.01831475E-05	 6.35882788E-05	 6.11675212E-05	 4.43484193E-05	 2.49006805E-05	 8.26713285E-06
 3.570000E-01	 4.37969901E-05	 4.92170431E-05	-4.38858017E-05	-2.46880290E-04	 2.49117252E-04	-3.45359947E-06	-1.06416867E-05	-6.26580544E-05	-6.68878807E-05	-5.96531947E-05	 7.83166532E-06	-4.63975282E-06	-6.07973171E-05	-2.33069899E-04	-5.86612145E-05	 5.80945014E-05	 5.79586643E-05	 4.27568065E-05	 2.42789578E-05	 8.21959612E-06
 3.580000E-01	 4.39151505E-05	 4.75709743E-05	-5.01256864E-05	-2.58077198E-04	 2.29595066E-04	-2.42019241E-06	-9.74620910E-06	-6.01386914E-05	-6.46273695E-05	-5.78010288E-05	 7.53836480E-06	-5.40346145E-06	-6.05176540E-05	-2.15192944E-04	-6.62532167E-05	 5.28570258E-05	 5.48744849E-05	 4.12140879E-05	 2.36675221E-05	 8.16455225E-06
 3.590000E-01	 4.40179947E-05	 4.59529397E-05	-5.61674757E-05	-2.68664114E-04	 2.10676253E-04	-1.60677379E-06	-8.93233797E-06	-5.77294578E-05	-6.24479162E-05	-5.60119419E-05	 7.25927218E-06	-6.04259181E-06	-6.00200194E-05	-1.97476066E-04	-7.30038054E-05	 4.78693471E-05	 5.19115331E-05	 3.97184585E-05	 2.30659502E-05	 8.10400683E-06
 3.600000E-01	 4.41062087E-05	 4.43696504E-05	-6.20012869E-05	-2.78661626E-04	 1.92356109E-04	-9.98735605E-07	-8.19714652E-06	-5.54248003E-05	-6.03478560E-05	-5.42832619E-05	 6.99303472E-06	-6.55784374E-06	-5.93180124E-05	-1.79927916E-04	-7.89610694E-05	 4.31258290E-05	 4.90622582E-05	 3.82687684E-05	 2.24716591E-05	 8.03734653E-06
 3.610000E-01	 4.41806860E-05	 4.28264538E-05	-6.76184101E-05	-2.88090296E-04	 1.74627779E-04	-5.79580148E-07	-7.53795256E-06	-5.32187554E-05	-5.83237893E-05	-5.26130774E-05	 6.74119491E-06	-6.95196031E-06	-5.84255707E-05	-1.62556751E-04	-8.41658089E-05	 3.86191539E-05	 4.63251235E-05	 3.68620623E-05	 2.18861997E-05	 7.96587920E-06
 3.620000E-01	 4.42441933E-05	 4.13290418E-05	-7.30094103E-05	-2.96968441E-04	 1.57487538E-04	-3.36766343E-07	-6.94928542E-06	-5.11074872E-05	-5.63727276E-05	-5.09980440E-05	 6.50626962E-06	-7.22769624E-06	-5.73548014E-05	-1.45370064E-04	-8.86602490E-05	 3.43420891E-05	 4.36965755E-05	 3.54968991E-05	 2.13092505E-05	 7.89061003E-06
 3.630000E-01	 4.43016999E-05	 3.98834840E-05	-7.81649515E-05	-3.05311734E-04	 1.40929994E-04	-2.52274884E-07	-6.42768719E-06	-4.90803533E-05	-5.44928716E-05	-4.94289483E-05	 6.28801057E-06	-7.38854564E-06	-5.61222529E-05	-1.28374736E-04	-9.24838627E-05	 3.02872920E-05	 4.11737940E-05	 3.41697862E-05	 2.07424031E-05	 7.81015586E-06
 3.640000E-01	 4.43565863E-05	 3.84949608E-05	-8.30775787E-05	-3.13135711E-04	 1.24950971E-04	-3.15622125E-07	-5.96645171E-06	-4.71369575E-05	-5.26793327E-05	-4.79063475E-05	 6.09455850E-06	-7.43842336E-06	-5.47372547E-05	-1.11576570E-04	-9.56720835E-05	 2.64466676E-05	 3.87597543E-05	 3.28776242E-05	 2.01908651E-05	 7.72625972E-06
 3.650000E-01	 4.44085093E-05	 3.71662442E-05	-8.77431264E-05	-3.20458472E-04	 1.09542611E-04	-5.17569690E-07	-5.56092374E-06	-4.52795895E-05	-5.09275233E-05	-4.64351586E-05	 5.92668308E-06	-7.38135535E-06	-5.32165908E-05	-9.49810505E-05	-9.82614899E-05	 2.28150513E-05	 3.64493797E-05	 3.16215427E-05	 1.96530205E-05	 7.64068832E-06
 3.660000E-01	 4.44608390E-05	 3.59017794E-05	-9.21560737E-05	-3.27293477E-04	 9.47004241E-05	-8.47591453E-07	-5.20564376E-06	-4.35053685E-05	-4.92344884E-05	-4.50121171E-05	 5.78696011E-06	-7.22154971E-06	-5.15739252E-05	-7.85937086E-05	-1.00288244E-04	 1.93855978E-05	 3.42400206E-05	 3.04015311E-05	 1.91290363E-05	 7.55495417E-06
 3.670000E-01	 4.45164125E-05	 3.47049226E-05	-9.63121495E-05	-3.33655281E-04	 8.04181755E-05	-1.29520567E-06	-4.89583901E-06	-4.18121305E-05	-4.75979804E-05	-4.36351810E-05	 5.67497951E-06	-6.96338197E-06	-4.98276242E-05	-6.24193422E-05	-1.01787173E-04	 1.61539499E-05	 3.21257278E-05	 2.92187515E-05	 1.86175919E-05	 7.46873823E-06
 3.680000E-01	 4.45767325E-05	 3.35798480E-05	-1.00209347E-04	-3.39555040E-04	 6.66894372E-05	-1.84959490E-06	-4.62914988E-06	-4.01956737E-05	-4.60170304E-05	-4.23014797E-05	 5.58929163E-06	-6.61053390E-06	-4.79943368E-05	-4.64629631E-05	-1.02794043E-04	 1.31145852E-05	 3.01010117E-05	 2.80738735E-05	 1.81172585E-05	 7.38145788E-06
 3.690000E-01	 4.46447376E-05	 3.25304871E-05	-1.03845695E-04	-3.45004216E-04	 5.35075476E-05	-2.50070330E-06	-4.40199065E-06	-3.86529878E-05	-4.44904607E-05	-4.10082462E-05	 5.53004389E-06	-6.16804617E-06	-4.60919290E-05	-3.07299918E-05	-1.03340609E-04	 1.02635402E-05	 2.81615235E-05	 2.69675285E-05	 1.76286818E-05	 7.29300352E-06
 3.700000E-01	 4.47218679E-05	 3.15615643E-05	-1.07221683E-04	-3.50010888E-04	 4.08652174E-05	-3.23864780E-06	-4.21356661E-06	-3.71807687E-05	-4.30175593E-05	-3.97550329E-05	 5.49660084E-06	-5.64075627E-06	-4.41353924E-05	-1.52270256E-05	-1.03459368E-04	 7.59591603E-06	 2.63028872E-05	 2.59001422E-05	 1.71516610E-05	 7.20290880E-06
 3.710000E-01	 4.48102791E-05	 3.06779278E-05	-1.10338428E-04	-3.54583291E-04	 2.87544111E-05	-4.05362832E-06	-4.06223565E-06	-3.57763069E-05	-4.15976223E-05	-3.85404836E-05	 5.48957745E-06	-5.03543461E-06	-4.21415894E-05	 3.80388973E-08	-1.03179270E-04	 5.10700007E-06	 2.45224264E-05	 2.48709407E-05	 1.66877902E-05	 7.11099970E-06
 3.720000E-01	 4.49120466E-05	 2.98837801E-05	-1.13197824E-04	-3.58727942E-04	 1.71680511E-05	-4.93637948E-06	-3.94745377E-06	-3.44365729E-05	-4.02295231E-05	-3.73641406E-05	 5.50922288E-06	-4.35844498E-06	-4.01237396E-05	 1.50561153E-05	-1.02529114E-04	 2.79116049E-06	 2.28176877E-05	 2.38793072E-05	 1.62376570E-05	 7.01710559E-06
 3.730000E-01	 4.50293015E-05	 2.91836788E-05	-1.15802895E-04	-3.62451695E-04	 6.09786307E-06	-5.87769390E-06	-3.86832700E-06	-3.31591496E-05	-3.89123031E-05	-3.62254421E-05	 5.55564137E-06	-3.61790815E-06	-3.80983266E-05	 2.98168185E-05	-1.01535950E-04	 6.42867999E-07	 2.11864292E-05	 2.29239146E-05	 1.58017924E-05	 6.92155957E-06
 3.740000E-01	 4.51643879E-05	 2.85807820E-05	-1.18157122E-04	-3.65760626E-04	-4.46309372E-06	-6.86969729E-06	-3.82423530E-06	-3.19421174E-05	-3.76442226E-05	-3.51246885E-05	 5.62826707E-06	-2.82145405E-06	-3.60780485E-05	 4.43084189E-05	-1.00226961E-04	-1.34396070E-06	 1.96261032E-05	 2.20041403E-05	 1.53794904E-05	 6.82515286E-06
 3.750000E-01	 4.53181788E-05	 2.80787375E-05	-1.20266394E-04	-3.68661440E-04	-1.45241276E-05	-7.90402635E-06	-3.81557135E-06	-3.07836222E-05	-3.64244360E-05	-3.40627443E-05	 5.72508360E-06	-1.97806122E-06	-3.40799859E-05	 5.85178960E-05	-9.86289847E-05	-3.17552678E-06	 1.81334249E-05	 2.11185458E-05	 1.49690414E-05	 6.72800411E-06
 3.760000E-01	 4.54896312E-05	 2.76787623E-05	-1.22138395E-04	-3.71161196E-04	-2.40935209E-05	-8.97203908E-06	-3.84277230E-06	-2.96804080E-05	-3.52516982E-05	-3.30384687E-05	 5.84272706E-06	-1.09519884E-06	-3.21178775E-05	 7.24308987E-05	-9.67682345E-05	-4.85983961E-06	 1.67057508E-05	 2.02647858E-05	 1.45686329E-05	 6.62880421E-06
 3.770000E-01	 4.56782361E-05	 2.73812402E-05	-1.23780503E-04	-3.73269342E-04	-3.31787892E-05	-1.00651073E-05	-3.90422544E-06	-2.86287772E-05	-3.41238020E-05	-3.20496216E-05	 5.97831012E-06	-1.80392572E-07	-3.02082776E-05	 8.60325426E-05	-9.46690712E-05	-6.40472726E-06	 1.53413446E-05	 1.94406862E-05	 1.41763854E-05	 6.52726294E-06
 3.780000E-01	 4.58831544E-05	 2.71847132E-05	-1.25200968E-04	-3.74995747E-04	-4.17865397E-05	-1.11760625E-05	-3.99804960E-06	-2.76257190E-05	-3.30380785E-05	-3.10944643E-05	 6.12899161E-06	 7.60110910E-07	-2.83631634E-05	 9.93068379E-05	-9.23553991E-05	-7.81780863E-06	 1.40384745E-05	 1.86450541E-05	 1.37905975E-05	 6.42383632E-06
 3.790000E-01	 4.61038617E-05	 2.70875363E-05	-1.26408043E-04	-3.76352192E-04	-4.99234653E-05	-1.22981626E-05	-4.12130156E-06	-2.66682748E-05	-3.19914138E-05	-3.01711818E-05	 6.29248516E-06	 1.72002287E-06	-2.65972050E-05	 1.12237106E-04	-8.98501551E-05	-9.10596040E-06	 1.27959784E-05	 1.78768915E-05	 1.34098230E-05	 6.31921641E-06
 3.800000E-01	 4.63395986E-05	 2.70865242E-05	-1.27410968E-04	-3.77350827E-04	-5.75957534E-05	-1.34255546E-05	-4.27104596E-06	-2.57535021E-05	-3.09809681E-05	-2.92774640E-05	 6.46706367E-06	 2.69434418E-06	-2.49200586E-05	 1.24805491E-04	-8.71754703E-05	-1.02758258E-05	 1.16132021E-05	 1.71353166E-05	 1.30339134E-05	 6.21371599E-06
 3.810000E-01	 4.65899608E-05	 2.71786257E-05	-1.28218736E-04	-3.78006032E-04	-6.48095871E-05	-1.45524345E-05	-4.44366354E-06	-2.48777896E-05	-3.00040311E-05	-2.84099487E-05	 6.65220270E-06	 3.67816855E-06	-2.33433533E-05	 1.36993635E-04	-8.43522644E-05	-1.13334696E-05	 1.04907830E-05	 1.64189109E-05	 1.26639077E-05	 6.10686149E-06
 3.820000E-01	 4.68573207E-05	 2.73593689E-05	-1.28838712E-04	-3.78333868E-04	-7.15689846E-05	-1.56751767E-05	-4.63390847E-06	-2.40389352E-05	-2.90572022E-05	-2.75655472E-05	 6.84939985E-06	 4.66720905E-06	-2.18723641E-05	 1.48782399E-04	-8.13997829E-05	-1.22836245E-05	 9.43013211E-06	 1.57276000E-05	 1.23021043E-05	 6.00001948E-06
 3.830000E-01	 4.71458832E-05	 2.76257201E-05	-1.29277441E-04	-3.78353352E-04	-7.78794471E-05	-1.67919556E-05	-4.83803211E-06	-2.32365817E-05	-2.81383800E-05	-2.67441092E-05	 7.06048032E-06	 5.65605398E-06	-2.05151374E-05	 1.60153026E-04	-7.83378956E-05	-1.31282651E-05	 8.43165116E-06	 1.50628763E-05	 1.19503797E-05	 5.89532158E-06
 3.840000E-01	 4.74585204E-05	 2.79743175E-05	-1.29543722E-04	-3.78084455E-04	-8.37484366E-05	-1.79010083E-05	-5.05437835E-06	-2.24704395E-05	-2.72470176E-05	-2.59459151E-05	 7.28569623E-06	 6.63950073E-06	-1.92763764E-05	 1.71085984E-04	-7.51872277E-05	-1.38695375E-05	 7.49443942E-06	 1.44253505E-05	 1.16102411E-05	 5.79327418E-06
 3.850000E-01	 4.77979627E-05	 2.84024426E-05	-1.29646227E-04	-3.77550222E-04	-8.91843690E-05	-1.90002767E-05	-5.28195760E-06	-2.17395590E-05	-2.63834000E-05	-2.51706402E-05	 7.52495807E-06	 7.61213970E-06	-1.81636309E-05	 1.81562335E-04	-7.19686291E-05	-1.45094182E-05	 6.61773117E-06	 1.38149057E-05	 1.12831712E-05	 5.69332481E-06
 3.860000E-01	 4.81658404E-05	 2.89067805E-05	-1.29595186E-04	-3.76775340E-04	-9.41970796E-05	-2.00876718E-05	-5.52098968E-06	-2.10431151E-05	-2.55485450E-05	-2.44185078E-05	 7.77710676E-06	 8.56873147E-06	-1.71805459E-05	 1.91562970E-04	-6.87028681E-05	-1.50504287E-05	 5.79982987E-06	 1.32309710E-05	 1.09696674E-05	 5.59481082E-06
 3.870000E-01	 4.85636638E-05	 2.94843796E-05	-1.29400253E-04	-3.75788329E-04	-9.87969381E-05	-2.11614829E-05	-5.77157120E-06	-2.03809153E-05	-2.47430421E-05	-2.36907463E-05	 8.04028243E-06	 9.50399103E-06	-1.63338137E-05	 2.01070335E-04	-6.54111667E-05	-1.54947482E-05	 5.03843951E-06	 1.26736502E-05	 1.06688418E-05	 5.49825284E-06
 3.880000E-01	 4.89902970E-05	 3.01318429E-05	-1.29074020E-04	-3.74618965E-04	-1.02997442E-04	-2.22194519E-05	-6.03600435E-06	-1.97527883E-05	-2.39685309E-05	-2.29897621E-05	 8.31046166E-06	 1.04131794E-05	-1.56276123E-05	 2.10067869E-04	-6.21155548E-05	-1.58451307E-05	 4.32937231E-06	 1.21427049E-05	 1.03780324E-05	 5.40374350E-06
 3.890000E-01	 4.94400373E-05	 3.08459082E-05	-1.28631459E-04	-3.73298859E-04	-1.06814130E-04	-2.32568652E-05	-6.31705318E-06	-1.91561842E-05	-2.32265927E-05	-2.23158000E-05	 8.58219191E-06	 1.12928580E-05	-1.50693788E-05	 2.18540541E-04	-5.88386174E-05	-1.61070649E-05	 3.66873443E-06	 1.16353983E-05	 1.00941386E-05	 5.30897278E-06
 3.900000E-01	 4.99073816E-05	 3.16212802E-05	-1.28086827E-04	-3.71860933E-04	-1.10261131E-04	-2.42685670E-05	-6.61439724E-06	-1.85877535E-05	-2.25165918E-05	-2.16667454E-05	 8.85202581E-06	 1.21411030E-05	-1.46603625E-05	 2.26474905E-04	-5.56000233E-05	-1.62876429E-05	 3.05456119E-06	 1.11482361E-05	 9.81496384E-06	 5.21241294E-06
 3.910000E-01	 5.03877593E-05	 3.24528178E-05	-1.27452529E-04	-3.70340926E-04	-1.13351901E-04	-2.52500866E-05	-6.92625364E-06	-1.80449856E-05	-2.18366994E-05	-2.10412561E-05	 9.11797663E-06	 1.29566612E-05	-1.44028858E-05	 2.33861068E-04	-5.24183879E-05	-1.63932849E-05	 2.48553166E-06	 1.06790762E-05	 9.53846130E-06	 5.11443181E-06
 3.920000E-01	 5.08773743E-05	 3.33342301E-05	-1.26740553E-04	-3.68775797E-04	-1.16100058E-04	-2.61974581E-05	-7.24942643E-06	-1.75259771E-05	-2.11839565E-05	-2.04378881E-05	 9.37921902E-06	 1.37394270E-05	-1.42946042E-05	 2.40692716E-04	-4.93105626E-05	-1.64300275E-05	 1.96067040E-06	 1.02263803E-05	 9.26307662E-06	 5.01613758E-06
 3.930000E-01	 5.13735437E-05	 3.42598739E-05	-1.25961196E-04	-3.67204020E-04	-1.18519129E-04	-2.71067767E-05	-7.58006770E-06	-1.70285858E-05	-2.05553982E-05	-1.98543127E-05	 9.63607627E-06	 1.44900460E-05	-1.43345678E-05	 2.46968167E-04	-4.62925980E-05	-1.64034040E-05	 1.47977040E-06	 9.78860212E-06	 8.98875462E-06	 4.91782307E-06
 3.940000E-01	 5.18748998E-05	 3.52232923E-05	-1.25123727E-04	-3.65663971E-04	-1.20622680E-04	-2.79741565E-05	-7.91322915E-06	-1.65502164E-05	-1.99478179E-05	-1.92866687E-05	 9.89064938E-06	 1.52100011E-05	-1.45167060E-05	 2.52689644E-04	-4.33778330E-05	-1.63189762E-05	 1.04399479E-06	 9.36359454E-06	 8.71735272E-06	 4.81877094E-06
 3.950000E-01	 5.23859495E-05	 3.62186551E-05	-1.24231486E-04	-3.64195285E-04	-1.22421238E-04	-2.87981529E-05	-8.24121927E-06	-1.60902902E-05	-1.93567193E-05	-1.87315359E-05	 1.01476278E-05	 1.59003796E-05	-1.48348731E-05	 2.57864472E-04	-4.05773728E-05	-1.61800682E-05	 6.55743255E-07	 8.95142722E-06	 8.45224328E-06	 4.72067029E-06
 3.960000E-01	 5.29133948E-05	 3.72408950E-05	-1.23287006E-04	-3.62836243E-04	-1.23928150E-04	-2.95792930E-05	-8.55908002E-06	-1.56504797E-05	-1.87798675E-05	-1.81890638E-05	 1.04106094E-05	 1.65617298E-05	-1.52810876E-05	 2.62505177E-04	-3.79024396E-05	-1.59865123E-05	 3.15080921E-07	 8.55487302E-06	 8.19608877E-06	 4.62617935E-06
 3.970000E-01	 5.34620320E-05	 3.82872340E-05	-1.22293903E-04	-3.61623188E-04	-1.25159700E-04	-3.03174381E-05	-8.86485190E-06	-1.52320206E-05	-1.82170681E-05	-1.76597386E-05	 1.06805119E-05	 1.71942950E-05	-1.58515777E-05	 2.66628338E-04	-3.53655242E-05	-1.57385826E-05	 2.02669468E-08	 8.17574929E-06	 7.95073331E-06	 4.53576354E-06
 3.980000E-01	 5.40358112E-05	 3.93548940E-05	-1.21256496E-04	-3.60589600E-04	-1.26134287E-04	-3.10118590E-05	-9.15799770E-06	-1.48352227E-05	-1.76694696E-05	-1.71434622E-05	 1.09573545E-05	 1.77984360E-05	-1.65403559E-05	 2.70254007E-04	-3.29779036E-05	-1.54371532E-05	-2.30830208E-07	 7.81488221E-06	 7.71811548E-06	 4.44824945E-06
 3.990000E-01	 5.46371651E-05	 4.04430009E-05	-1.20179109E-04	-3.59766255E-04	-1.26871572E-04	-3.16616198E-05	-9.43962804E-06	-1.44604227E-05	-1.71389289E-05	-1.66410634E-05	 1.12396560E-05	 1.83738786E-05	-1.73441425E-05	 2.73404948E-04	-3.07504203E-05	-1.50842328E-05	-4.41195345E-07	 7.47281786E-06	 7.49874720E-06	 4.36281229E-06
 4.000000E-01	 5.52673271E-05	 4.15503262E-05	-1.19066583E-04	-3.59180597E-04	-1.27392808E-04	-3.22661502E-05	-9.71130138E-06	-1.41086899E-05	-1.66270001E-05	-1.61550123E-05	 1.15248322E-05	 1.89203199E-05	-1.82580422E-05	 2.76106713E-04	-2.86929917E-05	-1.46821306E-05	-6.15008976E-07	 7.15106642E-06	 7.29121779E-06	 4.28036432E-06
 4.010000E-01	 5.59221467E-05	 4.26778960E-05	-1.17927630E-04	-3.58855862E-04	-1.27723104E-04	-3.28233000E-05	-9.97859330E-06	-1.37799062E-05	-1.61372747E-05	-1.56886941E-05	 1.18070455E-05	 1.94376609E-05	-1.92816174E-05	 2.78387062E-04	-2.68166462E-05	-1.42350099E-05	-7.58640198E-07	 6.84991432E-06	 7.09193979E-06	 4.20014498E-06
 4.020000E-01	 5.65924087E-05	 4.38252475E-05	-1.16774270E-04	-3.58811609E-04	-1.27888331E-04	-3.33280046E-05	-1.02458538E-05	-1.34708118E-05	-1.56717926E-05	-1.52419876E-05	 1.20806809E-05	 1.99270014E-05	-2.04115158E-05	 2.80274360E-04	-2.51293892E-05	-1.37522454E-05	-8.76754158E-07	 6.56580969E-06	 6.89737322E-06	 4.11919770E-06
 4.030000E-01	 5.72717990E-05	 4.49915051E-05	-1.15614340E-04	-3.59065237E-04	-1.27909609E-04	-3.37762784E-05	-1.05133132E-05	-1.31782065E-05	-1.52298290E-05	-1.48131161E-05	 1.23434170E-05	 2.03897942E-05	-2.16430568E-05	 2.81798337E-04	-2.36347216E-05	-1.32443404E-05	-9.71180235E-07	 6.29534489E-06	 6.70539106E-06	 4.03630889E-06
 4.040000E-01	 5.79548512E-05	 4.61745316E-05	-1.14454237E-04	-3.59630799E-04	-1.27807037E-04	-3.41653276E-05	-1.07794038E-05	-1.28999394E-05	-1.48090861E-05	-1.44012461E-05	 1.25941859E-05	 2.08274768E-05	-2.29688135E-05	 2.82989656E-04	-2.23336051E-05	-1.27215912E-05	-1.04325530E-06	 6.03652573E-06	 6.51353088E-06	 3.95269628E-06
 4.050000E-01	 5.86383786E-05	 4.73723618E-05	-1.13297680E-04	-3.60519080E-04	-1.27597829E-04	-3.44938216E-05	-1.10406631E-05	-1.26342772E-05	-1.44062527E-05	-1.40048282E-05	 1.28334239E-05	 2.12420608E-05	-2.43820763E-05	 2.83879947E-04	-2.12247527E-05	-1.21935777E-05	-1.09347980E-06	 5.78806045E-06	 6.32049761E-06	 3.86969876E-06
 4.060000E-01	 5.93201270E-05	 4.85821131E-05	-1.12147583E-04	-3.61737024E-04	-1.27298563E-04	-3.47606322E-05	-1.12931321E-05	-1.23785741E-05	-1.40184736E-05	-1.36206365E-05	 1.30623990E-05	 2.16356542E-05	-2.58741523E-05	 2.84500965E-04	-2.03049663E-05	-1.16696416E-05	-1.12151749E-06	 5.54779863E-06	 6.12689742E-06	 3.78667496E-06
 4.070000E-01	 6.00032927E-05	 4.98005631E-05	-1.11001168E-04	-3.63289336E-04	-1.26919852E-04	-3.49670840E-05	-1.15289007E-05	-1.21309307E-05	-1.36409055E-05	-1.32439065E-05	 1.32857031E-05	 2.20103229E-05	-2.74349828E-05	 2.84883970E-04	-1.95668773E-05	-1.11581177E-05	-1.12450405E-06	 5.31427441E-06	 5.93580963E-06	 3.70392286E-06
 4.080000E-01	 6.06971356E-05	 5.10243290E-05	-1.09850636E-04	-3.65178340E-04	-1.26470327E-04	-3.51185743E-05	-1.17396463E-05	-1.18927148E-05	-1.32694588E-05	-1.28728827E-05	 1.35084785E-05	 2.23668078E-05	-2.90538429E-05	 2.85060843E-04	-1.90027853E-05	-1.06616503E-05	-1.10083722E-06	 5.09026925E-06	 5.75091625E-06	 3.62431789E-06
 4.090000E-01	 6.14088205E-05	 5.22527308E-05	-1.08690181E-04	-3.67402393E-04	-1.25961254E-04	-3.52213713E-05	-1.19220699E-05	-1.16658299E-05	-1.29033529E-05	-1.25084979E-05	 1.37324829E-05	 2.27056104E-05	-3.07248109E-05	 2.85062614E-04	-1.86070726E-05	-1.01804899E-05	-1.05235743E-06	 4.87955310E-06	 5.57430228E-06	 3.54961912E-06
 4.100000E-01	 6.21432652E-05	 5.34853899E-05	-1.07516072E-04	-3.69956612E-04	-1.25405842E-04	-3.52807875E-05	-1.20754697E-05	-1.14508249E-05	-1.25438503E-05	-1.21509483E-05	 1.39575499E-05	 2.30269788E-05	-3.24428974E-05	 2.84918928E-04	-1.83752667E-05	-9.71476583E-06	-9.82105008E-07	 4.68432652E-06	 5.40827053E-06	 3.47862912E-06
 4.110000E-01	 6.29034290E-05	 5.47236131E-05	-1.06325604E-04	-3.72833633E-04	-1.24817348E-04	-3.53019827E-05	-1.22015740E-05	-1.12475495E-05	-1.21934231E-05	-1.18008597E-05	 1.41821546E-05	 2.33309561E-05	-3.42051828E-05	 2.84656768E-04	-1.83023765E-05	-9.26505385E-06	-8.93870162E-07	 4.50581699E-06	 5.25432747E-06	 3.40952161E-06
 4.120000E-01	 6.36904872E-05	 5.59684712E-05	-1.05116901E-04	-3.76024897E-04	-1.24209438E-04	-3.52901583E-05	-1.23028527E-05	-1.10566398E-05	-1.18541030E-05	-1.14607083E-05	 1.44039413E-05	 2.36168627E-05	-3.60089538E-05	 2.84300834E-04	-1.83839641E-05	-8.83179347E-06	-7.92385371E-07	 4.34599454E-06	 5.11208108E-06	 3.34260883E-06
 4.130000E-01	 6.45005627E-05	 5.72230235E-05	-1.03892243E-04	-3.79519287E-04	-1.23598724E-04	-3.52497248E-05	-1.23862924E-05	-1.08782753E-05	-1.15298615E-05	-1.11349058E-05	 1.46174736E-05	 2.38844875E-05	-3.78553987E-05	 2.83873229E-04	-1.86170940E-05	-8.41565710E-06	-6.85025552E-07	 4.20643768E-06	 4.97855302E-06	 3.27768725E-06
 4.140000E-01	 6.53225531E-05	 5.84895059E-05	-1.02659175E-04	-3.83302979E-04	-1.23004152E-04	-3.51808009E-05	-1.24604042E-05	-1.07091584E-05	-1.12244148E-05	-1.08252261E-05	 1.48160222E-05	 2.41341321E-05	-3.97455328E-05	 2.83392113E-04	-1.89993477E-05	-8.02252821E-06	-5.78420948E-07	 4.08425136E-06	 4.84980505E-06	 3.21194810E-06
 4.150000E-01	 6.61472920E-05	 5.97685265E-05	-1.01422428E-04	-3.87361485E-04	-1.22438793E-04	-3.50836706E-05	-1.25291360E-05	-1.05451039E-05	-1.09380049E-05	-1.05302370E-05	 1.49964768E-05	 2.43668751E-05	-4.16772457E-05	 2.82871818E-04	-1.95234777E-05	-7.66104136E-06	-4.75366059E-07	 3.97467878E-06	 4.72353284E-06	 3.14331790E-06
 4.160000E-01	 6.69682479E-05	 6.10588343E-05	-1.00183609E-04	-3.91680910E-04	-1.21911841E-04	-3.49596782E-05	-1.25930431E-05	-1.03833842E-05	-1.06683102E-05	-1.02489357E-05	 1.51581376E-05	 2.45832621E-05	-4.36462113E-05	 2.82324573E-04	-2.01811419E-05	-7.33917170E-06	-3.77063808E-07	 3.87443693E-06	 4.59746294E-06	 3.07299579E-06
 4.170000E-01	 6.77811121E-05	 6.23585637E-05	-9.89425920E-05	-3.96247452E-04	-1.21429264E-04	-3.48118487E-05	-1.26508743E-05	-1.02222892E-05	-1.04117800E-05	-9.98013206E-06	 1.53020076E-05	 2.47847201E-05	-4.56476505E-05	 2.81760814E-04	-2.09620149E-05	-7.06367070E-06	-2.83955032E-07	 3.78122440E-06	 4.46991371E-06	 3.00314697E-06
 4.180000E-01	 6.85832396E-05	 6.36647937E-05	-9.76977261E-05	-4.01047509E-04	-1.20995253E-04	-3.46427873E-05	-1.27004634E-05	-1.00593346E-05	-1.01652721E-05	-9.72061415E-06	 1.54299681E-05	 2.49727037E-05	-4.76762680E-05	 2.81189927E-04	-2.18566626E-05	-6.84031104E-06	-1.95450810E-07	 3.69191893E-06	 4.34125400E-06	 2.93371281E-06
 4.190000E-01	 6.93776274E-05	 6.49735604E-05	-9.64423446E-05	-4.06068396E-04	-1.20608040E-04	-3.44572267E-05	-1.27356560E-05	-9.89266948E-06	-9.92368279E-06	-9.46506434E-06	 1.55474277E-05	 2.51490242E-05	-4.97240315E-05	 2.80619277E-04	-2.28516445E-05	-6.67386778E-06	-1.08115004E-07	 3.60352246E-06	 4.21452261E-06	 2.86514271E-06
 4.200000E-01	 7.01743197E-05	 6.62807701E-05	-9.51635683E-05	-4.11299532E-04	-1.20262160E-04	-3.42636680E-05	-1.27484886E-05	-9.72413733E-06	-9.68215116E-06	-9.21090799E-06	 1.56615231E-05	 2.53143231E-05	-5.17829398E-05	 2.80057470E-04	-2.39352144E-05	-6.56250328E-06	-1.91132248E-08	 3.51764265E-06	 4.09388019E-06	 2.80046594E-06
 4.210000E-01	 7.09814997E-05	 6.75852878E-05	-9.38513051E-05	-4.16729184E-04	-1.19955979E-04	-3.40716099E-05	-1.27365231E-05	-9.55683595E-06	-9.43940169E-06	-8.95902016E-06	 1.57761265E-05	 2.54695669E-05	-5.38491930E-05	 2.79513094E-04	-2.50982706E-05	-6.50049707E-06	 7.03089339E-08	 3.43773439E-06	 3.98168308E-06	 2.74195741E-06
 4.220000E-01	 7.18040099E-05	 6.88872892E-05	-9.24982756E-05	-4.22345124E-04	-1.19690894E-04	-3.38880644E-05	-1.27011368E-05	-9.39229124E-06	-9.19708440E-06	-8.70999219E-06	 1.58924999E-05	 2.56155846E-05	-5.59217942E-05	 2.78994540E-04	-2.63360332E-05	-6.48164640E-06	 1.57383044E-07	 3.36571723E-06	 3.88017782E-06	 2.68835575E-06
 4.230000E-01	 7.26446850E-05	 7.01886435E-05	-9.10991593E-05	-4.28133904E-04	-1.19469689E-04	-3.37191502E-05	-1.26462307E-05	-9.23120765E-06	-8.95793706E-06	-8.46451016E-06	 1.60105516E-05	 2.57534828E-05	-5.80007011E-05	 2.78508193E-04	-2.76430872E-05	-6.50040581E-06	 2.38674715E-07	 3.30224969E-06	 3.79089266E-06	 2.63742529E-06
 4.240000E-01	 7.35043124E-05	 7.14918599E-05	-8.96493212E-05	-4.34082793E-04	-1.19295712E-04	-3.35698616E-05	-1.25765461E-05	-9.07525834E-06	-8.72427508E-06	-8.22557503E-06	 1.61292587E-05	 2.58835191E-05	-6.00870305E-05	 2.78059549E-04	-2.90168610E-05	-6.55119941E-06	 3.10040944E-07	 3.24895861E-06	 3.71310560E-06	 2.58928307E-06
 4.250000E-01	 7.43776237E-05	 7.28015076E-05	-8.81503510E-05	-4.40177260E-04	-1.19177507E-04	-3.34435065E-05	-1.25019581E-05	-8.92549309E-06	-8.50055365E-06	-7.99825784E-06	 1.62440732E-05	 2.60069266E-05	-6.21850381E-05	 2.77652738E-04	-3.04562830E-05	-6.62918639E-06	 3.64357980E-07	 3.20695804E-06	 3.64315624E-06	 2.54315244E-06
 4.260000E-01	 7.52526052E-05	 7.41216329E-05	-8.66088075E-05	-4.46403148E-04	-1.19125147E-04	-3.33375181E-05	-1.24333697E-05	-8.77913015E-06	-8.29055402E-06	-7.78438143E-06	 1.63486260E-05	 2.61252107E-05	-6.42994728E-05	 2.77288984E-04	-3.19622762E-05	-6.73583322E-06	 3.96204758E-07	 3.17251843E-06	 3.57636171E-06	 2.49581264E-06
 4.270000E-01	 7.61204104E-05	 7.54536197E-05	-8.50284604E-05	-4.52747922E-04	-1.19143504E-04	-3.32494970E-05	-1.23763420E-05	-8.63262021E-06	-8.09438478E-06	-7.58239082E-06	 1.64404105E-05	 2.62407359E-05	-6.64305069E-05	 2.76966847E-04	-3.35297089E-05	-6.87592348E-06	 4.04572858E-07	 3.14035029E-06	 3.50990759E-06	 2.44520263E-06
 4.280000E-01	 7.69755650E-05	 7.67975027E-05	-8.34087943E-05	-4.59201752E-04	-1.19232816E-04	-3.31777086E-05	-1.23321594E-05	-8.48429742E-06	-7.90914695E-06	-7.39110464E-06	 1.65192841E-05	 2.63549385E-05	-6.85765642E-05	 2.76684183E-04	-3.51536982E-05	-7.05402273E-06	 3.90593275E-07	 3.10686505E-06	 3.44091996E-06	 2.39295123E-06
 4.290000E-01	 7.78150456E-05	 7.81518430E-05	-8.17481711E-05	-4.65755506E-04	-1.19391777E-04	-3.31221828E-05	-1.23001189E-05	-8.33333580E-06	-7.73121988E-06	-7.20902883E-06	 1.65868553E-05	 2.64703584E-05	-7.07347783E-05	 2.76438656E-04	-3.68267253E-05	-7.27387307E-06	 3.56163427E-07	 3.06960298E-06	 3.36748398E-06	 2.34119625E-06
 4.300000E-01	 7.86382755E-05	 7.95147277E-05	-8.00423276E-05	-4.72401671E-04	-1.19616262E-04	-3.30821192E-05	-1.22778963E-05	-8.17800557E-06	-7.55734397E-06	-7.03195961E-06	 1.66455907E-05	 2.65891889E-05	-7.29020261E-05	 2.76228073E-04	-3.85429808E-05	-7.53876500E-06	 3.04917732E-07	 3.02510831E-06	 3.29012866E-06	 2.28973937E-06
 4.310000E-01	 7.94518860E-05	 8.08820959E-05	-7.82810996E-05	-4.79134319E-04	-1.19896768E-04	-3.30599648E-05	-1.22578537E-05	-8.01786572E-06	-7.38202707E-06	-6.85404291E-06	 1.67024596E-05	 2.67138698E-05	-7.50712295E-05	 2.76049844E-04	-4.02913008E-05	-7.85073967E-06	 2.43569609E-07	 2.97111753E-06	 3.21245212E-06	 2.23994738E-06
 4.320000E-01	 8.02682870E-05	 8.22516887E-05	-7.64482318E-05	-4.85949507E-04	-1.20221356E-04	-3.30622607E-05	-1.22318880E-05	-7.85676591E-06	-7.20131190E-06	-6.67351969E-06	 1.67655210E-05	 2.68452473E-05	-7.72369335E-05	 2.75903442E-04	-4.20644580E-05	-8.20431631E-06	 1.76878426E-07	 2.91076076E-06	 3.13856622E-06	 2.19535410E-06
 4.330000E-01	 8.10953758E-05	 8.36238955E-05	-7.45328716E-05	-4.92840688E-04	-1.20585306E-04	-3.30953394E-05	-1.21981942E-05	-7.69862379E-06	-7.01521709E-06	-6.49166825E-06	 1.68389168E-05	 2.69848210E-05	-7.93980379E-05	 2.75789005E-04	-4.38580551E-05	-8.59176399E-06	 1.04831990E-07	 2.84790888E-06	 3.07056939E-06	 2.15741088E-06
 4.340000E-01	 8.19383993E-05	 8.50011420E-05	-7.25259058E-05	-4.99801371E-04	-1.20985504E-04	-3.31629509E-05	-1.21582297E-05	-7.54549369E-06	-6.82671578E-06	-6.30911405E-06	 1.69245219E-05	 2.71338699E-05	-8.15558535E-05	 2.75706935E-04	-4.56720661E-05	-9.00508838E-06	 2.64295655E-08	 2.78497724E-06	 3.01087143E-06	 2.12390153E-06
 4.350000E-01	 8.28000421E-05	 8.63869276E-05	-7.04209614E-05	-5.06823613E-04	-1.21422210E-04	-3.32679526E-05	-1.21155205E-05	-7.39896327E-06	-6.63898313E-06	-6.12741023E-06	 1.70227418E-05	 2.72935978E-05	-8.37124778E-05	 2.75656567E-04	-4.75055162E-05	-9.43759541E-06	-6.05778386E-08	 2.72360217E-06	 2.96039184E-06	 2.09296172E-06
 4.360000E-01	 8.36800692E-05	 8.77864470E-05	-6.82129110E-05	-5.13900494E-04	-1.21896486E-04	-3.34120114E-05	-1.20754055E-05	-7.26155212E-06	-6.45555797E-06	-5.95127708E-06	 1.71323317E-05	 2.74646819E-05	-8.58718261E-05	 2.75636953E-04	-4.93611665E-05	-9.88226402E-06	-1.59894819E-07	 2.66690466E-06	 2.91738232E-06	 2.06450811E-06
 4.370000E-01	 8.45702372E-05	 8.92060623E-05	-6.59049724E-05	-5.21022126E-04	-1.22417370E-04	-3.35932182E-05	-1.20486619E-05	-7.13345591E-06	-6.28173619E-06	-5.78589107E-06	 1.72471701E-05	 2.76486087E-05	-8.80413485E-05	 2.75646188E-04	-5.12435427E-05	-1.03353297E-05	-2.78347325E-07	 2.61547917E-06	 2.87710011E-06	 2.03619223E-06
 4.380000E-01	 8.54592235E-05	 9.06505933E-05	-6.35021390E-05	-5.28179662E-04	-1.22991020E-04	-3.38044569E-05	-1.20442306E-05	-7.01082457E-06	-6.12069629E-06	-5.63179914E-06	 1.73608907E-05	 2.78475414E-05	-9.02261437E-05	 2.75679995E-04	-5.31565461E-05	-1.07999692E-05	-4.18550046E-07	 2.56528109E-06	 2.83527396E-06	 2.00413405E-06
 4.390000E-01	 8.63410806E-05	 9.21212361E-05	-6.10049013E-05	-5.35365689E-04	-1.23619038E-04	-3.40405516E-05	-1.20644783E-05	-6.89062634E-06	-5.97118660E-06	-5.48720559E-06	 1.74713476E-05	 2.80631306E-05	-9.24266970E-05	 2.75732713E-04	-5.50979835E-05	-1.12814887E-05	-5.79196902E-07	 2.51229708E-06	 2.78942532E-06	 1.96772057E-06
 4.400000E-01	 8.72124365E-05	 9.36186406E-05	-5.84103229E-05	-5.42575429E-04	-1.24298468E-04	-3.42975328E-05	-1.21086488E-05	-6.77176227E-06	-5.82989118E-06	-5.35133122E-06	 1.75781715E-05	 2.82967426E-05	-9.46419071E-05	 2.75798098E-04	-5.70659585E-05	-1.17845183E-05	-7.57486581E-07	 2.45450977E-06	 2.73686145E-06	 1.92935599E-06
 4.410000E-01	 8.80720740E-05	 9.51410230E-05	-5.57147947E-05	-5.49804400E-04	-1.25026710E-04	-3.45726518E-05	-1.21742746E-05	-6.65270350E-06	-5.69363064E-06	-5.22137045E-06	 1.76822301E-05	 2.85500444E-05	-9.68700334E-05	 2.75870340E-04	-5.90566480E-05	-1.23135064E-05	-9.49956395E-07	 2.38963132E-06	 2.67697872E-06	 1.89002905E-06
 4.420000E-01	 8.89238714E-05	 9.66861383E-05	-5.29092947E-05	-5.57050563E-04	-1.25794834E-04	-3.48640267E-05	-1.22550680E-05	-6.53176212E-06	-5.55808802E-06	-5.09139287E-06	 1.77872823E-05	 2.88244377E-05	-9.91062242E-05	 2.75942730E-04	-6.10648772E-05	-1.28725605E-05	-1.14970493E-06	 2.31473918E-06	 2.61236766E-06	 1.85022844E-06
 4.430000E-01	 8.97788681E-05	 9.82496924E-05	-4.99782668E-05	-5.64313436E-04	-1.26591390E-04	-3.51751707E-05	-1.23406315E-05	-6.41053636E-06	-5.41826890E-06	-4.95702238E-06	 1.79016932E-05	 2.91201524E-05	-1.01343651E-04	 2.76010063E-04	-6.30826242E-05	-1.34612294E-05	-1.34934318E-06	 2.23085729E-06	 2.54793159E-06	 1.81316531E-06
 4.440000E-01	 9.06480520E-05	 9.98318316E-05	-4.69054589E-05	-5.71592278E-04	-1.27406594E-04	-3.55122372E-05	-1.24243816E-05	-6.29380603E-06	-5.27224749E-06	-4.81853060E-06	 1.80323066E-05	 2.94369539E-05	-1.03578515E-04	 2.76068329E-04	-6.51065898E-05	-1.40728779E-05	-1.54584012E-06	 2.14254763E-06	 2.48712583E-06	 1.78217267E-06
 4.450000E-01	 9.15367922E-05	 1.01433437E-04	-4.36802912E-05	-5.78883974E-04	-1.28238552E-04	-3.58792810E-05	-1.25054370E-05	-6.18423451E-06	-5.12234816E-06	-4.67731177E-06	 1.81819840E-05	 2.97749448E-05	-1.05811913E-04	 2.76115166E-04	-6.71374209E-05	-1.47002203E-05	-1.74028442E-06	 2.05351014E-06	 2.43238870E-06	 1.75653546E-06
 4.460000E-01	 9.24485071E-05	 1.03058507E-04	-4.02935949E-05	-5.86184610E-04	-1.29085735E-04	-3.62786187E-05	-1.25856210E-05	-6.08335156E-06	-4.97208863E-06	-4.53421802E-06	 1.83519869E-05	 3.01343984E-05	-1.08044818E-04	 2.76146773E-04	-6.91767414E-05	-1.53365482E-05	-1.93402746E-06	 1.96571628E-06	 2.38582634E-06	 1.73384277E-06
 4.470000E-01	 9.33836058E-05	 1.04710408E-04	-3.67381556E-05	-5.93489617E-04	-1.29950502E-04	-3.67118613E-05	-1.26678637E-05	-5.99321846E-06	-4.82467896E-06	-4.39321800E-06	 1.85421972E-05	 3.05147093E-05	-1.10280470E-04	 2.76160114E-04	-7.12278289E-05	-1.59753969E-05	-2.13062064E-06	 1.88243138E-06	 2.34703501E-06	 1.71375716E-06
 4.480000E-01	 9.43359633E-05	 1.06396182E-04	-3.30133319E-05	-6.00792506E-04	-1.30839805E-04	-3.71781341E-05	-1.27610032E-05	-5.91533356E-06	-4.68528885E-06	-4.26061395E-06	 1.87478650E-05	 3.09165827E-05	-1.12524354E-04	 2.76150826E-04	-7.32968398E-05	-1.66111291E-05	-2.33676648E-06	 1.80613180E-06	 2.31200554E-06	 1.69468433E-06
 4.490000E-01	 9.52935642E-05	 1.08119920E-04	-2.91238134E-05	-6.08086134E-04	-1.31764086E-04	-3.76701908E-05	-1.28745673E-05	-5.84621143E-06	-4.55809378E-06	-4.13888739E-06	 1.89604637E-05	 3.13406907E-05	-1.14783964E-04	 2.76113102E-04	-7.53914622E-05	-1.72451006E-05	-2.55800143E-06	 1.73431792E-06	 2.27607867E-06	 1.67247417E-06
 4.500000E-01	 9.62491718E-05	 1.09883970E-04	-2.50708156E-05	-6.15365192E-04	-1.32726729E-04	-3.81812778E-05	-1.30128982E-05	-5.78197750E-06	-4.44337389E-06	-4.02677233E-06	 1.91753908E-05	 3.17885966E-05	-1.17059224E-04	 2.76037519E-04	-7.75122734E-05	-1.78824236E-05	-2.79394004E-06	 1.66283725E-06	 2.23649841E-06	 1.64504781E-06
 4.510000E-01	 9.71985225E-05	 1.11687109E-04	-2.08513065E-05	-6.22626305E-04	-1.33728690E-04	-3.87059169E-05	-1.31752377E-05	-5.72048435E-06	-4.33799460E-06	-3.92331982E-06	 1.93903306E-05	 3.22596170E-05	-1.19349513E-04	 2.75915461E-04	-7.96598434E-05	-1.85283523E-05	-3.04280885E-06	 1.58915992E-06	 2.19079658E-06	 1.61417039E-06
 4.520000E-01	 9.81404414E-05	 1.13527996E-04	-1.64615032E-05	-6.29866231E-04	-1.34768343E-04	-3.92410345E-05	-1.33596231E-05	-5.66038251E-06	-4.23875179E-06	-3.82649373E-06	 1.96048987E-05	 3.27550615E-05	-1.21650057E-04	 2.75737326E-04	-8.18306701E-05	-1.91876923E-05	-3.30125329E-06	 1.51118674E-06	 2.13764282E-06	 1.58128718E-06
 4.530000E-01	 9.90770710E-05	 1.15402200E-04	-1.18929241E-05	-6.37083243E-04	-1.35841414E-04	-3.97832435E-05	-1.35602115E-05	-5.59911615E-06	-4.14158586E-06	-3.73057225E-06	 1.98203893E-05	 3.32735840E-05	-1.23956484E-04	 2.75494830E-04	-8.40228584E-05	-1.98653158E-05	-3.56384052E-06	 1.42552990E-06	 2.07907430E-06	 1.54676923E-06
 4.540000E-01	 1.00018581E-04	 1.17305281E-04	-7.13162484E-06	-6.44276930E-04	-1.36938058E-04	-4.03353673E-05	-1.37670034E-05	-5.53740246E-06	-4.04139250E-06	-3.63003639E-06	 2.00445861E-05	 3.38151516E-05	-1.26256910E-04	 2.75178800E-04	-8.62264782E-05	-2.05630280E-05	-3.82218290E-06	 1.33172980E-06	 2.01978358E-06	 1.51353297E-06
 4.550000E-01	 1.00975314E-04	 1.19234010E-04	-2.15984960E-06	-6.51448456E-04	-1.38050505E-04	-4.09029785E-05	-1.39710459E-05	-5.47935662E-06	-3.93514694E-06	-3.52413419E-06	 2.02849986E-05	 3.43757182E-05	-1.28545579E-04	 2.74783788E-04	-8.84394392E-05	-2.12754659E-05	-4.07293392E-06	 1.23364158E-06	 1.96362685E-06	 1.48571535E-06
 4.560000E-01	 1.01952694E-04	 1.21189133E-04	 3.03197495E-06	-6.58595296E-04	-1.39178364E-04	-4.14915925E-05	-1.41707697E-05	-5.42827556E-06	-3.82457902E-06	-3.41429293E-06	 2.05457551E-05	 3.49552330E-05	-1.30817357E-04	 2.74304096E-04	-9.06586963E-05	-2.19959933E-05	-4.31678498E-06	 1.13495400E-06	 1.91269159E-06	 1.46342483E-06
 4.570000E-01	 1.02952961E-04	 1.23171543E-04	 8.45439387E-06	-6.65715621E-04	-1.40322525E-04	-4.21027380E-05	-1.43663538E-05	-5.38506409E-06	-3.71276337E-06	-3.30117908E-06	 2.08280755E-05	 3.55498891E-05	-1.33072375E-04	 2.73735142E-04	-9.28889289E-05	-2.27178274E-05	-4.55577753E-06	 1.03751342E-06	 1.86921042E-06	 1.44464290E-06
 4.580000E-01	 1.03976468E-04	 1.25184638E-04	 1.41120855E-05	-6.72804277E-04	-1.41488290E-04	-4.27394891E-05	-1.45608092E-05	-5.35198144E-06	-3.60296871E-06	-3.18860783E-06	 2.11331721E-05	 3.61595434E-05	-1.35306838E-04	 2.73070155E-04	-9.51284944E-05	-2.34348719E-05	-4.79317590E-06	 9.44390531E-07	 1.83289265E-06	 1.42896421E-06
 4.590000E-01	 1.05016336E-04	 1.27232533E-04	 2.00078916E-05	-6.79856978E-04	-1.42684183E-04	-4.33997827E-05	-1.47612160E-05	-5.32990671E-06	-3.49986350E-06	-3.08304781E-06	 2.14560272E-05	 3.67802774E-05	-1.37525650E-04	 2.72303707E-04	-9.73877959E-05	-2.41405418E-05	-5.03639979E-06	 8.58242334E-07	 1.79998447E-06	 1.41498246E-06
 4.600000E-01	 1.06061870E-04	 1.29319483E-04	 2.61334891E-05	-6.86863989E-04	-1.43924785E-04	-4.40783264E-05	-1.49777070E-05	-5.31597545E-06	-3.40782083E-06	-2.98761983E-06	 2.17886827E-05	 3.74140441E-05	-1.39728483E-04	 2.71427198E-04	-9.96689047E-05	-2.48356886E-05	-5.29120032E-06	 7.76989601E-07	 1.76587654E-06	 1.39838873E-06
 4.610000E-01	 1.07105792E-04	 1.31445396E-04	 3.24892561E-05	-6.93820925E-04	-1.45214751E-04	-4.47663172E-05	-1.52138606E-05	-5.30556660E-06	-3.32713916E-06	-2.90147211E-06	 2.21245881E-05	 3.80573547E-05	-1.41914966E-04	 2.70431403E-04	-1.01978414E-04	-2.55237444E-05	-5.55789377E-06	 6.96675761E-07	 1.72810497E-06	 1.37690975E-06
 4.620000E-01	 1.08145206E-04	 1.33609229E-04	 3.90721190E-05	-7.00720598E-04	-1.46560865E-04	-4.54605177E-05	-1.54701535E-05	-5.29706477E-06	-3.25515509E-06	-2.82384830E-06	 2.24617077E-05	 3.87108484E-05	-1.44075470E-04	 2.69303972E-04	-1.04309542E-04	-2.62102201E-05	-5.83455736E-06	 6.14696241E-07	 1.68440863E-06	 1.35184945E-06
 4.630000E-01	 1.09179027E-04	 1.35807463E-04	 4.58878185E-05	-7.07562472E-04	-1.47961397E-04	-4.61556456E-05	-1.57436102E-05	-5.28851628E-06	-3.18862513E-06	-2.75264169E-06	 2.27974157E-05	 3.93695358E-05	-1.46205209E-04	 2.68033952E-04	-1.06665910E-04	-2.68981540E-05	-6.11819536E-06	 5.28870426E-07	 1.63380470E-06	 1.32433431E-06
 4.640000E-01	 1.10211231E-04	 1.38035477E-04	 5.29371358E-05	-7.14341647E-04	-1.49419283E-04	-4.68515991E-05	-1.60294355E-05	-5.27825155E-06	-3.12376514E-06	-2.68200663E-06	 2.31336744E-05	 4.00334545E-05	-1.48289670E-04	 2.66607783E-04	-1.09036010E-04	-2.75933449E-05	-6.40305948E-06	 4.35578504E-07	 1.57847154E-06	 1.29470150E-06
 4.650000E-01	 1.11251477E-04	 1.40287199E-04	 6.02369855E-05	-7.21060725E-04	-1.50923807E-04	-4.75493187E-05	-1.63167368E-05	-5.26690068E-06	-3.05572172E-06	-2.60652371E-06	 2.34763442E-05	 4.06948567E-05	-1.50317173E-04	 2.65012812E-04	-1.11418109E-04	-2.82953671E-05	-6.68114446E-06	 3.34601098E-07	 1.52315583E-06	 1.26620238E-06
 4.660000E-01	 1.12308913E-04	 1.42559339E-04	 6.77949075E-05	-7.27712921E-04	-1.52478386E-04	-4.82582873E-05	-1.65987523E-05	-5.25929073E-06	-2.98227669E-06	-2.52538934E-06	 2.38337099E-05	 4.13510732E-05	-1.52271219E-04	 2.63235035E-04	-1.13799650E-04	-2.90010890E-05	-6.94992448E-06	 2.29157521E-07	 1.47099365E-06	 1.24276302E-06
 4.670000E-01	 1.13387096E-04	 1.44851110E-04	 7.56242598E-05	-7.34295629E-04	-1.54079872E-04	-4.89812869E-05	-1.68725718E-05	-5.25804221E-06	-2.90512230E-06	-2.43953882E-06	 2.42078128E-05	 4.19936581E-05	-1.54146659E-04	 2.61262731E-04	-1.16187809E-04	-2.97021476E-05	-7.21032632E-06	 1.22704047E-07	 1.42397614E-06	 1.22459221E-06
 4.680000E-01	 1.14487360E-04	 1.47162547E-04	 8.37232836E-05	-7.40796106E-04	-1.55741548E-04	-4.97246565E-05	-1.71399753E-05	-5.26494762E-06	-2.82741542E-06	-2.34983367E-06	 2.46012993E-05	 4.26209684E-05	-1.55931041E-04	 2.59082241E-04	-1.18574882E-04	-3.03946009E-05	-7.46510061E-06	 1.66712459E-08	 1.38369043E-06	 1.21023606E-06
 4.690000E-01	 1.15607685E-04	 1.49496095E-04	 9.21006451E-05	-7.47208569E-04	-1.57463876E-04	-5.04883520E-05	-1.74028215E-05	-5.28193105E-06	-2.75236683E-06	-2.26061567E-06	 2.50128909E-05	 4.32241778E-05	-1.57620684E-04	 2.56681079E-04	-1.20971720E-04	-3.10695231E-05	-7.71779714E-06	-8.53185658E-08	 1.34951345E-06	 1.19981515E-06
 4.700000E-01	 1.16739728E-04	 1.51854377E-04	 1.00743065E-04	-7.53515506E-04	-1.59270431E-04	-5.12752336E-05	-1.76704090E-05	-5.31009668E-06	-2.68474531E-06	-2.17821744E-06	 2.54380000E-05	 4.38030528E-05	-1.59207238E-04	 2.54045613E-04	-1.23375673E-04	-3.17239742E-05	-7.97701395E-06	-1.81590894E-07	 1.31721879E-06	 1.19140690E-06
 4.710000E-01	 1.17873654E-04	 1.54240527E-04	 1.09648094E-04	-7.59709589E-04	-1.61165589E-04	-5.20760442E-05	-1.79503143E-05	-5.34571359E-06	-2.62813968E-06	-2.10504122E-06	 2.58656075E-05	 4.43508429E-05	-1.60690197E-04	 2.51161419E-04	-1.25802754E-04	-3.23554007E-05	-8.24661193E-06	-2.74053188E-07	 1.28345039E-06	 1.18074924E-06
 4.720000E-01	 1.19004340E-04	 1.56652181E-04	 1.18799508E-04	-7.65775151E-04	-1.63169827E-04	-5.28895197E-05	-1.82472816E-05	-5.38564103E-06	-2.58234634E-06	-2.04031658E-06	 2.62908231E-05	 4.48679341E-05	-1.62054504E-04	 2.48010961E-04	-1.28244161E-04	-3.29702833E-05	-8.52715105E-06	-3.66721656E-07	 1.24637421E-06	 1.16620146E-06
 4.730000E-01	 1.20129817E-04	 1.59088843E-04	 1.28201357E-04	-7.71707937E-04	-1.65277903E-04	-5.37090532E-05	-1.85602360E-05	-5.42825366E-06	-2.54484274E-06	-1.98342130E-06	 2.67080302E-05	 4.53458267E-05	-1.63291428E-04	 2.44576146E-04	-1.30710002E-04	-3.35684075E-05	-8.81540104E-06	-4.60880836E-07	 1.20467236E-06	 1.14906280E-06
 4.740000E-01	 1.21249749E-04	 1.61544563E-04	 1.37839120E-04	-7.77491634E-04	-1.67508530E-04	-5.45375673E-05	-1.88888786E-05	-5.47209519E-06	-2.51282041E-06	-1.93119875E-06	 2.71153785E-05	 4.57842632E-05	-1.64381281E-04	 2.40837715E-04	-1.33188353E-04	-3.41570945E-05	-9.10933282E-06	-5.59755775E-07	 1.15814080E-06	 1.12953645E-06
 4.750000E-01	 1.22369586E-04	 1.64016391E-04	 1.47723135E-04	-7.83122968E-04	-1.69848305E-04	-5.53717584E-05	-1.92260810E-05	-5.51566505E-06	-2.48220282E-06	-1.87739338E-06	 2.75122315E-05	 4.61732230E-05	-1.65309184E-04	 2.36775573E-04	-1.35686385E-04	-3.47359000E-05	-9.40026367E-06	-6.65351943E-07	 1.11040501E-06	 1.10876531E-06
 4.760000E-01	 1.23496144E-04	 1.66496115E-04	 1.57844971E-04	-7.88588654E-04	-1.72312207E-04	-5.62234056E-05	-1.95649152E-05	-5.56153531E-06	-2.44877124E-06	-1.81795279E-06	 2.79062939E-05	 4.65101202E-05	-1.66048636E-04	 2.32371225E-04	-1.38186171E-04	-3.53083308E-05	-9.68334011E-06	-7.77076326E-07	 1.06515730E-06	 1.09065218E-06
 4.770000E-01	 1.24633623E-04	 1.68984242E-04	 1.68217072E-04	-7.93889190E-04	-1.74887219E-04	-5.70962242E-05	-1.98996737E-05	-5.61336789E-06	-2.41126475E-06	-1.75262314E-06	 2.83005522E-05	 4.67840301E-05	-1.66586612E-04	 2.27608292E-04	-1.40697587E-04	-3.58642628E-05	-9.95493095E-06	-8.90271960E-07	 1.02487274E-06	 1.07814913E-06
 4.780000E-01	 1.25780791E-04	 1.71475784E-04	 1.78822484E-04	-7.99010943E-04	-1.77599609E-04	-5.80025844E-05	-2.02316293E-05	-5.67314855E-06	-2.37111854E-06	-1.68167739E-06	 2.86979872E-05	 4.69941418E-05	-1.66903369E-04	 2.22472605E-04	-1.43209379E-04	-3.64029309E-05	-1.02175254E-05	-1.00275179E-06	 9.91040610E-07	 1.07073816E-06
 4.790000E-01	 1.26936166E-04	 1.73974605E-04	 1.89668601E-04	-8.03954005E-04	-1.80439923E-04	-5.89432716E-05	-2.05615724E-05	-5.74213599E-06	-2.33042089E-06	-1.60684757E-06	 2.90973256E-05	 4.71313990E-05	-1.66989358E-04	 2.16949190E-04	-1.45736276E-04	-3.69126282E-05	-1.04696961E-05	-1.11059019E-06	 9.65056854E-07	 1.06792311E-06
 4.800000E-01	 1.28092111E-04	 1.76477197E-04	 2.00730361E-04	-8.08702944E-04	-1.83442806E-04	-5.99294134E-05	-2.08961033E-05	-5.82181167E-06	-2.29170383E-06	-1.53302230E-06	 2.94973070E-05	 4.71968786E-05	-1.66828506E-04	 2.11025129E-04	-1.48270051E-04	-3.73926797E-05	-1.07172798E-05	-1.21059373E-06	 9.44910085E-07	 1.06906954E-06
 4.810000E-01	 1.29240416E-04	 1.78989534E-04	 2.12007324E-04	-8.13253070E-04	-1.86602847E-04	-6.09565427E-05	-2.12429041E-05	-5.91066474E-06	-2.25827787E-06	-1.46458059E-06	 2.98878418E-05	 4.71851606E-05	-1.66416341E-04	 2.04685514E-04	-1.50832076E-04	-3.78327317E-05	-1.09615100E-05	-1.30036614E-06	 9.27724064E-07	 1.07083964E-06
 4.820000E-01	 1.30372818E-04	 1.81505114E-04	 2.23467040E-04	-8.17580513E-04	-1.89957831E-04	-6.20299910E-05	-2.16100136E-05	-6.00450217E-06	-2.23101834E-06	-1.40199817E-06	 3.02609671E-05	 4.71000790E-05	-1.65735448E-04	 1.97915787E-04	-1.53415456E-04	-3.82405343E-05	-1.12044669E-05	-1.38241331E-06	 9.11402730E-07	 1.06943501E-06
 4.830000E-01	 1.31487756E-04	 1.84026098E-04	 2.35112088E-04	-8.21676804E-04	-1.93492259E-04	-6.31449546E-05	-2.19992106E-05	-6.10042219E-06	-2.20820974E-06	-1.34480490E-06	 3.06088873E-05	 4.69368167E-05	-1.64773419E-04	 1.90698209E-04	-1.56036687E-04	-3.86109400E-05	-1.14388535E-05	-1.45685952E-06	 8.94925893E-07	 1.06417112E-06
 4.840000E-01	 1.32581946E-04	 1.86541593E-04	 2.46910836E-04	-8.25518550E-04	-1.97240423E-04	-6.43111880E-05	-2.24123239E-05	-6.19592583E-06	-2.18676231E-06	-1.29203828E-06	 3.09272510E-05	 4.66985975E-05	-1.63508376E-04	 1.83018246E-04	-1.58684522E-04	-3.89541236E-05	-1.16628667E-05	-1.52500753E-06	 8.76452990E-07	 1.05540823E-06
 4.850000E-01	 1.33657674E-04	 1.89051289E-04	 2.58868247E-04	-8.29100493E-04	-2.01179718E-04	-6.55269861E-05	-2.28478867E-05	-6.28838916E-06	-2.16402050E-06	-1.24066723E-06	 3.12108438E-05	 4.63814778E-05	-1.61925079E-04	 1.74858787E-04	-1.61372909E-04	-3.92647945E-05	-1.18658075E-05	-1.58705324E-06	 8.56106279E-07	 1.04316419E-06
 4.860000E-01	 1.34715712E-04	 1.91540836E-04	 2.70955317E-04	-8.32400485E-04	-2.05342937E-04	-6.68073240E-05	-2.33032268E-05	-6.37598486E-06	-2.13641728E-06	-1.18747239E-06	 3.14606680E-05	 4.59874973E-05	-1.59997910E-04	 1.66204378E-04	-1.64086099E-04	-3.95538206E-05	-1.20424143E-05	-1.64360901E-06	 8.34751769E-07	 1.02973967E-06
 4.870000E-01	 1.35757481E-04	 1.94010045E-04	 2.83181679E-04	-8.35411093E-04	-2.09704896E-04	-6.81577350E-05	-2.37759324E-05	-6.46004840E-06	-2.10271533E-06	-1.13277685E-06	 3.16769598E-05	 4.55123198E-05	-1.57711032E-04	 1.57035565E-04	-1.66837085E-04	-3.98110131E-05	-1.21832026E-05	-1.69100105E-06	 8.12113236E-07	 1.01795120E-06
 4.880000E-01	 1.36777667E-04	 1.96445632E-04	 2.95514211E-04	-8.38104114E-04	-2.14306055E-04	-6.95965986E-05	-2.42668784E-05	-6.54004510E-06	-2.06314791E-06	-1.07780703E-06	 3.18589812E-05	 4.49588093E-05	-1.55044608E-04	 1.47336456E-04	-1.69615833E-04	-4.00438481E-05	-1.22892421E-05	-1.72744778E-06	 7.87088244E-07	 1.00855909E-06
 4.890000E-01	 1.37773315E-04	 1.98848993E-04	 3.07958352E-04	-8.40467475E-04	-2.19121519E-04	-7.11286593E-05	-2.47778752E-05	-6.61577037E-06	-2.01964180E-06	-1.02292344E-06	 3.20040660E-05	 4.43259676E-05	-1.51986049E-04	 1.37087563E-04	-1.72439936E-04	-4.02403535E-05	-1.23537891E-05	-1.75123479E-06	 7.59336127E-07	 1.00016286E-06
 4.900000E-01	 1.38738414E-04	 2.01206982E-04	 3.20477984E-04	-8.42469249E-04	-2.24193766E-04	-7.27714268E-05	-2.53096768E-05	-6.68496033E-06	-1.97320755E-06	-9.67904067E-07	 3.21103832E-05	 4.36179603E-05	-1.48516649E-04	 1.26273576E-04	-1.75302667E-04	-4.04088077E-05	-1.23785120E-05	-1.76246483E-06	 7.29619791E-07	 9.91290431E-07
 4.910000E-01	 1.39670511E-04	 2.03522091E-04	 3.33077309E-04	-8.44099044E-04	-2.29492531E-04	-7.45293706E-05	-2.58630843E-05	-6.74764129E-06	-1.92445757E-06	-9.11524684E-07	 3.21761366E-05	 4.28362978E-05	-1.44622718E-04	 1.14877257E-04	-1.78223465E-04	-4.05365086E-05	-1.23564437E-05	-1.76115296E-06	 6.98605382E-07	 9.80071126E-07
 4.920000E-01	 1.40566199E-04	 2.05782856E-04	 3.45716681E-04	-8.45335993E-04	-2.35056503E-04	-7.64189394E-05	-2.64357333E-05	-6.80211370E-06	-1.87230454E-06	-8.52246383E-07	 3.22014706E-05	 4.19856061E-05	-1.40285014E-04	 1.02889377E-04	-1.81197765E-04	-4.06307707E-05	-1.22886946E-05	-1.74692405E-06	 6.68549876E-07	 9.66493243E-07
 4.930000E-01	 1.41423478E-04	 2.07994839E-04	 3.58397083E-04	-8.46183140E-04	-2.40850787E-04	-7.84428814E-05	-2.70287284E-05	-6.84960251E-06	-1.81610580E-06	-7.88501035E-07	 3.21868673E-05	 4.10699383E-05	-1.35489938E-04	 9.02993394E-05	-1.84245863E-04	-4.06767856E-05	-1.21688028E-05	-1.71971339E-06	 6.40058214E-07	 9.50348022E-07
 4.940000E-01	 1.42238605E-04	 2.10149187E-04	 3.71077131E-04	-8.46626600E-04	-2.46917413E-04	-8.06142624E-05	-2.76404281E-05	-6.88876100E-06	-1.75527042E-06	-7.20501075E-07	 3.21330516E-05	 4.00961452E-05	-1.30220683E-04	 7.71046817E-05	-1.87366025E-04	-4.06805230E-05	-1.19997303E-05	-1.67783257E-06	 6.15306814E-07	 9.32708771E-07
 4.950000E-01	 1.43006071E-04	 2.12254596E-04	 3.83754156E-04	-8.46671808E-04	-2.53224063E-04	-8.29330819E-05	-2.82751827E-05	-6.92321702E-06	-1.68895942E-06	-6.50892177E-07	 3.20406433E-05	 3.90721925E-05	-1.24466171E-04	 6.33017300E-05	-1.90581060E-04	-4.06258852E-05	-1.17792420E-05	-1.62000790E-06	 5.91847625E-07	 9.15601921E-07
 4.960000E-01	 1.43716448E-04	 2.14305822E-04	 3.96379819E-04	-8.46307636E-04	-2.59821470E-04	-8.54060961E-05	-2.89364743E-05	-6.95240889E-06	-1.61912682E-06	-5.85433133E-07	 3.19054198E-05	 3.80094098E-05	-1.18217931E-04	 4.89010513E-05	-1.93896728E-04	-4.05169359E-05	-1.15173394E-05	-1.54240966E-06	 5.67706265E-07	 8.99246262E-07
 4.970000E-01	 1.44360318E-04	 2.16310920E-04	 4.08943389E-04	-8.45544739E-04	-2.66685437E-04	-8.80233303E-05	-2.96345234E-05	-6.97554760E-06	-1.54726089E-06	-5.25170449E-07	 3.17206836E-05	 3.69243752E-05	-1.11473501E-04	 3.39144224E-05	-1.97337381E-04	-4.03417905E-05	-1.12158793E-05	-1.44921898E-06	 5.39214981E-07	 8.80351573E-07
 4.980000E-01	 1.44933312E-04	 2.18261595E-04	 4.21398717E-04	-8.44383734E-04	-2.73868038E-04	-9.07841955E-05	-3.03693860E-05	-6.98952690E-06	-1.47470944E-06	-4.70426887E-07	 3.14833605E-05	 3.58319474E-05	-1.04224517E-04	 1.83696185E-05	-2.00902236E-04	-4.01099600E-05	-1.08791862E-05	-1.34149480E-06	 5.08605783E-07	 8.57807098E-07
 4.990000E-01	 1.45431210E-04	 2.20164288E-04	 4.33737540E-04	-8.42847363E-04	-2.81342259E-04	-9.36791236E-05	-3.11456132E-05	-6.99706006E-06	-1.39989891E-06	-4.20246129E-07	 3.11937108E-05	 3.47487104E-05	-9.64656389E-05	 2.29607799E-06	-2.04606830E-04	-3.98138895E-05	-1.05064969E-05	-1.22477083E-06	 4.74370147E-07	 8.32590861E-07
 5.000000E-01	 1.45854001E-04	 2.22012220E-04	 4.45917457E-04	-8.40948251E-04	-2.89158713E-04	-9.67062393E-05	-3.19592516E-05	-6.99850860E-06	-1.32434267E-06	-3.72675388E-07	 3.08532420E-05	 3.36879194E-05	-8.81894520E-05	-1.42557971E-05	-2.08445136E-04	-3.94631867E-05	-1.01002729E-05	-1.10025821E-06	 4.40348236E-07	 8.05332721E-07
 5.010000E-01	 1.46204141E-04	 2.23811701E-04	 4.57934060E-04	-8.38712338E-04	-2.97288540E-04	-9.98574065E-05	-3.28100126E-05	-6.99848050E-06	-1.24709800E-06	-3.22740250E-07	 3.04705614E-05	 3.26637085E-05	-7.93891082E-05	-3.12375986E-05	-2.12421833E-04	-3.90544522E-05	-9.65764041E-06	-9.75370730E-07	 4.09516271E-07	 7.79146678E-07
 5.020000E-01	 1.46487934E-04	 2.25561264E-04	 4.69754845E-04	-8.36140101E-04	-3.05779233E-04	-1.03133561E-04	-3.36905715E-05	-7.00407101E-06	-1.17123606E-06	-2.69989524E-07	 3.00540678E-05	 3.16823551E-05	-7.00550459E-05	-4.85794739E-05	-2.16527082E-04	-3.85963940E-05	-9.18046054E-06	-8.50687629E-07	 3.86716440E-07	 7.57700376E-07
 5.030000E-01	 1.46711916E-04	 2.27271168E-04	 4.81376839E-04	-8.33233464E-04	-3.14602126E-04	-1.06529614E-04	-3.45992581E-05	-7.02346784E-06	-1.09903203E-06	-2.13648849E-07	 2.96118590E-05	 3.07546441E-05	-6.01872484E-05	-6.62092830E-05	-2.20768711E-04	-3.80867119E-05	-8.67703941E-06	-7.30979832E-07	 3.71735748E-07	 7.43682907E-07
 5.040000E-01	 1.46882659E-04	 2.28947513E-04	 4.92766084E-04	-8.29975554E-04	-3.23804558E-04	-1.10040235E-04	-3.55323193E-05	-7.06370346E-06	-1.03601581E-06	-1.53532601E-07	 2.91462925E-05	 2.98838731E-05	-4.97868930E-05	-8.40239767E-05	-2.25140295E-04	-3.75328913E-05	-8.15587548E-06	-6.18654072E-07	 3.65306638E-07	 7.37376373E-07
 5.050000E-01	 1.47009158E-04	 2.30603131E-04	 5.03914680E-04	-8.26355714E-04	-3.33358606E-04	-1.13656697E-04	-3.64875805E-05	-7.13042875E-06	-9.86405468E-07	-9.13556155E-08	 2.86637774E-05	 2.90800413E-05	-3.88645778E-05	-1.01915512E-04	-2.29645801E-04	-3.69366936E-05	-7.63211940E-06	-5.17460622E-07	 3.66425245E-07	 7.39116909E-07
 5.060000E-01	 1.47097254E-04	 2.32252613E-04	 5.14786995E-04	-8.22344590E-04	-3.43310454E-04	-1.17365487E-04	-3.74643737E-05	-7.23072060E-06	-9.52694039E-07	-2.89214460E-08	 2.81580424E-05	 2.83433378E-05	-2.74351448E-05	-1.19742805E-04	-2.34279626E-04	-3.63050347E-05	-7.11979688E-06	-4.31525913E-07	 3.69704683E-07	 7.47450720E-07
 5.070000E-01	 1.47151115E-04	 2.33912342E-04	 5.25363548E-04	-8.17915467E-04	-3.53636908E-04	-1.21150648E-04	-3.84612826E-05	-7.36517882E-06	-9.38647033E-07	 3.08989697E-08	 2.76324756E-05	 2.76851850E-05	-1.55237424E-05	-1.37359335E-04	-2.39040623E-04	-3.56431338E-05	-6.63879824E-06	-3.60983327E-07	 3.73485137E-07	 7.60471665E-07
 5.080000E-01	 1.47170056E-04	 2.35607056E-04	 5.35602305E-04	-8.13020237E-04	-3.64383507E-04	-1.24988514E-04	-3.94812032E-05	-7.53844542E-06	-9.41056987E-07	 8.98056062E-08	 2.70816805E-05	 2.71007109E-05	-3.15153692E-06	-1.54592835E-04	-2.43911372E-04	-3.49592274E-05	-6.19574965E-06	-3.13110007E-07	 3.73488632E-07	 7.78874266E-07
 5.090000E-01	 1.47157911E-04	 2.37353991E-04	 5.45477508E-04	-8.07609006E-04	-3.75527003E-04	-1.28862929E-04	-4.05194920E-05	-7.74901274E-06	-9.64055526E-07	 1.43918409E-07	 2.65183149E-05	 2.66010903E-05	 9.65127233E-06	-1.71270324E-04	-2.48873608E-04	-3.42634677E-05	-5.80292072E-06	-2.85561668E-07	 3.75779159E-07	 8.00202004E-07
 5.100000E-01	 1.47119415E-04	 2.39183607E-04	 5.54953709E-04	-8.01609325E-04	-3.87099043E-04	-1.32748932E-04	-4.15751032E-05	-7.99930004E-06	-9.98886000E-07	 2.03338202E-07	 2.59386537E-05	 2.61747589E-05	 2.28583452E-05	-1.87202247E-04	-2.53898926E-04	-3.35650524E-05	-5.45956900E-06	-2.88885877E-07	 3.78222799E-07	 8.26359215E-07
 5.110000E-01	 1.47062123E-04	 2.41110274E-04	 5.64001902E-04	-7.94957132E-04	-3.99069134E-04	-1.36635600E-04	-4.26383449E-05	-8.28573063E-06	-1.05194693E-06	 2.67333416E-07	 2.53698484E-05	 2.58313369E-05	 3.64380783E-05	-2.02199284E-04	-2.58948179E-04	-3.28799159E-05	-5.16473891E-06	-3.18608647E-07	 3.96260521E-07	 8.55866796E-07
 5.120000E-01	 1.47001176E-04	 2.43167367E-04	 5.72601881E-04	-7.87590324E-04	-4.11440990E-04	-1.40509856E-04	-4.37022074E-05	-8.61519291E-06	-1.11167524E-06	 3.41790797E-07	 2.48164152E-05	 2.55489545E-05	 5.03583229E-05	-2.16068651E-04	-2.63975693E-04	-3.22151513E-05	-4.91241926E-06	-3.83281270E-07	 4.28168765E-07	 8.94837263E-07
 5.130000E-01	 1.46954651E-04	 2.45362334E-04	 5.80731688E-04	-7.79462327E-04	-4.24171413E-04	-1.44371460E-04	-4.47527756E-05	-8.98766102E-06	-1.18363764E-06	 4.20558428E-07	 2.42980109E-05	 2.53410972E-05	 6.45603099E-05	-2.28622803E-04	-2.68939429E-04	-3.15859621E-05	-4.71128830E-06	-4.68287250E-07	 4.75736903E-07	 9.43779376E-07
 5.140000E-01	 1.46925239E-04	 2.47730863E-04	 5.88368110E-04	-7.70516685E-04	-4.37262250E-04	-1.48206214E-04	-4.58047400E-05	-9.40081951E-06	-1.26963354E-06	 4.96237333E-07	 2.38004287E-05	 2.51865800E-05	 7.89848896E-05	-2.39695163E-04	-2.73798782E-04	-3.09923188E-05	-4.56812799E-06	-5.77495695E-07	 5.29755532E-07	 9.98594875E-07
 5.150000E-01	 1.46935210E-04	 2.50271343E-04	 5.95491934E-04	-7.60705635E-04	-4.50664369E-04	-1.52015366E-04	-4.68422690E-05	-9.85667574E-06	-1.36294441E-06	 5.59021954E-07	 2.33315556E-05	 2.51032184E-05	 9.35534667E-05	-2.49148265E-04	-2.78506411E-04	-3.04569211E-05	-4.49225230E-06	-6.90641963E-07	 5.74570458E-07	 1.07109942E-06
 5.160000E-01	 1.46958309E-04	 2.53015787E-04	 6.02059014E-04	-7.49967094E-04	-4.64394196E-04	-1.55781700E-04	-4.79149925E-05	-1.03415714E-05	-1.48822329E-06	 5.83080559E-07	 2.28464859E-05	 2.50769578E-05	 1.08170274E-04	-2.56878907E-04	-2.83042548E-04	-2.99675663E-05	-4.51397732E-06	-8.04546334E-07	 5.91773312E-07	 1.13662865E-06
 5.170000E-01	 1.47017307E-04	 2.55952486E-04	 6.08044250E-04	-7.38241347E-04	-4.78400981E-04	-1.59491653E-04	-4.90053984E-05	-1.08455686E-05	-1.62066290E-06	 5.76250401E-07	 2.23383448E-05	 2.51331294E-05	 1.22749517E-04	-2.62839804E-04	-2.87349567E-04	-2.95639958E-05	-4.62150102E-06	-9.17592827E-07	 5.69328764E-07	 1.20504090E-06
 5.180000E-01	 1.47097231E-04	 2.59089588E-04	 6.13412861E-04	-7.25476029E-04	-4.92681161E-04	-1.63141767E-04	-5.01480347E-05	-1.13521258E-05	-1.78280241E-06	 5.34702370E-07	 2.17758374E-05	 2.52535982E-05	 1.37201995E-04	-2.67025556E-04	-2.91400485E-04	-2.92291752E-05	-4.83160182E-06	-1.02198052E-06	 5.04072751E-07	 1.25489526E-06
 5.190000E-01	 1.47234485E-04	 2.62416082E-04	 6.18152620E-04	-7.11612606E-04	-5.07165511E-04	-1.66700993E-04	-5.13280229E-05	-1.18181847E-05	-1.95543896E-06	 5.11932539E-07	 2.11242090E-05	 2.54574526E-05	 1.51426911E-04	-2.69505148E-04	-2.95145519E-04	-2.90301171E-05	-5.11562470E-06	-1.17626758E-06	 4.14428336E-07	 1.23183465E-06
 5.200000E-01	 1.47483779E-04	 2.65913982E-04	 6.22288277E-04	-6.96628777E-04	-5.21785310E-04	-1.70200926E-04	-5.24953138E-05	-1.22666378E-05	-2.09963764E-06	 5.19927255E-07	 2.04434635E-05	 2.57201816E-05	 1.65393295E-04	-2.70364171E-04	-2.98509409E-04	-2.89350598E-05	-5.42754228E-06	-1.34903472E-06	 3.35073108E-07	 1.18788695E-06
 5.210000E-01	 1.47804970E-04	 2.69555530E-04	 6.25779691E-04	-6.80511569E-04	-5.36499072E-04	-1.73657283E-04	-5.36718187E-05	-1.27082426E-05	-2.22130222E-06	 5.30455572E-07	 1.97595629E-05	 2.60603739E-05	 1.79044992E-04	-2.69763234E-04	-3.01426141E-04	-2.89638833E-05	-5.75281191E-06	-1.51800450E-06	 2.54765949E-07	 1.15899456E-06
 5.220000E-01	 1.48237621E-04	 2.73311340E-04	 6.28667910E-04	-6.63239899E-04	-5.51235411E-04	-1.77116497E-04	-5.48298009E-05	-1.31550255E-05	-2.31067326E-06	 5.63458897E-07	 1.90964861E-05	 2.64439628E-05	 1.92329791E-04	-2.67905756E-04	-3.03866303E-04	-2.90999569E-05	-6.07570422E-06	-1.67694302E-06	 1.92307248E-07	 1.14768760E-06
 5.230000E-01	 1.48754255E-04	 2.77153388E-04	 6.30937001E-04	-6.44796031E-04	-5.65936768E-04	-1.80596747E-04	-5.59928539E-05	-1.36112377E-05	-2.38579113E-06	 6.02517076E-07	 1.84575044E-05	 2.68904406E-05	 2.05176251E-04	-2.65029468E-04	-3.05814600E-04	-2.93499176E-05	-6.41508306E-06	-1.81272451E-06	 1.37990902E-07	 1.15525059E-06
 5.240000E-01	 1.49358267E-04	 2.81052020E-04	 6.32613302E-04	-6.25172928E-04	-5.80551382E-04	-1.84131733E-04	-5.71711823E-05	-1.40772072E-05	-2.45735207E-06	 6.46898153E-07	 1.78436243E-05	 2.73778003E-05	 2.17527237E-04	-2.61395908E-04	-3.07275767E-04	-2.96980155E-05	-6.77248117E-06	-1.92628729E-06	 9.27014528E-08	 1.17047680E-06
 5.250000E-01	 1.50034404E-04	 2.84978426E-04	 6.33692103E-04	-6.04376910E-04	-5.95014211E-04	-1.87735344E-04	-5.83790667E-05	-1.45590128E-05	-2.53372694E-06	 6.88067038E-07	 1.72539721E-05	 2.79248109E-05	 2.29321437E-04	-2.57273594E-04	-3.08262859E-04	-3.01447104E-05	-7.17444530E-06	-2.01283977E-06	 5.43068337E-08	 1.18540014E-06
 5.260000E-01	 1.50776666E-04	 2.88900318E-04	 6.34203173E-04	-5.82448109E-04	-6.09275520E-04	-1.91424048E-04	-5.96350367E-05	-1.50485073E-05	-2.62347866E-06	 7.20165936E-07	 1.66778305E-05	 2.85260134E-05	 2.40507259E-04	-2.52922466E-04	-3.08805269E-04	-3.06707515E-05	-7.62858599E-06	-2.07351220E-06	 1.10018165E-08	 1.19419136E-06
 5.270000E-01	 1.51567174E-04	 2.92790870E-04	 6.34128551E-04	-5.59442899E-04	-6.23287252E-04	-1.95193949E-04	-6.09530426E-05	-1.55451968E-05	-2.72950712E-06	 7.47382891E-07	 1.61171619E-05	 2.91974475E-05	 2.51043050E-04	-2.48592433E-04	-3.08927658E-04	-3.12745878E-05	-8.15198200E-06	-2.11083896E-06	-3.02196425E-08	 1.19444564E-06
 5.280000E-01	 1.52391969E-04	 2.96620032E-04	 6.33504374E-04	-5.35439203E-04	-6.37007577E-04	-1.99049685E-04	-6.23501036E-05	-1.60410331E-05	-2.85534202E-06	 7.66068232E-07	 1.55745343E-05	 2.99389194E-05	 2.60903639E-04	-2.44511576E-04	-3.08658208E-04	-3.19411229E-05	-8.73444247E-06	-2.13399789E-06	-7.27084418E-08	 1.18761638E-06
 5.290000E-01	 1.53232040E-04	 3.00365614E-04	 6.32312697E-04	-5.10503016E-04	-6.50404846E-04	-2.02983777E-04	-6.38365799E-05	-1.65401574E-05	-2.99970363E-06	 7.81449687E-07	 1.50631754E-05	 3.07539711E-05	 2.70073306E-04	-2.40892867E-04	-3.08026519E-04	-3.26751246E-05	-9.38259106E-06	-2.15151367E-06	-1.06402455E-07	 1.17870203E-06
 5.300000E-01	 1.54070301E-04	 3.04003788E-04	 6.30598364E-04	-4.84724999E-04	-6.63441483E-04	-2.06995370E-04	-6.54230111E-05	-1.70401644E-05	-3.16272093E-06	 7.94310597E-07	 1.45960886E-05	 3.16440538E-05	 2.78546637E-04	-2.37905580E-04	-3.07065068E-04	-3.34658441E-05	-1.00784168E-05	-2.17658568E-06	-1.29443946E-07	 1.17083930E-06
 5.310000E-01	 1.54893802E-04	 3.07517763E-04	 6.28350689E-04	-4.58194385E-04	-6.76090751E-04	-2.11079279E-04	-6.71137977E-05	-1.75527065E-05	-3.34055333E-06	 8.05692374E-07	 1.41944135E-05	 3.26019210E-05	 2.86327889E-04	-2.35697777E-04	-3.05807992E-04	-3.43267050E-05	-1.08237386E-05	-2.22306797E-06	-1.33943962E-07	 1.16748007E-06
 5.320000E-01	 1.55699406E-04	 3.10889585E-04	 6.25640054E-04	-4.31030954E-04	-6.88307713E-04	-2.15234487E-04	-6.89076126E-05	-1.80857085E-05	-3.52685081E-06	 8.14461462E-07	 1.38686217E-05	 3.36348157E-05	 2.93415888E-04	-2.34359228E-04	-3.04299785E-04	-3.52495844E-05	-1.16111946E-05	-2.30022088E-06	-1.25773534E-07	 1.16760721E-06
 5.330000E-01	 1.56491685E-04	 3.14104355E-04	 6.22470780E-04	-4.03337954E-04	-7.00072499E-04	-2.19451668E-04	-7.08018024E-05	-1.86483693E-05	-3.71614199E-06	 8.24045766E-07	 1.36249815E-05	 3.47369016E-05	 2.99812274E-04	-2.33958777E-04	-3.02589016E-04	-3.62474609E-05	-1.24536884E-05	-2.41595139E-06	-1.09784649E-07	 1.17133532E-06
 5.340000E-01	 1.57275243E-04	 3.17151038E-04	 6.18924763E-04	-3.75228959E-04	-7.11348945E-04	-2.23719207E-04	-7.27924229E-05	-1.92465346E-05	-3.90275796E-06	 8.34976873E-07	 1.34642888E-05	 3.59218025E-05	 3.05515050E-04	-2.34517400E-04	-3.00724294E-04	-3.73136921E-05	-1.33511148E-05	-2.57341182E-06	-9.51395470E-08	 1.17513125E-06
 5.350000E-01	 1.58064685E-04	 3.20016981E-04	 6.15013109E-04	-3.46776290E-04	-7.22129878E-04	-2.28021531E-04	-7.48730587E-05	-1.98836225E-05	-4.08159904E-06	 8.50769582E-07	 1.33800992E-05	 3.71850584E-05	 3.10525948E-04	-2.36049279E-04	-2.98755426E-04	-3.84604961E-05	-1.43193211E-05	-2.77433558E-06	-9.25459433E-08	 1.17868425E-06
 5.360000E-01	 1.58860252E-04	 3.22699277E-04	 6.10811600E-04	-3.18038577E-04	-7.32396860E-04	-2.32334296E-04	-7.70403798E-05	-2.05571921E-05	-4.25189914E-06	 8.76064640E-07	 1.33664123E-05	 3.85415218E-05	 3.14846125E-04	-2.38535802E-04	-2.96722155E-04	-3.96805387E-05	-1.53582556E-05	-3.01377068E-06	-1.08566833E-07	 1.18378130E-06
 5.370000E-01	 1.59660841E-04	 3.25192748E-04	 6.06310453E-04	-2.89039310E-04	-7.42163629E-04	-2.36635593E-04	-7.92930297E-05	-2.12635813E-05	-4.41606964E-06	 9.11855370E-07	 1.34175392E-05	 3.99801448E-05	 3.18490521E-04	-2.41961473E-04	-2.94659067E-04	-4.09867010E-05	-1.64715254E-05	-3.29308012E-06	-1.45676797E-07	 1.19208531E-06
 5.380000E-01	 1.60454768E-04	 3.27504361E-04	 6.01573843E-04	-2.59820746E-04	-7.51417676E-04	-2.40898199E-04	-8.16285463E-05	-2.20003856E-05	-4.57697120E-06	 9.56809633E-07	 1.35342197E-05	 4.15096399E-05	 3.21473630E-04	-2.46278142E-04	-2.92591862E-04	-4.23776038E-05	-1.76502212E-05	-3.60909912E-06	-2.01767408E-07	 1.20560319E-06
 5.390000E-01	 1.61232781E-04	 3.29634333E-04	 5.96584440E-04	-2.30408698E-04	-7.60179421E-04	-2.45102778E-04	-8.40442264E-05	-2.27637782E-05	-4.73944901E-06	 1.00827720E-06	 1.37143253E-05	 4.31141894E-05	 3.23821137E-04	-2.51440120E-04	-2.90544006E-04	-4.38663604E-05	-1.88896862E-05	-3.96349479E-06	-2.74877486E-07	 1.22601461E-06
 5.400000E-01	 1.61979835E-04	 3.31596086E-04	 5.91407580E-04	-2.00836902E-04	-7.68439167E-04	-2.49225390E-04	-8.65366310E-05	-2.35532139E-05	-4.90784476E-06	 1.06079440E-06	 1.39624725E-05	 4.47962709E-05	 3.25553434E-04	-2.57379327E-04	-2.88530992E-04	-4.54591341E-05	-2.01772473E-05	-4.35712947E-06	-3.58924611E-07	 1.25127633E-06
 5.410000E-01	 1.62696661E-04	 3.33389099E-04	 5.86042157E-04	-1.71111642E-04	-7.76207940E-04	-2.53256252E-04	-8.90950080E-05	-2.43688510E-05	-5.08249371E-06	 1.11002360E-06	 1.42763539E-05	 4.65364470E-05	 3.26697539E-04	-2.64039409E-04	-2.86573639E-04	-4.71746903E-05	-2.15077625E-05	-4.79456407E-06	-4.53798300E-07	 1.27700597E-06
 5.420000E-01	 1.63386733E-04	 3.35024750E-04	 5.80571074E-04	-1.41253738E-04	-7.83461102E-04	-2.57178157E-04	-9.17029080E-05	-2.52107383E-05	-5.26152153E-06	 1.15649757E-06	 1.46566179E-05	 4.83374990E-05	 3.27270705E-04	-2.71345649E-04	-2.84687245E-04	-4.90212226E-05	-2.28765249E-05	-5.27290248E-06	-5.60142034E-07	 1.30086225E-06
 5.430000E-01	 1.64060278E-04	 3.36500341E-04	 5.75000529E-04	-1.11264420E-04	-7.90202570E-04	-2.60985351E-04	-9.43420051E-05	-2.60767660E-05	-5.44251557E-06	 1.20203532E-06	 1.50962296E-05	 5.01818566E-05	 3.27298732E-04	-2.79239489E-04	-2.82890532E-04	-5.10120295E-05	-2.42829868E-05	-5.79124241E-06	-6.81248929E-07	 1.31919867E-06
 5.440000E-01	 1.64729638E-04	 3.37826279E-04	 5.69416386E-04	-8.11776714E-05	-7.96400482E-04	-2.64663416E-04	-9.69895903E-05	-2.69645768E-05	-5.62110437E-06	 1.25157242E-06	 1.55935700E-05	 5.20729733E-05	 3.26798684E-04	-2.87643048E-04	-2.81195222E-04	-5.31520478E-05	-2.57270103E-05	-6.34277591E-06	-8.19267835E-07	 1.33134831E-06
 5.450000E-01	 1.65403457E-04	 3.39000790E-04	 5.63818653E-04	-5.10447816E-05	-8.02061106E-04	-2.68206364E-04	-9.96251216E-05	-2.78686441E-05	-5.79550576E-06	 1.31034862E-06	 1.61407563E-05	 5.39968424E-05	 3.25799915E-04	-2.96489365E-04	-2.79616234E-04	-5.54406640E-05	-2.72093330E-05	-6.91735136E-06	-9.76683059E-07	 1.34117362E-06
 5.460000E-01	 1.66078882E-04	 3.40040632E-04	 5.58273784E-04	-2.09491709E-05	-8.07175251E-04	-2.71597034E-04	-1.02235507E-04	-2.87830411E-05	-5.96819071E-06	 1.37929157E-06	 1.67366647E-05	 5.59572353E-05	 3.24322617E-04	-3.05690625E-04	-2.78157372E-04	-5.78718397E-05	-2.87282346E-05	-7.50463014E-06	-1.15040114E-06	 1.35244539E-06
 5.470000E-01	 1.66748497E-04	 3.40949105E-04	 5.52771913E-04	 9.05147795E-06	-8.11770862E-04	-2.74829222E-04	-1.04812691E-04	-2.97020406E-05	-6.14311242E-06	 1.45541998E-06	 1.73753999E-05	 5.79381248E-05	 3.22398763E-04	-3.15185533E-04	-2.76822574E-04	-6.04398998E-05	-3.02787387E-05	-8.09757821E-06	-1.33566609E-06	 1.36744128E-06
 5.480000E-01	 1.67399956E-04	 3.41745961E-04	 5.47371696E-04	 3.88929421E-05	-8.15854413E-04	-2.77888830E-04	-1.07352170E-04	-3.06212547E-05	-6.32529376E-06	 1.53350143E-06	 1.80570992E-05	 5.99397116E-05	 3.20048492E-04	-3.24897646E-04	-2.75607339E-04	-6.31376817E-05	-3.18571967E-05	-8.68955929E-06	-1.52673706E-06	 1.38908773E-06
 5.490000E-01	 1.68017626E-04	 3.42435904E-04	 5.42059685E-04	 6.85406127E-05	-8.19461833E-04	-2.80772330E-04	-1.09854241E-04	-3.15373481E-05	-6.52012167E-06	 1.60544833E-06	 1.87748022E-05	 6.19454828E-05	 3.17303413E-04	-3.34782543E-04	-2.74513821E-04	-6.59586930E-05	-3.34578086E-05	-9.27888481E-06	-1.71806469E-06	 1.41441549E-06
 5.500000E-01	 1.68595599E-04	 3.43034640E-04	 5.36899815E-04	 9.79521198E-05	-8.22596953E-04	-2.83471592E-04	-1.12316854E-04	-3.24487263E-05	-6.72890483E-06	 1.66574692E-06	 1.95271688E-05	 6.39567498E-05	 3.14184528E-04	-3.44776950E-04	-2.73539116E-04	-6.89013030E-05	-3.50770702E-05	-9.86849304E-06	-1.90540548E-06	 1.43720161E-06
 5.510000E-01	 1.69135151E-04	 3.43539422E-04	 5.31895828E-04	 1.27101341E-04	-8.25281495E-04	-2.85989187E-04	-1.14732865E-04	-3.33544582E-05	-6.94931633E-06	 1.71396699E-06	 2.03069323E-05	 6.59602200E-05	 3.10726068E-04	-3.54849964E-04	-2.72686820E-04	-7.19607361E-05	-3.67102106E-05	-1.04586340E-05	-2.08813898E-06	 1.45368408E-06
 5.520000E-01	 1.69642939E-04	 3.43960280E-04	 5.27117508E-04	 1.55942855E-04	-8.27516806E-04	-2.88322080E-04	-1.17094841E-04	-3.42536500E-05	-7.17819987E-06	 1.75261821E-06	 2.11113056E-05	 6.79585470E-05	 3.06950857E-04	-3.64943193E-04	-2.71955734E-04	-7.51335334E-05	-3.83567645E-05	-1.10506814E-05	-2.26707687E-06	 1.46059002E-06
 5.530000E-01	 1.70130204E-04	 3.44290413E-04	 5.22577762E-04	 1.84457991E-04	-8.29323304E-04	-2.90475717E-04	-1.19391690E-04	-3.51450321E-05	-7.41075783E-06	 1.78819479E-06	 2.19336870E-05	 6.99398594E-05	 3.02897431E-04	-3.75036648E-04	-2.71347153E-04	-7.84130865E-05	-4.00115487E-05	-1.16437839E-05	-2.44352803E-06	 1.45734185E-06
 5.540000E-01	 1.70606869E-04	 3.44538532E-04	 5.18344190E-04	 2.12635219E-04	-8.30709789E-04	-2.92450881E-04	-1.21613046E-04	-3.60276963E-05	-7.64360703E-06	 1.82774339E-06	 2.27738482E-05	 7.19014047E-05	 2.98591067E-04	-3.85082514E-04	-2.70848733E-04	-8.17924417E-05	-4.16748608E-05	-1.22340979E-05	-2.62002823E-06	 1.45039464E-06
 5.550000E-01	 1.71071003E-04	 3.44703139E-04	 5.14415261E-04	 2.40495697E-04	-8.31705563E-04	-2.94253078E-04	-1.23752560E-04	-3.69004864E-05	-7.87706853E-06	 1.87419081E-06	 2.36254285E-05	 7.38251125E-05	 2.94068371E-04	-3.95077953E-04	-2.70451882E-04	-8.52587335E-05	-4.33453258E-05	-1.28158740E-05	-2.79866720E-06	 1.44556126E-06
 5.560000E-01	 1.71516289E-04	 3.44798237E-04	 5.10835396E-04	 2.68044674E-04	-8.32330835E-04	-2.95882345E-04	-1.25810881E-04	-3.77623612E-05	-8.11349181E-06	 1.92655208E-06	 2.44867715E-05	 7.57052597E-05	 2.89354101E-04	-4.04981519E-04	-2.70145323E-04	-8.88010662E-05	-4.50258443E-05	-1.33878160E-05	-2.98023272E-06	 1.44584970E-06
 5.570000E-01	 1.71929588E-04	 3.44827331E-04	 5.07589878E-04	 2.95297209E-04	-8.32618956E-04	-2.97342780E-04	-1.27789519E-04	-3.86126159E-05	-8.35593972E-06	 1.98051199E-06	 2.53511953E-05	 7.75256786E-05	 2.84485884E-04	-4.14794681E-04	-2.69924312E-04	-9.24033597E-05	-4.67161945E-05	-1.39471028E-05	-3.16550003E-06	 1.45335092E-06
 5.580000E-01	 1.72296553E-04	 3.44806969E-04	 5.04708045E-04	 3.22253123E-04	-8.32600137E-04	-2.98633889E-04	-1.29698201E-04	-3.94505388E-05	-8.60833804E-06	 2.02919349E-06	 2.62132329E-05	 7.92832608E-05	 2.79485197E-04	-4.24471608E-04	-2.69784808E-04	-9.60527272E-05	-4.84214847E-05	-1.44971324E-05	-3.35496868E-06	 1.46447898E-06
 5.590000E-01	 1.72608393E-04	 3.44739014E-04	 5.02176273E-04	 3.48928409E-04	-8.32303101E-04	-2.99759718E-04	-1.31542442E-04	-4.02740699E-05	-8.87188666E-06	 2.06914348E-06	 2.70636179E-05	 8.09686303E-05	 2.74388000E-04	-4.34017365E-04	-2.69729988E-04	-9.97366944E-05	-5.01390073E-05	-1.50436975E-05	-3.54719960E-06	 1.47227678E-06
 5.600000E-01	 1.72865692E-04	 3.44633433E-04	 5.00029582E-04	 3.75331516E-04	-8.31751528E-04	-3.00723365E-04	-1.33326909E-04	-4.10825857E-05	-9.14451043E-06	 2.10157879E-06	 2.79000347E-05	 8.25823254E-05	 2.69219057E-04	-4.43386934E-04	-2.69757418E-04	-1.03446289E-04	-5.18679350E-05	-1.55939142E-05	-3.74148598E-06	 1.47369739E-06
 5.610000E-01	 1.73071408E-04	 3.44488891E-04	 4.98260703E-04	 4.01492722E-04	-8.30961911E-04	-3.01532716E-04	-1.35048746E-04	-4.18750396E-05	-9.42302575E-06	 2.13082106E-06	 2.87174174E-05	 8.41162472E-05	 2.64015345E-04	-4.52595084E-04	-2.69864260E-04	-1.07170833E-04	-5.36032309E-05	-1.61518611E-05	-3.93678974E-06	 1.46730685E-06
 5.620000E-01	 1.73234565E-04	 3.44311615E-04	 4.96901756E-04	 4.27423276E-04	-8.29949715E-04	-3.02194060E-04	-1.36706286E-04	-4.26519492E-05	-9.70263657E-06	 2.16475307E-06	 2.95181521E-05	 8.55698074E-05	 2.58802966E-04	-4.61600684E-04	-2.70043780E-04	-1.10902106E-04	-5.53416103E-05	-1.67228967E-05	-4.13198477E-06	 1.45510826E-06
 5.630000E-01	 1.73360140E-04	 3.44102517E-04	 4.95941410E-04	 4.53112628E-04	-8.28727398E-04	-3.02717777E-04	-1.38289671E-04	-4.34154615E-05	-9.97939940E-06	 2.20877808E-06	 3.03052397E-05	 8.69361305E-05	 2.53625922E-04	-4.70424084E-04	-2.70291120E-04	-1.14624866E-04	-5.70781044E-05	-1.73041914E-05	-4.32679740E-06	 1.44403442E-06
 5.640000E-01	 1.73448003E-04	 3.43874823E-04	 4.95395170E-04	 4.78527687E-04	-8.27334076E-04	-3.03108839E-04	-1.39800023E-04	-4.41695338E-05	-1.02519163E-05	 2.26347612E-06	 3.10817242E-05	 8.82161340E-05	 2.48509790E-04	-4.79015751E-04	-2.70607158E-04	-1.18321462E-04	-5.88153744E-05	-1.78940860E-05	-4.52310703E-06	 1.43901382E-06
 5.650000E-01	 1.73494164E-04	 3.43637194E-04	 4.95240916E-04	 5.03650705E-04	-8.25800686E-04	-3.03375901E-04	-1.41235653E-04	-4.49162435E-05	-1.05213381E-05	 2.32640624E-06	 3.18455441E-05	 8.94061686E-05	 2.43490405E-04	-4.87396644E-04	-2.70991235E-04	-1.21973485E-04	-6.05546145E-05	-1.84891461E-05	-4.72164752E-06	 1.44175998E-06
 5.660000E-01	 1.73492796E-04	 3.43407095E-04	 4.95482083E-04	 5.28471342E-04	-8.24185059E-04	-3.03521551E-04	-1.42605768E-04	-4.56590625E-05	-1.07893674E-05	 2.39244918E-06	 3.25943435E-05	 9.05088796E-05	 2.38583745E-04	-4.95515044E-04	-2.71450163E-04	-1.25561995E-04	-6.23016341E-05	-1.90890380E-05	-4.92495908E-06	 1.45202407E-06
 5.670000E-01	 1.73437718E-04	 3.43196518E-04	 4.96090313E-04	 5.53010091E-04	-8.22521204E-04	-3.03554295E-04	-1.43915508E-04	-4.63979233E-05	-1.10593423E-05	 2.45643583E-06	 3.33179083E-05	 9.15254092E-05	 2.33814329E-04	-5.03398650E-04	-2.71989257E-04	-1.29069999E-04	-6.40612499E-05	-1.96932614E-05	-5.13461080E-06	 1.46465121E-06
 5.680000E-01	 1.73328895E-04	 3.43018138E-04	 4.97063776E-04	 5.77307153E-04	-8.20860597E-04	-3.03476557E-04	-1.45178886E-04	-4.71320744E-05	-1.13329944E-05	 2.51802374E-06	 3.40071189E-05	 9.24610605E-05	 2.29187919E-04	-5.10996952E-04	-2.72621487E-04	-1.32484789E-04	-6.58348931E-05	-2.03081391E-05	-5.35050390E-06	 1.47390545E-06
 5.690000E-01	 1.73170399E-04	 3.42877983E-04	 4.98376312E-04	 6.01400645E-04	-8.19214960E-04	-3.03302385E-04	-1.46397194E-04	-4.78602239E-05	-1.16109438E-05	 2.57887813E-06	 3.46556420E-05	 9.33192393E-05	 2.24730396E-04	-5.18347665E-04	-2.73350126E-04	-1.35796744E-04	-6.76189615E-05	-2.09361882E-05	-5.57099018E-06	 1.47792133E-06
 5.700000E-01	 1.72968809E-04	 3.42784205E-04	 5.00022861E-04	 6.25318656E-04	-8.17633330E-04	-3.03036999E-04	-1.47579430E-04	-4.85832236E-05	-1.18928221E-05	 2.64250691E-06	 3.52603378E-05	 9.41062597E-05	 2.20450987E-04	-5.25397382E-04	-2.74195827E-04	-1.38994882E-04	-6.94085778E-05	-2.15828010E-05	-5.79546558E-06	 1.47638911E-06
 5.710000E-01	 1.72733817E-04	 3.42741256E-04	 5.01979275E-04	 6.49089376E-04	-8.16123369E-04	-3.02700842E-04	-1.48722034E-04	-4.93013462E-05	-1.21781982E-05	 2.71262420E-06	 3.58225907E-05	 9.48261803E-05	 2.16379340E-04	-5.32186635E-04	-2.75161643E-04	-1.42072989E-04	-7.11953615E-05	-2.22493483E-05	-6.02153805E-06	 1.47296199E-06
 5.720000E-01	 1.72472268E-04	 3.42759116E-04	 5.04237781E-04	 6.72755574E-04	-8.14738218E-04	-3.02300885E-04	-1.49827334E-04	-5.00200178E-05	-1.24656359E-05	 2.79029267E-06	 3.63490202E-05	 9.54779278E-05	 2.12519603E-04	-5.38657320E-04	-2.76264483E-04	-1.45023688E-04	-7.29750741E-05	-2.29378729E-05	-6.25114556E-06	 1.47291111E-06
 5.730000E-01	 1.72188751E-04	 3.42850155E-04	 5.06769392E-04	 6.96361543E-04	-8.13477756E-04	-3.01859814E-04	-1.50888461E-04	-5.07416438E-05	-1.27553335E-05	 2.87420804E-06	 3.68429134E-05	 9.60624508E-05	 2.08886640E-04	-5.44851379E-04	-2.77506337E-04	-1.47840606E-04	-7.47514616E-05	-2.36463948E-05	-6.48767153E-06	 1.47790829E-06
 5.740000E-01	 1.71885781E-04	 3.43028838E-04	 5.09555994E-04	 7.19961896E-04	-8.12394733E-04	-3.01380048E-04	-1.51909641E-04	-5.14695936E-05	-1.30473300E-05	 2.96312496E-06	 3.73060676E-05	 9.65796511E-05	 2.05467246E-04	-5.50700983E-04	-2.78919177E-04	-1.50514801E-04	-7.65278395E-05	-2.43768723E-05	-6.73587710E-06	 1.48689154E-06
 5.750000E-01	 1.71565424E-04	 3.43311617E-04	 5.12562608E-04	 7.43596313E-04	-8.11476801E-04	-3.00885658E-04	-1.52886417E-04	-5.22032162E-05	-1.33424542E-05	 3.05432608E-06	 3.77377016E-05	 9.70349115E-05	 2.02262231E-04	-5.56244713E-04	-2.80514469E-04	-1.53038752E-04	-7.83139198E-05	-2.51280456E-05	-6.99990619E-06	 1.49633172E-06
 5.760000E-01	 1.71230466E-04	 3.43712034E-04	 5.15762302E-04	 7.67307019E-04	-8.10778944E-04	-3.00375383E-04	-1.53828050E-04	-5.29408265E-05	-1.36416137E-05	 3.14827966E-06	 3.81311337E-05	 9.74352090E-05	 1.99244688E-04	-5.61400587E-04	-2.82346496E-04	-1.55400864E-04	-8.01123058E-05	-2.59029184E-05	-7.28324057E-06	 1.50124915E-06
 5.770000E-01	 1.70888048E-04	 3.44240528E-04	 5.19118817E-04	 7.91112099E-04	-8.10284287E-04	-2.99880719E-04	-1.54736747E-04	-5.36764687E-05	-1.39468897E-05	 3.24634301E-06	 3.84813511E-05	 9.77957346E-05	 1.96414641E-04	-5.66203192E-04	-2.84438723E-04	-1.57592789E-04	-8.19220463E-05	-2.67024578E-05	-7.58384847E-06	 1.50021547E-06
 5.780000E-01	 1.70545318E-04	 3.44903242E-04	 5.22605776E-04	 8.15056594E-04	-8.10051883E-04	-2.99403513E-04	-1.55623050E-04	-5.44086878E-05	-1.42588587E-05	 3.34995004E-06	 3.87865241E-05	 9.81231734E-05	 1.93744426E-04	-5.70561347E-04	-2.86851216E-04	-1.59609090E-04	-8.37309965E-05	-2.75306194E-05	-7.89971256E-06	 1.49531356E-06
 5.790000E-01	 1.70211960E-04	 3.45705550E-04	 5.26191793E-04	 8.39166225E-04	-8.10044144E-04	-2.98986292E-04	-1.56487830E-04	-5.51337312E-05	-1.45789968E-05	 3.46032767E-06	 3.90482761E-05	 9.84294593E-05	 1.91228586E-04	-5.74510722E-04	-2.89599761E-04	-1.61448671E-04	-8.55329663E-05	-2.83885129E-05	-8.22725322E-06	 1.49072631E-06
 5.800000E-01	 1.69894384E-04	 3.46649371E-04	 5.29851439E-04	 8.63481962E-04	-8.10312965E-04	-2.98631527E-04	-1.57338147E-04	-5.58539686E-05	-1.49073031E-05	 3.57663757E-06	 3.92738757E-05	 9.87162378E-05	 1.88834609E-04	-5.77953686E-04	-2.92749031E-04	-1.63113953E-04	-8.73107949E-05	-2.92795357E-05	-8.56439657E-06	 1.49122346E-06
 5.810000E-01	 1.69597630E-04	 3.47742560E-04	 5.33558690E-04	 8.87995951E-04	-8.10814281E-04	-2.98388532E-04	-1.58169671E-04	-5.65714803E-05	-1.52430830E-05	 3.69429844E-06	 3.94773754E-05	 9.89944856E-05	 1.86555043E-04	-5.80924834E-04	-2.96318515E-04	-1.64605877E-04	-8.90642939E-05	-3.02040613E-05	-8.91179605E-06	 1.49716525E-06
 5.820000E-01	 1.69325846E-04	 3.48991612E-04	 5.37292067E-04	 9.12732292E-04	-8.11615210E-04	-2.98253494E-04	-1.58984893E-04	-5.72897631E-05	-1.55844380E-05	 3.81099073E-06	 3.96665392E-05	 9.92665985E-05	 1.84343692E-04	-5.83312620E-04	-3.00393465E-04	-1.65927716E-04	-9.07863908E-05	-3.11626891E-05	-9.27420001E-06	 1.50542811E-06
 5.830000E-01	 1.69084712E-04	 3.50405691E-04	 5.41031793E-04	 9.37673715E-04	-8.12670064E-04	-2.98281691E-04	-1.59782118E-04	-5.80079554E-05	-1.59302514E-05	 3.92416079E-06	 3.98497490E-05	 9.95471131E-05	 1.82181140E-04	-5.85147059E-04	-3.05003500E-04	-1.67078911E-04	-9.24842107E-05	-3.21545686E-05	-9.65543237E-06	 1.51119367E-06
 5.840000E-01	 1.68880937E-04	 3.51990705E-04	 5.44761735E-04	 9.62861737E-04	-8.14054472E-04	-2.98465053E-04	-1.60565502E-04	-5.87257712E-05	-1.62786607E-05	 4.03503361E-06	 4.00270595E-05	 9.98391715E-05	 1.80009050E-04	-5.86305144E-04	-3.10250708E-04	-1.68065642E-04	-9.41515926E-05	-3.31776976E-05	-1.00615828E-05	 1.50900177E-06
 5.850000E-01	 1.68726090E-04	 3.53748670E-04	 5.48467717E-04	 9.88308271E-04	-8.15689580E-04	-2.98870226E-04	-1.61342611E-04	-5.94356347E-05	-1.66305207E-05	 4.14817864E-06	 4.01921893E-05	 1.00156427E-04	 1.77793830E-04	-5.86812467E-04	-3.16162031E-04	-1.68890022E-04	-9.57942088E-05	-3.42288143E-05	-1.04947752E-05	 1.49946484E-06
 5.860000E-01	 1.68628296E-04	 3.55672011E-04	 5.52132523E-04	 1.01407657E-03	-8.17622518E-04	-2.99491074E-04	-1.62127095E-04	-6.01346105E-05	-1.69884031E-05	 4.26666328E-06	 4.03377095E-05	 1.00494174E-04	 1.75471897E-04	-5.86539343E-04	-3.22837887E-04	-1.69570889E-04	-9.73915970E-05	-3.53040125E-05	-1.09543009E-05	 1.48714079E-06
 5.870000E-01	 1.68593979E-04	 3.57751713E-04	 5.55743621E-04	 1.04014999E-03	-8.19745516E-04	-3.00407958E-04	-1.62935795E-04	-6.08182069E-05	-1.73554578E-05	 4.39049009E-06	 4.04619709E-05	 1.00861302E-04	 1.73017405E-04	-5.85514111E-04	-3.30300441E-04	-1.70115478E-04	-9.89406862E-05	-3.64004240E-05	-1.14374794E-05	 1.47796338E-06
 5.880000E-01	 1.68625021E-04	 3.59971074E-04	 5.59285837E-04	 1.06656558E-03	-8.22113796E-04	-3.01614095E-04	-1.63786981E-04	-6.14888112E-05	-1.77357683E-05	 4.51624511E-06	 4.05633584E-05	 1.01247376E-04	 1.70376396E-04	-5.83602359E-04	-3.38659564E-04	-1.70552655E-04	-1.00411480E-04	-3.75123768E-05	-1.19403140E-05	 1.47880203E-06
 5.890000E-01	 1.68718255E-04	 3.62315708E-04	 5.62755348E-04	 1.09328169E-03	-8.24605505E-04	-3.03200579E-04	-1.64700993E-04	-6.21498730E-05	-1.81308290E-05	 4.63630642E-06	 4.06526370E-05	 1.01652592E-04	 1.67528675E-04	-5.80835670E-04	-3.47931099E-04	-1.70899172E-04	-1.01803370E-04	-3.86401765E-05	-1.24597262E-05	 1.49013993E-06
 5.900000E-01	 1.68870187E-04	 3.64769869E-04	 5.66150576E-04	 1.12033484E-03	-8.27271536E-04	-3.05148948E-04	-1.65688163E-04	-6.28089571E-05	-1.85396298E-05	 4.74663084E-06	 4.07385135E-05	 1.02058178E-04	 1.64417266E-04	-5.77076049E-04	-3.58232194E-04	-1.71199292E-04	-1.03096852E-04	-3.97784347E-05	-1.29953980E-05	 1.50687425E-06
 5.910000E-01	 1.69078577E-04	 3.67317860E-04	 5.69481447E-04	 1.14767502E-03	-8.29951311E-04	-3.07554046E-04	-1.66767909E-04	-6.34689456E-05	-1.89587633E-05	 4.84790418E-06	 4.08298950E-05	 1.02461374E-04	 1.61015485E-04	-5.72352256E-04	-3.69576689E-04	-1.71471670E-04	-1.04306459E-04	-4.09250941E-05	-1.35481576E-05	 1.52332959E-06
 5.920000E-01	 1.69342338E-04	 3.69940275E-04	 5.72753949E-04	 1.17533599E-03	-8.32674205E-04	-3.10384807E-04	-1.67949838E-04	-6.41349555E-05	-1.93848482E-05	 4.94536395E-06	 4.09288724E-05	 1.02839689E-04	 1.57263737E-04	-5.66519115E-04	-3.82084633E-04	-1.71770396E-04	-1.05417880E-04	-4.20685492E-05	-1.41171192E-05	 1.53389169E-06
 5.930000E-01	 1.69661963E-04	 3.72613812E-04	 5.75981041E-04	 1.20322764E-03	-8.35254130E-04	-3.13742742E-04	-1.69263449E-04	-6.48067180E-05	-1.98140770E-05	 5.04948951E-06	 4.10329145E-05	 1.03191237E-04	 1.53139624E-04	-5.59607291E-04	-3.95768219E-04	-1.72107633E-04	-1.06448491E-04	-4.31987913E-05	-1.47004282E-05	 1.54016690E-06
 5.940000E-01	 1.70036611E-04	 3.75307205E-04	 5.79161451E-04	 1.23134597E-03	-8.37760335E-04	-3.17594063E-04	-1.70734954E-04	-6.54895369E-05	-2.02479192E-05	 5.16671080E-06	 4.11280973E-05	 1.03496268E-04	 1.48605327E-04	-5.51477643E-04	-4.10761669E-04	-1.72535124E-04	-1.07367902E-04	-4.42903761E-05	-1.52887649E-05	 1.55312057E-06
 5.950000E-01	 1.70456492E-04	 3.77984759E-04	 5.82299380E-04	 1.25957024E-03	-8.40025894E-04	-3.22058890E-04	-1.72417691E-04	-6.61914070E-05	-2.06873838E-05	 5.29804381E-06	 4.12056963E-05	 1.03746975E-04	 1.43661248E-04	-5.42173726E-04	-4.27070412E-04	-1.73064359E-04	-1.08181154E-04	-4.53289624E-05	-1.58706248E-05	 1.58460850E-06
 5.960000E-01	 1.70909217E-04	 3.80606812E-04	 5.85388856E-04	 1.28790122E-03	-8.42139515E-04	-3.27099062E-04	-1.74348873E-04	-6.69281993E-05	-2.11365229E-05	 5.44085558E-06	 4.12525109E-05	 1.03913215E-04	 1.38287782E-04	-5.31565399E-04	-4.44823032E-04	-1.73765609E-04	-1.08851944E-04	-4.62859679E-05	-1.64302687E-05	 1.64678175E-06
 5.970000E-01	 1.71371097E-04	 3.83130695E-04	 5.88430774E-04	 1.31620707E-03	-8.43913357E-04	-3.32843964E-04	-1.76594009E-04	-6.77191204E-05	-2.15966144E-05	 5.58924105E-06	 4.12646832E-05	 1.03976923E-04	 1.32499958E-04	-5.19706895E-04	-4.64009860E-04	-1.74658794E-04	-1.09390061E-04	-4.71499194E-05	-1.69519341E-05	 1.74467913E-06
 5.980000E-01	 1.71817224E-04	 3.85516350E-04	 5.91423875E-04	 1.34448755E-03	-8.45439938E-04	-3.39235484E-04	-1.79185429E-04	-6.85891023E-05	-2.20682945E-05	 5.74056396E-06	 4.12451020E-05	 1.03901690E-04	 1.26297534E-04	-5.06473294E-04	-4.84752951E-04	-1.75835269E-04	-1.09768982E-04	-4.78976993E-05	-1.74175592E-05	 1.87068615E-06
 5.990000E-01	 1.72225169E-04	 3.87723067E-04	 5.94379789E-04	 1.37259265E-03	-8.46507768E-04	-3.46397959E-04	-1.82181547E-04	-6.95595693E-05	-2.25448140E-05	 5.90332906E-06	 4.11982670E-05	 1.03669325E-04	 1.19705716E-04	-4.91922872E-04	-5.07032081E-04	-1.77312884E-04	-1.10017601E-04	-4.85184293E-05	-1.78132879E-05	 2.01794093E-06
 6.000000E-01	 1.72577129E-04	 3.89711248E-04	 5.97301375E-04	 1.40051738E-03	-8.47240031E-04	-3.54254431E-04	-1.85608674E-04	-7.06554637E-05	-2.30226331E-05	 6.08861876E-06	 4.11250374E-05	 1.03248730E-04	 1.12745366E-04	-4.75942691E-04	-5.30972853E-04	-1.79184270E-04	-1.10115032E-04	-4.89803505E-05	-1.81203505E-05	 2.17942479E-06
 6.010000E-01	 1.72860048E-04	 3.91441486E-04	 6.00200328E-04	 1.42811096E-03	-8.47419890E-04	-3.62933939E-04	-1.89527072E-04	-7.18980561E-05	-2.34907113E-05	 6.31604439E-06	 4.10224855E-05	 1.02625819E-04	 1.05457618E-04	-4.58599803E-04	-5.56550092E-04	-1.81452064E-04	-1.10096823E-04	-4.92634469E-05	-1.83242622E-05	 2.35623977E-06
 6.020000E-01	 1.73066314E-04	 3.92871798E-04	 6.03067147E-04	 1.45539437E-03	-8.47157256E-04	-3.72355336E-04	-1.93967608E-04	-7.33149385E-05	-2.39447430E-05	 6.59945821E-06	 4.08706023E-05	 1.01770818E-04	 9.78779741E-05	-4.39783468E-04	-5.83879079E-04	-1.84209736E-04	-1.09942028E-04	-4.93180094E-05	-1.84067345E-05	 2.56417247E-06
 6.030000E-01	 1.73177449E-04	 3.93958832E-04	 6.05884791E-04	 1.48221391E-03	-8.46178364E-04	-3.82661170E-04	-1.99011385E-04	-7.49326464E-05	-2.43792840E-05	 6.94627862E-06	 4.06450022E-05	 1.00666969E-04	 9.00548098E-05	-4.19559709E-04	-6.12916711E-04	-1.87448983E-04	-1.09687386E-04	-4.91154589E-05	-1.83506022E-05	 2.81833397E-06
 6.040000E-01	 1.73170400E-04	 3.94657836E-04	 6.08619625E-04	 1.50857722E-03	-8.44597031E-04	-3.93758158E-04	-2.04698940E-04	-7.67862461E-05	-2.47952734E-05	 7.35497125E-06	 4.03218379E-05	 9.92900919E-05	 8.20460065E-05	-3.97823529E-04	-6.43777922E-04	-1.91267112E-04	-1.09311003E-04	-4.86075550E-05	-1.81349444E-05	 3.12991601E-06
 6.050000E-01	 1.73015580E-04	 3.94925087E-04	 6.11236643E-04	 1.53430572E-03	-8.42128068E-04	-4.05789977E-04	-2.11119595E-04	-7.89052650E-05	-2.51908638E-05	 7.82135015E-06	 3.98763218E-05	 9.76309149E-05	 7.39118743E-05	-3.74640443E-04	-6.76424009E-04	-1.95641618E-04	-1.08852808E-04	-4.77734894E-05	-1.77401290E-05	 3.50345017E-06
 6.060000E-01	 1.72683940E-04	 3.94711008E-04	 6.13704081E-04	 1.55940081E-03	-8.38907954E-04	-4.18637268E-04	-2.18309340E-04	-8.13192189E-05	-2.55741819E-05	 8.34720445E-06	 3.92984607E-05	 9.56792175E-05	 6.57290064E-05	-3.49916116E-04	-7.10987536E-04	-2.00682475E-04	-1.08294242E-04	-4.65865904E-05	-1.71433892E-05	 3.92207926E-06
 6.070000E-01	 1.72162245E-04	 3.93970004E-04	 6.16009136E-04	 1.58368386E-03	-8.34611175E-04	-4.32428641E-04	-2.26338415E-04	-8.40444630E-05	-2.59420883E-05	 8.94442612E-06	 3.85876676E-05	 9.34380768E-05	 5.75726429E-05	-3.23722302E-04	-7.47441124E-04	-2.06365468E-04	-1.07674421E-04	-4.50486868E-05	-1.63221623E-05	 4.37387492E-06
 6.080000E-01	 1.71443229E-04	 3.92651633E-04	 6.18138591E-04	 1.60716205E-03	-8.29334583E-04	-4.47030101E-04	-2.35212589E-04	-8.71025847E-05	-2.62968472E-05	 9.62787523E-06	 3.77471442E-05	 9.09049488E-05	 4.95406323E-05	-2.95971652E-04	-7.85921697E-04	-2.12818569E-04	-1.06973754E-04	-4.31466339E-05	-1.52637323E-05	 4.84393246E-06
 6.090000E-01	 1.70538789E-04	 3.90717235E-04	 6.20091424E-04	 1.62964498E-03	-8.22671481E-04	-4.62566201E-04	-2.44974436E-04	-9.04974621E-05	-2.66287021E-05	 1.04145398E-05	 3.67821658E-05	 8.80867892E-05	 4.17141878E-05	-2.66730068E-04	-8.26398533E-04	-2.20015227E-04	-1.06228359E-04	-4.08928339E-05	-1.39557842E-05	 5.32898046E-06
 6.100000E-01	 1.69454484E-04	 3.88131178E-04	 6.21852525E-04	 1.65110082E-03	-8.14758540E-04	-4.78903689E-04	-2.55595609E-04	-9.42491520E-05	-2.69287915E-05	 1.13079497E-05	 3.56923599E-05	 8.49870194E-05	 3.42142053E-05	-2.35930034E-04	-8.69017029E-04	-2.28085496E-04	-1.05410890E-04	-3.82805755E-05	-1.24081241E-05	 5.82875217E-06
 6.110000E-01	 1.68207051E-04	 3.84886373E-04	 6.23406370E-04	 1.67131258E-03	-8.05268789E-04	-4.96183322E-04	-2.67094476E-04	-9.83560783E-05	-2.71798481E-05	 1.22972994E-05	 3.44647493E-05	 8.16230351E-05	 2.71228207E-05	-2.03642145E-04	-9.13781735E-04	-2.36966059E-04	-1.04548554E-04	-3.53231150E-05	-1.06322817E-05	 6.34762771E-06
 6.120000E-01	 1.66804258E-04	 3.80971038E-04	 6.24737825E-04	 1.69024777E-03	-7.94436580E-04	-5.14277165E-04	-2.79421496E-04	-1.02819583E-04	-2.73782196E-05	 1.33720104E-05	 3.30850005E-05	 7.80140449E-05	 2.05548798E-05	-1.69811936E-04	-9.60890934E-04	-2.46790448E-04	-1.03617745E-04	-3.20344864E-05	-8.66798042E-06	 6.87102734E-06
 6.130000E-01	 1.65269437E-04	 3.76407904E-04	 6.25842871E-04	 1.70771721E-03	-7.81941157E-04	-5.33326152E-04	-2.92576444E-04	-1.07606705E-04	-2.75182779E-05	 1.45090619E-05	 3.15377003E-05	 7.41928199E-05	 1.45702891E-05	-1.34498438E-04	-1.01040232E-03	-2.57485709E-04	-1.02641738E-04	-2.84509468E-05	-6.55073490E-06	 7.38718722E-06
 6.140000E-01	 1.63607985E-04	 3.71210762E-04	 6.26722343E-04	 1.72370661E-03	-7.67998312E-04	-5.53202216E-04	-3.06486484E-04	-1.12687104E-04	-2.76074855E-05	 1.56858635E-05	 2.98184201E-05	 7.01959716E-05	 9.26595189E-06	-9.76377696E-05	-1.06255563E-03	-2.69217261E-04	-1.01607028E-04	-2.46228698E-05	-4.35350505E-06	 7.86132440E-06
 6.150000E-01	 1.61847309E-04	 3.65434763E-04	 6.27400928E-04	 1.73804610E-03	-7.52199594E-04	-5.74035019E-04	-3.21119879E-04	-1.17992116E-04	-2.76498518E-05	 1.68697164E-05	 2.79346172E-05	 6.60734399E-05	 4.66947266E-06	-5.92410409E-05	-1.11741227E-03	-2.81925524E-04	-1.00538554E-04	-2.06160029E-05	-2.14308524E-06	 8.26989427E-06
 6.160000E-01	 1.59993454E-04	 3.59125839E-04	 6.27908445E-04	 1.75069795E-03	-7.34793572E-04	-5.95694781E-04	-3.36367972E-04	-1.23457043E-04	-2.76594798E-05	 1.80284706E-05	 2.59030647E-05	 6.18899933E-05	 8.54067599E-07	-1.92241173E-05	-1.17516464E-03	-2.95803190E-04	-9.94328233E-05	-1.65084355E-05	-2.88431670E-08	 8.58240539E-06
 6.170000E-01	 1.58069623E-04	 3.52382019E-04	 6.28303816E-04	 1.76149000E-03	-7.15463033E-04	-6.18314758E-04	-3.52160381E-04	-1.28988256E-04	-2.76495851E-05	 1.91165559E-05	 2.37572759E-05	 5.77220499E-05	-2.17853645E-06	 2.24404026E-05	-1.23574764E-03	-3.10776581E-04	-9.82964738E-05	-1.23783910E-05	 1.89521074E-06	 8.79188428E-06
 6.180000E-01	 1.56082899E-04	 3.45286292E-04	 6.28657593E-04	 1.77037682E-03	-6.94595674E-04	-6.41785998E-04	-3.68353563E-04	-1.34486013E-04	-2.76502453E-05	 2.01044601E-05	 2.15413207E-05	 5.36663272E-05	-4.38213020E-06	 6.58667670E-05	-1.29909819E-03	-3.27057607E-04	-9.71289249E-05	-8.31936933E-06	 3.50043809E-06	 8.89728097E-06
 6.190000E-01	 1.54042304E-04	 3.37974218E-04	 6.29072665E-04	 1.77720429E-03	-6.71961728E-04	-6.66257363E-04	-3.84847359E-04	-1.39835457E-04	-2.77051337E-05	 2.09553242E-05	 1.93246246E-05	 4.98115429E-05	-5.77949896E-06	 1.11132765E-04	-1.36468716E-03	-3.44578568E-04	-9.59069668E-05	-4.41966014E-06	 4.69213054E-06	 8.92447057E-06
 6.200000E-01	 1.51934485E-04	 3.30566528E-04	 6.29647956E-04	 1.78191240E-03	-6.48091458E-04	-6.91656064E-04	-4.01468936E-04	-1.44917802E-04	-2.78643850E-05	 2.16408169E-05	 1.72032238E-05	 4.62655209E-05	-6.32747498E-06	 1.58362969E-04	-1.43174233E-03	-3.63579601E-04	-9.46188549E-05	-7.94021554E-07	 5.36617731E-06	 8.90181782E-06
 6.210000E-01	 1.49741479E-04	 3.23237503E-04	 6.30519964E-04	 1.78435662E-03	-6.22890063E-04	-7.18161678E-04	-4.18076253E-04	-1.49631337E-04	-2.81855848E-05	 2.21355542E-05	 1.52926178E-05	 4.31057285E-05	-6.04911407E-06	 2.07632952E-04	-1.49875027E-03	-3.83978923E-04	-9.32061469E-05	 2.46045097E-06	 5.45745965E-06	 8.87011209E-06
 6.220000E-01	 1.47446679E-04	 3.16136866E-04	 6.31814222E-04	 1.78446057E-03	-5.97093799E-04	-7.45752432E-04	-4.34455417E-04	-1.53864675E-04	-2.87145820E-05	 2.24227205E-05	 1.37339166E-05	 4.04362925E-05	-4.88963398E-06	 2.58985056E-04	-1.56371447E-03	-4.05979218E-04	-9.16563957E-05	 5.22914621E-06	 4.92328187E-06	 8.87240670E-06
 6.230000E-01	 1.45037199E-04	 3.09457666E-04	 6.33704101E-04	 1.78211474E-03	-5.70747756E-04	-7.74650407E-04	-4.50416081E-04	-1.57561873E-04	-2.94946238E-05	 2.25112840E-05	 1.26476736E-05	 3.83021837E-05	-2.86898888E-06	 3.12349022E-04	-1.62374772E-03	-4.29389580E-04	-8.98954014E-05	 7.43609209E-06	 3.74969703E-06	 8.94013383E-06
 6.240000E-01	 1.42534555E-04	 3.03349142E-04	 6.36348503E-04	 1.77725694E-03	-5.44595191E-04	-8.04888881E-04	-4.65704816E-04	-1.60643242E-04	-3.05414420E-05	 2.24150227E-05	 1.21623491E-05	 3.67799431E-05	 6.77519397E-08	 3.67555974E-04	-1.67547123E-03	-4.54272993E-04	-8.79512052E-05	 9.00785780E-06	 1.98115050E-06	 9.11301313E-06
 6.250000E-01	 1.39964398E-04	 2.97981991E-04	 6.39960981E-04	 1.76982168E-03	-5.18442319E-04	-8.36695689E-04	-4.80100618E-04	-1.63114421E-04	-3.18676542E-05	 2.22030166E-05	 1.23222422E-05	 3.58416099E-05	 3.87360592E-06	 4.24271600E-04	-1.71479016E-03	-4.80254858E-04	-8.57883937E-05	 9.91772337E-06	-3.36923384E-07	 9.39317749E-06
 6.260000E-01	 1.37392004E-04	 2.93466289E-04	 6.44707810E-04	 1.75972584E-03	-4.92727545E-04	-8.70092071E-04	-4.93347548E-04	-1.64937388E-04	-3.34507122E-05	 2.19169591E-05	 1.31710932E-05	 3.55012855E-05	 8.59846526E-06	 4.81980307E-04	-1.73754560E-03	-5.07159358E-04	-8.35066165E-05	 1.01527113E-05	-3.05837023E-06	 9.78846795E-06
 6.270000E-01	 1.34878514E-04	 2.89920661E-04	 6.50806932E-04	 1.74692911E-03	-4.66886094E-04	-9.05217190E-04	-5.05238444E-04	-1.66184231E-04	-3.52547919E-05	 2.16658853E-05	 1.46213709E-05	 3.56287804E-05	 1.41775961E-05	 5.39954642E-04	-1.73958158E-03	-5.34315844E-04	-8.11119361E-05	 9.73990112E-06	-6.07986000E-06	 1.02541727E-05
 6.280000E-01	 1.32515243E-04	 2.87392894E-04	 6.58364747E-04	 1.73134140E-03	-4.41006015E-04	-9.41992498E-04	-5.15585581E-04	-1.66851496E-04	-3.72252452E-05	 2.14993264E-05	 1.65878824E-05	 3.61653945E-05	 2.06662700E-05	 5.97294698E-04	-1.71760652E-03	-5.61233775E-04	-7.87708298E-05	 8.73716798E-06	-9.17948178E-06	 1.07578353E-05
 6.290000E-01	 1.30366963E-04	 2.85933831E-04	 6.67510870E-04	 1.71300996E-03	-4.14127541E-04	-9.80374721E-04	-5.24291292E-04	-1.67065939E-04	-3.92776970E-05	 2.15121924E-05	 1.88714779E-05	 3.68786913E-05	 2.80062916E-05	 6.52962404E-04	-1.66935111E-03	-5.86962423E-04	-7.64955686E-05	 7.21793946E-06	-1.22182167E-05	 1.12364427E-05
 6.300000E-01	 1.28508514E-04	 2.85534147E-04	 6.78189824E-04	 1.69190598E-03	-3.85958810E-04	-1.02011062E-03	-5.31324256E-04	-1.66838030E-04	-4.13511194E-05	 2.17464234E-05	 2.12704792E-05	 3.76676180E-05	 3.62491066E-05	 7.05904133E-04	-1.59437064E-03	-6.10802841E-04	-7.45155406E-05	 5.31177251E-06	-1.49804097E-05	 1.16437845E-05
 6.310000E-01	 1.26908164E-04	 2.86190672E-04	 6.90303893E-04	 1.66822281E-03	-3.55241366E-04	-1.06090402E-03	-5.36814103E-04	-1.66335442E-04	-4.33473396E-05	 2.21922069E-05	 2.35844539E-05	 3.82536023E-05	 4.53624596E-05	 7.55100654E-04	-1.49384292E-03	-6.31723874E-04	-7.27876225E-05	 3.11535048E-06	-1.73219851E-05	 1.19641509E-05
 6.320000E-01	 1.25539546E-04	 2.87879713E-04	 7.03553666E-04	 1.64202295E-03	-3.21654557E-04	-1.10228915E-03	-5.40916140E-04	-1.65581060E-04	-4.52227320E-05	 2.28575671E-05	 2.55701390E-05	 3.85646210E-05	 5.53743257E-05	 7.99665532E-04	-1.37114050E-03	-6.49042325E-04	-7.15842121E-05	 8.04713388E-07	-1.91456886E-05	 1.21745995E-05
 6.330000E-01	 1.24048911E-04	 2.90583794E-04	 7.17433567E-04	 1.61368297E-03	-2.84398992E-04	-1.14374415E-03	-5.44120072E-04	-1.64809594E-04	-4.69703677E-05	 2.34553761E-05	 2.71818591E-05	 3.84146488E-05	 6.63102033E-05	 8.38930655E-04	-1.23096784E-03	-6.61851942E-04	-7.07041931E-05	-1.51681890E-06	-2.03234653E-05	 1.23689128E-05
 6.340000E-01	 1.22137816E-04	 2.94287308E-04	 7.31356269E-04	 1.58334031E-03	-2.43644799E-04	-1.18478521E-03	-5.46710678E-04	-1.64183919E-04	-4.85547722E-05	 2.38191506E-05	 2.82409894E-05	 3.77487634E-05	 7.82458802E-05	 8.72305621E-04	-1.07958796E-03	-6.69914925E-04	-7.03462909E-05	-3.76646952E-06	-2.09375947E-05	 1.25497223E-05
 6.350000E-01	 1.20199301E-04	 2.98715118E-04	 7.45289140E-04	 1.55152134E-03	-1.98607825E-04	-1.22479034E-03	-5.48947557E-04	-1.63690577E-04	-4.99715107E-05	 2.41273225E-05	 2.84303674E-05	 3.66281150E-05	 9.08733401E-05	 8.99643673E-04	-9.23754394E-04	-6.72793535E-04	-7.04060666E-05	-6.00081161E-06	-2.10252891E-05	 1.25856228E-05
 6.360000E-01	 1.18250497E-04	 3.03754090E-04	 7.58792640E-04	 1.51848335E-03	-1.49752896E-04	-1.26325159E-03	-5.51043245E-04	-1.63394464E-04	-5.11979360E-05	 2.43855391E-05	 2.77878208E-05	 3.51780044E-05	 1.04224076E-04	 9.21049485E-04	-7.70359583E-04	-6.70614684E-04	-7.10123915E-05	-8.22884670E-06	-2.06713546E-05	 1.24893740E-05
 6.370000E-01	 1.16314719E-04	 3.09205341E-04	 7.71550689E-04	 1.48486800E-03	-9.68663068E-05	-1.29962150E-03	-5.53386320E-04	-1.63381527E-04	-5.23193881E-05	 2.45181323E-05	 2.63695692E-05	 3.35792025E-05	 1.18065629E-04	 9.36893267E-04	-6.25206323E-04	-6.63431205E-04	-7.19076014E-05	-1.04825071E-05	-1.99766857E-05	 1.23247130E-05
 6.380000E-01	 1.14502895E-04	 3.14858484E-04	 7.83243967E-04	 1.45082532E-03	-4.07834575E-05	-1.33359750E-03	-5.56079549E-04	-1.63741754E-04	-5.33432618E-05	 2.45656403E-05	 2.43569623E-05	 3.20186283E-05	 1.32437559E-04	 9.47635234E-04	-4.93222334E-04	-6.51902711E-04	-7.31513377E-05	-1.28974395E-05	-1.90748720E-05	 1.20979641E-05
 6.390000E-01	 1.12818155E-04	 3.20570831E-04	 7.93638842E-04	 1.41701360E-03	 1.83862569E-05	-1.36479748E-03	-5.59337998E-04	-1.64569149E-04	-5.43428983E-05	 2.44857244E-05	 2.19806122E-05	 3.07115896E-05	 1.47111127E-04	 9.53935110E-04	-3.77394510E-04	-6.36510842E-04	-7.44596353E-05	-1.54923520E-05	-1.81216818E-05	 1.19240376E-05
 6.400000E-01	 1.11354915E-04	 3.26123178E-04	 8.02535470E-04	 1.38343469E-03	 7.96156014E-05	-1.39318905E-03	-5.63162177E-04	-1.65954934E-04	-5.53782780E-05	 2.43184398E-05	 1.94534121E-05	 2.98623724E-05	 1.62094962E-04	 9.56382691E-04	-2.79466701E-04	-6.18244839E-04	-7.59341387E-05	-1.84465112E-05	-1.73062994E-05	 1.17968973E-05
 6.410000E-01	 1.10140233E-04	 3.31427662E-04	 8.09877964E-04	 1.35070506E-03	 1.42883977E-04	-1.41856152E-03	-5.67547827E-04	-1.67963536E-04	-5.65069806E-05	 2.40880264E-05	 1.70106271E-05	 2.96325056E-05	 1.77127090E-04	 9.55616260E-04	-1.99225331E-04	-5.97762336E-04	-7.73503495E-05	-2.17741010E-05	-1.67877741E-05	 1.17822019E-05
 6.420000E-01	 1.09210959E-04	 3.36316259E-04	 8.15596388E-04	 1.31864534E-03	 2.07252512E-04	-1.44106713E-03	-5.72408039E-04	-1.70639066E-04	-5.78345606E-05	 2.38200341E-05	 1.48123085E-05	 3.01838355E-05	 1.92182835E-04	 9.52100443E-04	-1.35688036E-04	-5.76049234E-04	-7.89044130E-05	-2.56655366E-05	-1.67636730E-05	 1.18397407E-05
 6.430000E-01	 1.08597887E-04	 3.40759407E-04	 8.19811372E-04	 1.28781064E-03	 2.72829275E-04	-1.46055836E-03	-5.77556583E-04	-1.73988752E-04	-5.94019663E-05	 2.35670497E-05	 1.30124857E-05	 3.15802162E-05	 2.06999925E-04	 9.46265688E-04	-8.65354424E-05	-5.53650506E-04	-8.04294629E-05	-3.01181287E-05	-1.73397230E-05	 1.19673815E-05
 6.440000E-01	 1.08289586E-04	 3.44659382E-04	 8.22558019E-04	 1.25785924E-03	 3.38692210E-04	-1.47728737E-03	-5.82861766E-04	-1.77997282E-04	-6.13176338E-05	 2.33357004E-05	 1.16916454E-05	 3.39100016E-05	 2.21564395E-04	 9.38379746E-04	-4.95035425E-05	-5.31335788E-04	-8.21954779E-05	-3.53029179E-05	-1.86655961E-05	 1.21094861E-05
 6.450000E-01	 1.08296795E-04	 3.48044337E-04	 8.24063621E-04	 1.22932815E-03	 4.05002284E-04	-1.49112472E-03	-5.88046100E-04	-1.82625905E-04	-6.35921802E-05	 2.31674170E-05	 1.09045648E-05	 3.71313403E-05	 2.35661932E-04	 9.28668654E-04	-2.16277069E-05	-5.09428365E-04	-8.40480308E-05	-4.11607627E-05	-2.07579674E-05	 1.22419833E-05
 6.460000E-01	 1.08566508E-04	 3.50883622E-04	 8.24392801E-04	 1.20176293E-03	 4.70952435E-04	-1.50239320E-03	-5.93014579E-04	-1.87825850E-04	-6.62988598E-05	 2.30474813E-05	 1.06542655E-05	 4.12484888E-05	 2.49294962E-04	 9.17225657E-04	-6.69885911E-07	-4.88403413E-04	-8.63132617E-05	-4.78290398E-05	-2.36938238E-05	 1.23145549E-05
 6.470000E-01	 1.09067216E-04	 3.53253494E-04	 8.23797877E-04	 1.17570736E-03	 5.36866367E-04	-1.51091975E-03	-5.97485768E-04	-1.93534675E-04	-6.94191931E-05	 2.29874106E-05	 1.09083316E-05	 4.61246368E-05	 2.62293032E-04	 9.04111289E-04	 1.59597379E-05	-4.68337811E-04	-8.88192397E-05	-5.51836225E-05	-2.73989566E-05	 1.23104055E-05
 6.480000E-01	 1.09712620E-04	 3.55175633E-04	 8.22321554E-04	 1.15063263E-03	 6.01995075E-04	-1.51702973E-03	-6.01450203E-04	-1.99686122E-04	-7.29847758E-05	 2.29570695E-05	 1.16266525E-05	 5.17076807E-05	 2.74676272E-04	 8.89333466E-04	 2.97431521E-05	-4.49469916E-04	-9.19387527E-05	-6.33441267E-05	-3.18860123E-05	 1.21832133E-05
 6.490000E-01	 1.10452355E-04	 3.56761310E-04	 8.20236447E-04	 1.12713637E-03	 6.66701883E-04	-1.52047137E-03	-6.04628630E-04	-2.06201991E-04	-7.69575280E-05	 2.29426626E-05	 1.27367762E-05	 5.78186235E-05	 2.86326993E-04	 8.72900893E-04	 4.25410369E-05	-4.31749777E-04	-9.54630687E-05	-7.21313288E-05	-3.70116167E-05	 1.19361076E-05
 6.500000E-01	 1.11206252E-04	 3.58057990E-04	 8.17561707E-04	 1.10467278E-03	 7.30227123E-04	-1.52157744E-03	-6.07100067E-04	-2.13008321E-04	-8.13289646E-05	 2.29151324E-05	 1.41932096E-05	 6.43905340E-05	 2.97272135E-04	 8.54820515E-04	 5.50101043E-05	-4.15285926E-04	-9.98222434E-05	-8.16685611E-05	-4.27560679E-05	 1.15264539E-05
 6.510000E-01	 1.11951890E-04	 3.59186969E-04	 8.14609988E-04	 1.08392446E-03	 7.93033409E-04	-1.52002980E-03	-6.08567363E-04	-2.20022298E-04	-8.60467617E-05	 2.28538615E-05	 1.59174628E-05	 7.12435182E-05	 3.07427368E-04	 8.35100963E-04	 6.84241084E-05	-3.99979063E-04	-1.04767597E-04	-9.17327373E-05	-4.89362477E-05	 1.09827351E-05
 6.520000E-01	 1.12642677E-04	 3.60180638E-04	 8.11353961E-04	 1.06431657E-03	 8.54428741E-04	-1.51617004E-03	-6.09216936E-04	-2.27184501E-04	-9.10640645E-05	 2.27529570E-05	 1.78671410E-05	 7.83062425E-05	 3.16794486E-04	 8.13751662E-04	 8.28321121E-05	-3.85841844E-04	-1.10791569E-04	-1.02459937E-04	-5.55309856E-05	 1.02751544E-05
 6.530000E-01	 1.13286432E-04	 3.61145342E-04	 8.08111233E-04	 1.04656787E-03	 9.14958217E-04	-1.50959728E-03	-6.08750724E-04	-2.34435032E-04	-9.63270428E-05	 2.26004933E-05	 1.99649691E-05	 8.54098779E-05	 3.25306180E-04	 7.90795764E-04	 9.91563689E-05	-3.72756715E-04	-1.17583501E-04	-1.13573935E-04	-6.23351720E-05	 9.46456979E-06
 6.540000E-01	 1.13855252E-04	 3.62075788E-04	 8.04762633E-04	 1.03003998E-03	 9.73817036E-04	-1.50069025E-03	-6.07497178E-04	-2.41752897E-04	-1.01765901E-04	 2.24214924E-05	 2.21740473E-05	 9.24863027E-05	 3.32954434E-04	 7.66296407E-04	 1.17037352E-04	-3.60720569E-04	-1.25673174E-04	-1.25211081E-04	-6.93413994E-05	 8.54703700E-06
 6.550000E-01	 1.14359324E-04	 3.63065185E-04	 8.01592091E-04	 1.01547372E-03	 1.03152528E-03	-1.48903565E-03	-6.05180150E-04	-2.49125482E-04	-1.07351216E-04	 2.22063200E-05	 2.44192254E-05	 9.93956228E-05	 3.39699866E-04	 7.40349004E-04	 1.37266115E-04	-3.49670233E-04	-1.34667947E-04	-1.37018469E-04	-7.63338152E-05	 7.61783052E-06
 6.560000E-01	 1.14765077E-04	 3.64071644E-04	 7.98380837E-04	 1.00220033E-03	 1.08722997E-03	-1.47508068E-03	-6.02273226E-04	-2.56565887E-04	-1.13015188E-04	 2.19935657E-05	 2.66613763E-05	 1.06074565E-04	 3.45503438E-04	 7.13046625E-04	 1.59252919E-04	-3.39595316E-04	-1.45165724E-04	-1.49159338E-04	-8.33325827E-05	 6.67847670E-06
 6.570000E-01	 1.15078434E-04	 3.65178116E-04	 7.95392369E-04	 9.90997221E-04	 1.14158287E-03	-1.45836998E-03	-5.98491177E-04	-2.64101451E-04	-1.18770261E-04	 2.17623076E-05	 2.88313124E-05	 1.12417350E-04	 3.50329540E-04	 6.84518604E-04	 1.83789158E-04	-3.30447562E-04	-1.56714155E-04	-1.61232053E-04	-9.01186571E-05	 5.82682966E-06
 6.580000E-01	 1.15264802E-04	 3.66300669E-04	 7.92338219E-04	 9.81182852E-04	 1.19375653E-03	-1.43933880E-03	-5.94409912E-04	-2.71755335E-04	-1.24551550E-04	 2.15604202E-05	 3.08926420E-05	 1.18359172E-04	 3.54093215E-04	 6.54838291E-04	 2.10108396E-04	-3.22170224E-04	-1.70004445E-04	-1.73471911E-04	-9.67388241E-05	 5.04396635E-06
 6.590000E-01	 1.15343926E-04	 3.67500752E-04	 7.89485459E-04	 9.73546504E-04	 1.24448716E-03	-1.41744089E-03	-5.89685685E-04	-2.79591644E-04	-1.30403899E-04	 2.13624440E-05	 3.28040724E-05	 1.23825700E-04	 3.56779669E-04	 6.24164449E-04	 2.39034347E-04	-3.14716967E-04	-1.84503839E-04	-1.85445523E-04	-1.02961364E-04	 4.41427946E-06
 6.600000E-01	 1.15292739E-04	 3.68645074E-04	 7.86483818E-04	 9.67367063E-04	 1.29282280E-03	-1.39313182E-03	-5.84983906E-04	-2.87648897E-04	-1.36246256E-04	 2.12367755E-05	 3.45395768E-05	 1.28743122E-04	 3.58296624E-04	 5.92581689E-04	 2.69635792E-04	-3.08033187E-04	-2.00959110E-04	-1.97450568E-04	-1.08845643E-04	 3.91807214E-06
 6.610000E-01	 1.15137000E-04	 3.69767760E-04	 7.83580396E-04	 9.63395438E-04	 1.33952182E-03	-1.36585555E-03	-5.79918908E-04	-2.96056020E-04	-1.42156906E-04	 2.11527180E-05	 3.60826774E-05	 1.33065569E-04	 3.58674632E-04	 5.60316581E-04	 3.02818562E-04	-3.02092481E-04	-2.18723878E-04	-2.08992598E-04	-1.14147110E-04	 3.64445534E-06
 6.620000E-01	 1.14848660E-04	 3.70694486E-04	 7.80344425E-04	 9.60847344E-04	 1.38352073E-03	-1.33610973E-03	-5.75272078E-04	-3.04876767E-04	-1.48040991E-04	 2.11893839E-05	 3.73899212E-05	 1.36701970E-04	 3.57806965E-04	 5.27455198E-04	 3.37523373E-04	-2.96817434E-04	-2.38601359E-04	-2.20420185E-04	-1.18941093E-04	 3.59533707E-06
 6.630000E-01	 1.14428915E-04	 3.71437843E-04	 7.76977814E-04	 9.60408117E-04	 1.42561093E-03	-1.30331569E-03	-5.70629370E-04	-3.14309080E-04	-1.54035705E-04	 2.12963065E-05	 3.84474134E-05	 1.39643367E-04	 3.55753288E-04	 4.94296448E-04	 3.74740931E-04	-2.92162572E-04	-2.59847805E-04	-2.31168790E-04	-1.22988946E-04	 3.86364951E-06
 6.640000E-01	 1.13839166E-04	 3.71805327E-04	 7.73000545E-04	 9.61273370E-04	 1.46458328E-03	-1.26796782E-03	-5.66847594E-04	-3.24402415E-04	-1.60034326E-04	 2.15582447E-05	 3.91912473E-05	 1.41795070E-04	 3.52385230E-04	 4.60920655E-04	 4.13255484E-04	-2.88040533E-04	-2.83349398E-04	-2.41653932E-04	-1.26381816E-04	 4.46487025E-06
 6.650000E-01	 1.13058148E-04	 3.71791272E-04	 7.68596779E-04	 9.64081892E-04	 1.50123706E-03	-1.22949196E-03	-5.63438341E-04	-3.35396079E-04	-1.66236317E-04	 2.19141221E-05	 3.96293251E-05	 1.43196888E-04	 3.47802467E-04	 4.27720719E-04	 4.54122514E-04	-2.84408054E-04	-3.08275800E-04	-2.51255305E-04	-1.28890244E-04	 5.46774508E-06
 6.660000E-01	 1.12063483E-04	 3.71201980E-04	 7.63301654E-04	 9.68063261E-04	 1.53425305E-03	-1.18841316E-03	-5.61269185E-04	-3.47282092E-04	-1.72495586E-04	 2.24698693E-05	 3.97114215E-05	 1.43752239E-04	 3.41884104E-04	 3.94773255E-04	 4.95980171E-04	-2.81215642E-04	-3.35582638E-04	-2.60472786E-04	-1.30596179E-04	 6.88716612E-06
 6.670000E-01	 1.10831804E-04	 3.70000011E-04	 7.57297835E-04	 9.73774255E-04	 1.56454718E-03	-1.14421002E-03	-5.59767787E-04	-3.60348399E-04	-1.79057023E-04	 2.31654383E-05	 3.94878662E-05	 1.43527608E-04	 3.34787543E-04	 3.62545871E-04	 5.39980826E-04	-2.78395872E-04	-3.64338128E-04	-2.68644751E-04	-1.31273437E-04	 8.75206597E-06
 6.680000E-01	 1.09371512E-04	 3.68002051E-04	 7.50150272E-04	 9.80451731E-04	 1.59075589E-03	-1.09740173E-03	-5.59816955E-04	-3.74533168E-04	-1.85716968E-04	 2.41226990E-05	 3.89183349E-05	 1.42408673E-04	 3.26410632E-04	 3.31072776E-04	 5.84651465E-04	-2.75904642E-04	-3.95535832E-04	-2.76352693E-04	-1.30979709E-04	 1.10950188E-05
 6.690000E-01	 1.07652077E-04	 3.65135194E-04	 7.42010951E-04	 9.88497301E-04	 1.61388487E-03	-1.04754689E-03	-5.60804982E-04	-3.90201926E-04	-1.92771916E-04	 2.52725106E-05	 3.80775919E-05	 1.40483613E-04	 3.16977799E-04	 3.00905904E-04	 6.31225606E-04	-2.73625429E-04	-4.28123755E-04	-2.82877169E-04	-1.29511777E-04	 1.39211518E-05
 6.700000E-01	 1.05702723E-04	 3.61258538E-04	 7.32474921E-04	 9.97158344E-04	 1.63246804E-03	-9.95180168E-04	-5.63653391E-04	-4.07231825E-04	-1.99971372E-04	 2.67371505E-05	 3.69076357E-05	 1.37646934E-04	 3.06410224E-04	 2.72068883E-04	 6.78123551E-04	-2.71566252E-04	-4.63107026E-04	-2.88838565E-04	-1.26911483E-04	 1.73138608E-05
 6.710000E-01	 1.03458111E-04	 3.56282773E-04	 7.21651570E-04	 1.00669545E-03	 1.64762019E-03	-9.39978112E-04	-5.67723820E-04	-4.26039658E-04	-2.07675207E-04	 2.84428164E-05	 3.54887138E-05	 1.34029805E-04	 2.94975348E-04	 2.45210230E-04	 7.26646913E-04	-2.69587032E-04	-4.99358355E-04	-2.93459196E-04	-1.23035825E-04	 2.12419439E-05
 6.720000E-01	 1.00961756E-04	 3.50140890E-04	 7.09219981E-04	 1.01644508E-03	 1.65786512E-03	-8.82411083E-04	-5.73919513E-04	-4.46379815E-04	-2.15574599E-04	 3.05221032E-05	 3.37621732E-05	 1.29554360E-04	 2.82607019E-04	 2.20321575E-04	 7.75156802E-04	-2.67790401E-04	-5.37907253E-04	-2.97401676E-04	-1.17906261E-04	 2.58133657E-05
 6.730000E-01	 9.81159966E-05	 3.42736583E-04	 6.95271624E-04	 1.02655342E-03	 1.66452225E-03	-8.22168887E-04	-5.81531554E-04	-4.68671829E-04	-2.24058198E-04	 3.29227903E-05	 3.18349616E-05	 1.24382632E-04	 2.69601770E-04	 1.98082634E-04	 8.25042935E-04	-2.65994953E-04	-5.77601324E-04	-2.99882405E-04	-1.11451399E-04	 3.09146797E-05
 6.740000E-01	 9.50053852E-05	 3.34084987E-04	 6.79640767E-04	 1.03648226E-03	 1.66613470E-03	-7.59522897E-04	-5.91365452E-04	-4.92513379E-04	-2.32719337E-04	 3.57943037E-05	 2.96964443E-05	 1.18450838E-04	 2.55934444E-04	 1.78402499E-04	 8.74660184E-04	-2.64417293E-04	-6.19451612E-04	-3.01616476E-04	-1.03644032E-04	 3.66454410E-05
 6.750000E-01	 9.15478459E-05	 3.24085703E-04	 6.62406773E-04	 1.04622583E-03	 1.66416632E-03	-6.94216080E-04	-6.02658331E-04	-5.18337846E-04	-2.41929881E-04	 3.91086233E-05	 2.74918774E-05	 1.11934275E-04	 2.41974147E-04	 1.61962249E-04	 9.25469477E-04	-2.62870146E-04	-6.62243682E-04	-3.01829782E-04	-9.44832617E-05	 4.28149796E-05
 6.760000E-01	 8.78835295E-05	 3.12844642E-04	 6.43580707E-04	 1.05536271E-03	 1.65712431E-03	-6.26365541E-04	-6.16143143E-04	-5.45610833E-04	-2.51193649E-04	 4.30086502E-05	 2.52513498E-05	 1.04791896E-04	 2.27764972E-04	 1.48609045E-04	 9.75860962E-04	-2.61769033E-04	-7.06900341E-04	-3.01230662E-04	-8.39004584E-05	 4.95270814E-05
 6.770000E-01	 8.39592872E-05	 3.00284300E-04	 6.23193439E-04	 1.06372138E-03	 1.64657581E-03	-5.55804670E-04	-6.31087034E-04	-5.74782277E-04	-2.60853235E-04	 4.74831494E-05	 2.31172138E-05	 9.72293295E-05	 2.13743083E-04	 1.39007891E-04	 1.02738791E-03	-2.60970418E-04	-7.52169072E-04	-2.99056342E-04	-7.20003887E-05	 5.65374685E-05
 6.780000E-01	 7.99234810E-05	 2.86623357E-04	 6.01436001E-04	 1.07104314E-03	 1.63097232E-03	-4.82417585E-04	-6.48155394E-04	-6.05167384E-04	-2.70359767E-04	 5.26655349E-05	 2.11286551E-05	 8.92584267E-05	 1.99981703E-04	 1.32956518E-04	 1.07853148E-03	-2.61163770E-04	-7.98911545E-04	-2.95948415E-04	-5.87275112E-05	 6.39389269E-05
 6.790000E-01	 7.57388744E-05	 2.71850830E-04	 5.78284694E-04	 1.07707432E-03	 1.61197051E-03	-4.06069742E-04	-6.66623248E-04	-6.37148589E-04	-2.79973938E-04	 5.85768620E-05	 1.94142678E-05	 8.11492084E-05	 1.86942950E-04	 1.31055114E-04	 1.13093679E-03	-2.62311330E-04	-8.45933247E-04	-2.91185973E-04	-4.43209039E-05	 7.14292871E-05
 6.800000E-01	 7.15268331E-05	 2.56300365E-04	 5.54163643E-04	 1.08180320E-03	 1.58797618E-03	-3.26444280E-04	-6.86995999E-04	-6.69854183E-04	-2.89085864E-04	 6.53404033E-05	 1.80333242E-05	 7.29724833E-05	 1.74696923E-04	 1.33054863E-04	 1.18319839E-03	-2.65470706E-04	-8.94062267E-04	-2.85292389E-04	-2.87792587E-05	 7.90363586E-05
 6.810000E-01	 6.73023803E-05	 2.40045587E-04	 5.29032130E-04	 1.08497311E-03	 1.56077331E-03	-2.43599355E-04	-7.08527785E-04	-7.03533597E-04	-2.97780095E-04	 7.29826319E-05	 1.71066272E-05	 6.50767603E-05	 1.63724886E-04	 1.39444188E-04	 1.23705992E-03	-2.70749115E-04	-9.42205763E-04	-2.77619018E-04	-1.24573149E-05	 8.64024018E-05
 6.820000E-01	 6.31454896E-05	 2.23491560E-04	 5.03581757E-04	 1.08680708E-03	 1.52876324E-03	-1.57213467E-04	-7.31570779E-04	-7.37198652E-04	-3.05401949E-04	 8.15502269E-05	 1.66943591E-05	 5.75467389E-05	 1.54080877E-04	 1.49905565E-04	 1.29131185E-03	-2.79487841E-04	-9.91174446E-04	-2.68541397E-04	 4.55108467E-06	 9.34259496E-05
 6.830000E-01	 5.91425774E-05	 2.06791220E-04	 4.77730567E-04	 1.08704239E-03	 1.49381501E-03	-6.77118154E-05	-7.55478202E-04	-7.70956927E-04	-3.11840462E-04	 9.10087680E-05	 1.68693299E-05	 5.08179799E-05	 1.46254043E-04	 1.64775044E-04	 1.34787344E-03	-2.91594654E-04	-1.04005883E-03	-2.57527300E-04	 2.17848427E-05	 9.97197612E-05
 6.840000E-01	 5.52549809E-05	 1.90372342E-04	 4.52382544E-04	 1.08608991E-03	 1.45424039E-03	 2.49686442E-05	-7.80546498E-04	-8.03801475E-04	-3.16496310E-04	 1.01272689E-04	 1.76539554E-05	 4.49517641E-05	 1.40261515E-04	 1.83684300E-04	 1.40580740E-03	-3.08119589E-04	-1.08971242E-03	-2.44784254E-04	 3.89719067E-05	 1.05007606E-04
 6.850000E-01	 5.16153263E-05	 1.74465593E-04	 4.27364841E-04	 1.08373435E-03	 1.41190634E-03	 1.19764605E-04	-8.06375120E-04	-8.35611985E-04	-3.19108644E-04	 1.12234129E-04	 1.90635823E-05	 4.05131663E-05	 1.36567587E-04	 2.06873884E-04	 1.46719430E-03	-3.27784639E-04	-1.13953397E-03	-2.29896152E-04	 5.55433765E-05	 1.08954323E-04
 6.860000E-01	 4.80113115E-05	 1.59479759E-04	 4.03746856E-04	 1.08063049E-03	 1.36507822E-03	 2.16205497E-04	-8.33252782E-04	-8.65385495E-04	-3.19234110E-04	 1.23675733E-04	 2.10498211E-05	 3.75180608E-05	 1.35067406E-04	 2.33963514E-04	 1.53129409E-03	-3.50066549E-04	-1.19048882E-03	-2.12887004E-04	 7.09750966E-05	 1.11133823E-04
 6.870000E-01	 4.46444997E-05	 1.45687010E-04	 3.81297673E-04	 1.07671451E-03	 1.31574098E-03	 3.12575050E-04	-8.61107140E-04	-8.92638637E-04	-3.16491376E-04	 1.35407003E-04	 2.35652238E-05	 3.66360631E-05	 1.36114204E-04	 2.65112539E-04	 1.60013496E-03	-3.70732651E-04	-1.24237698E-03	-1.93485370E-04	 8.46724699E-05	 1.11383820E-04
 6.880000E-01	 4.11921709E-05	 1.33403340E-04	 3.61217381E-04	 1.07291785E-03	 1.26223784E-03	 4.08127688E-04	-8.90252337E-04	-9.16440254E-04	-3.10676509E-04	 1.47090567E-04	 2.64150168E-05	 3.77432942E-05	 1.39368390E-04	 2.99839938E-04	 1.67289811E-03	-3.85787502E-04	-1.29619121E-03	-1.71657244E-04	 9.59019928E-05	 1.09194201E-04
 6.890000E-01	 3.79163436E-05	 1.22843881E-04	 3.43230170E-04	 1.06926557E-03	 1.20669458E-03	 5.01054599E-04	-9.21025556E-04	-9.35947942E-04	-3.01364727E-04	 1.58411300E-04	 2.95086125E-05	 4.14323593E-05	 1.45069199E-04	 3.38129748E-04	 1.75106729E-03	-3.86100525E-04	-1.35196179E-03	-1.47432677E-04	 1.04272730E-04	 1.04655036E-04
 6.900000E-01	 3.45120234E-05	 1.14149713E-04	 3.28537650E-04	 1.06688647E-03	 1.14741249E-03	 5.91126578E-04	-9.53814039E-04	-9.50472181E-04	-2.88721991E-04	 1.69037739E-04	 3.25414375E-05	 4.73442745E-05	 1.52657986E-04	 3.79334333E-04	 1.83316761E-03	-3.63003043E-04	-1.41022547E-03	-1.20927607E-04	 1.08993438E-04	 9.72901657E-05
 6.910000E-01	 3.11555828E-05	 1.07377955E-04	 3.16747017E-04	 1.06566026E-03	 1.08648616E-03	 6.77335500E-04	-9.89357101E-04	-9.58960968E-04	-2.72434871E-04	 1.78551788E-04	 3.55416691E-05	 5.57738296E-05	 1.62395429E-04	 4.23247695E-04	 1.91946167E-03	-3.02414714E-04	-1.47071968E-03	-9.26140228E-05	 1.10144758E-04	 8.74882347E-05
 6.920000E-01	 2.78079694E-05	 1.02492835E-04	 3.08939250E-04	 1.06688037E-03	 1.02199361E-03	 7.61098948E-04	-1.02792564E-03	-9.61096932E-04	-2.53092818E-04	 1.86947526E-04	 3.82774238E-05	 6.62256003E-05	 1.73525607E-04	 4.69227305E-04	 2.00727889E-03	-1.92755462E-04	-1.53282947E-03	-6.27723505E-05	 1.06982907E-04	 7.51119050E-05
 6.930000E-01	 2.43639145E-05	 9.93598922E-05	 3.04566670E-04	 1.07002198E-03	 9.55905745E-04	 8.42943507E-04	-1.07027804E-03	-9.55808425E-04	-2.30593451E-04	 1.93767222E-04	 4.09120368E-05	 7.85595989E-05	 1.86321166E-04	 5.16920069E-04	 2.09524595E-03	-1.88461213E-05	-1.59549819E-03	-3.22798547E-05	 1.00191443E-04	 6.08704922E-05
 6.940000E-01	 2.13700864E-05	 9.78707482E-05	 3.04597594E-04	 1.07657468E-03	 8.86141862E-04	 9.26413942E-04	-1.11594054E-03	-9.43244513E-04	-2.05728389E-04	 1.99588463E-04	 4.33468112E-05	 9.23816024E-05	 1.99752473E-04	 5.65920241E-04	 2.17948487E-03	 2.28121755E-04	-1.65640282E-03	-1.35947675E-06	 8.91389098E-05	 4.53547524E-05
 6.950000E-01	 1.82420731E-05	 9.76571396E-05	 3.08344992E-04	 1.08526709E-03	 8.14650946E-04	 1.01286538E-03	-1.16511898E-03	-9.22553203E-04	-1.78690314E-04	 2.03944733E-04	 4.55727157E-05	 1.06989317E-04	 2.13980202E-04	 6.15638408E-04	 2.25727401E-03	 5.57172344E-04	-1.71353855E-03	 2.88204163E-05	 7.50526144E-05	 2.93196926E-05
 6.960000E-01	 1.60943088E-05	 9.86876950E-05	 3.16636641E-04	 1.09765806E-03	 7.39524916E-04	 1.10671290E-03	-1.21601730E-03	-8.94587319E-04	-1.50082439E-04	 2.07825860E-04	 4.77356637E-05	 1.22170938E-04	 2.27986575E-04	 6.65914142E-04	 2.32460834E-03	 9.67039173E-04	-1.76270032E-03	 5.82085345E-05	 5.76059762E-05	 1.40556933E-05
 6.970000E-01	 1.41088077E-05	 1.00273814E-04	 3.28803922E-04	 1.11156634E-03	 6.62924360E-04	 1.20838872E-03	-1.26814805E-03	-8.58608820E-04	-1.20686800E-04	 2.11227183E-04	 4.95834885E-05	 1.36643041E-04	 2.41870395E-04	 7.15918555E-04	 2.37857809E-03	 1.45453516E-03	-1.80175011E-03	 8.55945443E-05	 3.80867490E-05	-1.13139207E-07
 6.980000E-01	 1.32687746E-05	 1.02763983E-04	 3.45177277E-04	 1.12845421E-03	 5.83409272E-04	 1.32116445E-03	-1.31846303E-03	-8.16517819E-04	-9.05989934E-05	 2.14727850E-04	 5.17498557E-05	 1.50218879E-04	 2.55352839E-04	 7.65428416E-04	 2.41692139E-03	 2.00483089E-03	-1.82528531E-03	 1.10762294E-04	 1.67568220E-05	-1.19926130E-05
 6.990000E-01	 1.46140762E-05	 1.05563886E-04	 3.65945177E-04	 1.14663367E-03	 5.03745696E-04	 1.44468844E-03	-1.36608699E-03	-7.65805171E-04	-6.15399225E-05	 2.21208002E-04	 5.45685916E-05	 1.61745965E-04	 2.68563129E-04	 8.14408104E-04	 2.43760022E-03	 2.60399891E-03	-1.83296043E-03	 1.33888880E-04	-6.14921367E-06	-2.07863814E-05
 7.000000E-01	 1.63760772E-05	 1.09509185E-04	 3.89834905E-04	 1.16623933E-03	 4.23245036E-04	 1.57827679E-03	-1.40700613E-03	-7.11389504E-04	-3.25636843E-05	 2.27706875E-04	 5.77194508E-05	 1.70868708E-04	 2.81135328E-04	 8.62213672E-04	 2.43981382E-03	 3.22790673E-03	-1.82088925E-03	 1.53866111E-04	-3.01453617E-05	-2.76458931E-05
 7.010000E-01	 1.77613878E-05	 1.13620736E-04	 4.16320720E-04	 1.18407752E-03	 3.45004239E-04	 1.71795536E-03	-1.44049102E-03	-6.52839984E-04	-4.53768828E-06	 2.34150938E-04	 6.08227338E-05	 1.77395426E-04	 2.92703838E-04	 9.08863904E-04	 2.42383331E-03	 3.85800245E-03	-1.79061121E-03	 1.70707118E-04	-5.51377804E-05	-3.26416496E-05
 7.020000E-01	 1.91142904E-05	 1.18700856E-04	 4.45036467E-04	 1.20131124E-03	 2.68975023E-04	 1.86361822E-03	-1.46307562E-03	-5.92815366E-04	 2.22749918E-05	 2.40546245E-04	 6.41267550E-05	 1.81175530E-04	 3.04089310E-04	 9.53416367E-04	 2.39172090E-03	 4.47082156E-03	-1.73956603E-03	 1.83811684E-04	-8.08121656E-05	-3.62529250E-05
 7.030000E-01	 1.96175350E-05	 1.24364073E-04	 4.75041177E-04	 1.21537617E-03	 1.98297282E-04	 2.01069735E-03	-1.47457102E-03	-5.30738507E-04	 4.75564892E-05	 2.46320850E-04	 6.71218565E-05	 1.82567191E-04	 3.14374191E-04	 9.96363100E-04	 2.34430055E-03	 5.05426667E-03	-1.67276232E-03	 1.93797593E-04	-1.07760812E-04	-3.88117582E-05
 7.040000E-01	 1.97095962E-05	 1.30692711E-04	 5.06308041E-04	 1.22692551E-03	 1.33053132E-04	 2.15905163E-03	-1.47233106E-03	-4.68966967E-04	 7.03397440E-05	 2.51737987E-04	 6.98179020E-05	 1.81899167E-04	 3.24732892E-04	 1.03637981E-03	 2.28528346E-03	 5.59326734E-03	-1.58866863E-03	 1.99809250E-04	-1.35668943E-04	-4.08195710E-05
 7.050000E-01	 1.91238154E-05	 1.37770219E-04	 5.37593564E-04	 1.23457714E-03	 7.56468500E-05	 2.30489049E-03	-1.45707479E-03	-4.06080345E-04	 9.04747219E-05	 2.56448726E-04	 7.19321821E-05	 1.79410913E-04	 3.34359567E-04	 1.07380387E-03	 2.21536243E-03	 6.08701501E-03	-1.49452430E-03	 2.02333993E-04	-1.65240183E-04	-4.29254784E-05
 7.060000E-01	 1.79808796E-05	 1.45273960E-04	 5.68952217E-04	 1.23859977E-03	 2.59705018E-05	 2.44835071E-03	-1.42665985E-03	-3.44514817E-04	 1.06806810E-04	 2.60447327E-04	 7.33931290E-05	 1.75983775E-04	 3.44328519E-04	 1.10749163E-03	 2.13861217E-03	 6.53076038E-03	-1.38864815E-03	 2.00315184E-04	-1.96117785E-04	-4.53712301E-05
 7.070000E-01	 1.65890202E-05	 1.53422467E-04	 5.99095747E-04	 1.23863401E-03	-1.45232848E-05	 2.58636502E-03	-1.38247245E-03	-2.82040853E-04	 1.19296074E-04	 2.63698648E-04	 7.41135340E-05	 1.71597419E-04	 3.54033075E-04	 1.13755298E-03	 2.05492346E-03	 6.93335263E-03	-1.27895379E-03	 1.93921595E-04	-2.28750882E-04	-4.88239520E-05
 7.080000E-01	 1.48715125E-05	 1.61820623E-04	 6.28092030E-04	 1.23482780E-03	-4.60400351E-05	 2.71925301E-03	-1.32234794E-03	-2.21201026E-04	 1.26918167E-04	 2.66115099E-04	 7.41295198E-05	 1.67373657E-04	 3.64210736E-04	 1.16331805E-03	 1.96798193E-03	 7.29645715E-03	-1.16236378E-03	 1.82131649E-04	-2.62768029E-04	-5.29279550E-05
 7.090000E-01	 1.33543550E-05	 1.70588273E-04	 6.54803120E-04	 1.22739944E-03	-6.79054170E-05	 2.84407810E-03	-1.24801403E-03	-1.59269283E-04	 1.29800668E-04	 2.67784553E-04	 7.34077034E-05	 1.63088492E-04	 3.74328928E-04	 1.18476791E-03	 1.87668628E-03	 7.63327221E-03	-1.04642272E-03	 1.64914727E-04	-2.98218064E-04	-5.80586730E-05
 7.100000E-01	 1.18096384E-05	 1.79400213E-04	 6.79257812E-04	 1.21637010E-03	-8.01647982E-05	 2.96099861E-03	-1.15695496E-03	-9.91107495E-05	 1.27207699E-04	 2.68612487E-04	 7.21005980E-05	 1.59721711E-04	 3.84738776E-04	 1.20175073E-03	 1.78426806E-03	 7.94632673E-03	-9.26072652E-04	 1.41328058E-04	-3.34763242E-04	-6.33898089E-05
 7.110000E-01	 1.06080711E-05	 1.88171618E-04	 7.00584593E-04	 1.20208425E-03	-8.26516168E-05	 3.06688965E-03	-1.05113864E-03	-3.78149109E-05	 1.19454630E-04	 2.68557779E-04	 7.02097531E-05	 1.56935706E-04	 3.94951606E-04	 1.21420326E-03	 1.68892262E-03	 8.24848172E-03	-8.08332962E-04	 1.11261373E-04	-3.72076184E-04	-6.89553013E-05
 7.120000E-01	 9.46682260E-06	 1.96615403E-04	 7.18785859E-04	 1.18430833E-03	-7.50274019E-05	 3.16169541E-03	-9.27633839E-04	 2.12534981E-05	 1.06057857E-04	 2.67548743E-04	 6.80197220E-05	 1.55327632E-04	 4.05055475E-04	 1.22242401E-03	 1.59370664E-03	 8.53967350E-03	-6.86349832E-04	 7.39083139E-05	-4.09964492E-04	-7.37407568E-05
 7.130000E-01	 8.54329269E-06	 2.04435378E-04	 7.33338033E-04	 1.16328830E-03	-5.74638815E-05	 3.24232185E-03	-7.88738370E-04	 8.12222866E-05	 8.74143714E-05	 2.65452840E-04	 6.56349146E-05	 1.54489712E-04	 4.14686650E-04	 1.22623114E-03	 1.49654198E-03	 8.83040219E-03	-5.67043044E-04	 2.92231062E-05	-4.47787842E-04	-7.74691081E-05
 7.140000E-01	 7.63029103E-06	 2.11382477E-04	 7.44170214E-04	 1.13858549E-03	-2.92398232E-05	 3.30876636E-03	-6.31187572E-04	 1.38244026E-04	 6.31518951E-05	 2.62345418E-04	 6.33297289E-05	 1.54584982E-04	 4.23785519E-04	 1.22620628E-03	 1.40060326E-03	 9.11720384E-03	-4.42200585E-04	-2.34969441E-05	-4.85535980E-04	-7.92716876E-05
 7.150000E-01	 6.69161568E-06	 2.17115363E-04	 7.50997044E-04	 1.11042480E-03	 9.06501290E-06	 3.35834378E-03	-4.57718864E-04	 1.95774306E-04	 3.36786608E-05	 2.58085013E-04	 6.11472316E-05	 1.55223579E-04	 4.32111180E-04	 1.22194678E-03	 1.30385464E-03	 9.40825287E-03	-3.19072867E-04	-8.44206042E-05	-5.22239437E-04	-7.88785602E-05
 7.160000E-01	 5.66592636E-06	 2.21432539E-04	 7.53638174E-04	 1.07827064E-03	 5.84577381E-05	 3.39115855E-03	-2.64701976E-04	 2.49368900E-04	-1.32938260E-06	 2.52818895E-04	 5.92972344E-05	 1.56235214E-04	 4.39628020E-04	 1.21429445E-03	 1.20979009E-03	 9.69739683E-03	-1.88369806E-04	-1.54323873E-04	-5.58090462E-04	-7.59292194E-05
 7.170000E-01	 4.57025221E-06	 2.24088627E-04	 7.52027927E-04	 1.04251243E-03	 1.17879855E-04	 3.40514677E-03	-5.53812324E-05	 3.03007911E-04	-4.15167637E-05	 2.46523007E-04	 5.78453129E-05	 1.57334706E-04	 4.46318753E-04	 1.20270465E-03	 1.11661227E-03	 9.99142649E-03	-5.80037556E-05	-2.33571719E-04	-5.91874667E-04	-7.03564112E-05
 7.180000E-01	 3.56852446E-06	 2.25030484E-04	 7.45884685E-04	 1.00276291E-03	 1.88595800E-04	 3.40057410E-03	 1.74307707E-04	 3.51832046E-04	-8.72008372E-05	 2.39636106E-04	 5.68934576E-05	 1.58195530E-04	 4.52158732E-04	 1.18835929E-03	 1.02806320E-03	 1.02827351E-02	 8.20764325E-05	-3.22728922E-04	-6.24124687E-04	-6.20653831E-05
 7.190000E-01	 2.69534168E-06	 2.24267637E-04	 7.35200416E-04	 9.59711874E-04	 2.69022106E-04	 3.37618664E-03	 4.20549854E-04	 4.00672582E-04	-1.38048574E-04	 2.32512298E-04	 5.63098893E-05	 1.58734576E-04	 4.57054948E-04	 1.17059921E-03	 9.42463227E-04	 1.05776995E-02	 2.23028329E-04	-4.22053145E-04	-6.53450154E-04	-5.08529898E-05
 7.200000E-01	 1.92136236E-06	 2.21911528E-04	 7.19452579E-04	 9.13066072E-04	 3.60643189E-04	 3.33221186E-03	 6.88029217E-04	 4.44174701E-04	-1.94237434E-04	 2.25836969E-04	 5.57926924E-05	 1.58612383E-04	 4.60704718E-04	 1.15085870E-03	 8.63559304E-04	 1.08681010E-02	 3.75630822E-04	-5.31601569E-04	-6.80685095E-04	-3.64833118E-05
 7.210000E-01	 9.56600473E-07	 2.17961217E-04	 6.98628062E-04	 8.63334836E-04	 4.61356665E-04	 3.26773030E-03	 9.72431676E-04	 4.87653147E-04	-2.55255925E-04	 2.19799780E-04	 5.51093898E-05	 1.57907253E-04	 4.62902601E-04	 1.12831591E-03	 7.89834459E-04	 1.11601708E-02	 5.30306702E-04	-6.51545985E-04	-7.04125002E-04	-1.86101355E-05
 7.220000E-01	-4.11690021E-07	 2.12319751E-04	 6.72248479E-04	 8.09974443E-04	 5.72886655E-04	 3.18234117E-03	 1.27918050E-03	 5.24798001E-04	-3.21084365E-04	 2.14736648E-04	 5.40867834E-05	 1.56227123E-04	 4.63541036E-04	 1.10458910E-03	 7.25213011E-04	 1.14452070E-02	 6.98816111E-04	-7.81644406E-04	-7.24791267E-04	 2.80623309E-06
 7.230000E-01	-2.31364969E-06	 2.04716609E-04	 6.40619469E-04	 7.53224981E-04	 6.92624997E-04	 3.07536694E-03	 1.60321749E-03	 5.61386370E-04	-3.91108585E-04	 2.10390063E-04	 5.30591016E-05	 1.53712978E-04	 4.62860446E-04	 1.07879896E-03	 6.68670772E-04	 1.17291801E-02	 8.70961833E-04	-9.22288705E-04	-7.40703505E-04	 2.77458770E-05
 7.240000E-01	-4.48253395E-06	 1.95029267E-04	 6.03569223E-04	 6.92926577E-04	 8.22400372E-04	 2.94634503E-03	 1.95045854E-03	 5.90710604E-04	-4.65385632E-04	 2.07237093E-04	 5.22299460E-05	 1.50009715E-04	 4.61259649E-04	 1.05278542E-03	 6.24318952E-04	 1.20031266E-02	 1.05929991E-03	-1.07304211E-03	-7.53230438E-04	 5.57427493E-05
 7.250000E-01	-6.63695108E-06	 1.83219996E-04	 5.61539645E-04	 6.29795260E-04	 9.58931948E-04	 2.79575637E-03	 2.31482287E-03	 6.19874772E-04	-5.43328365E-04	 2.05466090E-04	 5.20159147E-05	 1.45452551E-04	 4.59058895E-04	 1.02568595E-03	 5.91379959E-04	 1.22729623E-02	 1.25269470E-03	-1.23436892E-03	-7.60343462E-04	 8.66169370E-05
 7.260000E-01	-8.42088687E-06	 1.69604166E-04	 5.14330013E-04	 5.64541866E-04	 1.10397138E-03	 2.62355429E-03	 2.70280548E-03	 6.42223998E-04	-6.25010330E-04	 2.06292494E-04	 5.21951024E-05	 1.39947453E-04	 4.56481689E-04	 9.99465842E-04	 5.73628170E-04	 1.25298886E-02	 1.46415889E-03	-1.40523875E-03	-7.63799383E-04	 1.19945174E-04
 7.270000E-01	-9.96016523E-06	 1.54422548E-04	 4.62204450E-04	 4.98017739E-04	 1.25363362E-03	 2.43112212E-03	 3.10745663E-03	 6.65917667E-04	-7.09503244E-04	 2.10162284E-04	 5.26754536E-05	 1.34069948E-04	 4.53376076E-04	 9.73237915E-04	 5.70243844E-04	 1.27797962E-02	 1.68149146E-03	-1.58588907E-03	-7.61453898E-04	 1.55937736E-04
 7.280000E-01	-1.14746025E-05	 1.37934260E-04	 4.05064016E-04	 4.30965349E-04	 1.40976504E-03	 2.21803872E-03	 3.53615307E-03	 6.83434376E-04	-7.96542736E-04	 2.17989321E-04	 5.30439866E-05	 1.27940252E-04	 4.49864505E-04	 9.48979025E-04	 5.84604620E-04	 1.30141349E-02	 1.91819869E-03	-1.77462817E-03	-7.55205124E-04	 1.94317368E-04
 7.290000E-01	-1.34438118E-05	 1.20021810E-04	 3.43476600E-04	 3.63576359E-04	 1.56818159E-03	 1.98598334E-03	 3.98116726E-03	 7.03236605E-04	-8.84688177E-04	 2.29488616E-04	 5.35258633E-05	 1.22159320E-04	 4.46034543E-04	 9.25794194E-04	 6.16181638E-04	 1.32384639E-02	 2.16121169E-03	-1.97187759E-03	-7.42737116E-04	 2.35178761E-04
 7.300000E-01	-1.59380254E-05	 1.00530002E-04	 2.78025840E-04	 2.96626725E-04	 1.73086592E-03	 1.73426335E-03	 4.45072315E-03	 7.16945388E-04	-9.73565406E-04	 2.44947279E-04	 5.44827384E-05	 1.16935530E-04	 4.42744254E-04	 9.05660723E-04	 6.68236926E-04	 1.34444873E-02	 2.42449828E-03	-2.17571619E-03	-7.26092233E-04	 2.77636736E-04
 7.310000E-01	-1.88285768E-05	 7.93369073E-05	 2.09804217E-04	 2.30526189E-04	 1.89324009E-03	 1.46573503E-03	 4.93598483E-03	 7.34331675E-04	-1.06160404E-03	 2.64307447E-04	 5.66392315E-05	 1.12905462E-04	 4.40670047E-04	 8.87796595E-04	 7.40593254E-04	 1.36373653E-02	 2.69370125E-03	-2.38701643E-03	-7.03082575E-04	 3.21192717E-04
 7.320000E-01	-2.17243666E-05	 5.66026480E-05	 1.39741691E-04	 1.67244532E-04	 2.05705447E-03	 1.18051027E-03	 5.44571974E-03	 7.47367670E-04	-1.14861303E-03	 2.88549302E-04	 6.04270980E-05	 1.10581324E-04	 4.40844191E-04	 8.74205826E-04	 8.35927823E-04	 1.38095713E-02	 2.98229375E-03	-2.60327933E-03	-6.76014362E-04	 3.64645455E-04
 7.330000E-01	-2.44164895E-05	 3.28473219E-05	 6.88763624E-05	 1.07872925E-04	 2.21725565E-03	 8.82953936E-04	 5.96991687E-03	 7.67612458E-04	-1.23268571E-03	 3.18730230E-04	 6.58779304E-05	 1.10838599E-04	 4.43540214E-04	 8.64293537E-04	 9.53734309E-04	 1.39664065E-02	 3.27363998E-03	-2.82534372E-03	-6.42955125E-04	 4.07711674E-04
 7.340000E-01	-2.71498481E-05	 8.44577860E-06	-1.92433475E-06	 5.48923188E-05	 2.37544671E-03	 5.73179733E-04	 6.51810023E-03	 7.86654530E-04	-1.31334157E-03	 3.55903546E-04	 7.28440105E-05	 1.14552353E-04	 4.49196548E-04	 8.60045098E-04	 1.09553212E-03	 1.41020236E-02	 3.58016754E-03	-3.04977400E-03	-6.06212914E-04	 4.49584689E-04
 7.350000E-01	-3.03703105E-05	-1.61143740E-05	-7.14480887E-05	 8.66005626E-06	 2.52674918E-03	 2.55360653E-04	 7.07915673E-03	 8.16403709E-04	-1.38765657E-03	 4.00791935E-04	 8.09936696E-05	 1.22611603E-04	 4.57856585E-04	 8.61083645E-04	 1.26046146E-03	 1.42222631E-02	 3.88323962E-03	-3.27770203E-03	-5.63941835E-04	 4.90167444E-04
 7.360000E-01	-3.47054165E-05	-4.11195626E-05	-1.38267476E-04	-2.89290279E-05	 2.67317998E-03	-7.15949255E-05	 7.66249011E-03	 8.47007759E-04	-1.45469925E-03	 4.53012049E-04	 9.07765719E-05	 1.35916443E-04	 4.70307896E-04	 8.69359559E-04	 1.44941684E-03	 1.43232919E-02	 4.19532368E-03	-3.50557038E-03	-5.18116200E-04	 5.28075096E-04
 7.370000E-01	-4.00204871E-05	-6.63086522E-05	-2.00290555E-04	-5.80972904E-05	 2.81068557E-03	-4.03537078E-04	 8.25421620E-03	 8.90813178E-04	-1.51055396E-03	 5.12929945E-04	 1.02556708E-04	 1.54972002E-04	 4.87452702E-04	 8.84705343E-04	 1.66181567E-03	 1.44114461E-02	 4.49757441E-03	-3.73590283E-03	-4.67061450E-04	 5.62138752E-04
 7.380000E-01	-4.58089224E-05	-9.19669149E-05	-2.55486408E-04	-7.61316492E-05	 2.94170395E-03	-7.40765888E-04	 8.86146963E-03	 9.37766997E-04	-1.55439860E-03	 5.80102685E-04	 1.17440470E-04	 1.80587915E-04	 5.10628802E-04	 9.08992867E-04	 1.89806394E-03	 1.44855001E-02	 4.80524415E-03	-3.96573036E-03	-4.12566877E-04	 5.89626326E-04
 7.390000E-01	-5.08398533E-05	-1.16782250E-04	-3.01512229E-04	-8.21940227E-05	 3.06308432E-03	-1.07702565E-03	 9.46673425E-03	 1.00169336E-03	-1.58123548E-03	 6.56519966E-04	 1.35245209E-04	 2.12790074E-04	 5.40591481E-04	 9.42073051E-04	 2.15707036E-03	 1.45527911E-02	 5.10364043E-03	-4.19926184E-03	-3.53698894E-04	 6.08734183E-04
 7.400000E-01	-5.42145482E-05	-1.40104367E-04	-3.36806022E-04	-7.23244276E-05	 3.17763497E-03	-1.41068296E-03	 1.00753904E-02	 1.07213232E-03	-1.59014254E-03	 7.42434580E-04	 1.55986677E-04	 2.52289277E-04	 5.77580648E-04	 9.85527180E-04	 2.43751270E-03	 1.46149467E-02	 5.41731263E-03	-4.43372731E-03	-2.92455656E-04	 6.16590144E-04
 7.410000E-01	-5.54126631E-05	-1.59684670E-04	-3.59521673E-04	-4.58584319E-05	 3.28373926E-03	-1.73447983E-03	 1.06692454E-02	 1.16209920E-03	-1.57400671E-03	 8.40131503E-04	 1.77956956E-04	 2.98196479E-04	 6.21052733E-04	 1.03873265E-03	 2.73683609E-03	 1.46785381E-02	 5.74397951E-03	-4.67475663E-03	-2.29068499E-04	 6.11795239E-04
 7.420000E-01	-5.43816127E-05	-1.74941377E-04	-3.68598099E-04	 9.12281732E-08	 3.38526348E-03	-2.04676944E-03	 1.12563140E-02	 1.25796290E-03	-1.53157415E-03	 9.47968724E-04	 2.00551871E-04	 3.50430705E-04	 6.70411348E-04	 1.10237727E-03	 3.05194398E-03	 1.47449760E-02	 6.12581068E-03	-4.91950235E-03	-1.66029223E-04	 5.91341880E-04
 7.430000E-01	-5.11659338E-05	-1.84137924E-04	-3.62195455E-04	 6.45453696E-05	 3.48254463E-03	-2.34124979E-03	 1.18238501E-02	 1.37019845E-03	-1.45393092E-03	 1.06640053E-03	 2.22244610E-04	 4.06465783E-04	 7.24948799E-04	 1.17464017E-03	 3.37954342E-03	 1.48154530E-02	 6.57898858E-03	-5.17514719E-03	-1.05263188E-04	 5.53281695E-04
 7.440000E-01	-4.51943218E-05	-1.87163517E-04	-3.39371944E-04	 1.49247590E-04	 3.58009239E-03	-2.61694546E-03	 1.23884425E-02	 1.48308487E-03	-1.34128620E-03	 1.19194231E-03	 2.42972603E-04	 4.64717355E-04	 7.84629641E-04	 1.25429106E-03	 3.71567368E-03	 1.48867118E-02	 7.16412677E-03	-5.43806355E-03	-5.04416843E-05	 4.93303505E-04
 7.450000E-01	-3.51822186E-05	-1.82683737E-04	-2.98738899E-04	 2.53622700E-04	 3.67835896E-03	-2.86817707E-03	 1.29471018E-02	 1.60837276E-03	-1.18525214E-03	 1.32556310E-03	 2.61685689E-04	 5.21439464E-04	 8.48351389E-04	 1.33815448E-03	 4.05652845E-03	 1.49507510E-02	 7.90897050E-03	-5.71430516E-03	-5.91752101E-06	 4.09604053E-04
 7.460000E-01	-2.05878505E-05	-1.69644496E-04	-2.41116180E-04	 3.79665405E-04	 3.78041265E-03	-3.09483046E-03	 1.35258747E-02	 1.73245895E-03	-9.89623924E-04	 1.46444199E-03	 2.76763719E-04	 5.73651423E-04	 9.15480861E-04	 1.42225393E-03	 4.39701441E-03	 1.49969754E-02	 8.87606772E-03	-5.99533575E-03	 2.33422205E-05	 2.98050641E-04
 7.470000E-01	-5.09865762E-07	-1.47129132E-04	-1.67491101E-04	 5.27740420E-04	 3.88408532E-03	-3.29260566E-03	 1.41276435E-02	 1.87201830E-03	-7.48207559E-04	 1.61116063E-03	 2.87154169E-04	 6.18246435E-04	 9.82498423E-04	 1.50393697E-03	 4.73217503E-03	 1.50097968E-02	 1.00794381E-02	-6.27981638E-03	 3.09756040E-05	 1.61594319E-04
 7.480000E-01	 2.14518894E-05	-1.13487560E-04	-8.19869387E-05	 6.97513387E-04	 3.98993565E-03	-3.46504289E-03	 1.47802157E-02	 2.01580693E-03	-4.68615584E-04	 1.76104406E-03	 2.89392570E-04	 6.51723502E-04	 1.04737627E-03	 1.57745219E-03	 5.05605146E-03	 1.49746875E-02	 1.15539268E-02	-6.55147630E-03	 1.20853867E-05	-1.92424798E-06
 7.490000E-01	 4.33991426E-05	-7.03903006E-05	 1.20866011E-05	 8.87319280E-04	 4.09255439E-03	-3.61108463E-03	 1.54805036E-02	 2.18484517E-03	-1.47119622E-04	 1.91394077E-03	 2.86525090E-04	 6.74289209E-04	 1.10547844E-03	 1.64481224E-03	 5.36421546E-03	 1.48769906E-02	 1.32717841E-02	-6.79933682E-03	-3.97663644E-05	-1.82126629E-04
 7.500000E-01	 5.78897406E-05	-1.80958432E-05	 1.09349463E-04	 1.09150722E-03	 4.19098342E-03	-3.73818362E-03	 1.62449208E-02	 2.36835597E-03	 2.05255576E-04	 2.05917118E-03	 2.76603024E-04	 6.84363581E-04	 1.15449823E-03	 1.70217084E-03	 5.65145402E-03	 1.47067170E-02	 1.52197196E-02	-7.00273533E-03	-1.27754667E-04	-3.80527820E-04
 7.510000E-01	 5.98431510E-05	 3.88358893E-05	 2.04838182E-04	 1.30555231E-03	 4.27703985E-03	-3.84644058E-03	 1.70524041E-02	 2.58966191E-03	 5.89758310E-04	 2.19070109E-03	 2.64757786E-04	 6.87038247E-04	 1.19045874E-03	 1.75566731E-03	 5.91785631E-03	 1.44556819E-02	 1.73236586E-02	-7.15087772E-03	-2.54109969E-04	-5.85121257E-04
 7.520000E-01	 6.18219932E-05	 9.51815678E-05	 3.06210794E-04	 1.52560697E-03	 4.35327052E-03	-3.93045847E-03	 1.79031113E-02	 2.85038393E-03	 9.91361327E-04	 2.31269633E-03	 2.54949560E-04	 6.84365853E-04	 1.21347055E-03	 1.80647018E-03	 6.16149493E-03	 1.41280402E-02	 1.95358952E-02	-7.22520284E-03	-4.19069494E-04	-7.92074717E-04
 7.530000E-01	 6.56810947E-05	 1.47233927E-04	 4.10958432E-04	 1.75091290E-03	 4.41139150E-03	-3.98212916E-03	 1.87624773E-02	 3.17961650E-03	 1.40967308E-03	 2.42680720E-03	 2.46297914E-04	 6.75727737E-04	 1.22345300E-03	 1.85267267E-03	 6.38495945E-03	 1.37209790E-02	 2.17601764E-02	-7.22900454E-03	-6.22197660E-04	-9.99989293E-04
 7.540000E-01	 7.12743951E-05	 1.94741260E-04	 5.17672420E-04	 1.97768772E-03	 4.45008747E-03	-3.99544904E-03	 1.96222604E-02	 3.57074368E-03	 1.83091589E-03	 2.53004572E-03	 2.39817504E-04	 6.64626769E-04	 1.21843141E-03	 1.89777288E-03	 6.58358552E-03	 1.32513700E-02	 2.39503906E-02	-7.15345354E-03	-8.63426412E-04	-1.20436962E-03
 7.550000E-01	 7.74786354E-05	 2.34689751E-04	 6.24136021E-04	 2.20162289E-03	 4.46394094E-03	-3.96459517E-03	 2.04488992E-02	 4.04644806E-03	 2.25706180E-03	 2.62277664E-03	 2.31239426E-04	 6.49502634E-04	 1.19965982E-03	 1.93779236E-03	 6.76095367E-03	 1.27201500E-02	 2.60313090E-02	-7.01511603E-03	-1.14048560E-03	-1.40782204E-03
 7.560000E-01	 8.05050195E-05	 2.67690717E-04	 7.27259554E-04	 2.41815439E-03	 4.45223039E-03	-3.88414180E-03	 2.12395062E-02	 4.59180700E-03	 2.67713956E-03	 2.69816003E-03	 2.22965121E-04	 6.32204203E-04	 1.16814602E-03	 1.97573744E-03	 6.91244467E-03	 1.21492753E-02	 2.79920050E-02	-6.81415600E-03	-1.45328957E-03	-1.60584301E-03
 7.570000E-01	 7.94749912E-05	 2.91478146E-04	 8.26821741E-04	 2.61985716E-03	 4.41437000E-03	-3.75367025E-03	 2.19715837E-02	 5.22292093E-03	 3.09538837E-03	 2.75414033E-03	 2.14623996E-04	 6.12577722E-04	 1.12686857E-03	 2.01099348E-03	 7.04146198E-03	 1.15406016E-02	 2.97955379E-02	-6.57183208E-03	-1.80119405E-03	-1.80076707E-03
 7.580000E-01	 7.49861808E-05	 3.05936796E-04	 9.22548942E-04	 2.80331415E-03	 4.35179537E-03	-3.56734215E-03	 2.26514855E-02	 5.92279070E-03	 3.50195794E-03	 2.78461756E-03	 2.08009863E-04	 5.91016086E-04	 1.07943789E-03	 2.04386667E-03	 7.14523861E-03	 1.09130250E-02	 3.14698589E-02	-6.29298150E-03	-2.18374692E-03	-1.99116146E-03
 7.590000E-01	 6.89844045E-05	 3.12165762E-04	 1.01409630E-03	 2.96410412E-03	 4.26538418E-03	-3.32614168E-03	 2.32641772E-02	 6.71034227E-03	 3.90049699E-03	 2.79274561E-03	 2.02915796E-04	 5.67783928E-04	 1.02830097E-03	 2.07458836E-03	 7.22648806E-03	 1.02637352E-02	 3.30051902E-02	-5.99741175E-03	-2.60260980E-03	-2.17913426E-03
 7.600000E-01	 6.23833079E-05	 3.12015749E-04	 1.10003645E-03	 3.10209852E-03	 4.15610262E-03	-3.02276273E-03	 2.38185994E-02	 7.57153198E-03	 4.28156190E-03	 2.77734242E-03	 1.97302757E-04	 5.42270245E-04	 9.75880420E-04	 2.10081616E-03	 7.28294711E-03	 9.60874329E-03	 3.44488872E-02	-5.68700153E-03	-3.05678230E-03	-2.36266644E-03
 7.610000E-01	 5.41985339E-05	 3.08940134E-04	 1.17662128E-03	 3.21412324E-03	 4.02373153E-03	-2.66171217E-03	 2.43006509E-02	 8.52739494E-03	 4.64848389E-03	 2.74531917E-03	 1.90440199E-04	 5.14383209E-04	 9.22728029E-04	 2.12330642E-03	 7.31564681E-03	 8.94202775E-03	 3.57977468E-02	-5.37499255E-03	-3.55015793E-03	-2.54057533E-03
 7.620000E-01	 4.25452079E-05	 3.04439494E-04	 1.24145898E-03	 3.29892535E-03	 3.86989484E-03	-2.23807720E-03	 2.47179365E-02	 9.56256617E-03	 4.99357587E-03	 2.69426586E-03	 1.81644124E-04	 4.83885495E-04	 8.70044396E-04	 2.14108050E-03	 7.32283412E-03	 8.28113687E-03	 3.71008649E-02	-5.05540354E-03	-4.08085342E-03	-2.70670447E-03
 7.630000E-01	 2.68244436E-05	 2.99373448E-04	 1.29196331E-03	 3.35072259E-03	 3.69554567E-03	-1.76215011E-03	 2.50553790E-02	 1.06962339E-02	 5.32041312E-03	 2.62839878E-03	 1.73045304E-04	 4.51488475E-04	 8.18210229E-04	 2.15711321E-03	 7.30568985E-03	 7.61801267E-03	 3.83485574E-02	-4.73535211E-03	-4.65395779E-03	-2.85885624E-03
 7.640000E-01	 9.12471651E-06	 2.93151874E-04	 1.32933908E-03	 3.36792662E-03	 3.50509878E-03	-1.22858088E-03	 2.53174377E-02	 1.19122566E-02	 5.62212334E-03	 2.54287815E-03	 1.65826148E-04	 4.18094961E-04	 7.68151368E-04	 2.17166322E-03	 7.26586277E-03	 6.97063345E-03	 3.95838409E-02	-4.40578848E-03	-5.26454558E-03	-2.99178757E-03
 7.650000E-01	-6.89859496E-06	 2.85340733E-04	 1.35314336E-03	 3.34656533E-03	 3.29934106E-03	-6.47366549E-04	 2.54875086E-02	 1.32311668E-02	 5.90061965E-03	 2.44376761E-03	 1.60293727E-04	 3.84363228E-04	 7.19899764E-04	 2.18634492E-03	 7.20585804E-03	 6.32639459E-03	 4.07864096E-02	-4.07416302E-03	-5.91786056E-03	-3.10774425E-03
 7.660000E-01	-1.81596545E-05	 2.77008372E-04	 1.36415079E-03	 3.28911999E-03	 3.08205531E-03	-8.07425847E-06	 2.55675556E-02	 1.46391555E-02	 6.14823007E-03	 2.32974770E-03	 1.54607685E-04	 3.50235213E-04	 6.73006207E-04	 2.19895460E-03	 7.12996174E-03	 5.70235828E-03	 4.19927657E-02	-3.73232043E-03	-6.60552157E-03	-3.20378621E-03
 7.670000E-01	-2.47239126E-05	 2.69223118E-04	 1.35849720E-03	 3.19422445E-03	 2.85008590E-03	 6.79364290E-04	 2.55421479E-02	 1.61577930E-02	 6.36543679E-03	 2.21132882E-03	 1.46706930E-04	 3.14714178E-04	 6.26669024E-04	 2.20920285E-03	 7.03887177E-03	 5.08415436E-03	 4.31717039E-02	-3.38600840E-03	-7.33490647E-03	-3.28239816E-03
 7.680000E-01	-2.87092138E-05	 2.63728085E-04	 1.33430660E-03	 3.06456331E-03	 2.60656012E-03	 1.42497667E-03	 2.54136358E-02	 1.77715072E-02	 6.54582779E-03	 2.08638383E-03	 1.36510804E-04	 2.77164532E-04	 5.79772780E-04	 2.21632842E-03	 6.93713890E-03	 4.49357093E-03	 4.43542260E-02	-3.02354393E-03	-8.09540987E-03	-3.33649391E-03
 7.690000E-01	-3.26488153E-05	 2.59552119E-04	 1.28808745E-03	 2.89637671E-03	 2.34802774E-03	 2.21350878E-03	 2.51709136E-02	 1.94980035E-02	 6.69111957E-03	 1.96296336E-03	 1.25879253E-04	 2.37354469E-04	 5.32212911E-04	 2.22336164E-03	 6.82321233E-03	 3.91924017E-03	 4.55002035E-02	-2.64698579E-03	-8.89749728E-03	-3.36558023E-03
 7.700000E-01	-3.61938568E-05	 2.55626251E-04	 1.22197869E-03	 2.69068506E-03	 2.08199796E-03	 3.05301552E-03	 2.48184371E-02	 2.13187274E-02	 6.79712530E-03	 1.83350413E-03	 1.18190741E-04	 1.96532194E-04	 4.83453662E-04	 2.23309208E-03	 6.70403756E-03	 3.38729623E-03	 4.66406090E-02	-2.24536501E-03	-9.72687121E-03	-3.36192065E-03
 7.710000E-01	-3.70463117E-05	 2.49279151E-04	 1.13700271E-03	 2.44429637E-03	 1.80668620E-03	 3.92688335E-03	 2.43493191E-02	 2.32521227E-02	 6.86579808E-03	 1.70632149E-03	 1.14495082E-04	 1.55726027E-04	 4.34214122E-04	 2.24818917E-03	 6.57837787E-03	 2.88351945E-03	 4.77325506E-02	-1.82503997E-03	-1.05958152E-02	-3.33005026E-03
 7.720000E-01	-3.24259895E-05	 2.40281020E-04	 1.03675061E-03	 2.16223721E-03	 1.53117988E-03	 4.84637874E-03	 2.37665054E-02	 2.52842490E-02	 6.89302136E-03	 1.57553998E-03	 1.14283048E-04	 1.16028032E-04	 3.84222138E-04	 2.26875081E-03	 6.45662266E-03	 2.43256814E-03	 4.88119459E-02	-1.38192130E-03	-1.14850333E-02	-3.26706265E-03
 7.730000E-01	-2.27560031E-05	 2.28726414E-04	 9.19753120E-04	 1.84544844E-03	 1.24995768E-03	 5.79608671E-03	 2.30626783E-02	 2.74389317E-02	 6.88036320E-03	 1.45617044E-03	 1.14701302E-04	 7.72233464E-05	 3.34773598E-04	 2.29353755E-03	 6.33608205E-03	 2.01688944E-03	 4.98341599E-02	-9.26042259E-04	-1.24101547E-02	-3.18016417E-03
 7.740000E-01	-1.14324594E-05	 2.16284035E-04	 7.85405050E-04	 1.50191568E-03	 9.70239126E-04	 6.78744263E-03	 2.22355881E-02	 2.97047899E-02	 6.82509016E-03	 1.34346604E-03	 1.15428857E-04	 3.97051694E-05	 2.86501363E-04	 2.32307755E-03	 6.22701574E-03	 1.66611876E-03	 5.08397703E-02	-4.52423511E-04	-1.33495358E-02	-3.06207963E-03
 7.750000E-01	-3.24124960E-06	 2.02753389E-04	 6.30761984E-04	 1.13209550E-03	 6.84414210E-04	 7.80120927E-03	 2.12771028E-02	 3.21036362E-02	 6.73157514E-03	 1.25300326E-03	 1.17569714E-04	 4.24565257E-06	 2.42050818E-04	 2.35907233E-03	 6.12241108E-03	 1.36628676E-03	 5.17817755E-02	 3.62441288E-05	-1.43260012E-02	-2.91462772E-03
 7.760000E-01	-1.84227731E-07	 1.86671748E-04	 4.58229667E-04	 7.43494170E-04	 4.03101606E-04	 8.84671936E-03	 2.01811839E-02	 3.46178245E-02	 6.60061081E-03	 1.17442397E-03	 1.25083995E-04	-2.66477096E-05	 2.03878190E-04	 2.40689893E-03	 6.03241526E-03	 1.15267979E-03	 5.27043126E-02	 5.54832875E-04	-1.53162214E-02	-2.72678631E-03
 7.770000E-01	 5.24941733E-08	 1.64579826E-04	 2.71028621E-04	 3.37406000E-04	 1.21051852E-04	 9.90636042E-03	 1.89432541E-02	 3.72595924E-02	 6.43922088E-03	 1.12402464E-03	 1.39135289E-04	-5.11061403E-05	 1.76378658E-04	 2.46742252E-03	 5.94867650E-03	 1.00587343E-03	 5.35510288E-02	 1.11052587E-03	-1.63475797E-02	-2.50534499E-03
 7.780000E-01	 3.55129249E-06	 1.33124651E-04	 7.66238182E-05	-7.35320103E-05	-1.48379581E-04	 1.09974893E-02	 1.75629511E-02	 4.00006521E-02	 6.24701022E-03	 1.09315556E-03	 1.58476898E-04	-6.84364897E-05	 1.64579017E-04	 2.54073795E-03	 5.88442153E-03	 9.54308295E-04	 5.43554655E-02	 1.72160508E-03	-1.73880832E-02	-2.24813037E-03
 7.790000E-01	 1.63713580E-05	 8.92175140E-05	-1.20738176E-04	-4.82414413E-04	-4.12988927E-04	 1.21117861E-02	 1.60564768E-02	 4.28475550E-02	 6.02622737E-03	 1.10781265E-03	 1.77073682E-04	-8.11288637E-05	 1.74739663E-04	 2.61754043E-03	 5.83068162E-03	 9.65674727E-04	 5.50341522E-02	 2.38566003E-03	-1.84626853E-02	-1.97230258E-03
 7.800000E-01	 4.12330985E-05	 3.05919540E-05	-3.15924341E-04	-8.73735361E-04	-6.61068546E-04	 1.32696408E-02	 1.44474543E-02	 4.57825754E-02	 5.76710204E-03	 1.16129956E-03	 1.89068415E-04	-9.18730609E-05	 2.13721542E-04	 2.69302408E-03	 5.80170283E-03	 1.06699854E-03	 5.56026914E-02	 3.08680392E-03	-1.95243856E-02	-1.67815524E-03
 7.810000E-01	 7.41524194E-05	-4.59441875E-05	-5.07714439E-04	-1.24615701E-03	-9.01134568E-04	 1.44518341E-02	 1.27769172E-02	 4.88518045E-02	 5.46467796E-03	 1.27627772E-03	 1.89157765E-04	-1.01339309E-04	 2.85829953E-04	 2.75941062E-03	 5.78661560E-03	 1.22854935E-03	 5.59703447E-02	 3.75381352E-03	-2.05937031E-02	-1.37981002E-03
 7.820000E-01	 1.03457329E-04	-1.42957118E-04	-6.91817880E-04	-1.59740840E-03	-1.11532457E-03	 1.56512812E-02	 1.10611667E-02	 5.21083543E-02	 5.10810493E-03	 1.42555534E-03	 1.75312612E-04	-1.02383238E-04	 3.93751700E-04	 2.82403432E-03	 5.80399574E-03	 1.49324581E-03	 5.61968614E-02	 4.27106844E-03	-2.16135260E-02	-1.06861238E-03
 7.830000E-01	 1.08025499E-04	-2.63462920E-04	-8.67360715E-04	-1.94354804E-03	-1.30471437E-03	 1.68121902E-02	 9.28980550E-03	 5.56761748E-02	 4.71088526E-03	 1.61069280E-03	 1.47316408E-04	-8.01163580E-05	 5.32667832E-04	 2.89280697E-03	 5.84899524E-03	 1.84148254E-03	 5.62825161E-02	 4.47451222E-03	-2.26228170E-02	-7.52753187E-04
 7.840000E-01	 6.09533843E-05	-4.04917047E-04	-1.03146049E-03	-2.29460411E-03	-1.44471105E-03	 1.78957435E-02	 7.36834903E-03	 5.96301258E-02	 4.30361928E-03	 1.78557106E-03	 1.07812789E-04	-1.16312041E-05	 6.97710500E-04	 2.98652950E-03	 5.95135172E-03	 2.32567400E-03	 5.64274086E-02	 4.24094623E-03	-2.35991224E-02	-4.19244880E-04
 7.850000E-01	-6.39967386E-05	-5.63350801E-04	-1.18698624E-03	-2.66615132E-03	-1.53665171E-03	 1.88410095E-02	 5.16160935E-03	 6.39735514E-02	 3.96748374E-03	 1.96066180E-03	 6.65692167E-05	 1.25064875E-04	 8.78265245E-04	 3.11717524E-03	 6.10922937E-03	 2.92001366E-03	 5.67464224E-02	 3.57357372E-03	-2.46593120E-02	-7.53897819E-05
 7.860000E-01	-2.74766330E-04	-7.26739728E-04	-1.33165000E-03	-3.04958902E-03	-1.55854322E-03	 1.96436263E-02	 2.50138764E-03	 6.84579309E-02	 3.79975508E-03	 2.12328830E-03	 4.26208243E-05	 3.44569659E-04	 1.07367686E-03	 3.30781465E-03	 6.34540823E-03	 3.66887355E-03	 5.74699382E-02	 2.72889676E-03	-2.58539592E-02	 2.92598342E-04
 7.870000E-01	-5.46521221E-04	-8.84407970E-04	-1.46292320E-03	-3.42351304E-03	-1.51238647E-03	 2.03220187E-02	-6.70491964E-04	 7.26088813E-02	 3.90664979E-03	 2.35185907E-03	 6.63990064E-05	 6.41103429E-04	 1.28295421E-03	 3.56430658E-03	 6.63130069E-03	 4.52782754E-03	 5.85813216E-02	 2.22597434E-03	-2.73535186E-02	 6.72377052E-04
 7.880000E-01	-8.14471017E-04	-1.01717074E-03	-1.56775781E-03	-3.73495947E-03	-1.36801160E-03	 2.09669987E-02	-4.25980215E-03	 7.57346418E-02	 4.30915014E-03	 2.69866235E-03	 1.67714748E-04	 9.84668891E-04	 1.52029336E-03	 3.89749347E-03	 6.95175090E-03	 5.52683115E-03	 6.00458214E-02	 2.77821342E-03	-2.91668173E-02	 1.06192501E-03
 7.890000E-01	-9.84104953E-04	-1.10541501E-03	-1.63656623E-03	-3.92215284E-03	-1.11043183E-03	 2.16749311E-02	-7.91713405E-03	 7.72642455E-02	 4.91034279E-03	 3.29066086E-03	 3.61869171E-04	 1.32084284E-03	 1.79000693E-03	 4.29022139E-03	 7.23561477E-03	 6.59913221E-03	 6.15150518E-02	 5.05770277E-03	-3.13323357E-02	 1.41748152E-03
 7.900000E-01	-9.68188637E-04	-1.12328505E-03	-1.66117606E-03	-3.92668608E-03	-6.89891582E-04	 2.25340589E-02	-1.11561560E-02	 7.70106920E-02	 5.42855490E-03	 4.14571630E-03	 6.33527201E-04	 1.58194477E-03	 2.09854140E-03	 4.72723148E-03	 7.44017870E-03	 7.75597406E-03	 6.27106455E-02	 9.45839882E-03	-3.36277964E-02	 1.69525124E-03
 7.910000E-01	-7.12317948E-04	-1.04719708E-03	-1.64911070E-03	-3.71998075E-03	-7.58099858E-05	 2.35515288E-02	-1.34443108E-02	 7.55931126E-02	 5.47421748E-03	 5.29156393E-03	 9.23637851E-04	 1.70847805E-03	 2.42057089E-03	 5.16395331E-03	 7.49512897E-03	 8.89970760E-03	 6.32387720E-02	 1.58686006E-02	-3.58637721E-02	 1.80779199E-03
 7.920000E-01	-2.42560275E-04	-8.68518027E-04	-1.61970812E-03	-3.32761719E-03	 7.70578546E-04	 2.46342389E-02	-1.44910488E-02	 7.43974007E-02	 4.63739857E-03	 6.55695982E-03	 1.14135442E-03	 1.66713498E-03	 2.71853840E-03	 5.56969094E-03	 7.39478791E-03	 1.00091302E-02	 6.30410047E-02	 2.36763764E-02	-3.76680969E-02	 1.67764296E-03
 7.930000E-01	 3.43617599E-04	-5.94907843E-04	-1.60155571E-03	-2.82773134E-03	 1.84943716E-03	 2.55914195E-02	-1.43485390E-02	 7.54359134E-02	 2.72151714E-03	 7.79074145E-03	 1.17981639E-03	 1.46002871E-03	 2.93084761E-03	 5.89167862E-03	 7.13539354E-03	 1.09487458E-02	 6.21224763E-02	 3.19282576E-02	-3.88967581E-02	 1.21014617E-03
 7.940000E-01	 9.03293085E-04	-2.72204436E-04	-1.62284413E-03	-2.32458277E-03	 3.11857706E-03	 2.62023148E-02	-1.35787485E-02	 8.05869641E-02	-1.21141510E-04	 8.71057078E-03	 9.59547183E-04	 1.13728814E-03	 2.99451170E-03	 6.12193281E-03	 6.77807261E-03	 1.16860420E-02	 6.08505323E-02	 3.97033792E-02	-3.94050923E-02	 3.60964713E-04
 7.950000E-01	 1.28359078E-03	 4.62801536E-05	-1.69765147E-03	-1.92393605E-03	 4.50170367E-03	 2.62796072E-02	-1.30236927E-02	 9.09206728E-02	-3.22093503E-03	 9.21440333E-03	 4.79826419E-04	 7.39981381E-04	 2.89140466E-03	 6.23077916E-03	 6.36878399E-03	 1.21168680E-02	 5.94799552E-02	 4.64307152E-02	-3.94281399E-02	-8.74420033E-04
 7.960000E-01	 1.37839222E-03	 2.83513548E-04	-1.84247652E-03	-1.68300716E-03	 5.87889945E-03	 2.57351477E-02	-1.36287882E-02	 1.05862799E-01	-5.54751377E-03	 9.18894187E-03	-1.70220291E-04	 3.12597456E-04	 2.63847939E-03	 6.23965185E-03	 5.96714217E-03	 1.22900011E-02	 5.83455603E-02	 5.21177166E-02	-3.91872351E-02	-2.43167382E-03
 7.970000E-01	 1.18677044E-03	 3.80376378E-04	-2.02774090E-03	-1.60459488E-03	 7.16838511E-03	 2.46278612E-02	-1.59550110E-02	 1.23270390E-01	-5.95897898E-03	 8.83741272E-03	-8.37781879E-04	-9.42429323E-05	 2.27806729E-03	 6.20538338E-03	 5.55200700E-03	 1.22481777E-02	 5.74137164E-02	 5.72729441E-02	-3.91156347E-02	-4.17356166E-03
 7.980000E-01	 8.13424564E-04	 3.05784996E-04	-2.21714839E-03	-1.61185817E-03	 8.31910197E-03	 2.31309590E-02	-2.00312749E-02	 1.39830627E-01	-3.71161151E-03	 8.36939113E-03	-1.34243756E-03	-4.75922961E-04	 1.89393294E-03	 6.17627815E-03	 5.10579694E-03	 1.21574932E-02	 5.66008936E-02	 6.26359646E-02	-3.93696808E-02	-5.96331253E-03
 7.990000E-01	 4.28945301E-04	 9.28206746E-05	-2.37016505E-03	-1.57489265E-03	 9.35234223E-03	 2.14696249E-02	-2.51983662E-02	 1.52380548E-01	 1.24609992E-03	 8.15798466E-03	-1.55084311E-03	-8.41015708E-04	 1.56785403E-03	 6.18513576E-03	 4.54633587E-03	 1.21156807E-02	 5.55371260E-02	 6.87708573E-02	-4.00952130E-02	-7.67879414E-03
 8.000000E-01	 1.93210003E-04	-1.86714969E-04	-2.46483135E-03	-1.36789743E-03	 1.03286929E-02	 1.97941326E-02	-3.04635229E-02	 1.58893523E-01	 8.09281719E-03	 8.33596508E-03	-1.44215454E-03	-1.19969535E-03	 1.34494870E-03	 6.22211246E-03	 3.83363838E-03	 1.22405785E-02	 5.40593137E-02	 7.58412056E-02	-4.10708939E-02	-9.29435176E-03
 8.010000E-01	 2.14385690E-04	-4.27175202E-04	-2.49277926E-03	-8.74337347E-04	 1.13220387E-02	 1.81837428E-02	-3.47856974E-02	 1.59418569E-01	 1.54729730E-02	 9.00376491E-03	-1.11389149E-03	-1.55323930E-03	 1.23164620E-03	 6.22570003E-03	 2.91989181E-03	 1.24919376E-02	 5.19902586E-02	 8.35779885E-02	-4.21921241E-02	-1.08572647E-02
 8.020000E-01	 4.95433012E-04	-5.43322557E-04	-2.46309149E-03	-5.17930560E-05	 1.23598831E-02	 1.65780849E-02	-3.75598166E-02	 1.55707705E-01	 2.19359392E-02	 9.92348482E-03	-7.37276174E-04	-1.88056534E-03	 1.19125049E-03	 6.10691188E-03	 1.82084830E-03	 1.28198775E-02	 4.94959549E-02	 9.15641092E-02	-4.32106965E-02	-1.25004003E-02
 8.030000E-01	 9.59714102E-04	-4.94455822E-04	-2.36033937E-03	 1.09705429E-03	 1.34284896E-02	 1.48938492E-02	-3.86612250E-02	 1.50626152E-01	 2.65757160E-02	 1.08916347E-02	-4.84371167E-04	-2.14827138E-03	 1.18046179E-03	 5.76945410E-03	 5.44850315E-04	 1.30689589E-02	 4.66640669E-02	 9.94835481E-02	-4.41893154E-02	-1.43542013E-02
 8.040000E-01	 1.48022876E-03	-3.10860126E-04	-2.14909012E-03	 2.49478097E-03	 1.44436134E-02	 1.30012605E-02	-3.85073007E-02	 1.46735751E-01	 2.92658273E-02	 1.15351474E-02	-4.57789873E-04	-2.31389492E-03	 1.16806151E-03	 5.13965540E-03	-8.72344067E-04	 1.31505544E-02	 4.37073248E-02	 1.07317852E-01	-4.50386624E-02	-1.65524345E-02
 8.050000E-01	 1.92903229E-03	-6.57885629E-05	-1.74382332E-03	 4.06695240E-03	 1.53190872E-02	 1.08688646E-02	-3.76986360E-02	 1.45653816E-01	 3.07586080E-02	 1.17468114E-02	-6.65108756E-04	-2.34090042E-03	 1.15607424E-03	 4.17106316E-03	-2.42483621E-03	 1.29556827E-02	 4.05208985E-02	 1.15172348E-01	-4.57706896E-02	-1.91428996E-02
 8.060000E-01	 2.19526467E-03	 1.55658465E-04	-1.07069418E-03	 5.72458654E-03	 1.59391939E-02	 8.47689603E-03	-3.68618332E-02	 1.47333645E-01	 3.22405628E-02	 1.14048093E-02	-1.01372268E-03	-2.19281794E-03	 1.18128778E-03	 2.85486308E-03	-4.10468353E-03	 1.24846765E-02	 3.69767269E-02	 1.22974832E-01	-4.59309938E-02	-2.21124104E-02
 8.070000E-01	 2.18207656E-03	 3.19528273E-04	-6.39940073E-05	 7.45294773E-03	 1.62500977E-02	 5.92981933E-03	-3.62921766E-02	 1.50666548E-01	 3.49102857E-02	 1.07406984E-02	-1.33257340E-03	-1.83054603E-03	 1.29851451E-03	 1.22941438E-03	-5.91535755E-03	 1.17669549E-02	 3.26917462E-02	 1.30015675E-01	-4.50280051E-02	-2.52616745E-02
 8.080000E-01	 1.79404327E-03	 4.59500190E-04	 1.25832466E-03	 9.24564984E-03	 1.61887197E-02	 3.29456682E-03	-3.59848686E-02	 1.53842496E-01	 3.93412658E-02	 9.89057160E-03	-1.38651637E-03	-1.17675993E-03	 1.57112073E-03	-5.91816844E-04	-7.83952980E-03	 1.09774570E-02	 2.75164789E-02	 1.34867659E-01	-4.24173384E-02	-2.82249142E-02
 8.090000E-01	 9.42884755E-04	 6.81783740E-04	 2.85511479E-03	 1.11667781E-02	 1.57798564E-02	 7.23047626E-04	-3.55705685E-02	 1.55697926E-01	 4.53071875E-02	 9.20588432E-03	-9.17226558E-04	-1.09639527E-04	 2.03611848E-03	-2.41060961E-03	-9.81505990E-03	 1.03772575E-02	 2.14685681E-02	 1.35686603E-01	-3.83378752E-02	-3.03769011E-02
 8.100000E-01	-4.11538608E-04	 1.09171331E-03	 4.65094329E-03	 1.32232623E-02	 1.50040262E-02	-1.71722055E-03	-3.46530413E-02	 1.55986102E-01	 5.17814241E-02	 8.70935412E-03	 2.86411203E-04	 1.54961817E-03	 2.71358873E-03	-3.97690774E-03	-1.17270501E-02	 1.03554512E-02	 1.51759032E-02	 1.31278755E-01	-3.42246072E-02	-3.10415240E-02
 8.110000E-01	-2.19804718E-03	 1.71511666E-03	 6.66653965E-03	 1.54244791E-02	 1.39011377E-02	-3.87240653E-03	-3.29655066E-02	 1.56012600E-01	 5.76269002E-02	 8.48025269E-03	 2.26604944E-03	 3.96243285E-03	 3.58592244E-03	-5.09874440E-03	-1.33808017E-02	 1.12961243E-02	 9.61844000E-03	 1.22409892E-01	-3.35518951E-02	-2.96757253E-02
 8.120000E-01	-4.17034844E-03	 2.38716599E-03	 9.01413634E-03	 1.76389218E-02	 1.23873215E-02	-5.67702771E-03	-3.07451520E-02	 1.57510458E-01	 6.23273697E-02	 8.16976616E-03	 4.75534721E-03	 7.18299759E-03	 4.64884628E-03	-5.81232633E-03	-1.45704045E-02	 1.34406907E-02	 6.10878721E-03	 1.13115557E-01	-4.09494295E-02	-2.64425634E-02
 8.130000E-01	-5.89711929E-03	 2.72504472E-03	 1.19555091E-02	 1.97141896E-02	 1.04122756E-02	-6.99520973E-03	-2.86739568E-02	 1.61949417E-01	 6.68625261E-02	 7.59419874E-03	 7.09149933E-03	 1.10029030E-02	 5.90352437E-03	-6.54513034E-03	-1.50957884E-02	 1.66785987E-02	 5.55200475E-03	 1.10774794E-01	-6.07545638E-02	-2.25637309E-02
 8.140000E-01	-6.84972663E-03	 2.19318645E-03	 1.57334100E-02	 2.13844744E-02	 7.79459924E-03	-7.86852080E-03	-2.77987021E-02	 1.68536155E-01	 7.37021863E-02	 6.37807706E-03	 8.25332064E-03	 1.48707468E-02	 7.38776066E-03	-8.15875965E-03	-1.49368540E-02	 2.03415702E-02	 7.97507941E-03	 1.24506425E-01	-9.34225020E-02	-2.07275375E-02
 8.150000E-01	-6.61846035E-03	 3.45248892E-04	 2.04016003E-02	 2.24869996E-02	 4.50766363E-03	-8.42678618E-03	-2.88979621E-02	 1.73997423E-01	 8.59823299E-02	 4.68606462E-03	 7.13013095E-03	 1.79028443E-02	 9.08641278E-03	-1.17519347E-02	-1.42776668E-02	 2.32019446E-02	 1.18023994E-02	 1.61166879E-01	-1.32314462E-01	-2.45851681E-02
 8.160000E-01	-5.21480683E-03	-2.83420511E-03	 2.54944159E-02	 2.28977915E-02	 5.67604630E-04	-9.16574178E-03	-3.19442766E-02	 1.72470687E-01	 1.05290920E-01	 2.77903940E-03	 2.99428232E-03	 1.90818210E-02	 1.08474158E-02	-1.81820306E-02	-1.36600549E-02	 2.35567719E-02	 1.39297903E-02	 2.20075961E-01	-1.61385905E-01	-3.77078729E-02
 8.170000E-01	-3.27853686E-03	-6.60107424E-03	 2.98876648E-02	 2.27337924E-02	-3.60935059E-03	-1.07553329E-02	-3.54769836E-02	 1.58567816E-01	 1.29277628E-01	 1.50905435E-03	-3.87646211E-03	 1.76240284E-02	 1.22144422E-02	-2.73904105E-02	-1.37926471E-02	 1.98080109E-02	 1.03904245E-02	 2.88282675E-01	-1.58038239E-01	-6.11875366E-02
 8.180000E-01	-1.99826863E-03	-9.36779988E-03	 3.18835512E-02	 2.21609685E-02	-7.41935423E-03	-1.40419147E-02	-3.67926250E-02	 1.30413305E-01	 1.50110284E-01	 1.36792242E-03	-1.17760241E-02	 1.33756698E-02	 1.23442679E-02	-3.78067242E-02	-1.54821609E-02	 1.09739129E-02	-1.91391438E-03	 3.40122110E-01	-1.01598575E-01	-9.14518454E-02
 8.190000E-01	-2.57128061E-03	-9.02790405E-03	 2.97612937E-02	 2.14109394E-02	-9.85763029E-03	-1.95100952E-02	-3.27374439E-02	 9.38407546E-02	 1.56158955E-01	 2.43508831E-03	-1.75657975E-02	 7.11712068E-03	 1.00479280E-02	-4.62001868E-02	-1.91750674E-02	-2.41048901E-03	-2.32564335E-02	 3.43441342E-01	 1.24337814E-02	-1.18615107E-01
 8.200000E-01	-5.36674751E-03	-3.70475585E-03	 2.26177736E-02	 2.04105668E-02	-9.98570221E-03	-2.70599947E-02	-2.13949333E-02	 6.23923684E-02	 1.37307289E-01	 3.12023374E-03	-1.74546237E-02	 4.17001017E-04	 4.07532869E-03	-4.83367208E-02	-2.48479732E-02	-1.81495088E-02	-4.97016570E-02	 2.72858238E-01	 1.59164243E-01	-1.28207225E-01
 8.210000E-01	-9.10971156E-03	 7.31044913E-03	 1.11868602E-02	 1.87498940E-02	-6.90737440E-03	-3.56100648E-02	-3.60994601E-03	 5.43615866E-02	 9.30743246E-02	 5.72588181E-04	-8.39971009E-03	-4.86273357E-03	-6.33225241E-03	-4.04726157E-02	-3.16585319E-02	-3.23101994E-02	-7.33315811E-02	 1.25494571E-01	 2.79658647E-01	-1.05892049E-01
 8.220000E-01	-1.07651748E-02	 2.28506185E-02	-1.88070587E-03	 1.55314054E-02	-3.77957038E-04	-4.34678216E-02	 1.62522529E-02	 8.39108457E-02	 3.91167269E-02	-9.13575446E-03	 1.00911195E-02	-7.53353395E-03	-2.08557261E-02	-2.13641919E-02	-3.81941098E-02	-4.05517771E-02	-8.46561144E-02	-6.81215270E-02	 2.93541912E-01	-4.58176687E-02
 8.230000E-01	-6.40324438E-03	 3.98001621E-02	-1.26600554E-02	 9.74334056E-03	 9.20673748E-03	-4.87939873E-02	 3.12852182E-02	 1.52567873E-01	 7.53692830E-03	-2.85210404E-02	 3.46689981E-02	-7.82582090E-03	-3.76027679E-02	 6.11969526E-03	-4.24967315E-02	-3.92703612E-02	-7.61760530E-02	-2.45763528E-01	 1.28970776E-01	 4.20694610E-02
 8.240000E-01	 6.95992694E-03	 5.37749330E-02	-1.74142639E-02	 6.27811083E-04	 2.03278765E-02	-5.06896730E-02	 3.45513057E-02	 2.42420902E-01	 3.72991684E-02	-5.67817230E-02	 5.79974286E-02	-7.77338348E-03	-5.32502591E-02	 3.45967241E-02	-4.26783458E-02	-2.76548310E-02	-4.61646384E-02	-3.30400448E-01	-2.37824392E-01	 1.28072975E-01
 8.250000E-01	 2.93335145E-02	 6.04260831E-02	-1.43775597E-02	-1.16900224E-02	 3.06196585E-02	-4.96503335E-02	 2.22989519E-02	 3.18794422E-01	 1.56358242E-01	-8.72479523E-02	 7.03820688E-02	-1.05219692E-02	-6.37019046E-02	 5.38365024E-02	-3.71966729E-02	-8.20276521E-03	-2.04881750E-04	-2.58538559E-01	-7.50481842E-01	 1.67844378E-01
 8.260000E-01	 5.64156054E-02	 5.68273017E-02	-5.03908356E-03	-2.58994433E-02	 3.68559890E-02	-4.78057769E-02	-3.47461211E-03	 3.39976202E-01	 3.61855010E-01	-1.08072471E-01	 6.28950726E-02	-1.89532313E-02	-6.55500083E-02	 5.41065489E-02	-2.55760896E-02	 1.29412036E-02	 4.94767063E-02	-9.26293944E-03	-1.26589870E+00	 1.15471306E-01
 8.270000E-01	 7.97925102E-02	 4.25396191E-02	 5.80847572E-03	-3.95724236E-02	 3.57588042E-02	-4.78525904E-02	-3.46423930E-02	 2.74753295E-01	 6.08565614E-01	-1.04870632E-01	 3.12207786E-02	-3.38801000E-02	-5.73622300E-02	 3.05140605E-02	-8.61347613E-03	 2.81763201E-02	 8.80501830E-02	 3.78031059E-01	-1.58409217E+00	-5.61673168E-02
 8.280000E-01	 8.91770984E-02	 1.97541052E-02	 1.15152872E-02	-4.97498224E-02	 2.46406963E-02	-5.19159099E-02	-5.89529641E-02	 1.17625269E-01	 8.14354050E-01	-6.74747831E-02	-2.12431181E-02	-5.28672451E-02	-4.06956049E-02	-1.38600220E-02	 1.13953274E-02	 3.05540613E-02	 1.02785574E-01	 8.06874996E-01	-1.51218067E+00	-3.36569509E-01
 8.290000E-01	 7.62096957E-02	-7.49093732E-03	 6.42074425E-03	-5.40266509E-02	 2.55621883E-03	-5.98422041E-02	-6.46808460E-02	-1.01954127E-01	 8.85816047E-01	 3.28528422E-03	-8.26600548E-02	-7.03395693E-02	-1.97118820E-02	-6.71718047E-02	 3.11719831E-02	 1.73370397E-02	 8.86912212E-02	 1.15013325E+00	-9.43751440E-01	-6.67012145E-01
 8.300000E-01	 3.87884592E-02	-3.48031860E-02	-1.12201554E-02	-5.14145916E-02	-2.89575196E-02	-6.88056805E-02	-4.55288076E-02	-3.26063932E-01	 7.57416665E-01	 9.06262413E-02	-1.35401063E-01	-7.91814750E-02	-5.97107671E-05	-1.12057608E-01	 4.70785120E-02	-8.89370578E-03	 5.05764437E-02	 1.29378049E+00	 7.78499596E-02	-9.49605771E-01
 8.310000E-01	-1.68551343E-02	-5.87686893E-02	-3.75875068E-02	-4.31434908E-02	-6.55117462E-02	-7.38504447E-02	-4.22365741E-03	-4.87031552E-01	 4.27139817E-01	 1.64095859E-01	-1.61521012E-01	-7.35906644E-02	 1.34101435E-02	-1.31335638E-01	 5.61142775E-02	-3.99561178E-02	 2.24524163E-03	 1.18040307E+00	 1.34753278E+00	-1.07558406E+00
 8.320000E-01	-7.70728605E-02	-7.72439766E-02	-6.43741847E-02	-3.20401696E-02	-1.00337906E-01	-7.00862424E-02	 4.83075517E-02	-5.33928930E-01	-3.03537270E-02	 1.89325148E-01	-1.49442591E-01	-5.16756512E-02	 1.83113689E-02	-1.15089810E-01	 5.67008470E-02	-6.56078216E-02	-3.95857076E-02	 8.32835629E-01	 2.55147529E+00	-9.66680425E-01
 8.330000E-01	-1.25244497E-01	-8.90507778E-02	-8.19856651E-02	-2.16554345E-02	-1.26034504E-01	-5.48074474E-02	 9.66270316E-02	-4.52162584E-01	-4.83733430E-01	 1.42564891E-01	-9.88470598E-02	-1.66538408E-02	 1.56371180E-02	-6.46129244E-02	 4.92512422E-02	-7.67766747E-02	-6.10861156E-02	 3.46301649E-01	 3.37028315E+00	-6.09387284E-01
 8.340000E-01	-1.47624358E-01	-9.31449196E-02	-8.33774760E-02	-1.49559583E-02	-1.35980036E-01	-2.95064630E-02	 1.27498088E-01	-2.69599949E-01	-7.91485674E-01	 2.34625883E-02	-2.14820573E-02	 2.36000862E-02	 9.37183142E-03	 6.85820700E-03	 3.61078531E-02	-6.96810055E-02	-5.73632372E-02	-1.47136056E-01	 3.58906303E+00	-6.85310906E-02
 8.350000E-01	-1.38083733E-01	-8.81843441E-02	-6.74800716E-02	-1.27822898E-02	-1.27392544E-01	 9.29956260E-04	 1.33961810E-01	-4.40025282E-02	-8.55979354E-01	-1.40854492E-01	 6.20763666E-02	 5.94515176E-02	 4.62837844E-03	 7.89346603E-02	 2.12890117E-02	-4.69337523E-02	-3.22364058E-02	-5.26435057E-01	 3.16950731E+00	 5.30611205E-01
 8.360000E-01	-1.00043725E-01	-7.28658122E-02	-3.92582268E-02	-1.36682668E-02	-1.01697844E-01	 2.98447656E-02	 1.17714155E-01	 1.59183765E-01	-6.59305879E-01	-3.02540160E-01	 1.29525028E-01	 8.29482990E-02	 5.15731053E-03	 1.31888740E-01	 8.34356373E-03	-1.55806367E-02	 3.04727024E-03	-7.18672376E-01	 2.25317141E+00	 1.04267514E+00
 8.370000E-01	-4.44619673E-02	-4.75367460E-02	-7.24409448E-03	-1.53616948E-02	-6.42623626E-02	 5.07588530E-02	 8.70388625E-02	 2.89647678E-01	-2.67734841E-01	-4.09716412E-01	 1.64086504E-01	 9.00674538E-02	 1.20939904E-02	 1.53022265E-01	-1.03161265E-04	 1.54786547E-02	 3.63359362E-02	-7.14782271E-01	 1.10297064E+00	 1.34903070E+00
 8.380000E-01	 1.41779145E-02	-1.49942279E-02	 1.99806266E-02	-1.55966683E-02	-2.28002366E-02	 6.01420259E-02	 5.29045212E-02	 3.26314103E-01	 1.96195131E-01	-4.24393346E-01	 1.59382062E-01	 8.15178851E-02	 2.38183936E-02	 1.40158896E-01	-3.28534640E-03	 3.87931594E-02	 5.79713150E-02	-5.59883717E-01	 9.76665145E-03	 1.39294523E+00
 8.390000E-01	 6.22598794E-02	 1.97019407E-02	 3.64868082E-02	-1.34491380E-02	 1.47005753E-02	 5.76368257E-02	 2.48245561E-02	 2.78892657E-01	 5.99348950E-01	-3.36962958E-01	 1.20577663E-01	 6.18130141E-02	 3.66488904E-02	 1.01313055E-01	-2.19758900E-03	 5.04942955E-02	 6.44950032E-02	-3.29254992E-01	-7.96376800E-01	 1.19202822E+00
 8.400000E-01	 9.06433172E-02	 5.02655893E-02	 4.06783781E-02	-9.33077473E-03	 4.20604934E-02	 4.64242423E-02	 7.92467493E-03	 1.79084624E-01	 8.42902605E-01	-1.68939517E-01	 6.15206247E-02	 3.73315782E-02	 4.66162137E-02	 5.06426186E-02	 1.15757928E-03	 5.07738538E-02	 5.76605931E-02	-9.90799518E-02	-1.20199687E+00	 8.25503717E-01
 8.410000E-01	 9.64781835E-02	 7.10311762E-02	 3.48291331E-02	-4.69989630E-03	 5.61079079E-02	 3.11650202E-02	 2.50600135E-03	 6.60949338E-02	 8.89316817E-01	 3.42158036E-02	-3.53553752E-04	 1.40291473E-02	 5.07774483E-02	 3.18873935E-03	 4.54856818E-03	 4.29955707E-02	 4.33474324E-02	 7.47420157E-02	-1.21902081E+00	 4.03760162E-01
 8.420000E-01	 8.28660547E-02	 7.85386345E-02	 2.36595722E-02	-1.08434971E-03	 5.71310781E-02	 1.69338422E-02	 5.00637870E-03	-2.67610779E-02	 7.64750953E-01	 2.19613670E-01	-4.96610576E-02	-3.97909341E-03	 4.81987168E-02	-2.98432535E-02	 6.54400855E-03	 3.18071922E-02	 2.80526546E-02	 1.67472316E-01	-9.54428324E-01	 3.28358555E-02
 8.430000E-01	 5.69447495E-02	 7.25130989E-02	 1.21375762E-02	 6.34118639E-04	 4.80320410E-02	 7.13386119E-03	 1.05581508E-02	-8.10567707E-02	 5.39190330E-01	 3.43781715E-01	-7.71729165E-02	-1.50823723E-02	 3.98465239E-02	-4.37541784E-02	 6.66042254E-03	 2.14483921E-02	 1.71020309E-02	 1.82990010E-01	-5.57164971E-01	-2.14762226E-01
 8.440000E-01	 2.71040250E-02	 5.57975145E-02	 3.81830144E-03	 6.13994135E-04	 3.33515755E-02	 3.30874542E-03	 1.49043194E-02	-9.44782786E-02	 2.95502115E-01	 3.86094258E-01	-8.12485138E-02	-1.97066527E-02	 2.80040237E-02	-4.01942395E-02	 5.52253648E-03	 1.43692503E-02	 1.28121173E-02	 1.44380519E-01	-1.65754295E-01	-3.13463969E-01
 8.450000E-01	 5.63758633E-04	 3.33012597E-02	 5.07683759E-05	-1.36373057E-04	 1.76295033E-02	 4.77352400E-03	 1.60181687E-02	-7.70972146E-02	 1.00681785E-01	 3.51397666E-01	-6.66681106E-02	-1.94982327E-02	 1.53073002E-02	-2.52612489E-02	 4.15834435E-03	 1.12190623E-02	 1.47967441E-02	 8.06144741E-02	 1.27333452E-01	-2.81286657E-01
 8.460000E-01	-1.81194910E-02	 1.04795519E-02	 2.09785348E-04	-3.17073787E-04	 4.65490683E-03	 9.71037608E-03	 1.39503917E-02	-4.39398542E-02	-1.06105956E-02	 2.65028356E-01	-4.17539306E-02	-1.63969760E-02	 3.98642376E-03	-6.37257479E-03	 3.65942378E-03	 1.11158229E-02	 2.06253376E-02	 1.67563796E-02	 2.86385918E-01	-1.63733914E-01
 8.470000E-01	-2.74443340E-02	-8.16977365E-03	 2.60475581E-03	 1.04990000E-03	-3.42213085E-03	 1.57725125E-02	 1.03204982E-02	-9.17034979E-03	-3.74809513E-02	 1.60631824E-01	-1.51832749E-02	-1.20257829E-02	-4.59840252E-03	 1.00669594E-02	 4.55722594E-03	 1.27311574E-02	 2.72769981E-02	-3.19006553E-02	 3.23114920E-01	-1.39939264E-02
 8.480000E-01	-2.83960194E-02	-2.00217385E-02	 5.39484236E-03	 4.24203536E-03	-5.87664744E-03	 2.11056802E-02	 6.98082505E-03	 1.82837267E-02	-2.78853900E-03	 6.91891146E-02	 6.47152448E-03	-7.50321538E-03	-9.98181778E-03	 2.03668314E-02	 6.81944037E-03	 1.47893809E-02	 3.21867566E-02	-5.99369696E-02	 2.76014154E-01	 1.23749143E-01
 8.490000E-01	-2.34604246E-02	-2.45533985E-02	 7.36106303E-03	 8.79651775E-03	-3.38863263E-03	 2.46007781E-02	 5.31386115E-03	 3.49364290E-02	 6.13969569E-02	 1.01677177E-02	 1.98573498E-02	-3.46567987E-03	-1.24300715E-02	 2.35306600E-02	 9.82470164E-03	 1.66227236E-02	 3.38841403E-02	-6.95123620E-02	 1.89688197E-01	 2.22889224E-01
 8.500000E-01	-1.55516131E-02	-2.29453160E-02	 8.04545051E-03	 1.37838744E-02	 2.65632819E-03	 2.60521822E-02	 5.68271797E-03	 4.19966681E-02	 1.26359319E-01	-1.02087668E-02	 2.46734338E-02	-2.79304285E-04	-1.25974734E-02	 2.07927387E-02	 1.27363439E-02	 1.79942712E-02	 3.21409946E-02	-6.63554477E-02	 1.00155273E-01	 2.75327964E-01
 8.510000E-01	-7.25303522E-03	-1.73200174E-02	 7.67794303E-03	 1.81781169E-02	 1.04743350E-02	 2.58578876E-02	 7.66578793E-03	 4.25655866E-02	 1.73838309E-01	 2.48649532E-03	 2.27323858E-02	 1.87312788E-03	-1.13172607E-02	 1.43627091E-02	 1.47340653E-02	 1.89839060E-02	 2.75779619E-02	-5.69358194E-02	 2.88998850E-02	 2.86640612E-01
 8.520000E-01	-3.59840343E-04	-1.00048947E-02	 6.76660622E-03	 2.12154487E-02	 1.84285098E-02	 2.47134716E-02	 1.03559564E-02	 4.03216556E-02	 1.97267332E-01	 3.65769468E-02	 1.67550955E-02	 2.91067704E-03	-9.34039165E-03	 6.63690809E-03	 1.53075822E-02	 1.96788755E-02	 2.13712940E-02	-4.63097288E-02	-1.66352189E-02	 2.69572627E-01
 8.530000E-01	 4.22847970E-03	-2.92541365E-03	 5.84895519E-03	 2.25548459E-02	 2.52059864E-02	 2.33154714E-02	 1.28536792E-02	 3.77023745E-02	 1.99043159E-01	 7.86726787E-02	 9.39908792E-03	 2.87728684E-03	-7.30462182E-03	-5.69922264E-04	 1.43062360E-02	 2.00526970E-02	 1.46453337E-02	-3.76766256E-02	-3.86006293E-02	 2.37918235E-01
 8.540000E-01	 6.38868082E-03	 2.64430097E-03	 5.24485194E-03	 2.22886077E-02	 2.99992345E-02	 2.21303695E-02	 1.45423126E-02	 3.61923225E-02	 1.86196515E-01	 1.18254345E-01	 2.64446033E-03	 1.95432484E-03	-5.61407169E-03	-6.15567471E-03	 1.19499428E-02	 1.99800426E-02	 8.40935892E-03	-3.23035770E-02	-4.38507871E-02	 2.02906611E-01
 8.550000E-01	 6.53052118E-03	 6.15695224E-03	 5.04998781E-03	 2.08037014E-02	 3.24969910E-02	 2.13844731E-02	 1.51937733E-02	 3.58626229E-02	 1.66546108E-01	 1.48667809E-01	-2.38869521E-03	 4.27498615E-04	-4.51121908E-03	-9.76291248E-03	 8.67682823E-03	 1.92448048E-02	 3.17325313E-03	-3.02355738E-02	-3.98869124E-02	 1.71550050E-01
 8.560000E-01	 5.32196964E-03	 7.62444520E-03	 5.15509135E-03	 1.86070907E-02	 3.27881395E-02	 2.10165358E-02	 1.49537862E-02	 3.64886339E-02	 1.46241855E-01	 1.67893225E-01	-5.34956441E-03	-1.33274889E-03	-4.03163815E-03	-1.15270820E-02	 5.03132446E-03	 1.77462314E-02	-7.78805991E-04	-3.07088054E-02	-3.27424541E-02	 1.47042764E-01
 8.570000E-01	 3.47420506E-03	 7.44800456E-03	 5.37589481E-03	 1.61806353E-02	 3.12813065E-02	 2.08711438E-02	 1.41351953E-02	 3.73237848E-02	 1.28906113E-01	 1.76671819E-01	-6.43091991E-03	-2.99024142E-03	-4.09928543E-03	-1.18633949E-02	 1.49772934E-03	 1.54260275E-02	-3.61023435E-03	-3.27617912E-02	-2.61692526E-02	 1.29682837E-01
 8.580000E-01	 1.58268442E-03	 6.18698350E-03	 5.51825892E-03	 1.38711320E-02	 2.84955103E-02	 2.06857528E-02	 1.31596548E-02	 3.80598680E-02	 1.15845970E-01	 1.77803851E-01	-6.10504915E-03	-4.25880883E-03	-4.53516553E-03	-1.12795197E-02	-1.55368817E-03	 1.24485441E-02	-5.50695566E-03	-3.54284956E-02	-2.19469202E-02	 1.18269637E-01
 8.590000E-01	 5.41991422E-05	 4.42350068E-03	 5.46359876E-03	 1.18821259E-02	 2.50250049E-02	 2.02985930E-02	 1.23187603E-02	 3.82897767E-02	 1.06816698E-01	 1.74145087E-01	-4.94495450E-03	-5.00413979E-03	-5.13643460E-03	-1.02243466E-02	-3.93948470E-03	 8.97249349E-03	-6.89751708E-03	-3.79971059E-02	-2.04310435E-02	 1.10960789E-01
 8.600000E-01	-9.14646094E-04	 2.62949611E-03	 5.15954397E-03	 1.02556520E-02	 2.13335938E-02	 1.95574569E-02	 1.18504985E-02	 3.81481342E-02	 1.00822676E-01	 1.68500610E-01	-3.45641031E-03	-5.19610366E-03	-5.71562244E-03	-9.06718097E-03	-5.62129866E-03	 5.30949770E-03	-8.03030556E-03	-3.99929063E-02	-2.12395763E-02	 1.06027347E-01
 8.610000E-01	-1.29853534E-03	 1.13984728E-03	 4.63932227E-03	 8.95787139E-03	 1.78226914E-02	 1.84663300E-02	 1.17703608E-02	 3.75980955E-02	 9.67137273E-02	 1.62566704E-01	-2.03951688E-03	-4.93353929E-03	-6.12358955E-03	-8.02139372E-03	-6.69876383E-03	 1.64065577E-03	-9.26095945E-03	-4.12132168E-02	-2.36864995E-02	 1.02046070E-01
 8.620000E-01	-1.20238332E-03	 1.14323203E-04	 3.96816924E-03	 7.87460208E-03	 1.46746582E-02	 1.70374202E-02	 1.20635784E-02	 3.69651356E-02	 9.35404875E-02	 1.57561240E-01	-9.30964552E-04	-4.36952024E-03	-6.29303727E-03	-7.22207370E-03	-7.33145004E-03	-1.78147518E-03	-1.06789892E-02	-4.16495188E-02	-2.70912076E-02	 9.80623971E-02
 8.630000E-01	-7.81983984E-04	-4.12485389E-04	 3.23760182E-03	 6.91711295E-03	 1.20103674E-02	 1.53843104E-02	 1.25588987E-02	 3.62513202E-02	 9.06479603E-02	 1.53740155E-01	-2.50385286E-04	-3.67727052E-03	-6.19654931E-03	-6.68255327E-03	-7.70198924E-03	-4.90800055E-03	-1.24450301E-02	-4.14349782E-02	-3.08923600E-02	 9.34798876E-02
 8.640000E-01	-2.32113592E-04	-5.24644654E-04	 2.52226797E-03	 5.97087886E-03	 9.76623979E-03	 1.35859658E-02	 1.31404568E-02	 3.56962450E-02	 8.76938162E-02	 1.51216734E-01	-4.12934456E-06	-3.02373319E-03	-5.88900620E-03	-6.39671538E-03	-7.97133937E-03	-7.63424274E-03	-1.44643233E-02	-4.07883135E-02	-3.46827388E-02	 8.80185404E-02
 8.650000E-01	 2.98721853E-04	-3.55387503E-04	 1.87277234E-03	 4.99790205E-03	 7.88608566E-03	 1.17488088E-02	 1.36208356E-02	 3.51782545E-02	 8.45245324E-02	 1.49588058E-01	-1.25549966E-04	-2.49909165E-03	-5.42496821E-03	-6.28980416E-03	-8.24609884E-03	-1.00451954E-02	-1.67412437E-02	-3.99332558E-02	-3.82046571E-02	 8.16147599E-02
 8.660000E-01	 6.70051909E-04	-6.68963314E-05	 1.31532677E-03	 3.93479702E-03	 6.21662217E-03	 9.92173267E-03	 1.39213809E-02	 3.47961432E-02	 8.11488271E-02	 1.48621126E-01	-5.00481174E-04	-2.17671840E-03	-4.89933155E-03	-6.30059883E-03	-8.59214038E-03	-1.21126579E-02	-1.90895686E-02	-3.90703105E-02	-4.13149176E-02	 7.43727891E-02
 8.670000E-01	 8.28202209E-04	 2.09748607E-04	 8.31464909E-04	 2.81707066E-03	 4.67318068E-03	 8.15053281E-03	 1.39345448E-02	 3.43419343E-02	 7.76023734E-02	 1.47853700E-01	-9.87882631E-04	-2.01935533E-03	-4.37715958E-03	-6.33224793E-03	-9.01830549E-03	-1.39476131E-02	-2.14673078E-02	-3.83364865E-02	-4.39624567E-02	 6.64938193E-02
 8.680000E-01	 7.27928683E-04	 3.97045109E-04	 3.77931479E-04	 1.65172028E-03	 3.13361038E-03	 6.43428243E-03	 1.36714400E-02	 3.38366199E-02	 7.39914084E-02	 1.47083354E-01	-1.46382658E-03	-1.99987590E-03	-3.92798235E-03	-6.31568004E-03	-9.50745801E-03	-1.55064654E-02	-2.36954548E-02	-3.77927435E-02	-4.61611489E-02	 5.82610096E-02
 8.690000E-01	 4.13720900E-04	 4.20679198E-04	-5.18569591E-05	 4.62658535E-04	 1.61676140E-03	 4.73874625E-03	 1.31285627E-02	 3.30713864E-02	 7.03643667E-02	 1.46008999E-01	-1.74513589E-03	-2.06798553E-03	-3.52641130E-03	-6.19504443E-03	-1.00140050E-02	-1.68437496E-02	-2.57759016E-02	-3.74322162E-02	-4.79701398E-02	 4.99676455E-02
 8.700000E-01	 3.87431455E-05	 2.51555257E-04	-4.60339119E-04	-7.06222256E-04	 7.71871145E-05	 3.07430645E-03	 1.23603234E-02	 3.21078441E-02	 6.67963065E-02	 1.44594285E-01	-1.83809984E-03	-2.16360594E-03	-3.18841541E-03	-6.00651412E-03	-1.04246168E-02	-1.79869599E-02	-2.75228607E-02	-3.72818884E-02	-4.94368560E-02	 4.18384409E-02
 8.710000E-01	-3.60351876E-04	-8.14685517E-05	-8.85504857E-04	-1.78947109E-03	-1.47092154E-03	 1.45785410E-03	 1.13464255E-02	 3.08353506E-02	 6.32788898E-02	 1.42719287E-01	-1.76979324E-03	-2.18923495E-03	-2.90970146E-03	-5.73623074E-03	-1.07101552E-02	-1.89622446E-02	-2.89824012E-02	-3.72834555E-02	-5.06279578E-02	 3.40883784E-02
 8.720000E-01	-7.15309339E-04	-5.02338155E-04	-1.34392460E-03	-2.77006883E-03	-2.99267411E-03	-1.36306632E-04	 1.01854568E-02	 2.93218935E-02	 5.98679132E-02	 1.40434732E-01	-1.54926546E-03	-2.11159493E-03	-2.67698160E-03	-5.38584975E-03	-1.08272275E-02	-1.97091503E-02	-3.00683731E-02	-3.73755231E-02	-5.16112852E-02	 2.68681374E-02
 8.730000E-01	-9.93897595E-04	-9.71704832E-04	-1.81901621E-03	-3.63127337E-03	-4.43544678E-03	-1.68350550E-03	 8.85744272E-03	 2.75293961E-02	 5.65153074E-02	 1.37730387E-01	-1.23433140E-03	-1.91339777E-03	-2.44332338E-03	-4.98739635E-03	-1.07638349E-02	-2.02433664E-02	-3.08503252E-02	-3.74839006E-02	-5.24357817E-02	 2.03015130E-02
 8.740000E-01	-1.17040903E-03	-1.41236030E-03	-2.29494806E-03	-4.37292713E-03	-5.75060431E-03	-3.18118830E-03	 7.45495513E-03	 2.55521852E-02	 5.32663559E-02	 1.34691977E-01	-8.59871541E-04	-1.60818486E-03	-2.19020269E-03	-4.55054975E-03	-1.05237937E-02	-2.05086088E-02	-3.12943676E-02	-3.75568794E-02	-5.31440701E-02	 1.44001884E-02
 8.750000E-01	-1.24958115E-03	-1.78732437E-03	-2.74928393E-03	-4.99705390E-03	-6.89906407E-03	-4.60340479E-03	 5.95717078E-03	 2.33803743E-02	 5.00605683E-02	 1.31340116E-01	-4.83987193E-04	-1.22625070E-03	-1.89773719E-03	-4.09935170E-03	-1.01369891E-02	-2.05309366E-02	-3.14679318E-02	-3.75569074E-02	-5.37453487E-02	 9.19549600E-03
 8.760000E-01	-1.24742071E-03	-2.06302989E-03	-3.15553385E-03	-5.51208783E-03	-7.86312723E-03	-5.92799389E-03	 4.43000243E-03	 2.10983607E-02	 4.69464445E-02	 1.27737368E-01	-1.36752767E-04	-7.99204344E-04	-1.55863724E-03	-3.64100304E-03	-9.62395699E-03	-2.02822472E-02	-3.13572707E-02	-3.74580256E-02	-5.42593145E-02	 4.60317939E-03
 8.770000E-01	-1.18415050E-03	-2.23058375E-03	-3.49640153E-03	-5.92944676E-03	-8.63289298E-03	-7.14292010E-03	 2.85067509E-03	 1.86984308E-02	 4.38565121E-02	 1.23915152E-01	 1.56180820E-04	-3.68971425E-04	-1.18333951E-03	-3.18151018E-03	-9.02594687E-03	-1.98062610E-02	-3.10037725E-02	-3.72664959E-02	-5.46608936E-02	 6.06784045E-04
 8.780000E-01	-1.08625412E-03	-2.29855925E-03	-3.75050589E-03	-6.25390410E-03	-9.21984479E-03	-8.21768591E-03	 1.26265634E-03	 1.62474037E-02	 4.08458249E-02	 1.19901873E-01	 3.89836586E-04	 4.53917713E-05	-7.75058262E-04	-2.71653373E-03	-8.35507683E-03	-1.90971350E-02	-3.04003872E-02	-3.69596727E-02	-5.49664257E-02	-2.90485683E-03
 8.790000E-01	-9.63835414E-04	-2.27560138E-03	-3.91261927E-03	-6.48897733E-03	-9.63589792E-03	-9.15224971E-03	-3.41962002E-04	 1.37350230E-02	 3.78517741E-02	 1.15731112E-01	 5.64511133E-04	 4.13030853E-04	-3.59586821E-04	-2.24762564E-03	-7.64583290E-03	-1.82047480E-02	-2.95731229E-02	-3.65584893E-02	-5.51375188E-02	-5.94007361E-03
 8.800000E-01	-8.36510118E-04	-2.18556154E-03	-3.97781503E-03	-6.63159583E-03	-9.89861200E-03	-9.92189070E-03	-1.92191022E-03	 1.12099948E-02	 3.49428298E-02	 1.11394041E-01	 6.85676321E-04	 7.29260260E-04	 5.58649785E-05	-1.77215703E-03	-6.89893563E-03	-1.71430329E-02	-2.85257947E-02	-3.60336782E-02	-5.52028905E-02	-8.60437760E-03
 8.810000E-01	-7.08896696E-04	-2.04206068E-03	-3.95419355E-03	-6.68387181E-03	-1.00292800E-02	-1.05441939E-02	-3.46820198E-03	 8.65601635E-03	 3.20634355E-02	 1.06928681E-01	 7.61503639E-04	 9.79192184E-04	 4.45480225E-04	-1.29980389E-03	-6.13816370E-03	-1.59574785E-02	-2.72817814E-02	-3.54097039E-02	-5.51187496E-02	-1.08867936E-02
 8.820000E-01	-5.92617567E-04	-1.86877725E-03	-3.85072506E-03	-6.64452010E-03	-1.00373570E-02	-1.10085638E-02	-4.94767004E-03	 6.11380733E-03	 2.92810365E-02	 1.02313073E-01	 8.01964150E-04	 1.17002000E-03	 8.04464076E-04	-8.27212353E-04	-5.35808547E-03	-1.46702236E-02	-2.58533471E-02	-3.46566299E-02	-5.49184734E-02	-1.28933301E-02
 8.830000E-01	-4.86710846E-04	-1.67718199E-03	-3.67899160E-03	-6.51977653E-03	-9.94579385E-03	-1.13399043E-02	-6.34920988E-03	 3.57493208E-03	 2.65353221E-02	 9.76101806E-02	 8.17073376E-04	 1.30352892E-03	 1.11514517E-03	-3.67414509E-04	-4.57349656E-03	-1.33108498E-02	-2.42642866E-02	-3.37990374E-02	-5.45482593E-02	-1.45950164E-02
 8.840000E-01	-3.91763541E-04	-1.48103656E-03	-3.45268447E-03	-6.30961805E-03	-9.75197579E-03	-1.15313047E-02	-7.65074269E-03	 1.08720069E-03	 2.38847762E-02	 9.27979326E-02	 8.14393033E-04	 1.39090063E-03	 1.37800371E-03	 8.28576456E-05	-3.78086489E-03	-1.19029424E-02	-2.25348405E-02	-3.28083199E-02	-5.40485289E-02	-1.60927760E-02
 8.850000E-01	-3.04936269E-04	-1.28473872E-03	-3.18286157E-03	-6.02451041E-03	-9.47781024E-03	-1.16051613E-02	-8.83997416E-03	-1.34691772E-03	 2.12714924E-02	 8.79527613E-02	 7.97806410E-04	 1.43789960E-03	 1.58497442E-03	 5.04408715E-04	-2.99334455E-03	-1.04640655E-02	-2.06951944E-02	-3.17089917E-02	-5.33643129E-02	-1.73347901E-02
 8.860000E-01	-2.25264309E-04	-1.09352217E-03	-2.88421443E-03	-5.66833286E-03	-9.11462009E-03	-1.15577317E-02	-9.90373934E-03	-3.67793522E-03	 1.87521411E-02	 8.30393262E-02	 7.69453847E-04	 1.45031153E-03	 1.74195381E-03	 8.97379306E-04	-2.21506293E-03	-9.01929773E-03	-1.87740247E-02	-3.04794145E-02	-5.25482705E-02	-1.84151067E-02
 8.870000E-01	-1.54104342E-04	-9.09454780E-04	-2.56673560E-03	-5.25870935E-03	-8.68561289E-03	-1.14117000E-02	-1.08333908E-02	-5.90436777E-03	 1.62739943E-02	 7.81388183E-02	 7.30774747E-04	 1.43265794E-03	 1.84729828E-03	 1.24417016E-03	-1.45955504E-03	-7.57743620E-03	-1.68034650E-02	-2.91479573E-02	-5.15416062E-02	-1.92756586E-02
 8.880000E-01	-9.13638819E-05	-7.35267425E-04	-2.24162369E-03	-4.80293808E-03	-8.18280969E-03	-1.11666164E-02	-1.16277614E-02	-7.98186855E-03	 1.38867855E-02	 7.32071557E-02	 6.84157191E-04	 1.38975700E-03	 1.90917889E-03	 1.54903390E-03	-7.34504001E-04	-6.16116351E-03	-1.48088531E-02	-2.77027235E-02	-5.04037932E-02	-2.00129903E-02
 8.890000E-01	-3.82433333E-05	-5.72742580E-04	-1.91667862E-03	-4.32068509E-03	-7.63095997E-03	-1.08420744E-02	-1.22844375E-02	-9.91189157E-03	 1.15441333E-02	 6.83283094E-02	 6.31492708E-04	 1.32669731E-03	 1.92806200E-03	 1.80203831E-03	-5.03248909E-05	-4.77426675E-03	-1.28164593E-02	-2.61748137E-02	-4.90720881E-02	-2.05658994E-02
 8.900000E-01	 6.18124065E-06	-4.22923212E-04	-1.59838747E-03	-3.81787319E-03	-7.02572286E-03	-1.04376554E-02	-1.28084409E-02	-1.16548632E-02	 9.29149030E-03	 6.34501868E-02	 5.75056407E-04	 1.24862058E-03	 1.91276795E-03	 2.00920582E-03	 5.85555702E-04	-3.43816580E-03	-1.08460074E-02	-2.45596227E-02	-4.76131590E-02	-2.10261103E-02
 8.910000E-01	 4.10369696E-05	-2.87803849E-04	-1.29386810E-03	-3.31356753E-03	-6.39242713E-03	-9.97060299E-03	-1.31993375E-02	-1.32178544E-02	 7.09285855E-03	 5.86535072E-02	 5.16354129E-04	 1.15827857E-03	 1.86550683E-03	 2.16503563E-03	 1.16665061E-03	-2.15672895E-03	-8.92140847E-03	-2.28851234E-02	-4.59628551E-02	-2.13279465E-02
 8.920000E-01	 6.75686669E-05	-1.67945568E-04	-1.00556764E-03	-2.81139956E-03	-5.73098178E-03	-9.44304977E-03	-1.34634585E-02	-1.45701854E-02	 4.99229254E-03	 5.38778580E-02	 4.58358465E-04	 1.06075521E-03	 1.79595851E-03	 2.27584226E-03	 1.68814742E-03	-9.48003186E-04	-7.05735908E-03	-2.11526364E-02	-4.41979566E-02	-2.15525002E-02
 8.930000E-01	 8.61106737E-05	-6.52908336E-05	-7.40147760E-04	-2.32719410E-03	-5.06516514E-03	-8.87115545E-03	-1.36036860E-02	-1.57275240E-02	 2.96603563E-03	 4.92007945E-02	 4.02166236E-04	 9.58239069E-04	 1.70670351E-03	 2.34177496E-03	 2.14858817E-03	 1.85978335E-04	-5.27302336E-03	-1.93839150E-02	-4.22577944E-02	-2.16318827E-02
 8.940000E-01	 9.81283933E-05	 2.19597264E-05	-4.96878230E-04	-1.86070700E-03	-4.39594749E-03	-8.25970989E-03	-1.36250780E-02	-1.66699638E-02	 1.04595929E-03	 4.45705536E-02	 3.51155049E-04	 8.57306449E-04	 1.60603850E-03	 2.37102533E-03	 2.54624233E-03	 1.23428980E-03	-3.57515263E-03	-1.75818029E-02	-4.02144826E-02	-2.16568695E-02
 8.950000E-01	 1.04654506E-04	 9.32562055E-05	-2.81009637E-04	-1.42426796E-03	-3.74140293E-03	-7.62311624E-03	-1.35321575E-02	-1.74173762E-02	-7.88414541E-04	 4.00652087E-02	 3.06226654E-04	 7.59693643E-04	 1.49612997E-03	 2.36786754E-03	 2.88351962E-03	 2.19506901E-03	-1.97780944E-03	-1.57599449E-02	-3.79999681E-02	-2.15636568E-02
 8.960000E-01	 1.08950951E-04	 1.52287694E-04	-8.80701175E-05	-1.01463865E-03	-3.10206612E-03	-6.96604500E-03	-1.33277417E-02	-1.79532347E-02	-2.50875886E-03	 3.56318100E-02	 2.70115948E-04	 6.71138056E-04	 1.38422876E-03	 2.33938752E-03	 3.16196180E-03	 3.06228725E-03	-4.82497203E-04	-1.39295027E-02	-3.56936787E-02	-2.14226201E-02
 8.970000E-01	 1.12950790E-04	 1.99430589E-04	 7.86233333E-05	-6.40310479E-04	-2.49111883E-03	-6.29966758E-03	-1.30197969E-02	-1.82973463E-02	-4.12178588E-03	 3.13384908E-02	 2.41123022E-04	 5.91197064E-04	 1.27217238E-03	 2.28987230E-03	 3.38584864E-03	 3.83276209E-03	 8.98549063E-04	-1.20996291E-02	-3.32409017E-02	-2.11540222E-02
 8.980000E-01	 1.18952267E-04	 2.39584064E-04	 2.25231162E-04	-2.96343843E-04	-1.90856491E-03	-5.62857371E-03	-1.26096344E-02	-1.84395307E-02	-5.60775924E-03	 2.71408629E-02	 2.20282436E-04	 5.23295433E-04	 1.16550017E-03	 2.22467312E-03	 3.55837226E-03	 4.50658402E-03	 2.16656991E-03	-1.02850899E-02	-3.07234338E-02	-2.08256865E-02
 8.990000E-01	 1.27969846E-04	 2.73368654E-04	 3.50004704E-04	 1.21691359E-05	-1.36215985E-03	-4.96128559E-03	-1.21082565E-02	-1.84006152E-02	-6.96817206E-03	 2.31015930E-02	 2.04812713E-04	 4.65371278E-04	 1.06481967E-03	 2.14778193E-03	 3.68362904E-03	 5.08047497E-03	 3.31254974E-03	-8.48901865E-03	-2.80895454E-02	-2.03605023E-02
 9.000000E-01	 1.41969235E-04	 3.05581881E-04	 4.59966272E-04	 2.91499662E-04	-8.51210651E-04	-4.30000703E-03	-1.15171087E-02	-1.81746664E-02	-8.18725229E-03	 1.91814027E-02	 1.94209754E-04	 4.19045355E-04	 9.73113648E-04	 2.06309479E-03	 3.76635368E-03	 5.56005233E-03	 4.34135320E-03	-6.73311069E-03	-2.54272230E-02	-1.98173271E-02
 9.010000E-01	 1.60604215E-04	 3.36512901E-04	 5.54239095E-04	 5.39428800E-04	-3.79682901E-04	-3.65063012E-03	-1.08499696E-02	-1.77821840E-02	-9.26088964E-03	 1.54373649E-02	 1.84610709E-04	 3.80767040E-04	 8.89245845E-04	 1.97289369E-03	 3.80820403E-03	 5.94142459E-03	 5.24611477E-03	-5.01538406E-03	-2.26914228E-02	-1.91270208E-02
 9.020000E-01	 1.83452779E-04	 3.69596719E-04	 6.38901116E-04	 7.60763718E-04	 5.33877806E-05	-3.01520481E-03	-1.01082900E-02	-1.72237183E-02	-1.01844349E-02	 1.18431767E-02	 1.75605213E-04	 3.50042722E-04	 8.14530355E-04	 1.88006160E-03	 3.81444455E-03	 6.23443915E-03	 6.03228059E-03	-3.35905670E-03	-1.99648214E-02	-1.83589722E-02
 9.030000E-01	 2.08829513E-04	 4.03732329E-04	 7.13638606E-04	 9.54477187E-04	 4.47087598E-04	-2.39922170E-03	-9.30702750E-03	-1.65201672E-02	-1.09545909E-02	 8.44957047E-03	 1.64892951E-04	 3.22772113E-04	 7.47104159E-04	 1.78511189E-03	 3.78457567E-03	 6.43457458E-03	 6.69520409E-03	-1.75665479E-03	-1.72005532E-02	-1.74584860E-02
 9.040000E-01	 2.36207753E-04	 4.40495689E-04	 7.82918784E-04	 1.12456358E-03	 8.02549867E-04	-1.80359491E-03	-8.44881039E-03	-1.56773911E-02	-1.15721742E-02	 5.23455414E-03	 1.52540546E-04	 2.98236969E-04	 6.87034437E-04	 1.69034963E-03	 3.72591068E-03	 6.55464070E-03	 7.24243572E-03	-2.35591796E-04	-1.44795737E-02	-1.64893937E-02
 9.050000E-01	 2.64074166E-04	 4.78262737E-04	 8.46229046E-04	 1.27227830E-03	 1.12084509E-03	-1.23182395E-03	-7.54907969E-03	-1.47148195E-02	-1.20312078E-02	 2.23690494E-03	 1.36904710E-04	 2.73364499E-04	 6.31293163E-04	 1.59410087E-03	 3.63595228E-03	 6.58986783E-03	 7.67307783E-03	 1.21446088E-03	-1.17601510E-02	-1.54003298E-02
 9.060000E-01	 2.91770931E-04	 5.17369933E-04	 9.05665426E-04	 1.40046011E-03	 1.40309889E-03	-6.83870505E-04	-6.61172104E-03	-1.36431071E-02	-1.23375696E-02	-5.59755533E-04	 1.18423162E-04	 2.47771826E-04	 5.79247811E-04	 1.49869020E-03	 3.52297709E-03	 6.55517640E-03	 7.99537703E-03	 2.56451594E-03	-9.12032593E-03	-1.42516179E-02
 9.070000E-01	 3.18028348E-04	 5.56001834E-04	 9.60813233E-04	 1.51098739E-03	 1.65178277E-03	-1.62561760E-04	-5.65142156E-03	-1.24797314E-02	-1.24860931E-02	-3.12645760E-03	 9.66054600E-05	 2.19380662E-04	 5.27756463E-04	 1.40087412E-03	 3.38247767E-03	 6.44615651E-03	 8.21079411E-03	 3.82871445E-03	-6.52162830E-03	-1.29997848E-02
 9.080000E-01	 3.42462237E-04	 5.93583572E-04	 1.01206399E-03	 1.60493763E-03	 1.86805001E-03	 3.31812260E-04	-4.67375689E-03	-1.12398247E-02	-1.24876432E-02	-5.47397719E-03	 7.20069496E-05	 1.88144799E-04	 4.76648216E-04	 1.30324474E-03	 3.22376996E-03	 6.27870407E-03	 8.32693545E-03	 4.97800422E-03	-4.03687631E-03	-1.17032483E-02
 9.090000E-01	 3.64066863E-04	 6.28704152E-04	 1.05909521E-03	 1.68458180E-03	 2.05532091E-03	 7.97247667E-04	-3.69184464E-03	-9.93858527E-03	-1.23392475E-02	-7.58372578E-03	 4.42966601E-05	 1.52874228E-04	 4.22955845E-04	 1.20089778E-03	 3.04130104E-03	 6.04882128E-03	 8.34820775E-03	 6.02936303E-03	-1.63037780E-03	-1.03262672E-02
 9.100000E-01	 3.82218715E-04	 6.60355097E-04	 1.10061735E-03	 1.74967646E-03	 2.21438506E-03	 1.23359143E-03	-2.71292014E-03	-8.59441139E-03	-1.20552738E-02	-9.46262212E-03	 1.37510592E-05	 1.13861039E-04	 3.67048523E-04	 1.09655824E-03	 2.84471949E-03	 5.77206596E-03	 8.28167016E-03	 6.95451925E-03	 6.31984805E-04	-8.92486198E-03
 9.110000E-01	 3.95902997E-04	 6.87429989E-04	 1.13635281E-03	 1.80237210E-03	 2.34872658E-03	 1.64012586E-03	-1.74766286E-03	-7.21942629E-03	-1.16359425E-02	-1.11025326E-02	-1.92387792E-05	 7.06028777E-05	 3.06277342E-04	 9.84826852E-04	 2.62744852E-03	 5.44540113E-03	 8.13443492E-03	 7.77307218E-03	 2.78357913E-03	-7.47052914E-03
 9.120000E-01	 4.04783616E-04	 7.08536306E-04	 1.16433325E-03	 1.84117242E-03	 2.45834728E-03	 2.01616406E-03	-8.04888564E-04	-5.83386842E-03	-1.10977499E-02	-1.25074691E-02	-5.38104026E-05	 2.38667629E-05	 2.41915484E-04	 8.69609839E-04	 2.39888509E-03	 5.08362291E-03	 7.91190507E-03	 8.45906537E-03	 4.76649134E-03	-6.01545788E-03
 9.130000E-01	 4.08568100E-04	 7.23087854E-04	 1.18484176E-03	 1.86814148E-03	 2.54667921E-03	 2.36172898E-03	 1.07600119E-04	-4.44713317E-03	-1.04448923E-02	-1.36787837E-02	-8.92253658E-05	-2.62848375E-05	 1.71890517E-04	 7.45938722E-04	 2.15272337E-03	 4.68522113E-03	 7.62345392E-03	 9.03448121E-03	 6.61147012E-03	-4.53714650E-03
 9.140000E-01	 4.07191145E-04	 7.30001901E-04	 1.19569593E-03	 1.88130617E-03	 2.61317506E-03	 2.67510477E-03	 9.79941447E-04	-3.08042026E-03	-9.69451245E-03	-1.46186343E-02	-1.25032099E-04	-7.87660458E-05	 9.82380982E-05	 6.18184296E-04	 1.89830511E-03	 4.26305561E-03	 7.27293083E-03	 9.47630990E-03	 8.26976038E-03	-3.08303271E-03
 9.150000E-01	 4.00287580E-04	 7.29246736E-04	 1.19731049E-03	 1.88259411E-03	 2.66102559E-03	 2.95724303E-03	 1.80765055E-03	-1.74074921E-03	-8.85511119E-03	-1.53371640E-02	-1.60751616E-04	-1.33381485E-04	 1.93536745E-05	 4.81674489E-04	 1.63031202E-03	 3.81679101E-03	 6.87208240E-03	 9.80785369E-03	 9.76983652E-03	-1.63695793E-03
 9.160000E-01	 3.87659444E-04	 7.19813416E-04	 1.18752672E-03	 1.86957868E-03	 2.68869521E-03	 3.20553225E-03	 2.58045849E-03	-4.48228362E-04	-7.94292653E-03	-1.58361338E-02	-1.95610291E-04	-1.88765733E-04	-6.21101780E-05	 3.41288108E-04	 1.35721832E-03	 3.35662409E-03	 6.42286300E-03	 1.00096034E-02	 1.10735391E-02	-2.40844610E-04
 9.170000E-01	 3.69452250E-04	 7.01870696E-04	 1.16722012E-03	 1.84404290E-03	 2.69888338E-03	 3.42192096E-03	 3.29688376E-03	 7.92494340E-04	-6.97077793E-03	-1.61328100E-02	-2.28648164E-04	-2.44413709E-04	-1.47175400E-04	 1.93893141E-04	 1.07513325E-03	 2.88415787E-03	 5.93857884E-03	 1.01058058E-02	 1.22064828E-02	 1.11624831E-03
 9.180000E-01	 3.46184690E-04	 6.74910290E-04	 1.13493264E-03	 1.80393063E-03	 2.68955378E-03	 3.60294905E-03	 3.94691316E-03	 1.96393613E-03	-5.95267921E-03	-1.62288430E-02	-2.59031540E-04	-2.98603964E-04	-2.32831148E-04	 4.47981904E-05	 7.91588539E-04	 2.40712262E-03	 5.41912890E-03	 1.00815729E-02	 1.31414525E-02	 2.40032602E-03
 9.190000E-01	 3.18396950E-04	 6.39806897E-04	 1.09194393E-03	 1.75141022E-03	 2.66363680E-03	 3.75136493E-03	 4.53170635E-03	 3.06249376E-03	-4.90557478E-03	-1.61463189E-02	-2.86446607E-04	-3.50931707E-04	-3.19645533E-04	-1.08053803E-04	 5.04912829E-04	 1.92925085E-03	 4.87929166E-03	 9.96134281E-03	 1.39001674E-02	 3.61774576E-03
 9.200000E-01	 2.86368582E-04	 5.96619027E-04	 1.03725788E-03	 1.68478981E-03	 2.61893162E-03	 3.86305643E-03	 5.04255926E-03	 4.07447772E-03	-3.83997256E-03	-1.58881785E-02	-3.10471979E-04	-3.99926349E-04	-4.04583004E-04	-2.60083040E-04	 2.21217605E-04	 1.45509717E-03	 4.31723499E-03	 9.73483463E-03	 1.44673969E-02	 4.74293879E-03
 9.210000E-01	 2.50478864E-04	 5.46320173E-04	 9.72369769E-04	 1.60610145E-03	 2.55819877E-03	 3.94132561E-03	 5.48234319E-03	 4.99653942E-03	-2.77620935E-03	-1.54800076E-02	-3.30734630E-04	-4.45336965E-04	-4.87676626E-04	-4.11920819E-04	-5.90500171E-05	 9.90314395E-04	 3.74862074E-03	 9.42494298E-03	 1.48603975E-02	 5.77695776E-03
 9.220000E-01	 2.11304191E-04	 4.89096286E-04	 8.96992745E-04	 1.51399753E-03	 2.47890609E-03	 3.98207597E-03	 5.84444321E-03	 5.82074859E-03	-1.72015048E-03	-1.49272068E-02	-3.46436006E-04	-4.85611760E-04	-5.66142726E-04	-5.59332347E-04	-3.31765907E-04	 5.36370119E-04	 3.16979365E-03	 9.02614355E-03	 1.50767008E-02	 6.70387235E-03
 9.230000E-01	 1.69867626E-04	 4.26270107E-04	 8.13106571E-04	 1.41097261E-03	 2.38397766E-03	 3.98912126E-03	 6.13229238E-03	 6.54309435E-03	-6.94902320E-04	-1.42556816E-02	-3.57359500E-04	-5.20331202E-04	-6.39598419E-04	-7.01234816E-04	-5.94082883E-04	 1.01288647E-04	 2.59690165E-03	 8.55899680E-03	 1.51274253E-02	 7.52027867E-03
 9.240000E-01	 1.26905234E-04	 3.58617398E-04	 7.20997065E-04	 1.29655315E-03	 2.27158083E-03	 3.95930481E-03	 6.34271806E-03	 7.16243162E-03	 2.98722958E-04	-1.34733900E-02	-3.63342294E-04	-5.48369409E-04	-7.05979404E-04	-8.34920548E-04	-8.44064785E-04	-3.16448222E-04	 2.02511674E-03	 8.02364817E-03	 1.50230555E-02	 8.22146171E-03
 9.250000E-01	 8.31749507E-05	 2.87785563E-04	 6.22808113E-04	 1.17349194E-03	 2.14502684E-03	 3.89639232E-03	 6.47860687E-03	 7.67250548E-03	 1.23566031E-03	-1.26041157E-02	-3.64624714E-04	-5.69668269E-04	-7.64434332E-04	-9.58354272E-04	-1.07659267E-03	-7.06755497E-04	 1.47078107E-03	 7.43706759E-03	 1.47670753E-02	 8.79925555E-03
 9.260000E-01	 3.90819092E-05	 2.14470234E-04	 5.19121385E-04	 1.04159378E-03	 2.00304327E-03	 3.79877987E-03	 6.54128454E-03	 8.07991043E-03	 2.12076051E-03	-1.16603944E-02	-3.61034264E-04	-5.83726410E-04	-8.13764783E-04	-1.07054064E-03	-1.29250323E-03	-1.07435577E-03	 9.28066777E-04	 6.80489103E-03	 1.43836676E-02	 9.26020414E-03
 9.270000E-01	-4.31661530E-06	 1.40260277E-04	 4.12359280E-04	 9.03677478E-04	 1.84857963E-03	 3.66944373E-03	 6.53145169E-03	 8.37521461E-03	 2.92838561E-03	-1.06619444E-02	-3.52499277E-04	-5.90206841E-04	-8.52571987E-04	-1.16769542E-03	-1.48459101E-03	-1.40728433E-03	 4.12634520E-04	 6.13852775E-03	 1.38672040E-02	 9.59091769E-03
 9.280000E-01	-4.63093540E-05	 6.59401985E-05	 3.03384670E-04	 7.60224794E-04	 1.68140906E-03	 3.50944398E-03	 6.45613941E-03	 8.57382826E-03	 3.66903217E-03	-9.62630264E-03	-3.39180062E-04	-5.89008829E-04	-8.80975245E-04	-1.25066196E-03	-1.65665447E-03	-1.71328487E-03	-8.19629164E-05	 5.44950059E-03	 1.32556582E-02	 9.80981518E-03
 9.290000E-01	-8.57847890E-05	-6.52073375E-06	 1.94738773E-04	 6.14322682E-04	 1.50446471E-03	 3.32041674E-03	 6.31272799E-03	 8.66216260E-03	 4.31717610E-03	-8.56532831E-03	-3.21441008E-04	-5.79746398E-04	-8.97136359E-04	-1.31466082E-03	-1.79953758E-03	-1.97878663E-03	-5.41116266E-04	 4.74274857E-03	 1.25323500E-02	 9.89839836E-03
 9.300000E-01	-1.22652500E-04	-7.64669664E-05	 8.71876107E-05	 4.66822885E-04	 1.31928590E-03	 3.10705269E-03	 6.11518684E-03	 8.66477236E-03	 4.88810120E-03	-7.50202958E-03	-3.00001145E-04	-5.63440680E-04	-9.02671724E-04	-1.36338805E-03	-1.92032927E-03	-2.21454124E-03	-9.71185503E-04	 4.03655272E-03	 1.17490214E-02	 9.88689935E-03
 9.310000E-01	-1.56031916E-04	-1.42146942E-04	-1.67327451E-05	 3.20393685E-04	 1.12788849E-03	 2.86851951E-03	 5.85594547E-03	 8.56287511E-03	 5.35760698E-03	-6.43876677E-03	-2.74870229E-04	-5.39557043E-04	-8.95003289E-04	-1.39085917E-03	-2.00818259E-03	-2.40579076E-03	-1.35945586E-03	 3.32782726E-03	 1.08765045E-02	 9.75128294E-03
 9.320000E-01	-1.85809989E-04	-2.03418353E-04	-1.16346045E-04	 1.76254420E-04	 9.33238193E-04	 2.61375884E-03	 5.55641616E-03	 8.39011217E-03	 5.74539510E-03	-5.40591466E-03	-2.46825756E-04	-5.09744556E-04	-8.77337615E-04	-1.40298859E-03	-2.07345924E-03	-2.56604758E-03	-1.71201755E-03	 2.64148945E-03	 9.98007183E-03	 9.53289459E-03
 9.330000E-01	-2.10718374E-04	-2.58399561E-04	-2.09195979E-04	 3.68234588E-05	 7.35765338E-04	 2.33840652E-03	 5.20279906E-03	 8.12185988E-03	 6.02994989E-03	-4.39425317E-03	-2.15860806E-04	-4.72826160E-04	-8.46388090E-04	-1.39232389E-03	-2.10369375E-03	-2.67976520E-03	-2.01908321E-03	 1.96477410E-03	 9.01661225E-03	 9.20183318E-03
 9.340000E-01	-2.31101826E-04	-3.07140062E-04	-2.94961143E-04	-9.61290081E-05	 5.40767892E-04	 2.05641510E-03	 4.82483142E-03	 7.80049545E-03	 6.23369917E-03	-3.44127831E-03	-1.83560390E-04	-4.31548544E-04	-8.07202241E-04	-1.36774038E-03	-2.11260784E-03	-2.76293129E-03	-2.28574296E-03	 1.32989211E-03	 8.06425382E-03	 8.80924637E-03
 9.350000E-01	-2.46173716E-04	-3.47891262E-04	-3.71573248E-04	-2.21159355E-04	 3.46859647E-04	 1.75898668E-03	 4.40169003E-03	 7.39539580E-03	 6.33819026E-03	-2.52392825E-03	-1.49740718E-04	-3.84533406E-04	-7.55613591E-04	-1.32088176E-03	-2.08653768E-03	-2.79971343E-03	-2.50566001E-03	 7.13835400E-04	 7.06535457E-03	 8.31914927E-03
 9.360000E-01	-2.56880785E-04	-3.81474124E-04	-4.39073930E-04	-3.36222880E-04	 1.61689101E-04	 1.46552835E-03	 3.97140590E-03	 6.95681023E-03	 6.36682835E-03	-1.68767726E-03	-1.16091581E-04	-3.35578632E-04	-6.98390528E-04	-1.26327931E-03	-2.04236594E-03	-2.80805841E-03	-2.68207993E-03	 1.56552210E-04	 6.11014774E-03	 7.79107543E-03
 9.370000E-01	-2.62327792E-04	-4.06453548E-04	-4.95854741E-04	-4.41079500E-04	-1.90451346E-05	 1.16188589E-03	 3.50524822E-03	 6.44816530E-03	 6.30546400E-03	-8.95445159E-04	-8.17949861E-05	-2.82446992E-04	-6.30319236E-04	-1.18503763E-03	-1.96517870E-03	-2.77231537E-03	-2.81291560E-03	-3.76112355E-04	 5.12642545E-03	 7.18337776E-03
 9.380000E-01	-2.63679166E-04	-4.24155470E-04	-5.42264402E-04	-5.33035634E-04	-1.85200652E-04	 8.73025813E-04	 3.04918999E-03	 5.92610626E-03	 6.17692011E-03	-2.01234931E-04	-4.88159150E-05	-2.29661139E-04	-5.59820871E-04	-1.09995582E-03	-1.87441234E-03	-2.71174009E-03	-2.89887225E-03	-8.36526628E-04	 4.21504803E-03	 6.56213362E-03
 9.390000E-01	-2.59887951E-04	-4.33281667E-04	-5.77289956E-04	-6.13348134E-04	-3.44422583E-04	 5.78782396E-04	 2.56653024E-03	 5.34882322E-03	 5.97214251E-03	 4.46245359E-04	-1.58748455E-05	-1.74022140E-04	-4.80497888E-04	-9.96702699E-04	-1.75403598E-03	-2.61147540E-03	-2.94286777E-03	-1.27018125E-03	 3.28997260E-03	 5.88060754E-03
 9.400000E-01	-2.52285518E-04	-4.35427958E-04	-6.01387857E-04	-6.78481327E-04	-4.83884775E-04	 3.09467043E-04	 2.11017329E-03	 4.77751627E-03	 5.71148398E-03	 9.84753222E-04	 1.45716159E-05	-1.20777101E-04	-4.02190132E-04	-8.91074510E-04	-1.62534920E-03	-2.49122739E-03	-2.94249589E-03	-1.62198422E-03	 2.46049250E-03	 5.20931755E-03
 9.410000E-01	-2.39854238E-04	-4.29331232E-04	-6.14274342E-04	-7.31436054E-04	-6.14888844E-04	 3.86976095E-05	 1.63584875E-03	 4.16629122E-03	 5.39155007E-03	 1.47893147E-03	 4.40420103E-05	-6.59421498E-05	-3.17281582E-04	-7.70545083E-04	-1.47158629E-03	-2.33743747E-03	-2.90639342E-03	-1.94824729E-03	 1.62835277E-03	 4.49734454E-03
 9.420000E-01	-2.24488128E-04	-4.16850360E-04	-6.16434303E-04	-7.67792972E-04	-7.21729649E-04	-1.98273241E-04	 1.20204847E-03	 3.57852976E-03	 5.02837414E-03	 1.85910341E-03	 6.96948980E-05	-1.57228896E-05	-2.36815659E-04	-6.52655735E-04	-1.31540415E-03	-2.16917161E-03	-2.82830919E-03	-2.18696882E-03	 9.08794814E-04	 3.81685514E-03
 9.430000E-01	-2.05381173E-04	-3.97162796E-04	-6.08495945E-04	-7.92746214E-04	-8.19500708E-04	-4.33589645E-04	 7.58429488E-04	 2.96619584E-03	 4.62460182E-03	 2.20134354E-03	 9.37659031E-05	 3.45956706E-05	-1.52043894E-04	-5.23865236E-04	-1.14000913E-03	-1.97490970E-03	-2.72269801E-03	-2.40395294E-03	 1.94678018E-04	 3.11392194E-03
 9.440000E-01	-1.84518786E-04	-3.72421965E-04	-5.90687810E-04	-8.00797659E-04	-8.89972511E-04	-6.27984451E-04	 3.66938976E-04	 2.39217714E-03	 4.19067924E-03	 2.43007649E-03	 1.13381341E-04	 7.83544288E-05	-7.49067763E-05	-4.02498396E-04	-9.68307690E-04	-1.77205842E-03	-2.57878514E-03	-2.53176861E-03	-3.96077674E-04	 2.45993614E-03
 9.450000E-01	-1.60887050E-04	-3.42105920E-04	-5.64577414E-04	-7.99167589E-04	-9.52041517E-04	-8.18571733E-04	-2.70218588E-05	 1.80858333E-03	 3.73550829E-03	 2.62983921E-03	 1.31247263E-04	 1.21255781E-04	 4.28398422E-06	-2.74149144E-04	-7.83774392E-04	-1.55191045E-03	-2.41684675E-03	-2.64372353E-03	-9.75711641E-04	 1.80021039E-03
 9.460000E-01	-1.36503389E-04	-3.08193024E-04	-5.29917351E-04	-7.80994271E-04	-9.85255052E-04	-9.63633423E-04	-3.61031437E-04	 1.27446056E-03	 3.26300104E-03	 2.72175721E-03	 1.44154689E-04	 1.56312451E-04	 7.31504419E-05	-1.57278817E-04	-6.08218824E-04	-1.32890606E-03	-2.22144657E-03	-2.66907667E-03	-1.42830168E-03	 1.20284338E-03
 9.470000E-01	-1.10519429E-04	-2.70512088E-04	-4.89370305E-04	-7.55610864E-04	-1.01164024E-03	-1.10368632E-03	-6.90978663E-04	 7.44846553E-04	 2.78791751E-03	 2.79476220E-03	 1.55203890E-04	 1.89787250E-04	 1.42090394E-04	-3.74243590E-05	-4.26373546E-04	-1.09785069E-03	-2.01835186E-03	-2.68534244E-03	-1.86608238E-03	 6.14427076E-04
 9.480000E-01	-8.49486136E-05	-2.30839019E-04	-4.42010406E-04	-7.14971046E-04	-1.00920244E-03	-1.19653542E-03	-9.57316110E-04	 2.71530451E-04	 2.30737919E-03	 2.77022635E-03	 1.61241444E-04	 2.14549421E-04	 1.98886865E-04	 6.77805797E-05	-2.57811430E-04	-8.68993730E-04	-1.78767325E-03	-2.62156237E-03	-2.18024152E-03	 9.67271955E-05
 9.490000E-01	-5.88858140E-05	-1.89482040E-04	-3.91564929E-04	-6.70273286E-04	-1.00224587E-03	-1.28377702E-03	-1.21347974E-03	-1.84199359E-04	 1.84121185E-03	 2.73629847E-03	 1.65766838E-04	 2.37369725E-04	 2.54152990E-04	 1.72278032E-04	-8.95711935E-05	-6.41471122E-04	-1.55968651E-03	-2.55538841E-03	-2.47661949E-03	-3.99979280E-04
 9.500000E-01	-3.39985856E-05	-1.47624801E-04	-3.36162004E-04	-6.12226202E-04	-9.68246951E-04	-1.32534532E-03	-1.40704463E-03	-5.81433497E-04	 1.38020115E-03	 2.61947833E-03	 1.65552941E-04	 2.51421550E-04	 2.96405489E-04	 2.60445376E-04	 6.26543396E-05	-4.20186451E-04	-1.31066657E-03	-2.41985850E-03	-2.65974517E-03	-8.22828851E-04
 9.510000E-01	-9.56836443E-06	-1.05978278E-04	-2.80538242E-04	-5.53363323E-04	-9.32218257E-04	-1.36088016E-03	-1.58465996E-03	-9.49217160E-04	 9.47573393E-04	 2.50107225E-03	 1.64065006E-04	 2.63482241E-04	 3.35797361E-04	 3.44527180E-04	 2.08371011E-04	-2.09204528E-04	-1.07379085E-03	-2.28735880E-03	-2.82200030E-03	-1.21504698E-03
 9.520000E-01	 1.29525106E-05	-6.50184716E-05	-2.21791562E-04	-4.83624405E-04	-8.72494369E-04	-1.35561675E-03	-1.70568630E-03	-1.26116822E-03	 5.29047244E-04	 2.31839855E-03	 1.58266554E-04	 2.67215613E-04	 3.62404429E-04	 4.12028099E-04	 3.37213191E-04	-7.06541449E-06	-8.22907647E-04	-2.09991024E-03	-2.88822431E-03	-1.53527386E-03
 9.530000E-01	 3.40374938E-05	-2.61021452E-05	-1.65542941E-04	-4.16283048E-04	-8.12983848E-04	-1.34350490E-03	-1.80487561E-03	-1.53317338E-03	 1.49115430E-04	 2.13855547E-03	 1.51641512E-04	 2.68939229E-04	 3.85145452E-04	 4.72358756E-04	 4.53773713E-04	 1.76744408E-04	-5.91937922E-04	-1.91831293E-03	-2.92929119E-03	-1.81762821E-03
 9.540000E-01	 5.28774163E-05	 1.11572037E-05	-1.07855572E-04	-3.41039575E-04	-7.34886937E-04	-1.29880638E-03	-1.85829383E-03	-1.75671928E-03	-2.09141576E-04	 1.91619356E-03	 1.41604189E-04	 2.63475449E-04	 3.96514608E-04	 5.17670488E-04	 5.54552264E-04	 3.50599034E-04	-3.54452993E-04	-1.69979382E-03	-2.89771077E-03	-2.03467227E-03
 9.550000E-01	 6.96883785E-05	 4.48733253E-05	-5.49738647E-05	-2.70738022E-04	-6.58513103E-04	-1.24545812E-03	-1.88334980E-03	-1.93119783E-03	-5.22872947E-04	 1.69661327E-03	 1.31095296E-04	 2.56128953E-04	 4.03085989E-04	 5.53104593E-04	 6.37906335E-04	 4.99360585E-04	-1.42110781E-04	-1.48651105E-03	-2.83443525E-03	-2.20875894E-03
 9.560000E-01	 8.42180492E-05	 7.64655082E-05	-2.12825272E-06	-1.95764532E-04	-5.70085187E-04	-1.17086290E-03	-1.87789872E-03	-2.06876404E-03	-8.08639913E-04	 1.45934047E-03	 1.18086291E-04	 2.43318274E-04	 4.00721359E-04	 5.76678960E-04	 7.08572666E-04	 6.38486759E-04	 6.89628705E-05	-1.25762178E-03	-2.72732201E-03	-2.32834675E-03
 9.570000E-01	 9.60760188E-05	 1.03388256E-04	 4.42108431E-05	-1.27361237E-04	-4.83386478E-04	-1.08418827E-03	-1.83655769E-03	-2.14941789E-03	-1.04889017E-03	 1.21986329E-03	 1.04741319E-04	 2.28454677E-04	 3.92512908E-04	 5.87661096E-04	 7.57284574E-04	 7.47457113E-04	 2.53000342E-04	-1.02882571E-03	-2.57899836E-03	-2.40155297E-03
 9.580000E-01	 1.05800302E-04	 1.27961570E-04	 8.92494697E-05	-5.79735816E-05	-3.92572612E-04	-9.90398030E-04	-1.78384818E-03	-2.20805617E-03	-1.25580104E-03	 9.89888537E-04	 9.01772291E-05	 2.10332948E-04	 3.78857345E-04	 5.91446818E-04	 7.98105681E-04	 8.48335765E-04	 4.27533907E-04	-8.08472868E-04	-2.42008248E-03	-2.43426678E-03
 9.590000E-01	 1.12496622E-04	 1.47069699E-04	 1.26881208E-04	 4.47899963E-06	-3.01819595E-04	-8.79062300E-04	-1.68647282E-03	-2.20322244E-03	-1.42094665E-03	 7.47029746E-04	 7.52991739E-05	 1.89753705E-04	 3.58076782E-04	 5.80029742E-04	 8.13122715E-04	 9.15918152E-04	 5.76778497E-04	-5.78184666E-04	-2.20702826E-03	-2.41830787E-03
 9.600000E-01	 1.17630287E-04	 1.63965731E-04	 1.62063954E-04	 6.39357866E-05	-2.16267710E-04	-7.77143527E-04	-1.59984251E-03	-2.19368453E-03	-1.54764120E-03	 5.42544582E-04	 6.05951259E-05	 1.68712194E-04	 3.36227792E-04	 5.67412809E-04	 8.26455174E-04	 9.77690487E-04	 7.07588246E-04	-3.82810916E-04	-2.01990465E-03	-2.37818289E-03
 9.610000E-01	 1.19435937E-04	 1.75106950E-04	 1.89814903E-04	 1.17683103E-04	-1.26900585E-04	-6.49904573E-04	-1.45837924E-03	-2.11543483E-03	-1.64096089E-03	 3.09215814E-04	 4.51230814E-05	 1.44288585E-04	 3.05479367E-04	 5.36768038E-04	 8.10806302E-04	 1.00517229E-03	 8.18834748E-04	-1.62519857E-04	-1.76223371E-03	-2.28799716E-03
 9.620000E-01	 1.20289214E-04	 1.84342272E-04	 2.13935916E-04	 1.63934328E-04	-5.30638806E-05	-5.50340211E-04	-1.35158837E-03	-2.05093605E-03	-1.69084057E-03	 1.44370759E-04	 3.14211716E-05	 1.22548313E-04	 2.78753802E-04	 5.11758919E-04	 8.00439486E-04	 1.02939420E-03	 9.02044761E-04	-5.15675117E-06	-1.56875693E-03	-2.19143839E-03
 9.630000E-01	 1.17551319E-04	 1.87854984E-04	 2.31597478E-04	 2.07311547E-04	 3.07670138E-05	-4.15351429E-04	-1.17867014E-03	-1.91380090E-03	-1.71991857E-03	-6.99464686E-05	 1.62660483E-05	 9.59273861E-05	 2.40793298E-04	 4.65732706E-04	 7.58639102E-04	 1.02063904E-03	 9.75413168E-04	 1.96717400E-04	-1.28521037E-03	-2.04385092E-03
 9.640000E-01	 1.14767581E-04	 1.89838288E-04	 2.44314349E-04	 2.38158130E-04	 8.77237952E-05	-3.27331059E-04	-1.06497938E-03	-1.80876766E-03	-1.70025226E-03	-1.85600822E-04	 4.72076917E-06	 7.56329049E-05	 2.12536313E-04	 4.32815682E-04	 7.29380213E-04	 1.01080747E-03	 1.01029632E-03	 3.06942200E-04	-1.10434408E-03	-1.90792368E-03
 9.650000E-01	 1.08273775E-04	 1.86603903E-04	 2.52556854E-04	 2.70759212E-04	 1.62997537E-04	-1.91879004E-04	-8.73347083E-04	-1.62878172E-03	-1.67557801E-03	-3.75007796E-04	-9.44982897E-06	 4.83923929E-05	 1.70121193E-04	 3.75771849E-04	 6.67209171E-04	 9.71661493E-04	 1.04857424E-03	 4.84793492E-04	-8.11862827E-04	-1.72009936E-03
 9.660000E-01	 1.02687449E-04	 1.82241710E-04	 2.54222502E-04	 2.85231391E-04	 1.99471917E-04	-1.22763011E-04	-7.64566817E-04	-1.49789753E-03	-1.59655386E-03	-4.36635589E-04	-1.80990859E-05	 3.13818171E-05	 1.43424160E-04	 3.39327393E-04	 6.24384604E-04	 9.32710160E-04	 1.03718929E-03	 5.42847572E-04	-6.58887526E-04	-1.56146905E-03
 9.670000E-01	 9.32012837E-05	 1.73493565E-04	 2.54336172E-04	 3.07645715E-04	 2.64514282E-04	 7.08234950E-06	-5.66243817E-04	-1.29152497E-03	-1.53053222E-03	-5.98179802E-04	-3.08683183E-05	 4.71365250E-06	 9.90943932E-05	 2.75579244E-04	 5.48155570E-04	 8.70458008E-04	 1.04533547E-03	 6.93750265E-04	-3.71979686E-04	-1.35027365E-03
 9.680000E-01	 8.56273204E-05	 1.63857980E-04	 2.45868234E-04	 3.05771143E-04	 2.78707681E-04	 5.23267663E-05	-4.71785256E-04	-1.14856962E-03	-1.40450730E-03	-6.05336841E-04	-3.60103572E-05	-7.62700225E-06	 7.65407747E-05	 2.39529870E-04	 4.96912712E-04	 8.08264699E-04	 9.92340875E-04	 6.98876196E-04	-2.57547942E-04	-1.18439966E-03
 9.690000E-01	 7.40820689E-05	 1.51010130E-04	 2.39617476E-04	 3.19351659E-04	 3.32911319E-04	 1.71724621E-04	-2.77685984E-04	-9.31681915E-04	-1.31022949E-03	-7.38333653E-04	-4.70455435E-05	-3.27151947E-05	 3.25390348E-05	 1.73317612E-04	 4.13135460E-04	 7.30930985E-04	 9.76775290E-04	 8.21989820E-04	 1.18796536E-05	-9.65281948E-04
 9.700000E-01	 6.54601448E-05	 1.37407513E-04	 2.22432801E-04	 3.02207784E-04	 3.24734786E-04	 1.90627041E-04	-2.04242459E-04	-7.88802301E-04	-1.15078565E-03	-6.94658914E-04	-4.84272233E-05	-3.94101740E-05	 1.60718239E-05	 1.40955672E-04	 3.58315361E-04	 6.51804817E-04	 8.88895676E-04	 7.77379869E-04	 8.18193678E-05	-8.05280920E-04
 9.710000E-01	 5.27973383E-05	 1.22034149E-04	 2.11818316E-04	 3.08804477E-04	 3.68290168E-04	 2.95836455E-04	-2.39848877E-05	-5.75976446E-04	-1.04093105E-03	-7.99995507E-04	-5.76602061E-05	-6.21837658E-05	-2.56675351E-05	 7.61370403E-05	 2.73369992E-04	 5.67510433E-04	 8.56595057E-04	 8.73295913E-04	 3.24206021E-04	-5.91589070E-04
 9.720000E-01	 4.39118285E-05	 1.05798842E-04	 1.87671502E-04	 2.78324249E-04	 3.39412797E-04	 2.88664727E-04	 2.49138908E-05	-4.43051389E-04	-8.62150176E-04	-7.12843791E-04	-5.53385094E-05	-6.28936463E-05	-3.49083902E-05	 4.97444589E-05	 2.19019225E-04	 4.77818794E-04	 7.42179254E-04	 7.85921200E-04	 3.48609690E-04	-4.47939349E-04
 9.730000E-01	 3.10397228E-05	 8.93871357E-05	 1.74662340E-04	 2.79855697E-04	 3.72934169E-04	 3.76967859E-04	 1.83358727E-04	-2.46830187E-04	-7.47936443E-04	-7.92247158E-04	-6.27132406E-05	-8.28107645E-05	-7.27779968E-05	-1.02954449E-05	 1.38618006E-04	 3.94121299E-04	 6.99876235E-04	 8.55999558E-04	 5.56701335E-04	-2.50682503E-04
 9.740000E-01	 2.26237824E-05	 7.18441331E-05	 1.45558729E-04	 2.38774291E-04	 3.26627576E-04	 3.46575708E-04	 2.07429513E-04	-1.31092988E-04	-5.63645665E-04	-6.72054525E-04	-5.70157847E-05	-7.77583760E-05	-7.45545582E-05	-2.94311415E-05	 8.78598614E-05	 2.99978778E-04	 5.68404628E-04	 7.36015452E-04	 5.39232977E-04	-1.30874005E-04
 9.750000E-01	 1.04398164E-05	 5.58376681E-05	 1.31926856E-04	 2.36952431E-04	 3.50763764E-04	 4.15849753E-04	 3.37623943E-04	 3.83475388E-05	-4.54067582E-04	-7.27133993E-04	-6.25570588E-05	-9.43700893E-05	-1.07193767E-04	-8.17517640E-05	 1.69577280E-05	 2.23351681E-04	 5.21849519E-04	 7.81540951E-04	 7.07517274E-04	 4.16212710E-05
 9.760000E-01	 3.04763950E-06	 3.82606217E-05	 1.00081424E-04	 1.88727343E-04	 2.91841946E-04	 3.67443557E-04	 3.39541804E-04	 1.32406131E-04	-2.77441177E-04	-5.86709704E-04	-5.41515942E-05	-8.44253144E-05	-1.02218297E-04	-9.34506385E-05	-2.79646438E-05	 1.30485904E-04	 3.83582753E-04	 6.41705846E-04	 6.56035659E-04	 1.33190534E-04
 9.770000E-01	-7.65456671E-06	 2.38828777E-05	 8.71961755E-05	 1.84654721E-04	 3.06873393E-04	 4.16020773E-04	 4.36613085E-04	 2.67652542E-04	-1.78680901E-04	-6.18400855E-04	-5.78853534E-05	-9.73266837E-05	-1.28444485E-04	-1.35666699E-04	-8.55006590E-05	 6.57520235E-05	 3.36905943E-04	 6.63329675E-04	 7.80361442E-04	 2.75274089E-04
 9.780000E-01	-1.36764307E-05	 7.36151679E-06	 5.49126776E-05	 1.33330927E-04	 2.41407740E-04	 3.56859721E-04	 4.21716784E-04	 3.38314627E-04	-2.16872020E-05	-4.72407259E-04	-4.77012502E-05	-8.39577880E-05	-1.18366132E-04	-1.40851877E-04	-1.23302612E-04	-2.06593308E-05	 2.02350016E-04	 5.18317351E-04	 7.06308912E-04	 3.37166632E-04
 9.790000E-01	-2.22086037E-05	-4.42635364E-06	 4.35710553E-05	 1.27267373E-04	 2.46847531E-04	 3.83171300E-04	 4.82279717E-04	 4.34766597E-04	 6.33049653E-05	-4.80442245E-04	-4.95723472E-05	-9.26863589E-05	-1.37035021E-04	-1.71033905E-04	-1.64858819E-04	-7.06431993E-05	 1.57505175E-04	 5.15539466E-04	 7.83369679E-04	 4.45753739E-04
 9.800000E-01	-2.67067075E-05	-1.89851836E-05	 1.32197702E-05	 7.74603906E-05	 1.81976884E-04	 3.21980116E-04	 4.57936532E-04	 4.82671569E-04	 1.90155086E-04	-3.44546732E-04	-3.87397019E-05	-7.79031736E-05	-1.24319491E-04	-1.71526369E-04	-1.95010748E-04	-1.45819492E-04	 3.71359638E-05	 3.81118364E-04	 7.00876917E-04	 4.79143163E-04
 9.810000E-01	-3.25159844E-05	-2.75474200E-05	 3.57205412E-06	 6.87111769E-05	 1.76471102E-04	 3.24361419E-04	 4.80023869E-04	 5.38498648E-04	 2.61599158E-04	-3.27046951E-04	-3.86155891E-05	-8.18677730E-05	-1.34276369E-04	-1.88184930E-04	-2.19293600E-04	-1.80345338E-04	-6.15547252E-06	 3.52017627E-04	 7.27921796E-04	 5.53373153E-04
 9.820000E-01	-3.55567053E-05	-3.94622899E-05	-2.24730269E-05	 2.54388987E-05	 1.20096188E-04	 2.70791823E-04	 4.54938642E-04	 5.66331781E-04	 3.49462753E-04	-2.17106480E-04	-2.84835363E-05	-6.80555266E-05	-1.22045458E-04	-1.86550591E-04	-2.41874614E-04	-2.40009400E-04	-1.02132451E-04	 2.44136101E-04	 6.52829129E-04	 5.61668529E-04
 9.830000E-01	-3.83596971E-05	-4.46268897E-05	-3.10094258E-05	 1.22397970E-05	 1.01251745E-04	 2.47320712E-04	 4.37810690E-04	 5.82497526E-04	 4.10529059E-04	-1.70585658E-04	-2.61371082E-05	-6.64831894E-05	-1.22051543E-04	-1.88656171E-04	-2.48973364E-04	-2.60687965E-04	-1.46546458E-04	 1.85290117E-04	 6.27358665E-04	 6.02672600E-04
 9.840000E-01	-4.02179437E-05	-5.34327369E-05	-5.04147453E-05	-1.92896112E-05	 6.15395013E-05	 2.11210853E-04	 4.21138640E-04	 5.94373064E-04	 4.52475952E-04	-1.01809975E-04	-1.81803290E-05	-5.62277007E-05	-1.13689966E-04	-1.87857573E-04	-2.64476425E-04	-3.00990604E-04	-2.08630320E-04	 1.19223173E-04	 5.75823235E-04	 5.91191160E-04
 9.850000E-01	-4.00166520E-05	-5.56120270E-05	-5.91195942E-05	-3.95112711E-05	 2.61269008E-05	 1.59694966E-04	 3.65165713E-04	 5.74247098E-04	 5.08708830E-04	-2.16041685E-05	-1.31571570E-05	-4.81897786E-05	-1.02455025E-04	-1.74786248E-04	-2.55775166E-04	-3.11361380E-04	-2.58879947E-04	 2.60845098E-05	 4.95657974E-04	 6.01496455E-04
 9.860000E-01	-4.09706032E-05	-6.08927357E-05	-6.96230490E-05	-5.40189632E-05	 1.11310794E-05	 1.50476640E-04	 3.65880090E-04	 5.74973131E-04	 4.99938113E-04	-7.55321153E-06	-9.03847313E-06	-4.40806840E-05	-1.01269723E-04	-1.77841038E-04	-2.65001428E-04	-3.28897171E-04	-2.78396429E-04	 1.55260409E-05	 4.82962181E-04	 5.76717207E-04
 9.870000E-01	-3.81035338E-05	-6.11762058E-05	-8.04731215E-05	-8.43016319E-05	-4.45453251E-05	 6.85381407E-05	 2.72515668E-04	 5.24058691E-04	 5.58486411E-04	 1.11530807E-04	-7.33923740E-07	-2.85604719E-05	-7.76708456E-05	-1.49518819E-04	-2.43069750E-04	-3.34152184E-04	-3.40751019E-04	-1.17177555E-04	 3.46654768E-04	 5.59558649E-04
 9.880000E-01	-3.85370299E-05	-6.24486204E-05	-7.99519365E-05	-7.70232356E-05	-2.76138596E-05	 9.44192041E-05	 2.98532142E-04	 5.18512545E-04	 4.96563358E-04	 6.02017617E-05	-2.26143813E-06	-3.31217127E-05	-8.63832866E-05	-1.59118894E-04	-2.47158584E-04	-3.26256549E-04	-3.10486552E-04	-6.12566770E-05	 3.85681265E-04	 5.28512365E-04
 9.890000E-01	-3.35018830E-05	-6.26507626E-05	-9.54756290E-05	-1.20325064E-04	-1.07180422E-04	-2.02670517E-05	 1.70189584E-04	 4.43949536E-04	 5.65221307E-04	 2.22859593E-04	 1.02855404E-05	-9.04652593E-06	-4.96348779E-05	-1.16106597E-04	-2.15289029E-04	-3.32501553E-04	-3.92131758E-04	-2.38532693E-04	 1.92969798E-04	 4.87501164E-04
 9.900000E-01	-3.37264385E-05	-5.93315378E-05	-8.18738059E-05	-8.74886864E-05	-5.27789236E-05	 4.73267640E-05	 2.27570207E-04	 4.36369439E-04	 4.50421723E-04	 9.92420481E-05	 1.42722197E-06	-2.45989811E-05	-7.00463430E-05	-1.34136814E-04	-2.15773189E-04	-2.97411937E-04	-3.06824419E-04	-1.08766631E-04	 2.92922768E-04	 4.56907498E-04
 9.910000E-01	-2.68293452E-05	-6.14553906E-05	-1.04866429E-04	-1.45879127E-04	-1.58719766E-04	-1.01676313E-04	 6.79740182E-05	 3.46374469E-04	 5.36773658E-04	 3.08427402E-04	 1.92337001E-05	 9.23141141E-06	-2.00777369E-05	-7.79928129E-05	-1.77346079E-04	-3.10766609E-04	-4.14843150E-04	-3.33894642E-04	 4.55282472E-05	 3.95746183E-04
 9.920000E-01	-2.73322621E-05	-5.29022742E-05	-7.62733766E-05	-8.55538936E-05	-6.39755613E-05	 1.20791167E-05	 1.60147673E-04	 3.39902851E-04	 3.72455278E-04	 1.10358268E-04	 1.79474644E-06	-1.90741546E-05	-5.30326423E-05	-1.05263064E-04	-1.75998974E-04	-2.48398643E-04	-2.71988907E-04	-1.27622427E-04	 2.10677563E-04	 3.71213540E-04
 9.930000E-01	-1.90981862E-05	-5.84734439E-05	-1.08971971E-04	-1.60167296E-04	-1.96629508E-04	-1.71094032E-04	-2.61895255E-05	 2.43384692E-04	 4.82516122E-04	 3.66164670E-04	 2.56174685E-05	 2.56699596E-05	 9.28750311E-06	-3.87097378E-05	-1.33816109E-04	-2.73986499E-04	-4.12316786E-04	-4.00846656E-04	-8.69123480E-05	 2.93584757E-04
 9.940000E-01	-2.06051120E-05	-4.41677320E-05	-6.40673750E-05	-7.28861354E-05	-6.21741439E-05	-9.85608757E-06	 1.01153247E-04	 2.39683476E-04	 2.75219498E-04	 9.74587153E-05	-5.84558762E-07	-1.54935759E-05	-3.62977618E-05	-7.49886676E-05	-1.31612512E-04	-1.86808562E-04	-2.13172773E-04	-1.20439886E-04	 1.41260002E-04	 2.79649301E-04
 9.950000E-01	-1.26258342E-05	-5.39009844E-05	-1.06792014E-04	-1.64408333E-04	-2.19085104E-04	-2.23586726E-04	-1.07457022E-04	 1.45875173E-04	 4.12274618E-04	 3.95180038E-04	 2.98759914E-05	 4.03684099E-05	 3.64473968E-05	-1.48396816E-06	-8.81457311E-05	-2.27467760E-04	-3.88870373E-04	-4.38297006E-04	-1.97813282E-04	 1.88724821E-04
 9.960000E-01	-1.47258193E-05	-3.33556239E-05	-4.60859191E-05	-5.26493752E-05	-4.92816448E-05	-1.81747048E-05	 5.32832090E-05	 1.45007509E-04	 1.72123443E-04	 6.74024870E-05	-3.92990587E-06	-1.07762664E-05	-2.13423077E-05	-4.60261942E-05	-8.42533611E-05	-1.21028560E-04	-1.39723134E-04	-9.12784226E-05	 8.35259462E-05	 1.88612370E-04
 9.970000E-01	-9.01205510E-06	-4.67645449E-05	-9.63030206E-05	-1.60381842E-04	-2.24966773E-04	-2.53882905E-04	-1.72449495E-04	 6.18875073E-05	 3.36378312E-04	 3.96029044E-04	 3.36005934E-05	 5.36875394E-05	 5.88542863E-05	 3.12997143E-05	-4.28891045E-05	-1.76070429E-04	-3.48703406E-04	-4.46534395E-04	-2.82163224E-04	 8.62555944E-05
 9.980000E-01	-9.48973465E-06	-1.91685357E-05	-2.39798553E-05	-2.80814392E-05	-2.75525245E-05	-1.42842166E-05	 1.90288501E-05	 6.29168325E-05	 7.67786397E-05	 2.98350070E-05	-5.38686563E-06	-3.53759477E-06	-9.41864797E-06	-2.09425855E-05	-3.69022457E-05	-5.80948869E-05	-6.38883323E-05	-4.70531721E-05	 3.58973130E-05	 9.87942810E-05
 9.990000E-01	-4.83679039E-06	-3.28040317E-05	-7.88249208E-05	-1.44089860E-04	-2.14767919E-04	-2.58058729E-04	-2.14192485E-04	-6.35286977E-06	 2.66188682E-04	 3.72318006E-04	 3.91106006E-05	 6.42895508E-05	 7.39579053E-05	 5.88087292E-05	-1.56760760E-06	-1.22872948E-04	-2.95609897E-04	-4.27879651E-04	-3.34855730E-04	-1.31461744E-05
 1.000000E+00	 0.00000000E+00	 0.00000000E+00	 0.00000000E+00	 0.00000000E+00	 0.00000000E+00	 0.00000000E+00	 0.00000000E+00	 0.00000000E+00	 0.00000000E+00	 0.00000000E+00	 0.00000000E+00	 0.00000000E+00	 0.00000000E+00	 0.00000000E+00	 0.00000000E+00	 0.00000000E+00	 0.00000000E+00	 0.00000000E+00	 0.00000000E+00	 0.00000000E+00
