r	R  6/ 3	R  7/ 3	R  8/ 3	R  9/ 3	R 10/ 3	R 11/ 3	R 12/ 3	R 13/ 3	R 14/ 3	R 15/ 3	I  6/ 3	I  7/ 3	I  8/ 3	I  9/ 3	I 10/ 3	I 11/ 3	I 12/ 3	I 13/ 3	I 14/ 3	I 15/ 3
 0.000000E+00	 0.00000000E+00	 0.00000000E+00	 0.00000000E+00	 0.00000000E+00	 0.00000000E+00	 0.00000000E+00	 0.00000000E+00	 0.00000000E+00	 0.00000000E+00	 0.00000000E+00	 0.00000000E+00	 0.00000000E+00	 0.00000000E+00	 0.00000000E+00	 0.00000000E+00	 0.00000000E+00	 0.00000000E+00	 0.00000000E+00	 0.00000000E+00	 0.00000000E+00
 1.000000E-03	 1.22115484E-12	-3.01352879E-13	-1.76706853E-12	-1.55929474E-13	 3.28933849E-14	 4.31954187E-14	 1.42600771E-14	 6.02916770E-15	-1.01518908E-15	 2.59526286E-16	-1.44838388E-12	-3.50267663E-14	 1.75506916E-12	 2.72443878E-14	-6.49888598E-14	 1.80218592E-15	-1.16617467E-14	 7.42869114E-16	 5.36062139E-16	-1.26352081E-16
 2.000000E-03	 4.43031846E-11	-6.42508227E-13	-2.10756528E-11	-3.68347340E-12	-1.94823041E-12	-8.29110605E-14	 6.52017288E-14	 3.70809828E-15	-3.42902329E-15	-5.28513082E-16	-5.35352596E-11	-1.99315853E-12	 2.30419361E-11	 1.28434495E-12	 5.73771215E-13	-1.48689440E-13	-6.27066294E-14	 8.32617314E-15	 3.37198741E-15	 7.69613651E-16
 3.000000E-03	 4.29403036E-10	 1.22306257E-11	-9.91851954E-11	-2.08822172E-11	-1.85786439E-11	-1.14274637E-12	 4.32555301E-13	 1.53162529E-14	 1.05752717E-14	-6.49269401E-16	-5.18450004E-10	-2.97811860E-11	 1.10256497E-10	 1.21575924E-11	 5.64913875E-12	-1.86103089E-12	-5.02060873E-13	 5.22405841E-15	-1.36905957E-14	 1.56904315E-15
 4.000000E-03	 2.26406326E-09	 1.13162416E-10	-3.06683082E-10	-7.29713693E-11	-8.56382956E-11	-5.33622736E-12	 1.72544942E-12	 7.61296619E-14	 6.71112738E-14	 1.31453727E-15	-2.72683993E-09	-2.09239449E-10	 3.31793055E-10	 5.49569925E-11	 2.95063134E-11	-9.81926305E-12	-2.12575347E-12	-7.28602537E-14	-8.24861757E-14	-1.67159241E-16
 5.000000E-03	 8.37567261E-09	 5.58031166E-10	-7.48360629E-10	-1.98453875E-10	-2.71782323E-10	-1.76960627E-11	 4.79681845E-12	 2.45760495E-13	 2.03980055E-13	 8.39190709E-15	-1.00568494E-08	-9.63495440E-10	 7.51892448E-10	 1.71476471E-10	 1.11726434E-10	-3.20439677E-11	-6.19531704E-12	-3.35683137E-13	-2.48372001E-13	-9.73160034E-15
 6.000000E-03	 2.45914454E-08	 2.01039915E-09	-1.57404274E-09	-4.61492403E-10	-6.83581550E-10	-4.60878363E-11	 1.07163107E-11	 6.19389194E-13	 4.71478796E-13	 2.52409740E-14	-2.94228178E-08	-3.37953226E-09	 1.36804254E-09	 4.23393868E-10	 3.35235873E-10	-7.87559759E-11	-1.45058398E-11	-9.61652490E-13	-5.75578254E-13	-3.62594691E-14
 7.000000E-03	 6.13879252E-08	 5.91270563E-09	-2.99906006E-09	-9.65661221E-10	-1.47081114E-09	-1.00181820E-10	 2.07457954E-11	 1.33504553E-12	 9.32052176E-13	 5.83208737E-14	-7.31523072E-08	-9.79965574E-09	 1.98617213E-09	 8.80823593E-10	 8.42834105E-10	-1.61925993E-10	-2.95648531E-11	-2.22122069E-12	-1.15339294E-12	-9.35843885E-14
 8.000000E-03	 1.35912253E-07	 1.50405278E-08	-5.33833579E-09	-1.87793451E-09	-2.84252986E-09	-1.90522643E-10	 3.62570593E-11	 2.58399709E-12	 1.65882383E-12	 1.16168457E-13	-1.61224375E-07	-2.46887047E-08	 2.00085076E-09	 1.58934128E-09	 1.84852828E-09	-2.96022508E-10	-5.48758446E-11	-4.50358423E-12	-2.10404350E-12	-2.01242042E-13
 9.000000E-03	 2.74377444E-07	 3.42799094E-08	-9.05788354E-09	-3.46937614E-09	-5.10817588E-09	-3.28591653E-10	 5.85586183E-11	 4.62696574E-12	 2.73262933E-12	 2.09817602E-13	-3.23836396E-07	-5.58243145E-08	 4.09428039E-11	 2.50122679E-09	 3.64075327E-09	-4.99708462E-10	-9.53152678E-11	-8.34970476E-12	-3.59254620E-12	-3.85731111E-13
 1.000000E-02	 5.14833674E-07	 7.16694295E-08	-1.48467358E-08	-6.18089583E-09	-8.76266919E-09	-5.28675604E-10	 8.86121650E-11	 7.81899792E-12	 4.23722223E-12	 3.53337578E-13	-6.04261298E-07	-1.15853333E-07	-6.56529880E-09	 3.35098364E-09	 6.57231045E-09	-7.98101746E-10	-1.57602803E-10	-1.44934775E-11	-5.83874380E-12	-6.82127458E-13
 1.100000E-02	 9.10316996E-07	 1.39750512E-07	-2.37108571E-08	-1.07245251E-08	-1.46423200E-08	-8.12674283E-10	 1.26621413E-10	 1.26465285E-11	 6.25233775E-12	 5.64627644E-13	-1.06195186E-06	-2.24252594E-07	-2.25578067E-08	 3.44852414E-09	 1.10273564E-08	-1.22529368E-09	-2.50877679E-10	-2.39119160E-11	-9.13186137E-12	-1.13609133E-12
 1.200000E-02	 1.53237605E-06	 2.57271404E-07	-3.70883622E-08	-1.82327566E-08	-2.41894875E-08	-1.21971319E-09	 1.71471082E-10	 1.97815662E-11	 8.84443570E-12	 8.66403566E-13	-1.77584371E-06	-4.09726711E-07	-5.58026956E-08	 1.35582319E-09	 1.73497645E-08	-1.82692762E-09	-3.87403642E-10	-3.78842864E-11	-1.38479613E-11	-1.80640855E-12
 1.300000E-02	 2.47497602E-06	 4.51292225E-07	-5.69822864E-08	-3.04703927E-08	-3.98781758E-08	-1.82356664E-09	 2.19985584E-10	 3.01586614E-11	 1.20548953E-11	 1.28769945E-12	-2.84780396E-06	-7.13069305E-07	-1.18703559E-07	-5.59566241E-09	 2.57097443E-08	-2.66271733E-09	-5.83430725E-10	-5.80592247E-11	-2.04709123E-11	-2.76793713E-12
 1.400000E-02	 3.85877752E-06	 7.59740444E-07	-8.61031771E-08	-5.01248993E-08	-6.58698969E-08	-2.76245746E-09	 2.65965472E-10	 4.50817747E-11	 1.58856491E-11	 1.86580218E-12	-4.40616798E-06	-1.19050728E-06	-2.30033463E-07	-2.19989537E-08	 3.58763618E-08	-3.80884126E-09	-8.60245166E-10	-8.65272604E-11	-2.96173131E-11	-4.11532478E-12
 1.500000E-02	 5.83578599E-06	 1.23446803E-06	-1.28008858E-07	-8.11922849E-08	-1.08989119E-07	-4.28781999E-09	 2.98945375E-10	 6.63677851E-11	 2.02822360E-11	 2.64911280E-12	-6.60930284E-06	-1.91754019E-06	-4.17258852E-07	-5.53394109E-08	 4.68520350E-08	-5.36022365E-09	-1.24543922E-09	-1.25894870E-10	-4.20662684E-11	-5.96704012E-12
 1.600000E-02	 8.59436452E-06	 1.94486324E-06	-1.87222803E-07	-1.29475858E-07	-1.80130434E-07	-6.84116247E-09	 3.02596281E-10	 9.65342420E-11	 2.51144189E-11	 3.70095444E-12	-9.64913200E-06	-2.99327873E-06	-7.19429628E-07	-1.17310315E-07	 5.63106074E-08	-7.43286460E-09	-1.77443369E-09	-1.79352497E-10	-5.87942362E-11	-8.47048675E-12
 1.700000E-02	 1.23646005E-05	 2.98207139E-06	-2.69305666E-07	-2.03214657E-07	-2.96235186E-07	-1.11713079E-08	 2.52667262E-10	 1.39036795E-10	 3.01548443E-11	 5.10481530E-12	-1.37545529E-05	-4.54527755E-06	-1.19071179E-06	-2.25562170E-07	 5.97626854E-08	-1.01666622E-08	-2.49228351E-09	-2.50726996E-10	-8.10160717E-11	-1.18073483E-11
 1.800000E-02	 1.74240127E-05	 4.46388040E-06	-3.80846583E-07	-3.13856719E-07	-4.83003592E-07	-1.85081094E-08	 1.14323168E-10	 1.98560867E-10	 3.50558624E-11	 6.97134131E-12	-1.91946761E-05	-6.73484858E-06	-1.90464021E-06	-4.05984748E-07	 4.93499791E-08	-1.37296568E-08	-3.45579870E-09	-3.44501731E-10	-1.10231975E-10	-1.62002162E-11
 1.900000E-02	 2.41035811E-05	 6.54032730E-06	-5.29332010E-07	-4.76989368E-07	-7.78539148E-07	-3.08132849E-08	-1.61317122E-10	 2.81367571E-10	 3.93257740E-11	 9.44743070E-12	-2.62818116E-05	-9.76283087E-06	-2.95916910E-06	-6.95634679E-07	 1.21438360E-08	-1.83253753E-08	-4.73600845E-09	-4.65784527E-10	-1.48281388E-10	-2.19196370E-11
 2.000000E-02	 3.27940795E-05	 9.40008246E-06	-7.22839969E-07	-7.13434297E-07	-1.23815501E-06	-5.11343620E-08	-6.41702376E-10	 3.95689141E-10	 4.23042296E-11	 1.27279352E-11	-3.53741284E-05	-1.38757831E-05	-4.48259668E-06	-1.14643586E-06	-7.22086360E-08	-2.42060731E-08	-6.42100174E-09	-6.20191790E-10	-1.97402879E-10	-2.92921442E-11
 2.100000E-02	 4.39526826E-05	 1.32776679E-05	-9.69496908E-07	-1.05050892E-06	-1.94060674E-06	-8.40939095E-08	-1.41877992E-09	 5.52161302E-10	 4.31388214E-11	 1.70706102E-11	-4.68779088E-05	-1.93725540E-05	-6.64043793E-06	-1.82979501E-06	-2.34685184E-07	-3.16962381E-08	-8.61917530E-09	-8.13611782E-10	-2.60300059E-10	-3.87095104E-11
 2.200000E-02	 5.81098187E-05	 1.84615655E-05	-1.27662284E-06	-1.52344735E-06	-2.99605171E-06	-1.36553256E-07	-2.61678241E-09	 7.64268676E-10	 4.07617574E-11	 2.28140070E-11	-6.12493224E-05	-2.66111751E-05	-9.64331579E-06	-2.84229042E-06	-5.21174510E-07	-4.12329298E-08	-1.14629333E-08	-1.05179322E-09	-3.40211972E-10	-5.06378181E-11
 2.300000E-02	 7.58762293E-05	 2.53032682E-05	-1.64947792E-06	-2.17696369E-06	-4.55607107E-06	-2.18497820E-07	-4.40245650E-09	 1.04876607E-09	 3.38688715E-11	 3.04007951E-11	-7.89956406E-05	-3.60160080E-05	-1.37559350E-05	-4.31260722E-06	-9.98137866E-07	-5.34323607E-08	-1.51128915E-08	-1.33969500E-09	-4.40985422E-10	-6.56293419E-11
 2.400000E-02	 9.79501924E-05	 3.42273254E-05	-2.08951100E-06	-3.06692744E-06	-6.82612669E-06	-3.44199924E-07	-6.99845899E-09	 1.42601708E-09	 2.08986905E-11	 4.04029405E-11	-1.00675815E-04	-4.80850670E-05	-1.93071955E-05	-6.40990887E-06	-1.75999568E-06	-6.91958277E-08	-1.97626669E-08	-1.68051338E-09	-5.67147213E-10	-8.43321147E-11
 2.500000E-02	 1.25124862E-04	 4.57424318E-05	-2.59199703E-06	-4.26210525E-06	-1.00808597E-05	-5.33724566E-07	-1.07008382E-08	 1.92016981E-09	 1.21176191E-14	 5.35560821E-11	-1.26900344E-04	-6.33974254E-05	-2.67014953E-05	-9.35385015E-06	-2.93865688E-06	-8.98728538E-08	-2.56443682E-08	-2.07428189E-09	-7.23968797E-10	-1.07504420E-10
 2.600000E-02	 1.58295667E-04	 6.04535997E-05	-3.14293692E-06	-5.84590426E-06	-1.46826692E-05	-8.14853986E-07	-1.59017114E-08	 2.55905621E-09	-3.09307334E-11	 7.07923572E-11	-1.58330358E-04	-8.26206031E-05	-3.64312576E-05	-1.34264523E-05	-4.71568592E-06	-1.17505334E-07	-3.30349526E-08	-2.51592151E-09	-9.17520559E-10	-1.36024484E-10
 2.700000E-02	 1.98467707E-04	 7.90754559E-05	-3.71507904E-06	-7.91803082E-06	-2.11040383E-05	-1.22551787E-06	-2.31184984E-08	 3.37366298E-09	-7.44008353E-11	 9.32877488E-11	-1.95675851E-04	-1.06517820E-04	-4.90907094E-05	-1.89860754E-05	-7.33768995E-06	-1.55183761E-07	-4.22637016E-08	-2.99258044E-09	-1.15470156E-09	-1.70906604E-10
 2.800000E-02	 2.46763074E-04	 1.02446691E-04	-4.26290844E-06	-1.05959525E-05	-2.99540974E-05	-1.81682758E-06	-3.30313191E-08	 4.39697734E-09	-1.33242711E-10	 1.22501820E-10	-2.39692988E-04	-1.35954985E-04	-6.53909191E-05	-2.64837382E-05	-1.11356059E-05	-2.07555496E-07	-5.37211499E-08	-3.48009264E-09	-1.44323888E-09	-2.13311341E-10
 2.900000E-02	 3.04428026E-04	 1.31545685E-04	-4.71643592E-06	-1.40160232E-05	-4.20099296E-05	-2.65682479E-06	-4.65304636E-08	 5.66194294E-09	-2.10742917E-10	 1.60237876E-10	-2.91180437E-04	-1.71907286E-04	-8.61760870E-05	-3.64820448E-05	-1.65486767E-05	-2.81535759E-07	-6.78699690E-08	-3.93832339E-09	-1.79163578E-09	-2.64560953E-10
 3.000000E-02	 3.72839932E-04	 1.67507322E-04	-4.97360666E-06	-1.83340969E-05	-5.82531307E-05	-3.83506659E-06	-6.47761364E-08	 7.19820733E-09	-3.10731669E-10	 2.08687043E-10	-3.50974663E-04	-2.15465224E-04	-1.12441059E-04	-4.96769925E-05	-2.41540237E-05	-3.87284790E-07	-8.52584416E-08	-4.30517163E-09	-2.20905449E-09	-3.26151799E-10
 3.100000E-02	 4.53513878E-04	 2.11640997E-04	-4.89113531E-06	-2.37254209E-05	-7.99121300E-05	-5.46818111E-06	-8.92729905E-08	 9.02722636E-09	-4.37748595E-10	 2.70497860E-10	-4.19944129E-04	-2.67839929E-04	-1.45350018E-04	-6.69229373E-05	-3.47028512E-05	-5.39529056E-07	-1.06537421E-07	-4.48891349E-09	-2.70511023E-09	-3.99765490E-10
 3.200000E-02	 5.48108862E-04	 2.65449794E-04	-4.27356415E-06	-3.03835550E-05	-1.08510760E-04	-7.70654084E-06	-1.21962466E-07	 1.11552280E-08	-5.97280290E-10	 3.48818800E-10	-4.98982367E-04	-3.30367578E-04	-1.86256265E-04	-8.92610005E-05	-4.91644554E-05	-7.59319467E-07	-1.32481926E-07	-4.35860545E-09	-3.28954468E-09	-4.87286816E-10
 3.300000E-02	 6.58433456E-04	 3.30650829E-04	-2.86033291E-06	-3.85180256E-05	-1.45923547E-04	-1.07422091E-05	-1.65335960E-07	 1.35633728E-08	-7.96132582E-10	 4.47367603E-10	-5.88999895E-04	-4.04512750E-04	-2.36723019E-04	-1.17951211E-04	-6.87793854E-05	-1.07634076E-06	-1.64018881E-07	-3.73213311E-09	-3.97175236E-09	-5.90805199E-10
 3.400000E-02	 7.86450829E-04	 4.09196710E-04	-3.10639143E-07	-4.83503665E-05	-1.94438136E-04	-1.48183267E-05	-2.22572541E-07	 1.61943992E-08	-1.04295211E-09	 5.70458169E-10	-6.90914951E-04	-4.91870507E-04	-2.98545078E-04	-1.54508664E-04	-9.51232516E-05	-1.53190984E-06	-2.02262875E-07	-2.36153701E-09	-4.76009787E-09	-7.12647666E-10
 3.500000E-02	 9.34283021E-04	 5.03298044E-04	 3.81413679E-06	-6.01081492E-05	-2.56825177E-04	-2.02401145E-05	-2.97705066E-07	 1.89347595E-08	-1.34898352E-09	 7.23053076E-10	-8.05643023E-04	-5.94167009E-04	-3.73771200E-04	-2.00743978E-04	-1.30182854E-04	-2.18282348E-06	-2.48562360E-07	 8.48674650E-11	-5.66102480E-09	-8.55364281E-10
 3.600000E-02	 1.10421433E-03	 6.15446943E-04	 1.00706705E-05	-7.40165482E-05	-3.36415941E-04	-2.73876714E-05	-3.95818943E-07	 2.15911967E-08	-1.72910909E-09	 9.10750736E-10	-9.34085182E-04	-7.13258456E-04	-4.64727004E-04	-2.58808311E-04	-1.76446486E-04	-3.10624341E-06	-3.04559212E-07	 4.04400146E-09	-6.67783589E-09	-1.02179293E-09
 3.700000E-02	 1.29869367E-03	 7.48441397E-04	 1.91568248E-05	-9.02869236E-05	-4.37187775E-04	-3.67307560E-05	-5.23287917E-07	 2.38603617E-08	-2.20328716E-09	 1.13980192E-09	-1.07711523E-03	-8.51128129E-04	-5.74038162E-04	-3.31243192E-04	-2.37010469E-04	-4.40583804E-06	-3.72265234E-07	 1.00837220E-08	-7.80917533E-09	-1.21501794E-09
 3.800000E-02	 1.52033587E-03	 9.05410436E-04	 3.19378981E-05	-1.09101841E-04	-5.63857401E-04	-4.88457340E-05	-6.88051626E-07	 2.52899951E-08	-2.79848470E-09	 1.41701204E-09	-1.23556565E-03	-1.00988133E-03	-7.04653620E-04	-4.21035391E-04	-3.15704169E-04	-6.21943341E-06	-4.54159976E-07	 1.89331718E-08	-9.04703001E-09	-1.43849976E-09
 3.900000E-02	 1.77192156E-03	 1.08983990E-03	 4.94762089E-05	-1.30595878E-04	-7.21981831E-04	-6.44348772E-05	-8.99939590E-07	 2.52297473E-08	-3.55125533E-09	 1.74969768E-09	-1.41021252E-03	-1.19173800E-03	-8.59868542E-04	-5.31677016E-04	-4.17235946E-04	-8.72846309E-06	-5.53314951E-07	 3.15183720E-08	-1.03743203E-08	-1.69599258E-09
 4.000000E-02	 2.05639579E-03	 1.30559866E-03	 7.30642225E-05	-1.54831497E-04	-9.18066489E-04	-8.43481856E-05	-1.17104641E-06	 2.27695945E-08	-4.51112306E-09	 2.14543395E-09	-1.60175919E-03	-1.39902277E-03	-1.04334664E-03	-6.67230993E-04	-5.47362697E-04	-1.21695464E-05	-6.73550448E-07	 4.90034990E-08	-1.17618378E-08	-1.99179326E-09
 4.100000E-02	 2.37686499E-03	 1.55696516E-03	 1.04261411E-04	-1.81769197E-04	-1.15967984E-03	-1.09607895E-04	-1.51616257E-06	 1.66632509E-08	-5.74498264E-09	 2.61192534E-09	-1.81081914E-03	-1.63415226E-03	-1.25914147E-03	-8.32402020E-04	-7.13085824E-04	-1.68485626E-05	-8.19631655E-07	 7.28384283E-08	-1.31646366E-08	-2.33060203E-09
 4.200000E-02	 2.73659227E-03	 1.84865389E-03	 1.44935014E-04	-2.11231055E-04	-1.45557357E-03	-1.41435830E-04	-1.95326640E-06	 5.23380814E-09	-7.34272894E-09	 3.15650539E-09	-2.03789775E-03	-1.89961940E-03	-1.51171631E-03	-1.03261302E-03	-9.22876639E-04	-2.31576226E-05	-9.97513000E-07	 1.04812713E-07	-1.45176050E-08	-2.71796595E-09
 4.300000E-02	 3.13899089E-03	 2.18584174E-03	 1.97304847E-04	-2.42856749E-04	-1.81580698E-03	-1.81283701E-04	-2.50407903E-06	-1.37417353E-08	-9.42447966E-09	 3.78586788E-09	-2.28337337E-03	-2.19797455E-03	-1.80596214E-03	-1.27408710E-03	-1.18693461E-03	-3.15953948E-05	-1.21463948E-06	 1.47116617E-07	-1.57302585E-08	-3.16006596E-09
 4.400000E-02	 3.58761582E-03	 2.57419385E-03	 2.63992278E-04	-2.76051004E-04	-2.25187403E-03	-2.30866452E-04	-3.19468692E-06	-4.31724574E-08	-1.21496749E-08	 4.50519578E-09	-2.54747760E-03	-2.53180327E-03	-2.14721316E-03	-1.56393495E-03	-1.51748187E-03	-4.27913053E-05	-1.48031611E-06	 2.02409253E-07	-1.66805227E-08	-3.66448112E-09
 4.500000E-02	 4.08615308E-03	 3.01988867E-03	 3.48073434E-04	-3.09921397E-04	-2.77683065E-03	-2.92198694E-04	-4.05623364E-06	-8.68224172E-08	-1.57284451E-08	 5.31766115E-09	-2.83027510E-03	-2.90370048E-03	-2.54125943E-03	-1.91024728E-03	-1.92909747E-03	-5.75341595E-05	-1.80615703E-06	 2.73894090E-07	-1.72076249E-08	-4.23991399E-09
 4.600000E-02	 4.63840704E-03	 3.52964183E-03	 4.53136675E-04	-3.43205321E-04	-3.40541982E-03	-3.67634242E-04	-5.12568249E-06	-1.49512923E-07	-2.04357514E-08	 6.22308454E-09	-3.13164291E-03	-3.31624098E-03	-2.99435580E-03	-2.32219224E-03	-2.43909535E-03	-7.68057812E-05	-2.20662804E-06	 3.65401309E-07	-1.71038294E-08	-4.89740965E-09
 4.700000E-02	 5.24828519E-03	 4.11072852E-03	 5.83344319E-04	-3.74184897E-04	-4.15419113E-03	-4.59908696E-04	-6.44664842E-06	-2.37363741E-07	-2.66287490E-08	 7.21708142E-09	-3.45124959E-03	-3.77194603E-03	-3.51322677E-03	-2.81011717E-03	-3.06794964E-03	-1.01820320E-04	-2.69969659E-06	 4.81477000E-07	-1.61051420E-08	-5.65004517E-09
 4.800000E-02	 5.91978065E-03	 4.77100399E-03	 7.43498532E-04	-4.00588518E-04	-5.04161102E-03	-5.72184938E-04	-8.07029834E-06	-3.58078586E-07	-3.47681964E-08	 8.28917692E-09	-3.78853429E-03	-4.27324596E-03	-4.10506637E-03	-3.38565415E-03	-3.83977146E-03	-1.34069924E-04	-3.30760538E-06	 6.27477929E-07	-1.38807545E-08	-6.51476730E-09
 4.900000E-02	 6.65695201E-03	 5.51892160E-03	 9.39111258E-04	-4.19477661E-04	-6.08815903E-03	-7.08101351E-04	-1.00563131E-05	-5.21282012E-07	-4.54442011E-08	 9.42140938E-09	-4.14268601E-03	-4.82243868E-03	-4.77753253E-03	-4.06182874E-03	-4.78284109E-03	-1.75377527E-04	-4.05778669E-06	 8.09671244E-07	-1.00214748E-08	-7.51212409E-09
 5.000000E-02	 7.46390068E-03	 6.36354811E-03	 1.17647795E-03	-4.27117578E-04	-7.31640487E-03	-8.71822431E-04	-1.24739061E-05	-7.38914037E-07	-5.94078324E-08	 1.05858805E-08	-4.51262326E-03	-5.42164416E-03	-5.53873507E-03	-4.85317068E-03	-5.93019934E-03	-2.27957540E-04	-4.98393468E-06	 1.03533681E-06	-4.02690658E-09	-8.66892098E-09
 5.100000E-02	 8.34474542E-03	 7.31457560E-03	 1.46275483E-03	-4.18830408E-04	-8.75105990E-03	-1.06809143E-03	-1.54028836E-05	-1.02569170E-06	-7.76082092E-08	 1.17426192E-08	-4.89697438E-03	-6.07275457E-03	-6.39721663E-03	-5.77582583E-03	-7.32030170E-03	-2.94485240E-04	-6.12725278E-06	 1.31287055E-06	 4.70803776E-09	-1.00180600E-08
 5.200000E-02	 9.30359422E-03	 8.38232941E-03	 1.80603925E-03	-3.88829266E-04	-1.04189964E-02	-1.30228463E-03	-1.89347495E-05	-1.39964481E-06	-1.01237846E-07	 1.28366261E-08	-5.29405868E-03	-6.77738042E-03	-7.36192564E-03	-6.84766750E-03	-8.99773854E-03	-3.78175626E-04	-7.53790254E-06	 1.65188358E-06	 1.69076491E-08	-1.16021350E-08
 5.300000E-02	 1.03445135E-02	 9.57777188E-03	 2.21545277E-03	-3.30031816E-04	-1.23492271E-02	-1.58046651E-03	-2.31738099E-05	-1.88273610E-06	-1.31785705E-07	 1.37948023E-08	-5.70186890E-03	-7.53679256E-03	-8.44218078E-03	-8.08840636E-03	-1.10140264E-02	-4.82872565E-04	-9.27666869E-06	 2.06329521E-06	 3.34306502E-08	-1.34735343E-08
 5.400000E-02	 1.14714944E-02	 1.09125009E-02	 2.70122632E-03	-2.33851867E-04	-1.45728353E-02	-1.90944491E-03	-2.82382739E-05	-2.50157290E-06	-1.71101381E-07	 1.45220877E-08	-6.11805514E-03	-8.35186036E-03	-9.64762598E-03	-9.51969679E-03	-1.34284726E-02	-6.13149292E-04	-1.14168626E-05	 2.55941550E-06	 5.52862176E-08	-1.56992073E-08
 5.500000E-02	 1.26884167E-02	 1.23987432E-02	 3.27478673E-03	-8.99675693E-05	-1.71228471E-02	-2.29682558E-03	-3.42613171E-05	-3.28822288E-06	-2.21468310E-07	 1.48971618E-08	-6.53991048E-03	-9.22298601E-03	-1.09881752E-02	-1.11652375E-02	-1.63091161E-02	-7.74421070E-04	-1.40464847E-05	 3.15401076E-06	 8.36489719E-08	-1.83614508E-08
 5.600000E-02	 1.39990098E-02	 1.40493408E-02	 3.94884396E-03	 1.13935185E-04	-2.00340318E-02	-2.75106471E-03	-4.13920787E-05	-4.28114340E-06	-2.85691869E-07	 1.47677293E-08	-6.96435886E-03	-1.01500354E-02	-1.24739460E-02	-1.30508642E-02	-1.97337461E-02	-9.73070845E-04	-1.72706651E-05	 3.86234526E-06	 1.19873953E-07	-2.15638998E-08
 5.700000E-02	 1.54068108E-02	 1.58777314E-02	 4.73747798E-03	 3.92445424E-04	-2.33426218E-02	-3.28151856E-03	-4.97965505E-05	-5.52623807E-06	-3.67199250E-07	 1.39451753E-08	-7.38794529E-03	-1.11322657E-02	-1.41151819E-02	-1.52046322E-02	-2.37910000E-02	-1.21658876E-03	-2.12143963E-05	 4.70118970E-06	 1.65508901E-07	-2.54332630E-08
 5.800000E-02	 1.69151213E-02	 1.78979206E-02	 5.65622427E-03	 7.62737020E-04	-2.70859355E-02	-3.89848835E-03	-5.96583166E-05	-7.07805086E-06	-4.70158170E-07	 1.21988222E-08	-7.80682888E-03	-1.21682500E-02	-1.59221617E-02	-1.76568850E-02	-2.85815419E-02	-1.51372632E-03	-2.60255779E-05	 5.68878811E-06	 2.22305154E-07	-3.01264505E-08
 5.900000E-02	 1.85269604E-02	 2.01244466E-02	 6.72215693E-03	 1.24490687E-03	-3.13018891E-02	-4.61325900E-03	-7.11790898E-05	-9.00111270E-06	-5.99610879E-07	 9.24982043E-09	-8.21677898E-03	-1.32558001E-02	-1.79050955E-02	-2.04403068E-02	-3.42193194E-02	-1.87466601E-03	-3.18783797E-05	 6.84476889E-06	 2.92223031E-07	-3.58337280E-08
 6.000000E-02	 2.02450166E-02	 2.25723352E-02	 7.95396784E-03	 1.86234213E-03	-3.60283828E-02	-5.43812958E-03	-8.45789855E-05	-1.13714525E-05	-7.61630486E-07	 4.76413175E-09	-8.61317475E-03	-1.43918864E-02	-2.00740082E-02	-2.35899544E-02	-4.08328982E-02	-2.31120701E-03	-3.89769299E-05	 8.18998935E-06	 3.77433390E-07	-4.27864864E-08
 6.100000E-02	 2.20715976E-02	 2.52570468E-02	 9.37204065E-03	 2.64211702E-03	-4.13025408E-02	-6.38643362E-03	-1.00096473E-04	-1.42782894E-05	-9.63496882E-07	-1.65366191E-09	-8.99100859E-03	-1.55725579E-02	-2.24386071E-02	-2.71432650E-02	-4.85668672E-02	-2.83696742E-03	-4.75593145E-05	 9.74629338E-06	 4.80309080E-07	-5.12621948E-08
 6.200000E-02	 2.40085779E-02	 2.81944115E-02	 1.09985176E-02	 3.61541929E-03	-4.71597913E-02	-7.47254778E-03	-1.17987982E-04	-1.78259175E-05	-1.21389712E-06	-1.04688039E-08	-9.34489373E-03	-1.67928605E-02	-2.50081360E-02	-3.11400351E-02	-5.75833084E-02	-3.46760312E-03	-5.79019402E-05	 1.15361591E-05	 6.03408968E-07	-6.15917089E-08
 6.300000E-02	 2.60573462E-02	 3.14005556E-02	 1.28573582E-02	 4.81800710E-03	-5.36327643E-02	-8.71188524E-03	-1.38526970E-04	-2.21357968E-05	-1.52315501E-06	-2.22232693E-08	-9.66907613E-03	-1.80467559E-02	-2.77912137E-02	-3.56223678E-02	-6.80633360E-02	-4.22104325E-03	-7.03241926E-05	 1.35822205E-05	 7.49449966E-07	-7.41661651E-08
 6.400000E-02	 2.82187508E-02	 3.48918152E-02	 1.49743877E-02	 6.29069527E-03	-6.07499876E-02	-1.01208710E-02	-1.62002434E-04	-2.73488577E-05	-1.90349062E-06	-3.75465263E-08	-9.95745130E-03	-1.93270424E-02	-3.07956580E-02	-4.06345826E-02	-8.02086879E-02	-5.11774339E-03	-8.51934010E-05	 1.59066509E-05	 9.21267689E-07	-8.94447075E-08
 6.500000E-02	 3.04930454E-02	 3.86846399E-02	 1.73773323E-02	 8.07987017E-03	-6.85343569E-02	-1.17168966E-02	-1.88716780E-04	-3.36280318E-05	-2.36930998E-06	-5.71626032E-08	-1.02035860E-02	-2.06252771E-02	-3.40282947E-02	-4.62230816E-02	-9.42433589E-02	-6.18095587E-03	-1.02930073E-04	 1.85303698E-05	 1.12175390E-06	-1.07964544E-07
 6.600000E-02	 3.28798339E-02	 4.27954830E-02	 2.00958415E-02	 1.02380319E-02	-7.70013577E-02	-1.35182513E-02	-2.18982941E-04	-4.11610250E-05	-2.93752762E-06	-8.19029128E-08	-1.04007457E-02	-2.19317010E-02	-3.74947505E-02	-5.24361680E-02	-1.10415260E-01	-7.43701683E-03	-1.24013353E-04	 2.14720497E-05	 1.35377579E-06	-1.30347849E-07
 6.700000E-02	 3.53780162E-02	 4.72406799E-02	 2.31614920E-02	 1.28243619E-02	-8.61570140E-02	-1.55440247E-02	-2.53120634E-04	-5.01633451E-05	-3.62792708E-06	-1.12712224E-07	-1.05419269E-02	-2.32351697E-02	-4.11992329E-02	-5.93238095E-02	-1.28997889E-01	-8.91564947E-03	-1.48986645E-04	 2.47468830E-05	 1.62006153E-06	-1.57313301E-07
 6.800000E-02	 3.79857348E-02	 5.20363138E-02	 2.66077739E-02	 1.59053127E-02	-9.59955364E-02	-1.78139790E-02	-2.91451678E-04	-6.08815960E-05	-4.46355525E-06	-1.50662866E-07	-1.06198959E-02	-2.45230889E-02	-4.51442951E-02	-6.69373421E-02	-1.50291979E-01	-1.06502824E-02	-1.78463318E-04	 2.83650740E-05	 1.92305814E-06	-1.89680434E-07
 6.900000E-02	 4.07003227E-02	 5.71980681E-02	 3.04700549E-02	 1.95552173E-02	-1.06496645E-01	-2.03483826E-02	-3.34294262E-04	-7.35970549E-05	-5.47115828E-06	-1.96957681E-07	-1.06272334E-02	-2.57813571E-02	-4.93305875E-02	-7.53291063E-02	-1.74627108E-01	-1.26783824E-02	-2.13132398E-04	 3.23300003E-05	 2.26473884E-06	-2.28380305E-07
 7.000000E-02	 4.35182536E-02	 6.27410661E-02	 3.47855209E-02	 2.38569116E-02	-1.17622545E-01	-2.31677995E-02	-3.81955881E-04	-8.86295463E-05	-6.68164160E-06	-2.52943394E-07	-1.05563851E-02	-2.69943172E-02	-5.37565985E-02	-8.45520095E-02	-2.02363202E-01	-1.50417975E-02	-2.53764023E-04	 3.66360031E-05	 2.64636911E-06	-2.74452142E-07
 7.100000E-02	 4.64350895E-02	 6.86796891E-02	 3.95930847E-02	 2.89023578E-02	-1.29314539E-01	-2.62928382E-02	-4.34725025E-04	-1.06341639E-04	-8.13055537E-06	-3.20106817E-07	-1.03997168E-02	-2.81447140E-02	-5.84183750E-02	-9.46589891E-02	-2.33891844E-01	-1.77870986E-02	-3.01213999E-04	 4.12656770E-05	 3.06819523E-06	-3.29041305E-07
 7.200000E-02	 4.94454292E-02	 7.50273757E-02	 4.49332601E-02	 3.47932637E-02	-1.41489274E-01	-2.97438860E-02	-4.92863372E-04	-1.27143025E-04	-9.85856503E-06	-4.00090222E-07	-1.01495762E-02	-2.92136617E-02	-6.33092283E-02	-1.05702374E-01	-2.69637335E-01	-2.09659180E-02	-3.56428696E-04	 4.61864493E-05	 3.52908005E-06	-3.93374593E-07
 7.300000E-02	 5.25428805E-02	 8.17964398E-02	 5.08480252E-02	 4.16417231E-02	-1.54034591E-01	-3.35407781E-02	-5.56595596E-04	-1.51495017E-04	-1.19120942E-05	-4.94731192E-07	-9.79836515E-03	-3.01806388E-02	-6.84194638E-02	-1.17733228E-01	-3.10057813E-01	-2.46353082E-02	-4.20449494E-04	 5.13469935E-05	 4.02615119E-06	-4.68773372E-07
 7.400000E-02	 5.57200321E-02	 8.89978707E-02	 5.73806486E-02	 4.95708382E-02	-1.66804933E-01	-3.77023925E-02	-6.26096966E-04	-1.79915206E-04	-1.43439679E-05	-6.06110167E-07	-9.33861704E-03	-3.10234937E-02	-7.37360985E-02	-1.30800586E-01	-3.55646147E-01	-2.88581158E-02	-4.94417761E-04	 5.66732530E-05	 4.55440333E-06	-5.56664388E-07
 7.500000E-02	 5.89684192E-02	 9.66411022E-02	 6.45754672E-02	 5.87153050E-02	-1.79616332E-01	-4.22461925E-02	-7.01479199E-04	-2.12982407E-04	-1.72140798E-05	-7.36560678E-07	-8.76307625E-03	-3.17184596E-02	-7.92425603E-02	-1.44950546E-01	-4.06930440E-01	-3.37033224E-02	-5.79578468E-04	 6.20635840E-05	 5.10615864E-06	-6.58579180E-07
 7.600000E-02	 6.22785006E-02	 1.04733779E-01	 7.24776286E-02	 6.92219728E-02	-1.92240974E-01	-4.71877111E-02	-7.82775442E-04	-2.51341790E-04	-2.05900605E-05	-8.88701639E-07	-8.06478527E-03	-3.22401912E-02	-8.49183934E-02	-1.60225272E-01	-4.64474193E-01	-3.92463784E-02	-6.77282411E-04	 6.73832342E-05	 5.67043643E-06	-7.76132787E-07
 7.700000E-02	 6.56396436E-02	 1.13281515E-01	 8.11327952E-02	 8.12503601E-02	-2.04401325E-01	-5.25399724E-02	-8.69923661E-04	-2.95710088E-04	-2.45480017E-05	-1.06546563E-06	-7.23717712E-03	-3.25618223E-02	-9.07389704E-02	-1.76661882E-01	-5.28876064E-01	-4.55695196E-02	-7.88987378E-04	 7.24580778E-05	 6.23220688E-06	-9.11005603E-07
 7.800000E-02	 6.90401180E-02	 1.22287646E-01	 9.05868038E-02	 9.49731153E-02	-2.15763821E-01	-5.83128494E-02	-9.62748268E-04	-3.46880829E-04	-2.91731803E-05	-1.27015821E-06	-6.27417289E-03	-3.26550457E-02	-9.66752112E-02	-1.94291229E-01	-6.00769177E-01	-5.27620591E-02	-9.16258064E-04	 7.70675322E-05	 6.77157222E-06	-1.06491304E-06
 7.900000E-02	 7.24670990E-02	 1.31752971E-01	 1.00885281E-01	 1.10576410E-01	-2.25932140E-01	-6.45123635E-02	-1.06093995E-03	-4.05729488E-04	-3.45608669E-05	-1.50651783E-06	-5.17028368E-03	-3.24902170E-02	-1.02693315E-01	-2.13136566E-01	-6.80819976E-01	-6.09206466E-02	-1.06076465E-03	 8.09367056E-05	 7.26283702E-06	-1.23958303E-06
 8.000000E-02	 7.59066796E-02	 1.41675495E-01	 1.12073214E-01	 1.28260258E-01	-2.34440017E-01	-7.11399377E-02	-1.16403344E-03	-4.73218391E-04	-4.08171747E-05	-1.77881967E-06	-3.92071656E-03	-3.20364844E-02	-1.08754508E-01	-2.33212097E-01	-7.69726655E-01	-7.01494973E-02	-1.22428104E-03	 8.37277549E-05	 7.67351637E-06	-1.43674104E-06
 8.100000E-02	 7.93438976E-02	 1.52050175E-01	 1.24194473E-01	 1.48238761E-01	-2.40743471E-01	-7.81915677E-02	-1.27138092E-03	-5.50401098E-04	-4.80601543E-05	-2.09198786E-06	-2.52148478E-03	-3.12619494E-02	-1.14814821E-01	-2.54521442E-01	-8.68217355E-01	-8.05605839E-02	-1.40868284E-03	 8.50307491E-05	 7.96323321E-06	-1.65814712E-06
 8.200000E-02	 8.27627808E-02	 1.62868679E-01	 1.37291320E-01	 1.70740283E-01	-2.44212254E-01	-8.56567846E-02	-1.38211905E-03	-6.38426949E-04	-5.64210473E-05	-2.45174401E-06	-9.69522115E-04	-3.01338624E-02	-1.20824918E-01	-2.77056046E-01	-9.77048043E-01	-9.22737543E-02	-1.61593408E-03	 8.43551788E-05	 8.08248918E-06	-1.90569311E-06
 8.300000E-02	 8.61463889E-02	 1.74119122E-01	 1.51403812E-01	 1.96007372E-01	-2.44121064E-01	-9.35175807E-02	-1.49514385E-03	-7.38545274E-04	-6.60446632E-05	-2.86468045E-06	 7.37207275E-04	-2.86188313E-02	-1.26729897E-01	-3.00793289E-01	-1.09699854E+00	-1.05416927E-01	-1.84807904E-03	 8.11205229E-05	 7.97111266E-06	-2.18149958E-06
 8.400000E-02	 8.94768710E-02	 1.85785798E-01	 1.66569172E-01	 2.24296565E-01	-2.39640431E-01	-1.01747321E-01	-1.60908257E-03	-8.52109644E-04	-7.70897895E-05	-3.33831975E-06	 2.59959649E-03	-2.66830662E-02	-1.32469148E-01	-3.25694529E-01	-1.22886756E+00	-1.20126166E-01	-2.10722960E-03	 7.46446671E-05	 7.55649254E-06	-2.48786548E-06
 8.500000E-02	 9.27355417E-02	 1.97848946E-01	 1.82821121E-01	 2.55878038E-01	-2.29827148E-01	-1.10309568E-01	-1.72226358E-03	-9.80582011E-04	-8.97298667E-05	-3.88118331E-06	 4.61728322E-03	-2.42926606E-02	-1.37976267E-01	-3.51703053E-01	-1.37346685E+00	-1.36545649E-01	-2.39554765E-03	 6.41310868E-05	 6.75164500E-06	-2.82717847E-06
 8.600000E-02	 9.59029700E-02	 2.10284513E-01	 2.00189148E-01	 2.91035056E-01	-2.13614318E-01	-1.19156806E-01	-1.83268460E-03	-1.12553646E-03	-1.04153666E-04	-4.50287808E-06	 6.78853895E-03	-2.14139054E-02	-1.43179010E-01	-3.78741945E-01	-1.53161433E+00	-1.54827555E-01	-2.71522387E-03	 4.86549322E-05	 5.45313951E-06	-3.20178355E-06
 8.700000E-02	 9.89590843E-02	 2.23063942E-01	 2.18697747E-01	 3.30063204E-01	-1.89801089E-01	-1.28229089E-01	-1.93797898E-03	-1.28866249E-03	-1.20566004E-04	-5.21422443E-06	 9.11016125E-03	-1.80136378E-02	-1.47999314E-01	-4.06711850E-01	-1.70412604E+00	-1.75131867E-01	-3.06845295E-03	 2.71481671E-05	 3.53887583E-06	-3.61389321E-06
 8.800000E-02	 1.01883293E-01	 2.36153976E-01	 2.38365598E-01	 3.73269387E-01	-1.57042087E-01	-1.37452619E-01	-2.03538036E-03	-1.47176759E-03	-1.39188429E-04	-6.02740473E-06	 1.15773707E-02	-1.40596240E-02	-1.52353376E-01	-4.35488666E-01	-1.89180700E+00	-1.97626073E-01	-3.45740472E-03	-1.61612079E-06	 8.65687913E-07	-4.06548439E-06
 8.900000E-02	 1.04654620E-01	 2.49516491E-01	 2.59204710E-01	 4.20970575E-01	-1.13836514E-01	-1.46738275E-01	-2.12168512E-03	-1.67677922E-03	-1.60260031E-04	-6.95618827E-06	 1.41837140E-02	-9.52097755E-03	-1.56151810E-01	-4.64921176E-01	-2.09544092E+00	-2.22484789E-01	-3.88419126E-03	-3.90399003E-05	-2.73319909E-06	-4.55827499E-06
 9.000000E-02	 1.07251861E-01	 2.63108351E-01	 2.81219513E-01	 4.73492299E-01	-5.85166622E-02	-1.55980123E-01	-2.19321084E-03	-1.90574580E-03	-1.84038508E-04	-8.01615251E-06	 1.69209748E-02	-4.36861116E-03	-1.59299881E-01	-4.94828619E-01	-2.31577894E+00	-2.49889336E-01	-4.35083367E-03	-8.67165712E-05	-7.45098553E-06	-5.09378147E-06
 9.100000E-02	 1.09653747E-01	 2.76881306E-01	 3.04405942E-01	 5.31166953E-01	 1.07650139E-02	-1.65053720E-01	-2.24573886E-03	-2.16083636E-03	-2.10801893E-04	-9.22495752E-06	 1.97790984E-02	 1.42428844E-03	-1.61697818E-01	-5.24998232E-01	-2.55352787E+00	-2.80027218E-01	-4.85922678E-03	-1.46446353E-04	-1.35104423E-05	-5.67356261E-06
 9.200000E-02	 1.11839128E-01	 2.90781924E-01	 3.28750503E-01	 5.94331893E-01	 9.60509341E-02	-1.73813823E-01	-2.27444743E-03	-2.44434305E-03	-2.40850921E-04	-1.06024399E-05	 2.27461377E-02	 7.88178164E-03	-1.63241197E-01	-5.55182813E-01	-2.80933687E+00	-3.13091098E-01	-5.41105305E-03	-2.20248021E-04	-2.11678377E-05	-6.29971178E-06
 9.300000E-02	 1.13787182E-01	 3.04751560E-01	 3.54229223E-01	 6.63326588E-01	 1.99590866E-01	-1.82092211E-01	-2.27387897E-03	-2.75868396E-03	-2.74507452E-04	-1.21705303E-05	 2.58081864E-02	 1.50245957E-02	-1.63821479E-01	-5.85098113E-01	-3.08377930E+00	-3.49278214E-01	-6.00772686E-03	-3.10371340E-04	-3.07166653E-05	-6.97515364E-06
 9.400000E-02	 1.15477636E-01	 3.18726387E-01	 3.80806614E-01	 7.38489554E-01	 3.23854386E-01	-1.89695629E-01	-2.23790599E-03	-3.10640540E-03	-3.12112994E-04	-1.39531758E-05	 2.89493362E-02	 2.28695334E-02	-1.63326661E-01	-6.14420298E-01	-3.37733181E+00	-3.88789574E-01	-6.65032569E-03	-4.19314813E-04	-4.24920908E-05	-7.70355628E-06
 9.500000E-02	 1.16891002E-01	 3.32637477E-01	 4.08434635E-01	 8.20154926E-01	 4.71543930E-01	-1.96403590E-01	-2.15969623E-03	-3.49018495E-03	-3.54027963E-04	-1.59764088E-05	 3.21516574E-02	 3.14288666E-02	-1.61642050E-01	-6.42783518E-01	-3.69035101E+00	-4.31828847E-01	-7.33950420E-03	-5.49846166E-04	-5.68760896E-05	-8.48886976E-06
 9.600000E-02	 1.18008833E-01	 3.46410954E-01	 4.37051652E-01	 9.08648562E-01	 6.45608065E-01	-2.01965975E-01	-2.03167822E-03	-3.91283534E-03	-4.00631086E-04	-1.82683530E-05	 3.53952002E-02	 4.07097067E-02	-1.58651172E-01	-6.69777603E-01	-4.02304721E+00	-4.78601049E-01	-8.07539440E-03	-7.05024902E-04	-7.43031350E-05	-9.33491166E-06
 9.700000E-02	 1.18813987E-01	 3.59968208E-01	 4.66581404E-01	 1.00428361E+00	 8.49254877E-01	-2.06100456E-01	-1.84550894E-03	-4.37730960E-03	-4.52318747E-04	-2.08592307E-05	 3.86580203E-02	 5.07133571E-02	-1.54236836E-01	-6.94945918E-01	-4.37545480E+00	-5.29311040E-01	-8.85749093E-03	-8.88226802E-04	-9.52667267E-05	-1.02448020E-05
 9.800000E-02	 1.19290911E-01	 3.73226196E-01	 4.96931994E-01	 1.10735556E+00	 1.08596546E+00	-2.08489698E-01	-1.59204473E-03	-4.88670824E-03	-5.09503950E-04	-2.37813670E-05	 4.19162315E-02	 6.14346540E-02	-1.48282370E-01	-7.17783417E-01	-4.74739850E+00	-5.84161831E-01	-9.68451610E-03	-1.10317056E-03	-1.20326652E-04	-1.12204928E-05
 9.900000E-02	 1.19425930E-01	 3.86097829E-01	 5.27994920E-01	 1.21813669E+00	 1.35950772E+00	-2.08778391E-01	-1.26133347E-03	-5.44428940E-03	-5.72614999E-04	-2.70689064E-05	 4.51440887E-02	 7.28613017E-02	-1.40673020E-01	-7.37734992E-01	-5.13845455E+00	-6.43352720E-01	-1.05542628E-02	-1.35394791E-03	-1.50118054E-04	-1.22622514E-05
 1.000000E-01	 1.19207610E-01	 3.98492634E-01	 5.59644466E-01	 1.33687112E+00	 1.67395149E+00	-2.06569392E-01	-8.42652075E-04	-6.05348735E-03	-6.42093309E-04	-3.07574896E-05	 4.83141315E-02	 8.49732570E-02	-1.31297592E-01	-7.54194655E-01	-5.54790781E+00	-7.07077749E-01	-1.14634651E-02	-1.64506071E-03	-1.85362282E-04	-1.33681202E-05
 1.010000E-01	 1.18627230E-01	 4.10317944E-01	 5.91737810E-01	 1.46377143E+00	 2.03368617E+00	-2.01416372E-01	-3.24402241E-04	-6.71795043E-03	-7.18392962E-04	-3.48832434E-05	 5.13974238E-02	 9.77422628E-02	-1.20050353E-01	-7.66505841E-01	-5.97470872E+00	-7.75524019E-01	-1.24076771E-02	-1.98146185E-03	-2.26880035E-04	-1.45325339E-05
 1.020000E-01	 1.17678851E-01	 4.21478861E-01	 6.24113342E-01	 1.59900857E+00	 2.44342772E+00	-1.92819681E-01	 3.06031637E-04	-7.44154746E-03	-8.01975653E-04	-3.94824028E-05	 5.43636792E-02	 1.11131139E-01	-1.06832747E-01	-7.73958817E-01	-6.41741044E+00	-8.48863621E-01	-1.33808048E-02	-2.36866725E-03	-2.75612601E-04	-1.57385950E-05
 1.030000E-01	 1.16359409E-01	 4.31878250E-01	 6.56588804E-01	 1.74269849E+00	 2.90820929E+00	-1.80226285E-01	 1.06205385E-03	-8.22835247E-03	-8.93292170E-04	-4.45927927E-05	 5.71813776E-02	 1.25092864E-01	-9.15555938E-02	-7.75788556E-01	-6.87409141E+00	-9.27245452E-01	-1.43746493E-02	-2.81290282E-03	-3.32644494E-04	-1.69491282E-05
 1.040000E-01	 1.14669190E-01	 4.41418177E-01	 6.88961648E-01	 1.89489504E+00	 3.43337645E+00	-1.63025491E-01	 1.95754041E-03	-9.08265549E-03	-9.92764796E-04	-5.02568172E-05	 5.98181077E-02	 1.39570053E-01	-7.41418164E-02	-7.71176452E-01	-7.34228161E+00	-1.01079048E+00	-1.53786091E-02	-3.32120899E-03	-3.99223312E-04	-1.81042345E-05
 1.050000E-01	 1.12612175E-01	 4.50001150E-01	 7.21009163E-01	 2.05558052E+00	 4.02457676E+00	-1.40544150E-01	 3.00663196E-03	-1.00089534E-02	-1.10076888E-03	-5.65246899E-05	 6.22409280E-02	 1.54494467E-01	-5.45293110E-02	-7.59252409E-01	-7.81887519E+00	-1.09958521E+00	-1.63793226E-02	-3.90155333E-03	-4.76778912E-04	-1.91203584E-05
 1.060000E-01	 1.10196308E-01	 4.57531318E-01	 7.52488639E-01	 2.22465458E+00	 4.68773853E+00	-1.12042705E-01	 4.22345309E-03	-1.10119268E-02	-1.21760993E-03	-6.34578293E-05	 6.44167599E-02	 1.69786559E-01	-3.26740275E-02	-7.39097772E-01	-8.30003095E+00	-1.19367304E+00	-1.73602537E-02	-4.56296571E-03	-5.66942635E-04	-1.98882895E-05
 1.070000E-01	 1.07433742E-01	 4.63915815E-01	 7.83137906E-01	 2.40192215E+00	 5.42903633E+00	-7.67116093E-02	 5.62170921E-03	-1.20964067E-02	-1.34349489E-03	-7.11327238E-05	 6.63128405E-02	 1.85355133E-01	-8.55330476E-03	-7.09749699E-01	-8.78106116E+00	-1.29304404E+00	-1.83012547E-02	-5.31569711E-03	-6.71567284E-04	-2.02701580E-05
 1.080000E-01	 1.04341040E-01	 4.69066251E-01	 8.12676320E-01	 2.58708058E+00	 6.25483961E+00	-3.36682007E-02	 7.21415251E-03	-1.32673229E-02	-1.47849548E-03	-7.96456567E-05	 6.78972341E-02	 2.01097129E-01	 1.78305429E-02	-6.70207263E-01	-9.25630805E+00	-1.39762288E+00	-1.91781128E-02	-6.17140599E-03	-7.92746860E-04	-2.00954866E-05
 1.090000E-01	 1.00939326E-01	 4.72900354E-01	 8.40806283E-01	 2.77970588E+00	 7.17163966E+00	 1.80456261E-02	 9.01189227E-03	-1.45296282E-02	-1.62250250E-03	-8.91186696E-05	 6.91394056E-02	 2.16897571E-01	 4.64464119E-02	-6.19439623E-01	-9.71900765E+00	-1.50725484E+00	-1.99620963E-02	-7.14337522E-03	-9.32835586E-04	-1.91564090E-05
 1.100000E-01	 9.72543774E-02	 4.75343749E-01	 8.67215396E-01	 2.97923850E+00	 8.18594993E+00	 7.94645816E-02	 1.10235254E-02	-1.58881865E-02	-1.77516898E-03	-9.97071620E-05	 7.00108538E-02	 2.32629708E-01	 7.72304042E-02	-5.56396658E-01	-1.01611417E+01	-1.62168956E+00	-2.06195257E-02	-8.24676244E-03	-1.09446406E-03	-1.72020835E-05
 1.110000E-01	 9.33166297E-02	 4.76331895E-01	 8.91579408E-01	 3.18496877E+00	 9.30417364E+00	 1.51699493E-01	 1.32540591E-02	-1.73476154E-02	-1.93584110E-03	-1.11609663E-04	 7.04858045E-02	 2.48155402E-01	 1.10081691E-01	-4.80022565E-01	-1.05732792E+01	-1.74056185E+00	-2.11113879E-02	-9.49888362E-03	-1.28055105E-03	-1.39324578E-05
 1.120000E-01	 8.91610968E-02	 4.75812171E-01	 9.13566089E-01	 3.39602274E+00	 1.05324295E+01	 2.35934491E-01	 1.57035180E-02	-1.89120748E-02	-2.10347429E-03	-1.25080345E-04	 7.05419568E-02	 2.63325804E-01	 1.44858350E-01	-3.89273096E-01	-1.09444105E+01	-1.86336869E+00	-2.13930135E-02	-1.09195319E-02	-1.49430580E-03	-8.99148067E-06
 1.130000E-01	 8.48271485E-02	 4.73745951E-01	 9.32839913E-01	 3.61134690E+00	 1.18763141E+01	 3.33421094E-01	 1.83652617E-02	-2.05849689E-02	-2.27652729E-03	-1.40445518E-04	 7.01612628E-02	 2.77982332E-01	 1.81373319E-01	-2.83136781E-01	-1.12617795E+01	-1.98944401E+00	-2.14140747E-02	-1.25313357E-02	-1.73920727E-03	-1.95900519E-06
 1.140000E-01	 8.03581567E-02	 4.70110758E-01	 9.49067946E-01	 3.82969470E+00	 1.33405981E+01	 4.45466815E-01	 2.12239852E-02	-2.23685307E-02	-2.45284095E-03	-1.58126506E-04	 6.93307321E-02	 2.91958044E-01	 2.19390640E-01	-1.60660816E-01	-1.15107292E+01	-2.11793058E+00	-2.11188926E-02	-1.43601536E-02	-2.01896016E-03	 7.65778502E-06
 1.150000E-01	 7.58009861E-02	 4.64902435E-01	 9.61927014E-01	 4.04961548E+00	 1.49288476E+01	 5.73417203E-01	 2.42534141E-02	-2.42632623E-02	-2.62950554E-03	-1.78670340E-04	 6.80432396E-02	 3.05079429E-01	 2.58622243E-01	-2.09821992E-02	-1.16745748E+01	-2.24774892E+00	-2.04471877E-02	-1.64354843E-02	-2.33742096E-03	 2.04317381E-05
 1.160000E-01	 7.12053094E-02	 4.58137227E-01	 9.71112169E-01	 4.26944713E+00	 1.66429623E+01	 7.18629713E-01	 2.74137542E-02	-2.62671974E-02	-2.80272113E-03	-2.02789502E-04	 6.62983044E-02	 3.17168684E-01	 2.98725564E-01	 1.36635508E-01	-1.17345283E+01	-2.37756434E+00	-1.93354488E-02	-1.87908671E-02	-2.69848172E-03	 3.70197295E-05
 1.170000E-01	 6.66227314E-02	 4.49853699E-01	 9.76346482E-01	 4.48731405E+00	 1.84826250E+01	 8.82437382E-01	 3.06490002E-02	-2.83749519E-02	-2.96766050E-03	-2.31412313E-04	 6.41028022E-02	 3.28046501E-01	 3.39302398E-01	 3.12759610E-01	-1.16697022E+01	-2.50575333E+00	-1.77191175E-02	-2.14642293E-02	-3.10590031E-03	 5.81604732E-05
 1.180000E-01	 6.21057183E-02	 4.40114349E-01	 9.77392062E-01	 4.70113253E+00	 2.04446645E+01	 1.06610030E+00	 3.38842854E-02	-3.05765262E-02	-3.11834859E-03	-2.65745209E-04	 6.14715605E-02	 3.37535392E-01	 3.79899450E-01	 5.07740149E-01	-1.14572306E+01	-2.63037158E+00	-1.55358069E-02	-2.44981246E-02	-3.56306400E-03	 8.46621987E-05
 1.190000E-01	 5.77063362E-02	 4.29006800E-01	 9.74062097E-01	 4.90862599E+00	 2.25223406E+01	 1.27074295E+00	 3.70235484E-02	-3.28558337E-02	-3.24758039E-03	-3.07347989E-04	 5.84277797E-02	 3.45463544E-01	 4.20011116E-01	 7.21656959E-01	-1.10725519E+01	-2.74912673E+00	-1.27297670E-02	-2.79397794E-02	-4.07267552E-03	 1.17375217E-04
 1.200000E-01	 5.34748187E-02	 4.16644380E-01	 9.66233494E-01	 5.10735255E+00	 2.47045767E+01	 1.49727570E+00	 3.99477687E-02	-3.51889500E-02	-3.34690601E-03	-3.58221863E-04	 5.50032111E-02	 3.51669181E-01	 4.59085067E-01	 9.54263347E-01	-1.04899039E+01	-2.85936030E+00	-9.25780028E-03	-3.18408572E-02	-4.63635287E-03	 1.57142852E-04
 1.210000E-01	 4.94580006E-02	 4.03165839E-01	 9.53859231E-01	 5.29474419E+00	 2.69751730E+01	 1.74630338E+00	 4.25144206E-02	-3.75420904E-02	-3.40671814E-03	-4.20908707E-04	 5.12380090E-02	 3.56005242E-01	 4.96531017E-01	 1.20492866E+00	-9.68309140E+00	-2.95805177E+00	-5.09708446E-03	-3.62568546E-02	-5.25413959E-03	 2.04723361E-04
 1.220000E-01	 4.56976872E-02	 3.88733983E-01	 9.36979674E-01	 5.46815512E+00	 2.93121031E+01	 2.01803394E+00	 4.45604882E-02	-3.98692570E-02	-3.41648737E-03	-4.98595295E-04	 4.71802027E-02	 3.58344128E-01	 5.31732767E-01	 1.47258587E+00	-8.62656148E+00	-3.04186307E+00	-2.54377235E-04	-4.12458763E-02	-5.92397304E-03	 2.60672536E-04
 1.230000E-01	 4.22290595E-02	 3.73533397E-01	 9.15732608E-01	 5.62494095E+00	 3.16871357E+01	 2.31216158E+00	 4.59063806E-02	-4.21098512E-02	-3.36517360E-03	-5.95198110E-04	 4.28848801E-02	 3.58582680E-01	 5.64063974E-01	 1.75569605E+00	-7.29665873E+00	-3.10719131E+00	 5.22656965E-03	-4.68666350E-02	-6.64137862E-03	 3.25161621E-04
 1.240000E-01	 3.90792303E-02	 3.57767257E-01	 8.90360885E-01	 5.76255343E+00	 3.40657634E+01	 2.62776338E+00	 4.63625167E-02	-4.41867339E-02	-3.24179347E-03	-7.15389373E-04	 3.84130466E-02	 3.56647216E-01	 5.92907098E-01	 2.05222518E+00	-5.67306957E+00	-3.15025004E+00	 1.12574635E-02	-5.31756684E-02	-7.39922492E-03	 3.97745658E-04
 1.250000E-01	 3.62660618E-02	 3.41653448E-01	 8.61217314E-01	 5.87865419E+00	 3.64075262E+01	 2.96322525E+00	 4.57396629E-02	-4.60049892E-02	-3.03614856E-03	-8.64550882E-04	 3.38301470E-02	 3.52498599E-01	 6.17676035E-01	 2.35964368E+00	-3.74042248E+00	-3.16718008E+00	 1.76988668E-02	-6.02238618E-02	-8.18756439E-03	 4.77095973E-04
 1.260000E-01	 3.37972214E-02	 3.25418854E-01	 8.28762795E-01	 5.97122199E+00	 3.86667113E+01	 3.31618490E+00	 4.38621137E-02	-4.74513072E-02	-2.73966427E-03	-1.04865742E-03	 2.92041401E-02	 3.46135821E-01	 6.37839514E-01	 2.67494524E+00	-1.48993913E+00	-3.15418457E+00	 2.43559868E-02	-6.80522278E-02	-8.99362757E-03	 5.60714423E-04
 1.270000E-01	 3.16696351E-02	 3.09292455E-01	 7.93558117E-01	 6.03865461E+00	 4.07934919E+01	 3.68349720E+00	 4.05828336E-02	-4.83942148E-02	-2.34628698E-03	-1.27408346E-03	 2.46032918E-02	 3.37598175E-01	 6.52944765E-01	 2.99469021E+00	 1.07897039E+00	-3.10769184E+00	 3.09773441E-02	-7.66870916E-02	-9.80204165E-03	 6.44645797E-04
 1.280000E-01	 2.98694788E-02	 2.93498023E-01	 7.56250441E-01	 6.07986958E+00	 4.27355741E+01	 4.06124228E+00	 3.58002496E-02	-4.86855436E-02	-1.85338168E-03	-1.54731693E-03	 2.00938543E-02	 3.26966328E-01	 6.62640930E-01	 3.31508022E+00	 3.95731237E+00	-3.02453708E+00	 3.72573282E-02	-8.61349644E-02	-1.05953346E-02	 7.23207068E-04
 1.290000E-01	 2.83727270E-02	 2.78246460E-01	 7.17553651E-01	 6.09438929E+00	 4.44402925E+01	 4.44478156E+00	 2.94756161E-02	-4.81632888E-02	-1.26253724E-03	-1.87457327E-03	 1.57377220E-02	 3.14361770E-01	 6.66699855E-01	 3.63205992E+00	 7.12547820E+00	-2.90214924E+00	 4.28437223E-02	-9.63773600E-02	-1.13547452E-02	 7.88761739E-04
 1.300000E-01	 2.71462678E-02	 2.63728180E-01	 6.78223043E-01	 6.08240258E+00	 4.58570643E+01	 4.82886384E+00	 2.16493386E-02	-4.66559586E-02	-5.80172413E-04	-2.26131419E-03	 1.15902155E-02	 2.99944481E-01	 6.65032492E-01	 3.94144232E+00	 1.05527261E+01	-2.73873022E+00	 4.73506353E-02	-1.07365949E-01	-1.20613265E-02	 8.31573502E-04
 1.310000E-01	 2.61495517E-02	 2.50105987E-01	 6.39025450E-01	 6.04479472E+00	 4.69400568E+01	 5.20778249E+00	 1.24545781E-02	-4.39884040E-02	 1.82165910E-04	-2.71168739E-03	 7.69814702E-03	 2.83908792E-01	 6.57699205E-01	 4.23905120E+00	 1.41972966E+01	-2.53341247E+00	 5.03767280E-02	-1.19018513E-01	-1.26972940E-02	 8.39774655E-04
 1.320000E-01	 2.53366891E-02	 2.37508929E-01	 6.00706548E-01	 5.98313890E+00	 4.76508834E+01	 5.57558190E+00	 2.12655374E-03	-3.99889689E-02	 1.00791787E-03	-3.22791522E-03	 4.09832052E-03	 2.66477544E-01	 6.44912603E-01	 4.52087193E+00	 1.80072501E+01	-2.28638047E+00	 5.15285032E-02	-1.31216127E-01	-1.32475322E-02	 7.99481466E-04
 1.330000E-01	 2.46588454E-02	 2.26027638E-01	 5.63957774E-01	 5.89965277E+00	 4.79611157E+01	 5.92628709E+00	-8.99543696E-03	-3.44976787E-02	 1.87615844E-03	-3.80966468E-03	 8.16612263E-04	 2.47894882E-01	 6.27031941E-01	 4.78320443E+00	 2.19221007E+01	-1.99893747E+00	 5.04474469E-02	-1.43802024E-01	-1.37011894E-02	 6.95077716E-04
 1.340000E-01	 2.40667741E-02	 2.15711467E-01	 5.29385185E-01	 5.79711658E+00	 4.78543515E+01	 6.25415016E+00	-2.04738716E-02	-2.73750563E-02	 2.76276316E-03	-4.45345161E-03	-2.13231607E-03	 2.28418001E-01	 6.04548737E-01	 5.02280056E+00	 2.58751480E+01	-1.67350967E+00	 4.68386193E-02	-1.56582554E-01	-1.40531151E-02	 5.09690446E-04
 1.350000E-01	 2.35133042E-02	 2.06567666E-01	 4.97482655E-01	 5.67875810E+00	 4.73276299E+01	 6.55389572E+00	-3.17871703E-02	-1.85109437E-02	 3.64204085E-03	-5.15214087E-03	-4.74465948E-03	 2.08308366E-01	 5.78064562E-01	 5.23697654E+00	 2.97963507E+01	-1.31358602E+00	 4.04981367E-02	-1.69330449E-01	-1.43049523E-02	 2.25855309E-04
 1.360000E-01	 2.29556009E-02	 1.98562683E-01	 4.68611630E-01	 5.54811282E+00	 4.63920398E+01	 6.82094549E+00	-4.23519627E-02	-7.83265496E-03	 4.48873215E-03	-5.89460362E-03	-7.02650558E-03	 1.87822980E-01	 5.48262482E-01	 5.42369295E+00	 3.36155373E+01	-9.23596371E-01	 3.13368359E-02	-1.81790404E-01	-1.44657266E-02	-1.73652771E-04
 1.370000E-01	 2.23570353E-02	 1.91625497E-01	 4.42989075E-01	 5.40886998E+00	 4.50724407E+01	 7.05160444E+00	-5.15522778E-02	 4.68820520E-03	 5.28021257E-03	-6.66558404E-03	-8.99235972E-03	 1.67206267E-01	 5.15874246E-01	 5.58159680E+00	 3.72657036E+01	-5.08736260E-01	 1.93975764E-02	-1.93686807E-01	-1.45518136E-02	-7.04867347E-04
 1.380000E-01	 2.16885386E-02	 1.85652726E-01	 4.20684572E-01	 5.26471600E+00	 4.34063009E+01	 7.24319511E+00	-5.87736310E-02	 1.90308608E-02	 5.99869702E-03	-7.44581570E-03	-1.06632988E-02	 1.46683080E-01	 4.81645763E-01	 5.71002362E+00	 4.06861300E+01	-7.47518145E-02	 4.86409638E-03	-2.04733213E-01	-1.45862193E-02	-1.38161692E-03
 1.390000E-01	 2.09293680E-02	 1.80515120E-01	 4.01626625E-01	 5.11918675E+00	 4.14417461E+01	 7.39413129E+00	-6.34393216E-02	 3.51228832E-02	 6.63322254E-03	-8.21240527E-03	-1.20649223E-02	 1.26453239E-01	 4.46303556E-01	 5.80896152E+00	 4.38250639E+01	 3.72298269E-01	-1.19399063E-02	-2.14642991E-01	-1.45971874E-02	-2.21452274E-03
 1.400000E-01	 2.00672640E-02	 1.76064935E-01	 3.85617430E-01	 4.97553854E+00	 3.92349889E+01	 7.50392843E+00	-6.50459460E-02	 5.28403741E-02	 7.18119470E-03	-8.93948099E-03	-1.32252769E-02	 1.06687871E-01	 4.10524751E-01	 5.87898253E+00	 4.66417639E+01	 8.26285111E-01	-3.05617605E-02	-2.23140464E-01	-1.46162203E-02	-3.21008618E-03
 1.410000E-01	 1.90980375E-02	 1.72143688E-01	 3.72354697E-01	 4.83664713E+00	 3.68473666E+01	 7.57315083E+00	-6.31953422E-02	 7.20108345E-02	 7.64932186E-03	-9.59907389E-03	-1.41729213E-02	 8.75276632E-02	 3.74912756E-01	 5.92115016E+00	 4.91077701E+01	 1.28123462E+00	-5.04404056E-02	-2.29971764E-01	-1.46756846E-02	-4.36994102E-03
 1.420000E-01	 1.80247014E-02	 1.68589812E-01	 3.61458396E-01	 4.70494889E+00	 3.43422560E+01	 7.60331210E+00	-5.76196132E-02	 9.24186519E-02	 8.05378504E-03	-1.01621844E-02	-1.49352816E-02	 6.90830143E-02	 3.39980044E-01	 5.93690864E+00	 5.12073561E+01	 1.73151156E+00	-7.09355152E-02	-2.34914752E-01	-1.48062011E-02	-5.69033246E-03
 1.430000E-01	 1.68563134E-02	 1.65245327E-01	 3.52498142E-01	 4.58240353E+00	 3.17820902E+01	 7.59674815E+00	-4.81945402E-02	 1.13812539E-01	 8.41942027E-03	-1.05999664E-02	-1.55373897E-02	 5.14355966E-02	 3.06138497E-01	 5.92796433E+00	 5.29370776E+01	 2.17199785E+00	-9.13613518E-02	-2.37787543E-01	-1.50340459E-02	-7.16185052E-03
 1.440000E-01	 1.56066190E-02	 1.61961263E-01	 3.45019852E-01	 4.47047444E+00	 2.92256946E+01	 7.55643934E+00	-3.49434284E-02	 1.35914446E-01	 8.77818834E-03	-1.08849390E-02	-1.60010230E-02	 3.46410492E-02	 2.73697280E-01	 5.89618738E+00	 5.43045869E+01	 2.59823701E+00	-1.11022587E-01	-2.38454862E-01	-1.53788927E-02	-8.76945525E-03
 1.450000E-01	 1.42926565E-02	 1.58602184E-01	 3.38571080E-01	 4.37014555E+00	 2.67261961E+01	 7.48583582E+00	-1.80326929E-02	 1.58429849E-01	 9.16714811E-03	-1.09921922E-02	-1.63442688E-02	 1.87328013E-02	 2.42867929E-01	 5.84351635E+00	 5.53269584E+01	 3.00649717E+00	-1.29249519E-01	-2.36831777E-01	-1.58520780E-02	-1.04928394E-02
 1.460000E-01	 1.29334203E-02	 1.55049559E-01	 3.32722768E-01	 4.28196259E+00	 2.43295492E+01	 7.38869355E+00	 2.24147724E-03	 1.81058535E-01	 9.62608388E-03	-1.09004824E-02	-1.65814759E-02	 3.72646156E-03	 2.13774749E-01	 5.77187026E+00	 5.60286783E+01	 3.39378369E+00	-1.45429970E-01	-2.32884800E-01	-1.64554966E-02	-1.23070935E-02
 1.470000E-01	 1.15486567E-02	 1.51203758E-01	 3.27086018E-01	 4.20608195E+00	 2.20736601E+01	 7.26891508E+00	 2.54737642E-02	 2.03504893E-01	 1.01949756E-02	-1.05931168E-02	-1.67235215E-02	-1.03757304E-02	 1.86468836E-01	 5.68308181E+00	 5.64394662E+01	 3.75782422E+00	-1.59035680E-01	-2.26630531E-01	-1.71812003E-02	-1.41835930E-02
 1.480000E-01	 1.01578561E-02	 1.46984893E-01	 3.21323814E-01	 4.14232648E+00	 1.99880977E+01	 7.13041146E+00	 5.11750436E-02	 2.25487217E-01	 1.09115294E-02	-1.00585866E-02	-1.67783179E-02	-2.35806450E-02	 1.60944343E-01	 5.57885102E+00	 5.65921316E+01	 4.09702299E+00	-1.69641755E-01	-2.18132161E-01	-1.80117007E-02	-1.60910447E-02
 1.490000E-01	 8.77947056E-03	 1.42332666E-01	 3.15157862E-01	 4.09024329E+00	 1.80943084E+01	 6.97698913E+00	 7.88001570E-02	 2.46745577E-01	 1.18089693E-02	-9.29092576E-03	-1.67514724E-02	-3.59004495E-02	 1.37155322E-01	 5.46071695E+00	 5.65206149E+01	 4.41039310E+00	-1.76938423E-01	-2.07494267E-01	-1.89209150E-02	-1.79966176E-02
 1.500000E-01	 7.43034684E-03	 1.37205472E-01	 3.08371164E-01	 4.04915919E+00	 1.64062287E+01	 6.81226286E+00	 1.07775723E-01	 2.67047996E-01	 1.29142528E-02	-8.28979254E-03	-1.66470165E-02	-4.73494102E-02	 1.15031818E-01	 5.33004536E+00	 5.62583216E+01	 4.69747571E+00	-1.80735008E-01	-1.94856391E-01	-1.98756388E-02	-1.98670878E-02
 1.510000E-01	 6.12534509E-03	 1.31579008E-01	 3.00807343E-01	 4.01823345E+00	 1.49311670E+01	 6.63958863E+00	 1.37525699E-01	 2.86194684E-01	 1.42468265E-02	-7.06028746E-03	-1.64681332E-02	-5.79414052E-02	 9.44941277E-02	 5.18803171E+00	 5.58368158E+01	 4.95824928E+00	-1.80956739E-01	-1.80385865E-01	-2.08373955E-02	-2.16699249E-02
 1.520000E-01	 4.87712891E-03	 1.25444559E-01	 2.92367416E-01	 3.99650909E+00	 1.36708410E+01	 6.46201114E+00	 1.67493876E-01	 3.04020395E-01	 1.58179087E-02	-5.61254870E-03	-1.62178154E-02	-6.76882095E-02	 7.54641084E-02	 5.03571893E+00	 5.52848822E+01	 5.19302869E+00	-1.77636255E-01	-1.64270436E-01	-2.17645060E-02	-2.33742627E-02
 1.530000E-01	 3.69620829E-03	 1.18807037E-01	 2.83002944E-01	 3.98294633E+00	 1.26225178E+01	 6.28225613E+00	 1.97164622E-01	 3.20395525E-01	 1.76300654E-02	-3.96121532E-03	-1.58993833E-02	-7.65983913E-02	 5.78733810E-02	 4.87400516E+00	 5.46278897E+01	 5.40239742E+00	-1.70899701E-01	-1.46711288E-01	-2.26142709E-02	-2.49517496E-02
 1.540000E-01	 2.59107927E-03	 1.11683096E-01	 2.72708230E-01	 3.97644835E+00	 1.17801231E+01	 6.10273327E+00	 2.26078496E-01	 3.35225762E-01	 1.96773766E-02	-2.12474855E-03	-1.55168619E-02	-8.46768303E-02	 4.16684883E-02	 4.70366036E+00	 5.38874707E+01	 5.58714112E+00	-1.60949322E-01	-1.27916340E-01	-2.33450454E-02	-2.63772324E-02
 1.550000E-01	 1.56838786E-03	 1.04099455E-01	 2.61512973E-01	 3.97588161E+00	 1.11352295E+01	 5.92554504E+00	 2.53842044E-01	 3.48450462E-01	 2.19461465E-02	-1.24660282E-04	-1.50752227E-02	-9.19247491E-02	 2.68132441E-02	 4.52534693E+00	 5.30814654E+01	 5.74818695E+00	-1.48044956E-01	-1.08094202E-01	-2.39180501E-02	-2.76292506E-02
 1.560000E-01	 6.33088163E-04	 9.60914533E-02	 2.49475780E-01	 3.98009102E+00	 1.06778873E+01	 5.75250199E+00	 2.80132416E-01	 3.60040109E-01	 2.44159958E-02	 2.01529663E-03	-1.45805026E-02	-9.83401297E-02	 1.32888170E-02	 4.33964024E+00	 5.22240552E+01	 5.88655266E+00	-1.32485819E-01	-8.74490293E-02	-2.42988272E-02	-2.86903425E-02
 1.570000E-01	-2.11425121E-04	 8.77018536E-02	 2.36678717E-01	 3.98791079E+00	 1.03972859E+01	 5.58514197E+00	 3.04697685E-01	 3.69993167E-01	 2.70611837E-02	 4.26992654E-03	-1.40398165E-02	-1.03918402E-01	 1.09210597E-03	 4.14704853E+00	 5.13260208E+01	 6.00330438E+00	-1.14593648E-01	-6.61763231E-02	-2.44582991E-02	-2.95471731E-02
 1.580000E-01	-9.63218369E-04	 7.89798940E-02	 2.23222992E-01	 3.99817248E+00	 1.02822523E+01	 5.42475417E+00	 3.27354127E-01	 3.78332686E-01	 2.98520316E-02	 6.61334286E-03	-1.34612862E-02	-1.08653335E-01	-9.76704604E-03	 3.94803265E+00	 5.03950736E+01	 6.09952265E+00	-9.46979820E-02	-4.44597063E-02	-2.43734386E-02	-3.01905122E-02
 1.590000E-01	-1.62175505E-03	 6.99805837E-02	 2.09225782E-01	 4.00971699E+00	 1.03216073E+01	 5.27240634E+00	 3.47981366E-01	 3.85103073E-01	 3.27563603E-02	 9.01965464E-03	-1.28539090E-02	-1.12538120E-01	-1.92696074E-02	 3.74302397E+00	 4.94362481E+01	 6.17628258E+00	-7.31233202E-02	-2.24685588E-02	-2.40275931E-02	-3.06151038E-02
 1.600000E-01	-2.18786353E-03	 6.07639620E-02	 1.94817560E-01	 4.02139626E+00	 1.05043690E+01	 5.12895503E+00	 3.66515745E-01	 3.90366225E-01	 3.57407598E-02	 1.14635526E-02	-1.22273362E-02	-1.15566349E-01	-2.73919964E-02	 3.53243386E+00	 4.84521971E+01	 6.23463431E+00	-5.01787234E-02	-3.56414080E-04	-2.34104217E-02	-3.08193701E-02
 1.610000E-01	-2.66371701E-03	 5.13944626E-02	 1.80139846E-01	 4.03206641E+00	 1.08198411E+01	 4.99506051E+00	 3.82943292E-01	 3.94197758E-01	 3.87716605E-02	 1.39207649E-02	-1.15916111E-02	-1.17732964E-01	-3.41105728E-02	 3.31666676E+00	 4.74434458E+01	 6.27557999E+00	-2.61509050E-02	 2.17398193E-02	-2.25175599E-02	-3.08050357E-02
 1.620000E-01	-3.05282391E-03	 4.19405208E-02	 1.65343698E-01	 4.04059090E+00	 1.12576437E+01	 4.87121596E+00	 3.97293152E-01	 3.96684455E-01	 4.18163078E-02	 1.63684225E-02	-1.09569157E-02	-1.19035368E-01	-3.94057795E-02	 3.09613584E+00	 4.64087069E+01	 6.30006873E+00	-1.29927881E-03	 4.37001510E-02	-2.13501520E-02	-3.05767837E-02
 1.630000E-01	-3.36007156E-03	 3.24741771E-02	 1.50589086E-01	 4.04584976E+00	 1.18076689E+01	 4.75776127E+00	 4.09630168E-01	 3.97921669E-01	 4.48436110E-02	 1.87853419E-02	-1.03332993E-02	-1.19474536E-01	-4.32664052E-02	 2.87127918E+00	 4.53451402E+01	 6.30898327E+00	 2.41472075E-02	 6.54213982E-02	-1.99141986E-02	-3.01418557E-02
 1.640000E-01	-3.59175693E-03	 2.30706094E-02	 1.36044039E-01	 4.04674529E+00	 1.24599764E+01	 4.65489518E+00	 4.20048429E-01	 3.98011017E-01	 4.78247414E-02	 2.11522063E-02	-9.73038499E-03	-1.19056054E-01	-4.56938197E-02	 2.64257178E+00	 4.42485599E+01	 6.30313154E+00	 4.99912831E-02	 8.68166572E-02	-1.82198228E-02	-2.95096366E-02
 1.650000E-01	-3.75557807E-03	 1.38075705E-02	 1.21883231E-01	 4.04220686E+00	 1.32046450E+01	 4.56268769E+00	 4.28666275E-01	 3.97058544E-01	 5.07335007E-02	 2.34516550E-02	-9.15705533E-03	-1.17791131E-01	-4.67060317E-02	 2.41053638E+00	 4.31136141E+01	 6.28324230E+00	 7.60673001E-02	 1.07814497E-01	-1.62805169E-02	-2.86912501E-02
 1.660000E-01	-3.86057298E-03	 4.76470523E-03	 1.08285845E-01	 4.03119636E+00	 1.40315873E+01	 4.48109103E+00	 4.35622656E-01	 3.95173312E-01	 5.35464960E-02	 2.56682974E-02	-8.62112517E-03	-1.15697568E-01	-4.63415662E-02	 2.17575357E+00	 4.19339502E+01	 6.24996272E+00	 1.02240161E-01	 1.28357947E-01	-1.41123961E-02	-2.76991710E-02
 1.670000E-01	-3.91699125E-03	-3.97728025E-03	 9.54325682E-02	 4.01271453E+00	 1.49303309E+01	 4.40994873E+00	 4.41074789E-01	 3.92466380E-01	 5.62431607E-02	 2.77886608E-02	-8.12900831E-03	-1.12800674E-01	-4.46630692E-02	 1.93887120E+00	 4.07023801E+01	 6.20385762E+00	 1.28403313E-01	 1.48403311E-01	-1.17334715E-02	-2.65468568E-02
 1.680000E-01	-3.93608598E-03	-1.23376268E-02	 8.35015741E-02	 3.98580837E+00	 1.58897713E+01	 4.34900286E+00	 4.45196939E-01	 3.89050153E-01	 5.88056640E-02	 2.98010855E-02	-7.68539280E-03	-1.09134108E-01	-4.17604440E-02	 1.70061315E+00	 3.94110622E+01	 6.14541024E+00	 1.54475805E-01	 1.67918824E-01	-9.16294696E-03	-2.52484017E-02
 1.690000E-01	-3.92981717E-03	-2.02367250E-02	 7.26634373E-02	 3.94957999E+00	 1.68979025E+01	 4.29789931E+00	 4.48180122E-01	 3.85038044E-01	 6.12187470E-02	 3.16955804E-02	-7.29294327E-03	-1.04740607E-01	-3.77532605E-02	 1.46178729E+00	 3.80517200E+01	 6.07502423E+00	 1.80398352E-01	 1.86883152E-01	-6.42053852E-03	-2.38182058E-02
 1.700000E-01	-3.91046202E-03	-2.75975279E-02	 6.30749742E-02	 3.90319704E+00	 1.79415379E+01	 4.25619092E+00	 4.50232427E-01	 3.80544411E-01	 6.34695298E-02	 3.34636547E-02	-6.95205571E-03	-9.96725476E-02	-3.27921114E-02	 1.22329271E+00	 3.66159150E+01	 5.99302705E+00	 2.06128294E-01	 2.05283697E-01	-3.52581256E-03	-2.22706573E-02
 1.710000E-01	-3.89013507E-03	-3.43471645E-02	 5.48721518E-02	 3.84590451E+00	 1.90060413E+01	 4.22333937E+00	 4.51579634E-01	 3.75684713E-01	 6.55473347E-02	 3.50981428E-02	-6.66069402E-03	-9.39922822E-02	-2.70585541E-02	 9.86125668E-01	 3.50953947E+01	 5.89967635E+00	 2.31633354E-01	 2.23114726E-01	-4.97540443E-04	-2.06198199E-02
 1.720000E-01	-3.88024126E-03	-4.04187162E-02	 4.81625078E-02	 3.77703808E+00	 2.00750990E+01	 4.19871513E+00	 4.52465323E-01	 3.70575794E-01	 6.74435905E-02	 3.65930474E-02	-6.41433875E-03	-8.77721846E-02	-2.07632481E-02	 7.51383077E-01	 3.34825257E+01	 5.79517142E+00	 2.56884485E-01	 2.40375324E-01	 2.64692956E-03	-1.88791237E-02
 1.730000E-01	-3.89092257E-03	-4.57531322E-02	 4.30178814E-02	 3.69604534E+00	 2.11305665E+01	 4.18158797E+00	 4.53148756E-01	 3.65335721E-01	 6.91518439E-02	 3.79433962E-02	-6.20606655E-03	-8.10943329E-02	-1.41420779E-02	 5.20265329E-01	 3.17707995E+01	 5.67965843E+00	 2.81847830E-01	 2.57066938E-01	 5.89225459E-03	-1.70610428E-02
 1.740000E-01	-3.93049362E-03	-5.03011283E-02	 3.94675350E-02	 3.60249841E+00	 2.21523763E+01	 4.17111095E+00	 4.53900788E-01	 3.60082869E-01	 7.06677579E-02	 3.91450713E-02	-6.02677620E-03	-7.40496764E-02	-7.44991332E-03	 2.94080624E-01	 2.99553701E+01	 5.55322884E+00	 3.06474654E-01	 2.73190110E-01	 9.22555406E-03	-1.51767664E-02
 1.750000E-01	-4.00492459E-03	-5.40252049E-02	 3.74925606E-02	 3.49612542E+00	 2.31186741E+01	 4.16632475E+00	 4.55000284E-01	 3.54936284E-01	 7.19894960E-02	 4.01948366E-02	-5.86559192E-03	-6.67370485E-02	-9.52019484E-04	 7.42470122E-02	 2.80337800E+01	 5.41593613E+00	 3.30691435E-01	 2.88741985E-01	 1.26367476E-02	-1.32359683E-02
 1.760000E-01	-4.11740349E-03	-5.69016232E-02	 3.70219713E-02	 3.37685266E+00	 2.40061907E+01	 4.16616411E+00	 4.56728720E-01	 3.50015991E-01	 7.31183434E-02	 4.10905286E-02	-5.71041872E-03	-5.92616794E-02	 5.08600684E-03	-1.37726447E-01	 2.60067401E+01	 5.26783428E+00	 3.54392687E-01	 3.03714466E-01	 1.61188115E-02	-1.12465945E-02
 1.770000E-01	-4.26801119E-03	-5.89219280E-02	 3.79308550E-02	 3.24482619E+00	 2.47907266E+01	 4.16944549E+00	 4.59359980E-01	 3.45440915E-01	 7.40590995E-02	 4.18311622E-02	-5.54861845E-03	-5.17328860E-02	 1.04098421E-02	-3.40264171E-01	 2.38787494E+01	 5.10900286E+00	 3.77434247E-01	 3.18091203E-01	 1.96677884E-02	-9.21461538E-03
 1.780000E-01	-4.45358325E-03	-6.00940744E-02	 4.00416765E-02	 3.10043251E+00	 2.54478526E+01	 4.17486376E+00	 4.63148283E-01	 3.41326288E-01	 7.48205448E-02	 4.24171161E-02	-5.36779225E-03	-4.42613892E-02	 1.47893481E-02	-5.31747977E-01	 2.16586481E+01	 4.93957191E+00	 3.99627845E-01	 3.31844722E-01	 2.32825048E-02	-7.14387586E-03
 1.790000E-01	-4.66779329E-03	-6.04430640E-02	 4.31292195E-02	 2.94432267E+00	 2.59538460E+01	 4.18099908E+00	 4.68314844E-01	 3.37780815E-01	 7.54159868E-02	 4.28504301E-02	-5.15661312E-03	-3.69563455E-02	 1.80314517E-02	-7.10550723E-01	 1.93600417E+01	 4.75975598E+00	 4.20739097E-01	 3.44934348E-01	 2.69640127E-02	-5.03607095E-03
 1.800000E-01	-4.90147043E-03	-6.00109239E-02	 4.69290970E-02	 2.77743155E+00	 2.62868047E+01	 4.18633104E+00	 4.75033386E-01	 3.34903210E-01	 7.58637164E-02	 4.31351509E-02	-4.90563765E-03	-2.99221418E-02	 1.99918684E-02	-8.75080738E-01	 1.70014822E+01	 4.56989194E+00	 4.40489600E-01	 3.57304847E-01	 3.07147390E-02	-2.89085095E-03
 1.810000E-01	-5.14314718E-03	-5.88559501E-02	 5.11495800E-02	 2.60098879E+00	 2.64278727E+01	 4.18926228E+00	 4.83415717E-01	 3.32778248E-01	 7.61872773E-02	 4.32776917E-02	-4.60802451E-03	-2.32551149E-02	 2.05846673E-02	-1.02383509E+00	 1.46063423E+01	 4.37047637E+00	 4.58563523E-01	 3.68886034E-01	 3.45373579E-02	-7.06076959E-04
 1.820000E-01	-5.37980533E-03	-5.70511820E-02	 5.54860863E-02	 2.41651799E+00	 2.63624836E+01	 4.18815266E+00	 4.93498885E-01	 3.31472590E-01	 7.64154455E-02	 4.32871575E-02	-4.26009016E-03	-1.70403903E-02	 1.97886642E-02	-1.15545959E+00	 1.22023355E+01	 4.16219885E+00	 4.74618621E-01	 3.79593468E-01	 3.84334400E-02	 1.52176434E-03
 1.830000E-01	-5.59775570E-03	-5.46821114E-02	 5.96371405E-02	 2.22581818E+00	 2.60815155E+01	 4.18136676E+00	 5.05235569E-01	 3.31030791E-01	 7.65818435E-02	 4.31755982E-02	-3.86165300E-03	-1.13490562E-02	 1.76498646E-02	-1.26881231E+00	 9.82067906E+00	 3.94597264E+00	 4.88301533E-01	 3.89330529E-01	 4.24019995E-02	 3.79699765E-03
 1.840000E-01	-5.78359604E-03	-5.18437268E-02	 6.33208975E-02	 2.03093026E+00	 2.55822409E+01	 4.16732972E+00	 5.18488655E-01	 3.31471754E-01	 7.67241444E-02	 4.29581322E-02	-3.41611509E-03	-6.23586779E-03	 1.42795032E-02	-1.36302648E+00	 7.49490497E+00	 3.72295361E+00	 4.99266527E-01	 3.97991749E-01	 4.64380298E-02	 6.12406749E-03
 1.850000E-01	-5.92516552E-03	-4.86370352E-02	 6.62908601E-02	 1.83408668E+00	 2.48689600E+01	 4.14458933E+00	 5.33031092E-01	 3.32785983E-01	 7.68828548E-02	 4.26528979E-02	-2.93026243E-03	-1.73767053E-03	 9.84748354E-03	-1.43756811E+00	 5.25937697E+00	 3.49454466E+00	 5.07196353E-01	 4.05467293E-01	 5.05311656E-02	 8.50675540E-03
 1.860000E-01	-6.01240746E-03	-4.51652653E-02	 6.83493614E-02	 1.63764476E+00	 2.39532235E+01	 4.11188116E+00	 5.48551749E-01	 3.34934022E-01	 7.70997060E-02	 4.22808021E-02	-2.41379555E-03	 2.12731903E-03	 4.57157768E-03	-1.49228312E+00	 3.14761344E+00	 3.26238343E+00	 5.11823523E-01	 4.11648384E-01	 5.46646197E-02	 1.09473605E-02
 1.870000E-01	-6.03805821E-03	-4.15299853E-02	 6.93575443E-02	 1.44400574E+00	 2.28535816E+01	 4.06819079E+00	 5.64667233E-01	 3.37846282E-01	 7.74157169E-02	 4.18650413E-02	-1.87862980E-03	 5.35930821E-03	-1.29678865E-03	-1.52742890E+00	 1.19054784E+00	 3.02831195E+00	 5.12950102E-01	 4.16433274E-01	 5.88145268E-02	 1.34459085E-02
 1.880000E-01	-5.99809694E-03	-3.78273871E-02	 6.92409509E-02	 1.25552511E+00	 2.15948401E+01	 4.01280499E+00	 5.80938767E-01	 3.41424279E-01	 7.78690286E-02	 4.14303869E-02	-1.33803048E-03	 7.97580532E-03	-7.48888445E-03	-1.54368400E+00	-5.85122975E-01	 2.79432574E+00	 5.10463542E-01	 4.19733074E-01	 6.29497579E-02	 1.59994487E-02
 1.890000E-01	-5.89193569E-03	-3.41450869E-02	 6.79905510E-02	 1.07442453E+00	 2.02069102E+01	 3.94535888E+00	 5.96894753E-01	 3.45544220E-01	 7.84928545E-02	 4.10023594E-02	-8.05671170E-04	 1.00096683E-02	-1.37355825E-02	-1.54213445E+00	-2.15835755E+00	 2.56250970E+00	 5.04348199E-01	 4.21477785E-01	 6.70323791E-02	 1.86015231E-02
 1.900000E-01	-5.72232393E-03	-3.05595125E-02	 6.56588929E-02	 9.02703420E-01	 1.87232934E+01	 3.86586444E+00	 6.12055869E-01	 3.50061920E-01	 7.93135725E-02	 4.06062827E-02	-2.94697692E-04	 1.15064723E-02	-1.97839074E-02	-1.52424203E+00	-3.51482032E+00	 2.33497024E+00	 4.94691527E-01	 4.21621937E-01	 7.10187920E-02	 2.12419033E-02
 1.910000E-01	-5.49498310E-03	-2.71340147E-02	 6.23517860E-02	 7.42060105E-01	 1.71793043E+01	 3.77471067E+00	 6.25959743E-01	 3.54818459E-01	 8.03490253E-02	 4.02661999E-02	 1.83118269E-04	 1.25214041E-02	-2.54113135E-02	-1.49178726E+00	-4.64747690E+00	 2.11375114E+00	 4.81682167E-01	 4.20148094E-01	 7.48612724E-02	 2.39065539E-02
 1.920000E-01	-5.21803445E-03	-2.39178700E-02	 5.82168358E-02	 5.93832361E-01	 1.56102299E+01	 3.67264144E+00	 6.38184287E-01	 3.59646743E-01	 8.16073327E-02	 4.00038194E-02	 6.18054025E-04	 1.31159316E-02	-3.04365268E-02	-1.44679263E+00	-5.55667660E+00	 1.90074851E+00	 4.65600912E-01	 4.17068736E-01	 7.85099049E-02	 2.65778632E-02
 1.930000E-01	-4.90128825E-03	-2.09461515E-02	 5.34297751E-02	 4.58957446E-01	 1.40495973E+01	 3.56071811E+00	 6.48368071E-01	 3.64378653E-01	 8.30863532E-02	 3.98375956E-02	 1.00287482E-03	 1.33544797E-02	-3.47261676E-02	-1.39143180E+00	-6.24972156E+00	 1.69763999E+00	 4.46806446E-01	 4.12426879E-01	 8.19148658E-02	 2.92351610E-02
 1.940000E-01	-4.55547640E-03	-1.82403718E-02	 4.81803681E-02	 3.37958520E-01	 1.25276708E+01	 3.44026299E+00	 6.56225665E-01	 3.68851958E-01	 8.47737817E-02	 3.97819800E-02	 1.33303885E-03	 1.33013685E-02	-3.81971359E-02	-1.32793514E+00	-6.74000672E+00	 1.50582645E+00	 4.25716753E-01	 4.06294890E-01	 8.50287538E-02	 3.18554576E-02
 1.950000E-01	-4.19150370E-03	-1.58097655E-02	 4.26590501E-02	 2.30955841E-01	 1.10702841E+01	 3.31278926E+00	 6.61557060E-01	 3.72916510E-01	 8.66478656E-02	 3.98468995E-02	 1.60667697E-03	 1.30181741E-02	-4.08151093E-02	-1.25849836E+00	-7.04583352E+00	 1.32639049E+00	 4.02787868E-01	 3.98771679E-01	 8.78087745E-02	 3.44143409E-02
 1.960000E-01	-3.81978240E-03	-1.36530436E-02	 3.70453274E-02	 1.37699798E-01	 9.69807308E+00	 3.17992438E+00	 6.64250964E-01	 3.76439410E-01	 8.86786689E-02	 4.00374955E-02	 1.82437507E-03	 1.25616392E-02	-4.25897151E-02	-1.18519990E+00	-7.18902079E+00	 1.16007505E+00	 3.78491910E-01	 3.89978614E-01	 9.02186230E-02	 3.68869603E-02
 1.970000E-01	-3.44969769E-03	-1.17604278E-02	 3.14987049E-02	 5.76217069E-02	 8.42613360E+00	 3.04333309E+00	 6.64282321E-01	 3.79308861E-01	 9.08297602E-02	 4.03541316E-02	 1.98880538E-03	 1.19821971E-02	-4.35672362E-02	-1.10993269E+00	-7.19344661E+00	 1.00728237E+00	 3.53296151E-01	 3.80054537E-01	 9.22299347E-02	 3.92490219E-02
 1.980000E-01	-3.08923171E-03	-1.01157806E-02	 2.61525464E-02	-1.01030742E-02	 7.26407959E+00	 2.90464585E+00	 6.61704902E-01	 3.81436579E-01	 9.30601699E-02	 4.07926522E-02	 2.10426159E-03	 1.13231109E-02	-4.38218430E-02	-1.03435387E+00	-7.08364738E+00	 8.68091764E-01	 3.27644601E-01	 3.69150283E-01	 9.38232220E-02	 4.14777216E-02
 1.990000E-01	-2.74475306E-03	-8.69866243E-03	 2.11109280E-02	-6.64854515E-02	 6.21644319E+00	 2.76539722E+00	 6.56640128E-01	 3.82758777E-01	 9.53264562E-02	 4.13448565E-02	 2.17615461E-03	 1.06201778E-02	-4.34463549E-02	-9.59853976E-01	-6.88357938E+00	 7.42292944E-01	 3.01943149E-01	 3.57423111E-01	 9.49882627E-02	 4.35525536E-02
 2.000000E-01	-2.42096281E-03	-7.48619981E-03	 1.64482240E-02	-1.12652214E-01	 5.28333732E+00	 2.62697987E+00	 6.49264132E-01	 3.83236201E-01	 9.75848191E-02	 4.19991780E-02	 2.21052204E-03	 9.90191673E-03	-4.25434792E-02	-8.87546310E-01	-6.61562377E+00	 6.29431186E-01	 2.76549045E-01	 3.45031744E-01	 9.57240490E-02	 4.54559914E-02
 2.010000E-01	-2.12097112E-03	-6.45467514E-03	 1.22107444E-02	-1.49783455E-01	 4.46128536E+00	 2.49062036E+00	 6.39795310E-01	 3.82853862E-01	 9.97932378E-02	 4.27415571E-02	 2.21359219E-03	 9.19012454E-03	-4.12181670E-02	-8.18274789E-01	-6.29988215E+00	 5.28860048E-01	 2.51765468E-01	 3.32132707E-01	 9.60385222E-02	 4.71740909E-02
 2.020000E-01	-1.84645607E-03	-5.58072979E-03	 8.41990964E-03	-1.79058790E-01	 3.74407943E+00	 2.35735206E+00	 6.28477823E-01	 3.81617363E-01	 1.01912669E-01	 4.35560798E-02	 2.19141246E-03	 8.50060409E-03	-3.95710934E-02	-7.52629259E-01	-5.95371069E+00	 4.39791818E-01	 2.27838331E-01	 3.18875150E-01	 9.59473097E-02	 4.86965955E-02
 2.030000E-01	-1.59788660E-03	-4.84224945E-03	 5.07676264E-03	-2.01609137E-01	 3.12362756E+00	 2.22799831E+00	 6.15565728E-01	 3.79548417E-01	 1.03907815E-01	 4.44255734E-02	 2.14957912E-03	 7.84405751E-03	-3.76941134E-02	-6.90973291E-01	-5.59151679E+00	 3.61345907E-01	 2.04956090E-01	 3.05396391E-01	 9.54720563E-02	 5.00167642E-02
 2.040000E-01	-1.37478366E-03	-4.21898901E-03	 2.16672589E-03	-2.18482710E-01	 2.59075245E+00	 2.10318615E+00	 6.01313485E-01	 3.76682751E-01	 1.05748203E-01	 4.53324362E-02	 2.09307203E-03	 7.22707373E-03	-3.56676912E-02	-6.33483079E-01	-5.22481300E+00	 2.92596858E-01	 1.83254273E-01	 2.91820822E-01	 9.46393154E-02	 5.11313626E-02
 2.050000E-01	-1.17597491E-03	-3.69290357E-03	-3.35930059E-04	-2.30625228E-01	 2.13585737E+00	 1.98336476E+00	 5.85967672E-01	 3.73067271E-01	 1.07408732E-01	 4.62593031E-02	 2.02616611E-03	 6.65304750E-03	-3.35596092E-02	-5.80185991E-01	-4.86242184E+00	 2.32613457E-01	 1.62821491E-01	 2.78259046E-01	 9.34792869E-02	 5.20404595E-02
 2.060000E-01	-9.99827227E-04	-3.24825414E-03	-2.46401538E-03	-2.38869970E-01	 1.74944684E+00	 1.86882643E+00	 5.69760406E-01	 3.68757022E-01	 1.08869809E-01	 4.71895631E-02	 1.95241036E-03	 6.12299957E-03	-3.14248081E-02	-5.30996798E-01	-4.51078469E+00	 1.80488765E-01	 1.43706122E-01	 2.64807424E-01	 9.20245125E-02	 5.27470816E-02
 2.070000E-01	-8.44444855E-04	-2.87155215E-03	-4.25399266E-03	-2.43936169E-01	 1.42250274E+00	 1.75973013E+00	 5.52904928E-01	 3.63812419E-01	 1.10117217E-01	 4.81077591E-02	 1.87465895E-03	 5.63627388E-03	-2.93061303E-02	-4.85750518E-01	-4.17432814E+00	 1.35361886E-01	 1.25923287E-01	 2.51548216E-01	 9.03086894E-02	 5.32568040E-02
 2.080000E-01	-7.07827157E-04	-2.55139877E-03	-5.74330344E-03	-2.46433863E-01	 1.14672716E+00	 1.65612562E+00	 5.35593115E-01	 3.58296848E-01	 1.11141780E-01	 4.89998730E-02	 1.79513708E-03	 5.19110198E-03	-2.72356340E-02	-4.44230483E-01	-3.85584421E+00	 9.64321620E-02	 1.09461631E-01	 2.38550190E-01	 8.83656488E-02	 5.35773150E-02
 2.090000E-01	-5.87985492E-04	-2.27826412E-03	-6.96843663E-03	-2.46873059E-01	 9.14672455E-01	 1.55797631E+00	 5.17994545E-01	 3.52274670E-01	 1.11938884E-01	 4.98535036E-02	 1.71552572E-03	 4.78503959E-03	-2.52361975E-02	-4.06190996E-01	-3.55685184E+00	 6.29669253E-02	 9.42895566E-02	 2.25869555E-01	 8.62285221E-02	 5.37179794E-02
 2.100000E-01	-4.83023067E-04	-2.04424265E-03	-7.96365684E-03	-2.45675251E-01	 7.19783523E-01	 1.46517990E+00	 5.00256744E-01	 3.45809619E-01	 1.12507918E-01	 5.06579534E-02	 1.63705276E-03	 4.41528894E-03	-2.33231886E-02	-3.71374587E-01	-3.27791864E+00	 3.43041526E-02	 8.03606672E-02	 2.13551101E-01	 8.39290944E-02	 5.36894240E-02
 2.110000E-01	-3.91183766E-04	-1.84280935E-03	-8.76027304E-03	-2.43185750E-01	 5.56377579E-01	 1.37758608E+00	 4.82506267E-01	 3.38963593E-01	 1.12851674E-01	 5.14042405E-02	 1.56058123E-03	 4.07892538E-03	-2.15060459E-02	-3.39524351E-01	-3.01893220E+00	 9.85141861E-03	 6.76183469E-02	 2.01629426E-01	 8.14973379E-02	 5.35031592E-02
 2.120000E-01	-3.10876810E-04	-1.66859364E-03	-9.38631757E-03	-2.39685716E-01	 4.19583544E-01	 1.29501140E+00	 4.64850377E-01	 3.31795834E-01	 1.12975788E-01	 5.20850627E-02	 1.48668917E-03	 3.77304868E-03	-1.97896808E-02	-3.10392183E-01	-2.77931862E+00	-1.09177247E-02	 5.59994587E-02	 1.90130210E-01	 7.89611101E-02	 5.31712527E-02
 2.130000E-01	-2.40683233E-04	-1.51718016E-03	-9.86652839E-03	-2.35403475E-01	 3.05258910E-01	 1.21725155E+00	 4.47379172E-01	 3.24362531E-01	 1.12888252E-01	 5.26947480E-02	 1.41573891E-03	 3.49487865E-03	-1.81756792E-02	-2.83743916E-01	-2.55821134E+00	-2.84692473E-02	 4.54371818E-02	 1.79071461E-01	 7.63460057E-02	 5.27060700E-02
 2.140000E-01	-1.79351585E-04	-1.38493873E-03	-1.02225500E-02	-2.30524767E-01	 2.09901090E-01	 1.14408948E+00	 4.30167187E-01	 3.16716133E-01	 1.12598800E-01	 5.32290879E-02	 1.34793174E-03	 3.24180115E-03	-1.66632196E-02	-2.59361400E-01	-2.35457084E+00	-4.32128470E-02	 3.58635730E-02	 1.68464719E-01	 7.36752948E-02	 5.21200286E-02
 2.150000E-01	-1.25786668E-04	-1.26887586E-03	-1.04731283E-02	-2.25199863E-01	 1.30555721E-01	 1.07530095E+00	 4.13274853E-01	 3.08904887E-01	 1.12118368E-01	 5.36851636E-02	 1.28335254E-03	 3.01139688E-03	-1.52498102E-02	-2.37043708E-01	-2.16727184E+00	-5.55088919E-02	 2.72108762E-02	 1.58315735E-01	 7.09698056E-02	 5.14253297E-02
 2.160000E-01	-7.90340266E-05	-1.16651726E-03	-1.06344283E-02	-2.19550414E-01	 6.47333240E-02	 1.01066008E+00	 3.96750520E-01	 3.00972957E-01	 1.11458756E-01	 5.40612308E-02	 1.22200419E-03	 2.80145149E-03	-1.39318694E-02	-2.16607242E-01	-1.99516544E+00	-6.56740575E-02	 1.94126902E-02	 1.48625481E-01	 6.82480257E-02	 5.06338307E-02
 2.170000E-01	-3.82637668E-05	-1.07581302E-03	-1.07203618E-02	-2.13675159E-01	 1.03363849E-02	 9.49943375E-01	 3.80632224E-01	 2.92960540E-01	 1.10632333E-01	 5.43565922E-02	 1.16383320E-03	 2.60995328E-03	-1.27051315E-02	-1.97884878E-01	-1.83711913E+00	-7.39862525E-02	 1.24048674E-02	 1.39391056E-01	 6.55262469E-02	 4.97569505E-02
 2.180000E-01	-2.75499547E-06	-9.95060011E-04	-1.07428795E-02	-2.07654283E-01	-3.44036481E-02	 8.92932338E-01	 3.64949160E-01	 2.84903988E-01	 1.09651758E-01	 5.45714594E-02	 1.10874851E-03	 2.43508390E-03	-1.15649365E-02	-1.80724805E-01	-1.69204154E+00	-8.06892718E-02	 6.12606218E-03	 1.30606399E-01	 6.28186998E-02	 4.88055852E-02
 2.190000E-01	 2.81186317E-05	-9.22839038E-04	-1.07122360E-02	-2.01552867E-01	-7.09797518E-02	 8.39415188E-01	 3.49722968E-01	 2.76835960E-01	 1.08529760E-01	 5.47068239E-02	 1.05663513E-03	 2.27520515E-03	-1.05064412E-02	-1.64989279E-01	-1.55889701E+00	-8.59969437E-02	 5.18064716E-04	 1.22262896E-01	 6.01377031E-02	 4.77900482E-02
 2.200000E-01	 5.49018189E-05	-8.57964177E-04	-1.06372252E-02	-1.95423628E-01	-1.00654031E-01	 7.89188045E-01	 3.34968874E-01	 2.68785620E-01	 1.07278957E-01	 5.47643354E-02	 1.00736397E-03	 2.12884433E-03	-9.52476674E-03	-1.50553373E-01	-1.43671322E+00	-9.00967926E-02	-4.47401967E-03	 1.14349913E-01	 5.74938181E-02	 4.67200325E-02
 2.210000E-01	 7.80689335E-05	-7.99441741E-04	-1.05253844E-02	-1.89309101E-01	-1.24494887E-01	 7.42055701E-01	 3.20696678E-01	 2.60778855E-01	 1.05911716E-01	 5.47461928E-02	 9.60798789E-04	 1.99467950E-03	-8.61510022E-03	-1.37303761E-01	-1.32458435E+00	-9.31532574E-02	-8.90170266E-03	 1.06855244E-01	 5.48960053E-02	 4.56045901E-02
 2.220000E-01	 9.80337432E-05	-7.46437363E-04	-1.03831727E-02	-1.83243440E-01	-1.43407927E-01	 6.97832143E-01	 3.06911653E-01	 2.52838518E-01	 1.04440050E-01	 5.46550468E-02	 9.16801058E-04	 1.87152514E-03	-7.77276077E-03	-1.25137535E-01	-1.22167143E+00	-9.53105120E-02	-1.28131220E-02	 9.97655018E-02	 5.23517791E-02	 4.44521277E-02
 2.230000E-01	 1.15158069E-04	-6.98248558E-04	-1.02161302E-02	-1.77254054E-01	-1.58161867E-01	 6.56340617E-01	 2.93615232E-01	 2.44984608E-01	 1.02875517E-01	 5.44939003E-02	 8.75233235E-04	 1.75831867E-03	-6.99323627E-03	-1.13961143E-01	-1.12720028E+00	-9.66949879E-02	-1.62530764E-02	 9.30664389E-02	 4.98673549E-02	 4.32704065E-02
 2.240000E-01	 1.29758710E-04	-6.54278259E-04	-1.00289590E-02	-1.71362129E-01	-1.69409078E-01	 6.17410974E-01	 2.80804445E-01	 2.37233470E-01	 1.01228726E-01	 5.42657937E-02	 8.35957399E-04	 1.65410155E-03	-6.27218095E-03	-1.03689065E-01	-1.04045405E+00	-9.74170320E-02	-1.92630258E-02	 8.67428634E-02	 4.74475879E-02	 4.20663774E-02
 2.250000E-01	 1.42113302E-04	-6.14014555E-04	-9.82560326E-03	-1.65582908E-01	-1.77703010E-01	 5.80879220E-01	 2.68472257E-01	 2.29597840E-01	 9.95091866E-02	 5.39736680E-02	 7.98836896E-04	 1.55800847E-03	-5.60548684E-03	-9.42434834E-02	-9.60769421E-01	-9.75725621E-02	-2.18812824E-02	 8.07788065E-02	 4.50960445E-02	 4.08461522E-02
 2.260000E-01	 1.52466548E-04	-5.77023891E-04	-9.60945999E-03	-1.59928129E-01	-1.83514737E-01	 5.46593431E-01	 2.56610819E-01	 2.22089388E-01	 9.77262828E-02	 5.36208312E-02	 7.63745622E-04	 1.46927278E-03	-4.98936394E-03	-8.55546231E-02	-8.87542991E-01	-9.72457157E-02	-2.41433605E-02	 7.51585658E-02	 4.28155855E-02	 3.96154391E-02
 2.270000E-01	 1.61035214E-04	-5.42940614E-04	-9.38350116E-03	-1.54407526E-01	-1.87245823E-01	 5.14414007E-01	 2.45212186E-01	 2.14719193E-01	 9.58894017E-02	 5.32109981E-02	 7.30568457E-04	 1.38721687E-03	-4.42027632E-03	-7.75595556E-02	-8.20227936E-01	-9.65105555E-02	-2.60820747E-02	 6.98669583E-02	 4.06085563E-02	 3.83796388E-02
 2.280000E-01	 1.68011449E-04	-5.11452068E-04	-9.15027599E-03	-1.49028457E-01	-1.89238350E-01	 4.84209817E-01	 2.34267103E-01	 2.07496617E-01	 9.40073825E-02	 5.27479549E-02	 6.99196661E-04	 1.31123420E-03	-3.89488980E-03	-7.02008772E-02	-7.58324662E-01	-9.54319503E-02	-2.77276370E-02	 6.48889340E-02	 3.84766155E-02	 3.71436396E-02
 2.290000E-01	 1.73566039E-04	-4.82289575E-04	-8.91195919E-03	-1.43796086E-01	-1.89783883E-01	 4.55857506E-01	 2.23765160E-01	 2.00429379E-01	 9.20884788E-02	 5.22354980E-02	 6.69527560E-04	 1.24078017E-03	-3.41008240E-03	-6.34262164E-02	-7.01376555E-01	-9.40665988E-02	-2.91078575E-02	 6.02096264E-02	 3.64207914E-02	 3.59118256E-02
 2.300000E-01	 1.77851155E-04	-4.55221706E-04	-8.67040474E-03	-1.38713758E-01	-1.89130947E-01	 4.29241138E-01	 2.13695047E-01	 1.93523713E-01	 9.01403667E-02	 5.16774001E-02	 6.41464339E-04	 1.17536500E-03	-2.96293889E-03	-5.71877716E-02	-6.48966287E-01	-9.24639972E-02	-3.02483023E-02	 5.58144370E-02	 3.44415636E-02	 3.46881071E-02
 2.310000E-01	 1.81002778E-04	-4.30048333E-04	-8.42719177E-03	-1.33783371E-01	-1.87491334E-01	 4.04251771E-01	 2.04044747E-01	 1.86784509E-01	 8.81701532E-02	 5.10773786E-02	 6.14915805E-04	 1.11454785E-03	-2.55074271E-03	-5.14419142E-02	-6.00712286E-01	-9.06672859E-02	-3.11724423E-02	 5.16890997E-02	 3.25389343E-02	 3.34759491E-02
 2.320000E-01	 1.83142808E-04	-4.06595451E-04	-8.18366426E-03	-1.29005651E-01	-1.85045437E-01	 3.80786942E-01	 1.94801673E-01	 1.80215408E-01	 8.61843790E-02	 5.04390645E-02	 5.89796203E-04	 1.05793204E-03	-2.17096816E-03	-4.61488922E-02	-5.56265443E-01	-8.87139920E-02	-3.19017973E-02	 4.78197230E-02	 3.07124892E-02	 3.22783978E-02
 2.330000E-01	 1.84380500E-04	-3.84711259E-04	-7.94095768E-03	-1.24380274E-01	-1.81946616E-01	 3.58750526E-01	 1.85952885E-01	 1.73818984E-01	 8.41890563E-02	 4.97659915E-02	 5.66024975E-04	 1.00516095E-03	-1.82126362E-03	-4.12723883E-02	-5.15306834E-01	-8.66367016E-02	-3.24560765E-02	 4.41928464E-02	 2.89614644E-02	 3.10981158E-02
 2.340000E-01	 1.84813859E-04	-3.64262600E-04	-7.70002512E-03	-1.19906017E-01	-1.78325038E-01	 3.38052478E-01	 1.77485256E-01	 1.67596876E-01	 8.21896999E-02	 4.90615852E-02	 5.43526518E-04	 9.55913634E-04	-1.49944466E-03	-3.67791862E-02	-4.77545441E-01	-8.44636621E-02	-3.28533183E-02	 4.07954748E-02	 2.72848017E-02	 2.99374148E-02
 2.350000E-01	 1.84531104E-04	-3.45132407E-04	-7.46167208E-03	-1.15581139E-01	-1.74291112E-01	 3.18608825E-01	 1.69385749E-01	 1.61550047E-01	 8.01914243E-02	 4.83291935E-02	 5.22230225E-04	 9.09901181E-04	-1.20348384E-03	-3.26388914E-02	-4.42716235E-01	-8.22192736E-02	-3.31100076E-02	 3.76151638E-02	 2.56812323E-02	 2.87983166E-02
 2.360000E-01	 1.83611837E-04	-3.27216070E-04	-7.22657216E-03	-1.11403479E-01	-1.69938959E-01	 3.00341142E-01	 1.61641453E-01	 1.55678857E-01	 7.81989615E-02	 4.75720791E-02	 5.02070160E-04	 8.66863909E-04	-9.31497805E-04	-2.88237797E-02	-4.10577699E-01	-7.99248168E-02	-3.32412707E-02	 3.46399565E-02	 2.41492894E-02	 2.76825618E-02
 2.370000E-01	 1.82127592E-04	-3.10419223E-04	-6.99527347E-03	-1.07370318E-01	-1.65348501E-01	 2.83175606E-01	 1.54239327E-01	 1.49982841E-01	 7.62165331E-02	 4.67933205E-02	 4.82983722E-04	 8.26566714E-04	-6.81733263E-04	-2.53084544E-02	-3.80908824E-01	-7.75987055E-02	-3.32609268E-02	 3.18583165E-02	 2.26872941E-02	 2.65915791E-02
 2.380000E-01	 1.80142541E-04	-2.94657238E-04	-6.76821752E-03	-1.03478503E-01	-1.60586922E-01	 2.67042853E-01	 1.47166325E-01	 1.44460807E-01	 7.42478744E-02	 4.59958016E-02	 4.64911388E-04	 7.88795937E-04	-4.52559174E-04	-2.20695316E-02	-3.53507400E-01	-7.52565677E-02	-3.31815093E-02	 2.92592051E-02	 2.12934185E-02	 2.55265263E-02
 2.390000E-01	 1.77714446E-04	-2.79853631E-04	-6.54575625E-03	-9.97245924E-02	-1.55710729E-01	 2.51877978E-01	 1.40409597E-01	 1.39111064E-01	 7.22963382E-02	 4.51822580E-02	 4.47797172E-04	 7.53358052E-04	-2.42465098E-04	-1.90855782E-02	-3.28188768E-01	-7.29117500E-02	-3.30144319E-02	 2.68320864E-02	 1.99657274E-02	 2.44883348E-02
 2.400000E-01	 1.74895310E-04	-2.65939087E-04	-6.32816634E-03	-9.61049609E-02	-1.50767356E-01	 2.37620269E-01	 1.33956545E-01	 1.33931502E-01	 7.03649231E-02	 4.43552780E-02	 4.31588403E-04	 7.20077458E-04	-5.00517598E-05	-1.63369426E-02	-3.04784270E-01	-7.05756172E-02	-3.27700799E-02	 2.45669219E-02	 1.87022060E-02	 2.34777320E-02
 2.410000E-01	 1.71731941E-04	-2.52850535E-04	-6.11566029E-03	-9.26158652E-02	-1.45796499E-01	 2.24212935E-01	 1.27794856E-01	 1.28919649E-01	 6.84562963E-02	 4.35173033E-02	 4.16235513E-04	 6.88794560E-04	 1.25977433E-04	-1.38055902E-02	-2.83139783E-01	-6.82577992E-02	-3.24578946E-02	 2.24541607E-02	 1.75007815E-02	 2.24952613E-02
 2.420000E-01	 1.68266458E-04	-2.40530379E-04	-5.90839539E-03	-8.92534929E-02	-1.40831243E-01	 2.11602845E-01	 1.21912520E-01	 1.24072722E-01	 6.65728164E-02	 4.26706296E-02	 4.01691837E-04	 6.59364101E-04	 2.86824140E-04	-1.14749593E-02	-2.63114393E-01	-6.59664064E-02	-3.20864508E-02	 2.04847274E-02	 1.63593425E-02	 2.15413005E-02
 2.430000E-01	 1.64536719E-04	-2.28925807E-04	-5.70648094E-03	-8.60139959E-02	-1.35899004E-01	 1.99740302E-01	 1.16297861E-01	 1.19387682E-01	 6.47165555E-02	 4.18174094E-02	 3.87913420E-04	 6.31653574E-04	 4.33602141E-04	-9.32983105E-03	-2.44579204E-01	-6.37082200E-02	-3.16635288E-02	 1.86500091E-02	 1.52757560E-02	 2.06160789E-02
 2.440000E-01	 1.60576701E-04	-2.17988271E-04	-5.50998458E-03	-8.28934987E-02	-1.31022332E-01	 1.88578810E-01	 1.10939541E-01	 1.14861271E-01	 6.28893194E-02	 4.09596549E-02	 3.74858819E-04	 6.05541589E-04	 5.67340553E-04	-7.35624634E-03	-2.27416229E-01	-6.14888491E-02	-3.11961875E-02	 1.69418372E-02	 1.42478786E-02	 1.97196922E-02
 2.450000E-01	 1.56417253E-04	-2.07674168E-04	-5.31895696E-03	-7.98882820E-02	-1.26219970E-01	 1.78075342E-01	 1.05826861E-01	 1.10490360E-01	 6.10928390E-02	 4.00993545E-02	 3.62489998E-04	 5.80918090E-04	 6.88984277E-04	-5.54146360E-03	-2.11517920E-01	-5.93130369E-02	-3.06909314E-02	 1.53525016E-02	 1.32735975E-02	 1.88521658E-02
 2.460000E-01	 1.52087299E-04	-1.97946137E-04	-5.13346980E-03	-7.69953800E-02	-1.21508336E-01	 1.68191209E-01	 1.00950423E-01	 1.06272673E-01	 5.93291798E-02	 3.92387384E-02	 3.50774439E-04	 5.57687541E-04	 7.99424291E-04	-3.87371970E-03	-1.96787550E-01	-5.71852181E-02	-3.01539376E-02	 1.38748277E-02	 1.23509290E-02	 1.80135879E-02
 2.470000E-01	 1.47612383E-04	-1.88769796E-04	-4.95355251E-03	-7.42118592E-02	-1.16900595E-01	 1.58889884E-01	 9.63009708E-02	 1.02205591E-01	 5.76000875E-02	 3.83798460E-02	 3.39680841E-04	 5.35761520E-04	 8.99518991E-04	-2.34185175E-03	-1.83136146E-01	-5.51089311E-02	-2.95907132E-02	 1.25020161E-02	 1.14778990E-02	 1.72039215E-02
 2.480000E-01	 1.43013769E-04	-1.80111388E-04	-4.77915242E-03	-7.15340392E-02	-1.12406208E-01	 1.50135465E-01	 9.18685436E-02	 9.82852985E-02	 5.59065076E-02	 3.75241972E-02	 3.29176329E-04	 5.15052870E-04	 9.90061263E-04	-9.35455727E-04	-1.70480131E-01	-5.30864800E-02	-2.90059663E-02	 1.12274797E-02	 1.06524243E-02	 1.64228554E-02
 2.490000E-01	 1.38309939E-04	-1.71939918E-04	-4.61018948E-03	-6.89580659E-02	-1.08032189E-01	 1.41894004E-01	 8.76433302E-02	 9.45077075E-02	 5.42490856E-02	 3.66731110E-02	 3.19229296E-04	 4.95479437E-04	 1.07177191E-03	 3.54998283E-04	-1.58742333E-01	-5.11194404E-02	-2.84038980E-02	 1.00449617E-02	 9.87242630E-03	 1.56699676E-02
 2.500000E-01	 1.33517142E-04	-1.64227132E-04	-4.44657043E-03	-6.64801397E-02	-1.03783644E-01	 1.34133745E-01	 8.36158974E-02	 9.08687057E-02	 5.26283093E-02	 3.58277936E-02	 3.09810051E-04	 4.76965326E-04	 1.14531512E-03	 1.53825315E-03	-1.47851902E-01	-4.92088765E-02	-2.77882829E-02	 8.94856454E-03	 9.13587386E-03	 1.49447781E-02
 2.510000E-01	 1.28649606E-04	-1.56947105E-04	-4.28818970E-03	-6.40965217E-02	-9.96640875E-02	 1.26825006E-01	 7.97771947E-02	 8.73641844E-02	 5.10445263E-02	 3.49893458E-02	 3.00890751E-04	 4.59440616E-04	 1.21130573E-03	 2.62235316E-03	-1.37743861E-01	-4.73554260E-02	-2.71625050E-02	 7.93273515E-03	 8.44078959E-03	 1.42467590E-02
 2.520000E-01	 1.23719686E-04	-1.50076207E-04	-4.13493057E-03	-6.18035217E-02	-9.56757395E-02	 1.19940085E-01	 7.61185651E-02	 8.39900698E-02	 4.94979645E-02	 3.41587730E-02	 2.92445303E-04	 4.42840774E-04	 1.27031319E-03	 3.61473736E-03	-1.28358685E-01	-4.55593745E-02	-2.65295970E-02	 6.99224994E-03	 7.78525445E-03	 1.35753445E-02
 2.530000E-01	 1.18738121E-04	-1.43592867E-04	-3.98666970E-03	-5.95975564E-02	-9.18197272E-02	 1.13453070E-01	 7.26317129E-02	 8.07423172E-02	 4.79887355E-02	 3.33369856E-02	 2.84449248E-04	 4.27105980E-04	 1.32286360E-03	 4.52227281E-03	-1.19641700E-01	-4.38206993E-02	-2.58922670E-02	 6.12219502E-03	 7.16740797E-03	 1.29299350E-02
 2.540000E-01	 1.13714208E-04	-1.37477412E-04	-3.84327894E-03	-5.74751790E-02	-8.80962534E-02	 1.07339701E-01	 6.93086887E-02	 7.76169186E-02	 4.65168431E-02	 3.25248023E-02	 2.76879678E-04	 4.12180912E-04	 1.36944503E-03	 5.35130543E-03	-1.11542606E-01	-4.21391111E-02	-2.52529234E-02	 5.31795109E-03	 6.58545063E-03	 1.23099035E-02
 2.550000E-01	 1.08655786E-04	-1.31711371E-04	-3.70461795E-03	-5.54329893E-02	-8.45046373E-02	 1.01577088E-01	 6.61417681E-02	 7.46097886E-02	 4.50821192E-02	 3.17229033E-02	 2.69714735E-04	 3.98013961E-04	 1.41051099E-03	 6.10768473E-03	-1.04014925E-01	-4.05140509E-02	-2.46136623E-02	 4.57516681E-03	 6.03763425E-03	 1.17145809E-02
 2.560000E-01	 1.03568975E-04	-1.26277318E-04	-3.57052477E-03	-5.34673626E-02	-8.10430829E-02	 9.61432468E-02	 6.31231967E-02	 7.17164969E-02	 4.36840629E-02	 3.09317132E-02	 2.62932577E-04	 3.84555284E-04	 1.44646986E-03	 6.79674174E-03	-9.70153108E-02	-3.89445657E-02	-2.39762123E-02	 3.88972447E-03	 5.52223629E-03	 1.11432156E-02
 2.570000E-01	 9.84590868E-05	-1.21160541E-04	-3.44084648E-03	-5.15748225E-02	-7.77091538E-02	 9.10177727E-02	 6.02456532E-02	 6.89327833E-02	 4.23221499E-02	 3.01516123E-02	 2.56512904E-04	 3.71758513E-04	 1.47769119E-03	 7.42340723E-03	-9.05040853E-02	-3.74294861E-02	-2.33420815E-02	 3.25780159E-03	 5.03762158E-03	 1.05950721E-02
 2.580000E-01	 9.33312383E-05	-1.16348327E-04	-3.31545289E-03	-4.97523260E-02	-7.45005065E-02	 8.61821226E-02	 5.75025103E-02	 6.62549019E-02	 4.09960539E-02	 2.93830980E-02	 2.50438299E-04	 3.59583062E-04	 1.50452103E-03	 7.99221101E-03	-8.44452590E-02	-3.59677881E-02	-2.27127343E-02	 2.67582629E-03	 4.58224681E-03	 1.00694725E-02
 2.590000E-01	 8.81898720E-05	-1.11829193E-04	-3.19421798E-03	-4.79970389E-02	-7.14145908E-02	 8.16190270E-02	 5.48875096E-02	 6.36792681E-02	 3.97054408E-02	 2.86266399E-02	 2.44692800E-04	 3.47991961E-04	 1.52728581E-03	 8.50736110E-03	-7.88057592E-02	-3.45584120E-02	-2.20894792E-02	 2.14044995E-03	 4.15463664E-03	 9.56574736E-03
 2.600000E-01	 8.30386938E-05	-1.07592816E-04	-3.07701616E-03	-4.63062477E-02	-6.84485851E-02	 7.73122929E-02	 5.23946692E-02	 6.12023709E-02	 3.84499203E-02	 2.78826452E-02	 2.39261490E-04	 3.36950965E-04	 1.54628983E-03	 8.97277871E-03	-7.35550614E-02	-3.32002103E-02	-2.14734563E-02	 1.64853066E-03	 3.75337488E-03	 9.08322429E-03
 2.610000E-01	 7.78807603E-05	-1.03629945E-04	-2.96372328E-03	-4.46773593E-02	-6.55994308E-02	 7.32467261E-02	 5.00182696E-02	 5.88207731E-02	 3.72290505E-02	 2.71514612E-02	 2.34130431E-04	 3.26428250E-04	 1.56181542E-03	 9.39211284E-03	-6.86649551E-02	-3.18919601E-02	-2.08656528E-02	 1.19712078E-03	 3.37710273E-03	 8.62123048E-03
 2.620000E-01	 7.27185814E-05	-9.99321955E-05	-2.85421758E-03	-4.31079118E-02	-6.28638622E-02	 6.94080461E-02	 4.77528340E-02	 5.65311059E-02	 3.60423397E-02	 2.64333767E-02	 2.29286614E-04	 3.16394293E-04	 1.57412456E-03	 9.76874294E-03	-6.41093242E-02	-3.06323725E-02	-2.02669145E-02	 7.83455384E-04	 3.02451719E-03	 8.17909421E-03
 2.630000E-01	 6.75541553E-05	-9.64920216E-05	-2.74837914E-03	-4.15955406E-02	-6.02384786E-02	 6.57828540E-02	 4.55931316E-02	 5.43300823E-02	 3.48892575E-02	 2.57286296E-02	 2.24717921E-04	 3.06821863E-04	 1.58346096E-03	 1.01058106E-02	-5.98640327E-02	-2.94201132E-02	-1.96779621E-02	 4.04942850E-04	 2.69437089E-03	 7.75614837E-03
 2.640000E-01	 6.23890351E-05	-9.33024091E-05	-2.64608804E-03	-4.01379704E-02	-5.77198078E-02	 6.23585781E-02	 4.35341686E-02	 5.22144967E-02	 3.37692380E-02	 2.50374079E-02	 2.20413041E-04	 2.97685950E-04	 1.59005313E-03	 1.04062560E-02	-5.59067976E-02	-2.82538208E-02	-1.90993974E-02	 5.91578788E-05	 2.38547320E-03	 7.35173305E-03
 2.650000E-01	 5.72241434E-05	-9.03561709E-05	-2.54721095E-03	-3.87328416E-02	-5.53040583E-02	 5.91231375E-02	 4.15709772E-02	 5.01809803E-02	 3.26815240E-02	 2.43597338E-02	 2.16360309E-04	 2.88961994E-04	 1.59410773E-03	 1.06727865E-02	-5.22168109E-02	-2.71319752E-02	-1.85316199E-02	-2.56161739E-04	 2.09668133E-03	 6.96516500E-03
 2.660000E-01	 5.20599011E-05	-8.76461601E-05	-2.45160666E-03	-3.73776706E-02	-5.29871351E-02	 5.60648891E-02	 3.96985933E-02	 4.82259928E-02	 3.16251616E-02	 2.36954582E-02	 2.12547557E-04	 2.80625396E-04	 1.59580006E-03	 1.09077858E-02	-4.87745632E-02	-2.60529090E-02	-1.79748533E-02	-5.43134789E-04	 1.82689007E-03	 6.59573417E-03
 2.670000E-01	 4.68969012E-05	-8.51664634E-05	-2.35915777E-03	-3.60702511E-02	-5.07652527E-02	 5.31732220E-02	 3.79124996E-02	 4.63463675E-02	 3.05993586E-02	 2.30445274E-02	 2.08964415E-04	 2.72654765E-04	 1.59529171E-03	 1.11134198E-02	-4.55622652E-02	-2.50151153E-02	-1.74293569E-02	-8.03749361E-04	 1.57505237E-03	 6.24278001E-03
 2.680000E-01	 4.17359087E-05	-8.29119982E-05	-2.26976618E-03	-3.48087120E-02	-4.86349769E-02	 5.04385405E-02	 3.62086477E-02	 4.45393426E-02	 2.96035129E-02	 2.24070067E-02	 2.05602428E-04	 2.65032338E-04	 1.59274447E-03	 1.12917651E-02	-4.25638022E-02	-2.40172568E-02	-1.68954213E-02	-1.03985838E-03	 1.34018871E-03	 5.90570141E-03
 2.690000E-01	 3.65775231E-05	-8.08776841E-05	-2.18333517E-03	-3.35912908E-02	-4.65929506E-02	 4.78518549E-02	 3.45831953E-02	 4.28022582E-02	 2.86370209E-02	 2.17829387E-02	 2.02453764E-04	 2.57742070E-04	 1.58831248E-03	 1.14447730E-02	-3.97643017E-02	-2.30580233E-02	-1.63732729E-02	-1.25319360E-03	 1.12136868E-03	 5.58391293E-03
 2.700000E-01	 3.14221657E-05	-7.90586477E-05	-2.09977035E-03	-3.24163021E-02	-4.46358823E-02	 4.54047176E-02	 3.30324784E-02	 4.11325352E-02	 2.76992670E-02	 2.11723367E-02	 1.99511083E-04	 2.50769204E-04	 1.58213940E-03	 1.15742645E-02	-3.71499932E-02	-2.21361197E-02	-1.58630786E-02	-1.44537610E-03	 9.17705496E-04	 5.27684158E-03
 2.710000E-01	 2.62700949E-05	-7.74502492E-05	-2.01898003E-03	-3.12821309E-02	-4.27605482E-02	 4.30891877E-02	 3.15530033E-02	 3.95276742E-02	 2.67896267E-02	 2.05751867E-02	 1.96767494E-04	 2.44100145E-04	 1.57435888E-03	 1.16819350E-02	-3.47081153E-02	-2.12502691E-02	-1.53649520E-02	-1.61792310E-03	 7.28354354E-04	 4.98392731E-03
 2.720000E-01	 2.11214253E-05	-7.60480461E-05	-1.94087522E-03	-3.01872289E-02	-4.09637950E-02	 4.08977990E-02	 3.01414382E-02	 3.79852541E-02	 2.59074686E-02	 1.99914499E-02	 1.94216514E-04	 2.37722362E-04	 1.56509526E-03	 1.17693595E-02	-3.24268363E-02	-2.03992156E-02	-1.48789593E-02	-1.77225412E-03	 5.52510890E-04	 4.70462357E-03
 2.730000E-01	 1.59761348E-05	-7.48478763E-05	-1.86537037E-03	-2.91301047E-02	-3.92425401E-02	 3.88235307E-02	 2.87946061E-02	 3.65029315E-02	 2.50521567E-02	 1.94210650E-02	 1.91852036E-04	 2.31624244E-04	 1.55446340E-03	 1.18379965E-02	-3.02951829E-02	-1.95817257E-02	-1.44051258E-02	-1.90969788E-03	 3.89408809E-04	 4.43839737E-03
 2.740000E-01	 1.08340995E-05	-7.38462324E-05	-1.79238944E-03	-2.81093855E-02	-3.75938566E-02	 3.68598739E-02	 2.75095463E-02	 3.50785255E-02	 2.42231122E-02	 1.88639959E-02	 1.89668754E-04	 2.25795500E-04	 1.54257176E-03	 1.18892275E-02	-2.83030432E-02	-1.87966293E-02	-1.39434739E-02	-2.03150134E-03	 2.38319381E-04	 4.18474039E-03
 2.750000E-01	 5.69507263E-06	-7.30401092E-05	-1.72186864E-03	-2.71239349E-02	-3.60151313E-02	 3.50009250E-02	 2.62836046E-02	 3.37101404E-02	 2.34199029E-02	 1.83203033E-02	 1.87662886E-04	 2.20228091E-04	 1.52953255E-03	 1.19244246E-02	-2.64411908E-02	-1.80428960E-02	-1.34940725E-02	-2.13884224E-03	 9.85520474E-05	 3.94318387E-03
 2.760000E-01	 5.58472508E-07	-7.24259390E-05	-1.65373756E-03	-2.61726267E-02	-3.45037920E-02	 3.32410291E-02	 2.51141867E-02	 3.23958671E-02	 2.26420417E-02	 1.77899904E-02	 1.85830686E-04	 2.14914484E-04	 1.51545294E-03	 1.19448630E-02	-2.47009565E-02	-1.73195039E-02	-1.30569324E-02	-2.23282880E-03	-3.05553334E-05	 3.71325847E-03
 2.770000E-01	-4.57652721E-06	-7.19999479E-05	-1.58791503E-03	-2.52542035E-02	-3.30570989E-02	 3.15746316E-02	 2.39986453E-02	 3.11336344E-02	 2.18888830E-02	 1.72729192E-02	 1.84167421E-04	 2.09846146E-04	 1.50042411E-03	 1.19516915E-02	-2.30741179E-02	-1.66253235E-02	-1.26319426E-02	-2.31448076E-03	-1.49631682E-04	 3.49448294E-03
 2.780000E-01	-9.71087264E-06	-7.17587303E-05	-1.52432204E-03	-2.43674164E-02	-3.16723551E-02	 2.99964732E-02	 2.29344298E-02	 2.99214085E-02	 2.11597610E-02	 1.67689189E-02	 1.82668433E-04	 2.05014795E-04	 1.48452680E-03	 1.19459655E-02	-2.15530080E-02	-1.59592311E-02	-1.22189576E-02	-2.38474873E-03	-2.59275146E-04	 3.28638679E-03
 2.790000E-01	-1.48455983E-05	-7.16991191E-05	-1.46288239E-03	-2.35110592E-02	-3.03469545E-02	 2.85016069E-02	 2.19191117E-02	 2.87572281E-02	 2.04540170E-02	 1.62778078E-02	 1.81329322E-04	 2.00412714E-04	 1.46783503E-03	 1.19286545E-02	-2.01305046E-02	-1.53201359E-02	-1.18178136E-02	-2.44451967E-03	-3.60052964E-04	 3.08851502E-03
 2.800000E-01	-1.99818100E-05	-7.18181018E-05	-1.40352204E-03	-2.26839633E-02	-2.90783880E-02	 2.70853789E-02	 2.09503782E-02	 2.76392038E-02	 1.97710006E-02	 1.57993945E-02	 1.80145930E-04	 1.96032751E-04	 1.45041727E-03	 1.19006406E-02	-1.87999950E-02	-1.47069812E-02	-1.14283300E-02	-2.49462065E-03	-4.52502543E-04	 2.90042812E-03
 2.810000E-01	-2.51206855E-05	-7.21128642E-05	-1.34616873E-03	-2.18849678E-02	-2.78642587E-02	 2.57434183E-02	 2.00260316E-02	 2.65655195E-02	 1.91100729E-02	 1.53334807E-02	 1.79114312E-04	 1.91868302E-04	 1.43233717E-03	 1.18627197E-02	-1.75553511E-02	-1.41187486E-02	-1.10503149E-02	-2.53582307E-03	-5.37132953E-04	 2.72170218E-03
 2.820000E-01	-3.02635051E-05	-7.25811369E-05	-1.29075274E-03	-2.11128832E-02	-2.67023044E-02	 2.44716404E-02	 1.91439937E-02	 2.55344415E-02	 1.84706142E-02	 1.48798678E-02	 1.78230695E-04	 1.87913152E-04	 1.41365221E-03	 1.18156166E-02	-1.63909157E-02	-1.35544651E-02	-1.06835734E-02	-2.56884795E-03	-6.14427181E-04	 2.55192913E-03
 2.830000E-01	-3.54117703E-05	-7.32216093E-05	-1.23721488E-03	-2.03666060E-02	-2.55904449E-02	 2.32662839E-02	 1.83023506E-02	 2.45443906E-02	 1.78520806E-02	 1.44384043E-02	 1.77492138E-04	 1.84161978E-04	 1.39441776E-03	 1.17600212E-02	-1.53014669E-02	-1.30132417E-02	-1.03279442E-02	-2.59438149E-03	-6.84848586E-04	 2.39072247E-03
 2.840000E-01	-4.05675046E-05	-7.40339163E-05	-1.18550783E-03	-1.96452447E-02	-2.45268990E-02	 2.21239956E-02	 1.74994352E-02	 2.35940567E-02	 1.72540915E-02	 1.40090579E-02	 1.76897529E-04	 1.80611583E-04	 1.37469983E-03	 1.16966980E-02	-1.42822555E-02	-1.24943331E-02	-9.98334420E-03	-2.61308806E-03	-7.48842771E-04	 2.23772898E-03
 2.850000E-01	-4.57328565E-05	-7.50173187E-05	-1.13557571E-03	-1.89478850E-02	-2.35098711E-02	 2.10415409E-02	 1.67336069E-02	 2.26821020E-02	 1.66762157E-02	 1.35917430E-02	 1.76445495E-04	 1.77258655E-04	 1.35456163E-03	 1.16263916E-02	-1.33288241E-02	-1.19969700E-02	-9.64963393E-03	-2.62557243E-03	-8.06824031E-04	 2.09260323E-03
 2.860000E-01	-5.09097651E-05	-7.61706298E-05	-1.08735340E-03	-1.82734530E-02	-2.25373979E-02	 2.00156510E-02	 1.60031309E-02	 2.18070090E-02	 1.61178617E-02	 1.31862318E-02	 1.76133225E-04	 1.74098434E-04	 1.33404850E-03	 1.15496831E-02	-1.24368587E-02	-1.15202942E-02	-9.32657295E-03	-2.63237879E-03	-8.59180929E-04	 1.95498827E-03
 2.870000E-01	-5.61001519E-05	-7.74931323E-05	-1.04078039E-03	-1.76208769E-02	-2.16075382E-02	 1.90432111E-02	 1.53063275E-02	 2.09672830E-02	 1.55784244E-02	 1.27922731E-02	 1.75957814E-04	 1.71126150E-04	 1.31319823E-03	 1.14670743E-02	-1.16023027E-02	-1.10634572E-02	-9.01390592E-03	-2.63401203E-03	-9.06281859E-04	 1.82453653E-03
 2.880000E-01	-6.13059330E-05	-7.89843598E-05	-9.95800394E-04	-1.69891227E-02	-2.07184131E-02	 1.81212856E-02	 1.46415969E-02	 2.01614870E-02	 1.50573117E-02	 1.24096142E-02	 1.75916511E-04	 1.68337425E-04	 1.29204569E-03	 1.13790209E-02	-1.08213731E-02	-1.06256402E-02	-8.71137519E-03	-2.63094118E-03	-9.48474654E-04	 1.70091420E-03
 2.890000E-01	-6.65290020E-05	-8.06440022E-05	-9.52361038E-04	-1.63772011E-02	-1.98682094E-02	 1.72471070E-02	 1.40074161E-02	 1.93882394E-02	 1.45539455E-02	 1.20380015E-02	 1.76006707E-04	 1.65728273E-04	 1.27062341E-03	 1.12859509E-02	-1.00905425E-02	-1.02060547E-02	-8.41872157E-03	-2.62360146E-03	-9.86087297E-04	 1.58380102E-03
 2.900000E-01	-7.17712198E-05	-8.24718750E-05	-9.10414140E-04	-1.57841867E-02	-1.90551799E-02	 1.64180661E-02	 1.34023352E-02	 1.86462134E-02	 1.40677612E-02	 1.16771815E-02	 1.76225933E-04	 1.63295075E-04	 1.24896144E-03	 1.11882861E-02	-9.40651787E-03	-9.80394098E-03	-8.13568507E-03	-2.61239634E-03	-1.01942880E-03	 1.47288993E-03
 2.910000E-01	-7.70343572E-05	-8.44674362E-05	-8.69912751E-04	-1.52092655E-02	-1.82776242E-02	 1.56316871E-02	 1.28249666E-02	 1.79341236E-02	 1.35982006E-02	 1.13268949E-02	 1.76571813E-04	 1.61034525E-04	 1.22708819E-03	 1.10864527E-02	-8.76621365E-03	-9.41856255E-03	-7.86199788E-03	-2.59769625E-03	-1.04878780E-03	 1.36788676E-03
 2.920000E-01	-8.23193237E-05	-8.66286049E-05	-8.30803663E-04	-1.46516424E-02	-1.75336825E-02	 1.48854562E-02	 1.22738524E-02	 1.72505494E-02	 1.31445800E-02	 1.09867683E-02	 1.77040473E-04	 1.58942247E-04	 1.20502116E-03	 1.09807485E-02	-8.16663634E-03	-9.04911146E-03	-7.59730864E-03	-2.57981612E-03	-1.07442383E-03	 1.26849651E-03
 2.930000E-01	-8.76258761E-05	-8.89526600E-05	-7.93034256E-04	-1.41104593E-02	-1.68213824E-02	 1.41768704E-02	 1.17474896E-02	 1.65939633E-02	 1.27061080E-02	 1.06563265E-02	 1.77626276E-04	 1.57012725E-04	 1.18276275E-03	 1.08713251E-02	-7.60493625E-03	-8.69471824E-03	-7.34120097E-03	-2.55901966E-03	-1.09657006E-03	 1.17442639E-03
 2.940000E-01	-9.29541398E-05	-9.14379964E-05	-7.56568923E-04	-1.35850465E-02	-1.61390100E-02	 1.35037357E-02	 1.12445747E-02	 1.59630769E-02	 1.22821497E-02	 1.03352139E-02	 1.78325214E-04	 1.55242290E-04	 1.16032303E-03	 1.07584014E-02	-7.07856712E-03	-8.35463646E-03	-7.09334763E-03	-2.53557268E-03	-1.11545523E-03	 1.08541130E-03
 2.950000E-01	-9.83050285E-05	-9.40834371E-05	-7.21380449E-04	-1.30749323E-02	-1.54851374E-02	 1.28641442E-02	 1.07640011E-02	 1.53568412E-02	 1.18722308E-02	 1.00231995E-02	 1.79135282E-04	 1.53629433E-04	 1.13772544E-03	 1.06422968E-02	-6.58525427E-03	-8.02825354E-03	-6.85350885E-03	-2.50974715E-03	-1.13130476E-03	 1.00121167E-03
 2.960000E-01	-1.03679466E-04	-9.68873303E-05	-6.87439909E-04	-1.25796879E-02	-1.48584352E-02	 1.22563065E-02	 1.03047251E-02	 1.47742610E-02	 1.14758986E-02	 9.72006162E-03	 1.80054669E-04	 1.52172986E-04	 1.11499428E-03	 1.05233320E-02	-6.12289098E-03	-7.71499167E-03	-6.62145103E-03	-2.48179485E-03	-1.14432983E-03	 9.21599768E-04
 2.970000E-01	-1.09078370E-04	-9.98478712E-05	-6.54718607E-04	-1.20989092E-02	-1.42576495E-02	 1.16785366E-02	 9.86575434E-03	 1.42143823E-02	 1.10927136E-02	 9.42558120E-03	 1.81081647E-04	 1.50871897E-04	 1.09215211E-03	 1.04018166E-02	-5.68951551E-03	-7.41429851E-03	-6.39694474E-03	-2.45194889E-03	-1.15472917E-03	 8.46357674E-04
 2.980000E-01	-1.14502663E-04	-1.02963151E-04	-6.23188152E-04	-1.16322100E-02	-1.36815947E-02	 1.11292448E-02	 9.44614544E-03	 1.36762903E-02	 1.07222491E-02	 9.13954203E-03	 1.82214571E-04	 1.49725211E-04	 1.06921963E-03	 1.02780421E-02	-5.28329980E-03	-7.12564575E-03	-6.17976500E-03	-2.42042501E-03	-1.16268987E-03	 7.75276900E-04
 2.990000E-01	-1.19953265E-04	-1.06231141E-04	-5.92819976E-04	-1.11792152E-02	-1.31291505E-02	 1.06069323E-02	 9.04500110E-03	 1.31591080E-02	 1.03640909E-02	 8.86173098E-03	 1.83451875E-04	 1.48732061E-04	 1.04621585E-03	 1.01522746E-02	-4.90254067E-03	-6.84852823E-03	-5.96969128E-03	-2.38742271E-03	-1.16838787E-03	 7.08158077E-04
 3.000000E-01	-1.25430976E-04	-1.09649531E-04	-5.63583716E-04	-1.07395370E-02	-1.25992498E-02	 1.01101778E-02	 8.66146156E-03	 1.26619849E-02	 1.00178295E-02	 8.59193145E-03	 1.84791910E-04	 1.47891539E-04	 1.02315802E-03	 1.00247382E-02	-4.54565062E-03	-6.58245776E-03	-5.76650270E-03	-2.35312393E-03	-1.17198720E-03	 6.44810409E-04
 3.010000E-01	-1.30936124E-04	-1.13215599E-04	-5.35446134E-04	-1.03127160E-02	-1.20908602E-02	 9.63761830E-03	 8.29468683E-03	 1.21840721E-02	 9.68304060E-03	 8.32990668E-03	 1.86232443E-04	 1.47202280E-04	 1.00005939E-03	 9.89558251E-03	-4.21114690E-03	-6.32695047E-03	-5.56996871E-03	-2.31768989E-03	-1.17363862E-03	 5.85050157E-04
 3.020000E-01	-1.36468939E-04	-1.16926949E-04	-5.08375989E-04	-9.89821593E-03	-1.16030530E-02	 9.18799272E-03	 7.94389228E-03	 1.17245745E-02	 9.35932590E-03	 8.07543463E-03	 1.87771173E-04	 1.46662911E-04	 9.76930283E-04	 9.76490700E-03	-3.89766029E-03	-6.08156079E-03	-5.37987715E-03	-2.28127491E-03	-1.17348705E-03	 5.28701441E-04
 3.030000E-01	-1.42029914E-04	-1.20781665E-04	-4.82346672E-04	-9.49550627E-03	-1.11349901E-02	 8.76014509E-03	 7.60836080E-03	 1.12827720E-02	 9.04633266E-03	 7.82832583E-03	 1.89406320E-04	 1.46272406E-04	 9.53782127E-04	 9.63279860E-03	-3.60392351E-03	-5.84588532E-03	-5.19603965E-03	-2.24402834E-03	-1.17167199E-03	 4.75598689E-04
 3.040000E-01	-1.47619554E-04	-1.24777896E-04	-4.57333355E-04	-9.10407200E-03	-1.06858732E-02	 8.35298697E-03	 7.28741461E-03	 1.08579813E-02	 8.74372522E-03	 7.58839960E-03	 1.91136235E-04	 1.46029821E-04	 9.30626541E-04	 9.49932033E-03	-3.32874931E-03	-5.61954133E-03	-5.01827459E-03	-2.20608901E-03	-1.16832491E-03	 4.25584248E-04
 3.050000E-01	-1.53238287E-04	-1.28913811E-04	-4.33312613E-04	-8.72341503E-03	-1.02549305E-02	 7.96548582E-03	 6.98040633E-03	 1.04495451E-02	 8.45117671E-03	 7.35547733E-03	 1.92959258E-04	 1.45934215E-04	 9.07474892E-04	 9.36451173E-03	-3.07102242E-03	-5.40216056E-03	-4.84640339E-03	-2.16758478E-03	-1.16356930E-03	 3.78507259E-04
 3.060000E-01	-1.58886464E-04	-1.33187609E-04	-4.10262440E-04	-8.35305497E-03	-9.84141686E-03	 7.59666206E-03	 6.68671749E-03	 1.00568305E-02	 8.16836889E-03	 7.12938264E-03	 1.94873713E-04	 1.45984659E-04	 8.84338508E-04	 9.22839322E-03	-2.82969595E-03	-5.19338863E-03	-4.68025072E-03	-2.12863340E-03	-1.15752129E-03	 3.34223370E-04
 3.070000E-01	-1.64564360E-04	-1.37597581E-04	-3.88162586E-04	-7.99252692E-03	-9.44461152E-03	 7.24558643E-03	 6.40575712E-03	 9.67922846E-03	 7.89499200E-03	 6.90994150E-03	 1.96877907E-04	 1.46180216E-04	 8.61228800E-04	 9.09096808E-03	-2.60378778E-03	-4.99288450E-03	-4.51964483E-03	-2.08934326E-03	-1.15029008E-03	 2.92594414E-04
 3.080000E-01	-1.70272506E-04	-1.42142706E-04	-3.66997913E-04	-7.64139042E-03	-9.06382777E-03	 6.91138984E-03	 6.13697024E-03	 9.31616815E-03	 7.63075745E-03	 6.69699375E-03	 1.98970486E-04	 1.46520174E-04	 8.38157977E-04	 8.95223838E-03	-2.39237840E-03	-4.80032698E-03	-4.36442642E-03	-2.04981868E-03	-1.14198150E-03	 2.53488090E-04
 3.090000E-01	-1.76013836E-04	-1.46824181E-04	-3.46760747E-04	-7.29931579E-03	-8.69852201E-03	 6.59333822E-03	 5.87990778E-03	 8.96722367E-03	 7.37548600E-03	 6.49047074E-03	 2.01152898E-04	 1.47005900E-04	 8.15149372E-04	 8.81232437E-03	-2.19463112E-03	-4.61546977E-03	-4.21449696E-03	-2.01018318E-03	-1.13271058E-03	 2.16780754E-04
 3.100000E-01	-1.81792417E-04	-1.51643569E-04	-3.27439483E-04	-6.96601343E-03	-8.34820991E-03	 6.29075206E-03	 5.63416090E-03	 8.63201566E-03	 7.12902889E-03	 6.29032671E-03	 2.03427749E-04	 1.47639512E-04	 7.92230602E-04	 8.67140659E-03	-2.00976064E-03	-4.43809333E-03	-4.06977061E-03	-1.97055806E-03	-1.12258896E-03	 1.82354306E-04
 3.110000E-01	-1.87610163E-04	-1.56600463E-04	-3.09014622E-04	-6.64111716E-03	-8.01229631E-03	 6.00288581E-03	 5.39925176E-03	 8.31004677E-03	 6.89113281E-03	 6.09642022E-03	 2.05795052E-04	 1.48420952E-04	 7.69417083E-04	 8.52957275E-03	-1.83699254E-03	-4.26791801E-03	-3.93009968E-03	-1.93102713E-03	-1.11170571E-03	 1.50091926E-04
 3.120000E-01	-1.93467907E-04	-1.61694007E-04	-2.91467956E-04	-6.32425383E-03	-7.69012959E-03	 5.72898339E-03	 5.17468053E-03	 8.00077464E-03	 6.66149953E-03	 5.90856672E-03	 2.08253620E-04	 1.49349114E-04	 7.46717879E-04	 8.38686791E-03	-1.67557994E-03	-4.10463904E-03	-3.79531106E-03	-1.89165407E-03	-1.10013769E-03	 1.19880050E-04
 3.130000E-01	-1.99366445E-04	-1.66923606E-04	-2.74783508E-04	-6.01506801E-03	-7.38107820E-03	 5.46832835E-03	 4.95996929E-03	 7.70367728E-03	 6.43983909E-03	 5.72658498E-03	 2.10802314E-04	 1.50422920E-04	 7.24141867E-04	 8.24334522E-03	-1.52482410E-03	-3.94796201E-03	-3.66523618E-03	-1.85249645E-03	-1.08795689E-03	 9.16102728E-05
 3.140000E-01	-2.05306498E-04	-1.72288744E-04	-2.58946220E-04	-5.71320936E-03	-7.08453969E-03	 5.22024383E-03	 4.75466311E-03	 7.41825456E-03	 6.22587134E-03	 5.55029838E-03	 2.13440031E-04	 1.51641266E-04	 7.01697842E-04	 8.09906593E-03	-1.38407296E-03	-3.79760516E-03	-3.53971158E-03	-1.81360612E-03	-1.07523046E-03	 6.51794444E-05
 3.150000E-01	-2.11288706E-04	-1.77788998E-04	-2.43942095E-04	-5.41832903E-03	-6.79993992E-03	 4.98409012E-03	 4.55832887E-03	 7.14402735E-03	 6.01932560E-03	 5.37953486E-03	 2.16165686E-04	 1.53002963E-04	 6.79394299E-04	 7.95410083E-03	-1.25271686E-03	-3.65329899E-03	-3.41857885E-03	-1.77502966E-03	-1.06202090E-03	 4.04894376E-05
 3.160000E-01	-2.17313627E-04	-1.83424046E-04	-2.29758296E-04	-5.13007953E-03	-6.52673129E-03	 4.75926243E-03	 4.37055416E-03	 6.88053663E-03	 5.81994044E-03	 5.21412695E-03	 2.18978222E-04	 1.54506710E-04	 6.57239353E-04	 7.80853338E-03	-1.13018472E-03	-3.51478587E-03	-3.30168470E-03	-1.73680893E-03	-1.04838652E-03	 1.74468374E-05
 3.170000E-01	-2.23381755E-04	-1.89193693E-04	-2.16382787E-04	-4.84811697E-03	-6.26439280E-03	 4.54518788E-03	 4.19094531E-03	 6.62734256E-03	 5.62746371E-03	 5.05391229E-03	 2.21876635E-04	 1.56151040E-04	 6.35240720E-04	 7.66246502E-03	-1.01593976E-03	-3.38182019E-03	-3.18888173E-03	-1.69898236E-03	-1.03438242E-03	-4.03773726E-06
 3.180000E-01	-2.29493430E-04	-1.95097673E-04	-2.03804297E-04	-4.57210231E-03	-6.01242863E-03	 4.34132622E-03	 4.01912863E-03	 6.38402471E-03	 5.44165264E-03	 4.89873338E-03	 2.24859905E-04	 1.57934299E-04	 6.13405643E-04	 7.51601948E-03	-9.09482896E-04	-3.25416565E-03	-3.08002653E-03	-1.66158292E-03	-1.02005892E-03	-2.40484770E-05
 3.190000E-01	-2.35648970E-04	-2.01135713E-04	-1.92013702E-04	-4.30170586E-03	-5.77036518E-03	 4.14716645E-03	 3.85474869E-03	 6.15018007E-03	 5.26227223E-03	 4.74843613E-03	 2.27927020E-04	 1.59854764E-04	 5.91740647E-04	 7.36933183E-03	-8.10344622E-04	-3.13159636E-03	-2.97497999E-03	-1.62463947E-03	-1.00546243E-03	-4.26653330E-05
 3.200000E-01	-2.41848672E-04	-2.07307519E-04	-1.81003991E-04	-4.03661662E-03	-5.53774965E-03	 3.96222434E-03	 3.69746704E-03	 5.92542235E-03	 5.08909518E-03	 4.60287012E-03	 2.31076998E-04	 1.61910627E-04	 5.70251597E-04	 7.22254817E-03	-7.18081636E-04	-3.01389682E-03	-2.87360776E-03	-1.58817761E-03	-9.90636190E-04	-5.99644977E-05
 3.210000E-01	-2.48092781E-04	-2.13612687E-04	-1.70769727E-04	-3.77655216E-03	-5.31414852E-03	 3.78604106E-03	 3.54696134E-03	 5.70938134E-03	 4.92190188E-03	 4.46188881E-03	 2.34308882E-04	 1.64099960E-04	 5.48943702E-04	 7.07583044E-03	-6.32276773E-04	-2.90086075E-03	-2.77577988E-03	-1.55221962E-03	-9.75620138E-04	-7.60183344E-05
 3.220000E-01	-2.54381500E-04	-2.20050641E-04	-1.61306784E-04	-3.52126650E-03	-5.09914516E-03	 3.61818059E-03	 3.40292394E-03	 5.50170148E-03	 4.76047950E-03	 4.32534895E-03	 2.37621774E-04	 1.66420748E-04	 5.27821538E-04	 6.92935668E-03	-5.52536904E-04	-2.79229005E-03	-2.68137025E-03	-1.51678447E-03	-9.60451075E-04	-9.08955534E-05
 3.230000E-01	-2.60714966E-04	-2.26620466E-04	-1.52611367E-04	-3.27055036E-03	-4.89234382E-03	 3.45822962E-03	 3.26506208E-03	 5.30204229E-03	 4.60462271E-03	 4.19311125E-03	 2.41014818E-04	 1.68870892E-04	 5.06888924E-04	 6.78331994E-03	-4.78491857E-04	-2.68799529E-03	-2.59025681E-03	-1.48188820E-03	-9.45162762E-04	-1.04661281E-04
 3.240000E-01	-2.67092271E-04	-2.33319788E-04	-1.44677657E-04	-3.02422097E-03	-4.69335678E-03	 3.30578462E-03	 3.13308697E-03	 5.11006067E-03	 4.45411830E-03	 4.06502636E-03	 2.44486319E-04	 1.71447591E-04	 4.86147373E-04	 6.63790123E-03	-4.09791693E-04	-2.58778741E-03	-2.50231238E-03	-1.44753859E-03	-9.29782322E-04	-1.17376547E-04
 3.250000E-01	-2.73508087E-04	-2.40142241E-04	-1.37500097E-04	-2.78209267E-03	-4.50174609E-03	 3.16041478E-03	 3.00667717E-03	 4.92535190E-03	 4.30869388E-03	 3.94088826E-03	 2.48030670E-04	 1.74145235E-04	 4.65590406E-04	 6.49317963E-03	-3.46102198E-04	-2.49144783E-03	-2.41737721E-03	-1.41371959E-03	-9.14320520E-04	-1.29097236E-04
 3.260000E-01	-2.79956281E-04	-2.47081110E-04	-1.31079365E-04	-2.54403517E-03	-4.31709266E-03	 3.02171722E-03	 2.88552849E-03	 4.74753151E-03	 4.16808908E-03	 3.82049929E-03	 2.51641766E-04	 1.76957829E-04	 4.45211205E-04	 6.34922748E-03	-2.87114852E-04	-2.39876817E-03	-2.33530035E-03	-1.38041489E-03	-8.98787244E-04	-1.39875757E-04
 3.270000E-01	-2.86434621E-04	-2.54132829E-04	-1.25418873E-04	-2.31001550E-03	-4.13907199E-03	 2.88936157E-03	 2.76939950E-03	 4.57631095E-03	 4.03212264E-03	 3.70373186E-03	 2.55317218E-04	 1.79881954E-04	 4.25010122E-04	 6.20621518E-03	-2.32547563E-04	-2.30958992E-03	-2.25597592E-03	-1.34763000E-03	-8.83205576E-04	-1.49763555E-04
 3.280000E-01	-2.92941953E-04	-2.61294091E-04	-1.20519357E-04	-2.08005537E-03	-3.96740161E-03	 2.76304684E-03	 2.65807312E-03	 4.41143498E-03	 3.90063855E-03	 3.59047934E-03	 2.59055724E-04	 1.82914891E-04	 4.04988611E-04	 6.06433415E-03	-1.82136362E-04	-2.22377314E-03	-2.17931140E-03	-1.31537429E-03	-8.67599991E-04	-1.58809768E-04
 3.290000E-01	-2.99477079E-04	-2.68561157E-04	-1.16379973E-04	-1.85421324E-03	-3.80181695E-03	 2.64248658E-03	 2.55134214E-03	 4.25265874E-03	 3.77348620E-03	 3.48063821E-03	 2.62856031E-04	 1.86053912E-04	 3.85146736E-04	 5.92376060E-03	-1.35632137E-04	-2.14118434E-03	-2.10521716E-03	-1.28365523E-03	-8.51992936E-04	-1.67061072E-04
 3.300000E-01	-3.06038794E-04	-2.75930037E-04	-1.12998846E-04	-1.63257681E-03	-3.64206900E-03	 2.52740842E-03	 2.44900862E-03	 4.09974703E-03	 3.65052006E-03	 3.37410787E-03	 2.66716939E-04	 1.89296351E-04	 3.65483345E-04	 5.78464514E-03	-9.28000008E-05	-2.06169602E-03	-2.03360661E-03	-1.25247877E-03	-8.36405170E-04	-1.74561902E-04
 3.310000E-01	-3.12625888E-04	-2.83396562E-04	-1.10373169E-04	-1.41525248E-03	-3.48792502E-03	 2.41755433E-03	 2.35088393E-03	 3.95247472E-03	 3.53160009E-03	 3.27079102E-03	 2.70637298E-04	 1.92639650E-04	 3.45996230E-04	 5.64710345E-03	-5.34187885E-05	-1.98518695E-03	-1.96439659E-03	-1.22184972E-03	-8.20856088E-04	-1.81354626E-04
 3.320000E-01	-3.19237657E-04	-2.90956884E-04	-1.08498960E-04	-1.20235752E-03	-3.33917753E-03	 2.31268607E-03	 2.25679372E-03	 3.81063491E-03	 3.41659910E-03	 3.17060051E-03	 2.74616426E-04	 1.96081649E-04	 3.26682377E-04	 5.51122054E-03	-1.72809541E-05	-1.91154676E-03	-1.89751189E-03	-1.19177465E-03	-8.05365646E-04	-1.87480084E-04
 3.330000E-01	-3.25874334E-04	-2.98607809E-04	-1.07370142E-04	-9.94018726E-04	-3.19564010E-03	 2.21258319E-03	 2.16657742E-03	 3.67403895E-03	 3.30540317E-03	 3.07346001E-03	 2.78654468E-04	 1.99620889E-04	 3.07538491E-04	 5.37705065E-03	 1.58090775E-05	-1.84067538E-03	-1.83288479E-03	-1.16226200E-03	-7.89954458E-04	-1.92977707E-04
 3.340000E-01	-3.32535752E-04	-3.06345636E-04	-1.06978620E-04	-7.90361877E-04	-3.05712983E-03	 2.11703157E-03	 2.08007764E-03	 3.54249847E-03	 3.19789580E-03	 2.97928927E-03	 2.82751239E-04	 2.03255916E-04	 2.88560255E-04	 5.24458573E-03	 4.60357805E-05	-1.77247374E-03	-1.77044585E-03	-1.13331640E-03	-7.74639938E-04	-1.97884652E-04
 3.350000E-01	-3.39220938E-04	-3.14165991E-04	-1.07315534E-04	-5.91506267E-04	-2.92346231E-03	 2.02582143E-03	 1.99713798E-03	 3.41582186E-03	 3.09395461E-03	 2.88800116E-03	 2.86905840E-04	 2.06985094E-04	 2.69742779E-04	 5.11374540E-03	 7.35725066E-05	-1.70684200E-03	-1.71012257E-03	-1.10493800E-03	-7.59435894E-04	-2.02235772E-04
 3.360000E-01	-3.45928904E-04	-3.22064608E-04	-1.08371300E-04	-3.97561825E-04	-2.79445924E-03	 1.93875321E-03	 1.91760858E-03	 3.29382401E-03	 2.99346027E-03	 2.79951008E-03	 2.91117331E-04	 2.10807089E-04	 2.51081929E-04	 4.98439363E-03	 9.85808257E-05	-1.64368424E-03	-1.65184446E-03	-1.07712572E-03	-7.44354789E-04	-2.06064170E-04
 3.370000E-01	-3.52658721E-04	-3.30037401E-04	-1.10135304E-04	-2.08622342E-04	-2.66994927E-03	 1.85563755E-03	 1.84134640E-03	 3.17632705E-03	 2.89629733E-03	 2.71373267E-03	 2.95384768E-04	 2.14720890E-04	 2.32574756E-04	 4.85634607E-03	 1.21210687E-04	-1.58290882E-03	-1.59554329E-03	-1.04987758E-03	-7.29407923E-04	-2.09401273E-04
 3.380000E-01	-3.59409542E-04	-3.38080609E-04	-1.12596418E-04	-2.47597580E-05	-2.54976703E-03	 1.77629488E-03	 1.76821481E-03	 3.06315993E-03	 2.80235397E-03	 2.63058776E-03	 2.99707200E-04	 2.18725768E-04	 2.14219859E-04	 4.72937813E-03	 1.41600671E-04	-1.52442804E-03	-1.54115317E-03	-1.02319087E-03	-7.14605600E-04	-2.12276956E-04
 3.390000E-01	-3.66181816E-04	-3.46192254E-04	-1.15745150E-04	 1.53980467E-04	-2.43375844E-03	 1.70056044E-03	 1.69808821E-03	 2.95416710E-03	 2.71153020E-03	 2.55000419E-03	 3.04084625E-04	 2.22821982E-04	 1.96018393E-04	 4.60324901E-03	 1.59879066E-04	-1.46816213E-03	-1.48861544E-03	-9.97065722E-04	-6.99959823E-04	-2.14720510E-04
 3.400000E-01	-3.72982817E-04	-3.54377048E-04	-1.19573438E-04	 3.27593594E-04	-2.32181660E-03	 1.62830648E-03	 1.63087555E-03	 2.84924939E-03	 2.62377566E-03	 2.47195631E-03	 3.08522590E-04	 2.27014095E-04	 1.77976248E-04	 4.47778487E-03	 1.76169204E-04	-1.41405935E-03	-1.43789844E-03	-9.71518596E-04	-6.85493641E-04	-2.16763634E-04
 3.410000E-01	-3.79821636E-04	-3.62641079E-04	-1.24069009E-04	 4.96129841E-04	-2.21384359E-03	 1.55941211E-03	 1.56649227E-03	 2.74831564E-03	 2.53904575E-03	 2.39642275E-03	 3.13027999E-04	 2.31307749E-04	 1.60099086E-04	 4.35282948E-03	 1.90589494E-04	-1.36207190E-03	-1.38897213E-03	-9.46565584E-04	-6.71229220E-04	-2.18436936E-04
 3.420000E-01	-3.86701399E-04	-3.70985009E-04	-1.29216543E-04	 6.59681420E-04	-2.10969701E-03	 1.49373035E-03	 1.50482616E-03	 2.65122403E-03	 2.45724778E-03	 2.32333566E-03	 3.17602651E-04	 2.35704828E-04	 1.42388981E-04	 4.22816123E-03	 2.03247979E-04	-1.31212645E-03	-1.34177964E-03	-9.22203275E-04	-6.57174636E-04	-2.19765753E-04
 3.430000E-01	-3.93623158E-04	-3.79408172E-04	-1.35002535E-04	 8.18374531E-04	-2.00922135E-03	 1.43111202E-03	 1.44575946E-03	 2.55782040E-03	 2.37827561E-03	 2.25261340E-03	 3.22246467E-04	 2.40205810E-04	 1.24848038E-04	 4.10354691E-03	 2.14242632E-04	-1.26414313E-03	-1.29625742E-03	-8.98422111E-04	-6.43333395E-04	-2.20772973E-04
 3.440000E-01	-4.00588080E-04	-3.87910350E-04	-1.41414648E-04	 9.72367629E-04	-1.91226653E-03	 1.37141606E-03	 1.38917976E-03	 2.46795696E-03	 2.30202702E-03	 2.18417676E-03	 3.26959343E-04	 2.44811072E-04	 1.07479680E-04	 3.97877196E-03	 2.23663454E-04	-1.21804516E-03	-1.25234431E-03	-8.75212432E-04	-6.29708530E-04	-2.21480266E-04
 3.450000E-01	-4.07597401E-04	-3.96491556E-04	-1.48440914E-04	 1.12184780E-03	-1.81868871E-03	 1.31450885E-03	 1.33497995E-03	 2.38149227E-03	 2.22840363E-03	 2.11794901E-03	 3.31741127E-04	 2.49520793E-04	 9.02883127E-05	 3.85364400E-03	 2.31593804E-04	-1.17375879E-03	-1.20998130E-03	-8.52564378E-04	-6.16302471E-04	-2.21908047E-04
 3.460000E-01	-4.14652116E-04	-4.05151537E-04	-1.56068946E-04	 1.26702504E-03	-1.72834970E-03	 1.26026280E-03	 1.28305727E-03	 2.29828966E-03	 2.15730960E-03	 2.05385461E-03	 3.36591383E-04	 2.54334713E-04	 7.32789208E-05	 3.72799322E-03	 2.38111305E-04	-1.13121258E-03	-1.16911055E-03	-8.30467215E-04	-6.03116496E-04	-2.22075298E-04
 3.470000E-01	-4.21749077E-04	-4.13886026E-04	-1.64285130E-04	 1.40810977E-03	-1.64110073E-03	 1.20854487E-03	 1.23330169E-03	 2.21819656E-03	 2.08863224E-03	 1.99180091E-03	 3.41506228E-04	 2.59249701E-04	 5.64565470E-05	 3.60163699E-03	 2.43285442E-04	-1.09032732E-03	-1.12966515E-03	-8.08902102E-04	-5.90145503E-04	-2.21997654E-04
 3.480000E-01	-4.28881824E-04	-4.22687967E-04	-1.73077380E-04	 1.54529618E-03	-1.55678773E-03	 1.15922184E-03	 1.18560033E-03	 2.14105288E-03	 2.02224984E-03	 1.93168594E-03	 3.46479019E-04	 2.64260298E-04	 3.98279569E-05	 3.47438620E-03	 2.47177152E-04	-1.05102001E-03	-1.09157414E-03	-7.87845583E-04	-5.77380708E-04	-2.21688349E-04
 3.490000E-01	-4.36047563E-04	-4.31554227E-04	-1.82437020E-04	 1.67877570E-03	-1.47528024E-03	 1.11217978E-03	 1.13985788E-03	 2.06672769E-03	 1.95806645E-03	 1.87343197E-03	 3.51506024E-04	 2.69363113E-04	 2.34028944E-05	 3.34610324E-03	 2.49844287E-04	-1.01322187E-03	-1.05478106E-03	-7.67283010E-04	-5.64819438E-04	-2.21162000E-04
 3.500000E-01	-4.43246609E-04	-4.40484651E-04	-1.92356004E-04	 1.80873724E-03	-1.39646763E-03	 1.06731895E-03	 1.09599255E-03	 1.99511223E-03	 1.89600564E-03	 1.81697966E-03	 3.56585987E-04	 2.74556521E-04	 7.19262315E-06	 3.21669571E-03	 2.51343241E-04	-9.76874912E-04	-1.01923988E-03	-7.47205867E-04	-5.52463109E-04	-2.20434050E-04
 3.510000E-01	-4.50479273E-04	-4.49479061E-04	-2.02825962E-04	 1.93535469E-03	-1.32024516E-03	 1.02454411E-03	 1.05392625E-03	 1.92610242E-03	 1.83599417E-03	 1.76227250E-03	 3.61717608E-04	 2.79838748E-04	-8.79094474E-06	 3.08609092E-03	 2.51727475E-04	-9.41923438E-04	-9.84906288E-04	-7.27605616E-04	-5.40312781E-04	-2.19519168E-04
 3.520000E-01	-4.57745792E-04	-4.58537327E-04	-2.13838970E-04	 2.05878204E-03	-1.24651263E-03	 9.83764325E-04	 1.01358413E-03	 1.85959828E-03	 1.77796143E-03	 1.70925626E-03	 3.66899477E-04	 2.85207854E-04	-2.45351724E-05	 2.95423408E-03	 2.51047454E-04	-9.08313750E-04	-9.51737587E-04	-7.08473707E-04	-5.28369236E-04	-2.18431330E-04
 3.530000E-01	-4.65046203E-04	-4.67659134E-04	-2.25387039E-04	 2.17914877E-03	-1.17517394E-03	 9.44892460E-04	 9.74894281E-04	 1.79550330E-03	 1.72183897E-03	 1.65787843E-03	 3.72129995E-04	 2.90661703E-04	-4.00267825E-05	 2.82108717E-03	 2.49350963E-04	-8.75993931E-04	-9.19692290E-04	-6.89801297E-04	-5.16632734E-04	-2.17183729E-04
 3.540000E-01	-4.72377368E-04	-4.76841046E-04	-2.37461015E-04	 2.29653975E-03	-1.10612957E-03	 9.07839046E-04	 9.37781499E-04	 1.73371310E-03	 1.66754960E-03	 1.60807777E-03	 3.77404954E-04	 2.96196099E-04	-5.52515044E-05	 2.68660934E-03	 2.46681853E-04	-8.44908533E-04	-8.88724426E-04	-6.71575035E-04	-5.05099857E-04	-2.15787490E-04
 3.550000E-01	-4.79732320E-04	-4.86076066E-04	-2.50051204E-04	 2.41098064E-03	-1.03927637E-03	 8.72513120E-04	 9.02167540E-04	 1.67411580E-03	 1.61500754E-03	 1.55978414E-03	 3.82717058E-04	 3.01804349E-04	-7.01930055E-05	 2.55075341E-03	 2.43078640E-04	-8.14998624E-04	-8.58783941E-04	-6.53777170E-04	-4.93763620E-04	-2.14251541E-04
 3.560000E-01	-4.87106627E-04	-4.95359884E-04	-2.63149413E-04	 2.52246344E-03	-9.74523897E-04	 8.38834907E-04	 8.67984327E-04	 1.61661613E-03	 1.56414151E-03	 1.51294035E-03	 3.88061032E-04	 3.07481161E-04	-8.48337185E-05	 2.41350261E-03	 2.38577903E-04	-7.86213646E-04	-8.29829000E-04	-6.36394815E-04	-4.82620377E-04	-2.12585493E-04
 3.570000E-01	-4.94499439E-04	-5.04691616E-04	-2.76747738E-04	 2.63095736E-03	-9.11795370E-04	 8.06735231E-04	 8.35174149E-04	 1.56113605E-03	 1.51489540E-03	 1.46750267E-03	 3.93434388E-04	 3.13223222E-04	-9.91564465E-05	 2.27487514E-03	 2.33216426E-04	-7.58511993E-04	-8.01826061E-04	-6.19420283E-04	-4.71670019E-04	-2.10799906E-04
 3.580000E-01	-5.01910103E-04	-5.14070386E-04	-2.90836907E-04	 2.73639723E-03	-8.51018692E-04	 7.76148605E-04	 8.03682576E-04	 1.50760164E-03	 1.46721586E-03	 1.42342895E-03	 3.98834764E-04	 3.19027110E-04	-1.13144354E-04	 2.13490686E-03	 2.27029741E-04	-7.31854514E-04	-7.74743146E-04	-6.02846029E-04	-4.60912186E-04	-2.08904682E-04
 3.590000E-01	-5.09338021E-04	-5.23495362E-04	-3.05406926E-04	 2.83868433E-03	-7.92125135E-04	 7.47012758E-04	 7.73457803E-04	 1.45594213E-03	 1.42105143E-03	 1.38067792E-03	 4.04259789E-04	 3.24889193E-04	-1.26780979E-04	 1.99364975E-03	 2.20052038E-04	-7.06203994E-04	-7.48549534E-04	-5.86664491E-04	-4.50346210E-04	-2.06909076E-04
 3.600000E-01	-5.16782837E-04	-5.32966114E-04	-3.20447472E-04	 2.93768856E-03	-7.35049397E-04	 7.19268680E-04	 7.44450593E-04	 1.40608998E-03	 1.37635271E-03	 1.33920950E-03	 4.09707229E-04	 3.30805749E-04	-1.40050297E-04	 1.85117093E-03	 2.12316234E-04	-6.81525172E-04	-7.23215998E-04	-5.70868361E-04	-4.39971375E-04	-2.04821848E-04
 3.610000E-01	-5.24248380E-04	-5.42486673E-04	-3.35949925E-04	 3.03327634E-03	-6.79735221E-04	 6.92865618E-04	 7.16619485E-04	 1.35799086E-03	 1.33308226E-03	 1.29899453E-03	 4.15178090E-04	 3.36775505E-04	-1.52938071E-04	 1.70756658E-03	 2.03856090E-04	-6.57789575E-04	-6.98720014E-04	-5.55454802E-04	-4.29790205E-04	-2.02652857E-04
 3.620000E-01	-5.31743197E-04	-5.52065669E-04	-3.51906394E-04	 3.12532909E-03	-6.26134976E-04	 6.67760935E-04	 6.89930912E-04	 1.31160377E-03	 1.29121486E-03	 1.26001511E-03	 4.20677117E-04	 3.42800122E-04	-1.65432802E-04	 1.56296481E-03	 1.94706782E-04	-6.34975533E-04	-6.75045400E-04	-5.40425211E-04	-4.19808232E-04	-2.00413027E-04
 3.630000E-01	-5.39272390E-04	-5.61708069E-04	-3.68305648E-04	 3.21370526E-03	-5.74196552E-04	 6.43908488E-04	 6.64347204E-04	 1.26687859E-03	 1.25071576E-03	 1.22224376E-03	 4.26206364E-04	 3.48879113E-04	-1.77523451E-04	 1.41749816E-03	 1.84901513E-04	-6.13057291E-04	-6.52170845E-04	-5.25776210E-04	-4.10027081E-04	-1.98111158E-04
 3.640000E-01	-5.46836662E-04	-5.71414765E-04	-3.85134474E-04	 3.29823025E-03	-5.23862862E-04	 6.21258187E-04	 6.39825771E-04	 1.22375495E-03	 1.21153955E-03	 1.18564249E-03	 4.31764343E-04	 3.55009181E-04	-1.89198405E-04	 1.27129873E-03	 1.74471094E-04	-5.92004464E-04	-6.30069835E-04	-5.11499618E-04	-4.00444546E-04	-1.95753954E-04
 3.650000E-01	-5.54436550E-04	-5.81186902E-04	-4.02379909E-04	 3.37871899E-03	-4.75078548E-04	 5.99761976E-04	 6.16325301E-04	 1.18217395E-03	 1.17364162E-03	 1.15017397E-03	 4.37349410E-04	 3.61186987E-04	-2.00446428E-04	 1.12450919E-03	 1.63445465E-04	-5.71787634E-04	-6.08716628E-04	-4.97587173E-04	-3.91058241E-04	-1.93347718E-04
 3.660000E-01	-5.62072624E-04	-5.91025911E-04	-4.20028486E-04	 3.45498041E-03	-4.27790989E-04	 5.79374004E-04	 5.93806153E-04	 1.14207881E-03	 1.13697887E-03	 1.11580217E-03	 4.42959950E-04	 3.67409328E-04	-2.11256883E-04	 9.77283217E-04	 1.51854002E-04	-5.52378734E-04	-5.88086489E-04	-4.84030717E-04	-3.81865700E-04	-1.90898395E-04
 3.670000E-01	-5.69745796E-04	-6.00933943E-04	-4.38066466E-04	 3.52682320E-03	-3.81950717E-04	 5.60050715E-04	 5.72230483E-04	 1.10341529E-03	 1.10151010E-03	 1.08249276E-03	 4.48594614E-04	 3.73673342E-04	-2.21619915E-04	 8.29785536E-04	 1.39725610E-04	-5.33751202E-04	-5.68155981E-04	-4.70822478E-04	-3.72864634E-04	-1.88411722E-04
 3.680000E-01	-5.77461487E-04	-6.10918123E-04	-4.56482429E-04	 3.59409004E-03	-3.37514106E-04	 5.41754699E-04	 5.51566269E-04	 1.06613942E-03	 1.06720382E-03	 1.05022075E-03	 4.54255643E-04	 3.79979322E-04	-2.31528091E-04	 6.82199824E-04	 1.27089504E-04	-5.15883645E-04	-5.48906861E-04	-4.57958336E-04	-3.64055515E-04	-1.85894538E-04
 3.690000E-01	-5.85228900E-04	-6.20989565E-04	-4.75266743E-04	 3.65666550E-03	-2.94440773E-04	 5.24452879E-04	 5.31785676E-04	 1.03021436E-03	 1.03403514E-03	 1.01896745E-03	 4.59948255E-04	 3.86330370E-04	-2.40976428E-04	 5.34730326E-04	 1.13974894E-04	-4.98758536E-04	-5.30324314E-04	-4.45436505E-04	-3.55440505E-04	-1.83354362E-04
 3.700000E-01	-5.93053288E-04	-6.31155309E-04	-4.94406574E-04	 3.71443263E-03	-2.52687522E-04	 5.08109314E-04	 5.12857623E-04	 9.95596022E-04	 1.00197141E-03	 9.88706276E-04	 4.65674562E-04	 3.92727344E-04	-2.49959080E-04	 3.87594562E-04	 1.00409014E-04	-4.82355263E-04	-5.12389582E-04	-4.33251365E-04	-3.47018560E-04	-1.80796871E-04
 3.710000E-01	-6.00936404E-04	-6.41419061E-04	-5.13886795E-04	 3.76727134E-03	-2.12209721E-04	 4.92686339E-04	 4.94748847E-04	 9.62235241E-04	 9.70974301E-04	 9.59404844E-04	 4.71433956E-04	 3.99169098E-04	-2.58469209E-04	 2.41024215E-04	 8.64172690E-05	-4.66650960E-04	-4.95081236E-04	-4.21394453E-04	-3.38786244E-04	-1.78226240E-04
 3.720000E-01	-6.08880152E-04	-6.51785069E-04	-5.33692687E-04	 3.81507807E-03	-1.72964026E-04	 4.78147551E-04	 4.77427115E-04	 9.30084132E-04	 9.41006231E-04	 9.31031305E-04	 4.77225980E-04	 4.05654970E-04	-2.66500559E-04	 9.52682985E-05	 7.20242570E-05	-4.51623520E-04	-4.78378455E-04	-4.09857272E-04	-3.30739969E-04	-1.75646295E-04
 3.730000E-01	-6.16886507E-04	-6.62257773E-04	-5.53809249E-04	 3.85776798E-03	-1.34908781E-04	 4.64458168E-04	 4.60861590E-04	 8.99096681E-04	 9.12030926E-04	 9.03554843E-04	 4.83050283E-04	 4.12184754E-04	-2.74047315E-04	-4.94048695E-05	 5.72538907E-05	-4.37251978E-04	-4.62261255E-04	-3.98631452E-04	-3.22876080E-04	-1.73060567E-04
 3.740000E-01	-6.24955896E-04	-6.72839821E-04	-5.74219846E-04	 3.89526904E-03	-9.80027268E-05	 4.51584091E-04	 4.45021912E-04	 8.69226843E-04	 8.84011471E-04	 8.76943714E-04	 4.88905392E-04	 4.18757699E-04	-2.81103199E-04	-1.92704927E-04	 4.21292522E-05	-4.23515764E-04	-4.46709421E-04	-3.87707799E-04	-3.15190045E-04	-1.70471860E-04
 3.750000E-01	-6.33078801E-04	-6.83523339E-04	-5.94899181E-04	 3.92746427E-03	-6.22041017E-05	 4.39486026E-04	 4.29872410E-04	 8.40417449E-04	 8.56899033E-04	 8.51154077E-04	 4.94782113E-04	 4.25366746E-04	-2.87658103E-04	-3.34320158E-04	 2.66727867E-05	-4.10389268E-04	-4.31696991E-04	-3.77071496E-04	-3.07672567E-04	-1.67880121E-04
 3.760000E-01	-6.41242654E-04	-6.94297695E-04	-6.15818716E-04	 3.95422621E-03	-2.74760162E-05	 4.28124804E-04	 4.15377596E-04	 8.12611319E-04	 8.30644123E-04	 8.26141179E-04	 5.00668910E-04	 4.32002856E-04	-2.93702086E-04	-4.73924701E-04	 1.09085088E-05	-3.97846841E-04	-4.17198244E-04	-3.66707296E-04	-3.00313854E-04	-1.65284674E-04
 3.770000E-01	-6.49444228E-04	-7.05162282E-04	-6.36956563E-04	 3.97550250E-03	 6.21157940E-06	 4.17469458E-04	 4.01510316E-04	 7.85767172E-04	 8.05212900E-04	 8.01875490E-04	 5.06561656E-04	 4.38663475E-04	-2.99230944E-04	-6.11185937E-04	-5.13774281E-06	-3.85870559E-04	-4.03195650E-04	-3.56606546E-04	-2.93109327E-04	-1.62687381E-04
 3.780000E-01	-6.57684104E-04	-7.16120120E-04	-6.58292444E-04	 3.99129928E-03	 3.88856673E-05	 4.07492685E-04	 3.88247272E-04	 7.59850735E-04	 7.80578208E-04	 7.78333783E-04	 5.12459350E-04	 4.45349088E-04	-3.04243163E-04	-7.45758942E-04	-2.14398311E-05	-3.74446123E-04	-3.89675071E-04	-3.46763089E-04	-2.86056250E-04	-1.60090892E-04
 3.790000E-01	-6.65962808E-04	-7.27173915E-04	-6.79805236E-04	 4.00166760E-03	 7.05719417E-05	 3.98167935E-04	 3.75566098E-04	 7.34829153E-04	 7.56713936E-04	 7.55493571E-04	 5.18361084E-04	 4.52060580E-04	-3.08738284E-04	-8.77283776E-04	-3.79714219E-05	-3.63560061E-04	-3.76622984E-04	-3.37170889E-04	-2.79151838E-04	-1.57497629E-04
 3.800000E-01	-6.74280836E-04	-7.38326138E-04	-7.01473611E-04	 4.00670813E-03	 1.01295246E-04	 3.89469322E-04	 3.63445234E-04	 7.10670869E-04	 7.33594917E-04	 7.33333054E-04	 5.24266053E-04	 4.58799223E-04	-3.12717045E-04	-1.00538881E-03	-5.47058210E-05	-3.53199574E-04	-3.64026469E-04	-3.27824069E-04	-2.72393308E-04	-1.54909817E-04
 3.810000E-01	-6.82637935E-04	-7.49578203E-04	-7.23275852E-04	 4.00657003E-03	 1.31079499E-04	 3.81371109E-04	 3.51863474E-04	 6.87344830E-04	 7.11196148E-04	 7.11830345E-04	 5.30172963E-04	 4.65566131E-04	-3.16181173E-04	-1.12969465E-03	-7.16156256E-05	-3.43352114E-04	-3.51872837E-04	-3.18716629E-04	-2.65777644E-04	-1.52329377E-04
 3.820000E-01	-6.91032019E-04	-7.60929144E-04	-7.45188759E-04	 4.00144564E-03	 1.59947329E-04	 3.73847323E-04	 3.40799599E-04	 6.64819829E-04	 6.89492097E-04	 6.90962812E-04	 5.36079221E-04	 4.72361423E-04	-3.19132737E-04	-1.24982064E-03	-8.86723700E-05	-3.34004896E-04	-3.40149304E-04	-3.09842147E-04	-2.59301358E-04	-1.49757766E-04
 3.830000E-01	-6.99461004E-04	-7.72377553E-04	-7.67188692E-04	 3.99157873E-03	 1.87921519E-04	 3.66873004E-04	 3.30233499E-04	 6.43066637E-04	 6.68458920E-04	 6.70709341E-04	 5.41982544E-04	 4.79185662E-04	-3.21574638E-04	-1.36539647E-03	-1.05847393E-04	-3.25145743E-04	-3.28843923E-04	-3.01194619E-04	-2.52961186E-04	-1.47196356E-04
 3.840000E-01	-7.07924409E-04	-7.83923575E-04	-7.89253557E-04	 3.97726861E-03	 2.15025537E-04	 3.60424441E-04	 3.20146428E-04	 6.22058660E-04	 6.48075215E-04	 6.51051169E-04	 5.47881992E-04	 4.86040874E-04	-3.23512066E-04	-1.47606950E-03	-1.23112016E-04	-3.16763588E-04	-3.17946027E-04	-2.92769008E-04	-2.46754572E-04	-1.44646799E-04
 3.850000E-01	-7.16421837E-04	-7.95567063E-04	-8.11361555E-04	 3.95886166E-03	 2.41283534E-04	 3.54478399E-04	 3.10520253E-04	 6.01770459E-04	 6.28320508E-04	 6.31970368E-04	 5.53776837E-04	 4.92929483E-04	-3.24951848E-04	-1.58150887E-03	-1.40437510E-04	-3.08847575E-04	-3.07445403E-04	-2.84560522E-04	-2.40679068E-04	-1.42110674E-04
 3.860000E-01	-7.24952752E-04	-8.07307370E-04	-8.33491266E-04	 3.93674701E-03	 2.66720257E-04	 3.49011977E-04	 3.01337283E-04	 5.82177484E-04	 6.09175004E-04	 6.13449604E-04	 5.59666400E-04	 4.99854017E-04	-3.25902763E-04	-1.68141354E-03	-1.57794879E-04	-3.01386803E-04	-2.97332151E-04	-2.76564518E-04	-2.34732270E-04	-1.39589448E-04
 3.870000E-01	-7.33517565E-04	-8.19144756E-04	-8.55622366E-04	 3.91135559E-03	 2.91360239E-04	 3.44002836E-04	 2.92580533E-04	 5.63256705E-04	 5.90620286E-04	 5.95472864E-04	 5.65550844E-04	 5.06817650E-04	-3.26376978E-04	-1.77552458E-03	-1.75154414E-04	-2.94370370E-04	-2.87597020E-04	-2.68776912E-04	-2.28912196E-04	-1.37084705E-04
 3.880000E-01	-7.42126742E-04	-8.31090387E-04	-8.77745109E-04	 3.88320815E-03	 3.15232331E-04	 3.39433479E-04	 2.84237245E-04	 5.44993235E-04	 5.72646272E-04	 5.78032459E-04	 5.71438224E-04	 5.13830639E-04	-3.26393451E-04	-1.86364971E-03	-1.92489332E-04	-2.87790898E-04	-2.78234668E-04	-2.61197279E-04	-2.23219941E-04	-1.34599765E-04
 3.890000E-01	-7.50795976E-04	-8.43160348E-04	-8.99856282E-04	 3.85290022E-03	 3.38372009E-04	 3.35289341E-04	 2.76296751E-04	 5.27375763E-04	 5.55246478E-04	 5.61124178E-04	 5.77340815E-04	 5.20907343E-04	-3.25972911E-04	-1.94564845E-03	-2.09777965E-04	-2.81642783E-04	-2.69241183E-04	-2.53826517E-04	-2.17657665E-04	-1.32138522E-04
 3.900000E-01	-7.59531394E-04	-8.55359402E-04	-9.21944657E-04	 3.82102469E-03	 3.60814726E-04	 3.31552009E-04	 2.68744735E-04	 5.10385671E-04	 5.38406594E-04	 5.44735761E-04	 5.83263629E-04	 5.28055559E-04	-3.25131775E-04	-2.02140026E-03	-2.26998392E-04	-2.75916275E-04	-2.60608663E-04	-2.46661770E-04	-2.12224278E-04	-1.29702825E-04
 3.910000E-01	-7.68333350E-04	-8.67685806E-04	-9.43995550E-04	 3.78817305E-03	 3.82594722E-04	 3.28200946E-04	 2.61564947E-04	 4.94000657E-04	 5.22108281E-04	 5.28850752E-04	 5.89207272E-04	 5.35278637E-04	-3.23886086E-04	-2.09082769E-03	-2.44126664E-04	-2.70598737E-04	-2.52327135E-04	-2.39698302E-04	-2.06917063E-04	-1.27293401E-04
 3.920000E-01	-7.77202043E-04	-8.80137449E-04	-9.65996346E-04	 3.75494734E-03	 4.03747262E-04	 3.25216337E-04	 2.54741563E-04	 4.78199158E-04	 5.06333800E-04	 5.13453168E-04	 5.95172303E-04	 5.42579390E-04	-3.22253618E-04	-2.15391948E-03	-2.61139021E-04	-2.65676980E-04	-2.44386738E-04	-2.32931546E-04	-2.01733423E-04	-1.24910912E-04
 3.930000E-01	-7.86137522E-04	-8.92711713E-04	-9.87936252E-04	 3.72195032E-03	 4.24308948E-04	 3.22579292E-04	 2.48259275E-04	 4.62960378E-04	 4.91066045E-04	 4.98527537E-04	 6.01159243E-04	 5.49960171E-04	-3.20252908E-04	-2.21073210E-03	-2.78012875E-04	-2.61137453E-04	-2.36777697E-04	-2.26357072E-04	-1.96670840E-04	-1.22555943E-04
 3.940000E-01	-7.95138781E-04	-9.05404417E-04	-1.00980574E-03	 3.68977354E-03	 4.44317253E-04	 3.20271665E-04	 2.42103084E-04	 4.48263828E-04	 4.76288060E-04	 4.84058421E-04	 6.07167926E-04	 5.57422219E-04	-3.17902022E-04	-2.26138712E-03	-2.94726737E-04	-2.56966003E-04	-2.29490070E-04	-2.19970330E-04	-1.91726661E-04	-1.20228863E-04
 3.950000E-01	-8.04203363E-04	-9.18209631E-04	-1.03159691E-03	 3.65898170E-03	 4.63809382E-04	 3.18275798E-04	 2.36258114E-04	 4.34088997E-04	 4.61982703E-04	 4.70030117E-04	 6.13197078E-04	 5.64965208E-04	-3.15218467E-04	-2.30606759E-03	-3.11259641E-04	-2.53147686E-04	-2.22513638E-04	-2.13766578E-04	-1.86898047E-04	-1.17929812E-04
 3.960000E-01	-8.13329596E-04	-9.31122629E-04	-1.05330569E-03	 3.63010378E-03	 4.82823494E-04	 3.16575338E-04	 2.30710216E-04	 4.20416424E-04	 4.48133783E-04	 4.56427867E-04	 6.19245887E-04	 5.72588785E-04	-3.12221156E-04	-2.34501864E-03	-3.27592502E-04	-2.49667506E-04	-2.15838474E-04	-2.07741461E-04	-1.82182496E-04	-1.15659058E-04
 3.970000E-01	-8.22516827E-04	-9.44139866E-04	-1.07493074E-03	 3.60362673E-03	 5.01400337E-04	 3.15155887E-04	 2.25446298E-04	 4.07228079E-04	 4.34726442E-04	 4.43238247E-04	 6.25314416E-04	 5.80293029E-04	-3.08929560E-04	-2.37854342E-03	-3.43709883E-04	-2.46510802E-04	-2.09455038E-04	-2.01891028E-04	-1.77577843E-04	-1.13416994E-04
 3.980000E-01	-8.31764388E-04	-9.57257902E-04	-1.09647268E-03	 3.57998678E-03	 5.19581490E-04	 3.14004456E-04	 2.20453927E-04	 3.94506600E-04	 4.21746361E-04	 4.30448372E-04	 6.31402725E-04	 5.88077685E-04	-3.05362710E-04	-2.40699090E-03	-3.59599276E-04	-2.43662962E-04	-2.03353863E-04	-1.96211416E-04	-1.73082007E-04	-1.11203987E-04
 3.990000E-01	-8.41071493E-04	-9.70473340E-04	-1.11793431E-03	 3.55956498E-03	 5.37409194E-04	 3.13109461E-04	 2.15721310E-04	 3.82235208E-04	 4.09179662E-04	 4.18045793E-04	 6.37510764E-04	 5.95942140E-04	-3.01538461E-04	-2.43074570E-03	-3.75251387E-04	-2.41109499E-04	-1.97525524E-04	-1.90698811E-04	-1.68692949E-04	-1.09020366E-04
 4.000000E-01	-8.50434917E-04	-9.83780142E-04	-1.13931808E-03	 3.54267286E-03	 5.54925979E-04	 3.12460131E-04	 2.11236805E-04	 3.70396713E-04	 3.97011839E-04	 4.06017396E-04	 6.43636603E-04	 6.03883879E-04	-2.97471888E-04	-2.45021017E-03	-3.90660214E-04	-2.38835777E-04	-1.91960169E-04	-1.85348923E-04	-1.64408200E-04	-1.06866127E-04
 4.010000E-01	-8.59842158E-04	-9.97162206E-04	-1.16061658E-03	 3.52951265E-03	 5.72168717E-04	 3.12043641E-04	 2.06987159E-04	 3.58970633E-04	 3.85224670E-04	 3.94346256E-04	 6.49771192E-04	 6.11893357E-04	-2.93175988E-04	-2.46578079E-03	-4.05817988E-04	-2.36824924E-04	-1.86646066E-04	-1.80155602E-04	-1.60223646E-04	-1.04740130E-04
 4.020000E-01	-8.69280145E-04	-1.01060350E-03	-1.18182305E-03	 3.52020951E-03	 5.89170375E-04	 3.11847803E-04	 2.02959696E-04	 3.47937342E-04	 3.73800704E-04	 3.83016203E-04	 6.55905128E-04	 6.19960028E-04	-2.88666361E-04	-2.47787576E-03	-4.20715584E-04	-2.35059731E-04	-1.81571686E-04	-1.75112905E-04	-1.56135377E-04	-1.02641260E-04
 4.030000E-01	-8.78744768E-04	-1.02409864E-03	-1.20294426E-03	 3.51485835E-03	 6.05965701E-04	 3.11864512E-04	 1.99144572E-04	 3.37281817E-04	 3.62727271E-04	 3.72015899E-04	 6.62035702E-04	 6.28079296E-04	-2.83960779E-04	-2.48694872E-03	-4.35348549E-04	-2.33525670E-04	-1.76727724E-04	-1.70216994E-04	-1.52141363E-04	-1.00569565E-04
 4.040000E-01	-8.88234094E-04	-1.03764480E-03	-1.22399104E-03	 3.51350785E-03	 6.22589511E-04	 3.12087634E-04	 1.95533157E-04	 3.26990548E-04	 3.51993148E-04	 3.61335400E-04	 6.68161795E-04	 6.36248029E-04	-2.79074471E-04	-2.49345196E-03	-4.49716743E-04	-2.32209557E-04	-1.72105542E-04	-1.65464527E-04	-1.48240008E-04	-9.85253292E-05
 4.050000E-01	-8.97746155E-04	-1.05123935E-03	-1.24497530E-03	 3.51615812E-03	 6.39075193E-04	 3.12512021E-04	 1.92117413E-04	 3.17050516E-04	 3.41587468E-04	 3.50965055E-04	 6.74282204E-04	 6.44462896E-04	-2.74020497E-04	-2.49782049E-03	-4.63822323E-04	-2.31098864E-04	-1.67696685E-04	-1.60852171E-04	-1.44429723E-04	-9.65088010E-05
 4.060000E-01	-9.07279369E-04	-1.06488050E-03	-1.26591057E-03	 3.52276642E-03	 6.55453996E-04	 3.13133373E-04	 1.88889892E-04	 3.07449260E-04	 3.31499803E-04	 3.40895596E-04	 6.80395912E-04	 6.52720607E-04	-2.68810681E-04	-2.50046788E-03	-4.77668757E-04	-2.30181686E-04	-1.63492951E-04	-1.56376672E-04	-1.40708996E-04	-9.45202378E-05
 4.070000E-01	-9.16834701E-04	-1.07856976E-03	-1.28681564E-03	 3.53326291E-03	 6.71755342E-04	 3.13948713E-04	 1.85844086E-04	 2.98175480E-04	 3.21720815E-04	 3.31118822E-04	 6.86503610E-04	 6.61019482E-04	-2.63455447E-04	-2.50178733E-03	-4.91260804E-04	-2.29447174E-04	-1.59486747E-04	-1.52035202E-04	-1.37076701E-04	-9.25601297E-05
 4.080000E-01	-9.26413434E-04	-1.09230882E-03	-1.30771019E-03	 3.54755322E-03	 6.88009002E-04	 3.14956355E-04	 1.82974231E-04	 2.89218550E-04	 3.12241701E-04	 3.21627020E-04	 6.92606408E-04	 6.69358341E-04	-2.57961060E-04	-2.50214516E-03	-5.04606061E-04	-2.28885432E-04	-1.55670766E-04	-1.47824951E-04	-1.33531711E-04	-9.06289256E-05
 4.090000E-01	-9.36014716E-04	-1.10609730E-03	-1.32861095E-03	 3.56550514E-03	 7.04242964E-04	 3.16154691E-04	 1.80274631E-04	 2.80567489E-04	 3.03053086E-04	 3.12411855E-04	 6.98703755E-04	 6.77734653E-04	-2.52331591E-04	-2.50186857E-03	-5.17713855E-04	-2.28486962E-04	-1.52037548E-04	-1.43742706E-04	-1.30072523E-04	-8.87268041E-05
 4.100000E-01	-9.45636873E-04	-1.11993436E-03	-1.34953372E-03	 3.58695382E-03	 7.20482659E-04	 3.17542274E-04	 1.77739832E-04	 2.72211390E-04	 2.94145495E-04	 3.03464869E-04	 7.04794347E-04	 6.86145330E-04	-2.46570769E-04	-2.50125086E-03	-5.30593995E-04	-2.28242780E-04	-1.48579723E-04	-1.39785123E-04	-1.26697496E-04	-8.68538349E-05
 4.110000E-01	-9.55278178E-04	-1.13381940E-03	-1.37049394E-03	 3.61171122E-03	 7.36751479E-04	 3.19118115E-04	 1.75364827E-04	 2.64139787E-04	 2.85509754E-04	 2.94777885E-04	 7.10876771E-04	 6.94587270E-04	-2.40681943E-04	-2.50055932E-03	-5.43256682E-04	-2.28144601E-04	-1.45290209E-04	-1.35948896E-04	-1.23405001E-04	-8.50100726E-05
 4.120000E-01	-9.64937563E-04	-1.14775281E-03	-1.39150587E-03	 3.63957468E-03	 7.53070836E-04	 3.20881765E-04	 1.73145169E-04	 2.56342926E-04	 2.77137289E-04	 2.86343308E-04	 7.16950020E-04	 7.03057682E-04	-2.34668978E-04	-2.50004333E-03	-5.55712631E-04	-2.28184887E-04	-1.42162344E-04	-1.32230915E-04	-1.20193567E-04	-8.31956534E-05
 4.130000E-01	-9.74622771E-04	-1.16174556E-03	-1.41259261E-03	 3.67036592E-03	 7.69467344E-04	 3.22836006E-04	 1.71078370E-04	 2.48813740E-04	 2.69022274E-04	 2.78156339E-04	 7.23019688E-04	 7.11560565E-04	-2.28537017E-04	-2.49994823E-03	-5.67979945E-04	-2.28358934E-04	-1.39190983E-04	-1.28629250E-04	-1.17062773E-04	-8.14114201E-05
 4.140000E-01	-9.84346751E-04	-1.17581470E-03	-1.43378283E-03	 3.70393330E-03	 7.85971348E-04	 3.24985873E-04	 1.69163173E-04	 2.41546488E-04	 2.61160138E-04	 2.70213403E-04	 7.29095120E-04	 7.20104442E-04	-2.22287762E-04	-2.50048659E-03	-5.80084076E-04	-2.28664606E-04	-1.36371930E-04	-1.25142484E-04	-1.14012607E-04	-7.96585052E-05
 4.150000E-01	-9.94114080E-04	-1.18996708E-03	-1.45509378E-03	 3.74011333E-03	 8.02605923E-04	 3.27334022E-04	 1.67397124E-04	 2.34533348E-04	 2.53543912E-04	 2.62508367E-04	 7.35179363E-04	 7.28692011E-04	-2.15916644E-04	-2.50180427E-03	-5.92046293E-04	-2.29098724E-04	-1.33700028E-04	-1.21767978E-04	-1.11041888E-04	-7.79372114E-05
 4.160000E-01	-1.00392403E-03	-1.20420334E-03	-1.47653546E-03	 3.77873741E-03	 8.19388040E-04	 3.29881282E-04	 1.65777049E-04	 2.27765453E-04	 2.46165382E-04	 2.55033737E-04	 7.41271507E-04	 7.37321955E-04	-2.09417657E-04	-2.50400265E-03	-6.03882404E-04	-2.29657056E-04	-1.31169604E-04	-1.18502438E-04	-1.08148802E-04	-7.62473571E-05
 4.170000E-01	-1.01377589E-03	-1.21852425E-03	-1.49811731E-03	 3.81964749E-03	 8.36332870E-04	 3.32628408E-04	 1.64299988E-04	 2.21234280E-04	 2.39016594E-04	 2.47782209E-04	 7.47370617E-04	 7.45992970E-04	-2.02784667E-04	-2.50715889E-03	-6.15606980E-04	-2.30335618E-04	-1.28775237E-04	-1.15342634E-04	-1.05331548E-04	-7.45887329E-05
 4.180000E-01	-1.02366839E-03	-1.23292970E-03	-1.51984731E-03	 3.86269829E-03	 8.53454551E-04	 3.35576222E-04	 1.62963219E-04	 2.14931599E-04	 2.32089787E-04	 2.40746600E-04	 7.53475379E-04	 7.54703592E-04	-1.96009246E-04	-2.51132547E-03	-6.27234564E-04	-2.31130939E-04	-1.26511762E-04	-1.12285359E-04	-1.02588286E-04	-7.29610638E-05
 4.190000E-01	-1.03359473E-03	-1.24741257E-03	-1.54172631E-03	 3.90774007E-03	 8.70762061E-04	 3.38724007E-04	 1.61763462E-04	 2.08848497E-04	 2.25376348E-04	 2.33918763E-04	 7.59580488E-04	 7.63448335E-04	-1.89079254E-04	-2.51652321E-03	-6.38775363E-04	-2.32038818E-04	-1.24373691E-04	-1.09326932E-04	-9.99166782E-05	-7.13636735E-05
 4.200000E-01	-1.04354533E-03	-1.26196284E-03	-1.56375234E-03	 3.95461197E-03	 8.88258572E-04	 3.42069576E-04	 1.60697081E-04	 2.02975876E-04	 2.18867383E-04	 2.27290219E-04	 7.65678392E-04	 7.72219232E-04	-1.81983620E-04	-2.52275346E-03	-6.50234547E-04	-2.33054285E-04	-1.22355449E-04	-1.06463544E-04	-9.73142230E-05	-6.97957297E-05
 4.210000E-01	-1.05351565E-03	-1.27657694E-03	-1.58592966E-03	 4.00316395E-03	 9.05949700E-04	 3.45612094E-04	 1.59761382E-04	 1.97306075E-04	 2.12555462E-04	 2.20853968E-04	 7.71765262E-04	 7.81012139E-04	-1.74714490E-04	-2.53001970E-03	-6.61619827E-04	-2.34173605E-04	-1.20452295E-04	-1.03692050E-04	-9.47789848E-05	-6.82567680E-05
 4.220000E-01	-1.06350441E-03	-1.29125519E-03	-1.60826580E-03	 4.05325743E-03	 9.23843273E-04	 3.49351878E-04	 1.58954391E-04	 1.91832392E-04	 2.06434089E-04	 2.14603943E-04	 7.77839793E-04	 7.89825863E-04	-1.67264018E-04	-2.53831872E-03	-6.72941874E-04	-2.35394255E-04	-1.18660108E-04	-1.01009691E-04	-9.23093250E-05	-6.67465079E-05
 4.230000E-01	-1.07351033E-03	-1.30599789E-03	-1.63076756E-03	 4.10475928E-03	 9.41946366E-04	 3.53289299E-04	 1.58274328E-04	 1.86548428E-04	 2.00496994E-04	 2.08534272E-04	 7.83900727E-04	 7.98659511E-04	-1.59623584E-04	-2.54763217E-03	-6.84211412E-04	-2.36714119E-04	-1.16975010E-04	-9.84137846E-05	-8.99036154E-05	-6.52646472E-05
 4.240000E-01	-1.08353175E-03	-1.32080493E-03	-1.65344079E-03	 4.15754085E-03	 9.60265470E-04	 3.57424702E-04	 1.57719538E-04	 1.81448001E-04	 1.94738057E-04	 2.02639200E-04	 7.89946513E-04	 8.07512060E-04	-1.51784425E-04	-2.55792772E-03	-6.95438999E-04	-2.38131380E-04	-1.15393318E-04	-9.59016944E-05	-8.75602141E-05	-6.38108454E-05
 4.250000E-01	-1.09356392E-03	-1.33567278E-03	-1.67628566E-03	 4.21146266E-03	 9.78803633E-04	 3.61757220E-04	 1.57287996E-04	 1.76524627E-04	 1.89150757E-04	 1.96912521E-04	 7.95973180E-04	 8.16380192E-04	-1.43740230E-04	-2.56915656E-03	-7.06632943E-04	-2.39643756E-04	-1.13911215E-04	-9.34705853E-05	-8.52772503E-05	-6.23845706E-05
 4.260000E-01	-1.10359982E-03	-1.35059492E-03	-1.69929601E-03	 4.26638837E-03	 9.97562667E-04	 3.66285438E-04	 1.56977583E-04	 1.71771905E-04	 1.83728621E-04	 1.91348030E-04	 8.01975447E-04	 8.25259084E-04	-1.35486361E-04	-2.58127118E-03	-7.17799341E-04	-2.41248557E-04	-1.12524873E-04	-9.11175629E-05	-8.30527601E-05	-6.09851766E-05
 4.270000E-01	-1.11363561E-03	-1.36556848E-03	-1.72247003E-03	 4.32220844E-03	 1.01654496E-03	 3.71008724E-04	 1.56786722E-04	 1.67184264E-04	 1.78466025E-04	 1.85940355E-04	 8.07950385E-04	 8.34146171E-04	-1.27018106E-04	-2.59423588E-03	-7.28944178E-04	-2.42943711E-04	-1.11230988E-04	-8.88401423E-05	-8.08851091E-05	-5.96122176E-05
 4.280000E-01	-1.12366942E-03	-1.38059291E-03	-1.74580929E-03	 4.37883352E-03	 1.03575298E-03	 3.75926880E-04	 1.56714183E-04	 1.62756663E-04	 1.73357862E-04	 1.80684610E-04	 8.13896403E-04	 8.43040282E-04	-1.18329829E-04	-2.60801623E-03	-7.40073834E-04	-2.44727683E-04	-1.10026641E-04	-8.66361032E-05	-7.87728545E-05	-5.82653552E-05
 4.290000E-01	-1.13369938E-03	-1.39566750E-03	-1.76931509E-03	 4.43618599E-03	 1.05518892E-03	 3.81039669E-04	 1.56758835E-04	 1.58484286E-04	 1.68399225E-04	 1.75576061E-04	 8.19811910E-04	 8.51940193E-04	-1.09415718E-04	-2.62257394E-03	-7.51194233E-04	-2.46599071E-04	-1.08909093E-04	-8.45033118E-05	-7.67145867E-05	-5.69442405E-05
 4.300000E-01	-1.14372431E-03	-1.41079244E-03	-1.79298961E-03	 4.49420115E-03	 1.07485413E-03	 3.86346809E-04	 1.56919669E-04	 1.54362596E-04	 1.63585473E-04	 1.70610209E-04	 8.25695795E-04	 8.60845046E-04	-1.00270850E-04	-2.63787016E-03	-7.62310051E-04	-2.48556515E-04	-1.07875798E-04	-8.24397657E-05	-7.47089770E-05	-5.56485510E-05
 4.310000E-01	-1.15374677E-03	-1.42597232E-03	-1.81684169E-03	 4.55284263E-03	 1.09475096E-03	 3.91848926E-04	 1.57196187E-04	 1.50387709E-04	 1.58912618E-04	 1.65783191E-04	 8.31549529E-04	 8.69756574E-04	-9.08896820E-05	-2.65387277E-03	-7.73425913E-04	-2.50599250E-04	-1.06924653E-04	-8.04438058E-05	-7.27549669E-05	-5.43781337E-05
 4.320000E-01	-1.16376954E-03	-1.44121144E-03	-1.84088025E-03	 4.61209515E-03	 1.11488476E-03	 3.97547433E-04	 1.57588186E-04	 1.46556014E-04	 1.54376896E-04	 1.61091338E-04	 8.37374975E-04	 8.78676979E-04	-8.12636568E-05	-2.67055028E-03	-7.84547974E-04	-2.52726954E-04	-1.06053748E-04	-7.85138414E-05	-7.08515129E-05	-5.31328154E-05
 4.330000E-01	-1.17379211E-03	-1.45651027E-03	-1.86510866E-03	 4.67193632E-03	 1.13525965E-03	 4.03442882E-04	 1.58095124E-04	 1.42863589E-04	 1.49974172E-04	 1.56530569E-04	 8.43171577E-04	 8.87606138E-04	-7.13848864E-05	-2.68786083E-03	-7.95681771E-04	-2.54938911E-04	-1.05260998E-04	-7.66480815E-05	-6.89973573E-05	-5.19122421E-05
 4.340000E-01	-1.18381290E-03	-1.47186832E-03	-1.88952866E-03	 4.73233807E-03	 1.15587860E-03	 4.09535355E-04	 1.58716330E-04	 1.39306497E-04	 1.45700269E-04	 1.52096749E-04	 8.48937946E-04	 8.96543086E-04	-6.12475710E-05	-2.70576175E-03	-8.06831559E-04	-2.57234155E-04	-1.04544299E-04	-7.48447100E-05	-6.71911965E-05	-5.07160033E-05
 4.350000E-01	-1.19383029E-03	-1.48728521E-03	-1.91414183E-03	 4.79327068E-03	 1.17674423E-03	 4.15824897E-04	 1.59451179E-04	 1.35880958E-04	 1.41551148E-04	 1.47785869E-04	 8.54672695E-04	 9.05486864E-04	-5.08471370E-05	-2.72421622E-03	-8.18000909E-04	-2.59611673E-04	-1.03901619E-04	-7.31019663E-05	-6.54317540E-05	-4.95436858E-05
 4.360000E-01	-1.20384316E-03	-1.50276112E-03	-1.93894915E-03	 4.85470534E-03	 1.19786059E-03	 4.22311899E-04	 1.60299212E-04	 1.32583412E-04	 1.37522983E-04	 1.43594130E-04	 8.60374893E-04	 9.14437072E-04	-4.01797239E-05	-2.74319612E-03	-8.29194334E-04	-2.62070622E-04	-1.03331052E-04	-7.14181662E-05	-6.37178046E-05	-4.83948918E-05
 4.370000E-01	-1.21385220E-03	-1.51829865E-03	-1.96395250E-03	 4.91661717E-03	 1.21923552E-03	 4.28997751E-04	 1.61260356E-04	 1.29410656E-04	 1.33612297E-04	 1.39518079E-04	 8.66045049E-04	 9.23395086E-04	-2.92421043E-05	-2.76267865E-03	-8.40420134E-04	-2.64610962E-04	-1.02830979E-04	-6.97917685E-05	-6.20482314E-05	-4.72692862E-05
 4.380000E-01	-1.22385879E-03	-1.53390187E-03	-1.98915623E-03	 4.97897629E-03	 1.24087373E-03	 4.35883409E-04	 1.62334515E-04	 1.26359553E-04	 1.29815660E-04	 1.35554288E-04	 8.71683713E-04	 9.32362555E-04	-1.80322345E-05	-2.78263201E-03	-8.51685655E-04	-2.67232802E-04	-1.02399924E-04	-6.82213116E-05	-6.04219580E-05	-4.61665489E-05
 4.390000E-01	-1.23386193E-03	-1.54957136E-03	-2.01456120E-03	 5.04175404E-03	 1.26277734E-03	 4.42969213E-04	 1.63521404E-04	 1.23426916E-04	 1.26129562E-04	 1.31699214E-04	 8.77289915E-04	 9.41339219E-04	-6.54685535E-06	-2.80302053E-03	-8.62994668E-04	-2.69935659E-04	-1.02036313E-04	-6.67052791E-05	-5.88378242E-05	-4.50862643E-05
 4.400000E-01	-1.24386017E-03	-1.56530696E-03	-2.04016735E-03	 5.10493015E-03	 1.28494796E-03	 4.50255380E-04	 1.64820751E-04	 1.20609659E-04	 1.22550594E-04	 1.27949386E-04	 8.82862415E-04	 9.50324363E-04	 5.21700310E-06	-2.82381160E-03	-8.74349543E-04	-2.72718834E-04	-1.01738616E-04	-6.52421954E-05	-5.72946850E-05	-4.40280014E-05
 4.410000E-01	-1.25385206E-03	-1.58110846E-03	-2.06597419E-03	 5.16849387E-03	 1.30738702E-03	 4.57742129E-04	 1.66232348E-04	 1.17904842E-04	 1.19075481E-04	 1.24301450E-04	 8.88399980E-04	 9.59317156E-04	 1.72617691E-05	-2.84497784E-03	-8.85751977E-04	-2.75581576E-04	-1.01505381E-04	-6.38306530E-05	-5.57914355E-05	-4.29913348E-05
 4.420000E-01	-1.26383721E-03	-1.59697677E-03	-2.09198316E-03	 5.23245187E-03	 1.33009637E-03	 4.65430126E-04	 1.67756209E-04	 1.15309799E-04	 1.15701212E-04	 1.20752297E-04	 8.93902130E-04	 9.68317338E-04	 2.95906454E-05	-2.86650098E-03	-8.97203331E-04	-2.78523338E-04	-1.01335343E-04	-6.24693916E-05	-5.43270737E-05	-4.19758924E-05
 4.430000E-01	-1.27381670E-03	-1.61291428E-03	-2.11819930E-03	 5.29683015E-03	 1.35307919E-03	 4.73320774E-04	 1.69392647E-04	 1.12822143E-04	 1.12425026E-04	 1.17299051E-04	 8.99369416E-04	 9.77325641E-04	 4.22091583E-05	-2.88836961E-03	-9.08705400E-04	-2.81543948E-04	-1.01227440E-04	-6.11572978E-05	-5.29006946E-05	-4.09813525E-05
 4.440000E-01	-1.28379048E-03	-1.62892207E-03	-2.14462583E-03	 5.36165514E-03	 1.37633966E-03	 4.81415458E-04	 1.71141961E-04	 1.10439496E-04	 1.09244146E-04	 1.13938811E-04	 9.04801636E-04	 9.86342138E-04	 5.51231251E-05	-2.91057014E-03	-9.20260947E-04	-2.84643255E-04	-1.01180611E-04	-5.98932311E-05	-5.15113554E-05	-4.00073479E-05
 4.450000E-01	-1.29375704E-03	-1.64499972E-03	-2.17126298E-03	 5.42694408E-03	 1.39988176E-03	 4.89715174E-04	 1.73004325E-04	 1.08159433E-04	 1.06155743E-04	 1.10668611E-04	 9.10197548E-04	 9.95365945E-04	 6.83367130E-05	-2.93308652E-03	-9.31872931E-04	-2.87820927E-04	-1.01193734E-04	-5.86759974E-05	-5.01580638E-05	-3.90534602E-05
 4.460000E-01	-1.30371477E-03	-1.66114687E-03	-2.19811084E-03	 5.49270947E-03	 1.42370948E-03	 4.98220936E-04	 1.74979937E-04	 1.05979611E-04	 1.03157070E-04	 1.07485561E-04	 9.15555843E-04	 1.00439617E-03	 8.18533901E-05	-2.95590473E-03	-9.43544289E-04	-2.91076639E-04	-1.01265717E-04	-5.75044321E-05	-4.88398456E-05	-3.81192701E-05
 4.470000E-01	-1.31366190E-03	-1.67736313E-03	-2.22516955E-03	 5.55895690E-03	 1.44782672E-03	 5.06933767E-04	 1.77069025E-04	 1.03897768E-04	 1.00245444E-04	 1.04386840E-04	 9.20875050E-04	 1.01343179E-03	 9.56760323E-05	-2.97901066E-03	-9.55278371E-04	-2.94410153E-04	-1.01395515E-04	-5.63773971E-05	-4.75557407E-05	-3.72043557E-05
 4.480000E-01	-1.32359537E-03	-1.69364712E-03	-2.25243617E-03	 5.62567639E-03	 1.47223474E-03	 5.15853715E-04	 1.79271563E-04	 1.01911562E-04	 9.74181254E-05	 1.01369556E-04	 9.26152562E-04	 1.02247081E-03	 1.09803848E-04	-3.00238694E-03	-9.67077802E-04	-2.97820854E-04	-1.01581996E-04	-5.52936996E-05	-4.63047539E-05	-3.63082601E-05
 4.490000E-01	-1.33351034E-03	-1.70999453E-03	-2.27990079E-03	 5.69286215E-03	 1.49693710E-03	 5.24981050E-04	 1.81587555E-04	 1.00018706E-04	 9.46724462E-05	 9.84308861E-05	 9.31385061E-04	 1.03151032E-03	 1.24235832E-04	-3.02602605E-03	-9.78945344E-04	-3.01307926E-04	-1.01823974E-04	-5.42521175E-05	-4.50858665E-05	-3.54304896E-05
 4.500000E-01	-1.34340369E-03	-1.72640305E-03	-2.30755711E-03	 5.76052376E-03	 1.52193771E-03	 5.34316649E-04	 1.84017265E-04	 9.82171721E-05	 9.20059788E-05	 9.55682383E-05	 9.36570448E-04	 1.04054863E-03	 1.38973197E-04	-3.04992741E-03	-9.90883939E-04	-3.04870913E-04	-1.02120454E-04	-5.32515824E-05	-4.38981687E-05	-3.45706152E-05
 4.510000E-01	-1.35327351E-03	-1.74287207E-03	-2.33540296E-03	 5.82867548E-03	 1.54723962E-03	 5.43861509E-04	 1.86561081E-04	 9.65051008E-05	 8.94164461E-05	 9.27791565E-05	 9.41707312E-04	 1.04958482E-03	 1.54018871E-04	-3.07408383E-03	-1.00289669E-03	-3.08509576E-04	-1.02470579E-04	-5.22911304E-05	-4.27408206E-05	-3.37282453E-05
 4.520000E-01	-1.36311804E-03	-1.75940127E-03	-2.36343806E-03	 5.89733086E-03	 1.57284548E-03	 5.53616597E-04	 1.89219443E-04	 9.48807217E-05	 8.69016458E-05	 9.00612404E-05	 9.46794381E-04	 1.05861833E-03	 1.69377068E-04	-3.09847423E-03	-1.01498644E-03	-3.12223700E-04	-1.02873551E-04	-5.13698385E-05	-4.16130012E-05	-3.29029865E-05
 4.530000E-01	-1.37293239E-03	-1.77598612E-03	-2.39165916E-03	 5.96649162E-03	 1.59875476E-03	 5.63581921E-04	 1.91992493E-04	 9.33421913E-05	 8.44592864E-05	 8.74119725E-05	 9.51828246E-04	 1.06764609E-03	 1.85053088E-04	-3.12305969E-03	-1.02715295E-03	-3.16012516E-04	-1.03328455E-04	-5.04867460E-05	-4.05138311E-05	-3.20943789E-05
 4.540000E-01	-1.38270535E-03	-1.79261382E-03	-2.42005491E-03	 6.03612715E-03	 1.62495772E-03	 5.73754643E-04	 1.94879438E-04	 9.18873662E-05	 8.20868088E-05	 8.48285454E-05	 9.56801078E-04	 1.07665953E-03	 2.01050151E-04	-3.14778878E-03	-1.03938768E-03	-3.19873372E-04	-1.03833894E-04	-4.96407510E-05	-3.94423009E-05	-3.13018382E-05
 4.550000E-01	-1.39242787E-03	-1.80927485E-03	-2.44861732E-03	 6.10619899E-03	 1.65144487E-03	 5.84131972E-04	 1.97879582E-04	 9.05143019E-05	 7.97818938E-05	 8.23084066E-05	 9.61706524E-04	 1.08565144E-03	 2.17367043E-04	-3.17262725E-03	-1.05168132E-03	-3.23803350E-04	-1.04388503E-04	-4.88308492E-05	-3.83975107E-05	-3.05248556E-05
 4.560000E-01	-1.40209686E-03	-1.82596760E-03	-2.47734651E-03	 6.17668235E-03	 1.67821458E-03	 5.94713603E-04	 2.00993106E-04	 8.92215176E-05	 7.75426706E-05	 7.98494683E-05	 9.66542463E-04	 1.09461961E-03	 2.34001639E-04	-3.19756480E-03	-1.06403094E-03	-3.27800982E-04	-1.04991383E-04	-4.80562504E-05	-3.73787506E-05	-2.97630693E-05
 4.570000E-01	-1.41170988E-03	-1.84269120E-03	-2.50624296E-03	 6.24755195E-03	 1.70526659E-03	 6.05499764E-04	 2.04220389E-04	 8.80076613E-05	 7.53673771E-05	 7.74497487E-05	 9.71307252E-04	 1.10356250E-03	 2.50952288E-04	-3.22259810E-03	-1.07643529E-03	-3.31865262E-04	-1.05641767E-04	-4.73162181E-05	-3.63853467E-05	-2.90161365E-05
 4.580000E-01	-1.42126504E-03	-1.85944561E-03	-2.53530681E-03	 6.31878255E-03	 1.73260118E-03	 6.16490800E-04	 2.07561869E-04	 8.68714543E-05	 7.32543329E-05	 7.51073529E-05	 9.75999703E-04	 1.11247910E-03	 2.68216152E-04	-3.24773343E-03	-1.08889319E-03	-3.35995123E-04	-1.06338893E-04	-4.66100373E-05	-3.54166517E-05	-2.82837296E-05
 4.590000E-01	-1.43076541E-03	-1.87623724E-03	-2.56454351E-03	 6.39037086E-03	 1.76022871E-03	 6.27689935E-04	 2.11018919E-04	 8.58119685E-05	 7.12021783E-05	 7.28207189E-05	 9.80622371E-04	 1.12137294E-03	 2.85791636E-04	-3.27299392E-03	-1.10141061E-03	-3.40190973E-04	-1.07082412E-04	-4.59371230E-05	-3.44721380E-05	-2.75656155E-05
 4.600000E-01	-1.44021761E-03	-1.89307798E-03	-2.59396711E-03	 6.46232030E-03	 1.78816083E-03	 6.39101371E-04	 2.14593373E-04	 8.48284727E-05	 6.92096932E-05	 7.05884086E-05	 9.85179744E-04	 1.13025039E-03	 3.03678546E-04	-3.29839322E-03	-1.11399759E-03	-3.44454472E-04	-1.07872351E-04	-4.52970018E-05	-3.35513508E-05	-2.68616168E-05
 4.610000E-01	-1.44962289E-03	-1.90997243E-03	-2.62358418E-03	 6.53461709E-03	 1.81640207E-03	 6.50727290E-04	 2.18286419E-04	 8.39200264E-05	 6.72754413E-05	 6.84087387E-05	 9.89672565E-04	 1.13911331E-03	 3.21876840E-04	-3.32392489E-03	-1.12665849E-03	-3.48786217E-04	-1.08708454E-04	-4.46891034E-05	-3.26537258E-05	-2.61714521E-05
 4.620000E-01	-1.45897908E-03	-1.92692012E-03	-2.65339432E-03	 6.60724278E-03	 1.84495465E-03	 6.62568948E-04	 2.22098915E-04	 8.30856121E-05	 6.53979219E-05	 6.62799475E-05	 9.94099355E-04	 1.14796043E-03	 3.40384756E-04	-3.34958447E-03	-1.13939383E-03	-3.53185940E-04	-1.09590259E-04	-4.41128123E-05	-3.17786536E-05	-2.54947898E-05
 4.630000E-01	-1.46828415E-03	-1.94392101E-03	-2.68339644E-03	 6.68017985E-03	 1.87381946E-03	 6.74627267E-04	 2.26031664E-04	 8.23242542E-05	 6.35756960E-05	 6.42003294E-05	 9.98458732E-04	 1.15679036E-03	 3.59197974E-04	-3.37538063E-03	-1.15220248E-03	-3.57653042E-04	-1.10517274E-04	-4.35675361E-05	-3.09255495E-05	-2.48313093E-05
 4.640000E-01	-1.47754393E-03	-1.96098560E-03	-2.71360256E-03	 6.75344715E-03	 1.90300142E-03	 6.86905555E-04	 2.30086394E-04	 8.16354211E-05	 6.18076848E-05	 6.21685336E-05	 1.00275446E-03	 1.16560750E-03	 3.78312660E-04	-3.40134756E-03	-1.16508626E-03	-3.62188154E-04	-1.11489461E-04	-4.30529354E-05	-3.00940102E-05	-2.41808255E-05
 4.650000E-01	-1.48677593E-03	-1.97813910E-03	-2.74404595E-03	 6.82714432E-03	 1.93252132E-03	 6.99413467E-04	 2.34266983E-04	 8.10193903E-05	 6.00933463E-05	 6.01837130E-05	 1.00699833E-03	 1.17442584E-03	 3.97734690E-04	-3.42753834E-03	-1.17805816E-03	-3.66795425E-04	-1.12507812E-04	-4.25690914E-05	-2.92838806E-05	-2.35433362E-05
 4.660000E-01	-1.49599103E-03	-1.99539711E-03	-2.77474810E-03	 6.90137887E-03	 1.96240195E-03	 7.12160405E-04	 2.38577119E-04	 8.04762533E-05	 5.84319006E-05	 5.82447446E-05	 1.01119796E-03	 1.18325509E-03	 4.17476111E-04	-3.45397020E-03	-1.19113302E-03	-3.71479029E-04	-1.13573205E-04	-4.21159316E-05	-2.84948532E-05	-2.29187056E-05
 4.670000E-01	-1.50518907E-03	-2.01276166E-03	-2.80571231E-03	 6.97621359E-03	 1.99265292E-03	 7.25150401E-04	 2.43018730E-04	 8.00054582E-05	 5.68220999E-05	 5.63500307E-05	 1.01535324E-03	 1.19209622E-03	 4.37543482E-04	-3.48061737E-03	-1.20431713E-03	-3.76240377E-04	-1.14685686E-04	-4.16930197E-05	-2.77263851E-05	-2.23066105E-05
 4.680000E-01	-1.51436908E-03	-2.03023417E-03	-2.83694118E-03	 7.05170194E-03	 2.02328202E-03	 7.38386706E-04	 2.47593492E-04	 7.96064019E-05	 5.52626867E-05	 5.44979668E-05	 1.01946345E-03	 1.20094945E-03	 4.57940431E-04	-3.50744814E-03	-1.21761453E-03	-3.81080211E-04	-1.15845129E-04	-4.12998772E-05	-2.69779219E-05	-2.17067162E-05
 4.690000E-01	-1.52352761E-03	-2.04781296E-03	-2.86843483E-03	 7.12788102E-03	 2.05429535E-03	 7.51871832E-04	 2.52302844E-04	 7.92784293E-05	 5.37523655E-05	 5.26869026E-05	 1.02352611E-03	 1.20981316E-03	 4.78670440E-04	-3.53441874E-03	-1.23102916E-03	-3.85999091E-04	-1.17051333E-04	-4.09359796E-05	-2.62488779E-05	-2.11186573E-05
 4.700000E-01	-1.53265017E-03	-2.06548234E-03	-2.90017309E-03	 7.20472394E-03	 2.08568331E-03	 7.65602056E-04	 2.57146224E-04	 7.90202613E-05	 5.22894842E-05	 5.09148488E-05	 1.02753114E-03	 1.21867682E-03	 4.99728595E-04	-3.56146304E-03	-1.24455542E-03	-3.90994451E-04	-1.18303219E-04	-4.06004551E-05	-2.55384817E-05	-2.05419232E-05
 4.710000E-01	-1.54171993E-03	-2.08322285E-03	-2.93212481E-03	 7.28219169E-03	 2.11743563E-03	 7.79572713E-04	 2.62122664E-04	 7.88305255E-05	 5.08724276E-05	 4.91798817E-05	 1.03146756E-03	 1.22752825E-03	 5.21104420E-04	-3.58854040E-03	-1.25818352E-03	-3.96062309E-04	-1.19599340E-04	-4.02923615E-05	-2.48459593E-05	-1.99760006E-05
 4.720000E-01	-1.55073162E-03	-2.10103049E-03	-2.96428033E-03	 7.36029802E-03	 2.14955114E-03	 7.93783756E-04	 2.67232837E-04	 7.87085163E-05	 4.95000484E-05	 4.74805288E-05	 1.03533205E-03	 1.23636420E-03	 5.42792070E-04	-3.61564745E-03	-1.27191057E-03	-4.01201171E-04	-1.20939039E-04	-4.00111408E-05	-2.41707769E-05	-1.94205552E-05
 4.730000E-01	-1.55968317E-03	-2.11890539E-03	-2.99663735E-03	 7.43908532E-03	 2.18203226E-03	 8.08236967E-04	 2.72478113E-04	 7.86538249E-05	 4.81713796E-05	 4.58154705E-05	 1.03912341E-03	 1.24518422E-03	 5.64791541E-04	-3.64277654E-03	-1.28573853E-03	-4.06410877E-04	-1.22322048E-04	-3.97563944E-05	-2.35124852E-05	-1.88753072E-05
 4.740000E-01	-1.56857041E-03	-2.13684434E-03	-3.02919324E-03	 7.51860911E-03	 2.21488419E-03	 8.22934740E-04	 2.77860059E-04	 7.86661552E-05	 4.68854906E-05	 4.41833882E-05	 1.04283915E-03	 1.25398654E-03	 5.87107806E-04	-3.66989312E-03	-1.29967177E-03	-4.11691924E-04	-1.23748273E-04	-3.95277786E-05	-2.28706389E-05	-1.83399643E-05
 4.750000E-01	-1.57736868E-03	-2.15481559E-03	-3.06191181E-03	 7.59883162E-03	 2.24809023E-03	 8.37870785E-04	 2.83377138E-04	 7.87444447E-05	 4.56409659E-05	 4.25824835E-05	 1.04646341E-03	 1.26275254E-03	 6.09739114E-04	-3.69691167E-03	-1.31369741E-03	-4.17040234E-04	-1.25216282E-04	-3.93246095E-05	-2.22445586E-05	-1.78140199E-05
 4.760000E-01	-1.58604260E-03	-2.17277417E-03	-3.09473946E-03	 7.67960741E-03	 2.28160584E-03	 8.53029193E-04	 2.89024643E-04	 7.88869408E-05	 4.44361279E-05	 4.10107576E-05	 1.04997274E-03	 1.27145320E-03	 6.32665374E-04	-3.72375777E-03	-1.32778156E-03	-4.22446263E-04	-1.26723225E-04	-3.91459269E-05	-2.16334686E-05	-1.72968862E-05
 4.770000E-01	-1.59457585E-03	-2.19070184E-03	-3.12765490E-03	 7.76082304E-03	 2.31540538E-03	 8.68401103E-04	 2.94800382E-04	 7.90926374E-05	 4.32698921E-05	 3.94668233E-05	 1.05335637E-03	 1.28007451E-03	 6.55864345E-04	-3.75045780E-03	-1.34190169E-03	-4.27903471E-04	-1.28267251E-04	-3.89911119E-05	-2.10368747E-05	-1.67882178E-05
 4.780000E-01	-1.60296401E-03	-2.20859588E-03	-3.16065613E-03	 7.84240027E-03	 2.34948424E-03	 8.83985198E-04	 3.00704710E-04	 7.93612150E-05	 4.21415824E-05	 3.79496748E-05	 1.05661177E-03	 1.28861286E-03	 6.79321805E-04	-3.77710231E-03	-1.35605089E-03	-4.33409443E-04	-1.29847655E-04	-3.88598475E-05	-2.04544587E-05	-1.62878109E-05
 4.790000E-01	-1.61120369E-03	-2.22645496E-03	-3.19373865E-03	 7.92424730E-03	 2.38383569E-03	 8.99779819E-04	 3.06737921E-04	 7.96923518E-05	 4.10505508E-05	 3.64583429E-05	 1.05973710E-03	 1.29706532E-03	 7.03021923E-04	-3.80381183E-03	-1.37022191E-03	-4.38961685E-04	-1.31463711E-04	-3.87518164E-05	-1.98859158E-05	-1.57954743E-05
 4.800000E-01	-1.61931492E-03	-2.24431035E-03	-3.22693380E-03	 8.00638098E-03	 2.41848218E-03	 9.15794558E-04	 3.12904299E-04	 8.00866707E-05	 3.99966909E-05	 3.49923660E-05	 1.06274613E-03	 1.30544859E-03	 7.26957582E-04	-3.83077862E-03	-1.38442666E-03	-4.44562789E-04	-1.33116191E-04	-3.86670893E-05	-1.93311855E-05	-1.53112322E-05
 4.810000E-01	-1.62734679E-03	-2.26223342E-03	-3.26033107E-03	 8.08900355E-03	 2.45349603E-03	 9.32058025E-04	 3.19214807E-04	 8.05464168E-05	 3.89805968E-05	 3.35518254E-05	 1.06567166E-03	 1.31380479E-03	 7.51151485E-04	-3.85820586E-03	-1.39871584E-03	-4.50226072E-04	-1.34808843E-04	-3.86064222E-05	-1.87905033E-05	-1.48353452E-05
 4.820000E-01	-1.63532832E-03	-2.28026765E-03	-3.29399338E-03	 8.17227632E-03	 2.48893035E-03	 9.48591770E-04	 3.25678045E-04	 8.10732872E-05	 3.80023860E-05	 3.21362590E-05	 1.06853294E-03	 1.32216049E-03	 7.75633462E-04	-3.88614819E-03	-1.41313296E-03	-4.55963079E-04	-1.36544755E-04	-3.85703147E-05	-1.82638593E-05	-1.43678443E-05
 4.830000E-01	-1.64326012E-03	-2.29841740E-03	-3.32793187E-03	 8.25623270E-03	 2.52479842E-03	 9.65401710E-04	 3.32297170E-04	 8.16676561E-05	 3.70614998E-05	 3.07445882E-05	 1.07133050E-03	 1.33051825E-03	 8.00414861E-04	-3.91454661E-03	-1.42768999E-03	-4.61776947E-04	-1.38324630E-04	-3.85586615E-05	-1.77509201E-05	-1.39084901E-05
 4.840000E-01	-1.65114162E-03	-2.31668621E-03	-3.36215423E-03	 8.34087634E-03	 2.56110624E-03	 9.82491074E-04	 3.39074478E-04	 8.23296931E-05	 3.61573423E-05	 2.93757170E-05	 1.07406398E-03	 1.33887887E-03	 8.25496239E-04	-3.94334163E-03	-1.44238892E-03	-4.67668444E-04	-1.40148627E-04	-3.85712492E-05	-1.72513290E-05	-1.34570318E-05
 4.850000E-01	-1.65897819E-03	-2.33508631E-03	-3.39667880E-03	 8.42622539E-03	 2.59785969E-03	 9.99864570E-04	 3.46012948E-04	 8.30598313E-05	 3.52894669E-05	 2.80286665E-05	 1.07673664E-03	 1.34724751E-03	 8.50877598E-04	-3.97249394E-03	-1.45723230E-03	-4.73639037E-04	-1.42017172E-04	-3.86080073E-05	-1.67648000E-05	-1.30132702E-05
 4.860000E-01	-1.66678587E-03	-2.35364422E-03	-3.43154428E-03	 8.51237780E-03	 2.63507937E-03	 1.01753383E-03	 3.53118003E-04	 8.38592437E-05	 3.44577158E-05	 2.67026517E-05	 1.07935866E-03	 1.35563802E-03	 8.76568551E-04	-4.00198063E-03	-1.47223287E-03	-4.79693778E-04	-1.43931727E-04	-3.86692441E-05	-1.62911851E-05	-1.25770933E-05
 4.870000E-01	-1.67457534E-03	-2.37237757E-03	-3.46677530E-03	 8.59946255E-03	 2.67279396E-03	 1.03551212E-03	 3.60395478E-04	 8.47291411E-05	 3.36618799E-05	 2.53968071E-05	 1.08193747E-03	 1.36406133E-03	 9.02584160E-04	-4.03174600E-03	-1.48740684E-03	-4.85838166E-04	-1.45893798E-04	-3.87552240E-05	-1.58302820E-05	-1.21483383E-05
 4.880000E-01	-1.68234773E-03	-2.39129222E-03	-3.50238093E-03	 8.68759159E-03	 2.71101526E-03	 1.05380598E-03	 3.67849060E-04	 8.56701702E-05	 3.29015289E-05	 2.41100921E-05	 1.08447392E-03	 1.37252079E-03	 9.28933366E-04	-4.06168592E-03	-1.50276184E-03	-4.92074762E-04	-1.47904081E-04	-3.88659039E-05	-1.53817656E-05	-1.17267586E-05
 4.890000E-01	-1.69010294E-03	-2.41039300E-03	-3.53837260E-03	 8.77689651E-03	 2.74975531E-03	 1.07242165E-03	 3.75482340E-04	 8.66829707E-05	 3.21762274E-05	 2.28414588E-05	 1.08696798E-03	 1.38101906E-03	 9.55625277E-04	-4.09167770E-03	-1.51830522E-03	-4.98405914E-04	-1.49963206E-04	-3.90012097E-05	-1.49452958E-05	-1.13120976E-05
 4.900000E-01	-1.69782584E-03	-2.42966364E-03	-3.57474400E-03	 8.86744769E-03	 2.78901449E-03	 1.09135936E-03	 3.83296663E-04	 8.77677328E-05	 3.14853490E-05	 2.15897015E-05	 1.08940991E-03	 1.38954677E-03	 9.82665289E-04	-4.12155319E-03	-1.53403685E-03	-5.04831736E-04	-1.52071112E-04	-3.91608558E-05	-1.45204291E-05	-1.09040058E-05
 4.910000E-01	-1.70545822E-03	-2.44902727E-03	-3.61140480E-03	 8.95903703E-03	 2.82872387E-03	 1.11059029E-03	 3.91283071E-04	 8.89222295E-05	 3.08274899E-05	 2.03531431E-05	 1.09176218E-03	 1.39805786E-03	 1.01001959E-03	-4.15111027E-03	-1.54990795E-03	-5.11337808E-04	-1.54223622E-04	-3.93434787E-05	-1.41063639E-05	-1.05018778E-05
 4.920000E-01	-1.71294693E-03	-2.46841378E-03	-3.64825828E-03	 9.05136852E-03	 2.86881006E-03	 1.13008297E-03	 3.99431478E-04	 9.01439002E-05	 3.02013488E-05	 1.91303248E-05	 1.09399095E-03	 1.40650861E-03	 1.03763207E-03	-4.18032506E-03	-1.56585618E-03	-5.17905817E-04	-1.56415602E-04	-3.95475809E-05	-1.37023628E-05	-1.01051922E-05
 4.930000E-01	-1.72028099E-03	-2.48781213E-03	-3.68528759E-03	 9.14428416E-03	 2.90926035E-03	 1.14983085E-03	 4.07740578E-04	 9.14323486E-05	 2.96065123E-05	 1.79204137E-05	 1.09608961E-03	 1.41488968E-03	 1.06547150E-03	-4.20940473E-03	-1.58185923E-03	-5.24529358E-04	-1.58645372E-04	-3.97726595E-05	-1.33081036E-05	-9.71373084E-06
 4.940000E-01	-1.72745672E-03	-2.50722008E-03	-3.72249270E-03	 9.23762264E-03	 2.95008168E-03	 1.16983447E-03	 4.16211569E-04	 9.27879229E-05	 2.90428764E-05	 1.67227365E-05	 1.09805635E-03	 1.42319835E-03	 1.09352415E-03	-4.23863123E-03	-1.59791478E-03	-5.31206948E-04	-1.60912527E-04	-4.00185611E-05	-1.29233961E-05	-9.32734498E-06
 4.950000E-01	-1.73446760E-03	-2.52663006E-03	-3.75986885E-03	 9.33114106E-03	 2.99128814E-03	 1.19009471E-03	 4.24845595E-04	 9.42110724E-05	 2.85104390E-05	 1.55366557E-05	 1.09988784E-03	 1.43142961E-03	 1.12177961E-03	-4.26831943E-03	-1.61402502E-03	-5.37937796E-04	-1.63216773E-04	-4.02851888E-05	-1.25480876E-05	-8.94589329E-06
 4.960000E-01	-1.74129782E-03	-2.54602027E-03	-3.79739017E-03	 9.42441659E-03	 3.03288828E-03	 1.21060769E-03	 4.33641831E-04	 9.57018875E-05	 2.80091546E-05	 1.43615087E-05	 1.10157513E-03	 1.43957064E-03	 1.15021942E-03	-4.29881520E-03	-1.63018624E-03	-5.44718887E-04	-1.65557062E-04	-4.05723056E-05	-1.21819995E-05	-8.56920791E-06
 4.970000E-01	-1.74793403E-03	-2.56537500E-03	-3.83504578E-03	 9.51684143E-03	 3.07487526E-03	 1.23136489E-03	 4.42598240E-04	 9.72603045E-05	 2.75389891E-05	 1.31966825E-05	 1.10310985E-03	 1.44760982E-03	 1.17882051E-03	-4.33053532E-03	-1.64638923E-03	-5.51546387E-04	-1.67932205E-04	-4.08796326E-05	-1.18249545E-05	-8.19713906E-06
 4.980000E-01	-1.75437035E-03	-2.58468952E-03	-3.87284274E-03	 9.60763368E-03	 3.11725773E-03	 1.25236385E-03	 4.51715099E-04	 9.88867167E-05	 2.70999560E-05	 1.20416072E-05	 1.10448871E-03	 1.45554327E-03	 1.20756887E-03	-4.36398953E-03	-1.66263189E-03	-5.58419205E-04	-1.70341838E-04	-4.12070092E-05	-1.14767661E-05	-7.82955840E-06
 4.990000E-01	-1.76060220E-03	-2.60396125E-03	-3.91078853E-03	 9.69577322E-03	 3.16004358E-03	 1.27360308E-03	 4.60993328E-04	 1.00581637E-04	 2.66919879E-05	 1.08956699E-05	 1.10570946E-03	 1.46336954E-03	 1.23645367E-03	-4.39974877E-03	-1.67891217E-03	-5.65337259E-04	-1.72785931E-04	-4.15542820E-05	-1.11371892E-05	-7.46631793E-06
 5.000000E-01	-1.76664264E-03	-2.62321474E-03	-3.94891358E-03	 9.78007253E-03	 3.20324600E-03	 1.29508714E-03	 4.70436842E-04	 1.02346104E-04	 2.63150493E-05	 9.75825833E-06	 1.10678092E-03	 1.47110317E-03	 1.26547253E-03	-4.43846664E-03	-1.69523392E-03	-5.72303062E-04	-1.75265370E-04	-4.19214363E-05	-1.08059591E-05	-7.10729931E-06
 5.010000E-01	-1.77257284E-03	-2.64257562E-03	-3.98739456E-03	 9.85954197E-03	 3.24699070E-03	 1.31687002E-03	 4.80068523E-04	 1.04185327E-04	 2.59700301E-05	 8.62899079E-06	 1.10775473E-03	 1.47881918E-03	 1.29469637E-03	-4.48086672E-03	-1.71167948E-03	-5.79343118E-04	-1.77788196E-04	-4.23100118E-05	-1.04831187E-05	-6.75259423E-06
 5.020000E-01	-1.77847447E-03	-2.66216877E-03	-4.02643110E-03	 9.93309002E-03	 3.29143989E-03	 1.33901932E-03	 4.89916660E-04	 1.06106143E-04	 2.56580908E-05	 7.50732804E-06	 1.10868295E-03	 1.48659649E-03	 1.32424118E-03	-4.52738137E-03	-1.72837081E-03	-5.86494528E-04	-1.80365296E-04	-4.27221626E-05	-1.01687483E-05	-6.40223134E-06
 5.030000E-01	-1.78436356E-03	-2.68202062E-03	-4.06608581E-03	 9.99904324E-03	 3.33665470E-03	 1.36155734E-03	 4.99993154E-04	 1.08112170E-04	 2.53796552E-05	 6.39236105E-06	 1.10957617E-03	 1.49445795E-03	 1.35417649E-03	-4.57798562E-03	-1.74537126E-03	-5.93775661E-04	-1.83001981E-04	-4.31588328E-05	-9.86260793E-06	-6.05596597E-06
 5.040000E-01	-1.79024124E-03	-2.70213444E-03	-4.10637785E-03	 1.00553028E-02	 3.38266111E-03	 1.38448893E-03	 5.10303751E-04	 1.10205777E-04	 2.51350187E-05	 5.28314789E-06	 1.11043552E-03	 1.50241144E-03	 1.38453957E-03	-4.63241746E-03	-1.76271147E-03	-6.01195354E-04	-1.85701088E-04	-4.36205033E-05	-9.56438512E-06	-5.71349575E-06
 5.050000E-01	-1.79610692E-03	-2.72250839E-03	-4.14731356E-03	 1.00994006E-02	 3.42947563E-03	 1.40781358E-03	 5.20852545E-04	 1.12389220E-04	 2.49246520E-05	 4.17883094E-06	 1.11126097E-03	 1.51046183E-03	 1.41535767E-03	-4.69021603E-03	-1.78041582E-03	-6.08760063E-04	-1.88464993E-04	-4.41076914E-05	-9.27381974E-06	-5.37452158E-06
 5.060000E-01	-1.80195046E-03	-2.74312338E-03	-4.18886489E-03	 1.01284719E-02	 3.47708726E-03	 1.43151848E-03	 5.31639460E-04	 1.14664211E-04	 2.47491212E-05	 3.07864949E-06	 1.11204656E-03	 1.51860411E-03	 1.44664072E-03	-4.75068265E-03	-1.79849547E-03	-6.16471667E-04	-1.91294941E-04	-4.46208915E-05	-8.99070675E-06	-5.03873895E-06
 5.070000E-01	-1.80775989E-03	-2.76395246E-03	-4.23097012E-03	 1.01393455E-02	 3.52548724E-03	 1.45558969E-03	 5.42664155E-04	 1.17032480E-04	 2.46091105E-05	 1.98190376E-06	 1.11278646E-03	 1.52683171E-03	 1.47838771E-03	-4.81289937E-03	-1.81695466E-03	-6.24329662E-04	-1.94191852E-04	-4.51606894E-05	-8.71488829E-06	-4.70585114E-06
 5.080000E-01	-1.81353389E-03	-2.78498324E-03	-4.27358061E-03	 1.01287017E-02	 3.57466704E-03	 1.48001651E-03	 5.53928640E-04	 1.19496435E-04	 2.45055496E-05	 8.87962810E-07	 1.11348149E-03	 1.53514665E-03	 1.51060110E-03	-4.87571625E-03	-1.83580073E-03	-6.32335174E-04	-1.97157771E-04	-4.57280075E-05	-8.44628721E-06	-4.37558252E-06
 5.090000E-01	-1.81927273E-03	-2.80620359E-03	-4.31664985E-03	 1.00931265E-02	 3.62461791E-03	 1.50478943E-03	 5.65436271E-04	 1.22059149E-04	 2.44395990E-05	-2.03752025E-07	 1.11413363E-03	 1.54355211E-03	 1.54328585E-03	-4.93767882E-03	-1.85504485E-03	-6.40490594E-04	-2.00195675E-04	-4.63241530E-05	-8.18491691E-06	-4.04765456E-06
 5.100000E-01	-1.82494633E-03	-2.82755151E-03	-4.36007232E-03	 1.00289992E-02	 3.67529111E-03	 1.52988091E-03	 5.77184023E-04	 1.24722834E-04	 2.44123662E-05	-1.29372714E-06	 1.11472658E-03	 1.55202396E-03	 1.57641958E-03	-4.99695276E-03	-1.87466987E-03	-6.48791273E-04	-2.03307015E-04	-4.69503231E-05	-7.93082417E-06	-3.72173485E-06
 5.110000E-01	-1.83043932E-03	-2.84883018E-03	-4.40353191E-03	 9.93215692E-03	 3.72645128E-03	 1.55518603E-03	 5.89140090E-04	 1.27483552E-04	 2.44238663E-05	-2.38226613E-06	 1.11519210E-03	 1.56046020E-03	 1.60986423E-03	-5.05138660E-03	-1.89452597E-03	-6.57195353E-04	-2.06483044E-04	-4.76056379E-05	-7.68377849E-06	-3.39733972E-06
 5.120000E-01	-1.83564871E-03	-2.86985895E-03	-4.44669311E-03	 9.79847028E-03	 3.77781608E-03	 1.58058490E-03	 6.01267782E-04	 1.30335863E-04	 2.44739176E-05	-3.46949192E-06	 1.11546972E-03	 1.56876338E-03	 1.64342457E-03	-5.09902996E-03	-1.91440464E-03	-6.65647269E-04	-2.09712211E-04	-4.82888115E-05	-7.44356451E-06	-3.07404831E-06
 5.130000E-01	-1.84055330E-03	-2.89057883E-03	-4.48937650E-03	 9.62449282E-03	 3.82923355E-03	 1.60601843E-03	 6.13554016E-04	 1.33279366E-04	 2.45633604E-05	-4.55550563E-06	 1.11554978E-03	 1.57690457E-03	 1.67695802E-03	-5.13831646E-03	-1.93416810E-03	-6.74115095E-04	-2.12990819E-04	-4.90005589E-05	-7.21036431E-06	-2.75162694E-06
 5.140000E-01	-1.84514603E-03	-2.91094788E-03	-4.53141677E-03	 9.40739065E-03	 3.88056421E-03	 1.63143992E-03	 6.25991061E-04	 1.36314952E-04	 2.46933205E-05	-5.64038492E-06	 1.11543175E-03	 1.58486594E-03	 1.71033479E-03	-5.16779803E-03	-1.95369625E-03	-6.82572908E-04	-2.16317325E-04	-4.97422651E-05	-6.98454054E-06	-2.42989269E-06
 5.150000E-01	-1.84944358E-03	-2.93095876E-03	-4.57267695E-03	 9.14519707E-03	 3.93169360E-03	 1.65681840E-03	 6.38577762E-04	 1.39444665E-04	 2.48650773E-05	-6.72430923E-06	 1.11512990E-03	 1.59264870E-03	 1.74343191E-03	-5.18619215E-03	-1.97287920E-03	-6.90998885E-04	-2.19691923E-04	-5.05158105E-05	-6.76656779E-06	-2.10870981E-06
 5.160000E-01	-1.85351314E-03	-2.95068303E-03	-4.61313746E-03	 8.83716472E-03	 3.98260844E-03	 1.68217103E-03	 6.51331890E-04	 1.42674624E-04	 2.50806032E-05	-7.80770854E-06	 1.11468903E-03	 1.60029796E-03	 1.77617819E-03	-5.19240947E-03	-1.99167060E-03	-6.99391310E-04	-2.23121153E-04	-5.13245556E-05	-6.55714749E-06	-1.78800427E-06
 5.170000E-01	-1.85740656E-03	-2.97016963E-03	-4.65277534E-03	 8.48358329E-03	 4.03326092E-03	 1.70750751E-03	 6.64268916E-04	 1.46010863E-04	 2.53419346E-05	-8.89097132E-06	 1.11414350E-03	 1.60784393E-03	 1.80850267E-03	-5.18535084E-03	-2.01001738E-03	-7.07748039E-04	-2.26611480E-04	-5.21719574E-05	-6.35708252E-06	-1.46770450E-06
 5.180000E-01	-1.86112538E-03	-2.98938768E-03	-4.69145692E-03	 8.08558933E-03	 4.08350626E-03	 1.73279664E-03	 6.77387849E-04	 1.49455661E-04	 2.56504447E-05	-9.97430819E-06	 1.11349725E-03	 1.61527075E-03	 1.84027637E-03	-5.16398794E-03	-2.02778963E-03	-7.16045628E-04	-2.30162991E-04	-5.30601593E-05	-6.16708084E-06	-1.14773002E-06
 5.190000E-01	-1.86466759E-03	-3.00830316E-03	-4.72904063E-03	 7.64533821E-03	 4.13317471E-03	 1.75799750E-03	 6.90683206E-04	 1.53009714E-04	 2.60071653E-05	-1.10579300E-05	 1.11275179E-03	 1.62255747E-03	 1.87134713E-03	-5.12768251E-03	-2.04481915E-03	-7.24250728E-04	-2.33772842E-04	-5.39906294E-05	-5.98778458E-06	-8.28043941E-07
 5.200000E-01	-1.86807539E-03	-3.02695640E-03	-4.76550433E-03	 7.16621422E-03	 4.18217006E-03	 1.78310427E-03	 7.04162778E-04	 1.56676168E-04	 2.64134743E-05	-1.21422943E-05	 1.11193451E-03	 1.62972202E-03	 1.90161454E-03	-5.07632575E-03	-2.06097774E-03	-7.32341974E-04	-2.37441541E-04	-5.49655375E-05	-5.81992054E-06	-5.08672202E-07
 5.210000E-01	-1.87144661E-03	-3.04547950E-03	-4.80099378E-03	 6.65285538E-03	 4.23054970E-03	 1.80817840E-03	 7.17859975E-04	 1.60463868E-04	 2.68717117E-05	-1.32282939E-05	 1.11110596E-03	 1.63683428E-03	 1.93107965E-03	-5.01017574E-03	-2.07624020E-03	-7.40327868E-04	-2.41177927E-04	-5.59888789E-05	-5.66445814E-06	-1.89693687E-07
 5.220000E-01	-1.87484035E-03	-3.06394497E-03	-4.83559316E-03	 6.11063570E-03	 4.27835385E-03	 1.83326971E-03	 7.31801907E-04	 1.64380250E-04	 2.73839300E-05	-1.43167335E-05	 1.11030354E-03	 1.64393366E-03	 1.95974258E-03	-4.92947678E-03	-2.09058768E-03	-7.48214694E-04	-2.44988765E-04	-5.70639331E-05	-5.52230870E-06	 1.28799373E-07
 5.230000E-01	-1.87826139E-03	-3.08234442E-03	-4.86928476E-03	 5.54537124E-03	 4.32553054E-03	 1.85838109E-03	 7.45995145E-04	 1.68427562E-04	 2.79511462E-05	-1.54081301E-05	 1.10953137E-03	 1.65101261E-03	 1.98755135E-03	-4.83452289E-03	-2.10394561E-03	-7.55988553E-04	-2.48873407E-04	-5.81919203E-05	-5.39410135E-06	 4.46709025E-07
 5.240000E-01	-1.88170782E-03	-3.10066392E-03	-4.90206888E-03	 4.96322578E-03	 4.37204775E-03	 1.88351670E-03	 7.60444356E-04	 1.72607040E-04	 2.85740487E-05	-1.65030068E-05	 1.10878914E-03	 1.65805885E-03	 2.01445723E-03	-4.72585843E-03	-2.11624087E-03	-7.63634741E-04	-2.52829794E-04	-5.93733796E-05	-5.28033246E-06	 7.63907031E-07
 5.250000E-01	-1.88512679E-03	-3.11881079E-03	-4.93385292E-03	 4.37032443E-03	 4.41779090E-03	 1.90863833E-03	 7.75134608E-04	 1.76915025E-04	 2.92523759E-05	-1.76014301E-05	 1.10804587E-03	 1.66501623E-03	 2.04036918E-03	-4.60420482E-03	-2.12735847E-03	-7.71122138E-04	-2.56849164E-04	-6.06068539E-05	-5.18124894E-06	 1.08021940E-06
 5.260000E-01	-1.88842828E-03	-3.13663455E-03	-4.96445727E-03	 3.77252500E-03	 4.46259070E-03	 1.93367022E-03	 7.90032241E-04	 1.81342447E-04	 2.99846815E-05	-1.87031263E-05	 1.10724922E-03	 1.67179739E-03	 2.06515413E-03	-4.47060868E-03	-2.13713855E-03	-7.78400761E-04	-2.60915203E-04	-6.18886654E-05	-5.09676793E-06	 1.39540172E-06
 5.270000E-01	-1.89157207E-03	-3.15406888E-03	-4.99383398E-03	 3.17545939E-03	 4.50640594E-03	 1.95858466E-03	 8.05120417E-04	 1.85883226E-04	 3.07698353E-05	-1.98082246E-05	 1.10637658E-03	 1.67836150E-03	 2.08874860E-03	-4.32657533E-03	-2.14549117E-03	-7.85439309E-04	-2.65016087E-04	-6.32158639E-05	-5.02678330E-06	 1.70916905E-06
 5.280000E-01	-1.89455707E-03	-3.17111357E-03	-5.02205187E-03	 2.58441196E-03	 4.54930213E-03	 1.98340166E-03	 8.20400445E-04	 1.90535499E-04	 3.16074541E-05	-2.09171464E-05	 1.10542821E-03	 1.68470541E-03	 2.11116885E-03	-4.17377095E-03	-2.15241695E-03	-7.92231472E-04	-2.69146383E-04	-6.45867348E-05	-4.97130132E-06	 2.02120767E-06
 5.290000E-01	-1.89736698E-03	-3.18774256E-03	-5.04915557E-03	 2.00410108E-03	 4.59135281E-03	 2.00814409E-03	 8.35873416E-04	 1.95297788E-04	 3.24973679E-05	-2.20300697E-05	 1.10439570E-03	 1.69081431E-03	 2.13244092E-03	-4.01373792E-03	-2.15793993E-03	-7.98777439E-04	-2.73301373E-04	-6.59995399E-05	-4.93039799E-06	 2.33113377E-06
 5.300000E-01	-1.89989928E-03	-3.20378544E-03	-5.07496794E-03	 1.43842143E-03	 4.63246501E-03	 2.03275206E-03	 8.51504051E-04	 2.00160018E-04	 3.34380251E-05	-2.31460949E-05	 1.10322054E-03	 1.69659574E-03	 2.15248794E-03	-3.84788609E-03	-2.16197976E-03	-8.05043106E-04	-2.77464105E-04	-6.74495103E-05	-4.90395847E-06	 2.63839271E-06
 5.310000E-01	-1.90203524E-03	-3.21905007E-03	-5.09927757E-03	 8.90435919E-04	 4.67248025E-03	 2.05712358E-03	 8.67237654E-04	 2.05106486E-04	 3.44267096E-05	-2.42639333E-05	 1.10183396E-03	 1.70194124E-03	 2.17119326E-03	-3.67786882E-03	-2.16440895E-03	-8.10975361E-04	-2.81610569E-04	-6.89298077E-05	-4.89155099E-06	 2.94236719E-06
 5.320000E-01	-1.90374005E-03	-3.23348616E-03	-5.12208647E-03	 3.62431495E-04	 4.71143603E-03	 2.08123901E-03	 8.83052382E-04	 2.10128435E-04	 3.54615536E-05	-2.53833057E-05	 1.10021651E-03	 1.70682013E-03	 2.18854506E-03	-3.50565792E-03	-2.16521954E-03	-8.16555762E-04	-2.85727099E-04	-7.04356147E-05	-4.89268608E-06	 3.24256244E-06
 5.330000E-01	-1.90501070E-03	-3.24709541E-03	-5.14346562E-03	-1.44042439E-04	 4.74944211E-03	 2.10511623E-03	 8.98942040E-04	 2.15220711E-04	 3.65411221E-05	-2.65044267E-05	 1.09836766E-03	 1.71123315E-03	 2.20458842E-03	-3.33318425E-03	-2.16447892E-03	-8.21786107E-04	-2.89805669E-04	-7.19632004E-05	-4.90685460E-06	 3.53855228E-06
 5.340000E-01	-1.90589769E-03	-3.25997246E-03	-5.16361166E-03	-6.28061327E-04	 4.78672089E-03	 2.12882228E-03	 9.14921599E-04	 2.20382614E-04	 3.76644032E-05	-2.76284838E-05	 1.09631782E-03	 1.71523203E-03	 2.21944294E-03	-3.16221317E-03	-2.16234237E-03	-8.26690656E-04	-2.93845128E-04	-7.35102745E-05	-4.93342960E-06	 3.83007284E-06
 5.350000E-01	-1.90658490E-03	-3.27243877E-03	-5.18306543E-03	-1.08916856E-03	 4.82381377E-03	 2.15258394E-03	 9.31076444E-04	 2.25631006E-04	 3.88333193E-05	-2.87588986E-05	 1.09417409E-03	 1.71899198E-03	 2.23341176E-03	-2.99411836E-03	-2.15916588E-03	-8.31363174E-04	-2.97867974E-04	-7.50802976E-05	-4.97206330E-06	 4.11723561E-06
 5.360000E-01	-1.90722537E-03	-3.28476111E-03	-5.20228734E-03	-1.52720108E-03	 4.86118552E-03	 2.17662311E-03	 9.47494081E-04	 2.30985540E-04	 4.00507801E-05	-2.98988760E-05	 1.09202474E-03	 1.72265969E-03	 2.24677830E-03	-2.82941793E-03	-2.15528814E-03	-8.35902497E-04	-3.01899426E-04	-7.66777464E-05	-5.02268321E-06	 4.40019128E-06
 5.370000E-01	-1.90784040E-03	-3.29698250E-03	-5.22138673E-03	-1.94226267E-03	 4.89899927E-03	 2.20101924E-03	 9.64201852E-04	 2.36451936E-04	 4.13175302E-05	-3.10498244E-05	 1.08988165E-03	 1.72625997E-03	 2.25964488E-03	-2.66801680E-03	-2.15084920E-03	-8.40346083E-04	-3.05944976E-04	-7.83025402E-05	-5.08497312E-06	 4.67886255E-06
 5.380000E-01	-1.90843427E-03	-3.30912110E-03	-5.24043158E-03	-2.33483155E-03	 4.93738462E-03	 2.22581947E-03	 9.81212888E-04	 2.42031994E-04	 4.26335616E-05	-3.22130031E-05	 1.08774640E-03	 1.72980048E-03	 2.27206591E-03	-2.50976222E-03	-2.14592219E-03	-8.44710645E-04	-3.10004167E-04	-7.99532328E-05	-5.15837119E-06	 4.95319397E-06
 5.390000E-01	-1.90903235E-03	-3.32123276E-03	-5.25954473E-03	-2.70572351E-03	 4.97650419E-03	 2.25108607E-03	 9.98548423E-04	 2.47729680E-04	 4.39993828E-05	-3.33900219E-05	 1.08563209E-03	 1.73330719E-03	 2.28411535E-03	-2.35452358E-03	-2.14059094E-03	-8.49017449E-04	-3.14078948E-04	-8.16291140E-05	-5.24233122E-06	 5.22322619E-06
 5.400000E-01	-1.90967784E-03	-3.33340166E-03	-5.27887953E-03	-3.05598690E-03	 5.01656714E-03	 2.27690800E-03	 1.01624321E-03	 2.53552828E-04	 4.54164068E-05	-3.45829021E-05	 1.08356250E-03	 1.73682297E-03	 2.29589089E-03	-2.20210316E-03	-2.13496142E-03	-8.53297646E-04	-3.18175498E-04	-8.33307489E-05	-5.33644292E-06	 5.48908208E-06
 5.410000E-01	-1.91039417E-03	-3.34567531E-03	-5.29852006E-03	-3.38674686E-03	 5.05773662E-03	 2.30335996E-03	 1.03432687E-03	 2.59508551E-04	 4.68859955E-05	-3.57934986E-05	 1.08155061E-03	 1.74037353E-03	 2.30746575E-03	-2.05217282E-03	-2.12911391E-03	-8.57576134E-04	-3.22298323E-04	-8.50583610E-05	-5.44024054E-06	 5.75089929E-06
 5.420000E-01	-1.91118540E-03	-3.35806820E-03	-5.31849896E-03	-3.69911352E-03	 5.10010594E-03	 2.33049098E-03	 1.05281889E-03	 2.65601893E-04	 4.84091718E-05	-3.70233820E-05	 1.07959807E-03	 1.74396639E-03	 2.31888436E-03	-1.90432911E-03	-2.12309191E-03	-8.61868592E-04	-3.26449178E-04	-8.68114647E-05	-5.55312716E-06	 6.00884173E-06
 5.430000E-01	-1.91202914E-03	-3.37054524E-03	-5.33877274E-03	-3.99413676E-03	 5.14369299E-03	 2.35832884E-03	 1.07173055E-03	 2.71836902E-04	 4.99870028E-05	-3.82735815E-05	 1.07769161E-03	 1.74758327E-03	 2.33015051E-03	-1.75813413E-03	-2.11688600E-03	-8.66182738E-04	-3.30627781E-04	-8.85891394E-05	-5.67454528E-06	 6.26303702E-06
 5.440000E-01	-1.91276346E-03	-3.38282537E-03	-5.35891970E-03	-4.27261862E-03	 5.18814545E-03	 2.38672629E-03	 1.09099325E-03	 2.78197728E-04	 5.16168572E-05	-3.95422213E-05	 1.07573928E-03	 1.75107614E-03	 2.34107709E-03	-1.61329099E-03	-2.11029163E-03	-8.70458312E-04	-3.34809184E-04	-9.03839103E-05	-5.80344680E-06	 6.51319168E-06
 5.450000E-01	-1.91319921E-03	-3.39458225E-03	-5.37844936E-03	-4.53540132E-03	 5.23304375E-03	 2.41546601E-03	 1.11050300E-03	 2.84657486E-04	 5.32934722E-05	-4.08267071E-05	 1.07363446E-03	 1.75427202E-03	 2.35142647E-03	-1.47003525E-03	-2.10306423E-03	-8.74605167E-04	-3.38956489E-04	-9.21848666E-05	-5.93821033E-06	 6.75890003E-06
 5.460000E-01	-1.91328533E-03	-3.40573159E-03	-5.39724462E-03	-4.78364982E-03	 5.27830268E-03	 2.44448141E-03	 1.13022435E-03	 2.91205989E-04	 5.50145693E-05	-4.21270366E-05	 1.07134891E-03	 1.75712569E-03	 2.36114017E-03	-1.32900292E-03	-2.09515151E-03	-8.78594226E-04	-3.43054557E-04	-9.39867531E-05	-6.07751205E-06	 7.00017564E-06
 5.470000E-01	-1.91301946E-03	-3.41626972E-03	-5.41530356E-03	-5.01851558E-03	 5.32392856E-03	 2.47377340E-03	 1.15015519E-03	 2.97842662E-04	 5.67800021E-05	-4.34440332E-05	 1.06888230E-03	 1.75963741E-03	 2.37023476E-03	-1.19077185E-03	-2.08659080E-03	-8.82429685E-04	-3.47100220E-04	-9.57875715E-05	-6.22043999E-06	 7.23716740E-06
 5.480000E-01	-1.91239802E-03	-3.42618806E-03	-5.43260893E-03	-5.24098021E-03	 5.36992145E-03	 2.50334573E-03	 1.17029615E-03	 3.04568198E-04	 5.85901309E-05	-4.47784139E-05	 1.06623411E-03	 1.76180658E-03	 2.37872606E-03	-1.05576696E-03	-2.07742389E-03	-8.86118960E-04	-3.51091793E-04	-9.75858682E-05	-6.36627380E-06	 7.46998362E-06
 5.490000E-01	-1.91141890E-03	-3.43548071E-03	-5.44914754E-03	-5.45188989E-03	 5.41628381E-03	 2.53320105E-03	 1.19064845E-03	 3.11383629E-04	 6.04456170E-05	-4.61308319E-05	 1.06340452E-03	 1.76363316E-03	 2.38662604E-03	-9.24318379E-04	-2.06768665E-03	-8.89669006E-04	-3.55028020E-04	-9.93804238E-05	-6.51442343E-06	 7.69870853E-06
 5.500000E-01	-1.91008115E-03	-3.44414583E-03	-5.46492224E-03	-5.65198513E-03	 5.46300279E-03	 2.56333588E-03	 1.21121128E-03	 3.18289750E-04	 6.23471277E-05	-4.75018556E-05	 1.06039356E-03	 1.76511688E-03	 2.39394317E-03	-7.96720312E-04	-2.05740771E-03	-8.93085821E-04	-3.58907729E-04	-1.01170043E-04	-6.66428431E-06	 7.92346401E-06
 5.510000E-01	-1.90838252E-03	-3.45217898E-03	-5.47993407E-03	-5.84195738E-03	 5.51007929E-03	 2.59374667E-03	 1.23198301E-03	 3.25287032E-04	 6.42950606E-05	-4.88921560E-05	 1.05720076E-03	 1.76625652E-03	 2.40068160E-03	-6.73286260E-04	-2.04661642E-03	-8.96373632E-04	-3.62729215E-04	-1.02953424E-04	-6.81514042E-06	 8.14440937E-06
 5.520000E-01	-1.90634015E-03	-3.45961436E-03	-5.49424743E-03	-6.02253012E-03	 5.55757892E-03	 2.62443967E-03	 1.25296582E-03	 3.32375803E-04	 6.62894134E-05	-5.03031232E-05	 1.05383621E-03	 1.76706995E-03	 2.40687316E-03	-5.54384258E-04	-2.03539048E-03	-8.99540158E-04	-3.66491664E-04	-1.04729481E-04	-6.96606706E-06	 8.36183557E-06
 5.530000E-01	-1.90411956E-03	-3.46675627E-03	-5.50835038E-03	-6.19481030E-03	 5.60598798E-03	 2.65562400E-03	 1.27425869E-03	 3.39581761E-04	 6.83349443E-05	-5.17404213E-05	 1.05039198E-03	 1.76771502E-03	 2.41275581E-03	-4.40216859E-04	-2.02401249E-03	-9.02667581E-04	-3.70223003E-04	-1.06505242E-04	-7.11646881E-06	 8.57678519E-06
 5.540000E-01	-1.90194584E-03	-3.47401258E-03	-5.52288316E-03	-6.35994744E-03	 5.65595309E-03	 2.68763802E-03	 1.29602675E-03	 3.46951093E-04	 7.04411955E-05	-5.32116797E-05	 1.04699281E-03	 1.76840520E-03	 2.41865671E-03	-3.30461578E-04	-2.01281554E-03	-9.05884626E-04	-3.73971219E-04	-1.08293834E-04	-7.26649000E-06	 8.79066211E-06
 5.550000E-01	-1.89989737E-03	-3.48152427E-03	-5.53806040E-03	-6.51850802E-03	 5.70771992E-03	 2.72064521E-03	 1.31835479E-03	 3.54510491E-04	 7.26145626E-05	-5.47207962E-05	 1.04368197E-03	 1.76921623E-03	 2.42470606E-03	-2.24446218E-04	-2.00190806E-03	-9.09252168E-04	-3.77760033E-04	-1.10101986E-04	-7.41619817E-06	 9.00423227E-06
 5.560000E-01	-1.89797666E-03	-3.48929905E-03	-5.55389498E-03	-6.67080926E-03	 5.76135419E-03	 2.75469414E-03	 1.34127189E-03	 3.62271184E-04	 7.48584105E-05	-5.62697279E-05	 1.04046037E-03	 1.77015222E-03	 2.43092247E-03	-1.21560036E-04	-1.99127409E-03	-9.12782644E-04	-3.81595308E-04	-1.11931556E-04	-7.56525912E-06	 9.21792907E-06
 5.570000E-01	-1.89616936E-03	-3.49731555E-03	-5.57035816E-03	-6.81715931E-03	 5.81688099E-03	 2.78980426E-03	 1.36479299E-03	 3.70240449E-04	 7.71754709E-05	-5.78599061E-05	 1.03731936E-03	 1.77120088E-03	 2.43729723E-03	-2.13416770E-05	-1.98086655E-03	-9.16475669E-04	-3.85478306E-04	-1.13783150E-04	-7.71326510E-06	 9.43209771E-06
 5.580000E-01	-1.89442519E-03	-3.50548655E-03	-5.58731560E-03	-6.95777317E-03	 5.87421459E-03	 2.82593515E-03	 1.38890458E-03	 3.78417612E-04	 7.95670721E-05	-5.94915597E-05	 1.03423069E-03	 1.77231621E-03	 2.44377275E-03	 7.65165352E-05	-1.97060220E-03	-9.20310410E-04	-3.89402120E-04	-1.15655011E-04	-7.85974241E-06	 9.64685379E-06
 5.590000E-01	-1.89270669E-03	-3.51374821E-03	-5.60466795E-03	-7.09291798E-03	 5.93331463E-03	 2.86305722E-03	 1.41359729E-03	 3.86802436E-04	 8.20344481E-05	-6.11653666E-05	 1.03117372E-03	 1.77346555E-03	 2.45031201E-03	 1.72211073E-04	-1.96043483E-03	-9.24270433E-04	-3.93360749E-04	-1.17545581E-04	-8.00409191E-06	 9.86237027E-06
 5.600000E-01	-1.89101168E-03	-3.52210031E-03	-5.62241563E-03	-7.22294459E-03	 5.99422848E-03	 2.90119543E-03	 1.43888818E-03	 3.95402283E-04	 8.45803458E-05	-6.28831020E-05	 1.02814726E-03	 1.77464987E-03	 2.45693140E-03	 2.65992946E-04	-1.95036690E-03	-9.28361528E-04	-3.97356303E-04	-1.19455551E-04	-8.14576449E-06	 1.00790523E-05
 5.610000E-01	-1.88931671E-03	-3.53049719E-03	-5.64047942E-03	-7.34805605E-03	 6.05691845E-03	 2.94037031E-03	 1.46479333E-03	 4.04226314E-04	 8.72083448E-05	-6.46456222E-05	 1.02513906E-03	 1.77584916E-03	 2.46361617E-03	 3.58246002E-04	-1.94032878E-03	-9.32587766E-04	-4.01391082E-04	-1.21385727E-04	-8.28448344E-06	 1.02971933E-05
 5.620000E-01	-1.88742204E-03	-3.53856233E-03	-5.65826011E-03	-7.46775479E-03	 6.12079077E-03	 2.98033030E-03	 1.49119238E-03	 4.13246957E-04	 8.99140837E-05	-6.64474193E-05	 1.02204132E-03	 1.77687527E-03	 2.47010289E-03	 4.49157733E-04	-1.93000698E-03	-9.36860299E-04	-4.05429476E-04	-1.23325668E-04	-8.41922899E-06	 1.05161167E-05
 5.630000E-01	-1.88506440E-03	-3.54580532E-03	-5.67499648E-03	-7.58134004E-03	 6.18506432E-03	 3.02065845E-03	 1.51787707E-03	 4.22408687E-04	 9.26860932E-05	-6.82803314E-05	 1.01871177E-03	 1.77747908E-03	 2.47603057E-03	 5.38381920E-04	-1.91907085E-03	-9.41038290E-04	-4.09411787E-04	-1.25257374E-04	-8.54791810E-06	 1.07347310E-05
 5.640000E-01	-1.88215621E-03	-3.55206501E-03	-5.69045613E-03	-7.68884094E-03	 6.24949237E-03	 3.06117070E-03	 1.54475332E-03	 4.31685143E-04	 9.55187802E-05	-7.01418374E-05	 1.01510359E-03	 1.77757710E-03	 2.48127246E-03	 6.25323147E-04	-1.90746865E-03	-9.45066007E-04	-4.13311415E-04	-1.27172407E-04	-8.66897716E-06	 1.09528000E-05
 5.650000E-01	-1.87869802E-03	-3.55734171E-03	-5.70465495E-03	-7.79060977E-03	 6.31406862E-03	 3.10182446E-03	 1.57179952E-03	 4.41070566E-04	 9.84112659E-05	-7.20322517E-05	 1.01121810E-03	 1.77716957E-03	 2.48582685E-03	 7.09471421E-04	-1.89529422E-03	-9.48942151E-04	-4.17123556E-04	-1.29068809E-04	-8.78153822E-06	 1.11704891E-05
 5.660000E-01	-1.87476927E-03	-3.56178570E-03	-5.71784419E-03	-7.88725038E-03	 6.37903514E-03	 3.14269843E-03	 1.59905681E-03	 4.50576332E-04	 1.01366606E-04	-7.39549490E-05	 1.00709919E-03	 1.77633279E-03	 2.48980559E-03	 7.90508372E-04	-1.88276000E-03	-9.52707741E-04	-4.20860997E-04	-1.30950006E-04	-8.88515913E-06	 1.13883856E-05
 5.670000E-01	-1.87057165E-03	-3.56577761E-03	-5.73063293E-03	-7.97980111E-03	 6.44504205E-03	 3.18410527E-03	 1.62668842E-03	 4.60249653E-04	 1.04396627E-04	-7.59183298E-05	 1.00285654E-03	 1.77526007E-03	 2.49349229E-03	 8.68508377E-04	-1.87017728E-03	-9.56475339E-04	-4.24568789E-04	-1.32829517E-04	-8.98041463E-06	 1.16078148E-05
 5.680000E-01	-1.86623708E-03	-3.56956286E-03	-5.74340505E-03	-8.06895723E-03	 6.51252300E-03	 3.22629720E-03	 1.65482979E-03	 4.70133265E-04	 1.07512959E-04	-7.79284300E-05	 9.98562215E-04	 1.77407827E-03	 2.49707559E-03	 9.43819925E-04	-1.85768681E-03	-9.60329599E-04	-4.28283269E-04	-1.34718632E-04	-9.06809568E-06	 1.18297600E-05
 5.690000E-01	-1.86177489E-03	-3.57315770E-03	-5.75618666E-03	-8.15489101E-03	 6.58154053E-03	 3.26931864E-03	 1.68350972E-03	 4.80239739E-04	 1.10720247E-04	-7.99867619E-05	 9.94221870E-04	 1.77279696E-03	 2.50057040E-03	 1.01667172E-03	-1.84526255E-03	-9.64281463E-04	-4.32010795E-04	-1.36619734E-04	-9.14817830E-06	 1.20545365E-05
 5.700000E-01	-1.85721070E-03	-3.57661634E-03	-5.76907898E-03	-8.23787909E-03	 6.65224918E-03	 3.31320933E-03	 1.71275293E-03	 4.90578152E-04	 1.14021766E-04	-8.20960262E-05	 9.89849003E-04	 1.77144150E-03	 2.50401448E-03	 1.08711414E-03	-1.83295476E-03	-9.68340048E-04	-4.35755789E-04	-1.38534636E-04	-9.22011427E-06	 1.22826392E-05
 5.710000E-01	-1.85268094E-03	-3.58020653E-03	-5.78252749E-03	-8.31870646E-03	 6.72520349E-03	 3.35821541E-03	 1.74268952E-03	 5.01187886E-04	 1.17427517E-04	-8.42643535E-05	 9.85516095E-04	 1.77014428E-03	 2.50760832E-03	 1.15532594E-03	-1.82097080E-03	-9.72580960E-04	-4.39549930E-04	-1.40473728E-04	-9.28367665E-06	 1.25154193E-05
 5.720000E-01	-1.84833220E-03	-3.58421291E-03	-5.79699432E-03	-8.39819933E-03	 6.80099440E-03	 3.40465420E-03	 1.77348928E-03	 5.12122813E-04	 1.20951623E-04	-8.65007990E-05	 9.81301116E-04	 1.76904813E-03	 2.51157332E-03	 1.22174155E-03	-1.80946832E-03	-9.77098920E-04	-4.43434860E-04	-1.42450783E-04	-9.33920734E-06	 1.27543856E-05
 5.730000E-01	-1.84419976E-03	-3.58870611E-03	-5.81259149E-03	-8.47666858E-03	 6.87983490E-03	 3.45266478E-03	 1.80523251E-03	 5.23412311E-04	 1.24603271E-04	-8.88096854E-05	 9.77222797E-04	 1.76818991E-03	 2.51597767E-03	 1.28683002E-03	-1.79841732E-03	-9.81927957E-04	-4.47427971E-04	-1.44472149E-04	-9.38680967E-06	 1.30002944E-05
 5.740000E-01	-1.84027703E-03	-3.59367629E-03	-5.82930154E-03	-8.55423421E-03	 6.96180838E-03	 3.50231705E-03	 1.83796391E-03	 5.35075901E-04	 1.28389713E-04	-9.11934534E-05	 9.73277638E-04	 1.76756615E-03	 2.52082769E-03	 1.35100779E-03	-1.78768979E-03	-9.87075304E-04	-4.51536313E-04	-1.46541009E-04	-9.42642087E-06	 1.32536151E-05
 5.750000E-01	-1.83644753E-03	-3.59889771E-03	-5.84675496E-03	-8.63052520E-03	 7.04659367E-03	 3.55348103E-03	 1.87162422E-03	 5.47103494E-04	 1.32311641E-04	-9.36488101E-05	 9.69404261E-04	 1.76706682E-03	 2.52596856E-03	 1.41449276E-03	-1.77700205E-03	-9.92485160E-04	-4.55740500E-04	-1.48652126E-04	-9.45772648E-06	 1.35139253E-05
 5.760000E-01	-1.83250909E-03	-3.60398005E-03	-5.86432568E-03	-8.70476887E-03	 7.13353143E-03	 3.60580263E-03	 1.90603583E-03	 5.59447663E-04	 1.36360461E-04	-9.61675418E-05	 9.65495671E-04	 1.76649793E-03	 2.53111735E-03	 1.47714066E-03	-1.76605443E-03	-9.98041054E-04	-4.59992785E-04	-1.50790921E-04	-9.47962830E-06	 1.37800325E-05
 5.770000E-01	-1.82836770E-03	-3.60874561E-03	-5.88174181E-03	-8.77668462E-03	 7.22234753E-03	 3.65908125E-03	 1.94109858E-03	 5.72080869E-04	 1.40531465E-04	-9.87465437E-05	 9.61501932E-04	 1.76576936E-03	 2.53614420E-03	 1.53872698E-03	-1.75477891E-03	-1.00368352E-03	-4.64266450E-04	-1.52949216E-04	-9.49095101E-06	 1.40515098E-05
 5.780000E-01	-1.82401996E-03	-3.61318838E-03	-5.89900094E-03	-8.84640043E-03	 7.31309397E-03	 3.71331819E-03	 1.97681737E-03	 5.85007927E-04	 1.44827803E-04	-1.01387142E-04	 9.57421840E-04	 1.76487914E-03	 2.54105279E-03	 1.59923708E-03	-1.74319338E-03	-1.00941783E-03	-4.68561829E-04	-1.55127360E-04	-9.49120857E-06	 1.43286088E-05
 5.790000E-01	-1.81940844E-03	-3.61718909E-03	-5.91590538E-03	-8.91376094E-03	 7.40560730E-03	 3.76844627E-03	 2.01316011E-03	 5.98225538E-04	 1.49250979E-04	-1.04087247E-04	 9.53226721E-04	 1.76377268E-03	 2.54576725E-03	 1.65872959E-03	-1.73116101E-03	-1.01522479E-03	-4.72870156E-04	-1.57322853E-04	-9.48013225E-06	 1.46111313E-05
 5.800000E-01	-1.81436636E-03	-3.62041106E-03	-5.93190930E-03	-8.97805965E-03	 7.49929534E-03	 3.82414719E-03	 2.04995791E-03	 6.11689031E-04	 1.53791568E-04	-1.06838144E-04	 9.48830456E-04	 1.76228738E-03	 2.55004608E-03	 1.71701937E-03	-1.71843681E-03	-1.02101171E-03	-4.77149597E-04	-1.59522503E-04	-9.45653665E-06	 1.48979891E-05
 5.810000E-01	-1.80876951E-03	-3.62260494E-03	-5.94662126E-03	-9.03877997E-03	 7.59371253E-03	 3.88011700E-03	 2.08704764E-03	 6.25351850E-04	 1.58438932E-04	-1.09632840E-04	 9.44168529E-04	 1.76029960E-03	 2.55369834E-03	 1.77372705E-03	-1.70494078E-03	-1.02669846E-03	-4.81361583E-04	-1.61713915E-04	-9.41892731E-06	 1.51883272E-05
 5.820000E-01	-1.80260560E-03	-3.62374335E-03	-5.96001050E-03	-9.09594817E-03	 7.68884011E-03	 3.93626340E-03	 2.12438051E-03	 6.39200101E-04	 1.63190618E-04	-1.12470451E-04	 9.39235074E-04	 1.75779404E-03	 2.55668913E-03	 1.82850403E-03	-1.69080706E-03	-1.03227135E-03	-4.85496435E-04	-1.63894052E-04	-9.36658051E-06	 1.54820206E-05
 5.830000E-01	-1.79592332E-03	-3.62392399E-03	-5.97225393E-03	-9.14985919E-03	 7.78490154E-03	 3.99259213E-03	 2.16196198E-03	 6.53234119E-04	 1.68047553E-04	-1.15354092E-04	 9.34055664E-04	 1.75481560E-03	 2.55907697E-03	 1.88107340E-03	-1.67635527E-03	-1.03775336E-03	-4.89558570E-04	-1.66064440E-04	-9.29885094E-06	 1.57794060E-05
 5.840000E-01	-1.78899770E-03	-3.62370319E-03	-5.98427886E-03	-9.20192998E-03	 7.88309887E-03	 4.04962592E-03	 2.20008017E-03	 6.67539582E-04	 1.73033266E-04	-1.18302025E-04	 9.28773646E-04	 1.75163321E-03	 2.56126082E-03	 1.93163082E-03	-1.66213037E-03	-1.04331183E-03	-4.93617798E-04	-1.68248312E-04	-9.21640607E-06	 1.60828412E-05
 5.850000E-01	-1.78212446E-03	-3.62367524E-03	-5.99705643E-03	-9.25373959E-03	 7.98479072E-03	 4.10808524E-03	 2.23913382E-03	 6.82243191E-04	 1.78183776E-04	-1.21335093E-04	 9.23544109E-04	 1.74853968E-03	 2.56368314E-03	 1.98080940E-03	-1.64842137E-03	-1.04914953E-03	-4.97766330E-04	-1.70476872E-04	-9.12130440E-06	 1.63950578E-05
 5.860000E-01	-1.77537132E-03	-3.62397564E-03	-6.01080287E-03	-9.30573670E-03	 8.09042348E-03	 4.16823988E-03	 2.27927825E-03	 6.97401699E-04	 1.83517688E-04	-1.24460216E-04	 9.18403486E-04	 1.74560505E-03	 2.56645556E-03	 2.02906432E-03	-1.63509838E-03	-1.05532569E-03	-5.02036628E-04	-1.72762072E-04	-9.01457616E-06	 1.67169811E-05
 5.870000E-01	-1.76874003E-03	-3.62461339E-03	-6.02554219E-03	-9.35803582E-03	 8.20020193E-03	 4.23016362E-03	 2.32056222E-03	 7.13037038E-04	 1.89044162E-04	-1.27680680E-04	 9.13352660E-04	 1.74283338E-03	 2.56958900E-03	 2.07658709E-03	-1.62202121E-03	-1.06184086E-03	-5.06434591E-04	-1.75107348E-04	-8.89604475E-06	 1.70490662E-05
 5.880000E-01	-1.76225454E-03	-3.62564593E-03	-6.04138966E-03	-9.41089161E-03	 8.31445126E-03	 4.29396117E-03	 2.36305032E-03	 7.29175535E-04	 1.94773071E-04	-1.31001814E-04	 9.08403183E-04	 1.74024982E-03	 2.57312956E-03	 2.12351924E-03	-1.60915947E-03	-1.06871231E-03	-5.10970727E-04	-1.77517651E-04	-8.76514361E-06	 1.73921547E-05
 5.890000E-01	-1.75594840E-03	-3.62714844E-03	-6.05848622E-03	-9.46461141E-03	 8.43358496E-03	 4.35978876E-03	 2.40683353E-03	 7.45852476E-04	 2.00716542E-04	-1.34430380E-04	 9.03572144E-04	 1.73789049E-03	 2.57714406E-03	 2.17005961E-03	-1.59649340E-03	-1.07597295E-03	-5.15660734E-04	-1.79999801E-04	-8.62128921E-06	 1.77472406E-05
 5.900000E-01	-1.74983474E-03	-3.62915420E-03	-6.07689878E-03	-9.51938501E-03	 8.55795337E-03	 4.42777382E-03	 2.45198803E-03	 7.63099119E-04	 2.06886317E-04	-1.37971916E-04	 8.98866575E-04	 1.73577299E-03	 2.58167496E-03	 2.21645281E-03	-1.58391197E-03	-1.08364773E-03	-5.20516554E-04	-1.82559176E-04	-8.46399074E-06	 1.81150837E-05
 5.910000E-01	-1.74390614E-03	-3.63165246E-03	-6.09661688E-03	-9.57531967E-03	 8.68782254E-03	 4.49802944E-03	 2.49858221E-03	 7.80946613E-04	 2.13295033E-04	-1.41630005E-04	 8.94283358E-04	 1.73389496E-03	 2.58673486E-03	 2.26299542E-03	-1.57110865E-03	-1.09175357E-03	-5.25548507E-04	-1.85200342E-04	-8.29315198E-06	 1.84962423E-05
 5.920000E-01	-1.73800919E-03	-3.63432428E-03	-6.11710471E-03	-9.63176137E-03	 8.82273535E-03	 4.57033775E-03	 2.54650089E-03	 7.99371537E-04	 2.19941356E-04	-1.45395475E-04	 8.89745243E-04	 1.73210791E-03	 2.59210657E-03	 2.30974315E-03	-1.55745086E-03	-1.10020872E-03	-5.30726660E-04	-1.87913978E-04	-8.10885436E-06	 1.88895683E-05
 5.930000E-01	-1.73181577E-03	-3.63648671E-03	-6.13721964E-03	-9.68701614E-03	 8.96129348E-03	 4.64390788E-03	 2.59531253E-03	 8.18246038E-04	 2.26794833E-04	-1.49243112E-04	 8.85084787E-04	 1.73008523E-03	 2.59728991E-03	 2.35618868E-03	-1.54231838E-03	-1.10878691E-03	-5.35954172E-04	-1.90667504E-04	-7.90989031E-06	 1.92916571E-05
 5.940000E-01	-1.72513595E-03	-3.63774562E-03	-6.15631555E-03	-9.74003584E-03	 9.10271820E-03	 4.71814454E-03	 2.64469269E-03	 8.37467977E-04	 2.33830085E-04	-1.53157866E-04	 8.80204329E-04	 1.72763409E-03	 2.60198236E-03	 2.40175412E-03	-1.52563150E-03	-1.11733652E-03	-5.41160218E-04	-1.93437046E-04	-7.69432301E-06	 1.97003651E-05
 5.950000E-01	-1.71796222E-03	-3.63808315E-03	-6.17437470E-03	-9.79077032E-03	 9.24715981E-03	 4.79293851E-03	 2.69458404E-03	 8.57019692E-04	 2.41044316E-04	-1.57139524E-04	 8.75100243E-04	 1.72474401E-03	 2.60616171E-03	 2.44619671E-03	-1.50761928E-03	-1.12584900E-03	-5.46334230E-04	-1.96219252E-04	-7.46122463E-06	 2.01154904E-05
 5.960000E-01	-1.71031214E-03	-3.63752966E-03	-6.19145226E-03	-9.83931143E-03	 9.39495315E-03	 4.86829553E-03	 2.74499074E-03	 8.76905300E-04	 2.48440814E-04	-1.61189941E-04	 8.69782733E-04	 1.72143117E-03	 2.60984933E-03	 2.48944843E-03	-1.48847276E-03	-1.13434605E-03	-5.51479022E-04	-1.99015420E-04	-7.21021754E-06	 2.05370750E-05
 5.970000E-01	-1.70224270E-03	-3.63619835E-03	-6.20774576E-03	-9.88599881E-03	 9.54671066E-03	 4.94435845E-03	 2.79599040E-03	 8.97153876E-04	 2.56029555E-04	-1.65314976E-04	 8.64282264E-04	 1.71775176E-03	 2.61312910E-03	 2.53157011E-03	-1.46834299E-03	-1.14287658E-03	-5.56610833E-04	-2.01831991E-04	-6.94091942E-06	 2.09657468E-05
 5.980000E-01	-1.69379910E-03	-3.63417963E-03	-6.22341916E-03	-9.93117077E-03	 9.70299265E-03	 5.02125146E-03	 2.84765211E-03	 9.17794272E-04	 2.63821189E-04	-1.69518927E-04	 8.58622612E-04	 1.71374891E-03	 2.61606310E-03	 2.57262660E-03	-1.44728735E-03	-1.15148204E-03	-5.61746184E-04	-2.04675378E-04	-6.65337511E-06	 2.14021303E-05
 5.990000E-01	-1.68498727E-03	-3.63148153E-03	-6.23849203E-03	-9.97490914E-03	 9.86414361E-03	 5.09897371E-03	 2.89997883E-03	 9.38832460E-04	 2.71820281E-04	-1.73802771E-04	 8.52807512E-04	 1.70942619E-03	 2.61864798E-03	 2.61254866E-03	-1.42540666E-03	-1.16016365E-03	-5.66886082E-04	-2.07546917E-04	-6.34752815E-06	 2.18461833E-05
 6.000000E-01	-1.67586691E-03	-3.62823356E-03	-6.25319888E-03	-1.00175139E-02	 1.00308345E-02	 5.17759626E-03	 2.95302114E-03	 9.60284997E-04	 2.80034186E-04	-1.78174082E-04	 8.46866779E-04	 1.70484145E-03	 2.62096814E-03	 2.65129198E-03	-1.40311998E-03	-1.16895226E-03	-5.72040920E-04	-2.10451432E-04	-6.02245339E-06	 2.22985449E-05
 6.010000E-01	-1.66670152E-03	-3.62500987E-03	-6.26853979E-03	-1.00604939E-02	 1.02050556E-02	 5.25785164E-03	 3.00721022E-03	 9.82292619E-04	 2.88507552E-04	-1.82663349E-04	 8.40933342E-04	 1.70026322E-03	 2.62344611E-03	 2.68931476E-03	-1.38096898E-03	-1.17805261E-03	-5.77298584E-04	-2.13421011E-04	-5.67810112E-06	 2.27626948E-05
 6.020000E-01	-1.65773991E-03	-3.62235325E-03	-6.28545523E-03	-1.01054252E-02	 1.03889750E-02	 5.34065484E-03	 3.06307802E-03	 1.00503886E-03	 2.97299629E-04	-1.87301800E-04	 8.35134363E-04	 1.69595130E-03	 2.62650071E-03	 2.72732656E-03	-1.35892794E-03	-1.18769599E-03	-5.82765232E-04	-2.16494283E-04	-5.31591947E-06	 2.32422988E-05
 6.030000E-01	-1.64902351E-03	-3.62035979E-03	-6.30412194E-03	-1.01527183E-02	 1.05837195E-02	 5.42635112E-03	 3.12082935E-03	 1.02860527E-03	 3.06440474E-04	-1.92099799E-04	 8.29492251E-04	 1.69195522E-03	 2.63022519E-03	 2.76571291E-03	-1.33640572E-03	-1.19795107E-03	-5.88478022E-04	-2.19685787E-04	-4.93657629E-06	 2.37386146E-05
 6.040000E-01	-1.64053533E-03	-3.61900199E-03	-6.32451300E-03	-1.02024351E-02	 1.07901872E-02	 5.51506570E-03	 3.18054502E-03	 1.05303187E-03	 3.15947911E-04	-1.97062019E-04	 8.23999065E-04	 1.68826332E-03	 2.63461480E-03	 2.80464637E-03	-1.31269513E-03	-1.20882063E-03	-5.94446303E-04	-2.23000723E-04	-4.53975973E-06	 2.42522878E-05
 6.050000E-01	-1.63218815E-03	-3.61809776E-03	-6.34633751E-03	-1.02542136E-02	 1.10089453E-02	 5.60665613E-03	 3.24215304E-03	 1.07830844E-03	 3.25824309E-04	-2.02184788E-04	 8.18611095E-04	 1.68478997E-03	 2.63954738E-03	 2.84410090E-03	-1.28707365E-03	-1.22024966E-03	-6.00650923E-04	-2.26433918E-04	-4.12459655E-06	 2.47830980E-05
 6.060000E-01	-1.62388118E-03	-3.61743244E-03	-6.36924341E-03	-1.03075070E-02	 1.12405986E-02	 5.70087026E-03	 3.30551913E-03	 1.10440047E-03	 3.36064081E-04	-2.07462845E-04	 8.13277990E-04	 1.68143505E-03	 2.64487748E-03	 2.88396662E-03	-1.25892915E-03	-1.23216810E-03	-6.07059575E-04	-2.29975551E-04	-3.68939618E-06	 2.53303752E-05
 6.070000E-01	-1.61558566E-03	-3.61695017E-03	-6.39315617E-03	-1.03621804E-02	 1.14864334E-02	 5.79768093E-03	 3.37063773E-03	 1.13131514E-03	 3.46675011E-04	-2.12898687E-04	 8.07985802E-04	 1.67817320E-03	 2.65058063E-03	 2.92430029E-03	-1.22760925E-03	-1.24458069E-03	-6.13667808E-04	-2.33625126E-04	-3.23274449E-06	 2.58943151E-05
 6.080000E-01	-1.60726919E-03	-3.61658187E-03	-6.41797302E-03	-1.04181989E-02	 1.17479939E-02	 5.89718225E-03	 3.43755958E-03	 1.15908452E-03	 3.57673817E-04	-2.18492162E-04	 8.02720328E-04	 1.67497661E-03	 2.65662495E-03	 2.96522632E-03	-1.19196802E-03	-1.25751575E-03	-6.20485086E-04	-2.37386328E-04	-2.75499958E-06	 2.64748717E-05
 6.090000E-01	-1.59868978E-03	-3.61578212E-03	-6.44274021E-03	-1.04742190E-02	 1.20254686E-02	 5.99875956E-03	 3.50591229E-03	 1.18760001E-03	 3.69034518E-04	-2.24212205E-04	 7.97363414E-04	 1.67159712E-03	 2.66261113E-03	 3.00632671E-03	-1.15051636E-03	-1.27080246E-03	-6.27439497E-04	-2.41233089E-04	-2.25734457E-06	 2.70680515E-05
 6.100000E-01	-1.58953022E-03	-3.61383311E-03	-6.46619608E-03	-1.05281978E-02	 1.23184065E-02	 6.10122843E-03	 3.57500310E-03	 1.21663351E-03	 3.80692421E-04	-2.30014038E-04	 7.91757221E-04	 1.66769919E-03	 2.66798305E-03	 3.04670654E-03	-1.10247685E-03	-1.28413267E-03	-6.34397776E-04	-2.45117562E-04	-1.73914810E-06	 2.76680260E-05
 6.110000E-01	-1.57968742E-03	-3.61049478E-03	-6.48792217E-03	-1.05793251E-02	 1.26279809E-02	 6.20397893E-03	 3.64448842E-03	 1.24606601E-03	 3.92613759E-04	-2.35881540E-04	 7.85849576E-04	 1.66316564E-03	 2.67252911E-03	 3.08576180E-03	-1.04820287E-03	-1.29735435E-03	-6.41292547E-04	-2.49016755E-04	-1.19865380E-06	 2.82723560E-05
 6.120000E-01	-1.56918432E-03	-3.60580919E-03	-6.50799657E-03	-1.06275769E-02	 1.29565963E-02	 6.30682816E-03	 3.71428544E-03	 1.27586499E-03	 4.04789808E-04	-2.41817724E-04	 7.79651292E-04	 1.65801156E-03	 2.67625580E-03	 3.12322846E-03	-9.88748232E-04	-1.31044831E-03	-6.48109090E-04	-2.52926563E-04	-6.34051028E-07	 2.88808718E-05
 6.130000E-01	-1.55821260E-03	-3.60020667E-03	-6.52719895E-03	-1.06740838E-02	 1.33084472E-02	 6.41027515E-03	 3.78471797E-03	 1.30613664E-03	 4.17254738E-04	-2.47854359E-04	 7.73257070E-04	 1.65243219E-03	 2.67947242E-03	 3.15934181E-03	-9.25513955E-04	-1.32357325E-03	-6.54907771E-04	-2.56870812E-04	-4.30172425E-08	 2.94968635E-05
 6.140000E-01	-1.54705908E-03	-3.59434312E-03	-6.54673685E-03	-1.07209598E-02	 1.36890397E-02	 6.51546643E-03	 3.85647239E-03	 1.33712188E-03	 4.30086941E-04	-2.54040954E-04	 7.66809617E-04	 1.64672833E-03	 2.68267008E-03	 3.19474164E-03	-8.59616159E-04	-1.33702570E-03	-6.61817809E-04	-2.60898355E-04	 5.75190742E-07	 3.01262262E-05
 6.150000E-01	-1.53583659E-03	-3.58848038E-03	-6.56712598E-03	-1.07694717E-02	 1.41024515E-02	 6.62310037E-03	 3.92993944E-03	 1.36896777E-03	 4.43337314E-04	-2.60400928E-04	 7.60365641E-04	 1.64101932E-03	 2.68604394E-03	 3.22973596E-03	-7.91941701E-04	-1.35094547E-03	-6.68912834E-04	-2.65037221E-04	 1.21981727E-06	 3.07719349E-05
 6.160000E-01	-1.52455098E-03	-3.58264011E-03	-6.58846381E-03	-1.08202116E-02	 1.45509673E-02	 6.73340287E-03	 4.00521162E-03	 1.40171298E-03	 4.57023421E-04	-2.66941321E-04	 7.53927041E-04	 1.63530869E-03	 2.68959896E-03	 3.26427353E-03	-7.24233965E-04	-1.36531478E-03	-6.76203260E-04	-2.69293502E-04	 1.89170369E-06	 3.14347475E-05
 6.170000E-01	-1.51329129E-03	-3.57704662E-03	-6.61124362E-03	-1.08744686E-02	 1.50359373E-02	 6.84694897E-03	 4.08255560E-03	 1.43545212E-03	 4.71182363E-04	-2.73684037E-04	 7.47535218E-04	 1.62968841E-03	 2.69349732E-03	 3.29850131E-03	-6.59555967E-04	-1.38019732E-03	-6.83728592E-04	-2.73684506E-04	 2.59341534E-06	 3.21172090E-05
 6.180000E-01	-1.50220285E-03	-3.57206242E-03	-6.63623853E-03	-1.09342726E-02	 1.55565059E-02	 6.96486000E-03	 4.16248214E-03	 1.47036768E-03	 4.85881634E-04	-2.80662186E-04	 7.41259912E-04	 1.62431572E-03	 2.69802682E-03	 3.33289136E-03	-6.01786528E-04	-1.39578720E-03	-6.91575134E-04	-2.78243532E-04	 3.32700705E-06	 3.28232891E-05
 6.190000E-01	-1.49134887E-03	-3.56786168E-03	-6.66389895E-03	-1.10014447E-02	 1.61065474E-02	 7.08825859E-03	 4.24538914E-03	 1.50660447E-03	 5.01177995E-04	-2.87895163E-04	 7.35130694E-04	 1.61926368E-03	 2.70334989E-03	 3.36791170E-03	-5.55259223E-04	-1.41226624E-03	-6.99812952E-04	-2.82995474E-04	 4.09358342E-06	 3.35555718E-05
 6.200000E-01	-1.48071810E-03	-3.56444397E-03	-6.69436897E-03	-1.10775743E-02	 1.66724577E-02	 7.21827043E-03	 4.33153528E-03	 1.54425724E-03	 5.17113051E-04	-2.95387620E-04	 7.29140229E-04	 1.61452623E-03	 2.70950562E-03	 3.40397125E-03	-5.24700230E-04	-1.42978687E-03	-7.08490380E-04	-2.87955105E-04	 4.89341313E-06	 3.43153409E-05
 6.210000E-01	-1.47016658E-03	-3.56148585E-03	-6.72717892E-03	-1.11633897E-02	 1.72300380E-02	 7.35570302E-03	 4.42083792E-03	 1.58329665E-03	 5.33688350E-04	-3.03114893E-04	 7.23216180E-04	 1.60995330E-03	 2.71629202E-03	 3.44122612E-03	-5.15146949E-04	-1.44839600E-03	-7.17600015E-04	-2.93113904E-04	 5.72503784E-06	 3.51007355E-05
 6.220000E-01	-1.45944486E-03	-3.55839584E-03	-6.76130196E-03	-1.12583841E-02	 1.77426271E-02	 7.50080924E-03	 4.51278197E-03	 1.62352873E-03	 5.50851192E-04	-3.11026341E-04	 7.17233820E-04	 1.60527638E-03	 2.72330446E-03	 3.47956258E-03	-5.32009319E-04	-1.46802853E-03	-7.27061905E-04	-2.98435141E-04	 6.58727178E-06	 3.59065669E-05
 6.230000E-01	-1.44844059E-03	-3.55489615E-03	-6.79622594E-03	-1.13623208E-02	 1.81633394E-02	 7.65435533E-03	 4.60710217E-03	 1.66484337E-03	 5.68577914E-04	-3.19095152E-04	 7.11135951E-04	 1.60037516E-03	 2.73039097E-03	 3.51925018E-03	-5.80213669E-04	-1.48882078E-03	-7.36845603E-04	-3.03901652E-04	 7.48045854E-06	 3.67300611E-05
 6.240000E-01	-1.43715675E-03	-3.55097023E-03	-6.83184873E-03	-1.14751802E-02	 1.84361747E-02	 7.81777928E-03	 4.70389371E-03	 1.70727279E-03	 5.86895510E-04	-3.27314679E-04	 7.04924662E-04	 1.59525958E-03	 2.73761611E-03	 3.56095349E-03	-6.62162677E-04	-1.51116248E-03	-7.47000329E-04	-3.09526312E-04	 8.40240970E-06	 3.75707600E-05
 6.250000E-01	-1.42553386E-03	-3.54642510E-03	-6.86761958E-03	-1.15955547E-02	 1.84965639E-02	 7.99212236E-03	 4.80306314E-03	 1.75080248E-03	 6.05817982E-04	-3.35660905E-04	 6.98574262E-04	 1.58987188E-03	 2.74489994E-03	 3.60505973E-03	-7.76397343E-04	-1.53538892E-03	-7.57552105E-04	-3.15316407E-04	 9.34677540E-06	 3.84256818E-05
 6.260000E-01	-1.41346073E-03	-3.54091591E-03	-6.90256256E-03	-1.17203204E-02	 1.82762341E-02	 8.17743253E-03	 4.90416085E-03	 1.79531235E-03	 6.25327462E-04	-3.44094235E-04	 6.92034240E-04	 1.58409047E-03	 2.75200448E-03	 3.65140315E-03	-9.17676109E-04	-1.56159766E-03	-7.68460374E-04	-3.21263971E-04	 1.03052851E-05	 3.92893519E-05
 6.270000E-01	-1.40088772E-03	-3.53422994E-03	-6.93581921E-03	-1.18455115E-02	 1.77117770E-02	 8.37298582E-03	 5.00669127E-03	 1.84069427E-03	 6.45417409E-04	-3.52586909E-04	 6.85284677E-04	 1.57785563E-03	 2.75874364E-03	 3.69946403E-03	-1.07755795E-03	-1.58966939E-03	-7.79657602E-04	-3.27365997E-04	 1.12688018E-05	 4.01566418E-05
 6.280000E-01	-1.38783367E-03	-3.52631162E-03	-6.96672466E-03	-1.19666296E-02	 1.67531863E-02	 8.57714341E-03	 5.11014212E-03	 1.88686673E-03	 6.66098334E-04	-3.61129166E-04	 6.78339585E-04	 1.57117965E-03	 2.76500800E-03	 3.74843148E-03	-1.24523075E-03	-1.61923155E-03	-7.91043918E-04	-3.33624778E-04	 1.22284609E-05	 4.10230478E-05
 6.290000E-01	-1.37447629E-03	-3.51750720E-03	-6.99535545E-03	-1.20800160E-02	 1.53731626E-02	 8.78794956E-03	 5.21435913E-03	 1.93391277E-03	 6.87446738E-04	-3.69756903E-04	 6.71290296E-04	 1.56425132E-03	 2.77096655E-03	 3.79759751E-03	-1.40847272E-03	-1.64980626E-03	-8.02547232E-04	-3.40070857E-04	 1.31775674E-05	 4.18880267E-05
 6.300000E-01	-1.36112012E-03	-3.50850049E-03	-7.02249346E-03	-1.21836080E-02	 1.35725569E-02	 9.00358200E-03	 5.31971848E-03	 1.98215201E-03	 7.09629155E-04	-3.78546939E-04	 6.64290933E-04	 1.55740663E-03	 2.77703212E-03	 3.84649324E-03	-1.55421353E-03	-1.68087723E-03	-8.14161633E-04	-3.46772673E-04	 1.41084321E-05	 4.27553729E-05
 6.310000E-01	-1.34790699E-03	-3.49957807E-03	-7.04822077E-03	-1.22749018E-02	 1.13798108E-02	 9.22074953E-03	 5.42609888E-03	 2.03175360E-03	 7.32760083E-04	-3.87540503E-04	 6.57415876E-04	 1.55079710E-03	 2.78327917E-03	 3.89409606E-03	-1.66990626E-03	-1.71146174E-03	-8.25777216E-04	-3.53765849E-04	 1.50105938E-05	 4.36250185E-05
 6.320000E-01	-1.33483740E-03	-3.49068106E-03	-7.07203720E-03	-1.23511073E-02	 8.85140347E-03	 9.43460395E-03	 5.53273651E-03	 2.08264884E-03	 7.56866220E-04	-3.96747261E-04	 6.50667159E-04	 1.54440601E-03	 2.78948507E-03	 3.93889503E-03	-1.74622959E-03	-1.74006707E-03	-8.37140550E-04	-3.61037069E-04	 1.58769419E-05	 4.44930417E-05
 6.330000E-01	-1.32192030E-03	-3.48179385E-03	-7.09367338E-03	-1.24108059E-02	 6.06986089E-03	 9.64017336E-03	 5.63884017E-03	 2.13473564E-03	 7.81955003E-04	-4.06185794E-04	 6.44047648E-04	 1.53822274E-03	 2.79547194E-03	 3.97961749E-03	-1.77870640E-03	-1.76513480E-03	-8.47971798E-04	-3.68560396E-04	 1.67068588E-05	 4.53569918E-05
 6.340000E-01	-1.30917044E-03	-3.47294106E-03	-7.11310328E-03	-1.24541869E-02	 3.13633261E-03	 9.83315063E-03	 5.74377768E-03	 2.18793116E-03	 8.08030322E-04	-4.15881836E-04	 6.37561534E-04	 1.53224665E-03	 2.80113587E-03	 4.01550133E-03	-1.76738838E-03	-1.78536938E-03	-8.58028951E-04	-3.76308620E-04	 1.75040861E-05	 4.62159392E-05
 6.350000E-01	-1.29659795E-03	-3.46416137E-03	-7.13048553E-03	-1.24828655E-02	 1.60592333E-04	 1.00104286E-02	 5.84715731E-03	 2.24218732E-03	 8.35097612E-04	-4.25862393E-04	 6.31209881E-04	 1.52647770E-03	 2.80643503E-03	 4.04633587E-03	-1.71560827E-03	-1.79992576E-03	-8.67146000E-04	-3.84259094E-04	 1.82745780E-05	 4.70695444E-05
 6.360000E-01	-1.28419068E-03	-3.45545508E-03	-7.14603104E-03	-1.24994324E-02	-2.74980812E-03	 1.01703957E-02	 5.94888030E-03	 2.29751306E-03	 8.63170380E-04	-4.36145985E-04	 6.24983210E-04	 1.52089690E-03	 2.81134402E-03	 4.07233083E-03	-1.62840137E-03	-1.80842152E-03	-8.75250052E-04	-3.92397316E-04	 1.90236679E-05	 4.79176330E-05
 6.370000E-01	-1.27177393E-03	-3.44639672E-03	-7.15916181E-03	-1.25055920E-02	-5.49883370E-03	 1.03118783E-02	 6.04844848E-03	 2.35370562E-03	 8.92168539E-04	-4.46691199E-04	 6.18793100E-04	 1.51529692E-03	 2.81552393E-03	 4.09346550E-03	-1.51168019E-03	-1.81059294E-03	-8.82237523E-04	-4.00668215E-04	 1.97542732E-05	 4.87544275E-05
 6.380000E-01	-1.25908305E-03	-3.43631568E-03	-7.16884827E-03	-1.25023704E-02	-8.00848700E-03	 1.04345004E-02	 6.14498399E-03	 2.41032535E-03	 9.21905956E-04	-4.57418061E-04	 6.12505124E-04	 1.50935774E-03	 2.81845636E-03	 4.10957853E-03	-1.37250925E-03	-1.80638121E-03	-8.87961786E-04	-4.08974766E-04	 2.04731956E-05	 4.95699584E-05
 6.390000E-01	-1.24602235E-03	-3.42499210E-03	-7.17501543E-03	-1.24923696E-02	-1.02251861E-02	 1.05407636E-02	 6.23847378E-03	 2.46718188E-03	 9.52274079E-04	-4.68301080E-04	 6.06066134E-04	 1.50295736E-03	 2.82001946E-03	 4.12124781E-03	-1.21820924E-03	-1.79648687E-03	-8.92440083E-04	-4.17264910E-04	 2.11946216E-05	 5.03606247E-05
 6.400000E-01	-1.23261377E-03	-3.41252174E-03	-7.17821818E-03	-1.24789552E-02	-1.21226637E-02	 1.06353739E-02	 6.32972012E-03	 2.52436384E-03	 9.83260238E-04	-4.79355578E-04	 5.99482277E-04	 1.49611933E-03	 2.82037503E-03	 4.12956604E-03	-1.05432097E-03	-1.78223204E-03	-8.95858624E-04	-4.25537423E-04	 2.19337110E-05	 5.11281214E-05
 6.410000E-01	-1.21892460E-03	-3.39912215E-03	-7.17920539E-03	-1.24652402E-02	-1.37001132E-02	 1.07240029E-02	 6.41994466E-03	 2.58211661E-03	 1.01490986E-03	-4.90616415E-04	 5.92784090E-04	 1.48892698E-03	 2.81978821E-03	 4.13570399E-03	-8.83851779E-04	-1.76512700E-03	-8.98486112E-04	-4.33819735E-04	 2.27048894E-05	 5.18768283E-05
 6.420000E-01	-1.20503816E-03	-3.38505426E-03	-7.17874564E-03	-1.24536975E-02	-1.49773157E-02	 1.08123213E-02	 6.51054090E-03	 2.64077764E-03	 1.04730891E-03	-5.02127541E-04	 5.86011917E-04	 1.48148724E-03	 2.81854599E-03	 4.14067047E-03	-7.07737009E-04	-1.74649107E-03	-9.00606982E-04	-4.42153767E-04	 2.35210327E-05	 5.26131014E-05
 6.430000E-01	-1.19098164E-03	-3.37041780E-03	-7.17720055E-03	-1.24454558E-02	-1.59874696E-02	 1.09048382E-02	 6.60254982E-03	 2.70058446E-03	 1.08051193E-03	-5.13911818E-04	 5.79179816E-04	 1.47383962E-03	 2.81678232E-03	 4.14501708E-03	-5.26073645E-04	-1.72714616E-03	-9.02417560E-04	-4.50560286E-04	 2.43933793E-05	 5.33413378E-05
 6.440000E-01	-1.17677381E-03	-3.35528308E-03	-7.17482107E-03	-1.24409702E-02	-1.67711335E-02	 1.10051079E-02	 6.69672724E-03	 2.76168627E-03	 1.11454754E-03	-5.25992887E-04	 5.72296998E-04	 1.46601050E-03	 2.81459152E-03	 4.14907206E-03	-3.39360744E-04	-1.70759396E-03	-9.04036411E-04	-4.59045006E-04	 2.53358351E-05	 5.40651093E-05
 6.450000E-01	-1.16255098E-03	-3.34005039E-03	-7.17252258E-03	-1.24415017E-02	-1.73726886E-02	 1.11167738E-02	 6.79432293E-03	 2.82447888E-03	 1.14955271E-03	-5.38451365E-04	 5.65429840E-04	 1.45817268E-03	 2.81234142E-03	 4.15350202E-03	-1.48356797E-04	-1.68835816E-03	-9.05641707E-04	-4.67658063E-04	 2.63655453E-05	 5.47931266E-05
 6.460000E-01	-1.14847030E-03	-3.32518403E-03	-7.17132326E-03	-1.24482489E-02	-1.78350610E-02	 1.12426264E-02	 6.89675234E-03	 2.88950863E-03	 1.18573773E-03	-5.51382561E-04	 5.58656984E-04	 1.45053279E-03	 2.81045535E-03	 4.15900516E-03	 4.66162428E-05	-1.66974418E-03	-9.07431785E-04	-4.76474481E-04	 2.74958316E-05	 5.55364991E-05
 6.470000E-01	-1.13456375E-03	-3.31079498E-03	-7.17146145E-03	-1.24609688E-02	-1.81944199E-02	 1.13834749E-02	 7.00468963E-03	 2.95707116E-03	 1.22322419E-03	-5.64830470E-04	 5.51997353E-04	 1.44314526E-03	 2.80905264E-03	 4.16575512E-03	 2.45215966E-04	-1.65155059E-03	-9.09478763E-04	-4.85525110E-04	 2.87355427E-05	 5.63017005E-05
 6.480000E-01	-1.12080210E-03	-3.29681730E-03	-7.17278761E-03	-1.24787930E-02	-1.84795612E-02	 1.15390596E-02	 7.11832481E-03	 3.02728141E-03	 1.26206855E-03	-5.78813001E-04	 5.45439554E-04	 1.43598572E-03	 2.80809365E-03	 4.17364161E-03	 4.46409456E-04	-1.63328885E-03	-9.11763603E-04	-4.94809900E-04	 3.00929727E-05	 5.70924254E-05
 6.490000E-01	-1.10710332E-03	-3.28302771E-03	-7.17480610E-03	-1.25003684E-02	-1.87119901E-02	 1.17083621E-02	 7.23740698E-03	 3.10007142E-03	 1.30225719E-03	-5.93321517E-04	 5.38945716E-04	 1.42895939E-03	 2.80739906E-03	 4.18234618E-03	 6.48418064E-04	-1.61439183E-03	-9.14203175E-04	-5.04300129E-04	 3.15755068E-05	 5.79096646E-05
 6.500000E-01	-1.09338882E-03	-3.26920692E-03	-7.17703341E-03	-1.25244981E-02	-1.89074305E-02	 1.18903011E-02	 7.36154343E-03	 3.17530278E-03	 1.34374986E-03	-6.08345621E-04	 5.32478200E-04	 1.42197027E-03	 2.80678839E-03	 4.19157932E-03	 8.49075640E-04	-1.59448207E-03	-9.16718100E-04	-5.13963845E-04	 3.31905573E-05	 5.87536638E-05
 6.510000E-01	-1.07963806E-03	-3.25530063E-03	-7.17934700E-03	-1.25506940E-02	-1.90778873E-02	 1.20843465E-02	 7.49069243E-03	 3.25299344E-03	 1.38657126E-03	-6.23900708E-04	 5.26027374E-04	 1.41499503E-03	 2.80622435E-03	 4.20129741E-03	 1.04665441E-03	-1.57340182E-03	-9.19305017E-04	-5.23801059E-04	 3.49449305E-05	 5.96266898E-05
 6.520000E-01	-1.06580281E-03	-3.24116698E-03	-7.18142424E-03	-1.25781502E-02	-1.92312658E-02	 1.22895843E-02	 7.62473706E-03	 3.33315747E-03	 1.43074338E-03	-6.39978011E-04	 5.19571375E-04	 1.40797605E-03	 2.80559466E-03	 4.21132654E-03	 1.24007512E-03	-1.55080526E-03	-9.21954949E-04	-5.33808651E-04	 3.68396651E-05	 6.05293055E-05
 6.530000E-01	-1.05172666E-03	-3.22632563E-03	-7.18219760E-03	-1.26048144E-02	-1.93704336E-02	 1.25038762E-02	 7.76268230E-03	 3.41543013E-03	 1.47612507E-03	-6.56493325E-04	 5.13034557E-04	 1.40070675E-03	 2.80448385E-03	 4.22098531E-03	 1.42793397E-03	-1.52606264E-03	-9.24529747E-04	-5.43920503E-04	 3.88714090E-05	 6.14543014E-05
 6.540000E-01	-1.03728771E-03	-3.21038608E-03	-7.18080099E-03	-1.26290906E-02	-1.94964532E-02	 1.27256312E-02	 7.90345765E-03	 3.49937017E-03	 1.52254119E-03	-6.73373828E-04	 5.06355189E-04	 1.39301304E-03	 2.80253996E-03	 4.22968357E-03	 1.60818207E-03	-1.49887488E-03	-9.26889384E-04	-5.54066318E-04	 4.10411249E-05	 6.23940033E-05
 6.550000E-01	-1.02248517E-03	-3.19332216E-03	-7.17717053E-03	-1.26508527E-02	-1.96112974E-02	 1.29548809E-02	 8.04677774E-03	 3.58485228E-03	 1.56995169E-03	-6.90619031E-04	 4.99529780E-04	 1.38487757E-03	 2.79972695E-03	 4.23735316E-03	 1.77904913E-03	-1.46954483E-03	-9.29027904E-04	-5.64235208E-04	 4.33542526E-05	 6.33469707E-05
 6.560000E-01	-1.00738806E-03	-3.17532623E-03	-7.17172680E-03	-1.26708457E-02	-1.97175737E-02	 1.31927103E-02	 8.19293551E-03	 3.67199800E-03	 1.61842483E-03	-7.08278046E-04	 4.92589427E-04	 1.37637927E-03	 2.79620636E-03	 4.24427229E-03	 1.93976528E-03	-1.43877791E-03	-9.31047075E-04	-5.74462931E-04	 4.58178501E-05	 6.43159709E-05
 6.570000E-01	-9.92146356E-04	-3.15685749E-03	-7.16549001E-03	-1.26908708E-02	-1.98192726E-02	 1.34414606E-02	 8.34310062E-03	 3.76133096E-03	 1.66820826E-03	-7.26465790E-04	 4.85606720E-04	 1.36771643E-03	 2.79238354E-03	 4.25111390E-03	 2.09100633E-03	-1.40735528E-03	-9.33166142E-04	-5.84848291E-04	 4.84407119E-05	 6.53107136E-05
 6.580000E-01	-9.76854750E-04	-3.13821573E-03	-7.15912818E-03	-1.27120817E-02	-1.99193083E-02	 1.37028850E-02	 8.49831151E-03	 3.85335879E-03	 1.71954466E-03	-7.45264898E-04	 4.78629658E-04	 1.35902321E-03	 2.78853269E-03	 4.25833097E-03	 2.23431394E-03	-1.37554044E-03	-9.35557783E-04	-5.95476565E-04	 5.12258632E-05	 6.63394751E-05
 6.590000E-01	-9.61518203E-04	-3.11941896E-03	-7.15268543E-03	-1.27345344E-02	-2.00184316E-02	 1.39776823E-02	 8.65885078E-03	 3.94825967E-03	 1.77253413E-03	-7.64696783E-04	 4.71661820E-04	 1.35031018E-03	 2.78467684E-03	 4.26596096E-03	 2.37097216E-03	-1.34320226E-03	-9.38259174E-04	-6.06374030E-04	 5.41750426E-05	 6.74042955E-05
 6.600000E-01	-9.46162391E-04	-3.10055006E-03	-7.14636693E-03	-1.27585978E-02	-2.01175062E-02	 1.42670316E-02	 8.82508478E-03	 4.04623839E-03	 1.82729054E-03	-7.84803639E-04	 4.64715528E-04	 1.34161312E-03	 2.78089551E-03	 4.27413253E-03	 2.50199272E-03	-1.31029008E-03	-9.41300468E-04	-6.17571156E-04	 5.72957577E-05	 6.85073991E-05
 6.610000E-01	-9.30835317E-04	-3.08176760E-03	-7.14056124E-03	-1.27849751E-02	-2.02179380E-02	 1.45725538E-02	 8.99766974E-03	 4.14764610E-03	 1.88399276E-03	-8.05647510E-04	 4.57814438E-04	 1.33300170E-03	 2.77734230E-03	 4.28310733E-03	 2.62853042E-03	-1.27674083E-03	-9.44752171E-04	-6.29120812E-04	 6.05963684E-05	 6.96530430E-05
 6.620000E-01	-9.15555850E-04	-3.06314318E-03	-7.13545869E-03	-1.28140240E-02	-2.03206896E-02	 1.48956041E-02	 9.17713210E-03	 4.25278592E-03	 1.94280112E-03	-8.27270949E-04	 4.50969082E-04	 1.32450980E-03	 2.77409709E-03	 4.29304028E-03	 2.75181866E-03	-1.24223895E-03	-9.48669546E-04	-6.41066326E-04	 6.40820873E-05	 7.08451523E-05
 6.630000E-01	-9.00305813E-04	-3.04462988E-03	-7.13096829E-03	-1.28455965E-02	-2.04260230E-02	 1.52371648E-02	 9.36376897E-03	 4.36185891E-03	 2.00383152E-03	-8.49688118E-04	 4.44172716E-04	 1.31612180E-03	 2.77113362E-03	 4.30391028E-03	 2.87290535E-03	-1.20610956E-03	-9.53058286E-04	-6.53427631E-04	 6.77559363E-05	 7.20860411E-05
 6.640000E-01	-8.85002259E-04	-3.02596071E-03	-7.12647466E-03	-1.28786066E-02	-2.05326975E-02	 1.55973155E-02	 9.55721235E-03	 4.47475137E-03	 2.06705835E-03	-8.72851286E-04	 4.37386642E-04	 1.30772662E-03	 2.76821964E-03	 4.31535315E-03	 2.99218061E-03	-1.16743027E-03	-9.57823453E-04	-6.66170245E-04	 7.16165070E-05	 7.33731777E-05
 6.650000E-01	-8.69541832E-04	-3.00678615E-03	-7.12116019E-03	-1.29116305E-02	-2.06386297E-02	 1.59758420E-02	 9.75655617E-03	 4.59106741E-03	 2.13233056E-03	-8.96684810E-04	 4.30559866E-04	 1.29917210E-03	 2.76503207E-03	 4.32685231E-03	 3.10928934E-03	-1.12555838E-03	-9.62823429E-04	-6.79224513E-04	 7.56631389E-05	 7.47009231E-05
 6.660000E-01	-8.53893507E-04	-2.98698872E-03	-7.11474917E-03	-1.29442251E-02	-2.07431431E-02	 1.63737623E-02	 9.96143745E-03	 4.71064709E-03	 2.19960350E-03	-9.21174139E-04	 4.23675565E-04	 1.29040394E-03	 2.76145433E-03	 4.33822523E-03	 3.22390052E-03	-1.08031844E-03	-9.68019556E-04	-6.92569385E-04	 7.99007558E-05	 7.60672770E-05
 6.670000E-01	-8.38058517E-04	-2.96655833E-03	-7.10721527E-03	-1.29763719E-02	-2.08463930E-02	 1.67926706E-02	 1.01719405E-02	 4.83355623E-03	 2.26893059E-03	-9.46330389E-04	 4.16733735E-04	 1.28141745E-03	 2.75747422E-03	 4.34945892E-03	 3.33603273E-03	-1.03151282E-03	-9.73448982E-04	-7.06220709E-04	 8.43327976E-05	 7.74723875E-05
 6.680000E-01	-8.22021842E-04	-2.94542332E-03	-7.09838633E-03	-1.30077551E-02	-2.09479974E-02	 1.72338330E-02	 1.03879716E-02	 4.95980074E-03	 2.34033299E-03	-9.72137841E-04	 4.09726676E-04	 1.27218303E-03	 2.75302431E-03	 4.36043807E-03	 3.44567624E-03	-9.78710174E-04	-9.79122838E-04	-7.20184587E-04	 8.89581671E-05	 7.89139398E-05
 6.690000E-01	-8.05770534E-04	-2.92351330E-03	-7.08809018E-03	-1.30380497E-02	-2.10473394E-02	 1.76987229E-02	 1.06093472E-02	 5.08934608E-03	 2.41381397E-03	-9.98579446E-04	 4.02647088E-04	 1.26267063E-03	 2.74803458E-03	 4.37103203E-03	 3.55263512E-03	-9.21516445E-04	-9.85023008E-04	-7.34459114E-04	 9.37776773E-05	 8.03885601E-05
 6.700000E-01	-7.89309917E-04	-2.90082282E-03	-7.07630506E-03	-1.30672226E-02	-2.11441409E-02	 1.81896138E-02	 1.08360141E-02	 5.22220789E-03	 2.48940667E-03	-1.02566253E-03	 3.95496357E-04	 1.25287690E-03	 2.74249223E-03	 4.38120806E-03	 3.65669364E-03	-8.59834533E-04	-9.91147219E-04	-7.49051555E-04	 9.87957342E-05	 8.18948174E-05
 6.710000E-01	-7.72674145E-04	-2.87745386E-03	-7.06326872E-03	-1.30957389E-02	-2.12388574E-02	 1.87100235E-02	 1.10682370E-02	 5.35853842E-03	 2.56721609E-03	-1.05344009E-03	 3.88289971E-04	 1.24284375E-03	 2.73648574E-03	 4.39111895E-03	 3.75791727E-03	-7.93908182E-04	-9.97554832E-04	-7.63995825E-04	 1.04023103E-04	 8.34344037E-05
 6.720000E-01	-7.55940928E-04	-2.85368414E-03	-7.04965128E-03	-1.31248881E-02	-2.13335256E-02	 1.92653302E-02	 1.13071267E-02	 5.49889104E-03	 2.64754336E-03	-1.08204026E-03	 3.81066680E-04	 1.23269117E-03	 2.73027883E-03	 4.40122790E-03	 3.85706387E-03	-7.23863661E-04	-1.00442445E-03	-7.79387547E-04	 1.09476282E-04	 8.50160188E-05
 6.730000E-01	-7.39160137E-04	-2.82970591E-03	-7.03592614E-03	-1.31555970E-02	-2.14299533E-02	 1.98610599E-02	 1.15538161E-02	 5.64386182E-03	 2.73070674E-03	-1.11156406E-03	 3.73853692E-04	 1.22250699E-03	 2.72406750E-03	 4.41189344E-03	 3.95514604E-03	-6.49023283E-04	-1.01193425E-03	-7.95322958E-04	 1.15164076E-04	 8.66483747E-05
 6.740000E-01	-7.22330274E-04	-2.80551879E-03	-7.02210067E-03	-1.31879060E-02	-2.15283971E-02	 2.05020738E-02	 1.18087313E-02	 5.79373066E-03	 2.81687206E-03	-1.14204238E-03	 3.66652377E-04	 1.21229632E-03	 2.71786621E-03	 4.42316584E-03	 4.05280185E-03	-5.68054117E-04	-1.02015129E-03	-8.11846100E-04	 1.21089727E-04	 8.83338305E-05
 6.750000E-01	-7.05447049E-04	-2.78110421E-03	-7.00814153E-03	-1.32217671E-02	-2.16286663E-02	 2.11938965E-02	 1.20721138E-02	 5.94870184E-03	 2.90616948E-03	-1.17350279E-03	 3.59461548E-04	 1.20205470E-03	 2.71166935E-03	 4.43505597E-03	 4.15039861E-03	-4.79386296E-04	-1.02909887E-03	-8.28987442E-04	 1.27260909E-04	 9.00724918E-05
 6.760000E-01	-6.88507585E-04	-2.75644455E-03	-6.99402485E-03	-1.32571487E-02	-2.17304464E-02	 2.19431497E-02	 1.23441420E-02	 6.10897404E-03	 2.99872543E-03	-1.20597086E-03	 3.52280186E-04	 1.19177731E-03	 2.70547149E-03	 4.44757539E-03	 4.24818792E-03	-3.81241016E-04	-1.03880957E-03	-8.46780593E-04	 1.33685330E-04	 9.18642378E-05
 6.770000E-01	-6.71507862E-04	-2.73152168E-03	-6.97972668E-03	-1.32940451E-02	-2.18335131E-02	 2.27580264E-02	 1.26249691E-02	 6.27474164E-03	 3.09467021E-03	-1.23947366E-03	 3.45106859E-04	 1.18145839E-03	 2.69926397E-03	 4.46073101E-03	 4.34635877E-03	-2.71549268E-04	-1.04933763E-03	-8.65264175E-04	 1.40369316E-04	 9.37103014E-05
 6.780000E-01	-6.54434499E-04	-2.70628616E-03	-6.96513748E-03	-1.33323079E-02	-2.19377050E-02	 2.36483794E-02	 1.29147601E-02	 6.44620739E-03	 3.19413899E-03	-1.27402678E-03	 3.37936076E-04	 1.17107952E-03	 2.69300545E-03	 4.47446170E-03	 4.44491392E-03	-1.47855567E-04	-1.06071703E-03	-8.84471731E-04	 1.47315804E-04	 9.56119563E-05
 6.790000E-01	-6.37235480E-04	-2.68052981E-03	-6.94972993E-03	-1.33710167E-02	-2.20418539E-02	 2.46246663E-02	 1.32129224E-02	 6.62319674E-03	 3.29708608E-03	-1.30957004E-03	 3.30742175E-04	 1.16055178E-03	 2.68648593E-03	 4.48839432E-03	 4.54316959E-03	-7.89900282E-06	-1.07284169E-03	-9.04372731E-04	 1.54518650E-04	 9.75655415E-05
 6.800000E-01	-6.19857422E-04	-2.65401876E-03	-6.93289513E-03	-1.34091172E-02	-2.21445414E-02	 2.56987054E-02	 1.35183097E-02	 6.80523918E-03	 3.40333100E-03	-1.34602649E-03	 3.23495799E-04	 1.14976780E-03	 2.67944502E-03	 4.50204230E-03	 4.63983512E-03	 1.49081526E-04	-1.08549766E-03	-9.24894709E-04	 1.61975673E-04	 9.95648710E-05
 6.810000E-01	-6.02294038E-04	-2.62669621E-03	-6.91448189E-03	-1.34464619E-02	-2.22460693E-02	 2.68850421E-02	 1.38304066E-02	 6.99215638E-03	 3.51283319E-03	-1.38339852E-03	 3.16189375E-04	 1.13869156E-03	 2.67178430E-03	 4.51517913E-03	 4.73365109E-03	 3.21589600E-04	-1.09850218E-03	-9.46009537E-04	 1.69697346E-04	 1.01607949E-04
 6.820000E-01	-5.84562916E-04	-2.59860198E-03	-6.89460239E-03	-1.34834704E-02	-2.23484217E-02	 2.81992614E-02	 1.41493695E-02	 7.18405509E-03	 3.62567539E-03	-1.42173084E-03	 3.08826812E-04	 1.12732664E-03	 2.66349740E-03	 4.52773258E-03	 4.82352523E-03	 5.05476256E-04	-1.11168981E-03	-9.67724564E-04	 1.77698694E-04	 1.03696136E-04
 6.830000E-01	-5.66695359E-04	-2.56983418E-03	-6.87354533E-03	-1.35209896E-02	-2.24553537E-02	 2.96554071E-02	 1.44761191E-02	 7.38131662E-03	 3.74204722E-03	-1.46109063E-03	 3.01418400E-04	 1.11569985E-03	 2.65463521E-03	 4.53973065E-03	 4.90852828E-03	 6.93214677E-04	-1.12484433E-03	-9.90068318E-04	 1.85997909E-04	 1.05833330E-04
 6.840000E-01	-5.48718996E-04	-2.54048062E-03	-6.85159079E-03	-1.35599755E-02	-2.25722310E-02	 3.12615002E-02	 1.48123048E-02	 7.58446479E-03	 3.86217460E-03	-1.50153534E-03	 2.93972113E-04	 1.10383181E-03	 2.64523820E-03	 4.55120424E-03	 4.98789983E-03	 8.72797947E-04	-1.13762592E-03	-1.01305240E-03	 1.94616740E-04	 1.08025184E-04
 6.850000E-01	-5.30650898E-04	-2.51058547E-03	-6.82891133E-03	-1.36013253E-02	-2.27057802E-02	 3.30133383E-02	 1.51602143E-02	 7.79397574E-03	 3.98622973E-03	-1.54309381E-03	 2.86489462E-04	 1.09172105E-03	 2.63530133E-03	 4.56215718E-03	 5.06123901E-03	 1.02654034E-03	-1.14958863E-03	-1.03664869E-03	 2.03581486E-04	 1.10279203E-04
 6.860000E-01	-5.12519545E-04	-2.48024568E-03	-6.80582404E-03	-1.36463533E-02	-2.28646832E-02	 3.48880352E-02	 1.55236524E-02	 8.01056353E-03	 4.11446600E-03	-1.58582386E-03	 2.78977275E-04	 1.07938743E-03	 2.62488210E-03	 4.57279236E-03	 5.12919274E-03	 1.13099288E-03	-1.16039973E-03	-1.06084371E-03	 2.12932477E-04	 1.12607800E-04
 6.870000E-01	-4.94361847E-04	-2.44961020E-03	-6.78278736E-03	-1.36967489E-02	-2.30593123E-02	 3.68355453E-02	 1.59086244E-02	 8.23537360E-03	 4.24729891E-03	-1.62980477E-03	 2.71448467E-04	 1.06687759E-03	 2.61411747E-03	 4.58356666E-03	 5.19393748E-03	 1.15888851E-03	-1.17010806E-03	-1.08569359E-03	 2.22710719E-04	 1.15029525E-04
 6.880000E-01	-4.76203116E-04	-2.41877729E-03	-6.76011591E-03	-1.37538568E-02	-2.32995558E-02	 3.87685807E-02	 1.63230959E-02	 8.46979491E-03	 4.38518529E-03	-1.67505669E-03	 2.63912261E-04	 1.05422550E-03	 2.60312694E-03	 4.59500896E-03	 5.25902781E-03	 1.08262898E-03	-1.17931160E-03	-1.11132717E-03	 2.32936988E-04	 1.17560360E-04
 6.890000E-01	-4.58056910E-04	-2.38777903E-03	-6.73791106E-03	-1.38183388E-02	-2.35925993E-02	 4.05561318E-02	 1.67766562E-02	 8.71535301E-03	 4.52858315E-03	-1.72152788E-03	 2.56373879E-04	 1.04144857E-03	 2.59199706E-03	 4.60765665E-03	 5.32903720E-03	 8.78771875E-04	-1.18927322E-03	-1.13795966E-03	 2.43604985E-04	 1.20206052E-04
 6.900000E-01	-4.39929577E-04	-2.35659632E-03	-6.71607970E-03	-1.38900153E-02	-2.39408895E-02	 4.20231182E-02	 1.72798039E-02	 8.97362460E-03	 4.67795080E-03	-1.76910427E-03	 2.48837130E-04	 1.02855570E-03	 2.58079223E-03	 4.62201368E-03	 5.40897990E-03	 5.33193812E-04	-1.20199488E-03	-1.16590928E-03	 2.54676048E-04	 1.22957302E-04
 6.910000E-01	-4.21823388E-04	-2.32518164E-03	-6.69437932E-03	-1.39678315E-02	-2.43406408E-02	 4.29586421E-02	 1.78425635E-02	 9.24602741E-03	 4.83373618E-03	-1.81763306E-03	 2.41306646E-04	 1.01555598E-03	 2.56956561E-03	 4.63849026E-03	 5.50347956E-03	 4.60140915E-05	-1.22013773E-03	-1.19560117E-03	 2.66071832E-04	 1.25789860E-04
 6.920000E-01	-4.03738974E-04	-2.29349078E-03	-6.67248724E-03	-1.40499494E-02	-2.47813250E-02	 4.31339403E-02	 1.84729789E-02	 9.53368569E-03	 4.99642280E-03	-1.86698082E-03	 2.33789868E-04	 1.00247060E-03	 2.55837752E-03	 4.65734942E-03	 5.61586044E-03	-5.64921556E-04	-1.24668054E-03	-1.22753093E-03	 2.77682965E-04	 1.28664775E-04
 6.930000E-01	-3.85665026E-04	-2.26143544E-03	-6.64986695E-03	-1.41334696E-02	-2.52453097E-02	 4.23272597E-02	 1.91746956E-02	 9.83698960E-03	 5.16640228E-03	-1.91701619E-03	 2.26291016E-04	 9.89308908E-04	 2.54722537E-03	 4.67849384E-03	 5.74701422E-03	-1.26354754E-03	-1.28421067E-03	-1.26214892E-03	 2.89372421E-04	 1.31527338E-04
 6.940000E-01	-3.67576127E-04	-2.22885840E-03	-6.62570272E-03	-1.42143773E-02	-2.57085132E-02	 4.03547329E-02	 1.99442198E-02	 1.01549895E-02	 5.34376344E-03	-1.96761043E-03	 2.18806987E-04	 9.76050097E-04	 2.53598958E-03	 4.70131533E-03	 5.89459580E-03	-1.99938729E-03	-1.33400781E-03	-1.29968578E-03	 3.01000046E-04	 1.34309921E-04
 6.950000E-01	-3.49451954E-04	-2.19561762E-03	-6.59918056E-03	-1.42882967E-02	-2.61434318E-02	 3.71042233E-02	 2.07697933E-02	 1.04853904E-02	 5.52832073E-03	-2.01872000E-03	 2.11335272E-04	 9.62673155E-04	 2.52451455E-03	 4.72485463E-03	 6.05318316E-03	-2.71498272E-03	-1.39530105E-03	-1.34005143E-03	 3.12468334E-04	 1.36941390E-04
 6.960000E-01	-3.31286022E-04	-2.16163271E-03	-6.56968251E-03	-1.43512229E-02	-2.65232914E-02	 3.25629280E-02	 2.16316305E-02	 1.08247618E-02	 5.71967676E-03	-2.07042711E-03	 2.03877216E-04	 9.49172959E-04	 2.51266591E-03	 4.74798763E-03	 6.21517006E-03	-3.35503805E-03	-1.46492981E-03	-1.38278288E-03	 3.23753283E-04	 1.39360497E-04
 6.970000E-01	-3.13083940E-04	-2.12688129E-03	-6.53681896E-03	-1.43999687E-02	-2.68259587E-02	 2.68316038E-02	 2.25032911E-02	 1.11687584E-02	 5.91723349E-03	-2.12293346E-03	 1.96436714E-04	 9.35555336E-04	 2.50033598E-03	 4.76956769E-03	 6.37205311E-03	-3.87523364E-03	-1.53746019E-03	-1.42704260E-03	 3.34918065E-04	 1.41523752E-04
 6.980000E-01	-2.94861962E-04	-2.09139652E-03	-6.50045104E-03	-1.44325564E-02	-2.70372336E-02	 2.01220859E-02	 2.33545359E-02	 1.15125631E-02	 6.12026280E-03	-2.17653857E-03	 1.89019023E-04	 9.21834029E-04	 2.48745482E-03	 4.78859515E-03	 6.51592996E-03	-4.24868560E-03	-1.60585289E-03	-1.47169844E-03	 3.46110870E-04	 1.43412682E-04
 6.990000E-01	-2.76640729E-04	-2.05523112E-03	-6.46059154E-03	-1.44482248E-02	-2.71524059E-02	 1.27371017E-02	 2.41549095E-02	 1.18512637E-02	 6.32790883E-03	-2.23158073E-03	 1.81627164E-04	 9.08015944E-04	 2.47396146E-03	 4.80430061E-03	 6.64075951E-03	-4.46855010E-03	-1.66256885E-03	-1.51545109E-03	 3.57542620E-04	 1.45034663E-04
 7.000000E-01	-2.58447687E-04	-2.01846717E-03	-6.41744038E-03	-1.44475436E-02	-2.71765576E-02	 5.03604182E-03	 2.48784105E-02	 1.21805783E-02	 6.53933274E-03	-2.28841436E-03	 1.74264079E-04	 8.94107872E-04	 2.45982997E-03	 4.81628074E-03	 6.74329794E-03	-4.54624017E-03	-1.70100902E-03	-1.55705490E-03	 3.69461066E-04	 1.46418593E-04
 7.010000E-01	-2.40317102E-04	-1.98122782E-03	-6.37142186E-03	-1.44323888E-02	-2.71234594E-02	-2.60825520E-03	 2.55080989E-02	 1.24977242E-02	 6.75395692E-03	-2.34739046E-03	 1.66934515E-04	 8.80127038E-04	 2.44510012E-03	 4.82457649E-03	 6.82344791E-03	-4.50563404E-03	-1.71690344E-03	-1.59557295E-03	 3.82111678E-04	 1.47607120E-04
 7.020000E-01	-2.22282637E-04	-1.94364458E-03	-6.32308012E-03	-1.44055042E-02	-2.70127330E-02	-9.85361898E-03	 2.60387076E-02	 1.28018667E-02	 6.97156845E-03	-2.40877902E-03	 1.59642968E-04	 8.66091929E-04	 2.42984935E-03	 4.82956922E-03	 6.88374060E-03	-4.37516859E-03	-1.70914486E-03	-1.63055671E-03	 3.95681348E-04	 1.48648607E-04
 7.030000E-01	-2.04371988E-04	-1.90582843E-03	-6.27295367E-03	-1.43699383E-02	-2.68661911E-02	-1.64249218E-02	 2.64772119E-02	 1.30942320E-02	 7.19237130E-03	-2.47273231E-03	 1.52392013E-04	 8.52014276E-04	 2.41415985E-03	 4.83182490E-03	 6.92832826E-03	-4.18066611E-03	-1.67970603E-03	-1.66208988E-03	 4.10276493E-04	 1.49580298E-04
 7.040000E-01	-1.86603053E-04	-1.86785733E-03	-6.22150126E-03	-1.43286091E-02	-2.67046434E-02	-2.21367309E-02	 2.68413321E-02	 1.33778825E-02	 7.41697036E-03	-2.53928314E-03	 1.45181597E-04	 8.37896510E-04	 2.39809893E-03	 4.83195266E-03	 6.96189808E-03	-3.94078604E-03	-1.63286726E-03	-1.69070229E-03	 4.25925377E-04	 1.50425851E-04
 7.050000E-01	-1.68984626E-04	-1.82977338E-03	-6.16906105E-03	-1.42839793E-02	-2.65454970E-02	-2.69001900E-02	 2.71563611E-02	 1.36571837E-02	 7.64627195E-03	-2.60836295E-03	 1.38010024E-04	 8.23732831E-04	 2.38170762E-03	 4.83049077E-03	 6.98875201E-03	-3.66568663E-03	-1.57401423E-03	-1.71721405E-03	 4.42595881E-04	 1.51198306E-04
 7.060000E-01	-1.51521064E-04	-1.79160028E-03	-6.11587396E-03	-1.42379378E-02	-2.64014832E-02	-3.07156308E-02	 2.74513636E-02	 1.39372256E-02	 7.88138650E-03	-2.67986398E-03	 1.30876224E-04	 8.09517203E-04	 2.36501198E-03	 4.82786321E-03	 7.01227370E-03	-3.35842664E-03	-1.50838073E-03	-1.74254562E-03	 4.60231142E-04	 1.51908270E-04
 7.070000E-01	-1.34215242E-04	-1.75334794E-03	-6.06208027E-03	-1.41917041E-02	-2.62801731E-02	-3.36543253E-02	 2.77551118E-02	 1.42231845E-02	 8.12349977E-03	-2.75368197E-03	 1.23780763E-04	 7.95245381E-04	 2.34802427E-03	 4.82435352E-03	 7.03470236E-03	-3.01795581E-03	-1.43997062E-03	-1.76754363E-03	 4.78781903E-04	 1.52568870E-04
 7.080000E-01	-1.17069199E-04	-1.71500955E-03	-6.00770761E-03	-1.41458224E-02	-2.61843598E-02	-3.58341705E-02	 2.80925247E-02	 1.45196698E-02	 8.37369722E-03	-2.82973153E-03	 1.16725397E-04	 7.80912350E-04	 2.33073595E-03	 4.82009329E-03	 7.05717859E-03	-2.64253166E-03	-1.37097844E-03	-1.79284199E-03	 4.98226866E-04	 1.53200790E-04
 7.090000E-01	-1.00083194E-04	-1.67656717E-03	-5.95270622E-03	-1.41003190E-02	-2.61131759E-02	-3.73953436E-02	 2.84826773E-02	 1.48303978E-02	 8.63290462E-03	-2.90797308E-03	 1.09712344E-04	 7.66513721E-04	 2.31313002E-03	 4.81511638E-03	 7.08004877E-03	-2.23242182E-03	-1.30174867E-03	-1.81882430E-03	 5.18588100E-04	 1.53830356E-04
 7.100000E-01	-8.32522697E-05	-1.63799312E-03	-5.89698472E-03	-1.40549071E-02	-2.60634837E-02	-3.84796845E-02	 2.89380766E-02	 1.51580988E-02	 8.90188550E-03	-2.98840681E-03	 1.02742979E-04	 7.52045967E-04	 2.29518994E-03	 4.80941199E-03	 7.10321963E-03	-1.79114967E-03	-1.23120223E-03	-1.84565332E-03	 5.39923739E-04	 1.54490079E-04
 7.110000E-01	-6.65662534E-05	-1.59924179E-03	-5.84039079E-03	-1.40090307E-02	-2.60308596E-02	-3.92156610E-02	 2.94649372E-02	 1.55044532E-02	 9.18118639E-03	-3.07104576E-03	 9.58165901E-05	 7.37500460E-04	 2.27688682E-03	 4.80292334E-03	 7.12637451E-03	-1.32544312E-03	-1.15739270E-03	-1.87332797E-03	 5.62310091E-04	 1.55213632E-04
 7.120000E-01	-5.00139011E-05	-1.56025650E-03	-5.78273227E-03	-1.39619917E-02	-2.60105395E-02	-3.97098328E-02	 3.00644661E-02	 1.58701617E-02	 9.47110275E-03	-3.15591015E-03	 8.89313096E-05	 7.22863593E-04	 2.25817802E-03	 4.79556205E-03	 7.14915092E-03	-8.44338021E-04	-1.07818573E-03	-1.90174874E-03	 5.85830429E-04	 1.56031412E-04
 7.130000E-01	-3.35887157E-05	-1.52100221E-03	-5.72387926E-03	-1.39132452E-02	-2.59984274E-02	-4.00446256E-02	 3.07349258E-02	 1.62553569E-02	 9.77182810E-03	-3.24306848E-03	 8.20867249E-05	 7.08128660E-04	 2.23904122E-03	 4.78728668E-03	 7.17134309E-03	-3.57685417E-04	-9.91822974E-04	-1.93083890E-03	 6.10563400E-04	 1.56970187E-04
 7.140000E-01	-1.72902228E-05	-1.48147118E-03	-5.66378058E-03	-1.38624638E-02	-2.59913997E-02	-4.02798897E-02	 3.14733607E-02	 1.66599782E-02	 1.00835751E-02	-3.33264564E-03	 7.52844595E-05	 6.93297873E-04	 2.21947913E-03	 4.77811535E-03	 7.19294472E-03	 1.25463479E-04	-8.97174300E-04	-1.96059689E-03	 6.36578913E-04	 1.58048644E-04
 7.150000E-01	-1.12287064E-06	-1.44167715E-03	-5.60244196E-03	-1.38095073E-02	-2.59872567E-02	-4.04563688E-02	 3.22767492E-02	 1.70839612E-02	 1.04066386E-02	-3.42479915E-03	 6.85274441E-05	 6.78379457E-04	 2.19951148E-03	 4.76810526E-03	 7.21407609E-03	 5.97896369E-04	-7.93649873E-04	-1.99111196E-03	 6.63929437E-04	 1.59275573E-04
 7.160000E-01	 1.49073576E-05	-1.40164070E-03	-5.53989249E-03	-1.37543500E-02	-2.59845876E-02	-4.05999426E-02	 3.31428348E-02	 1.75272619E-02	 1.07413483E-02	-3.51967499E-03	 6.18190622E-05	 6.63382980E-04	 2.17916022E-03	 4.75731858E-03	 7.23489296E-03	 1.05456464E-03	-6.81086696E-04	-2.02252887E-03	 6.92642410E-04	 1.60658022E-04
 7.170000E-01	 3.07938104E-05	-1.36137609E-03	-5.47614369E-03	-1.36969438E-02	-2.59824372E-02	-4.07258703E-02	 3.40708825E-02	 1.79898298E-02	 1.10879850E-02	-3.61740486E-03	 5.51621557E-05	 6.48314388E-04	 2.15843559E-03	 4.74579168E-03	 7.25552936E-03	 1.49244623E-03	-5.59660822E-04	-2.05501981E-03	 7.22736318E-04	 1.62197492E-04
 7.180000E-01	 4.65302134E-05	-1.32090989E-03	-5.41126952E-03	-1.36374059E-02	-2.59805596E-02	-4.08432482E-02	 3.50626310E-02	 1.84719398E-02	 1.14469296E-02	-3.71817042E-03	 4.85599248E-05	 6.33185505E-04	 2.13736802E-03	 4.73360712E-03	 7.27622211E-03	 1.91045291E-03	-4.29901244E-04	-2.08881530E-03	 7.54243870E-04	 1.63892916E-04
 7.190000E-01	 6.21146042E-05	-1.28027772E-03	-5.34541024E-03	-1.35760216E-02	-2.59793189E-02	-4.09582390E-02	 3.61222895E-02	 1.89744674E-02	 1.18188129E-02	-3.82219909E-03	 4.20149555E-05	 6.18014672E-04	 2.11601449E-03	 4.72090556E-03	 7.29731992E-03	 2.30943907E-03	-2.92344699E-04	-2.12424844E-03	 7.87198028E-04	 1.65745722E-04
 7.200000E-01	 7.75477097E-05	-1.23949226E-03	-5.27862388E-03	-1.35128973E-02	-2.59788267E-02	-4.10745021E-02	 3.72549287E-02	 1.94984410E-02	 1.22043107E-02	-3.92964755E-03	 3.55281663E-05	 6.02810263E-04	 2.09440191E-03	 4.70775719E-03	 7.31903017E-03	 2.69160958E-03	-1.46960636E-04	-2.16164987E-03	 8.21608764E-04	 1.67754808E-04
 7.210000E-01	 9.28288718E-05	-1.19854104E-03	-5.21085208E-03	-1.34478772E-02	-2.59786756E-02	-4.11932794E-02	 3.84656635E-02	 2.00446694E-02	 1.26039969E-02	-4.04056334E-03	 2.90995652E-05	 5.87567694E-04	 2.07251213E-03	 4.69412390E-03	 7.34132189E-03	 3.05946358E-03	 7.18126231E-06	-2.20127105E-03	 8.57461894E-04	 1.69915246E-04
 7.220000E-01	 1.07951717E-04	-1.15739418E-03	-5.14192751E-03	-1.33805555E-02	-2.59779213E-02	-4.13133893E-02	 3.97595275E-02	 2.06134341E-02	 1.30181972E-02	-4.15488700E-03	 2.27296654E-05	 5.72271112E-04	 2.05028209E-03	 4.67986144E-03	 7.36394176E-03	 3.41490902E-03	 1.71689076E-04	-2.24321816E-03	 8.94736747E-04	 1.72218720E-04
 7.230000E-01	 1.22904514E-04	-1.11603269E-03	-5.07169647E-03	-1.33105596E-02	-2.59756928E-02	-4.14325029E-02	 4.11429244E-02	 2.12047388E-02	 1.34471198E-02	-4.27257578E-03	 1.64205627E-05	 5.56907173E-04	 2.02765056E-03	 4.66482794E-03	 7.38664276E-03	 3.75914295E-03	 3.48323379E-04	-2.28754417E-03	 9.33438612E-04	 1.74653953E-04
 7.240000E-01	 1.37678219E-04	-1.07446092E-03	-5.00012050E-03	-1.32377847E-02	-2.59717546E-02	-4.15491461E-02	 4.26252191E-02	 2.18190447E-02	 1.38911909E-02	-4.39368884E-03	 1.01749141E-05	 5.41475417E-04	 2.00460152E-03	 4.64898420E-03	 7.40937464E-03	 4.09321385E-03	 5.38816130E-04	-2.33436801E-03	 9.73602412E-04	 1.77217736E-04
 7.250000E-01	 1.52265711E-04	-1.03266902E-03	-4.92712144E-03	-1.31619815E-02	-2.59656701E-02	-4.16620842E-02	 4.42177626E-02	 2.24568928E-02	 1.43507991E-02	-4.51825073E-03	 3.99460211E-06	 5.25971315E-04	 1.98110582E-03	 4.63225593E-03	 7.43204108E-03	 4.41812886E-03	 7.45133171E-04	-2.38383189E-03	 1.01524934E-03	 1.79908126E-04
 7.260000E-01	 1.66657404E-04	-9.90634298E-04	-4.85256830E-03	-1.30827178E-02	-2.59566749E-02	-4.17696635E-02	 4.59335269E-02	 2.31184680E-02	 1.48260646E-02	-4.64623792E-03	-2.11801764E-06	 5.10384704E-04	 1.95711104E-03	 4.61450732E-03	 7.45443082E-03	 4.73460404E-03	 9.69331667E-04	-2.43606083E-03	 1.05839318E-03	 1.82721605E-04
 7.270000E-01	 1.80842099E-04	-9.48356189E-04	-4.77640554E-03	-1.29997640E-02	-2.59443239E-02	-4.18701836E-02	 4.77880914E-02	 2.38039150E-02	 1.53171805E-02	-4.77769415E-03	-8.15908287E-06	 4.94714709E-04	 1.93259353E-03	 4.59566773E-03	 7.47644171E-03	 5.04323649E-03	 1.21345826E-03	-2.49126836E-03	 1.10305030E-03	 1.85653359E-04
 7.280000E-01	 1.94809702E-04	-9.05861615E-04	-4.69867950E-03	-1.29131865E-02	-2.59286213E-02	-4.19618428E-02	 4.98006134E-02	 2.45136297E-02	 1.58246496E-02	-4.91279077E-03	-1.41242099E-05	 4.78972210E-04	 1.90757204E-03	 4.57577104E-03	 7.49816141E-03	 5.34484047E-03	 1.47978380E-03	-2.54979800E-03	 1.14925742E-03	 1.88691141E-04
 7.290000E-01	 2.08556814E-04	-8.63200286E-04	-4.61954480E-03	-1.28233951E-02	-2.59101378E-02	-4.20430048E-02	 5.19953614E-02	 2.52485973E-02	 1.63495517E-02	-5.05183415E-03	-2.00101457E-05	 4.63179473E-04	 1.88211267E-03	 4.55496858E-03	 7.51987543E-03	 5.64052713E-03	 1.77149713E-03	-2.61214529E-03	 1.19705640E-03	 1.91819685E-04
 7.300000E-01	 2.22085333E-04	-8.20404909E-04	-4.53910912E-03	-1.27307043E-02	-2.58892483E-02	-4.21113775E-02	 5.44021884E-02	 2.60097592E-02	 1.68931111E-02	-5.19508277E-03	-2.58157021E-05	 4.47352876E-04	 1.85626623E-03	 4.53337315E-03	 7.54175914E-03	 5.93106767E-03	 2.09306101E-03	-2.67875770E-03	 1.24645874E-03	 1.95033082E-04
 7.310000E-01	 2.35392798E-04	-7.77479246E-04	-4.45735476E-03	-1.26350539E-02	-2.58656517E-02	-4.21630941E-02	 5.70578314E-02	 2.67968907E-02	 1.74560250E-02	-5.34271662E-03	-3.15402889E-05	 4.31492684E-04	 1.83002327E-03	 4.51094365E-03	 7.56366891E-03	 6.21606837E-03	 2.44937815E-03	-2.74987838E-03	 1.29748307E-03	 1.98321900E-04
 7.320000E-01	 2.48478441E-04	-7.34437887E-04	-4.37433986E-03	-1.25365702E-02	-2.58396203E-02	-4.21952328E-02	 6.00107545E-02	 2.76093505E-02	 1.80389246E-02	-5.49509380E-03	-3.71845978E-05	 4.15600756E-04	 1.80338555E-03	 4.48765700E-03	 7.58542690E-03	 6.49401816E-03	 2.84453630E-03	-2.82566819E-03	 1.35022462E-03	 2.01685741E-04
 7.330000E-01	 2.61346583E-04	-6.91297281E-04	-4.29017559E-03	-1.24355412E-02	-2.58120768E-02	-4.22078358E-02	 6.33231632E-02	 2.84467582E-02	 1.86426552E-02	-5.65270106E-03	-4.27527465E-05	 3.99675040E-04	 1.77635305E-03	 4.46347715E-03	 7.60673689E-03	 6.76218346E-03	 3.28096763E-03	-2.90616798E-03	 1.40481291E-03	 2.05134384E-04
 7.340000E-01	 2.73996593E-04	-6.48060118E-04	-4.20488777E-03	-1.23320820E-02	-2.57838890E-02	-4.22043088E-02	 6.70686844E-02	 2.93087625E-02	 1.92679870E-02	-5.81589948E-03	-4.82510717E-05	 3.83696252E-04	 1.74886245E-03	 4.43819219E-03	 7.62680005E-03	 7.01546533E-03	 3.75734427E-03	-2.99078101E-03	 1.46138614E-03	 2.08686555E-04
 7.350000E-01	 2.86412265E-04	-6.04719972E-04	-4.11837500E-03	-1.22260207E-02	-2.57556951E-02	-4.21925398E-02	 7.13277358E-02	 3.01949441E-02	 1.99153350E-02	-5.98475306E-03	-5.36852070E-05	 3.67625645E-04	 1.72076425E-03	 4.41135044E-03	 7.64416472E-03	 7.24528126E-03	 4.26341565E-03	-3.07752339E-03	 1.52015319E-03	 2.12385154E-04
 7.360000E-01	 2.98546709E-04	-5.61285698E-04	-4.03043050E-03	-1.21169237E-02	-2.57280248E-02	-4.21859209E-02	 7.61785591E-02	 3.11045067E-02	 2.05841967E-02	-6.15900372E-03	-5.90548315E-05	 3.51411920E-04	 1.69182761E-03	 4.38227608E-03	 7.65685964E-03	 7.43981356E-03	 4.77103697E-03	-3.16235359E-03	 1.58156814E-03	 2.16320577E-04
 7.370000E-01	 3.10338380E-04	-5.17836994E-04	-3.94108784E-03	-1.20050747E-02	-2.57036957E-02	-4.22089992E-02	 8.16886293E-02	 3.20393807E-02	 2.12742561E-02	-6.33857724E-03	-6.43544004E-05	 3.35025284E-04	 1.66188737E-03	 4.35047512E-03	 7.66340793E-03	 7.58743349E-03	 5.22492138E-03	-3.23951099E-03	 1.64653580E-03	 2.20674027E-04
 7.380000E-01	 3.21732899E-04	-4.74513277E-04	-3.85071040E-03	-1.18917638E-02	-2.56888151E-02	-4.23026736E-02	 8.78949893E-02	 3.30093571E-02	 2.19868681E-02	-6.52365772E-03	-6.95768184E-05	 3.18469281E-04	 1.63091624E-03	 4.31586555E-03	 7.66356613E-03	 7.68154462E-03	 5.53806162E-03	-3.30243322E-03	 1.71635143E-03	 2.25755982E-04
 7.390000E-01	 3.32674441E-04	-4.31465469E-04	-3.75973746E-03	-1.17785093E-02	-2.56910410E-02	-4.25220123E-02	 9.47660694E-02	 3.40347747E-02	 2.27249350E-02	-6.71415042E-03	-7.47097689E-05	 3.01766112E-04	 1.59895540E-03	 4.27862966E-03	 7.65834114E-03	 7.72442100E-03	 5.59331305E-03	-3.34496909E-03	 1.79239048E-03	 2.31966541E-04
 7.400000E-01	 3.43105752E-04	-3.88850587E-04	-3.66864269E-03	-1.16668862E-02	-2.57186222E-02	-4.29302561E-02	 1.02158865E-01	 3.51490795E-02	 2.34932586E-02	-6.90948177E-03	-7.97327074E-05	 2.84963747E-04	 1.56613157E-03	 4.23926599E-03	 7.65026684E-03	 7.73032451E-03	 5.25309851E-03	-3.36350404E-03	 1.87578250E-03	 2.39737586E-04
 7.410000E-01	 3.52971232E-04	-3.46831975E-04	-3.57790444E-03	-1.15584154E-02	-2.57791281E-02	-4.35883002E-02	 1.09778612E-01	 3.64001335E-02	 2.42990222E-02	-7.10857159E-03	-8.46166309E-05	 2.68139839E-04	 1.53267170E-03	 4.19862675E-03	 7.64354237E-03	 7.72706026E-03	 4.37975231E-03	-3.35992065E-03	 1.96697192E-03	 2.49394748E-04
 7.420000E-01	 3.62238304E-04	-3.05566030E-04	-3.48803904E-03	-1.14546618E-02	-2.58787403E-02	-4.45437303E-02	 1.17155819E-01	 3.78506023E-02	 2.51526008E-02	-7.31009125E-03	-8.93308247E-05	 2.51401340E-04	 1.49892757E-03	 4.15795698E-03	 7.64387694E-03	 7.75465591E-03	 2.86654799E-03	-3.34480922E-03	 2.06525095E-03	 2.61007911E-04
 7.430000E-01	 3.70919494E-04	-2.65145064E-04	-3.39945085E-03	-1.13568060E-02	-2.60205733E-02	-4.58202057E-02	 1.23645044E-01	 3.95758141E-02	 2.60679464E-02	-7.51235655E-03	-9.38521932E-05	 2.34861961E-04	 1.46531418E-03	 4.11868312E-03	 7.65751597E-03	 7.85952012E-03	 6.74455619E-04	-3.33931077E-03	 2.16817109E-03	 2.74244929E-04
 7.440000E-01	 3.79054414E-04	-2.25528998E-04	-3.31203166E-03	-1.12642100E-02	-2.62007495E-02	-4.74027319E-02	 1.28445394E-01	 4.16519628E-02	 2.70594989E-02	-7.71274900E-03	-9.81649323E-05	 2.18599543E-04	 1.43211289E-03	 4.08178237E-03	 7.68917218E-03	 8.08381471E-03	-2.13760922E-03	-3.37364988E-03	 2.27126512E-03	 2.88244417E-04
 7.450000E-01	 3.86698251E-04	-1.86558005E-04	-3.22515382E-03	-1.11741698E-02	-2.64070173E-02	-4.92264954E-02	 1.30670858E-01	 4.41378843E-02	 2.81387482E-02	-7.90814324E-03	-1.02261026E-04	 2.02645716E-04	 1.39941095E-03	 4.04751016E-03	 7.74063838E-03	 8.45427321E-03	-5.40066328E-03	-3.48243487E-03	 2.36863599E-03	 3.01586292E-04
 7.460000E-01	 3.93928296E-04	-1.47988436E-04	-3.13788082E-03	-1.10825595E-02	-2.66201498E-02	-5.11771484E-02	 1.29473924E-01	 4.70564326E-02	 2.93116123E-02	-8.09601631E-03	-1.06145029E-04	 1.86990024E-04	 1.36714056E-03	 4.01544625E-03	 7.81028852E-03	 8.97423866E-03	-8.84815525E-03	-3.69736129E-03	 2.45423737E-03	 3.12484017E-04
 7.470000E-01	 4.00839130E-04	-1.09535896E-04	-3.04913095E-03	-1.09845293E-02	-2.68162068E-02	-5.31022551E-02	 1.24195275E-01	 5.03788784E-02	 3.05762132E-02	-8.27540566E-03	-1.09837004E-04	 1.71583843E-04	 1.33510441E-03	 3.98457400E-03	 7.89309065E-03	 9.62064689E-03	-1.21531553E-02	-4.03866531E-03	 2.52335093E-03	 3.19104802E-04
 7.480000E-01	 4.07530628E-04	-7.09227519E-05	-2.95782657E-03	-1.08752642E-02	-2.69697989E-02	-5.48333360E-02	 1.14508921E-01	 5.40169548E-02	 3.19218841E-02	-8.44738978E-03	-1.13369608E-04	 1.56348922E-04	 1.30301060E-03	 3.95344719E-03	 7.98119372E-03	 1.03466624E-02	-1.49840946E-02	-4.50719311E-03	 2.57389293E-03	 3.19986493E-04
 7.490000E-01	 4.14058646E-04	-3.19464151E-05	-2.86295442E-03	-1.07502049E-02	-2.70565608E-02	-5.62093778E-02	 1.00523375E-01	 5.78199876E-02	 3.33268190E-02	-8.61486256E-03	-1.16774176E-04	 1.41191584E-04	 1.27046423E-03	 3.92024476E-03	 8.06476392E-03	 1.10889394E-02	-1.70682579E-02	-5.07873571E-03	 2.60740626E-03	 3.14387290E-04
 7.500000E-01	 4.20419032E-04	 7.43224363E-06	-2.76396008E-03	-1.06063768E-02	-2.70587020E-02	-5.71063533E-02	 8.28298475E-02	 6.15892871E-02	 3.47588456E-02	-8.78312263E-03	-1.20069484E-04	 1.26044328E-04	 1.23711984E-03	 3.88330780E-03	 8.13421986E-03	 1.17804047E-02	-1.82495190E-02	-5.70453678E-03	 2.62991401E-03	 3.02581884E-04
 7.510000E-01	 4.26582862E-04	 4.70859730E-05	-2.66107153E-03	-1.04436938E-02	-2.69706483E-02	-5.74681743E-02	 6.24589457E-02	 6.51175901E-02	 3.61821425E-02	-8.96016670E-03	-1.23267520E-04	 1.10889773E-04	 1.20285684E-03	 3.84178364E-03	 8.18296860E-03	 1.23664031E-02	-1.85188810E-02	-6.32100611E-03	 2.65153063E-03	 2.85995353E-04
 7.520000E-01	 4.32504172E-04	 8.67803478E-05	-2.55510311E-03	-1.02645007E-02	-2.67988267E-02	-5.73166113E-02	 4.07240598E-02	 6.82339050E-02	 3.75647820E-02	-9.15502310E-03	-1.26375750E-04	 9.57523818E-05	 1.16776055E-03	 3.79566460E-03	 8.20840907E-03	 1.28158755E-02	-1.80030249E-02	-6.86482537E-03	 2.68424102E-03	 2.66944850E-04
 7.530000E-01	 4.38121878E-04	 1.26232576E-04	-2.44714849E-03	-1.00725827E-02	-2.65581979E-02	-5.67381621E-02	 1.90068867E-02	 7.08367685E-02	 3.88851732E-02	-9.37556089E-03	-1.29391861E-04	 8.06829433E-05	 1.13204936E-03	 3.74558148E-03	 8.21162325E-03	 1.31240883E-02	-1.69198449E-02	-7.28750972E-03	 2.73911268E-03	 2.48056537E-04
 7.540000E-01	 4.43356603E-04	 1.65144884E-04	-2.33831239E-03	-9.87213075E-03	-2.62676725E-02	-5.58565458E-02	-1.44872057E-03	 7.29069336E-02	 4.01348790E-02	-9.62678123E-03	-1.32301426E-04	 6.57509450E-05	 1.09599374E-03	 3.69251607E-03	 8.19632831E-03	 1.33081234E-02	-1.55197755E-02	-7.56513011E-03	 2.82406232E-03	 2.31675835E-04
 7.550000E-01	 4.48128418E-04	 2.03236233E-04	-2.22963589E-03	-9.66730574E-03	-2.59471917E-02	-5.48059799E-02	-1.96870209E-02	 7.45051714E-02	 4.13192238E-02	-9.91072783E-03	-1.35082024E-04	 5.10365887E-05	 1.05989192E-03	 3.63766208E-03	 8.16796960E-03	 1.33997326E-02	-1.40300625E-02	-7.70304381E-03	 2.94288638E-03	 2.19390608E-04
 7.560000E-01	 4.52412781E-04	 2.40321724E-04	-2.12207923E-03	-9.46222300E-03	-2.56164166E-02	-5.37124779E-02	-3.51233025E-02	 7.57614397E-02	 4.24590351E-02	-1.02270979E-02	-1.37723069E-04	 3.66077154E-05	 1.02406921E-03	 3.58239335E-03	 8.13294846E-03	 1.34377258E-02	-1.26104412E-02	-7.73468027E-03	 3.09485416E-03	 2.11820518E-04
 7.570000E-01	 4.56215004E-04	 2.76342983E-04	-2.01617477E-03	-9.25954593E-03	-2.52898343E-02	-5.26724991E-02	-4.75498500E-02	 7.68417669E-02	 4.35843603E-02	-1.05726220E-02	-1.40225253E-04	 2.24887338E-05	 9.88708435E-04	 3.52765028E-03	 8.09646046E-03	 1.34575614E-02	-1.13300229E-02	-7.71026316E-03	 3.27484950E-03	 2.08582511E-04
 7.580000E-01	 4.59525704E-04	 3.11313427E-04	-1.91194617E-03	-9.05993029E-03	-2.49743716E-02	-5.17424801E-02	-5.70684561E-02	 7.79130621E-02	 4.47251793E-02	-1.09416199E-02	-1.42586745E-04	 8.66453138E-06	 9.53779898E-04	 3.47359534E-03	 8.06104954E-03	 1.34831178E-02	-1.01774623E-02	-7.68028373E-03	 3.47521593E-03	 2.08538182E-04
 7.590000E-01	 4.62306796E-04	 3.45254481E-04	-1.80910445E-03	-8.86261155E-03	-2.46708342E-02	-5.09436888E-02	-6.39922307E-02	 7.91230447E-02	 4.59057460E-02	-1.13276865E-02	-1.44797786E-04	-4.89416090E-06	 9.19109386E-04	 3.41977627E-03	 8.02678900E-03	 1.35249049E-02	-9.09398551E-03	-7.68270635E-03	 3.68832656E-03	 2.10268349E-04
 7.600000E-01	 4.64511692E-04	 3.78172383E-04	-1.70730384E-03	-8.66637158E-03	-2.43769548E-02	-5.02744412E-02	-6.87537372E-02	 8.05943174E-02	 4.71439908E-02	-1.17254812E-02	-1.46843902E-04	-1.82117581E-05	 8.84493508E-04	 3.36551172E-03	 7.99234520E-03	 1.35832782E-02	-8.00900004E-03	-7.73781712E-03	 3.90852930E-03	 2.12488688E-04
 7.610000E-01	 4.66132881E-04	 4.10099005E-04	-1.60631168E-03	-8.47038708E-03	-2.40903792E-02	-4.97221541E-02	-7.18338436E-02	 8.24243203E-02	 4.84560378E-02	-1.21315227E-02	-1.48721365E-04	-3.13082551E-05	 8.49799231E-04	 3.31030832E-03	 7.95625869E-03	 1.36533865E-02	-6.86507310E-03	-7.84837874E-03	 4.13270501E-03	 2.14304491E-04
 7.620000E-01	 4.67173400E-04	 4.41076733E-04	-1.50588378E-03	-8.27366597E-03	-2.38075242E-02	-4.92651230E-02	-7.36952252E-02	 8.46749642E-02	 4.98540905E-02	-1.25429023E-02	-1.50429288E-04	-4.42007578E-05	 8.14913227E-04	 3.25370729E-03	 7.91683664E-03	 1.37273109E-02	-5.63197584E-03	-8.00068043E-03	 4.35989360E-03	 2.15322905E-04
 7.630000E-01	 4.67621028E-04	 4.71114956E-04	-1.40579543E-03	-8.07504140E-03	-2.35238234E-02	-4.88764563E-02	-7.47314983E-02	 8.73708103E-02	 5.13431517E-02	-1.29573071E-02	-1.51958337E-04	-5.68869177E-05	 7.79753675E-04	 3.19529884E-03	 7.87242590E-03	 1.37964052E-02	-4.31417570E-03	-8.17017897E-03	 4.59138216E-03	 2.15648428E-04
 7.640000E-01	 4.67471240E-04	 5.00205138E-04	-1.30596011E-03	-7.87383726E-03	-2.32358584E-02	-4.85320217E-02	-7.52491878E-02	 9.05138401E-02	 5.29236039E-02	-1.33743793E-02	-1.53297424E-04	-6.93424223E-05	 7.44334234E-04	 3.13498017E-03	 7.82232111E-03	 1.38550911E-02	-2.94594593E-03	-8.33297704E-03	 4.83056420E-03	 2.15881369E-04
 7.650000E-01	 4.66747415E-04	 5.28358704E-04	-1.20641089E-03	-7.67002484E-03	-2.29420828E-02	-4.82142346E-02	-7.54713131E-02	 9.40987585E-02	 5.45952347E-02	-1.37961195E-02	-1.54442611E-04	-8.15370955E-05	 7.08756390E-04	 3.07300373E-03	 7.76704453E-03	 1.39028179E-02	-1.57349215E-03	-8.47648602E-03	 5.08162222E-03	 2.16857767E-04
 7.660000E-01	 4.65510731E-04	 5.55644423E-04	-1.10721094E-03	-7.46404821E-03	-2.26425533E-02	-4.79120538E-02	-7.55506827E-02	 9.81227052E-02	 5.63612496E-02	-1.42260485E-02	-1.55404045E-04	-9.34555618E-05	 6.73158182E-04	 3.00985148E-03	 7.70797742E-03	 1.39431551E-02	-2.35037460E-04	-8.60229084E-03	 5.34776535E-03	 2.19357916E-04
 7.670000E-01	 4.63813240E-04	 5.82138704E-04	-1.00833076E-03	-7.25603296E-03	-2.23367061E-02	-4.76155979E-02	-7.55749006E-02	 1.02580805E-01	 5.82247323E-02	-1.46668910E-02	-1.56191350E-04	-1.05093757E-04	 6.37628759E-04	 2.94587386E-03	 7.64625929E-03	 1.39802848E-02	 1.04872627E-03	-8.72064417E-03	 5.63013072E-03	 2.23859077E-04
 7.680000E-01	 4.61669889E-04	 6.07862819E-04	-9.09730706E-04	-7.04579277E-03	-2.20232782E-02	-4.73151806E-02	-7.55730986E-02	 1.07467981E-01	 6.01842977E-02	-1.51206578E-02	-1.56801454E-04	-1.16437754E-04	 6.02217166E-04	 2.88122756E-03	 7.58251467E-03	 1.40173451E-02	 2.27279457E-03	-8.84571637E-03	 5.92867438E-03	 2.30450341E-04
 7.690000E-01	 4.59103616E-04	 6.32835888E-04	-8.11465990E-04	-6.83354099E-03	-2.17025779E-02	-4.70065190E-02	-7.55395513E-02	 1.12797580E-01	 6.22391813E-02	-1.55902502E-02	-1.57234452E-04	-1.27474010E-04	 5.66994630E-04	 2.81616379E-03	 7.51763926E-03	 1.40579929E-02	 3.44635871E-03	-8.99435087E-03	 6.24299130E-03	 2.38976584E-04
 7.700000E-01	 4.56138147E-04	 6.57084725E-04	-7.13573286E-04	-6.61948058E-03	-2.13752711E-02	-4.66884926E-02	-7.54531792E-02	 1.18608266E-01	 6.43902677E-02	-1.60784347E-02	-1.57496825E-04	-1.38205887E-04	 5.31988758E-04	 2.75082970E-03	 7.45230584E-03	 1.41056194E-02	 4.59265837E-03	-9.18064273E-03	 6.57144879E-03	 2.49130219E-04
 7.710000E-01	 4.52773061E-04	 6.80612707E-04	-6.16012167E-04	-6.40342901E-03	-2.10410092E-02	-4.63600394E-02	-7.52913633E-02	 1.24964394E-01	 6.66377869E-02	-1.65865840E-02	-1.57596289E-04	-1.48656336E-04	 4.97126932E-04	 2.68503049E-03	 7.38618017E-03	 1.41610784E-02	 5.74249279E-03	-9.40613703E-03	 6.91045692E-03	 2.60358279E-04
 7.720000E-01	 4.48950310E-04	 7.03326656E-04	-5.18738469E-04	-6.18474284E-03	-2.06978218E-02	-4.60183598E-02	-7.50375683E-02	 1.31951638E-01	 6.89757486E-02	-1.71142173E-02	-1.57530273E-04	-1.58852245E-04	 4.62219753E-04	 2.61806681E-03	 7.31728331E-03	 1.42202394E-02	 6.91932919E-03	-9.65055415E-03	 7.25506960E-03	 2.71780803E-04
 7.730000E-01	 4.44581116E-04	 7.25050310E-04	-4.21851902E-04	-5.96299734E-03	-2.03441698E-02	-4.56634962E-02	-7.46963049E-02	 1.39682210E-01	 7.13931201E-02	-1.76613399E-02	-1.57289284E-04	-1.68814824E-04	 4.27035272E-04	 2.54897543E-03	 7.24250386E-03	 1.42740987E-02	 8.12203589E-03	-9.87080477E-03	 7.60150706E-03	 2.82130068E-04
 7.740000E-01	 4.39629525E-04	 7.45677527E-04	-3.25534754E-04	-5.73846862E-03	-1.99810196E-02	-4.53031749E-02	-7.43171053E-02	 1.48298518E-01	 7.38890210E-02	-1.82297572E-02	-1.56876726E-04	-1.78574246E-04	 3.91388741E-04	 2.47696857E-03	 7.15884949E-03	 1.43110217E-02	 9.31245901E-03	-1.00089692E-02	 7.95068636E-03	 2.90253971E-04
 7.750000E-01	 4.34121248E-04	 7.65242870E-04	-2.29726562E-04	-5.51099243E-03	-1.96084417E-02	-4.49433675E-02	-7.39887265E-02	 1.57926710E-01	 7.64799186E-02	-1.88191382E-02	-1.56292472E-04	-1.88134390E-04	 3.55214127E-04	 2.40161286E-03	 7.06406623E-03	 1.43186335E-02	 1.04084519E-02	-1.00150554E-02	 8.31285102E-03	 2.96263916E-04
 7.760000E-01	 4.28132959E-04	 7.83933261E-04	-1.33912078E-04	-5.27897093E-03	-1.92218799E-02	-4.45743999E-02	-7.37870261E-02	 1.68603997E-01	 7.91950107E-02	-1.94241670E-02	-1.55498644E-04	-1.97387695E-04	 3.18759448E-04	 2.32335220E-03	 6.95844777E-03	 1.42904772E-02	 1.12966139E-02	-9.90178821E-03	 8.71391803E-03	 3.03589338E-04
 7.770000E-01	 4.21791483E-04	 8.02089132E-04	-3.70927152E-05	-5.03921075E-03	-1.88107393E-02	-4.41611094E-02	-7.36842624E-02	 1.80239077E-01	 8.20595869E-02	-2.00365958E-02	-1.54399192E-04	-2.06046852E-04	 2.82814084E-04	 2.24430271E-03	 6.84786941E-03	 1.42391649E-02	 1.18922531E-02	-9.82349793E-03	 9.19511989E-03	 3.20805760E-04
 7.780000E-01	 4.15265565E-04	 8.20161797E-04	 6.19969132E-05	-4.78771905E-03	-1.83603230E-02	-4.36428625E-02	-7.34521822E-02	 1.92676360E-01	 8.50649657E-02	-2.06526555E-02	-1.52858040E-04	-2.13677932E-04	 2.48703450E-04	 2.16852447E-03	 6.74563532E-03	 1.42089389E-02	 1.22504676E-02	-1.01164150E-02	 9.79262181E-03	 3.60542227E-04
 7.790000E-01	 4.08721728E-04	 8.38587058E-04	 1.64433685E-04	-4.52130205E-03	-1.78571866E-02	-4.29484394E-02	-7.26249822E-02	 2.05920104E-01	 8.81327404E-02	-2.12821914E-02	-1.50770295E-04	-2.19897082E-04	 2.17807837E-04	 2.10089155E-03	 6.66991889E-03	 1.42747797E-02	 1.26782828E-02	-1.11976040E-02	 1.04898687E-02	 4.32476665E-04
 7.800000E-01	 4.02151084E-04	 8.57352327E-04	 2.70202084E-04	-4.23954117E-03	-1.72957271E-02	-4.20227073E-02	-7.05739668E-02	 2.20475167E-01	 9.10681147E-02	-2.19552941E-02	-1.48150136E-04	-2.24676670E-04	 1.90537013E-04	 2.04386151E-03	 6.63370554E-03	 1.45135410E-02	 1.37427546E-02	-1.32516313E-02	 1.11567162E-02	 5.29598627E-04
 7.810000E-01	 3.95224687E-04	 8.75560887E-04	 3.77000794E-04	-3.94821810E-03	-1.66903598E-02	-4.08778600E-02	-6.67661996E-02	 2.37741780E-01	 9.35538128E-02	-2.27312880E-02	-1.45241098E-04	-2.28707460E-04	 1.65115256E-04	 1.99339171E-03	 6.63031936E-03	 1.49488482E-02	 1.60759459E-02	-1.57654305E-02	 1.15212042E-02	 6.12097694E-04
 7.820000E-01	 3.87287623E-04	 8.91345215E-04	 4.79676343E-04	-3.66196827E-03	-1.60870566E-02	-3.96530493E-02	-6.12100693E-02	 2.60216512E-01	 9.52578937E-02	-2.36981748E-02	-1.42598572E-04	-2.33655845E-04	 1.36720891E-04	 1.93574512E-03	 6.62005344E-03	 1.54846329E-02	 1.99489754E-02	-1.71583832E-02	 1.12388596E-02	 6.01611818E-04
 7.830000E-01	 3.77497050E-04	 9.02239171E-04	 5.71059042E-04	-3.40278381E-03	-1.55618992E-02	-3.86379386E-02	-5.49172899E-02	 2.91074205E-01	 9.60802242E-02	-2.49431846E-02	-1.41023190E-04	-2.41981712E-04	 9.78597594E-05	 1.84772498E-03	 6.52669298E-03	 1.58608499E-02	 2.47316240E-02	-1.49399289E-02	 1.01161453E-02	 4.02450860E-04
 7.840000E-01	 3.65101996E-04	 9.06029671E-04	 6.44398882E-04	-3.19314097E-03	-1.52003734E-02	-3.82219221E-02	-5.00755308E-02	 3.32847633E-01	 9.64816217E-02	-2.64879549E-02	-1.41277944E-04	-2.56094597E-04	 4.07322213E-05	 1.70306244E-03	 6.25447997E-03	 1.56801540E-02	 2.85390058E-02	-6.82246698E-03	 8.47258755E-03	-3.75426278E-05
 7.850000E-01	 3.49735928E-04	 9.01682798E-04	 6.96444076E-04	-3.04550678E-03	-1.50600293E-02	-3.87565344E-02	-4.96215166E-02	 3.85355722E-01	 9.77014216E-02	-2.82093753E-02	-1.43609073E-04	-2.76892066E-04	-3.84802495E-05	 1.48521338E-03	 5.72914938E-03	 1.45403223E-02	 2.84562994E-02	 7.16774344E-03	 7.48620712E-03	-6.36286378E-04
 7.860000E-01	 3.31687327E-04	 8.90137539E-04	 7.29866647E-04	-2.95383696E-03	-1.51358862E-02	-4.03851017E-02	-5.61881046E-02	 4.43820577E-01	 1.01654023E-01	-2.98023527E-02	-1.47303726E-04	-3.02328296E-04	-1.34970288E-04	 1.20289773E-03	 4.95395769E-03	 1.22621023E-02	 2.16012088E-02	 2.23185508E-02	 9.21923880E-03	-1.09983875E-03
 7.870000E-01	 3.11969990E-04	 8.74467149E-04	 7.53696484E-04	-2.89126148E-03	-1.53453132E-02	-4.29174062E-02	-7.08043466E-02	 4.98425476E-01	 1.10384405E-01	-3.08262296E-02	-1.50534905E-04	-3.26858037E-04	-2.33020619E-04	 8.99785341E-04	 4.05247344E-03	 9.11997383E-03	 6.82607100E-03	 2.81714889E-02	 1.60108744E-02	-9.30519154E-04
 7.880000E-01	 2.92070604E-04	 8.59055711E-04	 7.80965788E-04	-2.81629895E-03	-1.55428407E-02	-4.58209125E-02	-9.19926379E-02	 5.36127975E-01	 1.25178952E-01	-3.08433089E-02	-1.50655258E-04	-3.42349381E-04	-3.08275659E-04	 6.50206470E-04	 3.26675176E-03	 5.93782740E-03	-1.37042991E-02	 1.04316864E-02	 2.91908179E-02	 4.21559864E-04
 7.890000E-01	 2.73466082E-04	 8.48066135E-04	 8.24122822E-04	-2.68678708E-03	-1.55655260E-02	-4.83594058E-02	-1.15818998E-01	 5.44564913E-01	 1.45691407E-01	-2.96136547E-02	-1.44964681E-04	-3.40532615E-04	-3.34957567E-04	 5.38414822E-04	 2.89662689E-03	 3.94789025E-03	-3.40395788E-02	-4.35908059E-02	 4.75127527E-02	 3.27172849E-03
 7.900000E-01	 2.57098194E-04	 8.43782617E-04	 8.89911037E-04	-2.47657767E-03	-1.52938253E-02	-4.98417387E-02	-1.37032783E-01	 5.16703487E-01	 1.69550274E-01	-2.72710642E-02	-1.31758594E-04	-3.16336984E-04	-2.96181984E-04	 6.26162582E-04	 3.19090634E-03	 4.40351840E-03	-4.57284914E-02	-1.37372309E-01	 6.61038886E-02	 7.37558817E-03
 7.910000E-01	 2.43078787E-04	 8.45759596E-04	 9.76372383E-04	-2.18748046E-03	-1.47031697E-02	-4.98909041E-02	-1.50948211E-01	 4.54236017E-01	 1.92862265E-01	-2.43841553E-02	-1.11314197E-04	-2.70942105E-04	-1.93629900E-04	 9.20195936E-04	 4.22805307E-03	 8.05828895E-03	-4.07422051E-02	-2.58648988E-01	 7.68297172E-02	 1.17325260E-02
 7.920000E-01	 2.30713504E-04	 8.51113723E-04	 1.07366638E-03	-1.84905713E-03	-1.38757294E-02	-4.85962438E-02	-1.55247065E-01	 3.67708788E-01	 2.11599042E-01	-2.18190184E-02	-8.63840120E-05	-2.13163989E-04	-5.23027376E-05	 1.35348232E-03	 5.83570275E-03	 1.47137612E-02	-1.50086175E-02	-3.77877595E-01	 7.05403130E-02	 1.46781022E-02
 7.930000E-01	 2.18770021E-04	 8.55620406E-04	 1.16796848E-03	-1.50651860E-03	-1.29652159E-02	-4.64650876E-02	-1.50780178E-01	 2.72881568E-01	 2.23255718E-01	-2.04385544E-02	-6.18160923E-05	-1.58090117E-04	 8.29531965E-05	 1.79129893E-03	 7.59016564E-03	 2.30394315E-02	 2.89365548E-02	-4.54112295E-01	 4.08722081E-02	 1.43153168E-02
 7.940000E-01	 2.05972553E-04	 8.55374130E-04	 1.24692785E-03	-1.20261377E-03	-1.21346963E-02	-4.42106579E-02	-1.41044259E-01	 1.84928029E-01	 2.28037413E-01	-2.07754133E-02	-4.31791630E-05	-1.22633744E-04	 1.60402913E-04	 2.06770092E-03	 8.91943584E-03	 3.08055218E-02	 8.14439218E-02	-4.48002063E-01	-1.15071668E-02	 9.22620473E-03
 7.950000E-01	 1.91528223E-04	 8.48390078E-04	 1.30472428E-03	-9.60190608E-04	-1.14909622E-02	-4.24628241E-02	-1.30635097E-01	 1.12946894E-01	 2.28989737E-01	-2.28072117E-02	-3.47403881E-05	-1.19100559E-04	 1.41079641E-04	 2.04628174E-03	 9.29985191E-03	 3.55624658E-02	 1.28114197E-01	-3.38336914E-01	-7.61820116E-02	-7.11426910E-04
 7.960000E-01	 1.75426610E-04	 8.35402952E-04	 1.34443128E-03	-7.73033505E-04	-1.10425497E-02	-4.15178755E-02	-1.23347387E-01	 5.71955387E-02	 2.30824898E-01	-2.59316655E-02	-3.77028611E-05	-1.49639402E-04	 1.67372739E-05	 1.68111041E-03	 8.47713260E-03	 3.55815015E-02	 1.54747477E-01	-1.35254842E-01	-1.34132802E-01	-1.37661016E-02
 7.970000E-01	 1.58266550E-04	 8.19104614E-04	 1.37568479E-03	-6.10870887E-04	-1.07030696E-02	-4.12405229E-02	-1.20733605E-01	 1.04267532E-02	 2.37742967E-01	-2.91906678E-02	-4.96148427E-05	-2.04584289E-04	-1.83760620E-04	 1.04524247E-03	 6.59863851E-03	 3.06255113E-02	 1.52995945E-01	 1.17720666E-01	-1.63680204E-01	-2.64965923E-02
 7.980000E-01	 1.40743941E-04	 8.02197264E-04	 1.40848615E-03	-4.37590752E-04	-1.03435937E-02	-4.11826380E-02	-1.21825151E-01	-3.72373314E-02	 2.51319575E-01	-3.16935313E-02	-6.52604267E-05	-2.65789256E-04	-4.03893918E-04	 3.09102891E-04	 4.17947041E-03	 2.21379069E-02	 1.23958415E-01	 3.56118196E-01	-1.49342649E-01	-3.47463391E-02
 7.990000E-01	 1.23206031E-04	 7.85737728E-04	 1.44726195E-03	-2.32227494E-04	-9.86732377E-03	-4.08642219E-02	-1.24157362E-01	-9.26254099E-02	 2.69815616E-01	-3.30422126E-02	-7.87158366E-05	-3.13784041E-04	-5.81567881E-04	-3.24798702E-04	 1.90833831E-03	 1.27210536E-02	 7.78900089E-02	 5.17466222E-01	-8.96850168E-02	-3.52032279E-02
 8.000000E-01	 1.05528448E-04	 7.68708692E-04	 1.48877496E-03	 4.25049123E-07	-9.25972530E-03	-4.00410696E-02	-1.25419933E-01	-1.56375806E-01	 2.89426700E-01	-3.35062163E-02	-8.55724334E-05	-3.35344645E-04	-6.73590639E-04	-7.02170455E-04	 3.76423915E-04	 5.10505472E-03	 2.99797992E-02	 5.65020229E-01	 1.70554160E-04	-2.68907710E-02
 8.010000E-01	 8.73894574E-05	 7.49113100E-04	 1.52522316E-03	 2.36146977E-04	-8.58445194E-03	-3.87998735E-02	-1.24718941E-01	-2.24020732E-01	 3.06733481E-01	-3.38175336E-02	-8.42552869E-05	-3.27744892E-04	-6.70329538E-04	-7.71909126E-04	-1.38215926E-04	 1.10631800E-03	-5.81217774E-03	 5.00909099E-01	 9.35505526E-02	-1.18039188E-02
 8.020000E-01	 6.87962594E-05	 7.25907121E-04	 1.55059638E-03	 4.50702957E-04	-7.92780897E-03	-3.74292149E-02	-1.22729260E-01	-2.90141416E-01	 3.20673208E-01	-3.46889917E-02	-7.60920111E-05	-2.98270599E-04	-5.94967411E-04	-5.92016070E-04	 2.66009739E-04	 1.07640549E-03	-2.17630933E-02	 3.62432089E-01	 1.62684484E-01	 5.74029792E-03
 8.030000E-01	 5.06738785E-05	 7.00995275E-04	 1.56737675E-03	 6.42099698E-04	-7.32390876E-03	-3.61548073E-02	-1.20783403E-01	-3.52498668E-01	 3.32639839E-01	-3.63409250E-02	-6.43960095E-05	-2.60208387E-04	-4.90743983E-04	-2.93401544E-04	 1.20443562E-03	 4.00344091E-03	-1.80999685E-02	 2.04594208E-01	 1.89495535E-01	 2.06944452E-02
 8.040000E-01	 3.51734735E-05	 6.80370242E-04	 1.59067007E-03	 8.45678021E-04	-6.69630586E-03	-3.48753592E-02	-1.19478866E-01	-4.13198628E-01	 3.44338357E-01	-3.82836426E-02	-5.29654062E-05	-2.27249453E-04	-4.02800519E-04	-2.31689748E-05	 2.18572253E-03	 8.09053155E-03	-1.41937044E-03	 7.79878937E-02	 1.72107165E-01	 2.90720499E-02
 8.050000E-01	 2.52820464E-05	 6.73043538E-04	 1.64603393E-03	 1.13201194E-03	-5.84747207E-03	-3.30270095E-02	-1.17507002E-01	-4.75388399E-01	 3.54153252E-01	-3.95081308E-02	-4.45086628E-05	-2.08250727E-04	-3.61243892E-04	 1.10924774E-04	 2.80404773E-03	 1.15242094E-02	 1.88908558E-02	 1.12919048E-02	 1.24603591E-01	 2.92774776E-02
 8.060000E-01	 2.35589319E-05	 6.87312229E-04	 1.75936787E-03	 1.58118980E-03	-4.52165586E-03	-2.96998610E-02	-1.11411227E-01	-5.36414157E-01	 3.54170398E-01	-3.91476302E-02	-3.95686024E-05	-2.04136414E-04	-3.71089429E-04	 7.66641604E-05	 2.87772660E-03	 1.31434835E-02	 3.45733882E-02	 4.71250070E-03	 7.03062453E-02	 2.25591828E-02
 8.070000E-01	 3.01652954E-05	 7.24847614E-04	 1.93999968E-03	 2.23514684E-03	-2.54200330E-03	-2.40530762E-02	-9.67118391E-02	-5.80901154E-01	 3.30741710E-01	-3.74992094E-02	-3.63025026E-05	-2.07789964E-04	-4.11681780E-04	-7.57540260E-05	 2.49670539E-03	 1.27984488E-02	 4.13519070E-02	 3.56091053E-02	 3.13528888E-02	 1.24955051E-02
 8.080000E-01	 4.08150402E-05	 7.74595494E-04	 2.16240598E-03	 3.04172557E-03	 1.19255919E-05	-1.59540799E-02	-7.03596887E-02	-5.78997040E-01	 2.71034181E-01	-3.70493244E-02	-3.13407499E-05	-2.07213543E-04	-4.45930650E-04	-2.37659075E-04	 1.97046347E-03	 1.13188607E-02	 3.99788081E-02	 7.28678687E-02	 1.87201180E-02	 3.68717470E-03
 8.090000E-01	 4.56176591E-05	 8.09246877E-04	 2.35456818E-03	 3.81403659E-03	 2.65749337E-03	-6.60978945E-03	-3.37845831E-02	-4.94382719E-01	 1.75461942E-01	-4.28733152E-02	-2.16117297E-05	-1.91415037E-04	-4.37775872E-04	-2.92251249E-04	 1.68453923E-03	 1.00994339E-02	 3.53351171E-02	 9.38039068E-02	 2.70066253E-02	-5.83225894E-05
 8.100000E-01	 3.00950725E-05	 7.87673891E-04	 2.40249297E-03	 4.23374588E-03	 4.48107094E-03	 1.13247468E-03	 4.69773307E-03	-3.03145771E-01	 7.19620980E-02	-6.16743032E-02	-6.53369317E-06	-1.57165504E-04	-3.72669113E-04	-1.77152379E-04	 1.90316982E-03	 1.04036131E-02	 3.38636716E-02	 9.62645801E-02	 3.73699544E-02	 2.41158781E-03
 8.110000E-01	-2.06363456E-05	 6.66363183E-04	 2.17979191E-03	 3.92518779E-03	 4.31333308E-03	 3.14502640E-03	 2.95724796E-02	-1.94048504E-02	 2.39265106E-02	-9.88225877E-02	 1.03742557E-05	-1.13893205E-04	-2.73175288E-04	 6.36617746E-05	 2.58752648E-03	 1.26164197E-02	 4.01526990E-02	 9.97981826E-02	 2.91228061E-02	 8.39246933E-03
 8.120000E-01	-1.14588875E-04	 4.19979943E-04	 1.60385838E-03	 2.60877609E-03	 1.15203169E-03	-4.72921757E-03	 2.12951245E-02	 2.83072030E-01	 1.20721681E-01	-1.53318237E-01	 2.14874353E-05	-8.38114735E-05	-2.01124848E-04	 2.64506053E-04	 3.31086107E-03	 1.57487378E-02	 5.38816494E-02	 1.33728589E-01	-3.85403427E-03	 1.15798311E-02
 8.130000E-01	-2.44177110E-04	 6.66990531E-05	 7.07783102E-04	 3.07362709E-04	-5.22122298E-03	-2.46132421E-02	-3.65758916E-02	 4.68846455E-01	 4.42254532E-01	-2.11935071E-01	 1.74471798E-05	-9.51354203E-05	-2.39891420E-04	 1.79974380E-04	 3.34143158E-03	 1.74848456E-02	 6.84631304E-02	 2.15723542E-01	-3.99720463E-02	 4.43267484E-03
 8.140000E-01	-3.79583371E-04	-3.11587957E-04	-2.98205149E-04	-2.46259104E-03	-1.36120769E-02	-5.42239258E-02	-1.47437009E-01	 3.72264432E-01	 9.99418918E-01	-2.45399896E-01	-8.05224500E-06	-1.68205298E-04	-4.55611532E-04	-4.09475886E-04	 1.92584670E-03	 1.49491358E-02	 7.24445444E-02	 3.30190605E-01	-3.02074506E-02	-1.73105228E-02
 8.150000E-01	-4.69459881E-04	-5.68975062E-04	-1.01632049E-03	-4.62492813E-03	-2.10833521E-02	-8.51523764E-02	-2.91815443E-01	-1.33687852E-01	 1.66857557E+00	-2.11052158E-01	-5.23601751E-05	-2.97944338E-04	-8.45873031E-04	-1.54805028E-03	-1.26679006E-03	 6.14970576E-03	 5.40570798E-02	 4.19123106E-01	 8.06655200E-02	-4.90282542E-02
 8.160000E-01	-4.53655107E-04	-5.29500938E-04	-9.44722371E-04	-4.73311707E-03	-2.33243465E-02	-1.03210892E-01	-4.22740679E-01	-1.04427702E+00	 2.15805631E+00	-6.73982108E-02	-9.97474189E-05	-4.40752298E-04	-1.29767058E-03	-2.96774015E-03	-5.68552606E-03	-8.28538089E-03	 8.19812063E-03	 3.96865325E-01	 3.12800146E-01	-7.31834631E-02
 8.170000E-01	-2.87556722E-04	-5.68752519E-05	 3.33082861E-04	-1.47576525E-03	-1.59830947E-02	-9.20886319E-02	-4.72662093E-01	-2.14414828E+00	 2.05767273E+00	 1.97371624E-01	-1.22740107E-04	-5.16692948E-04	-1.58620657E-03	-4.05517508E-03	-9.68574633E-03	-2.39171445E-02	-5.66419793E-02	 1.92395760E-01	 6.05574074E-01	-6.11906328E-02
 8.180000E-01	 2.95673173E-05	 8.60125360E-04	 2.90232004E-03	 5.61448814E-03	 3.24137094E-03	-4.01451929E-02	-3.75050987E-01	-3.00017845E+00	 1.00404383E+00	 5.30630023E-01	-9.09770676E-05	-4.34165591E-04	-1.43864331E-03	-4.00272877E-03	-1.08372875E-02	-3.28804251E-02	-1.15627066E-01	-1.93177322E-01	 7.98576071E-01	 1.48280942E-02
 8.190000E-01	 4.35309173E-04	 2.04479246E-03	 6.31953975E-03	 1.55344273E-02	 3.25081233E-02	 5.18058069E-02	-9.63297299E-02	-3.07081945E+00	-1.06527031E+00	 7.93567491E-01	 1.39988580E-05	-1.33808774E-04	-6.58572000E-04	-2.15000068E-03	-6.84555114E-03	-2.64316098E-02	-1.32776550E-01	-6.43523989E-01	 6.72686877E-01	 1.60747186E-01
 8.200000E-01	 8.07021764E-04	 3.13408030E-03	 9.58828562E-03	 2.56290099E-02	 6.48477136E-02	 1.65322165E-01	 3.33760078E-01	-1.92815061E+00	-3.67340131E+00	 7.77576293E-01	 1.84004552E-04	 3.64964338E-04	 7.32020300E-04	 1.59049735E-03	 3.15007639E-03	 7.66567602E-04	-7.49620294E-02	-9.33702771E-01	 6.27814572E-02	 3.37622030E-01
 8.210000E-01	 9.91717227E-04	 3.66572854E-03	 1.13846739E-02	 3.21221284E-02	 8.92411286E-02	 2.65587045E-01	 8.09873062E-01	 4.80215389E-01	-5.74195409E+00	 2.76009888E-01	 3.77632317E-04	 9.39978346E-04	 2.40679683E-03	 6.42911176E-03	 1.74783159E-02	 4.63030850E-02	 6.93317731E-02	-8.06901265E-01	-9.91507005E-01	 4.53004461E-01
 8.220000E-01	 8.54933009E-04	 3.23070083E-03	 1.04912366E-02	 3.13090558E-02	 9.38563782E-02	 3.10607533E-01	 1.16960366E+00	 3.66000462E+00	-5.83892001E+00	-7.99339092E-01	 5.27448829E-04	 1.38492254E-03	 3.77152247E-03	 1.07281493E-02	 3.17209268E-02	 9.80509519E-02	 2.75219849E-01	-1.04457388E-01	-2.13869095E+00	 3.82252571E-01
 8.230000E-01	 3.32302418E-04	 1.63912866E-03	 6.29176724E-03	 2.10201211E-02	 7.04596095E-02	 2.65890867E-01	 1.24191849E+00	 6.60947000E+00	-2.73682814E+00	-2.30081138E+00	 5.60627958E-04	 1.47239035E-03	 4.13851354E-03	 1.24469098E-02	 3.97489327E-02	 1.36322662E-01	 4.79718302E-01	 1.10833740E+00	-2.74478241E+00	 2.38523545E-02
 8.240000E-01	-5.34249956E-04	-9.61035987E-04	-8.56451597E-04	 1.81242957E-03	 1.84392433E-02	 1.19445977E-01	 9.10762892E-01	 8.10300911E+00	 3.89176558E+00	-3.78807221E+00	 4.26875504E-04	 1.04342566E-03	 2.99303457E-03	 9.90053566E-03	 3.58516411E-02	 1.40158034E-01	 5.97487398E-01	 2.49218739E+00	-2.10518867E+00	-6.26342138E-01
 8.250000E-01	-1.58967574E-03	-4.06253426E-03	-9.53106750E-03	-2.26092668E-02	-5.31828527E-02	-1.08650435E-01	 1.71239916E-01	 7.14288984E+00	 1.29418022E+01	-4.58878764E+00	 1.23673200E-04	 9.13291113E-05	 2.57447088E-04	 2.57201416E-03	 1.72823533E-02	 9.58954188E-02	 5.51131362E-01	 3.50776012E+00	 2.04456334E-01	-1.41560113E+00
 8.260000E-01	-2.59435209E-03	-6.89707466E-03	-1.75127922E-02	-4.60197203E-02	-1.26879005E-01	-3.66663587E-01	-8.45124432E-01	 3.40893237E+00	 2.18224600E+01	-3.99605566E+00	-2.91389874E-04	-1.19565462E-03	-3.55800973E-03	-8.35574143E-03	-1.37942637E-02	 4.79045967E-03	 3.05756112E-01	 3.60786128E+00	 3.97993460E+00	-2.03068707E+00
 8.270000E-01	-3.28747976E-03	-8.64621721E-03	-2.23926543E-02	-6.13191851E-02	-1.80987772E-01	-5.82947603E-01	-1.88956731E+00	-2.48798729E+00	 2.70424521E+01	-1.56098531E+00	-7.09553488E-04	-2.46084115E-03	-7.40813260E-03	-2.00312533E-02	-4.99013083E-02	-1.13715506E-01	-1.06130032E-01	 2.47910638E+00	 8.22875194E+00	-2.07651989E+00
 8.280000E-01	-3.47170621E-03	-8.71964385E-03	-2.23931921E-02	-6.28904606E-02	-1.96548058E-01	-6.87301563E-01	-2.66042313E+00	-9.07227777E+00	 2.53497407E+01	 2.60818104E+00	-1.00412215E-03	-3.28531062E-03	-1.00090750E-02	-2.86812745E-02	-7.99639889E-02	-2.25481209E-01	-5.81499873E-01	 2.32728309E-01	 1.13418818E+01	-1.23395572E+00
 8.290000E-01	-3.08244533E-03	-6.99105008E-03	-1.71035156E-02	-4.88864942E-02	-1.64627238E-01	-6.36465969E-01	-2.90147917E+00	-1.44193433E+01	 1.50993036E+01	 7.67374296E+00	-1.07743834E-03	-3.34590707E-03	-1.03139929E-02	-3.09588724E-02	-9.30420848E-02	-2.92434262E-01	-9.73278557E-01	-2.55307784E+00	 1.16272981E+01	 5.47644242E-01
 8.300000E-01	-2.20637889E-03	-3.86614663E-03	-7.74207921E-03	-2.22931370E-02	-9.07790099E-02	-4.33060931E-01	-2.50086296E+00	-1.68228813E+01	-2.71227995E+00	 1.21749052E+01	-8.98626436E-04	-2.55295075E-03	-7.96446983E-03	-2.53570894E-02	-8.27764495E-02	-2.87335242E-01	-1.14253574E+00	-4.99734963E+00	 8.05402439E+00	 2.91705307E+00
 8.310000E-01	-1.04526483E-03	-1.45343208E-04	 3.22095193E-03	 9.90607747E-03	 6.05670046E-03	-1.27570071E-01	-1.54200041E+00	-1.54484899E+01	-2.43416726E+01	 1.44625591E+01	-5.14093861E-04	-1.09759171E-03	-3.48708826E-03	-1.29749470E-02	-5.03897852E-02	-2.05720915E-01	-1.01502145E+00	-6.24693526E+00	 8.68386829E-01	 5.15054153E+00
 8.320000E-01	 1.53561943E-04	 3.25306158E-03	 1.29159281E-02	 3.91177512E-02	 9.99549031E-02	 1.98328491E-01	-2.79498148E-01	-1.06640835E+01	-4.43308973E+01	 1.33220245E+01	-2.81441058E-05	 6.13668008E-04	 1.86739828E-03	 2.76223646E-03	-4.67286158E-03	-6.90384571E-02	-6.14596718E-01	-5.82642232E+00	-8.26698448E+00	 6.37686586E+00
 8.330000E-01	 1.17008294E-03	 5.59314758E-03	 1.90462342E-02	 5.80876720E-02	 1.66990183E-01	 4.60156638E-01	 9.49794835E-01	-3.89584237E+00	-5.73313413E+01	 8.52070701E+00	 4.35775125E-04	 2.10825107E-03	 6.57878698E-03	 1.73330492E-02	 4.11390878E-02	 8.27814030E-02	-5.73369941E-02	-3.84066332E+00	-1.67530272E+01	 5.92639148E+00
 8.340000E-01	 1.85880236E-03	 6.51871126E-03	 2.05687076E-02	 6.31755335E-02	 1.93000585E-01	 5.98962813E-01	 1.84366115E+00	 2.92486802E+00	-5.99768040E+01	 1.01134353E+00	 7.74220317E-04	 3.01165438E-03	 9.40248222E-03	 2.67660888E-02	 7.42367703E-02	 2.06256564E-01	 4.92105928E-01	-9.30967501E-01	-2.19937911E+01	 3.64971060E+00
 8.350000E-01	 2.16244038E-03	 6.08495847E-03	 1.78248657E-02	 5.50297041E-02	 1.76917093E-01	 5.97289378E-01	 2.22873178E+00	 8.06766568E+00	-5.19893956E+01	-7.33713193E+00	 9.28023737E-04	 3.15453660E-03	 9.75776464E-03	 2.89452374E-02	 8.66040002E-02	 2.69760080E-01	 8.81589218E-01	 1.99213584E+00	-2.23804028E+01	 4.14646033E-02
 8.360000E-01	 2.10514988E-03	 4.66235545E-03	 1.21995389E-02	 3.76971043E-02	 1.29083922E-01	 4.77986400E-01	 2.09531216E+00	 1.05404121E+01	-3.60782751E+01	-1.43640623E+01	 8.89738118E-04	 2.59623862E-03	 7.83382713E-03	 2.40906137E-02	 7.71495934E-02	 2.62723835E-01	 1.02174753E+00	 4.10048367E+00	-1.78695020E+01	-3.89988404E+00
 8.370000E-01	 1.77326759E-03	 2.77966845E-03	 5.55036463E-03	 1.68831113E-02	 6.63504251E-02	 2.90484969E-01	 1.57191750E+00	 1.02690975E+01	-1.68121867E+01	-1.83230614E+01	 6.97604397E-04	 1.57695528E-03	 4.43659840E-03	 1.44051038E-02	 5.12275156E-02	 1.96338541E-01	 9.07341185E-01	 4.92201488E+00	-9.93769089E+00	-7.01455769E+00
 8.380000E-01	 1.28610915E-03	 9.55602372E-04	-3.87628843E-04	-1.93523282E-03	 6.13593876E-03	 9.19376719E-02	 8.62305883E-01	 7.93643139E+00	 9.82387532E-01	-1.84109906E+01	 4.18698611E-04	 4.22278965E-04	 6.63569750E-04	 3.13804450E-03	 1.81177414E-02	 9.70917717E-02	 6.07298841E-01	 4.44457170E+00	-9.82239065E-01	-8.38858168E+00
 8.390000E-01	 7.64723838E-04	-4.32276849E-04	-4.44557169E-03	-1.49613735E-02	-3.85142354E-02	-7.01559151E-02	 1.72709734E-01	 4.61195032E+00	 1.36748852E+01	-1.49450083E+01	 1.27202576E-04	-5.63790193E-04	-2.46631821E-03	-6.54810637E-03	-1.23962214E-02	-3.66588271E-03	 2.31842637E-01	 3.04115650E+00	 6.55427775E+00	-7.66525534E+00
 8.400000E-01	 3.05735726E-04	-1.21163468E-03	-6.20850289E-03	-2.07405619E-02	-6.15032277E-02	-1.68720799E-01	-3.45340500E-01	 1.34902657E+00	 1.96547766E+01	-9.15782969E+00	-1.15933793E-04	-1.18238416E-03	-4.30027722E-03	-1.25046368E-02	-3.30352950E-02	-7.99667911E-02	-1.08043107E-01	 1.27796348E+00	 1.09726105E+01	-5.14395515E+00
 8.410000E-01	-3.41622366E-05	-1.41009457E-03	-5.95215834E-03	-2.00191664E-02	-6.37123282E-02	-1.99540107E-01	-6.22812976E-01	-1.10778725E+00	 1.93718603E+01	-2.73065663E+00	-2.76378844E-04	-1.37818283E-03	-4.68024068E-03	-1.40588977E-02	-4.07409679E-02	-1.17964764E-01	-3.33974412E-01	-3.01314257E-01	 1.17433813E+01	-1.64445385E+00
 8.420000E-01	-2.38345129E-04	-1.19170478E-03	-4.39081526E-03	-1.49955460E-02	-5.10488913E-02	-1.76608757E-01	-6.70857568E-01	-2.44432447E+00	 1.47464455E+01	 2.75016085E+00	-3.48231729E-04	-1.22420803E-03	-3.88982335E-03	-1.19245787E-02	-3.67669239E-02	-1.17624221E-01	-4.17128109E-01	-1.33715884E+00	 9.47704277E+00	 1.79843726E+00
 8.430000E-01	-3.19528694E-04	-7.67270340E-04	-2.34932420E-03	-8.30071940E-03	-3.14394928E-02	-1.23260293E-01	-5.55558735E-01	-2.73726795E+00	 8.26559761E+00	 6.23138465E+00	-3.46118503E-04	-8.66350394E-04	-2.46289165E-03	-7.66486141E-03	-2.53278211E-02	-8.95872354E-02	-3.75799253E-01	-1.71980180E+00	 5.51509697E+00	 4.29006433E+00
 8.440000E-01	-3.06974065E-04	-3.19487685E-04	-4.94964567E-04	-2.12558091E-03	-1.19913264E-02	-6.28640416E-02	-3.62758618E-01	-2.30724750E+00	 2.12841314E+00	 7.39093951E+00	-2.94433790E-04	-4.58939327E-04	-9.55357902E-04	-2.99746897E-03	-1.15550692E-02	-4.92249401E-02	-2.57805865E-01	-1.55561282E+00	 1.35294581E+00	 5.34220925E+00
 8.450000E-01	-2.35521827E-04	 3.65080454E-05	 7.95841862E-04	 2.24490499E-03	 2.72594096E-03	-1.23460485E-02	-1.67621073E-01	-1.54394391E+00	-2.28324085E+00	 6.56815270E+00	-2.18344043E-04	-1.17132973E-04	 2.27320901E-04	 7.64484256E-04	 3.10913847E-04	-1.06968495E-02	-1.17762075E-01	-1.07069927E+00	-1.85882692E+00	 4.96017585E+00
 8.460000E-01	-1.37557171E-04	 2.58117610E-04	 1.43854193E-03	 4.47294556E-03	 1.10613469E-02	 2.02328049E-02	-1.75871006E-02	-7.70943717E-01	-4.52426070E+00	 4.50715909E+00	-1.38209781E-04	 1.03261056E-04	 9.03956698E-04	 2.98201753E-03	 7.91809083E-03	 1.69079476E-02	 1.29636159E-03	-5.04241058E-01	-3.57294187E+00	 3.54798090E+00
 8.470000E-01	-3.85608186E-05	 3.56106680E-04	 1.55182799E-03	 4.90836936E-03	 1.36526000E-02	 3.45913655E-02	 7.03703370E-02	-1.80570209E-01	-4.88295490E+00	 2.04307938E+00	-6.77281513E-05	 1.99895515E-04	 1.09533999E-03	 3.65878470E-03	 1.08835595E-02	 3.06060545E-02	 7.69143493E-02	-3.20645008E-02	-3.83401990E+00	 1.70022764E+00
 8.480000E-01	 4.46658574E-05	 3.67321633E-04	 1.34056296E-03	 4.21552684E-03	 1.23408632E-02	 3.51934099E-02	 1.02290285E-01	 1.65901534E-01	-4.02680490E+00	-1.50712828E-01	-1.42923033E-05	 2.03214522E-04	 9.44277098E-04	 3.21149188E-03	 1.02138504E-02	 3.22333995E-02	 1.06602308E-01	 2.62711195E-01	-3.07684472E+00	-2.04078843E-02
 8.490000E-01	 1.03931118E-04	 3.32324353E-04	 1.00194250E-03	 3.05748890E-03	 9.16218602E-03	 2.80278404E-02	 9.58388696E-02	 2.98224756E-01	-2.66745991E+00	-1.68894018E+00	 1.98301506E-05	 1.54295352E-04	 6.27704441E-04	 2.19441849E-03	 7.49691184E-03	 2.61103951E-02	 1.01078570E-01	 3.78197504E-01	-1.86467587E+00	-1.23752321E+00
 8.500000E-01	 1.38099051E-04	 2.82613244E-04	 6.75184879E-04	 1.91711065E-03	 5.71115228E-03	 1.83351583E-02	 7.03783154E-02	 2.87513877E-01	-1.34622215E+00	-2.47598233E+00	 3.60054343E-05	 8.88891495E-05	 2.93147708E-04	 1.08900937E-03	 4.22483701E-03	 1.68570070E-02	 7.60313694E-02	 3.61285753E-01	-6.78169921E-01	-1.81409278E+00
 8.510000E-01	 1.50734406E-04	 2.36609977E-04	 4.30401035E-04	 1.04891422E-03	 2.91254480E-03	 9.55534881E-03	 4.09946900E-02	 2.07252439E-01	-3.58524983E-01	-2.62589514E+00	 3.77672076E-05	 2.99175689E-05	 2.95332225E-05	 1.99031179E-04	 1.41505286E-03	 7.98886821E-03	 4.56971873E-02	 2.73687841E-01	 1.92953635E-01	-1.81740659E+00
 8.520000E-01	 1.47736614E-04	 2.01508464E-04	 2.82508692E-04	 5.17853886E-04	 1.08900266E-03	 3.26106595E-03	 1.65025784E-02	 1.12164027E-01	 2.17763029E-01	-2.35441608E+00	 2.96037127E-05	-1.27958897E-05	-1.32338969E-04	-3.58681149E-04	-4.70767115E-04	 1.41378098E-03	 1.95402007E-02	 1.68105312E-01	 6.58387680E-01	-1.43472638E+00
 8.530000E-01	 1.35395283E-04	 1.77484276E-04	 2.14332239E-04	 2.73342731E-04	 1.66286407E-04	-3.52982046E-04	 1.64408221E-04	 3.28695481E-02	 4.44218974E-01	-1.88546638E+00	 1.60303229E-05	-3.87260179E-05	-2.02301011E-04	-6.04623753E-04	-1.41030613E-03	-2.38596631E-03	 1.75228244E-03	 7.76943453E-02	 7.71997741E-01	-8.82615462E-01
 8.540000E-01	 1.19118368E-04	 1.61743635E-04	 1.97577139E-04	 2.20086566E-04	-1.11104173E-04	-1.83525480E-03	-8.39653361E-03	-1.98844839E-02	 4.40197541E-01	-1.39342182E+00	 9.47391357E-07	-5.18537198E-05	-2.09072256E-04	-6.28646001E-04	-1.62895827E-03	-3.83916998E-03	-7.50091030E-03	 1.61083880E-02	 6.56354926E-01	-3.40133638E-01
 8.550000E-01	 1.02823710E-04	 1.51195777E-04	 2.06314355E-04	 2.66042103E-04	-2.16506491E-05	-1.95717853E-03	-1.12371816E-02	-4.75991096E-02	 3.23669926E-01	-9.82488653E-01	-1.27398844E-05	-5.69691636E-05	-1.83095294E-04	-5.32739122E-04	-1.42351912E-03	-3.74639870E-03	-1.02452833E-02	-1.68346675E-02	 4.39217408E-01	 8.27778450E-02
 8.560000E-01	 8.88412355E-05	 1.43613167E-04	 2.22696767E-04	 3.44717253E-04	 2.16857275E-04	-1.40174916E-03	-1.06848931E-02	-5.70363048E-02	 1.81222864E-01	-6.92946858E-01	-2.32811567E-05	-5.77582956E-05	-1.47233675E-04	-3.97638635E-04	-1.04833971E-03	-2.89083882E-03	-9.10234715E-03	-2.82675857E-02	 2.16509920E-01	 3.45778116E-01
 8.570000E-01	 7.81443546E-05	 1.37744615E-04	 2.37175894E-04	 4.18294543E-04	 4.69734790E-04	-6.41300807E-04	-8.60537964E-03	-5.55891894E-02	 6.16224362E-02	-5.20593909E-01	-3.00261462E-05	-5.64070245E-05	-1.14490160E-04	-2.72108928E-04	-6.69449371E-04	-1.84346361E-03	-6.30701478E-03	-2.68607983E-02	 4.13208048E-02	 4.59769770E-01
 8.580000E-01	 7.07385023E-05	 1.32997482E-04	 2.46239408E-04	 4.71172638E-04	 6.72783056E-04	 6.20674003E-05	-6.19672892E-03	-4.90693673E-02	-1.71443890E-02	-4.38086728E-01	-3.31846211E-05	-5.39468031E-05	-8.97832074E-05	-1.76783892E-04	-3.67123008E-04	-9.24659340E-04	-3.32924256E-03	-1.97673294E-02	-6.98108031E-02	 4.62795176E-01
 8.590000E-01	 6.60675270E-05	 1.29074466E-04	 2.49727300E-04	 5.01114957E-04	 8.07978983E-04	 6.01249761E-04	-4.07544256E-03	-4.11876778E-02	-5.63475324E-02	-4.11731451E-01	-3.34972956E-05	-5.08116031E-05	-7.31431935E-05	-1.13856701E-04	-1.60780927E-04	-2.54743673E-04	-9.01934378E-04	-1.16066621E-02	-1.23446302E-01	 3.99445803E-01
 8.600000E-01	 6.33526275E-05	 1.25752325E-04	 2.48824795E-04	 5.12000674E-04	 8.81220938E-04	 9.60545243E-04	-2.46337612E-03	-3.38933279E-02	-6.61014627E-02	-4.11684972E-01	-3.18984091E-05	-4.72239586E-05	-6.25299151E-05	-7.66909530E-05	-3.71530900E-05	 1.67883400E-04	 7.66471245E-04	-4.69351272E-03	-1.36133809E-01	 3.07902688E-01
 8.610000E-01	 6.18183004E-05	 1.22787726E-04	 2.44884252E-04	 5.09236203E-04	 9.07069767E-04	 1.16652045E-03	-1.36447267E-03	-2.79614168E-02	-5.82915153E-02	-4.16367582E-01	-2.92791585E-05	-4.34056344E-05	-5.56519304E-05	-5.65227868E-05	 2.82632389E-05	 3.99130446E-04	 1.75537009E-03	 2.44623980E-04	-1.25269643E-01	 2.14554254E-01
 8.620000E-01	 6.08165821E-05	 1.19909311E-04	 2.38925147E-04	 4.97498169E-04	 9.00238156E-04	 1.25744854E-03	-6.90522729E-04	-2.35145705E-02	-4.28626448E-02	-4.12938285E-01	-2.63357812E-05	-3.96053835E-05	-5.08019254E-05	-4.60051960E-05	 5.85578146E-05	 5.04880815E-04	 2.25069923E-03	 3.34016372E-03	-1.04450422E-01	 1.33953916E-01
 8.630000E-01	 5.98747392E-05	 1.16867631E-04	 2.31580655E-04	 4.80129576E-04	 8.72355343E-04	 1.26841768E-03	-3.34150964E-04	-2.03848654E-02	-2.65911179E-02	-3.95710083E-01	-2.35274621E-05	-3.60574506E-05	-4.69908391E-05	-4.02768299E-05	 7.03732315E-05	 5.38949355E-04	 2.43724403E-03	 5.04934087E-03	-8.22543889E-02	 7.15664227E-02
 8.640000E-01	 5.86941454E-05	 1.13477980E-04	 2.23235947E-04	 4.59364027E-04	 8.31699610E-04	 1.22690166E-03	-2.00509979E-04	-1.83178874E-02	-1.32706212E-02	-3.63984463E-01	-2.10834221E-05	-3.29248770E-05	-4.37725018E-05	-3.66721887E-05	 7.36800657E-05	 5.37206499E-04	 2.45423583E-03	 5.84651028E-03	-6.29793492E-02	 2.72303973E-02
 8.650000E-01	 5.71237898E-05	 1.09642295E-04	 2.14142365E-04	 4.36672757E-04	 7.83917146E-04	 1.15292184E-03	-2.15396425E-04	-1.70615953E-02	-4.44314455E-03	-3.20059027E-01	-1.90729107E-05	-3.02814496E-05	-4.09884822E-05	-3.39790687E-05	 7.35439787E-05	 5.20145861E-04	 2.39011431E-03	 6.10147456E-03	-4.80456137E-02	-1.93711646E-03
 8.660000E-01	 5.51239796E-05	 1.05340615E-04	 2.04504630E-04	 4.13074500E-04	 7.32857436E-04	 1.06078346E-03	-3.23292805E-04	-1.63967423E-02	-2.00059218E-04	-2.67664422E-01	-1.74622779E-05	-2.81256688E-05	-3.86080055E-05	-3.17718230E-05	 7.20976999E-05	 4.97849327E-04	 2.29379716E-03	 6.06091674E-03	-3.73033402E-02	-1.96020465E-02
 8.670000E-01	 5.27321887E-05	 1.00621526E-04	 1.94526927E-04	 3.89359093E-04	 6.81282915E-04	 9.60807294E-04	-4.83102435E-04	-1.61399822E-02	 1.53508117E-04	-2.10882530E-01	-1.61715901E-05	-2.63940373E-05	-3.66062279E-05	-2.99468650E-05	 7.00246820E-05	 4.74434180E-04	 2.18869307E-03	 5.87163895E-03	-2.99535438E-02	-2.91654683E-02
 8.680000E-01	 5.00276540E-05	 9.55915994E-05	 1.84441680E-04	 3.66219286E-04	 6.31360913E-04	 8.60752549E-04	-6.64011380E-04	-1.61398629E-02	-2.35870862E-03	-1.53533464E-01	-1.51166691E-05	-2.50031074E-05	-3.49402054E-05	-2.84850056E-05	 6.75196953E-05	 4.51277791E-04	 2.08436499E-03	 5.61381693E-03	-2.50813336E-02	-3.33523645E-02
 8.690000E-01	 4.71217185E-05	 9.03813779E-05	 1.74494993E-04	 3.44236088E-04	 5.84734112E-04	 7.66302689E-04	-8.43407127E-04	-1.62734743E-02	-6.65924426E-03	-9.88293046E-02	-1.42275216E-05	-2.38563274E-05	-3.35585703E-05	-2.73463690E-05	 6.46414052E-05	 4.28761984E-04	 1.98433549E-03	 5.32998132E-03	-2.18960909E-02	-3.41666625E-02
 8.700000E-01	 4.41294560E-05	 8.51416674E-05	 1.64906904E-04	 3.23841616E-04	 5.42519404E-04	 6.81315099E-04	-1.00555079E-03	-1.64458884E-02	-1.17828389E-02	-4.91671019E-02	-1.34527154E-05	-2.28670370E-05	-3.24004471E-05	-2.64731319E-05	 6.14756437E-05	 4.07007441E-04	 1.88966333E-03	 5.04305735E-03	-1.97985188E-02	-3.29955316E-02
 8.710000E-01	 4.11582204E-05	 8.00190275E-05	 1.55850995E-04	 3.05329773E-04	 5.05323553E-04	 6.07969428E-04	-1.14075957E-03	-1.65896905E-02	-1.69699048E-02	-6.07307233E-03	-1.27523189E-05	-2.19802003E-05	-3.14049534E-05	-2.58321053E-05	 5.80906477E-05	 3.86029951E-04	 1.80047140E-03	 4.76499873E-03	-1.83710425E-02	-3.07503646E-02
 8.720000E-01	 3.82942130E-05	 7.51287271E-05	 1.47447731E-04	 2.88818149E-04	 4.73307935E-04	 5.46970480E-04	-1.24480556E-03	-1.66626136E-02	-2.16897937E-02	 2.97143471E-02	-1.21103831E-05	-2.11562068E-05	-3.05194377E-05	-2.53632937E-05	 5.46157429E-05	 3.65926921E-04	 1.71656427E-03	 4.50126080E-03	-1.73387868E-02	-2.80073309E-02
 8.730000E-01	 3.56080348E-05	 7.05730850E-05	 1.39799625E-04	 2.74351226E-04	 4.46361819E-04	 4.98021802E-04	-1.31778056E-03	-1.66462206E-02	-2.56327764E-02	 5.81182215E-02	-1.15190973E-05	-2.03750111E-05	-2.97137112E-05	-2.50305863E-05	 5.11455991E-05	 3.46843440E-04	 1.63801232E-03	 4.25488683E-03	-1.65324974E-02	-2.51184885E-02
 8.740000E-01	 3.31420013E-05	 6.64075845E-05	 1.32942553E-04	 2.61867927E-04	 4.24181518E-04	 4.60406979E-04	-1.36147223E-03	-1.65371561E-02	-2.86781644E-02	 7.95608696E-02	-1.09786728E-05	-1.96343281E-05	-2.89690163E-05	-2.48051797E-05	 4.77424127E-05	 3.28892657E-04	 1.56490956E-03	 4.02778201E-03	-1.58523850E-02	-2.22847493E-02
 8.750000E-01	 3.09048532E-05	 6.26477158E-05	 1.26861680E-04	 2.51213344E-04	 4.06318182E-04	 4.33094414E-04	-1.37813713E-03	-1.63383571E-02	-3.08368022E-02	 9.47630595E-02	-1.04840324E-05	-1.89276186E-05	-2.82708965E-05	-2.46662523E-05	 4.44264373E-05	 3.12051290E-04	 1.49707007E-03	 3.82007016E-03	-1.52420081E-02	-1.96072016E-02
 8.760000E-01	 2.88897333E-05	 5.92744439E-05	 1.21488347E-04	 2.42152292E-04	 3.92170366E-04	 4.14667619E-04	-1.37078645E-03	-1.60559729E-02	-3.21866653E-02	 1.04577341E-01	-1.00310379E-05	-1.82540413E-05	-2.75990465E-05	-2.45692195E-05	 4.12494183E-05	 2.96306102E-04	 1.43395909E-03	 3.63000185E-03	-1.46682742E-02	-1.71338040E-02
 8.770000E-01	 2.70823397E-05	 5.62638121E-05	 1.16760106E-04	 2.34467510E-04	 3.81166270E-04	 4.03674180E-04	-1.34296372E-03	-1.57002937E-02	-3.28415860E-02	 1.09907653E-01	-9.61273772E-06	-1.76105371E-05	-2.69431640E-05	-2.44863492E-05	 3.82370463E-05	 2.81624130E-04	 1.37520373E-03	 3.45590201E-03	-1.41132372E-02	-1.48874425E-02
 8.780000E-01	 2.54580255E-05	 5.35655482E-05	 1.12573903E-04	 2.27904574E-04	 3.72744867E-04	 3.99003879E-04	-1.29709527E-03	-1.52794593E-02	-3.29261641E-02	 1.11627075E-01	-9.22342876E-06	-1.69973647E-05	-2.62987325E-05	-2.43986747E-05	 3.53930485E-05	 2.67928977E-04	 1.32039033E-03	 3.29643052E-03	-1.35665762E-02	-1.28726254E-02
 8.790000E-01	 2.39807282E-05	 5.11057661E-05	 1.08777875E-04	 2.22108323E-04	 3.66124646E-04	 3.99133018E-04	-1.23601586E-03	-1.47970080E-02	-3.25401402E-02	 1.10510166E-01	-8.85511484E-06	-1.64068269E-05	-2.56551809E-05	-2.42885450E-05	 3.26899820E-05	 2.55025201E-04	 1.26860440E-03	 3.14884592E-03	-1.30181195E-02	-1.10828991E-02
 8.800000E-01	 2.26273952E-05	 4.88294300E-05	 1.05241555E-04	 2.16737737E-04	 3.60431297E-04	 4.01872940E-04	-1.16541248E-03	-1.42637065E-02	-3.17617949E-02	 1.07271237E-01	-8.50227272E-06	-1.58336056E-05	-2.50031897E-05	-2.41249667E-05	 3.01616171E-05	 2.42809233E-04	 1.21881024E-03	 3.00933375E-03	-1.24603714E-02	-9.51152137E-03
 8.810000E-01	 2.13933935E-05	 4.67234773E-05	 1.01931106E-04	 2.11667050E-04	 3.55157202E-04	 4.05341652E-04	-1.09213699E-03	-1.37044144E-02	-3.06893930E-02	 1.02614858E-01	-8.16624843E-06	-1.52840062E-05	-2.43543127E-05	-2.39125567E-05	 2.78282448E-05	 2.31314532E-04	 1.17088046E-03	 2.87611803E-03	-1.18975006E-02	-8.14896336E-03
 8.820000E-01	 2.02707949E-05	 4.47796532E-05	 9.88407950E-05	 2.06881005E-04	 3.50157022E-04	 4.08685673E-04	-1.02053807E-03	-1.31456823E-02	-2.94444324E-02	 9.71678048E-02	-7.84933447E-06	-1.47700014E-05	-2.37406420E-05	-2.36996962E-05	 2.56418978E-05	 2.20499842E-04	 1.12518938E-03	 2.74993677E-03	-1.13416403E-02	-6.97578692E-03
 8.830000E-01	 1.92474023E-05	 4.29796661E-05	 9.59481265E-05	 2.02345150E-04	 3.45301937E-04	 4.11374887E-04	-9.53174792E-04	-1.26051830E-02	-2.81308561E-02	 9.13879476E-02	-7.54968401E-06	-1.42910088E-05	-2.31691643E-05	-2.35070140E-05	 2.35579736E-05	 2.10255568E-04	 1.08163497E-03	 2.62997122E-03	-1.08058266E-02	-5.95964265E-03
 8.840000E-01	 1.83205382E-05	 4.13313078E-05	 9.32917820E-05	 1.98170310E-04	 3.40806917E-04	 4.13666633E-04	-8.91378186E-04	-1.20991682E-02	-2.68394295E-02	 8.56142144E-02	-7.26585988E-06	-1.38414005E-05	-2.26278729E-05	-2.32891275E-05	 2.17200914E-05	 2.00934321E-04	 1.04113813E-03	 2.51588275E-03	-1.03122833E-02	-5.06580183E-03
 8.850000E-01	 1.74767360E-05	 3.98195984E-05	 9.08632374E-05	 1.94375117E-04	 3.36745449E-04	 4.15810738E-04	-8.35088701E-04	-1.16326415E-02	-2.56227216E-02	 8.00417219E-02	-7.00435643E-06	-1.34315053E-05	-2.21388667E-05	-2.30872291E-05	 2.00779545E-05	 1.92559693E-04	 1.00426406E-03	 2.41032513E-03	-9.86108265E-03	-4.29205254E-03
 8.860000E-01	 1.66956946E-05	 3.84151203E-05	 8.86217751E-05	 1.90922308E-04	 3.33165772E-04	 4.18273125E-04	-7.82288577E-04	-1.12019529E-02	-2.45062330E-02	 7.47481894E-02	-6.76446620E-06	-1.30621117E-05	-2.17135359E-05	-2.29417170E-05	 1.85313882E-05	 1.84935607E-04	 9.70968233E-04	 2.31498366E-03	-9.44603900E-03	-3.63326260E-03
 8.870000E-01	 1.59555499E-05	 3.70757687E-05	 8.64832348E-05	 1.87658685E-04	 3.29874937E-04	 4.21061007E-04	-7.30817787E-04	-1.07954034E-02	-2.34818168E-02	 6.97162101E-02	-6.53855566E-06	-1.27199696E-05	-2.13343083E-05	-2.28469796E-05	 1.70239055E-05	 1.77797662E-04	 9.40376888E-04	 2.22841002E-03	-9.05799730E-03	-3.07729283E-03
 8.880000E-01	 1.52452648E-05	 3.57778758E-05	 8.43936610E-05	 1.84467722E-04	 3.26672390E-04	 4.23881996E-04	-6.80010512E-04	-1.04030905E-02	-2.25248094E-02	 6.49100209E-02	-6.31885008E-06	-1.23880885E-05	-2.09682918E-05	-2.27529441E-05	 1.56041184E-05	 1.71084316E-04	 9.11703697E-04	 2.14798133E-03	-8.68901660E-03	-2.61547340E-03
 8.890000E-01	 1.45607699E-05	 3.45123680E-05	 8.23287745E-05	 1.81286891E-04	 3.23429831E-04	 4.26509328E-04	-6.29853319E-04	-1.00188251E-02	-2.16118872E-02	 6.03103923E-02	-6.10291186E-06	-1.20609769E-05	-2.06052294E-05	-2.26458529E-05	 1.42757185E-05	 1.64736979E-04	 8.84498756E-04	 2.07303733E-03	-8.32868098E-03	-2.25136803E-03
 8.900000E-01	 1.39013841E-05	 3.32771114E-05	 8.02786692E-05	 1.78079016E-04	 3.20058170E-04	 4.28813412E-04	-5.80187111E-04	-9.63637569E-03	-2.07208697E-02	 5.58951414E-02	-5.88475141E-06	-1.17260728E-05	-2.02224991E-05	-2.24968114E-05	 1.30477014E-05	 1.58681185E-04	 8.58212960E-04	 2.00291135E-03	-7.96575404E-03	-1.98619847E-03
 8.910000E-01	 1.32680694E-05	 3.20825102E-05	 7.82822680E-05	 1.74963169E-04	 3.16889683E-04	 4.31636067E-04	-5.29173511E-04	-9.25327128E-03	-1.98470400E-02	 5.16656726E-02	-5.66352167E-06	-1.13774521E-05	-1.97974865E-05	-2.22343733E-05	 1.21157741E-05	 1.53402771E-04	 8.33985320E-04	 1.93861605E-03	-7.60348237E-03	-1.80754109E-03
 8.920000E-01	 1.26347635E-05	 3.08722979E-05	 7.62163850E-05	 1.71670027E-04	 3.13384369E-04	 4.34048540E-04	-4.77119874E-04	-8.85688908E-03	-1.89463209E-02	 4.75830651E-02	-5.45145070E-06	-1.10415594E-05	-1.93883079E-05	-2.19906907E-05	 1.11931352E-05	 1.48350291E-04	 8.10903385E-04	 1.88332416E-03	-7.20861674E-03	-1.73707450E-03
 8.930000E-01	 1.19998542E-05	 2.96282457E-05	 7.40128380E-05	 1.67989576E-04	 3.08952423E-04	 4.34462265E-04	-4.27876705E-04	-8.45146905E-03	-1.80004027E-02	 4.36888293E-02	-5.24948979E-06	-1.07305336E-05	-1.90379633E-05	-2.18923055E-05	 9.93648240E-06	 1.42619910E-04	 7.86636248E-04	 1.83396247E-03	-6.76898594E-03	-1.74850772E-03
 8.940000E-01	 1.13938429E-05	 2.84097852E-05	 7.17930271E-05	 1.64159916E-04	 3.03954532E-04	 4.33013549E-04	-3.84474142E-04	-8.06400542E-03	-1.70693532E-02	 4.01346209E-02	-5.04664833E-06	-1.04248298E-05	-1.87092398E-05	-2.18647422E-05	 8.48821361E-06	 1.36392369E-04	 7.61072456E-04	 1.78276476E-03	-6.33557698E-03	-1.74500582E-03
 8.950000E-01	 1.08315441E-05	 2.72611436E-05	 6.96791737E-05	 1.60492715E-04	 2.99086956E-04	 4.31014718E-04	-3.46545816E-04	-7.71483024E-03	-1.62251911E-02	 3.70296788E-02	-4.84217330E-06	-1.01153626E-05	-1.83668073E-05	-2.17919573E-05	 7.17821176E-06	 1.30497436E-04	 7.36165976E-04	 1.72667796E-03	-5.96321463E-03	-1.65846694E-03
 8.960000E-01	 1.02937265E-05	 2.61544378E-05	 6.76353098E-05	 1.56955787E-04	 2.94384901E-04	 4.28855114E-04	-3.12640171E-04	-7.40085783E-03	-1.54790535E-02	 3.43445523E-02	-4.64765751E-06	-9.82010359E-06	-1.80395556E-05	-2.17153509E-05	 5.97284012E-06	 1.25054831E-04	 7.12791184E-04	 1.66886675E-03	-5.65309365E-03	-1.50471199E-03
 8.970000E-01	 9.77132055E-06	 2.50661659E-05	 6.55962495E-05	 1.53373722E-04	 2.89437390E-04	 4.25741376E-04	-2.83355139E-04	-7.11279662E-03	-1.48036617E-02	 3.19912190E-02	-4.46341327E-06	-9.54242310E-06	-1.77443814E-05	-2.17000155E-05	 4.66424584E-06	 1.19514147E-04	 6.89591410E-04	 1.61044033E-03	-5.37985154E-03	-1.32233718E-03
 8.980000E-01	 9.28456003E-06	 2.40470842E-05	 6.36894310E-05	 1.50056341E-04	 2.84932400E-04	 4.23031779E-04	-2.56836764E-04	-6.85668213E-03	-1.42182933E-02	 2.99469403E-02	-4.28082199E-06	-9.26130181E-06	-1.74292765E-05	-2.16159513E-05	 3.56573051E-06	 1.14550472E-04	 6.68013613E-04	 1.55041339E-03	-5.16167223E-03	-1.10247275E-03
 8.990000E-01	 8.82354742E-06	 2.30824696E-05	 6.18908421E-05	 1.46969425E-04	 2.80879223E-04	 4.21036300E-04	-2.30856983E-04	-6.61973149E-03	-1.37001759E-02	 2.81119889E-02	-4.10338587E-06	-8.97925473E-06	-1.70929298E-05	-2.14531508E-05	 2.71013941E-06	 1.10276945E-04	 6.48490213E-04	 1.49233296E-03	-4.97958337E-03	-8.85597714E-04
 9.000000E-01	 8.37051428E-06	 2.21365453E-05	 6.01254662E-05	 1.43958940E-04	 2.77015356E-04	 4.19513446E-04	-2.03930510E-04	-6.38578057E-03	-1.32067847E-02	 2.63778974E-02	-3.93771131E-06	-8.70985699E-06	-1.67641524E-05	-2.12761382E-05	 1.95625561E-06	 1.06419968E-04	 6.30656795E-04	 1.44010078E-03	-4.80051634E-03	-7.18240974E-04
 9.010000E-01	 7.91707755E-06	 2.11783984E-05	 5.82961987E-05	 1.40752749E-04	 2.72681505E-04	 4.17081410E-04	-1.77642894E-04	-6.14364385E-03	-1.26936085E-02	 2.46742400E-02	-3.78342299E-06	-8.45869720E-06	-1.64689332E-05	-2.11797206E-05	 1.00789591E-06	 1.02176775E-04	 6.12393268E-04	 1.39380652E-03	-4.59232823E-03	-6.24397302E-04
 9.020000E-01	 7.48263172E-06	 2.02466402E-05	 5.64853338E-05	 1.37523212E-04	 2.68186384E-04	 4.14115492E-04	-1.52869889E-04	-5.90502027E-03	-1.21802519E-02	 2.30485349E-02	-3.63302870E-06	-8.21243136E-06	-1.61790077E-05	-2.10978110E-05	 1.13001083E-08	 9.78036919E-05	 5.93945867E-04	 1.34956305E-03	-4.37698250E-03	-5.61557569E-04
 9.030000E-01	 7.07243613E-06	 1.93547107E-05	 5.47269487E-05	 1.34350164E-04	 2.63692586E-04	 4.10866075E-04	-1.29892598E-04	-5.67680174E-03	-1.16866736E-02	 2.15365474E-02	-3.48576519E-06	-7.96778656E-06	-1.58831241E-05	-2.09957645E-05	-9.39943818E-07	 9.35236807E-05	 5.75762413E-04	 1.30580265E-03	-4.17151091E-03	-5.03359248E-04
 9.040000E-01	 6.68430272E-06	 1.85028333E-05	 5.30315276E-05	 1.31272774E-04	 2.59305545E-04	 4.07566436E-04	-1.08386214E-04	-5.46081284E-03	-1.12218854E-02	 2.01458744E-02	-3.34358075E-06	-7.72755880E-06	-1.55832886E-05	-2.08658467E-05	-1.80126081E-06	 8.94804998E-05	 5.58266820E-04	 1.26267655E-03	-3.98212635E-03	-4.42947314E-04
 9.050000E-01	 6.31227758E-06	 1.76804243E-05	 5.13802646E-05	 1.28256254E-04	 2.54966201E-04	 4.04149247E-04	-8.81183569E-05	-5.25450836E-03	-1.07814264E-02	 1.88600157E-02	-3.20827619E-06	-7.49561527E-06	-1.52877454E-05	-2.07260776E-05	-2.61117794E-06	 8.56002457E-05	 5.41379119E-04	 1.22096031E-03	-3.80420394E-03	-3.86491915E-04
 9.060000E-01	 5.95428763E-06	 1.68834763E-05	 4.97653644E-05	 1.25284141E-04	 2.50644291E-04	 4.00588837E-04	-6.89463059E-05	-5.05623100E-03	-1.03608289E-02	 1.76647994E-02	-3.07971529E-06	-7.27285529E-06	-1.49996073E-05	-2.05841551E-05	-3.38945757E-06	 8.18336696E-05	 5.24981859E-04	 1.18080220E-03	-3.63457310E-03	-3.36521946E-04
 9.070000E-01	 5.60970696E-06	 1.61105374E-05	 4.81839838E-05	 1.22348971E-04	 2.46321513E-04	 3.96860426E-04	-5.08746357E-05	-4.86531476E-03	-9.95760303E-03	 1.65514548E-02	-2.95719759E-06	-7.05831998E-06	-1.47178141E-05	-2.04399332E-05	-4.14302718E-06	 7.81552888E-05	 5.08978760E-04	 1.14203213E-03	-3.47211329E-03	-2.92489095E-04
 9.080000E-01	 5.27894508E-06	 1.53627239E-05	 4.66393997E-05	 1.19458392E-04	 2.42013350E-04	 3.92993991E-04	-3.38888529E-05	-4.68187955E-03	-9.57157407E-03	 1.55154763E-02	-2.84014312E-06	-6.85121539E-06	-1.44410345E-05	-2.02891815E-05	-4.86147184E-06	 7.45834713E-05	 4.93369936E-04	 1.10439429E-03	-3.31741289E-03	-2.52301993E-04
 9.090000E-01	 4.96133634E-06	 1.46393055E-05	 4.51321631E-05	 1.16617159E-04	 2.37732448E-04	 3.89007177E-04	-1.79442268E-05	-4.50586755E-03	-9.20251060E-03	 1.45521251E-02	-2.72838067E-06	-6.65128537E-06	-1.41691313E-05	-2.01312883E-05	-5.54104773E-06	 7.11264923E-05	 4.78174972E-04	 1.06782748E-03	-3.17062060E-03	-2.15047161E-04
 9.100000E-01	 4.65610997E-06	 1.39391621E-05	 4.36612617E-05	 1.13826239E-04	 2.33485637E-04	 3.84911843E-04	-2.96992229E-06	-4.33696647E-03	-8.84968028E-03	 1.36558317E-02	-2.62171154E-06	-6.45863266E-06	-1.39028203E-05	-1.99672988E-05	-6.18088499E-06	 6.77835655E-05	 4.63388904E-04	 1.03231446E-03	-3.03134459E-03	-1.80602718E-04
 9.110000E-01	 4.36232708E-06	 1.32606464E-05	 4.22243890E-05	 1.11082813E-04	 2.29270657E-04	 3.80711122E-04	 1.10877782E-05	-4.17477053E-03	-8.51204433E-03	 1.28209883E-02	-2.51981945E-06	-6.27308822E-06	-1.36425761E-05	-1.97995034E-05	-6.78600549E-06	 6.45462914E-05	 4.49000695E-04	 9.97871211E-04	-2.89898384E-03	-1.49077085E-04
 9.120000E-01	 4.07957821E-06	 1.26029567E-05	 4.08203268E-05	 1.08384750E-04	 2.25085617E-04	 3.76416838E-04	 2.42667596E-05	-4.01895220E-03	-8.18870819E-03	 1.20426567E-02	-2.42223418E-06	-6.09404654E-06	-1.33877386E-05	-1.96273167E-05	-7.35743617E-06	 6.14110924E-05	 4.34986704E-04	 9.64443538E-04	-2.77309999E-03	-1.20309805E-04
 9.130000E-01	 3.80745190E-06	 1.19653099E-05	 3.94479940E-05	 1.05730266E-04	 2.20928615E-04	 3.72038926E-04	 3.65999531E-05	-3.86925545E-03	-7.87895760E-03	 1.13165933E-02	-2.32864169E-06	-5.92106331E-06	-1.31381934E-05	-1.94515231E-05	-7.89807502E-06	 5.83770138E-05	 4.21345661E-04	 9.32010526E-04	-2.65338413E-03	-9.40792618E-05
 9.140000E-01	 3.54555199E-06	 1.13470694E-05	 3.81067174E-05	 1.03119583E-04	 2.16803308E-04	 3.67587951E-04	 4.81271566E-05	-3.72546244E-03	-7.58220415E-03	 1.06389885E-02	-2.23867693E-06	-5.75345222E-06	-1.28930078E-05	-1.92708249E-05	-8.40634699E-06	 5.54434265E-05	 4.08065144E-04	 9.00516805E-04	-2.53958753E-03	-7.01197129E-05
 9.150000E-01	 3.29333617E-06	 1.07472990E-05	 3.67952036E-05	 1.00552056E-04	 2.12712324E-04	 3.63068455E-04	 5.88950846E-05	-3.58734120E-03	-7.29786835E-03	 1.00062901E-02	-2.15208700E-06	-5.59110118E-06	-1.26527242E-05	-1.90871868E-05	-8.88458437E-06	 5.26086620E-05	 3.95151730E-04	 8.69963913E-04	-2.43141711E-03	-4.83235405E-05
 9.160000E-01	 3.05036714E-06	 1.01651858E-05	 3.55123906E-05	 9.80273084E-05	 2.08658858E-04	 3.58487821E-04	 6.89441306E-05	-3.45466713E-03	-7.02538596E-03	 9.41518625E-03	-2.06834366E-06	-5.43318307E-06	-1.24161232E-05	-1.88993923E-05	-9.33199768E-06	 4.98690257E-05	 3.82590633E-04	 8.40309409E-04	-2.32859323E-03	-2.85390349E-05
 9.170000E-01	 2.81642452E-06	 9.60015922E-06	 3.42572286E-05	 9.55433207E-05	 2.04641183E-04	 3.53854142E-04	 7.83097324E-05	-3.32720797E-03	-6.76419387E-03	 8.86259542E-03	-1.98716590E-06	-5.27948590E-06	-1.21834512E-05	-1.87088327E-05	-9.75155763E-06	 4.72243024E-05	 3.70387477E-04	 8.11558386E-04	-2.23081736E-03	-1.07131042E-05
 9.180000E-01	 2.59136664E-06	 9.05189047E-06	 3.30292500E-05	 9.30991456E-05	 2.00658753E-04	 3.49177604E-04	 8.70175102E-05	-3.20476271E-03	-6.51377744E-03	 8.34572490E-03	-1.90811314E-06	-5.12893722E-06	-1.19528596E-05	-1.85130252E-05	-1.01423335E-05	 4.46726822E-05	 3.58526365E-04	 7.83665537E-04	-2.13784769E-03	 5.31461082E-06
 9.190000E-01	 2.37500472E-06	 8.52004769E-06	 3.18278245E-05	 9.06936539E-05	 1.96711172E-04	 3.44466463E-04	 9.51020067E-05	-3.08712575E-03	-6.27365340E-03	 7.86198864E-03	-1.83115400E-06	-4.98157220E-06	-1.17248883E-05	-1.83133917E-05	-1.05064270E-05	 4.22159292E-05	 3.47016534E-04	 7.56640245E-04	-2.04942105E-03	 1.95918463E-05
 9.200000E-01	 2.16700621E-06	 8.00409295E-06	 3.06522652E-05	 8.83268274E-05	 1.92801117E-04	 3.39725313E-04	 1.02594384E-04	-2.97411551E-03	-6.04337770E-03	 7.40904311E-03	-1.75583440E-06	-4.83643916E-06	-1.14979355E-05	-1.81080755E-05	-1.08426641E-05	 3.98498745E-05	 3.35842074E-04	 7.30440179E-04	-1.96532381E-03	 3.22753717E-05
 9.210000E-01	 1.96712052E-06	 7.50353067E-06	 2.95018223E-05	 8.59983334E-05	 1.88931281E-04	 3.34960814E-04	 1.09534731E-04	-2.86554311E-03	-5.82253649E-03	 6.98469429E-03	-1.68206678E-06	-4.69376060E-06	-1.12728688E-05	-1.78990549E-05	-1.11527909E-05	 3.75754915E-05	 3.25014067E-04	 7.05080043E-04	-1.88531299E-03	 4.33933061E-05
 9.220000E-01	 1.77525564E-06	 7.01803353E-06	 2.83759804E-05	 8.37074926E-05	 1.85101801E-04	 3.30176729E-04	 1.15947221E-04	-2.76123400E-03	-5.61070993E-03	 6.58692713E-03	-1.60930773E-06	-4.55242348E-06	-1.10477826E-05	-1.76839902E-05	-1.14358419E-05	 3.53882755E-05	 3.14514215E-04	 6.80516563E-04	-1.80918909E-03	 5.30932507E-05
 9.230000E-01	 1.59143203E-06	 6.54763907E-06	 2.72748450E-05	 8.14541867E-05	 1.81313361E-04	 3.25383917E-04	 1.21862014E-04	-2.66101599E-03	-5.40751722E-03	 6.21385909E-03	-1.53771432E-06	-4.41274185E-06	-1.08234098E-05	-1.74639660E-05	-1.16926977E-05	 3.32930502E-05	 3.04355425E-04	 6.56764948E-04	-1.73672957E-03	 6.13937015E-05
 9.240000E-01	 1.41560593E-06	 6.09230427E-06	 2.61982925E-05	 7.92377199E-05	 1.77564517E-04	 3.20585731E-04	 1.27296929E-04	-2.56472650E-03	-5.21256505E-03	 5.86376646E-03	-1.46691900E-06	-4.27370708E-06	-1.05979044E-05	-1.72365266E-05	-1.19224569E-05	 3.12860998E-05	 2.94518596E-04	 6.33781966E-04	-1.66775249E-03	 6.84414503E-05
 9.250000E-01	 1.24758785E-06	 5.65190727E-06	 2.51464619E-05	 7.70591847E-05	 1.73859403E-04	 3.15792388E-04	 1.32285269E-04	-2.47221012E-03	-5.02552616E-03	 5.53504959E-03	-1.39718634E-06	-4.13594469E-06	-1.03724513E-05	-1.70033643E-05	-1.21256589E-05	 2.93720158E-05	 2.85018023E-04	 6.11586209E-04	-1.60205334E-03	 7.42475271E-05
 9.260000E-01	 1.08724572E-06	 5.22607456E-06	 2.41187211E-05	 7.49179729E-05	 1.70198373E-04	 3.11003773E-04	 1.36849791E-04	-2.38331484E-03	-4.84605533E-03	 5.22624658E-03	-1.32797835E-06	-3.99848735E-06	-1.01455046E-05	-1.67628920E-05	-1.23021695E-05	 2.75437256E-05	 2.75832783E-04	 5.90136009E-04	-1.53946952E-03	 7.89639904E-05
 9.270000E-01	 9.34507409E-07	 4.81473524E-06	 2.31154170E-05	 7.28158084E-05	 1.66586763E-04	 3.06230939E-04	 1.41023735E-04	-2.29789814E-03	-4.67386531E-03	 4.93598828E-03	-1.25960820E-06	-3.86204824E-06	-9.91834700E-06	-1.65167071E-05	-1.24520619E-05	 2.58061887E-05	 2.66977941E-04	 5.69451360E-04	-1.47981538E-03	 8.25990832E-05
 9.280000E-01	 7.89451628E-07	 4.41787472E-06	 2.21362770E-05	 7.07515085E-05	 1.63021870E-04	 3.01473539E-04	 1.44823281E-04	-2.21581048E-03	-4.50861060E-03	 4.66300182E-03	-1.19168760E-06	-3.72569439E-06	-9.68941370E-06	-1.62629330E-05	-1.25753476E-05	 2.41532184E-05	 2.58430987E-04	 5.49487567E-04	-1.42293968E-03	 8.53071165E-05
 9.290000E-01	 6.51999896E-07	 4.03578883E-06	 2.11824206E-05	 6.87276087E-05	 1.59508952E-04	 2.96744976E-04	 1.48274965E-04	-2.13692435E-03	-4.35002298E-03	 4.40611255E-03	-1.12483044E-06	-3.59042051E-06	-9.46013281E-06	-1.60028426E-05	-1.26713964E-05	 2.25926649E-05	 2.50208354E-04	 5.30263110E-04	-1.36867330E-03	 8.70914883E-05
 9.300000E-01	 5.22058189E-07	 3.66827234E-06	 2.02532377E-05	 6.67423756E-05	 1.56044741E-04	 2.92043410E-04	 1.51395644E-04	-2.06109257E-03	-4.19777906E-03	 4.16422559E-03	-1.05862645E-06	-3.45544944E-06	-9.22928719E-06	-1.57353403E-05	-1.27414291E-05	 2.11164634E-05	 2.42285360E-04	 5.11733905E-04	-1.31687714E-03	 8.81078069E-05
 9.310000E-01	 3.99445537E-07	 3.31531241E-06	 1.93495084E-05	 6.47984367E-05	 1.52635746E-04	 2.87380488E-04	 1.54213028E-04	-1.98818998E-03	-4.05164025E-03	 3.93633083E-03	-9.93600454E-07	-3.32185100E-06	-8.99849393E-06	-1.54620962E-05	-1.27852094E-05	 1.97306238E-05	 2.34675944E-04	 4.93917745E-04	-1.26739625E-03	 8.83587784E-05
 9.320000E-01	 2.84132163E-07	 2.97647561E-06	 1.84700984E-05	 6.28933103E-05	 1.49277813E-04	 2.82751797E-04	 1.56743947E-04	-1.91806874E-03	-3.91129341E-03	 3.72147309E-03	-9.29269647E-07	-3.18879820E-06	-8.76670012E-06	-1.51825343E-05	-1.28049790E-05	 1.84243736E-05	 2.27351845E-04	 4.76768789E-04	-1.22009949E-03	 8.79985750E-05
 9.330000E-01	 1.75990445E-07	 2.65198274E-06	 1.76163397E-05	 6.10308322E-05	 1.45978901E-04	 2.78169648E-04	 1.59011262E-04	-1.85062772E-03	-3.77651699E-03	 3.51879533E-03	-8.66397281E-07	-3.05748870E-06	-8.53556486E-06	-1.48980278E-05	-1.27994220E-05	 1.72050132E-05	 2.20328078E-04	 4.60299254E-04	-1.17485162E-03	 8.70273698E-05
 9.340000E-01	 7.48268390E-08	 2.34142043E-06	 1.67872013E-05	 5.92088998E-05	 1.42735555E-04	 2.73630843E-04	 1.61031549E-04	-1.78573903E-03	-3.64701435E-03	 3.32748447E-03	-8.04670114E-07	-2.92732482E-06	-8.30437270E-06	-1.46085154E-05	-1.27709704E-05	 1.60619216E-05	 2.13578746E-04	 4.44462078E-04	-1.13153795E-03	 8.55932056E-05
 9.350000E-01	-1.96037933E-08	 2.04502919E-06	 1.59841832E-05	 5.74315291E-05	 1.39555798E-04	 2.69147229E-04	 1.62824653E-04	-1.72331350E-03	-3.52258942E-03	 3.14681813E-03	-7.44857624E-07	-2.79962304E-06	-8.07482608E-06	-1.43153101E-05	-1.27181659E-05	 1.50026810E-05	 2.07117981E-04	 4.29266481E-04	-1.09004250E-03	 8.36915556E-05
 9.360000E-01	-1.07477230E-07	 1.76219276E-06	 1.52057121E-05	 5.56950685E-05	 1.36433410E-04	 2.64714237E-04	 1.64407022E-04	-1.66321546E-03	-3.40297721E-03	 2.97609439E-03	-6.86498161E-07	-2.67379194E-06	-7.84640600E-06	-1.40188690E-05	-1.26452183E-05	 1.40149466E-05	 2.00916536E-04	 4.14671282E-04	-1.05026024E-03	 8.14566152E-05
 9.370000E-01	-1.88871692E-07	 1.49322958E-06	 1.44532188E-05	 5.40027493E-05	 1.33374011E-04	 2.60340713E-04	 1.65793713E-04	-1.60535481E-03	-3.28800711E-03	 2.81469930E-03	-6.30291348E-07	-2.55101683E-06	-7.62061032E-06	-1.37201148E-05	-1.25509576E-05	 1.31054465E-05	 1.94983475E-04	 4.00683953E-04	-1.01209083E-03	 7.88821489E-05
 9.380000E-01	-2.64029435E-07	 1.23733578E-06	 1.37247934E-05	 5.23505554E-05	 1.30371141E-04	 2.56021945E-04	 1.67001443E-04	-1.54960215E-03	-3.17742702E-03	 2.66202345E-03	-5.75782035E-07	-2.43075290E-06	-7.39718400E-06	-1.34201149E-05	-1.24405408E-05	 1.22606812E-05	 1.89290054E-04	 3.87266191E-04	-9.75436259E-04	 7.60907925E-05
 9.390000E-01	-3.33090499E-07	 9.94763439E-07	 1.30218352E-05	 5.07419914E-05	 1.27431001E-04	 2.51765082E-04	 1.68041160E-04	-1.49588505E-03	-3.07106623E-03	 2.51754933E-03	-5.23624439E-07	-2.31401606E-06	-7.17736013E-06	-1.31195306E-05	-1.23123008E-05	 1.14862288E-05	 1.83843404E-04	 3.74414813E-04	-9.40212508E-04	 7.30870980E-05
 9.400000E-01	-3.96447998E-07	 7.64498046E-07	 1.23422215E-05	 4.91733501E-05	 1.24548672E-04	 2.47567300E-04	 1.68930252E-04	-1.44408997E-03	-2.96868974E-03	 2.38075422E-03	-4.73452005E-07	-2.20037289E-06	-6.96116531E-06	-1.28200215E-05	-1.21716938E-05	 1.07686394E-05	 1.78618412E-04	 3.62093701E-04	-9.06333281E-04	 6.99797231E-05
 9.410000E-01	-4.54231362E-07	 5.46857444E-07	 1.16873016E-05	 4.76477501E-05	 1.21729133E-04	 2.43433829E-04	 1.69675394E-04	-1.39415221E-03	-2.87013854E-03	 2.25119686E-03	-4.25920912E-07	-2.09071671E-06	-6.74948987E-06	-1.25217108E-05	-1.20165800E-05	 1.01130962E-05	 1.73618283E-04	 3.50291968E-04	-8.73730864E-04	 6.67742797E-05
 9.420000E-01	-5.06948030E-07	 3.40733505E-07	 1.10548904E-05	 4.61613965E-05	 1.18967663E-04	 2.39364511E-04	 1.70294665E-04	-1.34596362E-03	-2.77520666E-03	 2.12841871E-03	-3.80746542E-07	-1.98490103E-06	-6.54281127E-06	-1.22268727E-05	-1.18531459E-05	 9.50773481E-06	 1.68821763E-04	 3.38983109E-04	-8.42326290E-04	 6.35463469E-05
 9.430000E-01	-5.54670248E-07	 1.46401253E-07	 1.04460320E-05	 4.47161645E-05	 1.16266443E-04	 2.35360693E-04	 1.70790960E-04	-1.29946066E-03	-2.68374182E-03	 2.01204294E-03	-3.38329750E-07	-1.88349544E-06	-6.34150758E-06	-1.19350530E-05	-1.16795665E-05	 8.95560789E-06	 1.64225587E-04	 3.28148168E-04	-8.12063858E-04	 6.03084845E-05
 9.440000E-01	-5.97946602E-07	-3.73795112E-08	 9.85847285E-06	 4.33086862E-05	 1.13622077E-04	 2.31421692E-04	 1.71182774E-04	-1.25454661E-03	-2.59556210E-03	 1.90168064E-03	-2.98402972E-07	-1.78647467E-06	-6.14639390E-06	-1.16489766E-05	-1.15019002E-05	 8.44563562E-06	 1.59814136E-04	 3.17768782E-04	-7.82872078E-04	 5.71109745E-05
 9.450000E-01	-6.36757172E-07	-2.10360320E-07	 9.29282858E-06	 4.19398537E-05	 1.11034446E-04	 2.27541909E-04	 1.71468567E-04	-1.21116134E-03	-2.51051102E-03	 1.79701312E-03	-2.61169201E-07	-1.69391449E-06	-5.95710442E-06	-1.13673055E-05	-1.13176288E-05	 7.97755637E-06	 1.55576543E-04	 3.07813094E-04	-7.54705592E-04	 5.39837931E-05
 9.460000E-01	-6.71739110E-07	-3.73724135E-07	 8.74724945E-06	 4.06075509E-05	 1.08502650E-04	 2.23724421E-04	 1.71665290E-04	-1.16922526E-03	-2.42843885E-03	 1.69770740E-03	-2.26601571E-07	-1.60616625E-06	-5.77500223E-06	-1.10932537E-05	-1.11322514E-05	 7.54415228E-06	 1.51505687E-04	 2.98273319E-04	-7.27502792E-04	 5.09418472E-05
 9.470000E-01	-7.02838935E-07	-5.27299033E-07	 8.22187044E-06	 3.93108384E-05	 1.06022872E-04	 2.19962769E-04	 1.71767884E-04	-1.12867854E-03	-2.34919427E-03	 1.60347989E-03	-1.94614408E-07	-1.52283606E-06	-5.59899902E-06	-1.08249085E-05	-1.09444907E-05	 7.14221019E-06	 1.47581298E-04	 2.89107808E-04	-7.01226955E-04	 4.80297226E-05
 9.480000E-01	-7.30733220E-07	-6.72222099E-07	 7.71530917E-06	 3.80486767E-05	 1.03596491E-04	 2.16265756E-04	 1.71794131E-04	-1.08945857E-03	-2.27266943E-03	 1.51405144E-03	-1.65349909E-07	-1.44468472E-06	-5.43107828E-06	-1.05660888E-05	-1.07598546E-05	 6.76902642E-06	 1.43806929E-04	 2.80324105E-04	-6.75829190E-04	 4.52275278E-05
 9.490000E-01	-7.55266173E-07	-8.08532858E-07	 7.22668517E-06	 3.68177052E-05	 1.01215129E-04	 2.12618833E-04	 1.71738424E-04	-1.05149349E-03	-2.19869418E-03	 1.42916762E-03	-1.38319330E-07	-1.37058219E-06	-5.26914152E-06	-1.03140022E-05	-1.05775239E-05	 6.41556793E-06	 1.40150881E-04	 2.71866715E-04	-6.51277031E-04	 4.26109711E-05
 9.500000E-01	-7.77104267E-07	-9.37096161E-07	 6.75541868E-06	 3.56191469E-05	 9.88838073E-05	 2.09029371E-04	 1.71614384E-04	-1.01473405E-03	-2.12717329E-03	 1.34859218E-03	-1.14040557E-07	-1.30179742E-06	-5.11576681E-06	-1.00724868E-05	-1.04002016E-05	 6.08494165E-06	 1.36628673E-04	 2.63753217E-04	-6.27526558E-04	 4.01183299E-05
 9.510000E-01	-7.96080144E-07	-1.05813291E-06	 6.29975820E-06	 3.44475377E-05	 9.65902332E-05	 2.05476620E-04	 1.71412012E-04	-9.79101898E-04	-2.05791774E-03	 1.27208386E-03	-9.16296148E-08	-1.23648225E-06	-4.96783724E-06	-9.83793747E-06	-1.02277282E-05	 5.76258801E-06	 1.33195410E-04	 2.55912103E-04	-6.04542191E-04	 3.78459247E-05
 9.520000E-01	-8.12852949E-07	-1.17209915E-06	 5.86054170E-06	 3.33069938E-05	 9.43443874E-05	 2.01976466E-04	 1.71140831E-04	-9.44582955E-04	-1.99089265E-03	 1.19945968E-03	-7.19959081E-08	-1.17660107E-06	-4.82872955E-06	-9.61448635E-06	-1.00612245E-05	 5.46016864E-06	 1.29882132E-04	 2.48378412E-04	-5.82295238E-04	 3.56809600E-05
 9.530000E-01	-8.27238920E-07	-1.27966704E-06	 5.43465885E-06	 3.21887661E-05	 9.21289832E-05	 1.98508082E-04	 1.70796345E-04	-9.11094171E-04	-1.92592382E-03	 1.13050181E-03	-5.36549969E-08	-1.11942611E-06	-4.69432602E-06	-9.39831184E-06	-9.90375490E-06	 5.15554148E-06	 1.26631466E-04	 2.41073163E-04	-5.60757029E-04	 3.37595010E-05
 9.540000E-01	-8.39765690E-07	-1.38079851E-06	 5.02422936E-06	 3.10995468E-05	 8.99576198E-05	 1.95089422E-04	 1.70387377E-04	-8.78637035E-04	-1.86300904E-03	 1.06507744E-03	-3.80355690E-08	-1.06764598E-06	-4.56874857E-06	-9.19341971E-06	-9.75341461E-06	 4.86880658E-06	 1.23491218E-04	 2.34048018E-04	-5.39917144E-04	 3.19374888E-05
 9.550000E-01	-8.50293918E-07	-1.47666053E-06	 4.62440134E-06	 3.00269579E-05	 8.78066005E-05	 1.91688095E-04	 1.69909188E-04	-8.47091981E-04	-1.80191161E-03	 1.00294870E-03	-2.31150336E-08	-1.01762336E-06	-4.44681278E-06	-8.99551821E-06	-9.61485789E-06	 4.56884922E-06	 1.20386989E-04	 2.27206505E-04	-5.19729268E-04	 3.03875785E-05
 9.560000E-01	-8.59210558E-07	-1.56636608E-06	 4.23938751E-06	 2.89817564E-05	 8.56947702E-05	 1.88321447E-04	 1.69357054E-04	-8.16483141E-04	-1.74263895E-03	 9.44010461E-04	-1.09912089E-08	-9.72947664E-07	-4.33333392E-06	-8.80785856E-06	-9.48110203E-06	 4.28694624E-06	 1.17381691E-04	 2.20608108E-04	-5.00186855E-04	 2.89077846E-05
 9.570000E-01	-8.66526889E-07	-1.65176315E-06	 3.86271280E-06	 2.79483999E-05	 8.35944783E-05	 1.84957307E-04	 1.68729240E-04	-7.86687066E-04	-1.68495832E-03	 8.88020220E-04	 1.08752590E-09	-9.29046779E-07	-4.22228498E-06	-8.62651990E-06	-9.36083034E-06	 3.98318171E-06	 1.14386660E-04	 2.14147046E-04	-4.81235811E-04	 2.76961680E-05
 9.580000E-01	-8.72320166E-07	-1.73101515E-06	 3.50084485E-06	 2.69412882E-05	 8.15292190E-05	 1.81619053E-04	 1.68014819E-04	-7.57764436E-04	-1.62893671E-03	 8.34922053E-04	 1.03892171E-08	-8.90330538E-07	-4.11904133E-06	-8.45396433E-06	-9.24336214E-06	 3.69980066E-06	 1.11482303E-04	 2.07898705E-04	-4.62891731E-04	 2.65071480E-05
 9.590000E-01	-8.76781717E-07	-1.80682872E-06	 3.14530452E-06	 2.59414437E-05	 7.94672650E-05	 1.78273527E-04	 1.67219966E-04	-7.29576303E-04	-1.57433346E-03	 7.84465605E-04	 2.03861774E-08	-8.51278470E-07	-4.01691112E-06	-8.28702763E-06	-9.14167553E-06	 3.38717446E-06	 1.08566929E-04	 2.01750980E-04	-4.45091221E-04	 2.55752515E-05
 9.600000E-01	-8.79675810E-07	-1.87623539E-06	 2.80512097E-06	 2.49682752E-05	 7.74389725E-05	 1.74946406E-04	 1.66326670E-04	-7.02221418E-04	-1.52126567E-03	 7.36651888E-04	 2.74968797E-08	-8.17254182E-07	-3.92176704E-06	-8.12674770E-06	-9.03880242E-06	 3.09923370E-06	 1.05738259E-04	 1.95790882E-04	-4.27871147E-04	 2.46186498E-05
 9.610000E-01	-8.81646250E-07	-1.94316591E-06	 2.46944442E-06	 2.39998679E-05	 7.54109724E-05	 1.71606996E-04	 1.65356530E-04	-6.75550037E-04	-1.46950595E-03	 6.91238499E-04	 3.59212526E-08	-7.82034470E-07	-3.82688725E-06	-7.97181434E-06	-8.95263487E-06	 2.77670140E-06	 1.02886566E-04	 1.89908599E-04	-4.11164956E-04	 2.39124993E-05
 9.620000E-01	-8.82014247E-07	-2.00344184E-06	 2.14947416E-06	 2.30579996E-05	 7.34143216E-05	 1.68278247E-04	 1.64283784E-04	-6.49667352E-04	-1.41917809E-03	 6.48259915E-04	 4.13570988E-08	-7.51720755E-07	-3.73816003E-06	-7.82140772E-06	-8.86130275E-06	 2.48275614E-06	 1.00120551E-04	 1.84197335E-04	-3.95024314E-04	 2.31577566E-05
 9.630000E-01	-8.81774303E-07	-2.06209380E-06	 1.83211188E-06	 2.21166280E-05	 7.14101153E-05	 1.64926878E-04	 1.63132963E-04	-6.24385674E-04	-1.36999921E-03	 6.07432324E-04	 4.87927059E-08	-7.19332811E-07	-3.64880046E-06	-7.67607520E-06	-8.78846817E-06	 2.14956764E-06	 9.73188938E-05	 1.78542267E-04	-3.79354270E-04	 2.26482804E-05
 9.640000E-01	-8.79614213E-07	-2.11336887E-06	 1.53129260E-06	 2.12006719E-05	 6.94305476E-05	 1.61570531E-04	 1.61859974E-04	-5.99826562E-04	-1.32208694E-03	 5.68803985E-04	 5.31726341E-08	-6.91464893E-07	-3.56405534E-06	-7.53193362E-06	-8.70591436E-06	 1.84921690E-06	 9.45943006E-05	 1.73029983E-04	-3.64208717E-04	 2.20544858E-05
 9.650000E-01	-8.77117909E-07	-2.16357756E-06	 1.23213357E-06	 2.02834403E-05	 6.74398051E-05	 1.58183158E-04	 1.60499363E-04	-5.75810734E-04	-1.27518590E-03	 5.32093829E-04	 6.00538133E-08	-6.60874236E-07	-3.47802996E-06	-7.39240457E-06	-8.64169494E-06	 1.50912412E-06	 9.18261304E-05	 1.67553914E-04	-3.49487784E-04	 2.16729691E-05
 9.660000E-01	-8.72437106E-07	-2.20572562E-06	 9.50489992E-07	 1.93920366E-05	 6.54709617E-05	 1.54778823E-04	 1.59002165E-04	-5.52478094E-04	-1.22944204E-03	 4.97386271E-04	 6.37927936E-08	-6.34455020E-07	-3.39515027E-06	-7.25075867E-06	-8.56231149E-06	 1.20581659E-06	 8.91290004E-05	 1.62198188E-04	-3.35262783E-04	 2.11761590E-05
 9.670000E-01	-8.67755560E-07	-2.24737040E-06	 6.69907498E-07	 1.84991522E-05	 6.34909723E-05	 1.51339911E-04	 1.57413694E-04	-5.29649421E-04	-1.18461930E-03	 4.64406516E-04	 7.03995504E-08	-6.05032733E-07	-3.31095981E-06	-7.11389031E-06	-8.50051672E-06	 8.65110089E-07	 8.63898052E-05	 1.56871871E-04	-3.21432485E-04	 2.08586951E-05
 9.680000E-01	-8.60537359E-07	-2.28027947E-06	 4.07561043E-07	 1.76312619E-05	 6.15277895E-05	 1.47872313E-04	 1.55677123E-04	-5.07457143E-04	-1.14084539E-03	 4.33240205E-04	 7.39662713E-08	-5.79152305E-07	-3.22808823E-06	-6.97150466E-06	-8.41961495E-06	 5.62630691E-07	 8.37123300E-05	 1.51645004E-04	-3.08065532E-04	 2.04118467E-05
 9.690000E-01	-8.53505932E-07	-2.31283361E-06	 1.46573800E-07	 1.67627227E-05	 5.95543499E-05	 1.44368928E-04	 1.53842737E-04	-4.85735975E-04	-1.09791153E-03	 4.03628635E-04	 8.05255636E-08	-5.50266541E-07	-3.14410160E-06	-6.83396162E-06	-8.35499378E-06	 2.28909810E-07	 8.10001336E-05	 1.46447297E-04	-2.95063602E-04	 2.01031025E-05
 9.700000E-01	-8.43617033E-07	-2.33611433E-06	-9.58698696E-08	 1.59174824E-05	 5.75912568E-05	 1.40823970E-04	 1.51851119E-04	-4.64596430E-04	-1.05591226E-03	 3.75647313E-04	 8.42916150E-08	-5.24057681E-07	-3.05938755E-06	-6.68760884E-06	-8.26844070E-06	-6.83228185E-08	 7.83357739E-05	 1.41327338E-04	-2.82485550E-04	 1.96680967E-05
 9.710000E-01	-8.34091746E-07	-2.35887451E-06	-3.35742705E-07	 1.50747040E-05	 5.56222556E-05	 1.37241892E-04	 1.49752330E-04	-4.43904013E-04	-1.01468200E-03	 3.49076188E-04	 9.07731410E-08	-4.95436945E-07	-2.97437000E-06	-6.54619021E-06	-8.19450749E-06	-3.86044503E-07	 7.56516967E-05	 1.36242520E-04	-2.70248008E-04	 1.93202419E-05
 9.720000E-01	-8.21525749E-07	-2.37229119E-06	-5.57677447E-07	 1.42524257E-05	 5.36563102E-05	 1.33604253E-04	 1.47490379E-04	-4.23728898E-04	-9.74263781E-04	 3.23953234E-04	 9.50445594E-08	-4.68312881E-07	-2.88650975E-06	-6.39330669E-06	-8.09761680E-06	-6.73488847E-07	 7.29958664E-05	 1.31211887E-04	-2.58386390E-04	 1.88665611E-05
 9.730000E-01	-8.09285152E-07	-2.38436792E-06	-7.74435657E-07	 1.34377273E-05	 5.16908382E-05	 1.29929309E-04	 1.45106384E-04	-4.03989156E-04	-9.34554593E-04	 3.00117420E-04	 1.01310967E-07	-4.39887151E-07	-2.79943442E-06	-6.24490789E-06	-8.00760083E-06	-9.65240666E-07	 7.03425585E-05	 1.26227135E-04	-2.46846669E-04	 1.84357193E-05
 9.740000E-01	-7.93914220E-07	-2.38744994E-06	-9.74814094E-07	 1.26388076E-05	 4.97185997E-05	 1.26185129E-04	 1.42556006E-04	-3.84691411E-04	-8.95523247E-04	 2.77539260E-04	 1.06394340E-07	-4.11248590E-07	-2.70711425E-06	-6.08310676E-06	-7.89682781E-06	-1.23816165E-06	 6.76904560E-05	 1.21270682E-04	-2.35622603E-04	 1.79370284E-05
 9.750000E-01	-7.78616687E-07	-2.38753033E-06	-1.16560113E-06	 1.18553197E-05	 4.77560161E-05	 1.22404100E-04	 1.39862684E-04	-3.65833397E-04	-8.57157379E-04	 2.56155787E-04	 1.12103504E-07	-3.83142835E-07	-2.61698866E-06	-5.92441493E-06	-7.78400186E-06	-1.49289502E-06	 6.50710609E-05	 1.16375876E-04	-2.24709859E-04	 1.73821113E-05
 9.760000E-01	-7.60436959E-07	-2.37993078E-06	-1.34328362E-06	 1.10811733E-05	 4.57765947E-05	 1.18542027E-04	 1.37008078E-04	-3.47334108E-04	-8.19338386E-04	 2.35843967E-04	 1.18216998E-07	-3.52633997E-07	-2.51943457E-06	-5.75214416E-06	-7.65635950E-06	-1.74678559E-06	 6.24200246E-05	 1.11484348E-04	-2.14044819E-04	 1.68204697E-05
 9.770000E-01	-7.41840557E-07	-2.36679726E-06	-1.50513224E-06	 1.03331607E-05	 4.38189185E-05	 1.14643529E-04	 1.33985803E-04	-3.29295610E-04	-7.82165067E-04	 2.16673505E-04	 1.22852278E-07	-3.25305045E-07	-2.42581162E-06	-5.58048424E-06	-7.51399799E-06	-1.95411862E-06	 5.98401733E-05	 1.06675972E-04	-2.03694342E-04	 1.61136452E-05
 9.780000E-01	-7.20931194E-07	-2.34832616E-06	-1.65908194E-06	 9.58560362E-06	 4.18328720E-05	 1.10654401E-04	 1.30814970E-04	-3.11519806E-04	-7.45401362E-04	 1.98381355E-04	 1.30214489E-07	-2.92693188E-07	-2.32268017E-06	-5.39714437E-06	-7.36768336E-06	-2.18569942E-06	 5.71888679E-05	 1.01845608E-04	-1.93513158E-04	 1.54839185E-05
 9.790000E-01	-6.98716723E-07	-2.32046433E-06	-1.78839369E-06	 8.87782522E-06	 3.98820740E-05	 1.06627510E-04	 1.27442481E-04	-2.94239902E-04	-7.09271905E-04	 1.81202645E-04	 1.33149190E-07	-2.66719260E-07	-2.22512586E-06	-5.20984561E-06	-7.18951436E-06	-2.33546756E-06	 5.46528713E-05	 9.71209107E-05	-1.83658480E-04	 1.46041879E-05
 9.800000E-01	-6.75185530E-07	-2.29081270E-06	-1.91708895E-06	 8.15941388E-06	 3.78909667E-05	 1.02504037E-04	 1.23941720E-04	-2.77115894E-04	-6.73409124E-04	 1.64699865E-04	 1.41921704E-07	-2.31915149E-07	-2.11635065E-06	-5.01533327E-06	-7.02353536E-06	-2.54101100E-06	 5.19999120E-05	 9.23490560E-05	-1.73883453E-04	 1.39038746E-05
 9.810000E-01	-6.49093366E-07	-2.24668939E-06	-2.01002369E-06	 7.49725702E-06	 3.59500695E-05	 9.83390274E-05	 1.20199372E-04	-2.60536881E-04	-6.38186652E-04	 1.49318752E-04	 1.42429369E-07	-2.08040561E-07	-2.01475132E-06	-4.81018265E-06	-6.80391014E-06	-2.62382841E-06	 4.95114439E-05	 8.77071691E-05	-1.64459262E-04	 1.28393148E-05
 9.820000E-01	-6.23245030E-07	-2.20576276E-06	-2.11205437E-06	 6.81105306E-06	 3.39570068E-05	 9.40758598E-05	 1.16359647E-04	-2.43996734E-04	-6.03090817E-04	 1.34410491E-04	 1.52731925E-07	-1.71141546E-07	-1.90085136E-06	-4.60546799E-06	-6.61847816E-06	-2.80098185E-06	 4.68566113E-05	 8.29962885E-05	-1.55018221E-04	 1.20772219E-05
 9.830000E-01	-5.93105245E-07	-2.14396250E-06	-2.16489657E-06	 6.19996504E-06	 3.20295341E-05	 8.97640284E-05	 1.12231586E-04	-2.28061402E-04	-5.68652207E-04	 1.20660206E-04	 1.50132980E-07	-1.50070931E-07	-1.79528707E-06	-4.38094930E-06	-6.35292578E-06	-2.80955494E-06	 4.44177169E-05	 7.84377109E-05	-1.45964281E-04	 1.08304773E-05
 9.840000E-01	-5.65393279E-07	-2.09162483E-06	-2.23835896E-06	 5.54994732E-06	 3.00390851E-05	 8.53578933E-05	 1.08044537E-04	-2.12041358E-04	-5.34199103E-04	 1.07171128E-04	 1.61996318E-07	-1.11421262E-07	-1.67713736E-06	-4.16749474E-06	-6.14855432E-06	-2.95533419E-06	 4.17619155E-05	 7.37920734E-05	-1.36790350E-04	 1.00176536E-05
 9.850000E-01	-5.31028087E-07	-2.01084433E-06	-2.24753881E-06	 4.99503821E-06	 2.81279755E-05	 8.08899465E-05	 1.03514353E-04	-1.96686128E-04	-5.00410002E-04	 9.48888227E-05	 1.55649618E-07	-9.37946817E-08	-1.56789912E-06	-3.92300890E-06	-5.83432888E-06	-2.88451487E-06	 3.93709597E-05	 6.93172927E-05	-1.28037765E-04	 8.59475347E-06
 9.860000E-01	-5.01952245E-07	-1.94673985E-06	-2.28987785E-06	 4.38543069E-06	 2.61429062E-05	 7.63324136E-05	 9.89650071E-05	-1.81116494E-04	-4.66452661E-04	 8.26594226E-05	 1.68934286E-07	-5.40461471E-08	-1.44676678E-06	-3.70278275E-06	-5.61259838E-06	-2.99827268E-06	 3.67107189E-05	 6.47413833E-05	-1.19050099E-04	 7.74098914E-06
 9.870000E-01	-4.63120562E-07	-1.84559227E-06	-2.25186081E-06	 3.89161992E-06	 2.42503093E-05	 7.16959663E-05	 9.40096562E-05	-1.66280730E-04	-4.33163152E-04	 7.17104622E-05	 1.58399475E-07	-4.00925885E-08	-1.33390938E-06	-3.43841346E-06	-5.24875969E-06	-2.84662833E-06	 3.43579572E-05	 6.03389703E-05	-1.10527744E-04	 6.16925910E-06
 9.880000E-01	-4.33418101E-07	-1.76928595E-06	-2.25916015E-06	 3.33030578E-06	 2.22812589E-05	 6.69925240E-05	 8.90904927E-05	-1.51141926E-04	-3.99629571E-04	 6.06571704E-05	 1.72747101E-07	-3.91275050E-10	-1.21134092E-06	-3.21245146E-06	-5.00765394E-06	-2.91986024E-06	 3.17027676E-05	 5.58268061E-05	-1.01710160E-04	 5.30834354E-06
 9.890000E-01	-3.90602833E-07	-1.64792058E-06	-2.17262622E-06	 2.90213404E-06	 2.04175519E-05	 6.22009807E-05	 8.37252855E-05	-1.36795741E-04	-3.66798158E-04	 5.09485231E-05	 1.57517123E-07	 9.29249013E-09	-1.09607532E-06	-2.93078386E-06	-4.59486601E-06	-2.68125744E-06	 2.94011474E-05	 5.14993164E-05	-9.34160064E-05	 3.63507534E-06
 9.900000E-01	-3.60821053E-07	-1.55943028E-06	-2.14261790E-06	 2.39244205E-06	 1.84648736E-05	 5.73440092E-05	 7.84388584E-05	-1.22000831E-04	-3.33558407E-04	 4.09303266E-05	 1.72253471E-07	 4.69625458E-08	-9.75317310E-07	-2.70277214E-06	-4.33810138E-06	-2.71655280E-06	 2.67580694E-05	 4.70891763E-05	-8.46839262E-05	 2.74561715E-06
 9.910000E-01	-3.13073654E-07	-1.41601224E-06	-2.00599105E-06	 2.02668317E-06	 1.66112639E-05	 5.23385563E-05	 7.26004003E-05	-1.07955889E-04	-3.00800748E-04	 3.22201356E-05	 1.53050666E-07	 5.32506844E-08	-8.57430070E-07	-2.40783663E-06	-3.88975674E-06	-2.42267981E-06	 2.44431990E-05	 4.28389013E-05	-7.63624244E-05	 9.59255056E-07
 9.920000E-01	-2.81147255E-07	-1.30945070E-06	-1.92651494E-06	 1.58477386E-06	 1.46799165E-05	 4.72790748E-05	 6.68273047E-05	-9.34603938E-05	-2.67553362E-04	 2.31692084E-05	 1.68254495E-07	 8.90543554E-08	-7.36385360E-07	-2.17039412E-06	-3.60660161E-06	-2.41944379E-06	 2.17564239E-05	 3.84567264E-05	-6.75776788E-05	 6.47539067E-08
 9.930000E-01	-2.30475061E-07	-1.14496169E-06	-1.73568462E-06	 1.30247276E-06	 1.28939176E-05	 4.21551499E-05	 6.05702272E-05	-7.99015756E-05	-2.35158703E-04	 1.56438756E-05	 1.45887758E-07	 9.20562780E-08	-6.15389313E-07	-1.85687579E-06	-3.10389381E-06	-2.02026528E-06	 1.94894607E-05	 3.41862107E-05	-5.95505750E-05	-1.60584787E-06
 9.940000E-01	-2.02164527E-07	-1.02747871E-06	-1.61318845E-06	 9.40357245E-07	 1.10507773E-05	 3.70711268E-05	 5.45814578E-05	-6.58611352E-05	-2.02610111E-04	 7.76834048E-06	 1.57534274E-07	 1.19487857E-07	-5.02203488E-07	-1.61263701E-06	-2.77204506E-06	-1.88954594E-06	 1.69811690E-05	 2.99542745E-05	-5.12456904E-05	-2.43964711E-06
 9.950000E-01	-1.57005543E-07	-8.59487603E-07	-1.39906183E-06	 6.91317148E-07	 9.26330791E-06	 3.17889103E-05	 4.80883248E-05	-5.22003306E-05	-1.70157913E-04	 8.74205952E-07	 1.32211438E-07	 1.14364354E-07	-3.91382486E-07	-1.30648389E-06	-2.26736452E-06	-1.45510587E-06	 1.47906459E-05	 2.60060808E-05	-4.30673561E-05	-4.25961233E-06
 9.960000E-01	-1.37297515E-07	-7.38189054E-07	-1.25488357E-06	 3.38768051E-07	 7.31133065E-06	 2.62273639E-05	 4.14203422E-05	-3.76061133E-05	-1.36122206E-04	-6.64939113E-06	 1.35497219E-07	 1.28391504E-07	-2.88963628E-07	-1.06789344E-06	-1.93953582E-06	-1.36747288E-06	 1.20931868E-05	 2.20740781E-05	-3.35956694E-05	-5.51012807E-06
 9.970000E-01	-1.11962059E-07	-5.95804018E-07	-1.06685470E-06	 2.62917984E-08	 5.31652721E-06	 2.03554244E-05	 3.40559036E-05	-2.35763204E-05	-1.01826757E-04	-1.25825058E-05	 1.03476442E-07	 1.05942328E-07	-2.02677182E-07	-7.91390082E-07	-1.47904280E-06	-1.02195258E-06	 9.62242160E-06	 1.81371159E-05	-2.43771710E-05	-7.02411056E-06
 9.980000E-01	-9.80817399E-08	-4.90700193E-07	-9.64534210E-07	-4.58764473E-07	 3.01169742E-06	 1.39973008E-05	 2.62293559E-05	-9.54603304E-06	-6.68565164E-05	-1.73648786E-05	 8.85456264E-08	 8.74507673E-08	-1.44332559E-07	-6.15913149E-07	-1.21824670E-06	-9.72292121E-07	 6.87003589E-06	 1.42305301E-05	-1.49308502E-05	-7.53779599E-06
 9.990000E-01	-1.56869666E-08	-2.65576589E-07	-6.79434955E-07	-7.89253847E-07	 5.06706654E-07	 6.42681285E-06	 1.57332922E-05	 1.92888758E-06	-3.07518315E-05	-1.76257350E-05	 6.12475092E-08	 6.75674695E-08	-6.02473248E-08	-3.80018646E-07	-9.03207499E-07	-1.06111298E-06	 3.50562776E-06	 9.53814672E-06	-5.39034844E-06	-6.92825135E-06
 1.000000E+00	 0.00000000E+00	 0.00000000E+00	 0.00000000E+00	 0.00000000E+00	 0.00000000E+00	 0.00000000E+00	 0.00000000E+00	 0.00000000E+00	 0.00000000E+00	 0.00000000E+00	 0.00000000E+00	 0.00000000E+00	 0.00000000E+00	 0.00000000E+00	 0.00000000E+00	 0.00000000E+00	 0.00000000E+00	 0.00000000E+00	 0.00000000E+00	 0.00000000E+00
