r	R  6/ 3	R  7/ 3	R  8/ 3	R  9/ 3	R 10/ 3	R 11/ 3	R 12/ 3	R 13/ 3	R 14/ 3	R 15/ 3	I  6/ 3	I  7/ 3	I  8/ 3	I  9/ 3	I 10/ 3	I 11/ 3	I 12/ 3	I 13/ 3	I 14/ 3	I 15/ 3
 0.000000E+00	 0.00000000E+00	 0.00000000E+00	 0.00000000E+00	 0.00000000E+00	 0.00000000E+00	 0.00000000E+00	 0.00000000E+00	 0.00000000E+00	 0.00000000E+00	 0.00000000E+00	 0.00000000E+00	 0.00000000E+00	 0.00000000E+00	 0.00000000E+00	 0.00000000E+00	 0.00000000E+00	 0.00000000E+00	 0.00000000E+00	 0.00000000E+00	 0.00000000E+00
 1.000000E-03	-1.54317837E-08	 2.81202439E-09	 2.24942555E-08	 7.20212726E-10	 8.64331010E-11	 2.60462432E-10	 1.09298703E-09	 5.04940520E-11	 1.99248479E-10	 2.76631473E-11	-2.22688579E-09	 3.95793321E-09	 5.38423782E-09	 2.25992666E-09	-7.38535201E-10	-1.07198660E-09	 4.86141952E-10	 1.95265993E-10	 4.98877752E-11	 4.64799741E-11
 2.000000E-03	-4.60544714E-08	-1.58567659E-09	 8.24784751E-08	 1.50145551E-08	 2.31436438E-09	 3.15183894E-10	 9.18237404E-10	-6.13832274E-12	 9.97989968E-11	 3.76694514E-12	-2.11665194E-09	 1.65857305E-09	 1.83298435E-10	 1.47253258E-08	 6.46534278E-09	-3.54787344E-10	 9.31428403E-10	 2.39119877E-10	 2.85861015E-11	 1.96762200E-11
 3.000000E-03	-9.44879069E-08	-1.48236854E-08	 1.69263823E-07	 4.93455700E-08	 2.36178221E-08	-4.40178153E-09	-2.94359609E-09	-1.39553507E-10	 1.02482468E-10	-3.23183450E-12	-3.13624355E-09	-4.70737185E-10	-1.67236626E-08	 2.60445048E-08	 3.52645571E-08	 4.66568131E-09	-6.51979537E-10	-9.92565401E-11	 2.30570603E-11	 1.55153970E-11
 4.000000E-03	-1.57055075E-07	-4.03552165E-08	 2.71594564E-07	 1.09302256E-07	 8.77622866E-08	-1.67960363E-08	-1.27896990E-08	 9.04226841E-11	 2.85236499E-10	 9.27807577E-12	-9.89283212E-09	-2.68152620E-09	-4.53694201E-08	 3.26231127E-08	 9.47237572E-08	 1.92050311E-08	-5.36451518E-09	-1.28702081E-09	 8.06419967E-12	 1.13496333E-11
 5.000000E-03	-2.24004983E-07	-8.17280263E-08	 3.76777191E-07	 2.02392069E-07	 2.21766837E-07	-3.68392723E-08	-3.10252655E-08	 5.97965062E-10	 6.37930783E-10	 3.57568408E-11	-3.25899437E-08	-6.22850466E-09	-8.26698133E-08	 3.23810965E-08	 1.86672350E-07	 4.71108909E-08	-1.34830708E-08	-3.78549196E-09	-4.24134593E-11	 4.91238470E-12
 6.000000E-03	-2.75716035E-07	-1.41189058E-07	 4.72427994E-07	 3.36604256E-07	 4.52812911E-07	-6.35749502E-08	-6.01508719E-08	 1.09350670E-09	 1.14176565E-09	 7.59670662E-11	-9.10644360E-08	-1.49399541E-08	-1.23409625E-07	 2.34059067E-08	 3.04113319E-07	 8.97874021E-08	-2.44418413E-08	-7.78754543E-09	-1.43100832E-10	-3.64168664E-12
 7.000000E-03	-2.77447988E-07	-2.18537978E-07	 5.46150668E-07	 5.20188756E-07	 8.05361109E-07	-9.67172990E-08	-1.02580323E-07	 1.27250422E-09	 1.78373913E-09	 1.31836899E-10	-2.19760527E-07	-3.78039658E-08	-1.63687831E-07	 3.65037845E-09	 4.32649603E-07	 1.47072666E-07	-3.68035738E-08	-1.32621989E-08	-3.02822027E-10	-1.45876958E-11
 8.000000E-03	-1.72835946E-07	-3.09579399E-07	 5.83585073E-07	 7.61566422E-07	 1.30030062E-06	-1.37210251E-07	-1.60485801E-07	 8.99400471E-10	 2.55910346E-09	 2.06078870E-10	-4.73652693E-07	-9.25109690E-08	-2.05500883E-07	-2.93036063E-08	 5.53482890E-07	 2.18384692E-07	-4.83064037E-08	-2.00344989E-08	-5.29032760E-10	-2.87378610E-11
 9.000000E-03	 1.23871605E-07	-4.03907813E-07	 5.65461564E-07	 1.06925069E-06	 1.95596494E-06	-1.87200612E-07	-2.35721293E-07	-1.63898110E-10	 3.47078301E-09	 3.01799235E-10	-9.35048874E-07	-2.10226659E-07	-2.62556575E-07	-7.85038341E-08	 6.46045064E-07	 3.03529658E-07	-5.59410730E-08	-2.78542544E-08	-8.31034197E-10	-4.73336180E-11
 1.000000E-02	 7.36855382E-07	-4.81861793E-07	 4.63948291E-07	 1.45175045E-06	 2.78999965E-06	-2.49806333E-07	-3.29825948E-07	-1.95856810E-09	 4.52801286E-09	 4.22486945E-10	-1.72118147E-06	-4.41860450E-07	-3.68201179E-07	-1.48028596E-07	 6.89483423E-07	 4.03129348E-07	-5.60052524E-08	-3.64410953E-08	-1.22207822E-09	-7.19346609E-11
 1.100000E-02	 1.83907756E-06	-5.10506214E-07	 2.38193654E-07	 1.91741417E-06	 3.82133379E-06	-3.28875119E-07	-4.44079286E-07	-4.44101408E-09	 5.74499353E-09	 5.72064130E-10	-2.99247803E-06	-8.66066706E-07	-5.86563396E-07	-2.43633651E-07	 6.63112189E-07	 5.18770106E-07	-4.40986295E-08	-4.55052978E-08	-1.72053387E-09	-1.04490671E-10
 1.200000E-02	 3.66398651E-06	-4.38490429E-07	-1.71205501E-07	 2.47418062E-06	 5.07200919E-06	-4.28804992E-07	-5.79574190E-07	-7.49648679E-09	 7.13988497E-09	 7.54992783E-10	-4.96138972E-06	-1.59919314E-06	-1.02801961E-06	-3.73754211E-07	 5.46227729E-07	 6.52985392E-07	-1.50499229E-08	-5.47486576E-08	-2.35048588E-09	-1.47243828E-10
 1.300000E-02	 6.51860188E-06	-1.89614444E-07	-8.49091870E-07	 3.12920629E-06	 6.56898522E-06	-5.54428917E-07	-7.37284227E-07	-1.09485938E-08	 8.73420865E-09	 9.76418301E-10	-7.90164081E-06	-2.80737593E-06	-1.87007804E-06	-5.50992412E-07	 3.17634226E-07	 8.09154444E-07	 3.72135382E-08	-6.38500952E-08	-3.14178503E-09	-2.02921585E-10
 1.400000E-02	 1.07980154E-05	 3.45087780E-07	-1.91420934E-06	 3.88834319E-06	 8.34622242E-06	-7.10929691E-07	-9.18115872E-07	-1.45627927E-08	 1.05527993E-08	 1.24222245E-09	-1.21577489E-05	-4.72097275E-06	-3.38482183E-06	-7.94247786E-07	-4.49153227E-08	 9.91367739E-07	 1.19837765E-07	-7.24411068E-08	-4.12992915E-09	-2.74553141E-10
 1.500000E-02	 1.70013415E-05	 1.31696137E-06	-3.52936709E-06	 4.75544496E-06	 1.04474301E-05	-9.03735605E-07	-1.12294606E-06	-1.80438076E-08	 1.26240067E-08	 1.55930638E-09	-1.81546518E-05	-7.65151770E-06	-5.97413341E-06	-1.13167805E-06	-5.65277757E-07	 1.20428028E-06	 2.41240208E-07	-8.00736337E-08	-5.35555426E-09	-3.65715735E-10
 1.600000E-02	 2.57491467E-05	 2.93127539E-06	-5.91333680E-06	 5.73148819E-06	 1.29299052E-05	-1.13833977E-06	-1.35265130E-06	-2.10280303E-08	 1.49805681E-08	 1.93555838E-09	-2.64072645E-05	-1.20113740E-05	-1.02140235E-05	-1.60470615E-06	-1.26945658E-06	 1.45296106E-06	 4.11325699E-07	-8.61834906E-08	-6.86386100E-09	-4.80291102E-10
 1.700000E-02	 3.78023823E-05	 5.46095919E-06	-9.35440519E-06	 6.81350811E-06	 1.58699369E-05	-1.41997815E-06	-1.60813414E-06	-2.30728203E-08	 1.76603854E-08	 2.38028099E-09	-3.75297742E-05	-1.83362508E-05	-1.69094947E-05	-2.27332179E-06	-2.18612075E-06	 1.74273341E-06	 6.41713950E-07	-9.00489254E-08	-8.70368915E-09	-6.22645398E-10
 1.800000E-02	 5.40828409E-05	 9.26281539E-06	-1.42253830E-05	 7.99336646E-06	 1.93703097E-05	-1.75309465E-06	-1.89035499E-06	-2.36436280E-08	 2.07081444E-08	 2.90419909E-09	-5.22444739E-05	-2.73107381E-05	-2.71614735E-05	-3.22295336E-06	-3.34709863E-06	 2.07900676E-06	 9.45979219E-07	-9.07459324E-08	-1.09263212E-08	-7.97443143E-10
 1.900000E-02	 7.56951460E-05	 1.47965223E-05	-2.09997315E-05	 9.25639255E-06	 2.35705291E-05	-2.14050379E-06	-2.20037044E-06	-2.21015961E-08	 2.41765113E-08	 3.51980275E-09	-7.13899178E-05	-3.97970011E-05	-4.24474431E-05	-4.57322042E-06	-4.78782632E-06	 2.46709240E-06	 1.33990079E-06	-8.70982977E-08	-1.35840462E-08	-1.00959693E-09
 2.000000E-02	 1.03950442E-04	 2.26468448E-05	-3.02682676E-05	 1.05799846E-05	 2.86604989E-05	-2.58214754E-06	-2.53938435E-06	-1.76911949E-08	 2.81281995E-08	 4.24181233E-09	-9.59281815E-05	-5.68667723E-05	-6.47175314E-05	-6.48891820E-06	-6.54771701E-06	 2.91200590E-06	 1.84172594E-06	-7.76235843E-08	-1.67279731E-08	-1.26423298E-09
 2.100000E-02	 1.40392042E-04	 3.35495987E-05	-4.27556662E-05	 1.19323314E-05	 3.48985739E-05	-3.07328247E-06	-2.90879924E-06	-9.52890586E-09	 3.26377288E-08	 5.08688178E-09	-1.26950991E-04	-7.98367627E-05	-9.65079066E-05	-9.19363323E-06	-8.67036153E-06	 3.41825161E-06	 2.47244981E-06	-6.04728747E-08	-2.04058403E-08	-1.56632590E-09
 2.200000E-02	 1.86821027E-04	 4.84208045E-05	-5.93363720E-05	 1.32711998E-05	 4.26349161E-05	-3.60198942E-06	-3.31028406E-06	 3.40300471E-09	 3.77934373E-08	 6.07526203E-09	-1.65684441E-04	-1.10307417E-04	-1.41073023E-04	-1.29861737E-05	-1.12030623E-05	 3.98965243E-06	 3.25614611E-06	-3.33616057E-08	-2.46584053E-08	-1.92070218E-09
 2.300000E-02	 2.45324714E-04	 6.83908128E-05	-8.10479758E-05	 1.45433081E-05	 5.23413012E-05	-4.14577835E-06	-3.74584993E-06	 2.22575060E-08	 4.36996744E-08	 7.22902566E-09	-2.13492109E-04	-1.50205287E-04	-2.02539030E-04	-1.82604737E-05	-1.41958135E-05	 4.62921873E-06	 4.22030470E-06	 6.50848849E-09	-2.95160693E-08	-2.33157427E-09
 2.400000E-02	 3.18306311E-04	 9.48432120E-05	-1.09101134E-04	 1.56844002E-05	 6.46487620E-05	-4.66706556E-06	-4.21792212E-06	 4.83193855E-08	 5.04781392E-08	 8.57585676E-09	-2.71876267E-04	-2.01828923E-04	-2.86080104E-04	-2.55292572E-05	-1.76992189E-05	 5.33910460E-06	 5.39620915E-06	 6.25360238E-08	-3.49932528E-08	-2.80197371E-09
 2.500000E-02	 4.08515739E-04	 1.29459028E-04	-1.44884274E-04	 1.66203843E-05	 8.03945779E-05	-5.10724121E-06	-4.72939814E-06	 8.29956124E-08	 5.82704625E-08	 1.01450090E-08	-3.42476934E-04	-2.67898261E-04	-3.98119631E-04	-3.54518701E-05	-2.17607838E-05	 6.12072974E-06	 6.81937992E-06	 1.38817339E-07	-4.10833938E-08	-3.33383033E-09
 2.600000E-02	 5.19081804E-04	 1.74266905E-04	-1.89960960E-04	 1.72700090E-05	 1.00680317E-04	-5.37902583E-06	-5.28369127E-06	 1.27793747E-07	 6.72380915E-08	 1.19738149E-08	-4.27068504E-04	-3.51607481E-04	-5.46558212E-04	-4.88667009E-05	-2.64189703E-05	 6.97515088E-06	 8.53007922E-06	 2.40260820E-07	-4.77512436E-08	-3.92569785E-09
 2.700000E-02	 6.53545535E-04	 2.31699848E-04	-2.46057540E-04	 1.75496193E-05	 1.26942909E-04	-5.35671987E-06	-5.88473732E-06	 1.84295339E-07	 7.75644948E-08	 1.41012995E-08	-5.27553672E-04	-4.56681198E-04	-7.41030364E-04	-6.68285789E-05	-3.16941078E-05	 7.90380660E-06	 1.05739199E-05	 3.72713882E-07	-5.49247417E-08	-4.57451606E-09
 2.800000E-02	 8.15894564E-04	 3.04659186E-04	-3.15038273E-04	 1.73806336E-05	 1.61040926E-04	-4.86390333E-06	-6.53694680E-06	 2.54112507E-07	 8.94531071E-08	 1.65769432E-08	-6.45954384E-04	-5.87433840E-04	-9.93191675E-04	-9.06514824E-05	-3.75749629E-05	 8.90977952E-06	 1.30025950E-05	 5.43113353E-07	-6.24856439E-08	-5.26977073E-09
 2.900000E-02	 1.01059839E-03	 3.96586444E-04	-3.98864716E-04	 1.67005204E-05	 2.05358458E-04	-3.65801922E-06	-7.24509199E-06	 3.38849140E-07	 1.03128393E-07	 1.94533277E-08	-7.84399539E-04	-7.48831934E-04	-1.31703795E-03	-1.21956808E-04	-4.39991087E-05	 9.99985673E-06	 1.58748380E-05	 7.59662579E-07	-7.02555280E-08	-5.99847613E-09
 3.000000E-02	 1.24264240E-03	 5.11542490E-04	-4.99536670E-04	 1.54776028E-05	 2.62928413E-04	-1.41154133E-06	-8.01418727E-06	 4.40004292E-07	 1.18830601E-07	 2.27951397E-08	-9.45109153E-04	-9.46558759E-04	-1.72925690E-03	-1.62726812E-04	-5.08239344E-05	 1.11878636E-05	 1.92577625E-05	 1.03206687E-06	-7.79835440E-08	-6.73311303E-09
 3.100000E-02	 1.51755886E-03	 6.54293160E-04	-6.19011898E-04	 1.37298559E-05	 3.37576426E-04	 2.30983467E-06	-8.84956741E-06	 5.58743706E-07	 1.36802299E-07	 2.66736948E-08	-1.13037485E-03	-1.18708090E-03	-2.24961316E-03	-2.15362992E-04	-5.77867487E-05	 1.24995925E-05	 2.32283993E-05	 1.37179601E-06	-8.53282224E-08	-7.44252431E-09
 3.200000E-02	 1.84147640E-03	 8.30418345E-04	-7.59089396E-04	 1.15555058E-05	 4.34094561E-04	 8.07562417E-06	-9.75612843E-06	 6.95871458E-07	 1.57288473E-07	 3.11725494E-08	-1.34253610E-03	-1.47771863E-03	-2.90137602E-03	-2.82755732E-04	-6.44649792E-05	 1.39786596E-05	 2.78740190E-05	 1.79234525E-06	-9.18364602E-08	-8.06872181E-09
 3.300000E-02	 2.22115035E-03	 1.04641893E-03	-9.21268662E-04	 9.16595945E-06	 5.58441903E-04	 1.66238575E-05	-1.07378165E-05	 8.51733569E-07	 1.80518170E-07	 3.63895535E-08	-1.58395238E-03	-1.82671538E-03	-3.71177752E-03	-3.68354665E-04	-7.02106562E-05	 1.56950087E-05	 3.32947896E-05	 2.30949163E-06	-9.69202246E-08	-8.54569732E-09
 3.400000E-02	 2.66399786E-03	 1.30983901E-03	-1.10656804E-03	 6.92924055E-06	 7.17976374E-04	 2.89001584E-05	-1.17971024E-05	 1.02590990E-06	 2.06692342E-07	 4.24322787E-08	-1.85697074E-03	-2.24330840E-03	-4.71250850E-03	-4.76245833E-04	-7.40674265E-05	 1.77566485E-05	 3.96065119E-05	 2.94174193E-06	-9.98434689E-08	-8.76080764E-09
 3.500000E-02	 3.17813433E-03	 1.62940246E-03	-1.31529755E-03	 5.42483509E-06	 9.21722787E-04	 4.61040416E-05	-1.29341778E-05	 1.21694887E-06	 2.35944185E-07	 4.94347216E-08	-2.16388865E-03	-2.73779927E-03	-5.94025204E-03	-6.11234717E-04	-7.46669565E-05	 2.03249279E-05	 4.69435504E-05	 3.71082172E-06	-9.96704324E-08	-8.58965299E-09
 3.600000E-02	 3.77240802E-03	 2.01516282E-03	-1.54678097E-03	 5.51064162E-06	 1.18068032E-03	 6.97433235E-05	-1.41458603E-05	 1.42201361E-06	 2.68323194E-07	 5.75347162E-08	-2.50691193E-03	-3.32162317E-03	-7.43725267E-03	-7.78933575E-04	-7.00977691E-05	 2.36342536E-05	 5.54625688E-05	 4.64222642E-06	-9.52505447E-08	-7.82302282E-09
 3.700000E-02	 4.45643321E-03	 2.47866807E-03	-1.79901962E-03	 8.40414164E-06	 1.50817292E-03	 1.01697383E-04	-1.54243485E-05	 1.63651407E-06	 3.03726398E-07	 6.69146422E-08	-2.88810755E-03	-4.00741593E-03	-9.25192012E-03	-9.85852358E-04	-5.77407853E-05	 2.80173451E-05	 6.53471198E-05	 5.76586648E-06	-8.51572884E-08	-6.23758159E-09
 3.800000E-02	 5.24062158E-03	 3.03314132E-03	-2.06828988E-03	 1.57797969E-05	 1.92024669E-03	 1.44290663E-04	-1.67556798E-05	 1.85360869E-06	 3.41873414E-07	 7.77508152E-08	-3.30935119E-03	-4.80907747E-03	-1.14394653E-02	-1.23949194E-03	-3.40640923E-05	 3.39372905E-05	 7.68135135E-05	 7.11687138E-06	-6.76626781E-08	-3.45575839E-09
 3.900000E-02	 6.13621132E-03	 3.69367817E-03	-2.34866664E-03	 2.98845752E-05	 2.43611702E-03	 2.00377523E-04	-1.81180785E-05	 2.06372836E-06	 3.82210034E-07	 9.02890162E-08	-3.77226944E-03	-5.74183020E-03	-1.40625647E-02	-1.54843771E-03	 5.63334561E-06	 4.20282346E-05	 9.01183102E-05	 8.73656628E-06	-4.06553454E-08	 9.11419043E-10
 4.000000E-02	 7.15529028E-03	 4.47745848E-03	-2.63146803E-03	 5.36704619E-05	 3.07866251E-03	 2.73437204E-04	-1.94810922E-05	 2.25358328E-06	 4.23838402E-07	 1.04752549E-07	-4.27817644E-03	-6.82227010E-03	-1.71920460E-02	-1.92244859E-03	 6.75456645E-05	 5.31474580E-05	 1.05568859E-04	 1.06738534E-05	-1.58018436E-09	 7.52795830E-09
 4.100000E-02	 8.31081412E-03	 5.40397329E-03	-2.90461475E-03	 9.09441773E-05	 3.87496345E-03	 3.67673306E-04	-2.08061255E-05	 2.40412774E-06	 4.65289703E-07	 1.21465013E-07	-4.82800527E-03	-8.06840916E-03	-2.09075926E-02	-2.37254062E-03	 1.59748423E-04	 6.84380524E-05	 1.23533916E-04	 1.29863717E-05	 5.25846835E-08	 1.70539942E-08
 4.200000E-02	 9.61665717E-03	 6.49531151E-03	-3.15185020E-03	 1.46574198E-04	 4.85694390E-03	 4.88144147E-04	-2.20394392E-05	 2.49066223E-06	 5.04512083E-07	 1.40699470E-07	-5.42223199E-03	-9.49971381E-03	-2.52984955E-02	-2.91109385E-03	 2.92576766E-04	 8.94029211E-05	 1.44444878E-04	 1.57421624E-05	 1.25533623E-07	 3.06195069E-08
 4.300000E-02	 1.10875983E-02	 7.77640861E-03	-3.35189526E-03	 2.26685636E-04	 6.06204187E-03	 6.40900059E-04	-2.31119008E-05	 2.48193371E-06	 5.38659017E-07	 1.62877709E-07	-6.06079763E-03	-1.11371226E-02	-3.04643748E-02	-3.55191179E-03	 4.79191173E-04	 1.17995586E-04	 1.68816341E-04	 1.90206693E-05	 2.21586398E-07	 4.93586687E-08
 4.400000E-02	 1.27393326E-02	 9.27534334E-03	-3.47746513E-03	 3.38897664E-04	 7.53394262E-03	 8.33131698E-04	-2.39385930E-05	 2.33754097E-06	 5.63874405E-07	 1.88316313E-07	-6.74302262E-03	-1.30030517E-02	-3.65159116E-02	-4.31028086E-03	 7.36224749E-04	 1.56731938E-04	 1.97265365E-04	 2.29153179E-05	 3.45842938E-07	 7.51439803E-08
 4.500000E-02	 1.45884808E-02	 1.10236605E-02	-3.49414982E-03	 4.92595979E-04	 9.32338591E-03	 1.07333659E-03	-2.44170381E-05	 2.00592921E-06	 5.74977221E-07	 2.17541627E-07	-7.46751590E-03	-1.51213834E-02	-4.35755736E-02	-5.20301632E-03	 1.08453173E-03	 2.08822939E-04	 2.30530343E-04	 2.75359003E-05	 5.04261728E-07	 1.09877617E-07
 4.600000E-02	 1.66525870E-02	 1.30567126E-02	-3.35915453E-03	 6.99236386E-04	 1.14890390E-02	 1.37150344E-03	-2.44258410E-05	 1.42180276E-06	 5.65200179E-07	 2.50871788E-07	-8.23207916E-03	-1.75174334E-02	-5.17783164E-02	-6.24848336E-03	 1.55007278E-03	 2.78331835E-04	 2.69494853E-04	 3.30115266E-05	 7.03871031E-07	 1.56574885E-07
 4.700000E-02	 1.89501107E-02	 1.54140256E-02	-3.01988587E-03	 9.72683256E-04	 1.40984364E-02	 1.73931362E-03	-2.38243888E-05	 5.03626285E-07	 5.25711330E-07	 2.88916796E-07	-9.03360610E-03	-2.02178935E-02	-6.12722475E-02	-7.46658994E-03	 2.16495730E-03	 3.70360252E-04	 3.15215602E-04	 3.94936230E-05	 9.52758219E-07	 2.18390447E-07
 4.800000E-02	 2.15004105E-02	 1.81396873E-02	-2.41237404E-03	 1.32958447E-03	 1.72289814E-02	 2.19036300E-03	-2.24532528E-05	-8.49785683E-07	 4.45370599E-07	 3.31906459E-07	-9.86797706E-03	-2.32507463E-02	-7.22192351E-02	-8.87874368E-03	 2.96867291E-03	 4.91267627E-04	 3.68958031E-04	 4.71600100E-05	 1.26042477E-06	 3.00070940E-07
 4.900000E-02	 2.43237200E-02	 2.12827600E-02	-1.45952325E-03	 1.78978171E-03	 2.09689943E-02	 2.74040388E-03	-2.01389924E-05	-2.76230454E-06	 3.09958779E-07	 3.80465157E-07	-1.07299492E-02	-2.66451467E-02	-8.47954363E-02	-1.05077629E-02	 4.00955025E-03	 6.48935129E-04	 4.32241320E-04	 5.62201829E-05	 1.63776187E-06	 4.06757528E-07
 5.000000E-02	 2.74410914E-02	 2.48976853E-02	-6.92190633E-05	 2.37672670E-03	 2.54187271E-02	 3.40758084E-03	-1.67127276E-05	-5.38903088E-06	 1.01775187E-07	 4.34527140E-07	-1.16130446E-02	-3.04312627E-02	-9.91916981E-02	-1.23777127E-02	 5.34655081E-03	 8.53079792E-04	 5.06902798E-04	 6.69222201E-05	 2.09778538E-06	 5.45811625E-07
 5.100000E-02	 3.08743009E-02	 2.90446762E-02	 1.86770326E-03	 3.11789830E-03	 3.06913331E-02	 4.21261109E-03	-1.20446661E-05	-8.93392317E-06	-2.02769733E-07	 4.94504906E-07	-1.25094404E-02	-3.46400770E-02	-1.15613836E-01	-1.45136769E-02	 7.05124534E-03	 1.11559418E-03	 5.95142835E-04	 7.95550628E-05	 2.65431333E-06	 7.25356917E-07
 5.200000E-02	 3.46459557E-02	 3.37904007E-02	 4.48000231E-03	 4.04552760E-03	 3.69144109E-02	 5.17916073E-03	-5.98257365E-06	-1.36406382E-05	-6.31827517E-07	 5.59733067E-07	-1.34098338E-02	-3.93031715E-02	-1.34283037E-01	-1.69416641E-02	 9.20926374E-03	 1.45095289E-03	 6.99476474E-04	 9.44576334E-05	 3.32461852E-06	 9.56590565E-07
 5.300000E-02	 3.87793376E-02	 3.92083673E-02	 7.91843947E-03	 5.19703361E-03	 4.42310560E-02	 6.33413809E-03	 1.59909153E-06	-1.97979505E-05	-1.22021343E-06	 6.29974053E-07	-1.43033280E-02	-4.44524229E-02	-1.55435808E-01	-1.96881766E-02	 1.19230759E-02	 1.87664895E-03	 8.22872439E-04	 1.12019052E-04	 4.12731091E-06	 1.25230994E-06
 5.400000E-02	 4.32983193E-02	 4.53794358E-02	 1.23584953E-02	 6.61559919E-03	 5.28009559E-02	 7.70795400E-03	 1.07611932E-05	-2.77591437E-05	-2.00986117E-06	 7.03411615E-07	-1.51773094E-02	-5.01196543E-02	-1.79323797E-01	-2.27797775E-02	 1.53148752E-02	 2.41372563E-03	 9.68844874E-04	 1.32688958E-04	 5.08355120E-06	 1.62930359E-06
 5.500000E-02	 4.82272877E-02	 5.23923705E-02	 1.80033359E-02	 8.35080488E-03	 6.28015661E-02	 9.33481274E-03	 2.14729641E-05	-3.79553170E-05	-3.05299186E-06	 7.78351654E-07	-1.60173234E-02	-5.63362271E-02	-2.06213421E-01	-2.62425811E-02	 1.95296864E-02	 3.08738093E-03	 1.14152471E-03	 1.56988090E-04	 6.21647794E-06	 2.10700210E-06
 5.600000E-02	 5.35910429E-02	 6.03443945E-02	 2.50869832E-02	 1.04592716E-02	 7.44292293E-02	 1.12530207E-02	 3.35777910E-05	-5.09080965E-05	-4.41205521E-06	 8.50841193E-07	-1.68069504E-02	-6.31325616E-02	-2.36385221E-01	-3.01016208E-02	 2.47389175E-02	 3.92764283E-03	 1.34575384E-03	 1.85517099E-04	 7.55237972E-06	 2.71015149E-06
 5.700000E-02	 5.94146840E-02	 6.93417534E-02	 3.38776997E-02	 1.30053174E-02	 8.79002021E-02	 1.35052842E-02	 4.67428197E-05	-6.72456094E-05	-6.16347876E-06	 9.16302302E-07	-1.75276829E-02	-7.05375815E-02	-2.70132910E-01	-3.43800873E-02	 3.11443864E-02	 4.97013743E-03	 1.58719173E-03	 2.18967973E-04	 9.11971302E-06	 3.46764101E-06
 5.800000E-02	 6.57234805E-02	 7.95002851E-02	 4.46815784E-02	 1.60616229E-02	 1.03451533E-01	 1.61390173E-02	 6.03939933E-05	-8.77189554E-05	-8.39770872E-06	 9.67110690E-07	-1.81588047E-02	-7.85780730E-02	-3.07762045E-01	-3.90984209E-02	 3.89829258E-02	 6.25696083E-03	 1.87245116E-03	 2.58136978E-04	 1.09502293E-05	 4.41538099E-06
 5.900000E-02	 7.25427290E-02	 9.09459840E-02	 5.78463034E-02	 1.97098702E-02	 1.21341632E-01	 1.92066261E-02	 7.36137510E-05	-1.13224547E-04	-1.12235259E-05	 9.93488784E-07	-1.86772725E-02	-8.72779484E-02	-3.49588275E-01	-4.42732270E-02	 4.85316946E-02	 7.83770322E-03	 2.20926980E-03	 3.03947248E-04	 1.30793109E-05	 5.59554608E-06
 6.000000E-02	 7.98975381E-02	 1.03815454E-01	 7.37648799E-02	 2.40411636E-02	 1.41850041E-01	 2.27656088E-02	 8.49298850E-05	-1.44853840E-04	-1.47713263E-05	 9.81494889E-07	-1.90576096E-02	-9.66573973E-02	-3.95934999E-01	-4.99159150E-02	 6.01144694E-02	 9.77059664E-03	 2.60674712E-03	 3.57468863E-04	 1.55467202E-05	 7.05953907E-06
 6.100000E-02	 8.78125686E-02	 1.18256285E-01	 9.28793834E-02	 2.91562853E-02	 1.65276676E-01	 2.68782810E-02	 9.20698147E-05	-1.83991293E-04	-1.92035087E-05	 9.12355848E-07	-1.92718175E-02	-1.06731950E-01	-4.47130663E-01	-5.60312033E-02	 7.41078675E-02	 1.21235269E-02	 3.07541828E-03	 4.19894461E-04	 1.83889072E-05	 8.86697670E-06
 6.200000E-02	 9.63122934E-02	 1.34428403E-01	 1.15686514E-01	 3.51677200E-02	 1.91944832E-01	 3.16126060E-02	 9.24127197E-05	-2.32234900E-04	-2.47077512E-05	 7.61751274E-07	-1.92891959E-02	-1.17511525E-01	-5.03506514E-01	-6.26164097E-02	 9.09444726E-02	 1.49754727E-02	 3.62686756E-03	 4.92585166E-04	 2.16518516E-05	 1.10897490E-05
 6.300000E-02	 1.05420415E-01	 1.52503955E-01	 1.42741245E-01	 4.21991631E-02	 2.22199188E-01	 3.70422564E-02	 8.25064272E-05	-2.91426474E-04	-3.15024697E-05	 4.97102836E-07	-1.90763179E-02	-1.28999219E-01	-5.65392340E-01	-6.96590171E-02	 1.11122461E-01	 1.84178840E-02	 4.27434183E-03	 5.77055881E-04	 2.53807339E-05	 1.38122698E-05
 6.400000E-02	 1.15159665E-01	 1.72667780E-01	 1.74661218E-01	 5.03858963E-02	 2.56404105E-01	 4.32463829E-02	 5.77480621E-05	-3.63752855E-04	-3.98433864E-05	 7.80001440E-08	-1.85969421E-02	-1.41190005E-01	-6.33111969E-01	-7.71346120E-02	 1.35214328E-01	 2.25562824E-02	 5.03304200E-03	 6.74995768E-04	 2.96187363E-05	 1.71337455E-05
 6.500000E-02	 1.25551616E-01	 1.95117918E-01	 2.12131376E-01	 5.98752303E-02	 2.94942103E-01	 5.03095037E-02	 1.21905921E-05	-4.51806221E-04	-5.00320742E-05	-5.49760957E-07	-1.78119290E-02	-1.54069295E-01	-7.06978157E-01	-8.50046852E-02	 1.63875808E-01	 2.75120479E-02	 5.92030798E-03	 7.88295858E-04	 3.44096314E-05	 2.11696391E-05
 6.600000E-02	 1.36616431E-01	 2.20065949E-01	 2.55908489E-01	 7.08266643E-02	 3.38211374E-01	 5.83213964E-02	-6.17381702E-05	-5.58625732E-04	-6.24189248E-05	-1.45205265E-06	-1.66791807E-02	-1.67611355E-01	-7.87286528E-01	-9.32140651E-02	 1.97856187E-01	 3.34243964E-02	 6.95591399E-03	 9.19074940E-04	 3.97941513E-05	 2.60541832E-05
 6.700000E-02	 1.48372588E-01	 2.47737235E-01	 3.06825470E-01	 8.34117865E-02	 3.86621821E-01	 6.73768977E-02	-1.73658138E-04	-6.87753056E-04	-7.74093461E-05	-2.71571988E-06	-1.51535911E-02	-1.81777534E-01	-8.74308438E-01	-1.01687992E-01	 2.38010375E-01	 4.04526701E-02	 8.16249919E-03	 1.06973029E-03	 4.58146887E-05	 3.19424273E-05
 6.800000E-02	 1.60836587E-01	 2.78370981E-01	 3.65795133E-01	 9.78137532E-02	 4.40588211E-01	 7.75756294E-02	-3.35984321E-04	-8.43293797E-04	-9.54661354E-05	-4.44449594E-06	-1.31870111E-02	-1.96514300E-01	-9.68282442E-01	-1.10328742E-01	 2.85313572E-01	 4.87792296E-02	 9.56623852E-03	 1.24304911E-03	 5.25151997E-05	 3.90129604E-05
 6.900000E-02	 1.74022593E-01	 3.12219876E-01	 4.33812347E-01	 1.14225485E-01	 5.00516885E-01	 8.90213301E-02	-5.65427824E-04	-1.03005099E-03	-1.17111305E-04	-6.77291413E-06	-1.07282419E-02	-2.11751039E-01	-1.06940410E+00	-1.19011496E-01	 3.40879087E-01	 5.86135551E-02	 1.11978982E-02	 1.44247047E-03	 5.99829694E-05	 4.74737311E-05
 7.000000E-02	 1.87941123E-01	 3.49547166E-01	 5.11950020E-01	 1.32840523E-01	 5.66774007E-01	 1.01811986E-01	-8.87630285E-04	-1.25508189E-03	-1.43091974E-04	-9.87061559E-06	-7.72329102E-03	-2.27397711E-01	-1.17781364E+00	-1.27578517E-01	 4.05979998E-01	 7.01955337E-02	 1.30940604E-02	 1.67206335E-03	 6.83386842E-05	 5.75633423E-05
 7.100000E-02	 2.02597493E-01	 3.90623881E-01	 6.01356034E-01	 1.53847370E-01	 6.39665367E-01	 1.16029204E-01	-1.33880943E-03	-1.52893401E-03	-1.74530145E-04	-1.39598004E-05	-4.11572596E-03	-2.43342785E-01	-1.29358443E+00	-1.35836699E-01	 4.82060271E-01	 8.37882826E-02	 1.52946659E-02	 1.93474764E-03	 7.74271548E-05	 6.95285800E-05
 7.200000E-02	 2.17998539E-01	 4.35745232E-01	 7.03291760E-01	 1.77471559E-01	 7.19541577E-01	 1.31773980E-01	-1.94403089E-03	-1.85934176E-03	-2.12311508E-04	-1.92923705E-05	 1.55154703E-04	-2.59451073E-01	-1.41672487E+00	-1.43568441E-01	 5.70685675E-01	 9.96852459E-02	 1.78340510E-02	 2.23360270E-03	 8.71693662E-05	 8.36662677E-05
 7.300000E-02	 2.34146368E-01	 4.85216416E-01	 8.19110005E-01	 2.03939690E-01	 8.06713417E-01	 1.49153244E-01	-2.73334923E-03	-2.25364481E-03	-2.57178052E-04	-2.61595670E-05	 5.15243389E-03	-2.75561640E-01	-1.54715866E+00	-1.50515789E-01	 6.73595599E-01	 1.18215127E-01	 2.07490146E-02	 2.57190978E-03	 9.74518686E-05	 1.00312416E-04
 7.400000E-02	 2.51038093E-01	 5.39350609E-01	 9.50248533E-01	 2.33468612E-01	 9.01401131E-01	 1.68253482E-01	-3.75050636E-03	-2.72353598E-03	-3.10310116E-04	-3.49210554E-05	 1.09416660E-02	-2.91484632E-01	-1.68471137E+00	-1.56374296E-01	 7.92716167E-01	 1.39747511E-01	 2.40792887E-02	 2.95336002E-03	 1.08176088E-04	 1.19833005E-04
 7.500000E-02	 2.68666505E-01	 5.98470947E-01	 1.09823516E+00	 2.66275307E-01	 1.00373740E+00	 1.89151722E-01	-5.04847274E-03	-3.28252504E-03	-3.73114799E-04	-4.60269483E-05	 1.75911695E-02	-3.06998108E-01	-1.82909427E+00	-1.60791645E-01	 9.30179330E-01	 1.64691526E-01	 2.78679397E-02	 3.38136481E-03	 1.19146434E-04	 1.42629372E-04
 7.600000E-02	 2.87019549E-01	 6.62908601E-01	 1.26468597E+00	 3.02571405E-01	 1.11375117E+00	 2.11911619E-01	-6.68919661E-03	-3.94608794E-03	-4.47182864E-04	-6.00088956E-05	 2.51716721E-02	-3.21845487E-01	-1.97989057E+00	-1.63364361E-01	 1.08832779E+00	 1.93498371E-01	 3.21596448E-02	 3.85893563E-03	 1.30046402E-04	 1.69137504E-04
 7.700000E-02	 3.06079947E-01	 7.33001126E-01	 1.45130296E+00	 3.42559220E-01	 1.23134941E+00	 2.36577778E-01	-8.74400210E-03	-4.73214044E-03	-5.34340103E-04	-7.75050119E-05	 3.37561036E-02	-3.35732889E-01	-2.13654208E+00	-1.63635156E-01	 1.26971275E+00	 2.26662663E-01	 3.69981245E-02	 4.38831198E-03	 1.40436381E-04	 1.99824393E-04
 7.800000E-02	 3.25824845E-01	 8.09091020E-01	 1.65987324E+00	 3.86429205E-01	 1.35630934E+00	 2.63170782E-01	-1.12920928E-02	-5.66121438E-03	-6.36692999E-04	-9.92679376E-05	 4.34193327E-02	-3.48326592E-01	-2.29833723E+00	-1.61091209E-01	 1.47708345E+00	 2.64720654E-01	 4.24225540E-02	 4.97008541E-03	 1.49632023E-04	 2.35184479E-04
 7.900000E-02	 3.46225635E-01	 8.91525340E-01	 1.89227456E+00	 4.34361800E-01	 1.48830043E+00	 2.91685405E-01	-1.44140669E-02	-6.75582251E-03	-7.56552127E-04	-1.26176519E-04	 5.42378319E-02	-3.59250720E-01	-2.46440181E+00	-1.55163858E-01	 1.71336403E+00	 3.08243449E-01	 4.84622167E-02	 5.60158622E-03	 1.56515276E-04	 2.75716958E-04
 8.000000E-02	 3.67251063E-01	 9.80664900E-01	 2.15050875E+00	 4.86556261E-01	 1.62699827E+00	 3.22111316E-01	-1.81705005E-02	-8.03609974E-03	-8.95997396E-04	-1.59202029E-04	 6.62905092E-02	-3.68083605E-01	-2.63369083E+00	-1.45228698E-01	 1.98162574E+00	 3.57845160E-01	 5.51333709E-02	 6.27829020E-03	 1.59743443E-04	 3.21950430E-04
 8.100000E-02	 3.88871082E-01	 1.07689324E+00	 2.43672891E+00	 5.43254007E-01	 1.77213588E+00	 3.54469394E-01	-2.25973965E-02	-9.51456716E-03	-1.05663365E-03	-1.99510693E-04	 7.96608194E-02	-3.74350192E-01	-2.80495368E+00	-1.30590187E-01	 2.28517720E+00	 4.14239395E-01	 6.24627795E-02	 7.00372639E-03	 1.59408515E-04	 3.74582193E-04
 8.200000E-02	 4.11031167E-01	 1.18053857E+00	 2.75303722E+00	 6.04524984E-01	 1.92277587E+00	 3.88706933E-01	-2.78331781E-02	-1.12147392E-02	-1.24050127E-03	-2.48443346E-04	 9.44268823E-02	-3.77524276E-01	-2.97665870E+00	-1.10448034E-01	 2.62785740E+00	 4.78162699E-01	 7.05179903E-02	 7.77406573E-03	 1.53492138E-04	 4.34153066E-04
 8.300000E-02	 4.33673057E-01	 1.29192674E+00	 3.10158466E+00	 6.70412296E-01	 2.07764718E+00	 4.24689995E-01	-3.40413969E-02	-1.31724494E-02	-1.45094924E-03	-3.07594646E-04	 1.10668749E-01	-3.77019717E-01	-3.14701078E+00	-8.39238086E-02	 3.01379746E+00	 5.50407747E-01	 7.93628990E-02	 8.58427827E-03	 1.39950139E-04	 5.01171905E-04
 8.400000E-02	 4.56733276E-01	 1.41137719E+00	 3.48457830E+00	 7.40930986E-01	 2.23523334E+00	 4.62236645E-01	-4.13867794E-02	-1.54262185E-02	-1.69177168E-03	-3.78813655E-04	 1.28467388E-01	-3.72188741E-01	-3.31393567E+00	-5.00595467E-02	 3.44739342E+00	 6.31834204E-01	 8.90521617E-02	 9.42925475E-03	 1.16759718E-04	 5.76134675E-04
 8.500000E-02	 4.80140086E-01	 1.53919109E+00	 3.90425415E+00	 8.16040086E-01	 2.39369566E+00	 5.01113370E-01	-5.00448988E-02	-1.80164478E-02	-1.96689037E-03	-4.64203608E-04	 1.47903169E-01	-3.62320059E-01	-3.47505588E+00	-7.81384711E-03	 3.93332017E+00	 7.23363522E-01	 9.96321853E-02	 1.03019084E-02	 8.16211629E-05	 6.59504063E-04
 8.600000E-02	 5.03813175E-01	 1.67564636E+00	 4.36286011E+00	 8.95633604E-01	 2.55082760E+00	 5.41023846E-01	-6.02054930E-02	-2.09866516E-02	-2.28047537E-03	-5.66146091E-04	 1.69055347E-01	-3.46635939E-01	-3.62766981E+00	 4.39392859E-02	 4.47652152E+00	 8.25974346E-01	 1.11138406E-01	 1.11917295E-02	 3.17806113E-05	 7.51660900E-04
 8.700000E-02	 5.27663437E-01	 1.82099337E+00	 4.86264391E+00	 9.79535439E-01	 2.70404295E+00	 5.81601309E-01	-7.20692983E-02	-2.43835656E-02	-2.63697780E-03	-6.87334469E-04	 1.92001466E-01	-3.24289577E-01	-3.76873281E+00	 1.06410339E-01	 5.08219012E+00	 9.40695245E-01	 1.23591179E-01	 1.20831305E-02	-3.61670676E-05	 8.52886691E-04
 8.800000E-02	 5.51592962E-01	 1.97545248E+00	 5.40585288E+00	 1.06750175E+00	 2.85042274E+00	 6.22407739E-01	-8.58352810E-02	-2.82557243E-02	-3.04106497E-03	-8.30798678E-04	 2.16816741E-01	-2.94362475E-01	-3.89484015E+00	 1.80893506E-01	 5.75573915E+00	 1.06859080E+00	 1.36990834E-01	 1.29529736E-02	-1.26588880E-04	 9.63284133E-04
 8.900000E-02	 5.75495534E-01	 2.13921580E+00	 5.99476010E+00	 1.15924145E+00	 2.98687651E+00	 6.62957307E-01	-1.01668734E-01	-3.26472933E-02	-3.49680816E-03	-9.99824901E-04	 2.43573501E-01	-2.55860593E-01	-4.00220853E+00	 2.68769551E-01	 6.50278276E+00	 1.21073814E+00	 1.51313451E-01	 1.37669702E-02	-2.45501214E-04	 1.08271074E-03
 9.000000E-02	 5.99265317E-01	 2.31247809E+00	 6.63177844E+00	 1.25452893E+00	 3.11059071E+00	 7.02803160E-01	-1.19623984E-01	-3.75821952E-02	-4.00584482E-03	-1.19782153E-03	 2.72345152E-01	-2.07700471E-01	-4.08663410E+00	 3.71535447E-01	 7.32919866E+00	 1.36829385E+00	 1.66531840E-01	 1.44932551E-02	-3.98426468E-04	 1.21093674E-03
 9.100000E-02	 6.22806138E-01	 2.49546109E+00	 7.31950460E+00	 1.35326770E+00	 3.21904458E+00	 7.41553431E-01	-1.39676500E-01	-4.30685813E-02	-4.57005284E-03	-1.42892110E-03	 3.03212817E-01	-1.48688438E-01	-4.14337412E+00	 4.90867463E-01	 8.24151530E+00	 1.54275842E+00	 1.82711583E-01	 1.51493164E-02	-5.82821288E-04	 1.34822265E-03
 9.200000E-02	 6.45967148E-01	 2.68815894E+00	 8.05996774E+00	 1.45468057E+00	 3.30714996E+00	 7.78574834E-01	-1.62212617E-01	-4.91515911E-02	-5.19134286E-03	-1.69764230E-03	 3.36229824E-01	-7.75737379E-02	-4.16709192E+00	 6.28536741E-01	 9.24722167E+00	 1.73554130E+00	 1.99977738E-01	 1.57162577E-02	-8.04754134E-04	 1.49376945E-03
 9.300000E-02	 6.68596566E-01	 2.89051452E+00	 8.85502677E+00	 1.55790282E+00	 3.36886808E+00	 8.13019038E-01	-1.87681718E-01	-5.59087027E-02	-5.87538636E-03	-2.00905058E-03	 3.71450884E-01	 7.00897340E-03	-4.15184591E+00	 7.86471355E-01	 1.03543329E+01	 1.94809071E+00	 2.18448984E-01	 1.61636110E-02	-1.07153519E-03	 1.64621849E-03
 9.400000E-02	 6.90539321E-01	 3.10241354E+00	 9.70640600E+00	 1.66199287E+00	 3.39758747E+00	 8.43920577E-01	-2.16509633E-01	-6.34220280E-02	-6.62895162E-03	-2.36884262E-03	 4.08928518E-01	 1.06536754E-01	-4.09104543E+00	 9.66753143E-01	 1.15714454E+01	 2.18199687E+00	 2.38253285E-01	 1.64697741E-02	-1.38903894E-03	 1.80386739E-03
 9.500000E-02	 7.11630049E-01	 3.32364921E+00	 1.06155999E+01	 1.76583593E+00	 3.38585929E+00	 8.70202901E-01	-2.49139308E-01	-7.17740968E-02	-7.45856893E-03	-2.78316187E-03	 4.48708688E-01	 2.22597218E-01	-3.97739083E+00	 1.17161944E+00	 1.29078425E+01	 2.43898607E+00	 2.59538439E-01	 1.66185229E-02	-1.76239051E-03	 1.96452705E-03
 9.600000E-02	 7.31692818E-01	 3.55390697E+00	 1.15838059E+01	 1.86811351E+00	 3.32521776E+00	 8.90660910E-01	-2.86052553E-01	-8.10508450E-02	-8.37063421E-03	-3.25869827E-03	 4.90830495E-01	 3.56897727E-01	-3.80279737E+00	 1.40348428E+00	 1.43736171E+01	 2.72092512E+00	 2.82483941E-01	 1.65975535E-02	-2.19633555E-03	 2.12545016E-03
 9.700000E-02	 7.50541074E-01	 3.79274816E+00	 1.26118554E+01	 1.96727374E+00	 3.20602058E+00	 9.03950485E-01	-3.27784203E-01	-9.13428836E-02	-9.37156821E-03	-3.80268649E-03	 5.35326120E-01	 5.11277337E-01	-3.55829550E+00	 1.66496929E+00	 1.59798823E+01	 3.02984394E+00	 3.07327068E-01	 1.64010709E-02	-2.69480590E-03	 2.28320423E-03
 9.800000E-02	 7.67979092E-01	 4.03959917E+00	 1.37001351E+01	 2.06152938E+00	 3.01724570E+00	 9.08568722E-01	-3.74945198E-01	-1.02749737E-01	-1.04687882E-02	-4.42298069E-03	 5.82223319E-01	 6.87729767E-01	-3.23387580E+00	 1.95896302E+00	 1.77391679E+01	 3.36795628E+00	 3.34407895E-01	 1.60316787E-02	-3.26210399E-03	 2.43342712E-03
 9.900000E-02	 7.83808950E-01	 4.29377485E+00	 1.48484913E+01	 2.14909803E+00	 2.74613547E+00	 9.03168660E-01	-4.28227868E-01	-1.15332139E-01	-1.16619333E-02	-5.12736701E-03	 6.31556673E-01	 8.88464718E-01	-2.81821749E+00	 2.28886400E+00	 1.96661704E+01	 3.73793746E+00	 3.64267265E-01	 1.55433982E-02	-3.90028377E-03	 2.57046426E-03
 1.000000E-01	 7.97835531E-01	 4.55447330E+00	 1.60561225E+01	 2.22830893E+00	 2.37797581E+00	 8.87147838E-01	-4.88308166E-01	-1.29018850E-01	-1.29208822E-02	-5.92171087E-03	 6.83363722E-01	 1.11592519E+00	-2.29865808E+00	 2.65887123E+00	 2.17774159E+01	 4.14399792E+00	 3.97694431E-01	 1.52131783E-02	-4.57259571E-03	 2.69117463E-03
 1.010000E-01	 8.09836735E-01	 4.82048402E+00	 1.73211138E+01	 2.29544446E+00	 1.89476865E+00	 8.56750471E-01	-5.56480884E-01	-1.44257981E-01	-1.42997738E-02	-6.81745704E-03	 7.37632893E-01	 1.37251744E+00	-1.66210731E+00	 3.07268354E+00	 2.40871888E+01	 4.59018427E+00	 4.34947279E-01	 1.51812946E-02	-5.23971747E-03	 2.79120059E-03
 1.020000E-01	 8.19511454E-01	 5.08996056E+00	 1.86392221E+01	 2.34461641E+00	 1.27031873E+00	 8.05992075E-01	-6.35342246E-01	-1.61804799E-01	-1.59003036E-02	-7.83090793E-03	 7.94312996E-01	 1.66066845E+00	-8.94579903E-01	 3.53362555E+00	 2.66094864E+01	 5.07911144E+00	 4.75866828E-01	 1.52460789E-02	-5.92906646E-03	 2.85778663E-03
 1.030000E-01	 8.26586904E-01	 5.36093152E+00	 2.00047178E+01	 2.37074305E+00	 4.74063738E-01	 7.30619441E-01	-7.27479628E-01	-1.82031815E-01	-1.77579570E-02	-8.97581522E-03	 8.53404457E-01	 1.98323012E+00	 2.00766601E-02	 4.04640143E+00	 2.93628257E+01	 5.61488862E+00	 5.20996610E-01	 1.54631792E-02	-6.64514645E-03	 2.87889243E-03
 1.040000E-01	 8.30772340E-01	 5.63098012E+00	 2.14099303E+01	 2.36758300E+00	-5.29344372E-01	 6.25526777E-01	-8.35681588E-01	-2.05381042E-01	-1.99089764E-02	-1.02647500E-02	 9.14878300E-01	 2.34317396E+00	 1.09943261E+00	 4.61578377E+00	 3.23669517E+01	 6.20212478E+00	 5.70927496E-01	 1.59317266E-02	-7.37494846E-03	 2.84288002E-03
 1.050000E-01	 8.31751818E-01	 5.89715276E+00	 2.28447018E+01	 2.32744514E+00	-1.78178651E+00	 4.84034197E-01	-9.63278693E-01	-2.32488823E-01	-2.24170258E-02	-1.17122554E-02	 9.78686510E-01	 2.74357036E+00	 2.36231433E+00	 5.24650506E+00	 3.56413255E+01	 6.84554362E+00	 6.25958062E-01	 1.66895683E-02	-8.10914717E-03	 2.73536189E-03
 1.060000E-01	 8.29183396E-01	 6.15587774E+00	 2.42958119E+01	 2.24107820E+00	-3.33332486E+00	 2.97961955E-01	-1.11429801E+00	-2.64147295E-01	-2.53658380E-02	-1.33344804E-02	 1.04476569E+00	 3.18758548E+00	 3.82880769E+00	 5.94329407E+00	 3.92047860E+01	 7.55007244E+00	 6.86071022E-01	 1.77249696E-02	-8.84306108E-03	 2.53849980E-03
 1.070000E-01	 8.22694555E-01	 6.40285151E+00	 2.57463267E+01	 2.09737009E+00	-5.24384368E+00	 5.73724802E-02	-1.29360331E+00	-3.01323139E-01	-2.88602746E-02	-1.51486847E-02	 1.11303208E+00	 3.67843050E+00	 5.52011521E+00	 6.71070150E+00	 4.30746722E+01	 8.32074200E+00	 7.50826694E-01	 1.89553098E-02	-9.57765725E-03	 2.23066694E-03
 1.080000E-01	 8.11877476E-01	 6.63291647E+00	 2.71748744E+01	 1.88303132E+00	-7.58476684E+00	-2.49792403E-01	-1.50703123E+00	-3.45192489E-01	-3.30309792E-02	-1.71731486E-02	 1.18337701E+00	 4.21928946E+00	 7.45828880E+00	 7.55285160E+00	 4.72654282E+01	 9.16249591E+00	 8.19177124E-01	 2.01885239E-02	-1.03238250E-02	 1.78570009E-03
 1.090000E-01	 7.96284456E-01	 6.83992969E+00	 2.85548447E+01	 1.58226667E+00	-1.04408299E+01	-6.38103314E-01	-1.76150790E+00	-3.97172571E-01	-3.80386892E-02	-1.94267714E-02	 1.25566119E+00	 4.81321837E+00	 9.66581181E+00	 8.47310515E+00	 5.17866657E+01	 1.00799187E+01	 8.89214719E-01	 2.10725726E-02	-1.11077054E-02	 1.17212972E-03
 1.100000E-01	 7.75428904E-01	 7.01665058E+00	 2.98535620E+01	 1.17652780E+00	-1.39117392E+01	-1.12514279E+00	-2.06513732E+00	-4.58967622E-01	-4.40824614E-02	-2.19291010E-02	 1.32971448E+00	 5.46303288E+00	 1.21650515E+01	 9.47370948E+00	 5.66407695E+01	 1.10770339E+01	 9.57900328E-01	 2.10611204E-02	-1.19728599E-02	 3.52765127E-04
 1.110000E-01	 7.48779804E-01	 7.15458134E+00	 3.10311337E+01	 6.44078313E-01	-1.81149896E+01	-1.73235907E+00	-2.42752276E+00	-5.32677382E-01	-5.14205744E-02	-2.47018543E-02	 1.40532794E+00	 6.17110863E+00	 1.49773091E+01	 1.05551573E+01	 6.18189336E+01	 1.21570042E+01	 1.02055889E+00	 1.93539187E-02	-1.29854410E-02	-7.16550858E-04
 1.120000E-01	 7.15703201E-01	 7.24350368E+00	 3.20383886E+01	-4.14526791E-02	-2.31918119E+01	-2.48559913E+00	-2.86040510E+00	-6.20812067E-01	-6.03535480E-02	-2.77647052E-02	 1.48216207E+00	 6.93874887E+00	 1.81203369E+01	 1.17139345E+01	 6.72913042E+01	 1.33198475E+01	 1.06926785E+00	 1.44703195E-02	-1.42910388E-02	-2.09223900E-03
 1.130000E-01	 6.75510065E-01	 7.27163681E+00	 3.28167730E+01	-9.10158280E-01	-2.93041054E+01	-3.41560908E+00	-3.37677993E+00	-7.26287714E-01	-7.12441120E-02	-3.11354143E-02	 1.55978579E+00	 7.76601132E+00	 2.16066714E+01	 1.29420718E+01	 7.30007818E+01	 1.45614949E+01	 1.09230032E+00	 4.11939161E-03	-1.61283732E-02	-3.84383883E-03
 1.140000E-01	 6.27458285E-01	 7.22561479E+00	 3.32979242E+01	-1.99564810E+00	-3.66324250E+01	-4.55809178E+00	-3.99024326E+00	-8.52312571E-01	-8.45073514E-02	-3.48274044E-02	 1.63763629E+00	 8.65118434E+00	 2.54410155E+01	 1.42255287E+01	 7.88542241E+01	 1.58723361E+01	 1.07317964E+00	-1.49897910E-02	-1.88535621E-02	-6.05572908E-03
 1.150000E-01	 5.70759779E-01	 7.09054429E+00	 3.34036012E+01	-3.33454160E+00	-4.53723254E+01	-5.95350656E+00	-4.71411902E+00	-1.00222203E+00	-1.00592898E-01	-3.88456340E-02	 1.71496895E+00	 9.59010888E+00	 2.96167321E+01	 1.55420746E+01	 8.47106793E+01	 1.72349639E+01	 9.89334327E-01	-4.74687928E-02	-2.29811104E-02	-8.82963828E-03
 1.160000E-01	 5.04605916E-01	 6.85026129E+00	 3.30465186E+01	-4.96523391E+00	-5.57267672E+01	-7.64631700E+00	-5.56000186E+00	-1.17920709E+00	-1.19956212E-01	-4.31815905E-02	 1.79080789E+00	 1.05754096E+01	 3.41116395E+01	 1.68589661E+01	 9.03679335E+01	 1.86214353E+01	 8.10666515E-01	-9.96164268E-02	-2.92338024E-02	-1.22873070E-02
 1.170000E-01	 4.28211208E-01	 6.48783231E+00	 3.21324053E+01	-6.92580446E+00	-6.78934681E+01	-9.68337539E+00	-6.53558681E+00	-1.38588156E+00	-1.43009814E-01	-4.78061366E-02	 1.86389000E+00	 1.15956237E+01	 3.88831424E+01	 1.81304142E+01	 9.55479625E+01	 1.99901328E+01	 4.98164556E-01	-1.79797235E-01	-3.85962283E-02	-1.65723736E-02
 1.180000E-01	 3.40879628E-01	 5.98637101E+00	 3.05636846E+01	-9.25085861E+00	-8.20459769E+01	-1.21111840E+01	-7.64167295E+00	-1.62365854E+00	-1.70050295E-01	-5.26608647E-02	 1.93260469E+00	 1.26342606E+01	 4.38628477E+01	 1.92949884E+01	 9.98822367E+01	 2.12823377E+01	 2.73608940E-03	-2.98798519E-01	-5.23685784E-02	-2.18509980E-02
 1.190000E-01	 2.42094241E-01	 5.33022767E+00	 2.82451249E+01	-1.19671487E+01	-9.83075866E+01	-1.49717874E+01	-8.86834306E+00	-1.89191631E+00	-2.01163692E-01	-5.76486008E-02	 1.99492615E+00	 1.36688295E+01	 4.89508983E+01	 2.02730680E+01	 1.02898244E+02	 2.24185138E+01	-7.35576877E-01	-4.70162892E-01	-7.22292096E-02	-2.83135815E-02
 1.200000E-01	 1.31579904E-01	 4.50630836E+00	 2.50916626E+01	-1.50885492E+01	-1.16717418E+02	-1.82937085E+01	-1.01897390E+01	-2.18627250E+00	-2.35951594E-01	-6.26040726E-02	 2.04823137E+00	 1.46694523E+01	 5.40094226E+01	 2.09627732E+01	 1.04005897E+02	 2.32926671E+01	-1.78842689E+00	-7.10757177E-01	-1.00344600E-01	-3.61804304E-02
 1.210000E-01	 9.43592837E-03	 3.50612509E+00	 2.10418255E+01	-1.86081185E+01	-1.37174772E+02	-2.20748884E+01	-1.15548457E+01	-2.49547394E+00	-2.72996389E-01	-6.72371001E-02	 2.08928432E+00	 1.55988078E+01	 5.88623808E+01	 2.12415236E+01	 1.02516376E+02	 2.37721714E+01	-3.23318693E+00	-1.03987786E+00	-1.39211412E-01	-4.56593064E-02
 1.220000E-01	-1.23265918E-01	 2.33084494E+00	 1.60768682E+01	-2.24825146E+01	-1.59370639E+02	-2.62895260E+01	-1.28825079E+01	-2.80356122E+00	-3.10607566E-01	-7.12401741E-02	 2.11561210E+00	 1.64203647E+01	 6.33236889E+01	 2.09996694E+01	 9.77806121E+01	 2.37229333E+01	-5.12588468E+00	-1.47351731E+00	-1.91078965E-01	-5.68987778E-02
 1.230000E-01	-2.64806000E-01	 9.90045425E-01	 1.02197043E+01	-2.66381573E+01	-1.82814692E+02	-3.08760995E+01	-1.40687129E+01	-3.08832327E+00	-3.46210214E-01	-7.42305423E-02	 2.12456959E+00	 1.70948085E+01	 6.71913143E+01	 2.01270092E+01	 8.91737046E+01	 2.30096041E+01	-7.50663647E+00	-2.02426034E+00	-2.57847424E-01	-6.99800516E-02
 1.240000E-01	-4.12758458E-01	-4.97109297E-01	 3.54202773E+00	-3.09690478E+01	-2.06824929E+02	-3.57323112E+01	-1.49880433E+01	-3.32129516E+00	-3.76284324E-01	-7.57494915E-02	 2.11351812E+00	 1.75815932E+01	 7.02531438E+01	 1.85197740E+01	 7.61228149E+01	 2.15038219E+01	-1.03956740E+01	-2.69988778E+00	-3.40777990E-01	-8.48780894E-02
 1.250000E-01	-5.63873628E-01	-2.10043378E+00	-3.82743416E+00	-3.53347724E+01	-2.30515307E+02	-4.07139355E+01	-1.54957200E+01	-3.46851765E+00	-3.96537001E-01	-7.52915716E-02	 2.07998029E+00	 1.78412032E+01	 7.22994549E+01	 1.60874828E+01	 5.81664628E+01	 1.90885282E+01	-1.37854296E+01	-3.50253100E+00	-4.40460990E-01	-1.01455081E-01
 1.260000E-01	-7.14121351E-01	-3.77845496E+00	-1.17005650E+01	-3.95621215E+01	-2.52813604E+02	-4.56350371E+01	-1.54344943E+01	-3.49174772E+00	-4.02021837E-01	-7.23311017E-02	 2.02205237E+00	 1.78389838E+01	 7.31402795E+01	 1.27666794E+01	 3.50258197E+01	 1.56693186E+01	-1.76315832E+01	-4.42675936E+00	-5.56642583E-01	-1.19455947E-01
 1.270000E-01	-8.58804318E-01	-5.47932006E+00	-1.98334389E+01	-4.34513678E+01	-2.72507161E+02	-5.02729463E+01	-1.46456835E+01	-3.35067936E+00	-3.87363141E-01	-6.63596073E-02	 1.93872228E+00	 1.75489569E+01	 7.26241795E+01	 8.53486930E+00	 6.67519607E+00	 1.11939248E+01	-2.18444841E+01	-5.45641422E+00	-6.87715729E-01	-1.38469754E-01
 1.280000E-01	-9.92740056E-01	-7.14273812E+00	-2.79351476E+01	-4.67864595E+01	-2.88309451E+02	-5.43785647E+01	-1.29828845E+01	-3.00605540E+00	-3.47148791E-01	-5.69370838E-02	 1.83002395E+00	 1.69568377E+01	 7.06556081E+01	 3.41899724E+00	-2.66015352E+01	 5.66546391E+00	-2.62849832E+01	-6.56307799E+00	-8.30450509E-01	-1.57915578E-01
 1.290000E-01	-1.11054286E+00	-8.70303840E+00	-3.56825559E+01	-4.93487302E+01	-2.98947615E+02	-5.76916294E+01	-1.03277764E+01	-2.42347679E+00	-2.76430953E-01	-4.37485092E-02	 1.69722971E+00	 1.60628565E+01	 6.72100930E+01	-2.49752655E+00	-6.41750349E+01	-8.47699952E-01	-3.07651402E+01	-7.70571397E+00	-9.79902601E-01	-1.77055993E-01
 1.300000E-01	-1.20697923E+00	-1.00932639E+01	-4.27403343E+01	-5.09334575E+01	-3.03265236E+02	-5.99588502E+01	-6.60637050E+00	-1.57735310E+00	-1.71240375E-01	-2.66534549E-02	 1.54290873E+00	 1.48834144E+01	 6.23443867E+01	-9.07297040E+00	-1.05064234E+02	-8.20635891E+00	-3.50545535E+01	-8.83146330E+00	-1.12945204E+00	-1.95026812E-01
 1.310000E-01	-1.27738938E+00	-1.12500923E+01	-4.87850318E+01	-5.13683069E+01	-3.00332032E+02	-6.09542261E+01	-1.80419474E+00	-4.54777001E-01	-2.91149432E-02	-5.73044385E-03	 1.37091797E+00	 1.34517273E+01	 5.62016503E+01	-1.61095779E+01	-1.47957070E+02	-1.61991364E+01	-3.88908972E+01	-9.87743144E+00	-1.27093863E+00	-2.10871008E-01
 1.320000E-01	-1.31808401E+00	-1.21191879E+01	-5.35336249E+01	-5.05331664E+01	-2.89562823E+02	-6.05104634E+01	 4.01767928E+00	 9.38956714E-01	 1.49993106E-01	 1.86465086E-02	 1.18657647E+00	 1.18188905E+01	 4.90141384E+01	-2.33544945E+01	-1.91246076E+02	-2.45481399E+01	-4.19930741E+01	-1.07739847E+01	-1.39516518E+00	-2.23624098E-01
 1.330000E-01	-1.32666802E+00	-1.26598756E+01	-5.67680458E+01	-4.83740364E+01	-2.70800639E+02	-5.85349069E+01	 1.07177334E+01	 2.57891895E+00	 3.63537807E-01	 4.58221345E-02	 9.96066705E-01	 1.00492878E+01	 4.10851889E+01	-3.05227363E+01	-2.33154697E+02	-3.29273275E+01	-4.40889162E+01	-1.14504852E+01	-1.49254717E+00	-2.32396328E-01
 1.340000E-01	-1.30231484E+00	-1.28488152E+01	-5.83543035E+01	-4.49121115E+01	-2.44360909E+02	-5.50222602E+01	 1.80769934E+01	 4.42035823E+00	 6.06281778E-01	 7.48880931E-02	 8.06057943E-01	 8.21624104E+00	 3.27674671E+01	-3.73175443E+01	-2.71872530E+02	-4.09867294E+01	-4.49413211E+01	-1.18417071E+01	-1.55396393E+00	-2.36463845E-01
 1.350000E-01	-1.24589320E+00	-1.26822446E+01	-5.82547536E+01	-4.02465150E+01	-2.11035679E+02	-5.00609646E+01	 2.58094517E+01	 6.40018918E+00	 8.70407502E-01	 1.04733218E-01	 6.23278784E-01	 6.39687077E+00	 2.44369162E+01	-4.34522151E+01	-3.05695852E+02	-4.83794610E+01	-4.43718943E+01	-1.18940172E+01	-1.57162388E+00	-2.35351156E-01
 1.360000E-01	-1.15993740E+00	-1.21764312E+01	-5.65314036E+01	-3.45495295E+01	-1.72051644E+02	-4.38302511E+01	 3.35803174E+01	 8.44057504E+00	 1.14592620E+00	 1.34121679E-01	 4.54032697E-01	 4.66628926E+00	 1.64635979E+01	-4.86727610E+01	-3.33166205E+02	-5.47897707E+01	-4.22808155E+01	-1.15708900E+01	-1.53985788E+00	-2.28892658E-01
 1.370000E-01	-1.04846658E+00	-1.13662479E+01	-5.33396328E+01	-2.80546471E+01	-1.28984251E+02	-3.65879518E+01	 4.10305525E+01	 1.04543071E+01	 1.42135035E+00	 1.61791001E-01	 3.03743532E-01	 3.09192549E+00	 9.18295565E+00	-5.27781379E+01	-3.53190015E+02	-5.99590246E+01	-3.86601400E+01	-1.08570958E+01	-1.45575491E+00	-2.17265593E-01
 1.380000E-01	-9.16669493E-01	-1.03020280E+01	-4.89130664E+01	-2.10386792E+01	-8.36368905E+01	-2.86503462E+01	 4.78050542E+01	 1.23514135E+01	 1.68456200E+00	 1.86558823E-01	 1.76584159E-01	 1.72864534E+00	 2.87090054E+00	-5.56355772E+01	-3.65124351E+02	-6.37063977E+01	-3.35984694E+01	-9.76095760E+00	-1.31955179E+00	-2.00988328E-01
 1.390000E-01	-7.70493902E-01	-9.04509193E+00	-4.35415565E+01	-1.38000216E+01	-3.78991329E+01	-2.03664633E+01	 5.35811823E+01	 1.40462303E+01	 1.92376785E+00	 2.07422275E-01	 7.52328897E-02	 6.15224968E-01	-2.27438582E+00	-5.71892084E+01	-3.68818249E+02	-6.59417679E+01	-2.72760391E+01	-8.31432213E+00	-1.13471337E+00	-1.80882512E-01
 1.400000E-01	-6.16171852E-01	-7.66249221E+00	-3.75454018E+01	-6.63556174E+00	 6.39740159E+00	-1.20902620E+01	 5.80939314E+01	 1.54640161E+01	 2.12842528E+00	 2.23639092E-01	 8.30041555E-04	-2.27247358E-01	-6.14192694E+00	-5.74605568E+01	-3.64605332E+02	-6.66716472E+01	-1.99511063E+01	-6.57067039E+00	-9.07810740E-01	-1.58019234E-01
 1.410000E-01	-4.59453396E-01	-6.22006662E+00	-3.12460798E+01	 1.89122147E-01	 4.76198761E+01	-4.14688411E+00	 6.11579559E+01	 1.65476565E+01	 2.29030633E+00	 2.34818213E-01	-4.70597756E-02	-7.95872314E-01	-8.71056006E+00	-5.65447061E+01	-3.53259155E+02	-6.59972913E+01	-1.19403936E+01	-4.60136947E+00	-6.48091848E-01	-1.33628593E-01
 1.420000E-01	-3.05625230E-01	-4.77862971E+00	-2.49388447E+01	 6.45012658E+00	 8.44637580E+01	 3.18532988E+00	 6.26827971E+01	 1.72610735E+01	 2.40394337E+00	 2.40926915E-01	-7.05237664E-02	-1.10563643E+00	-1.00447431E+01	-5.45977318E+01	-3.35916907E+02	-6.40803748E+01	-3.59124147E+00	-2.48603844E+00	-3.65727519E-01	-1.08888172E-01
 1.430000E-01	-1.59653963E-01	-3.39284791E+00	-1.88797899E+01	 1.19632224E+01	 1.15989558E+02	 9.67690138E+00	 6.26664662E+01	 1.75880124E+01	 2.46635404E+00	 2.42205188E-01	-7.24024149E-02	-1.18314410E+00	-1.02720241E+01	-5.18083029E+01	-3.13931548E+02	-6.11337678E+01	 4.74966761E+00	-3.08301802E-01	-7.16840218E-02	-8.49090030E-02
 1.440000E-01	-2.50150496E-02	-2.10384655E+00	-1.32649343E+01	 1.66170327E+01	 1.41672100E+02	 1.51864073E+01	 6.11962670E+01	 1.75368611E+01	 2.47803939E+00	 2.39218336E-01	-5.63758069E-02	-1.06513786E+00	-9.56697729E+00	-4.83944118E+01	-2.88755774E+02	-5.74142599E+01	 1.27583352E+01	 1.84846106E+00	 2.22683016E-01	-6.26741368E-02
 1.450000E-01	 9.62956369E-02	-9.38429483E-01	-8.22521416E+00	 2.03689652E+01	 1.61383566E+02	 1.96526625E+01	 5.84333849E+01	 1.71362564E+01	 2.44239909E+00	 2.32761038E-01	-2.66847850E-02	-7.94658165E-01	-8.13234973E+00	-4.45833427E+01	-2.61831610E+02	-5.31902260E+01	 2.01550841E+01	 3.90869815E+00	 5.06942155E-01	-4.29266318E-02
 1.460000E-01	 2.03260525E-01	 8.84058599E-02	-3.83171297E+00	 2.32267518E+01	 1.75331628E+02	 2.30755507E+01	 5.45896932E+01	 1.64287219E+01	 2.36476624E+00	 2.23721654E-01	 1.24079256E-02	-4.16146532E-01	-6.17844346E+00	-4.05891486E+01	-2.34488106E+02	-4.87154708E+01	 2.67206515E+01	 5.80984320E+00	 7.72380734E-01	-2.61308515E-02
 1.470000E-01	 2.95821641E-01	 9.72763741E-01	-1.01220785E-01	 2.52429130E+01	 1.83991980E+02	 2.55111729E+01	 4.99077885E+01	 1.54670942E+01	 2.25198283E+00	 2.13014004E-01	 5.69228989E-02	 2.79325875E-02	-3.90624170E+00	-3.66007472E+01	-2.07865778E+02	-4.42157674E+01	 3.23037812E+01	 7.50452451E+00	 1.01228495E+00	-1.24776358E-02
 1.480000E-01	 3.74721054E-01	 1.71995425E+00	 2.99392023E+00	 2.65035269E+01	 1.88027840E+02	 2.70576598E+01	 4.46403625E+01	 1.43095376E+01	 2.11171719E+00	 2.01501346E-01	 1.03356844E-01	 4.99597744E-01	-1.49486409E+00	-3.27738629E+01	-1.82870775E+02	-3.98780768E+01	 3.68222746E+01	 8.96161459E+00	 1.22213156E+00	-1.90488397E-03
 1.490000E-01	 4.41276034E-01	 2.34204299E+00	 5.51378505E+00	 2.71155778E+01	 1.88207368E+02	 2.78396660E+01	 3.90316036E+01	 1.30148221E+01	 1.95178743E+00	 1.89928877E-01	 1.48831149E-01	 9.67099660E-01	 9.06820863E-01	-2.92266344E+01	-1.60156050E+02	-3.58447266E+01	 4.02583504E+01	 1.01658504E+01	 1.39957073E+00	 5.86237744E-03
 1.500000E-01	 4.97163944E-01	 2.85526210E+00	 7.53801917E+00	 2.71945951E+01	 1.85325321E+02	 2.79925530E+01	 3.33016767E+01	 1.16380749E+01	 1.77953169E+00	 1.78865670E-01	 1.91266162E-01	 1.40624714E+00	 3.18454585E+00	-2.60376043E+01	-1.40126784E+02	-3.22153873E+01	 4.26490941E+01	 1.11156194E+01	 1.54408335E+00	 1.12380815E-02
 1.510000E-01	 5.44299915E-01	 3.27805812E+00	 9.15575042E+00	 2.68561809E+01	 1.80146467E+02	 2.76515927E+01	 2.76381587E+01	 1.02283002E+01	 1.60151712E+00	 1.68708271E-01	 2.29429789E-01	 1.80078565E+00	 5.25804859E+00	-2.32473427E+01	-1.22968719E+02	-2.90537096E+01	 4.40733887E+01	 1.18198175E+01	 1.65648663E+00	 1.46898915E-02
 1.520000E-01	 5.84729381E-01	 3.63083828E+00	 1.04640701E+01	 2.62159630E+01	 1.73402011E+02	 2.69519177E+01	 2.21991433E+01	 8.82898034E+00	 1.42364282E+00	 1.59746928E-01	 2.62047645E-01	 2.13827142E+00	 7.07462340E+00	-2.08755672E+01	-1.08689202E+02	-2.63717858E+01	 4.46427164E+01	 1.22998036E+01	 1.73974442E+00	 1.68454951E-02
 1.530000E-01	 6.20312530E-01	 3.93262338E+00	 1.15541279E+01	 2.53747718E+01	 1.65721042E+02	 2.60123730E+01	 1.71019702E+01	 7.47451740E+00	 1.25053646E+00	 1.52085198E-01	 2.88420588E-01	 2.41226931E+00	 8.60832781E+00	-1.89158949E+01	-9.71527452E+01	-2.41558817E+01	 4.44862148E+01	 1.25820894E+01	 1.79749116E+00	 1.83192786E-02
 1.540000E-01	 6.52694069E-01	 4.19984380E+00	 1.25043150E+01	 2.44149222E+01	 1.57603507E+02	 2.49290202E+01	 1.24224720E+01	 6.18950537E+00	 1.08544945E+00	 1.45662862E-01	 3.08286301E-01	 2.62082561E+00	 9.85301632E+00	-1.73442533E+01	-8.81319745E+01	-2.23750813E+01	 4.37375917E+01	 1.26953901E+01	 1.83357312E+00	 1.96457992E-02
 1.550000E-01	 6.83270059E-01	 4.44597484E+00	 1.33784319E+01	 2.34003894E+01	 1.49423649E+02	 2.37752980E+01	 8.20059818E+00	 4.98978790E+00	 9.30414537E-01	 1.40304278E-01	 3.21621763E-01	 2.76477184E+00	 1.08153601E+01	-1.61269243E+01	-8.13518517E+01	-2.09874628E+01	 4.25256490E+01	 1.26686486E+01	 1.85182015E+00	 2.12670571E-02
 1.560000E-01	 7.13167312E-01	 4.68147578E+00	 1.42257856E+01	 2.23780673E+01	 1.41443372E+02	 2.26042703E+01	 4.44746550E+00	 3.88394682E+00	 7.86473149E-01	 1.35762322E-01	 3.28531752E-01	 2.84653343E+00	 1.15091336E+01	-1.52260860E+01	-7.65239286E+01	-1.99467478E+01	 4.09676690E+01	 1.25292377E+01	 1.85580032E+00	 2.35212925E-02
 1.570000E-01	 7.43243517E-01	 4.91397023E+00	 1.50824218E+01	 2.13800023E+01	 1.33830151E+02	 2.14524107E+01	 1.15266647E+00	 2.87500731E+00	 6.53951438E-01	 1.31764376E-01	 3.29152869E-01	 2.86911614E+00	 1.19504959E+01	-1.46042079E+01	-7.33719726E+01	-1.92073024E+01	 3.91654086E+01	 1.23017859E+01	 1.84866687E+00	 2.66463223E-02
 1.580000E-01	 7.74266706E-01	 5.14917118E+00	 1.59732770E+01	 2.04283390E+01	 1.26675170E+02	 2.03411321E+01	-1.70990556E+00	 1.96139796E+00	 5.32518494E-01	 1.28014618E-01	 3.23552060E-01	 2.83534658E+00	 1.21546580E+01	-1.42269545E+01	-7.16471760E+01	-1.87265981E+01	 3.72039285E+01	 1.20077617E+01	 1.83314834E+00	 3.08011599E-02
 1.590000E-01	 8.06776996E-01	 5.39030496E+00	 1.69123814E+01	 1.95325993E+01	 1.20004770E+02	 1.92753079E+01	-4.17788929E+00	 1.13753782E+00	 4.21272669E-01	 1.24216229E-01	 3.11664608E-01	 2.74743915E+00	 1.21339676E+01	-1.40643990E+01	-7.11350066E+01	-1.84668533E+01	 3.51518520E+01	 1.16652700E+01	 1.81149574E+00	 3.60671394E-02
 1.600000E-01	 8.40847248E-01	 5.63771317E+00	 1.79043941E+01	 1.86903133E+01	 1.13799746E+02	 1.82545495E+01	-6.29361120E+00	 3.96843130E-01	 3.19376678E-01	 1.20160609E-01	 2.93319447E-01	 2.60673532E+00	 1.18964050E+01	-1.40918911E+01	-7.16610456E+01	-1.83968844E+01	 3.30617561E+01	 1.12889290E+01	 1.78542835E+00	 4.24554207E-02
 1.610000E-01	 8.76478534E-01	 5.89094490E+00	 1.89489048E+01	 1.78970895E+01	 1.08016296E+02	 1.72756304E+01	-8.10008285E+00	-2.67824959E-01	 2.25955511E-01	 1.15686299E-01	 2.68150880E-01	 2.41322661E+00	 1.14447298E+01	-1.42919004E+01	-7.30904755E+01	-1.84907152E+01	 3.09726153E+01	 1.08906281E+01	 1.75634895E+00	 4.99639610E-02
 1.620000E-01	 9.13699233E-01	 6.14879734E+00	 2.00404180E+01	 1.71458557E+01	 1.02585807E+02	 1.63289564E+01	-9.64152034E+00	-8.64842315E-01	 1.39892181E-01	 1.10625694E-01	 2.35852651E-01	 2.16669819E+00	 1.07774859E+01	-1.46494834E+01	-7.53233311E+01	-1.87348514E+01	 2.89106124E+01	 1.04780612E+01	 1.72492439E+00	 5.85007505E-02
 1.630000E-01	 9.52330629E-01	 6.40862415E+00	 2.11677074E+01	 1.64246173E+01	 9.74197232E+01	 1.54005008E+01	-1.09612339E+01	-1.40288324E+00	 6.00950673E-02	 1.04875751E-01	 1.95870358E-01	 1.86556897E+00	 9.88821565E+00	-1.51558963E+01	-7.82895191E+01	-1.91188238E+01	 2.68931079E+01	 1.00573067E+01	 1.69165970E+00	 6.79731627E-02
 1.640000E-01	 9.91937447E-01	 6.66632592E+00	 2.23139964E+01	 1.57171620E+01	 9.24140199E+01	 1.44733939E+01	-1.21006222E+01	-1.89050720E+00	-1.44570774E-02	 9.83936536E-02	 1.47448895E-01	 1.50718470E+00	 8.76629559E+00	-1.58069242E+01	-8.19420759E+01	-1.96348835E+01	 2.49310593E+01	 9.63312084E+00	 1.65694808E+00	 7.83036845E-02
 1.650000E-01	 1.03180574E+00	 6.91625209E+00	 2.34563875E+01	 1.50031139E+01	 8.74484549E+01	 1.35275901E+01	-1.30994592E+01	-2.33623325E+00	-8.47527985E-02	 9.11859694E-02	 8.96799360E-02	 1.08814388E+00	 7.39793539E+00	-1.66013569E+01	-8.62504194E+01	-2.02778907E+01	 2.30309003E+01	 9.20912029E+00	 1.62106586E+00	 8.94275499E-02
 1.660000E-01	 1.07087587E+00	 7.15088927E+00	 2.45647054E+01	 1.42571661E+01	 8.23836794E+01	 1.25392455E+01	-1.39965179E+01	-2.74865329E+00	-1.51780382E-01	 8.33037641E-02	 2.15375258E-02	 6.04590584E-01	 5.76746995E+00	-1.75397067E+01	-9.11926771E+01	-2.10440162E+01	 2.11964877E+01	 8.78820776E+00	 1.58422284E+00	 1.01293800E-01
 1.670000E-01	 1.10765874E+00	 7.36049218E+00	 2.56001743E+01	 1.34481716E+01	 7.70580483E+01	 1.14800564E+01	-1.48301867E+01	-3.13654489E+00	-2.16555982E-01	 7.48393154E-02	-5.80543084E-02	 5.26572414E-02	 3.85921113E+00	-1.86224954E+01	-9.67465189E+01	-2.19291195E+01	 1.94310799E+01	 8.37302554E+00	 1.54661593E+00	 1.13862717E-01
 1.680000E-01	 1.14015228E+00	 7.53273244E+00	 2.65141827E+01	 1.25383481E+01	 7.12851481E+01	 1.03167176E+01	-1.56389089E+01	-3.50894815E+00	-2.80150969E-01	 6.59241318E-02	-1.50112507E-01	-5.70889116E-01	 1.65999505E+00	-1.98479616E+01	-1.02878042E+02	-2.29267338E+01	 1.77394279E+01	 7.96645189E+00	 1.50849069E+00	 1.27103881E-01
 1.690000E-01	 1.16577101E+00	 7.65243344E+00	 2.72474368E+01	 1.14828449E+01	 6.48533135E+01	 9.01075293E+00	-1.64612096E+01	-3.87514773E+00	-3.43702544E-01	 5.67274337E-02	-2.55442982E-01	-1.26778784E+00	-8.37485130E-01	-2.12091703E+01	-1.09528489E+02	-2.40255779E+01	 1.61300087E+01	 7.57214932E+00	 1.47021157E+00	 1.40988883E-01
 1.700000E-01	 1.18130491E+00	 7.70149544E+00	 2.77299898E+01	 1.02299160E+01	 5.75291697E+01	 7.51887065E+00	-1.73350245E+01	-4.24451255E+00	-4.08407733E-01	 4.74557996E-02	-3.74459571E-01	-2.03726648E+00	-3.63056247E+00	-2.26907329E+01	-1.16598772E+02	-2.52058379E+01	 1.46175619E+01	 7.19534537E+00	 1.43239418E+00	 1.55494179E-01
 1.710000E-01	 1.18299870E+00	 7.65944126E+00	 2.78833891E+01	 8.72323154E+00	 4.90695013E+01	 5.79446289E+00	-1.82958585E+01	-4.62613506E+00	-4.75531672E-01	 3.83334285E-02	-5.06946576E-01	-2.87481234E+00	-6.70177385E+00	-2.42650779E+01	-1.23933001E+02	-2.64353966E+01	 1.32255152E+01	 6.84355009E+00	 1.39603457E+00	 1.70601587E-01
 1.720000E-01	 1.16688018E+00	 7.50508412E+00	 2.76255916E+01	 6.90876363E+00	 3.92414079E+01	 3.79185735E+00	-1.93737243E+01	-5.02808099E+00	-5.46375679E-01	 2.95593892E-02	-6.51618351E-01	-3.77024340E+00	-1.00140189E+01	-2.58866522E+01	-1.31306532E+02	-2.76727191E+01	 1.19860228E+01	 6.52556662E+00	 1.36220354E+00	 1.86203065E-01
 1.730000E-01	 1.12853840E+00	 7.21597672E+00	 2.68727513E+01	 4.73146564E+00	 2.78349463E+01	 1.46929490E+00	-2.05906151E+01	-5.45637808E+00	-6.21956444E-01	 2.13771495E-02	-8.05998031E-01	-4.70709192E+00	-1.35072174E+01	-2.74907137E+01	-1.38417523E+02	-2.88600445E+01	 1.09413324E+01	 6.25292222E+00	 1.33239472E+00	 2.02151041E-01
 1.740000E-01	 1.06372324E+00	 6.77149903E+00	 2.55481006E+01	 2.14833427E+00	 1.46966657E+01	-1.20016304E+00	-2.19544159E+01	-5.91298331E+00	-7.02643728E-01	 1.40872369E-02	-9.66252094E-01	-5.66201466E+00	-1.70961132E+01	-2.89936433E+01	-1.44885327E+02	-2.99255289E+01	 1.01427176E+01	 6.03929612E+00	 1.30845711E+00	 2.18248815E-01
 1.750000E-01	 9.69113083E-01	 6.15617776E+00	 2.35904811E+01	-8.61266710E-01	-2.43880047E-01	-4.23195406E+00	-2.34578877E+01	-6.39702840E+00	-7.88725156E-01	 7.88212528E-03	-1.12743719E+00	-6.60543934E+00	-2.06700191E+01	-3.02967109E+01	-1.50252032E+02	-3.07792530E+01	 9.65048398E+00	 5.90128054E+00	 1.29294071E+00	 2.34309885E-01
 1.760000E-01	 8.42168728E-01	 5.35969659E+00	 2.09597834E+01	-4.29918088E+00	-1.69511204E+01	-7.62489408E+00	-2.50758019E+01	-6.90350474E+00	-8.80060839E-01	 2.87246109E-03	-1.28321739E+00	-7.50067949E+00	-2.40923025E+01	-3.12823040E+01	-1.53992911E+02	-3.13134661E+01	 9.53107199E+00	 5.85766487E+00	 1.28895390E+00	 2.50127391E-01
 1.770000E-01	 6.81621564E-01	 4.37960979E+00	 1.76470342E+01	-8.13876735E+00	-3.52499190E+01	-1.13472176E+01	-2.67589892E+01	-7.42055116E+00	-9.75375597E-01	-8.32163882E-04	-1.42583103E+00	-8.30471160E+00	-2.72052174E+01	-3.18186364E+01	-1.55548540E+02	-3.14126973E+01	 9.84956309E+00	 5.92690409E+00	 1.29967879E+00	 2.65434665E-01
 1.780000E-01	 4.88288260E-01	 3.22489649E+00	 1.36843318E+01	-1.23138282E+01	-5.48005500E+01	-1.53333393E+01	-2.84328553E+01	-7.92950293E+00	-1.07235101E+00	-3.19180957E-03	-1.54667171E+00	-8.97117463E+00	-2.98397159E+01	-3.17720886E+01	-1.54368740E+02	-3.09617691E+01	 1.06620733E+01	 6.12539454E+00	 1.32822004E+00	 2.79946661E-01
 1.790000E-01	 2.65433095E-01	 1.91761810E+00	 9.15066969E+00	-1.67158264E+01	-7.50892271E+01	-1.94820218E+01	-2.99984037E+01	-8.40508031E+00	-1.16760783E+00	-4.26080293E-03	-1.63691460E+00	-9.45370425E+00	-3.18272490E+01	-3.10192389E+01	-1.49962600E+02	-2.98549167E+01	 1.20076770E+01	 6.46550715E+00	 1.37734812E+00	 2.93391165E-01
 1.800000E-01	 1.89314747E-02	 4.93489917E-01	 4.17389811E+00	-2.11949106E+01	-9.54362680E+01	-2.36563502E+01	-3.13359447E+01	-8.81600326E+00	-1.25666758E+00	-4.17718268E-03	-1.68821695E+00	-9.70980311E+00	-3.30139636E+01	-2.94601110E+01	-1.41955446E+02	-2.80081198E+01	 1.38994637E+01	 6.95304153E+00	 1.44906867E+00	 3.05521570E-01
 1.810000E-01	-2.42807320E-01	-9.98931144E-01	-1.07258603E+00	-2.55658311E+01	-1.15026763E+02	-2.76886473E+01	-3.23126032E+01	-9.12670304E+00	-1.33409005E+00	-3.14420576E-03	-1.69353503E+00	-9.70511986E+00	-3.32759777E+01	-2.70319451E+01	-1.30144392E+02	-2.53713261E+01	 1.63167304E+01	 7.58494372E+00	 1.54420723E+00	 3.16134947E-01
 1.820000E-01	-5.09311629E-01	-2.50095320E+00	-6.37907282E+00	-2.96207360E+01	-1.32962355E+02	-3.13907719E+01	-3.27931793E+01	-9.30007628E+00	-1.39381191E+00	-1.40995449E-03	-1.64797959E+00	-9.41753945E+00	-3.25329618E+01	-2.37208573E+01	-1.14539883E+02	-2.19350899E+01	 1.92012470E+01	 8.34859655E+00	 1.66231854E+00	 3.25152888E-01
 1.830000E-01	-7.68481610E-01	-3.94653399E+00	-1.15107444E+01	-3.31404074E+01	-1.48320267E+02	-3.45653798E+01	-3.26513563E+01	-9.30042252E+00	-1.42956704E+00	 7.46178102E-04	-1.54946586E+00	-8.84063564E+00	-3.07610630E+01	-1.95710891E+01	-9.54038345E+01	-1.77429768E+01	 2.24530078E+01	 9.21971378E+00	 1.80112144E+00	 3.32574467E-01
 1.840000E-01	-1.00746851E+00	-5.26714692E+00	-1.62249687E+01	-3.59127986E+01	-1.60231178E+02	-3.70219303E+01	-3.17833009E+01	-9.09710407E+00	-1.43542470E+00	 3.04929560E-03	-1.39930166E+00	-7.98627798E+00	-2.80014022E+01	-1.46902572E+01	-7.32625098E+01	-1.28955288E+01	 2.59317444E+01	 1.01624614E+01	 1.95637460E+00	 3.38485588E-01
 1.850000E-01	-1.21376954E+00	-6.39757493E+00	-2.02915676E+01	-3.77535701E+01	-1.67962362E+02	-3.85944971E+01	-3.01210576E+01	-8.66831171E+00	-1.40640671E+00	 5.26358483E-03	-1.20243469E+00	-6.88540738E+00	-2.43621168E+01	-9.24754419E+00	-4.88905447E+01	-7.54823027E+00	 2.94637085E+01	 1.11309846E+01	 2.12197153E+00	 3.43061916E-01
 1.860000E-01	-1.37636720E+00	-7.28179267E+00	-2.35133541E+01	-3.85254398E+01	-1.70994623E+02	-3.91591589E+01	-2.76436947E+01	-8.00443292E+00	-1.33911668E+00	 7.21577424E-03	-9.67326909E-01	-5.58684894E+00	-2.00135204E+01	-3.46499707E+00	-2.32667144E+01	-1.90377982E+00	 3.28530015E+01	 1.20721444E+01	 2.29022180E+00	 3.46552316E-01
 1.870000E-01	-1.48679347E+00	-7.87829559E+00	-2.57445031E+01	-3.81540749E+01	-1.69082973E+02	-3.86483402E+01	-2.43843413E+01	-7.11038726E+00	-1.23223246E+00	 8.82557748E-03	-7.05351228E-01	-4.15387537E+00	-1.51762518E+01	 2.39872537E+00	 2.49514852E+00	 3.80035133E+00	 3.58961611E+01	 1.29290723E+01	 2.45223325E+00	 3.49226135E-01
 1.880000E-01	-1.53997981E+00	-8.16415732E+00	-2.69041834E+01	-3.66379443E+01	-1.62291453E+02	-3.70583200E+01	-2.04313524E+01	-6.00613013E+00	-1.08668629E+00	 1.01642272E-02	-4.29813660E-01	-2.65905968E+00	-1.01039382E+01	 8.07002484E+00	 2.72316986E+01	 9.31003640E+00	 3.83990868E+01	 1.36457530E+01	 2.59860297E+00	 3.51347315E-01
 1.890000E-01	-1.53484123E+00	-8.13782969E+00	-2.69861609E+01	-3.40544915E+01	-1.51008188E+02	-3.44597736E+01	-1.59278212E+01	-4.72806350E+00	-9.06367156E-01	 1.12975923E-02	-1.55182831E-01	-1.17910545E+00	-5.06178951E+00	 1.32797982E+01	 4.98341926E+01	 1.43792587E+01	 4.01965815E+01	 1.41730738E+01	 2.72050650E+00	 3.53206985E-01
 1.900000E-01	-1.47428243E+00	-7.81840460E+00	-2.60556055E+01	-3.05506246E+01	-1.35902190E+02	-3.09860258E+01	-1.10572826E+01	-3.32472644E+00	-6.97399804E-01	 1.24047717E-02	 1.04436366E-01	 2.12452920E-01	-3.03692945E-01	 1.77894932E+01	 6.93386851E+01	 1.87858160E+01	 4.11655500E+01	 1.44718616E+01	 2.81002493E+00	 3.54982164E-01
 1.910000E-01	-1.36490505E+00	-7.24377349E+00	-2.42422187E+01	-2.63314715E+01	-1.17869649E+02	-2.68246089E+01	-6.03026211E+00	-1.85373357E+00	-4.67856295E-01	 1.37287503E-02	 3.36621016E-01	 1.45179459E+00	 3.94970129E+00	 2.14128967E+01	 8.50074151E+01	 2.23509393E+01	 4.12366867E+01	 1.45166616E+01	 2.86088298E+00	 3.56709575E-01
 1.920000E-01	-1.21641689E+00	-6.46682720E+00	-2.17257436E+01	-2.16427826E+01	-9.79490068E+01	-2.22002670E+01	-1.06600033E+00	-3.76970118E-01	-2.27146230E-01	 1.55182439E-02	 5.31678963E-01	 2.49034137E+00	 7.53070409E+00	 2.40335112E+01	 9.63967745E+01	 2.49617650E+01	 4.04043961E+01	 1.43001658E+01	 2.86964367E+00	 3.58437785E-01
 1.930000E-01	-1.04032972E+00	-5.54905237E+00	-1.87157286E+01	-1.67442056E+01	-7.72257286E+01	-1.73545375E+01	 3.62625799E+00	 1.04450110E+00	 1.47334281E-02	 1.79849502E-02	 6.83209615E-01	 3.29705538E+00	 1.03318904E+01	 2.56069748E+01	 1.03363526E+02	 2.65702583E+01	 3.87213140E+01	 1.38314283E+01	 2.83541879E+00	 3.60100028E-01
 1.940000E-01	-8.48904905E-01	-4.55492448E+00	-1.54318594E+01	-1.18880826E+01	-5.67425700E+01	-1.25255434E+01	 7.86354949E+00	 2.35525421E+00	 2.48019427E-01	 2.12800747E-02	 7.88334978E-01	 3.85935329E+00	 1.23090118E+01	 2.61593994E+01	 1.06052954E+02	 2.71931737E+01	 3.62911389E+01	 1.31345662E+01	 2.75988188E+00	 3.61538692E-01
 1.950000E-01	-6.54083245E-01	-3.54635858E+00	-1.20847846E+01	-7.29981548E+00	-3.74195775E+01	-7.92912074E+00	 1.15023130E+01	 3.50960968E+00	 4.63951710E-01	 2.54782897E-02	 8.47632375E-01	 4.18240824E+00	 1.34782812E+01	 2.57800146E+01	 1.04863311E+02	 2.69067145E+01	 3.32577184E+01	 1.22463116E+01	 2.64709215E+00	 3.62549432E-01
 1.960000E-01	-4.66506589E-01	-2.57783470E+00	-8.85967733E+00	-3.16199211E+00	-1.99931015E+01	-3.74364184E+00	 1.44468125E+01	 4.47452846E+00	 6.55393914E-01	 3.05705148E-02	 8.64713443E-01	 4.28668589E+00	 1.39077421E+01	 2.46077902E+01	 1.00387941E+02	 2.58351231E+01	 2.97906426E+01	 1.12123003E+01	 2.50303868E+00	 3.62912756E-01
 1.970000E-01	-2.94780514E-01	-1.69283867E+00	-5.90435758E+00	 3.95603317E-01	-4.97934265E+00	-9.99736104E-02	 1.66522057E+01	 5.23106286E+00	 8.17250716E-01	 3.64677259E-02	 8.45533524E-01	 4.20420329E+00	 1.37044480E+01	 2.28143488E+01	 9.33443045E+01	 2.41356042E+01	 2.60694974E+01	 1.00827725E+01	 2.33502576E+00	 3.62424131E-01
 1.980000E-01	-1.45029503E-01	-9.21860192E-01	-3.32278975E+00	 3.29962111E+00	 7.33599610E+00	 2.92271743E+00	 1.81223716E+01	 5.77430807E+00	 9.46649301E-01	 4.30154669E-02	 7.97561839E-01	 3.97416232E+00	 1.29995536E+01	 2.05858038E+01	 8.44997758E+01	 2.19816827E+01	 2.22687139E+01	 8.90821443E+00	 2.15097340E+00	 3.60914953E-01
 1.990000E-01	-2.07734794E-02	-2.82008185E-01	-1.17397024E+00	 5.53065722E+00	 1.68843383E+01	 5.29568554E+00	 1.89033910E+01	 6.11205983E+00	 1.04289854E+00	 5.00173869E-02	 7.28911980E-01	 3.63851058E+00	 1.19332879E+01	 1.81056304E+01	 7.46030584E+01	 1.95471865E+01	 1.85447052E+01	 7.73547235E+00	 1.95873564E+00	 3.58266298E-01
 2.000000E-01	 7.68114736E-02	 2.21741295E-01	 5.24514625E-01	 7.11496522E+00	 2.37838505E+01	 7.03587164E+00	 1.90744396E+01	 6.26273408E+00	 1.10729718E+00	 5.72566971E-02	 6.47456805E-01	 3.23764897E+00	 1.06412118E+01	 1.55392293E+01	 6.43275964E+01	 1.69934148E+01	 1.50268443E+01	 6.60505447E+00	 1.76567403E+00	 3.54470264E-01
 2.010000E-01	 1.48553386E-01	 5.94543947E-01	 1.78939886E+00	 8.11399167E+00	 2.82936306E+01	 8.19574947E+00	 1.87361651E+01	 6.25216513E+00	 1.14270199E+00	 6.45206003E-02	 5.60255587E-01	 2.80744803E+00	 9.24387200E+00	 1.30242571E+01	 5.42317823E+01	 1.44582519E+01	 1.18116972E+01	 5.54893255E+00	 1.57812935E+00	 3.49610113E-01
 2.020000E-01	 1.96950607E-01	 8.49243812E-01	 2.66168513E+00	 8.61313531E+00	 3.07555398E+01	 8.84856304E+00	 1.79971055E+01	 6.10946406E+00	 1.15283785E+00	 7.16037223E-02	 4.73196944E-01	 2.37744177E+00	 7.83998962E+00	 1.06655880E+01	 4.47378558E+01	 1.20468487E+01	 8.96013080E+00	 4.58856350E+00	 1.40066649E+00	 3.43676734E-01
 2.030000E-01	 2.25417558E-01	 1.00321368E+00	 3.19782688E+00	 8.70860945E+00	 3.15548343E+01	 9.08122490E+00	 1.69658653E+01	 5.86509183E+00	 1.14203326E+00	 7.83316225E-02	 3.90749420E-01	 1.96997614E+00	 6.50450310E+00	 8.53506670E+00	 3.61352127E+01	 9.83510456E+00	 6.50227294E+00	 3.73678684E+00	 1.23660138E+00	 3.36748595E-01
 2.040000E-01	 2.37767023E-01	 1.07587853E+00	 3.46188057E+00	 8.49764986E+00	 3.10840466E+01	 8.98586602E+00	 1.57441881E+01	 5.54873786E+00	 1.11485393E+00	 8.45724587E-02	 3.15901358E-01	 1.59997586E+00	 5.28812155E+00	 6.67267796E+00	 2.85883188E+01	 7.87008462E+00	 4.44150788E+00	 2.99858789E+00	 1.08802768E+00	 3.28979131E-01
 2.050000E-01	 2.37872000E-01	 1.08678363E+00	 3.51840681E+00	 8.07146238E+00	 2.97102497E+01	 8.65086123E+00	 1.44209070E+01	 5.18719975E+00	 1.07568996E+00	 9.02404773E-02	 2.50348243E-01	 1.27580139E+00	 4.21957040E+00	 5.09181992E+00	 2.21544153E+01	 6.17242722E+00	 2.75955575E+00	 2.37209257E+00	 9.55788542E-01	 3.20524594E-01
 2.060000E-01	 2.29323290E-01	 1.05391457E+00	 3.42687288E+00	 7.50952724E+00	 2.77529066E+01	 8.15496388E+00	 1.30685504E+01	 4.80314547E+00	 1.02847609E+00	 9.52888863E-02	 1.94685549E-01	 1.00033306E+00	 3.30931443E+00	 3.78505804E+00	 1.68076893E+01	 4.74165203E+00	 1.42293754E+00	 1.85033391E+00	 8.39723408E-01	 3.11535567E-01
 2.070000E-01	 2.15202443E-01	 9.92638634E-01	 3.23821208E+00	 6.87655092E+00	 2.54727606E+01	 7.56402827E+00	 1.17423968E+01	 4.41459482E+00	 9.76533750E-01	 9.97025068E-02	 1.48671753E-01	 7.72327641E-01	 2.55409776E+00	 2.73045311E+00	 1.24647778E+01	 3.56201471E+00	 3.89208062E-01	 1.42302888E+00	 7.38943525E-01	 3.02151988E-01
 2.080000E-01	 1.97981734E-01	 9.15249495E-01	 2.99331037E+00	 6.22181021E+00	 2.30695550E+01	 6.92983572E+00	 1.04813308E+01	 4.03494360E+00	 9.22509518E-01	 1.03490018E-01	 1.11505570E-01	 5.87805208E-01	 1.94150321E+00	 1.89757186E+00	 9.00833195E+00	 2.60810387E+00	-3.87695460E-01	 1.07815986E+00	 6.52089927E-01	 2.92497617E-01
 2.090000E-01	 1.79517317E-01	 8.30965361E-01	 2.72297417E+00	 5.58019030E+00	 2.06861849E+01	 6.29057955E+00	 9.30990417E+00	 3.67338517E+00	 8.68390950E-01	 1.06676314E-01	 8.20735744E-02	 4.41273153E-01	 1.45397877E+00	 1.25249725E+00	 6.30659372E+00	 1.84967608E+00	-9.53292334E-01	 8.03265591E-01	 5.77560234E-01	 2.82677676E-01
 2.100000E-01	 1.61107090E-01	 7.46237029E-01	 2.44891723E+00	 4.97427534E+00	 1.84168642E+01	 5.67249052E+00	 8.24104916E+00	 3.33558162E+00	 8.15580096E-01	 1.09297325E-01	 5.91489637E-02	 3.26699294E-01	 1.07203413E+00	 7.61595778E-01	 4.22803184E+00	 1.25546089E+00	-1.34966925E+00	 5.86401563E-01	 5.13694755E-01	 2.72781600E-01
 2.110000E-01	 1.43581953E-01	 6.65208458E-01	 2.18524529E+00	 4.41685218E+00	 1.63167917E+01	 5.09197935E+00	 7.27889581E+00	 3.02442188E+00	 7.64998215E-01	 1.11399255E-01	 4.15320293E-02	 2.38192954E-01	 7.76491679E-01	 3.93951280E-01	 2.65093693E+00	 7.95715187E-01	-1.61383618E+00	 4.16728979E-01	 4.58898425E-01	 2.62883025E-01
 2.120000E-01	 1.27397406E-01	 5.90177458E-01	 1.93998732E+00	 3.91318344E+00	 1.44113914E+01	 4.55760790E+00	 6.42121727E+00	 2.74067287E+00	 7.17165454E-01	 1.13028024E-01	 2.81337843E-02	 1.70425778E-01	 5.49929006E-01	 1.22638696E-01	 1.46907513E+00	 4.43575385E-01	-1.77707856E+00	 2.84744503E-01	 4.11679037E-01	 2.53021603E-01
 2.130000E-01	 1.12724069E-01	 5.22131023E-01	 1.71701313E+00	 3.46335229E+00	 1.27070559E+01	 4.07232288E+00	 5.66187558E+00	 2.48356539E+00	 6.72229731E-01	 1.14175395E-01	 1.80349177E-02	 1.18942362E-01	 3.77807194E-01	-7.41623941E-02	 5.95555266E-01	 1.77602702E-01	-1.86403378E+00	 1.82962747E-01	 3.70919890E-01	 2.43290774E-01
 2.140000E-01	 9.96357874E-02	 4.61400242E-01	 1.51744210E+00	 3.06536669E+00	 1.11965194E+01	 3.63603084E+00	 4.99271297E+00	 2.25172456E+00	 6.30293530E-01	 1.14914345E-01	 1.04656540E-02	 7.99467859E-02	 2.47546951E-01	-2.14782629E-01	-4.29629278E-02	-2.19014513E-02	-1.89540529E+00	 1.04628546E-01	 3.35434955E-01	 2.33687809E-01
 2.150000E-01	 8.80606087E-02	 4.07675215E-01	 1.34047522E+00	 2.71492161E+00	 9.86531136E+00	 3.24603050E+00	 4.40454262E+00	 2.04316562E+00	 5.91268266E-01	 1.15280297E-01	 4.81638612E-03	 5.04624497E-02	 1.49269678E-01	-3.13314615E-01	-5.03436526E-01	-1.70136652E-01	-1.88687196E+00	 4.45466502E-02	 3.04320410E-01	 2.24235814E-01
 2.160000E-01	 7.78634367E-02	 3.60367969E-01	 1.18443380E+00	 2.40698186E+00	 8.69623925E+00	 2.89861440E+00	 3.88825680E+00	 1.85574549E+00	 5.54989044E-01	 1.15297350E-01	 6.26535258E-04	 2.82330190E-02	 7.54404626E-02	-3.80318447E-01	-8.29247041E-01	-2.78679147E-01	-1.85010627E+00	-1.24858002E-03	 2.76887348E-01	 2.14969650E-01
 2.170000E-01	 6.89013191E-02	 3.18823596E-01	 1.04729638E+00	 2.13664135E+00	 7.67144843E+00	 2.58975574E+00	 3.43528952E+00	 1.68736357E+00	 5.21274671E-01	 1.14995915E-01	-2.45359926E-03	 1.15350997E-02	 2.02638495E-02	-4.23801795E-01	-1.05363993E+00	-3.56640228E-01	-1.79392348E+00	-3.58915151E-02	 2.52562175E-01	 2.05912046E-01
 2.180000E-01	 6.10323863E-02	 2.82380253E-01	 9.26958167E-01	 1.89929392E+00	 6.77372249E+00	 2.31540204E+00	 3.03780982E+00	 1.53602478E+00	 4.89933755E-01	 1.14405100E-01	-4.68973607E-03	-9.40439592E-04	-2.06792171E-02	-4.49794490E-01	-1.20185953E+00	-4.11073854E-01	-1.72488414E+00	-6.18238625E-02	 2.30879053E-01	 1.97080896E-01
 2.190000E-01	 5.41237419E-02	 2.50414320E-01	 8.21404640E-01	 1.69077128E+00	 5.98723114E+00	 2.07171733E+00	 2.68882180E+00	 1.39989432E+00	 4.60778512E-01	 1.13552730E-01	-6.28229459E-03	-1.01830168E-02	-5.07409848E-02	-4.62816571E-01	-1.29300274E+00	-4.47416739E-01	-1.64782850E+00	-8.09430009E-02	 2.11460069E-01	 1.88490621E-01
 2.200000E-01	 4.80561796E-02	 2.22365248E-01	 7.28806369E-01	 1.50740162E+00	 5.29786457E+00	 1.85522394E+00	 2.38218148E+00	 1.27732655E+00	 4.33635669E-01	 1.12466675E-01	-7.38170162E-03	-1.69388664E-02	-7.24657112E-02	-4.66243816E-01	-1.34153176E+00	-4.69848197E-01	-1.56630130E+00	-9.47205008E-02	 1.93999783E-01	 1.80154228E-01
 2.210000E-01	 4.27217158E-02	 1.97730165E-01	 6.47527748E-01	 1.34595283E+00	 4.69320617E+00	 1.66283014E+00	 2.11253502E+00	 1.16686420E+00	 4.08350610E-01	 1.11175548E-01	-8.10127833E-03	-2.17737216E-02	-8.77940222E-02	-4.62602552E-01	-1.35843801E+00	-4.81578301E-01	-1.48287496E+00	-1.04294619E-01	 1.78253293E-01	 1.72085224E-01
 2.220000E-01	 3.80135451E-02	 1.76025952E-01	 5.76042084E-01	 1.20343313E+00	 4.16214446E+00	 1.49165601E+00	 1.87512970E+00	 1.06716795E+00	 3.84761861E-01	 1.09698276E-01	-8.53265645E-03	-2.51372551E-02	-9.82275225E-02	-4.53894215E-01	-1.35206466E+00	-4.85177433E-01	-1.39941813E+00	-1.10579547E-01	 1.64009165E-01	 1.64289093E-01
 2.230000E-01	 3.38492076E-02	 1.56865088E-01	 5.13077918E-01	 1.07738179E+00	 3.69517124E+00	 1.33917744E+00	 1.66586341E+00	 9.77053623E-01	 3.62723299E-01	 1.08052721E-01	-8.74305535E-03	-2.73617620E-02	-1.04875704E-01	-4.41577463E-01	-1.32858305E+00	-4.82534683E-01	-1.31721140E+00	-1.14266426E-01	 1.51097242E-01	 1.56771219E-01
 2.240000E-01	 3.01971690E-02	 1.40018850E-01	 4.57636567E-01	 9.66101482E-01	 3.28392012E+00	 1.20307437E+00	 1.48113320E+00	 8.95456057E-01	 3.42109448E-01	 1.06266117E-01	-8.78588072E-03	-2.86915969E-02	-1.08565880E-01	-4.26714170E-01	-1.29248403E+00	-4.75172650E-01	-1.23722854E+00	-1.15974716E-01	 1.39319852E-01	 1.49507895E-01
 2.250000E-01	 2.70010117E-02	 1.25216662E-01	 4.08775431E-01	 8.67828636E-01	 2.92127775E+00	 1.08143935E+00	 1.31787417E+00	 8.21474298E-01	 3.22812061E-01	 1.04360149E-01	-8.70426337E-03	-2.93257992E-02	-1.09962643E-01	-4.10131237E-01	-1.24733787E+00	-4.64279138E-01	-1.16010218E+00	-1.16159908E-01	 1.28542630E-01	 1.42495033E-01
 2.260000E-01	 2.41680994E-02	 1.12113882E-01	 3.65601269E-01	 7.80583281E-01	 2.60143711E+00	 9.72790167E-01	 1.17353531E+00	 7.54358487E-01	 3.04733658E-01	 1.02344844E-01	-8.52914205E-03	-2.94370101E-02	-1.09639439E-01	-3.92511823E-01	-1.19629900E+00	-4.50748820E-01	-1.08617756E+00	-1.15100163E-01	 1.18717474E-01	 1.35763088E-01
 2.270000E-01	 2.16490872E-02	 1.00485031E-01	 3.27394038E-01	 7.02959345E-01	 2.31905211E+00	 8.75689637E-01	 1.04581983E+00	 6.93415584E-01	 2.87791713E-01	 1.00241517E-01	-8.28517215E-03	-2.91647965E-02	-1.08082817E-01	-3.74411359E-01	-1.14193975E+00	-4.35474895E-01	-1.01580570E+00	-1.13122169E-01	 1.09738417E-01	 1.29307126E-01
 2.280000E-01	 1.94147012E-02	 9.01683144E-02	 2.93545761E-01	 6.33870758E-01	 2.06933918E+00	 7.88759876E-01	 9.32664770E-01	 6.37992496E-01	 2.71899540E-01	 9.80671151E-02	-7.99177426E-03	-2.86023799E-02	-1.05617367E-01	-3.56169397E-01	-1.08586942E+00	-4.19045200E-01	-9.49135159E-01	-1.10472354E-01	 1.01506572E-01	 1.23115009E-01
 2.290000E-01	 1.74298404E-02	 8.09995065E-02	 2.63504518E-01	 5.72279583E-01	 1.84819821E+00	 7.10835786E-01	 8.32294571E-01	 5.87523677E-01	 2.56979530E-01	 9.58356865E-02	-7.66387965E-03	-2.78212292E-02	-1.02477975E-01	-3.38037714E-01	-1.02920892E+00	-4.01883064E-01	-8.86173645E-01	-1.07323908E-01	 9.39500664E-02	 1.17181417E-01
 2.300000E-01	 1.56618127E-02	 7.28284769E-02	 2.36777750E-01	 5.17245560E-01	 1.65203649E+00	 6.40853191E-01	 7.43140457E-01	 5.41493282E-01	 2.42954259E-01	 9.35570944E-02	-7.31443960E-03	-2.68806296E-02	-9.88448374E-02	-3.20223160E-01	-9.72756205E-01	-3.84328931E-01	-8.26868602E-01	-1.03821149E-01	 8.70017187E-02	 1.11497731E-01
 2.310000E-01	 1.40846275E-02	 6.55317883E-02	 2.12942381E-01	 4.67972814E-01	 1.47772263E+00	 5.77824721E-01	 6.63804862E-01	 4.99420384E-01	 2.29741822E-01	 9.12353330E-02	-6.95539584E-03	-2.58319382E-02	-9.48618415E-02	-3.02905546E-01	-9.17086350E-01	-3.66683388E-01	-7.71145499E-01	-1.00099570E-01	 8.05907187E-02	 1.06048562E-01
 2.320000E-01	 1.26817781E-02	 5.90323810E-02	 1.91726275E-01	 4.23915159E-01	 1.32293974E+00	 5.21173501E-01	 5.93247648E-01	 4.60981450E-01	 2.17312111E-01	 8.88913415E-02	-6.58892374E-03	-2.47035741E-02	-9.06610473E-02	-2.86132929E-01	-8.62872224E-01	-3.49123017E-01	-7.18893352E-01	-9.62253198E-02	 7.46850466E-02	 1.00839119E-01
 2.330000E-01	 1.14372353E-02	 5.32536328E-02	 1.72864630E-01	 3.84540557E-01	 1.18552942E+00	 4.70295833E-01	 5.30497329E-01	 4.25852749E-01	 2.05622635E-01	 8.65385772E-02	-6.22143865E-03	-2.35308695E-02	-8.63666112E-02	-2.69990520E-01	-8.10616614E-01	-3.31827296E-01	-6.69998619E-01	-9.22712013E-02	 6.92428608E-02	 9.58652207E-02
 2.340000E-01	 1.03288815E-02	 4.81031878E-02	 1.56080672E-01	 3.49267434E-01	 1.06349539E+00	 4.24565732E-01	 4.74648164E-01	 3.93709379E-01	 1.94616952E-01	 8.41803258E-02	-5.85988285E-03	-2.23447394E-02	-8.20629728E-02	-2.54542003E-01	-7.60573724E-01	-3.14859381E-01	-6.24273535E-01	-8.82626156E-02	 6.42411343E-02	 9.11278620E-02
 2.350000E-01	 9.34014411E-03	 4.34961335E-02	 1.41072661E-01	 3.17595549E-01	 9.54701781E-01	 3.83387728E-01	 4.24849836E-01	 3.64270431E-01	 1.84259248E-01	 8.18341618E-02	-5.51433836E-03	-2.11916697E-02	-7.78723855E-02	-2.39966052E-01	-7.13125290E-01	-2.98554324E-01	-5.81691688E-01	-8.43339455E-02	 5.96028651E-02	 8.66011654E-02
 2.360000E-01	 8.45584132E-03	 3.93643695E-02	 1.27615853E-01	 2.89102523E-01	 8.57534719E-01	 3.46256486E-01	 3.80396323E-01	 3.37278239E-01	 1.74506255E-01	 7.95066367E-02	-5.18391007E-03	-2.00737313E-02	-7.38159248E-02	-2.26220312E-01	-6.68275412E-01	-2.82961361E-01	-5.42073406E-01	-8.05166958E-02	 5.52946433E-02	 8.22763539E-02
 2.370000E-01	 7.66424213E-03	 3.56634878E-02	 1.15584979E-01	 2.63461318E-01	 7.70949353E-01	 3.12788041E-01	 3.40728742E-01	 3.12502943E-01	 1.65308488E-01	 7.71931758E-02	-4.86312315E-03	-1.89719236E-02	-6.98549076E-02	-2.13144933E-01	-6.25787219E-01	-2.67871336E-01	-5.05107103E-01	-7.67417182E-02	 5.13299177E-02	 7.81647046E-02
 2.380000E-01	 6.95955014E-03	 3.23568692E-02	 1.04831431E-01	 2.40410110E-01	 6.93709968E-01	 2.82621648E-01	 3.05310843E-01	 2.89752146E-01	 1.56637647E-01	 7.49046121E-02	-4.55663638E-03	-1.79058451E-02	-6.60366480E-02	-2.00792625E-01	-5.85715918E-01	-2.53401436E-01	-4.70684334E-01	-7.30672603E-02	 4.76624061E-02	 7.42489196E-02
 2.390000E-01	 6.33019150E-03	 2.93947050E-02	 9.51989044E-02	 2.19643089E-01	 6.24712113E-01	 2.55406140E-01	 2.73657820E-01	 2.68840366E-01	 1.48459948E-01	 7.26455126E-02	-4.26651854E-03	-1.68855077E-02	-6.23849963E-02	-1.89165051E-01	-5.48040498E-01	-2.39583726E-01	-4.38653225E-01	-6.95109704E-02	 4.42672503E-02	 7.05211467E-02
 2.400000E-01	 5.76659646E-03	 2.67349342E-02	 8.65536858E-02	 2.00897311E-01	 5.62995450E-01	 2.30827607E-01	 2.45343270E-01	 2.49599862E-01	 1.40743601E-01	 7.04195592E-02	-3.99297703E-03	-1.59138244E-02	-5.89073800E-02	-1.78235777E-01	-5.12683239E-01	-2.26421295E-01	-4.08858561E-01	-6.60825614E-02	 4.11222714E-02	 6.69734651E-02
 2.410000E-01	 5.26089777E-03	 2.43423199E-02	 7.87816110E-02	 1.83948319E-01	 5.07725404E-01	 2.08608127E-01	 2.19992349E-01	 2.31879405E-01	 1.33458762E-01	 6.82296643E-02	-3.73579551E-03	-1.49916330E-02	-5.56046441E-02	-1.67972869E-01	-4.79541871E-01	-2.13906685E-01	-3.81150150E-01	-6.27881352E-02	 3.82070557E-02	 6.35978529E-02
 2.420000E-01	 4.80687049E-03	 2.21882817E-02	 7.17881999E-02	 1.68608502E-01	 4.58188398E-01	 1.88514321E-01	 1.97283092E-01	 2.15547756E-01	 1.26579960E-01	 6.60791957E-02	-3.49456095E-03	-1.41190530E-02	-5.24759841E-02	-1.58342708E-01	-4.48514951E-01	-2.02025115E-01	-3.55385028E-01	-5.96293038E-02	 3.55043433E-02	 6.03874061E-02
 2.430000E-01	 4.40122935E-03	 2.02535639E-02	 6.54974133E-02	 1.54734781E-01	 4.13757689E-01	 1.70332929E-01	 1.76928188E-01	 2.00483812E-01	 1.20082720E-01	 6.39708686E-02	-3.26993663E-03	-1.32973649E-02	-4.95183174E-02	-1.49317565E-01	-4.19474042E-01	-1.90753713E-01	-3.31428782E-01	-5.66083980E-02	 3.29951958E-02	 5.73333123E-02
 2.440000E-01	 4.04305368E-03	 1.85262095E-02	 5.98425342E-02	 1.42222942E-01	 3.73850958E-01	 1.53859431E-01	 1.58665025E-01	 1.86575232E-01	 1.13944589E-01	 6.19079271E-02	-3.06281555E-03	-1.25258272E-02	-4.67251732E-02	-1.40860551E-01	-3.92270214E-01	-1.80070874E-01	-3.09162617E-01	-5.37346239E-02	 3.06558110E-02	 5.44233766E-02
 2.450000E-01	 3.71788235E-03	 1.69588681E-02	 5.47189418E-02	 1.30835581E-01	 3.37938410E-01	 1.38935425E-01	 1.42273625E-01	 1.73731843E-01	 1.08146032E-01	 5.98919571E-02	-2.86707275E-03	-1.17938084E-02	-4.40858986E-02	-1.32907253E-01	-3.66877595E-01	-1.69978266E-01	-2.88463620E-01	-5.09960925E-02	 2.84863499E-02	 5.16596092E-02
 2.460000E-01	 3.40915050E-03	 1.55006020E-02	 5.00405675E-02	 1.20316264E-01	 3.05646289E-01	 1.25432347E-01	 1.27575132E-01	 1.61869786E-01	 1.02663970E-01	 5.79193310E-02	-2.67508370E-03	-1.10892714E-02	-4.15859663E-02	-1.25384318E-01	-3.43281505E-01	-1.60414158E-01	-2.69180465E-01	-4.83467933E-02	 2.65064787E-02	 4.90539500E-02
 2.470000E-01	 3.12794718E-03	 1.41702067E-02	 4.57864685E-02	 1.10705078E-01	 2.76493077E-01	 1.13170254E-01	 1.14359254E-01	 1.50896019E-01	 9.74818527E-02	 5.59965990E-02	-2.49360654E-03	-1.04246084E-02	-3.92380619E-02	-1.18326354E-01	-3.21319921E-01	-1.51412055E-01	-2.51271615E-01	-4.58405982E-02	 2.46616037E-02	 4.65754913E-02
 2.480000E-01	 2.87914660E-03	 1.29773367E-02	 4.19423562E-02	 1.02006984E-01	 2.50184772E-01	 1.02023263E-01	 1.02466445E-01	 1.40729397E-01	 9.25785982E-02	 5.41228558E-02	-2.32557622E-03	-9.79925310E-03	-3.70239622E-02	-1.11700549E-01	-3.00751700E-01	-1.42893751E-01	-2.34615946E-01	-4.34669315E-02	 2.29370175E-02	 4.42142510E-02
 2.490000E-01	 2.65696062E-03	 1.19037707E-02	 3.84667854E-02	 9.41142922E-02	 2.26475575E-01	 9.19108810E-02	 9.17739944E-02	 1.31311108E-01	 8.79384294E-02	 5.22974817E-02	-2.16946373E-03	-9.21180385E-03	-3.49374088E-02	-1.05487496E-01	-2.81513349E-01	-1.34836978E-01	-2.19113700E-01	-4.12103345E-02	 2.13333736E-02	 4.19705659E-02
 2.500000E-01	 2.45871437E-03	 1.09384298E-02	 3.53268013E-02	 8.69526443E-02	 2.05118338E-01	 8.27572670E-02	 8.21710317E-02	 1.22589655E-01	 8.35502814E-02	 5.05224901E-02	-2.02385645E-03	-8.66127866E-03	-3.29807800E-02	-9.96650006E-02	-2.63585443E-01	-1.27234016E-01	-2.04692102E-01	-3.90668108E-02	 1.98444049E-02	 3.98412006E-02
 2.510000E-01	 2.28236014E-03	 1.00719269E-02	 3.24933020E-02	 8.04605348E-02	 1.85885357E-01	 7.45051067E-02	 7.35664434E-02	 1.14525481E-01	 7.94087711E-02	 4.88024502E-02	-1.88681081E-03	-8.14390319E-03	-3.11526473E-02	-9.41954930E-02	-2.46935076E-01	-1.20064105E-01	-1.91277655E-01	-3.70275348E-02	 1.84663234E-02	 3.78243469E-02
 2.520000E-01	 2.12307389E-03	 9.28558522E-03	 2.99169511E-02	 7.45303395E-02	 1.68502334E-01	 6.70168629E-02	 6.58243917E-02	 1.07043975E-01	 7.54881842E-02	 4.71313265E-02	-1.75931762E-03	-7.65988448E-03	-2.94410592E-02	-8.90692771E-02	-2.31416311E-01	-1.13305791E-01	-1.78792866E-01	-3.50940757E-02	 1.71852229E-02	 3.59098454E-02
 2.530000E-01	 1.97706012E-03	 8.56526989E-03	 2.75611891E-02	 6.90819754E-02	 1.52756353E-01	 6.01997493E-02	 5.88440816E-02	 1.00091252E-01	 7.17718300E-02	 4.55068378E-02	-1.64036548E-03	-7.20566054E-03	-2.78316547E-02	-8.42613731E-02	-2.16917538E-01	-1.06930643E-01	-1.67163361E-01	-3.32603442E-02	 1.59939890E-02	 3.40921216E-02
 2.540000E-01	 1.84274866E-03	 7.90328976E-03	 2.54010378E-02	 6.40664781E-02	 1.38467637E-01	 5.39915472E-02	 5.25464571E-02	 9.36270528E-02	 6.82488913E-02	 4.39294047E-02	-1.52915047E-03	-6.78038580E-03	-2.63196529E-02	-7.97615711E-02	-2.03382915E-01	-1.00935779E-01	-1.56335655E-01	-3.15274058E-02	 1.48839381E-02	 3.23654146E-02
 2.550000E-01	 1.72349561E-03	 7.30757440E-03	 2.34387614E-02	 5.95007967E-02	 1.25532192E-01	 4.83488810E-02	 4.68709804E-02	 8.76158605E-02	 6.49098960E-02	 4.23994483E-02	-1.42564293E-03	-6.38110868E-03	-2.48982065E-02	-7.55388366E-02	-1.90726225E-01	-9.52934173E-02	-1.46257937E-01	-2.98970463E-02	 1.38423480E-02	 3.07209856E-02
 2.560000E-01	 1.61888153E-03	 6.77972275E-03	 2.16851710E-02	 5.53699268E-02	 1.13966440E-01	 4.32537470E-02	 4.17840970E-02	 8.20245113E-02	 6.17406511E-02	 4.09108343E-02	-1.32786267E-03	-5.99843160E-03	-2.35472993E-02	-7.15178456E-02	-1.78835195E-01	-8.98762439E-02	-1.36816483E-01	-2.83158002E-02	 1.28900960E-02	 2.91687515E-02
 2.570000E-01	 1.52652739E-03	 6.30575232E-03	 2.00914399E-02	 5.16051458E-02	 1.03483225E-01	 3.86269431E-02	 3.71975293E-02	 7.68209587E-02	 5.87366093E-02	 3.94693951E-02	-1.23939294E-03	-5.64617364E-03	-2.22881228E-02	-6.77739006E-02	-1.67732069E-01	-8.47951984E-02	-1.28032579E-01	-2.68338105E-02	 1.19942723E-02	 2.76899127E-02
 2.580000E-01	 1.44036978E-03	 5.86700492E-03	 1.86221530E-02	 4.81166246E-02	 9.39496831E-02	 3.44115993E-02	 3.30559721E-02	 7.19730854E-02	 5.58868359E-02	 3.80728364E-02	-1.15692602E-03	-5.31703450E-03	-2.11067267E-02	-6.42674959E-02	-1.57372698E-01	-8.00217410E-02	-1.19847990E-01	-2.54344696E-02	 1.11597775E-02	 2.62863339E-02
 2.590000E-01	 1.36029226E-03	 5.46174081E-03	 1.72696615E-02	 4.48858084E-02	 8.52864604E-02	 3.05702387E-02	 2.93172116E-02	 6.74535335E-02	 5.31824863E-02	 3.67199531E-02	-1.07884938E-03	-5.00496424E-03	-1.99906722E-02	-6.09597364E-02	-1.47682881E-01	-7.55183545E-02	-1.12212411E-01	-2.41091201E-02	 1.03831526E-02	 2.49544013E-02
 2.600000E-01	 1.28579619E-03	 5.08714811E-03	 1.60242083E-02	 4.18901788E-02	 7.74138926E-02	 2.70644326E-02	 2.59386593E-02	 6.32349051E-02	 5.06137653E-02	 3.54089271E-02	-1.00517200E-03	-4.70869580E-03	-1.89332609E-02	-5.78372243E-02	-1.38595678E-01	-7.12641119E-02	-1.05083861E-01	-2.28540565E-02	 9.65916123E-03	 2.36894477E-02
 2.610000E-01	 1.21599849E-03	 4.73951148E-03	 1.48741755E-02	 3.91034806E-02	 7.02534695E-02	 2.38489743E-02	 2.28745716E-02	 5.92863900E-02	 4.81680836E-02	 3.41361008E-02	-9.36485028E-04	-4.42897786E-03	-1.79299904E-02	-5.48980854E-02	-1.30050683E-01	-6.72448030E-02	-9.84256772E-02	-2.16680588E-02	 8.98166101E-03	 2.24860932E-02
 2.620000E-01	 1.15162225E-03	 4.42009570E-03	 1.38177592E-02	 3.65271270E-02	 6.37531526E-02	 2.09213877E-02	 2.01090844E-02	 5.55996473E-02	 4.58454488E-02	 3.29043153E-02	-8.71447529E-04	-4.16323852E-03	-1.69796727E-02	-5.21224104E-02	-1.22044059E-01	-6.34484133E-02	-9.22083889E-02	-2.05449907E-02	 8.35039786E-03	 2.13438500E-02
 2.630000E-01	 1.09151177E-03	 4.12437301E-03	 1.28441906E-02	 3.41357960E-02	 5.78468337E-02	 1.82635325E-02	 1.76174433E-02	 5.21597804E-02	 4.36414031E-02	 3.17137321E-02	-8.08806877E-04	-3.90960578E-03	-1.60811859E-02	-4.94972001E-02	-1.14569924E-01	-5.98696534E-02	-8.64038964E-02	-1.94799993E-02	 7.76504748E-03	 2.02618593E-02
 2.640000E-01	 1.03455840E-03	 3.84827733E-03	 1.19457740E-02	 3.19037261E-02	 5.24882485E-02	 1.58533219E-02	 1.53748485E-02	 4.89486351E-02	 4.15487771E-02	 3.05625245E-02	-7.48637092E-04	-3.66865550E-03	-1.52339601E-02	-4.70178117E-02	-1.07602500E-01	-5.64917090E-02	-8.09799345E-02	-1.84654624E-02	 7.22551493E-03	 1.92389353E-02
 2.650000E-01	 9.84493005E-04	 3.60072949E-03	 1.11271433E-02	 2.98624932E-02	 4.76216129E-02	 1.36637971E-02	 1.33511483E-02	 4.59465601E-02	 3.95614153E-02	 2.94506675E-02	-6.95655438E-04	-3.44919671E-03	-1.44468608E-02	-4.47110117E-02	-1.01080809E-01	-5.33149256E-02	-7.59253569E-02	-1.75155754E-02	 6.71435168E-03	 1.82630739E-02
 2.660000E-01	 9.42098106E-04	 3.38381335E-03	 1.03856084E-02	 2.80173242E-02	 4.32051151E-02	 1.16782149E-02	 1.15256781E-02	 4.31389513E-02	 3.76739127E-02	 2.83774082E-02	-6.50636557E-04	-3.25170800E-03	-1.37172079E-02	-4.25716016E-02	-9.49589368E-02	-5.03279782E-02	-7.12142100E-02	-1.66286268E-02	 6.22778470E-03	 1.73307198E-02
 2.670000E-01	 9.02543746E-04	 3.18432781E-03	 9.70451067E-03	 2.63057882E-02	 3.92120259E-02	 9.88734238E-03	 9.88832792E-03	 4.05161573E-02	 3.58811709E-02	 2.73404386E-02	-6.08642818E-04	-3.06670511E-03	-1.30311754E-02	-4.05578789E-02	-8.92415467E-02	-4.75050796E-02	-6.68043753E-02	-1.57807557E-02	 5.78099920E-03	 1.64503802E-02
 2.680000E-01	 8.64664530E-04	 2.99700040E-03	 9.07158384E-03	 2.46999614E-02	 3.55759406E-02	 8.26575858E-03	 8.41586340E-03	 3.80645815E-02	 3.41788700E-02	 2.63396972E-02	-5.68957453E-04	-2.89311506E-03	-1.23871733E-02	-3.86634532E-02	-8.39168484E-02	-4.48508680E-02	-6.26845962E-02	-1.49769070E-02	 5.36747849E-03	 1.56172438E-02
 2.690000E-01	 8.29042454E-04	 2.82260102E-03	 8.48407800E-03	 2.31999002E-02	 3.22587067E-02	 6.79475339E-03	 7.08994317E-03	 3.57706230E-02	 3.25618758E-02	 2.53741860E-02	-5.32038681E-04	-2.73057297E-03	-1.17825750E-02	-3.68790766E-02	-7.89440914E-02	-4.23514718E-02	-5.88351673E-02	-1.42167188E-02	 4.98222882E-03	 1.48270074E-02
 2.700000E-01	 7.95778407E-04	 2.66093238E-03	 7.93941834E-03	 2.18013210E-02	 2.92333806E-02	 5.46175987E-03	 5.89682955E-03	 3.36232025E-02	 3.10255346E-02	 2.44427874E-02	-4.97821216E-04	-2.57839916E-03	-1.12142626E-02	-3.51975859E-02	-7.42932345E-02	-3.99958188E-02	-5.52361031E-02	-1.34973669E-02	 4.62325896E-03	 1.40773411E-02
 2.710000E-01	 7.64898390E-04	 2.51160903E-03	 7.43516667E-03	 2.04988984E-02	 2.64762279E-02	 4.25548642E-03	 4.82423003E-03	 3.16120967E-02	 2.95654041E-02	 2.35443383E-02	-4.66257964E-04	-2.43623642E-03	-1.06800606E-02	-3.36137958E-02	-6.99408658E-02	-3.77752623E-02	-5.18699124E-02	-1.28165625E-02	 4.28870018E-03	 1.33660669E-02
 2.720000E-01	 7.36771046E-04	 2.37536888E-03	 6.97066412E-03	 1.92926973E-02	 2.39686957E-02	 3.16760036E-03	 3.86232943E-03	 2.97286643E-02	 2.81778635E-02	 2.26780306E-02	-4.37434480E-04	-2.30374151E-03	-1.01782853E-02	-3.21213241E-02	-6.58645964E-02	-3.56806823E-02	-4.87209940E-02	-1.21726657E-02	 3.97621851E-03	 1.26907764E-02
 2.730000E-01	 7.11388671E-04	 2.25219527E-03	 6.54463841E-03	 1.81801056E-02	 2.16961077E-02	 2.19016826E-03	 3.00253304E-03	 2.79645824E-02	 2.68591787E-02	 2.18427039E-02	-4.11329584E-04	-2.17990532E-03	-9.70636848E-03	-3.07094412E-02	-6.20393452E-02	-3.36973254E-02	-4.57708724E-02	-1.15610474E-02	 3.68546384E-03	 1.20502349E-02
 2.740000E-01	 6.87032773E-04	 2.13626002E-03	 6.14634796E-03	 1.71327119E-02	 1.96187034E-02	 1.30815582E-03	 2.23198847E-03	 2.63114470E-02	 2.56057143E-02	 2.10374626E-02	-3.86933564E-04	-2.06338964E-03	-9.26052588E-03	-2.93750772E-02	-5.84553029E-02	-3.18240873E-02	-4.30046155E-02	-1.09779145E-02	 3.41780749E-03	 1.14445206E-02
 2.750000E-01	 6.62621432E-04	 2.02266189E-03	 5.76394434E-03	 1.61264229E-02	 1.76811197E-02	 4.99403955E-04	 1.53286946E-03	 2.47598097E-02	 2.44142608E-02	 2.02624678E-02	-3.63599286E-04	-1.95382587E-03	-8.83853876E-03	-2.81227951E-02	-5.51047370E-02	-3.00779989E-02	-4.04238981E-02	-1.04338821E-02	 3.16462001E-03	 1.08676039E-02
 2.760000E-01	 6.38559952E-04	 1.91386051E-03	 5.40464486E-03	 1.51708587E-02	 1.59126685E-02	-2.31083061E-04	 9.07777842E-04	 2.33039723E-02	 2.32808535E-02	 1.95151101E-02	-3.40239059E-04	-1.84660956E-03	-8.43404329E-03	-2.69190324E-02	-5.19603623E-02	-2.84193189E-02	-3.80008523E-02	-9.91349769E-03	 2.93180740E-03	 1.03220878E-02
 2.770000E-01	 6.16900413E-04	 1.81528532E-03	 5.07437080E-03	 1.42879892E-02	 1.43066728E-02	-8.84197208E-04	 3.51193051E-04	 2.19381498E-02	 2.22028562E-02	 1.87948953E-02	-3.18628849E-04	-1.74509901E-03	-8.05138472E-03	-2.57737677E-02	-4.90033907E-02	-2.68472564E-02	-3.57291477E-02	-9.42027751E-03	 2.71398077E-03	 9.80368919E-03
 2.780000E-01	 5.97554699E-04	 1.72624369E-03	 4.77067741E-03	 1.34722125E-02	 1.28465355E-02	-1.46590784E-03	-1.43406534E-04	 2.06567157E-02	 2.11774889E-02	 1.81009968E-02	-2.99151499E-04	-1.65095755E-03	-7.69191272E-03	-2.46945619E-02	-4.62297239E-02	-2.53632224E-02	-3.36001131E-02	-8.95289530E-03	 2.51089751E-03	 9.31162733E-03
 2.790000E-01	 5.80918906E-04	 1.64739529E-03	 4.49310014E-03	 1.27237063E-02	 1.15192416E-02	-1.98145644E-03	-5.81703140E-04	 1.94541961E-02	 2.02020776E-02	 1.74325422E-02	-2.81969481E-04	-1.56491321E-03	-7.35603258E-03	-2.36828838E-02	-4.36335552E-02	-2.39650921E-02	-3.16056048E-02	-8.51027538E-03	 2.32168311E-03	 8.84470059E-03
 2.800000E-01	 5.68685761E-04	 1.58296302E-03	 4.24608827E-03	 1.20590886E-02	 1.03173481E-02	-2.42629686E-03	-9.62987533E-04	 1.83301339E-02	 1.92770959E-02	 1.67904626E-02	-2.66508040E-04	-1.48585556E-03	-7.04296213E-03	-2.27313077E-02	-4.12148867E-02	-2.26499059E-02	-2.97387083E-02	-8.09082301E-03	 2.14616627E-03	 8.40246423E-03
 2.810000E-01	 5.62468857E-04	 1.53702713E-03	 4.03439700E-03	 1.14960351E-02	 9.23599259E-03	-2.78619603E-03	-1.27830608E-03	 1.72915141E-02	 1.84080107E-02	 1.61786696E-02	-2.51840539E-04	-1.41126579E-03	-6.75175221E-03	-2.18231852E-02	-3.89767663E-02	-2.14122906E-02	-2.79925212E-02	-7.69134182E-03	 1.98549840E-03	 7.98573542E-03
 2.820000E-01	 5.60183711E-04	 1.50395943E-03	 3.84755436E-03	 1.10046412E-02	 8.25545286E-03	-3.09515682E-03	-1.55176996E-03	 1.63176135E-02	 1.75822099E-02	 1.55903819E-02	-2.39539634E-04	-1.34301805E-03	-6.47991231E-03	-2.09649722E-02	-3.68690329E-02	-2.02452951E-02	-2.63572748E-02	-7.31626580E-03	 1.83253902E-03	 7.58806422E-03
 2.830000E-01	 5.58977171E-04	 1.47555439E-03	 3.67413063E-03	 1.05456314E-02	 7.35689522E-03	-3.36925417E-03	-1.79287657E-03	 1.54005918E-02	 1.67949176E-02	 1.50231183E-02	-2.26687991E-04	-1.27499783E-03	-6.21603402E-03	-2.01368629E-02	-3.48775621E-02	-1.91403599E-02	-2.48194128E-02	-6.95975371E-03	 1.69062300E-03	 7.21069357E-03
 2.840000E-01	 5.57363577E-04	 1.44733987E-03	 3.51031584E-03	 1.00963648E-02	 6.53874615E-03	-3.60801772E-03	-2.00030209E-03	 1.45389940E-02	 1.60447144E-02	 1.44757391E-02	-2.10690084E-04	-1.20237017E-03	-5.95351277E-03	-1.93202260E-02	-3.30076671E-02	-1.80841186E-02	-2.33622742E-02	-6.60910485E-03	 1.56852162E-03	 6.85881081E-03
 2.850000E-01	 5.57642426E-04	 1.42528273E-03	 3.36061861E-03	 9.68317285E-03	 5.78868583E-03	-3.81759571E-03	-2.18213253E-03	 1.37270152E-02	 1.53294329E-02	 1.39483001E-02	-1.95813877E-04	-1.13348053E-03	-5.70371210E-03	-1.85451247E-02	-3.12376576E-02	-1.70886188E-02	-2.19953332E-02	-6.28001014E-03	 1.45181547E-03	 6.52235437E-03
 2.860000E-01	 5.60241496E-04	 1.41144444E-03	 3.22793012E-03	 9.31552744E-03	 5.11679111E-03	-3.99644752E-03	-2.33846629E-03	 1.29614920E-02	 1.46468466E-02	 1.34395738E-02	-1.82969634E-04	-1.06962781E-03	-5.46783339E-03	-1.78117859E-02	-2.95550115E-02	-1.61440771E-02	-2.07104014E-02	-5.96958082E-03	 1.34046238E-03	 6.20068720E-03
 2.870000E-01	 5.64420324E-04	 1.40365304E-03	 3.10922182E-03	 8.98193899E-03	 4.51657851E-03	-4.14675824E-03	-2.47106931E-03	 1.22402202E-02	 1.39955406E-02	 1.29489163E-02	-1.71112861E-04	-1.00905807E-03	-5.24300950E-03	-1.71145799E-02	-2.79613109E-02	-1.52483456E-02	-1.95011410E-02	-5.67471717E-03	 1.23640089E-03	 5.89468435E-03
 2.880000E-01	 5.68980738E-04	 1.39853627E-03	 2.99910945E-03	 8.66730308E-03	 3.97623078E-03	-4.27411334E-03	-2.58356690E-03	 1.15602370E-02	 1.33740243E-02	 1.24757690E-02	-1.59518393E-04	-9.50005667E-04	-5.02662045E-03	-1.64455048E-02	-2.64516144E-02	-1.43981767E-02	-1.83625749E-02	-5.39437787E-03	 1.13944856E-03	 5.60378096E-03
 2.890000E-01	 5.71781037E-04	 1.39029500E-03	 2.88903401E-03	 8.34734378E-03	 3.48157885E-03	-4.38652442E-03	-2.68039308E-03	 1.09183357E-02	 1.27807479E-02	 1.20195512E-02	-1.47719207E-04	-8.91034853E-04	-4.81650862E-03	-1.57973588E-02	-2.50181027E-02	-1.35894355E-02	-1.72894078E-02	-5.12740897E-03	 1.04933626E-03	 5.32731970E-03
 2.900000E-01	 5.69239420E-04	 1.36893888E-03	 2.76569937E-03	 7.97719007E-03	 3.01552628E-03	-4.50245738E-03	-2.77286897E-03	 1.03053705E-02	 1.22098911E-02	 1.15769668E-02	-1.36039836E-04	-8.33326300E-04	-4.61212161E-03	-1.51777995E-02	-2.36509173E-02	-1.28209177E-02	-1.62754235E-02	-4.87247835E-03	 9.66074018E-04	 5.06444893E-03
 2.910000E-01	 5.59651429E-04	 1.33028883E-03	 2.62342477E-03	 7.53664515E-03	 2.57624328E-03	-4.64555353E-03	-2.88002441E-03	 9.70257352E-03	 1.16484351E-02	 1.11401144E-02	-1.27016473E-04	-7.82950873E-04	-4.41742826E-03	-1.46148065E-02	-2.23295075E-02	-1.20939078E-02	-1.53177042E-02	-4.63394490E-03	 8.84212100E-04	 4.81004216E-03
 2.920000E-01	 5.47784533E-04	 1.28840341E-03	 2.48234609E-03	 7.09785329E-03	 2.18946069E-03	-4.77266803E-03	-2.97438518E-03	 9.13029594E-03	 1.11101332E-02	 1.07175326E-02	-1.20801190E-04	-7.39509756E-04	-4.23805220E-03	-1.40932852E-02	-2.10795422E-02	-1.14029066E-02	-1.44181442E-02	-4.40941465E-03	 8.05175299E-04	 4.56620201E-03
 2.930000E-01	 5.35838336E-04	 1.24883622E-03	 2.34941633E-03	 6.68608939E-03	 1.85215364E-03	-4.87286084E-03	-3.05015620E-03	 8.59296973E-03	 1.05982726E-02	 1.03115040E-02	-1.16971844E-04	-7.01982628E-04	-4.07444227E-03	-1.36051102E-02	-1.99091813E-02	-1.07480245E-02	-1.35754643E-02	-4.19782220E-03	 7.29826715E-04	 4.33371801E-03
 2.940000E-01	 5.23187498E-04	 1.20803618E-03	 2.21872293E-03	 6.28050101E-03	 1.53620331E-03	-4.95631601E-03	-3.11354526E-03	 8.08785317E-03	 1.01117373E-02	 9.92187071E-03	-1.13502882E-04	-6.67417651E-04	-3.92066532E-03	-1.31467262E-02	-1.88224870E-02	-1.01359853E-02	-1.27868678E-02	-3.99799199E-03	 6.60186478E-04	 4.11367710E-03
 2.950000E-01	 5.09316059E-04	 1.16426505E-03	 2.08770780E-03	 5.87301537E-03	 1.23415756E-03	-5.02693564E-03	-3.16639103E-03	 7.61285504E-03	 9.64933451E-03	 9.54799645E-03	-1.09614723E-04	-6.33923202E-04	-3.77362445E-03	-1.27091681E-02	-1.78126381E-02	-9.56168905E-03	-1.20466499E-02	-3.80737730E-03	 5.97291742E-04	 3.90633469E-03
 2.960000E-01	 4.94710832E-04	 1.11911254E-03	 1.95837180E-03	 5.47183508E-03	 9.49189893E-04	-5.08441171E-03	-3.20905535E-03	 7.16600751E-03	 9.20973312E-03	 9.18917254E-03	-1.05903538E-04	-6.02028989E-04	-3.63397703E-03	-1.22904904E-02	-1.68684423E-02	-9.02037208E-03	-1.13516752E-02	-3.62644967E-03	 5.39206464E-04	 3.70991213E-03
 2.970000E-01	 4.80030260E-04	 1.07429412E-03	 1.83312696E-03	 5.08391196E-03	 6.83339091E-04	-5.12802632E-03	-3.24165293E-03	 6.74577894E-03	 8.79176288E-03	 8.84475826E-03	-1.02673741E-04	-5.72374947E-04	-3.50223829E-03	-1.18924655E-02	-1.59851782E-02	-8.51027269E-03	-1.06989933E-02	-3.45468391E-03	 4.85526186E-04	 3.52375312E-03
 2.980000E-01	 4.66110580E-04	 1.03183204E-03	 1.71476839E-03	 4.71671443E-03	 4.37960482E-04	-5.15704152E-03	-3.26432159E-03	 6.35075699E-03	 8.39433878E-03	 8.51415564E-03	-1.00197776E-04	-5.45705341E-04	-3.37909590E-03	-1.15177135E-02	-1.51604172E-02	-8.03057663E-03	-1.00861734E-02	-3.29158787E-03	 4.36025416E-04	 3.34736898E-03
 2.990000E-01	 4.54430990E-04	 9.95299209E-04	 1.60828369E-03	 4.38329266E-03	 2.16147258E-04	-5.16924645E-03	-3.27658167E-03	 5.97979615E-03	 8.01645613E-03	 8.19676415E-03	-9.83839113E-05	-5.22116464E-04	-3.26422012E-03	-1.11668298E-02	-1.43930929E-02	-7.58021871E-03	-9.51075403E-03	-3.13631783E-03	 3.90870384E-04	 3.18057870E-03
 3.000000E-01	 4.47754490E-04	 9.71709089E-04	 1.52290388E-03	 4.11261588E-03	 2.36134949E-05	-5.15454938E-03	-3.27272051E-03	 5.63638182E-03	 7.66044244E-03	 7.89413925E-03	-9.68742090E-05	-5.00899970E-04	-3.15723025E-03	-1.08353660E-02	-1.36853897E-02	-7.15807966E-03	-8.97187028E-03	-2.98844551E-03	 3.50044543E-04	 3.02342956E-03
 3.010000E-01	 4.48738075E-04	 9.67768777E-04	 1.46589651E-03	 3.93519136E-03	-1.42059440E-04	-5.09695318E-03	-3.24123064E-03	 5.33133402E-03	 7.33443041E-03	 7.61190830E-03	-9.57316462E-05	-4.81703075E-04	-3.06030973E-03	-1.05176892E-02	-1.30425489E-02	-6.76727099E-03	-8.47157111E-03	-2.84912812E-03	 3.12889033E-04	 2.87596152E-03
 3.020000E-01	 4.54388806E-04	 9.76118579E-04	 1.42694423E-03	 3.81359110E-03	-2.80542044E-04	-5.02016395E-03	-3.19826272E-03	 5.04805954E-03	 7.02604728E-03	 7.34179904E-03	-9.59616741E-05	-4.66250878E-04	-2.97260660E-03	-1.02209529E-02	-1.24407189E-02	-6.39945007E-03	-7.99987069E-03	-2.71526355E-03	 2.79841804E-04	 2.73694039E-03
 3.030000E-01	 4.62283083E-04	 9.90398275E-04	 1.39752491E-03	 3.71722711E-03	-3.97100758E-04	-4.93670427E-03	-3.15102796E-03	 4.78027596E-03	 6.73093614E-03	 7.08109730E-03	-9.75236161E-05	-4.54614089E-04	-2.89227702E-03	-9.94745300E-03	-1.18714996E-02	-6.05236083E-03	-7.55403473E-03	-2.58708423E-03	 2.49831240E-04	 2.60499626E-03
 3.040000E-01	 4.71495952E-04	 1.00820983E-03	 1.37415303E-03	 3.63543357E-03	-4.95514325E-04	-4.84973135E-03	-3.10101853E-03	 4.52676687E-03	 6.44840772E-03	 6.82947528E-03	-1.00284176E-04	-4.46439904E-04	-2.81851743E-03	-9.69517058E-03	-1.13325748E-02	-5.72467578E-03	-7.13309027E-03	-2.46497541E-03	 2.22033770E-04	 2.47933783E-03
 3.050000E-01	 4.81812542E-04	 1.02897313E-03	 1.35584866E-03	 3.56540318E-03	-5.77690034E-04	-4.76019426E-03	-3.04883699E-03	 4.28667839E-03	 6.17789005E-03	 6.58662092E-03	-1.04058264E-04	-4.41264840E-04	-2.75053016E-03	-9.46150503E-03	-1.08223190E-02	-5.41503655E-03	-6.73566138E-03	-2.34873527E-03	 1.96206369E-04	 2.35959572E-03
 3.060000E-01	 4.93290924E-04	 1.05290157E-03	 1.34276642E-03	 3.50790317E-03	-6.43621176E-04	-4.66787363E-03	-2.99454077E-03	 4.05936054E-03	 5.91886791E-03	 6.35222796E-03	-1.08746812E-04	-4.38765870E-04	-2.68772375E-03	-9.24415990E-03	-1.03388342E-02	-5.12212574E-03	-6.36047650E-03	-2.23823878E-03	 1.72037634E-04	 2.24536223E-03
 3.070000E-01	 5.05881320E-04	 1.08040238E-03	 1.33495478E-03	 3.46644529E-03	-6.90905546E-04	-4.57178724E-03	-2.93781987E-03	 3.84420430E-03	 5.67083012E-03	 6.12596904E-03	-1.14683648E-04	-4.39095675E-04	-2.63048608E-03	-9.04055046E-03	-9.87738217E-03	-4.84340876E-03	-6.00644752E-03	-2.13399160E-03	 1.48378559E-04	 2.13563068E-03
 3.080000E-01	 5.19041221E-04	 1.10975183E-03	 1.32968173E-03	 3.43266044E-03	-7.27109745E-04	-4.47480498E-03	-2.87995985E-03	 3.64057379E-03	 5.43350928E-03	 5.90774840E-03	-1.20825524E-04	-4.39985846E-04	-2.57534325E-03	-8.84283753E-03	-9.43537546E-03	-4.57653136E-03	-5.67029422E-03	-2.03393072E-03	 1.26786366E-04	 2.03124036E-03
 3.090000E-01	 5.31449677E-04	 1.13605181E-03	 1.32085307E-03	 3.38044290E-03	-7.68939816E-04	-4.38506227E-03	-2.82461734E-03	 3.44720676E-03	 5.20652418E-03	 5.69753227E-03	-1.24776767E-04	-4.36935100E-04	-2.51491611E-03	-8.63881010E-03	-9.01323819E-03	-4.32118776E-03	-5.34943552E-03	-1.93601723E-03	 1.09342946E-04	 1.93347788E-03
 3.100000E-01	 5.41643606E-04	 1.15589734E-03	 1.30424990E-03	 3.29707274E-03	-8.15248910E-04	-4.30629530E-03	-2.77414012E-03	 3.26130615E-03	 4.98780022E-03	 5.49394112E-03	-1.26776411E-04	-4.29789836E-04	-2.44906726E-03	-8.42464246E-03	-8.60449446E-03	-4.07410948E-03	-5.04339438E-03	-1.84164464E-03	 9.38490815E-05	 1.84054067E-03
 3.110000E-01	 5.49513274E-04	 1.17028695E-03	 1.28100344E-03	 3.19112611E-03	-8.54341071E-04	-4.23870032E-03	-2.73096110E-03	 3.07804978E-03	 4.77322618E-03	 5.29411744E-03	-1.28623361E-04	-4.21675815E-04	-2.38209818E-03	-8.20896901E-03	-8.20149978E-03	-3.83317844E-03	-4.75181533E-03	-1.75289840E-03	 7.73025399E-05	 1.74983012E-03
 3.120000E-01	 5.56836953E-04	 1.18354464E-03	 1.25711850E-03	 3.08223551E-03	-8.85275277E-04	-4.17209857E-03	-2.68838770E-03	 2.90316560E-03	 4.56692264E-03	 5.10083957E-03	-1.29724924E-04	-4.11885309E-04	-2.31399869E-03	-7.99089688E-03	-7.81317184E-03	-3.60057645E-03	-4.47503458E-03	-1.66845078E-03	 6.14255168E-05	 1.66286326E-03
 3.130000E-01	 5.64527491E-04	 1.19760390E-03	 1.23516282E-03	 2.97776918E-03	-9.10168245E-04	-4.10379823E-03	-2.64476698E-03	 2.73799428E-03	 4.36988893E-03	 4.91481555E-03	-1.29552873E-04	-3.99459903E-04	-2.24371196E-03	-7.76755088E-03	-7.44150021E-03	-3.37687207E-03	-4.21244099E-03	-1.58759632E-03	 4.69566406E-05	 1.58017466E-03
 3.140000E-01	 5.72725458E-04	 1.21275411E-03	 1.21536493E-03	 2.87873215E-03	-9.29820446E-04	-4.03398607E-03	-2.60032353E-03	 2.58196418E-03	 4.18167249E-03	 4.73576158E-03	-1.27890715E-04	-3.83788157E-04	-2.17039717E-03	-7.53638417E-03	-7.08414941E-03	-3.16105288E-03	-3.96294280E-03	-1.51009989E-03	 3.38006666E-05	 1.50154046E-03
 3.150000E-01	 5.81294308E-04	 1.22860181E-03	 1.19705318E-03	 2.78328506E-03	-9.45370595E-04	-3.96348263E-03	-2.55551143E-03	 2.43443712E-03	 4.00179571E-03	 4.56338776E-03	-1.24475779E-04	-3.64171156E-04	-2.09303715E-03	-7.29489451E-03	-6.73864219E-03	-2.95212004E-03	-3.72559043E-03	-1.43586667E-03	 2.17422523E-05	 1.42665111E-03
 3.160000E-01	 5.89997336E-04	 1.24420031E-03	 1.17899483E-03	 2.68751998E-03	-9.59434010E-04	-3.89417749E-03	-2.51151692E-03	 2.29434528E-03	 3.82946820E-03	 4.39716681E-03	-1.18908694E-04	-3.39710518E-04	-2.01033826E-03	-7.04025444E-03	-6.40269035E-03	-2.74990925E-03	-3.50035530E-03	-1.36566829E-03	 9.91949276E-06	 1.35471652E-03
 3.170000E-01	 5.98251543E-04	 1.25873137E-03	 1.16009611E-03	 2.58873838E-03	-9.71592629E-04	-3.82524157E-03	-2.46721936E-03	 2.16204922E-03	 3.66488813E-03	 4.23714324E-03	-1.10938717E-04	-3.09845588E-04	-1.92206905E-03	-6.77061904E-03	-6.07724295E-03	-2.55172126E-03	-3.28422071E-03	-1.29656079E-03	 5.52088242E-07	 1.28728446E-03
 3.180000E-01	 6.05722733E-04	 1.27181701E-03	 1.13886599E-03	 2.48526845E-03	-9.84383283E-04	-3.75789668E-03	-2.42331532E-03	 2.03716510E-03	 3.50806283E-03	 4.08356566E-03	-1.01609587E-04	-2.76599007E-04	-1.83099695E-03	-6.49427532E-03	-5.76157518E-03	-2.36011524E-03	-3.07812311E-03	-1.22995240E-03	-7.62512979E-06	 1.22339725E-03
 3.190000E-01	 6.11816240E-04	 1.28172405E-03	 1.11283821E-03	 2.37018539E-03	-1.00041592E-03	-3.69435163E-03	-2.38091649E-03	 1.91880074E-03	 3.35835065E-03	 3.93601877E-03	-9.12175602E-05	-2.40764449E-04	-1.73811886E-03	-6.21487875E-03	-5.45541739E-03	-2.17600163E-03	-2.88232855E-03	-1.16643278E-03	-1.52330154E-05	 1.16246051E-03
 3.200000E-01	 6.15616968E-04	 1.28610842E-03	 1.07902384E-03	 2.23432344E-03	-1.02214446E-03	-3.63686854E-03	-2.34105822E-03	 1.80599239E-03	 3.21501945E-03	 3.79396145E-03	-7.97547042E-05	-2.02455576E-04	-1.64364533E-03	-5.93331325E-03	-5.15896474E-03	-1.99892935E-03	-2.69608535E-03	-1.10551805E-03	-2.20281126E-05	 1.10451347E-03
 3.210000E-01	 6.16382317E-04	 1.28314057E-03	 1.03501703E-03	 2.07072582E-03	-1.05173320E-03	-3.58787813E-03	-2.30528812E-03	 1.69722947E-03	 3.07694207E-03	 3.65662764E-03	-6.74714229E-05	-1.62264894E-04	-1.54828948E-03	-5.65230643E-03	-4.87189511E-03	-1.82903348E-03	-2.51901022E-03	-1.04727525E-03	-2.82467758E-05	 1.04922259E-03
 3.220000E-01	 6.13922001E-04	 1.27218903E-03	 9.80121941E-04	 1.87766172E-03	-1.09204951E-03	-3.54698438E-03	-2.27296359E-03	 1.59326657E-03	 2.94477040E-03	 3.52449040E-03	-5.44343919E-05	-1.20556155E-04	-1.45279304E-03	-5.37402812E-03	-4.59610899E-03	-1.66703802E-03	-2.35100201E-03	-9.91377975E-04	-3.35512236E-05	 9.96823018E-04
 3.230000E-01	 6.08338710E-04	 1.25314228E-03	 9.14556325E-04	 1.65439915E-03	-1.14588678E-03	-3.51442795E-03	-2.24414952E-03	 1.49407873E-03	 2.81851625E-03	 3.39758213E-03	-4.07024260E-05	-7.78178830E-05	-1.35778076E-03	-5.10183592E-03	-4.33353892E-03	-1.51412959E-03	-2.19173432E-03	-9.37320060E-04	-3.73857187E-05	 9.47644156E-04
 3.240000E-01	 5.99595755E-04	 1.22670300E-03	 8.38901376E-04	 1.40829775E-03	-1.20814350E-03	-3.48737903E-03	-2.21768491E-03	 1.39952483E-03	 2.69776413E-03	 3.27553141E-03	-2.75570577E-05	-3.65629748E-05	-1.26727194E-03	-4.84281392E-03	-4.08504619E-03	-1.37137947E-03	-2.04224035E-03	-8.86322072E-04	-4.10595583E-05	 9.00686991E-04
 3.250000E-01	 5.87424519E-04	 1.19327925E-03	 7.53778732E-04	 1.14612396E-03	-1.27131152E-03	-3.46232865E-03	-2.19192563E-03	 1.30957414E-03	 2.58206690E-03	 3.15784587E-03	-1.60960033E-05	 1.05605562E-06	-1.18489744E-03	-4.60243806E-03	-3.85159245E-03	-1.23844615E-03	-1.90304621E-03	-8.39052052E-04	-4.55286697E-05	 8.55242612E-04
 3.260000E-01	 5.71954775E-04	 1.15225522E-03	 6.59392062E-04	 8.61773646E-04	-1.34164564E-03	-3.44226369E-03	-2.16853023E-03	 1.22347090E-03	 2.47109954E-03	 3.04441281E-03	-5.94391935E-06	 3.52330194E-05	-1.10969995E-03	-4.38343659E-03	-3.63518886E-03	-1.11725325E-03	-1.77397862E-03	-7.95156418E-04	-5.01285606E-05	 8.11701369E-04
 3.270000E-01	 5.53177552E-04	 1.10291220E-03	 5.55328695E-04	 5.50396998E-04	-1.42475217E-03	-3.42930095E-03	-2.14840531E-03	 1.14089438E-03	 2.36480172E-03	 2.93523532E-03	 3.06340764E-06	 6.58911308E-05	-1.04149327E-03	-4.18747346E-03	-3.43722569E-03	-1.00832513E-03	-1.65392695E-03	-7.53420549E-04	-5.36434721E-05	 7.70837391E-04
 3.280000E-01	 5.31273873E-04	 1.04602150E-03	 4.42706157E-04	 2.17638886E-04	-1.51751884E-03	-3.42150114E-03	-2.13064453E-03	 1.06185404E-03	 2.26298810E-03	 2.83012445E-03	 1.00934594E-05	 9.13763203E-05	-9.82721575E-04	-4.01856417E-03	-3.25762845E-03	-9.11627001E-04	-1.54298800E-03	-7.14223424E-04	-5.66429642E-05	 7.32166965E-04
 3.290000E-01	 5.07052115E-04	 9.83759826E-04	 3.24827782E-04	-1.26187440E-04	-1.61535448E-03	-3.41586546E-03	-2.11395656E-03	 9.86500324E-04	 2.16550060E-03	 2.72890525E-03	 1.44527629E-05	 1.10104374E-04	-9.35497828E-04	-3.88173173E-03	-3.09748144E-03	-8.27751374E-04	-1.44135399E-03	-6.77809075E-04	-5.94297852E-05	 6.95412703E-04
 3.300000E-01	 4.81563629E-04	 9.18792353E-04	 2.05581454E-04	-4.69219761E-04	-1.71434902E-03	-3.40869870E-03	-2.09641063E-03	 9.15773120E-04	 2.07284103E-03	 2.63187525E-03	 1.56119142E-05	 1.20778609E-04	-9.01610503E-04	-3.78100536E-03	-2.95840744E-03	-7.57404190E-04	-1.34924536E-03	-6.44248456E-04	-6.20545336E-05	 6.60538551E-04
 3.310000E-01	 4.55715979E-04	 8.53258263E-04	 8.81248247E-05	-8.02317457E-04	-1.81244045E-03	-3.39616622E-03	-2.07532576E-03	 8.51820479E-04	 1.98658241E-03	 2.54011334E-03	 1.32713063E-05	 1.22563227E-04	-8.82466945E-04	-3.71854243E-03	-2.84237949E-03	-7.01262704E-04	-1.26698188E-03	-6.13483533E-04	-6.43627906E-05	 6.27748692E-04
 3.320000E-01	 4.29947310E-04	 7.88043662E-04	-2.58036579E-05	-1.12395033E-03	-1.90697115E-03	-3.37995158E-03	-2.05260684E-03	 7.92038317E-04	 1.90448910E-03	 2.45200871E-03	 6.98126167E-06	 1.14486055E-04	-8.78573762E-04	-3.69713951E-03	-2.74782509E-03	-6.58684053E-04	-1.19355943E-03	-5.85302274E-04	-6.64324022E-05	 5.96724690E-04
 3.330000E-01	 4.04882878E-04	 7.24772888E-04	-1.34131222E-04	-1.42764240E-03	-1.99498572E-03	-3.35896566E-03	-2.02803853E-03	 7.35890114E-04	 1.82594239E-03	 2.36708840E-03	-3.83430556E-06	 9.52753008E-05	-8.91157002E-04	-3.72027932E-03	-2.67467173E-03	-6.29362519E-04	-1.12823212E-03	-5.59300991E-04	-6.80688732E-05	 5.67462687E-04
 3.340000E-01	 3.81248423E-04	 6.65470030E-04	-2.34278645E-04	-1.70463195E-03	-2.07220305E-03	-3.33081741E-03	-2.00055583E-03	 6.83561760E-04	 1.75086052E-03	 2.28524652E-03	-1.95417143E-05	 6.42686903E-05	-9.20665009E-04	-3.78836756E-03	-2.62230644E-03	-6.12734198E-04	-1.07086303E-03	-5.35738456E-04	-6.96761493E-05	 5.39606753E-04
 3.350000E-01	 3.59745837E-04	 6.11846453E-04	-3.23665011E-04	-1.94890545E-03	-2.13552354E-03	-3.29399206E-03	-1.96950224E-03	 6.35092631E-04	 1.67910784E-03	 2.20633642E-03	-3.97947439E-05	 2.23014111E-05	-9.65413197E-04	-3.89671582E-03	-2.58906473E-03	-6.07182563E-04	-1.02078636E-03	-5.14506987E-04	-7.13503337E-05	 5.13026584E-04
 3.360000E-01	 3.40921372E-04	 5.65159719E-04	-4.00542330E-04	-2.15659727E-03	-2.18368816E-03	-3.24784700E-03	-1.93462043E-03	 5.90445088E-04	 1.61057801E-03	 2.13025421E-03	-6.39632197E-05	-2.91083485E-05	-1.02277520E-03	-4.03806949E-03	-2.57224960E-03	-6.10512372E-04	-9.76870084E-04	-4.95207119E-04	-7.29575497E-05	 4.87733137E-04
 3.370000E-01	 3.25045481E-04	 5.26148612E-04	-4.64121620E-04	-2.32537418E-03	-2.21553869E-03	-3.19199811E-03	-1.89573971E-03	 5.49545047E-04	 1.54514604E-03	 2.05688089E-03	-9.13506494E-05	-8.81963239E-05	-1.08980869E-03	-4.20397290E-03	-2.56854265E-03	-6.20269007E-04	-9.38055315E-04	-4.77622153E-04	-7.45797566E-05	 4.63583637E-04
 3.380000E-01	 3.11917160E-04	 4.94715309E-04	-5.15190575E-04	-2.45501884E-03	-2.22982238E-03	-3.12630060E-03	-1.85274380E-03	 5.12291714E-04	 1.48267012E-03	 1.98607836E-03	-1.21327392E-04	-1.53218095E-04	-1.16364830E-03	-4.38576871E-03	-2.57425969E-03	-6.33900037E-04	-9.03548251E-04	-4.61886368E-04	-7.66745733E-05	 4.40171895E-04
 3.390000E-01	 3.00990431E-04	 4.69204762E-04	-5.56326498E-04	-2.55435484E-03	-2.23211887E-03	-3.05405975E-03	-1.80703330E-03	 4.78284644E-04	 1.42311820E-03	 1.91788309E-03	-1.52424974E-04	-2.20814472E-04	-1.23914969E-03	-4.57072398E-03	-2.58379607E-03	-6.47682524E-04	-8.70885144E-04	-4.46643952E-04	-7.83379829E-05	 4.17999765E-04
 3.400000E-01	 2.91608871E-04	 4.47032812E-04	-5.90409753E-04	-2.63871046E-03	-2.23093203E-03	-2.98093251E-03	-1.76126107E-03	 4.46414532E-04	 1.36604492E-03	 1.85207377E-03	-1.82536250E-04	-2.86243367E-04	-1.30944060E-03	-4.74129965E-03	-2.58998157E-03	-6.57028929E-04	-8.37024535E-04	-4.30181384E-04	-7.83672629E-05	 3.97752179E-04
 3.410000E-01	 2.83221820E-04	 4.27238581E-04	-6.18956200E-04	-2.71121685E-03	-2.22402600E-03	-2.90793962E-03	-1.71645828E-03	 4.15207174E-04	 1.31013535E-03	 1.78765032E-03	-2.11038854E-04	-3.47403030E-04	-1.37154560E-03	-4.88670398E-03	-2.58801714E-03	-6.59185881E-04	-8.01676513E-04	-4.13424971E-04	-7.80717527E-05	 3.78360306E-04
 3.420000E-01	 2.75918809E-04	 4.10688542E-04	-6.41786630E-04	-2.76544447E-03	-2.20826977E-03	-2.83179422E-03	-1.67054363E-03	 3.86150552E-04	 1.25640641E-03	 1.72528670E-03	-2.37814081E-04	-4.03879295E-04	-1.42531179E-03	-5.00512472E-03	-2.57818094E-03	-6.54283996E-04	-7.65662676E-04	-3.97099708E-04	-7.81515526E-05	 3.59407234E-04
 3.430000E-01	 2.69820500E-04	 3.97461190E-04	-6.59035742E-04	-2.80236139E-03	-2.18572878E-03	-2.75298942E-03	-1.62359982E-03	 3.59479162E-04	 1.20513779E-03	 1.66521206E-03	-2.62356856E-04	-4.54763154E-04	-1.46957482E-03	-5.09513460E-03	-2.56019806E-03	-6.42372414E-04	-7.28562291E-04	-3.80702438E-04	-7.81020043E-05	 3.41242871E-04
 3.440000E-01	 2.64616185E-04	 3.86603535E-04	-6.72216221E-04	-2.82709717E-03	-2.15915794E-03	-2.67327187E-03	-1.57642565E-03	 3.34858238E-04	 1.15619312E-03	 1.60736109E-03	-2.84309198E-04	-4.99262997E-04	-1.50334164E-03	-5.15471357E-03	-2.53288997E-03	-6.23075443E-04	-6.89891339E-04	-3.63901358E-04	-7.76814681E-05	 3.23987593E-04
 3.450000E-01	 2.59959191E-04	 3.77035758E-04	-6.82910416E-04	-2.84524708E-03	-2.13150571E-03	-2.59448778E-03	-1.52986260E-03	 3.11937505E-04	 1.10943132E-03	 1.55166780E-03	-3.03419353E-04	-5.36818931E-04	-1.52607405E-03	-5.18268944E-03	-2.49528984E-03	-5.96158051E-04	-6.49197336E-04	-3.46342552E-04	-7.66204951E-05	 3.07779746E-04
 3.460000E-01	 2.55693033E-04	 3.68345850E-04	-6.91815204E-04	-2.85887825E-03	-2.10322681E-03	-2.51713182E-03	-1.48417420E-03	 2.90483671E-04	 1.06466597E-03	 1.49799729E-03	-3.19865071E-04	-5.67806402E-04	-1.53857922E-03	-5.18110440E-03	-2.44832188E-03	-5.62565806E-04	-6.06998760E-04	-3.28344607E-04	-7.51655989E-05	 2.92432421E-04
 3.470000E-01	 2.51689504E-04	 3.60734808E-04	-6.99330907E-04	-2.86551802E-03	-2.07146151E-03	-2.43979888E-03	-1.43880860E-03	 2.70436647E-04	 1.02164753E-03	 1.44610658E-03	-3.34399671E-04	-5.93902055E-04	-1.54322493E-03	-5.15705081E-03	-2.39561283E-03	-5.24664047E-04	-5.64875798E-04	-3.10882965E-04	-7.40765004E-05	 2.77436090E-04
 3.480000E-01	 2.47724563E-04	 3.53680705E-04	-7.06529434E-04	-2.86757920E-03	-2.03759598E-03	-2.36321472E-03	-1.39420675E-03	 2.51523729E-04	 9.80196640E-04	 1.39587881E-03	-3.47481705E-04	-6.16323359E-04	-1.54153481E-03	-5.11718482E-03	-2.33979636E-03	-4.84269547E-04	-5.23299836E-04	-2.93913214E-04	-7.31774846E-05	 2.62895432E-04
 3.490000E-01	 2.43342534E-04	 3.45641082E-04	-7.15255016E-04	-2.87315780E-03	-2.00646682E-03	-2.29010845E-03	-1.35158689E-03	 2.33362437E-04	 9.40257680E-04	 1.34733913E-03	-3.59109301E-04	-6.35248675E-04	-1.53387494E-03	-5.06363472E-03	-2.28105908E-03	-4.41790326E-04	-4.81754953E-04	-2.76779192E-04	-7.18183893E-05	 2.49225580E-04
 3.500000E-01	 2.38022013E-04	 3.35372045E-04	-7.27188845E-04	-2.88703273E-03	-1.97991027E-03	-2.22158991E-03	-1.31133395E-03	 2.15833909E-04	 9.01816701E-04	 1.30048339E-03	-3.69497237E-04	-6.51142853E-04	-1.52115825E-03	-4.99813120E-03	-2.21987597E-03	-3.97736977E-04	-4.40447667E-04	-2.59583620E-04	-7.00770560E-05	 2.36361248E-04
 3.510000E-01	 2.31485468E-04	 3.22365245E-04	-7.43105160E-04	-2.91035755E-03	-1.95806593E-03	-2.15759025E-03	-1.27329969E-03	 1.99015874E-04	 8.64919885E-04	 1.25532825E-03	-3.79031007E-04	-6.64886822E-04	-1.50482955E-03	-4.92417813E-03	-2.15762694E-03	-3.53157407E-04	-3.99948188E-04	-2.42645742E-04	-6.81806406E-05	 2.24148788E-04
 3.520000E-01	 2.23682714E-04	 3.06428905E-04	-7.63023365E-04	-2.94400537E-03	-1.94155205E-03	-2.09843841E-03	-1.23767672E-03	 1.82705578E-04	 8.29408633E-04	 1.21175448E-03	-3.88058224E-04	-6.77310660E-04	-1.48624687E-03	-4.84525403E-03	-2.09522342E-03	-3.08806904E-04	-3.60355848E-04	-2.25889473E-04	-6.60156103E-05	 2.12643241E-04
 3.530000E-01	 2.14780536E-04	 2.87929763E-04	-7.86253674E-04	-2.98648602E-03	-1.92991288E-03	-2.04374323E-03	-1.20433712E-03	 1.66832281E-04	 7.95178975E-04	 1.16967596E-03	-3.97118552E-04	-6.89562704E-04	-1.46708991E-03	-4.76540342E-03	-2.03399885E-03	-2.65802074E-04	-3.22164729E-04	-2.09588528E-04	-6.37566643E-05	 2.01709119E-04
 3.540000E-01	 2.04958164E-04	 2.67680900E-04	-8.11739958E-04	-3.03301873E-03	-1.92028573E-03	-1.99162152E-03	-1.17228645E-03	 1.51720592E-04	 7.62299399E-04	 1.12907045E-03	-4.06751623E-04	-7.03097358E-04	-1.44961983E-03	-4.69045070E-03	-1.97710198E-03	-2.25914270E-04	-2.86449228E-04	-1.94261718E-04	-6.17116783E-05	 1.91195411E-04
 3.550000E-01	 1.94257589E-04	 2.45830978E-04	-8.39109763E-04	-3.08269082E-03	-1.91212376E-03	-1.94165436E-03	-1.14115993E-03	 1.37572238E-04	 7.30897673E-04	 1.09001606E-03	-4.17315213E-04	-7.18986050E-04	-1.43569646E-03	-4.62477908E-03	-1.92627311E-03	-1.90304486E-04	-2.53714941E-04	-1.80083235E-04	-5.99028275E-05	 1.81121181E-04
 3.560000E-01	 1.82464288E-04	 2.21483661E-04	-8.69285384E-04	-3.14006340E-03	-1.90819540E-03	-1.89548273E-03	-1.11168444E-03	 1.24158821E-04	 7.00951621E-04	 1.05255277E-03	-4.29003289E-04	-7.37546689E-04	-1.42591786E-03	-4.56872937E-03	-1.88032860E-03	-1.58679244E-04	-2.23487266E-04	-1.66796779E-04	-5.81289054E-05	 1.71569095E-04
 3.570000E-01	 1.69187847E-04	 1.93748544E-04	-9.03507757E-04	-3.20786049E-03	-1.90964456E-03	-1.85366569E-03	-1.08407049E-03	 1.11377369E-04	 6.72401286E-04	 1.01662602E-03	-4.41766464E-04	-7.58674907E-04	-1.42021585E-03	-4.52149290E-03	-1.83853247E-03	-1.30400488E-04	-1.95309702E-04	-1.54102236E-04	-5.62046134E-05	 1.62638011E-04
 3.580000E-01	 1.54295266E-04	 1.62418129E-04	-9.42109312E-04	-3.28601025E-03	-1.91603934E-03	-1.81587525E-03	-1.05818968E-03	 9.91786330E-05	 6.45144668E-04	 9.82135194E-04	-4.55673826E-04	-7.82488023E-04	-1.41862638E-03	-4.48313696E-03	-1.80112639E-03	-1.05493826E-04	-1.69332255E-04	-1.42182987E-04	-5.43184715E-05	 1.54179381E-04
 3.590000E-01	 1.37713320E-04	 1.27421434E-04	-9.85216642E-04	-3.37401925E-03	-1.92677957E-03	-1.78168020E-03	-1.03387218E-03	 8.75303874E-05	 6.19087214E-04	 9.48985073E-04	-4.70734723E-04	-8.09039474E-04	-1.42100475E-03	-4.45391504E-03	-1.76870684E-03	-8.41945012E-05	-1.45824536E-04	-1.31275736E-04	-5.26705720E-05	 1.46047276E-04
 3.600000E-01	 1.19113539E-04	 8.80297595E-05	-1.03389998E-03	-3.47389221E-03	-1.94262328E-03	-1.75134763E-03	-1.01117317E-03	 7.64608152E-05	 5.94271847E-04	 9.17205954E-04	-4.86744894E-04	-8.37872546E-04	-1.42654100E-03	-4.43219332E-03	-1.74065101E-03	-6.60717755E-05	-1.24622138E-04	-1.21376690E-04	-5.13061839E-05	 1.38187300E-04
 3.610000E-01	 9.77419721E-05	 4.23965971E-05	-1.09064807E-03	-3.59167278E-03	-1.96702023E-03	-1.72631942E-03	-9.90498534E-04	 6.61383070E-05	 5.71001564E-04	 8.87044191E-04	-5.02869607E-04	-8.67285029E-04	-1.43324929E-03	-4.41233881E-03	-1.71345436E-03	-4.88077762E-05	-1.04102526E-04	-1.11415878E-04	-4.94823638E-05	 1.31060320E-04
 3.620000E-01	 7.33267235E-05	-1.00840096E-05	-1.15607504E-03	-3.72912512E-03	-2.00045084E-03	-1.70720505E-03	-9.72425956E-04	 5.59157571E-05	 5.48711107E-04	 8.58060227E-04	-5.18665261E-04	-8.95996184E-04	-1.43910050E-03	-4.38876837E-03	-1.68457082E-03	-3.06893585E-05	-8.33935833E-05	-1.01105239E-04	-4.71622340E-05	 1.24592361E-04
 3.630000E-01	 4.63851657E-05	-6.80702487E-05	-1.22822841E-03	-3.88080599E-03	-2.03985071E-03	-1.69228178E-03	-9.56397936E-04	 4.56689584E-05	 5.27092662E-04	 8.29974744E-04	-5.34160584E-04	-9.23788050E-04	-1.44313881E-03	-4.36015558E-03	-1.65481893E-03	-1.22204370E-05	-6.32970073E-05	-9.12585144E-05	-4.50641139E-05	 1.18267933E-04
 3.640000E-01	 1.72621656E-05	-1.30692253E-04	-1.30568579E-03	-4.04287799E-03	-2.08363401E-03	-1.68037990E-03	-9.41892861E-04	 3.55291873E-05	 5.06140824E-04	 8.02750279E-04	-5.49051498E-04	-9.50139770E-04	-1.44461502E-03	-4.32565975E-03	-1.62427126E-03	 6.65120062E-06	-4.37867672E-05	-8.18371311E-05	-4.31516517E-05	 1.12112883E-04
 3.650000E-01	-1.40003216E-05	-1.97882625E-04	-1.38812953E-03	-4.21476554E-03	-2.13183167E-03	-1.67135690E-03	-9.28826515E-04	 2.55215987E-05	 4.85862550E-04	 7.76385897E-04	-5.62883892E-04	-9.74089006E-04	-1.44226809E-03	-4.28230123E-03	-1.59147461E-03	 2.67990814E-05	-2.43100684E-05	-7.25390173E-05	-4.12382385E-05	 1.06226330E-04
 3.660000E-01	-4.74057537E-05	-2.69575494E-04	-1.47542478E-03	-4.39578666E-03	-2.18403090E-03	-1.66490114E-03	-9.17047199E-04	 1.56632793E-05	 4.66231536E-04	 7.50846391E-04	-5.75131484E-04	-9.94491745E-04	-1.43433638E-03	-4.22647702E-03	-1.55550673E-03	 4.88040304E-05	-4.74079128E-06	-6.34318110E-05	-3.94379350E-05	 1.00516089E-04
 3.670000E-01	-8.32946946E-05	-3.46465274E-04	-1.56850664E-03	-4.58773757E-03	-2.24086549E-03	-1.66134656E-03	-9.06636486E-04	 5.94458455E-06	 4.47256336E-04	 7.26133124E-04	-5.85050812E-04	-1.00980010E-03	-1.41881515E-03	-4.15339907E-03	-1.51445910E-03	 7.38807584E-05	 1.55483344E-05	-5.42263564E-05	-3.76049448E-05	 9.50544631E-05
 3.680000E-01	-1.22202782E-04	-4.29885096E-04	-1.66905437E-03	-4.79501776E-03	-2.30431174E-03	-1.66189971E-03	-8.98081491E-04	-3.76528541E-06	 4.28936432E-04	 7.02278439E-04	-5.92127729E-04	-1.01855179E-03	-1.39394810E-03	-4.05693702E-03	-1.46419005E-03	 1.04267181E-04	 3.79082541E-05	-4.43042509E-05	-3.54535882E-05	 8.99404652E-05
 3.690000E-01	-1.64136525E-04	-5.19762012E-04	-1.77684861E-03	-5.01659453E-03	-2.37393330E-03	-1.66613264E-03	-8.91156171E-04	-1.33971477E-05	 4.11282116E-04	 6.79274776E-04	-5.95861657E-04	-1.01959974E-03	-1.35816634E-03	-3.93344161E-03	-1.40271117E-03	 1.41047523E-04	 6.28613022E-05	-3.34597008E-05	-3.29375287E-05	 8.51711877E-05
 3.700000E-01	-2.08374615E-04	-6.14333415E-04	-1.88919895E-03	-5.24592809E-03	-2.44675092E-03	-1.67219823E-03	-8.85148218E-04	-2.28991592E-05	 3.94137777E-04	 6.56949843E-04	-5.95997044E-04	-1.01254000E-03	-1.31075642E-03	-3.78300661E-03	-1.33136844E-03	 1.83419148E-04	 8.97386407E-05	-2.21106641E-05	-3.03390347E-05	 8.05797458E-05
 3.710000E-01	-2.54306885E-04	-7.12262132E-04	-2.00380430E-03	-5.47847151E-03	-2.52067263E-03	-1.67914485E-03	-8.79891148E-04	-3.25774884E-05	 3.77107739E-04	 6.34974845E-04	-5.92692586E-04	-9.97525637E-04	-1.25196489E-03	-3.60630072E-03	-1.25082249E-03	 2.30847120E-04	 1.18269075E-04	-1.04322875E-05	-2.77752155E-05	 7.60607363E-05
 3.720000E-01	-3.01862970E-04	-8.13327304E-04	-2.12041294E-03	-5.71236172E-03	-2.59532468E-03	-1.68618313E-03	-8.74738189E-04	-4.18346238E-05	 3.60673717E-04	 6.13699079E-04	-5.85469898E-04	-9.73715515E-04	-1.18117681E-03	-3.40192245E-03	-1.15984536E-03	 2.83808550E-04	 1.48819801E-04	 1.85889907E-06	-2.50322213E-05	 7.17653621E-05
 3.730000E-01	-3.50927755E-04	-9.17227019E-04	-2.23851008E-03	-5.94561244E-03	-2.67013034E-03	-1.69272994E-03	-8.69311932E-04	-5.04172128E-05	 3.45005921E-04	 5.93232442E-04	-5.73905206E-04	-9.40196980E-04	-1.09769311E-03	-3.16744680E-03	-1.05613116E-03	 3.43434240E-04	 1.82171293E-04	 1.52277969E-05	-2.18341482E-05	 6.78403652E-05
 3.740000E-01	-4.00232147E-04	-1.02117614E-03	-2.35392275E-03	-6.16925917E-03	-2.74165087E-03	-1.69659365E-03	-8.62739789E-04	-5.81408810E-05	 3.30060858E-04	 5.73491760E-04	-5.57841251E-04	-8.96705671E-04	-1.00088053E-03	-2.90346067E-03	-9.40481297E-04	 4.08994465E-04	 2.17755939E-04	 2.93013513E-05	-1.84399126E-05	 6.41221505E-05
 3.750000E-01	-4.47938796E-04	-1.12116238E-03	-2.46085154E-03	-6.37105241E-03	-2.80503259E-03	-1.69484495E-03	-8.53885728E-04	-6.47946475E-05	 3.15753487E-04	 5.54347894E-04	-5.37085093E-04	-8.43154186E-04	-8.90206564E-04	-2.61230374E-03	-8.16921763E-04	 4.78012470E-04	 2.53777951E-04	 4.30133891E-05	-1.54770131E-05	 6.02757669E-05
 3.760000E-01	-4.94036937E-04	-1.21715853E-03	-2.55944345E-03	-6.55031002E-03	-2.85995422E-03	-1.68751187E-03	-8.42691302E-04	-7.03214684E-05	 3.02123860E-04	 5.35820888E-04	-5.11131318E-04	-7.78520205E-04	-7.65168087E-04	-2.29142189E-03	-6.83891038E-04	 5.51340442E-04	 2.90891934E-04	 5.67914281E-05	-1.26406280E-05	 5.64778821E-05
 3.770000E-01	-5.39284834E-04	-1.31074961E-03	-2.65229488E-03	-6.71144441E-03	-2.90805966E-03	-1.67581607E-03	-8.29553022E-04	-7.47511129E-05	 2.89239627E-04	 5.17970444E-04	-4.79242412E-04	-7.01107998E-04	-6.24141534E-04	-1.93523368E-03	-5.36747839E-04	 6.31577548E-04	 3.30796080E-04	 7.15784941E-05	-9.40391569E-06	 5.29916144E-05
 3.780000E-01	-5.83276902E-04	-1.40106175E-03	-2.73833734E-03	-6.85239120E-03	-2.94850255E-03	-1.65939104E-03	-8.14336191E-04	-7.80756835E-05	 2.77069084E-04	 5.00757518E-04	-4.40954374E-04	-6.09890286E-04	-4.65649980E-04	-1.54117904E-03	-3.74468065E-04	 7.19167179E-04	 3.73584175E-04	 8.73210418E-05	-5.87217893E-06	 4.97255495E-05
 3.790000E-01	-6.25119873E-04	-1.48617997E-03	-2.81489582E-03	-6.96756377E-03	-2.97907630E-03	-1.63700621E-03	-7.96546364E-04	-8.01813107E-05	 2.65595341E-04	 4.84138549E-04	-3.96125730E-04	-5.04626310E-04	-2.89546473E-04	-1.10984876E-03	-1.97518189E-04	 8.13629917E-04	 4.18954260E-04	 1.03858225E-04	-2.14275222E-06	 4.66174471E-05
 3.800000E-01	-6.63779036E-04	-1.56392154E-03	-2.87894507E-03	-7.05041499E-03	-2.99723810E-03	-1.60719263E-03	-7.75548708E-04	-8.08528806E-05	 2.54874550E-04	 4.68124124E-04	-3.44928670E-04	-3.85657840E-04	-9.67911912E-05	-6.43290693E-04	-6.85884195E-06	 9.14167577E-04	 4.66502110E-04	 1.21010774E-04	 1.70025090E-06	 4.36171196E-05
 3.810000E-01	-6.98075043E-04	-1.63168551E-03	-2.92700459E-03	-7.09276006E-03	-2.99996153E-03	-1.56801571E-03	-7.50419286E-04	-7.96704483E-05	 2.45108776E-04	 4.52823099E-04	-2.87392461E-04	-2.53384505E-04	 1.11447647E-04	-1.45179357E-04	 1.95680126E-04	 1.01950210E-03	 5.15601054E-04	 1.38576265E-04	 5.61878481E-06	 4.07411994E-05
 3.820000E-01	-7.26978663E-04	-1.68701748E-03	-2.95561216E-03	-7.08680285E-03	-2.98378036E-03	-1.51765560E-03	-7.20404825E-04	-7.65118861E-05	 2.36188817E-04	 4.38082180E-04	-2.23797989E-04	-1.08929137E-04	 3.33562479E-04	 3.77366804E-04	 4.07962783E-04	 1.12814713E-03	 5.65798960E-04	 1.56609768E-04	 9.78644428E-06	 3.81296444E-05
 3.830000E-01	-7.49270225E-04	-1.72755379E-03	-2.96131754E-03	-7.02740275E-03	-2.94594787E-03	-1.45498602E-03	-6.85079320E-04	-7.13266953E-05	 2.28029746E-04	 4.23807092E-04	-1.55784439E-04	 4.46633774E-05	 5.65620882E-04	 9.14992951E-04	 6.26572938E-04	 1.23767617E-03	 6.15980790E-04	 1.74598792E-04	 1.39392424E-05	 3.55999700E-05
 3.840000E-01	-7.64242202E-04	-1.75179352E-03	-2.94232482E-03	-6.91087467E-03	-2.88501109E-03	-1.37939979E-03	-6.44182557E-04	-6.40271943E-05	 2.20648593E-04	 4.09986448E-04	-8.41448942E-05	 2.05451410E-04	 8.04048479E-04	 1.46007668E-03	 8.48111896E-04	 1.34608631E-03	 6.65285290E-04	 1.92325348E-04	 1.80948080E-05	 3.32159811E-05
 3.850000E-01	-7.70970296E-04	-1.75786925E-03	-2.89630618E-03	-6.73323658E-03	-2.79946977E-03	-1.29029226E-03	-5.97496550E-04	-5.45642546E-05	 2.14036288E-04	 3.96594710E-04	-9.93090695E-06	 3.71039087E-04	 1.04514030E-03	 2.00380213E-03	 1.06866344E-03	 1.45099139E-03	 7.12601132E-04	 2.09394510E-04	 2.21458284E-05	 3.09585892E-05
 3.860000E-01	-7.68413579E-04	-1.74375369E-03	-2.82069738E-03	-6.49096424E-03	-2.68802529E-03	-1.18725355E-03	-5.44924573E-04	-4.29554315E-05	 2.08149747E-04	 3.83589477E-04	 6.56659155E-05	 5.38693917E-04	 1.28525734E-03	 2.53605004E-03	 1.28310547E-03	 1.54928100E-03	 7.56336538E-04	 2.25128017E-04	 2.58249117E-05	 2.87256776E-05
 3.870000E-01	-7.57089172E-04	-1.71053024E-03	-2.71772988E-03	-6.18853798E-03	-2.55179384E-03	-1.07148890E-03	-4.86888064E-04	-2.92596634E-05	 2.03023418E-04	 3.71001572E-04	 1.41744817E-04	 7.06292433E-04	 1.52147471E-03	 3.04889942E-03	 1.48917604E-03	 1.63958218E-03	 7.96075524E-04	 2.39515477E-04	 2.92350878E-05	 2.66007300E-05
 3.880000E-01	-7.39135665E-04	-1.66258906E-03	-2.59485598E-03	-5.83897563E-03	-2.39536192E-03	-9.46244110E-04	-4.24622548E-04	-1.37324602E-05	 1.98703638E-04	 3.58908381E-04	 2.17811677E-04	 8.72745262E-04	 1.75089059E-03	 3.53960803E-03	 1.68803605E-03	 1.72289184E-03	 8.32801543E-04	 2.53272013E-04	 3.28506730E-05	 2.48496877E-05
 3.890000E-01	-7.14377046E-04	-1.59992572E-03	-2.45265001E-03	-5.44587618E-03	-2.22119100E-03	-8.13222045E-04	-3.59097212E-04	 3.18436047E-06	 1.95013677E-04	 3.47234366E-04	 2.92574984E-04	 1.03556198E-03	 1.96950064E-03	 4.00215568E-03	 1.87581623E-03	 1.79721297E-03	 8.65352735E-04	 2.65795133E-04	 3.63607998E-05	 2.33180964E-05
 3.900000E-01	-6.81169331E-04	-1.51948202E-03	-2.28669892E-03	-5.00414574E-03	-2.02804335E-03	-6.71815122E-04	-2.90286849E-04	 2.13490695E-05	 1.91820558E-04	 3.35888535E-04	 3.64205337E-04	 1.19083054E-03	 2.17257966E-03	 4.42394184E-03	 2.04557819E-03	 1.85841506E-03	 8.91479534E-04	 2.76019990E-04	 3.92737512E-05	 2.17878436E-05
 3.910000E-01	-6.39624238E-04	-1.42152039E-03	-2.09777420E-03	-4.51549935E-03	-1.81620247E-03	-5.22415049E-04	-2.18289979E-04	 4.07925812E-05	 1.89173052E-04	 3.24904298E-04	 4.31293223E-04	 1.33532992E-03	 2.35569244E-03	 4.79405347E-03	 2.19335065E-03	 1.90426222E-03	 9.10316689E-04	 2.83743992E-04	 4.16204263E-05	 2.03250802E-05
 3.920000E-01	-5.90869028E-04	-1.30843548E-03	-1.88992845E-03	-3.98828021E-03	-1.58869760E-03	-3.67143778E-04	-1.43993830E-04	 6.12496329E-05	 1.87018518E-04	 3.14274940E-04	 4.92660703E-04	 1.46656031E-03	 2.51529142E-03	 5.10548617E-03	 2.31669116E-03	 1.93366633E-03	 9.21532752E-04	 2.88946881E-04	 4.34735217E-05	 1.89928564E-05
 3.930000E-01	-5.36152224E-04	-1.18292375E-03	-1.66768320E-03	-3.43229338E-03	-1.34974328E-03	-2.08706672E-04	-6.86130074E-05	 8.23191445E-05	 1.85267889E-04	 3.03993291E-04	 5.47434268E-04	 1.58262298E-03	 2.64856650E-03	 5.35347839E-03	 2.41342957E-03	 1.94581721E-03	 9.24805855E-04	 2.91543083E-04	 4.48409301E-05	 1.78207348E-05
 3.940000E-01	-4.76284090E-04	-1.04697839E-03	-1.43422982E-03	-2.85648900E-03	-1.10315886E-03	-4.95725290E-05	 6.68948290E-06	 1.03579199E-04	 1.83800485E-04	 2.94033183E-04	 5.94118999E-04	 1.68070141E-03	 2.75193660E-03	 5.53186908E-03	 2.48040423E-03	 1.93923062E-03	 9.19391277E-04	 2.91169263E-04	 4.55475481E-05	 1.67204360E-05
 3.950000E-01	-4.11996759E-04	-9.02453431E-04	-1.19210303E-03	-2.26951272E-03	-8.51952339E-04	 1.08251897E-04	 8.10341506E-05	 1.24749199E-04	 1.82555755E-04	 2.84393864E-04	 6.31224589E-04	 1.75797415E-03	 2.82274144E-03	 5.63404363E-03	 2.51518791E-03	 1.91271352E-03	 9.04784644E-04	 2.87604706E-04	 4.54906614E-05	 1.56320784E-05
 3.960000E-01	-3.45213295E-04	-7.53200675E-04	-9.47230659E-04	-1.68280180E-03	-6.00681125E-04	 2.62091117E-04	 1.53336705E-04	 1.45552613E-04	 1.81537143E-04	 2.75127466E-04	 6.59274306E-04	 1.81491645E-03	 2.86188564E-03	 5.66073895E-03	 2.51886850E-03	 1.86747218E-03	 8.81752148E-04	 2.81303704E-04	 4.49497102E-05	 1.47322806E-05
 3.970000E-01	-2.77594468E-04	-6.02876873E-04	-7.05282361E-04	-1.10881737E-03	-3.54750387E-04	 4.08713759E-04	 2.22113682E-04	 1.65465394E-04	 1.80610537E-04	 2.66217175E-04	 6.78014423E-04	 1.85137106E-03	 2.86959302E-03	 5.61502402E-03	 2.49203150E-03	 1.80448271E-03	 8.50659850E-04	 2.72285092E-04	 4.38502717E-05	 1.39486920E-05
 3.980000E-01	-2.10780672E-04	-4.55003418E-04	-4.71559080E-04	-5.58904236E-04	-1.18947414E-04	 5.45330465E-04	 2.86113081E-04	 1.84055363E-04	 1.79673358E-04	 2.57655587E-04	 6.87532142E-04	 1.86774196E-03	 2.84694600E-03	 5.50101137E-03	 2.43640595E-03	 1.72529024E-03	 8.12237759E-04	 2.60776603E-04	 4.22304728E-05	 1.32700028E-05
 3.990000E-01	-1.46318183E-04	-3.12876985E-04	-2.50855365E-04	-4.31329435E-05	 1.02777288E-04	 6.69744217E-04	 3.44398811E-04	 2.01026019E-04	 1.78672034E-04	 2.49450919E-04	 6.88002810E-04	 1.86462748E-03	 2.79522332E-03	 5.32326555E-03	 2.35469501E-03	 1.63196555E-03	 7.67581884E-04	 2.47219275E-04	 4.02387457E-05	 1.27339850E-05
 4.000000E-01	-8.39550876E-05	-1.76343808E-04	-4.22578758E-05	 4.36418720E-04	 3.09066353E-04	 7.81385969E-04	 3.96547338E-04	 2.16093536E-04	 1.77442992E-04	 2.41511124E-04	 6.79359049E-04	 1.84224321E-03	 2.71614615E-03	 5.08538200E-03	 2.24774874E-03	 1.52534215E-03	 7.16920689E-04	 2.31541879E-04	 3.77412917E-05	 1.22378511E-05
 4.010000E-01	-2.36628368E-05	-4.53529060E-05	 1.54558128E-04	 8.79871938E-04	 4.98657891E-04	 8.79837152E-04	 4.42115424E-04	 2.28864999E-04	 1.75716304E-04	 2.33663242E-04	 6.62563729E-04	 1.80257280E-03	 2.61316265E-03	 4.79510115E-03	 2.11674750E-03	 1.40661923E-03	 6.60509361E-04	 2.13643717E-04	 3.46014243E-05	 1.17045508E-05
 4.020000E-01	 3.25486249E-05	 7.60700790E-05	 3.33153909E-04	 1.27821044E-03	 6.68267563E-04	 9.63470576E-04	 4.80606190E-04	 2.39346130E-04	 1.73638461E-04	 2.26050682E-04	 6.38779281E-04	 1.74839930E-03	 2.49016497E-03	 4.46373081E-03	 1.96681873E-03	 1.27928702E-03	 6.00026428E-04	 1.94113904E-04	 3.09657837E-05	 1.11377734E-05
 4.030000E-01	 8.26605128E-05	 1.83935323E-04	 4.87681180E-04	 1.62165288E-03	 8.14454299E-04	 1.03054643E-03	 5.11437789E-04	 2.47465265E-04	 1.71287838E-04	 2.18758682E-04	 6.09801025E-04	 1.68343356E-03	 2.35275522E-03	 4.10379104E-03	 1.80502710E-03	 1.14782584E-03	 5.37796491E-04	 1.73928658E-04	 2.71897036E-05	 1.06506076E-05
 4.040000E-01	 1.26428519E-04	 2.77620465E-04	 6.17774335E-04	 1.90787676E-03	 9.35829916E-04	 1.08064120E-03	 5.34353301E-04	 2.53074246E-04	 1.68596176E-04	 2.11759607E-04	 5.76820325E-04	 1.61032636E-03	 2.20548674E-03	 3.72522003E-03	 1.63548459E-03	 1.01484311E-03	 4.74953963E-04	 1.53420207E-04	 2.33004090E-05	 1.02016485E-05
 4.050000E-01	 1.63995063E-04	 3.57373889E-04	 7.24350990E-04	 2.13821938E-03	 1.03263857E-03	 1.11434279E-03	 5.49564712E-04	 2.56181452E-04	 1.65524891E-04	 2.05021170E-04	 5.40758199E-04	 1.53122719E-03	 2.05194515E-03	 3.33638130E-03	 1.46127611E-03	 8.82286953E-04	 4.12304788E-04	 1.32791683E-04	 1.92863073E-05	 9.73945714E-06
 4.060000E-01	 1.95257205E-04	 4.23044731E-04	 8.07490969E-04	 2.31408930E-03	 1.10519917E-03	 1.13229454E-03	 5.57347004E-04	 2.56835911E-04	 1.62055196E-04	 1.98520482E-04	 5.02419905E-04	 1.44821232E-03	 1.89515927E-03	 2.94592050E-03	 1.28546550E-03	 7.52121352E-04	 3.50684317E-04	 1.12266588E-04	 1.51470071E-05	 9.21391474E-06
 4.070000E-01	 2.19569349E-04	 4.73930585E-04	 8.66440028E-04	 2.43804401E-03	 1.15494028E-03	 1.13589000E-03	 5.58497484E-04	 2.55391486E-04	 1.58326976E-04	 1.92310601E-04	 4.64384057E-04	 1.36572439E-03	 1.74103337E-03	 2.56436837E-03	 1.11442348E-03	 6.28110609E-04	 2.92127066E-04	 9.28152754E-05	 1.13177223E-05	 8.82401348E-06
 4.080000E-01	 2.38145181E-04	 5.12325126E-04	 9.05615321E-04	 2.51613287E-03	 1.18515051E-03	 1.12735668E-03	 5.54036343E-04	 2.52171558E-04	 1.54387461E-04	 1.86368885E-04	 4.26105840E-04	 1.28332354E-03	 1.59029127E-03	 2.19314383E-03	 9.48927527E-04	 5.10490730E-04	 2.36716332E-04	 7.43944377E-05	 7.70400471E-06	 8.47220024E-06
 4.090000E-01	 2.52161212E-04	 5.40606995E-04	 9.29085523E-04	 2.55615336E-03	 1.19879628E-03	 1.10885938E-03	 5.44875248E-04	 2.47415371E-04	 1.50242304E-04	 1.80654565E-04	 3.87717656E-04	 1.20149783E-03	 1.44380165E-03	 1.83460615E-03	 7.89038735E-04	 3.99207080E-04	 1.84296115E-04	 5.68584703E-05	 4.20148541E-06	 8.09360761E-06
 4.100000E-01	 2.62345520E-04	 5.60496325E-04	 9.39575056E-04	 2.56576366E-03	 1.19893322E-03	 1.08264820E-03	 5.32074585E-04	 2.41501412E-04	 1.45998794E-04	 1.75191264E-04	 3.50473177E-04	 1.12251987E-03	 1.30447705E-03	 1.49425672E-03	 6.37078550E-04	 2.95538613E-04	 1.35450422E-04	 4.04322563E-05	 8.84016260E-07	 7.71184199E-06
 4.110000E-01	 2.69728695E-04	 5.74220461E-04	 9.40515518E-04	 2.55293473E-03	 1.18899299E-03	 1.05109943E-03	 5.16794269E-04	 2.34899693E-04	 1.41838625E-04	 1.70058263E-04	 3.15641795E-04	 1.04863501E-03	 1.17572036E-03	 1.17701599E-03	 4.95068691E-04	 2.00424247E-04	 9.05290188E-05	 2.51939881E-05	-2.26304630E-06	 7.30194546E-06
 4.120000E-01	 2.73614288E-04	 5.80698637E-04	 9.30564104E-04	 2.51692380E-03	 1.16949171E-03	 1.01445972E-03	 4.99204327E-04	 2.27613368E-04	 1.37680558E-04	 1.65157210E-04	 2.83761303E-04	 9.80925419E-04	 1.05940363E-03	 8.85598411E-04	 3.64915876E-04	 1.14796494E-04	 5.00906983E-05	 1.14398790E-05	-5.09797109E-06	 6.91847227E-06
 4.130000E-01	 2.72120551E-04	 5.76135210E-04	 9.03853016E-04	 2.44832757E-03	 1.13700375E-03	 9.70678265E-04	 4.78479022E-04	 2.19388621E-04	 1.33464882E-04	 1.60472454E-04	 2.54702447E-04	 9.19660127E-04	 9.55216816E-04	 6.22594872E-04	 2.48514997E-04	 3.97779730E-05	 1.48381235E-05	-4.66472810E-07	-7.46528482E-06	 6.60176192E-06
 4.140000E-01	 2.65590715E-04	 5.61105165E-04	 8.61241561E-04	 2.34823128E-03	 1.09050338E-03	 9.19418938E-04	 4.54280009E-04	 2.09989100E-04	 1.29068766E-04	 1.55947451E-04	 2.29083748E-04	 8.66108145E-04	 8.63886922E-04	 3.91816753E-04	 1.46682792E-04	-2.42852276E-05	-1.51964262E-05	-1.05761309E-05	-9.42093774E-06	 6.32007813E-06
 4.150000E-01	 2.56338652E-04	 5.40220734E-04	 8.10318886E-04	 2.22919690E-03	 1.03467804E-03	 8.63691753E-04	 4.27818997E-04	 1.99711948E-04	 1.24484054E-04	 1.51518882E-04	 2.06849619E-04	 8.20113126E-04	 7.85487228E-04	 1.92032056E-04	 5.81073555E-05	-7.86407699E-05	-4.07861973E-05	-1.92849285E-05	-1.11514520E-05	 5.99596033E-06
 4.160000E-01	 2.45212850E-04	 5.15402436E-04	 7.54288146E-04	 2.09895200E-03	 9.73549202E-04	 8.06014390E-04	 4.00342983E-04	 1.89022513E-04	 1.19830484E-04	 1.47193711E-04	 1.87784417E-04	 7.81202077E-04	 7.19389599E-04	 2.07016947E-05	-1.79602603E-05	-1.24072089E-04	-6.22541530E-05	-2.66709371E-05	-1.26553934E-05	 5.63878005E-06
 4.170000E-01	 2.31924589E-04	 4.86329513E-04	 6.92583239E-04	 1.95909993E-03	 9.08263262E-04	 7.47186486E-04	 3.72338671E-04	 1.78153383E-04	 1.15197045E-04	 1.42998556E-04	 1.72159638E-04	 7.49749246E-04	 6.65460666E-04	-1.22423506E-04	-8.09412014E-05	-1.60398337E-04	-7.93884344E-05	-3.25510816E-05	-1.38136610E-05	 5.30902684E-06
 4.180000E-01	 2.17039083E-04	 4.54232106E-04	 6.26939927E-04	 1.81374978E-03	 8.40106552E-04	 6.88111045E-04	 3.44180223E-04	 1.67207234E-04	 1.10590232E-04	 1.38918946E-04	 1.59885437E-04	 7.25455632E-04	 6.22348858E-04	-2.38955725E-04	-1.31907370E-04	-1.88420560E-04	-9.25879315E-05	-3.70625506E-05	-1.46566838E-05	 5.00963411E-06
 4.190000E-01	 2.02840130E-04	 4.23390627E-04	 5.64369108E-04	 1.67267783E-03	 7.73332681E-04	 6.31251762E-04	 3.16892701E-04	 1.56464209E-04	 1.06019481E-04	 1.34907390E-04	 1.48674570E-04	 7.04341103E-04	 5.85209037E-04	-3.38707317E-04	-1.76544157E-04	-2.11906744E-04	-1.03811429E-04	-4.10644035E-05	-1.55227835E-05	 4.61250772E-06
 4.200000E-01	 1.89642143E-04	 3.94729900E-04	 5.06608462E-04	 1.54039341E-03	 7.10852576E-04	 5.78274865E-04	 2.91374256E-04	 1.46304816E-04	 1.01606533E-04	 1.30986730E-04	 1.38414014E-04	 6.85623622E-04	 5.53354667E-04	-4.27185733E-04	-2.16211313E-04	-2.31964015E-04	-1.13422753E-04	-4.45591141E-05	-1.63179215E-05	 4.19839556E-06
 4.210000E-01	 1.76222248E-04	 3.66091084E-04	 4.50138594E-04	 1.41286166E-03	 6.51136899E-04	 5.28201184E-04	 2.67251691E-04	 1.36626132E-04	 9.73273908E-05	 1.27145035E-04	 1.29438281E-04	 6.69723109E-04	 5.26811202E-04	-5.04478500E-04	-2.50404700E-04	-2.48225913E-04	-1.21106128E-04	-4.73083223E-05	-1.68895938E-05	 3.84865797E-06
 4.220000E-01	 1.62572004E-04	 3.37318289E-04	 3.94442434E-04	 1.28872573E-03	 5.93260757E-04	 4.80447078E-04	 2.44254973E-04	 1.27366642E-04	 9.32068483E-05	 1.23425469E-04	 1.21730195E-04	 6.56624803E-04	 5.05217897E-04	-5.70588173E-04	-2.79467291E-04	-2.60934102E-04	-1.27026364E-04	-4.94039397E-05	-1.72880542E-05	 3.53689523E-06
 4.230000E-01	 1.49074830E-04	 3.09091873E-04	 3.40564969E-04	 1.16923920E-03	 5.37791962E-04	 4.35288077E-04	 2.22511635E-04	 1.18580454E-04	 8.92675189E-05	 1.19837098E-04	 1.15043824E-04	 6.45837109E-04	 4.87792837E-04	-6.27122919E-04	-3.03924398E-04	-2.70512562E-04	-1.31365807E-04	-5.09002782E-05	-1.75238433E-05	 3.26202770E-06
 4.240000E-01	 1.36811893E-04	 2.83348935E-04	 2.91854884E-04	 1.05834948E-03	 4.86694933E-04	 3.93786537E-04	 2.02483626E-04	 1.10411499E-04	 8.55278506E-05	 1.16362783E-04	 1.08619291E-04	 6.36142087E-04	 4.73669686E-04	-6.76825330E-04	-3.25025372E-04	-2.77878151E-04	-1.34595265E-04	-5.20073798E-05	-1.76846395E-05	 2.98375045E-06
 4.250000E-01	 1.25797699E-04	 2.60580186E-04	 2.48701686E-04	 9.60063822E-04	 4.40952273E-04	 3.56633054E-04	 1.84463946E-04	 1.02948941E-04	 8.20051031E-05	 1.12998773E-04	 1.05132058E-04	 6.31668223E-04	 4.67799860E-04	-7.12974251E-04	-3.39456581E-04	-2.81137495E-04	-1.35853433E-04	-5.23772843E-05	-1.76347541E-05	 2.76596540E-06
 4.260000E-01	 1.15720950E-04	 2.40000202E-04	 2.09377056E-04	 8.71626804E-04	 3.99243069E-04	 3.22890121E-04	 1.68002275E-04	 9.60151993E-05	 7.86343395E-05	 1.09718275E-04	 1.03367894E-04	 6.30830876E-04	 4.67344219E-04	-7.36826418E-04	-3.49182108E-04	-2.81385296E-04	-1.35798454E-04	-5.23585347E-05	-1.75481420E-05	 2.52092149E-06
 4.270000E-01	 1.06070982E-04	 2.20439992E-04	 1.72056360E-04	 7.88857335E-04	 3.60195601E-04	 2.91545092E-04	 1.52681882E-04	 8.94938258E-05	 7.54009817E-05	 1.06526730E-04	 1.02347334E-04	 6.31983361E-04	 4.69820744E-04	-7.52278125E-04	-3.55505929E-04	-2.79526479E-04	-1.34779868E-04	-5.20385055E-05	-1.74288598E-05	 2.25486213E-06
 4.280000E-01	 9.67929652E-05	 2.01782446E-04	 1.36653112E-04	 7.10890223E-04	 3.23389015E-04	 2.62272511E-04	 1.38347501E-04	 8.33335131E-05	 7.22962837E-05	 1.03425948E-04	 1.02321459E-04	 6.35270442E-04	 4.75404256E-04	-7.60781105E-04	-3.58515624E-04	-2.75775325E-04	-1.32854639E-04	-5.13966794E-05	-1.72407599E-05	 1.99621685E-06
 4.290000E-01	 8.82038067E-05	 1.84556225E-04	 1.03991956E-04	 6.38321683E-04	 2.88829066E-04	 2.35013817E-04	 1.24921211E-04	 7.74781210E-05	 6.92875208E-05	 1.00398621E-04	 1.02977513E-04	 6.40148851E-04	 4.83419244E-04	-7.63778629E-04	-3.59551824E-04	-2.70984690E-04	-1.30524760E-04	-5.06768153E-05	-1.70855225E-05	 1.70774169E-06
 4.300000E-01	 7.98774363E-05	 1.67916153E-04	 7.24828033E-05	 5.69183489E-04	 2.55378625E-04	 2.09055892E-04	 1.12066121E-04	 7.18045017E-05	 6.63411440E-05	 9.74406484E-05	 1.04200334E-04	 6.46573276E-04	 4.93264797E-04	-7.60661846E-04	-3.59037891E-04	-2.65300953E-04	-1.27902339E-04	-4.99422204E-05	-1.69938214E-05	 1.37553070E-06
 4.310000E-01	 7.08078491E-05	 1.50292525E-04	 3.96359353E-05	 5.01590174E-04	 2.22703145E-04	 1.84214092E-04	 9.98355306E-05	 6.64200861E-05	 6.35411882E-05	 9.46022985E-05	 1.07751264E-04	 6.57084518E-04	 5.08060761E-04	-7.47932548E-04	-3.52967379E-04	-2.56392995E-04	-1.23579437E-04	-4.84568139E-05	-1.66240664E-05	 1.14367413E-06
 4.320000E-01	 6.21569066E-05	 1.33652536E-04	 9.05115845E-06	 4.38189339E-04	 1.92619914E-04	 1.61430804E-04	 8.86543866E-05	 6.14702146E-05	 6.09139175E-05	 9.18733139E-05	 1.11484685E-04	 6.68097484E-04	 5.24202233E-04	-7.32949218E-04	-3.44727696E-04	-2.46435539E-04	-1.18595945E-04	-4.66370127E-05	-1.61201991E-05	 9.62420931E-07
 4.330000E-01	 5.47307023E-05	 1.19504002E-04	-1.69568184E-05	 3.82543422E-04	 1.66248264E-04	 1.41386040E-04	 7.87596297E-05	 5.69935396E-05	 5.84397258E-05	 8.92289115E-05	 1.14748821E-04	 6.78328589E-04	 5.39744749E-04	-7.19507363E-04	-3.37270946E-04	-2.37183855E-04	-1.13927586E-04	-4.49236175E-05	-1.56455454E-05	 7.85571597E-07
 4.340000E-01	 4.85186906E-05	 1.07946944E-04	-3.84215279E-05	 3.35909680E-04	 1.44022817E-04	 1.24339110E-04	 7.02807724E-05	 5.30404625E-05	 5.61320890E-05	 8.66685118E-05	 1.17866249E-04	 6.88211806E-04	 5.54961768E-04	-7.07348677E-04	-3.30644333E-04	-2.28617810E-04	-1.09576358E-04	-4.33144389E-05	-1.51928000E-05	 6.21460901E-07
 4.350000E-01	 4.32680156E-05	 9.86479987E-05	-5.59295883E-05	 2.98234752E-04	 1.26130632E-04	 1.10339545E-04	 6.32842148E-05	 4.96591411E-05	 5.40162404E-05	 8.42009928E-05	 1.21417977E-04	 6.98565175E-04	 5.71091507E-04	-6.95595720E-04	-3.23743627E-04	-2.20131278E-04	-1.05191791E-04	-4.16373799E-05	-1.46867066E-05	 4.99650068E-07
 4.360000E-01	 3.84381359E-05	 9.05279415E-05	-7.10891225E-05	 2.66223483E-04	 1.11702681E-04	 9.87391146E-05	 5.75361059E-05	 4.68087569E-05	 5.21047213E-05	 8.18399050E-05	 1.25060158E-04	 7.08663302E-04	 5.87409789E-04	-6.86578286E-04	-3.16823264E-04	-2.11942164E-04	-1.00794035E-04	-3.98517532E-05	-1.40874910E-05	 4.41516609E-07
 4.370000E-01	 3.41305929E-05	 8.31037620E-05	-8.47733828E-05	 2.34635079E-04	 9.79630560E-05	 8.77312328E-05	 5.20750350E-05	 4.40796222E-05	 5.02519368E-05	 7.95398511E-05	 1.25874791E-04	 7.14281165E-04	 5.97984536E-04	-6.86039189E-04	-3.15250595E-04	-2.07049503E-04	-9.80734408E-05	-3.87751424E-05	-1.37458985E-05	 3.08382149E-07
 4.380000E-01	 2.95101084E-05	 7.52160113E-05	-9.92538592E-05	 2.03175672E-04	 8.34873179E-05	 7.66119990E-05	 4.65075878E-05	 4.12938598E-05	 4.84004095E-05	 7.72925237E-05	 1.27972430E-04	 7.21941872E-04	 6.10329446E-04	-6.82306258E-04	-3.12731904E-04	-2.01670641E-04	-9.51904266E-05	-3.76574413E-05	-1.34010771E-05	 1.85327793E-07
 4.390000E-01	 2.51021113E-05	 6.78187869E-05	-1.12823960E-04	 1.73781765E-04	 6.96203742E-05	 6.61058181E-05	 4.11943237E-05	 3.85875438E-05	 4.65831106E-05	 7.50947163E-05	 1.31051704E-04	 7.31486461E-04	 6.25169298E-04	-6.73853153E-04	-3.08153098E-04	-1.95222300E-04	-9.18501160E-05	-3.64024060E-05	-1.30444526E-05	 5.32035278E-08
 4.400000E-01	 2.10831583E-05	 6.12190961E-05	-1.24986148E-04	 1.47193564E-04	 5.69160841E-05	 5.65302102E-05	 3.63116626E-05	 3.60441334E-05	 4.48330866E-05	 7.29570303E-05	 1.35081200E-04	 7.42921178E-04	 6.42682017E-04	-6.60424277E-04	-3.01344728E-04	-1.87632555E-04	-8.80209072E-05	-3.50026584E-05	-1.26786126E-05	-9.41767417E-08
 4.410000E-01	 1.72708010E-05	 5.50605315E-05	-1.36634779E-04	 1.22708068E-04	 4.48684323E-05	 4.76138598E-05	 3.17464450E-05	 3.36440106E-05	 4.31647724E-05	 7.08997788E-05	 1.40516212E-04	 7.57031876E-04	 6.63420230E-04	-6.40303662E-04	-2.91938479E-04	-1.78618029E-04	-8.36105073E-05	-3.34397552E-05	-1.23087599E-05	-2.63776666E-07
 4.420000E-01	 1.30884388E-05	 4.83095963E-05	-1.49427910E-04	 9.80041504E-05	 3.24749078E-05	 3.87169341E-05	 2.72094261E-05	 3.12772531E-05	 4.15385370E-05	 6.89064086E-05	 1.47028509E-04	 7.73294202E-04	 6.86304006E-04	-6.14212013E-04	-2.80112937E-04	-1.68222190E-04	-7.85653883E-05	-3.16406462E-05	-1.18813655E-05	-4.25824838E-07
 4.430000E-01	 8.75594239E-06	 4.14095965E-05	-1.62174535E-04	 7.39073794E-05	 2.08437526E-05	 3.04214199E-05	 2.30297287E-05	 2.90912093E-05	 4.00057897E-05	 6.69876526E-05	 1.54002458E-04	 7.90389506E-04	 7.10426142E-04	-5.86126588E-04	-2.66311540E-04	-1.56879619E-04	-7.29296477E-05	-2.95302397E-05	-1.13177848E-05	-5.33431665E-07
 4.440000E-01	 4.91781935E-06	 3.55493744E-05	-1.72798390E-04	 5.29458110E-05	 1.11707934E-05	 2.34369162E-05	 1.95181649E-05	 2.71878037E-05	 3.85856068E-05	 6.51386180E-05	 1.60712897E-04	 8.06898309E-04	 7.34305535E-04	-5.60038024E-04	-2.52696282E-04	-1.45936422E-04	-6.73902776E-05	-2.73913628E-05	-1.07073966E-05	-6.04293016E-07
 4.450000E-01	 1.59808129E-06	 3.08032414E-05	-1.81418107E-04	 3.56569808E-05	 3.35754351E-06	 1.77367912E-05	 1.66352500E-05	 2.55389431E-05	 3.72621483E-05	 6.33514728E-05	 1.67020542E-04	 8.22504630E-04	 7.56965346E-04	-5.37069203E-04	-2.40609700E-04	-1.36093362E-04	-6.23583078E-05	-2.54119241E-05	-1.01191784E-05	-6.55089079E-07
 4.460000E-01	-1.24059427E-06	 2.70487458E-05	-1.88253710E-04	 2.14194740E-05	-2.67007198E-06	 1.32367566E-05	 1.43636608E-05	 2.41521442E-05	 3.60446598E-05	 6.16301596E-05	 1.72548291E-04	 8.36564818E-04	 7.77506752E-04	-5.18607976E-04	-2.30583927E-04	-1.27631440E-04	-5.79372689E-05	-2.36143087E-05	-9.54919502E-06	-6.78830264E-07
 4.470000E-01	-2.85848213E-06	 2.54690862E-05	-1.91052363E-04	 1.17715162E-05	-5.91211049E-06	 1.04361004E-05	 1.29162826E-05	 2.30887719E-05	 3.49373354E-05	 5.99624002E-05	 1.76497395E-04	 8.48022281E-04	 7.95769536E-04	-5.05568370E-04	-2.23299715E-04	-1.21044552E-04	-5.44252120E-05	-2.21773410E-05	-9.08965403E-06	-7.20986378E-07
 4.480000E-01	-4.48476879E-06	 2.44251716E-05	-1.92874030E-04	 7.02471857E-06	-7.18269819E-06	 9.02046231E-06	 1.21456157E-05	 2.22969582E-05	 3.39331683E-05	 5.83567611E-05	 1.84322762E-04	 8.65464972E-04	 8.22333594E-04	-4.83183996E-04	-2.09927259E-04	-1.11050805E-04	-4.91813622E-05	-1.99975875E-05	-8.36101009E-06	-6.78220515E-07
 4.490000E-01	-6.39804992E-06	 2.29607843E-05	-1.95699434E-04	 2.14723222E-06	-8.77251274E-06	 7.50806184E-06	 1.13250385E-05	 2.14983762E-05	 3.29461110E-05	 5.67920906E-05	 1.92774682E-04	 8.84266326E-04	 8.50197493E-04	-4.56834526E-04	-1.95572752E-04	-1.00506876E-04	-4.37854989E-05	-1.78114622E-05	-7.66691395E-06	-6.60744709E-07
 4.500000E-01	-9.05025512E-06	 1.99692026E-05	-2.01026252E-04	-7.53067430E-06	-1.24747858E-05	 4.67659030E-06	 9.87730208E-06	 2.04751279E-05	 3.19120494E-05	 5.52540944E-05	 1.99868361E-04	 9.01053356E-04	 8.74632147E-04	-4.33989001E-04	-1.83835435E-04	-9.17129980E-05	-3.93289536E-05	-1.60388996E-05	-7.12906674E-06	-6.87530369E-07
 4.510000E-01	-1.31223835E-05	 1.42227712E-05	-2.10421106E-04	-2.50441872E-05	-1.98583568E-05	-4.37770959E-07	 7.31402161E-06	 1.90155000E-05	 3.07512386E-05	 5.37147041E-05	 2.05695390E-04	 9.15759967E-04	 8.95540695E-04	-4.16060425E-04	-1.74670332E-04	-8.47081264E-05	-3.57519854E-05	-1.46072218E-05	-6.69134991E-06	-7.25254536E-07
 4.520000E-01	-1.83940023E-05	 6.07690492E-06	-2.23552986E-04	-4.95246260E-05	-3.08405078E-05	-7.64553450E-06	 3.72703792E-06	 1.71743150E-05	 2.95026347E-05	 5.22032866E-05	 2.10998930E-04	 9.29554455E-04	 9.13914123E-04	-4.00999662E-04	-1.66865209E-04	-7.86412556E-05	-3.26082522E-05	-1.33117136E-05	-6.27751492E-06	-7.51365942E-07
 4.530000E-01	-2.28620604E-05	-6.82278444E-07	-2.34555623E-04	-7.16960731E-05	-4.17879547E-05	-1.46618474E-05	 9.66531605E-08	 1.52539927E-05	 2.82112704E-05	 5.06989794E-05	 2.15433922E-04	 9.41869127E-04	 9.29040387E-04	-3.89932307E-04	-1.62274346E-04	-7.46393678E-05	-3.06193470E-05	-1.25330231E-05	-6.05854632E-06	-8.27587087E-07
 4.540000E-01	-2.47539873E-05	-2.51229382E-06	-2.37374495E-04	-8.13734300E-05	-4.72408960E-05	-1.82571150E-05	-1.99948658E-06	 1.38457177E-05	 2.70307336E-05	 4.92067739E-05	 2.18436080E-04	 9.51564518E-04	 9.41054713E-04	-3.86030204E-04	-1.62142487E-04	-7.36897309E-05	-3.02882754E-05	-1.25076845E-05	-6.12213074E-06	-9.80101446E-07
 4.550000E-01	-2.52844040E-05	-1.45469616E-06	-2.35211738E-04	-8.12689197E-05	-4.73848080E-05	-1.85424059E-05	-2.41806445E-06	 1.31195318E-05	 2.60747113E-05	 4.77851203E-05	 2.21090725E-04	 9.60256193E-04	 9.52447110E-04	-3.86511026E-04	-1.63244025E-04	-7.36878836E-05	-3.03276036E-05	-1.25731420E-05	-6.17384726E-06	-1.10049502E-06
 4.560000E-01	-2.53747847E-05	 6.44020007E-07	-2.31353124E-04	-7.68217314E-05	-4.50835934E-05	-1.72389474E-05	-1.98515501E-06	 1.27810577E-05	 2.52762773E-05	 4.64390095E-05	 2.23762282E-04	 9.68766166E-04	 9.63725404E-04	-3.88199765E-04	-1.64454454E-04	-7.36568698E-05	-3.02423322E-05	-1.25070969E-05	-6.13286049E-06	-1.16510304E-06
 4.570000E-01	-2.44855134E-05	 4.76929853E-06	-2.24215703E-04	-6.63813979E-05	-4.00849616E-05	-1.42821126E-05	-7.70074830E-07	 1.27423055E-05	 2.45751244E-05	 4.51360153E-05	 2.26665130E-04	 9.77512625E-04	 9.75907585E-04	-3.89917432E-04	-1.65817978E-04	-7.37375108E-05	-3.02255943E-05	-1.24708087E-05	-6.09828794E-06	-1.22252639E-06
 4.580000E-01	-2.37347357E-05	 9.08913240E-06	-2.16545867E-04	-5.27413627E-05	-3.30028951E-05	-1.01130474E-05	 1.12326537E-06	 1.30186979E-05	 2.40064620E-05	 4.39004320E-05	 2.31138757E-04	 9.88275158E-04	 9.91571099E-04	-3.90234976E-04	-1.64411181E-04	-7.23167329E-05	-2.92856470E-05	-1.19649128E-05	-5.85375612E-06	-1.19754347E-06
 4.590000E-01	-2.36631096E-05	 1.17354599E-05	-2.11334535E-04	-4.57932544E-05	-2.77666127E-05	-7.22430842E-06	 2.52886833E-06	 1.32065926E-05	 2.34800278E-05	 4.27332319E-05	 2.31811625E-04	 9.93040189E-04	 9.99604252E-04	-4.00408011E-04	-1.68481836E-04	-7.40428343E-05	-2.98287705E-05	-1.20227322E-05	-5.76702807E-06	-1.18993340E-06
 4.600000E-01	-2.44226106E-05	 1.25417300E-05	-2.09327220E-04	-4.54073995E-05	-2.62191945E-05	-6.56103635E-06	 2.81558174E-06	 1.29780972E-05	 2.28620214E-05	 4.15972956E-05	 2.32544302E-04	 9.97952911E-04	 1.00676869E-03	-4.10499382E-04	-1.73184634E-04	-7.59646072E-05	-3.04991332E-05	-1.21304192E-05	-5.69916667E-06	-1.18288819E-06
 4.610000E-01	-2.44902828E-05	 1.46332419E-05	-2.05626458E-04	-4.20676697E-05	-2.41945468E-05	-5.53170609E-06	 3.18790888E-06	 1.27570745E-05	 2.22525272E-05	 4.04925177E-05	 2.35948816E-04	 1.00726637E-03	 1.01950232E-03	-4.12784655E-04	-1.73686361E-04	-7.54251846E-05	-3.00181673E-05	-1.18184551E-05	-5.53414068E-06	-1.17905392E-06
 4.620000E-01	-2.27563953E-05	 2.01230048E-05	-1.96609529E-04	-3.04158035E-05	-1.86305838E-05	-2.34071708E-06	 4.52098553E-06	 1.28620297E-05	 2.17177722E-05	 3.93995468E-05	 2.39967249E-04	 1.01784507E-03	 1.03451372E-03	-4.12087556E-04	-1.73555434E-04	-7.47088155E-05	-2.96453270E-05	-1.16854800E-05	-5.50895401E-06	-1.25504649E-06
 4.630000E-01	-1.98076663E-05	 2.78399436E-05	-1.84294968E-04	-1.37403786E-05	-1.10615201E-05	 2.00036352E-06	 6.33203640E-06	 1.31132613E-05	 2.12054330E-05	 3.83096455E-05	 2.43743400E-04	 1.02851463E-03	 1.05022957E-03	-4.09849544E-04	-1.75578802E-04	-7.54521486E-05	-3.03944524E-05	-1.22440253E-05	-5.84241054E-06	-1.48467936E-06
 4.640000E-01	-1.99978387E-05	 2.97980667E-05	-1.81655790E-04	-9.95643763E-06	-9.37343488E-06	 2.72930814E-06	 6.53260940E-06	 1.28508117E-05	 2.06186034E-05	 3.72815178E-05	 2.50391027E-04	 1.04446618E-03	 1.07231207E-03	-3.94847040E-04	-1.71318295E-04	-7.21334930E-05	-2.90922148E-05	-1.19313359E-05	-5.88822234E-06	-1.65096738E-06
 4.650000E-01	-2.54731808E-05	 2.19823700E-05	-1.94541312E-04	-2.95969859E-05	-1.79527170E-05	-2.82963385E-06	 3.92306586E-06	 1.16686333E-05	 1.98850554E-05	 3.63410484E-05	 2.61704508E-04	 1.06833542E-03	 1.10442866E-03	-3.61937101E-04	-1.53603459E-04	-6.04018939E-05	-2.30415279E-05	-9.36360092E-06	-5.04154435E-06	-1.54068908E-06
 4.660000E-01	-3.19836889E-05	 1.17320725E-05	-2.10593110E-04	-5.98782362E-05	-3.13354934E-05	-1.14390335E-05	-2.09783554E-07	 9.88346032E-06	 1.89871921E-05	 3.54047822E-05	 2.71771012E-04	 1.09056410E-03	 1.13545609E-03	-3.28699834E-04	-1.35284073E-04	-4.84496927E-05	-1.68115974E-05	-6.70347774E-06	-4.15321610E-06	-1.41522525E-06
 4.670000E-01	-3.81800344E-05	 1.90960443E-06	-2.25434224E-04	-9.07344162E-05	-4.52784677E-05	-2.03576525E-05	-4.58418691E-06	 7.95127736E-06	 1.80261469E-05	 3.44639377E-05	 2.80880824E-04	 1.11102667E-03	 1.16434134E-03	-2.99630247E-04	-1.19678759E-04	-3.83781383E-05	-1.16131086E-05	-4.49673633E-06	-3.42126683E-06	-1.32050712E-06
 4.680000E-01	-4.49112879E-05	-8.96884721E-06	-2.41540120E-04	-1.24096420E-04	-5.96810192E-05	-2.94107099E-05	-8.92786941E-06	 6.08705957E-06	 1.71265172E-05	 3.35755932E-05	 2.88925433E-04	 1.12951593E-03	 1.19009868E-03	-2.74930027E-04	-1.05298241E-04	-2.90035640E-05	-6.56692843E-06	-2.21013373E-06	-2.57541210E-06	-1.14265240E-06
 4.690000E-01	-4.97958765E-05	-1.66126222E-05	-2.51739015E-04	-1.50788851E-04	-7.05237246E-05	-3.61922209E-05	-1.21993090E-05	 4.60389013E-06	 1.63245307E-05	 3.27018333E-05	 2.95129446E-04	 1.14500390E-03	 1.21292950E-03	-2.55396931E-04	-9.35410451E-05	-2.14694134E-05	-2.44684213E-06	-3.30533994E-07	-1.86499641E-06	-9.92517419E-07
 4.700000E-01	-5.19621953E-05	-1.85093924E-05	-2.52513584E-04	-1.59061065E-04	-7.40286014E-05	-3.82805240E-05	-1.33795608E-05	 3.79736017E-06	 1.56401419E-05	 3.18025074E-05	 3.05887212E-04	 1.16730944E-03	 1.24584271E-03	-2.27808181E-04	-7.72084186E-05	-1.17235026E-05	 2.54839324E-06	 1.77764404E-06	-1.15004539E-06	-8.83899692E-07
 4.710000E-01	-5.32422967E-05	-1.85084683E-05	-2.50550638E-04	-1.60595612E-04	-7.43043128E-05	-3.82816510E-05	-1.35258141E-05	 3.40342911E-06	 1.50749528E-05	 3.09263775E-05	 3.16170235E-04	 1.18942058E-03	 1.27849178E-03	-1.98750837E-04	-6.30921308E-05	-3.34299969E-06	 6.52302259E-06	 3.30294381E-06	-7.20789086E-07	-8.88988356E-07
 4.720000E-01	-5.71037758E-05	-2.32892954E-05	-2.56323907E-04	-1.73276931E-04	-7.90274812E-05	-4.10279097E-05	-1.48423236E-05	 2.66360013E-06	 1.44782760E-05	 3.01070811E-05	 3.27023849E-04	 1.21302826E-03	 1.31254067E-03	-1.64252735E-04	-4.63934466E-05	 6.66113022E-06	 1.13555011E-05	 5.20858946E-06	-1.60672497E-07	-8.65684828E-07
 4.730000E-01	-6.51610312E-05	-3.60347055E-05	-2.74698515E-04	-2.06403262E-04	-9.29230000E-05	-4.93421965E-05	-1.87160784E-05	 1.04503226E-06	 1.37105293E-05	 2.93425739E-05	 3.39618930E-04	 1.23999570E-03	 1.34973165E-03	-1.20324215E-04	-2.22087090E-05	 2.14019579E-05	 1.89731107E-05	 8.49948240E-06	 9.70771718E-07	-6.58613387E-07
 4.740000E-01	-7.37451846E-05	-4.98955909E-05	-2.94979481E-04	-2.43712146E-04	-1.09978094E-04	-5.92790846E-05	-2.34713130E-05	-9.34061977E-07	 1.28429489E-05	 2.85873790E-05	 3.53323703E-04	 1.26865936E-03	 1.38652772E-03	-7.44773059E-05	 5.64923191E-06	 3.84983786E-05	 2.81346603E-05	 1.26988051E-05	 2.53857997E-06	-2.76062105E-07
 4.750000E-01	-7.28727336E-05	-4.64631383E-05	-2.87632563E-04	-2.41526939E-04	-1.10255882E-04	-5.87685164E-05	-2.35936283E-05	-1.39425421E-06	 1.22392725E-05	 2.77419811E-05	 3.59914436E-04	 1.28550628E-03	 1.40756033E-03	-5.41968074E-05	 1.47537564E-05	 4.33906976E-05	 3.04013382E-05	 1.36389072E-05	 2.82285626E-06	-2.77384165E-07
 4.760000E-01	-6.24382174E-05	-2.45204678E-05	-2.50704478E-04	-1.87454051E-04	-8.57812693E-05	-4.30186610E-05	-1.64050400E-05	 8.61911466E-07	 1.23218985E-05	 2.69034106E-05	 3.62447369E-04	 1.29464676E-03	 1.41939077E-03	-5.62628192E-05	 9.52071765E-06	 3.85934329E-05	 2.72666518E-05	 1.20232593E-05	 2.11640938E-06	-5.67430113E-07
 4.770000E-01	-4.85290355E-05	 4.93522429E-06	-2.02441145E-04	-1.05332649E-04	-4.62648119E-05	-1.79227686E-05	-4.34055301E-06	 5.19345849E-06	 1.30986395E-05	 2.62167915E-05	 3.66018192E-04	 1.30439099E-03	 1.43149868E-03	-6.35996387E-05	 4.41942253E-06	 3.39317814E-05	 2.45429152E-05	 1.08035321E-05	 1.68287315E-06	-7.07373502E-07
 4.780000E-01	-3.03444878E-05	 4.27774850E-05	-1.41663370E-04	 3.28007676E-07	 4.51874828E-06	 1.38962927E-05	 1.10121406E-05	 1.08308701E-05	 1.42660288E-05	 2.55907823E-05	 3.69308437E-04	 1.31321687E-03	 1.44331178E-03	-7.60741120E-05	-4.66793997E-06	 2.67549724E-05	 2.03353464E-05	 8.86471919E-06	 9.67637875E-07	-9.24033583E-07
 4.790000E-01	-1.02808450E-05	 8.46975788E-05	-7.48379555E-05	 1.19165326E-04	 6.16764880E-05	 4.89585370E-05	 2.78993560E-05	 1.70324893E-05	 1.55732269E-05	 2.49701627E-05	 3.74178368E-04	 1.32415786E-03	 1.46086170E-03	-8.80863546E-05	-1.60010099E-05	 1.75972409E-05	 1.45857207E-05	 5.92464603E-06	-2.66758725E-07	-1.36249807E-06
 4.800000E-01	-7.76393753E-07	 1.07031001E-04	-3.95047987E-05	 1.90278819E-04	 9.97294471E-05	 7.15752039E-05	 3.93039564E-05	 2.14915973E-05	 1.66313031E-05	 2.45176756E-05	 3.80880898E-04	 1.33845589E-03	 1.48270831E-03	-8.89612167E-05	-1.76897500E-05	 1.50988506E-05	 1.29222225E-05	 5.07094867E-06	-5.95534775E-07	-1.48267531E-06
 4.810000E-01	-5.52796293E-06	 1.01568746E-04	-4.85967133E-05	 1.81818619E-04	 1.01297035E-04	 7.13461432E-05	 3.98632761E-05	 2.20234117E-05	 1.67838083E-05	 2.41533037E-05	 3.87056092E-04	 1.35288936E-03	 1.50133953E-03	-8.09214114E-05	-9.98410202E-06	 1.97898907E-05	 1.59751561E-05	 6.85456803E-06	 3.07701620E-07	-1.12241660E-06
 4.820000E-01	-1.37943061E-05	 8.82284972E-05	-6.98210664E-05	 1.40497770E-04	 8.35344693E-05	 5.89737331E-05	 3.38956318E-05	 1.97222677E-05	 1.59852044E-05	 2.36103681E-05	 3.92531572E-04	 1.36617479E-03	 1.51720294E-03	-7.64762029E-05	-4.30160849E-06	 2.30512627E-05	 1.81971933E-05	 8.24514798E-06	 1.04007520E-06	-8.23522713E-07
 4.830000E-01	-1.88532319E-05	 8.03146094E-05	-8.17494796E-05	 1.07249730E-04	 6.71257269E-05	 4.73863520E-05	 2.78156270E-05	 1.70695202E-05	 1.49071301E-05	 2.29168672E-05	 3.95256417E-04	 1.37453049E-03	 1.52700746E-03	-8.65817213E-05	-9.38482932E-06	 1.88491713E-05	 1.59915894E-05	 7.37605019E-06	 7.93300540E-07	-8.73622543E-07
 4.840000E-01	-2.19718893E-05	 7.58860101E-05	-8.79251459E-05	 8.20641584E-05	 5.44171863E-05	 3.82225733E-05	 2.28490009E-05	 1.47995688E-05	 1.39032801E-05	 2.22111699E-05	 3.95519370E-04	 1.37895640E-03	 1.53184762E-03	-1.06029637E-04	-2.36550647E-05	 8.69775251E-06	 1.01765657E-05	 4.64761083E-06	-2.69712023E-07	-1.21624021E-06
 4.850000E-01	-2.82939440E-05	 6.55789804E-05	-1.03482729E-04	 4.32531507E-05	 3.54965071E-05	 2.54419858E-05	 1.62383386E-05	 1.19789446E-05	 1.27993965E-05	 2.15517226E-05	 3.98804019E-04	 1.38902554E-03	 1.54421125E-03	-1.12258441E-04	-3.24276637E-05	 2.25368977E-06	 6.11698995E-06	 2.61310088E-06	-1.14395009E-06	-1.54552970E-06
 4.860000E-01	-4.22304863E-05	 4.15436472E-05	-1.40290128E-04	-2.66612507E-05	 1.72417272E-06	 3.69365798E-06	 5.39527430E-06	 7.59249376E-06	 1.13156503E-05	 2.09256239E-05	 4.12155524E-04	 1.41577964E-03	 1.57936128E-03	-8.45754309E-05	-1.70711385E-05	 1.11430114E-05	 1.05904686E-05	 4.58768834E-06	-4.53402799E-07	-1.41466236E-06
 4.870000E-01	-5.97950277E-05	 1.01431287E-05	-1.87562011E-04	-1.20056283E-04	-4.29459467E-05	-2.47176202E-05	-8.72019335E-06	 1.89397805E-06	 9.45199043E-06	 2.02697096E-05	 4.25259816E-04	 1.44378690E-03	 1.61895301E-03	-4.13673422E-05	 4.73865164E-06	 2.42311721E-05	 1.71620381E-05	 7.36978500E-06	 4.75702121E-07	-1.24750528E-06
 4.880000E-01	-8.05802941E-05	-2.74988378E-05	-2.43586138E-04	-2.30688452E-04	-9.58110200E-05	-5.79015414E-05	-2.51669500E-05	-4.73498452E-06	 7.32052930E-06	 1.96004902E-05	 4.39382478E-04	 1.47443175E-03	 1.66300466E-03	 1.54283437E-05	 3.36315607E-05	 4.19722668E-05	 2.62631868E-05	 1.13356677E-05	 1.87407360E-06	-9.24639788E-07
 4.890000E-01	-1.03711203E-04	-6.97187331E-05	-3.06010785E-04	-3.52410948E-04	-1.52988270E-04	-9.29739194E-05	-4.22972378E-05	-1.14961770E-05	 5.24859078E-06	 1.90226479E-05	 4.53205160E-04	 1.50518767E-03	 1.70501293E-03	 8.05261362E-05	 7.24319051E-05	 6.68486171E-05	 4.01215114E-05	 1.80309528E-05	 4.60724767E-06	-4.30763360E-08
 4.900000E-01	-1.13710243E-04	-8.76618555E-05	-3.29395904E-04	-4.12709601E-04	-1.83192806E-04	-1.10473540E-04	-5.11867829E-05	-1.53063232E-05	 3.85542730E-06	 1.83872175E-05	 4.62533808E-04	 1.52813172E-03	 1.73609296E-03	 1.28872185E-04	 1.02465915E-04	 8.57462064E-05	 5.08756708E-05	 2.33827023E-05	 6.89278108E-06	 7.54801928E-07
 4.910000E-01	-9.71657555E-05	-5.48731607E-05	-2.72936915E-04	-3.33188326E-04	-1.49598091E-04	-8.79047456E-05	-4.09776793E-05	-1.20532490E-05	 4.18725359E-06	 1.76829719E-05	 4.70291216E-04	 1.54623751E-03	 1.76255648E-03	 1.47202124E-04	 1.11646324E-04	 8.91789834E-05	 5.21358783E-05	 2.37417838E-05	 6.93716775E-06	 7.07986385E-07
 4.920000E-01	-6.33199088E-05	 1.22636965E-05	-1.64020355E-04	-1.46249271E-04	-6.05384450E-05	-3.06239894E-05	-1.31111104E-05	-1.53046157E-06	 6.75904864E-06	 1.72905516E-05	 4.75550286E-04	 1.55888602E-03	 1.77949404E-03	 1.42118729E-04	 1.08203314E-04	 8.38737241E-05	 4.84325087E-05	 2.16871362E-05	 5.95226596E-06	 2.81301005E-07
 4.930000E-01	-2.30043483E-05	 9.29936746E-05	-3.61320597E-05	 9.01016749E-05	 5.73992605E-05	 4.44734924E-05	 2.43622792E-05	 1.33234581E-05	 1.08930617E-05	 1.72761161E-05	 4.79125222E-04	 1.56754234E-03	 1.78554706E-03	 1.20947865E-04	 1.04230021E-04	 7.83651965E-05	 4.54554537E-05	 2.03775929E-05	 5.42123991E-06	 4.74118157E-08
 4.940000E-01	 2.50491060E-05	 1.88910411E-04	 1.13264989E-04	 3.71282630E-04	 1.98642462E-04	 1.33477584E-04	 6.89161364E-05	 3.11876321E-05	 1.60257346E-05	 1.74509483E-05	 4.77912844E-04	 1.56602332E-03	 1.77204937E-03	 6.38919204E-05	 9.10974695E-05	 6.66657839E-05	 4.00645609E-05	 1.84316745E-05	 4.85558079E-06	-1.10632233E-07
 4.950000E-01	 8.66212419E-05	 3.10745207E-04	 3.01116682E-04	 7.23022110E-04	 3.74521179E-04	 2.43226933E-04	 1.23682407E-04	 5.31754393E-05	 2.24018750E-05	 1.77784015E-05	 4.65156905E-04	 1.54117524E-03	 1.72080623E-03	-6.86625485E-05	 4.77810874E-05	 3.53978365E-05	 2.52365161E-05	 1.28493999E-05	 3.27031679E-06	-3.62974043E-07
 4.960000E-01	 1.69062158E-04	 4.71596175E-04	 5.47636403E-04	 1.17403375E-03	 5.99780633E-04	 3.82708722E-04	 1.93154905E-04	 8.11127661E-05	 3.05819087E-05	 1.83252459E-05	 4.22020704E-04	 1.46257887E-03	 1.59269229E-03	-3.28686591E-04	-6.87421980E-05	-4.15785753E-05	-1.35408758E-05	-3.09939388E-06	-1.81953498E-06	-1.28877778E-06
 4.970000E-01	 2.70014568E-04	 6.68616712E-04	 8.47611197E-04	 1.72821743E-03	 8.74794636E-04	 5.52019378E-04	 2.77441426E-04	 1.15094800E-04	 4.06296746E-05	 1.91362429E-05	 3.54067972E-04	 1.33566019E-03	 1.39374779E-03	-7.29037463E-04	-2.57531496E-04	-1.62829428E-04	-7.43350756E-05	-2.77310742E-05	-9.27154087E-06	-2.24081232E-06
 4.980000E-01	 3.89875186E-04	 9.02309629E-04	 1.20126187E-03	 2.38329790E-03	 1.19864088E-03	 7.50236020E-04	 3.76114393E-04	 1.55021624E-04	 5.25660615E-05	 2.02498852E-05	 2.55545895E-04	 1.14992198E-03	 1.11085669E-03	-1.29732020E-03	-5.35268108E-04	-3.38090814E-04	-1.62217966E-04	-6.32125730E-05	-1.97940307E-05	-3.32944278E-06
 4.990000E-01	 5.28037632E-04	 1.17136890E-03	 1.60656974E-03	 3.13177360E-03	 1.56623860E-03	 9.73158516E-04	 4.86728183E-04	 1.99692717E-04	 6.58923953E-05	 2.15006914E-05	 1.21618841E-04	 8.96891074E-04	 7.36831232E-04	-2.05503402E-03	-9.24926864E-04	-5.82508369E-04	-2.86682693E-04	-1.14719822E-04	-3.57820193E-05	-5.46463162E-06
 5.000000E-01	 6.58871911E-04	 1.42810804E-03	 1.98829974E-03	 3.85223640E-03	 1.92404948E-03	 1.18677024E-03	 5.93265701E-04	 2.43265925E-04	 7.92424321E-05	 2.30161608E-05	-4.56191292E-05	 5.80342308E-04	 2.72718972E-04	-2.98539615E-03	-1.40868538E-03	-8.82605674E-04	-4.38990585E-04	-1.77551521E-04	-5.51130382E-05	-7.86615165E-06
 5.010000E-01	 7.54166735E-04	 1.61798483E-03	 2.26100444E-03	 4.38877971E-03	 2.19911537E-03	 1.34590683E-03	 6.73755320E-04	 2.77353922E-04	 9.04412664E-05	 2.48070814E-05	-2.46706551E-04	 1.98780133E-04	-2.94868141E-04	-4.08683446E-03	-1.95905538E-03	-1.21806515E-03	-6.04915084E-04	-2.43478848E-04	-7.38672947E-05	-9.02783219E-06
 5.020000E-01	 8.26991342E-04	 1.76233818E-03	 2.45984822E-03	 4.76962239E-03	 2.39474736E-03	 1.45271362E-03	 7.27324502E-04	 3.00406584E-04	 9.83113144E-05	 2.62121096E-05	-4.95274739E-04	-2.72652689E-04	-9.99292263E-04	-5.42862630E-03	-2.61745257E-03	-1.61763650E-03	-8.01474025E-04	-3.21342516E-04	-9.60387547E-05	-1.04839462E-05
 5.030000E-01	 8.94989831E-04	 1.89450678E-03	 2.63839600E-03	 5.08556282E-03	 2.55069652E-03	 1.53224631E-03	 7.65605388E-04	 3.16419662E-04	 1.03585084E-04	 2.69622121E-05	-8.02012992E-04	-8.54737549E-04	-1.86652601E-03	-7.07527343E-03	-3.42938577E-03	-2.11184065E-03	-1.04685658E-03	-4.20558702E-04	-1.25765623E-04	-1.37203818E-05
 5.040000E-01	 9.55475777E-04	 2.01068569E-03	 2.79056407E-03	 5.33947486E-03	 2.67444311E-03	 1.58988942E-03	 7.92299333E-04	 3.27443764E-04	 1.07197297E-04	 2.74011613E-05	-1.17049522E-03	-1.55459600E-03	-2.90879058E-03	-9.04381265E-03	-4.40007394E-03	-2.70175573E-03	-1.34074988E-03	-5.40489377E-04	-1.62530621E-04	-1.84158112E-05
 5.050000E-01	 1.00485550E-03	 2.10406654E-03	 2.90606613E-03	 5.51205734E-03	 2.75732558E-03	 1.62057895E-03	 8.05042471E-04	 3.32630106E-04	 1.08961707E-04	 2.75637329E-05	-1.60132544E-03	-2.37269383E-03	-4.12408421E-03	-1.13296461E-02	-5.52801738E-03	-3.38507967E-03	-1.68198221E-03	-6.80678401E-04	-2.06212421E-04	-2.45462835E-05
 5.060000E-01	 1.03670828E-03	 2.16370741E-03	 2.96881614E-03	 5.58109325E-03	 2.78369259E-03	 1.61452299E-03	 7.98439323E-04	 3.29427927E-04	 1.07886792E-04	 2.71820277E-05	-2.08113807E-03	-3.28810501E-03	-5.47871722E-03	-1.38997441E-02	-6.79202364E-03	-4.14747942E-03	-2.06282333E-03	-8.37628219E-04	-2.55459040E-04	-3.17058462E-05
 5.070000E-01	 1.04235877E-03	 2.17246669E-03	 2.95282627E-03	 5.49428974E-03	 2.73021433E-03	 1.55736379E-03	 7.65654369E-04	 3.15236032E-04	 1.03306941E-04	 2.62621820E-05	-2.61509717E-03	-4.30374913E-03	-6.97021072E-03	-1.67137199E-02	-8.18641713E-03	-4.98268850E-03	-2.48068722E-03	-1.01071628E-03	-3.10293732E-04	-3.99938909E-05
 5.080000E-01	 1.00941520E-03	 2.10683402E-03	 2.82252425E-03	 5.18769586E-03	 2.56639578E-03	 1.43056274E-03	 6.97619435E-04	 2.86504931E-04	 9.42394051E-05	 2.47679392E-05	-3.19364428E-03	-5.40099277E-03	-8.57133826E-03	-1.97096744E-02	-9.67117765E-03	-5.86326157E-03	-2.91989099E-03	-1.19235598E-03	-3.67681758E-04	-4.84780215E-05
 5.090000E-01	 9.37225894E-04	 1.96462358E-03	 2.57511761E-03	 4.65034556E-03	 2.28398334E-03	 1.23051595E-03	 5.92347862E-04	 2.42315837E-04	 8.03626140E-05	 2.26411432E-05	-3.80868679E-03	-6.56449690E-03	-1.02619992E-02	-2.28387597E-02	-1.12098939E-02	-6.76361176E-03	-3.36523499E-03	-1.37484286E-03	-4.24335806E-04	-5.60391811E-05
 5.100000E-01	 8.61807714E-04	 1.81209425E-03	 2.31479578E-03	 4.04995316E-03	 1.95238962E-03	 1.00177810E-03	 4.70381315E-04	 1.89774626E-04	 6.30308348E-05	 1.94381609E-05	-4.45786452E-03	-7.78862769E-03	-1.20252420E-02	-2.60835927E-02	-1.28146472E-02	-7.69377010E-03	-3.82550976E-03	-1.56434572E-03	-4.83787470E-04	-6.43824712E-05
 5.110000E-01	 8.16831508E-04	 1.71384550E-03	 2.14337788E-03	 3.57261809E-03	 1.66266459E-03	 8.01032818E-04	 3.59937121E-04	 1.40009831E-04	 4.52992828E-05	 1.52577761E-05	-5.12845656E-03	-9.04825479E-03	-1.38101160E-02	-2.93731483E-02	-1.44754272E-02	-8.65115370E-03	-4.30407914E-03	-1.76550575E-03	-5.49591747E-04	-7.56069941E-05
 5.120000E-01	 7.79034631E-04	 1.62969263E-03	 1.99699000E-03	 3.14310642E-03	 1.39631231E-03	 6.16867596E-04	 2.58263505E-04	 9.37407327E-05	 2.84982698E-05	 1.10915601E-05	-5.78113787E-03	-1.02721496E-02	-1.55174873E-02	-3.25149069E-02	-1.60703797E-02	-9.55409343E-03	-4.75460035E-03	-1.95593792E-03	-6.12769300E-04	-8.69944703E-05
 5.130000E-01	 7.24143478E-04	 1.51339425E-03	 1.80234211E-03	 2.63134236E-03	 1.09139929E-03	 4.10558222E-04	 1.46419993E-04	 4.36778082E-05	 1.07313011E-05	 6.96450245E-06	-6.38056151E-03	-1.13922678E-02	-1.70491674E-02	-3.53039248E-02	-1.74852563E-02	-1.03276950E-02	-5.13635651E-03	-2.11698851E-03	-6.66376588E-04	-9.67557325E-05
 5.140000E-01	 6.48705741E-04	 1.35734548E-03	 1.54931107E-03	 2.00517096E-03	 7.23850725E-04	 1.66098857E-04	 1.49515881E-05	-1.49490001E-05	-1.00126784E-05	 2.21833582E-06	-6.89485844E-03	-1.23472011E-02	-1.83067717E-02	-3.75662069E-02	-1.86381206E-02	-1.09237961E-02	-5.42651860E-03	-2.24029323E-03	-7.08545635E-04	-1.05232092E-04
 5.150000E-01	 5.34063343E-04	 1.12689432E-03	 1.18506339E-03	 1.17684658E-03	 2.57641497E-04	-1.38793966E-04	-1.46389821E-04	-8.57533078E-05	-3.44759218E-05	-2.96294403E-06	-7.29336905E-03	-1.30776928E-02	-1.92059872E-02	-3.91233975E-02	-1.94272116E-02	-1.12774747E-02	-5.58962590E-03	-2.30933769E-03	-7.32985059E-04	-1.10728720E-04
 5.160000E-01	 3.73389484E-04	 8.07683868E-04	 6.86306633E-04	 9.90369653E-05	-3.30861831E-04	-5.17190568E-04	-3.44038920E-04	-1.71226580E-04	-6.32906306E-05	-8.55404313E-06	-7.55992458E-03	-1.35486363E-02	-1.97023248E-02	-3.98477023E-02	-1.97879131E-02	-1.13479577E-02	-5.60385229E-03	-2.31401824E-03	-7.35879366E-04	-1.12222054E-04
 5.170000E-01	 1.93455702E-04	 4.49982225E-04	 1.32172265E-04	-1.09087951E-03	-9.88778207E-04	-9.35034069E-04	-5.62884141E-04	-2.66548919E-04	-9.58768160E-05	-1.51518012E-05	-7.67512732E-03	-1.37282162E-02	-1.97502957E-02	-3.96972284E-02	-1.96972487E-02	-1.11278626E-02	-5.46723111E-03	-2.25444236E-03	-7.17876300E-04	-1.10345134E-04
 5.180000E-01	 2.30716043E-05	 1.09382985E-04	-3.89608302E-04	-2.22820684E-03	-1.63223188E-03	-1.33932391E-03	-7.75946081E-04	-3.60667101E-04	-1.28935092E-04	-2.24388625E-05	-7.63708006E-03	-1.36114640E-02	-1.93384829E-02	-3.86621465E-02	-1.91649754E-02	-1.06298766E-02	-5.18938024E-03	-2.13646174E-03	-6.81988713E-04	-1.06450402E-04
 5.190000E-01	-1.42467310E-04	-2.20045467E-04	-8.89009020E-04	-3.30412871E-03	-2.24383658E-03	-1.71919220E-03	-9.75850215E-04	-4.49416356E-04	-1.60523455E-04	-2.96907576E-05	-7.43892512E-03	-1.31855403E-02	-1.84536590E-02	-3.67123859E-02	-1.81779100E-02	-9.84865178E-03	-4.76762828E-03	-1.95864449E-03	-6.27535999E-04	-1.00278983E-04
 5.200000E-01	-3.36592262E-04	-5.99061508E-04	-1.46121367E-03	-4.46701304E-03	-2.88472272E-03	-2.11286233E-03	-1.18001015E-03	-5.38673527E-04	-1.91606145E-04	-3.63741057E-05	-7.06713516E-03	-1.24306856E-02	-1.70817110E-02	-3.38296585E-02	-1.66979606E-02	-8.75919218E-03	-4.18407260E-03	-1.70963229E-03	-5.48356625E-04	-8.90236212E-05
 5.210000E-01	-5.67339757E-04	-1.04402132E-03	-2.12977904E-03	-5.77229618E-03	-3.58453002E-03	-2.53825298E-03	-1.39779039E-03	-6.32406942E-04	-2.23406646E-04	-4.26264077E-05	-6.53135721E-03	-1.13681721E-02	-1.52609591E-02	-3.00990520E-02	-1.47499253E-02	-7.37933789E-03	-3.44520455E-03	-1.39001587E-03	-4.43182077E-04	-7.14052424E-05
 5.220000E-01	-8.00336872E-04	-1.49234050E-03	-2.79567690E-03	-7.06544791E-03	-4.27702079E-03	-2.95322602E-03	-1.60948390E-03	-7.23563055E-04	-2.54436078E-04	-4.87968294E-05	-5.87514135E-03	-1.00747988E-02	-1.31008378E-02	-2.57157463E-02	-1.24587064E-02	-5.79670286E-03	-2.60102911E-03	-1.02395866E-03	-3.21723413E-04	-5.03677128E-05
 5.230000E-01	-1.01599345E-03	-1.90565734E-03	-3.40031760E-03	-8.22563752E-03	-4.89821025E-03	-3.31683829E-03	-1.79365363E-03	-8.02872252E-04	-2.81600744E-04	-5.43314991E-05	-5.12910055E-03	-8.61242573E-03	-1.07037423E-02	-2.08872566E-02	-9.92960412E-03	-4.08114327E-03	-1.68781160E-03	-6.26599878E-04	-1.88674632E-04	-2.65010948E-05
 5.240000E-01	-1.19585942E-03	-2.24897079E-03	-3.89060789E-03	-9.15297293E-03	-5.39227086E-03	-3.59337419E-03	-1.93119090E-03	-8.61755649E-04	-3.01817098E-04	-5.85335804E-05	-4.33185136E-03	-7.05501160E-03	-8.18670898E-03	-1.58336598E-02	-7.27561429E-03	-2.30601178E-03	-7.43416814E-04	-2.13767019E-04	-4.89577225E-05	-4.07438041E-07
 5.250000E-01	-1.31172786E-03	-2.46840185E-03	-4.18394636E-03	-9.69640753E-03	-5.69035743E-03	-3.74101411E-03	-2.00192754E-03	-8.92472323E-04	-3.13115785E-04	-6.14873667E-05	-3.51976749E-03	-5.47391197E-03	-5.65516928E-03	-1.07898517E-02	-4.62149975E-03	-5.57196408E-04	 1.84615835E-04	 1.92197774E-04	 8.87649645E-05	 2.54275726E-05
 5.260000E-01	-1.37064568E-03	-2.57556025E-03	-4.30152056E-03	-9.87811694E-03	-5.79405520E-03	-3.76273524E-03	-2.00627636E-03	-8.94357042E-04	-3.14785943E-04	-6.27327689E-05	-2.71973397E-03	-3.92123760E-03	-3.19159701E-03	-5.91658522E-03	-2.05895103E-03	 1.10713286E-03	 1.06482676E-03	 5.77104440E-04	 2.19402772E-04	 4.98455672E-05
 5.270000E-01	-1.40779365E-03	-2.63678897E-03	-4.34863895E-03	-9.88534958E-03	-5.78537272E-03	-3.71165468E-03	-1.96985093E-03	-8.76957481E-04	-3.09042258E-04	-6.19812808E-05	-1.94667271E-03	-2.42709178E-03	-8.49023981E-04	-1.30471901E-03	 3.69026112E-04	 2.66518362E-03	 1.88819162E-03	 9.38725749E-04	 3.43368135E-04	 7.38229450E-05
 5.280000E-01	-1.43686583E-03	-2.68053918E-03	-4.37051856E-03	-9.81953922E-03	-5.72431289E-03	-3.62613587E-03	-1.91352643E-03	-8.49597745E-04	-2.99109297E-04	-5.98762870E-05	-1.21386153E-03	-1.02050681E-03	 1.32440056E-03	 2.94058709E-03	 2.62180230E-03	 4.09482582E-03	 2.64572356E-03	 1.27483352E-03	 4.61029297E-04	 9.82696014E-05
 5.290000E-01	-1.42280856E-03	-2.64404498E-03	-4.27087999E-03	-9.53285998E-03	-5.55657380E-03	-3.47240556E-03	-1.82282511E-03	-8.07884318E-04	-2.84641094E-04	-5.71536122E-05	-5.54462122E-04	 2.38698733E-04	 3.24659669E-03	 6.66299906E-03	 4.61228126E-03	 5.33803281E-03	 3.30494031E-03	 1.56958901E-03	 5.65898820E-04	 1.21144749E-04
 5.300000E-01	-1.32391531E-03	-2.44915568E-03	-3.92849796E-03	-8.81498614E-03	-5.17320208E-03	-3.18338282E-03	-1.66332387E-03	-7.37438348E-04	-2.61183460E-04	-5.33067602E-05	-1.83090541E-05	 1.27035232E-03	 4.81612343E-03	 9.72598377E-03	 6.23533667E-03	 6.32270163E-03	 3.82194048E-03	 1.79932150E-03	 6.46921955E-04	 1.38191995E-04
 5.310000E-01	-1.16642056E-03	-2.14158870E-03	-3.41507177E-03	-7.76664480E-03	-4.60550296E-03	-2.78074748E-03	-1.44357233E-03	-6.40166057E-04	-2.28283943E-04	-4.74750093E-05	 4.07604751E-04	 2.09000168E-03	 6.04996499E-03	 1.21254732E-02	 7.50392147E-03	 7.06410419E-03	 4.20793457E-03	 1.97103044E-03	 7.07876466E-04	 1.51184574E-04
 5.320000E-01	-9.90702866E-04	-1.79750411E-03	-2.85046272E-03	-6.60581663E-03	-3.96128746E-03	-2.33405249E-03	-1.19896030E-03	-5.30549566E-04	-1.90215708E-04	-3.99904935E-05	 7.41878865E-04	 2.72863473E-03	 6.99202763E-03	 1.39314062E-02	 8.45765777E-03	 7.59424441E-03	 4.48156111E-03	 2.09400654E-03	 7.52730216E-04	 1.61520210E-04
 5.330000E-01	-8.23243608E-04	-1.46692632E-03	-2.31043281E-03	-5.48257504E-03	-3.32363107E-03	-1.89860840E-03	-9.59479323E-04	-4.22212590E-04	-1.51944601E-04	-3.20183729E-05	 9.86858341E-04	 3.19746615E-03	 7.67210518E-03	 1.52197872E-02	 9.12817406E-03	 7.93094842E-03	 4.64937988E-03	 2.16869201E-03	 7.79945888E-04	 1.67651751E-04
 5.340000E-01	-7.27686381E-04	-1.26922794E-03	-1.97904864E-03	-4.72651790E-03	-2.85488834E-03	-1.57726694E-03	-7.77564161E-04	-3.36976528E-04	-1.20180923E-04	-2.43069730E-05	 1.17990858E-03	 3.55949554E-03	 8.17584432E-03	 1.61348299E-02	 9.59544264E-03	 8.13599110E-03	 4.74721705E-03	 2.21320125E-03	 7.97378967E-04	 1.72372320E-04
 5.350000E-01	-7.32812781E-04	-1.26306359E-03	-1.94834982E-03	-4.52887193E-03	-2.67142738E-03	-1.44051783E-03	-6.91570975E-04	-2.92294901E-04	-1.01171342E-04	-1.82296633E-05	 1.34959661E-03	 3.86373271E-03	 8.56722799E-03	 1.67965122E-02	 9.92457047E-03	 8.26072641E-03	 4.80562651E-03	 2.24341286E-03	 8.12208765E-04	 1.78422366E-04
 5.360000E-01	-7.74598873E-04	-1.33091479E-03	-2.03373470E-03	-4.58215551E-03	-2.64929264E-03	-1.40858966E-03	-6.64757452E-04	-2.75590519E-04	-9.28479343E-05	-1.49617138E-05	 1.47235163E-03	 4.07740490E-03	 8.81555598E-03	 1.71745741E-02	 1.01103380E-02	 8.29123195E-03	 4.81429225E-03	 2.25179555E-03	 8.19644773E-04	 1.83125455E-04
 5.370000E-01	-7.99121966E-04	-1.36914359E-03	-2.07265502E-03	-4.57754718E-03	-2.62146887E-03	-1.37485621E-03	-6.40826033E-04	-2.62460152E-04	-8.71577840E-05	-1.31965881E-05	 1.52423425E-03	 4.16454694E-03	 8.87963304E-03	 1.72221923E-02	 1.01208904E-02	 8.20241944E-03	 4.75678803E-03	 2.22855531E-03	 8.14492324E-04	 1.84081704E-04
 5.380000E-01	-8.10396530E-04	-1.38262606E-03	-2.07368874E-03	-4.50601956E-03	-2.56078503E-03	-1.32102530E-03	-6.06972510E-04	-2.45372650E-04	-8.03545797E-05	-1.13987477E-05	 1.52028086E-03	 4.14969603E-03	 8.79167666E-03	 1.69919421E-02	 9.97267769E-03	 8.01038024E-03	 4.64194624E-03	 2.17802813E-03	 7.98653414E-04	 1.82023234E-04
 5.390000E-01	-8.29191427E-04	-1.40919704E-03	-2.09526257E-03	-4.46410870E-03	-2.51455019E-03	-1.27699821E-03	-5.78204294E-04	-2.30372118E-04	-7.41509403E-05	-9.62380893E-06	 1.49440991E-03	 4.08792097E-03	 8.62874287E-03	 1.65876797E-02	 9.73310365E-03	 7.76307306E-03	 4.49790716E-03	 2.11454476E-03	 7.78399836E-04	 1.79169591E-04
 5.400000E-01	-8.61942644E-04	-1.46133566E-03	-2.15546110E-03	-4.48956566E-03	-2.50642418E-03	-1.25747555E-03	-5.62610906E-04	-2.21235331E-04	-6.99678420E-05	-8.22729612E-06	 1.46005144E-03	 4.00462833E-03	 8.43085379E-03	 1.60894431E-02	 9.44761754E-03	 7.49186484E-03	 4.34222860E-03	 2.04648542E-03	 7.56996124E-04	 1.76465424E-04
 5.410000E-01	-9.01272228E-04	-1.52626124E-03	-2.23437132E-03	-4.55460900E-03	-2.52336165E-03	-1.25342623E-03	-5.55543367E-04	-2.16031109E-04	-6.72082254E-05	-7.15030628E-06	 1.41175489E-03	 3.89644017E-03	 8.19847118E-03	 1.55385318E-02	 9.12466409E-03	 7.20100560E-03	 4.17537892E-03	 1.97278285E-03	 7.33191600E-04	 1.73050665E-04
 5.420000E-01	-9.40782227E-04	-1.59372811E-03	-2.31820700E-03	-4.63730621E-03	-2.56067268E-03	-1.26036485E-03	-5.55143625E-04	-2.14200081E-04	-6.58046259E-05	-6.46584987E-06	 1.37014400E-03	 3.79423276E-03	 7.96882025E-03	 1.49767819E-02	 8.79280623E-03	 6.91403665E-03	 4.01265456E-03	 1.90233521E-03	 7.11576870E-04	 1.70978671E-04
 5.430000E-01	-9.31658130E-04	-1.57388080E-03	-2.26867451E-03	-4.49852906E-03	-2.50150207E-03	-1.20379831E-03	-5.23375728E-04	-1.99904494E-04	-6.09146290E-05	-5.68607864E-06	 1.31504387E-03	 3.66911072E-03	 7.70778233E-03	 1.43771146E-02	 8.44352401E-03	 6.62008658E-03	 3.84719677E-03	 1.83093270E-03	 6.89728785E-04	 1.69013196E-04
 5.440000E-01	-8.29993381E-04	-1.38102918E-03	-1.95190715E-03	-3.88419663E-03	-2.19690711E-03	-9.92429890E-04	-4.11170738E-04	-1.51095512E-04	-4.48306920E-05	-3.25396808E-06	 1.21261063E-03	 3.47205412E-03	 7.36084994E-03	 1.36762656E-02	 8.05398049E-03	 6.29038435E-03	 3.65932933E-03	 1.74592780E-03	 6.60378611E-04	 1.63393568E-04
 5.450000E-01	-6.83938207E-04	-1.10268759E-03	-1.50565673E-03	-3.02155496E-03	-1.73569323E-03	-6.84275551E-04	-2.45225715E-04	-7.68547439E-05	-1.89490069E-05	 1.79011908E-06	 1.09190825E-03	 3.24645145E-03	 6.98064790E-03	 1.29288656E-02	 7.63324011E-03	 5.94003578E-03	 3.45772080E-03	 1.65233954E-03	 6.26340469E-04	 1.55547086E-04
 5.460000E-01	-5.56843459E-04	-8.58831601E-04	-1.11729719E-03	-2.25425352E-03	-1.30297460E-03	-3.97326765E-04	-8.79216876E-05	-4.45977514E-06	 7.61305724E-06	 7.90587236E-06	 9.97246980E-04	 3.06161535E-03	 6.65598628E-03	 1.22517163E-02	 7.23803076E-03	 5.61709456E-03	 3.27156931E-03	 1.56633451E-03	 5.95573851E-04	 1.48901663E-04
 5.470000E-01	-4.56588104E-04	-6.66088639E-04	-8.11613160E-04	-1.64430239E-03	-9.53581389E-04	-1.67248470E-04	 3.89364010E-05	 5.46510657E-05	 2.97907168E-05	 1.33302370E-05	 9.29800350E-04	 2.92361850E-03	 6.40167253E-03	 1.16833105E-02	 6.90447216E-03	 5.34063450E-03	 3.11158782E-03	 1.49261838E-03	 5.69571126E-04	 1.43579239E-04
 5.480000E-01	-3.71300189E-04	-5.03253971E-04	-5.55355867E-04	-1.13874721E-03	-6.65728442E-04	 2.02391951E-05	 1.42051650E-04	 1.02821812E-04	 4.79954548E-05	 1.78530814E-05	 8.75374666E-04	 2.81128043E-03	 6.19054719E-03	 1.11989833E-02	 6.61829924E-03	 5.09826669E-03	 2.97024838E-03	 1.42703139E-03	 5.46307869E-04	 1.38730905E-04
 5.490000E-01	-2.89027520E-04	-3.48357063E-04	-3.14293195E-04	-6.76795468E-04	-4.03862313E-04	 1.88947717E-04	 2.34598845E-04	 1.46119907E-04	 6.44629256E-05	 2.19958835E-05	 8.20124346E-04	 2.70251190E-03	 5.99049813E-03	 1.07664545E-02	 6.35235930E-03	 4.87184936E-03	 2.83678774E-03	 1.36423619E-03	 5.23480299E-04	 1.33623401E-04
 5.500000E-01	-2.01116014E-04	-1.84141525E-04	-6.08827964E-05	-2.01562749E-04	-1.37491266E-04	 3.57901110E-04	 3.26521870E-04	 1.88834389E-04	 8.05594727E-05	 2.59571242E-05	 7.70484437E-04	 2.60499058E-03	 5.81034300E-03	 1.03748037E-02	 6.12130759E-03	 4.67008779E-03	 2.71796211E-03	 1.30858500E-03	 5.03444017E-04	 1.29301836E-04
 5.510000E-01	-1.03059956E-04	 3.23950561E-07	 2.24009760E-04	 3.28409439E-04	 1.71451474E-04	 5.49949596E-04	 4.31497332E-04	 2.37935369E-04	 9.92189192E-05	 3.06828699E-05	 7.04390022E-04	 2.48708710E-03	 5.61340159E-03	 9.99022386E-03	 5.90585291E-03	 4.47234374E-03	 2.59959670E-03	 1.25115472E-03	 4.81239295E-04	 1.23321872E-04
 5.520000E-01	-4.38609128E-05	 1.16356707E-04	 4.04771428E-04	 6.85183237E-04	 4.14052693E-04	 6.95700398E-04	 5.14186148E-04	 2.78738626E-04	 1.15984576E-04	 3.57714797E-05	 6.39959328E-04	 2.37465158E-03	 5.42928469E-03	 9.63745078E-03	 5.70738866E-03	 4.28615829E-03	 2.48617708E-03	 1.19496381E-03	 4.58696345E-04	 1.16696470E-04
 5.530000E-01	-8.03556431E-05	 5.41514739E-05	 3.08114811E-04	 5.49973545E-04	 3.88755881E-04	 6.70278457E-04	 5.05464340E-04	 2.78905549E-04	 1.18759944E-04	 3.82420353E-05	 6.30925760E-04	 2.34454694E-03	 5.34715601E-03	 9.39649142E-03	 5.55041305E-03	 4.14709133E-03	 2.40240567E-03	 1.15626254E-03	 4.45477597E-04	 1.14558368E-04
 5.540000E-01	-1.72615202E-04	-1.15375086E-04	 4.38529976E-05	 9.88647716E-05	 1.53658296E-04	 5.12056193E-04	 4.21515890E-04	 2.42778234E-04	 1.07229876E-04	 3.67171822E-05	 6.57161860E-04	 2.36980987E-03	 5.33888488E-03	 9.25259997E-03	 5.44533531E-03	 4.05211239E-03	 2.34603398E-03	 1.13260144E-03	 4.39617844E-04	 1.15557822E-04
 5.550000E-01	-2.52869473E-04	-2.64371073E-04	-1.87358436E-04	-3.05745656E-04	-8.48289871E-05	 3.52550747E-04	 3.33400965E-04	 2.02403580E-04	 9.26618523E-05	 3.34752113E-05	 6.68424311E-04	 2.37682181E-03	 5.31501949E-03	 9.11470501E-03	 5.36162197E-03	 3.96550981E-03	 2.29373918E-03	 1.10954500E-03	 4.32940593E-04	 1.15515347E-04
 5.560000E-01	-3.07395151E-04	-3.66142015E-04	-3.44933490E-04	-5.79766637E-04	-2.59606108E-04	 2.35800556E-04	 2.67566191E-04	 1.71443421E-04	 8.10179147E-05	 3.05426288E-05	 6.66078741E-04	 2.36320244E-03	 5.26557783E-03	 8.94723669E-03	 5.26707223E-03	 3.87109608E-03	 2.23684674E-03	 1.08367911E-03	 4.24694056E-04	 1.14674800E-04
 5.570000E-01	-3.36303374E-04	-4.20095036E-04	-4.27865201E-04	-7.17904801E-04	-3.58747752E-04	 1.68888700E-04	 2.28939716E-04	 1.52868019E-04	 7.38430724E-05	 2.85967014E-05	 6.55492027E-04	 2.33684567E-03	 5.20124761E-03	 8.75941856E-03	 5.16348121E-03	 3.76973337E-03	 2.17561458E-03	 1.05496184E-03	 4.14852758E-04	 1.13025521E-04
 5.580000E-01	-3.50618458E-04	-4.44626269E-04	-4.62727379E-04	-7.60424993E-04	-3.93954767E-04	 1.42907004E-04	 2.13568218E-04	 1.45466069E-04	 7.10098954E-05	 2.78395143E-05	 6.38939506E-04	 2.30264308E-03	 5.13067614E-03	 8.56774075E-03	 5.06827328E-03	 3.67138274E-03	 2.11544155E-03	 1.02586896E-03	 4.04173989E-04	 1.10612957E-04
 5.590000E-01	-3.80576159E-04	-4.96234780E-04	-5.37690875E-04	-8.63913559E-04	-4.52456935E-04	 1.03330549E-04	 1.92272834E-04	 1.36234469E-04	 6.80389336E-05	 2.74258646E-05	 6.27032633E-04	 2.27505602E-03	 5.06808503E-03	 8.38814144E-03	 4.97164290E-03	 3.57641421E-03	 2.05684627E-03	 9.97596913E-04	 3.93837053E-04	 1.08380840E-04
 5.600000E-01	-4.40447626E-04	-6.05775491E-04	-7.04711296E-04	-1.13248473E-03	-6.27076889E-04	-6.89554211E-06	 1.30846134E-04	 1.07583379E-04	 5.74110365E-05	 2.48706232E-05	 6.51922060E-04	 2.29920603E-03	 5.06582581E-03	 8.26308656E-03	 4.88875742E-03	 3.50656903E-03	 2.01593963E-03	 9.81105501E-04	 3.90564782E-04	 1.09993095E-04
 5.610000E-01	-4.71826283E-04	-6.67462753E-04	-8.01096829E-04	-1.29244125E-03	-7.80556786E-04	-1.00695898E-04	 7.45408694E-05	 7.88052225E-05	 4.51988766E-05	 2.08669574E-05	 6.83482215E-04	 2.33402554E-03	 5.07738714E-03	 8.16682380E-03	 4.82457689E-03	 3.45357601E-03	 1.98662614E-03	 9.71618748E-04	 3.90919931E-04	 1.13326638E-04
 5.620000E-01	-4.07428430E-04	-5.51610772E-04	-6.20884160E-04	-9.73165583E-04	-6.51827018E-04	-1.58903679E-05	 1.16100674E-04	 9.52097219E-05	 4.95315901E-05	 2.06590456E-05	 6.56563211E-04	 2.28915731E-03	 5.00080809E-03	 8.01846503E-03	 4.76847581E-03	 3.38185974E-03	 1.94194871E-03	 9.49579575E-04	 3.82358754E-04	 1.11166457E-04
 5.630000E-01	-2.86397367E-04	-3.28027313E-04	-2.72448746E-04	-3.52815341E-04	-3.00503866E-04	 2.08734898E-04	 2.39048669E-04	 1.52377228E-04	 7.08867094E-05	 2.58201492E-05	 5.96040127E-04	 2.19628497E-03	 4.86829503E-03	 7.81736710E-03	 4.69403047E-03	 3.28638984E-03	 1.88016589E-03	 9.15885498E-04	 3.66796238E-04	 1.05211895E-04
 5.640000E-01	-1.73021140E-04	-1.17111718E-04	 5.52425729E-05	 2.33741803E-04	 6.93770874E-05	 4.42957913E-04	 3.71162186E-04	 2.16464220E-04	 9.65860207E-05	 3.32537144E-05	 5.47827522E-04	 2.12026817E-03	 4.75554660E-03	 7.62581052E-03	 4.61096447E-03	 3.19186104E-03	 1.81893270E-03	 8.82899129E-04	 3.51979579E-04	 9.98359663E-05
 5.650000E-01	-8.92972230E-05	 4.17041365E-05	 3.03726156E-04	 6.82713158E-04	 3.87982867E-04	 6.40371810E-04	 4.85364317E-04	 2.73875026E-04	 1.20874615E-04	 4.11204635E-05	 5.01326933E-04	 2.04994583E-03	 4.65593698E-03	 7.46185001E-03	 4.53937096E-03	 3.10247950E-03	 1.75832466E-03	 8.48474216E-04	 3.35484733E-04	 9.31622311E-05
 5.660000E-01	-7.11970123E-05	 7.98716727E-05	 3.64468370E-04	 8.04610794E-04	 5.16060055E-04	 7.14634882E-04	 5.31499486E-04	 2.99606219E-04	 1.33431472E-04	 4.62358094E-05	 4.86170936E-04	 2.02509864E-03	 4.61282722E-03	 7.35016946E-03	 4.48042041E-03	 3.03330312E-03	 1.71080820E-03	 8.22172073E-04	 3.23740817E-04	 8.89800068E-05
 5.670000E-01	-1.11482963E-04	 6.15461712E-06	 2.46994399E-04	 6.07005408E-04	 4.10992907E-04	 6.41342285E-04	 4.91702735E-04	 2.82417286E-04	 1.28217674E-04	 4.58490258E-05	 5.18575272E-04	 2.06778911E-03	 4.64971791E-03	 7.30945664E-03	 4.44480615E-03	 3.00055654E-03	 1.68943530E-03	 8.13474074E-04	 3.22565005E-04	 9.05167073E-05
 5.680000E-01	-1.39203011E-04	-4.70073327E-05	 1.59981337E-04	 4.52138910E-04	 2.98377527E-04	 5.62613907E-04	 4.45266483E-04	 2.59684093E-04	 1.19319502E-04	 4.34576438E-05	 5.43510008E-04	 2.10347108E-03	 4.68383720E-03	 7.29111663E-03	 4.43973345E-03	 2.98291579E-03	 1.67675202E-03	 8.08479462E-04	 3.22283739E-04	 9.18803347E-05
 5.690000E-01	-1.28449275E-04	-2.66979740E-05	 1.90653728E-04	 5.04568389E-04	 3.31947727E-04	 5.75140881E-04	 4.51202948E-04	 2.62543607E-04	 1.20609985E-04	 4.39782026E-05	 5.28503364E-04	 2.08567499E-03	 4.65970779E-03	 7.24223592E-03	 4.44587819E-03	 2.95340913E-03	 1.65304222E-03	 7.93831322E-04	 3.14902635E-04	 8.87471558E-05
 5.700000E-01	-1.29666374E-04	-2.50431176E-05	 1.95396383E-04	 5.23698852E-04	 3.77733093E-04	 5.95687292E-04	 4.64715070E-04	 2.70972043E-04	 1.25212854E-04	 4.61735290E-05	 5.11141586E-04	 2.06350016E-03	 4.62817678E-03	 7.17855908E-03	 4.44758444E-03	 2.92227440E-03	 1.62796860E-03	 7.78527462E-04	 3.07095093E-04	 8.53840259E-05
 5.710000E-01	-1.81700800E-04	-1.17975518E-04	 5.14142640E-05	 2.89306419E-04	 2.53513168E-04	 5.10790829E-04	 4.18402507E-04	 2.50449795E-04	 1.18403143E-04	 4.52054048E-05	 5.30012205E-04	 2.08908854E-03	 4.64778437E-03	 7.13754634E-03	 4.43868845E-03	 2.90496856E-03	 1.61533946E-03	 7.73763457E-04	 3.06786306E-04	 8.66934030E-05
 5.720000E-01	-2.60377320E-04	-2.61582800E-04	-1.72511440E-04	-8.26675635E-05	 6.11987379E-06	 3.49182124E-04	 3.25705381E-04	 2.05554910E-04	 1.00761549E-04	 4.04287341E-05	 5.65207397E-04	 2.13796862E-03	 4.69708970E-03	 7.12343551E-03	 4.43836251E-03	 2.90012059E-03	 1.61171147E-03	 7.74734295E-04	 3.09907321E-04	 8.98242750E-05
 5.730000E-01	-3.40348286E-04	-4.09221347E-04	-4.03902897E-04	-4.65972752E-04	-2.83996729E-04	 1.62903091E-04	 2.16130296E-04	 1.50520394E-04	 7.78456850E-05	 3.33349706E-05	 6.04932661E-04	 2.19401606E-03	 4.75731982E-03	 7.12368670E-03	 4.45034899E-03	 2.90593723E-03	 1.61516010E-03	 7.79664187E-04	 3.14963102E-04	 9.37413886E-05
 5.740000E-01	-3.99483440E-04	-5.21929415E-04	-5.84265819E-04	-7.64700501E-04	-5.58464633E-04	-1.06032251E-05	 1.10968308E-04	 9.56361575E-05	 5.37846631E-05	 2.51020569E-05	 6.55036751E-04	 2.26457481E-03	 4.83615066E-03	 7.13918480E-03	 4.47434837E-03	 2.92592062E-03	 1.62963886E-03	 7.91811093E-04	 3.24300253E-04	 9.98781702E-05
 5.750000E-01	-3.97723144E-04	-5.21980443E-04	-5.87244595E-04	-7.61856502E-04	-6.27890761E-04	-5.41992803E-05	 8.09265346E-05	 7.77369639E-05	 4.47153209E-05	 2.12882164E-05	 6.66304893E-04	 2.28383273E-03	 4.86105096E-03	 7.13257132E-03	 4.50602933E-03	 2.92980904E-03	 1.62974740E-03	 7.91696626E-04	 3.24979682E-04	 1.00663231E-04
 5.760000E-01	-3.61149356E-04	-4.53284834E-04	-4.77422364E-04	-5.59288740E-04	-5.09692825E-04	 2.08866796E-05	 1.23756199E-04	 9.85747203E-05	 5.30519118E-05	 2.37292089E-05	 6.42196481E-04	 2.25588525E-03	 4.83368803E-03	 7.09764672E-03	 4.54024006E-03	 2.91623719E-03	 1.61370072E-03	 7.78527021E-04	 3.16528706E-04	 9.58843078E-05
 5.770000E-01	-3.55923038E-04	-4.41066283E-04	-4.55278891E-04	-5.00075517E-04	-4.69423772E-04	 4.89163114E-05	 1.41446594E-04	 1.08436140E-04	 5.78173960E-05	 2.56958258E-05	 6.46481535E-04	 2.26612116E-03	 4.84797609E-03	 7.08434034E-03	 4.57792358E-03	 2.92054010E-03	 1.61158568E-03	 7.75947365E-04	 3.15024274E-04	 9.51681529E-05
 5.780000E-01	-3.81764395E-04	-4.89938648E-04	-5.33614297E-04	-6.15871674E-04	-5.90540644E-04	-2.34577917E-05	 9.78273434E-05	 8.59446745E-05	 4.81422986E-05	 2.25281112E-05	 6.92509505E-04	 2.33400801E-03	 4.92868963E-03	 7.11940674E-03	 4.63378177E-03	 2.95884469E-03	 1.63605293E-03	 7.92580560E-04	 3.25713817E-04	 1.01388815E-04
 5.790000E-01	-3.78101800E-04	-4.87125438E-04	-5.33641710E-04	-6.07207172E-04	-6.51655579E-04	-5.92756717E-05	 7.28844817E-05	 7.10447163E-05	 4.04593994E-05	 1.92267808E-05	 7.27868278E-04	 2.39090057E-03	 5.00253114E-03	 7.17215383E-03	 4.72321755E-03	 3.01054221E-03	 1.66721765E-03	 8.11272071E-04	 3.36067608E-04	 1.06640252E-04
 5.800000E-01	-3.18067213E-04	-3.79192510E-04	-3.66784864E-04	-3.22988397E-04	-4.85257327E-04	 4.69844638E-05	 1.33299600E-04	 1.00359273E-04	 5.20629432E-05	 2.24976078E-05	 7.19028315E-04	 2.38993205E-03	 5.01514177E-03	 7.19996065E-03	 4.82290337E-03	 3.04218523E-03	 1.67924201E-03	 8.13787958E-04	 3.34967856E-04	 1.04813805E-04
 5.810000E-01	-2.32119304E-04	-2.22033536E-04	-1.20979556E-04	 8.87260541E-05	-1.79103386E-04	 2.39516017E-04	 2.48007147E-04	 1.59401358E-04	 7.77277149E-05	 3.12452507E-05	 7.06380377E-04	 2.38527829E-03	 5.02720577E-03	 7.23348923E-03	 4.93203439E-03	 3.07434507E-03	 1.68993775E-03	 8.14154633E-04	 3.32113212E-04	 1.01735616E-04
 5.820000E-01	-1.39424905E-04	-4.74796636E-05	 1.58264077E-04	 5.55359624E-04	 2.39503254E-04	 4.99133190E-04	 4.07248665E-04	 2.44264249E-04	 1.16357987E-04	 4.55032575E-05	 6.75845594E-04	 2.35932866E-03	 5.02078982E-03	 7.27012183E-03	 5.05153338E-03	 3.09652335E-03	 1.68872785E-03	 8.03771924E-04	 3.21460402E-04	 9.37392978E-05
 5.830000E-01	-9.74931939E-05	 3.88009287E-05	 3.04663473E-04	 8.05827858E-04	 5.53076543E-04	 6.92360042E-04	 5.31221147E-04	 3.14039641E-04	 1.50407258E-04	 5.94897768E-05	 6.51257754E-04	 2.34113548E-03	 5.02332541E-03	 7.30863156E-03	 5.15759152E-03	 3.11135829E-03	 1.68128249E-03	 7.89411424E-04	 3.08897471E-04	 8.49325200E-05
 5.840000E-01	-1.56864048E-04	-6.64171282E-05	 1.42320112E-04	 5.42613488E-04	 4.14606620E-04	 6.04363036E-04	 4.83815836E-04	 2.93708894E-04	 1.44485963E-04	 5.94520687E-05	 7.09658659E-04	 2.43088483E-03	 5.14005067E-03	 7.38952336E-03	 5.24659263E-03	 3.17171142E-03	 1.71666766E-03	 8.10999329E-04	 3.21832710E-04	 9.19190181E-05
 5.850000E-01	-2.42405479E-04	-2.26355121E-04	-1.14583955E-04	 1.20005687E-04	 5.21772322E-05	 3.74523448E-04	 3.44223067E-04	 2.20975172E-04	 1.12776470E-04	 4.88006814E-05	 7.90572467E-04	 2.55117509E-03	 5.29099593E-03	 7.49238186E-03	 5.34604627E-03	 3.25540402E-03	 1.77180017E-03	 8.47485193E-04	 3.44326653E-04	 1.04452941E-04
 5.860000E-01	-2.85636351E-04	-3.08229175E-04	-2.47759616E-04	-9.40473212E-05	-1.69167907E-04	 2.31293348E-04	 2.54608198E-04	 1.72466404E-04	 9.04068420E-05	 4.05653546E-05	 8.28628009E-04	 2.61670244E-03	 5.38571510E-03	 7.57896857E-03	 5.46841843E-03	 3.32455324E-03	 1.81069463E-03	 8.68560998E-04	 3.55047904E-04	 1.09313509E-04
 5.870000E-01	-3.06156697E-04	-3.46123393E-04	-3.08759314E-04	-1.84312756E-04	-2.64879770E-04	 1.70066997E-04	 2.16936014E-04	 1.52372947E-04	 8.12566330E-05	 3.73188273E-05	 8.42268343E-04	 2.64926931E-03	 5.44216038E-03	 7.63877304E-03	 5.59440199E-03	 3.38130825E-03	 1.83790352E-03	 8.80311844E-04	 3.59116623E-04	 1.10097177E-04
 5.880000E-01	-3.40501827E-04	-4.07735717E-04	-4.05181605E-04	-3.25680284E-04	-3.90732988E-04	 9.20912734E-05	 1.70194470E-04	 1.28277586E-04	 7.06909961E-05	 3.38281032E-05	 8.77955497E-04	 2.71542906E-03	 5.54283826E-03	 7.74167802E-03	 5.76524899E-03	 3.47525402E-03	 1.88989481E-03	 9.07117713E-04	 3.71151258E-04	 1.14533215E-04
 5.890000E-01	-4.01934117E-04	-5.18505580E-04	-5.78445117E-04	-5.84622023E-04	-6.29558280E-04	-5.32780405E-05	 8.22027440E-05	 8.23868629E-05	 5.03306394E-05	 2.68569091E-05	 9.27223457E-04	 2.80128327E-03	 5.66970231E-03	 7.86843998E-03	 5.95449903E-03	 3.58845256E-03	 1.95571203E-03	 9.42851677E-04	 3.88548860E-04	 1.21776479E-04
 5.900000E-01	-4.96745641E-04	-6.94287872E-04	-8.59505663E-04	-1.01407558E-03	-1.07448753E-03	-3.20911085E-04	-8.28718324E-05	-5.75365076E-06	 1.01378290E-05	 1.22412053E-05	 9.91609215E-04	 2.90311546E-03	 5.80845416E-03	 7.97974202E-03	 6.11884303E-03	 3.70520776E-03	 2.02926922E-03	 9.87571167E-04	 4.13482436E-04	 1.34235891E-04
 5.910000E-01	-5.93333266E-04	-8.81971157E-04	-1.17074869E-03	-1.49389236E-03	-1.67325728E-03	-6.82064084E-04	-3.10796120E-04	-1.31206088E-04	-4.92223883E-05	-1.07671815E-05	 1.08601321E-03	 3.04259567E-03	 5.98688610E-03	 8.10277062E-03	 6.27623949E-03	 3.84598454E-03	 2.12717315E-03	 1.05264189E-03	 4.52882958E-04	 1.55670414E-04
 5.920000E-01	-6.07315195E-04	-9.18503138E-04	-1.24258854E-03	-1.58619840E-03	-1.95512508E-03	-8.50681573E-04	-4.21481011E-04	-1.96001050E-04	-8.23115610E-05	-2.50003675E-05	 1.13941018E-03	 3.13375757E-03	 6.12528773E-03	 8.24672258E-03	 6.47652244E-03	 3.97331851E-03	 2.20627136E-03	 1.09767421E-03	 4.76573613E-04	 1.66610978E-04
 5.930000E-01	-5.40256772E-04	-7.96741976E-04	-1.05029445E-03	-1.24920628E-03	-1.73693918E-03	-7.09332639E-04	-3.34012580E-04	-1.50982515E-04	-6.32663792E-05	-1.88386240E-05	 1.13410910E-03	 3.15695359E-03	 6.20557129E-03	 8.41559751E-03	 6.75339050E-03	 4.08501838E-03	 2.25628619E-03	 1.11119181E-03	 4.74804655E-04	 1.60286181E-04
 5.940000E-01	-4.81733022E-04	-6.85772298E-04	-8.68398857E-04	-9.32556422E-04	-1.43758721E-03	-5.12717924E-04	-2.05923076E-04	-7.97578483E-05	-2.94821726E-05	-5.57035133E-06	 1.15339402E-03	 3.21862777E-03	 6.33652293E-03	 8.63467540E-03	 7.09623624E-03	 4.24499181E-03	 2.33798765E-03	 1.14420432E-03	 4.83546098E-04	 1.58953171E-04
 5.950000E-01	-4.60398374E-04	-6.42976050E-04	-7.94638594E-04	-7.93383697E-04	-1.28196199E-03	-4.05156172E-04	-1.32316057E-04	-3.69014511E-05	-8.09449419E-06	 3.51361289E-06	 1.21375071E-03	 3.34083451E-03	 6.54380400E-03	 8.91916762E-03	 7.50675448E-03	 4.46870709E-03	 2.46591532E-03	 1.20822698E-03	 5.10816337E-04	 1.67510603E-04
 5.960000E-01	-4.61352350E-04	-6.42272673E-04	-7.89657162E-04	-7.66278035E-04	-1.24367544E-03	-3.71917606E-04	-1.06573239E-04	-2.05723951E-05	 5.58187137E-07	 7.56168044E-06	 1.28605683E-03	 3.48168306E-03	 6.77526163E-03	 9.22248101E-03	 7.95667700E-03	 4.72400380E-03	 2.61540526E-03	 1.28639071E-03	 5.46092397E-04	 1.80145032E-04
 5.970000E-01	-4.65480433E-04	-6.51560665E-04	-8.06191882E-04	-7.80506307E-04	-1.27819763E-03	-3.81433515E-04	-1.08293113E-04	-1.98583902E-05	 1.71888599E-06	 8.55958262E-06	 1.34704136E-03	 3.60067336E-03	 6.97128382E-03	 9.46294703E-03	 8.35928902E-03	 4.95211831E-03	 2.75011431E-03	 1.35910820E-03	 5.80635907E-04	 1.93928331E-04
 5.980000E-01	-4.43964399E-04	-6.13877237E-04	-7.47777205E-04	-6.78030889E-04	-1.19941972E-03	-3.28237956E-04	-7.13127936E-05	 9.76603332E-07	 1.17252605E-05	 1.26286745E-05	 1.41580852E-03	 3.73594406E-03	 7.19775094E-03	 9.75404443E-03	 8.80141248E-03	 5.19634053E-03	 2.89173983E-03	 1.43278494E-03	 6.14151919E-04	 2.06153318E-04
 5.990000E-01	-3.91532134E-04	-5.10681945E-04	-5.72690117E-04	-3.86723130E-04	-8.38874563E-04	-1.03353090E-04	 7.80905176E-05	 8.59136121E-05	 5.32944846E-05	 2.97824590E-05	 1.45704973E-03	 3.84537429E-03	 7.41527561E-03	 1.01015683E-02	 9.31411604E-03	 5.43294839E-03	 3.01132297E-03	 1.48090365E-03	 6.26697490E-04	 2.03931352E-04
 6.000000E-01	-3.89477236E-04	-4.94886035E-04	-5.30075702E-04	-2.99296485E-04	-6.17299926E-04	 4.71235397E-05	 1.84756060E-04	 1.51280444E-04	 8.81497176E-05	 4.59388872E-05	 1.51728936E-03	 3.98487399E-03	 7.67555118E-03	 1.04961744E-02	 9.87872312E-03	 5.70362166E-03	 3.15193295E-03	 1.54120755E-03	 6.45895806E-04	 2.04801343E-04
 6.010000E-01	-4.95658134E-04	-6.87852951E-04	-8.35357454E-04	-7.57517883E-04	-1.06422144E-03	-2.05648516E-04	 3.16234439E-05	 7.20125137E-05	 5.37786401E-05	 3.47413238E-05	 1.66656645E-03	 4.24228831E-03	 8.06622136E-03	 1.09499124E-02	 1.04946063E-02	 6.08924115E-03	 3.39174613E-03	 1.67837262E-03	 7.16786369E-04	 2.36517366E-04
 6.020000E-01	-6.42497557E-04	-9.65545148E-04	-1.29107117E-03	-1.44243588E-03	-1.91189082E-03	-7.07345528E-04	-2.87227624E-04	-1.03889815E-04	-2.99134714E-05	 2.20994662E-06	 1.83574343E-03	 4.52922288E-03	 8.49512056E-03	 1.14333611E-02	 1.11704742E-02	 6.52799141E-03	 3.67213027E-03	 1.84385449E-03	 8.05110088E-04	 2.78013883E-04
 6.030000E-01	-7.76018089E-04	-1.22218916E-03	-1.71850992E-03	-2.06938104E-03	-2.78966302E-03	-1.22806752E-03	-6.21287625E-04	-2.91208202E-04	-1.21311418E-04	-3.47272827E-05	 1.98909161E-03	 4.80266250E-03	 8.92281638E-03	 1.19516981E-02	 1.19327271E-02	 6.99070003E-03	 3.96085290E-03	 2.00820330E-03	 8.89278330E-04	 3.15430342E-04
 6.040000E-01	-8.92495364E-04	-1.44860964E-03	-2.09911519E-03	-2.61415538E-03	-3.61101941E-03	-1.70876313E-03	-9.28478496E-04	-4.63946597E-04	-2.06264341E-04	-6.95242063E-05	 2.14364208E-03	 5.08764297E-03	 9.38080929E-03	 1.25294898E-02	 1.28196477E-02	 7.50603669E-03	 4.27858061E-03	 2.18531445E-03	 9.77367781E-04	 3.53010687E-04
 6.050000E-01	-1.00157009E-03	-1.65660799E-03	-2.44359275E-03	-3.08774378E-03	-4.33520497E-03	-2.12520419E-03	-1.19198111E-03	-6.11233682E-04	-2.78807531E-04	-9.91974055E-05	 2.32227403E-03	 5.42925879E-03	 9.94506992E-03	 1.32881899E-02	 1.39383839E-02	 8.13519730E-03	 4.65826461E-03	 2.38860686E-03	 1.07261793E-03	 3.89398194E-04
 6.060000E-01	-1.14717972E-03	-1.92927067E-03	-2.88888687E-03	-3.70252848E-03	-5.22045647E-03	-2.62095108E-03	-1.50272919E-03	-7.82184755E-04	-3.61343935E-04	-1.31970120E-04	 2.52789178E-03	 5.82755891E-03	 1.06098260E-02	 1.41945153E-02	 1.52811602E-02	 8.89516390E-03	 5.11780977E-03	 2.63439533E-03	 1.18699527E-03	 4.32108223E-04
 6.070000E-01	-1.36181109E-03	-2.34003682E-03	-3.57255316E-03	-4.67912540E-03	-6.65445379E-03	-3.43643379E-03	-2.02033588E-03	-1.06998780E-03	-5.01052356E-04	-1.88173340E-04	 2.80727402E-03	 6.33692412E-03	 1.14223652E-02	 1.52200550E-02	 1.68320150E-02	 9.85496405E-03	 5.72669295E-03	 2.98232979E-03	 1.36292579E-03	 5.07697220E-04
 6.080000E-01	-1.56016076E-03	-2.73294935E-03	-4.24515323E-03	-5.63335774E-03	-8.23489732E-03	-4.35308005E-03	-2.60654494E-03	-1.40184463E-03	-6.65782383E-04	-2.56799959E-04	 3.14196832E-03	 6.93917447E-03	 1.23744621E-02	 1.64014360E-02	 1.86130062E-02	 1.09972805E-02	 6.46363427E-03	 3.41133650E-03	 1.58430250E-03	 6.05570841E-04
 6.090000E-01	-1.62058106E-03	-2.86401578E-03	-4.48435331E-03	-5.91221856E-03	-8.97775790E-03	-4.77531126E-03	-2.86733731E-03	-1.55173802E-03	-7.43191909E-04	-2.90935523E-04	 3.43881226E-03	 7.52228398E-03	 1.33626239E-02	 1.77624042E-02	 2.06811858E-02	 1.21916839E-02	 7.19716661E-03	 3.80921612E-03	 1.77169882E-03	 6.76594727E-04
 6.100000E-01	-1.56938991E-03	-2.77327385E-03	-4.34048308E-03	-5.60620991E-03	-8.79175992E-03	-4.63185226E-03	-2.74934314E-03	-1.48268840E-03	-7.10637837E-04	-2.78600140E-04	 3.75233044E-03	 8.16311972E-03	 1.44802784E-02	 1.93835848E-02	 2.31509949E-02	 1.35242550E-02	 7.99308579E-03	 4.22199135E-03	 1.95455288E-03	 7.37904924E-04
 6.110000E-01	-1.48335585E-03	-2.60586559E-03	-4.05219276E-03	-5.09041675E-03	-8.11907842E-03	-4.18505233E-03	-2.42423589E-03	-1.29012480E-03	-6.13427300E-04	-2.37364140E-04	 4.13936337E-03	 8.93689624E-03	 1.58115222E-02	 2.13064535E-02	 2.60800364E-02	 1.50913980E-02	 8.93639390E-03	 4.71640064E-03	 2.17874325E-03	 8.17569363E-04
 6.120000E-01	-1.41476179E-03	-2.46245727E-03	-3.78899880E-03	-4.62110702E-03	-7.34021306E-03	-3.66519949E-03	-2.04751492E-03	-1.06370874E-03	-4.96621049E-04	-1.86161638E-04	 4.59147878E-03	 9.82901886E-03	 1.73341789E-02	 2.34935679E-02	 2.94420732E-02	 1.68891881E-02	 1.00265265E-02	 5.29528243E-03	 2.44797409E-03	 9.18629671E-04
 6.130000E-01	-1.40391559E-03	-2.43366272E-03	-3.72159444E-03	-4.46795987E-03	-6.95686669E-03	-3.37953791E-03	-1.82458918E-03	-9.24159434E-04	-4.21672602E-04	-1.51770762E-04	 5.09921661E-03	 1.07967023E-02	 1.89464121E-02	 2.56958474E-02	 3.29880608E-02	 1.88767275E-02	 1.12677783E-02	 5.98854180E-03	 2.79418181E-03	 1.06613896E-03
 6.140000E-01	-1.36773215E-03	-2.36818053E-03	-3.60934517E-03	-4.26631764E-03	-6.58293230E-03	-3.12978432E-03	-1.62871219E-03	-8.05620421E-04	-3.59902090E-04	-1.24782359E-04	 5.59408412E-03	 1.17226446E-02	 2.04676931E-02	 2.76612995E-02	 3.63103661E-02	 2.08279783E-02	 1.25033705E-02	 6.70209080E-03	 3.16621182E-03	 1.23525959E-03
 6.150000E-01	-1.16357707E-03	-1.97962847E-03	-2.95557679E-03	-3.25730308E-03	-5.03797460E-03	-2.21759119E-03	-9.96436595E-04	-4.42046706E-04	-1.78723343E-04	-4.95760602E-05	 5.93637473E-03	 1.23925288E-02	 2.16024957E-02	 2.90965615E-02	 3.88625744E-02	 2.22936889E-02	 1.33847874E-02	 7.19672861E-03	 3.41769338E-03	 1.34563481E-03
 6.160000E-01	-7.66249542E-04	-1.20643527E-03	-1.63752907E-03	-1.26887902E-03	-1.86125682E-03	-3.36511713E-04	 2.82140885E-04	 2.94786768E-04	 1.91435870E-04	 1.06316093E-04	 6.00608696E-03	 1.25762706E-02	 2.19633305E-02	 2.94336385E-02	 3.97959315E-02	 2.27825077E-02	 1.35822591E-02	 7.28380013E-03	 3.45361041E-03	 1.35707131E-03
 6.170000E-01	-2.24384147E-04	-1.43231869E-04	 1.85912682E-04	 1.43697866E-03	 2.63740700E-03	 2.33097141E-03	 2.08481566E-03	 1.33645433E-03	 7.18477725E-04	 3.30701065E-04	 5.68834907E-03	 1.20087304E-02	 2.10497055E-02	 2.78416542E-02	 3.78175387E-02	 2.16891607E-02	 1.27328331E-02	 6.78983153E-03	 3.20951665E-03	 1.25838226E-03
 6.180000E-01	 4.77293940E-04	 1.23343580E-03	 2.54684010E-03	 4.89589924E-03	 8.46108004E-03	 5.76731636E-03	 4.39258279E-03	 2.66836926E-03	 1.39335310E-03	 6.18825388E-04	 4.73100825E-03	 1.02074385E-02	 1.80550794E-02	 2.31746850E-02	 3.11061998E-02	 1.79823881E-02	 1.01608058E-02	 5.33455764E-03	 2.49958357E-03	 9.75279308E-04
 6.190000E-01	 1.38870558E-03	 3.01588380E-03	 5.59583096E-03	 9.32246029E-03	 1.58967028E-02	 1.01319361E-02	 7.30528503E-03	 4.34555758E-03	 2.24269823E-03	 9.81396476E-04	 2.82324244E-03	 6.58710897E-03	 1.20101978E-02	 1.40850430E-02	 1.74673686E-02	 1.03754225E-02	 5.00989580E-03	 2.42243720E-03	 1.07125370E-03	 3.99049863E-04
 6.200000E-01	 2.55498568E-03	 5.28903128E-03	 9.47348939E-03	 1.49131965E-02	 2.52324229E-02	 1.55856473E-02	 1.09242135E-02	 6.42496025E-03	 3.29499657E-03	 1.43047957E-03	-3.08801744E-04	 6.13263836E-04	 2.00384989E-03	-7.11430914E-04	-5.34785902E-03	-2.43816092E-03	-3.58123473E-03	-2.44511104E-03	-1.33059315E-03	-5.81049852E-04
 6.210000E-01	 3.99714881E-03	 8.10411304E-03	 1.42801125E-02	 2.18201806E-02	 3.67609053E-02	 2.23139885E-02	 1.53663317E-02	 8.97681422E-03	 4.58736157E-03	 1.98345677E-03	-4.89154843E-03	-8.13216381E-03	-1.26512912E-02	-2.20673132E-02	-3.90904494E-02	-2.16298844E-02	-1.64219753E-02	-9.77582060E-03	-4.99246133E-03	-2.10797324E-03
 6.220000E-01	 5.57539165E-03	 1.12001041E-02	 1.95854258E-02	 2.94014789E-02	 4.95622007E-02	 2.98168606E-02	 2.02911621E-02	 1.18109653E-02	 6.02818221E-03	 2.60449658E-03	-1.09876599E-02	-1.97827351E-02	-3.22009991E-02	-5.02745233E-02	-8.44784458E-02	-4.76644481E-02	-3.38093305E-02	-1.97529311E-02	-1.00200077E-02	-4.23603960E-03
 6.230000E-01	 7.03152646E-03	 1.40627598E-02	 2.44968756E-02	 3.63187510E-02	 6.13964088E-02	 3.67728889E-02	 2.48059510E-02	 1.44092979E-02	 7.35505759E-03	 3.18147174E-03	-1.84439280E-02	-3.40997087E-02	-5.63097378E-02	-8.49133842E-02	-1.40880686E-01	-8.00259594E-02	-5.53108094E-02	-3.20855710E-02	-1.62439644E-02	-6.87807986E-03
 6.240000E-01	 8.20387146E-03	 1.63565303E-02	 2.84119644E-02	 4.16894174E-02	 7.05445787E-02	 4.21030981E-02	 2.81753246E-02	 1.63335016E-02	 8.33711548E-03	 3.61049133E-03	-2.69179814E-02	-5.04390740E-02	-8.39058521E-02	-1.24375122E-01	-2.05870237E-01	-1.17334908E-01	-7.99566677E-02	-4.62159848E-02	-2.33872274E-02	-9.92040953E-03
 6.250000E-01	 9.03909937E-03	 1.79664122E-02	 3.11167589E-02	 4.52275101E-02	 7.63029470E-02	 4.53491788E-02	 3.00888357E-02	 1.73952755E-02	 8.87141361E-03	 3.84292564E-03	-3.58551689E-02	-6.76971483E-02	-1.13076400E-01	-1.65725872E-01	-2.74774490E-01	-1.57148535E-01	-1.06119672E-01	-6.12558125E-02	-3.10359525E-02	-1.32129151E-02
 6.260000E-01	 9.46113756E-03	 1.87419669E-02	 3.23506426E-02	 4.65740621E-02	 7.80174298E-02	 4.61070218E-02	 3.02815378E-02	 1.74381683E-02	 8.87482958E-03	 3.84053320E-03	-4.43845611E-02	-8.41927233E-02	-1.40967457E-01	-2.04795164E-01	-3.40697797E-01	-1.95593691E-01	-1.31179309E-01	-7.57070246E-02	-3.84410081E-02	-1.64449031E-02
 6.270000E-01	 9.37670810E-03	 1.85068223E-02	 3.18196735E-02	 4.53249246E-02	 7.50577733E-02	 4.39932352E-02	 2.85065276E-02	 1.63183776E-02	 8.27157836E-03	 3.56874773E-03	-5.14647102E-02	-9.79130953E-02	-1.64160430E-01	-2.36647415E-01	-3.95287301E-01	-2.27837204E-01	-1.51868119E-01	-8.76736771E-02	-4.46342831E-02	-1.92003131E-02
 6.280000E-01	 8.68567464E-03	 1.70762884E-02	 2.92231659E-02	 4.10689344E-02	 6.68439427E-02	 3.86854978E-02	 2.45648981E-02	 1.39243702E-02	 7.00508900E-03	 3.00276127E-03	-5.60941048E-02	-1.06900532E-01	-1.79299042E-01	-2.56470659E-01	-4.30077967E-01	-2.48880336E-01	-1.64818286E-01	-9.51807314E-02	-4.85908848E-02	-2.10267947E-02
 6.290000E-01	 7.30818973E-03	 1.42920033E-02	 2.42892949E-02	 3.34172695E-02	 5.27946314E-02	 2.98433753E-02	 1.82524761E-02	 1.01387725E-02	 5.01524468E-03	 2.11517787E-03	-5.73958647E-02	-1.09489901E-01	-1.83588693E-01	-2.60444803E-01	-4.38144885E-01	-2.54352689E-01	-1.67040516E-01	-9.64081905E-02	-4.93194172E-02	-2.14531070E-02
 6.300000E-01	 5.39454438E-03	 1.04411549E-02	 1.75030039E-02	 2.31059292E-02	 3.41007830E-02	 1.81241180E-02	 1.00366156E-02	 5.22965187E-03	 2.43455250E-03	 9.59491096E-04	-5.48571684E-02	-1.04687984E-01	-1.75343526E-01	-2.46268776E-01	-4.15388073E-01	-2.41736709E-01	-1.56886261E-01	-9.03698185E-02	-4.62877167E-02	-2.02284463E-02
 6.310000E-01	 3.26760387E-03	 6.17048761E-03	 9.99511961E-03	 1.18401061E-02	 1.37287679E-02	 5.29794943E-03	 1.13443081E-03	-8.69251866E-05	-3.68758188E-04	-3.03779186E-04	-4.84610467E-02	-9.24036367E-02	-1.54342691E-01	-2.13638322E-01	-3.61192712E-01	-2.10762796E-01	-1.34335333E-01	-7.70956605E-02	-3.95262645E-02	-1.73757390E-02
 6.320000E-01	 1.13720476E-03	 1.91763151E-03	 2.55604768E-03	 8.00487825E-04	-6.02099426E-03	-7.13876322E-03	-7.41983549E-03	-5.18555177E-03	-3.06036126E-03	-1.52118625E-03	-3.86286557E-02	-7.34402893E-02	-1.21946572E-01	-1.64684486E-01	-2.78911685E-01	-1.63200785E-01	-1.00696839E-01	-5.73313936E-02	-2.93945712E-02	-1.30331383E-02
 6.330000E-01	-9.17508084E-04	-2.14150255E-03	-4.48124042E-03	-9.52377997E-03	-2.40649157E-02	-1.84111322E-02	-1.50876117E-02	-9.73195386E-03	-5.45464601E-03	-2.60307998E-03	-2.61964932E-02	-4.94432713E-02	-8.09974446E-02	-1.03743086E-01	-1.75811513E-01	-1.02980314E-01	-5.87017742E-02	-3.26253206E-02	-1.66479181E-02	-7.49825940E-03
 6.340000E-01	-2.84689280E-03	-5.90135999E-03	-1.09229346E-02	-1.88532016E-02	-3.98531982E-02	-2.81194739E-02	-2.15951947E-02	-1.35567228E-02	-7.45654475E-03	-3.50248873E-03	-1.23662635E-02	-2.27491758E-02	-3.54973678E-02	-3.67408919E-02	-6.20349338E-02	-3.58636278E-02	-1.23310752E-02	-5.28764636E-03	-2.45719753E-03	-1.26546419E-03
 6.350000E-01	-4.58890071E-03	-9.25253578E-03	-1.65968484E-02	-2.69592280E-02	-5.30838601E-02	-3.60944648E-02	-2.68342554E-02	-1.66005160E-02	-9.03555619E-03	-4.20609315E-03	 1.56105161E-03	 4.08593958E-03	 1.01400905E-02	 2.98140861E-02	 5.11083860E-02	 3.15707638E-02	 3.39187776E-02	 2.20592151E-02	 1.18334906E-02	 5.08755323E-03
 6.360000E-01	-5.97686283E-03	-1.18896460E-02	-2.10071805E-02	-3.31369742E-02	-6.27642387E-02	-4.18286669E-02	-3.04778908E-02	-1.86850627E-02	-1.01062360E-02	-4.68027532E-03	 1.42861135E-02	 2.85585034E-02	 5.16572168E-02	 8.97878309E-02	 1.53012579E-01	 9.29751778E-02	 7.56988305E-02	 4.68375650E-02	 2.48704366E-02	 1.09545022E-02
 6.370000E-01	-6.83165789E-03	-1.34629578E-02	-2.35562122E-02	-3.65101334E-02	-6.75049395E-02	-4.44810856E-02	-3.19772448E-02	-1.94872516E-02	-1.05006124E-02	-4.84918604E-03	 2.45719012E-02	 4.83939868E-02	 8.53336031E-02	 1.38035289E-01	 2.35212209E-01	 1.43215608E-01	 1.09444514E-01	 6.68876646E-02	 3.54830202E-02	 1.57831862E-02
 6.380000E-01	-7.22055934E-03	-1.40994657E-02	-2.44566416E-02	-3.74131540E-02	-6.78267193E-02	-4.42620203E-02	-3.14921113E-02	-1.90905046E-02	-1.02534343E-02	-4.72185472E-03	 3.17312429E-02	 6.22655975E-02	 1.08919027E-01	 1.71368508E-01	 2.92282713E-01	 1.79026061E-01	 1.32988304E-01	 8.09207479E-02	 4.29848095E-02	 1.92578603E-02
 6.390000E-01	-7.33841839E-03	-1.41934779E-02	-2.44042633E-02	-3.69091330E-02	-6.56108109E-02	-4.23250924E-02	-2.98225003E-02	-1.79725880E-02	-9.61405230E-03	-4.40928181E-03	 3.56836977E-02	 6.99286628E-02	 1.21887734E-01	 1.88998103E-01	 3.22454531E-01	 1.99128146E-01	 1.45596751E-01	 8.85027141E-02	 4.71412405E-02	 2.12691525E-02
 6.400000E-01	-7.27609068E-03	-1.39430132E-02	-2.37686928E-02	-3.55676589E-02	-6.20224720E-02	-3.95169318E-02	-2.75637428E-02	-1.65053090E-02	-8.78815662E-03	-4.01021133E-03	 3.66689751E-02	 7.18279249E-02	 1.24981041E-01	 1.92110247E-01	 3.27546909E-01	 2.04234460E-01	 1.47842310E-01	 8.99273968E-02	 4.80680482E-02	 2.18406374E-02
 6.410000E-01	-7.03507357E-03	-1.33720358E-02	-2.26207505E-02	-3.35180058E-02	-5.74521589E-02	-3.62143852E-02	-2.49856881E-02	-1.48668381E-02	-7.87988582E-03	-3.57860934E-03	 3.52182046E-02	 6.89880641E-02	 1.19949499E-01	 1.83359207E-01	 3.12074634E-01	 1.96666779E-01	 1.41392975E-01	 8.61418592E-02	 4.62259032E-02	 2.11519689E-02
 6.420000E-01	-6.56529017E-03	-1.23926568E-02	-2.08238989E-02	-3.05724435E-02	-5.16603219E-02	-3.23561305E-02	-2.20589519E-02	-1.30495800E-02	-6.89163240E-03	-3.11963122E-03	 3.19986056E-02	 6.27269617E-02	 1.09080187E-01	 1.66197890E-01	 2.82065577E-01	 1.79825085E-01	 1.28630948E-01	 7.85332720E-02	 4.23171863E-02	 1.94978101E-02
 6.430000E-01	-5.85628904E-03	-1.09726892E-02	-1.83081113E-02	-2.66170461E-02	-4.43966537E-02	-2.77166496E-02	-1.86372995E-02	-1.09557327E-02	-5.76648909E-03	-2.60322119E-03	 2.76215932E-02	 5.42980294E-02	 9.46110797E-02	 1.44040804E-01	 2.43714023E-01	 1.57432831E-01	 1.12113974E-01	 6.86016342E-02	 3.71116498E-02	 1.72068710E-02
 6.440000E-01	-5.05251344E-03	-9.38129056E-03	-1.55185685E-02	-2.23054620E-02	-3.66523650E-02	-2.27954766E-02	-1.50588257E-02	-8.77275567E-03	-4.59406482E-03	-2.06388762E-03	 2.28111762E-02	 4.50597628E-02	 7.88085272E-02	 1.20148463E-01	 2.02487694E-01	 1.32765543E-01	 9.41534952E-02	 5.77383919E-02	 3.13516866E-02	 1.46194423E-02
 6.450000E-01	-4.30746585E-03	-7.92348353E-03	-1.29863817E-02	-1.84352589E-02	-2.97655517E-02	-1.84636747E-02	-1.19142753E-02	-6.85919438E-03	-3.56632366E-03	-1.59154696E-03	 1.82786358E-02	 3.62816473E-02	 6.37030693E-02	 9.73285542E-02	 1.62819511E-01	 1.08425750E-01	 7.66186679E-02	 4.70902710E-02	 2.56663552E-02	 1.20372681E-02
 6.460000E-01	-3.61476835E-03	-6.58970709E-03	-1.06995362E-02	-1.49827424E-02	-2.37339516E-02	-1.47999067E-02	-9.26134671E-03	-5.25859814E-03	-2.71356507E-03	-1.20449050E-03	 1.43400746E-02	 2.86040013E-02	 5.04315477E-02	 7.72774048E-02	 1.27773695E-01	 8.64580740E-02	 6.08853927E-02	 3.74914641E-02	 2.05060609E-02	 9.66814438E-03
 6.470000E-01	-2.92604607E-03	-5.27993025E-03	-8.47843899E-03	-1.16683680E-02	-1.80666660E-02	-1.14634773E-02	-6.86680854E-03	-3.82616967E-03	-1.95715903E-03	-8.65242678E-04	 1.10682920E-02	 2.22271444E-02	 3.94146121E-02	 6.06753167E-02	 9.87864654E-02	 6.80015116E-02	 4.76888886E-02	 2.93968932E-02	 1.61223101E-02	 7.63206831E-03
 6.480000E-01	-2.24495759E-03	-3.99325993E-03	-6.31028752E-03	-8.46186519E-03	-1.26597546E-02	-8.29534709E-03	-4.61802636E-03	-2.48335437E-03	-1.24883645E-03	-5.47462912E-04	 8.47450103E-03	 1.71806682E-02	 3.07131581E-02	 4.75959055E-02	 7.60193948E-02	 5.33479450E-02	 3.72128629E-02	 2.29384553E-02	 1.26020337E-02	 5.98020933E-03
 6.490000E-01	-1.61700976E-03	-2.80494928E-03	-4.30625131E-03	-5.50745290E-03	-7.70099019E-03	-5.30492117E-03	-2.51327611E-03	-1.21532068E-03	-5.72340722E-04	-2.37832257E-04	 6.44394041E-03	 1.32704343E-02	 2.40275702E-02	 3.76181618E-02	 5.88408873E-02	 4.22227774E-02	 2.92287361E-02	 1.79826018E-02	 9.87788926E-03	 4.68520225E-03
 6.500000E-01	-1.13268947E-03	-1.88799850E-03	-2.75901180E-03	-3.23553949E-03	-3.87549818E-03	-2.94005953E-03	-8.50890497E-04	-2.04166260E-04	-2.57311884E-05	 1.77177543E-05	 4.97484969E-03	 1.04392521E-02	 1.91827089E-02	 3.03872584E-02	 4.63602382E-02	 3.40638758E-02	 2.33740015E-02	 1.43292821E-02	 7.85730936E-03	 3.71690255E-03
 6.510000E-01	-7.98646495E-04	-1.26989157E-03	-1.73504774E-03	-1.76282209E-03	-1.42572288E-03	-1.51984816E-03	 1.52732611E-04	 3.99411263E-04	 2.98382889E-04	 1.67419854E-04	 4.08520316E-03	 8.65699047E-03	 1.60397799E-02	 2.55909764E-02	 3.77543758E-02	 2.82912167E-02	 1.92826940E-02	 1.17765810E-02	 6.44728322E-03	 3.04484082E-03
 6.520000E-01	-4.83824294E-04	-6.98966525E-04	-8.07069753E-04	-4.49773044E-04	 6.68204956E-04	-4.20133965E-04	 9.18851699E-04	 8.47966459E-04	 5.32245135E-04	 2.71089603E-04	 3.52531615E-03	 7.53119542E-03	 1.40448312E-02	 2.25413532E-02	 3.22080753E-02	 2.45184770E-02	 1.65979569E-02	 1.00907233E-02	 5.50813301E-03	 2.59330490E-03
 6.530000E-01	-1.17244719E-04	-2.27467502E-05	 3.06387486E-04	 1.14666444E-03	 3.18868941E-03	 1.07204878E-03	 1.93544180E-03	 1.46151674E-03	 8.61460728E-04	 4.25102193E-04	 3.03951813E-03	 6.65068331E-03	 1.26076410E-02	 2.04831474E-02	 2.87771281E-02	 2.23485851E-02	 1.49561438E-02	 9.02989621E-03	 4.89591504E-03	 2.28335133E-03
 6.540000E-01	 2.12182708E-04	 5.94999598E-04	 1.33729547E-03	 2.63658383E-03	 5.55536324E-03	 2.69791624E-03	 3.03203041E-03	 2.14736771E-03	 1.24406233E-03	 6.14624363E-04	 2.65668807E-03	 5.99933363E-03	 1.16078520E-02	 1.91239310E-02	 2.66563251E-02	 2.12360347E-02	 1.40293543E-02	 8.41208270E-03	 4.52785053E-03	 2.08841949E-03
 6.550000E-01	 4.03398560E-04	 9.63505234E-04	 1.96577948E-03	 3.55148573E-03	 7.02511486E-03	 3.93693038E-03	 3.85808483E-03	 2.68745133E-03	 1.55982490E-03	 7.81565878E-04	 2.38976616E-03	 5.56074935E-03	 1.09613014E-02	 1.82769269E-02	 2.53413995E-02	 2.07651560E-02	 1.35539849E-02	 8.07932224E-03	 4.32198625E-03	 1.97403679E-03
 6.560000E-01	 4.03441977E-04	 9.72804180E-04	 1.99374522E-03	 3.58524105E-03	 7.08995639E-03	 4.27847668E-03	 4.07139826E-03	 2.85291800E-03	 1.67292348E-03	 8.53339959E-04	 2.28424827E-03	 5.37452091E-03	 1.06723139E-02	 1.78747507E-02	 2.45329642E-02	 2.06362833E-02	 1.33669187E-02	 7.94058018E-03	 4.23668613E-03	 1.92715249E-03
 6.570000E-01	 2.59135113E-04	 6.97166401E-04	 1.52625629E-03	 2.87001351E-03	 5.92817454E-03	 3.59993975E-03	 3.58874446E-03	 2.56764191E-03	 1.52666031E-03	 7.91812722E-04	 2.37245363E-03	 5.47846489E-03	 1.07681614E-02	 1.79203440E-02	 2.41397643E-02	 2.06656879E-02	 1.33751158E-02	 7.94987700E-03	 4.25271371E-03	 1.94499822E-03
 6.580000E-01	 1.04134065E-04	 3.97569884E-04	 1.01288000E-03	 2.08484597E-03	 4.64309668E-03	 2.67181502E-03	 2.92966195E-03	 2.15623483E-03	 1.29897845E-03	 6.83453489E-04	 2.47157003E-03	 5.62717856E-03	 1.09685525E-02	 1.81621571E-02	 2.41471068E-02	 2.09763017E-02	 1.35585018E-02	 8.06284001E-03	 4.32028361E-03	 1.98366869E-03
 6.590000E-01	-2.55528404E-05	 1.53350163E-04	 6.02716791E-04	 1.46725657E-03	 3.65835110E-03	 1.94997971E-03	 2.41153295E-03	 1.83362043E-03	 1.11912791E-03	 5.98341798E-04	 2.50800632E-03	 5.71137191E-03	 1.11298832E-02	 1.84336645E-02	 2.43963459E-02	 2.15625182E-02	 1.38831599E-02	 8.24982866E-03	 4.41706291E-03	 2.02712284E-03
 6.600000E-01	-1.78931954E-04	-1.32642355E-04	 1.26696480E-04	 7.57539737E-04	 2.56217904E-03	 1.14196627E-03	 1.84814748E-03	 1.48419761E-03	 9.25401324E-04	 5.06640915E-04	 2.56789357E-03	 5.83295179E-03	 1.13419166E-02	 1.87680453E-02	 2.47109774E-02	 2.22051358E-02	 1.42649273E-02	 8.48134049E-03	 4.54378212E-03	 2.09009747E-03
 6.610000E-01	-3.66354357E-04	-4.86606642E-04	-4.67949397E-04	-1.33625349E-04	 1.19805285E-03	 4.39324144E-05	 1.10260882E-03	 1.01388671E-03	 6.60473191E-04	 3.76492503E-04	 2.68698927E-03	 6.03761720E-03	 1.16575067E-02	 1.92109928E-02	 2.50928219E-02	 2.28945816E-02	 1.47045281E-02	 8.75938293E-03	 4.70497114E-03	 2.17646250E-03
 6.620000E-01	-5.56238680E-04	-8.54921823E-04	-1.09912906E-03	-1.09507817E-03	-2.70356283E-04	-1.31557692E-03	 1.86853669E-04	 4.20525628E-04	 3.16521451E-04	 1.99996355E-04	 2.88836590E-03	 6.36616160E-03	 1.21428910E-02	 1.98584233E-02	 2.56658790E-02	 2.37643902E-02	 1.52995631E-02	 9.15031730E-03	 4.94119758E-03	 2.30746286E-03
 6.630000E-01	-6.85039097E-04	-1.11803180E-03	-1.56635968E-03	-1.82970851E-03	-1.38905724E-03	-2.57355213E-03	-6.59903570E-04	-1.42284568E-04	-1.92870855E-05	 2.09236578E-05	 3.12887976E-03	 6.76325752E-03	 1.27406284E-02	 2.06688957E-02	 2.64648004E-02	 2.48992727E-02	 1.60762727E-02	 9.66437067E-03	 5.25317727E-03	 2.47923933E-03
 6.640000E-01	-7.13510874E-04	-1.18744753E-03	-1.70142131E-03	-2.06093716E-03	-1.71420580E-03	-3.16980777E-03	-1.05369279E-03	-4.08449178E-04	-1.83905210E-04	-6.99526556E-05	 3.26760416E-03	 7.03432958E-03	 1.32176554E-02	 2.14123067E-02	 2.74008090E-02	 2.63313020E-02	 1.69589800E-02	 1.02197582E-02	 5.57037691E-03	 2.63896141E-03
 6.650000E-01	-7.09345712E-04	-1.18425140E-03	-1.69918933E-03	-2.06726386E-03	-1.66638839E-03	-3.30660740E-03	-1.12001552E-03	-4.45743915E-04	-2.06969791E-04	-8.14110321E-05	 3.34483990E-03	 7.23239734E-03	 1.36263445E-02	 2.21252715E-02	 2.84157325E-02	 2.79602339E-02	 1.79181662E-02	 1.08075225E-02	 5.89425803E-03	 2.79392152E-03
 6.660000E-01	-7.44082970E-04	-1.25501046E-03	-1.82192872E-03	-2.26076512E-03	-1.90390711E-03	-3.64715529E-03	-1.30770380E-03	-5.55948249E-04	-2.67471472E-04	-1.09532311E-04	 3.50546556E-03	 7.55456714E-03	 1.41954733E-02	 2.30220896E-02	 2.95499520E-02	 2.96788598E-02	 1.89867606E-02	 1.14835181E-02	 6.28187485E-03	 2.99217646E-03
 6.670000E-01	-7.97902348E-04	-1.36628131E-03	-2.01922142E-03	-2.57386956E-03	-2.33097614E-03	-4.23161511E-03	-1.65531958E-03	-7.73765731E-04	-3.92562251E-04	-1.72800691E-04	 3.73411938E-03	 7.98918958E-03	 1.49275065E-02	 2.41359149E-02	 3.09265715E-02	 3.15515668E-02	 2.01775249E-02	 1.22468606E-02	 6.72501971E-03	 3.22465736E-03
 6.680000E-01	-8.31130191E-04	-1.43911237E-03	-2.15249154E-03	-2.79218986E-03	-2.60927388E-03	-4.72469741E-03	-1.94830140E-03	-9.57765625E-04	-5.00879958E-04	-2.28779628E-04	 3.99223993E-03	 8.49445639E-03	 1.57969630E-02	 2.54799529E-02	 3.26748072E-02	 3.38164054E-02	 2.15893224E-02	 1.31438520E-02	 7.23840023E-03	 3.48830731E-03
 6.690000E-01	-8.44197976E-04	-1.46921194E-03	-2.20709983E-03	-2.88360861E-03	-2.68452659E-03	-4.95831741E-03	-2.06972143E-03	-1.02261593E-03	-5.37038921E-04	-2.45362551E-04	 4.27369126E-03	 9.06101629E-03	 1.67960362E-02	 2.70481135E-02	 3.47870899E-02	 3.66023932E-02	 2.32847636E-02	 1.42129766E-02	 7.84490909E-03	 3.79420267E-03
 6.700000E-01	-8.79685940E-04	-1.53042489E-03	-2.29851146E-03	-3.00860618E-03	-2.78771673E-03	-5.05419962E-03	-2.08952901E-03	-1.00712730E-03	-5.18833693E-04	-2.28095888E-04	 4.57094710E-03	 9.67878569E-03	 1.79127790E-02	 2.88307715E-02	 3.72428355E-02	 3.99637702E-02	 2.52886952E-02	 1.54686789E-02	 8.55232421E-03	 4.14607006E-03
 6.710000E-01	-1.00293793E-03	-1.75398285E-03	-2.65813103E-03	-3.52909698E-03	-3.46984887E-03	-5.62688125E-03	-2.40382142E-03	-1.17964191E-03	-6.05990006E-04	-2.63241963E-04	 4.95578857E-03	 1.04372973E-02	 1.92377392E-02	 3.08888497E-02	 3.99610620E-02	 4.38153339E-02	 2.76263572E-02	 1.69552173E-02	 9.40844776E-03	 4.58466679E-03
 6.720000E-01	-1.22208745E-03	-2.17043961E-03	-3.35827494E-03	-4.58382662E-03	-4.94895753E-03	-7.16816503E-03	-3.34326497E-03	-1.77788530E-03	-9.49339341E-04	-4.38819765E-04	 5.48213207E-03	 1.14083858E-02	 2.08469738E-02	 3.32880480E-02	 4.29352515E-02	 4.80183757E-02	 3.02770837E-02	 1.86882662E-02	 1.04401212E-02	 5.13966480E-03
 6.730000E-01	-1.47563431E-03	-2.66040974E-03	-4.19376854E-03	-5.86005619E-03	-6.73182181E-03	-9.28837554E-03	-4.66449534E-03	-2.64394786E-03	-1.46174098E-03	-7.10947187E-04	 6.09023826E-03	 1.25356412E-02	 2.27162582E-02	 3.60833049E-02	 4.64372864E-02	 5.28028664E-02	 3.32961568E-02	 2.06670208E-02	 1.16184180E-02	 5.77516774E-03
 6.740000E-01	-1.73444864E-03	-3.16151589E-03	-5.04935264E-03	-7.17069528E-03	-8.52110483E-03	-1.15946384E-02	-6.10015710E-03	-3.59109994E-03	-2.02844388E-03	-1.01523000E-03	 6.76430906E-03	 1.38170484E-02	 2.48787527E-02	 3.93688285E-02	 5.06909338E-02	 5.84950630E-02	 3.68378133E-02	 2.29750672E-02	 1.29790954E-02	 6.49961620E-03
 6.750000E-01	-2.01126121E-03	-3.69821025E-03	-5.96645988E-03	-8.57822425E-03	-1.04152150E-02	-1.41356191E-02	-7.66063862E-03	-4.61972873E-03	-2.64383268E-03	-1.34649493E-03	 7.53786990E-03	 1.53039153E-02	 2.74052737E-02	 4.32341872E-02	 5.57676935E-02	 6.53031907E-02	 4.10443054E-02	 2.57244558E-02	 1.45999923E-02	 7.36433361E-03
 6.760000E-01	-2.31161105E-03	-4.28622601E-03	-6.97808012E-03	-1.01416158E-02	-1.25123442E-02	-1.70445263E-02	-9.42690946E-03	-5.78508535E-03	-3.34114133E-03	-1.72340530E-03	 8.44784887E-03	 1.70550815E-02	 3.03869176E-02	 4.78034604E-02	 6.17867665E-02	 7.35580536E-02	 4.61208562E-02	 2.90558088E-02	 1.65712822E-02	 8.42070506E-03
 6.770000E-01	-2.61314342E-03	-4.89411344E-03	-8.04536125E-03	-1.18216180E-02	-1.47745032E-02	-2.03814545E-02	-1.14624777E-02	-7.13868467E-03	-4.15804549E-03	-2.17076752E-03	 9.57217499E-03	 1.91923883E-02	 3.39973139E-02	 5.33001784E-02	 6.89463157E-02	 8.35782871E-02	 5.23474276E-02	 3.31847122E-02	 1.90433730E-02	 9.76350462E-03
 6.780000E-01	-2.82261900E-03	-5.34597136E-03	-8.87205656E-03	-1.31695441E-02	-1.65591629E-02	-2.34244829E-02	-1.33254741E-02	-8.38101819E-03	-4.91759256E-03	-2.59491364E-03	 1.08729482E-02	 2.16710265E-02	 3.81967891E-02	 5.97116987E-02	 7.72943711E-02	 9.55344478E-02	 5.97708341E-02	 3.81277299E-02	 2.20168114E-02	 1.13866783E-02
 6.790000E-01	-2.84391634E-03	-5.43954351E-03	-9.08987426E-03	-1.35863301E-02	-1.69926651E-02	-2.48652106E-02	-1.41657934E-02	-8.91484643E-03	-5.25029359E-03	-2.78709429E-03	 1.22234518E-02	 2.43191152E-02	 4.27807412E-02	 6.68389869E-02	 8.67452532E-02	 1.09416078E-01	 6.82304867E-02	 4.37183507E-02	 2.53530496E-02	 1.31891500E-02
 6.800000E-01	-2.64877534E-03	-5.10891174E-03	-8.57170494E-03	-1.28521069E-02	-1.57850329E-02	-2.40165963E-02	-1.35367076E-02	-8.41892939E-03	-4.94943444E-03	-2.62638746E-03	 1.35810267E-02	 2.70454794E-02	 4.75736537E-02	 7.43945889E-02	 9.68260557E-02	 1.24675990E-01	 7.74510594E-02	 4.97882839E-02	 2.89661870E-02	 1.51383618E-02
 6.810000E-01	-2.20015587E-03	-4.28285637E-03	-7.19645269E-03	-1.07775863E-02	-1.27157686E-02	-2.04054377E-02	-1.11638680E-02	-6.70357446E-03	-3.89666048E-03	-2.04648228E-03	 1.48472517E-02	 2.96294272E-02	 5.21570717E-02	 8.16839715E-02	 1.06433614E-01	 1.39951897E-01	 8.67166874E-02	 5.58850766E-02	 3.26155963E-02	 1.71272596E-02
 6.820000E-01	-1.40740633E-03	-2.78331520E-03	-4.65593982E-03	-6.87995872E-03	-7.13160292E-03	-1.30473917E-02	-6.47103412E-03	-3.37495827E-03	-1.85394594E-03	-9.16823853E-04	 1.57542750E-02	 3.15614906E-02	 5.56660883E-02	 8.73837109E-02	 1.13722964E-01	 1.52775655E-01	 9.45667121E-02	 6.10132995E-02	 3.57091125E-02	 1.88410764E-02
 6.830000E-01	-1.54951206E-04	-3.77999671E-04	-5.41095216E-04	-5.08266415E-04	 1.85756179E-03	-5.18331425E-04	 1.39321203E-03	 2.14962755E-03	 1.53316695E-03	 9.58937826E-04	 1.59069178E-02	 3.20770031E-02	 5.67946216E-02	 8.94692101E-02	 1.15878104E-01	 1.59254369E-01	 9.86662467E-02	 6.35588647E-02	 3.72719655E-02	 1.97458163E-02
 6.840000E-01	 1.64713244E-03	 3.13265969E-03	 5.52228921E-03	 8.96591529E-03	 1.51235202E-02	 1.87661852E-02	 1.34318562E-02	 1.05691469E-02	 6.70206275E-03	 3.83149842E-03	 1.47114579E-02	 3.00510282E-02	 5.36494158E-02	 8.50392901E-02	 1.08991741E-01	 1.53733276E-01	 9.54827377E-02	 6.10332145E-02	 3.57620781E-02	 1.89709429E-02
 6.850000E-01	 3.97062222E-03	 7.72541296E-03	 1.35325621E-02	 2.15984291E-02	 3.27221143E-02	 4.53833104E-02	 3.00554552E-02	 2.21717576E-02	 1.38459840E-02	 7.82291693E-03	 1.15052347E-02	 2.41907288E-02	 4.40015824E-02	 7.06080924E-02	 8.83184861E-02	 1.28903345E-01	 8.05655375E-02	 5.03260489E-02	 2.92616507E-02	 1.54395830E-02
 6.860000E-01	 6.65698605E-03	 1.31051914E-02	 2.29960140E-02	 3.66442583E-02	 5.35600743E-02	 7.80592435E-02	 5.05232012E-02	 3.64340210E-02	 2.26585621E-02	 1.27735405E-02	 5.63225658E-03	 1.31540891E-02	 2.54608762E-02	 4.23366895E-02	 4.85306702E-02	 7.62849772E-02	 4.88788638E-02	 2.79732042E-02	 1.56637042E-02	 7.98812108E-03
 6.870000E-01	 9.45955333E-03	 1.87910864E-02	 3.30802998E-02	 5.27987935E-02	 7.57787296E-02	 1.14043489E-01	 7.31462890E-02	 5.21553274E-02	 3.24039778E-02	 1.82775247E-02	-3.45857234E-03	-4.20487100E-03	-4.04061481E-03	-3.12951569E-03	-1.49220915E-02	-1.22098275E-02	-4.42365399E-03	-9.36217481E-03	-7.09161546E-03	-4.54218356E-03
 6.880000E-01	 1.20641538E-02	 2.41569855E-02	 4.26861245E-02	 6.83131314E-02	 9.69272584E-02	 1.49420418E-01	 9.54850499E-02	 6.76010721E-02	 4.20043653E-02	 2.37310953E-02	-1.59987210E-02	-2.84221998E-02	-4.55281803E-02	-6.75458931E-02	-1.04280508E-01	-1.41749573E-01	-8.25919570E-02	-6.39400158E-02	-4.04530201E-02	-2.30128328E-02
 6.890000E-01	 1.41077518E-02	 2.84621124E-02	 5.04927707E-02	 8.10560656E-02	 1.14030283E-01	 1.79207576E-01	 1.14433020E-01	 8.05648197E-02	 5.00826629E-02	 2.83545206E-02	-3.17322424E-02	-5.90893894E-02	-9.84001173E-02	-1.50125517E-01	-2.18238423E-01	-3.12133178E-01	-1.85744193E-01	-1.35810164E-01	-8.45273539E-02	-4.75490083E-02
 6.900000E-01	 1.52368965E-02	 3.09647283E-02	 5.51545441E-02	 8.88219216E-02	 1.24023936E-01	 1.98001614E-01	 1.26591979E-01	 8.86414807E-02	 5.51298036E-02	 3.12832503E-02	-4.98023178E-02	-9.46013434E-02	-1.59951404E-01	-2.46737008E-01	-3.50849808E-01	-5.15561093E-01	-3.09569084E-01	-2.21915422E-01	-1.37520966E-01	-7.72233968E-02
 6.910000E-01	 1.51750206E-02	 3.10565316E-02	 5.55373440E-02	 8.97095107E-02	 1.24273477E-01	 2.00909567E-01	 1.28764303E-01	 8.95649602E-02	 5.57026082E-02	 3.16762770E-02	-6.86236010E-02	-1.31922058E-01	-2.24991095E-01	-3.49330134E-01	-4.90867327E-01	-7.35492744E-01	-4.44324054E-01	-3.15346152E-01	-1.95227200E-01	-1.09737595E-01
 6.920000E-01	 1.38341194E-02	 2.84972786E-02	 5.11439935E-02	 8.28158776E-02	 1.13558931E-01	 1.85145292E-01	 1.18960281E-01	 8.19341562E-02	 5.08831018E-02	 2.89769836E-02	-8.60483455E-02	-1.66857330E-01	-2.86266143E-01	-4.46509801E-01	-6.22472927E-01	-9.47527173E-01	-5.75409083E-01	-4.05736859E-01	-2.51262095E-01	-1.41531430E-01
 6.930000E-01	 1.13766257E-02	 2.35637912E-02	 4.24075074E-02	 6.87505111E-02	 9.28041548E-02	 1.51514280E-01	 9.74005275E-02	 6.59246647E-02	 4.07340915E-02	 2.31830621E-02	-9.96477056E-02	-1.94568136E-01	-3.35301321E-01	-5.24806144E-01	-7.26968423E-01	-1.12186152E+00	-6.84988552E-01	-4.80514113E-01	-2.97874703E-01	-1.68267409E-01
 6.940000E-01	 8.14152314E-03	 1.69230822E-02	 3.04900300E-02	 4.93495339E-02	 6.46650468E-02	 1.04086958E-01	 6.64138698E-02	 4.32289738E-02	 2.62839839E-02	 1.48537061E-02	-1.07060841E-01	-2.10286534E-01	-3.63686310E-01	-5.70747345E-01	-7.85772613E-01	-1.22793249E+00	-7.54375542E-01	-5.26504006E-01	-3.26861262E-01	-1.85283912E-01
 6.950000E-01	 4.55652624E-03	 9.45020722E-03	 1.69557673E-02	 2.71493401E-02	 3.27572849E-02	 4.90083619E-02	 2.97888529E-02	 1.65898831E-02	 9.25042391E-03	 4.95910250E-03	-1.06492803E-01	-2.10328858E-01	-3.64862918E-01	-5.73735111E-01	-7.84480928E-01	-1.24063913E+00	-7.67660721E-01	-5.32476701E-01	-3.31101296E-01	-1.88434370E-01
 6.960000E-01	 1.05561119E-03	 2.06372635E-03	 3.48152187E-03	 4.91832549E-03	 1.01021833E-03	-6.66637334E-03	-7.93666995E-03	-1.07078713E-02	-8.27840004E-03	-5.29492776E-03	-9.71415528E-02	-1.92956118E-01	-3.35635507E-01	-5.28473173E-01	-7.16153630E-01	-1.14630346E+00	-7.15528832E-01	-4.91922838E-01	-3.06342007E-01	-1.75144376E-01
 6.970000E-01	-2.00430450E-03	-4.45424846E-03	-8.47427104E-03	-1.48907219E-02	-2.71041134E-02	-5.63948692E-02	-4.23500553E-02	-3.54746901E-02	-2.42457154E-02	-1.46995587E-02	-7.94498270E-02	-1.58901186E-01	-2.77128605E-01	-4.36537823E-01	-5.83422100E-01	-9.46711061E-01	-5.97878596E-01	-4.04925380E-01	-2.52408721E-01	-1.45126773E-01
 6.980000E-01	-4.41204405E-03	-9.60748026E-03	-1.79474571E-02	-3.06069569E-02	-4.92194242E-02	-9.54154693E-02	-7.00018822E-02	-5.52200157E-02	-3.70148208E-02	-2.22699301E-02	-5.51103676E-02	-1.11407675E-01	-1.94888054E-01	-3.06582236E-01	-3.98722080E-01	-6.59985930E-01	-4.24585234E-01	-2.78728813E-01	-1.73624672E-01	-1.00671403E-01
 6.990000E-01	-6.14545092E-03	-1.32829436E-02	-2.46564475E-02	-4.16624640E-02	-6.45202033E-02	-1.21683943E-01	-8.90613616E-02	-6.86234282E-02	-4.56797723E-02	-2.74316001E-02	-2.68274880E-02	-5.57640298E-02	-9.80797895E-02	-1.53073433E-01	-1.82434396E-01	-3.18059885E-01	-2.14053930E-01	-1.26652173E-01	-7.81607953E-02	-4.62974595E-02
 7.000000E-01	-7.35117545E-03	-1.57360737E-02	-2.90047307E-02	-4.86363763E-02	-7.38285075E-02	-1.36195801E-01	-9.96686461E-02	-7.57888553E-02	-5.02448050E-02	-3.01406836E-02	 2.18140265E-03	 1.64537565E-03	 2.12843574E-03	 6.21673253E-03	 4.05450550E-02	 3.88635031E-02	 9.87573989E-03	 3.41801969E-02	 2.33627787E-02	 1.20227419E-02
 7.010000E-01	-8.23957997E-03	-1.73893238E-02	-3.17393302E-02	-5.27292520E-02	-7.88613973E-02	-1.41938421E-01	-1.03428516E-01	-7.78823822E-02	-5.14159860E-02	-3.07817309E-02	 2.87029299E-02	 5.44087664E-02	 9.44856584E-02	 1.53325223E-01	 2.45230268E-01	 3.69721352E-01	 2.22030124E-01	 1.85763858E-01	 1.19648911E-01	 6.78385933E-02
 7.020000E-01	-8.98556659E-03	-1.86263935E-02	-3.35786416E-02	-5.51537806E-02	-8.13734192E-02	-1.42310261E-01	-1.02598141E-01	-7.65579577E-02	-5.02654228E-02	-2.99799268E-02	 5.01472161E-02	 9.73143778E-02	 1.69808333E-01	 2.73514658E-01	 4.11270779E-01	 6.40245752E-01	 4.00612003E-01	 3.12562368E-01	 2.00820287E-01	 1.15401687E-01
 7.030000E-01	-9.65165240E-03	-1.96308457E-02	-3.49180285E-02	-5.66467335E-02	-8.24730200E-02	-1.39837518E-01	-9.91380866E-02	-7.32753614E-02	-4.77771871E-02	-2.83376389E-02	 6.48786164E-02	 1.27035391E-01	 2.22205949E-01	 3.57295305E-01	 5.25726843E-01	 8.28280725E-01	 5.30497381E-01	 4.03841071E-01	 2.59897808E-01	 1.50539666E-01
 7.040000E-01	-1.01943340E-02	-2.03778790E-02	-3.57899731E-02	-5.73698556E-02	-8.24648624E-02	-1.35704466E-01	-9.42864273E-02	-6.89675802E-02	-4.46132987E-02	-2.62802985E-02	 7.23874201E-02	 1.42479224E-01	 2.49693293E-01	 4.01412047E-01	 5.84378460E-01	 9.26073486E-01	 6.05019837E-01	 4.54938643E-01	 2.93665839E-01	 1.71198948E-01
 7.050000E-01	-1.05039944E-02	-2.07052888E-02	-3.59779361E-02	-5.70727104E-02	-8.10774966E-02	-1.29965307E-01	-8.85624964E-02	-6.40523474E-02	-4.11049284E-02	-2.40404855E-02	 7.32648941E-02	 1.44718618E-01	 2.54046663E-01	 4.08584613E-01	 5.91266709E-01	 9.39473279E-01	 6.25944280E-01	 4.67235199E-01	 3.02716617E-01	 1.77512331E-01
 7.060000E-01	-1.04661758E-02	-2.04211076E-02	-3.51905750E-02	-5.53534766E-02	-7.78114757E-02	-1.22068803E-01	-8.19981320E-02	-5.85845419E-02	-3.73346918E-02	-2.16950263E-02	 6.89003189E-02	 1.36429067E-01	 2.39857448E-01	 3.86036164E-01	 5.56648877E-01	 8.84645714E-01	 6.01778695E-01	 4.46977663E-01	 2.90777015E-01	 1.71457345E-01
 7.070000E-01	-9.99969736E-03	-1.93765584E-02	-3.31850250E-02	-5.18497982E-02	-7.22006379E-02	-1.11316455E-01	-7.43061306E-02	-5.23873103E-02	-3.32072225E-02	-1.92014360E-02	 6.10152358E-02	 1.21014139E-01	 2.13065494E-01	 3.43231849E-01	 4.93919383E-01	 7.83349471E-01	 5.45082237E-01	 4.03325125E-01	 2.63505031E-01	 1.56190908E-01
 7.080000E-01	-9.10561863E-03	-1.75628373E-02	-2.99367703E-02	-4.65107475E-02	-6.41871959E-02	-9.74853271E-02	-6.53006309E-02	-4.53419636E-02	-2.86378314E-02	-1.65037756E-02	 5.13420526E-02	 1.01947431E-01	 1.79783005E-01	 2.89965617E-01	 4.16897264E-01	 6.58167034E-01	 4.69744461E-01	 3.46406217E-01	 2.27291293E-01	 1.35371052E-01
 7.090000E-01	-7.86487653E-03	-1.51200718E-02	-2.56686452E-02	-3.96626304E-02	-5.42260637E-02	-8.11200542E-02	-5.51078096E-02	-3.75469192E-02	-2.36552071E-02	-1.36013464E-02	 4.13507470E-02	 8.21953928E-02	 1.45249304E-01	 2.34654883E-01	 3.37427141E-01	 5.28605808E-01	 3.88311310E-01	 2.85379656E-01	 1.88007582E-01	 1.12432249E-01
 7.100000E-01	-6.40941204E-03	-1.22894776E-02	-2.07775713E-02	-3.19037866E-02	-4.31344079E-02	-6.33435479E-02	-4.42101057E-02	-2.93401012E-02	-1.84385092E-02	-1.05764835E-02	 3.21487387E-02	 6.39770476E-02	 1.13367772E-01	 1.83555770E-01	 2.64252997E-01	 4.09025414E-01	 3.10572942E-01	 2.27355498E-01	 1.50290282E-01	 9.01386988E-02
 7.110000E-01	-4.88882283E-03	-9.34600795E-03	-1.57153072E-02	-2.39155922E-02	-3.18286046E-02	-4.54581471E-02	-3.31866053E-02	-2.11313850E-02	-1.32153007E-02	-7.54023972E-03	 2.43613009E-02	 4.85595655E-02	 8.63865417E-02	 1.40304491E-01	 2.02459915E-01	 3.07942676E-01	 2.42886054E-01	 1.76894640E-01	 1.17175406E-01	 7.03440582E-02
 7.120000E-01	-3.45747081E-03	-6.57876777E-03	-1.09629161E-02	-1.64299899E-02	-2.12915040E-02	-2.88945388E-02	-2.27669422E-02	-1.34205366E-02	-8.27804047E-03	-4.64660982E-03	 1.82413962E-02	 3.64429530E-02	 6.51820059E-02	 1.06310794E-01	 1.53966777E-01	 2.28620724E-01	 1.88270432E-01	 1.36132590E-01	 9.01616238E-02	 5.40161030E-02
 7.130000E-01	-2.24282954E-03	-4.23214653E-03	-6.93512587E-03	-1.00905885E-02	-1.24019839E-02	-1.49576006E-02	-1.37559457E-02	-6.77832884E-03	-3.98879503E-03	-2.10453401E-03	 1.37981998E-02	 2.76213310E-02	 4.97167224E-02	 8.14798207E-02	 1.18542526E-01	 1.70554721E-01	 1.47230939E-01	 1.05419712E-01	 6.95986412E-02	 4.14458153E-02
 7.140000E-01	-1.30951481E-03	-2.43113722E-03	-3.84639681E-03	-5.23249763E-03	-5.61526657E-03	-4.33825605E-03	-6.69802692E-03	-1.58016611E-03	-5.99632360E-04	-6.96107361E-05	 1.08239439E-02	 2.16853768E-02	 3.92782009E-02	 6.46686494E-02	 9.45337867E-02	 1.30964661E-01	 1.18542623E-01	 8.38498067E-02	 5.49972583E-02	 3.24081310E-02
 7.150000E-01	-6.53181212E-04	-1.16752390E-03	-1.68303698E-03	-1.83580721E-03	-8.95847450E-04	 3.01549446E-03	-1.65197255E-03	 2.13423914E-03	 1.85227151E-03	 1.42189127E-03	 9.00155641E-03	 1.80215924E-02	 3.28082332E-02	 5.42050502E-02	 7.95653286E-02	 1.06022831E-01	 1.00124819E-01	 6.98588869E-02	 4.53958979E-02	 2.63796926E-02
 7.160000E-01	-2.46311940E-04	-3.83718083E-04	-3.41073312E-04	 2.70832968E-04	 2.01136405E-03	 7.54673565E-03	 1.59525081E-03	 4.52534064E-03	 3.45527340E-03	 2.41669559E-03	 8.02698714E-03	 1.60441931E-02	 2.93001386E-02	 4.85020415E-02	 7.13915784E-02	 9.19828002E-02	 8.99634474E-02	 6.19237643E-02	 3.98371354E-02	 2.28107048E-02
 7.170000E-01	-6.57291286E-05	-2.92192509E-05	 2.73470904E-04	 1.24551644E-03	 3.34341435E-03	 9.67616485E-03	 3.31466171E-03	 5.79699533E-03	 4.33583382E-03	 2.98807363E-03	 7.61154666E-03	 1.51948265E-02	 2.77937134E-02	 4.60456646E-02	 6.78878347E-02	 8.54024085E-02	 8.59825373E-02	 5.85034037E-02	 3.73274601E-02	 2.11196543E-02
 7.180000E-01	-9.22050203E-05	-7.32110324E-05	 2.05401437E-04	 1.14991200E-03	 3.17562275E-03	 9.53429850E-03	 3.45303387E-03	 5.94465094E-03	 4.48313154E-03	 3.12124212E-03	 7.60425175E-03	 1.51362396E-02	 2.76524748E-02	 4.57563548E-02	 6.74464074E-02	 8.34946116E-02	 8.61902590E-02	 5.81992660E-02	 3.69613722E-02	 2.07811798E-02
 7.190000E-01	-2.74484681E-04	-4.25080184E-04	-4.01619004E-04	 1.94419104E-04	 1.78323629E-03	 7.52635412E-03	 2.02704531E-03	 4.98777144E-03	 3.88664971E-03	 2.79402784E-03	 7.89005140E-03	 1.56309754E-02	 2.84517480E-02	 4.69279035E-02	 6.90591086E-02	 8.45628899E-02	 8.90552644E-02	 5.99287584E-02	 3.80181490E-02	 2.13543790E-02
 7.200000E-01	-5.29187347E-04	-9.27169859E-04	-1.28198438E-03	-1.20986845E-03	-2.65532147E-04	 4.51735923E-03	-5.41243091E-04	 3.23465162E-03	 2.73109833E-03	 2.10693800E-03	 8.37511481E-03	 1.65130356E-02	 2.99255283E-02	 4.91606489E-02	 7.21979829E-02	 8.78524254E-02	 9.38045118E-02	 6.30651575E-02	 4.00536298E-02	 2.25451736E-02
 7.210000E-01	-7.85304443E-04	-1.43645040E-03	-2.18260345E-03	-2.65554258E-03	-2.38603460E-03	 1.42645499E-03	-3.54505349E-03	 1.17293659E-03	 1.33754791E-03	 1.25431514E-03	 8.99069486E-03	 1.76773103E-02	 3.19279573E-02	 5.22679493E-02	 7.66566117E-02	 9.31572487E-02	 1.00307540E-01	 6.74063869E-02	 4.29070121E-02	 2.42322548E-02
 7.220000E-01	-1.02435277E-03	-1.90757896E-03	-3.01217082E-03	-3.98062261E-03	-4.32724805E-03	-1.31540545E-03	-6.45065621E-03	-8.04168558E-04	-1.61023597E-05	 4.20894720E-04	 9.70519414E-03	 1.90758181E-02	 3.43924583E-02	 5.61741226E-02	 8.23483944E-02	 1.00370677E-01	 1.08843942E-01	 7.30409010E-02	 4.66248013E-02	 2.64317328E-02
 7.230000E-01	-1.26377359E-03	-2.37909038E-03	-3.84215260E-03	-5.30407646E-03	-6.26420528E-03	-3.98329572E-03	-9.35150647E-03	-2.75119549E-03	-1.35032779E-03	-4.01930753E-04	 1.05780924E-02	 2.07743747E-02	 3.73698748E-02	 6.08896685E-02	 8.91824103E-02	 1.09098213E-01	 1.19467206E-01	 8.00555422E-02	 5.12932912E-02	 2.92347045E-02
 7.240000E-01	-1.51127275E-03	-2.87468627E-03	-4.72492899E-03	-6.72332026E-03	-8.35472455E-03	-6.84728444E-03	-1.25557685E-02	-4.87700535E-03	-2.80691806E-03	-1.30488909E-03	 1.16639828E-02	 2.28442799E-02	 4.09409761E-02	 6.64847946E-02	 9.71917292E-02	 1.19152068E-01	 1.32097123E-01	 8.84608365E-02	 5.69511479E-02	 3.26903679E-02
 7.250000E-01	-1.75399057E-03	-3.36245154E-03	-5.59685038E-03	-8.12704076E-03	-1.04243109E-02	-9.64944578E-03	-1.58270401E-02	-7.01721994E-03	-4.27588699E-03	-2.21772162E-03	 1.28964795E-02	 2.51982711E-02	 4.50063879E-02	 7.28701613E-02	 1.06343849E-01	 1.30651777E-01	 1.46788956E-01	 9.81768743E-02	 6.34977745E-02	 3.67052490E-02
 7.260000E-01	-2.01932343E-03	-3.88257103E-03	-6.51113189E-03	-9.57791202E-03	-1.25373629E-02	-1.24365582E-02	-1.91098377E-02	-9.10160523E-03	-5.69501290E-03	-3.09060115E-03	 1.42757605E-02	 2.78638842E-02	 4.96515196E-02	 8.02115349E-02	 1.16944071E-01	 1.44125603E-01	 1.63850423E-01	 1.09330229E-01	 7.09995985E-02	 4.12938477E-02
 7.270000E-01	-2.35075726E-03	-4.51888842E-03	-7.61233576E-03	-1.13034595E-02	-1.50193451E-02	-1.56634060E-02	-2.28203392E-02	-1.14157766E-02	-7.26140780E-03	-4.04226376E-03	 1.59286297E-02	 3.10678712E-02	 5.52476414E-02	 8.90575023E-02	 1.29740317E-01	 1.60493780E-01	 1.84131817E-01	 1.22515879E-01	 7.98692842E-02	 4.67070946E-02
 7.280000E-01	-2.75798740E-03	-5.30603477E-03	-8.98166416E-03	-1.34593920E-02	-1.81340076E-02	-1.97393376E-02	-2.75836694E-02	-1.43809967E-02	-9.27372380E-03	-5.27148556E-03	 1.80049061E-02	 3.50645358E-02	 6.21929658E-02	 9.99772340E-02	 1.45481366E-01	 1.80624187E-01	 2.08680501E-01	 1.38483672E-01	 9.06704629E-02	 5.33291868E-02
 7.290000E-01	-3.17353972E-03	-6.13784898E-03	-1.04679236E-02	-1.58487477E-02	-2.16563937E-02	-2.44062448E-02	-3.35003321E-02	-1.81092160E-02	-1.18307864E-02	-6.86932160E-03	 2.06404784E-02	 4.00855436E-02	 7.08501873E-02	 1.13503912E-01	 1.64872117E-01	 2.05325490E-01	 2.38839670E-01	 1.58113399E-01	 1.04046538E-01	 6.16075247E-02
 7.300000E-01	-3.49462501E-03	-6.81987174E-03	-1.17404629E-02	-1.79563942E-02	-2.48564700E-02	-2.86331754E-02	-3.95983551E-02	-2.19558272E-02	-1.45030199E-02	-8.56352496E-03	 2.38524939E-02	 4.62179071E-02	 8.14388672E-02	 1.30086273E-01	 1.88676266E-01	 2.35771529E-01	 2.76618347E-01	 1.82486056E-01	 1.20707366E-01	 7.19509753E-02
 7.310000E-01	-3.62599056E-03	-7.16811638E-03	-1.24791639E-02	-1.92745660E-02	-2.69957357E-02	-3.14200548E-02	-4.46134342E-02	-2.50472354E-02	-1.66702504E-02	-9.95155603E-03	 2.75898632E-02	 5.34265564E-02	 9.39860847E-02	 1.49879469E-01	 2.17281509E-01	 2.72612309E-01	 3.23825960E-01	 2.12637084E-01	 1.41368871E-01	 8.48109873E-02
 7.320000E-01	-3.42766397E-03	-6.94023894E-03	-1.22990003E-02	-1.92410035E-02	-2.73201506E-02	-3.18571338E-02	-4.75301813E-02	-2.67286594E-02	-1.78569856E-02	-1.07361554E-02	 3.18340532E-02	 6.16762618E-02	 1.08441179E-01	 1.72805133E-01	 2.50610008E-01	 3.15505043E-01	 3.81235297E-01	 2.49298166E-01	 1.66658407E-01	 1.00678677E-01
 7.330000E-01	-2.62016953E-03	-5.62266910E-03	-1.03426782E-02	-1.65456459E-02	-2.39941773E-02	-2.75580246E-02	-4.58017241E-02	-2.54754698E-02	-1.69989920E-02	-1.02668932E-02	 3.63493109E-02	 7.05640501E-02	 1.24182735E-01	 1.97955277E-01	 2.87506647E-01	 3.62859335E-01	 4.47772570E-01	 2.92009470E-01	 1.96357760E-01	 1.19492811E-01
 7.340000E-01	-8.06633992E-04	-2.44302387E-03	-5.25915676E-03	-9.04285480E-03	-1.38894594E-02	-1.42980216E-02	-3.41425682E-02	-1.80394304E-02	-1.17941597E-02	-7.09373888E-03	 4.06439292E-02	 7.92232862E-02	 1.39816570E-01	 2.23255283E-01	 3.25162168E-01	 4.11045704E-01	 5.19741228E-01	 3.38449350E-01	 2.28860352E-01	 1.40267692E-01
 7.350000E-01	 2.37016076E-03	 3.36903979E-03	 4.40410986E-03	 5.70433766E-03	 6.74630382E-03	 1.30914107E-02	-4.67286878E-03	 5.53321248E-04	 1.32497985E-03	 1.09853332E-03	 4.38455875E-02	 8.61110894E-02	 1.52843307E-01	 2.44979443E-01	 3.58470428E-01	 4.53659864E-01	 5.89688166E-01	 3.83620933E-01	 2.60520871E-01	 1.60616050E-01
 7.360000E-01	 7.02721116E-03	 1.21720504E-02	 1.94607299E-02	 2.92141683E-02	 4.04876093E-02	 5.81565121E-02	 5.00595581E-02	 3.52257894E-02	 2.59752839E-02	 1.67323129E-02	 4.46928480E-02	 8.88963473E-02	 1.59339817E-01	 2.57104705E-01	 3.78876405E-01	 4.79631145E-01	 6.44365687E-01	 4.18932562E-01	 2.85079290E-01	 1.76491744E-01
 7.370000E-01	 1.29669521E-02	 2.37015383E-02	 3.96242326E-02	 6.12375848E-02	 8.73178973E-02	 1.20767873E-01	 1.33173833E-01	 8.81358418E-02	 6.38278749E-02	 4.09826340E-02	 4.16849410E-02	 8.46065756E-02	 1.54031229E-01	 2.51174853E-01	 3.73870769E-01	 4.71970739E-01	 6.61993886E-01	 4.31425723E-01	 2.93355254E-01	 1.82182017E-01
 7.380000E-01	 1.96797890E-02	 3.70842387E-02	 6.35348468E-02	 9.98080470E-02	 1.44677744E-01	 1.97402991E-01	 2.42723132E-01	 1.58280315E-01	 1.14246669E-01	 7.35488053E-02	 3.30629081E-02	 6.96939933E-02	 1.30520514E-01	 2.16809647E-01	 3.27902574E-01	 4.09753625E-01	 6.12224790E-01	 4.02725480E-01	 2.72204905E-01	 1.69331339E-01
 7.390000E-01	 2.63044796E-02	 5.07545761E-02	 8.86022493E-02	 1.40984482E-01	 2.07061802E-01	 2.80677570E-01	 3.70634969E-01	 2.40946058E-01	 1.73863231E-01	 1.12368959E-01	 1.71479547E-02	 4.06933096E-02	 8.24349511E-02	 1.43528190E-01	 2.25028239E-01	 2.71950880E-01	 4.60444135E-01	 3.11114564E-01	 2.05817938E-01	 1.27616315E-01
 7.400000E-01	 3.16108040E-02	 6.23587121E-02	 1.10752224E-01	 1.78343936E-01	 2.65119173E-01	 3.58062322E-01	 5.00294060E-01	 3.26125556E-01	 2.35430805E-01	 1.52870610E-01	-7.03797958E-03	-4.63298933E-03	 5.36231992E-03	 2.37265098E-02	 5.31604984E-02	 4.27442874E-02	 1.75707881E-01	 1.36838824E-01	 7.97139235E-02	 4.73812071E-02
 7.410000E-01	 3.42216297E-02	 6.91101326E-02	 1.24946474E-01	 2.03683785E-01	 3.06502759E-01	 4.12892435E-01	 6.06632455E-01	 3.98348606E-01	 2.87651757E-01	 1.87763878E-01	-3.94716988E-02	-6.66616182E-02	-1.01964008E-01	-1.45306552E-01	-1.92792661E-01	-2.84320655E-01	-2.60587920E-01	-1.32369579E-01	-1.15168736E-01	-7.75985031E-02
 7.420000E-01	 3.29856861E-02	 6.84715094E-02	 1.26317855E-01	 2.08754000E-01	 3.18300717E-01	 4.27624684E-01	 6.59792791E-01	 4.38579415E-01	 3.16580547E-01	 2.07862238E-01	-7.87307720E-02	-1.43128309E-01	-2.36269395E-01	-3.59155597E-01	-5.07548044E-01	-7.02278736E-01	-8.46885983E-01	-4.95833454E-01	-3.78159441E-01	-2.47080695E-01
 7.430000E-01	 2.74269078E-02	 5.91068407E-02	 1.11945802E-01	 1.88217938E-01	 2.91587516E-01	 3.90110071E-01	 6.34689736E-01	 4.29940735E-01	 3.09716060E-01	 2.04730148E-01	-1.21672760E-01	-2.28353467E-01	-3.88194617E-01	-6.03577238E-01	-8.71184031E-01	-1.18461834E+00	-1.55299151E+00	-9.36377116E-01	-6.96659880E-01	-4.53294291E-01
 7.440000E-01	 1.79252894E-02	 4.13809681E-02	 8.19390064E-02	 1.41627651E-01	 2.24707877E-01	 2.98194318E-01	 5.20242364E-01	 3.63694014E-01	 2.60447595E-01	 1.73671024E-01	-1.63356234E-01	-3.12890396E-01	-5.41405144E-01	-8.52805290E-01	-1.24615871E+00	-1.68086740E+00	-2.31235719E+00	-1.41638238E+00	-1.04348232E+00	-6.79381877E-01
 7.450000E-01	 5.69436399E-03	 1.73886594E-02	 3.95950044E-02	 7.38006017E-02	 1.24064328E-01	 1.60610790E-01	 3.23237301E-01	 2.41864397E-01	 1.70090291E-01	 1.15098212E-01	-1.97531361E-01	-3.84427012E-01	-6.74069100E-01	-1.07180985E+00	-1.58039679E+00	-2.12124950E+00	-3.02347492E+00	-1.87612394E+00	-1.37521522E+00	-8.97743761E-01
 7.460000E-01	-7.40457908E-03	-9.34171291E-03	-9.02056905E-03	-5.74323663E-03	 3.47375495E-03	-3.92447777E-03	 6.86102857E-02	 7.79643320E-02	 4.85137359E-02	 3.50804306E-02	-2.17804224E-01	-4.29990933E-01	-7.62640276E-01	-1.22223144E+00	-1.81584918E+00	-2.42827295E+00	-3.56513991E+00	-2.24114131E+00	-1.63725920E+00	-1.07291265E+00
 7.470000E-01	-1.91293496E-02	-3.43381319E-02	-5.59010890E-02	-8.40656237E-02	-1.17658078E-01	-1.69229628E-01	-2.03831154E-01	-1.04467883E-01	-8.68936164E-02	-5.52475088E-02	-2.19043322E-01	-4.38771063E-01	-7.86941883E-01	-1.27060946E+00	-1.90091687E+00	-2.53335598E+00	-3.82180764E+00	-2.43751870E+00	-1.77501943E+00	-1.16867441E+00
 7.480000E-01	-2.73227350E-02	-5.30650364E-02	-9.26044993E-02	-1.47153651E-01	-2.17747096E-01	-3.06060886E-01	-4.45817935E-01	-2.75328226E-01	-2.13849001E-01	-1.41266769E-01	-1.98730711E-01	-4.04807672E-01	-7.35015793E-01	-1.19619851E+00	-1.80231603E+00	-2.39221529E+00	-3.70994381E+00	-2.40960339E+00	-1.74747801E+00	-1.15731168E+00
 7.490000E-01	-3.06177151E-02	-6.22934714E-02	-1.12674498E-01	-1.83785394E-01	-2.78780640E-01	-3.89741121E-01	-6.12151794E-01	-4.04343523E-01	-3.09960296E-01	-2.07906817E-01	-1.58191669E-01	-3.29467423E-01	-6.07593300E-01	-9.98228918E-01	-1.51603438E+00	-1.99908758E+00	-3.20109817E+00	-2.13378764E+00	-1.53776317E+00	-1.02664767E+00
 7.500000E-01	-2.90245514E-02	-6.14541953E-02	-1.14295274E-01	-1.90083858E-01	-2.93529233E-01	-4.10157357E-01	-6.77388511E-01	-4.71114402E-01	-3.59980151E-01	-2.44410673E-01	-1.02580652E-01	-2.21942756E-01	-4.19665586E-01	-6.99235750E-01	-1.07340465E+00	-1.39618031E+00	-2.34004765E+00	-1.62670177E+00	-1.15832852E+00	-7.82903144E-01
 7.510000E-01	-2.37565601E-02	-5.25223676E-02	-1.00398471E-01	-1.70072965E-01	-2.66948770E-01	-3.73880808E-01	-6.43692879E-01	-4.71405015E-01	-3.60461161E-01	-2.47629933E-01	-3.96045188E-02	-9.71429003E-02	-1.97312183E-01	-3.40676707E-01	-5.35609400E-01	-6.66474392E-01	-1.24407544E+00	-9.48689786E-01	-6.53319450E-01	-4.52898406E-01
 7.520000E-01	-1.66373249E-02	-3.89276732E-02	-7.68609392E-02	-1.32937554E-01	-2.12362673E-01	-2.98925842E-01	-5.35731133E-01	-4.16034090E-01	-3.19142454E-01	-2.21935089E-01	 2.23464357E-02	 2.79640694E-02	 2.87492904E-02	 2.73924672E-02	 2.15741824E-02	 8.74383057E-02	-7.44275950E-02	-1.93580600E-01	-9.17780820E-02	-8.08561697E-02
 7.530000E-01	-9.56444846E-03	-2.44753605E-02	-5.05319868E-02	-8.97895688E-02	-1.46543487E-01	-2.07958320E-01	-3.89749607E-01	-3.25429663E-01	-2.51081897E-01	-1.76908224E-01	 7.58460024E-02	 1.37927565E-01	 2.29966468E-01	 3.57791470E-01	 5.25662199E-01	 7.67919222E-01	 1.00656733E+00	 5.35620179E-01	 4.49941672E-01	 2.82731590E-01
 7.540000E-01	-4.22291798E-03	-1.26750623E-02	-2.79082673E-02	-5.13708149E-02	-8.60253771E-02	-1.23302549E-01	-2.43505182E-01	-2.23252988E-01	-1.73955612E-01	-1.24198497E-01	 1.15527155E-01	 2.21320179E-01	 3.84875373E-01	 6.14710203E-01	 9.21037806E-01	 1.30053185E+00	 1.87100753E+00	 1.15104286E+00	 9.06145398E-01	 5.93182378E-01
 7.550000E-01	-1.71639848E-03	-6.05581740E-03	-1.39549608E-02	-2.62174575E-02	-4.44001761E-02	-6.36476792E-02	-1.30318887E-01	-1.32760413E-01	-1.05029672E-01	-7.55891169E-02	 1.39248781E-01	 2.72935308E-01	 4.82904859E-01	 7.79645069E-01	 1.17772960E+00	 1.64464586E+00	 2.44407687E+00	 1.59479741E+00	 1.23379368E+00	 8.20452586E-01
 7.560000E-01	-2.09342980E-03	-5.18147210E-03	-1.02887212E-02	-1.76702142E-02	-2.77429380E-02	-3.78542295E-02	-6.94048395E-02	-7.12679308E-02	-5.71573780E-02	-4.03559908E-02	 1.48057832E-01	 2.93956215E-01	 5.24990358E-01	 8.52726810E-01	 1.29394046E+00	 1.79723031E+00	 2.71071108E+00	 1.84464592E+00	 1.41652259E+00	 9.51915754E-01
 7.570000E-01	-4.35963745E-03	-8.43817042E-03	-1.45021562E-02	-2.24305906E-02	-3.19499327E-02	-4.08967079E-02	-5.78697323E-02	-4.33788325E-02	-3.40743109E-02	-2.18900818E-02	 1.44585116E-01	 2.89354092E-01	 5.19682820E-01	 8.47369444E-01	 1.28933804E+00	 1.78537632E+00	 2.70883522E+00	 1.91295282E+00	 1.46306468E+00	 9.91414305E-01
 7.580000E-01	-7.17280766E-03	-1.32856615E-02	-2.22163873E-02	-3.36451292E-02	-4.70248204E-02	-5.94238877E-02	-7.68800665E-02	-4.15958586E-02	-3.06510610E-02	-1.74294096E-02	 1.32011918E-01	 2.65722144E-01	 4.79129070E-01	 7.83624636E-01	 1.19478935E+00	 1.65192825E+00	 2.50755363E+00	 1.83725681E+00	 1.40091380E+00	 9.55916167E-01
 7.590000E-01	-9.44723115E-03	-1.75132813E-02	-2.94073628E-02	-4.47431674E-02	-6.29671536E-02	-7.98741970E-02	-1.04615452E-01	-5.31654972E-02	-3.76932842E-02	-2.10325701E-02	 1.13644429E-01	 2.30014433E-01	 4.16271063E-01	 6.83023810E-01	 1.04365052E+00	 1.44285179E+00	 2.18307970E+00	 1.66495659E+00	 1.26549459E+00	 8.68557929E-01
 7.600000E-01	-1.05580248E-02	-1.98032410E-02	-3.36128937E-02	-5.16300598E-02	-7.34195414E-02	-9.36516217E-02	-1.26084129E-01	-6.76100022E-02	-4.72877023E-02	-2.73208245E-02	 9.31122773E-02	 1.89489875E-01	 3.44153340E-01	 5.66721682E-01	 8.67902371E-01	 1.20107513E+00	 1.80412286E+00	 1.44038537E+00	 1.09087339E+00	 7.52367373E-01
 7.610000E-01	-1.01676071E-02	-1.94258631E-02	-3.34484165E-02	-5.19778080E-02	-7.47348852E-02	-9.58603538E-02	-1.32482915E-01	-7.80007780E-02	-5.41493128E-02	-3.25994509E-02	 7.36870830E-02	 1.50594236E-01	 2.74228453E-01	 4.53115416E-01	 6.95106793E-01	 9.63248180E-01	 1.42769936E+00	 1.20100773E+00	 9.05839990E-01	 6.27053641E-01
 7.620000E-01	-8.31142244E-03	-1.62701967E-02	-2.84861660E-02	-4.48118420E-02	-6.50625024E-02	-8.36348801E-02	-1.17995988E-01	-7.80036088E-02	-5.37562047E-02	-3.34774028E-02	 5.71255438E-02	 1.17104668E-01	 2.13617582E-01	 3.54145123E-01	 5.43890151E-01	 7.54971832E-01	 1.09589300E+00	 9.77066073E-01	 7.32611249E-01	 5.07769528E-01
 7.630000E-01	-5.53573002E-03	-1.11943447E-02	-1.99722140E-02	-3.17737209E-02	-4.63758778E-02	-5.91262147E-02	-8.40772550E-02	-6.43026528E-02	-4.38378036E-02	-2.79034751E-02	 4.41885607E-02	 9.07855004E-02	 1.65800470E-01	 2.75828570E-01	 4.23913238E-01	 5.89651544E-01	 8.31494232E-01	 7.89423723E-01	 5.86277399E-01	 4.05147198E-01
 7.640000E-01	-2.72880784E-03	-5.81509154E-03	-1.06109658E-02	-1.69807768E-02	-2.45313410E-02	-2.98864236E-02	-4.10524291E-02	-3.97551892E-02	-2.63308052E-02	-1.66648004E-02	 3.51712490E-02	 7.22326831E-02	 1.31852222E-01	 2.19933521E-01	 3.37877487E-01	 4.70738554E-01	 6.39552102E-01	 6.47593279E-01	 4.74111783E-01	 3.24834652E-01
 7.650000E-01	-5.90548169E-04	-1.55437768E-03	-2.98563883E-03	-4.64488190E-03	-5.92684142E-03	-4.62570369E-03	-2.51910145E-03	-1.24990255E-02	-6.78317835E-03	-3.37972959E-03	 3.01461115E-02	 6.14229941E-02	 1.11507770E-01	 1.85771309E-01	 2.84341559E-01	 3.95697634E-01	 5.14173322E-01	 5.51378575E-01	 3.96698112E-01	 2.68051691E-01
 7.660000E-01	 6.22544113E-04	 9.84265194E-04	 1.70348540E-03	 3.13808008E-03	 6.06699800E-03	 1.19070433E-02	 2.33085865E-02	 9.80599435E-03	 9.43874604E-03	 8.09955321E-03	 2.87788313E-02	 5.76560343E-02	 1.03455445E-01	 1.71151383E-01	 2.59829152E-01	 3.59635349E-01	 4.46648213E-01	 4.96194057E-01	 3.50951986E-01	 2.33263704E-01
 7.670000E-01	 9.15108555E-04	 1.81144471E-03	 3.47689932E-03	 6.39050212E-03	 1.14598206E-02	 1.97791875E-02	 3.62776815E-02	 2.49440124E-02	 2.04182896E-02	 1.62779450E-02	 3.00158227E-02	 5.91659895E-02	 1.04947254E-01	 1.72139183E-01	 2.59058385E-01	 3.56267339E-01	 4.28859594E-01	 4.78527722E-01	 3.33190813E-01	 2.17885076E-01
 7.680000E-01	 2.40932276E-04	 8.51259223E-04	 2.22337612E-03	 4.95755885E-03	 1.00653181E-02	 1.87891668E-02	 3.66433274E-02	 3.21664577E-02	 2.55751771E-02	 2.06322789E-02	 3.30468887E-02	 6.44748773E-02	 1.13507332E-01	 1.84957002E-01	 2.76606069E-01	 3.78572835E-01	 4.50625534E-01	 4.95049776E-01	 3.40294339E-01	 2.20018702E-01
 7.690000E-01	-1.28371984E-03	-1.79951140E-03	-2.04469875E-03	-1.34628587E-03	 1.35113368E-03	 7.83282293E-03	 2.26579738E-02	 2.82083115E-02	 2.29262073E-02	 1.95466125E-02	 3.74984562E-02	 7.27261459E-02	 1.27454989E-01	 2.06731691E-01	 3.07895306E-01	 4.20036256E-01	 5.00370782E-01	 5.41616221E-01	 3.69491880E-01	 2.38350089E-01
 7.700000E-01	-3.13909546E-03	-5.33159010E-03	-8.15720272E-03	-1.09872787E-02	-1.28252530E-02	-1.11816527E-02	-3.81733971E-03	 1.05862343E-02	 1.11027861E-02	 1.17170944E-02	 4.27463232E-02	 8.27069900E-02	 1.44653208E-01	 2.34060239E-01	 3.47867913E-01	 4.73914233E-01	 5.67207164E-01	 6.13245266E-01	 4.17066246E-01	 2.70671655E-01
 7.710000E-01	-4.37319739E-03	-8.08642046E-03	-1.34404434E-02	-2.00213658E-02	-2.70167939E-02	-3.14734103E-02	-3.40271100E-02	-1.83322790E-02	-8.19166277E-03	-2.02420291E-03	 4.76705817E-02	 9.25136486E-02	 1.62101274E-01	 2.62588004E-01	 3.90628536E-01	 5.33088102E-01	 6.41909691E-01	 7.04977433E-01	 4.78521616E-01	 3.13742090E-01
 7.720000E-01	-3.90727587E-03	-8.05102005E-03	-1.44637456E-02	-2.31125310E-02	-3.34709490E-02	-4.28112604E-02	-5.38560631E-02	-4.95926684E-02	-2.89520679E-02	-1.75604887E-02	 5.08096161E-02	 9.96494641E-02	 1.75856635E-01	 2.86581786E-01	 4.28411383E-01	 5.88112488E-01	 7.13394936E-01	 8.09635331E-01	 5.47521960E-01	 3.62580209E-01
 7.730000E-01	-6.90084186E-04	-3.23056579E-03	-7.78369498E-03	-1.48283826E-02	-2.42158932E-02	-3.45346053E-02	-4.86062115E-02	-7.09376605E-02	-4.31692539E-02	-2.93379014E-02	 5.16823360E-02	 1.02901796E-01	 1.83436015E-01	 3.01634016E-01	 4.54039968E-01	 6.28460880E-01	 7.65570128E-01	 9.11697670E-01	 6.14945673E-01	 4.10813935E-01
 7.740000E-01	 5.81550581E-03	 7.69049249E-03	 9.24849057E-03	 9.52532433E-03	 8.28672603E-03	 4.39236319E-03	-1.99796823E-03	-6.32065207E-02	-3.92063742E-02	-2.89795687E-02	 5.17213881E-02	 1.03962893E-01	 1.86432099E-01	 3.08493732E-01	 4.66261425E-01	 6.49185092E-01	 7.85875288E-01	 9.86688189E-01	 6.67624881E-01	 4.48997033E-01
 7.750000E-01	 1.43100726E-02	 2.32624686E-02	 3.54249407E-02	 4.98073947E-02	 6.60723980E-02	 7.99660611E-02	 9.84545654E-02	 3.04057986E-03	 2.55436668E-04	-3.17656717E-03	 5.48304575E-02	 1.08872418E-01	 1.93533544E-01	 3.18488890E-01	 4.78677093E-01	 6.64173341E-01	 7.87120467E-01	 1.01680805E+00	 6.94502501E-01	 4.67397228E-01
 7.760000E-01	 1.98657302E-02	 3.58439193E-02	 5.97233914E-02	 9.16025619E-02	 1.31766014E-01	 1.74400282E-01	 2.35698454E-01	 1.48701552E-01	 8.79616138E-02	 5.95333466E-02	 6.80103170E-02	 1.29613603E-01	 2.23802813E-01	 3.59458095E-01	 5.29372261E-01	 7.20428763E-01	 8.28478955E-01	 1.02230916E+00	 7.05504368E-01	 4.69957552E-01
 7.770000E-01	 1.37970969E-02	 3.04323486E-02	 5.81055043E-02	 9.95398802E-02	 1.56688868E-01	 2.27072122E-01	 3.33116716E-01	 3.42876972E-01	 2.07084817E-01	 1.50134027E-01	 9.99314069E-02	 1.82338678E-01	 3.04771552E-01	 4.74439340E-01	 6.81017306E-01	 9.01522226E-01	 1.02231911E+00	 1.09470924E+00	 7.53501138E-01	 4.92128227E-01
 7.780000E-01	-1.30653674E-02	-1.08036326E-02	-7.80204583E-04	 2.33122999E-02	 6.59663160E-02	 1.35656842E-01	 2.50158347E-01	 4.58733086E-01	 2.84817603E-01	 2.17773300E-01	 1.56930170E-01	 2.80871327E-01	 4.62564581E-01	 7.08002365E-01	 1.00308343E+00	 1.30740024E+00	 1.50848012E+00	 1.40674829E+00	 9.43852173E-01	 6.11322016E-01
 7.790000E-01	-6.31786745E-02	-9.65110669E-02	-1.36904891E-01	-1.75694430E-01	-2.05913600E-01	-2.01528798E-01	-1.64799404E-01	 2.76755992E-01	 1.91631081E-01	 1.66312629E-01	 2.36182276E-01	 4.24967148E-01	 7.03157994E-01	 1.07867259E+00	 1.53389468E+00	 2.00709563E+00	 2.39454405E+00	 2.17679534E+00	 1.41231564E+00	 9.31918937E-01
 7.800000E-01	-1.23586023E-01	-2.10010414E-01	-3.31413377E-01	-4.81586636E-01	-6.52837882E-01	-8.02537429E-01	-9.62462077E-01	-4.24710529E-01	-2.09306258E-01	-1.11494890E-01	 3.18413259E-01	 5.86402358E-01	 9.88291851E-01	 1.54059753E+00	 2.22412690E+00	 2.96174799E+00	 3.65442658E+00	 3.56417077E+00	 2.26117263E+00	 1.53754418E+00
 7.810000E-01	-1.59948456E-01	-2.96066684E-01	-5.01351675E-01	-7.80396034E-01	-1.12865160E+00	-1.50216560E+00	-1.95318237E+00	-1.68666178E+00	-9.59276467E-01	-6.58727005E-01	 3.65688388E-01	 7.01657719E-01	 1.21887158E+00	 1.95162159E+00	 2.88289099E+00	 3.94045065E+00	 5.00527440E+00	 5.48519527E+00	 3.45708614E+00	 2.41569403E+00
 7.820000E-01	-1.20397882E-01	-2.62711926E-01	-4.95912974E-01	-8.44202773E-01	-1.31174438E+00	-1.88463329E+00	-2.60230514E+00	-3.13000965E+00	-1.86416453E+00	-1.34687224E+00	 3.28924709E-01	 6.80520210E-01	 1.24272079E+00	 2.07534223E+00	 3.16834607E+00	 4.48762633E+00	 5.84857775E+00	 7.41176334E+00	 4.71208745E+00	 3.36560939E+00
 7.830000E-01	 4.54315677E-02	-9.57268604E-03	-1.35664195E-01	-3.79389053E-01	-7.59217009E-01	-1.33011347E+00	-2.07344557E+00	-3.80052557E+00	-2.39093843E+00	-1.79082183E+00	 1.67654675E-01	 4.37589040E-01	 9.01559878E-01	 1.64475966E+00	 2.66838788E+00	 4.01150075E+00	 5.37626893E+00	 8.30775733E+00	 5.42929702E+00	 3.95024327E+00
 7.840000E-01	 3.53010414E-01	 5.14897288E-01	 6.96127805E-01	 8.39208914E-01	 9.08521853E-01	 7.54809342E-01	 4.78126690E-01	-2.31035389E+00	-1.71816060E+00	-1.37525664E+00	-1.23576001E-01	-5.95730562E-02	 1.11943350E-01	 4.87331222E-01	 1.08090618E+00	 2.02270547E+00	 2.89042881E+00	 6.87744531E+00	 4.81240542E+00	 3.56748027E+00
 7.850000E-01	 7.48773581E-01	 1.24657721E+00	 1.93526736E+00	 2.77644963E+00	 3.72023109E+00	 4.53705814E+00	 5.36651930E+00	 2.55748269E+00	 9.55368983E-01	 5.22353604E-01	-4.96779859E-01	-7.49663775E-01	-1.05688498E+00	-1.34055730E+00	-1.57498894E+00	-1.55655444E+00	-1.76735917E+00	 2.15978003E+00	 2.18511297E+00	 1.68466339E+00
 7.860000E-01	 1.09824362E+00	 1.96894583E+00	 3.25535280E+00	 4.98163866E+00	 7.09392500E+00	 9.35109310E+00	 1.18032326E+01	 1.08772760E+01	 5.86252685E+00	 4.11927253E+00	-8.55140387E-01	-1.47321120E+00	-2.35900949E+00	-3.49120020E+00	-4.83822287E+00	-6.17967059E+00	-7.90936980E+00	-5.76239405E+00	-2.57010262E+00	-1.82311926E+00
 7.870000E-01	 1.21471709E+00	 2.34521299E+00	 4.09567708E+00	 6.59229447E+00	 9.79430574E+00	 1.35611616E+01	 1.76719462E+01	 2.07328480E+01	 1.21207839E+01	 8.80144101E+00	-1.08352896E+00	-2.01600254E+00	-3.42914481E+00	-5.39025609E+00	-7.86988718E+00	-1.07107018E+01	-1.40298606E+01	-1.53624985E+01	-8.70949030E+00	-6.42929111E+00
 7.880000E-01	 9.27244975E-01	 2.02775673E+00	 3.82649359E+00	 6.56214228E+00	 1.02276369E+01	 1.48966621E+01	 1.99419937E+01	 2.81362538E+01	 1.75530380E+01	 1.29649627E+01	-1.09329427E+00	-2.18643278E+00	-3.90719843E+00	-6.42139621E+00	-9.70980860E+00	-1.37486612E+01	-1.82320701E+01	-2.39091792E+01	-1.46749327E+01	-1.09742556E+01
 7.890000E-01	 1.66877921E-01	 8.16734224E-01	 2.01748827E+00	 4.08083196E+00	 7.05147254E+00	 1.12738103E+01	 1.57472666E+01	 2.81177942E+01	 1.91538681E+01	 1.43462370E+01	-8.63628709E-01	-1.89823302E+00	-3.58679366E+00	-6.17116816E+00	-9.64776251E+00	-1.41532573E+01	-1.89353447E+01	-2.83768836E+01	-1.85495996E+01	-1.40012582E+01
 7.900000E-01	-9.65878194E-01	-1.19492324E+00	-1.29011345E+00	-9.59878396E-01	-9.97120716E-02	 1.85722444E+00	 3.81100962E+00	 1.68476737E+01	 1.42096315E+01	 1.08586822E+01	-4.60633605E-01	-1.22332482E+00	-2.52743100E+00	-4.63869722E+00	-7.56926643E+00	-1.15810149E+01	-1.56097597E+01	-2.67436157E+01	-1.87913498E+01	-1.43106385E+01
 7.910000E-01	-2.18868300E+00	-3.56229429E+00	-5.43718227E+00	-7.66679976E+00	-1.00961810E+01	-1.20970538E+01	-1.43973108E+01	-6.01647391E+00	 1.71199232E+00	 1.67084639E+00	-1.74653577E-02	-3.78005876E-01	-1.05985113E+00	-2.28772613E+00	-4.08344260E+00	-6.74688409E+00	-9.15771358E+00	-1.90905576E+01	-1.49632784E+01	-1.15204044E+01
 7.920000E-01	-3.09553450E+00	-5.55780049E+00	-9.21676773E+00	-1.41835060E+01	-2.02838225E+01	-2.70582764E+01	-3.43688396E+01	-3.59064532E+01	-1.65806830E+01	-1.19635402E+01	 3.18237593E-01	 3.59070657E-01	 3.34761548E-01	 1.14431928E-01	-3.22224736E-01	-1.21053575E+00	-1.64707548E+00	-7.81693506E+00	-8.08340339E+00	-6.35439434E+00
 7.930000E-01	-3.28403311E+00	-6.38034673E+00	-1.11968960E+01	-1.81502419E+01	-2.70977932E+01	-3.79625330E+01	-4.94658177E+01	-6.37340786E+01	-3.60024493E+01	-2.65760543E+01	 4.42753478E-01	 7.55746180E-01	 1.21147086E+00	 1.79278139E+00	 2.49406268E+00	 3.21845584E+00	 4.48109336E+00	 3.25063145E+00	-3.14518450E-01	-4.29124170E-01
 7.940000E-01	-2.52982451E+00	-5.47669791E+00	-1.02654619E+01	-1.75612451E+01	-2.73101552E+01	-3.99133432E+01	-5.30910953E+01	-7.84675920E+01	-5.00032373E+01	-3.72499998E+01	 3.38157649E-01	 7.19253429E-01	 1.33899492E+00	 2.27350334E+00	 3.54220197E+00	 5.20133718E+00	 7.37474102E+00	 1.04240293E+01	 5.87058997E+00	 4.37496219E+00
 7.950000E-01	-9.33810051E-01	-2.85237364E+00	-6.20769194E+00	-1.17479017E+01	-1.95483656E+01	-3.03972143E+01	-4.16082731E+01	-7.15688154E+01	-5.23154981E+01	-3.92504266E+01	 8.30344413E-02	 3.39707243E-01	 8.03054087E-01	 1.59119817E+00	 2.75075489E+00	 4.44246036E+00	 6.54701122E+00	 1.17242591E+01	 8.66172095E+00	 6.65902720E+00
 7.960000E-01	 1.06016313E+00	 8.20580808E-01	 1.63573473E-02	-1.95628467E+00	-5.30317237E+00	-1.09343836E+01	-1.66320002E+01	-4.15917230E+01	-3.97370133E+01	-3.01117149E+01	-1.82453455E-01	-1.49792749E-01	-3.09592830E-02	 2.75512922E-01	 8.34696872E-01	 1.82624611E+00	 3.09925104E+00	 7.78137794E+00	 7.65459317E+00	 6.07496296E+00
 7.970000E-01	 2.81119486E+00	 4.39946827E+00	 6.51344826E+00	 8.89801474E+00	 1.12657211E+01	 1.29195870E+01	 1.48079263E+01	 3.77246778E+00	-1.41913097E+01	-1.11949051E+01	-3.29118535E-01	-4.93905077E-01	-7.07094213E-01	-9.22982289E-01	-1.07463867E+00	-1.04047728E+00	-8.37910476E-01	 1.50041108E+00	 4.02165117E+00	 3.45624640E+00
 7.980000E-01	 3.73298431E+00	 6.70418072E+00	 1.11560648E+01	 1.72774327E+01	 2.47878211E+01	 3.34611919E+01	 4.26162336E+01	 4.98499720E+01	 1.72560862E+01	 1.22838011E+01	-3.07780194E-01	-5.51609952E-01	-9.23070472E-01	-1.43565109E+00	-2.03692171E+00	-2.69262787E+00	-3.24179836E+00	-3.51993372E+00	-7.07793025E-02	 3.94355136E-01
 7.990000E-01	 3.54241724E+00	 7.00718118E+00	 1.24559387E+01	 2.04624219E+01	 3.08499133E+01	 4.39271476E+01	 5.76490973E+01	 8.07820189E+01	 4.47032352E+01	 3.29686703E+01	-1.70928515E-01	-3.64492525E-01	-6.82049394E-01	-1.16810751E+00	-1.79186974E+00	-2.57915419E+00	-3.26217158E+00	-4.97400642E+00	-2.58268188E+00	-1.58282158E+00
 8.000000E-01	 2.37595311E+00	 5.33469571E+00	 1.01843576E+01	 1.76918583E+01	 2.78492931E+01	 4.13467808E+01	 5.55611331E+01	 8.64153528E+01	 5.92570939E+01	 4.42088822E+01	-3.29697802E-02	-1.14756551E-01	-2.59871029E-01	-5.05640121E-01	-8.36787166E-01	-1.28130378E+00	-1.57803352E+00	-3.03497347E+00	-2.67061396E+00	-1.80087416E+00
 8.010000E-01	 7.07914965E-01	 2.41358767E+00	 5.40121889E+00	 1.03860855E+01	 1.75340706E+01	 2.76298291E+01	 3.84225668E+01	 6.66132753E+01	 5.67115726E+01	 4.27799512E+01	 8.02801442E-03	 3.32142098E-03	-4.99939108E-03	-2.43930338E-02	-4.02443019E-02	-3.67219888E-02	 1.74708378E-01	 2.05908840E-02	-1.06134632E+00	-7.28723765E-01
 8.020000E-01	-8.62268357E-01	-6.68781699E-01	-6.25231094E-02	 1.41830752E+00	 4.05425213E+00	 8.44115356E+00	 1.33962636E+01	 3.06364444E+01	 3.90842499E+01	 3.00622087E+01	-5.56268698E-02	-7.29480177E-02	-8.44906967E-02	-7.49370951E-02	-1.89739093E-02	 1.44673370E-01	 5.49785285E-01	 1.48148675E+00	 4.96864860E-01	 4.03954507E-01
 8.030000E-01	-1.83604542E+00	-2.89201250E+00	-4.34782227E+00	-6.08658169E+00	-7.81454969E+00	-9.29188432E+00	-1.04568829E+01	-7.49314558E+00	 1.33554740E+01	 1.11445335E+01	-1.02205316E-01	-1.79603765E-01	-2.93855841E-01	-4.39448187E-01	-5.88131265E-01	-6.82475099E-01	-5.90783682E-01	 1.59658758E-01	 3.57399336E-01	 4.27455973E-01
 8.040000E-01	-1.98322012E+00	-3.66164812E+00	-6.24006127E+00	-9.91023604E+00	-1.44692946E+01	-2.00393570E+01	-2.56544083E+01	-3.48286681E+01	-1.15066573E+01	-7.37917155E+00	 9.52169712E-02	 6.15298098E-02	-3.90351429E-02	-2.46964237E-01	-5.68114285E-01	-1.02647803E+00	-1.51082109E+00	-2.31471089E+00	-1.83273039E+00	-9.10390125E-01
 8.050000E-01	-1.40617169E+00	-2.99024250E+00	-5.55239205E+00	-9.45935300E+00	-1.46630952E+01	-2.15168139E+01	-2.87787538E+01	-4.40959926E+01	-2.77810534E+01	-1.98136068E+01	 7.69240766E-01	 1.09219455E+00	 1.44702636E+00	 1.73916341E+00	 1.86792386E+00	 1.66637253E+00	 1.04369993E+00	-1.52618393E+00	-4.32463453E+00	-2.39654080E+00
 8.060000E-01	-4.85011078E-01	-1.45179842E+00	-3.11356537E+00	-5.84053824E+00	-9.73483812E+00	-1.51827339E+01	-2.12595783E+01	-3.56519225E+01	-3.14331639E+01	-2.31583982E+01	 2.00009820E+00	 3.14827210E+00	 4.67231679E+00	 6.47213790E+00	 8.29638966E+00	 9.83850581E+00	 1.04611442E+01	 8.06372826E+00	-3.23172275E+00	-1.37822795E+00
 8.070000E-01	 2.70137980E-01	 5.36231051E-02	-4.09736238E-01	-1.35054283E+00	-2.94477701E+00	-5.42967165E+00	-8.47924478E+00	-1.66098475E+01	-2.31921085E+01	-1.78674211E+01	 3.55319077E+00	 5.95609483E+00	 9.36370958E+00	 1.37848204E+01	 1.88156466E+01	 2.41080023E+01	 2.81156980E+01	 3.00397221E+01	 6.37174149E+00	 5.42829367E+00
 8.080000E-01	 4.25317626E-01	 6.62403059E-01	 1.01258248E+00	 1.44626105E+00	 1.83271754E+00	 2.17949291E+00	 2.35536875E+00	 2.15463026E+00	-8.27323950E+00	-7.58059830E+00	 4.78952616E+00	 8.52647888E+00	 1.40674101E+01	 2.16861225E+01	 3.09325011E+01	 4.15999601E+01	 5.11326696E+01	 6.24384939E+01	 2.80901137E+01	 2.03103197E+01
 8.090000E-01	-1.66128205E-01	-5.61626448E-02	 2.30228600E-01	 8.18579124E-01	 1.72819078E+00	 3.18366004E+00	 5.05573608E+00	 1.02618599E+01	 5.16555532E+00	 2.04623547E+00	 4.72625929E+00	 9.18644192E+00	 1.61079142E+01	 2.61646294E+01	 3.91029234E+01	 5.50726054E+01	 7.09871107E+01	 9.50644097E+01	 6.09391323E+01	 4.23929362E+01
 8.100000E-01	-1.22523586E+00	-1.80447425E+00	-2.50606740E+00	-3.18918707E+00	-3.66236953E+00	-3.62574217E+00	-2.72184237E+00	 2.30801950E+00	 8.80377606E+00	 5.30052793E+00	 2.32342870E+00	 5.99452746E+00	 1.21604238E+01	 2.19141637E+01	 3.55433153E+01	 5.37089893E+01	 7.40325260E+01	 1.09344177E+02	 9.59862380E+01	 6.55381175E+01
 8.110000E-01	-2.06197041E+00	-3.50743342E+00	-5.59878576E+00	-8.35855150E+00	-1.15315769E+01	-1.49436294E+01	-1.76034829E+01	-1.88217304E+01	-2.17409691E+00	-1.12979913E+00	-2.98681652E+00	-2.39928813E+00	-4.22978553E-01	 4.25414431E+00	 1.27782140E+01	 2.63102443E+01	 4.50108741E+01	 8.23919586E+01	 1.14535190E+02	 7.73546828E+01
 8.120000E-01	-1.79229227E+00	-3.61116072E+00	-6.49371661E+00	-1.07552426E+01	-1.63079248E+01	-2.32778044E+01	-3.04891034E+01	-4.12335763E+01	-2.54152733E+01	-1.58126078E+01	-1.06524617E+01	-1.56108105E+01	-2.17306878E+01	-2.79618232E+01	-3.22297535E+01	-3.31264744E+01	-2.61876207E+01	-3.89578245E+00	 9.04537790E+01	 6.08887721E+01
 8.130000E-01	 2.47034862E-01	-7.47383627E-01	-2.69367875E+00	-6.18242901E+00	-1.15567100E+01	-1.93015406E+01	-2.90702269E+01	-4.69902514E+01	-4.92487211E+01	-3.12865997E+01	-1.84880622E+01	-3.04866876E+01	-4.74312792E+01	-6.92535976E+01	-9.33770152E+01	-1.18636090E+02	-1.35671960E+02	-1.50056473E+02	-1.08795570E+00	 3.44949756E-01
 8.140000E-01	 3.97830978E+00	 5.35812576E+00	 6.75536336E+00	 7.53682239E+00	 6.80052789E+00	 3.82027531E+00	-3.02679457E+00	-1.91150004E+01	-5.40440979E+01	-3.50254234E+01	-2.26589125E+01	-4.07786246E+01	-6.78768355E+01	-1.05626998E+02	-1.52017235E+02	-2.06737985E+02	-2.57312543E+02	-3.26205562E+02	-1.68009739E+02	-1.09094616E+02
 8.150000E-01	 8.17325400E+00	 1.30612035E+01	 1.97825769E+01	 2.80966997E+01	 3.67407709E+01	 4.50396770E+01	 4.89117549E+01	 4.82495739E+01	-1.90149070E+01	-1.37311877E+01	-1.86027151E+01	-3.83162210E+01	-6.94851252E+01	-1.15941986E+02	-1.77802637E+02	-2.56127340E+02	-3.40046065E+02	-4.65573900E+02	-3.81496220E+02	-2.49210318E+02
 8.160000E-01	 1.04870286E+01	 1.86132035E+01	 3.06873308E+01	 4.73565970E+01	 6.76188781E+01	 9.12285471E+01	 1.12599388E+02	 1.39722921E+02	 6.50246487E+01	 3.88653500E+01	-3.05813853E+00	-1.61521993E+01	-3.93979093E+01	-7.83783909E+01	-1.36816927E+02	-2.17286121E+02	-3.17356115E+02	-4.74235849E+02	-5.61288709E+02	-3.69860228E+02
 8.170000E-01	 8.20554170E+00	 1.71436134E+01	 3.13541636E+01	 5.26540204E+01	 8.12157285E+01	 1.17527621E+02	 1.57171815E+02	 2.14811146E+02	 1.80596266E+02	 1.12825763E+02	 2.33883727E+01	 2.70178357E+01	 2.73208589E+01	 1.85540556E+01	-7.06236239E+00	-5.32118520E+01	-1.32209107E+02	-2.63868939E+02	-5.82482707E+02	-3.92691773E+02
 8.180000E-01	-3.52382714E-01	 4.87640374E+00	 1.45987253E+01	 3.15513160E+01	 5.78664459E+01	 9.48343325E+01	 1.42866027E+02	 2.16833216E+02	 2.75293880E+02	 1.76666375E+02	 5.44971609E+01	 8.30891428E+01	 1.20783213E+02	 1.64370384E+02	 2.03537556E+02	 2.34367478E+02	 2.27876584E+02	 1.98206064E+02	-3.16828568E+02	-2.35372959E+02
 8.190000E-01	-1.42992498E+01	-1.81137562E+01	-2.12314648E+01	-2.09654286E+01	-1.31730176E+01	 3.99995988E+00	 3.86348619E+01	 9.66714431E+01	 2.71343715E+02	 1.82307606E+02	 7.87195738E+01	 1.33885264E+02	 2.13679903E+02	 3.20497775E+02	 4.45318733E+02	 5.85022344E+02	 6.99731537E+02	 8.41332956E+02	 2.94717795E+02	 1.45025182E+02
 8.200000E-01	-2.94006890E+01	-4.60229031E+01	-6.85578939E+01	-9.59222013E+01	-1.23130143E+02	-1.48225806E+02	-1.55648978E+02	-1.55060915E+02	 9.86986476E+01	 8.39595283E+01	 8.25233746E+01	 1.55459955E+02	 2.66527291E+02	 4.25836249E+02	 6.30948255E+02	 8.80317830E+02	 1.13708015E+03	 1.47461265E+03	 1.16472985E+03	 7.04077266E+02
 8.210000E-01	-3.88629001E+01	-6.78320134E+01	-1.10385357E+02	-1.68633385E+02	-2.39101835E+02	-3.20235041E+02	-3.93544703E+02	-4.83088850E+02	-2.56524005E+02	-1.32882034E+02	 5.59312819E+01	 1.26843220E+02	 2.40893497E+02	 4.15591931E+02	 6.59751756E+02	 9.73732979E+02	 1.34179911E+03	 1.82502957E+03	 2.02459321E+03	 1.28448203E+03
 8.220000E-01	-3.57561422E+01	-7.07257325E+01	-1.24936971E+02	-2.04495058E+02	-3.10213252E+02	-4.41324631E+02	-5.84583469E+02	-7.67502871E+02	-7.12439875E+02	-4.25736619E+02	-2.02519632E+00	 3.99546738E+01	 1.16095769E+02	 2.47645854E+02	 4.56095542E+02	 7.43751272E+02	 1.13088604E+03	 1.62918981E+03	 2.47389039E+03	 1.63942251E+03
 8.230000E-01	-1.62784456E+01	-4.54948713E+01	-9.41508796E+01	-1.71587917E+02	-2.84762824E+02	-4.33944072E+02	-6.19862879E+02	-8.56859636E+02	-1.08891842E+03	-6.89787965E+02	-8.03768251E+01	-9.34231350E+01	-9.72122422E+01	-7.34973207E+01	 8.10363310E+00	 1.51928068E+02	 4.17890389E+02	 7.48091744E+02	 2.11745894E+03	 1.51029712E+03
 8.240000E-01	 1.74933272E+01	 8.11029143E+00	-1.30853416E+01	-5.60586344E+01	-1.33471872E+02	-2.46816056E+02	-4.15724139E+02	-6.27925853E+02	-1.15859964E+03	-7.83720033E+02	-1.57508749E+02	-2.41020105E+02	-3.52679910E+02	-4.85368126E+02	-6.08937862E+02	-7.16690703E+02	-7.21462110E+02	-7.38402440E+02	 7.50656974E+02	 7.37867015E+02
 8.250000E-01	 5.67900681E+01	 7.85689168E+01	 1.03864781E+02	 1.26063725E+02	 1.30201071E+02	 1.13358053E+02	 3.95727331E+01	-5.12961005E+01	-7.43899335E+02	-5.84706497E+02	-2.06949007E+02	-3.57306940E+02	-5.76772868E+02	-8.76079933E+02	-1.23748966E+03	-1.65158104E+03	-2.03083082E+03	-2.50148560E+03	-1.48137344E+03	-6.34042305E+02
 8.260000E-01	 8.80248319E+01	 1.44076881E+02	 2.23333601E+02	 3.26581671E+02	 4.42323079E+02	 5.66090266E+02	 6.56537530E+02	 7.65780856E+02	 1.76260059E+02	-5.38873699E+01	-2.05987919E+02	-3.96928462E+02	-6.88885057E+02	-1.11277417E+03	-1.67422331E+03	-2.36139593E+03	-3.11942850E+03	-4.02236717E+03	-4.03409644E+03	-2.31313602E+03
 8.270000E-01	 9.72296186E+01	 1.78795177E+02	 3.01457887E+02	 4.75781173E+02	 6.99917780E+02	 9.68126425E+02	 1.24989597E+03	 1.58275946E+03	 1.39970694E+03	 7.16785421E+02	-1.44849794E+02	-3.31173117E+02	-6.28752860E+02	-1.08450388E+03	-1.73229913E+03	-2.55958614E+03	-3.57049873E+03	-4.73418890E+03	-6.06852588E+03	-3.80409470E+03
 8.280000E-01	 7.60719132E+01	 1.62905356E+02	 2.99781837E+02	 5.06176114E+02	 7.93716409E+02	 1.15635488E+03	 1.58934361E+03	 2.08915871E+03	 2.51833097E+03	 1.50210966E+03	-3.34659785E+01	-1.62791959E+02	-3.84106116E+02	-7.49484037E+02	-1.31627910E+03	-2.07440224E+03	-3.09410704E+03	-4.22380534E+03	-6.70932737E+03	-4.54443491E+03
 8.290000E-01	 2.68655068E+01	 9.26895800E+01	 2.03292540E+02	 3.82428507E+02	 6.54236709E+02	 1.01405418E+03	 1.48908434E+03	 2.02290209E+03	 3.04595205E+03	 2.00184549E+03	 9.87898496E+01	 6.90677360E+01	-4.99507951E+00	-1.65781606E+02	-4.79503212E+02	-9.42452552E+02	-1.67277468E+03	-2.43318278E+03	-5.40616654E+03	-4.10730226E+03
 8.300000E-01	-3.67357103E+01	-1.52082558E+01	 3.09350505E+01	 1.22460140E+02	 2.89617716E+02	 5.31182348E+02	 8.99399022E+02	 1.29755241E+03	 2.63017811E+03	 1.95497811E+03	 2.12651927E+02	 2.99796666E+02	 4.07477913E+02	 5.16926751E+02	 5.73341554E+02	 5.70803065E+02	 3.81963688E+02	 2.50864731E+02	-2.24945365E+03	-2.40677519E+03
 8.310000E-01	-9.43736112E+01	-1.28468820E+02	-1.68140461E+02	-2.02955122E+02	-2.06494806E+02	-1.74924346E+02	-4.92530831E+01	 6.87599573E+01	 1.24764272E+03	 1.26550262E+03	 2.73608543E+02	 4.62056129E+02	 7.35161571E+02	 1.10548564E+03	 1.54817741E+03	 2.04684934E+03	 2.50911888E+03	 3.09326575E+03	 1.95674856E+03	 2.03703378E+02
 8.320000E-01	-1.26898854E+02	-2.10950675E+02	-3.31752252E+02	-4.93686959E+02	-6.83827958E+02	-8.93062604E+02	-1.07776997E+03	-1.30165212E+03	-7.31795645E+02	 7.29617397E+01	 2.64807370E+02	 5.10154776E+02	 8.84912350E+02	 1.43123596E+03	 2.16370047E+03	 3.05821085E+03	 4.08862320E+03	 5.26204109E+03	 5.94412632E+03	 3.01353867E+03
 8.330000E-01	-1.24008719E+02	-2.36672023E+02	-4.08341611E+02	-6.57874593E+02	-9.91154467E+02	-1.39558585E+03	-1.85901724E+03	-2.37659732E+03	-2.66339336E+03	-1.27594758E+03	 1.92745960E+02	 4.35980281E+02	 8.21533265E+02	 1.41029330E+03	 2.25277338E+03	 3.32325970E+03	 4.66744206E+03	 6.13253249E+03	 8.45784568E+03	 5.19660239E+03
 8.340000E-01	-8.78845662E+01	-1.99323477E+02	-3.76180449E+02	-6.46597315E+02	-1.03397382E+03	-1.52576881E+03	-2.14450093E+03	-2.81405788E+03	-3.88614799E+03	-2.35215392E+03	 8.30140677E+01	 2.69134844E+02	 5.76594454E+02	 1.06888302E+03	 1.81747304E+03	 2.80250502E+03	 4.12075730E+03	 5.51118578E+03	 8.74995603E+03	 6.11589717E+03
 8.350000E-01	-3.12995376E+01	-1.13042209E+02	-2.49256689E+02	-4.69262475E+02	-8.06671488E+02	-1.25308656E+03	-1.85551445E+03	-2.49334337E+03	-3.99429651E+03	-2.81144666E+03	-3.10961865E+01	 6.23971630E+01	 2.30582315E+02	 5.23751107E+02	 1.01386545E+03	 1.69296735E+03	 2.67275038E+03	 3.67235071E+03	 6.84511507E+03	 5.55358261E+03
 8.360000E-01	 2.78717116E+01	-5.75333185E+00	-6.96213299E+01	-1.86123562E+02	-3.88751704E+02	-6.76273253E+02	-1.10194504E+03	-1.54437141E+03	-2.98587035E+03	-2.52132523E+03	-1.20257356E+02	-1.27860096E+02	-1.18420482E+02	-6.54338534E+01	 8.49829347E+01	 3.39032036E+02	 7.87210984E+02	 1.21617223E+03	 3.46487486E+03	 3.75734893E+03
 8.370000E-01	 7.29301922E+01	 9.10494499E+01	 1.08561578E+02	 1.15430420E+02	 8.78047318E+01	 1.90949746E+01	-1.31817507E+02	-2.84019937E+02	-1.23648072E+03	-1.59529000E+03	-1.66781208E+02	-2.58204922E+02	-3.85386841E+02	-5.48479575E+02	-7.22705994E+02	-8.90074715E+02	-1.00464006E+03	-1.15877880E+03	-3.00365339E+02	 1.30839201E+03
 8.380000E-01	 9.34306147E+01	 1.52534807E+02	 2.37322451E+02	 3.51378354E+02	 4.86072857E+02	 6.29064266E+02	 7.62973638E+02	 9.05817990E+02	 6.67210123E+02	-3.36179445E+02	-1.67495414E+02	-3.08226994E+02	-5.20496113E+02	-8.26584553E+02	-1.23209043E+03	-1.71326138E+03	-2.27352399E+03	-2.87888772E+03	-3.39762460E+03	-1.10045569E+03
 8.390000E-01	 8.75327049E+01	 1.67343031E+02	 2.89060638E+02	 4.67099213E+02	 7.08357606E+02	 9.98791145E+02	 1.34631747E+03	 1.70899807E+03	 2.15377349E+03	 8.80229659E+02	-1.31794359E+02	-2.82089016E+02	-5.17147425E+02	-8.72016827E+02	-1.37553665E+03	-2.00557543E+03	-2.80326789E+03	-3.64419394E+03	-5.13954572E+03	-2.88786151E+03
 8.400000E-01	 6.12741361E+01	 1.39156616E+02	 2.62259100E+02	 4.50394360E+02	 7.21697792E+02	 1.06488642E+03	 1.50586096E+03	 1.96613777E+03	 2.85759101E+03	 1.73278275E+03	-7.64572912E+01	-2.02610119E+02	-4.05673146E+02	-7.22787324E+02	-1.19424792E+03	-1.80561679E+03	-2.61511524E+03	-3.46425079E+03	-5.34974273E+03	-3.73488996E+03
 8.410000E-01	 2.55712803E+01	 8.34250658E+01	 1.78275002E+02	 3.29325393E+02	 5.59146505E+02	 8.62417837E+02	 1.27109928E+03	 1.70183879E+03	 2.70919082E+03	 2.04620632E+03	-1.96039212E+01	-1.01392432E+02	-2.37865521E+02	-4.59474568E+02	-8.05882956E+02	-1.27319782E+03	-1.91597269E+03	-2.59479548E+03	-4.31341015E+03	-3.62554212E+03
 8.420000E-01	-7.97948984E+00	 2.06612525E+01	 7.10338481E+01	 1.57073287E+02	 2.99031331E+02	 4.98439399E+02	 7.81930325E+02	 1.08821115E+03	 1.91156545E+03	 1.82380135E+03	 2.46383657E+01	-8.16377651E+00	-6.80040999E+01	-1.73724070E+02	-3.55425354E+02	-6.18930305E+02	-1.00095631E+03	-1.41454264E+03	-2.59555794E+03	-2.79171155E+03
 8.430000E-01	-3.09471620E+01	-3.10267326E+01	-2.60679619E+01	-9.58274402E+00	 3.17373818E+01	 1.04814376E+02	 2.24051861E+02	 3.63778897E+02	 8.25511264E+02	 1.22020519E+03	 4.92984821E+01	 5.73380349E+01	 6.33194040E+01	 6.06945086E+01	 3.29845127E+01	-3.17681227E+01	-1.47719677E+02	-2.88429229E+02	-8.09100767E+02	-1.59953240E+03
 8.440000E-01	-4.00190308E+01	-6.10534908E+01	-9.04537362E+01	-1.28793285E+02	-1.71265478E+02	-2.08523122E+02	-2.39416024E+02	-2.55599685E+02	-1.81764802E+02	 4.68409502E+02	 5.46366152E+01	 8.83211886E+01	 1.37149555E+02	 2.04312627E+02	 2.86355419E+02	 3.69809881E+02	 4.59510716E+02	 5.34059994E+02	 5.82206019E+02	-4.18008218E+02
 8.450000E-01	-3.67336857E+01	-6.77267655E+01	-1.14624319E+02	-1.82882179E+02	-2.74991355E+02	-3.82371001E+02	-5.13460956E+02	-6.38297381E+02	-8.58227926E+02	-2.06839308E+02	 4.58896358E+01	 8.90157421E+01	 1.55179785E+02	 2.53197590E+02	 3.88954283E+02	 5.51431013E+02	 7.56316884E+02	 9.57334037E+02	 1.36150196E+03	 4.84754675E+02
 8.460000E-01	-2.56888921E+01	-5.63718902E+01	-1.04430371E+02	-1.77366880E+02	-2.82131439E+02	-4.13189576E+02	-5.82874288E+02	-7.55423581E+02	-1.11850246E+03	-6.55064735E+02	 3.01984391E+01	 7.00201514E+01	 1.32850757E+02	 2.29074785E+02	 3.69171233E+02	 5.46773343E+02	 7.79894339E+02	 1.01975243E+03	 1.54801135E+03	 9.88467333E+02
 8.470000E-01	-1.22255439E+01	-3.56545558E+01	-7.34125751E+01	-1.32576596E+02	-2.21414624E+02	-3.38244879E+02	-4.94201204E+02	-6.60444753E+02	-1.02398567E+03	-8.26934048E+02	 1.39293802E+01	 4.31770855E+01	 9.04224392E+01	 1.64685933E+02	 2.76901065E+02	 4.25595133E+02	 6.25089339E+02	 8.38899768E+02	 1.31389866E+03	 1.11044489E+03
 8.480000E-01	-5.79253554E-01	-1.39295330E+01	-3.63276601E+01	-7.29008470E+01	-1.30799848E+02	-2.11636979E+02	-3.22409999E+02	-4.47485698E+02	-7.17990290E+02	-7.61492261E+02	 1.16451674E+00	 1.78265045E+01	 4.56047152E+01	 9.07025102E+01	 1.61865967E+02	 2.61320430E+02	 3.97162504E+02	 5.50575585E+02	 8.79566129E+02	 9.57131268E+02
 8.490000E-01	 6.97534188E+00	 3.07226509E+00	-4.45875976E+00	-1.83121229E+01	-4.32349607E+01	-8.27658911E+01	-1.39206729E+02	-2.10054929E+02	-3.53859733E+02	-5.48568558E+02	-6.52333448E+00	-7.60275448E-01	 9.72515245E+00	 2.81368281E+01	 5.99966941E+01	 1.09422569E+02	 1.78636154E+02	 2.64448089E+02	 4.31319366E+02	 6.64555067E+02
 8.500000E-01	 1.00749396E+01	 1.29394997E+01	 1.63620934E+01	 1.97744750E+01	 2.10347883E+01	 1.61908719E+01	 6.51425004E+00	-1.44841979E+01	-4.51748925E+01	-2.87255053E+02	-9.47514582E+00	-1.11483160E+01	-1.27379771E+01	-1.34339343E+01	-1.07650591E+01	-3.99160855E-01	 1.59334763E+01	 4.48880311E+01	 8.21317623E+01	 3.51399375E+02
 8.510000E-01	 9.66938961E+00	 1.60382891E+01	 2.53882582E+01	 3.85667534E+01	 5.55134490E+01	 7.30129191E+01	 9.41194719E+01	 1.08682242E+02	 1.52802094E+02	-5.54332947E+01	-9.06083071E+00	-1.45283341E+01	-2.25035931E+01	-3.36712817E+01	-4.77938490E+01	-6.14417496E+01	-7.80693492E+01	-8.73255668E+01	-1.28995792E+02	 9.48183639E+01
 8.520000E-01	 7.25525446E+00	 1.43455695E+01	 2.52123474E+01	 4.13535132E+01	 6.39688731E+01	 9.11413930E+01	 1.26099430E+02	 1.59361181E+02	 2.36307887E+02	 1.04028224E+02	-6.87798785E+00	-1.32776111E+01	-2.30660380E+01	-3.75875628E+01	-5.78713858E+01	-8.18445354E+01	-1.12971156E+02	-1.41672555E+02	-2.15401082E+02	-7.27618962E+01
 8.530000E-01	 4.24468488E+00	 1.02612156E+01	 1.97158856E+01	 3.41586545E+01	 5.52670934E+01	 8.24349934E+01	 1.18077124E+02	 1.55740495E+02	 2.33163810E+02	 1.82005931E+02	-4.23489371E+00	-9.81524956E+00	-1.85514363E+01	-3.18528567E+01	-5.12081819E+01	-7.58288689E+01	-1.08270378E+02	-1.41926293E+02	-2.15406609E+02	-1.53292591E+02
 8.540000E-01	 1.61090501E+00	 5.77530807E+00	 1.24733693E+01	 2.29567766E+01	 3.88208776E+01	 6.04322317E+01	 8.90682211E+01	 1.21787210E+02	 1.81633501E+02	 1.92728767E+02	-1.94480262E+00	-5.96026452E+00	-1.23654700E+01	-2.23113694E+01	-3.72193255E+01	-5.72242857E+01	-8.37458858E+01	-1.13489450E+02	-1.70382305E+02	-1.67842965E+02
 8.550000E-01	-1.92295252E-01	 2.10285927E+00	 5.91745728E+00	 1.20802979E+01	 2.18099334E+01	 3.59875677E+01	 5.49008352E+01	 7.83907370E+01	 1.15290552E+02	 1.60893326E+02	-3.49317084E-01	-2.75035938E+00	-6.66661184E+00	-1.28827691E+01	-2.24962641E+01	-3.61353465E+01	-5.42787722E+01	-7.62144334E+01	-1.12393330E+02	-1.42962235E+02
 8.560000E-01	-1.12491030E+00	-2.96860036E-01	 1.20100726E+00	 3.80243616E+00	 8.27276436E+00	 1.56039481E+01	 2.54568040E+01	 3.92705703E+01	 5.60030292E+01	 1.11053560E+02	 5.40945254E-01	-5.60054580E-01	-2.43167038E+00	-5.51698762E+00	-1.05287673E+01	-1.82307161E+01	-2.85140426E+01	-4.21801786E+01	-6.05041478E+01	-1.01768879E+02
 8.570000E-01	-1.38258076E+00	-1.49262907E+00	-1.51223345E+00	-1.30149189E+00	-4.89740510E-01	 1.76232377E+00	 4.85958578E+00	 1.07566913E+01	 1.35622551E+01	 6.14567582E+01	 8.84617982E-01	 6.59672105E-01	 1.91049391E-01	-7.05969801E-01	-2.40889831E+00	-5.58852226E+00	-9.88104301E+00	-1.66603669E+01	-2.25701880E+01	-6.00736212E+01
 8.580000E-01	-1.23360642E+00	-1.81112371E+00	-2.61633875E+00	-3.68839594E+00	-4.93632967E+00	-5.78709145E+00	-6.82620555E+00	-6.29781125E+00	-1.10581937E+01	 2.22385273E+01	 8.84086977E-01	 1.15086086E+00	 1.48887999E+00	 1.87924683E+00	 2.18813572E+00	 1.94062241E+00	 1.52544267E+00	-3.84357393E-01	 8.25549783E-01	-2.62279569E+01
 8.590000E-01	-9.13306391E-01	-1.62541496E+00	-2.68672687E+00	-4.22056938E+00	-6.29864164E+00	-8.61532527E+00	-1.16119407E+01	-1.40511401E+01	-2.15676866E+01	-3.40921356E+00	 7.14050585E-01	 1.18893725E+00	 1.88579198E+00	 2.87457734E+00	 4.17306899E+00	 5.51448163E+00	 7.19421554E+00	 8.22875352E+00	 1.25931349E+01	-2.92026671E+00
 8.600000E-01	-5.79682384E-01	-1.23643030E+00	-2.24322396E+00	-3.74401068E+00	-5.88142896E+00	-8.55758499E+00	-1.20380505E+01	-1.56359566E+01	-2.30220483E+01	-1.67728093E+01	 4.95059708E-01	 1.00022760E+00	 1.76995123E+00	 2.90921244E+00	 4.51375204E+00	 6.48714130E+00	 8.99715192E+00	 1.14671989E+01	 1.65205462E+01	 1.05531161E+01
 8.610000E-01	-3.12399154E-01	-8.34413642E-01	-1.64965153E+00	-2.88823879E+00	-4.70466507E+00	-7.13178600E+00	-1.02870297E+01	-1.39148283E+01	-1.98706927E+01	-2.11710173E+01	 2.94131641E-01	 7.35722132E-01	 1.42336316E+00	 2.46439073E+00	 3.98178442E+00	 5.99419067E+00	 8.55596680E+00	 1.14330330E+01	 1.59081451E+01	 1.63965473E+01
 8.620000E-01	-1.32934774E-01	-5.09458682E-01	-1.10650328E+00	-2.02700230E+00	-3.40669728E+00	-5.34178369E+00	-7.85070198E+00	-1.09480544E+01	-1.51993521E+01	-2.01901781E+01	 1.37742077E-01	 4.77198152E-01	 1.01556820E+00	 1.84546995E+00	 3.08637947E+00	 4.81942753E+00	 7.01940572E+00	 9.68531436E+00	 1.30949519E+01	 1.70837482E+01
 8.630000E-01	-3.03191915E-02	-2.83540532E-01	-6.90783322E-01	-1.32678500E+00	-2.29770125E+00	-3.71618883E+00	-5.54836290E+00	-7.93942870E+00	-1.07218296E+01	-1.67175616E+01	 2.89866517E-02	 2.59290466E-01	 6.32240359E-01	 1.21856000E+00	 2.11795451E+00	 3.43330682E+00	 5.09490912E+00	 7.22912652E+00	 9.50703065E+00	 1.47228729E+01
 8.640000E-01	 1.79056921E-02	-1.43846260E-01	-4.07622991E-01	-8.24532407E-01	-1.47143785E+00	-2.45120701E+00	-3.71112949E+00	-5.43257877E+00	-7.13836138E+00	-1.26391390E+01	-3.92383441E-02	 9.06635137E-02	 3.08292126E-01	 6.60999308E-01	 1.22179649E+00	 2.08815990E+00	 3.17375740E+00	 4.65093665E+00	 5.91600604E+00	 1.08632686E+01
 8.650000E-01	 3.35702951E-02	-6.60703744E-02	-2.30824606E-01	-4.94195271E-01	-9.08846723E-01	-1.55713233E+00	-2.38675899E+00	-3.56424593E+00	-4.55902339E+00	-8.95305914E+00	-7.73327610E-02	-3.27715590E-02	 5.08413416E-02	 1.98965880E-01	 4.56658905E-01	 9.00696869E-01	 1.44680483E+00	 2.26006697E+00	 2.69097520E+00	 6.54392576E+00
 8.660000E-01	 3.29274301E-02	-2.70623775E-02	-1.27585989E-01	-2.89966832E-01	-5.48854997E-01	-9.64755633E-01	-1.49425612E+00	-2.26901223E+00	-2.82769879E+00	-6.03621953E+00	-9.52441393E-02	-1.19648207E-01	-1.45683191E-01	-1.66925044E-01	-1.64326847E-01	-8.82447637E-02	-1.01759865E-02	 1.98958685E-01	-2.36418151E-02	 2.40349131E+00
 8.670000E-01	 2.60847319E-02	-9.60017546E-03	-7.01231418E-02	-1.68769418E-01	-3.27647138E-01	-5.88483415E-01	-9.18691747E-01	-1.41291469E+00	-1.71738778E+00	-3.91240062E+00	-1.00357792E-01	-1.77710052E-01	-2.88903494E-01	-4.43103654E-01	-6.43581071E-01	-8.68438555E-01	-1.17149807E+00	-1.47114153E+00	-2.18297567E+00	-1.19453807E+00
 8.680000E-01	 1.80954806E-02	-3.13962908E-03	-3.94538610E-02	-9.90225359E-02	-1.95564881E-01	-3.56493912E-01	-5.58821711E-01	-8.65822859E-01	-1.02613387E+00	-2.45213864E+00	-9.75777185E-02	-2.12652723E-01	-3.85248412E-01	-6.36431096E-01	-9.87169651E-01	-1.44039000E+00	-2.03118266E+00	-2.72596789E+00	-3.77930797E+00	-4.06000495E+00
 8.690000E-01	 1.10878873E-02	-1.76374658E-03	-2.37592120E-02	-5.98828792E-02	-1.18433321E-01	-2.16665114E-01	-3.38944129E-01	-5.25090447E-01	-6.04438777E-01	-1.48982855E+00	-9.03400239E-02	-2.29234489E-01	-4.41287047E-01	-7.55761437E-01	-1.20640704E+00	-1.81606062E+00	-2.60253003E+00	-3.57435644E+00	-4.83770924E+00	-6.12013603E+00
 8.700000E-01	 5.93218419E-03	-2.00408842E-03	-1.55068949E-02	-3.75612869E-02	-7.30870301E-02	-1.32513572E-01	-2.05380762E-01	-3.15248249E-01	-3.48996681E-01	-8.75466573E-01	-8.15302906E-02	-2.32521977E-01	-4.65284596E-01	-8.13892657E-01	-1.32016196E+00	-2.02098222E+00	-2.91978525E+00	-4.05743564E+00	-5.41870687E+00	-7.39522323E+00
 8.710000E-01	 2.43821840E-03	-2.58108220E-03	-1.09759042E-02	-2.44920888E-02	-4.59361675E-02	-8.12973389E-02	-1.23573587E-01	-1.85634958E-01	-1.93619008E-01	-4.90539026E-01	-7.29088021E-02	-2.26550031E-01	-4.64723713E-01	-8.23435598E-01	-1.34834306E+00	-2.08470313E+00	-3.02499023E+00	-4.23137336E+00	-5.59963065E+00	-7.97531073E+00
 8.720000E-01	 2.74608521E-04	-2.94258602E-03	-8.18196755E-03	-1.64176027E-02	-2.91532049E-02	-4.95962033E-02	-7.29341050E-02	-1.05259206E-01	-9.80674703E-02	-2.52923096E-01	-6.52227618E-02	-2.14291424E-01	-4.46105880E-01	-7.96302964E-01	-1.31091695E+00	-2.03852827E+00	-2.96408050E+00	-4.16069608E+00	-5.46691948E+00	-7.98514856E+00
 8.730000E-01	-9.91705603E-04	-3.06932160E-03	-6.32966035E-03	-1.12485297E-02	-1.85108015E-02	-2.96329673E-02	-4.11159799E-02	-5.49764280E-02	-3.79397377E-02	-1.07173874E-01	-5.86607265E-02	-1.98035262E-01	-4.15093226E-01	-7.43450015E-01	-1.22694626E+00	-1.91347263E+00	-2.78370209E+00	-3.91325691E+00	-5.11186069E+00	-7.56801649E+00
 8.740000E-01	-1.51189259E-03	-2.68437861E-03	-4.42971837E-03	-6.89085299E-03	-1.02247302E-02	-1.49552908E-02	-1.83776265E-02	-2.01702614E-02	 4.14880559E-03	-1.55177272E-02	-5.29349759E-02	-1.79253908E-01	-3.76056616E-01	-6.73865130E-01	-1.11259185E+00	-1.73659130E+00	-2.52486049E+00	-3.54922449E+00	-4.61325734E+00	-6.86392657E+00
 8.750000E-01	-1.53974750E-03	-1.86701529E-03	-2.25409830E-03	-2.57587660E-03	-2.60862040E-03	-2.24999249E-03	 6.84799150E-04	 7.79887443E-03	 3.75564547E-02	 4.78027975E-02	-4.74463820E-02	-1.58559457E-01	-3.31597194E-01	-5.93317035E-01	-9.78691391E-01	-1.52687785E+00	-2.21694963E+00	-3.11311536E+00	-4.02765396E+00	-5.99448169E+00
 8.760000E-01	-1.30323637E-03	-8.42355968E-04	 6.17468317E-06	 1.57211430E-03	 4.36109729E-03	 8.88670232E-03	 1.69309916E-02	 3.09072488E-02	 6.49114311E-02	 9.43129336E-02	-4.16301940E-02	-1.36355634E-01	-2.83771365E-01	-5.06571863E-01	-8.34344384E-01	-1.30029505E+00	-1.88479747E+00	-2.64256420E+00	-3.40364954E+00	-5.05386391E+00
 8.770000E-01	-9.58218022E-04	 1.77764130E-04	 2.06393037E-03	 5.19174204E-03	 1.02875926E-02	 1.81263086E-02	 3.02024168E-02	 4.93438845E-02	 8.70058363E-02	 1.28419651E-01	-3.51349417E-02	-1.13079933E-01	-2.34333560E-01	-4.17524075E-01	-6.86879413E-01	-1.06953790E+00	-1.54822386E+00	-2.16782277E+00	-2.78183561E+00	-4.11268213E+00
 8.780000E-01	-4.62488320E-04	 1.31497104E-03	 4.16835155E-03	 8.71050361E-03	 1.58231063E-02	 2.64498697E-02	 4.18017983E-02	 6.49221890E-02	 1.04719344E-01	 1.53900931E-01	-2.81931646E-02	-8.96230512E-02	-1.85168310E-01	-3.29505410E-01	-5.41734811E-01	-8.43274471E-01	-1.21945044E+00	-1.70584350E+00	-2.18077100E+00	-3.21763706E+00
 8.790000E-01	 9.45047107E-05	 2.44754206E-03	 6.15766021E-03	 1.19210185E-02	 2.07106440E-02	 3.36240473E-02	 5.15309810E-02	 7.75597939E-02	 1.16809052E-01	 1.71429543E-01	-2.17372955E-02	-6.77990873E-02	-1.39363879E-01	-2.47350715E-01	-4.06037996E-01	-6.31701487E-01	-9.11867559E-01	-1.27358912E+00	-1.61650119E+00	-2.39709012E+00
 8.800000E-01	 5.89594312E-04	 3.31014078E-03	 7.54748361E-03	 1.40266242E-02	 2.37292185E-02	 3.78159588E-02	 5.68753023E-02	 8.40637574E-02	 1.21267731E-01	 1.77337950E-01	-1.67442925E-02	-4.97111407E-02	-1.00767867E-01	-1.77539169E-01	-2.90010113E-01	-4.49866223E-01	-6.46607570E-01	-8.99548005E-01	-1.12619684E+00	-1.67866877E+00
 8.810000E-01	 9.77034045E-04	 3.81740689E-03	 8.18772480E-03	 1.47781289E-02	 2.45139621E-02	 3.84908880E-02	 5.71238500E-02	 8.33850823E-02	 1.18396734E-01	 1.71410227E-01	-1.33672037E-02	-3.60930361E-02	-7.10715235E-02	-1.23320047E-01	-1.99322230E-01	-3.06772070E-01	-4.37386685E-01	-6.03732227E-01	-7.40819479E-01	-1.09072815E+00
 8.820000E-01	 1.48991704E-03	 4.45322147E-03	 8.95469332E-03	 1.56412080E-02	 2.53408781E-02	 3.89580871E-02	 5.68490184E-02	 8.14521012E-02	 1.14200289E-01	 1.58624438E-01	-1.14510875E-02	-2.67460074E-02	-5.00046462E-02	-8.42917587E-02	-1.33388630E-01	-2.01664967E-01	-2.82920291E-01	-3.83745466E-01	-4.55095945E-01	-6.37648143E-01
 8.830000E-01	 1.82482777E-03	 4.94848786E-03	 9.69930643E-03	 1.67477034E-02	 2.68963886E-02	 4.08451797E-02	 5.91388371E-02	 8.35560740E-02	 1.16932340E-01	 1.48272648E-01	-1.02447764E-02	-2.04560662E-02	-3.57343020E-02	-5.78139677E-02	-8.85480280E-02	-1.29785908E-01	-1.77192806E-01	-2.32414868E-01	-2.58381651E-01	-3.10889026E-01
 8.840000E-01	 1.70113726E-03	 4.75238868E-03	 9.39982411E-03	 1.63138022E-02	 2.63245774E-02	 4.01691317E-02	 5.83050020E-02	 8.25912722E-02	 1.16022532E-01	 1.50668900E-01	-8.68670496E-03	-1.53047180E-02	-2.50039511E-02	-3.86898872E-02	-5.71313103E-02	-8.07327685E-02	-1.06510773E-01	-1.33427229E-01	-1.35544187E-01	-1.18356537E-01
 8.850000E-01	 1.50722759E-03	 4.37037023E-03	 8.73033345E-03	 1.52243508E-02	 2.46740562E-02	 3.78238655E-02	 5.50120613E-02	 7.81822354E-02	 1.10843132E-01	 1.48119292E-01	-7.04264053E-03	-1.11500653E-02	-1.70462143E-02	-2.51668667E-02	-3.56871551E-02	-4.81885827E-02	-6.07792904E-02	-7.12597413E-02	-6.18810215E-02	-2.41588324E-03
 8.860000E-01	 1.51542822E-03	 4.29263858E-03	 8.51148068E-03	 1.47811046E-02	 2.38889460E-02	 3.65321514E-02	 5.29625833E-02	 7.49867831E-02	 1.06284203E-01	 1.42138033E-01	-5.44672091E-03	-7.66180844E-03	-1.07405247E-02	-1.48063837E-02	-1.96639472E-02	-2.44401105E-02	-2.79161618E-02	-2.74444865E-02	-1.04732254E-02	 7.23403077E-02
 8.870000E-01	 1.54425075E-03	 4.33327423E-03	 8.58079380E-03	 1.49008069E-02	 2.40704834E-02	 3.67792125E-02	 5.32053527E-02	 7.50266867E-02	 1.04963738E-01	 1.38938809E-01	-3.77784159E-03	-4.40352401E-03	-5.15159566E-03	-5.89746764E-03	-6.19349570E-03	-5.00748578E-03	-1.35997294E-03	 7.58682209E-03	 3.22367814E-02	 1.21999026E-01
 8.880000E-01	 1.38251496E-03	 4.07564609E-03	 8.19178700E-03	 1.43347775E-02	 2.32848018E-02	 3.58125341E-02	 5.19194392E-02	 7.34314334E-02	 1.01438837E-01	 1.38948183E-01	-1.86698868E-03	-1.03380079E-03	 3.27535298E-04	 2.52897569E-03	 6.12497543E-03	 1.20553262E-02	 2.12133108E-02	 3.61158087E-02	 6.54994298E-02	 1.47410183E-01
 8.890000E-01	 9.93717453E-04	 3.41821072E-03	 7.15974253E-03	 1.27883557E-02	 2.10618455E-02	 3.28174674E-02	 4.78855045E-02	 6.82399239E-02	 9.33964113E-02	 1.33930817E-01	 1.54337443E-04	 2.33525768E-03	 5.59914816E-03	 1.03915785E-02	 1.73062040E-02	 2.71306955E-02	 4.06341453E-02	 5.99145505E-02	 9.23006128E-02	 1.64653324E-01
 8.900000E-01	 7.01433446E-05	 1.93663699E-03	 4.94189243E-03	 9.65591870E-03	 1.68585190E-02	 2.74076246E-02	 4.13761974E-02	 6.09082257E-02	 8.62223712E-02	 1.22056343E-01	 2.72723725E-03	 6.38605326E-03	 1.16134522E-02	 1.88913375E-02	 2.87921391E-02	 4.19207680E-02	 5.84998178E-02	 7.99553932E-02	 1.13418188E-01	 1.87093208E-01
 8.910000E-01	-1.16873352E-03	-3.56220756E-04	 1.06382073E-03	 3.48688071E-03	 7.61865634E-03	 1.46190643E-02	 2.41161643E-02	 3.93331915E-02	 5.78691747E-02	 1.11774591E-01	 5.96601555E-03	 1.19004239E-02	 2.04734700E-02	 3.24207084E-02	 4.82419764E-02	 6.79911227E-02	 9.20518827E-02	 1.20005552E-01	 1.54429793E-01	 1.90205576E-01
 8.920000E-01	-1.11166606E-03	-1.12768290E-03	-1.10630115E-03	-9.71225742E-04	-4.04799491E-04	 1.55977318E-03	 4.19772276E-03	 1.04813216E-02	 1.58393024E-02	 6.45783099E-02	 6.52274373E-03	 1.41499857E-02	 2.55048478E-02	 4.18569461E-02	 6.42534184E-02	 9.29810912E-02	 1.28757794E-01	 1.71312623E-01	 2.22453441E-01	 2.57532819E-01
 8.930000E-01	 2.95519186E-04	 2.71331367E-04	 1.37760482E-04	-2.08953600E-04	-8.99530799E-04	-1.87648985E-03	-3.13053134E-03	-3.93912033E-03	-5.02319011E-03	-4.72017799E-03	 3.68286192E-03	 1.12187758E-02	 2.27450834E-02	 3.99455861E-02	 6.48562794E-02	 9.91021436E-02	 1.42730415E-01	 1.98599748E-01	 2.72671138E-01	 3.83493544E-01
 8.940000E-01	 1.40075209E-03	 1.79996660E-03	 2.27346690E-03	 2.76087130E-03	 3.00176129E-03	 2.35936986E-03	 1.83207682E-03	 2.94514570E-04	 2.89105300E-03	-3.62795528E-02	 8.97692589E-04	 7.33538139E-03	 1.73488820E-02	 3.26397272E-02	 5.57347788E-02	 8.93146101E-02	 1.32256192E-01	 1.90063634E-01	 2.69969910E-01	 4.46805114E-01
 8.950000E-01	 1.55528034E-03	 2.22984406E-03	 3.11770346E-03	 4.23588363E-03	 5.44184590E-03	 6.14414023E-03	 7.40302207E-03	 8.16180350E-03	 1.49630985E-02	-1.88972745E-02	 2.05807236E-04	 5.70236705E-03	 1.43229908E-02	 2.75553366E-02	 4.76448116E-02	 7.71751991E-02	 1.14666682E-01	 1.65399219E-01	 2.32440739E-01	 3.98354456E-01
 8.960000E-01	 1.72902578E-03	 2.67089523E-03	 3.91934611E-03	 5.49953183E-03	 7.33863943E-03	 9.10302541E-03	 1.12600772E-02	 1.32000847E-02	 1.87591141E-02	 4.64283309E-03	-3.00104866E-04	 4.11662833E-03	 1.11743668E-02	 2.21641905E-02	 3.89203592E-02	 6.35409588E-02	 9.51220038E-02	 1.38062258E-01	 1.92575653E-01	 3.16529435E-01
 8.970000E-01	 1.93560204E-03	 3.32665279E-03	 5.32543867E-03	 8.10304374E-03	 1.16933381E-02	 1.56627883E-02	 2.08213001E-02	 2.61956238E-02	 3.69975010E-02	 1.32977280E-02	-1.29433608E-03	 1.39293581E-03	 5.68739292E-03	 1.24644740E-02	 2.32510097E-02	 4.00029991E-02	 6.15873422E-02	 9.23987965E-02	 1.37085745E-01	 2.66308343E-01
 8.980000E-01	 1.22839249E-03	 2.66178289E-03	 4.82031680E-03	 7.99099154E-03	 1.24391877E-02	 1.81118353E-02	 2.55504987E-02	 3.46357480E-02	 4.93507114E-02	 4.51818252E-02	-3.52669657E-04	 1.45338453E-03	 4.21296808E-03	 8.38245438E-03	 1.47908412E-02	 2.46185335E-02	 3.69723146E-02	 5.45529466E-02	 7.98553114E-02	 1.66327489E-01
 8.990000E-01	 1.53800701E-04	 1.19076422E-03	 2.82004251E-03	 5.33838511E-03	 9.16375455E-03	 1.47320774E-02	 2.20447044E-02	 3.22898347E-02	 4.66622315E-02	 6.87520574E-02	 1.70904709E-03	 3.58980585E-03	 6.25640051E-03	 9.89711583E-03	 1.46770374E-02	 2.08018436E-02	 2.79047183E-02	 3.62646061E-02	 4.58683491E-02	 7.57922528E-02
 9.000000E-01	-2.78160978E-04	 2.90685175E-04	 1.16852641E-03	 2.51314881E-03	 4.66269936E-03	 8.30777785E-03	 1.27715276E-02	 1.98952557E-02	 2.72343335E-02	 6.66795850E-02	 2.69470027E-03	 5.00573396E-03	 8.35574894E-03	 1.29971043E-02	 1.88962055E-02	 2.57409560E-02	 3.39807034E-02	 4.26572756E-02	 4.98351407E-02	 3.80958861E-02
 9.010000E-01	 1.25388218E-04	 6.07743299E-04	 1.32731945E-03	 2.38011410E-03	 3.92769760E-03	 6.29543837E-03	 9.21975366E-03	 1.36917121E-02	 1.85862819E-02	 3.55514243E-02	 1.64203764E-03	 3.70212980E-03	 6.72588331E-03	 1.10466811E-02	 1.69578139E-02	 2.45446037E-02	 3.40146744E-02	 4.54902981E-02	 6.18879684E-02	 8.01505303E-02
 9.020000E-01	 4.79952153E-04	 1.00559499E-03	 1.77104981E-03	 2.85815703E-03	 4.34750290E-03	 6.30616250E-03	 8.81402748E-03	 1.22088801E-02	 1.70597915E-02	 1.93233769E-02	 5.61089809E-04	 2.28862520E-03	 4.89150463E-03	 8.74913831E-03	 1.43724952E-02	 2.22199458E-02	 3.21783512E-02	 4.53263769E-02	 6.57064187E-02	 1.06703072E-01
 9.030000E-01	 5.48151337E-04	 1.09459035E-03	 1.89349431E-03	 3.03634291E-03	 4.60098278E-03	 6.58426257E-03	 9.20862204E-03	 1.26241770E-02	 1.82247973E-02	 1.62689772E-02	 2.16721412E-04	 1.73138426E-03	 4.02797695E-03	 7.45854933E-03	 1.25487167E-02	 1.98477586E-02	 2.90583737E-02	 4.14705872E-02	 6.07886426E-02	 1.07510527E-01
 9.040000E-01	 4.36262044E-04	 9.27117222E-04	 1.64386598E-03	 2.67276917E-03	 4.10615443E-03	 5.99399307E-03	 8.46733754E-03	 1.17982326E-02	 1.71510211E-02	 1.88441528E-02	 3.83843948E-04	 1.84932543E-03	 4.06585329E-03	 7.34837179E-03	 1.21256622E-02	 1.88340364E-02	 2.72212436E-02	 3.82634218E-02	 5.43989493E-02	 9.23654429E-02
 9.050000E-01	 3.57053506E-04	 7.87597802E-04	 1.41371071E-03	 2.31062936E-03	 3.56839701E-03	 5.26321128E-03	 7.46838841E-03	 1.05202017E-02	 1.53129986E-02	 1.86874536E-02	 5.41849323E-04	 1.95482744E-03	 4.07624027E-03	 7.18722161E-03	 1.16451696E-02	 1.77895569E-02	 2.54038811E-02	 3.52184656E-02	 4.92995377E-02	 8.08417306E-02
 9.060000E-01	 3.32501137E-04	 7.22404252E-04	 1.28611844E-03	 2.08850516E-03	 3.20821340E-03	 4.71493069E-03	 6.66505037E-03	 9.38033742E-03	 1.36380597E-02	 1.68969468E-02	 5.31121123E-04	 1.85090563E-03	 3.83015117E-03	 6.72861686E-03	 1.08702628E-02	 1.65530218E-02	 2.35736910E-02	 3.25875183E-02	 4.56287372E-02	 7.40701693E-02
 9.070000E-01	 3.43477247E-04	 7.17886591E-04	 1.25749232E-03	 2.02186091E-03	 3.07935930E-03	 4.48059279E-03	 6.30116327E-03	 8.80581105E-03	 1.27819693E-02	 1.48714931E-02	 4.34434164E-04	 1.62841015E-03	 3.41886643E-03	 6.04476841E-03	 9.81369559E-03	 1.50113646E-02	 2.14205715E-02	 2.97004891E-02	 4.20407979E-02	 6.96995694E-02
 9.080000E-01	 3.40353088E-04	 7.00550785E-04	 1.21907079E-03	 1.95244690E-03	 2.96331341E-03	 4.29294743E-03	 6.02325291E-03	 8.39324905E-03	 1.22083829E-02	 1.37668759E-02	 3.47386040E-04	 1.42442255E-03	 3.04164222E-03	 5.41721534E-03	 8.83628565E-03	 1.35633320E-02	 1.93862224E-02	 2.69276072E-02	 3.83714882E-02	 6.46758989E-02
 9.090000E-01	 3.31204892E-04	 6.77076324E-04	 1.17383716E-03	 1.87477097E-03	 2.83867768E-03	 4.10649471E-03	 5.75292051E-03	 8.00521497E-03	 1.16295090E-02	 1.31203039E-02	 3.03920847E-04	 1.28242010E-03	 2.75112828E-03	 4.90719682E-03	 8.00741824E-03	 1.22840366E-02	 1.75382141E-02	 2.43208660E-02	 3.47261377E-02	 5.90095959E-02
 9.100000E-01	 3.13449013E-04	 6.40218107E-04	 1.10843840E-03	 1.76761932E-03	 2.67253348E-03	 3.86310873E-03	 5.40494811E-03	 7.52692330E-03	 1.09572710E-02	 1.25401963E-02	 2.68255680E-04	 1.16055391E-03	 2.50054665E-03	 4.46701408E-03	 7.28990314E-03	 1.11718279E-02	 1.59237575E-02	 2.20299055E-02	 3.14714203E-02	 5.36239952E-02
 9.110000E-01	 3.01521956E-04	 6.13443066E-04	 1.05987004E-03	 1.68690845E-03	 2.54552598E-03	 3.67160502E-03	 5.12468245E-03	 7.11905345E-03	 1.03332173E-02	 1.18426264E-02	 2.30816131E-04	 1.04053618E-03	 2.25687044E-03	 4.04209569E-03	 6.60362899E-03	 1.01223098E-02	 1.44055363E-02	 1.99007065E-02	 2.85098214E-02	 4.88800542E-02
 9.120000E-01	 2.86854420E-04	 5.82168110E-04	 1.00450921E-03	 1.59680606E-03	 2.40638430E-03	 3.46393399E-03	 4.82880975E-03	 6.70983750E-03	 9.76613620E-03	 1.11643700E-02	 1.83843010E-04	 9.14918695E-04	 2.01492847E-03	 3.63182138E-03	 5.95463835E-03	 9.14789095E-03	 1.30153612E-02	 1.79740437E-02	 2.58657997E-02	 4.47694625E-02
 9.130000E-01	 2.76191815E-04	 5.59613182E-04	 9.65233247E-04	 1.53371311E-03	 2.30902349E-03	 3.31826193E-03	 4.61645104E-03	 6.39750050E-03	 9.28767572E-03	 1.05337823E-02	 1.42215382E-04	 8.00039075E-04	 1.79082847E-03	 3.24884260E-03	 5.34581843E-03	 8.22786791E-03	 1.17037652E-02	 1.61563178E-02	 2.33877059E-02	 4.09978467E-02
 9.140000E-01	 2.61672189E-04	 5.29997241E-04	 9.13494543E-04	 1.45027765E-03	 2.18079555E-03	 3.13088836E-03	 4.35327693E-03	 6.04411568E-03	 8.81442120E-03	 1.00102190E-02	 1.04007362E-04	 6.96263212E-04	 1.58990910E-03	 2.90700484E-03	 4.80348673E-03	 7.40626750E-03	 1.05361350E-02	 1.45291502E-02	 2.11402841E-02	 3.75078939E-02
 9.150000E-01	 2.48771231E-04	 5.06300592E-04	 8.74917108E-04	 1.39100281E-03	 2.09181367E-03	 3.00068585E-03	 4.16334503E-03	 5.76497000E-03	 8.38426452E-03	 9.49504908E-03	 7.03733276E-05	 6.01654045E-04	 1.40472352E-03	 2.59014380E-03	 4.29890810E-03	 6.64034818E-03	 9.44396042E-03	 1.30105059E-02	 1.90478865E-02	 3.42514841E-02
 9.160000E-01	 2.29899024E-04	 4.71646898E-04	 8.17778440E-04	 1.30240601E-03	 1.96044693E-03	 2.81296034E-03	 3.90562080E-03	 5.42625186E-03	 7.93845826E-03	 9.03499347E-03	 3.84469780E-05	 5.13891328E-04	 1.23463023E-03	 2.30121563E-03	 3.84179381E-03	 5.95371091E-03	 8.46522248E-03	 1.16501778E-02	 1.71540332E-02	 3.12569400E-02
 9.170000E-01	 2.12928539E-04	 4.43278642E-04	 7.74707034E-04	 1.23996288E-03	 1.87202892E-03	 2.68753136E-03	 3.72772194E-03	 5.16682315E-03	 7.53948459E-03	 8.54695341E-03	 7.30742441E-06	 4.29645382E-04	 1.07192239E-03	 2.02537132E-03	 3.40635877E-03	 5.30299783E-03	 7.53998626E-03	 1.03774601E-02	 1.54065341E-02	 2.85261396E-02
 9.180000E-01	 1.92476432E-04	 4.06166086E-04	 7.14035020E-04	 1.14681484E-03	 1.73582042E-03	 2.49657922E-03	 3.47174712E-03	 4.83954095E-03	 7.12291262E-03	 8.12130256E-03	-1.75297103E-05	 3.58163889E-04	 9.31168773E-04	 1.78429755E-03	 3.02317278E-03	 4.72600556E-03	 6.71741686E-03	 9.23386742E-03	 1.38136915E-02	 2.60139548E-02
 9.190000E-01	 1.77602197E-04	 3.81192871E-04	 6.75858960E-04	 1.09119294E-03	 1.65592511E-03	 2.38307381E-03	 3.30870018E-03	 4.60001829E-03	 6.75472331E-03	 7.66537473E-03	-4.31664535E-05	 2.88565490E-04	 7.96436678E-04	 1.55545927E-03	 2.66131892E-03	 4.18049642E-03	 5.94711816E-03	 8.17306855E-03	 1.23583690E-02	 2.37402231E-02
 9.200000E-01	 1.57094147E-04	 3.44491894E-04	 6.15972414E-04	 9.99347112E-04	 1.52145371E-03	 2.19613435E-03	 3.05980993E-03	 4.28684568E-03	 6.36552835E-03	 7.27969876E-03	-6.01720753E-05	 2.33504369E-04	 6.84409896E-04	 1.36015772E-03	 2.34701461E-03	 3.69954048E-03	 5.25945568E-03	 7.20897004E-03	 1.10072425E-02	 2.16090381E-02
 9.210000E-01	 1.40165380E-04	 3.17671213E-04	 5.76655997E-04	 9.43923931E-04	 1.44421242E-03	 2.08814566E-03	 2.90603431E-03	 4.06032844E-03	 6.01569503E-03	 6.84891948E-03	-8.23594894E-05	 1.73602574E-04	 5.69056208E-04	 1.16523506E-03	 2.04049295E-03	 3.24174921E-03	 4.61558909E-03	 6.32838035E-03	 9.79424318E-03	 1.96829670E-02
 9.220000E-01	 1.14528349E-04	 2.73779889E-04	 5.07393111E-04	 8.40658484E-04	 1.29798975E-03	 1.89024224E-03	 2.65155371E-03	 3.74997464E-03	 5.64174183E-03	 6.48786104E-03	-9.24062531E-05	 1.31630695E-04	 4.78742325E-04	 1.00367501E-03	 1.77671642E-03	 2.83884946E-03	 4.03272426E-03	 5.51220827E-03	 8.64548421E-03	 1.78587865E-02
 9.230000E-01	 9.72781335E-05	 2.46284438E-04	 4.67020706E-04	 7.83823933E-04	 1.21954392E-03	 1.78156836E-03	 2.49939636E-03	 3.52796124E-03	 5.30168043E-03	 6.06937642E-03	-1.10444972E-04	 8.20358295E-05	 3.82664577E-04	 8.41061637E-04	 1.52117686E-03	 2.46002624E-03	 3.50151272E-03	 4.79085784E-03	 7.64808327E-03	 1.62424211E-02
 9.240000E-01	 7.28057649E-05	 2.03643103E-04	 3.98685119E-04	 6.80927533E-04	 1.07271317E-03	 1.58346631E-03	 2.24607345E-03	 3.22314584E-03	 4.94214071E-03	 5.72859137E-03	-1.12785016E-04	 5.49003615E-05	 3.16900887E-04	 7.16937213E-04	 1.31146914E-03	 2.12940443E-03	 3.01772016E-03	 4.10500082E-03	 6.67706149E-03	 1.46983886E-02
 9.250000E-01	 5.94639824E-05	 1.81977292E-04	 3.66237145E-04	 6.34161860E-04	 1.00558167E-03	 1.48749543E-03	 2.10590327E-03	 3.01201212E-03	 4.61396533E-03	 5.31817285E-03	-1.27115046E-04	 1.50309678E-05	 2.39555965E-04	 5.86067546E-04	 1.10589726E-03	 1.82161161E-03	 2.59046873E-03	 3.52348565E-03	 5.86524563E-03	 1.33566454E-02
 9.260000E-01	 3.37605232E-05	 1.37727739E-04	 2.95848889E-04	 5.28806732E-04	 8.56293498E-04	 1.28795814E-03	 1.85345749E-03	 2.71231993E-03	 4.26744754E-03	 4.99349485E-03	-1.21556449E-04	 1.55160785E-06	 1.95441619E-04	 4.94288815E-04	 9.42482668E-04	 1.55490211E-03	 2.19205289E-03	 2.95036504E-03	 5.04404041E-03	 1.20438955E-02
 9.270000E-01	 2.03275980E-05	 1.15706512E-04	 2.62842907E-04	 4.81241074E-04	 7.88793038E-04	 1.19184483E-03	 1.71509176E-03	 2.50490157E-03	 3.94633956E-03	 4.59053726E-03	-1.31130823E-04	-2.86220616E-05	 1.35092724E-04	 3.91058032E-04	 7.79736066E-04	 1.31409770E-03	 1.85739804E-03	 2.49696350E-03	 4.39947288E-03	 1.09306967E-02
 9.280000E-01	-6.40678190E-06	 6.94559421E-05	 1.89185772E-04	 3.71296547E-04	 6.34551338E-04	 9.87979928E-04	 1.46262026E-03	 2.21214869E-03	 3.61617069E-03	 4.28673656E-03	-1.17754721E-04	-2.88691164E-05	 1.11313870E-04	 3.28743493E-04	 6.57359227E-04	 1.10534220E-03	 1.53319554E-03	 2.02363575E-03	 3.71471005E-03	 9.82266465E-03
 9.290000E-01	-1.47987593E-05	 5.42582874E-05	 1.64779004E-04	 3.33952994E-04	 5.78250342E-04	 9.03460718E-04	 1.33546573E-03	 2.01513967E-03	 3.30683415E-03	 3.89399970E-03	-1.24653991E-04	-5.12185143E-05	 6.64316511E-05	 2.51919116E-04	 5.36291291E-04	 9.25686826E-04	 1.28486596E-03	 1.68531268E-03	 3.21833499E-03	 8.91668284E-03
 9.300000E-01	-3.79960749E-05	 1.33167128E-05	 9.84384943E-05	 2.33632165E-04	 4.35796014E-04	 7.14182096E-04	 1.09978781E-03	 1.74148480E-03	 2.99975245E-03	 3.61101370E-03	-1.06922201E-04	-4.26258669E-05	 5.77931823E-05	 2.13182873E-04	 4.48562857E-04	 7.63247233E-04	 1.02486896E-03	 1.29743014E-03	 2.64860049E-03	 7.98794557E-03
 9.310000E-01	-4.11333453E-05	 5.64762082E-06	 8.43429248E-05	 2.09604210E-04	 3.95588808E-04	 6.48205992E-04	 9.92113528E-04	 1.56325413E-03	 2.70867038E-03	 3.23511491E-03	-1.12187669E-04	-5.97740180E-05	 2.38003866E-05	 1.55971388E-04	 3.59758825E-04	 6.32535565E-04	 8.48183758E-04	 1.05744804E-03	 2.27922385E-03	 7.25475449E-03
 9.320000E-01	-6.28950730E-05	-3.33131732E-05	 2.09666867E-05	 1.13854865E-04	 2.60635900E-04	 4.70903064E-04	 7.75052323E-04	 1.31591190E-03	 2.43420160E-03	 2.98454761E-03	-8.90920811E-05	-4.25349911E-05	 2.82623997E-05	 1.36483010E-04	 2.99356778E-04	 5.09510604E-04	 6.41676492E-04	 7.44375778E-04	 1.81613102E-03	 6.48503051E-03
 9.330000E-01	-6.16731829E-05	-3.52966163E-05	 1.40490914E-05	 9.86332928E-05	 2.31208443E-04	 4.17878536E-04	 6.83483834E-04	 1.15857057E-03	 2.17063011E-03	 2.63888674E-03	-9.11897205E-05	-5.26327047E-05	 7.12093346E-06	 1.00559066E-04	 2.43420093E-04	 4.28067841E-04	 5.31987119E-04	 5.91367801E-04	 1.55961858E-03	 5.90980788E-03
 9.340000E-01	-8.03229010E-05	-6.92488139E-05	-4.19446127E-05	 1.34233955E-05	 1.10834342E-04	 2.60308093E-04	 4.92542638E-04	 9.44754414E-04	 1.93657732E-03	 2.42746288E-03	-6.53473029E-05	-2.92871279E-05	 2.23956027E-05	 9.80477582E-05	 2.08143642E-04	 3.40141522E-04	 3.72796355E-04	 3.41401282E-04	 1.18510211E-03	 5.27661119E-03
 9.350000E-01	-7.37481022E-05	-6.32408929E-05	-3.79040024E-05	 1.23540971E-05	 9.84201598E-05	 2.26779420E-04	 4.22291478E-04	 8.11011717E-04	 1.70199974E-03	 2.11515064E-03	-6.66393095E-05	-3.49448254E-05	 1.11675077E-05	 7.94831172E-05	 1.79718733E-04	 2.97448286E-04	 3.15519985E-04	 2.54853474E-04	 1.01149694E-03	 4.81675214E-03
 9.360000E-01	-8.91266742E-05	-9.16101254E-05	-8.51732030E-05	-6.00145150E-05	-4.15788652E-06	 9.28655098E-05	 2.60987984E-04	 6.31366749E-04	 1.50449302E-03	 1.93584065E-03	-3.99312720E-05	-8.36237710E-06	 3.30931830E-05	 8.82848022E-05	 1.62279936E-04	 2.35306661E-04	 1.93894191E-04	 5.90990986E-05	 7.13385250E-04	 4.29446282E-03
 9.370000E-01	-7.81557385E-05	-7.95707750E-05	-7.31615426E-05	-5.11233936E-05	-4.66262880E-06	 7.27662607E-05	 2.05433437E-04	 5.14236798E-04	 1.29235198E-03	 1.65192927E-03	-4.04962106E-05	-1.08644465E-05	 2.89900436E-05	 8.30460452E-05	 1.55864952E-04	 2.26579575E-04	 1.83921255E-04	 3.48434358E-05	 6.17027292E-04	 3.94354458E-03
 9.380000E-01	-9.00712308E-05	-1.02148984E-04	-1.11083453E-04	-1.09359255E-04	-8.68825015E-05	-3.41869452E-05	 7.74318196E-05	 3.71001185E-04	 1.13093757E-03	 1.49875232E-03	-1.67387465E-05	 1.27691782E-05	 4.88726172E-05	 9.27215216E-05	 1.44965146E-04	 1.82342964E-04	 9.50613020E-05	-1.06555438E-04	 3.97059384E-04	 3.54123657E-03
 9.390000E-01	-7.55567850E-05	-8.53203336E-05	-9.26923434E-05	-9.22249792E-05	-7.68260648E-05	-4.12399628E-05	 3.83361937E-05	 2.75853000E-04	 9.51393864E-04	 1.25442767E-03	-1.76166105E-05	 1.10160678E-05	 4.74670639E-05	 9.36415016E-05	 1.49940318E-04	 1.93244356E-04	 1.13026573E-04	-9.27668478E-05	 3.51245010E-04	 3.27810074E-03
 9.400000E-01	-8.34958205E-05	-1.01225001E-04	-1.20081636E-04	-1.34521924E-04	-1.36151639E-04	-1.16950221E-04	-4.96253596E-05	 1.79109865E-04	 8.37647053E-04	 1.14135914E-03	 3.33048708E-06	 3.20798834E-05	 6.53569371E-05	 1.02676714E-04	 1.41475761E-04	 1.57101929E-04	 4.15916642E-05	-2.02430343E-04	 1.83340384E-04	 2.95476184E-03
 9.410000E-01	-6.60526841E-05	-8.04887815E-05	-9.69905230E-05	-1.11868984E-04	-1.19611624E-04	-1.15759839E-04	-7.63529238E-05	 1.05777283E-04	 6.95803181E-04	 9.51735912E-04	 4.97670554E-06	 3.51191638E-05	 7.14952948E-05	 1.13976370E-04	 1.59751253E-04	 1.83125574E-04	 7.46927968E-05	-1.74062740E-04	 1.58179249E-04	 2.73377024E-03
 9.420000E-01	-6.99036121E-05	-8.88461447E-05	-1.11961808E-04	-1.35321644E-04	-1.52424474E-04	-1.56995859E-04	-1.23304727E-04	 5.23112269E-05	 6.21585177E-04	 8.67767269E-04	 2.05851345E-05	 5.07175153E-05	 8.46280980E-05	 1.20295348E-04	 1.53016781E-04	 1.56185362E-04	 2.39931506E-05	-2.48323063E-04	 4.29600161E-05	 2.48372494E-03
 9.430000E-01	-5.24800175E-05	-6.80067277E-05	-8.86689807E-05	-1.12443075E-04	-1.35533466E-04	-1.54376608E-04	-1.46232665E-04	-9.15466206E-06	 5.07683147E-04	 7.21638671E-04	 2.34070665E-05	 5.60703944E-05	 9.49294280E-05	 1.38299276E-04	 1.80744877E-04	 1.93308526E-04	 6.97091502E-05	-2.07896849E-04	 3.51671277E-05	 2.31083511E-03
 9.440000E-01	-5.30091041E-05	-6.98423300E-05	-9.21820590E-05	-1.17721262E-04	-1.42119981E-04	-1.60550324E-04	-1.52097026E-04	-2.15683695E-05	 4.66247094E-04	 6.55057175E-04	 3.13438246E-05	 6.26771368E-05	 9.85601813E-05	 1.36468075E-04	 1.69953976E-04	 1.69836048E-04	 3.66750321E-05	-2.47538671E-04	-2.71824503E-05	 2.13449321E-03
 9.450000E-01	-3.64153205E-05	-5.06938755E-05	-7.18757809E-05	-9.93137036E-05	-1.30709280E-04	-1.62724407E-04	-1.74825391E-04	-7.00214752E-05	 3.86807022E-04	 5.64079262E-04	 3.71843787E-05	 7.16918055E-05	 1.12718741E-04	 1.57643984E-04	 1.98671887E-04	 2.03903093E-04	 7.18973244E-05	-2.23592146E-04	-4.89494914E-05	 1.97366047E-03
 9.460000E-01	-3.10836129E-05	-4.25645202E-05	-5.96300525E-05	-8.12906400E-05	-1.05159603E-04	-1.28988436E-04	-1.35368497E-04	-4.01455405E-05	 3.75306034E-04	 5.12232462E-04	 3.58490902E-05	 6.73970410E-05	 1.04247866E-04	 1.43792681E-04	 1.78901968E-04	 1.80235523E-04	 5.00900624E-05	-2.34777540E-04	-6.97996044E-05	 1.84204718E-03
 9.470000E-01	-1.70367402E-05	-2.75214640E-05	-4.57245590E-05	-7.20883868E-05	-1.05454641E-04	-1.44368611E-04	-1.68028571E-04	-8.63869796E-05	 3.21932690E-04	 4.68705459E-04	 4.57344288E-05	 8.13369751E-05	 1.23771953E-04	 1.69670960E-04	 2.10152774E-04	 2.13197499E-04	 7.58402753E-05	-2.28244438E-04	-1.10301824E-04	 1.68780464E-03
 9.480000E-01	-7.38488627E-06	-1.12208434E-05	-1.95765754E-05	-3.27042281E-05	-5.03251226E-05	-7.37293220E-05	-8.97546513E-05	-2.51784390E-05	 3.25831202E-04	 4.09286574E-04	 3.44155685E-05	 6.58330633E-05	 1.04208657E-04	 1.47460967E-04	 1.88729808E-04	 1.99240655E-04	 8.21837807E-05	-1.93726303E-04	-7.32138937E-05	 1.62327498E-03
 9.490000E-01	 1.15330021E-07	-5.90445618E-06	-1.94897234E-05	-4.18548433E-05	-7.28795298E-05	-1.11404160E-04	-1.38893381E-04	-6.99201666E-05	 3.02850776E-04	 4.22743085E-04	 5.04940793E-05	 8.64614773E-05	 1.30011425E-04	 1.77550457E-04	 2.19018723E-04	 2.20680281E-04	 8.45245006E-05	-2.23033374E-04	-1.47758555E-04	 1.46644246E-03
 9.500000E-01	 1.55896230E-05	 2.07307616E-05	 2.35288652E-05	 2.28627514E-05	 1.69537515E-05	 2.48248312E-06	-1.38830505E-05	 3.11837457E-05	 3.27034204E-04	 3.66306448E-04	 2.69943766E-05	 5.63460729E-05	 9.41073024E-05	 1.39149165E-04	 1.84688075E-04	 2.01185913E-04	 9.82460030E-05	-1.65401680E-04	-7.52158265E-05	 1.43406061E-03
 9.510000E-01	 1.61743882E-05	 1.56636909E-05	 8.58677477E-06	-6.50814580E-06	-2.99638621E-05	-6.07462480E-05	-8.14368157E-05	-1.22594561E-05	 3.35516687E-04	 4.42720847E-04	 4.89473664E-05	 8.22998339E-05	 1.22771357E-04	 1.66487722E-04	 2.02645251E-04	 1.97055149E-04	 5.54124526E-05	-2.54215300E-04	-2.09638128E-04	 1.24129899E-03
 9.520000E-01	 3.87033293E-05	 5.40305788E-05	 6.98315699E-05	 8.42577475E-05	 9.36742618E-05	 9.07250217E-05	 7.76990550E-05	 1.06667604E-04	 3.52992031E-04	 3.53335574E-04	 1.28947396E-05	 3.82857209E-05	 7.31768422E-05	 1.17487124E-04	 1.65748834E-04	 1.90419299E-04	 1.00573174E-04	-1.47619833E-04	-8.36941028E-05	 1.25629740E-03
 9.530000E-01	 2.87145062E-05	 3.29942878E-05	 3.18796336E-05	 2.38416862E-05	 8.37458834E-06	-1.46229242E-05	-2.78097677E-05	 4.33466478E-05	 3.75855752E-04	 4.65672722E-04	 4.50914744E-05	 7.56563577E-05	 1.13137913E-04	 1.53599595E-04	 1.86455885E-04	 1.78771237E-04	 3.65501519E-05	-2.72358463E-04	-2.57319699E-04	 1.06165944E-03
 9.540000E-01	 5.82005961E-05	 8.27489444E-05	 1.10683424E-04	 1.39503308E-04	 1.63671492E-04	 1.72673179E-04	 1.62998693E-04	 1.77793191E-04	 3.83980324E-04	 3.43516452E-04	-2.25589698E-06	 1.96234890E-05	 5.27064388E-05	 9.83340309E-05	 1.52237660E-04	 1.87777163E-04	 1.16913409E-04	-1.15347145E-04	-7.65977886E-05	 1.12275383E-03
 9.550000E-01	 3.64853715E-05	 4.46837915E-05	 4.90023643E-05	 4.83467001E-05	 4.25079794E-05	 3.26199745E-05	 3.44399581E-05	 1.18295011E-04	 4.45195584E-04	 5.28768310E-04	 3.87771426E-05	 6.45583621E-05	 9.61247386E-05	 1.29481332E-04	 1.53586010E-04	 1.35148703E-04	-1.26610615E-05	-3.23285565E-04	-3.29288563E-04	 8.76268367E-04
 9.560000E-01	 7.56212381E-05	 1.09773637E-04	 1.50721213E-04	 1.95635577E-04	 2.37416962E-04	 2.63108190E-04	 2.63910247E-04	 2.74379263E-04	 4.47047452E-04	 3.83184344E-04	-2.39530230E-05	-9.32188888E-06	 1.66890182E-05	 5.65650131E-05	 1.07004391E-04	 1.42111408E-04	 7.77134293E-05	-1.44821942E-04	-1.25604547E-04	 9.40579606E-04
 9.570000E-01	 4.13009327E-05	 5.34516251E-05	 6.37207916E-05	 7.17718938E-05	 7.82312600E-05	 8.43321430E-05	 1.05816319E-04	 2.07629613E-04	 5.32988651E-04	 6.19304043E-04	 2.50045762E-05	 4.19529752E-05	 6.20076557E-05	 8.09186486E-05	 8.81247673E-05	 5.24564430E-05	-1.09805923E-04	-4.25025772E-04	-4.49793580E-04	 6.49798105E-04
 9.580000E-01	 8.93278869E-05	 1.32036251E-04	 1.84925743E-04	 2.44864487E-04	 3.03466146E-04	 3.44563140E-04	 3.55441341E-04	 3.62974171E-04	 5.07624745E-04	 4.26104954E-04	-4.86717918E-05	-4.30374795E-05	-2.65473029E-05	 4.28732947E-06	 4.75847639E-05	 7.95649636E-05	 1.66913940E-05	-2.00334136E-04	-2.02567086E-04	 7.42156234E-04
 9.590000E-01	 3.96694570E-05	 5.34422248E-05	 6.70704363E-05	 8.12472231E-05	 9.78115777E-05	 1.19361981E-04	 1.60942507E-04	 2.82699300E-04	 6.09699938E-04	 7.01591130E-04	 1.41192608E-05	 2.24922966E-05	 3.09238265E-05	 3.48779717E-05	 2.39040876E-05	-3.17119866E-05	-2.09447299E-04	-5.30487901E-04	-5.70752533E-04	 4.36260266E-04
 9.600000E-01	 9.70286044E-05	 1.45110958E-04	 2.05655391E-04	 2.75227579E-04	 3.44199883E-04	 3.95214933E-04	 4.11721240E-04	 4.16160177E-04	 5.40027477E-04	 4.45089635E-04	-6.59549088E-05	-6.62732310E-05	-5.56353706E-05	-2.97062185E-05	 9.96108541E-06	 3.92918065E-05	-2.11563504E-05	-2.36665421E-04	-2.61731323E-04	 5.79438250E-04
 9.610000E-01	 3.38622616E-05	 4.71101725E-05	 6.11642349E-05	 7.77249311E-05	 9.97233821E-05	 1.30856646E-04	 1.85525078E-04	 3.20208772E-04	 6.50221040E-04	 7.39178286E-04	 6.48531059E-06	 8.75096697E-06	 9.03766908E-06	 2.71903269E-06	-2.01684336E-05	-8.77989273E-05	-2.72630315E-04	-5.97266034E-04	-6.56969330E-04	 2.75401999E-04
 9.620000E-01	 1.01270609E-04	 1.52968501E-04	 2.18753532E-04	 2.94766699E-04	 3.70312605E-04	 4.25794609E-04	 4.43086835E-04	 4.41916379E-04	 5.50780437E-04	 4.44853436E-04	-8.32676580E-05	-8.94047828E-05	-8.44985269E-05	-6.35537417E-05	-2.72490091E-05	 1.45427823E-06	-5.76401307E-05	-2.74173264E-04	-3.26340476E-04	 4.24685971E-04
 9.630000E-01	 2.54823622E-05	 3.80343014E-05	 5.27846460E-05	 7.26099078E-05	 1.01868280E-04	 1.44534208E-04	 2.14370691E-04	 3.62379002E-04	 6.90923136E-04	 7.82921251E-04	-5.65290879E-06	-1.24525485E-05	-2.45007693E-05	-4.65762473E-05	-8.75684538E-05	-1.72399000E-04	-3.70006957E-04	-6.98002603E-04	-7.72451615E-04	 8.30131909E-05
 9.640000E-01	 1.00964970E-04	 1.54454839E-04	 2.23300759E-04	 3.03450941E-04	 3.83736329E-04	 4.44248193E-04	 4.66283867E-04	 4.68250094E-04	 5.69124972E-04	 4.69176289E-04	-9.86914297E-05	-1.12242797E-04	-1.16203351E-04	-1.05510639E-04	-8.10463159E-05	-6.58072793E-05	-1.37759538E-04	-3.64503288E-04	-4.39989284E-04	 2.25575456E-04
 9.650000E-01	 1.54589802E-05	 2.66699846E-05	 4.12867279E-05	 6.33720233E-05	 9.84901757E-05	 1.51897873E-04	 2.35065432E-04	 3.93732097E-04	 7.17529609E-04	 8.11876226E-04	-1.64608417E-05	-3.18609186E-05	-5.56917990E-05	-9.28065719E-05	-1.51563091E-04	-2.55083300E-04	-4.65165080E-04	-7.98166310E-04	-8.87546235E-04	-1.05107451E-04
 9.660000E-01	 9.60173320E-05	 1.48518720E-04	 2.16506750E-04	 2.95752045E-04	 3.74872179E-04	 4.34802118E-04	 4.57874529E-04	 4.64254821E-04	 5.66750673E-04	 4.76918478E-04	-1.07739717E-04	-1.26798235E-04	-1.37642660E-04	-1.35538026E-04	-1.22222297E-04	-1.21819032E-04	-2.09769392E-04	-4.53279025E-04	-5.56245981E-04	 3.96901506E-05
 9.670000E-01	 4.73226092E-06	 1.43989737E-05	 2.86293345E-05	 5.24223867E-05	 9.21797456E-05	 1.52740955E-04	 2.42897324E-04	 4.02481701E-04	 7.12778132E-04	 8.02857742E-04	-2.77726475E-05	-5.10104256E-05	-8.52229887E-05	-1.35065958E-04	-2.07603183E-04	-3.23047235E-04	-5.39473072E-04	-8.73600376E-04	-9.79678610E-04	-2.70597326E-04
 9.680000E-01	 8.54127122E-05	 1.33882561E-04	 1.97047199E-04	 2.70683415E-04	 3.43920231E-04	 3.98811729E-04	 4.21272751E-04	 4.34763209E-04	 5.46011270E-04	 4.74456660E-04	-1.10799441E-04	-1.34477960E-04	-1.51968574E-04	-1.59335462E-04	-1.59192833E-04	-1.75945464E-04	-2.84905395E-04	-5.48382569E-04	-6.77775684E-04	-1.42438336E-04
 9.690000E-01	-4.67795962E-06	 3.76404801E-06	 1.78991039E-05	 4.33223923E-05	 8.66627227E-05	 1.51507641E-04	 2.42610904E-04	 3.93356762E-04	 6.79853544E-04	 7.58942428E-04	-3.85919430E-05	-6.81813283E-05	-1.10390794E-04	-1.69325226E-04	-2.50551048E-04	-3.71433934E-04	-5.86912674E-04	-9.17525189E-04	-1.04033528E-03	-4.06573187E-04
 9.700000E-01	 6.99836416E-05	 1.11343078E-04	 1.65423010E-04	 2.28306820E-04	 2.90321306E-04	 3.36866160E-04	 3.58724753E-04	 3.84989839E-04	 5.15818953E-04	 4.70627144E-04	-1.04547412E-04	-1.30732949E-04	-1.53132787E-04	-1.69147161E-04	-1.83253157E-04	-2.21477265E-04	-3.56080013E-04	-6.44071845E-04	-7.98583698E-04	-3.09434701E-04
 9.710000E-01	-1.02810719E-05	-1.54296085E-06	 1.42021431E-05	 4.25716877E-05	 8.93804476E-05	 1.56121731E-04	 2.41765944E-04	 3.73110977E-04	 6.24025278E-04	 6.84714488E-04	-5.02769225E-05	-8.46702953E-05	-1.31987785E-04	-1.95345278E-04	-2.78907662E-04	-3.98233621E-04	-6.05190048E-04	-9.28302213E-04	-1.06909820E-03	-5.15275284E-04
 9.720000E-01	 4.89118637E-05	 8.01996149E-05	 1.21369619E-04	 1.69325736E-04	 2.16667372E-04	 2.53199308E-04	 2.76714450E-04	 3.23054423E-04	 4.83642150E-04	 4.73106359E-04	-9.10217400E-05	-1.19081833E-04	-1.46761636E-04	-1.73377264E-04	-2.05439673E-04	-2.70047606E-04	-4.36644719E-04	-7.52446288E-04	-9.28676530E-04	-4.75163763E-04
 9.730000E-01	-1.13216964E-05	-3.04758854E-07	 1.94694578E-05	 5.29736941E-05	 1.04120946E-04	 1.70220849E-04	 2.43584794E-04	 3.43612520E-04	 5.44834734E-04	 5.79721024E-04	-6.52698899E-05	-1.03668367E-04	-1.54108774E-04	-2.18192508E-04	-2.98171122E-04	-4.07475817E-04	-5.98155711E-04	-9.08271325E-04	-1.06737795E-03	-6.02483230E-04
 9.740000E-01	 2.18552990E-05	 3.97183200E-05	 6.35992427E-05	 9.19303551E-05	 1.20966517E-04	 1.46558221E-04	 1.75180235E-04	 2.50114518E-04	 4.51875668E-04	 4.84785279E-04	-6.84985015E-05	-9.74601407E-05	-1.30637872E-04	-1.69940418E-04	-2.24175567E-04	-3.20971009E-04	-5.25676073E-04	-8.72010329E-04	-1.06510764E-03	-6.32450536E-04
 9.750000E-01	-5.29106520E-06	 1.05443032E-05	 3.71595099E-05	 7.78767500E-05	 1.33073592E-04	 1.94678915E-04	 2.46818308E-04	 3.02202963E-04	 4.40612937E-04	 4.40686568E-04	-8.24593293E-05	-1.22737538E-04	-1.72232582E-04	-2.30411779E-04	-2.97878304E-04	-3.87568526E-04	-5.52652111E-04	-8.45996758E-04	-1.02623923E-03	-6.53470796E-04
 9.760000E-01	-1.05485006E-05	-9.22982235E-06	-6.74489122E-06	-2.35831524E-06	 5.22675819E-06	 1.97329729E-05	 5.70872821E-05	 1.68621984E-04	 4.23138803E-04	 5.04988890E-04	-3.68257678E-05	-6.55156007E-05	-1.04036174E-04	-1.57496468E-04	-2.37229675E-04	-3.70939693E-04	-6.17713658E-04	-9.96542033E-04	-1.20251949E-03	-7.72565415E-04
 9.770000E-01	 8.42796123E-06	 3.21475591E-05	 6.91883011E-05	 1.20136922E-04	 1.80023731E-04	 2.33447993E-04	 2.55690405E-04	 2.53405641E-04	 3.15967307E-04	 2.72254758E-04	-1.03520183E-04	-1.44155313E-04	-1.89319081E-04	-2.35700591E-04	-2.82244819E-04	-3.42534922E-04	-4.74052979E-04	-7.47807832E-04	-9.52869479E-04	-6.78674397E-04
 9.780000E-01	-4.89881438E-05	-6.71343700E-05	-8.96671183E-05	-1.12502276E-04	-1.27530093E-04	-1.21904152E-04	-6.92734380E-05	 8.85519098E-05	 4.05816516E-04	 5.43117521E-04	 3.04169025E-06	-2.52831031E-05	-7.06609835E-05	-1.42145822E-04	-2.53312123E-04	-4.30229315E-04	-7.24763063E-04	-1.13702143E-03	-1.34975832E-03	-9.10130134E-04
 9.790000E-01	 3.02044798E-05	 6.48537207E-05	 1.15809124E-04	 1.79748042E-04	 2.44557526E-04	 2.85925257E-04	 2.70317259E-04	 1.99575562E-04	 1.75580755E-04	 8.17444127E-05	-1.27638633E-04	-1.66910131E-04	-2.04225648E-04	-2.32974330E-04	-2.50744297E-04	-2.73393442E-04	-3.65575996E-04	-6.18719546E-04	-8.51877815E-04	-6.82093793E-04
 9.800000E-01	-9.18911373E-05	-1.31855279E-04	-1.82353372E-04	-2.35027993E-04	-2.73397483E-04	-2.74074261E-04	-2.00588225E-04	 1.08724746E-05	 3.98602706E-04	 5.94280054E-04	 5.03617109E-05	 2.29427191E-05	-2.99153444E-05	-1.21703499E-04	-2.67965141E-04	-4.91703300E-04	-8.35012167E-04	-1.27857313E-03	-1.49168778E-03	-1.02745306E-03
 9.810000E-01	 6.06486211E-05	 1.09236638E-04	 1.77417382E-04	 2.56741274E-04	 3.26063039E-04	 3.50921023E-04	 2.88998478E-04	 1.39625674E-04	 2.11599358E-05	-1.29189812E-04	-1.54717139E-04	-1.90499098E-04	-2.15873248E-04	-2.20393330E-04	-2.00717612E-04	-1.76905952E-04	-2.23078292E-04	-4.54667613E-04	-7.19639787E-04	-6.55489542E-04
 9.820000E-01	-1.38718655E-04	-2.01958130E-04	-2.81973898E-04	-3.65240025E-04	-4.25629540E-04	-4.28408617E-04	-3.27691369E-04	-5.63279686E-05	 4.06280278E-04	 6.59990560E-04	 1.03077015E-04	 7.64710303E-05	 1.49534063E-05	-9.97346045E-05	-2.84535840E-04	-5.57751494E-04	-9.50171776E-04	-1.42227705E-03	-1.62994173E-03	-1.13071296E-03
 9.830000E-01	 9.77039724E-05	 1.62292448E-04	 2.49735742E-04	 3.45619052E-04	 4.18554270E-04	 4.23204733E-04	 3.09752279E-04	 7.73916950E-05	-1.37416404E-04	-3.44774190E-04	-1.82653657E-04	-2.13035159E-04	-2.23187651E-04	-1.98802367E-04	-1.36149539E-04	-6.11971567E-05	-6.03005882E-05	-2.73067823E-04	-5.73425226E-04	-6.17675756E-04
 9.840000E-01	-1.86530445E-04	-2.73351145E-04	-3.82909856E-04	-4.96082879E-04	-5.76509083E-04	-5.78039558E-04	-4.46776688E-04	-1.15263899E-04	 4.18787736E-04	 7.29807645E-04	 1.57854317E-04	 1.31756558E-04	 6.08799621E-05	-7.75393886E-05	-3.01065523E-04	-6.21585987E-04	-1.05702369E-03	-1.54822037E-03	-1.74346916E-03	-1.20997873E-03
 9.850000E-01	 1.41518575E-04	 2.23582018E-04	 3.31285725E-04	 4.43685269E-04	 5.18668412E-04	 4.99829507E-04	 3.30574459E-04	 1.20401751E-05	-2.99024053E-04	-5.60399372E-04	-2.11851810E-04	-2.35360294E-04	-2.27974158E-04	-1.71672330E-04	-6.26931461E-05	 6.67247232E-05	 1.17544750E-04	-7.38167532E-05	-4.06745225E-04	-5.55716349E-04
 9.860000E-01	-2.32668841E-04	-3.41120376E-04	-4.76840145E-04	-6.14991443E-04	-7.09514977E-04	-7.03562377E-04	-5.36847603E-04	-1.45653411E-04	 4.51470428E-04	 8.06226060E-04	 2.11804247E-04	 1.84782883E-04	 1.02542909E-04	-6.14269513E-05	-3.24757529E-04	-6.92339372E-04	-1.16854919E-03	-1.67432805E-03	-1.85049690E-03	-1.27430510E-03
 9.870000E-01	 1.83171436E-04	 2.81579418E-04	 4.07518660E-04	 5.34046852E-04	 6.09863963E-04	 5.69164425E-04	 3.52258101E-04	-3.32537701E-05	-4.14042803E-04	-7.31251381E-04	-2.31874899E-04	-2.46476586E-04	-2.20208126E-04	-1.33226215E-04	 1.67930452E-05	 1.89569862E-04	 2.69742367E-04	 7.29813221E-05	-3.01934608E-04	-5.21435459E-04
 9.880000E-01	-2.73975197E-04	-4.02156145E-04	-5.61210445E-04	-7.21122503E-04	-8.28210039E-04	-8.16595855E-04	-6.20016823E-04	-1.78017860E-04	 4.74803892E-04	 8.64351976E-04	 2.64142054E-04	 2.38583696E-04	 1.49652341E-04	-3.11833524E-05	-3.21128713E-04	-7.20161670E-04	-1.22295828E-03	-1.73978966E-03	-1.91009783E-03	-1.30893921E-03
 9.890000E-01	 2.25596949E-04	 3.37191493E-04	 4.75411113E-04	 6.07164502E-04	 6.74331203E-04	 6.02978719E-04	 3.27415457E-04	-1.35756708E-04	-5.86096313E-04	-9.16896550E-04	-2.52366222E-04	-2.55936706E-04	-2.07166304E-04	-8.46051510E-05	 1.13645939E-04	 3.44406842E-04	 4.82817306E-04	 3.19823670E-04	-8.11794519E-05	-4.06828435E-04
 9.900000E-01	-2.93429565E-04	-4.31630206E-04	-6.01505263E-04	-7.69622927E-04	-8.79448612E-04	-8.61646862E-04	-6.53539448E-04	-2.11135814E-04	 4.20837596E-04	 8.42096511E-04	 2.90915284E-04	 2.61973701E-04	 1.63021015E-04	-3.23896845E-05	-3.37633821E-04	-7.44643752E-04	-1.22704697E-03	-1.68103502E-03	-1.79919691E-03	-1.23653132E-03
 9.910000E-01	 2.42648184E-04	 3.63645677E-04	 5.12112999E-04	 6.51806325E-04	 7.23951741E-04	 6.52620024E-04	 3.70211304E-04	-1.05509383E-04	-5.82473175E-04	-9.52860324E-04	-2.40172802E-04	-2.38907947E-04	-1.83829988E-04	-5.66410238E-05	 1.40520615E-04	 3.60705920E-04	 4.73680387E-04	 2.81015079E-04	-1.21354962E-04	-4.34031672E-04
 9.920000E-01	-3.28639773E-04	-4.75102359E-04	-6.50806211E-04	-8.17671284E-04	-9.17385767E-04	-8.77652866E-04	-6.19595265E-04	-9.50897986E-05	 6.13954865E-04	 9.53653212E-04	 3.56591830E-04	 3.36582321E-04	 2.40906672E-04	 4.11855599E-05	-2.79180057E-04	-7.26358903E-04	-1.29731484E-03	-1.88491801E-03	-2.07435256E-03	-1.39565334E-03
 9.930000E-01	 2.16412329E-04	 3.20005181E-04	 4.42656548E-04	 5.48108248E-04	 5.82616798E-04	 4.76566889E-04	 1.75984099E-04	-2.64341129E-04	-6.25377102E-04	-9.52707831E-04	-1.90547393E-04	-1.58449449E-04	-6.17285247E-05	 1.14485676E-04	 3.61849616E-04	 6.24420162E-04	 7.43505945E-04	 4.72961893E-04	-5.26222680E-05	-3.77104581E-04
 9.940000E-01	-2.92984566E-04	-4.39267260E-04	-6.21159027E-04	-8.06695846E-04	-9.44989038E-04	-9.77540055E-04	-8.50099911E-04	-5.13795467E-04	 2.65577878E-05	 4.92682927E-04	 2.61567924E-04	 2.58589241E-04	 2.09035086E-04	 9.77802851E-05	-8.02919936E-05	-3.17300060E-04	-5.95218154E-04	-8.75600666E-04	-1.00929997E-03	-7.11534781E-04
 9.950000E-01	 2.48188239E-04	 3.39443342E-04	 4.38036589E-04	 5.07813926E-04	 4.97872533E-04	 3.47592455E-04	-2.50194062E-05	-6.17756048E-04	-1.18930628E-03	-1.32430868E-03	-3.86405088E-04	-3.80163708E-04	-2.96811332E-04	-1.08979985E-04	 1.86046850E-04	 5.61835316E-04	 9.42516090E-04	 1.12569389E-03	 9.49521464E-04	 4.03831788E-04
 9.960000E-01	-1.38618807E-04	-2.36830542E-04	-3.66362129E-04	-5.05560110E-04	-6.15775295E-04	-6.53308933E-04	-5.63553451E-04	-2.99248339E-04	 8.78955858E-05	 2.64239288E-04	-2.22338100E-04	-3.16592583E-04	-4.33390630E-04	-5.70516382E-04	-7.16279898E-04	-8.59916528E-04	-1.01697733E-03	-1.15342603E-03	-1.03323340E-03	-4.63108415E-04
 9.970000E-01	 3.53468268E-04	 4.57328135E-04	 5.63736797E-04	 6.44750248E-04	 6.50095032E-04	 5.25298920E-04	 2.37052322E-04	-1.60292246E-04	-4.32387629E-04	-7.55461608E-04	-1.04033726E-03	-1.25980109E-03	-1.44137605E-03	-1.53162619E-03	-1.47420220E-03	-1.24073818E-03	-8.89315616E-04	-6.08690986E-04	-3.66927476E-04	 1.09388689E-05
 9.980000E-01	 1.91440174E-04	 2.38001579E-04	 2.91740004E-04	 3.60848159E-04	 4.55366092E-04	 5.75261102E-04	 6.62303672E-04	 6.07395916E-04	 3.91934393E-04	 8.19513139E-05	-1.03209760E-03	-1.54623526E-03	-2.21497830E-03	-3.00949305E-03	-3.83690483E-03	-4.50486182E-03	-4.65341158E-03	-3.79530375E-03	-1.84708210E-03	 5.02363061E-05
 9.990000E-01	 2.31831595E-04	 3.19566721E-04	 4.33198600E-04	 5.77272320E-04	 7.71444237E-04	 1.14900828E-03	 1.99954530E-03	 3.07279668E-03	 2.82025738E-03	 8.06927159E-04	-3.88521756E-04	-8.90300530E-04	-1.68571084E-03	-2.91500723E-03	-4.77130614E-03	-7.54262939E-03	-1.09624832E-02	-1.22239826E-02	-7.86273112E-03	-1.83695096E-04
 1.000000E+00	 2.72223080E-04	 4.01131993E-04	 5.74657419E-04	 7.93696824E-04	 1.08752288E-03	 1.72275636E-03	 3.33678904E-03	 5.53820134E-03	 5.24858421E-03	 1.53190415E-03	 2.55055109E-04	-2.34364765E-04	-1.15644253E-03	-2.82052126E-03	-5.70570893E-03	-1.05804018E-02	-1.72715647E-02	-2.06526747E-02	-1.38783897E-02	-4.17626868E-04
