r	R  6/ 3	R  7/ 3	R  8/ 3	R  9/ 3	R 10/ 3	R 11/ 3	R 12/ 3	R 13/ 3	R 14/ 3	R 15/ 3	I  6/ 3	I  7/ 3	I  8/ 3	I  9/ 3	I 10/ 3	I 11/ 3	I 12/ 3	I 13/ 3	I 14/ 3	I 15/ 3
 0.000000E+00	 0.00000000E+00	 0.00000000E+00	 0.00000000E+00	 0.00000000E+00	 0.00000000E+00	 0.00000000E+00	 0.00000000E+00	 0.00000000E+00	 0.00000000E+00	 0.00000000E+00	 0.00000000E+00	 0.00000000E+00	 0.00000000E+00	 0.00000000E+00	 0.00000000E+00	 0.00000000E+00	 0.00000000E+00	 0.00000000E+00	 0.00000000E+00	 0.00000000E+00
 1.000000E-03	-5.11021764E-12	-2.59984489E-13	 3.83304958E-14	-1.67236267E-13	-7.92477421E-15	 6.27935053E-14	 1.77347846E-15	-3.76710552E-14	-3.63891505E-16	 2.69294057E-14	-2.53715419E-12	 1.14635372E-13	 1.94097006E-13	 7.56609349E-14	-1.47367523E-14	-2.53563574E-14	 2.98279621E-15	 1.46708455E-14	-8.45814300E-16	-1.03390557E-14
 2.000000E-03	-6.02798273E-11	-3.33450344E-12	 4.85846512E-13	-1.43548585E-12	-1.14341811E-13	 2.46922507E-13	 2.04689494E-14	-1.08762714E-13	-3.47968716E-15	 7.19266429E-14	-2.48870426E-11	 1.82703407E-12	 2.52168908E-12	 7.05502614E-13	-1.75659495E-13	-1.13180376E-13	 2.89760085E-14	 4.61801487E-14	-5.24271724E-15	-2.86507648E-14
 3.000000E-03	-3.60616024E-10	-1.84699326E-11	 3.30992018E-12	-8.11537638E-12	-7.73653734E-13	 1.12267802E-12	 1.37966305E-13	-2.93617918E-13	-2.28755018E-14	 1.13552904E-13	-1.14953607E-10	 1.31144833E-11	 1.63958593E-11	 4.16964239E-12	-1.17461096E-12	-5.49704388E-13	 2.04647864E-13	 1.44401390E-13	-2.81804588E-14	-5.41074402E-14
 4.000000E-03	-1.47548283E-09	-9.31209355E-11	 1.51955484E-11	-3.18612163E-11	-3.34250517E-12	 5.07627866E-12	 6.47070974E-13	-1.24077806E-12	-1.13788389E-13	 3.27830668E-13	-3.17757970E-10	 7.43622820E-11	 7.18338185E-11	 1.72722447E-11	-5.22102140E-12	-2.45897618E-12	 1.05129912E-12	 6.07644207E-13	-1.56095630E-13	-1.69987739E-13
 5.000000E-03	-4.69352551E-09	-4.19690491E-10	 5.26264411E-11	-9.33928511E-11	-1.06582766E-11	 1.74533758E-11	 2.27604848E-12	-4.62562732E-12	-4.26530496E-13	 1.27989817E-12	-5.05588671E-10	 3.38660050E-10	 2.43417510E-10	 5.49511194E-11	-1.67998205E-11	-8.48377460E-12	 3.88325490E-12	 2.21318917E-12	-6.48040073E-13	-6.29429728E-13
 6.000000E-03	-1.24802780E-08	-1.55389356E-09	 1.48985459E-10	-2.19385148E-10	-2.72306942E-11	 4.72312545E-11	 6.43352683E-12	-1.35433727E-11	-1.27788002E-12	 4.10331001E-12	-1.78555986E-11	 1.24368604E-09	 6.94165643E-10	 1.44933051E-10	-4.20969841E-11	-2.35087787E-11	 1.10955827E-11	 6.49174790E-12	-2.04274492E-12	-1.96500186E-12
 7.000000E-03	-2.90424919E-08	-4.76695226E-09	 3.64961759E-10	-4.32269963E-10	-5.85623129E-11	 1.07005119E-10	 1.53830118E-11	-3.28118330E-11	-3.22340868E-12	 1.06534841E-11	 2.89480891E-09	 3.81156001E-09	 1.75813660E-09	 3.34113201E-10	-8.62841531E-11	-5.53325338E-11	 2.61426456E-11	 1.60281962E-11	-5.23872046E-12	-5.09724052E-12
 8.000000E-03	-6.09957246E-08	-1.25452536E-08	 8.04852172E-10	-7.30552578E-10	-1.09179545E-10	 2.12083987E-10	 3.22716606E-11	-6.91862713E-11	-7.13002557E-12	 2.36816486E-11	 1.18106869E-08	 1.01105323E-08	 4.08941243E-09	 6.98189486E-10	-1.48327076E-10	-1.15173451E-10	 5.30698414E-11	 3.48229702E-11	-1.15093259E-11	-1.15054549E-11
 9.000000E-03	-1.18132152E-07	-2.92454548E-08	 1.64189607E-09	-1.05702525E-09	-1.78998815E-10	 3.78485402E-10	 6.09233769E-11	-1.31434560E-10	-1.41966467E-11	 4.69287548E-11	 3.30481255E-08	 2.39086745E-08	 8.91175015E-09	 1.35740238E-09	-2.13324029E-10	-2.17777170E-10	 9.55689440E-11	 6.86251345E-11	-2.24532886E-11	-2.33492040E-11
 1.000000E-02	-2.14287293E-07	-6.19097949E-08	 3.15559208E-09	-1.25192530E-09	-2.57654122E-10	 6.19677104E-10	 1.05424324E-10	-2.30364015E-10	-2.60010799E-11	 8.54178291E-11	 7.67346359E-08	 5.15455719E-08	 1.84082542E-08	 2.50319468E-09	-2.42474615E-10	-3.80980381E-10	 1.55540268E-10	 1.25373891E-10	-3.98444387E-11	-4.37346886E-11
 1.100000E-02	-3.68307428E-07	-1.21245054E-07	 5.78313781E-09	-9.87534529E-10	-3.16219816E-10	 9.41858295E-10	 1.69336910E-10	-3.78521025E-10	-4.43879274E-11	 1.45407010E-10	 1.58021248E-07	 1.03044005E-07	 3.62943459E-08	 4.44296120E-09	-1.60762659E-10	-6.24311336E-10	 2.31314320E-10	 2.15473974E-10	-6.54172329E-11	-7.68906144E-11
 1.200000E-02	-6.05123531E-07	-2.22768697E-07	 1.01857768E-08	 3.20075235E-10	-2.95744350E-10	 1.33789105E-09	 2.54823686E-10	-5.90035578E-10	-7.15223822E-11	 2.35022845E-10	 2.98428802E-07	 1.93479919E-07	 6.86202849E-08	 7.67323068E-09	 1.57967086E-10	-9.66676548E-10	 3.15575073E-10	 3.52214827E-10	-1.00604612E-10	-1.28484024E-10
 1.300000E-02	-9.56942348E-07	-3.88126746E-07	 1.73287409E-08	 3.62766928E-09	-9.14112174E-11	 1.77950218E-09	 3.61182900E-10	-8.79639048E-10	-1.09575233E-10	 3.63907794E-10	 5.27310994E-07	 3.44625986E-07	 1.24851761E-07	 1.29946011E-08	 9.09137900E-10	-1.42256472E-09	 3.93236403E-10	 5.51865003E-10	-1.46144480E-10	-2.06047702E-10
 1.400000E-02	-1.46457050E-06	-6.46589560E-07	 2.85709191E-08	 1.04164480E-08	 4.68559721E-10	 2.20842435E-09	 4.83651639E-10	-1.26237405E-09	-1.60849071E-10	 5.44364187E-10	 8.83415798E-07	 5.86881195E-07	 2.19278651E-07	 2.16860254E-08	 2.38031018E-09	-1.99730647E-09	 4.39430813E-10	 8.33759781E-10	-2.01957601E-10	-3.19108915E-10
 1.500000E-02	-2.17889282E-06	-1.03673378E-06	 4.57567407E-08	 2.28871205E-08	 1.65161676E-09	 2.52521779E-09	 6.11206488E-10	-1.75157679E-09	-2.27291084E-10	 7.90616641E-10	 1.41652288E-06	 9.61496929E-07	 3.72803123E-07	 3.57590426E-08	 4.98072858E-09	-2.68081986E-09	 4.17511943E-10	 1.22016688E-09	-2.66495890E-10	-4.80227735E-10
 1.600000E-02	-3.16253147E-06	-1.60832122E-06	 7.12990425E-08	 4.42072413E-08	 3.85820048E-09	 2.57737422E-09	 7.25133812E-10	-2.35852663E-09	-3.10687966E-10	 1.12027742E-09	 2.18912970E-06	 1.52310721E-06	 6.15158641E-07	 5.83179919E-08	 9.28070730E-09	-3.44089042E-09	 2.77907254E-10	 1.73547745E-09	-3.37204281E-10	-7.04635626E-10
 1.700000E-02	-4.49171648E-06	-2.42438864E-06	 1.08236055E-07	 7.88222114E-08	 7.67175178E-09	 2.14329564E-09	 7.95972501E-10	-3.08926846E-09	-4.12282414E-10	 1.55348165E-09	 3.27815439E-06	 2.34256953E-06	 9.87611318E-07	 9.40548680E-08	 1.60648181E-08	-4.21587916E-09	-4.38097486E-11	 2.40595359E-09	-4.09459852E-10	-1.01201368E-09
 1.800000E-02	-6.25840273E-06	-3.56356592E-06	 1.60240869E-07	 1.32838918E-07	 1.39220443E-08	 9.15121363E-10	 7.81389108E-10	-3.94414264E-09	-5.32830204E-10	 2.11395919E-09	 4.77661771E-06	 3.51011875E-06	 1.54619415E-06	 1.49914191E-07	 2.64033997E-08	-4.90774603E-09	-6.26636976E-10	 3.25737372E-09	-4.77977473E-10	-1.42586797E-09
 1.900000E-02	-8.57266983E-06	-5.12264513E-06	 2.31553385E-07	 2.14494949E-07	 2.37678552E-08	-1.52655640E-09	 6.21849240E-10	-4.91380838E-09	-6.72870061E-10	 2.82861268E-09	 6.79526251E-06	 5.13883597E-06	 2.36552289E-06	 2.35965693E-07	 4.17496732E-08	-5.37687057E-09	-1.56677396E-09	 4.31477687E-09	-5.35347927E-10	-1.97509061E-09
 2.000000E-02	-1.15654434E-05	-7.21942767E-06	 3.26799083E-07	 3.34718678E-07	 3.87987814E-08	-5.74154262E-09	 2.36202736E-10	-5.97821652E-09	-8.32167610E-10	 3.72730789E-09	 9.46406291E-06	 7.36842787E-06	 3.54324029E-06	 3.66530082E-07	 6.40671614E-08	-5.43784735E-09	-2.97598045E-09	 5.59833554E-09	-5.74127563E-10	-2.69470287E-09
 2.100000E-02	-1.53915748E-05	-9.99588479E-06	 4.50647066E-07	 5.07792288E-07	 6.11635167E-08	-1.24737018E-08	-4.85030002E-10	-7.10267187E-09	-1.01132242E-09	 4.84322615E-09	 1.29335727E-05	 1.03693119E-05	 5.20513102E-06	 5.61606650E-07	 9.60004590E-08	-4.86122329E-09	-4.98593717E-09	 7.12269287E-09	-5.85470160E-10	-3.62443659E-09
 2.200000E-02	-2.02333160E-05	-1.36216709E-05	 6.07253323E-07	 7.52114236E-07	 9.37238206E-08	-2.27040544E-08	-1.68942454E-09	-8.23531117E-09	-1.20971980E-09	 6.21121154E-09	 1.73760550E-05	 1.43469928E-05	 7.51094747E-06	 8.48657339E-07	 1.41092262E-07	-3.37690288E-09	-7.74652172E-09	 8.89179538E-09	-5.60738816E-10	-4.81422712E-09
 2.300000E-02	-2.63042194E-05	-1.82980426E-05	 7.99420301E-07	 1.09106882E-06	 1.40241524E-07	-3.77281151E-08	-3.57349249E-09	-9.30423754E-09	-1.42895772E-09	 7.86795860E-09	 2.29863363E-05	 1.95467152E-05	 1.06609770E-05	 1.26480968E-06	 2.04068115E-07	-6.89180159E-10	-1.14328321E-08	 1.08966991E-08	-4.91337247E-10	-6.31517599E-09
 2.400000E-02	-3.38534924E-05	-2.42622364E-05	 1.02739496E-06	 1.55398509E-06	 2.05597400E-07	-5.92535438E-08	-6.40336929E-09	-1.02120457E-08	-1.66886176E-09	 9.85093520E-09	 2.99823135E-05	 2.62583643E-05	 1.49033818E-05	 1.85954135E-06	 2.91188873E-07	 3.50510569E-09	-1.62459676E-08	 1.31113634E-08	-3.67515158E-10	-8.19473493E-09
 2.500000E-02	-4.31708259E-05	-3.17923803E-05	 1.28721017E-06	 2.17718390E-06	 2.96045971E-07	-8.95334009E-08	-1.05332009E-08	-1.08344229E-08	-1.93171577E-09	 1.21949826E-08	 3.86050519E-05	 3.48215832E-05	 2.05423249E-05	 2.69792389E-06	 4.10703133E-07	 9.47873985E-09	-2.24225268E-08	 1.54860336E-08	-1.80958387E-10	-1.05148755E-08
 2.600000E-02	-5.45917096E-05	-4.12130033E-05	 1.56846337E-06	 3.00507578E-06	 4.19508359E-07	-1.31537565E-07	-1.64435951E-08	-1.10104841E-08	-2.21669911E-09	 1.49368220E-08	 4.91183901E-05	 4.56310578E-05	 2.79469008E-05	 3.86449327E-06	 5.73395910E-07	 1.74289686E-08	-3.02431424E-08	 1.79477183E-08	 8.13139983E-11	-1.33607492E-08
 2.700000E-02	-6.85032417E-05	-5.29012426E-05	 1.85140856E-06	 4.09129278E-06	 5.85897855E-07	-1.89172297E-07	-2.47732761E-08	-1.05417935E-08	-2.52181435E-09	 1.81015776E-08	 6.18079817E-05	 5.91419126E-05	 3.75608608E-05	 5.46784146E-06	 7.93275934E-07	 2.74028227E-08	-4.00441173E-08	 2.03850191E-08	 4.31123785E-10	-1.68038211E-08
 2.800000E-02	-8.53504211E-05	-6.72938222E-05	 2.10322123E-06	 5.49979417E-06	 8.07487794E-07	-2.67564190E-07	-3.63839382E-08	-9.17814561E-09	-2.83923696E-09	 2.17214843E-08	 7.69796781E-05	 7.58751422E-05	 4.99131349E-05	 7.64599701E-06	 1.08839819E-06	 3.92044002E-08	-5.22412445E-08	 2.26579126E-08	 8.90607236E-10	-2.09430428E-08
 2.900000E-02	-1.05642913E-04	-8.48949229E-05	 2.27328290E-06	 7.30590358E-06	 1.09929996E-06	-3.73405626E-07	-5.24144096E-08	-6.61375141E-09	-3.14813712E-09	 2.58023660E-08	 9.49571730E-05	 9.64229825E-05	 6.56291068E-05	 1.05727035E-05	 1.48186651E-06	 5.22610187E-08	-6.73456358E-08	 2.45695510E-08	 1.48486108E-09	-2.58574750E-08
 3.000000E-02	-1.29962244E-04	-1.06285021E-04	 2.28730549E-06	 9.59719363E-06	 1.47953475E-06	-5.15399748E-07	-7.43824216E-08	-2.46994506E-09	-3.41763784E-09	 3.03688282E-08	 1.16078800E-04	 1.21454114E-04	 8.54426243E-05	 1.44646594E-05	 2.00302380E-06	 6.54494653E-08	-8.60118950E-08	 2.58893784E-08	 2.25716281E-09	-3.16514062E-08
 3.100000E-02	-1.58969399E-04	-1.32130833E-04	 2.04011381E-06	 1.24741370E-05	 1.96999767E-06	-7.04782044E-07	-1.04275101E-07	 3.71712691E-09	-3.57695538E-09	 3.53973432E-08	 1.40693395E-04	 1.51718545E-04	 1.10208656E-04	 1.95898358E-05	 2.68886148E-06	 7.68666549E-08	-1.09066897E-07	 2.63087782E-08	 3.26307680E-09	-3.84083949E-08
 3.200000E-02	-1.93412729E-04	-1.63196431E-04	 1.38686634E-06	 1.60504204E-05	 2.59656074E-06	-9.55981516E-07	-1.44697839E-07	 1.25155225E-08	-3.54003607E-09	 4.09060202E-08	 1.69155101E-04	 1.88052027E-04	 1.40916543E-04	 2.62769318E-05	 3.58567883E-06	 8.35268155E-08	-1.37595668E-07	 2.54835463E-08	 4.58646262E-09	-4.62230856E-08
 3.300000E-02	-2.34136146E-04	-2.00355681E-04	 1.32488507E-07	 2.04527888E-05	 3.38956112E-06	-1.28737560E-06	-1.99039584E-07	 2.46259715E-08	-3.14062352E-09	 4.68329371E-08	 2.01817010E-04	 2.31379785E-04	 1.78703724E-04	 3.49260725E-05	 4.75101295E-06	 8.09772137E-08	-1.72984227E-07	 2.29648603E-08	 6.35025602E-09	-5.51830528E-08
 3.400000E-02	-2.82087433E-04	-2.44606032E-04	-1.98093218E-06	 2.58202963E-05	 4.38422441E-06	-1.72223109E-06	-2.71664839E-07	 4.08970541E-08	-2.17920060E-09	 5.31992405E-08	 2.39023550E-04	 2.82719343E-04	 2.24869815E-04	 4.60207902E-05	 6.25588313E-06	 6.27797722E-08	-2.17070059E-07	 1.82659102E-08	 8.70810508E-09	-6.53516856E-08
 3.500000E-02	-3.38326610E-04	-2.97083807E-04	-5.28902082E-06	 3.23027635E-05	 5.62096667E-06	-2.28976261E-06	-3.68184419E-07	 6.23742381E-08	-3.13912262E-10	 5.98880413E-08	 2.81101474E-04	 3.43182154E-04	 2.80890871E-04	 6.01413888E-05	 8.18732056E-06	 1.98956745E-08	-2.72238769E-07	 1.07742395E-08	 1.18946377E-08	-7.68156670E-08
 3.600000E-02	-4.04034147E-04	-3.59080988E-04	-1.02225747E-05	 4.00583156E-05	 7.14566943E-06	-3.02640989E-06	-4.95697868E-07	 9.03140044E-08	 2.86417795E-09	 6.69511332E-08	 3.28349366E-04	 4.13973761E-04	 3.48433634E-04	 7.79797062E-05	 1.06512993E-05	-6.01587078E-08	-3.41654469E-07	-1.56383742E-10	 1.61746459E-08	-8.95770934E-08
 3.700000E-02	-4.80518893E-04	-4.32063580E-04	-1.73278281E-05	 4.92497137E-05	 9.00976415E-06	-3.97727275E-06	-6.63217216E-07	 1.26248972E-07	 7.98589566E-09	 7.41863875E-08	 3.81025525E-04	 4.96392093E-04	 4.29369531E-04	 1.00355332E-04	 1.37759431E-05	-1.94275642E-07	-4.29464700E-07	-1.53071887E-08	 2.19586480E-08	-1.03715965E-07
 3.800000E-02	-5.69225455E-04	-5.17691524E-04	-2.72898888E-05	 6.00393640E-05	 1.12701948E-05	-5.19777193E-06	-8.81967013E-07	 1.72010080E-07	 1.58042337E-08	 8.17329512E-08	 4.39334160E-04	 5.91823570E-04	 5.25788127E-04	 1.28233278E-04	 1.77152184E-05	-4.05078141E-07	-5.41124608E-07	-3.54773531E-08	 2.96986053E-08	-1.19138042E-07
 3.900000E-02	-6.71740844E-04	-6.17840124E-04	-4.09595371E-05	 7.25826230E-05	 1.39891296E-05	-6.75553000E-06	-1.16599954E-06	 2.29789168E-07	 2.73962571E-08	 8.92534436E-08	 5.03409769E-04	 7.01736504E-04	 6.40009736E-04	 1.62743078E-04	 2.26528623E-05	-7.22396847E-07	-6.83801384E-07	-6.15906791E-08	 4.00710118E-08	-1.35908194E-07
 4.000000E-02	-7.89800027E-04	-7.34622918E-04	-5.93837812E-05	 8.70192914E-05	 1.72334001E-05	-8.73244658E-06	-1.53256421E-06	 3.02184739E-07	 4.40372874E-08	 9.70619356E-08	 5.73299651E-04	 8.27671429E-04	 7.74596739E-04	 2.05199316E-04	 2.88068445E-05	-1.18526333E-06	-8.66816812E-07	-9.45462297E-08	 5.38461346E-08	-1.53794984E-07
 4.100000E-02	-9.25290142E-04	-8.70415785E-04	-8.38403228E-05	 1.03462847E-04	 2.10736454E-05	-1.12270741E-05	-2.00294109E-06	 3.92228409E-07	 6.74613954E-08	 1.04619381E-07	 6.48944468E-04	 9.71227742E-04	 9.32363260E-04	 2.57123410E-04	 3.64340240E-05	-1.84412661E-06	-1.10235597E-06	-1.35335297E-07	 7.20974880E-08	-1.72837035E-07
 4.200000E-02	-1.08025293E-03	-1.02788217E-03	-1.15876277E-04	 1.21987292E-04	 2.55830037E-05	-1.43571062E-05	-2.60287162E-06	 5.03486202E-07	 9.96943168E-08	 1.12537853E-07	 7.30156821E-04	 1.13404627E-03	 1.11638252E-03	 3.20266709E-04	 4.58352473E-05	-2.76373579E-06	-1.40612613E-06	-1.84806236E-07	 9.61108335E-08	-1.92595436E-07
 4.300000E-02	-1.25688524E-03	-1.20999897E-03	-1.57351414E-04	 1.42611206E-04	 3.08353336E-05	-1.82622024E-05	-3.36376114E-06	 6.40025267E-07	 1.43315466E-07	 1.20033159E-07	 8.16597829E-04	 1.31778704E-03	 1.32999164E-03	 3.96634490E-04	 5.73608059E-05	-4.02640591E-06	-1.79830632E-06	-2.43877507E-07	 1.27640391E-07	-2.13101450E-07
 4.400000E-02	-1.45753685E-03	-1.42008286E-03	-2.10486054E-04	 1.65278707E-04	 3.69028248E-05	-2.31069037E-05	-4.32310127E-06	 8.06546522E-07	 2.01324004E-07	 1.28148582E-07	 9.07751962E-04	 1.52410174E-03	 1.57679286E-03	 4.88510865E-04	 7.14160252E-05	-5.73618031E-06	-2.30464272E-06	-3.13145192E-07	 1.68827919E-07	-2.33604469E-07
 4.500000E-02	-1.68470544E-03	-1.66181638E-03	-2.77913772E-04	 1.89837112E-04	 4.38531253E-05	-2.90837835E-05	-5.52601823E-06	 1.00827294E-06	 2.77383006E-07	 1.35829034E-07	 1.00289995E-03	 1.75460030E-03	 1.86065088E-03	 5.98484124E-04	 8.84672761E-05	-8.02344334E-06	-2.95771878E-06	-3.93226975E-07	 2.22484473E-07	-2.54118647E-07
 4.600000E-02	-1.94102809E-03	-1.93927344E-03	-3.62738984E-04	 2.16010756E-04	 5.17455979E-05	-3.64167460E-05	-7.02561182E-06	 1.25107944E-06	 3.75731226E-07	 1.44640684E-07	 1.10109029E-03	 2.01081081E-03	 2.18568511E-03	 7.29472370E-04	 1.09047692E-04	-1.10507685E-05	-3.79880340E-06	-4.84106348E-07	 2.92012176E-07	-2.73392116E-07
 4.700000E-02	-2.22926876E-03	-2.25694308E-03	-4.68599490E-04	 2.43371156E-04	 6.06270049E-05	-4.53641690E-05	-8.88501170E-06	 1.54134768E-06	 5.01271524E-07	 1.53296304E-07	 1.20110919E-03	 2.29413258E-03	 2.55625640E-03	 8.84748890E-04	 1.33763518E-04	-1.50192479E-05	-4.87925471E-06	-5.85728004E-07	 3.81888840E-07	-2.91413826E-07
 4.800000E-02	-2.55230152E-03	-2.61975119E-03	-5.99733806E-04	 2.71302535E-04	 7.05261102E-05	-5.62225095E-05	-1.11774438E-05	 1.88597112E-06	 6.59658031E-07	 1.63921690E-07	 1.30144984E-03	 2.60578130E-03	 2.97694713E-03	 1.06796683E-03	 1.63299566E-04	-2.01766134E-05	-6.26358936E-06	-6.96967905E-07	 4.97351509E-07	-3.06156732E-07
 4.900000E-02	-2.91308866E-03	-3.03307854E-03	-7.61053267E-04	 2.98963548E-04	 8.14475814E-05	-6.93288631E-05	-1.39890405E-05	 2.29229306E-06	 8.56942583E-07	 1.75102732E-07	 1.40028088E-03	 2.94672628E-03	 3.45253373E-03	 1.28318268E-03	 1.98425478E-04	-2.68256466E-05	-8.03075101E-06	-8.16597520E-07	 6.45512669E-07	-3.17568476E-07
 5.000000E-02	-3.31465375E-03	-3.50277449E-03	-9.58218511E-04	 3.25243754E-04	 9.33645774E-05	-8.50646381E-05	-1.74183327E-05	 2.76783647E-06	 1.10015073E-06	 1.89565628E-07	 1.49541520E-03	 3.31761877E-03	 3.98795093E-03	 1.53487771E-03	 2.40000602E-04	-3.53353308E-05	-1.02789200E-05	-9.41768389E-07	 8.34233176E-07	-3.22394872E-07
 5.100000E-02	-3.76004851E-03	-4.03516471E-03	-1.19771999E-03	 3.48716414E-04	 1.06210616E-04	-1.03856610E-04	-2.15801050E-05	 3.32053323E-06	 1.39597071E-06	 2.05944140E-07	 1.58427944E-03	 3.71871174E-03	 4.58824618E-03	 1.82797704E-03	 2.88979433E-04	-4.61515892E-05	-1.31264769E-05	-1.06935452E-06	 1.07460349E-06	-3.20396485E-07
 5.200000E-02	-4.25231416E-03	-4.63705123E-03	-1.48696238E-03	 3.67585726E-04	 1.19869352E-04	-1.26180285E-04	-2.66042522E-05	 3.95779157E-06	 1.75218665E-06	 2.27449282E-07	 1.66388577E-03	 4.14976966E-03	 5.25852465E-03	 2.16786451E-03	 3.46416143E-04	-5.98126555E-05	-1.67185457E-05	-1.19424705E-06	 1.37834832E-06	-3.06655477E-07
 5.300000E-02	-4.79443375E-03	-5.31570404E-03	-1.83434990E-03	 3.79630244E-04	 1.34165954E-04	-1.52558758E-04	-3.26391744E-05	 4.68694292E-06	 2.17593551E-06	 2.52532084E-07	 1.73080623E-03	 4.60996944E-03	 6.00388048E-03	 2.56039416E-03	 4.13466866E-04	-7.69619797E-05	-2.12293288E-05	-1.31029334E-06	 1.76140298E-06	-2.80000239E-07
 5.400000E-02	-5.38927899E-03	-6.07884124E-03	-2.24937389E-03	 3.82141504E-04	 1.48854836E-04	-1.83564759E-04	-3.98498587E-05	 5.51363838E-06	 2.67544901E-06	 2.84383513E-07	 1.78114932E-03	 5.09779303E-03	 6.82931693E-03	 3.01189648E-03	 4.91392579E-04	-9.83676653E-05	-2.68703095E-05	-1.40853114E-06	 2.24000485E-06	-2.33299840E-07
 5.500000E-02	-6.03954885E-03	-6.93459729E-03	-2.74270022E-03	 3.71859217E-04	 1.63609281E-04	-2.19815715E-04	-4.84221864E-05	 6.44286498E-06	 3.25708018E-06	 3.21002147E-07	 1.81054247E-03	 5.61091080E-03	 7.73965108E-03	 3.52917859E-03	 5.81558525E-04	-1.24937954E-04	-3.38930419E-05	-1.47801154E-06	 2.83645596E-06	-1.64021821E-07
 5.600000E-02	-6.74770130E-03	-7.89147552E-03	-3.32625595E-03	 3.44903035E-04	 1.78006554E-04	-2.61973337E-04	-5.85600417E-05	 7.47623939E-06	 3.92752664E-06	 3.65033965E-07	 1.81411896E-03	 6.14605827E-03	 8.73940597E-03	 4.11951776E-03	 6.85435719E-04	-1.57745673E-04	-4.25985088E-05	-1.50441564E-06	 3.57337934E-06	-6.29580953E-08
 5.700000E-02	-7.51587747E-03	-8.95828523E-03	-4.01331245E-03	 2.96701105E-04	 1.91517121E-04	-3.10733718E-04	-7.04894297E-05	 8.61348912E-06	 4.69035727E-06	 4.13490960E-07	 1.78651347E-03	 6.69890494E-03	 9.83268501E-03	 4.79064649E-03	 8.04595824E-04	-1.98045825E-04	-5.33419109E-05	-1.47010187E-06	 4.48117754E-06	 7.44561176E-08
 5.800000E-02	-8.34581841E-03	-1.01440583E-02	-4.81856412E-03	 2.21917981E-04	 2.03487352E-04	-3.66822652E-04	-8.44545597E-05	 9.84852140E-06	 5.54794830E-06	 4.67674210E-07	 1.72186445E-03	 7.26391986E-03	 1.10230323E-02	 5.55073007E-03	 9.40710668E-04	-2.47304997E-04	-6.65425042E-05	-1.35350090E-06	 5.59077414E-06	 2.59100003E-07
 5.900000E-02	-9.23877579E-03	-1.14579466E-02	-5.75819916E-03	 1.14379590E-04	 2.13130045E-04	-4.30979449E-04	-1.00720342E-04	 1.11711250E-05	 6.49894381E-06	 5.22777756E-07	 1.61382812E-03	 7.83423216E-03	 1.23132740E-02	 6.40833286E-03	 1.09554130E-03	-3.07220102E-04	-8.26919439E-05	-1.12773195E-06	 6.94178736E-06	 4.98686029E-07
 6.000000E-02	-1.01954148E-02	-1.29090952E-02	-6.84996035E-03	-3.29988612E-05	 2.19505721E-04	-5.03946170E-04	-1.19567521E-04	 1.25614228E-05	 7.53801578E-06	 5.77157316E-07	 1.45560133E-03	 8.40149367E-03	 1.37053438E-02	 7.37237746E-03	 1.27093423E-03	-3.79751948E-04	-1.02363820E-04	-7.61499222E-07	 8.57500598E-06	 8.04379585E-07
 6.100000E-02	-1.12157139E-02	-1.45064925E-02	-8.11319311E-03	-2.28287592E-04	 2.21516494E-04	-5.86444236E-04	-1.41291880E-04	 1.39912380E-05	 8.65674416E-06	 6.22645071E-07	 1.23995883E-03	 8.95574156E-03	 1.52000900E-02	 8.45208907E-03	 1.46880417E-03	-4.67143985E-04	-1.26226558E-04	-2.16132623E-07	 1.05397628E-05	 1.18752152E-06
 6.200000E-02	-1.22988562E-02	-1.62587941E-02	-9.56887387E-03	-4.80609624E-04	 2.17890175E-04	-6.79155593E-04	-1.66196373E-04	 1.54171028E-05	 9.83938385E-06	 6.52713008E-07	 9.59298519E-04	 9.48527183E-03	 1.67970625E-02	 9.65693669E-03	 1.69112322E-03	-5.71956376E-04	-1.55054034E-04	 5.53428130E-07	 1.28868266E-05	 1.65817326E-06
 6.300000E-02	-1.34431323E-02	-1.81741207E-02	-1.12396314E-02	-8.00207481E-04	 2.07170290E-04	-7.82688666E-04	-1.94595625E-04	 1.67826716E-05	 1.10630829E-05	 6.55709034E-07	 6.05701540E-04	 9.97652040E-03	 1.84942890E-02	 1.09965545E-02	 1.93990264E-03	-6.97084060E-04	-1.89736864E-04	 1.59971966E-06	 1.56782799E-05	 2.22905754E-06
 6.400000E-02	-1.46458352E-02	-2.02598245E-02	-1.31497397E-02	-1.19849778E-03	 1.87696756E-04	-8.97548959E-04	-2.26805963E-04	 1.80100173E-05	 1.22908557E-05	 6.20753122E-07	 1.71015114E-04	 1.04139567E-02	 2.02880321E-02	 1.24806576E-02	 2.21717864E-03	-8.45794890E-04	-2.31293377E-04	 2.97991665E-06	 1.89791428E-05	 2.90531599E-06
 6.500000E-02	-1.59031632E-02	-2.25222288E-02	-1.53250906E-02	-1.68812463E-03	 1.57604902E-04	-1.02409554E-03	-2.63142991E-04	 1.89999578E-05	 1.34790171E-05	 5.31946114E-07	-3.53054023E-04	 1.07799995E-02	 2.21725349E-02	 1.41189398E-02	 2.52498617E-03	-1.02174205E-03	-2.80886720E-04	 4.75842008E-06	 2.28647725E-05	 3.70087149E-06
 6.600000E-02	-1.72101266E-02	-2.49663388E-02	-1.77931323E-02	-2.28299470E-03	 1.14807538E-04	-1.16249925E-03	-3.03909008E-04	 1.96227383E-05	 1.45635309E-05	 3.73231946E-07	-9.74822258E-04	 1.10549551E-02	 2.41397480E-02	 1.59209694E-02	 2.86533717E-03	-1.22899966E-03	-3.39836936E-04	 7.00311272E-06	 2.74131211E-05	 4.61532514E-06
 6.700000E-02	-1.85604644E-02	-2.75955229E-02	-2.05827821E-02	-2.99830805E-03	 5.70022883E-05	-1.31268814E-03	-3.49384712E-04	 1.97156103E-05	 1.54748116E-05	 1.22943150E-07	-1.70249943E-03	 1.12169912E-02	 2.61790521E-02	 1.78960647E-02	 3.24018883E-03	-1.47206712E-03	-4.09640981E-04	 9.78748145E-06	 3.27106415E-05	 5.66357763E-06
 6.800000E-02	-1.99465762E-02	-3.04111699E-02	-2.37242972E-02	-3.85056601E-03	-1.83445378E-05	-1.47429239E-03	-3.99815800E-04	 1.90736347E-05	 1.61139414E-05	-2.40901195E-07	-2.54403481E-03	 1.12421431E-02	 2.82769654E-02	 2.00531740E-02	 3.65141483E-03	-1.75589791E-03	-4.91984718E-04	 1.31848549E-05	 3.88467957E-05	 6.83742027E-06
 6.900000E-02	-2.13594691E-02	-3.34123200E-02	-2.72491149E-02	-4.85757030E-03	-1.13981343E-04	-1.64657848E-03	-4.55396990E-04	 1.74435691E-05	 1.63773616E-05	-7.46447150E-07	-3.50694985E-03	 1.11043714E-02	 3.04168550E-02	 2.24007312E-02	 4.10077054E-03	-2.08589391E-03	-5.88763403E-04	 1.72680870E-05	 4.59179682E-05	 8.14986974E-06
 7.000000E-02	-2.27887324E-02	-3.65952777E-02	-3.11896438E-02	-6.03839476E-03	-2.32887466E-04	-1.82837947E-03	-5.16261890E-04	 1.45172629E-05	 1.61180081E-05	-1.41943708E-06	-4.59814634E-03	 1.07756614E-02	 3.25786403E-02	 2.49465249E-02	 4.58985935E-03	-2.46792306E-03	-7.02092511E-04	 2.21004283E-05	 5.40253314E-05	 9.58068634E-06
 7.100000E-02	-2.42225299E-02	-3.99532029E-02	-3.55790200E-02	-7.41334097E-03	-3.78244681E-04	-2.01801648E-03	-5.82453176E-04	 9.92197731E-06	 1.51864712E-05	-2.29025281E-06	-5.82369970E-03	 1.02261904E-02	 3.47385139E-02	 2.76975408E-02	 5.12009990E-03	-2.90829986E-03	-8.34324890E-04	 2.77345545E-05	 6.32758997E-05	 1.11415990E-05
 7.200000E-02	-2.56476001E-02	-4.34757091E-02	-4.04508005E-02	-9.00389630E-03	-5.53464511E-04	-2.21325095E-03	-6.53930634E-04	 3.18061295E-06	 1.33631463E-05	-3.41981440E-06	-7.18865438E-03	 9.42454166E-03	 3.68686478E-02	 3.06598355E-02	 5.69269236E-03	-3.41376539E-03	-9.88057594E-04	 3.42158719E-05	 7.37850522E-05	 1.28181275E-05
 7.300000E-02	-2.70492788E-02	-4.71484280E-02	-4.58386515E-02	-1.08326492E-02	-7.62208828E-04	-2.41119628E-03	-7.30572553E-04	-6.28370659E-06	 1.03956595E-05	-4.86443758E-06	-8.69684637E-03	 8.33796807E-03	 3.89368942E-02	 3.38383415E-02	 6.30857295E-03	-3.99147600E-03	-1.16615810E-03	 4.15433983E-05	 8.56619403E-05	 1.46134512E-05
 7.400000E-02	-2.84116401E-02	-5.09525785E-02	-5.17759656E-02	-1.29231342E-02	-1.00839218E-03	-2.60819697E-03	-8.12141725E-04	-1.91201371E-05	 5.95464505E-06	-6.65123433E-06	-1.03506521E-02	 6.93272959E-03	 4.09065413E-02	 3.72367147E-02	 6.96835229E-03	-4.64899524E-03	-1.37179410E-03	 4.96575189E-05	 9.90063640E-05	 1.64913136E-05
 7.500000E-02	-2.97176062E-02	-5.48645503E-02	-5.82954067E-02	-1.52996846E-02	-1.29611809E-03	-2.79974044E-03	-8.98210343E-04	-3.60812227E-05	-2.86755024E-07	-8.80382521E-06	-1.21507167E-02	 5.17454787E-03	 4.27360956E-02	 4.08571779E-02	 7.67226353E-03	-5.39423930E-03	-1.60845414E-03	 5.84267479E-05	 1.13896169E-04	 1.84499484E-05
 7.600000E-02	-3.09491062E-02	-5.88555273E-02	-6.54283933E-02	-1.79872626E-02	-1.62967731E-03	-2.98037328E-03	-9.88149028E-04	-5.80270975E-05	-8.74020037E-06	-1.13405585E-05	-1.40957367E-02	 3.02911120E-03	 4.43790793E-02	 4.47004149E-02	 8.42010191E-03	-6.23539870E-03	-1.87996753E-03	 6.76515217E-05	 1.30396445E-04	 2.04638334E-05
 7.700000E-02	-3.20872684E-02	-6.28911331E-02	-7.32045548E-02	-2.10112566E-02	-2.01349650E-03	-3.14361407E-03	-1.08105200E-03	-8.59614485E-05	-1.98151155E-05	-1.43013731E-05	-1.61822103E-02	 4.62694093E-04	 4.57838748E-02	 4.87654327E-02	 9.21116323E-03	-7.18087232E-03	-2.19052113E-03	 7.70246692E-05	 1.48537721E-04	 2.25400976E-05
 7.800000E-02	-3.31126554E-02	-6.69311338E-02	-8.16511049E-02	-2.43972544E-02	-2.45212607E-03	-3.28186920E-03	-1.17573518E-03	-1.21018791E-04	-3.40344404E-05	-1.77237694E-05	-1.84042378E-02	-2.55716467E-03	 4.68936161E-02	 5.30494973E-02	 1.00441860E-02	-8.23914035E-03	-2.54466953E-03	 8.61320237E-05	 1.68338914E-04	 2.46564946E-05
 7.900000E-02	-3.40055359E-02	-7.09291986E-02	-9.07922007E-02	-2.81707883E-02	-2.95018415E-03	-3.38635699E-03	-1.27063816E-03	-1.64506745E-04	-5.19186811E-05	-2.16717034E-05	-2.07533066E-02	-6.06086935E-03	 4.76461371E-02	 5.75480410E-02	 1.09172853E-02	-9.41868303E-03	-2.94734585E-03	 9.43911087E-05	 1.89766548E-04	 2.68180758E-05
 8.000000E-02	-3.47461817E-02	-7.48327465E-02	-1.00648201E-01	-3.23570691E-02	-3.51231081E-03	-3.44704539E-03	-1.36381583E-03	-2.17882183E-04	-7.41276774E-05	-2.62065093E-05	-2.32181377E-02	-1.00759185E-02	 4.79739868E-02	 6.22546578E-02	 1.18278922E-02	-1.07277955E-02	-3.40386618E-03	 1.01052255E-04	 2.12774657E-04	 2.89891433E-05
 8.100000E-02	-3.53152002E-02	-7.85828933E-02	-1.11234927E-01	-3.69806985E-02	-4.14310181E-03	-3.45260385E-03	-1.45281515E-03	-2.82799359E-04	-1.01311685E-04	-3.14080065E-05	-2.57845366E-02	-1.46259476E-02	 4.78045183E-02	 6.71610810E-02	 1.27726897E-02	-1.21744901E-02	-3.91992507E-03	 1.05111762E-04	 2.37240076E-04	 3.11596448E-05
 8.200000E-02	-3.56938541E-02	-8.21145302E-02	-1.22562785E-01	-4.20654006E-02	-4.84697790E-03	-3.39039640E-03	-1.53462248E-03	-3.61082220E-04	-1.34264415E-04	-3.73627449E-05	-2.84353332E-02	-1.97297278E-02	 4.70600543E-02	 7.22572604E-02	 1.37475400E-02	-1.37662468E-02	-4.50160478E-03	 1.05320301E-04	 2.63017775E-04	 3.32677282E-05
 8.300000E-02	-3.58644869E-02	-8.53565440E-02	-1.34636020E-01	-4.76337127E-02	-5.62819029E-03	-3.24644917E-03	-1.60561901E-03	-4.54743659E-04	-1.73817090E-04	-4.41355645E-05	-3.11503739E-02	-2.54000765E-02	 4.56581571E-02	 7.75314431E-02	 1.47474398E-02	-1.55099017E-02	-5.15532586E-03	 1.00052731E-04	 2.89865084E-04	 3.52614630E-05
 8.400000E-02	-3.58109473E-02	-8.82321428E-02	-1.47451827E-01	-5.37067075E-02	-6.49067691E-03	-3.00549794E-03	-1.66150333E-03	-5.65943973E-04	-2.20975037E-04	-5.18039511E-05	-3.39065072E-02	-3.16427765E-02	 4.35120115E-02	 8.29702894E-02	 1.57664627E-02	-1.74113867E-02	-5.88785217E-03	 8.73095034E-05	 3.17507119E-04	 3.70417536E-05
 8.500000E-02	-3.55190110E-02	-9.06594044E-02	-1.60999519E-01	-6.03037097E-02	-7.43804136E-03	-2.65100507E-03	-1.69723895E-03	-6.96999137E-04	-2.76812830E-04	-6.03895007E-05	-3.66776736E-02	-3.84554138E-02	 4.05309078E-02	 8.85590670E-02	 1.67977257E-02	-1.94755902E-02	-6.70620405E-03	 6.45762043E-05	 3.45536258E-04	 3.85337989E-05
 8.600000E-02	-3.49768389E-02	-9.25519513E-02	-1.75259632E-01	-6.74420621E-02	-8.47333972E-03	-2.16529619E-03	-1.70691287E-03	-8.50325742E-04	-3.42564496E-04	-6.99490651E-05	-3.94350151E-02	-4.58262662E-02	 3.66208617E-02	 9.42818244E-02	 1.78333416E-02	-2.17060928E-02	-7.61767018E-03	 2.88150480E-05	 3.73475356E-04	 3.96428071E-05
 8.700000E-02	-3.41753917E-02	-9.38198909E-02	-1.90203068E-01	-7.51368980E-02	-9.59905831E-03	-1.52962243E-03	-1.68373033E-03	-1.02841715E-03	-4.19582344E-04	-8.04604320E-05	-4.21470918E-02	-5.37331633E-02	 3.16853441E-02	 1.00121700E-01	 1.88644053E-02	-2.41050048E-02	-8.62966713E-03	-2.36794076E-05	 4.00666242E-04	 4.03068421E-05
 8.800000E-02	-3.31088857E-02	-9.43708930E-02	-2.05790255E-01	-8.34009791E-02	-1.08168466E-02	-7.24395462E-04	-1.61981167E-03	-1.23376456E-03	-5.09342347E-04	-9.19638600E-05	-4.47801416E-02	-6.21424310E-02	 2.56261744E-02	 1.06061139E-01	 1.98809815E-02	-2.66727328E-02	-9.74974966E-03	-9.73101629E-05	 4.26315405E-04	 4.04853609E-05
 8.900000E-02	-3.17751784E-02	-9.41115677E-02	-2.21970315E-01	-9.22445675E-02	-1.21274876E-02	 2.70698179E-04	-1.50625590E-03	-1.46879254E-03	-6.13513258E-04	-1.04426909E-04	-4.72984466E-02	-7.10079097E-02	 1.83445185E-02	 1.12082288E-01	 2.08721079E-02	-2.94078141E-02	-1.09854177E-02	-1.97320129E-04	 4.49381340E-04	 4.01421981E-05
 9.000000E-02	-3.01761850E-02	-9.29489680E-02	-2.38680384E-01	-1.01675342E-01	-1.35306335E-02	 1.47638183E-03	-1.33291236E-03	-1.73573196E-03	-7.33839969E-04	-1.17899269E-04	-4.96647630E-02	-8.02700579E-02	 9.74208250E-03	 1.18167250E-01	 2.18258473E-02	-3.23067320E-02	-1.23441110E-02	-3.29828396E-04	 4.68582305E-04	 3.93403863E-05
 9.100000E-02	-2.83182191E-02	-9.07924117E-02	-2.55844866E-01	-1.11698408E-01	-1.50247287E-02	 2.91360901E-03	-1.08847870E-03	-2.03652445E-03	-8.72327472E-04	-1.32418621E-04	-5.18408468E-02	-8.98552969E-02	-2.77608558E-04	 1.24298505E-01	 2.27292999E-02	-3.53637876E-02	-1.38329842E-02	-5.01967421E-04	 4.82286165E-04	 3.80716962E-05
 9.200000E-02	-2.62123811E-02	-8.75553759E-02	-2.73375100E-01	-1.22316263E-01	-1.66069080E-02	 4.60323468E-03	-7.60399864E-04	-2.37258807E-03	-1.03104690E-03	-1.48092108E-04	-5.37880429E-02	-9.96753938E-02	-1.18077050E-02	 1.30459171E-01	 2.35687418E-02	-3.85709876E-02	-1.54588691E-02	-7.21927968E-04	 4.88466516E-04	 3.65035736E-05
 9.300000E-02	-2.38748071E-02	-8.31577142E-02	-2.91168621E-01	-1.33528964E-01	-1.82726366E-02	 6.56574062E-03	-3.34700215E-04	-2.74474477E-03	-1.21220788E-03	-1.65154511E-04	-5.54678416E-02	-1.09627289E-01	-2.49363837E-02	 1.36633341E-01	 2.43296892E-02	-4.19180449E-02	-1.72280062E-02	-9.99080442E-04	 4.84613673E-04	 3.46389258E-05
 9.400000E-02	-2.13266941E-02	-7.75280266E-02	-3.09109119E-01	-1.45334267E-01	-2.00157217E-02	 8.82083180E-03	 2.03885059E-04	-3.15291463E-03	-1.41803809E-03	-1.83928853E-04	-5.68426937E-02	-1.19592890E-01	-3.97450622E-02	 1.42806445E-01	 2.49971446E-02	-4.53922001E-02	-1.91459677E-02	-1.34392449E-03	 4.67630206E-04	 3.27073719E-05
 9.500000E-02	-1.85945594E-02	-7.06061521E-02	-3.27066079E-01	-1.57727909E-01	-2.18278922E-02	 1.13871305E-02	 8.72231638E-04	-3.59600492E-03	-1.65069588E-03	-2.05020461E-04	-5.78767665E-02	-1.29439645E-01	-5.63064724E-02	 1.48965396E-01	 2.55557053E-02	-4.89784723E-02	-2.12173712E-02	-1.76824895E-03	 4.33764523E-04	 3.06712583E-05
 9.600000E-02	-1.57099675E-02	-6.23458463E-02	-3.44895221E-01	-1.70703864E-01	-2.36991168E-02	 1.42817741E-02	 1.68822618E-03	-4.07150072E-03	-1.91245622E-03	-2.29106855E-04	-5.85368707E-02	-1.39020946E-01	-7.46826491E-02	 1.55098932E-01	 2.59898675E-02	-5.26594489E-02	-2.34458192E-02	-2.28498949E-03	 3.78415079E-04	 2.85899022E-05
 9.700000E-02	-1.27098020E-02	-5.27173482E-02	-3.62438712E-01	-1.84254666E-01	-2.56171446E-02	 1.75201355E-02	 2.67142413E-03	-4.57531570E-03	-2.20509618E-03	-2.57292560E-04	-5.87933526E-02	-1.48177592E-01	-9.49227376E-02	 1.61197506E-01	 2.62842354E-02	-5.64158583E-02	-2.58335463E-02	-2.90837604E-03	 2.96145152E-04	 2.63085136E-05
 9.800000E-02	-9.63562792E-03	-4.17101990E-02	-3.79526116E-01	-1.98371811E-01	-2.75680750E-02	 2.11153888E-02	 3.84192492E-03	-5.10134760E-03	-2.53065473E-03	-2.90737769E-04	-5.86210075E-02	-1.56739085E-01	-1.17060831E-01	 1.67253415E-01	 2.64238264E-02	-6.02263970E-02	-2.83814593E-02	-3.65373839E-03	 1.80349750E-04	 2.33289336E-05
 9.900000E-02	-6.53408222E-03	-2.93355998E-02	-3.95975655E-01	-2.13045963E-01	-2.95362889E-02	 2.50784106E-02	 5.22115531E-03	-5.64120403E-03	-2.89009933E-03	-3.31111323E-04	-5.80000594E-02	-1.64526058E-01	-1.41113610E-01	 1.73260476E-01	 2.63943989E-02	-6.40685521E-02	-3.10886692E-02	-4.53746705E-03	 2.34458174E-05	 1.93360836E-05
 1.000000E-01	-3.45582596E-03	-1.56291106E-02	-4.11595506E-01	-2.28267534E-01	-3.15048405E-02	 2.94171804E-02	 6.83066891E-03	-6.18394918E-03	-3.28459134E-03	-3.80192177E-04	-5.69167210E-02	-1.71352785E-01	-1.67077940E-01	 1.79213647E-01	 2.61828928E-02	-6.79186777E-02	-3.39525586E-02	-5.57685918E-03	-1.83567259E-04	 1.29602765E-05
 1.010000E-01	-4.58279118E-04	-6.52313931E-04	-4.26188214E-01	-2.44025832E-01	-3.34572559E-02	 3.41382412E-02	 8.69163515E-03	-6.71436659E-03	-3.71422121E-03	-4.39035223E-04	-5.53651982E-02	-1.77030318E-01	-1.94929135E-01	 1.85108691E-01	 2.57774018E-02	-7.17529922E-02	-3.69685828E-02	-6.78967684E-03	-4.50850414E-04	 3.66448289E-06
 1.020000E-01	 2.39190433E-03	 1.55036577E-02	-4.39552456E-01	-2.60310173E-01	-3.53733418E-02	 3.92461088E-02	 1.08283334E-02	-7.21381144E-03	-4.17642550E-03	-5.08711957E-04	-5.33493040E-02	-1.81368526E-01	-2.24617786E-01	 1.90943032E-01	 2.51697855E-02	-7.55470437E-02	-4.01281821E-02	-8.19184392E-03	-7.88691218E-04	-8.05252194E-06
 1.030000E-01	 5.02551097E-03	 3.27148510E-02	-4.51482517E-01	-2.77112681E-01	-3.72294077E-02	 4.47406806E-02	 1.32671635E-02	-7.66143325E-03	-4.66607436E-03	-5.91316783E-04	-5.08831667E-02	-1.84180443E-01	-2.56067461E-01	 1.96715216E-01	 2.43561583E-02	-7.92763374E-02	-4.34191169E-02	-9.79892536E-03	-1.20793559E-03	-2.28633853E-05
 1.040000E-01	 7.37356737E-03	 5.08239803E-02	-4.61771795E-01	-2.94428031E-01	-3.90007098E-02	 5.06174503E-02	 1.60343189E-02	-8.03334360E-03	-5.17712087E-03	-6.89163578E-04	-4.79920616E-02	-1.85287997E-01	-2.89173687E-01	 2.02423036E-01	 2.33362683E-02	-8.29171742E-02	-4.68263749E-02	-1.16257149E-02	-1.72066850E-03	-4.34665160E-05
 1.050000E-01	 9.36894124E-03	 6.96395250E-02	-4.70216885E-01	-3.12253657E-01	-4.06631915E-02	 5.68679533E-02	 1.91545700E-02	-8.30172793E-03	-5.70183354E-03	-8.04076962E-04	-4.47138654E-02	-1.84526920E-01	-3.23802893E-01	 2.08062965E-01	 2.21134907E-02	-8.64475100E-02	-5.03324534E-02	-1.36864177E-02	-2.34010896E-03	-7.42244961E-05
 1.060000E-01	 1.09486978E-02	 8.89363466E-02	-4.76621765E-01	-3.30589203E-01	-4.21946827E-02	 6.34803320E-02	 2.26506762E-02	-8.43433349E-03	-6.23112353E-03	-9.37091644E-04	-4.10999453E-02	-1.81752924E-01	-3.59792017E-01	 2.13628625E-01	 2.06943931E-02	-8.98474955E-02	-5.39178740E-02	-1.59931255E-02	-3.08071989E-03	-1.20764147E-04
 1.070000E-01	 1.20564964E-02	 1.08456794E-01	-4.80802090E-01	-3.49436179E-01	-4.35760715E-02	 7.04399658E-02	 2.65430567E-02	-8.39413058E-03	-6.75299324E-03	-1.08827443E-03	-3.72155343E-02	-1.76847455E-01	-3.96948233E-01	 2.19109899E-01	 1.90885381E-02	-9.31004329E-02	-5.75613509E-02	-1.85557538E-02	-3.95771870E-03	-1.89405292E-04
 1.080000E-01	 1.26457301E-02	 1.27913286E-01	-4.82589439E-01	-3.68796997E-01	-4.47918888E-02	 7.77301337E-02	 3.08499552E-02	-8.13922592E-03	-7.25260759E-03	-1.25665740E-03	-3.31396923E-02	-1.69724386E-01	-4.35049527E-01	 2.24491334E-01	 1.73077773E-02	-9.61931624E-02	-6.12403768E-02	-2.13801514E-02	-4.98692368E-03	-2.86869162E-04
 1.090000E-01	 1.26825331E-02	 1.46991953E-01	-4.81835664E-01	-3.88673806E-01	-4.58310972E-02	 8.53331152E-02	 3.55874919E-02	-7.62279064E-03	-7.71062833E-03	-1.44012502E-03	-2.89643911E-02	-1.60336014E-01	-4.73845721E-01	 2.29751187E-01	 1.53655198E-02	-9.91169857E-02	-6.49314941E-02	-2.44680471E-02	-6.18397080E-03	-4.20032033E-04
 1.100000E-01	 1.21492307E-02	 1.65357779E-01	-4.78417032E-01	-4.09066881E-01	-4.66871342E-02	 9.32310268E-02	 4.07703047E-02	-6.79340378E-03	-8.10338016E-03	-1.63539265E-03	-2.47930336E-02	-1.48679434E-01	-5.13060288E-01	 2.34860121E-01	 1.32757055E-02	-1.01867615E-01	-6.86108831E-02	-2.78148204E-02	-7.56380325E-03	-5.95754630E-04
 1.110000E-01	 1.10474524E-02	 1.82661037E-01	-4.72238293E-01	-4.29972670E-01	-4.73582175E-02	 1.01407315E-01	 4.64118544E-02	-5.59531194E-03	-8.40137150E-03	-1.83784300E-03	-2.07377760E-02	-1.34801746E-01	-5.52392799E-01	 2.39780678E-01	 1.10516234E-02	-1.04445758E-01	-7.22545676E-02	-3.14094896E-02	-9.13950292E-03	-8.20918193E-04
 1.120000E-01	 9.40096202E-03	 1.98545240E-01	-4.63236496E-01	-4.51381486E-01	-4.78468767E-02	 1.09847717E-01	 5.25253229E-02	-3.96923193E-03	-8.56982066E-03	-2.04139850E-03	-1.69162109E-02	-1.18804926E-01	-5.91522045E-01	 2.44466734E-01	 8.70473057E-03	-1.06856382E-01	-7.58387904E-02	-3.52322264E-02	-1.09213248E-02	-1.10223427E-03
 1.130000E-01	 7.25809917E-03	 2.12656110E-01	-4.51384125E-01	-4.73275088E-01	-4.81593465E-02	 1.18541822E-01	 5.91244204E-02	-1.85313911E-03	-8.56735405E-03	-2.23833595E-03	-1.34464005E-02	-1.00848841E-01	-6.30109485E-01	 2.48863922E-01	 6.24363354E-03	-1.09108745E-01	-7.93395762E-02	-3.92544015E-02	-1.29149035E-02	-1.44622873E-03
 1.140000E-01	 4.69341918E-03	 2.24651885E-01	-4.36691841E-01	-4.95624359E-01	-4.83041161E-02	 1.27483545E-01	 6.62245834E-02	 8.16158996E-04	-8.34713235E-03	-2.41907851E-03	-1.04413194E-02	-8.11533530E-02	-6.67803329E-01	 2.52910361E-01	 3.67340601E-03	-1.11214713E-01	-8.27324733E-02	-4.34359365E-02	-1.51198045E-02	-1.85893506E-03
 1.150000E-01	 1.80780667E-03	 2.34214190E-01	-4.19210828E-01	-5.18386984E-01	-4.82909858E-02	 1.36672420E-01	 7.38434507E-02	 4.10173876E-03	-7.85644348E-03	-2.57189728E-03	-8.00212660E-03	-5.99979434E-02	-7.04243095E-01	 2.56538308E-01	 9.94870729E-04	-1.13188311E-01	-8.59915255E-02	-4.77257520E-02	-1.75273847E-02	-2.34578123E-03
 1.160000E-01	-1.27288760E-03	 2.41059734E-01	-3.99034520E-01	-5.41505522E-01	-4.81290990E-02	 1.46113374E-01	 8.20018285E-02	 8.06430211E-03	-7.03877494E-03	-2.68264193E-03	-6.21119537E-03	-3.77197414E-02	-7.39064445E-01	 2.59676193E-01	-1.79517356E-03	-1.15043311E-01	-8.90882125E-02	-5.20592291E-02	-2.01190584E-02	-2.91091819E-03
 1.170000E-01	-4.40132101E-03	 2.44951621E-01	-3.76299889E-01	-5.64905929E-01	-4.78259052E-02	 1.55817364E-01	 9.07234937E-02	 1.27603951E-02	-5.83454644E-03	-2.73447821E-03	-5.12474486E-03	-1.47086922E-02	-7.71904457E-01	 2.62251430E-01	-4.70384871E-03	-1.16792611E-01	-9.19896823E-02	-5.63593536E-02	-2.28641087E-02	-3.55681285E-03
 1.180000E-01	-7.41414351E-03	 2.45710673E-01	-3.51188094E-01	-5.88496721E-01	-4.73852053E-02	 1.65800132E-01	 1.00035377E-01	 1.82394905E-02	-4.18440041E-03	-2.70787929E-03	-4.76624300E-03	 8.59929482E-03	-8.02407050E-01	 2.64193500E-01	-7.74077092E-03	-1.18445435E-01	-9.46570132E-02	-6.05345020E-02	-2.57181710E-02	-4.28300108E-03
 1.190000E-01	-1.01396289E-02	 2.43225178E-01	-3.23924537E-01	-6.12168988E-01	-4.68065682E-02	 1.76082000E-01	 1.09966252E-01	 2.45418232E-02	-2.03116661E-03	-2.58071151E-03	-5.12065929E-03	 3.17320704E-02	-8.30228795E-01	 2.65437497E-01	-1.09169966E-02	-1.20007027E-01	-9.70430159E-02	-6.44805681E-02	-2.86216353E-02	-5.08534187E-03
 1.200000E-01	-1.24071556E-02	 2.37459504E-01	-2.94778236E-01	-6.35797254E-01	-4.60840307E-02	 1.86685462E-01	 1.20545651E-01	 3.16949093E-02	 6.75577576E-04	-2.32897555E-03	-6.13096339E-03	 5.41930023E-02	-8.55045017E-01	 2.65927682E-01	-1.42426366E-02	-1.21475900E-01	-9.90904797E-02	-6.80792986E-02	-3.14991846E-02	-5.95433769E-03
 1.210000E-01	-1.40578435E-02	 2.28459914E-01	-2.64060101E-01	-6.59241436E-01	-4.52062760E-02	 1.97634199E-01	 1.31801456E-01	 3.97111746E-02	 3.97680407E-03	-1.92767627E-03	-7.69679814E-03	 7.54751256E-02	-8.76556049E-01	 2.65621108E-01	-1.77250762E-02	-1.22844335E-01	-1.00730101E-01	-7.12016433E-02	-3.42594676E-02	-6.87423922E-03
 1.220000E-01	-1.49556224E-02	 2.16357866E-01	-2.32120078E-01	-6.82349982E-01	-4.41560616E-02	 2.08949188E-01	 1.43757654E-01	 4.85837522E-02	 7.89864073E-03	-1.35294160E-03	-9.67650345E-03	 9.50766913E-02	-8.94493893E-01	 2.64490818E-01	-2.13662532E-02	-1.24096086E-01	-1.01879672E-01	-7.37069292E-02	-3.67965937E-02	-7.82170829E-03
 1.230000E-01	-1.49970576E-02	 2.01369705E-01	-1.99341955E-01	-7.04964121E-01	-4.29105364E-02	 2.20646360E-01	 1.56431711E-01	 5.82834549E-02	 1.24501739E-02	-5.84520233E-04	-1.18917404E-02	 1.12517910E-01	-9.08628180E-01	 2.62528643E-01	-2.51606235E-02	-1.25208142E-01	-1.02442692E-01	-7.54478003E-02	-3.89914447E-02	-8.76539882E-03
 1.240000E-01	-1.41204825E-02	 1.83793506E-01	-1.66138500E-01	-7.26922708E-01	-4.14426899E-02	 2.32731848E-01	 1.69830299E-01	 6.87560058E-02	 1.76172317E-02	 3.93439036E-04	-1.41333586E-02	 1.27357012E-01	-9.18771594E-01	 2.59746602E-01	-2.90936303E-02	-1.26149932E-01	-1.02310470E-01	-7.62721371E-02	-4.07166461E-02	-9.66830924E-03
 1.250000E-01	-1.23183425E-02	 1.64004274E-01	-1.32949406E-01	-7.48064344E-01	-3.97281912E-02	 2.45203751E-01	 1.83941725E-01	 7.99233166E-02	 2.33589241E-02	 1.59129494E-03	-1.61765527E-02	 1.39206414E-01	-9.24789235E-01	 2.56177465E-01	-3.31444670E-02	-1.26887376E-01	-1.01365412E-01	-7.60303226E-02	-4.18412037E-02	-1.04882608E-02
 1.260000E-01	-9.64315100E-03	 1.42443431E-01	-1.00233877E-01	-7.68231081E-01	-3.77459607E-02	 2.58050193E-01	 1.98734345E-01	 9.16806522E-02	 2.96049026E-02	 3.00994179E-03	-1.77983759E-02	 1.47748623E-01	-9.26605054E-01	 2.51874331E-01	-3.72830708E-02	-1.27383075E-01	-9.94817975E-02	-7.45756492E-02	-4.22350311E-02	-1.11765522E-02
 1.270000E-01	-6.20642567E-03	 1.19604608E-01	-6.84600349E-02	-7.87273767E-01	-3.54804101E-02	 2.71249116E-01	 2.14153941E-01	 1.03896514E-01	 3.62563849E-02	 4.63811647E-03	-1.87930241E-02	 1.52749405E-01	-9.24205619E-01	 2.46909901E-01	-4.14704750E-02	-1.27600839E-01	-9.65283194E-02	-7.17721770E-02	-4.17742811E-02	-1.16800484E-02
 1.280000E-01	-2.17462166E-03	 9.60172125E-02	-3.80943495E-02	-8.05055744E-01	-3.29222366E-02	 2.84766338E-01	 2.30122666E-01	 1.16411678E-01	 4.31852325E-02	 6.45024020E-03	-1.89879329E-02	 1.54067959E-01	-9.17642792E-01	 2.41373957E-01	-4.56577796E-02	-1.27506315E-01	-9.23719028E-02	-6.74967582E-02	-4.03483219E-02	-1.19437590E-02
 1.290000E-01	 2.24066341E-03	 7.22278422E-02	-9.58959360E-03	-8.21456701E-01	-3.00715906E-02	 2.98557714E-01	 2.46536940E-01	 1.29042042E-01	 5.02373512E-02	 8.40578059E-03	-1.82582114E-02	 1.51663401E-01	-9.07034803E-01	 2.35370840E-01	-4.97893467E-02	-1.27072173E-01	-8.68831929E-02	-6.16479504E-02	-3.78666225E-02	-1.19151661E-02
 1.300000E-01	 6.79591560E-03	 4.87804819E-02	 1.66274170E-02	-8.36374989E-01	-2.69378718E-02	 3.12568479E-01	 2.63268616E-01	 1.41579835E-01	 5.72348835E-02	 1.04490012E-02	-1.65389280E-02	 1.45597413E-01	-8.92565290E-01	 2.29015643E-01	-5.38033249E-02	-1.26278167E-01	-7.99418222E-02	-5.41480430E-02	-3.42657213E-02	-1.15486116E-02
 1.310000E-01	 1.12328016E-02	 2.61966756E-02	 4.01682955E-02	-8.49729843E-01	-2.35422033E-02	 3.26737301E-01	 2.80165045E-01	 1.53799196E-01	 6.39829968E-02	 1.25107633E-02	-1.38327632E-02	 1.36032395E-01	-8.74479705E-01	 2.22430855E-01	-5.76363530E-02	-1.25115986E-01	-7.14427166E-02	-4.49518771E-02	-2.95151433E-02	-1.08102291E-02
 1.320000E-01	 1.52966647E-02	 4.95634753E-03	 6.06945311E-02	-8.61461737E-01	-1.99158498E-02	 3.40996650E-01	 2.97052810E-01	 1.65459564E-01	 7.02749957E-02	 1.45107766E-02	-1.02131173E-02	 1.23225721E-01	-8.53079587E-01	 2.15742269E-01	-6.12247771E-02	-1.23587776E-01	-6.13012799E-02	-3.40475155E-02	-2.36224425E-02	-9.68234209E-03
 1.330000E-01	 1.87556552E-02	-1.45192890E-02	 7.79279551E-02	-8.71533000E-01	-1.61013808E-02	 3.55277844E-01	 3.13740380E-01	 1.76313361E-01	 7.59021828E-02	 1.63616956E-02	-5.82030134E-03	 1.07519686E-01	-8.28712984E-01	 2.09075803E-01	-6.45091156E-02	-1.21710024E-01	-4.94581282E-02	-2.14637483E-02	-1.66356775E-02	-8.16694211E-03
 1.340000E-01	 2.14180873E-02	-3.18824563E-02	 9.16586931E-02	-8.79926789E-01	-1.21495055E-02	 3.69511508E-01	 3.30024163E-01	 1.86111292E-01	 8.06605912E-02	 1.79744442E-02	-8.52658791E-04	 8.93281016E-02	-8.01763948E-01	 2.02553423E-01	-6.74344611E-02	-1.19510472E-01	-3.58825821E-02	-7.26861107E-03	-8.64517677E-03	-6.28870855E-03
 1.350000E-01	 2.31462662E-02	-4.68692381E-02	 1.01750504E-01	-8.86646282E-01	-8.11961110E-03	 3.83633267E-01	 3.45692596E-01	 1.94611960E-01	 8.43620254E-02	 1.92641915E-02	 4.44730693E-03	 6.91201228E-02	-7.72639224E-01	 1.96290863E-01	-6.99545554E-02	-1.17030616E-01	-2.05752622E-02	 8.42573920E-03	 2.18259531E-04	-4.09499526E-03
 1.360000E-01	 2.38659021E-02	-5.93067225E-02	 1.08142704E-01	-8.91712286E-01	-4.07579906E-03	 3.97583589E-01	 3.60533233E-01	 2.01587962E-01	 8.68404061E-02	 2.01572264E-02	 9.81079322E-03	 4.74021612E-02	-7.41755713E-01	 1.90394101E-01	-7.20315447E-02	-1.14321005E-01	-3.56974229E-03	 2.54677684E-02	 9.78496644E-03	-1.65571353E-03
 1.370000E-01	 2.35696078E-02	-6.91147999E-02	 1.10849127E-01	-8.95161834E-01	-8.71259330E-05	 4.11312932E-01	 3.74337369E-01	 2.06835561E-01	 8.79621552E-02	 2.05960062E-02	 1.49619502E-02	 2.46992170E-02	-7.09526296E-01	 1.84958450E-01	-7.36392265E-02	-1.11442458E-01	 1.50677344E-02	 4.36651949E-02	 1.98529895E-02	 9.41237529E-04
 1.380000E-01	 2.23150415E-02	-7.63048383E-02	 1.09953755E-01	-8.97045100E-01	 3.77689527E-03	 4.24780129E-01	 3.86907234E-01	 2.10179858E-01	 8.76304047E-02	 2.05454078E-02	 1.96387393E-02	 1.53610446E-03	-6.76348280E-01	 1.80065672E-01	-7.47617373E-02	-1.08460371E-01	 3.52387583E-02	 6.27931080E-02	 3.01926293E-02	 3.59344215E-03
 1.390000E-01	 2.02173145E-02	-8.09732219E-02	 1.05604221E-01	-8.97424466E-01	 7.44620465E-03	 4.37955933E-01	 3.98060265E-01	 2.11482500E-01	 8.57928362E-02	 1.99941931E-02	 2.36105581E-02	-2.15797609E-02	-6.42591658E-01	 1.75784383E-01	-7.53959568E-02	-1.05445330E-01	 5.68158509E-02	 8.25958741E-02	 4.05570716E-02	 6.19197077E-03
 1.400000E-01	 1.74375360E-02	-8.32932957E-02	 9.80032964E-02	-8.96371856E-01	 1.08554267E-02	 4.50819132E-01	 4.07635835E-01	 2.10644054E-01	 8.24426930E-02	 1.89584741E-02	 2.66962178E-02	-4.41740459E-02	-6.08589904E-01	 1.72167474E-01	-7.55474448E-02	-1.02467478E-01	 7.96463454E-02	 1.02797608E-01	 5.06896161E-02	 8.62698772E-03
 1.410000E-01	 1.41685972E-02	-8.35029557E-02	 8.74002349E-02	-8.93968698E-01	 1.39443702E-02	 4.63358631E-01	 4.15498702E-01	 2.07609581E-01	 7.76224483E-02	 1.74804373E-02	 2.87736165E-02	-6.58187239E-02	-5.74633053E-01	 1.69252571E-01	-7.52325324E-02	-9.95982188E-02	 1.03556919E-01	 1.23105517E-01	 6.03358190E-02	 1.07956494E-02
 1.420000E-01	 1.06199235E-02	-8.18943220E-02	 7.40817780E-02	-8.90306457E-01	 1.66642775E-02	 4.75564984E-01	 4.21544988E-01	 2.02365062E-01	 7.14216490E-02	 1.56250057E-02	 2.97944225E-02	-8.61430528E-02	-5.40956781E-01	 1.67058167E-01	-7.44656208E-02	-9.69064623E-02	 1.28365824E-01	 1.43220491E-01	 6.92557274E-02	 1.26082523E-02
 1.430000E-01	 6.99719496E-03	-7.87946753E-02	 5.83594986E-02	-8.85486127E-01	 1.89726584E-02	 4.87431575E-01	 4.25701777E-01	 1.94948184E-01	 6.39748694E-02	 1.34885403E-02	 2.97812191E-02	-1.04842962E-01	-5.07745632E-01	 1.65581991E-01	-7.32703318E-02	-9.44620513E-02	 1.53877302E-01	 1.62841550E-01	 7.72277631E-02	 1.39945166E-02
 1.440000E-01	 3.48549894E-03	-7.45467231E-02	 4.05559426E-02	-8.79606084E-01	 2.08337972E-02	 4.98958582E-01	 4.27925422E-01	 1.85450335E-01	 5.54522568E-02	 1.11912923E-02	 2.87994219E-02	-1.21680261E-01	-4.75155695E-01	 1.64804445E-01	-7.16913249E-02	-9.23267903E-02	 1.79875145E-01	 1.81680034E-01	 8.40514842E-02	 1.49096394E-02
 1.450000E-01	 2.41557821E-04	-6.94953387E-02	 2.10002371E-02	-8.72760644E-01	 2.22208667E-02	 5.10157723E-01	 4.28202584E-01	 1.74008542E-01	 4.60555886E-02	 8.85712849E-03	 2.69481589E-02	-1.36480292E-01	-4.43313780E-01	 1.64693812E-01	-6.97888400E-02	-9.05563276E-02	 2.06137211E-01	 1.99464864E-01	 8.95616791E-02	 1.53382845E-02
 1.460000E-01	-2.61293689E-03	-6.39774372E-02	 2.30094872E-05	-8.65039135E-01	 2.31214422E-02	 5.21043839E-01	 4.26551324E-01	 1.60795484E-01	 3.60100463E-02	 6.60321471E-03	 2.43562318E-02	-1.49129166E-01	-4.12316040E-01	 1.65205316E-01	-6.76255520E-02	-8.91961523E-02	 2.32447319E-01	 2.15950542E-01	 9.36367527E-02	 1.52940259E-02
 1.470000E-01	-4.99640438E-03	-5.83092660E-02	-2.20487244E-02	-8.56524717E-01	 2.35338494E-02	 5.31639118E-01	 4.23018368E-01	 1.46014986E-01	 2.55563623E-02	 4.53139328E-03	 2.11709150E-02	-1.59568821E-01	-3.82230040E-01	 1.66284615E-01	-6.52666418E-02	-8.82856225E-02	 2.58601791E-01	 2.30920308E-01	 9.62029888E-02	 1.48179314E-02
 1.480000E-01	-6.86778604E-03	-5.27780408E-02	-4.48950408E-02	-8.47291240E-01	 2.34708145E-02	 5.41966628E-01	 4.17677367E-01	 1.29893636E-01	 1.49416864E-02	 2.72366351E-03	 1.75493057E-02	-1.67790120E-01	-3.53098914E-01	 1.67868319E-01	-6.27721754E-02	-8.78530884E-02	 2.84413877E-01	 2.44191379E-01	 9.72350033E-02	 1.39735638E-02
 1.490000E-01	-8.22442226E-03	-4.76337503E-02	-6.82056663E-02	-8.37402891E-01	 2.29544174E-02	 5.52055374E-01	 4.10624739E-01	 1.12676405E-01	 4.40987476E-03	 1.23926647E-03	 1.36474568E-02	-1.73825822E-01	-3.24944267E-01	 1.69887429E-01	-6.01990139E-02	-8.79213051E-02	 3.09717702E-01	 2.55615429E-01	 9.67545145E-02	 1.28406035E-02
 1.500000E-01	-9.09724215E-03	-4.30845621E-02	-9.16821202E-02	-8.26911201E-01	 2.20185662E-02	 5.61933665E-01	 4.01976114E-01	 9.46187356E-02	-5.80609417E-03	 1.13209649E-04	 9.61322505E-03	-1.77742283E-01	-2.97770911E-01	 1.72268533E-01	-5.75948095E-02	-8.85018887E-02	 3.34369004E-01	 2.65080935E-01	 9.48265822E-02	 1.15088919E-02
 1.510000E-01	-9.54423031E-03	-3.92934794E-02	-1.15039148E-01	-8.15856114E-01	 2.07024794E-02	 5.71634466E-01	 3.91861699E-01	 7.59818024E-02	-1.54935886E-02	-6.42445820E-04	 5.57940603E-03	-1.79632052E-01	-2.71569309E-01	 1.74937479E-01	-5.50015632E-02	-8.96015842E-02	 3.58247373E-01	 2.72511806E-01	 9.15544268E-02	 1.00700671E-02
 1.520000E-01	-9.64315334E-03	-3.63774975E-02	-1.38006230E-01	-8.04264043E-01	 1.90527626E-02	 5.81187822E-01	 3.80422025E-01	 5.70257358E-02	-2.44646221E-02	-1.03765501E-03	 1.66015082E-03	-1.79606068E-01	-2.46319471E-01	 1.77820928E-01	-5.24502701E-02	-9.12156465E-02	 3.81254446E-01	 2.77867705E-01	 8.70736584E-02	 8.61393777E-03
 1.530000E-01	-9.48386825E-03	-3.44084013E-02	-1.60328949E-01	-7.92150126E-01	 1.71156789E-02	 5.90627121E-01	 3.67803744E-01	 3.80051265E-02	-3.25635360E-02	-1.09983467E-03	-2.05110969E-03	-1.77787715E-01	-2.21993065E-01	 1.80849309E-01	-4.99664711E-02	-9.33350999E-02	 4.03314970E-01	 2.81141568E-01	 8.15444444E-02	 7.22070749E-03
 1.540000E-01	-9.16127567E-03	-3.34146470E-02	-1.81770431E-01	-7.79517757E-01	 1.49398915E-02	 5.99979543E-01	 3.54155635E-01	 1.91633267E-02	-3.96674205E-02	-8.72108283E-04	-5.48144836E-03	-1.74306813E-01	-1.98555686E-01	 1.83958467E-01	-4.75646859E-02	-9.59394667E-02	 4.24373134E-01	 2.82357911E-01	 7.51456092E-02	 5.96012908E-03
 1.550000E-01	-8.76839207E-03	-3.33849186E-02	-2.02112727E-01	-7.66361152E-01	 1.25685617E-02	 6.09274007E-01	 3.39626060E-01	 7.28948711E-04	-4.56906729E-02	-4.06566608E-04	-8.57647412E-03	-1.69295690E-01	-1.75969105E-01	 1.87091708E-01	-4.52562909E-02	-9.90057631E-02	 4.44392535E-01	 2.81569391E-01	 6.80652657E-02	 4.88583974E-03
 1.560000E-01	-8.39127898E-03	-3.42714510E-02	-2.21158178E-01	-7.52666337E-01	 1.00434185E-02	 6.18529456E-01	 3.24359739E-01	-1.70884760E-02	-5.05823212E-02	 2.37296566E-04	-1.12982757E-02	-1.62885787E-01	-1.54192388E-01	 1.90200727E-01	-4.30432340E-02	-1.02500287E-01	 4.63351404E-01	 2.78854272E-01	 6.04963221E-02	 4.03731023E-03
 1.570000E-01	-8.10444144E-03	-3.59955824E-02	-2.38731048E-01	-7.38413673E-01	 7.39675107E-03	 6.27765073E-01	 3.08496963E-01	-3.41007767E-02	-5.43269743E-02	 9.99566620E-04	-1.36208274E-02	-1.55205669E-01	-1.33184464E-01	 1.93246598E-01	-4.09277860E-02	-1.06389264E-01	 4.81242612E-01	 2.74312635E-01	 5.26273902E-02	 3.43777929E-03
 1.580000E-01	-7.96821205E-03	-3.84510325E-02	-2.54678402E-01	-7.23579678E-01	 4.65752544E-03	 6.36986332E-01	 2.92171516E-01	-5.01440986E-02	-5.69406444E-02	 1.82106089E-03	-1.55280138E-02	-1.46380606E-01	-1.12904072E-01	 1.96199100E-01	-3.89046413E-02	-1.10630274E-01	 4.98068426E-01	 2.68063327E-01	 4.46402338E-02	 3.09673983E-03
 1.590000E-01	-8.02696571E-03	-4.15112458E-02	-2.68872048E-01	-7.08139825E-01	 1.84266004E-03	 6.46197380E-01	 2.75510988E-01	-6.50801579E-02	-5.84682303E-02	 2.64799546E-03	-1.70072172E-02	-1.36531563E-01	-9.33121594E-02	 1.99037589E-01	-3.69716092E-02	-1.15183627E-01	 5.13841969E-01	 2.60240523E-01	 3.67032655E-02	 3.01246345E-03
 1.600000E-01	-8.30847056E-03	-4.50300616E-02	-2.81207967E-01	-6.92069242E-01	-1.03488625E-03	 6.55386309E-01	 2.58636948E-01	-7.87955732E-02	-5.89795478E-02	 3.43577789E-03	-1.80515315E-02	-1.25777547E-01	-7.43733462E-02	 2.01748200E-01	-3.51219354E-02	-1.20004546E-01	 5.28579480E-01	 2.50990421E-01	 2.89694307E-02	 3.17202908E-03
 1.610000E-01	-8.82241439E-03	-4.88513994E-02	-2.91607504E-01	-6.75345793E-01	-3.97401835E-03	 6.64539989E-01	 2.41665628E-01	-9.12035025E-02	-5.85635534E-02	 4.14752633E-03	-1.86567337E-02	-1.14234524E-01	-5.60613352E-02	 2.04325220E-01	-3.33585965E-02	-1.25054192E-01	 5.42301755E-01	 2.40467121E-01	 2.15724327E-02	 3.55572828E-03
 1.620000E-01	-9.56083154E-03	-5.28082384E-02	-3.00015620E-01	-6.57948604E-01	-6.97361098E-03	 6.73629125E-01	 2.24709692E-01	-1.02243432E-01	-5.73245358E-02	 4.75792519E-03	-1.88225685E-02	-1.02020265E-01	-3.83551747E-02	 2.06765015E-01	-3.16798544E-02	-1.30292896E-01	 5.55030152E-01	 2.28829505E-01	 1.46256780E-02	 4.13550039E-03
 1.630000E-01	-1.04985214E-02	-5.67348684E-02	-3.06402143E-01	-6.39864168E-01	-1.00428603E-02	 6.82622125E-01	 2.07877014E-01	-1.11882634E-01	-5.53757730E-02	 5.24671613E-03	-1.85462551E-02	-8.92529343E-02	-2.12420747E-02	 2.09068903E-01	-3.00931514E-02	-1.35689698E-01	 5.66790197E-01	 2.16237404E-01	 8.22406751E-03	 4.88119025E-03
 1.640000E-01	-1.15944962E-02	-6.04605950E-02	-3.10758996E-01	-6.21078469E-01	-1.31863164E-02	 6.91463120E-01	 1.91277849E-01	-1.20122490E-01	-5.28340340E-02	 5.59734179E-03	-1.78272208E-02	-7.60566068E-02	-4.71336003E-03	 2.11235412E-01	-2.85986879E-02	-1.41212435E-01	 5.77606730E-01	 2.02855081E-01	 2.44055108E-03	 5.76389177E-03
 1.650000E-01	-1.27940487E-02	-6.38237003E-02	-3.13102142E-01	-6.01586014E-01	-1.64184662E-02	 7.00098635E-01	 1.75015461E-01	-1.26982191E-01	-4.98195902E-02	 5.80684467E-03	-1.66714684E-02	-6.25601055E-02	 1.12220632E-02	 2.13262893E-01	-2.72167343E-02	-1.46836046E-01	 5.87496991E-01	 1.88843004E-01	-2.67401682E-03	 6.75164578E-03
 1.660000E-01	-1.40311358E-02	-6.66781637E-02	-3.13464676E-01	-5.81400939E-01	-1.97464825E-02	 7.08466115E-01	 1.59194854E-01	-1.32500625E-01	-4.64491092E-02	 5.88348780E-03	-1.50873829E-02	-4.88958063E-02	 2.65534454E-02	 2.15150541E-01	-2.59530060E-02	-1.52543225E-01	 5.96486025E-01	 1.74354904E-01	-7.08147628E-03	 7.81129748E-03
 1.670000E-01	-1.52288358E-02	-6.88887939E-02	-3.11899525E-01	-5.60535993E-01	-2.31822648E-02	 7.16495015E-01	 1.43919768E-01	-1.36742102E-01	-4.28322264E-02	 5.83583874E-03	-1.30874100E-02	-3.52042551E-02	 4.12614738E-02	 2.16890148E-01	-2.48247643E-02	-1.58322498E-01	 6.04594180E-01	 1.59540544E-01	-1.07610895E-02	 8.91287549E-03
 1.680000E-01	-1.63043688E-02	-7.03426491E-02	-3.08474554E-01	-5.39025310E-01	-2.67284287E-02	 7.24105213E-01	 1.29296498E-01	-1.39788701E-01	-3.90690480E-02	 5.67921361E-03	-1.06930987E-02	-2.16290927E-02	 5.53208528E-02	 2.18474463E-01	-2.38390472E-02	-1.64167123E-01	 6.11844161E-01	 1.44542910E-01	-1.37047278E-02	 1.00271103E-02
 1.690000E-01	-1.71704779E-02	-7.09461718E-02	-3.03272072E-01	-5.16903307E-01	-3.03888566E-02	 7.31211813E-01	 1.15430651E-01	-1.41739731E-01	-3.52477702E-02	 5.43161331E-03	-7.93615807E-03	-8.31944105E-03	 6.87002136E-02	 2.19887252E-01	-2.30109060E-02	-1.70075468E-01	 6.18254189E-01	 1.29498408E-01	-1.59169537E-02	 1.11270028E-02
 1.700000E-01	-1.77401790E-02	-7.06314912E-02	-2.96386444E-01	-4.94223842E-01	-3.41570748E-02	 7.37723690E-01	 1.02429747E-01	-1.42706846E-01	-3.14435445E-02	 5.11378969E-03	-4.86119077E-03	 4.57393351E-03	 8.13624164E-02	 2.21112194E-01	-2.23463368E-02	-1.76048498E-01	 6.23841811E-01	 1.14536432E-01	-1.74132435E-02	 1.21866108E-02
 1.710000E-01	-1.79313012E-02	-6.93572456E-02	-2.87922461E-01	-4.71043506E-01	-3.80262237E-02	 7.43546982E-01	 9.03992658E-02	-1.42812246E-01	-2.77173456E-02	 4.74849059E-03	-1.52870677E-03	 1.69006384E-02	 9.32658589E-02	 2.22124950E-01	-2.18574764E-02	-1.82089329E-01	 6.28618874E-01	 9.97793931E-02	-1.82182310E-02	 1.31811590E-02
 1.720000E-01	-1.76705070E-02	-6.71094605E-02	-2.77994944E-01	-4.47435500E-01	-4.19798779E-02	 7.48586230E-01	 7.94439000E-02	-1.42183733E-01	-2.41161567E-02	 4.35737494E-03	 1.98481624E-03	 2.85127897E-02	 1.04363667E-01	 2.22900988E-01	-2.15491907E-02	-1.88201353E-01	 6.32593026E-01	 8.53429521E-02	-1.83663051E-02	 1.40869219E-02
 1.730000E-01	-1.68995725E-02	-6.39035950E-02	-2.66726500E-01	-4.23475774E-01	-4.60014204E-02	 7.52746875E-01	 6.96633925E-02	-1.40952920E-01	-2.06725790E-02	 3.96144585E-03	 5.58380848E-03	 3.92703686E-02	 1.14605241E-01	 2.23409891E-01	-2.14325893E-02	-1.94386863E-01	 6.35763264E-01	 7.13366519E-02	-1.78996370E-02	 1.48809571E-02
 1.740000E-01	-1.55788668E-02	-5.97815121E-02	-2.54248893E-01	-3.99252871E-01	-5.00671168E-02	 7.55938144E-01	 6.11522710E-02	-1.39250467E-01	-1.74063927E-02	 3.57656850E-03	 9.15510757E-03	 4.90419326E-02	 1.23933712E-01	 2.23621599E-01	-2.15158344E-02	-2.00646470E-01	 6.38118769E-01	 5.78636868E-02	-1.68711093E-02	 1.55412295E-02
 1.750000E-01	-1.36941560E-02	-5.48135085E-02	-2.40700779E-01	-3.74855697E-01	-5.41531402E-02	 7.58073258E-01	 5.39966528E-02	-1.37209294E-01	-1.43231499E-02	 3.20940925E-03	 1.25736520E-02	 5.77109766E-02	 1.32294250E-01	 2.23501279E-01	-2.18100546E-02	-2.06976954E-01	 6.39639465E-01	 4.50231536E-02	-1.53413623E-02	 1.60491252E-02
 1.760000E-01	-1.12555709E-02	-4.90928745E-02	-2.26227286E-01	-3.50382338E-01	-5.82295740E-02	 7.59072779E-01	 4.82737129E-02	-1.34956207E-01	-1.14178253E-02	 2.85966605E-03	 1.57149777E-02	 6.51764033E-02	 1.39637861E-01	 2.23016810E-01	-2.23173184E-02	-2.13369972E-01	 6.40299025E-01	 3.29111516E-02	-1.33782482E-02	 1.63918518E-02
 1.770000E-01	-8.30236397E-03	-4.27355149E-02	-2.10978136E-01	-3.25929990E-01	-6.22700224E-02	 7.58866108E-01	 4.40461126E-02	-1.32607847E-01	-8.67809261E-03	 2.52427552E-03	 1.84541518E-02	 7.13590160E-02	 1.45921237E-01	 2.22135393E-01	-2.30426466E-02	-2.19811219E-01	 6.40061202E-01	 2.16211676E-02	-1.10551748E-02	 1.65612901E-02
 1.780000E-01	-4.90138272E-03	-3.58736735E-02	-1.95108568E-01	-3.01601682E-01	-6.62468253E-02	 7.57394415E-01	 4.13603427E-02	-1.30265396E-01	-6.08795311E-03	 2.19664666E-03	 2.06742887E-02	 7.62012963E-02	 1.51106843E-01	 2.20829385E-01	-2.39866448E-02	-2.26280738E-01	 6.38879778E-01	 1.12430479E-02	-8.45239612E-03	 1.65547961E-02
 1.790000E-01	-1.14855009E-03	-2.86540895E-02	-1.78777312E-01	-2.77497355E-01	-7.01388371E-02	 7.54610477E-01	 4.02420071E-02	-1.28013106E-01	-3.63091465E-03	 1.86883231E-03	 2.22715893E-02	 7.96719642E-02	 1.55166568E-01	 2.19072646E-01	-2.51522997E-02	-2.32752759E-01	 6.36699156E-01	 1.86306063E-03	-5.65415246E-03	 1.63750530E-02
 1.800000E-01	 2.83585964E-03	-2.12318754E-02	-1.62146384E-01	-2.53719992E-01	-7.39266775E-02	 7.50480691E-01	 4.06943460E-02	-1.25914124E-01	-1.29314538E-03	 1.53149779E-03	 2.31637540E-02	 8.17653865E-02	 1.58082786E-01	 2.16846064E-01	-2.65376526E-02	-2.39196250E-01	 6.33455795E-01	-6.43801728E-03	-2.74800440E-03	 1.60307343E-02
 1.810000E-01	 6.91072773E-03	-1.37667906E-02	-1.45378251E-01	-2.30367100E-01	-7.75990268E-02	 7.44984639E-01	 4.26948627E-02	-1.24009587E-01	 9.33780576E-04	 1.17580699E-03	 2.32955175E-02	 8.25036091E-02	 1.59851507E-01	 2.14133860E-01	-2.81412784E-02	-2.45575518E-01	 6.29080661E-01	-1.35858901E-02	 1.78542914E-04	 1.55359799E-02
 1.820000E-01	 1.09220960E-02	-6.41796233E-03	-1.28634047E-01	-2.07536473E-01	-8.11474331E-02	 7.38116048E-01	 4.61945624E-02	-1.22316035E-01	 3.05084009E-03	 7.94204718E-04	 2.26443871E-02	 8.19351802E-02	 1.60483469E-01	 2.10928648E-01	-2.99554458E-02	-2.51850778E-01	 6.23501781E-01	-1.95157356E-02	 3.04039193E-03	 1.49100276E-02
 1.830000E-01	 1.47108076E-02	 6.60985713E-04	-1.12070268E-01	-1.85318086E-01	-8.45712793E-02	 7.29882230E-01	 5.11163754E-02	-1.20825560E-01	 5.05006475E-03	 3.81629798E-04	 2.12237594E-02	 8.01344791E-02	 1.60005634E-01	 2.07227652E-01	-3.19711644E-02	-2.57979242E-01	 6.16648154E-01	-2.41743465E-02	 5.75850272E-03	 1.41759748E-02
 1.840000E-01	 1.81223981E-02	 7.32588511E-03	-9.58355698E-02	-1.63799451E-01	-8.78719581E-02	 7.20304057E-01	 5.73557088E-02	-1.19505521E-01	 6.91432151E-03	-6.36681980E-05	 1.90840226E-02	 7.71998701E-02	 1.58461633E-01	 2.03037172E-01	-3.41720567E-02	-2.63915551E-01	 6.08452984E-01	-2.75239125E-02	 8.26320227E-03	 1.33591895E-02
 1.850000E-01	 2.10164800E-02	 1.34471239E-02	-8.00677245E-02	-1.43058092E-01	-9.10569032E-02	 7.09415211E-01	 6.47810138E-02	-1.18300397E-01	 8.61768680E-03	-5.40006646E-04	 1.63111308E-02	 7.32506772E-02	 1.55910797E-01	 1.98368885E-01	-3.65396368E-02	-2.69612985E-01	 5.98858322E-01	-2.95447834E-02	 1.04974761E-02	 1.24856010E-02
 1.860000E-01	 2.32757371E-02	 1.89119710E-02	-6.48898540E-02	-1.23166440E-01	-9.41333804E-02	 6.97261623E-01	 7.32360211E-02	-1.17134200E-01	 1.01274192E-02	-1.04223302E-03	 1.30221048E-02	 6.84247465E-02	 1.52427413E-01	 1.93243467E-01	-3.90482041E-02	-2.75023761E-01	 5.87818326E-01	-3.02392129E-02	 1.24200634E-02	 1.15795624E-02
 1.870000E-01	 2.48138317E-02	 2.36289555E-02	-5.04086270E-02	-1.04185292E-01	-9.71121357E-02	 6.83900410E-01	 8.25425734E-02	-1.15914491E-01	 1.14063135E-02	-1.56285947E-03	 9.35890201E-03	 6.28736009E-02	 1.48097385E-01	 1.87686962E-01	-4.16704545E-02	-2.80100233E-01	 5.75304049E-01	-2.96338158E-02	 1.40076378E-02	 1.06623304E-02
 1.880000E-01	 2.55807493E-02	 2.75283110E-02	-3.67107162E-02	-8.61684072E-02	-1.00000870E-01	 6.69399171E-01	 9.25048542E-02	-1.14537049E-01	 1.24167373E-02	-2.09262527E-03	 5.47925941E-03	 5.67595066E-02	 1.43016538E-01	 1.81733179E-01	-4.43732741E-02	-2.84795380E-01	 5.61306071E-01	-2.77821907E-02	 1.52564644E-02	 9.75061044E-03
 1.890000E-01	 2.55652246E-02	 3.05652219E-02	-2.38645159E-02	-6.91570237E-02	-1.02809291E-01	 6.53835358E-01	 1.02912888E-01	-1.12890450E-01	 1.31236567E-02	-2.62125446E-03	 1.54617337E-03	 5.02494524E-02	 1.37284568E-01	 1.75420017E-01	-4.71246642E-02	-2.89063769E-01	 5.45837927E-01	-2.47659387E-02	 1.61823662E-02	 8.85613987E-03
 1.900000E-01	 2.47919901E-02	 3.27191650E-02	-1.19197086E-02	-5.31830695E-02	-1.05545009E-01	 6.37295903E-01	 1.13546668E-01	-1.10863078E-01	 1.34983705E-02	-3.13995852E-03	-2.28214766E-03	 4.35127190E-02	 1.31003736E-01	 1.68791585E-01	-4.98894034E-02	-2.92862028E-01	 5.28937400E-01	-2.06942144E-02	 1.68195773E-02	 7.98633365E-03
 1.910000E-01	 2.33206491E-02	 3.39958442E-02	-9.09475864E-04	-3.82644874E-02	-1.08217324E-01	 6.19875659E-01	 1.24183038E-01	-1.08350045E-01	 1.35226624E-02	-3.64358619E-03	-5.85979762E-03	 3.67143456E-02	 1.24274249E-01	 1.61894460E-01	-5.26341719E-02	-2.96150319E-01	 5.10669080E-01	-1.57019187E-02	 1.72181986E-02	 7.14525644E-03
 1.920000E-01	 2.12392741E-02	 3.44242600E-02	 9.15010912E-03	-2.44092507E-02	-1.10832088E-01	 6.01676562E-01	 1.34601395E-01	-1.05259438E-01	 1.31922503E-02	-4.13095385E-03	-9.06172493E-03	 3.00125505E-02	 1.17193890E-01	 1.54778246E-01	-5.53234527E-02	-2.98893397E-01	 4.91123746E-01	-9.94692469E-03	 1.74407880E-02	 6.33509024E-03
 1.930000E-01	 1.86586111E-02	 3.40571014E-02	 1.82554476E-02	-1.16119425E-02	-1.13396410E-01	 5.82806070E-01	 1.44590214E-01	-1.01517535E-01	 1.25189913E-02	-4.60510652E-03	-1.17887485E-02	 2.35524480E-02	 1.09853551E-01	 1.47491924E-01	-5.79247900E-02	-3.01061954E-01	 4.70418288E-01	-3.60566696E-03	 1.75575596E-02	 5.55788216E-03
 1.940000E-01	 1.57030177E-02	 3.29663052E-02	 2.64157462E-02	 1.42065878E-04	-1.15913612E-01	 5.63375776E-01	 1.53952395E-01	-9.70736388E-02	 1.15320469E-02	-5.07247965E-03	-1.39716203E-02	 1.74641677E-02	 1.02338651E-01	 1.40083814E-01	-6.04044165E-02	-3.02633796E-01	 4.48692924E-01	 3.13201649E-03	 1.76413373E-02	 4.81709146E-03
 1.950000E-01	 1.25033855E-02	 3.12417741E-02	 3.36478432E-02	 1.08784995E-02	-1.18387889E-01	 5.43499136E-01	 1.62510943E-01	-9.19030539E-02	 1.02774307E-02	-5.54171094E-03	-1.55714642E-02	 1.18575314E-02	 9.47258794E-02	 1.32598371E-01	-6.27319989E-02	-3.03594772E-01	 4.26108862E-01	 1.00691623E-02	 1.77620110E-02	 4.11898041E-03
 1.960000E-01	 9.18841577E-03	 2.89857392E-02	 3.99771234E-02	 2.06296934E-02	-1.20819146E-01	 5.23289679E-01	 1.70112863E-01	-8.60091303E-02	 8.81627456E-03	-6.02174098E-03	-1.65791284E-02	 6.82147307E-03	 8.70860201E-02	 1.25076209E-01	-6.48763842E-02	-3.03939523E-01	 4.02843553E-01	 1.70081084E-02	 1.79814592E-02	 3.47325028E-03
 1.970000E-01	 5.87898607E-03	 2.63102036E-02	 4.54327431E-02	 2.94351664E-02	-1.23207453E-01	 5.02858279E-01	 1.76632952E-01	-7.94232790E-02	 7.22170937E-03	-6.51986947E-03	-1.70117267E-02	 2.42040547E-03	 7.94815582E-02	 1.17551861E-01	-6.68100880E-02	-3.03671518E-01	 3.79086625E-01	 2.37572297E-02	 1.83490398E-02	 2.89314313E-03
 1.980000E-01	 2.68203311E-03	 2.33307783E-02	 5.00495357E-02	 3.73371105E-02	-1.25547888E-01	 4.82311322E-01	 1.81975416E-01	-7.22039487E-02	 5.57473441E-03	-7.03984702E-03	-1.69087095E-02	-1.30462295E-03	 7.19701589E-02	 1.10054389E-01	-6.85054749E-02	-3.02802997E-01	 3.55034058E-01	 3.01370841E-02	 1.88981917E-02	 2.39464410E-03
 1.990000E-01	-3.12142386E-04	 2.01636654E-02	 5.38639139E-02	 4.43803202E-02	-1.27834977E-01	 4.61748145E-01	 1.86075133E-01	-6.44338440E-02	 3.95943011E-03	-7.58038011E-03	-1.63264382E-02	-4.33744243E-03	 6.46025322E-02	 1.02606444E-01	-6.99391526E-02	-3.01353858E-01	 3.30883457E-01	 3.59861532E-02	 1.96443769E-02	 1.99521743E-03
 2.000000E-01	-3.03262952E-03	 1.69199175E-02	 5.69165655E-02	 5.06082771E-02	-1.30057895E-01	 4.41259789E-01	 1.88896746E-01	-5.62163839E-02	 2.45784310E-03	-8.13428197E-03	-1.53331141E-02	-6.68376820E-03	 5.74258181E-02	 9.52256995E-02	-7.10887030E-02	-2.99350743E-01	 3.06828347E-01	 4.11653765E-02	 2.05844115E-02	 1.71196315E-03
 2.010000E-01	-5.42761162E-03	 1.37029875E-02	 5.92487907E-02	 5.60632950E-02	-1.32205177E-01	 4.20927317E-01	 1.90433437E-01	-4.76710425E-02	 1.14514090E-03	-8.68840185E-03	-1.40034222E-02	-8.37062581E-03	 5.04813131E-02	 8.79251462E-02	-7.19368724E-02	-2.96824928E-01	 2.83054012E-01	 4.55618678E-02	 2.16973325E-02	 1.55975044E-03
 2.020000E-01	-7.46383216E-03	 1.06042953E-02	 6.09059016E-02	 6.07836968E-02	-1.34260100E-01	 4.00821448E-01	 1.90704370E-01	-3.89287532E-02	 8.55204978E-05	-9.22456256E-03	-1.24141358E-02	-9.44192051E-03	 4.38073948E-02	 8.07150545E-02	-7.24687028E-02	-2.93810961E-01	 2.59733018E-01	 4.90910554E-02	 2.29463562E-02	 1.54930901E-03
 2.030000E-01	-9.12416698E-03	 7.70172649E-03	 6.19340431E-02	 6.48043440E-02	-1.36205408E-01	 3.81001883E-01	 1.89752103E-01	-3.01264986E-02	-6.71002751E-04	-9.72077541E-03	-1.06404625E-02	-9.95666013E-03	 3.74367102E-02	 7.36038043E-02	-7.26755432E-02	-2.90344381E-01	 2.37022297E-01	 5.16977029E-02	 2.42821311E-02	 1.68541960E-03
 2.040000E-01	-1.04062012E-02	 5.05697754E-03	 6.23828807E-02	 6.81551853E-02	-1.38019920E-01	 3.61518299E-01	 1.87638402E-01	-2.14021061E-02	-1.09109680E-03	-1.01529379E-02	-8.75328516E-03	-9.98365006E-03	 3.13985540E-02	 6.66002422E-02	-7.25523012E-02	-2.86460289E-01	 2.15060548E-01	 5.33556273E-02	 2.56466894E-02	 1.96592766E-03
 2.050000E-01	-1.13192624E-02	 2.71591624E-03	 6.23020779E-02	 7.08628974E-02	-1.39683523E-01	 3.42410955E-01	 1.84440814E-01	-1.28893045E-02	-1.15902443E-03	-1.04969381E-02	-6.81715074E-03	-9.59900569E-03	 2.57162706E-02	 5.97145331E-02	-7.21005448E-02	-2.82191356E-01	 1.93967210E-01	 5.40665299E-02	 2.69777155E-02	 2.38139631E-03
 2.060000E-01	-1.18823308E-02	 7.07815519E-04	 6.17438571E-02	 7.29506186E-02	-1.41173991E-01	 3.23712433E-01	 1.80248627E-01	-4.71352001E-03	-8.76550109E-04	-1.07306999E-02	-4.88905764E-03	-8.88107232E-03	 2.04094074E-02	 5.29599696E-02	-7.13256805E-02	-2.77567090E-01	 1.73841686E-01	 5.38577057E-02	 2.82127988E-02	 2.91545313E-03
 2.070000E-01	-1.21214100E-02	-9.52822900E-04	 6.07593835E-02	 7.44401537E-02	-1.42471740E-01	 3.05448906E-01	 1.75159706E-01	 3.01189424E-03	-2.61571982E-04	-1.08360141E-02	-3.01789797E-03	-7.90828040E-03	 1.54914401E-02	 4.63531487E-02	-7.02392148E-02	-2.72612751E-01	 1.54763829E-01	 5.27791670E-02	 2.92933175E-02	 3.54578579E-03
 2.080000E-01	-1.20676788E-02	-2.26551610E-03	 5.94010621E-02	 7.53524576E-02	-1.43556794E-01	 2.87642148E-01	 1.69277140E-01	 1.01884061E-02	 6.53991128E-04	-1.07999702E-02	-1.24428893E-03	-6.75507859E-03	 1.09718911E-02	 3.99148207E-02	-6.88558882E-02	-2.67349591E-01	 1.36794469E-01	 5.09001149E-02	 3.01677075E-02	 4.24559247E-03
 2.090000E-01	-1.17555412E-02	-3.24110348E-03	 5.77190539E-02	 7.57098001E-02	-1.44412991E-01	 2.70310796E-01	 1.62706866E-01	 1.67344939E-02	 1.82705464E-03	-1.06158335E-02	 3.99134518E-04	-5.49072720E-03	 6.85452276E-03	 3.36691688E-02	-6.71952472E-02	-2.61794732E-01	 1.19976807E-01	 4.83051505E-02	 3.07939570E-02	 4.98533651E-03
 2.100000E-01	-1.12212752E-02	-3.90018269E-03	 5.57634410E-02	 7.55363361E-02	-1.45024955E-01	 2.53472014E-01	 1.55555226E-01	 2.25867627E-02	 3.20648745E-03	-1.02834178E-02	 1.88738191E-03	-4.17660475E-03	 3.13947463E-03	 2.76436790E-02	-6.52788974E-02	-2.55962249E-01	 1.04337615E-01	 4.50903095E-02	 3.11412147E-02	 5.73461950E-03
 2.110000E-01	-1.05017312E-02	-4.27022984E-03	 5.35810652E-02	 7.48596909E-02	-1.45381647E-01	 2.37142245E-01	 1.47927443E-01	 2.77005509E-02	 4.73638407E-03	-9.80884848E-03	 3.20245548E-03	-2.86611153E-03	-1.78107753E-04	 2.18677000E-02	-6.31316472E-02	-2.49863709E-01	 8.98889333E-02	 4.13591441E-02	 3.11905587E-02	 6.46393561E-03
 2.120000E-01	-9.63345512E-03	-4.38394830E-03	 5.12176655E-02	 7.37110650E-02	-1.45473328E-01	 2.21338109E-01	 1.39925971E-01	 3.20495408E-02	 6.35914234E-03	-9.20398015E-03	 4.33286589E-03	-1.60326372E-03	-3.10598904E-03	 1.63716921E-02	-6.07790707E-02	-2.43509642E-01	 7.66294466E-02	 3.72190150E-02	 3.09349554E-02	 7.14627350E-03
 2.130000E-01	-8.65186245E-03	-4.27675276E-03	 4.87151075E-02	 7.21259791E-02	-1.45294558E-01	 2.06076501E-01	 1.31649582E-01	 3.56251601E-02	 8.01823484E-03	-8.48524497E-03	 5.27280655E-03	-4.23496636E-04	-5.65596471E-03	 1.11855130E-02	-5.82485023E-02	-2.36910285E-01	 6.45460446E-02	 3.27776071E-02	 3.03785468E-02	 7.75825653E-03
 2.140000E-01	-7.59072578E-03	-3.98554980E-03	 4.61134856E-02	 7.01436998E-02	-1.44841397E-01	 1.91374771E-01	 1.23192145E-01	 3.84353326E-02	 9.66049064E-03	-7.67226831E-03	 6.02145261E-03	 6.46837560E-04	-7.84210391E-03	 6.33756333E-03	-5.55671451E-02	-2.30077124E-01	 5.36149689E-02	 2.81396617E-02	 2.95354217E-02	 8.28079634E-03
 2.150000E-01	-6.48167124E-03	-3.54676320E-03	 4.34487515E-02	 6.78073163E-02	-1.44113797E-01	 1.77250243E-01	 1.14642249E-01	 4.05026421E-02	 1.12380123E-02	-6.78685153E-03	 6.58225695E-03	 1.58892409E-03	-9.68152121E-03	 1.85296045E-03	-5.27628136E-02	-2.23023468E-01	 4.38033761E-02	 2.34044750E-02	 2.84280425E-02	 8.69967368E-03
 2.160000E-01	-5.35374529E-03	-2.99548313E-03	 4.07548307E-02	 6.51628281E-02	-1.43112851E-01	 1.63719875E-01	 1.06082457E-01	 4.18621422E-02	 1.27094603E-02	-5.85188180E-03	 6.96259082E-03	 2.39133750E-03	-1.11926749E-02	-2.24716408E-03	-4.98623733E-02	-2.15765392E-01	 3.50704807E-02	 1.86639862E-02	 2.70854660E-02	 9.00578090E-03
 2.170000E-01	-4.23311263E-03	-2.36427867E-03	 3.80615216E-02	 6.22585244E-02	-1.41843001E-01	 1.50799487E-01	 9.75890457E-02	 4.25593585E-02	 1.40408502E-02	-4.89014436E-03	 7.17293531E-03	 3.04840804E-03	-1.23961500E-02	-5.94684883E-03	-4.68925373E-02	-2.08321845E-01	 2.73687869E-02	 1.40011420E-02	 2.55415220E-02	 9.19487394E-03
 2.180000E-01	-3.14279362E-03	-1.68287092E-03	 3.53965002E-02	 5.91438395E-02	-1.40309635E-01	 1.38503241E-01	 8.92314042E-02	 4.26480245E-02	 1.52058602E-02	-3.92338779E-03	 7.22643722E-03	 3.55990624E-03	-1.33132912E-02	-9.23552617E-03	-4.38787342E-02	-2.00715136E-01	 2.06450637E-02	 9.48882334E-03	 2.38330273E-02	 9.26713819E-03
 2.190000E-01	-2.10254192E-03	-9.77540017E-04	 3.27834208E-02	 5.58684385E-02	-1.38521085E-01	 1.26842829E-01	 8.10719143E-02	 4.21879999E-02	 1.61857667E-02	-2.97156115E-03	 7.13816407E-03	 3.92945892E-03	-1.39668603E-02	-1.21086212E-02	-4.08457809E-02	-1.92970561E-01	 1.48414670E-02	 5.18914852E-03	 2.19981613E-02	 9.22655265E-03
 2.200000E-01	-1.12877528E-03	-2.71183704E-04	 3.02437790E-02	 5.24811011E-02	-1.36486523E-01	 1.15826984E-01	 7.31655179E-02	 4.12431259E-02	 1.69690710E-02	-2.05229257E-03	 6.92468651E-03	 4.16430289E-03	-1.43798798E-02	-1.45672548E-02	-3.78169999E-02	-1.85116394E-01	 9.89649499E-03	 1.15325626E-03	 2.00750377E-02	 9.08021414E-03
 2.210000E-01	-2.34601052E-04	 4.16888947E-04	 2.77951883E-02	 4.90288370E-02	-1.34217748E-01	 1.05460889E-01	 6.55597656E-02	 3.98793784E-02	 1.75508956E-02	-1.18055515E-03	 6.60340646E-03	 4.27387282E-03	-1.45761648E-02	-1.66183392E-02	-3.48147390E-02	-1.77183191E-01	 5.74603502E-03	-2.57863362E-03	 1.81004946E-02	 8.83760361E-03
 2.220000E-01	 5.70093946E-04	 1.07067968E-03	 2.54531200E-02	 4.55560149E-02	-1.31727315E-01	 9.57458947E-02	 5.82946000E-02	 3.81630751E-02	 1.79322446E-02	-3.68512799E-04	 6.19220329E-03	 4.26971080E-03	-1.45793229E-02	-1.82738862E-02	-3.18596531E-02	-1.69203444E-01	 2.32431368E-03	-5.97679030E-03	 1.61091564E-02	 8.50991185E-03
 2.230000E-01	 1.27850565E-03	 1.67749361E-03	 2.32293594E-02	 4.21036991E-02	-1.29030088E-01	 8.66792538E-02	 5.14026089E-02	 3.61594411E-02	 1.81191632E-02	 3.74496719E-04	 5.70886901E-03	 4.16424502E-03	-1.44131479E-02	-1.95507781E-02	-2.89710601E-02	-1.61210772E-01	-4.35138500E-04	-9.02138721E-03	 1.41326854E-02	 8.10940249E-03
 2.240000E-01	 1.88671137E-03	 2.22757072E-03	 2.11336479E-02	 3.87091249E-02	-1.26141553E-01	 7.82541126E-02	 4.49090297E-02	 3.39312929E-02	 1.81218644E-02	 1.04187292E-03	 5.17086593E-03	 3.97084604E-03	-1.41007336E-02	-2.04698716E-02	-2.61663427E-02	-1.53239438E-01	-2.59858298E-03	-1.17016694E-02	 1.21993106E-02	 7.64885738E-03
 2.250000E-01	 2.39350120E-03	 2.71400437E-03	 1.91723527E-02	 3.54053373E-02	-1.23079054E-01	 7.04595584E-02	 3.88322757E-02	 3.15380156E-02	 1.79538990E-02	 1.62951477E-03	 4.59488152E-03	 3.70276147E-03	-1.36647408E-02	-2.10556341E-02	-2.34611632E-02	-1.45323528E-01	-4.23121156E-03	-1.40149436E-02	 1.03334798E-02	 7.14126070E-03
 2.260000E-01	 2.80011585E-03	 3.13228308E-03	 1.73500478E-02	 3.22209067E-02	-1.19860236E-01	 6.32807532E-02	 3.31841595E-02	 2.90346735E-02	 1.76313191E-02	 2.13555334E-03	 3.99657130E-03	 3.37333455E-03	-1.31267876E-02	-2.13351293E-02	-2.08691659E-02	-1.37496400E-01	-5.39652097E-03	-1.59655047E-02	 8.55566042E-03	 6.59938392E-03
 2.270000E-01	 3.10986722E-03	 3.48004546E-03	 1.56682789E-02	 2.91797096E-02	-1.16504206E-01	 5.66991877E-02	 2.79703707E-02	 2.64715247E-02	 1.71718518E-02	 2.56012604E-03	 3.39017688E-03	 2.99527167E-03	-1.25077253E-02	-2.13374053E-02	-1.84021937E-02	-1.29789983E-01	-6.15571178E-03	-1.75637658E-02	 6.88232265E-03	 6.03530005E-03
 2.280000E-01	 3.32779294E-03	 3.75673916E-03	 1.41270436E-02	 2.63010604E-02	-1.13030125E-01	 5.06930750E-02	 2.31908566E-02	 2.38936106E-02	 1.65942004E-02	 2.90510891E-03	 2.78850599E-03	 2.58093266E-03	-1.18270086E-02	-2.10926094E-02	-1.60699624E-02	-1.22234403E-01	-6.56705300E-03	-1.88252159E-02	 5.32610009E-03	 5.46014431E-03
 2.290000E-01	 3.46034072E-03	 3.96342376E-03	 1.27237648E-02	 2.35997437E-02	-1.09458089E-01	 4.52377712E-02	 1.88405049E-02	 2.13405650E-02	 1.59174297E-02	 3.17379244E-03	 2.20270247E-03	 2.14166978E-03	-1.11028845E-02	-2.06314997E-02	-1.38802010E-02	-1.14857453E-01	-6.68543339E-03	-1.97694219E-02	 3.89597807E-03	 4.88397794E-03
 2.300000E-01	 3.51501778E-03	 4.10246941E-03	 1.14547019E-02	 2.10863483E-02	-1.05807825E-01	 4.03062293E-02	 1.49096506E-02	 1.88465248E-02	 1.51604523E-02	 3.37061144E-03	 1.64229538E-03	 1.68819602E-03	-1.03519374E-02	-1.99846845E-02	-1.18385077E-02	-1.07684326E-01	-6.56194480E-03	-2.04190494E-02	 2.59758828E-03	 4.31569086E-03
 2.310000E-01	 3.50010534E-03	 4.17736584E-03	 1.03140759E-02	 1.87674299E-02	-1.02099418E-01	 3.58694923E-02	 1.13847945E-02	 1.64402296E-02	 1.43415886E-02	 3.50086786E-03	 1.11508881E-03	 1.23001395E-03	-9.58925430E-03	-1.91822559E-02	-9.94848262E-03	-1.00737317E-01	-6.24364248E-03	-2.07990003E-02	 1.43351518E-03	 3.76296482E-03
 2.320000E-01	 3.42434043E-03	 4.19247132E-03	 9.29538615E-03	 1.66459838E-02	-9.83521541E-02	 3.18971581E-02	 8.24914260E-03	 1.41451832E-02	 1.34782181E-02	 3.57049647E-03	 6.27285046E-04	 7.75823361E-04	-8.82811731E-03	-1.82532019E-02	-8.21173132E-03	-9.40356904E-02	-5.77333113E-03	-2.09355852E-02	 4.03653649E-04	 3.23226171E-03
 2.330000E-01	 3.29667604E-03	 4.15282566E-03	 8.39065762E-03	 1.47216611E-02	-9.45851267E-02	 2.83578722E-02	 5.48329119E-03	 1.19799447E-02	 1.25865011E-02	 3.58584066E-03	 1.83461550E-04	 3.33044583E-04	-8.08017629E-03	-1.72251515E-02	-6.62801393E-03	-8.75955705E-02	-5.18951887E-03	-2.08558391E-02	-4.94432578E-04	 2.72884418E-03
 2.340000E-01	 3.12602583E-03	 4.06395535E-03	 7.59164636E-03	 1.29913210E-02	-9.08162463E-02	 2.52197546E-02	 3.06575546E-03	 9.95844473E-03	 1.16811853E-02	 3.55345010E-03	-2.13252235E-04	-9.17587048E-05	-7.35527081E-03	-1.61239717E-02	-5.19536241E-03	-8.14299322E-02	-4.52636977E-03	-2.05868662E-02	-1.26513913E-03	 2.25683122E-03
 2.350000E-01	 2.92105892E-03	 3.93170032E-03	 6.88915787E-03	 1.14492541E-02	-8.70627853E-02	 2.24508380E-02	 9.73570566E-04	 8.09037384E-03	 1.07754644E-02	 3.47989855E-03	-5.61144649E-04	-4.93263467E-04	-6.66162818E-03	-1.49736022E-02	-3.91025504E-03	-7.55486334E-02	-3.81383237E-03	-2.01553285E-02	-1.91447252E-03	 1.81926294E-03
 2.360000E-01	 2.69000598E-03	 3.76205687E-03	 6.27412539E-03	 1.00877518E-02	-8.33405822E-02	 2.00194236E-02	-8.17277255E-04	 6.38159197E-03	 9.88088814E-03	 3.37162534E-03	-8.59695790E-04	-8.66941188E-04	-6.00579087E-03	-1.37957982E-02	-2.76780927E-03	-6.99585060E-02	-3.07771609E-03	-1.95870216E-02	-2.44968882E-03	 1.41813262E-03
 2.370000E-01	 2.44056489E-03	 3.56104726E-03	 5.73703889E-03	 8.89733452E-03	-7.96644812E-02	 1.78944678E-02	-2.33129092E-03	 4.83457428E-03	 9.00737131E-03	 3.23484148E-03	-1.10947506E-03	-1.20941170E-03	-5.39276862E-03	-1.26101138E-02	-1.76189528E-03	-6.46635561E-02	-2.33988384E-03	-1.89065507E-02	-2.87895595E-03	 1.05449246E-03
 2.380000E-01	 2.17981989E-03	 3.33462708E-03	 5.26890067E-03	 7.86730371E-03	-7.60476552E-02	 1.60458526E-02	-3.59303474E-03	 3.44883821E-03	 8.16323322E-03	 3.07544070E-03	-1.31192832E-03	-1.51807024E-03	-4.82605072E-03	-1.14338657E-02	-8.85386181E-04	-5.96651218E-02	-1.61843307E-03	-1.81369930E-02	-3.21106830E-03	 7.28609445E-04
 2.390000E-01	 1.91415324E-03	 3.08855072E-03	 4.86065451E-03	 6.98589248E-03	-7.25020615E-02	 1.44446629E-02	-4.62675099E-03	 2.22136928E-03	 7.35524935E-03	 2.89891542E-03	-1.46930306E-03	-1.79134054E-03	-4.30781748E-03	-1.02821181E-02	-1.30322227E-04	-5.49620955E-02	-9.28024566E-04	-1.72997007E-02	-3.45519509E-03	 4.40071031E-04
 2.400000E-01	 1.64920774E-03	 2.82831059E-03	 4.50399648E-03	 6.24076760E-03	-6.90379499E-02	 1.30633643E-02	-5.45606980E-03	 1.14703819E-03	 6.58873021E-03	 2.71030411E-03	-1.58443007E-03	-2.02829028E-03	-3.83901586E-03	-9.16773210E-03	 5.11821855E-04	-5.05511191E-02	-2.80116302E-04	-1.64141552E-02	-3.62064490E-03	 1.87878768E-04
 2.410000E-01	 1.38985761E-03	 2.55902670E-03	 4.19084957E-03	 5.61912732E-03	-6.56642822E-02	 1.18759983E-02	-6.10373836E-03	 2.18994398E-04	 5.86762375E-03	 2.51415035E-03	-1.66064260E-03	-2.22884200E-03	-3.41954754E-03	-8.10140288E-03	 1.05001533E-03	-4.64268599E-02	 3.16684365E-04	-1.54978988E-02	-3.71666884E-03	-2.94503706E-05
 2.420000E-01	 1.14021014E-03	 2.28543275E-03	 3.91403291E-03	 5.10815016E-03	-6.23883847E-02	 1.08582816E-02	-6.59142558E-03	-5.70962494E-04	 5.19463079E-03	 2.31448087E-03	-1.70158043E-03	-2.39340538E-03	-3.04838485E-03	-7.09179246E-03	 1.49340880E-03	-4.25822082E-02	 8.56363997E-04	-1.45664899E-02	-3.75229175E-03	-2.13785259E-04
 2.430000E-01	 9.03616776E-04	 2.01178973E-03	 3.66677265E-03	 4.69503352E-03	-5.92163328E-02	 9.98772083E-03	-6.93955433E-03	-1.23204246E-03	 4.57133213E-03	 2.11480172E-03	-1.71112286E-03	-2.52305452E-03	-2.72373621E-03	-6.14559768E-03	 1.85125294E-03	-3.90085758E-02	 1.33514796E-03	-1.36335292E-02	-3.73617763E-03	-3.67289008E-04
 2.440000E-01	 6.82711494E-04	 1.74191293E-03	 3.44324827E-03	 4.36738302E-03	-5.61527172E-02	 9.24364335E-03	-7.16718296E-03	-1.77415363E-03	 3.99832422E-03	 1.91810358E-03	-1.69322454E-03	-2.61919450E-03	-2.44318080E-03	-5.26775390E-03	 2.13265936E-03	-3.56960893E-02	 1.75124628E-03	-1.27106971E-02	-3.67652314E-03	-4.92332087E-04
 2.450000E-01	 4.79447256E-04	 1.47910645E-03	 3.23813572E-03	 4.11319257E-03	-5.32009937E-02	 8.60723964E-03	-7.29192613E-03	-2.20762864E-03	 3.47535205E-03	 1.72688284E-03	-1.65186808E-03	-2.68371081E-03	-2.20380658E-03	-4.46150954E-03	 2.34656000E-03	-3.26338844E-02	 2.10451653E-03	-1.18078426E-02	-3.58098043E-03	-5.91415336E-04
 2.460000E-01	 2.95158169E-04	 1.22621936E-03	 3.04704583E-03	 3.92116370E-03	-5.03633393E-02	 8.06153199E-03	-7.32990230E-03	-2.54298448E-03	 3.00144529E-03	 1.54315880E-03	-1.59092943E-03	-2.71867548E-03	-2.00234433E-03	-3.72867749E-03	 2.50150298E-03	-2.98102778E-02	 2.39623157E-03	-1.09330748E-02	-3.45660255E-03	-6.67100392E-04
 2.470000E-01	 1.30607378E-04	 9.85597448E-04	 2.86609800E-03	 3.78063016E-03	-4.76409638E-02	 7.59135756E-03	-7.29572765E-03	-2.79071974E-03	 2.57504288E-03	 1.36850333E-03	-1.51414315E-03	-2.72647651E-03	-1.83526621E-03	-3.06970097E-03	 2.60565600E-03	-2.72130398E-02	 2.62878054E-03	-1.00928883E-02	-3.30980996E-03	-7.21948605E-04
 2.480000E-01	-1.39402522E-05	 7.59157530E-04	 2.69226560E-03	 3.68181589E-03	-4.50340379E-02	 7.18329187E-03	-7.20252443E-03	-2.96112490E-03	 2.19410448E-03	 1.20409581E-03	-1.42500813E-03	-2.70956086E-03	-1.69891557E-03	-2.48392763E-03	 2.66664295E-03	-2.48295330E-02	 2.80546856E-03	-9.29228522E-03	-3.14637608E-03	-7.58470107E-04
 2.490000E-01	-1.38660917E-04	 5.48346524E-04	 2.52299216E-03	 3.61571559E-03	-4.25419594E-02	 6.82558499E-03	-7.06196898E-03	-3.06414003E-03	 1.85621565E-03	 1.05076583E-03	-1.32678932E-03	-2.67054745E-03	-1.58958315E-03	-1.96965776E-03	 2.69157627E-03	-2.26469562E-02	 2.93025676E-03	-8.53492250E-03	-2.97143001E-03	-7.79085901E-04
 2.500000E-01	-2.44093175E-04	 3.54231770E-04	 2.35646114E-03	 3.57429237E-03	-4.01633271E-02	 6.50805546E-03	-6.88433285E-03	-3.10923427E-03	 1.55868794E-03	 9.09031251E-04	-1.22244754E-03	-2.61201406E-03	-1.50361637E-03	-1.52443053E-03	 2.68693104E-03	-2.06524473E-02	 3.00760241E-03	-7.82324778E-03	-2.78946884E-03	-7.86096964E-04
 2.510000E-01	-3.31083737E-04	 1.77467185E-04	 2.19125064E-03	 3.55032399E-03	-3.78961634E-02	 6.22199629E-03	-6.67856932E-03	-3.10531981E-03	 1.29864363E-03	 7.79139958E-04	-1.11465597E-03	-2.53659635E-03	-1.43746066E-03	-1.14504286E-03	 2.65860822E-03	-1.88332866E-02	 3.04225033E-03	-7.15864790E-03	-2.60438044E-03	-7.81659995E-04
 2.520000E-01	-4.00710497E-04	 1.83939637E-05	 2.02654242E-03	 3.53755561E-03	-3.57379197E-02	 5.96005608E-03	-6.45237556E-03	-3.06068069E-03	 1.07309790E-03	 6.61105411E-04	-1.00575806E-03	-2.44681531E-03	-1.38775012E-03	-8.27834264E-04	 2.61184294E-03	-1.71769662E-02	 3.03911314E-03	-6.54158685E-03	-2.41947335E-03	-7.67775438E-04
 2.530000E-01	-4.54238406E-04	-1.22987082E-04	 1.86181422E-03	 3.53052755E-03	-3.36856570E-02	 5.71612719E-03	-6.21230055E-03	-2.98293667E-03	 8.79025401E-04	 5.54741700E-04	-8.97793652E-04	-2.34516129E-03	-1.35131871E-03	-5.68667580E-04	 2.55129044E-03	-1.56713472E-02	 3.00311354E-03	-5.97174329E-03	-2.23751116E-03	-7.46274293E-04
 2.540000E-01	-4.93052323E-04	-2.46912948E-04	 1.69700210E-03	 3.52468639E-03	-3.17360696E-02	 5.48522406E-03	-5.96382344E-03	-2.87900876E-03	 7.13417675E-04	 4.59698954E-04	-7.92475222E-04	-2.23395560E-03	-1.32526957E-03	-3.63198888E-04	 2.48096378E-03	-1.43046904E-02	 2.93910215E-03	-5.44813381E-03	-2.06075333E-03	-7.18813623E-04
 2.550000E-01	-5.18613663E-04	-3.53885505E-04	 1.53224388E-03	 3.51620181E-03	-2.98856173E-02	 5.26336633E-03	-5.71146768E-03	-2.75511703E-03	 5.73332831E-04	 3.75495296E-04	-6.91224991E-04	-2.11542585E-03	-1.30696375E-03	-2.06829014E-04	 2.40433235E-03	-1.30657773E-02	 2.85174461E-03	-4.96923839E-03	-1.89099457E-03	-6.86877789E-04
 2.560000E-01	-5.32404173E-04	-4.44571184E-04	 1.36800631E-03	 3.50204730E-03	-2.81305532E-02	 5.04746165E-03	-5.45887275E-03	-2.61677393E-03	 4.55939362E-04	 3.01555088E-04	-5.95167083E-04	-1.99160448E-03	-1.29406950E-03	-9.49618109E-05	 2.32428450E-03	-1.19439151E-02	 2.74547362E-03	-4.53310899E-03	-1.72960959E-03	-6.51781467E-04
 2.570000E-01	-5.35914377E-04	-5.19828070E-04	 1.20485012E-03	 3.47981734E-03	-2.64670324E-02	 4.83519122E-03	-5.20891788E-03	-2.46880484E-03	 3.58541622E-04	 2.37237026E-04	-5.05174554E-04	-1.86439193E-03	-1.28453843E-03	-2.29224621E-05	 2.24322733E-03	-1.09290167E-02	 2.62441071E-03	-4.13746754E-03	-1.57759595E-03	-6.14670935E-04
 2.580000E-01	-5.30612547E-04	-5.80604309E-04	 1.04352088E-03	 3.44778720E-03	-2.48911628E-02	 4.62490844E-03	-4.96381862E-03	-2.31537320E-03	 2.78593724E-04	 1.81841908E-04	-4.21864596E-04	-1.73546830E-03	-1.27663579E-03	 1.38276662E-05	 2.16306500E-03	-1.00115666E-02	 2.49234957E-03	-3.77979177E-03	-1.43561802E-03	-5.76528385E-04
 2.590000E-01	-5.17916332E-04	-6.27964769E-04	 8.84785197E-04	 3.40473773E-03	-2.33990539E-02	 4.41553439E-03	-4.72522721E-03	-2.16002123E-03	 2.13723950E-04	 1.34634322E-04	-3.45640153E-04	-1.60635487E-03	-1.26889896E-03	 1.97852475E-05	 2.08530391E-03	-9.18268819E-03	 2.35271389E-03	-3.45740578E-03	-1.30404927E-03	-5.38186112E-04
 2.600000E-01	-4.99163345E-04	-6.63003488E-04	 7.29506931E-04	 3.34999653E-03	-2.19868544E-02	 4.20646778E-03	-4.49429712E-03	-2.00570249E-03	 1.61747379E-04	 9.48640106E-05	-2.76696675E-04	-1.47836161E-03	-1.26015504E-03	-8.03183867E-07	 2.01104364E-03	-8.43409953E-03	 2.20856086E-03	-3.16754797E-03	-1.18301253E-03	-5.00335866E-04
 2.610000E-01	-4.75607779E-04	-6.86871244E-04	 5.78508481E-04	 3.28327599E-03	-2.06507818E-02	 3.99749288E-03	-4.27178027E-03	-1.85483159E-03	 1.20672982E-04	 6.17811043E-05	-2.15063693E-04	-1.35263752E-03	-1.24947551E-03	-4.38249792E-05	 1.94107394E-03	-7.75815561E-03	 2.06256190E-03	-2.90743689E-03	-1.07242091E-03	-4.63539220E-04
 2.620000E-01	-4.48397367E-04	-7.00700576E-04	 4.32632602E-04	 3.20470134E-03	-1.93871579E-02	 3.78870522E-03	-4.05807998E-03	-1.70932481E-03	 8.87059055E-05	 3.46527811E-05	-1.60615147E-04	-1.23013912E-03	-1.23618316E-03	-1.05488084E-04	 1.87587233E-03	-7.14778985E-03	 1.91702067E-03	-2.67431943E-03	-9.72013793E-04	-4.28238997E-04
 2.630000E-01	-4.18580108E-04	-7.05636515E-04	 2.92638007E-04	 3.11466310E-03	-1.81924155E-02	 3.58043405E-03	-3.85333910E-03	-1.57065171E-03	 6.42415245E-05	 1.27739998E-05	-1.13108724E-04	-1.11167165E-03	-1.21980576E-03	-1.82190990E-04	 1.81569098E-03	-6.59653973E-03	 1.77387215E-03	-2.46551863E-03	-8.81392223E-04	-3.94770317E-04
 2.640000E-01	-3.87090261E-04	-7.02770964E-04	 1.59244686E-04	 3.01384196E-03	-1.70631355E-02	 3.37318704E-03	-3.65748027E-03	-1.43987974E-03	 4.58619811E-05	-4.52363186E-06	-7.21983049E-05	-9.97876110E-04	-1.20007485E-03	-2.70692126E-04	 1.76055887E-03	-6.09848417E-03	 1.63471162E-03	-2.27846683E-03	-8.00049837E-04	-3.63372206E-04
 2.650000E-01	-3.54771504E-04	-6.93173469E-04	 3.30499433E-05	 2.90308127E-03	-1.59960437E-02	 3.16758736E-03	-3.47028706E-03	-1.31772743E-03	 3.23199921E-05	-1.78699875E-05	-3.74662757E-05	-8.89257172E-04	-1.17688196E-03	-3.67963738E-04	 1.71035566E-03	-5.64825100E-03	 1.50080603E-03	-2.11073268E-03	-7.27402736E-04	-3.34194608E-04
 2.660000E-01	-3.22357782E-04	-6.77837118E-04	-8.54259483E-05	 2.78340853E-03	-1.49880451E-02	 2.96433771E-03	-3.29144034E-03	-1.20460946E-03	 2.25263475E-05	-2.78602831E-05	-8.43388328E-06	-7.86178758E-04	-1.15027228E-03	-4.71337606E-04	 1.66481454E-03	-5.24094956E-03	 1.37312883E-03	-1.96004001E-03	-6.62815537E-04	-3.07308187E-04
 2.670000E-01	-2.90464161E-04	-6.57712985E-04	-1.95765004E-04	 2.65592690E-03	-1.40361726E-02	 2.76416989E-03	-3.12055170E-03	-1.10068453E-03	 1.55511375E-05	-3.50436434E-05	 1.54106480E-05	-6.88894793E-04	-1.12040408E-03	-5.78371721E-04	 1.62358604E-03	-4.87218630E-03	 1.25238040E-03	-1.82429439E-03	-6.05624575E-04	-2.82724258E-04
 2.680000E-01	-2.59582261E-04	-6.33668453E-04	-2.97629391E-04	 2.52183330E-03	-1.31376172E-02	 2.56781807E-03	-2.95716715E-03	-1.00589174E-03	 1.06193308E-05	-3.99118176E-05	 3.45983734E-05	-5.97565949E-04	-1.08753765E-03	-6.86994357E-04	 1.58624294E-03	-4.53800350E-03	 1.13902434E-03	-1.70159142E-03	-5.55154046E-04	-2.60408278E-04
 2.690000E-01	-2.30112997E-04	-6.06516673E-04	-3.90802846E-04	 2.38233265E-03	-1.22897044E-02	 2.37598401E-03	-2.80082224E-03	-9.19994847E-04	 7.08935022E-06	-4.29040288E-05	 4.96611725E-05	-5.12267341E-04	-1.05200342E-03	-7.95346495E-04	 1.55232659E-03	-4.23486689E-03	 1.03331004E-03	-1.59021527E-03	-5.10732579E-04	-2.40283847E-04
 2.700000E-01	-2.02357009E-04	-5.76983248E-04	-4.75165437E-04	 2.23865596E-03	-1.14899223E-02	 2.18932581E-03	-2.65104805E-03	-8.42615541E-04	 4.44137296E-06	-4.44088308E-05	 6.11229866E-05	-4.33005268E-04	-1.01418986E-03	-9.01903357E-04	 1.52134959E-03	-3.95960445E-03	 9.35307661E-04	-1.48863797E-03	-4.71705805E-04	-2.22242941E-04
 2.710000E-01	-1.76536100E-04	-5.45735425E-04	-5.50707081E-04	 2.09199281E-03	-1.07358822E-02	 2.00843357E-03	-2.50740480E-03	-7.73270735E-04	 2.26237426E-06	-4.47672654E-05	 6.94875412E-05	-3.59719439E-04	-9.74518662E-04	-1.00532251E-03	 1.49283010E-03	-3.70939403E-03	 8.44932274E-04	-1.39551341E-03	-4.37445854E-04	-2.06153559E-04
 2.720000E-01	-1.52788657E-04	-5.13354685E-04	-6.17510020E-04	 1.94351105E-03	-1.00253471E-02	 1.83382950E-03	-2.36948047E-03	-7.11398870E-04	 2.34819246E-07	-4.42761309E-05	 7.52320148E-05	-2.92304022E-04	-9.33432225E-04	-1.10455402E-03	 1.46629359E-03	-3.48170863E-03	 7.61975011E-04	-1.30966967E-03	-4.07360602E-04	-1.91865407E-04
 2.730000E-01	-1.31185318E-04	-4.80364613E-04	-6.75745101E-04	 1.79430564E-03	-9.35618329E-03	 1.66595087E-03	-2.23690838E-03	-6.56391101E-04	-1.87285446E-06	-4.31902432E-05	 7.87999261E-05	-2.30604096E-04	-8.91377382E-04	-1.19869553E-03	 1.44129513E-03	-3.27430427E-03	 6.86125189E-04	-1.23009941E-03	-3.80898384E-04	-1.79220148E-04
 2.740000E-01	-1.11720987E-04	-4.47211951E-04	-7.25653073E-04	 1.64541479E-03	-8.72638237E-03	 1.50515537E-03	-2.10935573E-03	-6.07611073E-04	-4.21494176E-06	-4.17245666E-05	 8.05978676E-05	-1.74438653E-04	-8.48792555E-04	-1.28709153E-03	 1.41742058E-03	-3.08517180E-03	 6.16997564E-04	-1.15594976E-03	-3.57551211E-04	-1.68058109E-04
 2.750000E-01	-9.43291221E-05	-4.14291528E-04	-7.67531299E-04	 1.49778352E-03	-8.13400638E-03	 1.35171006E-03	-1.98652255E-03	-5.64415890E-04	-6.87052340E-06	-4.00474121E-05	 8.09903771E-05	-1.23598793E-04	-8.06098007E-04	-1.36920729E-03	 1.39430070E-03	-2.91253200E-03	 5.54151326E-04	-1.08651187E-03	-3.36856250E-04	-1.58227665E-04
 2.760000E-01	-7.89081228E-05	-3.81931189E-04	-8.01751051E-04	 1.35227845E-03	-7.57723325E-03	 1.20580092E-03	-1.86814458E-03	-5.26169264E-04	-9.86325178E-06	-3.82861200E-05	 8.02988934E-05	-7.78668556E-05	-7.63684767E-04	-1.44470914E-03	 1.37160926E-03	-2.75478165E-03	 4.97110247E-04	-1.02119845E-03	-3.18394448E-04	-1.49582979E-04
 2.770000E-01	-6.53465902E-05	-3.50410467E-04	-8.28746397E-04	 1.20966702E-03	-7.05432892E-03	 1.06753236E-03	-1.75402611E-03	-4.92260092E-04	-1.31847282E-05	-3.65433888E-05	 7.88057025E-05	-3.69919853E-05	-7.21914331E-04	-1.51332635E-03	 1.34906637E-03	-2.61047701E-03	 4.45377738E-04	-9.59522699E-04	-3.01793668E-04	-1.41976972E-04
 2.780000E-01	-5.35038294E-05	-3.19951921E-04	-8.48992291E-04	 1.07063122E-03	-6.56365574E-03	 9.36939698E-04	-1.64401349E-03	-4.62110294E-04	-1.67958208E-05	-3.48979782E-05	 7.67522410E-05	-7.18429308E-07	-6.81107790E-04	-1.57494109E-03	 1.32643872E-03	-2.47830869E-03	 3.98452314E-04	-9.01092437E-04	-2.86728076E-04	-1.35271160E-04
 2.790000E-01	-4.32289269E-05	-2.90738664E-04	-8.62987926E-04	 9.35754043E-04	-6.10363374E-03	 8.13987189E-04	-1.53799943E-03	-4.35184834E-04	-2.06341886E-05	-3.34054180E-05	 7.43425880E-05	 3.12305608E-05	-6.41548991E-04	-1.62947637E-03	 1.30353988E-03	-2.35709533E-03	 3.55840835E-04	-8.45595574E-04	-2.72914969E-04	-1.29335919E-04
 2.800000E-01	-3.43588329E-05	-2.62906673E-04	-8.71255257E-04	 8.05533553E-04	-5.67276237E-03	 6.98583313E-04	-1.43590737E-03	-4.10993690E-04	-2.46217726E-05	-3.21003937E-05	 7.17428571E-05	 5.91257721E-05	-6.03474255E-04	-1.67697741E-03	 1.28023038E-03	-2.24576244E-03	 3.17067420E-04	-7.92789385E-04	-2.60115167E-04	-1.24050692E-04
 2.810000E-01	-2.67311932E-05	-2.36560621E-04	-8.74318855E-04	 6.80375644E-04	-5.26958422E-03	 5.90579291E-04	-1.33769262E-03	-3.89097582E-04	-2.86705605E-05	-3.09980483E-05	 6.90858146E-05	 8.32503528E-05	-5.67081367E-04	-1.71751059E-03	 1.25641228E-03	-2.14333675E-03	 2.81682742E-04	-7.42488976E-04	-2.48127246E-04	-1.19308268E-04
 2.820000E-01	-2.01870469E-05	-2.11768517E-04	-8.72711842E-04	 5.60606321E-04	-4.89270993E-03	 4.89784847E-04	-1.24333170E-03	-3.69106380E-04	-3.26911064E-05	-3.00978453E-05	 6.64722777E-05	 1.03875015E-04	-5.32518478E-04	-1.75123644E-03	 1.23203093E-03	-2.04892992E-03	 2.49270087E-04	-6.94556841E-04	-2.36786049E-04	-1.15010334E-04
 2.830000E-01	-1.45873079E-05	-1.88571569E-04	-8.66963616E-04	 4.46473518E-04	-4.54079298E-03	 3.95969639E-04	-1.15282762E-03	-3.50680009E-04	-3.66000823E-05	-2.93865248E-05	 6.39762761E-05	 1.21276800E-04	-4.99897247E-04	-1.77832116E-03	 1.20706534E-03	-1.96173300E-03	 2.19448911E-04	-6.48889327E-04	-2.25959850E-04	-1.11066274E-04
 2.840000E-01	-9.81477513E-06	-1.66980879E-04	-8.57609408E-04	 3.38158154E-04	-4.21256055E-03	 3.08878971E-04	-1.06621169E-03	-3.33528118E-04	-4.03322631E-05	-2.88516409E-05	 6.16493217E-05	 1.35722880E-04	-4.69283063E-04	-1.79899322E-03	 1.18152950E-03	-1.88099984E-03	 1.91877959E-04	-6.05407680E-04	-2.15547227E-04	-1.07389519E-04
 2.850000E-01	-5.75779915E-06	-1.46984679E-04	-8.45151090E-04	 2.35780645E-04	-3.90676942E-03	 2.28234058E-04	-9.83529600E-04	-3.17410714E-04	-4.38337955E-05	-2.84826577E-05	 5.95259589E-05	 1.47485323E-04	-4.40709886E-04	-1.81347636E-03	 1.15546322E-03	-1.80605679E-03	 1.66257856E-04	-5.64058408E-04	-2.05475929E-04	-1.03904253E-04
 2.860000E-01	-2.30032639E-06	-1.28552708E-04	-8.30059058E-04	 1.39402982E-04	-3.62221134E-03	 1.53741446E-04	-9.04810861E-04	-3.02130007E-04	-4.70529020E-05	-2.82596010E-05	 5.76201731E-05	 1.56808073E-04	-4.14170223E-04	-1.82205960E-03	 1.12893393E-03	-1.73629850E-03	 1.42328366E-04	-5.24811628E-04	-1.95697140E-04	-1.00552497E-04
 2.870000E-01	 6.56267437E-07	-1.11640231E-04	-8.12772391E-04	 4.90373386E-05	-3.35770565E-03	 8.50949695E-05	-8.30081505E-04	-2.87526395E-04	-4.99486299E-05	-2.81564113E-05	 5.59323149E-05	 1.63929202E-04	-3.89632166E-04	-1.82502477E-03	 1.10202459E-03	-1.67117783E-03	 1.19868916E-04	-4.87647140E-04	-1.86181766E-04	-9.72860076E-05
 2.880000E-01	 3.20013635E-06	-9.61905006E-05	-7.93706068E-04	-3.53496608E-05	-3.11211667E-03	 2.19864590E-05	-7.59356576E-04	-2.73474557E-04	-5.24913197E-05	-2.81456617E-05	 5.44490321E-05	 1.69060344E-04	-3.67030377E-04	-1.82269812E-03	 1.07483523E-03	-1.61019966E-03	 9.86935248E-05	-4.52551306E-04	-1.76918003E-04	-9.40679751E-05
 2.890000E-01	 5.40459885E-06	-8.21383896E-05	-7.73238703E-04	-1.13828580E-04	-2.88433738E-03	-3.58951364E-05	-6.92642020E-04	-2.59881134E-04	-5.46622885E-05	-2.82012285E-05	 5.31496173E-05	 1.72408237E-04	-3.46284216E-04	-1.81538840E-03	 1.04747111E-03	-1.55291392E-03	 7.86516947E-05	-4.19510854E-04	-1.67905422E-04	-9.08724973E-05
 2.900000E-01	 7.33276798E-06	-6.94123947E-05	-7.51721995E-04	-1.86503415E-04	-2.67330552E-03	-8.88536617E-05	-6.29929435E-04	-2.46679687E-04	-5.64531250E-05	-2.83001881E-05	 5.20056247E-05	 1.74154855E-04	-3.27287401E-04	-1.80343428E-03	 1.02004639E-03	-1.49891352E-03	 5.96221311E-05	-3.88510126E-04	-1.59154718E-04	-8.76817435E-05
 2.910000E-01	 9.03910882E-06	-5.79370684E-05	-7.29466973E-04	-2.53503694E-04	-2.47798672E-03	-1.37188867E-04	-5.71194197E-04	-2.33829401E-04	-5.78619492E-05	-2.84249944E-05	 5.09855770E-05	 1.74477343E-04	-3.09927411E-04	-1.78715214E-03	 9.92671644E-04	-1.44782791E-03	 4.15117467E-05	-3.59527984E-04	-1.50682526E-04	-8.44890553E-05
 2.920000E-01	 1.05792883E-05	-4.76375328E-05	-7.06747104E-04	-3.14984562E-04	-2.29738165E-03	-1.81189716E-04	-5.16386272E-04	-2.21310413E-04	-5.88886656E-05	-2.85609016E-05	 5.00538178E-05	 1.73528870E-04	-2.94073930E-04	-1.76687927E-03	 9.65459705E-04	-1.39932534E-03	 2.42506288E-05	-3.32539563E-04	-1.42509599E-04	-8.12987179E-05
 2.930000E-01	 1.20069668E-05	-3.84424058E-05	-6.83790540E-04	-3.71121364E-04	-2.13051087E-03	-2.21136855E-04	-4.65425134E-04	-2.09115041E-04	-5.95312622E-05	-2.86847011E-05	 4.91707640E-05	 1.71450663E-04	-2.79598548E-04	-1.74293592E-03	 9.38513339E-04	-1.35310685E-03	 7.78855214E-06	-3.07511036E-04	-1.34657992E-04	-7.81245149E-05
 2.940000E-01	 1.33577775E-05	-3.02869503E-05	-6.60807680E-04	-4.22109170E-04	-1.97644470E-03	-2.57294793E-04	-4.18216484E-04	-1.97243881E-04	-5.97957428E-05	-2.87711074E-05	 4.82942115E-05	 1.68364334E-04	-2.66362468E-04	-1.71564826E-03	 9.11931436E-04	-1.30889568E-03	-7.90827284E-06	-2.84392007E-04	-1.27146800E-04	-7.49797681E-05
 2.950000E-01	 1.46510257E-05	-2.31058753E-05	-6.37982838E-04	-4.68149433E-04	-1.83429833E-03	-2.89914082E-04	-3.74661155E-04	-1.85708185E-04	-5.96982651E-05	-2.88036438E-05	 4.73872645E-05	 1.64394524E-04	-2.54233594E-04	-1.68530916E-03	 8.85800707E-04	-1.26643577E-03	-2.28564468E-05	-2.63117543E-04	-1.19992298E-04	-7.18764685E-05
 2.960000E-01	 1.59022532E-05	-1.68398056E-05	-6.15473279E-04	-5.09454214E-04	-1.70322997E-03	-3.19229900E-04	-3.34644920E-04	-1.74528041E-04	-5.92578811E-05	-2.87718826E-05	 4.64151510E-05	 1.59652729E-04	-2.43074559E-04	-1.65221144E-03	 8.60202373E-04	-1.22549655E-03	-3.70604283E-05	-2.43613692E-04	-1.13205614E-04	-6.88295056E-05
 2.970000E-01	 1.71198241E-05	-1.14293161E-05	-5.93406104E-04	-5.46236448E-04	-1.58243522E-03	-3.45463605E-04	-2.98041369E-04	-1.63727988E-04	-5.84971137E-05	-2.86682287E-05	 4.53493440E-05	 1.54251752E-04	-2.32758865E-04	-1.61662061E-03	 8.35204356E-04	-1.18587009E-03	-5.05129466E-05	-2.25796683E-04	-1.06793366E-04	-6.58518363E-05
 2.980000E-01	 1.83081948E-05	-6.82071668E-06	-5.71885122E-04	-5.78714116E-04	-1.47115126E-03	-3.68821260E-04	-2.64711086E-04	-1.53334402E-04	-5.74411267E-05	-2.84864426E-05	 4.41643315E-05	 1.48291147E-04	-2.23158704E-04	-1.57880232E-03	 8.10867790E-04	-1.14737430E-03	-6.32009497E-05	-2.09575706E-04	-1.00757628E-04	-6.29559258E-05
 2.990000E-01	 1.94653328E-05	-2.95997024E-06	-5.50989167E-04	-6.07102124E-04	-1.36865334E-03	-3.89495660E-04	-2.34505249E-04	-1.43372828E-04	-5.61182949E-05	-2.82206714E-05	 4.28419658E-05	 1.41871915E-04	-2.14160034E-04	-1.53899779E-03	 7.87240214E-04	-1.10984777E-03	-7.51043182E-05	-1.94853327E-04	-9.50947339E-05	-6.01509415E-05
 3.000000E-01	 2.05803420E-05	 2.03273281E-07	-5.30782784E-04	-6.31614838E-04	-1.27426162E-03	-4.07663731E-04	-2.07270065E-04	-1.33864072E-04	-5.45629527E-05	-2.78633743E-05	 4.13687603E-05	 1.35082791E-04	-2.05649497E-04	-1.49744751E-03	 7.64362825E-04	-1.07315338E-03	-8.62017209E-05	-1.81526171E-04	-8.97979067E-05	-5.74402134E-05
 3.010000E-01	 2.16281697E-05	 2.72402099E-06	-5.11320776E-04	-6.52457049E-04	-1.18734602E-03	-4.23488618E-04	-1.82857066E-04	-1.24826775E-04	-5.28183098E-05	-2.74150183E-05	 3.97422646E-05	 1.28018087E-04	-1.97528295E-04	-1.45436558E-03	 7.42264587E-04	-1.03716995E-03	-9.64678820E-05	-1.69485989E-04	-8.48549623E-05	-5.48211386E-05
 3.020000E-01	 2.25835110E-05	 4.66005111E-06	-4.92642441E-04	-6.69825378E-04	-1.10731951E-03	-4.37122229E-04	-1.61117580E-04	-1.16283094E-04	-5.09302735E-05	-2.68895922E-05	 3.79700879E-05	 1.20766591E-04	-1.89698697E-04	-1.40996194E-03	 7.20970789E-04	-1.00180461E-03	-1.05877400E-04	-1.58630009E-04	-8.02522738E-05	-5.22914805E-05
 3.030000E-01	 2.34311151E-05	 6.07094269E-06	-4.74759735E-04	-6.83909987E-04	-1.03361919E-03	-4.48708849E-04	-1.41887199E-04	-1.08251957E-04	-4.89379222E-05	-2.63002471E-05	 3.60648398E-05	 1.13410675E-04	-1.82080626E-04	-1.36443857E-03	 7.00492858E-04	-9.66988539E-04	-1.14409852E-04	-1.48861406E-04	-7.59761842E-05	-4.98533676E-05
 3.040000E-01	 2.41555837E-05	 7.01205943E-06	-4.57672839E-04	-6.94897442E-04	-9.65717400E-04	-4.58382024E-04	-1.24997257E-04	-1.00744472E-04	-4.68796104E-05	-2.56557151E-05	 3.40417376E-05	 1.06018383E-04	-1.74597852E-04	-1.31799918E-03	 6.80836550E-04	-9.32674415E-04	-1.22051633E-04	-1.40085006E-04	-7.20130162E-05	-4.75061824E-05
 3.050000E-01	 2.47420936E-05	 7.54045259E-06	-4.41370350E-04	-7.02966904E-04	-9.03120051E-04	-4.66266867E-04	-1.10276707E-04	-9.37651737E-05	-4.47924144E-05	-2.49648416E-05	 3.19202294E-05	 9.86514270E-05	-1.67191284E-04	-1.27083908E-03	 6.61995230E-04	-8.98830910E-04	-1.28796729E-04	-1.32208811E-04	-6.83501294E-05	-4.52494938E-05
 3.060000E-01	 2.51777268E-05	 7.70741415E-06	-4.25833756E-04	-7.08293712E-04	-8.45368344E-04	-4.72480403E-04	-9.75556027E-05	-8.73134309E-05	-4.27108386E-05	-2.42373491E-05	 2.97212593E-05	 9.13598539E-05	-1.59805972E-04	-1.22315086E-03	 6.43957738E-04	-8.65442093E-04	-1.34646767E-04	-1.25144439E-04	-6.49738939E-05	-4.30830763E-05
 3.070000E-01	 2.54518345E-05	 7.56498134E-06	-4.11036959E-04	-7.11046395E-04	-7.92035967E-04	-4.77133139E-04	-8.66652908E-05	-8.13834635E-05	-4.06665950E-05	-2.34847338E-05	 2.74684885E-05	 8.41879567E-05	-1.52402990E-04	-1.17511922E-03	 6.26702738E-04	-8.32503972E-04	-1.39611472E-04	-1.18808255E-04	-6.18719699E-05	-4.10073933E-05
 3.080000E-01	 2.55605603E-05	 7.15730614E-06	-3.96947329E-04	-7.11390597E-04	-7.42727664E-04	-4.80330731E-04	-7.74391144E-05	-7.59678539E-05	-3.86847654E-05	-2.27228097E-05	 2.51845041E-05	 7.71700055E-05	-1.44947739E-04	-1.12692365E-03	 6.10205312E-04	-8.00023534E-04	-1.43708706E-04	-1.13122377E-04	-5.90307564E-05	-3.90263852E-05
 3.090000E-01	 2.55117126E-05	 6.52523029E-06	-3.83518943E-04	-7.09489251E-04	-6.97069220E-04	-4.82175864E-04	-6.97055057E-05	-7.10553258E-05	-3.67809809E-05	-2.19645411E-05	 2.28895963E-05	 7.03332025E-05	-1.37421747E-04	-1.07873855E-03	 5.94431094E-04	-7.68017603E-04	-1.46965208E-04	-1.08016427E-04	-5.64378932E-05	-3.71477075E-05
 3.100000E-01	 2.53194516E-05	 5.69409468E-06	-3.70700406E-04	-7.05508279E-04	-6.54709684E-04	-4.82765427E-04	-6.32924827E-05	-6.66235400E-05	-3.49634651E-05	-2.12103582E-05	 2.05945526E-05	 6.36901949E-05	-1.29812597E-04	-1.03073535E-03	 5.79340348E-04	-7.36506948E-04	-1.49418821E-04	-1.03420589E-04	-5.40804599E-05	-3.53781318E-05
 3.110000E-01	 2.49916473E-05	 4.68654893E-06	-3.58447866E-04	-6.99608854E-04	-6.15335006E-04	-4.82189253E-04	-5.80426248E-05	-6.26433042E-05	-3.32414384E-05	-2.04589579E-05	 1.83095391E-05	 5.72544747E-05	-1.22119591E-04	-9.83069957E-04	 5.64888343E-04	-7.05509323E-04	-1.51110714E-04	-9.92652649E-05	-5.19421658E-05	-3.37187617E-05
 3.120000E-01	 2.45366660E-05	 3.51905443E-06	-3.46721370E-04	-6.91946717E-04	-5.78663570E-04	-4.80532949E-04	-5.38117638E-05	-5.90856498E-05	-3.16211574E-05	-1.97147175E-05	 1.60437947E-05	 5.10370426E-05	-1.14342555E-04	-9.35884556E-04	 5.51031701E-04	-6.75044238E-04	-1.52085010E-04	-9.54860090E-05	-5.00040949E-05	-3.21704141E-05
 3.130000E-01	 2.39651328E-05	 2.20763173E-06	-3.35481945E-04	-6.82672000E-04	-5.44440723E-04	-4.77878510E-04	-5.04650089E-05	-5.59211979E-05	-3.01045822E-05	-1.89830115E-05	 1.38063668E-05	 4.50519706E-05	-1.06490816E-04	-8.89306633E-04	 5.37724795E-04	-6.45130318E-04	-1.52386572E-04	-9.20241697E-05	-4.82443530E-05	-3.07329079E-05
 3.140000E-01	 2.32886727E-05	 7.63802523E-07	-3.24692489E-04	-6.71928877E-04	-5.12436963E-04	-4.74304107E-04	-4.78782474E-05	-5.31195526E-05	-2.86908502E-05	-1.82683689E-05	 1.16047540E-05	 3.93108695E-05	-9.85733153E-05	-8.43451204E-04	 5.24924358E-04	-6.15787832E-04	-1.52062188E-04	-8.88267707E-05	-4.66404780E-05	-2.94042611E-05
 3.150000E-01	 2.25194842E-05	-7.99856384E-07	-3.14318470E-04	-6.59855480E-04	-4.82446288E-04	-4.69883914E-04	-4.59370948E-05	-5.06494211E-05	-2.73761916E-05	-1.75734954E-05	 9.44620667E-06	 3.38278961E-05	-9.06063763E-05	-7.98420453E-04	 5.12586450E-04	-5.87035206E-04	-1.51158456E-04	-8.58459903E-05	-4.51686113E-05	-2.81802954E-05
 3.160000E-01	 2.16671342E-05	-2.47261784E-06	-3.04329140E-04	-6.46582498E-04	-4.54285198E-04	-4.64687505E-04	-4.45392830E-05	-4.84768797E-05	-2.61572809E-05	-1.68960000E-05	 7.33762642E-06	 2.86150733E-05	-8.26042803E-05	-7.54304520E-04	 5.00670794E-04	-5.58891519E-04	-1.49722420E-04	-8.30388329E-05	-4.38059670E-05	-2.70529935E-05
 3.170000E-01	 2.07340393E-05	-4.23904522E-06	-2.94704207E-04	-6.32231981E-04	-4.27797645E-04	-4.58778915E-04	-4.35993138E-05	-4.65674404E-05	-2.50337781E-05	-1.62345814E-05	 5.28936565E-06	 2.36874250E-05	-7.45845444E-05	-7.11181062E-04	 4.89139808E-04	-5.31372592E-04	-1.47798168E-04	-8.03659090E-05	-4.25291263E-05	-2.60099034E-05
 3.180000E-01	 1.97203232E-05	-6.07750504E-06	-2.85428494E-04	-6.16912620E-04	-4.02850845E-04	-4.52220491E-04	-4.30470612E-05	-4.48948182E-05	-2.40066250E-05	-1.55978873E-05	 3.31841273E-06	 1.90622635E-05	-6.65585773E-05	-6.69113437E-04	 4.77964147E-04	-5.04496566E-04	-1.45425178E-04	-7.77965753E-05	-4.13160825E-05	-2.50378914E-05
 3.190000E-01	 1.86333972E-05	-7.96301429E-06	-2.76482249E-04	-6.00728360E-04	-3.79320626E-04	-4.45074491E-04	-4.28143131E-05	-4.34369460E-05	-2.30721787E-05	-1.49950337E-05	 1.44118237E-06	 1.47528647E-05	-5.85430643E-05	-6.28163117E-04	 4.67114531E-04	-4.78285328E-04	-1.42644497E-04	-7.53087537E-05	-4.01499595E-05	-2.41273232E-05
 3.200000E-01	 1.74820728E-05	-9.87318011E-06	-2.67844183E-04	-5.83778095E-04	-3.57092841E-04	-4.37400944E-04	-4.28384623E-05	-4.21705901E-05	-2.22263457E-05	-1.44284424E-05	-3.28670278E-07	 1.07667785E-05	-5.05529158E-05	-5.88384786E-04	 4.56564103E-04	-4.52761593E-04	-1.39498867E-04	-7.28850687E-05	-3.90183484E-05	-2.32685350E-05
 3.210000E-01	 1.62746721E-05	-1.17848386E-05	-2.59495349E-04	-5.66158058E-04	-3.36064605E-04	-4.29257371E-04	-4.30636550E-05	-4.10721514E-05	-2.14658997E-05	-1.38982074E-05	-1.97877535E-06	 7.10609472E-06	-4.26067604E-05	-5.49831876E-04	 4.46286258E-04	-4.27948122E-04	-1.36032224E-04	-7.05121346E-05	-3.79133408E-05	-2.24524294E-05
 3.220000E-01	 1.50198178E-05	-1.36782977E-05	-2.51417493E-04	-5.47959898E-04	-3.16143542E-04	-4.20699623E-04	-4.34413749E-05	-4.01195045E-05	-2.07876914E-05	-1.34037100E-05	-3.49929288E-06	 3.76879578E-06	-3.47204011E-05	-5.12549413E-04	 4.36257473E-04	-4.03866082E-04	-1.32288438E-04	-6.81802685E-05	-3.68297740E-05	-2.16712815E-05
 3.230000E-01	 1.37264098E-05	-1.55347948E-05	-2.43594160E-04	-5.29274210E-04	-2.97245893E-04	-4.11782053E-04	-4.39288787E-05	-3.92921220E-05	-2.01889891E-05	-1.29449586E-05	-4.88234142E-06	 7.48209492E-07	-2.69126046E-05	-4.76581011E-04	 4.26454653E-04	-3.80535713E-04	-1.28311317E-04	-6.58835173E-05	-3.57655500E-05	-2.09193777E-05
 3.240000E-01	 1.24061230E-05	-1.73406298E-05	-2.36007834E-04	-5.10188191E-04	-2.79295293E-04	-4.02558495E-04	-4.44884453E-05	-3.85736863E-05	-1.96647959E-05	-1.25254126E-05	-6.12411640E-06	-1.96494282E-06	-1.91997628E-05	-4.41960964E-04	 4.16857126E-04	-3.57974310E-04	-1.24143823E-04	-6.36193114E-05	-3.47199632E-05	-2.01940473E-05
 3.250000E-01	 1.10756891E-05	-1.90866509E-05	-2.28637145E-04	-4.90791147E-04	-2.62215879E-04	-3.93082111E-04	-4.50813029E-05	-3.79489122E-05	-1.92066934E-05	-1.21454255E-05	-7.22740017E-06	-4.38473664E-06	-1.16035650E-05	-4.08723285E-04	 4.07441488E-04	-3.36197846E-04	-1.19830895E-04	-6.13882819E-05	-3.36955594E-05	-1.94964113E-05
 3.260000E-01	 9.75046831E-06	-2.07742645E-05	-2.21461209E-04	-4.71172951E-04	-2.45937085E-04	-3.83402040E-04	-4.56723571E-05	-3.73975090E-05	-1.88054198E-05	-1.17968006E-05	-8.20335250E-06	-6.52838810E-06	-4.14519379E-06	-3.76892529E-04	 3.98183159E-04	-3.15215993E-04	-1.15418926E-04	-5.91903179E-05	-3.26954085E-05	-1.88285562E-05
 3.270000E-01	 8.43931865E-06	-2.24051215E-05	-2.14467755E-04	-4.51419715E-04	-2.30400701E-04	-3.73561868E-04	-4.62364506E-05	-3.68992525E-05	-1.84542262E-05	-1.14725552E-05	-9.06219557E-06	-8.41077138E-06	 3.15536128E-06	-3.46485283E-04	 3.89060855E-04	-2.95031955E-04	-1.10948001E-04	-5.70247041E-05	-3.17196191E-05	-1.81902493E-05
 3.280000E-01	 7.15031996E-06	-2.39826737E-05	-2.07646510E-04	-4.31610701E-04	-2.15557167E-04	-3.63602496E-04	-4.67547131E-05	-3.64382531E-05	-1.81452298E-05	-1.11705395E-05	-9.81457873E-06	-1.00445011E-05	 1.02826207E-05	-3.17505325E-04	 3.80057343E-04	-2.75643904E-04	-1.06453138E-04	-5.48919229E-05	-3.07668843E-05	-1.75816093E-05
 3.290000E-01	 5.89079395E-06	-2.55096049E-05	-2.00989818E-04	-4.11821092E-04	-2.01362435E-04	-3.53560959E-04	-4.72120147E-05	-3.60010943E-05	-1.78696156E-05	-1.08893845E-05	-1.04712043E-05	-1.14399158E-05	 1.72211531E-05	-2.89950652E-04	 3.71157510E-04	-2.57045921E-04	-1.01964041E-04	-5.27930449E-05	-2.98342728E-05	-1.70024726E-05
 3.300000E-01	 4.66690889E-06	-2.69885608E-05	-1.94490819E-04	-3.92118318E-04	-1.87778681E-04	-3.43470842E-04	-4.75974635E-05	-3.55764865E-05	-1.76183358E-05	-1.06280118E-05	-1.10421611E-05	-1.26057207E-05	 2.39595788E-05	-2.63808209E-04	 3.62349522E-04	-2.39228327E-04	-9.75058954E-05	-5.07295867E-05	-2.89185785E-05	-1.64518234E-05
 3.310000E-01	 3.48355560E-06	-2.84203492E-05	-1.88145220E-04	-3.72564996E-04	-1.74772146E-04	-3.33361163E-04	-4.79029192E-05	-3.51539046E-05	-1.73824600E-05	-1.03833307E-05	-1.15368199E-05	-1.35494938E-05	 3.04869157E-05	-2.39061626E-04	 3.53623466E-04	-2.22178673E-04	-9.30995123E-05	-4.87027201E-05	-2.80162520E-05	-1.59278297E-05
 3.320000E-01	 2.34188655E-06	-2.98040650E-05	-1.81950917E-04	-3.53215396E-04	-1.62315798E-04	-3.23256949E-04	-4.81253493E-05	-3.47229936E-05	-1.71556424E-05	-1.01501403E-05	-1.19613924E-05	-1.42779024E-05	 3.67969649E-05	-2.15684930E-04	 3.44973118E-04	-2.05881697E-04	-8.87608619E-05	-4.67133942E-05	-2.71235881E-05	-1.54269016E-05
 3.330000E-01	 1.24078651E-06	-3.11335055E-05	-1.75910727E-04	-3.34116263E-04	-1.50389152E-04	-3.13179251E-04	-4.82671817E-05	-3.42772920E-05	-1.69337834E-05	-9.92756072E-06	-1.23168342E-05	-1.47964779E-05	 4.28870843E-05	-1.93650163E-04	 3.36397834E-04	-1.90320529E-04	-8.44985477E-05	-4.47619594E-05	-2.62356852E-05	-1.49432024E-05
 3.340000E-01	 1.81914908E-07	-3.23988678E-05	-1.70023902E-04	-3.15306205E-04	-1.38973365E-04	-3.03149311E-04	-4.83315732E-05	-3.38165312E-05	-1.67131062E-05	-9.71883270E-06	-1.26016664E-05	-1.51115489E-05	 4.87572153E-05	-1.72923297E-04	 3.27899677E-04	-1.75478545E-04	-8.03177725E-05	-4.28501868E-05	-2.53496774E-05	-1.44713877E-05
 3.350000E-01	-8.30764146E-07	-3.35917590E-05	-1.64287873E-04	-2.96823629E-04	-1.28047028E-04	-2.93187068E-04	-4.83196594E-05	-3.33409045E-05	-1.64899927E-05	-9.52420370E-06	-1.28171702E-05	-1.52330898E-05	 5.44047731E-05	-1.53474519E-04	 3.19478981E-04	-1.61340186E-04	-7.62249768E-05	-4.09800645E-05	-2.44658536E-05	-1.40083951E-05
 3.360000E-01	-1.79466509E-06	-3.47045951E-05	-1.58698543E-04	-2.78702871E-04	-1.17590490E-04	-2.83311135E-04	-4.82337247E-05	-3.28502271E-05	-1.62630683E-05	-9.34125541E-06	-1.29643806E-05	-1.51729114E-05	 5.98284672E-05	-1.35268726E-04	 3.11135886E-04	-1.47889185E-04	-7.22261047E-05	-3.91535319E-05	-2.35859933E-05	-1.35517495E-05
 3.370000E-01	-2.70739799E-06	-3.57313577E-05	-1.53253168E-04	-2.60977854E-04	-1.07584197E-04	-2.73538404E-04	-4.80765475E-05	-3.23447371E-05	-1.60323788E-05	-9.16748420E-06	-1.30452167E-05	-1.49454222E-05	 6.50262908E-05	-1.18274600E-04	 3.02870433E-04	-1.35109634E-04	-6.83267531E-05	-3.73721590E-05	-2.27130793E-05	-1.30999803E-05
 3.380000E-01	-3.56736820E-06	-3.66677634E-05	-1.47947144E-04	-2.43679600E-04	-9.80101098E-05	-2.63885434E-04	-4.78516101E-05	-3.18254845E-05	-1.57991128E-05	-9.00066460E-06	-1.30621202E-05	-1.45658044E-05	 6.99969902E-05	-1.02455029E-04	 2.94682000E-04	-1.22984625E-04	-6.45320507E-05	-3.56376594E-05	-2.18504260E-05	-1.26527507E-05
 3.390000E-01	-4.37262134E-06	-3.75114730E-05	-1.42777264E-04	-2.26838787E-04	-8.88500490E-05	-2.54367397E-04	-4.75623855E-05	-3.12949720E-05	-1.55646212E-05	-8.84080739E-06	-1.30186394E-05	-1.40503558E-05	 7.47385466E-05	-8.77761547E-05	 2.86569957E-04	-1.11497163E-04	-6.08462382E-05	-3.39515440E-05	-2.10013115E-05	-1.22103141E-05
 3.400000E-01	-5.12078024E-06	-3.82626550E-05	-1.37737103E-04	-2.10484050E-04	-8.00858763E-05	-2.44999327E-04	-4.72111432E-05	-3.07561068E-05	-1.53295388E-05	-8.68769839E-06	-1.29210336E-05	-1.34155568E-05	 7.92480331E-05	-7.41984672E-05	 2.78531153E-04	-1.00629460E-04	-5.72748689E-05	-3.23155303E-05	-2.01698310E-05	-1.17746289E-05
 3.410000E-01	-5.81141681E-06	-3.89252743E-05	-1.32822814E-04	-1.94644863E-04	-7.16992722E-05	-2.35793540E-04	-4.67997853E-05	-3.02093624E-05	-1.50945773E-05	-8.53828528E-06	-1.27774581E-05	-1.26779651E-05	 8.35211917E-05	-6.16853199E-05	 2.70560521E-04	-9.03632492E-05	-5.38244652E-05	-3.07312876E-05	-1.93598153E-05	-1.13490376E-05
 3.420000E-01	-6.44680805E-06	-3.95030025E-05	-1.28031213E-04	-1.79345535E-04	-6.36760716E-05	-2.26759857E-04	-4.63319559E-05	-2.96543843E-05	-1.48606495E-05	-8.39004091E-06	-1.25941218E-05	-1.18520744E-05	 8.75568448E-05	-5.01923652E-05	 2.62654393E-04	-8.06785383E-05	-5.04987272E-05	-2.91996864E-05	-1.85729642E-05	-1.09355206E-05
 3.430000E-01	-7.02913586E-06	-3.99992757E-05	-1.23361923E-04	-1.64607454E-04	-5.60029000E-05	-2.17905723E-04	-4.58115936E-05	-2.90921886E-05	-1.46280814E-05	-8.24268503E-06	-1.23761805E-05	-1.09511662E-05	 9.13543758E-05	-3.96781570E-05	 2.54810614E-04	-7.15549857E-05	-4.72989834E-05	-2.77213122E-05	-1.78099179E-05	-1.05351182E-05
 3.440000E-01	-7.56085288E-06	-4.04167148E-05	-1.18813033E-04	-1.50447205E-04	-4.86685867E-05	-2.09237289E-04	-4.52423894E-05	-2.85239785E-05	-1.43963257E-05	-8.09664993E-06	-1.21282686E-05	-9.98687881E-06	 9.49148374E-05	-3.00947557E-05	 2.47027507E-04	-6.29715362E-05	-4.42250207E-05	-2.62962942E-05	-1.70703669E-05	-1.01483481E-05
 3.450000E-01	-8.04410790E-06	-4.07574138E-05	-1.14385201E-04	-1.36878372E-04	-4.16621089E-05	-2.00758352E-04	-4.46279891E-05	-2.79513999E-05	-1.41645483E-05	-7.95244898E-06	-1.18540655E-05	-8.97004447E-06	 9.82394398E-05	-2.13985072E-05	 2.39304462E-04	-5.49074330E-05	-4.12752213E-05	-2.49246513E-05	-1.63538946E-05	-9.77504344E-06
 3.460000E-01	-8.48140081E-06	-4.10225755E-05	-1.10077438E-04	-1.23910396E-04	-3.49744441E-05	-1.92471741E-04	-4.39716730E-05	-2.73754095E-05	-1.39317846E-05	-7.81003994E-06	-1.15568850E-05	-7.91068494E-06	 1.01330864E-04	-1.35404372E-05	 2.31641025E-04	-4.73419891E-05	-3.84474546E-05	-2.36058792E-05	-1.56598862E-05	-9.41498841E-06
 3.470000E-01	-8.87512611E-06	-4.12130698E-05	-1.05891500E-04	-1.11550186E-04	-2.85965740E-05	-1.84378453E-04	-4.32770637E-05	-2.67971503E-05	-1.36973695E-05	-7.66886082E-06	-1.12387178E-05	-6.81821479E-06	 1.04192058E-04	-6.47677523E-06	 2.24037922E-04	-4.02550118E-05	-3.57384322E-05	-2.23395255E-05	-1.49877743E-05	-9.06752496E-06
 3.480000E-01	-9.22725632E-06	-4.13284760E-05	-1.01827213E-04	-9.98008853E-05	-2.25213995E-05	-1.76479195E-04	-4.25475280E-05	-2.62179126E-05	-1.34608884E-05	-7.52933109E-06	-1.09008795E-05	-5.70177035E-06	 1.06827797E-04	-1.59154801E-07	 2.16496815E-04	-3.36265998E-05	-3.31439451E-05	-2.11241443E-05	-1.43366985E-05	-8.73110308E-06
 3.490000E-01	-9.53848137E-06	-4.13687747E-05	-9.78860602E-05	-8.86641803E-05	-1.67405576E-05	-1.68773944E-04	-4.17863327E-05	-2.56398244E-05	-1.32220140E-05	-7.39183165E-06	-1.05448534E-05	-4.57043546E-06	 1.09241879E-04	 5.45428788E-06	 2.09019600E-04	-2.74375593E-05	-3.06598993E-05	-1.99585261E-05	-1.37067012E-05	-8.40427632E-06
 3.500000E-01	-9.80987294E-06	-4.13341086E-05	-9.40675230E-05	-7.81399405E-05	-1.12472881E-05	-1.61262895E-04	-4.09961824E-05	-2.50641637E-05	-1.29810563E-05	-7.25633797E-06	-1.01727048E-05	-3.43333397E-06	 1.11438840E-04	 1.04098199E-05	 2.01607512E-04	-2.16694809E-05	-2.82828870E-05	-1.88411149E-05	-1.30978081E-05	-8.08653290E-06
 3.510000E-01	-1.00422299E-05	-4.12255855E-05	-9.03732726E-05	-6.82270156E-05	-6.03372401E-06	-1.53945473E-04	-4.01800783E-05	-2.44921664E-05	-1.27384666E-05	-7.12214177E-06	-9.78632554E-06	-2.29919416E-06	 1.13422566E-04	 1.47471306E-05	 1.94261982E-04	-1.63044477E-05	-2.60097340E-05	-1.77707555E-05	-1.25104687E-05	-7.77763232E-06
 3.520000E-01	-1.02368155E-05	-4.10445433E-05	-8.68032140E-05	-5.89228460E-05	-1.09397164E-06	-1.46821439E-04	-3.93405564E-05	-2.39246662E-05	-1.24951833E-05	-6.98889199E-06	-9.38795716E-06	-1.17655670E-06	 1.15197926E-04	 1.85106415E-05	 1.86984029E-04	-1.13252523E-05	-2.38375557E-05	-1.67458560E-05	-1.19447705E-05	-7.47789614E-06
 3.530000E-01	-1.03944574E-05	-4.07932851E-05	-8.33591895E-05	-5.02237704E-05	 3.57938925E-06	-1.39889883E-04	-3.84802676E-05	-2.33625292E-05	-1.22517263E-05	-6.85622313E-06	-8.97971431E-06	-7.31690795E-08	 1.16769230E-04	 2.17381308E-05	 1.79774988E-04	-6.71474622E-06	-2.17636193E-05	-1.57650677E-05	-1.14007695E-05	-7.18754783E-06
 3.540000E-01	-1.05163041E-05	-4.04743461E-05	-8.00413289E-05	-4.21250148E-05	 7.99156693E-06	-1.33150232E-04	-3.76012870E-05	-2.28066782E-05	-1.20087310E-05	-6.72415981E-06	-8.56423537E-06	 1.00342967E-06	 1.18141632E-04	 2.44721268E-05	 1.72635673E-04	-2.45675384E-06	-1.97854448E-05	-1.48267302E-05	-1.08785013E-05	-6.90708654E-06
 3.550000E-01	-1.06035270E-05	-4.00911842E-05	-7.68517565E-05	-3.46205593E-05	 1.21494479E-05	-1.26601163E-04	-3.67058711E-05	-2.22574671E-05	-1.17664619E-05	-6.59282651E-06	-8.14406796E-06	 2.04670497E-06	 1.19319824E-04	 2.67483090E-05	 1.65567063E-04	 1.46503026E-06	-1.79010784E-05	-1.39293820E-05	-1.03776038E-05	-6.63715115E-06
 3.560000E-01	-1.06576039E-05	-3.96474385E-05	-7.37909831E-05	-2.77034035E-05	 1.60573796E-05	-1.20241427E-04	-3.57956316E-05	-2.17152748E-05	-1.15249381E-05	-6.46164754E-06	-7.72178643E-06	 3.05047251E-06	 1.20309574E-04	 2.86072591E-05	 1.58569596E-04	 5.06558729E-06	-1.61087357E-05	-1.30714702E-05	-9.89833517E-06	-6.37816164E-06
 3.570000E-01	-1.06799647E-05	-3.91471300E-05	-7.08614015E-05	-2.13648665E-05	 1.97216622E-05	-1.14069121E-04	-3.48726102E-05	-2.11799306E-05	-1.12842976E-05	-6.33139808E-06	-7.29967678E-06	 4.00934853E-06	 1.21116762E-04	 3.00820908E-05	 1.51644784E-04	 8.36015481E-06	-1.44064139E-05	-1.22515752E-05	-9.43950189E-06	-6.13076643E-06
 3.580000E-01	-1.06714012E-05	-3.85942844E-05	-6.80634521E-05	-1.55953983E-05	 2.31461387E-05	-1.08082226E-04	-3.39381505E-05	-2.06519295E-05	-1.10438775E-05	-6.20179840E-06	-6.88005381E-06	 4.91844329E-06	 1.21748045E-04	 3.12111419E-05	 1.44793567E-04	 1.13628363E-05	-1.27919127E-05	-1.14680866E-05	-9.00123143E-06	-5.89422554E-06
 3.590000E-01	-1.06333506E-05	-3.79935781E-05	-6.53994464E-05	-1.03844159E-05	 2.63368957E-05	-1.02278849E-04	-3.29942099E-05	-2.01308046E-05	-1.08043882E-05	-6.07369662E-06	-6.46571449E-06	 5.77244115E-06	 1.22210216E-04	 3.20233859E-05	 1.38018069E-04	 1.40869315E-05	-1.12634078E-05	-1.07197233E-05	-8.58239483E-06	-5.66878269E-06
 3.600000E-01	-1.05661430E-05	-3.73497417E-05	-6.28699464E-05	-5.72050805E-06	 2.92970233E-05	-9.66562312E-05	-3.20431016E-05	-1.96166939E-05	-1.05658323E-05	-5.94730829E-06	-6.05866045E-06	 6.56773258E-06	 1.22510822E-04	 3.25549331E-05	 1.31319688E-04	 1.65458852E-05	-9.81794930E-06	-1.00051159E-05	-8.18239592E-06	-5.45276296E-06
 3.610000E-01	-1.04712186E-05	-3.66680652E-05	-6.04769280E-05	-1.59159450E-06	 3.20327303E-05	-9.12126115E-05	-3.10863801E-05	-1.91085394E-05	-1.03296275E-05	-5.82184803E-06	-5.66208392E-06	 7.29824269E-06	 1.22657910E-04	 3.28294728E-05	 1.24701481E-04	 1.87503585E-05	-8.45400853E-06	-9.32259966E-06	-7.80138395E-06	-5.24431296E-06
 3.620000E-01	-1.03473332E-05	-3.59543692E-05	-5.82201130E-05	 2.01494889E-06	 3.45472335E-05	-8.59442235E-05	-3.01279857E-05	-1.86050005E-05	-1.00978041E-05	-5.69770855E-06	-5.27835834E-06	 7.96167599E-06	 1.22659145E-04	 3.28811291E-05	 1.18164503E-04	 2.07135371E-05	-7.16809025E-06	-8.67193066E-06	-7.43718421E-06	-5.04307312E-06
 3.630000E-01	-1.01958056E-05	-3.52137166E-05	-5.61012335E-05	 5.11339064E-06	 3.68469477E-05	-8.08490287E-05	-2.91679943E-05	-1.81057754E-05	-9.87049400E-06	-5.57362261E-06	-4.90901278E-06	 8.55168235E-06	 1.22525334E-04	 3.27291649E-05	 1.11714556E-04	 2.24437634E-05	-5.95641903E-06	-8.05176533E-06	-7.08951801E-06	-4.84522710E-06
 3.640000E-01	-1.00231334E-05	-3.44484309E-05	-5.41289336E-05	 7.71705987E-06	 3.89470811E-05	-7.59276698E-05	-2.82014837E-05	-1.76113338E-05	-9.64596001E-06	-5.44935387E-06	-4.55548098E-06	 9.06622619E-06	 1.22265307E-04	 3.24056245E-05	 1.05349568E-04	 2.39553464E-05	-4.81835117E-06	-7.46147330E-06	-6.75703250E-06	-4.65228135E-06
 3.650000E-01	-9.83105292E-06	-3.36627845E-05	-5.23047499E-05	 9.84331441E-06	 4.08502142E-05	-7.11758019E-05	-2.72310304E-05	-1.71219824E-05	-9.42457374E-06	-5.32611563E-06	-4.21998769E-06	 9.50649947E-06	 1.21886041E-04	 3.19371991E-05	 9.90671344E-05	 2.52633267E-05	-3.75375044E-06	-6.90033339E-06	-6.43800989E-06	-4.46689432E-06
 3.660000E-01	-9.61884792E-06	-3.28619383E-05	-5.06292291E-05	 1.15082342E-05	 4.25601347E-05	-6.65887278E-05	-2.62600862E-05	-1.66365454E-05	-9.20825149E-06	-5.20481684E-06	-3.90396865E-06	 9.87147921E-06	 1.21396577E-04	 3.13520587E-05	 9.28685080E-05	 2.63791791E-05	-2.75940215E-06	-6.36813859E-06	-6.13055787E-06	-4.28852678E-06
 3.670000E-01	-9.38801678E-06	-3.20492774E-05	-4.91035996E-05	 1.27315624E-05	 4.40791754E-05	-6.21613905E-05	-2.52901064E-05	-1.61559350E-05	-8.99600434E-06	-5.08648525E-06	-3.60793320E-06	 1.01627669E-05	 1.20805847E-04	 3.06731988E-05	 8.67547280E-05	 2.73157192E-05	-1.83250946E-06	-5.86428174E-06	-5.83260769E-06	-4.11787525E-06
 3.680000E-01	-9.13849413E-06	-3.12289672E-05	-4.77282701E-05	 1.35311632E-05	 4.54110317E-05	-5.78891121E-05	-2.43229204E-05	-1.56802160E-05	-8.78795175E-06	-4.97150494E-06	-3.33286890E-06	 1.03797128E-05	 1.20123242E-04	 2.99247482E-05	 8.07287905E-05	 2.80824950E-05	-9.69954037E-07	-5.38771612E-06	-5.54386946E-06	-3.95323817E-06
 3.690000E-01	-8.87029575E-06	-3.04045825E-05	-4.65026580E-05	 1.39273392E-05	 4.65594134E-05	-5.37672820E-05	-2.33587295E-05	-1.52102351E-05	-8.58303055E-06	-4.85987532E-06	-3.07999024E-06	 1.05233211E-05	 1.19357918E-04	 2.91249024E-05	 7.47936194E-05	 2.86899998E-05	-1.68504069E-07	-4.93705294E-06	-5.26370310E-06	-3.79339623E-06
 3.700000E-01	-8.58290115E-06	-2.95798402E-05	-4.54261584E-05	 1.39388609E-05	 4.75286808E-05	-4.97916075E-05	-2.23981417E-05	-1.47468673E-05	-8.38054130E-06	-4.75178421E-06	-2.85175885E-06	 1.05934966E-05	 1.18518211E-04	 2.82942649E-05	 6.89530729E-05	 2.91466691E-05	 5.74536849E-07	-4.51068929E-06	-4.99247590E-06	-3.63763897E-06
 3.710000E-01	-8.27739951E-06	-2.87588197E-05	-4.44981817E-05	 1.35855099E-05	 4.83223424E-05	-4.59584060E-05	-2.14421382E-05	-1.42906609E-05	-8.18066335E-06	-4.64679663E-06	-2.65041438E-06	 1.05909232E-05	 1.17612635E-04	 2.74469178E-05	 6.32106313E-05	 2.94612483E-05	 1.26160795E-06	-4.10724482E-06	-4.73057644E-06	-3.48552267E-06
 3.720000E-01	-7.95472529E-06	-2.79452568E-05	-4.37181188E-05	 1.28858159E-05	 4.89446459E-05	-4.22638555E-05	-2.04917579E-05	-1.38422367E-05	-7.98298236E-06	-4.54462891E-06	-2.47829321E-06	 1.05163689E-05	 1.16648959E-04	 2.66006666E-05	 5.75702443E-05	 2.96415187E-05	 1.89444710E-06	-3.72508257E-06	-4.47857191E-06	-3.33780698E-06
 3.730000E-01	-7.61686230E-06	-2.71434358E-05	-4.30849132E-05	 1.18589047E-05	 4.93996361E-05	-3.87051125E-05	-1.95480193E-05	-1.34020114E-05	-7.78763503E-06	-4.44485644E-06	-2.33765870E-06	 1.03711451E-05	 1.15634953E-04	 2.57669868E-05	 5.20352191E-05	 2.96955263E-05	 2.47456660E-06	-3.36296967E-06	-4.23705901E-06	-3.19531053E-06
 3.740000E-01	-7.26602169E-06	-2.63572285E-05	-4.25975445E-05	 1.05224511E-05	 4.96920096E-05	-3.52792470E-05	-1.86120006E-05	-1.29708400E-05	-7.59394638E-06	-4.34754186E-06	-2.23047572E-06	 1.01570854E-05	 1.14577658E-04	 2.49613372E-05	 4.66092994E-05	 2.96306323E-05	 3.00320331E-06	-3.01942148E-06	-4.00615059E-06	-3.05944992E-06
 3.750000E-01	-6.90614991E-06	-2.55906052E-05	-4.22555065E-05	 8.89509174E-06	 4.98253854E-05	-3.19840145E-05	-1.76854544E-05	-1.25492050E-05	-7.40198846E-06	-4.25276718E-06	-2.15787686E-06	 9.87616449E-06	 1.13484759E-04	 2.41928390E-05	 4.12960069E-05	 2.94542156E-05	 3.48181696E-06	-2.69340808E-06	-3.78589178E-06	-2.93124960E-06
 3.760000E-01	-6.54241554E-06	-2.48472358E-05	-4.20586064E-05	 6.99355566E-06	 4.98036633E-05	-2.88169126E-05	-1.67711522E-05	-1.21367514E-05	-7.21230258E-06	-4.15918717E-06	-2.11860722E-06	 9.53062618E-06	 1.12364321E-04	 2.34740214E-05	 3.60993184E-05	 2.91725433E-05	 3.91132927E-06	-2.38363059E-06	-3.57644090E-06	-2.81102303E-06
 3.770000E-01	-6.17912200E-06	-2.41310608E-05	-4.20051699E-05	 4.83543860E-06	 4.96316815E-05	-2.57760708E-05	-1.58710020E-05	-1.17328105E-05	-7.02510098E-06	-4.06569681E-06	-2.11096137E-06	 9.12282276E-06	 1.11224698E-04	 2.28114134E-05	 3.10224872E-05	 2.87918627E-05	 4.29292850E-06	-2.08927351E-06	-3.37791472E-06	-2.69835143E-06
 3.780000E-01	-5.81986556E-06	-2.34456423E-05	-4.20927005E-05	 2.43669776E-06	 4.93156168E-05	-2.28594555E-05	-1.49866191E-05	-1.13371251E-05	-6.84029751E-06	-3.97166886E-06	-2.13287366E-06	 8.65566844E-06	 1.10073495E-04	 2.22150366E-05	 2.60691887E-05	 2.83175328E-05	 4.62819090E-06	-1.80961644E-06	-3.18974553E-06	-2.59244097E-06
 3.790000E-01	-5.46785808E-06	-2.27946322E-05	-4.23182467E-05	-1.85721859E-07	 4.88616053E-05	-2.00655596E-05	-1.41195716E-05	-1.09492173E-05	-6.65812045E-06	-3.87693217E-06	-2.18215827E-06	 8.13187999E-06	 1.08918824E-04	 2.16890132E-05	 2.12429839E-05	 2.77548002E-05	 4.91959723E-06	-1.54430650E-06	-3.01106285E-06	-2.49183611E-06
 3.800000E-01	-5.12582105E-06	-2.21809961E-05	-4.26785088E-05	-3.01606259E-06	 4.82765518E-05	-1.73922122E-05	-1.32716150E-05	-1.05685609E-05	-6.47911845E-06	-3.78160111E-06	-2.25608607E-06	 7.55478163E-06	 1.07768341E-04	 2.12408342E-05	 1.65480296E-05	 2.71081296E-05	 5.17014888E-06	-1.29307630E-06	-2.84053069E-06	-2.39460956E-06
 3.810000E-01	-4.79554188E-06	-2.16076978E-05	-4.31694690E-05	-6.03759136E-06	 4.75676492E-05	-1.48376727E-05	-1.24441662E-05	-1.01940673E-05	-6.30413625E-06	-3.68526758E-06	-2.35229283E-06	 6.92758806E-06	 1.06629757E-04	 2.08727127E-05	 1.19878487E-05	 2.63822546E-05	 5.38291836E-06	-1.05559097E-06	-2.67726846E-06	-2.29873877E-06
 3.820000E-01	-4.47692117E-06	-2.10773278E-05	-4.37855480E-05	-9.23509962E-06	 4.67440334E-05	-1.24000137E-05	-1.16373887E-05	-9.82543530E-06	-6.13325747E-06	-3.58873368E-06	-2.46978480E-06	 6.25464421E-06	 1.05508825E-04	 2.05906820E-05	 7.56540399E-06	 2.55817222E-05	 5.56070803E-06	-8.31781046E-07	-2.52022076E-06	-2.20286239E-06
 3.830000E-01	-4.16930568E-06	-2.05917073E-05	-4.45215332E-05	-1.25917678E-05	 4.58141043E-05	-1.00777757E-05	-1.08509434E-05	-9.46333630E-06	-5.96591388E-06	-3.49424382E-06	-2.60929114E-06	 5.54045452E-06	 1.04410698E-04	 2.03963857E-05	 3.28325600E-06	 2.47117852E-05	 5.70666862E-06	-6.21673117E-07	-2.36816008E-06	-2.10711970E-06
 3.840000E-01	-3.87325039E-06	-2.01516928E-05	-4.53731317E-05	-1.60919860E-05	 4.47856837E-05	-7.86905263E-06	-1.00852026E-05	-9.10818036E-06	-5.80217282E-06	-3.40332068E-06	-2.77064627E-06	 4.79013573E-06	 1.03340209E-04	 2.02946640E-05	-8.55547405E-07	 2.37774363E-05	 5.82355326E-06	-4.25124756E-07	-2.22031293E-06	-2.01196559E-06
 3.850000E-01	-3.58940425E-06	-1.97574831E-05	-4.63363735E-05	-1.97189987E-05	 4.36659173E-05	-5.77227312E-06	-9.34051932E-06	-8.76011719E-06	-5.64195570E-06	-3.31684570E-06	-2.95366030E-06	 4.00846584E-06	 1.02302289E-04	 2.02858693E-05	-4.84865781E-06	 2.27841682E-05	 5.91349300E-06	-2.41565789E-07	-2.07668696E-06	-1.91833384E-06
 3.860000E-01	-3.31859460E-06	-1.94086413E-05	-4.74069724E-05	-2.34576694E-05	 4.24626060E-05	-3.78584143E-06	-8.61668018E-06	-8.41937294E-06	-5.48475071E-06	-3.23497210E-06	-3.15789040E-06	 3.20092653E-06	 1.01300643E-04	 2.03735530E-05	-8.69434665E-06	 2.17375458E-05	 5.97723377E-06	-7.02792555E-08	-1.93816735E-06	-1.82790636E-06
 3.870000E-01	-3.06179675E-06	-1.91045351E-05	-4.85807302E-05	-2.72926192E-05	 4.11831687E-05	-1.90916428E-06	-7.91324831E-06	-8.08667782E-06	-5.32956257E-06	-3.15810812E-06	-3.38284862E-06	 2.37224753E-06	 1.00338972E-04	 2.05567546E-05	-1.23915957E-05	 2.06432475E-05	 6.01521946E-06	 8.94149023E-08	-1.80571031E-06	-1.74279087E-06
 3.880000E-01	-2.82117046E-06	-1.88436918E-05	-4.98542713E-05	-3.12097330E-05	 3.98344667E-05	-1.41273822E-07	-7.23026925E-06	-7.76276564E-06	-5.17549331E-06	-3.08648433E-06	-3.62649570E-06	 1.52736302E-06	 9.94210971E-05	 2.08369986E-05	-1.59387617E-05	 1.95066266E-05	 6.02793585E-06	 2.38101292E-07	-1.68012682E-06	-1.66493534E-06
 3.890000E-01	-2.59994804E-06	-1.86247979E-05	-5.12246086E-05	-3.51950949E-05	 3.84227371E-05	 1.51834938E-06	-6.56882540E-06	-7.44689815E-06	-5.02288565E-06	-3.01786869E-06	-3.88455206E-06	 6.69631353E-07	 9.85522575E-05	 2.12107361E-05	-1.93342025E-05	 1.83326097E-05	 6.01592070E-06	 3.76854984E-07	-1.56255711E-06	-1.59459436E-06
 3.900000E-01	-2.40015360E-06	-1.84472505E-05	-5.26870550E-05	-3.92372935E-05	 3.69561018E-05	 3.07027606E-06	-5.92937703E-06	-7.13790957E-06	-4.87210426E-06	-2.94970653E-06	-4.15249570E-06	-1.97233806E-07	 9.77366772E-05	 2.16767661E-05	-2.25770755E-05	 1.71258515E-05	 5.97944648E-06	 5.06536758E-07	-1.45398312E-06	-1.53090960E-06
 3.910000E-01	-2.22261145E-06	-1.83107249E-05	-5.42360789E-05	-4.33251429E-05	 3.54432471E-05	 4.51437256E-06	-5.31182736E-06	-6.83521460E-06	-4.72313002E-06	-2.88049660E-06	-4.42658971E-06	-1.07026020E-06	 9.69780820E-05	 2.22301982E-05	-2.56675241E-05	 1.58909981E-05	 5.91918348E-06	 6.27548527E-07	-1.35453352E-06	-1.47292175E-06
 3.920000E-01	-2.06764352E-06	-1.82153103E-05	-5.58657253E-05	-4.74494958E-05	 3.38933516E-05	 5.85069765E-06	-4.71633764E-06	-6.53834741E-06	-4.57653293E-06	-2.80949143E-06	-4.70295912E-06	-1.94606792E-06	 9.62798591E-05	 2.28684458E-05	-2.86053950E-05	 1.46323628E-05	 5.83688775E-06	 7.39724924E-07	-1.26324464E-06	-1.41887104E-06
 3.930000E-01	-1.93492905E-06	-1.81607057E-05	-5.75701912E-05	-5.16005282E-05	 3.23150874E-05	 7.07971707E-06	-4.14349242E-06	-6.24655254E-06	-4.43331110E-06	-2.73639860E-06	-4.97804869E-06	-2.82192396E-06	 9.56456545E-05	 2.35857335E-05	-3.13907556E-05	 1.33543259E-05	 5.73526039E-06	 8.42798205E-07	-1.17835094E-06	-1.36626078E-06
 3.940000E-01	-1.82306755E-06	-1.81467489E-05	-5.93428472E-05	-5.57699084E-05	 3.07179963E-05	 8.20252560E-06	-3.59364430E-06	-5.95861792E-06	-4.29496071E-06	-2.66033140E-06	-5.24918585E-06	-3.69422915E-06	 9.50778365E-05	 2.43790379E-05	-3.40244349E-05	 1.20616167E-05	 5.61667635E-06	 9.36634699E-07	-1.09841390E-06	-1.31235143E-06
 3.950000E-01	-1.72868451E-06	-1.81729516E-05	-6.11761871E-05	-5.99489966E-05	 2.91120533E-05	 9.21999283E-06	-3.06611395E-06	-5.67453567E-06	-4.16188835E-06	-2.58260923E-06	-5.51634511E-06	-4.55938285E-06	 9.45772006E-05	 2.52433264E-05	-3.65089070E-05	 1.07594681E-05	 5.48320927E-06	 1.02058773E-06	-1.02161863E-06	-1.25562701E-06
 3.960000E-01	-1.64804896E-06	-1.82372406E-05	-6.30635465E-05	-6.41289552E-05	 2.75061879E-05	 1.01337575E-05	-2.55992633E-06	-5.39585530E-06	-4.03355913E-06	-2.50655797E-06	-5.78079353E-06	-5.41266945E-06	 9.41433231E-05	 2.61767981E-05	-3.88468397E-05	 9.45375500E-06	 5.33671627E-06	 1.09370031E-06	-9.46173069E-07	-1.19669597E-06
 3.970000E-01	-1.57864809E-06	-1.83362716E-05	-6.49998516E-05	-6.82999731E-05	 2.59074268E-05	 1.09460163E-05	-2.07496227E-06	-5.12358282E-06	-3.90985516E-06	-2.43431836E-06	-6.04319184E-06	-6.25064844E-06	 9.37766783E-05	 2.71746394E-05	-4.10405199E-05	 8.15026832E-06	 5.17882459E-06	 1.15554458E-06	-8.70995710E-07	-1.13635577E-06
 3.980000E-01	-1.51813865E-06	-1.84657847E-05	-6.69803365E-05	-7.24524716E-05	 2.43224389E-05	 1.16601328E-05	-1.61105501E-06	-4.85834395E-06	-3.79036781E-06	-2.36706739E-06	-6.30423263E-06	-7.06944314E-06	 9.34768507E-05	 2.82343501E-05	-4.30928707E-05	 6.85527923E-06	 5.01003264E-06	 1.20638280E-06	-7.96221532E-07	-1.07587120E-06
 3.990000E-01	-1.46447251E-06	-1.86209627E-05	-6.90004488E-05	-7.65769396E-05	 2.27575002E-05	 1.22792236E-05	-1.16749065E-06	-4.60089222E-06	-3.67398698E-06	-2.30504716E-06	-6.56512104E-06	-7.86649228E-06	 9.32428986E-05	 2.93506929E-05	-4.50078867E-05	 5.57500160E-06	 4.82912001E-06	 1.24693467E-06	-7.23415954E-07	-1.01759688E-06
 4.000000E-01	-1.41614647E-06	-1.87970781E-05	-7.10557845E-05	-8.06652758E-05	 2.12186311E-05	 1.28065173E-05	-7.43570069E-07	-4.35270111E-06	-3.55897618E-06	-2.24931210E-06	-6.82653126E-06	-8.63937092E-06	 9.30734271E-05	 3.05200574E-05	-4.67897316E-05	 4.31542838E-06	 4.63484992E-06	 1.27769806E-06	-6.53907820E-07	-9.64395043E-07
 4.010000E-01	-1.37341140E-06	-1.89888131E-05	-7.31435297E-05	-8.47092142E-05	 1.97101437E-05	 1.32457029E-05	-3.39525976E-07	-4.11450603E-06	-3.44410102E-06	-2.19942863E-06	-7.08760325E-06	-9.38761146E-06	 9.29684324E-05	 3.17355611E-05	-4.84418168E-05	 3.08177136E-06	 4.42609780E-06	 1.29964977E-06	-5.89427635E-07	-9.18550481E-07
 4.020000E-01	-1.33793865E-06	-1.91927340E-05	-7.52604661E-05	-8.87031765E-05	 1.82370788E-05	 1.36010144E-05	 4.34395053E-08	-3.88475514E-06	-3.32969582E-06	-2.15174069E-06	-7.34543876E-06	-1.01115745E-05	 9.29283313E-05	 3.29907894E-05	-4.99675396E-05	 1.87854590E-06	 4.20214799E-06	 1.31449978E-06	-5.31815726E-07	-8.79687911E-07
 4.030000E-01	-1.31020537E-06	-1.94067355E-05	-7.74021941E-05	-9.26431578E-05	 1.68055827E-05	 1.38763401E-05	 4.04717445E-07	-3.66191003E-06	-3.21597317E-06	-2.10324638E-06	-7.59841865E-06	-1.08122895E-05	 9.29526587E-05	 3.42774801E-05	-5.13716505E-05	 7.09729052E-07	 3.96246439E-06	 1.32353205E-06	-4.82258690E-07	-8.46755493E-07
 4.040000E-01	-1.29055854E-06	-1.96299656E-05	-7.95637055E-05	-9.65272214E-05	 1.54222417E-05	 1.40752782E-05	 7.43724227E-07	-3.44518044E-06	-3.10308177E-06	-2.05233735E-06	-7.84504536E-06	-1.14904537E-05	 9.30401905E-05	 3.55893004E-05	-5.26593475E-05	-4.21083504E-07	 3.70751103E-06	 1.32727375E-06	-4.40714220E-07	-8.18585497E-07
 4.050000E-01	-1.27906686E-06	-1.98621999E-05	-8.17404024E-05	-1.00354134E-04	 1.40929347E-05	 1.42016632E-05	 1.05917031E-06	-3.23374608E-06	-2.99198331E-06	-1.99858703E-06	-8.08391103E-06	-1.21473123E-05	 9.31904031E-05	 3.69183614E-05	-5.38353095E-05	-1.51124031E-06	 3.43990722E-06	 1.32548353E-06	-4.05280116E-07	-7.92770599E-07
 4.060000E-01	-1.27571547E-06	-2.01032920E-05	-8.39277303E-05	-1.04122884E-04	 1.28232295E-05	 1.42604191E-05	 1.34942115E-06	-3.02609390E-06	-2.88428921E-06	-1.94087594E-06	-8.31374524E-06	-1.27832575E-05	 9.34022013E-05	 3.82592220E-05	-5.49045484E-05	-2.55797790E-06	 3.16286188E-06	 1.31812929E-06	-3.74043491E-07	-7.66169247E-07
 4.070000E-01	-1.27880270E-06	-2.03536239E-05	-8.61203254E-05	-1.07833176E-04	 1.16192044E-05	 1.42563375E-05	 1.61365735E-06	-2.82103262E-06	-2.78146254E-06	-1.87894663E-06	-8.53510343E-06	-1.33985644E-05	 9.36734305E-05	 3.96057602E-05	-5.58731856E-05	-3.55894565E-06	 2.87972127E-06	 1.30474904E-06	-3.44693424E-07	-7.35755390E-07
 4.080000E-01	-1.28491366E-06	-2.06121222E-05	-8.83127004E-05	-1.11483742E-04	 1.04860734E-05	 1.41942377E-05	 1.85214442E-06	-2.62013166E-06	-2.68320305E-06	-1.81628277E-06	-8.75047359E-06	-1.39918191E-05	 9.40001903E-05	 4.09556295E-05	-5.67482337E-05	-4.51122274E-06	 2.59377919E-06	 1.28393852E-06	-3.14652399E-07	-7.01225163E-07
 4.090000E-01	-1.29136141E-06	-2.08757782E-05	-9.05014770E-05	-1.15071861E-04	 9.42653373E-06	 1.40793796E-05	 2.06506974E-06	-2.42564686E-06	-2.58886697E-06	-1.75654394E-06	-8.96197742E-06	-1.45625365E-05	 9.43793481E-05	 4.23049592E-05	-5.75357981E-05	-5.41268108E-06	 2.30804717E-06	 1.25451989E-06	-2.82083111E-07	-6.63544140E-07
 4.100000E-01	-1.29627965E-06	-2.11406666E-05	-9.26841138E-05	-1.18593936E-04	 8.44213809E-06	 1.39180329E-05	 2.25240640E-06	-2.23904369E-06	-2.49810516E-06	-1.70162299E-06	-9.17104039E-06	-1.51099622E-05	 9.48077640E-05	 4.36517584E-05	-5.82418596E-05	-6.26107333E-06	 2.02497610E-06	 1.21619918E-06	-2.46469768E-07	-6.23652947E-07
 4.110000E-01	-1.29798281E-06	-2.14019236E-05	-9.48587603E-05	-1.22045921E-04	 7.53381078E-06	 1.37165508E-05	 2.41519805E-06	-2.06162358E-06	-2.40982296E-06	-1.65192663E-06	-9.37952673E-06	-1.56344109E-05	 9.52817251E-05	 4.49921879E-05	-5.88730788E-05	-7.05477126E-06	 1.74467889E-06	 1.16965857E-06	-2.09497884E-07	-5.83697572E-07
 4.120000E-01	-1.29530165E-06	-2.16551270E-05	-9.70233834E-05	-1.25424651E-04	 6.70241836E-06	 1.34804848E-05	 2.55503677E-06	-1.89555967E-06	-2.32222060E-06	-1.60848364E-06	-9.58894477E-06	-1.61363080E-05	 9.57970176E-05	 4.63238963E-05	-5.94364579E-05	-7.79235422E-06	 1.46661259E-06	 1.11552166E-06	-1.73196846E-07	-5.46813388E-07
 4.130000E-01	-1.28858893E-06	-2.18952844E-05	-9.91778187E-05	-1.28726835E-04	 5.94702452E-06	 1.32153901E-05	 2.67320257E-06	-1.74288781E-06	-2.23356417E-06	-1.57181033E-06	-9.79957699E-06	-1.66176097E-05	 9.63504680E-05	 4.76420327E-05	-5.99379222E-05	-8.47373087E-06	 1.18993335E-06	 1.05482854E-06	-1.40046076E-07	-5.16255067E-07
 4.140000E-01	-1.28084996E-06	-2.21193964E-05	-1.01322288E-04	-1.31950866E-04	 5.26687821E-06	 1.29270911E-05	 2.76984401E-06	-1.60280360E-06	-2.14401124E-06	-1.53851342E-06	-1.00094358E-05	-1.70811812E-05	 9.69399216E-05	 4.89418360E-05	-6.03828612E-05	-9.09946311E-06	 9.13925654E-07	 9.89770839E-07	-1.13040050E-07	-4.92640636E-07
 4.150000E-01	-1.27456591E-06	-2.23266862E-05	-1.03456098E-04	-1.35097291E-04	 4.66258258E-06	 1.26210175E-05	 2.84546423E-06	-1.47310777E-06	-2.05444987E-06	-1.50435280E-06	-1.02168716E-05	-1.75303493E-05	 9.75628402E-05	 5.02167377E-05	-6.07771571E-05	-9.67122370E-06	 6.38201995E-07	 9.22495653E-07	-9.43672681E-08	-4.74906256E-07
 4.160000E-01	-1.27159167E-06	-2.25180141E-05	-1.05577330E-04	-1.38168288E-04	 4.13562322E-06	 1.23013281E-05	 2.90094458E-06	-1.35252845E-06	-1.96549341E-06	-1.46706907E-06	-1.04205986E-05	-1.79677622E-05	 9.82160628E-05	 5.14624663E-05	-6.11271376E-05	-1.01907260E-05	 3.63175002E-07	 8.54237026E-07	-8.48090246E-08	-4.62036725E-07
 4.170000E-01	-1.27333489E-06	-2.26951139E-05	-1.07684566E-04	-1.41166889E-04	 3.68687983E-06	 1.19718339E-05	 2.93663587E-06	-1.23992336E-06	-1.87841195E-06	-1.42620825E-06	-1.06190070E-05	-1.83961094E-05	 9.88971835E-05	 5.26735351E-05	-6.14379629E-05	-1.06608973E-05	 9.15292732E-08	 7.85209090E-07	-8.27026720E-08	-4.51840656E-07
 4.180000E-01	-1.28097613E-06	-2.28598906E-05	-1.09776309E-04	-1.44095729E-04	 3.31688101E-06	 1.16366819E-05	 2.95232477E-06	-1.13329276E-06	-1.79538014E-06	-1.38067957E-06	-1.08103888E-05	-1.88170300E-05	 9.96039720E-05	 5.38472204E-05	-6.17145261E-05	-1.10842423E-05	-1.73104632E-07	 7.15683741E-07	-8.59168775E-08	-4.40982546E-07
 4.190000E-01	-1.29368656E-06	-2.30145740E-05	-1.11850380E-04	-1.46957630E-04	 3.02677256E-06	 1.12998713E-05	 2.94869113E-06	-1.03052801E-06	-1.71842370E-06	-1.32994157E-06	-1.09943618E-05	-1.92315997E-05	 1.00333305E-04	 5.49801402E-05	-6.19621439E-05	-1.14637098E-05	-4.27003195E-07	 6.45570459E-07	-9.17278343E-08	-4.25965407E-07
 4.200000E-01	-1.30781410E-06	-2.31598346E-05	-1.13903597E-04	-1.49754047E-04	 2.81727178E-06	 1.09642670E-05	 2.92770485E-06	-9.32624161E-07	-1.64764377E-06	-1.27750009E-06	-1.11724489E-05	-1.96390989E-05	 1.01080773E-04	 5.60732616E-05	-6.21867238E-05	-1.18011558E-05	-6.66499187E-07	 5.73536466E-07	-9.67867932E-08	-4.06069778E-07
 4.210000E-01	-1.31963266E-06	-2.32937342E-05	-1.15934953E-04	-1.52484167E-04	 2.68650373E-06	 1.06328403E-05	 2.89161768E-06	-8.41986394E-07	-1.58221381E-06	-1.22791449E-06	-1.13460915E-05	-2.00391926E-05	 1.01842296E-04	 5.71260726E-05	-6.23930256E-05	-1.20989608E-05	-8.88766553E-07	 4.98378534E-07	-9.85556882E-08	-3.82443404E-07
 4.220000E-01	-1.32637235E-06	-2.34131743E-05	-1.17944265E-04	-1.55145797E-04	 2.63143427E-06	 1.03089703E-05	 2.84224013E-06	-7.60037325E-07	-1.52163808E-06	-1.18355832E-06	-1.15161402E-05	-2.04314316E-05	 1.02614298E-04	 5.81401766E-05	-6.25854735E-05	-1.23588256E-05	-1.09206565E-06	 4.19919584E-07	-9.60489401E-08	-3.56209705E-07
 4.230000E-01	-1.32531437E-06	-2.35140229E-05	-1.19932149E-04	-1.57735817E-04	 2.64869776E-06	 9.99611409E-06	 2.78249048E-06	-6.87812034E-07	-1.46473904E-06	-1.14478096E-06	-1.16840036E-05	-2.08160916E-05	 1.03392395E-04	 5.91147146E-05	-6.27689476E-05	-1.25828035E-05	-1.27754761E-06	 3.39158810E-07	-9.08201550E-08	-3.29711692E-07
 4.240000E-01	-1.31432909E-06	-2.35924918E-05	-1.21898736E-04	-1.60251869E-04	 2.73514974E-06	 9.69629507E-06	 2.71568871E-06	-6.27268741E-07	-1.40932527E-06	-1.11277373E-06	-1.18509800E-05	-2.11937902E-05	 1.04172189E-04	 6.00506172E-05	-6.29485858E-05	-1.27726190E-05	-1.44750117E-06	 2.56952943E-07	-8.47750999E-08	-3.06532635E-07
 4.250000E-01	-1.29315281E-06	-2.36443524E-05	-1.23846326E-04	-1.62691134E-04	 2.88607592E-06	 9.41156376E-06	 2.64455236E-06	-5.80093908E-07	-1.35352420E-06	-1.08782990E-06	-1.20172029E-05	-2.15663288E-05	 1.04950089E-04	 6.09454991E-05	-6.31283151E-05	-1.29309564E-05	-1.60490149E-06	 1.74729485E-07	-8.05540606E-08	-2.90281551E-07
 4.260000E-01	-1.26503078E-06	-2.36677589E-05	-1.25777561E-04	-1.65052826E-04	 3.09732134E-06	 9.14399750E-06	 2.57006310E-06	-5.44490746E-07	-1.29749793E-06	-1.06608349E-06	-1.21808048E-05	-2.19366696E-05	 1.05724202E-04	 6.17972401E-05	-6.33115097E-05	-1.30607521E-05	-1.75288828E-06	 9.51440973E-08	-8.13587837E-08	-2.81450283E-07
 4.270000E-01	-1.23262300E-06	-2.36632920E-05	-1.27694106E-04	-1.67337832E-04	 3.36674151E-06	 8.89547093E-06	 2.49327987E-06	-5.17212995E-07	-1.24227205E-06	-1.04293063E-06	-1.23403303E-05	-2.23077171E-05	 1.06492036E-04	 6.26011182E-05	-6.35019056E-05	-1.31656426E-05	-1.89407458E-06	 2.05962287E-08	-8.94116868E-08	-2.78768985E-07
 4.280000E-01	-1.19810223E-06	-2.36330351E-05	-1.29596095E-04	-1.69548968E-04	 3.69327184E-06	 8.66612047E-06	 2.41519658E-06	-4.96000123E-07	-1.18847215E-06	-1.01619145E-06	-1.24946700E-05	-2.26820656E-05	 1.07251461E-04	 6.33551656E-05	-6.37032273E-05	-1.32491265E-05	-2.02993568E-06	-4.78271370E-08	-1.05138989E-07	-2.80917972E-07
 4.290000E-01	-1.16307279E-06	-2.35797623E-05	-1.31484231E-04	-1.71688854E-04	 4.07559537E-06	 8.45633528E-06	 2.33577650E-06	-4.78645348E-07	-1.13753207E-06	-9.85651541E-07	-1.26422642E-05	-2.30618019E-05	 1.08000820E-04	 6.40554755E-05	-6.39179377E-05	-1.33153218E-05	-2.15928211E-06	-1.10201829E-07	-1.26344842E-07	-2.85167792E-07
 4.300000E-01	-1.12883726E-06	-2.35061234E-05	-1.33358751E-04	-1.73760030E-04	 4.51231913E-06	 8.26655445E-06	 2.25424444E-06	-4.61915819E-07	-1.09179280E-06	-9.50010831E-07	-1.27817684E-05	-2.34483060E-05	 1.08739286E-04	 6.47015283E-05	-6.41481820E-05	-1.33677257E-05	-2.28014990E-06	-1.66575571E-07	-1.50715435E-07	-2.87521892E-07
 4.310000E-01	-1.09382427E-06	-2.34148523E-05	-1.35218685E-04	-1.75764095E-04	 5.00345429E-06	 8.09741917E-06	 2.17080752E-06	-4.43124677E-07	-1.05289944E-06	-9.09580144E-07	-1.29132265E-05	-2.38418285E-05	 1.09464507E-04	 6.52915166E-05	-6.43966844E-05	-1.34095954E-05	-2.39004244E-06	-2.17855874E-07	-1.74842601E-07	-2.84311475E-07
 4.320000E-01	-1.05335071E-06	-2.33059323E-05	-1.37062074E-04	-1.77701226E-04	 5.54801203E-06	 7.94800542E-06	 2.08703966E-06	-4.23523304E-07	-1.02018715E-06	-8.68897410E-07	-1.30386381E-05	-2.42412909E-05	 1.10173689E-04	 6.58288697E-05	-6.46663013E-05	-1.34430800E-05	-2.48649943E-06	-2.66436922E-07	-1.94960958E-07	-2.75433456E-07
 4.330000E-01	-1.00337761E-06	-2.31769149E-05	-1.38889307E-04	-1.79568241E-04	 6.14284388E-06	 7.81840580E-06	 2.00432939E-06	-4.05136515E-07	-9.92320561E-07	-8.32502687E-07	-1.31592303E-05	-2.46457968E-05	 1.10863919E-04	 6.63142850E-05	-6.49589349E-05	-1.34700882E-05	-2.56794592E-06	-3.14125781E-07	-2.08385698E-07	-2.62103596E-07
 4.340000E-01	-9.40630163E-07	-2.30240667E-05	-1.40701129E-04	-1.81361482E-04	 6.78394827E-06	 7.70879480E-06	 1.92391248E-06	-3.89096747E-07	-9.68314375E-07	-8.02098109E-07	-1.32764309E-05	-2.50544949E-05	 1.11533015E-04	 6.67514911E-05	-6.52766107E-05	-1.34918297E-05	-2.63444407E-06	-3.61496605E-07	-2.14713385E-07	-2.45707612E-07
 4.350000E-01	-8.62060054E-07	-2.28430480E-05	-1.42498691E-04	-1.83075544E-04	 7.46781718E-06	 7.61960784E-06	 1.84823149E-06	-3.76742118E-07	-9.46002554E-07	-7.77997004E-07	-1.33918913E-05	-2.54669438E-05	 1.12177247E-04	 6.71406645E-05	-6.56221013E-05	-1.35091144E-05	-2.68880428E-06	-4.08102354E-07	-2.15782630E-07	-2.29246355E-07
 4.360000E-01	-7.65756553E-07	-2.26296530E-05	-1.44282965E-04	-1.84706808E-04	 8.19057586E-06	 7.54968966E-06	 1.77972361E-06	-3.70525959E-07	-9.22610047E-07	-7.61423365E-07	-1.35072461E-05	-2.58833476E-05	 1.12793870E-04	 6.74845081E-05	-6.59981038E-05	-1.35228908E-05	-2.73449972E-06	-4.53739856E-07	-2.13642267E-07	-2.16869955E-07
 4.370000E-01	-6.53067660E-07	-2.23800223E-05	-1.46057319E-04	-1.86250165E-04	 8.94738729E-06	 7.49881837E-06	 1.71945903E-06	-3.71517819E-07	-8.96513392E-07	-7.51084899E-07	-1.36221342E-05	-2.63048534E-05	 1.13380611E-04	 6.77809527E-05	-6.64061996E-05	-1.35342788E-05	-2.77557722E-06	-4.96912710E-07	-2.11568732E-07	-2.11547372E-07
 4.380000E-01	-5.28372627E-07	-2.20933924E-05	-1.47824562E-04	-1.87704378E-04	 9.73480430E-06	 7.46668377E-06	 1.66684333E-06	-3.76917420E-07	-8.68461009E-07	-7.41785111E-07	-1.37352502E-05	-2.67337644E-05	 1.13937126E-04	 6.80290065E-05	-6.68480799E-05	-1.35451830E-05	-2.81603004E-06	-5.35056156E-07	-2.13095162E-07	-2.12568651E-07
 4.390000E-01	-3.94624231E-07	-2.17712458E-05	-1.49585881E-04	-1.89068243E-04	 1.05520318E-05	 7.45259425E-06	 1.62157825E-06	-3.83994218E-07	-8.39512363E-07	-7.29369029E-07	-1.38458396E-05	-2.71717091E-05	 1.14461644E-04	 6.82246227E-05	-6.73257698E-05	-1.35573699E-05	-2.85858653E-06	-5.66574172E-07	-2.20350009E-07	-2.18487174E-07
 4.400000E-01	-2.54651796E-07	-2.14158610E-05	-1.51341516E-04	-1.90343260E-04	 1.13983010E-05	 7.45464062E-06	 1.58280719E-06	-3.90788482E-07	-8.10504867E-07	-7.12774417E-07	-1.39531798E-05	-2.76205580E-05	 1.14954010E-04	 6.83669987E-05	-6.78407757E-05	-1.35734513E-05	-2.90394521E-06	-5.91454083E-07	-2.32846056E-07	-2.27442495E-07
 4.410000E-01	-1.10745067E-07	-2.10301208E-05	-1.53092099E-04	-1.91528641E-04	 1.22731898E-05	 7.47187139E-06	 1.54831972E-06	-3.94839982E-07	-7.83883321E-07	-6.91235156E-07	-1.40559225E-05	-2.80810809E-05	 1.15413738E-04	 6.84528302E-05	-6.83935195E-05	-1.35954877E-05	-2.95018319E-06	-6.10193174E-07	-2.48660783E-07	-2.35716726E-07
 4.420000E-01	 3.62187610E-08	-2.06164312E-05	-1.54836963E-04	-1.92624931E-04	 1.31765469E-05	 7.50344461E-06	 1.51622383E-06	-3.92808698E-07	-7.61995546E-07	-6.63877100E-07	-1.41537618E-05	-2.85538143E-05	 1.15841146E-04	 6.84827229E-05	-6.89849365E-05	-1.36258681E-05	-2.99502899E-06	-6.23584251E-07	-2.65361365E-07	-2.38892548E-07
 4.430000E-01	 1.89512306E-07	-2.01763364E-05	-1.56573683E-04	-1.93629317E-04	 1.41097855E-05	 7.54822836E-06	 1.48621663E-06	-3.84324859E-07	-7.45541707E-07	-6.33363397E-07	-1.42479999E-05	-2.90372584E-05	 1.16233729E-04	 6.84565361E-05	-6.96165981E-05	-1.36653757E-05	-3.03533806E-06	-6.33963936E-07	-2.79443769E-07	-2.35066067E-07
 4.440000E-01	 3.53618037E-07	-1.97076544E-05	-1.58300553E-04	-1.94538444E-04	 1.50713379E-05	 7.60452405E-06	 1.45916906E-06	-3.71773064E-07	-7.33022715E-07	-6.04976391E-07	-1.43406458E-05	-2.95299034E-05	 1.16590036E-04	 6.83786674E-05	-7.02897117E-05	-1.37151665E-05	-3.06855279E-06	-6.44359037E-07	-2.87491881E-07	-2.25405719E-07
 4.450000E-01	 5.31819616E-07	-1.92071067E-05	-1.60017434E-04	-1.95344534E-04	 1.60590891E-05	 7.67199772E-06	 1.43539657E-06	-3.57307828E-07	-7.23218388E-07	-5.81938954E-07	-1.44324984E-05	-3.00295261E-05	 1.16907424E-04	 6.82507668E-05	-7.10051295E-05	-1.37744768E-05	-3.09313393E-06	-6.56239390E-07	-2.88035379E-07	-2.11375785E-07
 4.460000E-01	 7.26981049E-07	-1.86699911E-05	-1.61724356E-04	-1.96041293E-04	 1.70698488E-05	 7.75021538E-06	 1.41643714E-06	-3.42330121E-07	-7.14402648E-07	-5.64613669E-07	-1.45253250E-05	-3.05347069E-05	 1.17184009E-04	 6.80770621E-05	-7.17646684E-05	-1.38433781E-05	-3.11042565E-06	-6.69747791E-07	-2.82280025E-07	-1.95310844E-07
 4.470000E-01	 9.41331442E-07	-1.80924146E-05	-1.63420921E-04	-1.96620179E-04	 1.81020907E-05	 7.83815859E-06	 1.40442307E-06	-3.29709062E-07	-7.03577873E-07	-5.54110549E-07	-1.46202863E-05	-3.10436199E-05	 1.17415777E-04	 6.78587489E-05	-7.25705932E-05	-1.39201325E-05	-3.12302214E-06	-6.84765144E-07	-2.72085443E-07	-1.81495896E-07
 4.480000E-01	 1.17436867E-06	-1.74697602E-05	-1.65108717E-04	-1.97075173E-04	 1.91514652E-05	 7.93451229E-06	 1.40091694E-06	-3.21915151E-07	-6.88355146E-07	-5.50242201E-07	-1.47179066E-05	-3.15559216E-05	 1.17601353E-04	 6.75983935E-05	-7.34243983E-05	-1.40050704E-05	-3.13426163E-06	-7.00438995E-07	-2.60292399E-07	-1.73881332E-07
 4.490000E-01	 1.42138782E-06	-1.68010858E-05	-1.66789809E-04	-1.97399509E-04	 2.02159303E-05	 8.03861203E-06	 1.40491480E-06	-3.17876767E-07	-6.68996695E-07	-5.48704909E-07	-1.48162079E-05	-3.20716771E-05	 1.17739022E-04	 6.72937425E-05	-7.43270708E-05	-1.40970165E-05	-3.14757544E-06	-7.13974185E-07	-2.50639617E-07	-1.72794260E-07
 4.500000E-01	 1.67830755E-06	-1.60871274E-05	-1.68464976E-04	-1.97590946E-04	 2.12941085E-05	 8.14946836E-06	 1.41561933E-06	-3.14926795E-07	-6.46904316E-07	-5.44557726E-07	-1.49149386E-05	-3.25917512E-05	 1.17828335E-04	 6.69438940E-05	-7.52804737E-05	-1.41975396E-05	-3.16586452E-06	-7.23120077E-07	-2.46198335E-07	-1.76790310E-07
 4.510000E-01	 1.94146838E-06	-1.53311744E-05	-1.70133087E-04	-1.97646167E-04	 2.23876559E-05	 8.26483229E-06	 1.43148239E-06	-3.11422444E-07	-6.23298451E-07	-5.35851163E-07	-1.50130805E-05	-3.31161672E-05	 1.17867217E-04	 6.65460195E-05	-7.62860042E-05	-1.43063360E-05	-3.18997206E-06	-7.27175008E-07	-2.47502447E-07	-1.84345380E-07
 4.520000E-01	 2.20794099E-06	-1.45357925E-05	-1.71793801E-04	-1.97564103E-04	 2.34958594E-05	 8.38335788E-06	 1.45024610E-06	-3.05215719E-07	-6.00527420E-07	-5.21939080E-07	-1.51103620E-05	-3.36453418E-05	 1.17856006E-04	 6.60992375E-05	-7.73443974E-05	-1.44261723E-05	-3.21825223E-06	-7.26475024E-07	-2.53204597E-07	-1.92253505E-07
 4.530000E-01	 2.47562685E-06	-1.37049482E-05	-1.73445118E-04	-1.97340910E-04	 2.46209488E-05	 8.50362383E-06	 1.46873249E-06	-2.93289100E-07	-5.81591874E-07	-5.01774877E-07	-1.52059277E-05	-3.41783138E-05	 1.17793145E-04	 6.56019888E-05	-7.84562124E-05	-1.45567719E-05	-3.24805098E-06	-7.21422288E-07	-2.61415011E-07	-1.96001676E-07
 4.540000E-01	 2.74676775E-06	-1.28402890E-05	-1.75083966E-04	-1.96973816E-04	 2.57638622E-05	 8.62504141E-06	 1.48623634E-06	-2.74207367E-07	-5.67753695E-07	-4.77076506E-07	-1.53019789E-05	-3.47137412E-05	 1.17676977E-04	 6.50556346E-05	-7.96235394E-05	-1.47005479E-05	-3.27632425E-06	-7.14021790E-07	-2.69133038E-07	-1.93079752E-07
 4.550000E-01	 3.02543793E-06	-1.19420191E-05	-1.76706179E-04	-1.96455813E-04	 2.69266487E-05	 8.74539965E-06	 1.50288523E-06	-2.50308555E-07	-5.57761032E-07	-4.53055027E-07	-1.54000012E-05	-3.52484139E-05	 1.17503583E-04	 6.44632497E-05	-8.08476965E-05	-1.48559967E-05	-3.29977636E-06	-7.07511825E-07	-2.72730899E-07	-1.84491126E-07
 4.560000E-01	 3.31503999E-06	-1.10067583E-05	-1.78310656E-04	-1.95779212E-04	 2.81066184E-05	 8.86518804E-06	 1.51968640E-06	-2.23635953E-07	-5.49918940E-07	-4.33389009E-07	-1.55014889E-05	-3.57798222E-05	 1.17270819E-04	 6.38285891E-05	-8.21302123E-05	-1.50244502E-05	-3.31640407E-06	-7.03631353E-07	-2.70209300E-07	-1.71731477E-07
 4.570000E-01	 3.61794536E-06	-1.00324259E-05	-1.79894997E-04	-1.94934399E-04	 2.93042430E-05	 8.98326232E-06	 1.53734868E-06	-1.95947781E-07	-5.42572352E-07	-4.18865318E-07	-1.56070944E-05	-3.63044054E-05	 1.16974388E-04	 6.31557965E-05	-8.34727172E-05	-1.52028399E-05	-3.32648955E-06	-7.02631299E-07	-2.62198047E-07	-1.56800688E-07
 4.580000E-01	 3.93671778E-06	-9.01492016E-06	-1.81458168E-04	-1.93912672E-04	 3.05170751E-05	 9.10014929E-06	 1.55899463E-06	-1.69756015E-07	-5.32410638E-07	-4.10526573E-07	-1.57185959E-05	-3.68197123E-05	 1.16610453E-04	 6.24482106E-05	-8.48783988E-05	-1.53918354E-05	-3.33227912E-06	-7.04325533E-07	-2.50119772E-07	-1.43837568E-07
 4.590000E-01	 4.27045612E-06	-7.95267745E-06	-1.82998846E-04	-1.92705511E-04	 3.17451203E-05	 9.21336753E-06	 1.58556038E-06	-1.48084766E-07	-5.16987706E-07	-4.08401346E-07	-1.58352508E-05	-3.73228134E-05	 1.16175007E-04	 6.17096150E-05	-8.63485265E-05	-1.55881125E-05	-3.33625014E-06	-7.07859005E-07	-2.36290133E-07	-1.36724650E-07
 4.600000E-01	 4.61519895E-06	-6.84445712E-06	-1.84518634E-04	-1.91305877E-04	 3.29851266E-05	 9.32386897E-06	 1.61726939E-06	-1.30000043E-07	-4.96391881E-07	-4.08528281E-07	-1.59559167E-05	-3.78129103E-05	 1.15666129E-04	 6.09396565E-05	-8.78850504E-05	-1.57932260E-05	-3.34153162E-06	-7.10165807E-07	-2.24062975E-07	-1.35748524E-07
 4.610000E-01	 4.96606320E-06	-5.69415208E-06	-1.86015483E-04	-1.89709914E-04	 3.42402054E-05	 9.42868663E-06	 1.65196784E-06	-1.13599529E-07	-4.72514911E-07	-4.06217313E-07	-1.60795911E-05	-3.82883105E-05	 1.15080483E-04	 6.01394844E-05	-8.94895149E-05	-1.60046614E-05	-3.35062381E-06	-7.08770966E-07	-2.16534134E-07	-1.39439906E-07
 4.620000E-01	 5.31991477E-06	-4.50445241E-06	-1.87488328E-04	-1.87913710E-04	 3.55102817E-05	 9.52777184E-06	 1.68909536E-06	-9.69860292E-08	-4.46956038E-07	-3.99500967E-07	-1.62066737E-05	-3.87484705E-05	 1.14415084E-04	 5.93072570E-05	-9.11646969E-05	-1.62256241E-05	-3.36447064E-06	-7.02723651E-07	-2.14242227E-07	-1.46301769E-07
 4.630000E-01	 5.67267387E-06	-3.28116296E-06	-1.88933728E-04	-1.85915877E-04	 3.67995262E-05	 9.61730810E-06	 1.72465333E-06	-7.86544729E-08	-4.22693934E-07	-3.87716653E-07	-1.63363875E-05	-3.91914230E-05	 1.13667090E-04	 5.84451828E-05	-9.29110238E-05	-1.64547179E-05	-3.38142342E-06	-6.92341426E-07	-2.16237502E-07	-1.53245431E-07
 4.640000E-01	 6.02293403E-06	-2.02734671E-06	-1.90349840E-04	-1.83711570E-04	 3.81080631E-05	 9.69871089E-06	 1.75664903E-06	-5.53466294E-08	-4.02985041E-07	-3.70087302E-07	-1.64697175E-05	-3.96158789E-05	 1.12833064E-04	 5.75518332E-05	-9.47309504E-05	-1.66960196E-05	-3.39933300E-06	-6.77916689E-07	-2.20871218E-07	-1.55912081E-07
 4.650000E-01	 6.37157609E-06	-7.47732887E-07	-1.91730188E-04	-1.81299208E-04	 3.94419445E-05	 9.76849800E-06	 1.78247130E-06	-2.65978300E-08	-3.89279927E-07	-3.48734504E-07	-1.66086628E-05	-4.00181868E-05	 1.11907614E-04	 5.66331316E-05	-9.66264459E-05	-1.69478266E-05	-3.41562964E-06	-6.61965031E-07	-2.25700344E-07	-1.52476843E-07
 4.660000E-01	 6.72297987E-06	 5.58663789E-07	-1.93071036E-04	-1.78670045E-04	 4.08005907E-05	 9.82881402E-06	 1.80391440E-06	 6.00794730E-09	-3.80118320E-07	-3.28518654E-07	-1.67557543E-05	-4.03949186E-05	 1.10884345E-04	 5.56915895E-05	-9.86008992E-05	-1.72139530E-05	-3.42773841E-06	-6.47625829E-07	-2.27332779E-07	-1.44124949E-07
 4.670000E-01	 7.07880986E-06	 1.89121304E-06	-1.94367050E-04	-1.75820073E-04	 4.21874122E-05	 9.87708569E-06	 1.82007816E-06	 3.99227020E-08	-3.73784081E-07	-3.12658326E-07	-1.69111940E-05	-4.07411842E-05	 1.09757778E-04	 5.47371770E-05	-1.00655221E-04	-1.74914869E-05	-3.43403571E-06	-6.36935907E-07	-2.24232586E-07	-1.32305266E-07
 4.680000E-01	 7.44235416E-06	 3.25278272E-06	-1.95615627E-04	-1.72737496E-04	 4.36004432E-05	 9.91727243E-06	 1.83400043E-06	 7.39223847E-08	-3.67991457E-07	-3.01930134E-07	-1.70761094E-05	-4.10530536E-05	 1.08520490E-04	 5.37727777E-05	-1.02793074E-04	-1.77832348E-05	-3.43526154E-06	-6.29878829E-07	-2.16776898E-07	-1.18985657E-07
 4.690000E-01	 7.81424185E-06	 4.64281194E-06	-1.96810887E-04	-1.69420208E-04	 4.50438311E-05	 9.94594802E-06	 1.84645300E-06	 1.04519879E-07	-3.59408444E-07	-2.97359195E-07	-1.72503652E-05	-4.13256221E-05	 1.07165771E-04	 5.28097784E-05	-1.05016257E-04	-1.80854834E-05	-3.43359091E-06	-6.26788913E-07	-2.06214498E-07	-1.08265467E-07
 4.700000E-01	 8.19428307E-06	 6.06329401E-06	-1.97951311E-04	-1.65856690E-04	 4.65146861E-05	 9.96672554E-06	 1.86037733E-06	 1.29732741E-07	-3.45686639E-07	-2.98331778E-07	-1.74325498E-05	-4.15556495E-05	 1.05686592E-04	 5.18494857E-05	-1.07327225E-04	-1.84013724E-05	-3.43117183E-06	-6.25974913E-07	-1.94160053E-07	-1.02941725E-07
 4.710000E-01	 8.57673738E-06	 7.50999061E-06	-1.99032794E-04	-1.62050026E-04	 4.80171718E-05	 9.97526722E-06	 1.87268097E-06	 1.49584143E-07	-3.27788666E-07	-3.00742505E-07	-1.76199616E-05	-4.17400394E-05	 1.04078514E-04	 5.09009901E-05	-1.09725956E-04	-1.87277950E-05	-3.43089612E-06	-6.24591440E-07	-1.83777020E-07	-1.02423433E-07
 4.720000E-01	 8.95878468E-06	 8.98009993E-06	-2.00052447E-04	-1.57991864E-04	 4.95511040E-05	 9.97478657E-06	 1.88336891E-06	 1.66041772E-07	-3.07738530E-07	-3.00687214E-07	-1.78122881E-05	-4.18769382E-05	 1.02333489E-04	 4.99616233E-05	-1.12215541E-04	-1.90692938E-05	-3.43504049E-06	-6.19838383E-07	-1.77200543E-07	-1.05184617E-07
 4.730000E-01	 9.33540398E-06	 1.04663920E-05	-2.01003619E-04	-1.53691352E-04	 5.11233096E-05	 9.95899165E-06	 1.88789835E-06	 1.79345926E-07	-2.87808568E-07	-2.96797222E-07	-1.80088406E-05	-4.19639783E-05	 1.00446166E-04	 4.90406850E-05	-1.14796327E-04	-1.94245146E-05	-3.44463631E-06	-6.11504029E-07	-1.74734536E-07	-1.09830386E-07
 4.740000E-01	 9.70449108E-06	 1.19650416E-05	-2.01882222E-04	-1.49140247E-04	 5.27339492E-05	 9.93165801E-06	 1.88448111E-06	 1.91661045E-07	-2.71288277E-07	-2.88053400E-07	-1.82092794E-05	-4.19995627E-05	 9.84082455E-05	 4.81347240E-05	-1.17470090E-04	-1.97995738E-05	-3.45832226E-06	-5.98821979E-07	-1.75214915E-07	-1.12874949E-07
 4.750000E-01	 1.00633137E-05	 1.34686843E-05	-2.02679975E-04	-1.44350838E-04	 5.43909005E-05	 9.88694211E-06	 1.86748270E-06	 2.04330563E-07	-2.61261662E-07	-2.74113129E-07	-1.84143859E-05	-4.19812296E-05	 9.62135993E-05	 4.72550667E-05	-1.20237354E-04	-2.01938593E-05	-3.47540465E-06	-5.82870105E-07	-1.77358074E-07	-1.10983687E-07
 4.760000E-01	 1.04152665E-05	 1.49755854E-05	-2.03389373E-04	-1.39312207E-04	 5.60956468E-05	 9.83008243E-06	 1.83777736E-06	 2.17328432E-07	-2.57807001E-07	-2.57733324E-07	-1.86257418E-05	-4.19062164E-05	 9.38506155E-05	 4.64006886E-05	-1.23101157E-04	-2.06135424E-05	-3.49381457E-06	-5.65402196E-07	-1.78054115E-07	-1.03697894E-07
 4.770000E-01	 1.07611727E-05	 1.64821794E-05	-2.04001449E-04	-1.34037756E-04	 5.78548202E-05	 9.75565605E-06	 1.79277528E-06	 2.27718287E-07	-2.59161491E-07	-2.42793948E-07	-1.88429375E-05	-4.17708715E-05	 9.13128567E-05	 4.55883021E-05	-1.26061214E-04	-2.10577127E-05	-3.51240072E-06	-5.49283264E-07	-1.74365170E-07	-9.22136986E-08
 4.780000E-01	 1.11039401E-05	 1.79895740E-05	-2.04509743E-04	-1.28512698E-04	 5.96676968E-05	 9.67098630E-06	 1.73469016E-06	 2.33948543E-07	-2.63198378E-07	-2.31127643E-07	-1.90641050E-05	-4.15716953E-05	 8.85891286E-05	 4.48184263E-05	-1.29118521E-04	-2.15312738E-05	-3.52985872E-06	-5.34178060E-07	-1.64536318E-07	-7.73915159E-08
 4.790000E-01	 1.14432231E-05	 1.94950015E-05	-2.04906111E-04	-1.22754098E-04	 6.15403671E-05	 9.57068110E-06	 1.66190214E-06	 2.33092996E-07	-2.67123031E-07	-2.23378335E-07	-1.92876932E-05	-4.13049119E-05	 8.56729895E-05	 4.41098889E-05	-1.32272835E-04	-2.20322571E-05	-3.54832391E-06	-5.20232776E-07	-1.48697597E-07	-6.16381873E-08
 4.800000E-01	 1.17798952E-05	 2.09994306E-05	-2.05184073E-04	-1.16746407E-04	 6.34718153E-05	 9.46211405E-06	 1.57755242E-06	 2.22582310E-07	-2.67720233E-07	-2.19979008E-07	-1.95100793E-05	-4.09671892E-05	 8.25528760E-05	 4.34626239E-05	-1.35524107E-04	-2.25647152E-05	-3.56857323E-06	-5.05411132E-07	-1.26785916E-07	-4.81052704E-08
 4.810000E-01	 1.21087515E-05	 2.24984607E-05	-2.05338010E-04	-1.10513353E-04	 6.54666080E-05	 9.33867670E-06	 1.47790881E-06	 2.00490053E-07	-2.63958732E-07	-2.18938025E-07	-1.97272339E-05	-4.05559092E-05	 7.92249338E-05	 4.28948430E-05	-1.38869851E-04	-2.31269015E-05	-3.59355624E-06	-4.87494542E-07	-1.00454744E-07	-3.78789169E-08
 4.820000E-01	 1.24260408E-05	 2.39896908E-05	-2.05361918E-04	-1.04040420E-04	 6.75240218E-05	 9.20758152E-06	 1.36258088E-06	 1.67981352E-07	-2.56981240E-07	-2.16524305E-07	-1.99354224E-05	-4.00693371E-05	 7.56781467E-05	 4.24021755E-05	-1.42308540E-04	-2.37227150E-05	-3.62455891E-06	-4.61823988E-07	-7.17038503E-08	-3.00968181E-08
 4.830000E-01	 1.27259655E-05	 2.54658894E-05	-2.05249289E-04	-9.73596322E-05	 6.96502018E-05	 9.06078942E-06	 1.22602280E-06	 1.25542419E-07	-2.48045085E-07	-2.10339236E-07	-2.01337893E-05	-3.95063891E-05	 7.19080170E-05	 4.20015829E-05	-1.45838879E-04	-2.43515470E-05	-3.66479380E-06	-4.26958428E-07	-4.21663101E-08	-2.44099099E-08
 4.840000E-01	 1.30052710E-05	 2.69237281E-05	-2.04992517E-04	-9.04560061E-05	 7.18449130E-05	 8.90553207E-06	 1.06703583E-06	 7.43249406E-08	-2.38681281E-07	-1.99872933E-07	-2.03197650E-05	-3.88663934E-05	 6.79032141E-05	 4.16872394E-05	-1.49458074E-04	-2.50178051E-05	-3.71313616E-06	-3.80661858E-07	-1.16037055E-08	-1.98304517E-08
 4.850000E-01	 1.32590624E-05	 2.83561964E-05	-2.04585702E-04	-8.33675275E-05	 7.41134940E-05	 8.73393591E-06	 8.79235319E-07	 1.56474618E-08	-2.30636603E-07	-1.84923237E-07	-2.04934379E-05	-3.81492577E-05	 6.36602353E-05	 4.14769443E-05	-1.53164415E-04	-2.57218239E-05	-3.77071150E-06	-3.23175684E-07	 1.97993312E-08	-1.43514733E-08
 4.860000E-01	 1.34868517E-05	 2.97608894E-05	-2.04019375E-04	-7.60765396E-05	 7.64561274E-05	 8.55419111E-06	 6.62609877E-07	-4.94924477E-08	-2.24662909E-07	-1.67151574E-07	-2.06541487E-05	-3.73546174E-05	 5.91663032E-05	 4.13653420E-05	-1.56955016E-04	-2.64673809E-05	-3.83539303E-06	-2.54335601E-07	 5.29134739E-08	-7.45433981E-09
 4.870000E-01	 1.36878112E-05	 3.11331102E-05	-2.03287321E-04	-6.86263174E-05	 7.88774926E-05	 8.35906773E-06	 4.14155988E-07	-1.21595273E-07	-2.19444183E-07	-1.49467140E-07	-2.08024393E-05	-3.64825092E-05	 5.44178868E-05	 4.13739370E-05	-1.60828785E-04	-2.72552622E-05	-3.90749582E-06	-1.77363765E-07	 8.90607734E-08	-4.49027327E-11
 4.880000E-01	 1.38624198E-05	 3.24718088E-05	-2.02380389E-04	-6.09959172E-05	 8.13756838E-05	 8.15760085E-06	 1.35779443E-07	-2.01086973E-07	-2.14704534E-07	-1.33904602E-07	-2.09348203E-05	-3.55331227E-05	 4.94040763E-05	 4.14984801E-05	-1.64779430E-04	-2.80881453E-05	-3.98328082E-06	-9.29933351E-08	 1.29342882E-07	 7.60292451E-09
 4.890000E-01	 1.40102249E-05	 3.37726685E-05	-2.01294710E-04	-5.32348079E-05	 8.39532197E-05	 7.94303493E-06	-1.74405434E-07	-2.87227267E-07	-2.10265382E-07	-1.20653161E-07	-2.10500228E-05	-3.45077806E-05	 4.41240638E-05	 4.17611675E-05	-1.68804666E-04	-2.89666502E-05	-4.06278234E-06	-3.61777368E-09	 1.73757048E-07	 1.63363617E-08
 4.900000E-01	 1.41322608E-05	 3.50338067E-05	-2.00020923E-04	-4.53197862E-05	 8.66074264E-05	 7.72401770E-06	-5.13169375E-07	-3.79648089E-07	-2.07228693E-07	-1.08826264E-07	-2.11440519E-05	-3.34081087E-05	 3.85680550E-05	 4.21567325E-05	-1.72896145E-04	-2.98917012E-05	-4.14282560E-06	 9.03650302E-08	 2.21530861E-07	 2.64174980E-08
 4.910000E-01	 1.42299142E-05	 3.62507750E-05	-1.98556507E-04	-3.73069719E-05	 8.93399434E-05	 7.49403041E-06	-8.80020448E-07	-4.76537685E-07	-2.05909739E-07	-9.68093113E-08	-2.12154342E-05	-3.22372113E-05	 3.27374021E-05	 4.27071466E-05	-1.77051751E-04	-3.08633975E-05	-4.22396745E-06	 1.86536738E-07	 2.71932999E-07	 3.87378875E-08
 4.920000E-01	 1.43052617E-05	 3.74207356E-05	-1.96892254E-04	-2.91695084E-05	 9.21472888E-05	 7.26068155E-06	-1.26983137E-06	-5.77884579E-07	-2.07133443E-07	-8.38287993E-08	-2.12595993E-05	-3.09985109E-05	 2.66245813E-05	 4.34056060E-05	-1.81260955E-04	-3.18796648E-05	-4.30340014E-06	 2.83912091E-07	 3.23648394E-07	 5.30605253E-08
 4.930000E-01	 1.43610654E-05	 3.85406225E-05	-1.95028226E-04	-2.09682749E-05	 9.50296197E-05	 7.01797758E-06	-1.67889254E-06	-6.82380120E-07	-2.09602867E-07	-7.00699105E-08	-2.12737935E-05	-2.96964901E-05	 2.02344042E-05	 4.42744307E-05	-1.85521891E-04	-3.29379948E-05	-4.38181832E-06	 3.80176686E-07	 3.76369683E-07	 6.94153423E-08
 4.940000E-01	 1.43994368E-05	 3.96079645E-05	-1.92955404E-04	-1.26725164E-05	 9.79826621E-05	 6.77232887E-06	-2.09945594E-06	-7.90984143E-07	-2.12362807E-07	-5.57925790E-08	-2.12529288E-05	-2.83361682E-05	 1.35611004E-05	 4.53068533E-05	-1.89822647E-04	-3.40319270E-05	-4.45814568E-06	 4.74013643E-07	 4.28213581E-07	 8.56370115E-08
 4.950000E-01	 1.44240158E-05	 4.06215588E-05	-1.90676050E-04	-4.34884513E-06	 1.01005518E-04	 6.51867993E-06	-2.52409561E-06	-9.03180264E-07	-2.12256620E-07	-4.28673130E-08	-2.11934152E-05	-2.69234707E-05	 6.61273279E-06	 4.65258696E-05	-1.94162074E-04	-3.51561996E-05	-4.53356005E-06	 5.63132094E-07	 4.79496001E-07	 9.92521842E-08
 4.960000E-01	 1.44336408E-05	 4.15784096E-05	-1.88182951E-04	 4.03588440E-06	 1.04091432E-04	 6.26139563E-06	-2.94507542E-06	-1.02040797E-06	-2.08276567E-07	-3.25488679E-08	-2.10876956E-05	-2.54661470E-05	-6.12097832E-07	 4.79237197E-05	-1.98524390E-04	-3.63004177E-05	-4.60689080E-06	 6.46234623E-07	 5.28654788E-07	 1.08355286E-07
 4.970000E-01	 1.44281925E-05	 4.24780057E-05	-1.85482573E-04	 1.24065278E-05	 1.07236729E-04	 5.99637824E-06	-3.35670233E-06	-1.13949038E-06	-2.01972804E-07	-2.41324201E-08	-2.09323854E-05	-2.39729585E-05	-8.10084487E-06	 4.95210701E-05	-2.02907351E-04	-3.74578691E-05	-4.67826335E-06	 7.24541459E-07	 5.74270464E-07	 1.15067040E-07
 4.980000E-01	 1.44058411E-05	 4.33139662E-05	-1.82565835E-04	 2.07946820E-05	 1.10435418E-04	 5.72511162E-06	-3.75389815E-06	-1.25800583E-06	-1.96568186E-07	-1.61922384E-08	-2.07267367E-05	-2.24552743E-05	-1.58559312E-05	 5.13065849E-05	-2.07295531E-04	-3.86167797E-05	-4.74914573E-06	 7.96493810E-07	 6.12471885E-07	 1.20279789E-07
 4.990000E-01	 1.43703372E-05	 4.40849664E-05	-1.79439311E-04	 2.91163428E-05	 1.13684365E-04	 5.44484542E-06	-4.13042807E-06	-1.37211737E-06	-1.95551603E-07	-9.52424855E-09	-2.04733766E-05	-2.09233218E-05	-2.38633349E-05	 5.32993108E-05	-2.11689243E-04	-3.97704250E-05	-4.81845711E-06	 8.61647340E-07	 6.42257419E-07	 1.25177928E-07
 5.000000E-01	 1.43207947E-05	 4.47814314E-05	-1.76093202E-04	 3.74035580E-05	 1.16976335E-04	 5.15506137E-06	-4.48371677E-06	-1.47802143E-06	-2.02839689E-07	-4.88781928E-09	-2.01754736E-05	-1.93912795E-05	-3.21237583E-05	 5.54862743E-05	-2.16071997E-04	-4.09055671E-05	-4.88775773E-06	 9.15896456E-07	 6.60896502E-07	 1.32216819E-07
 5.010000E-01	 1.42652240E-05	 4.54019620E-05	-1.72535352E-04	 4.55654652E-05	 1.20307327E-04	 4.85614737E-06	-4.80717836E-06	-1.57241286E-06	-2.22472903E-07	-4.54550882E-09	-1.98410325E-05	-1.78693411E-05	-4.06210550E-05	 5.78865192E-05	-2.20446969E-04	-4.20146607E-05	-4.95456601E-06	 9.58291551E-07	 6.66997347E-07	 1.42197902E-07
 5.020000E-01	 1.42062364E-05	 4.59345983E-05	-1.68754296E-04	 5.36370351E-05	 1.23669280E-04	 4.54722646E-06	-5.09740536E-06	-1.65154349E-06	-2.54092361E-07	-1.11723153E-08	-1.94766780E-05	-1.63725065E-05	-4.93556965E-05	 6.04888076E-05	-2.24799491E-04	-4.30821338E-05	-5.02302164E-06	 9.80469541E-07	 6.60082906E-07	 1.52961727E-07
 5.030000E-01	 1.41545549E-05	 4.63799722E-05	-1.64761041E-04	 6.15243987E-05	 1.27055522E-04	 4.23414320E-06	-5.34504154E-06	-1.71518938E-06	-2.98082847E-07	-2.64122407E-08	-1.90904511E-05	-1.49101192E-05	-5.83067527E-05	 6.33141126E-05	-2.29134691E-04	-4.40984669E-05	-5.08891475E-06	 9.81070670E-07	 6.39696188E-07	 1.61295233E-07
 5.040000E-01	 1.41118784E-05	 4.67262600E-05	-1.60545284E-04	 6.92684886E-05	 1.30454339E-04	 3.91735762E-06	-5.54660394E-06	-1.75893673E-06	-3.49928910E-07	-5.05532747E-08	-1.86879221E-05	-1.35000474E-05	-6.74712419E-05	 6.63510203E-05	-2.33436486E-04	-4.50459276E-05	-5.15833443E-06	 9.53278972E-07	 6.06606697E-07	 1.66591801E-07
 5.050000E-01	 1.40903627E-05	 4.69761648E-05	-1.56119975E-04	 7.67717351E-05	 1.33857895E-04	 3.60739292E-06	-5.69095218E-06	-1.78502494E-06	-4.07922537E-07	-8.12435744E-08	-1.82786514E-05	-1.21525325E-05	-7.68246472E-05	 6.96194752E-05	-2.37712539E-04	-4.59139882E-05	-5.22706200E-06	 8.98279518E-07	 5.59381477E-07	 1.64142730E-07
 5.060000E-01	 1.40908355E-05	 4.71180931E-05	-1.51474974E-04	 8.40807769E-05	 1.37251394E-04	 3.30544767E-06	-5.77482115E-06	-1.78869411E-06	-4.64549295E-07	-1.16103909E-07	-1.78670424E-05	-1.08895258E-05	-8.63603229E-05	 7.31057383E-05	-2.41944443E-04	-4.66853409E-05	-5.30241460E-06	 8.11031152E-07	 5.01385938E-07	 1.54270774E-07
 5.070000E-01	 1.41260452E-05	 4.71560597E-05	-1.46624116E-04	 9.10931917E-05	 1.40626315E-04	 3.02572783E-06	-5.78918036E-06	-1.77353256E-06	-5.19126331E-07	-1.50189588E-07	-1.74634455E-05	-9.72510258E-06	-9.60483829E-05	 7.68244717E-05	-2.46139925E-04	-4.73503374E-05	-5.37865495E-06	 6.97467204E-07	 4.30442363E-07	 1.37246343E-07
 5.080000E-01	 1.41946251E-05	 4.70753845E-05	-1.41557192E-04	 9.78569336E-05	 1.43963555E-04	 2.76726949E-06	-5.73641382E-06	-1.73489651E-06	-5.67236344E-07	-1.82718008E-07	-1.70712939E-05	-8.68633903E-06	-1.05877043E-04	 8.07569292E-05	-2.50275442E-04	-4.78945508E-05	-5.46194019E-06	 5.57268637E-07	 3.51328089E-07	 1.19648331E-07
 5.090000E-01	 1.43071453E-05	 4.68786484E-05	-1.36288774E-04	 1.04260976E-04	 1.47253516E-04	 2.54700845E-06	-5.61550275E-06	-1.67545462E-06	-6.12484374E-07	-2.09529519E-07	-1.67023572E-05	-7.78961099E-06	-1.15813092E-04	 8.49133459E-05	-2.54360874E-04	-4.83106361E-05	-5.54593073E-06	 3.96702127E-07	 2.63067901E-07	 1.02308858E-07
 5.100000E-01	 1.44585616E-05	 4.65480797E-05	-1.30810201E-04	 1.10354640E-04	 1.50470647E-04	 2.36256213E-06	-5.43552307E-06	-1.59205652E-06	-6.54944930E-07	-2.31549778E-07	-1.63592075E-05	-7.06196371E-06	-1.25841380E-04	 8.92740101E-05	-2.58368419E-04	-4.85877475E-05	-5.63545631E-06	 2.19293876E-07	 1.70673224E-07	 9.31320267E-08
 5.110000E-01	 1.46588135E-05	 4.60875321E-05	-1.25134833E-04	 1.16022245E-04	 1.53606671E-04	 2.23639895E-06	-5.20050609E-06	-1.48592286E-06	-6.95754101E-07	-2.47924926E-07	-1.60558976E-05	-6.51895171E-06	-1.35928844E-04	 9.38475470E-05	-2.62313574E-04	-4.87195995E-05	-5.72701082E-06	 3.05885114E-08	 7.46997164E-08	 9.24347535E-08
 5.120000E-01	 1.48997876E-05	 4.54782972E-05	-1.19256666E-04	 1.21316894E-04	 1.56630003E-04	 2.16634123E-06	-4.91955954E-06	-1.35996117E-06	-7.34211632E-07	-2.59226819E-07	-1.57934946E-05	-6.18000548E-06	-1.46061476E-04	 9.86211199E-05	-2.66169291E-04	-4.86976168E-05	-5.82874709E-06	-1.66114331E-07	-2.11647367E-08	 9.28881979E-08
 5.130000E-01	 1.51827797E-05	 4.47336290E-05	-1.13195158E-04	 1.26128114E-04	 1.59529572E-04	 2.18407288E-06	-4.59660456E-06	-1.21857943E-06	-7.57804048E-07	-2.73142231E-07	-1.55784210E-05	-6.05576631E-06	-1.56202920E-04	 1.03605678E-04	-2.69953218E-04	-4.85160070E-05	-5.93788620E-06	-3.69842035E-07	-1.07923734E-07	 9.03624145E-08
 5.140000E-01	 1.54962710E-05	 4.38423320E-05	-1.06949947E-04	 1.30522919E-04	 1.62265443E-04	 2.29078624E-06	-4.23715803E-06	-1.07107283E-06	-7.64613009E-07	-2.81735383E-07	-1.54102644E-05	-6.15626672E-06	-1.66340391E-04	 1.08792256E-04	-2.73634753E-04	-4.81694816E-05	-6.06489155E-06	-5.69103419E-07	-1.91337765E-07	 7.34622569E-08
 5.150000E-01	 1.58268605E-05	 4.28195370E-05	-1.00543854E-04	 1.34384613E-04	 1.64827429E-04	 2.51373595E-06	-3.84773874E-06	-9.24388547E-07	-7.38622148E-07	-2.99517062E-07	-1.52918858E-05	-6.49360865E-06	-1.76434799E-04	 1.14182189E-04	-2.77229856E-04	-4.76595280E-05	-6.20820692E-06	-7.67619189E-07	-2.56182126E-07	 3.84657182E-08
 5.160000E-01	 1.61626477E-05	 4.16649879E-05	-9.39834814E-05	 1.37799791E-04	 1.67164089E-04	 2.86216210E-06	-3.43587544E-06	-7.89421578E-07	-6.81958018E-07	-3.11998735E-07	-1.52194525E-05	-7.06787579E-06	-1.86469806E-04	 1.19766156E-04	-2.80694877E-04	-4.69902814E-05	-6.36484925E-06	-9.49680226E-07	-3.10792559E-07	-1.57113276E-08
 5.170000E-01	 1.64725572E-05	 4.03792789E-05	-8.72867870E-05	 1.40621803E-04	 1.69273235E-04	 3.33668633E-06	-3.02052469E-06	-6.63977439E-07	-6.06176511E-07	-3.17847869E-07	-1.52006049E-05	-7.90745736E-06	-1.96401331E-04	 1.25511734E-04	-2.84035426E-04	-4.61838344E-05	-6.53726790E-06	-1.11615546E-06	-3.50804652E-07	-7.60196173E-08
 5.180000E-01	 1.67652473E-05	 3.89680944E-05	-8.04555560E-05	 1.42956418E-04	 1.71097592E-04	 3.96203156E-06	-2.62190588E-06	-5.49877684E-07	-5.22538796E-07	-3.15388116E-07	-1.52510220E-05	-8.99818485E-06	-2.06221750E-04	 1.31408363E-04	-2.87201931E-04	-4.52616518E-05	-6.69442812E-06	-1.26812184E-06	-3.68598052E-07	-1.31920804E-07
 5.190000E-01	 1.70227426E-05	 3.74090306E-05	-7.34767896E-05	 1.44618846E-04	 1.72672937E-04	 4.70257018E-06	-2.24006586E-06	-4.36850176E-07	-4.58038122E-07	-2.66612537E-07	-1.53589086E-05	-1.03944252E-05	-2.15860605E-04	 1.37381598E-04	-2.90172230E-04	-4.42720123E-05	-6.84160146E-06	-1.39954031E-06	-3.81618290E-07	-1.54984389E-07
 5.200000E-01	 1.72046665E-05	 3.57545285E-05	-6.64363560E-05	 1.45738758E-04	 1.74003062E-04	 5.56748819E-06	-1.85910873E-06	-3.35179270E-07	-4.01872443E-07	-2.00130897E-07	-1.55085915E-05	-1.21026700E-05	-2.25260457E-04	 1.43433830E-04	-2.93007675E-04	-4.31936815E-05	-7.01438602E-06	-1.51011188E-06	-4.01840880E-07	-1.51532400E-07
 5.210000E-01	 1.72973710E-05	 3.40211256E-05	-5.93395459E-05	 1.46199531E-04	 1.75050648E-04	 6.57301284E-06	-1.50633528E-06	-2.47274817E-07	-3.59573781E-07	-1.37061298E-07	-1.57186737E-05	-1.41048088E-05	-2.34434982E-04	 1.49558789E-04	-2.95679950E-04	-4.20537039E-05	-7.20425200E-06	-1.60491505E-06	-4.21988989E-07	-1.35558560E-07
 5.220000E-01	 1.73055833E-05	 3.22197126E-05	-5.22177223E-05	 1.46104565E-04	 1.75808761E-04	 7.72829277E-06	-1.18026631E-06	-1.69497192E-07	-3.37244241E-07	-8.49099017E-08	-1.59923094E-05	-1.63829521E-05	-2.43348063E-04	 1.55747313E-04	-2.98192803E-04	-4.08710158E-05	-7.39679998E-06	-1.70870745E-06	-4.29487472E-07	-1.08720651E-07
 5.230000E-01	 1.72256035E-05	 3.03873604E-05	-4.50814207E-05	 1.45367068E-04	 1.76246999E-04	 9.05646239E-06	-8.79369018E-07	-1.08525204E-07	-3.17758727E-07	-5.61719101E-08	-1.63158870E-05	-1.89109997E-05	-2.52004171E-04	 1.62004040E-04	-3.00509644E-04	-3.96622914E-05	-7.58741700E-06	-1.81658132E-06	-4.24961900E-07	-8.50954790E-08
 5.240000E-01	 1.70597760E-05	 2.85263780E-05	-3.79583701E-05	 1.44078001E-04	 1.76364252E-04	 1.05493547E-05	-5.95896229E-07	-6.39892823E-08	-3.06729123E-07	-4.42450371E-08	-1.66891504E-05	-2.16668047E-05	-2.60366249E-04	 1.68309433E-04	-3.02626343E-04	-3.84497341E-05	-7.76834898E-06	-1.94120622E-06	-4.09131335E-07	-6.18507432E-08
 5.250000E-01	 1.68083248E-05	 2.66762282E-05	-3.08611977E-05	 1.42158981E-04	 1.76136683E-04	 1.22224941E-05	-3.18047757E-07	-3.70240819E-08	-2.92466968E-07	-4.52568426E-08	-1.70907182E-05	-2.46245348E-05	-2.68438606E-04	 1.74664875E-04	-3.04505663E-04	-3.72488447E-05	-7.93924421E-06	-2.07624656E-06	-3.88210226E-07	-4.89343608E-08
 5.260000E-01	 1.64698726E-05	 2.48414795E-05	-2.38196496E-05	 1.39700653E-04	 1.75561932E-04	 1.40588237E-05	-4.00186673E-08	-2.92805640E-08	-2.78342353E-07	-5.39820593E-08	-1.75232490E-05	-2.77603036E-05	-2.76186937E-04	 1.81039124E-04	-3.06138503E-04	-3.60824042E-05	-8.09745050E-06	-2.22317331E-06	-3.70610511E-07	-4.14654547E-08
 5.270000E-01	 1.60506830E-05	 2.30557038E-05	-1.68434962E-05	 1.36624000E-04	 1.74623916E-04	 1.60572856E-05	 2.50440411E-07	-4.00436968E-08	-2.64491159E-07	-6.62011587E-08	-1.79727170E-05	-3.10521651E-05	-2.83617511E-04	 1.87423772E-04	-3.07486377E-04	-3.49669624E-05	-8.24026596E-06	-2.37498554E-06	-3.63543591E-07	-3.51963190E-08
 5.280000E-01	 1.55558174E-05	 2.13189099E-05	-9.95360934E-06	 1.33009923E-04	 1.73329335E-04	 1.81907477E-05	 5.56632272E-07	-6.87624219E-08	-2.54815686E-07	-8.00171796E-08	-1.84472968E-05	-3.44757915E-05	-2.90700396E-04	 1.93778546E-04	-3.08540330E-04	-3.39241726E-05	-8.36874625E-06	-2.52919472E-06	-3.75859008E-07	-2.91008091E-08
 5.290000E-01	 1.49980467E-05	 1.96526812E-05	-3.15545773E-06	 1.28774661E-04	 1.71672346E-04	 2.04462983E-05	 8.90733785E-07	-1.12179535E-07	-2.55609234E-07	-9.39231432E-08	-1.89368140E-05	-3.80105067E-05	-2.97443408E-04	 2.00093738E-04	-3.09268800E-04	-3.29658448E-05	-8.48312384E-06	-2.68471332E-06	-4.09562385E-07	-2.01320656E-08
 5.300000E-01	 1.43877322E-05	 1.80508850E-05	 3.53842958E-06	 1.23988236E-04	 1.69669012E-04	 2.27910571E-05	 1.25446951E-06	-1.67245317E-07	-2.69310996E-07	-1.07726747E-07	-1.94469461E-05	-4.16299587E-05	-3.03818871E-04	 2.06328317E-04	-3.09666397E-04	-3.21074542E-05	-8.58526556E-06	-2.83878031E-06	-4.67385628E-07	-1.07894035E-08
 5.310000E-01	 1.37422947E-05	 1.65230137E-05	 1.01265349E-05	 1.18564170E-04	 1.67324207E-04	 2.52067279E-05	 1.66278928E-06	-2.28462149E-07	-2.99996508E-07	-1.18882343E-07	-1.99661403E-05	-4.53129868E-05	-3.09834579E-04	 2.12477152E-04	-3.09713220E-04	-3.13512996E-05	-8.68273722E-06	-2.99627777E-06	-5.45699984E-07	-6.11127342E-09
 5.320000E-01	 1.30685066E-05	 1.50634026E-05	 1.65949849E-05	 1.12570308E-04	 1.64655712E-04	 2.76644489E-05	 2.11629220E-06	-2.90504393E-07	-3.45054300E-07	-1.25612631E-07	-2.04902664E-05	-4.90300326E-05	-3.15465207E-04	 2.18505635E-04	-3.09413387E-04	-3.07019009E-05	-8.78144218E-06	-3.15583870E-06	-6.40268255E-07	-1.40213185E-08
 5.330000E-01	 1.23793494E-05	 1.36829301E-05	 2.29354175E-05	 1.05935182E-04	 1.61665384E-04	 3.01514717E-05	 2.62677231E-06	-3.47439784E-07	-4.02184942E-07	-1.27540889E-07	-2.10096423E-05	-5.27590129E-05	-3.20718055E-04	 2.24412201E-04	-3.08755197E-04	-3.01524214E-05	-8.89167037E-06	-3.32131135E-06	-7.45896980E-07	-3.55074067E-08
 5.340000E-01	 1.16796227E-05	 1.23835979E-05	 2.91323820E-05	 9.87335658E-05	 1.58369031E-04	 3.26465058E-05	 3.19273360E-06	-3.93434271E-07	-4.64259606E-07	-1.23133754E-07	-2.15205287E-05	-5.64716221E-05	-3.25573203E-04	 2.30161987E-04	-3.07749995E-04	-2.97015392E-05	-9.01965952E-06	-3.48900709E-06	-8.57941124E-07	-7.32472853E-08
 5.350000E-01	 1.09780218E-05	 1.11805004E-05	 3.51718425E-05	 9.09123432E-05	 1.54763987E-04	 3.51443324E-05	 3.81953186E-06	-4.21256998E-07	-5.25738036E-07	-1.13326106E-07	-2.20201973E-05	-6.01484712E-05	-3.30037937E-04	 2.35751683E-04	-3.06391214E-04	-2.93386394E-05	-9.17544507E-06	-3.66054332E-06	-9.73468857E-07	-1.23238278E-07
 5.360000E-01	 1.02797308E-05	 1.00843248E-05	 4.10382363E-05	 8.25547954E-05	 1.50862888E-04	 3.76305457E-05	 4.50082628E-06	-4.26402818E-07	-5.78994565E-07	-1.01159399E-07	-2.25123551E-05	-6.37665974E-05	-3.34098219E-04	 2.41140884E-04	-3.04692918E-04	-2.90627376E-05	-9.35932091E-06	-3.82966128E-06	-1.08987605E-06	-1.78473906E-07
 5.370000E-01	 9.59652739E-06	 9.10540003E-06	 4.67234380E-05	 7.36139703E-05	 1.46668998E-04	 4.00981263E-05	 5.23835537E-06	-4.03240529E-07	-6.19083503E-07	-8.86089629E-08	-2.30013793E-05	-6.73132260E-05	-3.37758816E-04	 2.46320618E-04	-3.02648047E-04	-2.88654597E-05	-9.57527295E-06	-3.99695828E-06	-1.20642117E-06	-2.32527206E-07
 5.380000E-01	 8.93569452E-06	 8.25046834E-06	 5.22185304E-05	 6.41653485E-05	 1.42201148E-04	 4.25318014E-05	 6.02464604E-06	-3.48138618E-07	-6.42750947E-07	-7.70745929E-08	-2.34899439E-05	-7.07729184E-05	-3.41008910E-04	 2.51247667E-04	-3.00275044E-04	-2.87464126E-05	-9.82141470E-06	-4.15806493E-06	-1.32091736E-06	-2.81732733E-07
 5.390000E-01	 8.30723939E-06	 7.52010216E-06	 5.75199810E-05	 5.41610621E-05	 1.37469099E-04	 4.49201358E-05	 6.85759799E-06	-2.57788625E-07	-6.48574272E-07	-6.79807094E-08	-2.39814904E-05	-7.41372573E-05	-3.43850488E-04	 2.55914034E-04	-2.97569265E-04	-2.86964017E-05	-1.00986672E-05	-4.31416697E-06	-1.43252082E-06	-3.23726892E-07
 5.400000E-01	 7.71807855E-06	 6.91352003E-06	 6.26250105E-05	 4.36648812E-05	 1.32497972E-04	 4.72458395E-05	 7.73034139E-06	-1.30148644E-07	-6.37494201E-07	-5.91906230E-08	-2.44735969E-05	-7.73959296E-05	-3.46276121E-04	 2.60278838E-04	-2.94555294E-04	-2.87134039E-05	-1.04052846E-05	-4.46326721E-06	-1.53840015E-06	-3.60372870E-07
 5.410000E-01	 7.17191147E-06	 6.42320490E-06	 6.75307919E-05	 3.26304761E-05	 1.27300727E-04	 4.94973232E-05	 8.63759231E-06	 3.88634050E-08	-6.11857378E-07	-4.64589819E-08	-2.49636375E-05	-8.05421717E-05	-3.48287567E-04	 2.64340132E-04	-2.91235539E-04	-2.87847285E-05	-1.07445316E-05	-4.60802533E-06	-1.63736535E-06	-3.96180585E-07
 5.420000E-01	 6.67023680E-06	 6.05121612E-06	 7.22307740E-05	 2.11246895E-05	 1.21898085E-04	 5.16647036E-05	 9.57097636E-06	 2.50677971E-07	-5.73069616E-07	-2.72928141E-08	-2.54474376E-05	-8.35668225E-05	-3.49884885E-04	 2.68062832E-04	-2.87642932E-04	-2.89056014E-05	-1.11146432E-05	-4.74775440E-06	-1.72613181E-06	-4.32502098E-07
 5.430000E-01	 6.21320754E-06	 5.79281771E-06	 7.67198952E-05	 9.11657365E-06	 1.16301346E-04	 5.37413688E-05	 1.05240138E-05	 5.06628567E-07	-5.21177970E-07	 8.11377929E-10	-2.59230755E-05	-8.64632890E-05	-3.51071511E-04	 2.71449638E-04	-2.83782883E-04	-2.90630430E-05	-1.15143793E-05	-4.88438093E-06	-1.80361231E-06	-4.69766859E-07
 5.440000E-01	 5.80090319E-06	 5.65715823E-06	 8.09886954E-05	-3.31851926E-06	 1.10527081E-04	 5.57257355E-05	 1.14893371E-05	 8.06432414E-07	-4.55420738E-07	 3.85004322E-08	-2.63883620E-05	-8.92242302E-05	-3.51854615E-04	 2.74469014E-04	-2.79692982E-04	-2.92526213E-05	-1.19392877E-05	-5.01698571E-06	-1.86778464E-06	-5.05454684E-07
 5.450000E-01	 5.43302754E-06	 5.64597315E-06	 8.50301871E-05	-1.61926035E-05	 1.04584715E-04	 5.76160337E-05	 1.24604690E-05	 1.14634238E-06	-3.72182396E-07	 8.18289759E-08	-2.68464833E-05	-9.18430326E-05	-3.52240669E-04	 2.77127592E-04	-2.75379738E-04	-2.94630968E-05	-1.23815992E-05	-5.14581698E-06	-1.91853594E-06	-5.34760079E-07
 5.460000E-01	 5.11329584E-06	 5.77060872E-06	 8.88384287E-05	-2.94288033E-05	 9.84923771E-05	 5.94120840E-05	 1.34336389E-05	 1.52039562E-06	-2.68395049E-07	 1.26528502E-07	-2.72981158E-05	-9.43152580E-05	-3.52240329E-04	 2.79395885E-04	-2.70879402E-04	-2.96926739E-05	-1.28306938E-05	-5.26855464E-06	-1.95487246E-06	-5.52501138E-07
 5.470000E-01	 4.84231683E-06	 6.02802235E-06	 9.24123257E-05	-4.30360878E-05	 9.22646753E-05	 6.11089220E-05	 1.44034141E-05	 1.92239731E-06	-1.43310453E-07	 1.70001250E-07	-2.77449644E-05	-9.66366204E-05	-3.51859763E-04	 2.81283650E-04	-2.66197766E-04	-2.99317416E-05	-1.32775119E-05	-5.38404560E-06	-1.97819869E-06	-5.57351575E-07
 5.480000E-01	 4.62325377E-06	 6.42373673E-06	 9.57503791E-05	-5.69461554E-05	 8.59220018E-05	 6.27044177E-05	 1.53668826E-05	 2.34560490E-06	 2.21450797E-09	 2.10018018E-07	-2.81855970E-05	-9.88049797E-05	-3.51113457E-04	 2.82765626E-04	-2.61372494E-04	-3.01791334E-05	-1.37125461E-05	-5.49008654E-06	-1.98819307E-06	-5.49605832E-07
 5.490000E-01	 4.45473278E-06	 6.94582592E-06	 9.88576653E-05	-7.11708980E-05	 7.94838579E-05	 6.41880691E-05	 1.63190460E-05	 2.78305097E-06	 1.64388096E-07	 2.47692604E-07	-2.86163487E-05	-1.00817496E-04	-3.50006767E-04	 2.83855602E-04	-2.56408514E-04	-3.04263506E-05	-1.41274336E-05	-5.58550320E-06	-1.98569850E-06	-5.32546732E-07
 5.500000E-01	 4.33575871E-06	 7.59241921E-06	 1.01735742E-04	-8.56526272E-05	 7.29708536E-05	 6.55556482E-05	 1.72561489E-05	 3.23147375E-06	 3.36191420E-07	 2.87419913E-07	-2.90310838E-05	-1.02673829E-04	-3.48558431E-04	 2.84532750E-04	-2.51346771E-04	-3.06712430E-05	-1.45191422E-05	-5.66791468E-06	-1.97197452E-06	-5.10682492E-07
 5.510000E-01	 4.25990014E-06	 8.35024966E-06	 1.04388923E-04	-1.00396651E-04	 6.63990885E-05	 6.67984266E-05	 1.81701707E-05	 3.68681294E-06	 5.11036012E-07	 3.31771256E-07	-2.94283364E-05	-1.04369571E-04	-3.46779991E-04	 2.84816682E-04	-2.46197792E-04	-3.09044055E-05	-1.48852144E-05	-5.73632820E-06	-1.94921405E-06	-4.87952432E-07
 5.520000E-01	 4.22471771E-06	 9.21916947E-06	 1.06817337E-04	-1.15342872E-04	 5.97843669E-05	 6.79173252E-05	 1.90567004E-05	 4.14685294E-06	 6.83979792E-07	 3.82363445E-07	-2.98064681E-05	-1.05903488E-04	-3.44696963E-04	 2.84691539E-04	-2.41005837E-04	-3.11241333E-05	-1.52241768E-05	-5.78914809E-06	-1.91914703E-06	-4.65886370E-07
 5.530000E-01	 4.22391880E-06	 1.01891611E-05	 1.09024963E-04	-1.30484128E-04	 5.31393493E-05	 6.89091446E-05	 1.99070990E-05	 4.60905819E-06	 8.51210672E-07	 4.39362413E-07	-3.01695679E-05	-1.07270243E-04	-3.42325564E-04	 2.84180923E-04	-2.35783771E-04	-3.13224123E-05	-1.55352431E-05	-5.82545099E-06	-1.88519715E-06	-4.44919407E-07
 5.540000E-01	 4.25801252E-06	 1.12645313E-05	 1.11010536E-04	-1.45753449E-04	 4.64760806E-05	 6.97833562E-05	 2.07178674E-05	 5.07151007E-06	 1.01374582E-06	 4.99243037E-07	-3.05232051E-05	-1.08468030E-04	-3.39697035E-04	 2.83273653E-04	-2.30577815E-04	-3.14994104E-05	-1.58156913E-05	-5.84545250E-06	-1.84884906E-06	-4.24328383E-07
 5.550000E-01	 4.32540195E-06	 1.24361665E-05	 1.12780855E-04	-1.61135044E-04	 3.98098381E-05	 7.05396004E-05	 2.14847227E-05	 5.52864505E-06	 1.17469030E-06	 5.57690392E-07	-3.08711975E-05	-1.09492699E-04	-3.36825122E-04	 2.81995912E-04	-2.25395198E-04	-3.16523804E-05	-1.60577388E-05	-5.85030936E-06	-1.81009042E-06	-4.03026629E-07
 5.560000E-01	 4.42985611E-06	 1.37043961E-05	 1.14338893E-04	-1.76567844E-04	 3.31574354E-05	 7.11862802E-05	 2.22088873E-05	 5.97724113E-06	 1.33746436E-06	 6.12514635E-07	-3.12125492E-05	-1.10346207E-04	-3.33737364E-04	 2.80338356E-04	-2.20276281E-04	-3.17851765E-05	-1.62553590E-05	-5.84071082E-06	-1.76871924E-06	-3.80475452E-07
 5.570000E-01	 4.57037428E-06	 1.50551690E-05	 1.15695965E-04	-1.92038395E-04	 2.65390136E-05	 7.17185999E-05	 2.28889174E-05	 6.41121983E-06	 1.50406133E-06	 6.62003413E-07	-3.15451510E-05	-1.11027725E-04	-3.30444316E-04	 2.78328903E-04	-2.15223635E-04	-3.18978955E-05	-1.64012314E-05	-5.81721439E-06	-1.72407377E-06	-3.57277172E-07
 5.580000E-01	 4.74930071E-06	 1.64818219E-05	 1.16858757E-04	-2.07497254E-04	 1.99748606E-05	 7.21400156E-05	 2.35270424E-05	 6.82757850E-06	 1.67435668E-06	 7.07336248E-07	-3.18609964E-05	-1.11543054E-04	-3.26970530E-04	 2.75959969E-04	-2.10273436E-04	-3.19958803E-05	-1.64907231E-05	-5.77966259E-06	-1.67557049E-06	-3.33528771E-07
 5.590000E-01	 4.96129279E-06	 1.79649153E-05	 1.17841644E-04	-2.22936245E-04	 1.34858364E-05	 7.24400283E-05	 2.41198827E-05	 7.22396801E-06	 1.84274504E-06	 7.52451109E-07	-3.21537873E-05	-1.11894971E-04	-3.23325866E-04	 2.73259528E-04	-2.05425750E-04	-3.20804815E-05	-1.65233205E-05	-5.72600468E-06	-1.62529291E-06	-3.09381468E-07
 5.600000E-01	 5.20509172E-06	 1.94964560E-05	 1.18650541E-04	-2.38310551E-04	 7.08930236E-06	 7.26227030E-05	 2.46658798E-05	 7.60201690E-06	 2.00400026E-06	 8.00363993E-07	-3.24195682E-05	-1.12090169E-04	-3.19540196E-04	 2.70222722E-04	-2.00720917E-04	-3.21559221E-05	-1.65026555E-05	-5.65572639E-06	-1.57538919E-06	-2.84918245E-07
 5.610000E-01	 5.47444056E-06	 2.10591321E-05	 1.19298923E-04	-2.53607820E-04	 8.04206699E-07	 7.26794049E-05	 2.51603496E-05	 7.96145285E-06	 2.15251267E-06	 8.52757296E-07	-3.26569567E-05	-1.12131337E-04	-3.15626093E-04	 2.66879938E-04	-1.96159036E-04	-3.22249488E-05	-1.64308978E-05	-5.56807073E-06	-1.52743439E-06	-2.59466744E-07
 5.620000E-01	 5.76877098E-06	 2.26479541E-05	 1.19791069E-04	-2.68782216E-04	-5.35310862E-06	 7.26185887E-05	 2.56017570E-05	 8.30489719E-06	 2.28567852E-06	 9.09872969E-07	-3.28662290E-05	-1.12024640E-04	-3.11615820E-04	 2.63230139E-04	-1.91782003E-04	-3.22919873E-05	-1.63130343E-05	-5.46436341E-06	-1.48262181E-06	-2.32367863E-07
 5.630000E-01	 6.08622370E-06	 2.42503459E-05	 1.20140306E-04	-2.83815264E-04	-1.13616136E-05	 7.24351324E-05	 2.59889602E-05	 8.63027977E-06	 2.40483200E-06	 9.68481450E-07	-3.30509205E-05	-1.11771352E-04	-3.07523378E-04	 2.59307975E-04	-1.87589178E-04	-3.23613571E-05	-1.61501343E-05	-5.34669618E-06	-1.43956024E-06	-2.04500851E-07
 5.640000E-01	 6.43132020E-06	 2.58621174E-05	 1.20352810E-04	-2.98663639E-04	-1.72006445E-05	 7.21407857E-05	 2.63240930E-05	 8.93587787E-06	 2.51450285E-06	 1.02478209E-06	-3.32105864E-05	-1.11377389E-04	-3.03376948E-04	 2.55117777E-04	-1.83619398E-04	-3.24374005E-05	-1.59425473E-05	-5.21821169E-06	-1.39526345E-06	-1.76285695E-07
 5.650000E-01	 6.80405947E-06	 2.74696242E-05	 1.20445682E-04	-3.13312236E-04	-2.28459423E-05	 7.17297148E-05	 2.66079208E-05	 9.21808949E-06	 2.61777132E-06	 1.07628859E-06	-3.33450698E-05	-1.10846630E-04	-2.99184246E-04	 2.50694511E-04	-1.79863650E-04	-3.25266986E-05	-1.56899823E-05	-5.07966799E-06	-1.34744042E-06	-1.48328448E-07
 5.660000E-01	 7.20824179E-06	 2.90658538E-05	 1.20427974E-04	-3.27726035E-04	-2.82751700E-05	 7.12143334E-05	 2.68416085E-05	 9.47494657E-06	 2.71780219E-06	 1.12162331E-06	-3.34513383E-05	-1.10187928E-04	-2.94968501E-04	 2.46042929E-04	-1.76356729E-04	-3.26344697E-05	-1.53937459E-05	-4.93298268E-06	-1.29405517E-06	-1.21773933E-07
 5.670000E-01	 7.64044771E-06	 3.06343793E-05	 1.20319914E-04	-3.41897380E-04	-3.34633032E-05	 7.05859179E-05	 2.70243117E-05	 9.70402402E-06	 2.81384685E-06	 1.16133546E-06	-3.35260969E-05	-1.09409716E-04	-2.90731257E-04	 2.41193554E-04	-1.73080015E-04	-3.27714087E-05	-1.50554505E-05	-4.77657774E-06	-1.23478484E-06	-9.58220700E-08
 5.680000E-01	 8.09789970E-06	 3.21661847E-05	 1.20131319E-04	-3.55799316E-04	-3.83906513E-05	 6.98567475E-05	 2.71527970E-05	 9.90658062E-06	 2.90270053E-06	 1.19781300E-06	-3.35659879E-05	-1.08525382E-04	-2.86491890E-04	 2.36146752E-04	-1.70064632E-04	-3.29446559E-05	-1.46816226E-05	-4.60916963E-06	-1.17272221E-06	-6.87811351E-08
 5.690000E-01	 8.57347637E-06	 3.36466184E-05	 1.19882132E-04	-3.69426943E-04	-4.30334883E-05	 6.90171289E-05	 2.72242805E-05	 1.00835589E-05	 2.98055117E-06	 1.23229311E-06	-3.35729884E-05	-1.07546364E-04	-2.82252126E-04	 2.30927155E-04	-1.67287874E-04	-3.31690628E-05	-1.42800090E-05	-4.42914282E-06	-1.11073264E-06	-4.04181155E-08
 5.700000E-01	 9.06437290E-06	 3.50684250E-05	 1.19581437E-04	-3.82756097E-04	-4.73721668E-05	 6.80828416E-05	 2.72343902E-05	 1.02366156E-05	 3.04508624E-06	 1.26541985E-06	-3.35485991E-05	-1.06486975E-04	-2.78029776E-04	 2.25534422E-04	-1.64781388E-04	-3.34523107E-05	-1.38587791E-05	-4.23693683E-06	-1.05204423E-06	-1.02522619E-08
 5.710000E-01	 9.56605391E-06	 3.64201015E-05	 1.19249469E-04	-3.95782823E-04	-5.13814274E-05	 6.70460780E-05	 2.71810128E-05	 1.03679068E-05	 3.09470789E-06	 1.29710937E-06	-3.34996622E-05	-1.05359843E-04	-2.73824720E-04	 2.19989710E-04	-1.62517489E-04	-3.38116416E-05	-1.34276657E-05	-4.03259930E-06	-9.98688987E-07	 2.04384367E-08
 5.720000E-01	 1.00815482E-05	 3.76968922E-05	 1.18894666E-04	-4.08483789E-04	-5.50392127E-05	 6.59300115E-05	 2.70601413E-05	 1.04782051E-05	 3.13165646E-06	 1.32648587E-06	-3.34302127E-05	-1.04179148E-04	-2.69650108E-04	 2.14294152E-04	-1.60527418E-04	-3.42544923E-05	-1.29913410E-05	-3.82118641E-06	-9.49342032E-07	 4.79531568E-08
 5.730000E-01	 1.06114672E-05	 3.88893839E-05	 1.18537303E-04	-4.20857880E-04	-5.83143685E-05	 6.47285121E-05	 2.68726261E-05	 1.05673489E-05	 3.15914403E-06	 1.35286599E-06	-3.33434051E-05	-1.02958421E-04	-2.65498010E-04	 2.08465517E-04	-1.58772515E-04	-3.48024793E-05	-1.25542039E-05	-3.60558516E-06	-9.00811701E-07	 7.02297966E-08
 5.740000E-01	 1.11594538E-05	 3.99940040E-05	 1.18185358E-04	-4.32885105E-04	-6.11825497E-05	 6.34685272E-05	 2.66152602E-05	 1.06337704E-05	 3.18076226E-06	 1.37651482E-06	-3.32383558E-05	-1.01713264E-04	-2.61372810E-04	 2.02502713E-04	-1.57278269E-04	-3.54645561E-05	-1.21174628E-05	-3.38979860E-06	-8.50986116E-07	 8.65260478E-08
 5.750000E-01	 1.17251900E-05	 4.10035004E-05	 1.17858779E-04	-4.44568738E-04	-6.36087925E-05	 6.21423219E-05	 2.62905081E-05	 1.06764676E-05	 3.19946222E-06	 1.39798200E-06	-3.31151334E-05	-1.00459196E-04	-2.57260653E-04	 1.96415290E-04	-1.55994459E-04	-3.62671161E-05	-1.16866167E-05	-3.17466778E-06	-7.97751131E-07	 9.75818397E-08
 5.760000E-01	 1.23069005E-05	 4.19158201E-05	 1.17564109E-04	-4.55892057E-04	-6.55706297E-05	 6.07790736E-05	 2.58938386E-05	 1.06925002E-05	 3.21609696E-06	 1.41769738E-06	-3.29713960E-05	-9.92130305E-05	-2.53160231E-04	 1.90196927E-04	-1.54942511E-04	-3.72202178E-05	-1.12649881E-05	-2.95973671E-06	-7.43025630E-07	 1.07518770E-07
 5.770000E-01	 1.28978393E-05	 4.27271142E-05	 1.17320011E-04	-4.66861679E-04	-6.70345218E-05	 5.93688699E-05	 2.54271236E-05	 1.06827334E-05	 3.22986552E-06	 1.43613038E-06	-3.28105187E-05	-9.79917667E-05	-2.49056283E-04	 1.83845572E-04	-1.54062613E-04	-3.83533647E-05	-1.08661782E-05	-2.74112952E-06	-6.90200585E-07	 1.20514193E-07
 5.780000E-01	 1.34931079E-05	 4.34384516E-05	 1.17130745E-04	-4.77461013E-04	-6.79831495E-05	 5.79466843E-05	 2.48831238E-05	 1.06456704E-05	 3.23865253E-06	 1.45323545E-06	-3.26350431E-05	-9.68122124E-05	-2.44944478E-04	 1.77350014E-04	-1.53376004E-04	-3.96752102E-05	-1.04972824E-05	-2.51830006E-06	-6.42556544E-07	 1.37993170E-07
 5.790000E-01	 1.40856219E-05	 4.40500417E-05	 1.17011950E-04	-4.87698325E-04	-6.83825479E-05	 5.65032658E-05	 2.42635909E-05	 1.05835368E-05	 3.24102487E-06	 1.46862040E-06	-3.24507350E-05	-9.56901258E-05	-2.40807096E-04	 1.70699143E-04	-1.52813378E-04	-4.12170642E-05	-1.01743761E-05	-2.28985356E-06	-6.00836122E-07	 1.60402958E-07
 5.800000E-01	 1.46727074E-05	 4.45665717E-05	 1.16964668E-04	-4.97555158E-04	-6.82183425E-05	 5.50803379E-05	 2.35614224E-05	 1.04934501E-05	 3.23578598E-06	 1.48210710E-06	-3.22605450E-05	-9.46398478E-05	-2.36634521E-04	 1.63879214E-04	-1.52394980E-04	-4.29860425E-05	-9.90217300E-06	-2.05930169E-06	-5.63861368E-07	 1.84268103E-07
 5.810000E-01	 1.52554667E-05	 4.49911130E-05	 1.17003619E-04	-5.07042180E-04	-6.74501173E-05	 5.36686789E-05	 2.27809986E-05	 1.03764289E-05	 3.22367226E-06	 1.49450251E-06	-3.20687144E-05	-9.36731673E-05	-2.32405814E-04	 1.56872565E-04	-1.52042481E-04	-4.50140015E-05	-9.69599166E-06	-1.83061324E-06	-5.26207930E-07	 2.04466623E-07
 5.820000E-01	 1.58360585E-05	 4.53292111E-05	 1.17129038E-04	-5.16139949E-04	-6.60663828E-05	 5.23177509E-05	 2.19148659E-05	 1.02260424E-05	 3.20446355E-06	 1.50628169E-06	-3.18769122E-05	-9.27994451E-05	-2.28106325E-04	 1.49665120E-04	-1.51776265E-04	-4.73046613E-05	-9.55873161E-06	-1.60799155E-06	-4.85150603E-07	 2.18353292E-07
 5.830000E-01	 1.64157172E-05	 4.55858433E-05	 1.17354492E-04	-5.24860234E-04	-6.40259858E-05	 5.10193660E-05	 2.09681380E-05	 1.00424878E-05	 3.17896204E-06	 1.51820650E-06	-3.16901951E-05	-9.20264959E-05	-2.23714289E-04	 1.42228556E-04	-1.51507621E-04	-4.98908879E-05	-9.51008939E-06	-1.39363959E-06	-4.37516649E-07	 2.25165079E-07
 5.840000E-01	 1.69938248E-05	 4.57673798E-05	 1.17678197E-04	-5.33179806E-04	-6.13277328E-05	 4.98325319E-05	 1.99315682E-05	 9.81762730E-06	 3.14556454E-06	 1.53015118E-06	-3.15129325E-05	-9.13599035E-05	-2.19212373E-04	 1.34543955E-04	-1.51257139E-04	-5.27743144E-05	-9.55561973E-06	-1.18894386E-06	-3.84996681E-07	 2.26926225E-07
 5.850000E-01	 1.75617100E-05	 4.58815997E-05	 1.18108591E-04	-5.41108185E-04	-5.79361804E-05	 4.87508510E-05	 1.88103457E-05	 9.55182003E-06	 3.10408209E-06	 1.53977509E-06	-3.13542843E-05	-9.08043118E-05	-2.14580231E-04	 1.26568260E-04	-1.50924376E-04	-5.59894082E-05	-9.72220683E-06	-9.91778478E-07	-3.30276909E-07	 2.30349041E-07
 5.860000E-01	 1.81079566E-05	 4.59383821E-05	 1.18636374E-04	-5.48613527E-04	-5.38668053E-05	 4.78416873E-05	 1.75958407E-05	 9.23536485E-06	 3.05178716E-06	 1.54410479E-06	-3.12212510E-05	-9.03634123E-05	-2.09797695E-04	 1.18273792E-04	-1.50527556E-04	-5.95380995E-05	-1.00160969E-05	-8.02991524E-07	-2.77098937E-07	 2.39295191E-07
 5.870000E-01	 1.86212752E-05	 4.59480979E-05	 1.19264445E-04	-5.55703304E-04	-4.90845479E-05	 4.70954667E-05	 1.62971435E-05	 8.86804696E-06	 2.98789142E-06	 1.54056171E-06	-3.11224359E-05	-9.00380792E-05	-2.04845647E-04	 1.09604859E-04	-1.49955630E-04	-6.34551834E-05	-1.04667608E-05	-6.24293171E-07	-2.25381394E-07	 2.56890749E-07
 5.880000E-01	 1.90904624E-05	 4.59207953E-05	 1.19979329E-04	-5.62339581E-04	-4.36179369E-05	 4.65849609E-05	 1.49074246E-05	 8.43797841E-06	 2.90757515E-06	 1.52719850E-06	-3.10633369E-05	-8.98275190E-05	-1.99701280E-04	 1.00531701E-04	-1.49228554E-04	-6.77383938E-05	-1.10783690E-05	-4.60602531E-07	-1.74902165E-07	 2.82659657E-07
 5.890000E-01	 1.95108686E-05	 4.58661039E-05	 1.20780757E-04	-5.68529878E-04	-3.74293192E-05	 4.62960023E-05	 1.34378552E-05	 7.94538334E-06	 2.80689284E-06	 1.50570686E-06	-3.10466042E-05	-8.97273037E-05	-1.94345682E-04	 9.09910277E-05	-1.48226635E-04	-7.24188178E-05	-1.18799376E-05	-3.20989261E-07	-1.18656349E-07	 3.13384598E-07
 5.900000E-01	 1.98803138E-05	 4.57911835E-05	 1.21653448E-04	-5.74230766E-04	-3.05590733E-05	 4.63066202E-05	 1.18813306E-05	 7.37675305E-06	 2.67690839E-06	 1.47850399E-06	-3.10727847E-05	-8.97290815E-05	-1.88755523E-04	 8.09566552E-05	-1.46976938E-04	-7.74879763E-05	-1.28731563E-05	-2.15421668E-07	-5.29355283E-08	 3.45808160E-07
 5.910000E-01	 2.01972219E-05	 4.57042490E-05	 1.22593286E-04	-5.79446793E-04	-2.29683206E-05	 4.65986445E-05	 1.02509540E-05	 6.73100862E-06	 2.51234939E-06	 1.44767970E-06	-3.11426907E-05	-8.98187769E-05	-1.82920174E-04	 7.03615873E-05	-1.45357364E-04	-8.29708060E-05	-1.40915026E-05	-1.53024562E-07	 2.75259546E-08	 3.81803818E-07
 5.920000E-01	 2.04575952E-05	 4.56115859E-05	 1.23580218E-04	-5.84123726E-04	-1.47169155E-05	 4.72562106E-05	 8.54159047E-06	 5.99133901E-06	 2.30379394E-06	 1.41336110E-06	-3.12577802E-05	-8.99794758E-05	-1.76821972E-04	 5.91832408E-05	-1.43404449E-04	-8.88532589E-05	-1.55378528E-05	-1.41624407E-07	 1.22538115E-07	 4.24730001E-07
 5.930000E-01	 2.06546620E-05	 4.55211160E-05	 1.24604648E-04	-5.88260605E-04	-5.76732751E-06	 4.82552932E-05	 6.77115012E-06	 5.15352568E-06	 2.04805226E-06	 1.37220741E-06	-3.14229236E-05	-9.01868769E-05	-1.70465290E-04	 4.73519616E-05	-1.40996725E-04	-9.51530470E-05	-1.72527274E-05	-1.86184934E-07	 2.31514774E-07	 4.84347413E-07
 5.940000E-01	 2.07746184E-05	 4.54375383E-05	 1.25642338E-04	-5.91793316E-04	 3.79479309E-06	 4.96842520E-05	 4.93943704E-06	 4.19652162E-06	 1.73812013E-06	 1.31742473E-06	-3.16455462E-05	-9.04171429E-05	-1.63841277E-04	 3.48496517E-05	-1.38180679E-04	-1.01849232E-04	-1.92401615E-05	-2.89950080E-07	 3.50807757E-07	 5.69599772E-07
 5.950000E-01	 2.08048195E-05	 4.53655053E-05	 1.26679202E-04	-5.94721241E-04	 1.40034280E-05	 5.15099581E-05	 3.06653637E-06	 3.11628303E-06	 1.36920127E-06	 1.24382324E-06	-3.19280050E-05	-9.06431078E-05	-1.56960345E-04	 2.16032310E-05	-1.34829017E-04	-1.08950804E-04	-2.15389207E-05	-4.60102939E-07	 4.83619758E-07	 6.87344261E-07
 5.960000E-01	 2.07301275E-05	 4.53036950E-05	 1.27688199E-04	-5.96978079E-04	 2.47465608E-05	 5.38202803E-05	 1.15173954E-06	 1.89227291E-06	 9.29896197E-07	 1.14628826E-06	-3.22713454E-05	-9.08392645E-05	-1.49813219E-04	 7.60168876E-06	-1.30995422E-04	-1.16430014E-04	-2.41449695E-05	-7.04215438E-07	 6.32553390E-07	 8.40772440E-07
 5.970000E-01	 2.05392348E-05	 4.52505924E-05	 1.28650684E-04	-5.98568624E-04	 3.60588086E-05	 5.65670339E-05	-7.86418468E-07	 5.22288288E-07	 4.10360676E-07	 1.02359512E-06	-3.26663016E-05	-9.09772389E-05	-1.42412528E-04	-7.22694347E-06	-1.26547658E-04	-1.24286700E-04	-2.70886949E-05	-1.03586443E-06	 8.08229591E-07	 1.03061127E-06
 5.980000E-01	 2.02273651E-05	 4.51964133E-05	 1.29540472E-04	-5.99428303E-04	 4.78063933E-05	 5.98325008E-05	-2.75095491E-06	-1.01044564E-06	-2.06990763E-07	 8.79299433E-07	-3.31011948E-05	-9.10293046E-05	-1.34748545E-04	-2.28804528E-05	-1.21551635E-04	-1.32486569E-04	-3.03571313E-05	-1.46759742E-06	 1.01720442E-06	 1.25383874E-06
 5.990000E-01	 1.97934422E-05	 4.51315351E-05	 1.30339768E-04	-5.99567873E-04	 6.00325318E-05	 6.35519906E-05	-4.72429421E-06	-2.70534797E-06	-9.32525667E-07	 7.16639129E-07	-3.35630115E-05	-9.09591906E-05	-1.26848579E-04	-3.94182857E-05	-1.15884524E-04	-1.41015250E-04	-3.39810788E-05	-2.01130576E-06	 1.26518410E-06	 1.51190365E-06
 6.000000E-01	 1.92381869E-05	 4.50394744E-05	 1.31026230E-04	-5.98921040E-04	 7.25795885E-05	 6.78063359E-05	-6.70670345E-06	-4.57677777E-06	-1.77782581E-06	 5.38652578E-07	-3.40429192E-05	-9.07325775E-05	-1.18715304E-04	-5.68189513E-05	-1.09632518E-04	-1.49830705E-04	-3.79450618E-05	-2.67309898E-06	 1.55236630E-06	 1.80601676E-06
 6.010000E-01	 1.85637826E-05	 4.49048231E-05	 1.31583654E-04	-5.97502866E-04	 8.54987381E-05	 7.25178341E-05	-8.67900511E-06	-6.62107367E-06	-2.74496898E-06	 3.47106142E-07	-3.45325553E-05	-9.03080821E-05	-1.10392949E-04	-7.51278985E-05	-1.02681784E-04	-1.58903591E-04	-4.22791099E-05	-3.45706372E-06	 1.87679018E-06	 2.14038842E-06
 6.020000E-01	 1.77649479E-05	 4.47083926E-05	 1.31990148E-04	-5.95244128E-04	 9.86019997E-05	 7.77691198E-05	-1.06372756E-05	-8.85038281E-06	-3.83191524E-06	 1.36809039E-07	-3.50300586E-05	-8.96511990E-05	-1.01893326E-04	-9.43069314E-05	-9.51317541E-05	-1.68187674E-04	-4.69577436E-05	-4.35979900E-06	 2.23612107E-06	 2.52064032E-06
 6.030000E-01	 1.68307153E-05	 4.44351635E-05	 1.32218663E-04	-5.92164611E-04	 1.11941545E-04	 8.34655119E-05	-1.25646961E-05	-1.12599727E-05	-5.03201841E-06	-9.75326216E-08	-3.55210272E-05	-8.87291436E-05	-9.32612029E-05	-1.14396257E-04	-8.68587689E-05	-1.77647113E-04	-5.19899251E-05	-5.38149961E-06	 2.63364708E-06	 2.94943721E-06
 6.040000E-01	 1.57515020E-05	 4.40655941E-05	 1.32244074E-04	-5.88200442E-04	 1.25299975E-04	 8.96798182E-05	-1.44591191E-05	-1.38549782E-05	-6.33911843E-06	-3.59534111E-07	-3.59915941E-05	-8.75192915E-05	-8.45005964E-05	-1.35346894E-04	-7.79622216E-05	-1.87240900E-04	-5.73272123E-05	-6.51540205E-06	 3.07200406E-06	 3.42722065E-06
 6.050000E-01	 1.45109839E-05	 4.35837629E-05	 1.32027995E-04	-5.83384119E-04	 1.38734820E-04	 9.62921807E-05	-1.63167062E-05	-1.66232733E-05	-7.74794592E-06	-6.52946910E-07	-3.64133698E-05	-8.60013404E-05	-7.56509351E-05	-1.57190403E-04	-6.83087103E-05	-1.96927074E-04	-6.29570880E-05	-7.75792814E-06	 3.55650086E-06	 3.95004101E-06
 6.060000E-01	 1.31019379E-05	 4.29720353E-05	 1.31542300E-04	-5.77661447E-04	 1.52000029E-04	 1.03362044E-04	-1.81440096E-05	-1.95547038E-05	-9.25456680E-06	-9.71298966E-07	-3.67588552E-05	-8.41635345E-05	-6.67085458E-05	-1.79861040E-04	-5.80012068E-05	-2.06670192E-04	-6.88148105E-05	-9.09444854E-06	 4.08522079E-06	 4.51350383E-06
 6.070000E-01	 1.15248974E-05	 4.22151434E-05	 1.30747802E-04	-5.71075295E-04	 1.65172776E-04	 1.10747254E-04	-1.99466988E-05	-2.26197791E-05	-1.08507768E-05	-1.30391340E-06	-3.70047744E-05	-8.19865846E-05	-5.77279532E-05	-2.03366143E-04	-4.69201016E-05	-2.16414383E-04	-7.48883540E-05	-1.05103828E-05	 4.64681476E-06	 5.10467710E-06
 6.080000E-01	 9.79339571E-06	 4.13006160E-05	 1.29625664E-04	-5.63571509E-04	 1.77988904E-04	 1.18508048E-04	-2.17280818E-05	-2.57895062E-05	-1.25163538E-05	-1.63710533E-06	-3.71363004E-05	-7.94578277E-05	-4.87211568E-05	-2.27608267E-04	-3.51911768E-05	-2.26121181E-04	-8.11096697E-05	-1.19754978E-05	 5.23006951E-06	 5.71244824E-06
 6.090000E-01	 7.92847206E-06	 4.02196487E-05	 1.28135656E-04	-5.55191214E-04	 1.90546478E-04	 1.26493092E-04	-2.34979467E-05	-2.90208376E-05	-1.42230802E-05	-1.95608611E-06	-3.71451756E-05	-7.65602348E-05	-3.97647978E-05	-2.52566336E-04	-2.27112501E-05	-2.35718969E-04	-8.74622727E-05	-1.34634934E-05	 5.81480950E-06	 6.31441464E-06
 6.100000E-01	 5.97061684E-06	 3.89706824E-05	 1.26272449E-04	-5.45872203E-04	 2.02565712E-04	 1.34774852E-04	-2.52514385E-05	-3.22686227E-05	-1.59232881E-05	-2.24803646E-06	-3.70303060E-05	-7.32882413E-05	-3.08858331E-05	-2.78113946E-04	-9.62422112E-06	-2.45169347E-04	-9.38659540E-05	-1.49290305E-05	 6.39244786E-06	 6.88980127E-06
 6.110000E-01	 3.94947666E-06	 3.75546506E-05	 1.23985519E-04	-5.35650019E-04	 2.14151727E-04	 1.43203361E-04	-2.70169147E-05	-3.54820436E-05	-1.75695158E-05	-2.50833648E-06	-3.67802312E-05	-6.96506861E-05	-2.21622617E-05	-3.04214941E-04	 4.17391253E-06	-2.54391730E-04	-1.00282764E-04	-1.63399775E-05	 6.94930504E-06	 7.40638667E-06
 6.120000E-01	 1.90727392E-06	 3.59925377E-05	 1.21263936E-04	-5.24453326E-04	 2.24987031E-04	 1.51868506E-04	-2.87991185E-05	-3.86012430E-05	-1.91021604E-05	-2.73259248E-06	-3.63826133E-05	-6.56741162E-05	-1.36073782E-05	-3.30732530E-04	 1.85445810E-05	-2.63361748E-04	-1.06611736E-04	-1.76395614E-05	 7.47986325E-06	 7.83860612E-06
 6.130000E-01	-1.20967975E-07	 3.43054491E-05	 1.18039940E-04	-5.12306422E-04	 2.35179353E-04	 1.60624981E-04	-3.06466078E-05	-4.15649737E-05	-2.04626887E-05	-2.91780177E-06	-3.58187251E-05	-6.14038977E-05	-5.29793920E-06	-3.57623724E-04	 3.35895293E-05	-2.71999012E-04	-1.12807717E-04	-1.87948417E-05	 7.96040463E-06	 8.14698822E-06
 6.140000E-01	-2.08173658E-06	 3.25441949E-05	 1.14302268E-04	-4.99124615E-04	 2.44382346E-04	 1.69583283E-04	-3.25618096E-05	-4.42957402E-05	-2.15865241E-05	-3.05714087E-06	-3.50687487E-05	-5.69018174E-05	 2.76094148E-06	-3.84745471E-04	 4.91692095E-05	-2.80300604E-04	-1.18764336E-04	-1.97426268E-05	 8.37606692E-06	 8.29864406E-06
 6.150000E-01	-3.92408200E-06	 3.07517853E-05	 1.09970074E-04	-4.84914671E-04	 2.52713273E-04	 1.78606077E-04	-3.46044504E-05	-4.67208232E-05	-2.24103912E-05	-3.14245300E-06	-3.41118962E-05	-5.22461985E-05	 1.04819662E-05	-4.12047213E-04	 6.53714475E-05	-2.88191678E-04	-1.24442980E-04	-2.04578919E-05	 8.68334010E-06	 8.25117096E-06
 6.160000E-01	-5.57557911E-06	 2.90107550E-05	 1.05037531E-04	-4.69573328E-04	 2.59805869E-04	 1.87828984E-04	-3.67641992E-05	-4.87487333E-05	-2.28728958E-05	-3.16840298E-06	-3.29367852E-05	-4.75224852E-05	 1.78496841E-05	-4.39374121E-04	 8.20469780E-05	-2.95692916E-04	-1.29739359E-04	-2.08726720E-05	 8.85460929E-06	 7.97803709E-06
 6.170000E-01	-6.97400479E-06	 2.73803397E-05	 9.94114807E-05	-4.53089389E-04	 2.65785065E-04	 1.97126031E-04	-3.91145089E-05	-5.03023736E-05	-2.29190053E-05	-3.13263284E-06	-3.15295102E-05	-4.28363376E-05	 2.47595232E-05	-4.66669555E-04	 9.92723432E-05	-3.02742256E-04	-1.34614997E-04	-2.09784081E-05	 8.83410556E-06	 7.45502956E-06
 6.180000E-01	-8.04813979E-06	 2.59693666E-05	 9.30835975E-05	-4.35346364E-04	 2.70255998E-04	 2.06658081E-04	-4.16399647E-05	-5.12862193E-05	-2.25140165E-05	-3.04596708E-06	-2.98937454E-05	-3.82863159E-05	 3.11853705E-05	-4.93764240E-04	 1.16902105E-04	-3.09391506E-04	-1.38953867E-04	-2.07103665E-05	 8.59324588E-06	 6.68443887E-06
 6.190000E-01	-8.73871669E-06	 2.48418908E-05	 8.59502811E-05	-4.16325085E-04	 2.73354692E-04	 2.16300161E-04	-4.44212362E-05	-5.16317359E-05	-2.16266574E-05	-2.91452848E-06	-2.80333726E-05	-3.39853704E-05	 3.69991572E-05	-5.20589087E-04	 1.35014387E-04	-3.15604070E-04	-1.42699310E-04	-2.00905067E-05	 8.08022656E-06	 5.68360232E-06
 6.200000E-01	-8.97597184E-06	 2.41054479E-05	 7.80239470E-05	-3.95923305E-04	 2.74680522E-04	 2.26215834E-04	-4.74197955E-05	-5.12539521E-05	-2.02693394E-05	-2.75099056E-06	-2.59723913E-05	-3.00194563E-05	 4.21566048E-05	-5.46945664E-04	 1.53479232E-04	-3.21471000E-04	-1.45702851E-04	-1.90766478E-05	 7.29175108E-06	 4.48655516E-06
 6.210000E-01	-8.71123710E-06	 2.37946689E-05	 6.92188127E-05	-3.74148999E-04	 2.74403697E-04	 2.36250889E-04	-5.07050813E-05	-5.01092736E-05	-1.84543452E-05	-2.55331501E-06	-2.37294200E-05	-2.64758866E-05	 4.65028750E-05	-5.72731885E-04	 1.72386434E-04	-3.26984394E-04	-1.47869606E-04	-1.77410319E-05	 6.21194273E-06	 3.15096014E-06
 6.220000E-01	-7.89684902E-06	 2.39814162E-05	 5.95935814E-05	-3.50955285E-04	 2.72141072E-04	 2.46536840E-04	-5.41965003E-05	-4.81485931E-05	-1.62563128E-05	-2.32605867E-06	-2.13559579E-05	-2.33905417E-05	 4.99642746E-05	-5.97694907E-04	 1.91623121E-04	-3.32270668E-04	-1.49007272E-04	-1.60807968E-05	 4.88776387E-06	 1.73773872E-06
 6.230000E-01	-6.52236347E-06	 2.46436761E-05	 4.91052534E-05	-3.26416341E-04	 2.68121713E-04	 2.56851224E-04	-5.79251287E-05	-4.53807104E-05	-1.37362637E-05	-2.05376253E-06	-1.88937881E-05	-2.07839428E-05	 5.23565381E-05	-6.21677879E-04	 2.11293454E-04	-3.37341398E-04	-1.48977914E-04	-1.42253763E-05	 3.36148395E-06	 3.38959434E-07
 6.240000E-01	-4.59614297E-06	 2.57988895E-05	 3.78742879E-05	-3.00571729E-04	 2.62007935E-04	 2.67257206E-04	-6.17419539E-05	-4.18222112E-05	-1.10191395E-05	-1.73184732E-06	-1.64329825E-05	-1.86158878E-05	 5.35749129E-05	-6.44364680E-04	 2.31295577E-04	-3.42346578E-04	-1.47557859E-04	-1.22146671E-05	 1.73276664E-06	-9.67631943E-07
 6.250000E-01	-2.17343570E-06	 2.73618501E-05	 2.59095279E-05	-2.73578065E-04	 2.54116200E-04	 2.77428772E-04	-6.56095296E-05	-3.75604625E-05	-8.19308103E-06	-1.34083136E-06	-1.40463321E-05	-1.68177200E-05	 5.34136408E-05	-6.65544930E-04	 2.51745074E-04	-3.47299353E-04	-1.44590051E-04	-1.02154215E-05	 9.67517611E-08	-2.07068146E-06
 6.260000E-01	 6.77489328E-07	 2.92890659E-05	 1.34155891E-05	-2.45569439E-04	 2.44197774E-04	 2.87334667E-04	-6.92775170E-05	-3.26965775E-05	-5.38827069E-06	-8.64287164E-07	-1.18581785E-05	-1.52858816E-05	 5.17501531E-05	-6.84868467E-04	 2.72533207E-04	-3.52354171E-04	-1.39868548E-04	-8.28965525E-06	-1.42440391E-06	-2.89724588E-06
 6.270000E-01	 3.84831778E-06	 3.14307878E-05	 4.70008344E-07	-2.16781685E-04	 2.32682658E-04	 2.96532756E-04	-7.26274189E-05	-2.73986796E-05	-2.69106461E-06	-2.90218985E-07	-9.95039908E-06	-1.38913972E-05	 4.83935152E-05	-7.02111762E-04	 2.93767282E-04	-3.57484586E-04	-1.33290280E-04	-6.59291120E-06	-2.71990186E-06	-3.36179527E-06
 6.280000E-01	 7.23016367E-06	 3.36934473E-05	-1.26273809E-05	-1.87419880E-04	 2.19424547E-04	 3.04916681E-04	-7.53096623E-05	-2.18423285E-05	-1.84879821E-07	 3.98706970E-07	-8.43922093E-06	-1.25330228E-05	 4.32554704E-05	-7.16955144E-04	 3.15298981E-04	-3.62797185E-04	-1.24760388E-04	-5.16305390E-06	-3.70371724E-06	-3.42240611E-06
 6.290000E-01	 1.06991660E-05	 3.58875642E-05	-2.57343675E-05	-1.57762898E-04	 2.04951186E-04	 3.11966769E-04	-7.71473106E-05	-1.62457586E-05	 2.06482426E-06	 1.19127299E-06	-7.37080437E-06	-1.10957185E-05	 3.62284102E-05	-7.29237779E-04	 3.37198779E-04	-3.68164630E-04	-1.14327767E-04	-4.08784766E-06	-4.30358686E-06	-3.07496866E-06
 6.300000E-01	 1.41309585E-05	 3.79048278E-05	-3.84851822E-05	-1.28037600E-04	 1.89185426E-04	 3.17561631E-04	-7.77409025E-05	-1.08205802E-05	 4.05953705E-06	 2.07645632E-06	-6.77919050E-06	-9.55815031E-06	 2.73290918E-05	-7.38729842E-04	 3.59246886E-04	-3.73566568E-04	-1.02090208E-04	-3.32919598E-06	-4.51411782E-06	-2.31450746E-06
 6.310000E-01	 1.74285325E-05	 3.95728494E-05	-5.07150010E-05	-9.85038706E-05	 1.72704347E-04	 3.21177373E-04	-7.69097271E-05	-5.77896629E-06	 5.76102752E-06	 3.01468856E-06	-6.64132298E-06	-7.89326479E-06	 1.65863932E-05	-7.45408594E-04	 3.81459036E-04	-3.78740051E-04	-8.83078058E-05	-2.87232642E-06	-4.34724735E-06	-1.25138112E-06
 6.320000E-01	 2.04317523E-05	 4.07785574E-05	-6.20692285E-05	-6.94145429E-05	 1.55435135E-04	 3.22695569E-04	-7.43060113E-05	-1.35492758E-06	 7.25405371E-06	 3.87987075E-06	-6.82928635E-06	-6.18363417E-06	 4.16057974E-06	-7.49125047E-04	 4.03531570E-04	-3.83464186E-04	-7.32790723E-05	-2.57099653E-06	-3.86577292E-06	 1.01178353E-07
 6.330000E-01	 2.30387870E-05	 4.14299333E-05	-7.24568576E-05	-4.09678041E-05	 1.37925303E-04	 3.21645980E-04	-6.98351294E-05	 2.28298531E-06	 8.51598742E-06	 4.59076600E-06	-7.33418269E-06	-4.47164991E-06	-9.86026209E-06	-7.49980914E-04	 4.25362513E-04	-3.87338412E-04	-5.75189071E-05	-2.29030002E-06	-3.23320815E-06	 1.53921472E-06
 6.340000E-01	 2.51007448E-05	 4.11562810E-05	-8.13821873E-05	-1.38264768E-05	 1.20041968E-04	 3.18339239E-04	-6.35926376E-05	 5.33561034E-06	 9.43418237E-06	 5.21761004E-06	-7.98704767E-06	-2.79272198E-06	-2.53560834E-05	-7.47716283E-04	 4.46508889E-04	-3.90075539E-04	-4.14155935E-05	-1.97437359E-06	-2.46169260E-06	 2.85713151E-06
 6.350000E-01	 2.65289628E-05	 3.97567919E-05	-8.86786770E-05	 1.15582675E-05	 1.02309764E-04	 3.12595657E-04	-5.57136560E-05	 7.85209612E-06	 9.94240722E-06	 5.78563979E-06	-8.56430643E-06	-1.34687403E-06	-4.18005737E-05	-7.42792456E-04	 4.67326898E-04	-3.91544413E-04	-2.51499168E-05	-1.56949221E-06	-1.63047881E-06	 4.02007321E-06
 6.360000E-01	 2.73180299E-05	 3.73620939E-05	-9.42314981E-05	 3.53140985E-05	 8.45098212E-05	 3.04496516E-04	-4.61212355E-05	 9.84462076E-06	 1.01454312E-05	 6.17766111E-06	-8.89282176E-06	-3.95166992E-07	-5.88162957E-05	-7.35363662E-04	 4.87483603E-04	-3.91347541E-04	-9.21554142E-06	-8.87720121E-07	-8.72143731E-07	 4.98381596E-06
 6.370000E-01	 2.73856531E-05	 3.39680871E-05	-9.81113722E-05	 5.72076394E-05	 6.69719333E-05	 2.94074864E-04	-3.51274618E-05	 1.14367096E-05	 1.00057688E-05	 6.35924506E-06	-8.90411744E-06	-5.20436401E-08	-7.60536756E-05	-7.25791289E-04	 5.07127590E-04	-3.89297398E-04	 6.09498507E-06	 1.31180290E-07	-3.39010972E-07	 5.66073801E-06
 6.380000E-01	 2.68467122E-05	 2.97978576E-05	-1.00288462E-04	 7.75000430E-05	 4.94105487E-05	 2.81624065E-04	-2.28194243E-05	 1.28636079E-05	 9.56748917E-06	 6.36227465E-06	-8.57091905E-06	-4.79952166E-07	-9.31837889E-05	-7.14248176E-04	 5.25989277E-04	-3.85124084E-04	 2.04292240E-05	 1.53548638E-06	-8.90957361E-08	 5.99748702E-06
 6.390000E-01	 2.57278855E-05	 2.49965048E-05	-1.00978199E-04	 9.61535612E-05	 3.20269020E-05	 2.67360083E-04	-9.58224216E-06	 1.42812130E-05	 8.85735733E-06	 6.14407938E-06	-7.88418505E-06	-1.71013179E-06	-1.09954095E-04	-7.00997517E-04	 5.44171331E-04	-3.78718559E-04	 3.36207639E-05	 3.29906784E-06	-2.15709127E-07	 5.92373117E-06
 6.400000E-01	 2.41668232E-05	 1.98272446E-05	-1.00224402E-04	 1.13447684E-04	 1.45383942E-05	 2.51631314E-04	 4.44996860E-06	 1.59592082E-05	 7.93038414E-06	 5.75656201E-06	-6.90221138E-06	-3.74553246E-06	-1.26121051E-04	-6.86119489E-04	 5.61479612E-04	-3.69925964E-04	 4.55238098E-05	 5.36651857E-06	-6.81685413E-07	 5.44229077E-06
 6.410000E-01	 2.22595025E-05	 1.44982728E-05	-9.83230404E-05	 1.29439927E-04	-2.91942356E-06	 2.34717907E-04	 1.89027715E-05	 1.80076920E-05	 6.86223357E-06	 5.18090860E-06	-5.67082124E-06	-6.52920146E-06	-1.41540091E-04	-6.69776192E-04	 5.78004056E-04	-3.58765496E-04	 5.61463232E-05	 7.62128174E-06	-1.51633819E-06	 4.53967479E-06
 6.420000E-01	 2.01404428E-05	 9.27259516E-06	-9.53358387E-05	 1.44375864E-04	-2.05449395E-05	 2.16945106E-04	 3.37009816E-05	 2.06510717E-05	 5.75088291E-06	 4.47696764E-06	-4.28349134E-06	-9.94105972E-06	-1.56061569E-04	-6.51951114E-04	 5.93600246E-04	-3.45179098E-04	 6.54998847E-05	 9.95838521E-06	-2.63066003E-06	 3.28191214E-06
 6.430000E-01	 1.79264168E-05	 4.33270951E-06	-9.15653174E-05	 1.58308204E-04	-3.82149671E-05	 1.98556617E-04	 4.85359114E-05	 2.38995120E-05	 4.68098162E-06	 3.66878573E-06	-2.81991763E-06	-1.38761633E-05	-1.69634962E-04	-6.32743055E-04	 6.08339361E-04	-3.29301650E-04	 7.37106670E-05	 1.22144544E-05	-4.02791331E-06	 1.71168300E-06
 6.440000E-01	 1.57419033E-05	-9.68645406E-08	-8.70408359E-05	 1.71424962E-04	-5.60008687E-05	 1.79827119E-04	 6.34346482E-05	 2.79110037E-05	 3.77323198E-06	 2.82415017E-06	-1.37880255E-06	-1.81596664E-05	-1.82185495E-04	-6.12082813E-04	 6.22089640E-04	-3.11121423E-04	 8.08507592E-05	 1.42908521E-05	-5.61045192E-06	-6.20572728E-08
 6.450000E-01	 1.36885926E-05	-3.91384396E-06	-8.20238999E-05	 1.83722569E-04	-7.37809213E-05	 1.60915294E-04	 7.81635429E-05	 3.25739422E-05	 3.08041446E-06	 1.98965944E-06	-4.74127415E-08	-2.26897926E-05	-1.93719143E-04	-5.90059359E-04	 6.34897727E-04	-2.90844366E-04	 8.70948020E-05	 1.60166790E-05	-7.37680892E-06	-1.97094469E-06
 6.460000E-01	 1.18637177E-05	-6.95756238E-06	-7.64999315E-05	 1.95326566E-04	-9.14964508E-05	 1.42034400E-04	 9.28470350E-05	 3.79831293E-05	 2.71146527E-06	 1.22013637E-06	 1.09849515E-06	-2.72981462E-05	-2.04197303E-04	-5.66598847E-04	 6.46629268E-04	-2.68452325E-04	 9.25073979E-05	 1.73286717E-05	-9.23197956E-06	-3.89632227E-06
 6.470000E-01	 1.03234142E-05	-9.22721248E-06	-7.06787706E-05	 2.06160656E-04	-1.09046030E-04	 1.23241747E-04	 1.07303556E-04	 4.39139355E-05	 2.66223844E-06	 5.50501085E-07	 2.00003601E-06	-3.19259142E-05	-2.13640248E-04	-5.41823176E-04	 6.57310327E-04	-2.44187005E-04	 9.72576371E-05	 1.80708883E-05	-1.11829294E-05	-5.78145213E-06
 6.480000E-01	 9.12808974E-06	-1.06398498E-05	-6.45066137E-05	 2.16291746E-04	-1.26251473E-04	 1.04695867E-04	 1.21726985E-04	 5.04261429E-05	 3.00404459E-06	 1.49023807E-08	 2.63467196E-06	-3.64520256E-05	-2.22012582E-04	-5.15681841E-04	 6.66798266E-04	-2.17993434E-04	 1.01357274E-04	 1.82262192E-05	-1.31433207E-05	-7.52822999E-06
 6.490000E-01	 8.28171426E-06	-1.12887877E-05	-5.81434608E-05	 2.25583990E-04	-1.43058826E-04	 8.63726893E-05	 1.35955264E-04	 5.72205337E-05	 3.66757221E-06	-3.69703126E-07	 2.98120932E-06	-4.08740804E-05	-2.29339048E-04	-4.88339894E-04	 6.75097473E-04	-1.90142759E-04	 1.04935732E-04	 1.76605734E-05	-1.51422512E-05	-9.11763637E-06
 6.500000E-01	 7.80817368E-06	-1.11562880E-05	-5.15137376E-05	 2.34077082E-04	-1.59188232E-04	 6.84092811E-05	 1.50226134E-04	 6.43557442E-05	 4.67949339E-06	-5.84326395E-07	 3.05841453E-06	-4.51211611E-05	-2.35588515E-04	-4.59765879E-04	 6.82050360E-04	-1.60529054E-04	 1.07938215E-04	 1.64040189E-05	-1.70984368E-05	-1.04798476E-05
 6.510000E-01	 7.66163412E-06	-1.03950692E-05	-4.47452393E-05	 2.41611421E-04	-1.74663265E-04	 5.07348933E-05	 1.64374029E-04	 7.14951434E-05	 5.91361294E-06	-6.26490877E-07	 2.85275047E-06	-4.92290304E-05	-2.40806725E-04	-4.30157578E-04	 6.87637562E-04	-1.29459150E-04	 1.10445329E-04	 1.43454468E-05	-1.90683022E-05	-1.16303124E-05
 6.520000E-01	 7.83483937E-06	-9.02227469E-06	-3.77673644E-05	 2.48246684E-04	-1.89119015E-04	 3.35054397E-05	 1.78661958E-04	 7.87194161E-05	 7.36147087E-06	-4.97100974E-07	 2.39368109E-06	-5.31484440E-05	-2.44972532E-04	-3.99487971E-04	 6.91687808E-04	-9.67557501E-05	 1.12343954E-04	 1.15641960E-05	-2.09644549E-05	-1.25106314E-05
 6.530000E-01	 8.24848875E-06	-7.21434000E-06	-3.06890701E-05	 2.53825605E-04	-2.02672491E-04	 1.66213165E-05	 1.92906322E-04	 8.56784238E-05	 8.86270331E-06	-2.15956166E-07	 1.66266414E-06	-5.69274713E-05	-2.48147278E-04	-3.67984469E-04	 6.94172174E-04	-6.27699612E-05	 1.13677020E-04	 7.96372948E-06	-2.28682260E-05	-1.31564894E-05
 6.540000E-01	 8.88290678E-06	-5.00383815E-06	-2.34543405E-05	 2.58454855E-04	-2.14873410E-04	 2.77745360E-07	 2.07383521E-04	 9.24866094E-05	 1.03945900E-05	 1.86385820E-07	 7.00661102E-07	-6.05176242E-05	-2.50301130E-04	-3.35621334E-04	 6.94926091E-04	-2.72430583E-05	 1.14300415E-04	 3.66182717E-06	-2.46746147E-05	-1.35134087E-05
 6.550000E-01	 9.64573394E-06	-2.56714475E-06	-1.61561704E-05	 2.61982339E-04	-2.25933698E-04	-1.56673249E-05	 2.21892933E-04	 9.87877174E-05	 1.17951621E-05	 6.62758838E-07	-5.04835913E-07	-6.39700917E-05	-2.51493008E-04	-3.02656417E-04	 6.93937888E-04	 9.40187392E-06	 1.14253296E-04	-1.45119299E-06	-2.64814751E-05	-1.36377839E-05
 6.560000E-01	 1.05083515E-05	 5.43418925E-08	-8.75603204E-06	 2.64559590E-04	-2.35311001E-04	-3.09851300E-05	 2.36727395E-04	 1.04728097E-04	 1.30468127E-05	 1.16332348E-06	-1.89559027E-06	-6.72377868E-05	-2.51672848E-04	-2.69066924E-04	 6.91073787E-04	 4.74958661E-05	 1.13399824E-04	-7.23245826E-06	-2.81592684E-05	-1.34796104E-05
 6.570000E-01	 1.13724217E-05	 2.69728920E-06	-1.33417437E-06	 2.66023516E-04	-2.43313580E-04	-4.58811449E-05	 2.51674866E-04	 1.09954412E-04	 1.39995366E-05	 1.64164567E-06	-3.48242394E-06	-7.03769347E-05	-2.50900786E-04	-2.35143111E-04	 6.86345720E-04	 8.65114473E-05	 1.11785778E-04	-1.38128181E-05	-2.98261969E-05	-1.31076902E-05
 6.580000E-01	 1.21985170E-05	 5.31265811E-06	 6.12791286E-06	 2.66562880E-04	-2.49307270E-04	-6.00853472E-05	 2.67034468E-04	 1.14651363E-04	 1.46364096E-05	 2.05718132E-06	-5.20409550E-06	-7.33399252E-05	-2.49113375E-04	-2.00866944E-04	 6.79657974E-04	 1.26856671E-04	 1.09297215E-04	-2.10120764E-05	-3.13320087E-05	-1.24626865E-05
 6.590000E-01	 1.28945535E-05	 7.75807098E-06	 1.35589503E-05	 2.65992552E-04	-2.53701762E-04	-7.38743925E-05	 2.82574326E-04	 1.18483434E-04	 1.48159941E-05	 2.38909757E-06	-7.08649606E-06	-7.61769178E-05	-2.46384714E-04	-1.66556478E-04	 6.71036727E-04	 1.67886899E-04	 1.05971800E-04	-2.89716265E-05	-3.28220085E-05	-1.16081148E-05
 6.600000E-01	 1.34157989E-05	 9.97979972E-06	 2.09504857E-05	 2.64545484E-04	-2.55777487E-04	-8.69215857E-05	 2.98575226E-04	 1.21671331E-04	 1.45182291E-05	 2.59619452E-06	-9.07229975E-06	-7.88199907E-05	-2.42637656E-04	-1.32189093E-04	 6.60431812E-04	 2.10114142E-04	 1.01726642E-04	-3.74655428E-05	-3.41258360E-05	-1.04724067E-05
 6.610000E-01	 1.36888416E-05	 1.18666284E-05	 2.82330334E-05	 2.62012512E-04	-2.56048786E-04	-9.95954318E-05	 3.14783714E-04	 1.23893976E-04	 1.36261800E-05	 2.66479935E-06	-1.11931203E-05	-8.12973640E-05	-2.37955171E-04	-9.80945940E-05	 6.47882744E-04	 2.52769684E-04	 9.65902108E-05	-4.66544184E-05	-3.54126494E-05	-9.11871527E-06
 6.620000E-01	 1.36639096E-05	 1.33619517E-05	 3.53661530E-05	 2.58669703E-04	-2.53716955E-04	-1.11512688E-04	 3.31444863E-04	 1.25390629E-04	 1.21259757E-05	 2.52655693E-06	-1.33768258E-05	-8.35151217E-05	-2.32232239E-04	-6.42394466E-05	 6.33404920E-04	 2.96486341E-04	 9.05350457E-05	-5.62771832E-05	-3.64903986E-05	-7.48159086E-06
 6.630000E-01	 1.32959228E-05	 1.43930734E-05	 4.22863771E-05	 2.54271408E-04	-2.49400249E-04	-1.23157616E-04	 3.48290132E-04	 1.25857884E-04	 9.94198448E-06	 2.17692534E-06	-1.56372361E-05	-8.54925298E-05	-2.25547836E-04	-3.09662545E-05	 6.17055942E-04	 3.40343088E-04	 8.35825461E-05	-6.65257813E-05	-3.75478620E-05	-5.63362039E-06
 6.640000E-01	 1.25299463E-05	 1.48971692E-05	 4.89261590E-05	 2.49122635E-04	-2.42234620E-04	-1.34082011E-04	 3.65509150E-04	 1.25546635E-04	 7.06025347E-06	 1.54129614E-06	-1.78872518E-05	-8.71331600E-05	-2.17769402E-04	 1.75293123E-06	 5.98942379E-04	 3.85087185E-04	 7.57904283E-05	-7.71052403E-05	-3.83676715E-05	-3.51721308E-06
 6.650000E-01	 1.13559718E-05	 1.48456130E-05	 5.52327488E-05	 2.42934916E-04	-2.32946792E-04	-1.44894480E-04	 3.82827009E-04	 1.24185829E-04	 3.44620473E-06	 6.58432140E-07	-2.01346210E-05	-8.84627088E-05	-2.08983392E-04	 3.35610534E-05	 5.79137127E-04	 4.29617658E-04	 6.71689663E-05	-8.82244730E-05	-3.91475890E-05	-1.19548315E-06
 6.660000E-01	 9.71045125E-06	 1.41644452E-05	 6.11056976E-05	 2.36035830E-04	-2.20632099E-04	-1.55067231E-04	 4.00357155E-04	 1.22022683E-04	-9.26270383E-07	-5.31185607E-07	-2.23073093E-05	-8.93876061E-05	-1.99056561E-04	 6.44796682E-05	 5.57853197E-04	 4.74809341E-04	 5.78813112E-05	-9.95360010E-05	-3.96430520E-05	 1.39908880E-06
 6.670000E-01	 7.62206534E-06	 1.28725699E-05	 6.64993628E-05	 2.28101014E-04	-2.06124677E-04	-1.65343054E-04	 4.17835840E-04	 1.18821321E-04	-6.04493457E-06	-1.94973922E-06	-2.44198746E-05	-8.99193630E-05	-1.88101144E-04	 9.41734038E-05	 5.35158355E-04	 5.19391581E-04	 4.79019785E-05	-1.11238120E-04	-4.00538538E-05	 4.22780050E-06
 6.680000E-01	 5.02341339E-06	 1.08815720E-05	 7.12737359E-05	 2.19480578E-04	-1.88499031E-04	-1.75102775E-04	 4.35276033E-04	 1.14798630E-04	-1.19453298E-05	-3.66458373E-06	-2.64095674E-05	-8.99528061E-05	-1.75994445E-04	 1.22677204E-04	 5.11375636E-04	 5.64399969E-04	 3.74985090E-05	-1.22930562E-04	-4.01233007E-05	 7.35137458E-06
 6.690000E-01	 1.99355042E-06	 8.26730948E-06	 7.53998298E-05	 2.09826695E-04	-1.68682430E-04	-1.85229553E-04	 4.52444981E-04	 1.09763046E-04	-1.85533388E-05	-5.58472940E-06	-2.82694558E-05	-8.94754794E-05	-1.62862147E-04	 1.49711599E-04	 4.86547383E-04	 6.08401015E-04	 2.65788511E-05	-1.34796564E-04	-4.00470345E-05	 1.07340384E-05
 6.700000E-01	-1.52877562E-06	 4.93690469E-06	 7.86979132E-05	 1.99518119E-04	-1.45753370E-04	-1.94992874E-04	 4.69226901E-04	 1.03882393E-04	-2.59053752E-05	-7.79238811E-06	-2.99213269E-05	-8.83830266E-05	-1.48590693E-04	 1.75325282E-04	 4.61121361E-04	 6.52595981E-04	 1.55304850E-05	-1.46414793E-04	-3.95678134E-05	 1.43927752E-05
 6.710000E-01	-5.41523132E-06	 1.04277620E-06	 8.11717602E-05	 1.88195883E-04	-1.20717356E-04	-2.05414980E-04	 4.85455109E-04	 9.70342738E-05	-3.38548496E-05	-1.01611068E-05	-3.13292140E-05	-8.66659755E-05	-1.33310976E-04	 1.99302741E-04	 4.35112739E-04	 6.95373914E-04	 4.19592546E-06	-1.57943817E-04	-3.88459018E-05	 1.82949999E-05
 6.720000E-01	-9.72073474E-06	-3.51361100E-06	 8.26058041E-05	 1.76254398E-04	-9.26833949E-05	-2.15633858E-04	 5.00868045E-04	 8.93223438E-05	-4.24381884E-05	-1.27401320E-05	-3.24193764E-05	-8.42444396E-05	-1.16950015E-04	 2.21690171E-04	 4.09112037E-04	 7.38102277E-04	-6.89021510E-06	-1.68944274E-04	-3.76258424E-05	 2.24293871E-05
 6.730000E-01	-1.42754029E-05	-8.50348609E-06	 8.30593267E-05	 1.63320110E-04	-6.27062347E-05	-2.26809751E-04	 5.15413138E-04	 8.07184415E-05	-5.14370972E-05	-1.53383823E-05	-3.31540199E-05	-8.11216972E-05	-9.96561815E-05	 2.42353478E-04	 3.83096343E-04	 7.79007967E-04	-1.79621745E-05	-1.79498543E-04	-3.59976624E-05	 2.68019900E-05
 6.740000E-01	-1.91192562E-05	-1.40544541E-05	 8.22944355E-05	 1.49774340E-04	-2.99356282E-05	-2.37935372E-04	 5.28668007E-04	 7.12343260E-05	-6.08831118E-05	-1.79516025E-05	-3.34864872E-05	-7.72347236E-05	-8.14386781E-05	 2.61337137E-04	 3.57793735E-04	 8.19650524E-04	-2.83438311E-05	-1.89141140E-04	-3.37277694E-05	 3.13929674E-05
 6.750000E-01	-2.40409466E-05	-1.98637364E-05	 8.04484766E-05	 1.35239539E-04	 4.56491572E-06	-2.50306741E-04	 5.40736347E-04	 6.09489766E-05	-7.04871655E-05	-2.03674365E-05	-3.33765646E-05	-7.25763013E-05	-6.24556864E-05	 2.78633666E-04	 3.33110961E-04	 8.58130461E-04	-3.83878311E-05	-1.97849426E-04	-3.08200635E-05	 3.62286570E-05
 6.760000E-01	-2.90511084E-05	-2.60808327E-05	 7.72717989E-05	 1.20088300E-04	 4.15986301E-05	-2.62750246E-04	 5.51017169E-04	 4.97550729E-05	-8.02500479E-05	-2.25476905E-05	-3.27772136E-05	-6.70874855E-05	-4.28114148E-05	 2.94301397E-04	 3.09893600E-04	 8.96213959E-04	-4.72904207E-05	-2.05182884E-04	-2.70990119E-05	 4.12385117E-05
 6.770000E-01	-3.39006648E-05	-3.23021717E-05	 7.29991021E-05	 1.03976446E-04	 8.01343399E-05	-2.76683788E-04	 5.59818290E-04	 3.78670095E-05	-8.98125900E-05	-2.42910126E-05	-3.16216833E-05	-6.07524938E-05	-2.26415468E-05	 3.08487289E-04	 2.87957748E-04	 9.31885598E-04	-5.55417465E-05	-2.11021806E-04	-2.24647061E-05	 4.64157416E-05
 6.780000E-01	-3.85587539E-05	-3.86682020E-05	 6.73923151E-05	 8.72790853E-05	 1.20935955E-04	-2.90736725E-04	 5.66361909E-04	 2.50609454E-05	-9.91070329E-05	-2.54844744E-05	-2.98345280E-05	-5.35399666E-05	-2.14997172E-06	 3.21249003E-04	 2.68256733E-04	 9.67115336E-04	-6.22034646E-05	-2.15003620E-04	-1.68255738E-05	 5.16246992E-05
 6.790000E-01	-4.27527410E-05	-4.46632706E-05	 6.08102699E-05	 6.97005766E-05	 1.63057320E-04	-3.06442176E-04	 5.71235304E-04	 1.17184910E-05	-1.07710099E-04	-2.59158100E-05	-2.73442270E-05	-4.54569433E-05	 1.85653571E-05	 3.32867477E-04	 2.50524636E-04	 9.99769795E-04	-6.78874232E-05	-2.16884190E-04	-9.94246105E-06	 5.68323857E-05
 6.800000E-01	-4.64151891E-05	-5.04156307E-05	 5.30583479E-05	 5.15949195E-05	 2.07253761E-04	-3.22226790E-04	 5.73514883E-04	-2.50973958E-06	-1.15442890E-04	-2.53592947E-05	-2.40731825E-05	-3.65146572E-05	 3.91744957E-05	 3.43369756E-04	 2.35812892E-04	 1.03203300E-03	-7.15129192E-05	-2.16391584E-04	-1.82017688E-06	 6.18838362E-05
 6.810000E-01	-4.92918561E-05	-5.53263439E-05	 4.46228610E-05	 3.27075479E-05	 2.52707682E-04	-3.39763002E-04	 5.74144252E-04	-1.70888962E-05	-1.21836391E-04	-2.36348405E-05	-2.00089889E-05	-2.67466577E-05	 5.96058013E-05	 3.53139946E-04	 2.23779349E-04	 1.06164524E-03	-7.38016226E-05	-2.13129116E-04	 7.93457438E-06	 6.67266798E-05
 6.820000E-01	-5.13074129E-05	-5.95235650E-05	 3.53693472E-05	 1.33383753E-05	 3.00198917E-04	-3.57295892E-04	 5.72072644E-04	-3.25201950E-05	-1.26574095E-04	-2.04600043E-05	-1.50896509E-05	-1.61946953E-05	 7.94042563E-05	 3.62151302E-04	 2.15547101E-04	 1.09100524E-03	-7.35522074E-05	-2.06967188E-04	 1.91849838E-05	 7.11793958E-05
 6.830000E-01	-5.22684480E-05	-6.23695646E-05	 2.58906661E-05	-6.71672253E-06	 3.49045716E-04	-3.76658819E-04	 5.68624878E-04	-4.81337100E-05	-1.29194442E-04	-1.57811750E-05	-9.36678443E-06	-4.92333071E-06	 9.85483643E-05	 3.70841214E-04	 2.10693375E-04	 1.11767768E-03	-7.16197427E-05	-1.97388837E-04	 3.24175947E-05	 7.51048820E-05
 6.840000E-01	-5.21073852E-05	-6.39910872E-05	 1.61334714E-05	-2.72304604E-05	 4.00081437E-04	-3.95928150E-04	 5.62619151E-04	-6.45646753E-05	-1.29242585E-04	-9.31799960E-06	-2.76430965E-06	 6.97395360E-06	 1.16537862E-04	 3.79067187E-04	 2.10408598E-04	 1.14425171E-03	-6.67279679E-05	-1.84475860E-04	 4.72992552E-05	 7.82707970E-05
 6.850000E-01	-5.07064014E-05	-6.37889019E-05	 6.77229444E-06	-4.83403859E-05	 4.52724627E-04	-4.17102434E-04	 5.55750731E-04	-8.10057103E-05	-1.26341641E-04	-1.19079889E-06	 4.61795805E-06	 1.93755671E-05	 1.33429545E-04	 3.87240803E-04	 2.14201493E-04	 1.16806658E-03	-5.99131587E-05	-1.67585889E-04	 6.42847895E-05	 8.04516854E-05
 6.860000E-01	-4.80244260E-05	-6.18898903E-05	-2.15559061E-06	-6.99151148E-05	 5.07879642E-04	-4.38097387E-04	 5.46706727E-04	-9.81667453E-05	-1.19918516E-04	 8.84934527E-06	 1.28074309E-05	 3.21111988E-05	 1.48755716E-04	 3.95009499E-04	 2.23376603E-04	 1.19190690E-03	-4.98652370E-05	-1.46977226E-04	 8.27963885E-05	 8.14778595E-05
 6.870000E-01	-4.40597746E-05	-5.78844716E-05	-9.95974754E-06	-9.20376647E-05	 5.64961068E-04	-4.61070862E-04	 5.37478567E-04	-1.15099984E-04	-1.09805601E-04	 2.04732766E-05	 2.15792164E-05	 4.49938338E-05	 1.62605933E-04	 4.02659624E-04	 2.37398850E-04	 1.21286037E-03	-3.78577529E-05	-1.21791198E-04	 1.03114248E-04	 8.11648515E-05
 6.880000E-01	-3.88736907E-05	-5.19094143E-05	-1.65835024E-05	-1.14687291E-04	 6.24886158E-04	-4.83753753E-04	 5.26521038E-04	-1.32482305E-04	-9.54258605E-05	 3.38180240E-05	 3.07590815E-05	 5.77741949E-05	 1.74624110E-04	 4.09509093E-04	 2.57769065E-04	 1.23390120E-03	-2.25796215E-05	-9.23889097E-05	 1.24404816E-04	 7.95727156E-05
 6.890000E-01	-3.26347665E-05	-4.39326141E-05	-2.14410445E-05	-1.37886469E-04	 6.86866699E-04	-5.08394519E-04	 5.15896008E-04	-1.49182677E-04	-7.70281888E-05	 4.83138351E-05	 4.00033740E-05	 7.01783110E-05	 1.84921075E-04	 4.15610103E-04	 2.83926385E-04	 1.25179659E-03	-5.59549464E-06	-5.76735233E-05	 1.46633222E-04	 7.66384905E-05
 6.900000E-01	-2.55548374E-05	-3.40785897E-05	-2.45952316E-05	-1.61657594E-04	 7.51660663E-04	-5.32413004E-04	 5.03560437E-04	-1.65644621E-04	-5.42523133E-05	 6.38993358E-05	 4.89321279E-05	 8.18917442E-05	 1.93413712E-04	 4.19909149E-04	 3.17624723E-04	 1.26968757E-03	 1.43845176E-05	-1.81240904E-05	 1.68744733E-04	 7.26788879E-05
 6.910000E-01	-1.78879822E-05	-2.27953106E-05	-2.56466409E-05	-1.85844398E-04	 8.18085851E-04	-5.57963185E-04	 4.91402403E-04	-1.80439257E-04	-2.79085453E-05	 7.98877152E-05	 5.73172970E-05	 9.25585190E-05	 2.00286530E-04	 4.22262232E-04	 3.58253028E-04	 1.28396668E-03	 3.55344233E-05	 2.74862601E-05	 1.90324225E-04	 6.77321850E-05
 6.920000E-01	-9.92489136E-06	-1.01259854E-05	-2.48972838E-05	-2.10366558E-04	 8.86537189E-04	-5.81955511E-04	 4.76602785E-04	-1.93540265E-04	 1.94658872E-06	 9.60195457E-05	 6.46645733E-05	 1.01906946E-04	 2.05792082E-04	 4.21468297E-04	 4.07715464E-04	 1.29803152E-03	 5.91543280E-05	 7.85070773E-05	 2.10248404E-04	 6.22939113E-05
 6.930000E-01	-1.82312654E-06	 3.12070427E-06	-2.21621543E-05	-2.34636883E-04	 9.55406286E-04	-6.06211849E-04	 4.60866935E-04	-2.03139023E-04	 3.40745068E-05	 1.11794557E-04	 7.10143628E-05	 1.09628193E-04	 2.10119584E-04	 4.17410730E-04	 4.65292162E-04	 1.30788012E-03	 8.34582205E-05	 1.36103326E-04	 2.27890855E-04	 5.65767757E-05
 6.940000E-01	 6.03890921E-06	 1.69971303E-05	-1.80842094E-05	-2.58444431E-04	 1.02456005E-03	-6.27093003E-04	 4.40437762E-04	-2.08701416E-04	 6.78703672E-05	 1.26713498E-04	 7.57089685E-05	 1.15605737E-04	 2.13650646E-04	 4.09087444E-04	 5.32713730E-04	 1.31726597E-03	 1.09899601E-04	 1.99326230E-04	 2.42392285E-04	 5.10670110E-05
 6.950000E-01	 1.36570499E-05	 3.06759927E-05	-1.27572426E-05	-2.80491417E-04	 1.09210150E-03	-6.45965466E-04	 4.17133860E-04	-2.08194383E-04	 1.02133254E-04	 1.40691149E-04	 7.89728990E-05	 1.19776781E-04	 2.16439739E-04	 3.96606245E-04	 6.09183288E-04	 1.32162469E-03	 1.37393122E-04	 2.68894411E-04	 2.53353895E-04	 4.62660839E-05
 6.960000E-01	 2.05658973E-05	 4.40349561E-05	-7.00899127E-06	-3.00795024E-04	 1.15743441E-03	-6.58992875E-04	 3.86372564E-04	-2.00890062E-04	 1.35646866E-04	 1.52907722E-04	 8.01064151E-05	 1.22046950E-04	 2.18777642E-04	 3.79388422E-04	 6.95790318E-04	 1.32504192E-03	 1.67631562E-04	 3.43283458E-04	 2.60474792E-04	 4.21243843E-05
 6.970000E-01	 2.69745897E-05	 5.66523357E-05	-1.24048692E-06	-3.17131729E-04	 1.21861226E-03	-6.67088547E-04	 3.50568913E-04	-1.84902209E-04	 1.67938142E-04	 1.63692824E-04	 7.93924462E-05	 1.22822266E-04	 2.20561780E-04	 3.57903580E-04	 7.91806263E-04	 1.32219938E-03	 2.00877621E-04	 4.22282886E-04	 2.64024292E-04	 3.93640077E-05
 6.980000E-01	 3.32763744E-05	 6.77316635E-05	 4.65522339E-06	-3.30340369E-04	 1.27551555E-03	-6.66750897E-04	 3.05253408E-04	-1.59582901E-04	 1.97438920E-04	 1.72606147E-04	 7.69591454E-05	 1.21652657E-04	 2.22224036E-04	 3.32138844E-04	 8.97406386E-04	 1.31764839E-03	 2.38900813E-04	 5.03869896E-04	 2.64158492E-04	 3.70630156E-05
 6.990000E-01	 3.92724562E-05	 7.80063003E-05	 9.18278913E-06	-3.36725330E-04	 1.32553498E-03	-6.58128614E-04	 2.53299506E-04	-1.23357546E-04	 2.24659959E-04	 1.80071689E-04	 7.25317269E-05	 1.19248348E-04	 2.23453440E-04	 3.02424396E-04	 1.01211220E-03	 1.30469073E-03	 2.83712289E-04	 5.85904753E-04	 2.62353709E-04	 3.50878916E-05
 7.000000E-01	 4.41708455E-05	 8.77400253E-05	 1.10334824E-05	-3.36129793E-04	 1.36689482E-03	-6.39071166E-04	 1.95459549E-04	-7.86605685E-05	 2.50838910E-04	 1.85936693E-04	 6.69276183E-05	 1.15935027E-04	 2.23381838E-04	 2.71398080E-04	 1.13319455E-03	 1.28956670E-03	 3.38140931E-04	 6.66610861E-04	 2.59332442E-04	 3.31068226E-05
 7.010000E-01	 4.83449050E-05	 9.61312529E-05	 1.11996850E-05	-3.28405049E-04	 1.40115983E-03	-6.11615796E-04	 1.31837626E-04	-2.36954618E-05	 2.74889248E-04	 1.89556732E-04	 6.08717219E-05	 1.12652170E-04	 2.21881155E-04	 2.40306706E-04	 1.25998831E-03	 1.26750028E-03	 4.01154464E-04	 7.45850372E-04	 2.55215595E-04	 3.12518993E-05
 7.020000E-01	 5.22965390E-05	 1.02944404E-04	 9.62360078E-06	-3.13802414E-04	 1.42676483E-03	-5.72901690E-04	 6.29779795E-05	 3.96126823E-05	 2.97807822E-04	 1.91742848E-04	 5.47463191E-05	 1.09080980E-04	 2.18645227E-04	 2.10210077E-04	 1.39078576E-03	 1.24294621E-03	 4.76364624E-04	 8.20867824E-04	 2.50618755E-04	 2.87530650E-05
 7.030000E-01	 5.53515868E-05	 1.08159022E-04	 6.58059339E-06	-2.92243128E-04	 1.44574370E-03	-5.25947699E-04	-9.99472156E-06	 1.11967749E-04	 3.19246787E-04	 1.91524588E-04	 4.92591511E-05	 1.06026130E-04	 2.13382826E-04	 1.82875258E-04	 1.52409795E-03	 1.21224284E-03	 5.61736998E-04	 8.92265785E-04	 2.45638825E-04	 2.56891573E-05
 7.040000E-01	 5.79377334E-05	 1.11240148E-04	 2.56876433E-06	-2.64917627E-04	 1.45668111E-03	-4.67930781E-04	-8.69006459E-05	 1.91261844E-04	 3.39949863E-04	 1.89538365E-04	 4.43012126E-05	 1.03263404E-04	 2.05887029E-04	 1.58491228E-04	 1.65899881E-03	 1.17875949E-03	 6.60954963E-04	 9.57409529E-04	 2.40138384E-04	 2.17342425E-05
 7.050000E-01	 5.96493050E-05	 1.12445791E-04	-2.09073081E-06	-2.31613799E-04	 1.46202831E-03	-4.02189165E-04	-1.65820868E-04	 2.77982769E-04	 3.59938336E-04	 1.85379444E-04	 4.05052029E-05	 1.01066915E-04	 1.96385362E-04	 1.38602188E-04	 1.79380048E-03	 1.13977616E-03	 7.70811411E-04	 1.01784091E-03	 2.34009528E-04	 1.70426051E-05
 7.060000E-01	 6.06614736E-05	 1.11441330E-04	-6.71841087E-06	-1.94058101E-04	 1.46056826E-03	-3.25822650E-04	-2.46925202E-04	 3.70043266E-04	 3.79703083E-04	 1.79558387E-04	 3.76614841E-05	 9.93073638E-05	 1.84819808E-04	 1.22766233E-04	 1.92825955E-03	 1.09774043E-03	 8.94935125E-04	 1.07117700E-03	 2.26442124E-04	 1.16696213E-05
 7.070000E-01	 6.09174175E-05	 1.08471570E-04	-1.10205234E-05	-1.51803097E-04	 1.45456378E-03	-2.42089349E-04	-3.28195610E-04	 4.68123454E-04	 3.99149007E-04	 1.72143684E-04	 3.59893250E-05	 9.78236833E-05	 1.71952709E-04	 1.12047476E-04	 2.06072641E-03	 1.05073315E-03	 1.02902763E-03	 1.11976837E-03	 2.17234216E-04	 5.76269392E-06
 7.080000E-01	 6.04164937E-05	 1.03667263E-04	-1.44459770E-05	-1.06641890E-04	 1.44296393E-03	-1.47855789E-04	-4.10093610E-04	 5.70276237E-04	 4.18616649E-04	 1.63586737E-04	 3.53015766E-05	 9.65191966E-05	 1.57754462E-04	 1.05643277E-04	 2.19129170E-03	 1.00041472E-03	 1.17674568E-03	 1.16137008E-03	 2.05194954E-04	-3.88088273E-07
 7.090000E-01	 5.92161103E-05	 9.71755073E-05	-1.69081681E-05	-5.78879591E-05	 1.42745586E-03	-4.61490705E-05	-4.90928612E-04	 6.77464396E-04	 4.37692008E-04	 1.54110527E-04	 3.53795025E-05	 9.50751475E-05	 1.43335824E-04	 1.04239502E-04	 2.31844513E-03	 9.45625502E-04	 1.33307204E-03	 1.19888741E-03	 1.90400289E-04	-6.66871038E-06
 7.100000E-01	 5.72373191E-05	 8.95095540E-05	-1.81334057E-05	-7.19512299E-06	 1.40712012E-03	 6.63729470E-05	-5.71401112E-04	 7.87798302E-04	 4.56670331E-04	 1.44065842E-04	 3.61123172E-05	 9.33997260E-05	 1.28601950E-04	 1.06927243E-04	 2.44232086E-03	 8.87316754E-04	 1.50192147E-03	 1.22996120E-03	 1.71617189E-04	-1.27392984E-05
 7.110000E-01	 5.44854836E-05	 8.06608088E-05	-1.82610880E-05	 4.62261311E-05	 1.38297907E-03	 1.86876626E-04	-6.50301682E-04	 9.02445035E-04	 4.74830718E-04	 1.33517367E-04	 3.70704715E-05	 9.12574071E-05	 1.14814980E-04	 1.14231902E-04	 2.56159387E-03	 8.25110946E-04	 1.67785454E-03	 1.25780132E-03	 1.49478828E-04	-1.85815155E-05
 7.120000E-01	 5.08952454E-05	 7.12368540E-05	-1.72816746E-05	 1.00852407E-04	 1.35424358E-03	 3.18771013E-04	-7.28527106E-04	 1.01940526E-03	 4.92477878E-04	 1.22662187E-04	 3.82095249E-05	 8.86186857E-05	 1.01733213E-04	 1.25358424E-04	 2.67624352E-03	 7.59337933E-04	 1.86521348E-03	 1.27977627E-03	 1.22898862E-04	-2.39180383E-05
 7.130000E-01	 4.64428775E-05	 6.10267275E-05	-1.54189007E-05	 1.57413462E-04	 1.32137069E-03	 4.59371091E-04	-8.05362654E-04	 1.14003004E-03	 5.08656534E-04	 1.11337258E-04	 3.90857673E-05	 8.55132334E-05	 9.05365593E-05	 1.40873224E-04	 2.78510996E-03	 6.90494884E-04	 2.05821716E-03	 1.29935648E-03	 9.31160102E-05	-2.87386473E-05
 7.140000E-01	 4.11813693E-05	 5.04910181E-05	-1.28071833E-05	 2.14470844E-04	 1.28376392E-03	 6.12040889E-04	-8.81818593E-04	 1.26212970E-03	 5.23692376E-04	 9.97233753E-05	 3.97271584E-05	 8.20468399E-05	 8.08398781E-05	 1.60242420E-04	 2.88793785E-03	 6.18420812E-04	 2.26173596E-03	 1.31368614E-03	 5.92425984E-05	-3.27419236E-05
 7.150000E-01	 3.50839169E-05	 3.92971839E-05	-9.61818436E-06	 2.72595905E-04	 1.24147513E-03	 7.74234844E-04	-9.57631762E-04	 1.38728008E-03	 5.36476324E-04	 8.75273639E-05	 3.98569547E-05	 7.84695808E-05	 7.37189518E-05	 1.84059761E-04	 2.98383323E-03	 5.44494420E-04	 2.46959363E-03	 1.32647794E-03	 2.30087618E-05	-3.58676599E-05
 7.160000E-01	 2.83371622E-05	 2.76732149E-05	-6.01715780E-06	 3.30400870E-04	 1.19419605E-03	 9.49146249E-04	-1.03377052E-03	 1.51295459E-03	 5.47413078E-04	 7.49608333E-05	 3.96358696E-05	 7.49373927E-05	 6.88221895E-05	 2.11992055E-04	 3.07235349E-03	 4.68083462E-04	 2.68715818E-03	 1.33462617E-03	-1.63501252E-05	-3.79290568E-05
 7.170000E-01	 2.10527530E-05	 1.53445576E-05	-2.00323703E-06	 3.88371292E-04	 1.14171608E-03	 1.13449468E-03	-1.11038969E-03	 1.64106887E-03	 5.55325797E-04	 6.17622842E-05	 3.89975733E-05	 7.18140889E-05	 6.71027359E-05	 2.44587030E-04	 3.15292174E-03	 3.91434320E-04	 2.90760355E-03	 1.34205305E-03	-5.68660958E-05	-3.89398768E-05
 7.180000E-01	 1.35236749E-05	 2.46623655E-06	 2.23498892E-06	 4.45337797E-04	 1.08409252E-03	 1.33331202E-03	-1.18819833E-03	 1.76875842E-03	 5.60786267E-04	 4.83721686E-05	 3.81254317E-05	 6.92383117E-05	 6.81919692E-05	 2.81689301E-04	 3.22476290E-03	 3.13567925E-04	 3.13663352E-03	 1.34558501E-03	-9.93445515E-05	-3.87578608E-05
 7.190000E-01	 5.84591560E-06	-1.09492274E-05	 6.75560015E-06	 5.01771816E-04	 1.02093369E-03	 1.54361379E-03	-1.26772274E-03	 1.89839240E-03	 5.62648256E-04	 3.47331008E-05	 3.70093320E-05	 6.75655197E-05	 7.27480449E-05	 3.23706365E-04	 3.28758546E-03	 2.37591045E-04	 3.36667670E-03	 1.34948478E-03	-1.41677503E-04	-3.72059075E-05
 7.200000E-01	-2.02363124E-06	-2.47143676E-05	 1.11640151E-05	 5.56602572E-04	 9.52709131E-04	 1.76794536E-03	-1.34913310E-03	 2.02652191E-03	 5.61775535E-04	 2.14332017E-05	 3.57687784E-05	 6.67634876E-05	 8.03729334E-05	 3.70474490E-04	 3.34025684E-03	 1.62169338E-04	 3.60389748E-03	 1.35066394E-03	-1.84650128E-04	-3.39232967E-05
 7.210000E-01	-1.02816731E-05	-3.86930884E-05	 1.55189345E-05	 6.09898187E-04	 8.78937100E-04	 2.00424060E-03	-1.43330994E-03	 2.15567169E-03	 5.57166373E-04	 8.24758512E-06	 3.44817270E-05	 6.70627124E-05	 9.15010884E-05	 4.22056740E-04	 3.38301264E-03	 9.10444375E-05	 3.84017534E-03	 1.35354999E-03	-2.25839906E-04	-2.85857130E-05
 7.220000E-01	-1.91397162E-05	-5.29258161E-05	 1.94602151E-05	 6.60388885E-04	 8.00550629E-04	 2.25428742E-03	-1.51976306E-03	 2.28149585E-03	 5.49967410E-04	-4.40816765E-06	 3.33460985E-05	 6.83522136E-05	 1.05868157E-04	 4.78208045E-04	 3.41454552E-03	 2.24541798E-05	 4.08222888E-03	 1.35498187E-03	-2.65960681E-04	-2.10095433E-05
 7.230000E-01	-2.84613475E-05	-6.73673246E-05	 2.34246966E-05	 7.07753488E-04	 7.17061863E-04	 2.51613839E-03	-1.60991185E-03	 2.40683086E-03	 5.39253985E-04	-1.69287093E-05	 3.26258200E-05	 7.09467974E-05	 1.23736565E-04	 5.38804641E-04	 3.43578282E-03	-3.92431448E-05	 4.32127199E-03	 1.35936610E-03	-3.02344607E-04	-1.11668614E-05
 7.240000E-01	-3.79482623E-05	-8.21214191E-05	 2.73655874E-05	 7.50973458E-04	 6.29795419E-04	 2.79132667E-03	-1.70263415E-03	 2.52686846E-03	 5.26252436E-04	-2.85927289E-05	 3.25547665E-05	 7.49183209E-05	 1.44896960E-04	 6.03727148E-04	 3.44515746E-03	-9.59988134E-05	 4.56431012E-03	 1.36362261E-03	-3.35923595E-04	 7.55981734E-07
 7.250000E-01	-4.70414493E-05	-9.68040069E-05	 3.19573015E-05	 7.89908459E-04	 5.38264960E-04	 3.07849393E-03	-1.79993696E-03	 2.64532014E-03	 5.10117280E-04	-3.93525939E-05	 3.33874976E-05	 8.06417561E-05	 1.69276820E-04	 6.72783336E-04	 3.44413837E-03	-1.42673075E-04	 4.80168153E-03	 1.37238147E-03	-3.63985926E-04	 1.48383749E-05
 7.260000E-01	-5.54958988E-05	-1.11109184E-04	 3.70257166E-05	 8.24020248E-04	 4.44098895E-04	 3.37886166E-03	-1.89977490E-03	 2.75697586E-03	 4.92212893E-04	-4.79167585E-05	 3.52216282E-05	 8.81724094E-05	 1.96627369E-04	 7.45789906E-04	 3.43077931E-03	-1.81318548E-04	 5.04072310E-03	 1.38293729E-03	-3.87734141E-04	 3.10396358E-05
 7.270000E-01	-6.32355489E-05	-1.24202734E-04	 4.30339633E-05	 8.53092039E-04	 3.46963590E-04	 3.69111291E-03	-2.00447834E-03	 2.86608155E-03	 4.72083430E-04	-5.41007233E-05	 3.82510575E-05	 9.75989263E-05	 2.26605451E-04	 8.22214874E-04	 3.40716639E-03	-2.06207623E-04	 5.27115828E-03	 1.40014319E-03	-4.04198025E-04	 4.99147447E-05
 7.280000E-01	-7.05392952E-05	-1.35693307E-04	 4.96092787E-05	 8.76427766E-04	 2.48834857E-04	 4.01541710E-03	-2.11078230E-03	 2.96633611E-03	 4.51348052E-04	-5.67761876E-05	 4.25895916E-05	 1.08858642E-04	 2.59080555E-04	 9.01539401E-04	 3.37122132E-03	-2.19737711E-04	 5.50100073E-03	 1.42146989E-03	-4.14591030E-04	 7.14058552E-05
 7.290000E-01	-7.74954531E-05	-1.44899841E-04	 5.74026961E-05	 8.93318682E-04	 1.49707183E-04	 4.35018844E-03	-2.22142240E-03	 3.06223174E-03	 4.29961312E-04	-5.61974628E-05	 4.85587816E-05	 1.21905316E-04	 2.93618497E-04	 9.82965064E-04	 3.32593017E-03	-2.15857095E-04	 5.71952653E-03	 1.45161600E-03	-4.15524311E-04	 9.59936917E-05
 7.300000E-01	-8.38886275E-05	-1.51748112E-04	 6.64524568E-05	 9.03007780E-04	 5.18016247E-05	 4.69490561E-03	-2.33206534E-03	 3.14659655E-03	 4.09484135E-04	-5.13660614E-05	 5.64128409E-05	 1.36937898E-04	 3.30231338E-04	 1.06587341E-03	 3.26921489E-03	-1.97302171E-04	 5.93531923E-03	 1.48804316E-03	-4.08367970E-04	 1.22919476E-04
 7.310000E-01	-8.90840497E-05	-1.55646855E-04	 7.79101992E-05	 9.05045161E-04	-4.46302120E-05	 5.04855394E-03	-2.44616201E-03	 3.22502220E-03	 3.90013947E-04	-4.22617854E-05	 6.64932024E-05	 1.54048515E-04	 3.68329867E-04	 1.14957906E-03	 3.20485382E-03	-1.57548164E-04	 6.13692530E-03	 1.53538592E-03	-3.89620719E-04	 1.52452785E-04
 7.320000E-01	-9.23286521E-05	-1.56263749E-04	 9.19299995E-05	 8.99429909E-04	-1.37383977E-04	 5.41061960E-03	-2.55822354E-03	 3.29018797E-03	 3.72920058E-04	-2.71051073E-05	 7.89412067E-05	 1.73624636E-04	 4.07927920E-04	 1.23340517E-03	 3.13053020E-03	-9.94259461E-05	 6.33327817E-03	 1.59147794E-03	-3.61134192E-04	 1.83604131E-04
 7.330000E-01	-9.32309033E-05	-1.52581667E-04	 1.09373620E-04	 8.86348665E-04	-2.26011013E-04	 5.78059008E-03	-2.67222193E-03	 3.34897931E-03	 3.58646823E-04	-5.29670997E-06	 9.38941190E-05	 1.95535396E-04	 4.48311524E-04	 1.31661708E-03	 3.05064900E-03	-1.59390487E-05	 6.51231496E-03	 1.66122461E-03	-3.19286069E-04	 2.17294425E-04
 7.340000E-01	-9.17082217E-05	-1.43881520E-04	 1.29851380E-04	 8.66241565E-04	-3.08395646E-04	 6.15734393E-03	-2.78105949E-03	 3.39340232E-03	 3.48693163E-04	 2.52987316E-05	 1.11309915E-04	 2.19923734E-04	 4.89607635E-04	 1.39808063E-03	 2.96271397E-03	 8.97455983E-05	 6.68368298E-03	 1.74283650E-03	-2.66190327E-04	 2.52781197E-04
 7.350000E-01	-8.81561749E-05	-1.29343885E-04	 1.53809435E-04	 8.39231856E-04	-3.83799410E-04	 6.54000553E-03	-2.88918459E-03	 3.43092441E-03	 3.43988262E-04	 6.48156610E-05	 1.31265018E-04	 2.46357613E-04	 5.31205024E-04	 1.47690662E-03	 2.87195555E-03	 2.24654619E-04	 6.83520045E-03	 1.84114140E-03	-1.97698157E-04	 2.91431114E-04
 7.360000E-01	-8.24746017E-05	-1.08698498E-04	 1.80995760E-04	 8.05812059E-04	-4.50244599E-04	 6.92685396E-03	-2.98807016E-03	 3.45272576E-03	 3.45954825E-04	 1.15187053E-04	 1.53633569E-04	 2.74953291E-04	 5.73423648E-04	 1.55164220E-03	 2.77590555E-03	 3.84928276E-04	 6.97744129E-03	 1.95411467E-03	-1.16066706E-04	 3.31802944E-04
 7.370000E-01	-7.43396469E-05	-8.20144585E-05	 2.12257911E-04	 7.66342552E-04	-5.06786301E-04	 7.31731121E-03	-3.08325978E-03	 3.46756273E-03	 3.55428885E-04	 1.76276908E-04	 1.78425645E-04	 3.05424948E-04	 6.15765602E-04	 1.62169740E-03	 2.68054501E-03	 5.77517284E-04	 7.09803895E-03	 2.08612757E-03	-1.67292224E-05	 3.74737964E-04
 7.380000E-01	-6.24327856E-05	-4.92770977E-05	 2.47950726E-04	 7.22486854E-04	-5.51917002E-04	 7.71067066E-03	-3.16524728E-03	 3.46728369E-03	 3.73302606E-04	 2.51098408E-04	 2.05053514E-04	 3.37948968E-04	 6.58513162E-04	 1.68562172E-03	 2.58302471E-03	 7.98040902E-04	 7.20809727E-03	 2.23474814E-03	 9.74700472E-05	 4.17648134E-04
 7.390000E-01	-4.58115933E-05	-1.06532048E-05	 2.88662473E-04	 6.75935078E-04	-5.84760952E-04	 8.10748362E-03	-3.24079000E-03	 3.46299869E-03	 4.00225565E-04	 3.40328156E-04	 2.32952946E-04	 3.72119552E-04	 7.01082893E-04	 1.74311462E-03	 2.48935767E-03	 1.05356835E-03	 7.29481304E-03	 2.40408083E-03	 2.31287477E-04	 4.61229638E-04
 7.400000E-01	-2.35733122E-05	 3.44470006E-05	 3.34252520E-04	 6.29864325E-04	-6.04553595E-04	 8.50822076E-03	-3.29902860E-03	 3.44731409E-03	 4.37179241E-04	 4.48167869E-04	 2.60601340E-04	 4.07386185E-04	 7.43397993E-04	 1.79243333E-03	 2.39550599E-03	 1.33920413E-03	 7.36971636E-03	 2.59113386E-03	 3.81312124E-04	 5.02390445E-04
 7.410000E-01	 3.96553902E-06	 8.58537817E-05	 3.83948496E-04	 5.86399443E-04	-6.10355042E-04	 8.91297773E-03	-3.34721191E-03	 3.43214548E-03	 4.85524722E-04	 5.74531946E-04	 2.86731254E-04	 4.42716099E-04	 7.84688158E-04	 1.83315189E-03	 2.30699433E-03	 1.66168869E-03	 7.41992216E-03	 2.79926321E-03	 5.52959616E-04	 5.41762452E-04
 7.420000E-01	 3.62059962E-05	 1.43603502E-04	 4.37327267E-04	 5.48435037E-04	-6.01942643E-04	 9.32194040E-03	-3.37271750E-03	 3.40889262E-03	 5.47227635E-04	 7.22273637E-04	 3.09318823E-04	 4.76549012E-04	 8.24329550E-04	 1.86336698E-03	 2.21819384E-03	 2.01522206E-03	 7.45744417E-03	 3.02396795E-03	 7.42514752E-04	 5.74966172E-04
 7.430000E-01	 7.23849832E-05	 2.06268888E-04	 4.93117849E-04	 5.17152893E-04	-5.77953491E-04	 9.73343430E-03	-3.38299988E-03	 3.38851684E-03	 6.24751704E-04	 8.88460849E-04	 3.26784439E-04	 5.07872584E-04	 8.61265745E-04	 1.88296465E-03	 2.13403112E-03	 2.40583758E-03	 7.46920708E-03	 3.26718131E-03	 9.55885706E-04	 6.01154990E-04
 7.440000E-01	 1.11891169E-04	 2.72164180E-04	 5.52080874E-04	 4.94351123E-04	-5.38491095E-04	 1.01474950E-02	-3.36384171E-03	 3.36066617E-03	 7.21220866E-04	 1.07356064E-03	 3.37379138E-04	 5.34629237E-04	 8.94153607E-04	 1.89087881E-03	 2.04688336E-03	 2.82729375E-03	 7.46663249E-03	 3.52305169E-03	 1.18801360E-03	 6.14079862E-04
 7.450000E-01	 1.54820109E-04	 3.39262307E-04	 6.12624246E-04	 4.80961569E-04	-4.81690524E-04	 1.05611134E-02	-3.32271552E-03	 3.33555385E-03	 8.40161669E-04	 1.27249155E-03	 3.39198601E-04	 5.56441015E-04	 9.21415425E-04	 1.88783195E-03	 1.96055903E-03	 3.28544582E-03	 7.43500143E-03	 3.79349061E-03	 1.44352518E-03	 6.12009470E-04
 7.460000E-01	 1.99885451E-04	 4.05422230E-04	 6.75885824E-04	 4.77984335E-04	-4.07650406E-04	 1.09740946E-02	-3.24318915E-03	 3.30102973E-03	 9.86458630E-04	 1.48384942E-03	 3.31759006E-04	 5.70410107E-04	 9.41457889E-04	 1.87370923E-03	 1.86550809E-03	 3.77429682E-03	 7.38397879E-03	 4.07358765E-03	 1.71449539E-03	 5.89670430E-04
 7.470000E-01	 2.45977310E-04	 4.69668049E-04	 7.38232443E-04	 4.85926832E-04	-3.13757336E-04	 1.13806490E-02	-3.13200947E-03	 3.26580958E-03	 1.16483802E-03	 1.70075496E-03	 3.13780351E-04	 5.75910598E-04	 9.52804909E-04	 1.84939518E-03	 1.76445900E-03	 4.29963142E-03	 7.29590215E-03	 4.36815509E-03	 2.00228200E-03	 5.47345949E-04
 7.480000E-01	 2.89363120E-04	 5.30331747E-04	 7.99640908E-04	 5.03937813E-04	-1.99488084E-04	 1.17779752E-02	-2.96969619E-03	 3.21436780E-03	 1.38238129E-03	 1.91869086E-03	 2.88274585E-04	 5.69554737E-04	 9.55251072E-04	 1.81545999E-03	 1.64863475E-03	 4.85506488E-03	 7.18029182E-03	 4.67511439E-03	 2.29651323E-03	 4.84140355E-04
 7.490000E-01	 3.26670010E-04	 5.86431585E-04	 8.55036969E-04	 5.29581768E-04	-6.10278090E-05	 1.21550314E-02	-2.76290374E-03	 3.15268926E-03	 1.64321770E-03	 2.12778328E-03	 2.56949405E-04	 5.50339302E-04	 9.48655700E-04	 1.77294601E-03	 1.52099635E-03	 5.44586299E-03	 7.01644148E-03	 5.00400021E-03	 2.59408460E-03	 4.02848894E-04
 7.500000E-01	 3.53965242E-04	 6.36731537E-04	 9.03281694E-04	 5.60647914E-04	 1.02060026E-04	 1.25065877E-02	-2.49083154E-03	 3.06283015E-03	 1.95443153E-03	 2.31994750E-03	 2.25318970E-04	 5.19683631E-04	 9.33444567E-04	 1.72559812E-03	 1.37696547E-03	 6.06498530E-03	 6.81731288E-03	 5.35560931E-03	 2.88434800E-03	 3.07798552E-04
 7.510000E-01	 3.70913035E-04	 6.75607408E-04	 9.46390165E-04	 5.86075123E-04	 3.01261942E-04	 1.28126665E-02	-2.16148290E-03	 2.95996564E-03	 2.31137223E-03	 2.49373773E-03	 1.98261649E-04	 4.77219629E-04	 9.11659920E-04	 1.67456911E-03	 1.22198721E-03	 6.71613395E-03	 6.55921634E-03	 5.74848571E-03	 3.15722441E-03	 2.06757875E-04
 7.520000E-01	 3.79071839E-04	 7.00793991E-04	 9.84967359E-04	 6.03250500E-04	 5.36885279E-04	 1.30686715E-02	-1.76081058E-03	 2.84271108E-03	 2.70982464E-03	 2.65102365E-03	 1.71265886E-04	 4.29632806E-04	 8.82922834E-04	 1.61678193E-03	 1.06354490E-03	 7.37679611E-03	 6.26858084E-03	 6.17301153E-03	 3.41006195E-03	 9.83538416E-05
 7.530000E-01	 3.79978259E-04	 7.15369175E-04	 1.01615129E-03	 6.17597775E-04	 8.07925600E-04	 1.32768445E-02	-1.30090840E-03	 2.71845892E-03	 3.14984914E-03	 2.78916738E-03	 1.45435604E-04	 3.78788651E-04	 8.48951043E-04	 1.55274107E-03	 9.09393841E-04	 8.04865311E-03	 5.92769064E-03	 6.63749844E-03	 3.63846230E-03	-1.57416627E-05
 7.540000E-01	 3.74099870E-04	 7.21232217E-04	 1.03634729E-03	 6.30385709E-04	 1.11175156E-03	 1.34345198E-02	-7.66676093E-04	 2.58628073E-03	 3.62678822E-03	 2.91113757E-03	 1.20524828E-04	 3.28986223E-04	 8.10580029E-04	 1.48159435E-03	 7.62984158E-04	 8.71521718E-03	 5.55815011E-03	 7.13711225E-03	 3.83755864E-03	-1.33134323E-04
 7.550000E-01	 3.61761725E-04	 7.20204186E-04	 1.04533391E-03	 6.44727399E-04	 1.44778434E-03	 1.35437490E-02	-1.72148898E-04	 2.45551086E-03	 4.13778372E-03	 3.01845370E-03	 9.63694532E-05	 2.82301663E-04	 7.69839628E-04	 1.40331770E-03	 6.34254229E-04	 9.37507719E-03	 5.14727958E-03	 7.67731910E-03	 4.00655549E-03	-2.51716904E-04
 7.560000E-01	 3.44181326E-04	 7.13144265E-04	 1.03971823E-03	 6.61897324E-04	 1.81085301E-03	 1.36032811E-02	 4.97510117E-04	 2.32406654E-03	 4.67766510E-03	 3.11222394E-03	 7.53190187E-05	 2.38631481E-04	 7.28731121E-04	 1.31665342E-03	 5.22374946E-04	 1.00150187E-02	 4.71245850E-03	 8.25220585E-03	 4.14077885E-03	-3.72044434E-04
 7.570000E-01	 3.21904919E-04	 6.99707587E-04	 1.02150725E-03	 6.82610838E-04	 2.19990757E-03	 1.36132240E-02	 1.22643273E-03	 2.19981017E-03	 5.24196473E-03	 3.19248918E-03	 5.71486558E-05	 2.01204056E-04	 6.88336738E-04	 1.22505834E-03	 4.36409766E-04	 1.06342862E-02	 4.24437015E-03	 8.86458615E-03	 4.24306002E-03	-4.92731213E-04
 7.580000E-01	 2.98378295E-04	 6.78747711E-04	 9.90076649E-04	 7.07852432E-04	 2.60794423E-03	 1.35756944E-02	 2.02794001E-03	 2.08090394E-03	 5.82425015E-03	 3.25922171E-03	 4.21235258E-05	 1.69696133E-04	 6.48865675E-04	 1.12830643E-03	 3.71738137E-04	 1.12224073E-02	 3.75730847E-03	 9.50571944E-03	 4.30963798E-03	-6.18294952E-04
 7.590000E-01	 2.75564657E-04	 6.50632256E-04	 9.47858029E-04	 7.40075839E-04	 3.03258807E-03	 1.34917736E-02	 2.88470630E-03	 1.97644843E-03	 6.41919132E-03	 3.31449420E-03	 2.90101616E-05	 1.46091268E-04	 6.10927101E-04	 1.03168220E-03	 3.35087728E-04	 1.17799693E-02	 3.24281402E-03	 1.01773107E-02	 4.34485003E-03	-7.46877769E-04
 7.600000E-01	 2.54537029E-04	 6.14972513E-04	 8.94019063E-04	 7.80287085E-04	 3.46568164E-03	 1.33661972E-02	 3.80981873E-03	 1.88464453E-03	 7.02066380E-03	 3.35889769E-03	 1.66969485E-05	 1.28533752E-04	 5.74175025E-04	 9.34131752E-04	 3.19445159E-04	 1.22984272E-02	 2.71272836E-03	 1.08694876E-02	 4.34548298E-03	-8.82789024E-04
 7.610000E-01	 2.34649829E-04	 5.72964331E-04	 8.29266869E-04	 8.30487972E-04	 3.90444235E-03	 1.31969455E-02	 4.78720080E-03	 1.81221929E-03	 7.62522641E-03	 3.39438730E-03	 5.41843786E-06	 1.15508201E-04	 5.40636015E-04	 8.41093266E-04	 3.29546513E-04	 1.27799679E-02	 2.15885177E-03	 1.15855464E-02	 4.31627465E-03	-1.02042119E-03
 7.620000E-01	 2.13379651E-04	 5.23635086E-04	 7.52725294E-04	 8.88165176E-04	 4.34182715E-03	 1.29865960E-02	 5.83179606E-03	 1.75285352E-03	 8.22893269E-03	 3.41810048E-03	-4.11669323E-06	 1.04755215E-04	 5.10508226E-04	 7.51854158E-04	 3.57874646E-04	 1.32181902E-02	 1.59238557E-03	 1.23157090E-02	 4.25505017E-03	-1.16180687E-03
 7.630000E-01	 1.90019747E-04	 4.66884462E-04	 6.66232618E-04	 9.52785928E-04	 4.77640456E-03	 1.27282030E-02	 6.92973204E-03	 1.70875129E-03	 8.83032982E-03	 3.42870622E-03	-1.05850483E-05	 9.56940405E-05	 4.85954842E-04	 6.74156955E-04	 4.08819606E-04	 1.36168910E-02	 1.00743626E-03	 1.30646240E-02	 4.16761975E-03	-1.29889726E-03
 7.640000E-01	 1.64079720E-04	 4.01352368E-04	 5.71413728E-04	 1.02058960E-03	 5.20295917E-03	 1.24255062E-02	 8.09622765E-03	 1.67215703E-03	 9.42542438E-03	 3.42196678E-03	-1.43488906E-05	 8.90451912E-05	 4.65893010E-04	 6.08141477E-04	 4.75835784E-04	 1.39700322E-02	 4.16222597E-04	 1.38200322E-02	 4.05333653E-03	-1.43519158E-03
 7.650000E-01	 1.37536334E-04	 3.27952191E-04	 4.71684483E-04	 1.09293397E-03	 5.62020573E-03	 1.20725978E-02	 9.31770862E-03	 1.64648097E-03	 1.00124483E-02	 3.39888099E-03	-1.66666484E-05	 8.59360374E-05	 4.51567939E-04	 5.61223129E-04	 5.63961841E-04	 1.42806358E-02	-1.84409452E-04	 1.45860112E-02	 3.91902370E-03	-1.56336853E-03
 7.660000E-01	 1.10854579E-04	 2.47637298E-04	 3.68475929E-04	 1.16832676E-03	 6.02288974E-03	 1.16781308E-02	 1.06079405E-02	 1.62674055E-03	 1.05863358E-02	 3.35950504E-03	-1.96980428E-05	 8.62203821E-05	 4.41748399E-04	 5.30039126E-04	 6.67420962E-04	 1.45410030E-02	-7.82597033E-04	 1.53471214E-02	 3.76449000E-03	-1.68905800E-03
 7.670000E-01	 8.40332384E-05	 1.63011252E-04	 2.63636167E-04	 1.24944001E-03	 6.40833250E-03	 1.12363149E-02	 1.19541340E-02	 1.61687426E-03	 1.11463490E-02	 3.30818018E-03	-2.38392880E-05	 8.85301169E-05	 4.39360398E-04	 5.18797958E-04	 7.91486153E-04	 1.47541416E-02	-1.38042069E-03	 1.61096262E-02	 3.59649155E-03	-1.80261318E-03
 7.680000E-01	 5.50853981E-05	 7.53850364E-05	 1.56945486E-04	 1.33335120E-03	 6.77156624E-03	 1.07554988E-02	 1.33699883E-02	 1.60970076E-03	 1.16886246E-02	 3.24504470E-03	-2.81262232E-05	 9.06715127E-05	 4.44527914E-04	 5.22162109E-04	 9.30292565E-04	 1.49133794E-02	-1.96718331E-03	 1.68576400E-02	 3.41483103E-03	-1.90810952E-03
 7.690000E-01	 2.28792022E-05	-1.37507175E-05	 5.06049573E-05	 1.42053999E-03	 7.10985076E-03	 1.02262601E-02	 1.48448353E-02	 1.60523326E-03	 1.22145599E-02	 3.17190084E-03	-2.99111604E-05	 9.26372505E-05	 4.60663124E-04	 5.45514371E-04	 1.08919416E-03	 1.50248043E-02	-2.54282878E-03	 1.76012824E-02	 3.22718964E-03	-1.99236669E-03
 7.700000E-01	-1.24324996E-05	-1.03855444E-04	-5.39346798E-05	 1.50697507E-03	 7.41999770E-03	 9.65717487E-03	 1.63917814E-02	 1.59411793E-03	 1.27204535E-02	 3.08680481E-03	-2.79010844E-05	 9.58695363E-05	 4.85740824E-04	 5.85453756E-04	 1.26226553E-03	 1.50831345E-02	-3.09586499E-03	 1.83214639E-02	 3.03506087E-03	-2.06106558E-03
 7.710000E-01	-4.87528985E-05	-1.93020356E-04	-1.52020845E-04	 1.59454881E-03	 7.69910553E-03	 9.04073371E-03	 1.80003359E-02	 1.57762832E-03	 1.32070756E-02	 2.99258539E-03	-2.17996412E-05	 1.04399818E-04	 5.20827181E-04	 6.47867720E-04	 1.45541982E-03	 1.50952855E-02	-3.62280476E-03	 1.90286360E-02	 2.84829184E-03	-2.10258735E-03
 7.720000E-01	-8.36505679E-05	-2.78938202E-04	-2.41358718E-04	 1.68214849E-03	 7.94440521E-03	 8.39081904E-03	 1.96808760E-02	 1.55026115E-03	 1.36690825E-02	 2.89194739E-03	-1.31002093E-05	 1.20096469E-04	 5.62244759E-04	 7.26626245E-04	 1.66280247E-03	 1.50539767E-02	-4.11210287E-03	 1.96973406E-02	 2.66970657E-03	-2.12741542E-03
 7.730000E-01	-1.16012316E-04	-3.58188026E-04	-3.17933228E-04	 1.77326134E-03	 8.15110588E-03	 7.70268869E-03	 2.14226522E-02	 1.51631946E-03	 1.41069022E-02	 2.79246390E-03	-1.59693182E-06	 1.44480460E-04	 6.12379253E-04	 8.23132442E-04	 1.89072458E-03	 1.49661915E-02	-4.55888489E-03	 2.03403116E-02	 2.50983080E-03	-2.12373513E-03
 7.740000E-01	-1.46356359E-04	-4.28380227E-04	-3.80875830E-04	 1.86616629E-03	 8.31657350E-03	 6.99051229E-03	 2.32349282E-02	 1.46994392E-03	 1.45164582E-02	 2.69895862E-03	 1.39949100E-05	 1.75561404E-04	 6.69584834E-04	 9.28004111E-04	 2.13275287E-03	 1.48249426E-02	-4.95327223E-03	 2.09290976E-02	 2.37157827E-03	-2.10182322E-03
 7.750000E-01	-1.76243112E-04	-4.87860906E-04	-4.26585293E-04	 1.96069021E-03	 8.43588936E-03	 6.24580242E-03	 2.51093757E-02	 1.41124693E-03	 1.49006172E-02	 2.61600656E-03	 3.72771933E-05	 2.14484937E-04	 7.37666037E-04	 1.04259407E-03	 2.39516657E-03	 1.46410196E-02	-5.28814885E-03	 2.14824851E-02	 2.26667930E-03	-2.04532601E-03
 7.760000E-01	-2.06305854E-04	-5.36633429E-04	-4.52339588E-04	 2.05218087E-03	 8.50952338E-03	 5.47948120E-03	 2.70560280E-02	 1.32959819E-03	 1.52580188E-02	 2.54388226E-03	 6.95257879E-05	 2.62300026E-04	 8.13044573E-04	 1.16004246E-03	 2.67111198E-03	 1.44085488E-02	-5.55242002E-03	 2.19669605E-02	 2.20015429E-03	-1.96517840E-03
 7.770000E-01	-2.35835203E-04	-5.74625252E-04	-4.52132377E-04	 2.13836880E-03	 8.53461488E-03	 4.68182145E-03	 2.90688925E-02	 1.22227415E-03	 1.55927913E-02	 2.48329612E-03	 1.10228323E-04	 3.25521477E-04	 8.96013715E-04	 1.28342956E-03	 2.96767901E-03	 1.41389491E-02	-5.73327413E-03	 2.24028481E-02	 2.18686906E-03	-1.84595940E-03
 7.780000E-01	-2.63307621E-04	-6.01276785E-04	-4.21400834E-04	 2.21679064E-03	 8.51424222E-03	 3.86641776E-03	 3.11572046E-02	 1.08030215E-03	 1.59049286E-02	 2.43635331E-03	 1.54694853E-04	 4.07122191E-04	 9.79483824E-04	 1.40523192E-03	 3.27779183E-03	 1.38227919E-02	-5.81841159E-03	 2.27459419E-02	 2.23341823E-03	-1.70553909E-03
 7.790000E-01	-2.87796138E-04	-6.13682934E-04	-3.56911474E-04	 2.28837358E-03	 8.44460163E-03	 3.02763691E-03	 3.33158588E-02	 9.04511018E-04	 1.61992260E-02	 2.40907785E-03	 2.00482029E-04	 5.11229603E-04	 1.06345275E-03	 1.52622546E-03	 3.60723475E-03	 1.34721118E-02	-5.79349815E-03	 2.30196911E-02	 2.35435883E-03	-1.53045106E-03
 7.800000E-01	-3.10069649E-04	-6.06134665E-04	-2.59825620E-04	 2.35735987E-03	 8.32758713E-03	 2.18256798E-03	 3.55536433E-02	 6.91104795E-04	 1.64782462E-02	 2.41275148E-03	 2.47794284E-04	 6.33605885E-04	 1.14262044E-03	 1.63988618E-03	 3.94303926E-03	 1.30819402E-02	-5.65364109E-03	 2.31758206E-02	 2.55304867E-03	-1.34081098E-03
 7.810000E-01	-3.30802955E-04	-5.69509299E-04	-1.36507609E-04	 2.43070088E-03	 8.15680381E-03	 1.32690335E-03	 3.78682763E-02	 4.43946702E-04	 1.67477140E-02	 2.46076548E-03	 3.05439419E-04	 7.71987387E-04	 1.21924215E-03	 1.75379679E-03	 4.28149366E-03	 1.26786191E-02	-5.39082310E-03	 2.32512912E-02	 2.84134714E-03	-1.11838476E-03
 7.820000E-01	-3.49901613E-04	-4.92608727E-04	 4.72903603E-06	 2.52001315E-03	 7.93466081E-03	 4.76007873E-04	 4.02702634E-02	 1.62243153E-04	 1.70107967E-02	 2.57021381E-03	 3.84617483E-04	 9.17105816E-04	 1.28781910E-03	 1.87312574E-03	 4.59692042E-03	 1.22720849E-02	-5.01186185E-03	 2.31970811E-02	 3.22183842E-03	-8.84597712E-04
 7.830000E-01	-3.63149164E-04	-3.66368963E-04	 1.53007133E-04	 2.63346161E-03	 7.65668782E-03	-3.78434698E-04	 4.27598677E-02	-1.51990627E-04	 1.72696844E-02	 2.75225224E-03	 4.98546296E-04	 1.06432967E-03	 1.34923453E-03	 2.01373556E-03	 4.87616375E-03	 1.19005686E-02	-4.51056671E-03	 2.30594379E-02	 3.71073908E-03	-6.22120179E-04
 7.840000E-01	-3.64848552E-04	-1.90037088E-04	 3.03437543E-04	 2.77661054E-03	 7.32961924E-03	-1.23004345E-03	 4.53454210E-02	-5.06411732E-04	 1.75256098E-02	 3.01117240E-03	 6.51065073E-04	 1.20003569E-03	 1.39902983E-03	 2.17707964E-03	 5.09350268E-03	 1.15687809E-02	-3.89300495E-03	 2.27759749E-02	 4.31701567E-03	-3.60749758E-04
 7.850000E-01	-3.46693681E-04	 2.11867941E-05	 4.52823217E-04	 2.93879580E-03	 6.95012814E-03	-2.09670013E-03	 4.80209020E-02	-9.17622350E-04	 1.77804648E-02	 3.32741841E-03	 8.36042929E-04	 1.31403248E-03	 1.44561153E-03	 2.35786091E-03	 5.25154178E-03	 1.12940503E-02	-3.13437457E-03	 2.23929174E-02	 5.06259448E-03	-8.08126288E-05
 7.860000E-01	-3.00750851E-04	 2.34325988E-04	 6.08497156E-04	 3.10419925E-03	 6.52030789E-03	-2.97899935E-03	 5.07799587E-02	-1.41493235E-03	 1.80435027E-02	 3.66305982E-03	 1.02906094E-03	 1.38975470E-03	 1.49785456E-03	 2.52570025E-03	 5.35572316E-03	 1.10449007E-02	-2.21987939E-03	 2.18333087E-02	 5.95426676E-03	 1.98575765E-04
 7.870000E-01	-2.18414971E-04	 4.03887821E-04	 7.75611286E-04	 3.24866369E-03	 6.02182526E-03	-3.88272357E-03	 5.35955897E-02	-2.02968058E-03	 1.83263224E-02	 3.96003538E-03	 1.19239181E-03	 1.42212034E-03	 1.57720573E-03	 2.64539560E-03	 5.44496045E-03	 1.08062379E-02	-1.09522613E-03	 2.11566661E-02	 7.00120220E-03	 5.28962814E-04
 7.880000E-01	-8.98868115E-05	 4.87612087E-04	 9.63363428E-04	 3.36859573E-03	 5.43661883E-03	-4.77658373E-03	 5.64395309E-02	-2.77500553E-03	 1.86483939E-02	 4.17755719E-03	 1.27938855E-03	 1.41308556E-03	 1.69718556E-03	 2.67940834E-03	 5.54994957E-03	 1.05341449E-02	 2.62057085E-04	 2.02954289E-02	 8.18463234E-03	 9.28743699E-04
 7.890000E-01	 8.63760531E-05	 4.64644451E-04	 1.16610416E-03	 3.47439175E-03	 4.72927847E-03	-5.61563747E-03	 5.92715290E-02	-3.63200389E-03	 1.90174296E-02	 4.30852229E-03	 1.24982948E-03	 1.37976614E-03	 1.86874310E-03	 2.61605200E-03	 5.70349495E-03	 1.02374682E-02	 1.89594096E-03	 1.93488989E-02	 9.48275816E-03	 1.48481566E-03
 7.900000E-01	 3.07363367E-04	 3.52748912E-04	 1.37538419E-03	 3.60975690E-03	 3.88791159E-03	-6.33111140E-03	 6.20769887E-02	-4.53269538E-03	 1.94394167E-02	 4.42536680E-03	 1.08580651E-03	 1.34660984E-03	 2.08004199E-03	 2.47472712E-03	 5.89425464E-03	 9.93103633E-03	 3.77673685E-03	 1.82730235E-02	 1.08489724E-02	 2.22232257E-03
 7.910000E-01	 5.44591302E-04	 2.03056041E-04	 1.56952391E-03	 3.80905835E-03	 2.91236720E-03	-6.87278100E-03	 6.48501644E-02	-5.38047917E-03	 1.98862052E-02	 4.65786411E-03	 8.02704675E-04	 1.33476660E-03	 2.30344544E-03	 2.31387899E-03	 6.07980782E-03	 9.69646143E-03	 5.88637898E-03	 1.71921018E-02	 1.22539238E-02	 3.19193003E-03
 7.920000E-01	 7.62260470E-04	 1.00378844E-04	 1.73386823E-03	 4.10562178E-03	 1.86014746E-03	-7.22296679E-03	 6.76373612E-02	-6.05950348E-03	 2.03314619E-02	 5.20137486E-03	 4.44155301E-04	 1.35448920E-03	 2.49228380E-03	 2.19902589E-03	 6.18074661E-03	 9.59016174E-03	 8.12997330E-03	 1.60264110E-02	 1.36721010E-02	 4.32443693E-03
 7.930000E-01	 9.06498791E-04	 1.04091760E-04	 1.86644670E-03	 4.46254800E-03	 8.03831281E-04	-7.41819060E-03	 7.04689139E-02	-6.48692683E-03	 2.07065958E-02	 6.22100130E-03	 7.94086702E-05	 1.38663851E-03	 2.59631210E-03	 2.18626074E-03	 6.11641253E-03	 9.67499525E-03	 1.04723954E-02	 1.48384392E-02	 1.51266081E-02	 5.54131038E-03
 7.940000E-01	 9.43315077E-04	 2.58008915E-04	 1.98524699E-03	 4.82172275E-03	-1.51205169E-04	-7.53153935E-03	 7.33930391E-02	-6.61180007E-03	 2.09764094E-02	 7.84437376E-03	-2.39853077E-04	 1.38978665E-03	 2.58149687E-03	 2.25615970E-03	 5.84935259E-03	 9.89831125E-03	 1.28492497E-02	 1.34220233E-02	 1.66616821E-02	 6.63343618E-03
 7.950000E-01	 8.46321081E-04	 5.30582831E-04	 2.10628358E-03	 5.07633372E-03	-9.76476404E-04	-7.61940128E-03	 7.63399133E-02	-6.45033014E-03	 2.10788186E-02	 1.00426028E-02	-4.93921039E-04	 1.29622790E-03	 2.42720393E-03	 2.31915954E-03	 5.40103895E-03	 1.01446948E-02	 1.53219174E-02	 1.17103436E-02	 1.83787953E-02	 7.40521744E-03
 7.960000E-01	 6.24086947E-04	 8.43749811E-04	 2.25204175E-03	 5.12995093E-03	-1.68624221E-03	-7.71515211E-03	 7.91978394E-02	-6.07129967E-03	 2.10560083E-02	 1.26449059E-02	-6.47492483E-04	 1.06240677E-03	 2.16102638E-03	 2.27473144E-03	 4.84420905E-03	 1.02940182E-02	 1.78690807E-02	 9.50150462E-03	 2.03305492E-02	 7.72645321E-03
 7.970000E-01	 3.37114729E-04	 1.10165657E-03	 2.42742490E-03	 4.92387725E-03	-2.37043057E-03	-7.77986843E-03	 8.17976988E-02	-5.55987071E-03	 2.08705892E-02	 1.53847204E-02	-7.14195977E-04	 6.76860512E-04	 1.80796227E-03	 2.00794928E-03	 4.30176105E-03	 1.02181808E-02	 2.06155551E-02	 6.83092175E-03	 2.25561766E-02	 7.58046697E-03
 7.980000E-01	 7.59027535E-05	 1.22142525E-03	 2.63045810E-03	 4.47947762E-03	-3.17519992E-03	-7.67869106E-03	 8.39245556E-02	-4.94411615E-03	 2.06198996E-02	 1.79713274E-02	-7.36705589E-04	 1.83444715E-04	 1.39626538E-03	 1.45135173E-03	 3.89319758E-03	 9.84338653E-03	 2.35431768E-02	 3.58897405E-03	 2.50555629E-02	 7.01165196E-03
 7.990000E-01	-6.91039522E-05	 1.18282173E-03	 2.82526919E-03	 3.86955614E-03	-4.24654122E-03	-7.25007001E-03	 8.54172195E-02	-4.24232886E-03	 2.02959171E-02	 2.01664177E-02	-7.45085750E-04	-3.33044580E-04	 9.23121425E-04	 6.29304230E-04	 3.66934671E-03	 9.23939718E-03	 2.66768952E-02	 3.37529980E-05	 2.77530650E-02	 6.22093903E-03
 8.000000E-01	-3.60180817E-05	 1.03918713E-03	 2.99781827E-03	 3.18950702E-03	-5.64308273E-03	-6.35917310E-03	 8.62146231E-02	-3.38060120E-03	 2.00104007E-02	 2.18840602E-02	-7.61469825E-04	-7.68595196E-04	 3.66570173E-04	-3.51371363E-04	 3.62140206E-03	 8.54618760E-03	 2.98624397E-02	-3.78720441E-03	 3.05647933E-02	 5.38304171E-03
 8.010000E-01	 1.81372830E-04	 8.91558411E-04	 3.13428943E-03	 2.48374410E-03	-7.32001887E-03	-4.96674372E-03	 8.63795221E-02	-2.32187518E-03	 1.97231424E-02	 2.31734981E-02	-7.87741334E-04	-1.05690068E-03	-3.16178548E-04	-1.37874555E-03	 3.66979547E-03	 7.94714746E-03	 3.30185695E-02	-7.54955027E-03	 3.33683270E-02	 4.67283266E-03
 8.020000E-01	 5.33142590E-04	 8.77663485E-04	 3.26011387E-03	 1.74710958E-03	-9.11142228E-03	-3.14130524E-03	 8.60758121E-02	-9.70936047E-04	 1.95145360E-02	 2.42281215E-02	-8.07793086E-04	-1.18806246E-03	-1.15348599E-03	-2.35635428E-03	 3.74344034E-03	 7.55000630E-03	 3.59580635E-02	-1.13051099E-02	 3.61109652E-02	 4.11348957E-03
 8.030000E-01	 9.30079492E-04	 1.09984287E-03	 3.39707176E-03	 8.96794659E-04	-1.08174373E-02	-1.02199695E-03	 8.54738169E-02	 6.68794015E-04	 1.92872935E-02	 2.52557933E-02	-7.98995159E-04	-1.21561311E-03	-2.16998215E-03	-3.28325809E-03	 3.77557317E-03	 7.36864434E-03	 3.86608287E-02	-1.49061766E-02	 3.87403641E-02	 3.65724441E-03
 8.040000E-01	 1.29565068E-03	 1.63163538E-03	 3.58830772E-03	-1.44160177E-04	-1.22446899E-02	 1.24171267E-03	 8.47072915E-02	 2.66135993E-03	 1.90929397E-02	 2.64625564E-02	-7.40195152E-04	-1.22581569E-03	-3.36318503E-03	-4.18855839E-03	 3.77200477E-03	 7.29804423E-03	 4.10467543E-02	-1.86279702E-02	 4.13071764E-02	 3.13110134E-03
 8.050000E-01	 1.59082062E-03	 2.47260436E-03	 3.83776185E-03	-1.43792866E-03	-1.33012704E-02	 3.57372396E-03	 8.37788108E-02	 4.97909686E-03	 1.87938722E-02	 2.79419882E-02	-6.13978060E-04	-1.31013897E-03	-4.73279622E-03	-5.16232624E-03	 3.74125540E-03	 7.18447646E-03	 4.32020151E-02	-2.24609404E-02	 4.38296186E-02	 2.36531549E-03
 8.060000E-01	 1.84687924E-03	 3.59508029E-03	 4.14429172E-03	-2.94651564E-03	-1.39849896E-02	 5.97895388E-03	 8.26188027E-02	 7.70820252E-03	 1.84484062E-02	 2.97230273E-02	-3.97712345E-04	-1.54383115E-03	-6.24666283E-03	-6.23753369E-03	 3.73588252E-03	 6.88806859E-03	 4.50837251E-02	-2.67221071E-02	 4.63969714E-02	 1.17975944E-03
 8.070000E-01	 2.13669518E-03	 4.92390077E-03	 4.44920872E-03	-4.58714837E-03	-1.43869013E-02	 8.54318638E-03	 8.10732463E-02	 1.08225402E-02	 1.79258867E-02	 3.17184382E-02	-4.11485576E-05	-1.97685309E-03	-7.86320430E-03	-7.43252901E-03	 3.74942776E-03	 6.35441415E-03	 4.67543794E-02	-3.12981479E-02	 4.89998358E-02	-5.15943376E-04
 8.080000E-01	 2.55044045E-03	 6.38487844E-03	 4.70176189E-03	-6.21813595E-03	-1.45963622E-02	 1.13244348E-02	 7.90665538E-02	 1.43794734E-02	 1.73603267E-02	 3.38118399E-02	 5.38523916E-04	-2.61807316E-03	-9.48861191E-03	-8.64041330E-03	 3.80458116E-03	 5.64917489E-03	 4.81209771E-02	-3.63351404E-02	 5.16885049E-02	-2.73303425E-03
 8.090000E-01	 3.12395686E-03	 7.87199070E-03	 4.82823758E-03	-7.77245261E-03	-1.46464729E-02	 1.42976055E-02	 7.65910347E-02	 1.82290592E-02	 1.66910095E-02	 3.58254291E-02	 1.43535084E-03	-3.40285132E-03	-1.10218358E-02	-9.72024325E-03	 3.88539227E-03	 4.90864602E-03	 4.92865232E-02	-4.15326749E-02	 5.44170836E-02	-5.35557283E-03
 8.100000E-01	 3.79536697E-03	 9.27068075E-03	 4.81682261E-03	-9.25343862E-03	-1.44384261E-02	 1.72613646E-02	 7.38313908E-02	 2.22745196E-02	 1.61640437E-02	 3.76127166E-02	 2.68625872E-03	-4.14855548E-03	-1.23413023E-02	-1.04281971E-02	 4.10733792E-03	 4.27417772E-03	 5.03615759E-02	-4.69554095E-02	 5.72803644E-02	-8.13893753E-03
 8.110000E-01	 4.36066084E-03	 1.04160479E-02	 4.67514757E-03	-1.08285521E-02	-1.37683711E-02	 1.99036294E-02	 7.10012988E-02	 2.62254206E-02	 1.57414465E-02	 3.90387192E-02	 4.17651762E-03	-4.53865626E-03	-1.33755617E-02	-1.05772601E-02	 4.63634863E-03	 3.73895066E-03	 5.18362549E-02	-5.23605187E-02	 6.03344386E-02	-1.07207391E-02
 8.120000E-01	 4.50333314E-03	 1.11092066E-02	 4.47637241E-03	-1.26925561E-02	-1.24019720E-02	 2.18871815E-02	 6.83244484E-02	 3.00199118E-02	 1.56318519E-02	 4.00770429E-02	 5.57044558E-03	-4.16653167E-03	-1.40876845E-02	-1.00096807E-02	 5.80767369E-03	 3.12438675E-03	 5.42277426E-02	-5.80070789E-02	 6.38253790E-02	-1.26218660E-02
 8.130000E-01	 3.89045559E-03	 1.11140892E-02	 4.25351697E-03	-1.49934733E-02	-1.02477959E-02	 2.30981976E-02	 6.57395657E-02	 3.36357786E-02	 1.55624446E-02	 4.08071260E-02	 6.30431295E-03	-2.69805767E-03	-1.44999553E-02	-8.76415250E-03	 7.83557120E-03	 2.07094891E-03	 5.81523374E-02	-6.38402237E-02	 6.78551966E-02	-1.33827623E-02
 8.140000E-01	 2.35071707E-03	 1.02129366E-02	 3.96424924E-03	-1.75326186E-02	-7.51492735E-03	 2.37979270E-02	 6.29220048E-02	 3.75452597E-02	 1.54325219E-02	 4.14652187E-02	 5.72654872E-03	-1.13372435E-04	-1.46107043E-02	-6.98694821E-03	 1.07214335E-02	 3.17997610E-04	 6.35824383E-02	-7.01216330E-02	 7.25110092E-02	-1.26416764E-02
 8.150000E-01	 7.06011187E-05	 8.27013463E-03	 3.34413623E-03	-1.96683866E-02	-4.80944976E-03	 2.47094747E-02	 5.92060768E-02	 4.22746073E-02	 1.46007663E-02	 4.23471423E-02	 3.31860343E-03	 2.99376558E-03	-1.43418391E-02	-4.98274808E-03	 1.37646596E-02	-2.05063295E-03	 6.96751248E-02	-7.64381342E-02	 7.73704631E-02	-1.04586512E-02
 8.160000E-01	-2.30375974E-03	 5.26805230E-03	 1.88774540E-03	-2.02558093E-02	-3.00942144E-03	 2.67064340E-02	 5.40305873E-02	 4.84706430E-02	 1.28862013E-02	 4.36129466E-02	-9.80654316E-04	 5.27744722E-03	-1.34369014E-02	-2.98828858E-03	 1.55619658E-02	-4.20920000E-03	 7.41808866E-02	-8.23368766E-02	 8.17156081E-02	-7.40266109E-03
 8.170000E-01	-3.75476005E-03	 1.29757906E-03	-1.12766973E-03	-1.80732284E-02	-2.91982576E-03	 3.02444256E-02	 4.73124171E-02	 5.58957034E-02	 1.00098583E-02	 4.49612553E-02	-6.59747957E-03	 4.76301406E-03	-1.14659812E-02	-1.11883955E-03	 1.39576961E-02	-4.66269771E-03	 7.40442236E-02	-8.66107496E-02	 8.42276262E-02	-4.82297735E-03
 8.180000E-01	-3.24833320E-03	-3.55775625E-03	-6.42876787E-03	-1.23868248E-02	-4.73637554E-03	 3.45722125E-02	 4.00782698E-02	 6.32934557E-02	 6.85677860E-03	 4.53135761E-02	-1.23021740E-02	-5.19867496E-04	-7.87916194E-03	 8.31451893E-04	 6.93950011E-03	-1.55853712E-03	 6.61977785E-02	-8.84923813E-02	 8.37694807E-02	-4.47102058E-03
 8.190000E-01	-2.31841361E-04	-9.29042405E-03	-1.44280337E-02	-3.67092585E-03	-7.64511585E-03	 3.73772219E-02	 3.44387752E-02	 6.78083335E-02	 4.56779008E-03	 4.28897390E-02	-1.66075855E-02	-1.15961676E-02	-2.22420928E-03	 3.26760912E-03	-6.41817682E-03	 6.19702037E-03	 4.96396007E-02	-8.75971383E-02	 7.95914237E-02	-8.21297898E-03
 8.200000E-01	 4.89774068E-03	-1.60114050E-02	-2.48814936E-02	 6.16401554E-03	-9.77080607E-03	 3.52228409E-02	 3.30795117E-02	 6.62848060E-02	 5.23543293E-03	 3.57382040E-02	-1.83308829E-02	-2.74206707E-02	 5.61868260E-03	 6.70458417E-03	-2.44859188E-02	 1.79544820E-02	 2.69485888E-02	-8.54105826E-02	 7.25654531E-02	-1.69049312E-02
 8.210000E-01	 1.06553005E-02	-2.37477468E-02	-3.66010035E-02	 1.41809960E-02	-8.79396540E-03	 2.51751801E-02	 3.77627597E-02	 5.65744077E-02	 9.84978537E-03	 2.30695377E-02	-1.72774271E-02	-4.43105557E-02	 1.51308302E-02	 1.14400214E-02	-4.26790432E-02	 3.03647234E-02	 5.29720134E-03	-8.47741623E-02	 6.50289461E-02	-2.98875692E-02
 8.220000E-01	 1.47668518E-02	-3.21570027E-02	-4.74706493E-02	 1.75623660E-02	-2.93315843E-03	 7.01175064E-03	 4.77332934E-02	 4.03217141E-02	 1.83158714E-02	 6.54246637E-03	-1.44745984E-02	-5.62241324E-02	 2.50931236E-02	 1.74418968E-02	-5.39131834E-02	 3.80107854E-02	-5.12468862E-03	-8.98782692E-02	 6.10201028E-02	-4.41272070E-02
 8.230000E-01	 1.48671178E-02	-4.01912720E-02	-5.46502138E-02	 1.49849429E-02	 7.95592433E-03	-1.49604726E-02	 5.86067547E-02	 2.38684505E-02	 2.73026856E-02	-8.69407439E-03	-1.18855496E-02	-5.64530027E-02	 3.36476470E-02	 2.42546198E-02	-5.10454474E-02	 3.49044406E-02	 5.48448923E-03	-1.03784810E-01	 6.42618025E-02	-5.49978316E-02
 8.240000E-01	 9.35735732E-03	-4.60267512E-02	-5.52184617E-02	 7.47675218E-03	 2.20270370E-02	-3.18707845E-02	 6.28843697E-02	 1.82635217E-02	 3.17126120E-02	-1.47698178E-02	-1.14187444E-02	-4.00793086E-02	 3.88369002E-02	 3.11971129E-02	-2.98762400E-02	 1.75957305E-02	 4.13612152E-02	-1.26823994E-01	 7.68859986E-02	-5.69892940E-02
 8.250000E-01	-1.90471141E-03	-4.73426697E-02	-4.68556917E-02	-1.60460830E-03	 3.58675687E-02	-3.26320733E-02	 5.23217155E-02	 3.54833496E-02	 2.47292710E-02	-3.06229201E-03	-1.37528229E-02	-6.73378556E-03	 3.91271069E-02	 3.74878516E-02	 7.71858116E-03	-1.26334944E-02	 9.70818566E-02	-1.54259865E-01	 9.66941773E-02	-4.62197690E-02
 8.260000E-01	-1.73195398E-02	-4.19429229E-02	-2.88052651E-02	-7.84795390E-03	 4.59683103E-02	-8.30729552E-03	 2.15464510E-02	 8.39113787E-02	 1.92661240E-03	 3.18648185E-02	-1.75052827E-02	 3.79343210E-02	 3.41908683E-02	 4.23294450E-02	 5.28506412E-02	-4.83881966E-02	 1.56234312E-01	-1.77012601E-01	 1.17287612E-01	-2.17873102E-02
 8.270000E-01	-3.38302576E-02	-2.86637610E-02	-2.41010182E-03	-7.52013057E-03	 5.02481047E-02	 4.30470436E-02	-2.83481362E-02	 1.62476780E-01	-3.74966843E-02	 8.90124695E-02	-1.93592710E-02	 8.26446962E-02	 2.50526813E-02	 4.47248291E-02	 9.11719991E-02	-7.82524629E-02	 1.94875590E-01	-1.83553176E-01	 1.28220696E-01	 1.22913808E-02
 8.280000E-01	-4.77377968E-02	-8.23279137E-03	 2.85762102E-02	 3.60729450E-04	 4.92749454E-02	 1.13175224E-01	-8.83240595E-02	 2.58249229E-01	-8.72523686E-02	 1.58087426E-01	-1.53446921E-02	 1.13539407E-01	 1.40469148E-02	 4.33438117E-02	 1.07494352E-01	-9.03302394E-02	 1.89181461E-01	-1.64930399E-01	 1.19274128E-01	 4.80688547E-02
 8.290000E-01	-5.57177265E-02	 1.62264418E-02	 5.86194083E-02	 1.32897200E-02	 4.61158957E-02	 1.83959260E-01	-1.42764905E-01	 3.47202160E-01	-1.36144742E-01	 2.20835508E-01	-2.81087798E-03	 1.18895688E-01	 3.83271555E-03	 3.65749957E-02	 9.16106265E-02	-7.78310741E-02	 1.25135197E-01	-1.18930040E-01	 8.35945567E-02	 7.49494087E-02
 8.300000E-01	-5.57771426E-02	 3.96132520E-02	 8.13024953E-02	 2.58288772E-02	 4.47552268E-02	 2.32425078E-01	-1.74723423E-01	 4.01206865E-01	-1.69392021E-01	 2.54569833E-01	 1.77084022E-02	 9.40654308E-02	-3.45352571E-03	 2.30364274E-02	 4.33930961E-02	-4.24955360E-02	 6.52251204E-03	-5.35349697E-02	 2.29184459E-02	 8.38544987E-02
 8.310000E-01	-4.73615604E-02	 5.63191520E-02	 9.09833200E-02	 3.24568760E-02	 4.77290918E-02	 2.39028857E-01	-1.72230675E-01	 3.97588252E-01	-1.75684127E-01	 2.40743804E-01	 4.18461214E-02	 4.42586359E-02	-7.20274866E-03	 2.41041680E-03	-2.57211693E-02	 4.49696698E-03	-1.43512298E-01	 1.49665650E-02	-5.26516669E-02	 7.02090659E-02
 8.320000E-01	-3.13512495E-02	 6.18230839E-02	 8.42848193E-02	 2.99384336E-02	 5.40524035E-02	 1.95777734E-01	-1.34232124E-01	 3.28731154E-01	-1.50160401E-01	 1.71084551E-01	 6.27246618E-02	-1.63789795E-02	-8.38152130E-03	-2.34265771E-02	-9.59822187E-02	 4.68375975E-02	-2.88251308E-01	 6.66592557E-02	-1.25374977E-01	 3.70509664E-02
 8.330000E-01	-9.68151654E-03	 5.46990015E-02	 6.13958760E-02	 1.93228988E-02	 5.95392494E-02	 1.10084283E-01	-7.11836574E-02	 2.06054439E-01	-9.88144961E-02	 5.35557723E-02	 7.33153348E-02	-6.94337378E-02	-8.87291138E-03	-5.04379226E-02	-1.46038931E-01	 6.91067511E-02	-3.89986154E-01	 8.62851308E-02	-1.77279580E-01	-5.95379212E-03
 8.340000E-01	 1.48501093E-02	 3.66635544E-02	 2.64288000E-02	 4.98992415E-03	 5.81543752E-02	 2.89901181E-03	-2.39835253E-03	 5.72518706E-02	-3.50319266E-02	-9.07502698E-02	 6.94033959E-02	-9.87291174E-02	-1.05792675E-02	-7.27383494E-02	-1.60864837E-01	 6.33943541E-02	-4.22554322E-01	 6.84418327E-02	-1.94453602E-01	-4.50730293E-02
 8.350000E-01	 3.89492122E-02	 1.24286118E-02	-1.30245729E-02	-7.36336460E-03	 4.57556942E-02	-9.86585210E-02	 5.16278466E-02	-8.24096379E-02	 2.29617664E-02	-2.32076697E-01	 5.17467307E-02	-9.62460261E-02	-1.38168473E-02	-8.44172575E-02	-1.36900914E-01	 3.28632086E-02	-3.81258202E-01	 2.16782318E-02	-1.74466322E-01	-6.67588981E-02
 8.360000E-01	 5.87274672E-02	-1.17235009E-02	-4.82972326E-02	-1.35252711E-02	 2.22619801E-02	-1.71296984E-01	 7.71350177E-02	-1.83347770E-01	 6.10128847E-02	-3.41499897E-01	 2.53185455E-02	-6.50293447E-02	-1.73565594E-02	-8.19853731E-02	-8.28757793E-02	-1.03902991E-02	-2.82764679E-01	-3.64781486E-02	-1.24495017E-01	-6.37020645E-02
 8.370000E-01	 7.02410469E-02	-2.99186684E-02	-7.17356324E-02	-1.25737690E-02	-7.56226201E-03	-2.02440528E-01	 7.09096731E-02	-2.28981490E-01	 7.12027097E-02	-3.99773621E-01	-2.68729409E-03	-1.68732827E-02	-1.90495007E-02	-6.54167812E-02	-1.55967593E-02	-5.07512798E-02	-1.57720767E-01	-8.61439368E-02	-6.00746917E-02	-3.58232010E-02
 8.380000E-01	 7.09303562E-02	-3.81596762E-02	-7.88360110E-02	-6.43784228E-03	-3.62269788E-02	-1.92365528E-01	 4.01555190E-02	-2.19753437E-01	 5.57038913E-02	-4.01070352E-01	-2.55196290E-02	 3.20595084E-02	-1.69996842E-02	-3.85808633E-02	 4.61256432E-02	-7.51046856E-02	-3.97718156E-02	-1.12265208E-01	 2.03853749E-03	 9.03365512E-03
 8.390000E-01	 6.04352812E-02	-3.52981566E-02	-6.93177877E-02	 1.45813611E-03	-5.61843240E-02	-1.51967580E-01	-1.37481027E-03	-1.69488380E-01	 2.28800186E-02	-3.53707673E-01	-3.88829448E-02	 6.71948162E-02	-1.04920005E-02	-7.69206107E-03	 8.76638622E-02	-7.73393128E-02	 4.51922715E-02	-1.09500022E-01	 4.78237064E-02	 5.90633184E-02
 8.400000E-01	 4.10001008E-02	-2.31417835E-02	-4.67161237E-02	 7.78287683E-03	-6.28286841E-02	-9.74390729E-02	-3.92622763E-02	-9.96629097E-02	-1.45831129E-02	-2.75525387E-01	-4.19454268E-02	 7.99604730E-02	-6.24955379E-04	 2.03719515E-02	 1.02397079E-01	-5.96595787E-02	 8.53225760E-02	-8.23684149E-02	 7.08165449E-02	 1.01890171E-01
 8.410000E-01	 1.69489030E-02	-5.78936068E-03	-1.71936816E-02	 1.06935495E-02	-5.58510752E-02	-4.45440632E-02	-6.29567235E-02	-3.13014441E-02	-4.59590150E-02	-1.88409981E-01	-3.68145558E-02	 6.96650663E-02	 1.01931006E-02	 4.03666175E-02	 9.22166267E-02	-3.04177903E-02	 8.34854591E-02	-4.25927352E-02	 7.15233916E-02	 1.29027406E-01
 8.420000E-01	-6.51778352E-03	 1.18329073E-02	 1.24661220E-02	 1.01408249E-02	-3.90399615E-02	-4.26138907E-03	-6.87917568E-02	 2.02495341E-02	-6.38654753E-02	-1.11475017E-01	-2.71873716E-02	 4.25379501E-02	 1.89304856E-02	 4.97843282E-02	 6.53815396E-02	-4.01783366E-04	 5.32085467E-02	-3.38410392E-03	 5.65678495E-02	 1.37438395E-01
 8.430000E-01	-2.47592936E-02	 2.53434629E-02	 3.64555205E-02	 7.60503252E-03	-1.85448293E-02	 1.89451771E-02	-5.91430260E-02	 4.83098460E-02	-6.71026417E-02	-5.74101288E-02	-1.67984869E-02	 8.59225866E-03	 2.32190086E-02	 4.92481075E-02	 3.26647649E-02	 2.15313618E-02	 1.19585218E-02	 2.47752506E-02	 3.44284011E-02	 1.30029089E-01
 8.440000E-01	-3.48593917E-02	 3.21800600E-02	 5.12607546E-02	 5.07958896E-03	-4.52763971E-04	 2.62987750E-02	-4.05452168E-02	 5.38889435E-02	-5.81813356E-02	-3.01947093E-02	-8.20965921E-03	-2.21311654E-02	 2.20103342E-02	 4.15628287E-02	 3.67975035E-03	 3.07456057E-02	-2.49227692E-02	 3.75670024E-02	 1.30807029E-02	 1.13337979E-01
 8.450000E-01	-3.62157833E-02	 3.18830505E-02	 5.59377871E-02	 4.13710934E-03	 1.10982434E-02	 2.25075573E-02	-1.99815780E-02	 4.31614296E-02	-4.27304017E-02	-2.68524950E-02	-2.47430686E-03	-4.25797588E-02	 1.59839517E-02	 3.04459211E-02	-1.55391431E-02	 2.76815066E-02	-4.83147559E-02	 3.62841955E-02	-2.81427058E-03	 9.52054729E-02
 8.460000E-01	-3.03139047E-02	 2.59497671E-02	 5.18368090E-02	 5.35009599E-03	 1.49431641E-02	 1.30537443E-02	-2.94652584E-03	 2.39296295E-02	-2.58024021E-02	-3.95274680E-02	 6.27010446E-04	-5.00780342E-02	 7.04554404E-03	 1.91774823E-02	-2.33130508E-02	 1.61759776E-02	-5.58488611E-02	 2.64247416E-02	-1.16429867E-02	 8.17933592E-02
 8.470000E-01	-1.99999478E-02	 1.69426626E-02	 4.17150669E-02	 8.21719620E-03	 1.24628552E-02	 2.60558784E-03	 8.18093708E-03	 3.19073637E-03	-1.16451527E-02	-5.92991724E-02	 1.91458995E-03	-4.60023636E-02	-2.34570093E-03	 9.83640585E-03	-2.14097592E-02	 1.63503019E-03	-5.05954228E-02	 1.42401495E-02	-1.46863718E-02	 7.64700660E-02
 8.480000E-01	-8.43786981E-03	 7.61858284E-03	 2.88173973E-02	 1.16319532E-02	 6.59301775E-03	-6.04457124E-03	 1.33857805E-02	-1.43883861E-02	-1.81496698E-03	-7.81548627E-02	 2.22497638E-03	-3.43491434E-02	-1.00466209E-02	 3.12792586E-03	-1.36678673E-02	-1.13410450E-02	-3.80186019E-02	 4.88980388E-03	-1.41523158E-02	 7.91768378E-02
 8.490000E-01	 1.70993795E-03	 1.02665161E-04	 1.60224339E-02	 1.43280835E-02	 3.74318464E-04	-1.15770700E-02	 1.44327765E-02	-2.65199345E-02	 3.34093458E-03	-9.10436746E-02	 2.07107234E-03	-1.98762019E-02	-1.47803999E-02	-1.25614739E-03	-4.14441880E-03	-1.98581909E-02	-2.37361749E-02	 6.79964793E-04	-1.24692160E-02	 8.76497521E-02
 8.500000E-01	 8.81895764E-03	-4.49289151E-03	 5.36521029E-03	 1.54748961E-02	-3.96793773E-03	-1.39595931E-02	 1.32638680E-02	-3.29002766E-02	 5.15212814E-03	-9.56299594E-02	 1.61538494E-03	-6.62651046E-03	-1.62864620E-02	-4.09184226E-03	 3.80628656E-03	-2.32426658E-02	-1.15854944E-02	 1.62211179E-03	-1.10536989E-02	 9.83524163E-02
 8.510000E-01	 1.23634431E-02	-6.09541397E-03	-2.15674653E-03	 1.47319676E-02	-5.52880929E-03	-1.35656153E-02	 1.15886343E-02	-3.43669877E-02	 4.78933168E-03	-9.23596149E-02	 8.51746405E-04	 2.90004619E-03	-1.51776672E-02	-6.12869568E-03	 8.36128863E-03	-2.23043196E-02	-3.44823398E-03	 5.83211043E-03	-1.06089551E-02	 1.08134032E-01
 8.520000E-01	 1.27095019E-02	-5.40471640E-03	-6.42909873E-03	 1.23590097E-02	-4.54349916E-03	-1.11402180E-02	 1.02135593E-02	-3.23317146E-02	 3.78522735E-03	-8.29927935E-02	-2.24913525E-04	 7.87311014E-03	-1.24831678E-02	-7.84892530E-03	 8.95761124E-03	-1.87665735E-02	 7.32087831E-04	 1.11017422E-02	-1.09424739E-02	 1.14671490E-01
 8.530000E-01	 1.07358331E-02	-3.48017243E-03	-7.99887286E-03	 8.87197993E-03	-1.97798052E-03	-7.30123586E-03	 9.45840601E-03	-2.82634463E-02	 2.80185863E-03	-7.02052267E-02	-1.49629308E-03	 8.75779301E-03	-9.32612267E-03	-9.40069952E-03	 6.22643489E-03	-1.43430659E-02	 1.92448812E-03	 1.53904202E-02	-1.17268145E-02	 1.17143115E-01
 8.540000E-01	 7.47599570E-03	-1.36040408E-03	-7.70580509E-03	 4.96193602E-03	 1.01957432E-03	-2.77318151E-03	 9.14205815E-03	-2.34668716E-02	 2.53370533E-03	-5.62594526E-02	-2.74138679E-03	 6.78580729E-03	-6.53866186E-03	-1.07375330E-02	 1.25695725E-03	-1.04211485E-02	 1.56759746E-03	 1.76700898E-02	-1.24756481E-02	 1.15668837E-01
 8.550000E-01	 3.85795987E-03	 1.97327970E-04	-6.46720461E-03	 1.18636708E-03	 3.50487763E-03	 1.90847987E-03	 9.09887668E-03	-1.89237031E-02	 2.91843351E-03	-4.31174841E-02	-3.70258627E-03	 3.36716165E-03	-4.61778771E-03	-1.17174353E-02	-4.59510444E-03	-7.73454246E-03	 7.81158246E-04	 1.76373068E-02	-1.30425621E-02	 1.11306737E-01
 8.560000E-01	 5.68749116E-04	 8.30386765E-04	-5.02038329E-03	-2.01910398E-03	 4.94798461E-03	 6.18525948E-03	 9.13800793E-03	-1.52576213E-02	 4.08712558E-03	-3.16828346E-02	-4.18253137E-03	-2.42145434E-04	-3.65020959E-03	-1.22665706E-02	-1.02526862E-02	-6.51858318E-03	 3.67563580E-04	 1.57786048E-02	-1.33580084E-02	 1.05174767E-01
 8.570000E-01	-1.98099359E-03	 5.24963057E-04	-3.88710020E-03	-4.46028119E-03	 5.24481282E-03	 9.72460462E-03	 9.24301986E-03	-1.27397208E-02	 5.67645980E-03	-2.24491752E-02	-4.11383150E-03	-3.20284261E-03	-3.49140411E-03	-1.23715946E-02	-1.48838083E-02	-6.57083686E-03	 5.66450594E-04	 1.27806249E-02	-1.36301095E-02	 9.85101061E-02
 8.580000E-01	-3.62633215E-03	-4.71734315E-04	-3.30044132E-03	-6.08278189E-03	 4.60040647E-03	 1.22729169E-02	 9.42318333E-03	-1.13423814E-02	 7.64617982E-03	-1.50802053E-02	-3.55813584E-03	-5.06849795E-03	-3.83613753E-03	-1.21328762E-02	-1.81272619E-02	-7.52123775E-03	 1.35952309E-03	 9.44612354E-03	-1.40012405E-02	 9.19952944E-02
 8.590000E-01	-4.39920779E-03	-1.81068917E-03	-3.29726266E-03	-6.98340511E-03	 3.38690138E-03	 1.38020986E-02	 9.71758465E-03	-1.08296917E-02	 9.60685295E-03	-9.25446063E-03	-2.69237955E-03	-5.78779546E-03	-4.38025147E-03	-1.16656081E-02	-1.98908886E-02	-8.92049453E-03	 2.45411265E-03	 6.32323424E-03	-1.46887949E-02	 8.61585620E-02
 8.600000E-01	-4.45431503E-03	-3.14295773E-03	-3.74660792E-03	-7.31163675E-03	 1.97852894E-03	 1.43769680E-02	 1.01294507E-02	-1.08620563E-02	 1.15312360E-02	-4.25985428E-03	-1.71707334E-03	-5.53366688E-03	-4.87129011E-03	-1.11153867E-02	-2.03861537E-02	-1.04054852E-02	 3.56237813E-03	 3.76338518E-03	-1.57363807E-02	 8.09275235E-02
 8.610000E-01	-4.01440083E-03	-4.20884831E-03	-4.45693887E-03	-7.25574243E-03	 6.86444177E-04	 1.41824617E-02	 1.05821127E-02	-1.10853258E-02	 1.31095098E-02	 2.33254809E-04	-8.37547719E-04	-4.63214218E-03	-5.15047596E-03	-1.05703664E-02	-1.99141808E-02	-1.16986430E-02	 4.38689499E-03	 1.82973222E-03	-1.71892251E-02	 7.62436728E-02
 8.620000E-01	-3.31401648E-03	-4.87497636E-03	-5.21890258E-03	-6.98331555E-03	-3.26088932E-04	 1.34354370E-02	 1.09998484E-02	-1.12181944E-02	 1.43954192E-02	 4.71052697E-03	-1.77485915E-04	-3.41904474E-03	-5.17238000E-03	-1.00937175E-02	-1.88492588E-02	-1.26663734E-02	 4.75652973E-03	 4.27280318E-04	-1.89447713E-02	 7.16543124E-02
 8.630000E-01	-2.56219734E-03	-5.11094663E-03	-5.86818632E-03	-6.63692799E-03	-9.95236214E-04	 1.23329353E-02	 1.12231939E-02	-1.10810128E-02	 1.51904294E-02	 9.15808126E-03	 1.87429229E-04	-2.19085782E-03	-4.94817446E-03	-9.68484385E-03	-1.75084987E-02	-1.32563389E-02	 4.58250564E-03	-6.50572078E-04	-2.09306383E-02	 6.69650853E-02
 8.640000E-01	-1.92569290E-03	-4.99209122E-03	-6.29687164E-03	-6.31227134E-03	-1.37572254E-03	 1.10576828E-02	 1.11914946E-02	-1.06212842E-02	 1.56372154E-02	 1.37267756E-02	 2.81133769E-04	-1.16211043E-03	-4.56724910E-03	-9.32487404E-03	-1.61453549E-02	-1.35079157E-02	 3.87297095E-03	-1.63183195E-03	-2.30052968E-02	 6.17602677E-02
 8.650000E-01	-1.49986650E-03	-4.62503520E-03	-6.47252253E-03	-6.06676648E-03	-1.56248696E-03	 9.68460578E-03	 1.07713039E-02	-9.89501167E-03	 1.56301256E-02	 1.81095890E-02	 1.63058833E-04	-4.43356529E-04	-4.09605175E-03	-8.97352193E-03	-1.49123465E-02	-1.34885336E-02	 2.71092429E-03	-2.70882186E-03	-2.50891535E-02	 5.60049759E-02
 8.660000E-01	-1.31625747E-03	-4.14570832E-03	-6.40780026E-03	-5.90876714E-03	-1.67616418E-03	 8.30563644E-03	 9.99482774E-03	-9.00736283E-03	 1.53547594E-02	 2.23128824E-02	-6.48672842E-05	-7.84601714E-05	-3.62732395E-03	-8.59730514E-03	-1.38685183E-02	-1.32811729E-02	 1.18923852E-03	-4.00780436E-03	-2.70935821E-02	 4.95077670E-02
 8.670000E-01	-1.33469977E-03	-3.67606797E-03	-6.16756755E-03	-5.82254780E-03	-1.84830920E-03	 6.89494351E-03	 8.77985846E-03	-8.12228512E-03	 1.47368012E-02	 2.59439590E-02	-2.98413953E-04	-1.84167057E-05	-3.19863656E-03	-8.16567296E-03	-1.30173127E-02	-1.29645134E-02	-5.43310152E-04	-5.58978324E-03	-2.89791910E-02	 4.24356310E-02
 8.680000E-01	-1.50909577E-03	-3.28385204E-03	-5.82924166E-03	-5.77930453E-03	-2.12932186E-03	 5.46512299E-03	 7.26557280E-03	-7.38050388E-03	 1.39621436E-02	 2.90390908E-02	-4.91683962E-04	-2.11630041E-04	-2.83383832E-03	-7.70013345E-03	-1.22753265E-02	-1.26036768E-02	-2.39370284E-03	-7.44648186E-03	-3.07191069E-02	 3.47761893E-02
 8.690000E-01	-1.79213614E-03	-3.08214173E-03	-5.46842759E-03	-5.80976759E-03	-2.60744616E-03	 3.90216000E-03	 5.38046514E-03	-6.96290972E-03	 1.29166935E-02	 3.12009809E-02	-5.94429049E-04	-5.11292610E-04	-2.56379752E-03	-7.16414900E-03	-1.16018991E-02	-1.22479561E-02	-4.19275938E-03	-9.57164279E-03	-3.22531128E-02	 2.67742466E-02
 8.700000E-01	-2.10138870E-03	-3.05772625E-03	-5.12328727E-03	-5.89204821E-03	-3.23609701E-03	 2.25864934E-03	 3.25197641E-03	-6.83076490E-03	 1.16478817E-02	 3.26848903E-02	-5.55009583E-04	-7.47660991E-04	-2.35586492E-03	-6.48542989E-03	-1.08573028E-02	-1.18089563E-02	-5.83764963E-03	-1.17832509E-02	-3.35193378E-02	 1.86645112E-02
 8.710000E-01	-2.34249365E-03	-3.13225889E-03	-4.83622486E-03	-5.95288713E-03	-3.99268536E-03	 5.05056624E-04	 9.22532603E-04	-7.05238506E-03	 1.01817211E-02	 3.33347545E-02	-3.76780348E-04	-8.83972990E-04	-2.16498174E-03	-5.73231879E-03	-1.00278596E-02	-1.13089579E-02	-7.30282285E-03	-1.39615979E-02	-3.46382034E-02	 1.07082908E-02
 8.720000E-01	-2.48532525E-03	-3.25814872E-03	-4.63126173E-03	-5.99278374E-03	-4.79975603E-03	-1.31371630E-03	-1.46296355E-03	-7.58631673E-03	 8.57092478E-03	 3.34127308E-02	-1.10986479E-04	-8.73832003E-04	-1.94162504E-03	-4.90900876E-03	-9.03428790E-03	-1.06977014E-02	-8.53885758E-03	-1.60260214E-02	-3.55235675E-02	 2.96105107E-03
 8.730000E-01	-2.50666796E-03	-3.35971656E-03	-4.48147967E-03	-5.99597949E-03	-5.60089204E-03	-3.19888930E-03	-3.89999050E-03	-8.40658764E-03	 6.79865816E-03	 3.28599138E-02	 2.01008022E-04	-7.10574542E-04	-1.67216281E-03	-4.06865372E-03	-7.91168154E-03	-1.00009539E-02	-9.53651240E-03	-1.78886576E-02	-3.62874715E-02	-4.37838751E-03
 8.740000E-01	-2.40426276E-03	-3.40583052E-03	-4.38449676E-03	-5.96156082E-03	-6.34686659E-03	-5.06386760E-03	-6.27767818E-03	-9.44497901E-03	 4.91083591E-03	 3.19328735E-02	 5.05125161E-04	-4.28810230E-04	-1.32704428E-03	-3.20953344E-03	-6.65876013E-03	-9.16373035E-03	-1.03049588E-02	-1.95129432E-02	-3.68469167E-02	-1.13529432E-02
 8.750000E-01	-2.20672783E-03	-3.35583619E-03	-4.29332146E-03	-5.89293399E-03	-7.00362475E-03	-6.89366667E-03	-8.62229464E-03	-1.06402108E-02	 2.87320737E-03	 3.06026127E-02	 7.75544565E-04	-5.67096603E-05	-9.17001909E-04	-2.36494449E-03	-5.34194931E-03	-8.22589511E-03	-1.08374095E-02	-2.08566963E-02	-3.72965801E-02	-1.78212332E-02
 8.760000E-01	-1.94182485E-03	-3.21305533E-03	-4.19785693E-03	-5.79970527E-03	-7.55239947E-03	-8.60460367E-03	-1.08471647E-02	-1.19457215E-02	 7.40701134E-04	 2.90632317E-02	 9.86040342E-04	 3.47661420E-04	-4.42429621E-04	-1.52491471E-03	-3.98418036E-03	-7.15736566E-03	-1.11609846E-02	-2.19227081E-02	-3.75578804E-02	-2.38870029E-02
 8.770000E-01	-1.64708403E-03	-2.97886508E-03	-4.06217106E-03	-5.68412452E-03	-7.98896563E-03	-1.01952943E-02	-1.29830769E-02	-1.33157150E-02	-1.51722371E-03	 2.72771819E-02	 1.13880514E-03	 7.51360204E-04	 7.30445105E-05	-7.06780791E-04	-2.64964909E-03	-6.00796698E-03	-1.12603113E-02	-2.27016900E-02	-3.77056238E-02	-2.94431055E-02
 8.780000E-01	-1.34363801E-03	-2.67659077E-03	-3.87912532E-03	-5.55133803E-03	-8.31233270E-03	-1.15931028E-02	-1.49611723E-02	-1.47193815E-02	-3.84185014E-03	 2.53869837E-02	 1.23354913E-03	 1.11730690E-03	 6.09664456E-04	 9.89297013E-05	-1.34363062E-03	-4.77758497E-03	-1.11576449E-02	-2.32114784E-02	-3.76724619E-02	-3.46084007E-02
 8.790000E-01	-1.05236968E-03	-2.32904925E-03	-3.63725828E-03	-5.39167754E-03	-8.53874256E-03	-1.28138038E-02	-1.68040661E-02	-1.61316440E-02	-6.25460150E-03	 2.33497491E-02	 1.27642581E-03	 1.42830968E-03	 1.14042808E-03	 8.75887712E-04	-1.12249770E-04	-3.51721179E-03	-1.08387569E-02	-2.34551784E-02	-3.75199551E-02	-3.92868542E-02
 8.800000E-01	-7.85122656E-04	-1.95702907E-03	-3.34151578E-03	-5.20487759E-03	-8.66913576E-03	-1.38047116E-02	-1.84543085E-02	-1.75270325E-02	-8.69827495E-03	 2.12725693E-02	 1.27856542E-03	 1.67550772E-03	 1.64238405E-03	 1.62737789E-03	 1.05650895E-03	-2.23967227E-03	-1.03303818E-02	-2.34422759E-02	-3.72034197E-02	-4.35792582E-02
 8.810000E-01	-5.50741422E-04	-1.58449645E-03	-3.00132029E-03	-4.98147978E-03	-8.72322803E-03	-1.46010602E-02	-1.99239966E-02	-1.88981063E-02	-1.11850571E-02	 1.91156892E-02	 1.24832360E-03	 1.85489391E-03	 2.09821080E-03	 2.33603500E-03	 2.13121433E-03	-9.79157100E-04	-9.63519459E-03	-2.31721815E-02	-3.67774875E-02	-4.73912331E-02
 8.820000E-01	-3.50966552E-04	-1.22240700E-03	-2.62717519E-03	-4.72185248E-03	-8.69238141E-03	-1.51739447E-02	-2.11654272E-02	-2.02210016E-02	-1.36638941E-02	 1.69591556E-02	 1.20361002E-03	 1.97496805E-03	 2.49545831E-03	 3.00263694E-03	 3.13012594E-03	 2.54776803E-04	-8.78373909E-03	-2.26455723E-02	-3.62153411E-02	-5.08086336E-02
 8.830000E-01	-1.81663871E-04	-8.85890514E-04	-2.23425938E-03	-4.42249859E-03	-8.59086321E-03	-1.55640455E-02	-2.21874389E-02	-2.14947236E-02	-1.61412034E-02	 1.47761808E-02	 1.14845330E-03	 2.04007326E-03	 2.82652718E-03	 3.60938517E-03	 4.03488072E-03	 1.44189925E-03	-7.78803892E-03	-2.18684591E-02	-3.55556112E-02	-5.37561874E-02
 8.840000E-01	-3.73870452E-05	-5.76628219E-04	-1.83241564E-03	-4.08331394E-03	-8.40541410E-03	-1.57548337E-02	-2.29580327E-02	-2.26888932E-02	-1.85769473E-02	 1.26265718E-02	 1.09082060E-03	 2.06434888E-03	 3.08861942E-03	 4.15280447E-03	 4.86064660E-03	 2.57207572E-03	-6.67529895E-03	-2.08479738E-02	-3.47804908E-02	-5.63160935E-02
 8.850000E-01	 8.65328076E-05	-3.00002654E-04	-1.43664408E-03	-3.71014013E-03	-8.15005283E-03	-1.57805753E-02	-2.34928580E-02	-2.38010563E-02	-2.09730198E-02	 1.04990160E-02	 1.02654712E-03	 2.05234626E-03	 3.27931749E-03	 4.61544856E-03	 5.59558130E-03	 3.63119991E-03	-5.46685180E-03	-1.96028632E-02	-3.39134939E-02	-5.84339995E-02
 8.860000E-01	 1.91042023E-04	-5.48868913E-05	-1.05490135E-03	-3.30584962E-03	-7.81629561E-03	-1.56347252E-02	-2.37788629E-02	-2.47978868E-02	-2.33006117E-02	 8.43053286E-03	 9.58618261E-04	 2.01427607E-03	 3.40473124E-03	 4.99537927E-03	 6.24421459E-03	 4.61270144E-03	-4.18891249E-03	-1.81464414E-02	-3.29478890E-02	-6.01813046E-02
 8.870000E-01	 2.77147614E-04	 1.57798562E-04	-6.98326089E-04	-2.88542990E-03	-7.42025108E-03	-1.53450498E-02	-2.38390021E-02	-2.56820503E-02	-2.55530919E-02	 6.41702132E-03	 8.86987901E-04	 1.95191412E-03	 3.46636587E-03	 5.28465828E-03	 6.79820409E-03	 5.51160952E-03	-2.86923365E-03	-1.65049854E-02	-3.18947564E-02	-6.15216085E-02
 8.880000E-01	 3.45167022E-04	 3.38473211E-04	-3.69710429E-04	-2.45206163E-03	-6.95850588E-03	-1.49135119E-02	-2.36731196E-02	-2.64247355E-02	-2.77109313E-02	 4.47013639E-03	 8.15674116E-04	 1.87258052E-03	 3.47501813E-03	 5.48806279E-03	 7.25561123E-03	 6.32610359E-03	-1.52400270E-03	-1.46981416E-02	-3.07534518E-02	-6.25172563E-02
 8.890000E-01	 3.97141567E-04	 4.88497342E-04	-7.52894726E-05	-2.02276254E-03	-6.44798372E-03	-1.43604864E-02	-2.33068515E-02	-2.70360104E-02	-2.97563649E-02	 2.59014941E-03	 7.45590890E-04	 1.77779719E-03	 3.43246911E-03	 5.60570259E-03	 7.61526240E-03	 7.05317067E-03	-1.78304169E-04	-1.27599457E-02	-2.95215439E-02	-6.31526158E-02
 8.900000E-01	 4.33242718E-04	 6.08470733E-04	 1.85610787E-04	-1.59877111E-03	-5.89088248E-03	-1.36941757E-02	-2.27485591E-02	-2.74915655E-02	-3.16797858E-02	 7.70851234E-04	 6.77720018E-04	 1.67386113E-03	 3.34985970E-03	 5.64427659E-03	 7.87500051E-03	 7.68943045E-03	 1.16303141E-03	-1.07170297E-02	-2.82046175E-02	-6.34776677E-02
 8.910000E-01	 4.54503827E-04	 7.00067321E-04	 4.09020208E-04	-1.19649578E-03	-5.30580911E-03	-1.29302949E-02	-2.20261446E-02	-2.78067071E-02	-3.34533499E-02	-9.80267949E-04	 6.12943889E-04	 1.56228583E-03	 3.22992831E-03	 5.60908897E-03	 8.04068856E-03	 8.23213114E-03	 2.47419114E-03	-8.60431233E-03	-2.67949111E-02	-6.34871194E-02
 8.920000E-01	 4.61640941E-04	 7.64294058E-04	 5.98248691E-04	-8.15265244E-04	-4.69918359E-03	-1.20825305E-02	-2.11536729E-02	-2.79617832E-02	-3.50787571E-02	-2.68006900E-03	 5.53471414E-04	 1.44890986E-03	 3.08373328E-03	 5.50919726E-03	 8.11182715E-03	 8.68152759E-03	 3.75574305E-03	-6.44772722E-03	-2.53077282E-02	-6.32111165E-02
 8.930000E-01	 4.57546277E-04	 8.03797054E-04	 7.51293786E-04	-4.66348092E-04	-4.08714047E-03	-1.11628600E-02	-2.01572638E-02	-2.79758686E-02	-3.65189310E-02	-4.31294526E-03	 5.01484433E-04	 1.33524860E-03	 2.91582254E-03	 5.35458923E-03	 8.09928232E-03	 9.03944017E-03	 4.98140592E-03	-4.27444321E-03	-2.37338797E-02	-6.26526555E-02
 8.940000E-01	 4.45337032E-04	 8.22455503E-04	 8.73265999E-04	-1.45422986E-04	-3.47540661E-03	-1.01882370E-02	-1.90495638E-02	-2.78364281E-02	-3.77854144E-02	-5.90325426E-03	 4.58643907E-04	 1.22543759E-03	 2.73524076E-03	 5.15378064E-03	 8.00425459E-03	 9.31070056E-03	 6.15637044E-03	-2.10855334E-03	-2.20945748E-02	-6.18301564E-02
 8.950000E-01	 4.28444256E-04	 8.23297940E-04	 9.63881184E-04	 1.40462439E-04	-2.87422497E-03	-9.16944828E-03	-1.78525104E-02	-2.75633505E-02	-3.88344843E-02	-7.42847884E-03	 4.24795541E-04	 1.12083029E-03	 2.54662240E-03	 4.91801464E-03	 7.84047979E-03	 9.49771293E-03	 7.25751392E-03	 2.74215463E-05	-2.03768666E-02	-6.07569840E-02
 8.960000E-01	 4.10288420E-04	 8.11381669E-04	 1.02982691E-03	 3.96016303E-04	-2.28831649E-03	-8.12510159E-03	-1.65787662E-02	-2.71482944E-02	-3.96897820E-02	-8.91430209E-03	 3.98827601E-04	 1.02447541E-03	 2.35547536E-03	 4.65331208E-03	 7.61173989E-03	 9.60632375E-03	 8.29249044E-03	 2.10741034E-03	-1.86062175E-02	-5.94399967E-02
 8.970000E-01	 3.92870906E-04	 7.89796102E-04	 1.07178357E-03	 6.18164912E-04	-1.72376822E-03	-7.06411718E-03	-1.52495744E-02	-2.66063663E-02	-4.03054902E-02	-1.03269727E-02	 3.78880715E-04	 9.37275947E-04	 2.16671762E-03	 4.37067626E-03	 7.33311161E-03	 9.63882371E-03	 9.24019468E-03	 4.11561875E-03	-1.67716626E-02	-5.78986059E-02
 8.980000E-01	 3.78796794E-04	 7.64249390E-04	 1.09691496E-03	 8.12302570E-04	-1.18467291E-03	-6.00334874E-03	-1.38776772E-02	-2.59341315E-02	-4.07164508E-02	-1.16903207E-02	 3.63468447E-04	 8.59359095E-04	 1.98282803E-03	 4.07364430E-03	 7.00896696E-03	 9.60404625E-03	 1.01064099E-02	 6.02750258E-03	-1.49047338E-02	-5.61319042E-02
 8.990000E-01	 3.68727166E-04	 7.36551538E-04	 1.10701158E-03	 9.78333298E-04	-6.72345945E-04	-4.94972135E-03	-1.24815242E-02	-2.51419258E-02	-4.08760089E-02	-1.29647733E-02	 3.50737304E-04	 7.90662588E-04	 1.80789941E-03	 3.77251710E-03	 6.65244439E-03	 9.50520663E-03	 1.08742119E-02	 7.83548179E-03	-1.29953872E-02	-5.41673920E-02
 9.000000E-01	 3.64452924E-04	 7.11858368E-04	 1.10907302E-03	 1.12146708E-03	-1.89173903E-04	-3.91667263E-03	-1.10715379E-02	-2.42325292E-02	-4.08276617E-02	-1.41731523E-02	 3.38108512E-04	 7.28958836E-04	 1.64076100E-03	 3.46750419E-03	 6.26769455E-03	 9.35141708E-03	 1.15482411E-02	 9.51523564E-03	-1.10781462E-02	-5.20021175E-02
 9.010000E-01	 3.64354568E-04	 6.90674678E-04	 1.10405563E-03	 1.24368190E-03	 2.65603689E-04	-2.91019764E-03	-9.66321144E-03	-2.32128015E-02	-4.05247077E-02	-1.52735737E-02	 3.23362479E-04	 6.73031588E-04	 1.48446759E-03	 3.16609280E-03	 5.86526029E-03	 9.14428857E-03	 1.21164429E-02	 1.10658250E-02	-9.14497678E-03	-4.96731128E-02
 9.020000E-01	 3.68489759E-04	 6.76345877E-04	 1.09720524E-03	 1.34901259E-03	 6.89253040E-04	-1.94140524E-03	-8.26677801E-03	-2.20938272E-02	-4.00178281E-02	-1.62881643E-02	 3.04680106E-04	 6.19005351E-04	 1.33549597E-03	 2.86670203E-03	 5.44894657E-03	 8.89213775E-03	 1.25805617E-02	 1.24616401E-02	-7.23279363E-03	-4.71766800E-02
 9.030000E-01	 3.74268014E-04	 6.66604758E-04	 1.08893194E-03	 1.43956154E-03	 1.08267106E-03	-1.01622662E-03	-6.89667035E-03	-2.08791875E-02	-3.92636064E-02	-1.71769552E-02	 2.81790884E-04	 5.66311102E-04	 1.19579843E-03	 2.57605400E-03	 5.02652159E-03	 8.59694618E-03	 1.29344044E-02	 1.37083285E-02	-5.33418132E-03	-4.45551975E-02
 9.040000E-01	 3.82023829E-04	 6.62855400E-04	 1.08312534E-03	 1.51827447E-03	 1.44403876E-03	-1.41970361E-04	-5.56240511E-03	-1.95861835E-02	-3.83189502E-02	-1.79602674E-02	 2.54151902E-04	 5.11607265E-04	 1.06052354E-03	 2.29219381E-03	 4.60132968E-03	 8.26655157E-03	 1.31779584E-02	 1.47806472E-02	-3.48596639E-03	-4.18030381E-02
 9.050000E-01	 3.89235398E-04	 6.61902994E-04	 1.07899069E-03	 1.58718259E-03	 1.77462554E-03	 6.76693551E-04	-4.27441561E-03	-1.82147393E-02	-3.71444640E-02	-1.86022109E-02	 2.22210262E-04	 4.54959753E-04	 9.31085992E-04	 2.01919224E-03	 4.17827479E-03	 7.90298986E-03	 1.33118073E-02	 1.56925875E-02	-1.68083518E-03	-3.89674286E-02
 9.060000E-01	 3.96132287E-04	 6.64433925E-04	 1.07825909E-03	 1.64814121E-03	 2.07379436E-03	 1.43545874E-03	-3.04016872E-03	-1.67884337E-02	-3.57998449E-02	-1.91213207E-02	 1.85805651E-04	 3.93679616E-04	 8.03031142E-04	 1.75421035E-03	 3.76012796E-03	 7.51192294E-03	 1.33339041E-02	 1.64193364E-02	 4.51724814E-05	-3.60423870E-02
 9.070000E-01	 4.00456698E-04	 6.67155741E-04	 1.07908315E-03	 1.70219542E-03	 2.34207592E-03	 2.12983943E-03	-1.86691282E-03	-1.53050681E-02	-3.42511983E-02	-1.94884881E-02	 1.45703994E-04	 3.28794262E-04	 6.77544131E-04	 1.49945880E-03	 3.34994522E-03	 7.09576748E-03	 1.32514301E-02	 1.69819456E-02	 1.69952988E-03	-3.30782915E-02
 9.080000E-01	 4.02692917E-04	 6.70364218E-04	 1.08195350E-03	 1.75036412E-03	 2.57956510E-03	 2.75784418E-03	-7.62330045E-04	-1.37932279E-02	-3.25596075E-02	-1.97194217E-02	 1.02057554E-04	 2.59076386E-04	 5.51236494E-04	 1.25304346E-03	 2.95021822E-03	 6.65847724E-03	 1.30601036E-02	 1.73556255E-02	 3.24733207E-03	-3.00674897E-02
 9.090000E-01	 4.01097256E-04	 6.71282458E-04	 1.08467138E-03	 1.79248140E-03	 2.78609212E-03	 3.31621665E-03	 2.69381994E-04	-1.22482813E-02	-3.06986447E-02	-1.97928754E-02	 5.57648553E-05	 1.85969720E-04	 4.25079590E-04	 1.01584397E-03	 2.56222156E-03	 6.20394149E-03	 1.27734214E-02	 1.75687913E-02	 4.69715634E-03	-2.70621440E-02
 9.100000E-01	 3.95911174E-04	 6.69931232E-04	 1.08684492E-03	 1.82848282E-03	 2.96264989E-03	 3.80537911E-03	 1.22139465E-03	-1.07013792E-02	-2.87278387E-02	-1.97214901E-02	 7.35522672E-06	 1.08925626E-04	 2.97481911E-04	 7.86501593E-04	 2.18716955E-03	 5.73375745E-03	 1.23846645E-02	 1.75975096E-02	 6.01641134E-03	-2.40533211E-02
 9.110000E-01	 3.85817447E-04	 6.64023539E-04	 1.08605076E-03	 1.85669865E-03	 3.10826821E-03	 4.22360864E-03	 2.09388655E-03	-9.14615596E-03	-2.66283587E-02	-1.94941885E-02	-4.20066304E-05	 2.91782493E-05	 1.69484440E-04	 5.64579423E-04	 1.82486668E-03	 5.25293673E-03	 1.19132896E-02	 1.74770716E-02	 7.21635131E-03	-2.10947972E-02
 9.120000E-01	 3.71252390E-04	 6.53330221E-04	 1.08147867E-03	 1.87658034E-03	 3.22399445E-03	 4.57248358E-03	 2.88016737E-03	-7.61516053E-03	-2.44551923E-02	-1.91208520E-02	-9.14787010E-05	-5.26541562E-05	 4.12049525E-05	 3.50036713E-04	 1.47593115E-03	 4.76040555E-03	 1.13503965E-02	 1.71834815E-02	 8.26727103E-03	-1.81751245E-02
 9.130000E-01	 3.51830581E-04	 6.36480852E-04	 1.07107256E-03	 1.88619919E-03	 3.30818680E-03	 4.85186524E-03	 3.58339068E-03	-6.10164736E-03	-2.21983041E-02	-1.86011964E-02	-1.40213067E-04	-1.35112665E-04	-8.67529001E-05	 1.42384169E-04	 1.14027818E-03	 4.26327433E-03	 1.07212669E-02	 1.67577852E-02	 9.18357809E-03	-1.53478571E-02
 9.140000E-01	 3.27893298E-04	 6.13444310E-04	 1.05400636E-03	 1.88502297E-03	 3.36195773E-03	 5.06370975E-03	 4.19629237E-03	-4.63751994E-03	-1.99060460E-02	-1.79413820E-02	-1.87459881E-04	-2.16731330E-04	-2.12993316E-04	-5.71101629E-05	 8.18048661E-04	 3.75830752E-03	 1.00146343E-02	 1.61758082E-02	 9.93846263E-03	-1.25975155E-02
 9.150000E-01	 2.99211440E-04	 5.83649832E-04	 1.02874528E-03	 1.87078128E-03	 3.38395067E-03	 5.20984782E-03	 4.72553530E-03	-3.21590949E-03	-1.75776432E-02	-1.71521453E-02	-2.32423652E-04	-2.96662128E-04	-3.37065744E-04	-2.49214293E-04	 5.09321279E-04	 3.25488570E-03	 9.26052736E-03	 1.54842378E-02	 1.05502548E-02	-9.97738506E-03
 9.160000E-01	 2.65968866E-04	 5.46869729E-04	 9.94512389E-04	 1.84244360E-03	 3.37497146E-03	 5.29178687E-03	 5.16422002E-03	-1.86552726E-03	-1.52517786E-02	-1.62358455E-02	-2.73806202E-04	-3.73072843E-04	-4.56251150E-04	-4.31933281E-04	 2.13375755E-04	 2.74710352E-03	 8.44472811E-03	 1.46583647E-02	 1.09956688E-02	-7.46748421E-03
 9.170000E-01	 2.28818032E-04	 5.03177748E-04	 9.50629661E-04	 1.79837930E-03	 3.33438534E-03	 5.31360875E-03	 5.52208425E-03	-5.80181879E-04	-1.29369200E-02	-1.52141843E-02	-3.10908843E-04	-4.45294127E-04	-5.70328382E-04	-6.05782166E-04	-6.85754557E-05	 2.24663829E-03	 7.60155911E-03	 1.37494032E-02	 1.12974339E-02	-5.12040777E-03
 9.180000E-01	 1.88394914E-04	 4.52636328E-04	 8.96568931E-04	 1.73808392E-03	 3.26243675E-03	 5.27593160E-03	 5.79194961E-03	 6.16326316E-04	-1.06601461E-02	-1.40847641E-02	-3.42815469E-04	-5.10888567E-04	-6.76204981E-04	-7.68175321E-04	-3.37535115E-04	 1.74535903E-03	 6.71407348E-03	 1.27312645E-02	 1.14356320E-02	-2.90993472E-03
 9.190000E-01	 1.45609873E-04	 3.96326918E-04	 8.32658765E-04	 1.66149610E-03	 3.16031606E-03	 5.18536697E-03	 5.98546992E-03	 1.72835641E-03	-8.43977728E-03	-1.28791473E-02	-3.69663530E-04	-5.69682591E-04	-7.74186430E-04	-9.19388928E-04	-5.90718053E-04	 1.25790933E-03	 5.82036336E-03	 1.16590960E-02	 1.14369027E-02	-8.87429490E-04
 9.200000E-01	 1.00539919E-04	 3.34367401E-04	 7.58435147E-04	 1.56778691E-03	 3.02766761E-03	 5.04101350E-03	 6.09571967E-03	 2.73885066E-03	-6.28951968E-03	-1.15898415E-02	-3.90518194E-04	-6.19547006E-04	-8.60979805E-04	-1.05700928E-03	-8.30136684E-04	 7.74129766E-04	 4.90004379E-03	 1.05052634E-02	 1.12846310E-02	 9.80293476E-04
 9.210000E-01	 5.41494535E-05	 2.68182677E-04	 6.75326504E-04	 1.45811711E-03	 2.86790340E-03	 4.85181231E-03	 6.13602768E-03	 3.64953348E-03	-4.23696594E-03	-1.02578642E-02	-4.05326862E-04	-6.60960557E-04	-9.36945362E-04	-1.18086335E-03	-1.05160349E-03	 3.11389491E-04	 3.99393365E-03	 9.32796392E-03	 1.10090903E-02	 2.64260786E-03
 9.220000E-01	 6.87953289E-06	 1.97720423E-04	 5.82923166E-04	 1.33136547E-03	 2.67949500E-03	 4.61521049E-03	 6.10035168E-03	 4.45177008E-03	-2.28063303E-03	-8.87034929E-03	-4.12962338E-04	-6.91745838E-04	-9.98983132E-04	-1.28882515E-03	-1.25811210E-03	-1.42862725E-04	 3.07811622E-03	 8.09707019E-03	 1.05971680E-02	 4.14021811E-03
 9.230000E-01	-3.96533743E-05	 1.25141487E-04	 4.83869773E-04	 1.19114971E-03	 2.46853838E-03	 4.34282139E-03	 6.00256430E-03	 5.14372746E-03	-4.57129718E-04	-7.47574232E-03	-4.14154362E-04	-7.12589480E-04	-1.04794257E-03	-1.38025649E-03	-1.44354177E-03	-5.68731933E-04	 2.19609221E-03	 6.87251367E-03	 1.00817832E-02	 5.42324765E-03
 9.240000E-01	-8.52612312E-05	 5.05241775E-05	 3.77511431E-04	 1.03614429E-03	 2.23247748E-03	 4.03075034E-03	 5.83786148E-03	 5.72636094E-03	 1.25052465E-03	-6.05471865E-03	-4.08480276E-04	-7.21731371E-04	-1.08155277E-03	-1.45417465E-03	-1.61216008E-03	-9.81077312E-04	 1.32053220E-03	 5.62157453E-03	 9.45299666E-03	 6.54047944E-03
 9.250000E-01	-1.28772541E-04	-2.35716960E-05	 2.67587518E-04	 8.71882555E-04	 1.98039714E-03	 3.69288182E-03	 5.61974653E-03	 6.19332520E-03	 2.79709342E-03	-4.66147611E-03	-3.97008914E-04	-7.20641588E-04	-1.10088463E-03	-1.50968797E-03	-1.75643945E-03	-1.35746252E-03	 4.96725306E-04	 4.40535920E-03	 8.74487608E-03	 7.44264969E-03
 9.260000E-01	-1.70360652E-04	-9.76367432E-05	 1.53037550E-04	 6.95864328E-04	 1.70828082E-03	 3.32381739E-03	 5.34551283E-03	 6.55575475E-03	 4.21550007E-03	-3.27093028E-03	-3.78907642E-04	-7.08115637E-04	-1.10427536E-03	-1.54689629E-03	-1.88247116E-03	-1.71509437E-03	-3.06530614E-04	 3.18870603E-03	 7.95054409E-03	 8.18663316E-03
 9.270000E-01	-2.08365938E-04	-1.68835738E-04	 3.87608265E-05	 5.15715706E-04	 1.42775447E-03	 2.93911977E-03	 5.02745392E-03	 6.80188089E-03	 5.45333932E-03	-1.94157660E-03	-3.55271834E-04	-6.85785780E-04	-1.09289536E-03	-1.56418439E-03	-1.98120121E-03	-2.02952537E-03	-1.04284634E-03	 2.03228529E-03	 7.10368889E-03	 8.72360686E-03
 9.280000E-01	-2.42788062E-04	-2.37827624E-04	-7.69511441E-05	 3.28288767E-04	 1.13333201E-03	 2.53247772E-03	 4.66566321E-03	 6.95324571E-03	 6.55887284E-03	-6.42330803E-04	-3.25799945E-04	-6.52704881E-04	-1.06618604E-03	-1.56308064E-03	-2.06044152E-03	-2.32073196E-03	-1.74678284E-03	 8.98260670E-04	 6.20041255E-03	 9.11772022E-03
 9.290000E-01	-2.72157555E-04	-3.01221102E-04	-1.88352891E-04	 1.43224301E-04	 8.39098261E-04	 2.12072122E-03	 4.27028189E-03	 6.99242615E-03	 7.47333909E-03	 5.67136727E-04	-2.92378576E-04	-6.10929998E-04	-1.02562783E-03	-1.54183508E-03	-2.10994885E-03	-2.56291614E-03	-2.37140771E-03	-1.54606028E-04	 5.27230009E-03	 9.32001870E-03
 9.300000E-01	-2.97346884E-04	-3.60336274E-04	-2.98063553E-04	-4.41395501E-05	 5.38265153E-04	 1.69712455E-03	 3.84478988E-03	 6.95133315E-03	 8.25829389E-03	 1.72364173E-03	-2.54782797E-04	-5.60281671E-04	-9.71651358E-04	-1.50374885E-03	-2.13985575E-03	-2.77872649E-03	-2.95435900E-03	-1.16569933E-03	 4.31837606E-03	 9.40056155E-03
 9.310000E-01	-3.17025464E-04	-4.11889648E-04	-3.99508685E-04	-2.23109090E-04	 2.46439226E-04	 1.27870077E-03	 3.39617749E-03	 6.80672807E-03	 8.85036524E-03	 2.76806887E-03	-2.14529248E-04	-5.03040908E-04	-9.05570311E-04	-1.44646548E-03	-2.13908560E-03	-2.94131457E-03	-3.44944713E-03	-2.07932678E-03	 3.36626784E-03	 9.31081266E-03
 9.320000E-01	-3.31946795E-04	-4.57908237E-04	-4.96134330E-04	-3.99525895E-04	-4.45753458E-05	 8.58733523E-04	 2.93164347E-03	 6.59949795E-03	 9.32235323E-03	 3.74110734E-03	-1.71281773E-04	-4.39198021E-04	-8.28684607E-04	-1.37455711E-03	-2.11968658E-03	-3.07567833E-03	-3.89671618E-03	-2.93533701E-03	 2.41758386E-03	 9.12553427E-03
 9.330000E-01	-3.40466608E-04	-4.94662513E-04	-5.80876933E-04	-5.61421959E-04	-3.18489100E-04	 4.53341747E-04	 2.45427399E-03	 6.30047193E-03	 9.60868057E-03	 4.58642234E-03	-1.27086103E-04	-3.70913636E-04	-7.42256620E-04	-1.28523817E-03	-2.06964412E-03	-3.15480132E-03	-4.25182119E-03	-3.68330475E-03	 1.49419354E-03	 8.79689692E-03
 9.340000E-01	-3.44040499E-04	-5.24640491E-04	-6.58311465E-04	-7.15726949E-04	-5.84270619E-04	 5.65470809E-05	 1.97540315E-03	 5.95799372E-03	 9.78961364E-03	 5.34748718E-03	-8.21492598E-05	-2.98761537E-04	-6.48577601E-04	-1.18486898E-03	-2.00302728E-03	-3.20583474E-03	-4.55588691E-03	-4.36226617E-03	 6.00514086E-04	 8.40089801E-03
 9.350000E-01	-3.41611835E-04	-5.44286242E-04	-7.21304141E-04	-8.50620244E-04	-8.25947962E-04	-3.17508709E-04	 1.49373055E-03	 5.53841919E-03	 9.79962368E-03	 5.97348775E-03	-3.83037475E-05	-2.25033990E-04	-5.48599568E-04	-1.07034030E-03	-1.90776614E-03	-3.20249511E-03	-4.76794458E-03	-4.92889712E-03	-2.48122367E-04	 7.89059525E-03
 9.360000E-01	-3.35078468E-04	-5.57061868E-04	-7.75291685E-04	-9.74240236E-04	-1.05292231E-03	-6.73315564E-04	 1.02460733E-03	 5.09557599E-03	 9.72197415E-03	 6.50848577E-03	 4.70534408E-06	-1.50599742E-04	-4.45281703E-04	-9.49107628E-04	-1.79970419E-03	-3.17305398E-03	-4.92853208E-03	-5.41913368E-03	-1.04433462E-03	 7.34042694E-03
 9.370000E-01	-3.23172315E-04	-5.59600419E-04	-8.13321215E-04	-1.07529692E-03	-1.25082836E-03	-9.99936245E-04	 5.61960989E-04	 4.59272304E-03	 9.49476438E-03	 6.90905665E-03	 4.54732234E-05	-7.72171596E-05	-3.39055444E-04	-8.17361774E-04	-1.66670478E-03	-3.09286378E-03	-5.00181864E-03	-5.79867848E-03	-1.78039073E-03	 6.70661510E-03
 9.380000E-01	-3.07846565E-04	-5.55768774E-04	-8.41478437E-04	-1.16224737E-03	-1.42863180E-03	-1.29973015E-03	 1.24891424E-04	 4.08587915E-03	 9.19929027E-03	 7.21715103E-03	 8.42187916E-05	-5.82428282E-06	-2.33457577E-04	-6.83439418E-04	-1.52546647E-03	-2.99009556E-03	-5.02546785E-03	-6.09805220E-03	-2.44629418E-03	 6.05871525E-03
 9.390000E-01	-2.87730721E-04	-5.42307497E-04	-8.53408939E-04	-1.22508555E-03	-1.57460784E-03	-1.56619855E-03	-2.97370792E-04	 3.53746616E-03	 8.78124595E-03	 7.39893909E-03	 1.19750849E-04	 6.24582410E-05	-1.28264380E-04	-5.43015728E-04	-1.36416904E-03	-2.84305752E-03	-4.97093004E-03	-6.29420341E-03	-3.04226077E-03	 5.35831154E-03
 9.400000E-01	-2.64802169E-04	-5.23121453E-04	-8.55308072E-04	-1.27183215E-03	-1.69622617E-03	-1.79890017E-03	-6.82964199E-04	 3.00194368E-03	 8.31392036E-03	 7.49165304E-03	 1.51968080E-04	 1.26510383E-04	-2.74341061E-05	-4.05005328E-04	-1.19935581E-03	-2.67798819E-03	-4.87027597E-03	-6.40959136E-03	-3.55622588E-03	 4.66612720E-03
 9.410000E-01	-2.37969747E-04	-4.95221329E-04	-8.41859043E-04	-1.29459476E-03	-1.78557995E-03	-1.99672266E-03	-1.04717181E-03	 2.44383349E-03	 7.75500361E-03	 7.47294567E-03	 1.79783773E-04	 1.85682349E-04	 7.00004329E-05	-2.64849161E-04	-1.02016656E-03	-2.47756490E-03	-4.70471127E-03	-6.43453354E-03	-3.99613702E-03	 3.95200150E-03
 9.420000E-01	-2.09557168E-04	-4.62537323E-04	-8.18929254E-04	-1.30039008E-03	-1.84768129E-03	-2.15560605E-03	-1.36640482E-03	 1.91182969E-03	 7.16344509E-03	 7.37217569E-03	 2.03041533E-04	 2.38411615E-04	 1.59818789E-04	-1.31645603E-04	-8.42277942E-04	-2.26399456E-03	-4.49759113E-03	-6.38073862E-03	-4.34816268E-03	 3.26282415E-03
 9.430000E-01	-1.78837525E-04	-4.23038823E-04	-7.82831573E-04	-1.28471542E-03	-1.87982509E-03	-2.28046341E-03	-1.65914516E-03	 1.37670805E-03	 6.51426460E-03	 7.17996414E-03	 2.21524058E-04	 2.84783003E-04	 2.43809442E-04	-5.68268206E-07	-6.57033725E-04	-2.02632453E-03	-4.24264914E-03	-6.25406364E-03	-4.62642339E-03	 2.57987568E-03
 9.440000E-01	-1.47744243E-04	-3.80322565E-04	-7.38348906E-04	-1.25246284E-03	-1.88346641E-03	-2.36309124E-03	-1.90145106E-03	 8.76657345E-04	 5.84566958E-03	 6.91505481E-03	 2.35175802E-04	 3.23214145E-04	 3.17630892E-04	 1.19993642E-04	-4.77748686E-04	-1.78023433E-03	-3.95094418E-03	-6.05282046E-03	-4.81621540E-03	 1.93171635E-03
 9.450000E-01	-1.15654932E-04	-3.33196668E-04	-6.83897954E-04	-1.20294506E-03	-1.86195947E-03	-2.41501448E-03	-2.11366027E-03	 3.92880851E-04	 5.15533650E-03	 6.58272054E-03	 2.44247821E-04	 3.54796936E-04	 3.83819647E-04	 2.34767849E-04	-2.98488894E-04	-1.52311453E-03	-3.63138602E-03	-5.80008712E-03	-4.93645850E-03	 1.31595244E-03
 9.460000E-01	-8.40924415E-05	-2.84151619E-04	-6.22389280E-04	-1.13756043E-03	-1.81179367E-03	-2.42359535E-03	-2.27367249E-03	-5.24664585E-05	 4.45392402E-03	 6.18865719E-03	 2.48238512E-04	 3.77687434E-04	 4.38100931E-04	 3.36450854E-04	-1.28320770E-04	-1.26111781E-03	-3.27894791E-03	-5.47814311E-03	-4.97332720E-03	 7.38308045E-04
 9.470000E-01	-5.30547614E-05	-2.33303679E-04	-5.55009850E-04	-1.06055546E-03	-1.74328410E-03	-2.40698551E-03	-2.40159923E-03	-4.62761530E-04	 3.76712954E-03	 5.75367838E-03	 2.48052059E-04	 3.93770107E-04	 4.83735055E-04	 4.29003385E-04	 3.44557974E-05	-1.00231182E-03	-2.92069955E-03	-5.12858935E-03	-4.94807727E-03	 2.17054127E-04
 9.480000E-01	-2.33731146E-05	-1.81790230E-04	-4.81947159E-04	-9.68968537E-04	-1.64704703E-03	-2.34796227E-03	-2.47934911E-03	-8.37042864E-04	 3.07201950E-03	 5.26799666E-03	 2.43067982E-04	 4.00967863E-04	 5.16801050E-04	 5.07158810E-04	 1.86464459E-04	-7.40393308E-04	-2.53216705E-03	-4.71574632E-03	-4.84935849E-03	-2.70061559E-04
 9.490000E-01	 4.47642458E-06	-1.31402402E-04	-4.07740811E-04	-8.72742279E-04	-1.54106429E-03	-2.27090217E-03	-2.52402257E-03	-1.15799802E-03	 2.42760436E-03	 4.76855020E-03	 2.34956448E-04	 4.02164997E-04	 5.41016388E-04	 5.73617420E-04	 3.23611307E-04	-4.96622249E-04	-2.16128329E-03	-4.30063458E-03	-4.69765862E-03	-6.79509952E-04
 9.500000E-01	 3.07408941E-05	-8.10755473E-05	-3.28906041E-04	-7.63125210E-04	-1.40895937E-03	-2.15430584E-03	-2.52424645E-03	-1.45125134E-03	 1.77187706E-03	 4.22876605E-03	 2.22507520E-04	 3.95045592E-04	 5.52972760E-04	 6.25973016E-04	 4.50351894E-04	-2.49168337E-04	-1.76071914E-03	-3.82828703E-03	-4.48646653E-03	-1.06562872E-03
 9.510000E-01	 5.39557722E-05	-3.45821276E-05	-2.53947642E-04	-6.56354010E-04	-1.27648940E-03	-2.02783808E-03	-2.49118079E-03	-1.67388462E-03	 1.20127067E-03	 3.70204217E-03	 2.07926376E-04	 3.83160232E-04	 5.56436552E-04	 6.64530732E-04	 5.55226961E-04	-3.48306869E-05	-1.40125916E-03	-3.37900882E-03	-4.23224199E-03	-1.35503880E-03
 9.520000E-01	 7.54931861E-05	 1.17037342E-05	-1.74847850E-04	-5.37100537E-04	-1.11975403E-03	-1.86638112E-03	-2.42316291E-03	-1.88277770E-03	 6.10445566E-04	 3.14403256E-03	 1.89521882E-04	 3.63800853E-04	 5.48902057E-04	 6.90673187E-04	 6.52335296E-04	 1.86505966E-04	-1.01024905E-03	-2.87804082E-03	-3.93578865E-03	-1.63779902E-03
 9.530000E-01	 9.27865570E-05	 5.13345918E-05	-1.04668119E-04	-4.28573035E-04	-9.72438845E-04	-1.70338210E-03	-2.32200543E-03	-2.00478661E-03	 1.36500896E-04	 2.62381530E-03	 1.70359181E-04	 3.41156319E-04	 5.33732325E-04	 7.01420241E-04	 7.20904426E-04	 3.60256096E-04	-6.82916137E-04	-2.42405050E-03	-3.60583397E-03	-1.80714739E-03
 9.540000E-01	 1.08922485E-04	 9.11233531E-05	-3.01026055E-05	-3.08031172E-04	-8.03077905E-04	-1.51135981E-03	-2.19857210E-03	-2.13172819E-03	-3.71369123E-04	 2.07909345E-03	 1.48140949E-04	 3.12390175E-04	 5.09717518E-04	 7.03133822E-04	 7.86505362E-04	 5.46965388E-04	-3.20005905E-04	-1.92331763E-03	-3.25303114E-03	-1.99132357E-03
 9.550000E-01	 1.19938137E-04	 1.21727742E-04	 3.06864032E-05	-2.05690239E-04	-6.52514687E-04	-1.32557852E-03	-2.04183082E-03	-2.15694916E-03	-7.34100370E-04	 1.59378439E-03	 1.26455911E-04	 2.82052257E-04	 4.79083959E-04	 6.88207931E-04	 8.17424077E-04	 6.72634110E-04	-4.13918399E-05	-1.49084948E-03	-2.87498550E-03	-2.04778221E-03
 9.560000E-01	 1.30612088E-04	 1.53689526E-04	 9.68497106E-05	-9.10636581E-05	-4.81967442E-04	-1.11793253E-03	-1.87793423E-03	-2.20937547E-03	-1.14819242E-03	 1.08874896E-03	 1.02232534E-04	 2.47087781E-04	 4.42403015E-04	 6.68855662E-04	 8.52254390E-04	 8.19598482E-04	 2.78833834E-04	-1.01593051E-03	-2.49456355E-03	-2.14370667E-03
 9.570000E-01	 1.35159945E-04	 1.74129750E-04	 1.44789832E-04	-1.42514918E-06	-3.38303599E-04	-9.22937186E-04	-1.67997858E-03	-2.14707309E-03	-1.39381928E-03	 6.61055763E-04	 7.97769903E-05	 2.12016661E-04	 4.00040462E-04	 6.31584633E-04	 8.46800132E-04	 8.93700164E-04	 4.97390521E-04	-6.26588755E-04	-2.09524619E-03	-2.10022910E-03
 9.580000E-01	 1.40494844E-04	 1.97545562E-04	 1.99854943E-04	 1.01204550E-04	-1.76778018E-04	-7.14082097E-04	-1.49171601E-03	-2.13596664E-03	-1.71028628E-03	 2.16275952E-04	 5.54307877E-05	 1.73941927E-04	 3.55002207E-04	 5.95655984E-04	 8.53699324E-04	 9.99119180E-04	 7.64766578E-04	-1.98578891E-04	-1.71386151E-03	-2.12197486E-03
 9.590000E-01	 1.38988622E-04	 2.07299430E-04	 2.32896477E-04	 1.73224340E-04	-4.85673441E-05	-5.22296978E-04	-1.26795486E-03	-1.99959187E-03	-1.84079499E-03	-1.37869123E-04	 3.40247315E-05	 1.37132749E-04	 3.04963729E-04	 5.40592140E-04	 8.15425132E-04	 1.02204143E-03	 9.17203005E-04	 1.31469696E-04	-1.31785070E-03	-1.99557685E-03
 9.600000E-01	 1.39762171E-04	 2.22233284E-04	 2.75352040E-04	 2.59430477E-04	 9.52298567E-05	-3.25353217E-04	-1.07132016E-03	-1.93824088E-03	-2.06132915E-03	-5.08381584E-04	 1.11144755E-05	 9.90539616E-05	 2.55982893E-04	 4.93411578E-04	 7.98995384E-04	 1.08699412E-03	 1.12562053E-03	 4.96439142E-04	-9.58844228E-04	-1.95904105E-03
 9.610000E-01	 1.32936653E-04	 2.21783817E-04	 2.92723354E-04	 3.11010079E-04	 2.01725887E-04	-1.47487601E-04	-8.37030978E-04	-1.74463722E-03	-2.08553876E-03	-7.79793151E-04	-8.01782565E-06	 6.31435122E-05	 2.02230923E-04	 4.25614253E-04	 7.33377739E-04	 1.06272475E-03	 1.21105161E-03	 7.56803628E-04	-5.87558502E-04	-1.76956625E-03
 9.620000E-01	 1.29849252E-04	 2.28911375E-04	 3.22033903E-04	 3.77931074E-04	 3.21277628E-04	 2.64915750E-05	-6.46541667E-04	-1.64724070E-03	-2.21641465E-03	-1.06811467E-03	-2.82782341E-05	 2.75655921E-05	 1.53434320E-04	 3.72497091E-04	 6.99123218E-04	 1.09060582E-03	 1.35834004E-03	 1.04789912E-03	-2.69617478E-04	-1.69132683E-03
 9.630000E-01	 1.18580775E-04	 2.19227695E-04	 3.24221016E-04	 4.08032004E-04	 4.02296336E-04	 1.82092534E-04	-4.16016825E-04	-1.41519046E-03	-2.14904382E-03	-1.25384991E-03	-4.40097641E-05	-5.32659600E-06	 9.96081396E-05	 2.97264028E-04	 6.12855131E-04	 1.02617210E-03	 1.38086273E-03	 1.23400292E-03	 5.97444019E-05	-1.46027275E-03
 9.640000E-01	 1.12648255E-04	 2.19502816E-04	 3.40797098E-04	 4.54280252E-04	 4.93173721E-04	 3.24697043E-04	-2.43934765E-04	-1.29531300E-03	-2.19975066E-03	-1.45774404E-03	-6.05903954E-05	-3.62429673E-05	 5.45756898E-05	 2.43375955E-04	 5.66666165E-04	 1.02188559E-03	 1.46822038E-03	 1.44558299E-03	 3.23293062E-04	-1.35574142E-03
 9.650000E-01	 9.81980340E-05	 2.02209702E-04	 3.29449433E-04	 4.63810040E-04	 5.47345638E-04	 4.52179016E-04	-3.00750931E-05	-1.04460400E-03	-2.05995991E-03	-1.56056422E-03	-7.23343085E-05	-6.43819124E-05	 3.83284695E-06	 1.65995497E-04	 4.67506856E-04	 9.26739852E-04	 1.43612929E-03	 1.55828925E-03	 5.97722246E-04	-1.10457035E-03
 9.660000E-01	 9.03504899E-05	 1.96928938E-04	 3.34314969E-04	 4.89408212E-04	 6.07333527E-04	 5.57888434E-04	 1.14368720E-04	-9.14256102E-04	-2.04182663E-03	-1.68282353E-03	-8.47473487E-05	-8.91274182E-05	-3.46038537E-05	 1.15668319E-04	 4.15075216E-04	 8.96004726E-04	 1.46731421E-03	 1.68965554E-03	 7.99026309E-04	-9.86834662E-04
 9.670000E-01	 7.39136290E-05	 1.74048049E-04	 3.11938599E-04	 4.80788969E-04	 6.35580398E-04	 6.53978160E-04	 3.00742031E-04	-6.64639884E-04	-1.85180083E-03	-1.71040275E-03	-9.22445209E-05	-1.11466339E-04	-7.96451111E-05	 4.10165597E-05	 3.11076878E-04	 7.81293680E-04	 1.39219937E-03	 1.73465894E-03	 1.00997058E-03	-7.36420406E-04
 9.680000E-01	 6.49769206E-05	 1.64387893E-04	 3.06453614E-04	 4.86704565E-04	 6.64465113E-04	 7.20420650E-04	 4.12094577E-04	-5.33088291E-04	-1.77666032E-03	-1.75795097E-03	-1.00117150E-04	-1.29148043E-04	-1.09553590E-04	-2.45886067E-06	 2.57036362E-04	 7.29762815E-04	 1.37276620E-03	 1.78939743E-03	 1.14700611E-03	-6.15702639E-04
 9.690000E-01	 4.79852260E-05	 1.38227546E-04	 2.76281284E-04	 4.63637101E-04	 6.69577032E-04	 7.84202703E-04	 5.62432118E-04	-3.03260871E-04	-1.56013731E-03	-1.72164020E-03	-1.03418343E-04	-1.45052259E-04	-1.46874184E-04	-6.98432500E-05	 1.56250623E-04	 6.07497108E-04	 1.26856569E-03	 1.77616485E-03	 1.29017093E-03	-3.85322712E-04
 9.700000E-01	 3.86846677E-05	 1.25321590E-04	 2.61964654E-04	 4.51704711E-04	 6.69006814E-04	 8.11967243E-04	 6.38955860E-04	-1.76573682E-04	-1.43936405E-03	-1.70424499E-03	-1.06820986E-04	-1.55325204E-04	-1.67325761E-04	-1.04450222E-04	 1.04065805E-04	 5.40212788E-04	 1.20521525E-03	 1.76139513E-03	 1.36604960E-03	-2.68043341E-04
 9.710000E-01	 2.24853112E-05	 9.84543017E-05	 2.27733546E-04	 4.18830141E-04	 6.55280862E-04	 8.44465128E-04	 7.46865852E-04	 1.64565221E-05	-1.22038445E-03	-1.61789492E-03	-1.06414789E-04	-1.64708721E-04	-1.95448464E-04	-1.60589001E-04	 1.43235084E-05	 4.22634446E-04	 1.08714233E-03	 1.70221538E-03	 1.44072038E-03	-7.45634912E-05
 9.720000E-01	 1.32122594E-05	 8.30870077E-05	 2.05963457E-04	 3.91273942E-04	 6.28421667E-04	 8.37008272E-04	 7.90618851E-04	 1.35811705E-04	-1.06395171E-03	-1.54737904E-03	-1.05590208E-04	-1.67858758E-04	-2.06479654E-04	-1.85813592E-04	-3.42631321E-05	 3.43476915E-04	 9.86913430E-04	 1.62783456E-03	 1.46313287E-03	 3.66588041E-05
 9.730000E-01	-8.30885172E-07	 5.80740478E-05	 1.71628450E-04	 3.53677614E-04	 6.00944382E-04	 8.40783179E-04	 8.52056693E-04	 2.77575107E-04	-8.65261045E-04	-1.42642631E-03	-1.02127308E-04	-1.71031434E-04	-2.24389938E-04	-2.27254560E-04	-1.05882168E-04	 2.42147525E-04	 8.70134834E-04	 1.53655662E-03	 1.47179304E-03	 1.79084961E-04
 9.740000E-01	-9.85458022E-06	 4.06728420E-05	 1.43481926E-04	 3.12960383E-04	 5.52115287E-04	 8.03988645E-04	 8.68556214E-04	 3.90582055E-04	-6.81083187E-04	-1.31556575E-03	-9.75237806E-05	-1.67784615E-04	-2.26975777E-04	-2.44010637E-04	-1.50926983E-04	 1.53548085E-04	 7.39864688E-04	 1.41420122E-03	 1.45207671E-03	 2.85217662E-04
 9.750000E-01	-2.04645849E-05	 2.01009722E-05	 1.13064118E-04	 2.75940644E-04	 5.16369698E-04	 7.82470046E-04	 8.81468112E-04	 4.69463825E-04	-5.23160667E-04	-1.17557571E-03	-9.19322978E-05	-1.65390672E-04	-2.34099740E-04	-2.67812587E-04	-1.98109844E-04	 7.89065337E-05	 6.38640012E-04	 1.30503658E-03	 1.39961680E-03	 3.65554422E-04
 9.760000E-01	-2.93534040E-05	 7.31276375E-07	 7.92912191E-05	 2.24564989E-04	 4.50863624E-04	 7.24158831E-04	 8.78941387E-04	 5.80028727E-04	-3.17128502E-04	-1.03699473E-03	-8.41653688E-05	-1.56898734E-04	-2.30064559E-04	-2.78380436E-04	-2.41303864E-04	-1.80411339E-05	 4.84821490E-04	 1.14730977E-03	 1.35157793E-03	 4.70681085E-04
 9.770000E-01	-3.54485018E-05	-1.30203426E-05	 5.66205864E-05	 1.93106198E-04	 4.12113147E-04	 6.81213731E-04	 8.43164742E-04	 5.87918418E-04	-2.17049095E-04	-8.92789764E-04	-7.74448211E-05	-1.49801991E-04	-2.26180335E-04	-2.82217269E-04	-2.58859997E-04	-5.74182113E-05	 4.11409104E-04	 1.03374260E-03	 1.24470282E-03	 4.81372234E-04
 9.780000E-01	-4.45493663E-05	-3.46717706E-05	 1.75995661E-05	 1.33403908E-04	 3.35617633E-04	 6.10550577E-04	 8.31834351E-04	 7.02236607E-04	 7.10641668E-06	-7.38412112E-04	-6.71833326E-05	-1.37475339E-04	-2.17968768E-04	-2.90045418E-04	-3.03381183E-04	-1.62995132E-04	 2.39738204E-04	 8.53327599E-04	 1.18332989E-03	 5.91919790E-04
 9.790000E-01	-4.52426232E-05	-3.95540223E-05	 6.07037363E-06	 1.11858620E-04	 2.98349584E-04	 5.49985228E-04	 7.48880181E-04	 6.34789969E-04	 3.66804284E-05	-6.03275253E-04	-6.03160726E-05	-1.26620210E-04	-2.03117394E-04	-2.72283730E-04	-2.87482356E-04	-1.60829457E-04	 2.03458885E-04	 7.47057222E-04	 1.02993135E-03	 5.29045269E-04
 9.800000E-01	-5.50897880E-05	-6.40114609E-05	-3.79893852E-05	 4.61169492E-05	 2.16716271E-04	 4.76726438E-04	 7.39867268E-04	 7.60009363E-04	 2.76704167E-04	-4.43561484E-04	-4.82593642E-05	-1.12034364E-04	-1.93615887E-04	-2.81550430E-04	-3.37397320E-04	-2.75987731E-04	 1.90883995E-05	 5.56107101E-04	 9.70055699E-04	 6.52457632E-04
 9.810000E-01	-4.97574807E-05	-5.84044450E-05	-3.56535729E-05	 3.79256761E-05	 1.84476299E-04	 4.02052711E-04	 6.12860637E-04	 6.16898664E-04	 2.28143826E-04	-3.28440201E-04	-4.20678339E-05	-9.82817448E-05	-1.68142715E-04	-2.41385464E-04	-2.85870142E-04	-2.28539506E-04	 2.59567269E-05	 4.66302858E-04	 7.78944387E-04	 5.15837672E-04
 9.820000E-01	-6.10518678E-05	-8.61985724E-05	-8.45084499E-05	-3.16565515E-05	 1.03348304E-04	 3.35676286E-04	 6.17171277E-04	 7.60011445E-04	 4.82482201E-04	-1.71866754E-04	-2.89339600E-05	-8.30751521E-05	-1.60425462E-04	-2.56533224E-04	-3.45527101E-04	-3.54534245E-04	-1.66416401E-04	 2.75819212E-04	 7.33902911E-04	 6.59307228E-04
 9.830000E-01	-4.93956093E-05	-6.91032934E-05	-6.66038860E-05	-2.44220843E-05	 7.83863986E-05	 2.49959407E-04	 4.50787852E-04	 5.45323764E-04	 3.53958744E-04	-8.50282444E-05	-2.39608358E-05	-6.70378761E-05	-1.24910931E-04	-1.94293456E-04	-2.58226718E-04	-2.61156707E-04	-1.14273470E-04	 2.08448368E-04	 5.14463889E-04	 4.53012386E-04
 9.840000E-01	-6.29069558E-05	-1.00630404E-04	-1.19636413E-04	-9.56088358E-05	 2.71256526E-06	 1.98778224E-04	 4.77892106E-04	 7.11733420E-04	 6.20646090E-04	 6.20376837E-05	-1.04513578E-05	-5.28962780E-05	-1.21886519E-04	-2.19384531E-04	-3.31368669E-04	-3.98810882E-04	-3.10228557E-04	 2.79723768E-05	 4.94644994E-04	 6.21982679E-04
 9.850000E-01	-4.48412918E-05	-7.18623849E-05	-8.57236597E-05	-7.23503749E-05	-1.39613411E-05	 1.04921295E-04	 2.78359270E-04	 4.34018811E-04	 4.16524228E-04	 1.15065237E-04	-6.92297825E-06	-3.48482146E-05	-7.72196030E-05	-1.36802200E-04	-2.10525601E-04	-2.61919993E-04	-2.14570407E-04	-1.42234063E-05	 2.56759992E-04	 3.54514692E-04
 9.860000E-01	-6.12719524E-05	-1.07182843E-04	-1.41672322E-04	-1.42647189E-04	-8.01908814E-05	 7.52379864E-05	 3.35032817E-04	 6.26019421E-04	 6.92001464E-04	 2.48183935E-04	 6.18114483E-06	-2.34508093E-05	-8.14094504E-05	-1.74796093E-04	-2.99404017E-04	-4.10843619E-04	-4.09529458E-04	-1.76699704E-04	 2.68529569E-04	 5.50961313E-04
 9.870000E-01	-3.71022718E-05	-6.73979830E-05	-9.29738329E-05	-1.04515305E-04	-8.85301111E-05	-2.37353385E-05	 1.10500113E-04	 2.98534014E-04	 4.23204307E-04	 2.64658019E-04	 8.16656967E-06	-3.45487755E-06	-2.89042232E-05	-7.54612254E-05	-1.50127627E-04	-2.36302320E-04	-2.76020986E-04	-1.94117474E-04	 2.26549430E-05	 2.35519532E-04
 9.880000E-01	-5.69396547E-05	-1.06179189E-04	-1.49811631E-04	-1.71236681E-04	-1.42740480E-04	-2.86970343E-05	 1.99306421E-04	 5.13961104E-04	 7.01182442E-04	 3.80984908E-04	 2.02042186E-05	 3.61649400E-06	-4.20559249E-05	-1.27342189E-04	-2.54464956E-04	-3.94390695E-04	-4.64910576E-04	-3.32469466E-04	 6.73511586E-05	 4.56627882E-04
 9.890000E-01	-2.74314216E-05	-5.70516758E-05	-8.92918653E-05	-1.21335058E-04	-1.43288729E-04	-1.29123185E-04	-4.01394828E-05	 1.54995688E-04	 3.84924371E-04	 3.61112457E-04	 2.06830433E-05	 2.53678747E-05	 1.63649847E-05	-1.68311928E-05	-8.50603413E-05	-1.91694250E-04	-3.02882004E-04	-3.28148133E-04	-1.75459123E-04	 1.11298068E-04
 9.900000E-01	-5.01524592E-05	-9.82071838E-05	-1.44266027E-04	-1.81329984E-04	-1.84239594E-04	-1.09733896E-04	 7.80156069E-05	 3.86169693E-04	 6.55504286E-04	 4.58674874E-04	 3.12830662E-05	 2.70793745E-05	-6.43601951E-06	-8.07519422E-05	-2.01009797E-04	-3.54377868E-04	-4.79440850E-04	-4.37916776E-04	-1.02013611E-04	 3.48631418E-04
 9.910000E-01	-1.67127224E-05	-4.23399401E-05	-7.66730184E-05	-1.24468482E-04	-1.77541037E-04	-2.06572038E-04	-1.63495838E-04	 1.91779652E-05	 3.15052058E-04	 4.05544197E-04	 3.02872142E-05	 4.96176220E-05	 5.47226682E-05	 3.34147746E-05	-2.34289320E-05	-1.37119380E-04	-3.01320623E-04	-4.16814461E-04	-3.29733765E-04	-3.90159027E-06
 9.920000E-01	-4.04858902E-05	-8.30827414E-05	-1.26717147E-04	-1.74461311E-04	-2.04645307E-04	-1.67680641E-04	-2.50217762E-05	 2.52456357E-04	 5.64071196E-04	 4.83284922E-04	 3.92415327E-05	 4.57488917E-05	 2.32593731E-05	-3.74807520E-05	-1.43060548E-04	-2.96680295E-04	-4.58065515E-04	-4.95472053E-04	-2.37407538E-04	 2.34904771E-04
 9.930000E-01	-5.48705235E-06	-2.45347707E-05	-5.83308450E-05	-1.16565645E-04	-1.91408676E-04	-2.54110886E-04	-2.52383279E-04	-9.47779838E-05	 2.28171243E-04	 4.02528784E-04	 3.73785078E-05	 6.68406746E-05	 8.19018217E-05	 7.16024347E-05	 2.73889358E-05	-8.30943700E-05	-2.78233891E-04	-4.63776363E-04	-4.36746163E-04	-9.77665888E-05
 9.940000E-01	-2.72668902E-05	-5.97538943E-05	-1.00264997E-04	-1.53859111E-04	-2.03971755E-04	-2.05074558E-04	-1.09862352E-04	 1.21169472E-04	 4.36681801E-04	 4.60277282E-04	 4.41716346E-05	 5.79931786E-05	 4.55016534E-05	 1.60230915E-06	-8.41139361E-05	-2.27367958E-04	-4.06924668E-04	-5.10861616E-04	-3.40614804E-04	 1.20701144E-04
 9.950000E-01	 6.16000750E-06	-5.34359335E-06	-3.83385021E-05	-1.00782309E-04	-1.86094006E-04	-2.72100283E-04	-3.02660007E-04	-1.75771720E-04	 1.38878646E-04	 3.59075993E-04	 4.28190595E-05	 7.43898447E-05	 9.39703153E-05	 9.59087823E-05	 6.15754059E-05	-4.01784299E-05	-2.41196514E-04	-4.74273468E-04	-4.97054926E-04	-1.60962994E-04
 9.960000E-01	-9.45613815E-06	-2.88813950E-05	-6.84044913E-05	-1.23600985E-04	-1.84531184E-04	-2.25236966E-04	-1.80169940E-04	-2.95330241E-06	 2.84658041E-04	 3.95542500E-04	 4.59212424E-05	 6.22477802E-05	 6.01188792E-05	 3.66365493E-05	-2.69211070E-05	-1.51532076E-04	-3.33355099E-04	-4.91703565E-04	-4.16220475E-04	 8.36397865E-06
 9.970000E-01	 1.86234308E-05	 1.21369001E-05	-2.06704739E-05	-7.97969910E-05	-1.65021498E-04	-2.61919811E-04	-3.12764294E-04	-2.16936087E-04	 6.12793687E-05	 2.83496275E-04	 4.40799113E-05	 6.98461618E-05	 8.98105790E-05	 1.02845123E-04	 7.53238571E-05	-1.63810642E-05	-2.01307616E-04	-4.52533449E-04	-5.15000193E-04	-1.89119620E-04
 9.980000E-01	 1.45316480E-05	 3.23386404E-06	-3.31646794E-05	-8.65703767E-05	-1.55086026E-04	-2.29331537E-04	-2.42248143E-04	-1.21075036E-04	 1.22420738E-04	 2.92882213E-04	 4.28402774E-05	 5.79788234E-05	 6.92299485E-05	 6.70548096E-05	 2.69452397E-05	-7.23220415E-05	-2.46494234E-04	-4.45895600E-04	-4.70503068E-04	-1.01378045E-04
 9.990000E-01	 3.13738655E-05	 2.29284486E-05	-6.96064413E-06	-5.66682989E-05	-1.33163645E-04	-2.25992365E-04	-2.82987281E-04	-2.15700298E-04	 7.51951588E-06	 1.86002726E-04	 3.37964931E-05	 5.12447606E-05	 7.35251772E-05	 8.50875286E-05	 6.65053641E-05	-1.42078102E-05	-1.74753858E-04	-4.01245040E-04	-4.97018050E-04	-1.83484526E-04
 1.000000E+00	 3.69879498E-05	 2.94933240E-05	 1.77405272E-06	-4.67009186E-05	-1.25856169E-04	-2.24879305E-04	-2.96567022E-04	-2.47242119E-04	-3.07809724E-05	 1.50376155E-04	 3.07818919E-05	 4.90000683E-05	 7.49569231E-05	 9.10984476E-05	 7.96921000E-05	 5.16364118E-06	-1.50840349E-04	-3.86361488E-04	-5.05856396E-04	-2.10853411E-04
