r	R  6/ 3	R  7/ 3	R  8/ 3	R  9/ 3	R 10/ 3	R 11/ 3	R 12/ 3	R 13/ 3	R 14/ 3	R 15/ 3	I  6/ 3	I  7/ 3	I  8/ 3	I  9/ 3	I 10/ 3	I 11/ 3	I 12/ 3	I 13/ 3	I 14/ 3	I 15/ 3
 0.000000E+00	 0.00000000E+00	 0.00000000E+00	 0.00000000E+00	 0.00000000E+00	 0.00000000E+00	 0.00000000E+00	 0.00000000E+00	 0.00000000E+00	 0.00000000E+00	 0.00000000E+00	 0.00000000E+00	 0.00000000E+00	 0.00000000E+00	 0.00000000E+00	 0.00000000E+00	 0.00000000E+00	 0.00000000E+00	 0.00000000E+00	 0.00000000E+00	 0.00000000E+00
 1.000000E-03	-1.34312528E-13	-4.53646799E-13	-2.28368811E-13	-1.78437276E-13	-3.58213865E-14	 6.10268163E-14	 4.93573129E-15	 9.12356820E-15	-7.18474980E-16	 1.96147888E-16	-3.48624753E-12	 3.26123247E-13	 4.58089454E-12	 2.30595095E-13	-1.29177542E-13	-5.11333538E-14	-3.35971220E-14	-6.48599012E-15	 1.98269896E-15	-4.95535342E-16
 2.000000E-03	-3.05408953E-12	-1.67360652E-12	-5.16212148E-14	-1.71019123E-12	-9.69760181E-13	-1.48500103E-13	 5.51100611E-15	 7.69222808E-15	-2.41823244E-16	 1.17694391E-16	-6.39166519E-11	-9.58004990E-13	 2.87553058E-11	 3.15940674E-12	 1.60021072E-12	-4.90373646E-14	-8.29513325E-14	 3.39480272E-15	 4.42566267E-15	 8.52044831E-16
 3.000000E-03	-1.96056766E-11	-6.76858614E-12	 6.00433225E-13	-4.44618054E-12	-6.09238863E-12	-1.28776061E-12	-1.12961470E-14	 9.12467207E-15	-8.62668445E-16	 3.54599323E-16	-4.12847967E-10	-1.85715682E-11	 9.10521214E-11	 1.41541358E-11	 1.02500255E-11	-3.70190763E-13	-4.06385900E-13	-3.91771447E-15	-1.05808389E-14	 9.80972217E-16
 4.000000E-03	-7.57200202E-11	-2.64210670E-11	-1.40373436E-12	-7.77808948E-12	-1.99858717E-11	-4.86255666E-12	-7.24007663E-14	 3.30857836E-15	-2.75753791E-15	 3.95670405E-16	-1.63052213E-09	-1.06320509E-10	 2.08078302E-10	 4.13462907E-11	 3.66173158E-11	-1.68456153E-12	-1.25862549E-12	-4.83918199E-14	-4.88932060E-14	-4.64581725E-16
 5.000000E-03	-2.17494288E-10	-8.73722218E-11	-1.69961272E-11	-1.14397879E-11	-4.62418946E-11	-1.27757411E-11	-2.32724176E-13	-1.64576715E-14	-6.15272112E-15	-1.32143521E-16	-4.81804526E-09	-4.00893853E-10	 3.90556798E-10	 9.59703657E-11	 9.79159250E-11	-4.32840269E-12	-2.87787077E-12	-1.52413310E-13	-1.18276076E-13	-4.73346119E-15
 6.000000E-03	-5.13596321E-10	-2.43706140E-10	-7.38177941E-11	-1.70253259E-11	-8.56648869E-11	-2.67637897E-11	-5.72536205E-13	-5.86083672E-14	-1.22217795E-14	-1.78181061E-15	-1.17672314E-08	-1.18299893E-09	 6.36301682E-10	 1.91615525E-10	 2.17603389E-10	-8.32372688E-12	-5.50991872E-12	-3.46422433E-13	-2.28209035E-13	-1.34527358E-14
 7.000000E-03	-1.05414851E-09	-5.90599453E-10	-2.30455322E-10	-3.13502948E-11	-1.36327223E-10	-4.82384018E-11	-1.21639666E-12	-1.34867701E-13	-2.35923280E-14	-5.27914749E-15	-2.51272266E-08	-2.95568578E-09	 9.18845367E-10	 3.42779691E-10	 4.25104551E-10	-1.36960001E-11	-9.43347337E-12	-6.69031268E-13	-3.89814407E-13	-2.85557304E-14
 8.000000E-03	-1.94528490E-09	-1.28000225E-09	-5.97182233E-10	-7.23848712E-11	-1.96206807E-10	-7.84497973E-11	-2.36418417E-12	-2.60650601E-13	-4.49346862E-14	-1.15275238E-14	-4.85671037E-08	-6.53963428E-09	 1.17057121E-09	 5.62450889E-10	 7.56548916E-10	-2.07416689E-11	-1.49752311E-11	-1.16810611E-12	-6.15956047E-13	-5.23059712E-14
 9.000000E-03	-3.29860942E-09	-2.53759522E-09	-1.36429360E-09	-1.78727102E-10	-2.68954521E-10	-1.18823241E-10	-4.32841815E-12	-4.55222238E-13	-8.36663201E-14	-2.16249223E-14	-8.69336074E-08	-1.31851280E-08	 1.25918343E-09	 8.58221759E-10	 1.25726729E-09	-3.01238532E-11	-2.25164678E-11	-1.90290668E-12	-9.21363980E-13	-8.73643228E-14
 1.000000E-02	-5.21482439E-09	-4.68025768E-09	-2.83901246E-09	-4.23795972E-10	-3.73833321E-10	-1.71411280E-10	-7.57622944E-12	-7.41638932E-13	-1.50766355E-13	-3.69002527E-14	-1.46403213E-07	-2.47003813E-08	 9.56311239E-10	 1.22630962E-09	 1.98650131E-09	-4.27622694E-11	-3.24945353E-11	-2.94714928E-12	-1.32275423E-12	-1.36879355E-13
 1.100000E-02	-7.76084658E-09	-8.13317515E-09	-5.49181835E-09	-9.36106999E-10	-5.61596459E-10	-2.39494280E-10	-1.27767473E-11	-1.14628226E-12	-2.61710040E-13	-5.89447003E-14	-2.34627652E-07	-4.35958220E-08	-1.02993965E-10	 1.64273389E-09	 3.02480089E-09	-5.94806088E-11	-4.54020091E-11	-4.39292342E-12	-1.83894989E-12	-2.04606795E-13
 1.200000E-02	-1.09397826E-08	-1.34456134E-08	-1.00129018E-08	-1.92714674E-09	-9.38794824E-10	-3.28434415E-10	-2.08557754E-11	-1.69767106E-12	-4.37516970E-13	-8.96635311E-14	-3.60872036E-07	-7.32438650E-08	-2.47114920E-09	 2.05077303E-09	 4.48477931E-09	-8.03336899E-11	-6.17849508E-11	-6.35548198E-12	-2.49102484E-12	-2.95050669E-13
 1.300000E-02	-1.46531971E-08	-2.13042884E-08	-1.73792835E-08	-3.72849322E-09	-1.70369593E-09	-4.46950197E-10	-3.30599105E-11	-2.42426898E-12	-7.05939095E-13	-1.31291816E-13	-5.36144707E-07	-1.18053638E-07	-6.95063912E-09	 2.34367400E-09	 6.52612101E-09	-1.03480900E-10	-8.22406064E-11	-8.97889620E-12	-3.30249757E-12	-4.13632363E-13
 1.400000E-02	-1.86551762E-08	-3.25431710E-08	-2.89329554E-08	-6.83994141E-09	-3.19769877E-09	-6.09039841E-10	-5.10324772E-11	-3.35088111E-12	-1.10276429E-12	-1.86433469E-13	-7.73317920E-07	-1.83660041E-07	-1.46696839E-08	 2.34141556E-09	 9.37592567E-09	-1.23411213E-10	-1.07413904E-10	-1.24425538E-11	-4.29958839E-12	-5.66902299E-13
 1.500000E-02	-2.24977630E-08	-4.81484796E-08	-4.64701997E-08	-1.19904868E-08	-5.97687591E-09	-8.36849568E-10	-7.69037757E-11	-4.49337561E-12	-1.67326403E-12	-2.58030635E-13	-1.08723844E-06	-2.77126439E-07	-2.71723731E-08	 1.76013490E-09	 1.33556004E-08	-1.28261621E-10	-1.37991232E-10	-1.69683502E-11	-5.51158692E-12	-7.62774652E-13
 1.600000E-02	-2.54674232E-08	-6.92575359E-08	-7.23420261E-08	-2.02140951E-08	-1.09090871E-08	-1.16486360E-09	-1.13398802E-10	-5.85123223E-12	-2.47373325E-12	-3.49353168E-13	-1.49482715E-06	-4.07160187E-07	-4.65246938E-08	 1.72613622E-10	 1.89155781E-08	-9.59052944E-11	-1.74689100E-10	-2.28282620E-11	-6.97130775E-12	-1.01084293E-12
 1.700000E-02	-2.65122889E-08	-9.71500896E-08	-1.09565436E-07	-3.29422362E-08	-1.93029917E-08	-1.64588784E-09	-1.63966219E-10	-7.39767601E-12	-3.57313654E-12	-4.63899127E-13	-2.01516674E-06	-5.84340109E-07	-7.54379107E-08	-3.04201377E-09	 2.66791373E-08	 1.15822875E-11	-2.18234073E-10	-3.03518332E-11	-8.71571987E-12	-1.32271206E-12
 1.800000E-02	-2.41600196E-08	-1.33230657E-07	-1.61944969E-07	-5.21151898E-08	-3.30762409E-08	-2.35941262E-09	-2.32933773E-10	-9.06681137E-12	-5.05479788E-12	-6.05291257E-13	-2.66957648E-06	-8.21354911E-07	-1.17410770E-07	-8.76141967E-09	 3.74965280E-08	 2.55541157E-10	-2.69329273E-10	-3.99327130E-11	-1.07866647E-11	-1.71244346E-12
 1.900000E-02	-1.64262222E-08	-1.79000362E-07	-2.34203736E-07	-8.03141227E-08	-5.49711457E-08	-3.42306961E-09	-3.25696674E-10	-1.07375304E-11	-7.01810435E-12	-7.77089943E-13	-3.48167323E-06	-1.13325144E-06	-1.76892013E-07	-1.81984764E-08	 5.25104473E-08	 7.30962831E-10	-3.28600797E-10	-5.20332407E-11	-1.32317862E-11	-2.19703483E-12
 2.000000E-02	-7.13474895E-10	-2.36016740E-07	-3.32122850E-07	-1.20915906E-07	-8.88271975E-08	-5.00804825E-09	-4.48947658E-10	-1.22136082E-11	-9.58018642E-12	-9.82553905E-13	-4.47741761E-06	-1.53769153E-06	-2.59464668E-07	-3.29975424E-08	 7.32336595E-08	 1.57995029E-09	-3.96516078E-10	-6.71853703E-11	-1.61055124E-11	-2.79699512E-12
 2.100000E-02	 2.62988872E-08	-3.05839916E-07	-4.62687889E-07	-1.78272569E-07	-1.39920949E-07	-7.35950532E-09	-6.10959812E-10	-1.31997760E-11	-1.28774617E-11	-1.22433998E-12	-5.68514452E-06	-2.05521615E-06	-3.72053589E-07	-5.53516164E-08	 1.01639187E-07	 3.00907816E-09	-4.73263455E-10	-8.59860649E-11	-1.94701963E-11	-3.53703920E-12
 2.200000E-02	 6.87739533E-08	-3.89963579E-07	-6.34240746E-07	-2.57917188E-07	-2.15384947E-07	-1.08231915E-08	-8.21936075E-10	-1.32733375E-11	-1.70670723E-11	-1.50410125E-12	-7.13557697E-06	-2.70951528E-06	-5.23157675E-07	-8.81436762E-08	 1.40262997E-07	 5.31138832E-09	-5.58580966E-10	-1.09084269E-10	-2.33972019E-11	-4.44676343E-12
 2.300000E-02	 1.31844992E-07	-4.89729124E-07	-8.56634846E-07	-3.66797819E-07	-3.24718575E-07	-1.58797249E-08	-1.09444328E-09	-1.18511904E-11	-2.23279844E-11	-1.82203248E-12	-8.86182227E-06	-3.52770197E-06	-7.23108107E-07	-1.35115859E-07	 1.92318460E-07	 8.89381593E-09	-6.51518811E-10	-1.37156211E-10	-2.79679269E-11	-5.56162539E-12
 2.400000E-02	 2.21751264E-07	-6.06221407E-07	-1.14139146E-06	-5.13540919E-07	-4.80404916E-07	-2.31881667E-08	-1.44395213E-09	-8.15228686E-12	-2.88618753E-11	-2.17631215E-12	-1.08993496E-05	-4.54058871E-06	-9.84353905E-07	-2.01070518E-07	 2.61821076E-07	 1.43108832E-08	-7.50118744E-10	-1.70864617E-10	-3.32745443E-11	-6.92366388E-12
 2.500000E-02	 3.45981236E-07	-7.40144523E-07	-1.50185450E-06	-7.08745436E-07	-6.98648985E-07	-3.36408029E-08	-1.88950995E-09	-1.15556424E-12	-3.68934588E-11	-2.56243823E-12	-1.32859485E-05	-5.78296424E-06	-1.32177600E-06	-2.92107569E-07	 3.53720951E-07	 2.23055269E-08	-8.50990194E-10	-2.10796491E-10	-3.94201593E-11	-8.58280377E-12
 2.600000E-02	 5.13422437E-07	-8.91676104E-07	-1.95334080E-06	-9.65308424E-07	-1.00025391E-06	-4.84313002E-08	-2.45457765E-09	 1.04458793E-11	-4.66704450E-11	-2.97257596E-12	-1.60616661E-05	-7.29386868E-06	-1.75303085E-06	-4.15902952E-07	 4.74039344E-07	 3.38579299E-08	-9.48761418E-10	-2.57373181E-10	-4.65182266E-11	-1.05975579E-11
 2.700000E-02	 7.34517024E-07	-1.06029868E-06	-2.51328268E-06	-1.29878271E-06	-1.41165287E-06	-6.91386896E-08	-3.16806956E-09	 2.82937919E-11	-5.84627689E-11	-3.39463282E-12	-1.92687244E-05	-9.11686484E-06	-2.29892453E-06	-5.82033405E-07	 6.30004162E-07	 5.02432140E-08	-1.03538160E-09	-3.10724405E-10	-5.46904949E-11	-1.30366140E-11
 2.800000E-02	 1.02142202E-06	-1.24460669E-06	-3.20135913E-06	-1.72776663E-06	-1.96611569E-06	-9.78299255E-08	-4.06564024E-09	 5.44150449E-11	-7.25612291E-11	-3.81164531E-12	-2.29514147E-05	-1.13003030E-05	-2.98381798E-06	-8.02353197E-07	 8.30177680E-07	 7.30988003E-08	-1.09924813E-09	-3.70517626E-10	-6.40633274E-11	-1.59794787E-11
 2.900000E-02	 1.38817304E-06	-1.44208795E-06	-4.03961170E-06	-2.27432554E-06	-2.70515022E-06	-1.37184089E-07	-5.19127178E-09	 9.12714630E-11	-8.92753981E-11	-4.20057511E-12	-2.71559696E-05	-1.38975771E-05	-3.83606390E-06	-1.09142885E-06	 1.08456780E-06	 1.04502160E-07	-1.12413282E-09	-4.35730480E-10	-7.47611965E-11	-1.95181736E-11
 3.000000E-02	 1.85085016E-06	-1.64887831E-06	-5.05254081E-06	-2.96444381E-06	-3.68011936E-06	-1.90641618E-07	-6.59922039E-09	 1.41805678E-10	-1.08930636E-10	-4.53196102E-12	-3.19304116E-05	-1.69673685E-05	-4.88847548E-06	-1.46703828E-06	 1.40471204E-06	 1.47059537E-07	-1.08787986E-09	-5.04354748E-10	-8.68970283E-11	-2.37578097E-11
 3.100000E-02	 2.42774449E-06	-1.85948851E-06	-6.26717800E-06	-3.82850600E-06	-4.95409539E-06	-2.62582261E-07	-8.35639127E-09	 2.09479118E-10	-1.31864764E-10	-4.76847802E-12	-3.73243776E-05	-2.05738762E-05	-6.17882698E-06	-1.95074114E-06	 1.80372100E-06	 2.04006077E-07	-9.60850625E-10	-5.73014419E-10	-1.00557784E-10	-2.88180954E-11
 3.200000E-02	 3.13952382E-06	-2.06650249E-06	-7.71312892E-06	-4.90180422E-06	-6.60397389E-06	-3.58535771E-07	-1.05452258E-08	 2.98295469E-10	-1.58423441E-10	-4.86520125E-12	-4.33889181E-05	-2.47870274E-05	-7.75038535E-06	-2.56852754E-06	 2.29626569E-06	 2.79317726E-07	-7.04085058E-10	-6.36483283E-10	-1.15784597E-10	-3.48338084E-11
 3.300000E-02	 4.00939559E-06	-2.26024634E-06	-9.42258256E-06	-6.22506922E-06	-8.72287122E-06	-4.85429658E-07	-1.32671804E-08	 4.12803233E-10	-1.88955967E-10	-4.76808901E-12	-5.01762726E-05	-2.96826689E-05	-9.65247270E-06	-3.35155272E-06	 2.89848936E-06	 3.77834792E-07	-2.67168382E-10	-6.87078526E-10	-1.32544994E-10	-4.19555958E-11
 3.400000E-02	 5.06326545E-06	-2.42842764E-06	-1.14302810E-05	-7.84502077E-06	-1.14228289E-05	-6.51878777E-07	-1.66469008E-08	 5.58069329E-10	-2.23809551E-10	-4.41563629E-12	-5.77396194E-05	-3.53427323E-05	-1.19410581E-05	-4.33696574E-06	 3.62782155E-06	 5.05396767E-07	 4.14221874E-10	-7.13911750E-10	-1.50695707E-10	-5.03503242E-11
 3.500000E-02	 6.32988922E-06	-2.55574481E-06	-1.37734439E-05	-9.81493206E-06	-1.48378482E-05	-8.68521725E-07	-2.08371989E-08	 7.39610989E-10	-2.63325547E-10	-3.73750941E-12	-6.61327994E-05	-4.18553725E-05	-1.46793769E-05	-5.56883998E-06	 4.50266827E-06	 6.68987698E-07	 1.42109370E-09	-7.01967243E-10	-1.69934634E-10	-6.02005078E-11
 3.600000E-02	 7.84101630E-06	-2.62346667E-06	-1.64916427E-05	-1.21952022E-05	-1.91272777E-05	-1.14840932E-06	-2.60249520E-08	 9.63272623E-10	-3.07834524E-10	-2.65875036E-12	-7.54100151E-05	-4.93150729E-05	-1.79385756E-05	-7.09921403E-06	 5.54194839E-06	 8.76890927E-07	 2.85424822E-09	-6.30983531E-10	-1.89737645E-10	-7.17045064E-11
 3.700000E-02	 9.63152223E-06	-2.60898249E-06	-1.96266170E-05	-1.50539293E-05	-2.44795772E-05	-1.50745071E-06	-3.24380468E-08	 1.23502907E-09	-3.57655528E-10	-1.09850847E-12	-8.56255033E-05	-5.78227155E-05	-2.17983799E-05	-8.98925133E-06	 6.76444151E-06	 1.13885148E-06	 4.83770471E-09	-4.74100848E-10	-2.09279902E-10	-8.50738285E-11
 3.800000E-02	 1.17395280E-05	-2.48532329E-06	-2.32220299E-05	-1.84674755E-05	-3.11164793E-05	-1.96492288E-06	-4.03535120E-08	 1.56069551E-09	-4.13095591E-10	 1.02105421E-12	-9.68331837E-05	-6.74856100E-05	-2.63477808E-05	-1.13105273E-05	 8.18790835E-06	 1.46624378E-06	 7.52242317E-09	-1.96244824E-10	-2.27334382E-10	-1.00533068E-10
 3.900000E-02	 1.42065041E-05	-2.22065548E-06	-2.73231525E-05	-2.25210138E-05	-3.92975675E-05	-2.54404956E-06	-5.01069759E-08	 1.94551722E-09	-4.74456743E-10	 3.77618328E-12	-1.09086281E-04	-7.84174800E-05	-3.16857379E-05	-1.41464524E-05	 9.82793933E-06	 1.87224160E-06	 1.10902850E-08	 2.47798652E-10	-2.42148674E-10	-1.18314231E-10
 4.000000E-02	 1.70773557E-05	-1.77774811E-06	-3.19764748E-05	-2.73090453E-05	-4.93252903E-05	-3.27265552E-06	-6.21036048E-08	 2.39360956E-09	-5.42046355E-10	 7.22473852E-12	-1.22436926E-04	-9.07383989E-05	-3.79218923E-05	-1.75938392E-05	 1.16964817E-05	 2.37198645E-06	 1.57582716E-08	 9.15653693E-10	-2.51289836E-10	-1.38656289E-10
 4.100000E-02	 2.04004882E-05	-1.11341578E-06	-3.72292354E-05	-3.29358739E-05	-6.15504227E-05	-4.18390241E-06	-7.68306578E-08	 2.90721093E-09	-6.16200198E-10	 1.14083530E-11	-1.36935728E-04	-1.04574675E-04	-4.51772850E-05	-2.17646227E-05	 1.37999906E-05	 2.98274971E-06	 2.17827685E-08	 1.88002367E-09	-2.51458888E-10	-1.61795739E-10
 4.200000E-02	 2.42278483E-05	-1.77939405E-07	-4.31288632E-05	-3.95160219E-05	-7.63779869E-05	-5.31711221E-06	-9.48718797E-08	 3.48570025E-09	-6.97313870E-10	 1.63238805E-11	-1.52631329E-04	-1.20058674E-04	-5.35850740E-05	-2.67877390E-05	 1.61371448E-05	 3.72408394E-06	 2.94639044E-08	 3.23179734E-09	-2.38263669E-10	-1.87965598E-10
 4.300000E-02	 2.86149401E-05	 1.08553233E-06	-4.97223276E-05	-4.71745737E-05	-9.42736460E-05	-6.71868373E-06	-1.16923798E-07	 4.12433619E-09	-7.85893512E-10	 2.19262559E-11	-1.69569938E-04	-1.37328588E-04	-6.32912446E-05	-3.28111738E-05	 1.86960574E-05	 4.61795617E-06	 3.91497500E-08	 5.08365714E-09	-2.05945969E-10	-2.17380691E-10
 4.400000E-02	 3.36208115E-05	 2.74159770E-06	-5.70553912E-05	-5.60474272E-05	-1.15770572E-04	-8.44310870E-06	-1.43814145E-07	 4.81266409E-09	-8.82623787E-10	 2.80827491E-11	-1.87794841E-04	-1.56528130E-04	-7.44553038E-05	-4.00041839E-05	 2.14509082E-05	 5.68885526E-06	 5.12402428E-08	 7.57423015E-09	-1.47053263E-10	-2.50236684E-10
 4.500000E-02	 3.93080101E-05	 4.86322889E-06	-6.51717585E-05	-6.62814316E-05	-1.41476783E-04	-1.05540927E-05	-1.76522518E-07	 5.53252263E-09	-9.88465181E-10	 3.45750596E-11	-2.07345895E-04	-1.77806164E-04	-8.72509516E-05	-4.85596992E-05	 2.43579187E-05	 6.96386502E-06	 6.61906362E-08	 1.08728552E-08	-5.20542558E-11	-2.86688418E-10
 4.600000E-02	 4.57425046E-05	 7.53240697E-06	-7.41121177E-05	-7.80343923E-05	-1.72082938E-04	-1.31257858E-05	-2.16203445E-07	 6.25556983E-09	-1.10478259E-09	 4.10327470E-11	-2.28259011E-04	-2.01316254E-04	-1.01866717E-04	-5.86969092E-05	 2.73505832E-05	 8.47269311E-06	 8.45142389E-08	 1.51850073E-08	 9.11173994E-11	-3.26850416E-10
 4.700000E-02	 5.29935692E-05	 1.08407600E-05	-8.39130710E-05	-9.14749161E-05	-2.08370582E-04	-1.62441275E-05	-2.64211924E-07	 6.94024433E-09	-1.23351635E-09	 4.69324553E-11	-2.50565619E-04	-2.27216139E-04	-1.18506553E-04	-7.06640367E-05	 3.03340615E-05	 1.02476447E-05	 1.06784159E-07	 2.07584660E-08	 2.97591803E-10	-3.70766238E-10
 4.800000E-02	 6.11336293E-05	 1.48901983E-05	-9.46059496E-05	-1.06782072E-04	-2.51220801E-04	-2.00083094E-05	-3.22131581E-07	 7.52806153E-09	-1.37740566E-09	 5.15075880E-11	-2.74292120E-04	-2.55667122E-04	-1.37390373E-04	-8.47413018E-05	 3.31786326E-05	 1.23235277E-05	 1.33633761E-07	 2.78902615E-08	 5.86185252E-10	-4.18413028E-10
 4.900000E-02	 7.02380646E-05	 1.97935420E-05	-1.06215512E-04	-1.24144838E-04	-3.01623259E-04	-2.45323588E-05	-3.91805449E-07	 7.93912981E-09	-1.54027089E-09	 5.37399756E-11	-2.99459335E-04	-2.86833372E-04	-1.58754522E-04	-1.01244075E-04	 3.57121033E-05	 1.47374761E-05	 1.65755429E-07	 3.69344987E-08	 9.80107203E-10	-4.69659485E-10
 5.000000E-02	 8.03849686E-05	 2.56751323E-05	-1.18758525E-04	-1.43761307E-04	-3.60685564E-04	-2.99468441E-05	-4.75369429E-07	 8.06676397E-09	-1.72738089E-09	 5.22442318E-11	-3.26081946E-04	-3.20881133E-04	-1.82852169E-04	-1.20526216E-04	 3.77110577E-05	 1.75286745E-05	 2.03897292E-07	 4.83110815E-08	 1.50779082E-09	-5.24279030E-10
 5.100000E-02	 9.16548616E-05	 3.26714202E-05	-1.32242218E-04	-1.65837613E-04	-4.29642881E-04	-3.64007021E-05	-5.75288256E-07	 7.77103312E-09	-1.94589817E-09	 4.52482042E-11	-3.54167941E-04	-3.57977842E-04	-2.09953602E-04	-1.42983595E-04	 3.88908364E-05	 2.07379676E-05	 2.48857420E-07	 6.25154575E-08	 2.20380833E-09	-5.81893236E-10
 5.200000E-02	 1.04130354E-04	 4.09315246E-05	-1.46662627E-04	-1.90586542E-04	-5.09867727E-04	-4.40631882E-05	-6.94394479E-07	 6.87106284E-09	-2.20545405E-09	 3.04552088E-11	-3.83718046E-04	-3.98291146E-04	-2.40346413E-04	-1.69057786E-04	 3.88941321E-05	 2.44073433E-05	 3.01475193E-07	 8.01293470E-08	 3.10994594E-09	-6.41997431E-10
 5.300000E-02	 1.17895762E-04	 5.06177506E-05	-1.62002816E-04	-2.18225814E-04	-6.02879898E-04	-5.31259384E-05	-8.35929482E-07	 5.13593658E-09	-2.51882989E-09	 5.00755946E-12	-4.14725186E-04	-4.41987819E-04	-2.74335560E-04	-1.99239924E-04	 3.72780445E-05	 2.85792643E-05	 3.62618782E-07	 1.01832593E-07	 4.27640069E-09	-7.03888898E-10
 5.400000E-02	 1.33036666E-04	 6.19060591E-05	-1.78230993E-04	-2.48975964E-04	-7.10356395E-04	-6.38051478E-05	-1.00358687E-06	 2.27409148E-09	-2.90281461E-09	-3.46850470E-11	-4.47173940E-04	-4.89232586E-04	-3.12243294E-04	-2.34074720E-04	 3.34994698E-05	 3.32958236E-05	 4.33168557E-07	 1.28416111E-07	 5.76317808E-09	-7.66698908E-10
 5.500000E-02	 1.49639428E-04	 7.49864777E-05	-1.95298504E-04	-2.83057819E-04	-8.34141217E-04	-7.63438534E-05	-1.20155779E-06	-2.07908890E-09	-3.37920893E-09	-9.30116561E-11	-4.81040020E-04	-5.40186840E-04	-3.54408923E-04	-2.74164602E-04	 2.68986957E-05	 3.85977047E-05	 5.13995602E-07	 1.60796027E-07	 7.64157354E-09	-8.29309575E-10
 5.600000E-02	 1.67790637E-04	 9.00634418E-05	-2.13137740E-04	-3.20689489E-04	-9.76254869E-04	-9.10143148E-05	-1.43457787E-06	-8.37566433E-09	-3.97607641E-09	-1.75358712E-10	-5.16289771E-04	-5.95007253E-04	-4.01188403E-04	-3.20173965E-04	 1.66810600E-05	 4.45229245E-05	 6.05934792E-07	 2.00028976E-07	 9.99590401E-09	-8.90393495E-10
 5.700000E-02	 1.87576516E-04	 1.07356055E-04	-2.31659941E-04	-3.62082876E-04	-1.13890342E-03	-1.08120477E-04	-1.70797509E-06	-1.71718392E-08	-4.72920153E-09	-2.88201999E-10	-5.52879692E-04	-6.53844288E-04	-4.52953736E-04	-3.72833507E-04	 1.89653373E-06	 5.11053320E-05	 7.09751619E-07	 2.47328615E-07	 1.29253278E-08	-9.48329671E-10
 5.800000E-02	 2.09082267E-04	 1.27098258E-04	-2.50752921E-04	-4.07439611E-04	-1.32448690E-03	-1.28000504E-04	-2.02771830E-06	-2.91471636E-08	-5.68386587E-09	-4.39329559E-10	-5.90755991E-04	-7.16840612E-04	-5.10092156E-04	-4.32944610E-04	-1.85829140E-05	 5.83728383E-05	 8.26102115E-07	 3.04083340E-07	 1.65459508E-08	-1.00124237E-09
 5.900000E-02	 2.32391359E-04	 1.49538890E-04	-2.70278720E-04	-4.56946422E-04	-1.53560685E-03	-1.51029356E-04	-2.40046517E-06	-4.51266402E-08	-6.89692208E-09	-6.37959388E-10	-6.29854181E-04	-7.84129404E-04	-5.73005091E-04	-5.01383744E-04	-4.60883008E-05	 6.63453473E-05	 9.55485091E-07	 3.71875161E-07	 2.09930171E-08	-1.04693233E-09
 6.000000E-02	 2.57584769E-04	 1.74941634E-04	-2.90071206E-04	-5.10769848E-04	-1.77507266E-03	-1.77621398E-04	-2.83360896E-06	-6.61059612E-08	-8.43925388E-09	-8.94976187E-10	-6.70098715E-04	-8.55832571E-04	-6.42106868E-04	-5.79106823E-04	-8.21810890E-05	 7.50323576E-05	 1.09818595E-06	 4.52499761E-07	 2.64233870E-08	-1.08289541E-09
 6.100000E-02	 2.84740164E-04	 2.03584834E-04	-3.09933633E-04	-5.69050282E-04	-2.04590648E-03	-2.08233000E-04	-3.33532250E-06	-9.32804005E-08	-1.03986642E-08	-1.22306510E-09	-7.11402672E-04	-9.32058870E-04	-7.17823158E-04	-6.67153479E-04	-1.28683190E-04	 8.44302134E-05	 1.25421184E-06	 5.47987609E-07	 3.30180809E-08	-1.10629178E-09
 6.200000E-02	 3.13931034E-04	 2.35761155E-04	-3.29636180E-04	-6.31895278E-04	-2.35134632E-03	-2.43365120E-04	-3.91460091E-06	-1.28077771E-07	-1.28831959E-08	-1.63693870E-09	-7.53667492E-04	-1.01290193E-03	-8.00589117E-04	-7.66651173E-04	-1.87709572E-04	 9.45190039E-05	 1.42321723E-06	 6.60625885E-07	 4.09850600E-08	-1.11391515E-09
 6.300000E-02	 3.45225776E-04	 2.71777102E-04	-3.48913504E-04	-6.99372132E-04	-2.69484720E-03	-2.83565796E-04	-4.58129730E-06	-1.72195742E-07	-1.60250463E-08	-2.15350313E-09	-7.96782786E-04	-1.09843823E-03	-8.90847253E-04	-8.78819147E-04	-2.61703780E-04	 1.05259058E-04	 1.60441782E-06	 7.92981234E-07	 5.05622468E-08	-1.10218662E-09
 6.400000E-02	 3.78686738E-04	 3.11952352E-04	-3.67462325E-04	-7.71499667E-04	-3.08007998E-03	-3.29432542E-04	-5.34615272E-06	-2.27643501E-07	-1.99850188E-08	-2.79211358E-09	-8.40626214E-04	-1.18872498E-03	-9.89044967E-04	-1.00497209E-03	-3.53476349E-04	 1.16586993E-04	 1.79649337E-06	 9.47923196E-07	 6.20207982E-08	-1.06707681E-09
 6.500000E-02	 4.14369217E-04	 3.56618910E-04	-3.84939056E-04	-8.48239175E-04	-3.51092718E-03	-3.81614589E-04	-6.22081827E-06	-2.96788538E-07	-2.49577282E-08	-3.57478323E-09	-8.85063434E-04	-1.28379794E-03	-1.09563175E-03	-1.14652345E-03	-4.66246135E-04	 1.28411292E-04	 1.99747887E-06	 1.12864798E-06	 7.56683847E-08	-1.00416092E-09
 6.600000E-02	 4.52320418E-04	 4.06120055E-04	-4.00957544E-04	-9.29484515E-04	-3.99147550E-03	-4.40814941E-04	-7.21786709E-06	-3.82408918E-07	-3.11774365E-08	-4.52642907E-09	-9.29948134E-04	-1.38366923E-03	-1.21105606E-03	-1.30498827E-03	-6.03684606E-04	 1.40607415E-04	 2.20464353E-06	 1.33870241E-06	 9.18526537E-08	-9.08474130E-10
 6.700000E-02	 4.92578390E-04	 4.60809083E-04	-4.15086910E-04	-1.01505131E-03	-4.52600449E-03	-5.07792165E-04	-8.35079422E-06	-4.87751693E-07	-3.89249050E-08	-5.67505933E-09	-9.75122162E-04	-1.48832506E-03	-1.33576179E-03	-1.48198554E-03	-7.69963110E-04	 1.53012373E-04	 2.41435775E-06	 1.58200769E-06	 1.10964667E-07	-7.74615632E-10
 6.800000E-02	 5.35170924E-04	 5.21047808E-04	-4.26849576E-04	-1.10466527E-03	-5.11897064E-03	-5.83361865E-04	-9.63400191E-06	-6.16597986E-07	-4.85349629E-08	-7.05196259E-09	-1.02041574E-03	-1.59772344E-03	-1.47018442E-03	-1.67923982E-03	-9.69803031E-04	 1.65418765E-04	 2.62194797E-06	 1.86288267E-06	 1.33442373E-07	-5.96521894E-10
 6.900000E-02	 5.80114443E-04	 5.87204830E-04	-4.35719473E-04	-1.19794954E-03	-5.77498623E-03	-6.68397735E-04	-1.10827683E-05	-7.73335651E-07	-6.04053709E-08	-8.69179300E-09	-1.06564778E-03	-1.71179194E-03	-1.61474675E-03	-1.89858215E-03	-1.20852862E-03	 1.77568204E-04	 2.82154042E-06	 2.18606610E-06	 1.59773839E-07	-3.67613750E-10
 7.000000E-02	 6.27412873E-04	 6.59653555E-04	-4.41120502E-04	-1.29441127E-03	-6.49879193E-03	-7.63832044E-04	-1.27131900E-05	-9.63040121E-07	-7.50063455E-08	-1.06325652E-08	-1.11062634E-03	-1.83042544E-03	-1.76985426E-03	-2.14194997E-03	-1.49212193E-03	 1.89144078E-04	 3.00589243E-06	 2.55673758E-06	 1.90500111E-07	-8.04399441E-11
 7.100000E-02	 6.77056506E-04	 7.38769921E-04	-4.42425284E-04	-1.39342703E-03	-7.29522209E-03	-8.70655489E-04	-1.45420922E-05	-1.19156608E-06	-9.28914817E-08	-1.29153468E-08	-1.15514911E-03	-1.95348380E-03	-1.93589003E-03	-2.41138568E-03	-1.82727826E-03	 1.99764059E-04	 3.16622649E-06	 2.98053586E-06	 2.26217090E-07	 2.73276996E-10
 7.200000E-02	 7.29020843E-04	 8.24929818E-04	-4.38954218E-04	-1.49422746E-03	-8.16916216E-03	-9.89916977E-04	-1.65869647E-05	-1.46565078E-06	-1.14708711E-07	-1.55838801E-08	-1.19900406E-03	-2.08078966E-03	-2.11320912E-03	-2.70903381E-03	-2.22146152E-03	 2.08972888E-04	 3.29207865E-06	 3.46356805E-06	 2.67576213E-07	 7.03416791E-10
 7.300000E-02	 7.83265508E-04	 9.18506322E-04	-4.29974979E-04	-1.59588144E-03	-9.12550122E-03	-1.12272248E-03	-1.88658480E-05	-1.79301577E-06	-1.41213474E-07	-1.86854392E-08	-1.24197024E-03	-2.21212639E-03	-2.30213293E-03	-3.03713801E-03	-2.68296556E-03	 2.16233838E-04	 3.37111433E-06	 4.01241844E-06	 3.15288909E-07	 1.22196795E-09
 7.400000E-02	 8.39733180E-04	 1.01986662E-03	-4.14702442E-04	-1.69727966E-03	-1.01690765E-02	-1.27023306E-03	-2.13972006E-05	-2.18247259E-06	-1.73281906E-07	-2.22717196E-08	-1.28381873E-03	-2.34723619E-03	-2.50294314E-03	-3.39803622E-03	-3.22097682E-03	 2.20918993E-04	 3.38890128E-06	 4.63415445E-06	 3.70130143E-07	 1.84370552E-09
 7.500000E-02	 8.98348544E-04	 1.12936864E-03	-3.92299104E-04	-1.79711718E-03	-1.13046094E-02	-1.43366192E-03	-2.41997239E-05	-2.64404497E-06	-2.11926409E-07	-2.63987611E-08	-1.32431369E-03	-2.48581830E-03	-2.71587514E-03	-3.79415386E-03	-3.84563583E-03	 2.22299716E-04	 3.32868571E-06	 5.33632478E-06	 4.32939904E-07	 2.58630697E-09
 7.600000E-02	 9.59017302E-04	 1.24735734E-03	-3.61876036E-04	-1.89387567E-03	-1.25366314E-02	-1.61427045E-03	-2.72921586E-05	-3.18909957E-06	-2.58312044E-07	-3.11268659E-08	-1.36321350E-03	-2.62752731E-03	-2.94111124E-03	-4.22799543E-03	-4.56809810E-03	 2.19536652E-04	 3.17118789E-06	 6.12695109E-06	 5.04623243E-07	 3.47126299E-09
 7.700000E-02	 1.02162525E-03	 1.37416082E-03	-3.22494437E-04	-1.98580504E-03	-1.38694004E-02	-1.81336340E-03	-3.06930484E-05	-3.83048506E-06	-3.13775152E-07	-3.65205084E-08	-1.40027215E-03	-2.77197178E-03	-3.17877355E-03	-4.70213417E-03	-5.40059406E-03	 2.11669324E-04	 2.89439433E-06	 7.01451097E-06	 5.86149623E-07	 4.52460113E-09
 7.800000E-02	 1.08603743E-03	 1.51008602E-03	-2.73167840E-04	-2.07090490E-03	-1.53068067E-02	-2.03228286E-03	-3.44204685E-05	-4.58267920E-06	-3.79842263E-07	-4.26485470E-08	-1.43524062E-03	-2.91871300E-03	-3.42891658E-03	-5.21919965E-03	-6.35648738E-03	 1.97605510E-04	 2.47334705E-06	 8.00791040E-06	 6.78551336E-07	 5.77837318E-09
 7.900000E-02	 1.15209737E-03	 1.65541423E-03	-2.12865037E-04	-2.14690579E-03	-1.68522707E-02	-2.27240125E-03	-3.84917166E-05	-5.46194117E-06	-4.58251501E-07	-4.95845748E-08	-1.46786854E-03	-3.06726412E-03	-3.69151955E-03	-5.78186335E-03	-7.45033171E-03	 1.76110596E-04	 1.87992962E-06	 9.11644559E-06	 7.82922038E-07	 7.27192984E-09
 8.000000E-02	 1.21962643E-03	 1.81039627E-03	-1.40513772E-04	-2.21125047E-03	-1.85086302E-02	-2.53511354E-03	-4.29229856E-05	-6.48646660E-06	-5.50974651E-07	-5.74081183E-08	-1.49790588E-03	-3.21708950E-03	-3.96647867E-03	-6.39282204E-03	-8.69792746E-03	 1.45797029E-04	 1.08262803E-06	 1.03497517E-05	 9.00415424E-07	 9.05382602E-09
 8.100000E-02	 1.28842334E-03	 1.97524757E-03	-5.50052611E-05	-2.26107532E-03	-2.02780228E-02	-2.82182805E-03	-4.77289815E-05	-7.67653530E-06	-6.60244213E-07	-6.62068661E-08	-1.52510488E-03	-3.36760463E-03	-4.25359929E-03	-7.05477962E-03	-1.01163844E-02	 1.05113335E-04	 4.62208091E-08	 1.17177388E-05	 1.03224703E-06	 1.11829056E-08
 8.200000E-02	 1.35826389E-03	 2.15014312E-03	 4.48005032E-05	-2.29319252E-03	-2.21617539E-02	-3.13395300E-03	-5.29222483E-05	-9.05464273E-06	-7.88583977E-07	-7.60804514E-08	-1.54922214E-03	-3.51817667E-03	-4.55258869E-03	-7.77042795E-03	-1.17241927E-02	 5.23308320E-05	-1.26844893E-06	 1.32305475E-05	 1.17969709E-06	 1.37290208E-08
 8.300000E-02	 1.42890067E-03	 2.33521186E-03	 1.60068494E-04	-2.30407186E-03	-2.41601390E-02	-3.47288508E-03	-5.85127655E-05	-1.06456374E-05	-9.38829361E-07	-8.71427784E-08	-1.57002070E-03	-3.66812472E-03	-4.86304740E-03	-8.54241983E-03	-1.35412645E-02	-1.44709013E-05	-2.90463780E-06	 1.48984878E-05	 1.34409240E-06	 1.67723822E-08
 8.400000E-02	 1.50006295E-03	 2.53053091E-03	 2.91981396E-04	-2.28982364E-03	-2.62723298E-02	-3.83999639E-03	-6.45074361E-05	-1.24768918E-05	-1.11415141E-06	-9.95213025E-08	-1.58727219E-03	-3.81672077E-03	-5.18446093E-03	-9.37334046E-03	-1.55889677E-02	-9.74162664E-05	-4.90984630E-06	 1.67319509E-05	 1.52678659E-06	 2.04051235E-08
 8.500000E-02	 1.57145684E-03	 2.73611979E-03	 4.41731317E-04	-2.24618299E-03	-2.84961284E-02	-4.23661898E-03	-7.09094859E-05	-1.45784870E-05	-1.31808709E-06	-1.13355785E-07	-1.60075920E-03	-3.96319126E-03	-5.51619187E-03	-1.02656767E-02	-1.78901529E-02	-1.98845435E-04	-7.33591964E-06	 1.87413051E-05	 1.72914411E-06	 2.47335750E-08
 8.600000E-02	 1.64276565E-03	 2.95193442E-03	 6.10510406E-04	-2.16849575E-03	-3.08277865E-02	-4.66402739E-03	-7.77178042E-05	-1.69834025E-05	-1.55457073E-06	-1.28796642E-07	-1.61027774E-03	-4.10671916E-03	-5.85747216E-03	-1.12217829E-02	-2.04691746E-02	-3.21326201E-04	-1.02391281E-05	 2.09367765E-05	 1.95252331E-06	 2.98813897E-08
 8.700000E-02	 1.71365044E-03	 3.17786112E-03	 7.99500351E-04	-2.05170637E-03	-3.32617901E-02	-5.12341951E-03	-8.49262274E-05	-1.97277078E-05	-1.82796740E-06	-1.46004744E-07	-1.61563978E-03	-4.24644673E-03	-6.20739567E-03	-1.22438439E-02	-2.33519008E-02	-4.67665576E-04	-1.36802292E-05	 2.33283155E-05	 2.19825918E-06	 3.59925684E-08
 8.800000E-02	 1.78375082E-03	 3.41371052E-03	 1.00986072E-03	-1.89034800E-03	-3.57906309E-02	-5.61589586E-03	-9.25227640E-05	-2.28507513E-05	-2.14310751E-06	-1.65151280E-07	-1.61667585E-03	-4.38147879E-03	-6.56491119E-03	-1.33338344E-02	-2.65657140E-02	-6.40920853E-04	-1.77245071E-05	 2.59254480E-05	 2.46764435E-06	 4.32348950E-08
 8.900000E-02	 1.85268607E-03	 3.65921154E-03	 1.24271610E-03	-1.67853514E-03	-3.84045639E-02	-6.14243791E-03	-1.00488754E-04	-2.63953402E-05	-2.50532432E-06	-1.86420170E-07	-1.61323774E-03	-4.51088677E-03	-6.92881583E-03	-1.44934757E-02	-3.01395037E-02	-8.44409922E-04	-2.24417940E-05	 2.87371180E-05	 2.76191134E-06	 5.18033116E-08
 9.000000E-02	 1.92005648E-03	 3.91400543E-03	 1.49914195E-03	-1.40995881E-03	-4.10913528E-02	-6.70388653E-03	-1.08798009E-04	-3.04079041E-05	-2.92049868E-06	-2.10011653E-07	-1.60520123E-03	-4.63371335E-03	-7.29774912E-03	-1.57241889E-02	-3.41036599E-02	-1.08172133E-03	-2.79065727E-05	 3.17715225E-05	 3.08221662E-06	 6.19218566E-08
 9.100000E-02	 1.98544505E-03	 4.17764013E-03	 1.78014930E-03	-1.07788428E-03	-4.38359986E-02	-7.30091735E-03	-1.17415722E-04	-3.49386163E-05	-3.39511740E-06	-2.36149678E-07	-1.59246891E-03	-4.74897824E-03	-7.67018829E-03	-1.70270481E-02	-3.84900868E-02	-1.35672584E-03	-3.41983222E-05	 3.50359493E-05	 3.42963269E-06	 7.38436860E-08
 9.200000E-02	 2.04841974E-03	 4.44956545E-03	 2.08666875E-03	-6.75153143E-04	-4.66204352E-02	-7.93400108E-03	-1.26296447E-04	-4.00414935E-05	-3.93635187E-06	-2.65090512E-07	-1.57497313E-03	-4.85568508E-03	-8.04444570E-03	-1.84027347E-02	-4.33322343E-02	-1.67359008E-03	-4.14012637E-05	 3.85367386E-05	 3.80514138E-06	 8.78444578E-08
 9.300000E-02	 2.10853559E-03	 4.72912725E-03	 2.41953200E-03	-1.94191438E-04	-4.94231749E-02	-8.60337317E-03	-1.35383164E-04	-4.57745105E-05	-4.55207191E-06	-2.97125000E-07	-1.55267856E-03	-4.95282792E-03	-8.41866398E-03	-1.98514714E-02	-4.86650187E-02	-2.03679597E-03	-4.96040284E-05	 4.22792266E-05	 4.20956305E-06	 1.04215979E-07
 9.400000E-02	 2.16533731E-03	 5.01556233E-03	 2.77945247E-03	 3.72978344E-04	-5.22189279E-02	-9.30900353E-03	-1.44606143E-04	-5.21997932E-05	-5.25087349E-06	-3.32574401E-07	-1.52558481E-03	-5.03939888E-03	-8.79081334E-03	-2.13729575E-02	-5.45247122E-02	-2.45115413E-03	-5.88991875E-05	 4.62676098E-05	 4.64348089E-06	 1.23265908E-07
 9.500000E-02	 2.21836228E-03	 5.30799396E-03	 3.16700458E-03	 1.03471937E-03	-5.49781909E-02	-1.00505609E-02	-1.53881559E-04	-5.93838618E-05	-6.04212839E-06	-3.71782304E-07	-1.49372905E-03	-5.11439689E-03	-9.15869096E-03	-2.29663031E-02	-6.09488174E-02	-2.92181489E-03	-6.93825844E-05	 5.05047929E-05	 5.10717208E-06	 1.45325275E-07
 9.600000E-02	 2.26714399E-03	 5.60542809E-03	 3.58260166E-03	 1.79975554E-03	-5.76668024E-02	-1.08273729E-02	-1.63109948E-04	-6.73979134E-05	-6.93604384E-06	-4.15106791E-07	-1.45718849E-03	-5.17683727E-03	-9.51992189E-03	-2.46299601E-02	-6.79759161E-02	-3.45427985E-03	-8.11525144E-05	 5.49922312E-05	 5.60053745E-06	 1.70753856E-07
 9.700000E-02	 2.31121582E-03	 5.90675016E-03	 4.02647241E-03	 2.67713894E-03	-6.02454573E-02	-1.16383822E-02	-1.72174496E-04	-7.63181453E-05	-7.94373337E-06	-4.62910476E-07	-1.41608267E-03	-5.22576230E-03	-9.87196183E-03	-2.63616495E-02	-7.56454858E-02	-4.05441383E-03	-9.43087225E-05	 5.97297777E-05	 6.12302219E-06	 1.99947353E-07
 9.800000E-02	 2.35011523E-03	 6.21072284E-03	 4.49863602E-03	 3.67620879E-03	-6.26691722E-02	-1.24820985E-02	-1.80939109E-04	-8.62261282E-05	-9.07729227E-06	-5.15552484E-07	-1.37057563E-03	-5.26025262E-03	-1.02121021E-02	-2.81582856E-02	-8.39976750E-02	-4.72845778E-03	-1.08951132E-04	 6.47155417E-05	 6.67352471E-06	 2.33342782E-07
 9.900000E-02	 2.38338845E-03	 6.51598481E-03	 4.99887619E-03	 4.80654151E-03	-6.48866853E-02	-1.33565482E-02	-1.89246494E-04	-9.72092661E-05	-1.03498963E-05	-5.73376017E-07	-1.32087773E-03	-5.27943952E-03	-1.05374771E-02	-3.00158979E-02	-9.30730318E-02	-5.48304234E-03	-1.25178006E-04	 6.99457595E-05	 7.25028064E-06	 2.71419493E-07
 1.000000E-01	 2.41059561E-03	 6.82105076E-03	 5.52671457E-03	 6.07789459E-03	-6.68397613E-02	-1.42592118E-02	-1.96917264E-04	-1.09361413E-04	-1.17759092E-05	-6.36695298E-07	-1.26724718E-03	-5.28251817E-03	-1.08450749E-02	-3.19295611E-02	-1.02912168E-01	-6.32521726E-03	-1.43083799E-04	 7.54146788E-05	 7.85071132E-06	 3.14699570E-07
 1.010000E-01	 2.43131635E-03	 7.12431294E-03	 6.08138306E-03	 7.50014635E-03	-6.84624250E-02	-1.51868989E-02	-2.03747072E-04	-1.22783631E-04	-1.33710296E-05	-7.05759381E-07	-1.20999124E-03	-5.26876184E-03	-1.11317510E-02	-3.38933313E-02	-1.13555347E-01	-7.26252445E-03	-1.62759288E-04	 8.11146270E-05	 8.47126772E-06	 3.63748051E-07
 1.020000E-01	 2.44515581E-03	 7.42404365E-03	 6.66179178E-03	 9.08320525E-03	-6.96802859E-02	-1.61356170E-02	-2.09498494E-04	-1.37585949E-04	-1.51525349E-05	-7.80626739E-07	-1.14946708E-03	-5.23753802E-03	-1.13942470E-02	-3.59001411E-02	-1.25041968E-01	-8.30294836E-03	-1.84288078E-04	 8.70348849E-05	 9.10712778E-06	 4.19268876E-07
 1.030000E-01	 2.45175076E-03	 7.71839821E-03	 7.26649629E-03	 1.08368976E-02	-7.04098550E-02	-1.71005038E-02	-2.13898361E-04	-1.53889447E-04	-1.71393760E-05	-8.61050693E-07	-1.08608174E-03	-5.18832412E-03	-1.16292108E-02	-3.79416671E-02	-1.37409742E-01	-9.45481628E-03	-2.07737839E-04	 9.31598362E-05	 9.75167956E-06	 4.82241277E-07
 1.040000E-01	 2.45077642E-03	 8.00542095E-03	 7.89366858E-03	 1.27708611E-02	-7.05576705E-02	-1.80757154E-02	-2.16638153E-04	-1.71827603E-04	-1.93522048E-05	-9.46488952E-07	-1.02029152E-03	-5.12072407E-03	-1.18332244E-02	-4.00082497E-02	-1.50693697E-01	-1.07267956E-02	-2.33152219E-04	 9.94679587E-05	 1.03960551E-05	 5.53986192E-07
 1.050000E-01	 2.44195355E-03	 8.28305336E-03	 8.54106611E-03	 1.48944092E-02	-7.00193664E-02	-1.90542937E-02	-2.17372078E-04	-1.91547512E-04	-2.18133899E-05	-1.03613908E-06	-9.52600606E-04	-5.03448589E-03	-1.20028364E-02	-4.20888058E-02	-1.64925038E-01	-1.21278790E-02	-2.60544105E-04	 1.05930504E-04	 1.10286862E-05	 6.36214053E-07
 1.060000E-01	 2.42505586E-03	 8.54914462E-03	 9.20600148E-03	 1.72163678E-02	-6.86787463E-02	-2.00280244E-02	-2.15715294E-04	-2.13211281E-04	-2.45469845E-05	-1.12895756E-06	-8.83558945E-04	-4.92951959E-03	-1.21346011E-02	-4.41707414E-02	-1.80129773E-01	-1.36673344E-02	-2.89887382E-04	 1.12509772E-04	 1.16348126E-05	 7.31087353E-07
 1.070000E-01	 2.39991763E-03	 8.80146503E-03	 9.88531363E-03	 1.97448880E-02	-6.64068697E-02	-2.09872789E-02	-2.11243331E-04	-2.36997628E-04	-2.75786383E-05	-1.22366768E-06	-8.13759054E-04	-4.80591551E-03	-1.22251248E-02	-4.62398702E-02	-1.96327061E-01	-1.53546321E-02	-3.21106868E-04	 1.19157014E-04	 1.21959100E-05	 8.41300880E-07
 1.080000E-01	 2.36644158E-03	 9.03772239E-03	 1.05753415E-02	 2.24872286E-02	-6.30611815E-02	-2.19208414E-02	-2.03492834E-04	-2.63103630E-04	-3.09354164E-05	-1.31876254E-06	-7.43831734E-04	-4.66396249E-03	-1.22711194E-02	-4.82803425E-02	-2.13527219E-01	-1.71993478E-02	-3.54066474E-04	 1.25809811E-04	 1.26890240E-05	 9.70183907E-07
 1.090000E-01	 2.32460660E-03	 9.25558187E-03	 1.12719011E-02	 2.54495083E-02	-5.84847310E-02	-2.28157208E-02	-1.91964080E-04	-2.91746586E-04	-3.46455083E-05	-1.41250965E-06	-6.74440520E-04	-4.50416587E-03	-1.22694642E-02	-5.02745874E-02	-2.31729335E-01	-1.92110339E-02	-3.88555455E-04	 1.32388814E-04	 1.30859980E-05	 1.12182760E-06
 1.100000E-01	 2.27447547E-03	 9.45268953E-03	 1.19702684E-02	 2.86364229E-02	-5.25055478E-02	-2.36569494E-02	-1.76125864E-04	-3.23165903E-04	-3.87377746E-05	-1.50296211E-06	-6.06274727E-04	-4.32726458E-03	-1.22172780E-02	-5.22032764E-02	-2.50918436E-01	-2.13990528E-02	-4.24272780E-04	 1.38793692E-04	 1.33525971E-05	 1.30124217E-06
 1.110000E-01	 2.21620222E-03	 9.62670007E-03	 1.26651691E-02	 3.20509275E-02	-4.49362536E-02	-2.44273647E-02	-1.55423223E-04	-3.57624891E-04	-4.32411057E-05	-1.58798468E-06	-5.40040965E-04	-4.13424715E-03	-1.21119999E-02	-5.40453173E-02	-2.71062145E-01	-2.37723590E-02	-4.60809491E-04	 1.44898136E-04	 1.34475316E-05	 1.51454864E-06
 1.120000E-01	 2.15003892E-03	 9.77530939E-03	 1.33507788E-02	 3.56938810E-02	-3.55740466E-02	-2.51073645E-02	-1.29289442E-04	-3.95412391E-04	-4.81834914E-05	-1.66530204E-06	-4.76452989E-04	-3.92636570E-03	-1.19514816E-02	-5.57778920E-02	-2.92106756E-01	-2.63392088E-02	-4.97627686E-04	 1.50543843E-04	 1.33214031E-05	 1.76921105E-06
 1.130000E-01	 2.07634124E-03	 9.89629037E-03	 1.40207340E-02	 3.95636308E-02	-2.42013992E-02	-2.56746789E-02	-9.71656959E-05	-4.36843970E-04	-5.35905293E-05	-1.73257159E-06	-4.16219748E-04	-3.70514683E-03	-1.17340871E-02	-5.73765255E-02	-3.13972508E-01	-2.91068126E-02	-5.34039816E-04	 1.55533013E-04	 1.29156386E-05	 2.07433548E-06
 1.140000E-01	 1.99557271E-03	 9.98753374E-03	 1.46681602E-02	 4.36555650E-02	-1.05876633E-02	-2.61041670E-02	-5.85280857E-05	-4.82262250E-04	-5.94834745E-05	-1.78751999E-06	-3.60031652E-04	-3.47239871E-03	-1.14588036E-02	-5.88152281E-02	-3.36548207E-01	-3.20808863E-02	-5.69187606E-04	 1.59618938E-04	 1.21615005E-05	 2.44105859E-06
 1.150000E-01	 1.90830711E-03	 1.00470937E-02	 1.52857206E-02	 4.79616331E-02	 5.50814039E-03	-2.63676525E-02	-1.29235628E-05	-5.32035857E-04	-6.58767976E-05	-1.82818168E-06	-3.08545087E-04	-3.23021338E-03	-1.11253596E-02	-6.00667260E-02	-3.59685274E-01	-3.52650911E-02	-6.02022291E-04	 1.62494667E-04	 1.09793052E-05	 2.88302334E-06
 1.160000E-01	 1.81522851E-03	 1.00732376E-02	 1.58656893E-02	 5.24698433E-02	 2.43329775E-02	-2.64338274E-02	 3.99837677E-05	-5.86556259E-04	-7.27751441E-05	-1.85327985E-06	-2.62365322E-04	-2.98096257E-03	-1.07343487E-02	-6.11027973E-02	-3.83191371E-01	-3.86603529E-02	-6.31288951E-04	 1.63779593E-04	 9.27804265E-06	 3.41693176E-06
 1.170000E-01	 1.71712823E-03	 1.00644997E-02	 1.64000539E-02	 5.71637528E-02	 4.61334858E-02	-2.62682629E-02	 1.00354739E-04	-6.46231621E-04	-8.01696604E-05	-1.86280265E-06	-2.22028103E-04	-2.72728581E-03	-1.02873541E-02	-6.18947355E-02	-4.06823867E-01	-4.22640542E-02	-6.55518496E-04	 1.63004038E-04	 6.95564494E-06	 4.06316337E-06
 1.180000E-01	 1.61489819E-03	 1.00197364E-02	 1.68806519E-02	 6.20219783E-02	 7.11472576E-02	-2.58335765E-02	 1.68104967E-04	-7.11476567E-04	-8.80336861E-05	-1.85883687E-06	-1.87980436E-04	-2.47206900E-03	-9.78706771E-03	-6.24139632E-02	-4.30283582E-01	-4.60690970E-02	-6.73031970E-04	 1.59592039E-04	 3.90022211E-06	 4.84643051E-06
 1.190000E-01	 1.50952006E-03	 9.93818371E-03	 1.72993437E-02	 6.70177628E-02	 9.95912996E-02	-2.50898148E-02	 2.42822967E-04	-7.82696578E-04	-9.63179163E-05	-1.84673179E-06	-1.60561310E-04	-2.21841210E-03	-9.23739501E-03	-6.26328133E-02	-4.53209435E-01	-5.00628506E-02	-6.81962945E-04	 1.52842912E-04	-7.34319957E-09	 5.79643044E-06
 1.200000E-01	 1.40204949E-03	 9.81951172E-03	 1.76482265E-02	 7.21186418E-02	 1.31647308E-01	-2.39951238E-02	 3.23676781E-04	-8.60265902E-04	-1.04945253E-04	-1.83667082E-06	-1.39983352E-04	-1.96958427E-03	-8.64353447E-03	-6.25254931E-02	-4.75174833E-01	-5.42260114E-02	-6.80303015E-04	 1.41912579E-04	-4.88899438E-06	 6.94842087E-06
 1.210000E-01	 1.29359510E-03	 9.66387351E-03	 1.79198800E-02	 7.72862280E-02	 1.67443423E-01	-2.25068461E-02	 4.09310215E-04	-9.44498130E-04	-1.13805685E-04	-1.84572125E-06	-1.26316805E-04	-1.72896519E-03	-8.01201623E-03	-6.20691879E-02	-4.95686869E-01	-5.85315651E-02	-6.65983734E-04	 1.25795652E-04	-1.08628359E-05	 8.34362050E-06
 1.220000E-01	 1.18529224E-03	 9.47194145E-03	 1.81076401E-02	 8.24761729E-02	 2.07033243E-01	-2.05831435E-02	 4.97762541E-04	-1.03560552E-03	-1.22752367E-04	-1.90042069E-06	-1.19477246E-04	-1.49997334E-03	-7.35069068E-03	-6.12452002E-02	-5.14190052E-01	-6.29442365E-02	-6.37020759E-04	 1.03310184E-04	-1.80341871E-05	 1.00292435E-05
 1.230000E-01	 1.07827516E-03	 9.24494416E-03	 1.82059150E-02	 8.76387759E-02	 2.50376882E-01	-1.81849674E-02	 5.86425756E-04	-1.13364963E-03	-1.31603040E-04	-2.03996991E-06	-1.19217312E-04	-1.28598233E-03	-6.66866572E-03	-6.00403422E-02	-5.30076747E-01	-6.74197326E-02	-5.91645147E-04	 7.30907865E-05	-2.64870615E-05	 1.20575708E-05
 1.240000E-01	 9.73645800E-04	 8.98468349E-03	 1.82104926E-02	 9.27198426E-02	 2.97323334E-01	-1.52781723E-02	 6.72029584E-04	-1.23848704E-03	-1.40143807E-04	-2.31936542E-06	-1.25124057E-04	-1.09022547E-03	-5.97617108E-03	-5.84483015E-02	-5.42703018E-01	-7.19044546E-02	-5.28467613E-04	 3.35962191E-05	-3.62744424E-05	 1.44837086E-05
 1.250000E-01	 8.72440646E-04	 8.69352987E-03	 1.81188263E-02	 9.76618577E-02	 3.47594908E-01	-1.18356147E-02	 7.50678471E-04	-1.34971285E-03	-1.48135380E-04	-2.81214832E-06	-1.36623339E-04	-9.15692534E-04	-5.28434322E-03	-5.64708823E-02	-5.51409962E-01	-7.63358059E-02	-4.46677947E-04	-1.68664373E-05	-4.74075016E-05	 1.73620266E-05
 1.260000E-01	 7.75597398E-04	 8.37439548E-03	 1.79302819E-02	 1.02405420E-01	 4.00775574E-01	-7.83938110E-03	 8.17950156E-04	-1.46660357E-03	-1.55322527E-04	-3.61257851E-06	-1.52992045E-04	-7.65024452E-04	-4.60493378E-03	-5.41190252E-02	-5.55550762E-01	-8.06430573E-02	-3.46252554E-04	-8.01019740E-05	-5.98452639E-05	 2.07415782E-05
 1.270000E-01	 6.83923737E-04	 8.03068420E-03	 1.76463292E-02	 1.06890994E-01	 4.56305299E-01	-3.28309860E-03	 8.69050649E-04	-1.58806393E-03	-1.61446960E-04	-4.83697461E-06	-1.73378157E-04	-6.40410446E-04	-3.94994367E-03	-5.14135152E-02	-5.54522668E-01	-8.47488428E-02	-2.28152066E-04	-1.57971022E-04	-7.34862120E-05	 2.46606333E-05
 1.280000E-01	 5.98070241E-04	 7.66621754E-03	 1.72706561E-02	 1.11060938E-01	 5.13482331E-01	 1.82603667E-03	 8.99032871E-04	-1.71258301E-03	-1.66263551E-04	-6.62382755E-06	-1.96828339E-04	-5.43493286E-04	-3.33119563E-03	-4.83852810E-02	-5.47802246E-01	-8.85713217E-02	-9.44940904E-05	-2.52316165E-04	-8.81631091E-05	 2.91403042E-05
 1.290000E-01	 5.18509564E-04	 7.28513777E-03	 1.68091815E-02	 1.14861674E-01	 5.71474834E-01	 7.46572042E-03	 9.03080407E-04	-1.83820534E-03	-1.69559135E-04	-9.13229053E-06	-2.22322166E-04	-4.75289559E-04	-2.75986616E-03	-4.50752000E-02	-5.34981705E-01	-9.20269580E-02	 5.13230633E-05	-3.64871334E-04	-1.03642373E-04	 3.41775028E-05
 1.300000E-01	 4.45523750E-04	 6.89179137E-03	 1.62699516E-02	 1.18245848E-01	 6.29342565E-01	 1.35976611E-02	 8.76843197E-04	-1.96252230E-03	-1.71172585E-04	-1.25386950E-05	-2.48811330E-04	-4.36131052E-04	-2.24600308E-03	-4.15333603E-02	-5.15803546E-01	-9.50337912E-02	 2.04569595E-04	-4.97157774E-04	-1.19629130E-04	 3.97376593E-05
 1.310000E-01	 3.79201040E-04	 6.49059767E-03	 1.56629148E-02	 1.21174328E-01	 6.86068336E-01	 2.01675283E-02	 8.16804836E-04	-2.08268938E-03	-1.71014321E-04	-1.70308631E-05	-2.75261680E-04	-4.25632692E-04	-1.79806049E-03	-3.78177597E-02	-4.90190492E-01	-9.75150544E-02	 3.59224565E-04	-6.50371875E-04	-1.35778651E-04	 4.57477819E-05
 1.320000E-01	 3.19442925E-04	 6.08590953E-03	 1.49995774E-02	 1.23617856E-01	 7.40598193E-01	 2.71058730E-02	 7.20661589E-04	-2.19547198E-03	-1.69083126E-04	-2.28001534E-05	-3.00695304E-04	-4.42691348E-04	-1.42248701E-03	-3.39924599E-02	-4.58267557E-01	-9.94029593E-02	 5.08122419E-04	-8.25271540E-04	-1.51714481E-04	 5.20905338E-05
 1.330000E-01	 2.65981478E-04	 5.68187584E-03	 1.42925576E-02	 1.25558334E-01	 7.91888864E-01	 3.43299538E-02	 5.87666722E-04	-2.29732219E-03	-1.65478232E-04	-3.00313666E-05	-3.24229274E-04	-4.85517323E-04	-1.12340700E-03	-3.01253268E-02	-4.20373057E-01	-1.00642110E-01	 6.43229091E-04	-1.02206929E-03	-1.67053894E-04	 5.85999203E-05
 1.340000E-01	 2.18405615E-04	 5.28231268E-03	 1.35550603E-02	 1.26989481E-01	 8.38958329E-01	 4.17464845E-02	 4.18904558E-04	-2.38448645E-03	-1.60403815E-04	-3.88907958E-05	-3.45108594E-04	-5.51698417E-04	-9.02424200E-04	-2.62855051E-02	-3.77056577E-01	-1.01192402E-01	 7.56026288E-04	-1.24034123E-03	-1.81437727E-04	 6.50594555E-05
 1.350000E-01	 1.76194320E-04	 4.89059201E-03	 1.28003100E-02	 1.27916821E-01	 8.80935307E-01	 4.92551121E-02	 2.17459473E-04	-2.45313967E-03	-1.54164232E-04	-4.95131276E-05	-3.62731108E-04	-6.38293132E-04	-7.58564835E-04	-2.25407921E-02	-3.29063224E-01	-1.01031185E-01	 8.37980377E-04	-1.47896141E-03	-1.94561913E-04	 7.12034917E-05
 1.360000E-01	 1.38754285E-04	 4.50955527E-03	 1.20409853E-02	 1.28357016E-01	 9.17103587E-01	 5.67523673E-02	-1.15490804E-05	-2.49953848E-03	-1.47149303E-04	-6.19881472E-05	-3.76662729E-04	-7.41947454E-04	-6.88368531E-04	-1.89550986E-02	-2.77304720E-01	-1.00154478E-01	 8.81063489E-04	-1.73606949E-03	-2.06207799E-04	 7.67221461E-05
 1.370000E-01	 1.05459001E-04	 4.14145736E-03	 1.12886976E-02	 1.28336600E-01	 9.46937406E-01	 6.41357971E-02	-2.61081784E-04	-2.52018417E-03	-1.39810046E-04	-7.63483196E-05	-3.86642212E-04	-8.59027730E-04	-6.86122390E-04	-1.55861802E-02	-2.22819230E-01	-9.85771468E-02	 8.78285184E-04	-2.00907710E-03	-2.16268078E-04	 8.12699440E-05
 1.380000E-01	 7.56862748E-05	 3.78794373E-03	 1.05535526E-02	 1.27890218E-01	 9.70124861E-01	 7.13079679E-02	-5.22446366E-04	-2.51198415E-03	-1.32626357E-04	-9.25583686E-05	-3.92575633E-04	-9.85760859E-04	-7.44220185E-04	-1.24837956E-02	-1.66722969E-01	-9.63320223E-02	 8.24188352E-04	-2.29471556E-03	-2.24765262E-04	 8.44779723E-05
 1.390000E-01	 4.88514013E-05	 3.45006072E-03	 9.84382777E-03	 1.27058532E-01	 9.86577482E-01	 7.81800487E-02	-7.85701792E-04	-2.47240037E-03	-1.26069222E-04	-1.10507873E-04	-3.94521643E-04	-1.11837265E-03	-8.53617283E-04	-9.68840101E-03	-1.10157518E-01	-9.34680691E-02	 7.15263888E-04	-2.58912370E-03	-2.31860275E-04	 8.59689545E-05
 1.400000E-01	 2.44337567E-05	 3.12829662E-03	 9.16578444E-03	 1.25885964E-01	 9.96425533E-01	 8.46747307E-02	-1.04016987E-03	-2.39957402E-03	-1.20560845E-04	-1.30007732E-04	-3.92669293E-04	-1.25321572E-03	-1.00434385E-03	-7.23043538E-03	-5.42371132E-02	-9.00477706E-02	 5.50246557E-04	-2.88797107E-03	-2.37849627E-04	 8.53743617E-05
 1.410000E-01	 1.99532850E-06	 2.82264867E-03	 8.52362512E-03	 1.24418469E-01	 1.00000000E+00	 9.07282298E-02	-1.27501822E-03	-2.29241752E-03	-1.16436549E-04	-1.50791002E-04	-3.87310741E-04	-1.38687978E-03	-1.18603619E-03	-5.13020268E-03	 1.11022302E-16	-8.61439701E-02	 3.30265860E-04	-3.18660842E-03	-2.43150993E-04	 8.23523770E-05
 1.420000E-01	-1.88092813E-05	 2.53270944E-03	 7.91958252E-03	 1.22701496E-01	 9.97803248E-01	 9.62912170E-02	-1.47986647E-03	-2.15066626E-03	-1.13912307E-04	-1.72518187E-04	-3.78811697E-04	-1.51627859E-03	-1.38844505E-03	-3.39846354E-03	 5.16324281E-02	-8.18365782E-02	 5.88248049E-05	-3.48023540E-03	-2.48277422E-04	 7.66054760E-05
 1.430000E-01	-3.82305938E-05	 2.25776083E-03	 7.35411251E-03	 1.20778195E-01	 9.90470971E-01	 1.01329464E-01	-1.64532376E-03	-1.97489547E-03	-1.13062785E-04	-1.94786685E-04	-3.67583149E-04	-1.63870926E-03	-1.60186458E-03	-2.03734791E-03	 9.98853852E-02	-7.72091619E-02	-2.58409985E-04	-3.76407608E-03	-2.53800139E-04	 6.78966597E-05
 1.440000E-01	-5.64289890E-05	 1.99686865E-03	 6.82617228E-03	 1.18688222E-01	 9.78730113E-01	 1.05823681E-01	-1.76344720E-03	-1.76649795E-03	-1.13811047E-04	-2.17144017E-04	-3.54055598E-04	-1.75188545E-03	-1.81746976E-03	-1.04125320E-03	 1.44148903E-01	-7.23453785E-02	-6.13949310E-04	-4.03355111E-03	-2.60307000E-04	 5.60629038E-05
 1.450000E-01	-7.34848948E-05	 1.74897659E-03	 6.33355717E-03	 1.16466799E-01	 9.63356308E-01	 1.09768284E-01	-1.82810207E-03	-1.52761431E-03	-1.15929503E-04	-2.39104707E-04	-3.38657141E-04	-1.85394680E-03	-2.02755965E-03	-3.98135523E-04	 1.83983949E-01	-6.73262304E-02	-9.98909251E-04	-4.28443452E-03	-2.68360644E-04	 4.10249314E-05
 1.460000E-01	-8.94128201E-05	 1.51299305E-03	 5.87325686E-03	 1.14144090E-01	 9.45133811E-01	 1.13169638E-01	-1.83518696E-03	-1.26102782E-03	-1.19051763E-04	-2.60169258E-04	-3.21796425E-04	-1.94344803E-03	-2.22569922E-03	-9.09973123E-05	 2.19117564E-01	-6.22279793E-02	-1.40350514E-03	-4.51298593E-03	-2.78459343E-04	 2.27925453E-05
 1.470000E-01	-1.04177604E-04	 1.28786458E-03	 5.44180294E-03	 1.11744972E-01	 9.24820526E-01	 1.16044097E-01	-1.78271847E-03	-9.70038036E-04	-1.22694273E-04	-2.79843434E-04	-3.03850800E-04	-2.01933165E-03	-2.40676316E-03	-9.92252654E-05	 2.49429270E-01	-5.71204691E-02	-1.81756980E-03	-4.71605183E-03	-2.91003613E-04	 1.46523040E-06
 1.480000E-01	-1.17711257E-04	 1.07263421E-03	 5.03558702E-03	 1.09289121E-01	 9.03119888E-01	 1.18415936E-01	-1.67078615E-03	-6.58321244E-04	-1.26285374E-04	-2.97656635E-04	-2.85159449E-04	-2.08088930E-03	-2.56689644E-03	-3.99782727E-04	 2.74931108E-01	-5.20660371E-02	-2.23105013E-03	-4.89113235E-03	-3.06270976E-04	-2.27717445E-05
 1.490000E-01	-1.29929118E-04	 8.66483510E-04	 4.65113170E-03	 1.06791343E-01	 8.80660423E-01	 1.20315303E-01	-1.50139339E-03	-3.29787284E-04	-1.29198998E-04	-3.13178293E-04	-2.66020816E-04	-2.12771646E-03	-2.70341181E-03	-9.68223433E-04	 2.95743849E-01	-4.71189596E-02	-2.63444898E-03	-5.03641356E-03	-3.24400459E-04	-4.96552062E-05
 1.500000E-01	-1.40744388E-04	 6.68759170E-04	 4.28530576E-03	 1.04262060E-01	 8.57983048E-01	 1.21776311E-01	-1.27820848E-03	 1.15587056E-05	-1.30789963E-04	-3.26031471E-04	-2.46693362E-04	-2.15966511E-03	-2.81464591E-03	-1.77950330E-03	 3.12071789E-01	-4.23253439E-02	-3.01918430E-03	-5.15076744E-03	-3.45387454E-04	-7.88551902E-05
 1.510000E-01	-1.50080526E-04	 4.78985803E-04	 3.93548140E-03	 1.01707936E-01	 8.35535499E-01	 1.22835247E-01	-1.00625702E-03	 3.61742288E-04	-1.30427976E-04	-3.35903040E-04	-2.27398456E-04	-2.17679836E-03	-2.89979746E-03	-2.80859504E-03	 3.24178292E-01	-3.77233494E-02	-3.37784621E-03	-5.23372194E-03	-3.69088620E-04	-1.09988382E-04
 1.520000E-01	-1.57880906E-04	 2.96866156E-04	 3.59962851E-03	 9.91326624E-02	 8.13672725E-01	 1.23528839E-01	-6.91586867E-04	 7.16927678E-04	-1.27528658E-04	-3.42550186E-04	-2.08324615E-04	-2.17934950E-03	-2.95876656E-03	-4.03093898E-03	 3.32363534E-01	-3.33436593E-02	-3.70436268E-03	-5.28540761E-03	-3.95234945E-04	-1.42632800E-04
 1.530000E-01	-1.64114189E-04	 1.22271861E-04	 3.27633599E-03	 9.65374229E-02	 7.92661768E-01	 1.23893385E-01	-3.40893101E-04	 1.07350670E-03	-1.21582541E-04	-3.45804189E-04	-1.89633405E-04	-2.16768490E-03	-2.99198240E-03	-5.42275517E-03	 3.36944312E-01	-2.92101864E-02	-3.99409277E-03	-5.30649483E-03	-4.23448835E-04	-1.76342566E-04
 1.540000E-01	-1.68777003E-04	-4.47722933E-05	 2.96478776E-03	 9.39213861E-02	 7.72689968E-01	 1.23964014E-01	 3.88431551E-05	 1.42816935E-03	-1.12176763E-04	-3.45570880E-04	-1.71465060E-04	-2.14227425E-03	-3.00025186E-03	-6.96117502E-03	 3.38237626E-01	-2.53408648E-02	-4.24382523E-03	-5.29811809E-03	-4.53266841E-04	-2.10662475E-04
 1.550000E-01	-1.71894700E-04	-2.04107914E-04	 2.66471012E-03	 9.12821835E-02	 7.53874984E-01	 1.23774084E-01	 4.40667326E-04	 1.77795351E-03	-9.90082388E-05	-3.41828044E-04	-1.53943023E-04	-2.10366879E-03	-2.98464295E-03	-8.62427113E-03	 3.36548508E-01	-2.17484387E-02	-4.45169868E-03	-5.26179319E-03	-4.84165903E-04	-2.45141613E-04
 1.560000E-01	-1.73520669E-04	-3.55464427E-04	 2.37630111E-03	 8.86163266E-02	 7.36275370E-01	 1.23354769E-01	 8.57906244E-04	 2.12027487E-03	-8.18889285E-05	-3.34620356E-04	-1.37177176E-04	-2.05248635E-03	-2.94640165E-03	-1.03910262E-02	 3.32161743E-01	-1.84412126E-02	-4.61706533E-03	-5.19933387E-03	-5.15590316E-04	-2.79345412E-04
 1.570000E-01	-1.73734631E-04	-4.98480976E-04	 2.10015091E-03	 8.59195667E-02	 7.19900793E-01	 1.22734794E-01	 1.28436268E-03	 2.45293960E-03	-6.07442948E-05	-3.24052493E-04	-1.21265731E-04	-1.98940199E-03	-2.88689858E-03	-1.22412588E-02	 3.25336896E-01	-1.54237501E-02	-4.74032017E-03	-5.11277207E-03	-5.46977225E-04	-3.12865704E-04
 1.580000E-01	-1.72640237E-04	-6.32727819E-04	 1.83716019E-03	 8.31872006E-02	 7.04721280E-01	 1.21940289E-01	 1.71445268E-03	 2.77414290E-03	-3.56063731E-05	-3.10281023E-04	-1.06295911E-04	-1.91514329E-03	-2.80759996E-03	-1.41555182E-02	 3.16305982E-01	-1.26975340E-02	-4.82271691E-03	-5.00428478E-03	-5.77779140E-04	-3.45328605E-04
 1.590000E-01	-1.70362185E-04	-7.57726531E-04	 1.58845818E-03	 8.04143254E-02	 6.90675165E-01	 1.20994751E-01	 2.14329719E-03	 3.08245639E-03	-6.60292230E-06	-2.93505632E-04	-9.23436291E-05	-1.83048892E-03	-2.71005920E-03	-1.61150344E-02	 3.05273149E-01	-1.02615179E-02	-4.86617690E-03	-4.87612917E-03	-6.07482543E-04	-3.76400187E-04
 1.600000E-01	-1.67042934E-04	-8.72969755E-04	 1.35532050E-03	 7.75960545E-02	 6.77675649E-01	 1.19919084E-01	 2.56676999E-03	 3.37680625E-03	 2.60560639E-05	-2.73960143E-04	-7.94722347E-05	-1.73626957E-03	-2.59592754E-03	-1.81016410E-02	 2.92415956E-01	-8.11248080E-03	-4.87311275E-03	-4.73058774E-03	-6.35621758E-04	-4.05790015E-04
 1.610000E-01	-1.62839175E-04	-9.77940355E-04	 1.13909361E-03	 7.47277181E-02	 6.65615926E-01	 1.18731693E-01	 2.98150405E-03	 3.65644678E-03	 6.20931084E-05	-2.51903999E-04	-6.77307737E-05	-1.63337020E-03	-2.46696831E-03	-2.00975887E-02	 2.77887669E-01	-6.24544497E-03	-4.84628492E-03	-4.56992466E-03	-6.61788260E-04	-4.33252780E-04
 1.620000E-01	-1.57918220E-04	-1.07212851E-03	 9.41128022E-04	 7.18050052E-02	 6.54372977E-01	 1.17448650E-01	 3.38487583E-03	 3.92093380E-03	 1.01178427E-04	-2.27614474E-04	-5.71520484E-05	-1.52273221E-03	-2.32507035E-03	-2.20854323E-02	 2.61820021E-01	-4.65407785E-03	-4.78867426E-03	-4.39635136E-03	-6.85636389E-04	-4.58588429E-04
 1.630000E-01	-1.52454765E-04	-1.15504828E-03	 7.62720488E-04	 6.88241950E-02	 6.43810250E-01	 1.16083664E-01	 3.77496160E-03	 4.17009385E-03	 1.42945707E-04	-2.01379272E-04	-4.77500366E-05	-1.40535638E-03	-2.17227330E-03	-2.40479914E-02	 2.44326411E-01	-3.33097987E-03	-4.70336410E-03	-4.21199747E-03	-7.06886029E-04	-4.81640901E-04
 1.640000E-01	-1.46627405E-04	-1.22625384E-03	 6.05056640E-04	 6.57823338E-02	 6.33779408E-01	 1.14648144E-01	 4.15048154E-03	 4.40399296E-03	 1.87006299E-04	-1.73490089E-04	-3.95173868E-05	-1.28230485E-03	-2.01079016E-03	-2.59683111E-02	 2.25505391E-01	-2.26790925E-03	-4.59345515E-03	-4.01889145E-03	-7.25321900E-04	-5.02295753E-04
 1.650000E-01	-1.40614653E-04	-1.28535567E-03	 4.69152206E-04	 6.26773873E-02	 6.24121377E-01	 1.13151307E-01	 4.51074294E-03	 4.62290704E-03	 2.32961335E-04	-1.44237244E-04	-3.24233063E-05	-1.15470156E-03	-1.84302060E-03	-2.78296255E-02	 2.05444358E-01	-1.45597117E-03	-4.46201008E-03	-3.81894927E-03	-7.40790051E-04	-5.20476896E-04
 1.660000E-01	-1.34590443E-04	-1.33203693E-03	 3.55791747E-04	 5.95083862E-02	 6.14666898E-01	 1.11600288E-01	 4.85558482E-03	 4.82729430E-03	 2.80411865E-04	-1.13905242E-04	-2.64120264E-05	-1.02373078E-03	-1.67155359E-03	-2.96153364E-02	 1.84223440E-01	-8.85767421E-04	-4.31202395E-03	-3.61396998E-03	-7.53192337E-04	-5.36142690E-04
 1.670000E-01	-1.28719108E-04	-1.36607008E-03	 2.65464829E-04	 5.62755676E-02	 6.05236814E-01	 1.10000264E-01	 5.18532376E-03	 5.01776959E-03	 3.28967265E-04	-8.27692111E-05	-2.14020806E-05	-8.90633520E-04	-1.49915700E-03	-3.13090093E-02	 1.61919683E-01	-5.47507955E-04	-4.14641786E-03	-3.40563728E-03	-7.62479417E-04	-5.49281584E-04
 1.680000E-01	-1.23149914E-04	-1.38733356E-03	 1.98300961E-04	 5.29805137E-02	 5.95642338E-01	 1.08354555E-01	 5.50069971E-03	 5.19508062E-03	 3.78252276E-04	-5.10920884E-05	-1.72866378E-05	-7.56701064E-04	-1.32875135E-03	-3.28943908E-02	 1.38611612E-01	-4.31085929E-04	-3.96805359E-03	-3.19552640E-03	-7.68642897E-04	-5.59907419E-04
 1.690000E-01	-1.18011315E-04	-1.39582843E-03	 1.54005929E-04	 4.96262908E-02	 5.85685586E-01	 1.06664743E-01	 5.80281896E-03	 5.36008552E-03	 4.27913051E-04	-1.91223565E-05	-1.39351208E-05	-6.23265406E-04	-1.16336507E-03	-3.43554472E-02	 1.14384226E-01	-5.26117246E-04	-3.77976639E-03	-2.98511579E-03	-7.71707049E-04	-5.68054573E-04
 1.700000E-01	-1.13405214E-04	-1.39169420E-03	 1.31803507E-04	 4.62175883E-02	 5.75160693E-01	 1.04930768E-01	 6.09309045E-03	 5.51373082E-03	 4.77622665E-04	 1.29078657E-05	-1.11963353E-05	-4.91685995E-04	-1.00606953E-03	-3.56764297E-02	 8.93344344E-02	-8.21945165E-04	-3.58441303E-03	-2.77580292E-03	-7.71720577E-04	-5.73773038E-04
 1.710000E-01	-1.09401588E-04	-1.37522335E-03	 1.30387802E-04	 4.27608508E-02	 5.63855888E-01	 1.03151054E-01	 6.37315192E-03	 5.65702964E-03	 5.27086481E-04	 4.47845874E-05	-8.90327439E-06	-3.63332514E-04	-8.59892667E-04	-3.68419654E-02	 6.35768447E-02	-1.30760431E-03	-3.38493126E-03	-2.56892378E-03	-7.68748974E-04	-5.77123620E-04
 1.720000E-01	-1.06034040E-04	-1.34687325E-03	 1.47894246E-04	 3.92643909E-02	 5.51556876E-01	 1.01322678E-01	 6.64478261E-03	 5.79103934E-03	 5.76047896E-04	 7.63138218E-05	-6.87952533E-06	-2.39563716E-04	-7.27714198E-04	-3.78371847E-02	 3.72496065E-02	-1.97172464E-03	-3.18439909E-03	-2.36577448E-03	-7.62868159E-04	-5.78173496E-04
 1.730000E-01	-1.03296976E-04	-1.30727509E-03	 1.81897771E-04	 3.57385648E-02	 5.38051807E-01	 9.94414157E-02	 6.90979208E-03	 5.91683306E-03	 6.24294540E-04	 1.07323743E-04	-4.94667790E-06	-1.21702220E-04	-6.12150710E-04	-3.86479549E-02	 1.05198357E-02	-2.80237930E-03	-2.98607421E-03	-2.16763108E-03	-7.54160191E-04	-5.76992148E-04
 1.740000E-01	-1.01144690E-04	-1.25723863E-03	 2.29442608E-04	 3.21959464E-02	 5.23137950E-01	 9.75018298E-02	 7.16988574E-03	 6.03546812E-03	 6.71664156E-04	 1.37667006E-04	-2.93287633E-06	-1.10056827E-05	-5.15429769E-04	-3.92610750E-02	-1.64116738E-02	-3.78692342E-03	-2.79343010E-03	-1.97576981E-03	-7.42711315E-04	-5.73648077E-04
 1.750000E-01	-9.94925298E-05	-1.19775036E-03	 2.87109091E-04	 2.86514628E-02	 5.06630085E-01	 9.54973509E-02	 7.42651472E-03	 6.14795199E-03	 7.18049938E-04	 1.67223219E-04	-6.82010402E-07	 9.13649129E-05	-4.39260649E-04	-3.96645526E-02	-4.33071815E-02	-4.91192356E-03	-2.61018264E-03	-1.79148590E-03	-7.28612526E-04	-5.68206459E-04
 1.760000E-01	-9.82203207E-05	-1.12996411E-03	 3.51108900E-04	 2.51223642E-02	 4.88370516E-01	 9.34204762E-02	 7.68073036E-03	 6.25520447E-03	 7.63404948E-04	 1.95901833E-04	 1.93700902E-06	 1.84378180E-04	-3.84716812E-04	-3.98480898E-02	-6.98907679E-02	-6.16292170E-03	-2.44027091E-03	-1.61610536E-03	-7.11962400E-04	-5.60727939E-04
 1.770000E-01	-9.71784905E-05	-1.05518480E-03	 4.17413013E-04	 2.16281318E-02	 4.68240373E-01	 9.12631215E-02	 7.93304079E-03	 6.35801512E-03	 8.07744541E-04	 2.23645150E-04	 5.02152261E-06	 2.67165165E-04	-3.52135614E-04	-3.98035442E-02	-9.58496404E-02	-7.52410950E-03	-2.28779281E-03	-1.45098836E-03	-6.92872707E-04	-5.51268883E-04
 1.780000E-01	-9.61967313E-05	-9.74844636E-04	 4.81917033E-04	 1.81903557E-02	 4.46171437E-01	 8.90170053E-02	 8.18327173E-03	 6.45699919E-03	 8.51146217E-04	 2.50430976E-04	 8.62793691E-06	 3.39050576E-04	-3.41045705E-04	-3.95253639E-02	-1.20838637E-01	-8.97811821E-03	-2.15690810E-03	-1.29752341E-03	-6.71476879E-04	-5.39883212E-04
 1.790000E-01	-9.50946869E-05	-8.90471143E-04	 5.40630926E-04	 1.48324902E-02	 4.22157430E-01	 8.66741001E-02	 8.43045234E-03	 6.55255515E-03	 8.93746222E-04	 2.76274533E-04	 1.27668768E-05	 3.99579968E-04	-3.50137877E-04	-3.90110833E-02	-1.44488393E-01	-1.05058577E-02	-2.05169846E-03	-1.15711023E-03	-6.47940499E-04	-5.26625841E-04
 1.800000E-01	-9.36939974E-05	-8.03648055E-04	 5.89879194E-04	 1.15794530E-02	 3.96263669E-01	 8.42271741E-02	 8.67274208E-03	 6.64482662E-03	 9.35732190E-04	 3.01229243E-04	 1.74013153E-05	 4.48540578E-04	-3.77286874E-04	-3.82618380E-02	-1.66417257E-01	-1.20864143E-02	-1.97598514E-03	-1.03112987E-03	-6.22472793E-04	-5.11557601E-04
 1.810000E-01	-9.18308078E-05	-7.15970425E-04	 6.26497670E-04	 8.45706613E-03	 3.68633803E-01	 8.16703891E-02	 8.90741127E-03	 6.73367243E-03	 9.77331307E-04	 3.25385858E-04	 2.24481267E-05	 4.85973771E-04	-4.19627866E-04	-3.72828380E-02	-1.86246649E-01	-1.36970630E-02	-1.93311633E-03	-9.20902511E-04	-5.95337851E-04	-4.94751360E-04
 1.820000E-01	-8.93676732E-05	-6.28996125E-04	 6.48010252E-04	 5.49134108E-03	 3.39492513E-01	 7.89999195E-02	 9.13088512E-03	 6.81864784E-03	 1.01879395E-03	 3.48869542E-04	 2.77831457E-05	 5.12177432E-04	-4.73686459E-04	-3.60837489E-02	-2.03619018E-01	-1.53134341E-02	-1.92574276E-03	-8.27634919E-04	-5.66863975E-04	-4.76298855E-04
 1.830000E-01	-8.62038234E-05	-5.44196326E-04	 6.52767960E-04	 2.70760225E-03	 3.09143347E-01	 7.62146308E-02	 9.33886079E-03	 6.89900373E-03	 1.06037368E-03	 3.71834762E-04	 3.32492900E-05	 5.27696939E-04	-5.35553396E-04	-3.46788894E-02	-2.18217151E-01	-1.69098490E-02	-1.95560225E-03	-7.52360646E-04	-5.37449435E-04	-4.56317679E-04
 1.840000E-01	-8.22828172E-05	-4.62907977E-04	 6.40039107E-04	 1.29521788E-04	 2.77961027E-01	 7.33166734E-02	 9.52649336E-03	 6.97370315E-03	 1.10230449E-03	 3.94457835E-04	 3.86674241E-05	 5.33304639E-04	-6.01095840E-04	-3.30872461E-02	-2.29783446E-01	-1.84598348E-02	-2.02332997E-03	-6.95876800E-04	-5.07563477E-04	-4.34957612E-04
 1.850000E-01	-7.75968089E-05	-3.86291503E-04	 6.10039009E-04	-2.22189310E-03	 2.46378150E-01	 7.03119451E-02	 9.68864209E-03	 7.04145695E-03	 1.14477661E-03	 4.16927290E-04	 4.38491086E-05	 5.29968278E-04	-6.66190263E-04	-3.13322585E-02	-2.38137414E-01	-1.99368108E-02	-2.12831690E-03	-6.58682561E-04	-4.77741535E-04	-4.12405550E-04
 1.860000E-01	-7.21869695E-05	-3.15296699E-04	 5.63893964E-04	-4.32929679E-03	 2.14866836E-01	 6.72103792E-02	 9.82016209E-03	 7.10077825E-03	 1.18791316E-03	 4.39432472E-04	 4.86101019E-05	 5.18809931E-04	-7.26957425E-04	-2.94413404E-02	-2.43189613E-01	-2.13149216E-02	-2.26863594E-03	-6.40925224E-04	-4.48573994E-04	-3.88888285E-04
 1.870000E-01	-6.61399901E-05	-2.50639205E-04	 5.03540855E-04	-6.17991266E-03	 1.83916500E-01	 6.40260097E-02	 9.91621991E-03	 7.15005376E-03	 1.23174948E-03	 4.62151087E-04	 5.27833749E-05	 5.01057896E-04	-7.79978949E-04	-2.74451390E-02	-2.44950476E-01	-2.25699618E-02	-2.44104875E-03	-6.42359105E-04	-4.20688449E-04	-3.64672510E-04
 1.880000E-01	-5.95810187E-05	-1.92789163E-04	 4.31571760E-04	-7.76624805E-03	 1.54009422E-01	 6.07767558E-02	 9.97260240E-03	 7.18762716E-03	 1.27621742E-03	 4.85236535E-04	 5.62304528E-05	 4.77994771E-04	-8.22476631E-04	-2.53765573E-02	-2.43532867E-01	-2.36803273E-02	-2.64110133E-03	-6.62322677E-04	-3.94726423E-04	-3.40061665E-04
 1.890000E-01	-5.26638053E-05	-1.41972849E-04	 3.51040071E-04	-9.08651077E-03	 1.25596045E-01	 5.74839237E-02	 9.98599711E-03	 7.21188894E-03	 1.32113610E-03	 5.08805914E-04	 5.88501007E-05	 4.50905293E-04	-8.52439769E-04	-2.32695927E-02	-2.39147848E-01	-2.46279643E-02	-2.86331024E-03	-6.99740077E-04	-3.71316274E-04	-3.15389655E-04
 1.900000E-01	-4.55589906E-05	-9.81866274E-05	 2.65238395E-04	-1.01448036E-02	 9.90722960E-02	 5.41715343E-02	 9.95422281E-03	 7.22136777E-03	 1.36621094E-03	 5.32930100E-04	 6.05835597E-05	 4.21026707E-04	-8.68692067E-04	-2.11580641E-02	-2.32093628E-01	-2.53991056E-02	-3.10141156E-03	-7.53140421E-04	-3.51043229E-04	-2.91011405E-04
 1.910000E-01	-3.84417335E-05	-6.12216783E-05	 1.77473856E-04	-1.09509748E-02	 7.47608137E-02	 5.08653860E-02	 9.87637921E-03	 7.21481393E-03	 1.41104094E-03	 5.57626347E-04	 6.14160951E-05	 3.89505617E-04	-8.70891815E-04	-1.90743318E-02	-2.22738851E-01	-2.59848378E-02	-3.34866478E-03	-8.20701837E-04	-3.34420077E-04	-2.67290993E-04
 1.920000E-01	-3.14799222E-05	-3.06971489E-05	 9.08623905E-05	-1.15201103E-02	 5.28976499E-02	 4.75919320E-02	 9.75290144E-03	 7.19126769E-03	 1.45513358E-03	 5.82854135E-04	 6.13749354E-05	 3.57363731E-04	-8.59471402E-04	-1.70480990E-02	-2.11501649E-01	-2.63814094E-02	-3.59818792E-03	-9.00316466E-04	-3.21861018E-04	-2.44588199E-04
 1.930000E-01	-2.48241844E-05	-6.09892724E-06	 8.15745539E-06	-1.18717338E-02	 3.36256794E-02	 4.43772060E-02	 9.58553028E-03	 7.15011423E-03	 1.49792782E-03	 6.08515138E-04	 6.05239562E-05	 3.25473852E-04	-8.35522193E-04	-1.51053415E-02	-1.98826421E-01	-2.65902511E-02	-3.84329085E-03	-9.89669867E-04	-3.13660523E-04	-2.23244570E-04
 1.940000E-01	-1.86002639E-05	 1.31795444E-05	-6.83742114E-05	-1.20287883E-02	 1.69945800E-02	 4.12457655E-02	 9.37719808E-03	 7.09111564E-03	 1.53882175E-03	 6.34456898E-04	 5.89561232E-05	 2.94546803E-04	-8.00645706E-04	-1.32675250E-02	-1.85160471E-01	-2.66176928E-02	-4.07777837E-03	-1.08632944E-03	-3.09979292E-04	-2.03570028E-04
 1.950000E-01	-1.29041630E-05	 2.77972296E-05	-1.37026145E-04	-1.20164895E-02	 2.96686204E-03	 3.82197447E-02	 9.13184418E-03	 7.01441932E-03	 1.57720268E-03	 6.60479826E-04	 5.67846344E-05	 2.65128792E-04	-7.56787284E-04	-1.15511324E-02	-1.70932386E-01	-2.64744135E-02	-4.29620137E-03	-1.18783522E-03	-3.10838390E-04	-1.85831082E-04
 1.960000E-01	-7.80015579E-06	 3.84288233E-05	-1.96674882E-04	-1.18611396E-02	-8.57105403E-03	 3.53180977E-02	 8.85418122E-03	 6.92054449E-03	 1.61247728E-03	 6.86346944E-04	 5.41337093E-05	 2.37608040E-04	-7.06068024E-04	-9.96750568E-03	-1.56533784E-01	-2.61746836E-02	-4.49404118E-03	-1.29178679E-03	-3.16121719E-04	-1.70241508E-04
 1.970000E-01	-3.32144460E-06	 4.57334701E-05	-2.46756830E-04	-1.15889914E-02	-1.77941330E-02	 3.25560783E-02	 8.54943530E-03	 6.81034955E-03	 1.64409949E-03	 7.11795488E-04	 5.11298886E-05	 2.12228837E-04	-6.50629668E-04	-8.52298936E-03	-1.42305548E-01	-2.57354701E-02	-4.66781940E-03	-1.39592073E-03	-3.25586229E-04	-1.56956068E-04
 1.980000E-01	 5.26996886E-07	 5.03301225E-05	-2.87208236E-04	-1.12252422E-02	-2.49220223E-02	 2.99449744E-02	 8.22308293E-03	 6.68498419E-03	 1.67159424E-03	 7.36549449E-04	 4.78945352E-05	 1.89110827E-04	-5.92503812E-04	-7.21933640E-03	-1.28529133E-01	-2.51754819E-02	-4.81513343E-03	-1.49817440E-03	-3.38878594E-04	-1.46067549E-04
 1.990000E-01	 3.76401363E-06	 5.27800450E-05	-3.18379559E-04	-1.07932122E-02	-3.02019713E-02	 2.74920892E-02	 7.88060454E-03	 6.54583109E-03	 1.69457543E-03	 7.60332041E-04	 4.45379925E-05	 1.68271240E-04	-5.33512778E-04	-6.05431895E-03	-1.15422922E-01	-2.45142295E-02	-4.93462471E-03	-1.59673351E-03	-3.55556700E-04	-1.37607101E-04
 2.000000E-01	 6.42695901E-06	 5.35762184E-05	-3.40936663E-04	-1.03137410E-02	-3.38927985E-02	 2.52009384E-02	 7.52726969E-03	 6.39444221E-03	 1.71275754E-03	 7.82877261E-04	 4.11556104E-05	 1.49647980E-04	-4.75204973E-04	-5.02247405E-03	-1.03143164E-01	-2.37711647E-02	-5.02589212E-03	-1.69006246E-03	-3.75114040E-04	-1.31547588E-04
 2.010000E-01	 8.56611070E-06	 5.31388297E-05	-3.55760412E-04	-9.80483710E-03	-3.62510223E-02	 2.30716472E-02	 7.16797226E-03	 6.23247634E-03	 1.72596115E-03	 8.03939986E-04	 3.78255902E-05	 1.33121731E-04	-4.18821157E-04	-4.11588126E-03	-9.17886540E-02	-2.29649756E-02	-5.08936534E-03	-1.77691755E-03	-3.97004522E-04	-1.27809308E-04
 2.020000E-01	 1.02393443E-05	 5.18158582E-05	-3.63851746E-04	-9.28154818E-03	-3.75198721E-02	 2.11014726E-02	 6.80711749E-03	 6.06164209E-03	 1.73411281E-03	 8.23304167E-04	 3.46085119E-05	 1.18535778E-04	-3.65289410E-04	-3.32491928E-03	-8.14080755E-02	-2.21130481E-02	-5.12615557E-03	-1.85634512E-03	-4.20666168E-04	-1.26267469E-04
 2.030000E-01	 1.15075945E-05	 4.98876862E-05	-3.66250700E-04	-8.75599873E-03	-3.79214675E-02	 1.92853217E-02	 6.44854067E-03	 5.88364116E-03	 1.73723805E-03	 8.40788219E-04	 3.15482027E-05	 1.05712820E-04	-3.15247220E-04	-2.63901521E-03	-7.20086916E-02	-2.12310470E-02	-5.13789679E-03	-1.92766821E-03	-4.45543158E-04	-1.26760921E-04
 2.040000E-01	 1.24311852E-05	 4.75740952E-05	-3.63973705E-04	-8.23757726E-03	-3.76519707E-02	 1.76163102E-02	 6.09547257E-03	 5.70012215E-03	 1.73545084E-03	 8.56248242E-04	 2.86734734E-05	 9.44684519E-05	-2.69076807E-04	-2.04727862E-03	-6.35655425E-02	-2.03326747E-02	-5.12658979E-03	-1.99046343E-03	-4.71104306E-04	-1.29101305E-04
 2.050000E-01	 1.30670856E-05	 4.50425847E-05	-3.57968217E-04	-7.73323985E-03	-3.68794195E-02	 1.60863154E-02	 5.75054707E-03	 5.51264580E-03	 1.72894098E-03	 8.69579251E-04	 2.60004015E-05	 8.46211917E-05	-2.26947150E-04	-1.53898710E-03	-5.60304101E-02	-1.94295985E-02	-5.09446030E-03	-2.04453110E-03	-4.96857144E-04	-1.33081926E-04
 2.060000E-01	 1.34670988E-05	 4.24171344E-05	-3.49083386E-04	-7.24786312E-03	-3.57437680E-02	 1.46864635E-02	 5.41583487E-03	 5.32265980E-03	 1.71795988E-03	 8.80714541E-04	 2.35348523E-05	 7.59993761E-05	-1.88859447E-04	-1.10394617E-03	-4.93399029E-02	-1.85314929E-02	-5.04383783E-03	-2.08986246E-03	-5.22357990E-04	-1.38486019E-04
 2.070000E-01	 1.36768793E-05	 3.97866375E-05	-3.38055360E-04	-6.78461340E-03	-3.43585566E-02	 1.34075384E-02	 5.09289523E-03	 5.13148245E-03	 1.70280609E-03	 8.89623583E-04	 2.12749551E-05	 6.84453446E-05	-1.54691260E-04	-7.32730001E-04	-4.34222605E-02	-1.76461672E-02	-4.97705798E-03	-2.12660618E-03	-5.47218151E-04	-1.45094054E-04
 2.080000E-01	 1.37356181E-05	 3.72125180E-05	-3.25504200E-04	-6.34530403E-03	-3.28136318E-02	 1.22403066E-02	 4.78283814E-03	 4.94029418E-03	 1.68381139E-03	 8.96308837E-04	 1.92133490E-05	 6.18175042E-05	-1.24235864E-04	-4.16815787E-04	-3.82027184E-02	-1.67797497E-02	-4.89638798E-03	-2.15503613E-03	-5.71106676E-04	-1.52689862E-04
 2.090000E-01	 1.36762191E-05	 3.47352823E-05	-3.11939085E-04	-5.93071890E-03	-3.11784085E-02	 1.11757604E-02	 4.48639041E-03	 4.75013542E-03	 1.66132804E-03	 9.00801885E-04	 1.73390899E-05	 5.59908261E-05	-9.72350684E-05	-1.48632155E-04	-3.36074537E-02	-1.59369012E-02	-4.80397425E-03	-2.17552162E-03	-5.93750230E-04	-1.61065530E-04
 2.100000E-01	 1.35257962E-05	 3.23799207E-05	-2.97768696E-04	-5.54088994E-03	-2.95052653E-02	 1.02052853E-02	 4.20396055E-03	 4.56190951E-03	 1.63571777E-03	 9.03159211E-04	 1.56391770E-05	 5.08562850E-05	-7.34049626E-05	 7.84557504E-05	-2.95662572E-02	-1.51210351E-02	-4.70180857E-03	-2.18850114E-03	-6.14930786E-04	-1.70025081E-04
 2.110000E-01	 1.33063469E-05	 3.01602020E-05	-2.83314232E-04	-5.17532350E-03	-2.78327833E-02	 9.32076690E-03	 3.93569918E-03	 4.37638921E-03	 1.60734258E-03	 9.03457927E-04	 1.40997062E-05	 4.63196515E-05	-5.24549136E-05	 2.70203569E-04	-2.60141517E-02	-1.43345303E-02	-4.59170990E-03	-2.19445988E-03	-6.34481767E-04	-1.79387053E-04
 2.120000E-01	 1.30354901E-05	 2.80819807E-05	-2.68823121E-04	-4.83317698E-03	-2.61886517E-02	 8.51464768E-03	 3.68155275E-03	 4.19422574E-03	 1.57655741E-03	 9.01791665E-04	 1.27066908E-05	 4.22999625E-05	-3.41006911E-05	 4.31569281E-04	-2.28921910E-02	-1.35789258E-02	-4.47531820E-03	-2.19391125E-03	-6.52283315E-04	-1.88986146E-04
 2.130000E-01	 1.27271988E-05	 2.61456664E-05	-2.54482332E-04	-4.51339275E-03	-2.45921423E-02	 7.77994041E-03	 3.44130860E-03	 4.01595803E-03	 1.54370429E-03	 8.98266627E-04	 1.14465996E-05	 3.87278940E-05	-1.80728188E-05	 5.66806792E-04	-2.01476562E-02	-1.28550904E-02	-4.35409655E-03	-2.18738210E-03	-6.68257063E-04	-1.98674098E-04
 2.140000E-01	 1.23924609E-05	 2.43479740E-05	-2.40430389E-04	-4.21479725E-03	-2.30561086E-02	 7.11024016E-03	 3.21463806E-03	 3.84202550E-03	 1.50910876E-03	 8.92998279E-04	 1.03066922E-05	 3.55441863E-05	-4.12063292E-06	 6.79568090E-04	-1.77338903E-02	-1.21633580E-02	-4.22933607E-03	-2.17539839E-03	-6.82359898E-04	-2.08319478E-04
 2.150000E-01	 1.20398739E-05	 2.26833160E-05	-2.26767290E-04	-3.93616833E-03	-2.15886310E-02	 6.49968809E-03	 3.00112503E-03	 3.67277713E-03	 1.47307668E-03	 8.86108131E-04	 9.27520541E-06	 3.26981949E-05	 7.98498737E-06	 7.72978276E-04	-1.56098733E-02	-1.15036516E-02	-4.10216861E-03	-2.15847785E-03	-6.94579209E-04	-2.17807643E-04
 2.160000E-01	 1.16761338E-05	 2.11447267E-05	-2.13563068E-04	-3.67628093E-03	-2.01942808E-02	 5.94293761E-03	 2.80029075E-03	 3.50848160E-03	 1.43589246E-03	 8.77721073E-04	 8.34140494E-06	 3.01465986E-05	 1.84513048E-05	 8.49713110E-04	-1.37396880E-02	-1.08755778E-02	-3.97357949E-03	-2.13712311E-03	-7.04927983E-04	-2.27040095E-04
 2.170000E-01	 1.13064315E-05	 1.97244983E-05	-2.00864543E-04	-3.43393591E-03	-1.88750712E-02	 5.43512119E-03	 2.61161507E-03	 3.34933740E-03	 1.39781830E-03	 8.67963188E-04	 7.49557433E-06	 2.78522944E-05	 2.74646666E-05	 9.12069884E-04	-1.20919636E-02	-1.02785033E-02	-3.84442042E-03	-2.11181642E-03	-7.13440133E-04	-2.35933501E-04
 2.180000E-01	 1.09347732E-05	 1.84146249E-05	-1.88700618E-04	-3.20797754E-03	-1.76311768E-02	 4.97181313E-03	 2.43455268E-03	 3.19548194E-03	 1.35909408E-03	 8.56959929E-04	 6.72896851E-06	 2.57834527E-05	 3.51918318E-05	 9.62025326E-04	-1.06393332E-02	-9.71161617E-03	-3.71542278E-03	-2.08301616E-03	-7.20166416E-04	-2.44418621E-04
 2.190000E-01	 1.05642347E-05	 1.72070994E-05	-1.77086490E-04	-2.99730370E-03	-1.64614702E-02	 4.54899265E-03	 2.26854571E-03	 3.04699978E-03	 1.31993763E-03	 8.44834615E-04	 6.03374471E-06	 2.39127123E-05	 4.17815355E-05	 1.00128380E-03	-9.35793035E-03	-9.17397581E-03	-3.58721030E-03	-2.05115463E-03	-7.25170849E-04	-2.52439158E-04
 2.200000E-01	 1.01971615E-05	 1.60941078E-05	-1.66026941E-04	-2.80087101E-03	-1.53639208E-02	 4.16300848E-03	 2.11303342E-03	 2.90393018E-03	 1.28054550E-03	 8.31707255E-04	 5.40288424E-06	 2.22165041E-05	 4.73661460E-05	 1.03131756E-03	-8.22693519E-03	-8.66455117E-03	-3.46031101E-03	-2.01663682E-03	-7.28527605E-04	-2.59950574E-04
 2.210000E-01	 9.83532608E-06	 1.50681541E-05	-1.55518898E-04	-2.61769649E-03	-1.43358910E-02	 3.81054601E-03	 1.96745971E-03	 2.76627377E-03	 1.24109386E-03	 8.17693635E-04	 4.83011291E-06	 2.06744822E-05	 5.20632957E-05	 1.05340043E-03	-7.22817609E-03	-8.18225224E-03	-3.33516833E-03	-1.97983995E-03	-7.30318358E-04	-2.66918925E-04
 2.220000E-01	 9.48005088E-06	 1.41221329E-05	-1.45553410E-04	-2.44685687E-03	-1.33743551E-02	 3.48859728E-03	 1.83127897E-03	 2.63399876E-03	 1.20173969E-03	 8.02904671E-04	 4.30982466E-06	 1.92690502E-05	 5.59774516E-05	 1.06863664E-03	-6.34578103E-03	-7.72595537E-03	-3.21215127E-03	-1.94111363E-03	-7.30630055E-04	-2.73319730E-04
 2.230000E-01	 9.13230625E-06	 1.32493741E-05	-1.36117189E-04	-2.28748834E-03	-1.24760602E-02	 3.19443178E-03	 1.70396038E-03	 2.50704616E-03	 1.16262203E-03	 7.87445900E-04	 3.83700711E-06	 1.79849578E-05	 5.92014688E-05	 1.07798712E-03	-5.56587124E-03	-7.29452249E-03	-3.09156330E-03	-1.90078025E-03	-7.29552897E-04	-2.79136840E-04
 2.240000E-01	 8.79278772E-06	 1.24436754E-05	-1.27193738E-04	-2.13878518E-03	-1.16376409E-02	 2.92557129E-03	 1.58499115E-03	 2.38533448E-03	 1.12386321E-03	 7.71417151E-04	 3.40717262E-06	 1.68089509E-05	 6.18178411E-05	 1.08228998E-03	-4.87629851E-03	-6.88681518E-03	-2.97365012E-03	-1.85913551E-03	-7.27178672E-04	-2.84361379E-04
 2.250000E-01	 8.46198124E-06	 1.16993234E-05	-1.18764655E-04	-1.99999769E-03	-1.08556973E-02	 2.67976534E-03	 1.47387636E-03	 2.26876283E-03	 1.08556966E-03	 7.54912167E-04	 3.01630002E-06	 1.57294680E-05	 6.38993313E-05	 1.08226898E-03	-4.26641420E-03	-6.50170237E-03	-2.85860680E-03	-1.81644977E-03	-7.23599732E-04	-2.88990922E-04
 2.260000E-01	 8.14020949E-06	 1.10110661E-05	-1.10810567E-04	-1.87042953E-03	-1.01268546E-02	 2.45496947E-03	 1.37014016E-03	 2.15721431E-03	 1.04783302E-03	 7.38018465E-04	 2.66078509E-06	 1.47364116E-05	 6.55101179E-05	 1.07854718E-03	-3.72687355E-03	-6.13806930E-03	-2.74658420E-03	-1.77296924E-03	-7.18907946E-04	-2.93028635E-04
 2.270000E-01	 7.82766205E-06	 1.03740774E-05	-1.03311281E-04	-1.74943435E-03	-9.44781465E-03	 2.24932798E-03	 1.27332911E-03	 2.05056032E-03	 1.01073192E-03	 7.20817537E-04	 2.33739103E-06	 1.38209583E-05	 6.67073560E-05	 1.07166900E-03	-3.24947535E-03	-5.79482881E-03	-2.63769489E-03	-1.72891695E-03	-7.13193475E-04	-2.96482307E-04
 2.280000E-01	 7.52442439E-06	 9.78394113E-06	-9.62460410E-05	-1.63641199E-03	-8.81539406E-03	 2.06115507E-03	 1.18301252E-03	 1.94866327E-03	 9.74333193E-04	 7.03384921E-04	 2.04320482E-06	 1.29753737E-05	 6.75419383E-05	 1.06211181E-03	-2.82701558E-03	-5.47092722E-03	-2.53201863E-03	-1.68449425E-03	-7.06544129E-04	-2.99363628E-04
 2.290000E-01	 7.23050113E-06	 9.23661695E-06	-8.95940030E-05	-1.53080501E-03	-8.22654376E-03	 1.88891863E-03	 1.09878177E-03	 1.85137854E-03	 9.38692769E-04	 6.85790283E-04	 1.77559975E-06	 1.21928541E-05	 6.80590301E-05	 1.05029239E-03	-2.45315763E-03	-5.16534641E-03	-2.42960686E-03	-1.63988224E-03	-6.99044915E-04	-3.01687574E-04
 2.300000E-01	 6.94583321E-06	 8.72840954E-06	-8.33345380E-05	-1.43209591E-03	-7.67835914E-03	 1.73122588E-03	 1.02024998E-03	 1.75855657E-03	 9.03856747E-04	 6.68097582E-04	 1.53220251E-06	 1.14673999E-05	 6.82987262E-05	 1.03657463E-03	-2.12232137E-03	-4.87710615E-03	-2.33048669E-03	-1.59524313E-03	-6.90777636E-04	-3.03471807E-04
 2.310000E-01	 6.67031225E-06	 8.25594416E-06	-7.74474449E-05	-1.33980510E-03	-7.16808426E-03	 1.58681003E-03	 9.47051493E-04	 1.67004437E-03	 8.69862302E-04	 6.50365257E-04	 1.31086407E-06	 1.07937071E-05	 6.82966341E-05	 1.02127655E-03	-1.82958669E-03	-4.60526497E-03	-2.23466421E-03	-1.55072148E-03	-6.81820553E-04	-3.04736135E-04
 2.320000E-01	 6.40379316E-06	 7.81614843E-06	-7.19131249E-05	-1.25348918E-03	-6.69311181E-03	 1.45451771E-03	 8.78841004E-04	 1.58568673E-03	 8.36738445E-04	 6.32646358E-04	 1.10963420E-06	 1.01670746E-05	 6.80843855E-05	 1.00467576E-03	-1.57061000E-03	-4.34891937E-03	-2.14212701E-03	-1.50644522E-03	-6.72248065E-04	-3.05501994E-04
 2.330000E-01	 6.14610170E-06	 7.40623344E-06	-6.67125808E-05	-1.17273688E-03	-6.25098691E-03	 1.33329952E-03	 8.15293242E-04	 1.50532784E-03	 8.04507050E-04	 6.14988917E-04	 9.26743027E-07	 9.58333046E-06	 6.76900629E-05	 9.87014002E-04	-1.34155800E-03	-4.10720627E-03	-2.05284760E-03	-1.46252720E-03	-6.62130710E-04	-3.05792083E-04
 2.340000E-01	 5.89704141E-06	 7.02366945E-06	-6.18275075E-05	-1.09716634E-03	-5.83940723E-03	 1.22220084E-03	 7.56102291E-04	 1.42881249E-03	 7.73183672E-04	 5.97436241E-04	 7.60583144E-07	 9.03876085E-06	 6.71385516E-05	 9.68501354E-04	-1.13904779E-03	-3.87930367E-03	-1.96678605E-03	-1.41906658E-03	-6.51535146E-04	-3.05630020E-04
 2.350000E-01	 5.65639801E-06	 6.66615726E-06	-5.72403505E-05	-1.02642329E-03	-5.45621919E-03	 1.12035426E-03	 7.00981235E-04	 1.35598725E-03	 7.42778384E-04	 5.80027246E-04	 6.09692089E-07	 8.53004722E-06	 6.64519321E-05	 9.49321295E-04	-9.60093375E-04	-3.66442989E-03	-1.88389195E-03	-1.37614973E-03	-6.40524049E-04	-3.05039959E-04
 2.360000E-01	 5.42394470E-06	 6.33162153E-06	-5.29342888E-05	-9.60180218E-04	-5.09941520E-03	 1.02696830E-03	 6.49660376E-04	 1.28670055E-03	 7.13296206E-04	 5.62796607E-04	 4.72736845E-07	 8.05420832E-06	 6.56497581E-05	 9.29633187E-04	-8.02051001E-04	-3.46184335E-03	-1.80410643E-03	-1.33385170E-03	-6.29156293E-04	-3.04046442E-04
 2.370000E-01	 5.19944476E-06	 6.01818956E-06	-4.88932406E-05	-8.98133706E-04	-4.76712600E-03	 9.41319930E-04	 6.01886313E-04	 1.22080323E-03	 6.84737677E-04	 5.45775017E-04	 3.48501042E-07	 7.60856161E-06	 6.47493670E-05	 9.09575193E-04	-6.62576774E-04	-3.27084123E-03	-1.72736374E-03	-1.29223720E-03	-6.17487015E-04	-3.02674168E-04
 2.380000E-01	 4.98265353E-06	 5.72416088E-06	-4.51018809E-05	-8.40001615E-04	-4.45761042E-03	 8.62751558E-04	 5.57422036E-04	 1.15814969E-03	 6.57099639E-04	 5.28989575E-04	 2.35874714E-07	 7.19069351E-06	 6.37661523E-05	 8.89267756E-04	-5.39596678E-04	-3.09075763E-03	-1.65359244E-03	-1.25136118E-03	-6.05567544E-04	-3.00947663E-04
 2.390000E-01	 4.77332294E-06	 5.44799556E-06	-4.15456638E-05	-7.85522069E-04	-4.16924904E-03	 7.90663814E-04	 5.16045604E-04	 1.09859795E-03	 6.30375598E-04	 5.12463982E-04	 1.33844704E-07	 6.79842252E-06	 6.27137060E-05	 8.68814846E-04	-4.31273672E-04	-2.92096259E-03	-1.58271676E-03	-1.21126991E-03	-5.93445597E-04	-2.98891175E-04
 2.400000E-01	 4.57120315E-06	 5.18829672E-06	-3.82108079E-05	-7.34452135E-04	-3.90053744E-03	 7.24510052E-04	 4.77549322E-04	 1.04200993E-03	 6.04556178E-04	 4.96218793E-04	 4.14855885E-08	 6.42977227E-06	 6.16040389E-05	 8.48306211E-04	-3.35979001E-04	-2.76086077E-03	-1.51465762E-03	-1.17200175E-03	-5.81165397E-04	-2.96528532E-04
 2.410000E-01	 4.37604422E-06	 4.94379607E-06	-3.50842725E-05	-6.86566393E-04	-3.65007901E-03	 6.63791464E-04	 4.41738920E-04	 9.88251666E-04	 5.79629524E-04	 4.80271648E-04	-4.20483636E-08	 6.08294776E-06	 6.04477624E-05	 8.27819258E-04	-2.52267285E-04	-2.60988991E-03	-1.44933352E-03	-1.13358796E-03	-5.68767810E-04	-2.93883023E-04
 2.420000E-01	 4.18759734E-06	 4.71334103E-06	-3.21537308E-05	-6.41655617E-04	-3.41657768E-03	 6.08052681E-04	 4.08432756E-04	 9.37193484E-04	 5.55581652E-04	 4.64637506E-04	-1.17530301E-07	 5.75631510E-06	 5.92542442E-05	 8.07420611E-04	-1.78854836E-04	-2.46751925E-03	-1.38666131E-03	-1.09605337E-03	-5.56290481E-04	-2.90977296E-04
 2.430000E-01	 4.00561570E-06	 4.49588244E-06	-2.94075360E-05	-5.99525527E-04	-3.19883121E-03	 5.56877852E-04	 3.77461075E-04	 8.88710098E-04	 5.32396792E-04	 4.49328858E-04	-1.85667154E-07	 5.44838275E-06	 5.80317375E-05	 7.87167398E-04	-1.14600951E-04	-2.33324817E-03	-1.32655689E-03	-1.05941703E-03	-5.43767995E-04	-2.87833288E-04
 2.440000E-01	 3.82985498E-06	 4.29046088E-06	-2.68347232E-05	-5.59995845E-04	-2.99572426E-03	 5.09887138E-04	 3.48665195E-04	 8.42680633E-04	 5.10057639E-04	 4.34355926E-04	-2.47105371E-07	 5.15778456E-06	 5.67874797E-05	 7.67107995E-04	-5.84914437E-05	-2.20660456E-03	-1.26893579E-03	-1.02369281E-03	-5.31232040E-04	-2.84472166E-04
 2.450000E-01	 3.66007406E-06	 4.09619146E-06	-2.44250738E-05	-5.22899343E-04	-2.80622144E-03	 4.66733382E-04	 3.21896551E-04	 7.98988490E-04	 4.88545524E-04	 4.19726809E-04	-3.02435617E-07	 4.88327011E-06	 5.55277915E-05	 7.47282118E-04	-9.62354083E-06	-2.08714305E-03	-1.21371360E-03	-9.88890010E-04	-5.18711605E-04	-2.80914308E-04
 2.460000E-01	 3.49603490E-06	 3.91225960E-06	-2.21689135E-05	-4.88079950E-04	-2.62936332E-03	 4.27098827E-04	 2.97016537E-04	 7.57521606E-04	 4.67840831E-04	 4.05447746E-04	-3.52196379E-07	 4.62370189E-06	 5.42582779E-05	 7.27723406E-04	 3.28071567E-05	-1.97444435E-03	-1.16080659E-03	-9.55013860E-04	-5.06233085E-04	-2.77179247E-04
 2.470000E-01	 3.33750184E-06	 3.73791748E-06	-2.00568328E-05	-4.55390907E-04	-2.46426332E-03	 3.90693274E-04	 2.73896745E-04	 7.18172985E-04	 4.47923534E-04	 3.91523441E-04	-3.96878628E-07	 4.37804088E-06	 5.29839550E-05	 7.08462916E-04	 6.95161401E-05	-1.86811456E-03	-1.11013207E-03	-9.22065879E-04	-4.93820306E-04	-2.73285563E-04
 2.480000E-01	 3.18424432E-06	 3.57247427E-06	-1.80799142E-05	-4.24695146E-04	-2.31010068E-03	 3.57250784E-04	 2.52417186E-04	 6.80839910E-04	 4.28772962E-04	 3.77957036E-04	-4.36930247E-07	 4.14532776E-06	 5.17091440E-05	 6.89526775E-04	 1.01142291E-04	-1.76778281E-03	-1.06160861E-03	-8.90044422E-04	-4.81494838E-04	-2.69250977E-04
 2.490000E-01	 3.03603751E-06	 3.41528341E-06	-1.62298900E-05	-3.95865170E-04	-2.16611301E-03	 3.26527994E-04	 2.32465526E-04	 6.45423740E-04	 4.10367855E-04	 3.64750216E-04	-4.72759510E-07	 3.92467951E-06	 5.04375362E-05	 6.70935280E-04	 1.28256045E-04	-1.67309943E-03	-1.01515609E-03	-8.58944992E-04	-4.69276150E-04	-2.65092350E-04
 2.500000E-01	 2.89266291E-06	 3.26574568E-06	-1.44990200E-05	-3.68782395E-04	-2.03159258E-03	 2.98302179E-04	 2.13936895E-04	 6.11830008E-04	 3.92686627E-04	 3.51903400E-04	-5.04738174E-07	 3.71528469E-06	 4.91723146E-05	 6.52704182E-04	 1.51365965E-04	-1.58373516E-03	-9.70695905E-04	-8.28760564E-04	-4.57181701E-04	-2.60825661E-04
 2.510000E-01	 2.75390899E-06	 3.12330856E-06	-1.28800232E-05	-3.43336252E-04	-1.90588352E-03	 2.72369444E-04	 1.96733483E-04	 5.79968391E-04	 3.75707536E-04	 3.39415897E-04	-5.33204274E-07	 3.51639699E-06	 4.79162116E-05	 6.34845332E-04	 1.70925253E-04	-1.49938036E-03	-9.28151271E-04	-7.99481956E-04	-4.45227089E-04	-2.56466026E-04
 2.520000E-01	 2.61957119E-06	 2.98746070E-06	-1.13660433E-05	-3.19423153E-04	-1.78837909E-03	 2.48543206E-04	 1.80764144E-04	 5.49752709E-04	 3.59408855E-04	 3.27286069E-04	-5.58464407E-07	 3.32733083E-06	 4.66715498E-05	 6.17367172E-04	 1.87337779E-04	-1.41974438E-03	-8.87447516E-04	-7.71098256E-04	-4.33426249E-04	-2.52027741E-04
 2.530000E-01	 2.48945226E-06	 2.85772643E-06	-9.95065187E-06	-2.96946441E-04	-1.67851675E-03	 2.26652446E-04	 1.65943878E-04	 5.21100668E-04	 3.43768893E-04	 3.15511389E-04	-5.80797290E-07	 3.14745431E-06	 4.54403021E-05	 6.00275542E-04	 2.00964112E-04	-1.34455384E-03	-8.48511942E-04	-7.43596914E-04	-4.21791489E-04	-2.47524264E-04
 2.540000E-01	 2.36336245E-06	 2.73366447E-06	-8.62780429E-06	-2.75816012E-04	-1.57577419E-03	 2.06540306E-04	 1.52193438E-04	 4.93933717E-04	 3.28766077E-04	 3.04088533E-04	-6.00456211E-07	 2.97618588E-06	 4.42241444E-05	 5.83574310E-04	 2.12126483E-04	-1.27355145E-03	-8.11273817E-04	-7.16963918E-04	-4.10333583E-04	-2.42968221E-04
 2.550000E-01	 2.24111994E-06	 2.61486927E-06	-7.39177446E-06	-2.55947929E-04	-1.47966651E-03	 1.88062609E-04	 1.39438927E-04	 4.68176895E-04	 3.14379022E-04	 2.93013464E-04	-6.17671306E-07	 2.81298838E-06	 4.30244821E-05	 5.67265628E-04	 2.21113187E-04	-1.20649516E-03	-7.75664431E-04	-6.91184040E-04	-3.99061882E-04	-2.38371436E-04
 2.560000E-01	 2.12255146E-06	 2.50096446E-06	-6.23721728E-06	-2.37263884E-04	-1.38974307E-03	 1.71086837E-04	 1.27611263E-04	 4.43758594E-04	 3.00586503E-04	 2.82281483E-04	-6.32651263E-07	 2.65736846E-06	 4.18424688E-05	 5.51349409E-04	 2.28181747E-04	-1.14315712E-03	-7.41617132E-04	-6.66241034E-04	-3.87984451E-04	-2.33744974E-04
 2.570000E-01	 2.00749132E-06	 2.39158960E-06	-5.15921787E-06	-2.19690298E-04	-1.30558473E-03	 1.55492702E-04	 1.16646322E-04	 4.20610836E-04	 2.87367695E-04	 2.71887428E-04	-6.45585214E-07	 2.50887905E-06	 4.06790567E-05	 5.35823897E-04	 2.33559562E-04	-1.08332274E-03	-7.09067348E-04	-6.42117652E-04	-3.77108088E-04	-2.29099084E-04
 2.580000E-01	 1.89578210E-06	 2.28641166E-06	-4.15320124E-06	-2.03158900E-04	-1.22680196E-03	 1.41169454E-04	 1.06484167E-04	 3.98668731E-04	 2.74702043E-04	 2.61825623E-04	-6.56645048E-07	 2.36710810E-06	 3.95350043E-05	 5.20685689E-04	 2.37449826E-04	-1.02679022E-03	-6.77952611E-04	-6.18795990E-04	-3.66438500E-04	-2.24443315E-04
 2.590000E-01	 1.78727357E-06	 2.18512315E-06	-3.21483342E-06	-1.87605981E-04	-1.15303303E-03	 1.28015157E-04	 9.70689629E-05	 3.77870510E-04	 2.62569399E-04	 2.52090005E-04	-6.65986803E-07	 2.23167601E-06	 3.84109290E-05	 5.05930740E-04	 2.40034287E-04	-9.73369748E-04	-6.48212575E-04	-5.96257603E-04	-3.55980362E-04	-2.19786523E-04
 2.600000E-01	 1.68182229E-06	 2.08743771E-06	-2.34003099E-06	-1.72971820E-04	-1.08394166E-03	 1.15936156E-04	 8.83486919E-05	 3.58157407E-04	 2.50950051E-04	 2.42674174E-04	-6.73751885E-07	 2.10223369E-06	 3.73073131E-05	 4.91554430E-04	 2.41475294E-04	-9.22882737E-04	-6.19789008E-04	-5.74483616E-04	-3.45737402E-04	-2.15136895E-04
 2.610000E-01	 1.57929147E-06	 1.99308750E-06	-1.52496240E-06	-1.59200506E-04	-1.01921480E-03	 1.04846400E-04	 8.02748749E-05	 3.39473505E-04	 2.39824721E-04	 2.33571445E-04	-6.80068498E-07	 1.97845960E-06	 3.62245156E-05	 4.77551661E-04	 2.41917733E-04	-8.75161015E-04	-5.92625721E-04	-5.53454808E-04	-3.35712466E-04	-2.10501970E-04
 2.620000E-01	 1.47955089E-06	 1.90182296E-06	-7.66035822E-07	-1.46239930E-04	-9.58560498E-04	 9.46667590E-05	 7.28023107E-05	 3.21765569E-04	 2.29174563E-04	 2.24774869E-04	-6.85053148E-07	 1.86005659E-06	 3.51627926E-05	 4.63916992E-04	 2.41490800E-04	-8.30045991E-04	-5.66668439E-04	-5.33151635E-04	-3.25907556E-04	-2.05888651E-04
 2.630000E-01	 1.38247678E-06	 1.81341294E-06	-5.98733822E-08	-1.34041248E-04	-9.01706997E-04	 8.53245380E-05	 6.58888906E-05	 3.04982994E-04	 2.18981219E-04	 2.16277313E-04	-6.88811260E-07	 1.74675144E-06	 3.41223063E-05	 4.50644511E-04	 2.40309555E-04	-7.87388374E-04	-5.41864899E-04	-5.13554423E-04	-3.16323948E-04	-2.01303255E-04
 2.640000E-01	 1.28795179E-06	 1.72764584E-06	 5.96729397E-07	-1.22558486E-04	-8.48401878E-04	 7.67529123E-05	 5.94954550E-05	 2.89077749E-04	 2.09226868E-04	 2.08071526E-04	-6.91438239E-07	 1.63829175E-06	 3.31031305E-05	 4.37728042E-04	 2.38476489E-04	-7.47047788E-04	-5.18164873E-04	-4.94643481E-04	-3.06962262E-04	-1.96751553E-04
 2.650000E-01	 1.19586457E-06	 1.64432771E-06	 1.20682243E-06	-1.11748386E-04	-7.98410820E-04	 6.88905631E-05	 5.35856488E-05	 2.74004314E-04	 1.99894265E-04	 2.00150193E-04	-6.93020790E-07	 1.53444160E-06	 3.21052507E-05	 4.25161420E-04	 2.36082616E-04	-7.08892246E-04	-4.95520112E-04	-4.76399149E-04	-2.97822515E-04	-1.92238789E-04
 2.660000E-01	 1.10610959E-06	 1.56327675E-06	 1.77319779E-06	-1.01570875E-04	-7.51515493E-04	 6.16810784E-05	 4.81254275E-05	 2.59719338E-04	 1.90966585E-04	 1.92505887E-04	-6.93638188E-07	 1.43498005E-06	 3.11285737E-05	 4.12937766E-04	 2.33208932E-04	-6.72797441E-04	-4.73884229E-04	-4.58801863E-04	-2.88904209E-04	-1.87769726E-04
 2.670000E-01	 1.01858686E-06	 1.48432318E-06	 2.29837643E-06	-9.19889968E-05	-7.07512061E-04	 5.50724908E-05	 4.30828767E-05	 2.46181505E-04	 1.82427415E-04	 1.85131088E-04	-6.93362883E-07	 1.33970342E-06	 3.01729694E-05	 4.01049262E-04	 2.29927487E-04	-6.38646261E-04	-4.53212642E-04	-4.41832219E-04	-2.80206381E-04	-1.83348690E-04
 2.680000E-01	 9.33201637E-07	 1.40731380E-06	 2.78474659E-06	-8.29681147E-05	-6.66211018E-04	 4.90171228E-05	 3.84284179E-05	 2.33351716E-04	 1.74260931E-04	 1.78018308E-04	-6.92260865E-07	 1.24842330E-06	 2.92382818E-05	 3.89488107E-04	 2.26301877E-04	-6.06328591E-04	-4.33462602E-04	-4.25471005E-04	-2.71727619E-04	-1.78979550E-04
 2.690000E-01	 8.49864134E-07	 1.33211171E-06	 3.23459228E-06	-7.44756892E-05	-6.27436360E-04	 4.34710627E-05	 3.41345821E-05	 2.21192921E-04	 1.66451871E-04	 1.71160094E-04	-6.90392387E-07	 1.16096247E-06	 2.83243124E-05	 3.78246702E-04	 2.22388526E-04	-5.75740894E-04	-4.14593160E-04	-4.09699268E-04	-2.63466119E-04	-1.74665769E-04
 2.700000E-01	 7.68489066E-07	 1.25859168E-06	 3.65006292E-06	-6.64811695E-05	-5.91024351E-04	 3.83938801E-05	 3.01757974E-05	 2.09669982E-04	 1.58985494E-04	 1.64549037E-04	-6.87812459E-07	 1.07715493E-06	 2.74308261E-05	 3.67317477E-04	 2.18237558E-04	-5.46785738E-04	-3.96565086E-04	-3.94498348E-04	-2.55419734E-04	-1.70410424E-04
 2.710000E-01	 6.88995258E-07	 1.18663884E-06	 4.03317756E-06	-5.89558866E-05	-5.56822521E-04	 3.37483494E-05	 2.65282558E-05	 1.98749574E-04	 1.51847570E-04	 1.58177785E-04	-6.84571306E-07	 9.96845216E-07	 2.65575572E-05	 3.56692869E-04	 2.13893432E-04	-5.19371407E-04	-3.79340810E-04	-3.79849902E-04	-2.47586013E-04	-1.66216234E-04
 2.720000E-01	 6.11305358E-07	 1.11614781E-06	 4.38583327E-06	-5.18729581E-05	-5.24688826E-04	 2.95001892E-05	 2.31697915E-05	 1.88400097E-04	 1.45024370E-04	 1.52039064E-04	-6.80714829E-07	 9.19887392E-07	 2.57042145E-05	 3.46365310E-04	 2.09395494E-04	-4.93411552E-04	-3.62884363E-04	-3.65735925E-04	-2.39962236E-04	-1.62085579E-04
 2.730000E-01	 5.35345485E-07	 1.04702082E-06	 4.70980085E-06	-4.52071756E-05	-4.94490857E-04	 2.56178407E-05	 2.00797516E-05	 1.78591576E-04	 1.38502653E-04	 1.46125681E-04	-6.76284940E-07	 8.46144775E-07	 2.48704875E-05	 3.36327164E-04	 2.04778455E-04	-4.68824865E-04	-3.47161318E-04	-3.52138776E-04	-2.32545450E-04	-1.58020529E-04
 2.740000E-01	 4.61044920E-07	 9.79165278E-07	 5.00671060E-06	-3.89348533E-05	-4.66105087E-04	 2.20723361E-05	 1.72389056E-05	 1.69295600E-04	 1.32269657E-04	 1.40430549E-04	-6.71319741E-07	 7.75490781E-07	 2.40560586E-05	 3.26570716E-04	 2.00072761E-04	-4.45534767E-04	-3.32138741E-04	-3.39041187E-04	-2.25332498E-04	-1.54022857E-04
 2.750000E-01	 3.88336009E-07	 9.12496917E-07	 5.27811021E-06	-3.30337323E-05	-4.39416354E-04	 1.88370017E-05	 1.46294152E-05	 1.60485285E-04	 1.26313130E-04	 1.34946713E-04	-6.65853804E-07	 7.07805672E-07	 2.32605939E-05	 3.17088455E-04	 1.95305269E-04	-4.23469173E-04	-3.17785150E-04	-3.26426291E-04	-2.18320045E-04	-1.50094060E-04
 2.760000E-01	 3.17153871E-07	 8.46943133E-07	 5.52551903E-06	-2.74829648E-05	-4.14317265E-04	 1.58869413E-05	 1.22346322E-05	 1.52135092E-04	 1.20621269E-04	 1.29667319E-04	-6.59918606E-07	 6.42972015E-07	 2.24837269E-05	 3.07873185E-04	 1.90500167E-04	-4.02560190E-04	-3.04070437E-04	-3.14277655E-04	-2.11504613E-04	-1.46235398E-04
 2.770000E-01	 2.47435904E-07	 7.82434869E-07	 5.75038022E-06	-2.22626765E-05	-3.90707708E-04	 1.31993273E-05	 1.00390987E-05	 1.44220863E-04	 1.15182748E-04	 1.24585662E-04	-6.53542405E-07	 5.80879174E-07	 2.17250737E-05	 2.98918015E-04	 1.85678597E-04	-3.82743836E-04	-2.90965825E-04	-3.02579245E-04	-2.04882594E-04	-1.42447889E-04
 2.780000E-01	 1.79121935E-07	 7.18905443E-07	 5.95402157E-06	-1.73541155E-05	-3.68494152E-04	 1.07531982E-05	 8.02839892E-06	 1.36719686E-04	 1.09986662E-04	 1.19695168E-04	-6.46750588E-07	 5.21424021E-07	 2.09842407E-05	 2.90215991E-04	 1.80858968E-04	-3.63959807E-04	-2.78443800E-04	-2.91315436E-04	-1.98450275E-04	-1.38732334E-04
 2.790000E-01	 1.12154157E-07	 6.56292374E-07	 6.13768284E-06	-1.27397127E-05	-3.47589259E-04	 8.52925372E-06	 6.18911162E-06	 1.29609848E-04	 1.05022528E-04	 1.14989402E-04	-6.39566003E-07	 4.64509546E-07	 2.02608255E-05	 2.81760123E-04	 1.76057288E-04	-3.46151285E-04	-2.66478061E-04	-2.80471022E-04	-1.92203856E-04	-1.35089329E-04
 2.800000E-01	 4.64770341E-08	 5.94537717E-07	 6.30253038E-06	-8.40306108E-06	-3.27911535E-04	 6.50970952E-06	 4.50874689E-06	 1.22870776E-04	 1.00280279E-04	 1.10462077E-04	-6.32009239E-07	 4.10044007E-07	 1.95544167E-05	 2.73543323E-04	 1.71287453E-04	-3.29264731E-04	-2.55043476E-04	-2.70031214E-04	-1.86139470E-04	-1.31519289E-04
 2.810000E-01	-1.79628279E-08	 5.33587854E-07	 6.44966679E-06	-4.32873288E-06	-3.09385133E-04	 4.67818198E-06	 2.97568180E-06	 1.16482995E-04	 9.57502631E-05	 1.06107070E-04	-6.24098635E-07	 3.57941398E-07	 1.88645953E-05	 2.65558143E-04	 1.66561555E-04	-3.13249789E-04	-2.44116079E-04	-2.59981684E-04	-1.80253220E-04	-1.28022471E-04
 2.820000E-01	-8.12169315E-08	 4.73390503E-07	 6.58011525E-06	-5.01943877E-07	-2.91939789E-04	 3.01961377E-06	 1.57909486E-06	 1.10428114E-04	 9.14232544E-05	 1.01918448E-04	-6.15849904E-07	 3.08123964E-07	 1.81909346E-05	 2.57796521E-04	 1.61890194E-04	-2.98059324E-04	-2.33673153E-04	-2.50308669E-04	-1.74541262E-04	-1.24599029E-04
 2.830000E-01	-1.43335251E-07	 4.13892003E-07	 6.69479228E-06	 3.09118344E-06	-2.75509681E-04	 1.52008728E-06	 3.08846255E-07	 1.04688661E-04	 8.72903678E-05	 9.78904174E-05	-6.07276950E-07	 2.60521472E-07	 1.75330257E-05	 2.50250103E-04	 1.57282559E-04	-2.83648895E-04	-2.23693002E-04	-2.40998832E-04	-1.68999740E-04	-1.21248987E-04
 2.840000E-01	-2.04365976E-07	 3.55042129E-07	 6.79458055E-06	 6.46388346E-06	-2.60033149E-04	 1.66715712E-07	-8.44486888E-07	 9.92480824E-05	 8.33430889E-05	 9.40173347E-05	-5.98391882E-07	 2.15069457E-07	 1.68904652E-05	 2.42910754E-04	 1.52746549E-04	-2.69976542E-04	-2.14154889E-04	-2.32039226E-04	-1.63624776E-04	-1.17972229E-04
 2.850000E-01	-2.64355008E-07	 2.96796532E-07	 6.88038280E-06	 9.62906638E-06	-2.45452801E-04	-1.05230288E-06	-1.88950893E-06	 9.40908302E-05	 7.95733530E-05	 9.02937671E-05	-5.89205019E-07	 1.71706359E-07	 1.62628273E-05	 2.35770901E-04	 1.48288754E-04	-2.57002726E-04	-2.05039040E-04	-2.23417298E-04	-1.58412467E-04	-1.14768500E-04
 2.860000E-01	-3.23346496E-07	 2.39112461E-07	 6.95303726E-06	 1.25988506E-05	-2.31714711E-04	-2.14793590E-06	-2.83427093E-06	 8.92021250E-05	 7.59733999E-05	 8.67144110E-05	-5.79725631E-07	 1.30373910E-07	 1.56496875E-05	 2.28823052E-04	 1.43914790E-04	-2.44690092E-04	-1.96326550E-04	-2.15120878E-04	-1.53358917E-04	-1.11637435E-04
 2.870000E-01	-3.81383136E-07	 1.81946601E-07	 7.01329350E-06	 1.53845392E-05	-2.18768087E-04	-3.13028615E-06	-3.68631139E-06	 8.45679202E-05	 7.25357568E-05	 8.32740936E-05	-5.69962001E-07	 9.10199521E-08	 1.50506498E-05	 2.22059685E-04	 1.39629192E-04	-2.33003315E-04	-1.87999332E-04	-2.07138166E-04	-1.48460237E-04	-1.08578562E-04
 2.880000E-01	-4.38505971E-07	 1.25258071E-07	 7.06184775E-06	 1.79967424E-05	-2.06565216E-04	-4.00866206E-06	-4.45264845E-06	 8.01748973E-05	 6.92532563E-05	 7.99677877E-05	-5.59921631E-07	 5.35967714E-08	 1.44653422E-05	 2.15473396E-04	 1.35435498E-04	-2.21909018E-04	-1.80040090E-04	-1.99457721E-04	-1.43712555E-04	-1.05591317E-04
 2.890000E-01	-4.94754380E-07	 6.90089228E-08	 7.09935062E-06	 2.04455099E-05	-1.95061303E-04	-4.79164471E-06	-5.13980923E-06	 7.60104335E-05	 6.61190291E-05	 7.67906127E-05	-5.49611430E-07	 1.80603014E-08	 1.38934175E-05	 2.09057068E-04	 1.31336387E-04	-2.11375665E-04	-1.72432293E-04	-1.92068468E-04	-1.39112019E-04	-1.02675046E-04
 2.900000E-01	-5.50166072E-07	 1.31640822E-08	 7.12640429E-06	 2.27404352E-05	-1.84214264E-04	-5.48714317E-06	-5.75386018E-06	 7.20625679E-05	 6.31264951E-05	 7.37378345E-05	-5.39037828E-07	-1.56302714E-08	 1.33345541E-05	 2.02804149E-04	 1.27333803E-04	-2.01373459E-04	-1.65160142E-04	-1.84959681E-04	-1.34654807E-04	-9.98290144E-05
 2.910000E-01	-6.04777092E-07	-4.23066771E-08	 7.14358829E-06	 2.48905202E-05	-1.73984417E-04	-6.10247512E-06	-6.30040749E-06	 6.83199680E-05	 6.02693564E-05	 7.08048568E-05	-5.28207256E-07	-4.75164980E-08	 1.27884387E-05	 1.96709220E-04	 1.23428973E-04	-1.91874134E-04	-1.58208481E-04	-1.78120931E-04	-1.30337094E-04	-9.70523952E-05
 2.920000E-01	-6.58622300E-07	-9.74270783E-08	 7.15147703E-06	 2.69036903E-05	-1.64333880E-04	-6.64445615E-06	-6.78464795E-06	 6.47718171E-05	 5.75415288E-05	 6.79871638E-05	-5.17127165E-07	-7.76453336E-08	 1.22547745E-05	 1.90768216E-04	 1.19622221E-04	-1.82850576E-04	-1.51562592E-04	-1.71541924E-04	-1.26154965E-04	-9.43442101E-05
 2.930000E-01	-7.11735386E-07	-1.52219135E-07	 7.15057291E-06	 2.87871804E-05	-1.55227014E-04	-7.11926884E-06	-7.21144235E-06	 6.14078325E-05	 5.49371498E-05	 6.52803630E-05	-5.05804781E-07	-1.06059594E-07	 1.17333126E-05	 1.84977500E-04	 1.15913090E-04	-1.74277111E-04	-1.45208374E-04	-1.65212668E-04	-1.22104534E-04	-9.17034128E-05
 2.940000E-01	-7.64148840E-07	-2.06704303E-07	 7.14129846E-06	 3.05477282E-05	-1.46630514E-04	-7.53250807E-06	-7.58534132E-06	 5.82182606E-05	 5.24505878E-05	 6.26802010E-05	-4.94246836E-07	-1.32796981E-07	 1.12238476E-05	 1.79333481E-04	 1.12300589E-04	-1.66129543E-04	-1.39132381E-04	-1.59123528E-04	-1.18181989E-04	-8.91289180E-05
 2.950000E-01	-8.15893798E-07	-2.60897852E-07	 7.12407879E-06	 3.21916651E-05	-1.38513397E-04	-7.88936478E-06	-7.91055876E-06	 5.51938795E-05	 5.00764712E-05	 6.01825758E-05	-4.82459756E-07	-1.57896737E-07	 1.07261672E-05	 1.73832807E-04	 1.08783567E-04	-1.58385089E-04	-1.33321809E-04	-1.53265229E-04	-1.14383591E-04	-8.66196118E-05
 2.960000E-01	-8.67000104E-07	-3.14810190E-07	 7.09934695E-06	 3.37250377E-05	-1.30846866E-04	-8.19464773E-06	-8.19097772E-06	 5.23259879E-05	 4.78096911E-05	 5.77835409E-05	-4.70449544E-07	-1.81400421E-07	 1.02400426E-05	 1.68472440E-04	 1.05360794E-04	-1.51022299E-04	-1.27764474E-04	-1.47628854E-04	-1.10705681E-04	-8.41743548E-05
 2.970000E-01	-9.17496598E-07	-3.68450036E-07	 7.06751489E-06	 3.51536129E-05	-1.23604056E-04	-8.45278975E-06	-8.43020047E-06	 4.96063556E-05	 4.56453707E-05	 5.54792913E-05	-4.58221658E-07	-2.03350010E-07	 9.76523981E-06	 1.63249537E-04	 1.02030941E-04	-1.44020949E-04	-1.22448776E-04	-1.42205825E-04	-1.07144677E-04	-8.17919873E-05
 2.980000E-01	-9.67411174E-07	-4.21824810E-07	 7.02897222E-06	 3.64828500E-05	-1.16759878E-04	-8.66787405E-06	-8.63156983E-06	 4.70271960E-05	 4.35788540E-05	 5.32661594E-05	-4.45780965E-07	-2.23787587E-07	 9.30151941E-06	 1.58161351E-04	 9.87925842E-05	-1.37361973E-04	-1.17363671E-04	-1.36987890E-04	-1.03697082E-04	-7.94713328E-05
 2.990000E-01	-1.01677082E-06	-4.74940670E-07	 6.98409019E-06	 3.77178706E-05	-1.10290904E-04	-8.84366289E-06	-8.79818573E-06	 4.45811431E-05	 4.16056976E-05	 5.11406113E-05	-4.33131792E-07	-2.42755446E-07	 8.84863337E-06	 1.53205128E-04	 9.56442217E-05	-1.31027386E-04	-1.12498643E-04	-1.31967113E-04	-1.00359479E-04	-7.72112028E-05
 3.000000E-01	-1.06560158E-06	-5.27802246E-07	 6.93323409E-06	 3.88634611E-05	-1.04175290E-04	-8.98362026E-06	-8.93291631E-06	 4.22612345E-05	 3.97216661E-05	 4.90992462E-05	-4.20277984E-07	-2.60296442E-07	 8.40631881E-06	 1.48377933E-04	 9.25842913E-05	-1.25000230E-04	-1.07843679E-04	-1.27135863E-04	-9.71285324E-05	-7.50103986E-05
 3.010000E-01	-1.11392853E-06	-5.80413464E-07	 6.87676326E-06	 3.99241663E-05	-9.83927808E-05	-9.09092316E-06	-9.03842755E-06	 4.00608975E-05	 3.79227281E-05	 4.71388028E-05	-4.07222750E-07	-2.76452400E-07	 7.97429990E-06	 1.43676268E-04	 8.96112629E-05	-1.19264577E-04	-1.03389287E-04	-1.22486846E-04	-9.40010154E-05	-7.28677337E-05
 3.020000E-01	-1.16177561E-06	-6.32778947E-07	 6.81499660E-06	 4.09044319E-05	-9.29247467E-05	-9.16852737E-06	-9.11723565E-06	 3.79739302E-05	 3.62050522E-05	 4.52561696E-05	-3.93968466E-07	-2.91260455E-07	 7.55230299E-06	 1.39095646E-04	 8.67239133E-05	-1.13805659E-04	-9.91265816E-05	-1.18013201E-04	-9.09738876E-05	-7.07820935E-05
 3.030000E-01	-1.20916588E-06	-6.84904667E-07	 6.74821501E-06	 4.18083970E-05	-8.77537272E-05	-9.21916178E-06	-9.17166840E-06	 3.59944756E-05	 3.45649921E-05	 4.34483600E-05	-3.80517466E-07	-3.04755372E-07	 7.14007147E-06	 1.34631113E-04	 8.39210065E-05	-1.08609564E-04	-9.50471176E-05	-1.13708355E-04	-8.80441988E-05	-6.87523689E-05
 3.040000E-01	-1.25612175E-06	-7.36796662E-07	 6.67668370E-06	 4.26398279E-05	-8.28632468E-05	-9.24534741E-06	-9.20387573E-06	 3.41169876E-05	 3.29990672E-05	 4.17124957E-05	-3.66872316E-07	-3.16971018E-07	 6.73736128E-06	 1.30277655E-04	 8.12011753E-05	-1.03663109E-04	-9.11428278E-05	-1.09565966E-04	-8.52090603E-05	-6.67774407E-05
 3.050000E-01	-1.30266495E-06	-7.88460880E-07	 6.60065549E-06	 4.34021497E-05	-7.82377505E-05	-9.24941070E-06	-9.21585024E-06	 3.23362073E-05	 3.15039499E-05	 4.00457999E-05	-3.53035872E-07	-3.27940201E-07	 6.34394231E-06	 1.26030332E-04	 7.85629216E-05	-9.89537915E-05	-8.74060003E-05	-1.05579917E-04	-8.24656461E-05	-6.48561832E-05
 3.060000E-01	-1.34881664E-06	-8.39903144E-07	 6.52037284E-06	 4.40984881E-05	-7.38625578E-05	-9.23349633E-06	-9.20943918E-06	 3.06471472E-05	 3.00764580E-05	 3.84455936E-05	-3.39011333E-07	-3.37694635E-07	 5.95959930E-06	 1.21884299E-04	 7.60046325E-05	-9.44697548E-05	-8.38292634E-05	-1.01744310E-04	-7.98111938E-05	-6.29874662E-05
 3.070000E-01	-1.39459745E-06	-8.91129592E-07	 6.43606763E-06	 4.47317051E-05	-6.97238117E-05	-9.19957903E-06	-9.18635696E-06	 2.90450748E-05	 2.87135465E-05	 3.69092926E-05	-3.24802251E-07	-3.46264730E-07	 5.58413478E-06	 1.17834793E-04	 7.35245846E-05	-9.01997542E-05	-8.04055706E-05	-9.80534558E-05	-7.72430040E-05	-6.11701582E-05
 3.080000E-01	-1.44002774E-06	-9.42148573E-07	 6.34794169E-06	 4.53044292E-05	-6.58083837E-05	-9.14946164E-06	-9.14820940E-06	 2.75254864E-05	 2.74122897E-05	 3.54343979E-05	-3.10412506E-07	-3.53677821E-07	 5.21738824E-06	 1.13877081E-04	 7.11209203E-05	-8.61331204E-05	-7.71281829E-05	-9.45018682E-05	-7.47584421E-05	-5.94031284E-05
 3.090000E-01	-1.48512720E-06	-9.92968652E-07	 6.25618008E-06	 4.58191593E-05	-6.21038535E-05	-9.08479506E-06	-9.09647795E-06	 2.60841139E-05	 2.61698930E-05	 3.40185022E-05	-2.95846300E-07	-3.59959205E-07	 4.85922725E-06	 1.10006542E-04	 6.87917281E-05	-8.22597352E-05	-7.39906638E-05	-9.10842620E-05	-7.23549386E-05	-5.76852499E-05
 3.100000E-01	-1.52991434E-06	-1.04359513E-06	 6.16100091E-06	 4.62784334E-05	-5.85985610E-05	-9.00713008E-06	-9.03249750E-06	 2.47169384E-05	 2.49837147E-05	 3.26593003E-05	-2.81108259E-07	-3.65136942E-07	 4.50949638E-06	 1.06218965E-04	 6.65351755E-05	-7.85700049E-05	-7.09868762E-05	-8.77955565E-05	-7.00299908E-05	-5.60154025E-05
 3.110000E-01	-1.57440702E-06	-1.09403411E-06	 6.06263162E-06	 4.66848624E-05	-5.52814928E-05	-8.91790148E-06	-8.95749220E-06	 2.34201536E-05	 2.38512361E-05	 3.13545725E-05	-2.66203468E-07	-3.69240816E-07	 4.16802356E-06	 1.02510718E-04	 6.43494034E-05	-7.50547983E-05	-6.81109439E-05	-8.46308447E-05	-6.77811502E-05	-5.43924662E-05
 3.120000E-01	-1.61862334E-06	-1.14429579E-06	 5.96127384E-06	 4.70409827E-05	-5.21420860E-05	-8.81840404E-06	-8.87260682E-06	 2.21901169E-05	 2.27700208E-05	 3.01021575E-05	-2.51137652E-07	-3.72299697E-07	 3.83465985E-06	 9.88786440E-05	 6.22323493E-05	-7.17053556E-05	-6.53571868E-05	-8.15853385E-05	-6.56059919E-05	-5.28153012E-05
 3.130000E-01	-1.66258093E-06	-1.19439161E-06	 5.85711637E-06	 4.73493128E-05	-4.91703561E-05	-8.70980718E-06	-8.77890281E-06	 2.10233667E-05	 2.17377326E-05	 2.88999690E-05	-2.35916981E-07	-3.74341019E-07	 3.50927380E-06	 9.53197973E-05	 6.01818818E-05	-6.85133574E-05	-6.27201662E-05	-7.86544159E-05	-6.35021489E-05	-5.12827744E-05
 3.140000E-01	-1.70629671E-06	-1.24433357E-06	 5.75034183E-06	 4.76124071E-05	-4.63569222E-05	-8.59317695E-06	-8.67735843E-06	 1.99166233E-05	 2.07521418E-05	 2.77460016E-05	-2.20548174E-07	-3.75391644E-07	 3.19174204E-06	 9.18313274E-05	 5.81958881E-05	-6.54709302E-05	-6.01946929E-05	-7.58336338E-05	-6.14673221E-05	-4.97937680E-05
 3.150000E-01	-1.74978694E-06	-1.29413488E-06	 5.64112413E-06	 4.78328862E-05	-4.36929619E-05	-8.46948611E-06	-8.56887509E-06	 1.88667798E-05	 1.98111202E-05	 2.66383276E-05	-2.05038612E-07	-3.75478040E-07	 2.88194958E-06	 8.84104581E-05	 5.62722888E-05	-6.25706208E-05	-5.77758159E-05	-7.31187212E-05	-5.94992791E-05	-4.83471811E-05
 3.160000E-01	-1.79306721E-06	-1.34381025E-06	 5.52962739E-06	 4.80134630E-05	-4.11701648E-05	-8.33962316E-06	-8.45428466E-06	 1.78708909E-05	 1.89126355E-05	 2.55750939E-05	-1.89396456E-07	-3.74626502E-07	 2.57978989E-06	 8.50545030E-05	 5.44090422E-05	-5.98053717E-05	-5.54588103E-05	-7.05055725E-05	-5.75958528E-05	-4.69419298E-05
 3.170000E-01	-1.83615259E-06	-1.39337664E-06	 5.41600715E-06	 4.81569753E-05	-3.87806889E-05	-8.20440907E-06	-8.33436558E-06	 1.69261534E-05	 1.80547398E-05	 2.45545147E-05	-1.73631287E-07	-3.72864158E-07	 2.28515988E-06	 8.17609054E-05	 5.26041607E-05	-5.71684870E-05	-5.32391572E-05	-6.79902379E-05	-5.57549406E-05	-4.55769509E-05
 3.180000E-01	-1.87905705E-06	-1.44285195E-06	 5.30040793E-06	 4.82664145E-05	-3.65171832E-05	-8.06457102E-06	-8.20982186E-06	 1.60299264E-05	 1.72355855E-05	 2.35748836E-05	-1.57753016E-07	-3.70217949E-07	 1.99796332E-06	 7.85272714E-05	 5.08556911E-05	-5.46536298E-05	-5.11125499E-05	-6.55689220E-05	-5.39745031E-05	-4.42511988E-05
 3.190000E-01	-1.92179423E-06	-1.49225459E-06	 5.18295720E-06	 4.83448133E-05	-3.43727055E-05	-7.92077235E-06	-8.08129604E-06	 1.51797118E-05	 1.64534117E-05	 2.26345607E-05	-1.41771371E-07	-3.66714991E-07	 1.71812059E-06	 7.53513694E-05	 4.91617347E-05	-5.22548051E-05	-4.90748881E-05	-6.32379830E-05	-5.22525626E-05	-4.29636439E-05
 3.200000E-01	-1.96437751E-06	-1.54160380E-06	 5.06376658E-06	 4.83951983E-05	-3.23406800E-05	-7.77362410E-06	-7.94938035E-06	 1.43731392E-05	 1.57065358E-05	 2.17319677E-05	-1.25696461E-07	-3.62383501E-07	 1.44556739E-06	 7.22312078E-05	 4.75204461E-05	-4.99663318E-05	-4.71222630E-05	-6.09939251E-05	-5.05872020E-05	-4.17132744E-05
 3.210000E-01	-2.00681974E-06	-1.59091934E-06	 4.94293372E-06	 4.84205814E-05	-3.04148856E-05	-7.62368259E-06	-7.81461752E-06	 1.36079626E-05	 1.49933518E-05	 2.08655874E-05	-1.09538884E-07	-3.57253420E-07	 1.18025015E-06	 6.91651436E-05	 4.59300184E-05	-4.77828195E-05	-4.52509446E-05	-5.88333878E-05	-4.89765602E-05	-4.04990951E-05
 3.220000E-01	-2.04913343E-06	-1.64022141E-06	 4.82054398E-06	 4.84239245E-05	-2.85894241E-05	-7.47145331E-06	-7.67750351E-06	 1.28820517E-05	 1.43123252E-05	 2.00339593E-05	-9.33097575E-08	-3.51357166E-07	 9.22123184E-07	 6.61519586E-05	 4.43886711E-05	-4.56991396E-05	-4.34573644E-05	-5.67531326E-05	-4.74188251E-05	-3.93201228E-05
 3.230000E-01	-2.09133041E-06	-1.68952954E-06	 4.69667328E-06	 4.84081226E-05	-2.68587270E-05	-7.31739688E-06	-7.53848932E-06	 1.21933900E-05	 1.36619940E-05	 1.92356812E-05	-7.70206724E-08	-3.44730142E-07	 6.71141000E-07	 6.31908641E-05	 4.28946924E-05	-4.37104251E-05	-4.17381189E-05	-5.47500493E-05	-4.59122400E-05	-3.81753930E-05
 3.240000E-01	-2.13342157E-06	-1.73886136E-06	 4.57139734E-06	 4.83759705E-05	-2.52175564E-05	-7.16194206E-06	-7.39797722E-06	 1.15400772E-05	 1.30409733E-05	 1.84694119E-05	-6.06836773E-08	-3.37411907E-07	 4.27243798E-07	 6.02814931E-05	 4.14464817E-05	-4.18120614E-05	-4.00899666E-05	-5.28211553E-05	-4.44551048E-05	-3.70639617E-05
 3.250000E-01	-2.17541744E-06	-1.78823460E-06	 4.44477279E-06	 4.83300824E-05	-2.36609638E-05	-7.00548298E-06	-7.25633793E-06	 1.09203089E-05	 1.24479385E-05	 1.77338615E-05	-4.43112003E-08	-3.29444401E-07	 1.90382829E-07	 5.74238072E-05	 4.00425047E-05	-3.99996739E-05	-3.85098148E-05	-5.09635870E-05	-4.30457731E-05	-3.59849051E-05
 3.260000E-01	-2.21732834E-06	-1.83766849E-06	 4.31681823E-06	 4.82728337E-05	-2.21842655E-05	-6.84835683E-06	-7.11392615E-06	 1.03323628E-05	 1.18816117E-05	 1.70277858E-05	-2.79156438E-08	-3.20869079E-07	-3.94531225E-08	 5.46180251E-05	 3.86812108E-05	-3.82691158E-05	-3.69947060E-05	-4.91745875E-05	-4.16826494E-05	-3.49373190E-05
 3.270000E-01	-2.25916405E-06	-1.88718087E-06	 4.18754192E-06	 4.82063336E-05	-2.07830505E-05	-6.69087117E-06	-6.97107252E-06	 9.77460011E-06	 1.13407685E-05	 1.63499881E-05	-1.15093997E-08	-3.11729753E-07	-2.62276779E-07	 5.18646840E-05	 3.73611000E-05	-3.66164496E-05	-3.55418113E-05	-4.74515063E-05	-4.03641893E-05	-3.39203208E-05
 3.280000E-01	-2.30093336E-06	-1.93678645E-06	 4.05695558E-06	 4.81324130E-05	-1.94531882E-05	-6.53331709E-06	-6.82807090E-06	 9.24547512E-06	 1.08242491E-05	 1.56993247E-05	 4.89525512E-09	-3.02074224E-07	-4.78128488E-07	 4.91646812E-05	 3.60807847E-05	-3.50379358E-05	-3.41484312E-05	-4.57917992E-05	-3.90888995E-05	-3.29330503E-05
 3.290000E-01	-2.34264423E-06	-1.98649811E-06	 3.92506346E-06	 4.80525819E-05	-1.81907952E-05	-6.37596455E-06	-6.68518704E-06	 8.74352445E-06	 1.03309495E-05	 1.50746992E-05	 2.12863827E-08	-2.91952799E-07	-6.87066609E-07	 4.65192018E-05	 3.48389698E-05	-3.35300229E-05	-3.28119886E-05	-4.41930234E-05	-3.78553364E-05	-3.19746694E-05
 3.300000E-01	-2.38430396E-06	-2.03632700E-06	 3.79186165E-06	 4.79679754E-05	-1.69922181E-05	-6.21906154E-06	-6.54266323E-06	 8.26736037E-06	 9.85981656E-06	 1.44750602E-05	 3.76526036E-08	-2.81417069E-07	-8.89163239E-07	 4.39295954E-05	 3.36344355E-05	-3.20893387E-05	-3.15300229E-05	-4.26528322E-05	-3.66621042E-05	-3.10443610E-05
 3.310000E-01	-2.42591896E-06	-2.08628212E-06	 3.65733873E-06	 4.78793162E-05	-1.58540287E-05	-6.06283599E-06	-6.40072215E-06	 7.81566703E-06	 9.40984566E-06	 1.38993998E-05	 5.39832712E-08	-2.70518731E-07	-1.08450141E-06	 4.13972332E-05	 3.24660459E-05	-3.07126918E-05	-3.03001903E-05	-4.11689779E-05	-3.55078585E-05	-3.01413328E-05
 3.320000E-01	-2.46749416E-06	-2.13636926E-06	 3.52147449E-06	 4.77869053E-05	-1.47730348E-05	-5.90750007E-06	-6.25957237E-06	 7.38719963E-06	 8.98008159E-06	 1.33467568E-05	 7.02685747E-08	-2.59308464E-07	-1.27317656E-06	 3.89233977E-05	 3.13327768E-05	-2.93970862E-05	-2.91202751E-05	-3.97393265E-05	-3.43913184E-05	-2.92648276E-05
 3.330000E-01	-2.50903348E-06	-2.18659132E-06	 3.38424763E-06	 4.76905839E-05	-1.37462383E-05	-5.75325116E-06	-6.11940314E-06	 6.98077895E-06	 8.56961461E-06	 1.28162106E-05	 8.64995847E-08	-2.47836000E-07	-1.45530474E-06	 3.65092766E-05	 3.02336673E-05	-2.81396826E-05	-2.79881657E-05	-3.83618316E-05	-3.33112483E-05	-2.84141093E-05
 3.340000E-01	-2.55054014E-06	-2.23694813E-06	 3.24563976E-06	 4.75896938E-05	-1.27708135E-05	-5.60027069E-06	-5.98038012E-06	 6.59529000E-06	 8.17757952E-06	 1.23068785E-05	 1.02668290E-07	-2.36149407E-07	-1.63101608E-06	 3.41558892E-05	 2.91678031E-05	-2.69377854E-05	-2.69018467E-05	-3.70345263E-05	-3.22664511E-05	-2.75884589E-05
 3.350000E-01	-2.59201711E-06	-2.28743698E-06	 3.10563642E-06	 4.74830787E-05	-1.18440905E-05	-5.44872387E-06	-5.84265048E-06	 6.22967489E-06	 7.80314983E-06	 1.18179125E-05	 1.18767597E-07	-2.24293947E-07	-1.80044301E-06	 3.18639894E-05	 2.81342959E-05	-2.57888365E-05	-2.58593945E-05	-3.57555197E-05	-3.12557669E-05	-2.67871734E-05
 3.360000E-01	-2.63346720E-06	-2.33805278E-06	 2.96423213E-06	 4.73691451E-05	-1.09635538E-05	-5.29875908E-06	-5.70634572E-06	 5.88292888E-06	 7.44553501E-06	 1.13484971E-05	 1.34791383E-07	-2.12311363E-07	-1.96372021E-06	 2.96340060E-05	 2.71322672E-05	-2.46904094E-05	-2.48589717E-05	-3.45229927E-05	-3.02780715E-05	-2.60095658E-05
 3.370000E-01	-2.67489324E-06	-2.38878828E-06	 2.82143458E-06	 4.72459516E-05	-1.01268388E-05	-5.15050914E-06	-5.57158170E-06	 5.55409861E-06	 7.10397996E-06	 1.08978491E-05	 1.50734484E-07	-2.00239515E-07	-2.12098501E-06	 2.74660046E-05	 2.61608490E-05	-2.36402017E-05	-2.38988235E-05	-3.33351961E-05	-2.93322756E-05	-2.52549651E-05
 3.380000E-01	-2.71629826E-06	-2.43963494E-06	 2.67726606E-06	 4.71113095E-05	-9.33172522E-06	-5.00409152E-06	-5.43846104E-06	 5.24227820E-06	 6.77776231E-06	 1.04652157E-05	 1.66592682E-07	-1.88111864E-07	-2.27237195E-06	 2.53596668E-05	 2.52191755E-05	-2.26360302E-05	-2.29772733E-05	-3.21904474E-05	-2.84173240E-05	-2.45227157E-05
 3.390000E-01	-2.75768611E-06	-2.49058446E-06	 2.53176174E-06	 4.69628838E-05	-8.57612487E-06	-4.85960549E-06	-5.30707921E-06	 4.94660178E-06	 6.46618592E-06	 1.00498704E-05	 1.82362672E-07	-1.75956772E-07	-2.41799634E-06	 2.33142947E-05	 2.43063610E-05	-2.16758243E-05	-2.20927174E-05	-3.10871270E-05	-2.75321943E-05	-2.38121777E-05
 3.400000E-01	-2.79906102E-06	-2.54162794E-06	 2.38497457E-06	 4.67983322E-05	-7.85806819E-06	-4.71713528E-06	-5.17751646E-06	 4.66624890E-06	 6.16858740E-06	 9.65111645E-06	 1.98041908E-07	-1.63798304E-07	-2.55796258E-06	 2.13289091E-05	 2.34215334E-05	-2.07576191E-05	-2.12436249E-05	-3.00236791E-05	-2.66758976E-05	-2.31227268E-05
 3.410000E-01	-2.84042690E-06	-2.59275494E-06	 2.23697900E-06	 4.66154991E-05	-7.17569478E-06	-4.57675666E-06	-5.04982708E-06	 4.40045294E-06	 5.88434602E-06	 9.26829043E-06	 2.13628443E-07	-1.51658000E-07	-2.69239905E-06	 1.94024276E-05	 2.25638743E-05	-1.98795401E-05	-2.04285345E-05	-2.89986095E-05	-2.58474770E-05	-2.24537528E-05
 3.420000E-01	-2.88178890E-06	-2.64395778E-06	 2.08785831E-06	 4.64125339E-05	-6.52723577E-06	-4.43853082E-06	-4.92405137E-06	 4.14848582E-06	 5.61286902E-06	 8.90075250E-06	 2.29120941E-07	-1.39554490E-07	-2.82144607E-06	 1.75337127E-05	 2.17325570E-05	-1.90397864E-05	-1.96460372E-05	-2.80104694E-05	-2.50459971E-05	-2.18046510E-05
 3.430000E-01	-2.92315362E-06	-2.69523240E-06	 1.93769762E-06	 4.61879127E-05	-5.91102088E-06	-4.30250069E-06	-4.80022649E-06	 3.90965026E-06	 5.35358404E-06	 8.54788392E-06	 2.44518590E-07	-1.27502775E-07	-2.94522784E-06	 1.57214949E-05	 2.09267386E-05	-1.82366442E-05	-1.88947810E-05	-2.70578626E-05	-2.42705515E-05	-2.11748287E-05
 3.440000E-01	-2.96452861E-06	-2.74657712E-06	 1.78658817E-06	 4.59404472E-05	-5.32547857E-06	-4.16869551E-06	-4.67838296E-06	 3.68328298E-06	 5.10594316E-06	 8.20908960E-06	 2.59820960E-07	-1.15515039E-07	-3.06385664E-06	 1.39643777E-05	 2.01455881E-05	-1.74684866E-05	-1.81734731E-05	-2.61394478E-05	-2.35202649E-05	-2.05637077E-05
 3.450000E-01	-3.00592215E-06	-2.79799272E-06	 1.63462616E-06	 4.56692994E-05	-4.76912548E-06	-4.03713315E-06	-4.55854301E-06	 3.46875507E-06	 4.86942393E-06	 7.88379846E-06	 2.75027851E-07	-1.03601420E-07	-3.17743803E-06	 1.22608938E-05	 1.93882988E-05	-1.67337671E-05	-1.74808776E-05	-2.52539379E-05	-2.27942925E-05	-1.99707249E-05
 3.460000E-01	-3.04734297E-06	-2.84948217E-06	 1.48190954E-06	 4.53739872E-05	-4.24055438E-06	-3.90782212E-06	-4.44071886E-06	 3.26547260E-06	 4.64353075E-06	 7.57146390E-06	 2.90139176E-07	-9.17706638E-08	-3.28607791E-06	 1.06095648E-05	 1.86541005E-05	-1.60310135E-05	-1.68158139E-05	-2.44000980E-05	-2.20918191E-05	-1.93953317E-05
 3.470000E-01	-3.08880041E-06	-2.90105124E-06	 1.32853431E-06	 4.50543568E-05	-3.73843066E-06	-3.78076293E-06	-4.32491561E-06	 3.07287300E-06	 4.42779183E-06	 7.27156191E-06	 3.05154869E-07	-8.00305118E-08	-3.38988281E-06	 9.00892427E-06	 1.79422537E-05	-1.53588232E-05	-1.61771524E-05	-2.35767428E-05	-2.14120574E-05	-1.88369942E-05
 3.480000E-01	-3.13030487E-06	-2.95270980E-06	 1.17459425E-06	 4.47105036E-05	-3.26149720E-06	-3.65594575E-06	-4.21113889E-06	 2.89041672E-06	 4.22175107E-06	 6.98358750E-06	 3.20074906E-07	-6.83876088E-08	-3.48894151E-06	 7.45748914E-06	 1.72520206E-05	-1.47158599E-05	-1.55638094E-05	-2.27827305E-05	-2.07542460E-05	-1.82951940E-05
 3.490000E-01	-3.17186751E-06	-3.00447117E-06	 1.02018535E-06	 4.43426909E-05	-2.80856779E-06	-3.53335150E-06	-4.09939339E-06	 2.71758685E-06	 4.02496843E-06	 6.70705553E-06	 3.34899201E-07	-5.68478856E-08	-3.58332376E-06	 5.95377934E-06	 1.65826723E-05	-1.41008474E-05	-1.49747435E-05	-2.20169601E-05	-2.01176479E-05	-1.77694312E-05
 3.500000E-01	-3.21349936E-06	-3.05635079E-06	 8.65405838E-07	 4.39513196E-05	-2.37851386E-06	-3.41295556E-06	-3.98967744E-06	 2.55389334E-06	 3.83702513E-06	 6.44150335E-06	 3.49627484E-07	-4.54170081E-08	-3.67309691E-06	 4.49640259E-06	 1.59335157E-05	-1.35125634E-05	-1.44089556E-05	-2.12783716E-05	-1.95015511E-05	-1.72592256E-05
 3.510000E-01	-3.25521124E-06	-3.10836640E-06	 7.10351922E-07	 4.35369084E-05	-1.97025852E-06	-3.29472843E-06	-3.88198443E-06	 2.39887136E-06	 3.65752241E-06	 6.18648947E-06	 3.64259311E-07	-3.41003128E-08	-3.75832735E-06	 3.08410544E-06	 1.53038917E-05	-1.29498375E-05	-1.38654877E-05	-2.05659452E-05	-1.89052679E-05	-1.67641156E-05
 3.520000E-01	-3.29701380E-06	-3.16053811E-06	 5.55116099E-07	 4.31000537E-05	-1.58277445E-06	-3.17863593E-06	-3.77630522E-06	 2.25207866E-06	 3.48607902E-06	 5.94159177E-06	 3.78794078E-07	-2.29027375E-08	-3.83907636E-06	 1.71578322E-06	 1.46931684E-05	-1.24115502E-05	-1.33434218E-05	-1.98787000E-05	-1.83281348E-05	-1.62836579E-05
 3.530000E-01	-3.33891735E-06	-3.21288802E-06	 3.99785984E-07	 4.26413892E-05	-1.21507653E-06	-3.06463987E-06	-3.67262671E-06	 2.11309571E-06	 3.32233173E-06	 5.70640689E-06	 3.93231038E-07	-1.18287953E-08	-3.91540443E-06	 3.90486763E-07	 1.41007438E-05	-1.18966301E-05	-1.28418770E-05	-1.92156922E-05	-1.77695111E-05	-1.58174258E-05
 3.540000E-01	-3.38093223E-06	-3.26544074E-06	 2.44443279E-07	 4.21615414E-05	-8.66216621E-07	-2.95270004E-06	-3.57093301E-06	 1.98152347E-06	 3.16593351E-06	 5.48054836E-06	 4.07569265E-07	-8.82705168E-10	-3.98737299E-06	-8.92596792E-07	 1.35260452E-05	-1.14040503E-05	-1.23600083E-05	-1.85760129E-05	-1.72287774E-05	-1.53650080E-05
 3.550000E-01	-3.42306893E-06	-3.31822304E-06	 8.91690727E-08	 4.16610706E-05	-5.35299753E-07	-2.84277283E-06	-3.47120783E-06	 1.85698158E-06	 3.01655101E-06	 5.26364468E-06	 4.21807948E-07	 9.93171307E-09	-4.05503398E-06	-2.13419551E-06	 1.29685118E-05	-1.09328319E-05	-1.18970056E-05	-1.79587871E-05	-1.67053346E-05	-1.49260055E-05
 3.560000E-01	-3.46533818E-06	-3.37126251E-06	-6.59504741E-08	 4.11404251E-05	-2.21491820E-07	-2.73481310E-06	-3.37343380E-06	 1.73910915E-06	 2.87386510E-06	 5.05533808E-06	 4.35946532E-07	 2.06107264E-08	-4.11843077E-06	-3.33496013E-06	 1.24275914E-05	-1.04820460E-05	-1.14520953E-05	-1.73631751E-05	-1.61986042E-05	-1.45000271E-05
 3.570000E-01	-3.50775127E-06	-3.42458732E-06	-2.20826658E-07	 4.05999369E-05	 7.59972949E-08	-2.62877869E-06	-3.27759013E-06	 1.62756542E-06	 2.73757256E-06	 4.85528391E-06	 4.49984531E-07	 3.11503698E-08	-4.17761120E-06	-4.49541605E-06	 1.19027562E-05	-1.00508095E-05	-1.10245407E-05	-1.67883730E-05	-1.57080273E-05	-1.40866885E-05
 3.580000E-01	-3.55031970E-06	-3.47822593E-06	-3.75370918E-07	 4.00398317E-05	 3.57920153E-07	-2.52462888E-06	-3.18365192E-06	 1.52203010E-06	 2.60738660E-06	 4.66315134E-06	 4.63921686E-07	 4.15469840E-08	-4.23262825E-06	-5.61593807E-06	 1.13935057E-05	-9.63828307E-06	-1.06136405E-05	-1.62336119E-05	-1.52330652E-05	-1.36856123E-05
 3.590000E-01	-3.59305534E-06	-3.53220747E-06	-5.29493738E-07	 3.94602316E-05	 6.24990142E-07	-2.42232429E-06	-3.09159216E-06	 1.42220066E-06	 2.48303453E-06	 4.47862217E-06	 4.77758059E-07	 5.17973611E-08	-4.28353762E-06	-6.69675415E-06	 1.08993615E-05	-9.24366885E-06	-1.02187267E-05	-1.56981550E-05	-1.47731979E-05	-1.32964287E-05
 3.600000E-01	-3.63597079E-06	-3.58656200E-06	-6.83100302E-07	 3.88611551E-05	 8.77875698E-07	-2.32182745E-06	-3.00138364E-06	 1.32778987E-06	 2.36425551E-06	 4.30138968E-06	 4.91494098E-07	 6.18987510E-08	-4.33039569E-06	-7.73795322E-06	 1.04198628E-05	-8.86620910E-06	-9.83916250E-06	-1.51812966E-05	-1.43279235E-05	-1.29187750E-05
 3.610000E-01	-3.67907935E-06	-3.64132032E-06	-8.36088150E-07	 3.82425367E-05	 1.11720163E-06	-2.22310382E-06	-2.91299990E-06	 1.23852427E-06	 2.25079956E-06	 4.13115812E-06	 5.05130607E-07	 7.18490905E-08	-4.37325861E-06	-8.73946738E-06	 9.95456762E-06	-8.50518497E-06	-9.47434152E-06	-1.46823606E-05	-1.38967581E-05	-1.25522972E-05
 3.620000E-01	-3.72239309E-06	-3.69651096E-06	-9.88355126E-07	 3.76042824E-05	 1.34356972E-06	-2.12611957E-06	-2.82641127E-06	 1.15414842E-06	 2.14243230E-06	 3.96764635E-06	 5.18668789E-07	 8.16485971E-08	-4.41218570E-06	-9.70101616E-06	 9.50307101E-06	-8.15991613E-06	-9.12368982E-06	-1.42007044E-05	-1.34792393E-05	-1.21966534E-05
 3.630000E-01	-3.76592277E-06	-3.75216125E-06	-1.13980553E-06	 3.69463288E-05	 1.55756921E-06	-2.03083984E-06	-2.74158457E-06	 1.07442291E-06	 2.03893345E-06	 3.81058715E-06	 5.32110379E-07	 9.13005560E-08	-4.44724193E-06	-1.06220919E-05	 9.06500058E-06	-7.82975314E-06	-8.78665982E-06	-1.37357115E-05	-1.30749215E-05	-1.18515135E-05
 3.640000E-01	-3.80967959E-06	-3.80830025E-06	-1.29034432E-06	 3.62686617E-05	 1.75976267E-06	-1.93723068E-06	-2.65848846E-06	 9.99117785E-07	 1.94009044E-06	 3.65972317E-06	 5.45457562E-07	 1.00810285E-07	-4.47849497E-06	-1.15020182E-05	 8.64000094E-06	-7.51407435E-06	-8.46272522E-06	-1.32867872E-05	-1.26833740E-05	-1.15165585E-05
 3.650000E-01	-3.85367490E-06	-3.86495781E-06	-1.43987267E-06	 3.55713241E-05	 1.95068064E-06	-1.84525911E-06	-2.57709313E-06	 9.28012620E-07	 1.84569837E-06	 3.51480691E-06	 5.58713071E-07	 1.10185162E-07	-4.50601523E-06	-1.23399928E-05	 8.22773245E-06	-7.21228524E-06	-8.15138018E-06	-1.28533574E-05	-1.23041797E-05	-1.11914797E-05
 3.660000E-01	-3.89791982E-06	-3.92216361E-06	-1.58828858E-06	 3.48544455E-05	 2.13082611E-06	-1.75489338E-06	-2.49736903E-06	 8.60897393E-07	 1.75556105E-06	 3.37560093E-06	 5.71880214E-07	 1.19435028E-07	-4.52987850E-06	-1.31350958E-05	 7.82787464E-06	-6.92381713E-06	-7.85213904E-06	-1.24348684E-05	-1.19369354E-05	-1.08759789E-05
 3.670000E-01	-3.94242551E-06	-3.97994729E-06	-1.73548325E-06	 3.41182797E-05	 2.30066862E-06	-1.66610422E-06	-2.41928805E-06	 7.97571175E-07	 1.66948979E-06	 3.24187706E-06	 5.84962929E-07	 1.28571976E-07	-4.55016507E-06	-1.38862977E-05	 7.44012337E-06	-6.64812627E-06	-7.56453529E-06	-1.20307860E-05	-1.15812506E-05	-1.05697673E-05
 3.680000E-01	-3.98720256E-06	-4.03833730E-06	-1.88134206E-06	 3.33632534E-05	 2.46064525E-06	-1.57886469E-06	-2.34282279E-06	 7.37842635E-07	 1.58730397E-06	 3.11341653E-06	 5.97965887E-07	 1.37610834E-07	-4.56695850E-06	-1.45924424E-05	 7.06418910E-06	-6.38469309E-06	-7.28812136E-06	-1.16405951E-05	-1.12367480E-05	-1.02725657E-05
 3.690000E-01	-4.03226097E-06	-4.09736071E-06	-2.02575647E-06	 3.25900239E-05	 2.61118608E-06	-1.49314956E-06	-2.26794469E-06	 6.81530786E-07	 1.50883232E-06	 2.99001007E-06	 6.10894271E-07	 1.46570132E-07	-4.58034868E-06	-1.52522032E-05	 6.69979966E-06	-6.13301994E-06	-7.02246830E-06	-1.12638001E-05	-1.09030630E-05	-9.98410413E-06
 3.700000E-01	-4.07761016E-06	-4.15704311E-06	-2.16862571E-06	 3.17995117E-05	 2.75272195E-06	-1.40893427E-06	-2.19462425E-06	 6.28464771E-07	 1.43391251E-06	 2.87145747E-06	 6.23753860E-07	 1.55472013E-07	-4.59043143E-06	-1.58640954E-05	 6.34669979E-06	-5.89263059E-06	-6.76716566E-06	-1.08999242E-05	-1.05798435E-05	-9.70412116E-06
 3.710000E-01	-4.12325939E-06	-4.21740909E-06	-2.30984862E-06	 3.09928995E-05	 2.88566670E-06	-1.32619572E-06	-2.12283291E-06	 5.78481953E-07	 1.36238894E-06	 2.75756634E-06	 6.36551239E-07	 1.64340977E-07	-4.59730964E-06	-1.64265443E-05	 6.00464541E-06	-5.66306894E-06	-6.52181941E-06	-1.05485073E-05	-1.02667480E-05	-9.43236245E-06
 3.720000E-01	-4.16921882E-06	-4.27848364E-06	-2.44932469E-06	 3.01716247E-05	 3.01041328E-06	-1.24491291E-06	-2.05254280E-06	 5.31426708E-07	 1.29411161E-06	 2.64815069E-06	 6.49293890E-07	 1.73203681E-07	-4.60109865E-06	-1.69379294E-05	 5.67339809E-06	-5.44389465E-06	-6.28604828E-06	-1.02091016E-05	-9.96344193E-06	-9.16857803E-06
 3.730000E-01	-4.21549828E-06	-4.34028999E-06	-2.58695840E-06	 2.93373881E-05	 3.12734435E-06	-1.16506696E-06	-1.98372653E-06	 4.87151448E-07	 1.22893752E-06	 2.54303210E-06	 6.61990066E-07	 1.82089568E-07	-4.60192209E-06	-1.73966078E-05	 5.35273146E-06	-5.23468595E-06	-6.05948658E-06	-9.88127537E-06	-9.66960155E-06	-8.91252508E-06
 3.740000E-01	-4.26210630E-06	-4.40284789E-06	-2.72266808E-06	 2.84921711E-05	 3.23685167E-06	-1.08663932E-06	-1.91635584E-06	 4.45517718E-07	 1.16673195E-06	 2.44204051E-06	 6.74648749E-07	 1.91031873E-07	-4.59990976E-06	-1.78009359E-05	 5.04243417E-06	-5.03503976E-06	-5.84178484E-06	-9.56461427E-06	-9.38491441E-06	-8.66396873E-06
 3.750000E-01	-4.30905085E-06	-4.46617466E-06	-2.85637772E-06	 2.76382269E-05	 3.33932867E-06	-1.00961321E-06	-1.85040347E-06	 4.06394220E-07	 1.10736652E-06	 2.34501289E-06	 6.87279646E-07	 2.00065920E-07	-4.59520310E-06	-1.81493595E-05	 4.74231223E-06	-4.84457047E-06	-5.63260847E-06	-9.25871987E-06	-9.10907875E-06	-8.42268147E-06
 3.760000E-01	-4.35634057E-06	-4.53028655E-06	-2.98799775E-06	 2.67780624E-05	 3.43512850E-06	-9.33979281E-07	-1.78584728E-06	 3.69653299E-07	 1.05071550E-06	 2.25179115E-06	 6.99893205E-07	 2.09225876E-07	-4.58796226E-06	-1.84405342E-05	 4.45219023E-06	-4.66290831E-06	-5.43163573E-06	-8.96320787E-06	-8.84180235E-06	-8.18844207E-06
 3.770000E-01	-4.40398380E-06	-4.59519630E-06	-3.11743533E-06	 2.59144625E-05	 3.52457234E-06	-8.59734886E-07	-1.72266807E-06	 3.35172601E-07	 9.96657924E-07	 2.16222293E-06	 7.12500499E-07	 2.18546283E-07	-4.57836044E-06	-1.86733308E-05	 4.17190881E-06	-4.48969776E-06	-5.23855745E-06	-8.67770835E-06	-8.58280281E-06	-7.96103544E-06
 3.780000E-01	-4.45198732E-06	-4.66091095E-06	-3.24460933E-06	 2.50505376E-05	 3.60798261E-06	-7.86879995E-07	-1.66084637E-06	 3.02837392E-07	 9.45080099E-07	 2.07616297E-06	 7.25113165E-07	 2.28064339E-07	-4.56657432E-06	-1.88467903E-05	 3.90132039E-06	-4.32459661E-06	-5.05307744E-06	-8.40186639E-06	-8.33180805E-06	-7.74025291E-06
 3.790000E-01	-4.50035676E-06	-4.72743254E-06	-3.36944918E-06	 2.41897460E-05	 3.68568386E-06	-7.15417140E-07	-1.60036348E-06	 2.72539301E-07	 8.95874395E-07	 1.99347225E-06	 7.37743340E-07	 2.37818732E-07	-4.55278445E-06	-1.89601412E-05	 3.64028806E-06	-4.16727480E-06	-4.87491163E-06	-8.13534129E-06	-8.08855588E-06	-7.52589195E-06
 3.800000E-01	-4.54909674E-06	-4.79475827E-06	-3.49189440E-06	 2.33358844E-05	 3.75800078E-06	-6.45351602E-07	-1.54120225E-06	 2.44175380E-07	 8.48938363E-07	 1.91401753E-06	 7.50403530E-07	 2.47848481E-07	-4.53717711E-06	-1.90128531E-05	 3.38868556E-06	-4.01741294E-06	-4.70378699E-06	-7.87780574E-06	-7.85279355E-06	-7.31775604E-06
 3.810000E-01	-4.59821102E-06	-4.86288063E-06	-3.61189982E-06	 2.24930671E-05	 3.82525846E-06	-5.76691615E-07	-1.48334752E-06	 2.17647226E-07	 8.04174066E-07	 1.83767077E-06	 7.63106299E-07	 2.58192064E-07	-4.51994515E-06	-1.90046989E-05	 3.14639798E-06	-3.87470108E-06	-4.53944090E-06	-7.62894566E-06	-7.62427778E-06	-7.11565487E-06
 3.820000E-01	-4.64770144E-06	-4.93178568E-06	-3.72943651E-06	 2.16656865E-05	 3.88777929E-06	-5.09448372E-07	-1.42678675E-06	 1.92860718E-07	 7.61487912E-07	 1.76430942E-06	 7.75864092E-07	 2.68886434E-07	-4.50128559E-06	-1.89358354E-05	 2.91332489E-06	-3.73883853E-06	-4.38162145E-06	-7.38846112E-06	-7.40277574E-06	-6.91940542E-06
 3.830000E-01	-4.69756693E-06	-5.00145190E-06	-3.84448315E-06	 2.08583300E-05	 3.94589222E-06	-4.43632807E-07	-1.37150835E-06	 1.69727211E-07	 7.20791585E-07	 1.69381715E-06	 7.88689684E-07	 2.79966969E-07	-4.48139707E-06	-1.88068760E-05	 2.68937360E-06	-3.60953205E-06	-4.23008615E-06	-7.15606431E-06	-7.18806333E-06	-6.72883099E-06
 3.840000E-01	-4.74780603E-06	-5.07185503E-06	-3.95702753E-06	 2.00756853E-05	 3.99993982E-06	-3.79255527E-07	-1.31750213E-06	 1.48161332E-07	 6.82000099E-07	 1.62608195E-06	 8.01595555E-07	 2.91466030E-07	-4.46048703E-06	-1.86189294E-05	 2.47444878E-06	-3.48649394E-06	-4.08459998E-06	-6.93147793E-06	-6.97992400E-06	-6.54376076E-06
 3.850000E-01	-4.79841595E-06	-5.14296692E-06	-4.06707309E-06	 1.93224674E-05	 4.05027464E-06	-3.16325284E-07	-1.26475862E-06	 1.28081386E-07	 6.45032182E-07	 1.56099646E-06	 8.14593817E-07	 3.03412686E-07	-4.43876917E-06	-1.83736300E-05	 2.26845136E-06	-3.36944146E-06	-3.94493500E-06	-6.71443488E-06	-6.77814864E-06	-6.36402963E-06
 3.860000E-01	-4.84939268E-06	-5.21475607E-06	-4.17463933E-06	 1.86033340E-05	 4.09725467E-06	-2.54848511E-07	-1.21326918E-06	 1.09408957E-07	 6.09809887E-07	 1.49845772E-06	 8.27696065E-07	 3.15831532E-07	-4.41646453E-06	-1.80731709E-05	 2.07127908E-06	-3.25809618E-06	-3.81086971E-06	-6.50467773E-06	-6.58253524E-06	-6.18947800E-06
 3.870000E-01	-4.90073171E-06	-5.28718946E-06	-4.27975309E-06	 1.79227901E-05	 4.14122946E-06	-1.94830900E-07	-1.16302690E-06	 9.20677939E-08	 5.76257472E-07	 1.43836645E-06	 8.40913231E-07	 3.28740637E-07	-4.39380665E-06	-1.77203284E-05	 1.88282755E-06	-3.15218294E-06	-3.68218817E-06	-6.30195799E-06	-6.39288852E-06	-6.01995144E-06
 3.880000E-01	-4.95242790E-06	-5.36023280E-06	-4.38244442E-06	 1.72851062E-05	 4.18255105E-06	-1.36274985E-07	-1.11402516E-06	 7.59844368E-08	 5.44302032E-07	 1.38062725E-06	 8.54255581E-07	 3.42152840E-07	-4.37103087E-06	-1.73184114E-05	 1.70297781E-06	-3.05143058E-06	-3.55868006E-06	-6.10603608E-06	-6.20901999E-06	-5.85530065E-06
 3.890000E-01	-5.00447334E-06	-5.43384681E-06	-4.48276854E-06	 1.66942930E-05	 4.22160246E-06	-7.91730357E-08	-1.06625407E-06	 6.10905110E-08	 5.13875801E-07	 1.32514977E-06	 8.67732638E-07	 3.56079876E-07	-4.34834842E-06	-1.68711322E-05	 1.53158203E-06	-2.95557444E-06	-3.44014139E-06	-5.91668194E-06	-6.03074848E-06	-5.69538150E-06
 3.900000E-01	-5.05685820E-06	-5.50798917E-06	-4.58081639E-06	 1.61540598E-05	 4.25877947E-06	-2.35086150E-08	-1.01970175E-06	 4.73211720E-08	 4.84914585E-07	 1.27184770E-06	 8.81352843E-07	 3.70529795E-07	-4.32595294E-06	-1.63825676E-05	 1.36847729E-06	-2.86435549E-06	-3.32637377E-06	-5.73367408E-06	-5.85789961E-06	-5.54005434E-06
 3.910000E-01	-5.10957267E-06	-5.58261900E-06	-4.67670070E-06	 1.56677019E-05	 4.29446657E-06	 3.07391305E-08	-9.74356771E-07	 3.46130428E-08	 4.57355617E-07	 1.22063749E-06	 8.95123421E-07	 3.85502773E-07	-4.30404021E-06	-1.58572011E-05	 1.21349937E-06	-2.77751845E-06	-3.21718325E-06	-5.55679856E-06	-5.69030508E-06	-5.38918354E-06
 3.920000E-01	-5.16260664E-06	-5.65769676E-06	-4.77055122E-06	 1.52379961E-05	 4.32904189E-06	 8.35969417E-08	-9.30207077E-07	 2.29047198E-08	 4.31138019E-07	 1.17143855E-06	 9.09050378E-07	 4.00992057E-07	-4.28280252E-06	-1.52999022E-05	 1.06647599E-06	-2.69481287E-06	-3.11238051E-06	-5.38584895E-06	-5.52780274E-06	-5.24263762E-06
 3.930000E-01	-5.21594943E-06	-5.73318427E-06	-4.86251690E-06	 1.48671391E-05	 4.36288130E-06	 1.35099448E-07	-8.87238788E-07	 1.21372992E-08	 4.06203246E-07	 1.12417344E-06	 9.23138554E-07	 4.16985717E-07	-4.26241845E-06	-1.47158430E-05	 9.27219183E-07	-2.61599456E-06	-3.01178097E-06	-5.22062588E-06	-5.37023614E-06	-5.10028907E-06
 3.940000E-01	-5.26958926E-06	-5.80904415E-06	-4.95276920E-06	 1.45567132E-05	 4.39635415E-06	 1.85289811E-07	-8.45435680E-07	 2.25462736E-09	 3.82495236E-07	 1.07876797E-06	 9.37391725E-07	 4.33467529E-07	-4.24304566E-06	-1.41104038E-05	 7.95525850E-07	-2.54082658E-06	-2.91520486E-06	-5.06093668E-06	-5.21745427E-06	-4.96201420E-06
 3.950000E-01	-5.32351440E-06	-5.88524256E-06	-5.04150437E-06	 1.43076408E-05	 4.42981498E-06	 2.34218435E-07	-8.04779705E-07	-6.79755903E-09	 3.59959524E-07	 1.03515054E-06	 9.51812358E-07	 4.50416403E-07	-4.22482410E-06	-1.34890832E-05	 6.71179294E-07	-2.46907969E-06	-2.82247694E-06	-4.90659471E-06	-5.06931100E-06	-4.82769298E-06
 3.960000E-01	-5.37771504E-06	-5.96175344E-06	-5.12893363E-06	 1.41201266E-05	 4.46360594E-06	 2.81942543E-07	-7.65251059E-07	-1.50722319E-08	 3.38542552E-07	 9.93251506E-07	 9.66401483E-07	 4.67806357E-07	-4.20788475E-06	-1.28574080E-05	 5.53942796E-07	-2.40053343E-06	-2.73342648E-06	-4.75741882E-06	-4.92566459E-06	-4.69720919E-06
 3.970000E-01	-5.43218052E-06	-6.03855412E-06	-5.21527366E-06	 1.39936653E-05	 4.49806276E-06	 3.28528505E-07	-7.26826697E-07	-2.26194162E-08	 3.18193127E-07	 9.53004341E-07	 9.81159350E-07	 4.85609410E-07	-4.19233800E-06	-1.22208283E-05	 4.43556265E-07	-2.33497830E-06	-2.64788822E-06	-4.61323365E-06	-4.78637781E-06	-4.57045050E-06
 3.980000E-01	-5.48690009E-06	-6.11562653E-06	-5.30074962E-06	 1.39270877E-05	 4.53350455E-06	 3.74050238E-07	-6.89480720E-07	-2.94867462E-08	 2.98861853E-07	 9.14345109E-07	 9.96085288E-07	 5.03796270E-07	-4.17827047E-06	-1.15846023E-05	 3.39739334E-07	-2.27221643E-06	-2.56570235E-06	-4.47386921E-06	-4.65131759E-06	-4.44730838E-06
 3.990000E-01	-5.54186302E-06	-6.19295731E-06	-5.38559546E-06	 1.39186107E-05	 4.57023234E-06	 4.18588418E-07	-6.53184379E-07	-3.57194700E-08	 2.80501071E-07	 8.77212304E-07	 1.01117778E-06	 5.22337397E-07	-4.16574205E-06	-1.09536934E-05	 2.42192811E-07	-2.21206225E-06	-2.48671464E-06	-4.33916067E-06	-4.52035482E-06	-4.32767787E-06
 4.000000E-01	-5.59705849E-06	-6.27053746E-06	-5.47005584E-06	 1.39658869E-05	 4.60853754E-06	 4.62231542E-07	-6.17905425E-07	-4.13600729E-08	 2.63065149E-07	 8.41546871E-07	 1.02643447E-06	 5.41204350E-07	-4.15478344E-06	-1.03326794E-05	 1.50596809E-07	-2.15434385E-06	-2.41077690E-06	-4.20894827E-06	-4.39336425E-06	-4.21145748E-06
 4.010000E-01	-5.65247734E-06	-6.34836598E-06	-5.55437516E-06	 1.40660474E-05	 4.64869165E-06	 5.05072622E-07	-5.83609230E-07	-4.64489882E-08	 2.46509715E-07	 8.07291584E-07	 1.04185228E-06	 5.60367775E-07	-4.14541847E-06	-9.72573334E-06	 6.46220789E-08	-2.09890191E-06	-2.33774653E-06	-4.08307652E-06	-4.27022379E-06	-4.09854860E-06
 4.020000E-01	-5.70811227E-06	-6.42644951E-06	-5.63878803E-06	 1.42157906E-05	 4.69091796E-06	 5.47203490E-07	-5.50260225E-07	-5.10248293E-08	 2.30791428E-07	 7.74390965E-07	 1.05742816E-06	 5.79796763E-07	-4.13767198E-06	-9.13663618E-06	-1.60509367E-08	-2.04558628E-06	-2.26748535E-06	-3.96139292E-06	-4.15081338E-06	-3.98885424E-06
 4.030000E-01	-5.76395762E-06	-6.50479976E-06	-5.72352616E-06	 1.44114971E-05	 4.73539551E-06	 5.88714602E-07	-5.17821676E-07	-5.51243361E-08	 2.15868155E-07	 7.42791143E-07	 1.07315856E-06	 5.99461701E-07	-4.13154665E-06	-8.56870574E-06	-9.17401285E-08	-1.99425803E-06	-2.19986057E-06	-3.84374911E-06	-4.03501615E-06	-3.88227988E-06
 4.040000E-01	-5.82000792E-06	-6.58343011E-06	-5.80881650E-06	 1.46493416E-05	 4.78227979E-06	 6.29697683E-07	-4.86254573E-07	-5.87814568E-08	 2.01699844E-07	 7.12440347E-07	 1.08903961E-06	 6.19336868E-07	-4.12701051E-06	-8.02471415E-06	-1.62770268E-07	-1.94479148E-06	-2.13474581E-06	-3.73000163E-06	-3.92271897E-06	-3.77873381E-06
 4.050000E-01	-5.87625833E-06	-6.66235609E-06	-5.89487557E-06	 1.49253882E-05	 4.83170109E-06	 6.70243891E-07	-4.55518423E-07	-6.20276689E-08	 1.88248217E-07	 6.83288704E-07	 1.10506720E-06	 6.39399274E-07	-4.12400874E-06	-7.50687206E-06	-2.29464206E-07	-1.89707327E-06	-2.07202100E-06	-3.62001171E-06	-3.81381223E-06	-3.67812701E-06
 4.060000E-01	-5.93270515E-06	-6.74159613E-06	-5.98190709E-06	 1.52356720E-05	 4.88375917E-06	 7.10441583E-07	-4.25572086E-07	-6.48923777E-08	 1.75476441E-07	 6.55287992E-07	 1.12123705E-06	 6.59627923E-07	-4.12247246E-06	-7.01684898E-06	-2.92135717E-07	-1.85100101E-06	-2.01157208E-06	-3.51364504E-06	-3.70818961E-06	-3.58037302E-06
 4.070000E-01	-5.98934655E-06	-6.82117162E-06	-6.07010783E-06	 1.55762858E-05	 4.93851736E-06	 7.50374432E-07	-3.96374403E-07	-6.74033138E-08	 1.63348804E-07	 6.28391311E-07	 1.13754446E-06	 6.80004032E-07	-4.12231838E-06	-6.55579769E-06	-3.51084447E-07	-1.80648205E-06	-1.95329069E-06	-3.41077160E-06	-3.60574789E-06	-3.48538781E-06
 4.080000E-01	-6.04617811E-06	-6.90109898E-06	-6.15966097E-06	 1.59434616E-05	 4.99602562E-06	 7.90124984E-07	-3.67882974E-07	-6.95850465E-08	 1.51832154E-07	 6.02554302E-07	 1.15398524E-06	 7.00513832E-07	-4.12343498E-06	-6.12439260E-06	-4.06600033E-07	-1.76343395E-06	-1.89707480E-06	-3.31126609E-06	-3.50638716E-06	-3.39309001E-06
 4.090000E-01	-6.10319602E-06	-6.98139638E-06	-6.25073235E-06	 1.63335793E-05	 5.05632510E-06	 8.29773699E-07	-3.40054955E-07	-7.14599976E-08	 1.40894947E-07	 5.77734280E-07	 1.17055532E-06	 7.21146622E-07	-4.12570397E-06	-5.72288156E-06	-4.58966286E-07	-1.72178433E-06	-1.84282841E-06	-3.21500758E-06	-3.41001043E-06	-3.30340083E-06
 4.100000E-01	-6.16039793E-06	-7.06208507E-06	-6.34347126E-06	 1.67431913E-05	 5.11943862E-06	 8.69396648E-07	-3.12847959E-07	-7.30490076E-08	 1.30506799E-07	 5.53889898E-07	 1.18725055E-06	 7.41893461E-07	-4.12901100E-06	-5.35116330E-06	-5.08453677E-07	-1.68146917E-06	-1.79046107E-06	-3.12187925E-06	-3.31652337E-06	-3.21624390E-06
 4.110000E-01	-6.21778145E-06	-7.14318591E-06	-6.43800845E-06	 1.71690676E-05	 5.18537126E-06	 9.09065223E-07	-2.86220282E-07	-7.43712343E-08	 1.20638681E-07	 5.30981355E-07	 1.20406677E-06	 7.62747261E-07	-4.13324270E-06	-5.00886759E-06	-5.55315595E-07	-1.64243197E-06	-1.73988785E-06	-3.03176870E-06	-3.22583461E-06	-3.13154543E-06
 4.120000E-01	-6.27534324E-06	-7.22471758E-06	-6.53444593E-06	 1.76082328E-05	 5.25410995E-06	 9.48844617E-07	-2.60131775E-07	-7.54445211E-08	 1.11262735E-07	 5.08970386E-07	 1.22099959E-06	 7.83701499E-07	-4.13828803E-06	-4.69543335E-06	-5.99787186E-07	-1.60462294E-06	-1.69102954E-06	-2.94456871E-06	-3.13785649E-06	-3.04923490E-06
 4.130000E-01	-6.33307928E-06	-7.30669706E-06	-6.63285263E-06	 1.80579803E-05	 5.32563326E-06	 9.88795371E-07	-2.34543128E-07	-7.62849874E-08	 1.02352655E-07	 4.87820358E-07	 1.23804509E-06	 8.04752709E-07	-4.14403001E-06	-4.41010452E-06	-6.42097499E-07	-1.56799873E-06	-1.64381191E-06	-2.86017619E-06	-3.05250420E-06	-2.96924410E-06
 4.140000E-01	-6.39098563E-06	-7.38913974E-06	-6.73328231E-06	 1.85158953E-05	 5.39992308E-06	 1.02897708E-06	-2.09414584E-07	-7.69067833E-08	 9.38838478E-08	 4.67496047E-07	 1.25519937E-06	 8.25902779E-07	-4.15033023E-06	-4.15184820E-06	-6.82479518E-07	-1.53252410E-06	-1.59816574E-06	-2.77849194E-06	-2.96969546E-06	-2.89150681E-06
 4.150000E-01	-6.44905758E-06	-7.47205712E-06	-6.83578621E-06	 1.89798934E-05	 5.47695659E-06	 1.06944683E-06	-1.84706665E-07	-7.73223301E-08	 8.58332756E-08	 4.47963647E-07	 1.27245847E-06	 8.47156465E-07	-4.15703665E-06	-3.91937193E-06	-7.21150098E-07	-1.49816911E-06	-1.55402624E-06	-2.69942044E-06	-2.88935059E-06	-2.81595858E-06
 4.160000E-01	-6.50729050E-06	-7.55545915E-06	-6.94040701E-06	 1.94482065E-05	 5.55669818E-06	 1.11025556E-06	-1.60381657E-07	-7.75429814E-08	 7.81789863E-08	 4.29190574E-07	 1.28981862E-06	 8.68518027E-07	-4.16400701E-06	-3.71123708E-06	-7.58297288E-07	-1.46490546E-06	-1.51133212E-06	-2.62286957E-06	-2.81139230E-06	-2.74253664E-06
 4.170000E-01	-6.56568019E-06	-7.63935512E-06	-7.04717616E-06	 1.99193505E-05	 5.63910500E-06	 1.15144886E-06	-1.36403446E-07	-7.75790698E-08	 7.09001112E-08	 4.11145400E-07	 1.30727621E-06	 8.89991941E-07	-4.17110755E-06	-3.52592995E-06	-7.94088885E-07	-1.43270642E-06	-1.47002535E-06	-2.54875049E-06	-2.73574566E-06	-2.67117978E-06
 4.180000E-01	-6.62422187E-06	-7.72375125E-06	-7.15611875E-06	 2.03921155E-05	 5.72413639E-06	 1.19306967E-06	-1.12736681E-07	-7.74395697E-08	 6.39771630E-08	 3.93798009E-07	 1.32482786E-06	 9.11584535E-07	-4.17820094E-06	-3.36188052E-06	-8.28679730E-07	-1.40154783E-06	-1.43005128E-06	-2.47697775E-06	-2.66233816E-06	-2.60182848E-06
 4.190000E-01	-6.68290924E-06	-7.80864901E-06	-7.26726322E-06	 2.08655515E-05	 5.81175167E-06	 1.23515836E-06	-8.93469348E-08	-7.71321743E-08	 5.73919967E-08	 3.77119655E-07	 1.34247036E-06	 9.33302831E-07	-4.18514623E-06	-3.21750298E-06	-8.62205649E-07	-1.37140715E-06	-1.39135842E-06	-2.40746919E-06	-2.59109961E-06	-2.53442479E-06
 4.200000E-01	-6.74173843E-06	-7.89405353E-06	-7.38064185E-06	 2.13388846E-05	 5.90189649E-06	 1.27774876E-06	-6.62021630E-08	-7.66643768E-08	 5.11268836E-08	 3.61082283E-07	 1.36020019E-06	 9.55150957E-07	-4.19182487E-06	-3.09127332E-06	-8.94780403E-07	-1.34226148E-06	-1.35389765E-06	-2.34014550E-06	-2.52196177E-06	-2.46891224E-06
 4.210000E-01	-6.80070698E-06	-7.97997289E-06	-7.49627588E-06	 2.18114500E-05	 5.99451546E-06	 1.32087036E-06	-4.32720304E-08	-7.60430815E-08	 4.51649174E-08	 3.45658820E-07	 1.37801410E-06	 9.77132405E-07	-4.19813738E-06	-2.98176693E-06	-9.26508391E-07	-1.31408840E-06	-1.31762223E-06	-2.27493013E-06	-2.45485824E-06	-2.40523578E-06
 4.220000E-01	-6.85981241E-06	-8.06641499E-06	-7.61417856E-06	 2.22826865E-05	 6.08955912E-06	 1.36455138E-06	-2.05268191E-08	-7.52740877E-08	 3.94904369E-08	 3.30823439E-07	 1.39590948E-06	 9.99252935E-07	-4.20398596E-06	-2.88762667E-06	-9.57490802E-07	-1.28686709E-06	-1.28248783E-06	-2.21174899E-06	-2.38972409E-06	-2.34334147E-06
 4.230000E-01	-6.91905210E-06	-8.15338700E-06	-7.73435986E-06	 2.27521375E-05	 6.18698093E-06	 1.40881845E-06	 2.06225349E-09	-7.43624086E-08	 3.40887628E-08	 3.16551409E-07	 1.41388389E-06	 1.02151924E-06	-4.20927471E-06	-2.80754971E-06	-9.87821998E-07	-1.26057807E-06	-1.24845256E-06	-2.15053084E-06	-2.32649632E-06	-2.28317691E-06
 4.240000E-01	-6.97842337E-06	-8.24089584E-06	-7.85682802E-06	 2.32194351E-05	 6.28674024E-06	 1.45369708E-06	 2.45230223E-08	-7.33124138E-08	 2.89460854E-08	 3.02819023E-07	 1.43193485E-06	 1.04393807E-06	-4.21391380E-06	-2.74029523E-06	-1.01758966E-06	-1.23520307E-06	-1.21547693E-06	-2.09120730E-06	-2.26511394E-06	-2.22469125E-06
 4.250000E-01	-7.03792548E-06	-8.32895272E-06	-7.98158377E-06	 2.36842723E-05	 6.38880183E-06	 1.49921089E-06	 4.68821241E-08	-7.21282016E-08	 2.40491449E-08	 2.89603303E-07	 1.45005969E-06	 1.06651513E-06	-4.21783443E-06	-2.68471075E-06	-1.04687606E-06	-1.21072476E-06	-1.18352350E-06	-2.03371261E-06	-2.20551782E-06	-2.16783515E-06
 4.260000E-01	-7.09755485E-06	-8.41756358E-06	-8.10860761E-06	 2.41464521E-05	 6.49313746E-06	 1.54538217E-06	 6.91651403E-08	-7.08130986E-08	 1.93858013E-08	 2.76882612E-07	 1.46825652E-06	 1.08925640E-06	-4.22097512E-06	-2.63977750E-06	-1.07575101E-06	-1.18712530E-06	-1.15255672E-06	-1.97798375E-06	-2.14765093E-06	-2.11256079E-06
 4.270000E-01	-7.15730763E-06	-8.50673265E-06	-8.23788010E-06	 2.46058926E-05	 6.59971082E-06	 1.59223025E-06	 9.13962666E-08	-6.93701046E-08	 1.49445340E-08	 2.64636159E-07	 1.48652350E-06	 1.11216715E-06	-4.22327516E-06	-2.60458567E-06	-1.10427262E-06	-1.16438619E-06	-1.12254244E-06	-1.92396010E-06	-2.09145820E-06	-2.05882175E-06
 4.280000E-01	-7.21718084E-06	-8.59646456E-06	-8.36938895E-06	 2.50625918E-05	 6.70848355E-06	 1.63977277E-06	 1.13598753E-07	-6.78018832E-08	 1.07143837E-08	 2.52843855E-07	 1.50485853E-06	 1.13525208E-06	-4.22467389E-06	-2.57829200E-06	-1.13249412E-06	-1.14248917E-06	-1.09344802E-06	-1.87158335E-06	-2.03688640E-06	-2.00657291E-06
 4.290000E-01	-7.27717138E-06	-8.68676302E-06	-8.50312279E-06	 2.55166072E-05	 6.81942123E-06	 1.68802658E-06	 1.35795135E-07	-6.61106376E-08	 6.68508712E-09	 2.41486454E-07	 1.52325954E-06	 1.15851531E-06	-4.22511355E-06	-2.56010959E-06	-1.16046355E-06	-1.12141620E-06	-1.06524230E-06	-1.82079746E-06	-1.98388424E-06	-1.95577049E-06
 4.300000E-01	-7.33727671E-06	-8.77763219E-06	-8.63907021E-06	 2.59680456E-05	 6.93248525E-06	 1.73700634E-06	 1.58006834E-07	-6.42983339E-08	 2.84689408E-09	 2.30545427E-07	 1.54172440E-06	 1.18195967E-06	-4.22454439E-06	-2.54931080E-06	-1.18822043E-06	-1.10114879E-06	-1.03789532E-06	-1.77154851E-06	-1.93240213E-06	-1.90637196E-06
 4.310000E-01	-7.39749501E-06	-8.86907597E-06	-8.77722871E-06	 2.64170757E-05	 7.04762552E-06	 1.78672407E-06	 1.80254122E-07	-6.23667296E-08	-8.09519509E-10	 2.20002871E-07	 1.56025066E-06	 1.20558698E-06	-4.22291745E-06	-2.54521309E-06	-1.21579423E-06	-1.08166773E-06	-1.01137819E-06	-1.72378457E-06	-1.88239222E-06	-1.85833602E-06
 4.320000E-01	-7.45782096E-06	-8.96109088E-06	-8.91759725E-06	 2.68639388E-05	 7.16480885E-06	 1.83719430E-06	 2.02557401E-07	-6.03167591E-08	-4.29249332E-09	 2.09841999E-07	 1.57883629E-06	 1.22940079E-06	-4.22016869E-06	-2.54716678E-06	-1.24321267E-06	-1.06295433E-06	-9.85663448E-07	-1.67745595E-06	-1.83380842E-06	-1.81162276E-06
 4.330000E-01	-7.51824967E-06	-9.05367576E-06	-9.06017374E-06	 2.73088850E-05	 7.28401939E-06	 1.88843310E-06	 2.24936757E-07	-5.81491250E-08	-7.60988708E-09	 2.00046692E-07	 1.59747924E-06	 1.25340451E-06	-4.21624164E-06	-2.55456404E-06	-1.27050641E-06	-1.04499117E-06	-9.60724995E-07	-1.63251488E-06	-1.78660614E-06	-1.76619345E-06
 4.340000E-01	-7.57877716E-06	-9.14683245E-06	-9.20495563E-06	 2.77521463E-05	 7.40524447E-06	 1.94045582E-06	 2.47411373E-07	-5.58645317E-08	-1.07692663E-08	 1.90601397E-07	 1.61617736E-06	 1.27760038E-06	-4.21109387E-06	-2.56686904E-06	-1.29770263E-06	-1.02776105E-06	-9.36537819E-07	-1.58891539E-06	-1.74074221E-06	-1.72201055E-06
 4.350000E-01	-7.63939947E-06	-9.24056354E-06	-9.35193948E-06	 2.81939388E-05	 7.52847231E-06	 1.99327716E-06	 2.69999626E-07	-5.34636048E-08	-1.37778440E-08	 1.81491174E-07	 1.63492847E-06	 1.30199009E-06	-4.20469049E-06	-2.58363175E-06	-1.32482476E-06	-1.01124681E-06	-9.13077866E-07	-1.54661323E-06	-1.69617478E-06	-1.67903765E-06
 4.360000E-01	-7.70011156E-06	-9.33487057E-06	-9.50111442E-06	 2.86344632E-05	 7.65369960E-06	 2.04691219E-06	 2.92719363E-07	-5.09467957E-08	-1.66423762E-08	 1.72701786E-07	 1.65373067E-06	 1.32657583E-06	-4.19699800E-06	-2.60448808E-06	-1.35189633E-06	-9.95431495E-07	-8.90322014E-07	-1.50556579E-06	-1.65286341E-06	-1.63723948E-06
 4.370000E-01	-7.76090747E-06	-9.42975535E-06	-9.65245880E-06	 2.90738790E-05	 7.78094006E-06	 2.10137799E-06	 3.15588403E-07	-4.83143375E-08	-1.93691371E-08	 1.64219674E-07	 1.67258245E-06	 1.35136096E-06	-4.18798237E-06	-2.62912683E-06	-1.37894889E-06	-9.80299735E-07	-8.68248251E-07	-1.46573213E-06	-1.61076898E-06	-1.59658186E-06
 4.380000E-01	-7.82178605E-06	-9.52522903E-06	-9.80596366E-06	 2.95122840E-05	 7.91019373E-06	 2.15668964E-06	 3.38623820E-07	-4.55666678E-08	-2.19644801E-08	 1.56031373E-07	 1.69148134E-06	 1.37634707E-06	-4.17762264E-06	-2.65723638E-06	-1.40601580E-06	-9.65837709E-07	-8.46835531E-07	-1.42707261E-06	-1.56985352E-06	-1.55703153E-06
 4.390000E-01	-7.88274350E-06	-9.62129639E-06	-9.96162168E-06	 2.99498012E-05	 8.04145548E-06	 2.21286202E-06	 3.61842431E-07	-4.27037589E-08	-2.44342006E-08	 1.48124145E-07	 1.71042503E-06	 1.40153566E-06	-4.16589184E-06	-2.68851820E-06	-1.43311962E-06	-9.52030857E-07	-8.26063512E-07	-1.38954912E-06	-1.53008046E-06	-1.51855630E-06
 4.400000E-01	-7.94377544E-06	-9.71796064E-06	-1.01194246E-05	 3.03865914E-05	 8.17471984E-06	 2.26990964E-06	 3.85260696E-07	-3.97253438E-08	-2.67837160E-08	 1.40485798E-07	 1.72941133E-06	 1.42692769E-06	-4.15276442E-06	-2.72269775E-06	-1.46027702E-06	-9.38864108E-07	-8.05912468E-07	-1.35312493E-06	-1.49141448E-06	-1.48112491E-06
 4.410000E-01	-8.00487726E-06	-9.81522444E-06	-1.02793623E-05	 3.08228541E-05	 8.30998155E-06	 2.32784672E-06	 4.08894758E-07	-3.66309766E-08	-2.90181290E-08	 1.33104619E-07	 1.74843796E-06	 1.45252345E-06	-4.13821738E-06	-2.75952882E-06	-1.48750120E-06	-9.26322344E-07	-7.86363347E-07	-1.31776468E-06	-1.45382158E-06	-1.44470713E-06
 4.420000E-01	-8.06604331E-06	-9.91308748E-06	-1.04414270E-05	 3.12588460E-05	 8.44723093E-06	 2.38668704E-06	 4.32760370E-07	-3.34200017E-08	-3.11422559E-08	 1.25969360E-07	 1.76750229E-06	 1.47832215E-06	-4.12222415E-06	-2.79879038E-06	-1.51480060E-06	-9.14390463E-07	-7.67397848E-07	-1.28343453E-06	-1.41726914E-06	-1.40927383E-06
 4.430000E-01	-8.12726693E-06	-1.00115464E-05	-1.06056213E-05	 3.16948759E-05	 8.58645696E-06	 2.44644492E-06	 4.56873176E-07	-3.00914153E-08	-3.31605707E-08	 1.19069247E-07	 1.78660145E-06	 1.50432271E-06	-4.10474908E-06	-2.84026847E-06	-1.54218050E-06	-9.03053501E-07	-7.48998322E-07	-1.25010194E-06	-1.38172570E-06	-1.37479682E-06
 4.440000E-01	-8.18854098E-06	-1.01105982E-05	-1.07719486E-05	 3.21312598E-05	 8.72766374E-06	 2.50713676E-06	 4.81249023E-07	-2.66440025E-08	-3.50772201E-08	 1.12393973E-07	 1.80573261E-06	 1.53052459E-06	-4.08575537E-06	-2.88375634E-06	-1.56965063E-06	-8.92297478E-07	-7.31147863E-07	-1.21773556E-06	-1.34716084E-06	-1.34124876E-06
 4.450000E-01	-8.24985867E-06	-1.02102425E-05	-1.09404082E-05	 3.25682857E-05	 8.87086688E-06	 2.56877997E-06	 5.05903626E-07	-2.30765568E-08	-3.68961513E-08	 1.05933606E-07	 1.82489300E-06	 1.55692732E-06	-4.06521382E-06	-2.92907199E-06	-1.59722443E-06	-8.82109338E-07	-7.13830254E-07	-1.18630510E-06	-1.31354502E-06	-1.30860310E-06
 4.460000E-01	-8.31121327E-06	-1.03104800E-05	-1.11109993E-05	 3.30062101E-05	 9.01608415E-06	 2.63139217E-06	 5.30852380E-07	-1.93878476E-08	-3.86211339E-08	 9.96785781E-08	 1.84407977E-06	 1.58353026E-06	-4.04309889E-06	-2.97606587E-06	-1.62491556E-06	-8.72476520E-07	-6.97029845E-07	-1.15578134E-06	-1.28084960E-06	-1.27683407E-06
 4.470000E-01	-8.37259843E-06	-1.04113132E-05	-1.12837233E-05	 3.34452468E-05	 9.16333674E-06	 2.69499166E-06	 5.56110544E-07	-1.55765958E-08	-4.02557700E-08	 9.36196510E-08	 1.86328984E-06	 1.61033247E-06	-4.01938882E-06	-3.02461363E-06	-1.65274048E-06	-8.63387399E-07	-6.80731622E-07	-1.12613607E-06	-1.24904680E-06	-1.24591667E-06
 4.480000E-01	-8.43401094E-06	-1.05127527E-05	-1.14585762E-05	 3.38855613E-05	 9.31264588E-06	 2.75959533E-06	 5.81692881E-07	-1.16417951E-08	-4.18036829E-08	 8.77477337E-08	 1.88251975E-06	 1.63733229E-06	-3.99407999E-06	-3.07462053E-06	-1.68072030E-06	-8.54831383E-07	-6.64921161E-07	-1.09734190E-06	-1.21810959E-06	-1.21582659E-06
 4.490000E-01	-8.49544191E-06	-1.06147986E-05	-1.16355263E-05	 3.43273684E-05	 9.46405150E-06	 2.82522293E-06	 6.07614543E-07	-7.58212582E-09	-4.32679859E-08	 8.20544064E-08	 1.90176709E-06	 1.66453049E-06	-3.96715743E-06	-3.12604382E-06	-1.70887347E-06	-8.46797370E-07	-6.49584403E-07	-1.06937249E-06	-1.18801195E-06	-1.18654033E-06
 4.500000E-01	-8.55688238E-06	-1.07174500E-05	-1.18145504E-05	 3.47709212E-05	 9.61758531E-06	 2.89189390E-06	 6.33890485E-07	-3.39602971E-09	-4.46516154E-08	 7.65315313E-08	 1.92102932E-06	 1.69192751E-06	-3.93859659E-06	-3.17884597E-06	-1.73721621E-06	-8.39274505E-07	-6.34707703E-07	-1.04220243E-06	-1.15872871E-06	-1.15803512E-06
 4.510000E-01	-8.61832531E-06	-1.08207092E-05	-1.19956430E-05	 3.52164532E-05	 9.77327055E-06	 2.95962671E-06	 6.60535496E-07	 9.18253108E-10	-4.59573699E-08	 7.11711699E-08	 1.94030354E-06	 1.71952321E-06	-3.90836981E-06	-3.23294905E-06	-1.76576624E-06	-8.32252647E-07	-6.20277855E-07	-1.01580709E-06	-1.13023544E-06	-1.13028876E-06
 4.520000E-01	-8.67976478E-06	-1.09245813E-05	-1.21788118E-05	 3.56641600E-05	 9.93112934E-06	 3.02843998E-06	 6.87564612E-07	 5.36283296E-09	-4.71877607E-08	 6.59656847E-08	 1.95958722E-06	 1.74731847E-06	-3.87644667E-06	-3.28821057E-06	-1.79454099E-06	-8.25721970E-07	-6.06281971E-07	-9.90162388E-07	-1.10250828E-06	-1.10327950E-06
 4.530000E-01	-8.74119426E-06	-1.10290696E-05	-1.23640794E-05	 3.61142157E-05	 1.00911851E-05	 3.09835414E-06	 7.14993455E-07	 9.94033844E-09	-4.83449778E-08	 6.09077682E-08	 1.97887770E-06	 1.77531402E-06	-3.84279342E-06	-3.34443323E-06	-1.82355327E-06	-8.19673142E-07	-5.92707733E-07	-9.65245120E-07	-1.07552413E-06	-1.07698621E-06
 4.540000E-01	-8.80260733E-06	-1.11341765E-05	-1.25514832E-05	 3.65667705E-05	 1.02534475E-05	 3.16938807E-06	 7.42837153E-07	 1.46536646E-08	-4.94310477E-08	 5.59903701E-08	 1.99817200E-06	 1.80350775E-06	-3.80738750E-06	-3.40144117E-06	-1.85280131E-06	-8.14095440E-07	-5.79543049E-07	-9.41032973E-07	-1.04926068E-06	-1.05138839E-06
 4.550000E-01	-8.86399940E-06	-1.12399096E-05	-1.27410552E-05	 3.70219172E-05	 1.04179157E-05	 3.24155652E-06	 7.71109570E-07	 1.95053838E-08	-5.04480202E-08	 5.12066118E-08	 2.01746719E-06	 1.83189535E-06	-3.77022899E-06	-3.45915838E-06	-1.88227603E-06	-8.08976257E-07	-5.66775759E-07	-9.17504271E-07	-1.02369624E-06	-1.02646614E-06
 4.560000E-01	-8.92536575E-06	-1.13462779E-05	-1.29328138E-05	 3.74796993E-05	 1.05845986E-05	 3.31487482E-06	 7.99824634E-07	 2.44979614E-08	-5.13978225E-08	 4.65498661E-08	 2.03676062E-06	 1.86047383E-06	-3.73132142E-06	-3.51758873E-06	-1.91197621E-06	-8.04303718E-07	-5.54394090E-07	-8.94638021E-07	-9.98809788E-07	-1.00220015E-06
 4.570000E-01	-8.98670104E-06	-1.14532902E-05	-1.31267749E-05	 3.79401448E-05	 1.07535110E-05	 3.38936026E-06	 8.28996702E-07	 2.96340358E-08	-5.22822132E-08	 4.20137545E-08	 2.05604956E-06	 1.88924116E-06	-3.69066409E-06	-3.57677342E-06	-1.94190560E-06	-8.00067428E-07	-5.42386896E-07	-8.72414011E-07	-9.74580966E-07	-9.78571704E-07
 4.580000E-01	-9.04799982E-06	-1.15609556E-05	-1.33229455E-05	 3.84032776E-05	 1.09246673E-05	 3.46502913E-06	 8.58639683E-07	 3.49161329E-08	-5.31028933E-08	 3.75921071E-08	 2.07533151E-06	 1.91819535E-06	-3.64825971E-06	-3.63680336E-06	-1.97206640E-06	-7.96256649E-07	-5.30743230E-07	-8.50812694E-07	-9.50990021E-07	-9.55562642E-07
 4.590000E-01	-9.10925369E-06	-1.16692799E-05	-1.35213110E-05	 3.88691084E-05	 1.10981053E-05	 3.54190062E-06	 8.88768010E-07	 4.03466617E-08	-5.38613967E-08	 3.32790762E-08	 2.09460477E-06	 1.94733734E-06	-3.60410098E-06	-3.69779878E-06	-2.00246946E-06	-7.92861100E-07	-5.19452374E-07	-8.29815096E-07	-9.28017827E-07	-9.33155398E-07
 4.600000E-01	-9.17045947E-06	-1.17782812E-05	-1.37218776E-05	 3.93375840E-05	 1.12738564E-05	 3.61999370E-06	 9.19396454E-07	 4.59280388E-08	-5.45593066E-08	 2.90687786E-08	 2.11386668E-06	 1.97666787E-06	-3.55818467E-06	-3.75981231E-06	-2.03314029E-06	-7.89874283E-07	-5.08504592E-07	-8.09402771E-07	-9.05645753E-07	-9.11332872E-07
 4.610000E-01	-9.23161295E-06	-1.18879736E-05	-1.39246624E-05	 3.98086581E-05	 1.14519449E-05	 3.69932848E-06	 9.50540265E-07	 5.16632243E-08	-5.51979805E-08	 2.49555486E-08	 2.13311406E-06	 2.00618652E-06	-3.51050554E-06	-3.82284358E-06	-2.06409762E-06	-7.87290465E-07	-4.97890760E-07	-7.89558087E-07	-8.83855857E-07	-8.90078547E-07
 4.620000E-01	-9.29270630E-06	-1.19983635E-05	-1.41296715E-05	 4.02823375E-05	 1.16323981E-05	 3.77992639E-06	 9.82214937E-07	 5.75554700E-08	-5.57785777E-08	 2.09339945E-08	 2.15234349E-06	 2.03589115E-06	-3.46106026E-06	-3.88692022E-06	-2.09534922E-06	-7.85102794E-07	-4.87601981E-07	-7.70264256E-07	-8.62631023E-07	-8.69376616E-07
 4.630000E-01	-9.35373224E-06	-1.21094582E-05	-1.43369023E-05	 4.07586536E-05	 1.18152342E-05	 3.86180639E-06	 1.01443538E-06	 6.36079581E-08	-5.63022135E-08	 1.69988612E-08	 2.17155154E-06	 2.06577785E-06	-3.40985690E-06	-3.95213536E-06	-2.12689707E-06	-7.83303592E-07	-4.77629457E-07	-7.51505017E-07	-8.41954697E-07	-8.49211778E-07
 4.640000E-01	-9.41468610E-06	-1.22212697E-05	-1.45463485E-05	 4.12376653E-05	 1.20004385E-05	 3.94498111E-06	 1.04721497E-06	 6.98238111E-08	-5.67700005E-08	 1.31449638E-08	 2.19073453E-06	 2.09584122E-06	-3.35690996E-06	-4.01862143E-06	-2.15873875E-06	-7.81884361E-07	-4.67964359E-07	-7.33264597E-07	-8.21810800E-07	-8.29569162E-07
 4.650000E-01	-9.47556055E-06	-1.23338015E-05	-1.47580083E-05	 4.17195340E-05	 1.21879981E-05	 4.02946660E-06	 1.08056817E-06	 7.62070490E-08	-5.71826705E-08	 9.36738867E-09	 2.20988875E-06	 2.12607866E-06	-3.30219930E-06	-4.08641750E-06	-2.19087960E-06	-7.80838421E-07	-4.58598353E-07	-7.15527948E-07	-8.02183854E-07	-8.10434390E-07
 4.660000E-01	-9.53634169E-06	-1.24470447E-05	-1.49718821E-05	 4.22045363E-05	 1.23779549E-05	 4.11529158E-06	 1.11451282E-06	 8.27626272E-08	-5.75404647E-08	 5.66160198E-09	 2.22901081E-06	 2.15649237E-06	-3.24566482E-06	-4.15538273E-06	-2.22333996E-06	-7.80162485E-07	-4.49524044E-07	-6.98280705E-07	-7.83058982E-07	-7.91793587E-07
 4.670000E-01	-9.59701875E-06	-1.25610000E-05	-1.51879801E-05	 4.26929542E-05	 1.25703602E-05	 4.20248420E-06	 1.14906661E-06	 8.94951420E-08	-5.78437021E-08	 2.02308920E-09	 2.24809701E-06	 2.18708312E-06	-3.18726605E-06	-4.22527786E-06	-2.25614003E-06	-7.79853954E-07	-4.40734431E-07	-6.81508802E-07	-7.64421642E-07	-7.73633233E-07
 4.680000E-01	-9.65758220E-06	-1.26756721E-05	-1.54063137E-05	 4.31850378E-05	 1.27652598E-05	 4.29107014E-06	 1.18424629E-06	 9.64089004E-08	-5.80927493E-08	-1.55259278E-09	 2.26714357E-06	 2.21785052E-06	-3.12697857E-06	-4.29585528E-06	-2.28929394E-06	-7.79908995E-07	-4.32222403E-07	-6.65198530E-07	-7.46257649E-07	-7.55940166E-07
 4.690000E-01	-9.71802258E-06	-1.27910673E-05	-1.56269067E-05	 4.36809992E-05	 1.29627122E-05	 4.38107829E-06	 1.22006955E-06	 1.03508419E-07	-5.82878624E-08	-5.06977393E-09	 2.28614633E-06	 2.24879451E-06	-3.06477873E-06	-4.36684526E-06	-2.32282282E-06	-7.80325526E-07	-4.23981405E-07	-6.49336618E-07	-7.28553212E-07	-7.38701588E-07
 4.700000E-01	-9.77833345E-06	-1.29072010E-05	-1.58497838E-05	 4.41810101E-05	 1.31627774E-05	 4.47253510E-06	 1.25655371E-06	 1.10797661E-07	-5.84294131E-08	-8.53278502E-09	 2.30510072E-06	 2.27991353E-06	-3.00066956E-06	-4.43802095E-06	-2.35674748E-06	-7.81101700E-07	-4.16005240E-07	-6.33909986E-07	-7.11294823E-07	-7.21905014E-07
 4.710000E-01	-9.83850318E-06	-1.30240789E-05	-1.60749201E-05	 4.46852731E-05	 1.33655192E-05	 4.56546555E-06	 1.29371522E-06	 1.18280155E-07	-5.85177516E-08	-1.19457336E-08	 2.32400365E-06	 2.31120668E-06	-2.93466191E-06	-4.50931555E-06	-2.39107048E-06	-7.82230892E-07	-4.08286830E-07	-6.18905881E-07	-6.94469403E-07	-7.05538366E-07
 4.720000E-01	-9.89852287E-06	-1.31417102E-05	-1.63022988E-05	 4.51940210E-05	 1.35709702E-05	 4.65989060E-06	 1.33156960E-06	 1.25959772E-07	-5.85531380E-08	-1.53126747E-08	 2.34285193E-06	 2.34267253E-06	-2.86676083E-06	-4.58072098E-06	-2.42579506E-06	-7.83706492E-07	-4.00819124E-07	-6.04312010E-07	-6.78064225E-07	-6.89589868E-07
 4.730000E-01	-9.95838357E-06	-1.32601039E-05	-1.65319190E-05	 4.57075355E-05	 1.37791641E-05	 4.75583363E-06	 1.37013356E-06	 1.33841073E-07	-5.85355774E-08	-1.86375328E-08	 2.36164212E-06	 2.37431139E-06	-2.79694858E-06	-4.65214344E-06	-2.46093794E-06	-7.85524343E-07	-3.93595660E-07	-5.90116572E-07	-6.62066982E-07	-6.74048100E-07
 4.740000E-01	-1.00180733E-05	-1.33792632E-05	-1.67638055E-05	 4.62261643E-05	 1.39901685E-05	 4.85332790E-06	 1.40942696E-06	 1.41929754E-07	-5.84646550E-08	-2.19240256E-08	 2.38037048E-06	 2.40612564E-06	-2.72518308E-06	-4.72333011E-06	-2.49652601E-06	-7.87683515E-07	-3.86610924E-07	-5.76308352E-07	-6.46465840E-07	-6.58902029E-07
 4.750000E-01	-1.00775753E-05	-1.34991813E-05	-1.69980098E-05	 4.67502588E-05	 1.42040829E-05	 4.95241769E-06	 1.44947253E-06	 1.50232899E-07	-5.83395106E-08	-2.51756281E-08	 2.39903299E-06	 2.43811510E-06	-2.65142542E-06	-4.79399955E-06	-2.53257082E-06	-7.90183463E-07	-3.79860022E-07	-5.62876967E-07	-6.31249494E-07	-6.44141024E-07
 4.760000E-01	-1.01368822E-05	-1.36198711E-05	-1.72345999E-05	 4.72800085E-05	 1.44209417E-05	 5.05313091E-06	 1.49028839E-06	 1.58756746E-07	-5.81595951E-08	-2.83959503E-08	 2.41762494E-06	 2.47026964E-06	-2.57571522E-06	-4.86416718E-06	-2.56904687E-06	-7.93017697E-07	-3.73337263E-07	-5.49812287E-07	-6.16406855E-07	-6.29754664E-07
 4.770000E-01	-1.01959906E-05	-1.37413576E-05	-1.74736180E-05	 4.78154307E-05	 1.46407424E-05	 5.15548199E-06	 1.53188917E-06	 1.67506150E-07	-5.79247042E-08	-3.15886753E-08	 2.43614195E-06	 2.50257757E-06	-2.49812986E-06	-4.93425597E-06	-2.60592094E-06	-7.96174990E-07	-3.67035880E-07	-5.37104039E-07	-6.01926975E-07	-6.15732751E-07
 4.780000E-01	-1.02548929E-05	-1.38636575E-05	-1.77150872E-05	 4.83564713E-05	 1.48635102E-05	 5.25949241E-06	 1.57429177E-06	 1.76486293E-07	-5.76344529E-08	-3.47573465E-08	 2.45458002E-06	 2.53503171E-06	-2.41871908E-06	-5.00492057E-06	-2.64318096E-06	-7.99646891E-07	-3.60949624E-07	-5.24742267E-07	-5.87799251E-07	-6.02065417E-07
 4.790000E-01	-1.03135822E-05	-1.39867891E-05	-1.79590068E-05	 4.89030328E-05	 1.50892529E-05	 5.36517959E-06	 1.61751204E-06	 1.85702043E-07	-5.72885288E-08	-3.79054927E-08	 2.47293528E-06	 2.56762460E-06	-2.33753469E-06	-5.07699946E-06	-2.68081527E-06	-8.03424982E-07	-3.55072328E-07	-5.12717306E-07	-5.74013362E-07	-5.88743075E-07
 4.800000E-01	-1.03720532E-05	-1.41107745E-05	-1.82053189E-05	 4.94550104E-05	 1.53179482E-05	 5.47254913E-06	 1.66156262E-06	 1.95156817E-07	-5.68869597E-08	-4.10366829E-08	 2.49120520E-06	 2.60035246E-06	-2.25461796E-06	-5.15143604E-06	-2.71881846E-06	-8.07497602E-07	-3.49396691E-07	-5.01019288E-07	-5.60559137E-07	-5.75756396E-07
 4.810000E-01	-1.04302973E-05	-1.42356322E-05	-1.84539845E-05	 5.00123748E-05	 1.55496210E-05	 5.58161937E-06	 1.70646073E-06	 2.04854974E-07	-5.64294151E-08	-4.41543583E-08	 2.50938708E-06	 2.63322200E-06	-2.16992700E-06	-5.22879772E-06	-2.75724637E-06	-8.11863041E-07	-3.43917039E-07	-4.89638476E-07	-5.47426653E-07	-5.63096331E-07
 4.820000E-01	-1.04883035E-05	-1.43613746E-05	-1.87050469E-05	 5.05751793E-05	 1.57843543E-05	 5.69243036E-06	 1.75223050E-06	 2.14803596E-07	-5.59147423E-08	-4.72617142E-08	 2.52747677E-06	 2.66624303E-06	-2.08336598E-06	-5.30901437E-06	-2.79618823E-06	-8.16531950E-07	-3.38630717E-07	-4.78565974E-07	-5.34606380E-07	-5.50754094E-07
 4.830000E-01	-1.05460605E-05	-1.44880121E-05	-1.89585620E-05	 5.11434533E-05	 1.60222287E-05	 5.80502171E-06	 1.79889554E-06	 2.25010209E-07	-5.53416109E-08	-5.03618314E-08	 2.54546999E-06	 2.69941929E-06	-1.99487945E-06	-5.39174577E-06	-2.83569091E-06	-8.21511373E-07	-3.33534966E-07	-4.67793406E-07	-5.22089120E-07	-5.38721166E-07
 4.840000E-01	-1.06035603E-05	-1.46155628E-05	-1.92145667E-05	 5.17171232E-05	 1.62632843E-05	 5.91942047E-06	 1.84647577E-06	 2.35481370E-07	-5.47088941E-08	-5.34578168E-08	 2.56336269E-06	 2.73274970E-06	-1.90446489E-06	-5.47670709E-06	-2.87576487E-06	-8.26801650E-07	-3.28625897E-07	-4.57312415E-07	-5.09865838E-07	-5.26989234E-07
 4.850000E-01	-1.06607993E-05	-1.47440525E-05	-1.94730923E-05	 5.22960668E-05	 1.65075095E-05	 6.03564314E-06	 1.89498846E-06	 2.46223478E-07	-5.40154546E-08	-5.65527726E-08	 2.58115056E-06	 2.76623118E-06	-1.81213703E-06	-5.56367397E-06	-2.91641451E-06	-8.32402071E-07	-3.23899497E-07	-4.47114915E-07	-4.97927711E-07	-5.15550190E-07
 4.860000E-01	-1.07177720E-05	-1.48734998E-05	-1.97341640E-05	 5.28802691E-05	 1.67548787E-05	 6.15370737E-06	 1.94445131E-06	 2.57244048E-07	-5.32597873E-08	-5.96496607E-08	 2.59882922E-06	 2.79986214E-06	-1.71788723E-06	-5.65232475E-06	-2.95765145E-06	-8.38314058E-07	-3.19352225E-07	-4.37193455E-07	-4.86266275E-07	-5.04396201E-07
 4.870000E-01	-1.07744616E-05	-1.50038994E-05	-1.99977771E-05	 5.34699166E-05	 1.70054431E-05	 6.27365010E-06	 1.99488742E-06	 2.68551748E-07	-5.24400133E-08	-6.27512442E-08	 2.61639525E-06	 2.83364758E-06	-1.62165767E-06	-5.74211698E-06	-2.99949769E-06	-8.44540432E-07	-3.14980808E-07	-4.27540946E-07	-4.74873423E-07	-4.93519800E-07
 4.880000E-01	-1.08308557E-05	-1.51352616E-05	-2.02639532E-05	 5.40653423E-05	 1.72592495E-05	 6.39550458E-06	 2.04631956E-06	 2.80154610E-07	-5.15544374E-08	-6.58603970E-08	 2.63384463E-06	 2.86759201E-06	-1.52340615E-06	-5.83231447E-06	-3.04197944E-06	-8.51085289E-07	-3.10782521E-07	-4.18150198E-07	-4.63741076E-07	-4.82913687E-07
 4.890000E-01	-1.08869419E-05	-1.52676014E-05	-2.05327412E-05	 5.46669933E-05	 1.75163574E-05	 6.51930633E-06	 2.09877117E-06	 2.92060798E-07	-5.06013706E-08	-6.89800220E-08	 2.65117299E-06	 2.90170041E-06	-1.42309510E-06	-5.92204738E-06	-3.08512373E-06	-8.57953000E-07	-3.06754765E-07	-4.09014145E-07	-4.52861291E-07	-4.72570785E-07
 4.900000E-01	-1.09427040E-05	-1.54009304E-05	-2.08042650E-05	 5.52753771E-05	 1.77769001E-05	 6.64511162E-06	 2.15227207E-06	 3.04280198E-07	-4.95787123E-08	-7.21129449E-08	 2.66837453E-06	 2.93597755E-06	-1.32068460E-06	-6.01036083E-06	-3.12896615E-06	-8.65153490E-07	-3.02896655E-07	-4.00126165E-07	-4.42226364E-07	-4.62484254E-07
 4.910000E-01	-1.09981276E-05	-1.55352698E-05	-2.10786729E-05	 5.58908789E-05	 1.80410148E-05	 6.77297264E-06	 2.20685091E-06	 3.16821657E-07	-4.84846810E-08	-7.52621174E-08	 2.68544255E-06	 2.97041925E-06	-1.21621835E-06	-6.09677206E-06	-3.17348882E-06	-8.72690225E-07	-2.99206960E-07	-3.91479643E-07	-4.31828700E-07	-4.52647418E-07
 4.920000E-01	-1.10532024E-05	-1.56706464E-05	-2.13560036E-05	 5.65136281E-05	 1.83087649E-05	 6.90291304E-06	 2.26252675E-06	 3.29690779E-07	-4.73182975E-08	-7.84306646E-08	 2.70237183E-06	 3.00501313E-06	-1.10983474E-06	-6.18189532E-06	-3.21859955E-06	-8.80548237E-07	-2.95680621E-07	-3.83067753E-07	-4.21660915E-07	-4.43053795E-07
 4.930000E-01	-1.11079211E-05	-1.58070875E-05	-2.16362634E-05	 5.71435701E-05	 1.85801850E-05	 7.03494994E-06	 2.31931672E-06	 3.42893433E-07	-4.60782110E-08	-8.16215258E-08	 2.71915790E-06	 3.03974920E-06	-1.00165030E-06	-6.26719163E-06	-3.26423263E-06	-8.88713147E-07	-2.92312146E-07	-3.74884033E-07	-4.11715980E-07	-4.33696990E-07
 4.940000E-01	-1.11622736E-05	-1.59446088E-05	-2.19194868E-05	 5.77805072E-05	 1.88553726E-05	 7.16911762E-06	 2.37724354E-06	 3.56437783E-07	-4.47620409E-08	-8.48372389E-08	 2.73579624E-06	 3.07462315E-06	-8.91711863E-07	-6.35451135E-06	-3.31038014E-06	-8.97181036E-07	-2.89098071E-07	-3.66922688E-07	-4.01987312E-07	-4.24570732E-07
 4.950000E-01	-1.12162474E-05	-1.60832168E-05	-2.22057219E-05	 5.84239305E-05	 1.91345008E-05	 7.30546467E-06	 2.43633403E-06	 3.70333584E-07	-4.33665385E-08	-8.80799595E-08	 2.75228287E-06	 3.10963226E-06	-7.80040096E-07	-6.44604776E-06	-3.35705108E-06	-9.05952467E-07	-2.86035988E-07	-3.59178452E-07	-3.92468725E-07	-4.15668883E-07
 4.960000E-01	-1.12698289E-05	-1.62229127E-05	-2.24950085E-05	 5.90727052E-05	 1.94178066E-05	 7.44405080E-06	 2.49661757E-06	 3.84591665E-07	-4.18878357E-08	-9.13515661E-08	 2.76861458E-06	 3.14477392E-06	-6.66663300E-07	-6.54452685E-06	-3.40425133E-06	-9.15028937E-07	-2.83123757E-07	-3.51646466E-07	-3.83154322E-07	-4.06985475E-07
 4.970000E-01	-1.13230188E-05	-1.63637357E-05	-2.27874668E-05	 5.97248087E-05	 1.97054420E-05	 7.58491309E-06	 2.55811834E-06	 3.99222104E-07	-4.03222829E-08	-9.46541370E-08	 2.78478643E-06	 3.18004100E-06	-5.51659018E-07	-6.65339962E-06	-3.45198513E-06	-9.24415703E-07	-2.80360434E-07	-3.44321750E-07	-3.74037995E-07	-3.98514646E-07
 4.980000E-01	-1.13758106E-05	-1.65057185E-05	-2.30832230E-05	 6.03771169E-05	 1.99975657E-05	 7.72809162E-06	 2.62086284E-06	 4.14235134E-07	-3.86667758E-08	-9.79901930E-08	 2.80079321E-06	 3.21543254E-06	-4.35082923E-07	-6.77691226E-06	-3.50025136E-06	-9.34118437E-07	-2.77744869E-07	-3.37198945E-07	-3.65113400E-07	-3.90250924E-07
 4.990000E-01	-1.14281935E-05	-1.66488919E-05	-2.33823883E-05	 6.10252015E-05	 2.02943134E-05	 7.87362620E-06	 2.68487940E-06	 4.29641252E-07	-3.69188710E-08	-1.01362828E-07	 2.81662935E-06	 3.25095303E-06	-3.16972825E-07	-6.92007494E-06	-3.54904721E-06	-9.44145989E-07	-2.75276501E-07	-3.30272480E-07	-3.56373940E-07	-3.82189200E-07
 5.000000E-01	-1.14801612E-05	-1.67933019E-05	-2.36849894E-05	 6.16632172E-05	 2.05956672E-05	 8.02151841E-06	 2.75018748E-06	 4.45448158E-07	-3.50775973E-08	-1.04775975E-07	 2.83229044E-06	 3.28661395E-06	-1.97359969E-07	-7.08859705E-06	-3.59835809E-06	-9.54502652E-07	-2.72953199E-07	-3.23536017E-07	-3.47812558E-07	-3.74324608E-07
 5.010000E-01	-1.15317033E-05	-1.69389903E-05	-2.39910423E-05	 6.22840303E-05	 2.09015515E-05	 8.17176048E-06	 2.81680780E-06	 4.61664051E-07	-3.31424170E-08	-1.08234112E-07	 2.84777276E-06	 3.32244643E-06	-7.61374420E-08	-7.28796228E-06	-3.64825906E-06	-9.65204070E-07	-2.70773830E-07	-3.16982619E-07	-3.39421848E-07	-3.66652471E-07
 5.020000E-01	-1.15827939E-05	-1.70859610E-05	-2.43006928E-05	 6.28791812E-05	 2.12120873E-05	 8.32440455E-06	 2.88478242E-06	 4.78304786E-07	-3.11106829E-08	-1.11741310E-07	 2.86307174E-06	 3.35850007E-06	 4.69933788E-08	-7.52221384E-06	-3.69897398E-06	-9.76299887E-07	-2.68744357E-07	-3.10606468E-07	-3.31194716E-07	-3.59168155E-07
 5.030000E-01	-1.16334091E-05	-1.72342086E-05	-2.46141310E-05	 6.34384014E-05	 2.15274893E-05	 8.47951586E-06	 2.95415777E-06	 4.95389388E-07	-2.89781235E-08	-1.15301053E-07	 2.87818286E-06	 3.39481972E-06	 1.72312728E-07	-7.79413913E-06	-3.75072267E-06	-9.87849862E-07	-2.66874734E-07	-3.04403149E-07	-3.23124546E-07	-3.51866877E-07
 5.040000E-01	-1.16835372E-05	-1.73837342E-05	-2.49314765E-05	 6.39491621E-05	 2.18479152E-05	 8.63712268E-06	 3.02496896E-06	 5.12934888E-07	-2.67400165E-08	-1.18916464E-07	 2.89310382E-06	 3.43144191E-06	 3.00001038E-07	-8.10598520E-06	-3.80364295E-06	-9.99900642E-07	-2.65173674E-07	-2.98368649E-07	-3.15204911E-07	-3.44743603E-07
 5.050000E-01	-1.17331733E-05	-1.75345322E-05	-2.52527979E-05	 6.43965542E-05	 2.21734916E-05	 8.79723185E-06	 3.09724551E-06	 5.30958566E-07	-2.43905106E-08	-1.22590097E-07	 2.90783383E-06	 3.46840115E-06	 4.30207441E-07	-8.45949432E-06	-3.85786170E-06	-1.01249676E-06	-2.63650728E-07	-2.92499759E-07	-3.07429677E-07	-3.37793070E-07
 5.060000E-01	-1.17823197E-05	-1.76865894E-05	-2.55780945E-05	 6.47633415E-05	 2.25043011E-05	 8.95982659E-06	 3.17101100E-06	 5.49478684E-07	-2.19224021E-08	-1.26323858E-07	 2.92237357E-06	 3.50572910E-06	 5.63050192E-07	-8.85575509E-06	-3.91350470E-06	-1.02568445E-06	-2.62317498E-07	-2.86794662E-07	-2.99793133E-07	-3.31009866E-07
 5.070000E-01	-1.18309690E-05	-1.78398478E-05	-2.59071637E-05	 6.50301030E-05	 2.28404319E-05	 9.12488186E-06	 3.24628810E-06	 5.68514027E-07	-1.93277655E-08	-1.30119416E-07	 2.93672749E-06	 3.54346254E-06	 6.98648473E-07	-9.29508218E-06	-3.97065675E-06	-1.03949889E-06	-2.61184423E-07	-2.81252329E-07	-2.92289891E-07	-3.24388734E-07
 5.080000E-01	-1.18791164E-05	-1.79942430E-05	-2.62397338E-05	 6.51757112E-05	 2.31818519E-05	 9.29234242E-06	 3.32309615E-06	 5.88083727E-07	-1.65981676E-08	-1.33978440E-07	 2.95090079E-06	 3.58163939E-06	 8.37114379E-07	-9.77659547E-06	-4.02939733E-06	-1.05397319E-06	-2.60263367E-07	-2.75872178E-07	-2.84914550E-07	-3.17924468E-07
 5.090000E-01	-1.19267513E-05	-1.81496891E-05	-2.65755110E-05	 6.51777881E-05	 2.35285019E-05	 9.46214833E-06	 3.40145886E-06	 6.08210291E-07	-1.37239281E-08	-1.37902458E-07	 2.96489841E-06	 3.62029849E-06	 9.78568005E-07	-1.02977375E-05	-4.08982291E-06	-1.06914413E-06	-2.59569054E-07	-2.70654727E-07	-2.77661926E-07	-3.11611982E-07
 5.100000E-01	-1.19738485E-05	-1.83060567E-05	-2.69142363E-05	 6.50130425E-05	 2.38804129E-05	 9.63427415E-06	 3.48141633E-06	 6.28923280E-07	-1.06931851E-08	-1.41892609E-07	 2.97872304E-06	 3.65947043E-06	 1.12309765E-06	-1.08541980E-05	-4.15200518E-06	-1.08505561E-06	-2.59121258E-07	-2.65602402E-07	-2.70527371E-07	-3.05446392E-07
 5.110000E-01	-1.20203828E-05	-1.84632001E-05	-2.72555618E-05	 6.46574775E-05	 2.42374803E-05	 9.80866206E-06	 3.56300361E-06	 6.50252097E-07	-7.49379818E-09	-1.45950135E-07	 2.99237640E-06	 3.69915976E-06	 1.27057749E-06	-1.14412095E-05	-4.21578926E-06	-1.10172304E-06	-2.58938828E-07	-2.60718832E-07	-2.63506565E-07	-2.99422884E-07
 5.120000E-01	-1.20663506E-05	-1.86209983E-05	-2.75988490E-05	 6.40870148E-05	 2.45991771E-05	 9.98512822E-06	 3.64622019E-06	 6.72216361E-07	-4.11585915E-09	-1.50076933E-07	 3.00586335E-06	 3.73934833E-06	 1.42060771E-06	-1.20549744E-05	-4.28074873E-06	-1.11910462E-06	-2.59031603E-07	-2.56007366E-07	-2.56595128E-07	-2.93536556E-07
 5.130000E-01	-1.21117469E-05	-1.87793031E-05	-2.79432206E-05	 6.32788403E-05	 2.49647784E-05	 1.01634447E-05	 3.73105598E-06	 6.94833886E-07	-5.49713862E-10	-1.54275002E-07	 3.01919124E-06	 3.78001932E-06	 1.57275766E-06	-1.26921059E-05	-4.34643490E-06	-1.13713985E-06	-2.59406021E-07	-2.51471869E-07	-2.49789055E-07	-2.87782572E-07
 5.140000E-01	-1.21565576E-05	-1.89379225E-05	-2.82876664E-05	 6.22129423E-05	 2.53334567E-05	 1.03433810E-05	 3.81750527E-06	 7.18124868E-07	 3.21519303E-09	-1.58546130E-07	 3.03236764E-06	 3.82115510E-06	 1.72662640E-06	-1.33486321E-05	-4.41243445E-06	-1.15577068E-06	-2.60070313E-07	-2.47117704E-07	-2.43085055E-07	-2.82156272E-07
 5.150000E-01	-1.22007687E-05	-1.90966444E-05	-2.86309747E-05	 6.08734157E-05	 2.57042143E-05	 1.05246678E-05	 3.90555253E-06	 7.42106208E-07	 7.18871028E-09	-1.62892221E-07	 3.04540260E-06	 3.86273420E-06	 1.88176902E-06	-1.40197604E-05	-4.47828372E-06	-1.17491985E-06	-2.61029392E-07	-2.42950714E-07	-2.36480373E-07	-2.76653212E-07
 5.160000E-01	-1.22443613E-05	-1.92552358E-05	-2.89718627E-05	 5.92497719E-05	 2.60760009E-05	 1.07070385E-05	 3.99518533E-06	 7.66795379E-07	 1.13809939E-08	-1.67315063E-07	 3.05830650E-06	 3.90473639E-06	 2.03775871E-06	-1.46992029E-05	-4.54357318E-06	-1.19450980E-06	-2.62287819E-07	-2.38977253E-07	-2.29972781E-07	-2.71269186E-07
 5.170000E-01	-1.22873138E-05	-1.94134557E-05	-2.93092268E-05	 5.73379801E-05	 2.64477268E-05	 1.08902509E-05	 4.08640199E-06	 7.92214706E-07	 1.58040762E-08	-1.71815649E-07	 3.07108501E-06	 3.94712768E-06	 2.19416840E-06	-1.53788105E-05	-4.60794130E-06	-1.21448033E-06	-2.63855441E-07	-2.35205221E-07	-2.23560884E-07	-2.66000203E-07
 5.180000E-01	-1.23295990E-05	-1.95710442E-05	-2.96419935E-05	 5.51406122E-05	 2.68182903E-05	 1.10740703E-05	 4.17920085E-06	 8.18385971E-07	 2.04702348E-08	-1.76394647E-07	 3.08374248E-06	 3.98985499E-06	 2.35047290E-06	-1.60496818E-05	-4.67086570E-06	-1.23474748E-06	-2.65738330E-07	-2.31643088E-07	-2.17244045E-07	-2.60842671E-07
 5.190000E-01	-1.23712007E-05	-1.97277689E-05	-2.99690822E-05	 5.26669236E-05	 2.71864501E-05	 1.12582187E-05	 4.27356121E-06	 8.45323368E-07	 2.53900893E-08	-1.81052843E-07	 3.09628451E-06	 4.03285150E-06	 2.50602316E-06	-1.67034140E-05	-4.73164863E-06	-1.25518803E-06	-2.67933681E-07	-2.28298398E-07	-2.11021882E-07	-2.55793343E-07
 5.200000E-01	-1.24121154E-05	-1.98834328E-05	-3.02894870E-05	 4.99330621E-05	 2.75508256E-05	 1.14423784E-05	 4.36944353E-06	 8.73033899E-07	 3.05726932E-08	-1.85790884E-07	 3.10871790E-06	 4.07605029E-06	 2.66018816E-06	-1.73321719E-05	-4.78957553E-06	-1.27565836E-06	-2.70431202E-07	-2.25177500E-07	-2.04894227E-07	-2.50849241E-07
 5.210000E-01	-1.24523260E-05	-2.00378204E-05	-3.06023620E-05	 4.69619784E-05	 2.79102030E-05	 1.16262952E-05	 4.46682278E-06	 9.01527264E-07	 3.60279556E-08	-1.90608864E-07	 3.12104798E-06	 4.11939492E-06	 2.81252473E-06	-1.79275679E-05	-4.84410403E-06	-1.29603301E-06	-2.73219901E-07	-2.22286411E-07	-1.98861512E-07	-2.46007888E-07
 5.220000E-01	-1.24917947E-05	-2.01906902E-05	-3.09070502E-05	 4.37826065E-05	 2.82637537E-05	 1.18098379E-05	 4.56570520E-06	 9.30819023E-07	 4.17668949E-08	-1.95506408E-07	 3.13327713E-06	 4.16283405E-06	 2.96271926E-06	-1.84802185E-05	-4.89484173E-06	-1.31621474E-06	-2.76291338E-07	-2.19630909E-07	-1.92924746E-07	-2.41267418E-07
 5.230000E-01	-1.25304947E-05	-2.03418568E-05	-3.12031316E-05	 4.04285334E-05	 2.86108383E-05	 1.19929098E-05	 4.66609586E-06	 9.60919832E-07	 4.77986573E-08	-2.00483326E-07	 3.14540614E-06	 4.20630926E-06	 3.11040871E-06	-1.89808926E-05	-4.94137077E-06	-1.33610443E-06	-2.79634433E-07	-2.17215325E-07	-1.87084861E-07	-2.36626256E-07
 5.240000E-01	-1.25684028E-05	-2.04911741E-05	-3.14904186E-05	 3.69363679E-05	 2.89510443E-05	 1.21754655E-05	 4.76800325E-06	 9.91836830E-07	 5.41307343E-08	-2.05539721E-07	 3.15743418E-06	 4.24975998E-06	 3.25522764E-06	-1.94214339E-05	-4.98326395E-06	-1.35560026E-06	-2.83233795E-07	-2.15042036E-07	-1.81342620E-07	-2.32083177E-07
 5.250000E-01	-1.26054992E-05	-2.06385371E-05	-3.17689951E-05	 3.33440777E-05	 2.92842114E-05	 1.23575253E-05	 4.87144522E-06	 1.02357585E-06	 6.07693974E-08	-2.10675855E-07	 3.16935760E-06	 4.29312373E-06	 3.39681770E-06	-1.97954757E-05	-5.02012313E-06	-1.37461075E-06	-2.87073200E-07	-2.13111606E-07	-1.75698502E-07	-2.27637155E-07
 5.260000E-01	-1.26417739E-05	-2.07838907E-05	-3.20390524E-05	 2.96891606E-05	 2.96104171E-05	 1.25391310E-05	 4.97642928E-06	 1.05613347E-06	 6.77173748E-08	-2.15892939E-07	 3.18117552E-06	 4.33634376E-06	 3.53480620E-06	-2.00995955E-05	-5.05147817E-06	-1.39302349E-06	-2.91127447E-07	-2.11421804E-07	-1.70152474E-07	-2.23287526E-07
 5.270000E-01	-1.26772261E-05	-2.09272196E-05	-3.23008648E-05	 2.60074878E-05	 2.99298841E-05	 1.27203361E-05	 5.08295277E-06	 1.08949909E-06	 7.49749495E-08	-2.21192783E-07	 3.19288993E-06	 4.37937788E-06	 3.66892345E-06	-2.03331237E-05	-5.07691736E-06	-1.41072009E-06	-2.95363615E-07	-2.09968029E-07	-1.64704113E-07	-2.19033982E-07
 5.280000E-01	-1.27118510E-05	-2.10685179E-05	-3.25548503E-05	 2.23326437E-05	 3.02429996E-05	 1.29012570E-05	 5.19102760E-06	 1.12366548E-06	 8.25432550E-08	-2.26576855E-07	 3.20450107E-06	 4.42219859E-06	 3.79909545E-06	-2.04966744E-05	-5.09627233E-06	-1.42762037E-06	-2.99751240E-07	-2.08744632E-07	-1.59352889E-07	-2.14876479E-07
 5.290000E-01	-1.27456249E-05	-2.12077492E-05	-3.28015192E-05	 1.86950501E-05	 3.05504378E-05	 1.30821241E-05	 5.30070103E-06	 1.15863603E-06	 9.04261955E-08	-2.32045931E-07	 3.21600497E-06	 4.46478302E-06	 3.92537565E-06	-2.05913700E-05	-5.10953421E-06	-1.44368689E-06	-3.04265862E-07	-2.07745739E-07	-1.54098405E-07	-2.10815294E-07
 5.300000E-01	-1.27785182E-05	-2.13448752E-05	-3.30414168E-05	 1.51208674E-05	 3.08531162E-05	 1.32632275E-05	 5.41203514E-06	 1.19441739E-06	 9.86286274E-08	-2.37600680E-07	 3.22739577E-06	 4.50710069E-06	 4.04777635E-06	-2.06199656E-05	-5.11658539E-06	-1.45888001E-06	-3.08881326E-07	-2.06964901E-07	-1.48940321E-07	-2.06851067E-07
 5.310000E-01	-1.28105408E-05	-2.14799729E-05	-3.32752455E-05	 1.16313656E-05	 3.11519019E-05	 1.34447666E-05	 5.52505112E-06	 1.23100125E-06	 1.07151432E-07	-2.43242757E-07	 3.23866985E-06	 4.54911711E-06	 4.16619764E-06	-2.05883619E-05	-5.11718582E-06	-1.47313253E-06	-3.13563829E-07	-2.06393344E-07	-1.43877475E-07	-2.02984335E-07
 5.320000E-01	-1.28417109E-05	-2.16131521E-05	-3.35037075E-05	 8.24274434E-06	 3.14477105E-05	 1.36269289E-05	 5.63975928E-06	 1.26837274E-06	 1.15992552E-07	-2.48975075E-07	 3.24982652E-06	 4.59081723E-06	 4.28062757E-06	-2.05048224E-05	-5.11124243E-06	-1.48638319E-06	-3.18275487E-07	-2.06019752E-07	-1.38907796E-07	-1.99215653E-07
 5.330000E-01	-1.28720401E-05	-2.17445083E-05	-3.37274322E-05	 4.96663212E-06	 3.17414841E-05	 1.38099328E-05	 5.75618094E-06	 1.30651916E-06	 1.25149361E-07	-2.54801373E-07	 3.26086568E-06	 4.63220376E-06	 4.39120276E-06	-2.03783277E-05	-5.09889647E-06	-1.49860338E-06	-3.22981392E-07	-2.05832087E-07	-1.34028854E-07	-1.95545728E-07
 5.340000E-01	-1.29015542E-05	-2.18741733E-05	-3.39469935E-05	 1.81079525E-06	 3.20341221E-05	 1.39939511E-05	 5.87431709E-06	 1.34541870E-06	 1.34615511E-07	-2.60727055E-07	 3.27179168E-06	 4.67329920E-06	 4.49816889E-06	-2.02174659E-05	-5.08048955E-06	-1.50977794E-06	-3.27645425E-07	-2.05817319E-07	-1.29237610E-07	-1.91975346E-07
 5.350000E-01	-1.29302646E-05	-2.20022402E-05	-3.41628511E-05	-1.21985244E-06	 3.23264445E-05	 1.41792024E-05	 5.99418983E-06	 1.38505658E-06	 1.44385166E-07	-2.66758178E-07	 3.28260776E-06	 4.71414370E-06	 4.60195656E-06	-2.00279860E-05	-5.05669583E-06	-1.51994349E-06	-3.32238998E-07	-2.05962257E-07	-1.24530551E-07	-1.88505252E-07
 5.360000E-01	-1.29581463E-05	-2.21287032E-05	-3.43753721E-05	-4.12236853E-06	 3.26191487E-05	 1.43660247E-05	 6.11588350E-06	 1.42544422E-06	 1.54459733E-07	-2.72899342E-07	 3.29330686E-06	 4.75476405E-06	 4.70306518E-06	-1.98114320E-05	-5.02832185E-06	-1.52920076E-06	-3.36750907E-07	-2.06256163E-07	-1.19904594E-07	-1.85136054E-07
 5.370000E-01	-1.29851719E-05	-2.22535489E-05	-3.45848950E-05	-6.89594565E-06	 3.29129995E-05	 1.45547602E-05	 6.23948937E-06	 1.46659738E-06	 1.64842417E-07	-2.79155064E-07	 3.30387944E-06	 4.79516412E-06	 4.80182073E-06	-1.95675327E-05	-4.99585530E-06	-1.53762185E-06	-3.41169076E-07	-2.06689218E-07	-1.15356800E-07	-1.81868368E-07
 5.380000E-01	-1.30113375E-05	-2.23768268E-05	-3.47918053E-05	-9.54210519E-06	 3.32088008E-05	 1.47456763E-05	 6.36506718E-06	 1.50852099E-06	 1.75533688E-07	-2.85530933E-07	 3.31431906E-06	 4.83533887E-06	 4.89838666E-06	-1.92964841E-05	-4.95950042E-06	-1.54522529E-06	-3.45471913E-07	-2.07250471E-07	-1.10883558E-07	-1.78702632E-07
 5.390000E-01	-1.30366496E-05	-2.24986111E-05	-3.49964928E-05	-1.20642671E-05	 3.35072363E-05	 1.49389877E-05	 6.49266197E-06	 1.55121712E-06	 1.86534071E-07	-2.92032730E-07	 3.32461964E-06	 4.87528138E-06	 4.99290548E-06	-1.89989649E-05	-4.91942970E-06	-1.55201906E-06	-3.49636449E-07	-2.07928818E-07	-1.06480891E-07	-1.75639022E-07
 5.400000E-01	-1.30611013E-05	-2.26189320E-05	-3.51991952E-05	-1.44671653E-05	 3.38089471E-05	 1.51349209E-05	 6.62233204E-06	 1.59469376E-06	 1.97846308E-07	-2.98666209E-07	 3.33477504E-06	 4.91498803E-06	 5.08556105E-06	-1.86754403E-05	-4.87583570E-06	-1.55801482E-06	-3.53640880E-07	-2.08713601E-07	-1.02144794E-07	-1.72677706E-07
 5.410000E-01	-1.30846721E-05	-2.27377779E-05	-3.54000143E-05	-1.67562583E-05	 3.41145526E-05	 1.53337344E-05	 6.75415412E-06	 1.63896616E-06	 2.09474566E-07	-3.05437528E-07	 3.34477932E-06	 4.95445874E-06	 5.17655188E-06	-1.83258958E-05	-4.82888995E-06	-1.56322661E-06	-3.57464957E-07	-2.09594144E-07	-9.78708599E-08	-1.69818744E-07
 5.420000E-01	-1.31073455E-05	-2.28551466E-05	-3.55990630E-05	-1.89372344E-05	 3.44245384E-05	 1.55356700E-05	 6.88820457E-06	 1.68405172E-06	 2.21423215E-07	-3.12353252E-07	 3.35462578E-06	 4.99369046E-06	 5.26604421E-06	-1.79500249E-05	-4.77871458E-06	-1.56767243E-06	-3.61091793E-07	-2.10559808E-07	-9.36540507E-08	-1.67061768E-07
 5.430000E-01	-1.31290862E-05	-2.29709825E-05	-3.57963755E-05	-2.10158301E-05	 3.47392749E-05	 1.57410210E-05	 7.02459204E-06	 1.72998268E-06	 2.33700643E-07	-3.19419468E-07	 3.36430311E-06	 5.03266852E-06	 5.35415306E-06	-1.75474161E-05	-4.72529723E-06	-1.57137727E-06	-3.64509754E-07	-2.11600362E-07	-8.94890578E-08	-1.64406087E-07
 5.440000E-01	-1.31498620E-05	-2.30852402E-05	-3.59920446E-05	-2.29979444E-05	 3.50591344E-05	 1.59500780E-05	 7.16342884E-06	 1.77679547E-06	 2.46315829E-07	-3.26642602E-07	 3.37379875E-06	 5.07136576E-06	 5.44085574E-06	-1.71193015E-05	-4.66836231E-06	-1.57434264E-06	-3.67706863E-07	-2.12705361E-07	-8.53699922E-08	-1.61850637E-07
 5.450000E-01	-1.31696829E-05	-2.31979914E-05	-3.61863415E-05	-2.48900232E-05	 3.53847138E-05	 1.61629963E-05	 7.30475978E-06	 1.82449980E-06	 2.59269674E-07	-3.34031854E-07	 3.38310996E-06	 5.10976646E-06	 5.52604065E-06	-1.66703477E-05	-4.60753339E-06	-1.57651912E-06	-3.70658098E-07	-2.13862926E-07	-8.12900202E-08	-1.59394350E-07
 5.460000E-01	-1.31885728E-05	-2.33093390E-05	-3.63795435E-05	-2.66986955E-05	 3.57165367E-05	 1.63798601E-05	 7.44860333E-06	 1.87309612E-06	 2.72561341E-07	-3.41597261E-07	 3.39223820E-06	 5.14787168E-06	 5.60969214E-06	-1.62068914E-05	-4.54271271E-06	-1.57787651E-06	-3.73338370E-07	-2.15061350E-07	-7.72421235E-08	-1.57036180E-07
 5.470000E-01	-1.32065328E-05	-2.34193160E-05	-3.65717658E-05	-2.84300553E-05	 3.60548931E-05	 1.66007946E-05	 7.59501101E-06	 1.92260081E-06	 2.86195526E-07	-3.49347648E-07	 3.40118189E-06	 5.18568851E-06	 5.69191541E-06	-1.57344500E-05	-4.47407620E-06	-1.57843860E-06	-3.75733853E-07	-2.16290576E-07	-7.32196884E-08	-1.54775056E-07
 5.480000E-01	-1.32235509E-05	-2.35279150E-05	-3.67630161E-05	-3.00894312E-05	 3.64000356E-05	 1.68259455E-05	 7.74405326E-06	 1.97303914E-06	 3.00180587E-07	-3.57291192E-07	 3.40993864E-06	 5.22322429E-06	 5.77283395E-06	-1.52573486E-05	-4.40183648E-06	-1.57824439E-06	-3.77835184E-07	-2.17541851E-07	-6.92165320E-08	-1.52610068E-07
 5.490000E-01	-1.32396159E-05	-2.36351299E-05	-3.69532964E-05	-3.16814861E-05	 3.67522060E-05	 1.70554446E-05	 7.89580277E-06	 2.02443855E-06	 3.14527049E-07	-3.65435675E-07	 3.41850556E-06	 5.26048226E-06	 5.85253753E-06	-1.47791226E-05	-4.32616334E-06	-1.57733109E-06	-3.79634253E-07	-2.18807223E-07	-6.52268077E-08	-1.50540384E-07
 5.500000E-01	-1.32547264E-05	-2.37409848E-05	-3.71427111E-05	-3.32103258E-05	 3.71115553E-05	 1.72893924E-05	 8.05032400E-06	 2.07682645E-06	 3.29245854E-07	-3.73788737E-07	 3.42687804E-06	 5.29745902E-06	 5.93107047E-06	-1.43029404E-05	-4.24720632E-06	-1.57574008E-06	-3.81126543E-07	-2.20079196E-07	-6.12444765E-08	-1.48564819E-07
 5.510000E-01	-1.32688800E-05	-2.38455009E-05	-3.73313708E-05	-3.46797728E-05	 3.74783497E-05	 1.75279010E-05	 8.20768332E-06	 2.13023042E-06	 3.44346752E-07	-3.82359115E-07	 3.43505239E-06	 5.33415269E-06	 6.00845698E-06	-1.38320362E-05	-4.16509976E-06	-1.57350283E-06	-3.82305396E-07	-2.21350162E-07	-5.72631600E-08	-1.46682195E-07
 5.520000E-01	-1.32820992E-05	-2.39487680E-05	-3.75195103E-05	-3.60934950E-05	 3.78530291E-05	 1.77710064E-05	 8.36790593E-06	 2.18466004E-06	 3.59833459E-07	-3.91157877E-07	 3.44303021E-06	 5.37057294E-06	 6.08473973E-06	-1.33699467E-05	-4.08014079E-06	-1.57064398E-06	-3.83160431E-07	-2.22612773E-07	-5.32761439E-08	-1.44891423E-07
 5.530000E-01	-1.32944122E-05	-2.40508876E-05	-3.77073726E-05	-3.74548668E-05	 3.82360217E-05	 1.80187300E-05	 8.53100254E-06	 2.24011796E-06	 3.75705879E-07	-4.00197888E-07	 3.45081601E-06	 5.40674592E-06	 6.16008536E-06	-1.29188578E-05	-3.99295423E-06	-1.56722071E-06	-3.83684216E-07	-2.23860075E-07	-4.92761065E-08	-1.43191276E-07
 5.540000E-01	-1.33057955E-05	-2.41518097E-05	-3.78948980E-05	-3.87665777E-05	 3.86273756E-05	 1.82712594E-05	 8.69707371E-06	 2.29664572E-06	 3.91974856E-07	-4.09489443E-07	 3.45840467E-06	 5.44268741E-06	 6.23474985E-06	-1.24774739E-05	-3.90416159E-06	-1.56333877E-06	-3.83883871E-07	-2.25086679E-07	-4.52560965E-08	-1.41580152E-07
 5.550000E-01	-1.33161996E-05	-2.42514109E-05	-3.80818795E-05	-4.00307132E-05	 3.90270348E-05	 1.85288617E-05	 8.86627218E-06	 2.35430845E-06	 4.08659954E-07	-4.19040523E-07	 3.46578516E-06	 5.47839258E-06	 6.30890615E-06	-1.20424252E-05	-3.81395715E-06	-1.55907793E-06	-3.83769119E-07	-2.26288332E-07	-4.12099053E-08	-1.40056369E-07
 5.560000E-01	-1.33255959E-05	-2.43496314E-05	-3.82682472E-05	-4.12492686E-05	 3.94351817E-05	 1.87917421E-05	 9.03871933E-06	 2.41315866E-06	 4.25778344E-07	-4.28859858E-07	 3.47294944E-06	 5.51385021E-06	 6.38261290E-06	-1.16108078E-05	-3.72220796E-06	-1.55445980E-06	-3.83340030E-07	-2.27460355E-07	-3.71311521E-08	-1.38618258E-07
 5.570000E-01	-1.33339655E-05	-2.44464388E-05	-3.84539958E-05	-4.24243955E-05	 3.98520645E-05	 1.90600789E-05	 9.21452499E-06	 2.47324488E-06	 4.43347434E-07	-4.38956154E-07	 3.47988995E-06	 5.54904555E-06	 6.45588555E-06	-1.11806946E-05	-3.62868226E-06	-1.54948584E-06	-3.82593595E-07	-2.28597980E-07	-3.30134289E-08	-1.37264086E-07
 5.580000E-01	-1.33412948E-05	-2.45418173E-05	-3.86391367E-05	-4.35583502E-05	 4.02779573E-05	 1.93340167E-05	 9.39379027E-06	 2.53461231E-06	 4.61385798E-07	-4.49337898E-07	 3.48660027E-06	 5.58396451E-06	 6.52872674E-06	-1.07511295E-05	-3.53315227E-06	-1.54414921E-06	-3.81525887E-07	-2.29696942E-07	-2.88507187E-08	-1.35992265E-07
 5.590000E-01	-1.33475775E-05	-2.46357698E-05	-3.88237025E-05	-4.46534199E-05	 4.07132580E-05	 1.96136749E-05	 9.57659940E-06	 2.59729791E-06	 4.79909287E-07	-4.60015019E-07	 3.49307794E-06	 5.61860454E-06	 6.60117415E-06	-1.03218059E-05	-3.43551799E-06	-1.53844254E-06	-3.80129722E-07	-2.30752801E-07	-2.46366496E-08	-1.34801398E-07
 5.600000E-01	-1.33528032E-05	-2.47282852E-05	-3.90077040E-05	-4.57117534E-05	 4.11582466E-05	 1.98991947E-05	 9.76304368E-06	 2.66134329E-06	 4.98934151E-07	-4.70997706E-07	 3.49932012E-06	 5.65296808E-06	 6.67332187E-06	-9.89196877E-06	-3.33578470E-06	-1.53238675E-06	-3.78402613E-07	-2.31761059E-07	-2.03642080E-08	-1.33689723E-07
 5.610000E-01	-1.33569231E-05	-2.48192422E-05	-3.91909293E-05	-4.67351945E-05	 4.16128955E-05	 2.01908524E-05	 9.95329048E-06	 2.72682461E-06	 5.18487156E-07	-4.82293524E-07	 3.50531667E-06	 5.68704336E-06	 6.74525006E-06	-9.45983886E-06	-3.23366375E-06	-1.52601292E-06	-3.76348497E-07	-2.32716951E-07	-1.60264104E-08	-1.32655084E-07
 5.620000E-01	-1.33598837E-05	-2.49085085E-05	-3.93731847E-05	-4.77253740E-05	 4.20771767E-05	 2.04889583E-05	 1.01475281E-05	 2.79383159E-06	 5.38598505E-07	-4.93909219E-07	 3.51105494E-06	 5.72080325E-06	 6.81691054E-06	-9.02456066E-06	-3.12843049E-06	-1.51930878E-06	-3.73967415E-07	-2.33614986E-07	-1.16159191E-08	-1.31694987E-07
 5.630000E-01	-1.33616975E-05	-2.49961425E-05	-3.95547028E-05	-4.86841055E-05	 4.25516543E-05	 2.07936051E-05	 1.03458216E-05	 2.86240155E-06	 5.59282049E-07	-5.05856662E-07	 3.51653366E-06	 5.75423341E-06	 6.88816068E-06	-8.58850589E-06	-3.01956377E-06	-1.51222238E-06	-3.71245502E-07	-2.34449530E-07	-7.12455914E-09	-1.30807322E-07
 5.640000E-01	-1.33624082E-05	-2.50822919E-05	-3.97358958E-05	-4.96134482E-05	 4.30370994E-05	 2.11047607E-05	 1.05481707E-05	 2.93254194E-06	 5.80544090E-07	-5.18150294E-07	 3.52175724E-06	 5.78733517E-06	 6.95890525E-06	-8.15584480E-06	-2.90716509E-06	-1.50474452E-06	-3.68170828E-07	-2.35216408E-07	-2.54444854E-09	-1.29990509E-07
 5.650000E-01	-1.33620437E-05	-2.51670575E-05	-3.99170584E-05	-5.05153896E-05	 4.35340736E-05	 2.14224254E-05	 1.07546016E-05	 3.00427217E-06	 6.02395931E-07	-5.30803392E-07	 3.52672795E-06	 5.82011413E-06	 7.02912946E-06	-7.73030028E-06	-2.79174752E-06	-1.49692606E-06	-3.64743311E-07	-2.35913615E-07	 2.13133335E-09	-1.29243246E-07
 5.660000E-01	-1.33606369E-05	-2.52505534E-05	-4.00984858E-05	-5.13916698E-05	 4.40431094E-05	 2.17465517E-05	 1.09651232E-05	 3.07760371E-06	 6.24848085E-07	-5.43829703E-07	 3.53145061E-06	 5.85258665E-06	 7.09888620E-06	-7.31449619E-06	-2.67410949E-06	-1.48884783E-06	-3.60967769E-07	-2.36540833E-07	 6.90917028E-09	-1.28564600E-07
 5.670000E-01	-1.33581911E-05	-2.53328087E-05	-4.02802665E-05	-5.22437271E-05	 4.45644606E-05	 2.20771812E-05	 1.11798002E-05	 3.15257119E-06	 6.47920397E-07	-5.57240512E-07	 3.53592580E-06	 5.88476688E-06	 7.16829289E-06	-6.90883493E-06	-2.55495300E-06	-1.48061265E-06	-3.56855800E-07	-2.37098039E-07	 1.17948392E-08	-1.27953634E-07
 5.680000E-01	-1.33546617E-05	-2.54137151E-05	-4.04621996E-05	-5.30726576E-05	 4.50980359E-05	 2.24145441E-05	 1.13988028E-05	 3.22925736E-06	 6.71647459E-07	-5.71043082E-07	 3.54014508E-06	 5.91664932E-06	 7.23744028E-06	-6.51178377E-06	-2.43436736E-06	-1.47229718E-06	-3.52421640E-07	-2.37584218E-07	 1.67940160E-08	-1.27408874E-07
 5.690000E-01	-1.33500197E-05	-2.54932079E-05	-4.06442000E-05	-5.38793962E-05	 4.56439775E-05	 2.27588360E-05	 1.16222788E-05	 3.30773754E-06	 6.96060315E-07	-5.85246197E-07	 3.54410155E-06	 5.94822224E-06	 7.30633034E-06	-6.12225280E-06	-2.31210581E-06	-1.46391378E-06	-3.47669338E-07	-2.37997807E-07	 2.19130447E-08	-1.26928675E-07
 5.700000E-01	-1.33442817E-05	-2.55713537E-05	-4.08264809E-05	-5.46649808E-05	 4.62028827E-05	 2.31100896E-05	 1.18502793E-05	 3.38804375E-06	 7.21175747E-07	-5.99863549E-07	 3.54779586E-06	 5.97948643E-06	 7.37495804E-06	-5.74043312E-06	-2.18826431E-06	-1.45546277E-06	-3.42595518E-07	-2.38337992E-07	 2.71590162E-08	-1.26511627E-07
 5.710000E-01	-1.33374628E-05	-2.56482090E-05	-4.10092498E-05	-5.54305733E-05	 4.67753752E-05	 2.34683643E-05	 1.20828513E-05	 3.47020604E-06	 7.47007063E-07	-6.14910801E-07	 3.55122907E-06	 6.01045048E-06	 7.44340240E-06	-5.36615991E-06	-2.06326833E-06	-1.44699130E-06	-3.37202140E-07	-2.38604717E-07	 3.25398566E-08	-1.26156068E-07
 5.720000E-01	-1.33295344E-05	-2.57237029E-05	-4.11924332E-05	-5.61772857E-05	 4.73616621E-05	 2.38338990E-05	 1.23201401E-05	 3.55429925E-06	 7.73581270E-07	-6.30399997E-07	 3.55439456E-06	 6.04111167E-06	 7.51178288E-06	-4.99769714E-06	-1.93721682E-06	-1.43856659E-06	-3.31501413E-07	-2.38798253E-07	 3.80631873E-08	-1.25859766E-07
 5.730000E-01	-1.33204540E-05	-2.57977262E-05	-4.13758480E-05	-5.69060863E-05	 4.79618231E-05	 2.42069778E-05	 1.25623292E-05	 3.64041477E-06	 8.00933441E-07	-6.46341028E-07	 3.55728405E-06	 6.07146129E-06	 7.58019480E-06	-4.63263067E-06	-1.80970029E-06	-1.43021520E-06	-3.25502510E-07	-2.38918226E-07	 4.37361757E-08	-1.25620505E-07
 5.740000E-01	-1.33101767E-05	-2.58701648E-05	-4.15592941E-05	-5.76178743E-05	 4.85759634E-05	 2.45879021E-05	 1.28096143E-05	 3.72864953E-06	 8.29102138E-07	-6.62742995E-07	 3.55988895E-06	 6.10148604E-06	 7.64869533E-06	-4.26868590E-06	-1.67990677E-06	-1.42192483E-06	-3.19208475E-07	-2.38962914E-07	 4.95662364E-08	-1.25435985E-07
 5.750000E-01	-1.32986477E-05	-2.59408782E-05	-4.17425048E-05	-5.83135148E-05	 4.92041742E-05	 2.49770241E-05	 1.30622299E-05	 3.81911685E-06	 8.58134015E-07	-6.79612974E-07	 3.56219834E-06	 6.13116253E-06	 7.71727253E-06	-3.90434055E-06	-1.54667168E-06	-1.41364196E-06	-3.12617751E-07	-2.38929772E-07	 5.55601436E-08	-1.25304150E-07
 5.760000E-01	-1.32858586E-05	-2.60098636E-05	-4.19255100E-05	-5.89938665E-05	 4.98469308E-05	 2.53744868E-05	 1.33203111E-05	 3.91188650E-06	 8.88065157E-07	-6.96961358E-07	 3.56420806E-06	 6.16047489E-06	 7.78585545E-06	-3.53993492E-06	-1.40922180E-06	-1.40529816E-06	-3.05723565E-07	-2.38817889E-07	 6.17242583E-08	-1.25223651E-07
 5.770000E-01	-1.32718403E-05	-2.60772283E-05	-4.21086030E-05	-5.96598545E-05	 5.05050551E-05	 2.57802641E-05	 1.35838892E-05	 4.00698380E-06	 9.18916511E-07	-7.14803687E-07	 3.56592050E-06	 6.18942388E-06	 7.85441715E-06	-3.17678105E-06	-1.26759835E-06	-1.39688718E-06	-2.98522483E-07	-2.38628310E-07	 6.80657134E-08	-1.25193425E-07
 5.780000E-01	-1.32565890E-05	-2.61429792E-05	-4.22918693E-05	-6.03123940E-05	 5.11791435E-05	 2.61944884E-05	 1.38530683E-05	 4.10446729E-06	 9.50717880E-07	-7.33153721E-07	 3.56733377E-06	 6.21800949E-06	 7.92300028E-06	-2.81521812E-06	-1.12185630E-06	-1.38846273E-06	-2.91020874E-07	-2.38361623E-07	 7.45920225E-08	-1.25212061E-07
 5.790000E-01	-1.32400569E-05	-2.62069959E-05	-4.24751185E-05	-6.09522656E-05	 5.18695119E-05	 2.66175054E-05	 1.41280678E-05	 4.20444994E-06	 9.83515735E-07	-7.52020793E-07	 3.56843921E-06	 6.24621753E-06	 7.99162478E-06	-2.45472819E-06	-9.71364556E-07	-1.38005134E-06	-2.83224749E-07	-2.38016288E-07	 8.13107955E-08	-1.25277662E-07
 5.800000E-01	-1.32222152E-05	-2.62692095E-05	-4.26582930E-05	-6.15801520E-05	 5.25767894E-05	 2.70496011E-05	 1.44090689E-05	 4.30703241E-06	 1.01735069E-06	-7.71416644E-07	 3.56923027E-06	 6.27402990E-06	 8.06023189E-06	-2.09566786E-06	-8.15393601E-07	-1.37162819E-06	-2.75128854E-07	-2.37590184E-07	 8.82305636E-08	-1.25388299E-07
 5.810000E-01	-1.32030870E-05	-2.63297023E-05	-4.28416773E-05	-6.21967402E-05	 5.33020735E-05	 2.74908141E-05	 1.46961221E-05	 4.41225821E-06	 1.05224671E-06	-7.91358294E-07	 3.56970664E-06	 6.30143557E-06	 8.12872019E-06	-1.73983775E-06	-6.53995463E-07	-1.36319168E-06	-2.66728184E-07	-2.37084145E-07	 9.53597933E-08	-1.25542578E-07
 5.820000E-01	-1.31827022E-05	-2.63885776E-05	-4.30255862E-05	-6.28026820E-05	 5.40465637E-05	 2.79411283E-05	 1.49892599E-05	 4.52015950E-06	 1.08822683E-06	-8.11863942E-07	 3.56986897E-06	 6.32842706E-06	 8.19699635E-06	-1.38950055E-06	-4.87953251E-07	-1.35479051E-06	-2.58026378E-07	-2.36502181E-07	 1.02705466E-07	-1.25740093E-07
 5.830000E-01	-1.31611164E-05	-2.64460113E-05	-4.32104817E-05	-6.33985202E-05	 5.48116753E-05	 2.84003676E-05	 1.52884354E-05	 4.63073135E-06	 1.12530348E-06	-8.32955797E-07	 3.56972303E-06	 6.35501166E-06	 8.26502131E-06	-1.04683019E-06	-3.18933871E-07	-1.34653538E-06	-2.49035291E-07	-2.35852198E-07	 1.10273988E-07	-1.25981267E-07
 5.840000E-01	-1.31383781E-05	-2.65021614E-05	-4.33967658E-05	-6.39847527E-05	 5.55986547E-05	 2.88683561E-05	 1.55936058E-05	 4.74396612E-06	 1.16349174E-06	-8.54655786E-07	 3.56927541E-06	 6.38120876E-06	 8.33286983E-06	-7.12468292E-07	-1.48776340E-07	-1.33861505E-06	-2.39780981E-07	-2.35143590E-07	 1.18071397E-07	-1.26266687E-07
 5.850000E-01	-1.31144342E-05	-2.65568973E-05	-4.35842008E-05	-6.45619431E-05	 5.64078650E-05	 2.93454407E-05	 1.59050119E-05	 4.85998257E-06	 1.20284807E-06	-8.76973718E-07	 3.56851826E-06	 6.40701575E-06	 8.40066591E-06	-3.84504255E-07	 2.24369132E-08	-1.33117953E-06	-2.30295784E-07	-2.34380785E-07	 1.26103351E-07	-1.26595623E-07
 5.860000E-01	-1.30892081E-05	-2.66100172E-05	-4.37724012E-05	-6.51306401E-05	 5.72395178E-05	 2.98321249E-05	 1.62229809E-05	 4.97894541E-06	 1.24344208E-06	-8.99915598E-07	 3.56743950E-06	 6.43241426E-06	 8.46846466E-06	-6.07018606E-08	 1.96045909E-07	-1.32423332E-06	-2.20593800E-07	-2.33564080E-07	 1.34376753E-07	-1.26966206E-07
 5.870000E-01	-1.30626765E-05	-2.66614699E-05	-4.39613259E-05	-6.56913848E-05	 5.80943916E-05	 3.03286533E-05	 1.65476987E-05	 5.10095844E-06	 1.28532346E-06	-9.23494347E-07	 3.56603394E-06	 6.45739254E-06	 8.53626986E-06	 2.59882631E-07	 3.73124810E-07	-1.31771808E-06	-2.10672465E-07	-2.32694317E-07	 1.42899963E-07	-1.27376748E-07
 5.880000E-01	-1.30348390E-05	-2.67112682E-05	-4.41511115E-05	-6.62448660E-05	 5.89735737E-05	 3.08351557E-05	 1.68792738E-05	 5.22609702E-06	 1.32853024E-06	-9.47726665E-07	 3.56429771E-06	 6.48194089E-06	 8.60409686E-06	 5.77652011E-07	 5.54170258E-07	-1.31163181E-06	-2.00537897E-07	-2.31775037E-07	 1.51682196E-07	-1.27824918E-07
 5.890000E-01	-1.30056783E-05	-2.67593696E-05	-4.43417738E-05	-6.67917198E-05	 5.98782893E-05	 3.13518788E-05	 1.72178570E-05	 5.35445329E-06	 1.37310289E-06	-9.72630663E-07	 3.56222655E-06	 6.50605307E-06	 8.67200310E-06	 8.93310540E-07	 7.39701041E-07	-1.30600081E-06	-1.90196300E-07	-2.30809564E-07	 1.60733407E-07	-1.28308649E-07
 5.900000E-01	-1.29751669E-05	-2.68057043E-05	-4.45332479E-05	-6.73325281E-05	 6.08097553E-05	 3.18791445E-05	 1.75636424E-05	 5.48613411E-06	 1.41908968E-06	-9.98223169E-07	 3.55981677E-06	 6.52972757E-06	 8.74007898E-06	 1.20804860E-06	 9.30746363E-07	-1.30085555E-06	-1.79654265E-07	-2.29800174E-07	 1.70063465E-07	-1.28826175E-07
 5.910000E-01	-1.29432521E-05	-2.68501358E-05	-4.47253257E-05	-6.78680281E-05	 6.17688765E-05	 3.24174444E-05	 1.79169189E-05	 5.62128991E-06	 1.46655672E-06	-1.02451501E-06	 3.55706049E-06	 6.55295432E-06	 8.80840828E-06	 1.52355176E-06	 1.12953751E-06	-1.29620852E-06	-1.68922684E-07	-2.28746670E-07	 1.79682011E-07	-1.29374852E-07
 5.920000E-01	-1.29098454E-05	-2.68924289E-05	-4.49175679E-05	-6.83990185E-05	 6.27562022E-05	 3.29675161E-05	 1.82781275E-05	 5.76013959E-06	 1.51559637E-06	-1.05150906E-06	 3.55394362E-06	 6.57570371E-06	 8.87698294E-06	 1.84113449E-06	 1.33964976E-06	-1.29195802E-06	-1.58002950E-07	-2.27645162E-07	 1.89597446E-07	-1.29951807E-07
 5.930000E-01	-1.28749229E-05	-2.69325345E-05	-4.51099112E-05	-6.89259835E-05	 6.37729228E-05	 3.35296944E-05	 1.86475330E-05	 5.90282133E-06	 1.56628047E-06	-1.07921546E-06	 3.55046050E-06	 6.59795270E-06	 8.94568936E-06	 2.16007661E-06	 1.56358215E-06	-1.28791849E-06	-1.46876801E-07	-2.26494356E-07	 1.99817266E-07	-1.30556059E-07
 5.940000E-01	-1.28385460E-05	-2.69706457E-05	-4.53028380E-05	-6.94491119E-05	 6.48213692E-05	 3.41037479E-05	 1.90250912E-05	 6.04933591E-06	 1.61863524E-06	-1.10766018E-06	 3.54661727E-06	 6.61970116E-06	 9.01442520E-06	 2.47823884E-06	 1.80108485E-06	-1.28402859E-06	-1.35528174E-07	-2.25299752E-07	 2.10350009E-07	-1.31188376E-07
 5.950000E-01	-1.28007533E-05	-2.70068889E-05	-4.54967194E-05	-6.99686178E-05	 6.59041946E-05	 3.46895709E-05	 1.94107976E-05	 6.19970489E-06	 1.67269031E-06	-1.13686968E-06	 3.54241691E-06	 6.64094973E-06	 9.08315559E-06	 2.79415114E-06	 2.05095559E-06	-1.28039678E-06	-1.23966227E-07	-2.24069853E-07	 2.21204063E-07	-1.31849511E-07
 5.960000E-01	-1.27615447E-05	-2.70412794E-05	-4.56916900E-05	-7.04847137E-05	 6.70241880E-05	 3.52873086E-05	 1.98047669E-05	 6.35400533E-06	 1.72849181E-06	-1.16686689E-06	 3.53785867E-06	 6.66169612E-06	 9.15188266E-06	 3.10728777E-06	 2.31246158E-06	-1.27716117E-06	-1.12205304E-07	-2.22811899E-07	 2.32388042E-07	-1.32540128E-07
 5.970000E-01	-1.27209081E-05	-2.70737932E-05	-4.58878278E-05	-7.09977551E-05	 6.81843748E-05	 3.58972216E-05	 2.02071514E-05	 6.51233703E-06	 1.78608958E-06	-1.19767484E-06	 3.53294039E-06	 6.68193502E-06	 9.22061497E-06	 3.41756602E-06	 2.58544091E-06	-1.27443532E-06	-1.00252117E-07	-2.21530686E-07	 2.43912404E-07	-1.33260297E-07
 5.980000E-01	-1.26788258E-05	-2.71043991E-05	-4.60852206E-05	-7.15084839E-05	 6.93876346E-05	 3.65195959E-05	 2.06181320E-05	 6.67482462E-06	 1.84554519E-06	-1.22931021E-06	 3.52765534E-06	 6.70164660E-06	 9.28931550E-06	 3.72492673E-06	 2.87028332E-06	-1.27232116E-06	-8.81312385E-08	-2.20233302E-07	 2.55786207E-07	-1.34008146E-07
 5.990000E-01	-1.26352907E-05	-2.71330920E-05	-4.62839630E-05	-7.20173655E-05	 7.06370189E-05	 3.71546232E-05	 2.10378733E-05	 6.84157639E-06	 1.90691891E-06	-1.26179262E-06	 3.52199942E-06	 6.72081407E-06	 9.35791752E-06	 4.02881280E-06	 3.16683722E-06	-1.27084355E-06	-7.58528639E-08	-2.18927695E-07	 2.68017537E-07	-1.34783652E-07
 6.000000E-01	-1.25903545E-05	-2.71600316E-05	-4.64844790E-05	-7.25244155E-05	 7.19363728E-05	 3.78020125E-05	 2.14663053E-05	 7.01259049E-06	 1.97023672E-06	-1.29515459E-06	 3.51597823E-06	 6.73944343E-06	 9.42640443E-06	 4.32839469E-06	 3.47307848E-06	-1.27010273E-06	-6.34276523E-08	-2.17627176E-07	 2.80615345E-07	-1.35588538E-07
 6.010000E-01	-1.25440576E-05	-2.71853514E-05	-4.66871273E-05	-7.30295801E-05	 7.32897909E-05	 3.84615199E-05	 2.19033815E-05	 7.18786772E-06	 2.03553032E-06	-1.32942779E-06	 3.50959727E-06	 6.75755087E-06	 9.49486792E-06	 4.62403156E-06	 3.78730491E-06	-1.27038399E-06	-5.09000564E-08	-2.16348277E-07	 2.93588176E-07	-1.36424432E-07
 6.020000E-01	-1.24963348E-05	-2.72088880E-05	-4.68916367E-05	-7.35331766E-05	 7.47009189E-05	 3.91337389E-05	 2.23494792E-05	 7.36759828E-06	 2.10289380E-06	-1.36462518E-06	 3.50284850E-06	 6.77513053E-06	 9.56343099E-06	 4.91761655E-06	 4.11169666E-06	-1.27194318E-06	-3.83304195E-08	-2.15101108E-07	 3.06943813E-07	-1.37290740E-07
 6.030000E-01	-1.24471036E-05	-2.72304225E-05	-4.70976336E-05	-7.40357403E-05	 7.61737216E-05	 3.98194668E-05	 2.28050763E-05	 7.55202801E-06	 2.17243693E-06	-1.40075534E-06	 3.49572092E-06	 6.79216490E-06	 9.63216707E-06	 5.21093472E-06	 4.45131370E-06	-1.27482979E-06	-2.57530909E-08	-2.13889955E-07	 3.20692063E-07	-1.38184946E-07
 6.040000E-01	-1.23963127E-05	-2.72498236E-05	-4.73049486E-05	-7.45378335E-05	 7.77130657E-05	 4.05192774E-05	 2.32705404E-05	 7.74135801E-06	 2.24425440E-06	-1.43783321E-06	 3.48820647E-06	 6.80863710E-06	 9.70110743E-06	 5.50496109E-06	 4.81186816E-06	-1.27897472E-06	-1.31781179E-08	-2.12717461E-07	 3.34844813E-07	-1.39104136E-07
 6.050000E-01	-1.23439256E-05	-2.72669987E-05	-4.75135222E-05	-7.50401255E-05	 7.93249304E-05	 4.12335883E-05	 2.37461621E-05	 7.93576646E-06	 2.31843097E-06	-1.47587734E-06	 3.48029698E-06	 6.82452629E-06	 9.77025460E-06	 5.80013034E-06	 5.19898536E-06	-1.28430796E-06	-6.16293038E-10	-2.11588127E-07	 3.49414376E-07	-1.40044394E-07
 6.060000E-01	-1.22899303E-05	-2.72819162E-05	-4.77234017E-05	-7.55428065E-05	 8.10168534E-05	 4.19626000E-05	 2.42321173E-05	 8.13537335E-06	 2.39503129E-06	-1.51491721E-06	 3.47199034E-06	 6.83982677E-06	 9.83964166E-06	 6.09664704E-06	 5.61769299E-06	-1.29080144E-06	 1.19386856E-08	-2.10506724E-07	 3.64415122E-07	-1.41004331E-07
 6.070000E-01	-1.22343184E-05	-2.72945646E-05	-4.79346891E-05	-7.60459666E-05	 8.27979110E-05	 4.27065065E-05	 2.47285613E-05	 8.34028659E-06	 2.47412362E-06	-1.55497984E-06	 3.46328603E-06	 6.85454048E-06	 9.90934721E-06	 6.39509339E-06	 6.07398336E-06	-1.29859907E-06	 2.44693552E-08	-2.09480520E-07	 3.79861458E-07	-1.41982984E-07
 6.080000E-01	-1.21770091E-05	-2.73047401E-05	-4.81471166E-05	-7.65502412E-05	 8.46781443E-05	 4.34662677E-05	 2.52359977E-05	 8.55077380E-06	 2.55583601E-06	-1.59606886E-06	 3.45417255E-06	 6.86864398E-06	 9.97940192E-06	 6.69639480E-06	 6.57759918E-06	-1.30785107E-06	 3.69334127E-08	-2.08513606E-07	 3.95765508E-07	-1.42977402E-07
 6.090000E-01	-1.21178935E-05	-2.73121613E-05	-4.83602478E-05	-7.70563769E-05	 8.66687942E-05	 4.42432796E-05	 2.57551494E-05	 8.76719914E-06	 2.64033502E-06	-1.63817395E-06	 3.44463348E-06	 6.88209167E-06	 1.00496932E-05	 7.00035593E-06	 7.13989671E-06	-1.31838118E-06	 4.93275360E-08	-2.07604523E-07	 4.12137619E-07	-1.43985397E-07
 6.100000E-01	-1.20569755E-05	-2.73168669E-05	-4.85743073E-05	-7.75644993E-05	 8.87839427E-05	 4.50378281E-05	 2.62862348E-05	 8.98970309E-06	 2.72771678E-06	-1.68130868E-06	 3.43466538E-06	 6.89485399E-06	 1.01200259E-05	 7.30490911E-06	 7.76726375E-06	-1.32982959E-06	 6.16963095E-08	-2.06757621E-07	 4.28989452E-07	-1.45007865E-07
 6.110000E-01	-1.19943222E-05	-2.73190677E-05	-4.87898818E-05	-7.80742947E-05	 9.10410707E-05	 4.58493606E-05	 2.68290994E-05	 9.21825757E-06	 2.81801416E-06	-1.72551489E-06	 3.42427205E-06	 6.90691775E-06	 1.01902377E-05	 7.60758265E-06	 8.45970636E-06	-1.34201546E-06	 7.40818560E-08	-2.05984675E-07	 4.46333671E-07	-1.46048159E-07
 6.120000E-01	-1.19299978E-05	-2.73189589E-05	-4.90075209E-05	-7.85853684E-05	 9.34609468E-05	 4.66771266E-05	 2.73835393E-05	 9.45280884E-06	 2.91124169E-06	-1.77085018E-06	 3.41345756E-06	 6.91827774E-06	 1.02602440E-05	 7.90667692E-06	 9.21336289E-06	-1.35503928E-06	 8.64890812E-08	-2.05304358E-07	 4.64181906E-07	-1.47110743E-07
 6.130000E-01	-1.18640626E-05	-2.73167176E-05	-4.92277474E-05	-7.90975045E-05	 9.60674919E-05	 4.75203329E-05	 2.79493371E-05	 9.69328795E-06	 3.00739981E-06	-1.81738733E-06	 3.40222678E-06	 6.92893828E-06	 1.03300557E-05	 8.20158228E-06	 1.00230342E-05	-1.36925807E-06	 9.88916546E-08	-2.04738770E-07	 4.82547458E-07	-1.48200538E-07
 6.140000E-01	-1.17964963E-05	-2.73123044E-05	-4.94507363E-05	-7.96120979E-05	 9.88858757E-05	 4.83792153E-05	 2.85267080E-05	 9.93982268E-06	 3.10655194E-06	-1.86517872E-06	 3.39057046E-06	 6.93887340E-06	 1.03996703E-05	 8.49257259E-06	 1.08859138E-05	-1.38511842E-06	 1.11202916E-07	-2.04309966E-07	 5.01441133E-07	-1.49317204E-07
 6.150000E-01	-1.17272215E-05	-2.73055289E-05	-4.96764319E-05	-8.01321563E-05	 1.01939601E-04	 4.92551070E-05	 2.91162915E-05	 1.01927250E-05	 3.20882888E-06	-1.91424980E-06	 3.37846830E-06	 6.94802443E-06	 1.04689726E-05	 8.77946929E-06	 1.17994574E-05	-1.40268088E-06	 1.23346792E-07	-2.04035048E-07	 5.20871778E-07	-1.50457033E-07
 6.160000E-01	-1.16562237E-05	-2.72963811E-05	-4.99052005E-05	-8.06612726E-05	 1.05247349E-04	 5.01491700E-05	 2.97185068E-05	 1.04521893E-05	 3.31433028E-06	-1.96463438E-06	 3.36590689E-06	 6.95634284E-06	 1.05378128E-05	 9.06103566E-06	 1.27532552E-05	-1.42158105E-06	 1.35323139E-07	-2.03927099E-07	 5.40853511E-07	-1.51618486E-07
 6.170000E-01	-1.15835427E-05	-2.72850203E-05	-5.01378773E-05	-8.12041506E-05	 1.08817261E-04	 5.10625850E-05	 3.03335218E-05	 1.07182804E-05	 3.42311997E-06	-2.01637288E-06	 3.35287782E-06	 6.96379699E-06	 1.06061141E-05	 9.33607014E-06	 1.37253425E-05	-1.44152988E-06	 1.47129243E-07	-2.04002117E-07	 5.61405535E-07	-1.52799871E-07
 6.180000E-01	-1.15091788E-05	-2.72715110E-05	-5.03752499E-05	-8.17676118E-05	 1.12636995E-04	 5.19982106E-05	 3.09618659E-05	 1.09911880E-05	 3.53530746E-06	-2.06948793E-06	 3.33936624E-06	 6.97035297E-06	 1.06738835E-05	 9.60431469E-06	 1.46839963E-05	-1.46244420E-06	 1.58710903E-07	-2.04277070E-07	 5.82548544E-07	-1.53997379E-07
 6.190000E-01	-1.14331012E-05	-2.72558392E-05	-5.06180769E-05	-8.23608872E-05	 1.16660828E-04	 5.29611346E-05	 3.16045362E-05	 1.12712624E-05	 3.65105878E-06	-2.12398353E-06	 3.32535208E-06	 6.97597428E-06	 1.07411818E-05	 9.86623081E-06	 1.55878388E-05	-1.48424244E-06	 1.69981614E-07	-2.04768691E-07	 6.04304500E-07	-1.55204250E-07
 6.200000E-01	-1.13552756E-05	-2.72379836E-05	-5.08672031E-05	-8.29954061E-05	 1.20794282E-04	 5.39588202E-05	 3.22629113E-05	 1.15589730E-05	 3.77058521E-06	-2.17984790E-06	 3.31081323E-06	 6.98062689E-06	 1.08081078E-05	 1.01226856E-05	 1.63840214E-05	-1.50672243E-06	 1.80836776E-07	-2.05494699E-07	 6.26696492E-07	-1.56409655E-07
 6.210000E-01	-1.12756668E-05	-2.72179065E-05	-5.11234021E-05	-8.36836463E-05	 1.24877708E-04	 5.50011853E-05	 3.29387581E-05	 1.18549116E-05	 3.89415061E-06	-2.23705151E-06	 3.29572864E-06	 6.98428669E-06	 1.08747991E-05	 1.03748442E-05	 1.70062904E-05	-1.52947078E-06	 1.91169456E-07	-2.06474954E-07	 6.49746289E-07	-1.57600007E-07
 6.220000E-01	-1.11943207E-05	-2.71957472E-05	-5.13875251E-05	-8.44360441E-05	 1.28673764E-04	 5.60989061E-05	 3.36335871E-05	 1.21595285E-05	 4.02198881E-06	-2.29557947E-06	 3.28009494E-06	 6.98698379E-06	 1.09415489E-05	 1.06244826E-05	 1.73728525E-05	-1.55208492E-06	 2.00897826E-07	-2.07739425E-07	 6.73477773E-07	-1.58765213E-07
 6.230000E-01	-1.11113585E-05	-2.71717801E-05	-5.16602713E-05	-8.52587975E-05	 1.31861981E-04	 5.72625980E-05	 3.43483915E-05	 1.24730728E-05	 4.15428317E-06	-2.35543649E-06	 3.26392897E-06	 6.98881625E-06	 1.10089066E-05	 1.08750120E-05	 1.73926754E-05	-1.57488711E-06	 2.09887285E-07	-2.09337620E-07	 6.97916791E-07	-1.59899066E-07
 6.240000E-01	-1.10268530E-05	-2.71460503E-05	-5.19413397E-05	-8.61533182E-05	 1.34042218E-04	 5.85036825E-05	 3.50842491E-05	 1.27959239E-05	 4.29128454E-06	-2.41659852E-06	 3.24725092E-06	 6.98990455E-06	 1.10775563E-05	 1.11315676E-05	 1.69815218E-05	-1.59913734E-06	 2.17849399E-07	-2.11347113E-07	 7.23078198E-07	-1.60994122E-07
 6.250000E-01	-1.09408173E-05	-2.71183014E-05	-5.22290553E-05	-8.71140962E-05	 1.34751500E-04	 5.98330163E-05	 3.58422371E-05	 1.31286272E-05	 4.43332763E-06	-2.47900877E-06	 3.23008260E-06	 6.99036930E-06	 1.11481267E-05	 1.13994673E-05	 1.60746716E-05	-1.62630483E-06	 2.24440829E-07	-2.13869654E-07	 7.48961590E-07	-1.62045346E-07
 6.260000E-01	-1.08532904E-05	-2.70882062E-05	-5.25206796E-05	-8.81263567E-05	 1.33498702E-04	 6.12567661E-05	 3.66223922E-05	 1.34715493E-05	 4.58072838E-06	-2.54260888E-06	 3.21245652E-06	 6.99033628E-06	 1.12210827E-05	 1.16826344E-05	 1.46324025E-05	-1.65745248E-06	 2.29385287E-07	-2.17031071E-07	 7.75552234E-07	-1.63053183E-07
 6.270000E-01	-1.07643350E-05	-2.70553839E-05	-5.28123995E-05	-8.91656524E-05	 1.29814677E-04	 6.27734161E-05	 3.74232179E-05	 1.38247385E-05	 4.73375784E-06	-2.60734798E-06	 3.19441452E-06	 6.98992886E-06	 1.12966670E-05	 1.19829836E-05	 1.26446153E-05	-1.69297211E-06	 2.32544840E-07	-2.20970794E-07	 8.02819468E-07	-1.64026290E-07
 6.280000E-01	-1.06740276E-05	-2.70193933E-05	-5.30994387E-05	-9.01992407E-05	 1.23312621E-04	 6.43719514E-05	 3.82414587E-05	 1.41878639E-05	 4.89262154E-06	-2.67319591E-06	 3.17600568E-06	 6.98926382E-06	 1.13748926E-05	 1.23003159E-05	 1.01349436E-05	-1.73243982E-06	 2.33991960E-07	-2.25826085E-07	 8.30719789E-07	-1.64985214E-07
 6.290000E-01	-1.05824580E-05	-2.69797850E-05	-5.33765316E-05	-9.11899132E-05	 1.13749607E-04	 6.60315066E-05	 3.90720677E-05	 1.45601834E-05	 5.05744133E-06	-2.74014785E-06	 3.15728209E-06	 6.98844116E-06	 1.14555466E-05	 1.26325445E-05	 7.16446903E-06	-1.77482249E-06	 2.33995460E-07	-2.31723444E-07	 8.59199865E-07	-1.65961005E-07
 6.300000E-01	-1.04896220E-05	-2.69358514E-05	-5.36379040E-05	-9.21017818E-05	 1.01075450E-04	 6.77242142E-05	 3.99093428E-05	 1.49409850E-05	 5.22838258E-06	-2.80817367E-06	 3.13827635E-06	 6.98748518E-06	 1.15380650E-05	 1.29757361E-05	 3.83550295E-06	-1.81841556E-06	 2.32932992E-07	-2.38768780E-07	 8.88190068E-07	-1.66985739E-07
 6.310000E-01	-1.03954388E-05	-2.68866964E-05	-5.38777975E-05	-9.29040357E-05	 8.54615076E-05	 6.94166705E-05	 4.07473601E-05	 1.53296945E-05	 5.40565044E-06	-2.87722146E-06	 3.11899864E-06	 6.98632820E-06	 1.16214617E-05	 1.33235284E-05	 2.82809172E-07	-1.85993111E-06	 2.31380589E-07	-2.47030924E-07	 9.17610346E-07	-1.68089125E-07
 6.320000E-01	-1.02998974E-05	-2.68316926E-05	-5.40916966E-05	-9.35730743E-05	 6.73054388E-05	 7.10703106E-05	 4.15794263E-05	 1.57254528E-05	 5.58931768E-06	-2.94729173E-06	 3.09945754E-06	 6.98487089E-06	 1.17045331E-05	 1.36675899E-05	-3.34799151E-06	-1.89421739E-06	 2.30258153E-07	-2.56521972E-07	 9.47393179E-07	-1.69305337E-07
 6.330000E-01	-1.02030660E-05	-2.67705734E-05	-5.42768929E-05	-9.40957347E-05	 4.72060271E-05	 7.26455417E-05	 4.23986279E-05	 1.61271367E-05	 5.77930174E-06	-3.01845275E-06	 3.07966275E-06	 6.98301427E-06	 1.17861206E-05	 1.39995874E-05	-6.91719080E-06	-1.91558970E-06	 2.30680538E-07	-2.67195867E-07	 9.77495140E-07	-1.70667987E-07
 6.340000E-01	-1.01050321E-05	-2.67033095E-05	-5.44324072E-05	-9.44710360E-05	 2.59083144E-05	 7.41076714E-05	 4.31991137E-05	 1.65336944E-05	 5.97545918E-06	-3.09081525E-06	 3.05961943E-06	 6.98066544E-06	 1.18652738E-05	 1.43129193E-05	-1.02987796E-05	-1.91931196E-06	 2.33702804E-07	-2.78967840E-07	 1.00789633E-06	-1.72206757E-07
 6.350000E-01	-1.00058831E-05	-2.66300689E-05	-5.45588802E-05	-9.47095094E-05	 4.22855042E-06	 7.54315414E-05	 4.39769966E-05	 1.69443619E-05	 6.17765837E-06	-3.16450570E-06	 3.03932651E-06	 6.97774297E-06	 1.19413164E-05	 1.46034037E-05	-1.33840755E-05	-1.90240643E-06	 2.40127346E-07	-2.91741237E-07	 1.03859665E-06	-1.73947956E-07
 6.360000E-01	-9.90565012E-06	-2.65510338E-05	-5.46580176E-05	-9.48305609E-05	-1.70288325E-05	 7.66044270E-05	 4.47311477E-05	 1.73589802E-05	 6.38588568E-06	-3.23962124E-06	 3.01876782E-06	 6.97415457E-06	 1.20137795E-05	 1.48690613E-05	-1.60834839E-05	-1.86349594E-06	 2.50426496E-07	-3.05412740E-07	 1.06961196E-06	-1.75907657E-07
 6.370000E-01	-9.80432986E-06	-2.64664135E-05	-5.47323457E-05	-9.48589587E-05	-3.71473169E-05	 7.76267572E-05	 4.54631506E-05	 1.77779964E-05	 6.60025051E-06	-3.31622658E-06	 2.99791718E-06	 6.96980619E-06	 1.20823596E-05	 1.51093156E-05	-1.83332488E-05	-1.80173345E-06	 2.64893663E-07	-3.19854016E-07	 1.10097775E-06	-1.78092898E-07
 6.380000E-01	-9.70202486E-06	-2.63768108E-05	-5.47858162E-05	-9.48228443E-05	-5.55564967E-05	 7.85124714E-05	 4.61761774E-05	 1.82018722E-05	 6.82077388E-06	-3.39443778E-06	 2.97676463E-06	 6.96466753E-06	 1.21470640E-05	 1.53249140E-05	-2.01048287E-05	-1.71691103E-06	 2.83772339E-07	-3.34920196E-07	 1.13276146E-06	-1.80513600E-07
 6.390000E-01	-9.59890396E-06	-2.62830723E-05	-5.48231982E-05	-9.47511864E-05	-7.18700222E-05	 7.92886017E-05	 4.68749293E-05	 1.86310922E-05	 7.04739353E-06	-3.47443024E-06	 2.95531437E-06	 6.95876836E-06	 1.22082463E-05	 1.55185220E-05	-2.14005473E-05	-1.61086551E-06	 3.07073242E-07	-3.50479376E-07	 1.16505955E-06	-1.83180113E-07
 6.400000E-01	-9.49507560E-06	-2.61858750E-05	-5.48487514E-05	-9.46697059E-05	-8.58978302E-05	 7.99913487E-05	 4.75658866E-05	 1.90665589E-05	 7.28013975E-06	-3.55636878E-06	 2.93356682E-06	 6.95214372E-06	 1.22664199E-05	 1.56942818E-05	-2.22399002E-05	-1.48743516E-06	 3.34444388E-07	-3.66431672E-07	 1.19797650E-06	-1.86095989E-07
 6.410000E-01	-9.39057828E-06	-2.60856649E-05	-5.48657754E-05	-9.45981168E-05	-9.76307218E-05	 8.06605118E-05	 4.82565377E-05	 1.95094962E-05	 7.51914579E-06	-3.64040324E-06	 2.91151746E-06	 6.94481521E-06	 1.23220912E-05	 1.58565637E-05	-2.26513764E-05	-1.35088404E-06	 3.65345511E-07	-3.82702880E-07	 1.23161942E-06	-1.89259314E-07
 6.420000E-01	-9.28538485E-06	-2.59826558E-05	-5.48764872E-05	-9.45491959E-05	-1.07204991E-04	 8.13337640E-05	 4.89544449E-05	 1.99613062E-05	 7.76463767E-06	-3.72665523E-06	 2.88915516E-06	 6.93677704E-06	 1.23756335E-05	 1.60089683E-05	-2.26699198E-05	-1.20429846E-06	 3.99250582E-07	-3.99221725E-07	 1.26609259E-06	-1.92658717E-07
 6.430000E-01	-9.17944331E-06	-2.58769210E-05	-5.48822567E-05	-9.45294078E-05	-1.14856898E-04	 8.20430229E-05	 4.96663717E-05	 2.04233653E-05	 8.01688062E-06	-3.81522606E-06	 2.86646776E-06	 6.92801022E-06	 1.24272837E-05	 1.61539598E-05	-2.23388775E-05	-1.04867414E-06	 4.35860273E-07	-4.15892709E-07	 1.30149888E-06	-1.96279169E-07
 6.440000E-01	-9.07275832E-06	-2.57686360E-05	-5.48842852E-05	-9.45412504E-05	-1.20876640E-04	 8.28139105E-05	 5.03974765E-05	 2.08966022E-05	 8.27602590E-06	-3.90626303E-06	 2.84345561E-06	 6.91852231E-06	 1.24772710E-05	 1.62933247E-05	-2.17115303E-05	-8.83866326E-07	 4.75106634E-07	-4.32615746E-07	 1.33794545E-06	-2.00113695E-07
 6.450000E-01	-8.96535017E-06	-2.56579530E-05	-5.48833828E-05	-9.45839532E-05	-1.25569554E-04	 8.36644709E-05	 5.11515101E-05	 2.13816630E-05	 8.54216548E-06	-3.99993277E-06	 2.82012398E-06	 6.90833223E-06	 1.25258306E-05	 1.64287664E-05	-2.08438465E-05	-7.09882611E-07	 5.16923469E-07	-4.49315308E-07	 1.37553481E-06	-2.04160366E-07
 6.460000E-01	-8.85715303E-06	-2.55447150E-05	-5.48793196E-05	-9.46531095E-05	-1.29225589E-04	 8.46031549E-05	 5.19314139E-05	 2.18793843E-05	 8.81552696E-06	-4.09633106E-06	 2.79646553E-06	 6.89742071E-06	 1.25730740E-05	 1.65617073E-05	-1.97854445E-05	-5.26264893E-07	 5.61185694E-07	-4.65929129E-07	 1.41434940E-06	-2.08405035E-07
 6.470000E-01	-8.74806192E-06	-2.54286236E-05	-5.48713048E-05	-9.47425496E-05	-1.32098125E-04	 8.56311650E-05	 5.27392538E-05	 2.23906098E-05	 9.09641161E-06	-4.19552655E-06	 2.77246797E-06	 6.88574673E-06	 1.26189981E-05	 1.66929297E-05	-1.85800469E-05	-3.31168097E-07	 6.07906385E-07	-4.82386045E-07	 1.45446329E-06	-2.12825941E-07
 6.480000E-01	-8.63800045E-06	-2.53094492E-05	-5.48586183E-05	-9.48464690E-05	-1.34394554E-04	 8.67460381E-05	 5.35762055E-05	 2.29159687E-05	 9.38509222E-06	-4.29760919E-06	 2.74812356E-06	 6.87327536E-06	 1.26635648E-05	 1.68227230E-05	-1.72688043E-05	-1.21824105E-07	 6.57269956E-07	-4.98608578E-07	 1.49595099E-06	-2.17402395E-07
 6.490000E-01	-8.52692314E-06	-2.51870544E-05	-5.48407271E-05	-9.49602142E-05	-1.36276481E-04	 8.79440823E-05	 5.44429119E-05	 2.34559123E-05	 9.68181624E-06	-4.40269805E-06	 2.72342854E-06	 6.85998180E-06	 1.27067454E-05	 1.69512342E-05	-1.58906411E-05	 1.04358646E-07	 7.09510210E-07	-5.14527027E-07	 1.53888725E-06	-2.22115239E-07
 6.500000E-01	-8.41483931E-06	-2.50614669E-05	-5.48175411E-05	-9.50809248E-05	-1.37864777E-04	 8.92220760E-05	 5.53394902E-05	 2.40106293E-05	 9.98675611E-06	-4.51094909E-06	 2.69838662E-06	 6.84586304E-06	 1.27485681E-05	 1.70787514E-05	-1.44804792E-05	 3.48616967E-07	 7.64714542E-07	-5.30124769E-07	 1.58333908E-06	-2.26951447E-07
 6.510000E-01	-8.30175693E-06	-2.49326899E-05	-5.47889587E-05	-9.52063507E-05	-1.39247149E-04	 9.05767755E-05	 5.62660904E-05	 2.45803848E-05	 1.03001197E-05	-4.62250037E-06	 2.67299947E-06	 6.83091448E-06	 1.27890707E-05	 1.72057281E-05	-1.30647732E-05	 6.11185454E-07	 8.22751500E-07	-5.45433181E-07	 1.62936233E-06	-2.31900863E-07
 6.520000E-01	-8.18761761E-06	-2.48005124E-05	-5.47543679E-05	-9.53335781E-05	-1.40484831E-04	 9.20036825E-05	 5.72233931E-05	 2.51658993E-05	 1.06223077E-05	-4.73740161E-06	 2.64725622E-06	 6.81509874E-06	 1.28281939E-05	 1.73323257E-05	-1.16607716E-05	 8.93302027E-07	 8.83471062E-07	-5.60476547E-07	 1.67700016E-06	-2.36944759E-07
 6.530000E-01	-8.07239447E-06	-2.46647988E-05	-5.47134154E-05	-9.54605598E-05	-1.41617652E-04	 9.34993086E-05	 5.82119035E-05	 2.57678995E-05	 1.09537376E-05	-4.85568455E-06	 2.62114925E-06	 6.79838346E-06	 1.28658491E-05	 1.74582131E-05	-1.02835237E-05	 1.19726143E-06	 9.46906740E-07	-5.75261532E-07	 1.72629618E-06	-2.42069273E-07
 6.540000E-01	-7.95616709E-06	-2.45257381E-05	-5.46666208E-05	-9.55876237E-05	-1.42670527E-04	 9.50642333E-05	 5.92314401E-05	 2.63865793E-05	 1.12946270E-05	-4.97747553E-06	 2.59468664E-06	 6.78077704E-06	 1.29020402E-05	 1.75830537E-05	-8.95001403E-06	 1.52374607E-06	 1.01308811E-06	-5.89831623E-07	 1.77730280E-06	-2.47278289E-07
 6.550000E-01	-7.83904029E-06	-2.43836077E-05	-5.46147197E-05	-9.57160475E-05	-1.43660188E-04	 9.67020226E-05	 6.02818219E-05	 2.70219549E-05	 1.16451288E-05	-5.10295427E-06	 2.56788023E-06	 6.76230226E-06	 1.29368414E-05	 1.77069006E-05	-7.67472318E-06	 1.87068308E-06	 1.08178895E-06	-6.04283775E-07	 1.83007136E-06	-2.52582858E-07
 6.560000E-01	-7.72110412E-06	-2.42386484E-05	-5.45583277E-05	-9.58470868E-05	-1.44598876E-04	 9.84177524E-05	 6.13630936E-05	 2.76740602E-05	 1.20054064E-05	-5.23231802E-06	 2.54074125E-06	 6.74298370E-06	 1.29703621E-05	 1.78301969E-05	-6.46500400E-06	 2.23398190E-06	 1.15249719E-06	-6.18768939E-07	 1.88464567E-06	-2.57996821E-07
 6.570000E-01	-7.60238400E-06	-2.40909219E-05	-5.44975622E-05	-9.59810719E-05	-1.45496523E-04	 1.00216257E-04	 6.24759011E-05	 2.83432175E-05	 1.23757489E-05	-5.36573094E-06	 2.51327242E-06	 6.72282435E-06	 1.30026686E-05	 1.79535096E-05	-5.31885611E-06	 2.60985832E-06	 1.22455440E-06	-6.33450721E-07	 1.94106296E-06	-2.63523587E-07
 6.580000E-01	-7.48282359E-06	-2.39402351E-05	-5.44318925E-05	-9.61168800E-05	-1.46360985E-04	 1.02100341E-04	 6.36216078E-05	 2.90303178E-05	 1.27566797E-05	-5.50324721E-06	 2.48546489E-06	 6.70179291E-06	 1.30337203E-05	 1.80771127E-05	-4.22756449E-06	 2.99755362E-06	 1.29748771E-06	-6.48439204E-07	 1.99935058E-06	-2.69148133E-07
 6.590000E-01	-7.36239877E-06	-2.37864731E-05	-5.43610152E-05	-9.62537493E-05	-1.47197227E-04	 1.04073344E-04	 6.48012934E-05	 2.97361839E-05	 1.31487010E-05	-5.64492485E-06	 2.45731591E-06	 6.67986974E-06	 1.30634744E-05	 1.82010021E-05	-3.18273343E-06	 3.39830071E-06	 1.37115986E-06	-6.63796567E-07	 2.05954920E-06	-2.74859788E-07
 6.600000E-01	-7.24114430E-06	-2.36296800E-05	-5.42850661E-05	-9.63918677E-05	-1.48008527E-04	 1.06140514E-04	 6.60156189E-05	 3.04613541E-05	 1.35521935E-05	-5.79088211E-06	 2.42883222E-06	 6.65705951E-06	 1.30919496E-05	 1.83252530E-05	-2.17806823E-06	 3.81311557E-06	 1.44553347E-06	-6.79584662E-07	 2.12171694E-06	-2.80662059E-07
 6.610000E-01	-7.11908425E-06	-2.34698529E-05	-5.42041015E-05	-9.65313076E-05	-1.48798040E-04	 1.08307100E-04	 6.72654280E-05	 3.12065227E-05	 1.39675880E-05	-5.94120256E-06	 2.40001886E-06	 6.63336187E-06	 1.31191659E-05	 1.84500682E-05	-1.20681492E-06	 4.24330357E-06	 1.52048841E-06	-6.95875170E-07	 2.18590779E-06	-2.86553678E-07
 6.620000E-01	-6.99620724E-06	-2.33068962E-05	-5.41179311E-05	-9.66717147E-05	-1.49569034E-04	 1.10578140E-04	 6.85518547E-05	 3.19725707E-05	 1.43954077E-05	-6.09592913E-06	 2.37087605E-06	 6.60876240E-06	 1.31451074E-05	 1.85756318E-05	-2.61347585E-07	 4.69170882E-06	 1.59589851E-06	-7.12735345E-07	 2.25216759E-06	-2.92520544E-07
 6.630000E-01	-6.87246941E-06	-2.31406240E-05	-5.40260863E-05	-9.68121854E-05	-1.50324556E-04	 1.12959035E-04	 6.98764674E-05	 3.27605967E-05	 1.48362830E-05	-6.25508390E-06	 2.34139889E-06	 6.58323279E-06	 1.31697121E-05	 1.87019727E-05	 6.65277505E-07	 5.16350802E-06	 1.67182113E-06	-7.30185760E-07	 2.32055036E-06	-2.98541020E-07
 6.640000E-01	-6.74782256E-06	-2.29708497E-05	-5.39280486E-05	-9.69517685E-05	-1.51067155E-04	 1.15456586E-04	 7.12409808E-05	 3.35717482E-05	 1.52908950E-05	-6.41869630E-06	 2.31158102E-06	 6.55674015E-06	 1.31928869E-05	 1.88289006E-05	 1.57685114E-06	 5.66523338E-06	 1.74855939E-06	-7.48198109E-07	 2.39111892E-06	-3.04591071E-07
 6.650000E-01	-6.62228580E-06	-2.27976070E-05	-5.38238584E-05	-9.70908040E-05	-1.51798750E-04	 1.18080936E-04	 7.26463336E-05	 3.44066367E-05	 1.57597358E-05	-6.58689639E-06	 2.28142538E-06	 6.52927556E-06	 1.32145847E-05	 1.89561950E-05	 2.47288846E-06	 6.20151771E-06	 1.82637658E-06	-7.66777144E-07	 2.46394528E-06	-3.10657992E-07
 6.660000E-01	-6.49592169E-06	-2.26210459E-05	-5.37138910E-05	-9.72303540E-05	-1.52521173E-04	 1.20844455E-04	 7.40930563E-05	 3.52655892E-05	 1.62431693E-05	-6.75987090E-06	 2.25094087E-06	 6.50084623E-06	 1.32348108E-05	 1.90838175E-05	 3.35180874E-06	 6.77447757E-06	 1.90520655E-06	-7.86010818E-07	 2.53909750E-06	-3.16743503E-07
 6.670000E-01	-6.36875660E-06	-2.24411865E-05	-5.35982095E-05	-9.73707573E-05	-1.53236459E-04	 1.23759188E-04	 7.55822278E-05	 3.61493134E-05	 1.67416944E-05	-6.93774310E-06	 2.22013060E-06	 6.47144470E-06	 1.32535469E-05	 1.92117857E-05	 4.21372972E-06	 7.38665140E-06	 1.98477431E-06	-8.06018343E-07	 2.61662835E-06	-3.22846509E-07
 6.680000E-01	-6.24080613E-06	-2.22579909E-05	-5.34767613E-05	-9.75119212E-05	-1.53945587E-04	 1.26836993E-04	 7.71150593E-05	 3.70587725E-05	 1.72559052E-05	-7.12057401E-06	 2.18899697E-06	 6.44105853E-06	 1.32707558E-05	 1.93400137E-05	 5.05918240E-06	 8.04208655E-06	 2.06487149E-06	-8.26918620E-07	 2.69657975E-06	-3.28965187E-07
 6.690000E-01	-6.11210515E-06	-2.20714706E-05	-5.33496198E-05	-9.76539459E-05	-1.54648137E-04	 1.30091925E-04	 7.86924385E-05	 3.79948173E-05	 1.77863605E-05	-7.30845238E-06	 2.15754565E-06	 6.40968283E-06	 1.32864126E-05	 1.94683679E-05	 5.88764462E-06	 8.74480460E-06	 2.14543786E-06	-8.48812800E-07	 2.77900667E-06	-3.35106215E-07
 6.700000E-01	-5.98269974E-06	-2.18816912E-05	-5.32169667E-05	-9.77972807E-05	-1.55343240E-04	 1.33541977E-04	 8.03148879E-05	 3.89580449E-05	 1.83335522E-05	-7.50152594E-06	 2.12578416E-06	 6.37731934E-06	 1.33005118E-05	 1.95967863E-05	 6.69806638E-06	 9.49726347E-06	 2.22638492E-06	-8.71809804E-07	 2.86397141E-06	-3.41278998E-07
 6.710000E-01	-5.85264910E-06	-2.16887757E-05	-5.30791059E-05	-9.79427640E-05	-1.56030207E-04	 1.37209950E-04	 8.19825668E-05	 3.99487468E-05	 1.88978739E-05	-7.70002098E-06	 2.09372266E-06	 6.34397942E-06	 1.33130856E-05	 1.97254181E-05	 7.49049869E-06	 1.03001779E-05	 2.30737892E-06	-8.96064031E-07	 2.95154547E-06	-3.47499403E-07
 6.720000E-01	-5.72197285E-06	-2.14927496E-05	-5.29360546E-05	-9.80908279E-05	-1.56709759E-04	 1.41122298E-04	 8.36961580E-05	 4.09673635E-05	 1.94798040E-05	-7.90416351E-06	 2.06136586E-06	 6.30966260E-06	 1.33241523E-05	 1.98545780E-05	 8.26792381E-06	 1.11557938E-05	 2.38777036E-06	-9.21772302E-07	 3.04179345E-06	-3.53773599E-07
 6.730000E-01	-5.59062926E-06	-2.12934464E-05	-5.27873421E-05	-9.82408820E-05	-1.57383729E-04	 1.45306910E-04	 8.54573708E-05	 4.20150068E-05	 2.00800882E-05	-8.11404703E-06	 2.02871050E-06	 6.27434474E-06	 1.33336692E-05	 1.99844938E-05	 9.03530965E-06	 1.20720365E-05	 2.46691477E-06	-9.49120222E-07	 3.13475284E-06	-3.60084156E-07
 6.740000E-01	-5.45858967E-06	-2.10907076E-05	-5.26325289E-05	-9.83921639E-05	-1.58052701E-04	 1.49794718E-04	 8.72678519E-05	 4.30929416E-05	 2.06995275E-05	-8.32973591E-06	 1.99575666E-06	 6.23800635E-06	 1.33415927E-05	 2.01152752E-05	 9.79677303E-06	 1.30614166E-05	 2.54449156E-06	-9.78253923E-07	 3.23046921E-06	-3.66417563E-07
 6.750000E-01	-5.32586469E-06	-2.08844639E-05	-5.24714210E-05	-9.85442553E-05	-1.58715393E-04	 1.54622438E-04	 8.91286765E-05	 4.42022570E-05	 2.13388380E-05	-8.55134506E-06	 1.96251036E-06	 6.20064160E-06	 1.33479093E-05	 2.02470289E-05	 1.05549366E-05	 1.41386274E-05	 2.62035711E-06	-1.00930006E-06	 3.32901484E-06	-3.72776516E-07
 6.760000E-01	-5.19248002E-06	-2.06746726E-05	-5.23039416E-05	-9.86969408E-05	-1.59369651E-04	 1.59834403E-04	 9.10405090E-05	 4.53440166E-05	 2.19987124E-05	-8.77897787E-06	 1.92897932E-06	 6.16224641E-06	 1.33526106E-05	 2.03798670E-05	 1.13116886E-05	 1.53205594E-05	 2.69424475E-06	-1.04241732E-06	 3.43045644E-06	-3.79163325E-07
 6.770000E-01	-5.05844927E-06	-2.04612736E-05	-5.21299764E-05	-9.88501130E-05	-1.60013810E-04	 1.65485619E-04	 9.30037497E-05	 4.65192010E-05	 2.26798426E-05	-9.01273953E-06	 1.89516790E-06	 6.12280635E-06	 1.33556558E-05	 2.05138316E-05	 1.20683772E-05	 1.66272076E-05	 2.76570504E-06	-1.07780690E-06	 3.53484631E-06	-3.85570854E-07
 6.780000E-01	-4.92374723E-06	-2.02441021E-05	-5.19491019E-05	-9.90032100E-05	-1.60647539E-04	 1.71643395E-04	 9.50194234E-05	 4.77291195E-05	 2.33830877E-05	-9.25270438E-06	 1.86107098E-06	 6.08228094E-06	 1.33569267E-05	 2.06487284E-05	 1.28250485E-05	 1.80824906E-05	 2.83446086E-06	-1.11563561E-06	 3.64223415E-06	-3.91983696E-07
 6.790000E-01	-4.78833505E-06	-2.00229728E-05	-5.17608001E-05	-9.91556962E-05	-1.61272196E-04	 1.78389543E-04	 9.70886014E-05	 4.89751430E-05	 2.41093915E-05	-9.49895381E-06	 1.82667746E-06	 6.04061028E-06	 1.33562288E-05	 2.07839953E-05	 1.35785043E-05	 1.97102338E-05	 2.90080498E-06	-1.15598534E-06	 3.75267599E-06	-3.98381379E-07
 6.800000E-01	-4.65223081E-06	-1.97978901E-05	-5.15650373E-05	-9.93082418E-05	-1.61890594E-04	 1.85822275E-04	 9.92109513E-05	 5.02578742E-05	 2.48594346E-05	-9.75172678E-06	 1.79198064E-06	 5.99774158E-06	 1.33533585E-05	 2.09188447E-05	 1.43218760E-05	 2.15251020E-05	 2.96546985E-06	-1.19890515E-06	 3.86626320E-06	-4.04759813E-07
 6.810000E-01	-4.51549840E-06	-1.95689770E-05	-5.13621649E-05	-9.94625547E-05	-1.62508743E-04	 1.94052583E-04	 1.01385679E-04	 5.15775663E-05	 2.56337070E-05	-1.00113515E-05	 1.75697610E-06	 5.95362273E-06	 1.33481081E-05	 2.10524045E-05	 1.50464187E-05	 2.35266261E-05	 3.02934810E-06	-1.24446087E-06	 3.98310402E-06	-4.11131115E-07
 6.820000E-01	-4.37820662E-06	-1.93363536E-05	-5.11526248E-05	-9.96209613E-05	-1.63139039E-04	 2.03194874E-04	 1.03613432E-04	 5.29348426E-05	 2.64327514E-05	-1.02781261E-05	 1.72165553E-06	 5.90818550E-06	 1.33402265E-05	 2.11836906E-05	 1.57427309E-05	 2.56950270E-05	 3.09365352E-06	-1.29270057E-06	 4.10330523E-06	-4.17503954E-07
 6.830000E-01	-4.24043230E-06	-1.91001384E-05	-5.09369955E-05	-9.97866217E-05	-1.63802904E-04	 2.13350269E-04	 1.05897878E-04	 5.43310661E-05	 2.72572548E-05	-1.05522643E-05	 1.68600759E-06	 5.86134774E-06	 1.33294252E-05	 2.13116090E-05	 1.64008182E-05	 2.79839447E-05	 3.16049002E-06	-1.34357909E-06	 4.22697881E-06	-4.23876222E-07
 6.840000E-01	-4.10225165E-06	-1.88604515E-05	-5.07159511E-05	-9.99637388E-05	-1.64533795E-04	 2.24579807E-04	 1.08247850E-04	 5.57686129E-05	 2.81081527E-05	-1.08339101E-05	 1.65001709E-06	 5.81301570E-06	 1.33153958E-05	 2.14350733E-05	 1.70107175E-05	 3.03096125E-05	 3.23340139E-06	-1.39682528E-06	 4.35428490E-06	-4.30224204E-07
 6.850000E-01	-3.96376212E-06	-1.86175169E-05	-5.04904892E-05	-1.00158241E-04	-1.65378678E-04	 2.36865369E-04	 1.10678793E-04	 5.72505657E-05	 2.89865238E-05	-1.11232176E-05	 1.61367105E-06	 5.76310696E-06	 1.32978919E-05	 2.15533421E-05	 1.75644707E-05	 3.25383437E-05	 3.31722599E-06	-1.45195667E-06	 4.48545529E-06	-4.36495424E-07
 6.860000E-01	-3.82509529E-06	-1.83716995E-05	-5.02619899E-05	-1.00377774E-04	-1.66396876E-04	 2.50055988E-04	 1.13215457E-04	 5.87808799E-05	 2.98935945E-05	-1.14203903E-05	 1.57696469E-06	 5.71157248E-06	 1.32768206E-05	 2.16664904E-05	 1.80600127E-05	 3.44804032E-05	 3.41706742E-06	-1.50840137E-06	 4.62081430E-06	-4.42617942E-07
 6.870000E-01	-3.68637885E-06	-1.81233874E-05	-5.00318538E-05	-1.00630688E-04	-1.67657181E-04	 2.63803164E-04	 1.15895946E-04	 6.03652683E-05	 3.08310463E-05	-1.17255189E-05	 1.53990099E-06	 5.65840036E-06	 1.32522753E-05	 2.17756800E-05	 1.85047055E-05	 3.58977575E-05	 3.53681013E-06	-1.56573577E-06	 4.76069702E-06	-4.48481163E-07
 6.880000E-01	-3.54773580E-06	-1.78729328E-05	-4.98012998E-05	-1.00924524E-04	-1.69228313E-04	 2.77495601E-04	 1.18774164E-04	 6.20119759E-05	 3.18012293E-05	-1.20384157E-05	 1.50249735E-06	 5.60363334E-06	 1.32245728E-05	 2.18832459E-05	 1.89166636E-05	 3.65237634E-05	 3.67779252E-06	-1.62391534E-06	 4.90537330E-06	-4.53952047E-07
 6.890000E-01	-3.40929476E-06	-1.76206388E-05	-4.95711772E-05	-1.01264254E-04	-1.71163972E-04	 2.90213823E-04	 1.21918396E-04	 6.37315521E-05	 3.28071638E-05	-1.23586260E-05	 1.46479002E-06	 5.54738445E-06	 1.31942776E-05	 2.19926452E-05	 1.93240105E-05	 3.60923138E-05	 3.83768847E-06	-1.68347658E-06	 5.05501290E-06	-4.58926083E-07
 6.900000E-01	-3.27118389E-06	-1.73667163E-05	-4.93417209E-05	-1.01650425E-04	-1.73486828E-04	 3.00724951E-04	 1.25405599E-04	 6.55359548E-05	 3.38524007E-05	-1.26854399E-05	 1.42683377E-06	 5.48983366E-06	 1.31621575E-05	 2.21080991E-05	 1.97620613E-05	 3.43759423E-05	 4.00936475E-06	-1.74572053E-06	 5.20962489E-06	-4.63368660E-07
 6.910000E-01	-3.13350875E-06	-1.71112404E-05	-4.91123175E-05	-1.02077786E-04	-1.76175628E-04	 3.07537217E-04	 1.29310269E-04	 6.74364455E-05	 3.49406487E-05	-1.30179437E-05	 1.38869658E-06	 5.43120560E-06	 1.31290697E-05	 2.22339164E-05	 2.02681231E-05	 3.12281115E-05	 4.18035328E-06	-1.81288542E-06	 5.36894907E-06	-4.67329189E-07
 6.920000E-01	-2.99630992E-06	-1.68540542E-05	-4.88810679E-05	-1.02533981E-04	-1.79157818E-04	 3.09020760E-04	 1.33691081E-04	 6.94413496E-05	 3.60754492E-05	-1.33551892E-05	 1.35044478E-06	 5.37172403E-06	 1.30957811E-05	 2.23735857E-05	 2.08747863E-05	 2.66215675E-05	 4.33410465E-06	-1.88794906E-06	 5.53244883E-06	-4.70974403E-07
 6.930000E-01	-2.85954457E-06	-1.65947144E-05	-4.86446317E-05	-1.02999168E-04	-1.82309340E-04	 3.03589769E-04	 1.38575295E-04	 7.15539096E-05	 3.72598055E-05	-1.36962743E-05	 1.31213266E-06	 5.31157073E-06	 1.30627886E-05	 2.25288134E-05	 2.16022466E-05	 2.06708576E-05	 4.45340575E-06	-1.97414127E-06	 5.69932751E-06	-4.74589740E-07
 6.940000E-01	-2.72311833E-06	-1.63326089E-05	-4.83986417E-05	-1.03447526E-04	-1.85462546E-04	 2.89929693E-04	 1.43941532E-04	 7.37692769E-05	 3.84953896E-05	-1.40406195E-05	 1.27379814E-06	 5.25087060E-06	 1.30302230E-05	 2.26988946E-05	 2.24523457E-05	 1.36270156E-05	 4.52515989E-06	-2.07415262E-06	 5.86866914E-06	-4.78567939E-07
 6.950000E-01	-2.58694231E-06	-1.60671127E-05	-4.81384343E-05	-1.03850007E-04	-1.88423316E-04	 2.67231576E-04	 1.49708231E-04	 7.60726798E-05	 3.97818129E-05	-1.43882135E-05	 1.23546719E-06	 5.18969463E-06	 1.29978568E-05	 2.28806725E-05	 2.34068192E-05	 5.84609626E-06	 4.54496640E-06	-2.18933400E-06	 6.03964905E-06	-4.83388649E-07
 6.960000E-01	-2.45096133E-06	-1.57976793E-05	-4.78596975E-05	-1.04177959E-04	-1.90998048E-04	 2.35386331E-04	 1.55732894E-04	 7.84396508E-05	 4.11163919E-05	-1.47396617E-05	 1.19715278E-06	 5.12806031E-06	 1.29651650E-05	 2.30689555E-05	 2.44302122E-05	-2.25898913E-06	 4.51986718E-06	-2.31910147E-06	 6.21170044E-06	-4.89541422E-07
 6.970000E-01	-2.31517125E-06	-1.55239468E-05	-4.75590570E-05	-1.04407060E-04	-1.93023235E-04	 1.95091946E-04	 1.61822690E-04	 8.08379452E-05	 4.24943830E-05	-1.50962104E-05	 1.15885951E-06	 5.06594327E-06	 1.29314412E-05	 2.32573704E-05	 2.54763957E-05	-1.02738713E-05	 4.46878100E-06	-2.46073661E-06	 6.38465275E-06	-4.97463997E-07
 6.980000E-01	-2.17963065E-06	-1.52458273E-05	-4.72345353E-05	-1.04520773E-04	-1.94390621E-04	 1.47841110E-04	 1.67755858E-04	 8.32310736E-05	 4.39096444E-05	-1.54596589E-05	 1.12058617E-06	 5.00329393E-06	 1.28959477E-05	 2.34394432E-05	 2.64971358E-05	-1.78337151E-05	 4.42002462E-06	-2.60961865E-06	 6.55879807E-06	-5.07474089E-07
 6.990000E-01	-2.04446131E-06	-1.49635562E-05	-4.68857877E-05	-1.04512521E-04	-1.95062737E-04	 9.57821046E-05	 1.73311064E-04	 8.55826538E-05	 4.53554956E-05	-1.58322399E-05	 1.08232856E-06	 4.94006265E-06	 1.28580501E-05	 2.36096946E-05	 2.74507242E-05	-2.46595906E-05	 4.40621813E-06	-2.75989073E-06	 6.73486918E-06	-5.19728886E-07
 7.000000E-01	-1.90985265E-06	-1.46777029E-05	-4.65141979E-05	-1.04386224E-04	-1.95074829E-04	 4.14709374E-05	 1.78301102E-04	 8.78615372E-05	 4.68256890E-05	-1.62164243E-05	 1.04408769E-06	 4.87622241E-06	 1.28173403E-05	 2.37644947E-05	 2.83086566E-05	-3.05727099E-05	 4.45731924E-06	-2.90551906E-06	 6.91394714E-06	-5.34237487E-07
 7.010000E-01	-1.77603405E-06	-1.43890579E-05	-4.61225330E-05	-1.04154756E-04	-1.94524418E-04	-1.24410019E-05	 1.82603991E-04	 9.00470158E-05	 4.83155960E-05	-1.66145728E-05	 1.00586852E-06	 4.81177023E-06	 1.27736630E-05	 2.39023646E-05	 2.90588062E-05	-3.54844142E-05	 4.59373167E-06	-3.04149526E-06	 7.09726098E-06	-5.50895464E-07
 7.020000E-01	-1.64323314E-06	-1.40984751E-05	-4.57144243E-05	-1.03837273E-04	-1.93551642E-04	-6.35225934E-05	 1.86182424E-04	 9.21324580E-05	 4.98231735E-05	-1.70284563E-05	 9.67676614E-07	 4.74671196E-06	 1.27270626E-05	 2.40237007E-05	 2.97040818E-05	-3.93702589E-05	 4.82188321E-06	-3.16486897E-06	 7.28588102E-06	-5.69492656E-07
 7.030000E-01	-1.51164563E-06	-1.38067404E-05	-4.52937114E-05	-1.03455700E-04	-1.92313692E-04	-1.09823770E-04	 1.89088367E-04	 9.41265794E-05	 5.13496103E-05	-1.74590825E-05	 9.29515184E-07	 4.68105098E-06	 1.26777089E-05	 2.41302100E-05	 3.02581017E-05	-4.22424548E-05	 5.13480529E-06	-3.27506589E-06	 7.48062801E-06	-5.89814633E-07
 7.040000E-01	-1.38140424E-06	-1.35144697E-05	-4.48638802E-05	-1.03031511E-04	-1.90961443E-04	-1.50037240E-04	 1.91451595E-04	 9.60517463E-05	 5.28992160E-05	-1.79066890E-05	 8.91380957E-07	 4.61477431E-06	 1.26257999E-05	 2.42242026E-05	 3.07397015E-05	-4.41300822E-05	 5.51616093E-06	-3.37350127E-06	 7.68206604E-06	-6.11663626E-07
 7.050000E-01	-1.25258014E-06	-1.32220733E-05	-4.44277273E-05	-1.02583297E-04	-1.89621833E-04	-1.83545769E-04	 1.93456118E-04	 9.79400236E-05	 5.44786911E-05	-1.83708744E-05	 8.53268703E-07	 4.54785559E-06	 1.25714950E-05	 2.43079774E-05	 3.11679539E-05	-4.50706218E-05	 5.94625907E-06	-3.46289245E-06	 7.89054724E-06	-6.34853952E-07
 7.060000E-01	-1.12520579E-06	-1.29297792E-05	-4.39871881E-05	-1.02125126E-04	-1.88387255E-04	-2.10365152E-04	 1.95310997E-04	 9.98282220E-05	 5.60960225E-05	-1.88509123E-05	 8.15176628E-07	 4.48026271E-06	 1.25148771E-05	 2.43833905E-05	 3.15588730E-05	-4.51109664E-05	 6.40812665E-06	-3.54631627E-06	 8.10633116E-06	-6.59193499E-07
 7.070000E-01	-9.99297803E-07	-1.26376648E-05	-4.35433027E-05	-1.01665841E-04	-1.87312117E-04	-2.31010647E-04	 1.97220933E-04	 1.01753209E-04	 5.77595010E-05	-1.93460386E-05	 7.77111523E-07	 4.41196694E-06	 1.24559539E-05	 2.44516957E-05	 3.19239393E-05	-4.43133419E-05	 6.89233136E-06	-3.62641284E-06	 8.32971537E-06	-6.84477045E-07
 7.080000E-01	-8.74868919E-07	-1.23457150E-05	-4.30963963E-05	-1.01209639E-04	-1.86416871E-04	-2.46323352E-04	 1.99362152E-04	 1.03747816E-04	 5.94767893E-05	-1.98556704E-05	 7.39090210E-07	 4.34295335E-06	 1.23946866E-05	 2.45135880E-05	 3.22701813E-05	-4.27615664E-05	 7.39884322E-06	-3.70484463E-06	 8.56111248E-06	-7.10464361E-07
 7.090000E-01	-7.51918559E-07	-1.20538393E-05	-4.26462603E-05	-1.00757063E-04	-1.85695865E-04	-2.57296550E-04	 2.01868331E-04	 1.05838404E-04	 6.12544217E-05	-2.03795637E-05	 7.01133527E-07	 4.27321867E-06	 1.23310300E-05	 2.45694209E-05	 3.26013929E-05	-4.05630670E-05	 7.93620909E-06	-3.78220928E-06	 8.80111287E-06	-7.36909205E-07
 7.100000E-01	-6.30406719E-07	-1.17618518E-05	-4.21923013E-05	-1.00306218E-04	-1.85126927E-04	-2.64929551E-04	 2.04825515E-04	 1.08044002E-04	 6.30976452E-05	-2.09177164E-05	 6.63257656E-07	 4.20276109E-06	 1.22649382E-05	 2.46193701E-05	 3.29195501E-05	-3.78440689E-05	 8.51831285E-06	-3.85826180E-06	 9.05041449E-06	-7.63548374E-07
 7.110000E-01	-5.10258538E-07	-1.14694966E-05	-4.17337059E-05	-9.98538133E-05	-1.84679782E-04	-2.70124663E-04	 2.08276068E-04	 1.10376695E-04	 6.50104929E-05	-2.14703235E-05	 6.25470260E-07	 4.13157388E-06	 1.21963741E-05	 2.46635654E-05	 3.32258896E-05	-3.47404156E-05	 9.16096848E-06	-3.93233999E-06	 9.30973682E-06	-7.90124380E-07
 7.120000E-01	-3.91391912E-07	-1.11765245E-05	-4.12697064E-05	-9.93963665E-05	-1.84323348E-04	-2.73629604E-04	 2.12228988E-04	 1.12842591E-04	 6.69958120E-05	-2.20378202E-05	 5.87775220E-07	 4.05965245E-06	 1.21253216E-05	 2.47021834E-05	 3.35216533E-05	-3.13868296E-05	 9.87824888E-06	-4.00375022E-06	 9.57976989E-06	-8.16415650E-07
 7.130000E-01	-2.73750699E-07	-1.08827693E-05	-4.07997486E-05	-9.89309672E-05	-1.84030438E-04	-2.76019906E-04	 2.16672141E-04	 1.15443398E-04	 6.90555068E-05	-2.26208946E-05	 5.50178452E-07	 3.98700135E-06	 1.20517977E-05	 2.47354889E-05	 3.38084576E-05	-2.79056262E-05	 1.06798481E-05	-4.07228642E-06	 9.86107036E-06	-8.42252243E-07
 7.140000E-01	-1.57316032E-07	-1.05881515E-05	-4.03234531E-05	-9.84553412E-05	-1.83779147E-04	-2.77710171E-04	 2.21583587E-04	 1.18178556E-04	 7.11910627E-05	-2.32204320E-05	 5.12690165E-07	 3.91363127E-06	 1.19758301E-05	 2.47637874E-05	 3.40882985E-05	-2.43973722E-05	 1.15703755E-05	-4.13833855E-06	 1.01540601E-05	-8.67545302E-07
 7.150000E-01	-4.21036233E-08	-1.02926740E-05	-3.98405752E-05	-9.79678786E-05	-1.83552893E-04	-2.78980086E-04	 2.26939911E-04	 1.21046754E-04	 7.34040775E-05	-2.38373777E-05	 4.75323513E-07	 3.83955572E-06	 1.18974492E-05	 2.47873679E-05	 3.43631860E-05	-2.09367923E-05	 1.25506662E-05	-4.20289234E-06	 1.04590146E-05	-8.92285095E-07
 7.160000E-01	 7.18566737E-08	-9.99638102E-06	-3.93509902E-05	-9.74676414E-05	-1.83340391E-04	-2.80006091E-04	 2.32722929E-04	 1.24046627E-04	 7.56962486E-05	-2.44725424E-05	 4.38094363E-07	 3.76479051E-06	 1.18166725E-05	 2.48064473E-05	 3.46348024E-05	-1.75739047E-05	 1.36190963E-05	-4.26729099E-06	 1.07760262E-05	-9.16461672E-07
 7.170000E-01	 1.84528037E-07	-9.69933714E-06	-3.88546859E-05	-9.69541040E-05	-1.83134610E-04	-2.80893179E-04	 2.38926460E-04	 1.27177420E-04	 7.80693117E-05	-2.51267602E-05	 4.01018106E-07	 3.68935430E-06	 1.17335182E-05	 2.48212191E-05	 3.49045763E-05	-1.43380813E-05	 1.47727178E-05	-4.33308066E-06	 1.11051472E-05	-9.40096552E-07
 7.180000E-01	 2.95872444E-07	-9.40161482E-06	-3.83517601E-05	-9.64270657E-05	-1.82931903E-04	-2.81701867E-04	 2.45559499E-04	 1.30439508E-04	 8.05249762E-05	-2.58009807E-05	 3.64110158E-07	 3.61326883E-06	 1.16480070E-05	 2.48318824E-05	 3.51739061E-05	-1.12413908E-05	 1.60074515E-05	-4.40197765E-06	 1.14464775E-05	-9.63245065E-07
 7.190000E-01	 4.05870602E-07	-9.10322285E-06	-3.78422117E-05	-9.58860431E-05	-1.82730068E-04	-2.82468705E-04	 2.52643918E-04	 1.33835264E-04	 8.30653073E-05	-2.64960256E-05	 3.27380857E-07	 3.53654461E-06	 1.15601311E-05	 2.48385569E-05	 3.54440454E-05	-8.28067863E-06	 1.73202048E-05	-4.47599863E-06	 1.18000484E-05	-9.85949442E-07
 7.200000E-01	 5.14515837E-07	-8.80412333E-06	-3.73258702E-05	-9.53302556E-05	-1.82526864E-04	-2.83216092E-04	 2.60208840E-04	 1.37369049E-04	 8.56932238E-05	-2.72124030E-05	 2.90837244E-07	 3.45917848E-06	 1.14698444E-05	 2.48412209E-05	 3.57157361E-05	-5.44234753E-06	 1.87122323E-05	-4.55710199E-06	 1.21658225E-05	-1.00823251E-06
 7.210000E-01	 6.21797479E-07	-8.50428688E-06	-3.68025011E-05	-9.47589640E-05	-1.82319944E-04	-2.83955231E-04	 2.68287727E-04	 1.41046119E-04	 8.84124551E-05	-2.79503540E-05	 2.54486671E-07	 3.38116400E-06	 1.13770860E-05	 2.48397431E-05	 3.59890548E-05	-2.70965786E-06	 2.01911887E-05	-4.64691405E-06	 1.25437464E-05	-1.03009999E-06
 7.220000E-01	 7.27684275E-07	-8.20375207E-06	-3.62719621E-05	-9.41719068E-05	-1.82107503E-04	-2.84686953E-04	 2.76919544E-04	 1.44871411E-04	 9.12271489E-05	-2.87100643E-05	 2.18341508E-07	 3.30250473E-06	 1.12818147E-05	 2.48339912E-05	 3.62637047E-05	-6.86241225E-08	 2.17697283E-05	-4.74646470E-06	 1.29338885E-05	-1.05154835E-06
 7.230000E-01	 8.32122428E-07	-7.90263364E-06	-3.57342959E-05	-9.35693708E-05	-1.81888969E-04	-2.85404943E-04	 2.86154523E-04	 1.48848867E-04	 9.41412618E-05	-2.94920343E-05	 1.82419064E-07	 3.22321968E-06	 1.11840257E-05	 2.48239233E-05	 3.65395506E-05	 2.49065727E-06	 2.34623693E-05	-4.85659473E-06	 1.33365220E-05	-1.07261211E-06
 7.240000E-01	 9.35068513E-07	-7.60100859E-06	-3.51895190E-05	-9.29514182E-05	-1.81664228E-04	-2.86102456E-04	 2.96057887E-04	 1.52982750E-04	 9.71584857E-05	-3.02969007E-05	 1.46734614E-07	 3.14332469E-06	 1.10837047E-05	 2.48095050E-05	 3.68166769E-05	 4.97670248E-06	 2.52844362E-05	-4.97826662E-06	 1.37519769E-05	-1.09330285E-06
 7.250000E-01	 1.03649972E-06	-7.29886993E-06	-3.46374725E-05	-9.23174047E-05	-1.81432403E-04	-2.86775441E-04	 3.06709679E-04	 1.57278591E-04	 1.00282711E-04	-3.11251982E-05	 1.11298480E-07	 3.06282315E-06	 1.09808018E-05	 2.47906211E-05	 3.70950964E-05	 7.39767353E-06	 2.72538374E-05	-5.11258864E-06	 1.41805250E-05	-1.11360816E-06
 7.260000E-01	 1.13639595E-06	-6.99619878E-06	-3.40780506E-05	-9.16665888E-05	-1.81192707E-04	-2.87420629E-04	 3.18205573E-04	 1.61741783E-04	 1.03517486E-04	-3.19776000E-05	 7.61223415E-08	 2.98172186E-06	 1.08752727E-05	 2.47671503E-05	 3.73747005E-05	 9.76010916E-06	 2.93902103E-05	-5.26080886E-06	 1.46224616E-05	-1.13351688E-06
 7.270000E-01	 1.23472240E-06	-6.69303236E-06	-3.35112743E-05	-9.09986436E-05	-1.80944695E-04	-2.88031307E-04	 3.30656944E-04	 1.66376250E-04	 1.06866123E-04	-3.28549996E-05	 4.12236518E-08	 2.90004107E-06	 1.07671058E-05	 2.47390449E-05	 3.76555781E-05	 1.20697042E-05	 3.17140532E-05	-5.42476177E-06	 1.50780278E-05	-1.15305210E-06
 7.280000E-01	 1.33143002E-06	-6.38945340E-06	-3.29371789E-05	-9.03134462E-05	-1.80687416E-04	-2.88594245E-04	 3.44193735E-04	 1.71184597E-04	 1.10332103E-04	-3.37585445E-05	 6.62217553E-09	 2.81780549E-06	 1.06563041E-05	 2.47063139E-05	 3.79381241E-05	 1.43333800E-05	 3.42482612E-05	-5.60695219E-06	 1.55474726E-05	-1.17232892E-06
 7.290000E-01	 1.42647186E-06	-6.08553463E-06	-3.23556309E-05	-8.96106854E-05	-1.80418664E-04	-2.89089052E-04	 3.58970316E-04	 1.76168474E-04	 1.13919618E-04	-3.46892872E-05	-2.76647212E-08	 2.73502913E-06	 1.05428373E-05	 2.46688832E-05	 3.82226879E-05	 1.65593682E-05	 3.70229309E-05	-5.81048985E-06	 1.60308784E-05	-1.19151185E-06
 7.300000E-01	 1.51982332E-06	-5.78126670E-06	-3.17662218E-05	-8.88894023E-05	-1.80134744E-04	-2.89490457E-04	 3.75176643E-04	 1.81328462E-04	 1.17633333E-04	-3.56477966E-05	-6.16262775E-08	 2.65170444E-06	 1.04266036E-05	 2.46264571E-05	 3.85089106E-05	 1.87535458E-05	 4.00786207E-05	-6.03817591E-06	 1.65280851E-05	-1.21066750E-06
 7.310000E-01	 1.61146049E-06	-5.47662481E-06	-3.11685765E-05	-8.81484676E-05	-1.79832049E-04	-2.89769663E-04	 3.93057626E-04	 1.86661282E-04	 1.21476970E-04	-3.66349516E-05	-9.52559093E-08	 2.56780893E-06	 1.03074458E-05	 2.45785427E-05	 3.87955927E-05	 2.09147961E-05	 4.34622769E-05	-6.29211443E-06	 1.70390938E-05	-1.22987362E-06
 7.320000E-01	 1.70135052E-06	-5.17161347E-06	-3.05625370E-05	-8.73871276E-05	-1.79508977E-04	-2.89900710E-04	 4.12933521E-04	 1.92158511E-04	 1.25452318E-04	-3.76524297E-05	-1.28552348E-07	 2.48330239E-06	 1.01851416E-05	 2.45244182E-05	 3.90805844E-05	 2.30334316E-05	 4.72193289E-05	-6.57393709E-06	 1.75641828E-05	-1.24921331E-06
 7.330000E-01	 1.78946452E-06	-4.86620154E-06	-2.99479246E-05	-8.66045478E-05	-1.79165782E-04	-2.89873189E-04	 4.35211108E-04	 1.97810209E-04	 1.29560492E-04	-3.87021565E-05	-1.61530282E-07	 2.39808995E-06	 1.00592998E-05	 2.44628572E-05	 3.93600448E-05	 2.50893710E-05	 5.13879908E-05	-6.88416055E-06	 1.81036543E-05	-1.26873158E-06
 7.340000E-01	 1.87576180E-06	-4.56037585E-06	-2.93245390E-05	-8.58002232E-05	-1.78805239E-04	-2.89703637E-04	 4.60380709E-04	 2.03609012E-04	 1.33803766E-04	-3.97857212E-05	-1.94220911E-07	 2.31201766E-06	 9.92932943E-06	 2.43919554E-05	 3.96274142E-05	 2.70450714E-05	 5.59846446E-05	-7.21895778E-06	 1.86580694E-05	-1.28836054E-06
 7.350000E-01	 1.96016221E-06	-4.25422833E-06	-2.86923673E-05	-8.49747515E-05	-1.78434822E-04	-2.89448316E-04	 4.88997287E-04	 2.09553594E-04	 1.38186560E-04	-4.09040838E-05	-2.26664181E-07	 2.22489052E-06	 9.79448070E-06	 2.43092120E-05	 3.98732831E-05	 2.88383823E-05	 6.09675792E-05	-7.56527396E-06	 1.92289601E-05	-1.30776825E-06
 7.360000E-01	 2.04249549E-06	-3.94814339E-06	-2.80521507E-05	-8.41314537E-05	-1.78070881E-04	-2.89215771E-04	 5.21637621E-04	 2.15651331E-04	 1.42714905E-04	-4.20584300E-05	-2.58890490E-07	 2.13653215E-06	 9.65402141E-06	 2.42120585E-05	 4.00870493E-05	 3.03849634E-05	 6.61739126E-05	-7.89664818E-06	 1.98202546E-05	-1.32622725E-06
 7.370000E-01	 2.12248941E-06	-3.64285881E-06	-2.74057695E-05	-8.32773580E-05	-1.77743342E-04	-2.89187392E-04	 5.58818587E-04	 2.21926667E-04	 1.47395464E-04	-4.32510830E-05	-2.90906535E-07	 2.04682927E-06	 9.50739599E-06	 2.40985118E-05	 4.02600549E-05	 3.15974217E-05	 7.12499641E-05	-8.17373662E-06	 2.04389712E-05	-1.34247159E-06
 7.380000E-01	 2.19982153E-06	-3.33927391E-06	-2.67557996E-05	-8.24218647E-05	-1.77495481E-04	-2.89643074E-04	 6.00840109E-04	 2.28447099E-04	 1.52239381E-04	-4.44841075E-05	-3.22694566E-07	 1.95574210E-06	 9.35429821E-06	 2.39676262E-05	 4.03884948E-05	 3.24145404E-05	 7.56087268E-05	-8.34799564E-06	 2.10945385E-05	-1.35440401E-06
 7.390000E-01	 2.27414729E-06	-3.03834265E-06	-2.61051775E-05	-8.15755156E-05	-1.77380614E-04	-2.90961695E-04	 6.47544271E-04	 2.35351644E-04	 1.57267802E-04	-4.57574822E-05	-3.54200195E-07	 1.86334028E-06	 9.19479932E-06	 2.38200277E-05	 4.04762595E-05	 3.28298195E-05	 7.84274919E-05	-8.36920455E-06	 2.17974816E-05	-1.35918492E-06
 7.400000E-01	 2.34511280E-06	-2.74106583E-06	-2.54571112E-05	-8.07493961E-05	-1.77456758E-04	-2.93582771E-04	 6.98022102E-04	 2.42870457E-04	 1.62515369E-04	-4.70679946E-05	-3.85313636E-07	 1.76986847E-06	 9.02954980E-06	 2.36585121E-05	 4.05375364E-05	 3.29156133E-05	 7.86971668E-05	-8.19902833E-06	 2.25574744E-05	-1.35355192E-06
 7.410000E-01	 2.41236445E-06	-2.44848080E-06	-2.48147603E-05	-7.99540005E-05	-1.77777114E-04	-2.97933190E-04	 7.50327362E-04	 2.51333416E-04	 1.68032904E-04	-4.84087864E-05	-4.15864630E-07	 1.67576563E-06	 8.85985325E-06	 2.34882485E-05	 4.05981589E-05	 3.28383261E-05	 7.53449442E-05	-7.83086084E-06	 2.33804330E-05	-1.33474671E-06
 7.420000E-01	 2.47560726E-06	-2.16150292E-06	-2.41806424E-05	-7.91971696E-05	-1.78378959E-04	-3.04340783E-04	 8.01280224E-04	 2.61164338E-04	 1.73886986E-04	-4.97693110E-05	-4.45642394E-07	 1.58161605E-06	 8.68752322E-06	 2.33162072E-05	 4.06934901E-05	 3.28533225E-05	 6.74363400E-05	-7.31184361E-06	 2.42647436E-05	-1.30160257E-06
 7.430000E-01	 2.53471458E-06	-1.88056624E-06	-2.35554460E-05	-7.84803527E-05	-1.79269707E-04	-3.12954757E-04	 8.46427677E-04	 2.72861426E-04	 1.80159451E-04	-5.11336811E-05	-4.74438737E-07	 1.48802122E-06	 8.51446292E-06	 2.31496726E-05	 4.08620310E-05	 3.32695512E-05	 5.44313690E-05	-6.75722683E-06	 2.51967797E-05	-1.25550186E-06
 7.440000E-01	 2.58980777E-06	-1.60535061E-06	-2.29373167E-05	-7.77953194E-05	-1.80414341E-04	-3.23666231E-04	 8.80240820E-04	 2.86935896E-04	 1.86939776E-04	-5.24807319E-05	-5.02090415E-07	 1.39547428E-06	 8.34222374E-06	 2.29944796E-05	 4.11362218E-05	 3.43855496E-05	 3.64151655E-05	-6.34676263E-06	 2.61494767E-05	-1.20115668E-06
 7.450000E-01	 2.64124615E-06	-1.33484749E-06	-2.23221795E-05	-7.71239759E-05	-1.81729757E-04	-3.36037881E-04	 8.96626379E-04	 3.03793848E-04	 1.94306217E-04	-5.37883763E-05	-5.28505547E-07	 1.30429012E-06	 8.17172042E-06	 2.28536329E-05	 4.15340990E-05	 3.64167773E-05	 1.42169689E-05	-6.30025295E-06	 2.70855884E-05	-1.14706120E-06
 7.460000E-01	 2.68959010E-06	-1.06749263E-06	-2.17042353E-05	-7.64398428E-05	-1.83088076E-04	-3.49295955E-04	 8.89752149E-04	 3.23600661E-04	 2.02302267E-04	-5.50396133E-05	-5.53681841E-07	 1.21454418E-06	 8.00305005E-06	 2.27263952E-05	 4.20534502E-05	 3.94374962E-05	-1.06266486E-05	-6.83390279E-06	 2.79646878E-05	-1.10459851E-06
 7.470000E-01	 2.73552470E-06	-8.01416818E-07	-2.10766273E-05	-7.57113574E-05	-1.84328851E-04	-3.62403671E-04	 8.55057454E-04	 3.46169957E-04	 2.10918396E-04	-5.62281657E-05	-5.77720447E-07	 1.12605096E-06	 7.83543193E-06	 2.26080698E-05	 4.26699564E-05	 4.33525944E-05	-3.60716097E-05	-8.10588119E-06	 2.87522057E-05	-1.08617616E-06
 7.480000E-01	 2.77975413E-06	-5.34757633E-07	-2.04322508E-05	-7.49063064E-05	-1.85279470E-04	-3.74208276E-04	 7.90238507E-04	 3.70905624E-04	 2.20083491E-04	-5.73611994E-05	-6.00804705E-07	 1.03839652E-06	 7.66732218E-06	 2.24906439E-05	 4.33394506E-05	 4.79051518E-05	-5.99007729E-05	-1.01624771E-05	 2.94281300E-05	-1.10246175E-06
 7.490000E-01	 2.82284075E-06	-2.66146352E-07	-1.97653898E-05	-7.39978723E-05	-1.85783242E-04	-3.83623806E-04	 6.95990468E-04	 3.96803541E-04	 2.29662522E-04	-5.84613831E-05	-6.23161367E-07	 9.51077681E-07	 7.49683034E-06	 2.23645550E-05	 4.40056214E-05	 5.27205667E-05	-8.01383762E-05	-1.28989412E-05	 2.99952330E-05	-1.15985249E-06
 7.500000E-01	 2.86504488E-06	 4.75539687E-09	-1.90738377E-05	-7.29719324E-05	-1.85733393E-04	-3.89825274E-04	 5.76305424E-04	 4.22544193E-04	 2.39458844E-04	-5.95700613E-05	-6.44979875E-07	 8.63716926E-07	 7.32242566E-06	 2.22214154E-05	 4.46127287E-05	 5.73847864E-05	-9.54443542E-05	-1.60571753E-05	 3.04850659E-05	-1.25856936E-06
 7.510000E-01	 2.90631520E-06	 2.77242955E-07	-1.83594314E-05	-7.18296217E-05	-1.85095617E-04	-3.92425992E-04	 4.38124094E-04	 4.46723952E-04	 2.49239513E-04	-6.07443453E-05	-6.66380604E-07	 7.76148959E-07	 7.14337426E-06	 2.20560211E-05	 4.51186507E-05	 6.15410696E-05	-1.05340217E-04	-1.92774675E-05	 3.09551923E-05	-1.39171578E-06
 7.520000E-01	 2.94633848E-06	 5.49886383E-07	-1.76270183E-05	-7.05849286E-05	-1.83907986E-04	-3.91548256E-04	 2.90318842E-04	 4.68155202E-04	 2.58784688E-04	-6.20459316E-05	-6.87424324E-07	 6.88414039E-07	 6.95976890E-06	 2.18669610E-05	 4.55021087E-05	 6.49641072E-05	-1.10186735E-04	-2.21868462E-05	 3.14764611E-05	-1.54643640E-06
 7.530000E-01	 2.98461770E-06	 8.20871224E-07	-1.68830510E-05	-6.92602965E-05	-1.82263372E-04	-3.87749992E-04	 1.42287916E-04	 4.86104735E-04	 2.67936472E-04	-6.35276766E-05	-7.08092174E-07	 6.00707903E-07	 6.77236766E-06	 2.16561890E-05	 4.57629803E-05	 6.75854226E-05	-1.10956626E-04	-2.44886024E-05	 3.21165033E-05	-1.70722205E-06
 7.540000E-01	 3.02055378E-06	 1.08822610E-06	-1.61344593E-05	-6.78823265E-05	-1.80285678E-04	-3.81857468E-04	 2.56648845E-06	 5.00405560E-04	 2.76628028E-04	-6.52240338E-05	-7.28297259E-07	 5.13364483E-07	 6.58238396E-06	 2.14281927E-05	 4.59182688E-05	 6.94742119E-05	-1.08907480E-04	-2.60254840E-05	 3.29261383E-05	-1.85951443E-06
 7.550000E-01	 3.05353745E-06	 1.35004482E-06	-1.53879263E-05	-6.64780257E-05	-1.78108156E-04	-3.74781764E-04	-1.22228830E-04	 5.11448489E-04	 2.84886882E-04	-6.71494822E-05	-7.47900015E-07	 4.26800566E-07	 6.39125729E-06	 2.11889204E-05	 4.59962660E-05	 7.07959846E-05	-1.05251179E-04	-2.68112015E-05	 3.39325291E-05	-1.99300121E-06
 7.560000E-01	 3.08308915E-06	 1.60491548E-06	-1.46485567E-05	-6.50693628E-05	-1.75849921E-04	-3.67360283E-04	-2.27985698E-04	 5.20074614E-04	 2.92825583E-04	-6.92966303E-05	-7.66760316E-07	 3.41362369E-07	 6.20016354E-06	 2.09439070E-05	 4.60280532E-05	 7.17604760E-05	-1.00874005E-04	-2.70217001E-05	 3.51343915E-05	-2.10305466E-06
 7.570000E-01	 3.10892652E-06	 1.85220055E-06	-1.39188086E-05	-6.36689374E-05	-1.73595953E-04	-3.60236400E-04	-3.13164606E-04	 5.27387001E-04	 3.00620398E-04	-7.16362505E-05	-7.84797241E-07	 2.57181958E-07	 6.00955321E-06	 2.06964004E-05	 4.60383940E-05	 7.25640422E-05	-9.61929756E-05	-2.69310881E-05	 3.65034407E-05	-2.19076541E-06
 7.580000E-01	 3.13093237E-06	 2.09186142E-06	-1.31989963E-05	-6.22812277E-05	-1.71394190E-04	-3.53810220E-04	-3.78403102E-04	 5.34546375E-04	 3.08473280E-04	-7.41271426E-05	-8.01979205E-07	 1.74200998E-07	 5.81920879E-06	 2.04469995E-05	 4.60408992E-05	 7.33447176E-05	-9.12097732E-05	-2.68147281E-05	 3.79971621E-05	-2.26156637E-06
 7.590000E-01	 3.14908233E-06	 2.32413587E-06	-1.24883646E-05	-6.09061949E-05	-1.69264556E-04	-3.48265097E-04	-4.25872993E-04	 5.42625746E-04	 3.16575720E-04	-7.67292447E-05	-8.18301254E-07	 9.22874362E-08	 5.62858109E-06	 2.01945450E-05	 4.60390762E-05	 7.41701384E-05	-8.56961753E-05	-2.68721691E-05	 3.95751688E-05	-2.32259980E-06
 7.600000E-01	 3.16341144E-06	 2.54932876E-06	-1.17859062E-05	-5.95420887E-05	-1.67209813E-04	-3.43629247E-04	-4.58615758E-04	 5.52533449E-04	 3.25088365E-04	-7.94131283E-05	-8.33759884E-07	 1.13200892E-08	 5.43709358E-06	 1.99371763E-05	 4.60299827E-05	 7.50521745E-05	-7.93892064E-05	-2.71970636E-05	 4.12103509E-05	-2.38043860E-06
 7.610000E-01	 3.17401069E-06	 2.76782686E-06	-1.10903253E-05	-5.81852541E-05	-1.65219426E-04	-3.39825968E-04	-4.79973781E-04	 5.64956005E-04	 3.34138685E-04	-8.21578955E-05	-8.48357533E-07	-6.88095158E-08	 5.24417920E-06	 1.96727773E-05	 4.60070787E-05	 7.59687801E-05	-7.21159706E-05	-2.77793540E-05	 4.28893790E-05	-2.43950759E-06
 7.620000E-01	 3.18099524E-06	 2.98007167E-06	-1.04000053E-05	-5.68298911E-05	-1.63271771E-04	-3.36709164E-04	-4.93134050E-04	 5.80319448E-04	 3.43821904E-04	-8.49462624E-05	-8.62101885E-07	-1.48199445E-07	 5.04929497E-06	 1.93991842E-05	 4.59620764E-05	 7.68805951E-05	-6.38613980E-05	-2.85176733E-05	 4.46107207E-05	-2.50118968E-06
 7.630000E-01	 3.18446735E-06	 3.18638364E-06	-9.71371712E-06	-5.54706433E-05	-1.61343538E-04	-3.34108276E-04	-5.00799556E-04	 5.98810815E-04	 3.54194081E-04	-8.77685121E-05	-8.74977253E-07	-2.26848399E-07	 4.85220449E-06	 1.91150837E-05	 4.58884228E-05	 7.77471154E-05	-5.48009153E-05	-2.92559969E-05	 4.63860918E-05	-2.56410372E-06
 7.640000E-01	 3.18450351E-06	 3.38691374E-06	-9.03085773E-06	-5.41041014E-05	-1.59415788E-04	-3.31866468E-04	-5.05048600E-04	 6.20458999E-04	 3.65273282E-04	-9.06272963E-05	-8.86937180E-07	-3.04629368E-07	 4.65309345E-06	 1.88204779E-05	 4.57841312E-05	 7.85443589E-05	-4.52611768E-05	-2.98498813E-05	 4.82384995E-05	-2.62438786E-06
 7.650000E-01	 3.18117614E-06	 3.58175061E-06	-8.35108543E-06	-5.27280688E-05	-1.57473306E-04	-3.29855101E-04	-5.07354922E-04	 6.45221012E-04	 3.77053766E-04	-9.35363903E-05	-8.97923492E-07	-3.81360965E-07	 4.45239278E-06	 1.85163418E-05	 4.56518033E-05	 7.92734819E-05	-3.56085695E-05	-3.02279810E-05	 5.01932420E-05	-2.67730725E-06
 7.660000E-01	 3.17456912E-06	 3.77105889E-06	-7.67375591E-06	-5.13398139E-05	-1.55500363E-04	-3.27967472E-04	-5.08683241E-04	 6.73030504E-04	 3.89524412E-04	-9.65121303E-05	-9.07891025E-07	-4.56902464E-07	 4.25045867E-06	 1.82036528E-05	 4.54956289E-05	 7.99534869E-05	-2.61306023E-05	-3.04056120E-05	 5.22662640E-05	-2.71868449E-06
 7.670000E-01	 3.16475636E-06	 3.95504310E-06	-6.99796345E-06	-4.99357359E-05	-1.53480122E-04	-3.26111121E-04	-5.09577408E-04	 7.03815857E-04	 4.02676602E-04	-9.95654770E-05	-9.16805106E-07	-5.31165522E-07	 4.04749102E-06	 1.78830015E-05	 4.53190402E-05	 8.06071727E-05	-1.69848488E-05	-3.04520903E-05	 5.44601676E-05	-2.74597380E-06
 7.680000E-01	 3.15177568E-06	 4.13375234E-06	-6.32336989E-06	-4.85137871E-05	-1.51401614E-04	-3.24216623E-04	-5.10230995E-04	 7.37545104E-04	 4.16495664E-04	-1.02708156E-04	-9.24616155E-07	-6.04026127E-07	 3.84375591E-06	 1.75550734E-05	 4.51253241E-05	 8.12551902E-05	-8.21628113E-06	-3.04621430E-05	 5.67721790E-05	-2.75898665E-06
 7.690000E-01	 3.13564714E-06	 4.30710929E-06	-5.65018716E-06	-4.70735889E-05	-1.49260997E-04	-3.22242908E-04	-5.10596396E-04	 7.74288666E-04	 4.30960443E-04	-1.05955025E-04	-9.31270022E-07	-6.75338142E-07	 3.63958379E-06	 1.72207337E-05	 4.49182164E-05	 8.19183982E-05	 2.28636891E-07	-3.05430192E-05	 5.91963942E-05	-2.75914559E-06
 7.700000E-01	 3.11638293E-06	 4.47504141E-06	-4.97855432E-06	-4.56145586E-05	-1.47055995E-04	-3.20167610E-04	-5.10522205E-04	 8.14271535E-04	 4.46056090E-04	-1.09318538E-04	-9.36746536E-07	-7.45044399E-07	 3.43504956E-06	 1.68801637E-05	 4.46998280E-05	 8.26151024E-05	 8.49723268E-06	-3.07803852E-05	 6.17187508E-05	-2.74862030E-06
 7.710000E-01	 3.09397198E-06	 4.63749662E-06	-4.30835534E-06	-4.41355126E-05	-1.44783541E-04	-3.17980900E-04	-5.09866313E-04	 8.57910286E-04	 4.61779749E-04	-1.12805472E-04	-9.41076694E-07	-8.13238274E-07	 3.22978031E-06	 1.65322084E-05	 4.44680332E-05	 8.33511746E-05	 1.67880410E-05	-3.11776736E-05	 6.43143402E-05	-2.73075154E-06
 7.720000E-01	 3.06833582E-06	 4.79427402E-06	-3.63980372E-06	-4.26364649E-05	-1.42443871E-04	-3.15691658E-04	-5.08570103E-04	 9.05844378E-04	 4.78133743E-04	-1.16421860E-04	-9.44332266E-07	-8.80144231E-07	 3.02297213E-06	 1.61742431E-05	 4.42151086E-05	 8.41100078E-05	 2.52581966E-05	-3.16008251E-05	 6.69543746E-05	-2.71068389E-06
 7.730000E-01	 3.03935121E-06	 4.94495090E-06	-2.97400814E-06	-4.11206940E-05	-1.40047125E-04	-3.13343530E-04	-5.06726988E-04	 9.58958886E-04	 4.95117564E-04	-1.20185784E-04	-9.46599573E-07	-9.46042571E-07	 2.81360247E-06	 1.58026652E-05	 4.39284289E-05	 8.48489009E-05	 3.39149142E-05	-3.17703692E-05	 6.96205773E-05	-2.69647759E-06
 7.740000E-01	 3.00695959E-06	 5.08919611E-06	-2.31209463E-06	-3.95919866E-05	-1.37607272E-04	-3.11003843E-04	-5.04669700E-04	 1.01829786E-03	 5.12761159E-04	-1.24119883E-04	-9.47958373E-07	-1.01121601E-06	 2.60055712E-06	 1.54132115E-05	 4.35914448E-05	 8.54996714E-05	 4.25298162E-05	-3.13007796E-05	 7.23203602E-05	-2.69616888E-06
 7.750000E-01	 2.97130503E-06	 5.22729031E-06	-1.65338505E-06	-3.80486526E-05	-1.35124049E-04	-3.08711255E-04	-5.02957261E-04	 1.08477859E-03	 5.31179683E-04	-1.28226445E-04	-9.48403436E-07	-1.07572681E-06	 2.38324433E-06	 1.50026836E-05	 4.31889043E-05	 8.59821831E-05	 5.05879463E-05	-2.98408857E-05	 7.51172757E-05	-2.70996746E-06
 7.760000E-01	 2.93284990E-06	 5.36048109E-06	-9.94255415E-07	-3.64796152E-05	-1.32567073E-04	-3.06404158E-04	-5.02078617E-04	 1.15877144E-03	 5.50572586E-04	-1.32474995E-04	-9.47686220E-07	-1.13892420E-06	 2.16305885E-06	 1.45733880E-05	 4.27213780E-05	 8.62520129E-05	 5.73621753E-05	-2.74263827E-05	 7.81764537E-05	-2.71668594E-06
 7.770000E-01	 2.89238593E-06	 5.49102584E-06	-3.27898628E-07	-3.48633162E-05	-1.29866492E-04	-3.03855903E-04	-5.01869607E-04	 1.23983458E-03	 5.71119049E-04	-1.36815782E-04	-9.45180761E-07	-1.19899069E-06	 1.94490102E-06	 1.41384189E-05	 4.22253013E-05	 8.63861196E-05	 6.22908632E-05	-2.49969290E-05	 8.17657153E-05	-2.66165270E-06
 7.780000E-01	 2.85086970E-06	 5.62170818E-06	 3.54368262E-07	-3.31710950E-05	-1.26918817E-04	-3.00657354E-04	-5.00849405E-04	 1.32704889E-03	 5.92757940E-04	-1.41221510E-04	-9.39945277E-07	-1.25306361E-06	 1.73715065E-06	 1.37230112E-05	 4.17837557E-05	 8.66627085E-05	 6.56936357E-05	-2.46782858E-05	 8.61241594E-05	-2.46316089E-06
 7.790000E-01	 2.80898607E-06	 5.75467844E-06	 1.06006708E-06	-3.13755848E-05	-1.23613205E-04	-2.96289614E-04	-4.95915562E-04	 1.42034350E-03	 6.14910179E-04	-1.45735739E-04	-9.31113002E-07	-1.29837516E-06	 1.54861161E-06	 1.33568002E-05	 4.15085036E-05	 8.75546161E-05	 6.95121710E-05	-2.91560798E-05	 9.11479206E-05	-2.05660279E-06
 7.800000E-01	 2.76640573E-06	 5.88933630E-06	 1.78951593E-06	-2.94684302E-05	-1.19891693E-04	-2.90334524E-04	-4.82848912E-04	 1.52287204E-03	 6.36231492E-04	-1.50534069E-04	-9.18607044E-07	-1.33442654E-06	 1.38214316E-06	 1.30550458E-05	 4.14815899E-05	 8.95590228E-05	 7.74111082E-05	-3.96658207E-05	 9.59939289E-05	-1.48313368E-06
 7.810000E-01	 2.72103509E-06	 6.01991313E-06	 2.52802372E-06	-2.74856904E-05	-1.15840843E-04	-2.82838280E-04	-4.58008495E-04	 1.64382216E-03	 6.54602011E-04	-1.56001937E-04	-9.03959051E-07	-1.36554364E-06	 1.22664817E-06	 1.27926971E-05	 4.16637571E-05	 9.28464064E-05	 9.35541911E-05	-5.29448263E-05	 9.88849149E-05	-9.97487020E-07
 7.820000E-01	 2.66874831E-06	 6.13446508E-06	 3.24190393E-06	-2.55242362E-05	-1.11763940E-04	-2.74699516E-04	-4.21240072E-04	 1.79986716E-03	 6.67779540E-04	-1.62733008E-04	-8.90814626E-07	-1.40258857E-06	 1.05097710E-06	 1.24816080E-05	 4.18014908E-05	 9.68134047E-05	 1.19830873E-04	-5.87277432E-05	 9.75369665E-05	-1.11141183E-06
 7.830000E-01	 2.60408054E-06	 6.21684135E-06	 3.88343746E-06	-2.37317699E-05	-1.08170681E-04	-2.67833292E-04	-3.78996260E-04	 2.01256749E-03	 6.74988447E-04	-1.71335002E-04	-8.84482246E-07	-1.46182016E-06	 8.05867796E-07	 1.19699528E-05	 4.13972690E-05	 9.97713347E-05	 1.52269014E-04	-4.06316581E-05	 9.06069746E-05	-2.46154236E-06
 7.840000E-01	 2.52194774E-06	 6.25198381E-06	 4.40646086E-06	-2.22619775E-05	-1.05642242E-04	-2.64855027E-04	-3.45660748E-04	 2.29972072E-03	 6.79123751E-04	-1.81994834E-04	-8.90085107E-07	-1.55941674E-06	 4.39100612E-07	 1.10824962E-05	 3.98146749E-05	 9.90958132E-05	 1.78590009E-04	 1.66765255E-05	 8.00901302E-05	-5.41265858E-06
 7.850000E-01	 2.41984720E-06	 6.23271780E-06	 4.78720962E-06	-2.12075450E-05	-1.04596708E-04	-2.68214611E-04	-3.40979060E-04	 2.66174680E-03	 6.88378977E-04	-1.93959023E-04	-9.09522406E-07	-1.70206510E-06	-7.63519139E-08	 9.70554995E-06	 3.65502524E-05	 9.20909752E-05	 1.79537099E-04	 1.13580360E-04	 7.36765563E-05	-9.45478626E-06
 7.860000E-01	 2.29957445E-06	 6.16494066E-06	 5.04091851E-06	-2.05408138E-05	-1.05049972E-04	-2.79049132E-04	-3.83191841E-04	 3.06867157E-03	 7.15698156E-04	-2.05253917E-04	-9.38473051E-07	-1.87734104E-06	-7.11450101E-07	 7.88955742E-06	 3.16023890E-05	 7.74828242E-05	 1.35723302E-04	 2.19613921E-04	 8.50479937E-05	-1.26731991E-05
 7.870000E-01	 2.16753524E-06	 6.06834666E-06	 5.22527879E-06	-2.00923970E-05	-1.06491250E-04	-2.96280140E-04	-4.80305750E-04	 3.45593014E-03	 7.75237141E-04	-2.12931219E-04	-9.65145069E-07	-2.04944571E-06	-1.36486032E-06	 5.91513190E-06	 2.57591827E-05	 5.69581598E-05	 3.88198900E-05	 2.65785744E-04	 1.30014105E-04	-1.17668040E-05
 7.880000E-01	 2.03328297E-06	 5.97147525E-06	 5.42612845E-06	-1.95881562E-05	-1.07964676E-04	-3.16480577E-04	-6.23723246E-04	 3.73520136E-03	 8.76467812E-04	-2.13954174E-04	-9.72044972E-07	-2.16465027E-06	-1.87608142E-06	 4.27065451E-06	 2.06062108E-05	 3.58693705E-05	-9.77466170E-05	 1.56270321E-04	 2.18053672E-04	-3.01296427E-06
 7.890000E-01	 1.90656997E-06	 5.90215378E-06	 5.72804513E-06	-1.87397989E-05	-1.08362368E-04	-3.34731694E-04	-7.87994722E-04	 3.81991086E-03	 1.01815279E-03	-2.06510236E-04	-9.40965914E-07	-2.16715476E-06	-2.07176968E-06	 3.52051071E-06	 1.81455036E-05	 2.23934464E-05	-2.35100072E-04	-1.96102310E-04	 3.41733307E-04	 1.58379522E-05
 7.900000E-01	 1.79398349E-06	 5.87676376E-06	 6.18024537E-06	-1.73580934E-05	-1.06836481E-04	-3.46267374E-04	-9.37937151E-04	 3.65705921E-03	 1.18532441E-03	-1.91262251E-04	-8.59997064E-07	-2.02139371E-06	-1.83429723E-06	 4.09099952E-06	 2.00810049E-05	 2.50184316E-05	-3.16867310E-04	-8.18872713E-04	 4.69271411E-04	 4.33526917E-05
 7.910000E-01	 1.69670670E-06	 5.89363886E-06	 6.77459855E-06	-1.54359805E-05	-1.03150413E-04	-3.48280987E-04	-1.04099895E-03	 3.25139338E-03	 1.35207386E-03	-1.71844756E-04	-7.30160227E-07	-1.73272059E-06	-1.16765516E-06	 6.04886900E-06	 2.70094565E-05	 4.90535962E-05	-2.88340768E-04	-1.63476972E-03	 5.46349774E-04	 7.30003131E-05
 7.920000E-01	 1.61043655E-06	 5.93412920E-06	 7.44865873E-06	-1.31536555E-05	-9.77779595E-05	-3.41021647E-04	-1.07961850E-03	 2.66858280E-03	 1.49047011E-03	-1.54034898E-04	-5.68989528E-07	-1.35761757E-06	-2.32316929E-07	 8.96587190E-06	 3.78493650E-05	 9.34982930E-05	-1.20331341E-04	-2.44861853E-03	 5.10661017E-04	 9.36387650E-05
 7.930000E-01	 1.52723553E-06	 5.97023560E-06	 8.11099808E-06	-1.08058318E-05	-9.17058962E-05	-3.27633598E-04	-1.05747960E-03	 2.01328457E-03	 1.58200862E-03	-1.43794320E-04	-4.08467368E-07	-9.95958820E-07	 6.74363891E-07	 1.19491467E-05	 4.98017611E-05	 1.49676805E-04	 1.72178872E-04	-2.98461515E-03	 3.17574006E-04	 9.23412639E-05
 7.940000E-01	 1.43880756E-06	 5.97597023E-06	 8.67803280E-06	-8.68282472E-06	-8.60339472E-05	-3.12834806E-04	-9.96819232E-04	 1.39065411E-03	 1.62627656E-03	-1.45030282E-04	-2.86005440E-07	-7.61767106E-07	 1.20351063E-06	 1.38810777E-05	 5.90224508E-05	 2.02689475E-04	 5.25711196E-04	-2.97354046E-03	-3.06444863E-05	 5.92148277E-05
 7.950000E-01	 1.33993149E-06	 5.93808546E-06	 9.10868142E-06	-6.95028029E-06	-8.15252470E-05	-3.00973795E-04	-9.28369215E-04	 8.67940012E-04	 1.64249751E-03	-1.57978462E-04	-2.30780736E-07	-7.39708624E-07	 1.08746669E-06	 1.38288073E-05	 6.19446873E-05	 2.35952539E-04	 8.43684381E-04	-2.26532584E-03	-4.65712100E-04	-7.00888717E-06
 7.960000E-01	 1.23033092E-06	 5.86092180E-06	 9.42045854E-06	-5.58103022E-06	-7.82944085E-05	-2.94252986E-04	-8.78384972E-04	 4.53509866E-04	 1.66195126E-03	-1.78894861E-04	-2.51673419E-07	-9.47005233E-07	 2.62344484E-07	 1.14576690E-05	 5.67732987E-05	 2.37529559E-04	 1.02949080E-03	-9.19693689E-04	-8.60116182E-04	-9.50732911E-05
 7.970000E-01	 1.11363178E-06	 5.76154875E-06	 9.67501083E-06	-4.38295617E-06	-7.58060837E-05	-2.91975367E-04	-8.58553169E-04	 1.03760001E-04	 1.71345920E-03	-2.01443434E-04	-3.33024420E-07	-1.32122111E-06	-1.08567789E-06	 7.23280825E-06	 4.44046335E-05	 2.05410044E-04	 1.02472872E-03	 7.76749669E-04	-1.06629379E-03	-1.81937460E-04
 7.980000E-01	 9.94194452E-07	 5.65770083E-06	 9.93851669E-06	-3.11859543E-06	-7.32209514E-05	-2.91293964E-04	-8.63651500E-04	-2.45428161E-04	 1.80906413E-03	-2.19529584E-04	-4.40308605E-07	-1.74163410E-06	-2.58010905E-06	 2.28772398E-06	 2.82493900E-05	 1.48988331E-04	 8.34389924E-04	 2.39077519E-03	-9.76508972E-04	-2.39312015E-04
 7.990000E-01	 8.74080185E-07	 5.55634913E-06	 1.02410741E-05	-1.64659227E-06	-6.98932172E-05	-2.89052473E-04	-8.77942999E-04	-6.40565620E-04	 1.93865693E-03	-2.30236120E-04	-5.33728533E-07	-2.07672531E-06	-3.80083014E-06	-2.00848879E-06	 1.29526638E-05	 8.57009946E-05	 5.25979304E-04	 3.49619893E-03	-5.77029835E-04	-2.44186751E-04
 8.000000E-01	 7.52126753E-07	 5.45014786E-06	 1.05607203E-05	 2.82481459E-09	-6.57159840E-05	-2.83593781E-04	-8.86115772E-04	-1.08820860E-03	 2.07766262E-03	-2.35135161E-04	-5.83156675E-07	-2.23527883E-06	-4.44958923E-06	-4.59370415E-06	 2.56675288E-06	 3.41319736E-05	 2.01820405E-04	 3.83552426E-03	 3.29415581E-05	-1.89106639E-04
 8.010000E-01	 6.25759166E-07	 5.32427441E-06	 1.08424503E-05	 1.66553973E-06	-6.11078879E-05	-2.75450013E-04	-8.81973780E-04	-1.56062515E-03	 2.20325366E-03	-2.39019855E-04	-5.77241097E-07	-2.19600480E-06	-4.45211966E-06	-5.09386470E-06	-9.33796017E-07	 6.91445188E-06	-4.23914183E-05	 3.41293368E-03	 6.73050040E-04	-8.68787456E-05
 8.020000E-01	 4.94747640E-07	 5.17031808E-06	 1.10424279E-05	 3.17323735E-06	-5.66545275E-05	-2.66558457E-04	-8.69947413E-04	-2.02310482E-03	 2.30825940E-03	-2.46698651E-04	-5.24358432E-07	-2.00609475E-06	-3.95875714E-06	-3.87999770E-06	 1.86516796E-06	 6.80791386E-06	-1.52173572E-04	 2.47526634E-03	 1.15186955E-03	 3.33630816E-05
 8.030000E-01	 3.65468214E-07	 5.00107930E-06	 1.11766478E-05	 4.50980062E-06	-5.25956206E-05	-2.58485828E-04	-8.59216793E-04	-2.46257823E-03	 2.40264120E-03	-2.59699749E-04	-4.46811865E-07	-1.75540868E-06	-3.26218321E-06	-1.83653330E-06	 8.37893664E-06	 2.71521799E-05	-1.27235223E-04	 1.39696018E-03	 1.34189155E-03	 1.36822620E-04
 8.040000E-01	 2.53217215E-07	 4.85877867E-06	 1.13511695E-05	 5.92366212E-06	-4.83922539E-05	-2.50515509E-04	-8.53964403E-04	-2.89625841E-03	 2.49865854E-03	-2.74571778E-04	-3.70639238E-07	-1.53823047E-06	-2.67364199E-06	 2.30556790E-08	 1.52310175E-05	 5.56825515E-05	-1.17672228E-05	 5.27984487E-04	 1.22654638E-03	 1.95470491E-04
 8.050000E-01	 1.79754037E-07	 4.80847818E-06	 1.17498202E-05	 7.92231595E-06	-4.26237141E-05	-2.38598450E-04	-8.44864518E-04	-3.34898596E-03	 2.58499046E-03	-2.84032828E-04	-3.14683669E-07	-1.41665925E-06	-2.40456029E-06	 9.43240252E-07	 1.95850983E-05	 7.98009860E-05	 1.29662819E-04	 7.04994382E-05	 9.00933553E-04	 1.97552680E-04
 8.060000E-01	 1.64530007E-07	 4.91247484E-06	 1.25652651E-05	 1.10978560E-05	-3.34084912E-05	-2.16081818E-04	-8.06915392E-04	-3.80459223E-03	 2.60456562E-03	-2.81562437E-04	-2.82883891E-07	-1.39811052E-06	-2.49340658E-06	 6.88002968E-07	 2.01378648E-05	 9.12994229E-05	 2.39339779E-04	 2.95253139E-05	 5.26737702E-04	 1.51179069E-04
 8.070000E-01	 2.10539019E-07	 5.18839480E-06	 1.38794857E-05	 1.57895492E-05	-1.93748540E-05	-1.76619770E-04	-7.07046883E-04	-4.15512709E-03	 2.45707892E-03	-2.68804653E-04	-2.62427520E-07	-1.43347871E-06	-2.79798107E-06	-3.98752833E-07	 1.74928057E-05	 8.90159107E-05	 2.86829116E-04	 2.48852725E-04	 2.59574233E-04	 8.11218764E-05
 8.080000E-01	 2.89127891E-07	 5.56365062E-06	 1.55282455E-05	 2.16742048E-05	-9.46412668E-07	-1.18750276E-04	-5.21393361E-04	-4.18453575E-03	 2.04413458E-03	-2.63259387E-04	-2.29475289E-07	-1.43829413E-06	-3.05722173E-06	-1.55203153E-06	 1.38257761E-05	 7.87475194E-05	 2.77004523E-04	 5.10406983E-04	 1.77642502E-04	 1.98071496E-05
 8.090000E-01	 3.30605332E-07	 5.84607465E-06	 1.70062904E-05	 2.74474489E-05	 1.85409496E-05	-5.05899587E-05	-2.57485520E-04	-3.62132048E-03	 1.35853759E-03	-3.01780373E-04	-1.61875621E-07	-1.33365279E-06	-3.01273563E-06	-1.93622025E-06	 1.18893129E-05	 7.04113495E-05	 2.44263051E-04	 6.53707385E-04	 2.43064175E-04	-5.48675348E-06
 8.100000E-01	 2.30036638E-07	 5.73721077E-06	 1.74874850E-05	 3.08096138E-05	 3.25206375E-05	 7.59629705E-06	 2.70230646E-05	-2.27306235E-03	 5.91801845E-04	-4.34471436E-04	-5.48849013E-08	-1.09474149E-06	-2.55555092E-06	-1.09126740E-06	 1.36130679E-05	 7.31529229E-05	 2.34798982E-04	 6.63607668E-04	 3.20652286E-04	 1.39417566E-05
 8.110000E-01	-1.23918459E-07	 4.91128183E-06	 1.60277357E-05	 2.89660993E-05	 3.23420240E-05	 2.55261045E-05	 2.20051505E-04	-2.16406586E-04	 2.00676206E-04	-7.03756083E-04	 6.68043027E-08	-7.87525409E-07	-1.84254186E-06	 6.83173491E-07	 1.87727680E-05	 8.99434201E-05	 2.82299358E-04	 6.81967016E-04	 2.59401438E-04	 5.90414312E-05
 8.120000E-01	-7.96577757E-07	 3.16349329E-06	 1.19693743E-05	 1.97267213E-05	 1.02750549E-05	-2.83526383E-05	 1.76117739E-04	 2.03372904E-03	 8.49467605E-04	-1.10724555E-03	 1.48230579E-07	-5.72187860E-07	-1.31947503E-06	 2.19502102E-06	 2.43139280E-05	 1.13809502E-04	 3.85443838E-04	 9.25016285E-04	 1.15218095E-05	 8.40358934E-05
 8.130000E-01	-1.74188742E-06	 5.99205246E-07	 5.47687405E-06	 3.03893685E-06	-3.59296445E-05	-1.71750320E-04	-2.32562551E-04	 3.49069312E-03	 3.15870796E-03	-1.55262496E-03	 1.20483205E-07	-6.56476350E-07	-1.60026049E-06	 1.63927015E-06	 2.48697402E-05	 1.27869376E-04	 4.96898274E-04	 1.52855965E-03	-2.68169800E-04	 3.28416547E-05
 8.140000E-01	-2.74925087E-06	-2.20465668E-06	-1.97630858E-06	-1.75126791E-05	-9.81648898E-05	-3.90397559E-04	-1.04159917E-03	 2.90889002E-03	 7.26213735E-03	-1.82546541E-03	-6.47266215E-08	-1.19549382E-06	-3.18745816E-06	-2.64479203E-06	 1.47738094E-05	 1.10663704E-04	 5.32163150E-04	 2.38613133E-03	-2.17613826E-04	-1.27974809E-04
 8.150000E-01	-3.44317043E-06	-4.18014695E-06	-7.48133796E-06	-3.40804911E-05	-1.55132636E-04	-6.24060359E-04	-2.11763657E-03	-7.11839192E-04	 1.22996964E-02	-1.60459600E-03	-3.90948701E-07	-2.16072788E-06	-6.08960870E-06	-1.10613905E-05	-8.64993991E-06	 4.67509584E-05	 4.02266009E-04	 3.07372997E-03	 5.81637404E-04	-3.66820724E-04
 8.160000E-01	-3.37300603E-06	-4.00649737E-06	-7.27312306E-06	-3.58366694E-05	-1.74698471E-04	-7.67704001E-04	-3.11836033E-03	-7.42053680E-03	 1.61328169E-02	-5.67189806E-04	-7.44859339E-07	-3.23812115E-06	-9.49592652E-06	-2.17065546E-05	-4.15855475E-05	-6.01863149E-05	 6.56988933E-05	 2.95063442E-03	 2.29885111E-03	-5.55023722E-04
 8.170000E-01	-2.19167137E-06	-6.22601142E-07	 1.87988778E-06	-1.26652770E-05	-1.23538476E-04	-6.97521508E-04	-3.53802576E-03	-1.56938610E-02	 1.56713651E-02	 1.39817844E-03	-9.23847855E-07	-3.83723322E-06	-1.17466165E-05	-3.00623507E-05	-7.19801316E-05	-1.77963151E-04	-4.18652192E-04	 1.46857677E-03	 4.50585440E-03	-4.77835456E-04
 8.180000E-01	 1.30823382E-07	 6.12849138E-06	 2.08215445E-05	 3.95103848E-05	 1.72258802E-05	-3.21279211E-04	-2.86438491E-03	-2.23309926E-02	 8.07930369E-03	 3.92379210E-03	-6.99545721E-07	-3.26763589E-06	-1.07855584E-05	-3.00549816E-05	-8.16259363E-05	-2.48003715E-04	-8.68208420E-04	-1.39606214E-03	 6.01657181E-03	 8.03000762E-05
 8.190000E-01	 3.15447553E-06	 1.50027262E-05	 4.64571700E-05	 1.13840714E-04	 2.35863728E-04	 3.62103157E-04	-8.19092932E-04	-2.32229102E-02	-7.30490607E-03	 5.98283919E-03	 7.27072386E-08	-1.06408175E-06	-5.08082996E-06	-1.65706381E-05	-5.28980697E-05	-2.03726487E-04	-1.01228474E-03	-4.80369749E-03	 5.17154597E-03	 1.17593027E-03
 8.200000E-01	 5.97839463E-06	 2.33285568E-05	 7.14608728E-05	 1.90876572E-04	 4.81720447E-04	 1.22085219E-03	 2.40606295E-03	-1.50008244E-02	-2.70997546E-02	 5.99117909E-03	 1.34200526E-06	 2.65997080E-06	 5.29828190E-06	 1.13256756E-05	 2.14786428E-05	-2.53403930E-06	-5.94931673E-04	-7.07619127E-03	 6.69805164E-04	 2.53001820E-03
 8.210000E-01	 7.45185611E-06	 2.76192624E-05	 8.58459089E-05	 2.42188905E-04	 6.72184524E-04	 1.99579889E-03	 6.04216370E-03	 2.96241748E-03	-4.32731525E-02	 2.33004852E-03	 2.80795464E-06	 7.01812253E-06	 1.79948890E-05	 4.79941554E-05	 1.29896342E-04	 3.40863825E-04	 4.83511150E-04	-6.24865788E-03	-7.28591333E-03	 3.45129629E-03
 8.220000E-01	 6.53304809E-06	 2.46937939E-05	 8.01493556E-05	 2.39078916E-04	 7.16101288E-04	 2.36573927E-03	 8.86398834E-03	 2.71568721E-02	-4.48510460E-02	-5.77029101E-03	 3.96751735E-06	 1.04681310E-05	 2.85696521E-05	 8.12375167E-05	 2.39654787E-04	 7.37788094E-04	 2.04974041E-03	-1.04188876E-03	-1.61274892E-02	 2.98267294E-03
 8.230000E-01	 2.68283860E-06	 1.29473897E-05	 4.92170503E-05	 1.63727255E-04	 5.47133741E-04	 2.05731945E-03	 9.54357608E-03	 5.00786703E-02	-2.20724831E-02	-1.72984814E-02	 4.26437987E-06	 1.12676973E-05	 3.17547411E-05	 9.54613856E-05	 3.04128979E-04	 1.03948041E-03	 3.63521668E-03	 8.15628824E-03	-2.10578439E-02	 3.12915573E-04
 8.240000E-01	-3.84169665E-06	-6.68378583E-06	-4.78295411E-06	 1.87580381E-05	 1.55672197E-04	 9.62522296E-04	 7.13759326E-03	 6.22694307E-02	 2.82043436E-02	-2.89578388E-02	 3.29975418E-06	 8.15105288E-06	 2.34626920E-05	 7.73703293E-05	 2.78618461E-04	 1.08330468E-03	 4.58689923E-03	 1.88482798E-02	-1.65924584E-02	-4.64862320E-03
 8.250000E-01	-1.19092119E-05	-3.04733096E-05	-7.14080995E-05	-1.68813668E-04	-3.93651354E-04	-7.81458077E-04	 1.53662484E-03	 5.57505308E-02	 9.81350361E-02	-3.55545668E-02	 1.02977545E-06	 9.85522835E-07	 2.85135637E-06	 2.22847032E-05	 1.40003454E-04	 7.58321398E-04	 4.29461673E-03	 2.69229316E-02	 7.66592908E-04	-1.07877592E-02
 8.260000E-01	-1.97047797E-05	-5.25695863E-05	-1.33735791E-04	-3.51607802E-04	-9.68134277E-04	-2.78673540E-03	-6.30800083E-03	 2.75860488E-02	 1.68065730E-01	-3.14696018E-02	-2.12920946E-06	-8.86416428E-06	-2.64077276E-05	-6.14644598E-05	-9.74727178E-05	 6.60103821E-05	 2.46017232E-03	 2.80861988E-02	 2.97643483E-02	-1.57138454E-02
 8.270000E-01	-2.52018529E-05	-6.65742731E-05	-1.72903520E-04	-4.74105541E-04	-1.39902268E-03	-4.49841105E-03	-1.44974872E-02	-1.79301761E-02	 2.10726515E-01	-1.29522497E-02	-5.35565683E-06	-1.86942602E-05	-5.63953357E-05	-1.52353267E-04	-3.77830559E-04	-8.50384423E-04	-6.97197720E-04	 1.97443136E-02	 6.29842590E-02	-1.63312337E-02
 8.280000E-01	-2.68236218E-05	-6.77253297E-05	-1.74551397E-04	-4.91089024E-04	-1.53467097E-03	-5.35920376E-03	-2.06681618E-02	-6.95671381E-02	 2.00036383E-01	 1.94536541E-02	-7.67134307E-06	-2.52558931E-05	-7.71481910E-05	-2.21153423E-04	-6.15632118E-04	-1.72914457E-03	-4.40100654E-03	 2.55791107E-03	 8.80109386E-02	-1.00564948E-02
 8.290000E-01	-2.40011704E-05	-5.48029108E-05	-1.34756405E-04	-3.86038607E-04	-1.29913329E-03	-5.01196315E-03	-2.27615731E-02	-1.12274935E-01	 1.21968750E-01	 5.94354736E-02	-8.30493728E-06	-2.59789750E-05	-8.03393234E-05	-2.41329655E-04	-7.24597849E-04	-2.27187142E-03	-7.51195132E-03	-1.91383075E-02	 9.14799212E-02	 3.65848013E-03
 8.300000E-01	-1.73381032E-05	-3.07408867E-05	-6.23395534E-05	-1.80181192E-04	-7.29119712E-04	-3.45398004E-03	-1.98131558E-02	-1.32369140E-01	-1.69763773E-02	 9.55972737E-02	-6.98968233E-06	-2.00600440E-05	-6.28388709E-05	-2.00152661E-04	-6.52382127E-04	-2.25827965E-03	-8.92823966E-03	-3.85296667E-02	 6.48664452E-02	 2.22273862E-02
 8.310000E-01	-8.35348625E-06	-1.65043663E-06	 2.37805331E-05	 7.31068401E-05	 3.16910089E-05	-1.06216876E-03	-1.23850165E-02	-1.22746772E-01	-1.88341230E-01	 1.14751402E-01	-4.05596189E-06	-8.87414881E-06	-2.83813482E-05	-1.05051014E-04	-4.04975796E-04	-1.64193716E-03	-8.03018291E-03	-4.88469462E-02	 9.45480453E-03	 4.00653955E-02
 8.320000E-01	 1.04071161E-06	 2.52791405E-05	 1.01052471E-04	 3.06322848E-04	 7.80385174E-04	 1.52827113E-03	-2.42018337E-03	-8.57285991E-02	-3.49257100E-01	 1.06835170E-01	-2.94290475E-07	 4.48015816E-06	 1.35065412E-05	 1.80150923E-05	-4.82898496E-05	-5.80088825E-04	-4.95845883E-03	-4.61323935E-02	-6.22647101E-02	 5.02729351E-02
 8.330000E-01	 9.10774907E-06	 4.41406283E-05	 1.50945607E-04	 4.60987856E-04	 1.32495034E-03	 3.64363432E-03	 7.42933999E-03	-3.21892795E-02	-4.56606693E-01	 6.93966916E-02	 3.33860115E-06	 1.63122049E-05	 5.09387711E-05	 1.33766992E-04	 3.14883258E-04	 6.19380958E-04	-5.89346061E-04	-3.09307787E-02	-1.30054813E-01	 4.73616326E-02
 8.340000E-01	 1.46646584E-05	 5.19187945E-05	 1.64508045E-04	 5.06132803E-04	 1.54686371E-03	 4.79796384E-03	 1.47201237E-02	 2.26257462E-02	-4.82048356E-01	 9.47932317E-03	 6.02421253E-06	 2.36203614E-05	 7.39197932E-05	 2.10394084E-04	 5.82462661E-04	 1.61216022E-03	 3.79016717E-03	-8.08116590E-03	-1.73142858E-01	 2.98348180E-02
 8.350000E-01	 1.72044699E-05	 4.88313785E-05	 1.43725966E-04	 4.44625950E-04	 1.43034560E-03	 4.82810402E-03	 1.79850595E-02	 6.46610384E-02	-4.21470049E-01	-5.82124298E-02	 7.27728806E-06	 2.49625798E-05	 7.74942799E-05	 2.30072512E-04	 6.87964854E-04	 2.13942690E-03	 6.95708988E-03	 1.52740522E-02	-1.78061699E-01	 1.32303375E-03
 8.360000E-01	 1.68645284E-05	 3.76676822E-05	 9.91589678E-05	 3.07210310E-04	 1.05259394E-03	 3.89640384E-03	 1.70555075E-02	 8.54911389E-02	-2.95140578E-01	-1.16137132E-01	 7.01525994E-06	 2.06990407E-05	 6.27818825E-05	 1.93355715E-04	 6.19032698E-04	 2.10542344E-03	 8.16133104E-03	 3.24450667E-02	-1.43608793E-01	-3.03564953E-02
 8.370000E-01	 1.42927413E-05	 2.25937713E-05	 4.55600545E-05	 1.39193190E-04	 5.46757856E-04	 2.38964450E-03	 1.29008702E-02	 8.40346038E-02	-1.39304630E-01	-1.49676338E-01	 5.52157067E-06	 1.26646399E-05	 3.59435721E-05	 1.16950676E-04	 4.15483083E-04	 1.58917529E-03	 7.31790963E-03	 3.94516988E-02	-8.09219387E-02	-5.58525567E-02
 8.380000E-01	 1.04226967E-05	 7.80183859E-06	-2.93206902E-06	-1.47652921E-05	 5.44007426E-05	 7.69500909E-04	 7.14315454E-03	 6.54735967E-02	 6.63836421E-03	-1.51649278E-01	 3.31796176E-06	 3.43297959E-06	 5.67603493E-06	 2.65540388E-05	 1.50316916E-04	 7.97123853E-04	 4.94731376E-03	 3.59718385E-02	-8.96467590E-03	-6.75731544E-02
 8.390000E-01	 6.22470734E-06	-3.57869032E-06	-3.65119087E-05	-1.22804400E-04	-3.15565023E-04	-5.70382641E-04	 1.46966028E-03	 3.83728490E-02	 1.12201004E-01	-1.24049516E-01	 9.93547137E-07	-4.53894766E-06	-1.97524883E-05	-5.21971966E-05	-9.74370561E-05	-1.88757839E-05	 1.92378826E-03	 2.48474129E-02	 5.24307793E-02	-6.23103119E-02
 8.400000E-01	 2.49034442E-06	-1.00510689E-05	-5.14260318E-05	-1.71851601E-04	-5.09653394E-04	-1.39746155E-03	-2.84685936E-03	 1.13984562E-02	 1.63059414E-01	-7.66281770E-02	-9.59530611E-07	-9.60218788E-06	-3.48917351E-05	-1.01400902E-04	-2.67468596E-04	-6.45128062E-04	-8.49767152E-04	 1.05956958E-02	 8.90687217E-02	-4.21979265E-02
 8.410000E-01	-3.02520710E-07	-1.17581302E-05	-4.96347785E-05	-1.67046588E-04	-5.31885787E-04	-1.66629360E-03	-5.19814305E-03	-9.16577674E-03	 1.61933004E-01	-2.31757110E-02	-2.25809334E-06	-1.12559385E-05	-3.82587271E-05	-1.14966171E-04	-3.33051862E-04	-9.63482343E-04	-2.71945927E-03	-2.33884266E-03	 9.61136647E-02	-1.37379738E-02
 8.420000E-01	-1.99985857E-06	-9.99295503E-06	-3.68437331E-05	-1.25921585E-04	-4.28908273E-04	-1.48461610E-03	-5.64093346E-03	-2.05314674E-02	 1.24074213E-01	 2.29882931E-02	-2.84690564E-06	-1.00493335E-05	-3.19986569E-05	-9.81772635E-05	-3.02709666E-04	-9.68048488E-04	-3.42913241E-03	-1.09406432E-02	 7.80929802E-02	 1.46317203E-02
 8.430000E-01	-2.68938738E-06	-6.47233101E-06	-1.98296599E-05	-7.00991345E-05	-2.65639428E-04	-1.04216557E-03	-4.70080360E-03	-2.31704373E-02	 6.99321219E-02	 5.27551483E-02	-2.83758606E-06	-7.14575279E-06	-2.03825294E-05	-6.35090233E-05	-2.09844305E-04	-7.41927426E-04	-3.11031627E-03	-1.42104967E-02	 4.57321908E-02	 3.54483813E-02
 8.440000E-01	-2.59938574E-06	-2.71452173E-06	-4.19389782E-06	-1.79851268E-05	-1.01619994E-04	-5.33724412E-04	-3.08557837E-03	-1.96563048E-02	 1.80091316E-02	 6.30455830E-02	-2.42322366E-06	-3.80231358E-06	-7.95952465E-06	-2.50123081E-05	-9.63068676E-05	-4.09804060E-04	-2.14537169E-03	-1.29405022E-02	 1.12961476E-02	 4.44823134E-02
 8.450000E-01	-2.01032799E-06	 3.02803048E-07	 6.81373471E-06	 1.93231916E-05	 2.39018354E-05	-1.03598880E-04	-1.42920418E-03	-1.32248538E-02	-1.97538835E-02	 5.64003291E-02	-1.80587259E-06	-9.74222425E-07	 1.88303636E-06	 6.34396503E-06	 2.58652100E-06	-8.90499667E-05	-9.82958361E-04	-8.95292708E-03	-1.55681804E-02	 4.15649458E-02
 8.460000E-01	-1.18840005E-06	 2.20118112E-06	 1.23762468E-05	 3.86215606E-05	 9.59017914E-05	 1.76921525E-04	-1.41805843E-04	-6.62354090E-03	-3.92216654E-02	 3.89356599E-02	-1.15078494E-06	 8.62449071E-07	 7.57403669E-06	 2.50372075E-05	 6.66826365E-05	 1.43184452E-04	 1.58955160E-05	-4.22507432E-03	-3.00959559E-02	 2.99020246E-02
 8.470000E-01	-3.47401725E-07	 3.05368945E-06	 1.34177882E-05	 4.25954645E-05	 1.18871186E-04	 3.02429805E-04	 6.21305169E-04	-1.52769600E-03	-4.25439037E-02	 1.77255250E-02	-5.70683353E-07	 1.67312811E-06	 9.21933344E-06	 3.08762303E-05	 9.21068809E-05	 2.59923074E-04	 6.56970273E-04	-2.42232959E-04	-3.24480423E-02	 1.44003747E-02
 8.480000E-01	 3.67969312E-07	 3.16212983E-06	 1.16403844E-05	 3.67573214E-05	 1.07974639E-04	 3.09014121E-04	 9.02722151E-04	 1.49335142E-03	-3.52612598E-02	-1.38313887E-03	-1.28010521E-07	 1.70102982E-06	 7.96864788E-06	 2.71980995E-05	 8.67909066E-05	 2.74852096E-04	 9.12593671E-04	 2.26913184E-03	-2.61333195E-02	-1.86635099E-04
 8.490000E-01	 8.84022077E-07	 2.86864694E-06	 8.72488483E-06	 2.67600421E-05	 8.05169815E-05	 2.47249552E-04	 8.49172831E-04	 2.66126875E-03	-2.34580431E-02	-1.49374929E-02	 1.56388520E-07	 1.28538651E-06	 5.29158738E-06	 1.86037477E-05	 6.38692716E-05	 2.23429373E-04	 8.68492669E-04	 3.26667407E-03	-1.58528991E-02	-1.06007695E-02
 8.500000E-01	 1.18699554E-06	 2.44390746E-06	 5.88262089E-06	 1.68071666E-05	 5.03412785E-05	 1.62408907E-04	 6.26479858E-04	 2.57305795E-03	-1.18626926E-02	-2.19787338E-02	 2.91805622E-07	 7.26495534E-07	 2.43651652E-06	 9.16895157E-06	 3.59487348E-05	 1.44532345E-04	 6.55542329E-04	 3.13099466E-03	-5.69906373E-03	-1.55878023E-02
 8.510000E-01	 1.30426483E-06	 2.04894132E-06	 3.73957748E-06	 9.17104831E-06	 2.56586430E-05	 8.48214878E-05	 3.66493267E-04	 1.86309124E-03	-3.12173533E-03	-2.34067148E-02	 3.06057181E-07	 2.19689920E-07	 1.70165341E-07	 1.51438944E-06	 1.17834454E-05	 6.82795045E-05	 3.94889491E-04	 2.38088968E-03	 1.80943271E-03	-1.56482671E-02
 8.520000E-01	 1.28466417E-06	 1.74820540E-06	 2.44196397E-06	 4.47702769E-06	 9.46843619E-06	 2.87638945E-05	 1.47887240E-04	 1.01302747E-03	 2.01378579E-03	-2.10638944E-02	 2.35684596E-07	-1.49637432E-07	-1.23143133E-06	-3.31611912E-06	-4.54484550E-06	 1.13623614E-05	 1.68495113E-04	 1.46771074E-03	 5.84573608E-03	-1.23451642E-02
 8.530000E-01	 1.18179379E-06	 1.54451316E-06	 1.84946569E-06	 2.31985622E-06	 1.24805328E-06	-3.62778484E-06	 9.20662719E-07	 2.97925332E-04	 4.04004255E-03	-1.69144099E-02	 1.18264949E-07	-3.75528873E-07	-1.84249416E-06	-5.46234066E-06	-1.27300632E-05	-2.17174281E-05	 1.36298463E-05	 6.80318365E-04	 6.83402566E-03	-7.53237025E-03
 8.540000E-01	 1.04269382E-06	 1.41386720E-06	 1.71701042E-06	 1.87633606E-06	-1.19262218E-06	-1.69514099E-05	-7.66488459E-05	-1.81959449E-04	 3.99312759E-03	-1.25181117E-02	-1.31176956E-08	-4.91292333E-07	-1.90483045E-06	-5.67825528E-06	-1.46466269E-05	-3.44178276E-05	-6.72861815E-05	 1.40921380E-04	 5.81406118E-03	-2.76944767E-03
 8.550000E-01	 9.02115603E-07	 1.32908782E-06	 1.81517207E-06	 2.33262882E-06	-3.08861895E-07	-1.79669010E-05	-1.02568498E-04	-4.36595775E-04	 2.92117863E-03	-8.82715593E-03	-1.33332047E-07	-5.37828631E-07	-1.68001656E-06	-4.83996448E-06	-1.28384876E-05	-3.35637564E-05	-9.12521760E-05	-1.48852959E-04	 3.89173222E-03	 9.67784344E-04
 8.560000E-01	 7.81218454E-07	 1.27039837E-06	 1.98354053E-06	 3.09104660E-06	 1.94565642E-06	-1.27785155E-05	-9.75113733E-05	-5.24915337E-04	 1.60653950E-03	-6.22440855E-03	-2.26856288E-07	-5.46877959E-07	-1.36709270E-06	-3.65087020E-06	-9.51923954E-06	-2.59531041E-05	-8.09016017E-05	-2.49435593E-04	 1.90961312E-03	 3.30658154E-03
 8.570000E-01	 6.89231303E-07	 1.22666306E-06	 2.13495389E-06	 3.80621720E-06	 4.34424148E-06	-5.67184107E-06	-7.83292753E-05	-5.13105960E-04	 4.97390685E-04	-4.68706784E-03	-2.87576163E-07	-5.37313672E-07	-1.08060934E-06	-2.54125087E-06	-6.15197459E-06	-1.66050610E-05	-5.58100469E-05	-2.36166330E-04	 3.41541702E-04	 4.32713958E-03
 8.580000E-01	 6.26671236E-07	 1.19267755E-06	 2.23665306E-06	 4.33259659E-06	 6.29179582E-06	 9.39518697E-07	-5.59966262E-05	-4.54024975E-04	-2.36235957E-04	-3.97495387E-03	-3.16907734E-07	-5.17984578E-07	-8.64616141E-07	-1.69631967E-06	-3.45449293E-06	-8.37136278E-06	-2.90053061E-05	-1.72039091E-04	-6.59401473E-04	 4.35574964E-03
 8.590000E-01	 5.88851230E-07	 1.16591108E-06	 2.28666883E-06	 4.64716898E-06	 7.61478825E-06	 6.04917229E-06	-3.62440279E-05	-3.81869982E-04	-6.01880547E-04	-3.78275975E-03	-3.21050133E-07	-4.92533636E-07	-7.19894753E-07	-1.13810348E-06	-1.60725724E-06	-2.34351387E-06	-7.06678090E-06	-9.81802055E-05	-1.14646474E-03	 3.78377166E-03
 8.600000E-01	 5.68883595E-07	 1.14444783E-06	 2.29563833E-06	 4.78414889E-06	 8.36214834E-06	 9.49469300E-06	-2.11810402E-05	-3.14838036E-04	-6.90849474E-04	-3.83510197E-03	-3.08057936E-07	-4.62778328E-07	-6.28534320E-07	-8.09039903E-07	-4.97313402E-07	 1.47569089E-06	 8.08458631E-06	-3.54260769E-05	-1.26446538E-03	 2.95091165E-03
 8.610000E-01	 5.59714242E-07	 1.12603311E-06	 2.27578268E-06	 4.79248770E-06	 8.66516138E-06	 1.15105970E-05	-1.08858872E-05	-2.60282685E-04	-6.12954966E-04	-3.92936836E-03	-2.85730553E-07	-4.30572400E-07	-5.70082113E-07	-6.31385298E-07	 9.20180937E-08	 3.57733988E-06	 1.71211219E-05	 9.55232951E-06	-1.16815192E-03	 2.09472915E-03
 8.620000E-01	 5.55326137E-07	 1.10804128E-06	 2.23624943E-06	 4.71478443E-06	 8.65819639E-06	 1.24452768E-05	-4.56361753E-06	-2.19464630E-04	-4.61467528E-04	-3.94246874E-03	-2.60237918E-07	-3.98081253E-07	-5.29172948E-07	-5.39331609E-07	 3.67231472E-07	 4.54963611E-06	 2.16965221E-05	 3.78550645E-05	-9.79828831E-04	 1.34829760E-03
 8.630000E-01	 5.51274030E-07	 1.08804910E-06	 2.18273068E-06	 4.58174749E-06	 8.44844435E-06	 1.26216350E-05	-1.22826939E-06	-1.90911039E-04	-3.00904928E-04	-3.81810007E-03	-2.35718315E-07	-3.67433754E-07	-4.96901599E-07	-4.89114799E-07	 4.78152818E-07	 4.87733396E-06	 2.34751864E-05	 5.35702477E-05	-7.77528636E-04	 7.63334770E-04
 8.640000E-01	 5.44706261E-07	 1.06423131E-06	 2.11866220E-06	 4.41396952E-06	 8.11257760E-06	 1.22938383E-05	-2.99614646E-09	-1.72313150E-04	-1.68055500E-04	-3.54743680E-03	-2.14275125E-07	-3.40166144E-07	-4.69306861E-07	-4.56749766E-07	 5.14764033E-07	 4.88521866E-06	 2.37206630E-05	 6.10006716E-05	-6.00834649E-04	 3.40329972E-04
 8.650000E-01	 5.34133702E-07	 1.03556175E-06	 2.04623704E-06	 4.22498167E-06	 7.70294476E-06	 1.16474920E-05	-1.99758805E-07	-1.61361787E-04	-7.84035319E-05	-3.15080012E-03	-1.96570706E-07	-3.17018847E-07	-4.45061057E-07	-4.31471691E-07	 5.22515667E-07	 4.75881182E-06	 2.32380399E-05	 6.35197895E-05	-4.63134110E-04	 5.45077814E-05
 8.660000E-01	 5.19126835E-07	 1.00177801E-06	 1.96728685E-06	 4.02426447E-06	 7.25551983E-06	 1.08158822E-05	-1.30235715E-06	-1.56041345E-04	-3.34815736E-05	-2.66312743E-03	-1.82329060E-07	-2.98052187E-07	-4.24027880E-07	-4.09734132E-07	 5.20037473E-07	 4.58853848E-06	 2.24718575E-05	 6.33821872E-05	-3.63372629E-04	-1.26506486E-04
 8.670000E-01	 5.00047906E-07	 9.63386559E-07	 1.88388861E-06	 3.81968274E-06	 6.79713234E-06	 9.89698198E-06	-2.92687637E-06	-1.54671426E-04	-2.70896706E-05	-2.12378742E-03	-1.70859578E-07	-2.82772247E-07	-4.06155188E-07	-3.90979543E-07	 5.12713024E-07	 4.41042126E-06	 2.16339492E-05	 6.19293548E-05	-2.94465837E-04	-2.33027897E-04
 8.680000E-01	 4.77666221E-07	 9.21467813E-07	 1.79844799E-06	 3.61834300E-06	 6.34942685E-06	 8.96582193E-06	-4.78263412E-06	-1.55854213E-04	-4.96541740E-05	-1.57020093E-03	-1.61426405E-07	-2.70491963E-07	-3.91208593E-07	-3.75397136E-07	 5.01530735E-07	 4.23533912E-06	 2.08081919E-05	 5.98853961E-05	-2.48178831E-04	-2.89416149E-04
 8.690000E-01	 4.53014619E-07	 8.77244399E-07	 1.71334253E-06	 3.42600405E-06	 5.92870201E-06	 8.07788926E-06	-6.65198389E-06	-1.58423881E-04	-9.08872485E-05	-1.03423393E-03	-1.53406765E-07	-2.60353887E-07	-3.78818025E-07	-3.62876857E-07	 4.86317190E-07	 4.06484708E-06	 2.00209779E-05	 5.76190813E-05	-2.17357098E-04	-3.13524539E-04
 8.700000E-01	 4.27148933E-07	 8.32101330E-07	 1.63062959E-06	 3.24687206E-06	 5.54614385E-06	 7.27174765E-06	-8.37824757E-06	-1.61448412E-04	-1.41392251E-04	-5.40352868E-04	-1.46339631E-07	-2.51565467E-07	-3.68474574E-07	-3.53047215E-07	 4.67323961E-07	 3.89830676E-06	 1.92757968E-05	 5.53170409E-05	-1.96581454E-04	-3.17641077E-04
 8.710000E-01	 4.01087058E-07	 7.87434946E-07	 1.55200240E-06	 3.08398001E-06	 5.20835558E-06	 6.57070684E-06	-9.86002525E-06	-1.64245089E-04	-1.93603417E-04	-1.05049087E-04	-1.39870073E-07	-2.43635398E-07	-3.59650808E-07	-3.45736665E-07	 4.44817435E-07	 3.73468697E-06	 1.85693972E-05	 5.30705478E-05	-1.82093072E-04	-3.09826668E-04
 8.720000E-01	 3.75660870E-07	 7.44366421E-07	 1.47867037E-06	 2.93869026E-06	 4.91771216E-06	 5.98410378E-06	-1.10472278E-05	-1.66362275E-04	-2.42065485E-04	 2.62625215E-04	-1.33869905E-07	-2.36204964E-07	-3.51869154E-07	-3.40438260E-07	 4.19845614E-07	 3.57425703E-06	 1.78970012E-05	 5.09153925E-05	-1.71418786E-04	-2.95206629E-04
 8.730000E-01	 3.51525952E-07	 7.03827849E-07	 1.41151230E-06	 2.81129989E-06	 4.67330991E-06	 5.51081753E-06	-1.19298938E-05	-1.67552912E-04	-2.83386671E-04	 5.59974866E-04	-1.28269770E-07	-2.29070835E-07	-3.44815879E-07	-3.36804080E-07	 3.93181903E-07	 3.41770658E-06	 1.72557001E-05	 4.88654276E-05	-1.63007721E-04	-2.76953242E-04
 8.740000E-01	 3.29106079E-07	 6.66363417E-07	 1.35086459E-06	 2.70124227E-06	 4.47256658E-06	 5.14579595E-06	-1.25156169E-05	-1.67726378E-04	-3.16024697E-04	 7.89282388E-04	-1.23083212E-07	-2.22210433E-07	-3.38290196E-07	-3.34539495E-07	 3.65393569E-07	 3.26586970E-06	 1.66448307E-05	 4.69329120E-05	-1.55930915E-04	-2.56991897E-04
 8.750000E-01	 3.08586606E-07	 6.32304829E-07	 1.29690568E-06	 2.60764716E-06	 4.31238604E-06	 4.88157992E-06	-1.28213272E-05	-1.66901205E-04	-3.39852618E-04	 9.56292868E-04	-1.18292163E-07	-2.15603234E-07	-3.32202405E-07	-3.33477469E-07	 3.36789541E-07	 3.11919517E-06	 1.60654851E-05	 4.51270873E-05	-1.49675485E-04	-2.36470936E-04
 8.760000E-01	 2.90035087E-07	 6.01717086E-07	 1.24944104E-06	 2.52915029E-06	 4.18855203E-06	 4.70687183E-06	-1.28758292E-05	-1.65162543E-04	-3.55539969E-04	 1.06871069E-03	-1.13898743E-07	-2.09307861E-07	-3.26431736E-07	-3.33218814E-07	 3.08125096E-07	 2.97884691E-06	 1.55177617E-05	 4.34453797E-05	-1.43950323E-04	-2.16120226E-04
 8.770000E-01	 2.73400374E-07	 5.74533811E-07	 1.20817895E-06	 2.46423726E-06	 4.09653797E-06	 4.60901809E-06	-1.27137090E-05	-1.62628986E-04	-3.64160580E-04	 1.13510545E-03	-1.09859375E-07	-2.03336050E-07	-3.20927417E-07	-3.33502989E-07	 2.79856624E-07	 2.84548802E-06	 1.50019419E-05	 4.18823625E-05	-1.38581149E-04	-1.96436308E-04
 8.780000E-01	 2.58538248E-07	 5.50449592E-07	 1.17248497E-06	 2.41116061E-06	 4.03212735E-06	 4.57892772E-06	-1.23602436E-05	-1.59415900E-04	-3.66984119E-04	 1.16415108E-03	-1.06146760E-07	-1.97742327E-07	-3.15713781E-07	-3.34175838E-07	 2.52230666E-07	 2.71944175E-06	 1.45187991E-05	 4.04390600E-05	-1.33472627E-04	-1.77756332E-04
 8.790000E-01	 2.45226222E-07	 5.29009454E-07	 1.14143668E-06	 2.36758137E-06	 3.98953884E-06	 4.60388829E-06	-1.18486071E-05	-1.55627801E-04	-3.65135075E-04	 1.16399075E-03	-1.02724468E-07	-1.92528295E-07	-3.10798540E-07	-3.35127279E-07	 2.25295173E-07	 2.60045304E-06	 1.40668433E-05	 3.91077943E-05	-1.28558421E-04	-1.60317212E-04
 8.800000E-01	 2.33281578E-07	 5.09763165E-07	 1.11395118E-06	 2.33054857E-06	 3.96077919E-06	 4.66280193E-06	-1.12385313E-05	-1.51397747E-04	-3.59423347E-04	 1.14192298E-03	-9.95501349E-08	-1.87661351E-07	-3.06105777E-07	-3.35992333E-07	 1.99726818E-07	 2.48865242E-06	 1.36396490E-05	 3.78581873E-05	-1.23758487E-04	-1.44286188E-04
 8.810000E-01	 2.22540852E-07	 4.92322023E-07	 1.08913847E-06	 2.29766108E-06	 3.93880015E-06	 4.73427901E-06	-1.05942915E-05	-1.46900145E-04	-3.50632963E-04	 1.10442569E-03	-9.65885833E-08	-1.83112127E-07	-3.01593046E-07	-3.36605978E-07	 1.75823477E-07	 2.38382609E-06	 1.32312293E-05	 3.66594696E-05	-1.19016879E-04	-1.29719868E-04
 8.820000E-01	 2.12763349E-07	 4.76235964E-07	 1.06612097E-06	 2.26703466E-06	 3.91915255E-06	 4.80590483E-06	-9.95276546E-06	-1.42298034E-04	-3.39741991E-04	 1.05706479E-03	-9.37914991E-08	-1.78872390E-07	-2.97377110E-07	-3.37224681E-07	 1.53006387E-07	 2.28411089E-06	 1.28372826E-05	 3.55016793E-05	-1.14328657E-04	-1.16555911E-04
 8.830000E-01	 2.03772777E-07	 4.61179029E-07	 1.04432340E-06	 2.23753658E-06	 3.89905392E-06	 4.87003541E-06	-9.33880527E-06	-1.37734359E-04	-3.27734768E-04	 1.00431508E-03	-9.11076102E-08	-1.74876547E-07	-2.93429023E-07	-3.37934947E-07	 1.30840239E-07	 2.18793572E-06	 1.24538647E-05	 3.43723095E-05	-1.09763100E-04	-1.04616513E-04
 8.840000E-01	 1.95495170E-07	 4.47109303E-07	 1.02383625E-06	 2.20962215E-06	 3.87948327E-06	 4.92762055E-06	-8.76429895E-06	-1.33343772E-04	-3.15503842E-04	 9.49556796E-04	-8.84943418E-08	-1.71013279E-07	-2.89531907E-07	-3.38140262E-07	 1.10874204E-07	 2.09865285E-06	 1.20883087E-05	 3.32648496E-05	-1.05502540E-04	-9.36637462E-05
 8.850000E-01	 1.87724139E-07	 4.33700348E-07	 1.00414037E-06	 2.18251106E-06	 3.85939736E-06	 4.97873508E-06	-8.22652898E-06	-1.29132960E-04	-3.03519965E-04	 8.94666226E-04	-8.59866314E-08	-1.67326243E-07	-2.85806381E-07	-3.38141629E-07	 9.25557354E-08	 2.01582102E-06	 1.17426648E-05	 3.21999055E-05	-1.01491814E-04	-8.37713375E-05
 8.860000E-01	 1.80274968E-07	 4.20686246E-07	 9.84854403E-07	 2.15585078E-06	 3.83926927E-06	 5.02802202E-06	-7.70580788E-06	-1.25079706E-04	-2.92119407E-04	 8.40774592E-04	-8.35813569E-08	-1.63833024E-07	-2.82388593E-07	-3.38391166E-07	 7.48025598E-08	 1.93741374E-06	 1.14173313E-05	 3.12011851E-05	-9.76679167E-05	-7.49815777E-05
 8.870000E-01	 1.73073143E-07	 4.07963976E-07	 9.65833866E-07	 2.12957593E-06	 3.81969602E-06	 5.07867776E-06	-7.18652076E-06	-1.21161710E-04	-2.81464016E-04	 7.88548184E-04	-8.12560090E-08	-1.60504828E-07	-2.79275034E-07	-3.39025877E-07	 5.71560407E-08	 1.86214625E-06	 1.11113179E-05	 3.02755692E-05	-9.40161704E-05	-6.72575590E-05
 8.880000E-01	 1.66142796E-07	 3.95603847E-07	 9.47237936E-07	 2.10401608E-06	 3.80127241E-06	 5.13093118E-06	-6.66822885E-06	-1.17367005E-04	-2.71499828E-04	 7.38294781E-04	-7.89841011E-08	-1.57267535E-07	-2.76288748E-07	-3.39686408E-07	 4.03270470E-08	 1.79099642E-06	 1.08244001E-05	 2.94140147E-05	-9.05326311E-05	-6.05657206E-05
 8.890000E-01	 1.59479052E-07	 3.83597815E-07	 9.29012437E-07	 2.07894472E-06	 3.78339216E-06	 5.18328000E-06	-6.15283051E-06	-1.13653937E-04	-2.62020670E-04	 6.89988744E-04	-7.67549034E-08	-1.54091879E-07	-2.73367631E-07	-3.40268745E-07	 2.44255139E-08	 1.72382617E-06	 1.05539860E-05	 2.86134008E-05	-8.71274079E-05	-5.49715936E-05
 8.900000E-01	 1.53117071E-07	 3.72023050E-07	 9.11288390E-07	 2.05447745E-06	 3.76599950E-06	 5.23552734E-06	-5.64034455E-06	-1.09979565E-04	-2.52828201E-04	 6.43546129E-04	-7.45183391E-08	-1.50871156E-07	-2.70316960E-07	-3.40512188E-07	 9.59725644E-09	 1.66026432E-06	 1.02962929E-05	 2.78704843E-05	-8.36989921E-05	-5.05109350E-05
 8.910000E-01	 1.47091094E-07	 3.61061882E-07	 8.94687123E-07	 2.03241780E-06	 3.75381237E-06	 5.29891783E-06	-5.10898774E-06	-1.06331658E-04	-2.43912436E-04	 5.99083729E-04	-7.22800730E-08	-1.47573251E-07	-2.66952870E-07	-3.39724537E-07	-2.05495292E-09	 1.60589539E-06	 1.00658955E-05	 2.72022280E-05	-8.02993137E-05	-4.70675567E-05
 8.920000E-01	 1.41069241E-07	 3.49991436E-07	 8.77618542E-07	 2.00929050E-06	 3.73991687E-06	 5.36174410E-06	-4.56176552E-06	-1.02543170E-04	-2.34687941E-04	 5.56006499E-04	-7.01562439E-08	-1.44454504E-07	-2.63855887E-07	-3.39282684E-07	-1.36681982E-08	 1.55434943E-06	 9.85032848E-06	 2.66349596E-05	-7.65362230E-05	-4.48930657E-05
 8.930000E-01	 1.34975634E-07	 3.38453997E-07	 8.58924294E-07	 1.98181078E-06	 3.71582703E-06	 5.40293713E-06	-4.04312997E-06	-9.86233175E-05	-2.24829909E-04	 5.14592392E-04	-6.81298674E-08	-1.41593205E-07	-2.61400397E-07	-3.40454467E-07	-2.90187003E-08	 1.49509362E-06	 9.61997976E-06	 2.61244849E-05	-7.22344793E-05	-4.37092648E-05
 8.940000E-01	 1.29137555E-07	 3.27066887E-07	 8.39825081E-07	 1.95231551E-06	 3.68495819E-06	 5.42295416E-06	-3.58719537E-06	-9.48675918E-05	-2.15029115E-04	 4.76606605E-04	-6.60722498E-08	-1.38757228E-07	-2.59147776E-07	-3.42395082E-07	-4.65626309E-08	 1.42998409E-06	 9.37331852E-06	 2.55881331E-05	-6.79539299E-05	-4.24503539E-05
 8.950000E-01	 1.23710557E-07	 3.16301771E-07	 8.21636492E-07	 1.92421842E-06	 3.65512921E-06	 5.43696591E-06	-3.18756415E-06	-9.15047513E-05	-2.06160755E-04	 4.43398949E-04	-6.39714314E-08	-1.35838022E-07	-2.56693429E-07	-3.43808111E-07	-6.26487370E-08	 1.36824610E-06	 9.13281328E-06	 2.49975619E-05	-6.43152766E-05	-4.03521309E-05
 8.960000E-01	 1.18434479E-07	 3.05740437E-07	 8.03695640E-07	 1.89658250E-06	 3.62569699E-06	 5.44799795E-06	-2.82665421E-06	-8.84793057E-05	-1.98326359E-04	 4.14603321E-04	-6.19378751E-08	-1.32997819E-07	-2.54291351E-07	-3.45072518E-07	-7.76640450E-08	 1.31081096E-06	 8.90601892E-06	 2.43826148E-05	-6.13214236E-05	-3.75754255E-05
 8.970000E-01	 1.13199036E-07	 2.95081961E-07	 7.85135479E-07	 1.86704250E-06	 3.59108159E-06	 5.44510560E-06	-2.51432417E-06	-8.56792981E-05	-1.91177958E-04	 3.89207319E-04	-5.99636710E-08	-1.30248412E-07	-2.52077026E-07	-3.46834664E-07	-9.38927330E-08	 1.25127251E-06	 8.67564832E-06	 2.37482629E-05	-5.86794947E-05	-3.45386200E-05
 8.980000E-01	 1.08272957E-07	 2.84998563E-07	 7.67639446E-07	 1.83968436E-06	 3.56030776E-06	 5.44591915E-06	-2.22776485E-06	-8.31962795E-05	-1.85016594E-04	 3.67100788E-04	-5.79689328E-08	-1.27386148E-07	-2.49524325E-07	-3.47714472E-07	-1.07831994E-07	 1.19755595E-06	 8.46052914E-06	 2.30910649E-05	-5.66240690E-05	-3.11255036E-05
 8.990000E-01	 1.03561479E-07	 2.75373730E-07	 7.51067442E-07	 1.81443309E-06	 3.53411710E-06	 5.45510174E-06	-1.94079948E-06	-8.08924935E-05	-1.79595820E-04	 3.47173615E-04	-5.60029054E-08	-1.24457269E-07	-2.46646089E-07	-3.47624824E-07	-1.19086481E-07	 1.15114043E-06	 8.26641798E-06	 2.24520989E-05	-5.49483795E-05	-2.77896371E-05
 9.000000E-01	 9.88554865E-08	 2.65787837E-07	 7.34540774E-07	 1.78948006E-06	 3.50939129E-06	 5.46968404E-06	-1.63645077E-06	-7.85761363E-05	-1.74382975E-04	 3.28124081E-04	-5.41437594E-08	-1.21622282E-07	-2.43780506E-07	-3.47317298E-07	-1.29303855E-07	 1.10876191E-06	 8.08833316E-06	 2.18722734E-05	-5.32668516E-05	-2.50597283E-05
 9.010000E-01	 9.40658689E-08	 2.55887196E-07	 7.16912089E-07	 1.76153473E-06	 3.47796802E-06	 5.47211713E-06	-1.33719989E-06	-7.61174165E-05	-1.68810154E-04	 3.09109269E-04	-5.23877132E-08	-1.18943982E-07	-2.41216673E-07	-3.47854691E-07	-1.41854612E-07	 1.06112855E-06	 7.90077392E-06	 2.13473918E-05	-5.11998641E-05	-2.32122663E-05
 9.020000E-01	 8.94456277E-08	 2.46182013E-07	 6.99283982E-07	 1.73293989E-06	 3.44411216E-06	 5.46781971E-06	-1.05345642E-06	-7.36704805E-05	-1.63158474E-04	 2.90799205E-04	-5.06617464E-08	-1.16294289E-07	-2.38675110E-07	-3.48538582E-07	-1.55066098E-07	 1.01146052E-06	 7.70857633E-06	 2.08391354E-05	-4.90192821E-05	-2.17530646E-05
 9.030000E-01	 8.50632469E-08	 2.36845074E-07	 6.82088826E-07	 1.70470774E-06	 3.40990430E-06	 5.46007151E-06	-7.88244996E-07	-7.13222475E-05	-1.57695375E-04	 2.73679046E-04	-4.89599363E-08	-1.13638770E-07	-2.36027652E-07	-3.48962023E-07	-1.67813671E-07	 9.62523754E-07	 7.51785978E-06	 2.03326630E-05	-4.69315610E-05	-2.03766886E-05
 9.040000E-01	 8.08856089E-08	 2.27860098E-07	 6.65396496E-07	 1.67717485E-06	 3.37637298E-06	 5.45136771E-06	-5.37180071E-07	-6.90901240E-05	-1.52530348E-04	 2.57847423E-04	-4.73018228E-08	-1.11002277E-07	-2.33280370E-07	-3.49006869E-07	-1.79552468E-07	 9.15980773E-07	 7.33332056E-06	 1.98296726E-05	-4.50087193E-05	-1.90035516E-05
 9.050000E-01	 7.68350201E-08	 2.19080967E-07	 6.48920916E-07	 1.64976325E-06	 3.34246237E-06	 5.44027082E-06	-2.97813787E-07	-6.69384461E-05	-1.47596217E-04	 2.43096941E-04	-4.57043814E-08	-1.08420497E-07	-2.30508823E-07	-3.48852179E-07	-1.90718498E-07	 8.70868587E-07	 7.15326977E-06	 1.93373237E-05	-4.31919777E-05	-1.77062898E-05
 9.060000E-01	 7.28904914E-08	 2.10466221E-07	 6.32577660E-07	 1.62228359E-06	 3.30779561E-06	 5.42638620E-06	-6.88512865E-08	-6.48491631E-05	-1.42840118E-04	 2.29273992E-04	-4.41674326E-08	-1.05906969E-07	-2.27753517E-07	-3.48590926E-07	-2.01543033E-07	 8.26601970E-07	 6.97629372E-06	 1.88572337E-05	-4.14452079E-05	-1.65136232E-05
 9.070000E-01	 6.90514458E-08	 2.02013789E-07	 6.16367011E-07	 1.59471662E-06	 3.27226151E-06	 5.40953250E-06	 1.49206630E-07	-6.28186918E-05	-1.38239818E-04	 2.16299526E-04	-4.26856004E-08	-1.03455804E-07	-2.25010600E-07	-3.48229708E-07	-2.12102512E-07	 7.82934247E-07	 6.80157215E-06	 1.83881134E-05	-3.97587911E-05	-1.54177599E-05
 9.080000E-01	 6.53286183E-08	 1.93749642E-07	 6.00355330E-07	 1.56721037E-06	 3.23614168E-06	 5.39019278E-06	 3.56280736E-07	-6.08520879E-05	-1.33801453E-04	 2.04142921E-04	-4.12546194E-08	-1.01062500E-07	-2.22271791E-07	-3.47723741E-07	-2.22261801E-07	 7.40147980E-07	 6.62941425E-06	 1.79276774E-05	-3.81432773E-05	-1.43923987E-05
 9.090000E-01	 6.17163239E-08	 1.85669158E-07	 5.84554472E-07	 1.53982676E-06	 3.19958439E-06	 5.36852749E-06	 5.52707244E-07	-5.89500624E-05	-1.29525748E-04	 1.92761046E-04	-3.98733258E-08	-9.87249690E-08	-2.19535730E-07	-3.47063326E-07	-2.31965090E-07	 6.98375979E-07	 6.46015092E-06	 1.74754726E-05	-3.66021980E-05	-1.34255866E-05
 9.100000E-01	 5.82071894E-08	 1.77761472E-07	 5.68952597E-07	 1.51257025E-06	 3.16264565E-06	 5.34458591E-06	 7.39138308E-07	-5.71096759E-05	-1.25405540E-04	 1.82096746E-04	-3.85398574E-08	-9.64451620E-08	-2.16810592E-07	-3.46257308E-07	-2.41190652E-07	 6.57628019E-07	 6.29372604E-06	 1.70313364E-05	-3.51319403E-05	-1.25148772E-05
 9.110000E-01	 5.47919570E-08	 1.70010035E-07	 5.53525051E-07	 1.48540571E-06	 3.12527999E-06	 5.31833500E-06	 9.16001995E-07	-5.53270951E-05	-1.21430085E-04	 1.72091937E-04	-3.72508780E-08	-9.42217513E-08	-2.14102213E-07	-3.45331602E-07	-2.49991846E-07	 6.17821282E-07	 6.13005615E-06	 1.65956000E-05	-3.37264470E-05	-1.16607035E-05
 9.120000E-01	 5.14686806E-08	 1.62410600E-07	 5.38265332E-07	 1.45831710E-06	 3.08746560E-06	 5.28989418E-06	 1.08352482E-06	-5.35997755E-05	-1.17591076E-04	 1.62696871E-04	-3.60014314E-08	-9.20485333E-08	-2.11403066E-07	-3.44275957E-07	-2.58370569E-07	 5.78934395E-07	 5.96892946E-06	 1.61677805E-05	-3.23818372E-05	-1.08601459E-05
 9.130000E-01	 4.82351132E-08	 1.54958783E-07	 5.23168136E-07	 1.43129194E-06	 3.04918012E-06	 5.25936707E-06	 1.24190381E-06	-5.19260084E-05	-1.13882526E-04	 1.53869567E-04	-3.47885141E-08	-8.99212761E-08	-2.08712893E-07	-3.43098732E-07	-2.66354168E-07	 5.40983354E-07	 5.81044240E-06	 1.57478886E-05	-3.10957930E-05	-1.01096946E-05
 9.140000E-01	 4.50890880E-08	 1.47651955E-07	 5.08233250E-07	 1.40434418E-06	 3.01047705E-06	 5.22686275E-06	 1.39143413E-06	-5.03044705E-05	-1.10299815E-04	 1.45572251E-04	-3.36082590E-08	-8.78322412E-08	-2.06020183E-07	-3.41780974E-07	-2.73912957E-07	 5.03986690E-07	 5.65452261E-06	 1.53354500E-05	-2.98665986E-05	-9.40528583E-06
 9.150000E-01	 4.20261513E-08	 1.40482525E-07	 4.93449906E-07	 1.37747165E-06	 2.97139119E-06	 5.19240369E-06	 1.53253438E-06	-4.87334631E-05	-1.06838068E-04	 1.37769028E-04	-3.24580542E-08	-8.57810307E-08	-2.03332791E-07	-3.40347493E-07	-2.81069830E-07	 4.67952041E-07	 5.50134476E-06	 1.49307288E-05	-2.86918035E-05	-8.74499040E-06
 9.160000E-01	 3.90434148E-08	 1.33445033E-07	 4.78811891E-07	 1.35067891E-06	 2.93196959E-06	 5.15605363E-06	 1.66553214E-06	-4.72113765E-05	-1.03492473E-04	 1.30426183E-04	-3.13314547E-08	-8.37573737E-08	-2.00634470E-07	-3.38779835E-07	-2.87805886E-07	 4.32855517E-07	 5.35079144E-06	 1.45333765E-05	-2.75690583E-05	-8.12625251E-06
 9.170000E-01	 3.61407243E-08	 1.26536823E-07	 4.64312216E-07	 1.32394669E-06	 2.89218986E-06	 5.11789534E-06	 1.79071623E-06	-4.57364101E-05	-1.00258085E-04	 1.23512032E-04	-3.02254611E-08	-8.17595249E-08	-1.97929137E-07	-3.37094517E-07	-2.94151232E-07	 3.98720797E-07	 5.20303456E-06	 1.41436963E-05	-2.64956876E-05	-7.54789393E-06
 9.180000E-01	 3.33191147E-08	 1.19759186E-07	 4.49953452E-07	 1.29727307E-06	 2.85204758E-06	 5.07804119E-06	 1.90823127E-06	-4.43071512E-05	-9.71304609E-05	 1.16997897E-04	-2.91347817E-08	-7.97736996E-08	-1.95191617E-07	-3.35254514E-07	-3.00082826E-07	 3.65546501E-07	 5.05794791E-06	 1.37612909E-05	-2.54696900E-05	-7.00728161E-06
 9.190000E-01	 3.05786222E-08	 1.13112516E-07	 4.35734202E-07	 1.27065115E-06	 2.81154074E-06	 5.03658688E-06	 2.01838083E-06	-4.29220366E-05	-9.41054732E-05	 1.10857004E-04	-2.80597499E-08	-7.78014999E-08	-1.92430008E-07	-3.33277465E-07	-3.05620429E-07	 3.33383610E-07	 4.91575486E-06	 1.33865289E-05	-2.44886839E-05	-6.50338474E-06
 9.200000E-01	 2.79175429E-08	 1.06595016E-07	 4.21653880E-07	 1.24409244E-06	 2.77071529E-06	 4.99357524E-06	 2.12141320E-06	-4.15798250E-05	-9.11794445E-05	 1.05065219E-04	-2.69945672E-08	-7.58303392E-08	-1.89622072E-07	-3.31135761E-07	-3.10740350E-07	 3.02201104E-07	 4.77632384E-06	 1.30190557E-05	-2.35508953E-05	-6.03366808E-06
 9.210000E-01	 2.53349477E-08	 1.00204404E-07	 4.07708855E-07	 1.21760091E-06	 2.72961648E-06	 4.94908546E-06	 2.21773954E-06	-4.02790569E-05	-8.83489461E-05	 9.95995816E-05	-2.59385952E-08	-7.38641816E-08	-1.86780443E-07	-3.28856068E-07	-3.15460516E-07	 2.72039207E-07	 4.63989915E-06	 1.26593140E-05	-2.26540374E-05	-5.59742000E-06
 9.220000E-01	 2.28325102E-08	 9.39418746E-08	 3.93901310E-07	 1.19117987E-06	 2.68825654E-06	 4.90315443E-06	 2.30753021E-06	-3.90184802E-05	-8.56103789E-05	 9.44390571E-05	-2.48847457E-08	-7.18879749E-08	-1.83878264E-07	-3.26403201E-07	-3.19758778E-07	 2.42860558E-07	 4.50631547E-06	 1.23069192E-05	-2.17963962E-05	-5.19222837E-06
 9.230000E-01	 2.04129164E-08	 8.78126482E-08	 3.80240170E-07	 1.16483781E-06	 2.64665330E-06	 4.85593083E-06	 2.39107810E-06	-3.77967530E-05	-8.29605127E-05	 8.95636517E-05	-2.38359860E-08	-6.99072920E-08	-1.80926842E-07	-3.23791301E-07	-3.23639866E-07	 2.14756292E-07	 4.37584969E-06	 1.19623171E-05	-2.09758224E-05	-4.81753611E-06
 9.240000E-01	 1.80783692E-08	 8.18219480E-08	 3.66733401E-07	 1.13857811E-06	 2.60479602E-06	 4.80745085E-06	 2.46847920E-06	-3.66126677E-05	-8.03958385E-05	 8.49551313E-05	-2.27876642E-08	-6.79084994E-08	-1.77899967E-07	-3.20982810E-07	-3.27081304E-07	 1.87699326E-07	 4.24832264E-06	 1.16251036E-05	-2.01907109E-05	-4.47093758E-06
 9.250000E-01	 1.58283865E-08	 7.59724427E-08	 3.53390213E-07	 1.11242681E-06	 2.56275552E-06	 4.75786164E-06	 2.54009503E-06	-3.54650103E-05	-7.79136634E-05	 8.05963401E-05	-2.17441479E-08	-6.59015703E-08	-1.74815660E-07	-3.18002007E-07	-3.30086140E-07	 1.61778155E-07	 4.12402794E-06	 1.12957736E-05	-1.94390145E-05	-4.15201250E-06
 9.260000E-01	 1.36639328E-08	 7.02643485E-08	 3.40210467E-07	 1.08638674E-06	 2.52054633E-06	 4.70714567E-06	 2.60610980E-06	-3.43525725E-05	-7.55108587E-05	 7.64716147E-05	-2.06981300E-08	-6.38729535E-08	-1.71651248E-07	-3.14823681E-07	-3.32644481E-07	 1.36917812E-07	 4.00274415E-06	 1.09739184E-05	-1.87192429E-05	-3.85827731E-06
 9.270000E-01	 1.15860926E-08	 6.47008949E-08	 3.27206387E-07	 1.06049386E-06	 2.47825976E-06	 4.65546749E-06	 2.66690617E-06	-3.32742149E-05	-7.31850889E-05	 7.25660976E-05	-1.96547969E-08	-6.18340399E-08	-1.68426621E-07	-3.11471857E-07	-3.34754317E-07	 1.13210483E-07	 3.88477316E-06	 1.06600483E-05	-1.80294824E-05	-3.58936278E-06
 9.280000E-01	 9.59876386E-09	 5.92876572E-08	 3.14384092E-07	 1.03474580E-06	 2.43587107E-06	 4.60281950E-06	 2.72259193E-06	-3.22287351E-05	-7.09331374E-05	 6.88660810E-05	-1.86091925E-08	-5.97721010E-08	-1.65119321E-07	-3.07917109E-07	-3.36406539E-07	 9.05921793E-08	 3.76987556E-06	 1.03537071E-05	-1.73683522E-05	-3.34272274E-06
 9.290000E-01	 7.70259813E-09	 5.40331033E-08	 3.01767858E-07	 1.00919304E-06	 2.39347518E-06	 4.54941421E-06	 2.77347267E-06	-3.12151496E-05	-6.87528042E-05	 6.53587263E-05	-1.75710585E-08	-5.77032660E-08	-1.61752583E-07	-3.04180141E-07	-3.37589718E-07	 6.91952531E-08	 3.65838023E-06	 1.00553881E-05	-1.67340882E-05	-3.11806524E-06
 9.300000E-01	 5.89887170E-09	 4.89398505E-08	 2.89358862E-07	 9.83825493E-07	 2.35104077E-06	 4.49522799E-06	 2.81968235E-06	-3.02322126E-05	-6.66410361E-05	 6.20321676E-05	-1.65349946E-08	-5.56169969E-08	-1.58308972E-07	-3.00243015E-07	-3.38313190E-07	 4.89268089E-08	 3.55000889E-06	 9.76462678E-06	-1.61253975E-05	-2.91280413E-06
 9.310000E-01	 4.18664723E-09	 4.40116963E-08	 2.77176959E-07	 9.58697773E-07	 2.30868973E-06	 4.44046304E-06	 2.86156659E-06	-2.92789535E-05	-6.45960423E-05	 5.88753854E-05	-1.55094938E-08	-5.35306848E-08	-1.54815179E-07	-2.96134066E-07	-3.38574401E-07	 2.98922229E-08	 3.44505644E-06	 9.48191470E-06	-1.55406551E-05	-2.72666191E-06
 9.320000E-01	 2.56807617E-09	 3.92477058E-08	 2.65215546E-07	 9.33789667E-07	 2.26638161E-06	 4.38506577E-06	 2.89927693E-06	-2.83540686E-05	-6.26148189E-05	 5.58779604E-05	-1.44881261E-08	-5.14329313E-08	-1.51256145E-07	-2.91843450E-07	-3.38399053E-07	 1.19567040E-08	 3.34318568E-06	 9.20674678E-06	-1.49786256E-05	-2.55704132E-06
 9.330000E-01	 1.04257996E-09	 3.46547243E-08	 2.53502364E-07	 9.09173867E-07	 2.22426120E-06	 4.32925040E-06	 2.93310350E-06	-2.74568287E-05	-6.06955737E-05	 5.30304100E-05	-1.34831035E-08	-4.93434662E-08	-1.47660076E-07	-2.87396741E-07	-3.37770575E-07	-4.75766910E-09	 3.24470245E-06	 8.93951962E-06	-1.44378703E-05	-2.40370733E-06
 9.340000E-01	-3.90528709E-10	 3.02315253E-08	 2.42031385E-07	 8.84834059E-07	 2.18229620E-06	 4.27297859E-06	 2.96320967E-06	-2.65861022E-05	-5.88352726E-05	 5.03237396E-05	-1.24903890E-08	-4.72543409E-08	-1.44017093E-07	-2.82792393E-07	-3.36719084E-07	-2.03884369E-08	 3.14929015E-06	 8.67968452E-06	-1.39172993E-05	-2.26414145E-06
 9.350000E-01	-1.73387040E-09	 2.59848792E-08	 2.30832808E-07	 8.60846263E-07	 2.14063411E-06	 4.21646130E-06	 2.98985307E-06	-2.57412555E-05	-5.70323291E-05	 4.77499164E-05	-1.15223299E-08	-4.51874082E-08	-1.40356775E-07	-2.78056115E-07	-3.35227026E-07	-3.48108233E-08	 3.05723740E-06	 8.42757929E-06	-1.34156753E-05	-2.13819337E-06
 9.360000E-01	-2.98794534E-09	 2.19101632E-08	 2.19891718E-07	 8.37169319E-07	 2.09919691E-06	 4.15963625E-06	 3.01319969E-06	-2.49209298E-05	-5.52839799E-05	 4.53010646E-05	-1.05726467E-08	-4.31346546E-08	-1.36671848E-07	-2.73193167E-07	-3.33350306E-07	-4.81913776E-08	 2.96816289E-06	 8.18270262E-06	-1.29319605E-05	-2.02354023E-06
 9.370000E-01	-4.15298976E-09	 1.80151906E-08	 2.09237139E-07	 8.13867056E-07	 2.05809325E-06	 4.10266582E-06	 3.03343503E-06	-2.41243729E-05	-5.35888208E-05	 4.29702786E-05	-9.65287465E-09	-4.11162230E-08	-1.32989053E-07	-2.68222996E-07	-3.31074407E-07	-6.04177935E-08	 2.88227113E-06	 7.94533314E-06	-1.24650649E-05	-1.92006482E-06
 9.380000E-01	-5.23073322E-09	 1.42920470E-08	 1.98848304E-07	 7.90891756E-07	 2.01724073E-06	 4.04548715E-06	 3.05074164E-06	-2.33502551E-05	-5.19441558E-05	 4.07506775E-05	-8.75673139E-09	-3.91246690E-08	-1.29305091E-07	-2.63160572E-07	-3.28471356E-07	-7.16784697E-08	 2.79917775E-06	 7.71499542E-06	-1.20140053E-05	-1.82560981E-06
 9.390000E-01	-6.22256682E-09	 1.07473343E-08	 1.88754029E-07	 7.68313025E-07	 1.97676229E-06	 3.98824544E-06	 3.06525758E-06	-2.25980862E-05	-5.03485437E-05	 3.86365358E-05	-7.89507088E-09	-3.71777225E-08	-1.25643258E-07	-2.58022827E-07	-3.25521429E-07	-8.18798617E-08	 2.71905905E-06	 7.49181210E-06	-1.15779241E-05	-1.73990603E-06
 9.400000E-01	-7.13289389E-09	 7.36928101E-09	 1.78929421E-07	 7.46087196E-07	 1.93660094E-06	 3.93091267E-06	 3.07719462E-06	-2.18667382E-05	-4.87994695E-05	 3.66219654E-05	-7.06276317E-09	-3.52694481E-08	-1.22004681E-07	-2.52835115E-07	-3.22304867E-07	-9.12158435E-08	 2.64157853E-06	 7.27533787E-06	-1.11559775E-05	-1.66101486E-06
 9.410000E-01	-7.96320484E-09	 4.16522334E-09	 1.69402353E-07	 7.24277926E-07	 1.89686072E-06	 3.87360434E-06	 3.08662861E-06	-2.11557794E-05	-4.72955330E-05	 3.47020554E-05	-6.27072744E-09	-3.34158257E-08	-1.18407524E-07	-2.47606144E-07	-3.18794417E-07	-9.95997289E-08	 2.56684704E-06	 7.06555630E-06	-1.07475108E-05	-1.58865910E-06
 9.420000E-01	-8.72000985E-09	 1.12117391E-09	 1.60145671E-07	 7.02838153E-07	 1.85748431E-06	 3.81633329E-06	 3.09379158E-06	-2.04640766E-05	-4.58345059E-05	 3.28715221E-05	-5.51490411E-09	-3.16151821E-08	-1.14859843E-07	-2.42371035E-07	-3.15083197E-07	-1.07207257E-07	 2.49457543E-06	 6.86214564E-06	-1.03517245E-05	-1.52141375E-06
 9.430000E-01	-9.40389584E-09	-1.75624792E-09	 1.51182550E-07	 6.81812262E-07	 1.81853123E-06	 3.75915268E-06	 3.09869956E-06	-1.97911672E-05	-4.44149783E-05	 3.11261652E-05	-4.80229715E-09	-2.98784416E-08	-1.11371624E-07	-2.37128507E-07	-3.11146858E-07	-1.13983487E-07	 2.42476912E-06	 6.66493998E-06	-9.96811639E-06	-1.45890443E-06
 9.440000E-01	-1.00223086E-08	-4.48373850E-09	 1.42483793E-07	 6.61159174E-07	 1.77996695E-06	 3.70207314E-06	 3.10160809E-06	-1.91360606E-05	-4.30350459E-05	 2.94615326E-05	-4.12896506E-09	-2.82056203E-08	-1.07956300E-07	-2.31921919E-07	-3.07079553E-07	-1.20094772E-07	 2.35722103E-06	 6.47374286E-06	-9.59596636E-06	-1.40012610E-06
 9.450000E-01	-1.05744378E-08	-7.05501734E-09	 1.34066224E-07	 6.40909032E-07	 1.74181841E-06	 3.64504115E-06	 3.10246617E-06	-1.84983440E-05	-4.16932012E-05	 2.78741481E-05	-3.49885920E-09	-2.65998609E-08	-1.04611907E-07	-2.26735643E-07	-3.02844651E-07	-1.25533226E-07	 2.29181787E-06	 6.28817635E-06	-9.23493254E-06	-1.34444950E-06
 9.460000E-01	-1.10695956E-08	-9.48678453E-09	 1.25905452E-07	 6.21038296E-07	 1.70408843E-06	 3.58812772E-06	 3.10151858E-06	-1.78772193E-05	-4.03879132E-05	 2.63601287E-05	-2.91157174E-09	-2.50669576E-08	-1.01360739E-07	-2.21622091E-07	-2.98530893E-07	-1.30411050E-07	 2.22847861E-06	 6.10820171E-06	-8.88438485E-06	-1.29144870E-06
 9.470000E-01	-1.15062488E-08	-1.17737563E-08	 1.18010340E-07	 6.01545055E-07	 1.66673409E-06	 3.53124385E-06	 3.09863783E-06	-1.72721525E-05	-3.91174617E-05	 2.49162043E-05	-2.36645967E-09	-2.36023119E-08	-9.81882339E-08	-2.16553304E-07	-2.94116127E-07	-1.34767437E-07	 2.16692674E-06	 5.93323330E-06	-8.54404797E-06	-1.24026041E-06
 9.480000E-01	-1.18946570E-08	-1.39327073E-08	 1.10362142E-07	 5.82419132E-07	 1.62978688E-06	 3.47454333E-06	 3.09408746E-06	-1.66824947E-05	-3.78807715E-05	 2.35390200E-05	-1.86559351E-09	-2.22179630E-08	-9.51265026E-08	-2.11591722E-07	-2.89691501E-07	-1.38651320E-07	 2.10723555E-06	 5.76345572E-06	-8.21340070E-06	-1.19103684E-06
 9.490000E-01	-1.22314422E-08	-1.59612359E-08	 1.02954962E-07	 5.63623854E-07	 1.59313974E-06	 3.41782126E-06	 3.08773739E-06	-1.61075996E-05	-3.66759656E-05	 2.22257732E-05	-1.40201375E-09	-2.08974293E-08	-9.21442201E-08	-2.06693790E-07	-2.85238753E-07	-1.42187372E-07	 2.04895389E-06	 5.59806550E-06	-7.89229279E-06	-1.14242999E-06
 9.500000E-01	-1.25274316E-08	-1.78729562E-08	 9.57824078E-08	 5.45189514E-07	 1.55690101E-06	 3.36124963E-06	 3.07983235E-06	-1.55471476E-05	-3.55024567E-05	 2.09737937E-05	-9.83593947E-10	-1.96610917E-08	-8.92845506E-08	-2.01926878E-07	-2.80811771E-07	-1.45333353E-07	 1.99236539E-06	 5.43746126E-06	-7.58033216E-06	-1.09529515E-06
 9.510000E-01	-1.27787730E-08	-1.96679084E-08	 8.88254187E-08	 5.27046925E-07	 1.52090257E-06	 3.30452422E-06	 3.07016689E-06	-1.50003941E-05	-3.43580295E-05	 1.97803515E-05	-5.97033753E-10	-1.84807036E-08	-8.64988351E-08	-1.97232059E-07	-2.76398449E-07	-1.48295582E-07	 1.93681206E-06	 5.28056574E-06	-7.27733579E-06	-1.04795142E-06
 9.520000E-01	-1.29966121E-08	-2.13541932E-08	 8.20972872E-08	 5.09264388E-07	 1.48531286E-06	 3.24792152E-06	 3.05890785E-06	-1.44673269E-05	-3.32425658E-05	 1.86431217E-05	-2.56245410E-10	-1.73876484E-08	-8.38431380E-08	-1.92681943E-07	-2.72029941E-07	-1.50904738E-07	 1.88280093E-06	 5.12801382E-06	-6.98297309E-06	-1.00210362E-06
 9.530000E-01	-1.31760394E-08	-2.29378875E-08	 7.55571305E-08	 4.91713637E-07	 1.44985994E-06	 3.19108423E-06	 3.04588731E-06	-1.39469125E-05	-3.21536094E-05	 1.75594083E-05	 6.16232649E-11	-1.63388171E-08	-8.12499278E-08	-1.88207339E-07	-2.67735761E-07	-1.53486345E-07	 1.82944109E-06	 4.97852467E-06	-6.69705333E-06	-9.55435634E-07
 9.540000E-01	-1.33269101E-08	-2.44204654E-08	 6.92379342E-08	 4.74507063E-07	 1.41478311E-06	 3.13435318E-06	 3.03130238E-06	-1.34394451E-05	-3.10917677E-05	 1.65276777E-05	 3.34424167E-10	-1.53775740E-08	-7.87889509E-08	-1.83883034E-07	-2.63505117E-07	-1.55741148E-07	 1.77751777E-06	 4.83304434E-06	-6.41954012E-06	-9.10202782E-07
 9.550000E-01	-1.34447632E-08	-2.58154828E-08	 6.30739906E-08	 4.57470798E-07	 1.37974198E-06	 3.07725334E-06	 3.01503325E-06	-1.29436477E-05	-3.00542701E-05	 1.55452669E-05	 5.93628626E-10	-1.44460629E-08	-7.63753786E-08	-1.79632177E-07	-2.59390891E-07	-1.58127027E-07	 1.72591085E-06	 4.69007733E-06	-6.15018663E-06	-8.63488070E-07
 9.560000E-01	-1.35383300E-08	-2.71127860E-08	 5.71306488E-08	 4.40787470E-07	 1.34508277E-06	 3.02017038E-06	 2.99712353E-06	-1.24602976E-05	-2.90421799E-05	 1.46110516E-05	 8.06516899E-10	-1.36028439E-08	-7.40930936E-08	-1.75524417E-07	-2.55310973E-07	-1.60168503E-07	 1.67568107E-06	 4.55076588E-06	-5.88906397E-06	-8.18501792E-07
 9.570000E-01	-1.36045377E-08	-2.83355229E-08	 5.13160861E-08	 4.24225970E-07	 1.31037912E-06	 2.96258487E-06	 2.97745444E-06	-1.19878582E-05	-2.80523176E-05	 1.37219480E-05	 1.01625842E-09	-1.27741490E-08	-7.18406971E-08	-1.71482106E-07	-2.51373340E-07	-1.62460464E-07	 1.62545477E-06	 4.41338719E-06	-5.63569780E-06	-7.71897210E-07
 9.580000E-01	-1.36479145E-08	-2.94595327E-08	 4.57291473E-08	 4.08020790E-07	 1.27603653E-06	 2.90495325E-06	 2.95596218E-06	-1.15274645E-05	-2.70862819E-05	 1.28772250E-05	 1.17990911E-09	-1.20322126E-08	-6.97123635E-08	-1.67564203E-07	-2.47439766E-07	-1.64359741E-07	 1.57655317E-06	 4.27931082E-06	-5.39034339E-06	-7.27613481E-07
 9.590000E-01	-1.36673001E-08	-3.05202960E-08	 4.02468661E-08	 3.91883988E-07	 1.24155434E-06	 2.84671858E-06	 2.93263019E-06	-1.10772724E-05	-2.61406071E-05	 1.20735696E-05	 1.35213243E-09	-1.12872408E-08	-6.75933898E-08	-1.63699789E-07	-2.43679257E-07	-1.66611478E-07	 1.52738189E-06	 4.14667195E-06	-5.15235818E-06	-6.81705128E-07
 9.600000E-01	-1.36632550E-08	-3.14769179E-08	 3.50065813E-08	 3.76124497E-07	 1.20743722E-06	 2.78835100E-06	 2.90727191E-06	-1.06388290E-05	-2.52173257E-05	 1.13108545E-05	 1.47639426E-09	-1.06275012E-08	-6.55878154E-08	-1.59929235E-07	-2.39859583E-07	-1.68389365E-07	 1.47952183E-06	 4.01700864E-06	-4.92219080E-06	-6.38731503E-07
 9.610000E-01	-1.36405979E-08	-3.23827250E-08	 2.98478032E-08	 3.60401258E-07	 1.17313784E-06	 2.72928478E-06	 2.88006862E-06	-1.02099619E-05	-2.43128353E-05	 1.05857433E-05	 1.61916188E-09	-9.95067150E-09	-6.35767847E-08	-1.56204933E-07	-2.36220951E-07	-1.70589028E-07	 1.43121700E-06	 3.88842706E-06	-4.69906593E-06	-5.94103332E-07
 9.620000E-01	-1.35941274E-08	-3.31794688E-08	 2.49421073E-08	 3.45068068E-07	 1.13919590E-06	 2.67000179E-06	 2.85077188E-06	-9.79246654E-06	-2.34296627E-05	 9.89875421E-06	 1.71230930E-09	-9.35797917E-09	-6.16680488E-08	-1.52543534E-07	-2.32459654E-07	-1.72240442E-07	 1.38424999E-06	 3.76263063E-06	-4.48372773E-06	-5.52680497E-07
 9.630000E-01	-1.35335427E-08	-3.39375879E-08	 2.00954342E-08	 3.29729862E-07	 1.10500957E-06	 2.60997535E-06	 2.81968505E-06	-9.38390658E-06	-2.25640366E-05	 9.24621245E-06	 1.83486752E-09	-8.73446845E-09	-5.97411584E-08	-1.48926097E-07	-2.28905789E-07	-1.74372289E-07	 1.33672972E-06	 3.63772202E-06	-4.27516710E-06	-5.09546871E-07
 9.640000E-01	-1.34450251E-08	-3.45758290E-08	 1.55218137E-08	 3.14794849E-07	 1.07115377E-06	 2.54964321E-06	 2.78631436E-06	-8.98640125E-06	-2.17185413E-05	 8.62879293E-06	 1.90649600E-09	-8.19072524E-09	-5.78975221E-08	-1.45326844E-07	-2.25161305E-07	-1.75873789E-07	 1.29053052E-06	 3.51534249E-06	-4.07418841E-06	-4.70037970E-07
 9.650000E-01	-1.33464190E-08	-3.51835305E-08	 1.09979731E-08	 2.99848795E-07	 1.03705175E-06	 2.48854287E-06	 2.75107795E-06	-8.59743905E-06	-2.08893822E-05	 8.04260559E-06	 2.01541990E-09	-7.60635584E-09	-5.60275885E-08	-1.41767976E-07	-2.21622677E-07	-1.77848937E-07	 1.24374218E-06	 3.39366652E-06	-3.87958174E-06	-4.29196969E-07
 9.660000E-01	-1.32163311E-08	-3.56607589E-08	 6.76681952E-09	 2.85329695E-07	 1.00327953E-06	 2.42702290E-06	 2.71337767E-06	-8.21924526E-06	-2.00792216E-05	 7.48867121E-06	 2.07187918E-09	-7.09756753E-09	-5.42212624E-08	-1.38180524E-07	-2.17809762E-07	-1.79116454E-07	 1.19824564E-06	 3.27425575E-06	-3.69230489E-06	-3.92330616E-07
 9.670000E-01	-1.30811422E-08	-3.61157952E-08	 2.57983975E-09	 2.70811041E-07	 9.69299880E-07	 2.36475271E-06	 2.67380995E-06	-7.84928331E-06	-1.92845525E-05	 6.96316769E-06	 2.17138501E-09	-6.54400725E-09	-5.23897121E-08	-1.34639454E-07	-2.14193309E-07	-1.80810135E-07	 1.15224359E-06	 3.15553315E-06	-3.51110209E-06	-3.54531743E-07
 9.680000E-01	-1.29094989E-08	-3.64300950E-08	-1.29913360E-09	 2.56723627E-07	 9.35612974E-07	 2.30195989E-06	 2.63165767E-06	-7.48966986E-06	-1.85077556E-05	 6.46711905E-06	 2.21972910E-09	-6.05752044E-09	-5.05966324E-08	-1.31021043E-07	-2.10241345E-07	-1.81760424E-07	 1.10745075E-06	 3.03882980E-06	-3.33690372E-06	-3.20775837E-07
 9.690000E-01	-1.27358405E-08	-3.67248335E-08	-5.12643945E-09	 2.42664710E-07	 9.01774395E-07	 2.23848735E-06	 2.58761778E-06	-7.13806420E-06	-1.77457577E-05	 5.99690654E-06	 2.31286420E-09	-5.52704362E-09	-4.87842752E-08	-1.27455283E-07	-2.06470050E-07	-1.83034883E-07	 1.06233254E-06	 2.92291297E-06	-3.16846876E-06	-2.86613927E-07
 9.700000E-01	-1.25212931E-08	-3.68711110E-08	-8.63761416E-09	 2.29027934E-07	 8.68173513E-07	 2.17438176E-06	 2.54092702E-06	-6.79626342E-06	-1.70004313E-05	 5.55342122E-06	 2.35839860E-09	-5.05148245E-09	-4.69820144E-08	-1.23765537E-07	-2.02319900E-07	-1.83580294E-07	 1.01827118E-06	 2.80875404E-06	-3.00661188E-06	-2.56279608E-07
 9.710000E-01	-1.23083197E-08	-3.69970744E-08	-1.20775262E-08	 2.15482872E-07	 8.34539354E-07	 2.10969098E-06	 2.49232591E-06	-6.46239392E-06	-1.62694493E-05	 5.13358266E-06	 2.44428980E-09	-4.54230159E-09	-4.51774829E-08	-1.20139326E-07	-1.98305301E-07	-1.84280841E-07	 9.74190104E-07	 2.69560038E-06	-2.85028197E-06	-2.26225911E-07
 9.720000E-01	-1.20519307E-08	-3.69743757E-08	-1.52083681E-08	 2.02332868E-07	 8.01077790E-07	 2.04425086E-06	 2.44107519E-06	-6.13764395E-06	-1.55538335E-05	 4.73774798E-06	 2.49140008E-09	-4.07066934E-09	-4.33532430E-08	-1.16352619E-07	-1.93897670E-07	-1.84336192E-07	 9.30926460E-07	 2.58391065E-06	-2.69998538E-06	-1.99499483E-07
 9.730000E-01	-1.17981064E-08	-3.69219277E-08	-1.82289761E-08	 1.89366933E-07	 7.67733865E-07	 1.97835105E-06	 2.38783444E-06	-5.82090072E-06	-1.48522505E-05	 4.36362209E-06	 2.56750846E-09	-3.58433106E-09	-4.15496912E-08	-1.12635176E-07	-1.89553621E-07	-1.84301240E-07	 8.88060711E-07	 2.47352586E-06	-2.55504262E-06	-1.73941338E-07
 9.740000E-01	-1.14993762E-08	-3.67268872E-08	-2.09627656E-08	 1.76738187E-07	 7.34456526E-07	 1.91159362E-06	 2.33199496E-06	-5.51241222E-06	-1.41645205E-05	 4.01063124E-06	 2.62033035E-09	-3.10992499E-09	-3.96917545E-08	-1.08730399E-07	-1.84849940E-07	-1.83786149E-07	 8.45658679E-07	 2.36426051E-06	-2.41541250E-06	-1.50915807E-07
 9.750000E-01	-1.12019600E-08	-3.64816819E-08	-2.35225952E-08	 1.64424642E-07	 7.01490054E-07	 1.84452055E-06	 2.27401928E-06	-5.21219743E-06	-1.34907036E-05	 3.67779690E-06	 2.68100032E-09	-2.65137451E-09	-3.78844024E-08	-1.04890630E-07	-1.80096025E-07	-1.82847466E-07	 8.04189144E-07	 2.25668060E-06	-2.28104651E-06	-1.30173163E-07
 9.760000E-01	-1.08625360E-08	-3.61140331E-08	-2.58448043E-08	 1.52360363E-07	 6.68472605E-07	 1.77649676E-06	 2.21361403E-06	-4.91919958E-06	-1.28291628E-05	 3.36328030E-06	 2.74238859E-09	-2.17113072E-09	-3.59895983E-08	-1.00861325E-07	-1.75071346E-07	-1.81692933E-07	 7.62729916E-07	 2.14986189E-06	-2.15113986E-06	-1.10815832E-07
 9.770000E-01	-1.05207235E-08	-3.56647856E-08	-2.79051852E-08	 1.40781040E-07	 6.36000228E-07	 1.70830337E-06	 2.15088922E-06	-4.63492397E-06	-1.21816945E-05	 3.06788527E-06	 2.77971063E-09	-1.74988866E-09	-3.41819956E-08	-9.68801686E-08	-1.69833832E-07	-1.79702435E-07	 7.22850268E-07	 2.04519394E-06	-2.02656337E-06	-9.50151294E-08
 9.780000E-01	-1.01436273E-08	-3.51276959E-08	-2.98062293E-08	 1.29324075E-07	 6.03333262E-07	 1.63909823E-06	 2.08602086E-06	-4.35663641E-06	-1.15448243E-05	 2.78791248E-06	 2.85255854E-09	-1.26242231E-09	-3.22536650E-08	-9.27354603E-08	-1.64485385E-07	-1.77866411E-07	 6.82420587E-07	 1.94090941E-06	-1.90545735E-06	-7.91074225E-08
 9.790000E-01	-9.75599293E-09	-3.44606540E-08	-3.13232658E-08	 1.18562803E-07	 5.71468743E-07	 1.56986141E-06	 2.01854760E-06	-4.08770675E-06	-1.09223265E-05	 2.52635511E-06	 2.85726999E-09	-8.89784316E-10	-3.04506949E-08	-8.85968274E-08	-1.58703461E-07	-1.74690757E-07	 6.44299108E-07	 1.83926519E-06	-1.78986123E-06	-6.82563393E-08
 9.800000E-01	-9.34492960E-09	-3.37569141E-08	-3.27899124E-08	 1.07761908E-07	 5.39254895E-07	 1.49960262E-06	 1.94932845E-06	-3.82337939E-06	-1.03086530E-05	 2.27722895E-06	 2.94362830E-09	-3.95957892E-10	-2.84971232E-08	-8.43551452E-08	-1.53045143E-07	-1.72133912E-07	 6.04982593E-07	 1.73761288E-06	-1.67660606E-06	-5.55363648E-08
 9.810000E-01	-8.91132625E-09	-3.28598837E-08	-3.37211027E-08	 9.79033766E-08	 5.08118153E-07	 1.42941620E-06	 1.87715195E-06	-3.56918399E-06	-9.70983281E-06	 2.04627979E-06	 2.90554602E-09	-8.51012414E-11	-2.67085698E-08	-8.00518240E-08	-1.46673066E-07	-1.67662521E-07	 5.68761231E-07	 1.63910840E-06	-1.56917800E-06	-4.95099925E-08
 9.820000E-01	-8.47286168E-09	-3.19963302E-08	-3.47455898E-08	 8.78062824E-08	 4.76470275E-07	 1.35824882E-06	 1.80377088E-06	-3.31804438E-06	-9.11806451E-06	 1.82480930E-06	 3.00708120E-09	 4.11955423E-10	-2.47459596E-08	-7.57473035E-08	-1.40738936E-07	-1.64373062E-07	 5.30638433E-07	 1.54023180E-06	-1.46287612E-06	-3.95768397E-08
 9.830000E-01	-7.99456565E-09	-3.08602746E-08	-3.50550284E-08	 7.89267930E-08	 4.46176770E-07	 1.28721511E-06	 1.72700442E-06	-3.07791646E-06	-8.54174317E-06	 1.62163109E-06	 2.91733732E-09	 6.49270125E-10	-2.29838446E-08	-7.12830726E-08	-1.33752535E-07	-1.58536067E-07	 4.96415193E-07	 1.44497397E-06	-1.36285966E-06	-3.80499117E-08
 9.840000E-01	-7.53738097E-09	-2.98441939E-08	-3.56260891E-08	 6.95872581E-08	 4.15219641E-07	 1.21531296E-06	 1.64967465E-06	-2.83921433E-06	-7.97067866E-06	 1.42490719E-06	 3.03463255E-09	 1.14310967E-09	-2.10334847E-08	-6.69572730E-08	-1.27583613E-07	-1.54500799E-07	 4.59571635E-07	 1.34902234E-06	-1.26268950E-06	-3.04872927E-08
 9.850000E-01	-7.01568988E-09	-2.84632228E-08	-3.52848926E-08	 6.17493257E-08	 3.85866566E-07	 1.14352738E-06	 1.56844099E-06	-2.61237303E-06	-7.41547897E-06	 1.24672600E-06	 2.88545635E-09	 1.29692152E-09	-1.93121859E-08	-6.23493098E-08	-1.19986671E-07	-1.47267530E-07	 4.27381256E-07	 1.25708881E-06	-1.16923143E-06	-3.30757286E-08
 9.860000E-01	-6.54918491E-09	-2.73003938E-08	-3.53864973E-08	 5.32184002E-08	 3.55696420E-07	 1.07100716E-06	 1.48731623E-06	-2.38530512E-06	-6.86367427E-06	 1.07210792E-06	 3.01692419E-09	 1.77704354E-09	-1.74009828E-08	-5.80508707E-08	-1.13639012E-07	-1.42507757E-07	 3.91845405E-07	 1.16420192E-06	-1.07424247E-06	-2.74975429E-08
 9.870000E-01	-5.98460261E-09	-2.56692526E-08	-3.43715818E-08	 4.64749032E-08	 3.27370485E-07	 9.98552249E-07	 1.40169962E-06	-2.17108153E-06	-6.32818703E-06	 9.16623764E-07	 2.80391261E-09	 1.84384546E-09	-1.57312005E-08	-5.33269493E-08	-1.05464846E-07	-1.33906275E-07	 3.61620812E-07	 1.07551793E-06	-9.86537899E-07	-3.35485528E-08
 9.880000E-01	-5.52138010E-09	-2.43655807E-08	-3.39730323E-08	 3.88464344E-08	 2.98182427E-07	 9.25718718E-07	 1.31705738E-06	-1.95548341E-06	-5.79521865E-06	 7.62541058E-07	 2.94533074E-09	 2.29340831E-09	-1.38901697E-08	-4.90935999E-08	-9.89520640E-08	-1.28351971E-07	 3.27583871E-07	 9.85720445E-07	-8.96605905E-07	-2.93488761E-08
 9.890000E-01	-4.92392352E-09	-2.24994882E-08	-3.22948903E-08	 3.32268148E-08	 2.71034587E-07	 8.52930529E-07	 1.22758123E-06	-1.75333116E-06	-5.27895066E-06	 6.27940449E-07	 2.66417460E-09	 2.26678758E-09	-1.22936684E-08	-4.43098122E-08	-9.02579487E-08	-1.18370653E-07	 2.99482265E-07	 9.00331929E-07	-8.14580047E-07	-3.80135385E-08
 9.900000E-01	-4.47325311E-09	-2.10665630E-08	-3.13914663E-08	 2.65167282E-08	 2.42836771E-07	 7.79803651E-07	 1.13972005E-06	-1.54788043E-06	-4.76298843E-06	 4.91921024E-07	 2.80697231E-09	 2.65911612E-09	-1.05720504E-08	-4.02044326E-08	-8.36536882E-08	-1.12089992E-07	 2.67036447E-07	 8.14070686E-07	-7.28611811E-07	-3.52656060E-08
 9.910000E-01	-3.83252711E-09	-1.89561284E-08	-2.90622611E-08	 2.19469701E-08	 2.16650226E-07	 7.06137098E-07	 1.04592377E-06	-1.35550441E-06	-4.26136590E-06	 3.74502832E-07	 2.46936741E-09	 2.55177996E-09	-9.05125719E-09	-3.54301737E-08	-7.46464468E-08	-1.01168889E-07	 2.40283295E-07	 7.31920077E-07	-6.49307376E-07	-4.62704913E-08
 9.920000E-01	-3.36977840E-09	-1.73331580E-08	-2.75252762E-08	 1.63655941E-08	 1.89631812E-07	 6.32516896E-07	 9.53878411E-07	-1.16029786E-06	-3.76014297E-06	 2.55376422E-07	 2.61321352E-09	 2.88425546E-09	-7.43969206E-09	-3.13929563E-08	-6.78591658E-08	-9.41651681E-08	 2.08934910E-07	 6.48428129E-07	-5.66102821E-07	-4.45241366E-08
 9.930000E-01	-2.71596045E-09	-1.50094509E-08	-2.45284793E-08	 1.30918025E-08	 1.65218160E-07	 5.59551369E-07	 8.57057500E-07	-9.80251603E-07	-3.27813031E-06	 1.57330575E-07	 2.23398298E-09	 2.70021979E-09	-5.99730593E-09	-2.65990395E-08	-5.83949995E-08	-8.18025723E-08	 1.84351374E-07	 5.68578568E-07	-4.93605369E-07	-5.50737918E-08
 9.940000E-01	-2.32254501E-09	-1.33018220E-08	-2.24730811E-08	 8.72485742E-09	 1.40120451E-07	 4.87562187E-07	 7.64379446E-07	-7.96038482E-07	-2.79918438E-06	 5.70735206E-08	 2.33050851E-09	 2.89347932E-09	-4.59472347E-09	-2.26741495E-08	-5.12025879E-08	-7.31090436E-08	 1.56594817E-07	 4.89353220E-07	-4.18905474E-07	-5.38128768E-08
 9.950000E-01	-1.76536273E-09	-1.10035980E-08	-1.92486885E-08	 5.98660484E-09	 1.16319077E-07	 4.14273200E-07	 6.66443629E-07	-6.19280674E-07	-2.32793080E-06	-2.98193634E-08	 1.92266539E-09	 2.59089568E-09	-3.36528920E-09	-1.81370403E-08	-4.18941299E-08	-6.02349561E-08	 1.34063448E-07	 4.15146432E-07	-3.47128564E-07	-6.65701653E-08
 9.960000E-01	-1.51209364E-09	-9.33280687E-09	-1.70056550E-08	 1.88195334E-09	 9.06543665E-08	 3.38412678E-07	 5.67433453E-07	-4.34177246E-07	-1.84365450E-06	-1.22541704E-07	 1.92108304E-09	 2.59742742E-09	-2.18303849E-09	-1.44292705E-08	-3.48315033E-08	-5.17053457E-08	 1.05633809E-07	 3.41109377E-07	-2.62342066E-07	-7.06361327E-08
 9.970000E-01	-1.23891530E-09	-7.48240985E-09	-1.42857600E-08	-1.59403284E-09	 6.51524209E-08	 2.60594784E-07	 4.62034264E-07	-2.60253250E-07	-1.36699004E-06	-1.93769489E-07	 1.46557109E-09	 2.11259304E-09	-1.28947504E-09	-1.03673874E-08	-2.61593081E-08	-3.96200218E-08	 8.16823722E-08	 2.69152382E-07	-1.83512984E-07	-8.00512110E-08
 9.980000E-01	-1.08869614E-09	-6.12807970E-09	-1.27385061E-08	-7.35026595E-09	 3.58456805E-08	 1.77490438E-07	 3.52172843E-07	-8.91450300E-08	-8.89688924E-07	-2.48529844E-07	 1.25303596E-09	 1.73908239E-09	-6.51232471E-10	-7.43353845E-09	-1.97767769E-08	-3.08772437E-08	 5.51569485E-08	 1.98612802E-07	-1.04557799E-07	-7.81181878E-08
 9.990000E-01	-8.50560349E-11	-3.25508983E-09	-8.81647529E-09	-1.09192160E-08	 4.51417007E-09	 7.97793474E-08	 2.08454126E-07	 4.56654422E-08	-4.03893213E-07	-2.43537475E-07	 8.03161375E-10	 1.20862891E-09	 9.78847208E-11	-3.90465379E-09	-1.24129252E-08	-2.23136224E-08	 2.45362547E-08	 1.21589279E-07	-2.76672997E-08	-6.77151871E-08
 1.000000E+00	 0.00000000E+00	 0.00000000E+00	 0.00000000E+00	 0.00000000E+00	 0.00000000E+00	 0.00000000E+00	 0.00000000E+00	 0.00000000E+00	 0.00000000E+00	 0.00000000E+00	 0.00000000E+00	 0.00000000E+00	 0.00000000E+00	 0.00000000E+00	 0.00000000E+00	 0.00000000E+00	 0.00000000E+00	 0.00000000E+00	 0.00000000E+00	 0.00000000E+00
