r	R  6/ 3	R  7/ 3	R  8/ 3	R  9/ 3	R 10/ 3	R 11/ 3	R 12/ 3	R 13/ 3	R 14/ 3	R 15/ 3	I  6/ 3	I  7/ 3	I  8/ 3	I  9/ 3	I 10/ 3	I 11/ 3	I 12/ 3	I 13/ 3	I 14/ 3	I 15/ 3
 0.000000E+00	 0.00000000E+00	 0.00000000E+00	 0.00000000E+00	 0.00000000E+00	 0.00000000E+00	 0.00000000E+00	 0.00000000E+00	 0.00000000E+00	 0.00000000E+00	 0.00000000E+00	 0.00000000E+00	 0.00000000E+00	 0.00000000E+00	 0.00000000E+00	 0.00000000E+00	 0.00000000E+00	 0.00000000E+00	 0.00000000E+00	 0.00000000E+00	 0.00000000E+00
 1.000000E-03	 1.06527753E-11	 1.36857856E-13	-3.59441323E-12	-3.51045193E-13	-1.60021072E-13	 4.45794223E-15	 6.91261104E-15	-2.61138671E-16	-3.16118762E-16	-5.68029888E-17	-5.09014922E-13	-2.39086646E-13	-6.45265185E-15	-1.90021247E-13	-9.69760181E-14	-1.35000094E-14	 4.59250509E-16	 5.91709853E-16	-1.72730889E-17	 7.84629276E-18
 2.000000E-03	 1.02921471E-10	 4.00291628E-12	-1.67859668E-11	-2.34621179E-12	-1.54396270E-12	 4.81563152E-14	 4.93983574E-14	 2.02582819E-16	 1.20447199E-15	-1.14615066E-16	-4.89022645E-12	-1.41800797E-12	 1.26854280E-13	-7.31116909E-13	-9.12067225E-13	-1.78377666E-13	-1.61767384E-15	 7.01940308E-16	-6.67689412E-17	 2.89216694E-17
 3.000000E-03	 5.32854602E-10	 3.02404304E-11	-4.84251622E-11	-8.83701942E-12	-7.16344209E-12	 3.01825972E-13	 2.02858304E-13	 7.70603404E-15	 7.30086248E-15	 1.18747219E-16	-2.47309918E-11	-7.30978964E-12	-3.44480939E-13	-1.53844308E-12	-3.90019832E-12	-8.70601202E-13	-1.25260449E-14	-8.26977970E-17	-3.76660898E-16	 4.49097612E-17
 4.000000E-03	 1.90430687E-09	 1.39196754E-10	-1.04976726E-10	-2.42994123E-11	-2.29414774E-11	 9.33247326E-13	 5.48758172E-13	 2.88582079E-14	 1.99870665E-14	 8.87007420E-16	-8.57212007E-11	-2.97539536E-11	-5.42387097E-12	-2.43668877E-12	-1.06466154E-11	-2.72797381E-12	-4.70721849E-14	-4.21778361E-15	-1.00627144E-15	-5.74838525E-17
 5.000000E-03	 5.34010834E-09	 4.76622254E-10	-1.86593555E-10	-5.46837771E-11	-5.79575535E-11	 1.96382342E-12	 1.16770876E-12	 7.24987431E-14	 4.19171924E-14	 2.62860293E-15	-2.31558154E-10	-9.68966124E-11	-2.73307392E-11	-3.94664432E-12	-2.17022917E-11	-6.41511415E-12	-1.31067257E-13	-1.40340199E-14	-2.22501876E-15	-4.09118176E-16
 6.000000E-03	 1.26500300E-08	 1.33466652E-09	-2.79945849E-10	-1.06644778E-10	-1.24307612E-10	 3.37409034E-12	 2.15187332E-12	 1.50813551E-13	 7.63328738E-14	 5.87409356E-15	-5.24297345E-10	-2.64095362E-10	-9.55129135E-11	-9.01406247E-12	-3.61540545E-11	-1.24450049E-11	-3.06298157E-13	-3.31455981E-14	-4.79938181E-15	-1.20977716E-15
 7.000000E-03	 2.64944534E-08	 3.22993433E-09	-3.46672475E-10	-1.86106331E-10	-2.37338550E-10	 5.27231771E-12	 3.61426403E-12	 2.79473626E-13	 1.27085506E-13	 1.12577118E-14	-1.04005844E-09	-6.26984371E-10	-2.70909444E-10	-2.64959452E-11	-5.27832566E-11	-2.12279837E-11	-6.44927339E-13	-6.66751770E-14	-1.02195290E-14	-2.71764422E-15
 8.000000E-03	 5.05426567E-08	 6.99831085E-09	-3.06295832E-10	-2.95807666E-10	-4.16983689E-10	 7.96557625E-12	 5.69224568E-12	 4.78574662E-13	 1.98699106E-13	 1.95462931E-14	-1.85903710E-09	-1.33601149E-09	-6.66590946E-10	-7.71717695E-11	-7.33150065E-11	-3.32609252E-11	-1.26837444E-12	-1.21266394E-13	-2.09946637E-14	-5.25567561E-15
 9.000000E-03	 8.96246085E-08	 1.39061957E-08	-1.24089187E-11	-4.31304950E-10	-6.90631089E-10	 1.18949702E-11	 8.54764601E-12	 7.74101688E-13	 2.96424782E-13	 3.16781926E-14	-3.04883039E-09	-2.61161134E-09	-1.47579167E-09	-2.03271153E-10	-1.08433938E-10	-4.93870190E-11	-2.36870087E-12	-2.05045558E-13	-4.10066451E-14	-9.22607791E-15
 1.000000E-02	 1.49875142E-07	 2.57777064E-08	 7.79099030E-10	-5.74782051E-10	-1.09787021E-09	 1.74169100E-11	 1.23655788E-11	 1.19984606E-12	 4.26291891E-13	 4.88131946E-14	-4.64015230E-09	-4.75904069E-09	-3.00820997E-09	-4.82701838E-10	-1.87848518E-10	-7.11376322E-11	-4.23285238E-12	-3.27388641E-13	-7.59219127E-14	-1.51255801E-14
 1.100000E-02	 2.38869358E-07	 4.51373262E-08	 2.45105643E-09	-6.85898901E-10	-1.69761693E-09	 2.43809811E-11	 1.73530857E-11	 1.79978042E-12	 5.95169851E-13	 7.23938161E-14	-6.59409558E-09	-8.18177028E-09	-5.73529354E-09	-1.04932228E-09	-3.76360234E-10	-1.01231826E-10	-7.27112545E-12	-4.98294747E-13	-1.33662146E-13	-2.35653282E-14
 1.200000E-02	 3.65748085E-07	 7.53673751E-08	 5.57658593E-09	-6.88760515E-10	-2.57833817E-09	 3.14075003E-11	 2.37377409E-11	 2.63090357E-12	 8.10857843E-13	 1.04218199E-13	-8.76018746E-09	-1.33922016E-08	-1.03450427E-08	-2.12073527E-09	-7.98524303E-10	-1.44359795E-10	-1.20514424E-11	-7.27168922E-13	-2.24942779E-13	-3.52800636E-14
 1.300000E-02	 5.41332204E-07	 1.20879585E-07	 1.09826115E-08	-4.53918968E-10	-3.87228038E-09	 3.47160322E-11	 3.17656355E-11	 3.76653731E-12	 1.08221212E-12	 1.46534139E-13	-1.08245897E-08	-2.10183595E-08	-1.78066597E-08	-4.03518994E-09	-1.67511225E-09	-2.08424763E-10	-1.93410573E-11	-1.02078011E-12	-3.63874874E-13	-5.11368732E-14
 1.400000E-02	 7.78224616E-07	 1.87299949E-07	 1.98267055E-08	 2.25874365E-10	-5.77472167E-09	 2.63033005E-11	 4.16975251E-11	 5.29998470E-12	 1.41933341E-12	 2.02146635E-13	-1.22479070E-08	-3.18051032E-08	-2.94451444E-08	-7.29927172E-09	-3.37525457E-09	-3.06472316E-10	-3.01574083E-11	-1.38019759E-12	-5.68634006E-13	-7.21221971E-14
 1.500000E-02	 1.09089863E-06	 2.81665887E-07	 3.36887203E-08	 1.66766666E-09	-8.56931450E-09	-8.78510349E-12	 5.38012888E-11	 7.34832452E-12	 1.83381024E-12	 2.74561825E-13	-1.21921920E-08	-4.66082986E-08	-4.70256901E-08	-1.26481301E-08	-6.48888052E-09	-4.59602718E-10	-4.58302562E-11	-1.79643770E-12	-8.62179709E-13	-9.93194042E-14
 1.600000E-02	 1.49577150E-06	 4.12634663E-07	 5.46786803E-08	 4.33979208E-09	-1.26605664E-08	-9.64010547E-11	 6.83379479E-11	 1.00559966E-11	 2.33905121E-12	 3.68149510E-13	-9.43687216E-09	-6.63803092E-08	-7.28474631E-08	-2.11200396E-08	-1.19248860E-08	-7.01243173E-10	-6.80778784E-11	-2.24460992E-12	-1.27301288E-12	-1.33860855E-13
 1.700000E-02	 2.01126185E-06	 5.90701814E-07	 8.55624231E-08	 8.91485400E-09	-1.86144127E-08	-2.78828433E-10	 8.55375552E-11	 1.35975632E-11	 2.95068003E-12	 4.88349847E-13	-2.28346516E-09	-9.21450888E-08	-1.09846064E-07	-3.41471053E-08	-2.10413471E-08	-1.08325498E-09	-9.91011286E-11	-2.67626496E-12	-1.83595107E-12	-1.76853064E-13
 1.800000E-02	 2.65782973E-06	 8.28428245E-07	 1.29906486E-07	 1.63364899E-08	-2.72076582E-08	-6.22336132E-10	 1.05559830E-10	 1.81788619E-11	 3.68702502E-12	 6.41918558E-13	 1.15508907E-08	-1.24961096E-07	-1.61703662E-07	-5.36639065E-08	-3.58150454E-08	-1.68446496E-09	-1.41700462E-10	-3.00971484E-12	-2.59288077E-12	-2.29280792E-13
 1.900000E-02	 3.45799797E-06	 1.14067444E-06	 1.92243718E-07	 2.79025163E-08	-3.94867843E-08	-1.22723931E-09	 1.28433110E-10	 2.40353297E-11	 4.56965298E-12	 8.37197333E-13	 3.50509046E-08	-1.65870212E-07	-2.32965473E-07	-8.22358168E-08	-5.90585807E-08	-2.62234263E-09	-1.99422718E-10	-3.11805994E-12	-3.59347738E-12	-2.91861182E-13
 2.000000E-02	 4.43635364E-06	 1.54484013E-06	 2.78261070E-07	 4.53673829E-08	-5.68362218E-08	-2.24101580E-09	 1.53963225E-10	 3.14259919E-11	 5.62393515E-12	 1.08447205E-12	 7.20312378E-08	-2.15830813E-07	-3.29160918E-07	-1.23208646E-07	-9.46944078E-08	-4.06869497E-09	-2.76746635E-10	-2.81470071E-12	-4.89581119E-12	-3.64881022E-13
 2.100000E-02	 5.61952843E-06	 2.06110754E-06	 3.95010969E-07	 7.10672238E-08	-8.10556374E-08	-3.87506988E-09	 1.81602487E-10	 4.06210193E-11	 6.87957833E-12	 1.39629644E-12	 1.27274706E-07	-2.75633139E-07	-4.56927463E-07	-1.80881112E-07	-1.48096244E-07	-6.27042034E-09	-3.79318354E-10	-1.83620237E-12	-6.56685224E-12	-4.47971646E-13
 2.200000E-02	 7.03615643E-06	 2.71268617E-06	 5.51147568E-07	 1.08071156E-07	-1.14445083E-07	-6.42577841E-09	 2.10266671E-10	 5.18802113E-11	 8.37100704E-12	 1.78798536E-12	 2.06679850E-07	-3.45795115E-07	-6.24134737E-07	-2.60701437E-07	-2.26509365E-07	-9.57654820E-09	-5.14251641E-10	 1.77612173E-13	-8.68274807E-12	-5.39853581E-13
 2.300000E-02	 8.71680818E-06	 3.52605665E-06	 7.57189055E-07	 1.60362864E-07	-1.59895994E-07	-1.03004843E-08	 2.38086192E-10	 6.54191111E-11	 1.01375222E-11	 2.27797125E-12	 3.17416946E-07	-4.26436788E-07	-8.40006169E-07	-3.69489106E-07	-3.39562458E-07	-1.44729904E-08	-6.90510724E-10	 3.70609770E-12	-1.13289077E-11	-6.38042137E-13
 2.400000E-02	 1.06939000E-05	 4.53121147E-06	 1.02580710E-06	 2.33056915E-07	-2.20984959E-07	-1.60491094E-08	 2.62075925E-10	 8.13584388E-11	 1.22229165E-11	 2.88842367E-12	 4.68091339E-07	-5.17131658E-07	-1.11523506E-06	-5.15682559E-07	-4.99884870E-07	-2.16266545E-08	-9.19398060E-10	 9.37262592E-12	-1.45997438E-11	-7.38473622E-13
 2.500000E-02	 1.30015772E-05	 5.76188976E-06	 1.37214427E-06	 3.32654685E-07	-3.02065856E-07	-2.44020446E-08	 2.77706126E-10	 9.96519968E-11	 1.46744582E-11	 3.64561908E-12	 6.68912752E-07	-6.16733209E-07	-1.46209160E-06	-7.09613164E-07	-7.23844187E-07	-3.19408093E-08	-1.21517366E-09	 1.79710671E-11	-1.85980916E-11	-8.35182778E-13
 2.600000E-02	 1.56755705E-05	 7.25580319E-06	 1.81416015E-06	 4.67345149E-07	-4.08354431E-07	-3.63149365E-08	 2.78356184E-10	 1.19986411E-10	 1.75406921E-11	 4.58061610E-12	 9.31869063E-07	-7.23175084E-07	-1.89451686E-06	-9.63805397E-07	-1.03242015E-06	-4.66238431E-08	-1.59583872E-09	 3.04931342E-11	-2.34342247E-11	-9.19804349E-13
 2.700000E-02	 1.87530245E-05	 9.05484992E-06	 2.37300634E-06	 6.47356264E-07	-5.45997606E-07	-5.30209196E-08	 2.54631277E-10	 1.41645800E-10	 2.08678313E-11	 5.72962996E-12	 1.27090277E-06	-8.33243471E-07	-2.42819968E-06	-1.29330260E-06	-1.45223188E-06	-6.72738231E-08	-2.08412116E-09	 4.81549383E-11	-2.92243873E-11	-9.81303128E-13
 2.800000E-02	 2.22722968E-05	 1.12053131E-05	 3.07343066E-06	 8.85363038E-07	-7.22117691E-07	-7.60907209E-08	 1.93522848E-10	 1.63331730E-10	 2.46939763E-11	 7.13461527E-12	 1.70208821E-06	-9.42320458E-07	-3.08063168E-06	-1.71601708E-06	-2.01673644E-06	-9.59815435E-08	-2.70870848E-09	 7.24207709E-11	-3.60889923E-11	-1.00538640E-12
 2.900000E-02	 2.62727282E-05	 1.37580408E-05	 3.94421005E-06	 1.19695882E-06	-9.44819302E-07	-1.07500895E-07	 7.73936755E-11	 1.82928804E-10	 2.90406314E-11	 8.84362958E-12	 2.24380735E-06	-1.04409728E-06	-3.87113555E-06	-2.25310270E-06	-2.76761706E-06	-1.35455028E-07	-3.50577854E-09	 1.05021118E-10	-4.41501667E-11	-9.74425393E-13
 3.000000E-02	 3.07943822E-05	 1.67686019E-05	 5.01861146E-06	 1.60119660E-06	-1.22314424E-06	-1.49710261E-07	-1.17228428E-10	 1.97202425E-10	 3.39005929E-11	 1.09111307E-11	 2.91692176E-06	-1.13025666E-06	-4.82086117E-06	-2.92934698E-06	-3.75638004E-06	-1.89168704E-07	-4.52088532E-09	 1.47960779E-10	-5.35293266E-11	-8.66871347E-13
 3.100000E-02	 3.58777524E-05	 2.02974159E-05	 6.33487917E-06	 2.12120739E-06	-1.56695705E-06	-2.05744596E-07	-4.21069744E-10	 2.01416255E-10	 3.92212944E-11	 1.33982526E-11	 3.74493812E-06	-1.19012359E-06	-5.95274381E-06	-3.77357892E-06	-5.04617919E-06	-2.61540733E-07	-5.81127556E-09	 2.03510950E-10	-6.43439653E-11	-6.57586977E-13
 3.200000E-02	 4.15634409E-05	 2.44098508E-05	 7.93674767E-06	 2.78490358E-06	-1.98673989E-06	-2.79289079E-07	-8.73742199E-10	 1.88851707E-10	 4.48819104E-11	 1.63724568E-11	 4.75416461E-06	-1.21028466E-06	-7.29141917E-06	-4.81908879E-06	-6.71388965E-06	-3.58142211E-07	-7.44870099E-09	 2.74179001E-10	-7.67049723E-11	-3.17470624E-13
 3.300000E-02	 4.78918068E-05	 2.91762871E-05	 9.87397771E-06	 3.62577522E-06	-2.49327152E-06	-3.74787403E-07	-1.52559440E-09	 1.50212864E-10	 5.06623914E-11	 1.99076384E-11	 5.97385526E-06	-1.17417572E-06	-8.86308927E-06	-6.10405395E-06	-8.85245096E-06	-4.85942443E-07	-9.52280841E-09	 3.62650083E-10	-9.07133798E-11	 1.85160197E-13
 3.400000E-02	 5.49025819E-05	 3.46721403E-05	 1.22029119E-05	 4.68378665E-06	-3.09716203E-06	-4.97546424E-07	-2.43978484E-09	 7.28946980E-11	 5.62045502E-11	 2.40827704E-11	 7.43633902E-06	-1.06163852E-06	-1.06953321E-05	-7.67196319E-06	-1.15734969E-05	-6.53594620E-07	-1.21452087E-08	 4.71687612E-10	-1.06458830E-10	 8.84470269E-13
 3.500000E-02	 6.26344569E-05	 4.09778377E-05	 1.49870468E-05	 6.00638165E-06	-3.80821048E-06	-6.53844695E-07	-3.69455801E-09	-5.99074003E-11	 6.09607558E-11	 2.89817069E-11	 9.17713013E-06	-8.48447179E-07	-1.28168489E-05	-9.57203186E-06	-1.50102907E-05	-8.71766235E-07	-1.54543186E-08	 6.03979124E-10	-1.24018504E-10	 1.81388737E-12
 3.600000E-02	 7.11246369E-05	 4.81787454E-05	 1.82976165E-05	 7.64960554E-06	-4.63454731E-06	-8.51042518E-07	-5.38569978E-09	-2.70273928E-10	 6.41301490E-11	 3.46904627E-11	 1.12350166E-05	-5.05805971E-07	-1.52571433E-05	-1.18595980E-05	-1.93209835E-05	-1.15351891E-06	-1.96210737E-08	 7.61911195E-10	-1.43459299E-10	 3.00560053E-12
 3.700000E-02	 8.04083697E-05	 5.63650397E-05	 2.22141841E-05	 9.67935182E-06	-5.58151875E-06	-1.09769047E-06	-7.62913102E-09	-5.86850145E-10	 6.45768322E-11	 4.12964781E-11	 1.36521232E-05	 1.79646796E-10	-1.80461251E-05	-1.45964883E-05	-2.46922107E-05	-1.51474245E-06	-2.48556327E-08	 9.47254420E-10	-1.64842486E-10	 4.48383576E-12
 3.800000E-02	 9.05184456E-05	 6.56315175E-05	 2.68252327E-05	 1.21727413E-05	-6.65026491E-06	-1.40363262E-06	-1.05635850E-08	-1.04637995E-09	 6.07300689E-11	 4.88841123E-11	 1.64739447E-05	 7.09056305E-07	-2.12136322E-05	-1.78513417E-05	-3.13430387E-05	-1.97464802E-06	-3.14151804E-08	 1.16073445E-09	-1.88234231E-10	 6.26386538E-12
 3.900000E-02	 1.01484672E-04	 7.60773411E-05	 3.22287515E-05	 1.52196406E-05	-7.83593748E-06	-1.78009974E-06	-1.43532827E-08	-1.69551735E-09	 5.04602475E-11	 5.75331658E-11	 1.97493469E-05	 1.66659720E-06	-2.47888660E-05	-2.16998746E-05	-3.95292700E-05	-2.55632505E-06	-3.96129474E-08	 1.40145973E-09	-2.13722205E-10	 8.33964936E-12
 4.000000E-02	 1.13333323E-04	 8.78057099E-05	 3.85328068E-05	 1.89243272E-05	-9.12549896E-06	-2.23978707E-06	-1.91905164E-08	-2.59295473E-09	 3.09291469E-11	 6.73123421E-11	 2.35305297E-05	 2.92539406E-06	-2.87997317E-05	-2.62250717E-05	-4.95481100E-05	-3.28736665E-06	-4.98285378E-08	 1.66617218E-09	-2.41442682E-10	 1.06823774E-11
 4.100000E-02	 1.26086566E-04	 1.00923453E-04	 4.58560885E-05	 2.34073039E-05	-1.04950408E-05	-2.79691216E-06	-2.52980466E-08	-3.81189772E-09	-1.58997612E-12	 7.82767859E-11	 2.78729502E-05	 4.54546209E-06	-3.32720788E-05	-3.15172837E-05	-6.17431918E-05	-4.20056783E-06	-6.25197814E-08	 1.94827032E-09	-2.71618870E-10	 1.32204480E-11
 4.200000E-02	 1.39761876E-04	 1.15540545E-04	 5.43284268E-05	 2.88072746E-05	-1.19065428E-05	-3.46724442E-06	-3.29310725E-08	-5.44293410E-09	-5.19334911E-11	 9.04581472E-11	 3.28352007E-05	 6.59485266E-06	-3.82288397E-05	-3.76742135E-05	-7.65099724E-05	-5.33470006E-06	-7.82360978E-08	 2.23656954E-09	-3.04614747E-10	 1.58362178E-11
 4.300000E-02	 1.54371429E-04	 1.31769531E-04	 6.40912662E-05	 3.52832806E-05	-1.33039939E-05	-4.26809573E-06	-4.23786125E-08	-7.59733224E-09	-1.26311805E-10	 1.03861965E-10	 3.84788394E-05	 9.15026814E-06	-4.36890600E-05	-4.48007710E-05	-9.43014863E-05	-6.73536681E-06	-9.76334757E-08	 2.51376190E-09	-3.41009431E-10	 1.83345993E-11
 4.400000E-02	 1.69921492E-04	 1.49724864E-04	 7.52980816E-05	 4.30169995E-05	-1.46087935E-05	-5.21826412E-06	-5.39641409E-08	-1.04108165E-08	-2.32615541E-10	 1.18453637E-10	 4.48681691E-05	 1.22976721E-05	-4.96668153E-05	-5.30087639E-05	-1.15634422E-04	-8.45594411E-06	-1.21491249E-07	 2.75450239E-09	-3.81696862E-10	 2.04349559E-11
 4.500000E-02	 1.86411794E-04	 1.69522139E-04	 8.81147266E-05	 5.22152074E-05	-1.57143434E-05	-6.33792053E-06	-6.80451794E-08	-1.40478542E-08	-3.80776569E-10	 1.34156835E-10	 5.20699588E-05	 1.61328873E-05	-5.61700126E-05	-6.24164028E-05	-1.41095498E-04	-1.05586074E-05	-1.50730671E-07	 2.92303815E-09	-4.28019741E-10	 2.17288467E-11
 4.600000E-02	 2.03834904E-04	 1.91277225E-04	 1.02719698E-04	 6.31124034E-05	-1.64797274E-05	-7.64842604E-06	-8.50115351E-08	-1.87065160E-08	-5.83187722E-10	 1.50834479E-10	 6.01531083E-05	 2.07621727E-05	-6.31990752E-05	-7.31475909E-05	-1.71348107E-04	-1.31154463E-05	-1.86435297E-07	 2.97030635E-09	-4.81940548E-10	 2.16649239E-11
 4.700000E-02	 2.22175603E-04	 2.15105299E-04	 1.19304306E-04	 7.59735923E-05	-1.67223768E-05	-9.17206564E-06	-1.05281897E-07	-2.46239314E-08	-8.55196132E-10	 1.68290207E-10	 6.91882497E-05	 2.63027713E-05	-7.07455104E-05	-8.53309669E-05	-2.07139165E-04	-1.62096683E-05	-2.29873226E-07	 2.83041313E-09	-5.46266868E-10	 1.94952621E-11
 4.800000E-02	 2.41410274E-04	 2.41119764E-04	 1.38072722E-04	 9.10972184E-05	-1.62096086E-05	-1.09316832E-05	-1.29298356E-07	-3.20824051E-08	-1.21565851E-09	 1.86243386E-10	 7.92472842E-05	 3.28834173E-05	-7.87903609E-05	-9.90986674E-05	-2.49306118E-04	-1.99368904E-05	-2.82521108E-07	 2.41637990E-09	-6.24928753E-10	 1.42477802E-11
 4.900000E-02	 2.61506296E-04	 2.69431056E-04	 1.59241909E-04	 1.08818239E-04	-1.46489262E-05	-1.29502000E-05	-1.57518503E-07	-4.14162123E-08	-1.68759460E-09	 2.04337539E-10	 9.04028520E-05	 4.06447925E-05	-8.73025410E-05	-1.14584773E-04	-2.98783988E-04	-2.44065161E-05	-3.46089816E-07	 1.61504789E-09	-7.23341889E-10	 4.66157887E-12
 5.000000E-02	 2.82421465E-04	 3.00145339E-04	 1.83041384E-04	 1.29511317E-04	-1.16769797E-05	-1.52500007E-05	-1.90404683E-07	-5.30191498E-08	-2.29889185E-09	 2.22108008E-10	 1.02727732E-04	 4.97399192E-05	-9.62370618E-05	-1.31923399E-04	-3.56612361E-04	-2.97431923E-05	-4.22551418E-07	 2.80974162E-10	-8.48840470E-10	-1.08533465E-11
 5.100000E-02	 3.04103423E-04	 3.33363068E-04	 2.09712814E-04	 1.53594117E-04	-6.84709901E-06	-1.78521874E-05	-2.28410227E-07	-6.73527682E-08	-3.08313028E-09	 2.38997163E-10	 1.16294165E-04	 6.03344762E-05	-1.05533146E-04	-1.51246379E-04	-4.23942181E-04	-3.60883446E-05	-5.14168394E-07	-1.77088195E-09	-1.01123450E-09	-3.42846911E-11
 5.200000E-02	 3.26489157E-04	 3.69177459E-04	 2.39509436E-04	 1.81530701E-04	 3.84814857E-07	-2.07756664E-05	-2.71961127E-07	-8.49553490E-08	-4.08053615E-09	 2.54318552E-10	 1.31173118E-04	 7.26070252E-05	-1.15112261E-04	-1.72680548E-04	-5.02042383E-04	-4.36017695E-05	-6.23523395E-07	-4.77377115E-09	-1.22347062E-09	-6.80752587E-11
 5.300000E-02	 3.49504529E-04	 4.07672862E-04	 2.72695276E-04	 2.13835001E-04	 1.06761748E-05	-2.40360284E-05	-3.21433001E-07	-1.06451690E-07	-5.33908670E-09	 2.67262487E-10	 1.47433464E-04	 8.67491366E-05	-1.24876065E-04	-1.96344549E-04	-5.92306176E-04	-5.24632817E-05	-7.53549091E-07	-9.01901260E-09	-1.50244209E-09	-1.15222113E-10
 5.400000E-02	 3.73063855E-04	 4.48922986E-04	 3.09544132E-04	 2.51074286E-04	 2.48154048E-05	-2.76442161E-05	-3.77123443E-07	-1.32563619E-07	-6.91561814E-09	 2.76863835E-10	 1.65141098E-04	 1.02965392E-04	-1.34704278E-04	-2.22345106E-04	-6.96256618E-04	-6.28744182E-05	-9.07559004E-07	-1.48674819E-08	-1.86994669E-09	-1.79368058E-10
 5.500000E-02	 3.97069538E-04	 4.92989035E-04	 3.50338294E-04	 2.93872619E-04	 4.37416005E-05	-3.16049680E-05	-4.39218594E-07	-1.64121255E-07	-8.87710743E-09	 2.82009822E-10	 1.84357973E-04	 1.21473254E-04	-1.44452489E-04	-2.50772740E-04	-8.15551366E-04	-7.50601657E-05	-1.08927789E-06	-2.27630055E-08	-2.35386749E-09	-2.64903177E-10
 5.600000E-02	 4.21411776E-04	 5.39917730E-04	 3.95367010E-04	 3.42914264E-04	 6.85662919E-05	-3.59150074E-05	-5.07753507E-07	-2.02074983E-07	-1.13020408E-08	 2.81425486E-10	 2.05141074E-04	 1.42502777E-04	-1.53949934E-04	-2.81696882E-04	-9.51986391E-04	-8.92706937E-05	-1.30287090E-06	-3.32478826E-08	-2.98957128E-09	-3.77062429E-10
 5.700000E-02	 4.45968355E-04	 5.89739240E-04	 4.44924654E-04	 3.98946964E-04	 1.00597419E-04	-4.05609477E-05	-5.82565598E-07	-2.47508118E-07	-1.42819473E-08	 2.73667387E-10	 2.27541318E-04	 1.66296159E-04	-1.62997249E-04	-3.15160336E-04	-1.10749838E-03	-1.05783072E-04	-1.55297087E-06	-4.69807034E-08	-3.82156935E-09	-5.22034220E-10
 5.800000E-02	 4.70604520E-04	 6.42465031E-04	 4.99308588E-04	 4.62785057E-04	 1.41365609E-04	-4.55168893E-05	-6.63240756E-07	-3.01650133E-07	-1.79230114E-08	 2.57140541E-10	 2.51602397E-04	 1.93107096E-04	-1.71364240E-04	-3.51173055E-04	-1.28416546E-03	-1.24902945E-04	-1.84470269E-06	-6.47568052E-08	-4.90549699E-09	-7.07069664E-10
 5.900000E-02	 4.95172955E-04	 6.98085626E-04	 5.58816689E-04	 5.35312331E-04	 1.92652817E-04	-5.07416742E-05	-7.49051436E-07	-3.65890460E-07	-2.23477884E-08	 2.30055572E-10	 2.77359556E-04	 2.23199935E-04	-1.78787685E-04	-3.89705190E-04	-1.48420596E-03	-1.46966121E-04	-2.18370317E-06	-8.75316223E-08	-6.31039328E-09	-9.40581892E-10
 6.000000E-02	 5.19513861E-04	 7.56568301E-04	 6.23744517E-04	 6.17484516E-04	 2.56523241E-04	-5.61757969E-05	-8.38887578E-07	-4.41792677E-07	-2.76969616E-08	 1.90493030E-10	 3.04838320E-04	 2.56848598E-04	-1.84969194E-04	-4.30679349E-04	-1.70997457E-03	-1.72340046E-04	-2.57613448E-06	-1.16447410E-07	-8.12143268E-09	-1.23224558E-09
 6.100000E-02	 5.43455132E-04	 8.17854682E-04	 6.94382074E-04	 7.10331297E-04	 3.35356405E-04	-6.17380357E-05	-9.31179625E-07	-5.31108431E-07	-3.41310892E-08	 1.36300499E-10	 3.34053163E-04	 2.94335255E-04	-1.89573172E-04	-4.73962020E-04	-1.96395561E-03	-2.01425161E-04	-3.02869664E-06	-1.52864006E-07	-1.04429612E-08	-1.59305428E-09
 6.200000E-02	 5.66812711E-04	 8.81858405E-04	 7.71010271E-04	 8.14958003E-04	 4.31883178E-04	-6.73217120E-05	-1.02380834E-06	-6.35791292E-07	-4.18328077E-08	 6.51319502E-11	 3.65006155E-04	 3.35948755E-04	-1.92224948E-04	-5.19354286E-04	-2.24875392E-03	-2.34656007E-04	-3.54862739E-06	-1.98393358E-07	-1.34021213E-08	-2.03545753E-09
 6.300000E-02	 5.89391102E-04	 9.48462780E-04	 8.53897037E-04	 9.32546726E-04	 5.49224645E-04	-7.27904222E-05	-1.11400448E-06	-7.58010755E-07	-5.10091915E-08	-2.56607908E-11	 3.97685594E-04	 3.81982778E-04	-1.92509102E-04	-5.66581746E-04	-2.56708237E-03	-2.72502056E-04	-4.14368824E-06	-2.54937010E-07	-1.71529662E-08	-2.57350232E-09
 6.400000E-02	 6.10983971E-04	 1.01751839E-03	 9.43292936E-04	 1.06435654E-03	 6.90933032E-04	-7.79733330E-05	-1.19824184E-06	-9.00165423E-07	-6.18936950E-08	-1.38909908E-10	 4.32064600E-04	 4.32733692E-04	-1.89967994E-04	-6.15283446E-04	-2.92174464E-03	-3.15468323E-04	-4.82214406E-06	-3.24727818E-07	-2.18812292E-08	-3.22300709E-09
 6.500000E-02	 6.31374928E-04	 1.08884076E-03	 1.03942639E-03	 1.21172288E-03	 8.61034882E-04	-8.26600845E-05	-1.27212072E-06	-1.06489518E-06	-7.47480023E-08	-2.77787437E-10	 4.68099697E-04	 4.88498080E-04	-1.84100569E-04	-6.64999962E-04	-3.31561320E-03	-3.64095611E-04	-5.59272722E-06	-4.10377096E-07	-2.78096289E-08	-4.00163497E-09
 6.600000E-02	 6.50338471E-04	 1.16220804E-03	 1.14249852E-03	 1.37605594E-03	 1.06407648E-03	-8.65952263E-05	-1.33024344E-06	-1.25509217E-06	-8.98638460E-08	-4.45707077E-10	 5.05729421E-04	 5.49569962E-04	-1.74361520E-04	-7.15160642E-04	-3.75160171E-03	-4.18960309E-04	-6.46458439E-06	-5.14927248E-07	-3.52041537E-08	-4.92893551E-09
 6.700000E-02	 6.67641109E-04	 1.23735888E-03	 1.25267754E-03	 1.55883789E-03	 1.30517111E-03	-8.94721197E-05	-1.36608287E-06	-1.47391008E-06	-1.07564508E-07	-6.46526792E-10	 5.44872935E-04	 6.16237661E-04	-1.60160832E-04	-7.65070005E-04	-4.23263103E-03	-4.80673670E-04	-7.44720427E-06	-6.41910558E-07	-4.43809522E-08	-6.02630459E-09
 6.800000E-02	 6.83042671E-04	 1.31399038E-03	 1.37009284E-03	 1.76161876E-03	 1.59004733E-03	-9.09262308E-05	-1.37184666E-06	-1.72477099E-06	-1.28205794E-07	-8.84463285E-10	 5.85428701E-04	 6.88780334E-04	-1.40863788E-04	-8.13893361E-04	-4.76158745E-03	-5.49880393E-04	-8.55032488E-06	-7.95415247E-07	-5.57143555E-08	-7.31682471E-09
 6.900000E-02	 6.96297788E-04	 1.39175621E-03	 1.49482857E-03	 1.98601056E-03	 1.92509645E-03	-9.05277007E-05	-1.33833368E-06	-2.01136959E-06	-1.52175942E-07	-1.16442309E-09	 6.27273189E-04	 7.67464138E-04	-1.15791498E-04	-8.60641695E-04	-5.34127157E-03	-6.27256191E-04	-9.78379888E-06	-9.80159437E-07	-6.96452396E-08	-8.82487020E-09
 7.000000E-02	 7.07157478E-04	 1.47026470E-03	 1.62691663E-03	 2.23367858E-03	 2.31741408E-03	-8.77746432E-05	-1.25482467E-06	-2.33767252E-06	-1.79893516E-07	-1.49226718E-09	 6.70259616E-04	 8.52537936E-04	-8.42219709E-05	-9.04155600E-04	-5.97433594E-03	-7.13504361E-04	-1.11573974E-05	-1.20157815E-06	-8.66901645E-08	-1.05751968E-08
 7.100000E-02	 7.15370695E-04	 1.54907679E-03	 1.76632865E-03	 2.50632983E-03	 2.77483472E-03	-8.20892033E-05	-1.10904968E-06	-2.70789496E-06	-2.11802842E-07	-1.87589350E-09	 7.14216630E-04	 9.44228429E-04	-4.53917828E-05	-9.43088237E-04	-6.66321203E-03	-8.09353605E-04	-1.26807564E-05	-1.46592491E-06	-1.07449394E-07	-1.25919935E-08
 7.200000E-02	 7.20686721E-04	 1.62770545E-03	 1.91296951E-03	 2.80570510E-03	 3.30598646E-03	-7.28100888E-05	-8.87052709E-07	-3.12648076E-06	-2.48381320E-07	-2.32669980E-09	 7.58947513E-04	 1.04273551E-03	 1.50135578E-06	-9.75890345E-04	-7.41004104E-03	-9.15554593E-04	-1.43632649E-05	-1.78034458E-06	-1.32617444E-07	-1.49015814E-08
 7.300000E-02	 7.22857843E-04	 1.70561589E-03	 2.06667100E-03	 3.13356919E-03	 3.92035277E-03	-5.91798893E-05	-5.72876336E-07	-3.59809729E-06	-2.90147975E-07	-2.85960664E-09	 8.04229555E-04	 1.14822738E-03	 5.72951861E-05	-1.00079543E-03	-8.21659942E-03	-1.03287383E-03	-1.62138078E-05	-2.15292752E-06	-1.62994064E-07	-1.75355962E-08
 7.400000E-02	 7.21641596E-04	 1.78222471E-03	 2.22718319E-03	 3.49169247E-03	 4.62831007E-03	-4.03367520E-05	-1.48336772E-07	-4.12760817E-06	-3.37657232E-07	-3.49231207E-09	 8.49813224E-04	 1.26083474E-03	 1.22858790E-04	-1.01580240E-03	-9.08420594E-03	-1.16208650E-03	-1.82405162E-05	-2.59281622E-06	-1.99496324E-07	-2.05290005E-08
 7.500000E-02	 7.16803335E-04	 1.85689981E-03	 2.39416637E-03	 3.88183182E-03	 5.44115854E-03	-1.53081864E-05	 4.07017283E-07	-4.72003281E-06	-3.91490567E-07	-4.24605929E-09	 8.95421637E-04	 1.38064486E-03	 1.99087620E-04	-1.01865870E-03	-1.00136162E-02	-1.30396853E-03	-2.04504669E-05	-3.11033060E-06	-2.43173370E-07	-2.39178186E-08
 7.600000E-02	 7.08119081E-04	 1.92896104E-03	 2.56718303E-03	 4.30571062E-03	 6.37115278E-03	 1.69973083E-05	 1.11596104E-06	-5.38049947E-06	-4.52251005E-07	-5.14737546E-09	 9.40750295E-04	 1.50769540E-03	 2.86897572E-04	-1.00684443E-03	-1.10049059E-02	-1.45928809E-03	-2.28493931E-05	-3.71707604E-06	-2.95221642E-07	-2.77390690E-08
 7.700000E-02	 6.95378542E-04	 1.99768132E-03	 2.74568992E-03	 4.76499552E-03	 7.43152799E-03	 5.77979891E-05	 2.00371708E-06	-6.11418186E-06	-5.20558491E-07	-6.22990404E-09	 9.85467043E-04	 1.64196798E-03	 3.87217951E-04	-9.77557260E-04	-1.20573468E-02	-1.62879587E-03	-2.54413537E-05	-4.42605423E-06	-3.56999327E-07	-3.20314952E-08
 7.800000E-02	 6.78388302E-04	 2.06228845E-03	 2.92903006E-03	 5.26127079E-03	 8.63652310E-03	 1.08445494E-04	 3.09808016E-06	-6.92622525E-06	-5.97047144E-07	-7.53627235E-09	 1.02921230E-03	 1.78338145E-03	 5.00983356E-04	-9.27698265E-04	-1.31692777E-02	-1.81321442E-03	-2.82283699E-05	-5.25176933E-06	-4.30042211E-07	-3.68367420E-08
 7.900000E-02	 6.56975177E-04	 2.12196756E-03	 3.11642502E-03	 5.79601058E-03	 1.00014090E-02	 1.70430341E-04	 4.42961781E-06	-7.82165862E-06	-6.82365347E-07	-9.11976578E-09	 1.07159957E-03	 1.93178512E-03	 6.29124364E-04	-8.53858641E-04	-1.43379747E-02	-2.01322819E-03	-3.12100962E-05	-6.21032118E-06	-5.16081269E-07	-4.22020931E-08
 8.000000E-02	 6.30989994E-04	 2.17586500E-03	 3.30696859E-03	 6.37055247E-03	 1.15425467E-02	 2.45388952E-04	 6.03210642E-06	-8.80529404E-06	-7.77184572E-07	-1.10444300E-08	 1.11221654E-03	 2.08695209E-03	 7.72556988E-04	-7.52307998E-04	-1.55595232E-02	-2.22947150E-03	-3.43834123E-05	-7.31946178E-06	-6.17068310E-07	-4.81858250E-08
 8.100000E-02	 6.00312056E-04	 2.22309480E-03	 3.49962371E-03	 6.98607385E-03	 1.32774801E-02	 3.35119732E-04	 7.94262726E-06	-9.88172139E-06	-8.82211706E-07	-1.33824542E-08	 1.15062707E-03	 2.24857388E-03	 9.32171436E-04	-6.18986084E-04	-1.68286702E-02	-2.46250283E-03	-3.77410631E-05	-8.59859138E-06	-7.35211215E-07	-5.48649183E-08
 8.200000E-02	 5.64851914E-04	 2.26274120E-03	 3.69321202E-03	 7.64353868E-03	 1.52248908E-02	 4.41602951E-04	 1.02012009E-05	-1.10552938E-05	-9.98130725E-07	-1.62097455E-08	 1.18637210E-03	 2.41625221E-03	 1.10881944E-03	-4.49492398E-04	-1.81385846E-02	-2.71279043E-03	-4.12713345E-05	-1.00687901E-05	-8.72966274E-07	-6.23364816E-08
 8.300000E-02	 5.24554022E-04	 2.29386128E-03	 3.88640286E-03	 8.34363925E-03	 1.74044742E-02	 5.67004299E-04	 1.28505949E-05	-1.23299609E-05	-1.12553256E-06	-1.96083554E-08	 1.21897071E-03	 2.58949005E-03	 1.30329975E-03	-2.39077720E-04	-1.94805939E-02	-2.98070688E-03	-4.49583446E-05	-1.17530080E-05	-1.03302974E-06	-7.07064132E-08
 8.400000E-02	 4.79401169E-04	 2.31549320E-03	 4.07771090E-03	 9.08675950E-03	 1.98369019E-02	 7.13671688E-04	 1.59361763E-05	-1.37090940E-05	-1.26491357E-06	-2.36748716E-08	 1.24792300E-03	 2.76768559E-03	 1.51634231E-03	 1.73561221E-05	-2.08439690E-02	-3.26650689E-03	-4.87811153E-05	-1.36762881E-05	-1.21837735E-06	-8.00797034E-08
 8.500000E-02	 4.29418527E-04	 2.32666449E-03	 4.26549294E-03	 9.87292932E-03	 2.25437865E-02	 8.84140312E-04	 1.95057468E-05	-1.51953425E-05	-1.41667612E-06	-2.85256380E-08	 1.27271321E-03	 2.95012599E-03	 1.74859110E-03	 3.25252840E-04	-2.22156969E-02	-3.57030265E-03	-5.27127720E-05	-1.58659115E-05	-1.43229872E-06	-9.05573946E-08
 8.600000E-02	 3.74677423E-04	 2.32640061E-03	 4.44794466E-03	 1.07017722E-02	 2.55476189E-02	 1.08113833E-03	 2.36094489E-05	-1.67904816E-05	-1.58111781E-06	-3.42999859E-08	 1.29281302E-03	 3.13598106E-03	 2.00058553E-03	 6.90394437E-04	-2.35802413E-02	-3.89204020E-03	-5.67198120E-05	-1.83515071E-05	-1.67842004E-06	-1.02239034E-07
 8.700000E-02	 3.15299060E-04	 2.31373471E-03	 4.62309871E-03	 1.15724501E-02	 2.88716912E-02	 1.30759008E-03	 2.82996504E-05	-1.84952554E-05	-1.75841778E-06	-4.11623750E-08	 1.30768548E-03	 3.32429749E-03	 2.27274054E-03	 1.11888949E-03	-2.49192939E-02	-4.23147638E-03	-6.07613360E-05	-2.11651348E-05	-1.96072779E-06	-1.15226713E-07
 8.800000E-02	 2.51458126E-04	 2.28771835E-03	 4.78882411E-03	 1.24836067E-02	 3.25400228E-02	 1.56661718E-03	 3.36308218E-05	-2.03092327E-05	-1.94862718E-06	-4.93047094E-08	 1.31678938E-03	 3.51399354E-03	 2.56532516E-03	 1.61715704E-03	-2.62115222E-02	-4.58815801E-03	-6.47882227E-05	-2.43413345E-05	-2.28359645E-06	-1.29632747E-07
 8.900000E-02	 1.83386301E-04	 2.24743343E-03	 4.94282724E-03	 1.34333095E-02	 3.65773279E-02	 1.86154019E-03	 3.96597882E-05	-2.22306770E-05	-2.15167119E-06	-5.89432111E-08	 1.31958427E-03	 3.70385452E-03	 2.87843947E-03	 2.19190725E-03	-2.74323116E-02	-4.96140691E-03	-6.87424008E-05	-2.79171251E-05	-2.65183643E-06	-1.45591203E-07
 9.000000E-02	 1.11376023E-04	 2.19200696E-03	 5.08265782E-03	 1.44190023E-02	 4.10091036E-02	 2.19588948E-03	 4.64469855E-05	-2.42564570E-05	-2.36737376E-06	-7.03093565E-08	 1.31553657E-03	 3.89253036E-03	 3.21199085E-03	 2.85011987E-03	-2.85534842E-02	-5.35029566E-03	-7.25554805E-05	-3.19318771E-05	-3.07077925E-06	-1.63274185E-07
 9.100000E-02	 3.57848128E-05	 2.12063036E-03	 5.20572400E-03	 1.54374774E-02	 4.58618078E-02	 2.57342580E-03	 5.40551965E-05	-2.63824203E-05	-2.59548253E-06	-8.36241006E-08	 1.30412773E-03	 4.07853808E-03	 3.56567188E-03	 3.59901134E-03	-2.95429141E-02	-5.75355959E-03	-7.61438431E-05	-3.64271551E-05	-3.54641038E-06	-1.82909279E-07
 9.200000E-02	-4.29637532E-05	 2.03256977E-03	 5.30928846E-03	 1.64847480E-02	 5.11624419E-02	 2.99818063E-03	 6.25469718E-05	-2.86037188E-05	-2.83545673E-06	-9.90770200E-08	 1.28485920E-03	 4.26025590E-03	 3.93893059E-03	 4.44598144E-03	-3.03639699E-02	-6.16955574E-03	-7.94084833E-05	-4.14467462E-05	-4.08525016E-06	-2.04766810E-07
 9.300000E-02	-1.24379685E-04	 1.92717631E-03	 5.39046556E-03	 1.75559119E-02	 5.69378699E-02	 3.47446367E-03	 7.19836403E-05	-3.09144375E-05	-3.08622129E-06	-1.16843509E-07	 1.25725757E-03	 4.43591693E-03	 4.33093791E-03	 5.39855852E-03	-3.09749595E-02	-6.59628330E-03	-8.22376803E-05	-4.70370446E-05	-4.69420487E-06	-2.29122219E-07
 9.400000E-02	-2.07903833E-04	 1.80390770E-03	 5.44624321E-03	 1.86451086E-02	 6.32145453E-02	 4.00683585E-03	 8.24237862E-05	-3.33072021E-05	-3.34614230E-06	-1.37127169E-07	 1.22088390E-03	 4.60361368E-03	 4.74055993E-03	 6.46434133E-03	-3.13286433E-02	-7.03134455E-03	-8.45047431E-05	-5.32475919E-05	-5.38069676E-06	-2.56223128E-07
 9.500000E-02	-2.92906420E-04	 1.66234873E-03	 5.47350297E-03	 1.97454534E-02	 7.00182497E-02	 4.60010807E-03	 9.39215731E-05	-3.57730335E-05	-3.61301398E-06	-1.60179161E-07	 1.17534305E-03	 4.76130268E-03	 5.16632670E-03	 7.65092044E-03	-3.13716905E-02	-7.47188485E-03	-8.60657335E-05	-6.01315048E-05	-6.15278929E-06	-2.86275273E-07
 9.600000E-02	-3.78686719E-04	 1.50223134E-03	 5.46904101E-03	 2.08489557E-02	 7.73737238E-02	 5.25935126E-03	 1.06525023E-04	-3.83012734E-05	-3.88399304E-06	-1.86299738E-07	 1.12029314E-03	 4.90680992E-03	 5.60639927E-03	 8.96578537E-03	-3.10440612E-02	-7.91453564E-03	-8.67574151E-05	-6.77458933E-05	-7.01928355E-06	-3.19433245E-07
 9.700000E-02	-4.64473578E-04	 1.32345565E-03	 5.42959395E-03	 2.19464342E-02	 8.53042103E-02	 5.98990896E-03	 1.20273730E-04	-4.08795726E-05	-4.15549381E-06	-2.15840746E-07	 1.05545572E-03	 5.03783873E-03	 6.05853569E-03	 1.04162183E-02	-3.02782919E-02	-8.35535692E-03	-8.63949038E-05	-7.61523412E-05	-7.98980119E-06	-3.55796384E-07
 9.800000E-02	-5.49427004E-04	 1.12611213E-03	 5.35187077E-03	 2.30274386E-02	 9.38309013E-02	 6.79741136E-03	 1.35194853E-04	-4.34939137E-05	-4.42302251E-06	-2.49187885E-07	 9.80626813E-04	 5.15198077E-03	 6.52005746E-03	 1.20091740E-02	-2.89986240E-02	-8.78978182E-03	-8.47698701E-05	-8.54175865E-05	-9.07491425E-06	-3.95396984E-07
 9.900000E-02	-6.32641165E-04	 9.10504293E-04	 5.23259255E-03	 2.40802290E-02	 1.02972232E-01	 7.68785743E-03	 1.51298706E-04	-4.61286458E-05	-4.68091821E-06	-2.86745481E-07	 8.95689072E-04	 5.24673126E-03	 6.98782044E-03	 1.37511665E-02	-2.71198629E-02	-9.21252391E-03	-8.16539044E-05	-9.56146426E-05	-1.02862955E-05	-4.38179545E-07
 1.000000E-01	-7.13148331E-04	 6.77173777E-04	 5.06853883E-03	 2.50918092E-02	 1.12742994E-01	 8.66789897E-03	 1.68586065E-04	-4.87671976E-05	-4.92215200E-06	-3.28934112E-07	 8.00624638E-04	 5.31950790E-03	 7.45818415E-03	 1.56481763E-02	-2.45461545E-02	-9.61720539E-03	-7.67938034E-05	-1.06824209E-04	-1.16369376E-05	-4.83915726E-07
 1.010000E-01	-7.89923014E-04	 4.26932974E-04	 4.85660674E-03	 2.60476824E-02	 1.23153199E-01	 9.74450028E-03	 1.87041836E-04	-5.13880915E-05	-5.13771080E-06	-3.76515608E-07	 6.95527655E-04	 5.36766970E-03	 7.92695649E-03	 1.77054154E-02	-2.11706515E-02	-9.99598919E-03	-6.98799975E-05	-1.19139445E-04	-1.31417016E-05	-5.31813253E-07
 1.020000E-01	-8.61891306E-04	 1.60888468E-04	 4.59386655E-03	 2.69314030E-02	 1.34205667E-01	 1.09241413E-02	 2.06596222E-04	-5.39571460E-05	-5.31517696E-06	-4.31076612E-07	 5.80614713E-04	 5.38852920E-03	 8.38933931E-03	 1.99269816E-02	-1.68755069E-02	-1.03397776E-02	-6.05448742E-05	-1.32671779E-04	-1.48172048E-05	-5.80217464E-07
 1.030000E-01	-9.27943638E-04	-1.19541045E-04	 4.27763415E-03	 2.77246435E-02	 1.45893185E-01	 1.22130005E-02	 2.27101952E-04	-5.64272863E-05	-5.43795346E-06	-4.94971289E-07	 4.56237913E-04	 5.37938049E-03	 8.83992316E-03	 2.23157013E-02	-1.15304285E-02	-1.06382482E-02	-4.83967327E-05	-1.47550149E-04	-1.66810977E-05	-6.27030787E-07
 1.040000E-01	-9.86946319E-04	-4.12597575E-04	 3.90556893E-03	 2.84073832E-02	 1.58196281E-01	 1.36173281E-02	 2.48338899E-04	-5.87399914E-05	-5.48532341E-06	-5.71054133E-07	 3.22899557E-04	 5.33754195E-03	 9.27267643E-03	 2.48729175E-02	-4.99092011E-03	-1.08794974E-02	-3.30223722E-05	-1.63918295E-04	-1.87517935E-05	-6.70212739E-07
 1.050000E-01	-1.03775583E-03	-7.16159061E-04	 3.47577355E-03	 2.89578119E-02	 1.71080575E-01	 1.51432136E-02	 2.70009653E-04	-6.08218519E-05	-5.43215714E-06	-6.62689846E-07	 1.81264420E-04	 5.26039650E-03	 9.68091407E-03	 2.75980795E-02	 2.90253121E-03	-1.10498266E-02	-1.39772179E-05	-1.81935578E-04	-2.10482522E-05	-7.07821689E-07
 1.060000E-01	-1.07923707E-03	-1.02771849E-03	 2.98690871E-03	 2.93523057E-02	 1.84493326E-01	 1.67962881E-02	 2.91720992E-04	-6.25806780E-05	-5.24822571E-06	-7.73890619E-07	 3.21719862E-05	 5.14543968E-03	 1.00572886E-02	 3.04883358E-02	 1.23249204E-02	-1.11335456E-02	 9.20965344E-06	-2.01779134E-04	-2.35895840E-05	-7.37927938E-07
 1.070000E-01	-1.11028507E-03	-1.34436626E-03	 2.43832357E-03	 2.95654669E-02	 1.98359181E-01	 1.85814601E-02	 3.12963197E-04	-6.39009113E-05	-4.89730227E-06	-9.09486754E-07	-1.23352522E-04	 4.99033488E-03	 1.03937950E-02	 3.35380942E-02	 2.34669752E-02	-1.11127403E-02	 3.70247967E-05	-2.23646012E-04	-2.63944505E-05	-7.58561747E-07
 1.080000E-01	-1.12985017E-03	-1.66277711E-03	 1.83020277E-03	 2.95702174E-02	 2.12575101E-01	 2.05025938E-02	 3.33087905E-04	-6.46377009E-05	-4.33612194E-06	-1.07533380E-06	-2.84088989E-04	 4.79297615E-03	 1.06817912E-02	 3.67385219E-02	 3.65349693E-02	-1.09670330E-02	 6.99563233E-05	-2.47755062E-04	-2.94802182E-05	-7.67703671E-07
 1.090000E-01	-1.13696728E-03	-1.97920321E-03	 1.16373059E-03	 2.93379671E-02	 2.27004420E-01	 2.25621021E-02	 3.51284445E-04	-6.46094850E-05	-3.51325304E-06	-1.27855922E-06	-4.48615754E-04	 4.55155929E-03	 1.09120406E-02	 4.00769907E-02	 5.17498674E-02	-1.06733440E-02	 1.08474208E-04	-2.74348357E-04	-3.28617940E-05	-7.63315945E-07
 1.100000E-01	-1.13078913E-03	-2.28947472E-03	 4.41274366E-04	 2.88388992E-02	 2.41470027E-01	 2.47604160E-02	 3.66554538E-04	-6.35889341E-05	-2.36793663E-06	-1.52785636E-06	-6.15306035E-04	 4.26466314E-03	 1.10747844E-02	 4.35364747E-02	 6.93455764E-02	-1.02056323E-02	 1.53004455E-04	-3.03691732E-04	-3.65500831E-05	-7.43424917E-07
 1.110000E-01	-1.11062376E-03	-2.58901038E-03	-3.33415577E-04	 2.80424166E-02	 2.55746431E-01	 2.70952533E-02	 3.77678955E-04	-6.12924733E-05	-8.28980860E-07	-1.83383329E-06	-7.82328532E-04	 3.93134313E-03	 1.11598560E-02	 4.70948971E-02	 8.95658517E-02	-9.53456310E-03	 2.03892815E-04	-3.36074555E-04	-4.05498511E-05	-7.06266532E-07
 1.120000E-01	-1.07597630E-03	-2.87284586E-03	-1.15500957E-03	 2.69176201E-02	 2.69549766E-01	 2.95608170E-02	 3.83193572E-04	-5.73668234E-05	 1.18603036E-06	-2.20950035E-06	-9.47657198E-04	 3.55122171E-03	 1.11568233E-02	 5.07242957E-02	 1.12658302E-01	-8.62732925E-03	 2.61343923E-04	-3.71807912E-04	-4.48559670E-05	-6.50476352E-07
 1.130000E-01	-1.02659388E-03	-3.13567899E-03	-2.01639539E-03	 2.54340059E-02	 2.82526950E-01	 3.21468025E-02	 3.81378598E-04	-5.13710962E-05	 3.77093152E-06	-2.67096805E-06	-1.10908922E-03	 3.12458533E-03	 1.10551900E-02	 5.43899854E-02	 1.38864980E-01	-7.44773670E-03	 3.25342321E-04	-4.11219564E-04	-4.94487518E-05	-5.75448363E-07
 1.140000E-01	-9.62512208E-04	-3.37193237E-03	-2.90846801E-03	 2.35625618E-02	 2.94245656E-01	 3.48370749E-02	 3.70252678E-04	-4.27560105E-05	 7.03025229E-06	-3.23825915E-06	-1.26427021E-03	 2.65249719E-03	 1.08446828E-02	 5.80498630E-02	 1.68409713E-01	-5.95642331E-03	 3.95563079E-04	-4.54644420E-04	-5.42893541E-05	-4.82010118E-07
 1.150000E-01	-8.84102574E-04	-3.57584245E-03	-3.81994751E-03	 2.12771376E-02	 3.04185169E-01	 3.76081773E-02	 3.47588798E-04	-3.08413003E-05	 1.10770755E-05	-3.93611352E-06	-1.41073178E-03	 2.13690835E-03	 1.05156058E-02	 6.16537456E-02	 2.01480951E-01	-4.11131575E-03	 4.71263284E-04	-5.02408828E-04	-5.93143079E-05	-3.73439434E-07
 1.160000E-01	-7.92116417E-04	-3.74157845E-03	-4.73724500E-03	 1.85561426E-02	 3.11729293E-01	 4.04276760E-02	 3.10962522E-04	-1.47917598E-05	 1.60289156E-05	-4.79474767E-06	-1.54594292E-03	 1.58076339E-03	 1.00592777E-02	 6.51428480E-02	 2.38209084E-01	-1.86848740E-03	 5.51154757E-04	-5.54806772E-04	-6.44292335E-05	-2.56900544E-07
 1.170000E-01	-6.87723824E-04	-3.86339402E-03	-5.64440356E-03	 1.53846211E-02	 3.16163183E-01	 4.32523867E-02	 2.57843925E-04	 6.40662110E-06	 2.20009549E-05	-5.85049053E-06	-1.66737669E-03	 9.88095294E-04	 9.46856029E-03	 6.84495342E-02	 2.78637550E-01	 8.16452607E-04	 6.33261210E-04	-6.12065729E-04	-6.95020801E-05	-1.45409601E-07
 1.180000E-01	-5.72541008E-04	-3.93581425E-03	-6.52315156E-03	 1.17567066E-02	 3.16676516E-01	 4.60265852E-02	 1.85746933E-04	 3.39679221E-05	 2.90958678E-05	-7.14617028E-06	-1.77259297E-03	 3.64100086E-04	 8.73847456E-03	 7.14974835E-02	 3.22687341E-01	 3.98630901E-03	 7.14767860E-04	-6.74299735E-04	-7.43564917E-05	-6.04391192E-08
 1.190000E-01	-4.48640767E-04	-3.95385923E-03	-7.35311588E-03	 7.67841706E-03	 3.12375862E-01	 4.86803599E-02	 9.24412232E-05	 6.93211972E-05	 3.73894833E-05	-8.73105677E-06	-1.85933731E-03	-2.84820814E-04	 7.86689108E-03	 7.42024204E-02	 3.70115029E-01	 7.67941674E-03	 7.91867814E-04	-7.41448971E-04	-7.87662642E-05	-3.52582632E-08
 1.200000E-01	-3.18538538E-04	-3.91330373E-03	-8.11225261E-03	 3.17038645E-03	 3.02309422E-01	 5.11290978E-02	-2.37316095E-05	 1.14116639E-04	 4.69117609E-05	-1.06600952E-05	-1.92565663E-03	-9.51083338E-04	 6.85522386E-03	 7.64733229E-02	 4.20464474E-01	 1.19254356E-02	 8.59608452E-04	-8.13206963E-04	-8.24519933E-05	-1.19039583E-07
 1.210000E-01	-1.85148185E-04	-3.81095470E-03	-8.77749209E-03	-1.73026353E-03	 2.85510318E-01	 5.32761583E-02	-1.63326217E-04	 1.70217962E-04	 5.76246964E-05	-1.29919066E-05	-1.97002377E-03	-1.62603925E-03	 5.70905711E-03	 7.82142268E-02	 4.73018933E-01	 1.67396069E-02	 9.11909013E-04	-8.88921760E-04	-8.50842289E-05	-3.81694216E-07
 1.220000E-01	-5.17170061E-05	-3.64492586E-03	-9.32550506E-03	-6.96720246E-03	 2.61066433E-01	 5.50139880E-02	-3.25486612E-04	 2.39657967E-04	 6.94109076E-05	-1.57834378E-05	-1.99143024E-03	-2.30004024E-03	 4.43887904E-03	 7.93297694E-02	 5.26785118E-01	 2.21171537E-02	 9.41826332E-04	-9.67485788E-04	-8.63102182E-05	-9.19467589E-07
 1.230000E-01	 7.82632516E-05	-3.41491345E-03	-9.73369055E-03	-1.24625022E-02	 2.28199399E-01	 5.62252512E-02	-5.07772858E-04	 3.24535051E-04	 8.20664297E-05	-1.90804055E-05	-1.98946455E-03	-2.96257889E-03	 3.06056180E-03	 7.97315218E-02	 5.80501885E-01	 2.80295518E-02	 9.41859931E-04	-1.04725074E-03	-8.57872618E-05	-1.85833292E-06
 1.240000E-01	 2.01182339E-04	-3.12244710E-03	-9.98143625E-03	-1.81167669E-02	 1.86340270E-01	 5.67885738E-02	-7.05733737E-04	 4.26864284E-04	 9.52867547E-05	-2.29057371E-05	-1.96439696E-03	-3.60263554E-03	 1.59535854E-03	 7.93423762E-02	 6.32650352E-01	 3.44226889E-02	 9.04351705E-04	-1.12596929E-03	-8.32053050E-05	-3.35340805E-06
 1.250000E-01	 3.13467883E-04	-2.77106271E-03	-1.00514724E-02	-2.38106781E-02	 1.35211086E-01	 5.65851294E-02	-9.12590094E-04	 5.48414611E-04	 1.08659728E-04	-2.72486328E-05	-1.91723392E-03	-4.20906580E-03	 6.96523476E-05	 7.81012493E-02	 6.81481450E-01	 4.12150611E-02	 8.22085472E-04	-1.20075604E-03	-7.83145085E-05	-5.58611932E-06
 1.260000E-01	 4.11759038E-04	-2.36638857E-03	-9.93125356E-03	-2.94079915E-02	 7.49066760E-02	 5.55057865E-02	-1.11914296E-03	 6.90539041E-04	 1.21671829E-04	-3.20549034E-05	-1.84973052E-03	-4.77102432E-03	-1.48559263E-03	 7.59680001E-02	 7.25070471E-01	 4.82953779E-02	 6.88942645E-04	-1.26807741E-03	-7.09586218E-05	-8.75924115E-06
 1.270000E-01	 4.93085814E-04	-1.91613859E-03	-9.61428845E-03	-3.47600674E-02	 5.96457555E-03	 5.34592708E-02	-1.31385742E-03	 8.53985399E-04	 1.33727668E-04	-3.72173361E-05	-1.76435678E-03	-5.27842759E-03	-3.03572083E-03	 7.29287278E-02	 7.61400802E-01	 5.55224869E-02	 5.00603655E-04	-1.32379135E-03	-6.11105762E-05	-1.30888345E-05
 1.280000E-01	 5.55044458E-04	-1.42998382E-03	-9.10125693E-03	-3.97119798E-02	-7.05869433E-02	 5.03806613E-02	-1.48316615E-03	 1.03869547E-03	 1.44182756E-04	-4.25665812E-05	-1.66421507E-03	-5.72243718E-03	-4.54371200E-03	 6.89999859E-02	 7.88474031E-01	 6.27287025E-02	 2.55330836E-04	-1.36324499E-03	-4.89058744E-05	-1.87923234E-05
 1.290000E-01	 5.95953791E-04	-9.19293129E-04	-8.40078997E-03	-4.41099512E-02	-1.53211326E-01	 4.62392580E-02	-1.61205379E-03	 1.24361698E-03	 1.52389606E-04	-4.78645590E-05	-1.55290861E-03	-6.09592617E-03	-5.97189211E-03	 6.42311224E-02	 8.04439750E-01	 6.97256020E-02	-4.52746614E-05	-1.38143361E-03	-3.46679145E-05	-2.60726808E-05
 1.300000E-01	 6.14976726E-04	-3.96747890E-04	-7.52980066E-03	-4.78096820E-02	-2.39884274E-01	 4.10452061E-02	-1.68490595E-03	 1.46655052E-03	 1.57754898E-04	-5.28020521E-05	-1.43436645E-03	-6.39389124E-03	-7.28391064E-03	 5.87045023E-02	 8.07734920E-01	 7.63121939E-02	-3.95664122E-04	-1.37322386E-03	-1.89195590E-05	-3.50992529E-05
 1.310000E-01	 6.12192261E-04	 1.24158657E-04	-6.51325718E-03	-5.06851186E-02	-3.28157175E-01	 3.48544438E-02	-1.68658800E-03	 1.70405126E-03	 1.59804448E-04	-5.70018249E-05	-1.31263512E-03	-6.61377287E-03	-8.44684373E-03	 5.25331539E-02	 7.97221399E-01	 8.22854223E-02	-7.85928575E-04	-1.33363085E-03	-2.37630373E-06	-4.59863297E-05
 1.320000E-01	 5.88601115E-04	 6.29708657E-04	-5.38329956E-03	-5.26365591E-02	-4.15266893E-01	 2.77694771E-02	-1.60379380E-03	 1.95140383E-03	 1.58255880E-04	-6.00276654E-05	-1.19164998E-03	-6.75562918E-03	-9.43323009E-03	 4.58567482E-02	 7.72313343E-01	 8.74517113E-02	-1.20173998E-03	-1.25813625E-03	 1.40811157E-05	-5.87709564E-05
 1.330000E-01	 5.46064297E-04	 1.10659499E-03	-4.17771518E-03	-5.35970570E-02	-4.98286808E-01	 1.99359680E-02	-1.42647347E-03	 2.20268772E-03	 1.53083710E-04	-6.14005529E-05	-1.07500948E-03	-6.82215419E-03	-1.02228830E-02	 3.88351889E-02	 7.33072735E-01	 9.16388042E-02	-1.62475496E-03	-1.14303397E-03	 2.94593353E-05	-7.33915462E-05
 1.340000E-01	 4.87183842E-04	 1.54255492E-03	-2.93792991E-03	-5.35367513E-02	-5.74304069E-01	 1.15367894E-02	-1.14907840E-03	 2.45094520E-03	 1.44560368E-04	-6.06227329E-05	-9.65775282E-04	-6.81854038E-03	-1.08042695E-02	 3.16395733E-02	 6.80252378E-01	 9.47071036E-02	-2.03344355E-03	-9.85769388E-04	 4.27297674E-05	-8.96700152E-05
 1.350000E-01	 4.15131621E-04	 1.92694757E-03	-1.70667016E-03	-5.24646817E-02	-6.40606966E-01	 2.78305111E-03	-7.71546325E-04	 2.68845100E-03	 1.33271616E-04	-5.72081610E-05	-8.66314130E-04	-6.75217021E-03	-1.11752551E-02	 2.44424290E-02	 6.15283583E-01	 9.65587742E-02	-2.40432857E-03	-7.85232643E-04	 5.29216440E-05	-1.07300713E-04
 1.360000E-01	 3.33440289E-04	 2.25123045E-03	-5.25467835E-04	-5.04277916E-02	-6.94865030E-01	-6.09731275E-03	-2.99904972E-04	 2.90706817E-03	 1.20102446E-04	-5.07170313E-05	-7.78195836E-04	-6.63216161E-03	-1.13431426E-02	 1.74079646E-02	 5.40207910E-01	 9.71438215E-02	-2.71355139E-03	-5.41976018E-04	 5.92212494E-05	-1.25848252E-04
 1.370000E-01	 2.45775521E-04	 2.50929605E-03	 5.67766582E-04	-4.75072008E-02	-7.35283610E-01	-1.48722711E-02	 2.53610081E-04	 3.09866529E-03	 1.06190913E-04	-4.07916100E-05	-7.02156404E-04	-6.46880579E-03	-1.13239835E-02	 1.06831025E-02	 4.57557151E-01	 9.64626185E-02	-2.93862182E-03	-2.58329961E-04	 6.10667111E-05	-1.44755562E-04
 1.380000E-01	 1.55710438E-04	 2.69764280E-03	 1.54087718E-03	-4.38121635E-02	-7.60716974E-01	-2.33185225E-02	 8.70974572E-04	 3.25556274E-03	 9.28518383E-05	-2.71900784E-05	-6.38128196E-04	-6.27294418E-03	-1.11412193E-02	 4.39010250E-03	 3.70192265E-01	 9.45646618E-02	-3.06018102E-03	 6.15992670E-05	 5.82269469E-05	-1.63362485E-04
 1.390000E-01	 6.65219690E-05	 2.81537157E-03	 2.36910957E-03	-3.94723798E-02	-7.70728695E-01	-3.12332359E-02	 1.52931144E-03	 3.37096931E-03	 8.14764853E-05	-9.81501554E-06	-5.85331666E-04	-6.05533633E-03	-1.08237777E-02	-1.37861131E-03	 2.81117191E-01	 9.15437602E-02	-3.06359097E-03	 4.12055752E-04	 5.08542485E-05	-1.80934252E-04
 1.400000E-01	-1.89744893E-05	 2.86401793E-03	 3.03614375E-03	-3.46293979E-02	-7.65594753E-01	-3.84437193E-02	 2.20225809E-03	 3.43936895E-03	 7.34182806E-05	 1.12666508E-05	-5.42416955E-04	-5.82606980E-03	-1.04038073E-02	-6.56287933E-03	 1.93286501E-01	 8.75297106E-02	-2.94020914E-03	 7.85876186E-04	 3.95024420E-05	-1.96697897E-04
 1.410000E-01	-9.85366645E-05	 2.84723994E-03	 3.53444117E-03	-2.94266183E-02	-7.46250031E-01	-4.48133534E-02	 2.86172482E-03	 3.45682601E-03	 6.98730770E-05	 3.58144348E-05	-5.07636989E-04	-5.59405609E-03	-9.91431896E-03	-1.11345918E-02	 1.09424330E-01	 8.26768415E-02	-2.68821905E-03	 1.17483669E-03	 2.51060960E-05	-2.09883339E-04
 1.420000E-01	-1.70535340E-04	 2.77038394E-03	 3.86472081E-03	-2.40009903E-02	-7.14180503E-01	-5.02449835E-02	 3.48000475E-03	 3.42119588E-03	 7.17546372E-05	 6.34154270E-05	-4.79026352E-04	-5.36669032E-03	-9.38706582E-03	-1.50956803E-02	 3.18674413E-02	 7.71560445E-02	-2.31265537E-03	 1.57003144E-03	 8.91340063E-06	-2.19765489E-04
 1.430000E-01	-2.33937905E-04	 2.63999605E-03	 4.03477800E-03	-1.84800757E-02	-6.71281862E-01	-5.46845275E-02	 4.03174262E-03	 3.33222823E-03	 7.96005000E-05	 9.34973150E-05	-4.54571372E-04	-5.14968971E-03	-8.85074434E-03	-1.84726899E-02	-3.75462479E-02	 7.11480584E-02	-1.82480658E-03	 1.96226553E-03	-7.61582914E-06	-2.25705195E-04
 1.440000E-01	-2.88258738E-04	 2.46334728E-03	 4.05809464E-03	-1.29783945E-02	-6.19703126E-01	-5.81184880E-02	 4.49538389E-03	 3.19154330E-03	 9.35311978E-05	 1.25353576E-04	-4.32361235E-04	-4.94701370E-03	-8.32951866E-03	-2.13108945E-02	-9.75342078E-02	 6.48312664E-02	-1.24139592E-03	 2.34253758E-03	-2.29214158E-05	-2.27189552E-04
 1.450000E-01	-3.33477346E-04	 2.24799337E-03	 3.95227754E-03	-7.59193628E-03	-5.61686116E-01	-6.05658873E-02	 4.85429372E-03	 3.00248406E-03	 1.13244861E-04	 1.58178217E-04	-4.10708110E-04	-4.76086431E-03	-7.84208171E-03	-2.36703749E-02	-1.47379992E-01	 5.83707728E-02	-5.83370807E-04	 2.70252474E-03	-3.54559471E-05	-2.23865772E-04
 1.460000E-01	-3.69934819E-04	 2.00139039E-03	 3.73737716E-03	-2.39686315E-03	-4.99421500E-01	-6.20724751E-02	 5.09753828E-03	 2.76986975E-03	 1.38044204E-04	 1.91107539E-04	-3.88233164E-04	-4.59182236E-03	-7.40129734E-03	-2.56208315E-02	-1.86902363E-01	 5.19127712E-02	 1.25632689E-04	 3.03494170E-03	-4.37957218E-05	-2.15560078E-04
 1.470000E-01	-3.98223293E-04	 1.73058607E-03	 3.43428669E-03	 2.54901311E-03	-4.34931980E-01	-6.27050677E-02	 5.22015285E-03	 2.49967852E-03	 1.66894298E-04	 2.23264326E-04	-3.63916188E-04	-4.43908006E-03	-7.01428894E-03	-2.72359619E-02	-2.16389650E-01	 4.55814307E-02	 8.60872758E-04	 3.33378913E-03	-4.67384995E-05	-2.02282345E-04
 1.480000E-01	-4.19080503E-04	 1.44200007E-03	 3.06338597E-03	 7.20439875E-03	-3.69986546E-01	-6.25447261E-02	 5.22292241E-03	 2.19869238E-03	 1.98504904E-04	 2.53800486E-04	-3.37110904E-04	-4.30071786E-03	-6.68290054E-03	-2.85889269E-02	-2.36510717E-01	 3.94771820E-02	 1.59800001E-03	 3.59451099E-03	-4.33783079E-05	-1.84219358E-04
 1.490000E-01	-4.33299517E-04	 1.14129644E-03	 2.64351328E-03	 1.15420917E-02	-3.06048216E-01	-6.16805413E-02	 5.11175945E-03	 1.87413573E-03	 2.31429062E-04	 2.81935345E-04	-3.07532678E-04	-4.17399916E-03	-6.40443840E-03	-2.97489381E-02	-2.48214308E-01	 3.36767313E-02	 2.31437825E-03	 3.81405192E-03	-3.31521135E-05	-1.61717953E-04
 1.500000E-01	-4.41661233E-04	 8.33342765E-04	 2.19131609E-03	 1.55462533E-02	-2.44254427E-01	-6.02045100E-02	 4.89674497E-03	 1.53332279E-03	 2.64168329E-04	 3.06987333E-04	-2.75226737E-04	-4.05565620E-03	-6.17255823E-03	-3.07784359E-02	-2.52627137E-01	 2.82337289E-02	 2.99011689E-03	 3.99082272E-03	-1.58562011E-05	-1.35259782E-04
 1.510000E-01	-4.44888559E-04	 5.22239809E-04	 1.72097694E-03	 1.92098461E-02	-1.85424441E-01	-5.82075163E-02	 4.59106175E-03	 1.18334002E-03	 2.95271195E-04	 3.28396903E-04	-2.40519958E-04	-3.94215855E-03	-5.97827062E-03	-3.17302395E-02	-2.50960153E-01	 2.31789468E-02	 3.60875285E-03	 4.12458466E-03	 8.36208823E-06	-1.05430254E-04
 1.520000E-01	-4.43604659E-04	 2.11374127E-04	 1.24399309E-03	 2.25324272E-02	-1.30077879E-01	-5.57757837E-02	 4.21005903E-03	 8.30834440E-04	 3.23403216E-04	 3.45738895E-04	-2.03942625E-04	-3.82994724E-03	-5.81114287E-03	-3.26484793E-02	-2.44430492E-01	 1.85257145E-02	 4.15784020E-03	 4.21628611E-03	 3.90176994E-05	-7.28893956E-05
 1.530000E-01	-4.38310198E-04	-9.64921685E-05	 7.69141879E-04	 2.55176793E-02	-7.84668645E-02	-5.29883201E-02	 3.77024825E-03	 4.81854937E-04	 3.47406495E-04	 3.58727847E-04	-1.66146739E-04	-3.71561348E-03	-5.66038865E-03	-3.35706236E-02	-2.34199957E-01	 1.42761243E-02	 4.62929373E-03	 4.26788742E-03	 7.53262324E-05	-3.83429110E-05
 1.540000E-01	-4.29395191E-04	-3.99080479E-04	 3.02896945E-04	 2.81711380E-02	-3.06269538E-02	-4.99159325E-02	 3.28821256E-03	 1.41701335E-04	 3.66358688E-04	 3.67217914E-04	-1.27850633E-04	-3.59602296E-03	-5.51558355E-03	-3.45270701E-02	-2.21331394E-01	 1.04225026E-02	 5.01917000E-03	 4.28216423E-03	 1.16280419E-04	-2.51019588E-06
 1.550000E-01	-4.17164975E-04	-6.94454534E-04	-1.50008071E-04	 3.04988412E-02	 1.35681260E-02	-4.66210915E-02	 2.77971271E-03	-1.85157720E-04	 3.79606995E-04	 3.71195440E-04	-8.97971589E-05	-3.46839410E-03	-5.36714635E-03	-3.55414726E-02	-2.06764866E-01	 6.94934901E-03	 5.32714701E-03	 4.26249228E-03	 1.60733881E-04	 3.39046666E-05
 1.560000E-01	-4.01870742E-04	-9.80896462E-04	-5.86036263E-04	 3.25064227E-02	 5.43563025E-02	-4.31581472E-02	 2.25904043E-03	-4.95104952E-04	 3.86775335E-04	 3.70765518E-04	-5.27215428E-05	-3.33034189E-03	-5.20664845E-03	-3.66314705E-02	-1.91309905E-01	 3.83543737E-03	 5.55589604E-03	 4.21264317E-03	 2.07479383E-04	 7.02368445E-05
 1.570000E-01	-3.83740456E-04	-1.25680213E-03	-1.00236655E-03	 3.41984323E-02	 9.20443371E-02	-3.95735812E-02	 1.73862836E-03	-7.85349566E-04	 3.87750526E-04	 3.66134512E-04	-1.73277516E-05	-3.17989605E-03	-5.02697895E-03	-3.78094028E-02	-1.75649769E-01	 1.05553747E-03	 5.71042289E-03	 4.13660379E-03	 2.55316639E-04	 1.05879128E-04
 1.580000E-01	-3.63006888E-04	-1.52059818E-03	-1.39647906E-03	 3.55784910E-02	 1.26973098E-01	-3.59067005E-02	 1.22882756E-03	-1.05387221E-03	 3.82653572E-04	 3.57590473E-04	 1.57291314E-05	-3.01550037E-03	-4.82242770E-03	-3.90830123E-02	-1.60353658E-01	-1.41805905E-03	 5.79747138E-03	 4.03842495E-03	 3.03106773E-04	 1.40294864E-04
 1.590000E-01	-3.39933037E-04	-1.77067919E-03	-1.76577415E-03	 3.66494823E-02	 1.59489610E-01	-3.21915202E-02	 7.37865333E-04	-1.29934453E-03	 3.71799185E-04	 3.45482759E-04	 4.58573341E-05	-2.83601181E-03	-4.58875185E-03	-4.04560539E-02	-1.45892927E-01	-3.61419802E-03	 5.82498642E-03	 3.92209314E-03	 3.49813470E-04	 1.73025960E-04
 1.600000E-01	-3.14831872E-04	-2.00536685E-03	-2.10734461E-03	 3.74122948E-02	 1.89925803E-01	-2.84574866E-02	 2.72072659E-04	-1.52102563E-03	 3.55649479E-04	 3.30202258E-04	 7.25400216E-05	-2.64070562E-03	-4.32317367E-03	-4.19286186E-02	-1.32659363E-01	-5.56194665E-03	 5.80157911E-03	 3.79143712E-03	 3.94530539E-04	 2.03695056E-04
 1.610000E-01	-2.88077142E-04	-2.22289388E-03	-2.41793814E-03	 3.78654150E-02	 2.18585473E-01	-2.47289235E-02	-1.63867032E-04	-1.71865839E-03	 3.34771916E-04	 3.12164100E-04	 9.53431551E-05	-2.42926123E-03	-4.02428381E-03	-4.34976599E-02	-1.20984076E-01	-7.28964336E-03	 5.73611193E-03	 3.65008751E-03	 4.36497677E-04	 2.32002602E-04
 1.620000E-01	-2.60116550E-04	-2.42139370E-03	-2.69383444E-03	 3.80061561E-02	 2.45735486E-01	-2.10257692E-02	-5.66813445E-04	-1.89239553E-03	 3.09804036E-04	 2.91792313E-04	 1.13915039E-04	-2.20174799E-03	-3.69191450E-03	-4.51566013E-02	-1.11154665E-01	-8.82569666E-03	 5.63735782E-03	 3.50143717E-03	 4.75112850E-04	 2.57724085E-04
 1.630000E-01	-2.31481700E-04	-2.59890153E-03	-2.93073814E-03	 3.78312770E-02	 2.71597963E-01	-1.73647043E-02	-9.34941111E-04	-2.04272008E-03	 2.81417735E-04	 2.69505936E-04	 1.27988094E-04	-1.95862937E-03	-3.32709066E-03	-4.68948950E-02	-1.03429966E-01	-1.01993442E-02	 5.51371198E-03	 3.34859882E-03	 5.09933135E-04	 2.80705674E-04
 1.640000E-01	-2.02784201E-04	-2.75338093E-03	-3.12388430E-03	 3.73369791E-02	 2.96344289E-01	-1.37597489E-02	-1.26736189E-03	-2.17034452E-03	 2.50283416E-04	 2.45707363E-04	 1.37392416E-04	-1.70077257E-03	-2.93208285E-03	-4.86986046E-02	-9.80521728E-02	-1.14396186E-02	 5.37307688E-03	 3.19439864E-03	 5.40659643E-04	 3.00855870E-04
 1.650000E-01	-1.74704588E-04	-2.88276332E-03	-3.26823064E-03	 3.65190456E-02	 3.20089658E-01	-1.02227148E-02	-1.56377785E-03	-2.27612232E-03	 2.17040588E-04	 2.20772768E-04	 1.42073409E-04	-1.42946439E-03	-2.51049119E-03	-5.05505905E-02	-9.52558926E-02	-1.25748984E-02	 5.22283785E-03	 3.04138496E-03	 5.67119161E-04	 3.18136812E-04
 1.660000E-01	-1.47974841E-04	-2.98499706E-03	-3.35869868E-03	 3.53731302E-02	 3.42886606E-01	-6.76370065E-03	-1.82416172E-03	-2.36096937E-03	 1.82275148E-04	 1.95044556E-04	 1.42110558E-04	-1.14642983E-03	-2.06734297E-03	-5.24305064E-02	-9.52739667E-02	-1.36327978E-02	 5.06985342E-03	 2.89184072E-03	 5.89246895E-04	 3.32556231E-04
 1.670000E-01	-1.23353436E-04	-3.05810933E-03	-3.39047935E-03	 3.38951013E-02	 3.64717009E-01	-3.39158889E-03	-2.04845720E-03	-2.42579159E-03	 1.46502812E-04	 1.68825326E-04	 1.37735670E-04	-8.53850567E-04	-1.60917928E-03	-5.43147667E-02	-9.83396145E-02	-1.46401175E-02	 4.92043627E-03	 2.74779577E-03	 6.07071887E-04	 3.44159979E-04
 1.680000E-01	-1.01592670E-04	-3.10028172E-03	-3.35940763E-03	 3.20814455E-02	 3.85482638E-01	-1.14546084E-04	-2.23630255E-03	-2.47141757E-03	 1.10158165E-04	 1.42373278E-04	 1.29348232E-04	-5.54378717E-04	-1.14410153E-03	-5.61764801E-02	-1.04684197E-01	-1.56228380E-02	 4.78030566E-03	 2.61103581E-03	 6.20706155E-04	 3.53026000E-04
 1.690000E-01	-8.33981782E-05	-3.10993997E-03	-3.26240032E-03	 2.99297438E-02	 4.04994849E-01	 3.05946554E-03	-2.38678283E-03	-2.49853615E-03	 7.35889795E-05	 1.15899003E-04	 1.17524925E-04	-2.51141074E-04	-6.81747825E-04	-5.79853493E-02	-1.14529746E-01	-1.66061276E-02	 4.65449272E-03	 2.48310365E-03	 6.30338240E-04	 3.59260267E-04
 1.700000E-01	-6.93812907E-05	-3.08585670E-03	-3.09794072E-03	 2.74391950E-02	 4.22964690E-01	 6.12211467E-03	-2.49821978E-03	-2.50763857E-03	 3.70565446E-05	 8.95638717E-05	 1.03020052E-04	 5.22723258E-05	-2.33167990E-04	-5.97076472E-02	-1.28075353E-01	-1.76141543E-02	 4.54719060E-03	 2.36529295E-03	 6.36231521E-04	 3.62994756E-04
 1.710000E-01	-6.00082207E-05	-3.02726142E-03	-2.86656118E-03	 2.46112616E-02	 4.38996076E-01	 9.06390729E-03	-2.56806547E-03	-2.49897253E-03	 7.43757429E-07	 6.34808304E-05	 8.67526313E-05	 3.51843958E-04	 1.89450880E-04	-6.13063767E-02	-1.45476755E-01	-1.86695357E-02	 4.46155137E-03	 2.25863564E-03	 6.38728034E-04	 3.64388006E-04
 1.720000E-01	-5.55570536E-05	-2.93395541E-03	-2.57122332E-03	 2.14511174E-02	 4.52585443E-01	 1.18732400E-02	-2.59301697E-03	-2.47253038E-03	-3.52271966E-05	 3.77167540E-05	 6.97745665E-05	 6.43185768E-04	 5.73250010E-04	-6.27407651E-02	-1.66819716E-01	-1.97938770E-02	 4.39937712E-03	 2.16384808E-03	 6.38255968E-04	 3.63628106E-04
 1.730000E-01	-5.60798227E-05	-2.80642645E-03	-2.21762889E-03	 1.79684053E-02	 4.63128177E-01	 1.45358198E-02	-2.56915856E-03	-2.42804853E-03	-7.07698035E-05	 1.22974685E-05	 5.32232244E-05	 9.21619811E-04	 9.05325223E-04	-6.39655861E-02	-1.92088976E-01	-2.10082871E-02	 4.36072955E-03	 2.08125717E-03	 6.35333036E-04	 3.60936058E-04
 1.740000E-01	-6.13686213E-05	-2.64595312E-03	-1.81446620E-03	 1.41778061E-02	 4.69934416E-01	 1.70352275E-02	-2.49203655E-03	-2.36500554E-03	-1.05804317E-04	-1.27837112E-05	 3.82653404E-05	 1.18230563E-03	 1.17348604E-03	-6.49314290E-02	-2.21134884E-01	-2.23331140E-02	 4.34358529E-03	 2.01074918E-03	 6.30563706E-04	 3.56568525E-04
 1.750000E-01	-7.09361725E-05	-2.45468203E-03	-1.37341380E-03	 1.01020412E-02	 4.72257195E-01	 1.93522520E-02	-2.35704821E-03	-2.28266938E-03	-1.40228089E-04	-3.75549371E-05	 2.60333043E-05	 1.42041700E-03	 1.36700953E-03	-6.55865881E-02	-2.53639624E-01	-2.37870258E-02	 4.34368436E-03	 1.95171289E-03	 6.24632416E-04	 3.50822115E-04
 1.760000E-01	-8.40134434E-05	-2.23566961E-03	-9.08913119E-04	 5.77392332E-03	 4.69331479E-01	 2.14627617E-02	-2.16010977E-03	-2.18019585E-03	-1.73882962E-04	-6.20512666E-05	 1.75499926E-05	 1.63132875E-03	 1.47737577E-03	-6.58792589E-02	-2.89085943E-01	-2.53847223E-02	 4.35450596E-03	 1.90296456E-03	 6.18287302E-04	 3.44037606E-04
 1.770000E-01	-9.95715983E-05	-1.99288877E-03	-4.37751465E-04	 1.23616501E-03	 4.60425115E-01	 2.33377646E-02	-1.89825163E-03	-2.05674523E-03	-2.06517783E-04	-8.62968511E-05	 1.36465237E-05	 1.81080982E-03	 1.49912909E-03	-6.57584876E-02	-3.26734751E-01	-2.71353122E-02	 4.36724271E-03	 1.86268728E-03	 6.12312708E-04	 3.36599703E-04
 1.780000E-01	-1.16371786E-04	-1.73118429E-03	 2.16672787E-05	-3.45796748E-03	 4.44901800E-01	 2.49445977E-02	-1.57022092E-03	-1.91162341E-03	-2.37754278E-04	-1.10285555E-04	 1.48869885E-05	 1.95524108E-03	 1.43067703E-03	-6.51757552E-02	-3.65618299E-01	-2.90412994E-02	 4.37094787E-03	 1.82841133E-03	 6.07492504E-04	 3.28931660E-04
 1.790000E-01	-1.33038665E-04	-1.45616439E-03	 4.50343865E-04	-8.24355154E-03	 4.22291442E-01	 2.62477062E-02	-1.17717984E-03	-1.74445350E-03	-2.67063630E-04	-1.33961455E-04	 2.15082194E-05	 2.06183538E-03	 1.27481393E-03	-6.40878767E-02	-4.04552767E-01	-3.10970731E-02	 4.35296688E-03	 1.79703598E-03	 6.04563129E-04	 3.21485002E-04
 1.800000E-01	-1.48153333E-04	-1.17403131E-03	 8.29872729E-04	-1.30439020E-02	 3.92361058E-01	 2.72099941E-02	-7.23332001E-04	-1.55536065E-03	-2.93757081E-04	-1.57200981E-04	 3.33810617E-05	 2.12883484E-03	 1.03894640E-03	-6.24603759E-02	-4.42173085E-01	-3.32874316E-02	 4.29960296E-03	 1.76489763E-03	 6.04156885E-04	 3.14723294E-04
 1.810000E-01	-1.60357980E-04	-8.91356330E-04	 1.14370614E-03	-1.77715857E-02	 3.55177748E-01	 2.77950191E-02	-2.16339285E-04	-1.34514697E-03	-3.16994978E-04	-1.79799215E-04	 5.00002513E-05	 2.15566822E-03	 7.34975680E-04	-6.02709697E-02	-4.76991148E-01	-3.55866360E-02	 4.19697994E-03	 1.72788905E-03	 6.06739425E-04	 3.09099762E-04
 1.820000E-01	-1.68459094E-04	-6.14806231E-04	 1.37835173E-03	-2.23309403E-02	 3.11154752E-01	 2.79697257E-02	 3.32548111E-04	-1.11543678E-03	-3.35818016E-04	-2.01462030E-04	 7.05063774E-05	 2.14305138E-03	 3.78778650E-04	-5.75132087E-02	-5.07474291E-01	-3.79574086E-02	 4.03208690E-03	 1.68165280E-03	 6.12550612E-04	 3.05030704E-04
 1.830000E-01	-1.71522793E-04	-3.50840071E-04	 1.52441869E-03	-2.66216117E-02	 2.61074642E-01	 2.77074822E-02	 9.08647165E-04	-8.68777845E-04	-3.49198699E-04	-2.21806368E-04	 9.37398461E-05	 2.09301622E-03	-1.06668831E-05	-5.41995593E-02	-5.32140419E-01	-4.03507926E-02	 3.79390361E-03	 1.62182588E-03	 6.21554542E-04	 3.02866171E-04
 1.840000E-01	-1.68955418E-04	-1.05399399E-04	 1.57743295E-03	-3.05427183E-02	 2.06084147E-01	 2.69912558E-02	 1.49430900E-03	-6.08681713E-04	-3.56109377E-04	-2.40370286E-04	 1.18324169E-04	 2.00885710E-03	-4.12457502E-04	-5.03634130E-02	-5.49663732E-01	-4.27076175E-02	 3.47446925E-03	 1.54430207E-03	 6.33403184E-04	 3.02859577E-04
 1.850000E-01	-1.60556077E-04	 1.16386180E-04	 1.53827790E-03	-3.39979983E-02	 1.47655695E-01	 2.58166277E-02	 2.06973206E-03	-3.39586138E-04	-3.55604174E-04	-2.56632653E-04	 1.42771836E-04	 1.89499155E-03	-8.05182398E-04	-4.60600672E-02	-5.58979879E-01	-4.49607902E-02	 3.06980710E-03	 1.44551443E-03	 6.47422216E-04	 3.05139934E-04
 1.860000E-01	-1.46533834E-04	 3.10450354E-04	 1.41317905E-03	-3.69014907E-02	 8.75158783E-02	 2.41942207E-02	 2.61406204E-03	-6.67354257E-05	-3.46908716E-04	-2.70042241E-04	 1.65602625E-04	 1.75674262E-03	-1.16844230E-03	-4.13663024E-02	-5.59378619E-01	-4.70384564E-02	 2.58059734E-03	 1.32271219E-03	 6.62624283E-04	 3.09690151E-04
 1.870000E-01	-1.27487180E-04	 4.73973586E-04	 1.21322035E-03	-3.91831408E-02	 2.75455467E-02	 2.21511867E-02	 3.10669858E-03	 2.04021984E-04	-3.29506982E-04	-2.80054267E-04	 1.85462067E-04	 1.60005881E-03	-1.48429914E-03	-3.63780794E-02	-5.50573003E-01	-4.88682011E-02	 2.01246259E-03	 1.17419808E-03	 6.77750996E-04	 3.16334297E-04
 1.880000E-01	-1.04348161E-04	 6.05480431E-04	 9.53440800E-04	-4.07937758E-02	-3.03397852E-02	 1.97319268E-02	 3.52872994E-03	 4.66527766E-04	-3.03213005E-04	-2.86170489E-04	 2.01226578E-04	 1.43119021E-03	-1.73847290E-03	-3.12059372E-02	-5.32736650E-01	-5.03819195E-02	 1.37584712E-03	 9.99498345E-04	 6.91341769E-04	 3.24735485E-04
 1.890000E-01	-7.82959346E-05	 7.04853036E-04	 6.51617887E-04	-4.17089226E-02	-8.43194840E-02	 1.69967514E-02	 3.86421438E-03	 7.14616030E-04	-2.68226928E-04	-2.87980870E-04	 2.12085275E-04	 1.25635024E-03	-1.92126224E-03	-2.59698916E-02	-5.06501755E-01	-5.15199353E-02	 6.85545073E-04	 7.99460415E-04	 7.01828720E-04	 3.34408343E-04
 1.900000E-01	-5.06504268E-05	 7.73251969E-04	 3.26826269E-04	-4.19308692E-02	-1.32791140E-01	 1.40190353E-02	 4.10122240E-03	 9.42429859E-04	-2.25162186E-04	-2.85202169E-04	 2.17590675E-04	 1.08139485E-03	-2.02806667E-03	-2.07936469E-02	-4.72916850E-01	-5.22351292E-02	-4.02093418E-05	 5.76248085E-04	 7.07646334E-04	 3.44743818E-04
 1.910000E-01	-2.27592711E-05	 8.12945576E-04	-2.06147096E-06	-4.14887317E-02	-1.74473633E-01	 1.08818433E-02	 4.23266185E-03	 1.14477236E-03	-1.75032071E-04	-2.77707757E-04	 2.17671930E-04	 9.11543329E-04	-2.05935725E-03	-1.57971385E-02	-4.33369372E-01	-5.24972986E-02	-7.81052381E-04	 3.33212341E-04	 7.07341731E-04	 3.55042499E-04
 1.920000E-01	 4.11255003E-06	 8.27079953E-04	-3.17784579E-04	-4.04370263E-02	-2.08481062E-01	 7.67338366E-03	 4.25667342E-03	 1.31739359E-03	-1.19205487E-04	-2.65545920E-04	 2.12608626E-04	 7.51160541E-04	-2.02019485E-03	-1.10893579E-02	-3.89477964E-01	-5.22949079E-02	-1.51587861E-03	 7.47148722E-05	 6.99687489E-04	 3.64559643E-04
 1.930000E-01	 2.88749744E-05	 8.19411178E-04	-6.05827647E-04	-3.88519527E-02	-2.34359260E-01	 4.48189959E-03	 4.17653849E-03	 1.45719803E-03	-5.93333116E-05	-2.48944955E-04	 2.02974489E-04	 6.03620300E-04	-1.91938600E-03	-6.76243130E-03	-3.42970012E-01	-5.16351107E-02	-2.22419373E-03	-1.94113940E-04	 6.83777552E-04	 3.72554805E-04
 1.940000E-01	 5.06766532E-05	 7.94024216E-04	-8.55141430E-04	-3.68255600E-02	-2.52084199E-01	 1.39055281E-03	 4.00017217E-03	 1.56236857E-03	 2.75018044E-06	-2.28304699E-04	 1.89562983E-04	 4.71253766E-04	-1.76840544E-03	-2.88726874E-03	-2.95560901E-01	-5.05432064E-02	-2.88740536E-03	-4.67703085E-04	 6.59087587E-04	 3.78338150E-04
 1.950000E-01	 6.89400729E-05	 7.55064567E-04	-1.05849589E-03	-3.44593743E-02	-2.62025488E-01	-1.52701871E-03	 3.73929447E-03	 1.63239616E-03	 6.51383667E-05	-2.04174999E-04	 1.73301721E-04	 3.55372696E-04	-1.58022999E-03	 4.88976810E-04	-2.48843756E-01	-4.90605164E-02	-3.48987115E-03	-7.40373598E-04	 6.25504524E-04	 3.81312093E-04
 1.960000E-01	 8.33679710E-05	 7.06502395E-04	-1.21246724E-03	-3.18578843E-02	-2.64881117E-01	-4.21013677E-03	 3.40838148E-03	 1.66801985E-03	 1.25964326E-04	-1.77223858E-04	 1.55165600E-04	 2.56359559E-04	-1.36818733E-03	 3.34356408E-03	-2.04199114E-01	-4.72410360E-02	-4.01961920E-03	-1.00665018E-03	 5.83324212E-04	 3.81004834E-04
 1.970000E-01	 9.39240874E-05	 6.51945151E-04	-1.31709862E-03	-2.91223614E-02	-2.61592668E-01	-6.61329848E-03	 3.02351450E-03	 1.67108929E-03	 1.83503739E-04	-1.48198695E-04	 1.36097993E-04	 1.73808206E-04	-1.14493461E-03	 5.67696627E-03	-1.62731691E-01	-4.51473736E-02	-4.46871241E-03	-1.26153278E-03	 5.33218325E-04	 3.77092998E-04
 1.980000E-01	 1.00793963E-04	 5.94507431E-04	-1.37531260E-03	-2.63455240E-02	-2.53251573E-01	-8.70708829E-03	 2.60124557E-03	 1.64436862E-03	 2.36260577E-04	-1.17884408E-04	 1.16946941E-04	 1.06695382E-04	-9.21652292E-04	 7.51011600E-03	-1.25237405E-01	-4.28464399E-02	-4.83326874E-03	-1.50071059E-03	 4.76175375E-04	 3.69412169E-04
 1.990000E-01	 1.04332991E-04	 5.36739130E-04	-1.39217250E-03	-2.36074331E-02	-2.41006770E-01	-1.04778397E-02	 2.15758352E-03	 1.59130614E-03	 2.83030228E-04	-8.70619043E-05	 9.84205348E-05	 5.35628169E-05	-7.07506365E-04	 8.88054228E-03	-9.21999640E-02	-4.04053293E-02	-5.11318682E-03	-1.72070872E-03	 4.13423150E-04	 3.57955379E-04
 2.000000E-01	 1.05009739E-04	 4.80607782E-04	-1.37412440E-03	-2.09731854E-02	-2.25982102E-01	-1.19259807E-02	 1.70717152E-03	 1.51578693E-03	 3.22933057E-04	-5.64714036E-05	 8.10624614E-05	 1.26911293E-05	-5.09394416E-04	 9.83760904E-03	-6.38131593E-02	-3.78874848E-02	-5.31157831E-03	-1.91894777E-03	 3.46345735E-04	 3.42862032E-04
 2.010000E-01	 1.03350222E-04	 4.27526342E-04	-1.32828336E-03	-1.84922843E-02	-2.09210079E-01	-1.30635101E-02	 1.26270841E-03	 1.42189316E-03	 3.55419925E-04	-2.67829625E-05	 6.52463119E-05	-1.77457386E-05	-3.31920004E-04	 1.04375261E-02	-4.00227229E-02	-3.53495551E-02	-5.43400849E-03	-2.09372080E-03	 2.76402871E-04	 3.24399651E-04
 2.020000E-01	 9.98882067E-05	 3.78411810E-04	-1.26174167E-03	-1.61984470E-02	-1.91587753E-01	-1.39117072E-02	 8.34608983E-04	 1.31370074E-03	 3.80262573E-04	 1.42653466E-06	 5.11877868E-05	-3.95503193E-05	-1.77565579E-04	 1.07391397E-02	-2.05801211E-02	-3.28400354E-02	-5.48786121E-03	-2.24417649E-03	 2.05040450E-04	 3.02935709E-04
 2.030000E-01	 9.51275706E-05	 3.33761638E-04	-1.18104950E-03	-1.41104919E-02	-1.73853029E-01	-1.44986404E-02	 4.30870512E-04	 1.19510869E-03	 3.97525444E-04	 2.76879181E-05	 3.89678535E-05	-5.44062808E-05	-4.70364462E-05	 1.08003873E-02	-5.09939322E-03	-3.03986453E-02	-5.48172200E-03	-2.37026083E-03	 1.33613725E-04	 2.78906652E-04
 2.040000E-01	 8.95169037E-05	 2.93739872E-04	-1.09193874E-03	-1.22348740E-02	-1.56576515E-01	-1.48561294E-02	 5.71380162E-05	 1.06970109E-03	 4.07516201E-04	 5.16442587E-05	 2.85592386E-05	-6.38193163E-05	 6.03379713E-05	 1.06751985E-02	 6.88884540E-03	-2.80557105E-02	-5.42465025E-03	-2.47256795E-03	 6.33420467E-05	 2.52791263E-04
 2.050000E-01	 8.34340820E-05	 2.58263765E-04	-9.99163914E-04	-1.05684405E-02	-1.40167533E-01	-1.50171863E-02	-2.83071836E-04	 9.40658693E-04	 4.10730981E-04	 7.30484580E-05	 1.98550476E-05	-6.90846942E-05	 1.46216140E-04	 1.04114421E-02	 1.58892902E-02	-2.58325358E-02	-5.32560092E-03	-2.55219237E-03	-4.72275526E-06	 2.25085134E-04
 2.060000E-01	 7.71805502E-05	 2.27082713E-04	-9.06442182E-04	-9.10095806E-03	-1.24891308E-01	-1.50141401E-02	-5.88056660E-04	 8.10715548E-04	 4.07801526E-04	 9.17558144E-05	 1.26967884E-05	-7.12782790E-05	 2.12876568E-04	 1.00499553E-02	 2.24029888E-02	-2.37424648E-02	-5.19303486E-03	-2.61059699E-03	-6.97156890E-05	 1.96277842E-04
 2.070000E-01	 7.09835824E-05	 1.99845042E-04	-8.16499146E-04	-7.81751256E-03	-1.10892728E-01	-1.48772541E-02	-8.57578901E-04	 6.82148027E-04	 3.99444383E-04	 1.07712377E-04	 6.89885016E-06	-7.12661399E-05	 2.62893994E-04	 9.62425363E-03	 2.68990401E-02	-2.17921685E-02	-5.03465206E-03	-2.64948956E-03	-1.30963064E-04	 1.66834754E-04
 2.080000E-01	 6.50038254E-05	 1.76150262E-04	-7.31185096E-04	-6.70061054E-03	-9.82225040E-02	-1.46338298E-02	-1.09251598E-03	 5.56789953E-04	 3.86415742E-04	 1.20940884E-04	 2.26798043E-06	-6.97257110E-05	 2.98886917E-04	 9.16081805E-03	 2.97966913E-02	-1.99830234E-02	-4.85723817E-03	-2.67071400E-03	-1.87975061E-04	 1.37183745E-04
 2.090000E-01	 5.93457847E-05	 1.55587216E-04	-6.51626098E-04	-5.73185507E-03	-8.68625710E-02	-1.43077532E-02	-1.29453751E-03	 4.36066369E-04	 3.69474157E-04	 1.31525857E-04	-1.38261265E-06	-6.71728852E-05	 3.23340472E-04	 8.67979717E-03	 3.14564851E-02	-1.83124486E-02	-4.66660906E-03	-2.67616127E-03	-2.40429926E-04	 1.07706539E-04
 2.100000E-01	 5.40693165E-05	 1.37759727E-04	-5.78383908E-04	-4.89317075E-03	-7.67485907E-02	-1.39193847E-02	-1.46582619E-03	 3.21039067E-04	 3.49351949E-04	 1.39599080E-04	-4.22421535E-06	-6.39908136E-05	 3.38497864E-04	 8.19594387E-03	 3.21785053E-02	-1.67750958E-02	-4.46762788E-03	-2.66769918E-03	-2.88152702E-04	 7.87342844E-05
 2.110000E-01	 4.92007260E-05	 1.22301984E-04	-5.11605976E-04	-4.16760999E-03	-6.77884764E-02	-1.34856863E-02	-1.60884755E-03	 2.12459431E-04	 3.26735631E-04	 1.45326529E-04	-6.40777587E-06	-6.04573875E-05	 3.46307781E-04	 7.71963153E-03	 3.22055779E-02	-1.53638455E-02	-4.26427218E-03	-2.64712076E-03	-3.31091423E-04	 5.05466276E-05
 2.120000E-01	 4.47426897E-05	 1.08886075E-04	-4.51154772E-04	-3.53982742E-03	-5.98767623E-02	-1.30205285E-02	-1.72617597E-03	 1.10821267E-04	 3.02253627E-04	 1.48897158E-04	-8.06215406E-06	-5.67696906E-05	 3.48410390E-04	 7.25781127E-03	 3.17295488E-02	-1.40706595E-02	-4.05974149E-03	-2.61611781E-03	-3.69295376E-04	 2.33723031E-05
 2.130000E-01	 4.06821937E-05	 9.72240130E-05	-3.96720691E-04	-2.99638242E-03	-5.29045973E-02	-1.25351664E-02	-1.82039748E-03	 1.63873374E-05	 2.76462695E-04	 1.50510181E-04	-9.29477143E-06	-5.30652485E-05	 3.46149898E-04	 6.81482826E-03	 3.08993459E-02	-1.28869961E-02	-3.85652656E-03	-2.57624613E-03	-4.02889203E-04	-2.60671010E-06
 2.140000E-01	 3.69963798E-05	 8.70663930E-05	-3.47892667E-04	-2.52558237E-03	-4.67664002E-02	-1.20385984E-02	-1.89401310E-03	-7.07557691E-05	 2.49849128E-04	 1.50368680E-04	-1.01933714E-05	-4.94367152E-05	 3.40610586E-04	 6.39313691E-03	 2.98285313E-02	-1.18042894E-02	-3.65653540E-03	-2.52892224E-03	-4.32054571E-04	-2.72514453E-05
 2.150000E-01	 3.36573887E-05	 7.81993263E-05	-3.04206079E-04	-2.11724780E-03	-4.13639967E-02	-1.15378999E-02	-1.94936455E-03	-1.50640937E-04	 2.22836649E-04	 1.48676409E-04	-1.08284787E-05	-4.59432473E-05	 3.32655029E-04	 5.99388502E-03	 2.86021293E-02	-1.08144032E-02	-3.46123932E-03	-2.47543965E-03	-4.57017965E-04	-5.04626687E-05
 2.160000E-01	 3.06357944E-05	 7.04402874E-05	-2.65191273E-04	-1.76271309E-03	-3.66083334E-02	-1.10386312E-02	-1.98862581E-03	-2.23406662E-04	 1.95784965E-04	 1.45630884E-04	-1.12564382E-05	-4.26211998E-05	 3.22960090E-04	 5.61733888E-03	 2.72832615E-02	-9.90962010E-03	-3.27172544E-03	-2.41695641E-03	-4.78032655E-04	-7.21745438E-05
 2.170000E-01	 2.79023609E-05	 6.36337576E-05	-2.30396094E-04	-1.45463830E-03	-3.24198976E-02	-1.05451132E-02	-2.01379185E-03	-2.89271862E-04	 1.68994082E-04	 1.41419963E-04	-1.15220278E-05	-3.94909095E-05	 3.12055501E-04	 5.26319869E-03	 2.59184052E-02	-9.08269371E-03	-3.08876320E-03	-2.35449861E-03	-4.95366507E-04	-9.23495732E-05
 2.180000E-01	 2.54291282E-05	 5.76474211E-05	-1.99395226E-04	-1.18677707E-03	-2.87284672E-02	-1.00606593E-02	-2.02667402E-03	-3.48511496E-04	 1.42710964E-04	 1.36220192E-04	-1.16606864E-05	-3.65615259E-05	 3.00354040E-04	 4.93081001E-03	 2.45414238E-02	-8.32690486E-03	-2.91287335E-03	-2.28897168E-03	-5.09293916E-04	-1.10974373E-04
 2.190000E-01	 2.31900502E-05	 5.23686996E-05	-1.71795798E-04	-9.53796815E-04	-2.54724452E-02	-9.58777578E-03	-2.02890592E-03	-4.01439307E-04	 1.17135516E-04	 1.30195561E-04	-1.17004200E-05	-3.38346082E-05	 2.88175476E-04	 4.61930449E-03	 2.31766981E-02	-7.63606345E-03	-2.74438056E-03	-2.22117008E-03	-5.20089196E-04	-1.28055612E-04
 2.200000E-01	 2.11612614E-05	 4.77016735E-05	-1.47239504E-04	-7.51130172E-04	-2.25979915E-02	-9.12831631E-03	-2.02195229E-03	-4.48393729E-04	 9.24264687E-05	 1.23496896E-04	-1.16633611E-05	-3.13066228E-05	 2.75766553E-04	 4.32769921E-03	 2.18415031E-02	-7.00448733E-03	-2.58345472E-03	-2.15178654E-03	-5.28021383E-04	-1.43616247E-04
 2.210000E-01	 1.93211215E-05	 4.35644112E-05	-1.25402634E-04	-5.74859406E-04	-2.00581177E-02	-8.68359843E-03	-2.00711834E-03	-4.89725972E-04	 6.87071134E-05	 1.16261788E-04	-1.15670190E-05	-2.89707290E-05	 2.63316872E-04	 4.05496652E-03	 2.05477877E-02	-6.42696677E-03	-2.43014255E-03	-2.08141983E-03	-5.33349993E-04	-1.57691972E-04
 2.220000E-01	 1.76501972E-05	 3.98867837E-05	-1.05996199E-04	-4.21646251E-04	-1.78118814E-02	-8.25451042E-03	-1.98556596E-03	-5.25793562E-04	 4.60692464E-05	 1.08614425E-04	-1.14252308E-05	-2.68179739E-05	 2.50971445E-04	 3.80005702E-03	 1.93035239E-02	-5.89874465E-03	-2.28439300E-03	-2.01058496E-03	-5.36322516E-04	-1.70328582E-04
 2.230000E-01	 1.61312007E-05	 3.66088665E-05	-8.87626336E-05	-2.88645744E-04	-1.58236261E-02	-7.84161324E-03	-1.95833146E-03	-5.56956574E-04	 2.45767946E-05	 1.00665633E-04	-1.12489037E-05	-2.48378729E-05	 2.38841237E-04	 3.56190811E-03	 1.81137630E-02	-5.41548306E-03	-2.14607973E-03	-1.93972308E-03	-5.37173251E-04	-1.81579833E-04
 2.240000E-01	 1.47487568E-05	 3.36796636E-05	-7.34638752E-05	-1.73299648E-04	-1.40623045E-02	-7.44524918E-03	-1.92633692E-03	-5.83569082E-04	 4.27299374E-06	 9.25147390E-05	-1.10465428E-05	-2.30187604E-05	 2.27005368E-04	 3.33946765E-03	 1.69814766E-02	-4.97323113E-03	-2.01504094E-03	-1.86921756E-03	-5.36126369E-04	-1.91506608E-04
 2.250000E-01	 1.34891030E-05	 3.10554272E-05	-5.98806410E-05	-7.32614410E-05	-1.25008721E-02	-7.06558812E-03	-1.89039994E-03	-6.05973298E-04	-1.48152415E-05	 8.42507542E-05	-1.08247588E-05	-2.13487403E-05	 2.15513077E-04	 3.13171142E-03	 1.59081209E-02	-4.56840315E-03	-1.89109753E-03	-1.79940347E-03	-5.33396362E-04	-2.00175630E-04
 2.260000E-01	 1.23399784E-05	 2.86980547E-05	-4.78262674E-05	 1.34254511E-05	-1.11156145E-02	-6.70258597E-03	-1.85124127E-03	-6.24501951E-04	-3.26793193E-05	 7.59508735E-05	-1.05888744E-05	-1.98165856E-05	 2.04399156E-04	 2.93766013E-03	 1.48938984E-02	-4.19771588E-03	-1.77401976E-03	-1.73055550E-03	-5.29179559E-04	-2.07655223E-04
 2.270000E-01	 1.12905609E-05	 2.65745586E-05	-3.71422045E-05	 8.83427645E-05	-9.88569355E-03	-6.35601161E-03	-1.80949093E-03	-6.39475407E-04	-4.93262295E-05	 6.76811878E-05	-1.03432152E-05	-1.84115965E-05	 1.93693169E-04	 2.75639664E-03	 1.39379649E-02	-3.85817019E-03	-1.66353418E-03	-1.66289264E-03	-5.23653351E-04	-2.14013697E-04
 2.280000E-01	 1.03312850E-05	 2.46567103E-05	-2.76842540E-05	 1.52883636E-04	-8.79289030E-03	-6.02553696E-03	-1.76569873E-03	-6.51196788E-04	-6.47726215E-05	 5.94990290E-05	-1.00912105E-05	-1.71235921E-05	 1.83414635E-04	 2.58706957E-03	 1.30387703E-02	-3.54704932E-03	-1.55936172E-03	-1.59659645E-03	-5.16982222E-04	-2.19320202E-04
 2.290000E-01	 9.45367675E-06	 2.29202305E-05	-1.93215687E-05	 2.08295935E-04	-7.82128184E-03	-5.71077241E-03	-1.72034612E-03	-6.59952667E-04	-7.90430361E-05	 5.14536159E-05	-9.83559351E-06	-1.59431701E-05	 1.73572100E-04	 2.42888190E-03	 1.21943622E-02	-3.26188200E-03	-1.46122335E-03	-1.53181594E-03	-5.09318432E-04	-2.23643937E-04
 2.300000E-01	 8.65022855E-06	 2.13440891E-05	-1.19377872E-05	 2.55670792E-04	-6.95692864E-03	-5.41127814E-03	-1.67385576E-03	-6.66014198E-04	-9.21692065E-05	 4.35864233E-05	-9.57855241E-06	-1.48615842E-05	 1.64166682E-04	 2.28107597E-03	 1.14025529E-02	-3.00042037E-03	-1.36883880E-03	-1.46867061E-03	-5.00801873E-04	-2.27053345E-04
 2.310000E-01	 7.91428695E-06	 1.99100480E-05	-5.42940077E-06	 2.95966073E-04	-6.18761973E-03	-5.12659634E-03	-1.62660310E-03	-6.69639576E-04	-1.04189476E-04	 3.59315610E-05	-9.32180204E-06	-1.38705542E-05	 1.55193672E-04	 2.14292059E-03	 1.06610331E-02	-2.76062925E-03	-1.28193259E-03	-1.40725727E-03	-4.91561879E-04	-2.29616296E-04
 2.320000E-01	 7.23987291E-06	 1.86021672E-05	 2.96113541E-07	 3.30034519E-04	-5.50257554E-03	-4.85623401E-03	-1.57891424E-03	-6.71070186E-04	-1.15146153E-04	 2.85169391E-05	-9.06670274E-06	-1.29621935E-05	 1.46645528E-04	 2.01373805E-03	 9.96737562E-03	-2.54065134E-03	-1.20023206E-03	-1.34764861E-03	-4.81716034E-04	-2.31398559E-04
 2.330000E-01	 6.62155655E-06	 1.74065191E-05	 5.32227335E-06	 3.58636657E-04	-4.89221677E-03	-4.59964708E-03	-1.53106377E-03	-6.70527320E-04	-1.25083099E-04	 2.13654051E-05	-8.81436031E-06	-1.21291275E-05	 1.38513014E-04	 1.89292038E-03	 9.31903246E-03	-2.33877783E-03	-1.12346570E-03	-1.28989226E-03	-4.71369285E-04	-2.32462488E-04
 2.340000E-01	 6.05445703E-06	 1.63110643E-05	 9.72378788E-06	 3.82430998E-04	-4.34805350E-03	-4.35627430E-03	-1.48328676E-03	-6.68217345E-04	-1.34046564E-04	 1.44945033E-05	-8.56568046E-06	-1.13646740E-05	 1.30784310E-04	 1.77990109E-03	 8.71342206E-03	-2.15343347E-03	-1.05136396E-03	-1.23401471E-03	-4.60615086E-04	-2.32867159E-04
 2.350000E-01	 5.53421335E-06	 1.53054911E-05	 1.35673841E-05	 4.01993588E-04	-3.86265736E-03	-4.12554667E-03	-1.43578402E-03	-6.64329989E-04	-1.42083540E-04	 7.91785596E-06	-8.32139500E-06	-1.06625693E-05	 1.23446538E-04	 1.67413285E-03	 8.14796520E-03	-1.98320355E-03	-9.83670299E-04	-1.18003053E-03	-4.49538376E-04	-2.32669371E-04
 2.360000E-01	 5.05690782E-06	 1.43808569E-05	 1.69127549E-05	 4.17843537E-04	-3.42956239E-03	-3.90689334E-03	-1.38872511E-03	-6.59037359E-04	-1.49240324E-04	 1.64624710E-06	-8.08209368E-06	-1.00168594E-05	 1.16486521E-04	 1.57509920E-03	 7.62013230E-03	-1.82683766E-03	-9.20147255E-04	-1.12794766E-03	-4.38217527E-04	-2.31924126E-04
 2.370000E-01	 4.61897611E-06	 1.35291506E-05	 1.98124164E-05	 4.30428115E-04	-3.04300134E-03	-3.69975980E-03	-1.34225491E-03	-6.52501499E-04	-1.55564627E-04	-4.31388591E-06	-7.84828405E-06	-9.42231365E-06	 1.09890281E-04	 1.48234149E-03	 7.12753538E-03	-1.68316577E-03	-8.60558513E-04	-1.07775778E-03	-4.26721094E-04	-2.30682681E-04
 2.380000E-01	 4.21715522E-06	 1.27432942E-05	 2.23140154E-05	 4.40142912E-04	-2.69781439E-03	-3.50360509E-03	-1.29649579E-03	-6.44873370E-04	-1.61104456E-04	-9.95956728E-06	-7.62035212E-06	-8.87428472E-06	 1.03642773E-04	 1.39543965E-03	 6.66791714E-03	-1.55109872E-03	-8.04673198E-04	-1.02944055E-03	-4.15109346E-04	-2.28992907E-04
 2.390000E-01	 3.84847005E-06	 1.20171221E-05	 2.44609329E-05	 4.47346416E-04	-2.38945245E-03	-3.31789682E-03	-1.25154880E-03	-6.36290057E-04	-1.65906436E-04	-1.52898688E-05	-7.39856544E-06	-8.36850535E-06	 9.77283604E-05	 1.31399289E-03	 6.23911464E-03	-1.42965719E-03	-7.52275298E-04	-9.82970916E-04	-4.03436831E-04	-2.26900287E-04
 2.400000E-01	 3.51021165E-06	 1.13451837E-05	 2.62915612E-05	 4.52350392E-04	-2.11389959E-03	-3.14211782E-03	-1.20749700E-03	-6.26877247E-04	-1.70016268E-04	-2.03060780E-05	-7.18312713E-06	-7.90114895E-06	 9.21314980E-05	 1.23762632E-03	 5.83907386E-03	-1.31795040E-03	-7.03159152E-04	-9.38317653E-04	-3.91751880E-04	-2.24447485E-04
 2.410000E-01	 3.19990617E-06	 1.07226493E-05	 2.78401391E-05	 4.55427930E-04	-1.86760450E-03	-2.97576939E-03	-1.16440802E-03	-6.16750130E-04	-1.73478529E-04	-2.50114027E-05	-6.97418329E-06	-7.46876317E-06	 8.68369400E-05	 1.16599183E-03	 5.46585936E-03	-1.21516653E-03	-6.57129596E-04	-8.95444596E-04	-3.80097248E-04	-2.21674459E-04
 2.420000E-01	 2.91528855E-06	 1.01452429E-05	 2.91374086E-05	 4.56820195E-04	-1.64741923E-03	-2.81837095E-03	-1.12233557E-03	-6.06013897E-04	-1.76336405E-04	-2.94106524E-05	-6.77183669E-06	-7.06824426E-06	 8.18299021E-05	 1.09876653E-03	 5.11765290E-03	-1.12056476E-03	-6.14001600E-04	-8.54311448E-04	-3.68510528E-04	-2.18618492E-04
 2.430000E-01	 2.65428146E-06	 9.60920151E-06	 3.02113785E-05	 4.56746496E-04	-1.45054790E-03	-2.66946115E-03	-1.08132105E-03	-5.94764249E-04	-1.78631386E-04	-3.35099068E-05	-6.57616163E-06	-6.69686241E-06	 7.70956486E-05	 1.03564852E-03	 4.79275395E-03	-1.03346759E-03	-5.73600813E-04	-8.14874950E-04	-3.57024855E-04	-2.15314351E-04
 2.440000E-01	 2.41496731E-06	 9.11113081E-06	 3.10877054E-05	 4.55419935E-04	-1.27451318E-03	-2.52860272E-03	-1.04139548E-03	-5.83087904E-04	-1.80402844E-04	-3.73161162E-05	-6.38720595E-06	-6.35232332E-06	 7.26180106E-05	 9.76353559E-04	 4.48958653E-03	-9.53256343E-04	-5.35766094E-04	-7.77091290E-04	-3.45670253E-04	-2.11794806E-04
 2.450000E-01	 2.19554989E-06	 8.64776916E-06	 3.17880430E-05	 4.53021830E-04	-1.11712364E-03	-2.39537284E-03	-1.00257959E-03	-5.71062935E-04	-1.81688527E-04	-4.08371191E-05	-6.20500263E-06	-6.03261390E-06	 6.83824841E-05	 9.20628793E-04	 4.20666720E-03	-8.79370460E-04	-5.00343302E-04	-7.40913819E-04	-3.34472122E-04	-2.08090012E-04
 2.460000E-01	 1.99435791E-06	 8.21607720E-06	 3.23295017E-05	 4.49654368E-04	-9.76412703E-04	-2.26935225E-03	-9.64883787E-04	-5.58760779E-04	-1.82525985E-04	-4.40823751E-05	-6.02959907E-06	-5.73580637E-06	 6.43815862E-05	 8.68265830E-04	 3.94256064E-03	-8.11292717E-04	-4.67173288E-04	-7.06286643E-04	-3.23447866E-04	-2.04225942E-04
 2.470000E-01	 1.80986600E-06	 7.81352711E-06	 3.27292898E-05	 4.45406534E-04	-8.50636382E-04	-2.15014427E-03	-9.28311904E-04	-5.46245874E-04	-1.82950679E-04	-4.70617484E-05	-5.86099947E-06	-5.46016017E-06	 6.06083741E-05	 8.19070648E-04	 3.69592037E-03	-7.48550774E-04	-4.36108585E-04	-6.73154513E-04	-3.12612497E-04	-2.00226684E-04
 2.480000E-01	 1.64067474E-06	 7.43792122E-06	 3.30056486E-05	 4.40414187E-04	-7.38263430E-04	-2.03738816E-03	-8.92864858E-04	-5.33575731E-04	-1.82994794E-04	-4.97846317E-05	-5.69913449E-06	-5.20428913E-06	 5.70496931E-05	 7.72840372E-04	 3.46554506E-03	-6.90716739E-04	-4.07024168E-04	-6.41469848E-04	-3.01982758E-04	-1.96116206E-04
 2.490000E-01	 1.48548686E-06	 7.08715087E-06	 3.31743168E-05	 4.34810823E-04	-6.37910148E-04	-1.93074301E-03	-8.58539973E-04	-5.20802917E-04	-1.82689098E-04	-5.22609017E-05	-5.54390519E-06	-4.96694280E-06	 5.36914832E-05	 7.29377635E-04	 3.25034120E-03	-6.37393160E-04	-3.79801597E-04	-6.11184447E-04	-2.91572778E-04	-1.91916498E-04
 2.500000E-01	 1.34309623E-06	 6.75925392E-06	 3.32485877E-05	 4.28705921E-04	-5.48324168E-04	-1.82987664E-03	-8.25329010E-04	-5.07974317E-04	-1.82062926E-04	-5.45007576E-05	-5.39518203E-06	-4.74679435E-06	 5.05222983E-05	 6.88501553E-04	 3.04926880E-03	-5.88215451E-04	-3.54325493E-04	-5.82247892E-04	-2.81393007E-04	-1.87647125E-04
 2.510000E-01	 1.21237391E-06	 6.45241457E-06	 3.32405050E-05	 4.22195454E-04	-4.68381454E-04	-1.73446397E-03	-7.93216754E-04	-4.95130011E-04	-1.81143227E-04	-5.65141568E-05	-5.25281567E-06	-4.54259453E-06	 4.75320054E-05	 6.50053556E-04	 2.86133065E-03	-5.42848038E-04	-3.30485813E-04	-5.54608433E-04	-2.71450904E-04	-1.83325356E-04
 2.520000E-01	 1.09228681E-06	 6.16497889E-06	 3.31607917E-05	 4.15359220E-04	-3.97084091E-04	-1.64419776E-03	-7.62185317E-04	-4.82305831E-04	-1.79955452E-04	-5.83111234E-05	-5.11664455E-06	-4.35326162E-06	 4.47106816E-05	 6.13886092E-04	 2.68560131E-03	-5.00984615E-04	-3.08179295E-04	-5.28215271E-04	-2.61752205E-04	-1.78966952E-04
 2.530000E-01	 9.81903920E-07	 5.89543957E-06	 3.30186178E-05	 4.08258469E-04	-3.33550314E-04	-1.55879610E-03	-7.32217694E-04	-4.69535592E-04	-1.78524455E-04	-5.99020869E-05	-4.98648986E-06	-4.17780861E-06	 4.20487885E-05	 5.79853758E-04	 2.52124438E-03	-4.62347734E-04	-2.87309630E-04	-5.03019948E-04	-2.52301703E-04	-1.74586732E-04
 2.540000E-01	 8.80372376E-07	 5.64242160E-06	 3.28220943E-05	 4.00943177E-04	-2.76997115E-04	-1.47799335E-03	-7.03295475E-04	-4.56849574E-04	-1.76873813E-04	-6.12974231E-05	-4.86215304E-06	-4.01522296E-06	 3.95382772E-05	 5.47818208E-04	 2.36748882E-03	-4.26686530E-04	-2.67786440E-04	-4.78975415E-04	-2.43102832E-04	-1.70198277E-04
 2.550000E-01	 7.86903807E-07	 5.40463481E-06	 3.25787915E-05	 3.93468120E-04	-2.26720029E-04	-1.40153850E-03	-6.75398487E-04	-4.44274244E-04	-1.75025373E-04	-6.25071544E-05	-4.74340724E-06	-3.86456227E-06	 3.71709166E-05	 5.17650702E-04	 2.22362085E-03	-3.93773071E-04	-2.49527079E-04	-4.56037072E-04	-2.34158530E-04	-1.65814255E-04
 2.560000E-01	 7.00768093E-07	 5.18072299E-06	 3.22953356E-05	 3.85888524E-04	-1.82047231E-04	-1.32919648E-03	-6.48505061E-04	-4.31834369E-04	-1.73000045E-04	-6.35417163E-05	-4.63002638E-06	-3.72522401E-06	 3.49364683E-05	 4.89239733E-04	 2.08898424E-03	-3.63379127E-04	-2.32450903E-04	-4.34158585E-04	-2.25469746E-04	-1.61445477E-04
 2.570000E-01	 6.21308254E-07	 4.96945977E-06	 3.19775566E-05	 3.78252272E-04	-1.42376395E-04	-1.26074299E-03	-6.22592167E-04	-4.19551513E-04	-1.70817373E-04	-6.44112716E-05	-4.52178262E-06	-3.59662110E-06	 3.28251063E-05	 4.62475445E-04	 1.96296601E-03	-3.35295953E-04	-2.16482003E-04	-4.13294903E-04	-2.17036350E-04	-1.57101629E-04
 2.580000E-01	 5.47931822E-07	 4.76984487E-06	 3.16304341E-05	 3.70593324E-04	-1.07203648E-04	-1.19596269E-03	-5.97635475E-04	-4.07442976E-04	-1.68495172E-04	-6.51251708E-05	-4.41845117E-06	-3.47797374E-06	 3.08298210E-05	 4.37247648E-04	 1.84498608E-03	-3.09349942E-04	-2.01551809E-04	-3.93404724E-04	-2.08857972E-04	-1.52791923E-04
 2.590000E-01	 4.80088982E-07	 4.58093783E-06	 3.12581060E-05	 3.62930885E-04	-7.60760700E-05	-1.13465292E-03	-5.73609644E-04	-3.95524047E-04	-1.66050308E-04	-6.56927528E-05	-4.31983223E-06	-3.36860013E-06	 2.89448664E-05	 4.13462398E-04	 1.73450372E-03	-2.85378116E-04	-1.87593969E-04	-3.74446418E-04	-2.00932636E-04	-1.48524187E-04
 2.600000E-01	 4.17274664E-07	 4.40186654E-06	 3.08645033E-05	 3.55282130E-04	-4.85824037E-05	-1.07662454E-03	-5.50489321E-04	-3.83808248E-04	-1.63498579E-04	-6.61231727E-05	-4.22573163E-06	-3.26793272E-06	 2.71641668E-05	 3.91034269E-04	 1.63102449E-03	-2.63227964E-04	-1.74546626E-04	-3.56379891E-04	-1.93257940E-04	-1.44305468E-04
 2.610000E-01	 3.59036216E-07	 4.23185233E-06	 3.04531086E-05	 3.47661105E-04	-2.43506506E-05	-1.02170282E-03	-5.28250466E-04	-3.72308152E-04	-1.60855167E-04	-6.64255384E-05	-4.13595524E-06	-3.17544219E-06	 2.54816670E-05	 3.69878419E-04	 1.53409905E-03	-2.42759537E-04	-1.62352269E-04	-3.39167178E-04	-1.85831343E-04	-1.40142317E-04
 2.620000E-01	 3.04956957E-07	 4.07016622E-06	 3.00269996E-05	 3.40082051E-04	-3.04423123E-06	-9.69721931E-04	-5.06868535E-04	-3.61034290E-04	-1.58134121E-04	-6.66086100E-05	-4.05030682E-06	-3.09058820E-06	 2.38917804E-05	 3.49915768E-04	 1.44330618E-03	-2.23843500E-04	-1.50956839E-04	-3.22771446E-04	-1.78649697E-04	-1.36040459E-04
 2.630000E-01	 2.54647542E-07	 3.91612890E-06	 2.95890752E-05	 3.32558267E-04	 1.56398138E-05	-9.20519704E-04	-4.86316855E-04	-3.49994202E-04	-1.55347954E-04	-6.66805464E-05	-3.96858846E-06	-3.01279381E-06	 2.23898716E-05	 3.31078959E-04	 1.35823773E-03	-2.06360091E-04	-1.40308553E-04	-3.07155900E-04	-1.71708654E-04	-1.32004425E-04
 2.640000E-01	 2.07762326E-07	 3.76918596E-06	 2.91421963E-05	 3.25096117E-04	 3.19759888E-05	-8.73940775E-04	-4.66568286E-04	-3.39193801E-04	-1.52508276E-04	-6.66492328E-05	-3.89060671E-06	-2.94148290E-06	 2.09721652E-05	 3.13307005E-04	 1.27850365E-03	-1.90197921E-04	-1.30357553E-04	-2.92284000E-04	-1.65002867E-04	-1.28037738E-04
 2.650000E-01	 1.64005237E-07	 3.62888055E-06	 2.86891162E-05	 3.17708733E-04	 4.62108678E-05	-8.29840757E-04	-4.47596725E-04	-3.28637822E-04	-1.49625626E-04	-6.65220962E-05	-3.81617671E-06	-2.87620608E-06	 1.96333782E-05	 2.96532643E-04	 1.20374873E-03	-1.75254635E-04	-1.21059850E-04	-2.78122379E-04	-1.58527911E-04	-1.24143897E-04
 2.660000E-01	 1.23115027E-07	 3.49472935E-06	 2.82317876E-05	 3.10423526E-04	 5.85627094E-05	-7.88086064E-04	-4.29377261E-04	-3.18329686E-04	-1.46709384E-04	-6.63059626E-05	-3.74511825E-06	-2.81661099E-06	 1.83661601E-05	 2.80681114E-04	 1.13365735E-03	-1.61438372E-04	-1.12377869E-04	-2.64641590E-04	-1.52280732E-04	-1.20326687E-04
 2.670000E-01	 8.48461503E-08	 3.36623222E-06	 2.77713181E-05	 3.03257392E-04	 6.92336463E-05	-7.48548043E-04	-4.11884480E-04	-3.08271780E-04	-1.43768483E-04	-6.60075904E-05	-3.67725935E-06	-2.76225120E-06	 1.71650921E-05	 2.65688776E-04	 1.06792841E-03	-1.48662634E-04	-1.04272821E-04	-2.51810923E-04	-1.46256510E-04	-1.16588652E-04
 2.680000E-01	 4.89718711E-08	 3.24299343E-06	 2.73089236E-05	 2.96210562E-04	 7.84062828E-05	-7.11102330E-04	-3.95092302E-04	-2.98465360E-04	-1.40811347E-04	-6.56336041E-05	-3.61243673E-06	-2.71258852E-06	 1.60274261E-05	 2.51505651E-04	 1.00626696E-03	-1.36847235E-04	-9.67052285E-05	-2.39598704E-04	-1.40448802E-04	-1.12931180E-04
 2.690000E-01	 1.52876756E-08	 3.12468657E-06	 2.68460294E-05	 2.89282995E-04	 8.62381138E-05	-6.75632417E-04	-3.78975180E-04	-2.88910587E-04	-1.37845495E-04	-6.51901637E-05	-3.55049924E-06	-2.66716752E-06	 1.49503062E-05	 2.38085498E-04	 9.48398902E-04	-1.25920058E-04	-8.96396121E-05	-2.27975568E-04	-1.34851644E-04	-1.09355554E-04
 2.700000E-01	-1.63940210E-08	 3.01098940E-06	 2.63838768E-05	 2.82477510E-04	 9.28696682E-05	-6.42029514E-04	-3.63508352E-04	-2.79606912E-04	-1.34877732E-04	-6.46830864E-05	-3.49131143E-06	-2.62563727E-06	 1.39303621E-05	 2.25384174E-04	 8.94073892E-04	-1.15814235E-04	-8.30435523E-05	-2.16913885E-04	-1.29459355E-04	-1.05862847E-04
 2.710000E-01	-4.62442086E-08	 2.90160434E-06	 2.59235432E-05	 2.75797477E-04	 9.84283125E-05	-6.10191231E-04	-3.48667763E-04	-2.70553169E-04	-1.31914279E-04	-6.41178995E-05	-3.43474919E-06	-2.58768214E-06	 1.29643538E-05	 2.13359508E-04	 8.43060702E-04	-1.06468006E-04	-7.68867508E-05	-2.06387257E-04	-1.24266241E-04	-1.02453819E-04
 2.720000E-01	-7.44196146E-08	 2.79625214E-06	 2.54659323E-05	 2.69247327E-04	 1.03030094E-04	-5.80021049E-04	-3.34429993E-04	-2.61747600E-04	-1.28960771E-04	-6.34998280E-05	-3.38069977E-06	-2.55303155E-06	 1.20490321E-05	 2.01971463E-04	 7.95144956E-04	-9.78241897E-05	-7.11410480E-05	-1.96370553E-04	-1.19266683E-04	-9.91289662E-05
 2.730000E-01	-1.01068695E-07	 2.69463546E-06	 2.50116432E-05	 2.62832666E-04	 1.06781897E-04	-5.51427989E-04	-3.20772159E-04	-2.53187934E-04	-1.26022275E-04	-6.28338246E-05	-3.32906245E-06	-2.52149410E-06	 1.11807535E-05	 1.91183044E-04	 7.50128342E-04	-8.98286997E-05	-6.57801314E-05	-1.86839686E-04	-1.14455095E-04	-9.58884934E-05
 2.740000E-01	-1.26332699E-07	 2.59649741E-06	 2.45612354E-05	 2.56555024E-04	 1.09778464E-04	-5.24325703E-04	-3.07671814E-04	-2.44871373E-04	-1.23103413E-04	-6.21246051E-05	-3.27974292E-06	-2.49285948E-06	 1.03565422E-05	 1.80960141E-04	 7.07825325E-04	-8.24315923E-05	-6.07784577E-05	-1.77771037E-04	-1.09825484E-04	-9.27321581E-05
 2.750000E-01	-1.50339490E-07	 2.50172841E-06	 2.41157148E-05	 2.50409842E-04	 1.12094523E-04	-4.98632452E-04	-2.95107268E-04	-2.36794331E-04	-1.20208262E-04	-6.13764350E-05	-3.23265329E-06	-2.46678439E-06	 9.57528423E-06	 1.71269528E-04	 6.68061427E-04	-7.55920126E-05	-5.61125682E-05	-1.69142660E-04	-1.05371988E-04	-8.96596821E-05
 2.760000E-01	-1.73212498E-07	 2.41021632E-06	 2.36761201E-05	 2.44390840E-04	 1.13798873E-04	-4.74271822E-04	-2.83057611E-04	-2.28953051E-04	-1.17340494E-04	-6.05933680E-05	-3.18772140E-06	-2.44301381E-06	 8.83593844E-06	 1.62084166E-04	 6.30673108E-04	-6.92709919E-05	-5.17607849E-05	-1.60933628E-04	-1.01088904E-04	-8.66705877E-05
 2.770000E-01	-1.95072655E-07	 2.32174273E-06	 2.32431062E-05	 2.38497417E-04	 1.14962643E-04	-4.51172085E-04	-2.71502671E-04	-2.21343900E-04	-1.14503460E-04	-5.97793687E-05	-3.14488087E-06	-2.42147081E-06	 8.13592138E-06	 1.53380788E-04	 5.95509549E-04	-6.34275768E-05	-4.77026496E-05	-1.53123562E-04	-9.69706493E-05	-8.37641109E-05
 2.780000E-01	-2.16027609E-07	 2.23609771E-06	 2.28171937E-05	 2.32734208E-04	 1.15649405E-04	-4.29265183E-04	-2.60423099E-04	-2.13962905E-04	-1.11700095E-04	-5.89380821E-05	-3.10406130E-06	-2.40206332E-06	 7.47238682E-06	 1.45132308E-04	 5.62431596E-04	-5.80250848E-05	-4.39195085E-05	-1.45693511E-04	-9.30119996E-05	-8.09395088E-05
 2.790000E-01	-2.36173026E-07	 2.15311113E-06	 2.23988907E-05	 2.27106391E-04	 1.15915313E-04	-4.08486443E-04	-2.49800131E-04	-2.06805821E-04	-1.08933025E-04	-5.80729242E-05	-3.06519402E-06	-2.38465374E-06	 6.84315694E-06	 1.37310388E-04	 5.31307224E-04	-5.30304746E-05	-4.03935737E-05	-1.38625207E-04	-8.92076392E-05	-7.81958329E-05
 2.800000E-01	-2.55599861E-07	 2.07261645E-06	 2.19886890E-05	 2.21624226E-04	 1.15809315E-04	-3.88773529E-04	-2.39615034E-04	-1.99867766E-04	-1.06204319E-04	-5.71869550E-05	-3.02821371E-06	-2.36909895E-06	 6.24642853E-06	 1.29889217E-04	 5.02009043E-04	-4.84133023E-05	-3.71081481E-05	-1.31901000E-04	-8.55521931E-05	-7.55318857E-05
 2.810000E-01	-2.74409515E-07	 1.99438314E-06	 2.15870687E-05	 2.16306209E-04	 1.15372602E-04	-3.70063421E-04	-2.29847666E-04	-1.93142123E-04	-1.03514851E-04	-5.62824982E-05	-2.99306202E-06	-2.35531706E-06	 5.68024954E-06	 1.22850496E-04	 4.74410459E-04	-4.41448900E-05	-3.40476824E-05	-1.25503424E-04	-8.20400157E-05	-7.29459772E-05
 2.820000E-01	-2.92694964E-07	 1.91813974E-06	 2.11940636E-05	 2.11169951E-04	 1.14641644E-04	-3.52297890E-04	-2.20479107E-04	-1.86622460E-04	-1.00865305E-04	-5.53617004E-05	-2.95969344E-06	-2.34333929E-06	 5.14186551E-06	 1.16176603E-04	 4.48399135E-04	-4.01992924E-05	-3.11984622E-05	-1.19416559E-04	-7.86660650E-05	-7.04366157E-05
 2.830000E-01	-3.10531523E-07	 1.84365944E-06	 2.08094655E-05	 2.06220260E-04	 1.13650744E-04	-3.35426887E-04	-2.11493369E-04	-1.80304023E-04	-9.82571249E-05	-5.44270967E-05	-2.92806354E-06	-2.33315408E-06	 4.62927361E-06	 1.09849504E-04	 4.23880305E-04	-3.65538100E-05	-2.85474594E-05	-1.13625878E-04	-7.54257320E-05	-6.80026438E-05
 2.840000E-01	-3.27995531E-07	 1.77080458E-06	 2.04337795E-05	 2.01448463E-04	 1.12433462E-04	-3.19402739E-04	-2.02874724E-04	-1.74182288E-04	-9.56919022E-05	-5.34813520E-05	-2.89810842E-06	-2.32460180E-06	 4.14268013E-06	 1.03859944E-04	 4.00759564E-04	-3.31859554E-05	-2.60797306E-05	-1.08115558E-04	-7.23131599E-05	-6.56421491E-05
 2.850000E-01	-3.45147015E-07	 1.69948482E-06	 2.00675941E-05	 1.96847849E-04	 1.11019499E-04	-3.04180517E-04	-1.94608125E-04	-1.68252652E-04	-9.31709325E-05	-5.25268951E-05	-2.86976338E-06	-2.31755719E-06	 3.68173623E-06	 9.81960205E-05	 3.78950351E-04	-3.00753150E-05	-2.37819670E-05	-1.02871063E-04	-6.93230309E-05	-6.33533830E-05
 2.860000E-01	-3.62028030E-07	 1.62954186E-06	 1.97105816E-05	 1.92420964E-04	 1.09435833E-04	-2.89719335E-04	-1.86679917E-04	-1.62510626E-04	-9.06951800E-05	-5.15658415E-05	-2.84298190E-06	-2.31202408E-06	 3.24413350E-06	 9.28377130E-05	 3.58380372E-04	-2.72039002E-05	-2.16442219E-05	-9.78805186E-05	-6.64515501E-05	-6.11352918E-05
 2.870000E-01	-3.78675050E-07	 1.56079057E-06	 1.93620033E-05	 1.88169707E-04	 1.07710319E-04	-2.75980427E-04	-1.79076975E-04	-1.56951824E-04	-8.82655132E-05	-5.06002294E-05	-2.81771846E-06	-2.30798853E-06	 2.82771848E-06	 8.77661409E-05	 3.38981253E-04	-2.45538637E-05	-1.96567195E-05	-9.31322051E-05	-6.36948052E-05	-5.89866234E-05
 2.880000E-01	-3.95115902E-07	 1.49309279E-06	 1.90211766E-05	 1.84090935E-04	 1.05868113E-04	-2.62926563E-04	-1.71786480E-04	-1.51571785E-04	-8.58826657E-05	-4.96319718E-05	-2.79392131E-06	-2.30536397E-06	 2.43106840E-06	 8.29660884E-05	 3.20686211E-04	-2.21087815E-05	-1.78097290E-05	-8.86145318E-05	-6.10486716E-05	-5.69059271E-05
 2.890000E-01	-4.11371622E-07	 1.42633206E-06	 1.86873673E-05	 1.80174155E-04	 1.03931035E-04	-2.50522456E-04	-1.64796028E-04	-1.46366014E-04	-8.35472101E-05	-4.86628406E-05	-2.77153678E-06	-2.30405289E-06	 2.05281814E-06	 7.84257998E-05	 3.03432283E-04	-1.98534930E-05	-1.60940290E-05	-8.43163738E-05	-5.85090799E-05	-5.48916945E-05
 2.900000E-01	-4.27449325E-07	 1.36048057E-06	 1.83601239E-05	 1.76394982E-04	 1.01919244E-04	-2.38736101E-04	-1.58094361E-04	-1.41330618E-04	-8.12599637E-05	-4.76947074E-05	-2.75050983E-06	-2.30391583E-06	 1.69199151E-06	 7.41327238E-05	 2.87162569E-04	-1.77743154E-05	-1.45005713E-05	-8.02270993E-05	-5.60720242E-05	-5.29424579E-05
 2.910000E-01	-4.43319840E-07	 1.29568991E-06	 1.80391579E-05	 1.72715785E-04	 9.98557173E-05	-2.27542485E-04	-1.51673514E-04	-1.36464057E-04	-7.90230047E-05	-4.67301608E-05	-2.73079589E-06	-2.30473504E-06	 1.34837816E-06	 7.00639645E-05	 2.71832186E-04	-1.58595307E-05	-1.30207396E-05	-7.63374660E-05	-5.37341846E-05	-5.10573390E-05
 2.920000E-01	-4.58959210E-07	 1.23201143E-06	 1.77234418E-05	 1.69109746E-04	 9.77647872E-05	-2.16917237E-04	-1.45525602E-04	-1.31764584E-04	-7.68380676E-05	-4.57715687E-05	-2.71236118E-06	-2.30635453E-06	 1.02085438E-06	 6.61945813E-05	 2.57397509E-04	-1.40966141E-05	-1.16472512E-05	-7.26390685E-05	-5.14927797E-05	-4.92355655E-05
 2.930000E-01	-4.74380186E-07	 1.16927678E-06	 1.74114355E-05	 1.65570868E-04	 9.56657641E-05	-2.06831034E-04	-1.39639864E-04	-1.27227877E-04	-7.47051792E-05	-4.48202494E-05	-2.69517061E-06	-2.30873987E-06	 7.06903341E-07	 6.25085844E-05	 2.43806084E-04	-1.24716443E-05	-1.03738810E-05	-6.91231529E-05	-4.93447714E-05	-4.74757579E-05
 2.940000E-01	-4.89597747E-07	 1.10743403E-06	 1.71025809E-05	 1.62096072E-04	 9.35691446E-05	-1.97254195E-04	-1.34004993E-04	-1.22848820E-04	-7.26238963E-05	-4.38771489E-05	-2.67918354E-06	-2.31176141E-06	 4.05336300E-07	 5.89942973E-05	 2.31003148E-04	-1.09734927E-05	-9.19425947E-06	-6.57807869E-05	-4.72866390E-05	-4.57762160E-05
 2.950000E-01	-5.04625406E-07	 1.04658660E-06	 1.67974113E-05	 1.58677841E-04	 9.14789074E-05	-1.88158414E-04	-1.28609828E-04	-1.18622161E-04	-7.05936883E-05	-4.29430949E-05	-2.66435597E-06	-2.31519651E-06	 1.16559478E-07	 5.56432817E-05	 2.18934943E-04	-9.59356161E-06	-8.10162733E-06	-6.26029298E-05	-4.53144373E-05	-4.41350334E-05
 2.960000E-01	-5.19482953E-07	 9.86815385E-07	 1.64964428E-05	 1.55309205E-04	 8.93981483E-05	-1.79517244E-04	-1.23443638E-04	-1.14542784E-04	-6.86139378E-05	-4.20188417E-05	-2.65065158E-06	-2.31891389E-06	-1.59457642E-07	 5.24489907E-05	 2.07552379E-04	-8.32345200E-06	-7.08977934E-06	-5.95810314E-05	-4.34244252E-05	-4.25503452E-05
 2.970000E-01	-5.34194788E-07	 9.28155432E-07	 1.61999889E-05	 1.51986652E-04	 8.73302456E-05	-1.71306022E-04	-1.18496262E-04	-1.10605756E-04	-6.66839605E-05	-4.11050613E-05	-2.63804158E-06	-2.32285549E-06	-4.23311006E-07	 4.94043399E-05	 1.96811434E-04	-7.15503354E-06	-6.15326690E-06	-5.67072309E-05	-4.16132159E-05	-4.10204197E-05
 2.980000E-01	-5.48785562E-07	 8.70637542E-07	 1.59084278E-05	 1.48709954E-04	 8.52783564E-05	-1.63501520E-04	-1.13758008E-04	-1.06806284E-04	-6.48030295E-05	-4.02023531E-05	-2.62649870E-06	-2.32697139E-06	-6.75559764E-07	 4.65011263E-05	 1.86671212E-04	-6.08075679E-06	-5.28699966E-06	-5.39740709E-05	-3.98775531E-05	-3.95435579E-05
 2.990000E-01	-5.63277706E-07	 8.14302266E-07	 1.56223213E-05	 1.45483483E-04	 8.32451354E-05	-1.56081776E-04	-1.09219595E-04	-1.03139700E-04	-6.29703867E-05	-3.93112539E-05	-2.61599545E-06	-2.33120576E-06	-9.16468375E-07	 4.37305027E-05	 1.77092833E-04	-5.09361872E-06	-4.48612845E-06	-5.13743870E-05	-3.82142379E-05	-3.81180541E-05
 3.000000E-01	-5.77696486E-07	 7.59163858E-07	 1.53423192E-05	 1.42320924E-04	 8.12316071E-05	-1.49025032E-04	-1.04871613E-04	-9.96010082E-05	-6.11849530E-05	-3.84320588E-05	-2.60650119E-06	-2.33551374E-06	-1.14607651E-06	 4.10850418E-05	 1.68037662E-04	-4.18693933E-06	-3.74621505E-06	-4.89012168E-05	-3.66200870E-05	-3.67421045E-05
 3.010000E-01	-5.92076530E-07	 7.05123211E-07	 1.50687586E-05	 1.39249707E-04	 7.92332781E-05	-1.42307260E-04	-1.00703170E-04	-9.61835538E-05	-5.94444886E-05	-3.75642447E-05	-2.59797982E-06	-2.33989772E-06	-1.36507837E-06	 3.85611164E-05	 1.59465672E-04	-3.35496309E-06	-3.06376137E-06	-4.65478237E-05	-3.50919308E-05	-3.54136889E-05
 3.020000E-01	-6.06437968E-07	 6.52050373E-07	 1.48014133E-05	 1.36296079E-04	 7.72462579E-05	-1.35906353E-04	-9.67041199E-05	-9.28811174E-05	-5.77469069E-05	-3.67073363E-05	-2.59039785E-06	-2.34440439E-06	-1.57478710E-06	 3.61539008E-05	 1.51342384E-04	-2.59264315E-06	-2.43536803E-06	-4.43078471E-05	-3.36267344E-05	-3.41308853E-05
 3.030000E-01	-6.20774387E-07	 5.99895142E-07	 1.45398547E-05	 1.33470997E-04	 7.52732267E-05	-1.29805636E-04	-9.28669990E-05	-8.96897316E-05	-5.60914189E-05	-3.58616744E-05	-2.58373145E-06	-2.34906737E-06	-1.77607050E-06	 3.38538468E-05	 1.43642323E-04	-1.89501571E-06	-1.85721066E-06	-4.21754885E-05	-3.22217627E-05	-3.28921500E-05
 3.040000E-01	-6.35070930E-07	 5.48634544E-07	 1.42837032E-05	 1.30776446E-04	 7.33186939E-05	-1.23990529E-04	-8.91852730E-05	-8.66060266E-05	-5.44775053E-05	-3.50277297E-05	-2.57796219E-06	-2.35388958E-06	-1.96932646E-06	 3.16506325E-05	 1.36343271E-04	-1.25746563E-06	-1.32578316E-06	-4.01454951E-05	-3.08745666E-05	-3.16961372E-05
 3.050000E-01	-6.49309682E-07	 4.98240630E-07	 1.40325277E-05	 1.28211765E-04	 7.13869863E-05	-1.18447281E-04	-8.56527100E-05	-8.36267197E-05	-5.29046078E-05	-3.42059114E-05	-2.57307337E-06	-2.35886977E-06	-2.15485980E-06	 2.95349816E-05	 1.29424217E-04	-6.75648396E-07	-8.37923660E-07	-3.82129684E-05	-2.95828666E-05	-3.05415687E-05
 3.060000E-01	-6.63470817E-07	 4.48679333E-07	 1.37858142E-05	 1.25776101E-04	 6.94821805E-05	-1.13162813E-04	-8.22633287E-05	-8.07486077E-05	-5.13721367E-05	-3.33965771E-05	-2.56905067E-06	-2.36401545E-06	-2.33294760E-06	 2.74987662E-05	 1.22865185E-04	-1.45477166E-07	-3.90719326E-07	-3.63732799E-05	-2.83444979E-05	-2.94272043E-05
 3.070000E-01	-6.77534655E-07	 3.99872189E-07	 1.35426129E-05	 1.23469698E-04	 6.76087041E-05	-1.08124723E-04	-7.90114282E-05	-7.79685948E-05	-4.98794690E-05	-3.26000360E-05	-2.56588771E-06	-2.36938558E-06	-2.50425306E-06	 2.55348250E-05	 1.16648025E-04	 3.37076893E-07	 1.83289131E-08	-3.46222011E-05	-2.71575326E-05	-2.83519024E-05
 3.080000E-01	-6.91482052E-07	 3.51723032E-07	 1.33017598E-05	 1.21292225E-04	 6.57701747E-05	-1.03321198E-04	-7.58914616E-05	-7.52836141E-05	-4.84259359E-05	-3.18165443E-05	-2.56357397E-06	-2.37503776E-06	-2.66956993E-06	 2.36381529E-05	 1.10755974E-04	 7.75867651E-07	 3.91662484E-07	-3.29556453E-05	-2.60200658E-05	-2.73145210E-05
 3.090000E-01	-7.05290981E-07	 3.04263064E-07	 1.30632313E-05	 1.19236762E-04	 6.39669534E-05	-9.87408880E-05	-7.28978620E-05	-7.26904955E-05	-4.70108214E-05	-3.10462932E-05	-2.56207524E-06	-2.38090933E-06	-2.82848484E-06	 2.18083418E-05	 1.05171414E-04	 1.17381177E-06	 7.32261256E-07	-3.13691892E-05	-2.49297744E-05	-2.63137156E-05
 3.100000E-01	-7.18935658E-07	 2.57607089E-07	 1.28278684E-05	 1.17288230E-04	 6.21989754E-05	-9.43734497E-05	-7.00254810E-05	-7.01863174E-05	-4.56335114E-05	-3.02895081E-05	-2.56135663E-06	-2.38694959E-06	-2.98007560E-06	 2.00484450E-05	 9.98773224E-05	 1.53337784E-06	 1.04298386E-06	-2.98585931E-05	-2.38843756E-05	-2.53481711E-05
 3.110000E-01	-7.32384398E-07	 2.11789533E-07	 1.25956251E-05	 1.15430123E-04	 6.04705700E-05	-9.02104807E-05	-6.72703897E-05	-6.77691112E-05	-4.42938457E-05	-2.95466928E-05	-2.56141957E-06	-2.39327120E-06	-3.12455269E-06	 1.83595700E-05	 9.48611532E-05	 1.85764847E-06	 1.32587072E-06	-2.84205544E-05	-2.28823237E-05	-2.44169984E-05
 3.120000E-01	-7.45605305E-07	 1.66774667E-07	 1.23657892E-05	 1.13652035E-04	 5.87867725E-05	-8.62436996E-05	-6.46288145E-05	-6.54369431E-05	-4.29916106E-05	-2.88182865E-05	-2.56227050E-06	-2.39999752E-06	-3.26256317E-06	 1.67412596E-05	 9.01111404E-05	 2.14989595E-06	 1.58264559E-06	-2.70520767E-05	-2.19222893E-05	-2.35193919E-05
 3.130000E-01	-7.58568393E-07	 1.22533631E-07	 1.21379296E-05	 1.11950006E-04	 5.71492069E-05	-8.24635851E-05	-6.20961964E-05	-6.31870991E-05	-4.17260834E-05	-2.81043603E-05	-2.56389057E-06	-2.40717510E-06	-3.39438154E-06	 1.51949567E-05	 8.56128620E-05	 2.41293163E-06	 1.81511590E-06	-2.57498758E-05	-2.10026410E-05	-2.26542882E-05
 3.140000E-01	-7.71237689E-07	 7.90602532E-08	 1.19117863E-05	 1.10322348E-04	 5.55579027E-05	-7.88606961E-05	-5.96679166E-05	-6.10167310E-05	-4.04964180E-05	-2.74048776E-05	-2.56625469E-06	-2.41485103E-06	-3.52020762E-06	 1.37235707E-05	 8.13519236E-05	 2.64916015E-06	 2.02503855E-06	-2.45106966E-05	-2.01216944E-05	-2.18205698E-05
 3.150000E-01	-7.83570536E-07	 3.63570249E-08	 1.16870872E-05	 1.08767436E-04	 5.40125764E-05	-7.54261181E-05	-5.73395628E-05	-5.89230813E-05	-3.93017734E-05	-2.67197787E-05	-2.56933919E-06	-2.42309280E-06	-3.64031747E-06	 1.23310269E-05	 7.73150751E-05	 2.86075660E-06	 2.21402466E-06	-2.33314686E-05	-1.92778473E-05	-2.10171611E-05
 3.160000E-01	-7.95503715E-07	-5.54604864E-09	 1.14636522E-05	 1.07282626E-04	 5.25126006E-05	-7.21515993E-05	-5.51070489E-05	-5.69035292E-05	-3.81413117E-05	-2.60489533E-05	-2.57312375E-06	-2.43199333E-06	-3.75498969E-06	 1.10223342E-05	 7.34902307E-05	 3.04956595E-06	 2.38340690E-06	-2.22094244E-05	-1.84696557E-05	-2.02430679E-05
 3.170000E-01	-8.06985098E-07	-4.66190597E-08	 1.12413293E-05	 1.05863924E-04	 5.10573780E-05	-6.90292361E-05	-5.29663827E-05	-5.49555275E-05	-3.70141965E-05	-2.53922860E-05	-2.57757517E-06	-2.44163431E-06	-3.86453328E-06	 9.80363864E-06	 6.98653907E-05	 3.21760611E-06	 2.53460838E-06	-2.11417274E-05	-1.76955940E-05	-1.94972224E-05
 3.180000E-01	-8.18004225E-07	-8.68468469E-08	 1.10197008E-05	 1.04506675E-04	 4.96462793E-05	-6.60512525E-05	-5.09134804E-05	-5.30764931E-05	-3.59195962E-05	-2.47497018E-05	-2.58266562E-06	-2.45205866E-06	-3.96943243E-06	 8.67968180E-06	 6.64292650E-05	 3.36687703E-06	 2.66918542E-06	-2.01254826E-05	-1.69540780E-05	-1.87785433E-05
 3.190000E-01	-8.28549290E-07	-1.26184814E-07	 1.07981731E-05	 1.03204767E-04	 4.82783499E-05	-6.32103683E-05	-4.89444457E-05	-5.12638911E-05	-3.48566905E-05	-2.41211139E-05	-2.58838843E-06	-2.46330686E-06	-4.07027612E-06	 7.65242504E-06	 6.31723324E-05	 3.49881230E-06	 2.78840167E-06	-1.91581567E-05	-1.62437406E-05	-1.80861106E-05
 3.200000E-01	-8.38590475E-07	-1.64552455E-07	 1.05762606E-05	 1.01948654E-04	 4.69528724E-05	-6.04998973E-05	-4.70556704E-05	-4.95153505E-05	-3.38247021E-05	-2.35064292E-05	-2.59473141E-06	-2.47542087E-06	-4.16760142E-06	 6.72284349E-06	 6.00857391E-05	 3.61473939E-06	 2.89338393E-06	-1.82373868E-05	-1.55633001E-05	-1.74190432E-05
 3.210000E-01	-8.48093796E-07	-2.01836625E-07	 1.03536186E-05	 1.00725324E-04	 4.56695337E-05	-5.79137822E-05	-4.52438678E-05	-4.78287427E-05	-3.28229628E-05	-2.29056083E-05	-2.60168025E-06	-2.48843420E-06	-4.26188380E-06	 5.89112296E-06	 5.71611518E-05	 3.71598843E-06	 2.98523257E-06	-1.73609192E-05	-1.49115263E-05	-1.67764925E-05
 3.220000E-01	-8.57025368E-07	-2.37893691E-07	 1.01301097E-05	 9.95201104E-05	 4.44275134E-05	-5.54462624E-05	-4.35058663E-05	-4.62019831E-05	-3.18507960E-05	-2.23185853E-05	-2.60921558E-06	-2.50235251E-06	-4.35351588E-06	 5.15649782E-06	 5.43904733E-05	 3.80376913E-06	 3.06500721E-06	-1.65265776E-05	-1.42872092E-05	-1.61576177E-05
 3.230000E-01	-8.65352537E-07	-2.72539268E-07	 9.90604214E-06	 9.83181609E-05	 4.32246007E-05	-5.30915931E-05	-4.18384228E-05	-4.46328608E-05	-3.09074185E-05	-2.17451986E-05	-2.61730185E-06	-2.51712769E-06	-4.44265160E-06	 4.51726391E-06	 5.17653151E-05	 3.87903355E-06	 3.13381289E-06	-1.57321394E-05	-1.36890486E-05	-1.55615142E-05
 3.240000E-01	-8.73044757E-07	-3.05600410E-07	 9.68150771E-06	 9.71062084E-05	 4.20585799E-05	-5.08442393E-05	-4.02384415E-05	-4.31192364E-05	-2.99920458E-05	-2.11852592E-05	-2.62591203E-06	-2.53272877E-06	-4.52964463E-06	 3.96962115E-06	 4.92777793E-05	 3.94260100E-06	 3.19259263E-06	-1.49755608E-05	-1.31158588E-05	-1.49873348E-05
 3.250000E-01	-8.80084296E-07	-3.37009859E-07	 9.45554427E-06	 9.58737548E-05	 4.09292665E-05	-4.86989161E-05	-3.87031265E-05	-4.16591843E-05	-2.91039379E-05	-2.06385861E-05	-2.63503750E-06	-2.54920338E-06	-4.61562468E-06	 3.50718719E-06	 4.69208858E-05	 3.99567733E-06	 3.24186231E-06	-1.42551825E-05	-1.25667832E-05	-1.44343765E-05
 3.260000E-01	-8.86463864E-07	-3.66700084E-07	 9.22743288E-06	 9.46103142E-05	 3.98367175E-05	-4.66506823E-05	-3.72298969E-05	-4.02508927E-05	-2.82423696E-05	-2.01049757E-05	-2.64466475E-06	-2.56656424E-06	-4.70155916E-06	 3.12190598E-06	 4.46877848E-05	 4.03941352E-06	 3.28204635E-06	-1.35694679E-05	-1.20410259E-05	-1.39019624E-05
 3.270000E-01	-8.92178628E-07	-3.94498150E-07	 8.99777661E-06	 9.33033741E-05	 3.87788670E-05	-4.46949459E-05	-3.58161968E-05	-3.88925149E-05	-2.74065950E-05	-1.95841833E-05	-2.65475865E-06	-2.58471606E-06	-4.78758199E-06	 2.80487021E-06	 4.25712415E-05	 4.07437818E-06	 3.31386123E-06	-1.29167086E-05	-1.15375614E-05	-1.33893227E-05
 3.280000E-01	-8.97232798E-07	-4.20225589E-07	 8.76752545E-06	 9.19407939E-05	 3.77529308E-05	-4.28273403E-05	-3.44595007E-05	-3.75822251E-05	-2.65958650E-05	-1.90759559E-05	-2.66527569E-06	-2.60355227E-06	-4.87377061E-06	 2.54602042E-06	 4.05642951E-05	 4.10102428E-06	 3.33809077E-06	-1.22951804E-05	-1.10553181E-05	-1.28956691E-05
 3.290000E-01	-9.01642957E-07	-4.43765200E-07	 8.53735778E-06	 9.05138302E-05	 3.67566832E-05	-4.10436894E-05	-3.31574105E-05	-3.63182891E-05	-2.58094517E-05	-1.85800464E-05	-2.67618057E-06	-2.62299688E-06	-4.96044287E-06	 2.33335703E-06	 3.86606872E-05	 4.11989540E-06	 3.35534958E-06	-1.17033429E-05	-1.05933653E-05	-1.24202873E-05
 3.300000E-01	-9.05436905E-07	-4.65055068E-07	 8.30781585E-06	 8.90185105E-05	 3.57879936E-05	-3.93398431E-05	-3.19075536E-05	-3.50989611E-05	-2.50465896E-05	-1.80961684E-05	-2.68743535E-06	-2.64296463E-06	-5.04792252E-06	 2.15301117E-06	 3.68544062E-05	 4.13152834E-06	 3.36614606E-06	-1.11397599E-05	-1.01508384E-05	-1.19624904E-05
 3.310000E-01	-9.08650632E-07	-4.84087327E-07	 8.07942183E-06	 8.74554701E-05	 3.48440919E-05	-3.77113253E-05	-3.07073427E-05	-3.39222390E-05	-2.43063097E-05	-1.76238784E-05	-2.69897928E-06	-2.66333453E-06	-5.13655087E-06	 1.99003707E-06	 3.51392210E-05	 4.13637656E-06	 3.37086830E-06	-1.06030248E-05	-9.72687067E-06	-1.15215532E-05
 3.320000E-01	-9.11324907E-07	-5.00879415E-07	 7.85290693E-06	 8.58275045E-05	 3.39224995E-05	-3.61539387E-05	-2.95543246E-05	-3.27862222E-05	-2.35876958E-05	-1.71627588E-05	-2.71074750E-06	-2.68396633E-06	-5.22654108E-06	 1.82837621E-06	 3.35093063E-05	 4.13482175E-06	 3.36990767E-06	-1.00917844E-05	-9.32061600E-06	-1.10967736E-05
 3.330000E-01	-9.13503489E-07	-5.15464867E-07	 7.62904701E-06	 8.41389456E-05	 3.30217826E-05	-3.46641948E-05	-2.84464388E-05	-3.16894077E-05	-2.28901086E-05	-1.67125829E-05	-2.72269563E-06	-2.70472002E-06	-5.31786553E-06	 1.65028739E-06	 3.19597919E-05	 4.12725513E-06	 3.36379434E-06	-9.60474683E-06	-8.93126880E-06	-1.06875283E-05
 3.340000E-01	-9.15231926E-07	-5.27922547E-07	 7.40824551E-06	 8.23973700E-05	 3.21411037E-05	-3.32388215E-05	-2.73817510E-05	-3.06304165E-05	-2.22129914E-05	-1.62731769E-05	-2.73479865E-06	-2.72546263E-06	-5.41039119E-06	 1.43705239E-06	 3.04863521E-05	 4.11409721E-06	 3.35305565E-06	-9.14070400E-06	-8.55808818E-06	-1.02932481E-05
 3.350000E-01	-9.16557993E-07	-5.38377427E-07	 7.19066372E-06	 8.06133878E-05	 3.12802220E-05	-3.18746715E-05	-2.63584296E-05	-2.96079332E-05	-2.15558088E-05	-1.58443716E-05	-2.74704777E-06	-2.74607574E-06	-5.50385524E-06	 1.17083505E-06	 2.90848810E-05	 4.09578903E-06	 3.33811669E-06	-8.69856749E-06	-8.20042126E-06	-9.91341335E-06
 3.360000E-01	-9.17531358E-07	-5.46982562E-07	 6.97647133E-06	 7.87996048E-05	 3.04391505E-05	-3.05687390E-05	-2.53747342E-05	-2.86206929E-05	-2.09180370E-05	-1.54259954E-05	-2.75944080E-06	-2.76644736E-06	-5.59779667E-06	 8.36350587E-07	 2.77512815E-05	 4.07276886E-06	 3.31936989E-06	-8.27730212E-06	-7.85764099E-06	-9.54751770E-06
 3.370000E-01	-9.18201833E-07	-5.53914849E-07	 6.76573307E-06	 7.69699235E-05	 2.96180240E-05	-2.93181521E-05	-2.44290047E-05	-2.76674739E-05	-2.02991611E-05	-1.50178739E-05	-2.77198592E-06	-2.78649101E-06	-5.69162927E-06	 4.21658804E-07	 2.64815479E-05	 4.04545992E-06	 3.29718034E-06	-7.87592585E-06	-7.52914656E-06	-9.19507096E-06
 3.380000E-01	-9.18618725E-07	-5.59383621E-07	 6.55805067E-06	 7.51387580E-05	 2.88174862E-05	-2.81201611E-05	-2.35196808E-05	-2.67471163E-05	-1.96986792E-05	-1.46198334E-05	-2.78471424E-06	-2.80617729E-06	-5.78476398E-06	-8.15599720E-08	 2.52719180E-05	 4.01433265E-06	 3.27179925E-06	-7.49358571E-06	-7.21443641E-06	-8.85563601E-06
 3.390000E-01	-9.18826833E-07	-5.63599048E-07	 6.35284724E-06	 7.33187933E-05	 2.80379982E-05	-2.69721685E-05	-2.26452466E-05	-2.58584741E-05	-1.91160825E-05	-1.42316928E-05	-2.79766137E-06	-2.82549211E-06	-5.87653589E-06	-6.77203277E-07	 2.41189971E-05	 3.97986078E-06	 3.24350980E-06	-7.12943868E-06	-6.91299792E-06	-8.52877657E-06
 3.400000E-01	-9.18862775E-07	-5.66711976E-07	 6.15045711E-06	 7.15176714E-05	 2.72787624E-05	-2.58718760E-05	-2.18042051E-05	-2.50003928E-05	-1.85508639E-05	-1.38532835E-05	-2.81083183E-06	-2.84437872E-06	-5.96608706E-06	-1.36291135E-06	 2.30197205E-05	 3.94237457E-06	 3.21286730E-06	-6.78244421E-06	-6.62410824E-06	-8.21396764E-06
 3.410000E-01	-9.18759434E-07	-5.68841996E-07	 5.95170496E-06	 6.97388530E-05	 2.65393419E-05	-2.48174342E-05	-2.09953224E-05	-2.41719358E-05	-1.80026491E-05	-1.34845490E-05	-2.82425455E-06	-2.86286166E-06	-6.05273818E-06	-2.13035319E-06	 2.19714274E-05	 3.90220249E-06	 3.18041785E-06	-6.45163358E-06	-6.34708972E-06	-7.91074130E-06
 3.420000E-01	-9.18548109E-07	-5.70137589E-07	 5.75656706E-06	 6.79863932E-05	 2.58204897E-05	-2.38070090E-05	-2.02175160E-05	-2.33722684E-05	-1.74710892E-05	-1.31254496E-05	-2.83800989E-06	-2.88109120E-06	-6.13622205E-06	-2.96839628E-06	 2.09715879E-05	 3.85983106E-06	 3.14638950E-06	-6.13632353E-06	-6.08152382E-06	-7.61876174E-06
 3.430000E-01	-9.18254020E-07	-5.70747297E-07	 5.56450795E-06	 6.62657679E-05	 2.51226094E-05	-2.28385243E-05	-1.94695826E-05	-2.26004045E-05	-1.69557101E-05	-1.27758397E-05	-2.85216997E-06	-2.89921197E-06	-6.21632585E-06	-3.86515366E-06	 2.00175002E-05	 3.81574027E-06	 3.11090963E-06	-5.83587709E-06	-5.82702707E-06	-7.33768436E-06
 3.440000E-01	-9.17894340E-07	-5.70783000E-07	 5.37518586E-06	 6.45813545E-05	 2.44454124E-05	-2.19099692E-05	-1.87502958E-05	-2.18553188E-05	-1.64560088E-05	-1.24355381E-05	-2.86678732E-06	-2.91734111E-06	-6.29276615E-06	-4.80809730E-06	 1.91065935E-05	 3.77030908E-06	 3.07418115E-06	-5.54959771E-06	-5.58314539E-06	-7.06712377E-06
 3.450000E-01	-9.17478717E-07	-5.70323116E-07	 5.18851708E-06	 6.29353616E-05	 2.37881777E-05	-2.10194878E-05	-1.80584636E-05	-2.11360041E-05	-1.59714907E-05	-1.21043564E-05	-2.88190214E-06	-2.93559286E-06	-6.36535182E-06	-5.78412672E-06	 1.82366406E-05	 3.72385459E-06	 3.03645885E-06	-5.27676257E-06	-5.34938593E-06	-6.80667710E-06
 3.460000E-01	-9.17010921E-07	-5.69421584E-07	 5.00457583E-06	 6.13284238E-05	 2.31500524E-05	-2.01653633E-05	-1.73929535E-05	-2.04414922E-05	-1.55016789E-05	-1.17821035E-05	-2.89755017E-06	-2.95409241E-06	-6.43403870E-06	-6.78036079E-06	 1.74056424E-05	 3.67664545E-06	 2.99798430E-06	-5.01667570E-06	-5.12526746E-06	-6.55594949E-06
 3.470000E-01	-9.16492718E-07	-5.68125842E-07	 4.82304300E-06	 5.97612884E-05	 2.25307796E-05	-1.93459740E-05	-1.67527474E-05	-1.97709117E-05	-1.50461356E-05	-1.14685750E-05	-2.91378558E-06	-2.97301299E-06	-6.49886876E-06	-7.78579405E-06	 1.66115395E-05	 3.62896956E-06	 2.95884966E-06	-4.76878847E-06	-4.91043808E-06	-6.31460196E-06
 3.480000E-01	-9.15923448E-07	-5.66476820E-07	 4.64316608E-06	 5.82348739E-05	 2.19304713E-05	-1.85598143E-05	-1.61369346E-05	-1.91234882E-05	-1.46044566E-05	-1.11635160E-05	-2.93066807E-06	-2.99254704E-06	-6.55979489E-06	-8.79237259E-06	 1.58522640E-05	 3.58113935E-06	 2.91905934E-06	-4.53265839E-06	-4.70463512E-06	-6.08232010E-06
 3.490000E-01	-9.15295994E-07	-5.64495359E-07	 4.46451711E-06	 5.67480727E-05	 2.13486339E-05	-1.78055473E-05	-1.55446342E-05	-1.84984671E-05	-1.41762392E-05	-1.08666185E-05	-2.94822327E-06	-3.01284040E-06	-6.61667226E-06	-9.79407691E-06	 1.51260587E-05	 3.53339442E-06	 2.87871788E-06	-4.30778267E-06	-4.50752059E-06	-5.85874257E-06
 3.500000E-01	-9.14599762E-07	-5.62193018E-07	 4.28705682E-06	 5.52971098E-05	 2.07843323E-05	-1.70819449E-05	-1.49749695E-05	-1.78950886E-05	-1.37610745E-05	-1.05775646E-05	-2.96644881E-06	-3.03401179E-06	-6.66944769E-06	-1.07857916E-05	 1.44314709E-05	 3.48590884E-06	 2.83798987E-06	-4.09361397E-06	-4.31870064E-06	-5.64348586E-06
 3.510000E-01	-9.13824655E-07	-5.59584945E-07	 4.11068507E-06	 5.38769561E-05	 2.02367604E-05	-1.63877961E-05	-1.44270829E-05	-1.73126025E-05	-1.33585513E-05	-1.02960463E-05	-2.98534034E-06	-3.05618845E-06	-6.71819850E-06	-1.17634988E-05	 1.37671621E-05	 3.43884534E-06	 2.79698608E-06	-3.88965304E-06	-4.13782083E-06	-5.43619563E-06
 3.520000E-01	-9.12961509E-07	-5.56688931E-07	 3.93530397E-06	 5.24821767E-05	 1.97051702E-05	-1.57219330E-05	-1.39001503E-05	-1.67502855E-05	-1.29682722E-05	-1.00217753E-05	-3.00489001E-06	-3.07949046E-06	-6.76306701E-06	-1.27246935E-05	 1.31319361E-05	 3.39235470E-06	 2.75580433E-06	-3.69542547E-06	-3.96454519E-06	-5.23653911E-06
 3.530000E-01	-9.12000385E-07	-5.53520424E-07	 3.76094731E-06	 5.11074976E-05	 1.91887645E-05	-1.50832678E-05	-1.33933964E-05	-1.62074559E-05	-1.25898670E-05	-9.75449058E-06	-3.02509595E-06	-3.10404328E-06	-6.80424661E-06	-1.36685126E-05	 1.25247961E-05	 3.34654699E-06	 2.71454794E-06	-3.51047623E-06	-3.79854827E-06	-5.04420614E-06
 3.540000E-01	-9.10938752E-07	-5.50094491E-07	 3.58745610E-06	 4.97489573E-05	 1.86870442E-05	-1.44706865E-05	-1.29060674E-05	-1.56834589E-05	-1.22229864E-05	-9.49397802E-06	-3.04597047E-06	-3.12997921E-06	-6.84183945E-06	-1.45961279E-05	 1.19445302E-05	 3.30152355E-06	 2.67326871E-06	-3.33439709E-06	-3.63955318E-06	-4.85892560E-06
 3.550000E-01	-9.09787133E-07	-5.46421158E-07	 3.41445724E-06	 4.84036967E-05	 1.81998724E-05	-1.38829736E-05	-1.24373756E-05	-1.51776240E-05	-1.18672894E-05	-9.24010651E-06	-3.06753172E-06	-3.15738789E-06	-6.87570559E-06	-1.55107961E-05	 1.13894798E-05	 3.25737945E-06	 2.63199392E-06	-3.16678655E-06	-3.48730303E-06	-4.68045867E-06
 3.560000E-01	-9.08554664E-07	-5.42494563E-07	 3.24188347E-06	 4.70680067E-05	 1.77268854E-05	-1.33189233E-05	-1.19864973E-05	-1.46892399E-05	-1.15224307E-05	-8.99280593E-06	-3.08981102E-06	-3.18632087E-06	-6.90563359E-06	-1.64168111E-05	 1.08581223E-05	 3.21410747E-06	 2.59079609E-06	-3.00721562E-06	-3.34150739E-06	-4.50858354E-06
 3.570000E-01	-9.07249831E-07	-5.38314403E-07	 3.06997248E-06	 4.57366678E-05	 1.72673757E-05	-1.27774104E-05	-1.15526096E-05	-1.42175877E-05	-1.11880621E-05	-8.75201458E-06	-3.11283835E-06	-3.21681651E-06	-6.93152623E-06	-1.73184212E-05	 1.03493251E-05	 3.17165118E-06	 2.54979359E-06	-2.85523391E-06	-3.20184193E-06	-4.34307261E-06
 3.580000E-01	-9.05888820E-07	-5.33897899E-07	 2.89892539E-06	 4.44039561E-05	 1.68206605E-05	-1.22573584E-05	-1.11349232E-05	-1.37619814E-05	-1.08638455E-05	-8.51766233E-06	-3.13663876E-06	-3.24891496E-06	-6.95332092E-06	-1.82196857E-05	 9.86202131E-06	 3.12998055E-06	 2.50908707E-06	-2.71041604E-06	-3.06800026E-06	-4.18369992E-06
 3.590000E-01	-9.04492651E-07	-5.29266435E-07	 2.72884607E-06	 4.30642960E-05	 1.63862202E-05	-1.17577302E-05	-1.07326999E-05	-1.33217803E-05	-1.05494598E-05	-8.28967313E-06	-3.16125266E-06	-3.28267401E-06	-6.97083249E-06	-1.91246622E-05	 9.39499179E-06	 3.08905713E-06	 2.46871977E-06	-2.57240091E-06	-2.93972926E-06	-4.03026312E-06
 3.600000E-01	-9.03083827E-07	-5.24447788E-07	 2.55977211E-06	 4.17118322E-05	 1.59635927E-05	-1.12775155E-05	-1.03452329E-05	-1.28963645E-05	-1.02445847E-05	-8.06795377E-06	-3.18673151E-06	-3.31815388E-06	-6.98372313E-06	-2.00370761E-05	 8.94691639E-06	 3.04881551E-06	 2.42869251E-06	-2.44087602E-06	-2.81681260E-06	-3.88257593E-06
 3.610000E-01	-9.01685515E-07	-5.19517269E-07	 2.39179840E-06	 4.03391494E-05	 1.55519457E-05	-1.08157108E-05	-9.97178267E-06	-1.24850684E-05	-9.94885187E-06	-7.85234928E-06	-3.21306785E-06	-3.35533206E-06	-6.99177792E-06	-2.09592004E-05	 8.51684942E-06	 3.00920890E-06	 2.38905134E-06	-2.31548549E-06	-2.69898178E-06	-3.74041017E-06
 3.620000E-01	-9.00326521E-07	-5.14612867E-07	 2.22515391E-06	 3.89373126E-05	 1.51501850E-05	-1.03714266E-05	-9.61165732E-06	-1.20872659E-05	-9.66189969E-06	-7.64266259E-06	-3.24019317E-06	-3.39413551E-06	-6.99509913E-06	-2.18910223E-05	 8.10439165E-06	 2.97025526E-06	 2.34990688E-06	-2.19583632E-06	-2.58592144E-06	-3.60349817E-06
 3.630000E-01	-8.99037591E-07	-5.09867962E-07	 2.06005895E-06	 3.74981540E-05	 1.47575683E-05	-9.94393532E-06	-9.26432225E-06	-1.17024785E-05	-9.38344581E-06	-7.43870797E-06	-3.26808946E-06	-3.43459450E-06	-6.99379847E-06	-2.28309649E-05	 7.70906856E-06	 2.93196900E-06	 2.31129491E-06	-2.08164825E-06	-2.47741336E-06	-3.47162480E-06
 3.640000E-01	-8.97850272E-07	-5.05391604E-07	 1.89667109E-06	 3.60154456E-05	 1.43736431E-05	-9.53255801E-06	-8.92932273E-06	-1.13303004E-05	-9.11324630E-06	-7.24031036E-06	-3.29678106E-06	-3.47679039E-06	-6.98775735E-06	-2.37768912E-05	 7.33004050E-06	 2.89433124E-06	 2.27317528E-06	-1.97272733E-06	-2.37331923E-06	-3.34462046E-06
 3.650000E-01	-8.96800453E-07	-5.01305473E-07	 1.73521017E-06	 3.44839124E-05	 1.39979110E-05	-9.13663605E-06	-8.60621213E-06	-1.09703342E-05	-8.85106350E-06	-7.04730086E-06	-3.32627363E-06	-3.52075625E-06	-6.97676813E-06	-2.47258774E-05	 6.96643717E-06	 2.85731778E-06	 2.23553063E-06	-1.86886260E-06	-2.27348475E-06	-3.22230976E-06
 3.660000E-01	-8.95927022E-07	-4.97737920E-07	 1.57593881E-06	 3.28985481E-05	 1.36298534E-05	-8.75553504E-06	-8.29455478E-06	-1.06221916E-05	-8.59666523E-06	-6.85951698E-06	-3.35656867E-06	-3.56650403E-06	-6.96055170E-06	-2.56735913E-05	 6.61734754E-06	 2.82087842E-06	 2.19834490E-06	-1.76984557E-06	-2.17775540E-06	-3.10452135E-06
 3.670000E-01	-8.95274009E-07	-4.94826186E-07	 1.41907480E-06	 3.12540982E-05	 1.32690265E-05	-8.38863683E-06	-7.99392616E-06	-1.02854938E-05	-8.34982428E-06	-6.67680305E-06	-3.38765716E-06	-3.61401772E-06	-6.93876588E-06	-2.66138778E-05	 6.28175474E-06	 2.78494418E-06	 2.16159501E-06	-1.67547524E-06	-2.08598162E-06	-2.99108859E-06
 3.680000E-01	-8.94882573E-07	-4.92747400E-07	 1.26488016E-06	 2.95439859E-05	 1.29149601E-05	-8.03536281E-06	-7.70390200E-06	-9.95985554E-06	-8.11031129E-06	-6.49900577E-06	-3.41951136E-06	-3.66324615E-06	-6.91136157E-06	-2.75383249E-05	 5.95911395E-06	 2.74945731E-06	 2.12529683E-06	-1.58552928E-06	-1.99798664E-06	-2.88183878E-06
 3.690000E-01	-8.94790158E-07	-4.91704132E-07	 1.11368138E-06	 2.77609164E-05	 1.25671333E-05	-7.69517002E-06	-7.42405681E-06	-9.64488670E-06	-7.87789840E-06	-6.32597830E-06	-3.45210162E-06	-3.71413027E-06	-6.87860225E-06	-2.84365524E-05	 5.64948361E-06	 2.71438738E-06	 2.08949218E-06	-1.49977401E-06	-1.91357965E-06	-2.77660063E-06
 3.700000E-01	-8.95043641E-07	-4.91865966E-07	 9.65825950E-07	 2.58991629E-05	 1.22251315E-05	-7.36753556E-06	-7.15399181E-06	-9.34023127E-06	-7.65238429E-06	-6.15759846E-06	-3.48541135E-06	-3.76661918E-06	-6.84060619E-06	-2.92973946E-05	 5.35273419E-06	 2.67970805E-06	 2.05419087E-06	-1.41800213E-06	-1.83260106E-06	-2.67522010E-06
 3.710000E-01	-8.95699914E-07	-4.93366030E-07	 8.21816857E-07	 2.39552461E-05	 1.18887416E-05	-7.05202301E-06	-6.89338894E-06	-9.04562149E-06	-7.43363264E-06	-5.99379347E-06	-3.51947020E-06	-3.82071168E-06	-6.79732944E-06	-3.01097176E-05	 5.06833084E-06	 2.64536731E-06	 2.01937706E-06	-1.34004731E-06	-1.75493252E-06	-2.57757363E-06
 3.720000E-01	-8.96815399E-07	-4.96350451E-07	 6.82191269E-07	 2.19270438E-05	 1.15577305E-05	-6.74821445E-06	-6.64193771E-06	-8.76078833E-06	-7.22150427E-06	-5.83448711E-06	-3.55430208E-06	-3.87638542E-06	-6.74885280E-06	-3.08622199E-05	 4.79585476E-06	 2.61130158E-06	 1.98504215E-06	-1.26574285E-06	-1.68045006E-06	-2.48353795E-06
 3.730000E-01	-8.98442075E-07	-5.01010799E-07	 5.47346844E-07	 1.98133484E-05	 1.12316855E-05	-6.45563360E-06	-6.39926792E-06	-8.48538661E-06	-7.01580026E-06	-5.67955735E-06	-3.58986287E-06	-3.93351395E-06	-6.69556741E-06	-3.15429112E-05	 4.53543929E-06	 2.57747708E-06	 1.95120162E-06	-1.19488879E-06	-1.60899171E-06	-2.39296348E-06
 3.740000E-01	-9.00631048E-07	-5.07522226E-07	 4.17764038E-07	 1.76152831E-05	 1.09100875E-05	-6.17381508E-06	-6.16501318E-06	-8.21906778E-06	-6.81631589E-06	-5.52887682E-06	-3.62610078E-06	-3.99195213E-06	-6.63788499E-06	-3.21394803E-05	 4.28744048E-06	 2.54386457E-06	 1.91786239E-06	-1.12729453E-06	-1.54040181E-06	-2.30570464E-06
 3.750000E-01	-9.03434420E-07	-5.15929212E-07	 2.94222471E-07	 1.53383805E-05	 1.05923426E-05	-5.90233385E-06	-5.93885392E-06	-7.96152230E-06	-6.62286810E-06	-5.38233628E-06	-3.66302487E-06	-4.05161660E-06	-6.57558064E-06	-3.26400302E-05	 4.05128958E-06	 2.51031342E-06	 1.88493770E-06	-1.06284562E-06	-1.47459723E-06	-2.22165600E-06
 3.760000E-01	-9.06901749E-07	-5.26230615E-07	 1.77545257E-07	 1.29908842E-05	 1.02778731E-05	-5.64081222E-06	-5.72050081E-06	-7.71245783E-06	-6.43528118E-06	-5.23983958E-06	-3.70065187E-06	-4.11239334E-06	-6.50821731E-06	-3.30323752E-05	 3.82577590E-06	 2.47658649E-06	 1.85230984E-06	-1.00145238E-06	-1.41151450E-06	-2.14072628E-06
 3.770000E-01	-9.11077594E-07	-5.38527912E-07	 6.82053730E-08	 1.05803252E-05	 9.96622089E-06	-5.38890936E-06	-5.50965673E-06	-7.47156386E-06	-6.25336569E-06	-5.10128721E-06	-3.73892912E-06	-4.17404248E-06	-6.43594835E-06	-3.33026789E-05	 3.61045549E-06	 2.44252596E-06	 1.81994385E-06	-9.42965617E-07	-1.35102681E-06	-2.06279566E-06
 3.780000E-01	-9.16003130E-07	-5.52953628E-07	-3.35363454E-08	 8.11376625E-06	 9.65702239E-06	-5.14631390E-06	-5.30602705E-06	-7.23852684E-06	-6.07692778E-06	-4.96657704E-06	-3.77777652E-06	-4.23628059E-06	-6.35925728E-06	-3.34354788E-05	 3.40552067E-06	 2.40804345E-06	 1.78783763E-06	-8.87218276E-07	-1.29298720E-06	-1.98773545E-06
 3.790000E-01	-9.21713751E-07	-5.69578754E-07	-1.27362122E-07	 5.59985938E-06	 9.34992973E-06	-4.91275456E-06	-5.10934232E-06	-7.01305065E-06	-5.90578186E-06	-4.83561013E-06	-3.81712965E-06	-4.29884328E-06	-6.27859655E-06	-3.34148416E-05	 3.21114346E-06	 2.37304678E-06	 1.75596130E-06	-8.34072683E-07	-1.23727498E-06	-1.91543137E-06
 3.800000E-01	-9.28231196E-07	-5.88419791E-07	-2.12887781E-07	 3.04982131E-06	 9.04457722E-06	-4.68800175E-06	-4.91935515E-06	-6.79484811E-06	-5.73974440E-06	-4.70828487E-06	-3.85693228E-06	-4.36147051E-06	-6.19453706E-06	-3.32252863E-05	 3.02746435E-06	 2.33743593E-06	 1.72426487E-06	-7.83415458E-07	-1.18378844E-06	-1.84578065E-06
 3.810000E-01	-9.35561817E-07	-6.09442496E-07	-2.89762747E-07	 4.78052398E-07	 8.74052031E-06	-4.47184542E-06	-4.73581929E-06	-6.58361655E-06	-5.57861484E-06	-4.58448078E-06	-3.89709911E-06	-4.42385607E-06	-6.10780458E-06	-3.28524353E-05	 2.85456951E-06	 2.30110594E-06	 1.69267984E-06	-7.35148080E-07	-1.13243556E-06	-1.77868201E-06
 3.820000E-01	-9.43720738E-07	-6.32583762E-07	-3.57751511E-07	-2.09759864E-06	 8.43737707E-06	-4.26410614E-06	-4.55849956E-06	-6.37906417E-06	-5.42219932E-06	-4.46407444E-06	-3.93747810E-06	-4.48561117E-06	-6.01895086E-06	-3.22843427E-05	 2.69266234E-06	 2.26400637E-06	 1.66115435E-06	-6.89156588E-07	-1.08311221E-06	-1.71401975E-06
 3.830000E-01	-9.52717488E-07	-6.57738407E-07	-4.16504719E-07	-4.65668052E-06	 8.13508877E-06	-4.06466573E-06	-4.38720836E-06	-6.18094712E-06	-5.27033984E-06	-4.34695803E-06	-3.97796358E-06	-4.54644290E-06	-5.92836420E-06	-3.15127264E-05	 2.54226017E-06	 2.22614343E-06	 1.62965511E-06	-6.45340104E-07	-1.03572657E-06	-1.65169102E-06
 3.840000E-01	-9.62539220E-07	-6.84752511E-07	-4.65559219E-07	-7.17699748E-06	 7.83381562E-06	-3.87344610E-06	-4.22179239E-06	-5.98904614E-06	-5.12289379E-06	-4.23302879E-06	-4.01850056E-06	-4.60615631E-06	-5.83663091E-06	-3.05328031E-05	 2.40395090E-06	 2.18755140E-06	 1.59815125E-06	-6.03622629E-07	-9.90206677E-07	-1.59161114E-06
 3.850000E-01	-9.73165662E-07	-7.13429712E-07	-5.04481889E-07	-9.63471802E-06	 7.53373031E-06	-3.69038847E-06	-4.06211189E-06	-5.80315073E-06	-4.97972193E-06	-4.12218741E-06	-4.05900517E-06	-4.66453652E-06	-5.74451311E-06	-2.93431238E-05	 2.27817056E-06	 2.14829986E-06	 1.56662131E-06	-5.63926694E-07	-9.46479345E-07	-1.53369299E-06
 3.860000E-01	-9.84566726E-07	-7.43481582E-07	-5.32684690E-07	-1.20044704E-05	 7.23497563E-06	-3.51546201E-06	-3.90804805E-06	-5.62306491E-06	-4.84069181E-06	-4.01433996E-06	-4.09941919E-06	-4.72143261E-06	-5.65258170E-06	-2.79461214E-05	 2.16500331E-06	 2.10843982E-06	 1.53502750E-06	-5.26196047E-07	-9.04491012E-07	-1.47786066E-06
 3.870000E-01	-9.96707038E-07	-7.74595039E-07	-5.49708180E-07	-1.42611287E-05	 6.93791667E-06	-3.34863913E-06	-3.75949356E-06	-5.44860014E-06	-4.70567309E-06	-3.90939514E-06	-4.13970406E-06	-4.77674900E-06	-5.56110315E-06	-2.63480957E-05	 2.06447521E-06	 2.06803777E-06	 1.50333923E-06	-4.90380618E-07	-8.64193854E-07	-1.42404357E-06
 3.880000E-01	-1.00954798E-06	-8.06603221E-07	-5.55977354E-07	-1.63831489E-05	 6.64344250E-06	-3.18983361E-06	-3.61632596E-06	-5.27955637E-06	-4.57452491E-06	-3.80726007E-06	-4.17974635E-06	-4.83029188E-06	-5.47078221E-06	-2.45577658E-05	 1.97737763E-06	 2.02732942E-06	 1.47160738E-06	-4.56385670E-07	-8.25498392E-07	-1.37215190E-06
 3.890000E-01	-1.02303694E-06	-8.39379859E-07	-5.52395840E-07	-1.83523492E-05	 6.35246234E-06	-3.03892829E-06	-3.47842047E-06	-5.11573488E-06	-4.44710392E-06	-3.70784861E-06	-4.21938947E-06	-4.88181784E-06	-5.38312234E-06	-2.25854391E-05	 1.90470932E-06	 1.98665156E-06	 1.43991994E-06	-4.24104013E-07	-7.88303582E-07	-1.32209225E-06
 3.900000E-01	-1.03710513E-06	-8.72608052E-07	-5.39238287E-07	-2.01502667E-05	 6.06535790E-06	-2.89585193E-06	-3.34568123E-06	-4.95696293E-06	-4.32328112E-06	-3.61108801E-06	-4.25856561E-06	-4.93125875E-06	-5.29956316E-06	-2.04449182E-05	 1.84665358E-06	 1.94624140E-06	 1.40830559E-06	-3.93481116E-07	-7.52558588E-07	-1.27379999E-06
 3.910000E-01	-1.05167829E-06	-9.05876161E-07	-5.16441093E-07	-2.17577611E-05	 5.78237764E-06	-2.76054531E-06	-3.21802535E-06	-4.80308095E-06	-4.20293471E-06	-3.51690826E-06	-4.29725862E-06	-4.97866805E-06	-5.22110548E-06	-1.81549352E-05	 1.80302143E-06	 1.90628913E-06	 1.37677124E-06	-3.64484881E-07	-7.18235157E-07	-1.22722302E-06
 3.920000E-01	-1.06668284E-06	-9.38843038E-07	-4.84329603E-07	-2.31577392E-05	 5.50405566E-06	-2.63290246E-06	-3.09536364E-06	-4.65393335E-06	-4.08594581E-06	-3.42523861E-06	-4.33543413E-06	-5.02409909E-06	-5.14869809E-06	-1.57380978E-05	 1.77379617E-06	 1.86704922E-06	 1.34536058E-06	-3.37066967E-07	-6.85291801E-07	-1.18230325E-06
 3.930000E-01	-1.08204927E-06	-9.71237155E-07	-4.43662375E-07	-2.43368083E-05	 5.23107022E-06	-2.51277146E-06	-2.97760194E-06	-4.50937440E-06	-3.97220327E-06	-3.33601175E-06	-4.37303046E-06	-5.06759047E-06	-5.08343650E-06	-1.32194154E-05	 1.75895558E-06	 1.82882656E-06	 1.31414651E-06	-3.11166421E-07	-6.53677879E-07	-1.13897780E-06
 3.940000E-01	-1.09770246E-06	-1.00279231E-06	-3.95308133E-07	-2.52854689E-05	 4.96406588E-06	-2.39997204E-06	-2.86464718E-06	-4.36927158E-06	-3.86160571E-06	-3.24916252E-06	-4.41000522E-06	-5.10924251E-06	-5.02656766E-06	-1.06259757E-05	 1.75822834E-06	 1.79191812E-06	 1.28320250E-06	-2.86730553E-07	-6.23352275E-07	-1.09718993E-06
 3.950000E-01	-1.11355397E-06	-1.03322221E-06	-3.39851904E-07	-2.59980844E-05	 4.70379188E-06	-2.29429250E-06	-2.75640956E-06	-4.23350777E-06	-3.75406441E-06	-3.16462515E-06	-4.44641566E-06	-5.14935455E-06	-4.97916588E-06	-7.98749138E-06	 1.77122099E-06	 1.75659369E-06	 1.25259327E-06	-2.63727961E-07	-5.94295434E-07	-1.05689940E-06
 3.960000E-01	-1.12953170E-06	-1.06231831E-06	-2.77958351E-07	-2.64732794E-05	 4.45119919E-06	-2.19545869E-06	-2.65278196E-06	-4.10196735E-06	-3.64949469E-06	-3.08232929E-06	-4.48228978E-06	-5.18822669E-06	-4.94183853E-06	-5.33516555E-06	 1.79769991E-06	 1.72316067E-06	 1.22240770E-06	-2.42110477E-07	-5.66476445E-07	-1.01805799E-06
 3.970000E-01	-1.14557978E-06	-1.08997127E-06	-2.10669507E-07	-2.67145481E-05	 4.20725460E-06	-2.10314081E-06	-2.55363965E-06	-3.97453476E-06	-3.54781349E-06	-3.00220341E-06	-4.51758993E-06	-5.22607121E-06	-4.91503949E-06	-2.69940219E-06	 1.83734290E-06	 1.69194308E-06	 1.19275386E-06	-2.21812352E-07	-5.39851189E-07	-9.80608101E-07
 3.980000E-01	-1.16163943E-06	-1.11612040E-06	-1.39194342E-07	-2.67302883E-05	 3.97284526E-06	-2.01697946E-06	-2.45885345E-06	-3.85110189E-06	-3.44894354E-06	-2.92417936E-06	-4.55230671E-06	-5.26314144E-06	-4.89930910E-06	-1.08858992E-07	 1.88958944E-06	 1.66322556E-06	 1.16373464E-06	-2.02775396E-07	-5.14383712E-07	-9.44500460E-07
 3.990000E-01	-1.17765368E-06	-1.14077320E-06	-6.48920128E-08	-2.65333308E-05	 3.74887656E-06	-1.93657266E-06	-2.36828215E-06	-3.73156306E-06	-3.35281067E-06	-2.84819144E-06	-4.58642997E-06	-5.29968771E-06	-4.89524909E-06	 2.40965834E-06	 1.95401019E-06	 1.63730100E-06	 1.13546485E-06	-1.84934776E-07	-4.90034208E-07	-9.09686821E-07
 4.000000E-01	-1.19356919E-06	-1.16391833E-06	 1.13582472E-08	-2.61391431E-05	 3.53607390E-06	-1.86150778E-06	-2.28178251E-06	-3.61582391E-06	-3.25935111E-06	-2.77418263E-06	-4.62000551E-06	-5.33605643E-06	-4.90324073E-06	 4.83107333E-06	 2.03013230E-06	 1.61442465E-06	 1.10805274E-06	-1.68229836E-07	-4.66768985E-07	-8.76126135E-07
 4.010000E-01	-1.20936101E-06	-1.18546849E-06	 8.94225180E-08	-2.55635561E-05	 3.33456000E-06	-1.79144795E-06	-2.19923548E-06	-3.50382123E-06	-3.16852584E-06	-2.70211956E-06	-4.65314497E-06	-5.37269398E-06	-4.92315337E-06	 7.13294749E-06	 2.11670018E-06	 1.59469027E-06	 1.08156497E-06	-1.52613545E-07	-4.44568048E-07	-8.43786019E-07
 4.020000E-01	-1.22501130E-06	-1.20539910E-06	 1.68780806E-07	-2.48239253E-05	 3.14423626E-06	-1.72607629E-06	-2.12052290E-06	-3.39549207E-06	-3.08029404E-06	-2.63197332E-06	-4.68595899E-06	-5.40996767E-06	-4.95478757E-06	 9.29712866E-06	 2.21195198E-06	 1.57808469E-06	 1.05604858E-06	-1.38040891E-07	-4.23411757E-07	-8.12636481E-07
 4.030000E-01	-1.24049002E-06	-1.22384256E-06	 2.48006844E-07	-2.39412903E-05	 2.96533558E-06	-1.66499676E-06	-2.04549175E-06	-3.29074215E-06	-2.99458973E-06	-2.56369826E-06	-4.71850552E-06	-5.44807588E-06	-4.99806738E-06	 1.13103433E-05	 2.31460090E-06	 1.56463914E-06	 1.03157345E-06	-1.24451045E-07	-4.03264891E-07	-7.82642253E-07
 4.040000E-01	-1.25577629E-06	-1.24097433E-06	 3.25639815E-07	-2.29391794E-05	 2.79808658E-06	-1.60778695E-06	-1.97397100E-06	-3.18946736E-06	-2.91134118E-06	-2.49724500E-06	-4.75080842E-06	-5.48713664E-06	-5.05272275E-06	 1.31638280E-05	 2.42372763E-06	 1.55439960E-06	 1.00821558E-06	-1.11773017E-07	-3.84083518E-07	-7.53763515E-07
 4.050000E-01	-1.27085332E-06	-1.25691729E-06	 4.00723315E-07	-2.18413239E-05	 2.64239563E-06	-1.55406128E-06	-1.90579346E-06	-3.09156810E-06	-2.83048150E-06	-2.43256703E-06	-4.78292416E-06	-5.52730468E-06	-5.11827577E-06	 1.48527121E-05	 2.53825925E-06	 1.54733720E-06	 9.86024185E-07	-9.99460308E-08	-3.65832217E-07	-7.25965850E-07
 4.060000E-01	-1.28569810E-06	-1.27178107E-06	 4.72502666E-07	-2.06707513E-05	 2.49791831E-06	-1.50347629E-06	-1.84079977E-06	-2.99694994E-06	-2.75194874E-06	-2.36962009E-06	-4.81495185E-06	-5.56875924E-06	-5.19433004E-06	 1.63758952E-05	 2.65688106E-06	 1.54334627E-06	 9.65024146E-07	-8.89208776E-08	-3.48484449E-07	-6.99222053E-07
 4.070000E-01	-1.30031131E-06	-1.28576474E-06	 5.39853355E-07	-1.94493614E-05	 2.36428561E-06	-1.45569798E-06	-1.77882273E-06	-2.90551247E-06	-2.67567939E-06	-2.30835743E-06	-4.84686474E-06	-5.61145373E-06	-5.28046223E-06	 1.77360843E-05	 2.77861155E-06	 1.54235049E-06	 9.45250566E-07	-7.86305235E-08	-3.31997009E-07	-6.73492310E-07
 4.080000E-01	-1.31471090E-06	-1.29909480E-06	 6.01833864E-07	-1.81972832E-05	 2.24129206E-06	-1.41038206E-06	-1.71968708E-06	-2.81715169E-06	-2.60161155E-06	-2.24872987E-06	-4.87859407E-06	-5.65530512E-06	-5.37597768E-06	 1.89380887E-05	 2.90302007E-06	 1.54432042E-06	 9.26746052E-07	-6.89996269E-08	-3.16318929E-07	-6.48731433E-07
 4.090000E-01	-1.32889580E-06	-1.31190540E-06	 6.58314754E-07	-1.69319570E-05	 2.12865971E-06	-1.36721331E-06	-1.66322838E-06	-2.73177193E-06	-2.52969202E-06	-2.19069079E-06	-4.91020711E-06	-5.70046395E-06	-5.48009621E-06	 1.99875604E-05	 3.02956896E-06	 1.54916509E-06	 9.09524587E-07	-5.99766976E-08	-3.01418973E-07	-6.24909898E-07
 4.100000E-01	-1.34285985E-06	-1.32429684E-06	 7.09364136E-07	-1.56674432E-05	 2.02587491E-06	-1.32592042E-06	-1.60928814E-06	-2.64927543E-06	-2.45986581E-06	-2.13419225E-06	-4.94175022E-06	-5.74702070E-06	-5.59199637E-06	 2.08918247E-05	 3.15753106E-06	 1.55674379E-06	 8.93580863E-07	-5.15168559E-08	-2.87269128E-07	-6.01999462E-07
 4.110000E-01	-1.35659202E-06	-1.33633562E-06	 7.55010050E-07	-1.44143562E-05	 1.93231564E-06	-1.28625958E-06	-1.55770281E-06	-2.56954561E-06	-2.39206100E-06	-2.07917398E-06	-4.97318860E-06	-5.79491174E-06	-5.71053169E-06	 2.16601935E-05	 3.28617340E-06	 1.56687984E-06	 8.78890494E-07	-4.35788291E-08	-2.73840741E-07	-5.79968639E-07
 4.120000E-01	-1.37009813E-06	-1.34812461E-06	 7.95102786E-07	-1.31817453E-05	 1.84757788E-06	-1.24800304E-06	-1.50831609E-06	-2.49246809E-06	-2.32620675E-06	-2.02557861E-06	-5.00446403E-06	-5.84403386E-06	-5.83416648E-06	 2.23032834E-05	 3.41494743E-06	 1.57939462E-06	 8.65425986E-07	-3.61200956E-08	-2.61101825E-07	-5.58784296E-07
 4.130000E-01	-1.38339220E-06	-1.35990947E-06	 8.28877814E-07	-1.19807435E-05	 1.77170999E-06	-1.21089423E-06	-1.46098147E-06	-2.41794782E-06	-2.26224833E-06	-1.97336536E-06	-5.03555285E-06	-5.89430066E-06	-5.96169712E-06	 2.28327081E-05	 3.54374275E-06	 1.59420595E-06	 8.53193892E-07	-2.90871392E-08	-2.49011919E-07	-5.38414521E-07
 4.140000E-01	-1.39647047E-06	-1.37193318E-06	 8.55363571E-07	-1.08241008E-05	 1.70455117E-06	-1.17469509E-06	-1.41555961E-06	-2.34589545E-06	-2.20013354E-06	-1.92250005E-06	-5.06642939E-06	-5.94555855E-06	-6.09269639E-06	 2.32616600E-05	 3.67252237E-06	 1.61127031E-06	 8.42210250E-07	-2.24256618E-08	-2.37529903E-07	-5.18829812E-07
 4.150000E-01	-1.40933395E-06	-1.38426778E-06	 8.74387628E-07	-9.72169617E-06	 1.64525756E-06	-1.13928663E-06	-1.37193547E-06	-2.27622777E-06	-2.13981164E-06	-1.87295258E-06	-5.09706644E-06	-5.99765395E-06	-6.22690255E-06	 2.36040688E-05	 3.80091443E-06	 1.63044551E-06	 8.32452848E-07	-1.60950761E-08	-2.26623381E-07	-5.00002811E-07
 4.160000E-01	-1.42199267E-06	-1.39690758E-06	 8.86352356E-07	-8.67925333E-06	 1.59288871E-06	-1.10461845E-06	-1.33001318E-06	-2.20886657E-06	-2.08123408E-06	-1.82469481E-06	-5.12747861E-06	-6.05052722E-06	-6.36382383E-06	 2.38729657E-05	 3.92849013E-06	 1.65153369E-06	 8.23876204E-07	-1.00655811E-08	-2.16266534E-07	-4.81909387E-07
 4.170000E-01	-1.43445836E-06	-1.40991688E-06	 8.91317412E-07	-7.70047604E-06	 1.54682276E-06	-1.07062173E-06	-1.28969696E-06	-2.14373239E-06	-2.02435158E-06	-1.77769794E-06	-5.15765775E-06	-6.10407258E-06	-6.50301988E-06	 2.40805774E-05	 4.05512823E-06	 1.67440041E-06	 8.16451525E-07	-4.30230197E-09	-2.06428720E-07	-4.64523709E-07
 4.180000E-01	-1.44674177E-06	-1.42337476E-06	 8.89026427E-07	-6.78772436E-06	 1.50645508E-06	-1.03722635E-06	-1.25089135E-06	-2.08074465E-06	-1.96911443E-06	-1.73193273E-06	-5.18752765E-06	-6.15806069E-06	-6.64442680E-06	 2.42387197E-05	 4.18085816E-06	 1.69896250E-06	 8.10161303E-07	 1.23427193E-09	-1.97074992E-07	-4.47816535E-07
 4.190000E-01	-1.45883625E-06	-1.43721902E-06	 8.79903182E-07	-5.94062551E-06	 1.47098210E-06	-1.00441696E-06	-1.21351759E-06	-2.01983024E-06	-1.91547879E-06	-1.68737205E-06	-5.21711670E-06	-6.21246131E-06	-6.78824621E-06	 2.43570691E-05	 4.30537579E-06	 1.72506154E-06	 8.04959345E-07	 6.56545619E-09	-1.88184393E-07	-4.31766964E-07
 4.200000E-01	-1.47073818E-06	-1.45134688E-06	 8.64972810E-07	-5.15610397E-06	 1.43979329E-06	-9.72199000E-07	-1.17750915E-06	-1.96092338E-06	-1.86340779E-06	-1.64399083E-06	-5.24655537E-06	-6.26747525E-06	-6.93430345E-06	 2.44419086E-05	 4.42835299E-06	 1.75250312E-06	 8.00785034E-07	 1.17016807E-08	-1.79743441E-07	-4.16359079E-07
 4.210000E-01	-1.48247681E-06	-1.46580975E-06	 8.44726879E-07	-4.43090785E-06	 1.41266745E-06	-9.40541316E-07	-1.14279799E-06	-1.90396303E-06	-1.81287068E-06	-1.60176799E-06	-5.27589109E-06	-6.32318868E-06	-7.08211109E-06	 2.44978974E-05	 4.54987123E-06	 1.78119112E-06	 7.97607947E-07	 1.66682013E-08	-1.71725954E-07	-4.01568907E-07
 4.220000E-01	-1.49407886E-06	-1.48070687E-06	 8.19210347E-07	-3.76279729E-06	 1.38943362E-06	-9.09395227E-07	-1.10931362E-06	-1.84888607E-06	-1.76383475E-06	-1.56068094E-06	-5.30511689E-06	-6.37957949E-06	-7.23137963E-06	 2.45296508E-05	 4.67009622E-06	 1.81108118E-06	 7.95410749E-07	 2.14937875E-08	-1.64102984E-07	-3.87370572E-07
 4.230000E-01	-1.50554774E-06	-1.49607158E-06	 7.88586075E-07	-3.14962642E-06	 1.36984479E-06	-8.78718672E-07	-1.07698526E-06	-1.79562223E-06	-1.71625912E-06	-1.52070034E-06	-5.33422264E-06	-6.43662241E-06	-7.38198295E-06	 2.45414878E-05	 4.78919555E-06	 1.84213084E-06	 7.94169960E-07	 2.62000613E-08	-1.56850863E-07	-3.73740851E-07
 4.240000E-01	-1.51687362E-06	-1.51187789E-06	 7.53526820E-07	-2.58841422E-06	 1.35368112E-06	-8.48477218E-07	-1.04574766E-06	-1.74410333E-06	-1.67010253E-06	-1.48179646E-06	-5.36327406E-06	-6.49444308E-06	-7.53368007E-06	 2.45367524E-05	 4.90739226E-06	 1.87429196E-06	 7.93857061E-07	 3.08005072E-08	-1.49952145E-07	-3.60661406E-07
 4.250000E-01	-1.52807515E-06	-1.52810613E-06	 7.14746764E-07	-2.07444234E-06	 1.34059591E-06	-8.18669094E-07	-1.01554393E-06	-1.69426226E-06	-1.62532184E-06	-1.44393973E-06	-5.39223819E-06	-6.55301771E-06	-7.68573514E-06	 2.45193408E-05	 5.02493488E-06	 1.90751114E-06	 7.94441179E-07	 3.53109002E-08	-1.43385316E-07	-3.48109100E-07
 4.260000E-01	-1.53918048E-06	-1.54474611E-06	 6.72428930E-07	-1.60244393E-06	 1.33010406E-06	-7.89323584E-07	-9.86327827E-07	-1.64603452E-06	-1.58187227E-06	-1.40710170E-06	-5.42100231E-06	-6.61213836E-06	-7.83760628E-06	 2.44944681E-05	 5.14178709E-06	 1.94171307E-06	 7.95887628E-07	 3.97481149E-08	-1.37127520E-07	-3.36058803E-07
 4.270000E-01	-1.55018132E-06	-1.56176164E-06	 6.26564011E-07	-1.16868005E-06	 1.32187764E-06	-7.60455171E-07	-9.58058650E-07	-1.59936161E-06	-1.53971132E-06	-1.37125640E-06	-5.44958609E-06	-6.67176752E-06	-7.98947670E-06	 2.44667053E-05	 5.25772000E-06	 1.97681539E-06	 7.98163186E-07	 4.41220780E-08	-1.31164112E-07	-3.24494097E-07
 4.280000E-01	-1.56106761E-06	-1.57912104E-06	 5.77201105E-07	-7.70614876E-07	 1.31572278E-06	-7.32061633E-07	-9.30694732E-07	-1.55418652E-06	-1.49879685E-06	-1.33637827E-06	-5.47801369E-06	-6.73189227E-06	-8.14155476E-06	 2.44393521E-05	 5.37275936E-06	 2.01277655E-06	 8.01246118E-07	 4.84450445E-08	-1.25479058E-07	-3.13398363E-07
 4.290000E-01	-1.57183645E-06	-1.59676921E-06	 5.24603783E-07	-4.05851682E-07	 1.31136506E-06	-7.04153948E-07	-9.04198556E-07	-1.51045444E-06	-1.45908797E-06	-1.30244219E-06	-5.50629881E-06	-6.79250076E-06	-8.29385741E-06	 2.44150167E-05	 5.48688478E-06	 2.04954454E-06	 8.05111338E-07	 5.27277849E-08	-1.20056848E-07	-3.02754548E-07
 4.300000E-01	-1.58247416E-06	-1.61463704E-06	 4.68981735E-07	-7.22317906E-08	 1.30842239E-06	-6.76761727E-07	-8.78539440E-07	-1.46811395E-06	-1.42054607E-06	-1.26942377E-06	-5.53448574E-06	-6.85360073E-06	-8.44661838E-06	 2.43963968E-05	 5.59974450E-06	 2.08703051E-06	 8.09725582E-07	 5.69770411E-08	-1.14885903E-07	-2.92548372E-07
 4.310000E-01	-1.59298225E-06	-1.63274881E-06	 4.09924269E-07	 2.31800100E-07	 1.30665438E-06	-6.49895812E-07	-8.53682477E-07	-1.42711115E-06	-1.38313150E-06	-1.23729698E-06	-5.56247255E-06	-6.91495854E-06	-8.60011372E-06	 2.43867751E-05	 5.71143834E-06	 2.12523694E-06	 8.15077454E-07	 6.12093716E-08	-1.09947199E-07	-2.82759666E-07
 4.320000E-01	-1.60337312E-06	-1.65115478E-06	 3.47200802E-07	 5.07743790E-07	 1.30609817E-06	-6.23527980E-07	-8.29586594E-07	-1.38739251E-06	-1.34680674E-06	-1.20603546E-06	-5.59014630E-06	-6.97641845E-06	-8.75435347E-06	 2.43881980E-05	 5.82268989E-06	 2.16424812E-06	 8.21170368E-07	 6.54418965E-08	-1.05220650E-07	-2.73367335E-07
 4.330000E-01	-1.61364153E-06	-1.66981585E-06	 2.81366666E-07	 7.58062032E-07	 1.30675332E-06	-5.97635269E-07	-8.06216486E-07	-1.34891105E-06	-1.31153994E-06	-1.17561511E-06	-5.61755257E-06	-7.03814436E-06	-8.90929578E-06	 2.44005512E-05	 5.93393378E-06	 2.20408579E-06	 8.27989101E-07	 6.96781975E-08	-1.00696587E-07	-2.64357902E-07
 4.340000E-01	-1.62378089E-06	-1.68868094E-06	 2.12983098E-07	 9.86310246E-07	 1.30847483E-06	-5.72218764E-07	-7.83543791E-07	-1.31162272E-06	-1.27730100E-06	-1.14601280E-06	-5.64472204E-06	-7.10025264E-06	-9.06490284E-06	 2.44231208E-05	 6.04525285E-06	 2.24472877E-06	 8.35509237E-07	 7.39193475E-08	-9.63671793E-08	-2.55718561E-07
 4.350000E-01	-1.63379968E-06	-1.70774998E-06	 1.42274233E-07	 1.19642433E-06	 1.31119291E-06	-5.47280148E-07	-7.61542304E-07	-1.27548443E-06	-1.24405958E-06	-1.11720544E-06	-5.67161277E-06	-7.16273472E-06	-9.22094660E-06	 2.44552490E-05	 6.15684631E-06	 2.28617682E-06	 8.43712763E-07	 7.81693784E-08	-9.22219443E-08	-2.47434259E-07
 4.360000E-01	-1.64372048E-06	-1.72707515E-06	 6.92457687E-08	 1.39158956E-06	 1.31509459E-06	-5.22789912E-07	-7.40182753E-07	-1.24045428E-06	-1.21178518E-06	-1.08917020E-06	-5.69814964E-06	-7.22556764E-06	-9.37692620E-06	 2.44956533E-05	 6.26926757E-06	 2.32848268E-06	 8.52595610E-07	 8.24347147E-08	-8.82482416E-08	-2.39488770E-07
 4.370000E-01	-1.65352113E-06	-1.74663938E-06	-5.77573606E-09	 1.57292950E-06	 1.32040596E-06	-4.98691613E-07	-7.19434824E-07	-1.20649551E-06	-1.18045016E-06	-1.06188674E-06	-5.72447084E-06	-7.28905328E-06	-9.53288704E-06	 2.45419123E-05	 6.38259146E-06	 2.37165216E-06	 8.62149623E-07	 8.67154775E-08	-8.44416526E-08	-2.31874565E-07
 4.380000E-01	-1.66317173E-06	-1.76638678E-06	-8.26110293E-08	 1.74061481E-06	 1.32694254E-06	-4.74974443E-07	-6.99275154E-07	-1.17357225E-06	-1.15002590E-06	-1.03533526E-06	-5.75065260E-06	-7.35328769E-06	-9.68921400E-06	 2.45932006E-05	 6.49640750E-06	 2.41564736E-06	 8.72362285E-07	 9.10159736E-08	-8.07964695E-08	-2.24583262E-07
 4.390000E-01	-1.67267994E-06	-1.78629778E-06	-1.61398119E-07	 1.89541549E-06	 1.33434847E-06	-4.51668578E-07	-6.79686520E-07	-1.14164743E-06	-1.12048117E-06	-1.00949509E-06	-5.77657541E-06	-7.41802618E-06	-9.84592065E-06	 2.46511010E-05	 6.61059377E-06	 2.46046267E-06	 8.83228042E-07	 9.53480471E-08	-7.72997405E-08	-2.17599681E-07
 4.400000E-01	-1.68204591E-06	-1.80633478E-06	-2.42040671E-07	 2.03848433E-06	 1.34242570E-06	-4.28790568E-07	-6.60651905E-07	-1.11068610E-06	-1.09178588E-06	-9.84345729E-07	-5.80220618E-06	-7.48320449E-06	-1.00029288E-05	 2.47175519E-05	 6.72514533E-06	 2.50608979E-06	 8.94740058E-07	 9.97188255E-08	-7.39421725E-08	-2.10912084E-07
 4.410000E-01	-1.69125228E-06	-1.82644325E-06	-3.24579446E-07	 2.17101857E-06	 1.35099889E-06	-4.06346503E-07	-6.42151545E-07	-1.08065032E-06	-1.06390761E-06	-9.59864233E-07	-5.82749563E-06	-7.54871320E-06	-1.01602462E-05	 2.47949842E-05	 6.83996698E-06	 2.55251957E-06	 9.06890709E-07	 1.04135020E-07	-7.07157873E-08	-2.04509795E-07
 4.420000E-01	-1.70027512E-06	-1.84657987E-06	-4.09376603E-07	 2.29370691E-06	 1.35989653E-06	-3.84338760E-07	-6.24165820E-07	-1.05150251E-06	-1.03681532E-06	-9.36028324E-07	-5.85236492E-06	-7.61436403E-06	-1.03182154E-05	 2.48861862E-05	 6.95492836E-06	 2.59975909E-06	 9.19676177E-07	 1.08606296E-07	-6.76120687E-08	-1.98382015E-07
 4.430000E-01	-1.70910574E-06	-1.86675199E-06	-4.96730627E-07	 2.40680391E-06	 1.36915061E-06	-3.62750200E-07	-6.06674890E-07	-1.02321051E-06	-1.01048374E-06	-9.12819439E-07	-5.87675422E-06	-7.68006741E-06	-1.04771513E-05	 2.49927469E-05	 7.07033145E-06	 2.64786586E-06	 9.33103442E-07	 1.13142448E-07	-6.46217374E-08	-1.92517776E-07
 4.440000E-01	-1.71774539E-06	-1.88697821E-06	-5.86480814E-07	 2.51100570E-06	 1.37894554E-06	-3.41547527E-07	-5.89658059E-07	-9.95745718E-07	-9.84891157E-07	-8.90220503E-07	-5.90065457E-06	-7.74591589E-06	-1.06369628E-05	 2.51142844E-05	 7.18676658E-06	 2.69690831E-06	 9.47179031E-07	 1.17747278E-07	-6.17376608E-08	-1.86907397E-07
 4.450000E-01	-1.72619123E-06	-1.90725545E-06	-6.78330098E-07	 2.60764228E-06	 1.38937300E-06	-3.20706910E-07	-5.73097520E-07	-9.69081064E-07	-9.60017530E-07	-8.68215144E-07	-5.92407707E-06	-7.81203187E-06	-1.07975321E-05	 2.52494628E-05	 7.30454142E-06	 2.74691761E-06	 9.61899804E-07	 1.22421426E-07	-5.89549990E-08	-1.81542603E-07
 4.460000E-01	-1.73443079E-06	-1.92756857E-06	-7.72084000E-07	 2.69806983E-06	 1.40050621E-06	-3.00203991E-07	-5.56976153E-07	-9.43190208E-07	-9.35843381E-07	-8.46787504E-07	-5.94703249E-06	-7.87850659E-06	-1.09589187E-05	 2.53965661E-05	 7.42378789E-06	 2.79791755E-06	 9.77262488E-07	 1.27166516E-07	-5.62693522E-08	-1.76415689E-07
 4.470000E-01	-1.74243921E-06	-1.94788357E-06	-8.67141892E-07	 2.78358986E-06	 1.41251780E-06	-2.80003114E-07	-5.41276287E-07	-9.18050336E-07	-9.12350882E-07	-8.25922745E-07	-5.96964852E-06	-7.94565400E-06	-1.11210286E-05	 2.55534304E-05	 7.54459126E-06	 2.84989996E-06	 9.93260384E-07	 1.31979069E-07	-5.36794358E-08	-1.71522036E-07
 4.480000E-01	-1.75023903E-06	-1.96825521E-06	-9.63319801E-07	 2.86618775E-06	 1.42545969E-06	-2.60097662E-07	-5.25984922E-07	-8.93637606E-07	-8.89519775E-07	-8.05604764E-07	-5.99182689E-06	-8.01340002E-06	-1.12829350E-05	 2.57201696E-05	 7.66738006E-06	 2.90290118E-06	 1.00989651E-06	 1.36860147E-07	-5.11784455E-08	-1.66851851E-07
 4.490000E-01	-1.75786232E-06	-1.98875115E-06	-1.06121046E-06	 2.94726057E-06	 1.43923009E-06	-2.40496931E-07	-5.11092223E-07	-8.69926016E-07	-8.67327799E-07	-7.85816987E-07	-6.01334742E-06	-8.08137614E-06	-1.14440951E-05	 2.58990605E-05	 7.79240165E-06	 2.95697946E-06	 1.02717948E-06	 1.41819648E-07	-4.87563214E-08	-1.62393187E-07
 4.500000E-01	-1.76528949E-06	-2.00934137E-06	-1.16118131E-06	 3.02590824E-06	 1.45381935E-06	-2.21185237E-07	-4.96586859E-07	-8.46894189E-07	-8.45756433E-07	-7.66545967E-07	-6.03427460E-06	-8.14966114E-06	-1.16052326E-05	 2.60906657E-05	 7.91929466E-06	 3.01211583E-06	 1.04510746E-06	 1.46865640E-07	-4.64088615E-08	-1.58141028E-07
 4.510000E-01	-1.77251922E-06	-2.03004045E-06	-1.26341082E-06	 3.09947185E-06	 1.46926153E-06	-2.02145292E-07	-4.82458977E-07	-8.24526731E-07	-8.24791960E-07	-7.47782296E-07	-6.05471772E-06	-8.21844886E-06	-1.17672045E-05	 2.62936554E-05	 8.04785377E-06	 3.06830058E-06	 1.06368693E-06	 1.52008225E-07	-4.41300324E-08	-1.54089987E-07
 4.520000E-01	-1.77955817E-06	-2.05087744E-06	-1.36808526E-06	 3.16490165E-06	 1.48545266E-06	-1.83364101E-07	-4.68696226E-07	-8.02806086E-07	-8.04419746E-07	-7.29515930E-07	-6.07469039E-06	-8.28776341E-06	-1.19308107E-05	 2.65066288E-05	 8.17809070E-06	 3.12558082E-06	 1.08293860E-06	 1.57263121E-07	-4.19107545E-08	-1.50232620E-07
 4.530000E-01	-1.78638845E-06	-2.07175529E-06	-1.47499798E-06	 3.22128393E-06	 1.50196332E-06	-1.64863669E-07	-4.55287775E-07	-7.81708837E-07	-7.84621319E-07	-7.11733442E-07	-6.09417041E-06	-8.35752738E-06	-1.20969029E-05	 2.67285272E-05	 8.30973610E-06	 3.18396883E-06	 1.10286927E-06	 1.62644739E-07	-3.97438506E-08	-1.46562048E-07
 4.540000E-01	-1.79299802E-06	-2.09250946E-06	-1.58320180E-06	 3.27160055E-06	 1.51829827E-06	-1.46715304E-07	-4.42234691E-07	-7.61215231E-07	-7.65380157E-07	-6.94421873E-07	-6.11322727E-06	-8.42787948E-06	-1.22657570E-05	 2.69573687E-05	 8.44224170E-06	 3.24335412E-06	 1.12345078E-06	 1.68152934E-07	-3.76276516E-08	-1.43073687E-07
 4.550000E-01	-1.79939623E-06	-2.11311048E-06	-1.69195970E-06	 3.32034291E-06	 1.53446798E-06	-1.28947019E-07	-4.29534979E-07	-7.41308923E-07	-7.46681550E-07	-6.77568672E-07	-6.13192104E-06	-8.49904085E-06	-1.24368560E-05	 2.71905035E-05	 8.57558797E-06	 3.30366979E-06	 1.14466523E-06	 1.73781025E-07	-3.55611215E-08	-1.39762968E-07
 4.560000E-01	-1.80558966E-06	-2.13363028E-06	-1.80129405E-06	 3.37046616E-06	 1.55076313E-06	-1.11517378E-07	-4.17173283E-07	-7.21970780E-07	-7.28510216E-07	-6.61160907E-07	-6.15022056E-06	-8.57105456E-06	-1.26097506E-05	 2.74263252E-05	 8.71014245E-06	 3.36497374E-06	 1.16652661E-06	 1.79530952E-07	-3.35400808E-08	-1.36624086E-07
 4.570000E-01	-1.81158240E-06	-2.15410027E-06	-1.91122654E-06	 3.42419318E-06	 1.56726289E-06	-9.44068287E-08	-4.05137728E-07	-7.03181680E-07	-7.10851206E-07	-6.45185996E-07	-6.16809473E-06	-8.64392390E-06	-1.27841234E-05	 2.76643462E-05	 8.84603352E-06	 3.42729193E-06	 1.18903923E-06	 1.85404557E-07	-3.15613595E-08	-1.33651797E-07
 4.580000E-01	-1.81741159E-06	-2.17461648E-06	-2.02194606E-06	 3.48356599E-06	 1.58413113E-06	-7.76167893E-08	-3.93423835E-07	-6.84925930E-07	-6.93689956E-07	-6.29631355E-07	-6.18542240E-06	-8.71756221E-06	-1.29591039E-05	 2.79041434E-05	 8.98378976E-06	 3.49067036E-06	 1.21220932E-06	 1.91398589E-07	-2.96217724E-08	-1.30839660E-07
 4.590000E-01	-1.82307040E-06	-2.19526775E-06	-2.13362491E-06	 3.54765124E-06	 1.60190613E-06	-6.10625083E-08	-3.82011963E-07	-6.67189965E-07	-6.77013687E-07	-6.14485634E-07	-6.20228651E-06	-8.79226264E-06	-1.31346645E-05	 2.81437516E-05	 9.12381704E-06	 3.55517087E-06	 1.23605810E-06	 1.97511883E-07	-2.77198542E-08	-1.28184895E-07
 4.600000E-01	-1.82849927E-06	-2.21601058E-06	-2.24620614E-06	 3.61340275E-06	 1.62077614E-06	-4.46518593E-08	-3.70874953E-07	-6.49955797E-07	-6.60808304E-07	-5.99737259E-07	-6.21884378E-06	-8.86831110E-06	-1.33117247E-05	 2.83817004E-05	 9.26581341E-06	 3.62082026E-06	 1.26060606E-06	 2.03754949E-07	-2.58531411E-08	-1.25686269E-07
 4.610000E-01	-1.83366812E-06	-2.23674930E-06	-2.35969422E-06	 3.68019312E-06	 1.64034043E-06	-2.83945127E-08	-3.59999868E-07	-6.33199555E-07	-6.45054051E-07	-5.85370817E-07	-6.23491292E-06	-8.94532807E-06	-1.34902832E-05	 2.86195147E-05	 9.40969915E-06	 3.68767692E-06	 1.28587216E-06	 2.10143433E-07	-2.40150653E-08	-1.23337756E-07
 4.620000E-01	-1.83856509E-06	-2.25736838E-06	-2.47370666E-06	 3.75043220E-06	 1.66021707E-06	-1.23336792E-08	-3.49383410E-07	-6.16902113E-07	-6.29733056E-07	-5.71371893E-07	-6.25037143E-06	-9.02309440E-06	-1.36697748E-05	 2.88591799E-05	 9.55534377E-06	 3.75572394E-06	 1.31185495E-06	 2.16682238E-07	-2.22019938E-08	-1.21134505E-07
 4.630000E-01	-1.84317753E-06	-2.27775843E-06	-2.58772609E-06	 3.82684475E-06	 1.68017181E-06	 3.49330028E-09	-3.39027202E-07	-6.01050496E-07	-6.14832918E-07	-5.57730171E-07	-6.26533676E-06	-9.10180068E-06	-1.38498414E-05	 2.91020433E-05	 9.70177676E-06	 3.82478360E-06	 1.33851857E-06	 2.23370047E-07	-2.04134770E-08	-1.19074742E-07
 4.640000E-01	-1.84749231E-06	-2.29795946E-06	-2.70256701E-06	 3.90808157E-06	 1.70028353E-06	 1.91046666E-08	-3.28925186E-07	-5.85627971E-07	-6.00340444E-07	-5.44435399E-07	-6.27980244E-06	-9.18132459E-06	-1.40305056E-05	 2.93514832E-05	 9.84828239E-06	 3.89480044E-06	 1.36585901E-06	 2.30222814E-07	-1.86434616E-08	-1.17154567E-07
 4.650000E-01	-1.85151790E-06	-2.31822249E-06	-2.82040087E-06	 3.98711155E-06	 1.72108223E-06	 3.46079467E-08	-3.19052408E-07	-5.70614031E-07	-5.86240189E-07	-5.31475991E-07	-6.29340608E-06	-9.26097958E-06	-1.42119617E-05	 2.96131778E-05	 9.99617599E-06	 3.96612009E-06	 1.39396778E-06	 2.37274458E-07	-1.68777255E-08	-1.15365223E-07
 4.660000E-01	-1.85525274E-06	-2.33865998E-06	-2.94183933E-06	 4.05670133E-06	 1.74291897E-06	 5.00877488E-08	-3.09385615E-07	-5.55995581E-07	-5.72520903E-07	-5.18842378E-07	-6.30600835E-06	-9.34066443E-06	-1.43945544E-05	 2.98903503E-05	 1.01469547E-05	 4.03900707E-06	 1.42291285E-06	 2.44536674E-07	-1.51095389E-08	-1.13701769E-07
 4.670000E-01	-1.85867936E-06	-2.35918581E-06	-3.06586489E-06	 4.11399554E-06	 1.76565700E-06	 6.55314416E-08	-2.99921662E-07	-5.41765241E-07	-5.59175212E-07	-5.06527128E-07	-6.31777030E-06	-9.42083464E-06	-1.45786086E-05	 3.01824339E-05	 1.03007284E-05	 4.11340680E-06	 1.45267873E-06	 2.51999272E-07	-1.33410763E-08	-1.12163998E-07
 4.680000E-01	-1.86177707E-06	-2.37977184E-06	-3.19200132E-06	 4.15809242E-06	 1.78932546E-06	 8.09488793E-08	-2.90654179E-07	-5.27912956E-07	-5.46194659E-07	-4.94522499E-07	-6.32873625E-06	-9.50168103E-06	-1.47645327E-05	 3.04877222E-05	 1.04576922E-05	 4.18934514E-06	 1.48327148E-06	 2.59662193E-07	-1.15713786E-08	-1.10750221E-07
 4.690000E-01	-1.86451226E-06	-2.40037960E-06	-3.31945469E-06	 4.18942061E-06	 1.81408752E-06	 9.63813216E-08	-2.81567580E-07	-5.14431477E-07	-5.33571881E-07	-4.82821371E-07	-6.33902114E-06	-9.58356794E-06	-1.49527223E-05	 3.08042784E-05	 1.06181900E-05	 4.26684874E-06	 1.51470757E-06	 2.67520596E-07	-9.80062372E-09	-1.09459851E-07
 4.700000E-01	-1.86692429E-06	-2.42098025E-06	-3.44721633E-06	 4.21317764E-06	 1.83951464E-06	 1.11730845E-07	-2.72674250E-07	-5.01315529E-07	-5.21298825E-07	-4.71415809E-07	-6.34853392E-06	-9.66647243E-06	-1.51417578E-05	 3.11319445E-05	 1.07823750E-05	 4.34584355E-06	 1.54696854E-06	 2.75557864E-07	-8.03048299E-09	-1.08290551E-07
 4.710000E-01	-1.86906443E-06	-2.44157668E-06	-3.57522376E-06	 4.23502531E-06	 1.86519782E-06	 1.26893877E-07	-2.63993186E-07	-4.88554798E-07	-5.09366164E-07	-4.60297953E-07	-6.35717253E-06	-9.75019398E-06	-1.53304157E-05	 3.14724002E-05	 1.09496294E-05	 4.42622112E-06	 1.58002519E-06	 2.83773520E-07	-6.25917826E-09	-1.07239117E-07
 4.720000E-01	-1.87091691E-06	-2.46221016E-06	-3.70431770E-06	 4.25423464E-06	 1.89147252E-06	 1.41921078E-07	-2.55514578E-07	-4.76135829E-07	-4.97764510E-07	-4.49460641E-07	-6.36503569E-06	-9.83485535E-06	-1.55193955E-05	 3.18278135E-05	 1.11192537E-05	 4.50795595E-06	 1.61388780E-06	 2.92187480E-07	-4.48096798E-09	-1.06303750E-07
 4.730000E-01	-1.87245793E-06	-2.48300868E-06	-3.83589575E-06	 4.26434288E-06	 1.91890298E-06	 1.56932807E-07	-2.47210341E-07	-4.64042690E-07	-4.86482365E-07	-4.38895202E-07	-6.37199397E-06	-9.92025399E-06	-1.57099241E-05	 3.22013306E-05	 1.12920959E-05	 4.59132097E-06	 1.64864708E-06	 3.00834268E-07	-2.68447548E-09	-1.05480187E-07
 4.740000E-01	-1.87366247E-06	-2.50395593E-06	-3.97060015E-06	 4.26032994E-06	 1.94737467E-06	 1.72005947E-07	-2.39051519E-07	-4.52253042E-07	-4.75506177E-07	-4.28592154E-07	-6.37773741E-06	-1.00058556E-05	-1.59035597E-05	 3.25949258E-05	 1.14697384E-05	 4.67677713E-06	 1.68442824E-06	 3.09761522E-07	-8.54979935E-10	-1.04762344E-07
 4.750000E-01	-1.87448861E-06	-2.52462804E-06	-4.10602097E-06	 4.24917238E-06	 1.97564907E-06	 1.87019896E-07	-2.31043363E-07	-4.40750394E-07	-4.64826613E-07	-4.18544719E-07	-6.38243434E-06	-1.00919932E-05	-1.61016097E-05	 3.30045657E-05	 1.16514181E-05	 4.76422214E-06	 1.72120389E-06	 3.18981069E-07	 1.00997115E-09	-1.04149474E-07
 4.760000E-01	-1.87492007E-06	-2.54463065E-06	-4.23869576E-06	 4.24946163E-06	 2.00265733E-06	 2.01742063E-07	-2.23224829E-07	-4.29535865E-07	-4.54440806E-07	-4.08748803E-07	-6.38660415E-06	-1.01797484E-05	-1.63038203E-05	 3.34215274E-05	 1.18347359E-05	 4.85302291E-06	 1.75882012E-06	 3.28454099E-07	 2.89941588E-09	-1.03645825E-07
 4.770000E-01	-1.87498158E-06	-2.56405806E-06	-4.36829540E-06	 4.27824754E-06	 2.02870935E-06	 2.16126831E-07	-2.15609036E-07	-4.18609419E-07	-4.44343597E-07	-3.99198354E-07	-6.39023828E-06	-1.02692581E-05	-1.65088816E-05	 3.38394006E-05	 1.20194828E-05	 4.94304816E-06	 1.79725804E-06	 3.38162962E-07	 4.81067086E-09	-1.03251309E-07
 4.780000E-01	-1.87469080E-06	-2.58304882E-06	-4.49555161E-06	 4.34681370E-06	 2.05431121E-06	 2.30231651E-07	-2.08186232E-07	-4.07962966E-07	-4.34527384E-07	-3.89886312E-07	-6.39319738E-06	-1.03603123E-05	-1.67155289E-05	 3.42551273E-05	 1.22059006E-05	 5.03436883E-06	 1.83654724E-06	 3.48109419E-07	 6.74566420E-09	-1.02964430E-07
 4.790000E-01	-1.87410404E-06	-2.60171587E-06	-4.62069345E-06	 4.46318141E-06	 2.07961813E-06	 2.43983411E-07	-2.00979525E-07	-3.97597895E-07	-4.24987728E-07	-3.80806643E-07	-6.39556057E-06	-1.04531055E-05	-1.69213391E-05	 3.46673166E-05	 1.23928622E-05	 5.12664586E-06	 1.87660797E-06	 3.58262456E-07	 8.69742210E-09	-1.02786539E-07
 4.800000E-01	-1.87326541E-06	-2.62054262E-06	-4.74651432E-06	 4.62049769E-06	 2.10624960E-06	 2.57525280E-07	-1.93981234E-07	-3.87518568E-07	-4.15720722E-07	-3.71953250E-07	-6.39725713E-06	-1.05476536E-05	-1.71251421E-05	 3.50777536E-05	 1.25807789E-05	 5.21990438E-06	 1.91747270E-06	 3.68613996E-07	 1.06663085E-08	-1.02717176E-07
 4.810000E-01	-1.87210898E-06	-2.63999704E-06	-4.87713878E-06	 4.79197945E-06	 2.13649337E-06	 2.71343211E-07	-1.87100257E-07	-3.77709943E-07	-4.06718234E-07	-3.63319893E-07	-6.39806348E-06	-1.06436302E-05	-1.73299703E-05	 3.54906365E-05	 1.27721828E-05	 5.31490240E-06	 1.95937689E-06	 3.79233121E-07	 1.26726735E-08	-1.02751281E-07
 4.820000E-01	-1.87056812E-06	-2.65998118E-06	-5.01300690E-06	 4.95341686E-06	 2.17016029E-06	 2.85630476E-07	-1.80279463E-07	-3.68149674E-07	-3.97970535E-07	-3.54900414E-07	-6.39785260E-06	-1.07407659E-05	-1.75386815E-05	 3.59075373E-05	 1.29684384E-05	 5.41211672E-06	 2.00245548E-06	 3.90180324E-07	 1.47339491E-08	-1.02883941E-07
 4.830000E-01	-1.86864470E-06	-2.68012240E-06	-5.15133726E-06	 5.09896133E-06	 2.20537343E-06	 3.00163580E-07	-1.73544641E-07	-3.58830423E-07	-3.89471760E-07	-3.46689468E-07	-6.39674313E-06	-1.08392742E-05	-1.77511048E-05	 3.63250656E-05	 1.31685392E-05	 5.51127599E-06	 2.04663200E-06	 4.01448073E-07	 1.68500387E-08	-1.03114569E-07
 4.840000E-01	-1.86633497E-06	-2.70018592E-06	-5.29001968E-06	 5.23159261E-06	 2.24111645E-06	 3.14773231E-07	-1.66922192E-07	-3.49749285E-07	-3.81218042E-07	-3.38682695E-07	-6.39503653E-06	-1.09396890E-05	-1.79665210E-05	 3.67391352E-05	 1.33702823E-05	 5.61188337E-06	 2.09178572E-06	 4.13017536E-07	 1.90179490E-08	-1.03444337E-07
 4.850000E-01	-1.86362157E-06	-2.72015321E-06	-5.42923829E-06	 5.35019970E-06	 2.27742027E-06	 3.29483349E-07	-1.60406374E-07	-3.40891913E-07	-3.73202011E-07	-3.30874510E-07	-6.39283359E-06	-1.10420356E-05	-1.81845894E-05	 3.71512857E-05	 1.35720745E-05	 5.71373969E-06	 2.13787766E-06	 4.24908623E-07	 2.12445752E-08	-1.03871725E-07
 4.860000E-01	-1.86053841E-06	-2.74030374E-06	-5.57119838E-06	 5.44606099E-06	 2.31471674E-06	 3.44372101E-07	-1.53983423E-07	-3.32242044E-07	-3.65413671E-07	-3.23256654E-07	-6.38959583E-06	-1.11452511E-05	-1.84042311E-05	 3.75698326E-05	 1.37754347E-05	 5.81730355E-06	 2.18503220E-06	 4.37165935E-07	 2.35431798E-08	-1.04392041E-07
 4.870000E-01	-1.85709817E-06	-2.76084999E-06	-5.71693705E-06	 5.50775747E-06	 2.35336817E-06	 3.59499494E-07	-1.47637960E-07	-3.23797017E-07	-3.57848717E-07	-3.15822489E-07	-6.38503023E-06	-1.12490531E-05	-1.86253396E-05	 3.80042370E-05	 1.39821346E-05	 5.92292989E-06	 2.23335869E-06	 4.49801615E-07	 2.59175412E-08	-1.05004622E-07
 4.880000E-01	-1.85325889E-06	-2.78179493E-06	-5.86586130E-06	 5.52612207E-06	 2.39350651E-06	 3.74901197E-07	-1.41357234E-07	-3.15558597E-07	-3.50506626E-07	-3.08567615E-07	-6.37931680E-06	-1.13541505E-05	-1.88495607E-05	 3.84616849E-05	 1.41923982E-05	 6.03059980E-06	 2.28287198E-06	 4.62808815E-07	 2.83648649E-08	-1.05712494E-07
 4.890000E-01	-1.84894508E-06	-2.80314998E-06	-6.01792167E-06	 5.49485243E-06	 2.43537231E-06	 3.90708583E-07	-1.35104545E-07	-3.07518284E-07	-3.43383109E-07	-3.01486491E-07	-6.37228187E-06	-1.14605882E-05	-1.90800434E-05	 3.89470968E-05	 1.44083638E-05	 6.14083890E-06	 2.33372376E-06	 4.76224902E-07	 3.08927290E-08	-1.06515642E-07
 4.900000E-01	-1.84405830E-06	-2.82459629E-06	-6.17064347E-06	 5.42410614E-06	 2.47787528E-06	 4.06903800E-07	-1.28852617E-07	-2.99669708E-07	-3.36474271E-07	-2.94574389E-07	-6.36383716E-06	-1.15685963E-05	-1.93198734E-05	 3.94589908E-05	 1.46319757E-05	 6.25403506E-06	 2.38602883E-06	 4.90065509E-07	 3.35032810E-08	-1.07415630E-07
 4.910000E-01	-1.83861859E-06	-2.84553274E-06	-6.31854752E-06	 5.35642728E-06	 2.51787841E-06	 4.22932852E-07	-1.22687313E-07	-2.92018707E-07	-3.29776711E-07	-2.87827250E-07	-6.35421816E-06	-1.16787245E-05	-1.95664936E-05	 3.99872348E-05	 1.48615641E-05	 6.36947827E-06	 2.43957698E-06	 5.04252542E-07	 3.61773810E-08	-1.08418132E-07
 4.920000E-01	-1.83271261E-06	-2.86575043E-06	-6.45935062E-06	 5.34502194E-06	 2.55418387E-06	 4.38394574E-07	-1.16697040E-07	-2.84564473E-07	-3.23282636E-07	-2.81242205E-07	-6.34370441E-06	-1.17911920E-05	-1.98155895E-05	 4.05199174E-05	 1.50946451E-05	 6.48639791E-06	 2.49413939E-06	 5.18731875E-07	 3.89078692E-08	-1.09523751E-07
 4.930000E-01	-1.82636677E-06	-2.88552691E-06	-6.59581445E-06	 5.42422826E-06	 2.58884049E-06	 4.53531781E-07	-1.10850764E-07	-2.77289494E-07	-3.16979927E-07	-2.74817512E-07	-6.33230051E-06	-1.19056236E-05	-2.00670465E-05	 4.10480873E-05	 1.53320877E-05	 6.60504038E-06	 2.54979777E-06	 5.33553898E-07	 4.17197908E-08	-1.10723634E-07
 4.940000E-01	-1.81959807E-06	-2.90511507E-06	-6.73085950E-06	 5.61489807E-06	 2.62367985E-06	 4.68676808E-07	-1.05086430E-07	-2.70172872E-07	-3.10855673E-07	-2.68550634E-07	-6.31978216E-06	-1.20212984E-05	-2.03221565E-05	 4.15591962E-05	 1.55773361E-05	 6.72612212E-06	 2.60675854E-06	 5.48794680E-07	 4.46471961E-08	-1.12005591E-07
 4.950000E-01	-1.81245732E-06	-2.92457355E-06	-6.86504146E-06	 5.94203962E-06	 2.65904344E-06	 4.83950946E-07	-9.93776562E-08	-2.63198480E-07	-3.04899597E-07	-2.62438189E-07	-6.30599617E-06	-1.21377080E-05	-2.05811074E-05	 4.20272880E-05	 1.58338995E-05	 6.85023154E-06	 2.66516680E-06	 5.64507739E-07	 4.77172043E-08	-1.13359359E-07
 4.960000E-01	-1.80490287E-06	-2.94374332E-06	-6.99658219E-06	 6.44144282E-06	 2.69481628E-06	 4.99460608E-07	-9.36949211E-08	-2.56362462E-07	-2.99111991E-07	-2.56477266E-07	-6.29148597E-06	-1.22560218E-05	-2.08461645E-05	 4.24102403E-05	 1.61013391E-05	 6.97712715E-06	 2.72497792E-06	 5.80702370E-07	 5.09379265E-08	-1.14784205E-07
 4.970000E-01	-1.79684888E-06	-2.96268134E-06	-7.12460628E-06	 7.15649932E-06	 2.73082576E-06	 5.15301319E-07	-8.80182858E-08	-2.49675864E-07	-2.93502516E-07	-2.50661189E-07	-6.27654669E-06	-1.23773664E-05	-2.11200511E-05	 4.26523584E-05	 1.63777822E-05	 7.10638296E-06	 2.78614100E-06	 5.97370421E-07	 5.42968631E-08	-1.16291310E-07
 4.980000E-01	-1.78826621E-06	-2.98179917E-06	-7.25031825E-06	 8.13209895E-06	 2.76689723E-06	 5.31556545E-07	-8.23400788E-08	-2.43151616E-07	-2.88081680E-07	-2.44978942E-07	-6.26068833E-06	-1.25014588E-05	-2.14025497E-05	 4.26858665E-05	 1.66628837E-05	 7.23807571E-06	 2.84875026E-06	 6.14523025E-07	 5.77734981E-08	-1.17898160E-07
 4.990000E-01	-1.77918339E-06	-3.00154085E-06	-7.37445691E-06	 9.41090100E-06	 2.80269345E-06	 5.48197470E-07	-7.66810378E-08	-2.36810244E-07	-2.82864065E-07	-2.39421862E-07	-6.24390984E-06	-1.26287958E-05	-2.16906031E-05	 4.24335775E-05	 1.69522946E-05	 7.37134445E-06	 2.91266843E-06	 6.32114699E-07	 6.13305590E-08	-1.19629038E-07
 5.000000E-01	-1.76967540E-06	-3.02286405E-06	-7.50153630E-06	 1.10084282E-05	 2.84016165E-06	 5.65381397E-07	-7.10535348E-08	-2.30679812E-07	-2.77866080E-07	-2.33984098E-07	-6.22623275E-06	-1.27597915E-05	-2.19812746E-05	 4.18179789E-05	 1.72407470E-05	 7.50511481E-06	 2.97774518E-06	 6.50104041E-07	 6.49344897E-08	-1.21507975E-07
 5.010000E-01	-1.75973280E-06	-3.04714716E-06	-7.64191628E-06	 1.28807123E-05	 2.88529472E-06	 5.84146231E-07	-6.52888491E-08	-2.24752369E-07	-2.73090419E-07	-2.28663019E-07	-6.20682778E-06	-1.28929624E-05	-2.22783197E-05	 4.07633534E-05	 1.75317096E-05	 7.64054008E-06	 3.04445975E-06	 6.68650896E-07	 6.86155650E-08	-1.23538346E-07
 5.020000E-01	-1.74931878E-06	-3.07490430E-06	-7.80113501E-06	 1.49546044E-05	 2.94178580E-06	 6.05510967E-07	-5.91540733E-08	-2.18981102E-07	-2.68524974E-07	-2.23461613E-07	-6.18511847E-06	-1.30266284E-05	-2.25872329E-05	 3.91787077E-05	 1.78324900E-05	 7.77929430E-06	 3.11336041E-06	 6.87968176E-07	 7.24412424E-08	-1.25704654E-07
 5.030000E-01	-1.73852601E-06	-3.10569190E-06	-7.97561541E-06	 1.71813995E-05	 3.00755545E-06	 6.29426379E-07	-5.25889804E-08	-2.13332602E-07	-2.64159717E-07	-2.18387918E-07	-6.16168470E-06	-1.31606854E-05	-2.29072705E-05	 3.69460386E-05	 1.81440728E-05	 7.92085205E-06	 3.18431583E-06	 7.08083886E-07	 7.64498047E-08	-1.27992011E-07
 5.040000E-01	-1.72750889E-06	-3.13916146E-06	-8.16134094E-06	 1.95329249E-05	 3.08033276E-06	 6.55562942E-07	-4.55989092E-08	-2.07784826E-07	-2.59987854E-07	-2.13451299E-07	-6.13730860E-06	-1.32951318E-05	-2.32346903E-05	 3.39302206E-05	 1.84643071E-05	 8.06389118E-06	 3.25698443E-06	 7.28969749E-07	 8.06710101E-08	-1.30385644E-07
 5.050000E-01	-1.71639180E-06	-3.17515731E-06	-8.35642961E-06	 2.19775296E-05	 3.15986648E-06	 6.83927596E-07	-3.81199155E-08	-2.02296166E-07	-2.55998214E-07	-2.08659454E-07	-6.11258250E-06	-1.34294422E-05	-2.35657300E-05	 2.99929508E-05	 1.87913551E-05	 8.20738290E-06	 3.33113390E-06	 7.50655012E-07	 8.51511732E-08	-1.32865812E-07
 5.060000E-01	-1.70539612E-06	-3.21378041E-06	-8.56000112E-06	 2.44756683E-05	 3.24514068E-06	 7.14321427E-07	-3.01297964E-08	-1.96824897E-07	-2.52179003E-07	-2.04013739E-07	-6.08739988E-06	-1.35617170E-05	-2.38918149E-05	 2.50001301E-05	 1.91242860E-05	 8.35059185E-06	 3.40662848E-06	 7.73174447E-07	 8.99296677E-08	-1.35418157E-07
 5.070000E-01	-1.69471455E-06	-3.25527746E-06	-8.77191918E-06	 2.69721345E-05	 3.33502337E-06	 7.46456865E-07	-2.16192996E-08	-1.91347397E-07	-2.48526206E-07	-1.99512097E-07	-6.06144843E-06	-1.36900894E-05	-2.42043095E-05	 1.88339173E-05	 1.94602209E-05	 8.49262236E-06	 3.48338662E-06	 7.96550742E-07	 9.50309396E-08	-1.38039179E-07
 5.080000E-01	-1.68437102E-06	-3.29974447E-06	-8.99227114E-06	 2.93856512E-05	 3.42984445E-06	 7.80383075E-07	-1.24939174E-08	-1.85833641E-07	-2.45037652E-07	-1.95152968E-07	-6.03459374E-06	-1.38134954E-05	-2.45001932E-05	 1.14017753E-05	 1.97954249E-05	 8.63265430E-06	 3.56143727E-06	 8.20862560E-07	 1.00489204E-07	-1.40726915E-07
 5.090000E-01	-1.67426225E-06	-3.34693653E-06	-9.22035596E-06	 3.16183610E-05	 3.52943985E-06	 8.16362625E-07	-2.58120546E-09	-1.80224662E-07	-2.41701159E-07	-1.90932322E-07	-6.00596727E-06	-1.39295325E-05	-2.47797352E-05	 2.63279920E-06	 2.01314890E-05	 8.77135771E-06	 3.64122832E-06	 8.46320757E-07	 1.06369455E-07	-1.43472769E-07
 5.100000E-01	-1.66425414E-06	-3.39562195E-06	-9.44837403E-06	 3.36060921E-05	 3.62742244E-06	 8.53914085E-07	 8.21219200E-09	-1.74458952E-07	-2.38502338E-07	-1.86846838E-07	-5.97493127E-06	-1.40359636E-05	-2.50410635E-05	-7.52906466E-06	 2.04672478E-05	 8.90876429E-06	 3.72301172E-06	 8.73068597E-07	 1.12719590E-07	-1.46272254E-07
 5.110000E-01	-1.65444054E-06	-3.44403023E-06	-9.66070910E-06	 3.53614378E-05	 3.71103540E-06	 8.91054847E-07	 1.96807917E-08	-1.68517453E-07	-2.35437625E-07	-1.82898100E-07	-5.94239715E-06	-1.41330162E-05	-2.52718843E-05	-1.91166722E-05	 2.07884067E-05	 9.04117403E-06	 3.80593368E-06	 9.00919372E-07	 1.19507303E-07	-1.49138623E-07
 5.120000E-01	-1.64506370E-06	-3.49137687E-06	-9.84747377E-06	 3.69217922E-05	 3.77263963E-06	 9.26012242E-07	 3.15644996E-08	-1.62394402E-07	-2.32502481E-07	-1.79087810E-07	-5.90921453E-06	-1.42205194E-05	-2.54550030E-05	-3.21069955E-05	 2.10789444E-05	 9.16458218E-06	 3.88903644E-06	 9.29652365E-07	 1.26690273E-07	-1.52085229E-07
 5.130000E-01	-1.63624450E-06	-3.53766967E-06	-1.00084265E-05	 3.82805564E-05	 3.81239784E-06	 9.58389187E-07	 4.38316659E-08	-1.56048909E-07	-2.29678112E-07	-1.75413096E-07	-5.87492511E-06	-1.42957868E-05	-2.55781139E-05	-4.63944025E-05	 2.13309012E-05	 9.27782769E-06	 3.97220731E-06	 9.59284815E-07	 1.34283182E-07	-1.55110705E-07
 5.140000E-01	-1.62810262E-06	-3.58272841E-06	-1.01428979E-05	 3.93959049E-05	 3.82975061E-06	 9.87771700E-07	 5.64520008E-08	-1.49440431E-07	-2.26942609E-07	-1.71868521E-07	-5.83914196E-06	-1.43563835E-05	-2.56299892E-05	-6.17908881E-05	 2.15369508E-05	 9.37985344E-06	 4.05532647E-06	 9.89804384E-07	 1.42292464E-07	-1.58213931E-07
 5.150000E-01	-1.62076565E-06	-3.62644702E-06	-1.02498452E-05	 4.01995430E-05	 3.82462252E-06	 1.01367864E-06	 6.93489150E-08	-1.42547574E-07	-2.24277264E-07	-1.68447460E-07	-5.80165123E-06	-1.44006788E-05	-2.56012917E-05	-7.80316701E-05	 2.16909859E-05	 9.46972718E-06	 4.13824665E-06	 1.02116283E-06	 1.50713700E-07	-1.61395392E-07
 5.160000E-01	-1.61405120E-06	-3.66835000E-06	-1.03296259E-05	 4.05926893E-05	 3.79947668E-06	 1.03648227E-06	 8.26302516E-08	-1.35327640E-07	-2.21657685E-07	-1.65143291E-07	-5.76211460E-06	-1.44274795E-05	-2.54948923E-05	-9.47818526E-05	 2.17902210E-05	 9.54799166E-06	 4.22126139E-06	 1.05347328E-06	 1.59590056E-07	-1.64639898E-07
 5.170000E-01	-1.60770386E-06	-3.70720753E-06	-1.03788418E-05	 4.04970279E-05	 3.75123370E-06	 1.05600623E-06	 9.63308529E-08	-1.27736281E-07	-2.19054985E-07	-1.61946544E-07	-5.72015338E-06	-1.44356578E-05	-2.53169662E-05	-1.11669176E-04	 2.18328976E-05	 9.61529803E-06	 4.30460043E-06	 1.08682759E-06	 1.68963885E-07	-1.67928494E-07
 5.180000E-01	-1.60172579E-06	-3.74177972E-06	-1.03900599E-05	 3.99014906E-05	 3.67099945E-06	 1.07073898E-06	 1.10179903E-07	-1.19778098E-07	-2.16450720E-07	-1.58845341E-07	-5.67599237E-06	-1.44253893E-05	-2.50677138E-05	-1.28311244E-04	 2.18146414E-05	 9.67071863E-06	 4.38785158E-06	 1.12107019E-06	 1.78812462E-07	-1.71257833E-07
 5.190000E-01	-1.59622550E-06	-3.77151908E-06	-1.03595548E-05	 3.88330121E-05	 3.55354218E-06	 1.07923406E-06	 1.23823747E-07	-1.11493066E-07	-2.13836331E-07	-1.55829949E-07	-5.63064451E-06	-1.43988707E-05	-2.47487875E-05	-1.44313599E-04	 2.17277460E-05	 9.71219794E-06	 4.47019144E-06	 1.15591132E-06	 1.89079243E-07	-1.74627751E-07
 5.200000E-01	-1.59119481E-06	-3.79677319E-06	-1.02937100E-05	 3.72883898E-05	 3.40262785E-06	 1.08139145E-06	 1.37082813E-07	-1.02909547E-07	-2.11196762E-07	-1.52887844E-07	-5.58405526E-06	-1.43566004E-05	-2.43673074E-05	-1.59274587E-04	 2.15724095E-05	 9.74019385E-06	 4.55151684E-06	 1.19126448E-06	 1.99753875E-07	-1.78026409E-07
 5.210000E-01	-1.58644587E-06	-3.81808730E-06	-1.02026008E-05	 3.52191474E-05	 3.22640543E-06	 1.07826134E-06	 1.49993890E-07	-9.40371264E-08	-2.08510032E-07	-1.50000442E-07	-5.53473754E-06	-1.42968011E-05	-2.39341856E-05	-1.72815096E-04	 2.13625058E-05	 9.75902737E-06	 4.63281168E-06	 1.22730393E-06	 2.10875667E-07	-1.81436166E-07
 5.220000E-01	-1.58178430E-06	-3.83535652E-06	-1.00886484E-05	 3.25968884E-05	 3.02793561E-06	 1.07042792E-06	 1.62551687E-07	-8.49078975E-08	-2.05766621E-07	-1.47152593E-07	-5.48224389E-06	-1.42204767E-05	-2.34629509E-05	-1.84614877E-04	 2.11126319E-05	 9.77236423E-06	 4.71472760E-06	 1.26405259E-06	 2.22433317E-07	-1.84852054E-07
 5.230000E-01	-1.57707081E-06	-3.84820416E-06	-9.94998926E-06	 2.94531842E-05	 2.80614633E-06	 1.05774725E-06	 1.74601258E-07	-7.55887591E-08	-2.02970867E-07	-1.44333580E-07	-5.42718679E-06	-1.41310670E-05	-2.29686945E-05	-1.94436878E-04	 2.08333895E-05	 9.78220625E-06	 4.79731600E-06	 1.30134495E-06	 2.34363772E-07	-1.88282303E-07
 5.240000E-01	-1.57211065E-06	-3.85644374E-06	-9.78659596E-06	 2.58676617E-05	 2.56138659E-06	 1.04036506E-06	 1.86025883E-07	-6.61546829E-08	-2.00131022E-07	-1.41534188E-07	-5.36986147E-06	-1.40314909E-05	-2.24677899E-05	-2.02137899E-04	 2.05371287E-05	 9.79131747E-06	 4.88085871E-06	 1.33908654E-06	 2.46615566E-07	-1.91734805E-07
 5.250000E-01	-1.56690108E-06	-3.86018488E-06	-9.59804843E-06	 2.19753249E-05	 2.29236040E-06	 1.01799184E-06	 1.96605354E-07	-5.66983723E-08	-1.97261846E-07	-1.38744863E-07	-5.31083348E-06	-1.39250899E-05	-2.19726386E-05	-2.07675459E-04	 2.02366086E-05	 9.80177189E-06	 4.96533744E-06	 1.37706565E-06	 2.59101225E-07	-1.95229073E-07
 5.260000E-01	-1.56168799E-06	-3.86015604E-06	-9.38708524E-06	 1.79406332E-05	 1.99854044E-06	 9.89947263E-07	 2.05966458E-07	-4.73246865E-08	-1.94380214E-07	-1.35953247E-07	-5.25092377E-06	-1.38151946E-05	-2.14895829E-05	-2.11094150E-04	 1.99418955E-05	 9.81437807E-06	 5.05030688E-06	 1.41494987E-06	 2.71709455E-07	-1.98792433E-07
 5.270000E-01	-1.55652021E-06	-3.85743094E-06	-9.16339617E-06	 1.38809365E-05	 1.68771347E-06	 9.56963784E-07	 2.13984068E-07	-3.81039690E-08	-1.91495556E-07	-1.33148595E-07	-5.19035535E-06	-1.37036417E-05	-2.10262126E-05	-2.12492366E-04	 1.96612200E-05	 9.83094455E-06	 5.13586553E-06	 1.45266037E-06	 2.84410697E-07	-2.02429784E-07
 5.280000E-01	-1.55113643E-06	-3.85271975E-06	-8.93756635E-06	 9.84881054E-06	 1.37040729E-06	 9.20949033E-07	 2.20834004E-07	-2.90636738E-08	-1.88607544E-07	-1.30320606E-07	-5.12811525E-06	-1.35896161E-05	-2.05904915E-05	-2.12014697E-04	 1.94066334E-05	 9.85575064E-06	 5.22311410E-06	 1.49047853E-06	 2.97273536E-07	-2.06123356E-07
 5.290000E-01	-1.54526621E-06	-3.84589362E-06	-8.71244158E-06	 5.90764940E-06	 1.04792347E-06	 8.82856752E-07	 2.26602004E-07	-2.02218624E-08	-1.85712704E-07	-1.27457182E-07	-5.06310924E-06	-1.34718862E-05	-2.01868733E-05	-2.09865342E-04	 1.91923886E-05	 9.89304132E-06	 5.31316882E-06	 1.52868615E-06	 3.10369066E-07	-2.09859353E-07
 5.300000E-01	-1.53892159E-06	-3.83649780E-06	-8.48295175E-06	 2.19919086E-06	 7.14103607E-07	 8.41954874E-07	 2.31073018E-07	-1.16396232E-08	-1.82825615E-07	-1.24553624E-07	-4.99679929E-06	-1.33547315E-05	-1.98219815E-05	-2.06301465E-04	 1.90239173E-05	 9.94215590E-06	 5.40547074E-06	 1.56704616E-06	 3.23641180E-07	-2.13653547E-07
 5.310000E-01	-1.53232896E-06	-3.82510000E-06	-8.24827515E-06	-1.11201392E-06	 3.69535722E-07	 7.97702401E-07	 2.33977344E-07	-3.41881110E-09	-1.79979375E-07	-1.21611265E-07	-4.93129301E-06	-1.32437894E-05	-1.95013419E-05	-2.01606651E-04	 1.89015212E-05	 1.00007092E-05	 5.49888804E-06	 1.60511863E-06	 3.36959475E-07	-2.17545980E-07
 5.320000E-01	-1.52564316E-06	-3.81310117E-06	-8.01625781E-06	-3.93175143E-06	 2.43074046E-08	 7.51010380E-07	 2.35278683E-07	 4.37064848E-09	-1.77198559E-07	-1.18626958E-07	-4.86668756E-06	-1.31398096E-05	-1.92228754E-05	-1.96057790E-04	 1.88275558E-05	 1.00692338E-05	 5.59342888E-06	 1.64280968E-06	 3.50257110E-07	-2.21574254E-07
 5.330000E-01	-1.51908767E-06	-3.80192902E-06	-7.79551986E-06	-6.24659687E-06	-3.09977594E-07	 7.02979966E-07	 2.35004061E-07	 1.16900041E-08	-1.74502264E-07	-1.15596417E-07	-4.80331409E-06	-1.30436869E-05	-1.89826327E-05	-1.89898629E-04	 1.88019591E-05	 1.01474414E-05	 5.68889119E-06	 1.67997250E-06	 3.63451607E-07	-2.25783594E-07
 5.340000E-01	-1.51281194E-06	-3.79301986E-06	-7.59598038E-06	-8.14867369E-06	-6.18977464E-07	 6.55189441E-07	 2.33282593E-07	 1.85117350E-08	-1.71911955E-07	-1.12518768E-07	-4.74117858E-06	-1.29553991E-05	-1.87752503E-05	-1.83324220E-04	 1.88218394E-05	 1.02354141E-05	 5.78529656E-06	 1.71655998E-06	 3.76480511E-07	-2.30216453E-07
 5.350000E-01	-1.50630973E-06	-3.78655424E-06	-7.42629702E-06	-9.84440180E-06	-8.90045506E-07	 6.10463048E-07	 2.30659554E-07	 2.48790268E-08	-1.69429337E-07	-1.09397004E-07	-4.67803781E-06	-1.28697399E-05	-1.85940569E-05	-1.76475233E-04	 1.88821267E-05	 1.03372423E-05	 5.88450942E-06	 1.75325069E-06	 3.89490491E-07	-2.34859985E-07
 5.360000E-01	-1.49900879E-06	-3.78116077E-06	-7.28318557E-06	-1.15115262E-05	-1.12789845E-06	 5.69689442E-07	 2.27497071E-07	 3.08577899E-08	-1.67044388E-07	-1.06233213E-07	-4.61214879E-06	-1.27826610E-05	-1.84352028E-05	-1.69472319E-04	 1.89816453E-05	 1.04560410E-05	 5.98809317E-06	 1.79067379E-06	 4.02654078E-07	-2.39688132E-07
 5.370000E-01	-1.49093145E-06	-3.77562718E-06	-7.15556786E-06	-1.31899485E-05	-1.34846416E-06	 5.30890930E-07	 2.23558468E-07	 3.64403917E-08	-1.64768158E-07	-1.03030286E-07	-4.54443096E-06	-1.26962803E-05	-1.82994885E-05	-1.62447947E-04	 1.91235563E-05	 1.05902102E-05	 6.09552447E-06	 1.82869964E-06	 4.15953832E-07	-2.44719833E-07
 5.380000E-01	-1.48222750E-06	-3.76953792E-06	-7.03739520E-06	-1.48512769E-05	-1.56008443E-06	 4.92515319E-07	 2.18593832E-07	 4.15970408E-08	-1.62621472E-07	-9.97960180E-08	-4.47640072E-06	-1.26139733E-05	-1.81888123E-05	-1.55528731E-04	 1.93059820E-05	 1.07367336E-05	 6.20579208E-06	 1.86704749E-06	 4.29338795E-07	-2.49979068E-07
 5.390000E-01	-1.47290592E-06	-3.76294452E-06	-6.92943404E-06	-1.64872601E-05	-1.76299747E-06	 4.54399833E-07	 2.12591079E-07	 4.63304246E-08	-1.60613051E-07	-9.65351549E-08	-4.40792737E-06	-1.25350312E-05	-1.80983855E-05	-1.48812038E-04	 1.95248293E-05	 1.08947014E-05	 6.31888171E-06	 1.90578217E-06	 4.42852946E-07	-2.55470358E-07
 5.400000E-01	-1.46296885E-06	-3.75610806E-06	-6.83365708E-06	-1.81184708E-05	-1.95715721E-06	 4.16696576E-07	 2.05603987E-07	 5.06461148E-08	-1.58752328E-07	-9.32497536E-08	-4.33778857E-06	-1.24561740E-05	-1.80186330E-05	-1.42360876E-04	 1.97786284E-05	 1.10652708E-05	 6.43552403E-06	 1.94517938E-06	 4.56566994E-07	-2.61202050E-07
 5.410000E-01	-1.45238751E-06	-3.74904983E-06	-6.74956189E-06	-1.97680151E-05	-2.14439883E-06	 3.79566003E-07	 1.97736517E-07	 5.45412051E-08	-1.57060469E-07	-8.99494346E-08	-4.26554572E-06	-1.23761574E-05	-1.79454216E-05	-1.36206210E-04	 2.00634189E-05	 1.12489030E-05	 6.55614888E-06	 1.98543857E-06	 4.70513429E-07	-2.67190318E-07
 5.420000E-01	-1.44091481E-06	-3.74120199E-06	-6.67440916E-06	-2.14479261E-05	-2.32965357E-06	 3.43284643E-07	 1.89177283E-07	 5.80217181E-08	-1.55556314E-07	-8.66478370E-08	-4.19051633E-06	-1.22932603E-05	-1.78765107E-05	-1.30358887E-04	 2.03726654E-05	 1.14465505E-05	 6.68150404E-06	 2.02691952E-06	 4.84775317E-07	-2.73435612E-07
 5.430000E-01	-1.42827898E-06	-3.73162454E-06	-6.60184775E-06	-2.31118614E-05	-2.52371023E-06	 3.07451967E-07	 1.80032584E-07	 6.10884789E-08	-1.54257846E-07	-8.33577285E-08	-4.11197184E-06	-1.22058017E-05	-1.78112551E-05	-1.24827815E-04	 2.07034664E-05	 1.16595138E-05	 6.81243377E-06	 2.07002698E-06	 4.99443867E-07	-2.79937108E-07
 5.440000E-01	-1.41486154E-06	-3.72026523E-06	-6.52419017E-06	-2.46059675E-05	-2.73653484E-06	 2.70229934E-07	 1.69994461E-07	 6.37037711E-08	-1.53196335E-07	-8.00861539E-08	-4.03194737E-06	-1.21187016E-05	-1.77577635E-05	-1.19637050E-04	 2.10621375E-05	 1.18844790E-05	 6.94752499E-06	 2.11429967E-06	 5.14375816E-07	-2.86752980E-07
 5.450000E-01	-1.40129481E-06	-3.70821167E-06	-6.44164904E-06	-2.57742946E-05	-2.96339788E-06	 2.30826091E-07	 1.58759022E-07	 6.58377224E-08	-1.52395583E-07	-7.68330777E-08	-3.95298423E-06	-1.20377436E-05	-1.77224060E-05	-1.14811442E-04	 2.14529939E-05	 1.21164151E-05	 7.08467212E-06	 2.15899028E-06	 5.29381472E-07	-2.93950960E-07
 5.460000E-01	-1.38763032E-06	-3.69634972E-06	-6.36159814E-06	-2.65886307E-05	-3.18930073E-06	 1.91045301E-07	 1.46573098E-07	 6.75250037E-08	-1.51853265E-07	-7.35988345E-08	-3.87468879E-06	-1.19614696E-05	-1.76999869E-05	-1.10343200E-04	 2.18678745E-05	 1.23546219E-05	 7.22403939E-06	 2.20424045E-06	 5.44535017E-07	-3.01526753E-07
 5.470000E-01	-1.37369298E-06	-3.68492664E-06	-6.28881854E-06	-2.71075359E-05	-3.40573744E-06	 1.52607108E-07	 1.33788775E-07	 6.88245126E-08	-1.51554996E-07	-7.03812356E-08	-3.79543203E-06	-1.18855943E-05	-1.76813789E-05	-1.06195588E-04	 2.22995237E-05	 1.26006602E-05	 7.36682372E-06	 2.25057563E-06	 5.60016775E-07	-3.09448956E-07
 5.480000E-01	-1.35942173E-06	-3.67379633E-06	-6.22283601E-06	-2.73892129E-05	-3.61280032E-06	 1.15856967E-07	 1.20532788E-07	 6.97777086E-08	-1.51487576E-07	-6.71761618E-08	-3.71464158E-06	-1.18086042E-05	-1.76627377E-05	-1.02327534E-04	 2.27467289E-05	 1.28547466E-05	 7.51352906E-06	 2.29823538E-06	 5.75942760E-07	-3.17700737E-07
 5.490000E-01	-1.34471230E-06	-3.66253908E-06	-6.16098454E-06	-2.74672127E-05	-3.81214566E-06	 8.08688163E-08	 1.06913241E-07	 7.04085990E-08	-1.51649909E-07	-6.39888951E-08	-3.63279983E-06	-1.17317303E-05	-1.76473954E-05	-9.87039381E-05	 2.32067950E-05	 1.31158054E-05	 7.66404210E-06	 2.34727295E-06	 5.92366355E-07	-3.26274397E-07
 5.500000E-01	-1.32952593E-06	-3.65095504E-06	-6.10104315E-06	-2.73492423E-05	-4.00468537E-06	 4.75131476E-08	 9.29611792E-08	 7.07220697E-08	-1.52054152E-07	-6.08260415E-08	-3.55031244E-06	-1.16560467E-05	-1.76391014E-05	-9.53010534E-05	 2.36804806E-05	 1.33833810E-05	 7.81824102E-06	 2.39770001E-06	 6.09275363E-07	-3.35189567E-07
 5.510000E-01	-1.31414627E-06	-3.63955737E-06	-6.04297332E-06	-2.70225926E-05	-4.18628797E-06	 1.53833097E-08	 7.85399660E-08	 7.07189623E-08	-1.52715379E-07	-5.76861598E-08	-3.46827086E-06	-1.15841627E-05	-1.76424114E-05	-9.21072246E-05	 2.41758328E-05	 1.36558952E-05	 7.97524476E-06	 2.44914597E-06	 6.26530334E-07	-3.44511434E-07
 5.520000E-01	-1.29894901E-06	-3.62945425E-06	-5.99171303E-06	-2.65179790E-05	-4.34331382E-06	-1.48639605E-08	 6.36291060E-08	 7.04108482E-08	-1.53654081E-07	-5.45704645E-08	-3.38808919E-06	-1.15192738E-05	-1.76619807E-05	-8.91103610E-05	 2.46974666E-05	 1.39311025E-05	 8.13378748E-06	 2.50108725E-06	 6.43938950E-07	-3.54318657E-07
 5.530000E-01	-1.28362577E-06	-3.62089741E-06	-5.95469262E-06	-2.59827772E-05	-4.46660970E-06	-4.11726378E-08	 4.86294553E-08	 6.98372882E-08	-1.54876927E-07	-5.14887039E-08	-3.30766448E-06	-1.14559031E-05	-1.76877376E-05	-8.62819314E-05	 2.52347027E-05	 1.42128273E-05	 8.29561494E-06	 2.55420729E-06	 6.61642880E-07	-3.64600104E-07
 5.540000E-01	-1.26745922E-06	-3.61267052E-06	-5.93223200E-06	-2.55879077E-05	-4.56787364E-06	-6.29453449E-08	 3.39370532E-08	 6.90539588E-08	-1.56363908E-07	-4.84497013E-08	-3.22340078E-06	-1.13851608E-05	-1.77041313E-05	-8.35835811E-05	 2.57742132E-05	 1.45072961E-05	 8.46402715E-06	 2.60984453E-06	 6.80032989E-07	-3.75268593E-07
 5.550000E-01	-1.25030822E-06	-3.60370631E-06	-5.91758479E-06	-2.53839691E-05	-4.66789488E-06	-8.22739598E-08	 1.93913433E-08	 6.80744949E-08	-1.58105602E-07	-4.54550919E-08	-3.13504935E-06	-1.13066056E-05	-1.77107471E-05	-8.09949609E-05	 2.63197469E-05	 1.48150394E-05	 8.63954639E-06	 2.66824936E-06	 6.99238900E-07	-3.86297654E-07
 5.560000E-01	-1.23232839E-06	-3.59360666E-06	-5.90533366E-06	-2.53277285E-05	-4.77851005E-06	-1.01120058E-07	 4.69882755E-09	 6.68865587E-08	-1.60107769E-07	-4.25062876E-08	-3.04400197E-06	-1.12238114E-05	-1.77145340E-05	-7.85190259E-05	 2.68797817E-05	 1.51338969E-05	 8.82122328E-06	 2.72908498E-06	 7.19223078E-07	-3.97702926E-07
 5.570000E-01	-1.21358888E-06	-3.58224866E-06	-5.89354673E-06	-2.53599350E-05	-4.90243276E-06	-1.20199651E-07	-1.02338335E-08	 6.54975501E-08	-1.62364983E-07	-3.96022540E-08	-2.95092973E-06	-1.11384985E-05	-1.77183008E-05	-7.61647825E-05	 2.74569558E-05	 1.54623957E-05	 9.00862605E-06	 2.79220983E-06	 7.40018420E-07	-4.09482207E-07
 5.580000E-01	-1.19432206E-06	-3.57011175E-06	-5.88300612E-06	-2.54309664E-05	-5.03607289E-06	-1.39737933E-07	-2.55049184E-08	 6.39131119E-08	-1.64878313E-07	-3.67371426E-08	-2.85641860E-06	-1.10520614E-05	-1.77233765E-05	-7.39374154E-05	 2.80555646E-05	 1.57991063E-05	 9.20119347E-06	 2.85738969E-06	 7.61598950E-07	-4.21660587E-07
 5.590000E-01	-1.17469291E-06	-3.55785196E-06	-5.87692036E-06	-2.55348761E-05	-5.17297685E-06	-1.59030669E-07	-4.10825589E-08	 6.21269048E-08	-1.67669448E-07	-3.39146304E-08	-2.76060887E-06	-1.09646922E-05	-1.77297485E-05	-7.18345815E-05	 2.86758958E-05	 1.61439887E-05	 9.39872872E-06	 2.92456050E-06	 7.83923182E-07	-4.34272261E-07
 5.600000E-01	-1.15434003E-06	-3.54509914E-06	-5.87680824E-06	-2.57177717E-05	-5.31845963E-06	-1.77096822E-07	-5.67086581E-08	 6.01305428E-08	-1.70752531E-07	-3.11493151E-08	-2.66150284E-06	-1.08713970E-05	-1.77288526E-05	-6.98434653E-05	 2.93061576E-05	 1.65010857E-05	 9.60320400E-06	 2.99457989E-06	 8.07214389E-07	-4.47275718E-07
 5.610000E-01	-1.13280086E-06	-3.53066462E-06	-5.87771737E-06	-2.59833011E-05	-5.49307490E-06	-1.94774810E-07	-7.23240165E-08	 5.79011222E-08	-1.74136068E-07	-2.84554107E-08	-2.55707156E-06	-1.07672891E-05	-1.77134725E-05	-6.79487958E-05	 2.99377610E-05	 1.68747970E-05	 9.81693021E-06	 3.06850421E-06	 8.31758418E-07	-4.60608861E-07
 5.620000E-01	-1.11048336E-06	-3.51443459E-06	-5.87182372E-06	-2.62022656E-05	-5.70354803E-06	-2.14183834E-07	-8.83453699E-08	 5.54182912E-08	-1.77846051E-07	-2.58326531E-08	-2.45015659E-06	-1.06595257E-05	-1.76991445E-05	-6.61504050E-05	 3.05873510E-05	 1.72605223E-05	 1.00375661E-05	 3.14551792E-06	 8.57303545E-07	-4.74354456E-07
 5.630000E-01	-1.08818382E-06	-3.49754324E-06	-5.85742730E-06	-2.62170347E-05	-5.92684123E-06	-2.35255749E-07	-1.05055840E-07	 5.27089269E-08	-1.81895627E-07	-2.32645185E-08	-2.34530002E-06	-1.05593462E-05	-1.77072151E-05	-6.44624754E-05	 3.12775376E-05	 1.76495651E-05	 1.02607274E-05	 3.22385769E-06	 8.83375245E-07	-4.88659500E-07
 5.640000E-01	-1.06607033E-06	-3.48079096E-06	-5.83898015E-06	-2.59838420E-05	-6.13385269E-06	-2.55362706E-07	-1.22135307E-07	 4.98502698E-08	-1.86261790E-07	-2.07362773E-08	-2.24324704E-06	-1.04685180E-05	-1.77400196E-05	-6.28913161E-05	 3.20085087E-05	 1.80395756E-05	 1.04855155E-05	 3.30314229E-06	 9.09925261E-07	-5.03553864E-07
 5.650000E-01	-1.04416334E-06	-3.46478637E-06	-5.82168913E-06	-2.55495346E-05	-6.30475671E-06	-2.72183693E-07	-1.39191243E-07	 4.69252639E-08	-1.90916405E-07	-1.82361249E-08	-2.14351831E-06	-1.03857558E-05	-1.77936072E-05	-6.14277962E-05	 3.27737933E-05	 1.84301463E-05	 1.07121454E-05	 3.38346332E-06	 9.37041029E-07	-5.19028198E-07
 5.660000E-01	-1.02238627E-06	-3.44988112E-06	-5.81024524E-06	-2.50172362E-05	-6.43394983E-06	-2.84356794E-07	-1.55947161E-07	 4.39767532E-08	-1.95838232E-07	-1.57574508E-08	-2.04497113E-06	-1.03082189E-05	-1.78608225E-05	-6.00554540E-05	 3.35648809E-05	 1.88223366E-05	 1.09415338E-05	 3.46515729E-06	 9.64898700E-07	-5.35048455E-07
 5.670000E-01	-1.00011356E-06	-3.43519802E-06	-5.80603059E-06	-2.45173146E-05	-6.54126572E-06	-2.91957778E-07	-1.72177720E-07	 4.09893992E-08	-2.01014668E-07	-1.33107749E-08	-1.94394999E-06	-1.02269259E-05	-1.79241498E-05	-5.87546879E-05	 3.43642237E-05	 1.92233101E-05	 1.11775100E-05	 3.54978766E-06	 9.93990731E-07	-5.51495286E-07
 5.680000E-01	-9.76987658E-07	-3.41968796E-06	-5.80499335E-06	-2.40970868E-05	-6.65350745E-06	-2.97292281E-07	-1.88057726E-07	 3.79293866E-08	-2.06458878E-07	-1.09098272E-08	-1.83890596E-06	-1.01380556E-05	-1.79774176E-05	-5.75101755E-05	 3.51687018E-05	 1.96370888E-05	 1.14220787E-05	 3.63826135E-06	 1.02455193E-06	-5.68323847E-07
 5.690000E-01	-9.53436330E-07	-3.40360337E-06	-5.80375046E-06	-2.37025723E-05	-6.77050014E-06	-3.02318960E-07	-2.04001935E-07	 3.48007563E-08	-2.12201361E-07	-8.55375174E-09	-1.73272644E-06	-1.00486731E-05	-1.80352958E-05	-5.63205311E-05	 3.59979355E-05	 2.00586361E-05	 1.16724672E-05	 3.72949079E-06	 1.05622926E-06	-5.85658406E-07
 5.700000E-01	-9.29834643E-07	-3.38776950E-06	-5.80505027E-06	-2.33046964E-05	-6.87309939E-06	-3.06132447E-07	-2.20059636E-07	 3.16362150E-08	-2.18276274E-07	-6.24337387E-09	-1.62750662E-06	-9.96371448E-06	-1.81082393E-05	-5.51933835E-05	 3.68657997E-05	 2.04844700E-05	 1.19263108E-05	 3.82249955E-06	 1.08866835E-06	-6.03632723E-07
 5.710000E-01	-9.05836895E-07	-3.37204386E-06	-5.81335779E-06	-2.29646729E-05	-6.96113185E-06	-3.06986034E-07	-2.35859869E-07	 2.84594353E-08	-2.24696567E-07	-3.99470762E-09	-1.52109344E-06	-9.87760423E-06	-1.81861055E-05	-5.41315751E-05	 3.77613804E-05	 2.09199628E-05	 1.21858719E-05	 3.91823954E-06	 1.12208252E-06	-6.22219175E-07
 5.720000E-01	-8.80997189E-07	-3.35572111E-06	-5.82930326E-06	-2.27544408E-05	-7.05839731E-06	-3.05396442E-07	-2.51228483E-07	 2.52634572E-08	-2.31448946E-07	-1.81883924E-09	-1.41073727E-06	-9.78355849E-06	-1.82549522E-05	-5.31294479E-05	 3.86692698E-05	 2.13710108E-05	 1.24544391E-05	 4.01807760E-06	 1.15692245E-06	-6.41311373E-07
 5.730000E-01	-8.55214524E-07	-3.33836490E-06	-5.85070690E-06	-2.26920585E-05	-7.19107655E-06	-3.03419673E-07	-2.66380984E-07	 2.20043054E-08	-2.38531305E-07	 2.82296974E-10	-1.29564412E-06	-9.67975428E-06	-1.83101889E-05	-5.21806903E-05	 3.95866122E-05	 2.18393430E-05	 1.27332693E-05	 4.12252540E-06	 1.19343360E-06	-6.60856038E-07
 5.740000E-01	-8.28357009E-07	-3.31936654E-06	-5.87375524E-06	-2.27500865E-05	-7.38110251E-06	-3.03144538E-07	-2.81572153E-07	 1.86336661E-08	-2.45937639E-07	 2.31121861E-09	-1.17518897E-06	-9.56484605E-06	-1.83487102E-05	-5.12824202E-05	 4.05137776E-05	 2.23268441E-05	 1.30236482E-05	 4.23209696E-06	 1.23186418E-06	-6.80801699E-07
 5.750000E-01	-8.00631887E-07	-3.29861059E-06	-5.89385113E-06	-2.28457329E-05	-7.62773639E-06	-3.06050627E-07	-2.97037135E-07	 1.51688996E-08	-2.53648324E-07	 4.28558789E-09	-1.05109415E-06	-9.44334670E-06	-1.83786842E-05	-5.04337380E-05	 4.14614580E-05	 2.28294818E-05	 1.33241919E-05	 4.34622277E-06	 1.27217511E-06	-7.01175428E-07
 5.760000E-01	-7.72673648E-07	-3.27708049E-06	-5.91043680E-06	-2.28885081E-05	-7.89659842E-06	-3.10919433E-07	-3.12822244E-07	 1.16890812E-08	-2.61672645E-07	 6.22399664E-09	-9.27452614E-07	-9.32541280E-06	-1.84202321E-05	-4.96369488E-05	 4.24508295E-05	 2.33374343E-05	 1.36300792E-05	 4.46297953E-06	 1.31384886E-06	-7.22142256E-07
 5.770000E-01	-7.44589521E-07	-3.25542500E-06	-5.92758888E-06	-2.28781356E-05	-8.16394092E-06	-3.14558401E-07	-3.28612840E-07	 8.22747797E-09	-2.70036293E-07	 8.12494459E-09	-8.04487893E-07	-9.21146472E-06	-1.84754178E-05	-4.88942559E-05	 4.34856417E-05	 2.38504487E-05	 1.39405950E-05	 4.58213358E-06	 1.35676443E-06	-7.43770277E-07
 5.780000E-01	-7.15847441E-07	-3.23302646E-06	-5.94700320E-06	-2.28730579E-05	-8.44920854E-06	-3.16098777E-07	-3.44180951E-07	 4.72676325E-09	-2.78751212E-07	 9.97200295E-09	-6.78427737E-07	-9.09213146E-06	-1.85268523E-05	-4.82014294E-05	 4.45515322E-05	 2.43783291E-05	 1.42602985E-05	 4.70564854E-06	 1.40145655E-06	-7.65943708E-07
 5.790000E-01	-6.86219832E-07	-3.20913253E-06	-5.96502088E-06	-2.28727064E-05	-8.77523252E-06	-3.17595712E-07	-3.59805422E-07	 1.12647754E-09	-2.87840639E-07	 1.17547299E-08	-5.48034121E-07	-8.96425107E-06	-1.85693447E-05	-4.75513573E-05	 4.56496434E-05	 2.49251986E-05	 1.45911045E-05	 4.83448861E-06	 1.44815953E-06	-7.88626769E-07
 5.800000E-01	-6.56104875E-07	-3.18386545E-06	-5.97723034E-06	-2.28023273E-05	-9.12243567E-06	-3.19789231E-07	-3.75752291E-07	-2.52085425E-09	-2.97324617E-07	 1.34824020E-08	-4.16716182E-07	-8.83617563E-06	-1.86200557E-05	-4.69413480E-05	 4.68028636E-05	 2.54830610E-05	 1.49289866E-05	 4.96713466E-06	 1.49641890E-06	-8.11971003E-07
 5.810000E-01	-6.25848703E-07	-3.15765778E-06	-5.98233617E-06	-2.25998909E-05	-9.44697480E-06	-3.20739767E-07	-3.91807626E-07	-6.07836567E-09	-3.07173359E-07	 1.51840226E-08	-2.87319613E-07	-8.71504660E-06	-1.86925738E-05	-4.63707098E-05	 4.80281120E-05	 2.60440017E-05	 1.52703881E-05	 5.10207815E-06	 1.54587899E-06	-8.36105340E-07
 5.820000E-01	-5.95747334E-07	-3.13126651E-06	-5.98256188E-06	-2.22524295E-05	-9.70164584E-06	-3.17465445E-07	-4.07562512E-07	-9.38681064E-09	-3.17346246E-07	 1.68946825E-08	-1.61442512E-07	-8.60482230E-06	-1.87935220E-05	-4.58350676E-05	 4.93351021E-05	 2.66023336E-05	 1.56129551E-05	 5.23824455E-06	 1.59630667E-06	-8.61135357E-07
 5.830000E-01	-5.66091842E-07	-3.10581171E-06	-5.98400681E-06	-2.18115464E-05	-9.85517046E-06	-3.06222190E-07	-4.22469124E-07	-1.23235611E-08	-3.27825527E-07	 1.86337181E-08	-4.00115934E-08	-8.50786520E-06	-1.89262562E-05	-4.53297034E-05	 5.07257130E-05	 2.71537868E-05	 1.59548550E-05	 5.37474550E-06	 1.64754143E-06	-8.87138837E-07
 5.840000E-01	-5.36221246E-07	-3.08088681E-06	-5.99263346E-06	-2.14092782E-05	-9.95320201E-06	-2.85913616E-07	-4.36022547E-07	-1.49643168E-08	-3.38597341E-07	 2.03786938E-08	 8.22378728E-08	-8.41145484E-06	-1.90654130E-05	-4.48555237E-05	 5.21697154E-05	 2.77122035E-05	 1.63030883E-05	 5.51436245E-06	 1.70050688E-06	-9.13879831E-07
 5.850000E-01	-5.05225273E-07	-3.05491736E-06	-6.00776910E-06	-2.11394551E-05	-1.00884142E-05	-2.61384573E-07	-4.48505251E-07	-1.75117609E-08	-3.49681478E-07	 2.20817004E-08	 2.11403356E-07	-8.30056006E-06	-1.91822410E-05	-4.44144156E-05	 5.36371558E-05	 2.82956910E-05	 1.66667071E-05	 5.66099202E-06	 1.75635302E-06	-9.41052041E-07
 5.860000E-01	-4.73228488E-07	-3.02751500E-06	-6.02505325E-06	-2.09714496E-05	-1.02949334E-05	-2.38159692E-07	-4.60762355E-07	-2.00459695E-08	-3.61136362E-07	 2.37237310E-08	 3.46077315E-07	-8.17842210E-06	-1.92838048E-05	-4.40058973E-05	 5.51403418E-05	 2.89016665E-05	 1.70444656E-05	 5.81433867E-06	 1.81495536E-06	-9.68718565E-07
 5.870000E-01	-4.40625649E-07	-2.99903495E-06	-6.04304165E-06	-2.08461484E-05	-1.05484604E-05	-2.16419118E-07	-4.72986823E-07	-2.24934342E-08	-3.73012651E-07	 2.52951848E-08	 4.82554561E-07	-8.05397126E-06	-1.93891530E-05	-4.36347836E-05	 5.67051930E-05	 2.95202879E-05	 1.74310924E-05	 5.97242454E-06	 1.87566859E-06	-9.97091286E-07
 5.880000E-01	-4.07459639E-07	-2.96970265E-06	-6.06371333E-06	-2.07560446E-05	-1.08329824E-05	-1.93910787E-07	-4.84963166E-07	-2.47973377E-08	-3.85346372E-07	 2.67880983E-08	 6.20548315E-07	-7.92756108E-06	-1.95004031E-05	-4.33044488E-05	 5.83452265E-05	 3.01516886E-05	 1.78257753E-05	 6.13501474E-06	 1.93831176E-06	-1.02627595E-06
 5.890000E-01	-3.73736619E-07	-2.93985862E-06	-6.08985283E-06	-2.07271828E-05	-1.11644121E-05	-1.69760578E-07	-4.96677783E-07	-2.69853395E-08	-3.98154022E-07	 2.82130427E-08	 7.61404567E-07	-7.79570267E-06	-1.96101704E-05	-4.30116870E-05	 6.00647150E-05	 3.08010781E-05	 1.82306670E-05	 6.30284914E-06	 2.00311185E-06	-1.05627967E-06
 5.900000E-01	-3.39275989E-07	-2.90933894E-06	-6.12246698E-06	-2.07921768E-05	-1.15936378E-05	-1.44329069E-07	-5.08013096E-07	-2.91365927E-08	-4.11431836E-07	 2.95581001E-08	 9.06877449E-07	-7.65439865E-06	-1.97101688E-05	-4.27600917E-05	 6.18546798E-05	 3.14751379E-05	 1.86492230E-05	 6.47728243E-06	 2.07062222E-06	-1.08696374E-06
 5.910000E-01	-3.03561150E-07	-2.87695205E-06	-6.15795620E-06	-2.09557191E-05	-1.21966151E-05	-1.21164751E-07	-5.19094587E-07	-3.13910372E-08	-4.25151575E-07	 3.08008915E-08	 1.05999685E-06	-7.49660049E-06	-1.97864964E-05	-4.25570785E-05	 6.36958041E-05	 3.21851944E-05	 1.90876038E-05	 6.66090435E-06	 2.14179071E-06	-1.11805654E-06
 5.920000E-01	-2.66693941E-07	-2.84213912E-06	-6.18903084E-06	-2.11392410E-05	-1.29823772E-05	-1.05616697E-07	-5.30640141E-07	-3.37741697E-08	-4.39270358E-07	 3.19735310E-08	 1.21939317E-06	-7.32590591E-06	-1.98443658E-05	-4.23946451E-05	 6.55968607E-05	 3.29272328E-05	 1.95453314E-05	 6.85348892E-06	 2.21676057E-06	-1.14954645E-06
 5.930000E-01	-2.29669543E-07	-2.80613509E-06	-6.21216691E-06	-2.12290140E-05	-1.38385870E-05	-9.66439252E-08	-5.43083801E-07	-3.60724225E-08	-4.53793463E-07	 3.31475193E-08	 1.37768122E-06	-7.16039958E-06	-1.99178476E-05	-4.22529715E-05	 6.76110809E-05	 3.36753059E-05	 2.00105282E-05	 7.05011115E-06	 2.29415296E-06	-1.18189278E-06
 5.940000E-01	-1.92915110E-07	-2.76993809E-06	-6.23023687E-06	-2.11996943E-05	-1.46557180E-05	-8.63446626E-08	-5.55751589E-07	-3.80611826E-08	-4.68742103E-07	 3.43572013E-08	 1.53175502E-06	-7.00756655E-06	-2.00231710E-05	-4.21232984E-05	 6.97826286E-05	 3.44175407E-05	 2.04765628E-05	 7.24812937E-06	 2.37308626E-06	-1.21542316E-06
 5.950000E-01	-1.56092336E-07	-2.73345737E-06	-6.24709327E-06	-2.11038687E-05	-1.54191352E-05	-6.93147214E-08	-5.67890567E-07	-3.96984889E-08	-4.84120281E-07	 3.56006821E-08	 1.68463790E-06	-6.85992783E-06	-2.01475908E-05	-4.20064943E-05	 7.21261360E-05	 3.51640743E-05	 2.09473696E-05	 7.44929410E-06	 2.45399233E-06	-1.25008381E-06
 5.960000E-01	-1.18945850E-07	-2.69643729E-06	-6.26434724E-06	-2.09870548E-05	-1.61594824E-05	-4.53727398E-08	-5.79557953E-07	-4.10670416E-08	-4.99974561E-07	 3.68645975E-08	 1.83883995E-06	-6.71111808E-06	-2.02803216E-05	-4.19073465E-05	 7.46537980E-05	 3.59248463E-05	 2.14268663E-05	 7.65541532E-06	 2.53731238E-06	-1.28581390E-06
 5.970000E-01	-8.11770750E-08	-2.65812686E-06	-6.28053775E-06	-2.08645928E-05	-1.69101160E-05	-1.54547207E-08	-5.90495032E-07	-4.21683581E-08	-5.16317100E-07	 3.80985180E-08	 1.99523541E-06	-6.55915304E-06	-2.04196661E-05	-4.18435543E-05	 7.73694731E-05	 3.67037473E-05	 2.19167452E-05	 7.86761333E-06	 2.62338952E-06	-1.32249472E-06
 5.980000E-01	-4.26868123E-08	-2.61803009E-06	-6.29284119E-06	-2.07206639E-05	-1.76713635E-05	 1.80638343E-08	-6.00610351E-07	-4.29280956E-08	-5.33099991E-07	 3.93003502E-08	 2.15358378E-06	-6.40482550E-06	-2.05662887E-05	-4.18190064E-05	 8.02751282E-05	 3.74989988E-05	 2.24173649E-05	 8.08611722E-06	 2.71246231E-06	-1.36006335E-06
 5.990000E-01	-4.08711781E-09	-2.57724215E-06	-6.30199934E-06	-2.05294793E-05	-1.83708830E-05	 5.51627590E-08	-6.10245382E-07	-4.32003516E-08	-5.50323389E-07	 4.05416982E-08	 2.31042522E-06	-6.25630939E-06	-2.07328433E-05	-4.18097757E-05	 8.34009083E-05	 3.82949629E-05	 2.29225087E-05	 8.30804507E-06	 2.80378588E-06	-1.39884168E-06
 6.000000E-01	 3.41408508E-08	-2.53717456E-06	-6.31393910E-06	-2.03213389E-05	-1.89617377E-05	 1.02976910E-07	-6.18538815E-07	-4.27836417E-08	-5.67999607E-07	 4.18558620E-08	 2.46337697E-06	-6.11957558E-06	-2.09293529E-05	-4.17986490E-05	 8.67795000E-05	 3.90797342E-05	 2.34269227E-05	 8.53093232E-06	 2.89676062E-06	-1.43907738E-06
 6.010000E-01	 7.26783618E-08	-2.49732323E-06	-6.33392482E-06	-2.01871305E-05	-1.95697151E-05	 1.65825437E-07	-6.24236618E-07	-4.17476284E-08	-5.86106009E-07	 4.31967620E-08	 2.61826485E-06	-5.98082833E-06	-2.11298700E-05	-4.17957219E-05	 9.04064752E-05	 3.98774224E-05	 2.39418059E-05	 8.75922565E-06	 2.99285845E-06	-1.48038677E-06
 6.020000E-01	 1.12353842E-07	-2.45624009E-06	-6.36132035E-06	-2.01750372E-05	-2.03985954E-05	 2.37344542E-07	-6.27575835E-07	-4.03719806E-08	-6.04672141E-07	 4.44812906E-08	 2.78126123E-06	-5.82489830E-06	-2.13068496E-05	-4.18207663E-05	 9.42794877E-05	 4.07165918E-05	 2.44803633E-05	 8.99863031E-06	 3.09377670E-06	-1.52231233E-06
 6.030000E-01	 1.53174049E-07	-2.41344493E-06	-6.39271440E-06	-2.02550741E-05	-2.15563490E-05	 3.08678859E-07	-6.29805387E-07	-3.88277194E-08	-6.23788987E-07	 4.56624153E-08	 2.95172104E-06	-5.65306313E-06	-2.14639781E-05	-4.18821752E-05	 9.84369241E-05	 4.15969425E-05	 2.50424956E-05	 9.24946435E-06	 3.19955678E-06	-1.56489659E-06
 6.040000E-01	 1.95003366E-07	-2.36878346E-06	-6.42545539E-06	-2.03825119E-05	-2.30621990E-05	 3.76543289E-07	-6.31510686E-07	-3.71087032E-08	-6.43513701E-07	 4.67112072E-08	 3.12736981E-06	-5.47067774E-06	-2.16129927E-05	-4.19846932E-05	 1.02941438E-04	 4.25082946E-05	 2.56236284E-05	 9.51022395E-06	 3.30968816E-06	-1.60834403E-06
 6.050000E-01	 2.37546711E-07	-2.32272921E-06	-6.45962249E-06	-2.05317562E-05	-2.48976792E-05	 4.42042893E-07	-6.33101110E-07	-3.51643044E-08	-6.63903460E-07	 4.76575635E-08	 3.30625954E-06	-5.28198036E-06	-2.17620289E-05	-4.21160714E-05	 1.07876073E-04	 4.34405468E-05	 2.62190279E-05	 9.77907743E-06	 3.42354659E-06	-1.65295245E-06
 6.060000E-01	 2.80421365E-07	-2.27626175E-06	-6.49810792E-06	-2.07079354E-05	-2.70760879E-05	 5.11060224E-07	-6.34406495E-07	-3.29285042E-08	-6.85007396E-07	 4.85604195E-08	 3.48697887E-06	-5.09046431E-06	-2.19172065E-05	-4.22569907E-05	 1.13337454E-04	 4.43876595E-05	 2.68253610E-05	 1.00544326E-05	 3.54079630E-06	-1.69889912E-06
 6.070000E-01	 3.24103073E-07	-2.22860852E-06	-6.54084502E-06	-2.09355517E-05	-2.97429173E-05	 5.88535314E-07	-6.34194642E-07	-3.04154615E-08	-7.06780889E-07	 4.93878459E-08	 3.67301998E-06	-4.88862809E-06	-2.20665920E-05	-4.24225488E-05	 1.19404929E-04	 4.53706901E-05	 2.74509802E-05	 1.03397776E-05	 3.66283319E-06	-1.74566789E-06
 6.080000E-01	 3.69402436E-07	-2.17769684E-06	-6.58058554E-06	-2.11886151E-05	-3.30644596E-05	 6.65658994E-07	-6.32815449E-07	-2.78277180E-08	-7.29139477E-07	 5.01145300E-08	 3.86951020E-06	-4.66467950E-06	-2.21896644E-05	-4.26350988E-05	 1.26148185E-04	 4.64230825E-05	 2.81103867E-05	 1.06411661E-05	 3.79182109E-06	-1.79250576E-06
 6.090000E-01	 4.15919051E-07	-2.12324271E-06	-6.60871561E-06	-2.13659174E-05	-3.69425291E-05	 7.28300032E-07	-6.32468077E-07	-2.51586164E-08	-7.52076308E-07	 5.08179213E-08	 4.07220822E-06	-4.42905685E-06	-2.23050338E-05	-4.28776646E-05	 1.33694666E-04	 4.75265617E-05	 2.87965262E-05	 1.09557083E-05	 3.92710518E-06	-1.83961425E-06
 6.100000E-01	 4.62630796E-07	-2.06663702E-06	-6.62325668E-06	-2.13897907E-05	-4.10341744E-05	 7.76241355E-07	-6.34314356E-07	-2.20968512E-08	-7.75645095E-07	 5.16106027E-08	 4.27218968E-06	-4.20315163E-06	-2.24516809E-05	-4.31144758E-05	 1.42239926E-04	 4.86273672E-05	 2.94872377E-05	 1.12742730E-05	 4.06580812E-06	-1.88805541E-06
 6.110000E-01	 5.09154563E-07	-2.00893130E-06	-6.62834424E-06	-2.12717624E-05	-4.50273601E-05	 8.22181206E-07	-6.37357035E-07	-1.83031318E-08	-7.99848604E-07	 5.25659001E-08	 4.46636346E-06	-3.99386127E-06	-2.26422078E-05	-4.33278273E-05	 1.51994718E-04	 4.96966525E-05	 3.01717859E-05	 1.15923126E-05	 4.20616690E-06	-1.93873375E-06
 6.120000E-01	 5.55433704E-07	-1.95088730E-06	-6.63055705E-06	-2.10742746E-05	-4.87619675E-05	 8.81079704E-07	-6.39857092E-07	-1.35296298E-08	-8.24704243E-07	 5.37168343E-08	 4.65504007E-06	-3.79982174E-06	-2.28744618E-05	-4.35208998E-05	 1.63163917E-04	 5.07274882E-05	 3.08484973E-05	 1.19088513E-05	 4.34747957E-06	-1.99229452E-06
 6.130000E-01	 6.02147282E-07	-1.89159233E-06	-6.63301603E-06	-2.08640718E-05	-5.22686497E-05	 9.62666751E-07	-6.39469686E-07	-7.69032084E-09	-8.50197476E-07	 5.49662727E-08	 4.84249639E-06	-3.61086178E-06	-2.31343324E-05	-4.37545888E-05	 1.75891414E-04	 5.17471238E-05	 3.15280262E-05	 1.22281581E-05	 4.49082067E-06	-2.04864754E-06
 6.140000E-01	 6.50584307E-07	-1.82827563E-06	-6.63087663E-06	-2.06557594E-05	-5.56273180E-05	 1.05879732E-06	-6.34903862E-07	-8.96612047E-10	-8.76233980E-07	 5.61381648E-08	 5.03576385E-06	-3.41088646E-06	-2.33997791E-05	-4.41392148E-05	 1.90174112E-04	 5.28148506E-05	 3.22323160E-05	 1.25592446E-05	 4.63905996E-06	-2.10683969E-06
 6.150000E-01	 7.00968317E-07	-1.75992310E-06	-6.61844477E-06	-2.03976887E-05	-5.86027062E-05	 1.14687350E-06	-6.28352629E-07	 6.64516497E-09	-9.02889542E-07	 5.72074764E-08	 5.23457585E-06	-3.20113326E-06	-2.36782125E-05	-4.47508787E-05	 2.05821952E-04	 5.39568405E-05	 3.29667279E-05	 1.29037502E-05	 4.79302007E-06	-2.16650140E-06
 6.160000E-01	 7.52699311E-07	-1.68769441E-06	-6.59713751E-06	-2.00545367E-05	-6.05935025E-05	 1.21705434E-06	-6.21686076E-07	 1.49135207E-08	-9.30395421E-07	 5.82148376E-08	 5.43295059E-06	-2.99694491E-06	-2.40040392E-05	-4.56491553E-05	 2.22369767E-04	 5.51692778E-05	 3.37193204E-05	 1.32558902E-05	 4.95125923E-06	-2.22794790E-06
 6.170000E-01	 8.05858556E-07	-1.61221042E-06	-6.57295804E-06	-1.96593618E-05	-6.09352248E-05	 1.27711793E-06	-6.13511868E-07	 2.40052442E-08	-9.58901331E-07	 5.91131062E-08	 5.63011233E-06	-2.80164551E-06	-2.43938112E-05	-4.69466762E-05	 2.38864797E-04	 5.65002460E-05	 3.44930403E-05	 1.36155991E-05	 5.11401995E-06	-2.29095878E-06
 6.180000E-01	 8.61056328E-07	-1.53323824E-06	-6.55119667E-06	-1.92689775E-05	-5.90167923E-05	 1.33282433E-06	-6.01661496E-07	 3.39428425E-08	-9.88473942E-07	 5.97970270E-08	 5.82968034E-06	-2.60763963E-06	-2.48449586E-05	-4.88015683E-05	 2.53640116E-04	 5.80603352E-05	 3.53093740E-05	 1.39897087E-05	 5.28358442E-06	-2.35479138E-06
 6.190000E-01	 9.18677844E-07	-1.45075268E-06	-6.53542375E-06	-1.89221424E-05	-5.41691774E-05	 1.38079024E-06	-5.84810944E-07	 4.47493894E-08	-1.01917231E-06	 6.01201946E-08	 6.03346624E-06	-2.41114550E-06	-2.53600932E-05	-5.13759832E-05	 2.64139603E-04	 5.99806531E-05	 3.61904930E-05	 1.43849642E-05	 5.46224359E-06	-2.41873864E-06
 6.200000E-01	 9.78787323E-07	-1.36528244E-06	-6.52867115E-06	-1.86434095E-05	-4.56017054E-05	 1.41160382E-06	-5.62400561E-07	 5.65048648E-08	-1.05099857E-06	 5.99391096E-08	 6.24171215E-06	-2.21110492E-06	-2.59401920E-05	-5.47863994E-05	 2.66800198E-04	 6.23997170E-05	 3.71567034E-05	 1.48072564E-05	 5.65221942E-06	-2.48210597E-06
 6.210000E-01	 1.04042942E-06	-1.27966017E-06	-6.53853757E-06	-1.84646180E-05	-3.23910494E-05	 1.41949625E-06	-5.34985286E-07	 6.95080212E-08	-1.08397677E-06	 5.92658662E-08	 6.45028120E-06	-2.01463702E-06	-2.65859145E-05	-5.90037573E-05	 2.57131308E-04	 6.54114133E-05	 3.82119241E-05	 1.52562868E-05	 5.85407891E-06	-2.54482432E-06
 6.220000E-01	 1.10164480E-06	-1.19932044E-06	-6.58115994E-06	-1.84641227E-05	-1.37365246E-05	 1.42515054E-06	-5.01814414E-07	 8.44765671E-08	-1.11820411E-06	 5.82504610E-08	 6.65106353E-06	-1.83564663E-06	-2.72947694E-05	-6.38159162E-05	 2.30047881E-04	 6.90392047E-05	 3.93366295E-05	 1.57240098E-05	 6.06610308E-06	-2.60759835E-06
 6.230000E-01	 1.16120661E-06	-1.12832283E-06	-6.67198081E-06	-1.87594464E-05	 1.04722317E-05	 1.47567623E-06	-4.57482372E-07	 1.02564483E-07	-1.15348645E-06	 5.69456685E-08	 6.84260253E-06	-1.67004344E-06	-2.80222134E-05	-6.89139517E-05	 1.80363147E-04	 7.33081032E-05	 4.05200104E-05	 1.62088367E-05	 6.28873245E-06	-2.67023498E-06
 6.240000E-01	 1.21884380E-06	-1.06773523E-06	-6.81439837E-06	-1.94185886E-05	 3.94483526E-05	 1.60390238E-06	-3.96489149E-07	 1.25046026E-07	-1.18924403E-06	 5.53741120E-08	 7.03046051E-06	-1.49424135E-06	-2.86756585E-05	-7.38932908E-05	 1.03483665E-04	 7.82289363E-05	 4.17645942E-05	 1.67179853E-05	 6.52540555E-06	-2.73145159E-06
 6.250000E-01	 1.27389938E-06	-1.01786233E-06	-7.00016617E-06	-2.04017169E-05	 7.18292831E-05	 1.80470703E-06	-3.19048524E-07	 1.53109682E-07	-1.22481795E-06	 5.36986764E-08	 7.21637310E-06	-1.29155059E-06	-2.91593389E-05	-7.81904872E-05	-3.60783185E-06	 8.36562584E-05	 4.30435883E-05	 1.72512833E-05	 6.77765769E-06	-2.79052272E-06
 6.260000E-01	 1.32530995E-06	-9.78898608E-07	-7.21443842E-06	-2.15924277E-05	 1.05924797E-04	 2.04786345E-06	-2.30420702E-07	 1.87698226E-07	-1.25952903E-06	 5.22047419E-08	 7.39773071E-06	-1.05623948E-06	-2.93884328E-05	-8.11418863E-05	-1.41294237E-04	 8.92407583E-05	 4.42899769E-05	 1.77968870E-05	 7.04415701E-06	-2.84755671E-06
 6.270000E-01	 1.37218433E-06	-9.50511989E-07	-7.43967351E-06	-2.28482926E-05	 1.39756968E-04	 2.29122514E-06	-1.39656740E-07	 2.29128109E-07	-1.29272604E-06	 5.13140574E-08	 7.57254011E-06	-7.82992760E-07	-2.92813811E-05	-8.21124359E-05	-3.06493071E-04	 9.44931786E-05	 4.54174385E-05	 1.83380260E-05	 7.32251294E-06	-2.90312893E-06
 6.280000E-01	 1.41395613E-06	-9.31721229E-07	-7.65803664E-06	-2.40299874E-05	 1.71086139E-04	 2.49408323E-06	-5.73970640E-08	 2.77129189E-07	-1.32388959E-06	 5.14996114E-08	 7.73933251E-06	-4.68504113E-07	-2.87789938E-05	-8.06439636E-05	-4.92264976E-04	 9.88584453E-05	 4.63322064E-05	 1.88555494E-05	 7.60944382E-06	-2.95819365E-06
 6.290000E-01	 1.45145542E-06	-9.18427429E-07	-7.84677773E-06	-2.50064076E-05	 1.97418886E-04	 2.61952709E-06	 8.29858443E-09	 3.30982690E-07	-1.35241840E-06	 5.30100454E-08	 7.90228833E-06	-1.00530032E-07	-2.78395015E-05	-7.66110744E-05	-6.88139616E-04	 1.01848612E-04	 4.69687446E-05	 1.93400774E-05	 7.90409619E-06	-3.01274606E-06
 6.300000E-01	 1.48685741E-06	-9.03114531E-07	-7.97522107E-06	-2.56264374E-05	 2.16399921E-04	 2.60241743E-06	 4.92496898E-08	 3.89325640E-07	-1.37769333E-06	 5.58255223E-08	 8.07034999E-06	 3.41382514E-07	-2.64407423E-05	-7.02217302E-05	-8.81114586E-04	 1.03095517E-04	 4.73022346E-05	 1.97954572E-05	 8.20838694E-06	-3.06579150E-06
 6.310000E-01	 1.52141153E-06	-8.80195987E-07	-8.01774603E-06	-2.57335072E-05	 2.26614874E-04	 2.34289047E-06	 5.10263448E-08	 4.49905967E-07	-1.39974094E-06	 5.99985816E-08	 8.24389030E-06	 8.54047670E-07	-2.46295450E-05	-6.18922477E-05	-1.05702480E-03	 1.02280969E-04	 4.73046458E-05	 2.02179093E-05	 8.52027675E-06	-3.11796552E-06
 6.320000E-01	 1.55513527E-06	-8.48209750E-07	-7.96699909E-06	-2.52551365E-05	 2.27851718E-04	 1.77053398E-06	-8.17870345E-10	 5.09941179E-07	-1.41936768E-06	 6.56199429E-08	 8.41509060E-06	 1.40946070E-06	-2.25239347E-05	-5.22307498E-05	-1.20223980E-03	 9.92140375E-05	 4.69478011E-05	 2.05938576E-05	 8.83330602E-06	-3.17179493E-06
 6.330000E-01	 1.58820368E-06	-8.07391812E-07	-7.83241573E-06	-2.42485561E-05	 2.20674781E-04	 8.95381253E-07	-1.10184369E-07	 5.67066308E-07	-1.43763517E-06	 7.26036942E-08	 8.57873174E-06	 1.98082034E-06	-2.02621203E-05	-4.20252131E-05	-1.30555830E-03	 9.39921531E-05	 4.62516946E-05	 2.09183099E-05	 9.14258387E-06	-3.22961648E-06
 6.340000E-01	 1.62118220E-06	-7.58482260E-07	-7.63259832E-06	-2.28568062E-05	 2.06015306E-04	-2.06372596E-07	-2.69170163E-07	 6.20026977E-07	-1.45551594E-06	 8.08038604E-08	 8.73375078E-06	 2.54851381E-06	-1.79759825E-05	-3.21076893E-05	-1.35981428E-03	 8.70182230E-05	 4.52942248E-05	 2.11997023E-05	 9.44696670E-06	-3.29268434E-06
 6.350000E-01	 1.65519903E-06	-7.01458322E-07	-7.38626047E-06	-2.12406724E-05	 1.84983474E-04	-1.43910737E-06	-4.62653082E-07	 6.68341998E-07	-1.47381905E-06	 8.99395309E-08	 8.88307555E-06	 3.10291111E-06	-1.57720636E-05	-2.31999951E-05	-1.36281044E-03	 7.89159948E-05	 4.41988249E-05	 2.14595835E-05	 9.74936311E-06	-3.36074125E-06
 6.360000E-01	 1.69159092E-06	-6.35697221E-07	-7.10794893E-06	-1.95262585E-05	 1.58969578E-04	-2.74199424E-06	-6.77349940E-07	 7.11204717E-07	-1.49335562E-06	 9.96074705E-08	 9.03147011E-06	 3.64202579E-06	-1.37259572E-05	-1.58121251E-05	-1.31739851E-03	 7.04188872E-05	 4.31097551E-05	 2.17274597E-05	 1.00552324E-05	-3.43250710E-06
 6.370000E-01	 1.73004148E-06	-5.63969684E-07	-6.81644396E-06	-1.78095636E-05	 1.29889249E-04	-4.08155369E-06	-9.07312523E-07	 7.47560857E-07	-1.51530721E-06	 1.09680218E-07	 9.17513458E-06	 4.14658582E-06	-1.19282210E-05	-1.02632198E-05	-1.23073537E-03	 6.22973269E-05	 4.21413028E-05	 2.20185779E-05	 1.03653729E-05	-3.50840648E-06
 6.380000E-01	 1.76894682E-06	-4.91888506E-07	-6.53789561E-06	-1.62056425E-05	 9.98335121E-05	-5.38005206E-06	-1.14510576E-06	 7.77281268E-07	-1.54107941E-06	 1.20230536E-07	 9.30487406E-06	 4.58729947E-06	-1.04699639E-05	-6.71396619E-06	-1.11310517E-03	 5.53260087E-05	 4.13772032E-05	 2.23340074E-05	 1.06758889E-05	-3.59081970E-06
 6.390000E-01	 1.80775574E-06	-4.22435663E-07	-6.29261901E-06	-1.48358481E-05	 7.03327695E-05	-6.51957887E-06	-1.37490232E-06	 8.01430201E-07	-1.57154106E-06	 1.31125205E-07	 9.42028961E-06	 4.96037616E-06	-9.36563366E-06	-5.09094900E-06	-9.76478320E-04	 5.01593824E-05	 4.09069256E-05	 2.26847403E-05	 1.09869896E-05	-3.68082388E-06
 6.400000E-01	 1.84693241E-06	-3.55254806E-07	-6.08694190E-06	-1.37623198E-05	 4.22291256E-05	-7.42847250E-06	-1.58194462E-06	 8.21393278E-07	-1.60696426E-06	 1.42104278E-07	 9.52824606E-06	 5.28371611E-06	-8.55864679E-06	-5.07693028E-06	-8.32817420E-04	 4.71805259E-05	 4.08067004E-05	 2.30891971E-05	 1.13031423E-05	-3.77791838E-06
 6.410000E-01	 1.88709615E-06	-2.88491172E-07	-5.91549788E-06	-1.29676272E-05	 1.60276184E-05	-8.12722232E-06	-1.76143606E-06	 8.37849130E-07	-1.64737440E-06	 1.52848796E-07	 9.63594249E-06	 5.57821415E-06	-7.96899243E-06	-6.22066561E-06	-6.92549640E-04	 4.64460607E-05	 4.11077580E-05	 2.35600341E-05	 1.16288550E-05	-3.88122135E-06
 6.420000E-01	 1.92866006E-06	-2.20287082E-07	-5.76768402E-06	-1.23854893E-05	-7.78170009E-06	-8.70996331E-06	-1.91965347E-06	 8.50248676E-07	-1.69270464E-06	 1.63076175E-07	 9.74821879E-06	 5.86078440E-06	-7.52056748E-06	-8.05646597E-06	-5.63584643E-04	 4.77398008E-05	 4.17931823E-05	 2.41014154E-05	 1.19672068E-05	-3.98972948E-06
 6.430000E-01	 1.97101671E-06	-1.51250900E-07	-5.63786337E-06	-1.19524119E-05	-2.85931509E-05	-9.27044070E-06	-2.06874160E-06	 8.57853559E-07	-1.74305094E-06	 1.72877425E-07	 9.86339285E-06	 6.13310422E-06	-7.17342969E-06	-1.02211968E-05	-4.50947588E-04	 5.07219019E-05	 4.28008860E-05	 2.47020483E-05	 1.23165464E-05	-4.10402430E-06
 6.440000E-01	 2.01323366E-06	-8.31224806E-08	-5.52608387E-06	-1.16421208E-05	-4.59808626E-05	-9.83741767E-06	-2.21489507E-06	 8.61129291E-07	-1.79843465E-06	 1.82531008E-07	 9.97759923E-06	 6.39146473E-06	-6.90567590E-06	-1.24578094E-05	-3.56968836E-04	 5.49963655E-05	 4.40519586E-05	 2.53441831E-05	 1.26729461E-05	-4.22554254E-06
 6.450000E-01	 2.05572310E-06	-1.46717969E-08	-5.42770336E-06	-1.14423240E-05	-6.00414157E-05	-1.04201269E-05	-2.35655360E-06	 8.60987583E-07	-1.85831579E-06	 1.91881102E-07	 1.00946253E-05	 6.65112003E-06	-6.66004955E-06	-1.45190823E-05	-2.81758718E-04	 6.00672605E-05	 4.54882717E-05	 2.60257861E-05	 1.30382049E-05	-4.35321586E-06
 6.460000E-01	 2.09943233E-06	 5.68680251E-08	-5.33318766E-06	-1.13206202E-05	-7.11495323E-05	-1.10731148E-05	-2.49582472E-06	 8.57515278E-07	-1.92206430E-06	 2.00498256E-07	 1.02212331E-05	 6.93287523E-06	-6.37201745E-06	-1.62099882E-05	-2.23756214E-04	 6.54445463E-05	 4.70655476E-05	 2.67519973E-05	 1.34171993E-05	-4.48496798E-06
 6.470000E-01	 2.14438882E-06	 1.32238679E-07	-5.23651149E-06	-1.12367549E-05	-7.95605983E-05	-1.18647773E-05	-2.64104053E-06	 8.50313122E-07	-1.98951895E-06	 2.08236648E-07	 1.03580473E-05	 7.24020220E-06	-6.02151442E-06	-1.74779538E-05	-1.80397020E-04	 7.08088465E-05	 4.87369895E-05	 2.75179011E-05	 1.38110479E-05	-4.62069634E-06
 6.480000E-01	 2.19013776E-06	 2.10710511E-07	-5.13662406E-06	-1.11680853E-05	-8.54132144E-05	-1.28179327E-05	-2.79819564E-06	 8.39394980E-07	-2.06071695E-06	 2.15146876E-07	 1.05019119E-05	 7.56579599E-06	-5.61860783E-06	-1.83749669E-05	-1.48797495E-04	 7.60157113E-05	 5.04646920E-05	 2.83139432E-05	 1.42185867E-05	-4.76151186E-06
 6.490000E-01	 2.23606349E-06	 2.90818532E-07	-5.03620757E-06	-1.11146599E-05	-8.88936872E-05	-1.38883204E-05	-2.96473001E-06	 8.26259271E-07	-2.13550581E-06	 2.21389613E-07	 1.06482279E-05	 7.89782736E-06	-5.18856671E-06	-1.90049554E-05	-1.26221718E-04	 8.10416667E-05	 5.22203115E-05	 2.91292809E-05	 1.46375610E-05	-4.90887161E-06
 6.500000E-01	 2.28187261E-06	 3.71632887E-07	-4.93795323E-06	-1.10876655E-05	-9.03929355E-05	-1.50069531E-05	-3.13079581E-06	 8.13421563E-07	-2.21346620E-06	 2.27155720E-07	 1.07941131E-05	 8.22979743E-06	-4.74876178E-06	-1.94530723E-05	-1.10322878E-04	 8.58987022E-05	 5.39906261E-05	 2.99593619E-05	 1.50671127E-05	-5.06322354E-06
 6.510000E-01	 2.32835408E-06	 4.54756861E-07	-4.83832129E-06	-1.10826646E-05	-9.04744193E-05	-1.61741769E-05	-3.28994501E-06	 8.01908046E-07	-2.29406079E-06	 2.32318076E-07	 1.09432392E-05	 8.57281362E-06	-4.27788501E-06	-1.97162112E-05	-9.92002290E-05	 9.05477999E-05	 5.57909868E-05	 3.08175885E-05	 1.55126116E-05	-5.22229811E-06
 6.520000E-01	 2.37601621E-06	 5.41494562E-07	-4.73215287E-06	-1.10713425E-05	-8.95013168E-05	-1.74513629E-05	-3.44661979E-06	 7.91106889E-07	-2.37701874E-06	 2.36792465E-07	 1.10975144E-05	 8.93339309E-06	-3.76550871E-06	-1.98006238E-05	-9.13216357E-05	 9.49803469E-05	 5.76311724E-05	 3.17156889E-05	 1.59790261E-05	-5.38380914E-06
 6.530000E-01	 2.42383275E-06	 6.29728099E-07	-4.62199324E-06	-1.10355992E-05	-8.74756938E-05	-1.88225911E-05	-3.60568715E-06	 7.81506631E-07	-2.46256868E-06	 2.41067290E-07	 1.12494504E-05	 9.29295498E-06	-3.25763212E-06	-1.98229429E-05	-8.55207488E-05	 9.93458012E-05	 5.94878963E-05	 3.26406358E-05	 1.64621957E-05	-5.54943823E-06
 6.540000E-01	 2.47074217E-06	 7.16887195E-07	-4.51448096E-06	-1.09892632E-05	-8.44098650E-05	-2.01584410E-05	-3.76006916E-06	 7.75388166E-07	-2.55090494E-06	 2.45684555E-07	 1.13918497E-05	 9.63218620E-06	-2.79882514E-06	-1.99036453E-05	-8.10548137E-05	 1.03853468E-04	 6.13425152E-05	 3.35746952E-05	 1.69560252E-05	-5.72243436E-06
 6.550000E-01	 2.51656705E-06	 8.02205655E-07	-4.41395267E-06	-1.09606695E-05	-8.06133275E-05	-2.13164637E-05	-3.89493873E-06	 7.75482406E-07	-2.64184026E-06	 2.50863786E-07	 1.15240810E-05	 9.94852450E-06	-2.39330891E-06	-2.00768353E-05	-7.75168984E-05	 1.08638043E-04	 6.32011489E-05	 3.45138694E-05	 1.74593033E-05	-5.90438745E-06
 6.560000E-01	 2.56179770E-06	 8.86598824E-07	-4.32013414E-06	-1.09686626E-05	-7.66227607E-05	-2.22445224E-05	-3.99835323E-06	 7.83509648E-07	-2.73505784E-06	 2.56440826E-07	 1.16504254E-05	 1.02519532E-05	-2.01605942E-06	-2.03085068E-05	-7.46896216E-05	 1.13738905E-04	 6.50864044E-05	 3.54658999E-05	 1.79752752E-05	-6.09500611E-06
 6.570000E-01	 2.60752986E-06	 9.72683464E-07	-4.22690143E-06	-1.10072755E-05	-7.29652593E-05	-2.30408250E-05	-4.07119827E-06	 7.98483536E-07	-2.83018292E-06	 2.61785223E-07	 1.17788654E-05	 1.05627608E-05	-1.62014508E-06	-2.05121178E-05	-7.24332902E-05	 1.19089959E-04	 6.70345215E-05	 3.64525239E-05	 1.85124517E-05	-6.29120154E-06
 6.580000E-01	 2.65406611E-06	 1.06153145E-06	-4.12977306E-06	-1.10558102E-05	-6.98533566E-05	-2.38546933E-05	-4.12758773E-06	 8.17877467E-07	-2.92730567E-06	 2.66586772E-07	 1.19121248E-05	 1.08892813E-05	-1.18816369E-06	-2.06475846E-05	-7.05878520E-05	 1.24647863E-04	 6.90577222E-05	 3.74865898E-05	 1.90759614E-05	-6.49067491E-06
 6.590000E-01	 2.70055279E-06	 1.15146143E-06	-4.03117230E-06	-1.11070463E-05	-6.72106197E-05	-2.47393632E-05	-4.17938238E-06	 8.40495417E-07	-3.02716072E-06	 2.71249580E-07	 1.20452237E-05	 1.12204222E-05	-7.47397263E-07	-2.07625330E-05	-6.90049698E-05	 1.30487015E-04	 7.11371055E-05	 3.85594071E-05	 1.96625897E-05	-6.69485082E-06
 6.600000E-01	 2.74656022E-06	 1.24156856E-06	-3.93368915E-06	-1.11685932E-05	-6.49858334E-05	-2.56974314E-05	-4.22702058E-06	 8.66598050E-07	-3.13007591E-06	 2.75979371E-07	 1.21755083E-05	 1.15509264E-05	-3.12632191E-07	-2.08874193E-05	-6.76266026E-05	 1.36666350E-04	 7.32664788E-05	 3.96679341E-05	 2.02707743E-05	-6.90431391E-06
 6.610000E-01	 2.79244367E-06	 1.33275470E-06	-3.83589918E-06	-1.12445146E-05	-6.32256465E-05	-2.67843165E-05	-4.26803025E-06	 8.96343143E-07	-3.23577719E-06	 2.80388042E-07	 1.23055034E-05	 1.18873954E-05	 1.29577054E-07	-2.10023601E-05	-6.64536191E-05	 1.43181356E-04	 7.54591392E-05	 4.08210818E-05	 2.09040047E-05	-7.11742971E-06
 6.620000E-01	 2.83874987E-06	 1.42634687E-06	-3.73440184E-06	-1.13284885E-05	-6.19391821E-05	-2.81173707E-05	-4.30727386E-06	 9.28448922E-07	-3.34428002E-06	 2.84023833E-07	 1.24389554E-05	 1.22385035E-05	 6.00994471E-07	-2.10713654E-05	-6.54837978E-05	 1.50038485E-04	 7.77354177E-05	 4.20293889E-05	 2.15671428E-05	-7.33285762E-06
 6.630000E-01	 2.88584529E-06	 1.52323224E-06	-3.62598755E-06	-1.14067650E-05	-6.10020628E-05	-2.98092602E-05	-4.35660916E-06	 9.60490215E-07	-3.45600078E-06	 2.86662365E-07	 1.25779176E-05	 1.26086478E-05	 1.11538450E-06	-2.10721738E-05	-6.46945188E-05	 1.57292909E-04	 8.01118094E-05	 4.32999605E-05	 2.22640852E-05	-7.55030865E-06
 6.640000E-01	 2.93329879E-06	 1.62250668E-06	-3.51123261E-06	-1.14700990E-05	-6.01695920E-05	-3.18456118E-05	-4.42179229E-06	 9.92063139E-07	-3.57138307E-06	 2.88495604E-07	 1.27189304E-05	 1.29875053E-05	 1.65183614E-06	-2.10503187E-05	-6.40494048E-05	 1.65090100E-04	 8.25714137E-05	 4.46206835E-05	 2.29917380E-05	-7.77218254E-06
 6.650000E-01	 2.98026472E-06	 1.72227635E-06	-3.39418959E-06	-1.15240243E-05	-5.92637732E-05	-3.40948681E-05	-4.49267194E-06	 1.02614079E-06	-3.69057032E-06	 2.90090055E-07	 1.28558616E-05	 1.33591160E-05	 2.17330234E-06	-2.10800842E-05	-6.35255283E-05	 1.73601539E-04	 8.50818431E-05	 4.59708312E-05	 2.37427327E-05	-8.00198915E-06
 6.660000E-01	 3.02673088E-06	 1.82247356E-06	-3.27606052E-06	-1.15772977E-05	-5.83043445E-05	-3.64948729E-05	-4.55433498E-06	 1.06567054E-06	-3.81312486E-06	 2.91701911E-07	 1.29882835E-05	 1.37240907E-05	 2.67875503E-06	-2.11616915E-05	-6.31274732E-05	 1.82888901E-04	 8.76472533E-05	 4.73530234E-05	 2.45173520E-05	-8.23961822E-06
 6.670000E-01	 3.07305378E-06	 1.92403532E-06	-3.15505731E-06	-1.16281511E-05	-5.73614610E-05	-3.91050798E-05	-4.60277478E-06	 1.11147821E-06	-3.93844062E-06	 2.93252389E-07	 1.31187789E-05	 1.40913305E-05	 3.18592822E-06	-2.12526440E-05	-6.28275469E-05	 1.92941129E-04	 9.02868383E-05	 4.87837552E-05	 2.53212109E-05	-8.48231401E-06
 6.680000E-01	 3.11908902E-06	 2.02684292E-06	-3.03088777E-06	-1.16709504E-05	-5.64138263E-05	-4.19717177E-05	-4.64389421E-06	 1.16313570E-06	-4.06658398E-06	 2.94914535E-07	 1.32468592E-05	 1.44612560E-05	 3.69438278E-06	-2.13441514E-05	-6.25442882E-05	 2.03823617E-04	 9.29956415E-05	 5.02669523E-05	 2.61558930E-05	-8.72933316E-06
 6.690000E-01	 3.16454924E-06	 2.13022416E-06	-2.90487807E-06	-1.17065365E-05	-5.54085314E-05	-4.50478500E-05	-4.68098913E-06	 1.22042040E-06	-4.19805632E-06	 2.96939474E-07	 1.33708059E-05	 1.48289148E-05	 4.19430317E-06	-2.14563706E-05	-6.22159207E-05	 2.15727855E-04	 9.57548053E-05	 5.17934630E-05	 2.70191164E-05	-8.98263123E-06
 6.700000E-01	 3.20917772E-06	 2.23340197E-06	-2.77940068E-06	-1.17454134E-05	-5.43645182E-05	-4.82338674E-05	-4.70638866E-06	 1.28473853E-06	-4.33326970E-06	 2.99534724E-07	 1.34892329E-05	 1.51889485E-05	 4.67597369E-06	-2.16169363E-05	-6.18332521E-05	 2.28926318E-04	 9.85442083E-05	 5.33490882E-05	 2.79070795E-05	-9.24531450E-06
 6.710000E-01	 3.25312736E-06	 2.33647800E-06	-2.65546302E-06	-1.18016457E-05	-5.34170159E-05	-5.15239507E-05	-4.70432443E-06	 1.35840070E-06	-4.47229820E-06	 3.02630985E-07	 1.36035892E-05	 1.55432436E-05	 5.14618928E-06	-2.18254620E-05	-6.14493776E-05	 2.43684538E-04	 1.01368469E-04	 5.49299303E-05	 2.88195832E-05	-9.51918342E-06
 6.720000E-01	 3.29714506E-06	 2.44115580E-06	-2.52993632E-06	-1.18782640E-05	-5.27319387E-05	-5.51391455E-05	-4.66593254E-06	 1.44226710E-06	-4.61434454E-06	 3.05484577E-07	 1.37195048E-05	 1.59056505E-05	 5.63742402E-06	-2.20288284E-05	-6.11490241E-05	 2.60166981E-04	 1.04271176E-04	 5.65573267E-05	 2.97652134E-05	-9.80131906E-06
 6.730000E-01	 3.34148909E-06	 2.54835629E-06	-2.40019477E-06	-1.19677231E-05	-5.23490110E-05	-5.93955142E-05	-4.60023455E-06	 1.53508294E-06	-4.75896598E-06	 3.07652635E-07	 1.38396929E-05	 1.62850598E-05	 6.16901378E-06	-2.21823402E-05	-6.09281203E-05	 2.78520708E-04	 1.07279750E-04	 5.82528615E-05	 3.07519013E-05	-1.00881374E-05
 6.740000E-01	 3.38563929E-06	 2.65720907E-06	-2.26746190E-06	-1.20655656E-05	-5.21909416E-05	-6.45042225E-05	-4.52114203E-06	 1.63537046E-06	-4.90701263E-06	 3.09583716E-07	 1.39612355E-05	 1.66768755E-05	 6.72950519E-06	-2.22921536E-05	-6.06820384E-05	 2.99027051E-04	 1.10376920E-04	 6.00163049E-05	 3.17791527E-05	-1.03801422E-05
 6.750000E-01	 3.42916373E-06	 2.76697881E-06	-2.13320701E-06	-1.21719230E-05	-5.21838247E-05	-7.06047011E-05	-4.43008899E-06	 1.74349866E-06	-5.05901100E-06	 3.11632337E-07	 1.40810785E-05	 1.70755879E-05	 7.30374615E-06	-2.23785284E-05	-6.03181899E-05	 3.22109838E-04	 1.13535497E-04	 6.18427912E-05	 3.28445750E-05	-1.06782346E-05
 6.760000E-01	 3.47215248E-06	 2.87808414E-06	-1.99626203E-06	-1.22844164E-05	-5.22854576E-05	-7.78657312E-05	-4.31838616E-06	 1.86145118E-06	-5.21449785E-06	 3.13577326E-07	 1.41990420E-05	 1.74807811E-05	 7.88844570E-06	-2.24530098E-05	-5.98229644E-05	 3.48346306E-04	 1.16736745E-04	 6.37298290E-05	 3.39477791E-05	-1.09822247E-05
 6.770000E-01	 3.51532467E-06	 2.99229282E-06	-1.85197229E-06	-1.23915428E-05	-5.24340691E-05	-8.65104749E-05	-4.18562545E-06	 1.98949371E-06	-5.37307864E-06	 3.15017933E-07	 1.43179896E-05	 1.78983899E-05	 8.49833735E-06	-2.25024664E-05	-5.92573656E-05	 3.78462064E-04	 1.19991038E-04	 6.56841446E-05	 3.50929945E-05	-1.12914842E-05
 6.780000E-01	 3.55955565E-06	 3.11182293E-06	-1.69377251E-06	-1.24704874E-05	-5.24756526E-05	-9.66649617E-05	-4.05267785E-06	 2.12456820E-06	-5.53485855E-06	 3.15649615E-07	 1.44408885E-05	 1.83345515E-05	 9.15067391E-06	-2.25106208E-05	-5.87235888E-05	 4.13306161E-04	 1.23317574E-04	 6.77162705E-05	 3.62865489E-05	-1.16054992E-05
 6.790000E-01	 3.60494091E-06	 3.23730016E-06	-1.51796724E-06	-1.24986964E-05	-5.21746391E-05	-1.08051852E-04	-3.94812653E-06	 2.26363687E-06	-5.70086491E-06	 3.15724229E-07	 1.45653058E-05	 1.87811379E-05	 9.82910812E-06	-2.25237805E-05	-5.83286077E-05	 4.53860240E-04	 1.26678244E-04	 6.98081325E-05	 3.75243582E-05	-1.19280213E-05
 6.800000E-01	 3.65110600E-06	 3.36837885E-06	-1.32389210E-06	-1.24641500E-05	-5.13403347E-05	-1.19926531E-04	-3.88914474E-06	 2.40630016E-06	-5.87238729E-06	 3.15977750E-07	 1.46854239E-05	 1.92232237E-05	 1.04968089E-05	-2.26267809E-05	-5.82316267E-05	 5.01059525E-04	 1.30020280E-04	 7.19307898E-05	 3.87956285E-05	-1.22646903E-05
 6.810000E-01	 3.69814716E-06	 3.50584014E-06	-1.10941742E-06	-1.23590351E-05	-4.98833390E-05	-1.31224501E-04	-3.88967512E-06	 2.55254940E-06	-6.04982840E-06	 3.16700811E-07	 1.47983363E-05	 1.96551529E-05	 1.11334544E-05	-2.28828414E-05	-5.87610538E-05	 5.55443504E-04	 1.33371419E-04	 7.40849296E-05	 4.00971782E-05	-1.26169269E-05
 6.820000E-01	 3.74646162E-06	 3.65118347E-06	-8.70988561E-07	-1.21745268E-05	-4.77573861E-05	-1.40518264E-04	-3.98452622E-06	 2.69948718E-06	-6.23331038E-06	 3.17572343E-07	 1.49032625E-05	 2.00770597E-05	 1.17291482E-05	-2.33479352E-05	-6.04464780E-05	 6.16746574E-04	 1.36858474E-04	 7.62998265E-05	 4.14339497E-05	-1.29822067E-05
 6.830000E-01	 3.79644821E-06	 3.80569782E-06	-6.06017196E-07	-1.19062836E-05	-4.49394152E-05	-1.45807568E-04	-4.24061859E-06	 2.83871925E-06	-6.42416801E-06	 3.17855288E-07	 1.49997322E-05	 2.04888799E-05	 1.22737223E-05	-2.40945405E-05	-6.40145561E-05	 6.83349274E-04	 1.40715359E-04	 7.86218681E-05	 4.28157135E-05	-1.33570830E-05
 6.840000E-01	 3.84821001E-06	 3.96944579E-06	-3.16158092E-07	-1.15672447E-05	-4.14951799E-05	-1.44351419E-04	-4.73687998E-06	 2.95868480E-06	-6.62536944E-06	 3.16396860E-07	 1.50865173E-05	 2.08853899E-05	 1.27489257E-05	-2.52295659E-05	-7.03505513E-05	 7.51570181E-04	 1.45280116E-04	 8.10968993E-05	 4.42522765E-05	-1.37402494E-05
 6.850000E-01	 3.90115922E-06	 4.14028705E-06	-1.05110795E-08	-1.12012390E-05	-3.76918982E-05	-1.32808257E-04	-5.51923756E-06	 3.05134032E-06	-6.84099061E-06	 3.12085097E-07	 1.51603967E-05	 2.12544951E-05	 1.31240942E-05	-2.68864295E-05	-8.03570618E-05	 8.14809994E-04	 1.51011403E-04	 8.37674004E-05	 4.57510492E-05	-1.41331073E-05
 6.860000E-01	 3.95439036E-06	 4.31480155E-06	 2.96425063E-07	-1.08807114E-05	-3.40535124E-05	-1.07863361E-04	-6.56203138E-06	 3.11808264E-06	-7.07364197E-06	 3.03573115E-07	 1.52195650E-05	 2.15879926E-05	 1.33813464E-05	-2.91604503E-05	-9.48044643E-05	 8.62727070E-04	 1.58564245E-04	 8.67039164E-05	 4.73271424E-05	-1.45342489E-05
 6.870000E-01	 4.00663362E-06	 4.48849860E-06	 5.87054139E-07	-1.06922627E-05	-3.12747895E-05	-6.70360294E-05	-7.75887528E-06	 3.17270835E-06	-7.32207928E-06	 2.89436668E-07	 1.52644281E-05	 2.18862957E-05	 1.35269219E-05	-3.20510788E-05	-1.14041113E-04	 8.80843880E-04	 1.68784237E-04	 9.00213757E-05	 4.90085673E-05	-1.49347415E-05
 6.880000E-01	 4.05597173E-06	 4.65522551E-06	 8.40995074E-07	-1.07244646E-05	-3.00755251E-05	-9.35658347E-06	-8.93244972E-06	 3.24057292E-06	-7.58232266E-06	 2.69783741E-07	 1.52948482E-05	 2.21533595E-05	 1.35839043E-05	-3.54326736E-05	-1.37574667E-04	 8.51115924E-04	 1.82552495E-04	 9.38500011E-05	 5.08288236E-05	-1.53220607E-05
 6.890000E-01	 4.10023970E-06	 4.80817952E-06	 1.03858812E-06	-1.10508443E-05	-3.10578881E-05	 6.40431383E-05	-9.83918416E-06	 3.35743884E-06	-7.84801211E-06	 2.46845550E-07	 1.53104454E-05	 2.23959649E-05	 1.35941774E-05	-3.90400470E-05	-1.63841592E-04	 7.53783746E-04	 2.00551586E-04	 9.82911301E-05	 5.28182400E-05	-1.56841178E-05
 6.900000E-01	 4.13758201E-06	 4.94177254E-06	 1.16688199E-06	-1.17057599E-05	-3.45514927E-05	 1.49499052E-04	-1.01856983E-05	 3.56878688E-06	-8.10856849E-06	 2.24146626E-07	 1.53124623E-05	 2.26252167E-05	 1.36206063E-05	-4.24821723E-05	-1.90269104E-04	 5.70495143E-04	 2.22984193E-04	 1.03367096E-04	 5.49947278E-05	-1.60101930E-05
 6.910000E-01	 4.16729262E-06	 5.05372848E-06	 1.22551004E-06	-1.26629435E-05	-4.04764894E-05	 2.40785249E-04	-9.69744760E-06	 3.91975323E-06	-8.35047934E-06	 2.06330387E-07	 1.53058682E-05	 2.28591956E-05	 1.37555274E-05	-4.52622935E-05	-2.13564950E-04	 2.88279550E-04	 2.49348551E-04	 1.08984813E-04	 5.73590840E-05	-1.62945811E-05
 6.920000E-01	 4.19011704E-06	 5.14603958E-06	 1.22966406E-06	-1.38239696E-05	-4.82541895E-05	 3.29714577E-04	-8.23275287E-06	 4.43754140E-06	-8.56036274E-06	 1.98873997E-07	 1.52991794E-05	 2.31235756E-05	 1.41176016E-05	-4.68151692E-05	-2.30150675E-04	-9.63866935E-05	 2.78303474E-04	 1.14933673E-04	 5.98948913E-05	-1.65372995E-05
 6.930000E-01	 4.20765673E-06	 5.22348814E-06	 1.20660825E-06	-1.50284178E-05	-5.68287922E-05	 4.07498901E-04	-5.88585589E-06	 5.11542955E-06	-8.72863532E-06	 2.07062087E-07	 1.53001957E-05	 2.34410664E-05	 1.48151054E-05	-4.66149139E-05	-2.36689823E-04	-5.74143591E-04	 3.07549792E-04	 1.20864008E-04	 6.25567704E-05	-1.67466335E-05
 6.940000E-01	 4.22151947E-06	 5.29148185E-06	 1.18762536E-06	-1.60888733E-05	-6.48691240E-05	 4.66448519E-04	-3.02256101E-06	 5.90412421E-06	-8.85436175E-06	 2.35480720E-07	 1.53116234E-05	 2.38209804E-05	 1.59073714E-05	-4.42961980E-05	-2.30691598E-04	-1.12098930E-03	 3.33939234E-04	 1.26294350E-04	 6.52612431E-05	-1.69430099E-05
 6.950000E-01	 4.23313122E-06	 5.35530148E-06	 1.20124613E-06	-1.68311211E-05	-7.10749884E-05	 5.01336603E-04	-2.23608026E-07	 6.71664236E-06	-8.94596860E-06	 2.86489355E-07	 1.53312529E-05	 2.42604136E-05	 1.73942420E-05	-3.97375738E-05	-2.11181735E-04	-1.69919639E-03	 3.53944619E-04	 1.30696878E-04	 6.79002978E-05	-1.71538194E-05
 6.960000E-01	 4.24371850E-06	 5.41966502E-06	 1.26849704E-06	-1.71288784E-05	-7.44654214E-05	 5.10178418E-04	 1.83380374E-06	 7.44408796E-06	-9.01953129E-06	 3.59243150E-07	 1.53542125E-05	 2.47466000E-05	 1.92218191E-05	-3.31092315E-05	-1.79149506E-04	-2.26122084E-03	 3.64299758E-04	 1.33597513E-04	 7.03651762E-05	-1.74083417E-05
 6.970000E-01	 4.25409901E-06	 5.48791517E-06	 1.39895824E-06	-1.69299086E-05	-7.45786546E-05	 4.94348939E-04	 2.52709861E-06	 7.97766147E-06	-9.09634092E-06	 4.49869461E-07	 1.53739074E-05	 2.52569515E-05	 2.12902374E-05	-2.48688993E-05	-1.37500596E-04	-2.75617235E-03	 3.62645607E-04	 1.34665091E-04	 7.25686802E-05	-1.77345788E-05
 6.980000E-01	 4.26478457E-06	 5.56133321E-06	 1.58984343E-06	-1.62660750E-05	-7.15504227E-05	 4.58007524E-04	 1.44974531E-06	 8.23193072E-06	-9.19894954E-06	 5.51936177E-07	 1.53829920E-05	 2.57617928E-05	 2.34685719E-05	-1.56961839E-05	-9.05829164E-05	-3.13760888E-03	 3.48084101E-04	 1.33777967E-04	 7.44609465E-05	-1.81559016E-05
 6.990000E-01	 4.27564648E-06	 5.63881929E-06	 1.82708037E-06	-1.52452717E-05	-6.60529397E-05	 4.06952900E-04	-1.45609502E-06	 8.16728939E-06	-9.34721241E-06	 6.58310905E-07	 1.53737780E-05	 2.62282413E-05	 2.56104459E-05	-6.38096083E-06	-4.33863600E-05	-3.37106537E-03	 3.21549286E-04	 1.31068717E-04	 7.60375179E-05	-1.86885048E-05
 7.000000E-01	 4.28615241E-06	 5.71806189E-06	 2.08995740E-06	-1.40211674E-05	-5.91083442E-05	 3.47160023E-04	-5.84414283E-06	 7.80479063E-06	-9.55379976E-06	 7.62907643E-07	 1.53398820E-05	 2.66283011E-05	 2.75793716E-05	 2.32045945E-06	-6.38183636E-07	-3.43967424E-03	 2.85873513E-04	 1.26949350E-04	 7.73479048E-05	-1.93359945E-05
 7.010000E-01	 4.29603360E-06	 5.79742121E-06	 2.35876418E-06	-1.27495320E-05	-5.18102911E-05	 2.83501127E-04	-1.10349392E-05	 7.22594895E-06	-9.81876710E-06	 8.60586790E-07	 1.52789329E-05	 2.69473243E-05	 2.92757901E-05	 9.81062663E-06	 3.39563937E-05	-3.34647803E-03	 2.45387075E-04	 1.22073443E-04	 7.84959109E-05	-2.00826427E-05
 7.020000E-01	 4.30538813E-06	 5.87657806E-06	 2.61927272E-06	-1.15544464E-05	-4.50611173E-05	 2.19175971E-04	-1.62317592E-05	 6.54935177E-06	-1.01321979E-05	 9.48732203E-07	 1.51927491E-05	 2.71850769E-05	 3.06510330E-05	 1.57292871E-05	 5.82545441E-05	-3.11295309E-03	 2.05155182E-04	 1.17231816E-04	 7.96265442E-05	-2.08973147E-05
 7.030000E-01	 4.31473245E-06	 5.95647693E-06	 2.86467761E-06	-1.05111529E-05	-3.94242211E-05	 1.55893461E-04	-2.07673034E-05	 5.89257220E-06	-1.04816432E-05	 1.02757827E-06	 1.50867564E-05	 2.73530603E-05	 3.17096367E-05	 1.99767842E-05	 7.18198567E-05	-2.77424345E-03	 1.70077555E-04	 1.13209378E-04	 8.08992955E-05	-2.17444235E-05
 7.040000E-01	 4.32456154E-06	 6.03861745E-06	 3.09533692E-06	-9.64369383E-06	-3.50981023E-05	 9.44701190E-05	-2.42643550E-05	 5.34491752E-06	-1.08555111E-05	 1.09774498E-06	 1.49681569E-05	 2.74697723E-05	 3.24957087E-05	 2.26740393E-05	 7.56566735E-05	-2.37243894E-03	 1.44060036E-04	 1.10643513E-04	 8.24536151E-05	-2.25910492E-05
 7.050000E-01	 4.33479117E-06	 6.12397472E-06	 3.31624173E-06	-8.93528279E-06	-3.19907230E-05	 3.54892907E-05	-2.66983383E-05	 4.95209195E-06	-1.12462610E-05	 1.15931392E-06	 1.48427750E-05	 2.75544706E-05	 3.30760563E-05	 2.41024552E-05	 7.17726662E-05	-1.94961728E-03	 1.29485048E-04	 1.09934436E-04	 8.43837078E-05	-2.34145019E-05
 7.060000E-01	 4.34471574E-06	 6.21268307E-06	 3.53403783E-06	-8.34581937E-06	-2.98408778E-05	-2.02388939E-05	-2.83652344E-05	 4.71287316E-06	-1.16526059E-05	 1.21177448E-06	 1.47137874E-05	 2.76237649E-05	 3.35270477E-05	 2.46374796E-05	 6.26862783E-05	-1.54203456E-03	 1.27026533E-04	 1.11223163E-04	 8.67317839E-05	-2.42060952E-05
 7.070000E-01	 4.35323589E-06	 6.30389277E-06	 3.75407231E-06	-7.83036696E-06	-2.83362044E-05	-7.15069663E-05	-2.97601492E-05	 4.58964287E-06	-1.20784943E-05	 1.25393856E-06	 1.45823408E-05	 2.76898474E-05	 3.39191375E-05	 2.46619463E-05	 5.09128750E-05	-1.17632437E-03	 1.35784992E-04	 1.14412663E-04	 8.94919608E-05	-2.49690172E-05
 7.080000E-01	 4.35951465E-06	 6.39632774E-06	 3.97869449E-06	-7.35391913E-06	-2.72081258E-05	-1.16832646E-04	-3.14122490E-05	 4.52740373E-06	-1.25314377E-05	 1.28477851E-06	 1.44494407E-05	 2.77612076E-05	 3.43072802E-05	 2.44995492E-05	 3.85649312E-05	-8.68123907E-04	 1.53726943E-04	 1.19227284E-04	 9.26220622E-05	-2.57153781E-05
 7.090000E-01	 4.36357773E-06	 6.48932851E-06	 4.20825095E-06	-6.89624909E-06	-2.62796089E-05	-1.54813643E-04	-3.37342135E-05	 4.47445676E-06	-1.30188088E-05	 1.30368594E-06	 1.43182019E-05	 2.78465315E-05	 3.47321671E-05	 2.43894296E-05	 2.71513191E-05	-6.22865817E-04	 1.78237991E-04	 1.25299529E-04	 9.60629019E-05	-2.64588001E-05
 7.100000E-01	 4.36619299E-06	 6.58307230E-06	 4.44239349E-06	-6.44864649E-06	-2.54609960E-05	-1.84489954E-04	-3.69448475E-05	 4.39643676E-06	-1.35440661E-05	 1.31032695E-06	 1.41930364E-05	 2.79542869E-05	 3.52208505E-05	 2.44831254E-05	 1.75521653E-05	-4.37971877E-04	 2.06651583E-04	 1.32246214E-04	 9.97526963E-05	-2.72096451E-05
 7.110000E-01	 4.36808157E-06	 6.67770211E-06	 4.67982114E-06	-6.01121215E-06	-2.47268291E-05	-2.05539374E-04	-4.10546282E-05	 4.28093381E-06	-1.41072098E-05	 1.30561990E-06	 1.40764774E-05	 2.80878075E-05	 3.57814332E-05	 2.48445310E-05	 1.00947362E-05	-3.05649852E-04	 2.36705153E-04	 1.39718579E-04	 1.03631789E-04	-2.79783127E-05
 7.120000E-01	 4.36934318E-06	 6.77264722E-06	 4.91813895E-06	-5.58936392E-06	-2.40911362E-05	-2.18351091E-04	-4.58867950E-05	 4.14024934E-06	-1.47042960E-05	 1.29158049E-06	 1.39674643E-05	 2.82426821E-05	 3.64027579E-05	 2.54600911E-05	 4.68111276E-06	-2.15616254E-04	 2.66789678E-04	 1.47435123E-04	 1.07646995E-04	-2.87765937E-05
 7.130000E-01	 4.36959825E-06	 6.86712938E-06	 5.15539277E-06	-5.18831058E-06	-2.35813989E-05	-2.23986312E-04	-5.11639545E-05	 4.00398345E-06	-1.53286702E-05	 1.27131343E-06	 1.38622829E-05	 2.84103787E-05	 3.70678402E-05	 2.62832943E-05	 9.95628001E-07	-1.57308361E-04	 2.95985076E-04	 1.55214012E-04	 1.11764307E-04	-2.96153492E-05
 7.140000E-01	 4.36841035E-06	 6.96068740E-06	 5.39097417E-06	-4.80913570E-06	-2.32123874E-05	-2.23950224E-04	-5.66247760E-05	 3.90491554E-06	-1.59732961E-05	 1.24859978E-06	 1.37566797E-05	 2.85823317E-05	 3.77630961E-05	 2.72636905E-05	-1.33078752E-06	-1.21298570E-04	 3.23949977E-04	 1.62972533E-04	 1.15976397E-04	-3.05009068E-05
 7.150000E-01	 4.36543446E-06	 7.05305170E-06	 5.62532042E-06	-4.44844980E-06	-2.29736707E-05	-2.19854910E-04	-6.20843672E-05	 3.86948538E-06	-1.66298504E-05	 1.22530704E-06	 1.36477520E-05	 2.87522398E-05	 3.84772829E-05	 2.83490234E-05	-2.67045860E-06	-9.99681598E-05	 3.50788989E-04	 1.70688287E-04	 1.20289116E-04	-3.14317284E-05
 7.160000E-01	 4.36052748E-06	 7.14395073E-06	 5.85897742E-06	-4.10255872E-06	-2.28451612E-05	-2.13154645E-04	-6.74296813E-05	 3.91349288E-06	-1.72926825E-05	 1.20217950E-06	 1.35342244E-05	 2.89169393E-05	 3.92000900E-05	 2.94967025E-05	-3.35986443E-06	-8.77112827E-05	 3.77009817E-04	 1.78376201E-04	 1.24706466E-04	-3.24054014E-05
 7.170000E-01	 4.35370585E-06	 7.23307060E-06	 6.09178297E-06	-3.77084942E-06	-2.28173009E-05	-2.05072599E-04	-7.25865513E-05	 4.04767704E-06	-1.79620030E-05	 1.18077999E-06	 1.34155863E-05	 2.90749552E-05	 3.99215779E-05	 3.06776712E-05	-3.66930374E-06	-8.07990526E-05	 4.03420987E-04	 1.86083923E-04	 1.29229246E-04	-3.34254607E-05
 7.180000E-01	 4.34526216E-06	 7.32081851E-06	 6.32488948E-06	-3.45046197E-06	-2.28843715E-05	-1.96663471E-04	-7.75495245E-05	 4.28554542E-06	-1.86372933E-05	 1.16161403E-06	 1.32928633E-05	 2.92291070E-05	 4.06412262E-05	 3.18904211E-05	-3.77018027E-06	-7.70267914E-05	 4.30862712E-04	 1.93897869E-04	 1.33866408E-04	-3.44918434E-05
 7.190000E-01	 4.33568984E-06	 7.40846516E-06	 6.56131645E-06	-3.13263559E-06	-2.30232714E-05	-1.88764924E-04	-8.24773779E-05	 4.63436479E-06	-1.93150483E-05	 1.14391494E-06	 1.31679156E-05	 2.93850458E-05	 4.13710750E-05	 3.31582831E-05	-3.71178463E-06	-7.51657144E-05	 4.59943508E-04	 2.01928786E-04	 1.38649580E-04	-3.55942012E-05
 7.200000E-01	 4.32516220E-06	 7.49688031E-06	 6.80345262E-06	-2.80735477E-06	-2.31919947E-05	-1.81824755E-04	-8.76924926E-05	 5.08392356E-06	-1.99930836E-05	 1.12681472E-06	 1.30412516E-05	 2.95447420E-05	 4.21216787E-05	 3.44917740E-05	-3.48802863E-06	-7.43964871E-05	 4.91019752E-04	 2.10257566E-04	 1.43622291E-04	-3.67187609E-05
 7.210000E-01	 4.31335390E-06	 7.58572073E-06	 7.05110984E-06	-2.47014512E-06	-2.33532413E-05	-1.75861073E-04	-9.35390248E-05	 5.60900294E-06	-2.06741175E-05	 1.10968342E-06	 1.29113870E-05	 2.97042713E-05	 4.28918704E-05	 3.58704087E-05	-3.11376570E-06	-7.40178869E-05	 5.24397741E-04	 2.18901693E-04	 1.48817156E-04	-3.78578749E-05
 7.220000E-01	 4.29965883E-06	 7.67367256E-06	 7.30177924E-06	-2.12454315E-06	-2.34993270E-05	-1.70654932E-04	-1.00226912E-04	 6.18819059E-06	-2.13665806E-05	 1.09321558E-06	 1.27757110E-05	 2.98561939E-05	 4.36692096E-05	 3.72532215E-05	-2.65224261E-06	-7.34569257E-05	 5.60594557E-04	 2.27826128E-04	 1.54241149E-04	-3.90178541E-05
 7.230000E-01	 4.28389232E-06	 7.76009578E-06	 7.55425109E-06	-1.77444541E-06	-2.36439617E-05	-1.66030873E-04	-1.07841165E-04	 6.81990469E-06	-2.20772786E-05	 1.07777860E-06	 1.26334630E-05	 2.99984840E-05	 4.44465549E-05	 3.86272149E-05	-2.16417715E-06	-7.24635722E-05	 6.00416645E-04	 2.37013541E-04	 1.59883646E-04	-4.02096564E-05
 7.240000E-01	 4.26646545E-06	 7.84578922E-06	 7.81057861E-06	-1.41687361E-06	-2.37924906E-05	-1.61934913E-04	-1.16489130E-04	 7.51187617E-06	-2.28062583E-05	 1.06224517E-06	 1.24864819E-05	 3.01373873E-05	 4.52330230E-05	 4.00298122E-05	-1.63836590E-06	-7.11100484E-05	 6.44783203E-04	 2.46509509E-04	 1.65744045E-04	-4.14342615E-05
 7.250000E-01	 4.24758672E-06	 7.93121446E-06	 8.07213575E-06	-1.04830300E-06	-2.39379241E-05	-1.58304848E-04	-1.26306703E-04	 8.27239220E-06	-2.35527101E-05	 1.04606638E-06	 1.23361548E-05	 3.02778506E-05	 4.60341898E-05	 4.14935188E-05	-1.05022713E-06	-6.95089960E-05	 6.94639000E-04	 2.56347039E-04	 1.71819693E-04	-4.26927163E-05
 7.260000E-01	 4.22681692E-06	 8.01549439E-06	 8.33721355E-06	-6.71408749E-07	-2.40830190E-05	-1.55061893E-04	-1.37378523E-04	 9.12211692E-06	-2.43159153E-05	 1.03009878E-06	 1.21817407E-05	 3.04175840E-05	 4.68419463E-05	 4.30058080E-05	-4.15070226E-07	-6.75711540E-05	 7.50961709E-04	 2.66482915E-04	 1.78096628E-04	-4.39938681E-05
 7.270000E-01	 4.20365634E-06	 8.09769115E-06	 8.60366202E-06	-2.91410418E-07	-2.42460885E-05	-1.52220971E-04	-1.49810061E-04	 1.00966908E-05	-2.50947451E-05	 1.01740654E-06	 1.20214663E-05	 3.05513022E-05	 4.76499046E-05	 4.45419237E-05	 2.73319088E-07	-6.49651944E-05	 8.14824690E-04	 2.76840483E-04	 1.84574143E-04	-4.53494259E-05
 7.280000E-01	 4.17809804E-06	 8.17811603E-06	 8.87234437E-06	 9.27664559E-08	-2.44367092E-05	-1.49868383E-04	-1.63899998E-04	 1.12325113E-05	-2.58851455E-05	 1.01144209E-06	 1.18545664E-05	 3.06771270E-05	 4.84650937E-05	 4.61013459E-05	 1.07935865E-06	-6.12344730E-05	 8.87573407E-04	 2.87357061E-04	 1.91276095E-04	-4.67635215E-05
 7.290000E-01	 4.15067719E-06	 8.25843961E-06	 9.14804696E-06	 4.93488606E-07	-2.46275216E-05	-1.47972174E-04	-1.80194124E-04	 1.25387393E-05	-2.66765044E-05	 1.01106064E-06	 1.16824973E-05	 3.07998134E-05	 4.93077686E-05	 4.77180644E-05	 2.10381146E-06	-5.59737785E-05	 9.71079596E-04	 2.97976566E-04	 1.98234345E-04	-4.82223693E-05
 7.300000E-01	 4.12204066E-06	 8.34056457E-06	 9.43659503E-06	 9.27841874E-07	-2.47619400E-05	-1.46224390E-04	-1.99216991E-04	 1.39880209E-05	-2.74666886E-05	 1.01418247E-06	 1.15066360E-05	 3.09244290E-05	 5.01890956E-05	 4.94255461E-05	 3.39892474E-06	-4.88956769E-05	 1.06815684E-03	 3.08560761E-04	 2.05437971E-04	-4.97219753E-05
 7.310000E-01	 4.09276134E-06	 8.42620645E-06	 9.74356167E-06	 1.41330818E-06	-2.47741523E-05	-1.44108338E-04	-2.21131483E-04	 1.55482128E-05	-2.82671296E-05	 1.02122892E-06	 1.13264627E-05	 3.10502593E-05	 5.10978050E-05	 5.12159042E-05	 4.88959109E-06	-3.99675301E-05	 1.18284951E-03	 3.18855859E-04	 2.12813001E-04	-5.12895674E-05
 7.320000E-01	 4.06413558E-06	 8.51917113E-06	 1.00797571E-05	 1.98001842E-06	-2.45667278E-05	-1.40990588E-04	-2.45686367E-04	 1.71751551E-05	-2.90857487E-05	 1.03142104E-06	 1.11416566E-05	 3.11776434E-05	 5.20250414E-05	 5.30775720E-05	 6.43546915E-06	-2.97920087E-05	 1.32019241E-03	 3.28672524E-04	 2.20291972E-04	-5.29510368E-05
 7.330000E-01	 4.03815247E-06	 8.62545590E-06	 1.04622418E-05	 2.67660422E-06	-2.39767108E-05	-1.35936842E-04	-2.72007516E-04	 1.87151177E-05	-2.99300422E-05	 1.04108322E-06	 1.09517156E-05	 3.13075129E-05	 5.29728408E-05	 5.50007534E-05	 7.87626211E-06	-1.97795637E-05	 1.48550427E-03	 3.38037889E-04	 2.27888121E-04	-5.47046942E-05
 7.340000E-01	 4.01637299E-06	 8.75038592E-06	 1.09077151E-05	 3.55574970E-06	-2.27975119E-05	-1.27531912E-04	-2.97657227E-04	 1.97841031E-05	-3.08323968E-05	 1.04098052E-06	 1.07534771E-05	 3.14334218E-05	 5.39336732E-05	 5.69272891E-05	 8.94619483E-06	-1.21574783E-05	 1.68346931E-03	 3.47192625E-04	 2.35688624E-04	-5.65273617E-05
 7.350000E-01	 3.99877099E-06	 8.89523579E-06	 1.14230028E-05	 4.64556751E-06	-2.08773125E-05	-1.14193211E-04	-3.17136273E-04	 1.97391559E-05	-3.18815859E-05	 1.01488734E-06	 1.05389596E-05	 3.15344531E-05	 5.48642925E-05	 5.87007716E-05	 9.14385663E-06	-1.00153540E-05	 1.91691037E-03	 3.56552494E-04	 2.43793071E-04	-5.84095048E-05
 7.360000E-01	 3.98332863E-06	 9.05581129E-06	 1.19995291E-05	 5.92598194E-06	-1.82398717E-05	-9.50494902E-05	-3.20835536E-04	 1.78295204E-05	-3.32227166E-05	 9.39729952E-07	 1.02962892E-05	 3.15764913E-05	 5.56773639E-05	 6.00571927E-05	 7.63758559E-06	-1.75725199E-05	 2.18484553E-03	 3.66848559E-04	 2.52261974E-04	-6.03848850E-05
 7.370000E-01	 3.96709909E-06	 9.22499952E-06	 1.26179798E-05	 7.33149519E-06	-1.51320454E-05	-7.08453526E-05	-2.95635030E-04	 1.34187585E-05	-3.50022154E-05	 7.81563472E-07	 1.00159674E-05	 3.15320988E-05	 5.62876772E-05	 6.07452102E-05	 3.42519076E-06	-4.06264057E-05	 2.47894631E-03	 3.79791496E-04	 2.61231893E-04	-6.24755607E-05
 7.380000E-01	 3.94631892E-06	 9.39319351E-06	 1.32496344E-05	 8.75570554E-06	-1.20147648E-05	-4.42698539E-05	-2.26945540E-04	 6.18454884E-06	-3.73148971E-05	 5.01203353E-07	 9.69334639E-06	 3.13894090E-05	 5.66453745E-05	 6.06170471E-05	-4.37154806E-06	-8.58901999E-05	 2.77857990E-03	 3.98650415E-04	 2.71087459E-04	-6.46243737E-05
 7.390000E-01	 3.91529173E-06	 9.54535717E-06	 1.38503269E-05	 1.00449537E-05	-9.55338889E-06	-1.98010444E-05	-1.01527626E-04	-3.59768556E-06	-4.01700595E-05	 6.92752762E-08	 9.32626536E-06	 3.11425307E-05	 5.67198635E-05	 5.95990577E-05	-1.63168048E-05	-1.58848265E-04	 3.04651477E-03	 4.28083817E-04	 2.82453929E-04	-6.67014902E-05
 7.400000E-01	 3.86681223E-06	 9.66186674E-06	 1.43628396E-05	 1.10115742E-05	-8.56399660E-06	-3.27104935E-06	 8.86380362E-05	-1.46990108E-05	-4.34486433E-05	-5.13011495E-07	 8.91393400E-06	 3.07864960E-05	 5.64992976E-05	 5.76884258E-05	-3.24283971E-05	-2.61263715E-04	 3.22738996E-03	 4.73584490E-04	 2.96124128E-04	-6.85377105E-05
 7.410000E-01	 3.79454713E-06	 9.72454016E-06	 1.47327887E-05	 1.14818459E-05	-9.83963349E-06	-8.91431545E-07	 3.41589132E-04	-2.46881922E-05	-4.68538820E-05	-1.19464382E-06	 8.45975948E-06	 3.03252534E-05	 5.60140999E-05	 5.50140689E-05	-5.19593170E-05	-3.89527751E-04	 3.25056545E-03	 5.40761560E-04	 3.12956072E-04	-6.99504234E-05
 7.420000E-01	 3.69602424E-06	 9.72446893E-06	 1.49315818E-05	 1.13658544E-05	-1.38626669E-05	-1.75489483E-05	 6.41170687E-04	-3.00787823E-05	-4.98680872E-05	-1.87364768E-06	 7.97757296E-06	 2.97902536E-05	 5.53775634E-05	 5.19451282E-05	-7.32275484E-05	-5.34404103E-04	 3.03763285E-03	 6.34537623E-04	 3.33788960E-04	-7.07138121E-05
 7.430000E-01	 3.57405105E-06	 9.66616001E-06	 1.49704855E-05	 1.07073840E-05	-2.05389693E-05	-5.48037993E-05	 9.56036711E-04	-2.70537140E-05	-5.18132464E-05	-2.40428443E-06	 7.49303285E-06	 2.92467366E-05	 5.47920663E-05	 4.91434588E-05	-9.35541330E-05	-6.81218849E-04	 2.51455183E-03	 7.57552619E-04	 3.59251791E-04	-7.05611937E-05
 7.440000E-01	 3.43572090E-06	 9.56454438E-06	 1.48946398E-05	 9.68056849E-06	-2.91207344E-05	-1.09601025E-04	 1.24378605E-03	-1.25742726E-05	-5.20555712E-05	-2.60924293E-06	 7.03628761E-06	 2.87713813E-05	 5.44795392E-05	 4.74188862E-05	-1.09563834E-04	-8.10128961E-04	 1.62878702E-03	 9.07322189E-04	 3.89273540E-04	-6.93338434E-05
 7.450000E-01	 3.29094871E-06	 9.44163610E-06	 1.47711952E-05	 8.55566955E-06	-3.83262417E-05	-1.74432876E-04	 1.45918179E-03	 1.44653879E-05	-5.02302292E-05	-2.32100278E-06	 6.63476910E-06	 2.84308107E-05	 5.46252533E-05	 4.75330500E-05	-1.17771745E-04	-8.98504855E-04	 3.68997216E-04	 1.07406871E-03	 4.22653485E-04	-6.71295647E-05
 7.460000E-01	 3.15171182E-06	 9.32400551E-06	 1.46790036E-05	 7.65157567E-06	-4.65776859E-05	-2.38813132E-04	 1.56404726E-03	 5.23617230E-05	-4.63976540E-05	-1.43956686E-06	 6.30904725E-06	 2.82716440E-05	 5.53614449E-05	 5.00543385E-05	-1.15249135E-04	-9.25787302E-04	-1.21911395E-03	 1.24086696E-03	 4.57068229E-04	-6.43366469E-05
 7.470000E-01	 3.02960550E-06	 9.23781149E-06	 1.46948965E-05	 7.27162122E-06	-5.23017588E-05	-2.91485518E-04	 1.53659576E-03	 9.62862081E-05	-4.10922905E-05	 2.03632742E-08	 6.06848980E-06	 2.83107710E-05	 5.67522473E-05	 5.52336389E-05	-1.00266940E-04	-8.78773097E-04	-3.02736250E-03	 1.38581974E-03	 4.89462876E-04	-6.15541875E-05
 7.480000E-01	 2.93255745E-06	 9.20020581E-06	 1.48713580E-05	 7.62091432E-06	-5.42876463E-05	-3.22878019E-04	 1.37825630E-03	 1.38700527E-04	-3.53047105E-05	 1.91186427E-06	 5.90589732E-06	 2.85224818E-05	 5.87477289E-05	 6.28876451E-05	-7.28998148E-05	-7.55394932E-04	-4.89296071E-03	 1.48526517E-03	 5.16470956E-04	-5.95045378E-05
 7.490000E-01	 2.86108222E-06	 9.20949326E-06	 1.52086093E-05	 8.71889306E-06	-5.20818751E-05	-3.27524374E-04	 1.11572864E-03	 1.70821097E-04	-3.04127920E-05	 3.97618788E-06	 5.79396447E-06	 2.88260897E-05	 6.11215838E-05	 7.22759956E-05	-3.55500677E-05	-5.66416575E-04	-6.61955563E-03	 1.51810531E-03	 5.34702902E-04	-5.90456274E-05
 7.500000E-01	 2.80866415E-06	 9.24780822E-06	 1.56532409E-05	 1.03877721E-05	-4.61948156E-05	-3.05892673E-04	 7.95285802E-04	 1.85233504E-04	-2.78899963E-05	 5.88163450E-06	 5.69458320E-06	 2.91109340E-05	 6.35214983E-05	 8.22422462E-05	 7.24200912E-06	-3.35349505E-04	-8.01106939E-03	 1.47245523E-03	 5.41487340E-04	-6.10475810E-05
 7.510000E-01	 2.76734877E-06	 9.29288123E-06	 1.61295642E-05	 1.23392694E-05	-3.79019615E-05	-2.64291763E-04	 4.69881620E-04	 1.78524112E-04	-2.88035480E-05	 7.29977152E-06	 5.57190641E-06	 2.92820008E-05	 6.56162792E-05	 9.16157201E-05	 5.00619912E-05	-9.43333160E-05	-8.91288744E-03	 1.35171411E-03	 5.36141145E-04	-6.60331546E-05
 7.520000E-01	 2.72846441E-06	 9.32534407E-06	 1.65675764E-05	 1.42756383E-05	-2.87708746E-05	-2.12476360E-04	 1.84993192E-04	 1.52405366E-04	-3.34420556E-05	 8.01198843E-06	 5.39786729E-06	 2.92790408E-05	 6.71872233E-05	 9.95023707E-05	 8.81244654E-05	 1.24371625E-04	-9.24534973E-03	 1.17489142E-03	 5.20617473E-04	-7.39112383E-05
 7.530000E-01	 2.68275350E-06	 9.32932406E-06	 1.69142943E-05	 1.59498562E-05	-2.02394444E-05	-1.60479416E-04	-3.10076961E-05	 1.13027175E-04	-4.12860538E-05	 7.97179035E-06	 5.15425085E-06	 2.90719943E-05	 6.81334651E-05	 1.05366231E-04	 1.18170179E-04	 2.96534443E-04	-9.01602650E-03	 9.71272316E-04	 4.98980298E-04	-8.40126967E-05
 7.540000E-01	 2.62259207E-06	 9.29275878E-06	 1.71370998E-05	 1.71930768E-05	-1.33828299E-05	-1.16324781E-04	-1.70237486E-04	 6.93284439E-05	-5.12618739E-05	 7.30592354E-06	 4.83363722E-06	 2.86548433E-05	 6.84408160E-05	 1.09005212E-04	 1.38633035E-04	 4.09796002E-04	-8.30939863E-03	 7.73336296E-04	 4.76194014E-04	-9.53839515E-05
 7.550000E-01	 2.54455542E-06	 9.21477631E-06	 1.72371170E-05	 1.79590865E-05	-8.74167697E-06	-8.48801841E-05	-2.43978823E-04	 3.09688601E-05	-6.19747041E-05	 6.26118148E-06	 4.44315377E-06	 2.80566871E-05	 6.81920897E-05	 1.10601994E-04	 1.49643059E-04	 4.63461675E-04	-7.26217999E-03	 6.10408303E-04	 4.57093109E-04	-1.06977699E-04
 7.560000E-01	 2.45224999E-06	 9.11054895E-06	 1.72604671E-05	 1.83588795E-05	-6.19417390E-06	-6.72732527E-05	-2.76939892E-04	 5.55294554E-06	-7.19301827E-05	 5.12311661E-06	 4.00305043E-06	 2.73451414E-05	 6.75841394E-05	 1.10751324E-04	 1.52976074E-04	 4.66421686E-04	-6.03261831E-03	 5.03398101E-04	 4.45715905E-04	-1.17692751E-04
 7.570000E-01	 2.35245321E-06	 9.00182815E-06	 1.72727104E-05	 1.85982274E-05	-5.08967022E-06	-6.11080068E-05	-2.96822497E-04	-3.95543750E-06	-8.00088877E-05	 4.14526621E-06	 3.53594497E-06	 2.65939179E-05	 6.68418552E-05	 1.10181540E-04	 1.51287226E-04	 4.33464866E-04	-4.76968181E-03	 4.61913256E-04	 4.44521637E-04	-1.26670721E-04
 7.580000E-01	 2.24992838E-06	 8.90289840E-06	 1.73211707E-05	 1.88619693E-05	-4.62972989E-06	-6.20070495E-05	-3.23945228E-04	 3.51641126E-07	-8.58731608E-05	 3.48146117E-06	 3.05800914E-06	 2.58502363E-05	 6.61168351E-05	 1.09421315E-04	 1.47016913E-04	 3.80261185E-04	-3.59049979E-03	 4.85422360E-04	 4.53976071E-04	-1.33628505E-04
 7.590000E-01	 2.14643952E-06	 8.81722062E-06	 1.74230715E-05	 1.92539811E-05	-4.18926248E-06	-6.56525759E-05	-3.66717133E-04	 1.32386327E-05	-8.99292081E-05	 3.16220077E-06	 2.57883019E-06	 2.51327788E-05	 6.54719056E-05	 1.08732397E-04	 1.41866898E-04	 3.19541758E-04	-2.57160100E-03	 5.66894940E-04	 4.73014677E-04	-1.38853447E-04
 7.600000E-01	 2.04245254E-06	 8.74358609E-06	 1.75795420E-05	 1.98153410E-05	-3.38639940E-06	-6.89593929E-05	-4.23464309E-04	 2.86196932E-05	-9.29022983E-05	 3.12040093E-06	 2.10572059E-06	 2.44497940E-05	 6.49331980E-05	 1.08267976E-04	 1.36990741E-04	 2.60256692E-04	-1.75093525E-03	 6.95329953E-04	 4.99948842E-04	-1.42822056E-04
 7.610000E-01	 1.93867704E-06	 8.68080319E-06	 1.77892721E-05	 2.05597536E-05	-2.01576940E-06	-7.01527630E-05	-4.86392149E-04	 4.07961024E-05	-9.54822310E-05	 3.22577329E-06	 1.64380645E-06	 2.38089112E-05	 6.45302928E-05	 1.08200579E-04	 1.33318436E-04	 2.08447508E-04	-1.13417377E-03	 8.56846089E-04	 5.33040477E-04	-1.45835814E-04
 7.620000E-01	 1.83396347E-06	 8.62294904E-06	 1.80367718E-05	 2.14541473E-05	-7.39867761E-08	-6.85821528E-05	-5.44464801E-04	 4.54706619E-05	-9.83489483E-05	 3.33152885E-06	 1.19387135E-06	 2.32067480E-05	 6.42607140E-05	 1.08604304E-04	 1.31343207E-04	 1.67406683E-04	-7.02083889E-04	 1.03696661E-03	 5.70376595E-04	-1.48173876E-04
 7.630000E-01	 1.72486410E-06	 8.55777572E-06	 1.82874607E-05	 2.24074052E-05	 2.20129941E-06	-6.47671254E-05	-5.86785258E-04	 4.13400873E-05	-1.02173017E-04	 3.30419301E-06	 7.53525323E-07	 2.26276774E-05	 6.40767945E-05	 1.09380194E-04	 1.30971376E-04	 1.37563688E-04	-4.20374344E-04	 1.22412523E-03	 6.09874877E-04	-1.50340079E-04
 7.640000E-01	 1.60865222E-06	 8.47541499E-06	 1.85094716E-05	 2.33226310E-05	 4.46185441E-06	-6.01438448E-05	-6.07189278E-04	 3.08492255E-05	-1.07330074E-04	 3.05763005E-06	 3.20929740E-07	 2.20591785E-05	 6.39366129E-05	 1.10396013E-04	 1.31902018E-04	 1.17521013E-04	-2.50685591E-04	 1.41159316E-03	 6.49858839E-04	-1.52932128E-04
 7.650000E-01	 1.48537667E-06	 8.37503212E-06	 1.86945031E-05	 2.41581676E-05	 6.47122484E-06	-5.62036726E-05	-6.06812403E-04	 1.86688248E-05	-1.13633736E-04	 2.58266640E-06	-1.03394184E-07	 2.15020721E-05	 6.38423926E-05	 1.11624223E-04	 1.34019166E-04	 1.05586278E-04	-1.58093019E-04	 1.59656504E-03	 6.89532586E-04	-1.56301247E-04
 7.660000E-01	 1.35650377E-06	 8.26162976E-06	 1.88534290E-05	 2.49299659E-05	 8.19628262E-06	-5.37039916E-05	-5.92215692E-04	 8.93645192E-06	-1.20468516E-04	 1.93406195E-06	-5.19301461E-07	 2.09627743E-05	 6.38213993E-05	 1.13125731E-04	 1.37391279E-04	 1.00541917E-04	-1.13306528E-04	 1.77818030E-03	 7.28815099E-04	-1.60379408E-04
 7.670000E-01	 1.22172350E-06	 8.13605558E-06	 1.89904252E-05	 2.56500954E-05	 9.67014133E-06	-5.27097756E-05	-5.71080726E-04	 4.00873244E-06	-1.27324116E-04	 1.21298099E-06	-9.29685569E-07	 2.04350490E-05	 6.38593093E-05	 1.14872720E-04	 1.41841952E-04	 1.01123484E-04	-9.19183811E-05	 1.95743358E-03	 7.67606077E-04	-1.65052402E-04
 7.680000E-01	 1.07976090E-06	 7.99507683E-06	 1.90991048E-05	 2.63065484E-05	 1.08797713E-05	-5.31612159E-05	-5.50133365E-04	 5.03186610E-06	-1.33967092E-04	 5.20701886E-07	-1.33795689E-06	 1.99034991E-05	 6.39027520E-05	 1.16728868E-04	 1.46877338E-04	 1.05565181E-04	-7.51148531E-05	 2.13850855E-03	 8.05558098E-04	-1.70423110E-04
 7.690000E-01	 9.32468773E-07	 7.84229435E-06	 1.91885235E-05	 2.69205719E-05	 1.18690656E-05	-5.49837622E-05	-5.35540543E-04	 1.17681077E-05	-1.40085879E-04	-8.21372586E-08	-1.74573892E-06	 1.93614349E-05	 6.39288277E-05	 1.18632131E-04	 1.52166137E-04	 1.12241227E-04	-5.18622258E-05	 2.32901701E-03	 8.42661409E-04	-1.76513667E-04
 7.700000E-01	 7.85290354E-07	 7.69083413E-06	 1.92924573E-05	 2.75784203E-05	 1.28627413E-05	-5.76594294E-05	-5.31989908E-04	 2.11694073E-05	-1.45154612E-04	-5.45784061E-07	-2.15502075E-06	 1.88102034E-05	 6.39532474E-05	 1.20617200E-04	 1.57679825E-04	 1.20069204E-04	-1.90957960E-05	 2.53926330E-03	 8.79414489E-04	-1.83120171E-04
 7.710000E-01	 6.44139729E-07	 7.55622564E-06	 1.94533548E-05	 2.84005761E-05	 1.42401870E-05	-5.99680535E-05	-5.39852440E-04	 2.67284764E-05	-1.48762110E-04	-7.92988722E-07	-2.57163324E-06	 1.82426900E-05	 6.39723972E-05	 1.22658844E-04	 1.63322406E-04	 1.27959069E-04	 2.02490815E-05	 2.78164528E-03	 9.16287862E-04	-1.90080055E-04
 7.720000E-01	 5.12611529E-07	 7.44887126E-06	 1.97028694E-05	 2.94929141E-05	 1.64089029E-05	-6.02020340E-05	-5.53027045E-04	 2.00195804E-05	-1.51083927E-04	-7.01075253E-07	-3.00282580E-06	 1.76383682E-05	 6.39271045E-05	 1.24565764E-04	 1.68584140E-04	 1.34032956E-04	 5.86235616E-05	 3.07024570E-03	 9.53346075E-04	-1.97686379E-04
 7.730000E-01	 3.91272586E-07	 7.37213180E-06	 2.00564547E-05	 3.09272207E-05	 1.97142793E-05	-5.65372564E-05	-5.59114583E-04	-6.50129280E-06	-1.53113629E-04	-1.93775042E-07	-3.44737782E-06	 1.69898747E-05	 6.37729514E-05	 1.26175182E-04	 1.72931995E-04	 1.36226632E-04	 8.34071708E-05	 3.41733386E-03	 9.91353127E-04	-2.06370470E-04
 7.740000E-01	 2.74266077E-07	 7.31409800E-06	 2.04937718E-05	 3.26878009E-05	 2.42637341E-05	-4.76359756E-05	-5.41226236E-04	-5.50695760E-05	-1.57113659E-04	 5.28253454E-07	-3.88809104E-06	 1.63359245E-05	 6.35959299E-05	 1.27699485E-04	 1.76764470E-04	 1.34696619E-04	 7.95035185E-05	 3.82416112E-03	 1.03351348E-03	-2.15729471E-04
 7.750000E-01	 1.40393841E-07	 7.22314204E-06	 2.08935964E-05	 3.44931461E-05	 2.93994476E-05	-3.43098351E-05	-4.83123761E-04	-1.13228092E-04	-1.67463187E-04	 7.10452530E-07	-4.29126648E-06	 1.57639667E-05	 6.36261901E-05	 1.29778682E-04	 1.81799010E-04	 1.33970358E-04	 4.17225302E-05	 4.27092689E-03	 1.08454248E-03	-2.24393561E-04
 7.760000E-01	-5.06009210E-08	 6.99482028E-06	 2.09891413E-05	 3.56404628E-05	 3.31170865E-05	-2.20828652E-05	-3.83097596E-04	-1.42464332E-04	-1.89859717E-04	-1.07068784E-06	-4.61479416E-06	 1.53840775E-05	 6.41622611E-05	 1.33272723E-04	 1.90743669E-04	 1.43417563E-04	-6.70028525E-06	 4.71723295E-03	 1.14625881E-03	-2.31012269E-04
 7.770000E-01	-3.43923423E-07	 6.50559368E-06	 2.04394038E-05	 3.51359089E-05	 3.22013709E-05	-2.23647800E-05	-2.74858354E-04	-8.01217930E-05	-2.26416713E-04	-6.39363734E-06	-4.82624171E-06	 1.52825456E-05	 6.54525442E-05	 1.38948306E-04	 2.06460442E-04	 1.75372959E-04	-1.99292700E-06	 5.12451513E-03	 1.21147681E-03	-2.35657931E-04
 7.780000E-01	-7.55701890E-07	 5.70132029E-06	 1.90512282E-05	 3.22557826E-05	 2.36967400E-05	-4.92286824E-05	-2.39582521E-04	 1.26537398E-04	-2.66866761E-04	-1.55336857E-05	-4.93197621E-06	 1.54548164E-05	 6.75355930E-05	 1.47067564E-04	 2.30578872E-04	 2.40292137E-04	 1.51435906E-04	 5.50369696E-03	 1.25912602E-03	-2.40742591E-04
 7.790000E-01	-1.23032758E-06	 4.71208656E-06	 1.70894714E-05	 2.74203873E-05	 7.60608806E-06	-1.10565934E-04	-3.86292326E-04	 4.51524375E-04	-2.81095302E-04	-2.53164966E-05	-5.01501286E-06	 1.57138110E-05	 7.00077447E-05	 1.56763130E-04	 2.61365931E-04	 3.38658757E-04	 5.43278578E-04	 5.97677521E-03	 1.25338879E-03	-2.51541323E-04
 7.800000E-01	-1.61208419E-06	 3.93252374E-06	 1.55222640E-05	 2.29917190E-05	-1.02134994E-05	-1.95818066E-04	-7.88160083E-04	 7.16820121E-04	-2.22317444E-04	-2.74352071E-05	-5.25597913E-06	 1.56184033E-05	 7.17871415E-05	 1.65292018E-04	 2.91149427E-04	 4.50586959E-04	 1.19223282E-03	 6.82221224E-03	 1.15104075E-03	-2.76979066E-04
 7.810000E-01	-1.65803808E-06	 3.99796815E-06	 1.60129730E-05	 2.34621287E-05	-1.66562829E-05	-2.66002033E-04	-1.38862827E-03	 5.76375193E-04	-4.99515465E-05	-9.59067396E-06	-5.90294112E-06	 1.45335270E-05	 7.12091526E-05	 1.68079046E-04	 3.05805983E-04	 5.29359427E-04	 1.96718394E-03	 8.44830510E-03	 9.26537008E-04	-3.28021281E-04
 7.820000E-01	-1.12020165E-06	 5.57968617E-06	 2.04386084E-05	 3.43679652E-05	 6.26663410E-06	-2.54905075E-04	-1.92336727E-03	-3.66743117E-04	 2.24423480E-04	 3.82783433E-05	-7.17777801E-06	 1.18739021E-05	 6.66465631E-05	 1.60241579E-04	 2.88702765E-04	 5.08328567E-04	 2.53960679E-03	 1.12313554E-02	 6.16849381E-04	-4.10593132E-04
 7.830000E-01	 1.00807227E-07	 8.98274778E-06	 2.98505757E-05	 5.95522435E-05	 7.37030347E-05	-9.01379562E-05	-1.92945101E-03	-2.26921119E-03	 4.81544490E-04	 1.12480009E-04	-9.14617911E-06	 7.45740082E-06	 5.74685276E-05	 1.39253462E-04	 2.28794167E-04	 3.25849079E-04	 2.43382124E-03	 1.52109585E-02	 3.65336450E-04	-5.14224570E-04
 7.840000E-01	 1.78545751E-06	 1.36797085E-05	 4.31831709E-05	 9.74231309E-05	 1.86105675E-04	 2.64979068E-04	-9.04582689E-04	-4.65289119E-03	 4.68184442E-04	 1.83153985E-04	-1.16179177E-05	 1.77833540E-06	 4.48267508E-05	 1.07447386E-04	 1.29461364E-04	-3.79546183E-05	 1.21189624E-03	 1.97550342E-02	 4.23626557E-04	-6.03417533E-04
 7.850000E-01	 3.31775784E-06	 1.80719523E-05	 5.64659161E-05	 1.38193606E-04	 3.18761365E-04	 7.63164440E-04	 1.38900217E-03	-6.13623637E-03	-1.44895037E-04	 1.90587005E-04	-1.41451253E-05	-3.99371061E-06	 3.17185398E-05	 7.26839268E-05	 1.27119860E-05	-5.31194360E-04	-1.25794835E-03	 2.34228774E-02	 1.07520463E-03	-6.21520960E-04
 7.860000E-01	 3.79950669E-06	 1.97709045E-05	 6.33880512E-05	 1.64647106E-04	 4.20973567E-04	 1.24842471E-03	 4.59939037E-03	-4.61587682E-03	-1.58875014E-03	 6.12822505E-05	-1.61441516E-05	-8.34961821E-06	 2.21459284E-05	 4.64003562E-05	-8.50098891E-05	-1.02836367E-03	-4.59716927E-03	 2.42440685E-02	 2.49050473E-03	-5.10634544E-04
 7.870000E-01	 2.36096833E-06	 1.64395966E-05	 5.74470235E-05	 1.57550910E-04	 4.30089184E-04	 1.48347435E-03	 7.65428537E-03	 1.90290494E-03	-3.74923465E-03	-2.52897287E-04	-1.71032116E-05	-1.00086331E-05	 1.96017041E-05	 3.94229197E-05	-1.25344330E-04	-1.36609443E-03	-7.92938042E-03	 2.04370311E-02	 4.57563876E-03	-2.42210361E-04
 7.880000E-01	-1.42892190E-06	 6.92652421E-06	 3.50300751E-05	 1.04306992E-04	 2.97783721E-04	 1.23443830E-03	 9.00188373E-03	 1.39960809E-02	-5.97523135E-03	-7.25220631E-04	-1.67972107E-05	-8.49924934E-06	 2.54458252E-05	 5.70563952E-05	-8.44647431E-05	-1.40594712E-03	-1.01553004E-02	 1.13112559E-02	 6.90038994E-03	 1.54676417E-04
 7.890000E-01	-7.21447976E-06	-7.77452750E-06	-1.82858401E-06	 7.41034049E-06	 1.86850114E-05	 3.86386498E-04	 7.22086836E-03	 2.96173252E-02	-7.10350430E-03	-1.22076141E-03	-1.54150020E-05	-4.49136605E-06	 3.79127888E-05	 9.56985165E-05	 3.37672196E-05	-1.09838776E-03	-1.03948513E-02	-2.08699587E-03	 8.77677304E-03	 5.83290359E-04
 7.900000E-01	-1.37387806E-05	-2.42359371E-05	-4.44381901E-05	-1.11498468E-04	-3.52383889E-04	-9.60589334E-04	 1.77431629E-03	 4.37837740E-02	-5.80482470E-03	-1.50823678E-03	-1.35157251E-05	 3.62071817E-07	 5.24549900E-05	 1.43102263E-04	 1.95296584E-04	-5.17588826E-04	-8.40426377E-03	-1.70022117E-02	 9.50599545E-03	 9.00245824E-04
 7.910000E-01	-1.90631645E-05	-3.72619939E-05	-7.90687377E-05	-2.14948940E-04	-7.05635158E-04	-2.46754941E-03	-6.45928136E-03	 4.97075551E-02	-1.20425397E-03	-1.33044251E-03	-1.18151009E-05	 4.08478281E-06	 6.35589919E-05	 1.83066590E-04	 3.48033815E-04	 1.57367337E-04	-4.75364596E-03	-2.98291998E-02	 8.71593021E-03	 9.70051313E-04
 7.920000E-01	-2.11368430E-05	-4.14847603E-05	-9.11491122E-05	-2.60612107E-04	-9.06415822E-04	-3.63146870E-03	-1.51923080E-02	 4.12960371E-02	 6.44023156E-03	-5.16112487E-04	-1.09164353E-05	 5.18060686E-06	 6.70821267E-05	 2.02268666E-04	 4.43460059E-04	 7.12582645E-04	-6.31298158E-04	-3.75122116E-02	 6.60865771E-03	 7.30010208E-04
 7.930000E-01	-1.86292822E-05	-3.35992878E-05	-7.12239029E-05	-2.17811397E-04	-8.44356442E-04	-3.94930885E-03	-2.13632129E-02	 1.62186635E-02	 1.53134017E-02	 9.04844290E-04	-1.10877117E-05	 3.22071664E-06	 6.19387704E-05	 1.95751797E-04	 4.56459492E-04	 9.86286723E-04	 2.64930758E-03	-3.88207005E-02	 3.95754514E-03	 2.28053173E-04
 7.940000E-01	-1.17036614E-05	-1.44090706E-05	-2.06103409E-05	-8.43460248E-05	-4.87661490E-04	-3.13129827E-03	-2.22579682E-02	-2.17640682E-02	 2.22170466E-02	 2.62662291E-03	-1.21543535E-05	-9.72777951E-07	 5.05862656E-05	 1.69086208E-04	 3.95510212E-04	 9.33603458E-04	 4.18865818E-03	-3.48662442E-02	 1.83045285E-03	-3.85466053E-04
 7.950000E-01	-2.22968979E-06	 1.06409345E-05	 4.66725769E-05	 1.05626176E-04	 8.36140091E-05	-1.27900391E-03	-1.67524994E-02	-6.26505750E-02	 2.35828842E-02	 4.08983042E-03	-1.35891494E-05	-5.68761467E-06	 3.80204348E-05	 1.36203487E-04	 2.99430245E-04	 6.43884505E-04	 3.84500136E-03	-2.85840581E-02	 1.13034314E-03	-9.08208848E-04
 7.960000E-01	 6.82914808E-06	 3.32103476E-05	 1.08113831E-04	 2.90519643E-04	 6.92776673E-04	 1.08502105E-03	-6.08248775E-03	-9.30770586E-02	 1.71283939E-02	 4.64773632E-03	-1.48067507E-05	-9.20168468E-06	 2.93488685E-05	 1.12903153E-04	 2.19756134E-04	 2.98627255E-04	 2.24111041E-03	-2.33582918E-02	 2.13719520E-03	-1.16525133E-03
 7.970000E-01	 1.25861854E-05	 4.54291320E-05	 1.41734576E-04	 4.05261154E-04	 1.13242662E-03	 3.19003821E-03	 6.40131321E-03	-1.01535183E-01	 3.37863138E-03	 3.84308827E-03	-1.54980199E-05	-1.07463208E-05	 2.70157075E-05	 1.08547827E-04	 1.94601499E-04	 8.05815320E-05	 4.16689185E-04	-2.14171356E-02	 4.31142776E-03	-1.09280996E-03
 7.980000E-01	 1.34190529E-05	 4.33064497E-05	 1.35723625E-04	 4.09407261E-04	 1.25206572E-03	 4.32894139E-03	 1.65188052E-02	-8.36305174E-02	-1.38853325E-02	 1.67003528E-03	-1.57645383E-05	-1.08879573E-05	 2.94771619E-05	 1.20977158E-04	 2.28638407E-04	 7.96109480E-05	-7.17065857E-04	-2.28657173E-02	 6.54856790E-03	-7.80274754E-04
 7.990000E-01	 9.59658946E-06	 2.84570750E-05	 9.37965225E-05	 3.05587058E-04	 1.02448054E-03	 4.16305042E-03	 2.10161181E-02	-4.46377235E-02	-2.87716930E-02	-1.32285588E-03	-1.59721475E-05	-1.10519267E-05	 3.23524929E-05	 1.38383278E-04	 2.92876598E-04	 2.53525382E-04	-8.20780026E-04	-2.59505848E-02	 7.80346127E-03	-4.30784025E-04
 8.000000E-01	 2.99341840E-06	 7.12116580E-06	 3.30802850E-05	 1.37522393E-04	 5.54857448E-04	 2.86075539E-03	 1.89255412E-02	 2.29627190E-03	-3.57199971E-02	-4.18384461E-03	-1.64297479E-05	-1.24842247E-05	 3.13865309E-05	 1.47206919E-04	 3.44863117E-04	 4.68975733E-04	-2.07689234E-04	-2.83941850E-02	 7.70783187E-03	-2.49874807E-04
 8.010000E-01	-3.83248979E-06	-1.28096481E-05	-2.40467595E-05	-3.12891756E-05	 2.78768801E-05	 9.92983269E-04	 1.18124803E-02	 4.16636848E-02	-3.20516476E-02	-5.93475008E-03	-1.70761495E-05	-1.52516564E-05	 2.54656853E-05	 1.41259805E-04	 3.56792806E-04	 5.95233743E-04	 4.66449682E-04	-2.89216611E-02	 6.75335520E-03	-3.24806317E-04
 8.020000E-01	-8.63168258E-06	-2.49576193E-05	-5.91634204E-05	-1.44747187E-04	-3.73812836E-04	-7.39305656E-04	 2.84226492E-03	 6.20000326E-02	-1.92294940E-02	-5.98194796E-03	-1.73135097E-05	-1.77769377E-05	 1.81278431E-05	 1.27070698E-04	 3.35656741E-04	 5.94151833E-04	 6.87913049E-04	-2.79765221E-02	 5.87552525E-03	-5.69466489E-04
 8.030000E-01	-1.02117929E-05	-2.65821926E-05	-6.40821915E-05	-1.73905273E-04	-5.37493666E-04	-1.78676475E-03	-4.69093154E-03	 6.00255413E-02	-2.22656810E-03	-4.34670278E-03	-1.61000805E-05	-1.71526465E-05	 1.68945668E-05	 1.23204888E-04	 3.26477946E-04	 5.62064245E-04	 4.62935241E-04	-2.71562189E-02	 5.63205103E-03	-7.63446375E-04
 8.040000E-01	-8.78913115E-06	-1.92273197E-05	-4.27413800E-05	-1.24113591E-04	-4.51885898E-04	-1.92893605E-03	-8.60618556E-03	 4.09618066E-02	 1.25816930E-02	-1.63871145E-03	-1.23974147E-05	-1.03601244E-05	 3.02348143E-05	 1.53116357E-04	 3.96109676E-04	 7.04198505E-04	 4.09797829E-04	-2.76339759E-02	 5.41415832E-03	-6.70250927E-04
 8.050000E-01	-5.83246090E-06	-7.84715819E-06	-8.74515381E-06	-2.97774236E-05	-1.99269049E-04	-1.30993470E-03	-8.43202954E-03	 1.54116202E-02	 2.00568822E-02	 1.17693151E-03	-5.91462123E-06	 3.78547682E-06	 6.25789632E-05	 2.32347088E-04	 5.99006408E-04	 1.23875109E-03	 1.50889889E-03	-2.83811374E-02	 3.22708643E-03	-2.06120480E-04
 8.060000E-01	-3.46177872E-06	 1.17190168E-06	 2.01437308E-05	 6.00612187E-05	 8.24654948E-05	-3.45274826E-04	-5.29552194E-03	-5.54123465E-03	 1.84205394E-02	 3.11881844E-03	 2.10024906E-06	 2.25864048E-05	 1.08883730E-04	 3.53594546E-04	 9.33829131E-04	 2.25179993E-03	 4.56371259E-03	-2.52789949E-02	-3.50195103E-03	 3.90702386E-04
 8.070000E-01	-3.54903187E-06	 2.51889836E-06	 2.87843410E-05	 1.00476215E-04	 2.52994597E-04	 4.52697235E-04	-1.28799133E-03	-1.49465938E-02	 1.00362659E-02	 3.52820509E-03	 8.41701249E-06	 3.82839269E-05	 1.51201171E-04	 4.75993638E-04	 1.30812712E-03	 3.55507829E-03	 9.54533208E-03	-1.21001365E-02	-1.59863981E-02	 4.74191303E-04
 8.080000E-01	-6.73513588E-06	-5.56372914E-06	 1.12082750E-05	 6.91449245E-05	 2.24912002E-04	 6.76048096E-04	 1.41092867E-03	-1.26163510E-02	 4.58481727E-04	 2.33013792E-03	 8.12956039E-06	 3.87456988E-05	 1.59833999E-04	 5.25712221E-04	 1.53175677E-03	 4.61840351E-03	 1.50950437E-02	 1.62899728E-02	-3.15644920E-02	-9.07165567E-04
 8.090000E-01	-1.17466053E-05	-1.96715035E-05	-2.50149319E-05	-2.05619378E-05	 7.23210570E-06	 1.98824006E-04	 1.40135329E-03	-4.81205264E-03	-4.14975747E-03	 1.57045133E-04	-3.94047162E-06	 1.08365013E-05	 1.01127527E-04	 4.13501652E-04	 1.35532089E-03	 4.64105560E-03	 1.84656049E-02	 5.92278607E-02	-4.18679016E-02	-4.64027592E-03
 8.100000E-01	-1.54279722E-05	-3.14458574E-05	-5.89376047E-05	-1.17803104E-04	-2.80313033E-04	-7.26424177E-04	-1.30566546E-03	-9.31768293E-04	-4.90558863E-04	-1.74404614E-03	-3.06631319E-05	-5.33160589E-05	-4.74747040E-05	 7.14733540E-05	 5.61487660E-04	 2.80131578E-03	 1.61153148E-02	 1.05928559E-01	-3.34395896E-02	-1.08868620E-02
 8.110000E-01	-1.37350000E-05	-3.01517189E-05	-6.24114078E-05	-1.48126870E-04	-4.35816226E-04	-1.50724762E-03	-5.11638421E-03	-8.21503893E-03	 8.94188006E-03	-1.89814408E-03	-6.94292344E-05	-1.48456011E-04	-2.77858182E-04	-4.96538302E-04	-8.99918588E-04	-1.32615195E-03	 5.04662171E-03	 1.34329557E-01	 7.51457857E-03	-1.82387175E-02
 8.120000E-01	-3.64787965E-06	-7.49770243E-06	-1.20806042E-05	-4.32596071E-05	-2.49719197E-04	-1.40971314E-03	-7.29306320E-03	-2.65247595E-02	 1.52998790E-02	 7.06077847E-04	-1.09638050E-04	-2.49706835E-04	-5.34112189E-04	-1.16782505E-03	-2.77200912E-03	-7.28794002E-03	-1.53139635E-02	 1.15901509E-01	 8.59028987E-02	-2.30512635E-02
 8.130000E-01	 1.44208916E-05	 3.63225305E-05	 9.51985763E-05	 2.18623209E-04	 3.85851431E-04	 1.06048171E-04	-5.00835032E-03	-4.58152952E-02	 6.66047726E-03	 5.74695465E-03	-1.32589089E-04	-3.11667649E-04	-7.07990442E-04	-1.68185658E-03	-4.41247824E-03	-1.33982396E-02	-4.12862218E-02	 2.75557111E-02	 1.86486146E-01	-1.95615151E-02
 8.140000E-01	 3.47146696E-05	 8.76627104E-05	 2.28876206E-04	 5.74875547E-04	 1.36343999E-03	 2.99344416E-03	 3.17214580E-03	-4.85527280E-02	-2.47163047E-02	 1.08553052E-02	-1.15835785E-04	-2.78140973E-04	-6.59374314E-04	-1.68034755E-03	-4.86111486E-03	-1.67716446E-02	-6.40333518E-02	-1.31464709E-01	 2.66293677E-01	-1.51538838E-03
 8.150000E-01	 4.62598125E-05	 1.19226777E-04	 3.22130318E-04	 8.64427101E-04	 2.29798438E-03	 6.32692219E-03	 1.58154378E-02	-1.79002609E-02	-7.33214341E-02	 1.16242621E-02	-4.28735593E-05	-1.05336523E-04	-2.70384577E-04	-8.32633411E-04	-3.13238661E-03	-1.40301296E-02	-7.06966791E-02	-3.23961326E-01	 2.59035671E-01	 3.41033986E-02
 8.160000E-01	 3.63467088E-05	 9.81447369E-05	 2.89622161E-04	 8.63661512E-04	 2.58790332E-03	 8.34081476E-03	 2.79119015E-02	 5.02024117E-02	-1.14544591E-01	 3.04775591E-03	 8.46323658E-05	 2.07011045E-04	 4.77072421E-04	 9.68226050E-04	 1.27510816E-03	-2.78481268E-03	-4.85288852E-02	-4.70835981E-01	 9.92590256E-02	 8.16685842E-02
 8.170000E-01	-2.96473504E-06	 2.18709300E-06	 6.71194217E-05	 3.81801464E-04	 1.64181045E-03	 6.98886389E-03	 3.18251993E-02	 1.36526789E-01	-1.08774758E-01	-1.72861606E-02	 2.38282204E-04	 5.91600556E-04	 1.43543074E-03	 3.42012316E-03	 7.83223611E-03	 1.65290941E-02	 8.39646545E-03	-4.69676687E-01	-2.34125292E-01	 1.22416294E-01
 8.180000E-01	-6.78609103E-05	-1.61681184E-04	-3.39736621E-04	-6.10532657E-04	-7.74212420E-04	 9.75277220E-04	 2.02925985E-02	 1.97463671E-01	-1.97933251E-02	-4.51159485E-02	 3.64509246E-04	 9.13992702E-04	 2.28203461E-03	 5.75461530E-03	 1.47051664E-02	 3.93835252E-02	 9.24887471E-02	-2.38372269E-01	-6.70936546E-01	 1.25254450E-01
 8.190000E-01	-1.39389393E-04	-3.46721586E-04	-8.22948620E-04	-1.88177938E-03	-4.21912514E-03	-9.12677846E-03	-9.26460480E-03	 1.79249923E-01	 1.56154125E-01	-6.69643153E-02	 3.99605839E-04	 1.00830790E-03	 2.59786826E-03	 6.89996078E-03	 1.90459998E-02	 5.74502358E-02	 1.79834936E-01	 2.29464458E-01	-1.02966676E+00	 5.67701637E-02
 8.200000E-01	-1.87148627E-04	-4.73811538E-04	-1.18343772E-03	-2.94303078E-03	-7.49842079E-03	-2.03045996E-02	-5.10843274E-02	 4.59969180E-02	 3.64901106E-01	-6.23475786E-02	 2.94538200E-04	 7.42012979E-04	 2.02694181E-03	 5.86675257E-03	 1.79345550E-02	 6.09994726E-02	 2.34643896E-01	 8.25065700E-01	-1.05516215E+00	-9.95658485E-02
 8.210000E-01	-1.80071245E-04	-4.58830546E-04	-1.19622892E-03	-3.19389915E-03	-8.96918737E-03	-2.76608965E-02	-9.05304409E-02	-1.90232472E-01	 4.93072726E-01	-1.25714077E-02	 3.89901606E-05	 8.34915742E-05	 4.55303411E-04	 2.22244890E-03	 9.68122460E-03	 4.28881311E-02	 2.21384449E-01	 1.33167788E+00	-5.23062892E-01	-3.21864868E-01
 8.220000E-01	-1.00354489E-04	-2.50816878E-04	-7.10021748E-04	-2.17563993E-03	-7.18266264E-03	-2.61655989E-02	-1.08117528E-01	-4.55491281E-01	 4.05316810E-01	 8.58661577E-02	-3.25833141E-04	-8.58550910E-04	-1.87336617E-03	-3.56053110E-03	-5.07862124E-03	 2.48286469E-03	 1.20572780E-01	 1.49163849E+00	 6.20057307E-01	-5.38320665E-01
 8.230000E-01	 4.51918180E-05	 1.34881152E-04	 2.59437238E-04	 1.68004853E-04	-1.62926882E-03	-1.30082382E-02	-8.72799312E-02	-6.30285196E-01	 1.48353413E-02	 2.09407422E-01	-7.11310296E-04	-1.84326700E-03	-4.36399527E-03	-1.00592359E-02	-2.30180684E-02	-5.23417867E-02	-5.85342318E-02	 1.11488700E+00	 2.14671210E+00	-6.37269330E-01
 8.240000E-01	 2.21668323E-04	 6.04304182E-04	 1.48636143E-03	 3.34332445E-03	 6.73976500E-03	 1.04489647E-02	-2.29698112E-02	-5.96107435E-01	-6.41537309E-01	 3.05247694E-01	-1.00275633E-03	-2.55687014E-03	-6.21358214E-03	-1.52232670E-02	-3.87526717E-02	-1.06267128E-01	-2.74443650E-01	 1.83824702E-01	 3.54025208E+00	-5.03195580E-01
 8.250000E-01	 3.73143704E-04	 1.00273337E-03	 2.57162757E-03	 6.36237750E-03	 1.55047038E-02	 3.80962944E-02	 7.28126094E-02	-2.94931446E-01	-1.36634062E+00	 3.04972358E-01	-1.09254916E-03	-2.70821705E-03	-6.65778808E-03	-1.69935926E-02	-4.63976401E-02	-1.40680082E-01	-4.62157730E-01	-1.09707440E+00	 4.12792549E+00	-7.10877304E-02
 8.260000E-01	 4.39891078E-04	 1.16237211E-03	 3.06195697E-03	 8.02116841E-03	 2.13984361E-02	 6.04037758E-02	 1.71651721E-01	 2.26264276E-01	-1.83769796E+00	 1.53534297E-01	-9.18069371E-04	-2.13688882E-03	-5.25497057E-03	-1.40452226E-02	-4.16114694E-02	-1.39794683E-01	-5.52380724E-01	-2.33932475E+00	 3.33247938E+00	 6.20700235E-01
 8.270000E-01	 3.82762087E-04	 9.70719982E-04	 2.62911994E-03	 7.35252168E-03	 2.14615464E-02	 6.75571035E-02	 2.36505656E-01	 8.10817300E-01	-1.72456091E+00	-1.55095286E-01	-4.94484234E-04	-9.03863907E-04	-2.12892458E-03	-6.45520375E-03	-2.35514323E-02	-9.70716940E-02	-4.95951220E-01	-3.09183333E+00	 9.57422563E-01	 1.40338389E+00
 8.280000E-01	 2.04638734E-04	 4.34029790E-04	 1.24764728E-03	 4.11478511E-03	 1.44112872E-02	 5.36415220E-02	 2.35451047E-01	 1.23823862E+00	-8.48174016E-01	-5.51293675E-01	 7.87468401E-05	 6.87522199E-04	 1.95488447E-03	 4.00329317E-03	 4.00051309E-03	-1.97605232E-02	-2.86663423E-01	-3.00952558E+00	-2.61281193E+00	 1.99945060E+00
 8.290000E-01	-4.58696441E-05	-3.04431639E-04	-7.32652452E-04	-9.43795878E-04	 1.58668855E-03	 2.01200183E-02	 1.56933562E-01	 1.31144514E+00	 6.79782414E-01	-8.92516940E-01	 6.51611102E-04	 2.18297407E-03	 5.79917047E-03	 1.42817401E-02	 3.32769099E-02	 7.13916946E-02	 2.78466123E-02	-2.01018446E+00	-6.41858992E+00	 2.10793705E+00
 8.300000E-01	-2.92857389E-04	-1.01158233E-03	-2.68852491E-03	-6.26471614E-03	-1.32078365E-02	-2.35878010E-02	 1.85697646E-02	 9.51005974E-01	 2.42785400E+00	-1.00871545E+00	 1.07960193E-03	 3.14715001E-03	 8.21716766E-03	 2.11543216E-02	 5.51658360E-02	 1.48738873E-01	 3.57391473E-01	-3.43332575E-01	-9.20084483E+00	 1.53621359E+00
 8.310000E-01	-4.63048887E-04	-1.45552343E-03	-3.96210656E-03	-1.00619592E-02	-2.50650005E-02	-6.32608273E-02	-1.36875048E-01	 2.46251075E-01	 3.77297815E+00	-7.79278380E-01	 1.27137480E-03	 3.32479862E-03	 8.48859278E-03	 2.24672776E-02	 6.27224911E-02	 1.88105682E-01	 6.01305279E-01	 1.48231508E+00	-9.87469691E+00	 3.18037461E-01
 8.320000E-01	-5.12629922E-04	-1.49732031E-03	-4.12605603E-03	-1.10402943E-02	-2.99416320E-02	-8.54724598E-02	-2.57589863E-01	-5.70248985E-01	 4.14973576E+00	-2.05263211E-01	 1.21070850E-03	 2.72433258E-03	 6.62350421E-03	 1.79583944E-02	 5.38674200E-02	 1.78082255E-01	 6.86691203E-01	 2.89188068E+00	-7.99435046E+00	-1.25169904E+00
 8.330000E-01	-4.39086910E-04	-1.14084927E-03	-3.15072907E-03	-8.91556161E-03	-2.62975506E-02	-8.30534328E-02	-3.03601548E-01	-1.21701765E+00	 3.30703231E+00	 5.64828126E-01	 9.47037748E-04	 1.59057355E-03	 3.32025337E-03	 9.29189713E-03	 3.20401933E-02	 1.24090012E-01	 5.95423989E-01	 3.46907948E+00	-3.98022932E+00	-2.69937018E+00
 8.340000E-01	-2.74623397E-04	-5.18263386E-04	-1.39223296E-03	-4.48236907E-03	-1.56076449E-02	-5.77489599E-02	-2.62503971E-01	-1.48150662E+00	 1.44092357E+00	 1.27825022E+00	 5.64914779E-04	 2.86075548E-04	-3.57906830E-04	-7.07789779E-04	 4.53274708E-03	 4.52872484E-02	 3.67870185E-01	 3.10790910E+00	 1.01521017E+00	-3.54716076E+00
 8.350000E-01	-7.00470048E-05	 1.71070241E-04	 5.72715854E-04	 7.67960468E-04	-1.58687380E-03	-1.88905624E-02	-1.52578055E-01	-1.30245262E+00	-8.69435465E-01	 1.67534227E+00	 1.55701719E-04	-8.43578014E-04	-3.39392577E-03	-9.18260769E-03	-2.05057900E-02	-3.38231016E-02	 8.25758781E-02	 2.02310461E+00	 5.54610017E+00	-3.49987992E+00
 8.360000E-01	 1.21248406E-04	 7.31675033E-04	 2.16393461E-03	 5.23460177E-03	 1.13345656E-02	 2.07400792E-02	-1.31633464E-02	-7.79509166E-01	-2.89106629E+00	 1.59511077E+00	-2.00225658E-04	-1.56165817E-03	-5.11733847E-03	-1.41532204E-02	-3.68351123E-02	-9.23333819E-02	-1.75812346E-01	 6.28653702E-01	 8.40462555E+00	-2.55572387E+00
 8.370000E-01	 2.57025446E-04	 1.03054008E-03	 2.98307103E-03	 7.74406071E-03	 1.95772879E-02	 4.96429184E-02	 1.11542659E-01	-1.16166344E-01	-4.01944828E+00	 1.04160911E+00	-4.47043824E-04	-1.78230297E-03	-5.33462317E-03	-1.49556185E-02	-4.17190354E-02	-1.18752356E-01	-3.44685031E-01	-6.38604542E-01	 9.01073115E+00	-9.99715087E-01
 8.380000E-01	 3.15664050E-04	 1.02917719E-03	 2.91606922E-03	 7.87117574E-03	 2.14754515E-02	 6.11807498E-02	 1.87959667E-01	 4.68234326E-01	-3.99003880E+00	 1.84325391E-01	-5.61707914E-04	-1.56525055E-03	-4.29795355E-03	-1.21965328E-02	-3.61197689E-02	-1.12667431E-01	-3.98540974E-01	-1.46700550E+00	 7.52623630E+00	 7.06718382E-01
 8.390000E-01	 2.98871471E-04	 7.81619621E-04	 2.12909842E-03	 5.96828013E-03	 1.75319598E-02	 5.49953345E-02	 2.02485555E-01	 8.17077545E-01	-2.94036159E+00	-7.06001503E-01	-5.53527540E-04	-1.07005990E-03	-2.54629955E-03	-7.33233500E-03	-2.36848336E-02	-8.26686119E-02	-3.49055223E-01	-1.74200657E+00	 4.69310564E+00	 2.09048088E+00
 8.400000E-01	 2.27720212E-04	 4.04147656E-04	 9.75203236E-04	 2.93850565E-03	 9.91734625E-03	 3.61114485E-02	 1.62546816E-01	 8.77459463E-01	-1.31579172E+00	-1.35749052E+00	-4.56412447E-04	-4.91861879E-04	-6.94334829E-04	-2.08073828E-03	-9.12784461E-03	-4.19455401E-02	-2.33528470E-01	-1.53473994E+00	 1.50175050E+00	 2.81955902E+00
 8.410000E-01	 1.32590736E-04	 2.82643588E-05	-1.47886773E-04	-1.39527899E-04	 1.51039589E-03	 1.24176934E-02	 9.05635447E-02	 6.96631000E-01	 3.23694174E-01	-1.59220555E+00	-3.14647518E-04	 2.05926999E-06	 7.60965214E-04	 2.12940948E-03	 3.34840425E-03	-3.46268411E-03	-9.82626711E-02	-1.03316149E+00	-1.16069357E+00	 2.79079371E+00
 8.420000E-01	 4.10857124E-05	-2.45883906E-04	-9.37069825E-04	-2.39713572E-03	-5.15989332E-03	-8.40199227E-03	 1.39554737E-02	 3.85095461E-01	 1.50997696E+00	-1.38122071E+00	-1.67727804E-04	 3.16600889E-04	 1.56415283E-03	 4.52181168E-03	 1.11690954E-02	 2.37639701E-02	 1.70358698E-02	-4.54779247E-01	-2.75831704E+00	 2.13211209E+00
 8.430000E-01	-2.93244819E-05	-3.75170441E-04	-1.26406439E-03	-3.41971488E-03	-8.67992710E-03	-2.13282818E-02	-4.48598240E-02	 6.57600891E-02	 2.00786931E+00	-8.40772133E-01	-4.25000540E-05	 4.37357984E-04	 1.71767334E-03	 5.04702928E-03	 1.37686745E-02	 3.63446977E-02	 8.93932426E-02	 2.68297813E-02	-3.18824215E+00	 1.12847764E+00
 8.440000E-01	-7.21768920E-05	-3.71475117E-04	-1.17335237E-03	-3.27215316E-03	-8.95421793E-03	-2.50089817E-02	-7.46415334E-02	-1.69777896E-01	 1.84669104E+00	-1.74646461E-01	 4.73688675E-05	 4.08003114E-04	 1.40462557E-03	 4.19009261E-03	 1.22065544E-02	 3.59547510E-02	 1.14795829E-01	 3.21449121E-01	-2.70160036E+00	 1.06189601E-01
 8.450000E-01	-8.93030587E-05	-2.81341755E-04	-8.20342113E-04	-2.34954808E-03	-6.88482532E-03	-2.12276669E-02	-7.60058879E-02	-2.82591192E-01	 1.24982597E+00	 4.08198658E-01	 9.90412602E-05	 2.96661111E-04	 8.75622156E-04	 2.65851595E-03	 8.34500951E-03	 2.72790460E-02	 1.03510850E-01	 4.22554061E-01	-1.72790128E+00	-6.75696792E-01
 8.460000E-01	-8.68827948E-05	-1.60025532E-04	-3.88600606E-04	-1.15508425E-03	-3.79144589E-03	-1.34273666E-02	-5.77939014E-02	-2.83078925E-01	 5.11727833E-01	 7.64175393E-01	 1.17039824E-04	 1.66471884E-04	 3.50453800E-04	 1.09723675E-03	 4.02434216E-03	 1.56226862E-02	 7.22467920E-02	 3.80040114E-01	-6.90809102E-01	-1.08815861E+00
 8.470000E-01	-7.20842613E-05	-5.09172408E-05	-2.18611478E-05	-1.04583937E-04	-8.59258916E-04	-5.08820594E-03	-3.16846594E-02	-2.11486026E-01	-1.17861562E-01	 8.48512643E-01	 1.09785368E-04	 5.85204902E-05	-3.74536769E-05	-8.35350970E-05	 5.21478928E-04	 5.10765292E-03	 3.68948385E-02	 2.64226061E-01	 1.17142164E-01	-1.13708233E+00
 8.480000E-01	-5.13452210E-05	 2.32747398E-05	 2.07263608E-04	 5.75421401E-04	 1.18947583E-03	 1.38469574E-03	-7.53735227E-03	-1.14560677E-01	-5.00870731E-01	 7.06572355E-01	 8.70653336E-05	-1.07852647E-05	-2.47339963E-04	-7.42171260E-04	-1.61624884E-03	-2.10196248E-03	 8.11259395E-03	 1.36668295E-01	 5.75671708E-01	-9.23181703E-01
 8.490000E-01	-2.97156416E-05	 5.89251486E-05	 2.92898397E-04	 8.48354419E-04	 2.15211321E-03	 5.01009470E-03	 9.02785221E-03	-2.83508331E-02	-6.18458954E-01	 4.36378845E-01	 5.80756859E-05	-4.31546250E-05	-3.04426136E-04	-9.38006492E-04	-2.43862037E-03	-5.63620015E-03	-9.70835433E-03	 3.54129712E-02	 7.07794983E-01	-5.83634065E-01
 8.500000E-01	-1.06400673E-05	 6.45955016E-05	 2.71734185E-04	 8.05879797E-04	 2.20986497E-03	 5.98116721E-03	 1.67208049E-02	 2.87411216E-02	-5.35676376E-01	 1.43887399E-01	 2.99495521E-05	-4.94165853E-05	-2.64065423E-04	-8.28595198E-04	-2.32617060E-03	-6.26053561E-03	-1.70442484E-02	-2.59202510E-02	 6.16402921E-01	-2.41239427E-01
 8.510000E-01	 3.93595857E-06	 5.32151639E-05	 1.95013658E-04	 5.89941239E-04	 1.72143164E-03	 5.14417097E-03	 1.72355476E-02	 5.42636889E-02	-3.50884689E-01	-9.10517344E-02	 7.13230528E-06	-4.19893101E-05	-1.82479653E-04	-5.81759112E-04	-1.73614895E-03	-5.16094239E-03	-1.69378313E-02	-5.09230712E-02	 4.21394079E-01	 2.45161910E-02
 8.520000E-01	 1.32978883E-05	 3.62344464E-05	 1.07278639E-04	 3.30451222E-04	 1.04432279E-03	 3.48321929E-03	 1.35176957E-02	 5.56086750E-02	-1.53199880E-01	-2.29718782E-01	-8.48827219E-06	-3.04413808E-05	-1.00299138E-04	-3.23651374E-04	-1.03854578E-03	-3.42170847E-03	-1.29625185E-02	-5.12061665E-02	 2.17955466E-01	 1.83037420E-01
 8.530000E-01	 1.76671489E-05	 2.08623257E-05	 3.60966067E-05	 1.12438695E-04	 4.31800550E-04	 1.77607075E-03	 8.37584312E-03	 4.34670264E-02	 5.48531832E-04	-2.71765719E-01	-1.70061128E-05	-2.01448861E-05	-3.83891500E-05	-1.22890922E-04	-4.54280348E-04	-1.77197010E-03	-7.97741842E-03	-3.91727988E-02	 6.05137666E-02	 2.41865687E-01
 8.540000E-01	 1.79065750E-05	 9.96552504E-06	-8.45208530E-06	-2.89559420E-05	 5.90815273E-06	 4.62365706E-04	 3.73528621E-03	 2.72146478E-02	 8.93568870E-02	-2.41752247E-01	-1.97301052E-05	-1.29356888E-05	-1.60138160E-06	 8.64460327E-07	-6.64333183E-05	-5.57599993E-04	-3.68672461E-03	-2.41315267E-02	-3.38767343E-02	 2.29359111E-01
 8.550000E-01	 1.52488725E-05	 3.46884863E-06	-2.85308657E-05	-9.57825064E-05	-2.17987516E-04	-3.26225801E-04	 4.91223835E-04	 1.28409125E-02	 1.18949265E-01	-1.73184736E-01	-1.84781269E-05	-8.57011364E-06	 1.44739871E-05	 5.79747162E-05	 1.34199062E-04	 1.60822490E-04	-7.50484212E-04	-1.13051599E-02	-7.26761835E-02	 1.78745789E-01
 8.560000E-01	 1.10378226E-05	 4.53098332E-08	-3.18957468E-05	-1.08906535E-04	-2.85233235E-04	-6.57567020E-04	-1.25797501E-03	 2.88943326E-03	 1.08383207E-01	-9.60301001E-02	-1.50531344E-05	-6.07998892E-06	 1.73552100E-05	 7.04183605E-05	 1.99354593E-04	 4.77315114E-04	 8.56994852E-04	-2.55547768E-03	-7.39765681E-02	 1.17680039E-01
 8.570000E-01	 6.47648775E-06	-1.69262606E-06	-2.67744187E-05	-9.27612557E-05	-2.59225705E-04	-6.83328537E-04	-1.84855076E-03	-2.53489721E-03	 7.85855460E-02	-3.02266466E-02	-1.09199230E-05	-4.58169011E-06	 1.38211018E-05	 5.95239992E-05	 1.86643945E-04	 5.33841650E-04	 1.47602626E-03	 2.29900383E-03	-5.63531522E-02	 6.39194433E-02
 8.580000E-01	 2.44410770E-06	-2.67081599E-06	-1.92307883E-05	-6.66789502E-05	-1.94580412E-04	-5.55339036E-04	-1.73995189E-03	-4.54068262E-03	 4.56255159E-02	 1.52699590E-02	-7.07066838E-06	-3.55232999E-06	 8.41206517E-06	 4.05550011E-05	 1.40904407E-04	 4.57136671E-04	 1.49977370E-03	 4.29636511E-03	-3.36885430E-02	 2.55808838E-02
 8.590000E-01	-5.81417568E-07	-3.31724329E-06	-1.25813208E-05	-4.22037757E-05	-1.26813270E-04	-3.84169246E-04	-1.32663737E-03	-4.50550438E-03	 1.86312058E-02	 3.99816389E-02	-4.03700241E-06	-2.79230073E-06	 3.45003992E-06	 2.20555651E-05	 8.96543380E-05	 3.34514951E-04	 1.24289211E-03	 4.56895066E-03	-1.39800034E-02	 3.74409081E-03
 8.600000E-01	-2.48067152E-06	-3.74025403E-06	-7.97180580E-06	-2.41115638E-05	-7.29930774E-05	-2.31507638E-04	-8.67152112E-04	-3.56005200E-03	 7.48771156E-04	 4.82232684E-02	-1.99243701E-06	-2.28593659E-06	-2.99977481E-07	 7.46743048E-06	 4.59800419E-05	 2.14290228E-04	 9.06702962E-04	 3.99703548E-03	-3.83529871E-04	-4.45985127E-03
 8.610000E-01	-3.38372827E-06	-3.91738017E-06	-5.27452706E-06	-1.28261372E-05	-3.72121527E-05	-1.20576916E-04	-4.89569074E-04	-2.42682660E-03	-8.67242047E-03	 4.58517162E-02	-8.79063447E-07	-2.07811072E-06	-2.91262229E-06	-2.79021484E-06	 1.35958857E-05	 1.16472390E-04	 5.95077341E-04	 3.13777691E-03	 7.01234065E-03	-3.34067869E-03
 8.620000E-01	-3.54909162E-06	-3.83053622E-06	-3.87591370E-06	-6.75092610E-06	-1.66709151E-05	-5.13204352E-05	-2.29908329E-04	-1.46179108E-03	-1.19561281E-02	 3.81601296E-02	-5.13706168E-07	-2.18058070E-06	-4.73451935E-06	-9.57132366E-06	-8.48482346E-06	 4.46294100E-05	 3.46364682E-04	 2.28258324E-03	 9.57404546E-03	 2.93885990E-03
 8.630000E-01	-3.26594811E-06	-3.51732081E-06	-3.16662208E-06	-3.90400272E-06	-6.41012976E-06	-1.35928454E-05	-7.46771176E-05	-7.72058254E-04	-1.16246898E-02	 2.89395812E-02	-6.72076747E-07	-2.54540882E-06	-6.07017893E-06	-1.39152507E-05	-2.27049119E-05	-4.81601376E-06	 1.63802068E-04	 1.54999806E-03	 9.02089487E-03	 1.11140885E-02
 8.640000E-01	-2.78260375E-06	-3.06243051E-06	-2.74051658E-06	-2.71572547E-06	-1.96650849E-06	 4.21668099E-06	 6.59088809E-06	-3.35134390E-04	-9.65700738E-03	 2.03869558E-02	-1.14365298E-06	-3.08753311E-06	-7.10634630E-06	-1.66354965E-05	-3.13980126E-05	-3.71541114E-05	 3.69668799E-05	 9.68395425E-04	 6.85221061E-03	 1.89859419E-02
 8.650000E-01	-2.26972845E-06	-2.55645385E-06	-2.39206150E-06	-2.21122440E-06	-2.79816363E-07	 1.12343001E-05	 4.30843434E-05	-8.40151480E-05	-7.30144427E-03	 1.34533237E-02	-1.75519754E-06	-3.71115013E-06	-7.92835801E-06	-1.82587019E-05	-3.62993437E-05	-5.70601024E-05	-4.68855259E-05	 5.28721413E-04	 4.15017533E-03	 2.52905680E-02
 8.660000E-01	-1.82486725E-06	-2.07555459E-06	-2.05257914E-06	-1.90243049E-06	 3.72692969E-07	 1.32971362E-05	 5.60112739E-05	 4.81487434E-05	-5.18961160E-03	 8.30614724E-03	-2.37367649E-06	-4.32176901E-06	-8.54147597E-06	-1.90524561E-05	-3.84966738E-05	-6.79271457E-05	-9.85337685E-05	 2.10685354E-04	 1.58329681E-03	 2.94706135E-02
 8.670000E-01	-1.48157054E-06	-1.66615505E-06	-1.72744284E-06	-1.61028022E-06	 7.51188673E-07	 1.35181805E-05	 5.82965870E-05	 1.11863471E-04	-3.54505257E-03	 4.72195334E-03	-2.91246320E-06	-4.83612084E-06	-8.91359756E-06	-1.91272950E-05	-3.85988834E-05	-7.20100257E-05	-1.25978547E-04	-5.75586372E-06	-5.03742152E-04	 3.14444649E-02
 8.680000E-01	-1.23539793E-06	-1.35114355E-06	-1.43398031E-06	-1.31329306E-06	 1.09562768E-06	 1.32492325E-05	 5.66001744E-05	 1.39298805E-04	-2.37209151E-03	 2.34725459E-03	-3.32265251E-06	-5.20934030E-06	-9.02729759E-06	-1.85815229E-05	-3.70535846E-05	-7.09544370E-05	-1.35123841E-04	-1.37316377E-04	-1.98193837E-03	 3.14191469E-02
 8.690000E-01	-1.06688674E-06	-1.13750477E-06	-1.18726122E-06	-1.03853541E-06	 1.43784162E-06	 1.29430668E-05	 5.38153037E-05	 1.48257624E-04	-1.58547713E-03	 8.37817304E-04	-3.58289236E-06	-5.42185034E-06	-8.90031947E-06	-1.75523905E-05	-3.43078675E-05	-6.61778627E-05	-1.30739540E-04	-1.99179304E-04	-2.85397983E-03	 2.97609136E-02
 8.700000E-01	-9.56970450E-07	-1.00293548E-06	-9.96063104E-07	-7.89075187E-07	 1.75868264E-06	 1.27018073E-05	 5.10118666E-05	 1.47943635E-04	-1.08143759E-03	-8.64598969E-05	-3.69357302E-06	-5.46211031E-06	-8.56878535E-06	-1.61694961E-05	-3.07782167E-05	-5.89363683E-05	-1.16979499E-04	-2.07196919E-04	-3.20169847E-03	 2.69083844E-02
 8.710000E-01	-8.81743493E-07	-9.20802014E-07	-8.58936044E-07	-5.71606309E-07	 2.02332352E-06	 1.24897616E-05	 4.84899241E-05	 1.43369361E-04	-7.69595850E-04	-6.30918530E-04	-3.67027439E-06	-5.34575987E-06	-8.07794874E-06	-1.45689325E-05	-2.68450072E-05	-5.03764523E-05	-9.76711342E-05	-1.77222485E-04	-3.14535159E-03	 2.33038727E-02
 8.720000E-01	-8.20610360E-07	-8.73399432E-07	-7.64474472E-07	-3.94815202E-07	 2.20940923E-06	 1.22388413E-05	 4.62382841E-05	 1.37112648E-04	-5.82047300E-04	-9.35961574E-04	-3.53872264E-06	-5.10100898E-06	-7.47149098E-06	-1.28823215E-05	-2.28339080E-05	-4.14609978E-05	-7.61131358E-05	-1.23700747E-04	-2.81314241E-03	 1.93451937E-02
 8.730000E-01	-7.63319104E-07	-8.39915002E-07	-6.97766945E-07	-2.48591361E-07	 2.33756981E-06	 1.19264550E-05	 4.41084602E-05	 1.29956044E-04	-4.71198632E-04	-1.09364211E-03	-3.32813045E-06	-4.76327801E-06	-6.79655688E-06	-1.12028979E-05	-1.89610907E-05	-3.27596743E-05	-5.43944389E-05	-5.86519482E-05	-2.32587434E-03	 1.53607873E-02
 8.740000E-01	-7.06155534E-07	-8.09000684E-07	-6.46697333E-07	-1.24287568E-07	 2.42784761E-06	 1.15619125E-05	 4.19552783E-05	 1.22050650E-04	-4.04988974E-04	-1.16227039E-03	-3.07240628E-06	-4.36964188E-06	-6.09111065E-06	-9.58741849E-06	-1.53230885E-05	-2.45255122E-05	-3.34943359E-05	 9.04373323E-06	-1.78480275E-03	 1.15966067E-02
 8.750000E-01	-6.49952428E-07	-7.75587982E-07	-6.06964420E-07	-2.71020736E-08	 2.47181973E-06	 1.11318283E-05	 3.97509466E-05	 1.13892785E-04	-3.63683462E-04	-1.17631998E-03	-2.79733142E-06	-3.94981853E-06	-5.38408124E-06	-8.07500491E-06	-1.19925805E-05	-1.70093607E-05	-1.41907193E-05	 7.34794645E-05	-1.25883672E-03	 8.21192528E-03
 8.760000E-01	-5.96580881E-07	-7.37650987E-07	-5.76485021E-07	 3.82964488E-08	 2.46282949E-06	 1.06273989E-05	 3.75248509E-05	 1.05975747E-04	-3.36799352E-04	-1.15458089E-03	-2.52009603E-06	-3.52861237E-06	-4.70122025E-06	-6.69751050E-06	-9.03369919E-06	-1.04215258E-05	 2.86410454E-06	 1.31266705E-04	-7.85635265E-04	 5.29104064E-03
 8.770000E-01	-5.48203587E-07	-6.95423123E-07	-5.47343800E-07	 8.37058045E-08	 2.42295299E-06	 1.00818198E-05	 3.52522364E-05	 9.81791510E-05	-3.18268426E-04	-1.10837530E-03	-2.25617956E-06	-3.12924465E-06	-4.06678408E-06	-5.47425796E-06	-6.44818811E-06	-4.67823598E-06	 1.77888539E-05	 1.81354903E-04	-3.84251562E-04	 2.86446925E-03
 8.780000E-01	-5.04322050E-07	-6.49524592E-07	-5.16339234E-07	 1.16375364E-07	 2.36999010E-06	 9.53158064E-06	 3.29978236E-05	 9.05800271E-05	-3.04743417E-04	-1.04519374E-03	-2.01818993E-06	-2.77620301E-06	-3.51563107E-06	-4.44622499E-06	-4.29295787E-06	 2.14042944E-07	 3.06248823E-05	 2.24183981E-04	-5.66036571E-05	 9.22012989E-04
 8.790000E-01	-4.66061388E-07	-6.05412413E-07	-4.88975985E-07	 1.25937083E-07	 2.28494621E-06	 8.98435130E-06	 3.10256044E-05	 8.42419166E-05	-2.95767798E-04	-9.69940441E-04	-1.80906606E-06	-2.47879689E-06	-3.07279806E-06	-3.67312640E-06	-2.73610663E-06	 3.77123456E-06	 4.00994305E-05	 2.59120886E-04	 2.11411126E-04	-5.74414083E-04
 8.800000E-01	-4.33355467E-07	-5.65041988E-07	-4.68027678E-07	 1.09610493E-07	 2.15669868E-06	 8.43851974E-06	 2.95017613E-05	 7.99522488E-05	-2.91035070E-04	-8.87854183E-04	-1.62461314E-06	-2.23311481E-06	-2.73699103E-06	-3.15914511E-06	-1.83608551E-06	 5.64009094E-06	 4.50564519E-05	 2.83761881E-04	 4.30217511E-04	-1.67162778E-03
 8.810000E-01	-4.06668045E-07	-5.26895786E-07	-4.42904535E-07	 9.77175374E-08	 2.04039833E-06	 7.97401477E-06	 2.83503253E-05	 7.70278364E-05	-2.88199746E-04	-8.05651088E-04	-1.46920958E-06	-2.03939039E-06	-2.49739617E-06	-2.85323153E-06	-1.43965687E-06	 6.16101671E-06	 4.63153518E-05	 2.97044277E-04	 5.94289604E-04	-2.41870269E-03
 8.820000E-01	-3.87210170E-07	-4.93270880E-07	-4.12852888E-07	 1.02593978E-07	 1.96842759E-06	 7.64561555E-06	 2.74979363E-05	 7.48555156E-05	-2.83323306E-04	-7.30227433E-04	-1.34392743E-06	-1.89390141E-06	-2.33708886E-06	-2.69414528E-06	-1.36091602E-06	 5.87915722E-06	 4.53085719E-05	 2.99984181E-04	 6.97065739E-04	-2.87296073E-03
 8.830000E-01	-3.74592001E-07	-4.70693559E-07	-3.96275369E-07	 8.24345745E-08	 1.84694185E-06	 7.24439483E-06	 2.65174340E-05	 7.33213119E-05	-2.70486791E-04	-6.66785379E-04	-1.23662865E-06	-1.77110683E-06	-2.20296595E-06	-2.56769936E-06	-1.36146674E-06	 5.32765937E-06	 4.29457861E-05	 2.93498927E-04	 7.40965706E-04	-3.09743108E-03
 8.840000E-01	-3.62487583E-07	-4.52304735E-07	-3.84948790E-07	 4.77101757E-08	 1.68100526E-06	 6.72480189E-06	 2.51876741E-05	 7.13012686E-05	-2.53591488E-04	-6.07958243E-04	-1.14962488E-06	-1.67116247E-06	-2.09208375E-06	-2.45680605E-06	-1.36489731E-06	 4.81542175E-06	 4.02369544E-05	 2.82183438E-04	 7.41951113E-04	-3.16768674E-03
 8.850000E-01	-3.47992994E-07	-4.29977034E-07	-3.59369486E-07	 4.99212166E-08	 1.58688641E-06	 6.30275189E-06	 2.37628881E-05	 6.77644992E-05	-2.40373959E-04	-5.45502459E-04	-1.09117568E-06	-1.60832927E-06	-2.03064002E-06	-2.40123259E-06	-1.39353169E-06	 4.49140627E-06	 3.83456035E-05	 2.71356706E-04	 7.17414363E-04	-3.14939730E-03
 8.860000E-01	-3.35340730E-07	-4.08281617E-07	-3.26355748E-07	 8.11450534E-08	 1.56072089E-06	 6.01263066E-06	 2.23549749E-05	 6.31725565E-05	-2.29568305E-04	-4.82672629E-04	-1.05166542E-06	-1.56862578E-06	-1.99809923E-06	-2.36602456E-06	-1.37481451E-06	 4.48211917E-06	 3.77514262E-05	 2.62008965E-04	 6.77020955E-04	-3.07791238E-03
 8.870000E-01	-3.26266703E-07	-3.93034874E-07	-3.03242815E-07	 1.01497618E-07	 1.52323251E-06	 5.73380697E-06	 2.09870101E-05	 5.86386536E-05	-2.19314206E-04	-4.21710598E-04	-1.01573488E-06	-1.53084272E-06	-1.96460710E-06	-2.31763958E-06	-1.30313370E-06	 4.61088080E-06	 3.77482734E-05	 2.53796883E-04	 6.33069530E-04	-2.97735076E-03
 8.880000E-01	-3.19914239E-07	-3.84293025E-07	-2.93320672E-07	 9.90534423E-08	 1.44915631E-06	 5.42010287E-06	 1.97185575E-05	 5.45044813E-05	-2.12002769E-04	-3.59590268E-04	-9.78250059E-07	-1.48897068E-06	-1.92516141E-06	-2.26399968E-06	-1.23173720E-06	 4.68857949E-06	 3.76907330E-05	 2.47387950E-04	 5.97221646E-04	-2.86807486E-03
 8.890000E-01	-3.18046660E-07	-3.84160216E-07	-2.97644612E-07	 7.85731912E-08	 1.36344297E-06	 5.12588997E-06	 1.86819423E-05	 5.05736149E-05	-2.10745483E-04	-2.94254256E-04	-9.38384143E-07	-1.44255014E-06	-1.88128879E-06	-2.21563081E-06	-1.18951719E-06	 4.69783860E-06	 3.75616902E-05	 2.43849547E-04	 5.74098152E-04	-2.76165702E-03
 8.900000E-01	-3.19463674E-07	-3.92850937E-07	-3.23051081E-07	 1.08693179E-08	 1.17726224E-06	 4.61948495E-06	 1.72408606E-05	 4.61587767E-05	-2.11056325E-04	-2.31085122E-04	-8.93226068E-07	-1.37945147E-06	-1.79536432E-06	-2.07208872E-06	-9.39440454E-07	 5.15453928E-06	 3.82399267E-05	 2.42186264E-04	 5.57514104E-04	-2.65387968E-03
 8.910000E-01	-3.11829354E-07	-3.87279334E-07	-3.26415228E-07	-2.30940684E-08	 1.03667955E-06	 4.14343419E-06	 1.57169872E-05	 4.02441190E-05	-2.22206856E-04	-1.63670586E-04	-8.70035878E-07	-1.35058237E-06	-1.76318293E-06	-2.01098913E-06	-7.86685484E-07	 5.59347261E-06	 3.96171584E-05	 2.46665559E-04	 5.59837706E-04	-2.55994192E-03
 8.920000E-01	-2.96797786E-07	-3.60359637E-07	-2.76528263E-07	 7.39598249E-08	 1.20413681E-06	 4.35155394E-06	 1.57529585E-05	 3.49238517E-05	-2.51474946E-04	-9.68273199E-05	-8.77076921E-07	-1.39047982E-06	-1.88417701E-06	-2.28484621E-06	-1.32066398E-06	 4.70395764E-06	 3.92330423E-05	 2.56572487E-04	 5.91174007E-04	-2.47508653E-03
 8.930000E-01	-2.92564858E-07	-3.43175414E-07	-2.30083724E-07	 1.92280499E-07	 1.47174796E-06	 4.91245044E-06	 1.69477606E-05	 3.39458808E-05	-2.68553487E-04	-6.97999404E-05	-8.65399041E-07	-1.41389742E-06	-2.00200731E-06	-2.60650314E-06	-2.08266139E-06	 2.97478580E-06	 3.59225909E-05	 2.56033882E-04	 6.10914811E-04	-2.32904976E-03
 8.940000E-01	-2.98795043E-07	-3.47693014E-07	-2.30620953E-07	 2.04578896E-07	 1.50784601E-06	 5.02447018E-06	 1.73655850E-05	 3.67825793E-05	-2.47972049E-04	-9.72405438E-05	-8.17691111E-07	-1.36780957E-06	-1.97842088E-06	-2.64341893E-06	-2.34464490E-06	 1.87552890E-06	 3.15685478E-05	 2.37456540E-04	 5.80686874E-04	-2.08963156E-03
 8.950000E-01	-2.97687934E-07	-3.48779738E-07	-2.39566292E-07	 1.71320731E-07	 1.39799961E-06	 4.72359799E-06	 1.66647416E-05	 3.95756988E-05	-2.07386346E-04	-1.42767838E-04	-7.77640096E-07	-1.31816897E-06	-1.91827057E-06	-2.55734134E-06	-2.28640576E-06	 1.51296120E-06	 2.80946038E-05	 2.12852660E-04	 5.19128941E-04	-1.82005762E-03
 8.960000E-01	-2.88918183E-07	-3.38728880E-07	-2.26720414E-07	 1.89024116E-07	 1.40755809E-06	 4.64494638E-06	 1.63254726E-05	 4.11779277E-05	-1.75952351E-04	-1.71133833E-04	-7.65117740E-07	-1.31439758E-06	-1.94363348E-06	-2.63546471E-06	-2.50702259E-06	 8.26146886E-07	 2.48967141E-05	 1.93939311E-04	 4.65258859E-04	-1.59076980E-03
 8.970000E-01	-2.86686203E-07	-3.40948928E-07	-2.35762917E-07	 1.70145512E-07	 1.36230732E-06	 4.50369915E-06	 1.59265744E-05	 4.27325601E-05	-1.46270772E-04	-1.90562633E-04	-7.40681522E-07	-1.28676585E-06	-1.92319195E-06	-2.62785371E-06	-2.57340685E-06	 4.10419375E-07	 2.21728891E-05	 1.75661498E-04	 4.12697025E-04	-1.39426893E-03
 8.980000E-01	-2.86733407E-07	-3.53267185E-07	-2.73641169E-07	 7.80012966E-08	 1.14184822E-06	 3.97800867E-06	 1.46061157E-05	 4.29905745E-05	-1.15604056E-04	-1.99941946E-04	-7.03147143E-07	-1.22339544E-06	-1.81605590E-06	-2.42009843E-06	-2.20144582E-06	 9.03488532E-07	 2.12737518E-05	 1.58922258E-04	 3.58213781E-04	-1.23366284E-03
 8.990000E-01	-2.77226512E-07	-3.52336176E-07	-2.91899293E-07	 1.87762675E-08	 9.77016950E-07	 3.52361471E-06	 1.32523052E-05	 4.04127002E-05	-1.03865983E-04	-1.79898224E-04	-6.88264756E-07	-1.19426114E-06	-1.76584535E-06	-2.30580586E-06	-1.93521019E-06	 1.46728369E-06	 2.19886308E-05	 1.53528320E-04	 3.28579407E-04	-1.14482784E-03
 9.000000E-01	-2.62106863E-07	-3.37039816E-07	-2.74913208E-07	 5.01310896E-08	 1.03761298E-06	 3.58174660E-06	 1.30380192E-05	 3.65552653E-05	-1.16696986E-04	-1.35621062E-04	-6.95701805E-07	-1.21475856E-06	-1.82948990E-06	-2.44625312E-06	-2.17610437E-06	 1.19277554E-06	 2.24984013E-05	 1.59252284E-04	 3.34239037E-04	-1.12005427E-03
 9.010000E-01	-2.52707350E-07	-3.25900355E-07	-2.57344124E-07	 9.97906958E-08	 1.17480754E-06	 3.88856038E-06	 1.35984997E-05	 3.41594595E-05	-1.33027642E-04	-9.77497073E-05	-6.90831809E-07	-1.22520553E-06	-1.89578405E-06	-2.63445918E-06	-2.59314975E-06	 4.20806402E-07	 2.17744998E-05	 1.64144200E-04	 3.49133384E-04	-1.10035965E-03
 9.020000E-01	-2.49208925E-07	-3.25194140E-07	-2.62703304E-07	 9.42016930E-08	 1.18623695E-06	 3.95081250E-06	 1.37487470E-05	 3.36002048E-05	-1.33995642E-04	-8.38034032E-05	-6.61769663E-07	-1.19166155E-06	-1.87572390E-06	-2.65509439E-06	-2.72528020E-06	 3.04761454E-09	 2.05429944E-05	 1.60684720E-04	 3.46393762E-04	-1.04584243E-03
 9.030000E-01	-2.44670619E-07	-3.25099362E-07	-2.74968440E-07	 6.22449380E-08	 1.12229052E-06	 3.83139862E-06	 1.34922526E-05	 3.34952354E-05	-1.25982506E-04	-8.14017861E-05	-6.29947142E-07	-1.14790341E-06	-1.82723247E-06	-2.60809538E-06	-2.71739977E-06	-1.78952820E-07	 1.93586212E-05	 1.53588513E-04	 3.31482451E-04	-9.73560428E-04
 9.040000E-01	-2.37363113E-07	-3.21089973E-07	-2.82655304E-07	 3.32508488E-08	 1.05322481E-06	 3.68285812E-06	 1.31215933E-05	 3.30814119E-05	-1.17516420E-04	-7.91985839E-05	-6.06368227E-07	-1.11448763E-06	-1.79079881E-06	-2.57307493E-06	-2.71075665E-06	-3.18158283E-07	 1.84276564E-05	 1.47103682E-04	 3.15155244E-04	-9.04314891E-04
 9.050000E-01	-2.28762824E-07	-3.13881733E-07	-2.83797995E-07	 1.78427083E-08	 1.01412784E-06	 3.59751063E-06	 1.28666530E-05	 3.23603967E-05	-1.12090139E-04	-7.39289360E-05	-5.90150436E-07	-1.09308089E-06	-1.77519201E-06	-2.57650739E-06	-2.76891740E-06	-5.33205475E-07	 1.76346466E-05	 1.42466551E-04	 3.02653111E-04	-8.45727773E-04
 9.060000E-01	-2.20552129E-07	-3.06152529E-07	-2.82866927E-07	 7.39572662E-09	 9.88836870E-07	 3.54612312E-06	 1.26951333E-05	 3.16253483E-05	-1.08125581E-04	-6.80094678E-05	-5.75502657E-07	-1.07441203E-06	-1.76428435E-06	-2.59043190E-06	-2.84936273E-06	-7.72687056E-07	 1.68688287E-05	 1.38566936E-04	 2.92537926E-04	-7.93968725E-04
 9.070000E-01	-2.13041626E-07	-2.99068831E-07	-2.82618775E-07	-5.01232114E-09	 9.60786385E-07	 3.49304630E-06	 1.25422488E-05	 3.10124098E-05	-1.04116522E-04	-6.31014860E-05	-5.60033311E-07	-1.05412290E-06	-1.74954499E-06	-2.59788433E-06	-2.92230895E-06	-1.00049302E-06	 1.60784239E-05	 1.34601765E-04	 2.82908158E-04	-7.45348828E-04
 9.080000E-01	-2.05915537E-07	-2.92386965E-07	-2.82914703E-07	-2.02101286E-08	 9.23964398E-07	 3.42261805E-06	 1.23645311E-05	 3.04928555E-05	-9.96366253E-05	-5.93350009E-05	-5.44126907E-07	-1.03237442E-06	-1.73030400E-06	-2.59474672E-06	-2.97594910E-06	-1.20247703E-06	 1.52950196E-05	 1.30421026E-04	 2.73021787E-04	-6.98795960E-04
 9.090000E-01	-1.98993683E-07	-2.85689478E-07	-2.82821708E-07	-3.55003932E-08	 8.83488873E-07	 3.34603946E-06	 1.21757268E-05	 2.99928820E-05	-9.51439313E-05	-5.59919925E-05	-5.29153589E-07	-1.01155254E-06	-1.71098605E-06	-2.58822698E-06	-3.02045540E-06	-1.39644851E-06	 1.45463730E-05	 1.26303493E-04	 2.63309924E-04	-6.55124435E-04
 9.100000E-01	-1.92441942E-07	-2.78927244E-07	-2.81928923E-07	-4.90818443E-08	 8.44315234E-07	 3.27220804E-06	 1.19915015E-05	 2.94851155E-05	-9.09501697E-05	-5.26985770E-05	-5.15388794E-07	-9.92437311E-07	-1.69366832E-06	-2.58321805E-06	-3.06460715E-06	-1.59037718E-06	 1.38361221E-05	 1.22408581E-04	 2.54146330E-04	-6.14801215E-04
 9.110000E-01	-1.86497067E-07	-2.72631072E-07	-2.81127662E-07	-6.19153859E-08	 8.07523290E-07	 3.20242405E-06	 1.18177930E-05	 2.89807812E-05	-8.70653614E-05	-4.94695050E-05	-5.02425468E-07	-9.74605182E-07	-1.67805498E-06	-2.58076334E-06	-3.11194573E-06	-1.78134947E-06	 1.31482824E-05	 1.18723454E-04	 2.45570694E-04	-5.77616427E-04
 9.120000E-01	-1.81136374E-07	-2.66992167E-07	-2.80765308E-07	-7.48859865E-08	 7.71939211E-07	 3.13260842E-06	 1.16478019E-05	 2.84911280E-05	-8.33690795E-05	-4.64249904E-05	-4.89734540E-07	-9.57269502E-07	-1.66305085E-06	-2.57972564E-06	-3.16143083E-06	-1.96368408E-06	 1.24741817E-05	 1.15174537E-04	 2.37430746E-04	-5.43094659E-04
 9.130000E-01	-1.76279720E-07	-2.62113854E-07	-2.81071827E-07	-8.84367952E-08	 7.36124183E-07	 3.06110608E-06	 1.14762500E-05	 2.80159407E-05	-7.97915871E-05	-4.36007269E-05	-4.77334189E-07	-9.40327164E-07	-1.64829957E-06	-2.57858939E-06	-3.20963006E-06	-2.13776981E-06	 1.18165065E-05	 1.11719583E-04	 2.29608231E-04	-5.10883617E-04
 9.140000E-01	-1.71899475E-07	-2.57748711E-07	-2.81585425E-07	-1.01732530E-07	 6.99876940E-07	 2.98825840E-06	 1.13001438E-05	 2.75463622E-05	-7.63378163E-05	-4.09494986E-05	-4.65394156E-07	-9.23989899E-07	-1.63411521E-06	-2.57683239E-06	-3.25392550E-06	-2.30694366E-06	 1.11837824E-05	 1.08358727E-04	 2.22068359E-04	-4.80808471E-04
 9.150000E-01	-1.68194689E-07	-2.54065291E-07	-2.82579541E-07	-1.14748993E-07	 6.63687453E-07	 2.91582640E-06	 1.11211960E-05	 2.70780193E-05	-7.30290612E-05	-3.84261317E-05	-4.53971536E-07	-9.08445429E-07	-1.62084363E-06	-2.57492778E-06	-3.29459367E-06	-2.47306501E-06	 1.05773600E-05	 1.05102507E-04	 2.14818773E-04	-4.52755124E-04
 9.160000E-01	-1.65197650E-07	-2.51154203E-07	-2.84280374E-07	-1.27904687E-07	 6.27889246E-07	 2.84314303E-06	 1.09394902E-05	 2.66095161E-05	-6.98733797E-05	-3.60082491E-05	-4.42740355E-07	-8.93374566E-07	-1.60827265E-06	-2.57374690E-06	-3.33424206E-06	-2.63360698E-06	 9.99240941E-06	 1.01955025E-04	 2.07863164E-04	-4.26604221E-04
 9.170000E-01	-1.62823574E-07	-2.49249863E-07	-2.87204352E-07	-1.42149165E-07	 5.92292102E-07	 2.76927114E-06	 1.07553658E-05	 2.61426055E-05	-6.68600686E-05	-3.36987591E-05	-4.31401721E-07	-8.78337001E-07	-1.59590144E-06	-2.57362255E-06	-3.37522366E-06	-2.78651410E-06	 9.42203629E-06	 9.89098501E-05	 2.01190796E-04	-4.02210474E-04
 9.180000E-01	-1.60819807E-07	-2.48136134E-07	-2.91115029E-07	-1.57426757E-07	 5.56424745E-07	 2.69306515E-06	 1.05668321E-05	 2.56749786E-05	-6.39801793E-05	-3.14936051E-05	-4.19940864E-07	-8.63133170E-07	-1.58341067E-06	-2.57392802E-06	-3.41660810E-06	-2.93121290E-06	 8.86688329E-06	 9.59590923E-05	 1.94776220E-04	-3.79431558E-04
 9.190000E-01	-1.59227309E-07	-2.47738868E-07	-2.95849900E-07	-1.73263536E-07	 5.20254388E-07	 2.61575784E-06	 1.03740936E-05	 2.52051481E-05	-6.12268498E-05	-2.93903295E-05	-4.08567322E-07	-8.47965555E-07	-1.57098118E-06	-2.57397962E-06	-3.45608038E-06	-3.07057255E-06	 8.33099294E-06	 9.30971456E-05	 1.88595505E-04	-3.58135589E-04
 9.200000E-01	-1.58121995E-07	-2.47904796E-07	-3.01149355E-07	-1.89197300E-07	 4.83698041E-07	 2.53779216E-06	 1.01763168E-05	 2.47304538E-05	-5.85975730E-05	-2.73795584E-05	-3.97355580E-07	-8.33010453E-07	-1.55874221E-06	-2.57322086E-06	-3.49145784E-06	-3.20525578E-06	 7.81858869E-06	 9.03207795E-05	 1.82626803E-04	-3.38212413E-04
 9.210000E-01	-1.57605527E-07	-2.48799946E-07	-3.07284155E-07	-2.05619376E-07	 4.46823564E-07	 2.45943549E-06	 9.97479433E-06	 2.42519893E-05	-5.60909404E-05	-2.54580023E-05	-3.86047088E-07	-8.18071878E-07	-1.54653512E-06	-2.57206678E-06	-3.52427711E-06	-3.33549243E-06	 7.32677982E-06	 8.76307761E-05	 1.76868557E-04	-3.19573031E-04
 9.220000E-01	-1.57402591E-07	-2.50320049E-07	-3.14332025E-07	-2.23170436E-07	 4.09023037E-07	 2.37854783E-06	 9.76824389E-06	 2.37695970E-05	-5.37030146E-05	-2.36212665E-05	-3.74363751E-07	-8.02655807E-07	-1.53363620E-06	-2.57028548E-06	-3.55578901E-06	-3.45834362E-06	 6.85112380E-06	 8.50233989E-05	 1.71315218E-04	-3.02132137E-04
 9.230000E-01	-1.57327817E-07	-2.52375673E-07	-3.22261880E-07	-2.41979699E-07	 3.70276578E-07	 2.29469349E-06	 9.55719764E-06	 2.32839930E-05	-5.14307304E-05	-2.18696077E-05	-3.62263439E-07	-7.86494885E-07	-1.51970908E-06	-2.56787018E-06	-3.58705001E-06	-3.57380904E-06	 6.38883013E-06	 8.24974539E-05	 1.65964806E-04	-2.85808978E-04
 9.240000E-01	-1.57273188E-07	-2.54676997E-07	-3.30686901E-07	-2.61528605E-07	 3.30504165E-07	 2.20796654E-06	 9.34097550E-06	 2.27933894E-05	-4.92712708E-05	-2.01991420E-05	-3.49988695E-07	-7.69754624E-07	-1.50473307E-06	-2.56391672E-06	-3.61560699E-06	-3.68191528E-06	 5.94261754E-06	 8.00487868E-05	 1.60800521E-04	-2.70521195E-04
 9.250000E-01	-1.57444445E-07	-2.57221319E-07	-3.39407091E-07	-2.81188240E-07	 2.90283236E-07	 2.12037655E-06	 9.12120977E-06	 2.22979725E-05	-4.72213543E-05	-1.86127180E-05	-3.37634274E-07	-7.52763805E-07	-1.48917310E-06	-2.55844767E-06	-3.64028101E-06	-3.78489517E-06	 5.51595385E-06	 7.76778022E-05	 1.55810700E-04	-2.56194202E-04
 9.260000E-01	-1.57778339E-07	-2.59914113E-07	-3.48312966E-07	-3.00969155E-07	 2.49378613E-07	 2.03175795E-06	 8.89754706E-06	 2.17971462E-05	-4.52770804E-05	-1.71090756E-05	-3.25079138E-07	-7.35484280E-07	-1.47285166E-06	-2.55094381E-06	-3.66010310E-06	-3.88198400E-06	 5.10975461E-06	 7.53822041E-05	 1.50984329E-04	-2.42761405E-04
 9.270000E-01	-1.58094810E-07	-2.62703228E-07	-3.57395412E-07	-3.21091737E-07	 2.07823934E-07	 1.94165232E-06	 8.67069017E-06	 2.12926234E-05	-4.34352882E-05	-1.56906027E-05	-3.12095744E-07	-7.17560056E-07	-1.45540346E-06	-2.54166765E-06	-3.67687765E-06	-3.97274514E-06	 4.72115147E-06	 7.31621516E-05	 1.46325129E-04	-2.30166400E-04
 9.280000E-01	-1.58040284E-07	-2.65272915E-07	-3.66458023E-07	-3.41725563E-07	 1.65179825E-07	 1.84835127E-06	 8.43956164E-06	 2.07849702E-05	-4.16915077E-05	-1.43552228E-05	-2.98716179E-07	-6.98641187E-07	-1.43612380E-06	-2.52985967E-06	-3.69041769E-06	-4.05511682E-06	 4.34725396E-06	 7.10124315E-05	 1.41829366E-04	-2.18350525E-04
 9.290000E-01	-1.57648805E-07	-2.67478757E-07	-3.75211597E-07	-3.62281838E-07	 1.22299944E-07	 1.75307318E-06	 8.20567729E-06	 2.02745112E-05	-4.00432580E-05	-1.31046287E-05	-2.85141848E-07	-6.78920348E-07	-1.41529351E-06	-2.51591067E-06	-3.70102162E-06	-4.12974850E-06	 3.98913661E-06	 6.89349418E-05	 1.37492427E-04	-2.07260242E-04
 9.300000E-01	-1.57014549E-07	-2.69233329E-07	-3.83451129E-07	-3.82363083E-07	 7.95959558E-08	 1.65694230E-06	 7.97032029E-06	 1.97612673E-05	-3.84863607E-05	-1.19386790E-05	-2.71495424E-07	-6.58704550E-07	-1.39316196E-06	-2.49959475E-06	-3.70741499E-06	-4.19703224E-06	 3.64843273E-06	 6.69295508E-05	 1.33301420E-04	-1.96842428E-04
 9.310000E-01	-1.56217624E-07	-2.70593937E-07	-3.91038553E-07	-4.01550500E-07	 3.78325045E-08	 1.56174019E-06	 7.73580037E-06	 1.92467270E-05	-3.70193071E-05	-1.08581776E-05	-2.57708641E-07	-6.38228510E-07	-1.37017827E-06	-2.48142993E-06	-3.71001295E-06	-4.25821518E-06	 3.32589618E-06	 6.49986819E-05	 1.29255442E-04	-1.87055226E-04
 9.320000E-01	-1.54966932E-07	-2.71400968E-07	-3.97880010E-07	-4.19980897E-07	-3.64102527E-09	 1.46675294E-06	 7.50167348E-06	 1.87342608E-05	-3.56363183E-05	-9.86210998E-06	-2.43753455E-07	-6.17287963E-07	-1.34587769E-06	-2.46046713E-06	-3.70772238E-06	-4.31274832E-06	 3.01946112E-06	 6.31340194E-05	 1.25355183E-04	-1.77853710E-04
 9.330000E-01	-1.53075845E-07	-2.71424113E-07	-4.03672623E-07	-4.37222198E-07	-4.46146352E-08	 1.37211128E-06	 7.26716920E-06	 1.82254869E-05	-3.43329099E-05	-8.94847990E-06	-2.29850066E-07	-5.95901226E-07	-1.32022349E-06	-2.43649770E-06	-3.70015022E-06	-4.35996782E-06	 2.72965562E-06	 6.13297119E-05	 1.21602379E-04	-1.69196211E-04
 9.340000E-01	-1.50529756E-07	-2.70516237E-07	-4.08329127E-07	-4.53260675E-07	-8.51338713E-08	 1.27769157E-06	 7.03293392E-06	 1.77225066E-05	-3.31027328E-05	-8.11493789E-06	-2.16157994E-07	-5.74071118E-07	-1.29306435E-06	-2.40933122E-06	-3.68714006E-06	-4.39996845E-06	 2.45529420E-06	 5.95825870E-05	 1.17990805E-04	-1.61040022E-04
 9.350000E-01	-1.47502169E-07	-2.68679834E-07	-4.11694718E-07	-4.67738393E-07	-1.23986881E-07	 1.18474224E-06	 6.80152202E-06	 1.72236803E-05	-3.19443770E-05	-7.35581514E-06	-2.02663585E-07	-5.52023705E-07	-1.26491658E-06	-2.38025157E-06	-3.67081718E-06	-4.43374876E-06	 2.19654475E-06	 5.79011191E-05	 1.14512122E-04	-1.53352542E-04
 9.360000E-01	-1.44052910E-07	-2.66023260E-07	-4.13927668E-07	-4.80973349E-07	-1.61027502E-07	 1.09378876E-06	 6.57620493E-06	 1.67311339E-05	-3.08532363E-05	-6.67033555E-06	-1.89181881E-07	-5.29687746E-07	-1.23584231E-06	-2.34987913E-06	-3.65297613E-06	-4.46333844E-06	 1.95066669E-06	 5.62898647E-05	 1.11160807E-04	-1.46100695E-04
 9.370000E-01	-1.40181939E-07	-2.62506941E-07	-4.14792144E-07	-4.92454887E-07	-1.95487729E-07	 1.00578523E-06	 6.35715583E-06	 1.62439978E-05	-2.98277870E-05	-6.05372195E-06	-1.75809243E-07	-5.07283759E-07	-1.20618366E-06	-2.31855642E-06	-3.63382511E-06	-4.48875373E-06	 1.71836466E-06	 5.47481165E-05	 1.07935250E-04	-1.39255364E-04
 9.380000E-01	-1.35939332E-07	-2.58287114E-07	-4.14482692E-07	-5.02306281E-07	-2.27604846E-07	 9.21532618E-07	 6.14548341E-06	 1.57679073E-05	-2.88605375E-05	-5.51096587E-06	-1.62636570E-07	-4.84891903E-07	-1.17594788E-06	-2.28597229E-06	-3.61267906E-06	-4.51070001E-06	 1.49784354E-06	 5.32667093E-05	 1.04837233E-04	-1.32781463E-04
 9.390000E-01	-1.31234721E-07	-2.53261308E-07	-4.12735957E-07	-5.09978215E-07	-2.56977830E-07	 8.41294920E-07	 5.93937129E-06	 1.53018502E-05	-2.79470739E-05	-5.03560091E-06	-1.49874375E-07	-4.62772568E-07	-1.14537832E-06	-2.25191682E-06	-3.58834615E-06	-4.52768336E-06	 1.29030362E-06	 5.18386692E-05	 1.01861317E-04	-1.26649601E-04
 9.400000E-01	-1.26059753E-07	-2.47542103E-07	-4.09846216E-07	-5.15891831E-07	-2.83953794E-07	 7.65370669E-07	 5.74139091E-06	 1.48508877E-05	-2.70808240E-05	-4.62811833E-06	-1.37532125E-07	-4.40876554E-07	-1.11452617E-06	-2.21668899E-06	-3.56169271E-06	-4.54094494E-06	 1.09336049E-06	 5.04620974E-05	 9.90066405E-05	-1.20835766E-04
 9.410000E-01	-1.20329809E-07	-2.40841404E-07	-4.05401741E-07	-5.19527411E-07	-3.07910185E-07	 6.93015596E-07	 5.54974010E-06	 1.44106309E-05	-2.62605161E-05	-4.27274077E-06	-1.25777418E-07	-4.19355594E-07	-1.08352710E-06	-2.18046798E-06	-3.53273323E-06	-4.54872542E-06	 9.07863589E-07	 4.91374508E-05	 9.62641679E-05	-1.15322457E-04
 9.420000E-01	-1.14349026E-07	-2.33494392E-07	-3.99877384E-07	-5.21399938E-07	-3.28702966E-07	 6.25594686E-07	 5.36857449E-06	 1.39865414E-05	-2.54812121E-05	-3.97271113E-06	-1.14541502E-07	-3.98258353E-07	-1.05265435E-06	-2.14425362E-06	-3.50354912E-06	-4.55366847E-06	 7.31506672E-07	 4.78660697E-05	 9.36347166E-05	-1.10088678E-04
 9.430000E-01	-1.08108054E-07	-2.25385430E-07	-3.92951522E-07	-5.21067957E-07	-3.46263674E-07	 5.62737657E-07	 5.19472486E-06	 1.35741513E-05	-2.47404356E-05	-3.71509043E-06	-1.03900835E-07	-3.77771068E-07	-1.02203262E-06	-2.10773777E-06	-3.47307082E-06	-4.55585961E-06	 5.65265254E-07	 4.66430375E-05	 9.11079021E-05	-1.05109569E-04
 9.440000E-01	-1.01845355E-07	-2.17035848E-07	-3.85324348E-07	-5.19277773E-07	-3.61164579E-07	 5.06475935E-07	 5.03289153E-06	 1.31812213E-05	-2.40329467E-05	-3.50807004E-06	-9.37474919E-08	-3.57917827E-07	-9.92035170E-07	-2.07166262E-06	-3.44282772E-06	-4.55986752E-06	 4.06535390E-07	 4.54667531E-05	 8.86874788E-05	-1.00363461E-04
 9.450000E-01	-9.52830127E-08	-2.08054546E-07	-3.76468024E-07	-5.15544101E-07	-3.73643648E-07	 4.54517654E-07	 4.87816207E-06	 1.28020941E-05	-2.33558632E-05	-3.33361872E-06	-8.42315106E-08	-3.38703501E-07	-9.62383912E-07	-2.03511292E-06	-3.41105738E-06	-4.56310106E-06	 2.54939106E-07	 4.43304527E-05	 8.63613348E-05	-9.58335002E-05
 9.460000E-01	-8.87820534E-08	-1.98962798E-07	-3.67124656E-07	-5.10511290E-07	-3.83011177E-07	 4.08902913E-07	 4.73701097E-06	 1.24444120E-05	-2.27070650E-05	-3.19927223E-06	-7.52978238E-08	-3.20196845E-07	-9.33549349E-07	-1.99977045E-06	-3.38106079E-06	-4.56708948E-06	 1.07478713E-07	 4.32387156E-05	 8.41371034E-05	-9.15141470E-05
 9.470000E-01	-8.21470176E-08	-1.89336638E-07	-3.56708424E-07	-5.03641423E-07	-3.89134097E-07	 3.66936298E-07	 4.60339443E-06	 1.21001072E-05	-2.20830074E-05	-3.08691835E-06	-6.70247835E-08	-3.02407740E-07	-9.05202956E-07	-1.96493837E-06	-3.35148485E-06	-4.56826105E-06	-3.50693953E-08	 4.21863240E-05	 8.19998048E-05	-8.73896909E-05
 9.480000E-01	-7.58771876E-08	-1.79980639E-07	-3.46212038E-07	-4.95754028E-07	-3.91819761E-07	 3.32320618E-07	 4.48426566E-06	 1.17772221E-05	-2.14795560E-05	-3.01201825E-06	-5.92684230E-08	-2.85533257E-07	-8.78220830E-07	-1.93245166E-06	-3.32537852E-06	-4.57161570E-06	-1.72801737E-07	 4.11775549E-05	 7.99551743E-05	-8.34462250E-05
 9.490000E-01	-6.95140330E-08	-1.70327985E-07	-3.34975087E-07	-4.86578766E-07	-3.92818020E-07	 3.01146987E-07	 4.37134064E-06	 1.14679933E-05	-2.08924395E-05	-2.95241761E-06	-5.20770976E-08	-2.69364417E-07	-8.51876430E-07	-1.90018324E-06	-3.29909985E-06	-4.57636020E-06	-3.06424085E-07	 4.02005671E-05	 7.79870535E-05	-7.96628988E-05
 9.500000E-01	-6.35609959E-08	-1.61179381E-07	-3.24029544E-07	-4.76928784E-07	-3.91832571E-07	 2.76967378E-07	 4.27287411E-06	 1.11825438E-05	-2.03228399E-05	-2.91880857E-06	-4.54145410E-08	-2.54069148E-07	-8.26955348E-07	-1.86985619E-06	-3.27556359E-06	-4.58681092E-06	-4.38919420E-07	 3.92591223E-05	 7.61073304E-05	-7.60381497E-05
 9.510000E-01	-5.75390515E-08	-1.51785419E-07	-3.12603477E-07	-4.66518039E-07	-3.89933932E-07	 2.54301133E-07	 4.18002673E-06	 1.09122708E-05	-1.97687560E-05	-2.88425839E-06	-3.93095578E-08	-2.39277395E-07	-8.02291875E-07	-1.83946339E-06	-3.25190594E-06	-4.59844833E-06	-5.73352426E-07	 3.83421179E-05	 7.43004022E-05	-7.25617370E-05
 9.520000E-01	-5.22088391E-08	-1.43161171E-07	-3.01825684E-07	-4.55894109E-07	-3.85137241E-07	 2.38335841E-07	 4.10212098E-06	 1.06647695E-05	-1.92305184E-05	-2.86905473E-06	-3.36793633E-08	-2.25401851E-07	-7.79189238E-07	-1.81214052E-06	-3.23309093E-06	-4.61360309E-06	-7.08254462E-07	 3.74602764E-05	 7.25748672E-05	-6.92332704E-05
 9.530000E-01	-4.69155237E-08	-1.34488262E-07	-2.90875516E-07	-4.44933069E-07	-3.79431146E-07	 2.23442977E-07	 4.02810547E-06	 1.04286482E-05	-1.86981824E-05	-2.85563963E-06	-2.84247911E-08	-2.11995149E-07	-7.56476760E-07	-1.78555327E-06	-3.21573760E-06	-4.62947076E-06	-8.42408552E-07	 3.66024835E-05	 7.09062936E-05	-6.60282457E-05
 9.540000E-01	-4.23490304E-08	-1.26778758E-07	-2.80793418E-07	-4.34048097E-07	-3.71693984E-07	 2.15401071E-07	 3.96718729E-06	 1.02119294E-05	-1.81736995E-05	-2.86330174E-06	-2.35819476E-08	-1.99569948E-07	-7.35642771E-07	-1.76213801E-06	-3.20314637E-06	-4.65119689E-06	-9.73910402E-07	 3.57778508E-05	 6.93057777E-05	-6.29462080E-05
 9.550000E-01	-3.76657916E-08	-1.18991916E-07	-2.70728855E-07	-4.23504011E-07	-3.65329536E-07	 2.06546984E-07	 3.90836871E-06	 1.00073895E-05	-1.76534327E-05	-2.86152471E-06	-1.90642734E-08	-1.87335672E-07	-7.14755561E-07	-1.73816203E-06	-3.19019838E-06	-4.67682029E-06	-1.10884873E-06	 3.49686947E-05	 6.77579430E-05	-5.99746394E-05
 9.560000E-01	-3.38036640E-08	-1.12223537E-07	-2.61683710E-07	-4.13352939E-07	-3.57700723E-07	 2.02879673E-07	 3.86186042E-06	 9.82355009E-06	-1.71451940E-05	-2.86418254E-06	-1.49828097E-08	-1.75950667E-07	-6.95385411E-07	-1.71668662E-06	-3.18103872E-06	-4.70832780E-06	-1.24720256E-06	 3.41847389E-05	 6.62771428E-05	-5.71275200E-05
 9.570000E-01	-2.99435641E-08	-1.05532792E-07	-2.53034572E-07	-4.04157523E-07	-3.51499749E-07	 1.97070125E-07	 3.81721498E-06	 9.65201566E-06	-1.66427210E-05	-2.84779993E-06	-1.10048861E-08	-1.64457782E-07	-6.75523569E-07	-1.69493914E-06	-3.17280632E-06	-4.74262140E-06	-1.39326383E-06	 3.34128299E-05	 6.48452112E-05	-5.43927921E-05
 9.580000E-01	-2.70113074E-08	-1.00028327E-07	-2.45592896E-07	-3.95571015E-07	-3.43793931E-07	 1.95715611E-07	 3.78337415E-06	 9.49819765E-06	-1.61518323E-05	-2.83168041E-06	-7.28318376E-09	-1.53704887E-07	-6.57046862E-07	-1.67597270E-06	-3.16911042E-06	-4.78139126E-06	-1.54298090E-06	 3.26644631E-05	 6.34723501E-05	-5.17783662E-05
 9.590000E-01	-2.39154634E-08	-9.46041800E-08	-2.38758844E-07	-3.88580056E-07	-3.39104776E-07	 1.90779932E-07	 3.74987418E-06	 9.35582594E-06	-1.56659215E-05	-2.79571570E-06	-3.50189065E-09	-1.42543489E-07	-6.37637812E-07	-1.65580002E-06	-3.16516335E-06	-4.82401166E-06	-1.70128044E-06	 3.19244290E-05	 6.21437633E-05	-4.92653763E-05
 9.600000E-01	-2.16099641E-08	-9.01334754E-08	-2.32798169E-07	-3.81953132E-07	-3.34003665E-07	 1.88893151E-07	 3.72332061E-06	 9.22615371E-06	-1.51896120E-05	-2.76073054E-06	-1.39478036E-10	-1.32202491E-07	-6.19562859E-07	-1.63728528E-06	-3.16325749E-06	-4.87092909E-06	-1.86026692E-06	 3.12050320E-05	 6.08645534E-05	-4.68551340E-05
 9.610000E-01	-1.91585881E-08	-8.57160844E-08	-2.27477489E-07	-3.76954791E-07	-3.31950623E-07	 1.83705213E-07	 3.69551959E-06	 9.10298580E-06	-1.47127530E-05	-2.71678683E-06	 3.26451997E-09	-1.21486271E-07	-6.00750676E-07	-1.61800197E-06	-3.16166382E-06	-4.92160146E-06	-2.02243711E-06	 3.04970379E-05	 5.96177566E-05	-4.45272907E-05
 9.620000E-01	-1.75802378E-08	-8.22358707E-08	-2.22909659E-07	-3.72061655E-07	-3.28602956E-07	 1.81111726E-07	 3.67203408E-06	 8.98661946E-06	-1.42434441E-05	-2.67465548E-06	 6.31774455E-09	-1.11578453E-07	-5.83239732E-07	-1.60087514E-06	-3.16306244E-06	-4.97438257E-06	-2.18288506E-06	 2.98104377E-05	 5.84095526E-05	-4.22932226E-05
 9.630000E-01	-1.58850496E-08	-7.90369162E-08	-2.19465725E-07	-3.69544574E-07	-3.28534482E-07	 1.74864862E-07	 3.64904461E-06	 8.87925016E-06	-1.37795874E-05	-2.61873449E-06	 9.71219945E-09	-1.00889294E-07	-5.64454925E-07	-1.58295817E-06	-3.16571083E-06	-5.03116681E-06	-2.35147935E-06	 2.91331543E-05	 5.72379182E-05	-4.01481722E-05
 9.640000E-01	-1.48252316E-08	-7.65114091E-08	-2.16507038E-07	-3.67207448E-07	-3.28519582E-07	 1.68350434E-07	 3.62747980E-06	 8.77838897E-06	-1.33281980E-05	-2.55061871E-06	 1.27922707E-08	-9.07292752E-08	-5.46178693E-07	-1.56532053E-06	-3.16846376E-06	-5.08919946E-06	-2.52360363E-06	 2.84682060E-05	 5.61040502E-05	-3.80996063E-05
 9.650000E-01	-1.36310956E-08	-7.42577785E-08	-2.14716990E-07	-3.67371723E-07	-3.32563412E-07	 1.58371020E-07	 3.60692206E-06	 8.68688871E-06	-1.28839682E-05	-2.47084094E-06	 1.61690283E-08	-7.97995689E-08	-5.26642545E-07	-1.54631935E-06	-3.17121066E-06	-5.15236039E-06	-2.70350874E-06	 2.78115337E-05	 5.50052036E-05	-3.61366664E-05
 9.660000E-01	-1.29040922E-08	-7.22913121E-08	-2.12860707E-07	-3.67208051E-07	-3.37047686E-07	 1.46326227E-07	 3.58298578E-06	 8.59567823E-06	-1.24485949E-05	-2.37809599E-06	 1.91524902E-08	-6.94190720E-08	-5.07396184E-07	-1.52665613E-06	-3.17209758E-06	-5.21490883E-06	-2.88399967E-06	 2.71642966E-05	 5.39318391E-05	-3.42577077E-05
 9.670000E-01	-1.22718730E-08	-7.08978889E-08	-2.12512456E-07	-3.69667602E-07	-3.44530379E-07	 1.32617992E-07	 3.56220671E-06	 8.51322322E-06	-1.20229899E-05	-2.28267882E-06	 2.25484044E-08	-5.82884933E-08	-4.87144310E-07	-1.50666746E-06	-3.17473323E-06	-5.28213432E-06	-3.06992519E-06	 2.65304035E-05	 5.28935949E-05	-3.24628380E-05
 9.680000E-01	-1.17863416E-08	-6.94535529E-08	-2.11805557E-07	-3.71787957E-07	-3.52772563E-07	 1.14427319E-07	 3.53413800E-06	 8.42684180E-06	-1.16067673E-05	-2.17011002E-06	 2.57029187E-08	-4.73135501E-08	-4.66389053E-07	-1.48512070E-06	-3.17467977E-06	-5.34643770E-06	-3.25719165E-06	 2.59027983E-05	 5.18758258E-05	-3.07460240E-05
 9.690000E-01	-1.15790729E-08	-6.88387001E-08	-2.12811637E-07	-3.76433253E-07	-3.63165950E-07	 9.67634142E-08	 3.51205345E-06	 8.34983943E-06	-1.12039028E-05	-2.06399300E-06	 2.92283880E-08	-3.57604071E-08	-4.45057775E-07	-1.46396529E-06	-3.17725254E-06	-5.41576650E-06	-3.44772558E-06	 2.52932658E-05	 5.08960394E-05	-2.91117553E-05
 9.700000E-01	-1.10199991E-08	-6.75093163E-08	-2.12789175E-07	-3.80493498E-07	-3.75751559E-07	 7.16315816E-08	 3.47756851E-06	 8.26441123E-06	-1.08079441E-05	-1.93545118E-06	 3.24709207E-08	-2.41282524E-08	-4.22484879E-07	-1.43934641E-06	-3.17408378E-06	-5.48110483E-06	-3.63971530E-06	 2.46846042E-05	 4.99287113E-05	-2.75431225E-05
 9.710000E-01	-1.11661861E-08	-6.73748126E-08	-2.14575110E-07	-3.86545864E-07	-3.89088380E-07	 5.00860266E-08	 3.45260525E-06	 8.18962572E-06	-1.04295619E-05	-1.82259073E-06	 3.59314699E-08	-1.24368203E-08	-4.00253004E-07	-1.41608602E-06	-3.17403479E-06	-5.55174854E-06	-3.83225530E-06	 2.40994462E-05	 4.90032915E-05	-2.60575847E-05
 9.720000E-01	-1.03983611E-08	-6.59300514E-08	-2.14967897E-07	-3.92292201E-07	-4.05938710E-07	 1.76550037E-08	 3.41064663E-06	 8.10335802E-06	-1.00559758E-05	-1.68068124E-06	 3.93184024E-08	-6.26045024E-11	-3.75594739E-07	-1.38776906E-06	-3.16663312E-06	-5.61701691E-06	-4.02856437E-06	 2.35095420E-05	 4.80855535E-05	-2.46301488E-05
 9.730000E-01	-1.08800735E-08	-6.62588328E-08	-2.17473959E-07	-3.99518717E-07	-4.21234710E-07	-7.59402801E-09	 3.38287355E-06	 8.02966977E-06	-9.70621467E-06	-1.56405005E-06	 4.28403582E-08	 1.19360749E-08	-3.52199994E-07	-1.36247516E-06	-3.16434772E-06	-5.68725688E-06	-4.22341646E-06	 2.29500158E-05	 4.72172569E-05	-2.32912068E-05
 9.740000E-01	-9.64913156E-09	-6.44617125E-08	-2.18159827E-07	-4.06981241E-07	-4.42102424E-07	-4.76739643E-08	 3.33327735E-06	 7.94142610E-06	-9.35843312E-06	-1.41086958E-06	 4.64705434E-08	 2.53854128E-08	-3.24858533E-07	-1.32999996E-06	-3.15261239E-06	-5.75127395E-06	-4.42475491E-06	 2.23786117E-05	 4.63501326E-05	-2.19984105E-05
 9.750000E-01	-1.03641256E-08	-6.50030967E-08	-2.20870052E-07	-4.14597477E-07	-4.58710391E-07	-7.61548572E-08	 3.30196479E-06	 7.86632804E-06	-9.03925963E-06	-1.29452480E-06	 4.98797732E-08	 3.74779875E-08	-3.00424705E-07	-1.30218224E-06	-3.14656971E-06	-5.81960658E-06	-4.61982472E-06	 2.18442582E-05	 4.55350018E-05	-2.07931087E-05
 9.760000E-01	-8.48349795E-09	-6.25320656E-08	-2.21342663E-07	-4.23135517E-07	-4.83298550E-07	-1.23045482E-07	 3.24415429E-06	 7.77342708E-06	-8.71671168E-06	-1.13630176E-06	 5.35970185E-08	 5.17960248E-08	-2.70552225E-07	-1.26505279E-06	-3.12902897E-06	-5.88159737E-06	-4.82291770E-06	 2.12912221E-05	 4.47114475E-05	-1.96176023E-05
 9.770000E-01	-9.43591591E-09	-6.31696116E-08	-2.23860225E-07	-4.30298524E-07	-5.00146322E-07	-1.53588772E-07	 3.20904435E-06	 7.69445408E-06	-8.42768635E-06	-1.02630643E-06	 5.67806332E-08	 6.37435498E-08	-2.45372703E-07	-1.23470934E-06	-3.11846659E-06	-5.94648968E-06	-5.01495379E-06	 2.07826299E-05	 4.39437407E-05	-1.85327720E-05
 9.780000E-01	-6.79083613E-09	-5.98958838E-08	-2.24036214E-07	-4.39757259E-07	-5.27848254E-07	-2.06683086E-07	 3.14399521E-06	 7.59668682E-06	-8.13136692E-06	-8.66894171E-07	 6.06358114E-08	 7.91082310E-08	-2.12631957E-07	-1.19278287E-06	-3.09521617E-06	-6.00536693E-06	-5.21919449E-06	 2.02483005E-05	 4.31627813E-05	-1.74674083E-05
 9.790000E-01	-7.91278966E-09	-6.04721629E-08	-2.26056477E-07	-4.45957659E-07	-5.44123349E-07	-2.39187072E-07	 3.10518304E-06	 7.51341438E-06	-7.87369117E-06	-7.64714057E-07	 6.35363735E-08	 9.09364847E-08	-1.86476368E-07	-1.15957089E-06	-3.07950668E-06	-6.06488654E-06	-5.40777162E-06	 1.97645618E-05	 4.24413643E-05	-1.64964677E-05
 9.800000E-01	-4.42277729E-09	-5.62581804E-08	-2.25632706E-07	-4.55858593E-07	-5.74220510E-07	-2.97514463E-07	 3.03391914E-06	 7.41058763E-06	-7.60394727E-06	-6.08455117E-07	 6.74255025E-08	 1.07245310E-07	-1.50932782E-07	-1.11276508E-06	-3.05019955E-06	-6.11986515E-06	-5.61133500E-06	 1.92498233E-05	 4.17004154E-05	-1.55300394E-05
 9.810000E-01	-5.68316713E-09	-5.66127827E-08	-2.26665524E-07	-4.60232795E-07	-5.88930211E-07	-3.30767586E-07	 2.99149999E-06	 7.32126926E-06	-7.37605672E-06	-5.18706028E-07	 6.98067361E-08	 1.18669968E-07	-1.24128435E-07	-1.07671669E-06	-3.02879931E-06	-6.17319195E-06	-5.79328648E-06	 1.87920084E-05	 4.10193071E-05	-1.46573880E-05
 9.820000E-01	-1.45016194E-09	-5.15512035E-08	-2.25499230E-07	-4.69976607E-07	-6.20376788E-07	-3.92544510E-07	 2.91577637E-06	 7.21368949E-06	-7.13116316E-06	-3.72207982E-07	 7.36127513E-08	 1.35706859E-07	-8.61681976E-08	-1.02545416E-06	-2.99360715E-06	-6.22385638E-06	-5.99336330E-06	 1.82991391E-05	 4.03147301E-05	-1.37779035E-05
 9.830000E-01	-2.76039139E-09	-5.14485492E-08	-2.25223960E-07	-4.72105296E-07	-6.33168028E-07	-4.26616422E-07	 2.86951882E-06	 7.11806331E-06	-6.93063836E-06	-2.95498685E-07	 7.52972743E-08	 1.46693530E-07	-5.84939104E-08	-9.86217073E-07	-2.96588418E-06	-6.26965420E-06	-6.16763128E-06	 1.78666418E-05	 3.96711267E-05	-1.29951355E-05
 9.840000E-01	 2.13067401E-09	-4.56596543E-08	-2.23163510E-07	-4.80955013E-07	-6.64593545E-07	-4.90110762E-07	 2.79189986E-06	 7.00680521E-06	-6.71421736E-06	-1.60782348E-07	 7.90169583E-08	 1.64241106E-07	-1.85328948E-08	-9.31219538E-07	-2.92565983E-06	-6.31627184E-06	-6.36379025E-06	 1.74001711E-05	 3.90102408E-05	-1.22012751E-05
 9.850000E-01	 9.49265248E-10	-4.48103579E-08	-2.21223745E-07	-4.80433226E-07	-6.74710472E-07	-5.23460810E-07	 2.74412164E-06	 6.90518797E-06	-6.54583558E-06	-9.62306245E-08	 7.99405466E-08	 1.74892754E-07	 1.03115838E-08	-8.88917738E-07	-2.89297280E-06	-6.35704023E-06	-6.53275216E-06	 1.69952328E-05	 3.84130346E-05	-1.15003418E-05
 9.860000E-01	 6.22606298E-09	-3.87434125E-08	-2.18488009E-07	-4.87798396E-07	-7.04653394E-07	-5.86046539E-07	 2.66878317E-06	 6.79601100E-06	-6.35643053E-06	 1.77609649E-08	 8.36376457E-08	 1.92908721E-07	 5.19292488E-08	-8.30686460E-07	-2.84819496E-06	-6.40015450E-06	-6.72653540E-06	 1.65511524E-05	 3.77973640E-05	-1.07772485E-05
 9.870000E-01	 5.39170620E-09	-3.66944626E-08	-2.14617586E-07	-4.85204548E-07	-7.14171308E-07	-6.22768216E-07	 2.61277935E-06	 6.69274197E-06	-6.19130143E-06	 6.28037421E-08	 8.35310647E-08	 2.03213899E-07	 8.28581545E-08	-7.82948077E-07	-2.80562161E-06	-6.42740766E-06	-6.88504652E-06	 1.61497396E-05	 3.72109573E-05	-1.01235949E-05
 9.880000E-01	 1.10494216E-08	-3.01412463E-08	-2.10516054E-07	-4.89516368E-07	-7.41434603E-07	-6.86223499E-07	 2.53049087E-06	 6.58107366E-06	-6.00332996E-06	 1.49432263E-07	 8.64202014E-08	 2.20254175E-07	 1.24069048E-07	-7.22744976E-07	-2.75307307E-06	-6.45558074E-06	-7.05832029E-06	 1.57235749E-05	 3.66085140E-05	-9.45581833E-06
 9.890000E-01	 1.09236825E-08	-2.61883966E-08	-2.03572360E-07	-4.83449356E-07	-7.47374394E-07	-7.20120708E-07	 2.47028261E-06	 6.46006998E-06	-5.87574791E-06	 1.97208680E-07	 8.55502462E-08	 2.29806876E-07	 1.55487767E-07	-6.73817571E-07	-2.70979174E-06	-6.48202177E-06	-7.20541013E-06	 1.53698455E-05	 3.60827670E-05	-8.87962504E-06
 9.900000E-01	 1.56437988E-08	-2.04972157E-08	-1.99290136E-07	-4.83950122E-07	-7.64524125E-07	-7.64100312E-07	 2.41946730E-06	 6.34982618E-06	-5.79128773E-06	 2.75288910E-07	 8.93104996E-08	 2.47605047E-07	 1.96184107E-07	-6.17326246E-07	-2.66764163E-06	-6.53483769E-06	-7.39864083E-06	 1.50284478E-05	 3.56381640E-05	-8.33002655E-06
 9.910000E-01	 1.55495646E-08	-1.63326039E-08	-1.92884710E-07	-4.81143084E-07	-7.75042944E-07	-7.98056584E-07	 2.37927714E-06	 6.25727980E-06	-5.70541765E-06	 3.08499783E-07	 9.04750337E-08	 2.61528907E-07	 2.35779850E-07	-5.56493975E-07	-2.61468227E-06	-6.57040243E-06	-7.58647756E-06	 1.46686982E-05	 3.51891684E-05	-7.78894677E-06
 9.920000E-01	 1.90664999E-08	-1.08931652E-08	-1.88404442E-07	-4.83247545E-07	-7.99419709E-07	-8.64927940E-07	 2.29415959E-06	 6.18208763E-06	-5.47548138E-06	 2.94473945E-07	 9.17571356E-08	 2.77224177E-07	 2.77745046E-07	-4.86071529E-07	-2.53193707E-06	-6.55215246E-06	-7.72718167E-06	 1.42275011E-05	 3.45653647E-05	-7.16343483E-06
 9.930000E-01	 2.29818626E-08	-1.06693098E-09	-1.75813712E-07	-4.77983781E-07	-8.21046001E-07	-9.42793519E-07	 2.15034092E-06	 6.03167706E-06	-5.18506989E-06	 3.10735202E-07	 8.61842027E-08	 2.83748687E-07	 3.10426962E-07	-4.20120058E-07	-2.44175148E-06	-6.49181575E-06	-7.76892556E-06	 1.38366625E-05	 3.38454483E-05	-6.55341101E-06
 9.940000E-01	 2.54410862E-08	 7.38407514E-09	-1.62928877E-07	-4.64805065E-07	-8.15078763E-07	-9.68007863E-07	 2.06949099E-06	 5.82799299E-06	-5.16990033E-06	 3.84967974E-07	 7.83677343E-08	 2.82557476E-07	 3.25270934E-07	-3.91304891E-07	-2.41620755E-06	-6.51966706E-06	-7.83111190E-06	 1.37386758E-05	 3.35318660E-05	-6.19665092E-06
 9.950000E-01	 3.35938956E-08	 2.06486238E-08	-1.49553049E-07	-4.53697287E-07	-8.10159755E-07	-9.62357496E-07	 2.10183226E-06	 5.64123694E-06	-5.53926225E-06	 5.62119619E-07	 6.68803724E-08	 2.80466816E-07	 3.37538135E-07	-3.77671263E-07	-2.44939894E-06	-6.70808119E-06	-8.10956041E-06	 1.38008351E-05	 3.37896213E-05	-5.95942054E-06
 9.960000E-01	 3.76564739E-08	 3.36918528E-08	-1.28928508E-07	-4.28337214E-07	-7.80191452E-07	-9.28755431E-07	 2.16482523E-06	 5.56637595E-06	-5.80108843E-06	 4.52458093E-07	 4.34447800E-08	 2.49186958E-07	 3.06846396E-07	-4.19217919E-07	-2.53902588E-06	-6.92676514E-06	-8.43596871E-06	 1.37196838E-05	 3.40500740E-05	-5.45059711E-06
 9.970000E-01	 5.52390685E-08	 6.08166774E-08	-9.52735203E-08	-3.86271224E-07	-7.47747692E-07	-9.40137959E-07	 2.09019331E-06	 5.44343702E-06	-5.60514333E-06	 2.53612109E-07	 3.49605434E-08	 2.27118007E-07	 2.64037708E-07	-5.11666162E-07	-2.72588799E-06	-7.26925316E-06	-8.90396757E-06	 1.32105306E-05	 3.38703689E-05	-4.19937490E-06
 9.980000E-01	 5.49013468E-08	 6.42024985E-08	-8.64620905E-08	-3.57529780E-07	-6.84015890E-07	-7.82266041E-07	 2.37190027E-06	 5.64912439E-06	-5.54724329E-06	-4.05452846E-07	 9.58522980E-08	 3.00580562E-07	 3.39702741E-07	-5.17724780E-07	-3.02236538E-06	-8.18697416E-06	-1.05167704E-05	 1.17343179E-05	 3.42642766E-05	-1.67019190E-06
 9.990000E-01	 1.04210694E-07	 1.23971555E-07	-4.06206768E-08	-4.12148049E-07	-9.86859984E-07	-1.40070195E-06	 2.29360835E-06	 7.62366725E-06	-3.72673852E-06	-2.59872663E-06	 9.05432779E-08	 4.36844148E-07	 7.94563203E-07	 4.07529815E-07	-1.78870015E-06	-8.05160658E-06	-1.46445048E-05	 3.42180594E-06	 3.17110346E-05	 8.26774034E-06
 1.000000E+00	 1.33726157E-07	 1.72488338E-07	 1.22233351E-08	-4.33415884E-07	-1.24004927E-06	-2.02647940E-06	 2.04263996E-06	 9.34365364E-06	-1.97425633E-06	-4.50982431E-06	 1.41618074E-08	 4.64547084E-07	 1.10095561E-06	 1.21203106E-06	-4.50964876E-07	-7.24540379E-06	-1.73537785E-05	-3.50920803E-06	 2.88206200E-05	 1.62195701E-05
