r,R  4/ 2,R  5/ 2,R  6/ 2,R  7/ 2,R  8/ 2,R  9/ 2,R 10/ 2,I  4/ 2,I  5/ 2,I  6/ 2,I  7/ 2,I  8/ 2,I  9/ 2,I 10/ 2
0.0,-0.0,-0.0,-0.0,-0.0,-0.0,-0.0,-0.0,0.0,0.0,0.0,0.0,0.0,0.0,0.0
0.001,-1.25149344e-08,-5.04339061e-10,-6.9518977e-09,-2.23337248e-11,5.20729847e-09,1.11716402e-11,-3.64188499e-09,-9.25430489e-09,-7.48946967e-10,3.2377256e-09,1.49820528e-10,-1.4690449e-09,-3.4069647e-11,8.54813323e-10
0.002,-1.83423503e-07,-7.43361893e-09,4.32848304e-09,-6.07884378e-12,5.19856964e-09,3.21074466e-11,-5.23219204e-09,-3.03045052e-08,-8.13652126e-09,1.00978467e-08,1.03839031e-09,-4.20747618e-09,-2.00714274e-10,2.29164101e-09
0.003,-6.72364934e-07,-4.05189715e-08,4.91602313e-08,2.76770434e-10,-4.77890609e-09,4.23662331e-11,-2.83977687e-09,-6.28450538e-08,-3.86950576e-08,2.0398312e-08,3.92605913e-09,-8.60974542e-09,-6.88591345e-10,4.63413889e-09
0.004,-1.6567636e-06,-1.41911884e-07,1.3923106e-07,1.21809301e-09,-2.88265257e-08,3.11102083e-11,5.32535507e-09,-1.08656576e-07,-1.2190191e-07,3.13043247e-08,1.08534794e-08,-1.3935609e-08,-1.81430948e-09,7.84211075e-09
0.005,-3.3502628e-06,-3.84769669e-07,2.82774466e-07,3.52504482e-09,-7.03016534e-08,-2.35225665e-11,2.08658177e-08,-1.81718714e-07,-3.01238922e-07,4.12791777e-08,2.45571395e-08,-1.86419854e-08,-4.02994463e-09,1.14757265e-08
0.006,-6.01312249e-06,-8.80824825e-07,4.85114939e-07,8.34912165e-09,-1.31863078e-07,-1.82641683e-10,4.5192688e-08,-3.02092206e-07,-6.35327171e-07,5.35536921e-08,4.83276071e-08,-2.10732077e-08,-7.9253593e-09,1.48914078e-08
0.007,-9.9585229e-06,-1.78740349e-06,7.49007252e-07,1.73857402e-08,-2.15545746e-07,-5.57407496e-10,7.95324661e-08,-4.89557996e-07,-1.19907341e-06,7.81672993e-08,8.58317241e-08,-1.97517276e-08,-1.42322033e-08,1.74301741e-08
0.008,-1.55567476e-05,-3.31397856e-06,1.07472952e-06,3.30294272e-08,-3.22843324e-07,-1.31431207e-09,1.24944161e-07,-7.60121646e-07,-2.08470119e-06,1.34310145e-07,1.40879218e-07,-1.33486479e-08,-2.38275542e-08,1.8475063e-08
0.009,-2.32379301e-05,-5.72824215e-06,1.45991094e-06,5.85810857e-08,-4.54770337e-07,-2.68264554e-09,1.82335249e-07,-1.12314639e-06,-3.40264858e-06,2.53302204e-07,2.17126251e-07,-6.38493768e-10,-3.77361233e-08,1.74526297e-08
0.01,-3.34938288e-05,-9.36179504e-06,1.8991315e-06,9.8507501e-08,-6.11915398e-07,-4.96168886e-09,2.52465995e-07,-1.57939796e-06,-5.28231239e-06,4.81999201e-07,3.17707576e-07,1.95438509e-08,-5.71297678e-08,1.38311508e-08
0.011,-4.68788366e-05,-1.46155025e-05,2.38325425e-06,1.58766049e-07,-7.94502314e-07,-8.52730804e-09,3.35953016e-07,-2.11974989e-06,-7.87264719e-06,8.8667844e-07,4.4479392e-07,4.83565813e-08,-8.33237858e-08,7.11550015e-09
0.012,-6.40105302e-05,-2.19645826e-05,2.89846779e-06,2.47202025e-07,-1.00244515e-06,-1.38379386e-08,4.33275334e-07,-2.72443106e-06,-1.13426221e-05,1.5573711e-06,5.99069596e-07,8.70048544e-08,-1.17770518e-07,-3.15707816e-09
0.013,-8.55698964e-05,-3.19634861e-05,3.42505135e-06,3.74028997e-07,-1.23539072e-06,-2.14398672e-08,5.44784819e-07,-3.36273655e-06,-1.58815519e-05,2.6126261e-06,7.79125228e-07,1.36799685e-07,-1.62049968e-07,-1.74235966e-08
0.014,-0.000112301376,-4.52506227e-05,3.9358684e-06,5.52401595e-07,-1.49274057e-06,-3.1971736e-08,6.7071733e-07,-3.99311297e-06,-2.16993145e-05,4.20469029e-06,9.8076186e-07,1.99217752e-07,-2.17857821e-07,-3.6099067e-08
0.015,-0.000145012805,-6.25529895e-05,4.39460806e-06,7.99090363e-07,-1.77364993e-06,-4.61689888e-08,8.11207979e-07,-4.56356372e-06,-2.90264738e-05,6.52508711e-06,1.19620183e-06,2.75968007e-07,-2.86990584e-07,-5.95831555e-08
0.016,-0.000184575314,-8.469075e-05,4.75378976e-06,1.13526809e-06,-2.07699608e-06,-6.48672251e-08,9.66305551e-07,-5.01231542e-06,-3.81143216e-05,9.81058323e-06,1.41320346e-06,3.69059134e-07,-3.71328122e-07,-8.82642521e-08
0.017,-0.000231923225,-0.000112581808,4.95255131e-06,1.58741747e-06,-2.4013199e-06,-8.90068929e-08,1.13598749e-06,-5.26870476e-06,-4.92348559e-05,1.43495267e-05,1.61407545e-06,4.80877634e-07,-4.72813355e-07,-1.22523775e-07
0.018,-0.000288053981,-0.000147246423,4.91423246e-06,2.1883684e-06,-2.74473342e-06,-1.19636e-07,1.3201759e-06,-5.2542456e-06,-6.26807116e-05,2.04885537e-05,1.77458842e-06,6.14268585e-07,-5.93429382e-07,-1.62742385e-07
0.019,-0.000354028112,-0.000189811894,4.54377657e-06,2.97847617e-06,-3.10479666e-06,-1.57916312e-07,1.51875051e-06,-4.88384673e-06,-7.87650559e-05,2.86396452e-05,1.86278009e-06,7.72628644e-07,-7.35173503e-07,-2.09300538e-07
0.02,-0.00043096926,-0.000241517362,3.72495046e-06,4.00694635e-06,-3.47836859e-06,-2.0512605e-07,1.73155732e-06,-4.06715237e-06,-9.78214634e-05,3.92875438e-05,1.83765099e-06,9.60011006e-07,-9.00029246e-07,-2.62583168e-07
0.021,-0.000520064252,-0.000303718744,2.31742417e-06,5.33332007e-06,-3.86140051e-06,-2.62668945e-07,1.9584479e-06,-2.70999446e-06,-0.000120203785,5.29974937e-05,1.64774772e-06,1.18122296e-06,-1.08993411e-06,-3.22998331e-07
0.022,-0.000622563208,-0.000377893828,1.53705767e-07,7.02912276e-06,-4.24872488e-06,-3.32077693e-07,2.19924151e-06,-7.15960943e-07,-0.000146286017,7.04233189e-05,1.2296327e-06,1.4419541e-06,-1.30674582e-06,-3.90953382e-07
0.023,-0.000739779745,-0.000465647558,-2.9640988e-06,9.17969344e-06,-4.63381894e-06,-4.15026659e-07,2.45378228e-06,2.01200416e-06,-0.000176462185,9.2315869e-05,5.06232067e-07,1.74893294e-06,-1.55220497e-06,-4.66870631e-07
0.024,-0.000873091235,-0.000568717519,-7.26764173e-06,1.18861918e-05,-5.00853134e-06,-5.13336524e-07,2.72186582e-06,5.56993613e-06,-0.000211146251,0.000119531797,-6.14936438e-07,2.11008824e-06,-1.82789547e-06,-5.51157682e-07
0.025,-0.00102393911,-0.00068897964,-1.30258185e-05,1.52678033e-05,-5.36277244e-06,-6.28994075e-07,3.00337495e-06,1.00511274e-05,-0.00025077206,0.000153042673,-2.24366806e-06,2.53472572e-06,-2.13520357e-06,-6.44261622e-07
0.026,-0.00119382919,-0.000828454132,-2.05483543e-05,1.94641395e-05,-5.68417144e-06,-7.64157071e-07,3.2981076e-06,1.55443565e-05,-0.000295793318,0.00019394443,-4.50909749e-06,3.03372052e-06,-2.47526787e-06,-7.46596584e-07
0.027,-0.00138433211,-0.000989311658,-3.01895283e-05,2.46378518e-05,-5.95772949e-06,-9.21185006e-07,3.60601889e-06,2.21320781e-05,-0.000346683634,0.000243467168,-7.5618746e-06,3.61974535e-06,-2.8489403e-06,-8.58637146e-07
0.028,-0.0015970837,-0.00117387975,-4.2351964e-05,3.09774568e-05,-6.16538931e-06,-1.10264179e-06,3.92691547e-06,2.98885671e-05,-0.000403936604,0.000302985279,-1.15764631e-05,4.30748807e-06,-3.25671793e-06,-9.80795371e-07
0.029,-0.00183378542,-0.00138464945,-5.74905759e-05,3.87003906e-05,-6.28568225e-06,-1.31134441e-06,4.26083546e-06,3.88780307e-05,-0.000468065975,0.000374027945,-1.67536088e-05,5.11395334e-06,-3.69871633e-06,-1.11355463e-06
0.03,-0.0020962048,-0.00162428226,-7.61165252e-05,4.8056289e-05,-6.29315988e-06,-1.55035871e-06,4.60761345e-06,4.91526641e-05,-0.000539605873,0.000458289938,-2.33229336e-05,6.0586725e-06,-4.17457e-06,-1.25732608e-06
0.031,-0.00238617597,-0.00189561723,-9.88014731e-05,5.93305158e-05,-6.15819862e-06,-1.82307429e-06,4.96725225e-06,6.07507723e-05,-0.000619111106,0.000557642926,-3.15457195e-05,7.16421738e-06,-4.68343427e-06,-1.41246218e-06
0.032,-0.00270560038,-0.0022016784,-0.000126181991,7.2847923e-05,-5.84644366e-06,-2.13318256e-06,5.33935478e-06,7.36950799e-05,-0.000707157586,0.000674147233,-4.17178505e-05,8.45655644e-06,-5.22384997e-06,-1.5791106e-06
0.033,-0.00305644718,-0.00254568244,-0.000158963706,8.89768599e-05,-5.31825123e-06,-2.48480672e-06,5.72408851e-06,8.79905878e-05,-0.000804342846,0.000810063622,-5.41729574e-05,9.96531105e-06,-5.79378971e-06,-1.75762481e-06
0.034,-0.00344075353,-0.00293104653,-0.000197925628,0.00010813344,-4.52792825e-06,-2.88244802e-06,6.12118346e-06,0.000103622427,-0.00091128664,0.000967865519,-6.92856899e-05,1.1724037e-05,-6.39042667e-06,-1.94820829e-06
0.035,-0.00386062496,-0.00336139639,-0.000243924656,0.000130786092,-3.42345422e-06,-3.33117444e-06,6.5310183e-06,0.000120553757,-0.00102863166,0.00115025168,-8.7475235e-05,1.37707742e-05,-7.01026753e-06,-2.1512424e-06
0.036,-0.00431823566,-0.00384057461,-0.000297900139,0.000157460344,-1.94559283e-06,-3.83651797e-06,6.95327707e-06,0.00013872358,-0.0011570444,0.00136015917,-0.000109208995,1.61483614e-05,-7.64880408e-06,-2.36681343e-06
0.037,-0.00481582869,-0.00437264905,-0.000360878532,0.000188743939,-2.77094537e-08,-4.40475395e-06,7.38844111e-06,0.000158044516,-0.00129721609,0.0016007768,-0.000135006515,1.8905091e-05,-8.30077421e-06,-2.59519332e-06
0.038,-0.00535571607,-0.00496192148,-0.000433978094,0.000225292159,2.40537139e-06,-5.04272611e-06,7.8361191e-06,0.000178400474,-0.00144986385,0.0018755587,-0.000165443618,2.20949505e-05,-8.95964203e-06,-2.8362877e-06
0.039,-0.0059402787,-0.00561293634,-0.000518413698,0.000267833528,5.43734684e-06,-5.75824898e-06,8.29686391e-06,0.000199644282,-0.00161573191,0.00218823852,-0.000201156762,2.57784481e-05,-9.61803549e-06,-3.09018667e-06
0.04,-0.00657196612,-0.00633048961,-0.000615501619,0.000317175689,9.1619463e-06,-6.55982839e-06,8.77028734e-06,0.000221595178,-0.0017955931,0.00254284362,-0.000242847703,3.00226891e-05,-1.02669967e-05,-3.35662981e-06
0.041,-0.00725329646,-0.00711963775,-0.000726664846,0.000374211747,1.36822007e-05,-7.45721856e-06,9.25661654e-06,0.000244036572,-0.00199025038,0.0029437102,-0.000291288304,3.49027827e-05,-1.08966527e-05,-3.63513197e-06
0.042,-0.0079868571,-0.00798570678,-0.000853439112,0.000439926707,1.91115527e-05,-8.46097673e-06,9.75431109e-06,0.000266714424,-0.00220053874,0.00339549914,-0.00034732589,4.05024238e-05,-1.14952323e-05,-3.92418784e-06
0.043,-0.00877530352,-0.00893430159,-0.000997477274,0.000515404383,2.55742936e-05,-9.58329647e-06,1.02636197e-05,0.000289334066,-0.00242732729,0.00390321091,-0.000411888641,4.69143426e-05,-1.20500337e-05,-4.22288743e-06
0.044,-0.00962135823,-0.00997131506,-0.00116055459,0.000601834386,3.32073938e-05,-1.08373528e-05,1.07834199e-05,0.000311557193,-0.00267152144,0.00447220113,-0.000485991482,5.42402799e-05,-1.25459562e-05,-4.52977309e-06
0.045,-0.0105278098,-0.0111029373,-0.00134457394,0.000700519789,4.21598421e-05,-1.22383781e-05,1.13145624e-05,0.00033299906,-0.00293406541,0.00510819656,-0.000570741984,6.25923311e-05,-1.29668651e-05,-4.84399986e-06
0.046,-0.0114975118,-0.0123356645,-0.00155157178,0.000812884641,5.25943696e-05,-1.38027291e-05,1.18557872e-05,0.0003532256,-0.0032159449,0.0058173117,-0.000667347032,7.20930825e-05,-1.32936314e-05,-5.16365086e-06
0.047,-0.0125333814,-0.0136763086,-0.00178372345,0.000940482392,6.46866438e-05,-1.55492902e-05,1.2408209e-05,0.000371750436,-0.00351819014,0.0066060651,-0.000777119276,8.2877036e-05,-1.35059872e-05,-5.48758295e-06
0.048,-0.0136383979,-0.0151320053,-0.00204334978,0.00108500393,7.86269199e-05,-1.74981985e-05,1.29699785e-05,0.00038803192,-0.00384187907,0.00748139674,-0.000901484645,9.50908017e-05,-1.35799338e-05,-5.81298573e-06
0.049,-0.0148156008,-0.0167102239,-0.00233292238,0.0012482868,9.46192096e-05,-1.96726257e-05,1.35424994e-05,0.000401470006,-0.00418814103,0.00845068459,-0.0010419894,0.0001088945,-1.34901958e-05,-6.13835303e-06
0.05,-0.0160680887,-0.0184187747,-0.00265507137,0.0014323238,0.000112882369,-2.20970845e-05,1.41227727e-05,0.000411403344,-0.00455816049,0.00952176284,-0.00120030853,0.000124462319,-1.32068357e-05,-6.45951086e-06
0.051,-0.0173990142,-0.0202658186,-0.00301258792,0.00163927293,0.000133652371,-2.47996994e-05,1.47154508e-05,0.000417104062,-0.00495318141,0.0107029365,-0.00137825343,0.000141981529,-1.26983861e-05,-6.77675241e-06
0.052,-0.0188115721,-0.0222598736,-0.00340842433,0.00187146651,0.000157189698,-2.78102303e-05,1.53266575e-05,0.000417767926,-0.00537451097,0.0120029937,-0.0015777805,0.000161647928,-1.19269934e-05,-7.09248657e-06
0.053,-0.0203090002,-0.0244098211,-0.00384570447,0.00213142294,0.000183770405,-3.11621475e-05,1.59645667e-05,0.000412514882,-0.00582352395,0.0134312249,-0.00180099825,0.000183672339,-1.08520573e-05,-7.40994379e-06
0.054,-0.0218945769,-0.0267249116,-0.00432773304,0.00242185654,0.000213688792,-3.48900974e-05,1.6632128e-05,0.000400387401,-0.00630166809,0.0149974424,-0.00205017831,0.00020828051,-9.42547798e-06,-7.72883335e-06
0.055,-0.0235716161,-0.0292147701,-0.00485800044,0.0027456901,0.000247254093,-3.90326799e-05,1.73350409e-05,0.000380347036,-0.00681046936,0.0167119952,-0.00232776289,0.00023571493,-7.59573894e-06,-8.05042002e-06
0.056,-0.0253434609,-0.0318893996,-0.00544018979,0.00310606546,0.00028479633,-4.36293913e-05,1.8076474e-05,0.00035127089,-0.00735153787,0.0185857857,-0.00263637699,0.00026623238,-5.30239998e-06,-8.37384326e-06
0.057,-0.0272134775,-0.0347591849,-0.00607818205,0.00350635734,0.000326661209,-4.87238857e-05,1.88631191e-05,0.000311948686,-0.00792657394,0.0206302844,-0.00297883579,0.000300106499,-2.4803787e-06,-8.70100634e-06
0.058,-0.0291850466,-0.0378348928,-0.00677606271,0.00395018484,0.000373217816,-5.43601916e-05,1.97019315e-05,0.000261079239,-0.00853737462,0.0228575449,-0.00335815824,0.000337624118,9.4599983e-07,-9.03277986e-06
0.059,-0.0312615556,-0.0411276733,-0.00753812708,0.00444142677,0.000424851251,-6.05865487e-05,2.06025338e-05,0.00019726822,-0.00918584051,0.0252802178,-0.00377757406,0.000379088818,5.05885904e-06,-9.37317912e-06
0.06,-0.0334463867,-0.0446490565,-0.00836888546,0.0049842342,0.000481973856,-6.74507466e-05,2.15795229e-05,0.000119024568,-0.00987398292,0.0279115639,-0.00424053892,0.000424814994,9.95273696e-06,-9.72695798e-06
0.061,-0.035742916,-0.0484109493,-0.00927307835,0.0055830478,0.000545004477,-7.50043755e-05,2.26373953e-05,2.47659852e-05,-0.0106039315,0.0307654729,-0.00475074079,0.000475139931,1.57308718e-05,-1.00946069e-05
0.062,-0.0381545333,-0.0524256289,-0.0102557121,0.00624261228,0.000614356994,-8.32960702e-05,2.37612644e-05,-8.71620303e-05,-0.0113779438,0.0338564974,-0.00531211959,0.000530434869,2.25087679e-05,-1.0457231e-05
0.063,-0.0406846171,-0.056705745,-0.0113220459,0.00696799227,0.000690455522,-9.2379173e-05,2.4944707e-05,-0.00021850145,-0.0121984158,0.0371998545,-0.00592887683,0.000591095592,3.04101407e-05,-1.08027157e-05
0.064,-0.0433365126,-0.061264308,-0.0124775953,0.00776458643,0.000773746721,-0.000102304558,2.6191065e-05,-0.00037108879,-0.0130678893,0.0408114324,-0.00660549243,0.000657532288,3.95736962e-05,-1.11199562e-05
0.065,-0.0461135236,-0.0661146837,-0.0137281386,0.00863814716,0.000864691056,-0.000113127797,2.75130116e-05,-0.000546853777,-0.0139890626,0.0447078034,-0.0073467329,0.000730177551,5.01497352e-05,-1.14060403e-05
0.066,-0.049018897,-0.0712705783,-0.0150797305,0.00959479515,0.000963767181,-0.000124900761,2.89290492e-05,-0.000747819056,-0.0149647984,0.0489062358,-0.00815767024,0.000809480698,6.2306094e-05,-1.16558602e-05
0.067,-0.0520558104,-0.0767460274,-0.0165387051,0.0106410418,0.0010714659,-0.000137679107,3.04652464e-05,-0.000976097488,-0.0159981361,0.0534247041,-0.00904368965,0.000895916326,7.62255529e-05,-1.18700156e-05
0.068,-0.0552273533,-0.0825553775,-0.0181116901,0.0117838035,0.00118829459,-0.000151513519,3.2153292e-05,-0.00123389075,-0.0170922988,0.0582818987,-0.0100105098,0.000989976732,9.21108049e-05,-1.20463067e-05
0.069,-0.0585365087,-0.0887132694,-0.0198056053,0.0130304272,0.00131477544,-0.000166457103,3.40351307e-05,-0.00152348453,-0.0182507067,0.0634972337,-0.0110641903,0.00109218215,0.000110182921,-1.21858695e-05
0.07,-0.0619861285,-0.0952346145,-0.0216276765,0.0143887041,0.00145144831,-0.000182557009,3.61589812e-05,-0.00184724456,-0.0194769836,0.069090856,-0.0122111527,0.00120307198,0.00013068495,-1.22870083e-05
0.071,-0.0655790128,-0.102134569,-0.0235855322,0.0158669027,0.00159877046,-0.000199856708,3.84844644e-05,-0.00220750149,-0.0207749749,0.0750837579,-0.0134581922,0.00132332499,0.000153877168,-1.22399047e-05
0.072,-0.0693179678,-0.109428491,-0.0256872949,0.0174737834,0.00175707711,-0.000218380645,4.08899488e-05,-0.00260648339,-0.0221487411,0.0814978343,-0.0148124865,0.00145378062,0.00018004606,-1.18490694e-05
0.073,-0.073205625,-0.1171319,-0.0279414247,0.0192186137,0.00192675341,-0.000238149728,4.33665709e-05,-0.00304655347,-0.0236025449,0.0883556384,-0.016281571,0.00159522941,0.000209521853,-1.10686838e-05
0.074,-0.077244287,-0.125260456,-0.0303566239,0.0211111673,0.00210832078,-0.000259189523,4.60547817e-05,-0.00353029797,-0.02514087,0.0956803136,-0.0178733826,0.00174835039,0.000242660632,-9.99436779e-06
0.075,-0.0814360421,-0.133829914,-0.0329419757,0.023161774,0.0023022786,-0.000281516767,4.90597726e-05,-0.00406035261,-0.0267684408,0.103495727,-0.019596256,0.00191387317,0.000279856634,-8.69408281e-06
0.076,-0.0857827821,-0.142856073,-0.0357070072,0.0253813242,0.00250908676,-0.000305140185,5.24767492e-05,-0.00463937207,-0.0284902265,0.1118265,-0.0214589584,0.00209258995,0.000321519472,-7.21396255e-06
0.077,-0.090286167,-0.152354728,-0.0386616752,0.0277813124,0.00272917177,-0.000330048397,5.63672588e-05,-0.00527001397,-0.0303114556,0.120697975,-0.0234706741,0.00228535555,0.000368103974,-5.57173963e-06
0.078,-0.0949476039,-0.162341612,-0.0418164009,0.0303738405,0.00296293135,-0.000356219178,6.08117694e-05,-0.00595492671,-0.0322376137,0.130136223,-0.0256410378,0.00249308567,0.000420075729,-3.78170189e-06
0.079,-0.0997682184,-0.172832343,-0.0451820617,0.0331716613,0.00321073566,-0.00038360124,6.5862839e-05,-0.0066967284,-0.0342744592,0.140168006,-0.0279801163,0.00271675784,0.000477951909,-1.83686183e-06
0.08,-0.104748816,-0.183842348,-0.0487700192,0.0361881819,0.00347293658,-0.000412131356,7.16141142e-05,-0.00749799413,-0.0364280156,0.150820777,-0.0304984402,0.00295741643,0.000542252352,2.63899348e-07
0.081,-0.109889911,-0.195386809,-0.0525921669,0.0394375064,0.00374981179,-0.000441707389,7.80719451e-05,-0.00836121181,-0.0387045907,0.162122653,-0.0332069842,0.00321618984,0.000613551156,2.5606504e-06
0.082,-0.11519186,-0.207480569,-0.0566611283,0.0429344452,0.00404142211,-0.00047220643,8.51149559e-05,-0.0092887106,-0.0411107707,0.174102482,-0.0361172102,0.00349437479,0.000692401968,5.16389636e-06
0.083,-0.120654775,-0.220138133,-0.0609901604,0.046694531,0.00434775124,-0.000503467619,9.26025003e-05,-0.0102826958,-0.0436534468,0.186789773,-0.0392410823,0.0037933997,0.00077938462,8.22225608e-06
0.084,-0.126278433,-0.23337358,-0.0655931566,0.050734015,0.00466870839,-0.000535326717,0.000100425651,-0.0113452645,-0.0463397855,0.200214681,-0.0425910747,0.00411483207,0.000875043175,1.18868959e-05
0.085,-0.132062297,-0.247200541,-0.0704846638,0.0550698845,0.00500415219,-0.000567582968,0.000108475631,-0.0124783855,-0.0491772562,0.21440796,-0.0461801861,0.00446038401,0.000979938325,1.63413959e-05
0.086,-0.138005487,-0.261632114,-0.0756799467,0.0597198535,0.00535382568,-0.000600042133,0.000116632997,-0.0136839098,-0.0521735953,0.229400965,-0.0500219396,0.0048319549,0.00109457793,2.17830754e-05
0.087,-0.144106805,-0.276680858,-0.0811950062,0.0647023659,0.00571739811,-0.00063247517,0.000124758794,-0.0149635553,-0.0553368378,0.2452256,-0.0541304091,0.00523162839,0.00121946694,2.84532947e-05
0.088,-0.150364728,-0.292358714,-0.0870466593,0.0700365793,0.00609437509,-0.000664671607,0.000132657483,-0.0163189396,-0.0586752701,0.261914315,-0.0585202065,0.00566173304,0.00135503598,3.66190521e-05
0.089,-0.156777454,-0.30867702,-0.093252572,0.075742345,0.00648415149,-0.000696392197,0.000140093235,-0.0177515712,-0.0621974661,0.279500044,-0.0632065261,0.00612483348,0.00150168197,4.6603687e-05
0.09,-0.163342926,-0.32564645,-0.0998313634,0.0818401868,0.00688588674,-0.000727429711,0.000146711287,-0.019262918,-0.0659122293,0.298016196,-0.0682051144,0.00662380654,0.00165970207,5.87665749e-05
0.091,-0.170058844,-0.343277063,-0.106802588,0.0883512407,0.00729864522,-0.000757564428,0.000152168848,-0.0208544416,-0.069828635,0.317496552,-0.0735323384,0.00716180385,0.00182931763,7.35080101e-05
0.092,-0.176922423,-0.361578243,-0.114186575,0.095297213,0.00772150568,-0.000786642608,0.000156245065,-0.0225277952,-0.073955956,0.33797511,-0.0792051111,0.00774222395,0.002010638,9.11398743e-05
0.093,-0.183930745,-0.38055871,-0.122004735,0.102700295,0.00815333739,-0.000814518186,0.000158543386,-0.0242847044,-0.0783036923,0.359486027,-0.0852409473,0.00836872792,0.00220368068,0.000111998068
0.094,-0.191080896,-0.400226477,-0.130279735,0.110583174,0.00859264892,-0.000841080539,0.000158460006,-0.0261271251,-0.0828814921,0.382063605,-0.0916578961,0.00904537208,0.00240832919,0.00013645166
0.095,-0.19837028,-0.420588951,-0.139035782,0.118968855,0.00903744194,-0.000866250535,0.000155006821,-0.0280572439,-0.0876991906,0.405742204,-0.0984746458,0.00977658648,0.00262431168,0.000164934908
0.096,-0.205796745,-0.441652907,-0.148298708,0.127880708,0.00948519717,-0.000889953375,0.000146980571,-0.0300777779,-0.0927667299,0.430556083,-0.105710413,0.0105672169,0.00285120591,0.000197886851
0.097,-0.213359194,-0.463424646,-0.1580966,0.13734219,0.00993240097,-0.000912192143,0.00013245941,-0.0321920146,-0.098094199,0.456539371,-0.113385092,0.0114225716,0.00308836594,0.000235814132
0.098,-0.221057833,-0.485909995,-0.168459884,0.14737695,0.0103746824,-0.00093290651,0.000109293953,-0.0344042876,-0.103691777,0.483725718,-0.121519104,0.0123483143,0.00333499924,0.000279126164
0.099,-0.228895302,-0.50911452,-0.179422587,0.158008443,0.0108056929,-0.000952175412,7.39324162e-05,-0.0367200891,-0.109569767,0.512148354,-0.130133584,0.0133506537,0.00359002814,0.000328293605
0.1,-0.236873138,-0.533043799,-0.191018396,0.169259903,0.0112216001,-0.000970098958,2.6632676e-05,-0.03914822,-0.115738536,0.541838022,-0.139250127,0.0144345296,0.00385235387,0.000382059628
0.101,-0.244979093,-0.557704539,-0.203268688,0.181153044,0.0116320736,-0.000988204965,-1.92541608e-05,-0.0417037596,-0.122208644,0.572819826,-0.148890998,0.0156002066,0.00412085209,0.000434417016
0.102,-0.253196473,-0.583104078,-0.216191886,0.193709535,0.012048575,-0.00100845904,-5.27017751e-05,-0.044398373,-0.128992488,0.605120192,-0.15908,0.0168481847,0.00439448566,0.000481136974
0.103,-0.261519787,-0.609248543,-0.229818505,0.206952438,0.0124710368,-0.00103176362,-7.54382257e-05,-0.0472373849,-0.136103508,0.638770434,-0.169841997,0.0181837134,0.00467209374,0.0005230223
0.104,-0.269947446,-0.636143655,-0.244183453,0.220905298,0.0128968137,-0.00105839631,-9.13081714e-05,-0.050225531,-0.143555711,0.673801967,-0.181202521,0.019612841,0.00495258477,0.000561498574
0.105,-0.278477021,-0.663794632,-0.259321606,0.235592095,0.013324678,-0.0010883625,-0.000102841119,-0.0533678155,-0.151363503,0.71024525,-0.193187673,0.0211413433,0.00523496067,0.000597551839
0.106,-0.287106149,-0.692206496,-0.275268635,0.251036904,0.0137541364,-0.00112147541,-0.000111807478,-0.0566698287,-0.159541724,0.74812969,-0.205824185,0.0227748558,0.00551823955,0.000631829329
0.107,-0.295832044,-0.721383842,-0.292060703,0.26726407,0.0141855474,-0.00115740623,-0.000119407118,-0.0601374489,-0.168105618,0.787483791,-0.219139413,0.0245190062,0.00580146552,0.000664790933
0.108,-0.304651996,-0.751331097,-0.309734883,0.284297883,0.0146197769,-0.00119576847,-0.000126537612,-0.0637770679,-0.177070848,0.828335037,-0.233161406,0.0263794598,0.00608360851,0.000696709426
0.109,-0.313563122,-0.782052362,-0.328329,0.302162744,0.015058298,-0.00123610601,-0.000133878231,-0.0675953969,-0.186453504,0.870709986,-0.247918897,0.0283620019,0.00636362123,0.000727802318
0.11,-0.322562655,-0.813551622,-0.347881875,0.320882861,0.0155029892,-0.00127799522,-0.000142039928,-0.0715996406,-0.196270108,0.914634118,-0.263441386,0.0304725086,0.00664031859,0.00075813099
0.111,-0.331647644,-0.845832648,-0.368433021,0.340482398,0.0159564431,-0.00132098895,-0.000151378957,-0.0757973413,-0.206537659,0.960131933,-0.279759132,0.0327170514,0.00691247421,0.000787808635
0.112,-0.340814516,-0.878899167,-0.390022205,0.36098513,0.0164223852,-0.00136479564,-0.000161603335,-0.080196395,-0.21727363,1.00722678,-0.296903205,0.0351018,0.00717870302,0.000816776417
0.113,-0.35005937,-0.912754592,-0.412689659,0.382414642,0.0169053928,-0.00140912458,-0.000172333416,-0.0848048242,-0.228496006,1.05594074,-0.314905341,0.0376328547,0.0074376887,0.000844836598
0.114,-0.359378195,-0.947402121,-0.436476317,0.404794132,0.0174106971,-0.0014538046,-0.000183168231,-0.0896308471,-0.240223255,1.10629456,-0.333798057,0.0403162938,0.00768797492,0.00087158429
0.115,-0.36876675,-0.982844583,-0.461423571,0.428146552,0.0179444247,-0.00149863833,-0.000193677844,-0.0946826855,-0.252474407,1.15830762,-0.353614571,0.0431580651,0.00792820587,0.000896520366
0.116,-0.378220497,-1.01908444,-0.487573262,0.45249446,0.0185135899,-0.00154354305,-0.000203299885,-0.0999685482,-0.265268992,1.21199788,-0.374388874,0.0461640462,0.00815690165,0.000918983309
0.117,-0.387734471,-1.05612368,-0.514967376,0.477860141,0.0191264071,-0.00158839716,-0.000211289991,-0.105496437,-0.278627149,1.2673818,-0.396155667,0.0493398809,0.00837272815,0.000938229871
0.118,-0.397303084,-1.09396367,-0.543647956,0.504265525,0.0197922973,-0.00163318627,-0.000216633149,-0.111274036,-0.292569523,1.32447436,-0.418950397,0.0526910862,0.00857426872,0.00095341239
0.119,-0.406919888,-1.13260512,-0.573656643,0.53173227,0.0205223568,-0.00167785621,-0.000217878423,-0.117308456,-0.307117403,1.383289,-0.442809212,0.0562228369,0.00876030795,0.000963618575
0.12,-0.416577162,-1.17204783,-0.605034434,0.560281753,0.0213294113,-0.00172245721,-0.000213062438,-0.123605958,-0.322292562,1.44383781,-0.467768939,0.0599402056,0.00892961293,0.000967995195
0.121,-0.426265574,-1.21229066,-0.63782108,0.589935118,0.0222285829,-0.00176701325,-0.000199495042,-0.130171576,-0.338117388,1.50613157,-0.493867068,0.0638478453,0.00908121084,0.000965671497
0.122,-0.43597433,-1.25333128,-0.672055589,0.62071351,0.0232364473,-0.00181154144,-0.000174645539,-0.137008647,-0.354614608,1.5701805,-0.521141625,0.0679506458,0.00921418123,0.000956357541
0.123,-0.44569999,-1.29516564,-0.707785001,0.652638894,0.0243623242,-0.00185519462,-0.000145041902,-0.14411758,-0.371807565,1.63599557,-0.549631296,0.0722549892,0.0093277593,0.000941631921
0.124,-0.455448782,-1.33778727,-0.745066429,0.685734165,0.0256069597,-0.00189572883,-0.000124807594,-0.151500942,-0.389718549,1.70358519,-0.579374824,0.0767683091,0.00942104863,0.000923908562
0.125,-0.465221065,-1.38118953,-0.783951817,0.720020946,0.0269781192,-0.00193138605,-0.000119486263,-0.159167236,-0.408368881,1.77295253,-0.610411444,0.081496915,0.00949290961,0.000904029985
0.126,-0.475008486,-1.42536568,-0.824485354,0.755519341,0.0284921443,-0.0019616582,-0.000126834927,-0.167126531,-0.427780132,1.84409776,-0.642781155,0.086446124,0.00954208834,0.000881768613
0.127,-0.484802115,-1.47030842,-0.866711505,0.792248565,0.0301659722,-0.00198661295,-0.000145041587,-0.175389049,-0.447974444,1.91701919,-0.676524959,0.0916211928,0.00956726146,0.000856928016
0.128,-0.494592984,-1.51600969,-0.910675419,0.830227034,0.0320166875,-0.00200682635,-0.000172905525,-0.18396531,-0.468974499,1.99171297,-0.711684676,0.0970270982,0.00956716385,0.000829198651
0.129,-0.504371803,-1.56246069,-0.956422583,0.869472427,0.03406199,-0.00202331083,-0.00020940208,-0.192865921,-0.490803726,2.06817311,-0.748303097,0.102668457,0.00954067623,0.000798253613
0.13,-0.514128994,-1.60965165,-1.00399877,0.91000178,0.0363201009,-0.00203747902,-0.00025361591,-0.202101663,-0.513486251,2.14639122,-0.78642373,0.108549335,0.00948702756,0.000763620297
0.131,-0.523854219,-1.65757187,-1.05344958,0.951831558,0.0388103601,-0.00205112755,-0.000304081937,-0.211683017,-0.537047116,2.22635677,-0.826090974,0.114673397,0.00940583276,0.00072499695
0.132,-0.533535158,-1.70620944,-1.10481918,0.99497774,0.0415542234,-0.00206645633,-0.000357784717,-0.221619493,-0.561512258,2.30805751,-0.867349729,0.12104417,0.00929740685,0.000682555628
0.133,-0.543157878,-1.75555091,-1.15815076,1.039456,0.0445747564,-0.00208602827,-0.000410849253,-0.231919216,-0.586908667,2.39147903,-0.910245219,0.127664433,0.00916299295,0.000636337319
0.134,-0.552706742,-1.80558076,-1.21348635,1.08528209,0.0478966658,-0.00211255491,-0.000458425413,-0.242588718,-0.613264334,2.47660486,-0.954822694,0.134536366,0.00900503079,0.000586572705
0.135,-0.56216403,-1.8562812,-1.27086662,1.13247191,0.0515464128,-0.00214903768,-0.000494692364,-0.253632008,-0.640608385,2.56341667,-1.00112738,0.141661445,0.0088272214,0.000533426062
0.136,-0.571508999,-1.90763156,-1.33032972,1.18104204,0.0555531343,-0.00219841532,-0.000511988691,-0.265049654,-0.668971037,2.65189487,-1.0492041,0.149041091,0.00863485114,0.00047788507
0.137,-0.580717261,-1.95960801,-1.39191105,1.23100971,0.0599486147,-0.00226389698,-0.000501120712,-0.276837387,-0.698383628,2.74201918,-1.09909726,0.156676691,0.0084347288,0.000421298551
0.138,-0.589758975,-2.01218289,-1.45564099,1.28239356,0.0647692359,-0.0023483948,-0.000449702539,-0.288984319,-0.728878601,2.83376993,-1.15085039,0.16457086,0.00823556275,0.00036692973
0.139,-0.598597732,-2.06532442,-1.52154442,1.33521339,0.0700557711,-0.00245513159,-0.000343030812,-0.301470757,-0.760489339,2.92712924,-1.20450614,0.172727741,0.00804768041,0.000319205334
0.14,-0.607187254,-2.11899595,-1.58963651,1.38949106,0.0758572032,-0.00258679649,-0.000161008349,-0.314264913,-0.793250204,3.02208359,-1.26010586,0.181155444,0.0078834098,0.00028643557
0.141,-0.615474185,-2.17315549,-1.65992646,1.44525036,0.0822254574,-0.00274616084,0.000115158574,-0.327321375,-0.827195871,3.11862398,-1.31768947,0.189864855,0.00775657997,0.000277607836
0.142,-0.62346664,-2.22774877,-1.73248432,1.50252412,0.089148782,-0.00292853092,0.000436135492,-0.340608406,-0.862358653,3.21671891,-1.37729271,0.198843597,0.00768496505,0.000277109458
0.143,-0.631235358,-2.28270787,-1.80744369,1.56135509,0.0965577992,-0.00311777583,0.000706842106,-0.354138581,-0.898762356,3.31630088,-1.43894598,0.208061178,0.00768378245,0.00025601769
0.144,-0.638802903,-2.3379653,-1.88489355,1.62178101,0.104434288,-0.00330049238,0.000896529738,-0.367930062,-0.936427402,3.41730582,-1.50267963,0.217508717,0.00776131551,0.000211016911
0.145,-0.64613843,-2.39345567,-1.96487306,1.68383308,0.112808845,-0.00347033833,0.00102393292,-0.381980084,-0.975375067,3.51968591,-1.56852541,0.22719679,0.00792272983,0.000156306494
0.146,-0.653210808,-2.44911156,-2.04742341,1.74754035,0.121708802,-0.00362319744,0.0011040186,-0.396284202,-1.01562614,3.62338955,-1.63651467,0.237134944,0.00817241931,0.000103259634
0.147,-0.659990524,-2.50486293,-2.13258969,1.81293041,0.13115689,-0.00375663741,0.00114777901,-0.410837622,-1.05720081,3.72836016,-1.70667809,0.24733093,0.00851416082,6.02689344e-05
0.148,-0.666448714,-2.56063743,-2.22041892,1.88002932,0.141173269,-0.00386958233,0.00116352453,-0.425634074,-1.10011894,3.8345369,-1.7790456,0.25779148,0.00895156064,3.37582577e-05
0.149,-0.672557074,-2.61635991,-2.31096005,1.94886214,0.151775595,-0.00396197223,0.00115785965,-0.440666079,-1.14439983,3.94185453,-1.85364613,0.268522491,0.00948797653,2.86820976e-05
0.15,-0.678287533,-2.67195278,-2.4042628,2.01945277,0.162980244,-0.00403460253,0.00113615959,-0.45592419,-1.1900625,4.05024357,-1.93050751,0.27952928,0.0101269559,4.88319091e-05
0.151,-0.683611847,-2.72733542,-2.50037735,2.09182453,0.174802468,-0.00408873836,0.00110348582,-0.471396971,-1.23712529,4.15963036,-2.00965626,0.290817126,0.0108720537,9.75536982e-05
0.152,-0.688501855,-2.78242446,-2.59935366,2.16599962,0.187257138,-0.00412624039,0.00106442065,-0.487070528,-1.28560613,4.26993639,-2.09111757,0.302390716,0.0117272381,0.000176918044
0.153,-0.692929804,-2.83713324,-2.7012413,2.24199967,0.200358602,-0.00414907215,0.00102367133,-0.502928382,-1.33552191,4.38107859,-2.17491516,0.314254305,0.012696622,0.00028827492
0.154,-0.696868174,-2.89137232,-2.80608903,2.31984548,0.214121138,-0.0041593414,0.000985764626,-0.518950538,-1.38688854,4.49296997,-2.26107108,0.326412028,0.0137848635,0.000432301929
0.155,-0.700288899,-2.94504886,-2.91394362,2.39955761,0.228559742,-0.00415872241,0.000956484413,-0.535112469,-1.43972042,4.6055209,-2.34960542,0.338869223,0.0149968285,0.000610551125
0.156,-0.703163453,-2.99806724,-3.02484983,2.48115597,0.243689998,-0.0041487403,0.000941694898,-0.551384359,-1.49403042,4.71863925,-2.44053623,0.351632109,0.0163379488,0.000824436257
0.157,-0.705461389,-3.05032837,-3.1388482,2.56466049,0.259529838,-0.00413001787,0.000949614902,-0.567729263,-1.54982937,4.83223269,-2.53387926,0.364710178,0.0178138042,0.00107781558
0.158,-0.707157563,-3.10172997,-3.25598241,2.65009101,0.276091623,-0.00410223117,0.000981527481,-0.584107466,-1.60712532,4.94620334,-2.62964736,0.378109986,0.0194307701,0.00136948212
0.159,-0.708264402,-3.15216222,-3.3763305,2.73747175,0.293351877,-0.0040591773,0.00100329226,-0.600502799,-1.66592075,5.06042426,-2.72784816,0.391813726,0.0211970835,0.00167356417
0.16,-0.708807038,-3.20150963,-3.49998184,2.82682905,0.31127924,-0.00398925961,0.000978807086,-0.616918171,-1.72621338,5.17475179,-2.82848624,0.405799932,0.0231162389,0.00196591698
0.161,-0.708780254,-3.24965796,-3.62699459,2.91818458,0.329873776,-0.00388310378,0.000906462022,-0.633339121,-1.78799962,5.28905734,-2.93156602,0.420070235,0.025186552,0.00224758553
0.162,-0.708167549,-3.29649324,-3.75741384,3.01155681,0.349146286,-0.00373248181,0.000794791029,-0.649740553,-1.85127328,5.40321692,-3.03708992,0.434634588,0.027404588,0.00252670093
0.163,-0.706954886,-3.34190082,-3.89128527,3.10696215,0.369104651,-0.0035291408,0.000649459068,-0.666098996,-1.91602455,5.51710002,-3.14505733,0.449500974,0.0297658806,0.00280880219
0.164,-0.705130448,-3.38576557,-4.02865412,3.20441492,0.389754892,-0.00326458826,0.000473632016,-0.682391381,-1.98224004,5.63057033,-3.25546462,0.464675986,0.03226522,0.00309714622
0.165,-0.702684729,-3.42797215,-4.16956508,3.3039273,0.411101036,-0.00293002573,0.000268333272,-0.698596829,-2.04990255,5.74348521,-3.36830511,0.480164827,0.0348962312,0.00339320677
0.166,-0.699610947,-3.46840545,-4.31406203,3.40550914,0.433145363,-0.00251637506,3.22401733e-05,-0.714696255,-2.11899118,5.85569573,-3.48356914,0.495971145,0.0376516233,0.00369631719
0.167,-0.695904833,-3.50695079,-4.46218774,3.50916805,0.455888534,-0.00201399419,-0.000237651607,-0.730674056,-2.18948105,5.96704631,-3.60124403,0.512097205,0.0405227494,0.00400448156
0.168,-0.691565853,-3.54349457,-4.61398466,3.61490893,0.479328768,-0.00141302988,-0.000547144653,-0.746518771,-2.26134349,6.07737376,-3.72131422,0.528542687,0.0434998389,0.00431297654
0.169,-0.686596858,-3.57792418,-4.76949428,3.72273442,0.503462374,-0.000702807264,-0.000903550802,-0.762225055,-2.33454578,6.18650677,-3.84376116,0.54530493,0.0465716813,0.00461565875
0.17,-0.681006415,-3.61012892,-4.92875962,3.83264406,0.528281307,0.000127380642,-0.00131819153,-0.777795798,-2.40905133,6.29426349,-3.96856345,0.562376198,0.0497258534,0.00490205133
0.171,-0.674808542,-3.63999951,-5.09182446,3.94463535,0.553774273,0.00108936317,-0.00180409211,-0.793244885,-2.48481967,6.4004506,-4.09569657,0.579743851,0.0529487118,0.00515941763
0.172,-0.668027114,-3.66742913,-5.2587389,4.05870269,0.579921087,0.00219481072,-0.00238110337,-0.808602041,-2.56180638,6.50485812,-4.22513285,0.597384926,0.0562256392,0.00536732915
0.173,-0.660680649,-3.69231358,-5.42954346,4.17483819,0.60670987,0.00345561887,-0.00305681232,-0.823906069,-2.63996479,6.60726857,-4.35684214,0.615277786,0.0595405108,0.00551257728
0.174,-0.652697008,-3.71456241,-5.60418524,4.29301955,0.634219006,0.00487067515,-0.00374671148,-0.839136,-2.71925329,6.7075208,-4.4907983,0.633461935,0.062870461,0.00564619385
0.175,-0.643966699,-3.73409592,-5.78256348,4.41321356,0.662563409,0.00642467128,-0.0043465445,-0.85420497,-2.79963745,6.80549554,-4.62697304,0.652000428,0.066202207,0.00583336225
0.176,-0.634464012,-3.75082638,-5.96464987,4.53539527,0.6917767,0.00810956508,-0.00484332587,-0.869061308,-2.88107616,6.90102492,-4.76532597,0.670898857,0.0695359357,0.00607648543
0.177,-0.624205573,-3.76466129,-6.15045005,4.65954569,0.721854925,0.00992437873,-0.00526070338,-0.883686134,-2.96352263,6.99390757,-4.90580879,0.690134007,0.0728765585,0.00635303491
0.178,-0.613204411,-3.77550711,-6.33995845,4.78564759,0.752800406,0.0118702788,-0.00561535469,-0.898056616,-3.04692693,7.08394399,-5.04836795,0.70968769,0.0762301824,0.0066477099
0.179,-0.601471984,-3.78327064,-6.53316065,4.91368451,0.784619262,0.0139500361,-0.00591931923,-0.912149875,-3.13123616,7.17093378,-5.19294511,0.729544382,0.0796034559,0.00695033102
0.18,-0.589017613,-3.78785837,-6.73003341,5.04364107,0.817320512,0.0161675479,-0.00618063874,-0.925941039,-3.21639396,7.25467649,-5.33947653,0.749691001,0.0830038147,0.00725477224
0.181,-0.575849131,-3.78917777,-6.93054527,5.17550206,0.850915373,0.0185275159,-0.00640433305,-0.939405053,-3.30234074,7.33497083,-5.48789364,0.770116474,0.0864387231,0.0075585825
0.182,-0.561971736,-3.78713681,-7.13465558,5.30925242,0.885417498,0.0210347278,-0.00659193824,-0.952514676,-3.38901348,7.41161563,-5.63812263,0.790811747,0.0899161114,0.00786243144
0.183,-0.547389713,-3.78164498,-7.3423156,5.4448764,0.920841769,0.0236939569,-0.00674334861,-0.965242096,-3.47634576,7.48440906,-5.79008456,0.811768583,0.0934439172,0.00816884324
0.184,-0.532105808,-3.77261291,-7.55346835,5.58235794,0.957203913,0.0265096481,-0.00685674598,-0.977558341,-3.5642675,7.55314902,-5.94369497,0.832979374,0.0970305237,0.00848190187
0.185,-0.516121486,-3.75995339,-7.76804836,5.72167984,0.994520664,0.0294857435,-0.00692910558,-0.989432971,-3.65270515,7.61763422,-6.09886426,0.854437989,0.100684043,0.00880783248
0.186,-0.499435496,-3.74358123,-7.98598038,5.86282391,1.03281039,0.0326253687,-0.00695540246,-1.00083346,-3.74158144,7.67766467,-6.25549729,0.876139675,0.104412792,0.00915484885
0.187,-0.482047594,-3.72341392,-8.20718266,6.0057704,1.07208964,0.0359309321,-0.00693287154,-1.01172346,-3.83081566,7.73304417,-6.41349395,0.898083279,0.108224388,0.00953475259
0.188,-0.463972652,-3.69937048,-8.4315811,6.15049986,1.11235787,0.0394058263,-0.00687498494,-1.0220634,-3.92032241,7.78357965,-6.5727487,0.920270602,0.112126298,0.00996158183
0.189,-0.445231518,-3.67137517,-8.65910093,6.29699164,1.15360402,0.0430533235,-0.00679875504,-1.03182273,-4.01000706,7.82907057,-6.73315022,0.94269864,0.116125997,0.0104400419
0.19,-0.425832702,-3.63935782,-8.8896476,6.44522275,1.19582759,0.046874458,-0.00670565103,-1.04097639,-4.09976951,7.86931258,-6.89458248,0.96536117,0.120230887,0.0109700007
0.191,-0.405780522,-3.60325297,-9.1231139,6.59516785,1.23903157,0.0508687086,-0.00659223089,-1.0494982,-4.18950585,7.90410375,-7.05692507,0.988253357,0.124447556,0.0115516257
0.192,-0.385084016,-3.5629989,-9.35938829,6.74680078,1.28321407,0.0550353724,-0.00645760807,-1.05736431,-4.27910811,7.93324156,-7.22005367,1.01136864,0.128782173,0.0121825155
0.193,-0.363755155,-3.51853856,-9.59835284,6.90009418,1.32837023,0.0593736932,-0.00630185137,-1.06455186,-4.36846439,7.95652505,-7.38384069,1.03470069,0.133239516,0.0128599651
0.194,-0.341808494,-3.46981986,-9.83988273,7.05501981,1.37449262,0.0638829409,-0.00612516169,-1.0710379,-4.45745917,7.97375645,-7.54815522,1.05824417,0.137823398,0.0135818166
0.195,-0.319260849,-3.41679607,-10.0838458,7.21154833,1.42157158,0.0685626191,-0.00592777697,-1.07679958,-4.54597317,7.98474143,-7.71286323,1.08199464,0.142536255,0.0143464597
0.196,-0.296131389,-3.35942609,-10.3301026,7.36964951,1.4695951,0.0734124368,-0.00570993838,-1.08181451,-4.6338836,7.98928925,-7.87782746,1.10594818,0.147379692,0.0151523876
0.197,-0.272441723,-3.29767459,-10.5785064,7.52929223,1.51854877,0.0784325871,-0.0054720213,-1.08606094,-4.72106405,7.98721297,-8.04290761,1.13010124,0.152354128,0.0159981613
0.198,-0.248215858,-3.23151237,-10.8289027,7.69044462,1.56841574,0.0836236263,-0.00521454992,-1.0895184,-4.8073848,7.97832943,-8.20796023,1.15445003,0.157459336,0.0168818292
0.199,-0.223480633,-3.1609163,-11.0811306,7.85307417,1.6191762,0.0889868095,-0.0049385037,-1.09216783,-4.89271276,7.96245957,-8.37283904,1.17899061,0.162694098,0.0178010821
0.2,-0.198264262,-3.08586979,-11.3350205,8.01714773,1.67080883,0.0945237696,-0.00464397184,-1.09399313,-4.97691173,7.93942744,-8.53739464,1.20371725,0.168056838,0.0187517898
0.201,-0.172592622,-3.00636334,-11.590391,8.18263107,1.72329448,0.100235807,-0.00432617261,-1.09498156,-5.05984255,7.90906046,-8.70147464,1.2286225,0.173545654,0.0197285425
0.202,-0.146491783,-2.92239558,-11.8470502,8.34948836,1.77661452,0.106122166,-0.00397831859,-1.09511693,-5.14136449,7.87119644,-8.86492362,1.25370355,0.179159425,0.0207321398
0.203,-0.119992697,-2.83397208,-12.1048012,8.5176825,1.83074525,0.112181656,-0.0035968981,-1.09437923,-5.22133459,7.82568379,-9.02758226,1.27896182,0.184897421,0.0217679112
0.204,-0.0931288559,-2.7411057,-12.3634405,8.68717514,1.88566005,0.118412753,-0.00317942668,-1.09274929,-5.29960766,7.77237769,-9.18928771,1.3043987,0.190759374,0.0228409988
0.205,-0.0659345944,-2.64381653,-12.622756,8.85792638,1.94133087,0.124813352,-0.0027226927,-1.09020848,-5.37603617,7.71114064,-9.34987316,1.33001584,0.196745666,0.023956671
0.206,-0.0384455427,-2.54213244,-12.882528,9.02989479,1.99772789,0.131380721,-0.00222343452,-1.08673881,-5.45047061,7.64184299,-9.50916844,1.35581508,0.202857212,0.0251198219
0.207,-0.0106982071,-2.43608871,-13.1425285,9.20303734,2.05481979,0.138111547,-0.00167770958,-1.08232202,-5.52275958,7.56436422,-9.6669998,1.38179936,0.209095548,0.0263360879
0.208,0.0172696815,-2.32572872,-13.402522,9.37730929,2.11257345,0.145001831,-0.00108159145,-1.07693932,-5.5927501,7.47859377,-9.82319047,1.40797288,0.215462649,0.0276112664
0.209,0.045419776,-2.21110357,-13.6622648,9.55266421,2.17095455,0.15204708,-0.000430291308,-1.07057004,-5.6602879,7.38443281,-9.97756056,1.4343424,0.221960965,0.0289528619
0.21,0.0737127212,-2.09227289,-13.9215061,9.72905357,2.22992711,0.159242116,0.000280902269,-1.06319097,-5.72521756,7.28179528,-10.1299277,1.46091745,0.22859314,0.0303692307
0.211,0.102108925,-1.96930444,-14.1799867,9.90642698,2.28945446,0.166581477,0.00105767239,-1.05477445,-5.78738302,7.17061051,-10.2801069,1.48771238,0.23536202,0.0318716639
0.212,0.13056218,-1.84227449,-14.4374461,10.0847323,2.34949227,0.174059914,0.00189933163,-1.04529608,-5.84662653,7.05081573,-10.4279104,1.51473787,0.242271124,0.0334644906
0.213,0.158997043,-1.7112636,-14.6936464,10.2639199,2.40996545,0.181677351,0.00277690126,-1.03477241,-5.90278446,6.92232081,-10.5731437,1.54196722,0.249328258,0.0351127816
0.214,0.18733465,-1.57635837,-14.9483523,10.4439418,2.47078937,0.189440059,0.00366038514,-1.02324753,-5.95568908,6.78502817,-10.7156115,1.56936217,0.256536862,0.0367749268
0.215,0.2155249,-1.43765752,-15.2012969,10.6247445,2.53190375,0.197351786,0.00454919578,-1.01073816,-6.00517748,6.63888254,-10.8551235,1.59691946,0.263892823,0.0384468933
0.216,0.243527458,-1.29527099,-15.452199,10.8062698,2.59325545,0.205414084,0.0054516318,-0.997247358,-6.0510895,6.4838546,-10.991491,1.62465007,0.271389168,0.0401369923
0.217,0.271300375,-1.1493182,-15.7007748,10.9884565,2.65478726,0.213627847,0.00637366008,-0.982783107,-6.09326679,6.31992293,-11.1245259,1.65256177,0.279018281,0.04184947
0.218,0.29880074,-0.99992782,-15.9467374,11.1712405,2.71643881,0.221993476,0.00731964494,-0.967356246,-6.13155298,6.1470765,-11.2540407,1.6806608,0.286772012,0.0435858046
0.219,0.325984811,-0.8472375,-16.1897972,11.354555,2.77814677,0.230511033,0.00829234622,-0.950981916,-6.16579461,5.96531369,-11.3798492,1.70895122,0.294641675,0.0453445689
0.22,0.352808251,-0.69139344,-16.4296624,11.5383307,2.83984517,0.239180332,0.00929332607,-0.933678896,-6.19584136,5.77464313,-11.5017664,1.7374352,0.302618253,0.0471218797
0.221,0.379226317,-0.532550115,-16.6660392,11.7224959,2.90146553,0.248001091,0.0103229173,-0.915470517,-6.22154689,5.57508317,-11.6196093,1.76611272,0.310692301,0.0489115217
0.222,0.405194147,-0.370869652,-16.8986325,11.9069769,2.96293708,0.256972848,0.0113807409,-0.896383856,-6.2427693,5.3666627,-11.7331969,1.79498209,0.31885413,0.0507059587
0.223,0.430666923,-0.206521383,-17.1271462,12.0916976,3.02418707,0.266094839,0.0124657839,-0.876451195,-6.25937178,5.14941967,-11.8423503,1.82403865,0.327094091,0.052495471
0.224,0.455613902,-0.0396828224,-17.3512703,12.2765787,3.08515481,0.275364075,0.0135908122,-0.855692914,-6.27122525,4.92341824,-11.9468955,1.85329186,0.335400511,0.054286051
0.225,0.480021202,0.129458301,-17.5706755,12.4615338,3.14579718,0.284770434,0.0147836489,-0.834103289,-6.27821159,4.68876025,-12.0466635,1.88277437,0.343761301,0.0561063113
0.226,0.503861864,0.300707678,-17.7850415,12.6464722,3.20606064,0.294299454,0.0160570161,-0.81168223,-6.28021931,4.44555364,-12.1414851,1.91250873,0.352170177,0.0579725066
0.227,0.527092655,0.473866993,-17.9940647,12.8313026,3.26587455,0.303937973,0.0174063046,-0.788451813,-6.27714066,4.19389907,-12.231191,1.94249687,0.360624403,0.0598802987
0.228,0.549670982,0.648732589,-18.197442,13.0159311,3.32516776,0.313672062,0.018827016,-0.764436923,-6.26887464,3.93390943,-12.3156154,1.97274003,0.369121886,0.0618256626
0.229,0.571556812,0.825094971,-18.39487,13.2002606,3.38387032,0.323486649,0.0203160868,-0.739661967,-6.25532752,3.66571304,-12.3945958,2.00324157,0.377660568,0.0638071999
0.23,0.592711841,1.00273929,-18.5860462,13.384191,3.44191273,0.333365421,0.0218712775,-0.714151994,-6.23641313,3.38945236,-12.4679743,2.03400572,0.38623854,0.0658251373
0.231,0.613100246,1.18144526,-18.770669,13.5676182,3.49922669,0.343290696,0.0234916163,-0.687931596,-6.21205307,3.10528503,-12.5355974,2.06503837,0.394853882,0.0678818931
0.232,0.63268791,1.36098725,-18.9484383,13.7504341,3.55574475,0.353243314,0.0251768491,-0.661026301,-6.18217683,2.81338238,-12.5973169,2.09634516,0.403504832,0.0699800361
0.233,0.651442195,1.54113429,-19.1190566,13.9325266,3.61140017,0.363203035,0.0269270917,-0.633461655,-6.14672213,2.5139309,-12.6529898,2.1279324,0.412189526,0.0721232332
0.234,0.669331352,1.72165021,-19.2822301,14.1137793,3.66612636,0.373148534,0.0287420723,-0.605262434,-6.10563536,2.20713281,-12.7024791,2.15980753,0.420905901,0.0743163865
0.235,0.686314012,1.90229516,-19.4376798,14.2940731,3.7198464,0.38305936,0.0306105217,-0.576469712,-6.05886928,1.8931893,-12.7456515,2.19196192,0.42965394,0.0765483783
0.236,0.702342062,2.0828282,-19.5851427,14.4732891,3.77247278,0.392920813,0.0325129819,-0.547147991,-6.00638169,1.57229522,-12.7823784,2.2243678,0.438433519,0.0787911665
0.237,0.717381436,2.26300525,-19.7243526,14.6513069,3.82392721,0.402721479,0.0344421604,-0.51735474,-5.94814029,1.24466886,-12.8125415,2.25700818,0.447239503,0.0810312826
0.238,0.731410393,2.44257735,-19.8550396,14.8280012,3.87414236,0.412448137,0.0364010593,-0.487131567,-5.88412507,0.910558036,-12.8360319,2.28988168,0.456063849,0.083272157
0.239,0.744408517,2.6212923,-19.976941,15.0032429,3.9230512,0.422087269,0.0383919086,-0.456520825,-5.81432607,0.570223433,-12.8527484,2.32298538,0.464898165,0.0855167365
0.24,0.75635639,2.79889553,-20.0898028,15.1768997,3.97058702,0.431625166,0.0404158814,-0.425566805,-5.73874361,0.223936988,-12.8625976,2.3563139,0.473734075,0.0877666947
0.241,0.767235741,2.97513044,-20.1933797,15.3488363,4.01668364,0.441048084,0.0424732626,-0.394315638,-5.65738829,-0.128018045,-12.865494,2.3898593,0.482563254,0.0900223073
0.242,0.777029562,3.14973923,-20.2874355,15.5189148,4.06127569,0.450342502,0.0445634032,-0.362817284,-5.57028102,-0.485349596,-12.86136,2.42360939,0.491377764,0.0922807536
0.243,0.785723242,3.32246337,-20.3717436,15.686995,4.10429895,0.459495626,0.0466854464,-0.331123785,-5.47745322,-0.847755284,-12.8501267,2.45754977,0.500169375,0.0945385154
0.244,0.793304779,3.4930441,-20.4460865,15.852935,4.14569119,0.468495043,0.0488383952,-0.299288512,-5.37894733,-1.21492235,-12.8317341,2.49166417,0.508929834,0.0967915076
0.245,0.79976504,3.66122326,-20.5102568,16.0165911,4.18539192,0.477329187,0.0510212338,-0.267363909,-5.27481694,-1.58652572,-12.8061314,2.52593686,0.517650236,0.0990378244
0.246,0.805096648,3.82674329,-20.5640581,16.1778183,4.22334221,0.485986724,0.053232164,-0.235395242,-5.16512803,-1.9622231,-12.7732786,2.56035795,0.526320726,0.101281969
0.247,0.809292252,3.98934756,-20.6073061,16.3364713,4.25948351,0.494456368,0.0554687833,-0.203426708,-5.04995772,-2.34166249,-12.7331441,2.59491623,0.534931811,0.103525975
0.248,0.812346734,4.14878183,-20.6398283,16.4924043,4.29375958,0.502727693,0.057728728,-0.171509623,-4.9293935,-2.72448968,-12.6857052,2.62959179,0.543475482,0.105763497
0.249,0.814258034,4.30479548,-20.6614641,16.6454719,4.32611629,0.510791692,0.0600099224,-0.139697633,-4.80353368,-3.11034367,-12.6309483,2.6643613,0.551943808,0.107986344
0.25,0.815026996,4.45714206,-20.6720659,16.7955287,4.35650206,0.518640664,0.062310129,-0.10804503,-4.67248796,-3.49885596,-12.5688698,2.69919914,0.560329179,0.110185278
0.251,0.814657672,4.60558041,-20.6714998,16.9424303,4.38486732,0.526268516,0.0646272006,-0.0766059326,-4.53637724,-3.88965027,-12.4994753,2.73407855,0.568623611,0.112351823
0.252,0.813156847,4.74987517,-20.6596458,17.0860331,4.41116479,0.533670208,0.0669583219,-0.0454300739,-4.39533458,-4.28233972,-12.422781,2.768975,0.576818741,0.1144816
0.253,0.810533213,4.88979809,-20.6363997,17.2261936,4.43534971,0.540840652,0.0693004789,-0.0145658839,-4.24950418,-4.67653049,-12.3388123,2.803863,0.584906611,0.116571038
0.254,0.806797225,5.02512835,-20.6016728,17.3627692,4.45737964,0.54777521,0.0716500134,0.0159358845,-4.09904068,-5.07182672,-12.2476036,2.83871215,0.592880135,0.118613917
0.255,0.801965069,5.15565369,-20.5553889,17.4956184,4.47721877,0.554468435,0.074007336,0.0460298539,-3.94410999,-5.46782313,-12.1491998,2.87349552,0.600732086,0.12061008
0.256,0.79606711,5.28116886,-20.4974755,17.6245971,4.49484745,0.560911547,0.0763842027,0.0756945017,-3.7848921,-5.86408767,-12.0436582,2.90820733,0.608453092,0.122583453
0.257,0.789134418,5.4014782,-20.4278751,17.7495559,4.51025223,0.567089598,0.0787874392,0.104912533,-3.62157874,-6.26017982,-11.9310448,2.94284411,0.616037302,0.124561496
0.258,0.781187794,5.5163954,-20.3465579,17.8703447,4.52341161,0.57298727,0.081210418,0.133647206,-3.45436738,-6.65567585,-11.8114317,2.97738133,0.6234826,0.126551647
0.259,0.772247384,5.62574412,-20.2535129,17.9868144,4.53430544,0.578588081,0.0836442398,0.161858251,-3.28346344,-7.0501536,-11.6849,3.01179011,0.630787928,0.128558356
0.26,0.762335307,5.72935582,-20.1487453,18.0988151,4.5429173,0.583874117,0.086080515,0.18950951,-3.10908018,-7.44318611,-11.5515404,3.04604414,0.637951375,0.130590075
0.261,0.751475053,5.8270709,-20.0322763,18.2061962,4.54923506,0.588825556,0.08851122,0.216566904,-2.93143857,-7.8343437,-11.4114538,3.08011822,0.644971173,0.132656557
0.262,0.739692308,5.91873707,-19.9041429,18.3088069,4.55325071,0.593421474,0.0909297665,0.242995099,-2.75076531,-8.22319876,-11.2647503,3.11398416,0.651845209,0.134765452
0.263,0.727015881,6.00421015,-19.7643964,18.406497,4.55496053,0.597640998,0.0933304473,0.268762515,-2.56729393,-8.60932057,-11.1115503,3.14761708,0.658570517,0.136926965
0.264,0.713476154,6.08335252,-19.6131043,18.4991164,4.55436362,0.601463172,0.0957075426,0.293844485,-2.38126417,-8.99227376,-10.9519845,3.1809969,0.665142161,0.139155601
0.265,0.699091709,6.15603542,-19.4503624,18.5865174,4.55144881,0.604869922,0.0980412143,0.318180086,-2.19291548,-9.37166121,-10.7861876,3.214066,0.671560733,0.141425134
0.266,0.6838704,6.22214175,-19.2763003,18.668566,4.54618756,0.607858147,0.10030228,0.341657465,-2.00248083,-9.74714217,-10.6142967,3.24671255,0.67782957,0.143657485
0.267,0.667838342,6.281566,-19.091054,18.7451452,4.53856161,0.610439039,0.102482027,0.36419612,-1.81020012,-10.1183533,-10.4364642,3.27885171,0.683942225,0.145806007
0.268,0.651039741,6.33421202,-18.8947599,18.8161416,4.52857105,0.612624767,0.104588817,0.38576634,-1.61632564,-10.4848899,-10.2528582,3.31044369,0.689884113,0.147871068
0.269,0.633520666,6.37999513,-18.687569,18.881448,4.51621984,0.614429965,0.106630885,0.406341336,-1.42111483,-10.8463528,-10.0636558,3.34144722,0.695641798,0.149850162
0.27,0.615328744,6.41884455,-18.4696485,18.9409649,4.50151422,0.615872673,0.108616332,0.425891868,-1.22482843,-11.202356,-9.86904061,3.37181291,0.701203195,0.151734133
0.271,0.59651328,6.4507039,-18.2411804,18.9946015,4.4844641,0.616973724,0.110552568,0.444388162,-1.02773075,-11.5525239,-9.66920339,3.40148684,0.706558733,0.15350888
0.272,0.577124355,6.47553353,-18.0023635,19.0422768,4.46508113,0.617757393,0.112446107,0.461802089,-0.83008902,-11.8964919,-9.46434126,3.43041111,0.711700088,0.15515868
0.273,0.557211703,6.49331126,-17.7534131,19.0839195,4.44338097,0.618248903,0.114302277,0.478099422,-0.632172406,-12.2339128,-9.25465639,3.45851752,0.716623129,0.156658802
0.274,0.536834738,6.50403401,-17.494553,19.1194694,4.41939015,0.618475143,0.116135389,0.493281213,-0.434256768,-12.5644178,-9.04036106,3.48576873,0.721319959,0.158020415
0.275,0.516070002,6.50771224,-17.2260003,19.1488633,4.39316358,0.618447831,0.117973583,0.50745291,-0.236639545,-12.8875451,-8.82168921,3.51223099,0.725771286,0.159357517
0.276,0.494982397,6.50436641,-16.9479848,19.1720186,4.36476488,0.618148293,0.119825385,0.520709419,-0.0396239155,-13.2028481,-8.59887791,3.53796611,0.729967831,0.160769306
0.277,0.473614623,6.49403007,-16.6607693,19.1888538,4.3342428,0.617553298,0.121675022,0.533049641,0.156502542,-13.5099829,-8.37215442,3.56294312,0.733917767,0.162257395
0.278,0.452007525,6.47675269,-16.3646344,19.1992961,4.30164539,0.616640629,0.123504874,0.544459582,0.351457129,-13.8086299,-8.141748,3.58711883,0.737630754,0.163813157
0.279,0.430202021,6.45259362,-16.0598733,19.2032753,4.26702476,0.615384936,0.12529718,0.554935236,0.544958222,-14.0984697,-7.90789456,3.61046218,0.741114108,0.165438411
0.28,0.408238826,6.42162375,-15.7467929,19.2007264,4.23043438,0.613761427,0.127034936,0.564480564,0.736726898,-14.3791877,-7.6708354,3.63295059,0.744371995,0.167143402
0.281,0.386157359,6.3839211,-15.4257124,19.1915856,4.19193034,0.611742249,0.128700045,0.573107994,0.926486326,-14.6504728,-7.43081803,3.65457172,0.74740543,0.168945796
0.282,0.363995446,6.33957134,-15.096964,19.1757926,4.15156826,0.609300636,0.130273749,0.580843431,1.11396256,-14.9120137,-7.18809563,3.67532844,0.750210788,0.170874946
0.283,0.341784459,6.28866314,-14.7608936,19.1532858,4.10940075,0.606407875,0.131731029,0.587667566,1.29889417,-15.1635594,-6.94291906,3.69518,0.752789313,0.172910094
0.284,0.319546949,6.23129542,-14.4178714,19.1240236,4.06546512,0.603056874,0.133044741,0.593427916,1.481054,-15.4050104,-6.69551971,3.71394707,0.755160928,0.174892069
0.285,0.297317063,6.16758574,-14.0682831,19.0880105,4.01979158,0.59928752,0.134212674,0.598004544,1.66022991,-15.6362692,-6.44613193,3.73146181,0.757335428,0.176690424
0.286,0.275142281,6.09766647,-13.7125107,19.0452686,3.97242429,0.595148506,0.1352504,0.601414677,1.83619551,-15.8571272,-6.1950125,3.74768577,0.759301191,0.178306652
0.287,0.25307041,6.02167783,-13.3509397,18.9958264,3.92341222,0.590688381,0.136175027,0.603697269,2.00872804,-16.0673765,-5.94242298,3.76259838,0.761044335,0.17975668
0.288,0.231148066,5.93977478,-12.9839611,18.9397255,3.8728079,0.585958663,0.137004717,0.60488202,2.1776137,-16.2668411,-5.68862273,3.77616552,0.762556328,0.181040262
0.289,0.209421759,5.85212458,-12.6119697,18.8770183,3.82066741,0.581010786,0.137758017,0.604994856,2.3426484,-16.4553715,-5.43386888,3.78834673,0.763832116,0.182149644
0.29,0.18793758,5.75891057,-12.2353636,18.8077716,3.7670512,0.575898051,0.138455034,0.604051924,2.50363842,-16.6328504,-5.17841455,3.79908857,0.764872841,0.183062655
0.291,0.166743048,5.66033255,-11.8545432,18.732067,3.71202414,0.570673086,0.139117488,0.602064365,2.6604021,-16.7991883,-4.92250799,3.80833062,0.765684083,0.183753163
0.292,0.145882321,5.55660909,-11.469914,18.6500025,3.65565433,0.565387905,0.139766264,0.599152449,2.81274891,-16.9542076,-4.66641294,3.8161197,0.76625725,0.184304468
0.293,0.125391212,5.44796592,-11.0818781,18.5616556,3.59801974,0.560052043,0.140401292,0.595554562,2.96046426,-17.0976166,-4.41041754,3.82264108,0.766564121,0.184923991
0.294,0.105299909,5.33462194,-10.6908256,18.4670663,3.53921351,0.554623295,0.141003445,0.59139773,3.10334549,-17.2292288,-4.15480009,3.82799865,0.766593253,0.185712647
0.295,0.0856402833,5.21679944,-10.297149,18.3662772,3.47932969,0.549055141,0.141553727,0.586679471,3.24122227,-17.3489963,-3.89981486,3.83217333,0.766353142,0.186647694
0.296,0.0664419374,5.09472569,-9.90124408,18.2593365,3.41846111,0.543299724,0.142031229,0.581397173,3.37393369,-17.4568836,-3.64571375,3.83515048,0.765850661,0.187711304
0.297,0.0477308404,4.96862936,-9.50351327,18.1462965,3.35669505,0.537309035,0.142411856,0.575560327,3.50132761,-17.5528538,-3.39274854,3.8369329,0.76508662,0.18890386
0.298,0.0295298416,4.83873746,-9.10435963,18.0272108,3.29411747,0.531034448,0.142669975,0.5691863,3.62325838,-17.6368747,-3.14117187,3.83753442,0.764057397,0.190235299
0.299,0.011856168,4.70527411,-8.70419219,17.9021346,3.23080705,0.524428009,0.142776069,0.562307877,3.73958802,-17.7089089,-2.89123764,3.83698982,0.762752502,0.191733968
0.3,-0.00526924166,4.5684527,-8.30340968,17.7711178,3.16684897,0.517440999,0.142707543,0.554918597,3.85019121,-17.7689699,-2.64319469,3.83529617,0.761164828,0.193384353
0.301,-0.0217988035,4.42847966,-7.90238888,17.6342213,3.10234805,0.51004027,0.142477529,0.546832858,3.95499134,-17.817268,-2.39725243,3.83226355,0.759320004,0.194985673
0.302,-0.0376887606,4.28557791,-7.50152845,17.4915739,3.03738725,0.502274179,0.14212444,0.537887974,4.05394481,-17.8540433,-2.15359444,3.82767183,0.757255013,0.196342065
0.303,-0.0529247507,4.13999273,-7.10125523,17.343342,2.97201899,0.494217697,0.141668575,0.528115784,4.14699486,-17.8793761,-1.91242053,3.82148035,0.754981574,0.197443562
0.304,-0.0675017618,3.99196883,-6.70199277,17.1896973,2.90629266,0.485948713,0.141126643,0.517596682,4.23408559,-17.8933201,-1.67393373,3.81369263,0.752505605,0.198319494
0.305,-0.0814125598,3.84176182,-6.30415275,17.0308265,2.84026422,0.477545708,0.140522684,0.506399335,4.31517775,-17.8959645,-1.43832374,3.80429876,0.749842075,0.19897779
0.306,-0.0946502754,3.68963088,-5.90813625,16.8669246,2.77399366,0.469087595,0.139884524,0.494588234,4.39024548,-17.8874238,-1.2057703,3.7932808,0.747010824,0.19941598
0.307,-0.107204796,3.5358485,-5.51433158,16.6982037,2.70754772,0.460653059,0.139247277,0.482215162,4.45928148,-17.8678484,-0.976437257,3.78060758,0.744041377,0.199611424
0.308,-0.119071764,3.38069801,-5.12312399,16.5248898,2.64098957,0.452321438,0.13864221,0.469347849,4.52229162,-17.8373944,-0.750477405,3.7662604,0.740964795,0.199556445
0.309,-0.130295648,3.22448615,-4.73493572,16.3472293,2.57433728,0.444170576,0.138049836,0.456224832,4.57926458,-17.7960649,-0.528062528,3.75040086,0.737783691,0.199416125
0.31,-0.140930807,3.06750814,-4.35016685,16.1654135,2.50761058,0.43619949,0.137408343,0.44311896,4.63016336,-17.7438064,-0.309394072,3.73328552,0.734468139,0.199409788
0.311,-0.150984792,2.91003497,-3.96915335,15.9795939,2.44087748,0.428357334,0.136686532,0.430111981,4.674982,-17.6807419,-0.0946525911,3.71502279,0.731004643,0.199582391
0.312,-0.160442788,2.75232703,-3.59220113,15.789917,2.37422466,0.42058674,0.135873706,0.417198307,4.713742,-17.6070905,0.116001451,3.69563817,0.727389609,0.199900049
0.313,-0.169295119,2.59463867,-3.21961571,15.5965309,2.30772871,0.412828853,0.134951913,0.404379195,4.74647485,-17.5230675,0.322409817,3.67517765,0.723611519,0.200348637
0.314,-0.177535318,2.43721055,-2.85169463,15.3995769,2.24145932,0.405024866,0.133898092,0.39166067,4.77321851,-17.4288907,0.524415666,3.6536945,0.719650938,0.200925598
0.315,-0.185164413,2.2802723,-2.48873463,15.199195,2.17547474,0.397115063,0.132680195,0.379056965,4.79401693,-17.3247703,0.721861837,3.63126401,0.71547996,0.20164783
0.316,-0.192178286,2.12402953,-2.13101167,14.9955103,2.10983589,0.389039348,0.131270983,0.366566611,4.80891946,-17.2109371,0.914592195,3.60794724,0.711065929,0.202519635
0.317,-0.198511934,1.96866075,-1.77873183,14.788638,2.04466264,0.380733548,0.129709828,0.354023686,4.81801441,-17.0877893,1.10248456,3.58364514,0.7064062,0.203383135
0.318,-0.204098991,1.81433899,-1.43210068,14.5787446,1.98007633,0.372213361,0.128081828,0.341234002,4.8214383,-16.9558064,1.28546789,3.55815724,0.70153851,0.204030763
0.319,-0.208947596,1.66126374,-1.09138985,14.3660538,1.91613097,0.363544929,0.126423646,0.328186012,4.81932233,-16.8153187,1.46347205,3.53143491,0.696493432,0.204422369
0.32,-0.21309796,1.5096283,-0.75688203,14.1507905,1.8528515,0.354802107,0.124745147,0.314949706,4.81178889,-16.6665873,1.63642177,3.50350316,0.691288857,0.204593425
0.321,-0.216586757,1.35962913,-0.428838337,13.9331905,1.79027425,0.346055417,0.12306646,0.301585059,4.7989705,-16.5098914,1.80425657,3.47438014,0.685954544,0.204559287
0.322,-0.21944834,1.21145617,-0.10749999,13.7134887,1.72843833,0.337376038,0.12141483,0.288145807,4.78101119,-16.3455292,1.96693204,3.44406882,0.680524709,0.204323873
0.323,-0.221711755,1.06530664,0.206913016,13.491934,1.66739513,0.328831519,0.119828079,0.27467559,4.75806702,-16.1738164,2.12442201,3.41256455,0.67504676,0.203871864
0.324,-0.223425772,0.921382534,0.514174268,13.268783,1.60717314,0.32049407,0.11832732,0.26125083,4.73030316,-15.9950507,2.27671538,3.37988566,0.669565137,0.203218516
0.325,-0.224716887,0.779909323,0.813997067,13.04431,1.54772596,0.312430634,0.116846225,0.24809767,4.69785713,-15.8093752,2.42377837,3.3462223,0.664093767,0.202531169
0.326,-0.225682362,0.64108903,1.10614781,12.8187198,1.48901331,0.304624973,0.115293604,0.235412255,4.66083805,-15.6169173,2.56554275,3.31181012,0.658595709,0.201973928
0.327,-0.226326716,0.505089798,1.39049688,12.5921795,1.43108026,0.297019838,0.113649471,0.223213335,4.61937633,-15.4179585,2.7019578,3.27674334,0.653048859,0.201550409
0.328,-0.226632954,0.372064825,1.66694333,12.3648463,1.37398009,0.289556223,0.111911977,0.211475643,4.57362038,-15.2128289,2.83299176,3.24106808,0.647431518,0.201226392
0.329,-0.226588507,0.242155239,1.93538997,12.1368757,1.31775888,0.282176363,0.110066107,0.200178209,4.52371622,-15.0018457,2.95861041,3.20484814,0.641716133,0.200986622
0.33,-0.226184001,0.115484829,2.19574665,11.9084115,1.26244702,0.274825326,0.10809109,0.18930599,4.46981265,-14.7853214,3.07878359,3.16815013,0.635864924,0.200826114
0.331,-0.225411837,-0.00783886605,2.44793218,11.6795929,1.20807206,0.267450481,0.105956009,0.178845934,4.41205177,-14.5635564,3.19347545,3.13105515,0.629834877,0.20075539
0.332,-0.224214884,-0.127742635,2.69192865,11.4505315,1.15469985,0.25999137,0.103678529,0.168712953,4.35058789,-14.3369212,3.3026644,3.09356912,0.623588426,0.200712742
0.333,-0.222486792,-0.244176701,2.9277767,11.2213523,1.10246253,0.2524171,0.101353111,0.158725635,4.28561225,-14.1059022,3.40637314,3.05556923,0.61713707,0.200538112
0.334,-0.220202969,-0.357082456,3.15544879,10.9922301,1.05143038,0.244767884,0.0990491329,0.14880178,4.21734003,-13.8709361,3.50466497,3.01695844,0.610523803,0.200144273
0.335,-0.217417717,-0.466385011,3.37485754,10.7633672,1.00160748,0.237103856,0.0967657268,0.138975673,4.1459668,-13.6323452,3.59759235,2.97775623,0.603781391,0.199559269
0.336,-0.214188014,-0.572022756,3.58593228,10.5349532,0.952992098,0.229480403,0.0945062617,0.129289299,4.07168859,-13.3904444,3.68521543,2.93798537,0.596941387,0.198809512
0.337,-0.210569569,-0.673931807,3.78862119,10.3071871,0.905594261,0.221952099,0.0922825014,0.119776693,3.99470419,-13.1455545,3.76760526,2.89766451,0.590046039,0.197911193
0.338,-0.206614315,-0.772058061,3.98289206,10.0802568,0.859423068,0.214566095,0.0901154922,0.110468074,3.91521877,-12.8980009,3.84484655,2.85680424,0.583139204,0.196868708
0.339,-0.202388958,-0.866338931,4.16871248,9.85436452,0.81448209,0.207372084,0.0880199676,0.101403033,3.83343972,-12.648098,3.91703459,2.81542723,0.576271858,0.195694512
0.34,-0.198012853,-0.956706726,4.34601012,9.62970915,0.7707106,0.200416518,0.0859523097,0.0926981025,3.74956127,-12.3960775,3.98425756,2.77363901,0.569472132,0.194475781
0.341,-0.193580425,-1.04309843,4.51474984,9.40646324,0.728048737,0.193702848,0.0838527324,0.0844598121,3.66374549,-12.1421388,4.04657067,2.73159103,0.562726757,0.193303982
0.342,-0.189106849,-1.12548496,4.674981,9.18475442,0.686491693,0.187201744,0.0817149678,0.0767014959,3.5761609,-11.8865539,4.1040347,2.68936087,0.556017281,0.192186197
0.343,-0.184591583,-1.20384226,4.82677682,8.96471435,0.646053159,0.180885644,0.0795526128,0.0694066311,3.48698013,-11.6296182,4.15672053,2.64699683,0.549332474,0.191102722
0.344,-0.180031265,-1.27816126,4.97021757,8.746457,0.606736266,0.174724855,0.0773699479,0.0625608522,3.39637624,-11.3716176,4.20470267,2.60454974,0.542656362,0.190041722
0.345,-0.175428833,-1.34843719,5.10538641,8.53010196,0.56854036,0.16869651,0.0751694628,0.0561517734,3.30451595,-11.1128292,4.24805593,2.56207192,0.535971547,0.188995584
0.346,-0.170779582,-1.4146802,5.23237905,8.31575012,0.531460745,0.16277585,0.0729472936,0.0501664155,3.21156515,-10.853521,4.28685803,2.51961598,0.529259003,0.187961474
0.347,-0.166068469,-1.47691151,5.35131114,8.10350277,0.495505965,0.156941911,0.0707163458,0.0445640141,3.1176869,-10.5939827,4.32119047,2.47720368,0.522502917,0.186908601
0.348,-0.161279172,-1.53516337,5.46230466,7.89345479,0.46069239,0.15118394,0.0684966931,0.0392840565,3.02306189,-10.3345239,4.35115503,2.43482529,0.515712225,0.185791276
0.349,-0.156429565,-1.58946769,5.56545766,7.68571965,0.427017361,0.145508542,0.066300753,0.034298496,2.92786831,-10.0754277,4.37685902,2.39248779,0.508900675,0.184592313
0.35,-0.151542852,-1.63986032,5.6608702,7.48039924,0.394468513,0.139922627,0.0641256975,0.029600854,2.83228057,-9.81694443,4.39841254,2.35022252,0.502084916,0.183320629
0.351,-0.146646024,-1.6863852,5.74864729,7.27759803,0.363030179,0.134434563,0.0619758164,0.0251879655,2.7364639,-9.55931949,4.41592561,2.3080565,0.49527489,0.181981081
0.352,-0.141760147,-1.72908856,5.82890737,7.07740835,0.332691186,0.129051258,0.0598522948,0.0210513211,2.64058459,-9.30279012,4.42951586,2.26601657,0.488490836,0.180579362
0.353,-0.136909003,-1.76802604,5.90177178,6.87992403,0.303434626,0.123779579,0.0577631116,0.0171881931,2.54480053,-9.04758865,4.43930126,2.22412482,0.481743836,0.179116828
0.354,-0.132122984,-1.80324885,5.96736326,6.68523137,0.275239232,0.118628269,0.0557027171,0.0135972452,2.44926814,-8.7939296,4.44540457,2.18241337,0.475054529,0.17760562
0.355,-0.127433334,-1.83481788,6.02580637,6.49341271,0.248066875,0.113601352,0.0536616121,0.0102979361,2.35412688,-8.54200435,4.44794235,2.14092686,0.468421992,0.176065754
0.356,-0.122854559,-1.86279099,6.07725135,6.30453378,0.221893233,0.108697111,0.0516327385,0.00728502272,2.259508,-8.29200206,4.44702944,2.09970426,0.461847989,0.174506407
0.357,-0.118382193,-1.88724453,6.12186429,6.1186538,0.196698252,0.103910121,0.049623624,0.00456083663,2.165537,-8.04410868,4.4427826,2.05877446,0.455325256,0.172928401
0.358,-0.114020314,-1.90824594,6.15981297,5.93582631,0.172466117,0.0992381697,0.0476364814,0.00210375751,2.07233496,-7.79851135,4.43531657,2.01815895,0.448854441,0.171325448
0.359,-0.109754461,-1.92588167,6.19127677,5.75609888,0.149178408,0.0946780343,0.0456764689,-7.49440172e-05,1.98001718,-7.55537077,4.42474954,1.97789006,0.442429513,0.16970503
0.36,-0.105590242,-1.94022683,6.21642816,5.57951465,0.126816939,0.0902286866,0.0437444904,-0.00200296151,1.88869042,-7.31486244,4.41119059,1.93798182,0.436044993,0.168054585
0.361,-0.101491099,-1.95137827,6.23547114,5.40610843,0.105376416,0.0858888463,0.0418501605,-0.00364820043,1.79845762,-7.07710828,4.39475755,1.89848246,0.429697214,0.16639978
0.362,-0.0974526743,-1.95942618,6.24859212,5.23590846,0.0848502237,0.0816549741,0.0400054741,-0.0050358495,1.70940916,-6.84226784,4.37554638,1.85940408,0.423369622,0.164725204
0.363,-0.0935247761,-1.96445874,6.25590738,5.06896277,0.0651390837,0.0775548917,0.0381070075,-0.00627101237,1.62167277,-6.61058721,4.35370711,1.82064726,0.417102534,0.162909109
0.364,-0.0897321497,-1.96659839,6.25759399,4.90526018,0.0462299283,0.0735649289,0.0361622159,-0.00731816948,1.53536447,-6.38216881,4.32937907,1.78228068,0.410896419,0.161031272
0.365,-0.0860054563,-1.96597288,6.25390609,4.74479938,0.0281863351,0.0696544663,0.0342632333,-0.00808473896,1.45052818,-6.15702995,4.3026277,1.7444317,0.404703144,0.159212889
0.366,-0.0823485165,-1.96268921,6.24502781,4.58758893,0.0109870833,0.0658242903,0.0323998344,-0.00859819969,1.36722726,-5.93529853,4.27353887,1.70710872,0.398502484,0.157436392
0.367,-0.0787751149,-1.95686076,6.23113216,4.43363816,-0.00539703553,0.0620686261,0.0305602113,-0.0088977531,1.28552134,-5.71710106,4.24220519,1.67030774,0.392280362,0.155690686
0.368,-0.0752610029,-1.94860252,6.21243059,4.28294443,-0.0209664568,0.0583876801,0.0287511963,-0.00902222042,1.20546205,-5.50255549,4.20871383,1.63402566,0.386026337,0.153948157
0.369,-0.0718018334,-1.93803634,6.18912653,4.13550677,-0.035717999,0.0547817216,0.0269932409,-0.0090391358,1.12711047,-5.29180427,4.17317942,1.59821845,0.379753511,0.152170226
0.37,-0.0684136773,-1.92526778,6.16140875,3.99133009,-0.0496599533,0.0512679464,0.0252982312,-0.00898166787,1.05052242,-5.08495807,4.13572321,1.56286689,0.373486656,0.150341757
0.371,-0.06513392,-1.91040585,6.1294477,3.8504191,-0.0628153346,0.0478571989,0.0236671092,-0.00887347293,0.975752655,-4.88210616,4.09647096,1.52796099,0.367250283,0.148467383
0.372,-0.0619900139,-1.89354913,6.0934188,3.7127768,-0.0752040678,0.0445643051,0.0221054969,-0.00872734296,0.902849453,-4.68332443,4.05554505,1.49349963,0.361071971,0.146550244
0.373,-0.0590153688,-1.87480181,6.05349407,3.57840247,-0.0868446755,0.0413954951,0.0206229482,-0.00856428294,0.831865593,-4.4886865,4.01307665,1.45947254,0.354981602,0.144592437
0.374,-0.0562432131,-1.85425402,6.00983894,3.44729681,-0.0977616938,0.0383609637,0.0192268642,-0.00839431253,0.762849824,-4.29825569,3.96919614,1.42587627,0.349011941,0.142597884
0.375,-0.0537420408,-1.83199281,5.9625821,3.31946345,-0.108014477,0.0354692925,0.0178898825,-0.00820267766,0.695847393,-4.11205824,3.92403112,1.39273514,0.343185025,0.140600403
0.376,-0.0515367966,-1.80809642,5.91186665,3.19489682,-0.117670721,0.0327168838,0.0165726019,-0.00795428766,0.630880697,-3.93008266,3.87767091,1.36010941,0.337488747,0.138638579
0.377,-0.0495993288,-1.78266569,5.85787996,3.07357048,-0.126760417,0.0300847148,0.0152645013,-0.00764650064,0.56796654,-3.75233089,3.83019354,1.32803501,0.331898238,0.136719835
0.378,-0.0478833932,-1.75579588,5.80081892,2.9554547,-0.135303292,0.0275553148,0.0139663326,-0.00728389342,0.507116368,-3.57881333,3.78167387,1.29653382,0.326391666,0.134839235
0.379,-0.0463460273,-1.72759357,5.74087686,2.84051213,-0.143319439,0.0251122585,0.0126716395,-0.0068724508,0.448334955,-3.40953021,3.73218173,1.26562716,0.320941779,0.132994399
0.38,-0.0449412865,-1.69815788,5.67824254,2.72870493,-0.150833219,0.0227431675,0.0113699311,-0.00641107001,0.391616314,-3.24447405,3.68177801,1.23533739,0.315520896,0.131185464
0.381,-0.0436074097,-1.66760323,5.61312115,2.61998332,-0.157849723,0.0204337146,0.0100631913,-0.00591040919,0.336947641,-3.08363638,3.63051838,1.20567683,0.310099118,0.129402219
0.382,-0.0422668149,-1.63604394,5.54573763,2.51429312,-0.164341925,0.0181709705,0.0087879145,-0.00540685555,0.284318615,-2.92704108,3.57847006,1.17661848,0.304668274,0.127609721
0.383,-0.040904821,-1.6035949,5.47627784,2.41158647,-0.170292181,0.0159579384,0.00757308613,-0.00494087361,0.233730302,-2.77472169,3.52573036,1.14811858,0.299252456,0.125783269
0.384,-0.0395475167,-1.57034842,5.40488487,2.31182805,-0.175719345,0.0138039761,0.00641872285,-0.00452423115,0.185180122,-2.62668547,3.47239685,1.12015582,0.293878429,0.123925353
0.385,-0.0382268863,-1.53640079,5.3316967,2.21497818,-0.180642785,0.0117180047,0.00532361838,-0.00416736945,0.13866244,-2.48292773,3.41856535,1.09271451,0.288571619,0.122041182
0.386,-0.0369727675,-1.50183456,5.25684839,2.12100063,-0.185080946,0.00970488867,0.00429432554,-0.00387987215,0.0941734863,-2.34344412,3.36433447,1.065775,0.283361011,0.120133862
0.387,-0.0358211418,-1.46673431,5.18046813,2.02985586,-0.189053078,0.00776905595,0.00333701026,-0.0036742487,0.0517107562,-2.20822589,3.309805,1.03931811,0.278275667,0.118206327
0.388,-0.0348340794,-1.43116365,5.10265009,1.94151481,-0.192610187,0.00591710482,0.00243157587,-0.00354032689,0.0112695907,-2.07724258,3.25507454,1.01334358,0.273339765,0.116281424
0.389,-0.0340474621,-1.39518663,5.02349141,1.85594172,-0.195818392,0.00414958041,0.00154067249,-0.00344718098,-0.0271714658,-1.95042309,3.20021029,0.987884876,0.268543098,0.114390551
0.39,-0.0334373675,-1.3588687,4.94312947,1.77309092,-0.198714663,0.00245596262,0.000652215913,-0.00337357238,-0.0636446102,-1.8276988,3.14525913,0.962965519,0.263858979,0.11254348
0.391,-0.0329643775,-1.32228464,4.86171406,1.69290825,-0.201318089,0.000825227595,-0.000231839672,-0.00331309958,-0.0981836373,-1.70900999,3.09026634,0.938595595,0.259262205,0.110736846
0.392,-0.0325867695,-1.28550279,4.77939046,1.61534097,-0.203648996,-0.000751782738,-0.00111483458,-0.00325540099,-0.130828429,-1.59429353,3.03526985,0.914783578,0.254725284,0.108968489
0.393,-0.0322653094,-1.2485968,4.69629871,1.54033191,-0.205728242,-0.00228057558,-0.00200450837,-0.00318994478,-0.161625821,-1.48347883,2.98030065,0.891540433,0.250219616,0.107237491
0.394,-0.0319408373,-1.21163887,4.61259327,1.46782118,-0.207559328,-0.00376848796,-0.00289575827,-0.00311097257,-0.19062844,-1.37649909,2.92538258,0.868867459,0.245716586,0.105533909
0.395,-0.031552845,-1.1747124,4.52843955,1.39774111,-0.209116646,-0.00522228861,-0.00375714465,-0.00304042468,-0.217883997,-1.27331435,2.87055154,0.846737808,0.241208495,0.103830867
0.396,-0.0310927259,-1.13788904,4.44396696,1.33003431,-0.210383821,-0.00664068859,-0.00456631361,-0.00300542909,-0.243428894,-1.17390068,2.81586614,0.825111214,0.236715729,0.102111383
0.397,-0.0305866131,-1.10123292,4.35927037,1.26464826,-0.211371396,-0.00801780223,-0.00532351276,-0.00301944899,-0.267299988,-1.07821568,2.76138606,0.803965029,0.232260144,0.10037692
0.398,-0.0300605023,-1.06479941,4.27444051,1.20153327,-0.212090229,-0.00934924159,-0.00602866178,-0.00309164568,-0.289534424,-0.986212653,2.70716914,0.783278181,0.22786309,0.0986308253
0.399,-0.0295424534,-1.02864236,4.18956387,1.14063792,-0.212549704,-0.0106333512,-0.00667554605,-0.00323562677,-0.310165805,-0.897845098,2.65327664,0.763028858,0.223548555,0.0968752167
0.4,-0.0290664372,-0.992805509,4.10471633,1.08191511,-0.212764922,-0.0118688118,-0.00726290001,-0.00346115003,-0.329224766,-0.813065076,2.59977084,0.743195875,0.219339956,0.0951152804
0.401,-0.0286861058,-0.957323698,4.01994561,1.02532214,-0.212779398,-0.0130515328,-0.00781367983,-0.00376060287,-0.346744802,-0.73180181,2.54670768,0.723779244,0.215251639,0.0933722962
0.402,-0.0284136024,-0.922224023,3.93531441,0.970815275,-0.212640599,-0.0141814221,-0.00835511099,-0.00410375636,-0.362772655,-0.653954721,2.49411523,0.704798452,0.211266676,0.0916666364
0.403,-0.0282236484,-0.887542563,3.85091319,0.91834107,-0.212369192,-0.0152630764,-0.00889142358,-0.00447283007,-0.377360909,-0.579429578,2.44201107,0.686262383,0.20736312,0.0900012078
0.404,-0.0280844272,-0.853311891,3.76683439,0.867846771,-0.211978651,-0.0163010498,-0.00942265315,-0.00485242894,-0.390561331,-0.508137258,2.39041122,0.668173112,0.203519489,0.0883739245
0.405,-0.0279650169,-0.819566669,3.6831651,0.819277851,-0.211483205,-0.0172970657,-0.00995410046,-0.00522701357,-0.402431845,-0.439984866,2.33932398,0.650534893,0.199713025,0.0867833494
0.406,-0.0278314392,-0.786338261,3.59999173,0.772581016,-0.210893559,-0.0182518754,-0.010490338,-0.00557833442,-0.413032762,-0.37487738,2.28875291,0.633351439,0.195920576,0.08522699
0.407,-0.0276313156,-0.753665675,3.51741755,0.727696412,-0.210196627,-0.0191687155,-0.0110163556,-0.0059031962,-0.422426862,-0.312731858,2.23869885,0.616613716,0.192124101,0.0836895308
0.408,-0.0273385716,-0.721587535,3.43553511,0.684566285,-0.209366103,-0.0200503447,-0.0115072157,-0.00622054042,-0.430664913,-0.253494765,2.1891823,0.600291336,0.188331955,0.0821520201
0.409,-0.0269659216,-0.690135572,3.35440334,0.643138778,-0.208395854,-0.020895687,-0.0119560949,-0.00654805064,-0.437792321,-0.197112178,2.14023275,0.584359712,0.184562481,0.0806095656
0.41,-0.0265364241,-0.659334,3.2740682,0.603366086,-0.207289214,-0.0217029084,-0.0123641359,-0.00689580145,-0.443853208,-0.143523032,2.09187864,0.568801042,0.180832981,0.0790640982
0.411,-0.0260733408,-0.629204809,3.19457242,0.565200032,-0.206048492,-0.022472508,-0.0127281805,-0.00727655725,-0.448888623,-0.0926674335,2.0441504,0.553597414,0.177162053,0.0775175961
0.412,-0.0256018209,-0.599764704,3.1159543,0.528594253,-0.204676647,-0.0232063854,-0.0130442278,-0.00770318556,-0.452934671,-0.0444878104,1.99708086,0.538729624,0.173568673,0.0759724305
0.413,-0.0251632835,-0.57102329,3.0382309,0.493506614,-0.203195263,-0.0239042981,-0.0133238809,-0.00818047371,-0.456026026,0.00108206731,1.95070229,0.52418831,0.170068902,0.0744407844
0.414,-0.0247828589,-0.542981351,2.96141747,0.459897825,-0.201640217,-0.024564545,-0.0135900804,-0.00868916722,-0.458203876,0.0441346971,1.90502987,0.509981636,0.166657232,0.072939484
0.415,-0.0244512088,-0.515642896,2.88555028,0.427723914,-0.20003226,-0.0251877068,-0.0138520052,-0.00920849357,-0.459516431,0.0847674913,1.86006501,0.496116859,0.163317143,0.0714744532
0.416,-0.0241482969,-0.489012391,2.81067351,0.396939899,-0.198380647,-0.0257755151,-0.0141097989,-0.00972288365,-0.460010346,0.123070522,1.81580782,0.482594139,0.160033037,0.0700446145
0.417,-0.0238540708,-0.463094324,2.73682726,0.367501399,-0.19669501,-0.026327762,-0.0143669303,-0.010216733,-0.459735258,0.159134158,1.77225366,0.469414485,0.156788696,0.0686485956
0.418,-0.0235476936,-0.437891827,2.66405005,0.339365315,-0.194983661,-0.0268429867,-0.0146278589,-0.0106723607,-0.458742316,0.193050166,1.72939373,0.456579899,0.153567449,0.0672846931
0.419,-0.0231943546,-0.413412086,2.59239187,0.312485682,-0.193239025,-0.0273216273,-0.0148837403,-0.0110804424,-0.457084294,0.224902586,1.68721647,0.444085386,0.150355225,0.065943064
0.42,-0.0227720047,-0.389665552,2.52190122,0.286816187,-0.191439172,-0.027766501,-0.0151154668,-0.0114525332,-0.454805775,0.254750871,1.64572276,0.431911316,0.147155924,0.0646098762
0.421,-0.0222875076,-0.366658706,2.45260323,0.262314835,-0.189574256,-0.0281792679,-0.0153153221,-0.0118053535,-0.451944897,0.28264718,1.60492295,0.420038869,0.143983406,0.0632803217
0.422,-0.021757798,-0.344393275,2.38451137,0.238942909,-0.187643994,-0.0285604116,-0.0154839604,-0.012150249,-0.448537881,0.308648205,1.56482708,0.408454923,0.140850579,0.0619555591
0.423,-0.0211995584,-0.322869224,2.31763673,0.216662028,-0.185647786,-0.028912146,-0.0156192636,-0.0124999017,-0.444617941,0.332808907,1.5254468,0.397146269,0.137770912,0.0606372062
0.424,-0.0206308608,-0.302084033,2.2519875,0.195434765,-0.183585707,-0.0292376485,-0.0157187099,-0.0128677755,-0.440213796,0.355181383,1.4867959,0.386098817,0.134758045,0.0593273684
0.425,-0.0200815491,-0.282029749,2.18755618,0.175227299,-0.18147215,-0.029538254,-0.015791921,-0.0132606705,-0.435352286,0.375823205,1.44888795,0.375305251,0.131822993,0.0580352021
0.426,-0.019569749,-0.262692266,2.12433341,0.156008047,-0.179332608,-0.029812431,-0.0158563936,-0.013665433,-0.430064218,0.394812001,1.41172412,0.364769785,0.128960952,0.0567720698
0.427,-0.0190897111,-0.244059093,2.06232435,0.137743344,-0.177181343,-0.0300593298,-0.0159190988,-0.0140656746,-0.424384769,0.412228851,1.37529622,0.354495626,0.126159997,0.055541332
0.428,-0.018628802,-0.226118824,2.00153956,0.12039898,-0.175024865,-0.0302789425,-0.0159806916,-0.0144486007,-0.418347562,0.428149338,1.33959528,0.344481799,0.123408987,0.0543418475
0.429,-0.0181744313,-0.208859784,1.94198674,0.103942147,-0.17286991,-0.0304697159,-0.0160443092,-0.0148007099,-0.41198808,0.442648637,1.3046089,0.334728263,0.120696353,0.053172082
0.43,-0.0177124963,-0.19227031,1.8836737,0.0883408916,-0.170721226,-0.0306295904,-0.0161122097,-0.0151078979,-0.405342412,0.455801795,1.27032197,0.325235468,0.118010502,0.0520295685
0.431,-0.017218783,-0.176342236,1.82661795,0.0735616101,-0.168569865,-0.0307585782,-0.0161751652,-0.0153638084,-0.398446688,0.467675164,1.2367189,0.315997912,0.115343178,0.0509056961
0.432,-0.0166822617,-0.161070695,1.7708336,0.0595707376,-0.166398914,-0.0308597422,-0.0162192473,-0.0155797747,-0.391330276,0.478315172,1.20379458,0.307001735,0.11269994,0.0497917743
0.433,-0.0161101706,-0.14644769,1.71631871,0.0463378831,-0.164202467,-0.0309354546,-0.0162407867,-0.015768489,-0.384018194,0.487764978,1.17154907,0.298235576,0.110090234,0.0486861239
0.434,-0.0155139487,-0.132463396,1.66306604,0.0338342103,-0.161979036,-0.0309876617,-0.0162398029,-0.0159402315,-0.376534,0.496069387,1.13998204,0.289690896,0.107522851,0.0475898118
0.435,-0.0149047416,-0.119107127,1.61106726,0.0220309448,-0.159726742,-0.031019775,-0.0162140928,-0.0161067053,-0.368897757,0.503270233,1.10909546,0.281358121,0.105006997,0.0465041798
0.436,-0.014296949,-0.106366747,1.5603099,0.0109004499,-0.157446863,-0.0310350581,-0.016164277,-0.0162791477,-0.361126621,0.509408,1.07889237,0.273228321,0.102551588,0.0454321587
0.437,-0.0137115133,-0.0942256149,1.51077042,0.000417920168,-0.155153129,-0.031034475,-0.0161010539,-0.0164602318,-0.353236786,0.514530185,1.04937388,0.26529835,0.100160902,0.0443813722
0.438,-0.0131557292,-0.082664139,1.46242877,-0.00944048196,-0.152862253,-0.0310161572,-0.0160359854,-0.0166382578,-0.345247844,0.518697825,1.02053111,0.257570425,0.0978281763,0.0433574314
0.439,-0.0126239302,-0.0716647486,1.41527463,-0.0186997174,-0.150580899,-0.0309792724,-0.0159713924,-0.0168027715,-0.337180498,0.521969505,0.9923519,0.250043933,0.0955454457,0.0423604248
0.44,-0.0121089941,-0.061210356,1.36929843,-0.0273841195,-0.148313652,-0.0309228196,-0.0159084915,-0.0169444987,-0.329054454,0.524400846,0.964823569,0.242717059,0.0933051111,0.0413890547
0.441,-0.0116039363,-0.0512837407,1.32448891,-0.0355165248,-0.146065367,-0.0308446922,-0.0158500754,-0.0170529665,-0.320890966,0.526047559,0.937930782,0.235589359,0.0910992232,0.0404418112
0.442,-0.0110966707,-0.0418692226,1.28083941,-0.0431199371,-0.143835248,-0.0307435729,-0.0157937348,-0.0171195584,-0.312711082,0.526962576,0.911657112,0.228658799,0.0889205006,0.0395147507
0.443,-0.0105735982,-0.0329547606,1.23834843,-0.0502180937,-0.141612386,-0.0306208612,-0.0157296337,-0.0171460215,-0.304534164,0.527187056,0.885989627,0.221918524,0.0867678842,0.0386014378
0.444,-0.010033936,-0.0245293768,1.19700751,-0.0568336981,-0.139387794,-0.0304797708,-0.0156509021,-0.0171432408,-0.296374709,0.526751571,0.860922435,0.215359671,0.0846472731,0.0376988196
0.445,-0.00948431055,-0.016580205,1.15680032,-0.0629874892,-0.137159549,-0.0303224786,-0.0155573167,-0.0171201028,-0.288245793,0.525687234,0.83645045,0.208975928,0.0825643596,0.0368073201
0.446,-0.00893155203,-0.00909430201,1.11770997,-0.0686999581,-0.134926179,-0.0301518073,-0.015448023,-0.0170855802,-0.280158533,0.524024181,0.812569345,0.202761148,0.0805247395,0.0359279902
0.447,-0.00838280204,-0.00205850555,1.07971868,-0.0739914165,-0.132686527,-0.0299710632,-0.0153220831,-0.0170492738,-0.272121676,0.521790027,0.789276345,0.196708465,0.0785341103,0.0350622596
0.448,-0.00785113634,0.00454233184,1.0428017,-0.0788803488,-0.130446897,-0.0297821987,-0.015185127,-0.0170175775,-0.264142381,0.519014282,0.766568646,0.19081349,0.0765966739,0.0342142506
0.449,-0.00734548887,0.0107265138,1.00693189,-0.0833838085,-0.128219505,-0.0295841878,-0.0150463616,-0.0169858731,-0.256228978,0.515735905,0.744438054,0.185075411,0.0747097229,0.0333880362
0.45,-0.00686450879,0.0165115944,0.972089076,-0.0875189234,-0.126010991,-0.029375667,-0.0149093556,-0.0169464166,-0.248391322,0.511996021,0.722872196,0.179493312,0.0728677335,0.0325841829
0.451,-0.00640376028,0.0219140912,0.938255732,-0.0913028263,-0.123824562,-0.0291557578,-0.0147746528,-0.0168928281,-0.240638639,0.507832739,0.701858707,0.17406481,0.0710656191,0.0318016757
0.452,-0.00595894265,0.0269504045,0.905413674,-0.0947511917,-0.121663586,-0.028922733,-0.0146439459,-0.0168180378,-0.232980877,0.503283797,0.681383586,0.168788458,0.0692981507,0.0310391561
0.453,-0.00552354685,0.0316360955,0.873546526,-0.0978794488,-0.119528994,-0.0286751491,-0.0145165809,-0.0167153956,-0.22542819,0.498385487,0.661432102,0.163662458,0.067560311,0.0302943409
0.454,-0.00508766365,0.0359840269,0.842643301,-0.100703336,-0.117414413,-0.0284134779,-0.0143862784,-0.0165836307,-0.217990174,0.493167773,0.641990726,0.158682962,0.0658500405,0.0295632872
0.455,-0.00464828895,0.0400050118,0.812690751,-0.103238507,-0.115312675,-0.0281404167,-0.0142473529,-0.0164296622,-0.210673709,0.487651294,0.623051073,0.153844301,0.0641703769,0.0288438309
0.456,-0.00420858569,0.0437108005,0.783669997,-0.105499154,-0.113221898,-0.0278580283,-0.0140993381,-0.0162600738,-0.203484082,0.481855938,0.604605927,0.149142058,0.0625246965,0.0281360997
0.457,-0.00377222365,0.0471130541,0.755561498,-0.107499314,-0.111140965,-0.0275685439,-0.0139419429,-0.0160811541,-0.196425735,0.475800976,0.58664843,0.14457207,0.0609160947,0.0274407493
0.458,-0.00334299825,0.0502231909,0.728345695,-0.109252932,-0.109068746,-0.0272746472,-0.013774637,-0.0158998211,-0.189501204,0.469503821,0.569172884,0.140129609,0.0593478526,0.0267587086
0.459,-0.00292856279,0.0530536224,0.701998726,-0.110772957,-0.107008803,-0.0269780059,-0.0136011432,-0.0157212727,-0.182712127,0.462982364,0.552173753,0.135810984,0.057822337,0.0260921752
0.46,-0.00253511085,0.05561893,0.676494423,-0.112071139,-0.104968894,-0.0266779788,-0.0134276943,-0.0155438019,-0.176060123,0.456260342,0.535642386,0.13161418,0.0563379734,0.0254431765
0.461,-0.0021625058,0.0579333694,0.651810781,-0.113159158,-0.102953478,-0.0263733342,-0.013256917,-0.0153626509,-0.169548,0.449363434,0.519567359,0.127537415,0.0548911372,0.0248117226
0.462,-0.00180842552,0.0600103113,0.62792804,-0.114048504,-0.100964529,-0.02606332,-0.0130891815,-0.0151739703,-0.163178012,0.442315429,0.503937285,0.123578229,0.0534785699,0.0241970077
0.463,-0.00147060392,0.0618628695,0.604826313,-0.11474975,-0.099004139,-0.0257466224,-0.0129254739,-0.0149733192,-0.156953083,0.435139559,0.488739951,0.119734715,0.0520968558,0.0235979086
0.464,-0.00114502333,0.0635034496,0.582487472,-0.115273029,-0.097072504,-0.0254222476,-0.0127649182,-0.0147566843,-0.150876127,0.427858051,0.473962784,0.116004905,0.0507428252,0.0230128374
0.465,-0.000825736375,0.0649422773,0.560897192,-0.115628746,-0.0951652975,-0.0250907214,-0.0126032402,-0.0145234476,-0.144950076,0.42048865,0.459594378,0.112385985,0.0494151942,0.0224396383
0.466,-0.000510886869,0.0661881287,0.540040102,-0.115826943,-0.0932781915,-0.0247541353,-0.0124371265,-0.0142781641,-0.139176278,0.413043342,0.445626493,0.108874479,0.0481155496,0.0218774493
0.467,-0.000202104377,0.0672499979,0.519897878,-0.115877028,-0.091410093,-0.0244141235,-0.0122664493,-0.0140251032,-0.133555381,0.405533317,0.432051651,0.105467287,0.0468455236,0.0213263921
0.468,9.8891666e-05,0.0681367716,0.500452181,-0.115788058,-0.0895601533,-0.0240724387,-0.0120910195,-0.0137686328,-0.128087293,0.397969251,0.418862689,0.102161435,0.0456066753,0.0207869203
0.469,0.000389995256,0.0688568537,0.481684678,-0.11556928,-0.0877279058,-0.023731006,-0.0119109257,-0.0135131919,-0.122771013,0.390360574,0.406053253,0.0989535194,0.044400575,0.0202596557
0.47,0.000666797206,0.0694195868,0.463574264,-0.115228877,-0.0859160614,-0.0233907696,-0.0117290867,-0.0132620236,-0.117604841,0.382717382,0.393616847,0.095840693,0.0432280959,0.0197457295
0.471,0.0009265449,0.0698353468,0.446099173,-0.11477473,-0.0841291715,-0.023051019,-0.0115490663,-0.0130137084,-0.112587137,0.375053439,0.38154495,0.0928204944,0.0420876893,0.0192456574
0.472,0.00117006705,0.0701142859,0.429240448,-0.11421419,-0.0823691225,-0.0227108791,-0.0113717885,-0.0127657468,-0.107716752,0.367383099,0.369827755,0.0898908326,0.0409771831,0.0187590884
0.473,0.00139883193,0.0702656729,0.412980181,-0.113554757,-0.0806370532,-0.0223697405,-0.0111974763,-0.0125158007,-0.102992359,0.359719509,0.358455712,0.0870492384,0.0398945382,0.018285385
0.474,0.001614361,0.0702989336,0.397300519,-0.11280275,-0.0789339416,-0.0220265827,-0.0110265619,-0.0122612912,-0.0984130742,0.352075593,0.347418635,0.0842939238,0.0388377002,0.0178237526
0.475,0.00181970274,0.0702222788,0.382185644,-0.111964872,-0.0772591154,-0.0216809752,-0.0108577463,-0.0119998975,-0.0939781011,0.34446322,0.336706514,0.0816228594,0.0378047942,0.0173731733
0.476,0.00201787451,0.0700427072,0.367621611,-0.111047223,-0.0756095293,-0.0213336743,-0.0106884909,-0.0117321922,-0.0896867663,0.336890815,0.326310451,0.0790342142,0.0367955099,0.0169328581
0.477,0.00220926946,0.0697661087,0.353593497,-0.110056193,-0.0739835834,-0.020986132,-0.010517778,-0.0114606975,-0.0855376086,0.329364094,0.316223327,0.0765256281,0.0358104519,0.016502623
0.478,0.00239314566,0.069398886,0.340085415,-0.108997151,-0.0723805741,-0.0206393616,-0.0103457306,-0.011187837,-0.0815290089,0.321888498,0.306437973,0.0740951512,0.0348502547,0.0160825208
0.479,0.00256884728,0.0689465892,0.327081976,-0.107876105,-0.0708000945,-0.0202946837,-0.0101722697,-0.0109161081,-0.0776587419,0.314468796,0.296947922,0.0717404031,0.0339154341,0.0156727292
0.48,0.00273490984,0.0684152218,0.314567206,-0.106698175,-0.0692421776,-0.0199530721,-0.00999811747,-0.0106480635,-0.0739242918,0.307109245,0.287746758,0.0694591635,0.0330066122,0.0152735211
0.481,0.00288941186,0.0678109027,0.302523998,-0.10546873,-0.0677089643,-0.0196147051,-0.00982517579,-0.0103847141,-0.0703225447,0.299815171,0.278827933,0.0672489027,0.0321234737,0.0148850203
0.482,0.00303199954,0.0671406941,0.29093575,-0.10419217,-0.0662018796,-0.019278809,-0.00965465097,-0.0101250859,-0.0668506373,0.292593575,0.27018348,0.0651075518,0.0312649359,0.0145070025
0.483,0.00316362467,0.0664105821,0.279787404,-0.102873439,-0.06472165,-0.0189449284,-0.0094866216,-0.00986795102,-0.0635056666,0.285451112,0.261805667,0.0630330005,0.0304296717,0.0141390511
0.484,0.00328513435,0.0656268654,0.269064114,-0.101516436,-0.0632684,-0.0186123922,-0.00932120412,-0.00961211964,-0.0602850224,0.278393968,0.253686394,0.0610234633,0.0296166019,0.0137807085
0.485,0.00339782505,0.0647949562,0.258751744,-0.100125397,-0.0618424673,-0.0182806742,-0.00915823657,-0.00935617732,-0.0571860961,0.271428037,0.245817861,0.0590772361,0.0288244032,0.0134313897
0.486,0.00350339902,0.063920055,0.248837415,-0.0987037285,-0.0604425332,-0.0179496124,-0.00899672308,-0.00909936151,-0.0542067733,0.26455812,0.238192176,0.0571929982,0.0280523084,0.0130906554
0.487,0.00360289312,0.0630058914,0.239308869,-0.0972552688,-0.0590677542,-0.0176198524,-0.00883590889,-0.00884216978,-0.0513447816,0.257787078,0.230802808,0.0553694044,0.0272999366,0.012758165
0.488,0.00369626208,0.0620566796,0.230153289,-0.0957829219,-0.0577174647,-0.0172917669,-0.00867584739,-0.00858548703,-0.0485979461,0.251117179,0.223643115,0.053605088,0.0265672499,0.0124337313
0.489,0.00378356399,0.0610758864,0.221358157,-0.0942900919,-0.056391768,-0.0169658471,-0.00851668845,-0.00833005443,-0.0459637426,0.244550453,0.21670706,0.0518986472,0.025853932,0.0121170983
0.49,0.00386467835,0.060067333,0.212911207,-0.0927794655,-0.0550900883,-0.0166424305,-0.00835851874,-0.00807676979,-0.0434398416,0.238088633,0.209988302,0.0502486756,0.0251599079,0.0118082035
0.491,0.00393954535,0.0590342041,0.20480039,-0.0912543619,-0.0538125919,-0.0163219773,-0.00820156173,-0.00782643985,-0.0410234076,0.231733305,0.203481142,0.0486537264,0.0244848803,0.0115069866
0.492,0.00400783311,0.057980322,0.197013761,-0.0897176392,-0.0525585871,-0.0160046904,-0.00804599197,-0.0075801982,-0.0387116971,0.225486008,0.197179336,0.0471121362,0.0238288567,0.0112136
0.493,0.00406956148,0.0569086794,0.189539885,-0.088172797,-0.0513278917,-0.0156910895,-0.00789183695,-0.00733916542,-0.0365013744,0.219347884,0.191077475,0.0456221912,0.0231916603,0.0109280855
0.494,0.00412459756,0.0558225139,0.182367679,-0.0866226381,-0.0501195507,-0.0153815679,-0.00773898041,-0.00710458704,-0.034389437,0.213319739,0.185169775,0.0441820975,0.0225732868,0.0106506223
0.495,0.00417281677,0.0547242866,0.175486256,-0.0850705149,-0.0489334731,-0.0150767874,-0.00758755547,-0.00687769978,-0.0323722176,0.207401907,0.179451426,0.0427900562,0.021973602,0.0103813087
0.496,0.0042131202,0.0536169565,0.168884069,-0.0835187232,-0.0477699335,-0.0147768783,-0.00743848219,-0.00665948806,-0.0304464869,0.201594574,0.17391709,0.0414441023,0.0213923949,0.0101201176
0.497,0.00424516223,0.0525029271,0.16254967,-0.0819695306,-0.0466304769,-0.0144816556,-0.00729271937,-0.00644922447,-0.0286087067,0.195898675,0.1685618,0.0401426288,0.0208286274,0.00986660648
0.498,0.0042692136,0.0513848807,0.156472506,-0.0804243014,-0.0455153851,-0.014190631,-0.00715040327,-0.0062456009,-0.0268563186,0.190315473,0.163379593,0.0388842313,0.0202811245,0.0096202938
0.499,0.00428591328,0.0502649133,0.150642508,-0.0788848617,-0.0444253464,-0.0139035015,-0.00701165092,-0.0060473201,-0.0251862558,0.184846002,0.158365357,0.037667684,0.0197488101,0.00938070717
0.5,0.00429584459,0.0491454635,0.145049981,-0.0773521309,-0.0433602623,-0.0136197094,-0.00687622811,-0.00585296775,-0.0235964143,0.179491297,0.153513073,0.0364917671,0.0192305759,0.00914721288
0.501,0.004301502,0.0480280445,0.139687352,-0.0758279351,-0.0423186813,-0.0133393245,-0.00674232369,-0.00566169089,-0.0220840672,0.174251877,0.148817775,0.0353553012,0.0187257512,0.00891929484
0.502,0.00430498072,0.0469140954,0.13454765,-0.0743138014,-0.0412980995,-0.0130628244,-0.00660792681,-0.00547410138,-0.0206468296,0.16912701,0.144274516,0.0342567711,0.0182342664,0.00869676855
0.503,0.0043072118,0.0458048044,0.129623131,-0.0728117171,-0.040297581,-0.0127906057,-0.00647264693,-0.00529132081,-0.0192813458,0.164115481,0.139879663,0.0331947565,0.0177564986,0.00847994751
0.504,0.00430841319,0.0447015399,0.12490576,-0.0713229445,-0.0393162621,-0.0125230244,-0.00633633301,-0.00511415833,-0.0179850261,0.159216031,0.135628805,0.0321678353,0.0172924242,0.00826889346
0.505,0.00430883616,0.0436053541,0.120387866,-0.0698493266,-0.038353667,-0.0122603295,-0.00619935695,-0.00494365621,-0.0167544209,0.154427191,0.131518663,0.0311746937,0.0168424071,0.00806409319
0.506,0.00430603627,0.0425179343,0.116059352,-0.0683914827,-0.0374116357,-0.0120022782,-0.00606434024,-0.00477986381,-0.0155869669,0.149747888,0.127544931,0.0302143098,0.0164060007,0.00786568961
0.507,0.00429766919,0.0414412896,0.111910246,-0.066949989,-0.0364924099,-0.0117478173,-0.00593414529,-0.0046216602,-0.0144801502,0.145178137,0.123703253,0.0292860924,0.0159825591,0.00767363019
0.508,0.00428304922,0.0403770337,0.107932126,-0.0655249831,-0.0355965621,-0.0114965468,-0.00580942924,-0.00446732223,-0.0134324614,0.140718004,0.119988206,0.0283894257,0.0155707051,0.00748692181
0.509,0.00426218855,0.0393267896,0.104117691,-0.0641169461,-0.0347239783,-0.0112476225,-0.00569049384,-0.00431574515,-0.0124418863,0.136367372,0.116395271,0.0275236276,0.0151697926,0.00730503558
0.51,0.00423552305,0.0382918634,0.100459783,-0.0627257504,-0.0338744389,-0.0110008119,-0.00557685632,-0.00416519132,-0.0115072168,0.132126189,0.112919114,0.0266882112,0.0147784717,0.00712686081
0.511,0.00420607088,0.0372730358,0.0969546975,-0.0613522559,-0.0330445056,-0.0107561291,-0.00546545121,-0.00401535725,-0.0106267997,0.127993758,0.109555517,0.0258824802,0.0143965446,0.00695208581
0.512,0.00417682704,0.0362699465,0.0935990506,-0.0599975013,-0.0322308254,-0.0105151099,-0.00535326303,-0.00386727991,-0.00979870696,0.123967661,0.106301084,0.0251056348,0.0140240796,0.00678076383
0.513,0.00414773715,0.035283015,0.0903877356,-0.0586626251,-0.0314318855,-0.0102782616,-0.0052400134,-0.00372328572,-0.00902043279,0.120044926,0.103153467,0.0243564266,0.0136620582,0.00661365015
0.514,0.00411925958,0.0343119518,0.0873154263,-0.0573484318,-0.0306469826,-0.0100467721,-0.00512544965,-0.00358454681,-0.00828951315,0.116222789,0.100110134,0.0236340252,0.0133107056,0.00645137276
0.515,0.00408934009,0.0333571916,0.0843758632,-0.0560561145,-0.0298760661,-0.00982115267,-0.0050108063,-0.00345353814,-0.00760326943,0.11249793,0.0971690946,0.022936846,0.0129709159,0.00629451761
0.516,0.00405579685,0.0324191027,0.0815610834,-0.0547856767,-0.0291217514,-0.00960134668,-0.0048988806,-0.00333036017,-0.00695882751,0.10886814,0.0943280882,0.0222639712,0.0126425631,0.0061436471
0.517,0.00401385538,0.0314994369,0.078861369,-0.0535370477,-0.0283873852,-0.00938635076,-0.00479300881,-0.00321461019,-0.00635423361,0.105332207,0.0915834943,0.0216136938,0.01232495,0.00599753733
0.518,0.0039654162,0.0305987366,0.0762717589,-0.0523094876,-0.0276730112,-0.00917517922,-0.00469235403,-0.00310311587,-0.00578749062,0.101890736,0.0889318494,0.0209862338,0.0120170617,0.00585684516
0.519,0.00391279974,0.0297166446,0.0737899575,-0.051104855,-0.0269743147,-0.00896944181,-0.0045920304,-0.00299408188,-0.00525768692,0.0985437431,0.0863686853,0.0203810871,0.0117176412,0.00572056526
0.52,0.00385689282,0.028853712,0.0714103072,-0.0499219531,-0.0262931092,-0.00876721194,-0.004493948,-0.00288792612,-0.00476412916,0.0952894767,0.0838892743,0.0197958378,0.0114256747,0.00558568798
0.521,0.00379725665,0.0280109481,0.0691278301,-0.0487604021,-0.0256290877,-0.00856784307,-0.004398177,-0.00278406569,-0.00430512597,0.0921265724,0.0814909452,0.0192302876,0.011141002,0.00545248205
0.522,0.00373740937,0.0271873688,0.066941266,-0.0476202922,-0.0249795798,-0.00837190202,-0.0043022623,-0.00268293292,-0.003879344,0.0890531108,0.079171276,0.0186840411,0.0108641219,0.00532182288
0.523,0.0036774269,0.026382839,0.0648472751,-0.0465022594,-0.0243433707,-0.00817979597,-0.0042062252,-0.00258557959,-0.00348487799,0.0860663666,0.0769285053,0.0181568833,0.0105953457,0.00519451963
0.524,0.00361806316,0.0255965916,0.0628425974,-0.04540635,-0.0237199188,-0.0079921008,-0.00410973605,-0.00249285694,-0.00311997983,0.0831638539,0.0747608156,0.0176478976,0.0103352471,0.00507125358
0.525,0.00355827583,0.0248284756,0.06092303,-0.0443331505,-0.0231093576,-0.00780898762,-0.00401418293,-0.00240602092,-0.00278268018,0.0803425943,0.0726665805,0.0171565369,0.0100840088,0.00495237159
0.526,0.00349609986,0.0240785484,0.0590826097,-0.0432821043,-0.0225139265,-0.0076300754,-0.00392165971,-0.002325146,-0.00247098608,0.0776005452,0.0706438178,0.016681356,0.00984160769,0.00483765361
0.527,0.00343103339,0.0233473177,0.0573166664,-0.0422530132,-0.0219343429,-0.00745447061,-0.00383312212,-0.00224931444,-0.00218354219,0.0749365902,0.0686896464,0.0162219906,0.00960715702,0.00472645385
0.528,0.00336318993,0.0226347158,0.0556211761,-0.0412453616,-0.0213709256,-0.00728188513,-0.00374839351,-0.00217737678,-0.00191881152,0.0723497765,0.0668015161,0.0157775012,0.00938007537,0.00461841693
0.529,0.00329322687,0.0219410879,0.0539926846,-0.0402588065,-0.0208234412,-0.00711159542,-0.00366726465,-0.00210821461,-0.00167590783,0.0698392239,0.0649764097,0.0153478134,0.00915950792,0.00451293044
0.53,0.00322245305,0.0212660748,0.0524287547,-0.0392929627,-0.0202907961,-0.00694368214,-0.00358825918,-0.00204063722,-0.00145363766,0.0674041271,0.0632118069,0.0149324138,0.0089448889,0.00440990977
0.531,0.0031529725,0.020609211,0.0509282192,-0.0383479665,-0.0197708771,-0.00677848734,-0.00350963721,-0.00197443676,-0.00125140648,0.0650429191,0.0615052964,0.0145316103,0.00873600472,0.00430956496
0.532,0.00308495325,0.0199696413,0.0494888192,-0.037423857,-0.0192628639,-0.0066167371,-0.00343102348,-0.0019101825,-0.00106775662,0.062753288,0.0598554821,0.0141446917,0.00853306109,0.00421227457
0.533,0.0030186883,0.0193470479,0.0481081253,-0.0365205849,-0.0187662717,-0.00645865142,-0.00335244354,-0.00184842427,-0.000901916727,0.0605329725,0.0582604997,0.0137714933,0.00833617171,0.00411814984
0.534,0.00295356388,0.0187406076,0.0467835022,-0.0356382417,-0.0182809113,-0.00630479568,-0.00327429683,-0.00178989406,-0.000752310728,0.0583795554,0.0567191936,0.0134111578,0.00814551571,0.00402743539
0.535,0.00288857043,0.0181503433,0.045511337,-0.0347764898,-0.0178077176,-0.00615495849,-0.00319788356,-0.00173515925,-0.000618014244,0.0562907089,0.0552298487,0.0130630601,0.00796114668,0.00393983511
0.536,0.00282243095,0.017576065,0.0442879057,-0.033934923,-0.0173476361,-0.00600876241,-0.00312430435,-0.00168403163,-0.000497517501,0.0542648831,0.0537908368,0.0127261855,0.00778267195,0.00385487135
0.537,0.00275541641,0.0170179974,0.0431104023,-0.0331129583,-0.016900828,-0.00586570488,-0.00305355105,-0.00163583372,-0.000390259382,0.0523009276,0.0523998596,0.0124002198,0.00760961915,0.00377212046
0.538,0.0026874214,0.0164757842,0.0419763551,-0.0323102637,-0.0164671388,-0.00572551847,-0.00298556262,-0.00158997791,-0.000295046409,0.0503977591,0.0510551497,0.0120845935,0.00744147409,0.00369127044
0.539,0.00261933282,0.01594957,0.0408837257,-0.0315261976,-0.016046144,-0.00558785759,-0.00291969197,-0.00154565093,-0.000211558353,0.0485544044,0.049754431,0.0117791976,0.00727777903,0.00361208852
0.54,0.0025520735,0.0154385708,0.0398315315,-0.0307606984,-0.0156364564,-0.00545295244,-0.00285483162,-0.00150237728,-0.000138912446,0.0467697908,0.0484961123,0.0114839746,0.00711820244,0.00353478054
0.541,0.0024864134,0.0149424624,0.0388184864,-0.0300134354,-0.015237276,-0.00532112237,-0.00279040266,-0.0014602294,-7.67906449e-05,0.0450421457,0.0472785905,0.0111988401,0.00696278992,0.00345959448
0.542,0.00242210552,0.0144604331,0.0378430283,-0.0292843663,-0.014848105,-0.00519262514,-0.00272646082,-0.00141953091,-2.41962174e-05,0.0433697001,0.0461007852,0.0109234476,0.00681156271,0.00338665464
0.543,0.00235924148,0.013992246,0.0369034557,-0.0285731124,-0.0144687578,-0.00506768442,-0.00266308938,-0.00138057438,1.9299653e-05,0.0417505078,0.0449613346,0.0106574379,0.00666462715,0.00331607563
0.544,0.0022969603,0.0135372236,0.0359977511,-0.0278795759,-0.0140993654,-0.00494633809,-0.00260096268,-0.00134383841,5.47667282e-05,0.0401827123,0.0438593055,0.0104002388,0.00652203526,0.00324773086
0.545,0.00223475481,0.0130955423,0.035123414,-0.0272030951,-0.0137405877,-0.0048282757,-0.00254079227,-0.00130940105,8.27514692e-05,0.0386646346,0.0427932564,0.0101511203,0.00638367768,0.00318124604
0.546,0.00217235713,0.0126667899,0.0342786222,-0.0265433961,-0.0133923524,-0.00471314727,-0.00248270161,-0.00127699717,0.000104136351,0.0371952431,0.0417618688,0.00990969323,0.00624924836,0.00311633838
0.547,0.00211007636,0.0122510728,0.0334616875,-0.0258998573,-0.0130545974,-0.00460071825,-0.00242659402,-0.00124627018,0.000119285021,0.0357733434,0.0407635903,0.00967553714,0.00611847668,0.00305282776
0.548,0.00204803549,0.0118479381,0.0326712717,-0.025272201,-0.0127269071,-0.00449070337,-0.00237221355,-0.00121681424,0.000128876915,0.0343981076,0.039797088,0.00944850248,0.00599104477,0.00299057056
0.549,0.00198703448,0.0114572896,0.0319064578,-0.0246599101,-0.0124086241,-0.00438314135,-0.00231894941,-0.00118815935,0.000133085329,0.033068492,0.0388608955,0.00922850205,0.00586670727,0.00292972415
0.55,0.00192726218,0.0110783595,0.0311665182,-0.0240628962,-0.0120989994,-0.00427818113,-0.00226642414,-0.00116020471,0.000132428841,0.0317833705,0.0379539796,0.00901561174,0.0057453987,0.00287047795
0.551,0.00186884385,0.0107109571,0.0304503555,-0.0234806887,-0.0117977965,-0.00417600226,-0.00221464671,-0.00113301934,0.000127159999,0.0305411848,0.0370752679,0.00880952197,0.00562712591,0.00281291755
0.552,0.00181153216,0.0103543993,0.0297569607,-0.022913162,-0.0115046947,-0.00407667445,-0.0021636652,-0.00110673657,0.000117827983,0.0293406448,0.0362238842,0.00861010645,0.00551191243,0.00275707185
0.553,0.00175516172,0.0100085511,0.0290850885,-0.0223598441,-0.0112197247,-0.00398028892,-0.00211376176,-0.00108157566,0.00010477114,0.0281801157,0.035398908,0.00841685963,0.00539980107,0.00270285726
0.554,0.00169925579,0.00967298291,0.0284333557,-0.0218204932,-0.0109429843,-0.00388661485,-0.00206526519,-0.00105773609,8.86137918e-05,0.0270583737,0.034599473,0.00822936413,0.00529076335,0.00264998906
0.555,0.00164393304,0.00934775604,0.0278005667,-0.0212945619,-0.0106744461,-0.00379547017,-0.00201823697,-0.00103511306,6.9685115e-05,0.0259742584,0.0338245236,0.00804714156,0.00518463832,0.00259830865
0.556,0.00158917539,0.00903245737,0.0271857398,-0.0207818229,-0.0104138747,-0.00370662968,-0.00197259248,-0.00101359669,4.84552594e-05,0.0249269332,0.0330730963,0.00787002406,0.00508127733,0.00254770783
0.557,0.00153528132,0.00872710552,0.0265879746,-0.0202817532,-0.0101610521,-0.00361995648,-0.00192821439,-0.000992943907,2.51599388e-05,0.0239154229,0.0323441602,0.00769771528,0.00498048246,0.00249814921
0.558,0.00148240278,0.00843121754,0.0260066152,-0.0197941466,-0.00991555422,-0.00353536317,-0.00188484775,-0.000972897551,9.31825563e-08,0.0229390431,0.0316367661,0.00753030375,0.00488209466,0.0024497423
0.559,0.00143075679,0.00814461145,0.0254410799,-0.0193185621,-0.00967704471,-0.00345296305,-0.00184236718,-0.000953227829,-2.66316536e-05,0.0219967438,0.0309500378,0.00736770382,0.00478601238,0.0024026244
0.56,0.0013801774,0.00786675163,0.0248906842,-0.0188547941,-0.00944530515,-0.0033727894,-0.00180077949,-0.000933954059,-5.47513031e-05,0.0210875374,0.0302832244,0.00720987759,0.00469222809,0.00235680223
0.561,0.00133067281,0.00759748533,0.0243547645,-0.0184023994,-0.00922017667,-0.0032949121,-0.00176013199,-0.000915017329,-8.41052536e-05,0.0202102688,0.0296355807,0.00705658793,0.00460070436,0.00231226748
0.562,0.0012820233,0.00733633922,0.0238326191,-0.0179611631,-0.00900153459,-0.0032193286,-0.00172048953,-0.00089657502,-0.000114415236,0.0193638859,0.0290064431,0.00690764758,0.00451147318,0.00226890335
0.563,0.00123426145,0.00708327576,0.0233235307,-0.0175306524,-0.00878928312,-0.0031459498,-0.0016819065,-0.000878718868,-0.000145417764,0.0185472573,0.028395135,0.00676260913,0.0044244965,0.00222652474
0.564,0.00118738403,0.00683797504,0.0228268319,-0.0171106452,-0.00858324783,-0.00307462233,-0.0016443325,-0.000861533999,-0.000176829215,0.0177595808,0.0278009533,0.00662127344,0.00433971469,0.00218504039
0.565,0.00114156211,0.00660040697,0.0223419591,-0.0167007527,-0.00838322402,-0.00300523736,-0.00160770632,-0.000844942078,-0.000208438627,0.0169999889,0.0272232037,0.00648337118,0.00425701543,0.00214441453
0.566,0.00109682556,0.00637026704,0.0218683389,-0.0163007554,-0.00818902214,-0.00293766805,-0.00157196993,-0.000828926286,-0.000240045106,0.0162678089,0.0266611941,0.00634882866,0.00417630364,0.00210465622
0.567,0.00105323747,0.00614748334,0.0214054632,-0.0159102726,-0.0080004877,-0.00287185797,-0.00153713343,-0.00081325635,-0.000271533835,0.0155623136,0.0261142491,0.00621757957,0.00409744046,0.00206585558
0.568,0.00101065361,0.00593168611,0.0209528208,-0.0155290556,-0.00781751876,-0.00280780831,-0.00150323386,-0.000797811968,-0.000302834667,0.0148828196,0.0255817266,0.00608969156,0.00402035443,0.00202805753
0.569,0.000969022608,0.00572274402,0.0205099765,-0.0151567311,-0.00764000159,-0.00274553314,-0.001470304,-0.00078246192,-0.000333858024,0.0142284707,0.0250630519,0.00596503921,0.00394498024,0.00199122354
0.57,0.000928223158,0.00552032122,0.020076477,-0.0147930477,-0.00746783535,-0.00268503183,-0.00143834622,-0.00076719493,-0.000364531463,0.0135985175,0.0245576576,0.00584358077,0.00387129026,0.00195529863
0.571,0.000888318378,0.00532428123,0.0196520271,-0.0144376826,-0.00730080765,-0.0026263171,-0.00140726169,-0.000751999059,-0.00039473861,0.0129920783,0.0240650404,0.00572509628,0.00379925993,0.00192016629
0.572,0.000849443743,0.00513435126,0.0192363354,-0.0140904574,-0.00713865115,-0.00256934223,-0.00137687423,-0.000737047099,-0.00042433935,0.0124083956,0.0235847104,0.00560938612,0.00372888826,0.00188573801
0.573,0.000811749114,0.00495045441,0.0188291298,-0.0137511237,-0.00698112622,-0.00251404351,-0.00134709127,-0.000722379561,-0.00045317418,0.0118467256,0.0231162026,0.00549623423,0.00366012826,0.00185200622
0.574,0.000775305793,0.00477236076,0.0184300845,-0.0134195154,-0.00682804525,-0.00246035408,-0.00131784895,-0.000708088332,-0.000481134757,0.0113064406,0.0226590462,0.0053855347,0.00359294283,0.00181899342
0.575,0.000740117811,0.0045999997,0.0180388638,-0.0130953944,-0.00667929234,-0.00240819926,-0.0012892088,-0.000694147464,-0.000508093334,0.010786891,0.0222127992,0.00527716224,0.00352726296,0.00178675136
0.576,0.000705959292,0.00443317588,0.0176549672,-0.012778523,-0.00653494196,-0.00235750315,-0.00126137235,-0.000680481952,-0.00053401979,0.0102875355,0.0217769932,0.00517113726,0.00346301682,0.00175532307
0.577,0.000672649584,0.00427178517,0.0172780276,-0.0124685959,-0.00639501013,-0.00230822886,-0.0012344745,-0.000666915035,-0.000558879336,0.00980775886,0.0213511818,0.00506742685,0.00340012726,0.00172467054
0.578,0.000640069024,0.0041156138,0.0169077078,-0.0121653618,-0.00625946728,-0.00226034733,-0.00120854774,-0.000653372615,-0.000582680457,0.00934697919,0.0209349304,0.00496601044,0.00333854699,0.00169472238
0.579,0.000608192725,0.00396454422,0.016543805,-0.0118685441,-0.00612819416,-0.00221383882,-0.00118354579,-0.000639741853,-0.000605395349,0.00890457595,0.0205278326,0.00486680805,0.00327822711,0.00166538961
0.58,0.00057721057,0.00381834771,0.0161862631,-0.0115779651,-0.00600088996,-0.00216871533,-0.00115920561,-0.00062605113,-0.00062702187,0.00847995587,0.0201295093,0.0047697311,0.00321915262,0.00163659747
0.581,0.000547391842,0.0036768929,0.0158351185,-0.0112934919,-0.00587717773,-0.00212497419,-0.00113527173,-0.000612397813,-0.00064747131,0.00807249273,0.0197396395,0.00467461753,0.00316131817,0.00160834843
0.582,0.000518840778,0.00354000864,0.0154902264,-0.0110150095,-0.00575685051,-0.00208258559,-0.00111166013,-0.000598910052,-0.000666698517,0.00768162789,0.0193579145,0.00458136749,0.00310471697,0.00158068752
0.583,0.000491613845,0.00340759228,0.0151514698,-0.0107423931,-0.00563972589,-0.00204151476,-0.00108834939,-0.000585663382,-0.000684620199,0.00730679791,0.0189840436,0.00448987083,0.0030493285,0.00155366517
0.584,0.000465521847,0.00327952962,0.0148184827,-0.010475492,-0.0055258704,-0.00200168517,-0.00106555559,-0.000572735314,-0.000701201211,0.00694748342,0.0186177462,0.00440006436,0.00299512663,0.00152732388
0.585,0.000440210833,0.00315577702,0.0144908357,-0.010214056,-0.00541549017,-0.00196299614,-0.00104359357,-0.000560024299,-0.000716417884,0.00660319458,0.0182587107,0.00431191774,0.0029420478,0.00150161005
0.586,0.000415497775,0.00303622118,0.0141682198,-0.00995784931,-0.00530865775,-0.00192538324,-0.00102256702,-0.000547425433,-0.000730313649,0.00627347668,0.0179066236,0.00422542438,0.00289003274,0.00147643336
0.587,0.000391282712,0.00292077906,0.0138504545,-0.00970664223,-0.00520535524,-0.00188879257,-0.00100249217,-0.000534817073,-0.000742901229,0.00595786967,0.0175611803,0.00414055699,0.00283902402,0.00145169464
0.588,0.00036767767,0.00280930728,0.0135375046,-0.00946024604,-0.00510539303,-0.00185320967,-0.000983164749,-0.000522106653,-0.000754244725,0.0056559469,0.0172220893,0.00405730679,0.0027889754,0.00142731549
0.589,0.000345046705,0.00270164086,0.0132296145,-0.00921858577,-0.00500831933,-0.00181867813,-0.000964184462,-0.000509299573,-0.000764350826,0.00536726274,0.0168890993,0.00397563184,0.00273986664,0.0014033189
0.59,0.00032362979,0.00259761854,0.0129268768,-0.00898162459,-0.00491381021,-0.00178522116,-0.000945331909,-0.000496518423,-0.00077322466,0.00509134921,0.0165620198,0.00389546913,0.00269170207,0.00137978638
0.591,0.000303520219,0.00249711951,0.0126293114,-0.0087493179,-0.00482165954,-0.00175283821,-0.000926542638,-0.000483867691,-0.000780836637,0.00482774586,0.0162406653,0.00381675428,0.00264447945,0.00135679638
0.592,0.000284649392,0.00240003553,0.0123367656,-0.00852161153,-0.00473182295,-0.00172150167,-0.000907927007,-0.000471478064,-0.000787173791,0.00457598414,0.015924885,0.00373941739,0.00259819938,0.00133441148
0.593,0.000266635072,0.00230633922,0.0120488486,-0.00829835288,-0.00464454597,-0.00169110657,-0.000889869488,-0.000459400297,-0.000792202718,0.00433560406,0.0156145081,0.00366338003,0.00255284261,0.00131258239
0.594,0.000249136567,0.00221600033,0.0117651692,-0.00807932924,-0.00456006434,-0.00166154174,-0.000872648086,-0.000447556731,-0.00079595774,0.00410620959,0.0153093394,0.00358861047,0.00250836006,0.00129117932
0.595,0.000232020516,0.00212896283,0.0114855619,-0.00786435434,-0.0044784145,-0.00163273337,-0.000856314354,-0.000435832762,-0.000798472058,0.00388744452,0.0150091634,0.00351509741,0.00246469723,0.00127008572
0.596,0.000215280127,0.0020451531,0.0112099384,-0.00765325765,-0.00439953079,-0.00160462939,-0.00084078912,-0.000424108852,-0.000799816179,0.00367897501,0.0147137818,0.00344284631,0.00242180127,0.00124920803
0.597,0.000199232142,0.00196443036,0.0109385465,-0.00744596192,-0.00432302926,-0.0015772584,-0.000825683612,-0.000412263895,-0.00080006121,0.00348052237,0.014422986,0.00337190836,0.00237962192,0.0012285645
0.598,0.000184251924,0.00188662426,0.0106716785,-0.00724249488,-0.00424845285,-0.00155069137,-0.000810626952,-0.000400339258,-0.00079926504,0.00329174652,0.0141366447,0.00330229863,0.00233815185,0.00120828908
0.599,0.000170456894,0.00181160728,0.0104094343,-0.00704286724,-0.00417557322,-0.001524954,-0.000795524801,-0.000388437739,-0.000797438001,0.00311226873,0.0138546466,0.00323398697,0.00229739815,0.0011884822
0.6,0.0001578613,0.00173927161,0.0101518052,-0.00684708659,-0.00410425848,-0.00150005482,-0.000780393616,-0.000376687826,-0.00079459447,0.00294168682,0.0135769145,0.00316692233,0.00225737361,0.00116922111
0.601,0.000146162869,0.00166957311,0.00989852286,-0.00665509501,-0.00403467613,-0.00147592855,-0.000765558483,-0.000365269717,-0.000790698185,0.00277953768,0.0133033864,0.0031009736,0.00221810161,0.00115045446
0.602,0.000134934557,0.00160253128,0.00964915711,-0.00646672295,-0.0039671494,-0.00145243939,-0.000751403942,-0.000354241823,-0.000785742525,0.0026253992,0.013033984,0.00303601601,0.00217956724,0.00113199087
0.603,0.000124006959,0.00153811866,0.00940352623,-0.00628181787,-0.00390177599,-0.00142949751,-0.000738027986,-0.00034354755,-0.00077975194,0.00247895817,0.0127685819,0.00297200796,0.00214172287,0.0011136872
0.604,0.000113324624,0.00147629737,0.00916153405,-0.00610024735,-0.00383854772,-0.00140703518,-0.000725412384,-0.000333099142,-0.000772780467,0.00233993196,0.0125070658,0.00290894008,0.00210451525,0.00109544321
0.605,0.000103092595,0.00141696984,0.00892334238,-0.00592192807,-0.00377721525,-0.00138505085,-0.000713274512,-0.000322671733,-0.000764930472,0.0022081937,0.012249272,0.00284695006,0.002067858,0.00107733033
0.606,9.36509561e-05,0.00135997944,0.00868927976,-0.0057468941,-0.00371733853,-0.0013636375,-0.000701237686,-0.000312080264,-0.000756337564,0.00208361266,0.0119950777,0.00278621717,0.00203170992,0.00105958962
0.607,8.51062327e-05,0.00130520252,0.00845949403,-0.00557516495,-0.00365868641,-0.00134285745,-0.00068917882,-0.000301309644,-0.00074707318,0.00196592416,0.0117444174,0.0027267876,0.00199609053,0.00104236427
0.608,7.74440577e-05,0.00125255084,0.0082340116,-0.00540674469,-0.00360113787,-0.00132274158,-0.000677098527,-0.000290410467,-0.000737193133,0.00185480246,0.0114972645,0.00266864178,0.00196104082,0.0010257286
0.609,7.04606417e-05,0.00120197396,0.00801269088,-0.00524159601,-0.00354476817,-0.0013032719,-0.00066518789,-0.000279583592,-0.000726681474,0.0017497946,0.0112536376,0.00261161145,0.00192663928,0.00100958504
0.61,6.38403338e-05,0.00115349494,0.00779521808,-0.00507960637,-0.00348981353,-0.00128433129,-0.000653732917,-0.000269076028,-0.000715484142,0.00165041007,0.0110135717,0.00255543983,0.00189293669,0.000993666222
0.611,5.74506952e-05,0.0011071058,0.00758142242,-0.00492066464,-0.00343638414,-0.00126581712,-0.000642825077,-0.000258946662,-0.000703586691,0.001556356,0.0107770316,0.00250003288,0.0018599017,0.00097782493
0.612,5.12732084e-05,0.00106277482,0.00737123918,-0.00476469685,-0.0033844681,-0.00124765409,-0.000632440773,-0.000249153634,-0.00069102001,0.00146743527,0.0105439602,0.00244539315,0.00182747716,0.000962016354
0.613,4.54027387e-05,0.00102043503,0.00716471118,-0.00461164582,-0.00333396169,-0.00122980173,-0.000622445172,-0.000239602178,-0.000677830823,0.0013835113,0.0103142796,0.00239157738,0.00179558984,0.000946252602
0.614,4.00471986e-05,0.000979972101,0.00696201233,-0.00446151982,-0.00328462262,-0.00121227596,-0.000612612026,-0.00023019987,-0.000664094365,0.0013044535,0.0100879167,0.00233868272,0.00176417779,0.000930639197
0.615,3.53216612e-05,0.000941265711,0.00676325106,-0.00431432971,-0.00323629814,-0.00119510136,-0.000602832391,-0.000220955063,-0.000649853121,0.00123005116,0.0098648278,0.00228674247,0.00173320929,0.000915242129
0.616,3.12485033e-05,0.000904222973,0.00656845744,-0.00417008139,-0.00318890199,-0.00117827741,-0.000593090675,-0.00021193381,-0.000635144193,0.00116004011,0.00964499007,0.00223573177,0.00170267265,0.000900075071
0.617,2.77927976e-05,0.00086875622,0.0063776103,-0.00402876907,-0.00314241374,-0.0011618031,-0.000583433564,-0.000203182648,-0.000619998999,0.00109418531,0.00942837676,0.00218564637,0.00167254656,0.00088516564
0.618,2.48263579e-05,0.000834820213,0.00619061825,-0.00389037233,-0.00309686013,-0.00114564646,-0.000573974626,-0.000194689636,-0.000604479681,0.00103229011,0.00921495525,0.00213648775,0.00164281712,0.000870535609
0.619,2.22412206e-05,0.000802380341,0.00600739945,-0.00375484701,-0.00305226084,-0.00112978194,-0.000564786914,-0.000186413976,-0.000588646178,0.000974176411,0.00900469814,0.00208824735,0.00161347937,0.000856172617
0.62,1.99830206e-05,0.000771398201,0.00582792882,-0.00362216492,-0.00300856712,-0.00111418581,-0.000555881772,-0.00017832512,-0.000572566804,0.000919659234,0.00879758135,0.00204090214,0.00158453658,0.000842057722
0.621,1.80240253e-05,0.000741831561,0.00565218761,-0.00349228354,-0.0029657354,-0.00109884752,-0.000547247322,-0.000170393284,-0.00055629374,0.000868560653,0.00859358829,0.00199443499,0.00155598983,0.000828168116
0.622,1.63679808e-05,0.000713622503,0.00548019598,-0.00336517274,-0.00292368273,-0.00108376029,-0.00053883943,-0.00016260688,-0.000539880556,0.000820685692,0.00839270201,0.0019488274,0.00152784444,0.000814485977
0.623,1.50147297e-05,0.000686700954,0.00531195412,-0.00324078955,-0.00288236574,-0.00106893578,-0.000530630605,-0.000154964481,-0.000523356908,0.000775836169,0.00819491387,0.00190407808,0.00150009897,0.000800997274
0.624,1.39404055e-05,0.000661007461,0.00514745319,-0.0031190972,-0.0028417419,-0.00105436484,-0.000522610242,-0.000147465554,-0.000506765893,0.000733820415,0.00800020954,0.00186017826,0.00147275562,0.000787695014
0.625,1.31234065e-05,0.000636485357,0.00498666462,-0.00300004685,-0.0028017971,-0.0010400508,-0.000514772971,-0.000140121365,-0.000490130914,0.000694447023,0.00780858781,0.00181711566,0.00144581664,0.000774556494
0.626,1.2551758e-05,0.000613091608,0.00482957821,-0.00288361292,-0.00276248509,-0.00102596935,-0.000507101721,-0.000132969028,-0.000473488207,0.000657530808,0.00762004271,0.00177484696,0.00141928471,0.000761561458
0.627,1.2227439e-05,0.00059079184,0.00467616693,-0.00276976991,-0.00272377809,-0.00101210617,-0.000499581873,-0.000126038542,-0.000456863759,0.000622924773,0.0074345721,0.00173335098,0.00139314714,0.000748709431
0.628,1.21502979e-05,0.000569546635,0.00452642654,-0.00265851062,-0.00268562071,-0.000998433273,-0.000492193535,-0.000119346572,-0.000440303133,0.000590496981,0.00725215853,0.00169260892,0.00136738924,0.000736019693
0.629,1.23047084e-05,0.00054932019,0.00438031455,-0.00254981218,-0.00264800297,-0.00098494157,-0.000484943668,-0.000112901509,-0.000423834789,0.000560128602,0.00707279373,0.00165262355,0.00134199247,0.00072350941
0.63,1.26366377e-05,0.000530070401,0.0042377853,-0.00244364727,-0.00261091936,-0.000971606249,-0.000477857686,-0.000106693861,-0.000407500958,0.000531689155,0.00689645813,0.00161338694,0.00131694839,0.000711182352
0.631,1.30939001e-05,0.000511755914,0.00409876818,-0.00233995703,-0.00257439681,-0.000958430361,-0.000470959119,-0.000100700933,-0.000391321656,0.000505043638,0.0067231486,0.00157490591,0.00129225796,0.000699013597
0.632,1.36396488e-05,0.00049433067,0.00396323045,-0.00223869653,-0.00253842059,-0.000945395699,-0.000464243353,-9.49083824e-05,-0.000375331618,0.00048004958,0.00655285179,0.00153715938,0.00126792745,0.000686977891
0.633,1.42748976e-05,0.000477751792,0.00383113845,-0.00213981086,-0.00250297646,-0.000932513567,-0.000457680801,-8.92909901e-05,-0.000359550352,0.000456589981,0.00638556481,0.00150015642,0.00124396093,0.000675058334
0.634,1.5047818e-05,0.000461966204,0.003702527,-0.00204328564,-0.00246797731,-0.000919774352,-0.000451195769,-8.38381409e-05,-0.000344020971,0.000434563793,0.00622126613,0.00146389002,0.00122035297,0.000663280873
0.635,1.60000289e-05,0.000446933216,0.00357739052,-0.00194910853,-0.00243337479,-0.000907191177,-0.000444748496,-7.85598737e-05,-0.000328769126,0.000413891194,0.00605994512,0.00142837633,0.0011970922,0.000651684655
0.636,1.71383286e-05,0.000432607282,0.00345572613,-0.00185728063,-0.00239911883,-0.000894745762,-0.000438321863,-7.34751508e-05,-0.000313833058,0.000394478766,0.005901577,0.00139359929,0.00117416732,0.000640305409
0.637,1.84250412e-05,0.000418962413,0.0033374553,-0.00176777881,-0.00236523353,-0.000882439748,-0.00043195899,-6.86229201e-05,-0.000299223785,0.000376227582,0.00574615635,0.00135955051,0.00115157627,0.00062914536
0.638,1.97608066e-05,0.000405971229,0.00322247698,-0.00168056595,-0.00233176689,-0.000870236598,-0.000425732432,-6.4038013e-05,-0.000284953672,0.000359000944,0.00559367103,0.00132617047,0.00112932853,0.000618156435
0.639,2.1074168e-05,0.000393617378,0.00311067318,-0.00159557348,-0.00229877846,-0.000858134171,-0.000419687325,-5.97175794e-05,-0.000271019663,0.000342694145,0.00544412132,0.00129344544,0.00110744002,0.000607280569
0.64,2.23301484e-05,0.000381865426,0.00300199112,-0.00151275391,-0.00226626394,-0.000846107371,-0.00041381512,-5.5640143e-05,-0.00025743852,0.000327207254,0.00529748808,0.00126134376,0.00108591867,0.000596484704
0.641,2.35581893e-05,0.000370684927,0.00289639625,-0.0014320548,-0.00223419525,-0.000834174759,-0.000408059501,-5.17470841e-05,-0.000244225827,0.000312503712,0.0051537548,0.00122990649,0.00106476636,0.000585777698
0.642,2.484328e-05,0.000360018084,0.00279394192,-0.00135347306,-0.00220246191,-0.000822336108,-0.000402313527,-4.7982994e-05,-0.000231424467,0.000298559699,0.00501287853,0.00119916464,0.00104396494,0.000575236874
0.643,2.62358912e-05,0.000349829526,0.00269461768,-0.00127700045,-0.00217101511,-0.0008106177,-0.000396535364,-4.43412802e-05,-0.000219058675,0.000285353777,0.00487483274,0.00116916481,0.00102350527,0.00056492595
0.644,2.77390362e-05,0.000340075313,0.00259840577,-0.00120263855,-0.00213981885,-0.000799004559,-0.000390717179,-4.08416636e-05,-0.000207150283,0.000272817344,0.00473958388,0.00113988818,0.00100337933,0.000554880901
0.645,2.9287698e-05,0.000330745212,0.00250519151,-0.00113035813,-0.00210892985,-0.000787498973,-0.000384931902,-3.75558794e-05,-0.000195692502,0.000260860176,0.00460712507,0.00111130732,0.000983602244,0.000545071645
0.646,3.07612481e-05,0.000321824518,0.00241483669,-0.00106011242,-0.00207842934,-0.00077605766,-0.000379271837,-3.45440291e-05,-0.000184663869,0.000249343102,0.00447745036,0.00108332419,0.000964197011,0.000535402787
0.647,3.20947583e-05,0.000313312008,0.00232721448,-0.000991833174,-0.00204837973,-0.000764677935,-0.000373772748,-3.18106353e-05,-0.000174049496,0.000238199505,0.00435055688,0.00105592102,0.000945186275,0.000525804766
0.648,3.32695717e-05,0.000305177225,0.00224226787,-0.000925476904,-0.00201877622,-0.000753337144,-0.000368414331,-2.93176963e-05,-0.000163845506,0.000227372577,0.00422642106,0.0010290714,0.000926575265,0.000516250302
0.649,3.43489048e-05,0.00029739424,0.00215998472,-0.000861002295,-0.00198956581,-0.000742060401,-0.000363106709,-2.69735422e-05,-0.000154073567,0.000216901672,0.00410500895,0.0010028551,0.000908356396,0.000506787956
0.65,3.54374898e-05,0.000289904401,0.00208042207,-0.000798416344,-0.00196063387,-0.000730856469,-0.000357740372,-2.46950221e-05,-0.000144765852,0.000206818046,0.00398626282,0.000977335013,0.000890501006,0.000497533245
0.651,3.657463e-05,0.000282680622,0.00200355969,-0.000737710132,-0.00193194475,-0.000719748996,-0.000352285055,-2.24770404e-05,-0.000135945693,0.000197132459,0.00387014334,0.000952565661,0.000872999415,0.000488549532
0.652,3.77525422e-05,0.000275688568,0.00192935257,-0.000678879797,-0.00190348777,-0.000708723528,-0.000346759126,-2.03480935e-05,-0.000127607387,0.000187788223,0.00375661568,0.000928520855,0.000855848363,0.000479856899
0.653,3.88766785e-05,0.000268931595,0.00185766039,-0.000621886695,-0.00187534764,-0.000697769554,-0.000341258191,-1.84113088e-05,-0.000119731072,0.000178690725,0.00364567255,0.00090514117,0.000839072684,0.000471377631
0.654,3.98348124e-05,0.000262407805,0.00178832713,-0.000566677688,-0.00184761303,-0.000686845489,-0.000335876053,-1.67272357e-05,-0.00011226022,0.000169717707,0.00353731419,0.00088231782,0.000822704617,0.000462989692
0.655,4.05827032e-05,0.000256117032,0.00172124787,-0.000513193723,-0.0018203251,-0.000675943245,-0.000330622273,-1.52927975e-05,-0.000105182447,0.00016083878,0.00343152784,0.000860035326,0.000806760847,0.000454628406
0.656,4.11368649e-05,0.000250035776,0.00165637316,-0.000461398602,-0.00179346008,-0.000665052062,-0.000325461194,-1.40396998e-05,-9.84726821e-05,0.000152053803,0.00332828316,0.000838298731,0.000791242296,0.000446291244
0.657,4.1590095e-05,0.000244130172,0.00159372961,-0.000411268987,-0.00176693405,-0.000654192522,-0.000320275684,-1.28529096e-05,-9.21701584e-05,0.000143454356,0.00322752458,0.000817212299,0.000776120928,0.000438068792
0.658,4.20419059e-05,0.00023835819,0.00153334901,-0.000362810943,-0.00174065045,-0.000643380029,-0.000314991442,-1.16558977e-05,-8.62823915e-05,0.000135100575,0.00312918708,0.00079685395,0.000761367519,0.000430080089
0.659,4.25127484e-05,0.000232691911,0.00147521045,-0.000316013519,-0.00171458761,-0.000632617265,-0.000309592438,-1.04574126e-05,-8.08351058e-05,0.000127001327,0.00303322226,0.000777253634,0.000746963096,0.000422367062
0.66,4.29733655e-05,0.000227125166,0.00141922515,-0.000270858956,-0.00168876757,-0.000621893314,-0.000304143484,-9.32802133e-06,-7.57841335e-05,0.00011909342,0.00293959957,0.000758365277,0.000732917517,0.000414903139
0.661,4.3311872e-05,0.000221656753,0.00136525426,-0.000227302395,-0.00166328727,-0.000611172569,-0.00029874373,-8.38435286e-06,-7.11024302e-05,0.000111262945,0.0028483144,0.000740082511,0.00071925123,0.00040756219
0.662,4.34574583e-05,0.000216304891,0.00131315287,-0.000185290527,-0.00163820723,-0.000600437271,-0.000293466961,-7.68849648e-06,-6.6709525e-05,0.000103426018,0.00275936284,0.000722315241,0.000705998445,0.000400216805
0.663,4.33918336e-05,0.000211045231,0.00126286413,-0.000144782104,-0.00161354127,-0.000589664962,-0.000288298131,-7.21927372e-06,-6.26043684e-05,9.55674196e-05,0.00267272403,0.000705038531,0.000693152495,0.000392823063
0.664,4.3182948e-05,0.000205873205,0.00121436433,-0.000105751062,-0.00158922186,-0.000578881376,-0.000283176405,-6.91992742e-06,-5.87501734e-05,8.77284604e-05,0.00258835374,0.000688283804,0.000680708019,0.000385384622
0.665,4.29390511e-05,0.000200725463,0.00116772393,-6.81967708e-05,-0.00156515082,-0.000568088171,-0.000277988978,-6.67082465e-06,-5.52021434e-05,8.00022556e-05,0.00250618583,0.000672144852,0.000668607409,0.000378037035
0.666,4.27447817e-05,0.000195596519,0.00112294612,-3.21228694e-05,-0.00154123919,-0.000557331706,-0.000272696838,-6.52694894e-06,-5.19333859e-05,7.23752684e-05,0.00242616204,0.000656617354,0.000656838836,0.000370781226
0.667,4.26057718e-05,0.000190437753,0.00108001796,2.47695108e-06,-0.0015174843,-0.00054658474,-0.000267316064,-6.50549759e-06,-4.89634784e-05,6.48196447e-05,0.00234824705,0.000641682688,0.000645370237,0.000363665787
0.668,4.25064775e-05,0.000185273573,0.00103885493,3.56108041e-05,-0.00149387464,-0.000535889871,-0.000261900726,-6.89802351e-06,-4.62031005e-05,5.70949754e-05,0.00227244251,0.000627103769,0.000634245616,0.000356437218
0.669,4.21895292e-05,0.000180136473,0.000999175331,6.73727739e-05,-0.00147066654,-0.000525141206,-0.00025672216,-7.37890176e-06,-4.36875421e-05,4.94424341e-05,0.00219871671,0.000613113554,0.00062340437,0.000349426042
0.67,4.1560741e-05,0.000175089957,0.000960823933,9.78251758e-05,-0.0014479037,-0.000514357914,-0.000251819323,-7.73764838e-06,-4.14214451e-05,4.19928931e-05,0.00212703205,0.000599804485,0.000612805396,0.000342722994
0.671,4.07403876e-05,0.000170056978,0.000923877855,0.000126960923,-0.00142548201,-0.00050355025,-0.000247060999,-8.14977178e-06,-3.93541113e-05,3.45866716e-05,0.00205737902,0.000586991871,0.00060248601,0.000336110612
0.672,3.97970344e-05,0.000165063705,0.000888325963,0.00015479989,-0.00140330426,-0.000492783662,-0.000242363595,-8.38877329e-06,-3.75264486e-05,2.73842756e-05,0.00198969785,0.000574806016,0.000592375695,0.000329760562
0.673,3.88557185e-05,0.000160045116,0.000854251473,0.00018133244,-0.00138126964,-0.000482068918,-0.000237614172,-8.48795333e-06,-3.5946073e-05,2.04016891e-05,0.00192391505,0.00056325354,0.000582466972,0.000323680897
0.674,3.79406152e-05,0.00015502963,0.00082161303,0.000206571987,-0.001359329,-0.000471455755,-0.000232816183,-8.40107397e-06,-3.4631714e-05,1.36732088e-05,0.00185998212,0.000552357795,0.000572707788,0.000317952348
0.675,3.7031042e-05,0.000150000243,0.000790359582,0.000230540164,-0.00133751225,-0.000460923636,-0.000228002079,-8.25408966e-06,-3.35496299e-05,7.12847072e-06,0.00179785859,0.000542039195,0.000563128541,0.000312490156
0.676,3.60480954e-05,0.000145003552,0.000760353908,0.000253275794,-0.00131586912,-0.000450489592,-0.000223272066,-8.13928061e-06,-3.26585765e-05,6.72493917e-07,0.00173754377,0.000532180156,0.000553726825,0.000307195185
0.677,3.49305337e-05,0.000140044707,0.000731496784,0.000274819904,-0.00129446001,-0.000440132034,-0.00021866769,-8.13190931e-06,-3.18999339e-05,-5.7576564e-06,0.00167902731,0.000522683367,0.000544554621,0.000301939268
0.678,3.36841593e-05,0.000135144945,0.000703723821,0.000295203689,-0.00127326427,-0.000429880114,-0.000214190603,-8.20442917e-06,-3.12557332e-05,-1.21518387e-05,0.00162228993,0.000513519856,0.000535590462,0.000296697904
0.679,3.23589573e-05,0.000130290038,0.000677037803,0.000314443127,-0.00125223744,-0.000419746619,-0.000209773355,-8.27437791e-06,-3.07213769e-05,-1.84329945e-05,0.00156727974,0.000504731625,0.000526840695,0.00029150993
0.68,3.10546928e-05,0.000125472162,0.000651469342,0.000332546984,-0.001231282,-0.000409771846,-0.000205343903,-8.24109334e-06,-3.032985e-05,-2.44931111e-05,0.00151392764,0.000496401682,0.000518242548,0.000286491391
0.681,2.9807971e-05,0.000120684956,0.00062702018,0.000349522209,-0.00121036425,-0.00039996761,-0.000200877439,-8.08392057e-06,-3.00895212e-05,-3.02908929e-05,0.00146216669,0.000488560114,0.000509790799,0.000281705973
0.682,2.86228751e-05,0.000115937814,0.000603641415,0.00036539474,-0.00118947829,-0.000390341546,-0.000196405013,-7.84265007e-06,-2.99953995e-05,-3.58323513e-05,0.00141195439,0.000481183821,0.000501456107,0.000277154902
0.683,2.74319979e-05,0.00011125466,0.000581239958,0.000380192181,-0.00116868156,-0.000380884147,-0.000192002422,-7.61830252e-06,-3.00076217e-05,-4.1201643e-05,0.00136326803,0.000474174929,0.000493272953,0.00027276051
0.684,2.61714878e-05,0.000106656287,0.000559701206,0.000393960184,-0.00114803035,-0.000371584569,-0.000187743021,-7.48951446e-06,-3.00761209e-05,-4.64607094e-05,0.00131610817,0.000467433399,0.000485252522,0.000268407824
0.685,2.48226225e-05,0.000102158825,0.000538969995,0.000406721829,-0.00112753501,-0.000362451028,-0.000183635156,-7.45479255e-06,-3.01710195e-05,-5.16270468e-05,0.00127045285,0.000460909478,0.00047742053,0.000264055074
0.686,2.34200745e-05,9.77538625e-05,0.000519023815,0.000418503412,-0.00110716502,-0.00035349429,-0.000179647533,-7.45683944e-06,-3.02855431e-05,-5.66367579e-05,0.00122626798,0.000454623858,0.000469755214,0.00025971524
0.687,2.20400052e-05,9.34365163e-05,0.000499899708,0.000429306082,-0.00108684537,-0.00034474525,-0.000175706108,-7.3965541e-06,-3.04414256e-05,-6.14094398e-05,0.00118348662,0.000448635873,0.000462236811,0.000255482826
0.688,2.07405605e-05,8.91894817e-05,0.000481607994,0.000439147165,-0.00106652929,-0.000336212572,-0.000171774994,-7.23061178e-06,-3.06597455e-05,-6.58682225e-05,0.00114204528,0.000443001018,0.00045482302,0.000251435122
0.689,1.95301946e-05,8.50260229e-05,0.000464132101,0.000448037782,-0.00104620346,-0.000327907946,-0.000167862342,-6.97488336e-06,-3.09420637e-05,-7.00273688e-05,0.00110188926,0.000437701173,0.000447507392,0.00024759536
0.69,1.83674189e-05,8.09517625e-05,0.000447394054,0.000456017134,-0.00102591338,-0.000319812196,-0.000164026934,-6.70952737e-06,-3.12645904e-05,-7.39265645e-05,0.00106299525,0.000432676387,0.00044028934,0.000243912122
0.691,1.7185729e-05,7.69985899e-05,0.000431306426,0.000463113229,-0.00100571136,-0.000311922161,-0.00016033846,-6.5138858e-06,-3.15849138e-05,-7.76573603e-05,0.00102535124,0.000427819523,0.000433198183,0.000240289858
0.692,1.59569804e-05,7.31659226e-05,0.000415798965,0.000469366107,-0.000985630327,-0.000304225099,-0.000156819901,-6.40651812e-06,-3.18721199e-05,-8.12257186e-05,0.000988950346,0.000423084132,0.000426245102,0.000236669049
0.693,1.469725e-05,6.94643037e-05,0.000400859721,0.000474787405,-0.000965647655,-0.000296740016,-0.00015345357,-6.34991509e-06,-3.21179155e-05,-8.46231415e-05,0.000953755765,0.000418457441,0.000419430711,0.000233049259
0.694,1.3464906e-05,6.58689094e-05,0.000386502449,0.000479397982,-0.000945719447,-0.000289473981,-0.000150177742,-6.26401744e-06,-3.23357709e-05,-8.7760102e-05,0.000919723947,0.000413993919,0.000412732267,0.000229489368
0.695,1.23222394e-05,6.23797332e-05,0.000372765821,0.000483199315,-0.000925784372,-0.000282451196,-0.000146944815,-6.09303e-06,-3.25530743e-05,-9.05935465e-05,0.000886782201,0.000409736195,0.000406118306,0.000226070081
0.696,1.1279971e-05,5.89834135e-05,0.000359628434,0.000486220345,-0.000905843718,-0.000275662144,-0.000143750938,-5.84377009e-06,-3.27754146e-05,-9.31003518e-05,0.000854889367,0.000405691245,0.000399573403,0.000222815498
0.697,1.03153953e-05,5.57026255e-05,0.000347053923,0.000488482405,-0.000885914723,-0.000269106616,-0.000140634106,-5.56564502e-06,-3.2995171e-05,-9.53346727e-05,0.000824002642,0.000401810588,0.000393093981,0.000219704734
0.698,9.36636823e-06,5.25411269e-05,0.000334953909,0.000490029402,-0.000866063991,-0.000262759532,-0.000137652526,-5.32662585e-06,-3.3181482e-05,-9.73414847e-05,0.000794118195,0.000398026406,0.000386698192,0.000216667305
0.699,8.40390332e-06,4.95210426e-05,0.000323283622,0.000490884621,-0.00084631333,-0.000256622768,-0.000134835502,-5.14711649e-06,-3.33109753e-05,-9.91653363e-05,0.000765215153,0.000394284624,0.000380396555,0.000213651743
0.7,7.42622187e-06,4.66284601e-05,0.000312009858,0.00049107836,-0.000826674301,-0.000250689327,-0.000132172425,-5.01138211e-06,-3.3372122e-05,-0.000100784638,0.000737280768,0.000390576422,0.00037419578,0.000210644162
0.701,6.47507686e-06,4.38651325e-05,0.000301156022,0.000490619124,-0.000807105656,-0.000244977193,-0.00012962314,-4.87751371e-06,-3.33677025e-05,-0.000102185805,0.000710273269,0.000386909132,0.000368085305,0.000207660574
0.702,5.59050318e-06,4.12068888e-05,0.000290731715,0.000489531357,-0.000787583913,-0.000239485277,-0.000127143767,-4.71733725e-06,-3.33100852e-05,-0.000103331817,0.000684158577,0.000383302225,0.000362055954,0.000204734356
0.703,4.78959544e-06,3.86628134e-05,0.000280742074,0.000487833598,-0.000768093811,-0.000234218588,-0.000124728608,-4.52980013e-06,-3.3206138e-05,-0.000104238141,0.000658887444,0.000379748202,0.00035609358,0.000201876034
0.704,4.05930126e-06,3.62248185e-05,0.000271149417,0.000485564257,-0.00074866161,-0.000229160403,-0.000122387859,-4.32840375e-06,-3.30589163e-05,-0.000104906983,0.000634435384,0.000376233049,0.000350198446,0.000199085205
0.705,3.38032865e-06,3.39112404e-05,0.000261926614,0.000482749101,-0.00072930574,-0.000224306174,-0.000120148369,-4.12255283e-06,-3.28678794e-05,-0.000105362608,0.000610762881,0.000372739893,0.000344361678,0.000196354193
0.706,2.73322851e-06,3.17155831e-05,0.000253031283,0.000479422801,-0.000710056812,-0.000219640929,-0.000118018633,-3.91908687e-06,-3.2629641e-05,-0.000105605401,0.000587857984,0.000369253087,0.00033858919,0.000193672294
0.707,2.12243328e-06,2.9647371e-05,0.000244459717,0.000475602524,-0.000690912049,-0.000215167504,-0.000115996961,-3.71492702e-06,-3.2342483e-05,-0.000105649361,0.000565687642,0.000365763526,0.000332873926,0.000191033728
0.708,1.54764716e-06,2.76944876e-05,0.000236188902,0.000471317228,-0.000671885067,-0.000210876731,-0.000114071961,-3.50428394e-06,-3.20081646e-05,-0.000105485808,0.000544237964,0.000362267066,0.000327218612,0.000188440462
0.709,1.01696507e-06,2.58644292e-05,0.000228219406,0.000466585261,-0.000652971315,-0.000206771185,-0.000112237783,-3.27795806e-06,-3.16288824e-05,-0.000105121682,0.00052347394,0.000358764869,0.00032161364,0.00018589768
0.71,5.26714974e-07,2.41463327e-05,0.000220526362,0.000461437623,-0.000634187135,-0.000202841251,-0.000110486312,-3.03641913e-06,-3.12066335e-05,-0.00010455582,0.000503382769,0.000355250566,0.000316062569,0.000183407271
0.711,8.4060586e-08,2.25459087e-05,0.000213111429,0.000455893884,-0.000615528694,-0.000199088436,-0.000108812003,-2.78354077e-06,-3.07393263e-05,-0.000103807223,0.000483935844,0.000351715906,0.000310561448,0.000180963286
0.712,-3.04041994e-07,2.10478795e-05,0.000205962675,0.000449981522,-0.000597001561,-0.000195505884,-0.000107197988,-2.53296317e-06,-3.02265466e-05,-0.000102890277,0.000465123868,0.000348142895,0.000305117822,0.00017855613
0.713,-6.27143343e-07,1.96537345e-05,0.000199088626,0.000443719294,-0.000578599477,-0.000192093175,-0.000105639496,-2.29090721e-06,-2.96700921e-05,-0.000101825466,0.000446914393,0.000344524848,0.000299726121,0.0001761814
0.714,-8.90597204e-07,1.8351648e-05,0.00019246848,0.00043713709,-0.000560339208,-0.000188838811,-0.00010413461,-2.0605526e-06,-2.90769661e-05,-0.00010061801,0.00042929006,0.000340856828,0.000294386328,0.00017384247
0.715,-1.11100539e-06,1.7150441e-05,0.000186086405,0.000430260887,-0.000542239598,-0.000185733933,-0.000102703911,-1.84800705e-06,-2.84484053e-05,-9.92868095e-05,0.00041222052,0.000337134654,0.00028909292,0.000171534007
0.716,-1.31620916e-06,1.60462559e-05,0.000179899406,0.000423125719,-0.000524336938,-0.000182763547,-0.000101363518,-1.66044816e-06,-2.77818484e-05,-9.78457071e-05,0.000395701052,0.00033334246,0.000283853998,0.000169240975
0.717,-1.51351365e-06,1.50444851e-05,0.000173898584,0.000415755167,-0.000506641093,-0.00017992393,-0.000100119018,-1.49529102e-06,-2.70721471e-05,-9.63100111e-05,0.000379714652,0.000329473689,0.00027867312,0.000166948991
0.718,-1.69566824e-06,1.41315531e-05,0.000168074113,0.000408174058,-0.000489155713,-0.000177211262,-9.89503239e-05,-1.33989848e-06,-2.63223388e-05,-9.4678375e-05,0.000364255358,0.000325526717,0.000273555671,0.000164657522
0.719,-1.832674e-06,1.33008492e-05,0.000162454295,0.000400395588,-0.000471856968,-0.000174630439,-9.78267324e-05,-1.16930212e-06,-2.5542807e-05,-9.29413048e-05,0.000349294106,0.000321522926,0.000268493756,0.000162386164
0.72,-1.90658337e-06,1.25373667e-05,0.000157043321,0.000392440785,-0.000454739044,-0.000172177058,-9.67211123e-05,-9.74887144e-07,-2.47500126e-05,-9.1093721e-05,0.000334809274,0.000317475208,0.000263478702,0.000160158559
0.721,-1.91798438e-06,1.18428661e-05,0.0001518439,0.000384329912,-0.000437805929,-0.000169845075,-9.56351158e-05,-7.6433226e-07,-2.39512253e-05,-8.91497525e-05,0.000320772773,0.000313389165,0.000258503612,0.000157981358
0.722,-1.89380546e-06,1.12166524e-05,0.00014681886,0.000376094897,-0.00042109186,-0.000167618099,-9.45863626e-05,-5.65015485e-07,-2.31474228e-05,-8.71386893e-05,0.000307176265,0.00030924575,0.000253571352,0.000155841443
0.723,-1.86473733e-06,1.06669916e-05,0.000141941499,0.000367762163,-0.000404626744,-0.000165485332,-9.36042635e-05,-3.97851211e-07,-2.2328239e-05,-8.50927879e-05,0.000294012664,0.000305025875,0.000248692888,0.000153709983
0.724,-1.84304363e-06,1.01884145e-05,0.00013718671,0.00035935789,-0.000388429852,-0.000163438613,-9.26895854e-05,-2.64775295e-07,-2.14900129e-05,-8.3026068e-05,0.000281282738,0.000300716957,0.000243877772,0.000151571439
0.725,-1.8171839e-06,9.77464306e-06,0.000132567478,0.000350895224,-0.00037249174,-0.000161480555,-9.18288209e-05,-1.48048951e-07,-2.06345371e-05,-8.09361898e-05,0.000268973054,0.000296330448,0.000239130187,0.000149428
0.726,-1.76000594e-06,9.40963127e-06,0.000128097596,0.000342388246,-0.000356795237,-0.000159612851,-9.09843805e-05,-2.43175835e-08,-1.97751181e-05,-7.88093277e-05,0.00025706736,0.000291885437,0.000234443927,0.000147302056
0.727,-1.65410689e-06,9.08545299e-06,0.000123798297,0.000333847623,-0.00034132569,-0.000157836492,-9.01383605e-05,1.15652299e-07,-1.89258228e-05,-7.6641912e-05,0.000245538538,0.000287403847,0.000229811176,0.000145216301
0.728,-1.50467349e-06,8.79755624e-06,0.000119655265,0.000325294744,-0.000326094779,-0.000156142307,-8.92866773e-05,2.61625522e-07,-1.80946077e-05,-7.44451075e-05,0.000234370393,0.00028288732,0.000225225944,0.000143178007
0.729,-1.338324e-06,8.55053746e-06,0.000115648371,0.000316750949,-0.000311127409,-0.000154519379,-8.84549255e-05,3.91047198e-07,-1.72806596e-05,-7.22457978e-05,0.000223550998,0.000278327362,0.000220693576,0.000141175594
0.73,-1.18348461e-06,8.3469207e-06,0.000111740637,0.000308241231,-0.000296454927,-0.000152955248,-8.76617463e-05,4.87040442e-07,-1.64755831e-05,-7.0066908e-05,0.000213081965,0.000273706716,0.000216223021,0.000139187129
0.731,-1.04853792e-06,8.1837747e-06,0.000107927344,0.000299779742,-0.000282084697,-0.0001514474,-8.69135329e-05,5.52188156e-07,-1.56756619e-05,-6.7919548e-05,0.000202961116,0.00026902318,0.000211826874,0.000137200676
0.732,-9.19966433e-07,8.05133407e-06,0.000104211467,0.00029137737,-0.000268008613,-0.000149996534,-8.61874486e-05,6.01752338e-07,-1.48830344e-05,-6.57962072e-05,0.000193181667,0.000264286493,0.000207506148,0.000135221573
0.733,-7.73621709e-07,7.93609853e-06,0.000100619711,0.000283038023,-0.000254204151,-0.000148608305,-8.5457622e-05,6.54959048e-07,-1.41087907e-05,-6.36882801e-05,0.0001837273,0.000259517793,0.000203260346,0.000133268079
0.734,-5.96909482e-07,7.83070507e-06,9.71568565e-05,0.000274771439,-0.000240663206,-0.000147280702,-8.47027449e-05,7.14595859e-07,-1.33638174e-05,-6.15897946e-05,0.000174577392,0.000254733509,0.000199078913,0.000131359916
0.735,-3.99331377e-07,7.73179698e-06,9.38183564e-05,0.000266589834,-0.00022739393,-0.000146008657,-8.39306827e-05,7.72210467e-07,-1.26533642e-05,-5.95143894e-05,0.000165718467,0.000249937961,0.000194963191,0.000129500663
0.736,-2.05590072e-07,7.64509699e-06,9.05745886e-05,0.000258511408,-0.000214421034,-0.000144779901,-8.31574036e-05,8.08547395e-07,-1.19751159e-05,-5.74765078e-05,0.000157142054,0.000245125197,0.000190913406,0.000127683147
0.737,-3.93223136e-08,7.5704734e-06,8.74052895e-05,0.000250550457,-0.000201765717,-0.000143587687,-8.24054819e-05,8.16627778e-07,-1.13208438e-05,-5.549594e-05,0.000148852203,0.000240285805,0.000186944556,0.000125889236
0.738,9.76519841e-08,7.507417e-06,8.43025299e-05,0.000242716189,-0.000189430287,-0.000142428097,-8.16684272e-05,7.99541702e-07,-1.06871288e-05,-5.35704734e-05,0.000140846359,0.000235421472,0.000183061811,0.000124113992
0.739,2.19850535e-07,7.44332159e-06,8.12804508e-05,0.000235010816,-0.000177401529,-0.000141306018,-8.09313541e-05,7.74254596e-07,-1.00744605e-05,-5.1698155e-05,0.000133121996,0.000230542752,0.00017927303,0.000122360886
0.74,3.49483838e-07,7.37156853e-06,7.83566317e-05,0.000227434738,-0.000165657813,-0.000140223193,-8.01632623e-05,7.51128415e-07,-9.49197913e-06,-4.98632363e-05,0.000125662212,0.000225668104,0.00017557151,0.000120647651
0.741,4.92691896e-07,7.28299297e-06,7.5536652e-05,0.000219992443,-0.00015419411,-0.000139180525,-7.93569685e-05,7.33349461e-07,-8.94504762e-06,-4.80698443e-05,0.00011845446,0.000220809844,0.000171955478,0.000118986161
0.742,6.38979134e-07,7.18259904e-06,7.28099145e-05,0.000212691687,-0.000143016756,-0.000138169246,-7.85139474e-05,7.10690989e-07,-8.43727843e-06,-4.63182077e-05,0.000111485156,0.000215972502,0.000168421315,0.000117380702
0.743,7.67250585e-07,7.07153572e-06,7.01532475e-05,0.000205545142,-0.000132146665,-0.000137182653,-7.76543555e-05,6.7527101e-07,-7.96215681e-06,-4.46257045e-05,0.000104753777,0.000211152855,0.000164975767,0.00011582339
0.744,8.6305332e-07,6.95671876e-06,6.75533221e-05,0.000198559483,-0.000121592704,-0.000136211426,-7.67861559e-05,6.24814122e-07,-7.51425716e-06,-4.29917549e-05,9.82616254e-05,0.000206347607,0.000161627367,0.000114303727
0.745,9.33004058e-07,6.83328742e-06,6.50096029e-05,0.000191740285,-0.000111350985,-0.000135257594,-7.59015643e-05,5.69814215e-07,-7.08698838e-06,-4.14201078e-05,9.2011244e-05,0.000201561572,0.000158383739,0.000112818298
0.746,9.93129158e-07,6.69833735e-06,6.25397461e-05,0.000185083287,-0.000101401446,-0.000134319816,-7.49805479e-05,5.24386711e-07,-6.68312676e-06,-3.98949501e-05,8.5998104e-05,0.000196805337,0.00015524819,0.00011137263
0.747,1.06815889e-06,6.54539726e-06,6.01593049e-05,0.000178589954,-9.17215309e-05,-0.000133404716,-7.39922135e-05,4.98874734e-07,-6.30535154e-06,-3.84132112e-05,8.02103741e-05,0.000192095618,0.000152215072,0.000109979936
0.748,1.15770286e-06,6.37640938e-06,5.78727327e-05,0.000172259496,-8.23063006e-05,-0.000132503574,-7.29357395e-05,4.97856724e-07,-5.95897815e-06,-3.69652648e-05,7.46381365e-05,0.000187442658,0.00014928229,0.000108650372
0.749,1.26399072e-06,6.19891045e-06,5.56738884e-05,0.000166101709,-7.31494052e-05,-0.000131616035,-7.17954202e-05,5.17846218e-07,-5.64122767e-06,-3.55580519e-05,6.92714655e-05,0.000182854139,0.000146444444,0.00010738603
0.75,1.32025764e-06,6.03797491e-06,5.35010355e-05,0.000160139704,-6.43143618e-05,-0.000130707852,-7.06460485e-05,5.48807268e-07,-5.34067742e-06,-3.42047618e-05,6.41208043e-05,0.000178315143,0.000143714892,0.000106168079
0.751,1.28057358e-06,5.923686e-06,5.13062809e-05,0.000154396602,-5.58280237e-05,-0.000129767256,-6.95054959e-05,5.39102839e-07,-5.04492122e-06,-3.29494674e-05,5.91825027e-05,0.000173789616,0.000141097407,0.000104936049
0.752,1.22767396e-06,5.80576056e-06,4.91703233e-05,0.000148829323,-4.76255464e-05,-0.00012881734,-6.83315656e-05,5.05895285e-07,-4.76334459e-06,-3.1768025e-05,5.44370279e-05,0.000169304962,0.000138578048,0.000103701698
0.753,1.18951039e-06,5.68372207e-06,4.71101444e-05,0.000143439219,-3.96783694e-05,-0.00012786451,-6.70859997e-05,4.83703329e-07,-4.49701238e-06,-3.06378647e-05,4.9884676e-05,0.00016488365,0.000136156824,0.000102493946
0.754,1.16344417e-06,5.54894566e-06,4.51255762e-05,0.000138218909,-3.19959532e-05,-0.000126898998,-6.57967425e-05,4.58298654e-07,-4.24651611e-06,-2.95673416e-05,4.55127424e-05,0.000160526008,0.000133825451,0.000101301932
0.755,1.15238084e-06,5.40067961e-06,4.32130902e-05,0.000133170476,-2.45734968e-05,-0.000125922135,-6.44543494e-05,4.39218164e-07,-4.01569122e-06,-2.8547267e-05,4.13155329e-05,0.000156241967,0.000131579819,0.000100145564
0.756,1.13735375e-06,5.24334624e-06,4.13580056e-05,0.000128293788,-1.742949e-05,-0.000124919106,-6.30939117e-05,4.15299317e-07,-3.80003553e-06,-2.75875123e-05,3.72871345e-05,0.000152029628,0.00012941575,9.90117076e-05
0.757,1.10835222e-06,5.07774821e-06,3.95451166e-05,0.00012359286,-1.05734408e-05,-0.000123887126,-6.17259198e-05,3.89916846e-07,-3.59791992e-06,-2.66840952e-05,3.34302875e-05,0.00014788767,0.000127335976,9.79047306e-05
0.758,1.06216786e-06,4.90847337e-06,3.77737301e-05,0.000119064953,-4.00687053e-06,-0.000122816549,-6.036595e-05,3.65341331e-07,-3.40196222e-06,-2.58400456e-05,2.97478717e-05,0.000143815225,0.000125342925,9.6810324e-05
0.759,1.00883665e-06,4.72823998e-06,3.60485598e-05,0.000114706468,2.27818884e-06,-0.000121710245,-5.90085909e-05,3.46341972e-07,-3.21419926e-06,-2.50473299e-05,2.62392825e-05,0.000139812486,0.000123436804,9.57338727e-05
0.76,9.60136449e-07,4.53752763e-06,3.43839004e-05,0.000110508753,8.29779802e-06,-0.000120565672,-5.76474364e-05,3.37172327e-07,-3.03300858e-06,-2.43045643e-05,2.29002967e-05,0.00013588443,0.000121614115,9.46714317e-05
0.761,9.19843374e-07,4.32956471e-06,3.27807272e-05,0.000106467428,1.40556537e-05,-0.000119384464,-5.62821303e-05,3.33699514e-07,-2.86493062e-06,-2.36062891e-05,1.97205526e-05,0.000132032322,0.000119866936,9.36328321e-05
0.762,8.81956809e-07,4.11093787e-06,3.12367354e-05,0.000102578153,1.95539143e-05,-0.000118161085,-5.49187715e-05,3.35559013e-07,-2.70756901e-06,-2.29537061e-05,1.66953138e-05,0.000128259628,0.000118190692,9.26151522e-05
0.763,8.3490592e-07,3.88191491e-06,2.97383226e-05,9.88421421e-05,2.47811511e-05,-0.000116891104,-5.35751539e-05,3.36915477e-07,-2.56317087e-06,-2.23441624e-05,1.38191712e-05,0.000124562893,0.000116581068,9.16212712e-05
0.764,7.72912642e-07,3.65070074e-06,2.82813488e-05,9.52567973e-05,2.97385892e-05,-0.000115569179,-5.22585266e-05,3.42285798e-07,-2.4249658e-06,-2.17770584e-05,1.10963988e-05,0.000120942391,0.000115040541,9.06429457e-05
0.765,6.99329638e-07,3.41490987e-06,2.6865842e-05,9.18202433e-05,3.44271814e-05,-0.00011419379,-5.09753523e-05,3.50564666e-07,-2.29416673e-06,-2.12475528e-05,8.52478226e-06,0.000117393652,0.000113567761,8.96798517e-05
0.766,6.24371598e-07,3.17592043e-06,2.55023615e-05,8.85238336e-05,3.88636782e-05,-0.000112766624,-4.97150592e-05,3.67043358e-07,-2.16721394e-06,-2.07523874e-05,6.1053771e-06,0.000113919063,0.000112162774,8.87278215e-05
0.767,5.56052303e-07,2.92911357e-06,2.41972501e-05,8.53619981e-05,4.30556106e-05,-0.00011128916,-4.84762325e-05,3.87340783e-07,-2.04922129e-06,-2.02874727e-05,3.82785754e-06,0.000110516549,0.00011081787,8.77914174e-05
0.768,4.93789193e-07,2.67687939e-06,2.29512581e-05,8.23269809e-05,4.70118072e-05,-0.000109762988,-4.72547496e-05,4.11761231e-07,-1.93901758e-06,-1.98506538e-05,1.68779755e-06,0.000107189965,0.000109528176,8.68711861e-05
0.769,4.30527205e-07,2.42122667e-06,2.17570316e-05,7.94182399e-05,5.07264656e-05,-0.000108184796,-4.60636492e-05,4.35172083e-07,-1.8395158e-06,-1.94396126e-05,-3.24070017e-07,0.000103936179,0.000108286573,8.59701351e-05
0.77,3.58415645e-07,2.16787838e-06,2.06062865e-05,7.66324266e-05,5.4199814e-05,-0.000106553377,-4.49087374e-05,4.5989267e-07,-1.74641334e-06,-1.90516396e-05,-2.20591892e-06,0.000100756877,0.00010709291,8.5085091e-05
0.771,2.77399638e-07,1.91956245e-06,1.94974087e-05,7.39697286e-05,5.74306999e-05,-0.000104865342,-4.37997842e-05,4.85336572e-07,-1.65937033e-06,-1.86838388e-05,-3.96076198e-06,9.76466724e-05,0.000105945614,8.42137947e-05
0.772,1.93278454e-07,1.67658836e-06,1.84336906e-05,7.14229303e-05,6.04310503e-05,-0.000103124168,-4.27302604e-05,5.14510692e-07,-1.57515603e-06,-1.83326844e-05,-5.58633819e-06,9.46065231e-05,0.000104845313,8.33524323e-05
0.773,1.14843231e-07,1.43774261e-06,1.74234037e-05,6.89875413e-05,6.3209835e-05,-0.00010133079,-4.16982002e-05,5.45456127e-07,-1.49551664e-06,-1.79961143e-05,-7.09040107e-06,9.1631864e-05,0.000103787271,8.25009156e-05
0.774,4.46039895e-08,1.20128243e-06,1.64673256e-05,6.6654228e-05,6.57782194e-05,-9.94909996e-05,-4.06959783e-05,5.7721281e-07,-1.42056779e-06,-1.76715081e-05,-8.47731328e-06,8.87252467e-05,0.000102766629,8.16601546e-05
0.775,-2.02559556e-08,9.69649401e-07,1.55640263e-05,6.44210445e-05,6.81362376e-05,-9.76034525e-05,-3.97301654e-05,6.0705325e-07,-1.35183589e-06,-1.73575348e-05,-9.75695523e-06,8.58833841e-05,0.000101776806,8.08320915e-05
0.776,-8.68044455e-08,7.45018148e-07,1.47037969e-05,6.22832367e-05,7.02851698e-05,-9.56705649e-05,-3.88040653e-05,6.35179413e-07,-1.28808954e-06,-1.70512405e-05,-1.09307549e-05,8.31085153e-05,0.000100814855,8.0016675e-05
0.777,-1.57598007e-07,5.32331543e-07,1.38844864e-05,6.02421315e-05,7.22234049e-05,-9.36886849e-05,-3.79274647e-05,6.62459293e-07,-1.22770295e-06,-1.6750835e-05,-1.2002524e-05,8.03959969e-05,9.98794304e-05,7.92118974e-05
0.778,-2.30384325e-07,3.31342305e-07,1.31035734e-05,5.82919804e-05,7.39591643e-05,-9.16619736e-05,-3.70974051e-05,6.90276928e-07,-1.16890556e-06,-1.64536223e-05,-1.29705453e-05,7.77461505e-05,9.89704694e-05,7.84145638e-05
0.779,-2.98294285e-07,1.42832121e-07,1.23685706e-05,5.64303884e-05,7.55004568e-05,-8.95905739e-05,-3.63130527e-05,7.18697144e-07,-1.11082891e-06,-1.61589413e-05,-1.38401791e-05,7.51538726e-05,9.80861645e-05,7.76221896e-05
0.78,-3.57273696e-07,-3.6672807e-08,1.16795422e-05,5.46480967e-05,7.68594783e-05,-8.74821588e-05,-3.5565762e-05,7.46189378e-07,-1.05440468e-06,-1.58655286e-05,-1.46150176e-05,7.26202772e-05,9.72221844e-05,7.68340967e-05
0.781,-4.0755863e-07,-2.05772884e-07,1.10387301e-05,5.29428479e-05,7.80400609e-05,-8.53370208e-05,-3.48575653e-05,7.71495846e-07,-9.99895889e-07,-1.5573231e-05,-1.53042475e-05,7.01422621e-05,9.63736762e-05,7.60508923e-05
0.782,-4.53699309e-07,-3.64714714e-07,1.04377667e-05,5.13084879e-05,7.9046767e-05,-8.3160381e-05,-3.41879378e-05,7.93650302e-07,-9.48005643e-07,-1.52805818e-05,-1.59111323e-05,6.77219492e-05,9.55360963e-05,7.52728476e-05
0.783,-4.99047065e-07,-5.09444408e-07,9.87514513e-06,4.97465058e-05,7.98792608e-05,-8.09497294e-05,-3.35643882e-05,8.13665948e-07,-8.97148547e-07,-1.49868205e-05,-1.64407288e-05,6.53562148e-05,9.47081553e-05,7.44988676e-05
0.784,-5.43646225e-07,-6.40094381e-07,9.34562804e-06,4.82517897e-05,8.05446813e-05,-7.87097384e-05,-3.29851886e-05,8.32139651e-07,-8.46936421e-07,-1.46905527e-05,-1.68924966e-05,6.30459557e-05,9.38885247e-05,7.37263879e-05
0.785,-5.84723258e-07,-7.55028404e-07,8.85327678e-06,4.68244428e-05,8.10481173e-05,-7.64395663e-05,-3.24521005e-05,8.50441557e-07,-7.96045572e-07,-1.43914033e-05,-1.72709762e-05,6.07874266e-05,9.30770214e-05,7.29532145e-05
0.786,-6.19649102e-07,-8.56135545e-07,8.39562405e-06,4.54572572e-05,8.14000359e-05,-7.41457237e-05,-3.19591366e-05,8.68568658e-07,-7.45317342e-07,-1.40886457e-05,-1.75779558e-05,5.85812809e-05,9.227057e-05,7.21775692e-05
0.787,-6.47382898e-07,-9.42558029e-07,7.975172e-06,4.41497814e-05,8.16049361e-05,-7.18280906e-05,-3.1507381e-05,8.86863545e-07,-6.94315831e-07,-1.37828639e-05,-1.7820325e-05,5.64235848e-05,9.14675294e-05,7.13984165e-05
0.788,-6.67975123e-07,-1.01544401e-06,7.58719669e-06,4.28953441e-05,8.16715653e-05,-6.94926678e-05,-3.10926365e-05,9.04061194e-07,-6.43926061e-07,-1.34745222e-05,-1.80004064e-05,5.43144681e-05,9.06644851e-05,7.06139927e-05
0.789,-6.81586361e-07,-1.07413885e-06,7.23310356e-06,4.16942953e-05,8.16037818e-05,-6.71390812e-05,-3.0716892e-05,9.19485519e-07,-5.93560499e-07,-1.31651438e-05,-1.81242832e-05,5.22499007e-05,8.98609106e-05,6.98226431e-05
0.79,-6.88662658e-07,-1.11984941e-06,6.90874649e-06,4.05399323e-05,8.14106981e-05,-6.47734142e-05,-3.03759594e-05,9.31715452e-07,-5.44386356e-07,-1.28548553e-05,-1.81938768e-05,5.02311657e-05,8.90536797e-05,6.90229539e-05
0.791,-6.89826134e-07,-1.15231028e-06,6.61500479e-06,3.94329083e-05,8.10956661e-05,-6.23955165e-05,-3.00717877e-05,9.41130483e-07,-4.9616645e-07,-1.25441635e-05,-1.82150902e-05,4.82558518e-05,8.82423495e-05,6.82143314e-05
0.792,-6.86046885e-07,-1.17218945e-06,6.34761153e-06,3.83668981e-05,8.06670627e-05,-6.00111655e-05,-2.98005642e-05,9.47082339e-07,-4.50153596e-07,-1.22325031e-05,-1.81895928e-05,4.63259605e-05,8.74237593e-05,6.73958689e-05
0.793,-6.77739159e-07,-1.17930269e-06,6.10681514e-06,3.73435221e-05,8.01278501e-05,-5.76198065e-05,-2.95646169e-05,9.50458014e-07,-4.05775101e-07,-1.19204789e-05,-1.81224344e-05,4.44392061e-05,8.65983513e-05,6.65668624e-05
0.794,-6.64731658e-07,-1.17452366e-06,5.88983375e-06,3.63565468e-05,7.94877655e-05,-5.52269586e-05,-2.93593482e-05,9.50384849e-07,-3.6426541e-07,-1.16079986e-05,-1.80148682e-05,4.25969531e-05,8.57637087e-05,6.57259923e-05
0.795,-6.45948487e-07,-1.15899166e-06,5.6977756e-06,3.54069476e-05,7.8751642e-05,-5.28327851e-05,-2.91852461e-05,9.47577404e-07,-3.25087502e-07,-1.12961555e-05,-1.78724781e-05,4.07968158e-05,8.49202601e-05,6.48732206e-05
0.796,-6.21217935e-07,-1.13419648e-06,5.52869126e-06,3.44872229e-05,7.79301454e-05,-5.04435422e-05,-2.90359995e-05,9.40600265e-07,-2.89871398e-07,-1.09853844e-05,-1.76978437e-05,3.9039446e-05,8.40646024e-05,6.40080086e-05
0.797,-5.91497972e-07,-1.10116111e-06,5.38119e-06,3.35983645e-05,7.70264013e-05,-4.80595691e-05,-2.89128571e-05,9.30067446e-07,-2.57849558e-07,-1.06768874e-05,-1.74973301e-05,3.73229562e-05,8.31963174e-05,6.31317664e-05
0.798,-5.59886413e-07,-1.05957791e-06,5.25077171e-06,3.27347689e-05,7.60475776e-05,-4.56853021e-05,-2.88129241e-05,9.15447013e-07,-2.30590158e-07,-1.03704255e-05,-1.7272408e-05,3.56483351e-05,8.23126902e-05,6.22444125e-05
0.799,-5.27668465e-07,-1.00878427e-06,5.13416168e-06,3.19004866e-05,7.49944003e-05,-4.33188007e-05,-2.87408333e-05,8.98971264e-07,-2.06355035e-07,-1.00661175e-05,-1.70265558e-05,3.40145427e-05,8.14156339e-05,6.13471922e-05
0.8,-4.94451277e-07,-9.48582402e-07,5.03025119e-06,3.10911459e-05,7.38754943e-05,-4.09634136e-05,-2.86928193e-05,8.80310249e-07,-1.86317592e-07,-9.76434476e-06,-1.67582153e-05,3.24206353e-05,8.05053002e-05,6.0437349e-05
0.801,-4.56800538e-07,-8.80584274e-07,4.93984896e-06,3.0308728e-05,7.26959652e-05,-3.86193925e-05,-2.86684562e-05,8.59673367e-07,-1.68457806e-07,-9.46683858e-06,-1.64709613e-05,3.08641587e-05,7.95840215e-05,5.95146289e-05
0.802,-4.13811213e-07,-8.07395499e-07,4.86459118e-06,2.95453385e-05,7.1467207e-05,-3.62930405e-05,-2.86591537e-05,8.34445346e-07,-1.55038572e-07,-9.1758495e-06,-1.616578e-05,2.93428659e-05,7.86501318e-05,5.8576256e-05
0.803,-3.66478374e-07,-7.31014381e-07,4.80206776e-06,2.88008951e-05,7.01930903e-05,-3.3986526e-05,-2.86642803e-05,8.0443069e-07,-1.45015993e-07,-8.89200287e-06,-1.58500458e-05,2.78571059e-05,7.77027162e-05,5.76259728e-05
0.804,-3.19201396e-07,-6.52226849e-07,4.74949488e-06,2.80697988e-05,6.88799151e-05,-3.17039913e-05,-2.86801934e-05,7.69804244e-07,-1.40975038e-07,-8.61547877e-06,-1.55247155e-05,2.64069426e-05,7.67396024e-05,5.66641715e-05
0.805,-2.74244034e-07,-5.70019648e-07,4.70163376e-06,2.73555525e-05,6.75282467e-05,-2.94446217e-05,-2.87111287e-05,7.32760164e-07,-1.41062158e-07,-8.34453723e-06,-1.51947568e-05,2.49945778e-05,7.57616823e-05,5.56956694e-05
0.806,-2.31961722e-07,-4.84575207e-07,4.65816222e-06,2.66558123e-05,6.61440926e-05,-2.72099263e-05,-2.87546183e-05,6.94383263e-07,-1.4626317e-07,-8.08036133e-06,-1.48565552e-05,2.36178278e-05,7.47704938e-05,5.47179946e-05
0.807,-1.90307156e-07,-3.96141996e-07,4.61795709e-06,2.59723147e-05,6.47318279e-05,-2.50007038e-05,-2.88109872e-05,6.54104592e-07,-1.54436163e-07,-7.82310844e-06,-1.45142412e-05,2.22763041e-05,7.37682105e-05,5.3732724e-05
0.808,-1.47945672e-07,-3.07722216e-07,4.5833118e-06,2.53001327e-05,6.3299733e-05,-2.28209606e-05,-2.88731082e-05,6.10928241e-07,-1.6635633e-07,-7.57626662e-06,-1.41653566e-05,2.09660986e-05,7.27554515e-05,5.273692e-05
0.809,-1.07039917e-07,-2.20535161e-07,4.55149068e-06,2.46372966e-05,6.18519478e-05,-2.06742745e-05,-2.8940021e-05,5.63376097e-07,-1.8169112e-07,-7.33903257e-06,-1.3817757e-05,1.96882679e-05,7.17313642e-05,5.1734462e-05
0.81,-6.94169502e-08,-1.36576772e-07,4.5213021e-06,2.3980808e-05,6.03930065e-05,-1.85634076e-05,-2.90070267e-05,5.12996868e-07,-2.00723128e-07,-7.11278389e-06,-1.34695391e-05,1.84420285e-05,7.06954587e-05,5.0726765e-05
0.811,-3.98388547e-08,-5.51361919e-08,4.48770362e-06,2.33306583e-05,5.89232077e-05,-1.64894884e-05,-2.90786817e-05,4.60647097e-07,-2.23903055e-07,-6.89429788e-06,-1.31271582e-05,1.72299118e-05,6.96476938e-05,4.97183956e-05
0.812,-1.58257241e-08,2.34171773e-08,4.45067549e-06,2.26883607e-05,5.74465605e-05,-1.44523357e-05,-2.91509981e-05,4.08248322e-07,-2.4915314e-07,-6.68513842e-06,-1.27851341e-05,1.60507172e-05,6.85906221e-05,4.87099869e-05
0.813,-6.14799893e-10,9.79415559e-08,4.40767068e-06,2.20523855e-05,5.59632664e-05,-1.24532247e-05,-2.92297581e-05,3.55052633e-07,-2.77600052e-07,-6.483956e-06,-1.24483163e-05,1.49038467e-05,6.75254676e-05,4.7701976e-05
0.814,1.2678427e-08,1.66781151e-07,4.36243873e-06,2.14226581e-05,5.44824652e-05,-1.04947166e-05,-2.93030568e-05,3.00013906e-07,-3.06330393e-07,-6.29326277e-06,-1.21127884e-05,1.37875767e-05,6.64545789e-05,4.66948716e-05
0.815,3.30455234e-08,2.18549756e-07,4.32716368e-06,2.07866251e-05,5.30168504e-05,-8.58635551e-06,-2.9363645e-05,2.50178647e-07,-3.40801208e-07,-6.1049498e-06,-1.17879495e-05,1.27085322e-05,6.53737741e-05,4.56970032e-05
0.816,4.88707141e-08,2.6259098e-07,4.28627426e-06,2.01542086e-05,5.15592085e-05,-6.72300916e-06,-2.94135563e-05,2.04689223e-07,-3.76027696e-07,-5.92033833e-06,-1.14688204e-05,1.16655047e-05,6.42877659e-05,4.47113327e-05
0.817,5.5493692e-08,2.98594438e-07,4.23809979e-06,1.95226603e-05,5.01102859e-05,-4.90621297e-06,-2.94566378e-05,1.59348157e-07,-4.11789011e-07,-5.74349157e-06,-1.11587613e-05,1.06555661e-05,6.31948087e-05,4.37350007e-05
0.818,5.74885139e-08,3.27572708e-07,4.18197609e-06,1.889675e-05,4.86732204e-05,-3.13485784e-06,-2.9486878e-05,1.19187529e-07,-4.4689176e-07,-5.56776941e-06,-1.08557508e-05,9.68385201e-06,6.20982683e-05,4.27759956e-05
0.819,5.44556968e-08,3.51384558e-07,4.11913969e-06,1.82759231e-05,4.72518671e-05,-1.40932117e-06,-2.95041148e-05,8.14802677e-08,-4.80173713e-07,-5.39807835e-06,-1.05601731e-05,8.74697993e-06,6.09969864e-05,4.18309777e-05
0.82,4.95505545e-08,3.68160523e-07,4.04911762e-06,1.76621172e-05,4.58477472e-05,2.69861074e-07,-2.95041811e-05,4.70250836e-08,-5.1069017e-07,-5.23054906e-06,-1.02713408e-05,7.84675629e-06,5.98942819e-05,4.09039802e-05
0.821,4.20803454e-08,3.79742186e-07,3.9734864e-06,1.70533376e-05,4.44663623e-05,1.90058054e-06,-2.94827667e-05,1.4257329e-08,-5.37856059e-07,-5.06948554e-06,-9.99044247e-06,6.98059561e-06,5.8787054e-05,3.99932598e-05
0.822,3.20103633e-08,3.83435427e-07,3.89034e-06,1.64497943e-05,4.31069731e-05,3.48153323e-06,-2.94382217e-05,-1.58434046e-08,-5.6129278e-07,-4.91044096e-06,-9.71852427e-06,6.151153e-06,5.76771839e-05,3.91035922e-05
0.823,1.92767346e-08,3.82433064e-07,3.80082484e-06,1.58519022e-05,4.17741245e-05,5.01230352e-06,-2.93671086e-05,-4.23325358e-08,-5.80923327e-07,-4.75543692e-06,-9.45581095e-06,5.35792913e-06,5.65613421e-05,3.82355062e-05
0.824,4.33689301e-09,3.749398e-07,3.70343151e-06,1.52615614e-05,4.04655809e-05,6.49356552e-06,-2.927143e-05,-6.44807424e-08,-5.96106649e-07,-4.60071921e-06,-9.20212958e-06,4.60314232e-06,5.54423831e-05,3.73924766e-05
0.825,-1.09962352e-08,3.64386484e-07,3.60019136e-06,1.46809166e-05,3.91858285e-05,7.92604059e-06,-2.91480246e-05,-8.23739621e-08,-6.06782891e-07,-4.44897252e-06,-8.95613984e-06,3.88487956e-06,5.4318081e-05,3.6573469e-05
0.826,-2.6875713e-08,3.48508726e-07,3.49027496e-06,1.41101105e-05,3.79330441e-05,9.30929846e-06,-2.89987509e-05,-9.70905141e-08,-6.1216651e-07,-4.29868573e-06,-8.7179474e-06,3.20327329e-06,5.31912227e-05,3.57794175e-05
0.827,-4.2497652e-08,3.2959499e-07,3.37544595e-06,1.35496575e-05,3.67118544e-05,1.06423753e-05,-2.88189081e-05,-1.08994767e-07,-6.12689316e-07,-4.15214407e-06,-8.48704521e-06,2.55611261e-06,5.20587442e-05,3.50094531e-05
0.828,-5.93362347e-08,3.05418927e-07,3.25472704e-06,1.29981354e-05,3.5520398e-05,1.1923863e-05,-2.86103967e-05,-1.18069594e-07,-6.07935303e-07,-4.00741261e-06,-8.26454178e-06,1.94439463e-06,5.0922323e-05,3.42652319e-05
0.829,-7.62934483e-08,2.78384996e-07,3.12969085e-06,1.24573371e-05,3.43623107e-05,1.31537439e-05,-2.83697091e-05,-1.23427285e-07,-5.98749558e-07,-3.86490462e-06,-8.04963851e-06,1.36735678e-06,4.97787987e-05,3.35476845e-05
0.83,-9.38540385e-08,2.47447384e-07,2.99992898e-06,1.19273984e-05,3.32351711e-05,1.43323179e-05,-2.81007797e-05,-1.24860819e-07,-5.84775087e-07,-3.72309099e-06,-7.8425934e-06,8.25998878e-07,4.8630438e-05,3.28579538e-05
0.831,-1.10275056e-07,2.14985895e-07,2.86717313e-06,1.14114596e-05,3.21417854e-05,1.54606306e-05,-2.78013852e-05,-1.22692924e-07,-5.66723912e-07,-3.58287891e-06,-7.64166337e-06,3.18513136e-07,4.74749992e-05,3.21960261e-05
0.832,-1.26395363e-07,1.80036152e-07,2.73119933e-06,1.09086679e-05,3.1079825e-05,1.65384117e-05,-2.74753643e-05,-1.17884374e-07,-5.44159114e-07,-3.44443767e-06,-7.44708787e-06,-1.5583531e-07,4.63150305e-05,3.1560819e-05
0.833,-1.41557327e-07,1.43943899e-07,2.59338976e-06,1.04205307e-05,3.00519276e-05,1.75652525e-05,-2.71195889e-05,-1.1096748e-07,-5.17725125e-07,-3.30842837e-06,-7.25762023e-06,-5.99299494e-07,4.5147971e-05,3.09522529e-05
0.834,-1.56948102e-07,1.05715286e-07,2.45366095e-06,9.94488519e-06,2.90560318e-05,1.8539997e-05,-2.67372926e-05,-1.01877378e-07,-4.87318293e-07,-3.17456348e-06,-7.07412331e-06,-1.01213224e-06,4.39758846e-05,3.03694093e-05
0.835,-1.71587104e-07,6.65191442e-08,2.31355133e-06,9.48377637e-06,2.80944427e-05,1.94626939e-05,-2.63259729e-05,-9.02020707e-08,-4.53722409e-07,-3.04214226e-06,-6.89539855e-06,-1.39526466e-06,4.27961379e-05,2.98138171e-05
0.836,-1.85701037e-07,2.61832653e-08,2.17339871e-06,9.0364321e-06,2.71648295e-05,2.03335809e-05,-2.58902878e-05,-7.58816933e-08,-4.17139802e-07,-2.91110451e-06,-6.72195557e-06,-1.74877267e-06,4.16113932e-05,2.92841253e-05
0.837,-1.98291537e-07,-1.40551639e-08,2.0345233e-06,8.60585219e-06,2.62687831e-05,2.11536102e-05,-2.5429018e-05,-5.94624455e-08,-3.78091737e-07,-2.78126847e-06,-6.55217656e-06,-2.07413801e-06,4.04197021e-05,2.87814342e-05
0.838,-2.10056462e-07,-5.4194106e-08,1.89696481e-06,8.19076133e-06,2.54036397e-05,2.19227947e-05,-2.4946998e-05,-4.1752731e-08,-3.36721686e-07,-2.65371485e-06,-6.38649407e-06,-2.37283695e-06,3.92243222e-05,2.83024333e-05
0.839,-2.20907436e-07,-9.36772925e-08,1.76161192e-06,7.7926595e-06,2.45708415e-05,2.2640926e-05,-2.44422445e-05,-2.31844524e-08,-2.93180598e-07,-2.52814404e-06,-6.22359213e-06,-2.64667724e-06,3.80232659e-05,2.7848178e-05
0.84,-2.3146289e-07,-1.32664313e-07,1.62878627e-06,7.40926011e-06,2.37680513e-05,2.33072878e-05,-2.39187506e-05,-3.71614688e-09,-2.47853083e-07,-2.40512924e-06,-6.064247e-06,-2.89683333e-06,3.68198054e-05,2.74151884e-05
0.841,-2.4112504e-07,-1.70824671e-07,1.49968829e-06,7.04216528e-06,2.29968481e-05,2.39219382e-05,-2.33744771e-05,1.70086495e-08,-2.0091021e-07,-2.28348122e-06,-5.90737695e-06,-3.12396322e-06,3.5611831e-05,2.70059684e-05
0.842,-2.49812266e-07,-2.07836006e-07,1.3749746e-06,6.69023643e-06,2.22547291e-05,2.44853419e-05,-2.28142675e-05,3.88731005e-08,-1.53115508e-07,-2.16385291e-06,-5.75366134e-06,-3.32900113e-06,3.44031206e-05,2.6616755e-05
0.843,-2.57133399e-07,-2.43204428e-07,1.25534205e-06,6.35571292e-06,2.1542647e-05,2.49984117e-05,-2.22369886e-05,6.15490238e-08,-1.0437117e-07,-2.04559856e-06,-5.60193779e-06,-3.51286096e-06,3.31919237e-05,2.62500543e-05
0.844,-2.63617155e-07,-2.76425359e-07,1.14097061e-06,6.03722493e-06,2.08575811e-05,2.54616174e-05,-2.16477352e-05,8.4315253e-08,-5.53539975e-08,-1.9301022e-06,-5.4527205e-06,-3.67748388e-06,3.19826851e-05,2.59005144e-05
0.845,-2.69395426e-07,-3.07374234e-07,1.03206599e-06,5.73574813e-06,2.02003614e-05,2.58750947e-05,-2.10445896e-05,1.07163391e-07,-5.50145589e-09,-1.81668983e-06,-5.30499865e-06,-3.82397408e-06,3.0773669e-05,2.55707242e-05
0.846,-2.7472487e-07,-3.35769893e-07,9.29228273e-07,5.44917357e-06,1.95683884e-05,2.62388131e-05,-2.04317894e-05,1.30076141e-07,4.43306019e-08,-1.70624979e-06,-5.15937739e-06,-3.95400582e-06,2.95695574e-05,2.52550399e-05
0.847,-2.7903518e-07,-3.616789e-07,8.32973821e-07,5.17841878e-06,1.89629538e-05,2.6553194e-05,-1.98069387e-05,1.53593498e-07,9.46732541e-08,-1.5976256e-06,-5.01517572e-06,-4.06778784e-06,2.83684008e-05,2.49573092e-05
0.848,-2.82195725e-07,-3.84605859e-07,7.44170326e-07,4.9223117e-06,1.83815335e-05,2.68191962e-05,-1.91749095e-05,1.77426655e-07,1.44279272e-07,-1.49182087e-06,-4.87302831e-06,-4.16675554e-06,2.71752869e-05,2.46715814e-05
0.849,-2.83904799e-07,-4.04376866e-07,6.62647815e-07,4.68219154e-06,1.78249555e-05,2.7038077e-05,-1.85338361e-05,2.01549997e-07,1.93850872e-07,-1.38822038e-06,-4.73237054e-06,-4.2513237e-06,2.59883123e-05,2.44019117e-05
0.85,-2.84661818e-07,-4.20349933e-07,5.88708525e-07,4.45682538e-06,1.7290145e-05,2.72109404e-05,-1.78889871e-05,2.25350527e-07,2.42236621e-07,-1.2882213e-06,-4.59360124e-06,-4.32354177e-06,2.48130735e-05,2.41411314e-05
0.851,-2.84334376e-07,-4.32479738e-07,5.21748958e-07,4.24655364e-06,1.67778257e-05,2.73386353e-05,-1.72375839e-05,2.49108697e-07,2.90437564e-07,-1.19114318e-06,-4.45619568e-06,-4.38402376e-06,2.36475117e-05,2.38935079e-05
0.852,-2.82962592e-07,-4.40427217e-07,4.62473059e-07,4.04972786e-06,1.62853494e-05,2.74219432e-05,-1.65842974e-05,2.72721292e-07,3.37211971e-07,-1.09795664e-06,-4.32049584e-06,-4.43447308e-06,2.24973869e-05,2.36515531e-05
0.853,-2.79795538e-07,-4.44355323e-07,4.10625687e-07,3.86652961e-06,1.58140012e-05,2.74620503e-05,-1.59255637e-05,2.96608397e-07,3.83277426e-07,-1.00778595e-06,-4.186308e-06,-4.47513021e-06,2.13602283e-05,2.34204203e-05
0.854,-2.7464786e-07,-4.43947659e-07,3.66887433e-07,3.6961643e-06,1.53612223e-05,2.7460485e-05,-1.52667805e-05,3.20343754e-07,4.2718157e-07,-9.21682514e-07,-4.05411972e-06,-4.50729772e-06,2.02418856e-05,2.31923935e-05
0.855,-2.67297106e-07,-4.3923552e-07,3.30426729e-07,3.53895247e-06,1.49278678e-05,2.74191871e-05,-1.46045596e-05,3.43847182e-07,4.6939345e-07,-8.39139228e-07,-3.92391664e-06,-4.53167644e-06,1.9139605e-05,2.29727952e-05
0.856,-2.57838748e-07,-4.29798907e-07,3.01164512e-07,3.39435011e-06,1.45108095e-05,2.73397669e-05,-1.39449541e-05,3.66531856e-07,5.08819126e-07,-7.61187056e-07,-3.79609423e-06,-4.54943115e-06,1.80593538e-05,2.27533209e-05
0.857,-2.46261267e-07,-4.15926858e-07,2.7825777e-07,3.2617599e-06,1.4110716e-05,2.72240104e-05,-1.32836612e-05,3.88480034e-07,5.45687936e-07,-6.87181002e-07,-3.67056179e-06,-4.56178976e-06,1.69980512e-05,2.25393987e-05
0.858,-2.3187265e-07,-3.97467822e-07,2.61717866e-07,3.14071273e-06,1.37248559e-05,2.70732024e-05,-1.26265893e-05,4.09189471e-07,5.79297777e-07,-6.17704035e-07,-3.54784502e-06,-4.56905318e-06,1.59615574e-05,2.23227352e-05
0.859,-2.14739795e-07,-3.75364476e-07,2.51369151e-07,3.03011238e-06,1.33542777e-05,2.68894822e-05,-1.19687083e-05,4.28662599e-07,6.09154668e-07,-5.52197328e-07,-3.42796707e-06,-4.57293233e-06,1.49463718e-05,2.21090525e-05
0.86,-1.93935682e-07,-3.49451766e-07,2.46779911e-07,2.93034274e-06,1.29965403e-05,2.6674417e-05,-1.13167087e-05,4.45920698e-07,6.35016081e-07,-4.91112734e-07,-3.31193341e-06,-4.57272461e-06,1.39581456e-05,2.18901947e-05
0.861,-1.70471284e-07,-3.21090484e-07,2.47871601e-07,2.83993022e-06,1.26522188e-05,2.64307282e-05,-1.06654422e-05,4.60993315e-07,6.55762256e-07,-4.34050364e-07,-3.19968478e-06,-4.57084169e-06,1.29928757e-05,2.16721963e-05
0.862,-1.43082023e-07,-2.89625186e-07,2.5350614e-07,2.75981131e-06,1.23187641e-05,2.61597846e-05,-1.00222348e-05,4.72605282e-07,6.72013494e-07,-3.80896483e-07,-3.09265937e-06,-4.56525193e-06,1.20558397e-05,2.14473521e-05
0.863,-1.13053253e-07,-2.56884909e-07,2.64222006e-07,2.68780506e-06,1.19962885e-05,2.58644252e-05,-9.38110043e-06,4.80967222e-07,6.82338395e-07,-3.31331947e-07,-2.99036832e-06,-4.55890928e-06,1.11423872e-05,2.12224241e-05
0.864,-7.89138835e-08,-2.21974965e-07,2.78599786e-07,2.62498236e-06,1.16828891e-05,2.55455503e-05,-8.74984915e-06,4.84218706e-07,6.88248856e-07,-2.85219641e-07,-2.89450973e-06,-4.54905356e-06,1.02578657e-05,2.09894668e-05
0.865,-4.27934908e-08,-1.87318192e-07,2.97737458e-07,2.56849934e-06,1.13790145e-05,2.52059718e-05,-8.12104805e-06,4.82938193e-07,6.88370953e-07,-2.42922457e-07,-2.80384629e-06,-4.53949741e-06,9.39724719e-06,2.07556273e-05
0.866,-4.01864569e-09,-1.51917405e-07,3.20035115e-07,2.51902806e-06,1.10839683e-05,2.48459312e-05,-7.50315855e-06,4.75775121e-07,6.84756693e-07,-2.04307294e-07,-2.71997395e-06,-4.5273012e-06,8.56645755e-06,2.0511991e-05
0.867,3.55436745e-08,-1.17547338e-07,3.47079395e-07,2.47396748e-06,1.07989702e-05,2.44678958e-05,-6.88574794e-06,4.64171553e-07,6.76531881e-07,-1.69673786e-07,-2.64113888e-06,-4.51560512e-06,7.75920423e-06,2.0267735e-05
0.868,7.35565766e-08,-8.20310676e-08,3.75111714e-07,2.43474114e-06,1.05215423e-05,2.40729295e-05,-6.28144588e-06,4.45501505e-07,6.66547668e-07,-1.41373733e-07,-2.5673197e-06,-4.50420837e-06,6.9831502e-06,2.00106751e-05
0.869,1.01193572e-07,-4.12850985e-08,3.97361051e-07,2.40416467e-06,1.02461397e-05,2.36665228e-05,-5.68332461e-06,4.14985432e-07,6.57081297e-07,-1.25218683e-07,-2.49479298e-06,-4.50022248e-06,6.23213924e-06,1.97473433e-05
0.87,1.25206225e-07,-5.62958697e-10,4.21172651e-07,2.3767371e-06,9.97895011e-06,2.32459815e-05,-5.09939272e-06,3.83215558e-07,6.43348297e-07,-1.12847242e-07,-2.42820794e-06,-4.49563059e-06,5.51101305e-06,1.94724698e-05
0.871,1.46601376e-07,3.8594993e-08,4.4677998e-07,2.35151525e-06,9.71835654e-06,2.2814364e-05,-4.51740071e-06,3.49779625e-07,6.24404662e-07,-1.03691059e-07,-2.36771271e-06,-4.49307103e-06,4.81138491e-06,1.91959397e-05
0.872,1.62894895e-07,7.65214046e-08,4.73428005e-07,2.32670594e-06,9.46537054e-06,2.23703791e-05,-3.9511522e-06,3.17009937e-07,6.02018969e-07,-9.88362025e-08,-2.3114488e-06,-4.49180271e-06,4.1424807e-06,1.89060816e-05
0.873,1.76767346e-07,1.11338633e-07,5.00996721e-07,2.30193685e-06,9.21676139e-06,2.19179305e-05,-3.38840717e-06,2.83640168e-07,5.74295825e-07,-9.73045306e-08,-2.26124609e-06,-4.49474614e-06,3.49467443e-06,1.86118036e-05
0.874,1.86253346e-07,1.43620249e-07,5.29416824e-07,2.27637524e-06,8.97553504e-06,2.14552614e-05,-2.84274748e-06,2.5152644e-07,5.4377988e-07,-9.98807751e-08,-2.21515859e-06,-4.49887143e-06,2.87729232e-06,1.83043793e-05
0.875,1.93942512e-07,1.72378953e-07,5.57659204e-07,2.25044207e-06,8.73721447e-06,2.09873196e-05,-2.30186315e-06,2.19048172e-07,5.08459438e-07,-1.06195581e-07,-2.17580652e-06,-4.50778905e-06,2.27937068e-06,1.79923283e-05
0.876,1.97318277e-07,1.98045596e-07,5.84934648e-07,2.22393501e-06,8.50446001e-06,2.05118279e-05,-1.78101504e-06,1.87247016e-07,4.71090833e-07,-1.1657866e-07,-2.1408989e-06,-4.51744237e-06,1.71140277e-06,1.76675065e-05
0.877,1.98209531e-07,2.20525628e-07,6.09917622e-07,2.19616165e-06,8.27256647e-06,2.00331626e-05,-1.26571389e-06,1.55832811e-07,4.30613933e-07,-1.30861896e-07,-2.11213752e-06,-4.5323491e-06,1.16160189e-06,1.73375976e-05
0.878,1.95324655e-07,2.39387844e-07,6.32468484e-07,2.16700302e-06,8.04494783e-06,1.95479874e-05,-7.71775122e-07,1.25666871e-07,3.89229163e-07,-1.48398728e-07,-2.08700694e-06,-4.54747994e-06,6.41986976e-07,1.69946227e-05
0.879,1.90916365e-07,2.54919608e-07,6.52368993e-07,2.13506933e-06,7.81794937e-06,1.90606841e-05,-2.81820237e-07,9.7142141e-08,3.46497308e-07,-1.69200078e-07,-2.06728207e-06,-4.56737665e-06,1.38784439e-07,1.66472246e-05
0.88,1.84675431e-07,2.66368075e-07,6.69574177e-07,2.10180651e-06,7.59499977e-06,1.85681615e-05,1.85976493e-07,6.96935722e-08,3.03362053e-07,-1.92495924e-07,-2.0512784e-06,-4.58606479e-06,-3.35024367e-07,1.62882423e-05
0.881,1.77419771e-07,2.74673049e-07,6.83373175e-07,2.06557747e-06,7.3716756e-06,1.8075483e-05,6.50144087e-07,4.36650847e-08,2.6009989e-07,-2.18727306e-07,-2.0408105e-06,-4.60862667e-06,-7.95135896e-07,1.59266864e-05
0.882,1.68476069e-07,2.79284499e-07,6.93029613e-07,2.02857396e-06,7.15093447e-06,1.75791165e-05,1.08981609e-06,1.82704304e-08,2.16930685e-07,-2.47031597e-07,-2.03376833e-06,-4.62889983e-06,-1.22620178e-06,1.55545785e-05
0.883,1.5796929e-07,2.81079775e-07,6.9804401e-07,1.98771987e-06,6.92829459e-06,1.70839051e-05,1.52617796e-06,-5.1977815e-09,1.74966559e-07,-2.77488598e-07,-2.03119855e-06,-4.65285592e-06,-1.64503726e-06,1.51801518e-05
0.884,1.46357366e-07,2.7940435e-07,6.98666179e-07,1.94552406e-06,6.70806522e-06,1.65855357e-05,1.93704523e-06,-2.74150713e-08,1.33737768e-07,-3.0918438e-07,-2.03073437e-06,-4.67368136e-06,-2.03412797e-06,1.4795372e-05
0.885,1.34033787e-07,2.74691242e-07,6.94928365e-07,1.89834196e-06,6.485939e-06,1.60895274e-05,2.34611039e-06,-4.73611895e-08,9.45366607e-08,-3.42071098e-07,-2.03394838e-06,-4.69801854e-06,-2.41254466e-06,1.44088858e-05
0.886,1.21532345e-07,2.66695475e-07,6.87288262e-07,1.8499336e-06,6.26691178e-06,1.5591719e-05,2.72820787e-06,-6.63265177e-08,5.62088173e-08,-3.75800704e-07,-2.03909677e-06,-4.71810722e-06,-2.76120943e-06,1.40136694e-05
0.887,1.0832164e-07,2.55797186e-07,6.74864701e-07,1.79630466e-06,6.04525888e-06,1.50983413e-05,3.10870211e-06,-8.34351631e-08,2.01769109e-08,-4.09983811e-07,-2.04786579e-06,-4.74157292e-06,-3.10128888e-06,1.3617987e-05
0.888,9.4572249e-08,2.4233506e-07,6.58301074e-07,1.74175016e-06,5.82641039e-06,1.46044721e-05,3.45994045e-06,-9.96006368e-08,-1.48185024e-08,-4.44452892e-07,-2.05790417e-06,-4.75969462e-06,-3.41140008e-06,1.32148786e-05
0.889,7.99247555e-08,2.26267913e-07,6.36560367e-07,1.68122279e-06,5.60391741e-06,1.41162195e-05,3.81052303e-06,-1.13600413e-07,-4.70464164e-08,-4.78219853e-07,-2.07024568e-06,-4.78135934e-06,-3.7144882e-06,1.28115093e-05
0.89,6.51018769e-08,2.08092456e-07,6.11490734e-07,1.61964668e-06,5.38486643e-06,1.36279975e-05,4.13075012e-06,-1.2643637e-07,-7.78709909e-08,-5.116864e-07,-2.0825565e-06,-4.79672045e-06,-3.98702747e-06,1.24016115e-05
0.891,4.99113681e-08,1.87306575e-07,5.81686412e-07,1.55145196e-06,5.16210979e-06,1.31463753e-05,4.45193063e-06,-1.37286551e-07,-1.05650547e-07,-5.43665084e-07,-2.09624205e-06,-4.81579606e-06,-4.25442574e-06,1.19919863e-05
0.892,3.47233389e-08,1.64813282e-07,5.49410625e-07,1.48279348e-06,4.94372994e-06,1.2665704e-05,4.74107913e-06,-1.47357388e-07,-1.3203044e-07,-5.75135216e-07,-2.10956459e-06,-4.82735829e-06,-4.49115865e-06,1.15775548e-05
0.893,1.89362815e-08,1.39973727e-07,5.12213442e-07,1.40737484e-06,4.72107092e-06,1.2192802e-05,5.03190915e-06,-1.55533122e-07,-1.55296191e-07,-6.04288842e-07,-2.12367605e-06,-4.84247506e-06,-4.72470485e-06,1.11640816e-05
0.894,2.86535213e-09,1.14127727e-07,4.73118522e-07,1.33227917e-06,4.50329865e-06,1.17213403e-05,5.28871137e-06,-1.62848343e-07,-1.77279472e-07,-6.32350206e-07,-2.13647531e-06,-4.84835209e-06,-4.92661781e-06,1.07462988e-05
0.895,-1.3760448e-08,8.63208619e-08,4.292773e-07,1.25007175e-06,4.28070216e-06,1.12580554e-05,5.5483818e-06,-1.68125528e-07,-1.96040412e-07,-6.57070555e-07,-2.14848954e-06,-4.8572311e-06,-5.12640476e-06,1.03284233e-05
0.896,-3.03463783e-08,5.80051006e-08,3.84668401e-07,1.16906337e-06,4.06418643e-06,1.07967106e-05,5.77246592e-06,-1.72707613e-07,-2.13530576e-07,-6.80493032e-07,-2.15811714e-06,-4.85546629e-06,-5.29342118e-06,9.90649352e-06
0.897,-4.71876088e-08,2.78455543e-08,3.35653066e-07,1.08079866e-06,3.84282488e-06,1.03446331e-05,6.00046514e-06,-1.75397984e-07,-2.2755985e-07,-7.00144497e-07,-2.16621309e-06,-4.85687189e-06,-5.4601934e-06,9.4848838e-06
0.898,-6.38441972e-08,-2.41279683e-09,2.86815218e-07,9.94963186e-07,3.62883082e-06,9.89565627e-06,6.19102756e-06,-1.77598462e-07,-2.40536285e-07,-7.1850108e-07,-2.17176579e-06,-4.84662178e-06,-5.59398373e-06,9.06111313e-06
0.899,-8.05938626e-08,-3.42208311e-08,2.33729435e-07,9.01795424e-07,3.40951798e-06,9.45710734e-06,6.38650758e-06,-1.77769636e-07,-2.49945711e-07,-7.32358568e-07,-2.1752409e-06,-4.83964072e-06,-5.72996514e-06,8.63893124e-06
0.9,-9.68823254e-08,-6.55253108e-08,1.81711812e-07,8.12331775e-07,3.19857612e-06,9.02270298e-06,6.54322999e-06,-1.77388963e-07,-2.58326032e-07,-7.447271e-07,-2.17568022e-06,-4.82025187e-06,-5.8329087e-06,8.21692723e-06
0.901,-1.12975095e-07,-9.79783971e-08,1.25660965e-07,7.15437057e-07,2.98176318e-06,8.59958988e-06,6.70626567e-06,-1.74931651e-07,-2.62688535e-07,-7.52097797e-07,-2.17314325e-06,-4.80470302e-06,-5.94032736e-06,7.79771662e-06
0.902,-1.28535647e-07,-1.29427761e-07,7.16009176e-08,6.23598067e-07,2.77457476e-06,8.18129612e-06,6.82945978e-06,-1.72242474e-07,-2.6614635e-07,-7.58310113e-07,-2.16713678e-06,-4.77626061e-06,-6.0144517e-06,7.38036826e-06
0.903,-1.43870075e-07,-1.61811333e-07,1.38045594e-08,5.24255665e-07,2.56128143e-06,7.77470256e-06,6.96012899e-06,-1.6757196e-07,-2.65556374e-07,-7.59298478e-07,-2.1576738e-06,-4.75195387e-06,-6.0951038e-06,6.96635754e-06
0.904,-1.58567967e-07,-1.92892719e-07,-4.09718747e-08,4.31310999e-07,2.35919452e-06,7.37336182e-06,7.05008216e-06,-1.62758514e-07,-2.6454531e-07,-7.59344032e-07,-2.14476631e-06,-4.71392842e-06,-6.14231243e-06,6.5558409e-06
0.905,-1.72668078e-07,-2.24627399e-07,-9.90305706e-08,3.30819254e-07,2.15085972e-06,6.98398523e-06,7.14881786e-06,-1.55870468e-07,-2.59469858e-07,-7.53626805e-07,-2.12801335e-06,-4.68003087e-06,-6.19800671e-06,6.14948484e-06
0.906,-1.8593985e-07,-2.54557317e-07,-1.53156063e-07,2.38174833e-07,1.95506542e-06,6.6003097e-06,7.20633379e-06,-1.49160787e-07,-2.54310982e-07,-7.47161963e-07,-2.10768026e-06,-4.63168301e-06,-6.22015821e-06,5.74816252e-06
0.907,-1.98578496e-07,-2.84665316e-07,-2.10427162e-07,1.38142536e-07,1.75260882e-06,6.22895138e-06,7.27356014e-06,-1.40597017e-07,-2.449247e-07,-7.34738743e-07,-2.08303247e-06,-4.58782285e-06,-6.25245417e-06,5.35162591e-06
0.908,-2.10638354e-07,-3.12635408e-07,-2.6318489e-07,4.73518856e-08,1.56394435e-06,5.86380964e-06,7.29909741e-06,-1.32480116e-07,-2.35828059e-07,-7.22204679e-07,-2.05495129e-06,-4.52944634e-06,-6.25129821e-06,4.96145544e-06
0.909,-2.21939492e-07,-3.4062486e-07,-3.18780259e-07,-5.08318806e-08,1.36864947e-06,5.51121134e-06,7.33524472e-06,-1.22346009e-07,-2.22501679e-07,-7.0364316e-07,-2.02249403e-06,-4.47614864e-06,-6.26182791e-06,4.57699572e-06
0.91,-2.32406513e-07,-3.66411944e-07,-3.6891934e-07,-1.38692638e-07,1.18867531e-06,5.16501969e-06,7.33016763e-06,-1.12744713e-07,-2.09992225e-07,-6.85424912e-07,-1.98701244e-06,-4.40816559e-06,-6.23942239e-06,4.20032607e-06
0.911,-2.41660294e-07,-3.91910202e-07,-4.21367111e-07,-2.33834664e-07,1.00217831e-06,4.83141167e-06,7.3367507e-06,-1.01282383e-07,-1.93289945e-07,-6.60932634e-07,-1.94706764e-06,-4.34535592e-06,-6.23000519e-06,3.8305033e-06
0.912,-2.50220805e-07,-4.14888303e-07,-4.6789946e-07,-3.17452808e-07,8.31824538e-07,4.50437501e-06,7.30277632e-06,-9.08509321e-08,-1.77860515e-07,-6.37316946e-07,-1.9044211e-06,-4.26772986e-06,-6.18845806e-06,3.46944795e-06
0.913,-2.57782816e-07,-4.37137201e-07,-5.16771039e-07,-4.07982231e-07,6.54750214e-07,4.19020059e-06,7.28066556e-06,-7.86810159e-08,-1.58239569e-07,-6.0749222e-07,-1.85727492e-06,-4.1957119e-06,-6.16067514e-06,3.11636154e-06
0.914,-2.64970076e-07,-4.56885127e-07,-5.59509618e-07,-4.86165629e-07,4.94468116e-07,3.88263687e-06,7.21903427e-06,-6.75032742e-08,-1.40336645e-07,-5.79285464e-07,-1.8079255e-06,-4.10949128e-06,-6.10187582e-06,2.77255463e-06
0.915,-2.7075468e-07,-4.75840444e-07,-6.04043975e-07,-5.71129349e-07,3.28092255e-07,3.58803381e-06,7.16972645e-06,-5.44149985e-08,-1.18337251e-07,-5.44985662e-07,-1.75425656e-06,-4.02937805e-06,-6.05715192e-06,2.43820449e-06
0.916,-2.75871559e-07,-4.92489957e-07,-6.41826576e-07,-6.43333037e-07,1.79191514e-07,3.29956203e-06,7.08321486e-06,-4.2572231e-08,-9.85157047e-08,-5.12864557e-07,-1.69896101e-06,-3.93544456e-06,-5.9831735e-06,2.11330665e-06
0.917,-2.79342004e-07,-5.07970664e-07,-6.80951755e-07,-7.21796255e-07,2.48230042e-08,3.02427795e-06,7.00912162e-06,-2.92862848e-08,-7.47694649e-08,-4.74734153e-07,-1.63961547e-06,-3.84748779e-06,-5.92313924e-06,1.79981393e-06
0.918,-2.82701484e-07,-5.21086135e-07,-7.1361269e-07,-7.87066587e-07,-1.1259695e-07,2.7546432e-06,6.90003865e-06,-1.75428932e-08,-5.35850596e-08,-4.39301303e-07,-1.57916995e-06,-3.74625512e-06,-5.83616554e-06,1.4952486e-06
0.919,-2.84657943e-07,-5.32677165e-07,-7.47586065e-07,-8.57847028e-07,-2.5481695e-07,2.49889147e-06,6.80243648e-06,-4.28749119e-09,-2.86778608e-08,-3.98173974e-07,-1.51501788e-06,-3.65128588e-06,-5.7621129e-06,1.20430578e-06
0.92,-2.86609543e-07,-5.42312379e-07,-7.75227116e-07,-9.15716291e-07,-3.80762092e-07,2.24783043e-06,6.67298661e-06,7.7399903e-09,-6.56867691e-09,-3.60278119e-07,-1.450184e-06,-3.54430942e-06,-5.66393348e-06,9.20813851e-07
0.921,-2.865425e-07,-5.50353721e-07,-8.03302255e-07,-9.78420241e-07,-5.09612561e-07,2.01132563e-06,6.55446484e-06,2.10845311e-08,1.89820386e-08,-3.17179763e-07,-1.38215442e-06,-3.44370616e-06,-5.57691116e-06,6.53748541e-07
0.922,-2.86405452e-07,-5.56795073e-07,-8.25122572e-07,-1.02887482e-06,-6.23399544e-07,1.77789843e-06,6.40836225e-06,3.28616386e-08,4.15710545e-08,-2.77592648e-07,-1.31383236e-06,-3.33194748e-06,-5.46958737e-06,3.91934945e-07
0.923,-2.84400625e-07,-5.61162072e-07,-8.46991551e-07,-1.08281463e-06,-7.38197415e-07,1.56035224e-06,6.27158684e-06,4.53479039e-08,6.71109981e-08,-2.33327669e-07,-1.24310998e-06,-3.22608526e-06,-5.37093855e-06,1.50263851e-07
0.924,-2.83027305e-07,-5.64160473e-07,-8.6364691e-07,-1.12542961e-06,-8.40658217e-07,1.34407097e-06,6.1112879e-06,5.65268926e-08,8.96718417e-08,-1.92561554e-07,-1.17226117e-06,-3.11028329e-06,-5.25657909e-06,-8.94591321e-08
0.925,-2.79805486e-07,-5.64849118e-07,-8.79879772e-07,-1.16998387e-06,-9.41468687e-07,1.14568922e-06,5.95793534e-06,6.84667292e-08,1.14625189e-07,-1.47987114e-07,-1.09990091e-06,-3.00045952e-06,-5.14715994e-06,-3.0473334e-07
0.926,-2.77009174e-07,-5.64839496e-07,-8.91444255e-07,-1.20507636e-06,-1.03290139e-06,9.45787865e-07,5.78649315e-06,7.95075118e-08,1.3689731e-07,-1.06800382e-07,-1.0271919e-06,-2.88241565e-06,-5.02744553e-06,-5.22819868e-07
0.927,-2.71934e-07,-5.62369502e-07,-9.01413982e-07,-1.24026642e-06,-1.11859554e-06,7.66189655e-07,5.61980945e-06,9.05366827e-08,1.60806296e-07,-6.30320333e-08,-9.54236946e-07,-2.76999011e-06,-4.90804681e-06,-7.11072797e-07
0.928,-2.67546087e-07,-5.59583716e-07,-9.07736484e-07,-1.26822617e-06,-1.19919771e-06,5.81461026e-07,5.44098789e-06,1.00623133e-07,1.8245038e-07,-2.19834009e-08,-8.80531823e-07,-2.65046499e-06,-4.7850818e-06,-9.07954897e-07
0.929,-2.61402564e-07,-5.53913479e-07,-9.11948106e-07,-1.29360725e-06,-1.26974524e-06,4.20663875e-07,5.26327122e-06,1.10142513e-07,2.04631041e-07,2.03114434e-08,-8.08326919e-07,-2.5359134e-06,-4.65676246e-06,-1.0682392e-06
0.93,-2.56280025e-07,-5.48380278e-07,-9.14111304e-07,-1.31464425e-06,-1.34108264e-06,2.50455011e-07,5.07927665e-06,1.19656093e-07,2.25320035e-07,6.10413655e-08,-7.34367268e-07,-2.41593109e-06,-4.53246925e-06,-1.24464046e-06
0.931,-2.49240347e-07,-5.39976024e-07,-9.13025478e-07,-1.33018701e-06,-1.39646439e-06,1.0870687e-07,4.89254812e-06,1.28208515e-07,2.45366245e-07,1.00969704e-07,-6.63908872e-07,-2.30092698e-06,-4.39572709e-06,-1.37677169e-06
0.932,-2.42735982e-07,-5.3233151e-07,-9.10905468e-07,-1.34528445e-06,-1.45904822e-06,-4.82740335e-08,4.70677909e-06,1.37144335e-07,2.65149976e-07,1.40778285e-07,-5.90040449e-07,-2.18211861e-06,-4.27170425e-06,-1.53430898e-06
0.933,-2.34572326e-07,-5.21742229e-07,-9.04158123e-07,-1.35129685e-06,-1.49831401e-06,-1.71372461e-07,4.51433829e-06,1.43758992e-07,2.82697305e-07,1.77306083e-07,-5.22432438e-07,-2.06758516e-06,-4.12721774e-06,-1.63816804e-06
0.934,-2.27249316e-07,-5.12091769e-07,-8.98173553e-07,-1.36120796e-06,-1.55320409e-06,-3.16568587e-07,4.32979057e-06,1.51356924e-07,3.01405394e-07,2.16179455e-07,-4.49265457e-07,-1.95009708e-06,-4.00546529e-06,-1.77795558e-06
0.935,-2.19103502e-07,-4.99509341e-07,-8.86683232e-07,-1.35761434e-06,-1.57672443e-06,-4.20771429e-07,4.13338885e-06,1.56001007e-07,3.15912183e-07,2.48893724e-07,-3.85793696e-07,-1.83644125e-06,-3.85403898e-06,-1.85303996e-06
0.936,-2.1146636e-07,-4.88079456e-07,-8.77825569e-07,-1.36311199e-06,-1.62588016e-06,-5.55107709e-07,3.95172321e-06,1.63012903e-07,3.33583956e-07,2.87014608e-07,-3.1357116e-07,-1.72112581e-06,-3.73620306e-06,-1.97666986e-06
0.937,-2.03432892e-07,-4.74115236e-07,-8.62199254e-07,-1.35015366e-06,-1.63386774e-06,-6.40061749e-07,3.75308246e-06,1.66303885e-07,3.44865332e-07,3.15142451e-07,-2.55134034e-07,-1.60983995e-06,-3.5782762e-06,-2.02336617e-06
0.938,-1.95125325e-07,-4.61269158e-07,-8.50938772e-07,-1.35228191e-06,-1.67879569e-06,-7.64770014e-07,3.57633133e-06,1.73189997e-07,3.61766481e-07,3.52448424e-07,-1.83862194e-07,-1.49790248e-06,-3.46579823e-06,-2.1330503e-06
0.939,-1.87027637e-07,-4.46529687e-07,-8.31591318e-07,-1.33035572e-06,-1.67112998e-06,-8.30374046e-07,3.3776515e-06,1.75211741e-07,3.69664819e-07,3.7510315e-07,-1.31485019e-07,-1.39042361e-06,-3.30188085e-06,-2.15203637e-06
0.94,-1.77591013e-07,-4.3247394e-07,-8.1809804e-07,-1.3302422e-06,-1.71296912e-06,-9.47018082e-07,3.20815943e-06,1.81703796e-07,3.86038206e-07,4.11575731e-07,-6.11574741e-08,-1.28267007e-06,-3.19608149e-06,-2.25014997e-06
0.941,-1.69571004e-07,-4.17358951e-07,-7.95254408e-07,-1.29975433e-06,-1.68921957e-06,-9.93504768e-07,3.01201572e-06,1.81739054e-07,3.90297182e-07,4.2804645e-07,-1.58635949e-08,-1.17973137e-06,-3.02672502e-06,-2.24220216e-06
0.942,-1.59388065e-07,-4.01889323e-07,-7.79928416e-07,-1.29825619e-06,-1.72932494e-06,-1.10366581e-06,2.85156531e-06,1.87367956e-07,4.06168162e-07,4.64205733e-07,5.35611273e-08,-1.07594238e-06,-2.92889656e-06,-2.33071053e-06
0.943,-1.52313211e-07,-3.86671826e-07,-7.54566751e-07,-1.25944834e-06,-1.68995243e-06,-1.13091095e-06,2.65947232e-06,1.85578447e-07,4.06429789e-07,4.74265781e-07,9.0686139e-08,-9.77981386e-07,-2.75483947e-06,-2.29632159e-06
0.944,-1.41481353e-07,-3.69801054e-07,-7.38077922e-07,-1.25747349e-06,-1.7301971e-06,-1.23573386e-06,2.50884461e-06,1.90896715e-07,4.21983118e-07,5.10606656e-07,1.59414364e-07,-8.78526742e-07,-2.66599512e-06,-2.37719297e-06
0.945,-1.35279497e-07,-3.55202506e-07,-7.10770023e-07,-1.21100793e-06,-1.67549429e-06,-1.24374659e-06,2.32249351e-06,1.87554014e-07,4.18260443e-07,5.1355805e-07,1.87600806e-07,-7.86858451e-07,-2.48781615e-06,-2.31763161e-06
0.946,-1.23407352e-07,-3.37032877e-07,-6.93044616e-07,-1.20957375e-06,-1.7169479e-06,-1.34466978e-06,2.18292043e-06,1.92264857e-07,4.33797451e-07,5.50224183e-07,2.56078454e-07,-6.92061499e-07,-2.40864325e-06,-2.39314458e-06
0.947,-1.18485078e-07,-3.23551398e-07,-6.64319045e-07,-1.15606898e-06,-1.647164e-06,-1.33379042e-06,2.00411699e-06,1.87105295e-07,4.25994235e-07,5.4564941e-07,2.74567317e-07,-6.07230585e-07,-2.22719755e-06,-2.30974679e-06
0.948,-1.05915848e-07,-3.03890001e-07,-6.45741571e-07,-1.15582049e-06,-1.69125066e-06,-1.43190006e-06,1.87595585e-06,1.91302593e-07,4.41550907e-07,5.83251859e-07,3.4306512e-07,-5.16717962e-07,-2.15834051e-06,-2.38145844e-06
0.949,-1.02681068e-07,-2.92038103e-07,-6.16606446e-07,-1.0959648e-06,-1.60745306e-06,-1.40231197e-06,1.70572666e-06,1.84963997e-07,4.29666701e-07,5.7103124e-07,3.51214582e-07,-4.39455407e-07,-1.97460092e-06,-2.2756281e-06
0.95,-8.90730779e-08,-2.70917948e-07,-5.97314095e-07,-1.09759384e-06,-1.6553167e-06,-1.49845215e-06,1.58909553e-06,1.88926423e-07,4.45472486e-07,6.09776653e-07,4.20170738e-07,-3.53495026e-07,-1.91618446e-06,-2.34519219e-06
0.951,-8.73916064e-08,-2.61299492e-07,-5.68244705e-07,-1.03240317e-06,-1.55823542e-06,-1.45090586e-06,1.42896511e-06,1.81398394e-07,4.29771503e-07,5.89524283e-07,4.17699727e-07,-2.84726767e-07,-1.73112827e-06,-2.21914035e-06
0.952,-7.27404309e-08,-2.38612982e-07,-5.48086815e-07,-1.03636548e-06,-1.61025192e-06,-1.54595061e-06,1.32416677e-06,1.84681341e-07,4.45866675e-07,6.29515978e-07,4.87371484e-07,-2.03002334e-07,-1.68307541e-06,-2.28786475e-06
0.953,-7.31025132e-08,-2.31511519e-07,-5.19880237e-07,-9.66795453e-07,-1.50118187e-06,-1.48145494e-06,1.17519908e-06,1.76149917e-07,4.26470455e-07,6.01495033e-07,4.74037092e-07,-1.4282715e-07,-1.49809635e-06,-2.14365634e-06
0.954,-5.7589711e-08,-2.07145734e-07,-4.99132204e-07,-9.73214288e-07,-1.5579042e-06,-1.57561176e-06,1.081673e-06,1.790735e-07,4.42750901e-07,6.42977967e-07,5.44432086e-07,-6.49568785e-08,-1.46006158e-06,-2.21203563e-06
0.955,-5.98403848e-08,-2.02890581e-07,-4.72542803e-07,-9.00481899e-07,-1.43873721e-06,-1.49540593e-06,9.4452644e-07,1.70113803e-07,4.20092821e-07,6.07521668e-07,5.20507024e-07,-1.3904625e-08,-1.27656044e-06,-2.05230491e-06
0.956,-4.31775342e-08,-1.76962118e-07,-4.51076152e-07,-9.09396359e-07,-1.49980015e-06,-1.5886551e-06,8.61976864e-07,1.7248681e-07,4.36550114e-07,6.50060336e-07,5.91576545e-07,6.00068854e-08,-1.24763496e-06,-2.12085178e-06
0.957,-4.72341678e-08,-1.75657358e-07,-4.26457422e-07,-8.34892901e-07,-1.37235869e-06,-1.49475751e-06,7.37558741e-07,1.62965123e-07,4.11115655e-07,6.07672691e-07,5.57744042e-07,1.01887921e-07,-1.06721729e-06,-1.94884074e-06
0.958,-2.98196377e-08,-1.48245873e-07,-4.04358006e-07,-8.45941422e-07,-1.43679747e-06,-1.58663077e-06,6.65516654e-07,1.64567732e-07,4.27397658e-07,6.50868756e-07,6.28882797e-07,1.72279448e-07,-1.04634016e-06,-2.01715501e-06
0.959,-3.57394792e-08,-1.49719457e-07,-3.82301913e-07,-7.7109631e-07,-1.30387883e-06,-1.48137759e-06,5.53973387e-07,1.54964442e-07,3.9965875e-07,6.02785976e-07,5.86223888e-07,2.05456633e-07,-8.70955433e-07,-1.8360791e-06
0.96,-1.7674349e-08,-1.21213152e-07,-3.59914635e-07,-7.83709585e-07,-1.37041847e-06,-1.57060938e-06,4.9162414e-07,1.56047938e-07,4.1544513e-07,6.45863784e-07,6.56489152e-07,2.7216397e-07,-8.5665089e-07,-1.90312547e-06
0.961,-2.48999149e-08,-1.25193702e-07,-3.40559186e-07,-7.10215645e-07,-1.23519334e-06,-1.45704586e-06,3.9300764e-07,1.46523301e-07,3.8616729e-07,5.93353484e-07,6.06893805e-07,2.96935734e-07,-6.88252958e-07,-1.71707482e-06
0.962,-6.43860483e-09,-9.62175387e-08,-3.18104096e-07,-7.23595252e-07,-1.30135816e-06,-1.54194686e-06,3.39992072e-07,1.46753654e-07,4.01034412e-07,6.34952171e-07,6.74854695e-07,3.59561437e-07,-6.7865001e-07,-1.78146767e-06
0.963,-1.47669136e-08,-1.02041361e-07,-3.01339424e-07,-6.53122462e-07,-1.16741685e-06,-1.42394644e-06,2.54063559e-07,1.37260986e-07,3.70871576e-07,5.7992017e-07,6.20763746e-07,3.77136693e-07,-5.19473525e-07,-1.59485337e-06
0.964,3.43384947e-09,-7.34452001e-08,-2.79561581e-07,-6.66154613e-07,-1.23026446e-06,-1.50192824e-06,2.09841173e-07,1.36791963e-07,3.84188707e-07,6.18634841e-07,6.84236454e-07,4.35193822e-07,-5.12592937e-07,-1.6540654e-06
0.965,-5.43273024e-09,-8.02442333e-08,-2.65159383e-07,-6.00455916e-07,-1.10217469e-06,-1.38400262e-06,1.35685479e-07,1.27643757e-07,3.53957494e-07,5.63497689e-07,6.2888048e-07,4.47033186e-07,-3.65027418e-07,-1.47163065e-06
0.966,1.21135773e-08,-5.32978202e-08,-2.44977813e-07,-6.11944284e-07,-1.15797388e-06,-1.45164023e-06,1.00046883e-07,1.2654882e-07,3.65203158e-07,5.97295559e-07,6.85159018e-07,4.99108419e-07,-3.58566606e-07,-1.52261818e-06
0.967,3.44379187e-09,-5.99462979e-08,-2.32111347e-07,-5.52747122e-07,-1.04056404e-06,-1.33935683e-06,3.65243576e-08,1.1753355e-07,3.35825968e-07,5.44708165e-07,6.32633008e-07,5.07175065e-07,-2.24944451e-07,-1.34997286e-06
0.968,1.94868299e-08,-3.61471466e-08,-2.14656577e-07,-5.61254373e-07,-1.08459698e-06,-1.39238345e-06,9.70219718e-09,1.15720734e-07,3.44293032e-07,5.71311768e-07,6.78237781e-07,5.5157193e-07,-2.16507123e-07,-1.38890644e-06
0.969,1.16028207e-08,-4.12094316e-08,-2.02303864e-07,-5.10086299e-07,-9.83382634e-07,-1.29222699e-06,-4.50633789e-08,1.06833184e-07,3.16655832e-07,5.24609376e-07,6.33281136e-07,5.58778054e-07,-9.92414467e-08,-1.23193502e-06
0.97,2.52375624e-08,-2.2391167e-08,-1.891831e-07,-5.14186732e-07,-1.01056883e-06,-1.32524311e-06,-6.2513308e-08,1.04557746e-07,3.21654408e-07,5.4154352e-07,6.64024464e-07,5.92951716e-07,-8.65477429e-08,-1.2539012e-06
0.971,1.90938575e-08,-2.43158413e-08,-1.75976758e-07,-4.72501576e-07,-9.31589423e-07,-1.24475635e-06,-1.11026086e-07,9.57464962e-08,2.96902401e-07,5.04277114e-07,6.32148667e-07,6.02644611e-07,1.21515373e-08,-1.11915936e-06
0.972,2.93629575e-08,-1.25545232e-08,-1.68802936e-07,-4.70775671e-07,-9.36107271e-07,-1.2513308e-06,-1.17783808e-07,9.29593665e-08,2.97741602e-07,5.08678191e-07,6.43325398e-07,6.23131763e-07,3.13008261e-08,-1.11863248e-06
0.973,2.58381765e-08,-9.56458432e-09,-1.52963943e-07,-4.39613114e-07,-8.85463779e-07,-1.19920856e-06,-1.63334572e-07,8.40131289e-08,2.77072016e-07,4.84720065e-07,6.30561727e-07,6.39685036e-07,1.09642456e-07,-1.01346201e-06
0.974,3.14741891e-08,-7.01996745e-09,-1.53496755e-07,-4.30641644e-07,-8.61216459e-07,-1.17168866e-06,-1.57374389e-07,8.07501143e-08,2.7289745e-07,4.7371997e-07,6.16925982e-07,6.42312401e-07,1.36973782e-07,-9.83897311e-07
0.975,3.15035552e-08,2.72484702e-09,-1.33266611e-07,-4.1081117e-07,-8.45248454e-07,-1.15774119e-06,-2.0421664e-07,7.17717566e-08,2.57726067e-07,4.6721224e-07,6.29560388e-07,6.70881749e-07,1.93651995e-07,-9.16133558e-07
0.976,3.12758629e-08,-6.15827681e-09,-1.43244993e-07,-3.9343831e-07,-7.8620771e-07,-1.0872899e-06,-1.82415288e-07,6.80094395e-08,2.47666144e-07,4.37765835e-07,5.85650706e-07,6.50330579e-07,2.30166044e-07,-8.5006792e-07
0.977,3.59875236e-08,1.21803281e-08,-1.16739479e-07,-3.85370618e-07,-8.1089459e-07,-1.12243137e-06,-2.35893295e-07,5.91724436e-08,2.39685577e-07,4.52816329e-07,6.30077032e-07,6.96807002e-07,2.64854876e-07,-8.28428394e-07
0.978,2.86427476e-08,-1.00669901e-08,-1.37457027e-07,-3.58383088e-07,-7.11178037e-07,-9.98986689e-07,-1.93953696e-07,5.45883231e-08,2.22546562e-07,4.01855903e-07,5.50427833e-07,6.46965984e-07,3.10641618e-07,-7.17832416e-07
0.979,3.924798e-08,1.86404102e-08,-1.02992249e-07,-3.62010246e-07,-7.81955508e-07,-1.09496221e-06,-2.60881971e-07,4.64690195e-08,2.23655156e-07,4.425658e-07,6.32714531e-07,7.18048708e-07,3.2426395e-07,-7.51755264e-07
0.98,2.34342353e-08,-1.84790532e-08,-1.35392077e-07,-3.24462315e-07,-6.36435542e-07,-9.07497438e-07,-1.9291072e-07,4.04926842e-08,1.97809814e-07,3.67102885e-07,5.11974508e-07,6.31910105e-07,3.77949936e-07,-5.88073438e-07
0.981,4.14578636e-08,2.20431085e-08,-9.17970963e-08,-3.39495833e-07,-7.57997061e-07,-1.07663838e-06,-2.81589701e-07,3.42825522e-08,2.10404278e-07,4.37284061e-07,6.37601196e-07,7.34768448e-07,3.72888447e-07,-6.87320762e-07
0.982,1.5780494e-08,-3.08011048e-08,-1.36003911e-07,-2.90728461e-07,-5.62462493e-07,-8.13505293e-07,-1.80009678e-07,2.57884274e-08,1.73547718e-07,3.34435893e-07,4.70808958e-07,6.04650868e-07,4.31406085e-07,-4.62155176e-07
0.983,4.3415929e-08,2.26383478e-08,-8.25335632e-08,-3.1621948e-07,-7.38334777e-07,-1.06792204e-06,-3.00815366e-07,2.32835387e-08,2.00658125e-07,4.37382835e-07,6.44432526e-07,7.47077329e-07,4.11879866e-07,-6.36472388e-07
0.984,6.07606083e-09,-4.59829775e-08,-1.37610353e-07,-2.56032609e-07,-4.89824333e-07,-7.17353116e-07,-1.56657004e-07,1.04976534e-08,1.49445476e-07,3.04482162e-07,4.27140631e-07,5.64954207e-07,4.70205375e-07,-3.42396397e-07
0.985,4.61184258e-08,2.11051989e-08,-7.44051987e-08,-2.90747568e-07,-7.22115338e-07,-1.06840154e-06,-3.21674351e-07,1.41293069e-08,1.95126227e-07,4.42732977e-07,6.52160424e-07,7.55187043e-07,4.42008421e-07,-6.00427267e-07
0.986,-5.65833734e-09,-6.27733826e-08,-1.38329926e-07,-2.20251919e-07,-4.19269903e-07,-6.19590739e-07,-1.24714382e-07,-5.05379804e-09,1.25310751e-07,2.77240783e-07,3.80878037e-07,5.12974756e-07,4.9284239e-07,-2.31434993e-07
0.987,5.03294148e-08,1.87669722e-08,-6.62862008e-08,-2.62694806e-07,-7.07892567e-07,-1.07707196e-06,-3.47364077e-07,7.45885976e-09,1.94868361e-07,4.52356185e-07,6.59170147e-07,7.5974617e-07,4.6312915e-07,-5.79552801e-07
0.988,-1.93862287e-08,-7.95640764e-08,-1.35677394e-07,-1.84176029e-07,-3.514313e-07,-5.20793668e-07,-8.75597945e-08,-1.99293181e-08,1.01694431e-07,2.51629373e-07,3.32200946e-07,4.50127609e-07,4.97026769e-07,-1.31555647e-07
0.989,5.61966012e-08,1.81170154e-08,-5.63496597e-08,-2.32960461e-07,-6.93072078e-07,-1.09228182e-06,-3.8169674e-07,3.74902335e-09,2.01073588e-07,4.64120893e-07,6.63549378e-07,7.61965789e-07,4.7408384e-07,-5.73470936e-07
0.99,-3.52091527e-08,-9.40574974e-08,-1.27226885e-07,-1.49686045e-07,-2.86546364e-07,-4.22015132e-07,-4.98018934e-08,-3.23742858e-08,8.05468539e-08,2.24933269e-07,2.82024953e-07,3.79246742e-07,4.79497505e-07,-4.41716417e-08
0.991,6.21623119e-08,2.30137376e-08,-4.25890037e-08,-2.04697047e-07,-6.73472984e-07,-1.11255015e-06,-4.27907971e-07,3.7692199e-09,2.14526476e-07,4.74570616e-07,6.63658431e-07,7.62679664e-07,4.72744995e-07,-5.81230478e-07
0.992,-5.27556438e-08,-1.02707199e-07,-1.11609854e-07,-1.19186614e-07,-2.23957202e-07,-3.25468308e-07,-1.57451415e-08,-3.94924793e-08,6.51386165e-08,1.92976293e-07,2.32266679e-07,3.04309432e-07,4.3634466e-07,3.01032181e-08
0.993,6.62731718e-08,3.84197861e-08,-2.28625377e-08,-1.8172212e-07,-6.43881883e-07,-1.13589941e-06,-4.8842374e-07,9.26879208e-09,2.34016671e-07,4.79292872e-07,6.5890603e-07,7.61146962e-07,4.57094687e-07,-6.02363592e-07
0.994,-6.87853808e-08,-1.00288341e-07,-8.91723814e-08,-9.28422786e-08,-1.62379042e-07,-2.33810832e-07,1.10800757e-08,-3.81757247e-08,5.75640126e-08,1.51616323e-07,1.84638819e-07,2.29310993e-07,3.64659932e-07,8.8499003e-08
0.995,7.01968066e-08,6.86006651e-08,4.535292e-09,-1.64939239e-07,-6.01271234e-07,-1.15747152e-06,-5.64972734e-07,2.2756875e-08,2.54035963e-07,4.7423892e-07,6.49212705e-07,7.53543833e-07,4.26123681e-07,-6.39072207e-07
0.996,-7.4659591e-08,-8.1399272e-08,-6.2505205e-08,-6.68761176e-08,-1.02164434e-07,-1.48722546e-07,2.71295527e-08,-2.7924299e-08,5.44585392e-08,9.98438702e-08,1.37340971e-07,1.55620817e-07,2.64396672e-07,1.20284174e-07
0.997,8.39639931e-08,1.13982218e-07,4.02676713e-08,-1.4791268e-07,-5.49532781e-07,-1.16636995e-06,-6.58813461e-07,4.44458448e-08,2.63568256e-07,4.57249329e-07,6.32578239e-07,7.32905333e-07,3.79644476e-07,-6.98725513e-07
0.998,-5.78903647e-08,-4.44496975e-08,-3.51680891e-08,-3.53967522e-08,-4.75813076e-08,-7.01991022e-08,2.61023045e-08,-1.36607686e-08,4.28653078e-08,4.33655827e-08,8.15422857e-08,7.97157631e-08,1.40371694e-07,1.0085872e-07
0.999,1.27916862e-07,1.6900496e-07,8.44227979e-08,-1.14634581e-07,-5.01511647e-07,-1.1446464e-06,-7.69787563e-07,6.78528498e-08,2.48949211e-07,4.29161809e-07,6.0172446e-07,6.9384311e-07,3.1517959e-07,-7.91783681e-07
1.0,-0.0,-0.0,-0.0,-0.0,-0.0,-0.0,-0.0,0.0,0.0,0.0,0.0,0.0,0.0,0.0
