r,R  4/ 2,R  5/ 2,R  6/ 2,R  7/ 2,R  8/ 2,R  9/ 2,R 10/ 2,I  4/ 2,I  5/ 2,I  6/ 2,I  7/ 2,I  8/ 2,I  9/ 2,I 10/ 2
0.0,-0.0,-0.0,-0.0,-0.0,-0.0,-0.0,-0.0,0.0,0.0,0.0,0.0,0.0,0.0,0.0
0.001,1.19836872e-11,-1.86575698e-13,-1.58915787e-12,5.10435968e-14,-1.42634549e-13,1.37169871e-15,-1.24604572e-14,1.41293255e-11,3.95362245e-13,-2.34501077e-12,-1.25115663e-13,-1.05356427e-13,-5.07550246e-15,-5.29833817e-15
0.002,1.53372229e-10,-3.93850724e-12,-5.56250461e-12,3.07216036e-13,-6.19249122e-13,-1.07100881e-14,-3.61129382e-14,1.83635728e-10,8.65118992e-12,-1.18992475e-11,-8.58276257e-13,-2.89579409e-13,-3.24400157e-14,2.2304632e-14
0.003,7.3909618e-10,-2.68242807e-11,-9.6007125e-12,8.3111769e-13,-1.63193763e-12,-8.87288857e-14,-4.22422899e-14,8.89591292e-10,5.95484491e-11,-3.23503734e-11,-2.78910499e-12,-1.73465859e-13,-5.87498199e-14,1.11267128e-13
0.004,2.29194259e-09,-1.08281569e-10,-8.30639611e-12,1.49970942e-12,-3.46534894e-12,-2.67809174e-13,-3.28043797e-14,2.76691819e-09,2.4096273e-10,-6.39548528e-11,-6.61999737e-12,6.81667433e-13,-5.14075024e-14,2.46241773e-13
0.005,5.54188063e-09,-3.23487597e-10,1.04480944e-11,1.88357597e-12,-6.38013342e-12,-5.57357734e-13,-2.54560716e-14,6.70432044e-09,7.20069851e-10,-1.0125359e-10,-1.32975202e-11,2.68106215e-12,-2.53447145e-15,4.16900624e-13
0.006,1.14249853e-08,-7.95218356e-10,7.06715586e-11,9.45575194e-13,-1.05775086e-11,-9.53982182e-13,-3.34834548e-14,1.38438998e-08,1.76962239e-09,-1.30638793e-10,-2.41901106e-11,6.20222326e-12,7.70426681e-14,6.20813106e-13
0.007,2.10818898e-08,-1.70576217e-09,2.14742433e-10,-3.50371013e-12,-1.62069471e-11,-1.44665495e-12,-6.37154461e-14,2.5580465e-08,3.79413589e-09,-1.26777911e-10,-4.14015142e-11,1.16225584e-11,1.7240918e-13,8.58217073e-13
0.008,3.58558448e-08,-3.30887406e-09,5.1122198e-10,-1.56351613e-11,-2.33864728e-11,-2.01871418e-12,-1.18483982e-13,4.35605432e-08,7.35588699e-09,-4.77841687e-11,-6.82791574e-11,1.93406984e-11,2.73166185e-13,1.12995182e-12
0.009,5.72904213e-08,-5.94173498e-09,1.0639987e-09,-4.27494145e-11,-3.22208408e-11,-2.64996494e-12,-1.97312207e-13,6.96810911e-08,1.32006666e-08,1.70792139e-10,-1.10155462e-10,2.97852118e-11,3.76432528e-13,1.43673263e-12
0.01,8.71268696e-08,-1.00368862e-08,2.02276044e-09,-9.67828881e-11,-4.28118062e-11,-3.31860553e-12,-2.98028159e-13,1.06087898e-07,2.228325e-08,6.23085953e-10,-1.75353158e-10,4.34109361e-11,4.869638e-13,1.77871458e-12
0.011,1.27301138e-07,-1.61341177e-08,3.59478127e-09,-1.962146e-10,-5.52592526e-11,-4.00239467e-12,-4.17486357e-13,1.5517367e-07,3.57925523e-08,1.44112209e-09,-2.7648533e-10,6.06839259e-11,6.16360107e-13,2.15510437e-12
0.012,1.79940555e-07,-2.48922934e-08,6.05800519e-09,-3.6841819e-10,-6.96534281e-11,-4.67898542e-12,-5.52043937e-13,2.1957579e-07,5.51764358e-08,2.80409423e-09,-4.32082624e-10,8.20554655e-11,7.82486898e-13,2.56379127e-12
0.013,2.47360169e-07,-3.71010998e-08,9.77540617e-09,-6.52502598e-10,-8.60584724e-11,-5.32562484e-12,-6.97899038e-13,3.02173741e-07,8.2166137e-08,4.94872126e-09,-6.68581426e-10,1.07924917e-10,1.00965629e-12,3.00100469e-12
0.014,3.32058768e-07,-5.36927038e-08,1.5210603e-08,-1.10268288e-09,-1.04486861e-10,-5.91842441e-12,-8.513642e-13,4.06086187e-07,1.18800278e-07,8.18068813e-09,-1.02270731e-09,1.38590562e-10,1.32977543e-12,3.46100968e-12
0.015,4.36714553e-07,-7.57533062e-08,2.29447069e-08,-1.7922205e-09,-1.24863785e-10,-6.43129395e-12,-1.0091303e-12,5.34667717e-07,1.67448431e-07,1.28871782e-08,-1.54428784e-09,1.74187156e-10,1.78452497e-12,3.93584037e-12
0.016,5.64180504e-07,-1.04534578e-07,3.36943782e-08,-2.81797032e-09,-1.46980027e-10,-6.83451632e-12,-1.16855769e-12,6.91505225e-07,2.30834195e-07,1.95505029e-08,-2.29952813e-09,2.14608577e-10,2.42859264e-12,4.41508453e-12
0.017,7.17479416e-07,-1.41464967e-07,4.83310701e-08,-4.30556952e-09,-1.70431538e-10,-7.09285884e-12,-1.32802326e-12,8.80413943e-07,3.12057758e-07,2.87628318e-08,-3.37478169e-09,2.5941377e-10,3.33401484e-12,4.88570771e-12
0.018,8.99798626e-07,-1.88160861e-07,6.79014354e-08,-6.4153021e-09,-1.94543708e-10,-7.16306353e-12,-1.48734333e-12,1.10543313e-06,4.1461791e-07,4.12420249e-08,-4.8808481e-09,3.07714055e-10,4.59571371e-12,5.33194079e-12
0.019,1.11448444e-06,-2.46437599e-07,9.36488714e-08,-9.34867049e-09,-2.18278175e-10,-6.99055123e-12,-1.6482911e-12,1.37082136e-06,5.4243347e-07,5.78485667e-08,-6.95782825e-09,3.58039817e-10,6.33835717e-12,5.73520785e-12
0.02,1.36503626e-06,-3.18320311e-07,1.27036179e-07,-1.33557046e-08,-2.40119948e-10,-6.50512967e-12,-1.81521649e-12,1.68105154e-06,6.99864093e-07,7.96035983e-08,-9.78056667e-09,4.08184501e-10,8.72469528e-12,6.07413091e-12
0.021,1.65510043e-06,-4.06054593e-07,1.69769312e-07,-1.87430359e-08,-2.5794252e-10,-5.61551561e-12,-1.9957834e-12,2.04080549e-06,8.91730437e-07,1.07708046e-07,-1.35647103e-08,4.55023781e-10,1.19655919e-11,6.32457727e-12
0.022,1.98846381e-06,-5.12117e-07,2.23822185e-07,-2.58827631e-08,-2.68848406e-10,-4.20248973e-12,-2.20183417e-12,2.45496824e-06,1.12333366e-06,1.43562838e-07,-1.85734116e-08,4.94307908e-10,1.63319932e-11,6.45981362e-12
0.023,2.36904705e-06,-6.39225335e-07,2.91462523e-07,-3.52221364e-08,-2.68982598e-10,-2.11055206e-12,-2.45044098e-12,2.92862193e-06,1.40047416e-06,1.88790206e-07,-2.51246997e-08,5.2042573e-10,2.21687339e-11,6.45067649e-12
0.024,2.80089768e-06,-7.90348726e-07,3.75278718e-07,-4.72940835e-08,-2.53316011e-10,8.62172146e-13,-2.76513096e-12,3.46703944e-06,1.72946965e-06,2.45256047e-07,-3.35995452e-08,5.26138216e-10,2.9910648e-11,6.26588464e-12
0.025,3.28818284e-06,-9.68717497e-07,4.78207664e-07,-6.27285967e-08,-2.15396586e-10,4.97600287e-12,-3.17726732e-12,4.07567755e-06,2.11717233e-06,3.15093358e-07,-4.44506467e-08,5.02279438e-10,4.01012831e-11,5.87236856e-12
0.026,3.83518186e-06,-1.17783281e-06,6.03563542e-07,-8.22650036e-08,-1.47065575e-10,1.05639283e-11,-3.72766504e-12,4.76016994e-06,2.57098535e-06,4.00726704e-07,-5.82119579e-08,4.3742317e-10,5.34141231e-11,5.2357833e-12
0.027,4.4462786e-06,-1.42147605e-06,7.55067531e-07,-1.06765138e-07,-3.81361612e-11,1.80481962e-11,-4.46837292e-12,5.52631971e-06,3.09887838e-06,5.04897733e-07,-7.55089798e-08,3.17513545e-10,7.06768653e-11,4.32098126e-12
0.028,5.12595355e-06,-1.70371802e-06,9.36878397e-07,-1.37227428e-07,1.23968339e-10,2.7959471e-11,-5.4648203e-12,6.38009169e-06,3.70940227e-06,6.30691698e-07,-9.7069837e-08,1.25457866e-10,9.28984852e-11,3.09276043e-12
0.029,5.87877574e-06,-2.02892779e-06,1.15362394e-06,-1.7480192e-07,3.54619914e-10,4.09588071e-11,-6.79808379e-12,7.32760437e-06,4.41170286e-06,7.81564989e-07,-1.23737157e-07,-1.59319783e-10,1.2129989e-10,1.51647782e-12
0.03,6.70939447e-06,-2.40178137e-06,1.41043325e-06,-2.20806245e-07,6.72438696e-10,5.78625112e-11,-8.5677554e-12,8.37512162e-06,5.21553378e-06,9.61373637e-07,-1.5648077e-07,-5.61365661e-10,1.57347567e-10,-4.40911222e-13
0.031,7.62253084e-06,-2.82727004e-06,1.71296978e-06,-2.76742544e-07,1.09979719e-09,7.96698027e-11,-1.08949861e-11,9.52904396e-06,6.13126822e-06,1.17440276e-06,-1.9641124e-07,-1.10972325e-09,2.02790934e-10,-2.81009858e-12
0.032,8.62296905e-06,-3.31070825e-06,2.06746511e-06,-3.44315381e-07,1.66337718e-09,1.0759401e-10,-1.3926467e-11,1.07958996e-05,7.16990964e-06,1.42539695e-06,-2.44794241e-07,-1.83850169e-09,2.59701915e-10,-5.61818216e-12
0.033,9.71554764e-06,-3.85774141e-06,2.48075345e-06,-4.25450602e-07,2.39477701e-09,1.43098059e-10,-1.78374955e-11,1.21823351e-05,8.34310148e-06,1.71959154e-06,-3.03065818e-07,-2.78749449e-09,3.30521479e-10,-8.88777658e-12
0.034,1.09051506e-05,-4.47435335e-06,2.96030679e-06,-5.22315185e-07,3.33117382e-09,1.87933928e-10,-2.28364185e-11,1.36951064e-05,9.66313578e-06,2.06274486e-06,-3.72848527e-07,-4.00284493e-09,4.18108244e-10,-1.26352775e-11
0.035,1.21966984e-05,-5.16687332e-06,3.51427066e-06,-6.37338076e-07,4.51604668e-09,2.44185622e-10,-2.91687392e-11,1.53410684e-05,1.11429607e-05,2.46117134e-06,-4.5596845e-07,-5.53775597e-09,5.25791688e-10,-1.68699893e-11
0.036,1.35951387e-05,-5.94198277e-06,4.1515005e-06,-7.73232018e-07,5.99996355e-09,3.14316657e-10,-3.71231307e-11,1.71271657e-05,1.27961866e-05,2.9217754e-06,-5.54473115e-07,-7.45324863e-09,6.5742834e-10,-2.15919607e-11
0.037,1.51054373e-05,-6.8067217e-06,4.88159848e-06,-9.33016371e-07,7.84143411e-09,4.01221781e-10,-4.70363759e-11,1.9060422e-05,1.46370916e-05,3.45208623e-06,-6.70650302e-07,-9.81896851e-09,8.17463412e-10,-2.67910904e-11
0.038,1.67325686e-05,-7.76849466e-06,5.71495082e-06,-1.12004092e-06,1.01078319e-08,5.08283968e-10,-5.9300894e-11,2.11479299e-05,1.66806247e-05,4.06029337e-06,-8.0704777e-07,-1.27140438e-08,1.01099485e-09,-3.24444585e-11
0.039,1.84815065e-05,-8.83507635e-06,6.66276554e-06,-1.33801064e-06,1.28763885e-08,6.39435707e-10,-7.43705999e-11,2.33968403e-05,1.89424088e-05,4.75528299e-06,-9.66493875e-07,-1.6227993e-08,1.24384294e-09,-3.85154899e-11
0.04,2.03572148e-05,-1.00146168e-05,7.73711054e-06,-1.59101153e-06,1.62352667e-08,7.9922596e-10,-9.27703448e-11,2.58143515e-05,2.14387418e-05,5.54667501e-06,-1.15211911e-06,-2.04616855e-08,1.52262175e-09,-4.49506728e-11
0.041,2.23646376e-05,-1.13156461e-05,8.95095196e-06,-1.8835373e-06,2.02847161e-08,9.92890107e-10,-1.15103458e-10,2.84076985e-05,2.4186596e-05,6.44486071e-06,-1.36737851e-06,-2.55283481e-08,1.85481528e-09,-5.16787355e-11
0.042,2.45086901e-05,-1.27470786e-05,1.03181927e-05,-2.22051712e-06,2.5138315e-08,1.22642638e-09,-1.42064224e-10,3.11841414e-05,2.7203617e-05,7.46104117e-06,-1.61607499e-06,-3.15546217e-08,2.24885344e-09,-5.86068869e-11
0.043,2.67942488e-05,-1.43182166e-05,1.18537114e-05,-2.60734426e-06,3.09242794e-08,1.50667805e-09,-1.74444534e-10,3.41509544e-05,3.05081198e-05,8.60726625e-06,-1.90238352e-06,-3.86816899e-08,2.71419858e-09,-6.56201649e-11
0.044,2.92261421e-05,-1.60387543e-05,1.35734007e-05,-3.04990569e-06,3.7786854e-08,1.84142322e-09,-2.13146961e-10,3.73154146e-05,3.41190851e-05,9.89647432e-06,-2.23087631e-06,-4.70664644e-08,3.26142993e-09,-7.25766829e-11
0.045,3.18091411e-05,-1.791878e-05,1.54942068e-05,-3.55461256e-06,4.58877964e-08,2.23946616e-09,-2.59193907e-10,4.06847901e-05,3.80561524e-05,1.13425326e-05,-2.60654869e-06,-5.68828179e-08,3.90233174e-09,-7.93072725e-11
0.046,3.454795e-05,-1.99687789e-05,1.76341675e-05,-4.12843165e-06,5.54079597e-08,2.7107363e-09,-3.13744492e-10,4.4266329e-05,4.2339613e-05,1.29602777e-05,-3.03484602e-06,-6.83228771e-08,4.64998083e-09,-8.56096477e-11
0.047,3.74471968e-05,-2.21996348e-05,2.00124512e-05,-4.77891768e-06,6.65489725e-08,3.26638901e-09,-3.7810527e-10,4.80672471e-05,4.69904006e-05,1.47655574e-05,-3.52169127e-06,-8.15983725e-08,5.51883807e-09,-9.12479884e-11
0.048,4.05114242e-05,-2.46226315e-05,2.26493954e-05,-5.51424645e-06,7.95350241e-08,3.9189148e-09,-4.53750356e-10,5.20947167e-05,5.20300801e-05,1.67752719e-05,-4.07351346e-06,-9.69420545e-08,6.52483679e-09,-9.59457414e-11
0.049,4.37450804e-05,-2.7249453e-05,2.5566544e-05,-6.3432489e-06,9.46147607e-08,4.68224858e-09,-5.42333814e-10,5.63558545e-05,5.74808351e-05,1.90074162e-05,-4.69727694e-06,-1.1460917e-07,7.6854743e-09,-9.93850099e-11
0.05,4.715251e-05,-3.00921843e-05,2.87866857e-05,-7.27544585e-06,1.12063313e-07,5.57188433e-09,-6.45714378e-10,6.08577099e-05,6.33654538e-05,2.14811227e-05,-5.40051129e-06,-1.34879009e-07,9.01989672e-09,-1.01197774e-10
0.051,5.0737945e-05,-3.31633099e-05,3.23338905e-05,-8.32108368e-06,1.32184481e-07,6.60498234e-09,-7.65972011e-10,6.56072531e-05,6.97073124e-05,2.42167033e-05,-6.19134199e-06,-1.5805648e-07,1.05489836e-08,-1.00965506e-10
0.052,5.4505496e-05,-3.64757125e-05,3.62335464e-05,-9.49117073e-06,1.55313048e-07,7.80047912e-09,-9.05438615e-10,7.06113627e-05,7.65303568e-05,2.72356923e-05,-7.07852171e-06,-1.84473724e-07,1.22954117e-08,-9.8208973e-11
0.053,5.84591433e-05,-4.0042671e-05,4.0512395e-05,-1.07975144e-05,1.81817109e-07,9.17921371e-09,-1.06670968e-09,7.58768139e-05,8.3859083e-05,3.056089e-05,-8.07146238e-06,-2.14491848e-07,1.42837454e-08,-9.23828748e-11
0.054,6.26027291e-05,-4.38778582e-05,4.51985666e-05,-1.22527588e-05,2.12100534e-07,1.07640633e-08,-1.25266965e-09,8.14102674e-05,9.1718516e-05,3.4216406e-05,-9.18026793e-06,-2.48502728e-07,1.65405095e-08,-8.28611407e-11
0.055,6.69399486e-05,-4.79953373e-05,5.03216143e-05,-1.38704233e-05,2.46605568e-07,1.25800708e-08,-1.46650969e-09,8.7218257e-05,0.000100134186,3.8227703e-05,-1.04157674e-05,-2.86930841e-07,1.90942569e-08,-6.89319935e-11
0.056,7.14743425e-05,-5.24095583e-05,5.59125467e-05,-1.56649413e-05,2.85815607e-07,1.46545767e-08,-1.71175809e-09,9.33071784e-05,0.000109132104,4.26216414e-05,-1.17895489e-05,-3.30235187e-07,2.19756219e-08,-4.97800942e-11
0.057,7.62092889e-05,-5.71353529e-05,6.20038598e-05,-1.76517003e-05,3.30258109e-07,1.70173449e-08,-1.9923014e-09,9.9683277e-05,0.000118738735,4.74265222e-05,-1.33139932e-05,-3.78911259e-07,2.52173682e-08,-2.4479612e-11
0.058,8.11479956e-05,-6.21879291e-05,6.86295674e-05,-1.98470817e-05,3.80507681e-07,1.97006942e-08,-2.31241602e-09,0.000106352637,0.000128980965,5.26721318e-05,-1.5002309e-05,-4.33493107e-07,2.88544182e-08,8.02751734e-12
0.059,8.62934927e-05,-6.75828651e-05,7.58252309e-05,-2.22685015e-05,4.37189329e-07,2.27396195e-08,-2.6767931e-09,0.000113321169,0.000139886077,5.83897856e-05,-1.68685671e-05,-4.94555456e-07,3.29238719e-08,4.89407739e-11
0.06,9.16486256e-05,-7.33361021e-05,8.36279858e-05,-2.49344515e-05,5.0098194e-07,2.61719136e-08,-3.09057173e-09,0.0001205946,0.000151481711,6.46123716e-05,-1.89277361e-05,-5.62715897e-07,3.74650036e-08,9.96286977e-11
0.061,9.72160472e-05,-7.94639362e-05,9.20765686e-05,-2.78645409e-05,5.72622009e-07,3.00382591e-08,-3.55937881e-09,0.00012817846,0.000163795835,7.13743931e-05,-2.11957173e-05,-6.38637071e-07,4.2519233e-08,1.61643634e-10
0.062,0.000102998211,-8.5983008e-05,0.00010121134,-3.10795383e-05,6.52907603e-07,3.43823262e-08,-4.08938205e-09,0.000136078073,0.000176856701,7.87120107e-05,-2.36893797e-05,-7.23028873e-07,4.81300718e-08,2.36751138e-10
0.063,0.000108997366,-9.29102941e-05,0.000111074309,-3.46014135e-05,7.42702255e-07,3.92508946e-08,-4.68729474e-09,0.000144298542,0.000190692809,8.66630857e-05,-2.64265961e-05,-8.16651067e-07,5.43431064e-08,3.2694148e-10
0.064,0.000115215546,-0.000100263097,0.000121709148,-3.84533802e-05,8.42939024e-07,4.46939617e-08,-5.36039336e-09,0.000152844742,0.00020533287,9.52672223e-05,-2.94262779e-05,-9.20315999e-07,6.12059258e-08,4.34464467e-10
0.065,0.000121654572,-0.000108059032,0.000133161218,-4.26599386e-05,9.54624792e-07,5.07648152e-08,-6.11654533e-09,0.000161721309,0.000220805757,0.00010456581,-3.27084107e-05,-1.03489132e-06,6.87680251e-08,5.61847709e-10
0.066,0.000128316037,-0.00011631602,0.000145477575,-4.72469179e-05,1.07884484e-06,5.75200902e-08,-6.96424125e-09,0.000170932628,0.000237140466,0.000114602065,-3.6294089e-05,-1.16130284e-06,7.70806716e-08,7.11936211e-10
0.067,0.000135201307,-0.000125052266,0.000158706993,-5.22415201e-05,1.21676767e-06,6.50198133e-08,-7.91262965e-09,0.000180482826,0.000254366067,0.000125421069,-4.02055504e-05,-1.30053744e-06,8.61967461e-08,8.87917309e-10
0.068,0.000142311514,-0.000134286253,0.000172899964,-5.76723619e-05,1.36965017e-06,7.33274356e-08,-8.97155084e-09,0.000190375755,0.000272511655,0.000137069812,-4.44662096e-05,-1.45364627e-06,9.61705226e-08,1.09336212e-09
0.069,0.000149647549,-0.000144036724,0.000188108711,-6.35695184e-05,1.53884334e-06,8.25098342e-08,-1.01515847e-08,0.000200614991,0.000291606302,0.000149597224,-4.91006915e-05,-1.62174797e-06,1.07057393e-07,1.33225375e-09
0.07,0.00015721006,-0.000154322662,0.000204387191,-6.99645652e-05,1.72579911e-06,9.26371918e-08,-1.14641177e-08,0.000211203818,0.000311679002,0.000163054213,-5.41348632e-05,-1.806032e-06,1.18913488e-07,1.60903569e-09
0.071,0.00016499944,-0.000165163271,0.000221791096,-7.68906219e-05,1.932079e-06,1.03782564e-07,-1.29215258e-08,0.000222145216,0.000332758609,0.00017749368,-5.95958642e-05,-2.00776068e-06,1.31795145e-07,1.92864193e-09
0.072,0.000173015821,-0.000176577935,0.000240377848,-8.43823967e-05,2.1593635e-06,1.16021386e-07,-1.45375087e-08,0.000233441847,0.000354873762,0.00019297053,-6.55121336e-05,-2.22827004e-06,1.45758246e-07,2.29652357e-09
0.073,0.000181259072,-0.000188586204,0.000260206595,-9.24762263e-05,2.40945643e-06,1.29431608e-07,-1.63269523e-08,0.000245096043,0.000378052841,0.000209541705,-7.19134415e-05,-2.46897586e-06,1.60858249e-07,2.71880443e-09
0.074,0.000189728791,-0.000201207788,0.000281338207,-0.000101210118,2.68428938e-06,1.4409359e-07,-1.83056648e-08,0.000257109809,0.000402323912,0.000227266221,-7.88309186e-05,-2.73137888e-06,1.77149838e-07,3.20232776e-09
0.075,0.000198424307,-0.000214462525,0.000303835259,-0.00011062379,2.98592748e-06,1.60089824e-07,-2.04903356e-08,0.000269484806,0.000427714668,0.000246205198,-8.62970836e-05,-3.01706854e-06,1.94686568e-07,3.75469862e-09
0.076,0.000207344674,-0.000228370364,0.000327762021,-0.000120758715,3.31657612e-06,1.77504564e-07,-2.28984953e-08,0.000282222346,0.000454252366,0.00026642188,-9.4345869e-05,-3.32772672e-06,2.13520484e-07,4.3842838e-09
0.077,0.000216488662,-0.00024295134,0.000353184439,-0.000131658162,3.67858809e-06,1.96423457e-07,-2.55485667e-08,0.000295323383,0.000481963768,0.000287981661,-0.000103012646,-3.66513161e-06,2.33701722e-07,5.10028895e-09
0.078,0.000225854759,-0.000258225545,0.000380170112,-0.000143367235,4.0744704e-06,2.16933123e-07,-2.84597681e-08,0.000308788502,0.000510875075,0.000310952102,-0.000112334246,-4.0311616e-06,2.55278143e-07,5.91279127e-09
0.079,0.000235441161,-0.000274213105,0.000408788271,-0.000155932916,4.50689013e-06,2.39120846e-07,-3.16520762e-08,0.000322617911,0.000541011864,0.000335402957,-0.000122348987,-4.42779925e-06,2.78295137e-07,6.83285318e-09
0.08,0.000245245774,-0.000290934155,0.000439109747,-0.000169404109,4.97867704e-06,2.63074675e-07,-3.51458854e-08,0.000336811434,0.000572399025,0.0003614062,-0.000133096686,-4.85713572e-06,3.02795649e-07,7.87257209e-09
0.081,0.000255266212,-0.000308408835,0.000471206942,-0.000183831678,5.49281971e-06,2.88884835e-07,-3.89613094e-08,0.000351368509,0.000605060726,0.000389036105,-0.00014461869,-5.32138005e-06,3.28820775e-07,9.04525843e-09
0.082,0.000265499813,-0.000326657338,0.000505153792,-0.000199268478,6.05245932e-06,3.16645462e-07,-4.31169863e-08,0.000366288208,0.000639020403,0.000418369345,-0.000156957895,-5.82287473e-06,3.56410841e-07,1.03656402e-08
0.083,0.000275943627,-0.000345699841,0.000541025725,-0.000215769412,6.66090375e-06,3.46452796e-07,-4.7631161e-08,0.00038156921,0.000674300658,0.000449484978,-0.000170158749,-6.36409401e-06,3.85603789e-07,1.18496894e-08
0.084,0.000286594398,-0.000365556457,0.00057889962,-0.000233391467,7.32164285e-06,3.78403147e-07,-5.25222597e-08,0.000397209779,0.00071092318,0.000482464421,-0.000184267259,-6.94764623e-06,4.16434029e-07,1.35144732e-08
0.085,0.000297448568,-0.000386247206,0.000618853751,-0.000252193756,8.03835851e-06,4.12592091e-07,-5.7808957e-08,0.000413207765,0.000748908668,0.000517391443,-0.000199330992,-7.57628057e-06,4.48931875e-07,1.53781371e-08
0.086,0.000308502267,-0.000407791995,0.000660967742,-0.000272237556,8.81493185e-06,4.49113915e-07,-6.35099724e-08,0.000429560588,0.000788276772,0.000554352174,-0.000215399081,-8.25289481e-06,4.83123088e-07,1.74597304e-08
0.087,0.000319751311,-0.000430210583,0.000705322505,-0.000293586342,9.65544848e-06,4.88061223e-07,-6.96438629e-08,0.000446265236,0.000829046027,0.000593435102,-0.000232522227,-8.98054313e-06,5.1902878e-07,1.97791539e-08
0.088,0.000331191201,-0.00045352256,0.000752000181,-0.000316305831,1.05642019e-05,5.29524382e-07,-7.62286978e-08,0.000463318254,0.000871233784,0.000634731081,-0.00025075269,-9.76244387e-06,5.56665596e-07,2.2356974e-08
0.089,0.000342817113,-0.000477747315,0.000801084074,-0.000340464015,1.15456927e-05,5.73591369e-07,-8.32816142e-08,0.000480715739,0.000914856153,0.000678333339,-0.000270144291,-1.06019876e-05,5.96046638e-07,2.52143774e-08
0.09,0.00035462391,-0.000502904013,0.000852658578,-0.000366131204,1.2604619e-05,6.20348755e-07,-9.08179658e-08,0.000498453333,0.000959927946,0.000724337521,-0.000290752404,-1.15027469e-05,6.37183099e-07,2.83729921e-08
0.091,0.000366606149,-0.00052901163,0.000906809103,-0.000393380064,1.37458481e-05,6.69886259e-07,-9.88490298e-08,0.000516526236,0.00100646267,0.000772841836,-0.000312633951,-1.24684999e-05,6.80087465e-07,3.18548919e-08
0.092,0.000378758114,-0.000556089094,0.000963621992,-0.00042228563,1.49743824e-05,7.22302067e-07,-1.07378761e-07,0.000534929252,0.0010544726,0.000823947289,-0.000335847396,-1.35032692e-05,7.24777298e-07,3.56829369e-08
0.093,0.000391073797,-0.000584155158,0.00102318443,-0.000452925366,1.62953776e-05,7.77698028e-07,-1.16406646e-07,0.00055365674,0.00110396861,0.000877757585,-0.000360452711,-1.4611314e-05,7.71272761e-07,3.9879928e-08
0.094,0.000403546887,-0.000613228334,0.00108558438,-0.000485379201,1.77141623e-05,8.36174898e-07,-1.25929639e-07,0.000572702598,0.00115496009,0.000934379028,-0.000386511334,-1.57971316e-05,8.19595376e-07,4.44681718e-08
0.095,0.000416170763,-0.000643326867,0.00115091048,-0.000519729553,1.92362442e-05,8.97830598e-07,-1.35942237e-07,0.000592060254,0.00120745489,0.000993920492,-0.000414086142,-1.70654721e-05,8.69767879e-07,4.94688602e-08
0.096,0.000428938499,-0.000674468722,0.00121925194,-0.000556061351,2.08673068e-05,9.62759691e-07,-1.46436419e-07,0.000611722662,0.00126145922,0.00105649341,-0.000443241409,-1.84213562e-05,9.21814895e-07,5.49018985e-08
0.097,0.000441842867,-0.000706671569,0.0012906985,-0.00059446206,2.2613202e-05,1.03105236e-06,-1.57401067e-07,0.000631682302,0.00131697764,0.00112221177,-0.000474042777,-1.9870094e-05,9.7576364e-07,6.07851035e-08
0.098,0.000454876337,-0.000739952761,0.00136534031,-0.000635021697,2.44799395e-05,1.10279352e-06,-1.68821905e-07,0.000651931175,0.00137401295,0.00119119209,-0.00050655721,-2.14173068e-05,1.03164601e-06,6.71344e-08
0.099,0.000468031087,-0.000774329321,0.00144326785,-0.000677832854,2.6473668e-05,1.17806062e-06,-1.80680834e-07,0.000672460804,0.00143256622,0.00126355348,-0.000540852953,-2.30689506e-05,1.08949999e-06,7.39623005e-08
0.1,0.000481299016,-0.000809817933,0.00152457187,-0.00072299071,2.86006471e-05,1.25692381e-06,-1.92955254e-07,0.000693262238,0.00149263668,0.00133941765,-0.000576999492,-2.48313497e-05,1.14937358e-06,8.12776429e-08
0.101,0.000494671775,-0.00084643502,0.00160934331,-0.000770593048,3.08671972e-05,1.33944768e-06,-2.05612022e-07,0.000714326066,0.00155422178,0.00141890921,-0.00061506752,-2.6711254e-05,1.21132347e-06,8.90864084e-08
0.102,0.000508140828,-0.00088419697,0.00169767313,-0.000820740212,3.32796355e-05,1.42569993e-06,-2.18599645e-07,0.000735642489,0.00161731728,0.00150215613,-0.000655128936,-2.87158855e-05,1.27541431e-06,9.73918814e-08
0.103,0.00052169743,-0.000923120005,0.00178965218,-0.000873535104,3.58442898e-05,1.51575374e-06,-2.31855759e-07,0.000757201304,0.00168191706,0.00158928963,-0.000697256815,-3.08528864e-05,1.34172331e-06,1.0619321e-07
0.104,0.000535332637,-0.000963220112,0.00188537103,-0.000929083168,3.85675247e-05,1.6096891e-06,-2.4531187e-07,0.000778991893,0.001748013,0.00168044405,-0.000741525349,-3.31303112e-05,1.41034164e-06,1.15486481e-07
0.105,0.000549037311,-0.00100451305,0.00198491992,-0.000987492364,4.14557467e-05,1.70759633e-06,-2.58892934e-07,0.00080100323,0.00181559492,0.00177575685,-0.000788009771,-3.55566506e-05,1.48137317e-06,1.25268202e-07
0.106,0.000562802136,-0.00104701436,0.00208838854,-0.00104887314,4.45153931e-05,1.80957966e-06,-2.72515764e-07,0.000823223883,0.00188465056,0.00187536863,-0.000836786292,-3.81408551e-05,1.55493503e-06,1.35537057e-07
0.107,0.00057661764,-0.00109073934,0.00219586594,-0.0011133384,4.77529138e-05,1.91576048e-06,-2.86087914e-07,0.000845642035,0.00195516544,0.00197942314,-0.000887932026,-4.08923574e-05,1.63115869e-06,1.46294846e-07
0.108,0.000590474209,-0.00113570312,0.00230744036,-0.00118100345,5.11747488e-05,2.02627984e-06,-2.99506405e-07,0.000868245489,0.0020271229,0.00208806734,-0.00094152492,-4.38210937e-05,1.71019239e-06,1.57546871e-07
0.109,0.000604362113,-0.0011819206,0.00242319903,-0.00125198599,5.47873e-05,2.14130127e-06,-3.1265671e-07,0.000891021685,0.00210050395,0.00220145146,-0.00099764368,-4.69375225e-05,1.79220438e-06,1.69302337e-07
0.11,0.000618271531,-0.00122940652,0.00254322801,-0.00132640605,5.85968902e-05,2.26101517e-06,-3.25411012e-07,0.000913957717,0.00217528729,0.00231972913,-0.0010563677,-5.02526473e-05,1.87738753e-06,1.81574334e-07
0.111,0.000632192592,-0.0012781755,0.00266761197,-0.00140438592,6.26097012e-05,2.38564779e-06,-3.37625023e-07,0.000937040365,0.00225144928,0.00244305759,-0.00111777696,-5.37780528e-05,1.96596513e-06,1.9438024e-07
0.112,0.000646115432,-0.00132824226,0.00279643399,-0.00148605013,6.68317024e-05,2.51547138e-06,-3.49133261e-07,0.000960256147,0.00232896394,0.00257159804,-0.001181952,-5.75259601e-05,2.05819614e-06,2.07742266e-07
0.113,0.000660030199,-0.00137962149,0.00292977528,-0.00157152534,7.12686486e-05,2.65080068e-06,-3.59752882e-07,0.000983591312,0.00240780285,0.00270551557,-0.00124897375,-6.15092183e-05,2.15437439e-06,2.21686714e-07
0.114,0.000673927081,-0.00143232785,0.00306771505,-0.00166094032,7.59260791e-05,2.79198993e-06,-3.6928576e-07,0.00100703185,0.00248793505,0.00284497912,-0.00131892347,-6.57413063e-05,2.25482803e-06,2.36243285e-07
0.115,0.000687796332,-0.00148637601,0.00321033017,-0.0017544258,8.08092998e-05,2.93943515e-06,-3.77518872e-07,0.0010305635,0.00256932693,0.0029901615,-0.00139188265,-7.02363491e-05,2.35991977e-06,2.51444905e-07
0.116,0.000701628301,-0.00154178064,0.00335769499,-0.00185211442,8.59233585e-05,3.09357907e-06,-3.84223839e-07,0.00105417181,0.0026519422,0.00314123948,-0.00146793293,-7.5009135e-05,2.47004638e-06,2.67327328e-07
0.117,0.000715413472,-0.00159855649,0.00350988103,-0.00195414059,9.12730247e-05,3.25491787e-06,-3.89156871e-07,0.00107784212,0.00273574178,0.00329839384,-0.00154715591,-8.00751347e-05,2.58563565e-06,2.83928761e-07
0.118,0.000729142486,-0.00165671841,0.00366695675,-0.00206064033,9.68627909e-05,3.42400727e-06,-3.92059451e-07,0.0011015596,0.0028206838,0.00346180932,-0.00162963309,-8.54505223e-05,2.70713626e-06,3.01288533e-07
0.119,0.000742806156,-0.00171628143,0.00382898726,-0.00217175105,0.000102696941,3.6014609e-06,-3.92662309e-07,0.0011253093,0.00290672348,0.00363167439,-0.00171544568,-9.11521979e-05,2.83499472e-06,3.19444299e-07
0.12,0.000756395432,-0.00177726064,0.00399603425,-0.00228761122,0.000108779791,3.78791607e-06,-3.90698518e-07,0.00114907609,0.00299381297,0.00380818028,-0.00180467445,-9.71977677e-05,2.96961366e-06,3.3842704e-07
0.121,0.0007699012,-0.00183967021,0.00416815602,-0.00240836008,0.000115116291,3.98392125e-06,-3.8594639e-07,0.00117284454,0.00308190055,0.00399151797,-0.00189739965,-0.000103605259,3.11129426e-06,3.582516e-07
0.122,0.000783313965,-0.00190352083,0.00434540762,-0.00253413749,0.000121712743,4.18980698e-06,-3.78292655e-07,0.00119659854,0.00317092941,0.00418187361,-0.00199370104,-0.000110392519,3.26019516e-06,3.78901633e-07
0.123,0.000796624076,-0.00196882151,0.00452784055,-0.00266508339,0.000128576279,4.40580825e-06,-3.6766436e-07,0.00122032166,0.00326083854,0.00437943092,-0.00209365793,-0.000117577668,3.41637895e-06,4.00342157e-07
0.124,0.000809821893,-0.0020355804,0.00471550223,-0.0028013375,0.000135714317,4.63218009e-06,-3.53984868e-07,0.00124399733,0.00335156341,0.00458437322,-0.00219734912,-0.000125179343,3.57986428e-06,4.22526294e-07
0.125,0.000822897861,-0.00210380483,0.0049084357,-0.00294303925,0.000143134337,4.86922846e-06,-3.37159651e-07,0.0012676089,0.00344303607,0.00479688392,-0.00230485275,-0.000133216722,3.75065162e-06,4.45400186e-07
0.126,0.000835842555,-0.00217350125,0.00510667934,-0.00309032756,0.000150843815,5.11730901e-06,-3.17071713e-07,0.00129113961,0.00353518509,0.00501714655,-0.00241624623,-0.000141709535,3.92873109e-06,4.68904973e-07
0.127,0.00084864669,-0.00224467517,0.00531026655,-0.0032433406,0.000158850186,5.37682159e-06,-2.9358357e-07,0.00131457268,0.00362793558,0.00524534467,-0.00253160611,-0.00015067804,4.11408569e-06,4.92973927e-07
0.128,0.000861301144,-0.00231733108,0.00551922549,-0.00340221545,0.000167160855,5.64820453e-06,-2.66542217e-07,0.00133789127,0.00372120911,0.00548166159,-0.00265100805,-0.000160143005,4.30668657e-06,5.17528212e-07
0.129,0.000873796967,-0.00239147244,0.00573357885,-0.0035670878,0.000175783227,5.9319272e-06,-2.35784982e-07,0.00136107857,0.00381492377,0.00572628008,-0.00277452672,-0.000170125681,4.50648025e-06,5.42473655e-07
0.13,0.000886125369,-0.0024671015,0.00595334362,-0.00373809148,0.000184724808,6.228473e-06,-2.01148612e-07,0.00138411781,0.00390899409,0.00597938182,-0.0029022357,-0.000180647766,4.71336906e-06,5.67697476e-07
0.131,0.000898277681,-0.00254421896,0.00617853099,-0.00391535808,0.000193993413,6.53829787e-06,-1.62486793e-07,0.00140699222,0.00400333088,0.00624114621,-0.00303420744,-0.000191731291,4.9271866e-06,5.93063852e-07
0.132,0.000910245264,-0.00262282317,0.00640914629,-0.0040990166,0.000203597416,6.86178474e-06,-1.19694091e-07,0.001429685,0.00409784102,0.00651174883,-0.00317051329,-0.000203398403,5.14768084e-06,6.1840924e-07
0.133,0.00092201957,-0.00270291055,0.00664518873,-0.00428919292,0.000213545614,7.19927607e-06,-7.26896313e-08,0.00145217941,0.00419242769,0.00679136187,-0.00331122344,-0.000215671476,5.37451419e-06,6.43547705e-07
0.134,0.000933592187,-0.00278447572,0.00688665101,-0.00448600937,0.00022384709,7.55110443e-06,-2.14078052e-08,0.00147445884,0.00428699065,0.00708015466,-0.00345640688,-0.000228573149,5.6072673e-06,6.68276159e-07
0.135,0.000944954847,-0.00286751147,0.00713351909,-0.00468958441,0.000234511176,7.91759865e-06,3.42015552e-08,0.00149650685,0.00438142624,0.00737829353,-0.00360613134,-0.000242126275,5.84543878e-06,6.92378024e-07
0.136,0.000956099425,-0.00295200867,0.00738577186,-0.00490003215,0.000245547457,8.29907922e-06,9.41692399e-08,0.00151830719,0.00447562754,0.00768594172,-0.00376046331,-0.000256353863,6.08844319e-06,7.15628766e-07
0.137,0.00096701793,-0.0030379561,0.00764338091,-0.00511746197,0.000256965794,8.69585058e-06,1.58503242e-07,0.00153984383,0.00456948438,0.00800325908,-0.003919468,-0.000271279004,6.33560729e-06,7.37800461e-07
0.138,0.0009777025,-0.0031253404,0.00790631019,-0.00534197811,0.000268776333,9.10819485e-06,2.2718533e-07,0.00156110093,0.00466288348,0.00833040202,-0.00408320941,-0.000286924799,6.58617421e-06,7.58670056e-07
0.139,0.000988145398,-0.00321414597,0.00817451558,-0.00557367935,0.000280989462,9.5363752e-06,3.00172591e-07,0.00158206295,0.0047557085,0.00866752344,-0.00425175032,-0.000303314275,6.83931687e-06,7.78027916e-07
0.14,0.000998339048,-0.00330435497,0.00844794427,-0.00581265872,0.000293615625,9.98066923e-06,3.77405822e-07,0.0016027146,0.00484784023,0.00901477331,-0.00442515228,-0.000320470321,7.09417391e-06,7.95694487e-07
0.141,0.00100827617,-0.00339594807,0.00872653381,-0.00605900327,0.000306664821,1.04414685e-05,4.58837348e-07,0.00162304097,0.00493915701,0.00937230074,-0.00460347539,-0.000338415833,7.34988897e-06,8.11546134e-07
0.142,0.00101794999,-0.00348890608,0.00901021089,-0.00631279366,0.000320145956,1.09193891e-05,5.44464247e-07,0.00164302771,0.00502953526,0.00974025703,-0.00478677777,-0.000357174078,7.60563424e-06,8.25515676e-07
0.143,0.00102735403,-0.00358320855,0.00929889151,-0.00657410418,0.000334067333,1.14151613e-05,6.34291059e-07,0.0016626609,0.00511884897,0.0101187931,-0.00497511554,-0.000376768295,7.86063805e-06,8.37564045e-07
0.144,0.00103648207,-0.0036788329,0.00959248158,-0.00684300256,0.000348437231,1.19295202e-05,7.283407e-07,0.00168192685,0.00520696969,0.0105080572,-0.00516854287,-0.000397221552,8.11415143e-06,8.4768059e-07
0.145,0.00104532802,-0.00377575428,0.0098908771,-0.00711954956,0.000363264148,1.24631582e-05,8.26646869e-07,0.00170081205,0.00529376668,0.0109081942,-0.00536711192,-0.000418556745,8.36537493e-06,8.55879679e-07
0.146,0.00105388592,-0.00387394537,0.010193964,-0.0074037986,0.000378556819,1.30166906e-05,9.29236217e-07,0.00171930315,0.00537910711,0.0113193447,-0.00557087285,-0.00044079657,8.61342382e-06,8.6217866e-07
0.147,0.0010621499,-0.00397337634,0.0105016176,-0.00769579533,0.000394324211,1.35906347e-05,1.03612441e-06,0.00173738705,0.00546285622,0.0117416448,-0.00577987381,-0.000463963484,8.85731969e-06,8.66579642e-07
0.148,0.00107011419,-0.00407401473,0.0108137025,-0.00799557738,0.00041057546,1.41853989e-05,1.1473128e-06,0.00175505087,0.00554487746,0.0121752264,-0.00599416098,-0.000488079676,9.09600447e-06,8.69064951e-07
0.149,0.0010777732,-0.00417582539,0.0111300718,-0.0083031743,0.000427319694,1.48012958e-05,1.26279362e-06,0.001772282,0.00562503271,0.0126202168,-0.00621377856,-0.000513167041,9.32838365e-06,8.69602288e-07
0.15,0.00108512158,-0.00427877074,0.011450566,-0.00861860764,0.000444565555,1.54386276e-05,1.38257503e-06,0.00178906821,0.0057031826,0.0130767412,-0.00643876866,-0.000539247239,9.5534023e-06,8.68159477e-07
0.151,0.00109215459,-0.00438281258,0.011775011,-0.00894189108,0.000462320025,1.60979214e-05,1.50676418e-06,0.00180539785,0.00577918734,0.0135449265,-0.00666917035,-0.000566342242,9.77011644e-06,8.64734219e-07
0.152,0.00109886857,-0.00448791575,0.0121032159,-0.00927303008,0.000480587004,1.67801787e-05,1.6356844e-06,0.00182126017,0.00585290743,0.0140249098,-0.00690501813,-0.000594475383,9.97767302e-06,8.59388618e-07
0.153,0.00110526068,-0.00459404539,0.0124349728,-0.0096120221,0.00049936841,1.74866282e-05,1.76973973e-06,0.00183664512,0.00592420309,0.0145168318,-0.00714634231,-0.000623670376,1.01752865e-05,8.52218822e-07
0.154,0.00111132866,-0.00470116536,0.012770058,-0.00995885621,0.000518665256,1.82184891e-05,1.90932089e-06,0.00185154319,0.00599293373,0.0150208332,-0.0073931694,-0.000653950765,1.03621661e-05,8.43331205e-07
0.155,0.00111707075,-0.00480923801,0.0131082319,-0.0103135125,0.000538478082,1.89768818e-05,2.05477627e-06,0.00186594541,0.00605895796,0.015537052,-0.00764552204,-0.000685339828,1.05374445e-05,8.32831907e-07
0.156,0.00112248567,-0.0049182242,0.0134492385,-0.0106759617,0.000558807116,1.97628099e-05,2.20640539e-06,0.00187984333,0.00612213371,0.0160656233,-0.00790341873,-0.000717860552,1.0700132e-05,8.20821905e-07
0.157,0.00112757261,-0.00502808332,0.0137928055,-0.0110461647,0.000579652317,2.05771574e-05,2.36445786e-06,0.00189322902,0.00618231839,0.0166066782,-0.00816687364,-0.000751535605,1.08490946e-05,8.07400043e-07
0.158,0.00113233125,-0.00513877332,0.014138644,-0.011424072,0.000601013378,2.14206892e-05,2.52912856e-06,0.00190609511,0.00623936907,0.0171603432,-0.0084358963,-0.000786387301,1.09830332e-05,7.92664097e-07
0.159,0.0011367617,-0.00525025071,0.0144864481,-0.0118096236,0.000622889796,2.22940353e-05,2.70055228e-06,0.00191843474,0.0062931425,0.0177267394,-0.00871049137,-0.00082243762,1.11004594e-05,7.76690665e-07
0.16,0.00114086451,-0.00536247022,0.0148358959,-0.0122027486,0.000645281204,2.31976334e-05,2.87882468e-06,0.00193024158,0.00634349519,0.018305981,-0.00899065866,-0.000859708184,1.11996743e-05,7.59521242e-07
0.161,0.00114464037,-0.00547538375,0.0151866507,-0.0126033646,0.000668188142,2.41315962e-05,3.06398109e-06,0.00194150958,0.00639028341,0.0188981714,-0.00927639386,-0.000898219901,1.12787353e-05,7.41149815e-07
0.162,0.00114808991,-0.00558893827,0.0155383623,-0.0130113774,0.000691612919,2.50955649e-05,3.25591619e-06,0.00195223293,0.00643336342,0.0195033984,-0.00956768966,-0.000937992255,1.13354769e-05,7.2149784e-07
0.163,0.00115121383,-0.00570307736,0.0158906664,-0.0134266809,0.000715558842,2.60888632e-05,3.45446812e-06,0.00196240613,0.00647259198,0.020121737,-0.00986453515,-0.000979043883,1.13675075e-05,7.00426685e-07
0.164,0.00115401306,-0.0058177422,0.0162431838,-0.0138491565,0.00074002952,2.71106498e-05,3.6594807e-06,0.00197202411,0.00650782686,0.0207532509,-0.0101669152,-0.00102139289,1.13722518e-05,6.77749434e-07
0.165,0.00115648881,-0.00593287166,0.0165955196,-0.0142786736,0.000765028557,2.81599804e-05,3.8708244e-06,0.00198108226,0.00653892711,0.0213979937,-0.0104748105,-0.00106505687,1.13470035e-05,6.53238229e-07
0.166,0.00115864265,-0.00604840237,0.0169472635,-0.0147150892,0.000790559437,2.9235829e-05,4.08840403e-06,0.00198957646,0.00656575331,0.0220560075,-0.0107881973,-0.00111005292,1.12889599e-05,6.26624534e-07
0.167,0.00116047646,-0.00616426864,0.0172979894,-0.0151582478,0.000816625483,3.03370967e-05,4.31216112e-06,0.0019975031,0.00658816784,0.0227273234,-0.0111070474,-0.00115639753,1.11952409e-05,5.97596613e-07
0.168,0.00116199248,-0.00628040251,0.0176472564,-0.0156079815,0.000843229873,3.14626146e-05,4.54207382e-06,0.00200485909,0.00660603505,0.0234119602,-0.0114313283,-0.00120410666,1.10628891e-05,5.65789981e-07
0.169,0.00116319327,-0.00639673361,0.0179946084,-0.0160641094,0.000870375732,3.26111304e-05,4.77815045e-06,0.00201164183,0.00661922155,0.0241099236,-0.0117610032,-0.00125319557,1.0888852e-05,5.30774878e-07
0.17,0.00116408165,-0.00651318891,0.018339576,-0.016526437,0.000898066428,3.37812497e-05,5.02041089e-06,0.00201784918,0.00662759642,0.0248212046,-0.0120960311,-0.00130367881,1.06699401e-05,4.92031778e-07
0.171,0.00116466047,-0.00662969153,0.0186816783,-0.0169947563,0.000926306349,3.4971283e-05,5.26882763e-06,0.00202347931,0.00663103134,0.0255457758,-0.012436368,-0.00135556972,1.04028048e-05,4.48920611e-07
0.172,0.00116493231,-0.00674615848,0.0190204249,-0.0174688452,0.000955101905,3.61791038e-05,5.52325233e-06,0.0020285307,0.00662940105,0.0262835865,-0.0127819687,-0.00140887982,1.00839882e-05,4.00641877e-07
0.173,0.00116489968,-0.00686250224,0.0193553162,-0.0179484674,0.000984460826,3.74023298e-05,5.78352467e-06,0.00203300213,0.00662258382,0.0270345661,-0.0131327858,-0.00146361943,9.70989978e-06,3.46249629e-07
0.174,0.00116456512,-0.00697863179,0.0196858424,-0.0184333723,0.00101439156,3.86384952e-05,6.04954995e-06,0.0020368928,0.0066104622,0.0277986257,-0.0134887694,-0.00151979787,9.27684182e-06,2.84715593e-07
0.175,0.00116393128,-0.00709445305,0.0200114829,-0.0189232944,0.00104490291,3.98851198e-05,6.32122745e-06,0.00204020237,0.00659292365,0.0285756594,-0.0138498672,-0.00157742319,8.78101994e-06,2.14957538e-07
0.176,0.00116300092,-0.00720986883,0.0203317064,-0.0194179535,0.00107600385,4.11397111e-05,6.59837024e-06,0.0020429311,0.0065698605,0.0293655432,-0.0142160241,-0.00163650205,8.21858504e-06,1.35822287e-07
0.177,0.00116177696,-0.00732477878,0.02064597,-0.0199170547,0.0011077035,4.2399776e-05,6.88073413e-06,0.00204507988,0.0065411699,0.0301681352,-0.0145871825,-0.00169703986,7.58569212e-06,4.60965827e-08
0.178,0.00116026247,-0.00743907942,0.0209537207,-0.0204202886,0.00114001118,4.36628419e-05,7.16803366e-06,0.00204665023,0.00650675406,0.0309832755,-0.0149632822,-0.00175904068,6.8785374e-06,-5.54630395e-08
0.179,0.00115846066,-0.0075526642,0.0212543953,-0.0209273313,0.00117293639,4.49264774e-05,7.45994659e-06,0.00204764424,0.00646652053,0.0318107861,-0.0153442606,-0.00182250724,6.09339674e-06,-1.70107048e-07
0.18,0.00115637492,-0.00766542376,0.02154742,-0.0214378451,0.00120648861,4.61883524e-05,7.7561328e-06,0.00204806467,0.0064203825,0.032650471,-0.0157300524,-0.00188744085,5.22666658e-06,-2.99075414e-07
0.181,0.00115400892,-0.00777724672,0.0218322105,-0.0219514783,0.0012406768,4.74463581e-05,8.05628038e-06,0.00204791494,0.00636825903,0.0335021183,-0.0161205887,-0.0019538417,4.2748808e-06,-4.43574974e-07
0.182,0.00115136682,-0.0078880212,0.0221081704,-0.0224678657,0.00127550871,4.86987192e-05,8.36016383e-06,0.00204719925,0.00631007499,0.0343655027,-0.0165157956,-0.0020217092,3.23465496e-06,-6.04763097e-07
0.183,0.00114845307,-0.00799763363,0.0223746928,-0.0229866291,0.00131099157,4.99438774e-05,8.66757799e-06,0.00204592249,0.0062457614,0.0352403826,-0.0169155952,-0.0020910415,2.10271484e-06,-7.83769595e-07
0.184,0.00114527234,-0.0081059681,0.0226311625,-0.0235073769,0.00134713264,5.11803756e-05,8.9782911e-06,0.00204409018,0.00617525563,0.0361264978,-0.0173199063,-0.00216183509,8.75878724e-07,-9.8172016e-07
0.185,0.00114182936,-0.00821290619,0.0228769564,-0.0240297048,0.00138393948,5.24068109e-05,9.29202967e-06,0.00204170841,0.00609850164,0.0370235687,-0.0177286446,-0.00223408463,-4.4897594e-07,-1.19975237e-06
0.186,0.00113812894,-0.00831832697,0.0231114454,-0.0245531958,0.00142141999,5.36218266e-05,9.6084741e-06,0.00203878379,0.00601545016,0.037931296,-0.0181417232,-0.00230778294,-1.87492632e-06,-1.43902337e-06
0.187,0.00113417595,-0.00842210702,0.0233339942,-0.0250774204,0.0014595825,5.48241178e-05,9.92725777e-06,0.00203532347,0.00592605898,0.0388493599,-0.0185590519,-0.00238292084,-3.40499299e-06,-1.70071069e-06
0.188,0.00112997526,-0.00852412063,0.0235439624,-0.0256019375,0.00149843562,5.6012437e-05,1.02479636e-05,0.00203133509,0.00583029329,0.0397774206,-0.018980538,-0.00245948704,-5.04209081e-06,-1.98601776e-06
0.189,0.00112553183,-0.00862424032,0.0237407029,-0.0261262953,0.00153798802,5.7185625e-05,1.05701418e-05,0.00202682682,0.00572812555,0.0407151185,-0.0194060853,-0.00253746832,-6.78903216e-06,-2.29617608e-06
0.19,0.00112085081,-0.00872233725,0.023923562,-0.0266500327,0.00157824815,5.83426989e-05,1.08933381e-05,0.00202180753,0.00561953597,0.0416620751,-0.0198355934,-0.00261684953,-8.64843144e-06,-2.63241103e-06
0.191,0.00111593789,-0.00881828305,0.0240918776,-0.0271726799,0.00161922304,5.94831103e-05,1.12171901e-05,0.00201628692,0.00550451231,0.0426178967,-0.0202689558,-0.00269761431,-1.06226835e-05,-2.9958823e-06
0.192,0.00111079971,-0.00891195294,0.0242449752,-0.027693759,0.00166091674,6.06069697e-05,1.15415537e-05,0.00201027575,0.00538304865,0.0435821803,-0.020706055,-0.00277974619,-1.27141229e-05,-3.38765208e-06
0.193,0.00110544359,-0.00900322339,0.0243821722,-0.0282127851,0.00170333177,6.17147711e-05,1.18663571e-05,0.00200378576,0.00525514613,0.0445545071,-0.0211467657,-0.00286322742,-1.49249247e-05,-3.80873906e-06
0.194,0.00109987719,-0.00909197063,0.0245027803,-0.0287292664,0.00174647048,6.28071218e-05,1.21914989e-05,0.00199682956,0.00512081325,0.0455344381,-0.0215909565,-0.00294803827,-1.72571308e-05,-4.26017498e-06
0.195,0.00109410839,-0.00917807038,0.0246061093,-0.0292427051,0.00179033551,6.38846267e-05,1.2516818e-05,0.00198942055,0.00498006588,0.0465215121,-0.02203849,-0.00303415683,-1.97127275e-05,-4.74304031e-06
0.196,0.00108814527,-0.00926139787,0.0246914677,-0.0297525969,0.00183492999,6.49478542e-05,1.28420897e-05,0.00198157284,0.00483292739,0.0475152448,-0.0224892235,-0.00312155891,-2.22936957e-05,-5.25848452e-06
0.197,0.00108199603,-0.00934182798,0.0247581652,-0.0302584322,0.00188025759,6.59973296e-05,1.316703e-05,0.00197330126,0.0046794287,0.0485151283,-0.0229430086,-0.00321021794,-2.5002044e-05,-5.80773774e-06
0.198,0.00107566902,-0.00941923532,0.0248055138,-0.0307596958,0.00192632261,6.70335267e-05,1.34913002e-05,0.0019646213,0.00451960838,0.0495206301,-0.0233996908,-0.00330010486,-2.78398376e-05,-6.39212228e-06
0.199,0.00106917262,-0.00949349431,0.0248328306,-0.0312558678,0.00197313004,6.80568199e-05,1.38145029e-05,0.00195554904,0.00435351281,0.0505311932,-0.0238591104,-0.0033911879,-3.08092404e-05,-7.01307292e-06
0.2,0.00106251516,-0.00956447903,0.0248394409,-0.0317464234,0.00202068588,6.9067342e-05,1.41361586e-05,0.00194610092,0.0041811962,0.0515462339,-0.0243211027,-0.00348343232,-3.39125889e-05,-7.67217602e-06
0.201,0.00105570456,-0.00963206128,0.024824684,-0.0322308338,0.0020689983,7.00647746e-05,1.44556447e-05,0.00193629351,0.0040027206,0.052565139,-0.0247855014,-0.00357680011,-3.71524486e-05,-8.37120672e-06
0.202,0.00104874785,-0.00969610751,0.0247879189,-0.0327085675,0.00211807945,7.10482129e-05,1.47720961e-05,0.00192614327,0.00381815721,0.0535872602,-0.0252521429,-0.00367124943,-4.0531455e-05,-9.11214795e-06
0.203,0.0010416515,-0.00975648167,0.0247285229,-0.0331790902,0.00216794357,7.2016416e-05,1.50845378e-05,0.00191566659,0.00362758565,0.0546119196,-0.0257208631,-0.00376673526,-4.40524054e-05,-9.89715436e-06
0.204,0.00103442157,-0.00981304724,0.0246458898,-0.0336418649,0.00221860576,7.29680364e-05,1.53919721e-05,0.00190487994,0.00343109416,0.0556384135,-0.0261914951,-0.00386320959,-4.77181925e-05,-1.07285022e-05
0.205,0.00102706385,-0.00986566772,0.02453943,-0.0340963539,0.00227008156,7.39017656e-05,1.56934166e-05,0.00189379998,0.00322877957,0.0566660134,-0.0266638686,-0.00396062165,-5.15317217e-05,-1.16085422e-05
0.206,0.0010195839,-0.00991420684,0.0244085711,-0.0345420196,0.00232238685,7.48163895e-05,1.59879179e-05,0.00188244357,0.00302074728,0.0576939669,-0.0271378094,-0.004058918,-5.54958658e-05,-1.25396746e-05
0.207,0.00101198704,-0.00995852884,0.024252759,-0.0349783257,0.00237553776,7.57108027e-05,1.62745542e-05,0.00187082779,0.0028071112,0.0587214983,-0.0276131392,-0.00415804261,-5.96134424e-05,-1.35243374e-05
0.208,0.00100427829,-0.00999849859,0.02407146,-0.0354047384,0.00242955057,7.65840094e-05,1.65524355e-05,0.00185896986,0.00258799368,0.0597478086,-0.028089676,-0.00425793689,-6.38872069e-05,-1.45650011e-05
0.209,0.000996462425,-0.0100339818,0.0238641618,-0.0358207269,0.00248444174,7.74351125e-05,1.68207e-05,0.00184688711,0.00236352551,0.0607720763,-0.0285672342,-0.0043585396,-6.83198556e-05,-1.56641686e-05
0.21,0.000988543861,-0.0100648452,0.0236303769,-0.0362257645,0.00254022793,7.82632776e-05,1.70785044e-05,0.00183459686,0.00213384579,0.0617934579,-0.0290456244,-0.0044597868,-7.29140362e-05,-1.68243826e-05
0.211,0.000980526574,-0.0100909558,0.0233696446,-0.0366193296,0.00259692631,7.9067654e-05,1.73249925e-05,0.00182211629,0.00189910213,0.0628110868,-0.0295246554,-0.00456161167,-7.7672329e-05,-1.8048238e-05
0.212,0.000972413934,-0.010112181,0.0230815351,-0.0370009067,0.00265455497,7.98473102e-05,1.75592483e-05,0.00180946226,0.00165945103,0.0638240733,-0.0300041354,-0.00466394422,-8.2597173e-05,-1.93383926e-05
0.213,0.000964208829,-0.0101283886,0.0227656499,-0.0373699875,0.00271313238,8.06013469e-05,1.77803491e-05,0.00179665139,0.0014150571,0.0648315068,-0.030483871,-0.00476671191,-8.76909161e-05,-2.0697565e-05
0.214,0.000955913611,-0.0101394478,0.0224216258,-0.0377260706,0.00277267732,8.13289634e-05,1.79874272e-05,0.00178370012,0.00116609378,0.0658324576,-0.0309636684,-0.00486983947,-9.29556244e-05,-2.21284915e-05
0.215,0.000947530214,-0.0101452294,0.0220491338,-0.0380686644,0.00283320847,8.20295446e-05,1.81797528e-05,0.00177062456,0.000912742451,0.0668259793,-0.031443332,-0.0049732495,-9.83931778e-05,-2.3633891e-05
0.216,0.000939060209,-0.0101456066,0.0216478793,-0.0383972877,0.00289474406,8.27026579e-05,1.83567337e-05,0.00175744042,0.00065519224,0.0678111101,-0.0319226635,-0.00507686253,-0.0001040053,-2.52164683e-05
0.217,0.000930504786,-0.0101404553,0.0212176033,-0.0387114712,0.00295730163,8.33480443e-05,1.85179153e-05,0.00174416301,0.000393639981,0.0687868742,-0.0324014623,-0.00518059706,-0.000109793534,-2.68789177e-05
0.218,0.000921864771,-0.0101296541,0.0207580841,-0.0390107586,0.00302089799,8.39656228e-05,1.86629882e-05,0.00173080715,0.000128290087,0.0697522831,-0.0328795251,-0.00528436958,-0.000115759234,-2.86239238e-05
0.219,0.000913140633,-0.0101130852,0.0202691387,-0.0392947067,0.00308554908,8.4555479e-05,1.87917876e-05,0.00171738716,-0.000140645642,0.070706337,-0.0333566463,-0.00538809467,-0.000121903577,-3.04541644e-05
0.22,0.000904332468,-0.0100906337,0.0197506246,-0.0395628869,0.00315126998,8.51178343e-05,1.89042877e-05,0.0017039167,-0.000412948196,0.0716480265,-0.0338326184,-0.005491685,-0.000128227568,-3.23723191e-05
0.221,0.000895439922,-0.0100621881,0.0192024426,-0.0398148857,0.00321807511,8.56529834e-05,1.90005795e-05,0.00169040869,-0.000688391256,0.0725763331,-0.0343072329,-0.00559505127,-0.00013473203,-3.43810857e-05
0.222,0.000886462058,-0.0100276395,0.0186245393,-0.0400503059,0.00328597867,8.61612502e-05,1.90808424e-05,0.00167687511,-0.000966740761,0.0734902305,-0.0347802826,-0.00569810212,-0.000141417535,-3.64831882e-05
0.223,0.00087739751,-0.00998688247,0.0180169068,-0.040268767,0.00335499429,8.66431244e-05,1.91453988e-05,0.00166332713,-0.00124775571,0.0743886874,-0.0352515598,-0.00580074482,-0.000148284475,-3.86813504e-05
0.224,0.000868244546,-0.0099398154,0.0173795821,-0.0404699057,0.00342513484,8.70993332e-05,1.91947285e-05,0.00164977506,-0.00153118798,0.0752706696,-0.0357208559,-0.00590288523,-0.000155332984,-4.09782613e-05
0.225,0.000859000998,-0.00988634269,0.0167126475,-0.0406533759,0.00349641199,8.75306769e-05,1.92294037e-05,0.00163622831,-0.00181678144,0.0761351409,-0.0361879605,-0.00600442652,-0.000162562809,-4.33765897e-05
0.226,0.000849664281,-0.00982637534,0.0160162308,-0.0408188488,0.0035688359,8.79379821e-05,1.92500461e-05,0.00162269542,-0.00210427208,0.0769810638,-0.0366526613,-0.00610526911,-0.000169973293,-4.58789946e-05
0.227,0.000840231494,-0.00975983012,0.0152905055,-0.0409660146,0.00364241539,8.83222985e-05,1.92573747e-05,0.00160918414,-0.00239338924,0.0778074025,-0.0371147429,-0.00620531217,-0.00017756346,-4.84880657e-05
0.228,0.000830699504,-0.00968662951,0.014535691,-0.0410945837,0.0037171577,8.86849801e-05,1.92522484e-05,0.00159570146,-0.00268385678,0.0786131248,-0.0375739868,-0.00630445451,-0.000185332102,-5.12062805e-05
0.229,0.000821064942,-0.00960670264,0.0137520518,-0.0412042875,0.00379306809,8.90276588e-05,1.92356606e-05,0.00158225361,-0.00297539343,0.0793972039,-0.0380301706,-0.0064025946,-0.000193277756,-5.40359812e-05
0.23,0.000811324259,-0.00951998635,0.0129398962,-0.0412948793,0.00387014944,8.93523266e-05,1.92087547e-05,0.00156884628,-0.00326771324,0.0801586202,-0.0384830662,-0.00649963087,-0.000201398659,-5.69793249e-05
0.231,0.000801474001,-0.00942642664,0.0120995715,-0.0413661347,0.0039484012,8.96615094e-05,1.91728848e-05,0.00155548488,-0.00356052709,0.0808963639,-0.0389324358,-0.00659546235,-0.000209692781,-6.00382127e-05
0.232,0.00079151127,-0.00932598023,0.01123146,-0.0414178521,0.00402781777,8.99584048e-05,1.91296968e-05,0.00154217489,-0.00385354548,0.0816094389,-0.0393780259,-0.00668998961,-0.000218158075,-6.32142503e-05
0.233,0.000781433324,-0.00921861352,0.010335983,-0.0414498534,0.00410839002,9.02466707e-05,1.90810055e-05,0.00152892166,-0.00414647689,0.082296861,-0.0398195722,-0.00678311386,-0.00022679228,-6.65088065e-05
0.234,0.00077123733,-0.00910430195,0.00941360451,-0.0414619843,0.00419010622,9.05302024e-05,1.90287079e-05,0.00151573024,-0.00443902712,0.0829576583,-0.0402568033,-0.00687473634,-0.000235592903,-6.99230857e-05
0.235,0.000760920305,-0.00898303002,0.00846483369,-0.041454114,0.00427295215,9.08129937e-05,1.89747509e-05,0.00150260513,-0.00473089951,0.0835908727,-0.0406894423,-0.00696475812,-0.00024455726,-7.34581847e-05
0.236,0.000750479277,-0.00885479069,0.00749022219,-0.0414261376,0.00435691063,9.10991665e-05,1.89211982e-05,0.00148955021,-0.00502179666,0.0841955619,-0.0411172047,-0.00705308103,-0.000253682722,-7.71151281e-05
0.237,0.000739911345,-0.0087195854,0.0064903643,-0.0413779766,0.00444196148,9.13929654e-05,1.8870267e-05,0.00147656872,-0.00531142096,0.0847708013,-0.0415397991,-0.00713960783,-0.000262966748,-8.0894849e-05
0.238,0.000729213555,-0.00857742505,0.00546589982,-0.0413095771,0.00452808193,9.16986729e-05,1.88242723e-05,0.00146366314,-0.00559947374,0.0853156864,-0.04195693,-0.0072242414,-0.000272406647,-8.47981657e-05
0.239,0.000718382937,-0.00842832998,0.00441751383,-0.0412209102,0.00461524668,9.20206461e-05,1.87856181e-05,0.00145083525,-0.00588565567,0.0858293351,-0.0423682982,-0.00730688503,-0.00028199959,-8.88257875e-05
0.24,0.000707416529,-0.00827232999,0.00334593607,-0.041111972,0.00470342785,9.23633301e-05,1.87568012e-05,0.00143808617,-0.00616966731,0.0863108886,-0.0427736011,-0.00738744269,-0.000291742611,-9.29783102e-05
0.241,0.000696311424,-0.00810946456,0.00225194002,-0.0409827842,0.00479259489,9.27312653e-05,1.87404113e-05,0.00142541637,-0.00645120968,0.0867595141,-0.0431725329,-0.00746581925,-0.00030163261,-9.72562055e-05
0.242,0.000685064825,-0.00793978297,0.00113634186,-0.040833394,0.00488271442,9.31290909e-05,1.87391349e-05,0.00141282572,-0.00672998489,0.0871744064,-0.0435647841,-0.00754192073,-0.000311666359,-0.000101659813
0.243,0.000673674032,-0.00776334453,-6.9388938999999995e-18,-0.0406638738,0.00497375029,9.35615216e-05,1.8755749e-05,0.00140031349,-0.0070056964,0.0875547893,-0.043950043,-0.00761565429,-0.000321840476,-0.000106189334
0.244,0.000662136434,-0.00758021902,-0.00115618541,-0.0404743213,0.00506566339,9.40332685e-05,1.87931077e-05,0.00138787829,-0.0072780495,0.0878999175,-0.0443279956,-0.00768692819,-0.000332151401,-0.000110844831
0.245,0.000650449581,-0.00739048715,-0.00233127324,-0.0402648597,0.00515841111,9.45489359e-05,1.88541464e-05,0.00137551804,-0.00754675235,0.0882090786,-0.0446983264,-0.00775565189,-0.000342595463,-0.000115626225
0.246,0.000638611328,-0.00719423845,-0.00352428312,-0.0400356385,0.00525194762,9.51133324e-05,1.8941956e-05,0.00136323009,-0.00781151779,0.0884815963,-0.0450607186,-0.00782173817,-0.000353169079,-0.000120533234
0.247,0.000626619885,-0.00699156967,-0.00473419654,-0.0397868345,0.00534622462,9.57317225e-05,1.90598102e-05,0.00135101134,-0.00807206417,0.0887168341,-0.045414856,-0.00788510434,-0.000363868776,-0.000125565302
0.248,0.000614473852,-0.00678258618,-0.00595995848,-0.03951865,0.00544119053,9.6409476e-05,1.92111033e-05,0.00133885813,-0.00832811536,0.0889141953,-0.0457604226,-0.00794567094,-0.000374691139,-0.000130721706
0.249,0.000602172188,-0.00656740364,-0.00720047747,-0.0392313107,0.00553679034,9.71517329e-05,1.93992719e-05,0.00132676604,-0.00857940001,0.0890731242,-0.0460971047,-0.00800336009,-0.000385632623,-0.000136001618
0.25,0.000589714237,-0.00634614705,-0.00845462563,-0.0389250654,0.00563296627,9.79634177e-05,1.9627785e-05,0.00131472978,-0.00882565128,0.0891931081,-0.0464245928,-0.00805809561,-0.000396689537,-0.000141404132
0.251,0.000577099601,-0.00611894955,-0.00972123659,-0.038600185,0.00572965886,9.88491299e-05,1.99001086e-05,0.0013027428,-0.00906660578,0.08927368,-0.0467425876,-0.00810980293,-0.000407858017,-0.000146928326
0.252,0.00056432785,-0.00588595221,-0.0109991031,-0.0382569613,0.00582680858,9.98130073e-05,2.02196381e-05,0.00129079688,-0.00930200149,0.08931442,-0.0470508069,-0.00815840866,-0.000419133796,-0.000152573296
0.253,0.000551398963,-0.00564730419,-0.0122869839,-0.0378957069,0.00592435422,0.000100858903,2.05897852e-05,0.00127888245,-0.0095315806,0.0893149583,-0.0473489801,-0.00820384178,-0.000430512433,-0.000158338076
0.254,0.000538313577,-0.00540316304,-0.0135836101,-0.0375167551,0.0060222321,0.000101990579,2.10140287e-05,0.001266989,-0.00975509132,0.0892749763,-0.0476368442,-0.0082460346,-0.000441989359,-0.000164221553
0.255,0.000525073004,-0.0051536944,-0.0148876894,-0.0371204597,0.00612037631,0.000103211861,2.14959275e-05,0.00125510533,-0.00997228817,0.0891942071,-0.047914143,-0.0082849233,-0.000453559813,-0.0001702224
0.256,0.000511679129,-0.00489907342,-0.0161979077,-0.0367071925,0.00621871895,0.000104526504,2.20390462e-05,0.00124321963,-0.0101829314,0.0890724362,-0.0481806287,-0.00832044707,-0.000465218658,-0.00017633906
0.257,0.000498134215,-0.00463948741,-0.0175129285,-0.0362773386,0.0063171906,0.000105937892,2.26468031e-05,0.00123131937,-0.0103867863,0.0889095027,-0.0484360645,-0.00835254654,-0.000476960018,-0.000182569749
0.258,0.000484441046,-0.0043751329,-0.0188313998,-0.0358312998,0.00641572001,0.000107449414,2.33225623e-05,0.00121939161,-0.0105836245,0.0887052989,-0.0486802216,-0.00838116611,-0.000488777676,-0.000188912453
0.259,0.000470602959,-0.00410621437,-0.0201519583,-0.0353694958,0.00651423416,0.000109064606,2.40696765e-05,0.00120742321,-0.0107732261,0.0884597695,-0.0489128773,-0.00840625505,-0.000500665243,-0.000195364892
0.26,0.000456623846,-0.00383294496,-0.0214732336,-0.0348923629,0.00661265803,0.000110787106,2.48914698e-05,0.001195401,-0.0109553798,0.0881729114,-0.0491338144,-0.00842776751,-0.00051261615,-0.000201924486
0.261,0.000442508255,-0.00355554669,-0.0227938536,-0.0344003538,0.00671091393,0.00011262072,2.57912399e-05,0.00118331222,-0.0111298849,0.0878447727,-0.0493428167,-0.00844566282,-0.000524623681,-0.000208588303
0.262,0.000428261617,-0.00327424985,-0.0241124507,-0.0338939373,0.00680892034,0.000114569517,2.67722932e-05,0.00117114504,-0.0112965538,0.0874754516,-0.0495396643,-0.00845990608,-0.000536681186,-0.000215353038
0.263,0.000413889978,-0.00298929246,-0.0254276599,-0.0333735975,0.00690659348,0.000116637663,2.78378696e-05,0.00115888822,-0.0114552101,0.0870650965,-0.0497241394,-0.00847046752,-0.000548781907,-0.000222215081
0.264,0.000399399888,-0.00270091913,-0.0267381188,-0.0328398321,0.00700384854,0.000118829377,2.89911037e-05,0.00114653098,-0.0116056874,0.0866139062,-0.0498960314,-0.00847732233,-0.000560918955,-0.000229170596
0.265,0.000384798373,-0.00240938109,-0.028042468,-0.0322931509,0.00710060009,0.000121148783,3.02349762e-05,0.00113406281,-0.0117478289,0.0861221305,-0.0500551382,-0.0084804499,-0.000573085207,-0.000236215619
0.266,0.000370092977,-0.00211493761,-0.0293393529,-0.0317340739,0.00719676123,0.000123599467,3.15723213e-05,0.00112147339,-0.011881487,0.0855900682,-0.0502012668,-0.00847983254,-0.000585273274,-0.000243346175
0.267,0.000355291871,-0.00181785607,-0.0306274249,-0.031163132,0.00729224369,0.000126184381,3.30059071e-05,0.0011087526,-0.0120065246,0.0850180677,-0.0503342336,-0.00847545536,-0.000597475575,-0.00025055822
0.268,0.000340403891,-0.00151841005,-0.0319053439,-0.0305808655,0.00738695891,0.000128906196,3.45384822e-05,0.00109589054,-0.012122815,0.0844065285,-0.0504538668,-0.0084673075,-0.000609684359,-0.000257847519
0.269,0.000325438557,-0.00121687789,-0.0331717808,-0.0299878253,0.00748081824,0.000131767446,3.6172794e-05,0.00108287764,-0.0122302425,0.0837559011,-0.0505600064,-0.00845538313,-0.000621891831,-0.000265209644
0.27,0.000310406036,-0.000913542733,-0.0344254201,-0.0293845716,0.00757373258,0.000134770416,3.79115853e-05,0.00106970474,-0.0123287032,0.0830666864,-0.0506525046,-0.00843968126,-0.000634090167,-0.000272639983
0.271,0.000295317095,-0.000608692362,-0.0356649616,-0.0287716728,0.00766561251,0.000137917129,3.97575891e-05,0.00105636306,-0.0124181053,0.0823394347,-0.0507312255,-0.00842020571,-0.000646271504,-0.000280133736
0.272,0.000280183047,-0.000302618894,-0.0368891233,-0.028149705,0.00775636837,0.000141209345,4.1713524e-05,0.00104284437,-0.0124983692,0.0815747451,-0.0507960451,-0.00839696507,-0.000658427942,-0.000287685898
0.273,0.00026501564,4.38121101e-06,-0.0380966434,-0.0275192506,0.0078459104,0.000144648508,4.37820867e-05,0.00102914088,-0.012569428,0.0807732641,-0.0508468521,-0.00836997248,-0.000670551531,-0.000295291276
0.274,0.00024982702,0.0003120074,-0.0392862819,-0.0268808971,0.00793414876,0.000148235674,4.5965962e-05,0.00101524522,-0.0126312276,0.0799356856,-0.0508835481,-0.0083392455,-0.000682634341,-0.000302944452
0.275,0.000234629845,0.000619957664,-0.0404568251,-0.0262352383,0.00802099387,0.000151971816,4.82678099e-05,0.00100115051,-0.012683728,0.0790627491,-0.0509060471,-0.00830480719,-0.000694668678,-0.000310639684
0.276,0.000219437259,0.000927931617,-0.0416070886,-0.0255828762,0.00810635634,0.000155858183,5.06901809e-05,0.000986850574,-0.0127269022,0.0781552373,-0.0509142738,-0.00826668758,-0.000706647223,-0.000318371003
0.277,0.000204262703,0.00123562843,-0.0427359179,-0.024924415,0.00819014696,0.000159895834,5.32353841e-05,0.000972339835,-0.0127607365,0.077213976,-0.0509081654,-0.0082249217,-0.000718562728,-0.000326132388
0.278,0.000189119963,0.00154274646,-0.0438421898,-0.0242604591,0.00827227665,0.000164085423,5.59054872e-05,0.000957613284,-0.0127852297,0.0762398335,-0.0508876732,-0.0081795486,-0.000730407936,-0.000333917764
0.279,0.000174023415,0.00184898467,-0.0449248136,-0.0235916122,0.00835265677,0.000168427223,5.8702316e-05,0.000942666315,-0.0128003932,0.0752337222,-0.0508527654,-0.00813061132,-0.000742175599,-0.000341721033
0.28,0.000158988343,0.00215404422,-0.0459827311,-0.0229184751,0.00843119937,0.000172921017,6.16274651e-05,0.000927494314,-0.0128062493,0.0741966004,-0.0508034321,-0.00807815677,-0.000753858608,-0.000349536177
0.281,0.000144031082,0.00245762839,-0.0470149133,-0.0222416416,0.00850781909,0.000177565846,6.46822853e-05,0.00091209155,-0.0128028283,0.0731294771,-0.0507396978,-0.00802223481,-0.000765449936,-0.000357357441
0.282,0.000129169095,0.0027594396,-0.0480203562,-0.0215616921,0.00858243703,0.000182359587,6.78677643e-05,0.000896449787,-0.0127901638,0.0720334163,-0.050661637,-0.00796289655,-0.000776942171,-0.000365179465
0.283,0.000114421523,0.00305918289,-0.0489980923,-0.020879197,0.00865497637,0.000187299365,7.11846303e-05,0.000880559829,-0.0127682988,0.0709095305,-0.0505693569,-0.00790019699,-0.000788328183,-0.000372997154
0.284,9.98088849e-05,0.00335656929,-0.0499472002,-0.0201947208,0.00872536176,0.000192382289,7.46335369e-05,0.000864412991,-0.0127372884,0.0697589739,-0.0504629855,-0.00783419763,-0.000799601214,-0.000380805474
0.285,8.53527141e-05,0.00365131611,-0.050866809,-0.0195088206,0.00879352089,0.000197605775,7.82152249e-05,0.000848001636,-0.0126972005,0.0685829382,-0.05034267,-0.00776496671,-0.000810754735,-0.000388599104
0.286,7.10756933e-05,0.00394314549,-0.0517561009,-0.0188220471,0.00885938373,0.000202967245,8.19304599e-05,0.000831319209,-0.0126481166,0.067382646,-0.0502085729,-0.00769257826,-0.00082178255,-0.000396372346
0.287,5.70014325e-05,0.00423178239,-0.052614311,-0.0181349422,0.00892288256,0.000208463853,8.57798911e-05,0.000814360194,-0.0125901316,0.0661593452,-0.0500608698,-0.00761711083,-0.000832678656,-0.000404119256
0.288,4.31538388e-05,0.00451695474,-0.0534407282,-0.0174480385,0.00898395309,0.000214092676,8.97640462e-05,0.000797120286,-0.0125233529,0.0649143036,-0.0498997465,-0.00753864734,-0.000843437151,-0.000411833643
0.289,2.95564059e-05,0.00479839321,-0.0542346965,-0.016761859,0.00904253534,0.000219850904,9.38832976e-05,0.000779596735,-0.0124479002,0.063648801,-0.0497253957,-0.00745727508,-0.00085405218,-0.000419509037
0.29,1.62313092e-05,0.00507583099,-0.0549956183,-0.0160769192,0.00909857411,0.000225736089,9.81377981e-05,0.000761789203,-0.012363907,0.0623641195,-0.0495380065,-0.0073730857,-0.000864517749,-0.000427138547
0.291,3.19840919e-06,0.00534900726,-0.055722961,-0.0153937363,0.00915201621,0.000231746766,0.000102527484,0.000743701879,-0.0122715251,0.0610615262,-0.0493377408,-0.00728617658,-0.000874827725,-0.000434714504
0.292,-9.52537814e-06,0.00561767456,-0.0564162641,-0.0147128418,0.00920280269,0.000237883026,0.000107052127,0.000725346013,-0.0121709322,0.0597422582,-0.0491247038,-0.00719665278,-0.000884976603,-0.000442228135
0.293,-2.19259528e-05,0.00588158779,-0.0570751222,-0.0140347654,0.00925087548,0.000244144811,0.000111710839,0.000706736555,-0.0120623233,0.0584075325,-0.0488989759,-0.0071046198,-0.000894958351,-0.000449670128
0.294,-3.3991902e-05,0.00614050219,-0.0576991736,-0.0133600257,0.00929618054,0.000250531332,0.000116501985,0.000687889878,-0.0119459033,0.0570585578,-0.0486606369,-0.00701018151,-0.00090476631,-0.000457031409
0.295,-4.57145008e-05,0.00639417941,-0.0582880983,-0.0126891322,0.00933866869,0.000257041672,0.000121423459,0.000668823241,-0.0118218839,0.0556965401,-0.048409775,-0.00691344217,-0.000914393592,-0.000464303344
0.296,-5.70871297e-05,0.00664239045,-0.0588416182,-0.0120225853,0.00937829505,0.000263674828,0.000126472801,0.000649554507,-0.0116904831,0.0543226863,-0.0481464918,-0.00681450685,-0.000923833347,-0.000471477678
0.297,-6.8104595e-05,0.00688491614,-0.0593594974,-0.011360876,0.00941501797,0.000270429454,0.000131647196,0.000630101963,-0.0115519252,0.0529382059,-0.0478709034,-0.00671348101,-0.000933078872,-0.000478546561
0.298,-7.87625882e-05,0.0071215479,-0.0598415426,-0.0107044846,0.00944879836,0.000277303776,0.000136943512,0.000610484206,-0.0114064413,0.0515443125,-0.0475831429,-0.0066104705,-0.00094212364,-0.000485502544
0.299,-8.90569015e-05,0.00735208892,-0.0602876037,-0.0100538804,0.00947959911,0.000284295483,0.000142358343,0.000590719962,-0.011254268,0.0501422262,-0.0472833642,-0.00650558159,-0.000950961389,-0.000492338617
0.3,-9.89824411e-05,0.00757635494,-0.0606975731,-0.00940951725,0.00950738492,0.000291401567,0.000147888081,0.00057082755,-0.0110956453,0.0487331805,-0.0469717513,-0.00639892111,-0.000959586329,-0.000499048435
0.301,-0.000108532334,0.00779417021,-0.0610713816,-0.00877182178,0.00953212564,0.000298617787,0.000153529169,0.000550822864,-0.0109308109,0.0473184339,-0.0466485413,-0.00629059503,-0.000967993118,-0.000505626797
0.302,-0.000117696689,0.00800535791,-0.061408996,-0.00814117589,0.00955380441,0.000305937887,0.000159278272,0.000530716621,-0.0107599942,0.0458992831,-0.0463140546,-0.0061807047,-0.000976176253,-0.000512069627
0.303,-0.000126462521,0.00820974906,-0.0617104302,-0.00751793071,0.00957241028,0.000313354677,0.000165132323,0.000510517241,-0.0105834251,0.0444770461,-0.0459686617,-0.00606935111,-0.000984130972,-0.000518373175
0.304,-0.000134814561,0.00840718641,-0.0619757517,-0.0069024179,0.00958793519,0.000320860696,0.000171088363,0.000490233118,-0.0104013387,0.0430530449,-0.0456127567,-0.00595663722,-0.000991853199,-0.00052453365
0.305,-0.000142736315,0.0085975239,-0.0622050819,-0.00629495263,0.0096003742,0.0003284484,0.000177143457,0.000469873452,-0.0102139768,0.0416285945,-0.045246746,-0.00584266822,-0.000999339319,-0.000530547073
0.306,-0.000150210848,0.0087806258,-0.0623985951,-0.00569583397,0.00960972608,0.000336110285,0.000183294638,0.000449448439,-0.0100215879,0.0402049956,-0.044871043,-0.00572755111,-0.00100658607,-0.000536409245
0.307,-0.000157221357,0.00895636606,-0.0625565168,-0.00510534448,0.00961599372,0.000343838897,0.000189538869,0.000428969205,-0.0098244273,0.03878353,-0.0444860647,-0.0056113942,-0.00101359052,-0.000542115762
0.308,-0.000163751564,0.00912462819,-0.0626791213,-0.00452374987,0.00961918387,0.000351626721,0.000195873031,0.000408447592,-0.0096227574,0.0373654573,-0.0440922293,-0.00549430643,-0.00102035016,-0.00054766202
0.309,-0.000169786045,0.00928530706,-0.0627667312,-0.00395130033,0.0096193082,0.000359466671,0.000202293814,0.000387896138,-0.0094168462,0.0359520103,-0.043689954,-0.0053763977,-0.00102686298,-0.000553043022
0.31,-0.00017531102,0.00943831137,-0.062819715,-0.00338823464,0.00961638473,0.000367352876,0.00020879754,0.000367328346,-0.00920696443,0.0345443892,-0.043279649,-0.00525777999,-0.00103312716,-0.000558253505
0.311,-0.000180315568,0.00958356469,-0.0628384845,-0.00283478569,0.00961043484,0.000375280408,0.000215380066,0.000346759632,-0.00899338734,0.0331437518,-0.0428617035,-0.00513856708,-0.00103914102,-0.000563288308
0.312,-0.000184792543,0.0097210082,-0.0628234913,-0.00229118808,0.00960147775,0.000383244964,0.000222036769,0.000326208424,-0.00877639788,0.0317512058,-0.0424364702,-0.0050188745,-0.00104490336,-0.000568142317
0.313,-0.000188737904,0.00985059525,-0.0627752227,-0.00175766804,0.00958953466,0.000391242412,0.000228762538,0.000305694599,-0.00855628264,0.0303678161,-0.0420042819,-0.00489881639,-0.00105041298,-0.000572810643
0.314,-0.000192150008,0.00997228942,-0.0626941992,-0.00123443709,0.00957463076,0.000399268725,0.000235551891,0.000285238441,-0.00833332832,0.0289946107,-0.041565464,-0.00477850455,-0.00105566869,-0.000577288843
0.315,-0.000195029013,0.010086065,-0.0625809729,-0.000721690583,0.00955679483,0.00040731991,0.000242399062,0.000264860332,-0.00810782036,0.0276325845,-0.0411203393,-0.0046580484,-0.0010606694,-0.000581573031
0.316,-0.000197376537,0.0101919072,-0.0624361262,-0.000219608092,0.00953605889,0.000415392023,0.000249298029,0.000244580898,-0.00788004249,0.0262826996,-0.0406692296,-0.00453755523,-0.00106541422,-0.000585659956
0.317,-0.000199195551,0.0102898135,-0.0622602706,0.000271645316,0.00951245772,0.000423481005,0.000256242805,0.000224420715,-0.00765027626,0.0249458866,-0.0402124564,-0.00441713023,-0.00106990258,-0.000589547287
0.318,-0.000200490456,0.0103797925,-0.0620540467,0.000751921449,0.00948602932,0.000431582727,0.000263227591,0.000204400375,-0.00741880137,0.0236230441,-0.039750344,-0.00429687593,-0.00107413417,-0.000593233197
0.319,-0.000201266861,0.0104618633,-0.0618181238,0.00122108848,0.00945681516,0.000439693219,0.000270246568,0.000184540737,-0.00718589565,0.0223150366,-0.0392832203,-0.0041768925,-0.00107810864,-0.00059671571
0.32,-0.000201531225,0.0105360557,-0.0615531974,0.00167902861,0.00942485982,0.000447808596,0.000277293862,0.000164862686,-0.00695183482,0.0210226931,-0.0388114159,-0.00405727785,-0.00108182565,-0.000599992783
0.321,-0.000201291214,0.0106024102,-0.0612599867,0.00212563527,0.00939021038,0.00045592502,0.000284363577,0.000145387149,-0.00671689267,0.0197468041,-0.0383352601,-0.00393812771,-0.00108528484,-0.000603062369
0.322,-0.000200556154,0.0106609795,-0.0609392322,0.00256080954,0.00935291528,0.000464038808,0.000291449808,0.000126135221,-0.00648134096,0.0184881199,-0.0378550773,-0.00381953622,-0.00108848589,-0.000605922361
0.323,-0.000199336933,0.0107118262,-0.0605916936,0.0029844633,0.00931302558,0.00047214635,0.00029854668,0.000107127634,-0.00624544796,0.0172473519,-0.0373711904,-0.00370159518,-0.00109142838,-0.000608570638
0.324,-0.000197645824,0.010755022,-0.0602181482,0.00339652175,0.00927059588,0.000480244152,0.0003056484,8.83840939e-05,-0.00600947687,0.0160251745,-0.0368839241,-0.00358439339,-0.00109411167,-0.000611005012
0.325,-0.000195495665,0.0107906444,-0.0598193888,0.00379692583,0.00922568301,0.000488328331,0.000312749011,6.99230602e-05,-0.00577368722,0.014822226,-0.0363936037,-0.00346801532,-0.001096535,-0.000613223217
0.326,-0.00019289931,0.0108187761,-0.0593962205,0.00418563303,0.00917834417,0.000496393938,0.000319842277,5.17617152e-05,-0.00553833675,0.0136391101,-0.0359005506,-0.0033525402,-0.0010986978,-0.000615223458
0.327,-0.000189870452,0.0108395059,-0.0589494583,0.00456261414,0.00912863764,0.000504435496,0.000326921963,3.3915958e-05,-0.00530367825,0.012476396,-0.035405082,-0.00323804346,-0.00110059962,-0.000617004706
0.328,-0.000186423902,0.0108529309,-0.0584799273,0.00492785179,0.00907662352,0.000512447565,0.000333981952,1.64005832e-05,-0.00506995694,0.0113346191,-0.0349075116,-0.00312459768,-0.00110224023,-0.000618566491
0.329,-0.000182575032,0.0108591566,-0.0579884621,0.00528134084,0.00902236299,0.000520424703,0.000341016229,-7.70460322e-07,-0.00483741038,0.0102142816,-0.034408151,-0.00301227263,-0.00110361975,-0.000619908881
0.33,-0.000178339152,0.0108582972,-0.0574759069,0.00562309016,0.00896591789,0.000528361382,0.000348018913,-1.75840077e-05,-0.00460626825,0.00911585519,-0.0339073117,-0.00290113553,-0.00110473887,-0.000621032528
0.331,-0.000173730537,0.0108504724,-0.0569431157,0.00595312917,0.00890735178,0.000536251927,0.000354984338,-3.40279503e-05,-0.00437675156,0.00803978466,-0.0334053118,-0.00279125048,-0.00110559891,-0.000621938785
0.332,-0.000168761534,0.0108358043,-0.0563909539,0.00627151684,0.0088467328,0.000544090279,0.000361907212,-5.00915751e-05,-0.00414907236,0.006986492,-0.0329024835,-0.00268267688,-0.00110620175,-0.000622629957
0.333,-0.000163443863,0.0108144209,-0.0558202962,0.0065783312,0.00878413106,0.000551870562,0.000368782731,-6.5764737e-05,-0.00392343393,0.00595637032,-0.032399163,-0.00257547194,-0.00110654989,-0.000623108972
0.334,-0.000157789176,0.0107864585,-0.0552320247,0.00687366323,0.00871961777,0.000559587377,0.000375606351,-8.10371983e-05,-0.00370003188,0.00494977835,-0.0318956855,-0.0024696911,-0.00110664617,-0.000623378729
0.335,-0.000151808855,0.0107520609,-0.0546270268,0.00715761498,0.00865326511,0.000567235731,0.000382373538,-9.58985e-05,-0.00347905548,0.003967038,-0.0313923819,-0.00236538765,-0.00110649366,-0.000623441899
0.336,-0.000145514258,0.0107113781,-0.0540061926,0.00743029832,0.0085851463,0.000574810942,0.000389079787,-0.000110338176,-0.00326068806,0.00300843367,-0.0308895767,-0.00226261249,-0.0011060955,-0.000623301072
0.337,-0.000138917015,0.0106645661,-0.0533704123,0.0076918342,0.00851533565,0.000582308636,0.000395720641,-0.000124346033,-0.00304510702,0.00207421221,-0.030387587,-0.002161414,-0.00110545491,-0.000622958748
0.338,-0.000132029157,0.010611786,-0.0527205742,0.00794235206,0.00844390846,0.000589724674,0.000402291678,-0.000137912389,-0.00283248405,0.00116458318,-0.0298867214,-0.00206183775,-0.00110457508,-0.000622417357
0.339,-0.000124863231,0.0105532041,-0.0520575629,0.00818198883,0.00837094053,0.00059705506,0.000408788491,-0.000151028194,-0.00262298569,0.000279719006,-0.0293872779,-0.00196392637,-0.00110345937,-0.000621679244
0.34,-0.000117432581,0.0104889936,-0.0513822573,0.0084108864,0.00829650908,0.000604296334,0.000415206571,-0.000163685098,-0.00241677108,-0.000580245625,-0.0288895438,-0.00186771979,-0.0011021111,-0.000620746547
0.341,-0.000109752076,0.0104193347,-0.0506955278,0.00862918549,0.00822069293,0.000611445884,0.000421541326,-0.000175875569,-0.00221398872,-0.00141521555,-0.0283937917,-0.00177325568,-0.00110053327,-0.000619621289
0.342,-0.00010183885,0.0103444161,-0.0499982312,0.00883701866,0.00814356884,0.000618501444,0.000427788153,-0.000187592784,-0.00201477697,-0.00222513624,-0.0279002727,-0.00168057023,-0.00109872884,-0.000618305605
0.343,-9.37113183e-05,0.0102644313,-0.049291212,0.00903451908,0.00806521195,0.000625460345,0.000433942494,-0.000198830916,-0.00181926631,-0.00300998917,-0.027409221,-0.00158969565,-0.00109670098,-0.000616801895
0.344,-8.53884021e-05,0.010179576,-0.0485753023,0.00922182611,0.00798569681,0.000632319535,0.000439999886,-0.000209585402,-0.00162757864,-0.00376978805,-0.0269208587,-0.00150065954,-0.001094453,-0.000615112855
0.345,-7.68892184e-05,0.0100900476,-0.0478513225,0.00939908657,0.00790509745,0.000639075719,0.000445956049,-0.000219852896,-0.00143982626,-0.00450457661,-0.0264353991,-0.00141348532,-0.0010919884,-0.000613241476
0.346,-6.82328709e-05,0.00999604401,-0.0471200805,0.00956645484,0.00782348752,0.000645725451,0.000451806898,-0.00022963123,-0.00125611125,-0.0052144272,-0.0259530472,-0.0013281924,-0.0010893108,-0.000611191013
0.347,-5.94382916e-05,0.00989776273,-0.0463823705,0.00972409298,0.00774093962,0.000652265021,0.000457548586,-0.000238919359,-0.00107652646,-0.00589943948,-0.0254739997,-0.00124479619,-0.00108642397,-0.00060896502
0.348,-5.05242222e-05,0.0097954007,-0.0456389723,0.00987216932,0.0076575243,0.00065869041,0.00046317748,-0.00024771712,-0.000901158522,-0.00655973822,-0.0249984434,-0.00116330862,-0.00108333199,-0.00060656735
0.349,-4.1509468e-05,0.00968915551,-0.0448906503,0.0100108555,0.00757331048,0.000664997916,0.000468690128,-0.000256025043,-0.000730088835,-0.00719547077,-0.0245265557,-0.00108373951,-0.00108003916,-0.000604002053
0.35,-3.24130152e-05,0.00957922544,-0.0441381534,0.0101403249,0.00748836665,0.000671184687,0.000474083261,-0.000263844508,-0.000563392286,-0.00780680558,-0.0240585058,-0.00100609749,-0.00107654971,-0.000601273295
0.351,-2.32539261e-05,0.00946580868,-0.0433822148,0.0102607528,0.00740276101,0.000677248724,0.000479353853,-0.00027117779,-0.000401136907,-0.00839393118,-0.0235944565,-0.000930390098,-0.00107286782,-0.000598385385
0.352,-1.40511672e-05,0.0093491029,-0.0426235511,0.010372317,0.00731656154,0.000683188746,0.000484499118,-0.000278028094,-0.000243384255,-0.00895705525,-0.0231345636,-0.000856623508,-0.00106899765,-0.000595342785
0.353,-4.8236472e-06,0.00922930528,-0.0418628621,0.0104751965,0.00722983583,0.000689004193,0.000489516511,-0.000284399555,-9.01892165e-05,-0.00949640415,-0.0226789764,-0.000784802729,-0.00106494323,-0.000592150075
0.354,4.40982247e-06,0.00910661283,-0.0411008301,0.0105695705,0.00714265093,0.000694695104,0.000494403685,-0.000290297236,5.83998195e-05,-0.0100122224,-0.022227837,-0.000714931554,-0.00106070846,-0.000588811918
0.355,1.36309977e-05,0.00898122164,-0.0403381195,0.0106556202,0.00705507246,0.000700261511,0.00049915842,-0.000295726939,0.000202340248,-0.0105047729,-0.0217812796,-0.000647011546,-0.00105629726,-0.0005853331
0.356,2.28225892e-05,0.00885332492,-0.0395753764,0.0107335318,0.00696716415,0.000705702792,0.000503778619,-0.000300695256,0.000341596246,-0.0109743379,-0.0213394308,-0.000581040726,-0.00105171361,-0.000581718484
0.357,3.19682869e-05,0.00872311225,-0.0388132278,0.0108034965,0.0068789883,0.00071101767,0.00050826232,-0.000305209588,0.000476141044,-0.0114212197,-0.0209024105,-0.000517013634,-0.00104696148,-0.000577972923
0.358,4.10526051e-05,0.00859077029,-0.0380522821,0.01086571,0.00679060581,0.000716204381,0.000512607723,-0.00030927797,0.000605957386,-0.0118457389,-0.0204703329,-0.000454921763,-0.00104204487,-0.000574101218
0.359,5.00610702e-05,0.00845648292,-0.0372931282,0.0109203718,0.00670207589,0.000721260641,0.000516813141,-0.000312908861,0.000731037064,-0.0122482336,-0.0200433057,-0.000394753917,-0.00103696793,-0.000570108133
0.36,5.89802048e-05,0.00832043125,-0.036536336,0.0109676856,0.00661345563,0.00072618369,0.000520877065,-0.000316110999,0.000851380288,-0.012629058,-0.0196214309,-0.000336496517,-0.00103173516,-0.000565998414
0.361,6.77979209e-05,0.0081827926,-0.0357824568,0.0110078614,0.00652480065,0.000730970378,0.000524798141,-0.000318893414,0.000966995653,-0.0129885801,-0.0192048062,-0.000280133711,-0.00102635133,-0.000561776792
0.362,7.6503526e-05,0.00804373937,-0.0350320252,0.0110411187,0.00643616673,0.000735617647,0.000528575348,-0.000321265466,0.00107790012,-0.0133271811,-0.0187935263,-0.000225646952,-0.00102082145,-0.000557447994
0.363,8.5086666e-05,0.00790344117,-0.0342855574,0.0110676793,0.00634760916,0.000740122908,0.000532208037,-0.000323237,0.00118411884,-0.0136452532,-0.0183876814,-0.000173016474,-0.00101515053,-0.000553016697
0.364,9.35380658e-05,0.00776206515,-0.0335435492,0.0110877633,0.00625918141,0.000744483966,0.000535695628,-0.000324817527,0.00128568292,-0.0139431985,-0.0179873544,-0.000122222293,-0.0010093437,-0.000548487706
0.365,0.000101849562,0.00761977578,-0.0328064759,0.0111015894,0.00617093489,0.000748699156,0.000539037622,-0.000326016438,0.00138262801,-0.0142214283,-0.0175926201,-7.32435718e-05,-0.0010034064,-0.000543865929
0.366,0.000110013165,0.00747673467,-0.0320747925,0.0111093738,0.00608291936,0.000752767162,0.000542233777,-0.00032684362,0.00147499443,-0.0144803627,-0.0172035454,-2.6058272e-05,-0.000997344169,-0.000539156226
0.367,0.000118020979,0.00733310062,-0.0313489337,0.0111113306,0.00599518284,0.000756687028,0.00054528409,-0.000327308929,0.00156282661,-0.0147204302,-0.016820189,1.93566551e-05,-0.00099116258,-0.000534363547
0.368,0.000125865222,0.00718902926,-0.0306293139,0.0111076704,0.00590777179,0.000760458242,0.00054818878,-0.000327422275,0.0016461735,-0.0149420662,-0.0164426014,6.30251608e-05,-0.000984867193,-0.000529492913
0.369,0.00013353803,0.00704467272,-0.0299163267,0.0110986006,0.00582073185,0.000764080872,0.000550948306,-0.000327193848,0.00172508942,-0.0151457131,-0.0160708266,0.000104971911,-0.000978463286,-0.000524549275
0.37,0.000141031456,0.00690017943,-0.0292103451,0.0110843242,0.00573410761,0.000767555495,0.000553563233,-0.000326634175,0.00179963334,-0.0153318192,-0.0157049008,0.000145222598,-0.000971955824,-0.00051953742
0.371,0.000148337407,0.0067556949,-0.0285117193,0.0110650368,0.00564794142,0.000770882876,0.000556034099,-0.000325754091,0.00186986768,-0.0155008382,-0.015344851,0.00018380376,-0.000965349513,-0.000514461952
0.372,0.000155447255,0.00661136238,-0.0278207755,0.0110409217,0.00556227242,0.000774063951,0.000558361332,-0.000324564965,0.0019358585,-0.0156532288,-0.014990694,0.000220741645,-0.000958648708,-0.000509327246
0.373,0.000162352338,0.00646732112,-0.027137818,0.011012155,0.00547713786,0.000777099727,0.000560545367,-0.000323078765,0.00199767491,-0.0157894524,-0.0146424392,0.000256063364,-0.00095185742,-0.000504137504
0.374,0.000169044402,0.00632370514,-0.0264631304,0.0109789103,0.00539257379,0.000779991335,0.000562586716,-0.000321308127,0.00205538888,-0.015909972,-0.0143000901,0.000289797337,-0.000944979319,-0.000498896761
0.375,0.000175516032,0.00618064339,-0.0257969773,0.0109413592,0.00530861454,0.000782739821,0.000564485885,-0.000319266139,0.0021090743,-0.0160152516,-0.0139636454,0.000321973239,-0.000938017941,-0.000493608917
0.376,0.000181760967,0.00603825999,-0.0251396036,0.0108996714,0.00522529164,0.000785345817,0.000566243386,-0.000316966043,0.00215880592,-0.0161057544,-0.0136330975,0.00035262195,-0.000930977069,-0.000488277915
0.377,0.000187773875,0.00589667362,-0.0244912364,0.0108540146,0.00514263428,0.000787809594,0.000567859904,-0.000314421359,0.00220466052,-0.0161819431,-0.0133084336,0.000381775391,-0.000923860613,-0.000482907775
0.378,0.000193550086,0.00575599718,-0.0238520849,0.0108045544,0.00506067007,0.000790131361,0.000569336321,-0.000311645879,0.0022467183,-0.0162442792,-0.0129896366,0.000409466321,-0.00091667244,-0.000477502505
0.379,0.0001990856,0.00561633813,-0.0232223413,0.0107514548,0.00497942495,0.00079231133,0.000570673687,-0.000308653411,0.00228506301,-0.0162932221,-0.0126766853,0.000435727968,-0.000909416459,-0.000472066085
0.38,0.000204377153,0.00547779869,-0.022602182,0.0106948781,0.00489892312,0.000794349727,0.000571873213,-0.000305457518,0.00231978163,-0.0163292292,-0.0123695556,0.000460593801,-0.000902096697,-0.000466602496
0.381,0.000209422355,0.00534047552,-0.0219917678,0.0106349867,0.00481918742,0.000796246805,0.000572936338,-0.000302071392,0.00235096384,-0.016352755,-0.0120682204,0.000484097546,-0.000894717317,-0.000461115749
0.382,0.000214219733,0.00520445946,-0.0213912463,0.0105719461,0.00474023982,0.000798002847,0.000573864844,-0.000298507709,0.0023787009,-0.0163642508,-0.0117726505,0.000506273767,-0.000887282644,-0.000455609901
0.383,0.0002187684,0.00506983683,-0.0208007502,0.010505922,0.00466210108,0.000799618323,0.000574660665,-0.000294778581,0.00240308524,-0.0163641645,-0.0114828137,0.000527157177,-0.000879797006,-0.00045008888
0.384,0.00022306802,0.00493668989,-0.0202203969,0.0104370774,0.00458479078,0.000801093965,0.000575325712,-0.000290895571,0.00242421038,-0.0163529401,-0.0111986754,0.000546782073,-0.000872264595,-0.00044455643
0.385,0.000227118788,0.0048050967,-0.019650288,0.0103655713,0.00450832733,0.000802430709,0.000575861903,-0.000286869838,0.00244217059,-0.0163310167,-0.0109201986,0.000565182404,-0.000864689432,-0.000439016139
0.386,0.000230921363,0.00467513128,-0.01909051,0.0102915589,0.00443272796,0.000803629633,0.000576271169,-0.000282712257,0.00245706053,-0.0162988283,-0.0106473434,0.000582391835,-0.000857075373,-0.000433471448
0.387,0.000234476856,0.00454686385,-0.0185411341,0.010215191,0.00435800853,0.00080469191,0.000576555438,-0.000278433475,0.00246897508,-0.0162568033,-0.0103800671,0.000598443669,-0.000849426214,-0.000427925647
0.388,0.000237786829,0.00442036061,-0.0180022172,0.0101366144,0.00428418388,0.000805618915,0.000576716578,-0.000274043923,0.00247800992,-0.0162053639,-0.0101183247,0.000613370852,-0.000841745629,-0.000422381858
0.389,0.000240853391,0.00429568272,-0.0174738025,0.0100559719,0.00421126831,0.000806412294,0.000576756452,-0.00026955398,0.00248426255,-0.0161449262,-0.00986206933,0.000627206225,-0.000834037072,-0.000416843078
0.39,0.000243679122,0.00417288615,-0.0169559203,0.00997340269,0.00413927516,0.000807073784,0.000576677079,-0.000264974029,0.00248783202,-0.0160758995,-0.00961125176,0.000639982512,-0.000826303962,-0.000411312263
0.391,0.000246266982,0.00405202229,-0.0164485892,0.00988904231,0.00406821615,0.000807605067,0.00057648063,-0.000260314306,0.00248881811,-0.0159986863,-0.0093658194,0.000651732291,-0.00081854991,-0.000405792366
0.392,0.000248620346,0.00393313799,-0.0159518164,0.00980302334,0.00399810143,0.000808007787,0.000576169397,-0.000255584737,0.00248732088,-0.0159136826,-0.00912571642,0.000662488208,-0.000810778679,-0.000400286315
0.393,0.000250742928,0.00381627555,-0.0154655985,0.00971547504,0.00392893971,0.000808283611,0.000575745777,-0.000250794906,0.00248344069,-0.0158212775,-0.00889088397,0.000672282853,-0.000802994088,-0.000394797005
0.394,0.000252638669,0.00370147278,-0.0149899216,0.00962652293,0.00386073827,0.000808434231,0.000575212305,-0.000245954025,0.00247727792,-0.0157218529,-0.00866126016,0.000681148651,-0.000795199978,-0.000389327296
0.395,0.000254311571,0.00358876327,-0.0145247618,0.00953628825,0.00379350306,0.000808461378,0.000574571671,-0.000241070997,0.00246893265,-0.0156157837,-0.00843678054,0.000689117609,-0.000787400156,-0.000383879977
0.396,0.000255765635,0.00347817692,-0.0140700845,0.00944488803,0.00372723897,0.000808366909,0.000573826568,-0.000236154289,0.0024585043,-0.0155034372,-0.008217379,0.0006962211,-0.000779598256,-0.000378457681
0.397,0.000257005019,0.00336974002,-0.0136258452,0.00935243568,0.00366195003,0.000808152837,0.000572979608,-0.000231211846,0.00244609115,-0.0153851731,-0.00800298787,0.000702490086,-0.000771797672,-0.000373062881
0.398,0.000258034093,0.00326347516,-0.0131919894,0.00925904085,0.00359763952,0.000807821292,0.000572033362,-0.000226251215,0.00243179017,-0.0152613433,-0.00779353822,0.000707955071,-0.000764001553,-0.000367697913
0.399,0.000258857398,0.00315940119,-0.0127684532,0.00916480922,0.00353431009,0.000807374486,0.000570990369,-0.00022127973,0.00241569675,-0.0151322913,-0.00758895997,0.000712646157,-0.000756212801,-0.000362364974
0.4,0.000259479632,0.0030575333,-0.0123551633,0.00906984206,0.00347196368,0.000806814681,0.000569853108,-0.000216304643,0.00239790456,-0.014998352,-0.00738918173,0.000716593213,-0.00074843401,-0.000357066093
0.401,0.000259905622,0.00295788356,-0.0119520372,0.00897423432,0.00341060095,0.000806144049,0.00056862387,-0.000211333136,0.00237850514,-0.0148598516,-0.00719413033,0.000719825728,-0.000740667542,-0.000351803162
0.402,0.000260140288,0.00286046159,-0.011558983,0.00887807204,0.00335022032,0.000805364512,0.000567304777,-0.000206372449,0.00235758791,-0.0147171065,-0.00700373017,0.000722372222,-0.000732915698,-0.000346577989
0.403,0.000260188687,0.00276527364,-0.0111759014,0.00878143508,0.00329081872,0.000804477798,0.000565897999,-0.000201429983,0.00233524033,-0.0145704239,-0.00681790383,0.000724260843,-0.000725180765,-0.000341392329
0.404,0.000260055993,0.00267232232,-0.0108026876,0.00868439947,0.00323239209,0.000803485591,0.000564405793,-0.000196513169,0.00231154822,-0.0144201022,-0.00663657277,0.000725519555,-0.000717464985,-0.000336247859
0.405,0.000259747517,0.00258160682,-0.0104392313,0.00858703813,0.00317493545,0.000802389589,0.000562830485,-0.000191629259,0.00228659591,-0.0142664305,-0.00645965773,0.000726175935,-0.000709770615,-0.000331146193
0.406,0.000259268679,0.00249312329,-0.0100854175,0.00848942098,0.00311844287,0.000801191494,0.000561174473,-0.000186785173,0.00226046618,-0.0141096895,-0.00628707906,0.000726256966,-0.000702099958,-0.000326088894
0.407,0.000258624947,0.0024068649,-0.00974112676,0.00839161507,0.00306290773,0.000799893024,0.000559440266,-0.000181987511,0.00223324023,-0.0139501508,-0.00611875718,0.000725788883,-0.000694455331,-0.000321077468
0.408,0.000257821681,0.00232282221,-0.00940623503,0.00829368535,0.00300832294,0.000798495966,0.00055763044,-0.00017724246,0.00220499756,-0.0137880779,-0.00595461254,0.000724797326,-0.000686838919,-0.000316113288
0.409,0.000256864208,0.00224098342,-0.00908061353,0.00819569497,0.00295468114,0.000797002194,0.000555747485,-0.00017255559,0.00217581574,-0.0136237255,-0.00579456646,0.000723307115,-0.000679252711,-0.000311197592
0.41,0.000255757989,0.00216133454,-0.00876412878,0.00809770558,0.0029019748,0.000795413637,0.000553793802,-0.000167931756,0.00214577034,-0.0134573399,-0.00563854166,0.000721342079,-0.000671698572,-0.000306331511
0.411,0.000254508754,0.00208385935,-0.00845664345,0.00799977912,0.00285019649,0.000793732296,0.000551771791,-0.000163375071,0.00211493463,-0.0132891584,-0.00548646228,0.000718925322,-0.000664178329,-0.0003015161
0.412,0.000253122598,0.0020085392,-0.00815801759,0.00790198023,0.0027993391,0.000791960299,0.000549683937,-0.000158888811,0.00208337942,-0.0131194104,-0.00533825341,0.000716079888,-0.000656693915,-0.000296752369
0.413,0.000251605804,0.00193535339,-0.00786810795,0.00780437347,0.00274939564,0.000790099895,0.000547532676,-0.000154475604,0.00205117354,-0.0129483169,-0.00519384125,0.00071282817,-0.000649247231,-0.000292041244
0.414,0.000249964816,0.00186427888,-0.00758676809,0.0077070211,0.00270035908,0.000788153445,0.000545320373,-0.000150137669,0.00201838431,-0.0127760898,-0.00505315322,0.000709191748,-0.000641840077,-0.000287383572
0.415,0.000248206151,0.00179529052,-0.00731384924,0.00760998217,0.00265222204,0.000786123353,0.00054304945,-0.000145877043,0.00198507744,-0.0126029323,-0.00491611725,0.00070519149,-0.000634474269,-0.000282780149
0.416,0.000246336253,0.00172836158,-0.00704920094,0.00751331239,0.00260497646,0.000784012025,0.000540722377,-0.000141695611,0.00195131681,-0.0124290394,-0.00478266107,0.000700847615,-0.000627151712,-0.000278231721
0.417,0.000244361454,0.00166346388,-0.00679267144,0.00741706425,0.00255861362,0.000781821869,0.000538341646,-0.000137595084,0.00191716433,-0.0122545982,-0.00465271217,0.000696179794,-0.000619874349,-0.000273738981
0.418,0.000242287962,0.00160056775,-0.00654410807,0.00732128724,0.00251312425,0.000779555318,0.000535909769,-0.000133576996,0.00188267987,-0.012079788,-0.00452619779,0.000691207247,-0.000612644085,-0.000269302573
0.419,0.000240121825,0.00153964222,-0.00630335747,0.0072260277,0.00246849859,0.000777214807,0.000533429313,-0.000129642756,0.00184792114,-0.0119047808,-0.00440304499,0.000685948727,-0.000605462793,-0.000264923081
0.42,0.000237868802,0.00148065536,-0.00607026527,0.00713132844,0.00242472633,0.000774802719,0.000530902841,-0.000125793667,0.00181294351,-0.0117297412,-0.00428318093,0.000680422371,-0.000598332243,-0.000260601014
0.421,0.00023553431,0.0014235745,-0.00584467545,0.0070372283,0.00238179673,0.000772321367,0.000528332761,-0.000122030863,0.0017777999,-0.0115548263,-0.00416653313,0.00067464568,-0.000591253965,-0.000256336785
0.422,0.000233123474,0.00136836619,-0.00562642989,0.0069437613,0.00233969865,0.000769772957,0.000525721268,-0.000118355384,0.00174254084,-0.0113801859,-0.00405302994,0.000668635267,-0.000584229133,-0.000252130691
0.423,0.000230641249,0.00131499607,-0.0054153691,0.00685095814,0.0022984208,0.00076715962,0.00052307043,-0.000114768154,0.00170721441,-0.0112059619,-0.0039426006,0.000662407181,-0.000577258671,-0.000247982948
0.424,0.000228092483,0.0012634289,-0.00521133272,0.00675884737,0.00225795187,0.000764483428,0.00052038222,-0.000111269965,0.00167186618,-0.0110322892,-0.00383517539,0.00065597701,-0.000570343317,-0.000243893689
0.425,0.000225481984,0.00121362869,-0.00501415992,0.00666745585,0.00221828055,0.000761746391,0.000517658485,-0.000107861414,0.00163653927,-0.0108592954,-0.00373068563,0.000649359873,-0.000563483663,-0.000239862994
0.426,0.000222814603,0.00116555896,-0.00482369005,0.00657680894,0.00217939522,0.00075895047,0.000514901006,-0.000104542862,0.00160127434,-0.0106871013,-0.00362906317,0.000642570531,-0.000556680299,-0.000235890912
0.427,0.00022009525,0.00111918277,-0.00463976343,0.00648693011,0.002141284,0.000756097586,0.000512111591,-0.000101314588,0.00156610988,-0.0105158207,-0.00353024062,0.000635623244,-0.000549933882,-0.000231977466
0.428,0.000217328782,0.00107446274,-0.00446222168,0.0063978409,0.00210393473,0.000753189633,0.000509292076,-9.81768326e-05,0.00153108246,-0.0103455611,-0.0034341515,0.000628531724,-0.000543245111,-0.000228122634
0.429,0.000214519954,0.0010313612,-0.00429090792,0.00630956097,0.00206733504,0.000750228509,0.000506444306,-9.51297422e-05,0.00149622679,-0.0101764235,-0.00334073018,0.000621309154,-0.000536614715,-0.000224326356
0.43,0.000211673388,0.00098984033,-0.0041256669,0.00622210823,0.00203147232,0.000747216111,0.000503570137,-9.21733184e-05,0.00146157581,-0.010008503,-0.00324991194,0.00061396815,-0.000530043451,-0.000220588539
0.431,0.000208793552,0.000949862095,-0.00396634506,0.00613549895,0.00199633393,0.000744154343,0.000500671457,-8.93074585e-05,0.00142716077,-0.00984188915,-0.00316163308,0.000606520739,-0.00052353208,-0.00021690905
0.432,0.000205884649,0.0009113883,-0.00381279024,0.00604974835,0.00196190729,0.000741045117,0.000497750149,-8.65319338e-05,0.00139301119,-0.00967666596,-0.00307583081,0.000598978546,-0.000517081247,-0.000213287682
0.433,0.000202950633,0.000874380645,-0.00366485122,0.00596487066,0.00192818005,0.000737890323,0.000494807989,-8.38462758e-05,0.00135915475,-0.00951291204,-0.0029924435,0.000591352728,-0.000510691434,-0.000209724177
0.434,0.000199995282,0.000838800812,-0.00352237765,0.00588087905,0.00189514001,0.000734691801,0.000491846651,-8.12497645e-05,0.00132561725,-0.00935070049,-0.00291141084,0.000583653923,-0.000504363002,-0.000206218247
0.435,0.000197022237,0.000804610513,-0.00338522022,0.00579778559,0.00186277516,0.00073145133,0.000488867723,-7.87414913e-05,0.0012924226,-0.00919009903,-0.00283267377,0.000575892288,-0.000498096201,-0.000202769562
0.436,0.000194035003,0.000771771539,-0.00325323073,0.00571560129,0.00183107359,0.000728170636,0.000485872702,-7.63203932e-05,0.00125959285,-0.00903117008,-0.00275617439,0.000568077562,-0.000491891182,-0.000199377752
0.437,0.000191036981,0.000740245802,-0.00312626237,0.00563433603,0.0018000235,0.000724851404,0.000482862983,-7.39852423e-05,0.00122714824,-0.00887397085,-0.00268185593,0.000560219072,-0.000485748011,-0.000196042421
0.438,0.000188031562,0.000709995377,-0.0030041703,0.0055539982,0.00176961318,0.000721495282,0.00047983991,-7.17347068e-05,0.00119510748,-0.00871855334,-0.00260966316,0.000552325573,-0.000479666768,-0.000192763168
0.439,0.000185022092,0.000680982668,-0.0028868122,0.00547459482,0.0017398308,0.000718103926,0.000476804858,-6.95674304e-05,0.00116348781,-0.00856496492,-0.00253954182,0.000544405365,-0.000473647592,-0.000189539565
0.44,0.000182011815,0.000653170534,-0.00277404842,0.00539613187,0.00171066449,0.000714678996,0.000473759211,-6.74820116e-05,0.00113230519,-0.00841324863,-0.00247143856,0.000536466313,-0.00046769068,-0.000186371155
0.441,0.000179003869,0.00062652228,-0.00266574225,0.00531861484,0.00168210242,0.000711222192,0.000470704375,-6.54769316e-05,0.00110157429,-0.00826344356,-0.00240530092,0.000528515907,-0.000461796283,-0.00018325747
0.442,0.00017600129,0.0006010016,-0.00256176008,0.00524204938,0.00165413295,0.000707735288,0.000467641826,-6.35505214e-05,0.00107130862,-0.00811558522,-0.00234107723,0.000520561412,-0.000455964743,-0.000180198035
0.443,0.000173006945,0.000576572595,-0.00246197102,0.00516644072,0.0016267446,0.000704220087,0.000464573062,-6.17010327e-05,0.0010415206,-0.00796970552,-0.00227871682,0.000512609717,-0.000450196393,-0.000177192345
0.444,0.000170023455,0.000553199798,-0.00236624623,0.00509179346,0.00159992615,0.000700678359,0.000461499518,-5.99266221e-05,0.00101222142,-0.00782583276,-0.00221817012,0.000504667341,-0.000444491467,-0.000174239863
0.445,0.000167053225,0.000530848181,-0.00227445872,0.00501811151,0.00157366658,0.000697111818,0.000458422529,-5.8225306e-05,0.000983421011,-0.00768399157,-0.00215938865,0.000496740455,-0.000438850087,-0.000171340038
0.446,0.000164098503,0.000509483158,-0.00218648336,0.00494539799,0.00154795512,0.000693522114,0.000455343349,-5.65950038e-05,0.000955127996,-0.00754420295,-0.0021023251,0.00048883489,-0.000433272284,-0.000168492307
0.447,0.000161161401,0.000489070609,-0.00210219697,0.00487365529,0.0015227812,0.000689910824,0.00045226315,-5.50335914e-05,0.000927349751,-0.00740648443,-0.00204693327,0.000480956166,-0.000427758002,-0.000165696091
0.448,0.000158243909,0.000469576961,-0.00202147849,0.0048028851,0.00149813446,0.00068627945,0.00044918301,-5.35389102e-05,0.00090009239,-0.00727085009,-0.00199316803,0.000473109539,-0.000422307103,-0.00016295081
0.449,0.000155347951,0.000450969297,-0.00194420934,0.0047330884,0.00147400456,0.000682629471,0.00044610396,-5.21087793e-05,0.000873360806,-0.00713731109,-0.00194098476,0.000465300137,-0.000416919428,-0.000160255879
0.45,0.00015247542,0.000433215426,-0.0018702738,0.004664265,0.00145038114,0.000678962344,0.000443027031,-5.07411102e-05,0.00084715887,-0.00700587576,-0.00189033962,0.000457532856,-0.00041159483,-0.000157610704
0.451,0.000149628118,0.000416283983,-0.00179955897,0.00459641279,0.00142725374,0.000675279466,0.000439953221,-4.94339859e-05,0.000821489517,-0.00687654959,-0.00184118978,0.000449812246,-0.000406333151,-0.000155014667
0.452,0.00014680771,0.000400144517,-0.00173195443,0.00452952718,0.00140461173,0.000671582123,0.000436883441,-4.81856791e-05,0.000796354799,-0.00674933527,-0.00179349356,0.000442142351,-0.000401134154,-0.000152467124
0.453,0.000144015751,0.000384767402,-0.0016673525,0.00446360198,0.00138244439,0.000667871549,0.000433818576,-4.69945818e-05,0.000771755884,-0.0066242331,-0.00174721021,0.000434526941,-0.000395997573,-0.00014996741
0.454,0.000141253684,0.000370123809,-0.00160564829,0.00439863009,0.00136074102,0.000664148937,0.000430759505,-4.58591641e-05,0.000747693096,-0.00650124125,-0.00170229976,0.000426969551,-0.000390923136,-0.000147514841
0.455,0.000138522787,0.00035618568,-0.00154673928,0.00433460397,0.00133949106,0.000660415412,0.000427707058,-4.47779177e-05,0.000724165874,-0.00638035575,-0.00165872315,0.000419473483,-0.000385910542,-0.000145108728
0.456,0.000135824185,0.000342925587,-0.00149052514,0.00427151589,0.00131868415,0.000656672033,0.000424661994,-4.37492878e-05,0.000701172759,-0.00626157052,-0.00161644219,0.000412041859,-0.00038095941,-0.000142748377
0.457,0.000133158889,0.000330316643,-0.00143690765,0.004209358,0.00129831023,0.000652919796,0.00042162501,-4.277167e-05,0.000678711477,-0.00614487734,-0.00157541968,0.000404677611,-0.000376069291,-0.000140433094
0.458,0.000130527804,0.00031833255,-0.00138579073,0.00414812235,0.00127835945,0.000649159647,0.000418596746,-4.18434211e-05,0.000656779021,-0.00603026594,-0.00153561938,0.000397383449,-0.0003712397,-0.000138162182
0.459,0.000127931729,0.000306947613,-0.00133708046,0.00408780088,0.00125882221,0.000645392491,0.000415577784,-4.09628446e-05,0.000635371693,-0.00591772409,-0.00149700597,0.000390161884,-0.000366470109,-0.000135934941
0.46,0.000125371412,0.000296136733,-0.00129068539,0.00402838541,0.00123968923,0.000641619212,0.000412568661,-4.01281876e-05,0.000614485299,-0.0058072376,-0.00145954543,0.000383015113,-0.000361759993,-0.000133750689
0.461,0.000122847596,0.000285875459,-0.00124651698,0.00396986795,0.00122095143,0.000637840743,0.000409569938,-3.93376536e-05,0.000594115306,-0.00569879078,-0.0014232047,0.000375945111,-0.000357108886,-0.000131608746
0.462,0.000120360998,0.000276140065,-0.00120448985,0.00391224129,0.00120259997,0.000634058126,0.000406582254,-3.85893941e-05,0.000574256882,-0.00559236692,-0.00138795125,0.000368953822,-0.000352516429,-0.000129508436
0.463,0.000117912277,0.000266907651,-0.00116452158,0.00385549836,0.00118462616,0.000630272442,0.00040360626,-3.78815324e-05,0.00055490496,-0.00548794822,-0.00135375328,0.000362042981,-0.000347982332,-0.000127449093
0.464,0.000115502021,0.000258156116,-0.00112653247,0.00379963186,0.00116702145,0.000626484786,0.000400642611,-3.72121988e-05,0.000536054303,-0.00538551575,-0.00132057994,0.000355214036,-0.000343506353,-0.000125430058
0.465,0.000113130728,0.000249863971,-0.00109044535,0.00374463429,0.00114977753,0.000622696269,0.000397691961,-3.65795711e-05,0.0005176995,-0.00528504958,-0.0012884012,0.000348468285,-0.000339088224,-0.000123450657
0.466,0.000110798764,0.000242010232,-0.00105618528,0.00369049813,0.00113288638,0.000618907992,0.000394754941,-3.59818727e-05,0.000499834838,-0.00518652885,-0.00125718768,0.000341806988,-0.00033472759,-0.000121510201
0.467,0.000108506373,0.000234574482,-0.00102367928,0.00363721573,0.00111634023,0.000615121002,0.00039183212,-3.54173344e-05,0.00048245425,-0.0050899316,-0.00122691085,0.000335231252,-0.000330424053,-0.000119608015
0.468,0.000106253712,0.000227536894,-0.000992856341,0.00358477928,0.00110013149,0.000611336286,0.000388924016,-3.48841994e-05,0.000465551297,-0.00499523481,-0.00119754296,0.000328742031,-0.000326177182,-0.000117743438
0.469,0.000104040872,0.000220878203,-0.000963647372,0.00353318081,0.0010842528,0.000607554765,0.000386031096,-3.43807461e-05,0.00044911915,-0.00490241451,-0.00116905705,0.000322340183,-0.000321986501,-0.000115915813
0.47,0.000101867885,0.000214579816,-0.000935985282,0.00348241215,0.00106869695,0.000603777284,0.00038315377,-3.39052875e-05,0.000433150574,-0.00481144581,-0.00114142684,0.00031602648,-0.000317851508,-0.000114124504
0.471,9.9734748e-05,0.000208623931,-0.000909805081,0.00343246475,0.00105345669,0.000600004656,0.000380292423,-3.34561707e-05,0.000417637998,-0.0047223032,-0.00111462641,0.000309801608,-0.000313771717,-0.000112368879
0.472,9.76414471e-05,0.000202993522,-0.000885044003,0.00338332939,0.0010385248,0.000596237649,0.000377447411,-3.30318309e-05,0.000402573671,-0.00463496051,-0.00108863065,0.000303666056,-0.000309746654,-0.00011064831
0.473,9.55879377e-05,0.000197672234,-0.00086164156,0.00333499642,0.00102389416,0.000592477017,0.000374619082,-3.26307996e-05,0.0003879497,-0.00454939108,-0.00106341517,0.000297620215,-0.000305775839,-0.000108962164
0.474,9.35741396e-05,0.000192644335,-0.000839539512,0.00328745593,0.00100955777,0.000588723521,0.000371807787,-3.22516862e-05,0.000373758043,-0.00446556791,-0.00103895614,0.000291664448,-0.000301858771,-0.000107309798
0.475,9.15999473e-05,0.000187894755,-0.000818681774,0.00324069772,0.000995508675,0.000584977918,0.00036901388,-3.18931616e-05,0.000359990533,-0.00438346375,-0.00101523032,0.00028579905,-0.000297994953,-0.000105690566
0.476,8.96652181e-05,0.000183409201,-0.0007990142,0.00319471127,0.000981739921,0.000581240898,0.000366237684,-3.1553948e-05,0.000346638857,-0.00430305099,-0.000992215176,0.000280024102,-0.000294183939,-0.000104103838
0.477,8.77697497e-05,0.000179174049,-0.000780484358,0.00314948591,0.000968244625,0.000577513069,0.000363479479,-3.12328031e-05,0.000333694483,-0.00422430162,-0.000969888782,0.000274339554,-0.000290425295,-0.000102549009
0.478,8.59132911e-05,0.000175176146,-0.00076304144,0.00310501095,0.000955016068,0.000573794984,0.000360739506,-3.09285159e-05,0.000321148666,-0.00414718733,-0.000948229736,0.000268745359,-0.000286718524,-0.000101025473
0.479,8.40955487e-05,0.000171402793,-0.000746636239,0.00306127571,0.000942047704,0.00057008715,0.000358017975,-3.06399121e-05,0.000308992542,-0.00407167955,-0.000927217197,0.000263241401,-0.000283063113,-9.95326386e-05
0.48,8.23161749e-05,0.000167841737,-0.000731221116,0.00301826948,0.00092933316,0.000566390042,0.00035531506,-3.03658628e-05,0.000297217185,-0.00399774944,-0.000906830889,0.00025782747,-0.000279458534,-9.80699276e-05
0.481,8.05747751e-05,0.000164481008,-0.000716749991,0.00297598133,0.000916866351,0.000562704122,0.000352630905,-3.01053098e-05,0.000285813677,-0.00392536789,-0.000887051312,0.00025250334,-0.000275904174,-9.66367571e-05
0.482,7.8870933e-05,0.000161308951,-0.000703178373,0.00293439987,0.000904641437,0.000559029836,0.000349965621,-2.98572809e-05,0.000274773216,-0.00385450558,-0.000867859873,0.000247268698,-0.000272399346,-9.52325289e-05
0.483,7.72042194e-05,0.000158314472,-0.000690463464,0.0028935134,0.000892652621,0.000555367632,0.000347319306,-2.96208669e-05,0.000264087132,-0.00378513321,-0.000849238567,0.000242123098,-0.000268943393,-9.38566425e-05
0.484,7.55741927e-05,0.00015548713,-0.000678564181,0.00285331002,0.000880894111,0.000551717955,0.000344692044,-2.93952029e-05,0.000253746867,-0.00371722157,-0.000831169908,0.000237065963,-0.000265535715,-9.25085093e-05
0.485,7.39804037e-05,0.000152817042,-0.000667441137,0.00281377783,0.000869360193,0.000548081239,0.000342083911,-2.91794618e-05,0.000243743977,-0.00365074154,-0.000813636972,0.000232096614,-0.000262175758,-9.11875519e-05
0.486,7.24223875e-05,0.000150294737,-0.000657056568,0.00277490505,0.000858045303,0.000544457927,0.000339494983,-2.89728577e-05,0.000234070111,-0.00358566422,-0.000796623304,0.000227214354,-0.000258862964,-8.98931939e-05
0.487,7.0899633e-05,0.000147911102,-0.000647374208,0.00273668014,0.000846944078,0.000540848464,0.00033692535,-2.87746482e-05,0.000224716949,-0.00352196087,-0.00078011279,0.000222418543,-0.000255596718,-8.86248579e-05
0.488,6.94115703e-05,0.000145657406,-0.000638359193,0.00269909172,0.000836051421,0.000537253247,0.000334375096,-2.8584123e-05,0.000215676192,-0.00345960274,-0.000764089976,0.000217708478,-0.000252376379,-8.73820015e-05
0.489,6.79575863e-05,0.000143525286,-0.000629978017,0.00266212859,0.00082536247,0.000533672634,0.000331844304,-2.84005863e-05,0.000206939558,-0.00339856107,-0.000748540051,0.000213083392,-0.000249201273,-8.61641105e-05
0.49,6.65370382e-05,0.000141506748,-0.000622198584,0.00262577992,0.000814872631,0.000530106941,0.000329333064,-2.82233535e-05,0.000198498829,-0.00333880715,-0.00073344882,0.000208542512,-0.000246070688,-8.49706891e-05
0.491,6.51492805e-05,0.000139594341,-0.000614990323,0.00259003553,0.000804577475,0.000526556477,0.000326841477,-2.80517227e-05,0.000190345941,-0.00328031257,-0.00071880244,0.00020408502,-0.000242983963,-8.38012699e-05
0.492,6.37937197e-05,0.000137781115,-0.00060832424,0.00255488642,0.000794472533,0.000523021639,0.000324369663,-2.78849058e-05,0.000182473018,-0.00322304957,-0.000704586837,0.000199710124,-0.000239940628,-8.26553924e-05
0.493,6.24698415e-05,0.000136060396,-0.000602172607,0.00252032454,0.000784553309,0.000519502892,0.000321917691,-2.77220462e-05,0.000174872458,-0.00316699108,-0.000690787895,0.000195417047,-0.000236940356,-8.15325612e-05
0.494,6.11771928e-05,0.00013442568,-0.000596508796,0.00248634238,0.000774815345,0.000516000761,0.000319485564,-2.75622709e-05,0.00016753699,-0.00311211062,-0.000677391608,0.000191205068,-0.000233982882,-8.04322216e-05
0.495,5.99153761e-05,0.000132870601,-0.000591307136,0.00245293282,0.000765254163,0.000512515826,0.000317073217,-2.74046981e-05,0.000160459566,-0.00305838234,-0.000664384013,0.000187073511,-0.000231068,-7.93537662e-05
0.496,5.86840324e-05,0.000131388925,-0.000586542844,0.00242008884,0.000755865191,0.00050904868,0.000314680524,-2.72484221e-05,0.000153633131,-0.00300578081,-0.000651751269,0.000183021703,-0.000228195555,-7.82965671e-05
0.497,5.74827661e-05,0.000129974829,-0.000582192362,0.00238780297,0.000746644051,0.000505599831,0.00031230738,-2.70926069e-05,0.000147050583,-0.00295428052,-0.000639480437,0.000179048837,-0.000225365346,-7.72600687e-05
0.498,5.6311075e-05,0.000128623091,-0.000578233624,0.00235606692,0.00073758671,0.000502169689,0.000309953806,-2.6936564e-05,0.000140704689,-0.00290385572,-0.000627559628,0.000175154035,-0.000222576983,-7.62438185e-05
0.499,5.51683461e-05,0.000127329005,-0.000574645969,0.00232487162,0.000728689429,0.000498758533,0.000307619955,-2.67797324e-05,0.000134587942,-0.00285448043,-0.000615977916,0.000171336362,-0.000219829896,-7.52474833e-05
0.5,5.40538469e-05,0.000126088395,-0.000571410026,0.00229420709,0.000719948729,0.000495366522,0.000305306109,-2.66216766e-05,0.000128692666,-0.00280612845,-0.000604725339,0.000167594732,-0.000217123392,-7.42708558e-05
0.501,5.29667327e-05,0.000124897479,-0.000568507487,0.00226406244,0.000711361496,0.000491993727,0.000303012642,-2.64621397e-05,0.000123011316,-0.00275877348,-0.000593792986,0.000163927992,-0.000214456597,-7.33137936e-05
0.502,5.19061338e-05,0.000123752378,-0.000565920383,0.00223442622,0.000702924791,0.000488640141,0.000300739859,-2.63009768e-05,0.00011753655,-0.00271238958,-0.000583172511,0.000160335049,-0.000211828501,-7.23761009e-05
0.503,5.08712604e-05,0.000122648987,-0.000563630778,0.00220528727,0.000694635487,0.000485305777,0.000298487891,-2.61380283e-05,0.000112261281,-0.0026669517,-0.000572855322,0.000156814879,-0.000209238206,-7.14574832e-05
0.504,4.98614308e-05,0.000121583245,-0.000561620951,0.00217663502,0.000686490236,0.000481990702,0.000296256689,-2.59731061e-05,0.000107178867,-0.00262243579,-0.000562832464,0.000153366431,-0.00020668502,-7.05575575e-05
0.505,4.88760804e-05,0.000120551194,-0.000559873511,0.00214845962,0.000678485543,0.000478695032,0.00029404603,-2.58060018e-05,0.000102283115,-0.00257881876,-0.000553094696,0.000149988695,-0.000204168413,-6.96758487e-05
0.506,4.79147499e-05,0.00011954898,-0.000558371499,0.00212075188,0.00067061779,0.000475418914,0.000291855544,-2.56364634e-05,9.75681129e-05,-0.00253607841,-0.000543632522,0.000146680716,-0.000201687992,-6.88118181e-05
0.507,4.6977023e-05,0.000118573107,-0.00055709877,0.00209350291,0.000662883355,0.000472162545,0.000289684845,-2.54642341e-05,9.30282125e-05,-0.0024941932,-0.000534436434,0.000143441572,-0.000199243392,-6.79649111e-05
0.508,4.60624721e-05,0.000117620569,-0.000556040288,0.00206670369,0.000655278841,0.000468926124,0.00028753363,-2.52891106e-05,8.86580451e-05,-0.00245314185,-0.000525497538,0.000140270291,-0.000196834215,-6.71346277e-05
0.509,4.51706438e-05,0.000116688698,-0.000555182042,0.00204034508,0.000647801065,0.000465709843,0.000285401693,-2.51109409e-05,8.44523496e-05,-0.00241290331,-0.000516807568,0.000137165916,-0.00019445999,-6.63205169e-05
0.51,4.43010692e-05,0.000115775041,-0.000554510945,0.00201441783,0.000640447012,0.000462513873,0.000283288928,-2.49296062e-05,8.04058888e-05,-0.0023734568,-0.000508358787,0.000134127569,-0.000192120155,-6.55221674e-05
0.511,4.34532744e-05,0.000114877498,-0.000554014764,0.00198891266,0.000633213676,0.000459338343,0.000281195307,-2.47450106e-05,7.6513425e-05,-0.00233478177,-0.000500143841,0.000131154297,-0.000189814169,-6.47392235e-05
0.512,4.26267884e-05,0.000113994345,-0.000553681966,0.00196382059,0.000626097949,0.000456183325,0.000279120814,-2.45570618e-05,7.27696281e-05,-0.00229685794,-0.000492155511,0.000128245003,-0.000187541611,-6.39713898e-05
0.513,4.18211268e-05,0.000113123949,-0.000553501479,0.00193913304,0.000619096743,0.000453048826,0.000277065392,-2.43656705e-05,6.91690325e-05,-0.00225966534,-0.000484386673,0.000125398628,-0.000185302067,-6.32183768e-05
0.514,4.10357936e-05,0.000112264605,-0.000553462632,0.0019148418,0.000612207132,0.000449934819,0.000275028952,-2.41707587e-05,6.57061521e-05,-0.00222318432,-0.000476830379,0.000122614212,-0.000183095072,-6.24798823e-05
0.515,4.02702645e-05,0.000111414616,-0.000553555149,0.00189093902,0.000605426337,0.000446841264,0.000273011367,-2.39722615e-05,6.23755628e-05,-0.00218739554,-0.000469479857,0.000119890795,-0.000180920151,-6.17556027e-05
0.516,3.95240077e-05,0.000110572259,-0.000553769177,0.00186741704,0.000598751788,0.000443768133,0.000271012484,-2.37701282e-05,5.91720005e-05,-0.00215228004,-0.000462328624,0.000117227472,-0.000178776787,-6.10452239e-05
0.517,3.8796508e-05,0.000109735764,-0.000554095348,0.00184426834,0.000592181124,0.000440715422,0.000269032157,-2.35643017e-05,5.60904904e-05,-0.00211781929,-0.000455370659,0.000114623392,-0.000176664434,-6.03484355e-05
0.518,3.80873144e-05,0.000108903508,-0.000554524813,0.00182148533,0.000585711988,0.00043768318,0.000267070261,-2.33547225e-05,5.31264138e-05,-0.00208399533,-0.000448600165,0.000112077664,-0.000174582587,-5.9664925e-05
0.519,3.73960525e-05,0.000108074166,-0.000555049258,0.0017990604,0.000579341935,0.000434671477,0.000265126675,-2.31413324e-05,5.02754831e-05,-0.00205079078,-0.000442011551,0.000109589265,-0.000172530844,-5.89944019e-05
0.52,3.67223483e-05,0.00010724665,-0.000555660903,0.00177698589,0.000573068533,0.000431680411,0.000263201301,-2.29240708e-05,4.75337364e-05,-0.00201818878,-0.000435599469,0.000107157084,-0.000170508877,-5.83365976e-05
0.521,3.60658277e-05,0.000106419831,-0.000556352446,0.00175525439,0.000566889523,0.000428710136,0.000261294076,-2.2702887e-05,4.48974965e-05,-0.00198617308,-0.000429358726,0.000104780111,-0.000168516311,-5.7691229e-05
0.522,3.5426104e-05,0.000105592482,-0.000557116979,0.0017338588,0.000560802907,0.000425760844,0.000259404947,-2.24777679e-05,4.236325e-05,-0.00195472793,-0.000423284272,0.000102457517,-0.000166552676,-5.70579887e-05
0.523,3.48027483e-05,0.000104763419,-0.000557947901,0.00171279227,0.000554806883,0.000422832698,0.000257533844,-2.22487378e-05,3.99275539e-05,-0.00192383785,-0.000417371281,0.000100188469,-0.000164617478,-5.64365831e-05
0.524,3.41953089e-05,0.000103931506,-0.000558838866,0.00169204817,0.000548899769,0.000419925813,0.000255680679,-2.20158369e-05,3.75869603e-05,-0.00189348759,-0.000411615144,9.79721324e-05,-0.00016271021,-5.58267343e-05
0.525,3.3603323e-05,0.000103095706,-0.000559783777,0.00167162001,0.000543079961,0.000417040231,0.000253845336,-2.17791333e-05,3.53379892e-05,-0.00186366212,-0.000406011452,9.58077032e-05,-0.000160830343,-5.52281763e-05
0.526,3.30263473e-05,0.00010225523,-0.000560776826,0.00165150139,0.000537345757,0.000414175953,0.000252027681,-2.1538689e-05,3.31771456e-05,-0.00183434672,-0.000400555786,9.36943163e-05,-0.0001589774,-5.46406672e-05
0.527,3.24639894e-05,0.000101409462,-0.000561812527,0.00163168592,0.000531695334,0.000411332973,0.000250227586,-2.12945547e-05,3.11010389e-05,-0.00180552713,-0.000395243721,9.16310531e-05,-0.000157150979,-5.40639819e-05
0.528,3.19159104e-05,0.000100557819,-0.000562885713,0.00161216724,0.000526126869,0.000408511312,0.000248444938,-2.10467906e-05,2.91064641e-05,-0.00177718961,-0.000390070948,8.9617078e-05,-0.000155350685,-5.34978879e-05
0.529,3.13818101e-05,9.96997002e-05,-0.000563991485,0.00159293901,0.000520638566,0.000405711029,0.000246679652,-2.07954766e-05,2.71903986e-05,-0.00174932095,-0.000385033256,8.76517203e-05,-0.000153576083,-5.29421274e-05
0.53,3.08614326e-05,9.88345997e-05,-0.000565125128,0.0015739948,0.000515228523,0.000402932181,0.000244931646,-2.05406979e-05,2.53499303e-05,-0.0017219084,-0.000380126508,8.57343281e-05,-0.000151826765,-5.23964379e-05
0.531,3.03545433e-05,9.79622756e-05,-0.000566281998,0.00155532799,0.000509894678,0.00040017474,0.000243200804,-2.02825598e-05,2.35821553e-05,-0.00169493936,-0.000375346787,8.38640611e-05,-0.000150102432,-5.18606011e-05
0.532,2.9860896e-05,9.70826729e-05,-0.000567457449,0.0015369318,0.000504634898,0.00039743857,0.000241486957,-2.00212007e-05,2.18840844e-05,-0.00166840136,-0.00037069037,8.20400113e-05,-0.000148402794,-5.13344152e-05
0.533,2.9380224e-05,9.61957527e-05,-0.000568646869,0.00151879952,0.000499447108,0.00039472347,0.000239789917,-1.97567844e-05,2.02526694e-05,-0.00164228213,-0.000366153688,8.0261312e-05,-0.000146727516,-5.08176806e-05
0.534,2.89122326e-05,9.53014903e-05,-0.000569845747,0.00150092454,0.00049432935,0.000392029217,0.000238109479,-1.94894914e-05,1.86848927e-05,-0.0016165696,-0.000361733284,7.85270445e-05,-0.000145076271,-5.0310216e-05
0.535,2.84565923e-05,9.43997196e-05,-0.000571049722,0.0014833005,0.000489279945,0.000389355623,0.000236445447,-1.92195223e-05,1.71778958e-05,-0.00159125207,-0.000357425913,7.68364049e-05,-0.000143448652,-4.98118279e-05
0.536,2.80129647e-05,9.34900093e-05,-0.000572254614,0.00146592122,0.000484297549,0.000386702566,0.000234797655,-1.89470829e-05,1.57291141e-05,-0.00156631832,-0.000353228639,7.51888196e-05,-0.000141844128,-4.93222881e-05
0.537,2.75810401e-05,9.25719298e-05,-0.00057345646,0.00144878059,0.000479380895,0.000384069999,0.000233165966,-1.86723607e-05,1.43362856e-05,-0.00154175759,-0.000349138677,7.35837059e-05,-0.000140262191,-4.88413682e-05
0.538,2.71605477e-05,9.16452769e-05,-0.000574651513,0.00143187248,0.000474528638,0.000381457899,0.00023155024,-1.8395523e-05,1.29973837e-05,-0.00151755948,-0.000345153339,7.20203249e-05,-0.000138702439,-4.83688679e-05
0.539,2.67512558e-05,9.07099832e-05,-0.000575836223,0.00141519077,0.0004697394,0.000378866257,0.000229950346,-1.81167235e-05,1.17105782e-05,-0.00149371396,-0.000341270072,7.04978773e-05,-0.000137164534,-4.79046056e-05
0.54,2.63529515e-05,8.97659967e-05,-0.000577007201,0.00139872946,0.000465011843,0.000376295093,0.000228366162,-1.78361188e-05,1.04741788e-05,-0.00147021141,-0.000337486368,6.90156231e-05,-0.000135648131,-4.74483903e-05
0.541,2.59654073e-05,8.88132489e-05,-0.000578161161,0.00138248273,0.000460344745,0.000373744431,0.000226797577,-1.75538857e-05,9.28655017e-06,-0.00144704254,-0.000333799752,6.75729114e-05,-0.000134152838,-4.70000204e-05
0.542,2.55883634e-05,8.78516325e-05,-0.000579294848,0.00136644489,0.000455737024,0.000371214263,0.000225244465,-1.72702227e-05,8.14606203e-06,-0.00142419832,-0.00033020787,6.61691329e-05,-0.000132678236,-4.65593008e-05
0.543,2.52215415e-05,8.68809477e-05,-0.000580405001,0.00135061041,0.000451187709,0.000368704542,0.000223706696,-1.6985348e-05,7.05104669e-06,-0.00140166993,-0.000326708493,6.48037961e-05,-0.000131223842,-4.61260262e-05
0.544,2.486466e-05,8.59010652e-05,-0.000581488359,0.00133497384,0.00044669579,0.000366215147,0.000222184119,-1.66994952e-05,5.99973803e-06,-0.0013794487,-0.000323299453,6.34764165e-05,-0.000129789181,-4.5700002e-05
0.545,2.45174641e-05,8.4912126e-05,-0.000582541705,0.0013195297,0.000442260016,0.000363745889,0.000220676551,-1.64128854e-05,4.99025549e-06,-0.00135752607,-0.000319978497,6.21862989e-05,-0.000128373909,-4.52810804e-05
0.546,2.4179739e-05,8.39143928e-05,-0.000583561897,0.00130427251,0.000437878969,0.000361296554,0.000219183804,-1.6125727e-05,4.02071348e-06,-0.00133589368,-0.000316743382,6.09326782e-05,-0.000126977762,-4.48691332e-05
0.547,2.3851297e-05,8.29080823e-05,-0.000584545876,0.00128919683,0.000433551238,0.000358866946,0.000217705706,-1.58382285e-05,3.08932623e-06,-0.0013145435,-0.000313591962,5.9714918e-05,-0.000125600447,-4.44640129e-05
0.548,2.35319664e-05,8.18933732e-05,-0.000585490676,0.00127429729,0.000429275437,0.000356456912,0.0002162421,-1.55505921e-05,2.19444201e-06,-0.00129346785,-0.000310522167,5.85324614e-05,-0.000124241657,-4.40655573e-05
0.549,2.32215878e-05,8.08704282e-05,-0.000586393405,0.0012595686,0.000425050206,0.000354066318,0.00021479284,-1.52630109e-05,1.33452874e-06,-0.00127265931,-0.000307532045,5.73847555e-05,-0.000122901097,-4.3673605e-05
0.55,2.29199976e-05,7.98394191e-05,-0.00058725123,0.00124500558,0.000420874257,0.000351695005,0.000213357768,-1.49756825e-05,5.08117331e-07,-0.00125211065,-0.000304619823,5.62712306e-05,-0.000121578488,-4.32880078e-05
0.551,2.26270252e-05,7.88005497e-05,-0.000588061427,0.00123060332,0.000416746357,0.000349342796,0.000211936721,-1.46888062e-05,-2.86261192e-07,-0.00123181481,-0.000301783768,5.51913033e-05,-0.000120273552,-4.2908626e-05
0.552,2.23424966e-05,7.77540779e-05,-0.000588821453,0.00121635721,0.000412665336,0.000347009526,0.000210529547,-1.44025749e-05,-1.05007012e-06,-0.00121176494,-0.000299022119,5.41443061e-05,-0.000118986069,-4.25353483e-05
0.553,2.20662191e-05,7.67002376e-05,-0.000589528919,0.00120226295,0.000408630203,0.000344695056,0.000209136097,-1.41171798e-05,-1.78467599e-06,-0.00119195442,-0.000296333159,5.31295697e-05,-0.000117715813,-4.21680725e-05
0.554,2.17979778e-05,7.56390537e-05,-0.000590181549,0.00118831646,0.00040464028,0.000342399314,0.000207756259,-1.38328125e-05,-2.4912145e-06,-0.00117237708,-0.000293715365,5.21466566e-05,-0.000116462432,-4.18066564e-05
0.555,2.15375579e-05,7.45704399e-05,-0.000590777172,0.00117451379,0.000400695082,0.000340122301,0.000206389947,-1.35496491e-05,-3.17057439e-06,-0.00115302716,-0.000291167346,5.11952488e-05,-0.000115225518,-4.14509356e-05
0.556,2.12847623e-05,7.34944156e-05,-0.000591313717,0.00116085102,0.000396794126,0.000337864059,0.000205037082,-1.32678458e-05,-3.82349121e-06,-0.00113389915,-0.000288687752,5.02749421e-05,-0.000114004727,-4.11007631e-05
0.557,2.10394199e-05,7.2411112e-05,-0.000591789165,0.0011473242,0.00039293687,0.000335624638,0.000203697583,-1.29875471e-05,-4.45061664e-06,-0.00111498779,-0.00028627529,4.93852798e-05,-0.000112799767,-4.07560056e-05
0.558,2.0801381e-05,7.13207334e-05,-0.000592201501,0.00113392937,0.000389122714,0.000333404079,0.000202371369,-1.27088947e-05,-5.05257386e-06,-0.00109628798,-0.00028392868,4.85257816e-05,-0.000111610379,-4.04165398e-05
0.559,2.05704973e-05,7.02235443e-05,-0.000592548656,0.00112066255,0.000385351021,0.000331202409,0.000201058353,-1.24320404e-05,-5.63001899e-06,-0.00107779483,-0.000281646618,4.76959538e-05,-0.000110436325,-4.00822499e-05
0.56,2.03465982e-05,6.91197723e-05,-0.000592828411,0.00110751975,0.000381621214,0.000329019624,0.000199758442,-1.21571589e-05,-6.18364254e-06,-0.00105950364,-0.00027942785,4.68953777e-05,-0.000109277328,-3.97530172e-05
0.561,2.0129487e-05,6.80095182e-05,-0.000593038289,0.00109449685,0.000377932787,0.00032685567,0.000198471538,-1.18844503e-05,-6.71415564e-06,-0.00104140994,-0.000277271262,4.61238048e-05,-0.000108133012,-3.94286935e-05
0.562,1.99189489e-05,6.68929033e-05,-0.00059317549,0.00108158949,0.000374285156,0.000324710376,0.000197197497,-1.16141359e-05,-7.22235692e-06,-0.00102350934,-0.000275175875,4.53809834e-05,-0.000107002979,-3.91091309e-05
0.563,1.97147801e-05,6.57702789e-05,-0.000593237001,0.00106879315,0.000370677456,0.000322583469,0.000195936128,-1.13464408e-05,-7.70922951e-06,-0.00100579742,-0.000273140666,4.46664099e-05,-0.000105886964,-3.87942314e-05
0.564,1.95168007e-05,6.46421282e-05,-0.000593219705,0.0010561032,0.000367108603,0.00032047462,0.000194687211,-1.10815904e-05,-8.1758678e-06,-0.000988269754,-0.000271164607,4.39794528e-05,-0.000104784798,-3.84839254e-05
0.565,1.93248428e-05,6.35089211e-05,-0.000593120449,0.00104351504,0.000363577478,0.000318383496,0.000193450523,-1.0819809e-05,-8.62334195e-06,-0.000970922095,-0.000269246741,4.33195395e-05,-0.000103696306,-3.81781343e-05
0.566,1.91387372e-05,6.23711087e-05,-0.000592936122,0.00103102418,0.000360083029,0.000316309809,0.000192225856,-1.05613109e-05,-9.05261482e-06,-0.000953750454,-0.000267386161,4.26861249e-05,-0.000102621321,-3.78767763e-05
0.567,1.89583029e-05,6.12290314e-05,-0.000592663676,0.00101862624,0.000356624402,0.00031425334,0.000191013022,-1.03062989e-05,-9.46446369e-06,-0.000936751206,-0.000265582069,4.20787996e-05,-0.000101559611,-3.75797447e-05
0.568,1.87833398e-05,6.00829078e-05,-0.000592300136,0.00100631704,0.000353200976,0.000312213913,0.000189811862,-1.00549693e-05,-9.85948756e-06,-0.000919921106,-0.000263833807,4.14973286e-05,-0.000100510845,-3.72869005e-05
0.569,1.86136371e-05,5.8933006e-05,-0.000591842615,0.000994092556,0.00034981223,0.000310191361,0.000188622218,-9.80750734e-06,-1.02382216e-05,-0.000903257129,-0.000262140756,4.0941415e-05,-9.94747172e-05,-3.69981203e-05
0.57,1.84489845e-05,5.77797176e-05,-0.000591288361,0.000981948953,0.00034645766,0.000308185501,0.000187443924,-9.5640841e-06,-1.06011994e-05,-0.000886756373,-0.000260502261,4.04105809e-05,-9.84510031e-05,-3.67133212e-05
0.571,1.82891664e-05,5.6623449e-05,-0.000590634794,0.000969882664,0.000343136881,0.000306196176,0.000186276831,-9.32486035e-06,-1.09488981e-05,-0.000870416164,-0.000258917676,3.99043448e-05,-9.74394854e-05,-3.64324282e-05
0.572,1.81339618e-05,5.54645001e-05,-0.00058987955,0.000957890438,0.000339849712,0.000304223304,0.000185120829,-9.08998699e-06,-1.12816583e-05,-0.000854234171,-0.000257386398,3.94224019e-05,-9.643988e-05,-3.6155339e-05
0.573,1.79831507e-05,5.43031263e-05,-0.000589020447,0.00094596925,0.000336596101,0.00030226687,0.000183975834,-8.85959578e-06,-1.15996929e-05,-0.000838208381,-0.000255907827,3.89645266e-05,-9.54518833e-05,-3.58819382e-05
0.574,1.78365195e-05,5.31396022e-05,-0.000588055429,0.000934116211,0.000333376032,0.000300326889,0.000182841769,-8.63380217e-06,-1.1903149e-05,-0.000822337009,-0.000254481357,3.85305135e-05,-9.44752014e-05,-3.56121071e-05
0.575,1.76938697e-05,5.19742332e-05,-0.000586982504,0.000922328528,0.000330189433,0.000298403368,0.000181718548,-8.41271093e-06,-1.21921754e-05,-0.000806618421,-0.000253106394,3.81201634e-05,-9.35095541e-05,-3.53457235e-05
0.576,1.75550192e-05,5.08074408e-05,-0.000585799694,0.000910603454,0.000327036077,0.000296496264,0.000180606061,-8.19642011e-06,-1.2467022e-05,-0.000791050991,-0.000251782298,3.77331269e-05,-9.25547596e-05,-3.50827006e-05
0.577,1.74197905e-05,4.96397324e-05,-0.000584505011,0.000898938279,0.000323915627,0.000294605487,0.000179504183,-7.98502773e-06,-1.27280472e-05,-0.000775633111,-0.000250508402,3.73689418e-05,-9.16107076e-05,-3.48229842e-05
0.578,1.72879951e-05,4.84715463e-05,-0.000583096429,0.000887330356,0.000320827771,0.000292730915,0.000178412795,-7.77863846e-06,-1.29756252e-05,-0.000760363359,-0.000249284095,3.70272599e-05,-9.06772325e-05,-3.45665034e-05
0.579,1.71594303e-05,4.73032256e-05,-0.000581571878,0.0008757771,0.000317772244,0.000290872407,0.000177331794,-7.57736184e-06,-1.32101147e-05,-0.000745240547,-0.000248108846,3.67078818e-05,-8.97540925e-05,-3.43131627e-05
0.58,1.70338882e-05,4.61351474e-05,-0.000579929258,0.000864275972,0.00031474872,0.000289029783,0.000176261064,-7.38130881e-06,-1.34319341e-05,-0.000730263579,-0.000246982129,3.64105611e-05,-8.88410766e-05,-3.40628805e-05
0.581,1.69111672e-05,4.49677871e-05,-0.000578166447,0.000852824479,0.000311756736,0.000287202804,0.000175200458,-7.1905883e-06,-1.36415927e-05,-0.000715431363,-0.000245903405,3.61348931e-05,-8.79380675e-05,-3.38156102e-05
0.582,1.67910736e-05,4.38016677e-05,-0.000576281339,0.000841420217,0.000308795751,0.000285391194,0.000174149797,-7.00530343e-06,-1.38396303e-05,-0.000700742909,-0.000244872147,3.58804038e-05,-8.70449847e-05,-3.35713115e-05
0.583,1.66734156e-05,4.26373663e-05,-0.00057427192,0.000830060905,0.000305865239,0.000283594685,0.000173108887,-6.82554452e-06,-1.40265631e-05,-0.000686197397,-0.000243887816,3.56465575e-05,-8.61617881e-05,-3.33299542e-05
0.584,1.65579936e-05,4.14754381e-05,-0.00057213634,0.000818744414,0.000302964846,0.000281813072,0.000172077545,-6.65138409e-06,-1.42027723e-05,-0.000671794345,-0.000242949897,3.54328905e-05,-8.52884053e-05,-3.30914931e-05
0.585,1.6444592e-05,4.03163039e-05,-0.000569872928,0.000807468795,0.000300094521,0.000280046229,0.000171055633,-6.48287432e-06,-1.43683946e-05,-0.000657533792,-0.000242058005,3.5239224e-05,-8.44246033e-05,-3.28558207e-05
0.586,1.63329872e-05,3.91603804e-05,-0.000567480209,0.000796232234,0.000297254401,0.000278294077,0.000170043042,-6.32004747e-06,-1.45234254e-05,-0.000643416135,-0.0002412118,3.5065451e-05,-8.35701006e-05,-3.26228185e-05
0.587,1.62229622e-05,3.8008207e-05,-0.000564956908,0.000785033044,0.000294444642,0.000276556536,0.000169039668,-6.16292034e-06,-1.46678641e-05,-0.000629441903,-0.000240410881,3.49113023e-05,-8.27246951e-05,-3.23924086e-05
0.588,1.61143075e-05,3.68604018e-05,-0.000562301931,0.000773869684,0.000291665407,0.000274833506,0.000168045409,-6.01149996e-06,-1.48017271e-05,-0.000615611745,-0.000239654816,3.47764092e-05,-8.18882385e-05,-3.21645431e-05
0.589,1.60068177e-05,3.57176026e-05,-0.000559514384,0.000762740791,0.000288916879,0.000273124897,0.000167060173,-5.86578596e-06,-1.49250246e-05,-0.00060192651,-0.000238943128,3.46604209e-05,-8.10605701e-05,-3.19391659e-05
0.59,1.59002874e-05,3.4580434e-05,-0.000556593565,0.000751645189,0.000286199295,0.000271430636,0.000166083867,-5.72576866e-06,-1.50377406e-05,-0.000588387278,-0.000238275289,3.45630447e-05,-8.02415078e-05,-3.17162048e-05
0.591,1.57945079e-05,3.3449472e-05,-0.000553538925,0.000740581879,0.000283512949,0.000269750662,0.000165116392,-5.59142694e-06,-1.5139818e-05,-0.000574995361,-0.00023765077,3.44840914e-05,-7.94308321e-05,-3.14955639e-05
0.592,1.56892737e-05,3.2325252e-05,-0.000550350038,0.000729550036,0.000280858103,0.000268084881,0.000164157633,-5.46273229e-06,-1.52312092e-05,-0.000561752222,-0.000237069043,3.44234417e-05,-7.86282943e-05,-3.12771243e-05
0.593,1.55843953e-05,3.12083877e-05,-0.000547026601,0.000718548998,0.000278234824,0.000266433136,0.000163207432,-5.33965341e-06,-1.53120244e-05,-0.000548659232,-0.000236529475,3.43808012e-05,-7.78337555e-05,-3.10608053e-05
0.594,1.54796999e-05,3.00995944e-05,-0.000543568457,0.000707578244,0.000275642959,0.000264795197,0.000162265607,-5.22215819e-06,-1.53825577e-05,-0.000535717592,-0.000236031328,3.43556487e-05,-7.70472147e-05,-3.08465865e-05
0.595,1.53750207e-05,2.89995626e-05,-0.000539975606,0.000696637399,0.000273082283,0.000263170793,0.000161331985,-5.11021186e-06,-1.544314e-05,-0.000522928547,-0.000235573888,3.43474803e-05,-7.62686648e-05,-3.06344501e-05
0.596,1.52701902e-05,2.79089329e-05,-0.00053624826,0.000685726233,0.000270552599,0.00026155965,0.00016040642,-5.0037698e-06,-1.54940556e-05,-0.000510293512,-0.000235156484,3.43558829e-05,-7.54980442e-05,-3.04243618e-05
0.597,1.51650408e-05,2.68283286e-05,-0.000532386878,0.000674844676,0.000268053766,0.000259961503,0.000159488783,-4.90277202e-06,-1.55355301e-05,-0.000497814072,-0.000234778456,3.43804805e-05,-7.47352667e-05,-3.02162812e-05
0.598,1.50594092e-05,2.57583502e-05,-0.000528392166,0.000663992866,0.000265585712,0.000258376078,0.00015857894,-4.80714318e-06,-1.5567729e-05,-0.000485491972,-0.000234439149,3.442091e-05,-7.39802504e-05,-3.00101679e-05
0.599,1.49531464e-05,2.46996197e-05,-0.00052426516,0.000653171232,0.000263148371,0.000256803116,0.000157676735,-4.71679332e-06,-1.55908234e-05,-0.000473329049,-0.000234137798,3.44767477e-05,-7.32329419e-05,-2.980598e-05
0.6,1.48461205e-05,2.36528145e-05,-0.000520007274,0.000642380499,0.000260741692,0.00025524238,0.00015678199,-4.63161622e-06,-1.56050157e-05,-0.00046132719,-0.000233873475,3.45474487e-05,-7.24933653e-05,-2.96036983e-05
0.601,1.47382082e-05,2.26185818e-05,-0.000515620326,0.000631621674,0.000258365757,0.000253693688,0.000155894532,-4.55148503e-06,-1.5610435e-05,-0.000449488471,-0.000233645171,3.46325208e-05,-7.17615252e-05,-2.94032902e-05
0.602,1.46292852e-05,2.15974773e-05,-0.000511106553,0.000620896004,0.000256020866,0.000252156931,0.00015501424,-4.47625109e-06,-1.56070459e-05,-0.000437815283,-0.0002334519,3.47316898e-05,-7.10372927e-05,-2.92046694e-05
0.603,1.45192283e-05,2.05900566e-05,-0.000506468568,0.000610204882,0.000253707443,0.000250632032,0.000154141041,-4.40575224e-06,-1.55947416e-05,-0.000426310157,-0.000233292647,3.48447142e-05,-7.03205016e-05,-2.90077474e-05
0.604,1.44079235e-05,1.95969313e-05,-0.000501709307,0.000599549823,0.000251425906,0.0002491189,0.000153274879,-4.33982521e-06,-1.55734544e-05,-0.000414975572,-0.000233166315,3.49712435e-05,-6.96110245e-05,-2.88124662e-05
0.605,1.42952725e-05,1.86187754e-05,-0.000496831986,0.000588932435,0.000249176615,0.000247617409,0.000152415715,-4.27831524e-06,-1.5543186e-05,-0.000403813873,-0.00023307176,3.51108322e-05,-6.89087693e-05,-2.86187903e-05
0.606,1.41812134e-05,1.76563105e-05,-0.000491840118,0.000578354428,0.000246959817,0.000246127443,0.000151563503,-4.22106467e-06,-1.55040137e-05,-0.00039282724,-0.000233007775,3.52629751e-05,-6.82136889e-05,-2.84266924e-05
0.607,1.40657323e-05,1.67102273e-05,-0.000486737505,0.000567817602,0.000244775676,0.000244648927,0.000150718184,-4.16788877e-06,-1.54560032e-05,-0.000382017762,-0.000232973148,3.54272354e-05,-6.75257668e-05,-2.82361373e-05
0.608,1.39488588e-05,1.57811161e-05,-0.000481528216,0.000557323848,0.000242624327,0.000243181832,0.000149879688,-4.11856731e-06,-1.5399122e-05,-0.000371387546,-0.000232966747,3.5603375e-05,-6.68449465e-05,-2.80470456e-05
0.609,1.38306594e-05,1.4869443e-05,-0.000476216536,0.000546875215,0.000240505754,0.000241726139,0.000149047923,-4.0728455e-06,-1.53333161e-05,-0.000360938633,-0.000232987423,3.57912237e-05,-6.61712023e-05,-2.78593288e-05
0.61,1.37111964e-05,1.39756435e-05,-0.000470806887,0.000536473971,0.00023841972,0.000240281744,0.000148222754,-4.03047572e-06,-1.52587017e-05,-0.000350672785,-0.000233033827,3.59903833e-05,-6.5504658e-05,-2.7672968e-05
0.611,1.35904724e-05,1.31001482e-05,-0.000465303752,0.000526122647,0.000236365863,0.000238848377,0.000147404022,-3.99126486e-06,-1.51756028e-05,-0.000340591561,-0.00023310439,3.62002096e-05,-6.4845481e-05,-2.74879906e-05
0.612,1.34684099e-05,1.22433259e-05,-0.000459711692,0.000515824039,0.000234343822,0.000237425614,0.000146591578,-3.95507098e-06,-1.50844601e-05,-0.00033069652,-0.000233197333,3.64199209e-05,-6.41937766e-05,-2.73044364e-05
0.613,1.33448623e-05,1.14055345e-05,-0.000454035432,0.000505581138,0.000232353353,0.000236012948,0.000145785305,-3.92179249e-06,-1.49857503e-05,-0.000320989318,-0.000233310716,3.66486862e-05,-6.35495394e-05,-2.71223334e-05
0.614,1.32196658e-05,1.05870852e-05,-0.000448279945,0.000495397007,0.000230394396,0.000234609883,0.000144985117,-3.8913236e-06,-1.48798213e-05,-0.000311471805,-0.000233442577,3.68857992e-05,-6.29126311e-05,-2.6941663e-05
0.615,1.30927205e-05,9.78821029e-06,-0.000442450542,0.00048527472,0.000228466936,0.000233216033,0.00014419094,-3.8635004e-06,-1.4766845e-05,-0.000302145903,-0.000233590976,3.71306904e-05,-6.22828999e-05,-2.67623777e-05
0.616,1.29640287e-05,9.00917356e-06,-0.000436552907,0.000475217283,0.000226570881,0.000231831152,0.000143402671,-3.83810513e-06,-1.46469373e-05,-0.000293013291,-0.000233753966,3.73827773e-05,-6.16603199e-05,-2.6584446e-05
0.617,1.28336884e-05,8.25026503e-06,-0.000430593028,0.000465227595,0.000224706073,0.000230455112,0.000142620178,-3.81488049e-06,-1.45201858e-05,-0.000284075331,-0.000233929644,3.76414826e-05,-6.10449816e-05,-2.64078514e-05
0.618,1.2701856e-05,7.51175177e-06,-0.000424577137,0.000455308433,0.000222872371,0.000229087877,0.000141843338,-3.79354897e-06,-1.43866179e-05,-0.000275333157,-0.000234116225,3.79063445e-05,-6.04369594e-05,-2.62325494e-05
0.619,1.25686954e-05,6.79391937e-06,-0.000418511614,0.00044546243,0.000221069698,0.000227729435,0.000141072072,-3.7738485e-06,-1.42462498e-05,-0.000266787679,-0.000234312023,3.81769748e-05,-5.98362475e-05,-2.60584685e-05
0.62,1.24343516e-05,6.09704784e-06,-0.000412402887,0.000435692115,0.000219297988,0.000226379748,0.000140306345,-3.75554381e-06,-1.40991324e-05,-0.000258439555,-0.000234515382,3.84529754e-05,-5.92427856e-05,-2.58855365e-05
0.621,1.22989491e-05,5.42136487e-06,-0.000406257369,0.000425999975,0.000217557079,0.000225038717,0.00013954616,-3.73842495e-06,-1.39453773e-05,-0.000250289151,-0.000234724614,3.8733878e-05,-5.86565048e-05,-2.57136993e-05
0.622,1.21625979e-05,4.76705462e-06,-0.000400081416,0.000416388528,0.000215846616,0.000223706186,0.000138791513,-3.7223095e-06,-1.37852275e-05,-0.000242336439,-0.00023493792,3.90190534e-05,-5.80774126e-05,-2.55429508e-05
0.623,1.20253989e-05,4.13422016e-06,-0.000393881301,0.000406860359,0.000214166081,0.000222381948,0.00013804237,-3.70703231e-06,-1.36190311e-05,-0.000234581073,-0.000235153386,3.93077777e-05,-5.7505587e-05,-2.53733159e-05
0.624,1.18874453e-05,3.52283828e-06,-0.000387663205,0.000397418098,0.000212514916,0.000221065766,0.000137298663,-3.69243164e-06,-1.34471213e-05,-0.000227022584,-0.000235369097,3.95994114e-05,-5.69410649e-05,-2.5204792e-05
0.625,1.17488251e-05,2.93279134e-06,-0.000381433224,0.000388064371,0.000210892551,0.00021975738,0.000136560298,-3.67834907e-06,-1.32698067e-05,-0.000219660389,-0.00023558317,3.98934093e-05,-5.63838204e-05,-2.50373369e-05
0.626,1.16096295e-05,2.36392308e-06,-0.000375197341,0.000378801739,0.000209298345,0.000218456513,0.000135827158,-3.66463394e-06,-1.30874302e-05,-0.000212493638,-0.000235793717,4.01891945e-05,-5.58338632e-05,-2.48709215e-05
0.627,1.1469963e-05,1.8160617e-06,-0.000368961441,0.000369632608,0.000207731542,0.000217162882,0.000135099125,-3.65114284e-06,-1.29003651e-05,-0.000205521129,-0.00023599887,4.04861065e-05,-5.52912725e-05,-2.47055524e-05
0.628,1.13299475e-05,1.28903393e-06,-0.00036273134,0.000360559195,0.000206191273,0.000215876223,0.000134376113,-3.6377383e-06,-1.27089956e-05,-0.000198741307,-0.00023619681,4.078342e-05,-5.47561764e-05,-2.45412645e-05
0.629,1.11897193e-05,7.82665984e-07,-0.000356512819,0.000351583486,0.000204676653,0.000214596331,0.000133658073,-3.62428255e-06,-1.25136699e-05,-0.000192152367,-0.000236385787,4.1080412e-05,-5.42287098e-05,-2.43781072e-05
0.63,1.10494201e-05,2.9674509e-07,-0.000350311632,0.000342707249,0.000203186919,0.000213323058,0.000132945008,-3.61062949e-06,-1.23146107e-05,-0.000185752474,-0.000236564174,4.13764976e-05,-5.37089007e-05,-2.42160875e-05
0.631,1.09091863e-05,-1.68983783e-07,-0.00034413346,0.000333932108,0.000201721469,0.000212056291,0.000132236938,-3.5966332e-06,-1.21119546e-05,-0.000179539808,-0.000236730421,4.16712151e-05,-5.31966636e-05,-2.40551601e-05
0.632,1.07691462e-05,-6.14788684e-07,-0.000337983843,0.000325259604,0.000200279764,0.00021079594,0.000131533864,-3.58216409e-06,-1.19058794e-05,-0.000173512396,-0.000236882948,4.19640726e-05,-5.2691916e-05,-2.38952819e-05
0.633,1.06294202e-05,-1.040957e-06,-0.000331868124,0.0003166912,0.000198861275,0.00020954191,0.000130835759,-3.56711344e-06,-1.16966292e-05,-0.000167668059,-0.000237020138,4.22545159e-05,-5.21946101e-05,-2.37364247e-05
0.634,1.04901237e-05,-1.44780477e-06,-0.000325791437,0.000308228236,0.00019746546,0.000208294108,0.000130142585,-3.55138678e-06,-1.14844672e-05,-0.000162004428,-0.000237140412,4.25419862e-05,-5.17046939e-05,-2.35785576e-05
0.635,1.03513771e-05,-1.83566931e-06,-0.000319758722,0.000299871835,0.000196091742,0.000207052464,0.00012945433,-3.53489301e-06,-1.12696282e-05,-0.000156518946,-0.000237242289,4.28259612e-05,-5.12220991e-05,-2.34216477e-05
0.636,1.02133067e-05,-2.20491395e-06,-0.000313774698,0.000291622875,0.000194739484,0.000205816921,0.000128771017,-3.51753914e-06,-1.10522862e-05,-0.000151208887,-0.000237324436,4.31059883e-05,-5.07467168e-05,-2.32656485e-05
0.637,1.00760432e-05,-2.55592802e-06,-0.000307843808,0.000283482018,0.00019340793,0.000204587409,0.000128092687,-3.49923606e-06,-1.08325947e-05,-0.000146071303,-0.000237385628,4.33816258e-05,-5.0278439e-05,-2.31105161e-05
0.638,9.93971421e-06,-2.88910832e-06,-0.000301970141,0.000275449787,0.000192096131,0.000203363824,0.000127419358,-3.47991301e-06,-1.06107928e-05,-0.000141102916,-0.000237424644,4.3652318e-05,-4.98172716e-05,-2.29562646e-05
0.639,9.80443366e-06,-3.20487293e-06,-0.000296157404,0.000267526629,0.000190803003,0.000202146014,0.000126751004,-3.4595219e-06,-1.03872073e-05,-0.000136300215,-0.000237440251,4.3917425e-05,-4.93633019e-05,-2.2802946e-05
0.64,9.6702983e-06,-3.50368099e-06,-0.00029040898,0.000259712928,0.000189527452,0.000200933787,0.00012608757,-3.43802748e-06,-1.01621661e-05,-0.00013165965,-0.000237431262,4.41763394e-05,-4.89165869e-05,-2.2650594e-05
0.641,9.53739134e-06,-3.78601454e-06,-0.000284727988,0.000252008979,0.000188268432,0.000199726941,0.000125428988,-3.41540099e-06,-9.93596859e-06,-0.000127177714,-0.000237396551,4.44285199e-05,-4.84771182e-05,-2.24992105e-05
0.642,9.40579061e-06,-4.0523625e-06,-0.000279117328,0.000244414941,0.000187024962,0.000198525277,0.000124775185,-3.39161506e-06,-9.70886854e-06,-0.000122850933,-0.000237335053,4.46734747e-05,-4.80448395e-05,-2.23487764e-05
0.643,9.2755776e-06,-4.30320616e-06,-0.000273579706,0.000236930796,0.000185796071,0.000197328621,0.000124126111,-3.36664325e-06,-9.48108571e-06,-0.000118675779,-0.000237245769,4.49107152e-05,-4.76196882e-05,-2.21992733e-05
0.644,9.14683991e-06,-4.53900041e-06,-0.000268117636,0.000229556343,0.000184580754,0.000196136836,0.000123481735,-3.34046475e-06,-9.25284844e-06,-0.000114648579,-0.000237127734,4.51397083e-05,-4.72016492e-05,-2.20507131e-05
0.645,9.01966956e-06,-4.76018062e-06,-0.000262733458,0.000222291199,0.000183378011,0.000194949835,0.000122842051,-3.31306099e-06,-9.02436486e-06,-0.00011076558,-0.000236980053,4.53599188e-05,-4.67907121e-05,-2.1903117e-05
0.646,8.89415703e-06,-4.96718232e-06,-0.000257429357,0.00021513483,0.000182186944,0.000193767551,0.000122207083,-3.28441017e-06,-8.79577288e-06,-0.000107023099,-0.000236801923,4.55708836e-05,-4.63867872e-05,-2.17564715e-05
0.647,8.77038509e-06,-5.16043825e-06,-0.000252207334,0.000208086615,0.000181006745,0.000192589934,0.000121576853,-3.25449463e-06,-8.56718157e-06,-0.000103417522,-0.000236592605,4.57721863e-05,-4.598972e-05,-2.16107333e-05
0.648,8.64842661e-06,-5.34037848e-06,-0.000247069167,0.000201145888,0.000179836636,0.000191416935,0.000120951372,-3.22330812e-06,-8.33871834e-06,-9.99452431e-05,-0.000236351377,4.59634021e-05,-4.55993487e-05,-2.14658567e-05
0.649,8.52834432e-06,-5.50743541e-06,-0.00024201638,0.000194311952,0.000178675826,0.000190248491,0.000120330627,-3.19085741e-06,-8.11054053e-06,-9.66026376e-05,-0.00023607752,4.61440752e-05,-4.5215532e-05,-2.1321804e-05
0.65,8.41019509e-06,-5.66203892e-06,-0.00023705024,0.000187584048,0.000177523482,0.00018908453,0.000119714592,-3.15715822e-06,-7.8828275e-06,-9.33860363e-05,-0.000235770321,4.63137193e-05,-4.48381717e-05,-2.11785599e-05
0.651,8.2940345e-06,-5.80461622e-06,-0.000232171797,0.000180961327,0.000176378725,0.00018792498,0.00011910325,-3.12222687e-06,-7.65573858e-06,-9.02917608e-05,-0.000235429121,4.6471863e-05,-4.44671679e-05,-2.10361104e-05
0.652,8.1799176e-06,-5.93559691e-06,-0.000227381901,0.000174442848,0.000175240641,0.000186769766,0.000118496603,-3.08607586e-06,-7.42938663e-06,-8.73161662e-05,-0.000235053339,4.66180769e-05,-4.41023797e-05,-2.08944185e-05
0.653,8.06789617e-06,-6.05540528e-06,-0.000222681166,0.000168027612,0.000174108236,0.000185618797,0.00011789465,-3.04871961e-06,-7.20388532e-06,-8.44555871e-05,-0.000234642415,4.67519112e-05,-4.37436952e-05,-2.07534616e-05
0.654,7.95801335e-06,-6.16445586e-06,-0.000218069939,0.000161714607,0.000172980418,0.000184471963,0.000117297368,-3.01018246e-06,-6.97939906e-06,-8.17063075e-05,-0.000234195743,4.68728442e-05,-4.33910929e-05,-2.06132638e-05
0.655,7.85030163e-06,-6.26316163e-06,-0.000213548329,0.000155502828,0.000171856062,0.000183329124,0.000116704705,-2.97049756e-06,-6.75611725e-06,-7.90646471e-05,-0.000233712698,4.69803185e-05,-4.30445877e-05,-2.04738654e-05
0.656,7.74478562e-06,-6.35192885e-06,-0.00020911629,0.000149391278,0.00017073408,0.000182190139,0.000116116602,-2.92970217e-06,-6.53422068e-06,-7.65270347e-05,-0.000233192664,4.70737882e-05,-4.27041726e-05,-2.0335297e-05
0.657,7.6414866e-06,-6.43115106e-06,-0.000204773691,0.000143378945,0.000169613472,0.000181054881,0.000115533011,-2.88783271e-06,-6.3138523e-06,-7.40900528e-05,-0.000232635073,4.71527564e-05,-4.23697697e-05,-2.01975562e-05
0.658,7.54042752e-06,-6.50120788e-06,-0.000200520356,0.000137464782,0.000168493337,0.000179923248,0.000114953902,-2.84492164e-06,-6.09510234e-06,-7.17504256e-05,-0.000232039417,4.72167736e-05,-4.20412247e-05,-2.00606026e-05
0.659,7.4416332e-06,-6.56245564e-06,-0.000196356034,0.000131647702,0.000167372797,0.000178795172,0.000114379263,-2.80100227e-06,-5.87805606e-06,-6.9504913e-05,-0.000231405202,4.72653836e-05,-4.17183832e-05,-1.99243989e-05
0.66,7.34512885e-06,-6.61522834e-06,-0.000192280379,0.000125926592,0.000166250966,0.00017767062,0.000113809085,-2.75611138e-06,-5.66281282e-06,-6.73502768e-05,-0.000230731931,4.72980983e-05,-4.14011201e-05,-1.97889259e-05
0.661,7.25093819e-06,-6.65984644e-06,-0.000188292958,0.00012030033,0.000165126979,0.000176549563,0.000113243367,-2.71028516e-06,-5.44946031e-06,-6.52833482e-05,-0.000230019107,4.73144156e-05,-4.10893034e-05,-1.96541621e-05
0.662,7.15908155e-06,-6.69661824e-06,-0.000184393257,0.000114767815,0.000164,0.00017543197,0.00011268211,-2.66355965e-06,-5.23807082e-06,-6.33010686e-05,-0.00022926624,4.73138262e-05,-4.0782772e-05,-1.95200749e-05
0.663,7.06957462e-06,-6.72584283e-06,-0.000180580671,0.000109328001,0.000162869197,0.000174317796,0.000112125319,-2.61597342e-06,-5.02871103e-06,-6.14004856e-05,-0.000228472848,4.72958067e-05,-4.04813312e-05,-1.9386616e-05
0.664,6.98242773e-06,-6.74781313e-06,-0.000176854481,0.000103979906,0.000161733709,0.000173206979,0.000111572985,-2.56757016e-06,-4.82145673e-06,-5.95787278e-05,-0.000227638426,4.72597975e-05,-4.01847899e-05,-1.92537379e-05
0.665,6.89764604e-06,-6.76281519e-06,-0.000173213823,9.87226113e-05,0.000160592617,0.000172099438,0.000111025081,-2.5183993e-06,-4.6164142e-06,-5.78329648e-05,-0.00022676241,4.72051838e-05,-3.98930177e-05,-1.91214245e-05
0.666,6.81523093e-06,-6.77112879e-06,-0.000169657717,9.35552489e-05,0.000159444956,0.000170995084,0.000110481564,-2.46851257e-06,-4.4137034e-06,-5.6160419e-05,-0.000225844189,4.71313152e-05,-3.96059233e-05,-1.89896767e-05
0.667,6.73518254e-06,-6.77302997e-06,-0.000166185122,8.84770018e-05,0.000158289756,0.000169893819,0.000109942386,-2.41795828e-06,-4.2134284e-06,-5.45584076e-05,-0.000224883146,4.70375348e-05,-3.93233952e-05,-1.88584793e-05
0.668,6.65749719e-06,-6.76878636e-06,-0.00016279494,8.34871044e-05,0.000157126049,0.000168795541,0.000109407498,-2.3667833e-06,-4.01568195e-06,-5.30243365e-05,-0.000223878655,4.69231799e-05,-3.90453053e-05,-1.87278049e-05
0.669,6.58216858e-06,-6.75865508e-06,-0.000159486014,7.85848489e-05,0.000155952852,0.000167700155,0.00010887685,-2.31503502e-06,-3.82056134e-06,-5.1555676e-05,-0.000222830076,4.67875648e-05,-3.87715312e-05,-1.85976313e-05
0.67,6.50919047e-06,-6.74288545e-06,-0.000156257119,7.37695867e-05,0.000154769172,0.000166607566,0.000108350392,-2.26276183e-06,-3.62817283e-06,-5.01499591e-05,-0.000221736756,4.66299714e-05,-3.85019654e-05,-1.84679509e-05
0.671,6.43855201e-06,-6.72171348e-06,-0.000153106986,6.90407275e-05,0.00015357402,0.000165517694,0.000107828082,-2.21001685e-06,-3.43862723e-06,-4.88047861e-05,-0.000220598036,4.64496587e-05,-3.82365049e-05,-1.83387643e-05
0.672,6.37024027e-06,-6.69536494e-06,-0.000150034338,6.43977383e-05,0.000152366446,0.000164430472,0.000107309898,-2.15685492e-06,-3.25202262e-06,-4.75178442e-05,-0.000219413286,4.62458827e-05,-3.79750099e-05,-1.82100583e-05
0.673,6.30424307e-06,-6.66405982e-06,-0.000147037924,5.98401497e-05,0.00015114557,0.000163345852,0.000106795824,-2.10332917e-06,-3.06843279e-06,-4.62869211e-05,-0.000218181909,4.60179092e-05,-3.77172867e-05,-1.80817925e-05
0.674,6.24054628e-06,-6.62801135e-06,-0.000144116492,5.53675637e-05,0.000149910555,0.000162263809,0.000106285845,-2.04949332e-06,-2.88793053e-06,-4.51098623e-05,-0.000216903323,4.57650011e-05,-3.7463121e-05,-1.79539143e-05
0.675,6.17913325e-06,-6.5874277e-06,-0.000141268771,5.09796573e-05,0.000148660584,0.00016118434,0.000105779932,-1.99540274e-06,-2.71060063e-06,-4.39845508e-05,-0.000215576938,4.5486405e-05,-3.72123028e-05,-1.78263719e-05
0.676,6.11998375e-06,-6.54251207e-06,-0.000138493463,4.66761833e-05,0.000147394853,0.00016010745,0.00010527805,-1.94111287e-06,-2.53653145e-06,-4.29089265e-05,-0.000214202155,4.51813438e-05,-3.69646277e-05,-1.76991168e-05
0.677,6.06307577e-06,-6.49345977e-06,-0.00013578925,4.24569715e-05,0.000146112561,0.000159033138,0.000104780172,-1.88667918e-06,-2.36580896e-06,-4.18809949e-05,-0.000212778368,4.48490068e-05,-3.67198861e-05,-1.75721064e-05
0.678,6.00838595e-06,-6.44045758e-06,-0.000133154801,3.83219382e-05,0.000144812886,0.000157961398,0.000104286286,-1.83215798e-06,-2.19851111e-06,-4.08988278e-05,-0.000211304988,4.44885437e-05,-3.64778436e-05,-1.74452924e-05
0.679,5.9558894e-06,-6.38368629e-06,-0.000130588749,3.42710904e-05,0.000143494976,0.000156892212,0.000103796392,-1.77760783e-06,-2.03471669e-06,-3.99605522e-05,-0.000209781423,4.40990605e-05,-3.62382653e-05,-1.7318633e-05
0.68,5.90555741e-06,-6.32332383e-06,-0.000128089673,3.03045314e-05,0.000142157953,0.00015582556,0.000103310474,-1.72309076e-06,-1.87452368e-06,-3.90643352e-05,-0.000208207052,4.36796259e-05,-3.60009535e-05,-1.71921107e-05
0.681,5.85735647e-06,-6.25955149e-06,-0.000125656118,2.64224755e-05,0.000140800957,0.000154761419,0.000102828488,-1.66867076e-06,-1.71804409e-06,-3.82083992e-05,-0.000206581237,4.32292928e-05,-3.57657291e-05,-1.70657135e-05
0.682,5.8112493e-06,-6.1925554e-06,-0.000123286636,2.2625252e-05,0.000139423189,0.000153699764,0.000102350358,-1.61441096e-06,-1.56538921e-06,-3.73910399e-05,-0.000204903355,4.27471146e-05,-3.55323943e-05,-1.69394141e-05
0.683,5.76719483e-06,-6.12252392e-06,-0.000120979796,1.89132934e-05,0.000138023914,0.00015264058,0.000101875998,-1.56037352e-06,-1.41666525e-06,-3.66106167e-05,-0.000203172828,4.2232155e-05,-3.53007165e-05,-1.68131659e-05
0.684,5.72514982e-06,-6.04964148e-06,-0.000118734189,1.52871085e-05,0.000136602438,0.000151583864,0.00010140533,-1.50662024e-06,-1.27196989e-06,-3.58655294e-05,-0.000201389145,4.16834791e-05,-3.50704291e-05,-1.66869124e-05
0.685,5.68507006e-06,-5.97408361e-06,-0.0001165484,1.17472569e-05,0.000135158075,0.000150529633,0.000100938305,-1.45321415e-06,-1.13139598e-06,-3.51541954e-05,-0.000199551869,4.11001461e-05,-3.48412568e-05,-1.65606105e-05
0.686,5.64691025e-06,-5.89601608e-06,-0.000114421005,8.2943412e-06,0.000133690145,0.000149477922,0.0001004749,-1.40022009e-06,-9.95033061e-07,-3.44750421e-05,-0.000197660638,4.04812136e-05,-3.46129213e-05,-1.64342348e-05
0.687,5.6106244e-06,-5.81560086e-06,-0.000112350588,4.92901643e-06,0.000132198017,0.000148428781,0.000100015108,-1.34770357e-06,-8.62959755e-07,-3.38265257e-05,-0.00019571518,3.98257583e-05,-3.43851261e-05,-1.63077635e-05
0.688,5.57616305e-06,-5.73300486e-06,-0.000110335748,1.65201049e-06,0.000130681161,0.000147382275,9.95589071e-05,-1.29572997e-06,-7.35245884e-07,-3.32071467e-05,-0.000193715329,3.91329058e-05,-3.41575471e-05,-1.61811615e-05
0.689,5.54347146e-06,-5.64840357e-06,-0.000108375098,-1.53587361e-06,0.00012913916,0.000146338489,9.91062472e-05,-1.24436483e-06,-6.11961069e-07,-3.26154429e-05,-0.000191661028,3.84018465e-05,-3.39298334e-05,-1.60543756e-05
0.69,5.51248896e-06,-5.56198063e-06,-0.000106467252,-4.63377246e-06,0.000127571709,0.000145297532,9.86570489e-05,-1.19367339e-06,-4.93176918e-07,-3.20499857e-05,-0.000189552335,3.76318427e-05,-3.37016219e-05,-1.59273422e-05
0.691,5.48315075e-06,-5.47392069e-06,-0.000104610811,-7.64079695e-06,0.000125978577,0.00014425953,9.82112284e-05,-1.14371961e-06,-3.78961995e-07,-3.15093736e-05,-0.000187389425,3.68222241e-05,-3.34725551e-05,-1.58000102e-05
0.692,5.45539141e-06,-5.38440017e-06,-0.000102804367,-1.05560675e-05,0.000124359568,0.000143224626,9.77687331e-05,-1.09456643e-06,-2.69373128e-07,-3.09922155e-05,-0.000185172611,3.59723773e-05,-3.3242273e-05,-1.56723462e-05
0.693,5.42914598e-06,-5.29358485e-06,-0.000101046503,-1.33787232e-05,0.000122714508,0.000142192972,9.73295471e-05,-1.04627586e-06,-1.64449917e-07,-3.04971307e-05,-0.000182902367,3.508175e-05,-3.30104062e-05,-1.55443318e-05
0.694,5.40434958e-06,-5.2016326e-06,-9.93357918e-05,-1.61079236e-05,0.000121043264,0.000141164733,9.68936774e-05,-9.98909183e-07,-6.42201822e-08,-3.00227505e-05,-0.000180579323,3.41498715e-05,-3.27765855e-05,-1.54159676e-05
0.695,5.38093424e-06,-5.10870321e-06,-9.76707968e-05,-1.87428335e-05,0.000119345793,0.000140140086,9.64611169e-05,-9.525266e-07,3.12919063e-08,-2.95677318e-05,-0.00017820428,3.31763875e-05,-3.25404437e-05,-1.52872606e-05
0.696,5.35882726e-06,-5.01496669e-06,-9.60500946e-05,-2.12826141e-05,0.000117622193,0.000139119228,9.60318206e-05,-9.07185517e-07,1.22067275e-07,-2.91307732e-05,-0.000175778218,3.21610907e-05,-3.23016068e-05,-1.51582097e-05
0.697,5.33795148e-06,-4.92060363e-06,-9.44722897e-05,-2.37264351e-05,0.000115872716,0.000138102375,9.56057111e-05,-8.62939323e-07,2.08096755e-07,-2.87106178e-05,-0.000173302323,3.11039332e-05,-3.20596828e-05,-1.50288007e-05
0.698,5.31822586e-06,-4.82579863e-06,-9.29360145e-05,-2.6073498e-05,0.000114097745,0.00013708976,9.51826998e-05,-8.19838243e-07,2.89383901e-07,-2.83060468e-05,-0.000170778005,3.00050258e-05,-3.18142595e-05,-1.48990121e-05
0.699,5.29956698e-06,-4.73072919e-06,-9.14399101e-05,-2.83230658e-05,0.000112297745,0.000136081626,9.47627164e-05,-7.77932164e-07,3.65944079e-07,-2.79158679e-05,-0.000168206897,2.88646272e-05,-3.15649103e-05,-1.47688296e-05
0.7,5.28188918e-06,-4.63555951e-06,-8.99826046e-05,-3.04744836e-05,0.000110473228,0.000135078221,9.4345715e-05,-7.37272612e-07,4.37799683e-07,-2.75389105e-05,-0.000165590859,2.76831431e-05,-3.1311205e-05,-1.46382536e-05
0.701,5.26510644e-06,-4.54043787e-06,-8.85627052e-05,-3.25271982e-05,0.000108624747,0.00013407979,9.39316651e-05,-6.9791207e-07,5.04981453e-07,-2.71740227e-05,-0.000162931963,2.64611256e-05,-3.10527138e-05,-1.45072948e-05
0.702,5.24913957e-06,-4.44549927e-06,-8.71788212e-05,-3.44808063e-05,0.000106752886,0.000133086586,9.35205525e-05,-6.59893993e-07,5.67547834e-07,-2.68200627e-05,-0.00016023249,2.51992774e-05,-3.07890256e-05,-1.4375984e-05
0.703,5.23392278e-06,-4.35086642e-06,-8.58295934e-05,-3.63351102e-05,0.000104858255,0.000132098881,9.31123856e-05,-6.23243868e-07,6.25600544e-07,-2.64758769e-05,-0.000157494928,2.38984498e-05,-3.0519755e-05,-1.42443773e-05
0.704,5.21940485e-06,-4.2566528e-06,-8.45137139e-05,-3.80901414e-05,0.000102941498,0.000131116973,9.27072049e-05,-5.8796659e-07,6.79288858e-07,-2.61403011e-05,-0.000154721979,2.25596565e-05,-3.02445494e-05,-1.41125664e-05
0.705,5.20553747e-06,-4.16297363e-06,-8.32299278e-05,-3.97461035e-05,0.000101003373,0.00013014118,9.23050602e-05,-5.54055466e-07,7.28787414e-07,-2.58122102e-05,-0.000151916573,2.11841197e-05,-2.9963084e-05,-1.39806707e-05
0.706,5.1922506e-06,-4.06996143e-06,-8.19770006e-05,-4.13032387e-05,9.90448879e-05,0.000129171811,9.19059395e-05,-5.21515537e-07,7.74243666e-07,-2.54905956e-05,-0.000149081894,1.9773331e-05,-2.96750298e-05,-1.38487885e-05
0.707,5.17944019e-06,-3.97777535e-06,-8.07537056e-05,-4.27617618e-05,9.70673648e-05,0.000128209146,9.15097355e-05,-4.90374244e-07,8.15753648e-07,-2.51746069e-05,-0.000146221397,1.83290805e-05,-2.93800349e-05,-1.37169645e-05
0.708,5.16697282e-06,-3.88659461e-06,-7.95588175e-05,-4.41218981e-05,9.50723896e-05,0.000127253434,9.11162491e-05,-4.60677949e-07,8.53369049e-07,-2.48635322e-05,-0.000143338787,1.68534311e-05,-2.90777327e-05,-1.35851894e-05
0.709,5.15471482e-06,-3.79659358e-06,-7.83911385e-05,-4.53840594e-05,9.30616207e-05,0.000126304914,9.07252718e-05,-4.32467577e-07,8.87152398e-07,-2.45567072e-05,-0.000140437955,1.53486291e-05,-2.87677814e-05,-1.3453452e-05
0.71,5.14256431e-06,-3.70791483e-06,-7.7249527e-05,-4.65490205e-05,9.10365848e-05,0.00012536383,9.03366762e-05,-4.0575325e-07,9.17235519e-07,-2.42534309e-05,-0.000137522901,1.38170074e-05,-2.84499077e-05,-1.33218023e-05
0.711,5.13045744e-06,-3.62065825e-06,-7.61328842e-05,-4.76179478e-05,8.89986167e-05,0.000124430434,8.99504179e-05,-3.80513219e-07,9.43822121e-07,-2.39529529e-05,-0.000134597671,1.22609369e-05,-2.81239113e-05,-1.3190358e-05
0.712,5.11835831e-06,-3.53488697e-06,-7.50401342e-05,-4.85923308e-05,8.6948906e-05,0.000123504963,8.95665054e-05,-3.56704431e-07,9.67160298e-07,-2.36545188e-05,-0.000131666331,1.06828365e-05,-2.77896565e-05,-1.3059288e-05
0.713,5.10623521e-06,-3.45064187e-06,-7.3970193e-05,-4.94738596e-05,8.48886183e-05,0.000122587622,8.91849429e-05,-3.34283095e-07,9.8749299e-07,-2.33574389e-05,-0.00012873297,9.08521486e-06,-2.74470425e-05,-1.29287662e-05
0.714,5.09404739e-06,-3.36795415e-06,-7.29219737e-05,-5.0264357e-05,8.28189793e-05,0.000121678576,8.8805709e-05,-3.13214287e-07,1.00503583e-06,-2.30611255e-05,-0.000125801718,7.47069901e-06,-2.70959859e-05,-1.27989431e-05
0.715,5.08174605e-06,-3.28684932e-06,-7.1894417e-05,-5.09657857e-05,8.07412908e-05,0.000120777948,8.84287682e-05,-2.93468374e-07,1.01998503e-06,-2.27650896e-05,-0.000122876742,5.84203698e-06,-2.67364284e-05,-1.26699523e-05
0.716,5.06927916e-06,-3.20735318e-06,-7.08865168e-05,-5.15802607e-05,7.86569305e-05,0.000119885829,8.80540674e-05,-2.75014579e-07,1.03253118e-06,-2.24689324e-05,-0.000119962224,4.20208618e-06,-2.63683542e-05,-1.2541925e-05
0.717,5.05659714e-06,-3.12949554e-06,-6.98973347e-05,-5.21100687e-05,7.65673448e-05,0.000119002294,8.7681527e-05,-2.57816087e-07,1.04286799e-06,-2.21723291e-05,-0.000117062335,2.5537809e-06,-2.59917949e-05,-1.24149925e-05
0.718,5.04365404e-06,-3.05330885e-06,-6.89259934e-05,-5.25576713e-05,7.44740365e-05,0.000118127405,8.73110362e-05,-2.41830364e-07,1.05119083e-06,-2.18750187e-05,-0.000114181196,9.00097432e-07,-2.56068256e-05,-1.22892819e-05
0.719,5.0304091e-06,-2.97882191e-06,-6.79716708e-05,-5.29257098e-05,7.23785309e-05,0.000117261207,8.69424696e-05,-2.27010019e-07,1.05769827e-06,-2.15767959e-05,-0.000111322843,-7.55982031e-07,-2.52135589e-05,-1.21649121e-05
0.72,5.01682964e-06,-2.90604538e-06,-6.70335886e-05,-5.32170269e-05,7.0282312e-05,0.000116403725,8.6575728e-05,-2.13303078e-07,1.06259384e-06,-2.1277493e-05,-0.000108491188,-2.41150542e-06,-2.48121474e-05,-1.20420039e-05
0.721,5.00289239e-06,-2.83496431e-06,-6.61109989e-05,-5.34346703e-05,6.81867779e-05,0.000115554956,8.62107617e-05,-2.00653514e-07,1.0660828e-06,-2.09769719e-05,-0.000105689966,-4.06357537e-06,-2.44027929e-05,-1.19206917e-05
0.722,4.98858246e-06,-2.76554112e-06,-6.52031781e-05,-5.35818664e-05,6.60932377e-05,0.000114714868,8.58475657e-05,-1.89002352e-07,1.06836587e-06,-2.06751281e-05,-0.000102922704,-5.70936426e-06,-2.39857516e-05,-1.18011275e-05
0.723,4.97388933e-06,-2.69772881e-06,-6.4309435e-05,-5.36619585e-05,6.40029636e-05,0.000113883397,8.54861382e-05,-1.78289699e-07,1.06963101e-06,-2.0371907e-05,-0.000100192708,-7.34611911e-06,-2.35613281e-05,-1.16834687e-05
0.724,4.95880314e-06,-2.63148642e-06,-6.34291295e-05,-5.3678339e-05,6.19172504e-05,0.000113060443,8.51264398e-05,-1.68456555e-07,1.07005199e-06,-2.006732e-05,-9.75030705e-05,-8.97116829e-06,-2.312986e-05,-1.15678553e-05
0.725,4.94331397e-06,-2.56678205e-06,-6.25616805e-05,-5.36344221e-05,5.98374279e-05,0.000112245873,8.47683861e-05,-1.5944538e-07,1.06978996e-06,-1.976144e-05,-9.48566704e-05,-1.05819372e-05,-2.26917092e-05,-1.14543991e-05
0.726,4.92741392e-06,-2.50358623e-06,-6.17065552e-05,-5.35336465e-05,5.77648244e-05,0.000111439522,8.44118659e-05,-1.51199389e-07,1.06899307e-06,-1.9454388e-05,-9.22561488e-05,-1.21759598e-05,-2.2247271e-05,-1.13432015e-05
0.727,4.9111011e-06,-2.44185797e-06,-6.08632553e-05,-5.33794994e-05,5.57007001e-05,0.000110641186,8.40567829e-05,-1.43661045e-07,1.06779996e-06,-1.91463092e-05,-8.9703883e-05,-1.37508948e-05,-2.17969846e-05,-1.12343753e-05
0.728,4.89438162e-06,-2.381538e-06,-6.0031313e-05,-5.31755174e-05,5.36462139e-05,0.000109850621,8.37030784e-05,-1.36771976e-07,1.06634282e-06,-1.88373559e-05,-8.72019773e-05,-1.53045413e-05,-2.13413268e-05,-1.11280457e-05
0.729,4.87726834e-06,-2.32255207e-06,-5.92102961e-05,-5.29252571e-05,5.16024316e-05,0.000109067539,8.33507292e-05,-1.30473439e-07,1.0647499e-06,-1.85276861e-05,-8.47522726e-05,-1.68348438e-05,-2.08808013e-05,-1.10243407e-05
0.73,4.85977715e-06,-2.26482355e-06,-5.83998176e-05,-5.26322392e-05,4.9570372e-05,0.000108291618,8.29997153e-05,-1.24707843e-07,1.06314395e-06,-1.82174774e-05,-8.2356365e-05,-1.83398862e-05,-2.04159272e-05,-1.09233753e-05
0.731,4.84192318e-06,-2.20828362e-06,-5.75995329e-05,-5.22999093e-05,4.75510532e-05,0.000107522504,8.26499865e-05,-1.19420642e-07,1.06163337e-06,-1.79069341e-05,-8.00156186e-05,-1.98178876e-05,-1.99472319e-05,-1.08252441e-05
0.732,4.82372035e-06,-2.1528724e-06,-5.68091365e-05,-5.1931623e-05,4.55454979e-05,0.00010675982,8.23014589e-05,-1.14560525e-07,1.06031028e-06,-1.75962849e-05,-7.77311705e-05,-2.12672027e-05,-1.94752482e-05,-1.0730023e-05
0.733,4.80518343e-06,-2.09853373e-06,-5.60283616e-05,-5.15306517e-05,4.35547074e-05,0.00010600316,8.19540373e-05,-1.10078784e-07,1.05925772e-06,-1.72857683e-05,-7.55039373e-05,-2.26863317e-05,-1.90005086e-05,-1.06377648e-05
0.734,4.78633096e-06,-2.04520524e-06,-5.5256974e-05,-5.11001965e-05,4.15796149e-05,0.000105252085,8.16076473e-05,-1.05928011e-07,1.05855559e-06,-1.69756168e-05,-7.33346099e-05,-2.40739233e-05,-1.85235525e-05,-1.05485087e-05
0.735,4.76718619e-06,-1.99281551e-06,-5.44947611e-05,-5.06433808e-05,3.96210631e-05,0.000104506113,8.12622439e-05,-1.02061878e-07,1.05827983e-06,-1.66660546e-05,-7.12236462e-05,-2.54287645e-05,-1.8044939e-05,-1.04622944e-05
0.736,4.7477755e-06,-1.94128717e-06,-5.37415203e-05,-5.01632281e-05,3.76798147e-05,0.000103764723,8.09177967e-05,-9.84360415e-08,1.05849406e-06,-1.6357304e-05,-6.91712687e-05,-2.6749762e-05,-1.75652597e-05,-1.03791767e-05
0.737,4.72812522e-06,-1.890546e-06,-5.29970582e-05,-4.96626272e-05,3.57565934e-05,0.000103027349,8.05742616e-05,-9.50093241e-08,1.05924319e-06,-1.60495964e-05,-6.71774849e-05,-2.80359275e-05,-1.70851354e-05,-1.02992232e-05
0.738,4.70825977e-06,-1.84052814e-06,-5.22612054e-05,-4.91443074e-05,3.38521214e-05,0.000102293389,8.02315649e-05,-9.17445586e-08,1.06055966e-06,-1.57431725e-05,-6.52421302e-05,-2.92863774e-05,-1.66051978e-05,-1.02224877e-05
0.739,4.68820178e-06,-1.79117983e-06,-5.15338223e-05,-4.86108384e-05,3.19671249e-05,0.00010156221,7.98896076e-05,-8.86082477e-08,1.06246868e-06,-1.54382757e-05,-6.33648963e-05,-3.05003301e-05,-1.61260807e-05,-1.01489992e-05
0.74,4.66797355e-06,-1.74245169e-06,-5.08147883e-05,-4.80646443e-05,3.01023083e-05,0.00010083315,7.95482822e-05,-8.55692769e-08,1.06498871e-06,-1.51351466e-05,-6.15453345e-05,-3.16770886e-05,-1.56484296e-05,-1.00787805e-05
0.741,4.64759898e-06,-1.69429166e-06,-5.01039909e-05,-4.75080241e-05,2.82583253e-05,0.00010010552,7.92074948e-05,-8.25981873e-08,1.06813114e-06,-1.4834013e-05,-5.9782855e-05,-3.28160289e-05,-1.51729091e-05,-1.0011862e-05
0.742,4.62710386e-06,-1.64664296e-06,-4.94013243e-05,-4.69431588e-05,2.64357732e-05,9.93785997e-05,7.88671729e-05,-7.96668326e-08,1.07190205e-06,-1.45350848e-05,-5.80767412e-05,-3.39165949e-05,-1.47001999e-05,-9.94827934e-06
0.743,4.60651487e-06,-1.59944743e-06,-4.87066987e-05,-4.63721049e-05,2.46352087e-05,9.8651651e-05,7.85272643e-05,-7.67485148e-08,1.0763097e-06,-1.42385541e-05,-5.64261809e-05,-3.4978301e-05,-1.4230987e-05,-9.88805177e-06
0.744,4.58585779e-06,-1.55265091e-06,-4.80200444e-05,-4.57967824e-05,2.28571764e-05,9.792392e-05,7.81877215e-05,-7.38187177e-08,1.08136456e-06,-1.39445999e-05,-5.48302893e-05,-3.60007303e-05,-1.37659534e-05,-9.83117159e-06
0.745,4.56515618e-06,-1.50620568e-06,-4.73413017e-05,-4.52189683e-05,2.1102226e-05,9.71946381e-05,7.78484891e-05,-7.08556926e-08,1.08707045e-06,-1.36533949e-05,-5.32881117e-05,-3.69835201e-05,-1.3305788e-05,-9.77761783e-06
0.746,4.54443155e-06,-1.46007027e-06,-4.66704142e-05,-4.46402987e-05,1.93709123e-05,9.64630195e-05,7.75095026e-05,-6.78404203e-08,1.09342134e-06,-1.33651087e-05,-5.17986234e-05,-3.7926347e-05,-1.28511957e-05,-9.72736751e-06
0.747,4.52370453e-06,-1.41420644e-06,-4.60073284e-05,-4.40622795e-05,1.76637849e-05,9.57282586e-05,7.71706974e-05,-6.47561823e-08,1.10040456e-06,-1.30799025e-05,-5.03607362e-05,-3.88289175e-05,-1.24029038e-05,-9.68039259e-06
0.748,4.50299591e-06,-1.36857736e-06,-4.53519963e-05,-4.3486294e-05,1.59813765e-05,9.49895315e-05,7.68320178e-05,-6.15876128e-08,1.10800718e-06,-1.27979265e-05,-4.8973309e-05,-3.96909571e-05,-1.19616693e-05,-9.63665572e-06
0.749,4.48232675e-06,-1.3231476e-06,-4.47043725e-05,-4.2913602e-05,1.4324204e-05,9.42459958e-05,7.64934131e-05,-5.83210691e-08,1.11621483e-06,-1.25193226e-05,-4.76351538e-05,-4.05121943e-05,-1.15282885e-05,-9.59611668e-06
0.75,4.46171733e-06,-1.27788496e-06,-4.40644038e-05,-4.2345334e-05,1.26927752e-05,9.34967883e-05,7.61548319e-05,-5.49442965e-08,1.12500302e-06,-1.22442314e-05,-4.63450358e-05,-4.12923419e-05,-1.11036045e-05,-9.55875576e-06
0.751,4.44118564e-06,-1.23276185e-06,-4.34320323e-05,-4.17824897e-05,1.10876041e-05,9.27410273e-05,7.58162212e-05,-5.14470895e-08,1.13433743e-06,-1.19727925e-05,-4.51016913e-05,-4.20310991e-05,-1.0688501e-05,-9.52456696e-06
0.752,4.42074715e-06,-1.18775508e-06,-4.28072047e-05,-4.122595e-05,9.50922174e-06,9.19778218e-05,7.5477531e-05,-4.78218288e-08,1.14418122e-06,-1.17051394e-05,-4.39038482e-05,-4.27281662e-05,-1.02838913e-05,-9.49353316e-06
0.753,4.40041635e-06,-1.14284524e-06,-4.21898753e-05,-4.06764915e-05,7.95817542e-06,9.12062845e-05,7.51387172e-05,-4.40625657e-08,1.15449919e-06,-1.14413965e-05,-4.2750236e-05,-4.3383246e-05,-9.89071451e-06,-9.46562006e-06
0.754,4.38020694e-06,-1.09801597e-06,-4.1580002e-05,-4.01347981e-05,6.43502158e-06,9.04255419e-05,7.47997452e-05,-4.01642249e-08,1.16525631e-06,-1.11816804e-05,-4.16395817e-05,-4.39960331e-05,-9.509939e-06,-9.44078326e-06
0.755,4.36013141e-06,-1.05325312e-06,-4.09775398e-05,-3.96014728e-05,4.9403222e-06,8.96347389e-05,7.44605947e-05,-3.612212e-08,1.17641272e-06,-1.09260997e-05,-4.05706032e-05,-4.45662101e-05,-9.14256321e-06,-9.41897528e-06
0.756,4.34020154e-06,-1.00854482e-06,-4.03824465e-05,-3.90770468e-05,3.47464674e-06,8.88330486e-05,7.41212627e-05,-3.19320617e-08,1.18792937e-06,-1.06747517e-05,-3.95420195e-05,-4.50934601e-05,-8.78960947e-06,-9.40012916e-06
0.757,4.32042823e-06,-9.63880357e-07,-3.97946915e-05,-3.85619877e-05,2.03857669e-06,8.80196769e-05,7.37817688e-05,-2.75908727e-08,1.1997757e-06,-1.04277187e-05,-3.85525647e-05,-4.55774892e-05,-8.45211725e-06,-9.38413664e-06
0.758,4.30082118e-06,-9.19249596e-07,-3.92142489e-05,-3.80566948e-05,6.32704872e-07,8.71938558e-05,7.34421549e-05,-2.30969335e-08,1.21192456e-06,-1.01850711e-05,-3.76009822e-05,-4.60180215e-05,-8.13114894e-06,-9.37086362e-06
0.759,4.28138846e-06,-8.74643831e-07,-3.86410865e-05,-3.75614883e-05,-7.42366987e-07,8.63548352e-05,7.31024793e-05,-1.84505318e-08,1.22434252e-06,-9.94687664e-06,-3.66860129e-05,-4.64147767e-05,-7.82780102e-06,-9.36017978e-06
0.76,4.26213624e-06,-8.30058345e-07,-3.80751611e-05,-3.70766023e-05,-2.08602543e-06,8.55018859e-05,7.27628052e-05,-1.36536904e-08,1.23698419e-06,-9.71320563e-06,-3.58063902e-05,-4.67674501e-05,-7.54320951e-06,-9.35197108e-06
0.761,4.24306888e-06,-7.85495146e-07,-3.75164281e-05,-3.66021919e-05,-3.39763744e-06,8.46343188e-05,7.24231908e-05,-8.70964357e-09,1.24979871e-06,-9.48413048e-06,-3.4960853e-05,-4.70757164e-05,-7.27854422e-06,-9.3461192e-06
0.762,4.22418948e-06,-7.40963446e-07,-3.696485e-05,-3.61383465e-05,-4.67654733e-06,8.37515034e-05,7.20836873e-05,-3.62273434e-09,1.26273745e-06,-9.25972117e-06,-3.41481575e-05,-4.73392463e-05,-7.03499816e-06,-9.34247891e-06
0.763,4.20549976e-06,-6.964774e-07,-3.64203911e-05,-3.56850928e-05,-5.92208823e-06,8.28528674e-05,7.17443478e-05,1.60188826e-09,1.27575042e-06,-9.04004562e-06,-3.33670735e-05,-4.75577115e-05,-6.81378014e-06,-9.34089317e-06
0.764,4.18700015e-06,-6.52051984e-07,-3.5883009e-05,-3.52423982e-05,-7.13360072e-06,8.19378877e-05,7.14052473e-05,6.95796489e-09,1.28878263e-06,-8.825168e-06,-3.26163759e-05,-4.77307979e-05,-6.61610482e-06,-9.34121022e-06
0.765,4.16868995e-06,-6.07700214e-07,-3.53526559e-05,-3.48101827e-05,-8.31044104e-06,8.10060919e-05,7.10664947e-05,1.24376224e-08,1.30177632e-06,-8.61514215e-06,-3.18948439e-05,-4.78582358e-05,-6.44317639e-06,-9.34327325e-06
0.766,4.1505674e-06,-5.63433654e-07,-3.48292872e-05,-3.43883342e-05,-9.45197633e-06,8.00570764e-05,7.07282324e-05,1.80315448e-08,1.3146781e-06,-8.41000658e-06,-3.12012663e-05,-4.79398322e-05,-6.29616943e-06,-9.34689494e-06
0.767,4.1326296e-06,-5.19267148e-07,-3.43128688e-05,-3.3976716e-05,-1.05575705e-05,7.90905306e-05,7.03906166e-05,2.37294246e-08,1.32744208e-06,-8.20978636e-06,-3.05344451e-05,-4.79754868e-05,-6.17621237e-06,-9.35184176e-06
0.768,4.11487176e-06,-4.75222685e-07,-3.38033724e-05,-3.35751633e-05,-1.162658e-05,7.81062476e-05,7.00538016e-05,2.95207433e-08,1.34002209e-06,-8.01449858e-06,-2.98931899e-05,-4.79651868e-05,-6.08437687e-06,-9.35784539e-06
0.769,4.09728738e-06,-4.31329411e-07,-3.33007734e-05,-3.31834821e-05,-1.26583623e-05,7.71041239e-05,6.97179392e-05,3.53948567e-08,1.35237033e-06,-7.82415368e-06,-2.92763169e-05,-4.79090136e-05,-6.02166815e-06,-9.3646096e-06
0.77,4.07986898e-06,-3.8761809e-07,-3.28050514e-05,-3.28014594e-05,-1.36522945e-05,7.60841471e-05,6.9383195e-05,4.13400649e-08,1.36444313e-06,-7.63874783e-06,-2.86826501e-05,-4.78071683e-05,-5.98901578e-06,-9.37180341e-06
0.771,4.06260877e-06,-3.44115471e-07,-3.23161864e-05,-3.24288636e-05,-1.46077954e-05,7.5046375e-05,6.90497655e-05,4.73429827e-08,1.37620277e-06,-7.45825972e-06,-2.81110197e-05,-4.76599833e-05,-5.98726792e-06,-9.3790724e-06
0.772,4.04549846e-06,-3.00844062e-07,-3.18341516e-05,-3.20654313e-05,-1.55243348e-05,7.39909201e-05,6.87178745e-05,5.33884656e-08,1.38761215e-06,-7.28265613e-06,-2.75602615e-05,-4.74679063e-05,-6.01718629e-06,-9.38606429e-06
0.773,4.02852829e-06,-2.57827748e-07,-3.1358908e-05,-3.17108525e-05,-1.64014274e-05,7.2917952e-05,6.83877492e-05,5.94605411e-08,1.39862612e-06,-7.1119018e-06,-2.70292217e-05,-4.72314772e-05,-6.07943689e-06,-9.39244842e-06
0.774,4.01168682e-06,-2.1509865e-07,-3.08904151e-05,-3.13647766e-05,-1.7238611e-05,7.18277272e-05,6.80595881e-05,6.554308e-08,1.4091951e-06,-6.94596224e-06,-2.65167713e-05,-4.6951337e-05,-6.17457133e-06,-9.39789548e-06
0.775,3.99496167e-06,-1.72698217e-07,-3.04286428e-05,-3.10268338e-05,-1.80354382e-05,7.07206109e-05,6.77335503e-05,7.16197066e-08,1.41927422e-06,-6.78479743e-06,-2.60218174e-05,-4.66282628e-05,-6.30300632e-06,-9.40204685e-06
0.776,3.97833994e-06,-1.30672508e-07,-2.99735682e-05,-3.06966449e-05,-1.87915009e-05,6.95970652e-05,6.74097755e-05,7.76740609e-08,1.42882451e-06,-6.62835745e-06,-2.55432984e-05,-4.62631883e-05,-6.46500868e-06,-9.40452259e-06
0.777,3.96180849e-06,-8.90638139e-08,-2.95251608e-05,-3.03738195e-05,-1.95064754e-05,6.84576123e-05,6.70884235e-05,8.3689575e-08,1.43780939e-06,-6.47657855e-06,-2.50801711e-05,-4.58572133e-05,-6.66068689e-06,-9.40494866e-06
0.778,3.94535377e-06,-4.7905783e-08,-2.90833753e-05,-3.00579592e-05,-2.01801491e-05,6.73028113e-05,6.6769696e-05,8.96493105e-08,1.44619319e-06,-6.32937833e-06,-2.46314025e-05,-4.54116174e-05,-6.88998224e-06,-9.40296482e-06
0.779,3.92896207e-06,-7.22485041e-09,-2.86481614e-05,-2.97486727e-05,-2.08124134e-05,6.61332685e-05,6.64538267e-05,9.55358682e-08,1.453949e-06,-6.18665104e-06,-2.41959751e-05,-4.49278875e-05,-7.15265685e-06,-9.39820011e-06
0.78,3.91261993e-06,3.29523924e-08,-2.82194775e-05,-2.94455889e-05,-2.14032362e-05,6.49496672e-05,6.61410435e-05,1.0133199e-07,1.46106418e-06,-6.04826917e-06,-2.37728981e-05,-4.44077255e-05,-7.44828452e-06,-9.39025007e-06
0.781,3.89631396e-06,7.25929384e-08,-2.77972896e-05,-2.91483449e-05,-2.1952653e-05,6.37527748e-05,6.5831541e-05,1.07022241e-07,1.46753344e-06,-5.9140941e-06,-2.33612171e-05,-4.38530116e-05,-7.77625358e-06,-9.37869468e-06
0.782,3.88003077e-06,1.11657351e-07,-2.73815628e-05,-2.88565725e-05,-2.24607798e-05,6.25434242e-05,6.55254792e-05,1.12593304e-07,1.47335204e-06,-5.78398417e-06,-2.29600204e-05,-4.32657616e-05,-8.13577858e-06,-9.363125e-06
0.783,3.86375622e-06,1.50106071e-07,-2.69722541e-05,-2.85698931e-05,-2.29278308e-05,6.13224806e-05,6.52230025e-05,1.18031976e-07,1.47851404e-06,-5.65779522e-06,-2.25684435e-05,-4.26481085e-05,-8.52591378e-06,-9.34315157e-06
0.784,3.84747452e-06,1.87905252e-07,-2.65693103e-05,-2.82879189e-05,-2.33541271e-05,6.00908122e-05,6.49242552e-05,1.23322876e-07,1.48301534e-06,-5.53537999e-06,-2.2185673e-05,-4.20022939e-05,-8.94556355e-06,-9.31840492e-06
0.785,3.83116804e-06,2.25027696e-07,-2.61726653e-05,-2.80102495e-05,-2.37401014e-05,5.88492779e-05,6.4629374e-05,1.28448266e-07,1.48685249e-06,-5.41659059e-06,-2.18109491e-05,-4.13306435e-05,-9.39349479e-06,-9.28854629e-06
0.786,3.8148213e-06,2.61453995e-07,-2.57822341e-05,-2.77364769e-05,-2.40863283e-05,5.75987179e-05,6.43384877e-05,1.33393061e-07,1.4900232e-06,-5.30127643e-06,-2.14435577e-05,-4.06355249e-05,-9.86835615e-06,-9.25330752e-06
0.787,3.79842777e-06,2.97175887e-07,-2.53979166e-05,-2.7466216e-05,-2.43935566e-05,5.63399558e-05,6.40517293e-05,1.38149296e-07,1.49253692e-06,-5.18926871e-06,-2.10828166e-05,-3.99193406e-05,-1.03686975e-05,-9.21250479e-06
0.788,3.78199238e-06,3.32198026e-07,-2.50196064e-05,-2.71991329e-05,-2.46627106e-05,5.50738045e-05,6.37692507e-05,1.42716679e-07,1.4944233e-06,-5.08036947e-06,-2.07280699e-05,-3.91845449e-05,-1.08929772e-05,-9.16602309e-06
0.789,3.76552246e-06,3.66525742e-07,-2.46472033e-05,-2.69349272e-05,-2.48948069e-05,5.38010966e-05,6.34911875e-05,1.47096995e-07,1.49572187e-06,-4.97437423e-06,-2.03787156e-05,-3.84336474e-05,-1.14395435e-05,-9.11377198e-06
0.79,3.74901131e-06,4.00143957e-07,-2.42806221e-05,-2.66732815e-05,-2.50908299e-05,5.25227326e-05,6.32175815e-05,1.51285362e-07,1.49645627e-06,-4.87111471e-06,-2.00342537e-05,-3.7669197e-05,-1.2006609e-05,-9.05562551e-06
0.791,3.73243134e-06,4.33008547e-07,-2.39197967e-05,-2.64138421e-05,-2.52516857e-05,5.12396992e-05,6.29483451e-05,1.55267698e-07,1.49662338e-06,-4.77047608e-06,-1.96943028e-05,-3.68937667e-05,-1.25922514e-05,-8.99139737e-06
0.792,3.71574474e-06,4.6506267e-07,-2.3564675e-05,-2.61562623e-05,-2.53782866e-05,4.99530309e-05,6.26833133e-05,1.59025593e-07,1.4962136e-06,-4.67236482e-06,-1.93585601e-05,-3.61099562e-05,-1.31944556e-05,-8.92086884e-06
0.793,3.69892535e-06,4.96269202e-07,-2.32151981e-05,-2.59002635e-05,-2.5471727e-05,4.86637156e-05,6.24223595e-05,1.62547115e-07,1.49524163e-06,-4.57665318e-06,-1.90267286e-05,-3.53203663e-05,-1.38111874e-05,-8.84388061e-06
0.794,3.68196946e-06,5.26627052e-07,-2.28712787e-05,-2.56456409e-05,-2.55333723e-05,4.73726312e-05,6.21654456e-05,1.65832783e-07,1.49375356e-06,-4.48316351e-06,-1.86984844e-05,-3.45275241e-05,-1.44404472e-05,-8.76041222e-06
0.795,3.66488944e-06,5.56162434e-07,-2.25327956e-05,-2.53922217e-05,-2.55648003e-05,4.60805543e-05,6.19125757e-05,1.68892269e-07,1.49180856e-06,-4.39169577e-06,-1.83735043e-05,-3.37338113e-05,-1.50802847e-05,-8.6705807e-06
0.796,3.64769815e-06,5.8490739e-07,-2.21996093e-05,-2.51398244e-05,-2.55676603e-05,4.47882176e-05,6.16637136e-05,1.71735728e-07,1.48945713e-06,-4.30206823e-06,-1.80515181e-05,-3.29414425e-05,-1.57287818e-05,-8.57457224e-06
0.797,3.63039969e-06,6.12885923e-07,-2.18715827e-05,-2.48882556e-05,-2.55435715e-05,4.34963531e-05,6.14187412e-05,1.74367653e-07,1.4867367e-06,-4.21413502e-06,-1.77323366e-05,-3.21524908e-05,-1.6384033e-05,-8.47257962e-06
0.798,3.61299113e-06,6.40114215e-07,-2.15485869e-05,-2.46373263e-05,-2.54941152e-05,4.22056962e-05,6.11774694e-05,1.76788491e-07,1.48367555e-06,-4.12777928e-06,-1.74158437e-05,-3.13688991e-05,-1.70441474e-05,-8.36480253e-06
0.799,3.59546784e-06,6.66602938e-07,-2.12304992e-05,-2.43868623e-05,-2.54208575e-05,4.09169808e-05,6.09396503e-05,1.78999729e-07,1.48029706e-06,-4.04290482e-06,-1.71019783e-05,-3.05924728e-05,-1.7707259e-05,-8.25147772e-06
0.8,3.57782788e-06,6.92360434e-07,-2.09172029e-05,-2.41367188e-05,-2.53253695e-05,3.96309458e-05,6.07049859e-05,1.81005691e-07,1.47662363e-06,-3.95942208e-06,-1.67907106e-05,-2.98248919e-05,-1.83715447e-05,-8.13287684e-06
0.801,3.56007209e-06,7.17394661e-07,-2.06085904e-05,-2.3886789e-05,-2.5209231e-05,3.83483355e-05,6.0473143e-05,1.82812453e-07,1.47268225e-06,-3.87724094e-06,-1.64820275e-05,-2.90677352e-05,-1.90352301e-05,-8.00929245e-06
0.802,3.54220321e-06,7.41718036e-07,-2.03045585e-05,-2.36370027e-05,-2.50740423e-05,3.70698745e-05,6.02437868e-05,1.84426575e-07,1.46850831e-06,-3.79626813e-06,-1.61759219e-05,-2.83224815e-05,-1.96965932e-05,-7.88104396e-06
0.803,3.52422447e-06,7.65351681e-07,-2.00049952e-05,-2.33873104e-05,-2.49214364e-05,3.57962421e-05,6.0016597e-05,1.85855264e-07,1.46413845e-06,-3.71641025e-06,-1.58723925e-05,-2.75904731e-05,-2.03539772e-05,-7.74849606e-06
0.804,3.50613919e-06,7.88324239e-07,-1.97097771e-05,-2.31376737e-05,-2.47530632e-05,3.45280688e-05,5.97912581e-05,1.87106859e-07,1.45960658e-06,-3.63757905e-06,-1.55714489e-05,-2.6872894e-05,-2.10057945e-05,-7.61206819e-06
0.805,3.48795089e-06,8.10665905e-07,-1.94187825e-05,-2.28880704e-05,-2.45705466e-05,3.32659639e-05,5.95674295e-05,1.88189664e-07,1.45494561e-06,-3.55969255e-06,-1.5273114e-05,-2.61707891e-05,-2.16505225e-05,-7.4722142e-06
0.806,3.4696635e-06,8.32401884e-07,-1.91319032e-05,-2.26384977e-05,-2.43754417e-05,3.20105445e-05,5.93447134e-05,1.89111278e-07,1.45018858e-06,-3.48267855e-06,-1.4977428e-05,-2.54850839e-05,-2.22866958e-05,-7.32940545e-06
0.807,3.45128115e-06,8.53550836e-07,-1.88490421e-05,-2.23889634e-05,-2.41692188e-05,3.07624387e-05,5.91226411e-05,1.8987916e-07,1.44536446e-06,-3.40648057e-06,-1.46844544e-05,-2.48165689e-05,-2.29129065e-05,-7.18413953e-06
0.808,3.43280808e-06,8.74128983e-07,-1.85701012e-05,-2.21394737e-05,-2.3953274e-05,2.95222621e-05,5.89006858e-05,1.90502073e-07,1.4404928e-06,-3.3310608e-06,-1.43942802e-05,-2.41658676e-05,-2.35278078e-05,-7.03696638e-06
0.809,3.4142492e-06,8.94156403e-07,-1.82949763e-05,-2.1890038e-05,-2.37289459e-05,2.8290591e-05,5.86782944e-05,1.90989345e-07,1.43558813e-06,-3.25639238e-06,-1.41070056e-05,-2.35334443e-05,-2.41301109e-05,-6.88850075e-06
0.81,3.39561048e-06,9.13659003e-07,-1.80235613e-05,-2.16406783e-05,-2.34975188e-05,2.70679598e-05,5.84549072e-05,1.91349592e-07,1.43066608e-06,-3.1824506e-06,-1.38227333e-05,-2.2919639e-05,-2.47185736e-05,-6.73941578e-06
0.811,3.37689821e-06,9.32664428e-07,-1.77557532e-05,-2.13914276e-05,-2.32602086e-05,2.58548819e-05,5.82299457e-05,1.91591173e-07,1.42574269e-06,-3.10921407e-06,-1.3541567e-05,-2.23246929e-05,-2.52919854e-05,-6.59043433e-06
0.812,3.35811816e-06,9.51196234e-07,-1.74914556e-05,-2.11423239e-05,-2.30181479e-05,2.46518805e-05,5.8002792e-05,1.91723216e-07,1.42083044e-06,-3.03666969e-06,-1.32636162e-05,-2.17487638e-05,-2.58491567e-05,-6.4423179e-06
0.813,3.33927525e-06,9.69272656e-07,-1.72305817e-05,-2.08934128e-05,-2.27723886e-05,2.34595018e-05,5.77727932e-05,1.91755588e-07,1.41593907e-06,-2.96481021e-06,-1.29889914e-05,-2.11919506e-05,-2.6388912e-05,-6.29585635e-06
0.814,3.32037454e-06,9.86910508e-07,-1.69730555e-05,-2.06447567e-05,-2.2523922e-05,2.22783047e-05,5.75392957e-05,1.91697453e-07,1.41108344e-06,-2.89362594e-06,-1.27177927e-05,-2.06543191e-05,-2.69100825e-05,-6.1518689e-06
0.815,3.30142167e-06,1.00412976e-06,-1.6718805e-05,-2.03964323e-05,-2.22736978e-05,2.11088386e-05,5.73016696e-05,1.91557191e-07,1.40628349e-06,-2.82310196e-06,-1.24501065e-05,-2.01358895e-05,-2.74115092e-05,-6.01122079e-06
0.816,3.28242268e-06,1.02095415e-06,-1.64677539e-05,-2.01485166e-05,-2.20226188e-05,1.99516322e-05,5.70593023e-05,1.91343734e-07,1.40155692e-06,-2.7532249e-06,-1.21860159e-05,-1.96365983e-05,-2.78920445e-05,-5.87484353e-06
0.817,3.26338345e-06,1.03740771e-06,-1.62198231e-05,-1.99010792e-05,-2.17715172e-05,1.88071995e-05,5.68115796e-05,1.91067095e-07,1.39691549e-06,-2.68399114e-06,-1.19256115e-05,-1.9156288e-05,-2.83505454e-05,-5.74373992e-06
0.818,3.24430953e-06,1.05351134e-06,-1.59749386e-05,-1.96541877e-05,-2.15211345e-05,1.7676061e-05,5.65578742e-05,1.90736899e-07,1.39236696e-06,-2.61540736e-06,-1.16689917e-05,-1.86947329e-05,-2.87858663e-05,-5.61896467e-06
0.819,3.22520644e-06,1.06928158e-06,-1.57330364e-05,-1.94079135e-05,-2.12721178e-05,1.65587574e-05,5.62975464e-05,1.90360916e-07,1.38791717e-06,-2.54748794e-06,-1.14162592e-05,-1.82516637e-05,-2.91968595e-05,-5.50160635e-06
0.82,3.20607925e-06,1.08473149e-06,-1.54940575e-05,-1.9162327e-05,-2.10250262e-05,1.54558428e-05,5.60299523e-05,1.89946689e-07,1.38356749e-06,-2.48025674e-06,-1.11675228e-05,-1.78267564e-05,-2.9582376e-05,-5.39279391e-06
0.821,3.18693294e-06,1.0998731e-06,-1.52579431e-05,-1.89174945e-05,-2.07803452e-05,1.4367871e-05,5.57544621e-05,1.89502709e-07,1.37931424e-06,-2.41374543e-06,-1.09228972e-05,-1.74196213e-05,-2.99412695e-05,-5.29370469e-06
0.822,3.16777279e-06,1.11471951e-06,-1.50246358e-05,-1.86734845e-05,-2.05385065e-05,1.32953931e-05,5.54704853e-05,1.89037615e-07,1.37515291e-06,-2.34798675e-06,-1.06824935e-05,-1.70298206e-05,-3.0272403e-05,-5.20555467e-06
0.823,3.14860439e-06,1.12928468e-06,-1.47940831e-05,-1.84303728e-05,-2.02999008e-05,1.22389684e-05,5.51774854e-05,1.88559038e-07,1.37108116e-06,-2.28301044e-06,-1.04464122e-05,-1.66568897e-05,-3.05746579e-05,-5.12957718e-06
0.824,3.12943287e-06,1.14358113e-06,-1.45662377e-05,-1.81882407e-05,-2.00648788e-05,1.11991775e-05,5.48749767e-05,1.8807384e-07,1.36709659e-06,-2.2188459e-06,-1.02147438e-05,-1.63003424e-05,-3.08469456e-05,-5.06700403e-06
0.825,3.11026217e-06,1.15761849e-06,-1.43410569e-05,-1.79471705e-05,-1.98337517e-05,1.01766297e-05,5.45625213e-05,1.87588983e-07,1.36319397e-06,-2.15552565e-06,-9.98757134e-06,-1.59596664e-05,-3.10882202e-05,-5.01905229e-06
0.826,3.09109568e-06,1.17140459e-06,-1.41185038e-05,-1.77072507e-05,-1.96068018e-05,9.17196396e-06,5.42397409e-05,1.87110613e-07,1.35936826e-06,-2.09308178e-06,-9.76496547e-06,-1.56343309e-05,-3.1297493e-05,-4.9869094e-06
0.827,3.07193724e-06,1.18494727e-06,-1.38985484e-05,-1.74685796e-05,-1.9384292e-05,8.1858455e-06,5.39063255e-05,1.8664329e-07,1.35561747e-06,-2.03154215e-06,-9.54698028e-06,-1.53237868e-05,-3.14738484e-05,-4.97172265e-06
0.828,3.05279124e-06,1.19825426e-06,-1.36811637e-05,-1.72312594e-05,-1.91664554e-05,7.21895801e-06,5.35620219e-05,1.86190933e-07,1.35193898e-06,-1.97093364e-06,-9.33366008e-06,-1.50274476e-05,-3.16164567e-05,-4.97459555e-06
0.829,3.03366194e-06,1.2113316e-06,-1.34663236e-05,-1.69953871e-05,-1.89534729e-05,6.27199732e-06,5.32066132e-05,1.85758079e-07,1.34832461e-06,-1.91128874e-06,-9.12504951e-06,-1.4744673e-05,-3.17245822e-05,-4.99658211e-06
0.83,3.0145529e-06,1.22418277e-06,-1.32540036e-05,-1.67610548e-05,-1.87454651e-05,5.34567156e-06,5.28399119e-05,1.85349135e-07,1.34476052e-06,-1.85264653e-06,-8.92119324e-06,-1.44747793e-05,-3.17975932e-05,-5.03866766e-06
0.831,2.99546692e-06,1.23680929e-06,-1.30441838e-05,-1.65283555e-05,-1.85425024e-05,4.44070649e-06,5.24617666e-05,1.84966411e-07,1.34123126e-06,-1.79504808e-06,-8.72212636e-06,-1.42170643e-05,-3.18349796e-05,-5.10174195e-06
0.832,2.97640621e-06,1.24921085e-06,-1.28368485e-05,-1.62973849e-05,-1.83446153e-05,3.55784676e-06,5.20720634e-05,1.84610433e-07,1.3377205e-06,-1.73853394e-06,-8.52787073e-06,-1.39708127e-05,-3.18363701e-05,-5.18658243e-06
0.833,2.95737268e-06,1.26138504e-06,-1.26319855e-05,-1.60682379e-05,-1.8151799e-05,2.69785451e-06,5.16707205e-05,1.84281828e-07,1.33421e-06,-1.68314367e-06,-8.33843742e-06,-1.37352899e-05,-3.18015448e-05,-5.29384642e-06
0.834,2.93836855e-06,1.27332776e-06,-1.24295864e-05,-1.58410107e-05,-1.79640243e-05,1.8615092e-06,5.1257689e-05,1.83981748e-07,1.33068116e-06,-1.62891311e-06,-8.15382435e-06,-1.35097467e-05,-3.17304505e-05,-5.42405957e-06
0.835,2.91939642e-06,1.28503449e-06,-1.22296481e-05,-1.56158046e-05,-1.77812539e-05,1.04960722e-06,5.083296e-05,1.83710354e-07,1.32711807e-06,-1.57587023e-06,-7.97400797e-06,-1.32934339e-05,-3.16232175e-05,-5.57759878e-06
0.836,2.90045855e-06,1.29650108e-06,-1.20321705e-05,-1.53927252e-05,-1.76034456e-05,2.62953269e-07,5.03965628e-05,1.83465801e-07,1.3235074e-06,-1.52403515e-06,-7.79893997e-06,-1.3085607e-05,-3.14801725e-05,-5.75468162e-06
0.837,2.88155584e-06,1.30772301e-06,-1.18371542e-05,-1.51718755e-05,-1.74305402e-05,-4.97654479e-07,4.99485509e-05,1.83245226e-07,1.31983511e-06,-1.47342426e-06,-7.62855307e-06,-1.28855201e-05,-3.13018404e-05,-5.95536674e-06
0.838,2.86268813e-06,1.31869472e-06,-1.16446002e-05,-1.49533535e-05,-1.72624529e-05,-1.23143191e-06,4.94889889e-05,1.83045203e-07,1.31608599e-06,-1.4240512e-06,-7.46276506e-06,-1.26924269e-05,-3.10889423e-05,-6.17955264e-06
0.839,2.8438554e-06,1.32940919e-06,-1.14545129e-05,-1.47372545e-05,-1.70990736e-05,-1.93760831e-06,4.90179428e-05,1.82861706e-07,1.31224578e-06,-1.37592483e-06,-7.30147925e-06,-1.25055916e-05,-3.08423933e-05,-6.4269734e-06
0.84,2.82505852e-06,1.33985767e-06,-1.12669007e-05,-1.45236716e-05,-1.69402641e-05,-2.61543186e-06,4.85354711e-05,1.82690505e-07,1.30830184e-06,-1.32904855e-06,-7.14458699e-06,-1.23242952e-05,-3.05632965e-05,-6.69719921e-06
0.841,2.80629867e-06,1.3500299e-06,-1.10817735e-05,-1.43126906e-05,-1.67858513e-05,-3.26418873e-06,4.80416202e-05,1.82527709e-07,1.30424137e-06,-1.28342193e-06,-6.99197173e-06,-1.21478375e-05,-3.02529324e-05,-6.9896439e-06
0.842,2.78757627e-06,1.35991552e-06,-1.08991392e-05,-1.41043868e-05,-1.66356269e-05,-3.88322736e-06,4.75364277e-05,1.82369326e-07,1.30005061e-06,-1.23904149e-06,-6.84350911e-06,-1.19755407e-05,-2.99127482e-05,-7.30357452e-06
0.843,2.76889052e-06,1.36950514e-06,-1.07190028e-05,-1.38988247e-05,-1.64893556e-05,-4.47197414e-06,4.70199325e-05,1.82210247e-07,1.2957168e-06,-1.19589968e-06,-6.69906282e-06,-1.18067586e-05,-2.954435e-05,-7.63811741e-06
0.844,2.75023986e-06,1.37879007e-06,-1.0541367e-05,-1.36960598e-05,-1.63467836e-05,-5.02993775e-06,4.64921764e-05,1.82044264e-07,1.2912287e-06,-1.15398335e-06,-6.55848388e-06,-1.16408829e-05,-2.91494954e-05,-7.99226066e-06
0.845,2.73162281e-06,1.3877607e-06,-1.03662347e-05,-1.34961387e-05,-1.62076399e-05,-5.55670817e-06,4.59531998e-05,1.81865478e-07,1.28657644e-06,-1.11327351e-06,-6.42161529e-06,-1.14773466e-05,-2.87300798e-05,-8.36485908e-06
0.846,2.71303872e-06,1.39640578e-06,-1.01936103e-05,-1.32990996e-05,-1.60716406e-05,-6.05196e-06,4.54030427e-05,1.81669253e-07,1.2817527e-06,-1.07374567e-06,-6.28829538e-06,-1.13156274e-05,-2.82881187e-05,-8.75464439e-06
0.847,2.69448751e-06,1.4047141e-06,-1.00234976e-05,-1.31049724e-05,-1.59384979e-05,-6.51546871e-06,4.48417571e-05,1.81451104e-07,1.27675322e-06,-1.03536866e-06,-6.15835483e-06,-1.11552507e-05,-2.78257347e-05,-9.16023864e-06
0.848,2.67596854e-06,1.41267666e-06,-9.85589618e-06,-1.29137766e-05,-1.58079238e-05,-6.94713643e-06,4.42694197e-05,1.81205636e-07,1.27157601e-06,-9.98105406e-07,-6.03161492e-06,-1.0995787e-05,-2.73451365e-05,-9.58017589e-06
0.849,2.65747965e-06,1.42028696e-06,-9.69079792e-06,-1.27255164e-05,-1.56796252e-05,-7.34701044e-06,4.36861341e-05,1.80926932e-07,1.26621993e-06,-9.61915573e-07,-5.9078921e-06,-1.08368488e-05,-2.68485896e-05,-1.00129259e-05
0.85,2.63901775e-06,1.42753985e-06,-9.52818933e-06,-1.2540181e-05,-1.55533006e-05,-7.71527911e-06,4.30920261e-05,1.80609212e-07,1.2606843e-06,-9.26756747e-07,-5.78700347e-06,-1.06780945e-05,-2.63383885e-05,-1.04569075e-05
0.851,2.62058032e-06,1.43442973e-06,-9.36805554e-06,-1.23577496e-05,-1.54286443e-05,-8.05225336e-06,4.24872375e-05,1.80247516e-07,1.25497002e-06,-8.92584377e-07,-5.66877107e-06,-1.05192349e-05,-2.58168337e-05,-1.09104959e-05
0.852,2.60216626e-06,1.44095002e-06,-9.21038241e-06,-1.21781935e-05,-1.53053516e-05,-8.3583563e-06,4.18719263e-05,1.79838126e-07,1.24908036e-06,-8.59351938e-07,-5.55302438e-06,-1.03600371e-05,-2.52862106e-05,-1.13720331e-05
0.853,2.58377515e-06,1.44709456e-06,-9.05515358e-06,-1.20014753e-05,-1.51831226e-05,-8.63413326e-06,4.12462756e-05,1.7937807e-07,1.24302016e-06,-8.2701149e-07,-5.43959996e-06,-1.02003196e-05,-2.47487672e-05,-1.18398498e-05
0.854,2.56540577e-06,1.45285977e-06,-8.90234607e-06,-1.1827546e-05,-1.50616666e-05,-8.88026848e-06,4.06105054e-05,1.78864132e-07,1.23679473e-06,-7.95514649e-07,-5.32833955e-06,-1.00399449e-05,-2.42066915e-05,-1.23122907e-05
0.855,2.54705543e-06,1.45824542e-06,-8.75192865e-06,-1.1656344e-05,-1.49407045e-05,-9.09758667e-06,3.9964877e-05,1.7829238e-07,1.23040936e-06,-7.64813483e-07,-5.21908999e-06,-9.87881509e-06,-2.36620901e-05,-1.27877333e-05
0.856,2.52872092e-06,1.46325307e-06,-8.60386495e-06,-1.14877983e-05,-1.48199701e-05,-9.28703099e-06,3.93096854e-05,1.77658976e-07,1.22386963e-06,-7.34861035e-07,-5.11170657e-06,-9.71687253e-06,-2.31169713e-05,-1.32645946e-05
0.857,2.51040021e-06,1.46788412e-06,-8.45811823e-06,-1.13218333e-05,-1.46992138e-05,-9.44963134e-06,3.8645249e-05,1.76961227e-07,1.21718239e-06,-7.05611168e-07,-5.00605643e-06,-9.55410231e-06,-2.25732328e-05,-1.37413322e-05
0.858,2.49209324e-06,1.47213929e-06,-8.31465322e-06,-1.11583722e-05,-1.45782052e-05,-9.58648608e-06,3.79719068e-05,1.76197875e-07,1.21035623e-06,-6.77018622e-07,-4.90201969e-06,-9.39053028e-06,-2.20326518e-05,-1.421645e-05
0.859,2.47380034e-06,1.47601945e-06,-8.17343348e-06,-1.09973347e-05,-1.44567316e-05,-9.69876504e-06,3.72900231e-05,1.75368348e-07,1.20339991e-06,-6.4904073e-07,-4.79948986e-06,-9.22621558e-06,-2.14968718e-05,-1.4688513e-05
0.86,2.45551966e-06,1.47952646e-06,-8.03441782e-06,-1.0838634e-05,-1.43345947e-05,-9.7877177e-06,3.65999938e-05,1.74471671e-07,1.19632017e-06,-6.21639769e-07,-4.69837387e-06,-9.06124161e-06,-2.09673901e-05,-1.51561622e-05
0.861,2.43724649e-06,1.48266345e-06,-7.89755951e-06,-1.06821767e-05,-1.42116145e-05,-9.85466571e-06,3.59022478e-05,1.73505736e-07,1.18912161e-06,-5.947829e-07,-4.59858876e-06,-8.89570995e-06,-2.04455562e-05,-1.56181212e-05
0.862,2.41897667e-06,1.48543659e-06,-7.76280743e-06,-1.05278679e-05,-1.40876435e-05,-9.90098113e-06,3.5197241e-05,1.72468174e-07,1.18181019e-06,-5.68436355e-07,-4.50005269e-06,-8.72973271e-06,-1.99325816e-05,-1.60732008e-05
0.863,2.40071104e-06,1.48785691e-06,-7.63010719e-06,-1.03756143e-05,-1.39625768e-05,-9.92806236e-06,3.4485443e-05,1.71359185e-07,1.17439746e-06,-5.42559868e-07,-4.40267973e-06,-8.56342401e-06,-1.94295431e-05,-1.65203107e-05
0.864,2.3824559e-06,1.4899399e-06,-7.49940236e-06,-1.02253241e-05,-1.38363477e-05,-9.93731524e-06,3.37673279e-05,1.70182385e-07,1.16690039e-06,-5.17107217e-07,-4.30638283e-06,-8.39689718e-06,-1.89373792e-05,-1.69584599e-05
0.865,2.36421634e-06,1.49169883e-06,-7.37063948e-06,-1.00769095e-05,-1.37089055e-05,-9.93012959e-06,3.30433724e-05,1.68940743e-07,1.15933316e-06,-4.92037574e-07,-4.21108913e-06,-8.23027919e-06,-1.8456887e-05,-1.73867245e-05
0.866,2.3459887e-06,1.49313661e-06,-7.24377479e-06,-9.93028736e-06,-1.35801897e-05,-9.90785354e-06,3.23140515e-05,1.67632773e-07,1.15170029e-06,-4.67330388e-07,-4.11675838e-06,-8.06373181e-06,-1.79887173e-05,-1.78042083e-05
0.867,2.32776042e-06,1.49424548e-06,-7.11877409e-06,-9.78537862e-06,-1.3450123e-05,-9.87178476e-06,3.157983e-05,1.66253407e-07,1.14399622e-06,-4.42986787e-07,-4.02338648e-06,-7.89745177e-06,-1.75333727e-05,-1.82100433e-05
0.868,2.30951889e-06,1.49501757e-06,-6.9956028e-06,-9.64210538e-06,-1.3318636e-05,-9.82318635e-06,3.08411559e-05,1.64799217e-07,1.1362139e-06,-4.19012698e-07,-3.93098415e-06,-7.73164033e-06,-1.70912143e-05,-1.8603441e-05
0.869,2.29126029e-06,1.49545638e-06,-6.87421655e-06,-9.50039002e-06,-1.31856987e-05,-9.76330259e-06,3.00984622e-05,1.63271251e-07,1.12835438e-06,-3.95400114e-07,-3.83954809e-06,-7.56647098e-06,-1.66624856e-05,-1.89837343e-05
0.87,2.27298929e-06,1.49557687e-06,-6.75456143e-06,-9.3601564e-06,-1.30513231e-05,-9.69335367e-06,2.93521709e-05,1.61673702e-07,1.12042742e-06,-3.72126322e-07,-3.7490551e-06,-7.40208584e-06,-1.62473356e-05,-1.93503647e-05
0.871,2.25471185e-06,1.4953964e-06,-6.63658165e-06,-9.22133035e-06,-1.29155371e-05,-9.6145149e-06,2.86026937e-05,1.60011521e-07,1.11244532e-06,-3.49168263e-07,-3.65948091e-06,-7.23861501e-06,-1.58458268e-05,-1.97028342e-05
0.872,2.23642926e-06,1.4949276e-06,-6.52022532e-06,-9.0838402e-06,-1.27783667e-05,-9.52790351e-06,2.78504373e-05,1.58288733e-07,1.10441521e-06,-3.26512585e-07,-3.57081666e-06,-7.07619123e-06,-1.5457942e-05,-2.00406672e-05
0.873,2.21813898e-06,1.49417886e-06,-6.40544597e-06,-8.94762013e-06,-1.26398466e-05,-9.43457517e-06,2.70958117e-05,1.56507401e-07,1.09634063e-06,-3.04153026e-07,-3.48306207e-06,-6.91494974e-06,-1.50836078e-05,-2.03633957e-05
0.874,2.19983803e-06,1.49315734e-06,-6.29220281e-06,-8.81261312e-06,-1.25000334e-05,-9.33552141e-06,2.63392339e-05,1.54667381e-07,1.08822545e-06,-2.82084193e-07,-3.39621356e-06,-6.75502464e-06,-1.47227187e-05,-2.06705559e-05
0.875,2.18152457e-06,1.49186916e-06,-6.18046018e-06,-8.67876823e-06,-1.23589967e-05,-9.23166358e-06,2.55811152e-05,1.5276901e-07,1.08007554e-06,-2.60301825e-07,-3.31026897e-06,-6.59654872e-06,-1.43751279e-05,-2.09616964e-05
0.876,2.16319718e-06,1.49031928e-06,-6.07018421e-06,-8.54603665e-06,-1.22168034e-05,-9.12385275e-06,2.48218506e-05,1.5081444e-07,1.07189494e-06,-2.38804743e-07,-3.22523663e-06,-6.43965082e-06,-1.40406246e-05,-2.12363955e-05
0.877,2.14485507e-06,1.48851392e-06,-5.96133919e-06,-8.41437193e-06,-1.20735187e-05,-9.01287275e-06,2.40618203e-05,1.48805384e-07,1.06368516e-06,-2.17593704e-07,-3.14113036e-06,-6.28445258e-06,-1.37189337e-05,-2.14942719e-05
0.878,2.12649849e-06,1.48646178e-06,-5.85388685e-06,-8.28373092e-06,-1.1929207e-05,-8.89943568e-06,2.33013878e-05,1.46741927e-07,1.05544727e-06,-1.96671889e-07,-3.05796662e-06,-6.13107089e-06,-1.34097178e-05,-2.17349854e-05
0.879,2.10812768e-06,1.4841706e-06,-5.74778876e-06,-8.15407087e-06,-1.17839094e-05,-8.7841673e-06,2.2540883e-05,1.44626823e-07,1.04718028e-06,-1.76049624e-07,-2.97578225e-06,-5.97962565e-06,-1.31125578e-05,-2.19582377e-05
0.88,2.08974161e-06,1.48164367e-06,-5.64301035e-06,-8.02534953e-06,-1.16376374e-05,-8.66760261e-06,2.17806044e-05,1.42468254e-07,1.03887989e-06,-1.55746181e-07,-2.89464372e-06,-5.83024463e-06,-1.28269592e-05,-2.21637592e-05
0.881,2.07133892e-06,1.47888191e-06,-5.53952365e-06,-7.89753202e-06,-1.14904078e-05,-8.55021127e-06,2.10208656e-05,1.40275022e-07,1.0305428e-06,-1.35782412e-07,-2.81462058e-06,-5.6830591e-06,-1.25524231e-05,-2.23512733e-05
0.882,2.05291939e-06,1.47588899e-06,-5.43730487e-06,-7.77059438e-06,-1.13422796e-05,-8.43244219e-06,2.02620458e-05,1.38051287e-07,1.02217046e-06,-1.1617092e-07,-2.73575488e-06,-5.53818829e-06,-1.22885074e-05,-2.25204825e-05
0.883,2.03448293e-06,1.47267041e-06,-5.33633229e-06,-7.64451472e-06,-1.11933396e-05,-8.31474347e-06,1.95045874e-05,1.35802417e-07,1.01377148e-06,-9.69191487e-08,-2.65807162e-06,-5.39573161e-06,-1.20348035e-05,-2.26710931e-05
0.884,2.01602828e-06,1.46922891e-06,-5.23658453e-06,-7.51926632e-06,-1.10436815e-05,-8.19756966e-06,1.87489845e-05,1.33538381e-07,1.00536332e-06,-7.80374789e-08,-2.58159068e-06,-5.25576402e-06,-1.17908998e-05,-2.28028443e-05
0.885,1.99755352e-06,1.46557283e-06,-5.13802869e-06,-7.39482967e-06,-1.0893434e-05,-8.08142548e-06,1.79958252e-05,1.31256943e-07,9.96940727e-07,-5.95177914e-08,-2.50629833e-06,-5.11829278e-06,-1.15563911e-05,-2.29155569e-05
0.886,1.9790564e-06,1.46170927e-06,-5.04063305e-06,-7.27118907e-06,-1.07427399e-05,-7.96681067e-06,1.72457496e-05,1.28950153e-07,9.88497749e-07,-4.13527633e-08,-2.4321648e-06,-4.98330493e-06,-1.13308707e-05,-2.3009093e-05
0.887,1.96053346e-06,1.4576405e-06,-4.94437297e-06,-7.14832856e-06,-1.05917146e-05,-7.85415656e-06,1.64993865e-05,1.26614423e-07,9.80031184e-07,-2.35462574e-08,-2.35918218e-06,-4.85079912e-06,-1.1113878e-05,-2.30833549e-05
0.888,1.94198015e-06,1.45336357e-06,-4.84922792e-06,-7.0262319e-06,-1.04404306e-05,-7.74379932e-06,1.57573249e-05,1.24252758e-07,9.71536229e-07,-6.11394952e-09,-2.28737662e-06,-4.72078596e-06,-1.09048756e-05,-2.3138301e-05
0.889,1.9233929e-06,1.44887759e-06,-4.75517397e-06,-6.90489068e-06,-1.02889512e-05,-7.63600784e-06,1.50201498e-05,1.21864202e-07,9.62996909e-07,1.09306108e-08,-2.21677759e-06,-4.59326381e-06,-1.07033001e-05,-2.31739457e-05
0.89,1.90476974e-06,1.44418424e-06,-4.66218736e-06,-6.78430372e-06,-1.01373451e-05,-7.53098871e-06,1.42884617e-05,1.19444151e-07,9.54395092e-07,2.75738308e-08,-2.14741015e-06,-4.46822983e-06,-1.05086101e-05,-2.31903155e-05
0.891,1.88611012e-06,1.43928032e-06,-4.57024972e-06,-6.66447227e-06,-9.98567729e-06,-7.42887009e-06,1.35628749e-05,1.16992008e-07,9.45726107e-07,4.3787803e-08,-2.07931151e-06,-4.34570841e-06,-1.03203056e-05,-2.31873978e-05
0.892,1.86741583e-06,1.43417744e-06,-4.47932601e-06,-6.54541716e-06,-9.83404712e-06,-7.32976714e-06,1.28440706e-05,1.14492964e-07,9.36937689e-07,5.95763853e-08,-2.01250657e-06,-4.22567757e-06,-1.01379427e-05,-2.31652092e-05
0.893,1.84869496e-06,1.42889106e-06,-4.38940515e-06,-6.42716681e-06,-9.682573e-06,-7.23368535e-06,1.21327708e-05,1.11950454e-07,9.28019206e-07,7.49335305e-08,-1.94704825e-06,-4.10822709e-06,-9.96120572e-06,-2.31235809e-05
0.894,1.82996254e-06,1.42342999e-06,-4.30052471e-06,-6.30974505e-06,-9.5313743e-06,-7.14048077e-06,1.14297271e-05,1.09407886e-07,9.19059837e-07,8.98131719e-08,-1.88304283e-06,-3.99364415e-06,-9.78991705e-06,-2.3062073e-05
0.895,1.81123478e-06,1.4178049e-06,-4.21272254e-06,-6.19318016e-06,-9.38058782e-06,-7.05001958e-06,1.07357593e-05,1.0691081e-07,9.10151939e-07,1.04174865e-07,-1.82058999e-06,-3.88220644e-06,-9.6239235e-06,-2.29802943e-05
0.896,1.79252252e-06,1.41203423e-06,-4.12599319e-06,-6.07751092e-06,-9.23037569e-06,-6.96232032e-06,1.00517593e-05,1.04467683e-07,9.01299378e-07,1.18022727e-07,-1.75972047e-06,-3.7739813e-06,-9.46298437e-06,-2.28782163e-05
0.897,1.77382912e-06,1.40613269e-06,-4.04031549e-06,-5.96277334e-06,-9.08089063e-06,-6.87748916e-06,9.37862422e-06,1.02067128e-07,8.92466366e-07,1.31373924e-07,-1.7004218e-06,-3.66890287e-06,-9.30676115e-06,-2.27561089e-05
0.898,1.75515271e-06,1.40008722e-06,-3.95569667e-06,-5.84898178e-06,-8.93223259e-06,-6.7955823e-06,8.71718687e-06,9.97149253e-08,8.83681673e-07,1.44195754e-07,-1.64269508e-06,-3.56695033e-06,-9.1548547e-06,-2.26143252e-05
0.899,1.73648432e-06,1.3938908e-06,-3.8721158e-06,-5.73615618e-06,-8.784482e-06,-6.71670869e-06,8.06821392e-06,9.7390011e-08,8.7489793e-07,1.56492454e-07,-1.58650023e-06,-3.46794003e-06,-9.00675313e-06,-2.24535547e-05
0.9,1.71781321e-06,1.38753491e-06,-3.78953504e-06,-5.62431776e-06,-8.63770034e-06,-6.64096846e-06,7.43239501e-06,9.50579728e-08,8.66037067e-07,1.68280467e-07,-1.53177371e-06,-3.37160939e-06,-8.86190105e-06,-2.22746731e-05
0.901,1.69913192e-06,1.38101736e-06,-3.70792808e-06,-5.51349171e-06,-8.49194392e-06,-6.56837117e-06,6.81036711e-06,9.2694889e-08,8.57035282e-07,1.79580081e-07,-1.47846805e-06,-3.27774755e-06,-8.71979933e-06,-2.20785161e-05
0.902,1.68044151e-06,1.37432503e-06,-3.62732064e-06,-5.40369713e-06,-8.34726356e-06,-6.49874469e-06,6.20275486e-06,9.03219841e-08,8.47943439e-07,1.90361496e-07,-1.42660201e-06,-3.18637921e-06,-8.5800968e-06,-2.18656124e-05
0.903,1.66174599e-06,1.36745578e-06,-3.54774123e-06,-5.2949642e-06,-8.20372779e-06,-6.43187402e-06,5.61018699e-06,8.79630808e-08,8.38804931e-07,2.00610166e-07,-1.37620339e-06,-3.0975555e-06,-8.44251737e-06,-2.16364571e-05
0.904,1.64304916e-06,1.36041044e-06,-3.46920415e-06,-5.18732818e-06,-8.06141432e-06,-6.36756634e-06,5.03328237e-06,8.56295622e-08,8.2963608e-07,2.10323843e-07,-1.32728079e-06,-3.01127591e-06,-8.30681188e-06,-2.13916334e-05
0.905,1.6243532e-06,1.35319117e-06,-3.39171012e-06,-5.08082486e-06,-7.92039976e-06,-6.30566411e-06,4.47262917e-06,8.33197786e-08,8.20426774e-07,2.19510552e-07,-1.27981917e-06,-2.92747417e-06,-8.17273691e-06,-2.11318447e-05
0.906,1.60565991e-06,1.34579715e-06,-3.31525984e-06,-4.97548641e-06,-7.78075124e-06,-6.24601167e-06,3.92877386e-06,8.10311736e-08,8.11169835e-07,2.2817518e-07,-1.2337967e-06,-2.84607127e-06,-8.0400647e-06,-2.0857851e-05
0.907,1.58697108e-06,1.33822654e-06,-3.23985754e-06,-4.87134279e-06,-7.64252606e-06,-6.18844035e-06,3.40221494e-06,7.87638895e-08,8.01864301e-07,2.36321261e-07,-1.18919225e-06,-2.76699324e-06,-7.90858665e-06,-2.0570445e-05
0.908,1.56828833e-06,1.33047718e-06,-3.16550963e-06,-4.76842174e-06,-7.50577351e-06,-6.13276861e-06,2.8933994e-06,7.65201006e-08,7.92513747e-07,2.43952007e-07,-1.1459854e-06,-2.69017227e-06,-7.77811294e-06,-2.02704481e-05
0.909,1.54961271e-06,1.32254756e-06,-3.09222163e-06,-4.66674895e-06,-7.37053645e-06,-6.07881004e-06,2.40271823e-06,7.43013636e-08,7.83120546e-07,2.51072896e-07,-1.10415268e-06,-2.61553659e-06,-7.64846984e-06,-1.99587188e-05
0.91,1.53094497e-06,1.31443642e-06,-3.01999753e-06,-4.5663479e-06,-7.23685136e-06,-6.0263763e-06,1.93050249e-06,7.21082286e-08,7.73685457e-07,2.57691581e-07,-1.0636664e-06,-2.54300837e-06,-7.51950139e-06,-1.96361484e-05
0.911,1.51228638e-06,1.30614247e-06,-2.94884062e-06,-4.46724052e-06,-7.10474819e-06,-5.97527651e-06,1.47702166e-06,6.99411132e-08,7.64209395e-07,2.63817563e-07,-1.02449558e-06,-2.472507e-06,-7.39107331e-06,-1.93036493e-05
0.912,1.49363881e-06,1.29766437e-06,-2.87875384e-06,-4.36944693e-06,-6.97425028e-06,-5.92531749e-06,1.0424825e-06,6.78008903e-08,7.54694389e-07,2.69461713e-07,-9.86607187e-07,-2.40395211e-06,-7.26307393e-06,-1.89621459e-05
0.913,1.47500414e-06,1.28900097e-06,-2.80973952e-06,-4.27298458e-06,-6.84537439e-06,-5.8763062e-06,6.27028973e-07,6.56885683e-08,7.45143255e-07,2.74635814e-07,-9.4996654e-07,-2.33726419e-06,-7.13541144e-06,-1.86125704e-05
0.914,1.45638346e-06,1.28015137e-06,-2.7417988e-06,-4.17786725e-06,-6.71813072e-06,-5.82805244e-06,2.30741355e-07,6.36047392e-08,7.35558552e-07,2.7935218e-07,-9.14537472e-07,-2.27236383e-06,-7.00801037e-06,-1.82558608e-05
0.915,1.43777727e-06,1.2711149e-06,-2.67493165e-06,-4.08410529e-06,-6.59252324e-06,-5.78037025e-06,-1.46362826e-07,6.15495568e-08,7.25942547e-07,2.8362366e-07,-8.80282619e-07,-2.20917211e-06,-6.88081166e-06,-1.78929546e-05
0.916,1.41918625e-06,1.26189094e-06,-2.60913746e-06,-3.99170691e-06,-6.46855063e-06,-5.73307802e-06,-5.04326673e-07,5.95232499e-08,7.16297733e-07,2.87463871e-07,-8.47164112e-07,-2.1476125e-06,-6.75377546e-06,-1.75247788e-05
0.917,1.40061196e-06,1.25247892e-06,-2.54441526e-06,-3.90067901e-06,-6.34620704e-06,-5.68599972e-06,-8.43250715e-07,5.75264818e-08,7.06627368e-07,2.90887279e-07,-8.15144137e-07,-2.08761231e-06,-6.62688242e-06,-1.71522419e-05
0.918,1.38205633e-06,1.24287851e-06,-2.48076337e-06,-3.81102651e-06,-6.22548242e-06,-5.63896675e-06,-1.16329111e-06,5.55601279e-08,6.96935164e-07,2.93908953e-07,-7.8418482e-07,-2.02910247e-06,-6.50013075e-06,-1.67762313e-05
0.919,1.36352083e-06,1.23308984e-06,-2.41817854e-06,-3.72275082e-06,-6.10636207e-06,-5.5918205e-06,-1.46465868e-06,5.36246928e-08,6.87224608e-07,2.96544138e-07,-7.54247804e-07,-1.97201561e-06,-6.37353078e-06,-1.63976149e-05
0.92,1.34500602e-06,1.22311348e-06,-2.35665581e-06,-3.63584952e-06,-5.98882693e-06,-5.54441273e-06,-1.74761682e-06,5.17201476e-08,6.77498708e-07,2.98808074e-07,-7.25294297e-07,-1.91628607e-06,-6.24710263e-06,-1.6017238e-05
0.921,1.32651224e-06,1.21295017e-06,-2.29618928e-06,-3.55031759e-06,-5.8728543e-06,-5.49660567e-06,-2.01247677e-06,4.98463032e-08,6.67760338e-07,3.00715928e-07,-6.97286137e-07,-1.86185132e-06,-6.12087757e-06,-1.56359159e-05
0.922,1.30804057e-06,1.20260063e-06,-2.23677301e-06,-3.46614949e-06,-5.7584197e-06,-5.44827139e-06,-2.25959124e-06,4.80034034e-08,6.58012893e-07,3.02282975e-07,-6.70186855e-07,-1.80865486e-06,-5.99490108e-06,-1.52544239e-05
0.923,1.28959283e-06,1.19206558e-06,-2.17840097e-06,-3.38333903e-06,-5.64549708e-06,-5.39929318e-06,-2.48935044e-06,4.61920845e-08,6.48260197e-07,3.03524361e-07,-6.43961835e-07,-1.7566456e-06,-5.86923062e-06,-1.48734962e-05
0.924,1.27117078e-06,1.18134611e-06,-2.12106608e-06,-3.30187815e-06,-5.53405885e-06,-5.34956639e-06,-2.70218026e-06,4.44128783e-08,6.3850602e-07,3.04455153e-07,-6.18577144e-07,-1.70577618e-06,-5.74393123e-06,-1.44938284e-05
0.925,1.25277514e-06,1.17044382e-06,-2.06475935e-06,-3.22175496e-06,-5.42407452e-06,-5.2989996e-06,-2.89854156e-06,4.26656827e-08,6.28753405e-07,3.05089918e-07,-5.93998881e-07,-1.65600006e-06,-5.61906984e-06,-1.41160822e-05
0.926,1.23440604e-06,1.15936068e-06,-2.00947055e-06,-3.14295526e-06,-5.31551224e-06,-5.24751322e-06,-3.07892454e-06,4.09500507e-08,6.19005059e-07,3.05442995e-07,-5.70193642e-07,-1.60727342e-06,-5.49471696e-06,-1.37408795e-05
0.927,1.21606399e-06,1.14809862e-06,-1.95518928e-06,-3.06546406e-06,-5.20833956e-06,-5.1950394e-06,-3.24384218e-06,3.92657399e-08,6.09263771e-07,3.05528153e-07,-5.47130178e-07,-1.55955674e-06,-5.37094816e-06,-1.33687966e-05
0.928,1.19775069e-06,1.13665953e-06,-1.90190581e-06,-2.98926783e-06,-5.10252584e-06,-5.14152089e-06,-3.39382287e-06,3.76131136e-08,5.9953301e-07,3.05359045e-07,-5.24779888e-07,-1.51281732e-06,-5.24784687e-06,-1.30003584e-05
0.929,1.17946797e-06,1.12504529e-06,-1.8496102e-06,-2.91435238e-06,-4.99804054e-06,-5.08691229e-06,-3.52940961e-06,3.5992591e-08,5.89816054e-07,3.04948388e-07,-5.03116392e-07,-1.46702618e-06,-5.12549785e-06,-1.26360448e-05
0.93,1.16121669e-06,1.11325787e-06,-1.79829182e-06,-2.84070226e-06,-4.89485345e-06,-5.03117886e-06,-3.65115807e-06,3.44040753e-08,5.80115509e-07,3.04308083e-07,-4.82114226e-07,-1.42215709e-06,-5.00398383e-06,-1.22762947e-05
0.931,1.14299623e-06,1.1012992e-06,-1.74793883e-06,-2.76829903e-06,-4.79293265e-06,-4.97429684e-06,-3.75963635e-06,3.28468626e-08,5.70432856e-07,3.03448554e-07,-4.61748912e-07,-1.37818417e-06,-4.8833814e-06,-1.19215103e-05
0.932,1.12480678e-06,1.08917206e-06,-1.69853824e-06,-2.69712334e-06,-4.69224717e-06,-4.916252e-06,-3.85541915e-06,3.13204894e-08,5.60770192e-07,3.02381058e-07,-4.41995889e-07,-1.33508359e-06,-4.76376868e-06,-1.15720514e-05
0.933,1.10665075e-06,1.07688061e-06,-1.65007516e-06,-2.62715427e-06,-4.59276601e-06,-4.85704105e-06,-3.93908592e-06,2.98253197e-08,5.51130987e-07,3.01118366e-07,-4.22830368e-07,-1.29283158e-06,-4.64522657e-06,-1.12282362e-05
0.934,1.08853224e-06,1.06443e-06,-1.60253406e-06,-2.5583719e-06,-4.4944611e-06,-4.7966697e-06,-4.01121276e-06,2.83621751e-08,5.41519832e-07,2.99674542e-07,-4.04227965e-07,-1.25140763e-06,-4.52783922e-06,-1.08903392e-05
0.935,1.07045297e-06,1.05182339e-06,-1.55590166e-06,-2.49075764e-06,-4.39730559e-06,-4.73515077e-06,-4.07236782e-06,2.69312325e-08,5.31939292e-07,2.98059728e-07,-3.86169322e-07,-1.21079584e-06,-4.41168109e-06,-1.05585957e-05
0.936,1.05241075e-06,1.03906077e-06,-1.51016936e-06,-2.4242974e-06,-4.30127718e-06,-4.67250047e-06,-4.12310303e-06,2.55314825e-08,5.2238911e-07,2.9627901e-07,-3.68641389e-07,-1.17098883e-06,-4.29681563e-06,-1.02331995e-05
0.937,1.03440153e-06,1.02614047e-06,-1.46533035e-06,-2.35897768e-06,-4.20635429e-06,-4.60874028e-06,-4.16396044e-06,2.41615266e-08,5.12867479e-07,2.94334513e-07,-3.51634639e-07,-1.13198117e-06,-4.18329667e-06,-9.91431022e-06
0.938,1.01642418e-06,1.01306327e-06,-1.42137526e-06,-2.29478435e-06,-4.11251757e-06,-4.54389895e-06,-4.19547392e-06,2.2820652e-08,5.0337479e-07,2.92232004e-07,-3.35136498e-07,-1.09376626e-06,-4.07118184e-06,-9.60205486e-06
0.939,9.9848085e-07,9.99832786e-07,-1.37829024e-06,-2.23169894e-06,-4.01974564e-06,-4.47801422e-06,-4.21817404e-06,2.15092208e-08,4.93913555e-07,2.89980395e-07,-3.19131127e-07,-1.05633237e-06,-3.96052925e-06,-9.29653408e-06
0.94,9.80575141e-07,9.8645428e-07,-1.33605978e-06,-2.16970262e-06,-3.92801923e-06,-4.41112933e-06,-4.23257871e-06,2.02277874e-08,4.84487298e-07,2.87590193e-07,-3.03601233e-07,-1.01966838e-06,-3.85139583e-06,-8.99782049e-06
0.941,9.62708558e-07,9.72931814e-07,-1.29466887e-06,-2.10877511e-06,-3.83731785e-06,-4.34329064e-06,-4.23919368e-06,1.89765255e-08,4.75097816e-07,2.850688e-07,-2.88532129e-07,-9.83763094e-07,-3.74382594e-06,-8.70596414e-06
0.942,9.4488149e-07,9.59268887e-07,-1.25410406e-06,-2.04889867e-06,-3.74762472e-06,-4.2745458e-06,-4.23850442e-06,1.77549874e-08,4.6574621e-07,2.82422653e-07,-2.73910631e-07,-9.48608615e-07,-3.63785817e-06,-8.4209891e-06
0.943,9.27093496e-07,9.4546765e-07,-1.21435336e-06,-1.99005619e-06,-3.65892337e-06,-4.20494449e-06,-4.23097867e-06,1.65628508e-08,4.56432708e-07,2.79655953e-07,-2.59726779e-07,-9.14197962e-07,-3.53352352e-06,-8.14289541e-06
0.944,9.09345314e-07,9.31530305e-07,-1.1754067e-06,-1.93223497e-06,-3.57120304e-06,-4.13453814e-06,-4.2170584e-06,1.53998685e-08,4.47158264e-07,2.76773572e-07,-2.45971985e-07,-8.80528458e-07,-3.43085403e-06,-7.87165528e-06
0.945,8.91637419e-07,9.17458333e-07,-1.13725436e-06,-1.87542165e-06,-3.48445222e-06,-4.06338001e-06,-4.19716918e-06,1.42661704e-08,4.37923376e-07,2.73778842e-07,-2.32639551e-07,-8.47596655e-07,-3.3298746e-06,-7.60722266e-06
0.946,8.73970792e-07,9.03254504e-07,-1.09988551e-06,-1.81960345e-06,-3.39866173e-06,-3.99152461e-06,-4.1717182e-06,1.31615406e-08,4.28729116e-07,2.70676725e-07,-2.19720697e-07,-8.15398717e-07,-3.23060754e-06,-7.34953669e-06
0.947,8.56345431e-07,8.88921465e-07,-1.0632877e-06,-1.76476403e-06,-3.31381864e-06,-3.91902721e-06,-4.14110223e-06,1.20859306e-08,4.19575857e-07,2.67470996e-07,-2.07206483e-07,-7.83926824e-07,-3.13306538e-06,-7.09852785e-06
0.948,8.38761954e-07,8.74462556e-07,-1.02744886e-06,-1.7108894e-06,-3.22991389e-06,-3.84594323e-06,-4.10569533e-06,1.10389431e-08,4.10464483e-07,2.6416656e-07,-1.95087351e-07,-7.53174881e-07,-3.03725971e-06,-6.85411132e-06
0.949,8.21220417e-07,8.59879454e-07,-9.92358849e-07,-1.65796619e-06,-3.14693808e-06,-3.77232736e-06,-4.06585221e-06,1.00207108e-08,4.01395142e-07,2.60765807e-07,-1.83357263e-07,-7.23137668e-07,-2.94319562e-06,-6.61618773e-06
0.95,8.03721736e-07,8.45174202e-07,-9.58008993e-07,-1.60598491e-06,-3.06488692e-06,-3.69823365e-06,-4.02190196e-06,9.03104104e-09,3.9236852e-07,2.57272138e-07,-1.7201045e-07,-6.93812972e-07,-2.8508788e-06,-6.38464318e-06
0.951,7.86266076e-07,8.30348155e-07,-9.24390224e-07,-1.55493391e-06,-2.98375304e-06,-3.62371486e-06,-3.97416112e-06,8.07023206e-09,3.83384709e-07,2.53687387e-07,-1.61042218e-07,-6.65196163e-07,-2.76030723e-06,-6.15935808e-06
0.952,7.68854231e-07,8.15404384e-07,-8.91492019e-07,-1.50480195e-06,-2.90353117e-06,-3.54882339e-06,-3.92292839e-06,7.13798264e-09,3.74444446e-07,2.50015515e-07,-1.50445104e-07,-6.37281568e-07,-2.67147791e-06,-5.9402083e-06
0.953,7.51486245e-07,8.0034512e-07,-8.5930369e-07,-1.45557573e-06,-2.82421309e-06,-3.47360999e-06,-3.86848993e-06,6.23451486e-09,3.65547886e-07,2.46258703e-07,-1.40212889e-07,-6.10061524e-07,-2.58438085e-06,-5.72706566e-06
0.954,7.3416293e-07,7.8517312e-07,-8.27815688e-07,-1.40724531e-06,-2.74579532e-06,-3.39812457e-06,-3.81110806e-06,5.35948267e-09,3.56695609e-07,2.42420208e-07,-1.30339094e-07,-5.83530584e-07,-2.49900712e-06,-5.51979373e-06
0.955,7.16884492e-07,7.69889497e-07,-7.97020107e-07,-1.35980085e-06,-2.66827296e-06,-3.32241413e-06,-3.75102947e-06,4.51324938e-09,3.47887599e-07,2.38501057e-07,-1.20820195e-07,-5.57683848e-07,-2.41534276e-06,-5.31824973e-06
0.956,6.99651769e-07,7.54496384e-07,-7.66908886e-07,-1.31323431e-06,-2.59164389e-06,-3.24652436e-06,-3.68848194e-06,3.695593e-09,3.39124262e-07,2.3450382e-07,-1.11651348e-07,-5.3251692e-07,-2.33337438e-06,-5.12228767e-06
0.957,6.82464992e-07,7.38995381e-07,-7.37473266e-07,-1.26753531e-06,-2.51590222e-06,-3.17049775e-06,-3.62368451e-06,2.90694516e-09,3.30405684e-07,2.30429873e-07,-1.0282836e-07,-5.08023459e-07,-2.25308308e-06,-4.93176172e-06
0.958,6.65324877e-07,7.23389276e-07,-7.08703666e-07,-1.22269415e-06,-2.4410439e-06,-3.09437596e-06,-3.55684003e-06,2.14708153e-09,3.21732249e-07,2.26282012e-07,-9.43452491e-08,-4.84196525e-07,-2.17444999e-06,-4.74652617e-06
0.959,6.4823172e-07,7.07679678e-07,-6.80591619e-07,-1.17870103e-06,-2.36706338e-06,-3.01819705e-06,-3.48813864e-06,1.41643721e-09,3.1310405e-07,2.22061525e-07,-8.61980218e-08,-4.61029759e-07,-2.09745293e-06,-4.56643279e-06
0.96,6.31186163e-07,6.91868511e-07,-6.53129376e-07,-1.13554807e-06,-2.29395807e-06,-2.94199847e-06,-3.41775184e-06,7.14833474e-10,3.04521164e-07,2.17770214e-07,-7.83824458e-08,-4.38517373e-07,-2.02207012e-06,-4.39133239e-06
0.961,6.1418872e-07,6.75957046e-07,-6.26309925e-07,-1.09322752e-06,-2.22172453e-06,-2.8658142e-06,-3.34583921e-06,4.25773069e-11,2.95983646e-07,2.13409005e-07,-7.08954471e-08,-4.16654105e-07,-1.94827749e-06,-4.22107502e-06
0.962,5.97240066e-07,6.59947421e-07,-6.00125197e-07,-1.05173096e-06,-2.15035953e-06,-2.78967778e-06,-3.27254821e-06,-6.00527423e-10,2.87491493e-07,2.08979351e-07,-6.37326433e-08,-3.95432706e-07,-1.87604961e-06,-4.05551509e-06
0.963,5.80340981e-07,6.43841762e-07,-5.74567146e-07,-1.01105011e-06,-2.0798587e-06,-2.71361844e-06,-3.19801674e-06,-1.21424421e-09,2.79044963e-07,2.04482789e-07,-5.68899557e-08,-3.74846737e-07,-1.80536032e-06,-3.89450735e-06
0.964,5.63491987e-07,6.27642062e-07,-5.4962757e-07,-9.71175899e-07,-2.010217e-06,-2.63766449e-06,-3.12237149e-06,-1.79854929e-09,2.70643861e-07,1.99920327e-07,-5.03634951e-08,-3.54888345e-07,-1.73618169e-06,-3.73791007e-06
0.965,5.46693964e-07,6.11350207e-07,-5.25299461e-07,-9.32101608e-07,-1.94143106e-06,-2.56184001e-06,-3.04572565e-06,-2.3533435e-09,2.62288388e-07,1.95293499e-07,-4.41498799e-08,-3.35552669e-07,-1.66848776e-06,-3.58557924e-06
0.966,5.29947236e-07,5.94967423e-07,-5.01575701e-07,-8.93818575e-07,-1.87349542e-06,-2.48616858e-06,-2.96818367e-06,-2.87850852e-09,2.5397802e-07,1.90602254e-07,-3.82466246e-08,-3.16832458e-07,-1.60224905e-06,-3.43737577e-06
0.967,5.13253049e-07,5.78496085e-07,-4.78449184e-07,-8.56320777e-07,-1.80640713e-06,-2.41066968e-06,-2.88983767e-06,-3.37420542e-09,2.45713052e-07,1.85848506e-07,-3.26500603e-08,-2.98723258e-07,-1.53743952e-06,-3.29315995e-06
0.968,4.96611758e-07,5.61937511e-07,-4.55912152e-07,-8.19598229e-07,-1.74015815e-06,-2.33536194e-06,-2.81077621e-06,-3.8400765e-09,2.37492792e-07,1.81031574e-07,-2.73581093e-08,-2.81216738e-07,-1.47402721e-06,-3.15279918e-06
0.969,4.80024987e-07,5.45294797e-07,-4.33956946e-07,-7.83645137e-07,-1.67474547e-06,-2.26026022e-06,-2.73107296e-06,-4.27658849e-09,2.29317591e-07,1.76153901e-07,-2.23665095e-08,-2.64308696e-07,-1.41198648e-06,-3.01615896e-06
0.97,4.63492788e-07,5.28568606e-07,-4.12576272e-07,-7.48450737e-07,-1.61015903e-06,-2.18537815e-06,-2.65079998e-06,-4.68322244e-09,2.21186364e-07,1.71213626e-07,-1.76744784e-08,-2.47991011e-07,-1.35128381e-06,-2.88311123e-06
0.971,4.4701697e-07,5.11762245e-07,-3.91762672e-07,-7.1401009e-07,-1.54639661e-06,-2.11072607e-06,-2.57001175e-06,-5.06090277e-09,2.13099341e-07,1.6621348e-07,-1.32776488e-08,-2.32260771e-07,-1.29189499e-06,-2.75352517e-06
0.972,4.30597478e-07,4.94875789e-07,-3.71508883e-07,-6.80311465e-07,-1.48344515e-06,-2.03631207e-06,-2.4887666e-06,-5.40877362e-09,2.05055074e-07,1.61150497e-07,-9.17665352e-09,-2.17110083e-07,-1.23378466e-06,-2.62727767e-06
0.973,4.14236819e-07,4.77913489e-07,-3.51806499e-07,-6.47350217e-07,-1.42130228e-06,-1.9621418e-06,-2.40710299e-06,-5.72803708e-09,1.97053895e-07,1.56028187e-07,-5.36637598e-09,-2.02536472e-07,-1.17692985e-06,-2.50424375e-06
0.974,3.97935042e-07,4.6087531e-07,-3.32647988e-07,-6.15113234e-07,-1.35995157e-06,-1.88821773e-06,-2.32506727e-06,-6.01736639e-09,1.89094282e-07,1.50842726e-07,-1.84856267e-09,-1.88531887e-07,-1.12129361e-06,-2.38430693e-06
0.975,3.81695155e-07,4.43766449e-07,-3.1402439e-07,-5.83595952e-07,-1.2993915e-06,-1.81454177e-06,-2.24268085e-06,-6.27836494e-09,1.81176755e-07,1.45598487e-07,1.38303822e-09,-1.75094086e-07,-1.0668554e-06,-2.267349e-06
0.976,3.6551707e-07,4.26586557e-07,-2.95928382e-07,-5.52783913e-07,-1.23960273e-06,-1.74111102e-06,-2.15997766e-06,-6.50927236e-09,1.73299761e-07,1.40290874e-07,4.32563632e-09,-1.62215049e-07,-1.01357732e-06,-2.15326019e-06
0.977,3.49404601e-07,4.0934201e-07,-2.78350268e-07,-5.2267258e-07,-1.18058464e-06,-1.66792392e-06,-2.07696234e-06,-6.71192682e-09,1.65464263e-07,1.3492541e-07,6.98695936e-09,-1.49892173e-07,-9.6144128e-07,-2.04193001e-06
0.978,3.33358068e-07,3.92032666e-07,-2.61282509e-07,-4.93246407e-07,-1.12231426e-06,-1.59497124e-06,-1.99365812e-06,-6.88379604e-09,1.57669114e-07,1.29497276e-07,9.36335032e-09,-1.38117228e-07,-9.10407828e-07,-1.9332559e-06
0.979,3.17382276e-07,3.74666281e-07,-2.44714282e-07,-4.64500442e-07,-1.06479136e-06,-1.52224791e-06,-1.91005395e-06,-7.02669144e-09,1.49915985e-07,1.24013462e-07,1.14645089e-08,-1.26886373e-07,-8.6046086e-07,-1.82713568e-06
0.98,3.01477374e-07,3.57242828e-07,-2.28637699e-07,-4.36417466e-07,-1.00798883e-06,-1.44973784e-06,-1.82616345e-06,-7.137363e-09,1.42204195e-07,1.18469316e-07,1.32866203e-08,-1.16190897e-07,-8.11559019e-07,-1.72347345e-06
0.981,2.85648574e-07,3.39771031e-07,-2.13040864e-07,-4.0899118e-07,-9.5190651e-07,-1.37743286e-06,-1.74196001e-06,-7.2175538e-09,1.34536159e-07,1.12873342e-07,1.48420567e-08,-1.06024681e-07,-7.63687494e-07,-1.6221751e-06
0.982,2.69895717e-07,3.22250966e-07,-1.97915813e-07,-3.82203343e-07,-8.96513263e-07,-1.305309e-06,-1.65744704e-06,-7.26320284e-09,1.26911941e-07,1.07221586e-07,1.61271422e-08,-9.63785479e-08,-7.16802331e-07,-1.52314957e-06
0.983,2.5422479e-07,3.04692007e-07,-1.8325014e-07,-3.56047089e-07,-8.41809125e-07,-1.23335432e-06,-1.57258075e-06,-7.27553081e-09,1.19335124e-07,1.01524146e-07,1.71567631e-08,-8.72434328e-08,-6.70888555e-07,-1.42630933e-06
0.984,2.38635157e-07,2.87094143e-07,-1.69036272e-07,-3.30504363e-07,-7.87759333e-07,-1.16153603e-06,-1.48735225e-06,-7.24961578e-09,1.11806673e-07,9.57783176e-08,1.79276806e-08,-7.86096706e-08,-6.25899008e-07,-1.33156496e-06
0.985,2.23133006e-07,2.69466231e-07,-1.55261945e-07,-3.055674e-07,-7.34364013e-07,-1.08983953e-06,-1.40169782e-06,-7.18611327e-09,1.04331234e-07,8.99954137e-08,1.84577572e-08,-7.04638085e-08,-5.81817821e-07,-1.23883264e-06
0.986,2.07716216e-07,2.51807359e-07,-1.41920595e-07,-2.81218981e-07,-6.81585547e-07,-1.01822374e-06,-1.31559226e-06,-7.07956425e-09,9.69103745e-08,8.41741708e-08,1.87449799e-08,-6.27953436e-08,-5.38594866e-07,-1.14801983e-06
0.987,1.92390822e-07,2.34124553e-07,-1.2900151e-07,-2.57451215e-07,-6.29424597e-07,-9.46671727e-07,-1.22894744e-06,-6.93009713e-09,8.95498925e-08,7.8326414e-08,1.88098015e-08,-5.55857999e-08,-4.96211959e-07,-1.05904177e-06
0.988,1.77152887e-07,2.16415332e-07,-1.1650028e-07,-2.34250266e-07,-5.77842616e-07,-8.75133658e-07,-1.14171567e-06,-6.73207213e-09,8.22516456e-08,7.24521951e-08,1.86511831e-08,-4.88244678e-08,-4.54615106e-07,-9.71795985e-07
0.989,1.62007656e-07,1.98684012e-07,-1.0440911e-07,-2.11609469e-07,-5.26841487e-07,-8.03590745e-07,-1.05378034e-06,-6.48579325e-09,7.50215212e-08,6.65627754e-08,1.82907452e-08,-4.24871799e-08,-4.1377996e-07,-8.86190371e-07
0.99,1.46947906e-07,1.80926219e-07,-9.27263301e-08,-1.89520111e-07,-4.76383954e-07,-7.31983902e-07,-9.65067473e-07,-6.18637214e-09,6.78594776e-08,6.06587721e-08,1.77275828e-08,-3.65636761e-08,-3.73645235e-07,-8.0210417e-07
0.991,1.31976514e-07,1.63143055e-07,-8.14490881e-08,-1.67978553e-07,-4.26474183e-07,-6.60289671e-07,-8.7542859e-07,-5.83519232e-09,6.07704174e-08,5.47493397e-08,1.69813497e-08,-3.10266364e-08,-3.34177555e-07,-7.19426247e-07
0.992,1.17083023e-07,1.45327028e-07,-7.05809091e-08,-1.46985179e-07,-3.77080709e-07,-5.88434203e-07,-7.84755623e-07,-5.42847929e-09,5.37533119e-08,4.88332617e-08,1.60482371e-08,-2.58725141e-08,-2.95310797e-07,-6.37999691e-07
0.993,1.0226814e-07,1.27475476e-07,-6.01261314e-08,-1.26543375e-07,-3.28212535e-07,-5.16385827e-07,-6.92863776e-07,-4.9698683e-09,4.68121919e-08,4.29144e-08,1.49398685e-08,-2.10772838e-08,-2.57001871e-07,-5.57672349e-07
0.994,8.75195006e-08,1.09577161e-07,-5.00933067e-08,-1.06663169e-07,-2.79847357e-07,-4.44063662e-07,-5.9960837e-07,-4.457851e-09,3.99398924e-08,3.69859998e-08,1.36432204e-08,-1.66478177e-08,-2.19180161e-07,-4.78220968e-07
0.995,7.28348149e-08,9.1625495e-08,-4.04945098e-08,-8.73537613e-08,-2.31997076e-07,-3.71438035e-07,-5.04768748e-07,-3.89788576e-09,3.31317205e-08,3.10442085e-08,1.21512671e-08,-1.2572778e-08,-1.81798516e-07,-3.99406744e-07
0.996,5.82008963e-08,7.36012907e-08,-3.13508463e-08,-6.86342489e-08,-1.84648919e-07,-2.9841099e-07,-4.08159373e-07,-3.28635763e-09,2.63799197e-08,2.50711807e-08,1.04292099e-08,-8.89514979e-09,-1.44805228e-07,-3.20880141e-07
0.997,4.36132407e-08,5.54843359e-08,-2.269294e-08,-5.05222724e-08,-1.37813908e-07,-2.24910682e-07,-3.09534728e-07,-2.62222989e-09,1.96913992e-08,1.90432922e-08,8.43736972e-09,-5.66209465e-09,-1.08171355e-07,-2.42252826e-07
0.998,2.90590867e-08,3.72320556e-08,-1.45602745e-08,-3.30390211e-08,-9.14688762e-08,-1.50783545e-07,-2.0871875e-07,-1.88778488e-09,1.30712976e-08,1.29118919e-08,6.10192237e-09,-2.99171732e-09,-7.18617569e-08,-1.62992824e-07
0.999,1.45289469e-08,1.87794071e-08,-6.9887762e-09,-1.61938182e-08,-4.55694966e-08,-7.58909584e-08,-1.05554372e-07,-1.04712315e-09,6.518482e-09,6.60439904e-09,3.33152037e-09,-1.02393277e-09,-3.58261558e-08,-8.25019071e-08
1.0,-0.0,-0.0,-0.0,-0.0,-0.0,-0.0,-0.0,0.0,0.0,0.0,0.0,0.0,0.0,0.0
