r,dnnbi,dne,dni,tbn,ti,te,vfova,cureq,feq,pressure,iota,q,1/D,curvature,shear,eta
0.0,0.9969444,0.9999998,0.9457294,0.8920153,0.9999965,0.9999962,0.3710133,0.0,1.000002,1.0,0.2902977,3.44474,1.000109,0.0,0.0,0.9999863
0.001,0.9969444,0.9999998,0.9457294,0.8920196,0.9999965,0.9999962,0.3710133,-6.716227e-08,1.000002,0.9999975,0.290298,3.444736,1.000108,-0.0006752387,2.339911e-06,1.0
0.002,0.9969197,0.999999,0.9457501,0.8920228,0.9999838,0.9999843,0.3710139,-2.686503e-07,1.000002,0.9999899,0.290299,3.444724,1.000107,-0.001350477,9.780353e-06,1.000041
0.003,0.9968892,0.9999975,0.945784,0.892025,0.9999619,0.9999644,0.3710144,-6.044676e-07,1.000002,0.9999773,0.2903008,3.444703,1.000106,-0.002025716,2.230402e-05,1.000108
0.004,0.9968528,0.9999954,0.945831,0.8920261,0.9999308,0.9999366,0.3710146,-1.07462e-06,1.000002,0.9999596,0.2903033,3.444673,1.000103,-0.002700955,3.989369e-05,1.000201
0.005,0.9968105,0.9999927,0.9458907,0.8920263,0.9998907,0.9999008,0.3710147,-1.679116e-06,1.000002,0.9999368,0.2903066,3.444634,1.0001,-0.003376194,6.25322e-05,1.000321
0.006,0.9967621,0.9999893,0.9459631,0.8920256,0.9998415,0.9998571,0.3710145,-2.417967e-06,1.000002,0.999909,0.2903106,3.444586,1.000096,-0.004051432,9.020248e-05,1.000466
0.007,0.9967076,0.9999853,0.9460479,0.8920241,0.9997833,0.9998055,0.3710142,-3.291185e-06,1.000002,0.9998762,0.2903153,3.44453,1.000092,-0.004726671,0.0001228875,1.000637
0.008,0.996647,0.9999807,0.9461449,0.8920219,0.9997161,0.999746,0.3710137,-4.298786e-06,1.000002,0.9998383,0.2903208,3.444466,1.000087,-0.00540191,0.0001605704,1.000834
0.009,0.9965802,0.9999754,0.946254,0.8920189,0.9996399,0.9996786,0.3710131,-5.440788e-06,1.000002,0.9997954,0.290327,3.444392,1.000081,-0.006077149,0.0002032343,1.001056
0.01,0.9965072,0.9999695,0.9463751,0.8920153,0.9995549,0.9996034,0.3710124,-6.717212e-06,1.000002,0.9997474,0.2903339,3.44431,1.000075,-0.006752388,0.0002508602,1.001303
0.011,0.9964278,0.9999629,0.9465078,0.8920112,0.999461,0.9995204,0.3710115,-8.128079e-06,1.000002,0.9996943,0.2903416,3.444219,1.000068,-0.007427626,0.0003034189,1.001575
0.012,0.996342,0.9999558,0.946652,0.8920065,0.9993583,0.9994296,0.3710105,-9.673414e-06,1.000002,0.9996362,0.2903499,3.44412,1.00006,-0.008102865,0.0003608768,1.001871
0.013,0.9962499,0.9999479,0.9468075,0.8920013,0.9992468,0.9993311,0.3710095,-1.135325e-05,1.000002,0.999573,0.290359,3.444012,1.000052,-0.008778105,0.0004232075,1.002192
0.014,0.9961515,0.9999395,0.9469742,0.8919957,0.9991266,0.9992248,0.3710083,-1.31676e-05,1.000002,0.9995048,0.2903688,3.443896,1.000042,-0.009453344,0.0004903865,1.002536
0.015,0.9960466,0.9999303,0.9471518,0.8919897,0.9989977,0.9991108,0.371007,-1.511652e-05,1.000002,0.9994315,0.2903794,3.443771,1.000033,-0.01012858,0.0005623898,1.002905
0.016,0.9959353,0.9999206,0.9473402,0.8919833,0.9988602,0.998989,0.3710057,-1.720003e-05,1.000002,0.9993532,0.2903906,3.443638,1.000022,-0.01080382,0.0006391931,1.003298
0.017,0.9958176,0.9999102,0.9475391,0.8919767,0.9987141,0.9988596,0.3710043,-1.941817e-05,1.000002,0.9992698,0.2904026,3.443496,1.000011,-0.01147906,0.0007207723,1.003714
0.018,0.9956934,0.9998991,0.9477485,0.8919697,0.9985594,0.9987226,0.3710029,-2.177098e-05,1.000002,0.9991814,0.2904152,3.443346,0.9999992,-0.0121543,0.0008071034,1.004154
0.019,0.9955628,0.9998873,0.947968,0.8919626,0.9983962,0.9985779,0.3710014,-2.42585e-05,1.000002,0.9990879,0.2904286,3.443187,0.9999868,-0.01282954,0.0008981624,1.004616
0.02,0.9954257,0.9998749,0.9481976,0.8919553,0.9982246,0.9984255,0.3709999,-2.688077e-05,1.000002,0.9989894,0.2904427,3.44302,0.9999736,-0.01350478,0.000993947,1.005102
0.021,0.995282,0.9998619,0.948437,0.891948,0.9980445,0.9982656,0.3709984,-2.963785e-05,1.000002,0.9988858,0.2904575,3.442845,0.9999597,-0.01418003,0.00109455,1.005611
0.022,0.9951316,0.9998482,0.948686,0.8919406,0.9978561,0.9980981,0.3709968,-3.252978e-05,1.000003,0.9987772,0.290473,3.442661,0.9999452,-0.01485527,0.001200088,1.006142
0.023,0.9949742,0.9998338,0.9489445,0.8919333,0.9976593,0.9979231,0.3709953,-3.555661e-05,1.000003,0.9986635,0.2904892,3.442469,0.99993,-0.01553051,0.001310595,1.006695
0.024,0.9948096,0.9998188,0.9492123,0.8919263,0.9974541,0.9977406,0.3709939,-3.871839e-05,1.000003,0.9985448,0.2905061,3.442269,0.9999142,-0.01620575,0.001426089,1.00727
0.025,0.9946376,0.9998032,0.9494891,0.8919196,0.9972406,0.9975507,0.3709925,-4.201519e-05,1.000003,0.998421,0.2905237,3.44206,0.9998976,-0.016881,0.001546584,1.007868
0.026,0.9944578,0.999787,0.9497749,0.8919133,0.9970189,0.9973533,0.3709912,-4.544706e-05,1.000003,0.9982921,0.290542,3.441843,0.9998804,-0.01755624,0.001672096,1.008487
0.027,0.9942702,0.9997702,0.9500694,0.8919077,0.9967888,0.9971485,0.37099,-4.901405e-05,1.000003,0.9981582,0.2905611,3.441617,0.9998625,-0.01823149,0.001802641,1.009127
0.028,0.9940744,0.9997528,0.9503725,0.8919027,0.9965505,0.9969363,0.370989,-5.271624e-05,1.000003,0.9980193,0.2905808,3.441383,0.9998439,-0.01890674,0.001938234,1.009789
0.029,0.9938702,0.9997349,0.9506839,0.8918986,0.9963039,0.9967168,0.3709881,-5.65537e-05,1.000003,0.9978753,0.2906013,3.441141,0.9998247,-0.01958198,0.002078891,1.010472
0.03,0.9936574,0.9997163,0.9510035,0.8918953,0.9960491,0.99649,0.3709874,-6.052647e-05,1.000003,0.9977262,0.2906225,3.44089,0.9998048,-0.02025723,0.002224592,1.011175
0.031,0.9934358,0.9996972,0.9513311,0.8918931,0.9957861,0.9962559,0.370987,-6.463465e-05,1.000003,0.9975721,0.2906444,3.440631,0.9997842,-0.02093249,0.002375161,1.011899
0.032,0.9932057,0.9996776,0.9516665,0.8918919,0.9955149,0.9960146,0.3709867,-6.88783e-05,1.000003,0.9974129,0.290667,3.440363,0.9997629,-0.02160774,0.0025304,1.012644
0.033,0.9929676,0.9996573,0.9520095,0.8918915,0.9952356,0.9957661,0.3709866,-7.325749e-05,1.000003,0.9972487,0.2906904,3.440087,0.999741,-0.02228299,0.002690243,1.013409
0.034,0.9927217,0.9996364,0.9523599,0.8918921,0.9949482,0.9955104,0.3709867,-7.777231e-05,1.000003,0.9970794,0.2907144,3.439802,0.9997183,-0.02295825,0.002854663,1.014194
0.035,0.9924684,0.9996149,0.9527175,0.8918933,0.9946526,0.9952475,0.370987,-8.242283e-05,1.000003,0.9969051,0.2907392,3.439509,0.9996951,-0.02363351,0.003023633,1.014998
0.036,0.9922082,0.9995927,0.9530822,0.8918954,0.9943489,0.9949775,0.3709874,-8.720914e-05,1.000003,0.9967258,0.2907647,3.439208,0.9996711,-0.02430877,0.003197126,1.015823
0.037,0.9919413,0.9995698,0.9534536,0.891898,0.9940371,0.9947003,0.370988,-9.213131e-05,1.000003,0.9965413,0.2907908,3.438898,0.9996464,-0.02498404,0.003375113,1.016667
0.038,0.9916682,0.9995462,0.9538316,0.8919013,0.9937172,0.9944161,0.3709887,-9.718945e-05,1.000003,0.9963519,0.2908177,3.43858,0.9996211,-0.02565931,0.003557568,1.01753
0.039,0.9913893,0.9995218,0.9542161,0.8919051,0.9933893,0.9941248,0.3709894,-0.0001023836,1.000003,0.9961573,0.2908453,3.438254,0.9995951,-0.02633458,0.003744463,1.018412
0.04,0.9911049,0.9994967,0.9546068,0.8919093,0.9930534,0.9938264,0.3709903,-0.0001077139,1.000003,0.9959578,0.2908736,3.43792,0.9995684,-0.02700985,0.003935746,1.019314
0.041,0.9908155,0.9994709,0.9550035,0.8919139,0.9927095,0.993521,0.3709913,-0.0001131805,1.000003,0.9957532,0.2909025,3.437578,0.9995411,-0.02768513,0.004131267,1.020234
0.042,0.990522,0.9994442,0.9554059,0.8919186,0.9923575,0.9932086,0.3709923,-0.0001187834,1.000003,0.9955435,0.2909322,3.437227,0.9995131,-0.02836042,0.00433086,1.021173
0.043,0.9902256,0.9994169,0.9558138,0.8919231,0.9919977,0.9928893,0.3709932,-0.0001245227,1.000003,0.9953288,0.2909625,3.436869,0.9994844,-0.0290357,0.004534452,1.02213
0.044,0.9899273,0.9993888,0.9562269,0.891927,0.9916301,0.9925629,0.370994,-0.0001303985,1.000003,0.995109,0.2909935,3.436502,0.999455,-0.029711,0.004741995,1.023104
0.045,0.9896282,0.99936,0.9566449,0.8919302,0.9912546,0.9922295,0.3709947,-0.000136411,1.000003,0.9948842,0.2910252,3.436128,0.999425,-0.03038629,0.00495344,1.024097
0.046,0.9893293,0.9993306,0.9570675,0.8919322,0.9908714,0.9918892,0.3709951,-0.0001425602,1.000003,0.9946543,0.2910576,3.435746,0.9993942,-0.0310616,0.005168738,1.025107
0.047,0.9890317,0.9993006,0.9574944,0.8919329,0.9904806,0.9915419,0.3709952,-0.0001488463,1.000003,0.9944194,0.2910906,3.435356,0.9993628,-0.0317369,0.00538784,1.026134
0.048,0.9887366,0.99927,0.9579254,0.8919318,0.9900821,0.9911877,0.370995,-0.0001552693,1.000003,0.9941794,0.2911243,3.434958,0.9993308,-0.03241222,0.005610697,1.027178
0.049,0.9884449,0.9992387,0.9583603,0.8919287,0.9896761,0.9908266,0.3709944,-0.0001618294,1.000003,0.9939344,0.2911587,3.434553,0.999298,-0.03308754,0.00583726,1.028238
0.05,0.9881577,0.999207,0.9587986,0.8919232,0.9892625,0.9904585,0.3709932,-0.0001685267,1.000003,0.9936843,0.2911937,3.43414,0.9992646,-0.03376287,0.006067444,1.029314
0.051,0.9878757,0.9991746,0.9592402,0.8919153,0.9888415,0.9900835,0.3709916,-0.0001753613,1.000003,0.9934292,0.2912294,3.433719,0.9992305,-0.0344382,0.006301005,1.030407
0.052,0.9875979,0.9991418,0.9596849,0.8919053,0.9884131,0.9897017,0.3709895,-0.0001823333,1.000003,0.9931691,0.2912657,3.433292,0.9991957,-0.03511355,0.006537687,1.031515
0.053,0.9873228,0.9991083,0.9601327,0.8918936,0.9879772,0.989313,0.3709871,-0.0001894428,1.000003,0.9929039,0.2913026,3.432856,0.9991603,-0.0357889,0.006777376,1.032639
0.054,0.987049,0.9990743,0.9605836,0.8918808,0.9875338,0.9889176,0.3709844,-0.0001966901,1.000003,0.9926336,0.2913402,3.432414,0.9991241,-0.03646426,0.007019995,1.033779
0.055,0.9867752,0.9990396,0.9610373,0.8918675,0.987083,0.9885153,0.3709816,-0.0002040751,1.000003,0.9923583,0.2913784,3.431964,0.9990873,-0.03713963,0.007265469,1.034935
0.056,0.9864998,0.9990043,0.9614939,0.8918539,0.9866247,0.9881064,0.3709788,-0.0002115981,1.000003,0.992078,0.2914172,3.431507,0.9990498,-0.03781501,0.007513722,1.036106
0.057,0.9862214,0.9989683,0.9619533,0.8918408,0.9861589,0.9876907,0.3709761,-0.0002192591,1.000003,0.9917926,0.2914566,3.431043,0.9990117,-0.0384904,0.007764676,1.037293
0.058,0.9859386,0.9989317,0.9624154,0.8918286,0.9856856,0.9872684,0.3709735,-0.0002270584,1.000003,0.9915022,0.2914966,3.430572,0.9989729,-0.0391658,0.008018258,1.038495
0.059,0.9856499,0.9988943,0.9628801,0.8918178,0.9852048,0.9868395,0.3709713,-0.0002349959,1.000004,0.9912067,0.2915372,3.430094,0.9989334,-0.03984121,0.008274389,1.039713
0.06,0.985354,0.9988562,0.9633473,0.8918088,0.9847165,0.9864039,0.3709694,-0.000243072,1.000004,0.9909062,0.2915783,3.42961,0.9988932,-0.04051664,0.008532948,1.040946
0.061,0.9850502,0.9988173,0.9638169,0.8918021,0.9842207,0.9859619,0.370968,-0.0002512866,1.000004,0.9906007,0.2916201,3.429119,0.9988523,-0.04119208,0.008793621,1.042195
0.062,0.9847408,0.9987778,0.9642886,0.8917967,0.9837175,0.9855133,0.3709669,-0.0002596401,1.000004,0.9902901,0.2916624,3.428621,0.9988108,-0.04186753,0.009056081,1.043458
0.063,0.9844288,0.9987374,0.9647619,0.891792,0.9832068,0.9850582,0.3709659,-0.0002681324,1.000004,0.9899745,0.2917053,3.428117,0.9987686,-0.042543,0.009320178,1.044736
0.064,0.9841174,0.9986964,0.9652365,0.8917868,0.9826889,0.9845966,0.3709649,-0.0002767638,1.000004,0.9896538,0.2917487,3.427607,0.9987257,-0.04321848,0.009585805,1.046028
0.065,0.9838095,0.9986546,0.9657118,0.8917804,0.9821636,0.9841286,0.3709635,-0.0002855344,1.000004,0.9893281,0.2917927,3.427091,0.9986822,-0.04389397,0.00985286,1.047334
0.066,0.9835084,0.9986121,0.9661875,0.8917717,0.9816312,0.9836541,0.3709617,-0.0002944444,1.000004,0.9889974,0.2918372,3.426568,0.9986379,-0.04456949,0.01012124,1.048652
0.067,0.9832171,0.998569,0.9666632,0.8917598,0.9810915,0.9831732,0.3709592,-0.0003034938,1.000004,0.9886616,0.2918822,3.42604,0.998593,-0.04524502,0.01039083,1.049984
0.068,0.9829386,0.9985251,0.9671384,0.8917438,0.9805448,0.982686,0.3709559,-0.000312683,1.000004,0.9883208,0.2919277,3.425505,0.9985474,-0.04592056,0.01066154,1.051328
0.069,0.982676,0.9984805,0.9676128,0.8917228,0.979991,0.9821923,0.3709515,-0.000322012,1.000004,0.987975,0.2919737,3.424965,0.9985012,-0.04659613,0.01093326,1.052683
0.07,0.9824325,0.9984353,0.9680859,0.8916958,0.9794303,0.9816924,0.3709459,-0.000331481,1.000004,0.9876242,0.2920203,3.42442,0.9984542,-0.04727172,0.01120553,1.05405
0.071,0.98221,0.9983894,0.9685573,0.8916623,0.9788626,0.9811861,0.370939,-0.0003410901,1.000004,0.9872683,0.2920672,3.423869,0.9984066,-0.04794732,0.01147649,1.055429
0.072,0.9820063,0.9983428,0.9690271,0.891623,0.978288,0.9806735,0.3709308,-0.0003508396,1.000004,0.9869073,0.2921147,3.423313,0.9983583,-0.04862295,0.01174416,1.056818
0.073,0.9818181,0.9982956,0.9694953,0.8915789,0.9777064,0.9801547,0.3709216,-0.0003607296,1.000004,0.9865414,0.2921625,3.422752,0.9983094,-0.0492986,0.01200792,1.058218
0.074,0.9816421,0.9982477,0.969962,0.8915312,0.9771181,0.9796295,0.3709117,-0.0003707603,1.000004,0.9861704,0.2922108,3.422187,0.9982598,-0.04997428,0.01226747,1.05963
0.075,0.9814751,0.9981992,0.9704272,0.8914809,0.9765228,0.9790981,0.3709012,-0.0003809319,1.000004,0.9857944,0.2922594,3.421618,0.9982094,-0.05064998,0.01252253,1.061053
0.076,0.9813137,0.99815,0.970891,0.8914291,0.9759207,0.9785604,0.3708904,-0.0003912444,1.000004,0.9854134,0.2923084,3.421045,0.9981585,-0.05132571,0.01277281,1.062487
0.077,0.9811547,0.9981002,0.9713535,0.8913768,0.9753117,0.9780165,0.3708796,-0.0004016982,1.000004,0.9850274,0.2923577,3.420468,0.9981068,-0.05200146,0.01301803,1.063933
0.078,0.9809948,0.9980499,0.9718146,0.8913253,0.9746959,0.9774664,0.3708688,-0.0004122933,1.000004,0.9846364,0.2924072,3.419888,0.9980544,-0.05267725,0.0132579,1.065391
0.079,0.9808307,0.9979988,0.9722745,0.8912754,0.9740733,0.97691,0.3708585,-0.0004230301,1.000004,0.9842403,0.2924571,3.419305,0.9980014,-0.05335306,0.01349213,1.06686
0.08,0.9806591,0.9979472,0.9727333,0.8912284,0.9734439,0.9763475,0.3708487,-0.0004339086,1.000004,0.9838392,0.2925071,3.41872,0.9979477,-0.05402891,0.01372114,1.068342
0.081,0.9804779,0.997895,0.9731908,0.8911848,0.9728077,0.9757787,0.3708396,-0.000444929,1.000004,0.9834331,0.2925574,3.418133,0.9978934,-0.05470478,0.01394825,1.069835
0.082,0.9802901,0.9978422,0.9736467,0.8911439,0.9721648,0.9752038,0.3708311,-0.0004560916,1.000004,0.9830221,0.2926079,3.417543,0.9978383,-0.05538069,0.01417695,1.071339
0.083,0.9800997,0.9977888,0.9741005,0.8911043,0.9715151,0.9746227,0.3708229,-0.0004673966,1.000004,0.982606,0.2926586,3.416951,0.9977826,-0.05605664,0.01440799,1.072855
0.084,0.9799109,0.9977347,0.9745516,0.891065,0.9708588,0.9740356,0.3708147,-0.000478844,1.000004,0.9821849,0.2927095,3.416356,0.9977262,-0.05673262,0.0146414,1.07438
0.085,0.9797277,0.9976799,0.9749997,0.8910245,0.9701958,0.9734424,0.3708063,-0.0004904342,1.000004,0.9817588,0.2927606,3.41576,0.9976691,-0.05740864,0.01487722,1.075916
0.086,0.9795542,0.9976244,0.9754441,0.8909817,0.9695262,0.9728432,0.3707974,-0.0005021674,1.000004,0.9813277,0.292812,3.415161,0.9976114,-0.0580847,0.01511549,1.077461
0.087,0.9793945,0.9975682,0.9758844,0.8909353,0.96885,0.972238,0.3707877,-0.0005140436,1.000004,0.9808916,0.2928636,3.414559,0.997553,-0.0587608,0.01535623,1.079015
0.088,0.9792527,0.9975113,0.9763201,0.8908841,0.9681673,0.9716269,0.3707771,-0.0005260633,1.000003,0.9804505,0.2929154,3.413955,0.9974939,-0.05943694,0.01559949,1.080577
0.089,0.979133,0.9974536,0.9767507,0.8908269,0.9674781,0.9710099,0.3707651,-0.0005382264,1.000003,0.9800044,0.2929674,3.413349,0.9974341,-0.06011312,0.0158453,1.082147
0.09,0.9790394,0.9973952,0.9771757,0.8907623,0.9667824,0.970387,0.3707517,-0.0005505333,1.000003,0.9795534,0.2930197,3.41274,0.9973737,-0.06078935,0.01609478,1.083723
0.091,0.9789747,0.9973359,0.9775947,0.8906896,0.9660802,0.9697583,0.3707366,-0.0005629842,1.000003,0.9790974,0.2930722,3.412128,0.9973125,-0.06146562,0.01635348,1.085307
0.092,0.978936,0.9972759,0.9780079,0.8906097,0.9653716,0.9691237,0.3707199,-0.0005755793,1.000003,0.9786364,0.293125,3.411514,0.9972507,-0.06214194,0.01662719,1.086898
0.093,0.9789193,0.9972152,0.9784156,0.8905237,0.9646566,0.9684834,0.370702,-0.0005883188,1.000003,0.9781704,0.2931782,3.410895,0.9971882,-0.06281831,0.01691748,1.088496
0.094,0.9789204,0.9971536,0.9788182,0.890433,0.9639353,0.9678373,0.3706832,-0.0006012029,1.000003,0.9776994,0.2932317,3.410273,0.9971251,-0.06349474,0.01722483,1.090102
0.095,0.9789352,0.9970914,0.979216,0.8903387,0.9632077,0.9671854,0.3706635,-0.0006142319,1.000003,0.9772235,0.2932856,3.409645,0.9970613,-0.06417121,0.01754971,1.091715
0.096,0.9789596,0.9970285,0.9796092,0.8902423,0.9624737,0.9665278,0.3706435,-0.0006274059,1.000003,0.9767426,0.29334,3.409013,0.9969967,-0.06484774,0.01789261,1.093338
0.097,0.9789894,0.9969648,0.9799983,0.8901449,0.9617335,0.9658645,0.3706232,-0.0006407253,1.000003,0.9762568,0.293395,3.408375,0.9969316,-0.06552433,0.01825401,1.094969
0.098,0.9790205,0.9969005,0.9803835,0.8900478,0.9609871,0.9651955,0.370603,-0.0006541901,1.000003,0.975766,0.2934505,3.40773,0.9968657,-0.06620098,0.01863438,1.096609
0.099,0.9790488,0.9968355,0.9807651,0.8899522,0.9602345,0.9645208,0.3705831,-0.0006678008,1.000002,0.9752703,0.2935066,3.407079,0.9967992,-0.06687768,0.01903423,1.098259
0.1,0.9790702,0.9967699,0.9811435,0.8898595,0.9594757,0.9638405,0.3705638,-0.0006815574,1.000002,0.9747696,0.2935633,3.40642,0.9967319,-0.06755445,0.01945507,1.099918
0.101,0.9790817,0.9967036,0.9815188,0.8897705,0.9587107,0.9631546,0.3705452,-0.0006954602,1.000002,0.974264,0.2936208,3.405753,0.996664,-0.06823127,0.01990268,1.101588
0.102,0.979086,0.9966367,0.981891,0.8896843,0.9579397,0.962463,0.3705273,-0.0007095095,1.000002,0.9737534,0.2936791,3.405078,0.9965955,-0.06890815,0.02038308,1.103268
0.103,0.9790868,0.9965692,0.9822597,0.8895999,0.9571626,0.9617659,0.3705097,-0.0007237056,1.000002,0.9732379,0.2937382,3.404392,0.9965262,-0.06958507,0.02089818,1.104957
0.104,0.979088,0.996501,0.9826246,0.8895159,0.9563793,0.9610632,0.3704922,-0.0007380485,1.000002,0.9727175,0.2937982,3.403696,0.9964563,-0.07026206,0.02144885,1.106656
0.105,0.9790934,0.9964321,0.9829856,0.8894313,0.9555901,0.960355,0.3704746,-0.0007525387,1.000001,0.9721922,0.2938594,3.402988,0.9963857,-0.07093909,0.02203597,1.108364
0.106,0.9791067,0.9963626,0.9833422,0.8893447,0.9547948,0.9596412,0.3704566,-0.0007671763,1.000001,0.9716619,0.2939216,3.402268,0.9963144,-0.07161618,0.02266042,1.11008
0.107,0.9791318,0.9962924,0.9836942,0.889255,0.9539935,0.958922,0.3704379,-0.0007819616,1.000001,0.9711267,0.293985,3.401534,0.9962425,-0.07229333,0.02332308,1.111806
0.108,0.9791726,0.9962214,0.9840414,0.889161,0.9531862,0.9581974,0.3704183,-0.0007968949,1.000001,0.9705866,0.2940497,3.400785,0.9961698,-0.07297054,0.02402484,1.113539
0.109,0.9792328,0.9961498,0.9843835,0.8890615,0.952373,0.9574673,0.3703976,-0.0008119764,1.000001,0.9700415,0.2941158,3.400021,0.9960965,-0.07364781,0.02476658,1.115281
0.11,0.9793162,0.9960775,0.9847202,0.8889553,0.9515539,0.9567317,0.3703755,-0.0008272063,1.0,0.9694915,0.2941834,3.39924,0.9960225,-0.07432513,0.02554974,1.11703
0.111,0.9794254,0.9960045,0.9850512,0.8888416,0.9507288,0.9559908,0.3703518,-0.000842585,1.0,0.9689366,0.2942525,3.398442,0.9959479,-0.07500252,0.02637796,1.118787
0.112,0.9795579,0.9959307,0.9853769,0.8887211,0.9498978,0.9552446,0.3703267,-0.0008581126,1.0,0.9683768,0.2943233,3.397625,0.9958725,-0.07567997,0.02725501,1.120552
0.113,0.9797099,0.9958562,0.9856975,0.888595,0.949061,0.954493,0.3703004,-0.0008737896,0.9999997,0.9678121,0.2943958,3.396788,0.9957965,-0.07635749,0.02818251,1.122324
0.114,0.9798776,0.995781,0.9860132,0.8884645,0.9482184,0.9537361,0.3702732,-0.000889616,0.9999995,0.9672425,0.2944701,3.39593,0.9957198,-0.07703507,0.02916155,1.124106
0.115,0.9800573,0.9957051,0.9863244,0.8883307,0.94737,0.9529739,0.3702453,-0.0009055922,0.9999992,0.9666679,0.2945464,3.395051,0.9956425,-0.07771273,0.03019322,1.125896
0.116,0.9802451,0.9956285,0.9866313,0.8881946,0.9465158,0.9522064,0.370217,-0.0009217185,0.999999,0.9660885,0.2946248,3.394148,0.9955644,-0.07839045,0.03127862,1.127695
0.117,0.9804373,0.9955512,0.9869343,0.8880576,0.9456558,0.9514337,0.3701884,-0.0009379951,0.9999988,0.9655041,0.2947053,3.39322,0.9954857,-0.07906824,0.03241885,1.129503
0.118,0.9806301,0.9954731,0.9872336,0.8879208,0.9447902,0.9506558,0.3701599,-0.0009544223,0.9999985,0.9649148,0.2947881,3.392267,0.9954063,-0.0797461,0.03361501,1.131321
0.119,0.9808198,0.9953944,0.9875295,0.8877852,0.9439189,0.9498726,0.3701316,-0.0009710004,0.9999983,0.9643207,0.2948732,3.391288,0.9953262,-0.08042403,0.03486822,1.13315
0.12,0.9810025,0.995315,0.9878222,0.8876521,0.9430419,0.9490843,0.3701039,-0.0009877297,0.999998,0.9637216,0.2949609,3.39028,0.9952454,-0.08110204,0.0361733,1.134989
0.121,0.9811756,0.9952348,0.9881121,0.8875222,0.9421593,0.9482909,0.3700768,-0.001004611,0.9999978,0.9631176,0.2950511,3.389244,0.995164,-0.08178013,0.03749946,1.136839
0.122,0.9813412,0.995154,0.9883989,0.8873949,0.9412711,0.9474923,0.3700502,-0.001021643,0.9999976,0.9625088,0.2951438,3.388179,0.9950819,-0.08245829,0.03881485,1.138699
0.123,0.9815024,0.9950725,0.9886825,0.8872691,0.9403774,0.9466886,0.370024,-0.001038828,0.9999973,0.961895,0.2952389,3.387088,0.9949991,-0.08313652,0.04011231,1.14057
0.124,0.9816624,0.9949902,0.9889625,0.887144,0.9394782,0.9458799,0.3699979,-0.001056164,0.9999971,0.9612763,0.2953363,3.38597,0.9949156,-0.08381481,0.04139099,1.142451
0.125,0.9818244,0.9949073,0.9892387,0.8870184,0.9385736,0.945066,0.3699717,-0.001073654,0.9999969,0.9606528,0.295436,3.384827,0.9948314,-0.08449313,0.04265002,1.144342
0.126,0.9819916,0.9948237,0.9895111,0.8868914,0.9376635,0.9442472,0.3699453,-0.001091296,0.9999967,0.9600243,0.2955379,3.38366,0.9947466,-0.0851715,0.04388853,1.146243
0.127,0.9821672,0.9947394,0.9897792,0.8867619,0.936748,0.9434233,0.3699183,-0.001109092,0.9999965,0.959391,0.2956419,3.38247,0.9946611,-0.0858499,0.04510566,1.148153
0.128,0.9823543,0.9946544,0.9900428,0.886629,0.9358272,0.9425945,0.3698905,-0.001127041,0.9999963,0.9587528,0.2957479,3.381258,0.9945749,-0.08652835,0.04630053,1.150072
0.129,0.9825561,0.9945687,0.9903019,0.8864916,0.9349012,0.9417607,0.3698619,-0.001145144,0.9999961,0.9581097,0.2958559,3.380024,0.994488,-0.08720683,0.04747226,1.152
0.13,0.9827759,0.9944823,0.990556,0.8863488,0.9339698,0.940922,0.3698321,-0.001163401,0.9999959,0.9574618,0.2959657,3.37877,0.9944005,-0.08788536,0.04861858,1.153937
0.131,0.9830158,0.9943952,0.9908051,0.8861998,0.9330333,0.9400783,0.369801,-0.001181813,0.9999957,0.956809,0.2960773,3.377497,0.9943123,-0.08856392,0.04973163,1.155883
0.132,0.9832739,0.9943074,0.9910494,0.8860452,0.9320915,0.9392297,0.3697687,-0.001200379,0.9999955,0.9561513,0.2961905,3.376206,0.9942234,-0.08924252,0.05080331,1.157837
0.133,0.9835473,0.9942189,0.9912889,0.8858859,0.9311446,0.9383763,0.3697355,-0.0012191,0.9999953,0.9554888,0.2963053,3.374898,0.9941338,-0.08992117,0.05183093,1.1598
0.134,0.9838333,0.9941297,0.991524,0.8857227,0.9301925,0.9375181,0.3697014,-0.001237977,0.9999951,0.9548214,0.2964214,3.373575,0.9940435,-0.09059984,0.0528132,1.161773
0.135,0.9841289,0.9940398,0.9917549,0.8855565,0.9292352,0.936655,0.3696667,-0.001257009,0.9999948,0.9541492,0.2965389,3.372239,0.9939526,-0.09127856,0.0537488,1.163755
0.136,0.9844313,0.9939492,0.9919817,0.8853881,0.9282729,0.9357871,0.3696316,-0.001276198,0.9999946,0.9534721,0.2966576,3.37089,0.993861,-0.09195731,0.05463641,1.165747
0.137,0.9847376,0.9938578,0.9922047,0.8852185,0.9273054,0.9349145,0.3695962,-0.001295543,0.9999944,0.9527902,0.2967773,3.36953,0.9937687,-0.0926361,0.05547471,1.16775
0.138,0.9850449,0.9937658,0.9924242,0.8850485,0.9263329,0.9340372,0.3695607,-0.001315044,0.9999941,0.9521035,0.2968979,3.368161,0.9936757,-0.09331492,0.05626238,1.169762
0.139,0.9853505,0.993673,0.9926402,0.8848789,0.9253553,0.9331551,0.3695253,-0.001334702,0.9999938,0.951412,0.2970194,3.366784,0.993582,-0.09399378,0.05699809,1.171786
0.14,0.9856513,0.9935794,0.9928532,0.8847106,0.9243726,0.9322683,0.3694902,-0.001354518,0.9999935,0.9507156,0.2971415,3.3654,0.9934877,-0.09467267,0.05768326,1.17382
0.141,0.9859453,0.9934851,0.9930631,0.8845444,0.9233849,0.9313769,0.3694554,-0.001374491,0.9999932,0.9500144,0.2972642,3.364011,0.9933927,-0.09535159,0.05833046,1.175866
0.142,0.9862332,0.9933901,0.99327,0.8843799,0.9223922,0.9304808,0.3694211,-0.001394622,0.9999928,0.9493084,0.2973874,3.362617,0.993297,-0.09603053,0.0589527,1.177923
0.143,0.9865162,0.9932944,0.9934738,0.8842166,0.9213946,0.9295801,0.369387,-0.001414912,0.9999925,0.9485976,0.2975111,3.361219,0.9932006,-0.09670946,0.05955214,1.179991
0.144,0.9867959,0.9931979,0.9936744,0.8840542,0.920392,0.9286747,0.3693531,-0.00143536,0.9999921,0.947882,0.2976352,3.359817,0.9931036,-0.09738835,0.06012819,1.182071
0.145,0.9870736,0.9931006,0.9938716,0.8838922,0.9193846,0.9277648,0.3693192,-0.001455967,0.9999916,0.9471616,0.2977597,3.358413,0.9930058,-0.09806722,0.06068028,1.184161
0.146,0.9873507,0.9930026,0.9940655,0.8837302,0.9183723,0.9268503,0.3692854,-0.001476733,0.9999912,0.9464364,0.2978845,3.357006,0.9929074,-0.09874604,0.06120781,1.186262
0.147,0.9876285,0.9929039,0.9942558,0.8835677,0.9173552,0.9259313,0.3692514,-0.001497659,0.9999907,0.9457064,0.2980095,3.355598,0.9928084,-0.09942482,0.0617102,1.188374
0.148,0.9879085,0.9928045,0.9944425,0.8834042,0.9163333,0.9250077,0.3692172,-0.001518745,0.9999902,0.9449717,0.2981347,3.354189,0.9927086,-0.1001036,0.06218686,1.190497
0.149,0.9881921,0.9927043,0.9946255,0.8832393,0.9153066,0.9240796,0.3691828,-0.001539992,0.9999897,0.9442321,0.29826,3.352779,0.9926081,-0.1007822,0.0626372,1.192631
0.15,0.9884806,0.9926034,0.9948048,0.8830725,0.9142753,0.923147,0.3691479,-0.001561399,0.9999891,0.9434878,0.2983854,3.35137,0.992507,-0.1014609,0.06306562,1.194776
0.151,0.9887751,0.9925017,0.9949802,0.8829036,0.9132393,0.92221,0.3691126,-0.001582967,0.9999886,0.9427387,0.2985109,3.349961,0.9924052,-0.1021395,0.06349678,1.196931
0.152,0.989075,0.9923993,0.9951517,0.8827326,0.9121986,0.9212685,0.3690769,-0.001604696,0.999988,0.9419848,0.2986365,3.348553,0.9923027,-0.102818,0.06395604,1.199096
0.153,0.9893796,0.9922962,0.9953196,0.8825597,0.9111533,0.9203226,0.3690407,-0.001626588,0.9999873,0.9412262,0.2987622,3.347143,0.9921996,-0.1034965,0.06444907,1.201273
0.154,0.989688,0.9921924,0.9954837,0.8823853,0.9101034,0.9193724,0.3690043,-0.001648641,0.9999867,0.9404628,0.2988882,3.345733,0.9920958,-0.1041749,0.0649766,1.20346
0.155,0.9899993,0.9920878,0.9956443,0.8822095,0.9090488,0.9184178,0.3689675,-0.001670857,0.999986,0.9396947,0.2990144,3.34432,0.9919912,-0.1048532,0.06553934,1.205658
0.156,0.9903128,0.9919825,0.9958013,0.8820326,0.9079897,0.917459,0.3689305,-0.001693235,0.9999853,0.9389218,0.2991411,3.342905,0.991886,-0.1055314,0.06613798,1.207867
0.157,0.9906276,0.9918765,0.9959549,0.8818549,0.9069261,0.916496,0.3688933,-0.001715777,0.9999846,0.9381442,0.2992681,3.341486,0.9917802,-0.1062096,0.06677326,1.210087
0.158,0.9909428,0.9917698,0.9961051,0.8816764,0.9058579,0.9155287,0.368856,-0.001738482,0.9999838,0.9373618,0.2993956,3.340062,0.9916736,-0.1068877,0.06744589,1.212319
0.159,0.9912577,0.9916623,0.996252,0.8814976,0.9047851,0.9145573,0.3688186,-0.001761352,0.999983,0.9365747,0.2995237,3.338634,0.9915664,-0.1075656,0.06815658,1.214562
0.16,0.9915713,0.9915541,0.9963957,0.8813185,0.9037079,0.9135819,0.3687811,-0.001784385,0.9999822,0.9357829,0.2996524,3.3372,0.9914585,-0.1082435,0.06890356,1.216816
0.161,0.9918828,0.9914452,0.9965362,0.8811396,0.9026261,0.9126023,0.3687437,-0.001807584,0.9999813,0.9349863,0.2997818,3.33576,0.9913499,-0.1089211,0.06967494,1.219081
0.162,0.9921916,0.9913356,0.9966736,0.8809608,0.9015399,0.9116187,0.3687063,-0.001830947,0.9999805,0.934185,0.2999119,3.334313,0.9912407,-0.1095985,0.07045853,1.221358
0.163,0.9924967,0.9912252,0.996808,0.8807826,0.9004493,0.910631,0.368669,-0.001854476,0.9999796,0.933379,0.3000427,3.332859,0.9911307,-0.1102758,0.07125193,1.223647
0.164,0.9927974,0.9911141,0.9969394,0.880605,0.8993543,0.9096392,0.3686318,-0.00187817,0.9999787,0.9325682,0.3001742,3.331399,0.9910201,-0.1109528,0.07205525,1.225948
0.165,0.9930931,0.9910023,0.9970678,0.8804282,0.898255,0.9086433,0.3685948,-0.001902031,0.9999777,0.9317527,0.3003064,3.329932,0.9909088,-0.1116297,0.07286863,1.22826
0.166,0.9933828,0.9908897,0.9971934,0.8802526,0.8971515,0.9076433,0.368558,-0.001926058,0.9999768,0.9309325,0.3004394,3.328458,0.9907968,-0.1123063,0.07369216,1.230586
0.167,0.9936658,0.9907763,0.9973161,0.8800782,0.8960437,0.9066392,0.3685215,-0.001950252,0.9999758,0.9301076,0.3005732,3.326977,0.9906842,-0.1129827,0.07452595,1.232923
0.168,0.9939414,0.9906622,0.997436,0.8799052,0.8949317,0.905631,0.3684853,-0.001974614,0.9999748,0.9292779,0.3007077,3.325488,0.9905709,-0.1136588,0.07537014,1.235273
0.169,0.9942088,0.9905473,0.9975532,0.879734,0.8938156,0.9046188,0.3684495,-0.001999143,0.9999738,0.9284435,0.300843,3.323993,0.9904569,-0.1143348,0.07622482,1.237636
0.17,0.9944672,0.9904317,0.9976677,0.8795646,0.8926953,0.9036023,0.368414,-0.002023841,0.9999728,0.9276044,0.3009791,3.32249,0.9903422,-0.1150104,0.07708789,1.240012
0.171,0.9947162,0.9903152,0.9977795,0.8793972,0.891571,0.9025818,0.3683789,-0.002048707,0.9999718,0.9267606,0.301116,3.32098,0.9902269,-0.1156859,0.07794821,1.242401
0.172,0.9949565,0.990198,0.9978887,0.8792315,0.8904427,0.9015572,0.3683442,-0.002073742,0.9999708,0.9259121,0.3012536,3.319462,0.9901108,-0.116361,0.07879438,1.244803
0.173,0.9951891,0.99008,0.9979951,0.8790672,0.8893103,0.9005286,0.3683098,-0.002098946,0.9999697,0.9250588,0.301392,3.317938,0.9899941,-0.1170359,0.07962375,1.247218
0.174,0.9954151,0.9899612,0.9980987,0.8789041,0.888174,0.899496,0.3682756,-0.00212432,0.9999687,0.9242008,0.301531,3.316408,0.9898768,-0.1177105,0.08043593,1.249646
0.175,0.9956356,0.9898417,0.9981995,0.8787416,0.8870336,0.8984595,0.3682416,-0.002149864,0.9999676,0.9233382,0.3016708,3.314872,0.9897587,-0.1183846,0.08123051,1.252087
0.176,0.9958516,0.9897215,0.9982974,0.8785796,0.8858893,0.8974192,0.3682077,-0.002175579,0.9999665,0.9224708,0.3018111,3.313331,0.98964,-0.1190584,0.08200707,1.25454
0.177,0.9960642,0.9896004,0.9983923,0.8784177,0.884741,0.896375,0.3681737,-0.002201465,0.9999654,0.9215987,0.301952,3.311785,0.9895206,-0.1197318,0.08276521,1.257006
0.178,0.9962743,0.9894787,0.9984842,0.8782556,0.8835888,0.8953271,0.3681397,-0.002227522,0.9999643,0.9207219,0.3020935,3.310234,0.9894005,-0.1204048,0.08350451,1.259484
0.179,0.9964832,0.9893562,0.998573,0.8780928,0.8824327,0.8942755,0.3681056,-0.002253751,0.9999632,0.9198405,0.3022355,3.308679,0.9892798,-0.1210773,0.08422456,1.261975
0.18,0.9966917,0.9892329,0.9986587,0.8779292,0.8812727,0.8932203,0.3680713,-0.002280152,0.9999621,0.9189543,0.3023779,3.30712,0.9891584,-0.1217493,0.08492635,1.264478
0.181,0.9969005,0.989109,0.9987412,0.8777645,0.8801088,0.8921615,0.3680368,-0.002306726,0.999961,0.9180635,0.3025208,3.305558,0.9890363,-0.1224209,0.08561663,1.266993
0.182,0.9971087,0.9889843,0.9988206,0.8775989,0.8789411,0.8910991,0.3680021,-0.002333473,0.9999598,0.9171681,0.3026641,3.303993,0.9889135,-0.123092,0.08630227,1.26952
0.183,0.9973146,0.9888589,0.9988971,0.877433,0.8777695,0.8900331,0.3679673,-0.002360393,0.9999586,0.916268,0.3028078,3.302425,0.9887901,-0.1237627,0.08698459,1.27206
0.184,0.997517,0.9887328,0.9989706,0.877267,0.8765942,0.8889636,0.3679325,-0.002387487,0.9999574,0.9153633,0.302952,3.300853,0.988666,-0.1244328,0.0876635,1.274613
0.185,0.9977142,0.988606,0.9990414,0.8771014,0.8754152,0.8878904,0.3678978,-0.002414756,0.9999562,0.9144539,0.3030965,3.299279,0.9885412,-0.1251024,0.08833887,1.277179
0.186,0.9979049,0.9884784,0.9991095,0.8769366,0.8742324,0.8868138,0.3678632,-0.002442199,0.9999549,0.9135399,0.3032414,3.297703,0.9884158,-0.1257715,0.08901062,1.279758
0.187,0.9980875,0.9883501,0.9991751,0.8767731,0.873046,0.8857335,0.3678289,-0.002469817,0.9999537,0.9126213,0.3033867,3.296123,0.9882897,-0.12644,0.08967864,1.28235
0.188,0.9982607,0.9882211,0.9992382,0.8766112,0.8718559,0.8846497,0.3677949,-0.002497611,0.9999523,0.9116981,0.3035324,3.294541,0.9881629,-0.1271079,0.09034281,1.284957
0.189,0.9984229,0.9880914,0.9992989,0.8764513,0.8706622,0.8835623,0.3677614,-0.002525581,0.999951,0.9107703,0.3036785,3.292957,0.9880355,-0.1277752,0.09100305,1.287577
0.19,0.9985727,0.987961,0.9993573,0.8762939,0.869465,0.8824713,0.3677284,-0.002553727,0.9999496,0.9098379,0.3038249,3.29137,0.9879074,-0.1284417,0.0916621,1.290211
0.191,0.9987091,0.9878299,0.9994135,0.8761391,0.8682642,0.8813768,0.3676959,-0.00258205,0.9999483,0.908901,0.3039716,3.289781,0.9877786,-0.1291075,0.09233432,1.292859
0.192,0.998833,0.9876981,0.9994675,0.8759869,0.8670599,0.8802788,0.3676639,-0.002610551,0.9999468,0.9079595,0.3041187,3.288189,0.9876492,-0.1297726,0.09303436,1.295522
0.193,0.9989455,0.9875655,0.9995192,0.8758367,0.8658521,0.8791773,0.3676324,-0.002639228,0.9999454,0.9070135,0.3042663,3.286594,0.9875191,-0.130437,0.0937656,1.298198
0.194,0.9990481,0.9874321,0.9995685,0.8756881,0.8646409,0.8780724,0.3676012,-0.002668084,0.9999439,0.906063,0.3044144,3.284996,0.9873883,-0.1311006,0.09452854,1.300889
0.195,0.9991419,0.9872981,0.9996153,0.8755408,0.8634262,0.8769641,0.3675703,-0.002697119,0.9999424,0.9051079,0.304563,3.283393,0.9872569,-0.1317633,0.09532369,1.303594
0.196,0.9992284,0.9871632,0.9996595,0.8753943,0.8622081,0.8758524,0.3675396,-0.002726332,0.9999409,0.9041483,0.3047122,3.281786,0.9871248,-0.1324253,0.09615156,1.306313
0.197,0.9993087,0.9870276,0.9997011,0.8752484,0.8609867,0.8747375,0.3675089,-0.002755724,0.9999394,0.9031843,0.3048619,3.280173,0.986992,-0.1330864,0.09701267,1.309046
0.198,0.9993843,0.9868912,0.9997399,0.8751024,0.8597618,0.8736192,0.3674783,-0.002785296,0.9999378,0.9022158,0.3050124,3.278555,0.9868586,-0.1337467,0.09790751,1.311792
0.199,0.9994563,0.9867539,0.999776,0.8749562,0.8585337,0.8724978,0.3674476,-0.002815048,0.9999362,0.9012428,0.3051636,3.276931,0.9867245,-0.1344062,0.09883663,1.314552
0.2,0.9995261,0.9866159,0.9998091,0.8748092,0.8573022,0.8713731,0.3674167,-0.00284498,0.9999346,0.9002654,0.3053155,3.2753,0.9865898,-0.1350647,0.09979781,1.317326
0.201,0.9995945,0.9864771,0.9998393,0.8746612,0.8560674,0.8702453,0.3673856,-0.002875093,0.999933,0.8992836,0.3054683,3.273662,0.9864544,-0.1357222,0.1007779,1.320113
0.202,0.999661,0.9863374,0.9998667,0.8745123,0.8548294,0.8691144,0.3673544,-0.002905387,0.9999313,0.8982973,0.3056219,3.272017,0.9863183,-0.1363788,0.1017636,1.322914
0.203,0.9997245,0.9861969,0.9998912,0.8743629,0.8535882,0.8679803,0.367323,-0.002935863,0.9999297,0.8973067,0.3057762,3.270365,0.9861816,-0.1370343,0.1027521,1.325729
0.204,0.999784,0.9860556,0.999913,0.8742132,0.8523438,0.8668431,0.3672915,-0.002966521,0.999928,0.8963116,0.3059314,3.268707,0.9860443,-0.1376887,0.1037434,1.328558
0.205,0.9998383,0.9859136,0.9999322,0.8740634,0.8510964,0.8657029,0.3672601,-0.002997361,0.9999263,0.8953121,0.3060874,3.267041,0.9859062,-0.138342,0.1047374,1.331401
0.206,0.9998866,0.9857707,0.9999488,0.873914,0.8498459,0.8645595,0.3672287,-0.003028384,0.9999245,0.8943082,0.3062442,3.265368,0.9857676,-0.1389941,0.1057341,1.334259
0.207,0.9999277,0.985627,0.9999629,0.8737651,0.8485924,0.863413,0.3671974,-0.00305959,0.9999228,0.8932999,0.3064018,3.263689,0.9856283,-0.1396451,0.1067336,1.337131
0.208,0.9999606,0.9854826,0.9999747,0.873617,0.8473359,0.8622635,0.3671663,-0.003090979,0.999921,0.8922873,0.3065601,3.262003,0.9854883,-0.1402949,0.1077357,1.340018
0.209,0.9999842,0.9853374,0.9999842,0.8734701,0.8460765,0.8611109,0.3671354,-0.003122553,0.9999191,0.8912702,0.3067193,3.26031,0.9853477,-0.1409436,0.1087404,1.34292
0.21,0.9999976,0.9851915,0.9999914,0.8733245,0.8448143,0.8599553,0.3671048,-0.00315431,0.9999173,0.8902487,0.3068793,3.25861,0.9852064,-0.1415909,0.1097469,1.345837
0.211,1.0,0.9850448,0.9999965,0.8731806,0.8435492,0.8587966,0.3670746,-0.003186253,0.9999154,0.8892229,0.3070401,3.256904,0.9850645,-0.1422371,0.110751,1.348769
0.212,0.9999917,0.9848973,0.9999993,0.8730382,0.8422814,0.8576349,0.3670446,-0.00321838,0.9999135,0.8881927,0.3072016,3.255191,0.9849219,-0.1428819,0.1117487,1.351717
0.213,0.9999733,0.9847491,1.0,0.872897,0.8410107,0.8564702,0.3670149,-0.003250693,0.9999115,0.8871581,0.3073639,3.253472,0.9847787,-0.1435254,0.1127388,1.35468
0.214,0.9999454,0.9846002,0.9999984,0.8727569,0.8397371,0.8553025,0.3669855,-0.003283191,0.9999095,0.8861191,0.307527,3.251747,0.9846349,-0.1441674,0.1137212,1.357658
0.215,0.9999086,0.9844505,0.9999944,0.8726177,0.8384608,0.8541319,0.3669562,-0.003315876,0.9999075,0.8850757,0.3076908,3.250016,0.9844904,-0.1448081,0.1146956,1.360651
0.216,0.9998636,0.9843,0.9999881,0.8724792,0.8371816,0.8529583,0.3669271,-0.003348748,0.9999054,0.884028,0.3078553,3.248279,0.9843453,-0.1454472,0.115662,1.36366
0.217,0.999811,0.9841488,0.9999794,0.8723411,0.8358995,0.8517819,0.3668981,-0.003381806,0.9999033,0.8829759,0.3080205,3.246537,0.9841995,-0.1460848,0.1166201,1.366684
0.218,0.9997513,0.9839969,0.9999682,0.8722033,0.8346147,0.8506026,0.3668691,-0.003415052,0.9999012,0.8819194,0.3081864,3.24479,0.9840531,-0.1467208,0.1175696,1.369724
0.219,0.9996852,0.9838442,0.9999545,0.8720656,0.8333269,0.8494205,0.3668401,-0.003448486,0.999899,0.8808585,0.3083529,3.243037,0.9839061,-0.1473553,0.1185105,1.372778
0.22,0.9996132,0.9836908,0.9999382,0.8719278,0.8320364,0.8482355,0.3668111,-0.003482109,0.9998968,0.8797933,0.3085201,3.24128,0.9837584,-0.1479882,0.1194418,1.375848
0.221,0.999536,0.9835367,0.9999194,0.8717897,0.830743,0.8470478,0.3667821,-0.00351592,0.9998946,0.8787237,0.3086879,3.239518,0.9836101,-0.1486194,0.1203597,1.378933
0.222,0.9994535,0.9833818,0.9998979,0.8716512,0.8294467,0.8458573,0.3667529,-0.003549921,0.9998923,0.8776497,0.3088563,3.237751,0.9834611,-0.149249,0.1212603,1.382033
0.223,0.9993659,0.9832261,0.9998739,0.8715124,0.8281478,0.844664,0.3667237,-0.003584111,0.99989,0.8765713,0.3090253,3.235981,0.9833116,-0.1498768,0.1221425,1.385149
0.224,0.999273,0.9830696,0.9998473,0.8713732,0.8268462,0.8434681,0.3666945,-0.003618491,0.9998877,0.8754886,0.3091948,3.234207,0.9831614,-0.1505029,0.1230062,1.38828
0.225,0.9991751,0.9829124,0.9998182,0.8712336,0.8255419,0.8422695,0.3666651,-0.003653062,0.9998854,0.8744015,0.3093649,3.232429,0.9830106,-0.1511272,0.1238508,1.391426
0.226,0.999072,0.9827544,0.9997865,0.8710936,0.8242351,0.8410683,0.3666356,-0.003687824,0.999883,0.87331,0.3095354,3.230648,0.9828591,-0.1517497,0.124676,1.394588
0.227,0.9989638,0.9825955,0.9997522,0.8709533,0.8229258,0.8398644,0.3666061,-0.003722777,0.9998806,0.8722143,0.3097064,3.228864,0.9827071,-0.1523702,0.1254817,1.397766
0.228,0.9988505,0.9824358,0.9997155,0.8708125,0.821614,0.838658,0.3665765,-0.003757923,0.9998782,0.8711142,0.3098778,3.227078,0.9825544,-0.1529888,0.1262672,1.400959
0.229,0.9987321,0.9822753,0.9996762,0.8706713,0.8202999,0.8374491,0.3665467,-0.00379326,0.9998758,0.8700098,0.3100496,3.22529,0.9824011,-0.1536054,0.1270325,1.404168
0.23,0.9986086,0.9821139,0.9996345,0.8705296,0.8189834,0.8362376,0.3665169,-0.00382879,0.9998733,0.8689012,0.3102218,3.2235,0.9822472,-0.15422,0.1277791,1.407393
0.231,0.99848,0.9819516,0.9995902,0.8703876,0.8176646,0.8350237,0.366487,-0.003864513,0.9998708,0.8677884,0.3103943,3.221708,0.9820927,-0.1548326,0.1285175,1.410634
0.232,0.9983458,0.9817885,0.9995435,0.8702451,0.8163436,0.8338073,0.366457,-0.00390043,0.9998682,0.8666714,0.3105672,3.219915,0.9819375,-0.1554431,0.1292582,1.41389
0.233,0.9982055,0.9816246,0.9994945,0.8701025,0.8150203,0.8325885,0.366427,-0.00393654,0.9998656,0.8655502,0.3107404,3.21812,0.9817818,-0.1560515,0.1300032,1.417163
0.234,0.9980586,0.9814598,0.999443,0.8699598,0.8136948,0.8313673,0.3663969,-0.003972845,0.999863,0.8644248,0.3109139,3.216324,0.9816254,-0.1566577,0.1307528,1.420452
0.235,0.9979046,0.9812942,0.9993893,0.8698172,0.8123671,0.8301437,0.3663669,-0.004009344,0.9998603,0.8632953,0.3110879,3.214526,0.9814685,-0.1572617,0.1315068,1.423758
0.236,0.997743,0.9811278,0.9993333,0.8696747,0.8110371,0.8289178,0.3663369,-0.004046039,0.9998576,0.8621617,0.3112621,3.212726,0.9813109,-0.1578635,0.1322654,1.427079
0.237,0.9975731,0.9809606,0.9992751,0.8695326,0.8097049,0.8276896,0.366307,-0.004082929,0.9998548,0.8610241,0.3114367,3.210925,0.9811527,-0.158463,0.1330286,1.430417
0.238,0.9973946,0.9807927,0.9992147,0.8693908,0.8083706,0.826459,0.3662771,-0.004120014,0.999852,0.8598824,0.3116117,3.209122,0.980994,-0.1590602,0.1337964,1.433772
0.239,0.9972069,0.980624,0.9991523,0.8692497,0.807034,0.8252262,0.3662474,-0.004157296,0.9998492,0.8587366,0.3117871,3.207317,0.9808346,-0.159655,0.1345689,1.437144
0.24,0.9970095,0.9804546,0.9990877,0.8691092,0.8056953,0.8239911,0.3662178,-0.004194774,0.9998463,0.8575869,0.3119628,3.20551,0.9806747,-0.1602474,0.1353463,1.440532
0.241,0.9968021,0.9802844,0.9990211,0.8689694,0.8043544,0.8227538,0.3661883,-0.004232449,0.9998433,0.8564332,0.312139,3.203701,0.9805141,-0.1608373,0.1361294,1.443937
0.242,0.9965857,0.9801136,0.9989524,0.8688301,0.8030114,0.8215143,0.366159,-0.00427032,0.9998404,0.8552755,0.3123155,3.201891,0.980353,-0.1614248,0.1369188,1.447359
0.243,0.9963615,0.9799419,0.9988815,0.8686908,0.8016664,0.8202725,0.3661296,-0.004308389,0.9998374,0.8541139,0.3124924,3.200078,0.9801913,-0.1620097,0.137715,1.450798
0.244,0.9961307,0.9797696,0.9988084,0.8685513,0.8003193,0.8190286,0.3661002,-0.004346656,0.9998343,0.8529484,0.3126697,3.198264,0.980029,-0.1625921,0.1385178,1.454254
0.245,0.9958947,0.9795964,0.9987328,0.8684111,0.7989703,0.8177825,0.3660707,-0.00438512,0.9998312,0.8517791,0.3128474,3.196447,0.9798661,-0.1631718,0.1393275,1.457726
0.246,0.9956545,0.9794225,0.9986549,0.8682699,0.7976193,0.8165342,0.3660409,-0.004423782,0.9998281,0.8506058,0.3130255,3.194628,0.9797026,-0.1637489,0.140144,1.461216
0.247,0.9954115,0.9792479,0.9985744,0.8681272,0.7962665,0.8152838,0.3660108,-0.004462643,0.999825,0.8494287,0.313204,3.192807,0.9795386,-0.1643234,0.1409675,1.464722
0.248,0.9951668,0.9790724,0.9984913,0.8679828,0.7949118,0.8140312,0.3659804,-0.004501702,0.9998218,0.8482478,0.313383,3.190984,0.979374,-0.1648951,0.1417979,1.468245
0.249,0.9949217,0.9788961,0.9984055,0.8678363,0.7935554,0.8127765,0.3659495,-0.004540961,0.9998185,0.8470629,0.3135624,3.189158,0.9792088,-0.1654641,0.1426355,1.471784
0.25,0.9946773,0.9787191,0.9983169,0.8676873,0.7921972,0.8115197,0.3659181,-0.004580418,0.9998152,0.8458742,0.3137422,3.18733,0.979043,-0.1660303,0.1434781,1.475341
0.251,0.9944346,0.9785412,0.9982255,0.8675355,0.7908374,0.8102607,0.3658861,-0.004620076,0.9998119,0.8446816,0.3139225,3.1855,0.9788767,-0.1665936,0.1443149,1.478914
0.252,0.9941922,0.9783625,0.9981314,0.8673814,0.7894758,0.8089997,0.3658536,-0.004659933,0.9998086,0.8434851,0.3141032,3.183667,0.9787099,-0.1671541,0.1451349,1.482504
0.253,0.9939484,0.978183,0.9980347,0.8672253,0.7881126,0.8077366,0.3658207,-0.00469999,0.9998052,0.8422847,0.3142843,3.181832,0.9785424,-0.1677116,0.1459358,1.486112
0.254,0.9937017,0.9780027,0.9979355,0.8670678,0.7867478,0.8064715,0.3657874,-0.004740248,0.9998017,0.8410804,0.3144658,3.179996,0.9783744,-0.1682662,0.1467172,1.489736
0.255,0.9934502,0.9778216,0.997834,0.8669093,0.7853813,0.8052045,0.365754,-0.004780706,0.9997983,0.8398721,0.3146476,3.178159,0.9782059,-0.1688178,0.1474788,1.493379
0.256,0.9931924,0.9776397,0.9977302,0.8667504,0.7840131,0.8039355,0.3657205,-0.004821365,0.9997947,0.8386599,0.3148297,3.17632,0.9780368,-0.1693663,0.1482203,1.497039
0.257,0.9929264,0.977457,0.9976244,0.8665913,0.7826433,0.8026647,0.3656869,-0.004862225,0.9997912,0.8374438,0.3150122,3.174481,0.9778672,-0.1699118,0.1489415,1.500717
0.258,0.9926507,0.9772735,0.9975165,0.8664328,0.7812718,0.8013919,0.3656535,-0.004903287,0.9997876,0.8362237,0.3151949,3.172641,0.977697,-0.1704543,0.149642,1.504413
0.259,0.9923636,0.9770893,0.9974069,0.8662752,0.7798988,0.8001174,0.3656202,-0.004944551,0.9997839,0.8349997,0.3153778,3.1708,0.9775262,-0.1709936,0.1503214,1.508128
0.26,0.9920633,0.9769042,0.9972956,0.8661189,0.7785241,0.7988411,0.3655872,-0.004986017,0.9997802,0.8337719,0.3155609,3.16896,0.977355,-0.1715298,0.1509815,1.511861
0.261,0.9917489,0.9767184,0.9971826,0.8659644,0.7771477,0.797563,0.3655546,-0.005027685,0.9997765,0.8325401,0.3157443,3.16712,0.9771832,-0.1720628,0.1516312,1.515613
0.262,0.9914219,0.9765318,0.9970679,0.865811,0.7757699,0.7962832,0.3655222,-0.005069556,0.9997727,0.8313045,0.3159278,3.16528,0.9770109,-0.1725926,0.1522799,1.519384
0.263,0.9910846,0.9763444,0.9969513,0.8656582,0.7743905,0.7950016,0.36549,-0.005111631,0.9997688,0.8300649,0.3161115,3.16344,0.976838,-0.173119,0.1529293,1.523174
0.264,0.9907392,0.9761562,0.9968327,0.8655054,0.7730096,0.7937184,0.3654577,-0.005153909,0.9997649,0.8288215,0.3162954,3.161601,0.9766646,-0.1736422,0.1535796,1.526982
0.265,0.9903881,0.9759672,0.9967119,0.8653517,0.7716273,0.7924335,0.3654253,-0.005196391,0.999761,0.8275743,0.3164795,3.159762,0.9764907,-0.174162,0.1542307,1.530808
0.266,0.9900334,0.9757774,0.9965887,0.8651967,0.7702436,0.791147,0.3653925,-0.005239077,0.999757,0.8263232,0.3166638,3.157923,0.9763163,-0.1746784,0.1548826,1.534652
0.267,0.9896774,0.9755868,0.996463,0.8650395,0.7688585,0.7898589,0.3653593,-0.005281967,0.999753,0.8250684,0.3168483,3.156084,0.9761414,-0.1751916,0.1555353,1.538514
0.268,0.9893223,0.9753954,0.9963346,0.8648797,0.7674722,0.7885691,0.3653256,-0.005325062,0.9997489,0.8238098,0.317033,3.154246,0.9759659,-0.1757013,0.1561889,1.542394
0.269,0.9889705,0.9752031,0.9962034,0.8647164,0.7660846,0.7872778,0.3652911,-0.005368362,0.9997447,0.8225474,0.3172178,3.152408,0.97579,-0.1762077,0.1568432,1.546292
0.27,0.9886241,0.9750101,0.9960692,0.8645491,0.7646959,0.7859849,0.3652558,-0.005411867,0.9997406,0.8212815,0.3174029,3.15057,0.9756135,-0.1767106,0.1574986,1.550207
0.271,0.9882847,0.9748162,0.9959319,0.8643774,0.763306,0.7846904,0.3652195,-0.005455578,0.9997363,0.8200118,0.3175881,3.148732,0.9754365,-0.17721,0.1581555,1.554139
0.272,0.9879505,0.9746214,0.9957916,0.8642016,0.7619149,0.7833945,0.3651823,-0.005499494,0.9997321,0.8187386,0.3177736,3.146895,0.9752591,-0.1777058,0.1588146,1.558089
0.273,0.9876192,0.9744258,0.9956485,0.8640225,0.7605228,0.782097,0.3651445,-0.005543616,0.9997278,0.8174619,0.3179592,3.145058,0.9750811,-0.1781981,0.159476,1.562057
0.274,0.9872883,0.9742294,0.9955029,0.8638407,0.7591295,0.7807981,0.3651061,-0.005587943,0.9997234,0.8161817,0.318145,3.14322,0.9749027,-0.1786867,0.1601398,1.566043
0.275,0.9869554,0.9740322,0.9953548,0.8636569,0.7577352,0.7794977,0.3650672,-0.005632478,0.9997191,0.814898,0.3183311,3.141383,0.9747238,-0.1791718,0.160806,1.570048
0.276,0.9866179,0.9738341,0.9952045,0.8634719,0.7563398,0.7781959,0.3650281,-0.005677218,0.9997146,0.8136109,0.3185173,3.139547,0.9745443,-0.1796533,0.1614747,1.574072
0.277,0.9862736,0.9736352,0.9950521,0.8632862,0.7549433,0.7768926,0.3649889,-0.005722165,0.9997102,0.8123204,0.3187038,3.13771,0.9743644,-0.1801312,0.1621458,1.578115
0.278,0.9859199,0.9734355,0.9948979,0.8631006,0.7535458,0.775588,0.3649497,-0.005767319,0.9997056,0.8110265,0.3188905,3.135873,0.9741841,-0.1806056,0.1628193,1.582178
0.279,0.9855544,0.9732349,0.994742,0.8629158,0.7521472,0.7742821,0.3649106,-0.00581268,0.9997011,0.8097292,0.3190773,3.134037,0.9740032,-0.1810762,0.1634953,1.58626
0.28,0.9851746,0.9730336,0.9945846,0.8627324,0.7507477,0.7729748,0.3648718,-0.005858247,0.9996964,0.8084286,0.3192644,3.1322,0.9738219,-0.1815432,0.1641678,1.590364
0.281,0.984779,0.9728314,0.9944258,0.8625509,0.7493471,0.7716662,0.3648334,-0.005904021,0.9996918,0.8071246,0.3194517,3.130364,0.9736401,-0.1820065,0.1648058,1.594488
0.282,0.9843687,0.9726284,0.9942656,0.8623709,0.7479456,0.7703563,0.3647954,-0.005950002,0.999687,0.8058174,0.3196391,3.128528,0.9734579,-0.1824659,0.1653781,1.598632
0.283,0.983946,0.9724245,0.9941037,0.8621919,0.7465432,0.7690452,0.3647575,-0.005996191,0.9996822,0.8045068,0.3198266,3.126694,0.9732752,-0.1829215,0.1658776,1.602797
0.284,0.9835129,0.9722199,0.9939401,0.8620132,0.7451399,0.7677328,0.3647197,-0.006042586,0.9996773,0.803193,0.3200141,3.124863,0.9730921,-0.1833735,0.1663035,1.606982
0.285,0.9830714,0.9720144,0.9937747,0.8618342,0.7437358,0.7664193,0.3646818,-0.006089188,0.9996723,0.801876,0.3202014,3.123035,0.9729085,-0.1838217,0.1666547,1.611188
0.286,0.9826237,0.9718081,0.9936072,0.8616543,0.7423309,0.7651045,0.3646438,-0.006135998,0.9996673,0.8005556,0.3203885,3.12121,0.9727244,-0.1842663,0.1669303,1.615413
0.287,0.982172,0.971601,0.9934375,0.861473,0.7409253,0.7637887,0.3646054,-0.006183015,0.9996623,0.7992319,0.3205754,3.119391,0.9725399,-0.1847071,0.1671294,1.619658
0.288,0.9817182,0.9713931,0.9932655,0.8612896,0.739519,0.7624717,0.3645666,-0.00623024,0.9996571,0.7979049,0.3207619,3.117577,0.972355,-0.1851441,0.167251,1.623922
0.289,0.9812644,0.9711843,0.993091,0.8611035,0.738112,0.7611536,0.3645272,-0.006277672,0.999652,0.7965745,0.320948,3.11577,0.9721696,-0.1855773,0.1672942,1.628206
0.29,0.9808128,0.9709747,0.9929139,0.8609142,0.7367044,0.7598345,0.3644871,-0.006325312,0.9996468,0.7952407,0.3211335,3.11397,0.9719839,-0.1860067,0.1672712,1.632509
0.291,0.9803648,0.9707643,0.9927341,0.8607213,0.7352963,0.7585144,0.3644463,-0.00637316,0.9996415,0.7939036,0.3213184,3.112178,0.9717976,-0.1864321,0.167248,1.636832
0.292,0.9799192,0.970553,0.9925517,0.8605249,0.7338877,0.7571932,0.3644047,-0.006421215,0.9996363,0.7925631,0.3215028,3.110393,0.971611,-0.1868537,0.1672913,1.641173
0.293,0.9794741,0.970341,0.9923669,0.8603258,0.7324785,0.755871,0.3643625,-0.006469479,0.999631,0.7912191,0.3216868,3.108614,0.9714239,-0.1872715,0.1674155,1.645534
0.294,0.9790277,0.9701281,0.9921797,0.8601244,0.7310688,0.7545478,0.3643199,-0.00651795,0.9996256,0.7898718,0.3218704,3.10684,0.9712364,-0.1876856,0.1676216,1.649915
0.295,0.9785779,0.9699144,0.9919903,0.8599211,0.7296587,0.7532236,0.3642768,-0.006566629,0.9996203,0.7885211,0.3220538,3.105071,0.9710486,-0.188096,0.1679107,1.654317
0.296,0.9781231,0.9696998,0.9917988,0.8597167,0.7282481,0.7518984,0.3642335,-0.006615516,0.9996149,0.7871672,0.3222371,3.103305,0.9708603,-0.1885025,0.1682839,1.658739
0.297,0.9776613,0.9694845,0.9916055,0.8595114,0.726837,0.7505722,0.36419,-0.006664612,0.9996094,0.78581,0.3224202,3.101542,0.9706716,-0.1889053,0.1687422,1.663183
0.298,0.9771907,0.9692683,0.9914104,0.859306,0.7254255,0.749245,0.3641465,-0.006713915,0.9996038,0.7844496,0.3226034,3.099781,0.9704824,-0.1893041,0.1692867,1.667647
0.299,0.9767093,0.9690513,0.9912137,0.8591009,0.7240135,0.7479168,0.3641031,-0.006763427,0.9995982,0.783086,0.3227867,3.098021,0.9702929,-0.1896991,0.1699185,1.672134
0.3,0.9762153,0.9688335,0.9910155,0.8588965,0.7226012,0.7465877,0.3640598,-0.006813147,0.9995925,0.7817193,0.3229703,3.09626,0.970103,-0.1900902,0.1706235,1.676643
0.301,0.9757073,0.9686149,0.9908159,0.8586934,0.7211885,0.7452576,0.3640167,-0.006863075,0.9995867,0.7803495,0.3231541,3.094499,0.9699128,-0.1904775,0.1713267,1.681174
0.302,0.9751858,0.9683954,0.9906149,0.8584914,0.7197754,0.7439266,0.3639739,-0.006913211,0.9995808,0.7789766,0.3233382,3.092737,0.9697221,-0.1908611,0.1719519,1.685728
0.303,0.974652,0.9681752,0.9904125,0.85829,0.7183621,0.7425947,0.3639312,-0.006963556,0.9995749,0.7776008,0.3235223,3.090977,0.969531,-0.191241,0.1724829,1.690305
0.304,0.9741067,0.9679541,0.9902085,0.8580892,0.7169484,0.741262,0.3638886,-0.007014109,0.9995688,0.776222,0.3237065,3.089218,0.9693396,-0.1916172,0.1729186,1.694903
0.305,0.9735511,0.9677322,0.990003,0.8578885,0.7155345,0.7399286,0.3638461,-0.007064869,0.9995628,0.7748404,0.3238906,3.087462,0.9691478,-0.1919897,0.1732577,1.699524
0.306,0.9729862,0.9675094,0.9897959,0.8576877,0.7141205,0.7385944,0.3638035,-0.007115838,0.9995566,0.7734559,0.3240745,3.08571,0.9689556,-0.1923584,0.1734992,1.704166
0.307,0.9724131,0.9672858,0.9895871,0.8574865,0.7127062,0.7372597,0.3637608,-0.007167015,0.9995505,0.7720687,0.3242581,3.083963,0.9687631,-0.1927233,0.1736419,1.708831
0.308,0.9718326,0.9670614,0.9893765,0.8572846,0.7112919,0.7359243,0.363718,-0.007218399,0.9995443,0.7706788,0.3244413,3.082222,0.9685702,-0.1930843,0.1736845,1.713517
0.309,0.9712459,0.9668361,0.9891642,0.8570817,0.7098774,0.7345884,0.3636749,-0.007269991,0.9995381,0.7692862,0.324624,3.080487,0.9683769,-0.1934417,0.173626,1.718225
0.31,0.9706541,0.9666099,0.9889499,0.8568775,0.7084629,0.733252,0.3636316,-0.007321791,0.9995319,0.767891,0.3248061,3.07876,0.9681833,-0.1937954,0.1734734,1.722954
0.311,0.9700578,0.9663829,0.9887338,0.8566718,0.7070484,0.7319152,0.3635879,-0.007373798,0.9995257,0.7664932,0.3249875,3.077041,0.9679893,-0.1941456,0.1732668,1.727705
0.312,0.9694565,0.9661551,0.9885158,0.8564647,0.7056339,0.730578,0.363544,-0.007426013,0.9995194,0.7650928,0.3251682,3.075331,0.967795,-0.1944922,0.173047,1.732477
0.313,0.9688496,0.9659263,0.988296,0.8562565,0.7042195,0.7292403,0.3634998,-0.007478434,0.999513,0.7636897,0.3253482,3.07363,0.9676003,-0.1948353,0.1728223,1.737271
0.314,0.9682364,0.9656967,0.9880744,0.8560473,0.702805,0.7279021,0.3634554,-0.007531062,0.9995066,0.762284,0.3255275,3.071937,0.9674053,-0.1951747,0.1725925,1.742087
0.315,0.9676159,0.9654663,0.987851,0.8558373,0.7013906,0.7265635,0.3634108,-0.007583897,0.9995001,0.7608757,0.3257061,3.070253,0.96721,-0.1955104,0.1723578,1.746926
0.316,0.9669876,0.9652349,0.987626,0.8556267,0.6999762,0.7252244,0.3633661,-0.007636938,0.9994935,0.7594647,0.3258839,3.068577,0.9670143,-0.1958425,0.1721181,1.751787
0.317,0.9663506,0.9650027,0.9873993,0.8554159,0.698562,0.7238849,0.3633213,-0.007690186,0.9994867,0.7580511,0.3260611,3.06691,0.9668183,-0.1961711,0.1718735,1.756672
0.318,0.9657043,0.9647697,0.987171,0.8552048,0.6971478,0.7225448,0.3632765,-0.007743639,0.9994799,0.7566348,0.3262375,3.065252,0.966622,-0.1964963,0.1716239,1.761579
0.319,0.9650478,0.9645358,0.9869411,0.8549938,0.6957337,0.7212042,0.3632317,-0.007797299,0.999473,0.7552159,0.3264132,3.063602,0.9664253,-0.1968181,0.1713693,1.76651
0.32,0.9643804,0.964301,0.9867098,0.854783,0.6943197,0.7198632,0.3631869,-0.007851164,0.999466,0.7537944,0.3265882,3.06196,0.9662283,-0.1971366,0.1711125,1.771464
0.321,0.9637016,0.9640653,0.9864769,0.8545727,0.6929058,0.7185216,0.3631422,-0.007905234,0.9994589,0.7523702,0.3267625,3.060327,0.966031,-0.1974517,0.1708664,1.776443
0.322,0.9630115,0.9638288,0.9862425,0.8543627,0.6914922,0.7171795,0.3630976,-0.00795951,0.9994518,0.7509433,0.3269361,3.058702,0.9658334,-0.1977633,0.1706444,1.781446
0.323,0.9623103,0.9635914,0.9860067,0.854153,0.6900788,0.7158371,0.363053,-0.00801399,0.9994447,0.7495138,0.327109,3.057085,0.9656355,-0.1980716,0.1704495,1.786472
0.324,0.9615983,0.9633532,0.9857694,0.8539436,0.6886656,0.7144942,0.3630085,-0.008068675,0.9994376,0.7480816,0.3272813,3.055476,0.9654373,-0.1983765,0.170282,1.791522
0.325,0.960876,0.9631141,0.9855305,0.8537343,0.6872529,0.7131511,0.362964,-0.008123565,0.9994305,0.7466467,0.327453,3.053873,0.9652388,-0.1986781,0.1701423,1.796596
0.326,0.9601434,0.9628742,0.9852902,0.853525,0.6858405,0.7118077,0.3629196,-0.008178659,0.9994233,0.7452092,0.3276242,3.052278,0.9650399,-0.1989766,0.1700308,1.801694
0.327,0.959401,0.9626335,0.9850484,0.8533158,0.6844286,0.7104642,0.3628751,-0.008233957,0.9994162,0.7437691,0.3277948,3.050689,0.9648408,-0.199272,0.1699478,1.806816
0.328,0.9586491,0.962392,0.9848051,0.8531065,0.6830173,0.7091205,0.3628306,-0.008289458,0.999409,0.7423265,0.3279649,3.049107,0.9646414,-0.1995644,0.1698937,1.811961
0.329,0.9578878,0.9621497,0.9845602,0.852897,0.6816066,0.7077767,0.362786,-0.008345164,0.9994017,0.7408815,0.3281345,3.047531,0.9644417,-0.1998536,0.1698689,1.817129
0.33,0.9571176,0.9619066,0.9843139,0.8526872,0.6801964,0.7064328,0.3627414,-0.008401072,0.9993944,0.7394342,0.3283037,3.04596,0.9642417,-0.2001397,0.1698655,1.822321
0.331,0.9563386,0.9616627,0.984066,0.8524772,0.678787,0.705089,0.3626967,-0.008457183,0.9993869,0.7379845,0.3284725,3.044395,0.9640414,-0.2004227,0.1698423,1.827537
0.332,0.9555508,0.961418,0.9838167,0.8522669,0.6773783,0.7037452,0.362652,-0.008513496,0.9993794,0.7365326,0.3286408,3.042836,0.9638408,-0.2007027,0.1697576,1.832776
0.333,0.954754,0.9611725,0.9835658,0.8520563,0.6759703,0.7024015,0.3626072,-0.008570012,0.9993716,0.7350785,0.3288086,3.041283,0.96364,-0.2009797,0.1696023,1.838038
0.334,0.953948,0.9609261,0.9833135,0.8518455,0.674563,0.7010577,0.3625623,-0.00862673,0.9993638,0.7336223,0.3289757,3.039738,0.9634389,-0.201254,0.1693758,1.843325
0.335,0.9531328,0.9606789,0.9830598,0.8516346,0.6731564,0.6997141,0.3625174,-0.008683649,0.9993559,0.732164,0.3291422,3.0382,0.9632375,-0.2015256,0.1690773,1.848636
0.336,0.9523081,0.9604309,0.9828046,0.8514236,0.6717504,0.6983704,0.3624725,-0.00874077,0.9993479,0.7307038,0.329308,3.036671,0.9630358,-0.2017944,0.1687061,1.853971
0.337,0.9514738,0.960182,0.982548,0.8512124,0.6703451,0.6970269,0.3624276,-0.008798091,0.9993398,0.7292415,0.3294729,3.035151,0.9628339,-0.2020604,0.1682614,1.85933
0.338,0.9506297,0.9599322,0.98229,0.8510012,0.6689405,0.6956834,0.3623826,-0.008855613,0.9993317,0.7277774,0.329637,3.03364,0.9626317,-0.2023236,0.1677425,1.864714
0.339,0.9497757,0.9596815,0.9820307,0.85079,0.6675365,0.6943399,0.3623376,-0.008913336,0.9993236,0.7263114,0.3298001,3.03214,0.9624293,-0.2025841,0.1671487,1.870123
0.34,0.9489117,0.9594299,0.98177,0.8505788,0.6661332,0.6929966,0.3622927,-0.008971257,0.9993156,0.7248437,0.3299622,3.03065,0.9622265,-0.202842,0.1664859,1.875558
0.341,0.9480374,0.9591773,0.9815079,0.8503677,0.6647306,0.6916533,0.3622477,-0.009029379,0.9993075,0.7233741,0.3301233,3.029172,0.9620236,-0.2030974,0.1657873,1.881017
0.342,0.947153,0.9589239,0.9812446,0.8501566,0.6633286,0.6903101,0.3622027,-0.009087699,0.9992994,0.7219028,0.3302832,3.027705,0.9618203,-0.2033505,0.1650863,1.886502
0.343,0.9462585,0.9586696,0.9809798,0.8499456,0.6619274,0.6889671,0.3621578,-0.009146217,0.9992913,0.7204296,0.3304421,3.026249,0.9616169,-0.2036011,0.1643898,1.892012
0.344,0.9453541,0.9584143,0.9807138,0.8497346,0.6605271,0.6876243,0.3621128,-0.009204934,0.9992832,0.7189545,0.3306,3.024804,0.9614131,-0.2038494,0.163698,1.897548
0.345,0.9444397,0.9581582,0.9804464,0.8495237,0.6591276,0.6862816,0.3620679,-0.009263848,0.9992749,0.7174775,0.3307568,3.02337,0.9612092,-0.2040952,0.163011,1.903109
0.346,0.9435155,0.9579012,0.9801777,0.8493127,0.657729,0.6849392,0.3620229,-0.00932296,0.9992666,0.7159986,0.3309125,3.021947,0.961005,-0.2043387,0.1623289,1.908695
0.347,0.9425815,0.9576433,0.9799076,0.8491018,0.6563314,0.683597,0.361978,-0.009382267,0.9992582,0.7145178,0.3310673,3.020534,0.9608005,-0.2045799,0.1616518,1.914307
0.348,0.9416378,0.9573846,0.9796362,0.8488909,0.6549348,0.6822551,0.361933,-0.009441771,0.9992496,0.7130351,0.331221,3.019132,0.9605958,-0.2048189,0.1609799,1.919945
0.349,0.9406845,0.9571251,0.9793634,0.84868,0.6535393,0.6809134,0.361888,-0.009501471,0.999241,0.7115504,0.3313737,3.017741,0.9603909,-0.205056,0.1603134,1.925608
0.35,0.9397216,0.9568647,0.9790893,0.848469,0.652145,0.6795722,0.3618431,-0.009561366,0.9992322,0.7100639,0.3315254,3.01636,0.9601857,-0.2052911,0.1596513,1.931297
0.351,0.9387493,0.9566035,0.9788139,0.8482581,0.6507518,0.6782313,0.3617981,-0.009621455,0.9992234,0.7085756,0.3316761,3.014989,0.9599803,-0.2055241,0.158989,1.937011
0.352,0.9377675,0.9563414,0.9785371,0.8480471,0.6493599,0.6768907,0.3617531,-0.009681738,0.9992146,0.7070854,0.3318259,3.013629,0.9597746,-0.2057552,0.1583215,1.94275
0.353,0.9367763,0.9560785,0.978259,0.8478361,0.6479692,0.6755506,0.3617081,-0.009742215,0.9992057,0.7055934,0.3319746,3.012278,0.9595688,-0.2059843,0.1576481,1.948516
0.354,0.9357756,0.9558148,0.9779795,0.8476251,0.6465798,0.6742109,0.361663,-0.009802885,0.9991968,0.7040996,0.3321224,3.010938,0.9593627,-0.2062115,0.1569686,1.954307
0.355,0.9347654,0.9555502,0.9776988,0.847414,0.6451917,0.6728717,0.361618,-0.009863747,0.9991879,0.7026042,0.3322692,3.009608,0.9591563,-0.206437,0.1562831,1.960125
0.356,0.9337458,0.9552847,0.9774167,0.8472029,0.643805,0.671533,0.361573,-0.0099248,0.999179,0.7011071,0.332415,3.008288,0.9589498,-0.2066609,0.1555916,1.965968
0.357,0.9327168,0.9550184,0.9771334,0.8469917,0.6424196,0.6701947,0.3615279,-0.009986045,0.9991701,0.6996085,0.3325597,3.006979,0.958743,-0.2068831,0.1548941,1.971838
0.358,0.9316783,0.9547512,0.9768488,0.8467805,0.6410356,0.668857,0.3614828,-0.01004748,0.999161,0.6981083,0.3327035,3.005679,0.958536,-0.2071037,0.1541906,1.977733
0.359,0.9306304,0.9544831,0.9765629,0.8465692,0.639653,0.6675199,0.3614377,-0.01010911,0.999152,0.6966068,0.3328463,3.004389,0.9583288,-0.2073228,0.1534812,1.983655
0.36,0.9295731,0.9542141,0.9762758,0.8463579,0.6382718,0.6661833,0.3613926,-0.01017092,0.9991428,0.6951039,0.3329881,3.00311,0.9581214,-0.2075403,0.1527616,1.989604
0.361,0.9285063,0.9539442,0.9759875,0.8461465,0.6368921,0.6648473,0.3613475,-0.01023293,0.9991335,0.6935998,0.3331289,3.001841,0.9579137,-0.2077563,0.1520097,1.995579
0.362,0.9274301,0.9536734,0.9756979,0.8459351,0.6355139,0.6635119,0.3613023,-0.01029512,0.9991242,0.6920945,0.3332687,3.000582,0.9577059,-0.207971,0.1512034,2.001581
0.363,0.9263444,0.9534017,0.975407,0.8457236,0.6341372,0.6621772,0.3612572,-0.0103575,0.9991147,0.690588,0.3334073,2.999334,0.9574978,-0.2081844,0.1503379,2.007609
0.364,0.9252491,0.9531292,0.975115,0.8455122,0.632762,0.6608431,0.361212,-0.01042006,0.9991052,0.6890804,0.3335448,2.998098,0.9572895,-0.2083966,0.1494126,2.013664
0.365,0.9241444,0.9528557,0.9748217,0.8453008,0.6313883,0.6595097,0.3611669,-0.01048282,0.9990955,0.6875717,0.3336812,2.996873,0.957081,-0.2086076,0.1484271,2.019746
0.366,0.92303,0.9525813,0.9745272,0.8450895,0.6300162,0.658177,0.3611217,-0.01054576,0.9990858,0.686062,0.3338162,2.99566,0.9568723,-0.2088174,0.1473808,2.025855
0.367,0.9219061,0.9523061,0.9742315,0.8448782,0.6286457,0.656845,0.3610766,-0.01060888,0.9990759,0.6845511,0.33395,2.99446,0.9566634,-0.2090261,0.1462733,2.031991
0.368,0.9207725,0.95203,0.9739345,0.8446671,0.6272767,0.6555138,0.3610315,-0.01067219,0.9990661,0.6830393,0.3340824,2.993273,0.9564542,-0.2092337,0.145104,2.038154
0.369,0.9196293,0.951753,0.9736364,0.8444561,0.6259094,0.6541833,0.3609864,-0.01073568,0.9990561,0.6815264,0.3342135,2.9921,0.9562449,-0.2094404,0.1438724,2.044344
0.37,0.9184764,0.9514751,0.973337,0.8442453,0.6245436,0.6528536,0.3609413,-0.01079936,0.9990461,0.6800126,0.334343,2.99094,0.9560353,-0.2096462,0.1425848,2.050561
0.371,0.9173138,0.9511963,0.9730364,0.8440347,0.6231795,0.6515247,0.3608963,-0.01086322,0.999036,0.6784976,0.3344712,2.989794,0.9558256,-0.2098512,0.141274,2.056805
0.372,0.9161416,0.9509166,0.9727346,0.8438242,0.6218171,0.6501966,0.3608513,-0.01092726,0.9990259,0.6769817,0.3345978,2.988663,0.9556156,-0.2100554,0.1399735,2.063077
0.373,0.91496,0.9506361,0.9724317,0.8436138,0.6204563,0.6488694,0.3608063,-0.01099148,0.9990157,0.6754646,0.334723,2.987545,0.9554055,-0.2102588,0.1386903,2.069376
0.374,0.9137691,0.9503547,0.9721275,0.8434035,0.6190973,0.6475431,0.3607613,-0.01105588,0.9990055,0.6739465,0.3348467,2.986441,0.9551951,-0.2104614,0.1374245,2.075702
0.375,0.912569,0.9500724,0.971822,0.8431932,0.61774,0.6462178,0.3607163,-0.01112046,0.9989952,0.6724272,0.334969,2.985351,0.9549846,-0.2106634,0.1361765,2.082055
0.376,0.91136,0.9497892,0.9715154,0.8429829,0.6163844,0.6448934,0.3606713,-0.01118521,0.998985,0.6709069,0.33509,2.984273,0.9547738,-0.2108649,0.1349466,2.088436
0.377,0.9101421,0.9495051,0.9712076,0.8427726,0.6150307,0.6435701,0.3606263,-0.01125015,0.9989746,0.6693856,0.3352096,2.983209,0.9545628,-0.2110658,0.133735,2.094843
0.378,0.9089154,0.9492201,0.9708985,0.8425622,0.6136788,0.6422479,0.3605813,-0.01131526,0.9989642,0.6678633,0.3353278,2.982157,0.9543517,-0.2112663,0.1325419,2.101278
0.379,0.9076802,0.9489343,0.9705882,0.8423517,0.6123287,0.6409267,0.3605363,-0.01138055,0.9989537,0.6663401,0.3354447,2.981117,0.9541403,-0.2114664,0.1313677,2.107739
0.38,0.9064365,0.9486476,0.9702767,0.8421411,0.6109805,0.6396067,0.3604912,-0.01144601,0.9989432,0.664816,0.3355603,2.98009,0.9539287,-0.211666,0.1302083,2.114227
0.381,0.9051845,0.9483599,0.9699639,0.8419303,0.6096342,0.6382879,0.3604461,-0.01151165,0.9989325,0.6632912,0.3356747,2.979075,0.953717,-0.2118654,0.1290422,2.120743
0.382,0.903924,0.9480714,0.96965,0.8417194,0.6082899,0.6369703,0.3604009,-0.01157746,0.9989217,0.6617656,0.3357877,2.978072,0.953505,-0.2120644,0.1278476,2.127285
0.383,0.9026548,0.947782,0.9693349,0.8415084,0.6069476,0.6356539,0.3603558,-0.01164344,0.9989109,0.6602394,0.3358994,2.977081,0.9532928,-0.2122633,0.1266199,2.133855
0.384,0.9013767,0.9474918,0.9690186,0.8412975,0.6056074,0.6343386,0.3603106,-0.0117096,0.9988999,0.6587126,0.3360098,2.976104,0.9530805,-0.212462,0.125359,2.140452
0.385,0.9000895,0.9472006,0.9687012,0.8410867,0.6042693,0.6330246,0.3602655,-0.01177592,0.9988889,0.6571853,0.3361188,2.975138,0.9528679,-0.2126606,0.1240646,2.147077
0.386,0.898793,0.9469086,0.9683828,0.8408761,0.6029333,0.6317117,0.3602203,-0.01184242,0.9988779,0.6556576,0.3362264,2.974186,0.9526552,-0.2128592,0.1227365,2.153729
0.387,0.897487,0.9466156,0.9680633,0.8406657,0.6015996,0.6304001,0.3601753,-0.01190909,0.9988668,0.6541295,0.3363326,2.973247,0.9524422,-0.2130577,0.1213745,2.16041
0.388,0.8961713,0.9463218,0.9677427,0.8404557,0.6002682,0.6290897,0.3601303,-0.01197592,0.9988558,0.6526011,0.3364374,2.972321,0.952229,-0.2132562,0.1199785,2.167119
0.389,0.8948457,0.9460272,0.9674212,0.840246,0.5989391,0.6277804,0.3600854,-0.01204292,0.9988447,0.6510724,0.3365407,2.971409,0.9520157,-0.2134548,0.1185482,2.173857
0.39,0.89351,0.9457316,0.9670987,0.8400369,0.5976125,0.6264724,0.3600406,-0.01211009,0.9988336,0.6495435,0.3366425,2.97051,0.9518021,-0.2136536,0.1170823,2.180623
0.391,0.8921641,0.9454352,0.9667752,0.8398283,0.5962882,0.6251655,0.3599959,-0.01217742,0.9988224,0.6480144,0.3367428,2.969625,0.9515884,-0.2138525,0.1155756,2.187418
0.392,0.8908084,0.9451379,0.9664507,0.8396202,0.5949664,0.6238599,0.3599512,-0.01224491,0.9988111,0.6464849,0.3368416,2.968754,0.9513744,-0.2140517,0.1140225,2.194242
0.393,0.8894432,0.9448397,0.9661252,0.8394124,0.5936471,0.6225554,0.3599067,-0.01231257,0.9987998,0.6449553,0.3369388,2.967898,0.9511603,-0.2142511,0.1124218,2.201095
0.394,0.8880691,0.9445406,0.9657987,0.8392049,0.5923302,0.6212522,0.3598622,-0.0123804,0.9987883,0.6434253,0.3370344,2.967056,0.9509459,-0.2144508,0.1107731,2.207978
0.395,0.8866864,0.9442406,0.965471,0.8389976,0.5910157,0.61995,0.3598178,-0.01244838,0.9987767,0.6418952,0.3371283,2.96623,0.9507314,-0.2146509,0.1090762,2.214889
0.396,0.8852957,0.9439398,0.9651422,0.8387904,0.5897036,0.6186491,0.3597733,-0.01251653,0.998765,0.6403648,0.3372206,2.965418,0.9505166,-0.2148513,0.1073307,2.221831
0.397,0.8838973,0.943638,0.9648121,0.8385832,0.5883939,0.6173492,0.3597289,-0.01258483,0.9987532,0.6388342,0.3373111,2.964622,0.9503017,-0.2150523,0.1055362,2.228802
0.398,0.8824918,0.9433353,0.9644808,0.8383759,0.5870867,0.6160505,0.3596844,-0.0126533,0.9987413,0.6373035,0.3373999,2.963842,0.9500865,-0.2152536,0.1036927,2.235803
0.399,0.8810795,0.9430317,0.9641482,0.8381684,0.5857819,0.6147529,0.3596399,-0.01272192,0.9987294,0.6357725,0.3374869,2.963078,0.9498712,-0.2154556,0.1017996,2.242834
0.4,0.8796609,0.9427272,0.9638143,0.8379606,0.5844794,0.6134564,0.3595953,-0.0127907,0.9987176,0.6342413,0.3375721,2.96233,0.9496556,-0.2156581,0.09986291,2.249896
0.401,0.8782363,0.9424218,0.963479,0.8377525,0.5831794,0.612161,0.3595507,-0.01285963,0.9987057,0.63271,0.3376555,2.961599,0.9494398,-0.2158611,0.09791302,2.256987
0.402,0.8768054,0.9421154,0.9631424,0.8375442,0.5818818,0.6108666,0.359506,-0.01292872,0.9986939,0.6311786,0.337737,2.960884,0.9492239,-0.2160648,0.09598073,2.264109
0.403,0.8753678,0.9418081,0.9628046,0.8373358,0.5805868,0.6095734,0.3594612,-0.01299796,0.998682,0.6296471,0.3378167,2.960185,0.9490077,-0.2162692,0.0940725,2.271262
0.404,0.8739232,0.9414999,0.9624655,0.8371273,0.5792943,0.6082813,0.3594165,-0.01306735,0.9986701,0.6281157,0.3378947,2.959502,0.9487913,-0.2164743,0.09218864,2.278446
0.405,0.8724711,0.9411908,0.9621252,0.8369191,0.5780044,0.6069904,0.3593718,-0.0131369,0.9986581,0.6265843,0.337971,2.958834,0.9485748,-0.2166802,0.09032949,2.285661
0.406,0.8710111,0.9408808,0.9617839,0.8367111,0.5767172,0.6057005,0.3593271,-0.01320659,0.9986459,0.6250531,0.3380455,2.958182,0.948358,-0.2168868,0.08849537,2.292907
0.407,0.8695428,0.9405698,0.9614415,0.8365034,0.5754328,0.6044119,0.3592825,-0.01327643,0.9986336,0.623522,0.3381183,2.957545,0.948141,-0.2170942,0.0866866,2.300186
0.408,0.8680657,0.9402579,0.9610981,0.8362964,0.5741511,0.6031243,0.3592381,-0.01334642,0.9986212,0.6219913,0.3381895,2.956922,0.9479238,-0.2173025,0.08490352,2.307496
0.409,0.8665796,0.9399451,0.9607537,0.83609,0.5728723,0.601838,0.3591937,-0.01341655,0.9986086,0.6204608,0.3382591,2.956314,0.9477064,-0.2175117,0.08314643,2.314839
0.41,0.8650839,0.9396313,0.9604085,0.8358843,0.5715965,0.6005528,0.3591496,-0.01348684,0.998596,0.6189307,0.338327,2.95572,0.9474888,-0.2177218,0.08140824,2.322214
0.411,0.8635785,0.9393166,0.9600624,0.8356796,0.5703236,0.5992689,0.3591056,-0.01355726,0.9985834,0.617401,0.3383934,2.95514,0.9472709,-0.2179328,0.07965199,2.329622
0.412,0.8620637,0.939001,0.9597154,0.8354756,0.5690537,0.5979861,0.3590617,-0.01362783,0.9985708,0.6158718,0.3384582,2.954575,0.9470529,-0.2181449,0.07784032,2.337063
0.413,0.8605403,0.9386845,0.9593676,0.8352722,0.5677868,0.5967045,0.359018,-0.01369854,0.9985582,0.6143431,0.3385213,2.954024,0.9468347,-0.218358,0.07596542,2.344536
0.414,0.8590088,0.9383671,0.9590188,0.8350692,0.5665229,0.5954241,0.3589744,-0.01376939,0.9985457,0.612815,0.3385827,2.953488,0.9466162,-0.218572,0.07402688,2.352043
0.415,0.85747,0.9380487,0.958669,0.8348666,0.565262,0.5941449,0.3589308,-0.01384038,0.9985331,0.6112874,0.3386424,2.952967,0.9463975,-0.2187872,0.07202432,2.359583
0.416,0.8559243,0.9377295,0.9583181,0.8346641,0.5640042,0.5928668,0.3588873,-0.01391151,0.9985205,0.6097604,0.3387003,2.952463,0.9461786,-0.2190034,0.06995734,2.367156
0.417,0.8543726,0.9374094,0.9579663,0.8344616,0.5627494,0.59159,0.3588438,-0.01398278,0.9985078,0.6082339,0.3387563,2.951974,0.9459595,-0.2192207,0.06782556,2.374763
0.418,0.8528153,0.9370884,0.9576133,0.834259,0.5614977,0.5903143,0.3588002,-0.01405418,0.998495,0.606708,0.3388105,2.951503,0.9457402,-0.2194393,0.06562858,2.382403
0.419,0.8512532,0.9367666,0.9572592,0.8340561,0.5602491,0.5890398,0.3587566,-0.01412572,0.998482,0.6051827,0.3388627,2.951048,0.9455206,-0.219659,0.06336602,2.390076
0.42,0.8496869,0.9364439,0.9569039,0.8338527,0.5590036,0.5877665,0.3587128,-0.01419739,0.9984689,0.603658,0.338913,2.95061,0.9453009,-0.2198798,0.06104232,2.397783
0.421,0.8481167,0.9361203,0.9565474,0.8336487,0.5577612,0.5864944,0.358669,-0.0142692,0.9984556,0.6021339,0.3389612,2.95019,0.9450809,-0.2201019,0.05868117,2.405524
0.422,0.8465424,0.9357959,0.9561898,0.8334444,0.5565219,0.5852234,0.358625,-0.01434113,0.9984423,0.6006104,0.3390075,2.949788,0.9448607,-0.2203252,0.05630656,2.413298
0.423,0.8449633,0.9354706,0.955831,0.8332399,0.5552858,0.5839536,0.358581,-0.0144132,0.9984289,0.5990877,0.3390517,2.949403,0.9446402,-0.2205498,0.05392334,2.421107
0.424,0.8433788,0.9351444,0.955471,0.8330353,0.5540529,0.582685,0.358537,-0.01448539,0.9984156,0.5975656,0.3390939,2.949036,0.9444196,-0.2207758,0.05153158,2.428951
0.425,0.8417884,0.9348173,0.95511,0.832831,0.5528234,0.5814175,0.358493,-0.01455771,0.9984023,0.5960444,0.3391341,2.948686,0.9441987,-0.221003,0.04913136,2.436829
0.426,0.8401914,0.9344893,0.9547479,0.8326271,0.5515971,0.5801512,0.3584491,-0.01463015,0.9983892,0.5945239,0.3391723,2.948354,0.9439776,-0.2212316,0.04672275,2.444743
0.427,0.8385872,0.9341604,0.9543847,0.8324238,0.5503741,0.578886,0.3584054,-0.01470272,0.998376,0.5930043,0.3392085,2.948039,0.9437562,-0.2214615,0.04430582,2.452692
0.428,0.8369754,0.9338306,0.9540206,0.8322213,0.5491546,0.577622,0.3583618,-0.01477542,0.9983627,0.5914856,0.3392427,2.947742,0.9435346,-0.2216928,0.04188063,2.460677
0.429,0.8353552,0.9334998,0.9536554,0.8320199,0.5479384,0.5763591,0.3583184,-0.01484823,0.9983494,0.5899678,0.3392749,2.947462,0.9433128,-0.2219254,0.03944727,2.468699
0.43,0.833726,0.933168,0.9532893,0.8318196,0.5467257,0.5750974,0.3582753,-0.01492116,0.9983359,0.588451,0.3393051,2.9472,0.9430908,-0.2221595,0.03700561,2.476757
0.431,0.8320876,0.9328353,0.9529222,0.8316208,0.5455166,0.5738368,0.3582324,-0.01499421,0.9983222,0.5869353,0.3393333,2.946955,0.9428685,-0.2223951,0.03455473,2.484852
0.432,0.8304405,0.9325016,0.9525541,0.8314231,0.5443109,0.5725773,0.3581899,-0.01506738,0.9983084,0.5854206,0.3393595,2.946727,0.942646,-0.222632,0.03209371,2.492984
0.433,0.8287855,0.932167,0.9521851,0.8312265,0.5431088,0.571319,0.3581475,-0.01514067,0.9982945,0.5839071,0.3393837,2.946517,0.9424232,-0.2228704,0.02962241,2.501153
0.434,0.8271234,0.9318314,0.951815,0.8310306,0.5419101,0.5700618,0.3581053,-0.01521407,0.9982805,0.5823947,0.3394059,2.946324,0.9422002,-0.2231103,0.0271409,2.509359
0.435,0.8254551,0.9314948,0.9514439,0.8308353,0.540715,0.5688058,0.3580632,-0.01528759,0.9982665,0.5808835,0.3394262,2.946149,0.941977,-0.2233517,0.02464922,2.517603
0.436,0.8237813,0.9311573,0.9510718,0.8306403,0.5395235,0.5675509,0.3580212,-0.01536121,0.9982526,0.5793735,0.3394444,2.94599,0.9417535,-0.2235946,0.02214742,2.525885
0.437,0.8221028,0.9308188,0.9506985,0.8304454,0.5383355,0.5662972,0.3579792,-0.01543495,0.9982388,0.5778648,0.3394607,2.945849,0.9415298,-0.2238391,0.01963558,2.534204
0.438,0.8204205,0.9304793,0.9503242,0.8302504,0.5371511,0.5650447,0.3579372,-0.0155088,0.998225,0.5763574,0.3394749,2.945726,0.9413059,-0.224085,0.01711374,2.542561
0.439,0.8187352,0.9301389,0.9499487,0.830055,0.5359703,0.5637933,0.357895,-0.01558276,0.9982112,0.5748513,0.3394872,2.945619,0.9410817,-0.2243325,0.01458196,2.550956
0.44,0.8170476,0.9297976,0.9495721,0.8298592,0.534793,0.5625431,0.3578528,-0.01565682,0.9981973,0.5733465,0.3394975,2.94553,0.9408572,-0.2245816,0.01203682,2.55939
0.441,0.8153584,0.9294553,0.9491942,0.8296626,0.5336193,0.561294,0.3578104,-0.01573099,0.9981834,0.5718431,0.3395058,2.945458,0.9406325,-0.2248322,0.009460872,2.567861
0.442,0.8136672,0.929112,0.9488153,0.8294655,0.5324492,0.5600462,0.3577679,-0.01580526,0.9981692,0.5703412,0.339512,2.945404,0.9404075,-0.2250845,0.006836529,2.576371
0.443,0.8119735,0.9287678,0.9484351,0.8292682,0.5312827,0.5587994,0.3577254,-0.01587964,0.9981549,0.5688406,0.3395163,2.945367,0.9401823,-0.2253384,0.004160075,2.58492
0.444,0.8102765,0.9284227,0.9480539,0.8290707,0.5301197,0.5575539,0.3576828,-0.01595411,0.9981404,0.5673415,0.3395184,2.945348,0.9399569,-0.2255938,0.001431287,2.593508
0.445,0.8085758,0.9280766,0.9476716,0.8288735,0.5289602,0.5563095,0.3576402,-0.01602868,0.9981258,0.5658439,0.3395185,2.945348,0.9397311,-0.2258508,-0.001350058,2.602135
0.446,0.8068707,0.9277297,0.9472883,0.8286767,0.5278043,0.5550663,0.3575978,-0.01610335,0.9981113,0.5643478,0.3395164,2.945366,0.9395052,-0.2261096,-0.004184178,2.610802
0.447,0.8051607,0.9273818,0.9469039,0.8284806,0.5266518,0.5538242,0.3575555,-0.01617812,0.9980968,0.5628532,0.3395121,2.945403,0.9392789,-0.22637,-0.007071289,2.61951
0.448,0.8034451,0.9270329,0.9465185,0.8282854,0.5255029,0.5525832,0.3575133,-0.01625298,0.9980824,0.5613602,0.3395056,2.945459,0.9390524,-0.226632,-0.0100116,2.628257
0.449,0.8017234,0.9266832,0.9461321,0.8280914,0.5243574,0.5513434,0.3574715,-0.01632794,0.998068,0.5598687,0.3394969,2.945535,0.9388257,-0.2268957,-0.01300533,2.637046
0.45,0.799995,0.9263326,0.9457448,0.8278987,0.5232153,0.5501048,0.3574299,-0.01640298,0.9980537,0.5583788,0.339486,2.94563,0.9385986,-0.2271611,-0.01604738,2.645876
0.451,0.7982596,0.9259811,0.9453565,0.8277076,0.5220768,0.5488672,0.3573886,-0.01647812,0.9980394,0.5568905,0.3394727,2.945745,0.9383713,-0.2274281,-0.01911137,2.654747
0.452,0.7965177,0.9256287,0.9449673,0.8275179,0.5209416,0.5476308,0.3573477,-0.01655334,0.9980249,0.5554039,0.3394572,2.94588,0.9381438,-0.2276968,-0.02217067,2.663659
0.453,0.7947703,0.9252754,0.9445771,0.8273293,0.5198099,0.5463956,0.3573069,-0.01662865,0.9980103,0.553919,0.3394394,2.946034,0.9379159,-0.2279673,-0.02521978,2.672614
0.454,0.7930183,0.9249211,0.9441858,0.8271416,0.5186815,0.5451614,0.3572664,-0.01670405,0.9979955,0.5524358,0.3394194,2.946208,0.9376878,-0.2282395,-0.02825848,2.68161
0.455,0.7912627,0.924566,0.9437935,0.8269546,0.5175566,0.5439284,0.357226,-0.01677953,0.9979805,0.5509543,0.3393971,2.946401,0.9374595,-0.2285134,-0.03128658,2.690649
0.456,0.7895042,0.9242099,0.9434001,0.826768,0.5164351,0.5426966,0.3571857,-0.0168551,0.9979655,0.5494747,0.3393727,2.946613,0.9372308,-0.2287889,-0.03430384,2.699729
0.457,0.7877439,0.9238529,0.9430056,0.8265815,0.515317,0.5414659,0.3571454,-0.01693074,0.9979504,0.5479969,0.3393461,2.946844,0.9370019,-0.2290663,-0.03731008,2.708852
0.458,0.7859826,0.9234949,0.9426099,0.8263949,0.5142022,0.5402364,0.3571051,-0.01700647,0.9979354,0.5465211,0.3393173,2.947094,0.9367727,-0.2293454,-0.04030508,2.718018
0.459,0.7842212,0.923136,0.9422131,0.826208,0.5130908,0.539008,0.3570647,-0.01708227,0.9979205,0.5450472,0.3392864,2.947363,0.9365432,-0.2296263,-0.04328864,2.727227
0.46,0.7824607,0.9227761,0.941815,0.8260205,0.5119828,0.5377807,0.3570242,-0.01715815,0.9979057,0.5435753,0.3392533,2.94765,0.9363134,-0.2299089,-0.0462653,2.736478
0.461,0.7807016,0.9224153,0.9414156,0.8258323,0.5108781,0.5365546,0.3569835,-0.0172341,0.997891,0.5421055,0.3392181,2.947956,0.9360834,-0.2301932,-0.04925867,2.745772
0.462,0.7789436,0.9220535,0.941015,0.8256435,0.5097767,0.5353297,0.3569427,-0.01731013,0.9978762,0.5406377,0.3391808,2.94828,0.935853,-0.2304794,-0.05229256,2.75511
0.463,0.7771862,0.9216908,0.9406132,0.8254543,0.5086786,0.5341059,0.3569018,-0.01738623,0.9978612,0.539172,0.3391413,2.948623,0.9356224,-0.2307673,-0.05537185,2.764492
0.464,0.7754288,0.9213271,0.9402101,0.8252651,0.5075837,0.5328833,0.3568609,-0.0174624,0.9978462,0.5377085,0.3390997,2.948985,0.9353915,-0.231057,-0.05849669,2.773917
0.465,0.7736707,0.9209624,0.9398059,0.825076,0.506492,0.5316618,0.35682,-0.01753864,0.9978309,0.5362471,0.3390558,2.949367,0.9351603,-0.2313485,-0.0616672,2.783387
0.466,0.7719113,0.9205968,0.9394005,0.8248872,0.5054035,0.5304415,0.3567792,-0.01761494,0.9978154,0.5347879,0.3390098,2.949768,0.9349288,-0.2316418,-0.06488354,2.792902
0.467,0.7701501,0.9202303,0.9389939,0.8246991,0.5043181,0.5292223,0.3567385,-0.01769131,0.9978,0.5333308,0.3389614,2.950188,0.934697,-0.2319369,-0.06814582,2.802461
0.468,0.7683864,0.9198628,0.9385862,0.8245119,0.5032358,0.5280042,0.356698,-0.01776774,0.9977845,0.5318758,0.3389108,2.950629,0.9344649,-0.2322339,-0.07145418,2.812066
0.469,0.7666197,0.9194944,0.9381774,0.8243258,0.5021565,0.5267873,0.3566578,-0.01784423,0.9977691,0.530423,0.3388579,2.951089,0.9342325,-0.2325327,-0.07480873,2.821717
0.47,0.7648494,0.9191251,0.9377674,0.824141,0.5010803,0.5255715,0.3566178,-0.01792078,0.9977538,0.5289723,0.3388027,2.95157,0.9339999,-0.2328333,-0.0782077,2.831414
0.471,0.763075,0.9187548,0.9373564,0.8239577,0.500007,0.5243568,0.3565781,-0.01799739,0.9977386,0.5275237,0.3387452,2.952071,0.9337669,-0.2331357,-0.08164163,2.841157
0.472,0.7612972,0.9183836,0.9369442,0.8237759,0.4989366,0.5231433,0.3565388,-0.01807406,0.9977235,0.5260773,0.3386853,2.952593,0.9335336,-0.23344,-0.08510098,2.850947
0.473,0.7595167,0.9180115,0.936531,0.8235952,0.4978693,0.5219309,0.3564997,-0.01815078,0.9977083,0.5246331,0.3386231,2.953136,0.9333,-0.2337461,-0.08858381,2.860784
0.474,0.7577343,0.9176384,0.9361166,0.8234154,0.4968049,0.5207196,0.3564608,-0.01822756,0.9976929,0.5231911,0.3385585,2.9537,0.9330661,-0.2340541,-0.09209013,2.870668
0.475,0.7559508,0.9172643,0.935701,0.8232364,0.4957435,0.5195095,0.356422,-0.01830438,0.9976774,0.5217513,0.3384915,2.954284,0.9328319,-0.234364,-0.0956199,2.880599
0.476,0.7541669,0.9168893,0.9352843,0.823058,0.494685,0.5183005,0.3563834,-0.01838126,0.9976617,0.5203138,0.3384222,2.954889,0.9325974,-0.2346757,-0.09917311,2.890579
0.477,0.7523835,0.9165134,0.9348665,0.8228798,0.4936295,0.5170927,0.3563448,-0.01845819,0.9976459,0.5188787,0.3383505,2.955515,0.9323625,-0.2349893,-0.1027497,2.900606
0.478,0.7506012,0.9161364,0.9344475,0.8227018,0.492577,0.5158859,0.3563063,-0.01853516,0.99763,0.5174461,0.3382764,2.956162,0.9321274,-0.2353048,-0.1063498,2.910682
0.479,0.7488209,0.9157584,0.9340274,0.8225236,0.4915274,0.5146804,0.3562677,-0.01861218,0.9976142,0.516016,0.3382,2.956831,0.9318919,-0.2356222,-0.1099732,2.920807
0.48,0.7470434,0.9153795,0.933606,0.8223452,0.4904808,0.5134759,0.356229,-0.01868925,0.9975986,0.5145885,0.3381211,2.95752,0.9316562,-0.2359415,-0.1136171,2.93098
0.481,0.7452692,0.9149996,0.9331835,0.8221662,0.4894371,0.5122726,0.3561903,-0.01876636,0.997583,0.5131637,0.3380399,2.958231,0.93142,-0.2362627,-0.1172673,2.941203
0.482,0.7434984,0.9146186,0.9327597,0.8219868,0.4883964,0.5110704,0.3561514,-0.0188435,0.9975675,0.5117417,0.3379563,2.958962,0.9311836,-0.2365858,-0.1209096,2.951475
0.483,0.7417308,0.9142367,0.9323347,0.8218071,0.4873586,0.5098694,0.3561125,-0.01892069,0.997552,0.5103223,0.3378703,2.959715,0.9309469,-0.2369108,-0.1245407,2.961797
0.484,0.7399662,0.9138538,0.9319084,0.8216272,0.4863237,0.5086695,0.3560735,-0.01899791,0.9975364,0.5089055,0.3377821,2.960489,0.9307098,-0.2372377,-0.1281607,2.972169
0.485,0.7382044,0.9134699,0.9314809,0.8214471,0.4852916,0.5074707,0.3560345,-0.01907517,0.9975207,0.5074915,0.3376915,2.961283,0.9304724,-0.2375667,-0.1317691,2.982591
0.486,0.7364453,0.9130851,0.931052,0.8212669,0.4842624,0.5062731,0.3559954,-0.01915245,0.9975047,0.50608,0.3375986,2.962098,0.9302347,-0.2378975,-0.135366,2.993064
0.487,0.7346887,0.9126993,0.9306219,0.8210869,0.483236,0.5050766,0.3559564,-0.01922978,0.9974887,0.5046712,0.3375034,2.962933,0.9299966,-0.2382303,-0.138951,3.003587
0.488,0.7329344,0.9123126,0.9301903,0.8209069,0.4822124,0.5038812,0.3559174,-0.01930713,0.9974726,0.5032649,0.337406,2.963789,0.9297582,-0.238565,-0.1425239,3.014161
0.489,0.7311823,0.9119249,0.9297574,0.8207273,0.4811915,0.502687,0.3558784,-0.0193845,0.9974565,0.5018612,0.3373063,2.964664,0.9295195,-0.2389017,-0.1460846,3.024785
0.49,0.7294321,0.9115363,0.9293231,0.820548,0.4801734,0.501494,0.3558396,-0.01946191,0.9974404,0.5004599,0.3372044,2.96556,0.9292804,-0.2392405,-0.1496397,3.035461
0.491,0.7276838,0.9111468,0.9288874,0.8203691,0.4791581,0.500302,0.3558008,-0.01953934,0.9974245,0.4990612,0.3371004,2.966476,0.929041,-0.2395812,-0.1532237,3.046189
0.492,0.7259375,0.9107563,0.9284502,0.8201906,0.4781454,0.4991113,0.3557621,-0.01961679,0.9974087,0.4976649,0.336994,2.967411,0.9288012,-0.2399239,-0.1568712,3.056968
0.493,0.7241933,0.9103649,0.9280117,0.8200126,0.4771355,0.4979216,0.3557234,-0.01969427,0.9973929,0.4962712,0.3368855,2.968368,0.9285611,-0.2402685,-0.1605891,3.0678
0.494,0.7224514,0.9099726,0.9275719,0.8198349,0.4761282,0.4967331,0.3556849,-0.01977176,0.9973771,0.4948801,0.3367746,2.969345,0.9283207,-0.2406152,-0.1643779,3.078685
0.495,0.7207119,0.9095793,0.9271309,0.8196576,0.4751236,0.4955457,0.3556464,-0.01984927,0.9973613,0.4934918,0.3366613,2.970344,0.9280799,-0.2409639,-0.1682376,3.089623
0.496,0.718975,0.9091851,0.9266885,0.8194806,0.4741216,0.4943594,0.3556081,-0.0199268,0.9973454,0.4921062,0.3365457,2.971364,0.9278388,-0.2413146,-0.1721684,3.100615
0.497,0.7172409,0.9087899,0.9262449,0.819304,0.4731222,0.4931743,0.3555697,-0.02000435,0.9973294,0.4907235,0.3364277,2.972407,0.9275973,-0.2416674,-0.1761706,3.111661
0.498,0.7155097,0.9083937,0.9258002,0.8191277,0.4721254,0.4919903,0.3555315,-0.02008191,0.9973133,0.4893438,0.3363072,2.973472,0.9273554,-0.2420222,-0.1802442,3.122762
0.499,0.7137815,0.9079966,0.9253543,0.8189516,0.4711313,0.4908074,0.3554933,-0.02015948,0.9972972,0.4879671,0.3361843,2.974559,0.9271132,-0.242379,-0.1843896,3.133918
0.5,0.7120566,0.9075986,0.9249073,0.8187759,0.4701396,0.4896257,0.3554551,-0.02023706,0.9972811,0.4865936,0.3360588,2.97567,0.9268707,-0.242738,-0.1885993,3.14513
0.501,0.7103352,0.9071995,0.9244591,0.8186003,0.4691506,0.488445,0.355417,-0.02031465,0.9972649,0.4852232,0.3359307,2.976804,0.9266278,-0.243099,-0.1928361,3.156399
0.502,0.7086177,0.9067995,0.9240099,0.8184248,0.468164,0.4872655,0.3553789,-0.02039224,0.9972487,0.483856,0.3358002,2.977962,0.9263845,-0.2434621,-0.1970623,3.167724
0.503,0.7069047,0.9063985,0.9235594,0.8182492,0.46718,0.4860871,0.3553408,-0.02046984,0.9972325,0.4824919,0.3356671,2.979142,0.9261408,-0.2438272,-0.2012702,3.179106
0.504,0.7051969,0.9059965,0.9231076,0.8180733,0.4661985,0.4849099,0.3553026,-0.02054744,0.9972163,0.4811308,0.3355315,2.980346,0.9258968,-0.2441945,-0.2054596,3.190545
0.505,0.7034949,0.9055935,0.9226544,0.8178969,0.4652194,0.4837337,0.3552643,-0.02062504,0.9972003,0.4797727,0.3353935,2.981572,0.9256525,-0.2445639,-0.2096303,3.20204
0.506,0.7017992,0.9051895,0.9221999,0.81772,0.4642429,0.4825587,0.3552258,-0.02070264,0.9971843,0.4784174,0.3352531,2.982821,0.9254077,-0.2449354,-0.2137819,3.213593
0.507,0.7001103,0.9047844,0.9217438,0.8175422,0.4632687,0.4813848,0.3551872,-0.02078024,0.9971683,0.477065,0.3351102,2.984093,0.9251626,-0.2453089,-0.2179143,3.225203
0.508,0.698429,0.9043784,0.9212862,0.8173635,0.462297,0.480212,0.3551484,-0.02085784,0.9971524,0.4757154,0.334965,2.985386,0.9249171,-0.2456846,-0.2220273,3.236871
0.509,0.6967558,0.9039713,0.920827,0.8171836,0.4613278,0.4790404,0.3551093,-0.02093542,0.9971363,0.4743685,0.3348174,2.986702,0.9246712,-0.2460623,-0.2261206,3.248597
0.51,0.6950912,0.9035632,0.9203661,0.8170024,0.4603609,0.4778699,0.3550699,-0.021013,0.9971201,0.4730243,0.3346675,2.98804,0.924425,-0.2464423,-0.2301977,3.26038
0.511,0.6934357,0.903154,0.9199035,0.8168197,0.4593964,0.4767005,0.3550302,-0.02109058,0.9971036,0.4716828,0.3345153,2.9894,0.9241783,-0.2468243,-0.2342766,3.272221
0.512,0.6917888,0.9027439,0.9194392,0.8166358,0.4584343,0.4755322,0.3549903,-0.02116814,0.9970871,0.470344,0.3343608,2.990781,0.9239313,-0.2472085,-0.2383756,3.284121
0.513,0.69015,0.9023327,0.9189733,0.8164509,0.4574745,0.4743651,0.3549501,-0.02124569,0.9970705,0.4690082,0.334204,2.992185,0.9236839,-0.2475949,-0.2424982,3.29608
0.514,0.6885186,0.9019205,0.9185059,0.8162651,0.456517,0.473199,0.3549097,-0.02132322,0.997054,0.4676754,0.3340449,2.99361,0.9234361,-0.2479834,-0.2466446,3.308099
0.515,0.6868941,0.9015073,0.918037,0.8160788,0.4555619,0.4720342,0.3548692,-0.02140074,0.9970376,0.4663459,0.3338834,2.995058,0.9231879,-0.2483741,-0.2508145,3.320178
0.516,0.6852759,0.9010932,0.9175667,0.8158921,0.4546091,0.4708704,0.3548286,-0.02147824,0.9970215,0.4650196,0.3337196,2.996527,0.9229394,-0.248767,-0.255008,3.332318
0.517,0.6836633,0.9006781,0.9170951,0.8157053,0.4536585,0.4697077,0.354788,-0.02155573,0.9970054,0.4636967,0.3335536,2.998019,0.9226904,-0.249162,-0.259225,3.34452
0.518,0.6820558,0.900262,0.9166223,0.8155186,0.4527102,0.4685462,0.3547474,-0.02163319,0.9969894,0.4623771,0.3333851,2.999534,0.9224411,-0.2495592,-0.2634655,3.356784
0.519,0.6804528,0.8998451,0.9161483,0.8153323,0.4517641,0.4673858,0.3547068,-0.02171063,0.9969733,0.461061,0.3332144,3.001071,0.9221913,-0.2499586,-0.2677293,3.369111
0.52,0.6788536,0.8994272,0.9156732,0.8151465,0.4508202,0.4662265,0.3546664,-0.02178805,0.996957,0.4597482,0.3330414,3.00263,0.9219411,-0.2503603,-0.2720172,3.381502
0.521,0.6772578,0.8990084,0.915197,0.8149615,0.4498785,0.4650683,0.3546262,-0.02186544,0.9969404,0.4584389,0.332866,3.004212,0.9216906,-0.2507641,-0.2763323,3.393956
0.522,0.6756661,0.8985887,0.9147198,0.814777,0.448939,0.4639112,0.354586,-0.0219428,0.9969238,0.4571328,0.3326883,3.005817,0.9214396,-0.2511702,-0.2806779,3.406476
0.523,0.6740791,0.8981681,0.9142414,0.8145928,0.4480017,0.4627553,0.3545459,-0.02202014,0.9969072,0.4558298,0.3325082,3.007444,0.9211882,-0.2515785,-0.2850546,3.41906
0.524,0.6724976,0.8977465,0.9137618,0.8144086,0.4470665,0.4616005,0.3545059,-0.02209744,0.9968906,0.4545298,0.3323258,3.009095,0.9209365,-0.2519891,-0.2894624,3.431709
0.525,0.6709223,0.897324,0.9132809,0.8142243,0.4461334,0.4604467,0.3544657,-0.02217471,0.9968743,0.4532328,0.3321411,3.010769,0.9206843,-0.2524019,-0.2939012,3.444423
0.526,0.6693539,0.8969005,0.9127986,0.8140395,0.4452025,0.4592942,0.3544255,-0.02225194,0.9968581,0.4519386,0.3319539,3.012466,0.9204316,-0.2528171,-0.2983711,3.457203
0.527,0.6677932,0.8964761,0.912315,0.813854,0.4442736,0.4581427,0.3543851,-0.02232914,0.9968421,0.4506472,0.3317645,3.014187,0.9201786,-0.2532344,-0.3028719,3.470048
0.528,0.6662409,0.8960506,0.9118298,0.8136675,0.4433469,0.4569923,0.3543445,-0.0224063,0.996826,0.4493587,0.3315726,3.015931,0.9199252,-0.2536541,-0.3074037,3.48296
0.529,0.6646977,0.8956241,0.9113432,0.8134798,0.4424222,0.4558431,0.3543037,-0.02248342,0.9968098,0.448073,0.3313784,3.017698,0.9196713,-0.254076,-0.3119664,3.495937
0.53,0.6631644,0.8951966,0.9108549,0.8132907,0.4414995,0.454695,0.3542625,-0.02256051,0.9967934,0.4467902,0.3311818,3.01949,0.919417,-0.2545003,-0.3165579,3.508981
0.531,0.6616415,0.8947681,0.9103649,0.8130999,0.4405789,0.453548,0.3542209,-0.02263755,0.9967769,0.4455104,0.3309828,3.021305,0.9191623,-0.2549268,-0.3211679,3.522092
0.532,0.6601287,0.8943385,0.9098733,0.8129076,0.4396604,0.4524022,0.354179,-0.02271455,0.9967603,0.4442337,0.3307814,3.023145,0.9189072,-0.2553557,-0.3257862,3.53527
0.533,0.6586258,0.8939079,0.9093802,0.8127139,0.4387438,0.4512574,0.3541368,-0.0227915,0.9967437,0.4429605,0.3305776,3.025008,0.9186516,-0.255787,-0.3304105,3.548516
0.534,0.6571321,0.8934763,0.9088855,0.8125191,0.4378292,0.4501138,0.3540944,-0.02286841,0.9967273,0.4416907,0.3303715,3.026895,0.9183956,-0.2562206,-0.3350408,3.56183
0.535,0.6556473,0.8930436,0.9083894,0.8123232,0.4369165,0.4489713,0.3540517,-0.02294526,0.9967111,0.4404247,0.3301631,3.028806,0.9181392,-0.2566565,-0.3396769,3.575214
0.536,0.654171,0.89261,0.9078918,0.8121264,0.4360058,0.4478299,0.3540088,-0.02302207,0.9966951,0.4391622,0.3299523,3.030741,0.9178823,-0.2570948,-0.3443187,3.588668
0.537,0.6527026,0.8921753,0.9073929,0.811929,0.435097,0.4466896,0.3539658,-0.02309883,0.996679,0.4379033,0.3297392,3.0327,0.917625,-0.2575355,-0.3489661,3.602193
0.538,0.6512419,0.8917397,0.9068927,0.8117311,0.4341901,0.4455504,0.3539226,-0.02317553,0.9966629,0.4366478,0.3295237,3.034683,0.9173672,-0.2579786,-0.3536189,3.615789
0.539,0.6497883,0.891303,0.9063912,0.8115328,0.4332851,0.4444123,0.3538794,-0.02325218,0.9966467,0.4353956,0.329306,3.03669,0.917109,-0.2584241,-0.358277,3.629457
0.54,0.6483414,0.8908654,0.9058885,0.8113344,0.4323819,0.4432754,0.3538361,-0.02332877,0.9966302,0.4341467,0.3290859,3.03872,0.9168504,-0.258872,-0.3629398,3.643198
0.541,0.6469008,0.8904268,0.9053846,0.811136,0.4314806,0.4421395,0.3537929,-0.0234053,0.9966137,0.4329008,0.3288636,3.040774,0.9165913,-0.2593223,-0.3676053,3.657013
0.542,0.645466,0.8899872,0.9048797,0.8109378,0.4305811,0.4410047,0.3537496,-0.02348178,0.9965972,0.4316578,0.328639,3.042852,0.9163317,-0.259775,-0.3722711,3.670902
0.543,0.6440366,0.8895466,0.9043737,0.8107399,0.4296834,0.4398711,0.3537065,-0.02355819,0.9965808,0.4304176,0.3284122,3.044954,0.9160717,-0.2602302,-0.3769367,3.684866
0.544,0.6426122,0.889105,0.9038666,0.8105425,0.4287875,0.4387385,0.3536634,-0.02363454,0.9965646,0.4291801,0.3281831,3.04708,0.9158113,-0.2606879,-0.381602,3.698905
0.545,0.6411922,0.8886623,0.9033585,0.8103458,0.4278934,0.437607,0.3536205,-0.02371082,0.9965486,0.4279452,0.3279517,3.049229,0.9155503,-0.261148,-0.3862668,3.713022
0.546,0.6397762,0.8882187,0.9028495,0.8101499,0.427001,0.4364767,0.3535778,-0.02378704,0.9965327,0.4267132,0.3277182,3.051402,0.915289,-0.2616106,-0.390931,3.727215
0.547,0.6383639,0.887774,0.9023395,0.809955,0.4261104,0.4353475,0.3535352,-0.02386319,0.9965167,0.425484,0.3274824,3.053599,0.9150271,-0.2620757,-0.3955945,3.741486
0.548,0.6369546,0.8873282,0.9018287,0.8097613,0.4252215,0.4342193,0.353493,-0.02393928,0.9965006,0.424258,0.3272445,3.055819,0.9147648,-0.2625432,-0.400257,3.755835
0.549,0.6355481,0.8868814,0.9013169,0.809569,0.4243344,0.4330923,0.353451,-0.02401529,0.9964843,0.4230351,0.3270044,3.058063,0.914502,-0.2630133,-0.4049186,3.770264
0.55,0.6341437,0.8864335,0.9008044,0.8093781,0.4234489,0.4319664,0.3534093,-0.02409124,0.996468,0.4218156,0.3267621,3.06033,0.9142388,-0.2634859,-0.4095828,3.784773
0.551,0.6327414,0.8859846,0.9002911,0.8091889,0.4225651,0.4308417,0.353368,-0.02416711,0.9964516,0.4205994,0.3265177,3.062621,0.9139751,-0.2639611,-0.4142682,3.799363
0.552,0.6313417,0.8855345,0.8997769,0.8090009,0.421683,0.429718,0.3533269,-0.02424291,0.9964354,0.4193869,0.3262712,3.064935,0.9137109,-0.2644388,-0.4189937,3.814034
0.553,0.6299455,0.8850835,0.8992618,0.808814,0.4208026,0.4285954,0.3532861,-0.02431863,0.9964193,0.418178,0.3260224,3.067274,0.9134462,-0.264919,-0.4237628,3.828787
0.554,0.6285538,0.8846314,0.8987458,0.8086276,0.4199237,0.427474,0.3532454,-0.02439428,0.9964034,0.4169727,0.3257715,3.069636,0.913181,-0.2654018,-0.4285757,3.84362
0.555,0.6271673,0.8841782,0.8982287,0.8084416,0.4190465,0.4263537,0.3532048,-0.02446985,0.9963876,0.4157708,0.3255184,3.072023,0.9129154,-0.2658872,-0.4334323,3.858536
0.556,0.6257871,0.8837241,0.8977105,0.8082556,0.4181709,0.4252345,0.3531641,-0.02454534,0.9963718,0.4145721,0.3252631,3.074434,0.9126493,-0.2663752,-0.4383325,3.873534
0.557,0.624414,0.883269,0.8971911,0.8080692,0.4172968,0.4241164,0.3531234,-0.02462075,0.9963558,0.4133765,0.3250055,3.076871,0.9123826,-0.2668657,-0.4432764,3.888615
0.558,0.6230488,0.8828129,0.8966705,0.807882,0.4164243,0.4229994,0.3530825,-0.02469607,0.9963397,0.4121837,0.3247458,3.079332,0.9121155,-0.2673589,-0.4482637,3.903778
0.559,0.6216924,0.8823559,0.8961486,0.8076938,0.4155533,0.4218835,0.3530414,-0.02477131,0.9963235,0.4109937,0.3244838,3.081818,0.9118479,-0.2678547,-0.4532946,3.919024
0.56,0.6203458,0.8818979,0.8956254,0.8075042,0.4146839,0.4207688,0.3529999,-0.02484647,0.9963074,0.4098063,0.3242195,3.08433,0.9115798,-0.2683531,-0.4583633,3.934354
0.561,0.6190094,0.881439,0.8951008,0.807313,0.4138159,0.4196551,0.3529581,-0.02492154,0.9962913,0.4086215,0.323953,3.086867,0.9113112,-0.2688542,-0.4634412,3.949767
0.562,0.6176817,0.8809792,0.8945749,0.8071207,0.4129494,0.4185426,0.3529161,-0.02499652,0.9962755,0.407439,0.3236843,3.08943,0.9110421,-0.269358,-0.4684999,3.965264
0.563,0.6163609,0.8805184,0.8940479,0.8069282,0.4120844,0.4174311,0.352874,-0.02507141,0.9962598,0.4062591,0.3234134,3.092018,0.9107725,-0.2698644,-0.4735333,3.980849
0.564,0.6150452,0.8800566,0.8935199,0.806736,0.4112208,0.4163208,0.352832,-0.02514621,0.9962441,0.4050819,0.3231402,3.094632,0.9105024,-0.2703734,-0.4785413,3.99652
0.565,0.6137327,0.8795939,0.8929911,0.8065448,0.4103586,0.4152115,0.3527902,-0.02522092,0.9962285,0.4039078,0.322865,3.09727,0.9102317,-0.2708852,-0.4835238,4.012281
0.566,0.6124214,0.8791301,0.8924616,0.8063555,0.4094978,0.4141034,0.3527488,-0.02529554,0.9962128,0.4027369,0.3225876,3.099933,0.9099606,-0.2713996,-0.4884804,4.028133
0.567,0.6111097,0.8786653,0.8919316,0.8061687,0.4086384,0.4129963,0.3527079,-0.02537006,0.9961969,0.4015693,0.3223082,3.102621,0.9096889,-0.2719168,-0.4934112,4.044076
0.568,0.6097956,0.8781995,0.8914013,0.805985,0.4077804,0.4118904,0.3526677,-0.02544449,0.996181,0.4004052,0.3220267,3.105333,0.9094168,-0.2724366,-0.4983158,4.060113
0.569,0.6084772,0.8777327,0.8908707,0.8058053,0.4069237,0.4107856,0.3526284,-0.02551883,0.9961651,0.3992444,0.3217432,3.108069,0.9091441,-0.2729592,-0.503194,4.076244
0.57,0.6071528,0.8772647,0.8903401,0.8056302,0.4060684,0.4096818,0.3525901,-0.02559306,0.9961493,0.398087,0.3214576,3.11083,0.9088709,-0.2734846,-0.5080503,4.092473
0.571,0.605821,0.8767957,0.8898095,0.8054601,0.4052144,0.4085791,0.3525529,-0.0256672,0.9961337,0.3969328,0.3211701,3.113615,0.9085971,-0.2740127,-0.5129066,4.108799
0.572,0.6044834,0.8763257,0.8892789,0.8052946,0.4043617,0.4074776,0.3525166,-0.02574123,0.9961182,0.3957818,0.3208806,3.116424,0.9083228,-0.2745435,-0.5177852,4.125223
0.573,0.603142,0.8758546,0.888748,0.8051326,0.4035103,0.4063771,0.3524812,-0.02581517,0.9961028,0.3946335,0.3205892,3.119257,0.908048,-0.2750771,-0.5226905,4.141745
0.574,0.6017989,0.8753824,0.8882168,0.8049735,0.4026601,0.4052777,0.3524464,-0.02588901,0.9960874,0.3934879,0.3202957,3.122115,0.9077727,-0.2756135,-0.5276223,4.158366
0.575,0.6004561,0.8749092,0.887685,0.8048162,0.4018112,0.4041794,0.3524119,-0.02596274,0.9960719,0.3923446,0.3200003,3.124997,0.9074968,-0.2761527,-0.5325807,4.175084
0.576,0.5991159,0.8744349,0.8871526,0.8046601,0.4009635,0.4030822,0.3523778,-0.02603637,0.9960563,0.3912036,0.319703,3.127903,0.9072204,-0.2766946,-0.5375654,4.191901
0.577,0.5977802,0.8739597,0.8866193,0.8045042,0.4001171,0.4019861,0.3523436,-0.02610989,0.9960407,0.3900649,0.3194036,3.130835,0.9069434,-0.2772394,-0.5425765,4.208815
0.578,0.5964511,0.8734834,0.8860851,0.8043478,0.3992719,0.4008911,0.3523094,-0.02618331,0.9960251,0.3889285,0.3191023,3.133792,0.9066659,-0.277787,-0.5476138,4.225827
0.579,0.5951308,0.8730061,0.8855497,0.8041899,0.3984278,0.3997971,0.3522748,-0.02625662,0.9960097,0.3877943,0.3187989,3.136773,0.9063878,-0.2783374,-0.5526773,4.242938
0.58,0.5938213,0.8725278,0.885013,0.8040297,0.3975849,0.3987043,0.3522397,-0.02632982,0.9959944,0.3866626,0.3184937,3.13978,0.9061092,-0.2788907,-0.5577648,4.260146
0.581,0.5925239,0.8720486,0.8844749,0.8038667,0.3967432,0.3976126,0.352204,-0.02640291,0.9959792,0.3855335,0.3181864,3.142812,0.90583,-0.2794468,-0.562866,4.277452
0.582,0.5912367,0.8715684,0.8839356,0.8037017,0.3959026,0.396522,0.3521678,-0.02647589,0.9959641,0.3844072,0.3178771,3.145869,0.9055503,-0.2800057,-0.5679707,4.294858
0.583,0.5899571,0.8710871,0.8833953,0.8035356,0.3950632,0.3954324,0.3521314,-0.02654876,0.9959489,0.3832841,0.317566,3.148952,0.90527,-0.2805675,-0.5730768,4.312366
0.584,0.5886824,0.8706049,0.8828541,0.8033694,0.3942248,0.394344,0.352095,-0.02662151,0.9959337,0.3821642,0.3172528,3.15206,0.9049892,-0.2811322,-0.578184,4.329977
0.585,0.5874099,0.8701217,0.8823124,0.8032043,0.3933875,0.3932566,0.3520588,-0.02669415,0.9959184,0.3810475,0.3169378,3.155194,0.9047078,-0.2816997,-0.5832923,4.347693
0.586,0.5861369,0.8696375,0.8817703,0.8030413,0.3925513,0.3921704,0.3520231,-0.02676668,0.9959032,0.3799339,0.3166208,3.158352,0.9044258,-0.2822701,-0.5884015,4.365516
0.587,0.5848608,0.8691522,0.881228,0.8028814,0.3917161,0.3910852,0.3519881,-0.02683909,0.995888,0.3788231,0.3163019,3.161536,0.9041432,-0.2828435,-0.5935116,4.383448
0.588,0.5835789,0.8686659,0.8806858,0.8027256,0.3908819,0.3900012,0.3519539,-0.02691138,0.9958729,0.3777149,0.3159812,3.164745,0.9038601,-0.2834197,-0.5986223,4.401492
0.589,0.5822885,0.8681786,0.8801439,0.802575,0.3900487,0.3889182,0.3519209,-0.02698355,0.995858,0.3766092,0.3156585,3.16798,0.9035764,-0.2839989,-0.6037336,4.419648
0.59,0.580987,0.8676903,0.8796024,0.8024306,0.3892165,0.3878364,0.3518892,-0.02705561,0.9958431,0.3755057,0.3153341,3.17124,0.9032921,-0.2845809,-0.6088443,4.43792
0.591,0.5796726,0.8672009,0.8790616,0.8022932,0.3883853,0.3867556,0.3518591,-0.02712754,0.9958283,0.3744041,0.3150077,3.174525,0.9030072,-0.2851659,-0.6139493,4.456308
0.592,0.578347,0.8667105,0.8785212,0.8021618,0.387555,0.3856759,0.3518303,-0.02719936,0.9958134,0.3733042,0.3146796,3.177836,0.9027218,-0.2857539,-0.6190436,4.474814
0.593,0.5770131,0.8662191,0.8779812,0.8020354,0.3867256,0.3845973,0.3518026,-0.02727105,0.9957985,0.3722061,0.3143496,3.181171,0.9024357,-0.2863447,-0.6241261,4.493437
0.594,0.5756734,0.8657265,0.8774412,0.8019129,0.3858971,0.3835199,0.3517757,-0.02734263,0.9957837,0.3711097,0.3140179,3.184532,0.9021491,-0.2869385,-0.6291965,4.512176
0.595,0.5743306,0.865233,0.8769011,0.801793,0.3850696,0.3824435,0.3517494,-0.02741408,0.9957688,0.3700154,0.3136844,3.187918,0.9018618,-0.2875353,-0.6342548,4.531033
0.596,0.5729876,0.8647383,0.8763607,0.8016748,0.3842429,0.3813682,0.3517235,-0.02748541,0.9957541,0.3689232,0.3133491,3.191328,0.901574,-0.288135,-0.6393008,4.550007
0.597,0.5716469,0.8642426,0.8758198,0.8015569,0.3834171,0.380294,0.3516976,-0.02755661,0.9957394,0.3678335,0.3130122,3.194764,0.9012856,-0.2887376,-0.6443344,4.569098
0.598,0.5703112,0.8637459,0.8752781,0.8014383,0.3825921,0.3792208,0.3516716,-0.02762769,0.9957249,0.3667463,0.3126735,3.198225,0.9009965,-0.2893433,-0.6493555,4.588306
0.599,0.5689833,0.863248,0.8747355,0.8013178,0.3817679,0.3781488,0.3516452,-0.02769865,0.9957104,0.3656617,0.3123331,3.20171,0.9007069,-0.2899519,-0.6543639,4.60763
0.6,0.5676658,0.862749,0.8741918,0.8011944,0.3809446,0.3770779,0.3516181,-0.02776948,0.9956959,0.3645799,0.3119911,3.20522,0.9004166,-0.2905635,-0.6593619,4.627071
0.601,0.5663605,0.862249,0.8736468,0.8010672,0.3801221,0.376008,0.3515902,-0.02784018,0.9956814,0.3635008,0.3116474,3.208755,0.9001258,-0.2911781,-0.6643608,4.646629
0.602,0.5650649,0.8617479,0.8731007,0.8009372,0.3793003,0.3749393,0.3515616,-0.02791076,0.9956669,0.3624244,0.3113021,3.212314,0.8998343,-0.2917956,-0.6693722,4.666306
0.603,0.5637757,0.8612457,0.8725537,0.8008057,0.3784794,0.3738716,0.3515328,-0.02798121,0.9956525,0.3613502,0.3109551,3.215898,0.8995422,-0.2924162,-0.6743982,4.686104
0.604,0.5624896,0.8607425,0.8720063,0.8006741,0.3776591,0.372805,0.3515039,-0.02805153,0.9956381,0.3602781,0.3106065,3.219508,0.8992494,-0.2930397,-0.6794387,4.706026
0.605,0.5612031,0.8602382,0.8714585,0.8005438,0.3768396,0.3717395,0.3514753,-0.02812171,0.9956237,0.3592077,0.3102563,3.223142,0.8989561,-0.2936663,-0.6844937,4.726073
0.606,0.5599128,0.8597328,0.8709107,0.8004161,0.3760208,0.3706751,0.3514473,-0.02819177,0.9956095,0.3581389,0.3099045,3.226801,0.8986621,-0.2942958,-0.689563,4.746249
0.607,0.5586155,0.8592264,0.8703631,0.8002923,0.3752027,0.3696118,0.3514201,-0.0282617,0.9955953,0.3570715,0.309551,3.230485,0.8983675,-0.2949284,-0.6946465,4.766556
0.608,0.5573076,0.858719,0.8698159,0.8001738,0.3743852,0.3685496,0.3513941,-0.0283315,0.9955812,0.3560053,0.309196,3.234195,0.8980723,-0.2955639,-0.6997442,4.786996
0.609,0.5559859,0.8582105,0.8692696,0.800062,0.3735684,0.3674884,0.3513695,-0.02840117,0.9955672,0.3549403,0.3088393,3.23793,0.8977764,-0.2962025,-0.7048558,4.807571
0.61,0.554647,0.857701,0.8687242,0.7999581,0.3727522,0.3664283,0.3513467,-0.0284707,0.9955532,0.3538766,0.3084811,3.24169,0.8974798,-0.2968441,-0.7099787,4.828286
0.611,0.5532886,0.8571906,0.8681801,0.7998631,0.3719367,0.3653693,0.3513258,-0.02854011,0.9955392,0.3528144,0.3081212,3.245476,0.8971827,-0.2974886,-0.7150995,4.849141
0.612,0.5519127,0.8566791,0.8676369,0.799776,0.3711217,0.3643114,0.3513067,-0.02860938,0.9955253,0.3517542,0.3077598,3.249287,0.8968849,-0.2981362,-0.7202049,4.870137
0.613,0.5505226,0.8561665,0.8670946,0.7996954,0.3703073,0.3632546,0.351289,-0.02867852,0.9955113,0.3506962,0.3073969,3.253123,0.8965864,-0.2987868,-0.725292,4.891275
0.614,0.5491214,0.855653,0.8665529,0.79962,0.3694935,0.3621989,0.3512724,-0.02874753,0.9954972,0.3496405,0.3070324,3.256985,0.8962873,-0.2994404,-0.7303608,4.912554
0.615,0.5477124,0.8551384,0.8660115,0.7995483,0.3686802,0.3611442,0.3512567,-0.0288164,0.9954832,0.3485869,0.3066665,3.260872,0.8959875,-0.300097,-0.7354112,4.933974
0.616,0.5462985,0.8546227,0.8654703,0.7994788,0.3678674,0.3600906,0.3512414,-0.02888514,0.9954694,0.3475354,0.306299,3.264784,0.8956871,-0.3007566,-0.7404429,4.955535
0.617,0.5448832,0.854106,0.864929,0.7994103,0.3670552,0.3590381,0.3512264,-0.02895375,0.9954557,0.3464859,0.3059301,3.268721,0.895386,-0.3014192,-0.7454561,4.977238
0.618,0.5434694,0.8535882,0.8643874,0.7993413,0.3662434,0.3579867,0.3512112,-0.02902222,0.9954423,0.3454381,0.3055598,3.272682,0.8950843,-0.3020848,-0.7504504,4.999081
0.619,0.5420605,0.8530693,0.8638452,0.7992704,0.3654322,0.3569364,0.3511956,-0.02909055,0.9954289,0.3443918,0.305188,3.276669,0.8947818,-0.3027533,-0.7554259,5.021066
0.62,0.5406595,0.8525493,0.8633022,0.7991962,0.3646214,0.3558871,0.3511793,-0.02915875,0.9954155,0.3433466,0.3048149,3.28068,0.8944788,-0.3034248,-0.7603831,5.043192
0.621,0.5392686,0.8520282,0.8627583,0.7991178,0.363811,0.3548389,0.3511621,-0.02922681,0.9954021,0.3423023,0.3044403,3.284716,0.894175,-0.3040993,-0.7653257,5.06546
0.622,0.5378854,0.8515061,0.8622137,0.799036,0.3630011,0.3537918,0.3511441,-0.02929474,0.9953885,0.3412586,0.3040645,3.288776,0.8938706,-0.3047768,-0.7702573,5.087871
0.623,0.5365065,0.8509828,0.8616686,0.7989524,0.3621916,0.3527457,0.3511258,-0.02936253,0.9953749,0.3402157,0.3036873,3.292861,0.8935654,-0.3054572,-0.7751785,5.110429
0.624,0.5351285,0.8504585,0.8611233,0.7988683,0.3613825,0.3517008,0.3511073,-0.02943019,0.9953614,0.3391735,0.3033087,3.296971,0.8932596,-0.3061405,-0.7800892,5.133136
0.625,0.5337479,0.8499332,0.860578,0.7987851,0.3605738,0.3506569,0.351089,-0.02949771,0.9953481,0.3381322,0.3029289,3.301105,0.8929532,-0.3068269,-0.7849894,5.155995
0.626,0.5323614,0.8494068,0.860033,0.7987043,0.3597654,0.3496141,0.3510712,-0.0295651,0.9953351,0.3370919,0.3025478,3.305263,0.892646,-0.3075161,-0.7898789,5.179009
0.627,0.5309655,0.8488793,0.8594886,0.7986273,0.3589574,0.3485723,0.3510543,-0.02963235,0.9953221,0.3360528,0.3021654,3.309446,0.8923381,-0.3082083,-0.7947576,5.20218
0.628,0.5295568,0.8483508,0.858945,0.7985554,0.3581496,0.3475317,0.3510385,-0.02969946,0.9953092,0.3350152,0.3017818,3.313653,0.8920296,-0.3089034,-0.7996255,5.225512
0.629,0.5281319,0.8478213,0.8584024,0.7984902,0.3573422,0.3464921,0.3510242,-0.02976644,0.9952962,0.3339793,0.3013969,3.317884,0.8917203,-0.3096014,-0.8044824,5.249007
0.63,0.5266874,0.8472909,0.8578612,0.7984329,0.356535,0.3454536,0.3510116,-0.02983328,0.9952831,0.332945,0.3010108,3.32214,0.8914104,-0.3103023,-0.809329,5.272669
0.631,0.5252207,0.8467594,0.8573215,0.7983847,0.3557281,0.3444162,0.351001,-0.02989998,0.99527,0.3319122,0.3006235,3.32642,0.8910997,-0.311006,-0.8141682,5.2965
0.632,0.5237338,0.8462269,0.8567833,0.7983445,0.3549214,0.3433798,0.3509922,-0.02996655,0.995257,0.3308807,0.300235,3.330724,0.8907884,-0.3117127,-0.8190033,5.320501
0.633,0.5222293,0.8456934,0.8562462,0.7983113,0.3541149,0.3423446,0.3509848,-0.03003298,0.9952441,0.3298501,0.2998454,3.335052,0.8904763,-0.3124223,-0.8238347,5.344673
0.634,0.52071,0.8451588,0.8557101,0.7982835,0.3533087,0.3413104,0.3509788,-0.03009928,0.9952315,0.3288203,0.2994545,3.339405,0.8901635,-0.3131346,-0.8286623,5.369016
0.635,0.5191787,0.8446232,0.8551749,0.7982601,0.3525026,0.3402773,0.3509736,-0.03016544,0.995219,0.3277909,0.2990626,3.343782,0.88985,-0.3138499,-0.8334861,5.39353
0.636,0.517638,0.8440865,0.8546402,0.7982397,0.3516967,0.3392452,0.3509691,-0.03023146,0.9952065,0.3267617,0.2986694,3.348183,0.8895358,-0.3145679,-0.838306,5.418216
0.637,0.5160908,0.8435487,0.854106,0.798221,0.350891,0.3382143,0.350965,-0.03029735,0.9951939,0.3257325,0.2982752,3.352608,0.8892209,-0.3152888,-0.8431219,5.443074
0.638,0.5145398,0.8430098,0.853572,0.7982027,0.3500854,0.3371844,0.350961,-0.0303631,0.9951813,0.3247032,0.2978799,3.357058,0.8889052,-0.3160124,-0.8479336,5.468106
0.639,0.5129878,0.8424698,0.853038,0.7981835,0.34928,0.3361555,0.3509568,-0.03042871,0.9951687,0.3236741,0.2974834,3.361532,0.8885889,-0.3167388,-0.8527412,5.49331
0.64,0.5114374,0.8419287,0.8525038,0.7981622,0.3484747,0.3351278,0.3509521,-0.03049419,0.9951563,0.3226454,0.2970859,3.36603,0.8882718,-0.317468,-0.8575431,5.518688
0.641,0.5098908,0.8413864,0.8519693,0.7981379,0.3476694,0.3341011,0.3509467,-0.03055954,0.9951439,0.3216173,0.2966873,3.370552,0.8879539,-0.3182,-0.8623323,5.544241
0.642,0.5083467,0.8408429,0.8514345,0.7981109,0.3468643,0.3330755,0.3509408,-0.03062475,0.9951318,0.3205898,0.2962876,3.375099,0.8876354,-0.3189347,-0.8671016,5.569971
0.643,0.5068034,0.8402984,0.8508997,0.798082,0.3460592,0.3320509,0.3509344,-0.03068982,0.9951197,0.3195631,0.2958869,3.379669,0.8873161,-0.319672,-0.8718496,5.595879
0.644,0.5052588,0.8397527,0.8503649,0.7980519,0.3452542,0.3310275,0.3509278,-0.03075476,0.9951076,0.3185372,0.2954852,3.384264,0.886996,-0.3204121,-0.8765762,5.621969
0.645,0.5037112,0.839206,0.8498303,0.7980216,0.3444492,0.3300051,0.3509212,-0.03081956,0.9950955,0.3175121,0.2950825,3.388882,0.8866752,-0.3211548,-0.8812814,5.648242
0.646,0.5021587,0.8386582,0.8492961,0.7979916,0.3436442,0.3289837,0.3509146,-0.03088423,0.9950834,0.3164877,0.2946789,3.393525,0.8863537,-0.3219001,-0.885965,5.674702
0.647,0.5005994,0.8381093,0.8487623,0.7979629,0.3428392,0.3279635,0.3509083,-0.03094877,0.9950714,0.3154638,0.2942743,3.398191,0.8860314,-0.3226481,-0.8906271,5.701351
0.648,0.4990313,0.8375594,0.8482292,0.7979361,0.3420341,0.3269443,0.3509024,-0.03101317,0.9950594,0.31444,0.2938687,3.40288,0.8857084,-0.3233987,-0.8952675,5.728191
0.649,0.4974526,0.8370086,0.8476968,0.7979121,0.341229,0.3259262,0.3508971,-0.03107744,0.9950476,0.3134161,0.2934622,3.407593,0.8853846,-0.3241518,-0.8998862,5.755225
0.65,0.4958615,0.8364567,0.8471653,0.7978915,0.3404238,0.3249091,0.3508926,-0.03114157,0.9950359,0.3123919,0.2930549,3.41233,0.8850601,-0.3249075,-0.9044843,5.782456
0.651,0.4942565,0.8359039,0.8466348,0.7978751,0.3396185,0.3238932,0.350889,-0.03120557,0.9950242,0.3113674,0.2926467,3.41709,0.8847348,-0.3256657,-0.9090675,5.809886
0.652,0.4926381,0.83535,0.8461054,0.7978624,0.3388131,0.3228783,0.3508862,-0.03126944,0.9950126,0.3103424,0.2922376,3.421873,0.8844088,-0.3264264,-0.9136417,5.837518
0.653,0.4910072,0.8347952,0.8455768,0.7978531,0.3380075,0.3218645,0.3508841,-0.03133317,0.995001,0.3093169,0.2918276,3.42668,0.884082,-0.3271895,-0.9182079,5.865352
0.654,0.4893648,0.8342393,0.8450492,0.7978465,0.3372018,0.3208518,0.3508827,-0.03139677,0.9949895,0.308291,0.2914169,3.43151,0.8837544,-0.3279551,-0.922766,5.893391
0.655,0.4877119,0.8336824,0.8445224,0.7978424,0.3363959,0.3198401,0.3508818,-0.03146024,0.994978,0.3072651,0.2910053,3.436364,0.8834261,-0.3287231,-0.9273161,5.921637
0.656,0.4860494,0.8331244,0.8439964,0.7978401,0.3355898,0.3188295,0.3508813,-0.03152358,0.9949666,0.3062392,0.2905929,3.44124,0.883097,-0.3294934,-0.9318579,5.950091
0.657,0.4843782,0.8325652,0.843471,0.7978391,0.3347836,0.3178199,0.3508811,-0.03158678,0.9949552,0.3052135,0.2901797,3.44614,0.8827671,-0.3302661,-0.9363916,5.978755
0.658,0.4826992,0.832005,0.8429464,0.7978391,0.3339771,0.3168114,0.350881,-0.03164985,0.994944,0.304188,0.2897657,3.451064,0.8824364,-0.331041,-0.9409169,6.007632
0.659,0.4810135,0.8314436,0.8424224,0.7978396,0.3331704,0.315804,0.3508811,-0.03171279,0.9949328,0.3031625,0.289351,3.45601,0.882105,-0.3318183,-0.9454338,6.036723
0.66,0.479322,0.830881,0.841899,0.7978399,0.3323634,0.3147976,0.3508812,-0.0317756,0.9949217,0.3021371,0.2889355,3.46098,0.8817728,-0.3325978,-0.9499419,6.066029
0.661,0.4776255,0.8303172,0.841376,0.7978398,0.3315563,0.3137923,0.3508812,-0.03183828,0.9949106,0.3011114,0.2885193,3.465973,0.8814398,-0.3333795,-0.9544391,6.095554
0.662,0.4759242,0.8297523,0.8408536,0.797839,0.3307488,0.312788,0.350881,-0.03190083,0.9948996,0.3000854,0.2881023,3.470989,0.881106,-0.3341633,-0.9589233,6.125299
0.663,0.4742184,0.8291862,0.8403317,0.7978373,0.329941,0.3117848,0.3508806,-0.03196325,0.9948886,0.2990589,0.2876846,3.476029,0.8807715,-0.3349492,-0.9633941,6.155265
0.664,0.4725083,0.828619,0.8398102,0.7978346,0.329133,0.3107827,0.3508801,-0.03202554,0.9948777,0.2980315,0.2872662,3.481091,0.8804361,-0.3357373,-0.9678514,6.185454
0.665,0.4707939,0.8280506,0.8392891,0.7978308,0.3283246,0.3097816,0.3508792,-0.03208769,0.9948669,0.2970034,0.2868472,3.486177,0.8801,-0.3365274,-0.9722952,6.215869
0.666,0.4690755,0.8274811,0.8387684,0.7978256,0.3275158,0.3087815,0.3508781,-0.03214972,0.9948561,0.2959744,0.2864274,3.491286,0.8797631,-0.3373195,-0.9767254,6.246511
0.667,0.4673532,0.8269106,0.8382482,0.7978189,0.3267067,0.3077826,0.3508766,-0.03221162,0.9948454,0.2949448,0.2860071,3.496417,0.8794254,-0.3381136,-0.981142,6.277383
0.668,0.4656273,0.8263389,0.8377283,0.7978105,0.3258973,0.3067847,0.3508748,-0.03227339,0.9948348,0.2939144,0.285586,3.501572,0.8790868,-0.3389096,-0.9855448,6.308485
0.669,0.4638977,0.8257662,0.8372088,0.7978004,0.3250874,0.3057878,0.3508725,-0.03233503,0.9948243,0.2928835,0.2851644,3.50675,0.8787475,-0.3397074,-0.989934,6.33982
0.67,0.4621649,0.8251925,0.8366896,0.7977883,0.3242771,0.3047921,0.3508699,-0.03239654,0.9948139,0.291852,0.2847421,3.51195,0.8784074,-0.3405071,-0.9943108,6.37139
0.671,0.4604286,0.8246177,0.8361707,0.7977741,0.3234664,0.3037974,0.3508668,-0.03245792,0.9948034,0.2908202,0.2843192,3.517173,0.8780665,-0.3413087,-0.998682,6.403197
0.672,0.4586883,0.8240419,0.8356523,0.7977582,0.3226552,0.3028037,0.3508633,-0.03251918,0.994793,0.2897881,0.2838958,3.52242,0.8777248,-0.3421119,-1.003055,6.435244
0.673,0.4569433,0.8234651,0.8351344,0.7977409,0.3218435,0.3018112,0.3508594,-0.0325803,0.9947826,0.2887555,0.2834717,3.527689,0.8773823,-0.3429169,-1.00743,6.467534
0.674,0.4551927,0.8228872,0.834617,0.7977226,0.3210314,0.3008197,0.3508554,-0.0326413,0.9947723,0.2877224,0.2830471,3.532981,0.877039,-0.3437235,-1.011808,6.50007
0.675,0.4534357,0.8223082,0.8341003,0.7977035,0.3202188,0.2998293,0.3508512,-0.03270218,0.9947621,0.2866886,0.2826219,3.538296,0.8766948,-0.3445317,-1.016189,6.532856
0.676,0.4516715,0.8217282,0.8335843,0.7976842,0.3194056,0.2988399,0.350847,-0.03276292,0.9947521,0.2856541,0.2821961,3.543635,0.8763499,-0.3453415,-1.020572,6.565896
0.677,0.4498994,0.8211471,0.8330692,0.7976649,0.3185919,0.2978516,0.3508427,-0.03282354,0.9947421,0.2846187,0.2817698,3.548996,0.8760042,-0.3461528,-1.024958,6.599191
0.678,0.4481186,0.8205649,0.8325549,0.7976461,0.3177776,0.2968644,0.3508386,-0.03288403,0.9947322,0.2835824,0.281343,3.554381,0.8756576,-0.3469656,-1.029346,6.632747
0.679,0.4463282,0.8199816,0.8320417,0.797628,0.3169627,0.2958782,0.3508346,-0.0329444,0.9947222,0.2825449,0.2809155,3.559789,0.8753102,-0.3477798,-1.033737,6.666565
0.68,0.4445275,0.8193972,0.8315296,0.7976111,0.3161472,0.294893,0.3508309,-0.03300464,0.9947122,0.2815064,0.2804876,3.56522,0.874962,-0.3485954,-1.038127,6.700651
0.681,0.4427159,0.8188116,0.8310186,0.7975955,0.3153311,0.293909,0.3508275,-0.03306475,0.9947023,0.2804669,0.2800591,3.570675,0.874613,-0.3494122,-1.042506,6.735007
0.682,0.4408942,0.818225,0.8305087,0.7975809,0.3145144,0.2929259,0.3508243,-0.03312474,0.9946926,0.2794266,0.2796301,3.576152,0.8742632,-0.3502304,-1.046862,6.769635
0.683,0.4390634,0.8176372,0.8299998,0.7975667,0.313697,0.2919439,0.3508211,-0.0331846,0.994683,0.2783854,0.2792007,3.581653,0.8739126,-0.3510497,-1.051192,6.804538
0.684,0.4372244,0.8170484,0.8294917,0.7975524,0.3128789,0.290963,0.350818,-0.03324434,0.9946735,0.2773434,0.2787707,3.587177,0.8735611,-0.3518702,-1.055496,6.839718
0.685,0.4353783,0.8164584,0.8289845,0.7975373,0.3120601,0.2899831,0.3508147,-0.03330395,0.9946641,0.2763006,0.2783403,3.592724,0.8732088,-0.3526918,-1.059775,6.875176
0.686,0.4335259,0.8158673,0.8284779,0.797521,0.3112407,0.2890043,0.3508111,-0.03336344,0.9946546,0.275257,0.2779095,3.598294,0.8728557,-0.3535144,-1.064028,6.910915
0.687,0.4316684,0.8152751,0.827972,0.797503,0.3104205,0.2880265,0.3508071,-0.0334228,0.9946451,0.2742127,0.2774782,3.603887,0.8725018,-0.354338,-1.068256,6.946937
0.688,0.4298067,0.8146819,0.8274666,0.7974825,0.3095995,0.2870497,0.3508026,-0.03348204,0.9946355,0.2731674,0.2770465,3.609502,0.8721471,-0.3551625,-1.072458,6.983244
0.689,0.4279418,0.8140875,0.8269616,0.7974592,0.3087778,0.286074,0.3507975,-0.03354116,0.9946262,0.2721212,0.2766145,3.61514,0.8717915,-0.3559879,-1.076634,7.019838
0.69,0.4260746,0.8134921,0.8264569,0.7974325,0.3079553,0.2850994,0.3507916,-0.03360015,0.994617,0.271074,0.2761821,3.6208,0.8714351,-0.3568142,-1.080787,7.056722
0.691,0.4242058,0.8128955,0.8259525,0.7974019,0.3071321,0.2841258,0.3507849,-0.03365902,0.994608,0.2700258,0.2757493,3.626483,0.8710779,-0.3576411,-1.084927,7.093898
0.692,0.4223348,0.8122979,0.8254484,0.7973679,0.306308,0.2831532,0.3507774,-0.03371777,0.9945991,0.2689765,0.2753162,3.632188,0.8707198,-0.3584688,-1.089064,7.131369
0.693,0.4204606,0.8116992,0.8249448,0.7973309,0.305483,0.2821817,0.3507693,-0.03377639,0.9945901,0.267926,0.2748827,3.637915,0.8703609,-0.3592971,-1.093202,7.16914
0.694,0.418582,0.8110994,0.8244417,0.7972916,0.3046573,0.2812112,0.3507606,-0.03383489,0.994581,0.2668745,0.2744489,3.643665,0.8700012,-0.3601259,-1.097338,7.207215
0.695,0.4166982,0.8104985,0.8239393,0.7972505,0.3038306,0.2802418,0.3507516,-0.03389327,0.9945719,0.2658218,0.2740148,3.649438,0.8696407,-0.3609553,-1.101474,7.245598
0.696,0.414808,0.8098965,0.8234377,0.797208,0.3030031,0.2792734,0.3507422,-0.03395153,0.9945629,0.2647681,0.2735804,3.655233,0.8692793,-0.3617851,-1.10561,7.284293
0.697,0.4129105,0.8092933,0.8229369,0.7971649,0.3021747,0.2783061,0.3507327,-0.03400966,0.9945541,0.2637134,0.2731456,3.661051,0.8689171,-0.3626153,-1.109745,7.323304
0.698,0.4110047,0.8086891,0.8224372,0.7971215,0.3013454,0.2773398,0.3507232,-0.03406767,0.9945456,0.2626578,0.2727106,3.666891,0.8685541,-0.3634458,-1.11388,7.362636
0.699,0.4090895,0.8080837,0.8219386,0.7970784,0.3005151,0.2763746,0.3507137,-0.03412557,0.9945372,0.2616011,0.2722752,3.672754,0.8681902,-0.3642765,-1.118013,7.402294
0.7,0.407164,0.8074772,0.8214412,0.7970362,0.2996839,0.2754105,0.3507044,-0.03418334,0.9945287,0.2605435,0.2718396,3.67864,0.8678255,-0.3651074,-1.122147,7.442281
0.701,0.4052274,0.8068695,0.8209451,0.7969953,0.2988518,0.2744474,0.3506954,-0.03424099,0.9945201,0.2594849,0.2714037,3.684548,0.86746,-0.3659384,-1.126283,7.482602
0.702,0.4032799,0.8062607,0.8204502,0.7969555,0.2980186,0.2734854,0.3506867,-0.03429852,0.9945114,0.2584252,0.2709675,3.69048,0.8670936,-0.3667694,-1.130423,7.523261
0.703,0.4013222,0.8056508,0.8199566,0.7969165,0.2971845,0.2725244,0.3506781,-0.03435593,0.9945028,0.2573646,0.270531,3.696434,0.8667265,-0.3676005,-1.134569,7.564261
0.704,0.3993548,0.8050397,0.8194642,0.796878,0.2963493,0.2715645,0.3506696,-0.03441322,0.9944943,0.2563028,0.2700943,3.702411,0.8663584,-0.3684314,-1.138719,7.605605
0.705,0.3973784,0.8044275,0.8189729,0.7968397,0.2955131,0.2706056,0.3506612,-0.03447039,0.9944859,0.2552401,0.2696572,3.708411,0.8659896,-0.3692622,-1.142875,7.647297
0.706,0.3953934,0.8038142,0.8184827,0.7968014,0.2946758,0.2696478,0.3506528,-0.03452744,0.9944777,0.2541762,0.26922,3.714435,0.8656199,-0.3700927,-1.147036,7.68934
0.707,0.3934004,0.8031997,0.8179936,0.7967627,0.2938375,0.268691,0.3506443,-0.03458437,0.9944694,0.2531113,0.2687824,3.720481,0.8652494,-0.3709229,-1.151201,7.731739
0.708,0.3914001,0.8025841,0.8175054,0.7967233,0.2929981,0.2677353,0.3506356,-0.03464118,0.9944612,0.2520453,0.2683447,3.726551,0.8648781,-0.3717527,-1.155371,7.774495
0.709,0.3893929,0.8019673,0.8170181,0.7966829,0.2921576,0.2667806,0.3506267,-0.03469787,0.9944529,0.2509782,0.2679066,3.732644,0.8645059,-0.372582,-1.159546,7.817613
0.71,0.3873795,0.8013494,0.8165317,0.7966413,0.291316,0.265827,0.3506176,-0.03475445,0.9944447,0.2499101,0.2674684,3.73876,0.8641329,-0.3734108,-1.163723,7.861098
0.711,0.3853603,0.8007303,0.8160462,0.7965982,0.2904732,0.2648743,0.3506081,-0.0348109,0.9944365,0.2488409,0.2670298,3.7449,0.8637591,-0.374239,-1.167885,7.904951
0.712,0.3833351,0.8001102,0.8155615,0.7965537,0.2896293,0.2639228,0.3505983,-0.03486724,0.9944286,0.2477707,0.2665911,3.751063,0.8633844,-0.3750665,-1.172017,7.949178
0.713,0.3813038,0.7994888,0.8150777,0.796508,0.2887842,0.2629722,0.3505882,-0.03492346,0.9944207,0.2466994,0.2661522,3.757249,0.8630089,-0.3758933,-1.176115,7.993783
0.714,0.379266,0.7988664,0.8145948,0.7964612,0.287938,0.2620227,0.3505779,-0.03497957,0.994413,0.2456272,0.2657131,3.763458,0.8626326,-0.3767193,-1.18018,8.03877
0.715,0.3772215,0.7982429,0.8141128,0.7964137,0.2870905,0.2610743,0.3505675,-0.03503555,0.9944054,0.244554,0.2652738,3.76969,0.8622555,-0.3775444,-1.184211,8.084143
0.716,0.3751701,0.7976182,0.8136318,0.7963654,0.2862417,0.2601268,0.3505568,-0.03509142,0.9943979,0.2434799,0.2648344,3.775945,0.8618776,-0.3783686,-1.188209,8.129908
0.717,0.3731115,0.7969925,0.8131517,0.7963167,0.2853917,0.2591805,0.3505461,-0.03514717,0.9943903,0.242405,0.2643948,3.782223,0.8614988,-0.3791918,-1.192173,8.176067
0.718,0.3710454,0.7963657,0.8126725,0.7962678,0.2845405,0.2582351,0.3505353,-0.03520281,0.9943828,0.2413291,0.2639551,3.788523,0.8611192,-0.3800139,-1.196104,8.222627
0.719,0.3689716,0.7957377,0.8121944,0.7962187,0.2836879,0.2572908,0.3505245,-0.03525832,0.9943753,0.2402523,0.2635154,3.794845,0.8607387,-0.3808349,-1.200002,8.269592
0.72,0.3668898,0.7951088,0.8117172,0.7961697,0.2828341,0.2563476,0.3505138,-0.03531372,0.9943677,0.2391746,0.2630755,3.80119,0.8603575,-0.3816546,-1.20387,8.316966
0.721,0.3647999,0.7944787,0.8112411,0.7961209,0.2819788,0.2554054,0.350503,-0.03536901,0.9943604,0.238096,0.2626356,3.807557,0.8599754,-0.3824731,-1.207727,8.364754
0.722,0.3627018,0.7938476,0.8107661,0.7960724,0.2811223,0.2544642,0.3504923,-0.03542418,0.9943531,0.2370163,0.2621956,3.813946,0.8595926,-0.3832902,-1.211591,8.412961
0.723,0.3605958,0.7932154,0.8102921,0.7960243,0.2802644,0.2535241,0.3504817,-0.03547923,0.9943461,0.2359356,0.2617556,3.820357,0.8592089,-0.3841059,-1.215465,8.461593
0.724,0.3584819,0.7925821,0.8098192,0.7959764,0.2794051,0.252585,0.3504712,-0.03553417,0.994339,0.2348539,0.2613155,3.826791,0.8588243,-0.3849202,-1.219349,8.510654
0.725,0.3563603,0.7919477,0.8093474,0.795929,0.2785444,0.251647,0.3504608,-0.03558899,0.9943319,0.2337713,0.2608754,3.833247,0.858439,-0.3857328,-1.223244,8.56015
0.726,0.3542311,0.7913121,0.8088767,0.7958819,0.2776823,0.25071,0.3504504,-0.0356437,0.9943247,0.2326878,0.2604352,3.839726,0.8580529,-0.3865438,-1.227149,8.610087
0.727,0.3520944,0.7906754,0.8084071,0.7958352,0.2768188,0.249774,0.3504401,-0.0356983,0.9943176,0.2316036,0.259995,3.846228,0.8576659,-0.3873531,-1.231064,8.66047
0.728,0.3499503,0.7900376,0.8079387,0.795789,0.2759538,0.2488391,0.35043,-0.03575278,0.9943105,0.2305186,0.2595547,3.852752,0.8572782,-0.3881607,-1.23499,8.711304
0.729,0.3477989,0.7893985,0.8074714,0.7957433,0.2750874,0.2479052,0.3504199,-0.03580714,0.9943038,0.2294329,0.2591144,3.8593,0.8568896,-0.3889664,-1.238925,8.762596
0.73,0.3456404,0.7887583,0.8070053,0.795698,0.2742196,0.2469724,0.3504099,-0.03586139,0.9942971,0.2283467,0.258674,3.86587,0.8565002,-0.3897702,-1.242869,8.81435
0.731,0.343475,0.788117,0.8065403,0.7956533,0.2733502,0.2460406,0.3504001,-0.03591553,0.9942905,0.2272598,0.2582336,3.872463,0.8561101,-0.390572,-1.246817,8.866573
0.732,0.3413029,0.7874744,0.8060766,0.7956088,0.2724794,0.2451098,0.3503903,-0.03596955,0.9942837,0.2261723,0.2577931,3.87908,0.8557191,-0.3913717,-1.250764,8.91927
0.733,0.3391245,0.7868306,0.8056139,0.7955645,0.271607,0.2441801,0.3503805,-0.03602346,0.9942769,0.2250841,0.2573526,3.88572,0.8553273,-0.3921693,-1.254707,8.972446
0.734,0.3369404,0.7861857,0.8051523,0.7955202,0.2707331,0.2432514,0.3503708,-0.03607726,0.9942701,0.2239952,0.256912,3.892383,0.8549348,-0.3929647,-1.258649,9.026107
0.735,0.3347507,0.7855396,0.8046918,0.7954756,0.2698576,0.2423237,0.3503609,-0.03613094,0.9942635,0.2229054,0.2564715,3.899069,0.8545414,-0.3937578,-1.262587,9.080257
0.736,0.3325561,0.7848924,0.8042322,0.7954305,0.2689805,0.2413971,0.350351,-0.03618451,0.9942571,0.2218148,0.2560309,3.905778,0.8541472,-0.3945485,-1.266523,9.134902
0.737,0.3303567,0.784244,0.8037737,0.7953848,0.2681017,0.2404715,0.3503409,-0.03623797,0.9942509,0.2207234,0.2555903,3.912511,0.8537523,-0.3953368,-1.270456,9.190048
0.738,0.3281531,0.7835945,0.803316,0.7953382,0.2672214,0.2395469,0.3503307,-0.03629132,0.9942446,0.2196313,0.2551497,3.919267,0.8533566,-0.3961226,-1.274387,9.245701
0.739,0.3259455,0.7829438,0.8028593,0.7952906,0.2663393,0.2386233,0.3503202,-0.03634455,0.9942382,0.2185386,0.2547091,3.926047,0.8529601,-0.3969058,-1.278314,9.301865
0.74,0.3237345,0.782292,0.8024034,0.7952418,0.2654556,0.2377008,0.3503094,-0.03639767,0.9942317,0.2174455,0.2542685,3.93285,0.8525628,-0.3976863,-1.282237,9.358547
0.741,0.3215202,0.7816391,0.8019483,0.7951917,0.2645701,0.2367793,0.3502984,-0.03645068,0.9942252,0.2163521,0.253828,3.939676,0.8521647,-0.3984641,-1.286149,9.415753
0.742,0.3193021,0.7809851,0.8014942,0.7951408,0.2636829,0.2358588,0.3502872,-0.03650358,0.994219,0.2152585,0.2533874,3.946526,0.8517658,-0.3992392,-1.290043,9.473489
0.743,0.3170796,0.7803299,0.801041,0.7950898,0.2627941,0.2349394,0.350276,-0.03655636,0.9942131,0.2141646,0.2529469,3.953399,0.8513662,-0.4000113,-1.293917,9.531763
0.744,0.3148521,0.7796737,0.8005888,0.7950394,0.2619036,0.234021,0.3502649,-0.03660904,0.9942072,0.2130706,0.2525064,3.960296,0.8509658,-0.4007804,-1.297771,9.590582
0.745,0.3126188,0.7790163,0.8001376,0.7949902,0.2610116,0.2331036,0.350254,-0.0366616,0.9942013,0.2119762,0.252066,3.967215,0.8505646,-0.4015465,-1.301605,9.649953
0.746,0.3103791,0.7783578,0.7996876,0.7949428,0.2601179,0.2321873,0.3502436,-0.03671406,0.9941951,0.2108813,0.2516256,3.974158,0.8501627,-0.4023094,-1.305419,9.709884
0.747,0.3081323,0.7776982,0.7992388,0.794898,0.2592227,0.2312719,0.3502337,-0.0367664,0.994189,0.2097861,0.2511853,3.981124,0.84976,-0.4030692,-1.309214,9.770383
0.748,0.3058779,0.7770375,0.7987913,0.7948564,0.258326,0.2303577,0.3502246,-0.03681863,0.9941829,0.2086903,0.2507451,3.988113,0.8493566,-0.4038257,-1.312989,9.831457
0.749,0.303615,0.7763757,0.7983451,0.7948187,0.2574277,0.2294444,0.3502162,-0.03687075,0.9941771,0.207594,0.2503051,3.995125,0.8489524,-0.4045788,-1.316744,9.893114
0.75,0.3013432,0.7757128,0.7979002,0.7947855,0.256528,0.2285322,0.3502089,-0.03692276,0.9941715,0.2064973,0.2498651,4.00216,0.8485474,-0.4053285,-1.320481,9.955363
0.751,0.299062,0.7750488,0.7974568,0.7947572,0.2556268,0.227621,0.3502027,-0.03697466,0.994166,0.2054003,0.2494252,4.009218,0.8481417,-0.4060747,-1.324204,10.01821
0.752,0.2967724,0.7743837,0.7970148,0.7947331,0.2547243,0.2267109,0.3501974,-0.03702645,0.9941604,0.2043033,0.2489855,4.016299,0.8477353,-0.4068172,-1.327918,10.08166
0.753,0.2944758,0.7737174,0.7965739,0.7947123,0.2538204,0.2258017,0.3501928,-0.03707813,0.9941545,0.2032063,0.2485459,4.023402,0.8473281,-0.4075561,-1.331625,10.14573
0.754,0.2921733,0.77305,0.7961343,0.7946938,0.2529151,0.2248937,0.3501887,-0.03712971,0.9941487,0.2021096,0.2481064,4.030529,0.8469202,-0.4082912,-1.335324,10.21042
0.755,0.2898664,0.7723814,0.7956957,0.7946768,0.2520085,0.2239866,0.350185,-0.03718117,0.994143,0.2010131,0.2476671,4.037678,0.8465115,-0.4090225,-1.339015,10.27573
0.756,0.2875563,0.7717117,0.795258,0.7946601,0.2511007,0.2230805,0.3501813,-0.03723252,0.9941376,0.1999169,0.2472279,4.044851,0.8461021,-0.4097499,-1.342699,10.34168
0.757,0.2852444,0.7710408,0.7948212,0.794643,0.2501916,0.2221755,0.3501775,-0.03728377,0.9941324,0.1988208,0.2467889,4.052046,0.845692,-0.4104732,-1.346376,10.40826
0.758,0.2829318,0.7703687,0.7943851,0.7946244,0.2492814,0.2212715,0.3501734,-0.0373349,0.9941272,0.1977249,0.2463501,4.059264,0.8452812,-0.4111925,-1.350045,10.4755
0.759,0.28062,0.7696953,0.7939497,0.7946033,0.2483699,0.2203685,0.3501688,-0.03738593,0.9941217,0.1966288,0.2459114,4.066506,0.8448696,-0.4119075,-1.353706,10.54339
0.76,0.2783102,0.7690208,0.7935148,0.794579,0.2474574,0.2194666,0.3501634,-0.03743685,0.9941161,0.1955325,0.2454729,4.07377,0.8444573,-0.4126183,-1.35736,10.61194
0.761,0.2760032,0.768345,0.7930804,0.7945507,0.2465438,0.2185656,0.3501572,-0.03748766,0.9941106,0.1944362,0.2450345,4.081057,0.8440444,-0.4133248,-1.361013,10.68117
0.762,0.2736981,0.767668,0.7926466,0.7945198,0.2456291,0.2176657,0.3501504,-0.03753836,0.9941054,0.19334,0.2445964,4.088368,0.8436307,-0.4140269,-1.364671,10.75107
0.763,0.2713932,0.7669897,0.7922134,0.7944879,0.2447135,0.2167667,0.3501433,-0.03758896,0.9941004,0.1922439,0.2441584,4.095701,0.8432163,-0.4147244,-1.368333,10.82167
0.764,0.2690871,0.7663103,0.7917811,0.7944565,0.2437968,0.2158688,0.3501364,-0.03763945,0.9940955,0.1911483,0.2437207,4.103058,0.8428012,-0.4154174,-1.372001,10.89296
0.765,0.2667782,0.7656297,0.7913496,0.7944274,0.2428792,0.2149719,0.35013,-0.03768982,0.9940905,0.1900532,0.2432831,4.110438,0.8423855,-0.4161057,-1.375674,10.96497
0.766,0.264465,0.764948,0.7909191,0.7944022,0.2419607,0.2140761,0.3501245,-0.0377401,0.9940852,0.188959,0.2428457,4.117841,0.841969,-0.4167892,-1.379352,11.0377
0.767,0.2621459,0.7642651,0.7904897,0.7943824,0.2410413,0.2131812,0.3501201,-0.03779026,0.9940799,0.1878656,0.2424085,4.125268,0.8415519,-0.4174678,-1.383036,11.11116
0.768,0.2598196,0.7635811,0.7900614,0.7943698,0.2401211,0.2122874,0.3501173,-0.03784032,0.9940748,0.1867729,0.2419715,4.132718,0.8411341,-0.4181416,-1.386724,11.18536
0.769,0.2574844,0.762896,0.7896346,0.7943659,0.2392001,0.2113946,0.3501165,-0.03789027,0.9940699,0.1856809,0.2415347,4.140192,0.8407156,-0.4188103,-1.390416,11.26032
0.77,0.2551388,0.7622098,0.7892091,0.7943725,0.2382783,0.2105028,0.3501179,-0.03794011,0.9940652,0.1845896,0.2410981,4.14769,0.8402965,-0.4194739,-1.394112,11.33604
0.771,0.2527819,0.7615225,0.7887851,0.7943904,0.2373558,0.209612,0.3501219,-0.03798985,0.9940606,0.1834986,0.2406616,4.155211,0.8398767,-0.4201324,-1.397796,11.41254
0.772,0.2504155,0.7608341,0.7883624,0.7944183,0.2364326,0.2087222,0.350128,-0.03803948,0.9940557,0.182408,0.2402254,4.162757,0.8394562,-0.4207855,-1.401458,11.48982
0.773,0.2480419,0.7601446,0.7879409,0.7944542,0.2355087,0.2078335,0.3501359,-0.03808901,0.9940507,0.1813178,0.2397895,4.170325,0.8390351,-0.4214333,-1.405093,11.5679
0.774,0.2456636,0.759454,0.7875204,0.794496,0.2345843,0.2069458,0.3501451,-0.03813842,0.9940457,0.1802281,0.2393537,4.177917,0.8386133,-0.4220757,-1.408703,11.64678
0.775,0.2432829,0.7587623,0.7871005,0.7945417,0.2336592,0.206059,0.3501552,-0.03818773,0.9940409,0.1791393,0.2389182,4.185533,0.838191,-0.4227126,-1.412288,11.72648
0.776,0.2409021,0.7580694,0.7866813,0.7945891,0.2327336,0.2051733,0.3501657,-0.03823694,0.9940364,0.1780514,0.2384829,4.193172,0.8377679,-0.4233439,-1.415847,11.80699
0.777,0.2385237,0.7573753,0.7862624,0.7946363,0.2318074,0.2042886,0.3501761,-0.03828604,0.994032,0.1769648,0.2380479,4.200834,0.8373443,-0.4239694,-1.41938,11.88833
0.778,0.2361501,0.7566801,0.7858436,0.7946813,0.2308808,0.2034048,0.350186,-0.03833504,0.9940275,0.1758795,0.2376132,4.20852,0.83692,-0.4245892,-1.422887,11.97051
0.779,0.2337836,0.7559836,0.7854249,0.7947219,0.2299537,0.202522,0.3501949,-0.03838393,0.9940228,0.1747958,0.2371788,4.216228,0.8364951,-0.4252032,-1.42637,12.05354
0.78,0.2314266,0.7552859,0.7850059,0.7947562,0.2290262,0.2016402,0.3502025,-0.03843271,0.994018,0.1737135,0.2367447,4.22396,0.8360696,-0.4258112,-1.429829,12.13742
0.781,0.2290807,0.754587,0.7845866,0.7947829,0.2280983,0.2007593,0.3502084,-0.03848139,0.9940133,0.1726324,0.2363108,4.231714,0.8356435,-0.4264132,-1.433278,12.22218
0.782,0.2267443,0.7538869,0.784167,0.7948042,0.2271701,0.1998794,0.350213,-0.03852996,0.9940089,0.1715523,0.2358773,4.239492,0.8352168,-0.4270092,-1.436731,12.30781
0.783,0.2244151,0.7531856,0.7837473,0.7948231,0.2262415,0.1990004,0.3502172,-0.03857843,0.9940047,0.1704733,0.2354441,4.247293,0.8347894,-0.427599,-1.44019,12.39434
0.784,0.2220906,0.752483,0.7833277,0.7948427,0.2253127,0.1981224,0.3502215,-0.03862679,0.9940005,0.1693953,0.2350112,4.255116,0.8343616,-0.4281825,-1.443654,12.48179
0.785,0.2197685,0.7517793,0.7829084,0.7948658,0.2243836,0.1972454,0.3502266,-0.03867505,0.9939961,0.1683184,0.2345786,4.262963,0.8339331,-0.4287597,-1.447125,12.57016
0.786,0.2174465,0.7510744,0.7824896,0.7948956,0.2234544,0.1963693,0.3502332,-0.03872321,0.9939917,0.1672426,0.2341463,4.270834,0.833504,-0.4293305,-1.4506,12.65948
0.787,0.2151222,0.7503683,0.7820713,0.7949351,0.222525,0.1954941,0.3502419,-0.03877126,0.9939871,0.1661682,0.2337144,4.278727,0.8330744,-0.4298949,-1.454082,12.74976
0.788,0.2127932,0.749661,0.7816538,0.7949872,0.2215954,0.1946198,0.3502534,-0.0388192,0.9939826,0.1650956,0.2332827,4.286645,0.8326442,-0.4304527,-1.457569,12.84102
0.789,0.2104572,0.7489526,0.7812372,0.7950549,0.2206657,0.1937465,0.3502683,-0.03886705,0.9939781,0.1640249,0.2328513,4.294585,0.8322135,-0.4310039,-1.461061,12.93327
0.79,0.2081117,0.7482431,0.7808217,0.7951413,0.219736,0.1928741,0.3502873,-0.03891478,0.9939736,0.1629563,0.2324203,4.30255,0.8317822,-0.4315485,-1.464556,13.02654
0.791,0.2057553,0.7475324,0.7804074,0.7952483,0.2188063,0.1920026,0.3503109,-0.03896242,0.9939692,0.1618898,0.2319896,4.310538,0.8313504,-0.4320863,-1.468036,13.12083
0.792,0.2033905,0.7468206,0.7799942,0.7953736,0.2178766,0.191132,0.3503385,-0.03900995,0.9939649,0.1608254,0.2315592,4.31855,0.8309181,-0.4326173,-1.471486,13.21617
0.793,0.2010203,0.7461077,0.7795817,0.7955137,0.2169469,0.1902623,0.3503693,-0.03905737,0.9939606,0.1597629,0.2311291,4.326585,0.8304852,-0.4331415,-1.474903,13.31256
0.794,0.1986481,0.7453936,0.7791697,0.7956653,0.2160173,0.1893935,0.3504027,-0.0391047,0.9939562,0.158702,0.2306994,4.334644,0.8300518,-0.4336588,-1.478285,13.41002
0.795,0.1962771,0.7446783,0.778758,0.795825,0.2150879,0.1885256,0.3504379,-0.03915192,0.9939518,0.1576427,0.2302701,4.342726,0.8296179,-0.4341692,-1.481635,13.50855
0.796,0.1939106,0.7439619,0.7783463,0.7959894,0.2141585,0.1876586,0.3504741,-0.03919903,0.9939475,0.156585,0.2298411,4.350831,0.8291834,-0.4346726,-1.484951,13.60817
0.797,0.1915519,0.7432443,0.7779343,0.7961551,0.2132294,0.1867926,0.3505105,-0.03924604,0.9939435,0.1555291,0.2294126,4.358959,0.8287485,-0.4351691,-1.488234,13.7089
0.798,0.189204,0.7425255,0.7775219,0.7963187,0.2123005,0.1859274,0.3505465,-0.03929296,0.9939397,0.1544752,0.2289844,4.36711,0.8283131,-0.4356585,-1.491483,13.81073
0.799,0.1868704,0.7418056,0.7771087,0.7964768,0.2113718,0.1850631,0.3505813,-0.03933976,0.9939361,0.1534236,0.2285566,4.375284,0.8278772,-0.4361409,-1.4947,13.9137
0.8,0.1845543,0.7410844,0.7766944,0.796626,0.2104434,0.1841997,0.3506142,-0.03938647,0.9939323,0.1523746,0.2281292,4.38348,0.8274408,-0.4366162,-1.497888,14.0178
0.801,0.182258,0.740362,0.776279,0.7967641,0.2095153,0.1833372,0.3506446,-0.03943307,0.9939282,0.1513284,0.2277023,4.391699,0.827004,-0.4370843,-1.501073,14.12305
0.802,0.1799799,0.7396384,0.7758626,0.7968939,0.2085876,0.1824755,0.3506731,-0.03947957,0.993924,0.1502851,0.2272758,4.39994,0.8265667,-0.4375454,-1.504279,14.22948
0.803,0.1777176,0.7389137,0.7754452,0.7970194,0.2076603,0.1816148,0.3507007,-0.03952597,0.9939199,0.1492444,0.2268497,4.408204,0.8261289,-0.4379993,-1.507511,14.3371
0.804,0.1754686,0.7381877,0.7750271,0.7971445,0.2067334,0.1807549,0.3507283,-0.03957226,0.9939162,0.1482064,0.2264241,4.416492,0.8256907,-0.438446,-1.510769,14.44593
0.805,0.1732305,0.7374605,0.7746085,0.7972733,0.205807,0.1798958,0.3507566,-0.03961845,0.9939126,0.1471709,0.2259988,4.424802,0.825252,-0.4388855,-1.514052,14.55601
0.806,0.1710008,0.7367321,0.7741896,0.7974096,0.2048811,0.1790377,0.3507866,-0.03966454,0.993909,0.1461377,0.2255739,4.433136,0.8248129,-0.4393179,-1.51736,14.66735
0.807,0.1687771,0.7360026,0.7737705,0.7975576,0.2039558,0.1781804,0.3508191,-0.03971052,0.9939052,0.1451068,0.2251495,4.441494,0.8243734,-0.439743,-1.520694,14.77997
0.808,0.1665568,0.7352718,0.7733514,0.7977211,0.203031,0.1773239,0.3508551,-0.0397564,0.9939012,0.1440782,0.2247254,4.449875,0.8239334,-0.4401609,-1.524053,14.8939
0.809,0.1643376,0.7345399,0.7729325,0.7979041,0.2021068,0.1764683,0.3508953,-0.03980217,0.9938972,0.1430523,0.2243017,4.45828,0.823493,-0.4405716,-1.527437,15.00917
0.81,0.1621169,0.7338067,0.772514,0.7981106,0.2011833,0.1756135,0.3509407,-0.03984784,0.9938935,0.1420293,0.2238784,4.46671,0.8230523,-0.440975,-1.530845,15.1258
0.811,0.1598932,0.7330724,0.772096,0.7983433,0.2002604,0.1747596,0.3509919,-0.0398934,0.9938901,0.1410095,0.2234555,4.475164,0.8226111,-0.4413713,-1.534272,15.24381
0.812,0.1576687,0.7323369,0.7716784,0.7985993,0.1993383,0.1739065,0.3510482,-0.03993885,0.9938866,0.1399931,0.2230329,4.483642,0.8221695,-0.4417603,-1.537715,15.36323
0.813,0.1554466,0.7316002,0.7712608,0.7988744,0.198417,0.1730542,0.3511086,-0.0399842,0.993883,0.1389804,0.2226108,4.492146,0.8217276,-0.4421421,-1.541171,15.48406
0.814,0.15323,0.7308623,0.770843,0.7991644,0.1974964,0.1722027,0.3511724,-0.04002945,0.9938791,0.1379713,0.222189,4.500674,0.8212852,-0.4425167,-1.54464,15.60634
0.815,0.1510219,0.7301232,0.7704248,0.7994653,0.1965767,0.171352,0.3512384,-0.04007458,0.9938752,0.1369655,0.2217675,4.509227,0.8208425,-0.4428841,-1.548123,15.73007
0.816,0.1488256,0.7293829,0.7700059,0.7997727,0.1956578,0.1705022,0.351306,-0.04011961,0.9938716,0.135963,0.2213464,4.517805,0.8203995,-0.4432444,-1.55162,15.85529
0.817,0.1466442,0.7286415,0.7695861,0.8000826,0.1947398,0.1696531,0.351374,-0.04016453,0.9938682,0.1349636,0.2209257,4.526408,0.819956,-0.4435975,-1.55513,15.98199
0.818,0.1444807,0.7278989,0.769165,0.8003908,0.1938228,0.1688049,0.3514417,-0.04020935,0.9938649,0.1339673,0.2205054,4.535036,0.8195123,-0.4439435,-1.558654,16.11022
0.819,0.1423383,0.7271551,0.7687426,0.800693,0.1929067,0.1679575,0.351508,-0.04025405,0.9938613,0.1329742,0.2200854,4.54369,0.8190682,-0.4442824,-1.56219,16.23998
0.82,0.1402202,0.7264101,0.7683184,0.8009851,0.1919917,0.1671108,0.3515721,-0.04029864,0.9938576,0.1319843,0.2196658,4.55237,0.8186237,-0.4446142,-1.565739,16.3713
0.821,0.1381285,0.7256639,0.7678924,0.8012643,0.1910776,0.1662649,0.3516334,-0.04034312,0.9938539,0.1309981,0.2192465,4.561075,0.8181789,-0.4449391,-1.569292,16.5042
0.822,0.1360623,0.7249166,0.7674646,0.8015337,0.1901647,0.1654198,0.3516925,-0.04038749,0.9938503,0.1300157,0.2188276,4.569806,0.8177338,-0.4452569,-1.572846,16.6387
0.823,0.1340193,0.7241681,0.7670351,0.8017975,0.1892528,0.1645755,0.3517504,-0.04043174,0.993847,0.1290375,0.2184091,4.578563,0.8172884,-0.4455678,-1.576396,16.77485
0.824,0.1319977,0.7234183,0.766604,0.8020604,0.1883421,0.163732,0.351808,-0.04047588,0.9938437,0.1280636,0.217991,4.587346,0.8168427,-0.4458718,-1.579945,16.91266
0.825,0.1299953,0.7226674,0.7661716,0.8023265,0.1874325,0.1628892,0.3518664,-0.0405199,0.9938403,0.127094,0.2175732,4.596155,0.8163967,-0.4461689,-1.583491,17.05217
0.826,0.1280103,0.7219153,0.765738,0.8026003,0.1865242,0.1620472,0.3519264,-0.04056381,0.9938367,0.1261287,0.2171557,4.60499,0.8159503,-0.4464593,-1.587035,17.19342
0.827,0.1260405,0.7211619,0.7653032,0.8028863,0.1856171,0.161206,0.3519891,-0.0406076,0.9938331,0.1251675,0.2167387,4.613851,0.8155037,-0.4467429,-1.590577,17.33643
0.828,0.1240839,0.7204074,0.7648675,0.8031888,0.1847113,0.1603655,0.3520554,-0.04065127,0.9938296,0.1242103,0.216322,4.622738,0.8150569,-0.4470198,-1.594116,17.48124
0.829,0.1221386,0.7196515,0.764431,0.8035122,0.1838068,0.1595258,0.3521263,-0.04069483,0.9938263,0.1232569,0.2159057,4.631651,0.8146097,-0.4472901,-1.597653,17.62789
0.83,0.1202025,0.7188945,0.7639937,0.8038609,0.1829036,0.1586868,0.3522027,-0.04073826,0.9938231,0.1223074,0.2154898,4.64059,0.8141623,-0.4475539,-1.601192,17.77641
0.831,0.1182743,0.7181362,0.7635559,0.8042379,0.1820018,0.1578486,0.3522853,-0.04078157,0.9938197,0.1213621,0.2150743,4.649556,0.8137146,-0.4478111,-1.604759,17.92683
0.832,0.1163556,0.7173767,0.7631174,0.8046401,0.1811014,0.1570111,0.3523734,-0.04082476,0.9938163,0.1204212,0.2146592,4.658548,0.8132667,-0.4480619,-1.608379,18.07919
0.833,0.1144486,0.7166159,0.762678,0.8050633,0.1802024,0.1561744,0.352466,-0.04086783,0.9938128,0.1194849,0.2142444,4.667567,0.8128185,-0.4483064,-1.612055,18.23353
0.834,0.1125557,0.715854,0.7622375,0.805503,0.1793049,0.1553384,0.3525623,-0.04091077,0.9938094,0.1185534,0.2138299,4.676613,0.81237,-0.4485446,-1.615789,18.38986
0.835,0.1106792,0.7150908,0.7617958,0.8059548,0.178409,0.1545031,0.3526611,-0.04095358,0.9938061,0.1176269,0.2134158,4.685688,0.8119214,-0.4487767,-1.619579,18.54822
0.836,0.1088212,0.7143264,0.7613527,0.8064143,0.1775146,0.1536685,0.3527616,-0.04099627,0.9938029,0.1167053,0.2130021,4.69479,0.8114725,-0.4490026,-1.623426,18.70865
0.837,0.1069842,0.7135608,0.760908,0.8068771,0.1766218,0.1528347,0.3528628,-0.04103883,0.9937996,0.1157886,0.2125886,4.703921,0.8110234,-0.4492225,-1.627328,18.87117
0.838,0.1051704,0.712794,0.7604615,0.8073387,0.1757307,0.1520015,0.3529638,-0.04108126,0.9937963,0.1148768,0.2121754,4.713082,0.810574,-0.4494365,-1.631286,19.03583
0.839,0.103382,0.7120261,0.7600132,0.8077948,0.1748413,0.1511691,0.3530634,-0.04112357,0.9937929,0.1139697,0.2117625,4.722271,0.8101245,-0.4496447,-1.6353,19.20265
0.84,0.1016215,0.7112569,0.7595627,0.8082409,0.1739535,0.1503374,0.3531609,-0.04116574,0.9937896,0.1130673,0.2113499,4.73149,0.8096748,-0.4498471,-1.639365,19.37168
0.841,0.09989032,0.7104866,0.7591101,0.8086741,0.1730675,0.1495064,0.3532556,-0.04120778,0.9937863,0.1121697,0.2109376,4.740739,0.8092248,-0.4500439,-1.643457,19.54294
0.842,0.09818768,0.7097151,0.7586552,0.8090972,0.1721833,0.148676,0.353348,-0.04124968,0.9937831,0.1112768,0.2105255,4.750018,0.8087747,-0.4502351,-1.647556,19.71649
0.843,0.09651201,0.7089424,0.7581983,0.8095144,0.1713009,0.1478464,0.353439,-0.04129145,0.9937799,0.1103889,0.2101137,4.759328,0.8083243,-0.4504208,-1.651655,19.89237
0.844,0.09486177,0.7081686,0.7577394,0.8099298,0.1704204,0.1470174,0.3535297,-0.04133309,0.9937766,0.1095061,0.2097022,4.768668,0.8078738,-0.4506012,-1.655756,20.07062
0.845,0.09323542,0.7073936,0.7572786,0.8103476,0.1695418,0.1461891,0.3536209,-0.04137459,0.9937734,0.1086284,0.2092909,4.778038,0.8074231,-0.4507763,-1.659858,20.25129
0.846,0.0916314,0.7066173,0.756816,0.8107721,0.168665,0.1453615,0.3537135,-0.04141596,0.9937701,0.1077561,0.2088799,4.787439,0.8069723,-0.4509463,-1.663961,20.43443
0.847,0.09004819,0.7058399,0.7563517,0.8112075,0.1677903,0.1445346,0.3538085,-0.04145718,0.9937669,0.1068891,0.2084692,4.796871,0.8065212,-0.4511112,-1.668064,20.62009
0.848,0.08848424,0.7050613,0.7558857,0.811658,0.1669175,0.1437083,0.3539067,-0.04149827,0.9937637,0.1060275,0.2080588,4.806333,0.8060701,-0.4512712,-1.672169,20.80832
0.849,0.08693801,0.7042814,0.7554183,0.8121277,0.1660467,0.1428827,0.3540091,-0.04153922,0.9937605,0.1051711,0.2076487,4.815826,0.8056187,-0.4514263,-1.676274,20.99917
0.85,0.08540795,0.7035004,0.7549495,0.8126209,0.165178,0.1420578,0.3541166,-0.04158003,0.9937574,0.1043201,0.2072389,4.82535,0.8051672,-0.4515767,-1.680378,21.1927
0.851,0.08389299,0.7027181,0.7544793,0.8131404,0.1643114,0.1412336,0.3542297,-0.0416207,0.9937542,0.1034743,0.2068293,4.834905,0.8047156,-0.4517225,-1.684469,21.38897
0.852,0.08239393,0.7019346,0.7540077,0.8136834,0.1634469,0.14041,0.354348,-0.04166123,0.993751,0.1026338,0.2064201,4.84449,0.8042638,-0.4518637,-1.688538,21.58801
0.853,0.08091205,0.7011498,0.7535345,0.8142456,0.1625845,0.1395871,0.3544704,-0.04170162,0.9937478,0.1017986,0.2060111,4.854107,0.8038118,-0.4520006,-1.692581,21.78989
0.854,0.07944862,0.7003639,0.7530598,0.8148229,0.1617244,0.1387648,0.354596,-0.04174187,0.9937446,0.1009686,0.2056025,4.863754,0.8033598,-0.4521331,-1.696598,21.99466
0.855,0.07800491,0.6995767,0.7525834,0.8154111,0.1608664,0.1379432,0.354724,-0.04178197,0.9937415,0.100144,0.2051942,4.873432,0.8029076,-0.4522615,-1.700591,22.20238
0.856,0.0765822,0.6987882,0.7521052,0.816006,0.1600108,0.1371222,0.3548534,-0.04182193,0.9937385,0.09932468,0.2047862,4.883141,0.8024552,-0.4523858,-1.704558,22.4131
0.857,0.07518175,0.6979985,0.7516252,0.8166034,0.1591574,0.1363018,0.3549832,-0.04186175,0.9937354,0.09851077,0.2043786,4.89288,0.8020028,-0.4525062,-1.7085,22.62689
0.858,0.07380484,0.6972075,0.7511432,0.817199,0.1583064,0.1354821,0.3551127,-0.04190143,0.9937322,0.0977023,0.2039713,4.902649,0.8015502,-0.4526228,-1.712418,22.8438
0.859,0.07245275,0.6964153,0.7506591,0.8177888,0.1574578,0.134663,0.3552408,-0.04194096,0.993729,0.09689934,0.2035644,4.91245,0.8010975,-0.4527357,-1.71631,23.06389
0.86,0.07112673,0.6956218,0.7501729,0.8183684,0.1566115,0.1338445,0.3553667,-0.04198034,0.9937258,0.09610195,0.2031579,4.92228,0.8006447,-0.452845,-1.720185,23.28723
0.861,0.06982765,0.694827,0.7496846,0.8189352,0.1557677,0.1330267,0.3554897,-0.04201958,0.9937228,0.0953102,0.2027517,4.932141,0.8001919,-0.4529508,-1.724082,23.51388
0.862,0.06855467,0.694031,0.749194,0.819492,0.1549264,0.1322094,0.3556105,-0.04205867,0.9937199,0.09452405,0.2023459,4.942032,0.7997388,-0.4530534,-1.728039,23.74391
0.863,0.06730655,0.6932337,0.7487014,0.8200432,0.1540876,0.1313928,0.3557301,-0.04209761,0.9937169,0.09374342,0.2019404,4.951955,0.7992857,-0.4531527,-1.732064,23.9774
0.864,0.06608202,0.6924352,0.7482067,0.8205933,0.1532514,0.1305768,0.3558494,-0.04213641,0.9937136,0.09296822,0.2015353,4.96191,0.7988325,-0.4532489,-1.736157,24.21443
0.865,0.06487983,0.6916354,0.74771,0.8211466,0.1524177,0.1297613,0.3559693,-0.04217506,0.9937101,0.09219836,0.2011305,4.971897,0.7983792,-0.4533423,-1.740316,24.45506
0.866,0.06369874,0.6908344,0.7472114,0.8217075,0.1515867,0.1289464,0.3560909,-0.04221356,0.9937067,0.09143377,0.200726,4.981916,0.7979259,-0.4534329,-1.744543,24.69938
0.867,0.06253748,0.6900321,0.7467109,0.8222804,0.1507584,0.1281322,0.356215,-0.04225191,0.9937034,0.0906744,0.2003218,4.991969,0.7974724,-0.4535209,-1.748836,24.94747
0.868,0.0613948,0.6892287,0.7462087,0.8228696,0.1499327,0.1273185,0.3563426,-0.04229012,0.9937002,0.08992033,0.1999178,5.002055,0.7970188,-0.4536065,-1.753195,25.19941
0.869,0.06026946,0.688424,0.7457047,0.8234795,0.1491098,0.1265054,0.3564746,-0.04232818,0.9936971,0.08917172,0.1995142,5.012175,0.7965652,-0.4536896,-1.757619,25.45528
0.87,0.0591602,0.6876182,0.745199,0.8241145,0.1482896,0.1256928,0.3566121,-0.04236609,0.993694,0.08842868,0.1991108,5.02233,0.7961114,-0.4537707,-1.7621,25.71519
0.871,0.05806609,0.6868112,0.7446917,0.8247775,0.1474723,0.1248808,0.3567555,-0.04240385,0.9936909,0.08769125,0.1987076,5.03252,0.7956576,-0.4538498,-1.766593,25.97921
0.872,0.05698751,0.6860029,0.7441827,0.8254654,0.1466577,0.1240694,0.3569042,-0.04244146,0.9936879,0.08695944,0.1983047,5.042744,0.7952037,-0.4539271,-1.771055,26.24744
0.873,0.05592518,0.6851936,0.7436721,0.8261738,0.1458461,0.1232586,0.3570573,-0.04247892,0.993685,0.08623317,0.1979021,5.053004,0.7947498,-0.4540027,-1.775475,26.51997
0.874,0.05487981,0.684383,0.7431598,0.826898,0.1450373,0.1224483,0.3572138,-0.04251623,0.9936821,0.08551213,0.1974997,5.063298,0.7942957,-0.4540769,-1.779856,26.7969
0.875,0.0538521,0.6835713,0.7426459,0.8276335,0.1442315,0.1216385,0.3573726,-0.0425534,0.9936792,0.084796,0.1970977,5.073626,0.7938416,-0.4541499,-1.784195,27.07832
0.876,0.05284276,0.6827584,0.7421303,0.8283757,0.1434287,0.1208293,0.3575328,-0.04259041,0.9936762,0.08408457,0.196696,5.083989,0.7933874,-0.4542218,-1.788495,27.36435
0.877,0.05185252,0.6819444,0.7416129,0.8291202,0.1426289,0.1200207,0.3576935,-0.04262727,0.9936732,0.08337787,0.1962945,5.094386,0.7929332,-0.4542929,-1.792754,27.65507
0.878,0.05088206,0.6811293,0.7410938,0.8298624,0.1418321,0.1192126,0.3578535,-0.04266398,0.9936703,0.08267595,0.1958934,5.104817,0.7924788,-0.4543633,-1.796974,27.9506
0.879,0.04993211,0.680313,0.740573,0.8305976,0.1410384,0.118405,0.358012,-0.04270055,0.9936674,0.08197923,0.1954927,5.115281,0.7920244,-0.4544334,-1.801153,28.25106
0.88,0.04900338,0.6794956,0.7400504,0.8313215,0.1402478,0.1175979,0.358168,-0.04273696,0.9936646,0.08128849,0.1950923,5.12578,0.79157,-0.4545033,-1.805297,28.55654
0.881,0.04809628,0.6786771,0.739526,0.832031,0.1394603,0.1167914,0.3583208,-0.04277323,0.9936617,0.08060449,0.1946922,5.136312,0.7911154,-0.4545733,-1.809426,28.86718
0.882,0.04721002,0.6778574,0.7389997,0.8327296,0.138676,0.1159854,0.3584712,-0.04280934,0.9936588,0.07992735,0.1942925,5.146878,0.7906608,-0.4546437,-1.813561,29.1831
0.883,0.04634355,0.6770363,0.7384716,0.8334223,0.1378949,0.11518,0.3586202,-0.04284531,0.9936559,0.07925677,0.1938932,5.157478,0.7902062,-0.4547147,-1.817705,29.50441
0.884,0.04549579,0.6762139,0.7379415,0.8341142,0.1371171,0.114375,0.3587691,-0.04288113,0.993653,0.07859239,0.1934942,5.168112,0.7897514,-0.4547865,-1.821858,29.83127
0.885,0.04466567,0.67539,0.7374093,0.8348102,0.1363425,0.1135706,0.3589187,-0.04291683,0.99365,0.07793339,0.1930957,5.17878,0.7892966,-0.4548594,-1.826021,30.16379
0.886,0.04385212,0.6745645,0.736875,0.8355155,0.1355713,0.1127666,0.3590703,-0.04295241,0.9936471,0.07727874,0.1926974,5.189483,0.7888417,-0.4549337,-1.830193,30.50213
0.887,0.04305406,0.6737374,0.7363386,0.8362351,0.1348034,0.1119632,0.3592249,-0.0429879,0.9936443,0.0766276,0.1922996,5.20022,0.7883867,-0.4550096,-1.834375,30.84642
0.888,0.04227042,0.6729085,0.7358,0.836974,0.134039,0.1111602,0.3593836,-0.0430233,0.9936415,0.07597993,0.191902,5.210992,0.7879317,-0.4550874,-1.838565,31.19682
0.889,0.04150014,0.6720777,0.735259,0.8377373,0.133278,0.1103577,0.3595474,-0.04305865,0.9936386,0.07533586,0.1915049,5.221798,0.7874765,-0.4551672,-1.842765,31.55349
0.89,0.04074213,0.671245,0.7347157,0.8385299,0.1325205,0.1095557,0.3597175,-0.04309395,0.9936356,0.07469562,0.1911081,5.23264,0.7870213,-0.4552493,-1.846972,31.91657
0.891,0.03999562,0.6704101,0.7341698,0.8393552,0.1317665,0.1087542,0.3598944,-0.0431292,0.9936326,0.0740597,0.1907117,5.243517,0.786566,-0.4553339,-1.851183,32.28624
0.892,0.03926094,0.6695724,0.7336205,0.8402095,0.131016,0.1079531,0.3600775,-0.04316439,0.9936297,0.07342862,0.1903157,5.254428,0.7861107,-0.4554211,-1.855393,32.66265
0.893,0.03853874,0.6687313,0.7330668,0.8410873,0.1302692,0.1071526,0.3602656,-0.0431995,0.9936268,0.07280272,0.18992,5.265375,0.7856552,-0.455511,-1.859602,33.04598
0.894,0.03782963,0.6678859,0.7325077,0.841983,0.1295259,0.1063524,0.3604574,-0.04323444,0.993624,0.07218207,0.1895247,5.276358,0.7851996,-0.4556039,-1.863808,33.43638
0.895,0.03713425,0.6670355,0.7319423,0.8428912,0.1287864,0.1055528,0.3606517,-0.04326913,0.9936211,0.07156675,0.1891297,5.287376,0.784744,-0.4556997,-1.868013,33.83404
0.896,0.03645322,0.6661794,0.7313696,0.8438065,0.1280504,0.1047536,0.3608475,-0.04330354,0.9936181,0.0709566,0.1887352,5.298429,0.7842882,-0.4557986,-1.872215,34.23914
0.897,0.03578718,0.6653168,0.7307886,0.8447233,0.1273182,0.1039549,0.3610435,-0.04333767,0.9936152,0.07035134,0.188341,5.309518,0.7838324,-0.4559006,-1.876416,34.65185
0.898,0.03513676,0.6644471,0.7301984,0.8456361,0.1265898,0.1031566,0.3612385,-0.04337151,0.9936125,0.06975066,0.1879472,5.320643,0.7833764,-0.4560058,-1.880614,35.07239
0.899,0.03450258,0.6635695,0.7295979,0.8465396,0.1258651,0.1023588,0.3614314,-0.04340512,0.9936099,0.0691544,0.1875538,5.331804,0.7829204,-0.4561142,-1.884811,35.50094
0.9,0.03388527,0.6626832,0.7289861,0.8474281,0.1251443,0.1015614,0.361621,-0.04343854,0.9936073,0.06856246,0.1871608,5.343,0.7824642,-0.4562258,-1.889003,35.93772
0.901,0.03328521,0.6617875,0.7283622,0.8482983,0.1244273,0.1007645,0.3618066,-0.04347183,0.9936045,0.06797476,0.1867681,5.354232,0.7820079,-0.4563407,-1.893179,36.38294
0.902,0.03270173,0.6608818,0.7277254,0.8491548,0.1237141,0.09996808,0.3619893,-0.04350499,0.9936016,0.0673913,0.1863759,5.365501,0.7815515,-0.4564588,-1.897328,36.83683
0.903,0.0321339,0.6599653,0.7270748,0.8500045,0.1230049,0.09917206,0.3621703,-0.04353802,0.9935989,0.0668121,0.1859841,5.376805,0.781095,-0.4565802,-1.901447,37.29963
0.904,0.0315808,0.6590375,0.7264099,0.850854,0.1222997,0.09837646,0.3623512,-0.04357089,0.9935964,0.06623717,0.1855926,5.388145,0.7806384,-0.4567049,-1.905537,37.7716
0.905,0.03104149,0.6580976,0.7257297,0.85171,0.1215984,0.0975813,0.3625335,-0.04360362,0.993594,0.0656664,0.1852016,5.39952,0.7801816,-0.456833,-1.909598,38.25298
0.906,0.03051505,0.657145,0.7250337,0.8525794,0.1209012,0.09678654,0.3627185,-0.04363621,0.9935913,0.06509969,0.1848111,5.410931,0.7797247,-0.4569644,-1.91363,38.74405
0.907,0.03000056,0.656179,0.724321,0.8534688,0.120208,0.0959922,0.3629076,-0.04366866,0.9935885,0.06453697,0.1844209,5.422378,0.7792677,-0.4570992,-1.917633,39.24509
0.908,0.02949708,0.655199,0.723591,0.8543851,0.1195189,0.09519826,0.3631024,-0.04370097,0.9935857,0.06397816,0.1840312,5.43386,0.7788105,-0.4572375,-1.921607,39.75639
0.909,0.0290037,0.6542042,0.7228428,0.8553348,0.118834,0.09440472,0.3633041,-0.04373315,0.9935832,0.06342322,0.183642,5.445377,0.7783532,-0.4573794,-1.925553,40.27824
0.91,0.02851948,0.6531941,0.7220757,0.8563249,0.1181532,0.09361157,0.3635143,-0.04376518,0.9935808,0.06287208,0.1832532,5.45693,0.7778957,-0.4575248,-1.929473,40.81095
0.911,0.02804371,0.652168,0.721289,0.8573596,0.1174766,0.0928188,0.3637339,-0.04379707,0.9935784,0.06232467,0.1828649,5.468518,0.7774381,-0.457674,-1.933389,41.35485
0.912,0.02757653,0.6511251,0.7204819,0.8584337,0.1168043,0.09202641,0.3639616,-0.04382883,0.9935757,0.06178092,0.182477,5.480141,0.7769804,-0.457827,-1.93732,41.91027
0.913,0.0271183,0.6500648,0.7196533,0.8595395,0.1161363,0.0912344,0.364196,-0.04386045,0.9935728,0.06124075,0.1820896,5.4918,0.7765225,-0.4579839,-1.941271,42.47753
0.914,0.02666938,0.6489865,0.7188025,0.8606695,0.1154726,0.09044276,0.3644353,-0.04389194,0.9935702,0.0607041,0.1817027,5.503495,0.7760644,-0.4581449,-1.945241,43.05699
0.915,0.02623012,0.6478895,0.7179284,0.861816,0.1148132,0.0896515,0.364678,-0.04392329,0.9935679,0.06017089,0.1813162,5.515226,0.7756062,-0.45831,-1.94923,43.64901
0.916,0.02580088,0.6467732,0.7170303,0.8629715,0.1141583,0.08886062,0.3649223,-0.04395451,0.9935657,0.05964106,0.1809302,5.526994,0.7751478,-0.4584794,-1.953237,44.25396
0.917,0.02538202,0.6456368,0.7161073,0.8641282,0.1135079,0.0880701,0.3651668,-0.04398559,0.9935631,0.05911452,0.1805446,5.538797,0.7746892,-0.4586532,-1.957264,44.87223
0.918,0.02497389,0.6444797,0.7151584,0.8652785,0.1128619,0.08727995,0.3654098,-0.04401654,0.9935604,0.0585912,0.1801595,5.550638,0.7742305,-0.4588316,-1.961309,45.50424
0.919,0.02457684,0.6433012,0.7141828,0.8664149,0.1122205,0.08649017,0.3656497,-0.04404736,0.9935577,0.05807103,0.1797748,5.562515,0.7737716,-0.4590148,-1.965372,46.1504
0.92,0.02419124,0.6421007,0.7131795,0.8675296,0.1115837,0.08570076,0.3658848,-0.04407805,0.9935553,0.05755392,0.1793905,5.57443,0.7733125,-0.4592029,-1.969454,46.81115
0.921,0.02381721,0.6408775,0.7121478,0.8686181,0.1109514,0.08491171,0.3661143,-0.04410861,0.9935532,0.0570398,0.1790067,5.586382,0.7728532,-0.459396,-1.973556,47.48695
0.922,0.02345401,0.639631,0.7110867,0.8696872,0.1103238,0.08412301,0.3663395,-0.04413904,0.9935509,0.0565286,0.1786234,5.598371,0.7723937,-0.4595944,-1.977679,48.1783
0.923,0.02310065,0.6383603,0.7099956,0.8707469,0.1097008,0.08333467,0.3665627,-0.04416935,0.9935483,0.05602022,0.1782404,5.610399,0.771934,-0.4597982,-1.981824,48.88569
0.924,0.02275615,0.637065,0.7088736,0.8718071,0.1090825,0.08254666,0.3667857,-0.04419952,0.9935456,0.05551459,0.177858,5.622464,0.7714741,-0.4600076,-1.985991,49.60967
0.925,0.02241954,0.6357442,0.70772,0.8728777,0.1084687,0.081759,0.3670109,-0.04422957,0.9935432,0.05501163,0.1774759,5.634568,0.771014,-0.4602228,-1.990178,50.35079
0.926,0.02208983,0.6343973,0.7065341,0.8739686,0.1078594,0.08097166,0.3672401,-0.0442595,0.9935411,0.05451125,0.1770943,5.64671,0.7705536,-0.460444,-1.994387,51.10964
0.927,0.02176606,0.6330236,0.7053149,0.8750896,0.1072548,0.08018464,0.3674756,-0.0442893,0.993539,0.05401337,0.1767131,5.658892,0.7700931,-0.4606713,-1.998616,51.88681
0.928,0.02144723,0.6316224,0.7040619,0.8762508,0.1066547,0.07939794,0.3677193,-0.04431898,0.9935367,0.05351789,0.1763323,5.671112,0.7696323,-0.460905,-2.002867,52.68294
0.929,0.02113237,0.6301931,0.7027741,0.8774619,0.1060592,0.07861155,0.3679734,-0.04434853,0.993534,0.05302474,0.1759519,5.683371,0.7691713,-0.4611453,-2.007137,53.49869
0.93,0.0208205,0.6287349,0.7014508,0.8787329,0.1054683,0.07782546,0.3682398,-0.04437797,0.9935315,0.05253383,0.175572,5.69567,0.76871,-0.4613924,-2.011431,54.33475
0.931,0.02051087,0.6272472,0.7000913,0.8800703,0.1048818,0.07703966,0.3685199,-0.04440729,0.9935294,0.05204506,0.1751924,5.708009,0.7682485,-0.4616466,-2.015763,55.19184
0.932,0.02020364,0.6257294,0.6986947,0.8814665,0.1042999,0.07625416,0.3688121,-0.04443648,0.9935275,0.05155834,0.1748133,5.720388,0.7677867,-0.4619079,-2.020147,56.07072
0.933,0.01989919,0.6241806,0.69726,0.8829107,0.1037223,0.07546895,0.3691141,-0.04446556,0.9935254,0.05107359,0.1744346,5.732807,0.7673247,-0.4621766,-2.024585,56.97215
0.934,0.01959792,0.6226004,0.6957865,0.8843918,0.1031491,0.07468402,0.3694236,-0.04449453,0.9935229,0.05059072,0.1740563,5.745268,0.7668624,-0.462453,-2.029078,57.89695
0.935,0.01930021,0.6209879,0.6942733,0.885899,0.1025801,0.07389938,0.3697382,-0.04452337,0.9935203,0.05010964,0.1736784,5.75777,0.7663998,-0.4627372,-2.033625,58.84597
0.936,0.01900644,0.6193427,0.6927195,0.8874213,0.1020154,0.07311501,0.3700558,-0.04455211,0.9935176,0.04963026,0.1733008,5.770314,0.7659369,-0.4630295,-2.038226,59.8201
0.937,0.018717,0.6176638,0.6911242,0.8889477,0.1014547,0.07233093,0.3703739,-0.04458073,0.9935151,0.04915248,0.1729236,5.782901,0.7654737,-0.4633302,-2.04288,60.82027
0.938,0.01843229,0.6159509,0.6894866,0.8904674,0.100898,0.07154713,0.3706903,-0.04460924,0.9935128,0.04867622,0.1725468,5.79553,0.7650102,-0.4636393,-2.047586,61.84748
0.939,0.01815267,0.614203,0.6878058,0.8919694,0.1003453,0.0707636,0.3710028,-0.04463764,0.9935109,0.04820138,0.1721703,5.808203,0.7645464,-0.4639571,-2.052346,62.90273
0.94,0.01787855,0.6124196,0.6860809,0.8934428,0.09979645,0.06998035,0.3713091,-0.04466593,0.9935091,0.04772786,0.1717941,5.82092,0.7640823,-0.4642838,-2.057148,63.98713
0.941,0.01761009,0.6106001,0.6843111,0.8948805,0.09925143,0.06919737,0.3716078,-0.04469411,0.993507,0.04725557,0.1714184,5.833681,0.7636179,-0.4646195,-2.061944,65.10179
0.942,0.01734658,0.6087437,0.6824956,0.8962915,0.09871016,0.06841465,0.3719006,-0.04472218,0.9935047,0.04678442,0.1710429,5.846486,0.7631531,-0.4649646,-2.066688,66.24793
0.943,0.01708707,0.6068497,0.6806335,0.8976885,0.09817256,0.06763219,0.3721903,-0.04475015,0.9935025,0.04631431,0.1706678,5.859335,0.7626879,-0.4653191,-2.071369,67.42681
0.944,0.01683064,0.6049175,0.6787242,0.8990843,0.09763859,0.06684999,0.3724796,-0.04477802,0.9935005,0.04584515,0.1702931,5.872227,0.7622224,-0.4656832,-2.075989,68.63976
0.945,0.01657635,0.6029464,0.6767668,0.9004917,0.09710817,0.06606804,0.372771,-0.04480578,0.9934988,0.04537683,0.1699188,5.885162,0.7617566,-0.4660572,-2.080547,69.88818
0.946,0.01632326,0.6009358,0.6747605,0.9019236,0.09658125,0.06528633,0.3730672,-0.04483344,0.993497,0.04490926,0.1695449,5.898141,0.7612903,-0.4664412,-2.085043,71.17356
0.947,0.01607044,0.5988849,0.6727045,0.9033927,0.09605775,0.06450487,0.3733709,-0.044861,0.9934949,0.04444234,0.1691715,5.911162,0.7608237,-0.4668353,-2.089478,72.49746
0.948,0.01581696,0.596793,0.670598,0.9049118,0.09553763,0.06372364,0.3736847,-0.04488846,0.9934927,0.04397598,0.1687984,5.924226,0.7603567,-0.4672397,-2.093852,73.86152
0.949,0.01556188,0.5946596,0.6684403,0.9064937,0.09502081,0.06294264,0.3740112,-0.04491583,0.9934907,0.04351006,0.1684258,5.937332,0.7598892,-0.4676546,-2.098165,75.26747
0.95,0.01530427,0.5924838,0.6662306,0.9081512,0.09450724,0.06216188,0.374353,-0.04494309,0.9934891,0.04304448,0.1680537,5.95048,0.7594213,-0.4680801,-2.102402,76.71715
0.951,0.01504339,0.5902651,0.663968,0.9098935,0.09399684,0.06138133,0.3747119,-0.04497027,0.9934875,0.04257916,0.167682,5.96367,0.758953,-0.4685163,-2.106482,78.21251
0.952,0.01477933,0.5880027,0.6616518,0.9117145,0.09348957,0.060601,0.3750867,-0.04499735,0.9934856,0.04211398,0.1673108,5.976899,0.7584843,-0.4689632,-2.110324,79.75557
0.953,0.01451237,0.5856961,0.659281,0.9136046,0.09298535,0.05982088,0.3754753,-0.04502433,0.9934834,0.04164884,0.1669402,5.990168,0.7580151,-0.4694211,-2.113915,81.34851
0.954,0.01424281,0.5833445,0.6568549,0.915554,0.09248412,0.05904097,0.3758757,-0.04505123,0.9934815,0.04118363,0.1665702,6.003474,0.7575455,-0.4698899,-2.117256,82.99362
0.955,0.01397092,0.5809472,0.6543725,0.9175533,0.09198583,0.05826126,0.3762858,-0.04507804,0.9934799,0.04071824,0.1662009,6.016815,0.7570753,-0.4703697,-2.120347,84.69332
0.956,0.01369701,0.5785037,0.6518331,0.9195926,0.0914904,0.05748174,0.3767038,-0.04510476,0.9934785,0.04025257,0.1658322,6.030192,0.7566047,-0.4708606,-2.12319,86.45018
0.957,0.01342135,0.5760132,0.6492357,0.9216622,0.09099777,0.05670242,0.3771274,-0.04513139,0.9934768,0.03978653,0.1654643,6.0436,0.7561336,-0.4713625,-2.125787,88.26695
0.958,0.01314423,0.5734751,0.6465795,0.9237526,0.09050789,0.05592328,0.3775549,-0.04515794,0.9934748,0.03932001,0.1650971,6.057041,0.755662,-0.4718753,-2.128139,90.14652
0.959,0.01286594,0.5708887,0.6438637,0.9258541,0.09002068,0.05514432,0.3779841,-0.0451844,0.9934729,0.03885292,0.1647308,6.070511,0.7551899,-0.4723992,-2.130247,92.09199
0.96,0.01258677,0.5682534,0.6410874,0.9279569,0.08953609,0.05436554,0.3784131,-0.04521079,0.9934714,0.03838516,0.1643653,6.08401,0.7547172,-0.4729339,-2.132094,94.10663
0.961,0.01230685,0.5655684,0.6382498,0.9300523,0.08905406,0.05358693,0.3788401,-0.04523709,0.9934701,0.03791662,0.1640007,6.097536,0.754244,-0.4734793,-2.133582,96.19396
0.962,0.01202573,0.5628331,0.63535,0.9321347,0.08857451,0.05280848,0.379264,-0.04526332,0.9934686,0.03744717,0.1636371,6.111085,0.7537702,-0.4740353,-2.134615,98.35771
0.963,0.0117428,0.5600469,0.6323872,0.9341994,0.08809739,0.0520302,0.3796838,-0.04528946,0.9934668,0.03697671,0.1632745,6.124656,0.7532959,-0.4746017,-2.135178,100.6019
0.964,0.01145743,0.5572089,0.6293607,0.9362417,0.08762263,0.05125208,0.3800986,-0.04531553,0.993465,0.03650513,0.162913,6.138244,0.752821,-0.4751783,-2.135271,102.9307
0.965,0.01116904,0.5543186,0.6262695,0.938257,0.08715016,0.05047411,0.3805074,-0.04534153,0.9934636,0.03603233,0.1625528,6.151848,0.7523456,-0.4757648,-2.134898,105.3487
0.966,0.01087701,0.5513752,0.623113,0.9402404,0.08667993,0.0496963,0.3809094,-0.04536745,0.9934624,0.0355582,0.1621938,6.165464,0.7518695,-0.4763608,-2.134062,107.8609
0.967,0.01058072,0.5483781,0.6198901,0.9421874,0.08621186,0.04891863,0.3813036,-0.04539331,0.9934611,0.03508263,0.1618361,6.179089,0.7513929,-0.476966,-2.132765,110.4724
0.968,0.01027957,0.5453265,0.6166002,0.9440933,0.08574589,0.04814111,0.381689,-0.04541909,0.9934595,0.03460552,0.1614799,6.192721,0.7509156,-0.4775801,-2.13101,113.1888
0.969,0.009972954,0.5422198,0.6132424,0.9459532,0.08528197,0.04736373,0.3820648,-0.0454448,0.9934578,0.03412674,0.1611252,6.206355,0.7504377,-0.4782024,-2.1288,116.0162
0.97,0.009660258,0.5390573,0.609816,0.9477626,0.08482001,0.04658648,0.3824301,-0.04547045,0.9934564,0.0336462,0.160772,6.21999,0.7499592,-0.4788327,-2.126246,118.961
0.971,0.009341071,0.5358382,0.6063199,0.9495186,0.08435996,0.04580937,0.3827842,-0.04549604,0.9934553,0.03316377,0.1604203,6.233624,0.74948,-0.4794701,-2.123898,122.0302
0.972,0.009015778,0.532562,0.6027535,0.9512251,0.08390176,0.04503239,0.383128,-0.04552156,0.9934542,0.03267934,0.1600702,6.24726,0.7490002,-0.4801142,-2.122304,125.2312
0.973,0.008684957,0.529228,0.5991158,0.9528881,0.08344534,0.04425553,0.3834628,-0.04554702,0.9934529,0.03219281,0.1597213,6.260904,0.7485198,-0.4807642,-2.121569,128.5722
0.974,0.008349192,0.5258355,0.5954059,0.9545136,0.08299064,0.0434788,0.3837897,-0.04557242,0.9934514,0.03170404,0.1593737,6.274563,0.7480387,-0.4814194,-2.121689,132.0619
0.975,0.008009061,0.5223838,0.5916229,0.9561072,0.08253759,0.04270217,0.3841099,-0.04559776,0.9934501,0.03121295,0.159027,6.28824,0.747557,-0.4820791,-2.122659,135.7097
0.976,0.007665147,0.5188724,0.587766,0.957675,0.08208613,0.04192566,0.3844247,-0.04562304,0.9934491,0.0307194,0.1586812,6.301943,0.7470745,-0.4827424,-2.124474,139.5258
0.977,0.007318031,0.5153005,0.5838342,0.9592228,0.08163621,0.04114926,0.3847353,-0.04564827,0.9934481,0.03022329,0.1583362,6.315676,0.7465915,-0.4834084,-2.127129,143.5214
0.978,0.006968292,0.5116674,0.5798267,0.9607565,0.08118775,0.04037295,0.3850427,-0.04567345,0.9934469,0.02972451,0.1579918,6.329444,0.7461077,-0.4840763,-2.13062,147.7084
0.979,0.006616513,0.5079726,0.5757426,0.962282,0.08074069,0.03959675,0.3853483,-0.04569857,0.9934457,0.02922294,0.1576478,6.343254,0.7456233,-0.4847449,-2.134942,152.1001
0.98,0.006263274,0.5042153,0.571581,0.9638051,0.08029497,0.03882063,0.3856531,-0.04572365,0.9934445,0.02871846,0.1573042,6.35711,0.7451382,-0.4854134,-2.140068,156.7106
0.981,0.005909116,0.500395,0.5673409,0.9653313,0.07985052,0.0380446,0.3859583,-0.04574868,0.9934436,0.02821097,0.1569608,6.371018,0.7446525,-0.4860807,-2.145885,161.5556
0.982,0.005554422,0.4965108,0.5630217,0.9668648,0.07940729,0.03726866,0.3862648,-0.04577366,0.9934427,0.02770035,0.1566175,6.384983,0.7441661,-0.4867456,-2.152281,166.6523
0.983,0.005199535,0.4925623,0.5586222,0.9684093,0.07896521,0.0364928,0.3865732,-0.04579859,0.9934418,0.02718648,0.1562743,6.399007,0.743679,-0.4874073,-2.159231,172.0192
0.984,0.004844797,0.4885486,0.5541418,0.9699687,0.07852421,0.03571701,0.3868843,-0.04582349,0.9934408,0.02666926,0.155931,6.413095,0.7431913,-0.4880643,-2.166732,177.6769
0.985,0.004490553,0.4844692,0.5495795,0.9715466,0.07808424,0.03494129,0.3871988,-0.04584834,0.9934398,0.02614855,0.1555875,6.42725,0.7427029,-0.488716,-2.17478,183.6481
0.986,0.004137144,0.4803234,0.5449344,0.9731468,0.07764522,0.03416563,0.3875176,-0.04587315,0.993439,0.02562426,0.1552439,6.441476,0.7422138,-0.4893609,-2.183371,189.9577
0.987,0.003784913,0.4761105,0.5402057,0.9747731,0.07720709,0.03339004,0.3878413,-0.04589793,0.9934382,0.02509627,0.1549,6.455778,0.7417242,-0.4899982,-2.192502,196.633
0.988,0.003434204,0.4718298,0.5353925,0.9764292,0.0767698,0.03261451,0.3881706,-0.04592267,0.9934373,0.02456448,0.1545557,6.470158,0.7412338,-0.490627,-2.202171,203.7048
0.989,0.003085358,0.4674808,0.5304939,0.978119,0.07633328,0.03183903,0.3885063,-0.04594738,0.9934364,0.02402876,0.154211,6.484621,0.7407429,-0.4912463,-2.212372,211.2066
0.99,0.00273872,0.4630626,0.5255091,0.9798461,0.07589746,0.0310636,0.3888492,-0.04597205,0.9934356,0.02348897,0.1538658,6.49917,0.7402513,-0.4918553,-2.223104,219.1763
0.991,0.002394633,0.4585747,0.5204372,0.9816143,0.07546228,0.03028821,0.3891999,-0.0459967,0.993435,0.02294498,0.15352,6.513809,0.7397592,-0.4924535,-2.234362,227.6556
0.992,0.002053438,0.4540164,0.5152772,0.9834274,0.07502767,0.02951286,0.3895591,-0.04602132,0.9934346,0.02239679,0.1531735,6.528543,0.7392664,-0.4930402,-2.246143,236.6917
0.993,0.001715479,0.449387,0.5100284,0.9852892,0.07459358,0.02873754,0.3899277,-0.04604591,0.9934343,0.02184439,0.1528263,6.543374,0.7387731,-0.493615,-2.258443,246.3371
0.994,0.001381098,0.4446858,0.5046898,0.9872034,0.07415995,0.02796226,0.3903063,-0.04607047,0.993434,0.02128749,0.1524784,6.558307,0.7382792,-0.4941777,-2.271258,256.6512
0.995,0.001050639,0.4399123,0.4992606,0.9891738,0.07372669,0.02718701,0.3906956,-0.04609502,0.9934338,0.02072556,0.1521295,6.573346,0.7377848,-0.4947282,-2.284586,267.7008
0.996,0.0007244454,0.4350657,0.4937399,0.9912041,0.07329376,0.02641177,0.3910964,-0.04611958,0.9934336,0.02015832,0.1517798,6.588493,0.7372898,-0.4952669,-2.298421,279.5617
0.997,0.0005125512,0.4301453,0.4881269,0.9932981,0.07286109,0.02563656,0.3915093,-0.04614408,0.993434,0.01958663,0.151429,6.603754,0.7367942,-0.4957943,-2.312761,292.32
0.998,0.0005125512,0.4251506,0.4824206,0.9954596,0.07242862,0.02486135,0.391935,-0.04616848,0.9934353,0.01901162,0.1510772,6.619131,0.7362982,-0.4963115,-2.327601,306.074
0.999,0.0005125512,0.4200808,0.4766202,0.9976923,0.07199628,0.02408616,0.3923743,-0.04619271,0.993438,0.01843424,0.1507243,6.63463,0.7358016,-0.4968201,-2.342938,320.9363
1.0,0.0005125512,0.4149352,0.4707248,1.0,0.071564,0.02331097,0.3928278,-0.04621674,0.9934425,0.01785531,0.1503702,6.650252,0.7353045,-0.4970726,-2.354691,337.0364
