r,R  6/ 3,R  7/ 3,R  8/ 3,R  9/ 3,R 10/ 3,R 11/ 3,R 12/ 3,R 13/ 3,R 14/ 3,R 15/ 3,I  6/ 3,I  7/ 3,I  8/ 3,I  9/ 3,I 10/ 3,I 11/ 3,I 12/ 3,I 13/ 3,I 14/ 3,I 15/ 3
0.0,0.0,0.0,0.0,0.0,0.0,0.0,0.0,0.0,0.0,0.0,0.0,0.0,0.0,0.0,0.0,0.0,0.0,0.0,0.0,0.0
0.001,-3.15957123e-14,-2.30594301e-16,1.860719e-14,4.82823949e-16,-1.6940759500000001e-16,-5.0505054999999997e-17,-1.16892509e-16,-7.84808473e-18,-1.9606154499999998e-17,-9.08037173e-19,1.21651684e-14,1.44972621e-16,-7.068822070000001e-15,-2.69841465e-16,4.3567090099999994e-17,2.6809897299999997e-17,4.38905362e-17,4.3072777099999996e-18,7.44318814e-18,4.8595447e-19
0.002,-1.13314046e-12,-2.39993232e-14,2.11660725e-13,9.126835580000001e-15,7.12515252e-15,-6.010064139999999e-17,8.431062029999999e-17,-3.8842542699999996e-17,-3.28612533e-17,-5.99569579e-18,4.33443513e-13,1.3764602e-14,-7.92100162e-14,-5.02323038e-15,-2.9538828e-15,1.8064457399999998e-17,-4.1050210899999995e-17,2.20198348e-17,1.16790727e-17,3.32873361e-18
0.003,-1.0968237e-11,-3.50653141e-13,9.87921307e-13,6.09772479e-14,4.60387811e-14,1.3154277500000002e-15,2.28374787e-15,-2.09991994e-17,9.789770249999999e-17,-1.1602262699999999e-17,4.17907746e-12,1.98826942e-13,-3.58252103e-13,-3.31584713e-14,-1.88308531e-14,-8.60173399e-16,-8.982432260000001e-16,1.5359527499999997e-17,-3.8938866399999995e-17,7.10255463e-18
0.004,-5.77691682e-11,-2.45237987e-12,3.00982569e-12,2.45102977e-13,1.59654591e-13,7.85171184e-15,9.38811226e-15,2.9669261800000003e-16,6.08598336e-16,8.7100975e-19,2.19278834e-11,1.38293007e-12,-1.02019576e-12,-1.30554701e-13,-6.61841631e-14,-5.14404709e-15,-3.6740203700000004e-15,-1.65705607e-16,-2.31047618e-16,1.81153295e-18
0.005,-2.13461747e-10,-1.12937645e-11,7.13321485e-12,7.3153404e-13,4.14761044e-13,2.66212982e-14,2.56997502e-14,1.40891094e-15,1.84544158e-15,7.030355319999999e-17,8.06934997e-11,6.34193736e-12,-2.0989157e-12,-3.75159622e-13,-1.76785311e-13,-1.80578642e-14,-1.02656518e-14,-8.4720586e-16,-6.97063369e-16,-3.6115865399999996e-17
0.006,-6.2590915e-10,-3.96740862e-11,1.42581376e-11,1.79705403e-12,9.09185131e-13,6.87922328e-14,5.7116311e-14,4.11482833e-15,4.280583970000001e-15,2.60375556e-16,2.35523321e-10,2.21897966e-11,-3.06636121e-12,-8.61878893e-13,-4.01792857e-13,-4.85741879e-14,-2.3783151e-14,-2.5934139e-15,-1.6368204400000002e-15,-1.48656238e-16
0.007,-1.56014153e-09,-1.15290752e-10,2.50245027e-11,3.84817445e-12,1.78312452e-12,1.50535788e-13,1.11313916e-13,9.593667460000001e-15,8.52940525e-15,6.64313951e-16,5.84036167e-10,6.4214874e-11,-1.99792733e-12,-1.64384965e-12,-8.17286628e-13,-1.1074229e-13,-4.92684661e-14,-6.272667440000001e-15,-3.3516986700000003e-15,-4.01101595e-16
0.008,-3.44839795e-09,-2.91199726e-10,3.92649228e-11,7.43832046e-12,3.2380515e-12,2.93938675e-13,1.97865903e-13,1.95105333e-14,1.5367271e-14,1.41071724e-15,1.28343237e-09,1.61468684e-10,5.89311748e-12,-2.59268647e-12,-1.52445031e-12,-2.25600115e-13,-9.4722021e-14,-1.3134576e-14,-6.2929898600000005e-15,-8.87599355e-16
0.009,-6.9487652e-09,-6.60345205e-10,5.51034756e-11,1.32741297e-11,5.56960818e-12,5.27455367e-13,3.2825375e-13,3.61661079e-14,2.5743936e-14,2.6711316e-15,2.56953518e-09,3.64376468e-10,3.06102647e-11,-3.12298563e-12,-2.63685221e-12,-4.24043654e-13,-1.72496424e-13,-2.49042305e-14,-1.11263975e-14,-1.7379302400000002e-15
0.01,-1.30121538e-08,-1.37482581e-09,6.75631218e-11,2.22025999e-11,9.22451999e-12,8.84972219e-13,5.15733201e-13,6.27042172e-14,4.0794239e-14,4.66994136e-15,4.77735064e-09,7.54595767e-10,9.09143015e-11,-1.70580182e-12,-4.24313468e-12,-7.51157644e-13,-3.01133883e-13,-4.38940115e-14,-1.88148628e-14,-3.1260260000000004e-15
0.011,-2.29573053e-08,-2.67055781e-09,6.65159598e-11,3.51663778e-11,1.48961562e-11,1.40187839e-12,7.7502036e-13,1.03393909e-13,6.18443755e-14,7.697188770000001e-15,8.36256529e-09,1.45729907e-09,2.19381344e-10,4.92790374e-12,-6.32762132e-12,-1.2727973e-12,-5.07745493e-13,-7.31273176e-14,-3.07223734e-14,-5.28055855e-15
0.012,-3.85534751e-08,-4.89798719e-09,3.37790967e-11,5.31084623e-11,2.36791407e-11,2.10553737e-12,1.1217569e-12,1.64006395e-13,9.04137236e-14,1.2125029e-14,1.39233371e-08,2.65599993e-09,4.69340047e-10,2.30195254e-11,-8.62364154e-12,-2.08570305e-12,-8.31052861e-13,-1.16462002e-13,-4.87419579e-14,-8.497705980000001e-15
0.013,-6.21103838e-08,-8.55949079e-09,-6.08755418e-11,7.67996176e-11,3.73104228e-11,2.99612914e-12,1.57169983e-12,2.52310264e-13,1.28212791e-13,1.84288844e-14,2.22216766e-08,4.60997902e-09,9.24074411e-10,6.3605909e-11,-1.03645483e-11,-3.3331761e-12,-1.32523408e-12,-1.78694483e-13,-7.54515239e-14,-1.31560099e-14
0.014,-9.65749745e-08,-1.4354093e-08,-2.65066809e-10,1.06551464e-10,5.85324242e-11,4.01189839e-12,2.13955801e-12,3.78709692e-13,1.77138551e-13,2.72144899e-14,3.42036622e-08,7.67429725e-09,1.70869735e-09,1.45120381e-10,-9.88523937e-12,-5.2294011e-12,-2.06473815e-12,-2.65617996e-13,-1.143014e-13,-1.97330859e-14
0.015,-1.45634455e-07,-2.32301058e-08,-6.50815642e-10,1.4176509e-10,9.16231872e-11,4.97031708e-12,2.83736097e-12,5.57048045e-13,2.39269001e-13,3.92526446e-14,5.10176855e-08,1.23223083e-08,3.00511224e-09,2.9699305e-10,-4.01224051e-12,-8.09695153e-12,-3.1502575e-12,-3.83999556e-13,-1.69837415e-13,-2.88237235e-14
0.016,-2.13825046e-07,-3.64462804e-08,-1.32357661e-09,1.80248626e-10,1.43148706e-10,5.47346683e-12,3.67219071e-12,8.05593155e-13,3.16859604e-13,5.55234498e-14,7.40298848e-08,1.91705026e-08,5.07048453e-09,5.64507919e-10,1.28371936e-11,-1.24239481e-11,-4.71608026e-12,-5.41429154e-13,-2.4796282e-13,-4.11589485e-14
0.017,-3.06645778e-07,-5.56420284e-08,-2.43369157e-09,2.17217099e-10,2.23003607e-10,4.76199409e-12,4.64302813e-12,1.14820763e-12,4.12344773e-13,7.72726279e-14,1.04835889e-07,2.90054284e-08,8.2596422e-09,1.01521215e-09,4.99472072e-11,-1.89498718e-11,-6.93908677e-12,-7.45981411e-13,-3.5624182e-13,-5.76251652e-14
0.018,-4.30676643e-07,-8.29172447e-08,-4.19071776e-09,2.4386344e-10,3.45817801e-10,1.49721458e-12,5.73635465e-12,1.61568835e-12,5.28348151e-13,1.06082321e-13,1.4526797e-07,4.2812347e-08,1.30518122e-08,1.74721177e-09,1.22111003e-10,-2.87922889e-11,-1.00497114e-11,-1.0056132e-12,-5.04245989e-13,-7.92827888e-14
0.019,-5.93700285e-07,-1.20922222e-07,-6.88113548e-09,2.45360349e-10,5.32818252e-10,-6.55471424e-12,6.92000247e-12,2.24722889e-12,6.67705429e-13,1.43959551e-13,1.97396692e-07,6.18051831e-08,2.00820788e-08,2.89972781e-09,2.52105966e-10,-4.36308657e-11,-1.43452678e-11,-1.32720173e-12,-7.03943806e-13,-1.07383044e-13
0.02,-8.04826407e-07,-1.72958104e-07,-1.08899959e-08,1.98118167e-10,8.14246282e-10,-2.29692218e-11,8.13455379e-12,3.09191786e-12,8.33502895e-13,1.93445378e-13,2.63526124e-07,8.74572344e-08,3.01779193e-08,4.66632669e-09,4.74019606e-10,-6.59701933e-11,-2.02061373e-11,-1.71510379e-12,-9.70130718e-13,-1.43381927e-13
0.021,-1.07461792e-06,-2.43088284e-07,-1.67271265e-08,6.60835027e-11,1.23244119e-09,-5.32805681e-11,9.28134759e-12,4.21012836e-12,1.02913362e-12,2.57748151e-13,3.46181704e-07,1.21532004e-07,4.44011305e-08,7.3112779e-09,8.37645041e-10,-9.95092806e-11,-2.8115456e-11,-2.16909125e-12,-1.32089529e-12,-1.88949921e-13
0.022,-1.41521784e-06,-3.36261071e-07,-2.50585695e-08,-2.04183414e-10,1.84570999e-09,-1.05818622e-10,1.02058549e-11,5.67457903e-12,1.25836996e-12,3.40904358e-13,4.48089836e-07,1.66113413e-07,6.4095408e-08,1.11895304e-08,1.41420422e-09,-1.49653298e-10,-3.8683115e-11,-2.68148657e-12,-1.7781126e-12,-2.45975423e-13
0.023,-1.84047586e-06,-4.58443912e-07,-3.67439872e-08,-6.89968416e-10,2.73311006e-09,-1.92823336e-10,1.06748194e-11,7.57074746e-12,1.52544798e-12,4.47970305e-13,5.72148351e-07,2.23634554e-07,9.09397755e-08,1.67708353e-08,2.30370066e-09,-2.24212448e-10,-5.26751065e-11,-3.23329008e-12,-2.36795328e-12,-3.16561267e-13
0.024,-2.36607334e-06,-6.16769368e-07,-5.28808266e-08,-1.50077698e-09,4.00027552e-09,-3.31905389e-10,1.03451413e-11,9.99619103e-12,1.83515079e-12,5.85247831e-13,7.21386963e-07,2.96904024e-07,1.27007986e-07,2.46685753e-08,3.64425137e-09,-3.34343917e-10,-7.10495501e-11,-3.7890547e-12,-3.12138994e-12,-4.03010219e-13
0.025,-3.00964558e-06,-8.19692934e-07,-7.485609e-08,-2.78906758e-09,5.78641884e-09,-5.47932622e-10,8.72199093e-12,1.30581734e-11,2.19287067e-12,7.60546594e-13,8.98916931e-07,3.89128799e-07,1.74833931e-07,3.56738922e-08,5.62379953e-09,-4.95805994e-10,-9.50010921e-11,-4.29022474e-12,-4.07467718e-12,-5.07801407e-13
0.026,-3.79089986e-06,-1.07716275e-06,-1.04406615e-07,-4.76386782e-09,8.27263505e-09,-8.75433638e-10,5.10308542e-12,1.68687975e-11,2.60461467e-12,9.83483989e-13,1.10786919e-06,5.03932471e-07,2.37482982e-07,5.07957265e-08,8.49466558e-09,-7.3060874e-10,-1.26015829e-10,-4.64661838e-12,-5.26977515e-12,-6.33550685e-13
0.027,-4.73172807e-06,-1.40080107e-06,-1.43688812e-07,-7.70788243e-09,1.16916264e-08,-1.36162226e-09,-1.49455684e-12,2.15366058e-11,3.07690386e-12,1.26582471e-12,1.35132028e-06,6.45367602e-07,3.18629099e-07,7.13074041e-08,1.25914543e-08,-1.06916347e-09,-1.6593946e-10,-4.72569177e-12,-6.75467652e-12,-7.82961282e-13
0.028,-5.85631208e-06,-1.80409735e-06,-1.95358863e-07,-1.19987967e-08,1.63389497e-08,-2.07015904e-09,-1.24297371e-11,2.71533167e-11,3.61649149e-12,1.62185573e-12,1.63220543e-06,8.17920831e-07,4.2263738e-07,9.88004144e-08,1.83528984e-08,-1.55305379e-09,-2.17062049e-10,-4.33919499e-12,-8.58359105e-12,-9.58755049e-13
0.029,-7.19122067e-06,-2.30261253e-06,-2.62664402e-07,-1.8135583e-08,2.25858639e-08,-3.08577861e-09,-2.95591496e-11,3.37740126e-11,4.22979881e-12,2.06879856e-12,1.95321844e-06,1.02650928e-06,5.54651618e-07,1.35246028e-07,2.63482867e-08,-2.23857449e-09,-2.82223595e-10,-3.22679269e-12,-1.08169278e-11,-1.16359648e-12
0.03,-8.76549596e-06,-2.91419406e-06,-3.49548751e-07,-2.67707303e-08,3.0893825e-08,-4.51992367e-09,-5.53922345e-11,4.13886736e-11,4.92193137e-12,2.62724497e-12,2.3166979e-06,1.27646674e-06,7.20686254e-07,1.83065394e-07,3.73091914e-08,-3.20121107e-09,-3.64945536e-10,-1.03622338e-12,-1.35210112e-11,-1.39999955e-12
0.031,-1.06107279e-05,-3.65920108e-06,-4.60768792e-07,-3.87494403e-08,4.18306314e-08,-6.51753795e-09,-9.32854542e-11,4.988245e-11,5.69509534e-12,3.32161919e-12,2.72449941e-06,1.57351797e-06,9.27721972e-07,2.45208738e-07,5.21672825e-08,-4.54126262e-09,-4.69594432e-10,2.70043174e-12,-1.67674535e-11,-1.67023415e-12
0.032,-1.27611151e-05,-4.56073891e-06,-6.02027554e-07,-5.51569614e-08,5.60881717e-08,-9.26518061e-09,-1.47683424e-10,5.89814913e-11,6.54618619e-12,4.18063572e-12,3.17785394e-06,1.9237395e-06,1.18380398e-06,3.25244251e-07,7.20990858e-08,-6.39084412e-09,-6.01585365e-10,8.59473056e-12,-2.06321e-11,-1.97622604e-12
0.033,-1.52535094e-05,-5.64490179e-06,-7.80122614e-07,-7.73753751e-08,7.45016582e-08,-1.3000633e-08,-2.24414677e-10,6.81805119e-11,7.4631934e-12,5.23775184e-12,3.67721209e-06,2.33350513e-06,1.49814184e-06,4.27457205e-07,9.8578617e-08,-8.92254139e-09,-7.67634342e-10,1.74344926e-11,-2.51934165e-11,-2.31947963e-12
0.034,-1.81274437e-05,-6.94102288e-06,-1.00311135e-06,-1.07151292e-07,9.80701517e-08,-1.80241759e-08,-3.31050913e-10,7.66475208e-11,8.42008423e-12,6.53155611e-12,4.22207474e-06,2.80941437e-06,1.88120956e-06,5.56959775e-07,1.33438891e-07,-1.23600334e-08,-9.76070444e-10,3.02213334e-11,-3.05302346e-11,-2.7010405e-12
0.035,-2.14251396e-05,-8.48192991e-06,-1.2804941e-06,-1.46676076e-07,1.27978091e-07,-2.47117168e-08,-4.77339003e-10,8.31002079e-11,9.36966881e-12,8.10610671e-12,4.8108102e-06,3.35820197e-06,2.3448443e-06,7.19811958e-07,1.78943372e-07,-1.69910412e-08,-1.23722044e-09,4.82132264e-11,-3.67187519e-11,-3.12151911e-12
0.036,-2.51914936e-05,-1.0304205e-05,-1.62341613e-06,-1.98680366e-07,1.65617428e-07,-3.35299493e-08,-6.75715309e-10,8.56475134e-11,1.02338629e-11,1.00111218e-11,5.44045866e-06,3.98662676e-06,2.90234207e-06,9.23153877e-07,2.37868506e-07,-2.31830112e-08,-1.56388072e-09,7.29719528e-11,-4.38286664e-11,-3.58122052e-12
0.037,-2.94740408e-05,-1.24484468e-05,-2.04488935e-06,-2.6654484e-07,2.12609844e-07,-4.50537181e-08,-9.41912027e-10,8.1588749e-11,1.08905841e-11,1.23020518e-11,6.10652466e-06,4.70133788e-06,3.56854832e-06,1.17534962e-06,3.13598504e-07,-3.14019931e-08,-1.97189393e-09,1.06415068e-10,-5.19183542e-11,-4.08040395e-12
0.038,-3.43228914e-05,-1.4959533e-05,-2.56003453e-06,-3.54429332e-07,2.7082838e-07,-5.9985757e-08,-1.29566516e-09,6.71614286e-11,1.11564275e-11,1.50398617e-11,6.80275855e-06,5.50871671e-06,4.35994121e-06,1.48614261e-06,4.10233639e-07,-4.22352299e-08,-2.48085002e-09,1.50871585e-10,-6.10289782e-11,-4.6197765e-12
0.039,-3.97906418e-05,-1.78868803e-05,-3.1863446e-06,-4.67422575e-07,3.42417642e-07,-7.91789468e-08,-1.76153321e-09,3.72274761e-11,1.07640111e-11,1.82906122e-11,7.52092821e-06,6.41469269e-06,5.29470523e-06,1.86682239e-06,5.32713313e-07,-5.64180351e-08,-3.11493436e-09,2.09140103e-10,-7.11775037e-11,-5.20123379e-12
0.04,-4.59322548e-05,-2.12847e-05,-3.94396959e-06,-6.11715032e-07,4.29811577e-07,-1.0366122e-07,-2.369835e-09,-1.51140218e-11,9.33277039e-12,2.21245447e-11,8.25058244e-06,7.42453128e-06,6.3927923e-06,2.33040234e-06,6.86955204e-07,-7.48655973e-08,-3.90394853e-09,2.84547411e-10,-8.23485698e-11,-5.82903059e-12
0.041,-5.28049097e-05,-2.52122462e-05,-4.85602345e-06,-7.94797423e-07,5.35747596e-07,-1.34663205e-07,-3.15771386e-09,-9.9001208e-11,6.33168898e-12,2.66148844e-11,8.9788079e-06,8.5425926e-06,7.67596759e-06,2.89180772e-06,8.80011799e-07,-9.87104141e-08,-4.88453196e-09,3.81004653e-10,-9.44853377e-11,-6.5113601e-12
0.042,-6.04678191e-05,-2.97340525e-05,-5.94891281e-06,-1.02568772e-06,6.63275612e-07,-1.73648657e-07,-4.1703339e-09,-2.26386354e-10,1.03227958e-12,3.18358488e-11,9.68998126e-06,9.77205925e-06,9.16783676e-06,3.56807325e-06,1.12024563e-06,-1.29346125e-07,-6.10161635e-09,5.0305703e-10,-1.07479382e-10,-7.26261993e-12
0.043,-6.89820107e-05,-3.49201552e-05,-7.25268751e-06,-1.31518957e-06,8.15760299e-07,-2.22347685e-07,-5.46220753e-09,-4.12732614e-10,-7.55079746e-12,3.78602409e-11,1.03655192e-05,1.1114632e-05,1.08938514e-05,4.37854881e-06,1.41752445e-06,-1.68478585e-07,-7.61014956e-09,6.55922329e-10,-1.21159677e-10,-8.10638971e-12
0.044,-7.84100736e-05,-4.08462985e-05,-8.80141237e-06,-1.67618515e-06,9.9687462e-07,-2.82792706e-07,-7.09865504e-09,-6.77849859e-10,-2.07334244e-11,4.4755797e-11,1.0983628e-05,1.25701923e-05,1.28812891e-05,5.34511187e-06,1.78343767e-06,-2.18185087e-07,-9.47712668e-09,8.45512212e-10,-1.35281142e-10,-9.07963624e-12
0.045,-8.88158666e-05,-4.75941172e-05,-1.06335594e-05,-2.12396576e-06,1.21058241e-06,-3.57356992e-07,-9.15739134e-09,-1.04689163e-09,-4.02528513e-11,5.25810423e-11,1.1519057e-05,1.41364306e-05,1.5159204e-05,6.49238459e-06,2.23153503e-06,-2.80982722e-07,-1.17839698e-08,1.078428e-09,-1.49513423e-10,-1.02379969e-11
0.046,-0.000100264188,-5.52512938e-05,-1.27924192e-05,-2.67660327e-06,1.46110747e-06,-4.48795585e-07,-1.17302293e-08,-1.55153742e-09,-6.83788957e-11,6.13794657e-11,1.19428563e-05,1.58084405e-05,1.77583444e-05,7.84795323e-06,2.77758871e-06,-3.59906904e-07,-1.46293007e-08,1.36192049e-09,-1.63430585e-10,-1.16628157e-11
0.047,-0.000112820405,-6.39116845e-05,-1.53265301e-05,-3.35536599e-06,1.75288631e-06,-5.60288237e-07,-1.49248825e-08,-2.23138735e-09,-1.08049273e-10,7.11731277e-11,1.22221452e-05,1.75782772e-05,2.07110331e-05,9.44258705e-06,3.4398796e-06,-4.58601193e-07,-1.81321544e-08,1.70380121e-09,-1.76502846e-10,-1.34697039e-11
0.048,-0.000126550043,-7.36754095e-05,-1.82901229e-05,-4.18518221e-06,2.09050144e-06,-6.95483939e-07,-1.88668446e-08,-3.13559863e-09,-1.63033167e-10,8.19540858e-11,1.2319892e-05,1.94344819e-05,2.40510061e-05,1.13104533e-05,4.2395085e-06,-5.81419566e-07,-2.24356812e-08,2.11228949e-09,-1.88091703e-10,-1.58196588e-11
0.049,-0.000141518335,-8.46489026e-05,-2.17435784e-05,-5.19515483e-06,2.47859147e-06,-8.58546431e-07,-2.37013119e-08,-4.32479667e-09,-2.38127698e-10,9.3675193e-11,1.21947108e-05,2.13615714e-05,2.78132058e-05,1.34893242e-05,5.20073258e-06,-7.33542374e-07,-2.77113897e-08,2.59577645e-09,-1.97450451e-10,-1.89322608e-11
0.05,-0.000157789726,-9.69449144e-05,-2.57538952e-05,-6.41913062e-06,2.92173445e-06,-1.05419995e-06,-2.95951106e-08,-5.87329602e-09,-3.39392395e-10,1.06238311e-10,1.18006784e-05,2.33394947e-05,3.20335233e-05,1.6020772e-05,6.35132739e-06,-9.2110724e-07,-3.41639783e-08,3.16248263e-09,-2.03732422e-10,-2.31023622e-11
0.051,-0.000175427339,-0.000110682465,-3.03951639e-05,-7.89632704e-06,3.42429992e-06,-1.28777427e-06,-3.67385813e-08,-7.87167041e-09,-4.74426637e-10,1.19481942e-10,1.10871757e-05,2.53430568e-05,3.67484871e-05,1.8950346e-05,7.72297406e-06,-1.15135618e-06,-4.20368061e-08,3.8199802e-09,-2.06010493e-10,-2.8719159e-11
0.052,-0.000194492405,-0.000125986736,-3.57490431e-05,-9.67202007e-06,3.99026537e-06,-1.56524798e-06,-4.5347363e-08,-1.04297118e-08,-6.52696455e-10,1.33165852e-10,9.99875792e-06,2.73413134e-05,4.19948924e-05,2.23277268e-05,9.35167113e-06,-1.43280028e-06,-5.16180515e-08,4.57454468e-09,-2.03310861e-10,-3.62895132e-11
0.053,-0.00021504364,-0.000142988906,-4.19052327e-05,-1.17982957e-05,4.6229918e-06,-1.89328856e-06,-5.56639619e-08,-1.36798204e-08,-8.85923136e-10,1.46954451e-10,8.47505837e-06,2.92969379e-05,4.78093674e-05,2.62068497e-05,1.12781701e-05,-1.77540315e-06,-6.32476186e-08,5.43030137e-09,-1.94664293e-10,-4.64646703e-11
0.054,-0.000237136599,-0.000161825906,-4.89619393e-05,-1.43348679e-05,5.32495313e-06,-2.27928779e-06,-6.79590352e-08,-1.77808699e-08,-1.18853671e-09,1.60396277e-10,6.45073047e-06,3.11655634e-05,5.42278728e-05,3.06459922e-05,1.35484331e-05,-2.19078469e-06,-7.73248272e-08,6.38812733e-09,-1.7918099e-10,-6.00738261e-11
0.055,-0.000260822984,-0.00018264011,-5.70263267e-05,-1.73499647e-05,6.09741401e-06,-2.73139068e-06,-8.25322862e-08,-2.29225959e-08,-1.57820158e-09,1.72902387e-10,3.85543243e-06,3.2895105e-05,6.12851301e-05,3.57078154e-05,1.62141101e-05,-2.69244622e-06,-9.43169187e-08,7.44425618e-09,-1.5615726e-10,-7.81619399e-11
0.056,-0.00028614992,-0.000205578941,-6.62149448e-05,-2.09212852e-05,6.94004977e-06,-3.25851573e-06,-9.97128419e-08,-2.93305584e-08,-2.07642482e-09,1.83721017e-10,6.13860002e-07,3.4425066e-05,6.90139759e-05,4.14593509e-05,1.93330339e-05,-3.29601829e-06,-1.14768405e-07,8.58852497e-09,-1.25220496e-10,-1.02034766e-10
0.057,-0.000313159199,-0.000230794381,-7.66541291e-05,-2.51370274e-05,7.85050244e-06,-3.87036421e-06,-1.19858968e-07,-3.72717307e-08,-2.70925656e-09,1.91911268e-10,-3.35416811e-06,3.56858336e-05,7.74446389e-05,4.79719249e-05,2.29697275e-05,-4.01953234e-06,-1.39311272e-07,9.80219481e-09,-8.65235115e-11,-1.33308514e-10
0.058,-0.000341886501,-0.000258442401,-8.84803637e-05,-3.00969882e-05,8.82386627e-06,-4.5774157e-06,-1.43356958e-07,-4.70607672e-08,-3.50809304e-09,1.96313101e-10,-8.13356709e-06,3.65979702e-05,8.66039363e-05,5.53210066e-05,2.71959213e-05,-4.88371705e-06,-1.68676043e-07,1.10552679e-08,-4.09976531e-11,-1.73967592e-10
0.059,-0.000372360586,-0.000288682282,-0.000101840595,-3.59137345e-05,9.85209607e-06,-5.39090692e-06,-1.70619025e-07,-5.90670055e-08,-4.51059202e-09,1.95516618e-10,-1.38137804e-05,3.70715075e-05,9.65143889e-05,6.35859717e-05,3.20910737e-05,-5.91232033e-06,-2.03703668e-07,1.2303211e-08,9.31970337e-12,-2.26427598e-10
0.06,-0.000404602465,-0.000321675835,-0.000116892491,-4.27138449e-05,1.09233316e-05,-6.32279026e-06,-2.02079991e-07,-7.37222569e-08,-5.76171021e-09,1.87828067e-10,-2.04885067e-05,3.7005251e-05,0.000107193253,7.2849767e-05,3.77428884e-05,-7.13245751e-06,-2.45358209e-07,1.34829812e-08,6.08693839e-11,-2.93605767e-10
0.061,-0.000438624565,-0.000357586507,-0.000133804632,-5.06392184e-05,1.20211315e-05,-7.38566845e-06,-2.38192621e-07,-9.15294408e-08,-7.31486824e-09,1.71235379e-10,-2.82553554e-05,3.62861045e-05,0.00011865147,8.31984646e-05,4.42478218e-05,-8.57498594e-06,-2.94740231e-07,1.45082286e-08,1.08045542e-10,-3.78995501e-10
0.062,-0.000474429883,-0.000396578377,-0.00015275662,-5.98484475e-05,1.31236102e-05,-8.59270116e-06,-2.79421365e-07,-1.13072102e-07,-9.23325319e-09,1.43369385e-10,-3.72154252e-05,3.47884236e-05,0.000130892529,9.47206908e-05,5.17115718e-05,-1.02749061e-05,-3.53100837e-07,1.52635329e-08,1.42545586e-10,-4.86744314e-10
0.063,-0.000512011131,-0.000438815034,-0.000173939101,-7.05182499e-05,1.42024694e-05,-9.95747896e-06,-3.26234014e-07,-1.39024854e-07,-1.15913108e-08,1.01461179e-10,-4.74728035e-05,3.23734087e-05,0.000143911252,0.000107506916,6.02495371e-05,-1.22717887e-05,-4.21856239e-07,1.55975561e-08,1.52575336e-10,-6.2173977e-10
0.064,-0.000551349903,-0.000484458321,-0.00019755368,-8.28449524e-05,1.52219192e-05,-1.14938599e-05,-3.79091156e-07,-1.70164791e-07,-1.44764013e-08,4.22943849e-11,-5.91339812e-05,2.88885504e-05,0.0001576925,0.00012164859,6.9987238e-05,-1.46102278e-05,-5.02602685e-07,1.5314985e-08,1.2188161e-10,-7.89706345e-10
0.065,-0.000592415839,-0.00053366697,-0.000223812716,-9.70460183e-05,1.6137482e-05,-1.32157636e-05,-4.38433191e-07,-2.07383885e-07,-1.79906244e-08,-3.78450039e-11,-7.23071806e-05,2.41671394e-05,0.0001722098,0.000137237107,8.10606839e-05,-1.73403175e-05,-5.97131515e-07,1.4167082e-08,2.85766703e-11,-9.97311256e-10
0.066,-0.000635165829,-0.000586595099,-0.000252938996,-0.000113361609,1.6894675e-05,-1.51369159e-05,-5.04664576e-07,-2.5170243e-07,-2.22528253e-08,-1.43222747e-10,-8.71015941e-05,1.80278535e-05,0.000187423909,0.000154362583,9.36166749e-05,-2.05181528e-05,-7.07444057e-07,1.18406375e-08,-1.56279159e-10,-1.25227067e-09
0.067,-0.000679543234,-0.000643390583,-0.000285165246,-0.000132056163,1.74275648e-05,-1.72705409e-05,-5.78135025e-07,-3.04283527e-07,-2.7400792e-08,-2.78712117e-10,-0.000103626531,1.02744385e-05,0.00020328131,0.000173112435,0.00010781302,-2.42063485e-05,-8.35766038e-07,7.94510446e-09,-4.70379936e-10,-1.56345915e-09
0.068,-0.000725477159,-0.000704193303,-0.0003207335,-0.000153419987,1.76571926e-05,-1.96289897e-05,-6.59117405e-07,-3.6644865e-07,-3.35936346e-08,-4.49851963e-10,-0.000121990471,6.95496045e-07,0.000219712658,0.000193569734,0.000123818656,-2.84745772e-05,-9.84561074e-07,1.99765933e-09,-9.62207154e-10,-1.94100906e-09
0.069,-0.00077288178,-0.000769133261,-0.000359894278,-0.00017777083,1.74898673e-05,-2.2223303e-05,-7.47782223e-07,-4.39694291e-07,-4.1014335e-08,-6.62904149e-10,-0.000142300025,-1.09356029e-05,0.000236631181,0.000215811325,0.000141813648,-3.34001178e-05,-1.15654275e-06,-6.59412929e-09,-1.69344923e-09,-2.39639926e-09
0.07,-0.000821655728,-0.000838328583,-0.000402905587,-0.000205455425,1.68153298e-05,-2.5062698e-05,-8.44168836e-07,-5.25709662e-07,-4.98724002e-08,-9.24914672e-10,-0.000164658804,-2.48606645e-05,0.000253931054,0.000239905701,0.000161989045,-3.90684119e-05,-1.35468476e-06,-1.85524612e-08,-2.74185953e-09,-2.94249794e-09
0.071,-0.000871681553,-0.000911883401,-0.000450031713,-0.000236850979,1.55047951e-05,-2.81539744e-05,-9.48154319e-07,-6.26395269e-07,-6.04064707e-08,-1.24379188e-09,-0.000189166195,-4.13364585e-05,0.000271485756,0.000265910602,0.000184546585,-4.55736169e-05,-1.58222873e-06,-3.47529587e-08,-4.20459507e-09,-3.59352608e-09
0.072,-0.000922825279,-0.000989885622,-0.0005015418,-0.000272366578,1.34088779e-05,-3.15008359e-05,-1.05942003e-06,-7.43881832e-07,-7.2886882e-08,-1.62847197e-09,-0.000215916047,-6.06343299e-05,0.000289146425,0.000293870353,0.000209698209,-5.30191517e-05,-1.84268989e-06,-5.62518478e-08,-6.20196549e-09,-4.36498765e-09
0.073,-0.000974936057,-0.0010724046,-0.000557708195,-0.000312444484,1.03553676e-05,-3.51031192e-05,-1.17740886e-06,-8.80549178e-07,-8.7619302e-08,-2.08923561e-09,-0.000244995279,-8.30396172e-05,0.000306740239,0.00032381291,0.000237665387,-6.15182366e-05,-2.13986034e-06,-8.43152287e-08,-8.88154764e-09,-5.2738499e-09
0.074,-0.00102784593,-0.00115948874,-0.000618804549,-0.000357561286,6.1468844e-06,-3.89559211e-05,-1.30127799e-06,-1.03904578e-06,-1.04948375e-07,-2.63798128e-09,-0.000276482394,-0.000108850859,0.000324068828,0.000355746613,0.000268678212,-7.11944165e-05,-2.47780938e-06,-1.20451252e-07,-1.24227779e-08,-6.3387919e-09
0.075,-0.00108136973,-0.00125116298,-0.000685103663,-0.000408228878,5.58431805e-07,-4.30486163e-05,-1.4298483e-06,-1.22230896e-06,-1.25261183e-07,-3.28843544e-09,-0.000310445937,-0.000138378767,0.000340906755,0.000389656628,0.000302974242,-8.21820519e-05,-2.86087891e-06,-1.66447205e-07,-1.70423591e-08,-7.58024507e-09
0.076,-0.00113530512,-0.00134742623,-0.000756875064,-0.000464995223,-6.6651424e-06,-4.73637603e-05,-1.56154993e-06,-1.43358487e-06,-1.4899064e-07,-4.05643824e-09,-0.000346942869,-0.000171944957,0.000357000078,0.000425501076,0.000340797059,-9.46267667e-05,-3.29367322e-06,-2.24411179e-07,-2.30005248e-08,-9.02036786e-09
0.077,-0.00118943276,-0.00144824882,-0.000834382313,-0.000528444859,-1.5811766e-05,-5.18758748e-05,-1.69436318e-06,-1.67644796e-06,-1.7661892e-07,-4.96033738e-09,-0.000386016897,-0.000209880401,0.000372065034,0.000463206844,0.000382394518,-0.000108685843,-3.78104274e-06,-2.96818373e-07,-3.06080904e-08,-1.06830149e-08
0.078,-0.00124351669,-0.00155356984,-0.000917880028,-0.00059919911,-2.72048275e-05,-5.65501074e-05,-1.82575465e-06,-1.95481923e-06,-2.08680907e-07,-6.02151093e-09,-0.000427696748,-0.00025252361,0.000385786862,0.000502665089,0.000428016671,-0.00012452855,-4.3280614e-06,-3.86562184e-07,-4.02342877e-08,-1.25937031e-08
0.079,-0.00129730485,-0.00166329456,-0.00100761062,-0.000677915945,-4.12059143e-05,-6.13407654e-05,-1.952607e-06,-2.27298304e-06,-2.45767831e-07,-7.26503557e-09,-0.000471994416,-0.000300218506,0.000397818805,0.000543726431,0.000477913328,-0.0001423364,-4.93999717e-06,-4.9700989e-07,-5.23153927e-08,-1.4779649e-08
0.08,-0.00135052982,-0.0017772918,-0.00110380071,-0.000765289447,-5.82176008e-05,-6.61897143e-05,-2.07114005e-06,-2.63560193e-06,-2.88531366e-07,-8.72051408e-09,-0.000518903384,-0.000353311991,0.000407781323,0.000586195853,0.000532331243,-0.000162303313,-5.62227449e-06,-6.32062184e-07,-6.73642433e-08,-1.72699911e-08
0.081,-0.00140290974,-0.00189539145,-0.00120665732,-0.000862048829,-7.86863026e-05,-7.10246334e-05,-2.17681607e-06,-3.0477298e-06,-3.37689101e-07,-1.04229926e-08,-0.000568396844,-0.000412151171,0.000415261545,0.000629827291,0.000591510859,-0.000184635707,-6.38042494e-06,-7.96214835e-07,-8.59810444e-08,-2.00964621e-08
0.082,-0.0014541495,-0.00201738198,-0.0013163636,-0.000968956947,-0.000103105169,-7.5757112e-05,-2.26423063e-06,-3.51482455e-06,-3.94030735e-07,-1.24137415e-08,-0.000620425925,-0.000477080253,0.000419813024,0.000674317955,0.000655682593,-0.00020955248,-7.22002128e-06,-9.94620927e-07,-1.08865921e-07,-2.32946371e-08
0.083,-0.00150394209,-0.00214300815,-0.00143307449,-0.00108680823,-0.000132016764,-8.02805897e-05,-2.32703196e-06,-4.04276008e-06,-4.58417787e-07,-1.47406617e-08,-0.000674917962,-0.000548437077,0.000420955799,0.000719302377,0.000725062648,-0.000237284895,-8.14660637e-06,-1.23315772e-06,-1.3683116e-07,-2.69048766e-08
0.084,-0.00155197026,-0.00227196886,-0.00155691192,-0.00121642596,-0.00016601561,-8.44681448e-05,-2.35783924e-06,-4.63783477e-06,-5.31783205e-07,-1.74589964e-08,-0.000731774812,-0.000626549296,0.00041817685,0.000764346258,0.000799848306,-0.000268076275,-9.16560736e-06,-1.51850367e-06,-1.70815189e-07,-3.09722119e-08
0.085,-0.00159790835,-0.0024039152,-0.00168795989,-0.00135865892,-0.000205750612,-8.81701255e-05,-2.34815241e-06,-5.30677626e-06,-6.15132024e-07,-2.06323783e-08,-0.000790871249,-0.000711730188,0.000410930958,0.000808940143,0.000880212667,-0.000302181528,-1.02822327e-05,-1.85822409e-06,-2.11898466e-07,-3.55457629e-08
0.086,-0.00164142444,-0.00253844877,-0.00182625921,-0.00151437717,-0.000251927285,-9.121162e-05,-2.28825728e-06,-6.05674246e-06,-7.09542065e-07,-2.43340826e-08,-0.000852053467,-0.000804274116,0.000398642037,0.000852492973,0.000966298815,-0.000339866465,-1.1501353e-05,-2.26086347e-06,-2.61320801e-07,-4.0678109e-08
0.087,-0.00168218274,-0.00267512022,-0.00197180207,-0.00168446714,-0.000305309738,-9.33897641e-05,-2.16712713e-06,-6.89531822e-06,-8.16164329e-07,-2.86485221e-08,-0.000915137706,-0.00090445162,0.000380704975,0.000894325572,0.0010582134,-0.000381406906,-1.28273647e-05,-2.73604352e-06,-3.20499961e-07,-4.64248167e-08
0.088,-0.00171984622,-0.00281342831,-0.00212452635,-0.00186982569,-0.000366722377,-9.44708829e-05,-1.97231989e-06,-7.83050741e-06,-9.36223103e-07,-3.36729848e-08,-0.000979909045,-0.00101250417,0.000356488036,0.000933664142,0.00115601958,-0.000427087551,-1.42640362e-05,-3.29456577e-06,-3.91051686e-07,-5.28442582e-08
0.089,-0.00175407952,-0.00295281913,-0.00228430982,-0.00207135331,-0.00043705129,-9.41874626e-05,-1.68986688e-06,-8.87072034e-06,-1.07101635e-06,-3.9519621e-08,-0.00104612037,-0.00112863856,0.000325335873,0.000969633822,0.00125972935,-0.000477200614,-1.58143315e-05,-3.9485168e-06,-4.74811407e-07,-5.9997963e-08
0.09,-0.00178455215,-0.00309268599,-0.00245096412,-0.00228994624,-0.000517245326,-9.22349316e-05,-1.30414388e-06,-1.00247584e-05,-1.22191762e-06,-4.63174325e-08,-0.0011134916,-0.001253021,0.000286573215,0.0010012524,0.00136929512,-0.000532044209,-1.74802043e-05,-4.7113729e-06,-5.73858591e-07,-6.79519232e-08
0.091,-0.00181094197,-0.00323236971,-0.00262422866,-0.00252648755,-0.000608316914,-8.8268203e-05,-7.97704433e-07,-1.1301801e-05,-1.3903825e-06,-5.42136854e-08,-0.00118170911,-0.00138577092,0.000239509302,0.00102742427,0.00148460043,-0.000591920494,-1.92623396e-05,-5.59809979e-06,-6.90546514e-07,-7.67794145e-08
0.092,-0.00183293885,-0.0033711595,-0.00280376435,-0.00278183686,-0.000711342488,-8.18979161e-05,-1.51091133e-07,-1.27114043e-05,-1.577956e-06,-6.33735618e-08,-0.00125042555,-0.00152695442,0.000183443144,0.00104693462,0.0016054497,-0.000657133542,-2.11598272e-05,-6.62524666e-06,-8.27538561e-07,-8.65651554e-08
0.093,-0.00185024874,-0.00350829451,-0.0029891475,-0.00305681892,-0.0008274616,-7.26864239e-05,6.57218714e-07,-1.42635042e-05,-1.78625469e-06,-7.39783701e-08,-0.00131925991,-0.00167657756,0.000117669584,0.00105844418,0.0017315574,-0.0007279869,-2.3169864e-05,-7.81104685e-06,-9.87834016e-07,-9.7407636e-08
0.094,-0.00186259774,-0.00364296615,-0.00317986383,-0.00335221069,-0.000957875113,-6.01435807e-05,1.65084352e-06,-1.59684114e-05,-2.01694716e-06,-8.62260297e-08,-0.00138779803,-0.00183457943,4.14862839e-05,0.00106048458,0.00186253636,-0.000804780689,-2.52874154e-05,-9.17554104e-06,-1.17479847e-06,-1.0941807e-07
0.095,-0.00186973662,-0.00377432107,-0.00337530263,-0.00366872723,-0.00110384248,-4.37222974e-05,2.85552917e-06,-1.78368005e-05,-2.27173748e-06,-1.00332949e-07,-0.00145559349,-0.00200082506,-4.57983007e-05,0.00105145454,0.00199788505,-0.000887808196,-2.75048142e-05,-1.07407209e-05,-1.39220189e-06,-1.22717344e-07
0.096,-0.00187144533,-0.0039014651,-0.0035747512,-0.00400700596,-0.00126667794,-2.28138291e-05,4.29916468e-06,-1.98797007e-05,-2.55234813e-06,-1.16536184e-07,-0.00152216903,-0.00217509836,-0.000144855897,0.00102961705,0.00213697387,-0.000977351903,-2.98112993e-05,-1.25306901e-05,-1.64426219e-06,-1.37432281e-07
0.097,-0.00186753781,-0.00402346806,-0.0037773897,-0.00436758953,-0.00144774535,3.25723141e-06,6.01176711e-06,-2.21084899e-05,-2.86050016e-06,-1.35095439e-07,-0.00158701841,-0.00235709494,-0.000256328271,0.000993097821,0.00227903034,-0.00107367891,-3.21924892e-05,-1.45718422e-05,-1.9356945e-06,-1.53691522e-07
0.098,-0.00185786683,-0.00413936956,-0.00398228646,-0.00475090712,-0.00164845151,3.52382847e-05,8.02542029e-06,-2.4534897e-05,-3.19788866e-06,-1.56294661e-07,-0.00164960895,-0.00254641519,-0.000380815899,0.000939885207,0.00242312319,-0.00117703568,-3.46297769e-05,-1.68930598e-05,-2.27176731e-06,-1.71621122e-07
0.099,-0.001842329,-0.00424818586,-0.00418839401,-0.00515725412,-0.00187023758,7.39544232e-05,1.03741438e-05,-2.71710175e-05,-3.56615128e-06,-1.80442505e-07,-0.00170938463,-0.00274255747,-0.000518865358,0.000867831878,0.00256814511,-0.00128764192,-3.70996242e-05,-1.95259393e-05,-2.65836845e-06,-1.91339531e-07
0.1,-0.00182086967,-0.00434891792,-0.00439454597,-0.00558677022,-0.0021145682,0.000120314588,1.30936623e-05,-3.0029356e-05,-3.96682684e-06,-2.07870087e-07,-0.0017657699,-0.00294491167,-0.000670955349,0.000774658549,0.00271279399,-0.00140568356,-3.95727297e-05,-2.2505051e-05,-3.10208383e-06,-2.12951282e-07
0.101,-0.00179348793,-0.00444056055,-0.00459945489,-0.00603941564,-0.00238291761,0.000175318145,1.62210662e-05,-3.31228843e-05,-4.40130508e-06,-2.38928729e-07,-0.00181817425,-0.00315275315,-0.000837481251,0.000657959614,0.00285555234,-0.00153130414,-4.20130248e-05,-2.58683047e-05,-3.61029761e-06,-2.36529768e-07
0.102,-0.0017602413,-0.00452211311,-0.00480171153,-0.00651494487,-0.00267675157,0.000240060854,1.9794238e-05,-3.64649549e-05,-4.87073887e-06,-2.74013224e-07,-0.00186599761,-0.00336523699,-0.00101873813,0.000515210085,0.00299466503,-0.00166459317,-4.43764239e-05,-2.96576702e-05,-4.19133804e-06,-2.62052436e-07
0.103,-0.0017212503,-0.0045925916,-0.00499978617,-0.00701287864,-0.00299750369,0.000315739911,2.38507316e-05,-4.0069059e-05,-5.37587121e-06,-3.13602871e-07,-0.00190863649,-0.00358139296,-0.00121490241,0.000343775443,0.00312811725,-0.00180557196,-4.66096155e-05,-3.39200586e-05,-4.85460646e-06,-2.89331667e-07
0.104,-0.00167670249,-0.00465104211,-0.00519203212,-0.00753247472,-0.00334654724,0.000403658792,2.84263776e-05,-4.39485844e-05,-5.91684809e-06,-3.58293074e-07,-0.0019454911,-0.00380012164,-0.00142601219,0.000140926137,0.00325361207,-0.0019541786,-4.86488057e-05,-3.87080264e-05,-5.61069132e-06,-3.18000027e-07
0.105,-0.00162685606,-0.00469655573,-0.00537669156,-0.0080726976,-0.00372516177,0.000505231624,3.35536705e-05,-4.81165332e-05,-6.49302892e-06,-4.0882594e-07,-0.0019759734,-0.00402019178,-0.00165194614,-9.61433815e-05,0.00336854775,-0.00211025111,-5.04184417e-05,-4.40804861e-05,-6.47147256e-06,-3.475087e-07
0.106,-0.00157204275,-0.00472828491,-0.00555190441,-0.00863218698,-0.00413449344,0.000621986597,3.92597963e-05,-5.25851488e-05,-7.10276718e-06,-4.66126942e-07,-0.00199951602,-0.00424023929,-0.00189240121,-0.000370290702,0.00346999553,-0.00227350812,-5.18299482e-05,-5.01035401e-05,-7.45022021e-06,-3.77117838e-07
0.107,-0.0015126699,-0.00474546121,-0.00571572045,-0.00920922563,-0.00457550785,0.000755567991,4.55641722e-05,-5.73654183e-05,-7.74314309e-06,-5.3134971e-07,-0.00201558221,-0.00445876801,-0.0021468694,-0.000684395845,0.00355467871,-0.00244352662,-5.27805228e-05,-5.68514546e-05,-8.56168419e-06,-4.05879482e-07
0.108,-0.00144922142,-0.00474741443,-0.0058661155,-0.00980170707,-0.00504893429,0.000907736266,5.24753916e-05,-6.24664077e-05,-8.40963631e-06,-6.05931629e-07,-0.00202367665,-0.00467415265,-0.00241461366,-0.00104132524,0.00361895401,-0.00261971657,-5.31520683e-05,-6.44077815e-05,-9.82216678e-06,-4.32614929e-07
0.109,-0.00138225747,-0.00473359301,-0.00600101225,-0.0104071038,-0.00555520023,0.00108036552,5.99874758e-05,-6.78943807e-05,-9.09572886e-06,-6.91663535e-07,-0.0020233572,-0.00488464437,-0.0026946436,-0.00144388848,0.00365879677,-0.00280129221,-5.28103775e-05,-7.28666332e-05,-1.12495661e-05,-4.55888119e-07
0.11,-0.00131241253,-0.00470358546,-0.00611830624,-0.0110224373,-0.00609435492,0.00127543749,6.80753351e-05,-7.36516359e-05,-9.79242937e-06,-7.90777153e-07,-0.00201424738,-0.00508837935,-0.00298569137,-0.00189478694,0.00366979165,-0.0029872396,-5.1604716e-05,-8.23341144e-05,-1.28633754e-05,-4.73976763e-07
0.111,-0.00124039167,-0.00465714263,-0.00621589784,-0.0116442501,-0.00666598097,0.00149503095,7.66893505e-05,-7.97349891e-05,-1.04877118e-05,-9.06054426e-07,-0.00199604957,-0.00528339083,-0.00328618847,-0.00239655349,0.00364713126,-0.00317628052,-4.93679857e-05,-9.29299033e-05,-1.46846197e-05,-4.84843812e-07
0.112,-0.00116696458,-0.00459420033,-0.00629173088,-0.0122685831,-0.00726909283,0.00174130545,8.57489741e-05,-8.61338035e-05,-1.11658569e-05,-1.04096444e-06,-0.0019685586,-0.00546762512,-0.00359424457,-0.0029514823,0.00358562619,-0.00336683255,-4.59178248e-05,-0.000104788967,-1.67356864e-05,-4.86111221e-07
0.113,-0.00109295714,-0.00451490196,-0.00634383856,-0.0128909586,-0.00790202137,0.00201647728,9.51352588e-05,-9.28274092e-05,-1.18066848e-05,-1.19984133e-06,-0.00193167539,-0.00563896212,-0.00390763023,-0.00356154815,0.00347973311,-0.00355696587,-4.10595094e-05,-0.00011806338,-1.90399273e-05,-4.75034491e-07
0.114,-0.00101924016,-0.00441962025,-0.00637039717,-0.0135063723,-0.00856228565,0.00232278578,0.000104682576,-9.9781709e-05,-1.23847208e-05,-1.38812277e-06,-0.00188542026,-0.00579524082,-0.00422376476,-0.00422831466,0.00332360491,-0.00374435734,-3.45908392e-05,-0.000132924155,-2.16210474e-05,-4.48492279e-07
0.115,-0.000946715144,-0.00430897727,-0.00636978754,-0.0141092981,-0.00924645416,0.00266244772,0.000114169841,-0.00010694481,-1.28683376e-05,-1.61265671e-06,-0.00182994536,-0.00593429022,-0.00453971166,-0.00495283151,0.00311116868,-0.0039262432,-2.63095142e-05,-0.00014956292,-2.45022334e-05,-4.03010277e-07
0.116,-0.000876296729,-0.00418386166,-0.00634066378,-0.0146937085,-0.00994999973,0.00303759753,0.000123311762,-0.000114241517,-1.32189389e-05,-1.88208282e-06,-0.00176554551,-0.00605396591,-0.00485218389,-0.00573552151,0.00283623896,-0.00409937263,-1.60236993e-05,-0.000168193221,-2.77049436e-05,-3.34842367e-07
0.117,-0.000808892014,-0.00404544158,-0.00628202851,-0.0152531145,-0.0106671546,0.00345021131,0.000131750949,-0.000121566538,-1.33902804e-05,-2.20729463e-06,-0.00169266665,-0.00615219249,-0.00515756212,-0.00657605888,0.00249267408,-0.00425996508,-3.56648445e-06,-0.000189051105,-3.12472852e-05,-2.40139898e-07
0.118,-0.000745376748,-0.00389517204,-0.00619331227,-0.0157806306,-0.0113907757,0.00390201254,0.000139052073,-0.000128776275,-1.33280729e-05,-2.60198422e-06,-0.00161191093,-0.00622701162,-0.00545192911,-0.00747324199,0.00207458344,-0.00440367588,1.11851059e-05,-0.000212394564,-3.51419178e-05,-1.15249177e-07
0.119,-0.000686568946,-0.00373479457,-0.0060744542,-0.0162690683,-0.0121122354,0.00439435829,0.000144699774,-0.000135679147,-1.29700574e-05,-3.08326359e-06,-0.00152403727,-0.00627663511,-0.00573112355,-0.00842486467,0.00157659294,-0.00452557545,2.82860439e-05,-0.000238501253,-3.93934389e-05,4.2812821e-08
0.12,-0.0006332007,-0.00356632748,-0.00592597914,-0.016711063,-0.012821355,0.00492810573,0.00014810248,-0.000142024526,-1.22467969e-05,-3.67234491e-06,-0.00142995634,-0.006299502,-0.00599081676,-0.00942759306,0.000994173856,-0.00462014953,4.76939138e-05,-0.000267663795,-4.39952422e-05,2.35645216e-07
0.121,-0.000585889487,-0.00339204466,-0.00574906482,-0.0170992377,-0.0135064088,0.00550346064,0.000148604954,-0.000147490539,-1.10834969e-05,-4.39524334e-06,-0.00133071859,-0.0062943377,-0.00622661496,-0.0104768564,0.00032403768,-0.00468132891,6.92342153e-05,-0.000300181825,-4.89258603e-05,4.62447464e-07
0.122,-0.000545110539,-0.00321444122,-0.00554559198,-0.0174264051,-0.0141542204,0.00611981281,0.000145512145,-0.0001516714,-9.40308941e-06,-5.28340597e-06,-0.00122749506,-0.00626021269,-0.00643418593,-0.0115667632,-0.000435422179,-0.00470255719,9.2563934e-05,-0.000336349863,-5.41453885e-05,7.18605217e-07
0.123,-0.000511171632,-0.00303618539,-0.00531817246,-0.0176858048,-0.014750361,0.00677556733,0.00013812254,-0.000154065953,-7.1301098e-06,-6.37398937e-06,-0.00112155236,-0.0061965967,-0.00660939836,-0.0126900552,-0.00128371205,-0.00467689995,0.000117146093,-0.000376440421,-5.95940356e-05,9.9375184e-07
0.124,-0.000484192283,-0.00286005675,-0.00507014807,-0.0178713675,-0.0152794644,0.00746798945,0.000125772351,-0.000154069898,-4.19560138e-06,-7.70946174e-06,-0.00101422131,-0.0061034059,-0.00674847494,-0.0138381073,-0.00221783428,-0.00459719948,0.00014223067,-0.000420682695,-6.51915229e-05,1.26954351e-06
0.125,-0.000464089367,-0.0026888718,-0.00480555355,-0.0179779979,-0.0157256724,0.00819307744,0.000107890968,-0.000150973275,-5.43077567e-07,-9.33643205e-06,-0.000906859659,-0.00598103949,-0.00684815448,-0.0150009832,-0.00323192012,-0.00445627616,0.00016684355,-0.000469237316,-7.0837379e-05,1.51730202e-06
0.126,-0.000450570988,-0.00252539925,-0.00452903925,-0.018001858,-0.0160732049,0.00894547306,8.40656667e-05,-0.000143963715,3.86489836e-06,-1.13037857e-05,-0.000800810164,-0.00583040181,-0.00690585393,-0.0161675566,-0.00431693965,-0.0042471738,0.000189788486,-0.000522167967,-7.64127637e-05,1.69566583e-06
0.127,-0.000443140006,-0.00237226828,-0.00424575202,-0.0179406367,-0.0163070442,0.00971842128,5.41117846e-05,-0.000132136436,9.04013258e-06,-1.36601022e-05,-0.000697356282,-0.0056529067,-0.0069198193,-0.0173257025,-0.00546053151,-0.00396344272,0.000209666482,-0.000579411016,-8.17842664e-05,1.74841547e-06
0.128,-0.000441108091,-0.00223187361,-0.00396117545,-0.0177937873,-0.0164137036,0.0105037942,1.81433284e-05,-0.000114512483,1.49628683e-05,-1.64502396e-05,-0.000597677798,-0.00545046158,-0.00688925355,-0.0184625586,-0.00664699377,-0.00359944988,0.000224915935,-0.000640744822,-8.68099109e-05,1.60269713e-06
0.129,-0.000443620541,-0.00210628265,-0.00368093436,-0.0175627142,-0.016382041,0.0112921902,-2.33622999e-05,-9.00660355e-05,2.15772553e-05,-1.97110972e-05,-0.000502809385,-0.00522542959,-0.00681440903,-0.0195648527,-0.00785747037,-0.00315070001,0.000233875372,-0.000705761024,-9.13473653e-05,1.16792804e-06
0.13,-0.000449691198,-0.00199715037,-0.00341057209,-0.0172508866,-0.0162040624,0.0120731147,-6.95127809e-05,-5.77607906e-05,2.87890395e-05,-2.34666879e-05,-0.000413605019,-0.00498056974,-0.00669663348,-0.0206192837,-0.00907035523,-0.0026141481,0.000234868416,-0.000773840473,-9.5264047e-05,3.35691442e-07
0.131,-0.000458245902,-0.00190564781,-0.00315531323,-0.016863867,-0.0158756523,0.0128352428,-0.000118970079,-1.6594616e-05,3.64662151e-05,-2.77227599e-05,-0.000330711018,-0.00471895679,-0.00653836129,-0.0216129404,-0.0102619187,-0.00198848038,0.000226307932,-0.000844136688,-9.84484747e-05,-1.01908705e-06
0.132,-0.000468171932,-0.00183240984,-0.00291982762,-0.0164092384,-0.0153971611,0.0135667579,-0.000169948,3.43492657e-05,4.44433329e-05,-3.24613017e-05,-0.000254550107,-0.00444388405,-0.00634304471,-0.0225337349,-0.0114071438,-0.00127434032,0.000206814158,-0.000915569574,-0.000100822015,-3.03545291e-06
0.133,-0.000478369597,-0.0017775068,-0.00270801589,-0.0158964283,-0.0147737666,0.0142557496,-0.000220246694,9.58471114e-05,5.253027e-05,-3.76353095e-05,-0.000185318386,-0.00415875414,-0.00611502344,-0.0233708222,-0.0124807434,-0.000474476523,0.000175340104,-0.000986831809,-0.00010235011,-5.86209112e-06
0.134,-0.000487802627,-0.00174044304,-0.00252283227,-0.0153364315,-0.014015568,0.0148906523,-0.000267324555,0.000168479041,6.05248237e-05,-4.31643687e-05,-0.000122995291,-0.00386696463,-0.00585934064,-0.0241149797,-0.0134582847,0.000406206052,0.000131290995,-0.00105640976,-0.000103051129,-9.65126621e-06
0.135,-0.000495543778,-0.00172018292,-0.00236615877,-0.0147414444,-0.0131373831,0.0154606971,-0.00030840551,0.0002525772,6.82282887e-05,-4.89316238e-05,-6.73657026e-05,-0.00357179568,-0.00558151722,-0.0247589152,-0.0143173397,0.00136070232,7.46254368e-05,-0.00112261927,-0.000103001428,-1.45512122e-05
0.136,-0.000500812371,-0.00171520314,-0.00223874155,-0.0141244324,-0.0121582416,0.0159563456,-0.000340616586,0.000348182044,7.54628741e-05,-5.47826489e-05,-1.80523022e-05,-0.00327630718,-0.00528730061,-0.0252974844,-0.015038573,0.00238007289,5.92710169e-06,-0.00118365544,-0.000102335574,-2.06973538e-05
0.137,-0.000503001193,-0.00172356783,-0.00214019514,-0.0134986558,-0.0111005996,0.0163696774,-0.000361146765,0.000455010758,8.2089412e-05,-6.05266114e-05,2.54446215e-05,-0.00298325172,-0.00498240648,-0.0257278004,-0.0156066783,0.00345371267,-7.3562501e-05,-0.001237654,-0.000101241101,-2.82028995e-05
0.138,-0.000501691193,-0.00174302101,-0.00206907355,-0.0128771861,-0.00998932224,0.0166947023,-0.000367415109,0.000572441044,8.80235869e-05,-6.59399502e-05,6.37033777e-05,-0.00269500898,-0.0046722733,-0.0260492281,-0.0160110862,0.00456970627,-0.000161956402,-0.00128276081,-9.99477159e-05,-3.7149473e-05
0.139,-0.000496653575,-0.00177108999,-0.00202300195,-0.0122724442,-0.00885051069,0.0169275774,-0.000357234355,0.000699512344,9.32489067e-05,-7.07725702e-05,9.7336783e-05,-0.00241354472,-0.00436184799,-0.0262632669,-0.016246383,0.00571524727,-0.0002567817,-0.00131720521,-9.87115175e-05,-4.75785165e-05
0.14,-0.000487839974,-0.00180519226,-0.00199885677,-0.0116957889,-0.00771025979,0.0170667148,-0.000328956021,0.000834945157,9.78248836e-05,-7.47563231e-05,0.000126951303,-0.00214039586,-0.00405541782,-0.0263733322,-0.0163124086,0.00687709277,-0.000355083475,-0.00133937212,-9.77953983e-05,-5.94841919e-05
0.141,-0.000475362394,-0.00184273901,-0.00199297898,-0.0111571802,-0.00659343967,0.0171127773,-0.000281584738,0.000977177515,0.000101889359,-7.76153095e-05,0.000153112387,-0.00187668066,-0.00375649857,-0.0263844554,-0.0162140322,0.00804202295,-0.000453565711,-0.00134786811,-9.74473429e-05,-7.28084237e-05
0.142,-0.000459465851,-0.00188122854,-0.00200140031,-0.0106649349,-0.00552260215,0.0170685678,-0.000214849705,0.00112441621,0.000105654034,-7.90773787e-05,0.000176318079,-0.001623131,-0.00346778303,-0.0263029275,-0.0159606349,0.00919727718,-0.000548758013,-0.00134157724,-9.78786427e-05,-8.74385384e-05
0.143,-0.000440498274,-0.00191832325,-0.00202005616,-0.0102255855,-0.00451712958,0.0169388318,-0.000129219633,0.00127469899,0.000109392046,-7.8886131e-05,0.000196981962,-0.00138014062,-0.00319114714,-0.0261359232,-0.0155653598,0.0103309499,-0.000637193099,-0.00131970443,-9.92444579e-05,-0.000103207579
0.144,-0.000418879396,-0.0019519083,-0.00204497702,-0.00984383792,-0.003592635,0.0167299877,-2.58698795e-05,0.00142596396,0.000113420451,-7.68125824e-05,0.000215425303,-0.00114782304,-0.00292770572,-0.0258911342,-0.0150442091,0.0114323219,-0.000715579294,-0.00128180312,-0.000101628717,-0.00011989757
0.145,-0.000395070873,-0.00198013229,-0.00207244936,-0.00952261225,-0.00276062448,0.0164497984,9.33914268e-05,0.00157612286,0.000118079665,-7.26658523e-05,0.000231877539,-0.000926076475,-0.00267790779,-0.0255764219,-0.0144150609,0.0124920986,-0.000780955553,-0.00122778334,-0.000105034289,-0.000137246002
0.146,-0.000369549752,-0.00200143065,-0.00209913842,-0.00926315206,-0.00202842089,0.0161070162,0.000226231295,0.00172313252,0.000123711372,-6.63020051e-05,0.000246483795,-0.000714650841,-0.00244165948,-0.0251995055,-0.0136966852,0.013502551,-0.00083081927,-0.00115790148,-0.000109379015,-0.000154954871
0.147,-0.000342786638,-0.00201453258,-0.0021221697,-0.00906518825,-0.0013993249,0.0157110262,0.000369923867,0.00186505981,0.000130636646,-5.76303883e-05,0.000259317762,-0.000513211177,-0.0022184617,-0.0247677064,-0.0129078254,0.0144575697,-0.000863219605,-0.00107273496,-0.000114497863,-0.000172701364
0.148,-0.000315229189,-0.00201845444,-0.00213917101,-0.0089271393,-0.000872970316,0.0152715102,0.000521494831,0.00200013664,0.000139136053,-4.66171966e-05,0.000270398043,-0.000321393781,-0.00200755021,-0.024287756,-0.0120664025,0.0153526398,-0.000876812452,-0.000973144718,-0.00012015076,-0.000190149452
0.149,-0.000287290878,-0.00201248277,-0.00214827996,-0.00884632953,-0.000445818526,0.0147981458,0.000677866477,0.00212680321,0.000149433275,-3.32862079e-05,0.000279706124,-0.000138852735,-0.00180802788,-0.0237656679,-0.0111888771,0.0161847515,-0.000870876999,-0.00086022892,-0.000126035196,-0.000206961636
0.15,-0.000259344377,-0.0019961504,-0.00214812461,-0.00881920926,-0.000111731646,0.0143003518,0.000835992531,0.00224373827,0.000161683371,-1.77168348e-05,0.000287204382,3.47043421e-05,-0.00161898128,-0.0232066704,-0.0102897879,0.0169522599,-0.000845297081,-0.000735271482,-0.000131802299,-0.000222810165
0.151,-0.000231718443,-0.00196920906,-0.00213778644,-0.00884156392,0.000137435872,0.013787084,0.000992973665,0.00234987643,0.000175966372,-3.97890869e-08,0.000292852879,0.000199491381,-0.00143957679,-0.0226151925,-0.00938146664,0.0176547126,-0.000800512981,-0.000599688908,-0.000137074899,-0.000237387118
0.152,-0.000204697759,-0.00193160095,-0.00211675095,-0.00890870276,0.000311259228,0.0132666845,0.0011461509,0.00244441346,0.000192285731,1.95691207e-05,0.000296623643,0.000355629166,-0.00126913165,-0.0219948918,-0.00847392778,0.0182926596,-0.000737449133,-0.000454978398,-0.000141466412,-0.000250412946
0.153,-0.000178526886,-0.0018834307,-0.00208484187,-0.00901561996,0.000420157629,0.0127467816,0.00129318465,0.00252680183,0.000210569477,4.08962576e-05,0.000298510783,0.00050314005,-0.00110715409,-0.021348714,-0.00757493852,0.0188674607,-0.000657419998,-0.000302669335,-0.000144600075,-0.000261643348
0.154,-0.000153415205,-0.00182494077,-0.00204215694,-0.00915712446,0.000474893612,0.0122342357,0.00143210531,0.00259673736,0.000230675996,6.3698343e-05,0.000298537153,0.000641950234,-0.000953359572,-0.0206789753,-0.00669021053,0.0193810979,-0.00056202799,-0.000144279848,-0.000146126125,-0.000270874234
0.155,-0.000129541443,-0.00175649101,-0.00198901284,-0.00932793943,0.000486185076,0.0117351217,0.00156133491,0.00265413919,0.000252403797,8.77110927e-05,0.000296758164,0.000771897634,-0.000807668892,-0.0199874569,-0.00582366576,0.019836001,-0.000453063412,1.87201256e-05,-0.000145735613,-0.000277944699
0.156,-0.000107057275,-0.00167854284,-0.00192590095,-0.00952277458,0.000464425043,0.0112547406,0.00167968475,0.00269912512,0.000275503756,0.000112657769,0.000293263179,0.000892743641,-0.000670192653,-0.0192755054,-0.00497774311,0.0202348903,-0.000332412262,0.000184938626,-0.000143170413,-0.000282738079
0.157,-8.60897324e-05,-0.00159164741,-0.00185345446,-0.00973637559,0.000419497294,0.0107976522,0.00178633506,0.00273198459,0.000299692461,0.000138257218,0.000288174956,0.00100418737,-0.000541206043,-0.0185441316,-0.00415371852,0.020580641,-0.000201975674,0.000353084305,-0.000138229425,-0.000285181335
0.158,-6.67423555e-05,-0.00149643741,-0.00177242574,-0.00996355525,0.00036067147,0.0103677218,0.00188080215,0.00275315098,0.000324665516,0.000164231071,0.000281647527,0.0011058813,-0.000421117236,-0.0177941055,-0.00335201927,0.0208761687,-6.36029052e-05,0.000521982333,-0.000130771252,-0.000285243041
0.159,-4.90952116e-05,-0.00139362175,-0.00168367245,-0.0101992112,0.00029655876,0.0099681754,0.00196289856,0.00276317456,0.000350109902,0.00019030991,0.000273862822,0.00119744752,-0.000310431795,-0.0170260435,-0.00257251921,0.021124337,8.09618591e-05,0.000690584135,-0.00012071389,-0.000282930275
0.16,-3.32040332e-05,-0.00128398212,-0.00158814987,-0.0104383343,0.000235108668,0.00960165748,0.0020326906,0.0027626973,0.000375714808,0.000216238287,0.000265026286,0.00127849453,-0.000209714739,-0.0162404905,-0.00181480776,0.0213278856,0.00023011918,0.000857971755,-0.000108031952,-0.000278284712
0.161,-1.90987792e-05,-0.00116837081,-0.0014869073,-0.0106760122,0.000183627921,0.00927028809,0.00209045679,0.0027524303,0.000401180534,0.000241778525,0.000255361767,0.00134863446,-0.000119551864,-0.0154379967,-0.00107842882,0.0214893725,0.000382441675,0.00102335859,-9.27519598e-05,-0.000271378355
0.162,-6.78172857e-06,-0.00104770904,-0.00138108705,-0.0109074307,0.00014881249,0.0089757158,0.00213664925,0.00273313427,0.000426225456,0.000266713399,0.000245105952,0.00140749986,-4.05121098e-05,-0.0146191857,-0.000363084966,0.0216111272,0.000536690285,0.00118608737,-7.49462601e-05,-0.00026230912
0.163,3.77541459e-06,-0.000922985586,-0.00127192868,-0.0111278758,0.000136803495,0.00871916517,0.00217185561,0.00270560268,0.000450591735,0.000290847912,0.000234502796,0.00145475988,2.68868663e-05,-0.0137848162,0.000331202093,0.0216952147,0.000691819377,0.00134562557,-5.47257965e-05,-0.00025119633
0.164,1.26342642e-05,-0.000795254632,-0.00116077166,-0.0113327387,0.000153231226,0.00850147751,0.00219676767,0.00267064818,0.00047404893,0.000314010129,0.000223797435,0.00149013632,8.22127366e-05,-0.0129358375,0.00100395613,0.021743408,0.000846975354,0.00150155895,-3.22327314e-05,-0.000238176345
0.165,1.98917718e-05,-0.000665632309,-0.00104905347,-0.0115175249,0.000203232891,0.00832314416,0.00221215836,0.00262909225,0.000496395571,0.00033605113,0.000213229425,0.00151341983,0.000125153222,-0.0120734417,0.00165412794,0.0217571701,0.00100149121,0.00165358406,-7.63337543e-06,-0.000223398476
0.166,2.56811953e-05,-0.000535291325,-0.000938301738,-0.0116778696,0.000291439316,0.00818433135,0.00221886677,0.00258175797,0.000517459092,0.000356844231,0.000203025288,0.00152448606,0.00015555144,-0.0111991113,0.00227999211,0.0217376403,0.00115487794,0.00180149996,1.88884379e-05,-0.000207021241
0.167,3.01716599e-05,-0.000405453301,-0.000830118721,-0.0118095597,0.000421926517,0.00808489635,0.00221779078,0.0025294658,0.00053709447,0.000376283598,0.000193390462,0.00152331191,0.000173441319,-0.0103146633,0.00287906047,0.0216856275,0.00130681313,0.0019451994,4.71375177e-05,-0.00018920896
0.168,3.35659509e-05,-0.000277378321,-0.00072615686,-0.0119085646,0.000598129144,0.00802439412,0.00220988651,0.00247303208,0.000555181925,0.000394282367,0.000184500869,0.00150999139,0.000179081862,-0.00942228922,0.00344801662,0.0216016078,0.0014571264,0.00208465953,7.69130911e-05,-0.000170128655
0.169,3.6096205e-05,-0.000152351252,-0.000628084104,-0.0119710764,0.000822714615,0.00800207438,0.00219617396,0.00241327021,0.000571624006,0.000410770385,0.000176494454,0.00148475077,0.000172988364,-0.0085245901,0.00398267899,0.0214857289,0.00160578096,0.00221993185,0.000108014312,-0.000149947174
0.17,3.80172403e-05,-3.16644952e-05,-0.000537538375,-0.011993561,0.00109741944,0.00801686904,0.0021777473,0.00235099398,0.000586342418,0.000425691709,0.000169463204,0.0014479624,0.000155957933,-0.00762460456,0.00447800268,0.0213378203,0.00175285036,0.00235113122,0.000140245652,-0.000128828436
0.171,3.95973895e-05,8.34030723e-05,-0.000456071208,-0.0119728191,0.00142285303,0.00806737043,0.00215578823,0.00228702269,0.00059927496,0.000439001981,0.000163446309,0.00140015627,0.000129086032,-0.00672582825,0.00492813243,0.021157413,0.00189848904,0.00247842342,0.000173422298,-0.000106930693
0.172,4.11071419e-05,0.00019161087,-0.000385082996,-0.0119060597,0.00179828562,0.00815180143,0.00213157883,0.00222218747,0.000610373139,0.000450665914,0.000158425285,0.0013420284,9.37700845e-05,-0.00583222145,0.00532652074,0.0209437695,0.00204289566,0.00260201081,0.000207375659,-8.44036919e-05
0.173,4.28066732e-05,0.000291784621,-0.000325756161,-0.0117909831,0.00222145503,0.00826797994,0.00210650782,0.00215733725,0.000619601388,0.000460655191,0.000154321904,0.00127444491,5.16963113e-05,-0.00494820247,0.00566612282,0.0206959264,0.00218626841,0.00272211575,0.00024195897,-6.13856676e-05
0.174,4.4932302e-05,0.00038284725,-0.00027898681,-0.0116258735,0.00268839425,0.00841327995,0.00208207037,0.00209334415,0.000626937542,0.000468946842,0.00015099938,0.00119844092,4.80838319e-06,-0.0040786234,0.00593966682,0.0204127506,0.00232875379,0.00283896186,0.000277052636,-3.80002378e-05
0.175,4.76825115e-05,0.000463851374,-0.000245318865,-0.0114096944,0.00319329939,0.00858459333,0.00205985929,0.00203110707,0.000632374707,0.000475522264,0.000148267146,0.0011152126,-4.47433385e-05,-0.00322872138,0.00613999683,0.0200930104,0.00247039086,0.00295275319,0.000312568922,-1.43532456e-05
0.176,5.12045334e-05,0.000534011575,-0.000224886448,-0.0111421809,0.00372846614,0.00877829991,0.00204154456,0.00197155176,0.000635924672,0.000480367186,0.000145889454,0.00102610124,-9.46721313e-05,-0.00240404164,0.00626048015,0.0197354667,0.00261105431,0.00306365086,0.000348455385,9.47045503e-06
0.177,5.55828318e-05,0.000592735113,-0.000217371271,-0.0108239253,0.00428432141,0.00899025342,0.00202883813,0.00191562597,0.000637622909,0.000483472785,0.000143597884,0.000932569853,-0.000142643481,-0.0016103356,0.00629546258,0.0193389853,0.0027504,0.00317174777,0.000384696521,3.34100697e-05
0.178,6.08308565e-05,0.000639649275,-0.000221981773,-0.0104564496,0.00484957303,0.00921578762,0.00202344266,0.00186428876,0.000637534994,0.00048483798,0.000141107306,0.000836172293,-0.000186378266,-0.000853434193,0.00624074583,0.0189026636,0.00288781709,0.0032770434,0.000421313255,5.74313796e-05
0.179,6.68871644e-05,0.000674622984,-0.00023745919,-0.010042258,0.00541149148,0.00944974854,0.00202698454,0.00181849345,0.000635763932,0.000484472883,0.000138134322,0.000738515084,-0.000223764471,-0.000139095854,0.00609405211,0.0184259655,0.00302239223,0.00337942021,0.000458359739,8.15283555e-05
0.18,7.36167232e-05,0.000697780415,-0.000262113851,-0.00958485783,0.00595632666,0.00968655809,0.0020409338,0.00177916384,0.000632457613,0.000482403266,0.000134416877,0.000641213095,-0.000252969513,0.000527167367,0.0058554345,0.0179088602,0.00315289177,0.00347862385,0.000495917009,0.000105723505
0.181,8.08178112e-05,0.000709504726,-0.000293892543,-0.00908874446,0.00646984858,0.00992031232,0.00206651558,0.00174716423,0.000627815405,0.000478675753,0.000129733423,0.000545841007,-0.000272544025,0.00114027869,0.00552758934,0.0173519535,0.00327776696,0.0035742492,0.00053408335,0.00013006659
0.182,8.82342818e-05,0.000710430593,-0.000330474187,-0.00855934177,0.00693798345,0.0101449145,0.00210462016,0.00172326439,0.000622092705,0.000473363267,0.000123919933,0.000453883127,-0.000281507702,0.00169579088,0.00511603102,0.016756602,0.00339518557,0.0036657345,0.00057296158,0.000154631449
0.183,9.55722049e-05,0.000701424978,-0.000369387028,-0.00800289605,0.00734749824,0.01035424,0.00215572068,0.00170810186,0.000615602173,0.000466570109,0.000116883262,0.000366684469,-0.000279409355,0.00219007443,0.00462910109,0.0161250002,0.00350309061,0.00375236529,0.000612643913,0.000179510816
0.184,0.000102519964,0.00068355635,-0.000408141003,-0.00742632354,0.00768669273,0.0105423257,0.00221980545,0.00170214398,0.000608711036,0.000458436097,0.00010860939,0.000285406332,-0.000266353951,0.00262048681,0.00407779073,0.0154602284,0.00359928524,0.00383328934,0.000653195298,0.000204809169
0.185,0.000108770199,0.000658053582,-0.000444365349,-0.006837016,0.00794604426,0.0107035751,0.00229633265,0.00170565286,0.000601833881,0.000449139131,9.91655656e-05,0.000210989518,-0.000242992332,0.00298550972,0.00347537323,0.0147662552,0.00368153983,0.00390754299,0.000694636476,0.000230633862
0.186,0.000114041602,0.000626256765,-0.000475939812,-0.00624261256,0.00811874698,0.0108329648,0.00238421469,0.00171865658,0.000595420664,0.000438895598,8.86959921e-05,0.00014412794,-0.000210473032,0.00328484224,0.00283686312,0.0140478875,0.00374771407,0.00397408827,0.000736928325,0.000257085005
0.187,0.000118098553,0.000589562965,-0.000501108028,-0.00565074996,0.0082010942,0.0109262379,0.00248183675,0.00174092995,0.000589940225,0.000427958156,7.74113697e-05,8.52546274e-05,-0.000170359431,0.00351944038,0.00217833717,0.0133106684,0.00379588477,0.00403185894,0.000779959074,0.000284244804
0.188,0.000120766794,0.000549370575,-0.000518563208,-0.00506880639,0.00819266602,0.0109800711,0.00258711095,0.0017719874,0.000585860159,0.000416610708,6.55732766e-05,3.45411599e-05,-0.000124519114,0.0036914973,0.00151616858,0.012560725,0.00382446861,0.0040798126,0.000823535917,0.000312167164
0.189,0.00012194374,0.000507026037,-0.000527499023,-0.00450365541,0.0080963024,0.0109921989,0.00269756399,0.00181108945,0.000583624354,0.000405160625,5.34749036e-05,-8.08958466e-06,-7.49952023e-05,0.00380436317,0.000866236125,0.0118045755,0.00383232879,0.00411698531,0.000867382206,0.000340868459
0.19,0.000121602585,0.000463776076,-0.000527622019,-0.00396144429,0.00791786363,0.0109614895,0.00281045256,0.00185726337,0.000583629959,0.000393928626,4.14200618e-05,-4.29385139e-05,-2.38712606e-05,0.0038624084,0.000243173558,0.01104891,0.0038188563,0.0041425445,0.000911140862,0.000370320349
0.191,0.000119790125,0.000420728618,-0.00051912625,-0.00344741229,0.00766580158,0.010887961,0.00292289716,0.00190933716,0.000586205762,0.000383236886,2.97024664e-05,-7.0495543e-05,2.6858309e-05,0.00387083932,-0.000340280299,0.0103003566,0.00378401811,0.00415583613,0.000954384124,0.000400445302
0.192,0.000116618885,0.00037882466,-0.000502634454,-0.002965761,0.00735058191,0.0107727382,0.00303202397,0.00196598492,0.000591593846,0.000373396227,1.85872818e-05,-9.1397928e-05,7.54010573e-05,0.00383547896,-0.000873778366,0.00956525251,0.00372836759,0.00415642241,0.00099662913,0.000431115354
0.193,0.000112254637,0.000338822025,-0.000479113093,-0.00251958227,0.00698401098,0.0106179547,0.00313510324,0.00202578013,0.000599936069,0.000364693383,8.29677971e-06,-0.000106385223,0.000120252273,0.00376252806,-0.00134966803,0.00884943462,0.00365301568,0.00414410691,0.00103735835,0.000462154339
0.194,0.00010690109,0.000301290846,-0.000449772239,-0.00211084586,0.00657853418,0.0104266099,0.00322967252,0.00208725289,0.000611266667,0.000357379377,-9.99262507e-07,-0.000116254227,0.000160250593,0.00365832391,-0.00176309817,0.00815806535,0.00355956818,0.00411894572,0.0010760428,0.000493343366
0.195,0.000100783461,0.000266619735,-0.000415960563,-0.00174044321,0.0061465645,0.0102023919,0.00331363597,0.00214894682,0.00062551149,0.000351659865,-9.1881366e-06,-0.000121816967,0.000194602349,0.00352911284,-0.00211194087,0.00749550204,0.00345003628,0.00408124437,0.00111216621,0.000524429022
0.196,9.41325186e-05,0.000235030842,-0.000379064919,-0.0014082797,0.00569989041,0.00994948196,0.00338533386,0.00220947208,0.00064249369,0.00034768811,-1.62139243e-05,-0.000123864179,0.000222876319,0.00338084978,-0.00239655234,0.00686521632,0.00332672871,0.00403154169,0.001145248,0.000555133642
0.197,8.71704596e-05,0.000206601489,-0.000340422362,-0.0011134043,0.00524919998,0.00967235445,0.00344357986,0.00226755096,0.000661945117,0.000345560961,-2.20730345e-05,-0.000123135995,0.000244973338,0.00321903485,-0.00261941045,0.006269764,0.00319213533,0.00397058232,0.00117486375,0.000585166787
0.198,8.00995898e-05,0.000181289823,-0.000301250193,-0.000854164014,0.0048037423,0.00937558564,0.00348766657,0.0023220539,0.00068352222,0.000345317963,-2.68065717e-05,-0.000120300679,0.000261077168,0.00304859323,-0.00278467342,0.00571080225,0.00304881165,0.00389928096,0.00120066133,0.000614237033
0.199,7.30943583e-05,0.000158962032,-0.000262596935,-0.00062836982,0.00437113204,0.00906368293,0.00351734282,0.00237202452,0.000706824938,0.000346943418,-3.04907233e-05,-0.000115941457,0.000271593905,0.00287379992,-0.00289770569,0.0051891471,0.00289927267,0.00381868141,0.00122237225,0.000642063221
0.2,6.62968356e-05,0.00013941889,-0.000225314576,-0.00043346158,0.00395728839,0.00874094241,0.00353276806,0.0024166933,0.000731416963,0.000350371014,-3.32263529e-05,-0.000110550772,0.00027708711,0.00269824747,-0.00296461278,0.00470486205,0.00274590267,0.00372991376,0.0012398175,0.000668384437
0.201,5.98153708e-05,0.000122419905,-0.000190050291,-0.000266661453,0.0035664886,0.00841133971,0.00353445104,0.0024554808,0.000756845805,0.000355490443,-3.51288343e-05,-0.000104530749,0.000278214894,0.0025248512,-0.00299181901,0.00425736708,0.0025908849,0.00363415269,0.00125290838,0.000692968174
0.202,5.37259019e-05,0.000107703966,-0.000157254268,-0.000125108536,0.00320150946,0.00807845446,0.00352317928,0.00248799163,0.000782661334,0.000362155348,-3.63190124e-05,-9.8198496e-05,0.000275674106,0.00235588524,-0.00298571256,0.00384555834,0.00243615316,0.00353257938,0.00126164256,0.00071561637
0.203,4.80751752e-05,9.50060919e-05,-0.000127199065,-5.97082163e-06,0.00286382613,0.0077454264,0.00349994602,0.0025140013,0.000808431814,0.000370191909,-3.69159412e-05,-9.17948693e-05,0.000270155251,0.00219304208,-0.00295237259,0.00346792948,0.00228336486,0.00342634846,0.00126609638,0.000736169196
0.204,4.28851576e-05,8.40699832e-05,-0.00010000624,9.34682836e-05,0.00255384148,0.00741493979,0.00346588005,0.0025334378,0.00083375676,0.000379407496,-3.70314328e-05,-8.54951899e-05,0.000262308526,0.00203750634,-0.00289737676,0.00312268677,0.00213389275,0.00331656135,0.00126641447,0.000754506712
0.205,3.81579972e-05,7.46565649e-05,-7.5676394e-05,0.000175748849,0.00227112222,0.00708923137,0.00342218282,0.00254636007,0.000858276357,0.000389598865,-3.67663968e-05,-7.94205779e-05,0.000252720846,0.00189003454,-0.00282568389,0.0028078522,0.00198883222,0.00320424629,0.00126279787,0.000770548608
0.206,3.38809924e-05,6.65490729e-05,-5.41193108e-05,0.000243196169,0.0020146226,0.00677011569,0.00337007517,0.00255293519,0.000881677486,0.000400559511,-3.62088388e-05,-7.36489672e-05,0.000241903016,0.00175103479,-0.00274158194,0.00252135148,0.00184902014,0.00309034482,0.0012554915,0.000784252371
0.207,3.00311553e-05,5.955536e-05,-3.51817198e-05,0.000297901867,0.00178288275,0.00645902216,0.00331075502,0.00255341588,0.00090369666,0.00041208593,-3.54332386e-05,-6.82251455e-05,0.000230285341,0.0016206416,-0.00264868781,0.00226108558,0.0017150615,0.0029757041,0.00124477194,0.000795610258
0.208,2.65791146e-05,5.35081183e-05,-1.86711261e-05,0.000341720365,0.00157419445,0.00615703868,0.0032453659,0.00254811949,0.000924120333,0.000423982675,-3.45009635e-05,-6.31694258e-05,0.000218219592,0.00149878288,-0.00254998444,0.00202498604,0.00158736024,0.00286107409,0.00123093614,0.000804645479
0.209,2.34922442e-05,4.82636745e-05,-4.3750053e-06,0.000376276601,0.00138673205,0.00586495768,0.00317497549,0.00253740909,0.000942783145,0.000436066194,-3.34613722e-05,-5.84847928e-05,0.000205985265,0.00138523707,-0.00244788155,0.00181105529,0.00146615124,0.00274710871,0.00121429134,0.000811407923
0.21,2.07370131e-05,4.36999213e-05,7.92467679e-06,0.000402981274,0.00121865021,0.00558332132,0.00310056282,0.00252167725,0.000959564659,0.000448167529,-3.23533025e-05,-5.41625461e-05,0.000193798277,0.00127968022,-0.00234428843,0.00161739404,0.00135153123,0.00263436974,0.0011951467,0.00081596975
0.211,1.82806324e-05,3.97138268e-05,1.84411994e-05,0.000423050403,0.00106815221,0.0053124638,0.00302301225,0.0025013325,0.000974385132,0.000460134013,-3.12066983e-05,-5.01865795e-05,0.000181820633,0.00118172312,-0.00224068986,0.00144221804,0.00124348722,0.0025233328,0.00117380646,0.000818421081
0.212,1.60921111e-05,3.62188454e-05,2.7376416e-05,0.000437526742,0.000933534172,0.00505254949,0.00294311286,0.00247678838,0.000987200764,0.000471830111,-3.00442068e-05,-4.6536497e-05,0.000170170006,0.00109093975,-0.00213821885,0.00128386664,0.0011419214,0.00241439441,0.00115056471,0.000818865947
0.213,1.4142845e-05,3.31424483e-05,3.49169527e-05,0.000447301233,0.000813210148,0.00480360621,0.00286156142,0.00244845494,0.000997998784,0.000483137592,-2.88826399e-05,-4.31897837e-05,0.000158928587,0.00100688813,-0.00203772287,0.00114080507,0.00104667247,0.00230787961,0.00112570154,0.000817418625
0.214,1.24068748e-05,3.04238884e-05,4.12324587e-05,0.00045313331,0.000705723687,0.00456555409,0.00277896793,0.00241673233,0.00100679265,0.000493955181,-2.77342378e-05,-4.01232553e-05,0.000148150787,0.000929125233,-0.0019398211,0.0010116227,0.000957533245,0.00220404977,0.00109948052,0.000814200399
0.215,1.08609088e-05,2.80122351e-05,4.64753186e-05,0.000455669491,0.000609749761,0.00433822908,0.00269586225,0.002382006,0.00101361756,0.000504197827,-2.66077281e-05,-3.73140652e-05,0.000137869688,0.000857217419,-0.00184495234,0.000895028052,0.000874264749,0.00210310997,0.00107214703,0.000809336772
0.216,9.48420296e-06,2.58647056e-05,5.07812781e-05,0.000455459849,0.000524090725,0.00412140246,0.0026127013,0.00234464352,0.0010185263,0.000513795725,-2.55091682e-05,-3.47403144e-05,0.000128102235,0.000790747284,-0.00175341417,0.000789842303,0.000796607342,0.00200521595,0.00104392749,0.000802955101
0.217,8.25836965e-06,2.39452742e-05,5.42705588e-05,0.000452972307,0.000447668872,0.00391479695,0.00252987644,0.0023049923,0.00102158562,0.000522693179,-2.44426021e-05,-3.23813797e-05,0.000118853348,0.00072931769,-0.00166539441,0.000694991928,0.000724289417,0.00191048062,0.0010150292,0.000795182656
0.218,7.16715492e-06,2.22235231e-05,5.70492078e-05,0.000448604899,0.000379517247,0.00371809982,0.00244772052,0.00226337841,0.00102287302,0.000530847387,-2.34105675e-05,-3.02180702e-05,0.000110119123,0.000672553951,-0.00158099623,0.000609500921,0.000657034084,0.00181897985,0.000985640572,0.000786145027
0.219,6.19620929e-06,2.06736971e-05,5.92105178e-05,0.000442696215,0.000318769864,0.00353097353,0.00236651454,0.00222010591,0.00102247395,0.000538227202,-2.2414485e-05,-2.82326764e-05,0.000101889301,0.000620104749,-0.00150025794,0.000532483057,0.000594564214,0.00173075779,0.000955931749,0.000775964862
0.22,5.33286787e-06,1.92739278e-05,6.08364139e-05,0.000435534265,0.000264652014,0.00335306422,0.00228649376,0.00217545682,0.0010204795,0.000544811895,-2.14549527e-05,-2.64089521e-05,9.41491524e-05,0.000571642197,-0.00142316856,0.000463134371,0.000536606208,0.00164583154,0.000926055431,0.000764760885
0.221,4.56594818e-06,1.80055961e-05,6.19987505e-05,0.00042736397,0.000216471059,0.00318400852,0.00220785323,0.00212969138,0.00101698437,0.000550589978,-2.05319678e-05,-2.47320555e-05,8.68809002e-05,0.000526861315,-0.00134967994,0.000400726017,0.000482892752,0.00156419532,0.000896147828,0.000752647144
0.222,3.88556784e-06,1.68528057e-05,6.27604958e-05,0.000418393523,0.000173607895,0.00302343904,0.00213075274,0.00208304867,0.00101208522,0.000555558066,-1.96450942e-05,-2.31884657e-05,8.00648018e-05,0.000485479158,-0.0012797164,0.000344597579,0.000433164797,0.00148582412,0.000866329704,0.00073973247
0.223,3.2829793e-06,1.58019487e-05,6.31768154e-05,0.000408799783,0.000135509064,0.0028709886,0.00205532127,0.00203574735,0.00100587932,0.000559719826,-1.87935896e-05,-2.17658913e-05,7.36799668e-05,0.000447233736,-0.00121318214,0.00029415084,0.000387172929,0.00141067692,0.000836707466,0.000726120095
0.224,2.7504256e-06,1.48413438e-05,6.32960298e-05,0.000398732853,0.000101679711,0.00272629362,0.00198166093,0.00198798659,0.000998463371,0.000563084991,-1.79765048e-05,-2.04531915e-05,6.77049775e-05,0.000411882927,-0.00114996713,0.000248844126,0.000344678266,0.00133869949,0.000807374233,0.000711907419
0.225,2.281013e-06,1.39609326e-05,6.3160463e-05,0.000388319971,7.16773541e-05,0.00258899668,0.00190985026,0.00193994701,0.000989932611,0.000565668454,-1.71927619e-05,-1.92403196e-05,6.21183498e-05,0.000379203428,-0.00108995168,0.000208187174,0.000305452999,0.00126982679,0.000778410883,0.000697185878
0.226,1.8686012e-06,1.3152028e-05,6.28071859e-05,0.000377668825,4.51062633e-05,0.00245874855,0.00183994738,0.0018917917,0.000980380073,0.000567489447,-1.64412059e-05,-1.81182376e-05,5.68988477e-05,0.000348989509,-0.00103300996,0.000171736329,0.00026928066,0.00120398511,0.00074988708,0.000682040912
0.227,1.50771145e-06,1.24071054e-05,6.22686528e-05,0.000366870364,2.16123007e-05,0.00233520973,0.00177199286,0.00184366739,0.000969896027,0.000568570794,-1.57206338e-05,-1.70787905e-05,5.20256975e-05,0.000321051561,-0.000979012914,0.000139090024,0.000235956207,0.00114109394,0.000721862302,0.000666552021
0.228,1.19344529e-06,1.17196285e-05,6.15732699e-05,0.000356001203,8.78294249e-07,0.0022180515,0.00170601221,0.00179570557,0.000958567555,0.000568938245,-1.50298194e-05,-1.61146025e-05,4.74787526e-05,0.000295214793,-0.000927830428,0.000109884709,0.000205285919,0.00108106763,0.000694386788,0.000650792873
0.229,9.21412713e-07,1.10839036e-05,6.07459e-05,0.000345125658,-1.73800209e-05,0.00210695673,0.00164201803,0.00174802353,0.000946478231,0.000568619877,-1.43675339e-05,-1.52189993e-05,4.32386109e-05,0.000271318108,-0.000879332965,8.37912355e-05,0.000177087164,0.00102381667,0.000667502427,0.000634831464
0.23,6.87670084e-07,1.04949579e-05,5.98083054e-05,0.0003342975,-3.3417578e-05,0.00200162031,0.00158001187,0.00170072544,0.000933707895,0.000567645566,-1.37325599e-05,-1.43859409e-05,3.9286689e-05,0.000249213053,-0.000833392812,6.05115813e-05,0.000151188085,0.000969248956,0.000641243575,0.000618730307
0.231,4.88666039e-07,9.94843473e-06,5.87795355e-05,0.000323561463,-4.7463162e-05,0.00190174944,0.00151998586,0.0016539033,0.000920332502,0.000566046514,-1.31237026e-05,-1.36099631e-05,3.56052646e-05,0.000228762866,-0.000789885004,3.97758955e-05,0.000127427221,0.000917270708,0.000615637828,0.00060254665
0.232,3.21195023e-07,9.44050684e-06,5.76762643e-05,0.000312954523,-5.97222263e-05,0.00180706371,0.00146192413,0.00160763792,0.000906424045,0.000563854844,-1.25397977e-05,-1.28861285e-05,3.21774979e-05,0.000209841596,-0.000748688022,2.13398165e-05,0.000105653097,0.000867787344,0.000590706723,0.00058633272
0.233,1.82362434e-07,8.96780084e-06,5.65130572e-05,0.000302507002,-7.03792622e-05,0.0017172951,0.00140580408,0.00156199981,0.000892050524,0.000561103236,-1.19797161e-05,-1.22099775e-05,2.89874336e-05,0.000192333267,-0.000709684288,4.98205995e-06,8.57237825e-05,0.000820704187,0.000566466391,0.000570135966
0.234,6.95525622e-08,8.52733246e-06,5.53026141e-05,0.000292243512,-7.95999555e-05,0.00163218784,0.00135159745,0.00151705005,0.000877275964,0.000557824617,-1.14423677e-05,-1.15774817e-05,2.60199933e-05,0.000176131076,-0.000672760521,-9.49777976e-06,6.75064396e-05,0.000775927063,0.000542928157,0.000553999317
0.235,-1.96014673e-08,8.11644937e-06,5.40559938e-05,0.000282183799,-8.75331659e-05,0.00155149817,0.00129927129,0.00147284109,0.000862160464,0.000554051894,-1.09267014e-05,-1.09849991e-05,2.32609537e-05,0.000161136654,-0.000637807939,-2.22812288e-05,5.08768597e-05,0.000733362803,0.000520099086,0.000537961444
0.236,-8.72457808e-08,7.73277757e-06,5.27828155e-05,0.0002723435,-9.43127152e-05,0.00147499393,0.00124878878,0.00142941746,0.000846760269,0.000549817719,-1.04317049e-05,-1.04292396e-05,2.06969081e-05,0.000147259394,-0.000604722316,-3.35327653e-05,3.57189867e-05,0.000692919637,0.000497982482,0.00052205701
0.237,-1.35328028e-07,7.37418455e-06,5.14914318e-05,0.000262734727,-0.00010005895,0.00140245427,0.00120011001,0.00138681653,0.000831127869,0.00054515429,-9.95640307e-06,-9.90723048e-06,1.8315232e-05,0.000134415827,-0.000573404013,-4.34014393e-05,2.19244637e-05,0.000654507526,0.000476578336,0.000506316925
0.238,-1.65614912e-07,7.03875453e-06,5.01890748e-05,0.000253366555,-0.000104880116,0.00133366935,0.00115319255,0.00134506916,0.00081531212,0.000540093195,-9.49985913e-06,-9.41627923e-06,1.61040603e-05,0.000122529021,-0.000543758041,-5.20223079e-05,9.39221051e-06,0.000618038456,0.000455883752,0.000490768602
0.239,-1.79709745e-07,6.72476058e-06,4.88819907e-05,0.000244245467,-0.000108873595,0.00126843994,0.00110799213,0.00130420028,0.000799358376,0.000534665277,-9.06117544e-06,-8.95394615e-06,1.40522604e-05,0.00011152806,-0.000515694027,-5.95177613e-05,-1.97200087e-06,0.000583426654,0.000435893317,0.000475436201
0.24,-1.79068329e-07,6.43064021e-06,4.75755586e-05,0.00023537575,-0.000112127034,0.00120657708,0.00106446303,0.0012642295,0.000783308625,0.000528900521,-8.63949304e-06,-8.51801799e-06,1.21493974e-05,0.000101347555,-0.000489126127,-6.5998724e-05,-1.22559595e-05,0.000550588752,0.000416599439,0.000460340862
0.241,-1.65013007e-07,6.15497488e-06,4.62743965e-05,0.000226759836,-0.000114719344,0.00114790159,0.00102255854,0.00122517162,0.000767201639,0.000522827966,-8.23399042e-06,-8.10648429e-06,1.03856968e-05,9.19271885e-05,-0.000463972899,-7.1565738e-05,-2.15414131e-05,0.00051944391,0.000397992659,0.000445500931
0.242,-1.38745011e-07,5.89647284e-06,4.49824527e-05,0.000218398592,-0.000116721597,0.00109224368,0.000982231344,0.00118703711,0.000751073119,0.000516475635,-7.8438822e-06,-7.71751623e-06,8.7520069e-06,8.32112974e-05,-0.000440157149,-7.63099417e-05,-2.99044486e-05,0.000489913906,0.000380061919,0.000430932173
0.243,-1.01355225e-07,5.65395447e-06,4.37030859e-05,0.000210291567,-0.00011819782,0.00103944249,0.000943433772,0.00114983253,0.000734955851,0.000509870483,-7.46841779e-06,-7.34944779e-06,7.23976231e-06,7.5148494e-05,-0.000417605775,-8.03139528e-05,-3.74158529e-05,0.00046192319,0.000362794816,0.000416647981
0.244,-5.38338366e-08,5.42634008e-06,4.24391355e-05,0.000202437203,-0.000119205708,0.000989345741,0.000906118124,0.00111356101,0.000718879853,0.00050303836,-7.10687995e-06,-7.00075912e-06,5.84094724e-06,6.76913157e-05,-0.000396249593,-8.36526663e-05,-4.41414558e-05,0.000435398919,0.00034617782,0.000402659562
0.245,2.92121676e-09,5.21264086e-06,4.11929834e-05,0.000194833011,-0.000119797266,0.000941809258,0.000870236878,0.00107822256,0.000702872534,0.000496003984,-6.75858245e-06,-6.67005987e-06,4.54805773e-06,6.07958924e-05,-0.000376023154,-8.63939823e-05,-5.01424557e-05,0.000410270962,0.000330196477,0.000388976128
0.246,6.80984179e-08,5.0119541e-06,3.99666015e-05,0.000187475702,-0.000120019431,0.000896696599,0.000835742943,0.00104381448,0.000686958856,0.000488790936,-6.42286673e-06,-6.35606617e-06,3.35406518e-06,5.44216016e-05,-0.00035686457,-8.85994893e-05,-5.54757294e-05,0.000386471902,0.000314835596,0.000375605068
0.247,1.40967464e-07,4.82345952e-06,3.87615947e-05,0.000180361308,-0.000119914613,0.000853878671,0.000802589858,0.0010103317,0.000671161494,0.000481421663,-6.09910025e-06,-6.05757955e-06,2.25239061e-06,4.85307609e-05,-0.000338715346,-9.03250666e-05,-6.0194123e-05,0.000363937016,0.000300079418,0.000362552118
0.248,2.20870591e-07,4.64640912e-06,3.75792521e-05,0.000173485315,-0.000119521114,0.000813233342,0.000770731857,0.000977767045,0.00065550096,0.000473917475,-5.78667802e-06,-5.77348606e-06,1.23688235e-06,4.30884434e-05,-0.000321520187,-9.16213855e-05,-6.43467226e-05,0.000342604227,0.000285911737,0.000349821503
0.249,3.07214907e-07,4.48011866e-06,3.64205932e-05,0.000166842788,-0.00011887347,0.000774645093,0.00074012393,0.00094611141,0.000639995723,0.000466298556,-5.48502374e-06,-5.50275787e-06,3.01791891e-07,3.80623164e-05,-0.00030522684,-9.25343579e-05,-6.79791023e-05,0.000322414048,0.000272316019,0.000337416079
0.25,3.99466979e-07,4.32396094e-06,3.52863999e-05,0.000160428457,-0.000118002795,0.000738004673,0.000710721912,0.000915354048,0.000624662337,0.000458583972,-5.19358961e-06,-5.24444847e-06,-5.58250358e-07,3.34224549e-05,-0.000289785944,-9.31055707e-05,-7.11335563e-05,0.000303309527,0.000259275503,0.000325337459
0.251,4.97148115e-07,4.17736077e-06,3.41772448e-05,0.000154236794,-0.000116937095,0.000703208775,0.000682482556,0.000885482765,0.000609515566,0.000450791699,-4.91185573e-06,-4.99768503e-06,-1.34825783e-06,2.91411527e-05,-0.000275150894,-9.3372686e-05,-7.384932e-05,0.000285236189,0.000246773301,0.000313586138
0.252,5.9982988e-07,4.03979086e-06,3.30935167e-05,0.00014826208,-0.000115701567,0.000670159719,0.000655363598,0.000856484123,0.000594568503,0.000442938649,-4.63932902e-06,-4.76165995e-06,-2.07290971e-06,2.51927376e-05,-0.0002612777,-9.33698034e-05,-7.61627771e-05,0.000268141969,0.000234792486,0.000302161605
0.253,7.07128837e-07,3.91076798e-06,3.20354499e-05,0.00014249846,-0.000114318883,0.000638765145,0.000629323813,0.000828343618,0.000579832686,0.000435040691,-4.37554206e-06,-4.53562464e-06,-2.73657371e-06,2.15534112e-05,-0.000248124833,-9.31277919e-05,-7.81076575e-05,0.000251977144,0.000223316159,0.000291062452
0.254,8.18702195e-07,3.78984943e-06,3.1003146e-05,0.000136939996,-0.000112809446,0.000608937726,0.000604323049,0.00080104585,0.000565318204,0.00042711269,-4.12005196e-06,-4.31888462e-06,-3.34332711e-06,1.82011042e-05,-0.000235653093,-9.26745876e-05,-7.97152205e-05,0.000236694259,0.000212327523,0.000280286468
0.255,9.34244017e-07,3.67663007e-06,2.99965939e-05,0.000131580703,-0.000111191607,0.000580594897,0.000580322255,0.00077457466,0.000551033802,0.000419168534,-3.87243991e-06,-4.11079605e-06,-3.89697432e-06,1.51153514e-05,-0.000223825478,-9.20354607e-05,-8.10144239e-05,0.000222248052,0.000201809931,0.000269830728
0.256,1.05348132e-06,3.57074153e-06,2.90156898e-05,0.000126414577,-0.000109481847,0.00055365862,0.00055728349,0.000748913267,0.00053698697,0.000411221174,-3.63231135e-06,-3.91076389e-06,-4.40106035e-06,1.22771832e-05,-0.000212607092,-9.12332513e-05,-8.203208e-05,0.000208595379,0.000191746936,0.000259691682
0.257,1.17617085e-06,3.47185227e-06,2.80602548e-05,0.000121435609,-0.000107694958,0.00052805518,0.000535169949,0.000724044392,0.000523184047,0.000403282658,-3.39929582e-06,-3.71823756e-06,-4.85888281e-06,9.66901132e-06,-0.000201965056,-9.02885865e-05,-8.27930003e-05,0.000195695148,0.000182122333,0.000249865231
0.258,1.30209593e-06,3.37966022e-06,2.71300451e-05,0.000116637836,-0.00010584421,0.000503714897,0.000513945956,0.00069995036,0.000509630299,0.000395364169,-3.17304486e-06,-3.53270749e-06,-5.27351372e-06,7.27452081e-06,-0.000191868364,-8.92200952e-05,-8.33201402e-05,0.000183508231,0.000172920195,0.000240346793
0.259,1.43106456e-06,3.29388949e-06,2.62247581e-05,0.000112015362,-0.000103941503,0.000480571885,0.000493576975,0.000676613207,0.000496330011,0.000387476058,-2.95322964e-06,-3.35369947e-06,-5.64781943e-06,5.07855633e-06,-0.000182287749,-8.80445973e-05,-8.36347336e-05,0.000171997388,0.000164124902,0.00023113137
0.26,1.5629072e-06,3.21428874e-06,2.5344042e-05,0.000107562375,-0.000101997508,0.000458563838,0.000474029599,0.000654014766,0.000483286564,0.000379627881,-2.73953963e-06,-3.18077099e-06,-5.98447581e-06,3.06702847e-06,-0.000173195577,-8.6777268e-05,-8.37564155e-05,0.000161127189,0.000155721168,0.000222213606
0.261,1.69747459e-06,3.1406292e-06,2.44875036e-05,0.000103273161,-0.000100021776,0.000437631831,0.000455271543,0.000632136746,0.000470502506,0.000371828441,-2.53168169e-06,-3.01350925e-06,-6.28598107e-06,1.2268368e-06,-0.000164565751,-8.54317873e-05,-8.37033354e-05,0.000150863938,0.000147694057,0.000213587841
0.262,1.83463568e-06,3.07270253e-06,2.36547168e-05,9.91421174e-05,-9.8022853e-05,0.000417720138,0.000437271627,0.000610960799,0.000457979626,0.000364085818,-2.32937927e-06,-2.85153016e-06,-6.55466764e-06,-4.54196099e-07,-0.000156373619,-8.40204773e-05,-8.34922617e-05,0.000141175605,0.000140029006,0.000205248159
0.263,1.97427607e-06,3.01031895e-06,2.28452272e-05,9.51637603e-05,-9.60083668e-05,0.000398776048,0.000419999757,0.000590468581,0.000445719013,0.000356407407,-2.13237186e-06,-2.69447652e-06,-6.79271201e-06,-1.98739094e-06,-0.000148595895,-8.25544242e-05,-8.31386787e-05,0.000132031749,0.000132711826,0.000197188435
0.264,2.11629639e-06,2.95330546e-06,2.20585578e-05,9.1332735e-05,-9.39851123e-05,0.000380749705,0.000403426909,0.000570641808,0.00043372112,0.000348799957,-1.94041437e-06,-2.54201614e-06,-7.00214362e-06,-3.38327314e-06,-0.000141210589,-8.10435919e-05,-8.26568768e-05,0.000123403454,0.000125728723,0.000189402373
0.265,2.26061022e-06,2.90150347e-06,2.12942167e-05,8.76438286e-05,-9.19591237e-05,0.00036359395,0.000387525092,0.0005514623,0.000421985815,0.000341269598,-1.7532767e-06,-2.39384123e-06,-7.18485332e-06,-4.65162358e-06,-0.000134196934,-7.94969221e-05,-8.20600356e-05,0.000115263256,0.000119066295,0.000181883544
0.266,2.40714142e-06,2.85476488e-06,2.05517058e-05,8.40919877e-05,-8.9935728e-05,0.000347264162,0.000372267312,0.000532912001,0.000410512426,0.000333821872,-1.57074306e-06,-2.24967031e-06,-7.34260437e-06,-5.80151466e-06,-0.00012753532,-7.79224225e-05,-8.13603003e-05,0.000107585081,0.000112711532,0.000174625419
0.267,2.55582269e-06,2.81295001e-06,1.98305258e-05,8.06723236e-05,-8.79196062e-05,0.000331718124,0.000357627545,0.000514973026,0.000399299782,0.000326461765,-1.39261091e-06,-2.10924821e-06,-7.47704359e-06,-6.84135493e-06,-0.000121207225,-7.63272538e-05,-8.05688544e-05,0.00010034418,0.000106651824,0.000167621393
0.268,2.70659548e-06,2.77592805e-06,1.91301742e-05,7.73801036e-05,-8.59148737e-05,0.000316915886,0.000343580742,0.000497627703,0.000388346282,0.000319193742,-1.21868981e-06,-1.97234173e-06,-7.58970866e-06,-7.77895069e-06,-0.000115195161,-7.47178175e-05,-7.96959926e-05,9.35170688e-05,0.00010087496,0.00016086482
0.269,2.85940964e-06,2.74357672e-06,1.84501461e-05,7.42107463e-05,-8.39251484e-05,0.000302819641,0.000330102806,0.000480858619,0.000377649932,0.00031202178,-1.04880037e-06,-1.83873622e-06,-7.68203524e-06,-8.62156019e-06,-0.000109482612,-7.30998304e-05,-7.87511869e-05,8.70814717e-05,9.53691301e-05,0.000154349036
0.27,3.01422251e-06,2.71578189e-06,1.77899368e-05,7.11598187e-05,-8.19536019e-05,0.000289393601,0.00031717057,0.000464648634,0.000367208391,0.000304949396,-8.82773376e-07,-1.70823366e-06,-7.75536417e-06,-9.37593648e-06,-0.000104053972,-7.1478388e-05,-7.77431476e-05,8.10162613e-05,9.01229251e-05,0.000148067382
0.271,3.17099827e-06,2.69243697e-06,1.71490438e-05,6.82230337e-05,-8.00030033e-05,0.000276603889,0.000304761768,0.000448980909,0.000357019008,0.000297979677,-7.20449e-07,-1.58065151e-06,-7.81094818e-06,-1.00483644e-05,-9.8894489e-05,-6.98580219e-05,-7.66798786e-05,7.53014047e-05,8.51253286e-05,0.000142013225
0.272,3.32970726e-06,2.67344225e-06,1.65269685e-05,6.53962481e-05,-7.80757581e-05,0.00026441843,0.000292855003,0.000433838919,0.000347078853,0.000291115308,-5.61676133e-07,-1.45582156e-06,-7.849958e-06,-1.06446937e-05,-9.39902214e-05,-6.82427515e-05,-7.55687295e-05,6.99179099e-05,8.03657132e-05,0.000136179971
0.273,3.49032537e-06,2.65870436e-06,1.59232176e-05,6.26754596e-05,-7.61739422e-05,0.000252806855,0.000281429724,0.000419206467,0.000337384752,0.000284358595,-4.06311694e-07,-1.3335889e-06,-7.87348825e-06,-1.11703711e-05,-8.93279856e-05,-6.66361314e-05,-7.44164432e-05,6.48477748e-05,7.58338337e-05,0.000130561084
0.274,3.65283379e-06,2.64813569e-06,1.53373032e-05,6.00568033e-05,-7.42993357e-05,0.0002417404,0.000270466195,0.000405067697,0.000327933318,0.000277711491,-2.54219885e-07,-1.21381045e-06,-7.88256296e-06,-1.16304717e-05,-8.48953119e-05,-6.50412953e-05,-7.32292012e-05,6.00739387e-05,7.15198204e-05,0.000125150099
0.275,3.81721912e-06,2.64165324e-06,1.47687404e-05,5.75365506e-05,-7.24534545e-05,0.000231191816,0.000259945474,0.000391407109,0.000318720979,0.000271175621,-1.05271381e-07,-1.09635269e-06,-7.87814072e-06,-1.20297328e-05,-8.06803942e-05,-6.34609964e-05,-7.20126662e-05,5.55802338e-05,6.74141717e-05,0.000119940634
0.276,3.98347351e-06,2.6391779e-06,1.42170454e-05,5.51111067e-05,-7.06375765e-05,0.00022113527,0.000249849378,0.000378209558,0.000309744001,0.000264752303,4.06573152e-08,-9.8108999e-07,-7.86111908e-06,-1.23725826e-05,-7.66720436e-05,-6.18976415e-05,-7.07720211e-05,5.13513391e-05,6.35077457e-05,0.000114926396
0.277,4.15159419e-06,2.64063611e-06,1.36817386e-05,5.27769993e-05,-6.88527659e-05,0.000211546283,0.00024016046,0.000365460262,0.000300998515,0.000258442571,1.8368395e-07,-8.67904006e-07,-7.83233695e-06,-1.26631605e-05,-7.28596639e-05,-6.03533196e-05,-6.95120024e-05,4.73727403e-05,5.9791751e-05,0.000110101194
0.278,4.3215826e-06,2.64595995e-06,1.31623488e-05,5.05308738e-05,-6.70998894e-05,0.000202401667,0.000230861974,0.000353144799,0.000292480531,0.000252247194,3.23920571e-07,-7.56684328e-07,-7.79257766e-06,-1.29053301e-05,-6.9233225e-05,-5.88298317e-05,-6.82369318e-05,4.36306897e-05,5.62577368e-05,0.000105458947
0.279,4.49344396e-06,2.65508659e-06,1.26584142e-05,4.83694917e-05,-6.53796348e-05,0.000193679452,0.000221937852,0.000341249111,0.000284185957,0.000246166694,4.61473736e-07,-6.47328504e-07,-7.74257239e-06,-1.31026942e-05,-6.57832345e-05,-5.73287188e-05,-6.69507467e-05,4.01121684e-05,5.28975837e-05,0.00010099369
0.28,4.66718708e-06,2.66795826e-06,1.21694824e-05,4.62897261e-05,-6.36925281e-05,0.000185358818,0.000213372674,0.000329759505,0.000276110621,0.000240201366,5.96444851e-07,-5.39741571e-07,-7.68300367e-06,-1.32586122e-05,-6.25007093e-05,-5.58512875e-05,-6.56570289e-05,3.68048488e-05,4.97034944e-05,9.6699575e-05
0.281,4.84282418e-06,2.68452272e-06,1.16951113e-05,4.42885531e-05,-6.20389468e-05,0.000177420038,0.000205151652,0.000318662648,0.000268250284,0.000234351296,7.28930617e-07,-4.33834882e-07,-7.61450879e-06,-1.33762207e-05,-5.93771497e-05,-5.43986331e-05,-6.43590306e-05,3.36970599e-05,4.66679842e-05,9.25708831e-05
0.282,5.0203708e-06,2.70473411e-06,1.12348695e-05,4.23630424e-05,-6.04191314e-05,0.000169844412,0.000197260599,0.000307945571,0.000260600658,0.000228616375,8.59023562e-07,-3.29524249e-07,-7.53768295e-06,-1.34584572e-05,-5.6404514e-05,-5.29716587e-05,-6.30596994e-05,3.07777532e-05,4.37838714e-05,8.86020222e-05
0.283,5.19984532e-06,2.728553e-06,1.07883378e-05,4.0510354e-05,-5.88332019e-05,0.000162614214,0.000189685912,0.000297595669,0.000253157418,0.000222996316,9.86812498e-07,-2.26729619e-07,-7.45308302e-06,-1.35080733e-05,-5.35751869e-05,-5.15710972e-05,-6.17617031e-05,2.80364705e-05,4.10442684e-05,8.4787532e-05
0.284,5.38126926e-06,2.75594664e-06,1.03551076e-05,3.87277332e-05,-5.72811809e-05,0.000155712637,0.000182414558,0.0002876007,0.000245916226,0.000217490671,1.11238263e-06,-1.25373908e-07,-7.36122887e-06,-1.35276502e-05,-5.08819527e-05,-5.01975317e-05,-6.04674545e-05,2.54633126e-05,3.84425738e-05,8.11220873e-05
0.285,5.56466704e-06,2.78688899e-06,9.9347802e-06,3.70125072e-05,-5.57630109e-05,0.00014912374,0.000175434061,0.000277948795,0.000238872743,0.000212098853,1.23581545e-06,-2.53821661e-08,-7.26260381e-06,-1.35196113e-05,-4.83179729e-05,-4.88514144e-05,-5.91791331e-05,2.30489111e-05,3.59724642e-05,7.76005002e-05
0.286,5.75006494e-06,2.82135901e-06,9.52697095e-06,3.53620925e-05,-5.42785522e-05,0.000142832403,0.000168732464,0.00026862844,0.000232022636,0.000206820137,1.35718898e-06,7.3317109e-08,-7.15765876e-06,-1.3486225e-05,-4.58767642e-05,-4.75330777e-05,-5.78987011e-05,2.07843996e-05,3.36278823e-05,7.42177192e-05
0.287,5.93749023e-06,2.85933967e-06,9.13131194e-06,3.37739971e-05,-5.28275838e-05,0.00013682428,0.000162298305,0.000259628461,0.000225361578,0.000201653675,1.47657813e-06,1.7079088e-07,-7.04681594e-06,-1.34296083e-05,-4.35521829e-05,-4.62427442e-05,-5.6627918e-05,1.86613882e-05,3.14030262e-05,7.09688288e-05
0.288,6.12697078e-06,2.900817e-06,8.74745241e-06,3.22458227e-05,-5.14098115e-05,0.000131085759,0.000156120593,0.000250938021,0.000218885261,0.000196598506,1.59405479e-06,2.67101506e-07,-6.93047121e-06,-1.33517348e-05,-4.13384093e-05,-4.49805389e-05,-5.53683562e-05,1.66719387e-05,2.92923403e-05,6.78490496e-05
0.289,6.31853466e-06,2.94577925e-06,8.37505887e-06,3.07752655e-05,-5.00248769e-05,0.000125603926,0.000150188792,0.000242546613,0.000212589399,0.000191653566,1.70968799e-06,3.6230705e-07,-6.80899576e-06,-1.32544441e-05,-3.92299301e-05,-4.37464989e-05,-5.41214151e-05,1.48085408e-05,2.72905063e-05,6.48537373e-05
0.29,6.51220983e-06,2.99421562e-06,8.01381502e-06,2.93601201e-05,-4.86723683e-05,0.00012036652,0.000144492804,0.000234444055,0.000206469738,0.000186817699,1.82354402e-06,4.56461367e-07,-6.68273751e-06,-1.31394496e-05,-3.72215208e-05,-4.2540584e-05,-5.28883353e-05,1.30640897e-05,2.53924348e-05,6.19783825e-05
0.291,6.70802368e-06,3.04611434e-06,7.66342107e-06,2.79982869e-05,-4.7351832e-05,0.0001153619,0.000139022948,0.000226620482,0.00020052206,0.000182089668,1.93568618e-06,5.49613075e-07,-6.55202195e-06,-1.30083374e-05,-3.53082291e-05,-4.1362687e-05,-5.16702118e-05,1.1431865e-05,2.35932562e-05,5.9218609e-05
0.292,6.90600254e-06,3.1014607e-06,7.32359385e-06,2.66877801e-05,-4.60627819e-05,0.000110579011,0.000133769942,0.000219066336,0.000194742188,0.000177468157,2.04617464e-06,6.41802975e-07,-6.41715459e-06,-1.28625584e-05,-3.34853622e-05,-4.02126431e-05,-5.04680052e-05,9.90551113e-06,2.18883127e-05,5.65701723e-05
0.293,7.10617146e-06,3.16023761e-06,6.99406723e-06,2.5426718e-05,-4.48046994e-05,0.000106007364,0.000128724882,0.000211772356,0.000189125981,0.000172951783,2.15506673e-06,7.33064269e-07,-6.27842316e-06,-1.27034392e-05,-3.17484833e-05,-3.90902337e-05,-4.92825491e-05,8.47901952e-06,2.02731485e-05,5.40289579e-05
0.294,7.30855456e-06,3.22242613e-06,6.6745899e-06,2.42133142e-05,-4.35770394e-05,0.00010163701,0.000123879224,0.000204729568,0.000183669343,0.000168539102,2.26241717e-06,8.23423912e-07,-6.13609853e-06,-1.25321963e-05,-3.00934002e-05,-3.79951905e-05,-4.81145595e-05,7.14671036e-06,1.87435026e-05,5.15909799e-05
0.295,7.51317589e-06,3.28800534e-06,6.3649194e-06,2.30458697e-05,-4.23792402e-05,9.74584998e-05,0.000119224781,0.000197929285,0.000178368232,0.000164228617,2.36827816e-06,9.12904717e-07,-5.99043395e-06,-1.23499529e-05,-2.85161435e-05,-3.69272039e-05,-4.69646471e-05,5.9032137e-06,1.72953019e-05,4.92523783e-05
0.296,7.72006006e-06,3.35695277e-06,6.06481892e-06,2.19227656e-05,-4.1210731e-05,9.346286e-05,0.000114753707,0.000191363102,0.000173218662,0.000160018785,2.47269947e-06,1.00152688e-06,-5.841665e-06,-1.21577513e-05,-2.70129492e-05,-3.58859279e-05,-4.58333275e-05,4.74345213e-06,1.59246543e-05,4.70094177e-05
0.297,7.92923226e-06,3.42924485e-06,5.77405651e-06,2.08424569e-05,-4.00709351e-05,8.96415633e-05,0.000110458485,0.000185022892,0.000168216707,0.000155908026,2.57572857e-06,1.08930859e-06,-5.69001048e-06,-1.19565607e-05,-2.55802447e-05,-3.48709855e-05,-4.47210298e-05,3.66262502e-06,1.46278415e-05,4.48584845e-05
0.298,8.14071836e-06,3.5048573e-06,5.49240448e-06,1.9803466e-05,-3.89592716e-05,8.59865072e-05,0.000106331914,0.000178900797,0.00016335851,0.000151894727,2.67741075e-06,1.17626624e-06,-5.53567336e-06,-1.17472831e-05,-2.42146382e-05,-3.38819726e-05,-4.36281042e-05,2.65619369e-06,1.34013122e-05,4.27960845e-05
0.299,8.35454494e-06,3.58376557e-06,5.21963904e-06,1.88043774e-05,-3.78751572e-05,8.24899916e-05,0.000102367096,0.00017298922,0.000158640275,0.000147977247,2.77778914e-06,1.26241468e-06,-5.37884173e-06,-1.1530758e-05,-2.29129085e-05,-3.29184628e-05,-4.25548288e-05,1.71986747e-06,1.22416748e-05,4.08188405e-05
0.3,8.57073934e-06,3.66594559e-06,4.95554013e-06,1.78438296e-05,-3.68180057e-05,7.91446984e-05,9.85574187e-05,0.000167280816,0.000154058278,0.000144153923,2.87690496e-06,1.3477676e-06,-5.21969007e-06,-1.13077685e-05,-2.16719972e-05,-3.198001e-05,-4.15014159e-05,8.4959044e-07,1.11456911e-05,3.89234892e-05
0.301,8.78932961e-06,3.75137502e-06,4.69989233e-06,1.69205058e-05,-3.57872256e-05,7.5943673e-05,9.4896549e-05,0.000161768489,0.00014960886,0.000140423075,2.97479791e-06,1.43233859e-06,-5.05838126e-06,-1.10790517e-05,-2.04890011e-05,-3.10661507e-05,-4.04680164e-05,4.15289082e-08,1.01102694e-05,3.71068789e-05
0.302,9.01034422e-06,3.84003425e-06,4.45248707e-06,1.60331257e-05,-3.47822149e-05,7.28803053e-05,9.13784148e-05,0.000156445376,0.000145288433,0.000136783006,3.07150679e-06,1.51614246e-06,-4.89506911e-06,-1.08453099e-05,-1.93611653e-05,-3.01764053e-05,-3.94547251e-05,-7.07940655e-07,9.13245814e-06,3.5365966e-05
0.303,9.23381136e-06,3.93190607e-06,4.21312491e-06,1.51804473e-05,-3.38023654e-05,6.99483094e-05,8.79971984e-05,0.000151304848,0.000141093479,0.000133232012,3.16706968e-06,1.5991941e-06,-4.72990061e-06,-1.06072059e-05,-1.82858741e-05,-2.93102844e-05,-3.84615871e-05,-1.40224289e-06,8.20944049e-06,3.36978127e-05
0.304,9.45975863e-06,4.02697493e-06,3.98161594e-06,1.43612701e-05,-3.28470652e-05,6.71417063e-05,8.47473269e-05,0.000146340506,0.000137020552,0.00012976838,3.26152393e-06,1.68150782e-06,-4.56301695e-06,-1.03653605e-05,-1.72606438e-05,-2.84672923e-05,-3.74886034e-05,-2.04461428e-06,7.33852867e-06,3.20995842e-05
0.305,9.68821276e-06,4.12522658e-06,3.75777968e-06,1.35744357e-05,-3.19157007e-05,6.44548071e-05,8.16234619e-05,0.000141546167,0.000133066283,0.000126390399,3.35490622e-06,1.76309733e-06,-4.39455435e-06,-1.01203544e-05,-1.62831165e-05,-2.764693e-05,-3.65357349e-05,-2.63811322e-06,6.5171585e-06,3.05685462e-05
0.306,9.91919952e-06,4.22664794e-06,3.5414449e-06,1.28188265e-05,-3.10076582e-05,6.18821984e-05,7.8620489e-05,0.000136915866,0.000129227376,0.000123096357,3.44725275e-06,1.84397585e-06,-4.22464485e-06,-9.87273082e-06,-1.53510544e-05,-2.6848696e-05,-3.56029062e-05,-3.18562961e-06,5.74288403e-06,2.91020618e-05
0.307,1.01527435e-05,4.33122707e-06,3.33244942e-06,1.20933646e-05,-3.01223248e-05,5.94187286e-05,7.57335088e-05,0.000132443842,0.000125500607,0.000119884546,3.53859936e-06,1.92415641e-06,-4.05341717e-06,-9.62299887e-06,-1.44623336e-05,-2.6072088e-05,-3.46900092e-05,-3.68989395e-06,5.01337237e-06,2.76975888e-05
0.308,1.03888682e-05,4.43895318e-06,3.13063974e-06,1.13970087e-05,-2.92590898e-05,5.70594951e-05,7.29578278e-05,0.000128124536,0.000121882829,0.000116753265,3.6289817e-06,2.00365218e-06,-3.88099719e-06,-9.37163751e-06,-1.36149382e-05,-2.53166042e-05,-3.37969061e-05,-4.15348607e-06,4.32639874e-06,2.6352677e-05
0.309,1.06275959e-05,4.54981644e-06,2.93586911e-06,1.07287526e-05,-2.84173473e-05,5.47998295e-05,7.02889522e-05,0.000123952586,0.00011837097,0.000113700824,3.71843513e-06,2.08247735e-06,-3.70750683e-06,-9.11910098e-06,-1.28069505e-05,-2.45817437e-05,-3.29234342e-05,-4.578844e-06,3.679842e-06,2.50649655e-05
0.31,1.08689481e-05,4.66380789e-06,2.74799495e-06,1.00876241e-05,-2.75965002e-05,5.26352837e-05,6.77225814e-05,0.000119922822,0.000114962035,0.000110725546,3.80699434e-06,2.16064815e-06,-3.53306127e-06,-8.86582408e-06,-1.20365435e-05,-2.38670079e-05,-3.20694089e-05,-4.96827236e-06,3.0716803e-06,2.383218e-05
0.311,1.11129452e-05,4.78091939e-06,2.56687937e-06,9.47268525e-06,-2.67959602e-05,5.05616199e-05,6.52545971e-05,0.000116030257,0.000111653105,0.000107825769,3.89469316e-06,2.23818258e-06,-3.35776841e-06,-8.61222202e-06,-1.13019769e-05,-2.31719004e-05,-3.12346256e-05,-5.32394897e-06,2.49998649e-06,2.26521301e-05
0.312,1.13596061e-05,4.90114333e-06,2.39239099e-06,8.88303473e-06,-2.60151462e-05,4.85748027e-05,6.28810519e-05,0.000112270081,0.000108441335,0.000104999845,3.98156465e-06,2.31509942e-06,-3.18173044e-06,-8.35868608e-06,-1.0601596e-05,-2.24959283e-05,-3.04188608e-05,-5.64793069e-06,1.96292358e-06,2.15227066e-05
0.313,1.16089478e-05,5.02447276e-06,2.22440509e-06,8.3178046e-06,-2.5253484e-05,4.6670991e-05,6.05981614e-05,0.00010863765,0.000105323945,0.000102246143,4.06764115e-06,2.39141843e-06,-3.00504426e-06,-8.10558712e-06,-9.9338291e-06,-2.18386024e-05,-2.96218729e-05,-5.94215961e-06,1.45874067e-06,2.04418786e-05
0.314,1.18609855e-05,5.15090153e-06,2.06280355e-06,7.77615788e-06,-2.45104066e-05,4.48465282e-05,5.84022976e-05,0.000105128479,0.000102298226,9.95630513e-05,4.15295433e-06,2.46716096e-06,-2.82780147e-06,-7.85327977e-06,-9.29718287e-06,-2.11994374e-05,-2.88434052e-05,-6.20846921e-06,9.85769188e-07,1.94076914e-05
0.315,1.21157323e-05,5.28042434e-06,1.9074751e-06,7.25728704e-06,-2.37853548e-05,4.30979337e-05,5.62899823e-05,0.000101738244,9.93615372e-05,9.69489748e-05,4.23753522e-06,2.54235033e-06,-2.6500883e-06,-7.60210554e-06,-8.69023765e-06,-2.05779529e-05,-2.80831872e-05,-6.44859033e-06,5.42419225e-07,1.84182639e-05
0.316,1.2373199e-05,5.41303653e-06,1.75831555e-06,6.76041378e-06,-2.30777774e-05,4.14218932e-05,5.42578811e-05,9.84627703e-05,9.65113024e-05,9.44023397e-05,4.32141422e-06,2.61701211e-06,-2.4719855e-06,-7.35239522e-06,-8.11164285e-06,-1.99736732e-05,-2.73409368e-05,-6.66415672e-06,1.27176071e-07,1.74717861e-05
0.317,1.26333924e-05,5.5487334e-06,1.61522809e-06,6.28478774e-06,-2.2387136e-05,3.98152462e-05,5.23027902e-05,9.52980234e-05,9.37450125e-05,9.19215971e-05,4.40462109e-06,2.69117492e-06,-2.29356763e-06,-7.10446944e-06,-7.56011145e-06,-1.93861278e-05,-2.66163626e-05,-6.8567116e-06,-2.61404518e-07,1.65665165e-05
0.318,1.28963172e-05,5.6875101e-06,1.47812476e-06,5.82969091e-06,-2.17129035e-05,3.82749811e-05,5.04216373e-05,9.2240112e-05,9.10602241e-05,8.95052216e-05,4.48718505e-06,2.76486961e-06,-2.11490361e-06,-6.85863906e-06,-7.03441595e-06,-1.88148532e-05,-2.59091656e-05,-7.02771158e-06,-6.24698354e-07,1.57007799e-05
0.319,1.31619782e-05,5.82936125e-06,1.34692723e-06,5.39444507e-06,-2.10545581e-05,3.67982317e-05,4.86114854e-05,8.92852888e-05,8.84545586e-05,8.71517053e-05,4.56913486e-06,2.83812798e-06,-1.93605823e-06,-6.61520555e-06,-6.53338485e-06,-1.82593947e-05,-2.52190409e-05,-7.1785297e-06,-9.64013977e-07,1.48729658e-05
0.32,1.34303792e-05,5.9742798e-06,1.22156618e-06,4.97841422e-06,-2.04115847e-05,3.53822679e-05,4.68695242e-05,8.6429943e-05,8.59257004e-05,8.48595602e-05,4.65049871e-06,2.91098303e-06,-1.75709203e-06,-6.37445997e-06,-6.0558987e-06,-1.77193066e-05,-2.45456793e-05,-7.31046048e-06,-1.28059619e-06,1.40815257e-05
0.321,1.37015218e-05,6.12225595e-06,1.10198063e-06,4.58100725e-06,-1.97834776e-05,3.40244864e-05,4.51930632e-05,8.36705954e-05,8.34713958e-05,8.26273195e-05,4.73130408e-06,2.98346888e-06,-1.5780607e-06,-6.1366814e-06,-5.60088683e-06,-1.71941524e-05,-2.38887683e-05,-7.42472466e-06,-1.57562935e-06,1.33249711e-05
0.322,1.39754062e-05,6.27327633e-06,9.88117018e-07,4.20168036e-06,-1.91697417e-05,3.27224036e-05,4.35795256e-05,8.10038929e-05,8.10894523e-05,8.04535389e-05,4.81157759e-06,3.05562047e-06,-1.39901454e-06,-5.90213508e-06,-5.1673243e-06,-1.66835056e-05,-2.32479933e-05,-7.52247325e-06,-1.85024019e-06,1.26018716e-05
0.323,1.42520307e-05,6.42732345e-06,8.799282e-07,3.83993731e-06,-1.85698942e-05,3.14736492e-05,4.20264441e-05,7.84266044e-05,7.87777371e-05,7.83367972e-05,4.89134489e-06,3.12747336e-06,-1.2199979e-06,-5.67107173e-06,-4.75422928e-06,-1.61869498e-05,-2.26230389e-05,-7.60479147e-06,-2.10550048e-06,1.19108522e-05
0.324,1.45313918e-05,6.58437548e-06,7.77372458e-07,3.49532852e-06,-1.79834656e-05,3.02759609e-05,4.05314549e-05,7.59356161e-05,7.65341759e-05,7.62756966e-05,4.97063048e-06,3.19906341e-06,-1.04104894e-06,-5.44372594e-06,-4.36066121e-06,-1.57040792e-05,-2.20135892e-05,-7.67270224e-06,-2.34242965e-06,1.12505922e-05
0.325,1.48134847e-05,6.74440617e-06,6.8041343e-07,3.16744928e-06,-1.74100002e-05,2.91271792e-05,3.90922918e-05,7.35279247e-05,7.43567499e-05,7.42688631e-05,5.04945783e-06,3.27042616e-06,-8.62200744e-07,-5.2203133e-06,-3.98572119e-06,-1.52344988e-05,-2.14193283e-05,-7.72716916e-06,-2.56199741e-06,1.06198224e-05
0.326,1.50983032e-05,6.90738493e-06,5.89019532e-07,2.85593643e-06,-1.68490577e-05,2.80252429e-05,3.77067782e-05,7.12006313e-05,7.2243494e-05,7.23149479e-05,5.12784934e-06,3.3415963e-06,-6.83481456e-07,-5.00102752e-06,-3.62855236e-06,-1.47778247e-05,-2.08399395e-05,-7.76909958e-06,-2.76512652e-06,1.00173238e-05
0.327,1.53858401e-05,7.07327668e-06,5.03161288e-07,2.56046467e-06,-1.63002156e-05,2.69681818e-05,3.63728221e-05,6.89509363e-05,7.01924974e-05,7.04126296e-05,5.20582597e-06,3.41260757e-06,-5.04912156e-07,-4.78603922e-06,-3.28833667e-06,-1.43336841e-05,-2.0275107e-05,-7.79934842e-06,-2.95269539e-06,9.44192492e-06
0.328,1.5676088e-05,7.24204211e-06,4.2280874e-07,2.28074205e-06,-1.57630711e-05,2.59541107e-05,3.50884141e-05,6.67761381e-05,6.82019036e-05,6.85606149e-05,5.28340679e-06,3.48349265e-06,-3.26505124e-07,-4.57549531e-06,-2.96429097e-06,-1.39017152e-05,-1.97245166e-05,-7.8187215e-06,-3.12554011e-06,8.89250028e-06
0.329,1.59690395e-05,7.4136383e-06,3.47929986e-07,2.01650407e-06,-1.52372412e-05,2.49812269e-05,3.38516251e-05,6.46736298e-05,6.62699099e-05,6.67576387e-05,5.36060888e-06,3.55428269e-06,-1.48263793e-07,-4.36951794e-06,-2.65566509e-06,-1.34815674e-05,-1.91878567e-05,-7.82797828e-06,-3.2844563e-06,8.36796874e-06
0.33,1.62646877e-05,7.58801975e-06,2.78490122e-07,1.7675064e-06,-1.47223614e-05,2.40478067e-05,3.26606029e-05,6.26408955e-05,6.43947655e-05,6.50024632e-05,5.43744727e-06,3.62500685e-06,2.98165984e-08,-4.16820355e-06,-2.36174097e-06,-1.30729011e-05,-1.86648183e-05,-7.82783421e-06,-3.43020094e-06,7.86729171e-06
0.331,1.65630266e-05,7.76513963e-06,2.14450455e-07,1.53351611e-06,-1.42180856e-05,2.31522039e-05,3.15135701e-05,6.06755077e-05,6.25747701e-05,6.3293878e-05,5.51393494e-06,3.69569196e-06,2.07748099e-07,-3.97162269e-06,-2.08183227e-06,-1.2675388e-05,-1.81550954e-05,-7.81896304e-06,-3.56349418e-06,7.38947165e-06
0.332,1.68640516e-05,7.94495111e-06,1.55767996e-07,1.3143028e-06,-1.37240841e-05,2.22928473e-05,3.04088209e-05,5.87751236e-05,6.08082729e-05,6.16306997e-05,5.5900829e-06,3.76636218e-06,3.85549056e-07,-3.7798201e-06,-1.81528408e-06,-1.22887106e-05,-1.7658385e-05,-7.80199905e-06,-3.68502099e-06,6.93355051e-06
0.333,1.71677592e-05,8.12740814e-06,1.02394981e-07,1.10963468e-06,-1.3240043e-05,2.14682381e-05,2.93447203e-05,5.69374839e-05,5.90936711e-05,6.00117709e-05,5.66590026e-06,3.83703803e-06,5.63242411e-07,-3.59281163e-06,-1.5614723e-06,-1.19125631e-05,-1.71743879e-05,-7.77753907e-06,-3.79543261e-06,6.49860837e-06
0.334,1.7474148e-05,8.31246616e-06,5.4278525e-08,9.19275386e-07,-1.27656616e-05,2.06769485e-05,2.83197032e-05,5.51604106e-05,5.74294082e-05,5.84359592e-05,5.74139442e-06,3.90773559e-06,7.4085298e-07,-3.41058243e-06,-1.3198034e-06,-1.15466515e-05,-1.67028091e-05,-7.74614431e-06,-3.89534778e-06,6.08376221e-06
0.335,1.7783218e-05,8.50008308e-06,1.13605641e-08,7.42979727e-07,-1.23006505e-05,1.99176196e-05,2.73322729e-05,5.34418053e-05,5.58139724e-05,5.69021561e-05,5.81657154e-06,3.97846604e-06,9.18404606e-07,-3.23308728e-06,-1.08971492e-06,-1.11906936e-05,-1.62433579e-05,-7.70834215e-06,-3.98535403e-06,5.68816471e-06
0.336,1.80949714e-05,8.6902201e-06,-2.64220331e-08,5.80489064e-07,-1.18447306e-05,1.91889594e-05,2.63809973e-05,5.17796454e-05,5.42458949e-05,5.54092764e-05,5.89143694e-06,4.04923573e-06,1.09591803e-06,-3.06025312e-06,-8.70675788e-07,-1.08444187e-05,-1.57957477e-05,-7.66462798e-06,-4.06600932e-06,5.31100286e-06
0.337,1.84094124e-05,8.88284254e-06,-5.9137167e-08,4.31527364e-07,-1.13976318e-05,1.84897393e-05,2.54645065e-05,5.01719816e-05,5.27237493e-05,5.39562587e-05,5.96599558e-06,4.12004663e-06,1.2734091e-06,-2.89198352e-06,-6.62186114e-07,-1.05075663e-05,-1.53596964e-05,-7.61546718e-06,-4.13784346e-06,4.95149663e-06
0.338,1.87265473e-05,9.07792049e-06,-8.6856966e-08,2.95798561e-07,-1.0959092e-05,1.78187922e-05,2.45814894e-05,4.86169351e-05,5.12461505e-05,5.25420649e-05,6.04025252e-06,4.190897e-06,1.45088724e-06,-2.72816448e-06,-4.63776531e-07,-1.01798852e-05,-1.49349256e-05,-7.56129692e-06,-4.20135963e-06,4.60889768e-06
0.339,1.90463846e-05,9.27542913e-06,-1.09657068e-07,1.729856e-07,-1.05288565e-05,1.71750088e-05,2.37306912e-05,4.7112695e-05,4.98117537e-05,5.116568e-05,6.11421339e-06,4.26178234e-06,1.62835436e-06,-2.56867107e-06,-2.75006868e-07,-9.86113206e-06,-1.45211612e-05,-7.50252802e-06,-4.25703568e-06,4.28248816e-06
0.34,1.93689345e-05,9.47534862e-06,-1.27615915e-07,6.2751331e-08,-1.01066764e-05,1.65573339e-05,2.29109115e-05,4.56575171e-05,4.84192553e-05,4.98261127e-05,6.18788464e-06,4.33269643e-06,1.80580529e-06,-2.41337459e-06,-9.54631233e-08,-9.55107015e-06,-1.41181337e-05,-7.43954704e-06,-4.30532551e-06,3.97157943e-06
0.341,1.9694209e-05,9.67766324e-06,-1.40813777e-07,-3.52592693e-08,-9.6923085e-06,1.59647629e-05,2.21210018e-05,4.42497233e-05,4.70673938e-05,4.85223935e-05,6.26127371e-06,4.40363232e-06,1.98322913e-06,-2.26214872e-06,7.52455194e-08,-9.24946866e-06,-1.37255785e-05,-7.37271793e-06,-4.34666001e-06,3.67551085e-06
0.342,2.00222219e-05,9.88236061e-06,-1.4933111e-07,-1.21415478e-07,-9.28551455e-06,1.53963389e-05,2.1359862e-05,4.28876979e-05,4.57549481e-05,4.72535726e-05,6.33438941e-06,4.4745832e-06,2.16060906e-06,-2.11487421e-06,2.37487194e-07,-8.95610219e-06,-1.33432352e-05,-7.30238283e-06,-4.3814481e-06,3.39364861e-06
0.343,2.03529891e-05,1.00894314e-05,-1.5324688e-07,-1.96098308e-07,-8.88606016e-06,1.48511506e-05,2.06264369e-05,4.15698847e-05,4.44807355e-05,4.60187191e-05,6.40724235e-06,4.54554329e-06,2.3379215e-06,-1.97144368e-06,3.91607289e-07,-8.67075002e-06,-1.29708469e-05,-7.22886297e-06,-4.41007775e-06,3.12538481e-06
0.344,2.06865278e-05,1.02988691e-05,-1.52637359e-07,-2.59696952e-07,-8.49371407e-06,1.43283299e-05,1.9919714e-05,4.02947841e-05,4.32436096e-05,4.48169206e-05,6.47984506e-06,4.61650865e-06,2.51513605e-06,-1.8317653e-06,5.37929838e-07,-8.39319544e-06,-1.26081602e-05,-7.15245975e-06,-4.43291708e-06,2.87013642e-06
0.345,2.10228566e-05,1.05106692e-05,-1.47575094e-07,-3.12604292e-07,-8.10824762e-06,1.38270492e-05,1.92387213e-05,3.90609509e-05,4.20424599e-05,4.36472838e-05,6.5522121e-06,4.68747765e-06,2.69221602e-06,-1.69576498e-06,6.76759379e-07,-8.12322538e-06,-1.22549253e-05,-7.07345603e-06,-4.4503154e-06,2.62734446e-06
0.346,2.13619951e-05,1.07248285e-05,-1.38128029e-07,-3.55212078e-07,-7.72943437e-06,1.33465178e-05,1.85825257e-05,3.78669926e-05,4.08762102e-05,4.25089344e-05,6.62435999e-06,4.75845139e-06,2.86911892e-06,-1.56338697e-06,8.08382635e-07,-7.86063026e-06,-1.19108964e-05,-6.99211716e-06,-4.46260414e-06,2.396473e-06
0.347,2.17039637e-05,1.09413446e-05,-1.24358847e-07,-3.87906128e-07,-7.35705016e-06,1.28859803e-05,1.79502303e-05,3.67115667e-05,3.97438169e-05,4.1401017e-05,6.69630722e-06,4.82943375e-06,3.04579661e-06,-1.43459313e-06,9.33069392e-07,-7.60520412e-06,-1.15758315e-05,-6.90869187e-06,-4.47009774e-06,2.17700836e-06
0.348,2.2048783e-05,1.11602162e-05,-1.06324139e-07,-4.11060938e-07,-6.99087376e-06,1.24447126e-05,1.73409712e-05,3.55933761e-05,3.86442669e-05,4.03226992e-05,6.76807402e-06,4.90043151e-06,3.22219502e-06,-1.30936138e-06,1.05107315e-06,-7.35674388e-06,-1.12494926e-05,-6.82341342e-06,-4.47309523e-06,1.96845801e-06
0.349,2.23964718e-05,1.13814438e-05,-8.40735124e-08,-4.25034784e-07,-6.63068759e-06,1.20220183e-05,1.67539136e-05,3.45111643e-05,3.75765749e-05,3.92731778e-05,6.8396818e-06,4.97145423e-06,3.39825474e-06,-1.18768407e-06,1.16263301e-06,-7.11504802e-06,-1.09316457e-05,-6.73650132e-06,-4.471882e-06,1.77034933e-06
0.35,2.27470469e-05,1.16050306e-05,-5.76493869e-08,-4.3016734e-07,-6.27627799e-06,1.16172261e-05,1.61882504e-05,3.34637135e-05,3.65397836e-05,3.82516799e-05,6.91115275e-06,5.04251413e-06,3.57391223e-06,-1.0695664e-06,1.26797587e-06,-6.8799163e-06,-1.06220615e-05,-6.64816247e-06,-4.46673076e-06,1.58222856e-06
0.351,2.31005222e-05,1.18309816e-05,-2.70872434e-08,-4.26779287e-07,-5.92743537e-06,1.12296889e-05,1.56432017e-05,3.24498445e-05,3.5532963e-05,3.72574622e-05,6.98250965e-06,5.11362591e-06,3.74910067e-06,-9.55024657e-07,1.36731784e-06,-6.65115024e-06,-1.03205156e-05,-6.55859168e-06,-4.45790191e-06,1.40365988e-06
0.352,2.34569092e-05,1.20593041e-05,7.58397835e-09,-4.15172791e-07,-5.58395446e-06,1.08587835e-05,1.51180142e-05,3.14684152e-05,3.45552097e-05,3.62898085e-05,7.05377581e-06,5.18480648e-06,3.9237504e-06,-8.44084332e-07,1.46086505e-06,-6.42855369e-06,-1.00267884e-05,-6.46797215e-06,-4.4456439e-06,1.2342247e-06
0.353,2.38162165e-05,1.22900078e-05,4.63412664e-08,-3.95632311e-07,-5.24563481e-06,1.05039095e-05,1.46119607e-05,3.05183196e-05,3.36056468e-05,3.53480285e-05,7.12497489e-06,5.25607485e-06,4.09778946e-06,-7.36778455e-07,1.54881442e-06,-6.21193328e-06,-9.74066515e-06,-6.37647582e-06,-4.4301935e-06,1.07352087e-06
0.354,2.41784501e-05,1.25231048e-05,8.91666431e-08,-3.68426181e-07,-4.9122816e-06,1.01644895e-05,1.41243394e-05,2.95984876e-05,3.26834223e-05,3.44314559e-05,7.19613093e-06,5.32745193e-06,4.2711437e-06,-6.33146145e-07,1.63135408e-06,-6.00109887e-06,-9.46193579e-06,-6.28426372e-06,-4.41177618e-06,9.21162022e-07
0.355,2.45436145e-05,1.27586089e-05,1.36045081e-07,-3.33809756e-07,-4.5837066e-06,9.83997033e-06,1.36544749e-05,2.87078852e-05,3.17877093e-05,3.35394432e-05,7.26726857e-06,5.39896061e-06,4.44373662e-06,-5.33231477e-07,1.70866307e-06,-5.79586505e-06,-9.19039493e-06,-6.19148575e-06,-4.39060565e-06,7.76777343e-07
0.356,2.49117147e-05,1.29965338e-05,1.86961275e-07,-2.92029752e-07,-4.25972833e-06,9.52982448e-06,1.3201722e-05,2.78455185e-05,3.09177066e-05,3.26713526e-05,7.33841373e-06,5.47062568e-06,4.61548928e-06,-4.37082881e-07,1.78091136e-06,-5.5960533e-06,-8.92584205e-06,-6.09828044e-06,-4.36688298e-06,6.40011674e-07
0.357,2.5282758e-05,1.32368918e-05,2.41897445e-07,-2.43328172e-07,-3.94017203e-06,9.23355054e-06,1.27654658e-05,2.70104345e-05,3.00726387e-05,3.18265527e-05,7.40959392e-06,5.54247404e-06,4.7863211e-06,-3.44752998e-07,1.84826088e-06,-5.40149269e-06,-8.66808178e-06,-6.00477538e-06,-4.34079658e-06,5.10525327e-07
0.358,2.5656754e-05,1.34796938e-05,3.00832368e-07,-1.87945972e-07,-3.62487016e-06,8.9506718e-06,1.23451213e-05,2.62017194e-05,2.92517555e-05,3.1004419e-05,7.48083814e-06,5.61453466e-06,4.95615056e-06,-2.56298448e-07,1.91086681e-06,-5.21201948e-06,-8.4169241e-06,-5.91108818e-06,-4.31252299e-06,3.87993524e-07
0.359,2.60337154e-05,1.37249507e-05,3.63740476e-07,-1.26127133e-07,-3.313663e-06,8.6807353e-06,1.19401312e-05,2.54184966e-05,2.84543308e-05,3.02043351e-05,7.55217684e-06,5.68683862e-06,5.12489571e-06,-1.71779285e-07,1.96887849e-06,-5.02747672e-06,-8.1721844e-06,-5.81732726e-06,-4.2822277e-06,2.72105849e-07
0.36,2.64136581e-05,1.39726732e-05,4.30591014e-07,-5.81230154e-08,-3.00639921e-06,8.42331094e-06,1.15499654e-05,2.4659925e-05,2.76796621e-05,2.9425693e-05,7.62364175e-06,5.75941912e-06,5.29247467e-06,-9.12580983e-08,2.02244018e-06,-4.84771398e-06,-7.93368349e-06,-5.72359262e-06,-4.25006583e-06,1.62565701e-07
0.361,2.67966019e-05,1.42228726e-05,5.01347584e-07,1.58031296e-08,-2.70293588e-06,8.17799066e-06,1.11741192e-05,2.39251974e-05,2.69270693e-05,2.86678947e-05,7.69526584e-06,5.8323112e-06,5.45880609e-06,-1.47986302e-08,2.07169208e-06,-4.67258709e-06,-7.70124775e-06,-5.62997652e-06,-4.21618284e-06,5.90897331e-08
0.362,2.71825693e-05,1.44755623e-05,5.75968843e-07,9.53725708e-08,-2.40313837e-06,7.94438683e-06,1.08121116e-05,2.32135378e-05,2.61958945e-05,2.79303543e-05,7.76708284e-06,5.90555132e-06,5.62381005e-06,5.75361951e-08,2.11677178e-06,-4.50195738e-06,-7.47470921e-06,-5.53656451e-06,-4.18071561e-06,-3.85929414e-08
0.363,2.75715851e-05,1.47307594e-05,6.54409807e-07,1.80290206e-07,-2.10688076e-06,7.72213004e-06,1.04634816e-05,2.25241973e-05,2.54855006e-05,2.72125032e-05,7.83912659e-06,5.97917686e-06,5.7874087e-06,1.25686546e-07,2.15781536e-06,-4.33569053e-06,-7.25390537e-06,-5.4434363e-06,-4.1437937e-06,-1.30741785e-07
0.364,2.79636751e-05,1.49884864e-05,7.36622113e-07,2.70244043e-07,-1.81404653e-06,7.51086758e-06,1.01277863e-05,2.18564515e-05,2.47952695e-05,2.65137915e-05,7.91143065e-06,6.05322588e-06,5.94952664e-06,1.89598193e-07,2.19495767e-06,-4.1736561e-06,-7.03867874e-06,-5.35066609e-06,-4.10554003e-06,-2.17605576e-07
0.365,2.83588671e-05,1.52487713e-05,8.22553505e-07,3.64904764e-07,-1.52452899e-06,7.31026291e-06,9.80459971e-06,2.12095995e-05,2.41246014e-05,2.58336867e-05,7.98402811e-06,6.12773671e-06,6.1100911e-06,2.49225101e-07,2.22833235e-06,-4.01572787e-06,-6.8288767e-06,-5.25832272e-06,-4.06607115e-06,-2.99422847e-07
0.366,2.87571905e-05,1.55116483e-05,9.1214748e-07,4.63925825e-07,-1.23823118e-06,7.11999488e-06,9.49351269e-06,2.05829629e-05,2.34729144e-05,2.51716736e-05,8.05695145e-06,6.20274744e-06,6.2690322e-06,3.04532088e-07,2.25807216e-06,-3.86178403e-06,-6.62435143e-06,-5.16646991e-06,-4.02549746e-06,-3.76422305e-07
0.367,2.91586766e-05,1.57771571e-05,1.0053431e-06,5.66944251e-07,-9.55065726e-07,6.93975699e-06,9.19413214e-06,1.99758857e-05,2.2839644e-05,2.45272532e-05,8.1302323e-06,6.27829534e-06,6.42628311e-06,3.55497579e-07,2.28430931e-06,-3.71170742e-06,-6.42495992e-06,-5.07516647e-06,-3.98392344e-06,-4.48823224e-07
0.368,2.9563358e-05,1.60453438e-05,1.10207515e-06,6.73582124e-07,-6.74953949e-07,6.76925655e-06,8.90608053e-06,1.93877336e-05,2.22242427e-05,2.38999421e-05,8.20390135e-06,6.35441625e-06,6.58178028e-06,4.0211639e-07,2.30717585e-06,-3.56538581e-06,-6.23056398e-06,-4.98446662e-06,-3.94144788e-06,-5.16835843e-07
0.369,2.9971269e-05,1.63162595e-05,1.20227438e-06,7.83448688e-07,-3.97824236e-07,6.60821394e-06,8.62899559e-06,1.8817894e-05,2.16261798e-05,2.3289272e-05,8.27798817e-06,6.43114377e-06,6.7354638e-06,4.44402371e-07,2.32680422e-06,-3.42271201e-06,-6.04103042e-06,-4.89442031e-06,-3.89816407e-06,-5.80661688e-07
0.37,3.03824455e-05,1.65899605e-05,1.30586719e-06,8.96143168e-07,-1.23610869e-07,6.45636213e-06,8.36253012e-06,1.82657754e-05,2.10449413e-05,2.26947882e-05,8.35252115e-06,6.5085088e-06,6.88727761e-06,4.82390714e-07,2.34332754e-06,-3.28358422e-06,-5.85623114e-06,-4.80507338e-06,-3.8541599e-06,-6.40493804e-07
0.371,3.07969247e-05,1.68665077e-05,1.4127752e-06,1.01125847e-06,1.47746204e-07,6.31344571e-06,8.10635127e-06,1.77308077e-05,2.04800285e-05,2.21160488e-05,8.42752731e-06,6.58653918e-06,7.03716995e-06,5.16139809e-07,2.35688e-06,-3.14790615e-06,-5.67604305e-06,-4.71646774e-06,-3.80951798e-06,-6.96517025e-07
0.372,3.12147456e-05,1.71459664e-05,1.52291515e-06,1.12838484e-06,4.16301681e-07,6.17921988e-06,7.8601397e-06,1.72124405e-05,1.99309581e-05,2.15526247e-05,8.5030321e-06,6.66525936e-06,7.18509384e-06,5.45732816e-07,2.36759722e-06,-3.0155869e-06,-5.500348e-06,-4.62864161e-06,-3.76431592e-06,-7.4890829e-07
0.373,3.16359484e-05,1.74284057e-05,1.63619916e-06,1.24711135e-06,6.82105548e-07,6.05344981e-06,7.62358886e-06,1.67101428e-05,1.93972613e-05,2.10040988e-05,8.57905916e-06,6.74468983e-06,7.33100772e-06,5.71279994e-07,2.37561676e-06,-2.88654109e-06,-5.32903272e-06,-4.54162968e-06,-3.71862651e-06,-7.97836961e-07
0.374,3.20605748e-05,1.7713899e-05,1.752535e-06,1.36702756e-06,9.45203596e-07,5.93590995e-06,7.39640431e-06,1.62234023e-05,1.88784835e-05,2.04700655e-05,8.65563008e-06,6.82484663e-06,7.47487614e-06,5.92920864e-07,2.38107866e-06,-2.76068876e-06,-5.16198876e-06,-4.4554634e-06,-3.67251796e-06,-8.43465121e-07
0.375,3.2488668e-05,1.80025233e-05,1.87182575e-06,1.48772609e-06,1.20563685e-06,5.82638315e-06,7.17830298e-06,1.57517244e-05,1.83741837e-05,1.99501306e-05,8.73276409e-06,6.90574111e-06,7.61667066e-06,6.10825787e-07,2.38412604e-06,-2.63795533e-06,-4.99911235e-06,-4.37017102e-06,-3.62605404e-06,-8.85947811e-07
0.376,3.29202734e-05,1.82943587e-05,1.99396938e-06,1.60880631e-06,1.46344032e-06,5.7246595e-06,6.9690125e-06,1.52946317e-05,1.7883934e-05,1.94439096e-05,8.81047786e-06,6.98737982e-06,7.75637056e-06,6.251972e-07,2.38490563e-06,-2.51827157e-06,-4.84030422e-06,-4.28577775e-06,-3.57929418e-06,-9.25433211e-07
0.377,3.33554387e-05,1.85894871e-05,2.11885947e-06,1.72987868e-06,1.71864343e-06,5.63053509e-06,6.76827072e-06,1.4851664e-05,1.74073196e-05,1.89510274e-05,8.88878552e-06,7.06976393e-06,7.89396297e-06,6.36270776e-07,2.38356845e-06,-2.40157343e-06,-4.68546951e-06,-4.20230597e-06,-3.53229369e-06,-9.62062834e-07
0.378,3.37942134e-05,1.88879903e-05,2.24638643e-06,1.85056961e-06,1.97127188e-06,5.54381105e-06,6.57582501e-06,1.44223778e-05,1.69439393e-05,1.84711177e-05,8.96769856e-06,7.15288849e-06,8.02944269e-06,6.44316372e-07,2.3802703e-06,-2.28780186e-06,-4.53451782e-06,-4.11977561e-06,-3.485104e-06,-9.95971804e-07
0.379,3.42366483e-05,1.91899494e-05,2.37643861e-06,1.97052662e-06,2.22134927e-06,5.46429262e-06,6.39143158e-06,1.40063459e-05,1.64934052e-05,1.80038234e-05,9.04722569e-06,7.23674199e-06,8.16281243e-06,6.49638347e-07,2.37517239e-06,-2.17690233e-06,-4.38736316e-06,-4.03820446e-06,-3.43777292e-06,-1.02728911e-06
0.38,3.46827956e-05,1.94954435e-05,2.50890316e-06,2.08942374e-06,2.4688985e-06,5.39178826e-06,6.2148546e-06,1.36031566e-05,1.60553419e-05,1.75487962e-05,9.12737276e-06,7.3213061e-06,8.29408314e-06,6.52575068e-07,2.36844176e-06,-2.06882439e-06,-4.24392383e-06,-3.95760842e-06,-3.39034494e-06,-1.05613785e-06
0.381,3.51327079e-05,1.9804549e-05,2.64366708e-06,2.20696679e-06,2.71394323e-06,5.32610882e-06,6.04586556e-06,1.32124133e-05,1.56293868e-05,1.71056969e-05,9.20814261e-06,7.4065557e-06,8.42327448e-06,6.53497537e-07,2.36025176e-06,-1.96352102e-06,-4.10412228e-06,-3.87800173e-06,-3.34286136e-06,-1.08263547e-06
0.382,3.55864381e-05,2.01173385e-05,2.78061794e-06,2.32289868e-06,2.95650943e-06,5.26706691e-06,5.88424242e-06,1.28337337e-05,1.52151892e-05,1.66741952e-05,9.28953495e-06,7.49245898e-06,8.55041514e-06,6.52806842e-07,2.35078215e-06,-1.86094785e-06,-3.96788484e-06,-3.79939726e-06,-3.29536065e-06,-1.106894e-06
0.383,3.6044038e-05,2.04338807e-05,2.91964421e-06,2.43700507e-06,3.19662755e-06,5.21447644e-06,5.72976887e-06,1.24667488e-05,1.48124097e-05,1.62539708e-05,9.37154619e-06,7.57897782e-06,8.67554335e-06,6.50929747e-07,2.34021882e-06,-1.76106202e-06,-3.83514146e-06,-3.72180678e-06,-3.24787877e-06,-1.12902046e-06
0.384,3.65055576e-05,2.075424e-05,3.06063587e-06,2.54911934e-06,3.43433458e-06,5.16815223e-06,5.58223353e-06,1.21111023e-05,1.44207195e-05,1.58447136e-05,9.45416938e-06,7.66606842e-06,8.79870755e-06,6.48313247e-07,2.32875288e-06,-1.66382105e-06,-3.70582515e-06,-3.6452412e-06,-3.20044943e-06,-1.14911711e-06
0.385,3.69710447e-05,2.1078476e-05,3.20348537e-06,2.65912687e-06,3.66967555e-06,5.12790975e-06,5.44142942e-06,1.17664496e-05,1.40398005e-05,1.54461232e-05,9.53739432e-06,7.75368208e-06,8.91996673e-06,6.45418391e-07,2.31658002e-06,-1.56918174e-06,-3.57987149e-06,-3.56971071e-06,-3.15310439e-06,-1.16728177e-06
0.386,3.74405445e-05,2.14066426e-05,3.34808862e-06,2.76696816e-06,3.90270473e-06,5.09356502e-06,5.30715353e-06,1.14324577e-05,1.36693441e-05,1.50579089e-05,9.62120772e-06,7.84176612e-06,9.03939052e-06,6.42713455e-07,2.30389967e-06,-1.47709923e-06,-3.45721806e-06,-3.49522489e-06,-3.10587363e-06,-1.18360802e-06
0.387,3.79140991e-05,2.17387872e-05,3.49434612e-06,2.87264076e-06,4.13348683e-06,5.06493466e-06,5.17920643e-06,1.11088043e-05,1.3309052e-05,1.4679789e-05,9.70559343e-06,7.93026491e-06,9.15705897e-06,6.40666731e-07,2.2909139e-06,-1.38752592e-06,-3.33780388e-06,-3.42179287e-06,-3.05878557e-06,-1.19818542e-06
0.388,3.83917469e-05,2.20749498e-05,3.64216463e-06,2.97619977e-06,4.36209873e-06,5.0418364e-06,5.05739207e-06,1.07951777e-05,1.29586352e-05,1.43114909e-05,9.79053289e-06,8.01912062e-06,9.27306148e-06,6.39739379e-07,2.27782597e-06,-1.30041062e-06,-3.22156881e-06,-3.34942337e-06,-3.01186733e-06,-1.21109975e-06
0.389,3.8873522e-05,2.24151622e-05,3.79145985e-06,3.07775738e-06,4.58863132e-06,5.02408961e-06,4.9415176e-06,1.04912765e-05,1.26178146e-05,1.39527501e-05,9.8760057e-06,8.10827405e-06,9.38749534e-06,6.4037823e-07,2.26483916e-06,-1.21569789e-06,-3.10845303e-06,-3.27812483e-06,-2.96514489e-06,-1.2224332e-06
0.39,3.93594553e-05,2.27594459e-05,3.94215855e-06,3.17748103e-06,4.81318941e-06,5.0115156e-06,4.83139338e-06,1.0196809e-05,1.22863209e-05,1.36033096e-05,9.96199017e-06,8.1976663e-06,9.5004651e-06,6.43007855e-07,2.25215636e-06,-1.13332723e-06,-2.99839652e-06,-3.20790537e-06,-2.91864317e-06,-1.23226443e-06
0.391,3.98495742e-05,2.31078132e-05,4.0941998e-06,3.27558964e-06,5.03589114e-06,5.00393818e-06,4.72683294e-06,9.9114932e-06,1.19638941e-05,1.3262919e-05,1.00484637e-05,8.28724055e-06,9.61208274e-06,6.480223e-07,2.23997947e-06,-1.05323215e-06,-2.89133852e-06,-3.13877275e-06,-2.87238616e-06,-1.24066871e-06
0.392,4.03439032e-05,2.34602673e-05,4.24753603e-06,3.37234803e-06,5.25686783e-06,5.00118456e-06,4.62765315e-06,9.63505572e-06,1.16502824e-05,1.29313347e-05,1.01354031e-05,8.37694369e-06,9.72246713e-06,6.55777503e-07,2.228508e-06,-9.75339404e-07,-2.787217e-06,-3.07073439e-06,-2.82639704e-06,-1.24771809e-06
0.393,4.08424638e-05,2.38168037e-05,4.40213398e-06,3.4680603e-06,5.476264e-06,5.00308653e-06,4.53367446e-06,9.36723153e-06,1.13452427e-05,1.26083193e-05,1.02227852e-05,8.46672754e-06,9.8317428e-06,6.66584659e-07,2.21793726e-06,-8.9956847e-07,-2.68596807e-06,-3.00379728e-06,-2.78069834e-06,-1.2534816e-06
0.394,4.13452743e-05,2.41774103e-05,4.5579756e-06,3.56306218e-06,5.69423707e-06,5.00948162e-06,4.44472117e-06,9.10776342e-06,1.10485391e-05,1.22936421e-05,1.03105871e-05,8.55655001e-06,9.94003871e-06,6.80704803e-07,2.20845658e-06,-8.25831321e-07,-2.58752563e-06,-2.93796793e-06,-2.73531203e-06,-1.25802543e-06
0.395,4.18523506e-05,2.454207e-05,4.71505842e-06,3.65771215e-06,5.91095682e-06,5.02021448e-06,4.36062187e-06,8.85640148e-06,1.07599433e-05,1.19870785e-05,1.03987869e-05,8.64637615e-06,1.00474874e-05,6.98344779e-07,2.20024723e-06,-7.54032407e-07,-2.49182093e-06,-2.87325222e-06,-2.6902596e-06,-1.26141317e-06
0.396,4.23637053e-05,2.49107632e-05,4.8733953e-06,3.75238174e-06,6.12660492e-06,5.03513848e-06,4.28120977e-06,8.61290237e-06,1.04792327e-05,1.16884105e-05,1.04873632e-05,8.73617869e-06,1.01542241e-05,7.19654847e-07,2.19347985e-06,-6.84068926e-07,-2.39878228e-06,-2.80965527e-06,-2.64556214e-06,-1.26370602e-06
0.397,4.28793472e-05,2.528347e-05,5.03301406e-06,3.84744604e-06,6.34137422e-06,5.05411723e-06,4.20632326e-06,8.37702899e-06,1.02061908e-05,1.13974272e-05,1.0576296e-05,8.82593829e-06,1.02603856e-05,7.44728057e-07,2.18831248e-06,-6.15831437e-07,-2.30833491e-06,-2.74718129e-06,-2.60124039e-06,-1.26496307e-06
0.398,4.3399282e-05,2.56601711e-05,5.19395723e-06,3.94327512e-06,6.55546722e-06,5.07702554e-06,4.1358063e-06,8.14855021e-06,9.94060625e-06,1.11139239e-05,1.06655665e-05,8.9156436e-06,1.03661084e-05,7.73601132e-07,2.18488906e-06,-5.49204706e-07,-2.22040099e-06,-2.68583343e-06,-2.55731466e-06,-1.26524136e-06
0.399,4.39235119e-05,2.60408498e-05,5.35628164e-06,4.04022612e-06,6.76909423e-06,5.10375016e-06,4.06950897e-06,7.9272407e-06,9.68227299e-06,1.08377025e-05,1.07551576e-05,9.00529121e-06,1.04715277e-05,8.06256684e-07,2.18333854e-06,-4.84068691e-07,-2.13489962e-06,-2.62561357e-06,-2.51380484e-06,-1.26459606e-06
0.4,4.44520362e-05,2.64254927e-05,5.52005766e-06,4.13863622e-06,6.98247133e-06,5.13419029e-06,4.00728784e-06,7.71288076e-06,9.43098971e-06,1.05685703e-05,1.08450536e-05,9.09488553e-06,1.05767757e-05,8.42626465e-07,2.18377429e-06,-4.20299617e-07,-2.0517471e-06,-2.56652218e-06,-2.47073025e-06,-1.26308056e-06
0.401,4.49848522e-05,2.68140911e-05,5.68536792e-06,4.23881703e-06,7.19581731e-06,5.16825749e-06,3.94900636e-06,7.5052563e-06,9.18655973e-06,1.03063406e-05,1.09352406e-05,9.18443859e-06,1.06819818e-05,8.82595281e-07,2.18629434e-06,-3.57770986e-07,-1.97085718e-06,-2.50855815e-06,-2.42810956e-06,-1.26074648e-06
0.402,4.55219557e-05,2.72066405e-05,5.85230588e-06,4.34105102e-06,7.40935048e-06,5.20587509e-06,3.89453524e-06,7.30415898e-06,8.94879106e-06,1.00508311e-05,1.10257064e-05,9.27396974e-06,1.07872706e-05,9.26006005e-07,2.19098237e-06,-2.96354611e-07,-1.89214138e-06,-2.4517187e-06,-2.38596063e-06,-1.25764367e-06
0.403,4.60633425e-05,2.76031397e-05,6.02097517e-06,4.44558828e-06,7.62328647e-06,5.24697768e-06,3.8437527e-06,7.10938643e-06,8.71749658e-06,9.80186414e-06,1.1116441e-05,9.36350451e-06,1.08927596e-05,9.72666608e-07,2.19790805e-06,-2.35921959e-07,-1.81550941e-06,-2.3959992e-06,-2.34430041e-06,-1.25382027e-06
0.404,4.66090084e-05,2.80035913e-05,6.19148858e-06,4.55264404e-06,7.83783705e-06,5.29151096e-06,3.79654469e-06,6.92074226e-06,8.49249407e-06,9.55926593e-06,1.12074363e-05,9.45307333e-06,1.09985573e-05,1.02235787e-06,2.20712716e-06,-1.76345574e-07,-1.7408696e-06,-2.34139312e-06,-2.30314484e-06,-1.24932268e-06
0.405,4.71589493e-05,2.8408001e-05,6.36396695e-06,4.66239712e-06,8.05320899e-06,5.33943133e-06,3.75280498e-06,6.73803611e-06,8.27360605e-06,9.32286695e-06,1.12986868e-05,9.54271038e-06,1.11047621e-05,1.07484068e-06,2.21868219e-06,-1.17500294e-07,-1.66812939e-06,-2.28789198e-06,-2.26250877e-06,-1.24419569e-06
0.406,4.77131617e-05,2.88163788e-05,6.5385379e-06,4.77498962e-06,8.26960278e-06,5.39070523e-06,3.71243508e-06,6.56108362e-06,8.06065966e-06,9.09250157e-06,1.13901886e-05,9.63245269e-06,1.12114618e-05,1.12986268e-06,2.23260334e-06,-5.92642429e-08,-1.5971959e-06,-2.23548534e-06,-2.22240584e-06,-1.23848244e-06
0.407,4.82716427e-05,2.92287379e-05,6.71533464e-06,4.89052727e-06,8.48721199e-06,5.44530864e-06,3.67534418e-06,6.38970642e-06,7.85348657e-06,8.86800809e-06,1.148194e-05,9.72233904e-06,1.13187338e-05,1.1871643e-06,2.24890937e-06,-1.51966036e-09,-1.52797636e-06,-2.18416086e-06,-2.18284843e-06,-1.23222448e-06
0.408,4.8834389e-05,2.96450959e-05,6.89449443e-06,5.00907993e-06,8.70622344e-06,5.50322673e-06,3.64144891e-06,6.22373203e-06,7.65192273e-06,8.64922895e-06,1.15739407e-05,9.81240904e-06,1.14266442e-05,1.24648417e-06,2.26760807e-06,5.58463462e-08,-1.46037861e-06,-2.13390443e-06,-2.14384768e-06,-1.22546181e-06
0.409,4.9401397e-05,3.00654766e-05,7.07615698e-06,5.13068176e-06,8.9268169e-06,5.56445358e-06,3.61067307e-06,6.06299356e-06,7.45580791e-06,8.43601079e-06,1.16661916e-05,9.90270241e-06,1.15352498e-05,1.30756353e-06,2.28869647e-06,1.12941186e-07,-1.39431142e-06,-2.08470019e-06,-2.10541337e-06,-1.218233e-06
0.41,4.99726627e-05,3.04899104e-05,7.26046321e-06,5.25533257e-06,9.14916423e-06,5.62899148e-06,3.58294743e-06,5.90732958e-06,7.26498545e-06,8.22820433e-06,1.17586949e-05,9.99325851e-06,1.16445985e-05,1.37014989e-06,2.31216172e-06,1.69866411e-07,-1.32968491e-06,-2.0365307e-06,-2.06755399e-06,-1.21057516e-06
0.411,5.05481818e-05,3.09184343e-05,7.44755416e-06,5.38299984e-06,9.37342874e-06,5.69685006e-06,3.55820944e-06,5.75658408e-06,7.07930226e-06,8.02566413e-06,1.18514534e-05,1.00841159e-05,1.17547299e-05,1.43400021e-06,2.33798231e-06,2.26717478e-07,-1.26641076e-06,-1.98937699e-06,-2.03027665e-06,-1.20252398e-06
0.412,5.11279501e-05,3.13510919e-05,7.63757014e-06,5.51362113e-06,9.59976487e-06,5.76804548e-06,3.53640288e-06,5.61060645e-06,6.8986088e-06,7.82824854e-06,1.19444706e-05,1.01753116e-05,1.18656756e-05,1.49888395e-06,2.36612892e-06,2.83583547e-07,-1.20440252e-06,-1.94321874e-06,-1.99358714e-06,-1.19411374e-06
0.413,5.17119628e-05,3.17879324e-05,7.83065006e-06,5.64710804e-06,9.82831852e-06,5.84259962e-06,3.51747753e-06,5.46925138e-06,6.72275918e-06,7.63581952e-06,1.2037751e-05,1.02668806e-05,1.19774581e-05,1.56458593e-06,2.39656514e-06,3.40547236e-07,-1.14357578e-06,-1.89803436e-06,-1.95748994e-06,-1.18537737e-06
0.414,5.23002149e-05,3.2229009e-05,8.02693193e-06,5.78335104e-06,1.00592274e-05,5.92053909e-06,3.50138876e-06,5.332379e-06,6.55161138e-06,7.4482424e-06,1.21312997e-05,1.03588549e-05,1.20900907e-05,1.63090909e-06,2.42924892e-06,3.97684453e-07,-1.08384846e-06,-1.8538011e-06,-1.92198825e-06,-1.17634639e-06
0.415,5.28927016e-05,3.26743763e-05,8.22655337e-06,5.92222461e-06,1.02926211e-05,6.00189388e-06,3.48809723e-06,5.19985493e-06,6.38502763e-06,7.26538567e-06,1.22251228e-05,1.0451264e-05,1.22035776e-05,1.69767559e-06,2.46413508e-06,4.55064726e-07,-1.02514103e-06,-1.81049524e-06,-1.88708397e-06,-1.16705092e-06
0.416,5.34894187e-05,3.312409e-05,8.42965177e-06,6.06359127e-06,1.05286202e-05,6.08669621e-06,3.4775685e-06,5.07155036e-06,6.22287442e-06,7.08712083e-06,1.23192268e-05,1.05441349e-05,1.23179161e-05,1.76472653e-06,2.50117742e-06,5.12751828e-07,-9.67376635e-07,-1.76809223e-06,-1.85277778e-06,-1.15751965e-06
0.417,5.40903625e-05,3.35782061e-05,8.6363641e-06,6.20730455e-06,1.07673372e-05,6.17497985e-06,3.46977269e-06,4.94734194e-06,6.06502241e-06,6.91332234e-06,1.24136185e-05,1.06374924e-05,1.24330971e-05,1.83192104e-06,2.54032977e-06,5.70804339e-07,-9.1048115e-07,-1.72656692e-06,-1.81906918e-06,-1.14777983e-06
0.418,5.46955298e-05,3.40367804e-05,8.84682705e-06,6.35321165e-06,1.10088766e-05,6.26677962e-06,3.46468419e-06,4.82711164e-06,5.91134644e-06,6.74386759e-06,1.25083052e-05,1.07313595e-05,1.25491068e-05,1.89913502e-06,2.5815467e-06,6.29276163e-07,-8.54383117e-07,-1.68589368e-06,-1.7859566e-06,-1.13785734e-06
0.419,5.53049178e-05,3.4499869e-05,9.06117692e-06,6.50115543e-06,1.12533354e-05,6.36213089e-06,3.46228132e-06,4.71074665e-06,5.76172531e-06,6.57863686e-06,1.26032942e-05,1.08257575e-05,1.26659273e-05,1.9662594e-06,2.62478425e-06,6.88217109e-07,-7.99013697e-07,-1.64604656e-06,-1.75343743e-06,-1.12777669e-06
0.42,5.59185247e-05,3.49675293e-05,9.27954896e-06,6.65097525e-06,1.15008031e-05,6.46106939e-06,3.46254606e-06,4.59813908e-06,5.61604154e-06,6.41751331e-06,1.26985928e-05,1.09207069e-05,1.27835392e-05,2.03319799e-06,2.6699998e-06,7.47673429e-07,-7.44306556e-07,-1.60699938e-06,-1.72150814e-06,-1.11756111e-06
0.421,5.65363484e-05,3.54398214e-05,9.50207607e-06,6.80250733e-06,1.17513626e-05,6.56363131e-06,3.46546362e-06,4.48918558e-06,5.4741809e-06,6.26038303e-06,1.27942081e-05,1.10162272e-05,1.2901922e-05,2.09986583e-06,2.71715132e-06,8.07688107e-07,-6.90197762e-07,-1.56872594e-06,-1.69016435e-06,-1.10723259e-06
0.422,5.71583865e-05,3.59168081e-05,9.72888805e-06,6.95558609e-06,1.20050915e-05,6.66985338e-06,3.47102207e-06,4.38378711e-06,5.33603232e-06,6.10713509e-06,1.28901472e-05,1.11123369e-05,1.30210545e-05,2.16618812e-06,2.76619706e-06,8.68301045e-07,-6.36625713e-07,-1.53120005e-06,-1.65940097e-06,-1.096812e-06
0.423,5.77846358e-05,3.63985548e-05,9.96011141e-06,7.11004494e-06,1.22620622e-05,6.7797728e-06,3.47921215e-06,4.2818487e-06,5.20148785e-06,5.9576614e-06,1.29864169e-05,1.12090533e-05,1.31409152e-05,2.23209926e-06,2.81709582e-06,9.29549329e-07,-5.83531072e-07,-1.49439566e-06,-1.62921226e-06,-1.08631909e-06
0.424,5.84150923e-05,3.68851293e-05,1.01958694e-05,7.2657169e-06,1.25223425e-05,6.89342711e-06,3.49002703e-06,4.18327932e-06,5.07044256e-06,5.81185671e-06,1.30830239e-05,1.13063932e-05,1.32614825e-05,2.29754166e-06,2.86980722e-06,9.91467542e-07,-5.30856685e-07,-1.45828693e-06,-1.59959188e-06,-1.0757726e-06
0.425,5.90497515e-05,3.73766019e-05,1.04362816e-05,7.42243545e-06,1.27859958e-05,7.01085395e-06,3.50346208e-06,4.08799171e-06,4.94279447e-06,5.66961843e-06,1.31799746e-05,1.14043728e-05,1.33827359e-05,2.36246441e-06,2.92429216e-06,1.05408814e-06,-4.78547493e-07,-1.42284827e-06,-1.57053296e-06,-1.06519023e-06
0.426,5.96886079e-05,3.78730435e-05,1.06814649e-05,7.58003657e-06,1.30530804e-05,7.13209059e-06,3.51951486e-06,3.99590239e-06,4.81844481e-06,5.53084663e-06,1.32772749e-05,1.15030079e-05,1.35046552e-05,2.42682211e-06,2.98051379e-06,1.11744198e-06,-4.2655041e-07,-1.38805444e-06,-1.54202822e-06,-1.05458875e-06
0.427,6.03316559e-05,3.83745239e-05,1.09315337e-05,7.73836061e-06,1.33236503e-05,7.25717351e-06,3.53818511e-06,3.90693183e-06,4.69729821e-06,5.39544389e-06,1.33749307e-05,1.16023142e-05,1.36272201e-05,2.49057429e-06,3.03843835e-06,1.18155867e-06,-3.74814127e-07,-1.3538805e-06,-1.51406992e-06,-1.04398392e-06
0.428,6.09788896e-05,3.88811114e-05,1.1186602e-05,7.8972529e-06,1.35977546e-05,7.3861383e-06,3.55947481e-06,3.82100439e-06,4.57926272e-06,5.26331518e-06,1.34729477e-05,1.1702307e-05,1.37504098e-05,2.55368511e-06,3.09803519e-06,1.24646674e-06,-3.23288968e-07,-1.32030177e-06,-1.48664994e-06,-1.03339062e-06
0.429,6.16303033e-05,3.93928725e-05,1.14467832e-05,8.05656376e-06,1.38754384e-05,7.51901977e-06,3.58338808e-06,3.73804822e-06,4.46424973e-06,5.13436791e-06,1.35713314e-05,1.18030017e-05,1.38742031e-05,2.61612303e-06,3.15927678e-06,1.31219381e-06,-2.71926799e-07,-1.28729387e-06,-1.45975981e-06,-1.02282282e-06
0.43,6.2285891e-05,3.9909872e-05,1.1712191e-05,8.21614837e-06,1.41567433e-05,7.65585205e-06,3.60993113e-06,3.65799516e-06,4.35217391e-06,5.00851182e-06,1.36700874e-05,1.19044137e-05,1.39985785e-05,2.67786029e-06,3.22213874e-06,1.37876671e-06,-2.20680927e-07,-1.2548327e-06,-1.43339074e-06,-1.01229369e-06
0.431,6.29456464e-05,4.04321729e-05,1.19829393e-05,8.37586646e-06,1.44417081e-05,7.79666879e-06,3.63911208e-06,3.58078056e-06,4.24295306e-06,4.88565902e-06,1.37692211e-05,1.20065581e-05,1.4123514e-05,2.73887239e-06,3.28659965e-06,1.44621168e-06,-1.69506004e-07,-1.22289447e-06,-1.40753366e-06,-1.00181556e-06
0.432,6.36095616e-05,4.09598375e-05,1.22591423e-05,8.53558064e-06,1.47303705e-05,7.94150378e-06,3.67094069e-06,3.50634293e-06,4.13650784e-06,4.76572398e-06,1.38687379e-05,1.21094499e-05,1.42489874e-05,2.79913743e-06,3.35264005e-06,1.51455427e-06,-1.18357972e-07,-1.19145577e-06,-1.38217926e-06,-9.91400074e-07
0.433,6.42776279e-05,4.14929293e-05,1.25409138e-05,8.69515392e-06,1.50227678e-05,8.09039143e-06,3.70542797e-06,3.43462345e-06,4.0327613e-06,4.64862346e-06,1.39686431e-05,1.22131041e-05,1.43749769e-05,2.85863503e-06,3.42024146e-06,1.58381934e-06,-6.71939915e-08,-1.16049357e-06,-1.35731809e-06,-9.81058193e-07
0.434,6.49498354e-05,4.20315148e-05,1.28283671e-05,8.85444834e-06,1.53189363e-05,8.24336681e-06,3.74258613e-06,3.36556576e-06,3.93163869e-06,4.53427636e-06,1.40689421e-05,1.23175362e-05,1.45014629e-05,2.91734521e-06,3.48938598e-06,1.65403118e-06,-1.59723407e-08,-1.12998529e-06,-1.33294058e-06,-9.70800265e-07
0.435,6.56261731e-05,4.25756633e-05,1.3121615e-05,9.01332406e-06,1.56189116e-05,8.4004658e-06,3.7824285e-06,3.29911581e-06,3.83306735e-06,4.42260369e-06,1.41696401e-05,1.2422762e-05,1.46284273e-05,2.97524753e-06,3.56005617e-06,1.72521369e-06,3.53476999e-08,-1.09990876e-06,-1.30903707e-06,-9.60636062e-07
0.436,6.63066291e-05,4.31254471e-05,1.34207697e-05,9.17163863e-06,1.59227283e-05,8.56172511e-06,3.82496952e-06,3.23522176e-06,3.73697663e-06,4.31352846e-06,1.42707422e-05,1.25287978e-05,1.47558536e-05,3.03232085e-06,3.63223476e-06,1.79739035e-06,8.68059439e-08,-1.07024223e-06,-1.28559786e-06,-9.50574823e-07
0.437,6.69911907e-05,4.36809419e-05,1.37259437e-05,9.32924667e-06,1.62304201e-05,8.72718231e-06,3.87022483e-06,3.17383387e-06,3.64329787e-06,4.20697558e-06,1.43722534e-05,1.26356605e-05,1.48837271e-05,3.08854345e-06,3.70590452e-06,1.87058425e-06,1.38441384e-07,-1.04096432e-06,-1.2626132e-06,-9.40625288e-07
0.438,6.76798454e-05,4.42422254e-05,1.40372506e-05,9.48600082e-06,1.65420179e-05,8.8968755e-06,3.91821166e-06,3.11490486e-06,3.55196458e-06,4.1028718e-06,1.44741789e-05,1.27433675e-05,1.50120344e-05,3.14389343e-06,3.7810492e-06,1.94481812e-06,1.90292282e-07,-1.01205391e-06,-1.24007327e-06,-9.30795699e-07
0.439,6.83725797e-05,4.48093749e-05,1.43548067e-05,9.6417535e-06,1.68575503e-05,9.07084304e-06,3.9689491e-06,3.05839009e-06,3.46291273e-06,4.00114575e-06,1.45765237e-05,1.28519369e-05,1.51407626e-05,3.19834867e-06,3.85765469e-06,2.02011473e-06,2.42396222e-07,-9.8349013e-07,-1.21796817e-06,-9.21093808e-07
0.44,6.90693799e-05,4.53824672e-05,1.46787303e-05,9.7963573e-06,1.71770437e-05,9.24912343e-06,4.02245806e-06,3.00424765e-06,3.37608078e-06,3.90172789e-06,1.46792924e-05,1.29613872e-05,1.52698996e-05,3.25188673e-06,3.93570928e-06,2.09649699e-06,2.94790181e-07,-9.55252369e-07,-1.19628791e-06,-9.11526893e-07
0.441,6.97702313e-05,4.59615784e-05,1.5009143e-05,9.94966461e-06,1.75005227e-05,9.43175543e-06,4.07876132e-06,2.95243831e-06,3.29140956e-06,3.80455048e-06,1.47824898e-05,1.30717377e-05,1.53994332e-05,3.30448463e-06,4.0152035e-06,2.17398799e-06,3.47510602e-07,-9.27320228e-07,-1.17502242e-06,-9.02101788e-07
0.442,7.04751185e-05,4.65467839e-05,1.53461698e-05,1.01015271e-05,1.78280098e-05,9.61877812e-06,4.13788349e-06,2.90292545e-06,3.20884229e-06,3.70954758e-06,1.48861202e-05,1.31830084e-05,1.55293515e-05,3.35611883e-06,4.09612996e-06,2.25261107e-06,4.0059348e-07,-8.996735e-07,-1.15416157e-06,-8.92824902e-07
0.443,7.11840247e-05,4.71381593e-05,1.56899394e-05,1.02517952e-05,1.81595272e-05,9.81023114e-06,4.19985079e-06,2.85567487e-06,3.12832436e-06,3.61665498e-06,1.49901883e-05,1.32952196e-05,1.56596424e-05,3.40676497e-06,4.17848262e-06,2.3323897e-06,4.54074404e-07,-8.72292172e-07,-1.13369517e-06,-8.83702263e-07
0.444,7.18969322e-05,4.77357822e-05,1.60405828e-05,1.04003162e-05,1.84950969e-05,1.0006155e-05,4.2646905e-06,2.8106543e-06,3.04980293e-06,3.52581007e-06,1.50946985e-05,1.34083924e-05,1.57902945e-05,3.45639758e-06,4.26225555e-06,2.41334723e-06,5.07988542e-07,-8.45156483e-07,-1.11361304e-06,-8.74739563e-07
0.445,7.2613822e-05,4.83397337e-05,1.63982328e-05,1.05469328e-05,1.88347415e-05,1.0206591e-05,4.33243066e-06,2.767833e-06,2.97322667e-06,3.43695176e-06,1.51996555e-05,1.35225486e-05,1.59212975e-05,3.50498954e-06,4.3474422e-06,2.49550686e-06,5.62370648e-07,-8.1824695e-07,-1.09390505e-06,-8.65942207e-07
0.446,7.3334674e-05,4.89500986e-05,1.67630238e-05,1.06914834e-05,1.91784837e-05,1.04115816e-05,4.40309999e-06,2.7271817e-06,2.89854565e-06,3.35002044e-06,1.5305064e-05,1.36377105e-05,1.60526425e-05,3.55251171e-06,4.43403525e-06,2.5788916e-06,6.17255101e-07,-7.91544376e-07,-1.07456113e-06,-8.57315337e-07
0.447,7.40594669e-05,4.95669655e-05,1.71350917e-05,1.08338016e-05,1.95263461e-05,1.06211699e-05,4.47672791e-06,2.6886725e-06,2.82571128e-06,3.26495785e-06,1.54109289e-05,1.37539014e-05,1.61843221e-05,3.59893283e-06,4.52202657e-06,2.66352435e-06,6.72675947e-07,-7.65029837e-07,-1.05557131e-06,-8.48863859e-07
0.448,7.47881784e-05,5.01904267e-05,1.75145731e-05,1.09737176e-05,1.98783511e-05,1.08353997e-05,4.55334441e-06,2.65227881e-06,2.75467629e-06,3.18170706e-06,1.5517255e-05,1.38711454e-05,1.63163304e-05,3.64421946e-06,4.61140728e-06,2.74942786e-06,7.28666907e-07,-7.38684686e-07,-1.03692569e-06,-8.40592464e-07
0.449,7.55207842e-05,5.08205752e-05,1.79016059e-05,1.11110598e-05,2.02345212e-05,1.10543153e-05,4.63298037e-06,2.61797561e-06,2.68539496e-06,3.10021258e-06,1.5624047e-05,1.3989467e-05,1.64486612e-05,3.68833627e-06,4.7021688e-06,2.836625e-06,7.85261452e-07,-7.12490516e-07,-1.01861445e-06,-8.32505642e-07
0.45,7.62572581e-05,5.14575041e-05,1.82963309e-05,1.12456573e-05,2.05948779e-05,1.12779613e-05,4.71566811e-06,2.58573987e-06,2.61782344e-06,3.02042032e-06,1.57313097e-05,1.41088914e-05,1.65813082e-05,3.73124662e-06,4.79430353e-06,2.92513882e-06,8.42492925e-07,-6.86429027e-07,-1.00062779e-06,-8.2460766e-07
0.451,7.69975729e-05,5.21013056e-05,1.86988929e-05,1.13773403e-05,2.09594414e-05,1.15063823e-05,4.80144165e-06,2.55555081e-06,2.55191977e-06,2.94227756e-06,1.58390473e-05,1.42294446e-05,1.67142645e-05,3.77291295e-06,4.88780516e-06,3.01499256e-06,9.00394602e-07,-6.60481948e-07,-9.82955837e-07,-8.16902569e-07
0.452,7.77416993e-05,5.27520712e-05,1.91094407e-05,1.15059403e-05,2.13282303e-05,1.17396232e-05,4.89033679e-06,2.52738987e-06,2.48764389e-06,2.86573298e-06,1.59472643e-05,1.43511535e-05,1.68475233e-05,3.81329667e-06,4.98266885e-06,3.10620962e-06,9.5899968e-07,-6.34631031e-07,-9.65588678e-07,-8.09394205e-07
0.453,7.8489607e-05,5.34098919e-05,1.95281275e-05,1.16312893e-05,2.17012619e-05,1.19777288e-05,4.98239114e-06,2.50124076e-06,2.42495762e-06,2.79073655e-06,1.60559645e-05,1.44740459e-05,1.69810787e-05,3.85235724e-06,5.07889158e-06,3.19881385e-06,1.01834131e-06,-6.08858062e-07,-9.48516326e-07,-8.02086191e-07
0.454,7.92412643e-05,5.40748592e-05,1.99551098e-05,1.17532178e-05,2.20785513e-05,1.2220744e-05,5.07764407e-06,2.4770893e-06,2.36382449e-06,2.71723951e-06,1.61651514e-05,1.45981514e-05,1.71149266e-05,3.89005061e-06,5.1764721e-06,3.29282973e-06,1.07845266e-06,-5.83144911e-07,-9.31728754e-07,-7.94981952e-07
0.455,7.99966388e-05,5.47470677e-05,2.03905462e-05,1.18715524e-05,2.24601115e-05,1.24687137e-05,5.17613613e-06,2.45492299e-06,2.30420936e-06,2.64519418e-06,1.62748285e-05,1.47235013e-05,1.7249066e-05,3.92632797e-06,5.27540975e-06,3.38828246e-06,1.13936692e-06,-5.57473601e-07,-9.15215976e-07,-7.88084765e-07
0.456,8.07556975e-05,5.54266155e-05,2.08345959e-05,1.19861141e-05,2.28459544e-05,1.27216834e-05,5.27790853e-06,2.43473041e-06,2.24607811e-06,2.57455383e-06,1.63849991e-05,1.48501281e-05,1.73834981e-05,3.96113555e-06,5.37570304e-06,3.48519767e-06,1.20111734e-06,-5.31826343e-07,-8.98968115e-07,-7.81397811e-07
0.457,8.15184066e-05,5.61136053e-05,2.12874187e-05,1.20967172e-05,2.32360911e-05,1.2979699e-05,5.38300309e-06,2.41650113e-06,2.18939755e-06,2.5052727e-06,1.64956666e-05,1.49780659e-05,1.75182257e-05,3.9944153e-06,5.47734912e-06,3.58360112e-06,1.26373723e-06,-5.06185491e-07,-8.82975408e-07,-7.74924209e-07
0.458,8.22847312e-05,5.68081438e-05,2.17491748e-05,1.22031693e-05,2.36305316e-05,1.32428071e-05,5.49146221e-06,2.4002256e-06,2.13413533e-06,2.43730589e-06,1.66068347e-05,1.51073495e-05,1.7653253e-05,4.02610567e-06,5.58034361e-06,3.68351861e-06,1.32725996e-06,-4.80533519e-07,-8.67228203e-07,-7.6866704e-07
0.459,8.30546359e-05,5.75103421e-05,2.22200258e-05,1.23052699e-05,2.40292854e-05,1.35110555e-05,5.60332891e-06,2.38589505e-06,2.08025993e-06,2.37060932e-06,1.67185073e-05,1.52380147e-05,1.77885846e-05,4.05614295e-06,5.68468016e-06,3.78497557e-06,1.39171893e-06,-4.54852955e-07,-8.51716945e-07,-7.62629356e-07
0.46,8.38280845e-05,5.82203155e-05,2.27001368e-05,1.24028109e-05,2.44323596e-05,1.37844927e-05,5.71864753e-06,2.37350193e-06,2.02774079e-06,2.30513978e-06,1.68306887e-05,1.53700979e-05,1.79242259e-05,4.08446276e-06,5.7903509e-06,3.88799685e-06,1.45714759e-06,-4.29126246e-07,-8.36432076e-07,-7.56814176e-07
0.461,8.46050397e-05,5.89381814e-05,2.31896774e-05,1.24955773e-05,2.48397587e-05,1.40631683e-05,5.83746445e-06,2.36304046e-06,1.97654871e-06,2.240855e-06,1.69433826e-05,1.55036364e-05,1.80601821e-05,4.11100075e-06,5.89734803e-06,3.99260686e-06,1.5235795e-06,-4.03335684e-07,-8.21363946e-07,-7.51224438e-07
0.462,8.53854621e-05,5.96640581e-05,2.3688822e-05,1.25833477e-05,2.52514847e-05,1.43471327e-05,5.95982828e-06,2.35450688e-06,1.92665597e-06,2.17771369e-06,1.70565929e-05,1.5638668e-05,1.81964583e-05,4.13569279e-06,6.00566465e-06,4.09882988e-06,1.59104828e-06,-3.77463412e-07,-8.06502781e-07,-7.45862993e-07
0.463,8.61693108e-05,6.03980649e-05,2.41977499e-05,1.2665896e-05,2.56675368e-05,1.46364371e-05,6.08578984e-06,2.34789949e-06,1.87803637e-06,2.11567556e-06,1.71703227e-05,1.5775231e-05,1.83330592e-05,4.15847531e-06,6.11529466e-06,4.20669e-06,1.65958771e-06,-3.51491395e-07,-7.91838666e-07,-7.407326e-07
0.464,8.69565423e-05,6.11403212e-05,2.47166453e-05,1.27429922e-05,2.60879124e-05,1.49311328e-05,6.21540209e-06,2.34321874e-06,1.83066525e-06,2.05470127e-06,1.72845751e-05,1.59133641e-05,1.84699876e-05,4.17928648e-06,6.22623247e-06,4.31621097e-06,1.72923177e-06,-3.25401374e-07,-7.77361525e-07,-7.35835938e-07
0.465,8.77471102e-05,6.18909461e-05,2.52456976e-05,1.28144036e-05,2.65126093e-05,1.52312724e-05,6.34871972e-06,2.34046688e-06,1.78451943e-06,1.99475245e-06,1.73993532e-05,1.60531054e-05,1.86072429e-05,4.19806776e-06,6.33847221e-06,4.42741578e-06,1.80001452e-06,-2.9917485e-07,-7.6306113e-07,-7.31175633e-07
0.466,8.85409646e-05,6.26500593e-05,2.57851006e-05,1.2879893e-05,2.69416283e-05,1.55369098e-05,6.48579819e-06,2.33964727e-06,1.73957678e-06,1.93579155e-06,1.75146606e-05,1.61944926e-05,1.8744822e-05,4.21476437e-06,6.45200695e-06,4.54032634e-06,1.8719699e-06,-2.72793202e-07,-7.48927164e-07,-7.26754291e-07
0.467,8.93380537e-05,6.34177841e-05,2.6335053e-05,1.29392175e-05,2.73749718e-05,1.58480997e-05,6.62669328e-06,2.34076399e-06,1.69581597e-06,1.87778165e-06,1.7630501e-05,1.63375633e-05,1.88827217e-05,4.22932356e-06,6.56682856e-06,4.65496371e-06,1.94513164e-06,-2.46237804e-07,-7.34949284e-07,-7.22574514e-07
0.468,9.0138324e-05,6.41942485e-05,2.68957573e-05,1.29921274e-05,2.78126431e-05,1.61648973e-05,6.771461e-06,2.34382173e-06,1.65321633e-06,1.82068641e-06,1.77468782e-05,1.6482356e-05,1.90209404e-05,4.24169241e-06,6.68292809e-06,4.77134856e-06,2.01953329e-06,-2.19490104e-07,-7.21117161e-07,-7.1863891e-07
0.469,9.09417211e-05,6.4979585e-05,2.74674202e-05,1.30383662e-05,2.82546461e-05,1.64873581e-05,6.92015756e-06,2.3488258e-06,1.61175784e-06,1.76447002e-06,1.78637961e-05,1.66289104e-05,1.91594791e-05,4.25181566e-06,6.80029585e-06,4.88950152e-06,2.09520835e-06,-1.92531666e-07,-7.07420522e-07,-7.1495011e-07
0.47,9.17481889e-05,6.57739305e-05,2.80502514e-05,1.3077671e-05,2.87009836e-05,1.68155377e-05,7.07283945e-06,2.35578212e-06,1.57142111e-06,1.70909717e-06,1.79812584e-05,1.67772678e-05,1.92983425e-05,4.2596334e-06,6.91892204e-06,5.00944369e-06,2.17219031e-06,-1.65344223e-07,-6.93849175e-07,-7.11510777e-07
0.471,9.25576695e-05,6.65774247e-05,2.8644463e-05,1.31097747e-05,2.91516578e-05,1.71494915e-05,7.22956405e-06,2.36469773e-06,1.53218769e-06,1.6545332e-06,1.80992681e-05,1.69274711e-05,1.94375375e-05,4.26507948e-06,7.03879777e-06,5.13119724e-06,2.25051295e-06,-1.37909648e-07,-6.80392992e-07,-7.08323594e-07
0.472,9.33701025e-05,6.73902089e-05,2.92502717e-05,1.31344065e-05,2.96066682e-05,1.74892747e-05,7.39039053e-06,2.37558146e-06,1.49404038e-06,1.60074412e-06,1.82178281e-05,1.70795656e-05,1.95770731e-05,4.26808133e-06,7.15991507e-06,5.25478531e-06,2.33021059e-06,-1.10209737e-07,-6.67041801e-07,-7.05391252e-07
0.473,9.41854247e-05,6.82124254e-05,2.98679012e-05,1.31512916e-05,3.00660124e-05,1.78349431e-05,7.55538022e-06,2.3884441e-06,1.45696329e-06,1.54769669e-06,1.83369405e-05,1.72335983e-05,1.97169589e-05,4.26856043e-06,7.28226654e-06,5.38023178e-06,2.41131819e-06,-8.22261034e-08,-6.53785337e-07,-7.02716454e-07
0.474,9.50035699e-05,6.90442183e-05,3.04975823e-05,1.31601496e-05,3.05296867e-05,1.81865528e-05,7.72459669e-06,2.40329844e-06,1.4209419e-06,1.49535838e-06,1.84566071e-05,1.73896186e-05,1.98572068e-05,4.26643141e-06,7.40584561e-06,5.50756122e-06,2.49387128e-06,-5.39401619e-08,-6.40613218e-07,-7.00301913e-07
0.475,9.58244694e-05,6.98857346e-05,3.11395535e-05,1.31606927e-05,3.09976842e-05,1.85441603e-05,7.89810582e-06,2.42015936e-06,1.385963e-06,1.44369731e-06,1.85768291e-05,1.75476794e-05,1.99978324e-05,4.26159956e-06,7.53064735e-06,5.63679943e-06,2.57790603e-06,-2.53331909e-08,-6.27514937e-07,-6.98150336e-07
0.476,9.66480547e-05,7.07371275e-05,3.17940584e-05,1.31526234e-05,3.14699915e-05,1.89078205e-05,8.07597544e-06,2.4390437e-06,1.35201451e-06,1.39268206e-06,1.86976066e-05,1.77078371e-05,2.01388579e-05,4.253958e-06,7.65666798e-06,5.76797398e-06,2.66345932e-06,3.61358897e-09,-6.14479943e-07,-6.96264455e-07
0.477,9.74742573e-05,7.15985578e-05,3.24613432e-05,1.31356335e-05,3.1946589e-05,1.9277587e-05,8.25827437e-06,2.4599696e-06,1.31908511e-06,1.34228151e-06,1.88189397e-05,1.78701518e-05,2.02803101e-05,4.24338818e-06,7.78390267e-06,5.90111403e-06,2.75056885e-06,3.2919008e-08,-6.01497753e-07,-6.94647112e-07
0.478,9.83030083e-05,7.24701923e-05,3.31416548e-05,1.31094044e-05,3.24274535e-05,1.96535126e-05,8.44507197e-06,2.4829559e-06,1.28716403e-06,1.29246479e-06,1.89408285e-05,1.8034685e-05,2.04222159e-05,4.22976403e-06,7.91234334e-06,6.0362492e-06,2.83927304e-06,6.26020853e-08,-5.88557958e-07,-6.93301329e-07
0.479,9.9134238e-05,7.33522031e-05,3.38352409e-05,1.30736083e-05,3.29125588e-05,2.00356499e-05,8.63643805e-06,2.50802211e-06,1.25624096e-06,1.24320129e-06,1.9063274e-05,1.82014992e-05,2.05645998e-05,4.21295737e-06,8.0419776e-06,6.17340854e-06,2.92961095e-06,9.26821746e-08,-5.75650149e-07,-6.92230315e-07
0.48,9.9967875e-05,7.4244767e-05,3.45423505e-05,1.30279095e-05,3.34018775e-05,2.04240516e-05,8.83244278e-06,2.5351882e-06,1.22630609e-06,1.1944606e-06,1.91862781e-05,1.83706557e-05,2.07074804e-05,4.19284456e-06,8.17278756e-06,6.31261928e-06,3.02162199e-06,1.23179126e-07,-5.62763838e-07,-6.91437484e-07
0.481,0.000100803845,7.51480624e-05,3.52632383e-05,1.29719654e-05,3.38953835e-05,2.0818772e-05,9.03315718e-06,2.56447475e-06,1.19735014e-06,1.14621268e-06,1.9309844e-05,1.85422138e-05,2.0850868e-05,4.16931365e-06,8.3047491e-06,6.45390504e-06,3.11534569e-06,1.54113523e-07,-5.49888272e-07,-6.9092642e-07
0.482,0.000101642068,7.60622681e-05,3.59981677e-05,1.29054281e-05,3.43930535e-05,2.1219868e-05,9.23865399e-06,2.59590359e-06,1.16936485e-06,1.09842795e-06,1.94339756e-05,1.87162306e-05,2.0994766e-05,4.14226737e-06,8.43783446e-06,6.59728539e-06,3.21082123e-06,1.85506704e-07,-5.37012227e-07,-6.90700752e-07
0.483,0.000102482463,7.69875626e-05,3.67474102e-05,1.28279441e-05,3.48948645e-05,2.16273972e-05,9.44900816e-06,2.62949839e-06,1.14234323e-06,1.05107743e-06,1.95586765e-05,1.88927625e-05,2.11391754e-05,4.1116207e-06,8.57201632e-06,6.74277703e-06,3.30808726e-06,2.17380496e-07,-5.24123943e-07,-6.90764041e-07
0.484,0.000103324943,7.7924126e-05,3.75112436e-05,1.27391536e-05,3.54007915e-05,2.20414175e-05,9.66429694e-06,2.66528493e-06,1.11627969e-06,1.00413265e-06,1.96839494e-05,1.90718656e-05,2.12840981e-05,4.07729738e-06,8.7072694e-06,6.89039492e-06,3.40718198e-06,2.49757026e-07,-5.11211173e-07,-6.91119745e-07
0.485,0.000104169422,7.88721391e-05,3.82899522e-05,1.26386905e-05,3.59108076e-05,2.24619867e-05,9.88459992e-06,2.70329117e-06,1.09117008e-06,9.57565694e-07,1.98097961e-05,1.92535963e-05,2.14295361e-05,4.03922791e-06,8.84357036e-06,7.04015274e-06,3.50814334e-06,2.82658698e-07,-4.98261218e-07,-6.91771237e-07
0.486,0.000105015805,7.98317837e-05,3.90838268e-05,1.25261821e-05,3.64248859e-05,2.28891632e-05,1.01099988e-05,2.74354693e-06,1.06701146e-06,9.113491e-07,1.9936218e-05,1.94380104e-05,2.15754908e-05,3.99734857e-06,8.98089731e-06,7.19206312e-06,3.61100914e-06,3.16108157e-07,-4.85261008e-07,-6.92721864e-07
0.487,0.000105863994,8.08032443e-05,3.98931664e-05,1.24012458e-05,3.69430018e-05,2.33230079e-05,1.03405765e-05,2.7860829e-06,1.04380142e-06,8.65455638e-07,2.00632158e-05,1.96251637e-05,2.1721964e-05,3.95160019e-06,9.11922885e-06,7.34613791e-06,3.71581702e-06,3.50128176e-07,-4.72197306e-07,-6.93975096e-07
0.488,0.000106713881,8.17867136e-05,4.07182823e-05,1.22634858e-05,3.74651298e-05,2.37635835e-05,1.05764172e-05,2.83093023e-06,1.02153752e-06,8.19857968e-07,2.01907894e-05,1.98151122e-05,2.18689609e-05,3.90192512e-06,9.25854342e-06,7.50238867e-06,3.82260458e-06,3.84741592e-07,-4.59056859e-07,-6.95534639e-07
0.489,0.000107565353,8.27823944e-05,4.15595e-05,1.21124885e-05,3.79912425e-05,2.42109552e-05,1.08176064e-05,2.87812043e-06,1.00021712e-06,7.74528522e-07,2.03189379e-05,2.00079135e-05,2.20164929e-05,3.84826347e-06,9.39881974e-06,7.66082735e-06,3.93140944e-06,4.19971227e-07,-4.45826486e-07,-6.9740446e-07
0.49,0.000108418291,8.37905006e-05,4.24171595e-05,1.19478193e-05,3.85213093e-05,2.46651909e-05,1.1064231e-05,2.92768534e-06,9.79837276e-07,7.29439404e-07,2.04476589e-05,2.02036276e-05,2.21645797e-05,3.79054896e-06,9.54003725e-06,7.82146707e-06,4.04226948e-06,4.55839817e-07,-4.32493148e-07,-6.99588816e-07
0.491,0.000109272572,8.48112578e-05,4.32916102e-05,1.17690188e-05,3.90552933e-05,2.51263587e-05,1.1316379e-05,2.97965754e-06,9.60395102e-07,6.84562441e-07,2.05769489e-05,2.04023179e-05,2.23132507e-05,3.72870457e-06,9.68217781e-06,7.98432327e-06,4.15522293e-06,4.92369861e-07,-4.19043934e-07,-7.02092163e-07
0.492,0.000110128083,8.58448968e-05,4.41831973e-05,1.1575606e-05,3.95931539e-05,2.55945237e-05,1.15741394e-05,3.03407136e-06,9.41889538e-07,6.39869931e-07,2.07068033e-05,2.06040512e-05,2.24625405e-05,3.66264175e-06,9.8252268e-06,8.14941405e-06,4.2703084e-06,5.29583636e-07,-4.0546569e-07,-7.04918776e-07
0.493,0.000110984721,8.68916444e-05,4.50922521e-05,1.13670833e-05,4.01348554e-05,2.60697454e-05,1.18376005e-05,3.0909637e-06,9.24323011e-07,5.95335504e-07,2.08372198e-05,2.0808896e-05,2.26124786e-05,3.59226759e-06,9.96917053e-06,8.31675782e-06,4.38756472e-06,5.67503616e-07,-3.9174449e-07,-7.08072422e-07
0.494,0.000111842402,8.79517207e-05,4.6019089e-05,1.11429409e-05,4.06803707e-05,2.65520785e-05,1.210685e-05,3.15037396e-06,9.07701829e-07,5.50934473e-07,2.09681983e-05,2.10169202e-05,2.27630815e-05,3.51749708e-06,1.01139929e-05,8.48637039e-06,4.50703052e-06,6.06152869e-07,-3.77865313e-07,-7.1155628e-07
0.495,0.000112701055,8.90253378e-05,4.69640019e-05,1.09026611e-05,4.12296833e-05,2.70415716e-05,1.23819744e-05,3.21234409e-06,8.92036403e-07,5.06644055e-07,2.10997423e-05,2.12281883e-05,2.29143488e-05,3.43826614e-06,1.0259674e-05,8.65826251e-06,4.62874351e-06,6.45555226e-07,-3.63811773e-07,-7.15372849e-07
0.496,0.000113560621,9.01127039e-05,4.79272628e-05,1.06457229e-05,4.17827799e-05,2.75382668e-05,1.26630597e-05,3.27691861e-06,8.77340733e-07,4.62443129e-07,2.12318569e-05,2.14427594e-05,2.3066262e-05,3.3545459e-06,1.04061888e-05,8.83243767e-06,4.75274008e-06,6.85735496e-07,-3.49566023e-07,-7.19524046e-07
0.497,0.000114421036,9.12140404e-05,4.89091415e-05,1.03716034e-05,4.23396243e-05,2.80422027e-05,1.29501958e-05,3.3441445e-06,8.63628927e-07,4.18310262e-07,2.1364546e-05,2.16606821e-05,2.32187874e-05,3.2663612e-06,1.05534986e-05,9.0088898e-06,4.87905631e-06,7.26720171e-07,-3.35109425e-07,-7.24012154e-07
0.498,0.000115282204,9.23295928e-05,4.99099213e-05,1.00797851e-05,4.2900134e-05,2.85534198e-05,1.32434816e-05,3.41407086e-06,8.50911473e-07,3.74221463e-07,2.14978084e-05,2.18819894e-05,2.33718762e-05,3.17381194e-06,1.07015437e-05,9.18760093e-06,5.00772926e-06,7.6853821e-07,-3.20423343e-07,-7.2884086e-07
0.499,0.000116143994,9.34596271e-05,5.09298971e-05,9.76977558e-06,4.34641676e-05,2.90719588e-05,1.35430264e-05,3.48674956e-06,8.39194505e-07,3.30149341e-07,2.16316365e-05,2.21066936e-05,2.35254615e-05,3.07709478e-06,1.0850239e-05,9.36853821e-06,5.13879687e-06,8.11221552e-07,-3.05489161e-07,-7.34015493e-07
0.5,0.000117006237,9.46044228e-05,5.19693702e-05,9.44113468e-06,4.40315159e-05,2.9597857e-05,1.38489506e-05,3.56223638e-06,8.28479866e-07,2.86062616e-07,2.17660157e-05,2.23347817e-05,2.36794538e-05,2.97652623e-06,1.09994709e-05,9.55165066e-06,5.2722976e-06,8.54805575e-07,-2.90288121e-07,-7.39543066e-07
0.501,0.000117868728,9.57642576e-05,5.30286399e-05,9.09350847e-06,4.46019038e-05,3.01311453e-05,1.41613848e-05,3.64059157e-06,8.18766014e-07,2.41926271e-07,2.19009256e-05,2.25662108e-05,2.38337355e-05,2.87256571e-06,1.11490954e-05,9.73686504e-06,5.40826917e-06,8.99329393e-07,-2.74800884e-07,-7.45432035e-07
0.502,0.000118731253,9.69393753e-05,5.41079661e-05,8.72667445e-06,4.51750164e-05,3.06718359e-05,1.44804615e-05,3.72188012e-06,8.10052705e-07,1.97704153e-07,2.20363445e-05,2.28009075e-05,2.39881544e-05,2.76583057e-06,1.12989474e-05,9.92408242e-06,5.54674433e-06,9.44834709e-07,-2.59006204e-07,-7.51690787e-07
0.503,0.000119593624,9.81299599e-05,5.52075186e-05,8.34058724e-06,4.57505188e-05,3.12199052e-05,1.48063051e-05,3.80617201e-06,8.02346234e-07,1.53362039e-07,2.21722524e-05,2.30387701e-05,2.4142527e-05,2.65710048e-06,1.14488593e-05,1.01131783e-05,5.68774574e-06,9.9136361e-07,-2.42879644e-07,-7.58325862e-07
0.504,0.00012045569,9.93361278e-05,5.63273494e-05,7.93541997e-06,4.6328051e-05,3.17752814e-05,1.51390281e-05,3.89354257e-06,7.95661122e-07,1.08868667e-07,2.23086304e-05,2.32796688e-05,2.42966483e-05,2.54731777e-06,1.15986725e-05,1.03040049e-05,5.8312839e-06,1.03895709e-06,-2.26393354e-07,-7.65341324e-07
0.505,0.000121317339,0.00010055792,5.74673715e-05,7.51160816e-06,4.69072197e-05,3.23378362e-05,1.54787286e-05,3.98407266e-06,7.90020801e-07,6.41962602e-08,2.24454592e-05,2.35234457e-05,2.44502984e-05,2.43758566e-06,1.17482439e-05,1.04963935e-05,5.97735617e-06,1.08765408e-06,-2.0951617e-07,-7.72738536e-07
0.506,0.000122178499,0.000101795296,5.86273435e-05,7.06989583e-06,4.74875878e-05,3.2907378e-05,1.58254894e-05,4.07784903e-06,7.85457773e-07,1.93207131e-08,2.25827176e-05,2.37699151e-05,2.46032503e-05,2.32916366e-06,1.18974522e-05,1.06901571e-05,6.12594657e-06,1.13749066e-06,-1.92213871e-07,-7.80516155e-07
0.507,0.000123039108,0.000103048135,5.98068778e-05,6.61137819e-06,4.80686484e-05,3.34836527e-05,1.61793838e-05,4.1749662e-06,7.82011737e-07,-2.57798197e-08,2.27203767e-05,2.40188626e-05,2.47552835e-05,2.22346076e-06,1.20461987e-05,1.08850944e-05,6.27702803e-06,1.18850067e-06,-1.74449912e-07,-7.88670973e-07
0.508,0.000123899092,0.000104316241,6.10054615e-05,6.13754234e-06,4.8649792e-05,3.40663436e-05,1.65404819e-05,4.27552914e-06,7.79727711e-07,-7.11267001e-08,2.2858394e-05,2.42700453e-05,2.49062e-05,2.12202399e-06,1.2194407e-05,1.1080994e-05,6.43056526e-06,1.24071656e-06,-1.56186155e-07,-7.97198843e-07
0.509,0.00012475836,0.00010559934,6.22224572e-05,5.65030681e-06,4.92302943e-05,3.46550675e-05,1.69088522e-05,4.37965423e-06,7.78656027e-07,-1.16741094e-07,2.29967118e-05,2.45231959e-05,2.50558371e-05,2.02651909e-06,1.23420279e-05,1.12776383e-05,6.58651563e-06,1.29416914e-06,-1.37383295e-07,-8.06094863e-07
0.51,0.000125616801,0.000106897064,6.34570997e-05,5.15205369e-06,4.98093079e-05,3.52493705e-05,1.72845599e-05,4.48746959e-06,7.78852693e-07,-1.626439e-07,2.31352554e-05,2.47780269e-05,2.52040816e-05,1.93870411e-06,1.24890485e-05,1.147481e-05,6.74482967e-06,1.34888674e-06,-1.18001279e-07,-8.15353378e-07
0.511,0.000126474291,0.00010820896,6.47084862e-05,4.64565011e-06,5.03858493e-05,3.58487198e-05,1.76676644e-05,4.59911469e-06,7.80379611e-07,-2.08855722e-07,2.32739317e-05,2.50342367e-05,2.5350884e-05,1.8603977e-06,1.26355017e-05,1.1672299e-05,6.90545172e-06,1.40489391e-06,-9.79999744e-08,-8.24967985e-07
0.512,0.000127330707,0.000109534483,6.59755617e-05,4.13445523e-06,5.09587955e-05,3.64524974e-05,1.80582141e-05,4.71473705e-06,7.83304001e-07,-2.55396708e-07,2.34126315e-05,2.52915137e-05,2.54962624e-05,1.79344744e-06,1.27814689e-05,1.18699095e-05,7.06832102e-06,1.46220974e-06,-7.73402444e-08,-8.34931662e-07
0.513,0.000128185936,0.000110872992,6.72571196e-05,3.62230987e-06,5.15268999e-05,3.70600042e-05,1.84562405e-05,4.83448747e-06,7.87697157e-07,-3.02286274e-07,2.35512338e-05,2.554954e-05,2.5640294e-05,1.7397021e-06,1.29270734e-05,1.20674627e-05,7.23337343e-06,1.52084718e-06,-5.5984939e-08,-8.45237123e-07
0.514,0.00012903987,0.00011222375,6.8551821e-05,3.11350563e-06,5.20888112e-05,3.76704713e-05,1.88617579e-05,4.95851703e-06,7.93633362e-07,-3.49542935e-07,2.36896091e-05,2.58079948e-05,2.57831078e-05,1.70098333e-06,1.30724733e-05,1.22647997e-05,7.40054385e-06,1.58081322e-06,-3.38995093e-08,-8.55877257e-07
0.515,0.000129892406,0.000113585934,6.98582233e-05,2.61273126e-06,5.26430946e-05,3.8283074e-05,1.92747627e-05,5.08697411e-06,8.0118875e-07,-3.97184195e-07,2.38276212e-05,2.60665595e-05,2.59248828e-05,1.67905366e-06,1.32178585e-05,1.24617855e-05,7.56976849e-06,1.64210898e-06,-1.10525828e-08,-8.66845507e-07
0.516,0.000130743438,0.000114958643,7.11748198e-05,2.12499705e-06,5.31882603e-05,3.889695e-05,1.96952352e-05,5.22000236e-06,8.10440689e-07,-4.45226135e-07,2.39651297e-05,2.63249236e-05,2.60658443e-05,1.67558221e-06,1.33634474e-05,1.26583132e-05,7.74098742e-06,1.70473032e-06,1.25838095e-08,-8.78136145e-07
0.517,0.000131592858,0.000116340912,7.25000831e-05,1.65554209e-06,5.37227982e-05,3.95112207e-05,2.0123143e-05,5.35774108e-06,8.21468937e-07,-4.93682232e-07,2.41019912e-05,2.65827911e-05,2.62062607e-05,1.69210833e-06,1.35094886e-05,1.28543085e-05,7.91414696e-06,1.76866891e-06,3.70346902e-08,-8.89744134e-07
0.518,0.000132440547,0.000117731732,7.38324992e-05,1.20972557e-06,5.42452147e-05,4.01250115e-05,2.05584437e-05,5.50032456e-06,8.34356314e-07,-5.42562314e-07,2.42380596e-05,2.68398862e-05,2.63464426e-05,1.73000514e-06,1.36562653e-05,1.3049737e-05,8.08920213e-06,1.83391269e-06,6.2322357e-08,-9.01665022e-07
0.519,0.000133286381,0.000119130076,7.51706035e-05,7.92904373e-07,5.47540664e-05,4.07374735e-05,2.10010851e-05,5.64787916e-06,8.49187563e-07,-5.91872354e-07,2.43731882e-05,2.70959582e-05,2.6486736e-05,1.79044827e-06,1.38040925e-05,1.32446084e-05,8.26611951e-06,1.90044637e-06,8.84660834e-08,-9.13895217e-07
0.52,0.000134130229,0.000120534918,7.65130189e-05,4.10304945e-07,5.52480003e-05,4.13478085e-05,2.14510084e-05,5.80052001e-06,8.6604771e-07,-6.41614446e-07,2.45072331e-05,2.73507846e-05,2.6627509e-05,1.87439173e-06,1.39533052e-05,1.34389788e-05,8.44488037e-06,1.96825258e-06,1.15481906e-07,-9.26432392e-07
0.521,0.000134971947,0.000121945256,7.78584961e-05,6.68941548e-08,5.57257962e-05,4.19552986e-05,2.19081493e-05,5.95834583e-06,8.85018744e-07,-6.91787597e-07,2.46400571e-05,2.76041741e-05,2.676914e-05,1.98254991e-06,1.4104246e-05,1.3632949e-05,8.62548298e-06,2.03731277e-06,1.43382171e-07,-9.39276144e-07
0.522,0.00013581138,0.000123360141,7.92059509e-05,-2.32743278e-07,5.61863965e-05,4.25593304e-05,2.23724393e-05,6.12143223e-06,9.06174485e-07,-7.42389709e-07,2.47715327e-05,2.78559705e-05,2.69120151e-05,2.11538487e-06,1.42572563e-05,1.38266634e-05,8.80794324e-06,2.10760723e-06,1.72174598e-07,-9.52428839e-07
0.523,0.000136648366,0.000124778699,8.05544926e-05,-4.84508024e-07,5.66289227e-05,4.31594087e-05,2.28438058e-05,6.28982778e-06,9.29577204e-07,-7.93419208e-07,2.49015419e-05,2.81060546e-05,2.705653e-05,2.2731017e-06,1.44126731e-05,1.40203083e-05,8.99229462e-06,2.17911493e-06,2.01861812e-07,-9.65896118e-07
0.524,0.000137482739,0.000126200158,8.19034405e-05,-6.84864058e-07,5.70526907e-05,4.3755167e-05,2.33221742e-05,6.46355321e-06,9.55276375e-07,-8.44875842e-07,2.50299768e-05,2.83543437e-05,2.72030854e-05,2.4556553e-06,1.45708253e-05,1.42141102e-05,9.17858826e-06,2.25181431e-06,2.32441596e-07,-9.79687063e-07
0.525,0.000138314331,0.000127623853,8.32523287e-05,-8.30890839e-07,5.74572196e-05,4.43463728e-05,2.38074702e-05,6.64260178e-06,9.83308043e-07,-8.96761386e-07,2.515674e-05,2.86007895e-05,2.73520788e-05,2.66276776e-06,1.47320281e-05,1.440833e-05,9.36689282e-06,2.32568429e-06,2.63907394e-07,-9.93814288e-07
0.526,0.000139142977,0.000129049236,8.46008951e-05,-9.20305543e-07,5.78422386e-05,4.49329268e-05,2.42996219e-05,6.82694273e-06,1.01369678e-06,-9.49079212e-07,2.52817437e-05,2.88453731e-05,2.75038932e-05,2.89395425e-06,1.48965783e-05,1.46032593e-05,9.55729438e-06,2.40070589e-06,2.96249534e-07,-1.00829358e-06
0.527,0.000139968513,0.000130475868,8.59490644e-05,-9.51458541e-07,5.8207691e-05,4.5514859e-05,2.47985648e-05,7.01652781e-06,1.04645964e-06,-1.00183296e-06,2.54049106e-05,2.90880998e-05,2.76588808e-05,3.1485541e-06,1.50647458e-05,1.47992123e-05,9.74989652e-06,2.47686479e-06,3.29457199e-07,-1.02314323e-06
0.528,0.000140790778,0.000131903415,8.72969326e-05,-9.23309425e-07,5.85537272e-05,4.60923242e-05,2.53042457e-05,7.21129629e-06,1.08160842e-06,-1.05502608e-06,2.55261744e-05,2.9328995e-05,2.78173516e-05,3.42576262e-06,1.52367643e-05,1.49965174e-05,9.94481946e-06,2.55415338e-06,3.6351994e-07,-1.03838353e-06
0.529,0.000141609609,0.000133331636,8.86447485e-05,-8.35384581e-07,5.88806913e-05,4.66655923e-05,2.58166247e-05,7.41117832e-06,1.11915072e-06,-1.10866214e-06,2.56454794e-05,2.95681003e-05,2.7979572e-05,3.72466285e-06,1.54128283e-05,1.51955097e-05,1.01421979e-05,2.63257166e-06,3.98428669e-07,-1.05403653e-06
0.53,0.000142424847,0.000134760383,8.99928922e-05,-6.87718245e-07,5.91890958e-05,4.72350298e-05,2.63356744e-05,7.61609802e-06,1.1590912e-06,-1.16274503e-06,2.57627779e-05,2.98054684e-05,2.81457675e-05,4.04425831e-06,1.55930932e-05,1.53965258e-05,1.03421785e-05,2.71212727e-06,4.34176373e-07,-1.07012562e-06
0.531,0.000143236341,0.000136189597,9.1341859e-05,-4.80785484e-07,5.94795809e-05,4.7801078e-05,2.68613772e-05,7.8259741e-06,1.20143022e-06,-1.21728082e-06,2.58780292e-05,3.00411583e-05,2.83161239e-05,4.38350509e-06,1.57776682e-05,1.5599898e-05,1.05449188e-05,2.79283539e-06,4.70757803e-07,-1.08667594e-06
0.532,0.00014404395,0.000137619304,9.26922373e-05,-2.15429969e-07,5.97528782e-05,4.83642395e-05,2.73937255e-05,8.04071924e-06,1.24616095e-06,-1.27228022e-06,2.59912009e-05,3.02752305e-05,2.84907814e-05,4.74133553e-06,1.59666022e-05,1.58059482e-05,1.07505864e-05,2.87471865e-06,5.08168706e-07,-1.10371515e-06
0.533,0.000144847531,0.000139049582,9.40446841e-05,1.07210419e-07,6.00097804e-05,4.8925067e-05,2.79327242e-05,8.26024241e-06,1.29326881e-06,-1.32775989e-06,2.61022706e-05,3.05077466e-05,2.86698294e-05,5.11666896e-06,1.61598789e-05,1.6014983e-05,1.09593581e-05,2.95780731e-06,5.46405797e-07,-1.12127357e-06
0.534,0.000145646946,0.000140480558,9.53999023e-05,4.85774381e-07,6.02511143e-05,4.94841507e-05,2.84783928e-05,8.48445223e-06,1.34273221e-06,-1.3837429e-06,2.62112267e-05,3.07387706e-05,2.88533093e-05,5.50841112e-06,1.63574193e-05,1.62272927e-05,1.11714184e-05,3.04213894e-06,5.85466945e-07,-1.13938408e-06
0.535,0.00014644205,0.000141912374,9.67586206e-05,9.18742771e-07,6.04777204e-05,5.00421117e-05,2.90307706e-05,8.7132615e-06,1.39452397e-06,-1.44025887e-06,2.6318069e-05,3.09683726e-05,2.90412206e-05,5.91544548e-06,1.65590939e-05,1.64431511e-05,1.13869571e-05,3.12775794e-06,6.25351703e-07,-1.15808162e-06
0.536,0.000147232688,0.000143345176,9.81215738e-05,1.40450033e-06,6.06904432e-05,5.05995923e-05,2.95899199e-05,8.94659403e-06,1.44861616e-06,-1.49734194e-06,2.64228073e-05,3.11966333e-05,2.92335343e-05,6.33662682e-06,1.67647458e-05,1.66628176e-05,1.16061656e-05,3.21471494e-06,6.66062816e-07,-1.17740187e-06
0.537,0.000148018697,0.000144779104,9.94894867e-05,1.94139115e-06,6.08901292e-05,5.11572389e-05,3.01559231e-05,9.18438924e-06,1.50498516e-06,-1.55502835e-06,2.65254553e-05,3.14236423e-05,2.94302099e-05,6.77078928e-06,1.69742177e-05,1.68865416e-05,1.18292333e-05,3.30306559e-06,7.07607493e-07,-1.19737986e-06
0.538,0.00014879991,0.000146214294,0.000100863065,2.52776479e-06,6.10776147e-05,5.1715687e-05,3.07288779e-05,9.42660343e-06,1.56361383e-06,-1.61335545e-06,2.6626027e-05,3.1649495e-05,2.96312045e-05,7.21676569e-06,1.71873618e-05,1.71145632e-05,1.20563467e-05,3.39286978e-06,7.49997802e-07,-1.21804957e-06
0.539,0.000149576155,0.000147650869,0.000102242985,3.16201303e-06,6.12537115e-05,5.22755537e-05,3.13088973e-05,9.67321085e-06,1.62449232e-06,-1.67236139e-06,2.67245361e-05,3.18742886e-05,2.98364729e-05,7.6734072e-06,1.74040398e-05,1.73471111e-05,1.22876879e-05,3.48419182e-06,7.93250941e-07,-1.23944363e-06
0.54,0.000150347254,0.000149088936,0.000103629886,3.84259468e-06,6.14191939e-05,5.28374354e-05,3.18961086e-05,9.9242021e-06,1.68761643e-06,-1.73208609e-06,2.68209951e-05,3.209812e-05,3.00459689e-05,8.13960052e-06,1.76241202e-05,1.75843999e-05,1.25234344e-05,3.57709998e-06,8.37388801e-07,-1.26159368e-06
0.541,0.000151113024,0.000150528582,0.000105024376,4.56804863e-06,6.15747805e-05,5.34019057e-05,3.24906516e-05,1.01795802e-05,1.75298364e-06,-1.79257351e-06,2.69154154e-05,3.23210831e-05,3.02596497e-05,8.61428597e-06,1.78474761e-05,1.78266263e-05,1.27637572e-05,3.67166533e-06,8.82436819e-07,-1.28453106e-06
0.542,0.000151873281,0.000151969884,0.000106427042,5.33700169e-06,6.17211209e-05,5.39695095e-05,3.30926755e-05,1.04393583e-05,1.8205912e-06,-1.85387291e-06,2.70078059e-05,3.25432673e-05,3.04774813e-05,9.09647877e-06,1.80739832e-05,1.80739659e-05,1.30088193e-05,3.76796105e-06,9.28423414e-07,-1.30828713e-06
0.543,0.00015262784,0.000153412911,0.000107838449,6.14817486e-06,6.18587946e-05,5.45407598e-05,3.37023372e-05,1.07035593e-05,1.8904362e-06,-1.91603879e-06,2.70981713e-05,3.27647525e-05,3.06994412e-05,9.5852939e-06,1.83035173e-05,1.83265692e-05,1.32587748e-05,3.86606229e-06,9.7538008e-07,-1.33289325e-06
0.544,0.000153376517,0.000154857729,0.000109259156,7.00038656e-06,6.19883147e-05,5.51161294e-05,3.43197953e-05,1.09722146e-05,1.96251656e-06,-1.97913022e-06,2.7186509e-05,3.29856039e-05,3.09255185e-05,1.00799745e-05,1.85359483e-05,1.85845593e-05,1.35137686e-05,3.96604636e-06,1.02334154e-06,-1.35838072e-06
0.545,0.000154119136,0.00015630441,0.000110689701,7.89255557e-06,6.21101402e-05,5.56960438e-05,3.49452064e-05,1.12453658e-05,2.03683483e-06,-2.04320835e-06,2.72728071e-05,3.32058648e-05,3.1155706e-05,1.05799121e-05,1.87711265e-05,1.88480296e-05,1.37739394e-05,4.06799423e-06,1.07234668e-06,-1.38478032e-06
0.546,0.000154855525,0.000157753019,0.000112130601,8.82370014e-06,6.22246795e-05,5.62808867e-05,3.55787297e-05,1.15230685e-05,2.11340185e-06,-2.10833416e-06,2.73570454e-05,3.34255564e-05,3.13899885e-05,1.108464e-05,1.90088695e-05,1.91170442e-05,1.40394221e-05,4.17199259e-06,1.12243961e-06,-1.4121218e-06
0.547,0.000155585505,0.000159203606,0.000113582335,9.79292964e-06,6.23322906e-05,5.68710095e-05,3.6220533e-05,1.18053939e-05,2.19223735e-06,-2.17456782e-06,2.7439199e-05,3.36446814e-05,3.16283375e-05,1.15938075e-05,1.92489593e-05,1.93916402e-05,1.43103495e-05,4.27813426e-06,1.17366985e-06,-1.44043373e-06
0.548,0.000156308894,0.000160656203,0.000115045351,1.07994335e-05,6.2433285e-05,5.74667367e-05,3.68707933e-05,1.20924288e-05,2.27337003e-06,-2.2419685e-06,2.7519239e-05,3.38632284e-05,3.18707133e-05,1.21071526e-05,1.94911476e-05,1.96718324e-05,1.45868523e-05,4.38651724e-06,1.22609192e-06,-1.46974341e-06
0.549,0.000157025507,0.000162110829,0.000116520074,1.18424709e-05,6.25279277e-05,5.80683678e-05,3.75296953e-05,1.23842733e-05,2.35683633e-06,-2.31059474e-06,2.7597134e-05,3.40811759e-05,3.2117069e-05,1.26244786e-05,1.97351615e-05,1.99576188e-05,1.4869059e-05,4.49724349e-06,1.27976463e-06,-1.50007708e-06
0.55,0.000157735156,0.000163567497,0.000118006918,1.29213621e-05,6.26164309e-05,5.86761783e-05,3.81974283e-05,1.26810366e-05,2.44267635e-06,-2.38050676e-06,2.76728517e-05,3.4298496e-05,3.23673541e-05,1.31456342e-05,1.99807059e-05,2.02489834e-05,1.5157096e-05,4.6104171e-06,1.33474936e-06,-1.53146076e-06
0.551,0.000158437653,0.000165026216,0.000119506292,1.40354828e-05,6.26989537e-05,5.92904221e-05,3.88741843e-05,1.29828325e-05,2.53093045e-06,-2.45176834e-06,2.77463609e-05,3.45151579e-05,3.2621514e-05,1.36704937e-05,2.02274657e-05,2.05458999e-05,1.54510878e-05,4.72614275e-06,1.39110855e-06,-1.56392107e-06
0.552,0.000159132807,0.000166486985,0.000121018597,1.51842617e-05,6.2775603e-05,5.99113338e-05,3.95601577e-05,1.32897795e-05,2.62163857e-06,-2.52444719e-06,2.78176336e-05,3.47311315e-05,3.28794886e-05,1.41989304e-05,2.04751096e-05,2.08483365e-05,1.57511576e-05,4.84452503e-06,1.4489051e-06,-1.59748551e-06
0.553,0.000159820424,0.000167949789,0.00012254422,1.63671775e-05,6.28464304e-05,6.0539137e-05,4.02555511e-05,1.36020013e-05,2.71483959e-06,-2.59861547e-06,2.78866482e-05,3.49463947e-05,3.31412099e-05,1.47307827e-05,2.07233005e-05,2.11562604e-05,1.60574281e-05,4.96566782e-06,1.50820188e-06,-1.63218254e-06
0.554,0.000160500296,0.00016941458,0.000124083517,1.75837565e-05,6.29114355e-05,6.11740546e-05,4.09605838e-05,1.39196313e-05,2.8105735e-06,-2.67434865e-06,2.79533905e-05,3.51609388e-05,3.3406606e-05,1.52658239e-05,2.09717172e-05,2.14696437e-05,1.63700188e-05,5.08967366e-06,1.56906245e-06,-1.66804079e-06
0.555,0.000161172204,0.000170881279,0.000125636815,1.88335715e-05,6.29705841e-05,6.1816307e-05,4.16754903e-05,1.42428158e-05,2.90888629e-06,-2.75172248e-06,2.80178501e-05,3.53747676e-05,3.36756089e-05,1.58037674e-05,2.12200719e-05,2.1788467e-05,1.66890451e-05,5.21664362e-06,1.63155246e-06,-1.70508787e-06
0.556,0.00016183592,0.00017234979,0.000127204419,2.01162413e-05,6.30238233e-05,6.24661031e-05,4.24005125e-05,1.45717133e-05,3.00983272e-06,-2.83081094e-06,2.80800157e-05,3.55878909e-05,3.39481599e-05,1.63442971e-05,2.14681114e-05,2.21127173e-05,1.70146176e-05,5.34667781e-06,1.69574053e-06,-1.74334986e-06
0.557,0.000162491206,0.000173820003,0.000128786623,2.14314318e-05,6.30710854e-05,6.31236366e-05,4.3135896e-05,1.49064931e-05,3.11347695e-06,-2.91168567e-06,2.81398726e-05,3.58003192e-05,3.42242101e-05,1.68870983e-05,2.17156064e-05,2.24423831e-05,1.73468424e-05,5.47987642e-06,1.76169871e-06,-1.78285135e-06
0.558,0.000163137825,0.0001752918,0.00013038371,2.27788537e-05,6.31122877e-05,6.37890849e-05,4.38818873e-05,1.52473337e-05,3.21989162e-06,-2.99441635e-06,2.8197402e-05,3.60120596e-05,3.4503719e-05,1.74318808e-05,2.19623402e-05,2.27774497e-05,1.76858218e-05,5.61634043e-06,1.82950248e-06,-1.82361571e-06
0.559,0.000163775534,0.00017676506,0.000131995961,2.41582575e-05,6.31473256e-05,6.4462609e-05,4.46387313e-05,1.55944189e-05,3.32915388e-06,-3.07907308e-06,2.82525816e-05,3.62231151e-05,3.47866548e-05,1.79783938e-05,2.22080979e-05,2.31178949e-05,1.80316544e-05,5.75617137e-06,1.8992297e-06,-1.86566608e-06
0.56,0.00016440409,0.000178239656,0.00013362366,2.55694276e-05,6.3176064e-05,6.51443555e-05,4.54066715e-05,1.59479354e-05,3.44134203e-06,-3.16572866e-06,2.83053871e-05,3.64334849e-05,3.50729955e-05,1.85264318e-05,2.24526616e-05,2.34636851e-05,1.83844345e-05,5.89947086e-06,1.97095977e-06,-1.90902601e-06
0.561,0.000165023252,0.000179715464,0.000135267098,2.70121776e-05,6.31983381e-05,6.58344569e-05,4.618595e-05,1.63080724e-05,3.55653489e-06,-3.25445901e-06,2.83557909e-05,3.66431634e-05,3.53627327e-05,1.90758475e-05,2.26958087e-05,2.38147731e-05,1.8744251e-05,6.04634044e-06,2.04477359e-06,-1.95371956e-06
0.562,0.000165632781,0.00018119237,0.000136926583,2.84863461e-05,6.32139653e-05,6.65330218e-05,4.69767996e-05,1.66750197e-05,3.67481268e-06,-3.34534241e-06,2.84037588e-05,3.68521346e-05,3.56558751e-05,1.96265816e-05,2.29373013e-05,2.41710943e-05,1.91111879e-05,6.19688199e-06,2.12075384e-06,-1.99977129e-06
0.563,0.000166232449,0.000182670288,0.000138602456,2.99917977e-05,6.32227601e-05,6.72401227e-05,4.77794349e-05,1.70489661e-05,3.79626043e-06,-3.43845697e-06,2.84492465e-05,3.7060365e-05,3.59524454e-05,2.01786857e-05,2.31768622e-05,2.45325631e-05,1.94853275e-05,6.35119977e-06,2.19898583e-06,-2.04720617e-06
0.564,0.000166822031,0.000184149143,0.00014029507,3.15284268e-05,6.32245337e-05,6.79558021e-05,4.85940575e-05,1.74301037e-05,3.92097108e-06,-3.5338785e-06,2.84922013e-05,3.72678046e-05,3.62524699e-05,2.07323018e-05,2.34141653e-05,2.48990744e-05,1.98667536e-05,6.50940235e-06,2.27955852e-06,-2.09604906e-06
0.565,0.000167401297,0.000185628858,0.000142004779,3.30961573e-05,6.32190825e-05,6.86800855e-05,4.94208676e-05,1.78186311e-05,4.04904573e-06,-3.63168061e-06,2.85325674e-05,3.74743953e-05,3.65559708e-05,2.12876106e-05,2.36488448e-05,2.52705112e-05,2.02555519e-05,6.6716023e-06,2.3625644e-06,-2.14632459e-06
0.566,0.00016797001,0.000187109341,0.000143731918,3.4694941e-05,6.3206181e-05,6.94129916e-05,5.02600707e-05,1.82147556e-05,4.18059319e-06,-3.73193513e-06,2.85702896e-05,3.7680078e-05,3.68629622e-05,2.18447791e-05,2.38805169e-05,2.56467544e-05,2.06518095e-05,6.83791455e-06,2.44809887e-06,-2.19805703e-06
0.567,0.000168527919,0.000188590468,0.000145476799,3.63247562e-05,6.31855724e-05,7.0154544e-05,5.11118856e-05,1.86186945e-05,4.3157281e-06,-3.83471373e-06,2.86053173e-05,3.78848015e-05,3.71734499e-05,2.2403918e-05,2.41088054e-05,2.60276913e-05,2.10556131e-05,7.00845423e-06,2.53625942e-06,-2.25127028e-06
0.568,0.000169074762,0.00019007209,0.000147239709,3.7985607e-05,6.31569626e-05,7.09047734e-05,5.19765455e-05,1.90306736e-05,4.45456764e-06,-3.94009035e-06,2.86376061e-05,3.80885257e-05,3.74874356e-05,2.29650692e-05,2.43333617e-05,2.64132201e-05,2.14670462e-05,7.18333431e-06,2.62714438e-06,-2.30598841e-06
0.569,0.00016961027,0.000191554042,0.000149020934,3.96775242e-05,6.31200264e-05,7.16637079e-05,5.28542881e-05,1.94509235e-05,4.59723001e-06,-4.04814214e-06,2.86671155e-05,3.82912194e-05,3.78049219e-05,2.35282248e-05,2.45538621e-05,2.6803248e-05,2.18861895e-05,7.36266486e-06,2.72085223e-06,-2.36223613e-06
0.57,0.000170134169,0.000193036149,0.00015082076,4.14005685e-05,6.3074411e-05,7.24313661e-05,5.37453513e-05,1.98796779e-05,4.74383471e-06,-4.15894928e-06,2.86938082e-05,3.84928572e-05,3.81259112e-05,2.40933405e-05,2.47699996e-05,2.71976883e-05,2.23131216e-05,7.54655391e-06,2.81748168e-06,-2.42003911e-06
0.571,0.00017064618,0.000194518221,0.000152639471,4.31548355e-05,6.3019729e-05,7.32077636e-05,5.46499786e-05,2.03171754e-05,4.89450221e-06,-4.27259543e-06,2.87176519e-05,3.86934224e-05,3.84504029e-05,2.46603274e-05,2.49814875e-05,2.75964598e-05,2.27479187e-05,7.73510762e-06,2.91713178e-06,-2.47942399e-06
0.572,0.000171146011,0.000196000041,0.000154477328,4.49404566e-05,6.29555565e-05,7.39929194e-05,5.55684262e-05,2.07636631e-05,5.04935605e-06,-4.38916655e-06,2.8738619e-05,3.88929081e-05,3.87783938e-05,2.52290455e-05,2.51880737e-05,2.79994891e-05,2.31906528e-05,7.92843014e-06,3.01990263e-06,-2.54041763e-06
0.573,0.000171633363,0.000197481366,0.000156334575,4.6757593e-05,6.28814441e-05,7.47868521e-05,5.65009601e-05,2.12193978e-05,5.20852626e-06,-4.50874853e-06,2.87566837e-05,3.90913124e-05,3.91098827e-05,2.57993235e-05,2.53895419e-05,2.84067096e-05,2.36413907e-05,8.12662398e-06,3.12589646e-06,-2.60304643e-06
0.574,0.000172107929,0.000198961943,0.000158211446,4.86064313e-05,6.27969278e-05,7.5589573e-05,5.74478491e-05,2.16846442e-05,5.37215084e-06,-4.63142585e-06,2.87718175e-05,3.9288633e-05,3.94448753e-05,2.63709959e-05,2.55856985e-05,2.88180567e-05,2.41001946e-05,8.32979121e-06,3.23521826e-06,-2.66733619e-06
0.575,0.000172569403,0.000200441515,0.00016010818,5.04871794e-05,6.27015375e-05,7.64010783e-05,5.84093568e-05,2.21596729e-05,5.54037652e-06,-4.75728089e-06,2.87839859e-05,3.94848611e-05,3.97833898e-05,2.6943942e-05,2.57763491e-05,2.92334599e-05,2.45671232e-05,8.53803498e-06,3.34797643e-06,-2.73331229e-06
0.576,0.00017301748,0.000201919843,0.000162025041,5.24000633e-05,6.25948036e-05,7.72213373e-05,5.93857316e-05,2.26447562e-05,5.71335842e-06,-4.88639386e-06,2.87931457e-05,3.9679976e-05,4.01254595e-05,2.75181162e-05,2.59612693e-05,2.96528353e-05,2.50422351e-05,8.75146146e-06,3.46428294e-06,-2.80100027e-06
0.577,0.000173451857,0.000203396701,0.000163962327,5.43453288e-05,6.2476252e-05,7.80502928e-05,6.03772054e-05,2.31401671e-05,5.89125758e-06,-5.01884475e-06,2.87992466e-05,3.98739471e-05,4.04711313e-05,2.80935471e-05,2.614019e-05,3.0076081e-05,2.55255901e-05,8.97018079e-06,3.58425298e-06,-2.87042657e-06
0.578,0.000173872229,0.000204871867,0.00016592035,5.63232438e-05,6.23453953e-05,7.88878728e-05,6.1384003e-05,2.36461804e-05,6.07423874e-06,-5.15471524e-06,2.88022343e-05,4.00667387e-05,4.08204632e-05,2.86703139e-05,2.63128066e-05,3.05030791e-05,2.60172484e-05,9.19430632e-06,3.70800455e-06,-2.9416187e-06
0.579,0.000174278287,0.000206345116,0.000167899439,5.83340961e-05,6.22017321e-05,7.97339925e-05,6.24063442e-05,2.41630741e-05,6.2624701e-06,-5.29408909e-06,2.88020507e-05,4.02583107e-05,4.1173526e-05,2.92485406e-05,2.64787861e-05,3.09336984e-05,2.651727e-05,9.42395374e-06,3.83565833e-06,-3.01460508e-06
0.58,0.000174669723,0.000207816235,0.000169899951,6.03781907e-05,6.20447542e-05,8.05885431e-05,6.3444436e-05,2.46911265e-05,6.45612458e-06,-5.43705098e-06,2.87986318e-05,4.0448616e-05,4.15304056e-05,2.98284091e-05,2.66377541e-05,3.13677927e-05,2.70257153e-05,9.65924139e-06,3.96733782e-06,-3.08941513e-06
0.581,0.000175046231,0.000209285027,0.000171922271,6.24558473e-05,6.18739499e-05,8.14513862e-05,6.44984672e-05,2.52306148e-05,6.65538125e-06,-5.58368482e-06,2.87919067e-05,4.06375984e-05,4.18912003e-05,3.04101567e-05,2.67892838e-05,3.18052004e-05,2.75426469e-05,9.90029095e-06,4.10316958e-06,-3.16607918e-06
0.582,0.000175407508,0.0002107513,0.000173966797,6.45674014e-05,6.16887967e-05,8.23223647e-05,6.55686165e-05,2.57818169e-05,6.86042531e-06,-5.73407361e-06,2.87818017e-05,4.08251971e-05,4.22560132e-05,3.09940415e-05,2.69329066e-05,3.22457502e-05,2.80681288e-05,1.01472268e-05,4.24328301e-06,-3.24462847e-06
0.583,0.000175753247,0.000212214852,0.000176033927,6.67132089e-05,6.148875e-05,8.32013136e-05,6.6655061e-05,2.6345014e-05,7.07144735e-06,-5.88830027e-06,2.87682445e-05,4.10113528e-05,4.26249419e-05,3.15802943e-05,2.70681402e-05,3.26892689e-05,2.8602224e-05,1.04001745e-05,4.38780979e-06,-3.32509496e-06
0.584,0.000176083128,0.000213675447,0.00017812403,6.88936535e-05,6.1273227e-05,8.40880803e-05,6.7757993e-05,2.69204957e-05,7.28864214e-06,-6.04644926e-06,2.87511699e-05,4.11960159e-05,4.29980701e-05,3.21690656e-05,2.71945356e-05,3.31355935e-05,2.91449912e-05,1.06592576e-05,4.53688328e-06,-3.40751096e-06
0.585,0.000176396807,0.000215132794,0.00018023743,7.11091573e-05,6.10415952e-05,8.49825425e-05,6.88776349e-05,2.75085668e-05,7.51220767e-06,-6.2086087e-06,2.87305227e-05,4.13791511e-05,4.33754649e-05,3.27604001e-05,2.73117216e-05,3.35845803e-05,2.96964797e-05,1.09245955e-05,4.69063822e-06,-3.49190859e-06
0.586,0.000176693925,0.000216586563,0.000182374429,7.33601828e-05,6.07931796e-05,8.58845939e-05,7.00142309e-05,2.81095464e-05,7.74234679e-06,-6.37487006e-06,2.8706253e-05,4.15607331e-05,4.37571839e-05,3.33542706e-05,2.74194023e-05,3.40361038e-05,3.02567312e-05,1.11963038e-05,4.84921117e-06,-3.57831964e-06
0.587,0.000176974104,0.000218036402,0.000184535331,7.56472309e-05,6.05272775e-05,8.67941254e-05,7.11680312e-05,2.87237633e-05,7.97926897e-06,-6.54532666e-06,2.86783121e-05,4.17407385e-05,4.41432818e-05,3.39506231e-05,2.75173251e-05,3.44900489e-05,3.08257835e-05,1.14744958e-05,5.01274117e-06,-3.66677596e-06
0.588,0.000177236958,0.000219481946,0.000186720449,7.79708415e-05,6.02431627e-05,8.77110211e-05,7.2339288e-05,2.9351555e-05,8.22319069e-06,-6.72007323e-06,2.86466507e-05,4.19191449e-05,4.45338126e-05,3.45493949e-05,2.76052617e-05,3.49463031e-05,3.14036721e-05,1.17592855e-05,5.18137038e-06,-3.75730966e-06
0.589,0.000177482092,0.000220922811,0.00018893009,8.03315867e-05,5.99400871e-05,8.86351644e-05,7.3528258e-05,2.99932656e-05,8.4743342e-06,-6.89920625e-06,2.86112198e-05,4.20959304e-05,4.49288301e-05,3.51505179e-05,2.76830045e-05,3.5404755e-05,3.19904294e-05,1.20507865e-05,5.35524372e-06,-3.84995338e-06
0.59,0.000177709108,0.000222358597,0.000191164554,8.27300622e-05,5.9617281e-05,8.95664383e-05,7.47352003e-05,3.06492439e-05,8.73292636e-06,-7.08282383e-06,2.85719703e-05,4.22710726e-05,4.53283906e-05,3.57539286e-05,2.77503634e-05,3.58652936e-05,3.25860831e-05,1.23491112e-05,5.53450802e-06,-3.9447406e-06
0.591,0.000177917611,0.000223788897,0.000193424136,8.51668811e-05,5.9273953e-05,9.05047218e-05,7.59603728e-05,3.13198411e-05,8.99919823e-06,-7.27102552e-06,2.85288511e-05,4.24445466e-05,4.57325608e-05,3.6359592e-05,2.78071516e-05,3.63278046e-05,3.31906552e-05,1.26543708e-05,5.71931184e-06,-4.04170586e-06
0.592,0.000178107214,0.000225213308,0.000195709147,8.76426664e-05,5.8909299e-05,9.14498773e-05,7.7204022e-05,3.20054084e-05,9.27338577e-06,-7.46391173e-06,2.84818045e-05,4.26163197e-05,4.61414281e-05,3.69675419e-05,2.78531487e-05,3.67921659e-05,3.38041661e-05,1.2966677e-05,5.90980556e-06,-4.14088531e-06
0.593,0.000178277541,0.000226631464,0.000198019945,9.01580429e-05,5.8522518e-05,9.24017258e-05,7.84663625e-05,3.27062911e-05,9.55573223e-06,-7.66158183e-06,2.84307607e-05,4.27863446e-05,4.65551091e-05,3.75779207e-05,2.78880426e-05,3.7258237e-05,3.44266423e-05,1.32861461e-05,6.10614256e-06,-4.24231741e-06
0.594,0.000178428222,0.00022804303,0.000200356949,9.27136476e-05,5.8112818e-05,9.33600412e-05,7.97475731e-05,3.34228306e-05,9.84649101e-06,-7.86413319e-06,2.83756371e-05,4.2954561e-05,4.69737483e-05,3.81909699e-05,2.79114038e-05,3.77258521e-05,3.5058122e-05,1.3612904e-05,6.30848144e-06,-4.34604281e-06
0.595,0.000178558873,0.000229447674,0.000202720618,9.53101479e-05,5.76794037e-05,9.43245732e-05,8.10478169e-05,3.41553718e-05,1.0145926e-05,-8.07166242e-06,2.83163438e-05,4.3120903e-05,4.73975079e-05,3.88069788e-05,2.79227156e-05,3.81948225e-05,3.56986521e-05,1.3947086e-05,6.51698725e-06,-4.45210338e-06
0.596,0.000178669089,0.000230845048,0.000205111425,9.79482542e-05,5.72214622e-05,9.52950626e-05,8.23672561e-05,3.49042688e-05,1.04543112e-05,-8.28426642e-06,2.8252787e-05,4.32853042e-05,4.78265594e-05,3.94262446e-05,2.79214167e-05,3.86649453e-05,3.63482833e-05,1.42888341e-05,6.73183141e-06,-4.56054133e-06
0.597,0.000178758451,0.000232234784,0.00020752986,0.000100628728,5.67381487e-05,9.62712452e-05,8.37060567e-05,3.56698857e-05,1.07719305e-05,-8.50204256e-06,2.81848712e-05,4.34476993e-05,4.82610797e-05,4.00490554e-05,2.7906931e-05,3.91360101e-05,3.70070653e-05,1.4638294e-05,6.95319117e-06,-4.67139867e-06
0.598,0.000178826528,0.000233616495,0.000209976415,0.000103352376,5.62285743e-05,9.72528526e-05,8.50643875e-05,3.64525931e-05,1.1099074e-05,-8.72508913e-06,2.81125014e-05,4.3608025e-05,4.87012481e-05,4.06756838e-05,2.78786842e-05,3.96078038e-05,3.76750419e-05,1.49956111e-05,7.18124756e-06,-4.78471749e-06
0.599,0.000178872894,0.000234989783,0.000212451589,0.000106120036,5.56918009e-05,9.82396156e-05,8.6442417e-05,3.72527627e-05,1.1436035e-05,-8.95350637e-06,2.80355844e-05,4.37662193e-05,4.91472431e-05,4.13063813e-05,2.78361124e-05,4.00801154e-05,3.83522497e-05,1.5360928e-05,7.41618325e-06,-4.90054097e-06
0.6,0.000178897125,0.000236354241,0.000214955879,0.000108932576,5.51268382e-05,9.92312694e-05,8.78403145e-05,3.80707665e-05,1.17831084e-05,-9.1873971e-06,2.79540311e-05,4.39222228e-05,4.95992347e-05,4.19413594e-05,2.7778682e-05,4.05527387e-05,3.90387159e-05,1.57343834e-05,7.65818207e-06,-5.01891366e-06
0.601,0.00017889879,0.000237709425,0.000217489766,0.000111790911,5.45326309e-05,0.000100227577,8.92582687e-05,3.89069834e-05,1.21405891e-05,-9.42686911e-06,2.78677604e-05,4.40759839e-05,5.00573751e-05,4.25807581e-05,2.77059402e-05,4.10254767e-05,3.97344522e-05,1.61161101e-05,7.90742876e-06,-5.13988109e-06
0.602,0.000178877437,0.000239054831,0.000220053695,0.000114696033,5.39080471e-05,0.000101228342,9.06965061e-05,3.9761809e-05,1.2508773e-05,-9.67203898e-06,2.77767003e-05,4.42274597e-05,5.05217979e-05,4.32246458e-05,2.76175523e-05,4.14981477e-05,4.04394516e-05,1.65062334e-05,8.16410916e-06,-5.26348954e-06
0.603,0.000178832588,0.000240389912,0.000222648109,0.000117649027,5.3251882e-05,0.00010223338,9.21552801e-05,4.0635657e-05,1.28879607e-05,-9.92303266e-06,2.76807814e-05,4.43766089e-05,5.0992628e-05,4.3873068e-05,2.75132784e-05,4.19705832e-05,4.11536947e-05,1.69048729e-05,8.42841105e-06,-5.38978652e-06
0.604,0.000178763743,0.000241714095,0.000225273474,0.000120651074,5.25628686e-05,0.000103242492,9.36348526e-05,4.15289535e-05,1.32784599e-05,-1.0179984e-05,2.75799316e-05,4.45233864e-05,5.14699941e-05,4.45260972e-05,2.73929161e-05,4.24426199e-05,4.18771578e-05,1.73121467e-05,8.70052491e-06,-5.51882163e-06
0.605,0.000178670385,0.000243026793,0.000227930293,0.000123703443,5.18396875e-05,0.000104255457,9.51354833e-05,4.24421338e-05,1.36805883e-05,-1.04430321e-05,2.74740732e-05,4.46677401e-05,5.19540377e-05,4.51838605e-05,2.72562484e-05,4.29140926e-05,4.26098203e-05,1.77281745e-05,8.98064526e-06,-5.65064654e-06
0.606,0.000178551977,0.0002443274,0.000230619094,0.000126807467,5.10809861e-05,0.000105272063,9.66574316e-05,4.3375645e-05,1.40946847e-05,-1.07123066e-05,2.7363116e-05,4.48096042e-05,5.24449159e-05,4.58465456e-05,2.71030065e-05,4.33848383e-05,4.33516702e-05,1.81530836e-05,9.26897607e-06,-5.78531049e-06
0.607,0.000178407951,0.000245615271,0.000233340415,0.000129964515,5.02853877e-05,0.000106292167,9.82009679e-05,4.43299543e-05,1.45211218e-05,-1.09879104e-05,2.7246952e-05,4.49488947e-05,5.29428021e-05,4.65143949e-05,2.6932849e-05,4.38547064e-05,4.41027048e-05,1.85870132e-05,9.56573726e-06,-5.92285358e-06
0.608,0.0001782377,0.000246889713,0.000236094798,0.000133175993,4.9451478e-05,0.000107315722,9.97663834e-05,4.53055539e-05,1.49603103e-05,-1.12699137e-05,2.71254517e-05,4.50855066e-05,5.34478951e-05,4.71877177e-05,2.6745336e-05,4.43235672e-05,4.48629333e-05,1.90301161e-05,9.8711665e-06,-6.06330441e-06
0.609,0.000178040584,0.000248150007,0.000238882824,0.000136443339,4.8577788e-05,0.000108342761,0.000101353975,4.63029552e-05,1.54126971e-05,-1.15583537e-05,2.69984598e-05,4.52193119e-05,5.39604328e-05,4.78669212e-05,2.65398668e-05,4.47913131e-05,4.56323853e-05,1.94825604e-05,1.01855179e-05,-6.20668169e-06
0.61,0.000177815971,0.000249395481,0.000241705188,0.000139768049,4.76627454e-05,0.000109373285,0.000102964003,4.7322657e-05,1.58787344e-05,-1.1853267e-05,2.68658057e-05,4.5350172e-05,5.4480707e-05,4.85525312e-05,2.63156232e-05,4.52578308e-05,4.64111151e-05,1.99445235e-05,1.05090481e-05,-6.35300887e-06
0.611,0.000177563273,0.000250625537,0.000244562727,0.000143151764,4.67046028e-05,0.000110407155,0.000104596668,4.83651141e-05,1.63588319e-05,-1.21547419e-05,2.67273283e-05,4.54779654e-05,5.50090638e-05,4.92451616e-05,2.60715941e-05,4.57229572e-05,4.71991927e-05,2.04161797e-05,1.08419965e-05,-6.50233461e-06
0.612,0.000177281959,0.000251839646,0.000247456396,0.000146596341,4.5701392e-05,0.000111444075,0.000106252131,4.94307327e-05,1.6853336e-05,-1.24629437e-05,2.65828925e-05,4.56026032e-05,5.55458828e-05,4.99454475e-05,2.58066798e-05,4.61864627e-05,4.79966853e-05,2.08976905e-05,1.1184577e-05,-6.65473999e-06
0.613,0.000176971545,0.000253037302,0.000250387233,0.000150103902,4.46508972e-05,0.000112483621,0.000107930547,5.05198806e-05,1.73625284e-05,-1.27781195e-05,2.64323968e-05,4.5724033e-05,5.60915471e-05,5.06539837e-05,2.5519831e-05,4.66480528e-05,4.88036376e-05,2.13891975e-05,1.15369794e-05,-6.81033703e-06
0.614,0.000176631553,0.000254217952,0.000253356293,0.000153676828,4.35506755e-05,0.000113525373,0.000109632117,5.16329228e-05,1.78866628e-05,-1.31005601e-05,2.62757646e-05,4.58422214e-05,5.66464065e-05,5.13712673e-05,2.52101889e-05,4.71074036e-05,4.96200547e-05,2.18908249e-05,1.18993853e-05,-6.96925017e-06
0.615,0.000176261448,0.000255380935,0.000256364597,0.000157317652,4.23981369e-05,0.000114569095,0.000111357124,5.27702646e-05,1.84260274e-05,-1.34305299e-05,2.61129197e-05,4.59571222e-05,5.72107364e-05,5.20976479e-05,2.48771926e-05,4.75642185e-05,5.04458959e-05,2.24026905e-05,1.22719963e-05,-7.13158688e-06
0.616,0.000175860618,0.00025652548,0.000259413125,0.000161028925,4.11906463e-05,0.000115614797,0.000113105925,5.39323608e-05,1.89809748e-05,-1.37682306e-05,2.59437769e-05,4.60686581e-05,5.77847008e-05,5.28332816e-05,2.45206867e-05,4.80182492e-05,5.12810643e-05,2.29249089e-05,1.26550473e-05,-7.29742359e-06
0.617,0.000175428381,0.000257650715,0.000262502784,0.000164813106,3.9925684e-05,0.000116662738,0.000114878918,5.51197091e-05,1.95519242e-05,-1.41137952e-05,2.57682491e-05,4.61767194e-05,5.83683072e-05,5.35780597e-05,2.41410992e-05,4.84692818e-05,5.21253787e-05,2.34575849e-05,1.30488086e-05,-7.46680228e-06
0.618,0.000174964002,0.000258755671,0.000265634325,0.000168672439,3.86011111e-05,0.000117713363,0.000116676505,5.63328346e-05,2.01393458e-05,-1.44673084e-05,2.55862637e-05,4.628117e-05,5.89613586e-05,5.43315445e-05,2.3739694e-05,4.89171034e-05,5.29785297e-05,2.40007982e-05,1.34535794e-05,-7.63973583e-06
0.619,0.000174466749,0.000259839315,0.000268808255,0.000172608802,3.72156062e-05,0.000118767117,0.000118498993,5.75722581e-05,2.07437355e-05,-1.48288464e-05,2.53977839e-05,4.63818519e-05,5.95634022e-05,5.50929443e-05,2.33188582e-05,4.93614503e-05,5.38400307e-05,2.45545785e-05,1.38696742e-05,-7.81622146e-06
0.62,0.000173935943,0.000260900591,0.000272024674,0.000176623404,3.57693627e-05,0.000119824238,0.000120346447,5.88384624e-05,2.13656129e-05,-1.51984886e-05,2.52028216e-05,4.64785769e-05,6.01736704e-05,5.58610982e-05,2.28824001e-05,4.98019683e-05,5.47091681e-05,2.51188857e-05,1.42974169e-05,-7.99624532e-06
0.621,0.000173371019,0.000261938438,0.000275283053,0.000180716358,3.4265063e-05,0.000120884538,0.000122218504,6.01318588e-05,2.20055395e-05,-1.55763048e-05,2.50014428e-05,4.65711083e-05,6.07910163e-05,5.66344612e-05,2.2435845e-05,5.02381841e-05,5.5584954e-05,2.56935928e-05,1.47371424e-05,-8.17977909e-06
0.622,0.000172771604,0.000262951835,0.000278581954,0.000184886141,3.27090993e-05,0.000121947134,0.000124114123,6.1452738e-05,2.26641369e-05,-1.59623351e-05,2.47937739e-05,4.66591436e-05,6.14138514e-05,5.74110991e-05,2.19867104e-05,5.06694777e-05,5.64660822e-05,2.62784689e-05,1.51891956e-05,-8.36677644e-06
0.623,0.000172137602,0.000263939808,0.000281918697,0.000189129066,3.11129467e-05,0.000123010168,0.000126031334,6.28012172e-05,2.33421005e-05,-1.63565658e-05,2.45800077e-05,4.67422999e-05,6.20401023e-05,5.81887057e-05,2.15447314e-05,5.10950663e-05,5.73508893e-05,2.68731618e-05,1.56539283e-05,-8.55716949e-06
0.624,0.000171469259,0.0002649014,0.000285289022,0.000193438871,2.94945328e-05,0.000124070508,0.000127966992,6.4177203e-05,2.40402155e-05,-1.67589106e-05,2.43604025e-05,4.68201001e-05,6.26672041e-05,5.89646927e-05,2.11219554e-05,5.15140087e-05,5.82373383e-05,2.74771859e-05,1.61316925e-05,-8.75086761e-06
0.625,0.000170767201,0.000265835655,0.000288686822,0.000197806473,2.78794048e-05,0.000125123392,0.000129916552,6.55803642e-05,2.47593774e-05,-1.71691945e-05,2.41352689e-05,4.68919541e-05,6.32921413e-05,5.97363696e-05,2.07326112e-05,5.19252402e-05,5.9123048e-05,2.80899199e-05,1.66228322e-05,-8.94776093e-06
0.626,0.000170032423,0.00026674159,0.000292104037,0.000202219948,2.63014547e-05,0.000126162084,0.000131873907,6.7010125e-05,2.55006237e-05,-1.75871329e-05,2.39049437e-05,4.69571404e-05,6.3911532e-05,6.05011656e-05,2.03927195e-05,5.23276266e-05,6.00053726e-05,2.87106252e-05,1.712768e-05,-9.14772444e-06
0.627,0.000169266226,0.000267618145,0.000295530695,0.00020666485,2.480293e-05,0.000127177675,0.000133831355,6.84656922e-05,2.62651682e-05,-1.80123107e-05,2.36697575e-05,4.70147988e-05,6.45217493e-05,6.12568411e-05,2.01194747e-05,5.27200261e-05,6.08815249e-05,2.9338487e-05,1.76465595e-05,-9.35062146e-06
0.628,0.000168470118,0.000268464121,0.000298955156,0.000211124884,2.34335013e-05,0.000128159115,0.000135779768,6.99460973e-05,2.7054399e-05,-1.84441841e-05,2.34300093e-05,4.70639444e-05,6.51190767e-05,6.20016654e-05,1.99304426e-05,5.31013549e-05,6.17487289e-05,2.99726631e-05,1.8179784e-05,-9.55631325e-06
0.629,0.000167645725,0.00026927815,0.000302364567,0.000215582888,2.22482854e-05,0.000129093522,0.000137708964,7.14502534e-05,2.78698355e-05,-1.88821094e-05,2.31859493e-05,4.71035057e-05,6.56998875e-05,6.27345496e-05,1.98426347e-05,5.34706536e-05,6.26043897e-05,3.06123386e-05,1.87276479e-05,-9.76467414e-06
0.63,0.000166794695,0.000270058685,0.000305745501,0.000220022033,2.1304899e-05,0.000129966774,0.000139608294,7.29770263e-05,2.87130404e-05,-1.93254029e-05,2.29377733e-05,4.7132382e-05,6.6260838e-05,6.34551306e-05,1.98715357e-05,5.38271555e-05,6.34462651e-05,3.12567758e-05,1.9290411e-05,-9.97561266e-06
0.631,0.000165918637,0.000270804085,0.000309084764,0.000224427028,2.06598087e-05,0.000130764287,0.000141467336,7.45252974e-05,2.9585497e-05,-1.97734255e-05,2.26856261e-05,4.714951e-05,6.6799044e-05,6.41637974e-05,2.00301757e-05,5.41703504e-05,6.42726319e-05,3.19053577e-05,1.98682764e-05,-1.01890988e-05
0.632,0.000165019047,0.000271512743,0.00031237028,0.000228785203,2.03644012e-05,0.000131471951,0.000143276649,7.60940296e-05,3.04884929e-05,-2.02256627e-05,2.24296063e-05,4.71539266e-05,6.73122111e-05,6.48616184e-05,2.0328368e-05,5.45000129e-05,6.5082422e-05,3.25576332e-05,2.04613812e-05,-1.04051852e-05
0.633,0.000164097204,0.000272183183,0.0003155919,0.000233087392,2.04612574e-05,0.00013207719,0.000145028531,7.76823453e-05,3.14230265e-05,-2.06817906e-05,2.21697731e-05,4.71448264e-05,6.77987097e-05,6.55501718e-05,2.07722083e-05,5.48161786e-05,6.58753045e-05,3.32133637e-05,2.10698034e-05,-1.06240161e-05
0.634,0.00016315405,0.000272814111,0.000318741998,0.000237328467,2.0981134e-05,0.000132570017,0.000146717686,7.92896111e-05,3.2389748e-05,-2.11417182e-05,2.19061503e-05,4.71216036e-05,6.82576007e-05,6.62313317e-05,2.13638597e-05,5.51190941e-05,6.66517045e-05,3.38725593e-05,2.1693584e-05,-1.08458238e-05
0.635,0.000162190093,0.000273404429,0.000321815824,0.000241507458,2.19410692e-05,0.000132943903,0.000148341696,8.09155125e-05,3.33889511e-05,-2.16055968e-05,2.1638724e-05,4.70838687e-05,6.86886151e-05,6.69070684e-05,2.21016106e-05,5.54091736e-05,6.74127705e-05,3.4535499e-05,2.23327586e-05,-1.10709112e-05
0.636,0.000161205372,0.000273953257,0.000324811567,0.000245627259,2.33438355e-05,0.000133196321,0.000149901196,8.25600815e-05,3.44205809e-05,-2.20738165e-05,2.13674456e-05,4.70314487e-05,6.90920975e-05,6.75792909e-05,2.29801764e-05,5.56869719e-05,6.81602955e-05,3.52027214e-05,2.29873795e-05,-1.12996357e-05
0.637,0.000160199507,0.000274459971,0.000327730166,0.000249694001,2.51787573e-05,0.000133328895,0.000151399738,8.42236619e-05,3.54842591e-05,-2.25469906e-05,2.10922407e-05,4.69643725e-05,6.94689147e-05,6.82497344e-05,2.39912094e-05,5.59531667e-05,6.8896605e-05,3.58749902e-05,2.36575284e-05,-1.15323944e-05
0.638,0.000159171813,0.000274924235,0.000330574908,0.000253716214,2.74236989e-05,0.000133347167,0.000152843371,8.59068202e-05,3.65793156e-05,-2.30259337e-05,2.08130256e-05,4.688285e-05,6.98203388e-05,6.89198744e-05,2.51239648e-05,5.62085226e-05,6.96244187e-05,3.65532422e-05,2.43433188e-05,-1.17696162e-05
0.639,0.000158121452,0.000275346006,0.000333350816,0.000257703882,3.00478927e-05,0.000133259992,0.000154240063,8.7610259e-05,3.77048332e-05,-2.35116419e-05,2.05297316e-05,4.67872555e-05,7.01479333e-05,6.95908738e-05,2.63660288e-05,5.64538445e-05,7.03466942e-05,3.72385277e-05,2.50448903e-05,-1.20117563e-05
0.64,0.000157047548,0.000275725467,0.000336063919,0.000261667485,3.3015187e-05,0.000133078658,0.000155599041,8.93347785e-05,3.88597368e-05,-2.40052521e-05,2.02423156e-05,4.6678099e-05,7.04534514e-05,7.02635815e-05,2.77040181e-05,5.6689964e-05,7.10664799e-05,3.79319531e-05,2.57624075e-05,-1.22592862e-05
0.641,0.000155949268,0.000276062943,0.000338720582,0.00026561717,3.62872527e-05,0.000132815833,0.0001569301,9.10812589e-05,4.0042909e-05,-2.45079842e-05,1.99507606e-05,4.65559815e-05,7.07387418e-05,7.09385811e-05,2.9124218e-05,5.69177589e-05,7.17867899e-05,3.8634629e-05,2.64960604e-05,-1.25126792e-05
0.642,0.000154825848,0.000276358802,0.000341326954,0.000269562144,3.98263724e-05,0.000132484534,0.00015824296,9.28506624e-05,4.12533211e-05,-2.50210687e-05,1.96550641e-05,4.64215413e-05,7.10056558e-05,7.16162497e-05,3.06131462e-05,5.71381752e-05,7.2510504e-05,3.93476326e-05,2.72460742e-05,-1.27723922e-05
0.643,0.000153676574,0.000276613356,0.000343888586,0.000273510337,4.35975669e-05,0.000132097247,0.000159546751,9.46440428e-05,4.24901528e-05,-2.55456728e-05,1.93552234e-05,4.62753982e-05,7.12559575e-05,7.22968018e-05,3.21580346e-05,5.73522182e-05,7.32402873e-05,4.00719878e-05,2.80127257e-05,-1.30388464e-05
0.644,0.000152500784,0.000276826797,0.0003464102,0.000277468265,4.7569958e-05,0.000131665258,0.00016084965,9.64625373e-05,4.37528628e-05,-2.60828547e-05,1.90512304e-05,4.61181175e-05,7.14912516e-05,7.29803152e-05,3.37472039e-05,5.75609031e-05,7.39785276e-05,4.08086519e-05,2.87963528e-05,-1.33124157e-05
0.645,0.000151297875,0.000276999161,0.000348895565,0.000281441049,5.17174201e-05,0.000131198208,0.000162158701,9.83073731e-05,4.5041217e-05,-2.66335474e-05,1.8743074e-05,4.59501949e-05,7.17129435e-05,7.36667513e-05,3.53702973e-05,5.77651939e-05,7.47272919e-05,4.15585088e-05,2.95973568e-05,-1.35934235e-05
0.646,0.000150067335,0.000277130336,0.000351347483,0.000285432525,5.60186325e-05,0.000130703853,0.000163479776,0.000100179864,4.63552742e-05,-2.71985717e-05,1.84307498e-05,4.57720583e-05,7.19222298e-05,7.43559906e-05,3.70183867e-05,5.79659643e-05,7.54883076e-05,4.23223589e-05,3.04161901e-05,-1.38821484e-05
0.647,0.000148808789,0.00027722012,0.000353767896,0.000289445465,6.04566906e-05,0.000130188079,0.000164817616,0.000102081366,4.76953334e-05,-2.77786654e-05,1.81142706e-05,4.55840725e-05,7.21200993e-05,7.50478723e-05,3.8684006e-05,5.81639619e-05,7.62629621e-05,4.31009091e-05,3.12533388e-05,-1.41788372e-05
0.648,0.000147521998,0.000277268261,0.000356158061,0.000293481842,6.50184836e-05,0.000129655089,0.000166175932,0.000104013237,4.90618877e-05,-2.83745032e-05,1.77936684e-05,4.53865395e-05,7.2307334e-05,7.57422177e-05,4.03611267e-05,5.83597595e-05,7.70523131e-05,4.38947768e-05,3.21093175e-05,-1.44837127e-05
0.649,0.000146206835,0.00027727448,0.000358518721,0.000297543074,6.96939982e-05,0.000129107664,0.000167557554,0.000105976815,5.04555876e-05,-2.89867068e-05,1.74689917e-05,4.51797e-05,7.24845197e-05,7.64388409e-05,4.20450695e-05,5.85537027e-05,7.78571061e-05,4.47045038e-05,3.29846705e-05,-1.47969767e-05
0.65,0.00014486323,0.000277238452,0.000360850241,0.000301630209,7.44756592e-05,0.00012854745,0.000168964596,0.000107973427,5.18772294e-05,-2.96158398e-05,1.71402948e-05,4.49637299e-05,7.26520629e-05,7.71375525e-05,4.37323515e-05,5.87458776e-05,7.86778023e-05,4.5530578e-05,3.38799826e-05,-1.5118806e-05
0.651,0.000143491104,0.00027715977,0.000363152698,0.000305744056,7.93577594e-05,0.000127975208,0.000170398624,0.000110004417,5.33277564e-05,-3.02623967e-05,1.68076254e-05,4.47387394e-05,7.28102156e-05,7.78381642e-05,4.54204902e-05,5.89361168e-05,7.95146183e-05,4.63734555e-05,3.47958886e-05,-1.54493475e-05
0.652,0.00014209035,0.000277037941,0.000365425956,0.000309885263,8.43359814e-05,0.000127391033,0.000171860787,0.000112071155,5.48082423e-05,-3.09268065e-05,1.64710203e-05,4.45047778e-05,7.29591018e-05,7.85405043e-05,4.71078176e-05,5.91240275e-05,8.03675684e-05,4.72335702e-05,3.57330716e-05,-1.57887187e-05
0.653,0.000140660836,0.000276872418,0.000367669763,0.000314054432,8.94070144e-05,0.000126794564,0.000173351898,0.000114175005,5.631986e-05,-3.16094433e-05,1.61305058e-05,4.42618392e-05,7.30987366e-05,7.92444264e-05,4.8793338e-05,5.93089979e-05,8.12365008e-05,4.811134e-05,3.66922576e-05,-1.61370144e-05
0.654,0.000139202441,0.000276662649,0.000369883821,0.000318252188,9.45682822e-05,0.000126185141,0.000174872491,0.000116317269,5.78638327e-05,-3.23106534e-05,1.57861077e-05,4.4009882e-05,7.32290503e-05,7.99498084e-05,5.04765875e-05,5.94901867e-05,8.21211252e-05,4.90071687e-05,3.76742043e-05,-1.64943181e-05
0.655,0.000137715091,0.000276408101,0.000372067776,0.000322479169,9.98177838e-05,0.000125561875,0.000176422889,0.000118499191,5.94414008e-05,-3.30307843e-05,1.54378621e-05,4.37488558e-05,7.33499282e-05,8.06565437e-05,5.21574472e-05,5.96665523e-05,8.30210444e-05,4.99214461e-05,3.8679687e-05,-1.68607136e-05
0.656,0.000136198765,0.000276108251,0.000374221186,0.000326735988,0.000105154001,0.000124923668,0.000178003276,0.000120721982,6.10538173e-05,-3.37701956e-05,1.50858178e-05,4.34787195e-05,7.34612476e-05,8.13645356e-05,5.38359426e-05,5.98369336e-05,8.39357956e-05,5.08545483e-05,3.97094885e-05,-1.72362892e-05
0.657,0.000134653483,0.000275762558,0.000376343488,0.000331023193,0.000110575835,0.000124269204,0.000179613748,0.000122986868,6.27023603e-05,-3.45292573e-05,1.47300338e-05,4.3199448e-05,7.35629052e-05,8.20736974e-05,5.55120842e-05,6.00001577e-05,8.48648908e-05,5.18068366e-05,4.07643919e-05,-1.76211385e-05
0.658,0.000133079265,0.000275370431,0.000378433991,0.000335341252,0.000116082549,0.000123596972,0.000181254345,0.000125295125,6.43883573e-05,-3.53083315e-05,1.43705686e-05,4.29110237e-05,7.36548196e-05,8.27839536e-05,5.71857932e-05,6.01551275e-05,8.58078484e-05,5.27786595e-05,4.18451814e-05,-1.80153554e-05
0.659,0.000131476101,0.000274931213,0.000380491915,0.000339690599,0.000121673707,0.00012290531,0.000182925055,0.000127648072,6.61131971e-05,-3.61077559e-05,1.40074722e-05,4.26134228e-05,7.37369183e-05,8.34952387e-05,5.88569142e-05,6.03008429e-05,8.67642042e-05,5.37703573e-05,4.2952649e-05,-1.84190298e-05
0.66,0.000129843953,0.000274444188,0.000382516417,0.000344071664,0.000127349138,0.000122192438,0.00018462581,0.000130047063,6.78783254e-05,-3.69278414e-05,1.36407858e-05,4.23066115e-05,7.38091283e-05,8.42074944e-05,6.05252446e-05,6.04363889e-05,8.77335075e-05,5.47822636e-05,4.40875977e-05,-1.88322472e-05
0.661,0.000128182763,0.00027390859,0.000384506579,0.000348484869,0.000133108924,0.000121456459,0.0001863565,0.000132493483,6.96852382e-05,-3.776888e-05,1.32705454e-05,4.19905506e-05,7.38713794e-05,8.4920672e-05,6.21905542e-05,6.05609313e-05,8.87153148e-05,5.58147029e-05,4.5250839e-05,-1.92550896e-05
0.662,0.000126492492,0.000273323631,0.000386461413,0.000352930635,0.000138953386,0.000120695357,0.000188116973,0.000134988727,7.15354647e-05,-3.86311616e-05,1.28967899e-05,4.16652021e-05,7.39236064e-05,8.5634744e-05,6.38526202e-05,6.06737085e-05,8.97091825e-05,5.68679822e-05,4.64431858e-05,-1.96876415e-05
0.663,0.000124773135,0.000272688528,0.000388379878,0.000357409399,0.000144883067,0.000119907014,0.000189907023,0.000137534182,7.34305542e-05,-3.95149862e-05,1.25195648e-05,4.13305287e-05,7.39657452e-05,8.63497164e-05,6.55112865e-05,6.07740017e-05,9.07146574e-05,5.79423882e-05,4.76654506e-05,-2.01299927e-05
0.664,0.000123024722,0.000272002515,0.000390260916,0.000361921651,0.000150898706,0.000119089244,0.000191726374,0.000140131196,7.53720696e-05,-4.04206643e-05,1.21389207e-05,4.09864873e-05,7.39977217e-05,8.70656368e-05,6.71665267e-05,6.08610763e-05,9.17312633e-05,5.90381908e-05,4.89184501e-05,-2.05822395e-05
0.665,0.000121247306,0.000271264845,0.000392103492,0.000366467968,0.000157001224,0.000118239808,0.000193574659,0.000142781071,7.73615858e-05,-4.13485089e-05,1.17549083e-05,4.06330214e-05,7.40194422e-05,8.77825941e-05,6.88184775e-05,6.09341192e-05,9.27584855e-05,6.0155651e-05,5.02030147e-05,-2.1044482e-05
0.666,0.000119440935,0.00027047476,0.000393906578,0.000371049003,0.000163191708,0.000117356405,0.000195451455,0.000145485082,7.94006985e-05,-4.22988262e-05,1.13675726e-05,4.02700573e-05,7.40307922e-05,8.85007087e-05,7.04674098e-05,6.09922204e-05,9.37957679e-05,6.12950296e-05,5.15199953e-05,-2.151682e-05
0.667,0.000117605643,0.000269631469,0.000395669122,0.00037566545,0.000169471421,0.00011643665,0.000197356305,0.000148244515,8.14910345e-05,-4.32719126e-05,1.09769511e-05,3.98975066e-05,7.40316428e-05,8.92201252e-05,7.21136814e-05,6.10343959e-05,9.48425217e-05,6.24565885e-05,5.28702623e-05,-2.19993528e-05
0.668,0.000115741451,0.000268734151,0.000397390044,0.000380318038,0.000175841791,0.00011547805,0.000199288734,0.000151060673,8.36342541e-05,-4.4268056e-05,1.05830748e-05,3.95152677e-05,7.40218531e-05,8.99410116e-05,7.37577133e-05,6.1059605e-05,9.58981362e-05,6.36405912e-05,5.42547037e-05,-2.24921793e-05
0.669,0.000113848377,0.000267781959,0.000399068232,0.000385007558,0.000182304435,0.000114478013,0.000201248239,0.000153934864,8.58320486e-05,-4.52875424e-05,1.01859721e-05,3.91232304e-05,7.40012727e-05,9.06635571e-05,7.53999799e-05,6.1066749e-05,9.69619842e-05,6.48473028e-05,5.56742248e-05,-2.29954006e-05
0.67,0.000111926452,0.000266774026,0.00040070253,0.00038973487,0.000188861201,0.000113433834,0.000203234281,0.000156868387,8.80861396e-05,-4.63306626e-05,9.78567506e-06,3.87212837e-05,7.39697495e-05,9.13879684e-05,7.70409842e-05,6.10546809e-05,9.80334241e-05,6.60769869e-05,5.71297489e-05,-2.35091194e-05
0.671,0.00010997572,0.000265709456,0.00040229171,0.000394500899,0.000195514218,0.000112342672,0.000205246308,0.000159862544,9.03982814e-05,-4.73977152e-05,9.38222155e-06,3.83093212e-05,7.39271368e-05,9.21144609e-05,7.86812176e-05,6.10222431e-05,9.91118029e-05,6.73299015e-05,5.86222147e-05,-2.40334395e-05
0.672,0.000107996239,0.000264587311,0.000403834442,0.0003993066,0.000202265943,0.000111201497,0.000207283787,0.000162918677,9.2770267e-05,-4.84890066e-05,8.97565573e-06,3.78872451e-05,7.38732983e-05,9.28432517e-05,8.03211271e-05,6.09683293e-05,0.000100196465,6.86062912e-05,6.01525706e-05,-2.45684655e-05
0.673,0.000105988082,0.000263406606,0.00040532928,0.000404152941,0.000209119155,0.000110007042,0.000209346237,0.000166038199,9.52039263e-05,-4.9604851e-05,8.56602465e-06,3.74549609e-05,7.3808104e-05,9.35745602e-05,8.19611256e-05,6.0891926e-05,0.000101286766,6.99063831e-05,6.17217637e-05,-2.51143058e-05
0.674,0.000103951328,0.00026216632,0.000406774708,0.000409040929,0.000216076943,0.00010875578,0.000211433238,0.00016922259,9.77011167e-05,-5.07455711e-05,8.15337418e-06,3.70123696e-05,7.37314175e-05,9.43086164e-05,8.36016458e-05,6.07920935e-05,0.000102382076,7.12303901e-05,6.33307373e-05,-2.56710785e-05
0.675,0.00010188606,0.000260865399,0.000408169153,0.000413971655,0.000223142714,0.000107443902,0.000213544423,0.000172473392,0.000100263716,-5.19115e-05,7.73774714e-06,3.65593618e-05,7.36430881e-05,9.5045671e-05,8.52431929e-05,6.06679146e-05,0.000103481784,7.25785191e-05,6.49804339e-05,-2.62389134e-05
0.676,9.97923578e-05,0.000259502744,0.000409510987,0.000418946335,0.000230320269,0.000106067293,0.000215679482,0.0001757922,0.000102893631,-5.31029783e-05,7.31918285e-06,3.6095814e-05,7.35429479e-05,9.57860077e-05,8.68863796e-05,6.05184452e-05,0.000104585284,7.39509778e-05,6.6671803e-05,-2.68179481e-05
0.677,9.76702903e-05,0.000258077184,0.000410798486,0.000423966352,0.000237613916,0.000104621485,0.000217838169,0.000179180666,0.000105592817,-5.43203476e-05,6.89771818e-06,3.56215863e-05,7.34308101e-05,9.6529953e-05,8.85319534e-05,6.03426706e-05,0.000105691977,7.53479816e-05,6.84058152e-05,-2.74083199e-05
0.678,9.55199129e-05,0.00025658746,0.000412029812,0.000429033281,0.000245028573,0.000103101602,0.000220020317,0.000182640509,0.000108363293,-5.55639474e-05,6.47338854e-06,3.51365201e-05,7.33064663e-05,9.72778821e-05,9.01808133e-05,6.01394668e-05,0.000106801268,7.67697601e-05,7.01834708e-05,-2.80101609e-05
0.679,9.33412688e-05,0.000255032229,0.000413203018,0.000434148932,0.00025256983,0.000101502278,0.000222225856,0.000186173516,0.00011120714,-5.68341175e-05,6.04622851e-06,3.46404379e-05,7.31696835e-05,9.80302132e-05,9.18340025e-05,5.99075714e-05,0.000107912576,7.82165613e-05,7.20058038e-05,-2.86235988e-05
0.68,9.11343995e-05,0.000253410081,0.00041431609,0.000439315383,0.000260243952,9.98175779e-05,0.00022445485,0.000189781534,0.000114126465,-5.81312123e-05,5.61627424e-06,3.41331521e-05,7.3020209e-05,9.87873808e-05,9.3492635e-05,5.96456134e-05,0.000109025322,7.96886466e-05,7.38738741e-05,-2.92487653e-05
0.681,8.88993597e-05,0.000251719567,0.000415366953,0.00044453496,0.00026805785,9.80409262e-05,0.000226707587,0.000193466505,0.000117123365,-5.94556273e-05,5.18356871e-06,3.36144847e-05,7.28577848e-05,9.95497771e-05,9.5157735e-05,5.93522703e-05,0.000110138939,8.11862681e-05,7.57887453e-05,-2.98858093e-05
0.682,8.66362257e-05,0.0002499592,0.000416353453,0.000449810172,0.000276019006,9.61651103e-05,0.000228984696,0.00019723051,0.000120199908,-6.08078158e-05,4.7481702e-06,3.30842901e-05,7.26821606e-05,0.000100317662,9.68300187e-05,5.90265692e-05,0.00011125286,8.27096272e-05,7.77514646e-05,-3.05349013e-05
0.683,8.43450982e-05,0.000248127461,0.000417273326,0.000455143597,0.000284135293,9.41824758e-05,0.00023128721,0.000201075788,0.000123358141,-6.21882913e-05,4.31016384e-06,3.25424799e-05,7.24930987e-05,0.000101091035,9.85096405e-05,5.86683285e-05,0.000112366505,8.42588112e-05,7.97630461e-05,-3.11962298e-05
0.684,8.2026097e-05,0.000246222788,0.00041812416,0.000460537696,0.000292414637,9.20854457e-05,0.000233616573,0.000205004683,0.000126600124,-6.35976035e-05,3.86967608e-06,3.19890457e-05,7.22903673e-05,0.000101869469,0.000100195906,5.82787471e-05,0.000113479236,8.58337041e-05,8.1824468e-05,-3.18699806e-05
0.685,7.96793746e-05,0.000244243611,0.000418903365,0.000465994474,0.000300864385,8.98675203e-05,0.000235974537,0.000209019506,0.000129927948,-6.50363013e-05,3.42689338e-06,3.14240874e-05,7.2073728e-05,0.000102651901,0.000101886962,5.7861158e-05,0.000114590268,8.74338592e-05,8.39366653e-05,-3.25563115e-05
0.686,7.73051671e-05,0.000242188448,0.000419608181,0.000471514959,0.000309490285,8.75249035e-05,0.000238362959,0.000213122272,0.000133343707,-6.65049056e-05,2.98208375e-06,3.08478456e-05,7.18429223e-05,0.00010343642,0.000103579494,5.7421931e-05,0.000115698543,8.90583326e-05,8.61004979e-05,-3.32553364e-05
0.687,7.49038848e-05,0.000240056076,0.000420235711,0.000477098426,0.00031829507,8.50588794e-05,0.000240783433,0.000217314308,0.000136849416,-6.80038872e-05,2.5356184e-06,3.02607323e-05,7.15976498e-05,0.000104220055,0.000105268527,5.69714348e-05,0.000116802589,9.07054925e-05,8.83166904e-05,-3.39671239e-05
0.688,7.24762373e-05,0.000237845779,0.000420783003,0.000482741455,0.000327276684,8.24789704e-05,0.000243236681,0.000221595686,0.000140446874,-6.9533651e-05,2.08798865e-06,2.96633475e-05,7.13375362e-05,0.000104998645,0.000106947415,5.65248807e-05,0.000117900395,9.23728413e-05,9.05857499e-05,-3.46917182e-05
0.689,7.00233475e-05,0.000235557594,0.000421247136,0.000488436896,0.000336426402,7.98067492e-05,0.000245721586,0.000225964474,0.000144137545,-7.10944858e-05,1.63981205e-06,2.90564678e-05,7.10620787e-05,0.000105766784,0.000108608086,5.61028348e-05,0.000118989327,9.40568966e-05,9.29079038e-05,-3.54291601e-05
0.69,6.75468366e-05,0.000233192494,0.000421625259,0.000494172882,0.000345727214,7.70799091e-05,0.000248233899,0.000230415877,0.000147922495,-7.2686461e-05,1.19182445e-06,2.84410014e-05,7.07705787e-05,0.000106517913,0.000110241571,5.57312087e-05,0.000120066107,9.57531734e-05,9.52830756e-05,-3.61794996e-05
0.691,6.50488568e-05,0.000230752469,0.00042191454,0.000499932065,0.000355152873,7.43559297e-05,0.000250764705,0.000234941372,0.000151802412,-7.430927e-05,7.44856315e-07,2.781791e-05,7.04620671e-05,0.000107244549,0.000111838775,5.54405862e-05,0.000121126892,9.74562983e-05,9.77109151e-05,-3.69427931e-05
0.692,6.25320819e-05,0.000228240486,0.000422112059,0.000505691252,0.000364667909,7.17144684e-05,0.000253298922,0.00023952802,0.000155777684,-7.59620669e-05,2.99796877e-07,2.71881128e-05,7.01352454e-05,0.00010793865,0.000113391399,5.52648426e-05,0.000122167488,9.91602759e-05,0.000100190871,-3.77191009e-05
0.693,5.99996705e-05,0.0002256604,0.000422214741,0.00051142165,0.00037422876,6.92575644e-05,0.000255814168,0.000244158154,0.000159848476,-7.76433748e-05,-1.42448723e-07,2.65523964e-05,6.97884671e-05,0.000108592095,0.000114892866,5.52391494e-05,0.000123183687,0.000100858893,0.00010272227,-3.85085154e-05
0.694,5.74551809e-05,0.000223016784,0.000422219361,0.000517089868,0.000383786084,6.71069412e-05,0.000258280316,0.000248809616,0.000164014783,-7.93510983e-05,-5.81004414e-07,2.59113461e-05,6.94197731e-05,0.000109197192,0.000116339059,5.53975916e-05,0.000124171693,0.000102546225,0.000105304405,-3.93112151e-05
0.695,5.49024378e-05,0.000220314701,0.000422122643,0.000522659693,0.000393288113,6.53980927e-05,0.000260660109,0.000253456689,0.000168276453,-8.108268e-05,-1.01506446e-06,2.52653174e-05,6.90269898e-05,0.000109747159,0.000117728718,5.57707362e-05,0.000125128544,0.000104217169,0.00010793662,-4.01275408e-05
0.696,5.23453295e-05,0.000217559365,0.000421921381,0.000528094491,0.000402684796,6.42714506e-05,0.000262910954,0.000258071748,0.000172633245,-8.28353641e-05,-1.44392687e-06,2.46144448e-05,6.86078727e-05,0.000110236491,0.000119063408,5.63834993e-05,0.000126052411,0.000105867932,0.000110618409,-4.09580527e-05
0.697,4.97875514e-05,0.000214755706,0.000421612533,0.000533359943,0.000411932178,6.38615969e-05,0.00026498782,0.000262627487,0.000177084963,-8.46065115e-05,-1.86701524e-06,2.39586786e-05,6.81602711e-05,0.000110661175,0.000120347092,5.7253585e-05,0.00012694271,0.000107496389,0.000113349563,-4.18035344e-05
0.698,4.72323614e-05,0.000211907946,0.000421193319,0.000538426711,0.000420996325,6.42859854e-05,0.000266846919,0.000267099424,0.000181631624,-8.63939481e-05,-2.28388285e-06,2.32978475e-05,6.76822955e-05,0.000111018738,0.000121585412,5.83906581e-05,0.000127799994,0.00010910226,0.000116130312,-4.26649498e-05
0.699,4.46823937e-05,0.000209019243,0.00042066131,0.000543272617,0.000429856108,6.56349024e-05,0.000268449721,0.00027146831,0.000186273617,-8.81962967e-05,-2.69420138e-06,2.26317326e-05,6.71724658e-05,0.000111308172,0.00012278484,5.97962591e-05,0.000128625659,0.000110687086,0.000118961462,-4.35433612e-05
0.7,4.21395554e-05,0.000206091526,0.000420014542,0.000547883973,0.000438504317,6.79642521e-05,0.000269766764,0.000275722105,0.00019101176,-9.00132786e-05,-3.09774549e-06,2.1960141e-05,6.66298251e-05,0.000111529764,0.000123951858,6.1464352e-05,0.000129421565,0.000112254038,0.000121844464,-4.44398485e-05
0.701,3.96049835e-05,0.000203125465,0.000419251611,0.000552255895,0.000446946985,7.12922968e-05,0.000270780665,0.000279857228,0.000195847295,-9.18459019e-05,-3.49438478e-06,2.12829532e-05,6.60539938e-05,0.000111684891,0.000125092297,6.3382304e-05,0.000130189674,0.000113807627,0.000124781413,-4.53554359e-05
0.702,3.70789551e-05,0.000200120479,0.000418371613,0.000556391572,0.000455201142,7.56007717e-05,0.00027148785,0.000283878981,0.000200781938,-9.36964109e-05,-3.88410497e-06,2.06001103e-05,6.54451257e-05,0.000111775797,0.000126210922,6.55320797e-05,0.00013093183,0.000115353407,0.000127775025,-4.6291002e-05
0.703,3.45608636e-05,0.000197074829,0.000417374006,0.00056030071,0.000463291561,8.08399284e-05,0.000271898616,0.00028780102,0.000205817929,-9.55680728e-05,-4.26702902e-06,1.99115728e-05,6.48038037e-05,0.000111805358,0.000127311262,6.78915066e-05,0.000131649707,0.000116897701,0.000130828567,-4.72472151e-05
0.704,3.20493795e-05,0.000193985897,0.000416258481,0.000563997487,0.000471247199,8.6936395e-05,0.000272035466,0.0002916439,0.000210958032,-9.74649019e-05,-4.64340572e-06,1.9217296e-05,6.4130927e-05,0.000111776889,0.000128395703,7.04355432e-05,0.00013234489,0.000118447313,0.000133945729,-4.82245235e-05
0.705,2.95429108e-05,0.000190850783,0.00041502502,0.00056749842,0.000479097901,9.38023477e-05,0.00027193001,0.000295432857,0.000216205305,-9.93915191e-05,-5.01354018e-06,1.85172743e-05,6.34276597e-05,0.000111694014,0.000129465751,7.31375467e-05,0.000133019033,0.000120009191,0.000137130374,-4.92232646e-05
0.706,2.7040341e-05,0.000187667205,0.000413674216,0.000570820502,0.000486871777,0.000101344506,0.000271618987,0.000299195138,0.000221562619,-0.000101353239,-5.37766782e-06,1.78116672e-05,6.26954684e-05,0.0001115606,0.000130522406,7.59705356e-05,0.000133674021,0.000121590023,0.000140386175,-5.02439022e-05
0.707,2.4541486e-05,0.000184434084,0.000412207437,0.000573979746,0.000494593418,0.000109471878,0.000271140362,0.000302957611,0.000227032389,-0.000103356,-5.7358762e-06,1.71008689e-05,6.19361058e-05,0.000111380657,0.000131566443,7.89083605e-05,0.000134312057,0.000123195916,0.000143716365,-5.12871835e-05
0.708,2.20470978e-05,0.000181151579,0.000410626677,0.000576990177,0.000502282967,0.00011810153,0.000270530103,0.000306745063,0.000232616656,-0.000105406013,-6.08810478e-06,1.63854769e-05,6.11514962e-05,0.000111158153,0.000132598529,8.19267015e-05,0.000134935636,0.000124832231,0.000147123683,-5.23541349e-05
0.709,1.95582807e-05,0.0001778204,0.000408933915,0.000579863193,0.000509955898,0.000127162161,0.000269820102,0.000310579511,0.000238317695,-0.000107509009,-6.43424596e-06,1.56661215e-05,6.03434751e-05,0.000110896713,0.000133619122,8.5003788e-05,0.000135547384,0.000126503637,0.000150610601,-5.34458165e-05
0.71,1.70757831e-05,0.000174440927,0.000407130376,0.000582607264,0.000517623335,0.000136595535,0.000269037098,0.000314480207,0.000244138734,-0.000109669452,-6.77426251e-06,1.49432708e-05,5.9513518e-05,0.00011059932,0.000134628304,8.8120822e-05,0.0001361498,0.000128214269,0.000154179657,-5.45630068e-05
0.711,1.4599795e-05,0.000171012914,0.00040521629,0.000585228069,0.00052529275,0.000146356097,0.000268202196,0.000318463719,0.000250084148,-0.000111890312,-7.10821086e-06,1.42171829e-05,5.86626569e-05,0.000110268199,0.000135625739,9.12621698e-05,0.000136744979,0.000129967764,0.000157833583,-5.57060922e-05
0.712,1.21301273e-05,0.000167535652,0.000403191058,0.000587728938,0.000532968846,0.000156409423,0.000267330864,0.000322543997,0.000256159273,-0.000114173272,-7.43619797e-06,1.34879635e-05,5.77915409e-05,0.000109904859,0.000136610754,9.4415327e-05,0.000137334358,0.000131767205,0.000161575274,-5.6875122e-05
0.713,9.66668901e-06,0.000164008496,0.00040105373,0.00059011147,0.000540654498,0.000166730132,0.000266433212,0.000326732314,0.0002623699,-0.000116519271,-7.75829035e-06,1.27557049e-05,5.69006155e-05,0.000109510276,0.000137582531,9.75707055e-05,0.000137918569,0.000133614974,0.00016540763,-5.80699988e-05
0.714,7.20978296e-06,0.000160431209,0.000398803352,0.000592376089,0.000548351485,0.000177299821,0.000265514654,0.000331037424,0.000268721922,-0.000118928927,-8.07446352e-06,1.20205753e-05,5.59902591e-05,0.000109085075,0.000138540264,0.000100721248,0.000138497395,0.000135512689,0.00016933344,-5.92906159e-05
0.715,4.76008821e-06,0.000156803945,0.000396439029,0.000594522416,0.000556060989,0.000188105297,0.000264576887,0.000335466019,0.000275221242,-0.000121402674,-8.38461105e-06,1.12828212e-05,5.50608248e-05,0.000108629638,0.00013948321,0.000103861933,0.000139069834,0.000137461291,0.000173355393,-6.05368773e-05
0.716,2.31853221e-06,0.000153127151,0.000393959927,0.00059654952,0.000563783829,0.000199137155,0.000263618934,0.000340023293,0.000281873723,-0.00012394083,-8.68857558e-06,1.05427417e-05,5.41126491e-05,0.000108144185,0.000140410703,0.000106989272,0.000139634233,0.000139461207,0.000177476088,-6.18087026e-05
0.717,-1.13856942e-07,0.000149401436,0.000391365259,0.000598456083,0.000571520561,0.000210388728,0.000262638076,0.0003447135,0.000288685146,-0.000126543641,-8.98618207e-06,9.80065626e-06,5.31460493e-05,0.000107628824,0.000141322135,0.000110100865,0.000140188456,0.000141512534,0.000181698051,-6.31060375e-05
0.718,-2.53600257e-06,0.000145627535,0.000388654292,0.000600240513,0.000579271578,0.000221855363,0.000261630439,0.000349540319,0.000295661187,-0.000129211357,-9.27725156e-06,9.0568931e-06,5.21613339e-05,0.000107083613,0.000142216971,0.000113195043,0.000140730042,0.000143615166,0.000186023733,-6.44288767e-05
0.719,-4.94681195e-06,0.000141806232,0.000385826275,0.000601900987,0.000587037229,0.000233533988,0.000260591285,0.000354507087,0.000302807504,-0.000131944215,-9.5616084e-06,8.31177613e-06,5.11587976e-05,0.000106508584,0.000143094757,0.000116270594,0.000141256344,0.000145768866,0.00019045554,-6.57772513e-05
0.72,-7.34523038e-06,0.000137938209,0.000382880259,0.000603435425,0.000594817972,0.000245422879,0.000259515112,0.000359616923,0.000310129977,-0.000134742314,-9.83908763e-06,7.56560009e-06,5.0138686e-05,0.000105903734,0.000143955124,0.000119326588,0.000141764625,0.000147973317,0.000194995923,-6.71511561e-05
0.721,-9.73026775e-06,0.000134023957,0.000379814972,0.00060484147,0.000602614469,0.000257521515,0.000258395737,0.000364872783,0.000317634855,-0.000137605509,-1.01095364e-05,6.818617e-06,4.91011671e-05,0.00010526899,0.000144797774,0.00012236231,0.000142252104,0.000150228138,0.00019964744,-6.8550492e-05
0.722,-1.2100982e-05,0.000130063799,0.000376628841,0.00060611651,0.000610427614,0.000269830438,0.000257226417,0.000370277484,0.000325328735,-0.000140533427,-1.03728098e-05,6.07104222e-06,4.80463336e-05,0.000104604206,0.00014562247,0.000125377253,0.000142715952,0.000152532896,0.000204412772,-6.99750686e-05
0.723,-1.44563986e-05,0.000126058053,0.00037332018,0.000607257761,0.000618258484,0.000282351159,0.00025599999,0.000375833726,0.000333218327,-0.000143525654,-1.0628758e-05,5.32308546e-06,4.69742486e-05,0.000103909199,0.000146429051,0.000128371152,0.000143153296,0.000154887107,0.000209294635,-7.14246889e-05
0.724,-1.67954277e-05,0.000122007219,0.000369887416,0.000608262357,0.000626108282,0.0002950861,0.000254708953,0.000381544138,0.00034131019,-0.000146581959,-1.08772165e-05,4.57498276e-06,4.58850008e-05,0.000103183812,0.000147217458,0.000131343992,0.000143561228,0.000157290246,0.00021429567,-7.28992621e-05
0.725,-1.91168525e-05,0.000117912014,0.000366329145,0.000609127381,0.000633978354,0.000308038639,0.000253345422,0.000387411339,0.000349610674,-0.000149702367,-1.11180052e-05,3.82700155e-06,4.47787186e-05,0.000102427929,0.000147987757,0.00013429601,0.000143936804,0.00015974176,0.000219418411,-7.43988427e-05
0.726,-2.14193836e-05,0.000113773271,0.000362644022,0.000609849841,0.000641870293,0.000321213208,0.000251901027,0.000393438003,0.000358126055,-0.000152887088,-1.13509373e-05,3.07942143e-06,4.3655542e-05,0.000101641456,0.000148740122,0.000137227671,0.000144277023,0.000162241077,0.00022466534,-7.59235871e-05
0.727,-2.37017535e-05,0.000109591726,0.000358830492,0.000610426543,0.000649786049,0.000334615449,0.000250366769,0.000399626925,0.000366862852,-0.000156136285,-1.15758321e-05,2.33249966e-06,4.25155669e-05,0.000100824259,0.000149474794,0.000140139617,0.000144578779,0.000164787617,0.000230039017,-7.7473632e-05
0.728,-2.59627552e-05,0.000105367908,0.000354886602,0.000610853952,0.000657727977,0.000348252397,0.000248732898,0.000405981105,0.000375828052,-0.000159449925,-1.17925212e-05,1.58645481e-06,4.1358815e-05,9.99761264e-05,0.000150192039,0.000143032628,0.000144838866,0.000167380799,0.00023554216,-7.90490128e-05
0.729,-2.82012148e-05,0.00010110216,0.000350809989,0.000611128135,0.00066569886,0.000362132665,0.00024698881,0.000412503823,0.000385029128,-0.000162827776,-1.20008438e-05,8.41474581e-07,4.01852429e-05,9.90967708e-05,0.00015089215,0.000145907605,0.000145053995,0.000170020057,0.000241177628,-8.06496675e-05
0.73,-3.04159048e-05,9.67948001e-05,0.00034659804,0.000611244793,0.00067370194,0.000376266674,0.000245122943,0.000419198697,0.000394473837,-0.00016626959,-1.22006345e-05,9.77455612e-08,3.89947866e-05,9.81858763e-05,0.000151575476,0.000148765615,0.000145220849,0.000172704862,0.000246948322,-8.22755341e-05
0.731,-3.26054723e-05,9.24462659e-05,0.000342248078,0.000611199361,0.000681741034,0.000390666949,0.000243122615,0.00042606977,0.000404169983,-0.000169775336,-1.23917117e-05,-6.44518071e-07,3.77874075e-05,9.72431407e-05,0.000152242439,0.000151607911,0.000145336096,0.000175434761,0.000252857087,-8.39266688e-05
0.732,-3.47684303e-05,8.80571239e-05,0.000337757353,0.000610986988,0.000689820698,0.000405348559,0.000240973721,0.000433121691,0.000414125419,-0.000173345294,-1.25738771e-05,-1.38506688e-06,3.65631088e-05,9.62682861e-05,0.000152893507,0.000154435866,0.000145396435,0.0001782094,0.000258906703,-8.56032787e-05
0.733,-3.69031972e-05,8.3627958e-05,0.000333122864,0.000610602391,0.000697946372,0.000420329629,0.000238660266,0.000440360024,0.000424348305,-0.000176979973,-1.27469227e-05,-2.12362413e-06,3.53219275e-05,9.52610338e-05,0.000153529079,0.000157250763,0.00014539869,0.000181028562,0.000265099935,-8.73056698e-05
0.734,-3.90081624e-05,7.91592006e-05,0.000328341083,0.000610039643,0.000706124472,0.000435631752,0.000236163838,0.00044779161,0.000434847545,-0.000180679906,-1.2910641e-05,-2.85989629e-06,3.40639203e-05,9.42210514e-05,0.000154149279,0.000160053426,0.000145340038,0.000183892187,0.000271439639,-8.90341379e-05
0.735,-4.10817087e-05,7.46510672e-05,0.000323407846,0.000609292063,0.00071436236,0.000451280049,0.000233463253,0.000455424905,0.000445633072,-0.00018444555,-1.30648264e-05,-3.59355379e-06,3.27892025e-05,9.31479379e-05,0.00015475365,0.00016284361,0.000145218474,0.000186800345,0.000277928784,-9.07889074e-05
0.736,-4.31221866e-05,7.0103628e-05,0.000318318444,0.000608352226,0.000722668121,0.000467302669,0.000230534632,0.000463270285,0.000456715881,-0.000188277349,-1.32092713e-05,-4.32417547e-06,3.1498064e-05,9.204128e-05,0.00015534072,0.000165619053,0.000145033712,0.000189753097,0.000284570337,-9.25701467e-05
0.737,-4.5127841e-05,6.55170141e-05,0.000313067939,0.000607212075,0.000731049957,0.000483729519,0.000227352319,0.000471340312,0.000468107797,-0.000192175967,-1.33437573e-05,-5.05116168e-06,3.01911588e-05,9.09007946e-05,0.000155907483,0.00016837418,0.000144788734,0.000192750173,0.000291366942,-9.437806e-05
0.738,-4.70967422e-05,6.08916622e-05,0.00030765155,0.000605862992,0.000739514996,0.000500589906,0.000223891043,0.000479649895,0.000479821133,-0.000196142474,-1.34680518e-05,-5.77364783e-06,2.88697079e-05,8.97264954e-05,0.000156448795,0.000171098618,0.000144492005,0.000195790442,0.000298320407,-9.62129916e-05
0.739,-4.9026768e-05,5.62285284e-05,0.00030206507,0.00060429589,0.000748067399,0.000517908714,0.000220129992,0.00048821598,0.000491868237,-0.000200178381,-1.3581911e-05,-6.4904462e-06,2.75356418e-05,8.85188005e-05,0.000156956786,0.000173775923,0.000144160112,0.000198871203,0.000305431121,-9.80754888e-05
0.74,-5.09156361e-05,5.15292826e-05,0.000296305337,0.000602501372,0.00075670577,0.00053570097,0.000216059339,0.000497056322,0.000504260701,-0.000204285492,-1.36850858e-05,-7.20003053e-06,2.61916422e-05,8.72785431e-05,0.000157420443,0.000176382934,0.000143820351,0.000201987353,0.000312697447,-9.9966326e-05
0.741,-5.27609488e-05,4.67965362e-05,0.000290370802,0.000600469963,0.00076541994,0.000553965185,0.000211689432,0.000506187049,0.000517007998,-0.000208465675,-1.37773272e-05,-7.90056789e-06,2.48410627e-05,8.60068823e-05,0.000157825536,0.00017889019,0.000143512589,0.000205130621,0.000320115208,-0.000101886531
0.742,-5.45601984e-05,4.20341672e-05,0.000284262235,0.000598192439,0.000774187523,0.000572676384,0.000207062125,0.000515618795,0.000530115349,-0.000212720685,-1.38583797e-05,-8.58999535e-06,2.34877269e-05,8.47051358e-05,0.000158155118,0.000181263774,0.00014328969,0.000208289165,0.000327677338,-0.000103837488
0.743,-5.63107383e-05,3.72476837e-05,0.000277983476,0.000595660208,0.000782970763,0.000591780138,0.000202262803,0.000525351498,0.000543580964,-0.000217052024,-1.3927967e-05,-9.26614538e-06,2.21355961e-05,8.33745275e-05,0.000158390656,0.000183468628,0.000143215781,0.000211447863,0.000335373896,-0.000105821122
0.744,-5.80097571e-05,3.24445168e-05,0.000271542082,0.000592865784,0.000791714486,0.000611188887,0.000197430924,0.000535368169,0.000557393,-0.000221460843,-1.39857684e-05,-9.92690964e-06,2.07883366e-05,8.20158669e-05,0.000158513684,0.00018547299,0.00014336204,0.000214589554,0.000343192663,-0.000107840127
0.745,-5.96543191e-05,2.7634055e-05,0.000264949569,0.000589803269,0.000800345956,0.000630781969,0.000192766248,0.000545628561,0.000571526922,-0.000225947802,-1.40314015e-05,-1.05704241e-05,1.94488472e-05,8.06291948e-05,0.000158507658,0.000187253054,0.000143800308,0.000217697223,0.000351120448,-0.000109898143
0.746,-6.1241473e-05,2.28273295e-05,0.000258221033,0.000586468646,0.000808777179,0.000650410605,0.000188527832,0.000556064435,0.000585944098,-0.000230512906,-1.40644152e-05,-1.11952372e-05,1.81188547e-05,7.9213486e-05,0.000158359653,0.000188796791,0.000144595544,0.000220756829,0.000359144939,-0.000111999755
0.747,-6.27684102e-05,1.80363566e-05,0.000251374099,0.000582859795,0.000816909872,0.000669908161,0.000185023651,0.000566578205,0.000600592375,-0.000235155398,-1.40842983e-05,-1.18004207e-05,1.67986825e-05,7.7766496e-05,0.000158061509,0.000190105964,0.00014579862,0.000223760188,0.00036725678,-0.000114150321
0.748,-6.42326224e-05,1.32732503e-05,0.00024442737,0.000578976263,0.000824642771,0.000689104771,0.000182590414,0.000577046266,0.000615409003,-0.000239873861,-1.40904963e-05,-1.23855855e-05,1.54872711e-05,7.62848172e-05,0.000157610192,0.000191195789,0.000147441001,0.000226707205,0.000375451407,-0.000116355616
0.749,-6.56320193e-05,8.54927177e-06,0.000237398704,0.000574818949,0.000831880455,0.000707844168,0.00018156547,0.000587327484,0.00063032568,-0.000244666695,-1.40824296e-05,-1.29507868e-05,1.41824729e-05,7.47641736e-05,0.000157007261,0.000192092204,0.00014953247,0.000229606749,0.000383730249,-0.000118621382
0.75,-6.69649805e-05,3.87396136e-06,0.000230303551,0.000570389686,0.000838542223,0.000725999926,0.000182254835,0.000597276477,0.000645275265,-0.000249532985,-1.4059517e-05,-1.34963407e-05,1.28815696e-05,7.31999306e-05,0.000156257603,0.000192827234,0.000152062291,0.000232475699,0.00039210105,-0.000120952776
0.751,-6.82303184e-05,-7.45472213e-07,0.000223153625,0.000565690665,0.00084456914,0.000743487985,0.00018490286,0.00060676014,0.000660199389,-0.000254473576,-1.40212093e-05,-1.40226126e-05,1.1581891e-05,7.15877554e-05,0.000155367811,0.000193433542,0.00015500325,0.000235336185,0.00040057718,-0.000123353779
0.752,-6.94271931e-05,-5.30441661e-06,0.000215956159,0.00056072384,0.000849927778,0.000760272611,0.000189669363,0.000615674243,0.000675055845,-0.000259491912,-1.39670382e-05,-1.45298506e-05,1.02813593e-05,6.99242591e-05,0.000154344718,0.00019393954,0.000158317209,0.000238211706,0.000409176139,-0.000125826665
0.753,-7.05550225e-05,-9.80075335e-06,0.0002087139,0.000555490573,0.000854610167,0.000776364606,0.000196618627,0.000623956357,0.000689824174,-0.000264594374,-1.38966717e-05,-1.50181073e-05,8.97882771e-06,6.8207463e-05,0.000153194437,0.000194366183,0.000161960563,0.000241123219,0.000417917661,-0.000128371692
0.754,-7.16134106e-05,-1.42344529e-05,0.000201425767,0.00054999155,0.000858630402,0.000791812902,0.000205721797,0.000631592447,0.000704508256,-0.000269790061,-1.38099594e-05,-1.54872517e-05,7.67417443e-06,6.64370118e-05,0.000151922016,0.000194725873,0.000165888339,0.00024408622,0.000426821915,-0.000130987112
0.755,-7.26020593e-05,-1.86069462e-05,0.000194087958,0.000544226856,0.000862018902,0.000806692168,0.000216871169,0.000638616236,0.00071913553,-0.000275090146,-1.37069552e-05,-1.59370401e-05,6.36819492e-06,6.4614164e-05,0.000150531674,0.00019502322,0.000170056401,0.00024710943,0.000435908133,-0.000133669467
0.756,-7.3520644e-05,-2.29203781e-05,0.00018669522,0.000538196055,0.000864815502,0.000821089363,0.000229902511,0.000645102106,0.000733753354,-0.000280506863,-1.35879124e-05,-1.63672119e-05,5.06235935e-06,6.27416065e-05,0.000149027438,0.00019525711,0.000174421899,0.000250195272,0.000445193802,-0.000136414131
0.757,-7.43686815e-05,-2.71768895e-05,0.00017924204,0.000531898302,0.00086706274,0.000835091678,0.00024462053,0.000651153463,0.000748423489,-0.000286052371,-1.34532442e-05,-1.67775741e-05,3.75850554e-06,6.08231092e-05,0.000147413831,0.000195423308,0.000178942695,0.000253341853,0.000454694453,-0.000139215976
0.758,-7.51454502e-05,-3.13780837e-05,0.00017172356,0.000525332506,0.000868800543,0.000848777657,0.000260822781,0.000656889307,0.000763215754,-0.000291737826,-1.3303462e-05,-1.71680442e-05,2.45854666e-06,5.88630575e-05,0.000145696264,0.000195516816,0.000183576749,0.000256545659,0.000464423948,-0.000142070053
0.759,-7.58499881e-05,-3.55247413e-05,0.000164136118,0.000518497451,0.000870062753,0.000862212153,0.000278318707,0.000662431576,0.000778202019,-0.000297572786,-1.313911e-05,-1.75386483e-05,1.16426593e-06,5.68659765e-05,0.000143880966,0.00019553337,0.000188282204,0.000259803956,0.000474394961,-0.000144972115
0.76,-7.64811497e-05,-3.96167425e-05,0.000156477463,0.000511391821,0.000870875357,0.000875444602,0.000296942308,0.00066789484,0.00079345144,-0.000303564841,-1.29607148e-05,-1.78894862e-05,-1.22778006e-07,5.48361563e-05,0.00014197456,0.000195469988,0.000193018337,0.000263116243,0.00048461936,-0.000147918904
0.761,-7.70376877e-05,-4.36531251e-05,0.000148746749,0.000504014194,0.000871256077,0.000888509626,0.00031655844,0.000673378951,0.000809027308,-0.000309719311,-1.27687548e-05,-1.82206843e-05,-1.40125769e-06,5.2777418e-05,0.000139983496,0.00019532483,0.000197747064,0.000266484574,0.000495108331,-0.000150908215
0.762,-7.75183132e-05,-4.76322126e-05,0.000140944378,0.000496363052,0.000871215028,0.000901429111,0.000337063713,0.000678964846,0.00082498546,-0.000316039081,-1.25636395e-05,-1.85323421e-05,-2.67002842e-06,5.06930055e-05,0.000137913507,0.000195096708,0.000202434517,0.000269912917,0.00050587238,-0.00015393872
0.763,-7.79217243e-05,-5.155178e-05,0.000133071732,0.000488436816,0.000870756088,0.000914215144,0.000358383493,0.000684713439,0.000841373937,-0.000322524759,-1.23456969e-05,-1.88244794e-05,-3.92804897e-06,4.85855849e-05,0.000135769181,0.000194784474,0.000207052227,0.00027340577,0.000516921338,-0.000157009619
0.764,-7.82465839e-05,-5.54091918e-05,0.000125130851,0.000480233799,0.000869878398,0.000926873033,0.000380466868,0.00069066699,0.000858233702,-0.000329174996,-1.21151766e-05,-1.90970033e-05,-5.17428986e-06,4.64573643e-05,0.000133553831,0.000194386496,0.000211577492,0.000276966518,0.000528264356,-0.000160120159
0.765,-7.84914959e-05,-5.92014984e-05,0.0001171242,0.000471752142,0.000868577638,0.000939403757,0.000403281099,0.00069685196,0.00087559999,-0.000335986825,-1.18722737e-05,-1.93497134e-05,-6.40766607e-06,4.43102904e-05,0.000131269678,0.000193900421,0.000215992777,0.000280596189,0.000539909829,-0.000163269269
0.766,-7.86550162e-05,-6.29255168e-05,0.000109054528,0.000462989815,0.000866847079,0.000951805718,0.000426806532,0.000703282438,0.000893503772,-0.000342955956,-1.16171652e-05,-1.9582346e-05,-7.6270222e-06,4.2146234e-05,0.000128918274,0.000193323321,0.000220284429,0.000284293093,0.000551865253,-0.000166455468
0.767,-7.87357162e-05,-6.65779288e-05,0.000100924825,0.000453944742,0.000864678545,0.000964076014,0.000451032441,0.000709963632,0.000911972888,-0.000350077234,-1.13500438e-05,-1.97946316e-05,-8.83116345e-06,3.99670975e-05,0.000126500912,0.000192652059,0.00022444128,0.000288053292,0.000564137131,-0.000169677081
0.768,-7.87322423e-05,-7.01553848e-05,9.2738249e-05,0.000444614891,0.000862063194,0.000976211506,0.000475954111,0.000716895156,0.000931032891,-0.000357345277,-1.10711344e-05,-1.99863391e-05,-1.0018901e-05,3.77748439e-05,0.000124018914,0.000191883657,0.000228453523,0.000291871443,0.000576731042,-0.000172932552
0.769,-7.86432972e-05,-7.36545391e-05,8.44980114e-05,0.000434998138,0.000858991806,0.000988209605,0.000501571424,0.000724073661,0.000950707945,-0.000364754907,-1.07806941e-05,-2.01572937e-05,-1.1189087e-05,3.55714895e-05,0.000121473801,0.00019101554,0.000232311985,0.000295741596,0.000589651817,-0.000176220612
0.77,-7.84675388e-05,-7.70719998e-05,7.62072288e-05,0.000425091913,0.000855454508,0.00100006869,0.000527888808,0.000731494473,0.000971021903,-0.000372301158,-1.0478995e-05,-2.03073733e-05,-1.23406475e-05,3.33590485e-05,0.000118867364,0.000190045744,0.000236007848,0.000299657802,0.000602903772,-0.000179540261
0.771,-7.82034702e-05,-8.04042469e-05,6.78688206e-05,0.000414892855,0.000851440332,0.00101178826,0.000554916025,0.000739152207,0.000991999272,-0.000379979074,-1.01662966e-05,-2.04364865e-05,-1.3472618e-05,3.11394071e-05,0.000116201572,0.000188973081,0.000239532985,0.000303614342,0.000616491009,-0.000182890658
0.772,-7.78494045e-05,-8.36475896e-05,5.94855034e-05,0.000404396681,0.00084693692,0.00102336899,0.000582669189,0.000747040561,0.00101366577,-0.000387783645,-9.84281991e-06,-2.05445455e-05,-1.45841715e-05,2.89141629e-05,0.000113478295,0.000187797211,0.000242880871,0.000307605401,0.000630417714,-0.000186271059
0.773,-7.74035149e-05,-8.67981724e-05,5.10598921e-05,0.000393598298,0.000841930417,0.00103481257,0.000611171514,0.000755151454,0.00103604863,-0.000395709842,-9.50873488e-06,-2.063144e-05,-1.56746111e-05,2.66845169e-05,0.000110698937,0.000186518479,0.000246047617,0.000311624132,0.000644688423,-0.000189680731
0.774,-7.68639202e-05,-8.98519899e-05,4.2594687e-05,0.00038249208,0.0008364054,0.00104612108,0.000640453264,0.000763473661,0.00105917695,-0.000403752343,-9.1641716e-06,-2.06970203e-05,-1.67433041e-05,2.44513207e-05,0.000107864144,0.000185137441,0.000249032328,0.000315661289,0.000659308251,-0.000193118728
0.775,-7.62287438e-05,-9.28048848e-05,3.40928657e-05,0.000371072219,0.000830344966,0.0010572961,0.000670550072,0.000771991645,0.00108308227,-0.000411904824,-8.80925352e-06,-2.07410796e-05,-1.77895291e-05,2.22153457e-05,0.000104973773,0.00018365395,0.000251835881,0.000319703767,0.000674283191,-0.000196583303
0.776,-7.54961441e-05,-9.56525731e-05,2.55577804e-05,0.000359333171,0.000823731426,0.00106833807,0.00070149934,0.00078068623,0.00110779846,-0.000420159515,-8.44416486e-06,-2.07633541e-05,-1.88122372e-05,1.99778552e-05,0.000102027359,0.000182065911,0.000254457414,0.000323733902,0.000689620216,-0.000200071153
0.777,-7.46642987e-05,-9.83907108e-05,1.69930403e-05,0.000347269899,0.000816547553,0.00107924701,0.00073333633,0.000789538654,0.00113336051,-0.000428507912,-8.06926205e-06,-2.07635887e-05,-1.98098153e-05,1.774145e-05,9.90254411e-05,0.000180368381,0.00025688859,0.000327731101,0.000705326319,-0.000203577135
0.778,-7.37313445e-05,-0.000101015022,8.40206989e-06,0.000334877526,0.000808777884,0.00109002556,0.000766094048,0.000798537877,0.00115980216,-0.000436943308,-7.68519999e-06,-2.0741728e-05,-2.07800975e-05,1.55107925e-05,9.59717005e-05,0.00017855443,0.000259108134,0.000331677345,0.000721405594,-0.000207095679
0.779,-7.26952065e-05,-0.000103521446,-2.12816221e-07,0.000322149736,0.000800408822,0.00110068493,0.000799812608,0.000807687738,0.00118715422,-0.00044546465,-7.29296416e-06,-2.06982086e-05,-2.17209409e-05,1.32923576e-05,9.28749473e-05,0.00017661925,0.000261082148,0.000335565699,0.00073785494,-0.000210624493
0.78,-7.15532371e-05,-0.000105906203,-8.85184201e-06,0.000309075475,0.000791426159,0.00111125339,0.000834562066,0.000817007456,0.00121544651,-0.000454079984,-6.89365256e-06,-2.06341928e-05,-2.26315239e-05,1.10922534e-05,8.97489991e-05,0.000174567782,0.000262776893,0.000339406642,0.000754661532,-0.000214169554
0.781,-7.03015785e-05,-0.000108165538,-1.7519357e-05,0.000295634118,0.000781808779,0.00112178435,0.000870476958,0.000826518188,0.00124471793,-0.000462806238,-6.48790563e-06,-2.05514757e-05,-2.35140594e-05,8.91186517e-06,8.66084177e-05,0.000172423513,0.000264186675,0.000343223536,0.000771807368,-0.000217747955
0.782,-6.893433e-05,-0.000110294848,-2.62245271e-05,0.000281790704,0.000771518516,0.00113235767,0.000907790533,0.000836212601,0.00127503748,-0.000471661189,-6.07508711e-06,-2.04518171e-05,-2.43749762e-05,6.74265895e-06,8.34595362e-05,0.000170232771,0.000265368964,0.000347030156,0.000789285275,-0.000221383724
0.783,-6.74429414e-05,-0.000112287147,-3.49796076e-05,0.000267494766,0.000760489444,0.00114306659,0.000946844585,0.000846015419,0.00130653247,-0.000480645946,-5.65261358e-06,-2.03356553e-05,-2.52240948e-05,4.56343394e-06,8.02892232e-05,0.000168056376,0.000266464891,0.000350792764,0.000807125082,-0.000225093213
0.784,-6.58165663e-05,-0.000114131461,-4.3794771e-05,0.000252686876,0.000748623113,0.00115398493,0.000988045552,0.000855758212,0.0013394094,-0.000489721995,-5.21609764e-06,-2.02005633e-05,-2.60704258e-05,2.34448461e-06,7.70574973e-05,0.000165941665,0.000267673303,0.000354395102,0.000825417813,-0.000228861694
0.785,-6.40440021e-05,-0.000115812123,-5.26699473e-05,0.000237314929,0.000735796997,0.00116511764,0.00103174949,0.000865201266,0.00137394484,-0.000498794492,-4.76097281e-06,-2.00402706e-05,-2.69143775e-05,6.20641127e-08,7.37023646e-05,0.000163875233,0.000269152702,0.000357638697,0.000844314155,-0.000232620926
0.786,-6.21171701e-05,-0.00011730993,-6.15862999e-05,0.000221357055,0.000721888637,0.00117634799,0.00107809095,0.000874127084,0.00141042731,-0.000507716598,-4.28580871e-06,-1.98453428e-05,-2.77384456e-05,-2.27788653e-06,7.01632932e-05,0.000161730132,0.000270855723,0.000360308793,0.000863970792,-0.000236244116
0.787,-6.00350682e-05,-0.000118605112,-7.05008007e-05,0.00020484345,0.000706810413,0.00118740308,0.00112681173,0.000882498572,0.00144905012,-0.000516325863,-3.79656882e-06,-1.96063049e-05,-2.85009322e-05,-4.61455571e-06,6.64221614e-05,0.000159235834,0.000272351433,0.000362307976,0.000884434835,-0.000239575279
0.788,-5.78065115e-05,-0.000119681135,-7.93468847e-05,0.000187867445,0.000690542944,0.0011978586,0.00117716856,0.000890633132,0.001489783,-0.000524510841,-3.30998931e-06,-1.93189946e-05,-2.91382833e-05,-6.8193114e-06,6.2548879e-05,0.0001560041,0.000272735791,0.000363809715,0.000905495079,-0.000242498146
0.789,-5.54501663e-05,-0.00012052778,-8.80421168e-05,0.00017057897,0.00067315316,0.00120719256,0.00122798525,0.000899316331,0.00153227408,-0.000532289843,-2.85374953e-06,-1.89905847e-05,-2.9579767e-05,-8.70888602e-06,5.87296569e-05,0.000151630844,0.000270734392,0.00036534039,0.00092657305,-0.000245027896
0.79,-5.29913651e-05,-0.000121142403,-9.65016747e-05,0.000153158816,0.00065478598,0.00121487732,0.00127786201,0.000909787853,0.00157583893,-0.000539870164,-2.46169906e-06,-1.86436674e-05,-2.97734049e-05,-1.0090973e-05,5.52553543e-05,0.000145862283,0.000265042157,0.000367696788,0.000946749393,-0.000247386177
0.791,-5.04564726e-05,-0.000121528983,-0.000104654371,0.000135779001,0.000635626207,0.00122047834,0.00132548431,0.000923581047,0.00161957048,-0.000547654519,-2.16411926e-06,-1.83156148e-05,-2.97158147e-05,-1.0834539e-05,5.24583807e-05,0.000138773903,0.000254834954,0.000371667518,0.000964995034,-0.000250011338
0.792,-4.78665798e-05,-0.000121695051,-0.000112455453,0.000118562537,0.000615840823,0.00122372004,0.00136991962,0.000942263812,0.00166254997,-0.000556179418,-1.97528866e-06,-1.80514328e-05,-2.94736707e-05,-1.09421912e-05,5.06073966e-05,0.000130883092,0.000240276773,0.000377635303,0.000980594286,-0.000253473128
0.793,-4.52327723e-05,-0.000121647268,-0.000119890657,0.000101558672,0.000595523628,0.00122449122,0.00141078419,0.000967178539,0.00170408305,-0.000566001088,-1.88249406e-06,-1.7890476e-05,-2.9184191e-05,-1.05942498e-05,4.97900892e-05,0.000123118795,0.000222793912,0.000385238735,0.000993637163,-0.000258299956
0.794,-4.25546561e-05,-0.000121386804,-0.000126968676,8.47452981e-05,0.000574666805,0.00122279089,0.00144821727,0.000999279187,0.00174386014,-0.000577572152,-1.84119521e-06,-1.78500365e-05,-2.9027494e-05,-1.01383063e-05,4.98268236e-05,0.000116611679,0.000204933715,0.000393301537,0.00100536961,-0.000264769521
0.795,-3.98226949e-05,-0.000120906354,-0.000133705211,6.80571556e-05,0.000553171155,0.00121864127,0.00148268417,0.00103911441,0.00178196961,-0.000591154252,-1.77995668e-06,-1.79113961e-05,-2.91744201e-05,-1.00148115e-05,5.02562501e-05,0.000112339379,0.000189763972,0.000400154941,0.00101817621,-0.000272739381
0.796,-3.70235166e-05,-0.000120190494,-0.00014010631,5.14266205e-05,0.000530889775,0.00121200973,0.0015147016,0.00108693235,0.00181875767,-0.000606794686,-1.61584848e-06,-1.80151914e-05,-2.97261949e-05,-1.06347296e-05,5.04163983e-05,0.000110743655,0.000179964502,0.00040429751,0.00103506923,-0.000281596258
0.797,-3.41461634e-05,-0.000119219953,-0.000146159485,3.48182384e-05,0.000507686057,0.00120277826,0.00154460698,0.00114282497,0.00185460218,-0.000624369386,-1.2767079e-06,-1.80709935e-05,-3.06706557e-05,-1.22506816e-05,4.96099318e-05,0.000111484371,0.000176937221,0.000405132886,0.00105876926,-0.00029037237
0.798,-3.11867284e-05,-0.000117978241,-0.000151836617,1.82424364e-05,0.000483481627,0.00119077531,0.00157246557,0.00120682006,0.00188971375,-0.000643669755,-7.2287784e-07,-1.79804559e-05,-3.18765302e-05,-1.4872813e-05,4.73028022e-05,0.000113464478,0.000180307686,0.000403421815,0.00109069703,-0.000298013016
0.799,-2.81495273e-05,-0.00011645732,-0.000157105469,1.74605082e-06,0.000458276029,0.00117584958,0.00159813379,0.00127887521,0.0019240618,-0.000664493804,3.98579148e-08,-1.76668657e-05,-3.31321062e-05,-1.82658225e-05,4.32841665e-05,0.000115151437,0.000188052155,0.000401172206,0.00113031051,-0.000303709596
0.8,-2.50447418e-05,-0.000114659453,-0.000161942096,-1.4611061e-05,0.000432133314,0.00115793921,0.00162141169,0.00135880142,0.00195745178,-0.000686699936,9.61623803e-07,-1.70998174e-05,-3.42146357e-05,-2.20303756e-05,3.7724397e-05,0.00011508168,0.000197214276,0.00040095167,0.00117512782,-0.000307171983
0.801,-2.18843469e-05,-0.000112594554,-0.000166336654,-3.07777001e-05,0.000405148003,0.0011370942,0.00164217744,0.00144618982,0.00198968912,-0.000710202736,1.9639753e-06,-1.63045665e-05,-3.49618094e-05,-2.57354074e-05,3.11074242e-05,0.000112339098,0.00020490864,0.000404909341,0.00122148757,-0.000308727502
0.802,-1.86788861e-05,-0.000110275212,-0.000170290244,-4.67193417e-05,0.000377412259,0.00111344302,0.00166042411,0.00154040139,0.00202071978,-0.000734921923,2.96360346e-06,-1.53519887e-05,-3.53158725e-05,-2.90468322e-05,2.40665793e-05,0.00010680747,0.000209188954,0.000413959266,0.00126575079,-0.000309203284
0.803,-1.54368849e-05,-0.000107712793,-0.000173806296,-6.24098253e-05,0.000349004616,0.00108713445,0.00167619506,0.00164061719,0.00205066547,-0.000760721951,3.89527443e-06,-1.43335666e-05,-3.53252391e-05,-3.18051141e-05,1.71900307e-05,9.9108087e-05,0.000209457419,0.000427499709,0.00130544291,-0.000309644817
0.804,-1.21668966e-05,-0.000104917456,-0.0001768837,-7.78145953e-05,0.000320007545,0.00105830644,0.00168948517,0.00174588763,0.00207975701,-0.000787384103,4.72634309e-06,-1.33315476e-05,-3.51082093e-05,-3.40320365e-05,1.08649832e-05,9.02760606e-05,0.000206331902,0.000443769489,0.00133988356,-0.000310985607
0.805,-8.88035359e-06,-0.000101902546,-0.000179518542,-9.28797366e-05,0.000290543508,0.00102712345,0.0017002059,0.00185511379,0.00210825972,-0.000814641354,5.45906852e-06,-1.23953896e-05,-3.47977083e-05,-3.5876573e-05,5.20776968e-06,8.13299014e-05,0.000201117306,0.000460634697,0.00137010212,-0.000313784147
0.806,-5.59216542e-06,-9.86908362e-05,-0.000181717298,-0.000107541641,0.00026080181,0.000993882968,0.00170828946,0.00196696138,0.00213652358,-0.000842282963,6.12148972e-06,-1.15325112e-05,-3.44906737e-05,-3.75292814e-05,9.35749534e-08,7.29167303e-05,0.000195151729,0.000476412756,0.00139815055,-0.000318104166
0.807,-2.31601356e-06,-9.53171295e-05,-0.000183517152,-0.000121765166,0.000231019249,0.000959133442,0.0017139388,0.00207982301,0.0021652375,-0.00087030245,6.75137497e-06,-1.07156218e-05,-3.42209574e-05,-3.91404987e-05,-4.73471002e-06,6.51683851e-05,0.000189296878,0.000490354867,0.00142616367,-0.000323561309
0.808,9.47007136e-07,-9.18208171e-05,-0.000185001886,-0.000135604587,0.000201384741,0.000923696937,0.0017179381,0.00219203918,0.00219581907,-0.000899023017,7.37976172e-06,-9.90257819e-06,-3.39635312e-05,-4.0771378e-05,-9.52469593e-06,5.78065074e-05,0.000183743899,0.000502603448,0.00145559229,-0.00032951365
0.809,4.22430937e-06,-8.82244626e-05,-0.000186297868,-0.00014926486,0.000171866789,0.000888484273,0.0017218566,0.00230257158,0.00223068341,-0.000929100714,8.02051411e-06,-9.05986006e-06,-3.36651501e-05,-4.23933825e-05,-1.43982995e-05,5.04273731e-05,0.000178167069,0.00051372075,0.00148692627,-0.000335339929
0.81,7.58587859e-06,-8.45009262e-05,-0.000187537898,-0.000163127244,0.000142009631,0.000854052529,0.00172794918,0.00241212599,0.00227301584,-0.0009613001,8.67028163e-06,-8.17870351e-06,-3.32861715e-05,-4.39351116e-05,-1.93156434e-05,4.28155783e-05,0.0001721264,0.000524122311,0.00151997991,-0.000340720749
0.811,1.11462934e-05,-8.05405367e-05,-0.000188791219,-0.000177698338,0.000110796984,0.000819983393,0.00173859976,0.00252435828,0.00232574129,-0.000995983029,9.3193291e-06,-7.27497916e-06,-3.28328562e-05,-4.53573705e-05,-2.4147497e-05,3.51108673e-05,0.000165524848,0.000533825893,0.00155452074,-0.00034581193
0.812,1.50435454e-05,-7.61384688e-05,-0.000189975195,-0.000193452267,7.67193663e-05,0.000784325932,0.00175528437,0.00264638734,0.00238971599,-0.00103237919,9.96873305e-06,-6.37036066e-06,-3.23616984e-05,-4.67225078e-05,-2.88378876e-05,2.7705186e-05,0.000158890902,0.000542774304,0.00159081171,-0.000351195079
0.813,1.93880101e-05,-7.10256177e-05,-0.00019078336,-0.000210569109,3.81680142e-05,0.000743478831,0.0017772467,0.00278762916,0.00246173013,-0.00106791791,1.06449823e-05,-5.46175479e-06,-3.19475506e-05,-4.82175957e-05,-3.35836459e-05,2.08717088e-05,0.000153298233,0.000551634038,0.00162962914,-0.000357535984
0.814,2.41863783e-05,-6.49581706e-05,-0.000190677231,-0.000228627697,-5.81434019e-06,0.000692887492,0.00180033267,0.00295625558,0.00253348386,-0.00109812269,1.14012138e-05,-4.49496431e-06,-3.16232542e-05,-5.00984585e-05,-3.89173173e-05,1.4285368e-05,0.000149851057,0.000562551113,0.00167157247,-0.000364998677
0.815,2.92622411e-05,-5.7859237e-05,-0.000188986402,-0.000246375893,-5.45728052e-05,0.000628725024,0.00181664039,0.00315355325,0.00259290755,-0.00111766463,1.22970305e-05,-3.36280089e-06,-3.13154519e-05,-5.2546481e-05,-4.55804415e-05,6.72081849e-06,0.000148840329,0.000579089433,0.00171594136,-0.000372642375
0.816,3.42129432e-05,-4.99722622e-05,-0.000185136122,-0.000261753871,-0.000105047837,0.000550291284,0.00181570117,0.00336801126,0.00262865649,-0.00112294489,1.33571381e-05,-1.94321429e-06,-3.08133331e-05,-5.54729708e-05,-5.41390955e-05,-3.76355394e-06,0.000148882264,0.000604726976,0.00175992043,-0.000378208733
0.817,3.84518384e-05,-4.19497009e-05,-0.000178967502,-0.000272339815,-0.000151715723,0.000462270743,0.00178763854,0.0035725446,0.00263713303,-0.00111583741,1.45221334e-05,-1.76859382e-07,-2.98069096e-05,-5.83582184e-05,-6.44292972e-05,-1.89923941e-05,0.000146526473,0.000639977623,0.00179898452,-0.000378758497
0.818,4.13719403e-05,-3.47842984e-05,-0.000171042338,-0.000276268858,-0.000187792731,0.000375511297,0.00172800946,0.0037287793,0.00262930514,-0.0011070496,1.56182574e-05,1.84229857e-06,-2.80107741e-05,-6.0248533e-05,-7.50895072e-05,-3.93576154e-05,0.000136847522,0.000679310459,0.00182903268,-0.000372366073
0.819,4.26227343e-05,-2.95219983e-05,-0.000162770586,-0.000273444362,-0.000207838852,0.000305051985,0.00164296771,0.00380060307,0.00263299495,-0.00111654822,1.63780482e-05,3.81430329e-06,-2.5347679e-05,-6.001636e-05,-8.35444272e-05,-6.25941113e-05,0.000115279671,0.00071001709,0.00184973015,-0.000360453676
0.82,4.24259658e-05,-2.67828776e-05,-0.000156208245,-0.000266595851,-0.000211184534,0.000265002528,0.00155246355,0.0037749355,0.00268669353,-0.00116855871,1.6531919e-05,5.27518175e-06,-2.21183566e-05,-5.68928499e-05,-8.67353548e-05,-8.34715793e-05,8.04007838e-05,0.000715223408,0.00186730707,-0.000349548456
0.821,4.1795433e-05,-2.62354218e-05,-0.000153469692,-0.00026157864,-0.000204840569,0.000261411932,0.00148897915,0.00368224596,0.0028241849,-0.00128048811,1.59595484e-05,5.76296829e-06,-1.90558626e-05,-5.11244766e-05,-8.25912373e-05,-9.50762606e-05,3.66774075e-05,0.000681756615,0.00189446177,-0.000350782093
0.822,4.2508936e-05,-2.62634663e-05,-0.000155867338,-0.000266411578,-0.000204191527,0.000285832987,0.00149029298,0.00360564968,0.00305456567,-0.00144857209,1.48488863e-05,5.07713763e-06,-1.71813653e-05,-4.44543754e-05,-7.17781549e-05,-9.17086172e-05,-4.30444427e-06,0.000610759117,0.00194584287,-0.000375921252
0.823,4.67377552e-05,-2.40645651e-05,-0.000163059521,-0.000288961075,-0.000230219594,0.000312932711,0.00158691694,0.0036686138,0.00334696485,-0.00163658505,1.37810546e-05,3.53228542e-06,-1.74518459e-05,-4.00858269e-05,-5.88857425e-05,-7.24888254e-05,-2.54845789e-05,0.000526082699,0.002029911,-0.000430326112
0.824,5.63631421e-05,-1.62932222e-05,-0.000172562142,-0.00033376967,-0.000303249835,0.000304552404,0.00178740727,0.0039985663,0.00363008914,-0.00177538567,1.36639261e-05,2.06984896e-06,-2.02917755e-05,-4.19150436e-05,-5.21749837e-05,-4.40368344e-05,-9.33605396e-06,0.000474505186,0.0021407634,-0.000505436832
0.825,7.21552147e-05,-1.50472723e-07,-0.000179918244,-0.000399064691,-0.000434795732,0.000220285095,0.00206672078,0.00467479277,0.00381185981,-0.00177879883,1.54839614e-05,2.11624185e-06,-2.51849381e-05,-5.31083772e-05,-6.14458809e-05,-2.05541329e-05,5.47228477e-05,0.000514017355,0.00225497924,-0.000575035887
0.826,9.30961353e-05,2.53949323e-05,-0.000179631263,-0.000475213622,-0.00062034054,3.18295409e-05,0.00236319961,0.0056790678,0.0038150823,-0.00157518277,1.99229282e-05,5.16474401e-06,-3.05268544e-05,-7.44473882e-05,-9.43834846e-05,-2.04509029e-05,0.000162970745,0.000691576654,0.00233726409,-0.000599356038
0.827,0.000116141008,5.86903919e-05,-0.00016671043,-0.00054563699,-0.000836159644,-0.000263662819,0.00258801851,0.00687110869,0.00361548159,-0.0011460004,2.69626692e-05,1.21812102e-05,-3.3880041e-05,-0.000103113351,-0.000152580717,-6.00735828e-05,0.00029338825,0.00101773128,0.00235458421,-0.000538461783
0.828,0.000136610277,9.51925018e-05,-0.000138438518,-0.000590477397,-0.00104232995,-0.000636412851,0.00264723384,0.00800522256,0.00326383023,-0.000556337026,3.5641761e-05,2.30373006e-05,-3.26476191e-05,-0.000132592059,-0.000228915075,-0.000146503962,0.000407978404,0.00144933166,0.00229334003,-0.000371880777
0.829,0.000149219165,0.000128196764,-9.5794667e-05,-0.000592305767,-0.00119210324,-0.00102680481,0.002471524,0.00879049726,0.0028777962,3.92161314e-05,4.41094643e-05,3.621663e-05,-2.5012477e-05,-0.000154081908,-0.0003077947,-0.000272267404,0.000462505401,0.00189073369,0.00217076929,-0.000116906669
0.83,0.000149507622,0.000150432473,-4.39170754e-05,-0.000542081198,-0.00124527216,-0.00135890333,0.00204374391,0.00897867653,0.00260144413,0.000426029784,5.00335892e-05,4.89881113e-05,-1.08186753e-05,-0.000159190562,-0.000368864698,-0.000414650803,0.000421543313,0.00221762191,0.00203272065,0.000164275527
0.831,0.00013522161,0.000156086837,8.7719539e-06,-0.000443052577,-0.00118099146,-0.00156119035,0.00141275095,0.00844871994,0.00254645829,0.000391209009,5.12738908e-05,5.80787458e-05,7.99895141e-06,-0.000143017788,-0.000393262621,-0.00054082068,0.00027344963,0.00231742865,0.00193589403,0.00037595414
0.832,0.000107147148,0.000142574407,5.26457261e-05,-0.000310839372,-0.00100514218,-0.00158750285,0.000685987217,0.0072541594,0.00274069718,-0.00020178324,4.6596514e-05,6.06566692e-05,2.77052855e-05,-0.000106358473,-0.000370153835,-0.000617448433,3.8692217e-05,0.002131102,0.00192117064,0.000418353619
0.833,6.90693865e-05,0.000111409155,7.95133857e-05,-0.000169392341,-0.000749254318,-0.00143063298,1.51390138e-06,0.00561264427,0.00310902965,-0.00135478082,3.61575702e-05,5.52736799e-05,4.37599981e-05,-5.59982944e-05,-0.000300894552,-0.000621404907,-0.000233012599,0.00167835832,0.0019908497,0.000225377886
0.834,2.68451222e-05,6.7855783e-05,8.49134494e-05,-4.42079238e-05,-0.000461334354,-0.00112379941,-0.000511277386,0.00384067799,0.00349748191,-0.00291848671,2.15561176e-05,4.24039548e-05,5.21946656e-05,-2.83837595e-06,-0.000199041299,-0.000547424543,-0.000476780579,0.00105474087,0.00210221956,-0.000205048132
0.835,-1.30941502e-05,1.94958182e-05,6.92606668e-05,4.4714408e-05,-0.000192152288,-0.000729944844,-0.000768141814,0.00225909835,0.00373131386,-0.00462739528,5.42214813e-06,2.43659443e-05,5.08645284e-05,4.14745223e-05,-8.61773987e-05,-0.000409820233,-0.000632932614,0.000401057609,0.00218236213,-0.000802179143
0.836,-4.52965897e-05,-2.57567312e-05,3.75089334e-05,8.7699777e-05,1.79226521e-05,-0.000323474372,-0.000750891925,0.00110535598,0.0036817271,-0.00617407105,-9.31059459e-06,4.66403673e-06,4.0112509e-05,6.81028165e-05,1.47143085e-05,-0.00023785533,-0.000665902193,-0.00014212395,0.00215834161,-0.00144046168
0.837,-6.64225943e-05,-6.15179456e-05,-2.43918616e-06,8.66358315e-05,0.000147316398,2.87968044e-05,-0.000506785496,0.00048224569,0.00331292928,-0.00729524673,-2.01874183e-05,-1.29951242e-05,2.26298543e-05,7.34495471e-05,8.57747712e-05,-6.68716525e-05,-0.000574672443,-0.000476693397,0.0019890705,-0.00197800365
0.838,-7.56867142e-05,-8.41518423e-05,-4.19634935e-05,5.2715435e-05,0.000195071213,0.000281733202,-0.000128709256,0.000354705446,0.00269167398,-0.00783949613,-2.58174535e-05,-2.56696644e-05,2.60066616e-06,5.97065645e-05,0.00011849513,7.14999838e-05,-0.000391361028,-0.000570852381,0.00168435666,-0.00230070328
0.839,-7.4596812e-05,-9.31115958e-05,-7.38720656e-05,1.93549359e-06,0.000176800802,0.000417995799,0.000275291662,0.000587128963,0.00195863698,-0.00779565515,-2.61020184e-05,-3.18387655e-05,-1.55450956e-05,3.35293944e-05,0.000114584672,0.000156921863,-0.000169205363,-0.00045852247,0.00130289295,-0.00235552439
0.84,-6.61871599e-05,-9.04716471e-05,-9.38630349e-05,-4.98788134e-05,0.000117199267,0.000446150546,0.000612210113,0.00100121066,0.00127649568,-0.00727735293,-2.20833193e-05,-3.15923195e-05,-2.8341563e-05,3.51753241e-06,8.37421964e-05,0.00018379115,3.50382994e-05,-0.000218229958,0.00093073496,-0.00216163326
0.841,-5.40472563e-05,-7.99337076e-05,-0.000101001006,-9.09477427e-05,4.20368643e-05,0.000392996788,0.000824862013,0.00143186572,0.000776796913,-0.00647473576,-1.55120534e-05,-2.63652855e-05,-3.40867138e-05,-2.25009787e-05,3.95807749e-05,0.000160198345,0.000177781292,5.78475052e-05,0.00065018225,-0.00179746231
0.842,-4.14391364e-05,-6.56697867e-05,-9.72433025e-05,-0.000115411407,-2.80110258e-05,0.000293370796,0.000898676663,0.00176482901,0.000524874205,-0.00559358474,-8.3016854e-06,-1.83612166e-05,-3.30315694e-05,-3.94723921e-05,-4.69666904e-06,0.00010343877,0.0002389319,0.000292562272,0.00051221496,-0.00137081274
0.843,-3.07079299e-05,-5.1329044e-05,-8.631933e-05,-0.00012311764,-8.04964809e-05,0.000180588831,0.000855162009,0.00194953429,0.000512157832,-0.00480248962,-2.04402597e-06,-9.87805005e-06,-2.69783033e-05,-4.58879618e-05,-3.95186412e-05,3.39501022e-05,0.000223321069,0.000441321808,0.000522882075,-0.000984320279
0.844,-2.30645189e-05,-3.9422303e-05,-7.24092099e-05,-0.00011790923,-0.000111288479,7.98129946e-05,0.000736909673,0.00199039805,0.000673382972,-0.00420212517,2.28779758e-06,-2.74537141e-06,-1.8503056e-05,-4.3319384e-05,-6.03472018e-05,-3.02907725e-05,0.000154219068,0.000495325888,0.000647130319,-0.00070851501
0.845,-1.86949581e-05,-3.11441348e-05,-5.90436757e-05,-0.000105337426,-0.000122530386,5.25736605e-06,0.000590754589,0.00192573297,0.000917550241,-0.00382050996,4.40621362e-06,1.99002732e-06,-1.01156603e-05,-3.51526637e-05,-6.73081086e-05,-7.74137963e-05,6.2628382e-05,0.000473137708,0.000826045814,-0.000569952096
0.846,-1.70714425e-05,-2.65534207e-05,-4.84791881e-05,-9.0656155e-05,-0.000119744758,-3.91793546e-05,0.000454657074,0.0018047402,0.00115905355,-0.00362879735,4.58400984e-06,4.09968976e-06,-3.63030089e-06,-2.51332628e-05,-6.36650733e-05,-0.000102788592,-2.32062115e-05,0.000406635998,0.000998871757,-0.000555062029
0.847,-1.73219035e-05,-2.49568465e-05,-4.15884812e-05,-7.75968277e-05,-0.000109188071,-5.70912952e-05,0.000351114634,0.00167017128,0.0013387743,-0.00356706344,3.42328263e-06,3.99139797e-06,1.0984779e-07,-1.62382708e-05,-5.39456753e-05,-0.000107986182,-8.47355478e-05,0.000327599483,0.00112101991,-0.000624705473
0.848,-1.85454723e-05,-2.53323767e-05,-3.81385221e-05,-6.80110971e-05,-9.60856014e-05,-5.60007194e-05,0.000286977447,0.00154972223,0.00143126663,-0.00356954064,1.61250179e-06,2.41986106e-06,1.16270826e-06,-1.01325241e-05,-4.23822954e-05,-9.84736077e-05,-0.000115231445,0.000259003143,0.0011727489,-0.000731982522
0.849,-2.00145433e-05,-2.66724756e-05,-3.7250194e-05,-6.21632755e-05,-8.38723019e-05,-4.42181553e-05,0.000257540641,0.00145526069,0.00144009493,-0.00358232873,-2.58742553e-07,2.01319055e-07,1.91794236e-07,-7.18809086e-06,-3.20056038e-05,-8.10646873e-05,-0.000117839386,0.000212124394,0.00115794326,-0.000836807785
0.85,-2.1257044e-05,-2.81916637e-05,-3.78492334e-05,-5.93309932e-05,-7.42136632e-05,-2.87503126e-05,0.000252173438,0.00138682402,0.00138669842,-0.00357135599,-1.79727566e-06,-1.99258973e-06,-1.89803322e-06,-6.86419165e-06,-2.43989262e-05,-6.18940256e-05,-0.000101450057,0.000188181163,0.0010961452,-0.000913809882
0.851,-2.2047253e-05,-2.94006208e-05,-3.89903282e-05,-5.84138056e-05,-6.74509619e-05,-1.43524458e-05,0.000259290189,0.00133809959,0.00129841239,-0.00352214427,-2.82172143e-06,-3.7344048e-06,-4.2657506e-06,-8.1994014e-06,-1.99177476e-05,-4.52671404e-05,-7.63783708e-05,0.000182194433,0.00101241966,-0.000953427095
0.852,-2.23457483e-05,-3.00831185e-05,-4.0018387e-05,-5.83738203e-05,-6.31569329e-05,-3.4845633e-06,0.000269532443,0.0013010955,0.00119947762,-0.00343476354,-3.32210192e-06,-4.845962e-06,-6.31426077e-06,-1.02262349e-05,-1.81222748e-05,-3.33704702e-05,-5.120687e-05,0.000186972424,0.000928923231,-0.00095830472
0.853,-2.22247428e-05,-3.02220902e-05,-4.05915812e-05,-5.84599348e-05,-6.06053287e-05,3.1993616e-06,0.000277028748,0.00126902282,0.0011064572,-0.00331737832,-3.39517167e-06,-5.34264921e-06,-7.74060005e-06,-1.22177822e-05,-1.82170714e-05,-2.65964914e-05,-3.1287471e-05,0.00019596408,0.000860185417,-0.000937812918
0.854,-2.18027682e-05,-2.99143374e-05,-4.06191938e-05,-5.82535091e-05,-5.90777076e-05,6.17677959e-06,0.000279219766,0.00123743,0.00102755562,-0.00318073132,-3.18111907e-06,-5.35417556e-06,-8.4918644e-06,-1.37652237e-05,-1.93804806e-05,-2.41649583e-05,-1.86939567e-05,0.000204639647,0.000812194459,-0.000903001413
0.855,-2.11995442e-05,-2.92989254e-05,-4.01677888e-05,-5.76077178e-05,-5.80135182e-05,6.43822879e-06,0.000275936043,0.00120414208,0.000964372882,-0.00303459187,-2.81659292e-06,-5.05089771e-06,-8.67610805e-06,-1.4737061e-05,-2.09502197e-05,-2.47662164e-05,-1.30572279e-05,0.000210672734,0.00078413395,-0.000863238629
0.856,-2.05118998e-05,-2.85096212e-05,-3.93738693e-05,-5.65487741e-05,-5.70479828e-05,5.04367732e-06,0.000268317069,0.00116863603,0.000914546078,-0.00288616611,-2.40853819e-06,-4.59159102e-06,-8.47062487e-06,-1.51842259e-05,-2.24858939e-05,-2.70575548e-05,-1.26818447e-05,0.000213440402,0.000771234798,-0.00082475066
0.857,-1.98060653e-05,-2.76509617e-05,-3.83817454e-05,-5.51843886e-05,-5.59879748e-05,2.87326913e-06,0.00025792938,0.00113132353,0.000874170091,-0.00273992216,-2.02600528e-06,-4.09624022e-06,-8.05296794e-06,-1.52424383e-05,-2.37521252e-05,-2.9953569e-05,-1.55139637e-05,0.000213318719,0.000767484225,-0.000790616987
0.858,-1.91199802e-05,-2.67919202e-05,-3.73096811e-05,-5.36397755e-05,-5.47648626e-05,5.35222125e-07,0.000246213265,0.00109298828,0.000839465922,-0.00259816336,-1.70376137e-06,-3.63936982e-06,-7.56262686e-06,-1.50599792e-05,-2.46653883e-05,-3.27309467e-05,-1.97644219e-05,0.000211077021,0.000767504595,-0.000761553435
0.859,-1.84701088e-05,-2.59698868e-05,-3.62384561e-05,-5.20231412e-05,-5.33873896e-05,-1.62561881e-06,0.000234233479,0.0010544442,0.000807626449,-0.00246181699,-1.45142244e-06,-3.25616044e-06,-7.08914817e-06,-1.47580034e-05,-2.52353283e-05,-3.50067119e-05,-2.4179986e-05,0.000207489408,0.000767458459,-0.000736898985
0.86,-1.78590632e-05,-2.5198989e-05,-3.52137709e-05,-5.0413496e-05,-5.19045383e-05,-3.4699831e-06,0.000222641272,0.00101637925,0.000777024184,-0.00233112322,-1.26343795e-06,-2.95399706e-06,-6.67725787e-06,-1.44175932e-05,-2.55168187e-05,-3.66539088e-05,-2.80586217e-05,0.000203155247,0.000765181045,-0.000715447581
0.861,-1.72820759e-05,-2.44788704e-05,-3.42549084e-05,-4.8861565e-05,-5.03802667e-05,-4.99357232e-06,0.000211748356,0.00097931694,0.000747040655,-0.00220610151,-1.12729604e-06,-2.72423124e-06,-6.33952291e-06,-1.40831839e-05,-2.55778769e-05,-3.77040753e-05,-3.11292103e-05,0.000198463791,0.000759865163,-0.000695988664
0.862,-1.673161e-05,-2.3801922e-05,-3.33645242e-05,-4.73963499e-05,-4.88784074e-05,-6.26444353e-06,0.000201637214,0.000943634394,0.000717743263,-0.00208679461,-1.02904111e-06,-2.55144127e-06,-6.06979431e-06,-1.37728926e-05,-2.54820769e-05,-3.82650454e-05,-3.33933025e-05,0.00019363243,0.00075159101,-0.000677570165
0.863,-1.62001607e-05,-2.31582797e-05,-3.25367696e-05,-4.60324863e-05,-4.74547046e-05,-7.37702552e-06,0.000192262874,0.000909595831,0.000689559627,-0.00197334702,-9.56275101e-07,-2.41939874e-06,-5.85385236e-06,-1.34894372e-05,-2.52813844e-05,-3.84647319e-05,-3.49870345e-05,0.000188766401,0.000740891821,-0.000659565254
0.864,-1.56816833e-05,-2.25387354e-05,-3.17627846e-05,-4.4775952e-05,-4.61529889e-05,-8.42325448e-06,0.00018352745,0.00087738,0.000663022945,-0.00186598548,-8.99337782e-07,-2.31414691e-06,-5.67619679e-06,-1.32285262e-05,-2.50149635e-05,-3.84198441e-05,-3.6085882e-05,0.00018391075,0.000728441086,-0.000641632304
0.865,-1.51721471e-05,-2.19361085e-05,-3.10337474e-05,-4.3627496e-05,-4.50034399e-05,-9.47721908e-06,0.000175325946,0.000847095719,0.000638606418,-0.00176495774,-8.51400274e-07,-2.22507466e-06,-5.52348188e-06,-1.29840058e-05,-2.47105531e-05,-3.82229738e-05,-3.68514474e-05,0.000179084328,0.000714870845,-0.000623636178
0.866,-1.46695313e-05,-2.13456199e-05,-3.03422228e-05,-4.25844468e-05,-4.40224746e-05,-1.05892863e-05,0.000167569271,0.000818790059,0.000616636491,-0.00167046584,-8.08041946e-07,-2.14484464e-06,-5.38566347e-06,-1.27503752e-05,-2.43867061e-05,-3.79408111e-05,-3.74095699e-05,0.000174297689,0.000700692137,-0.000605570416
0.867,-1.41734618e-05,-2.07647058e-05,-2.96825717e-05,-4.16418244e-05,-4.32142563e-05,-1.17863222e-05,0.000160191993,0.000792455076,0.000597264637,-0.00158261363,-7.66640009e-07,-2.06879999e-06,-5.25590414e-06,-1.25236529e-05,-2.40552508e-05,-3.76178298e-05,-3.78476352e-05,0.000169560824,0.000686279408,-0.000587496767
0.868,-1.36846582e-05,-2.01925558e-05,-2.9050915e-05,-4.07932633e-05,-4.25734056e-05,-1.30754551e-05,0.000153151253,0.00076803601,0.000580477045,-0.00150137584,-7.2577077e-07,-1.99422721e-06,-5.12994931e-06,-1.23013999e-05,-2.37236246e-05,-3.72817724e-05,-3.82212841e-05,0.000164885618,0.000671887023,-0.000569504613
0.869,-1.32044131e-05,-1.96295731e-05,-2.84448415e-05,-4.00316636e-05,-4.208784e-05,-1.44492093e-05,0.000146421788,0.000745439948,0.000566124824,-0.00142658966,-6.84737836e-07,-1.91970536e-06,-5.00540367e-06,-1.20823927e-05,-2.33966057e-05,-3.69488071e-05,-3.85634847e-05,0.000160285542,0.000657676572,-0.000551686946
0.87,-1.27342226e-05,-1.90768737e-05,-2.78629214e-05,-3.93494092e-05,-4.17409932e-05,-1.5890594e-05,0.000139990048,0.000724543863,0.000553962636,-0.00135796537,-6.43266582e-07,-1.84461768e-06,-4.88110011e-06,-1.18661989e-05,-2.30772598e-05,-3.66275067e-05,-3.88921421e-05,0.000155774039,0.00064374351,-0.000534128139
0.871,-1.22755656e-05,-1.85358549e-05,-2.73041785e-05,-3.87383498e-05,-4.15134746e-05,-1.73775033e-05,0.000133848885,0.000705202538,0.000543688023,-0.00129511021,-6.01332898e-07,-1.76882317e-06,-4.75661529e-06,-1.16527968e-05,-2.27673291e-05,-3.63216334e-05,-3.92154692e-05,0.000151362822,0.000630138753,-0.000516898987
0.872,-1.18297565e-05,-1.8007872e-05,-2.67676936e-05,-3.81898625e-05,-4.1384556e-05,-1.88862565e-05,0.000127993342,0.000687257212,0.000534976414,-0.00123755877,-5.59057095e-07,-1.69244799e-06,-4.63193171e-06,-1.14423196e-05,-2.24674802e-05,-3.60320196e-05,-3.95356957e-05,0.000147060868,0.000616884541,-0.000500055633
0.873,-1.13978228e-05,-1.74940335e-05,-2.6252415e-05,-3.76951624e-05,-4.13336663e-05,-2.03943187e-05,0.000122417615,0.00067054475,0.000527509189,-0.00118480454,-5.16634624e-07,-1.61574865e-06,-4.5072336e-06,-1.12349162e-05,-2.21776141e-05,-3.57578126e-05,-3.98518042e-05,0.000142874252,0.000603985503,-0.000483640286
0.874,-1.09804348e-05,-1.69951091e-05,-2.57571176e-05,-3.72456829e-05,-4.13415962e-05,-2.18820174e-05,0.000117113369,0.000654905741,0.000520993302,-0.00113632898,-4.74280189e-07,-1.53902578e-06,-4.38280008e-06,-1.10307068e-05,-2.18971982e-05,-3.54972638e-05,-4.01613188e-05,0.000138806548,0.000591435917,-0.000467682829
0.875,-1.05778959e-05,-1.65115178e-05,-2.52804473e-05,-3.68334117e-05,-4.13912649e-05,-2.33333098e-05,0.000112069416,0.000640190588,0.000515172503,-0.00109162577,-4.32197142e-07,-1.46257693e-06,-4.25894214e-06,-1.0829775e-05,-2.16255138e-05,-3.52482371e-05,-4.04613316e-05,0.000134859378,0.000579224272,-0.000452202639
0.876,-1.01901922e-05,-1.60433424e-05,-2.48209564e-05,-3.64510955e-05,-4.14680604e-05,-2.47359379e-05,0.000107272225,0.000626263463,0.000509831806,-0.00105021882,-3.90567576e-07,-1.3866658e-06,-4.13595161e-06,-1.06321591e-05,-2.13617739e-05,-3.50085471e-05,-4.07490291e-05,0.000131032792,0.000567336053,-0.000437210182
0.877,-9.81705612e-06,-1.55903531e-05,-2.43771229e-05,-3.60923381e-05,-4.1559926e-05,-2.60813328e-05,0.000102706574,0.000613004545,0.000504797725,-0.00101167424,-3.49559566e-07,-1.31151296e-06,-4.01405787e-06,-1.04378288e-05,-2.11051482e-05,-3.4776161e-05,-4.10220521e-05,0.000127325424,0.000555755539,-0.000422708356
0.878,-9.45803725e-06,-1.51520604e-05,-2.39473878e-05,-3.57516366e-05,-4.16572528e-05,-2.73642129e-05,9.8356374e-05,0.000600310894,0.000499935439,-0.000975607011,-3.0932922e-07,-1.23729297e-06,-3.89341165e-06,-1.02466807e-05,-2.08547892e-05,-3.45492988e-05,-4.12786355e-05,0.000123734711,0.000544466904,-0.000408693824
0.879,-9.11256371e-06,-1.47278159e-05,-2.35302683e-05,-3.54244323e-05,-4.17526567e-05,-2.85817873e-05,9.42059305e-05,0.000588096386,0.000495143525,-0.000941683433,-2.70015195e-07,-1.16414416e-06,-3.77410638e-06,-1.0058569e-05,-2.06098858e-05,-3.43264366e-05,-4.15174646e-05,0.000120257339,0.000533454657,-0.000395158505
0.88,-8.77998875e-06,-1.43169009e-05,-2.31244425e-05,-3.5107106e-05,-4.18407272e-05,-2.97330703e-05,9.02408265e-05,0.000576290988,0.000490348683,-0.000909620457,-2.31731607e-07,-1.09218e-06,-3.65620982e-06,-9.87334012e-06,-2.03697058e-05,-3.41062543e-05,-4.17374593e-05,0.000116889643,0.00052270388,-0.000382090999
0.881,-8.45961897e-06,-1.39185548e-05,-2.27287252e-05,-3.4796837e-05,-4.19177568e-05,-3.08186592e-05,8.64476371e-05,0.000564839188,0.000485502179,-0.000879182439,-1.94569862e-07,-1.02150187e-06,-3.53978019e-06,-9.69082914e-06,-2.01335692e-05,-3.38875716e-05,-4.19377852e-05,0.000113627635,0.00051220068,-0.000369477718
0.882,-8.15073953e-06,-1.35319686e-05,-2.23419802e-05,-3.4491386e-05,-4.198143e-05,-3.18407054e-05,8.28131343e-05,0.000553697622,0.000480576566,-0.00085017561,-1.58606471e-07,-9.52201068e-07,-3.42485542e-06,-9.51084132e-06,-1.99008174e-05,-3.36693501e-05,-4.2118034e-05,0.000110466916,0.000501932654,-0.000357303593
0.883,-7.85264036e-06,-1.31562912e-05,-2.1963084e-05,-3.41889458e-05,-4.20305095e-05,-3.28026513e-05,7.93240847e-05,0.000542832499,0.000475560891,-0.000822441239,-1.2390619e-07,-8.84351269e-07,-3.31143602e-06,-9.33314113e-06,-1.96708172e-05,-3.34507649e-05,-4.22783711e-05,0.000107402722,0.000491889037,-0.000345552505
0.884,-7.56464508e-06,-1.27906685e-05,-2.15909342e-05,-3.38880085e-05,-4.20644561e-05,-3.37086965e-05,7.59674689e-05,0.000532217002,0.000470455222,-0.000795848719,-9.05261484e-08,-8.18010268e-07,-3.19948502e-06,-9.15744832e-06,-1.94429396e-05,-3.32311653e-05,-4.2419472e-05,0.000104429924,0.000482060286,-0.000334207504
0.885,-7.28614717e-06,-1.24343243e-05,-2.12245196e-05,-3.35872479e-05,-4.20829338e-05,-3.45629041e-05,7.27310873e-05,0.000521828631,0.000465265087,-0.00077028926,-5.85193005e-08,-7.53243631e-07,-3.08898025e-06,-8.98347794e-06,-1.92165097e-05,-3.3009817e-05,-4.25419932e-05,0.000101543051,0.000472436798,-0.000323250903
0.886,-7.01661709e-06,-1.20865997e-05,-2.08629743e-05,-3.32855107e-05,-4.20856462e-05,-3.5368814e-05,6.9604047e-05,0.000511648258,0.000459998181,-0.000745671888,-2.79276681e-08,-6.90123961e-07,-2.97993304e-06,-8.8109829e-06,-1.89908675e-05,-3.27859174e-05,-4.26464009e-05,9.87366998e-05,0.000463009055,-0.00031266504
0.887,-6.75559854e-06,-1.1746965e-05,-2.05056243e-05,-3.29818726e-05,-4.20723282e-05,-3.6129237e-05,6.657731e-05,0.000501659751,0.00045466196,-0.000721920334,1.224643e-09,-6.28718111e-07,-2.87238206e-06,-8.63977929e-06,-1.8765448e-05,-3.25587139e-05,-4.27329548e-05,9.60059452e-05,0.0004537679,-0.000302432873
0.888,-6.5026978e-06,-1.14149994e-05,-2.01519855e-05,-3.2675677e-05,-4.20428176e-05,-3.6846305e-05,6.36438796e-05,0.000491849783,0.000449262459,-0.00069897052,2.8929211e-08,-5.69078568e-07,-2.76637691e-06,-8.46974643e-06,-1.85398179e-05,-3.23275852e-05,-4.28017605e-05,9.33465289e-05,0.000444704608,-0.000292538232
0.889,-6.2575748e-06,-1.10903618e-05,-1.9801722e-05,-3.23665052e-05,-4.19970867e-05,-3.75216607e-05,6.07984839e-05,0.000482207586,0.000443804473,-0.000676768719,5.51853573e-08,-5.11246253e-07,-2.66197185e-06,-8.30081703e-06,-1.83136595e-05,-3.2092025e-05,-4.28527969e-05,9.07548346e-05,0.000435810885,-0.000282965998
0.89,-6.01992726e-06,-1.07727632e-05,-1.94546071e-05,-3.20541526e-05,-4.1935304e-05,-3.81567216e-05,5.80371529e-05,0.000472725074,0.000438292576,-0.000655270714,7.99999298e-08,-4.55249228e-07,-2.55922072e-06,-8.13297199e-06,-1.80867736e-05,-3.18516719e-05,-4.2886016e-05,8.82279562e-05,0.000427079376,-0.000273702608
0.891,-5.78947494e-06,-1.04619511e-05,-1.91105008e-05,-3.17386025e-05,-4.18578583e-05,-3.8752853e-05,5.5356906e-05,0.000463396989,0.000432732049,-0.000634441257,1.03391042e-07,-4.01099285e-07,-2.458171e-06,-7.96623069e-06,-1.78590729e-05,-3.16063368e-05,-4.29014497e-05,8.57637522e-05,0.000418504241,-0.000264736535
0.892,-5.56595732e-06,-1.01577302e-05,-1.8769389e-05,-3.14200423e-05,-4.17652921e-05,-3.93111597e-05,5.27559847e-05,0.000454220619,0.000427128592,-0.000614252947,1.25389975e-07,-3.48804162e-07,-2.35890036e-06,-7.800698e-06,-1.76305918e-05,-3.13558892e-05,-4.28988669e-05,8.33610457e-05,0.000410080686,-0.000256058385
0.893,-5.34908626e-06,-9.85986728e-06,-1.84312846e-05,-3.10989278e-05,-4.16587742e-05,-3.98335342e-05,5.02329193e-05,0.000445197692,0.00042149192,-0.000594687507,1.46053615e-07,-2.98330994e-07,-2.26145597e-06,-7.63654421e-06,-1.74016295e-05,-3.11006878e-05,-4.28784995e-05,8.10200542e-05,0.000401807485,-0.000247662019
0.894,-5.13852234e-06,-9.56800911e-06,-1.80960734e-05,-3.07758464e-05,-4.15402105e-05,-4.03233804e-05,4.77850978e-05,0.000436333951,0.000415837986,-0.000575734295,1.65464806e-07,-2.49580726e-07,-2.16577719e-06,-7.47389527e-06,-1.71727154e-05,-3.08418239e-05,-4.28418716e-05,7.87418008e-05,0.000393688214,-0.00023954401
0.895,-4.9339257e-06,-9.28175391e-06,-1.77635156e-05,-3.04512415e-05,-4.14115201e-05,-4.07845858e-05,4.54087242e-05,0.000427634744,0.000410184601,-0.000557383583,1.83710051e-07,-2.024285e-07,-2.0717328e-06,-7.31277748e-06,-1.69443419e-05,-3.05805845e-05,-4.27912398e-05,7.65267276e-05,0.000385727586,-0.000231700478
0.896,-4.7350141e-06,-9.00077431e-06,-1.74333715e-05,-3.01252941e-05,-4.12739418e-05,-4.122009e-05,4.30999052e-05,0.000419101399,0.000404545501,-0.0005396208,2.00860447e-07,-1.56779777e-07,-1.9792209e-06,-7.1531704e-06,-1.67167773e-05,-3.03178107e-05,-4.27284034e-05,7.43740014e-05,0.000377927196,-0.000224124654
0.897,-4.54156193e-06,-8.7248378e-06,-1.71054655e-05,-2.97980137e-05,-4.11280792e-05,-4.16317352e-05,4.08552259e-05,0.000410731645,0.000398929347,-0.000522426489,2.16975095e-07,-1.12573234e-07,-1.88819553e-06,-6.99506502e-06,-1.64901251e-05,-3.00538873e-05,-4.26544119e-05,7.22818851e-05,0.000370285337,-0.000216807311
0.898,-4.35337367e-06,-8.45375296e-06,-1.67796326e-05,-2.94692847e-05,-4.09741832e-05,-4.20208697e-05,3.86713223e-05,0.000402521178,0.000393341891,-0.000505778526,2.32107621e-07,-6.97565165e-08,-1.79861889e-06,-6.83842862e-06,-1.6264384e-05,-2.97890198e-05,-4.25701095e-05,7.02480052e-05,0.000362798916,-0.000209738001
0.899,-4.1703142e-06,-8.18743434e-06,-1.64557959e-05,-2.91388579e-05,-4.08118919e-05,-4.23876528e-05,3.65456195e-05,0.000394462594,0.000387783834,-0.000489651039,2.46296394e-07,-2.83140448e-08,-1.71051134e-06,-6.6832412e-06,-1.60393944e-05,-2.95229456e-05,-4.24755572e-05,6.82693292e-05,0.00035546177,-0.000202904569
0.9,-3.99228914e-06,-7.92587232e-06,-1.6133973e-05,-2.88064996e-05,-4.06405867e-05,-4.27314859e-05,3.44765394e-05,0.00038654752,0.000382252302,-0.000474017285,2.5956838e-07,1.17439815e-08,-1.62394106e-06,-6.52952562e-06,-1.58149657e-05,-2.92551353e-05,-4.2370198e-05,6.63429408e-05,0.000348265969,-0.000196294664
0.901,-3.81920697e-06,-7.66906893e-06,-1.58142423e-05,-2.84721406e-05,-4.04598829e-05,-4.3051823e-05,3.24632222e-05,0.00037876935,0.000376744297,-0.000458853742,2.71952002e-07,5.04113858e-08,-1.53898437e-06,-6.37735912e-06,-1.55910342e-05,-2.89851749e-05,-4.22533799e-05,6.44667861e-05,0.000341204384,-0.000189897683
0.902,-3.65093778e-06,-7.4169486e-06,-1.54966338e-05,-2.81358817e-05,-4.02699743e-05,-4.33490981e-05,3.05045055e-05,0.000371124961,0.000371260621,-0.000444142923,2.83488015e-07,8.77225498e-08,-1.45565201e-06,-6.22680865e-06,-1.53677128e-05,-2.87131448e-05,-4.21251964e-05,6.26397034e-05,0.000334273332,-0.000183705863
0.903,-3.48734125e-06,-7.16940873e-06,-1.5181151e-05,-2.77978498e-05,-4.00711995e-05,-4.36240611e-05,2.85989815e-05,0.000363612342,0.000365804046,-0.000429870445,2.94221326e-07,1.23728835e-07,-1.3739226e-06,-6.0779204e-06,-1.51451441e-05,-2.84393026e-05,-4.19860794e-05,6.08606574e-05,0.000327470702,-0.000177712602
0.904,-3.32828561e-06,-6.92635441e-06,-1.48677955e-05,-2.74581394e-05,-3.98638149e-05,-4.38773614e-05,2.67452158e-05,0.000356229271,0.000360377412,-0.000416022754,3.04193857e-07,1.58480229e-07,-1.29377062e-06,-5.93072604e-06,-1.49234342e-05,-2.81638775e-05,-4.18364661e-05,5.91284451e-05,0.000320794487,-0.000171911416
0.905,-3.17365575e-06,-6.68771507e-06,-1.45565861e-05,-2.71168239e-05,-3.96479729e-05,-4.41094182e-05,2.49419577e-05,0.000348973111,0.000354982668,-0.000402586332,3.13441984e-07,1.92016534e-07,-1.21518174e-06,-5.7852558e-06,-1.4702661e-05,-2.78870075e-05,-4.16766598e-05,5.74417922e-05,0.000314242194,-0.000166295721
0.906,-3.02334738e-06,-6.45343402e-06,-1.42475518e-05,-2.677399e-05,-3.94238323e-05,-4.43205834e-05,2.31881245e-05,0.000341841342,0.000349621189,-0.000389548139,3.21998181e-07,2.24371751e-07,-1.13814503e-06,-5.64153838e-06,-1.44829137e-05,-2.76088135e-05,-4.15069354e-05,5.57995539e-05,0.000307811198,-0.000160859159
0.907,-2.87726097e-06,-6.22345761e-06,-1.39407247e-05,-2.6429741e-05,-3.91915877e-05,-4.4511227e-05,2.14827191e-05,0.000334831696,0.000344294177,-0.00037689584,3.29892814e-07,2.55578526e-07,-1.06264699e-06,-5.49959832e-06,-1.42642911e-05,-2.73294348e-05,-4.13275987e-05,5.4200692e-05,0.000301498992,-0.000155595687
0.908,-2.73529685e-06,-5.99772513e-06,-1.36361295e-05,-2.60841791e-05,-3.89514459e-05,-4.46817712e-05,1.98247136e-05,0.000327942019,0.000339002954,-0.000364617726,3.37154754e-07,2.8567172e-07,-9.88666701e-07,-5.35945121e-06,-1.40468787e-05,-2.70490352e-05,-4.11390045e-05,5.26441379e-05,0.000295303277,-0.000150499486
0.909,-2.5973553e-06,-5.77616838e-06,-1.33337816e-05,-2.57373913e-05,-3.87035924e-05,-4.48326619e-05,1.82130188e-05,0.000321170097,0.000333748936,-0.0003527025,3.43811006e-07,3.14687599e-07,-9.16177584e-07,-5.22110285e-06,-1.38307323e-05,-2.67677825e-05,-4.09415315e-05,5.11287083e-05,0.000289221885,-0.000145564844
0.91,-2.46334075e-06,-5.55872161e-06,-1.30336952e-05,-2.53894576e-05,-3.84481988e-05,-4.49643302e-05,1.66465545e-05,0.0003145137,0.000328533435,-0.000341139229,3.49886501e-07,3.42660366e-07,-8.45152769e-07,-5.08455299e-06,-1.36158922e-05,-2.64858336e-05,-4.07355602e-05,4.96531902e-05,0.000283252669,-0.000140786189
0.911,-2.33316558e-06,-5.34533235e-06,-1.27358944e-05,-2.50404681e-05,-3.81854459e-05,-4.50771656e-05,1.51243378e-05,0.000307970723,0.00032335747,-0.000329917396,3.55404442e-07,3.69618641e-07,-7.7557058e-07,-4.94979987e-06,-1.3402406e-05,-2.6203329e-05,-4.05214637e-05,4.82164627e-05,0.000277393457,-0.000136158174
0.912,-2.20674957e-06,-5.13596126e-06,-1.24404136e-05,-2.46905271e-05,-3.79155337e-05,-4.51715256e-05,1.364549e-05,0.000301539221,0.000318221798,-0.000319026922,3.60386868e-07,3.95586014e-07,-7.07414366e-07,-4.81684159e-06,-1.31903338e-05,-2.59203972e-05,-4.02996095e-05,4.68175202e-05,0.000271642061,-0.000131675699
0.913,-2.08401521e-06,-4.93056876e-06,-1.21472847e-05,-2.43397369e-05,-3.76386638e-05,-4.52477748e-05,1.22091483e-05,0.000295217292,0.000313127108,-0.000308458077,3.64854236e-07,4.20584977e-07,-6.4066615e-07,-4.68567099e-06,-1.2979725e-05,-2.56371646e-05,-4.007037e-05,4.54553588e-05,0.000265996344,-0.000127333828
0.914,-1.96488431e-06,-4.72910351e-06,-1.18565242e-05,-2.398818e-05,-3.73550185e-05,-4.53063146e-05,1.0814385e-05,0.000289002958,0.000308074184,-0.000298201381,3.68824876e-07,4.44640337e-07,-5.75301321e-07,-4.55627176e-06,-1.27705985e-05,-2.53537612e-05,-3.98341254e-05,4.41288763e-05,0.000260454246,-0.000123127713
0.915,-1.84927954e-06,-4.53150678e-06,-1.15681373e-05,-2.36359211e-05,-3.70647596e-05,-4.53475654e-05,9.46022819e-06,0.000282894178,0.000303063848,-0.0002882476,3.72314931e-07,4.67777698e-07,-5.11290849e-07,-4.42861928e-06,-1.25629459e-05,-2.50703125e-05,-3.95912578e-05,4.28368956e-05,0.00025501377,-0.000119052605
0.916,-1.73712887e-06,-4.337729e-06,-1.12821353e-05,-2.32830274e-05,-3.6768046e-05,-4.53719133e-05,8.14576377e-06,0.000276888979,0.000298096759,-0.000278587823,3.75339824e-07,4.90019064e-07,-4.48610051e-07,-4.30268875e-06,-1.23567592e-05,-2.47869251e-05,-3.93421315e-05,4.15782966e-05,0.000249672911,-0.000115103951
0.917,-1.62836768e-06,-4.14773988e-06,-1.09985484e-05,-2.29295845e-05,-3.64650479e-05,-4.53796812e-05,6.8702018e-06,0.000270985543,0.000293173292,-0.000269213513,3.77915272e-07,5.11380364e-07,-3.872434e-07,-4.17845945e-06,-1.21520474e-05,-2.45036795e-05,-3.90870844e-05,4.03520956e-05,0.000244429626,-0.000111277448
0.918,-1.52293505e-06,-3.96151757e-06,-1.07174146e-05,-2.25756873e-05,-3.61559433e-05,-4.53711659e-05,5.63281829e-06,0.000265182144,0.000288293672,-0.000260116445,3.800571e-07,5.3187482e-07,-3.27179471e-07,-4.05591239e-06,-1.19488255e-05,-2.42206427e-05,-3.8826436e-05,3.91573828e-05,0.000239281872,-0.00010756899
0.919,-1.42076896e-06,-3.77902963e-06,-1.04387595e-05,-2.22214171e-05,-3.58409016e-05,-4.53467006e-05,4.43283843e-06,0.000259477,0.000283458187,-0.000251288573,3.81779407e-07,5.51518086e-07,-2.68400572e-07,-3.93502117e-06,-1.17470869e-05,-2.39378854e-05,-3.85605075e-05,3.79931875e-05,0.000234227662,-0.000103974556
0.92,-1.32180507e-06,-3.60022667e-06,-1.01625871e-05,-2.18668316e-05,-3.55200746e-05,-4.53066719e-05,3.26939382e-06,0.000253868219,0.00027866726,-0.000242721976,3.83093922e-07,5.70329741e-07,-2.10880022e-07,-3.81575004e-06,-1.15467941e-05,-2.36554852e-05,-3.82896253e-05,3.68584364e-05,0.000229265084,-0.000100490182
0.921,-1.22598125e-06,-3.4250593e-06,-9.88889898e-06,-2.15119806e-05,-3.51936024e-05,-4.52514581e-05,2.14161663e-06,0.000248353898,0.000273921267,-0.000234408948,3.84011119e-07,5.88328695e-07,-1.54590522e-07,-3.69805991e-06,-1.13478988e-05,-2.33735077e-05,-3.80141007e-05,3.5752055e-05,0.000224392244,-9.71120315e-05
0.922,-1.13324154e-06,-3.25349758e-06,-9.61771694e-06,-2.11569315e-05,-3.48616265e-05,-4.51813617e-05,1.04875896e-06,0.000242932259,0.000269220341,-0.000226342108,3.84542575e-07,6.05528322e-07,-9.95151961e-08,-3.58191926e-06,-1.11503706e-05,-2.30919882e-05,-3.77342028e-05,3.46731003e-05,0.000219607216,-9.38365052e-05
0.923,-1.04353507e-06,-3.08553015e-06,-9.34908402e-06,-2.08017718e-05,-3.45242951e-05,-4.50966139e-05,-9.80392119e-09,0.00023760166,0.000264564378,-0.000218514398,3.84701173e-07,6.21937074e-07,-4.56466645e-08,-3.46730372e-06,-1.09541974e-05,-2.28109346e-05,-3.74501609e-05,3.36207619e-05,0.000214908044,-9.06602299e-05
0.924,-9.56810678e-07,-2.92114203e-06,-9.08303941e-06,-2.04465861e-05,-3.4181755e-05,-4.49974548e-05,-1.03469684e-06,0.00023236046,0.000259953264,-0.000210918947,3.844992e-07,6.37564265e-07,7.02412889e-09,-3.35418788e-06,-1.07593613e-05,-2.25303531e-05,-3.71621887e-05,3.25942375e-05,0.000210292804,-8.75799531e-05
0.925,-8.7301375e-07,-2.76029702e-06,-8.8195965e-06,-2.00914335e-05,-3.383414e-05,-4.48841941e-05,-2.02665173e-06,0.0002272069,0.00025538704,-0.000203548953,3.83945984e-07,6.52424321e-07,5.85180702e-08,-3.24253523e-06,-1.05658133e-05,-2.22502646e-05,-3.68705093e-05,3.15926218e-05,0.000205759651,-8.45924479e-05
0.926,-7.9208869e-07,-2.6029471e-06,-8.55875282e-06,-1.97363544e-05,-3.34815701e-05,-4.47571733e-05,-2.98645926e-06,0.000222139147,0.000250865812,-0.000196397726,3.83048753e-07,6.66534049e-07,1.08862031e-07,-3.1323035e-06,-1.0373486e-05,-2.19706925e-05,-3.65753399e-05,3.06149635e-05,0.00020130679,-8.16945584e-05
0.927,-7.13983067e-07,-2.44905645e-06,-8.30051966e-06,-1.93814011e-05,-3.31241646e-05,-4.46166775e-05,-3.91482785e-06,0.000217155457,0.000246389515,-0.000189458835,3.81815511e-07,6.79906881e-07,1.58076157e-07,-3.02345559e-06,-1.01823238e-05,-2.16916366e-05,-3.62768637e-05,2.96604074e-05,0.00019693241,-7.88833121e-05
0.928,-6.38648898e-07,-2.29861338e-06,-8.04493852e-06,-1.90266562e-05,-3.27620509e-05,-4.44628922e-05,-4.81230552e-06,0.000212254252,0.000241957808,-0.000182726186,3.80257052e-07,6.92550156e-07,2.06166309e-07,-2.91596822e-06,-9.99230199e-06,-2.14130624e-05,-3.59752099e-05,2.87282756e-05,0.000192634667,-7.61559813e-05
0.929,-5.66040813e-07,-2.15161439e-06,-7.79206061e-06,-1.86722092e-05,-3.23953519e-05,-4.4295963e-05,-5.67937461e-06,0.000207434013,0.000237570254,-0.000176193915,3.78384326e-07,7.04468828e-07,2.53133618e-07,-2.80982266e-06,-9.80340113e-06,-2.11349209e-05,-3.56704723e-05,2.78179516e-05,0.000188411727,-7.35099832e-05
0.93,-4.96115822e-07,-2.00804345e-06,-7.54191673e-06,-1.83181182e-05,-3.20241564e-05,-4.41160679e-05,-6.51658993e-06,0.000202693084,0.000233226561,-0.000169856233,3.7620421e-07,7.15669282e-07,2.98985624e-07,-2.70499377e-06,-9.61557032e-06,-2.08571691e-05,-3.53627275e-05,2.69287234e-05,0.000184261834,-7.09427555e-05
0.931,-4.2883219e-07,-1.86786726e-06,-7.29451096e-06,-1.79644044e-05,-3.16485204e-05,-4.3923435e-05,-7.32460798e-06,0.000198029659,0.000228926598,-0.000163707389,3.73718952e-07,7.26160579e-07,3.43739533e-07,-2.60144601e-06,-9.42872315e-06,-2.05797748e-05,-3.50520489e-05,2.60597644e-05,0.000180183307,-6.84517314e-05
0.932,-3.64140498e-07,-1.73104539e-06,-7.04984657e-06,-1.76111079e-05,-3.12685389e-05,-4.37183131e-05,-8.10406614e-06,0.000193442053,0.000224670118,-0.000157741802,3.70933112e-07,7.35954739e-07,3.87414003e-07,-2.49914665e-06,-9.24279558e-06,-2.03027102e-05,-3.47385209e-05,2.52103575e-05,0.000176174475,-6.60344892e-05
0.933,-3.01972959e-07,-1.59753662e-06,-6.80794895e-06,-1.72583422e-05,-3.08844204e-05,-4.35009596e-05,-8.85547262e-06,0.000188928952,0.000220456522,-0.000151954185,3.67860461e-07,7.45068609e-07,4.30024306e-07,-2.3980756e-06,-9.05779822e-06,-2.00259542e-05,-3.44222599e-05,2.43800894e-05,0.000172233613,-6.3688876e-05
0.934,-2.42253846e-07,-1.4673047e-06,-6.56886096e-06,-1.69062628e-05,-3.04964272e-05,-4.32716086e-05,-9.57922645e-06,0.000184489266,0.000216284991,-0.000146339522,3.64519895e-07,7.5351969e-07,4.71579778e-07,-2.29822445e-06,-8.87378568e-06,-1.97494812e-05,-3.41033753e-05,2.356874e-05,0.000168358987,-6.14129432e-05
0.935,-1.84932991e-07,-1.34033316e-06,-6.3326229e-06,-1.6554961e-05,-3.01046861e-05,-4.30303872e-05,-1.02757223e-05,0.000180121618,0.000212154895,-0.000140892928,3.60921156e-07,7.61314268e-07,5.12081062e-07,-2.19958384e-06,-8.69075035e-06,-1.94732274e-05,-3.37818723e-05,2.27758979e-05,0.00016454895,-5.92047144e-05
0.936,-1.30007055e-07,-1.21663748e-06,-6.09926416e-06,-1.62044032e-05,-2.97090764e-05,-4.27772541e-05,-1.09454066e-05,0.000175824069,0.000208065983,-0.000135609562,3.57056273e-07,7.68439081e-07,5.5151556e-07,-2.10213875e-06,-8.50856396e-06,-1.9197065e-05,-3.34575936e-05,2.20007562e-05,0.000160801986,-5.70620644e-05
0.937,-7.74907804e-08,-1.09624731e-06,-5.86881428e-06,-1.58545126e-05,-2.93093832e-05,-4.25120902e-05,-1.15887213e-05,0.000171594502,0.000204018104,-0.000130484698,3.52910646e-07,7.74872988e-07,5.89863621e-07,-2.00587472e-06,-8.32705647e-06,-1.89208389e-05,-3.31303123e-05,2.12423883e-05,0.000157116636,-5.49828642e-05
0.938,-2.73700313e-08,-9.79174559e-07,-5.64131524e-06,-1.55052937e-05,-2.89055394e-05,-4.2234852e-05,-1.22060213e-05,0.000167431205,0.000200010795,-0.000125513832,3.48480776e-07,7.8060581e-07,6.27108641e-07,-1.91078952e-06,-8.14613951e-06,-1.86444285e-05,-3.27998698e-05,2.05001801e-05,0.000153491405,-5.29652213e-05
0.939,2.04129706e-08,-8.65400065e-07,-5.41681978e-06,-1.51568659e-05,-2.84976964e-05,-4.19456325e-05,-1.27975627e-05,0.000163333025,0.0001960432,-0.000120692712,3.43779405e-07,7.856452e-07,6.63243272e-07,-1.81689363e-06,-7.9658384e-06,-1.83677728e-05,-3.24662216e-05,1.97739303e-05,0.000149924744,-5.10075267e-05
0.94,6.59290048e-08,-7.54889535e-07,-5.19537456e-06,-1.48093768e-05,-2.80860742e-05,-4.16445884e-05,-1.33635957e-05,0.000159298976,0.000192114389,-0.000116017225,3.38823079e-07,7.90004729e-07,6.98265369e-07,-1.72420042e-06,-7.78621207e-06,-1.80908369e-05,-3.21293626e-05,1.90635596e-05,0.00014641513,-4.91082789e-05
0.941,1.09230878e-07,-6.4761197e-07,-4.97700723e-06,-1.44629201e-05,-2.7670815e-05,-4.13318603e-05,-1.3904448e-05,0.000155327859,0.000188223627,-0.00011148328,3.3362e-07,7.93692101e-07,7.3217378e-07,-1.63271563e-06,-7.6072757e-06,-1.78135777e-05,-3.17892595e-05,1.83688288e-05,0.000142961128,-4.72659102e-05
0.942,1.50350942e-07,-5.43546972e-07,-4.76173467e-06,-1.41175362e-05,-2.72519688e-05,-4.10075378e-05,-1.44204921e-05,0.000151418271,0.000184370337,-0.000107086836,3.28170142e-07,7.96706901e-07,7.649635e-07,-1.5424411e-06,-7.42900057e-06,-1.75359313e-05,-3.14458315e-05,1.76893499e-05,0.000139561373,-4.54788026e-05
0.943,1.89315518e-07,-4.42687579e-07,-4.54958794e-06,-1.37732638e-05,-2.68295521e-05,-4.06716359e-05,-1.49120179e-05,0.000147568815,0.000180553897,-0.000102824035,3.22473545e-07,7.99044796e-07,7.96620661e-07,-1.45338757e-06,-7.2513567e-06,-1.72578173e-05,-3.10989494e-05,1.70247518e-05,0.000136214527,-4.37454053e-05
0.944,2.26154767e-07,-3.45039854e-07,-4.34062581e-06,-1.3430172e-05,-2.64035872e-05,-4.032409e-05,-1.53791611e-05,0.000143778238,0.000176773529,-9.86912829e-05,3.16535334e-07,8.00700302e-07,8.27119899e-07,-1.36558276e-06,-7.0743394e-06,-1.69791431e-05,-3.07484356e-05,1.63747826e-05,0.000132919255,-4.20643052e-05
0.945,2.60902209e-07,-2.5061321e-07,-4.13491883e-06,-1.3088349e-05,-2.59741108e-05,-3.99648103e-05,-1.58219831e-05,0.000140045383,0.00017302839,-9.46851568e-05,3.10363671e-07,8.01668758e-07,8.56431647e-07,-1.2790637e-06,-6.89796227e-06,-1.66998192e-05,-3.03940984e-05,1.57392606e-05,0.000129674242,-4.04341711e-05
0.946,2.93590787e-07,-1.59408067e-07,-3.93252314e-06,-1.27478757e-05,-2.55411715e-05,-3.95937544e-05,-1.62406027e-05,0.000136369095,0.000169317697,-9.08022695e-05,3.03964889e-07,8.01946965e-07,8.84531671e-07,-1.19386342e-06,-6.72223912e-06,-1.64197732e-05,-3.00357756e-05,1.51179879e-05,0.000126478224,-3.88536702e-05
0.947,3.24250882e-07,-7.14147768e-08,-3.7334756e-06,-1.24088169e-05,-2.51048237e-05,-3.92109353e-05,-1.66352219e-05,0.000132748187,0.000165640756,-8.70392362e-05,2.97342505e-07,8.01533163e-07,9.11402629e-07,-1.11000837e-06,-6.54717932e-06,-1.61389505e-05,-2.96733418e-05,1.45107286e-05,0.000123329986,-3.73214491e-05
0.948,3.52911152e-07,1.33743464e-08,-3.53781463e-06,-1.20712373e-05,-2.46651165e-05,-3.88163532e-05,-1.70060205e-05,0.000129181494,0.000161996863,-8.33927799e-05,2.90500002e-07,8.00425111e-07,9.37025678e-07,-1.02752745e-06,-6.37279438e-06,-1.58572988e-05,-2.93066654e-05,1.39172559e-05,0.000120228344,-3.58361879e-05
0.949,3.7960019e-07,9.49543415e-08,-3.345601e-06,-1.17352182e-05,-2.42220885e-05,-3.84099349e-05,-1.73530542e-05,0.000125667928,0.000158385234,-7.98598274e-05,2.83444323e-07,7.98619246e-07,9.61372485e-07,-9.46463136e-07,-6.19910878e-06,-1.55747566e-05,-2.8935568e-05,1.33374044e-05,0.000117172126,-3.43966529e-05
0.95,4.04347459e-07,1.73312122e-07,-3.15691187e-06,-1.14008569e-05,-2.37757768e-05,-3.79915583e-05,-1.76762859e-05,0.000122206477,0.000154805032,-7.64374764e-05,2.76185079e-07,7.96111622e-07,9.8440878e-07,-8.66867224e-07,-6.02615763e-06,-1.52912597e-05,-2.85598422e-05,1.27710523e-05,0.000114160182,-3.30016741e-05
0.951,4.27182035e-07,2.48437246e-07,-2.97182084e-06,-1.10682517e-05,-2.33262267e-05,-3.75611175e-05,-1.79756917e-05,0.000118796146,0.000151255446,-7.31228831e-05,2.68731956e-07,7.92899459e-07,1.00610187e-06,-7.88792455e-07,-5.85398161e-06,-1.50067543e-05,-2.81792935e-05,1.22180791e-05,0.000111191394,-3.16500945e-05
0.952,4.48132092e-07,3.2032823e-07,-2.79038607e-06,-1.07374923e-05,-2.28734969e-05,-3.71185581e-05,-1.82513206e-05,0.000115435931,0.00014773574,-6.99132046e-05,2.6109273e-07,7.88981967e-07,1.0264263e-06,-7.12284124e-07,-5.68261978e-06,-1.47212031e-05,-2.77937693e-05,1.16783309e-05,0.000108264684,-3.03407344e-05
0.953,4.67224696e-07,3.889849e-07,-2.61266283e-06,-1.0408667e-05,-2.24176486e-05,-3.66638343e-05,-1.85032291e-05,0.000112124837,0.000144245192,-6.68056564e-05,2.53275171e-07,7.84359096e-07,1.0453575e-06,-6.3738834e-07,-5.51211457e-06,-1.44345759e-05,-2.74031244e-05,1.11516544e-05,0.000105379004,-2.9072432e-05
0.954,4.84488241e-07,4.54401619e-07,-2.43871907e-06,-1.00818763e-05,-2.19587426e-05,-3.61968643e-05,-1.87313945e-05,0.000108861934,0.000140783045,-6.37975985e-05,2.4528936e-07,7.79031457e-07,1.06286775e-06,-5.64156805e-07,-5.34251485e-06,-1.41468442e-05,-2.70071929e-05,1.0637925e-05,0.000102533319,-2.78440735e-05
0.955,4.9995218e-07,5.16565634e-07,-2.26863807e-06,-9.75723512e-06,-2.14968379e-05,-3.57175223e-05,-1.89357055e-05,0.000105646353,0.000137348494,-6.0886535e-05,2.37148222e-07,7.72999747e-07,1.07892352e-06,-4.92651209e-07,-5.17387954e-06,-1.38579777e-05,-2.6605776e-05,1.01370601e-05,9.97266103e-05,-2.66546076e-05
0.956,5.13647168e-07,5.75465277e-07,-2.10250449e-06,-9.43486503e-06,-2.10320041e-05,-3.52256876e-05,-1.91160403e-05,0.00010247726,0.000133940753,-5.80700412e-05,2.2886547e-07,7.6626647e-07,1.09349356e-06,-4.22932408e-07,-5.00627167e-06,-1.35679547e-05,-2.61986859e-05,9.6489751e-06,9.69578824e-05,-2.5502993e-05
0.957,5.25602341e-07,6.31092949e-07,-1.94039448e-06,-9.1148833e-06,-2.05643185e-05,-3.47212675e-05,-1.92723266e-05,9.93538096e-05,0.000130559081,-5.53456972e-05,2.20453818e-07,7.58834894e-07,1.10654965e-06,-3.55058837e-07,-4.83975628e-06,-1.32767605e-05,-2.57857574e-05,9.17356813e-06,9.42261658e-05,-2.43881859e-05
0.958,5.35847307e-07,6.83444793e-07,-1.78237952e-06,-8.79740797e-06,-2.00938694e-05,-3.42041905e-05,-1.94045141e-05,9.62751698e-05,0.000127202772,-5.27111197e-05,2.11925807e-07,7.507104e-07,1.11806841e-06,-2.89084063e-07,-4.67439884e-06,-1.29843905e-05,-2.53668492e-05,8.71071907e-06,9.15305158e-05,-2.33091381e-05
0.959,5.44412326e-07,7.32514702e-07,-1.62853715e-06,-8.48256302e-06,-1.96207452e-05,-3.36743675e-05,-1.95125066e-05,9.32405442e-05,0.000123871097,-5.01640169e-05,2.03295299e-07,7.41898691e-07,1.12802385e-06,-2.25066759e-07,-4.5102695e-06,-1.26908412e-05,-2.49418012e-05,8.26033116e-06,8.88699981e-05,-2.22648466e-05
0.96,5.51331131e-07,7.78294967e-07,-1.47895479e-06,-8.1704862e-06,-1.91450426e-05,-3.31316905e-05,-1.95961382e-05,9.02492004e-05,0.000120563307,-4.7702218e-05,1.94578634e-07,7.32407931e-07,1.13639024e-06,-1.63068027e-07,-4.34744315e-06,-1.2396117e-05,-2.45104405e-05,7.82232857e-06,8.62436931e-05,-2.12543461e-05
0.961,5.56637758e-07,8.20776896e-07,-1.33372299e-06,-7.86131999e-06,-1.86668615e-05,-3.25760437e-05,-1.96552221e-05,8.73004292e-05,0.000117278653,-4.53236162e-05,1.85792784e-07,7.22246299e-07,1.14314014e-06,-1.0315246e-07,-4.18599898e-06,-1.21002218e-05,-2.40725845e-05,7.39664855e-06,8.36506931e-05,-2.02767059e-05
0.962,5.60366884e-07,8.59954788e-07,-1.19292894e-06,-7.55521022e-06,-1.81863147e-05,-3.20073306e-05,-1.96896001e-05,8.43935308e-05,0.000114016422,-4.302613e-05,1.76954755e-07,7.11424195e-07,1.14825117e-06,-4.53793342e-08,-4.02601761e-06,-1.1803167e-05,-2.36280767e-05,6.98320563e-06,8.10901127e-05,-1.9330986e-05
0.963,5.62551908e-07,8.95824183e-07,-1.05665602e-06,-7.25230074e-06,-1.77035181e-05,-3.14254643e-05,-1.96991376e-05,8.15277989e-05,0.000110775924,-4.08076946e-05,1.68080672e-07,6.99951479e-07,1.1517012e-06,1.01926166e-08,-3.86758073e-06,-1.15049619e-05,-2.31767663e-05,6.58190782e-06,7.85610778e-05,-1.84162617e-05
0.964,5.63229059e-07,9.28382784e-07,-9.24989741e-07,-6.95274291e-06,-1.72185989e-05,-3.0830362e-05,-1.96836746e-05,7.87025653e-05,0.000107556474,-3.86663164e-05,1.59188061e-07,6.87841028e-07,1.15347159e-06,6.35068108e-08,-3.71077174e-06,-1.12056258e-05,-2.27185068e-05,6.1926648e-06,7.6062729e-05,-1.75316246e-05
0.965,5.62436474e-07,9.57628694e-07,-7.98019111e-07,-6.65669268e-06,-1.6731687e-05,-3.02219308e-05,-1.96430033e-05,7.59171986e-05,0.00010435736,-3.66000826e-05,1.50295131e-07,6.7510585e-07,1.15354172e-06,1.14502778e-07,-3.55567558e-06,-1.09051798e-05,-2.2253129e-05,5.81541289e-06,7.3594211e-05,-1.66762162e-05
0.966,5.60215288e-07,9.83561646e-07,-6.75836386e-07,-6.3643152e-06,-1.62429244e-05,-2.96000791e-05,-1.95768899e-05,7.31711064e-05,0.000101177879,-3.46071508e-05,1.4142174e-07,6.61761941e-07,1.15189403e-06,1.63121394e-07,-3.40238011e-06,-1.06036535e-05,-2.17804664e-05,5.45009135e-06,7.11546832e-05,-1.58491956e-05
0.967,5.5660564e-07,1.00618132e-06,-5.58532477e-07,-6.07577621e-06,-1.5752456e-05,-2.8964716e-05,-1.94851139e-05,7.04636932e-05,9.80173415e-05,-3.26857011e-05,1.32586749e-07,6.47823901e-07,1.14850989e-06,2.09303288e-07,-3.25097457e-06,-1.03010698e-05,-2.13003514e-05,5.0966369e-06,6.87433121e-05,-1.50497429e-05
0.968,5.51648497e-07,1.0254884e-06,-4.4619846e-07,-5.79124721e-06,-1.52604373e-05,-2.83157582e-05,-1.93674685e-05,6.77943735e-05,9.48750803e-05,-3.08339441e-05,1.23809777e-07,6.3330844e-07,1.14337405e-06,2.52992248e-07,-3.10155116e-06,-9.9974544e-06,-2.08126322e-05,4.75497169e-06,6.63592794e-05,-1.42770378e-05
0.969,5.45385442e-07,1.04148563e-06,-3.38923377e-07,-5.51089944e-06,-1.47670272e-05,-2.76531258e-05,-1.92237382e-05,6.51625738e-05,9.17504284e-05,-2.9050131e-05,1.1510961e-07,6.18231576e-07,1.13647081e-06,2.94132005e-07,-2.95420096e-06,-9.6928319e-06,-2.03171477e-05,4.42502634e-06,6.4001771e-05,-1.35302921e-05
0.97,5.37861822e-07,1.05417952e-06,-2.36797225e-07,-5.2349103e-06,-1.4272396e-05,-2.69767459e-05,-1.90536737e-05,6.25677612e-05,8.86427153e-05,-2.73325844e-05,1.06506842e-07,6.02612879e-07,1.12778791e-06,3.32667121e-07,-2.80901624e-06,-9.3872394e-06,-1.98137332e-05,4.10674282e-06,6.16699847e-05,-1.2808743e-05
0.971,5.29124427e-07,1.06357911e-06,-1.39908569e-07,-4.96345841e-06,-1.37767186e-05,-2.62865477e-05,-1.88570069e-05,6.00094227e-05,8.55512649e-05,-2.56796766e-05,9.80213685e-08,5.86471409e-07,1.11731283e-06,3.68542025e-07,-2.66608807e-06,-9.08071415e-06,-1.93022123e-05,3.80007544e-06,5.93631224e-05,-1.21116625e-05
0.972,5.19221053e-07,1.06969298e-06,-4.83490074e-08,-4.69672983e-06,-1.32801784e-05,-2.55824571e-05,-1.8633466e-05,5.74870589e-05,8.24754126e-05,-2.40898202e-05,8.96743911e-08,5.69827904e-07,1.1050342e-06,4.01700989e-07,-2.5255124e-06,-8.77329326e-06,-1.87824108e-05,3.50497531e-06,5.70803972e-05,-1.14383339e-05
0.973,5.08199056e-07,1.07252937e-06,3.77898823e-08,-4.4349136e-06,-1.27829633e-05,-2.48643963e-05,-1.8382786e-05,5.50001713e-05,7.94145032e-05,-2.25614535e-05,8.14859228e-08,5.52701516e-07,1.09093969e-06,4.3208908e-07,-2.38738649e-06,-8.46500563e-06,-1.82541529e-05,3.22139065e-06,5.4821028e-05,-1.07880584e-05
0.974,4.96107256e-07,1.072098e-06,1.18415847e-07,-4.17820314e-06,-1.22852688e-05,-2.41322906e-05,-1.81046888e-05,5.2548283e-05,7.63678819e-05,-2.109306e-05,7.34771133e-08,5.35113289e-07,1.07501826e-06,4.59650868e-07,-2.25181092e-06,-8.15588404e-06,-1.77172602e-05,2.94927788e-06,5.25842417e-05,-1.01601583e-05
0.975,4.82997029e-07,1.06841424e-06,1.93441374e-07,-3.92679163e-06,-1.17872999e-05,-2.33860797e-05,-1.77988752e-05,5.01309511e-05,7.33348863e-05,-1.96831785e-05,6.56682534e-08,5.17084984e-07,1.05726129e-06,4.84333562e-07,-2.11888331e-06,-7.84596923e-06,-1.71715489e-05,2.68861053e-06,5.03692718e-05,-9.55398942e-06
0.976,4.68921533e-07,1.06149602e-06,2.6277958e-07,-3.68087468e-06,-1.12892678e-05,-2.26257074e-05,-1.74650235e-05,4.77477608e-05,7.03148448e-05,-1.83303997e-05,5.80806185e-08,4.9863997e-07,1.03766091e-06,5.06082768e-07,-1.98870365e-06,-7.53530726e-06,-1.66168254e-05,2.43938038e-06,4.81753577e-05,-8.96893872e-06
0.977,4.53935321e-07,1.0513622e-06,3.26342479e-07,-3.44065423e-06,-1.07913933e-05,-2.18511158e-05,-1.71028018e-05,4.53983182e-05,6.730709e-05,-1.70333591e-05,5.07351505e-08,4.79801648e-07,1.01621001e-06,5.24845541e-07,-1.86137429e-06,-7.22394267e-06,-1.60528962e-05,2.20158347e-06,4.60017478e-05,-8.40441182e-06
0.978,4.38092338e-07,1.03802879e-06,3.84037725e-07,-3.20633826e-06,-1.02938996e-05,-2.10622323e-05,-1.67118716e-05,4.3082233e-05,6.43109529e-05,-1.57907233e-05,4.36534144e-08,4.60592616e-07,9.92898157e-07,5.40564622e-07,-1.73700444e-06,-6.91191052e-06,-1.54795556e-05,1.97522364e-06,4.38476939e-05,-7.85983697e-06
0.979,4.21448854e-07,1.02151512e-06,4.35774204e-07,-2.97813976e-06,-9.79702183e-06,-2.02589918e-05,-1.62918854e-05,4.07991344e-05,6.13257769e-05,-1.46011998e-05,3.68569963e-08,4.41037031e-07,9.67718129e-07,5.53185892e-07,-1.61570429e-06,-6.59925199e-06,-1.48966017e-05,1.76030215e-06,4.17124616e-05,-7.33465169e-06
0.98,4.04061451e-07,1.00184452e-06,4.814668e-07,-2.75626605e-06,-9.30099577e-06,-1.94413387e-05,-1.58424891e-05,3.85486476e-05,5.83509044e-05,-1.34635212e-05,3.03668644e-08,4.21158627e-07,9.40662217e-07,5.62653402e-07,-1.49758223e-06,-6.2860113e-06,-1.43038144e-05,1.55682889e-06,3.95953189e-05,-6.82832128e-06
0.981,3.85990304e-07,9.79046485e-07,5.21034317e-07,-2.54092781e-06,-8.80607112e-06,-1.86092329e-05,-1.53633157e-05,3.6330419e-05,5.53856943e-05,-1.23764651e-05,2.42046549e-08,4.00984558e-07,9.117288e-07,5.68915695e-07,-1.38274603e-06,-5.97224787e-06,-1.37009792e-05,1.36480702e-06,3.74955519e-05,-6.34031458e-06
0.982,3.6729405e-07,9.5314937e-07,5.54395942e-07,-2.33233527e-06,-8.31249517e-06,-1.77626196e-05,-1.48539914e-05,3.41440745e-05,5.2429504e-05,-1.13388259e-05,1.83909647e-08,3.8053894e-07,8.8091153e-07,5.71916206e-07,-1.27130648e-06,-5.65800951e-06,-1.30878543e-05,1.18424283e-06,3.54124453e-05,-5.87012606e-06
0.983,3.48034383e-07,9.24181568e-07,5.81464727e-07,-2.13071412e-06,-7.82053244e-06,-1.69014348e-05,-1.43141236e-05,3.19892599e-05,4.94817113e-05,-1.03494454e-05,1.29486867e-08,3.59849612e-07,8.48207691e-07,5.71599589e-07,-1.16338365e-06,-5.34334983e-06,-1.24642034e-05,1.0151301e-06,3.3345304e-05,-5.4172422e-06
0.984,3.28271211e-07,8.92171292e-07,6.0215611e-07,-1.93628616e-06,-7.33044543e-06,-1.60256105e-05,-1.37433096e-05,2.9865631e-05,4.65416702e-05,-9.40719097e-06,7.89859677e-09,3.38940301e-07,8.13608567e-07,5.6790605e-07,-1.05909891e-06,-5.02831142e-06,-1.18297673e-05,8.57493161e-07,3.12934248e-05,-4.98119465e-06
0.985,3.08069813e-07,8.57152609e-07,6.1638554e-07,-1.74928151e-06,-6.84251833e-06,-1.51351086e-05,-1.3141118e-05,2.77729377e-05,4.36087204e-05,-8.51101221e-06,3.26448686e-09,3.17841693e-07,7.77113027e-07,5.60780473e-07,-9.58578515e-07,-4.71296269e-06,-1.11843143e-05,7.11393251e-07,2.92561241e-05,-4.56153622e-06
0.986,2.87494062e-07,8.19162572e-07,6.24076316e-07,-1.56991904e-06,-6.35703271e-06,-1.42299082e-05,-1.25071052e-05,2.57109777e-05,4.06821545e-05,-7.65989957e-06,-9.33238968e-10,2.96579592e-07,7.38714222e-07,5.50165382e-07,-8.61944708e-07,-4.39736677e-06,-1.05275975e-05,5.76954179e-07,2.72327048e-05,-4.1578901e-06
0.987,2.66613593e-07,7.78240633e-07,6.25145318e-07,-1.39843339e-06,-5.8742963e-06,-1.33100095e-05,-1.18407896e-05,2.36796601e-05,3.77612475e-05,-6.85293866e-06,-4.66935936e-09,2.75187816e-07,6.98411599e-07,5.36006017e-07,-7.69331719e-07,-4.0816114e-06,-9.8594007e-06,4.54345193e-07,2.52224924e-05,-3.76990132e-06
0.988,2.45495736e-07,7.34425285e-07,6.19512011e-07,-1.2350537e-06,-5.39461628e-06,-1.2375413e-05,-1.11416753e-05,2.16789304e-05,3.48452324e-05,-6.08924943e-06,-7.92258439e-09,2.53693316e-07,6.56195287e-07,5.18243485e-07,-6.8087455e-07,-3.76576862e-06,-9.17948581e-06,3.43792733e-07,2.32247971e-05,-3.39728163e-06
0.989,2.24212442e-07,6.87756604e-07,6.07088566e-07,-1.08002843e-06,-4.91832289e-06,-1.14261185e-05,-1.04092345e-05,1.97087658e-05,3.19333734e-05,-5.36801062e-06,-1.06659766e-08,2.32131747e-07,6.12063327e-07,4.96819144e-07,-5.96721532e-07,-3.44993359e-06,-8.48762552e-06,2.45507583e-07,2.12389615e-05,-3.03972025e-06
0.99,2.02831287e-07,6.38276725e-07,5.87796915e-07,-9.33596472e-07,-4.445734e-06,-1.04621018e-05,-9.64294741e-06,1.77690339e-05,2.9024973e-05,-4.68836514e-06,-1.28784977e-08,2.10530314e-07,5.66008441e-07,4.71668875e-07,-5.17013453e-07,-3.13418132e-06,-7.78353465e-06,1.5965093e-07,1.92643248e-05,-2.69690701e-06
0.991,1.81424464e-07,5.86030195e-07,5.61553023e-07,-7.96017863e-07,-3.97718101e-06,-9.4833104e-06,-8.84228382e-06,1.58595299e-05,2.61194218e-05,-4.04946359e-06,-1.45322675e-08,1.88925334e-07,5.18033533e-07,4.42725663e-07,-4.41903246e-07,-2.81860296e-06,-7.06691818e-06,8.6290439e-08,1.73002694e-05,-2.3684574e-06
0.992,1.60064165e-07,5.31062959e-07,5.28275841e-07,-6.67552791e-07,-3.51296972e-06,-8.48962191e-06,-8.00676881e-06,1.39798443e-05,2.32162012e-05,-3.45035859e-06,-1.56034661e-08,1.6734494e-07,4.68134099e-07,4.09912613e-07,-3.71540327e-07,-2.50323874e-06,-6.33742068e-06,2.53722754e-08,1.53461808e-05,-2.05393536e-06
0.993,1.38830437e-07,4.73421171e-07,4.87870619e-07,-5.48490351e-07,-3.05341284e-06,-7.4808561e-06,-7.13594129e-06,1.21294668e-05,2.03148819e-05,-2.89007836e-06,-1.60588783e-08,1.45827259e-07,4.16311763e-07,3.73147009e-07,-3.0609301e-07,-2.18812269e-06,-5.59468439e-06,-2.32670966e-08,1.34014815e-05,-1.75281104e-06
0.994,1.17798652e-07,4.13153882e-07,4.40252838e-07,-4.39105934e-07,-2.59883928e-06,-6.45687708e-06,-6.22928279e-06,1.03080186e-05,1.74149239e-05,-2.36772928e-06,-1.58736587e-08,1.24402885e-07,3.62561687e-07,3.32349036e-07,-2.4572619e-07,-1.8732964e-06,-4.83833555e-06,-5.96658155e-08,1.14655574e-05,-1.46466461e-06
0.995,9.70409504e-08,3.50313251e-07,3.85343672e-07,-3.39672086e-07,-2.14965652e-06,-5.41770576e-06,-5.28610368e-06,8.51558721e-06,1.45155777e-05,-1.88270601e-06,-1.5021302e-08,1.0311172e-07,3.06887473e-07,2.87454683e-07,-1.90618915e-07,-1.55890775e-06,-4.06806692e-06,-8.35563718e-08,9.53778709e-06,-1.18926475e-06
0.996,7.6624485e-08,2.84960265e-07,3.23089079e-07,-2.50430715e-07,-1.70630943e-06,-4.3634992e-06,-4.30566155e-06,6.75255709e-06,1.16159605e-05,-1.43456178e-06,-1.34847645e-08,8.19879309e-08,2.49291867e-07,2.384149e-07,-1.40942646e-07,-1.24515036e-06,-3.28360942e-06,-9.44423117e-08,7.61753072e-06,-9.26555996e-07
0.997,5.6624759e-08,2.17166104e-07,2.53447679e-07,-1.71618887e-07,-1.26924948e-06,-3.2944521e-06,-3.28730573e-06,5.01931661e-06,8.71527166e-06,-1.02284037e-06,-1.1239891e-08,6.10742954e-08,1.89788678e-07,1.85189781e-07,-9.68733852e-08,-9.32228739e-07,-2.48476236e-06,-9.18581465e-08,5.70419933e-06,-6.76446816e-07
0.998,3.71251113e-08,1.47012078e-07,1.76394086e-07,-1.03461112e-07,-8.38896541e-07,-2.2107319e-06,-2.2305277e-06,3.31606573e-06,5.81280484e-06,-6.46946164e-07,-8.26341654e-09,4.04092003e-08,1.28391603e-07,1.27739426e-07,-5.85778505e-08,-6.2029528e-07,-1.67133e-06,-7.5453513e-08,3.79720841e-06,-4.38783009e-07
0.999,1.82187958e-08,7.4589099e-08,9.19085587e-08,-4.61890018e-08,-4.15675643e-07,-1.11250869e-06,-1.13487795e-06,1.64293786e-06,2.90791383e-06,-3.06235912e-07,-4.52565601e-09,2.0037057e-08,6.51208617e-08,6.60215278e-08,-2.62311818e-08,-3.09500669e-07,-8.43132504e-07,-4.49302592e-08,1.89599377e-06,-2.1336606e-07
1.0,0.0,0.0,0.0,0.0,0.0,0.0,0.0,0.0,0.0,0.0,0.0,0.0,0.0,0.0,0.0,0.0,0.0,0.0,0.0,0.0
