r,R  6/ 3,R  7/ 3,R  8/ 3,R  9/ 3,R 10/ 3,R 11/ 3,R 12/ 3,R 13/ 3,R 14/ 3,R 15/ 3,I  6/ 3,I  7/ 3,I  8/ 3,I  9/ 3,I 10/ 3,I 11/ 3,I 12/ 3,I 13/ 3,I 14/ 3,I 15/ 3
0.0,0.0,0.0,0.0,0.0,0.0,0.0,0.0,0.0,0.0,0.0,0.0,0.0,0.0,0.0,0.0,0.0,0.0,0.0,0.0,0.0
0.001,1.2561220900000002e-15,-1.0071835e-16,-1.23789894e-15,-5.5390136899999993e-17,2.79262035e-17,1.0049315399999998e-17,6.05265213e-18,1.07859354e-18,-3.0616365e-19,7.14180944e-20,-4.8393848e-17,-1.40102116e-16,-6.17122935e-17,-4.2861558599999995e-17,-7.74403442e-18,1.1993692599999998e-17,8.89191178e-19,1.51721195e-18,-1.10945195e-19,2.82694436e-20
0.002,4.60593332e-14,5.917313930000001e-16,-1.55411404e-14,-1.5178117500000002e-15,-6.91882035e-16,1.9274774899999998e-17,2.988801e-17,-1.12908352e-18,-1.3668005699999999e-18,-2.45598702e-19,-2.2008244e-15,-1.03373733e-15,-2.78992875e-17,-8.21593593e-16,-4.19294559e-16,-5.83699001e-17,1.9856583499999998e-18,2.5583719199999997e-18,-7.46835385e-20,3.39249634e-20
0.003,4.46256996e-13,1.72066639e-14,-7.38152712e-14,-1.01996903e-14,-6.6476949800000004e-15,2.18262453e-16,2.1963599900000002e-16,1.95449951e-18,4.90160383e-18,-4.241423e-19,-2.11922332e-14,-6.271133680000001e-15,4.86766708e-16,-3.2039868300000004e-15,-3.95124298e-15,-7.59256624e-16,-6.105134359999999e-18,4.5521865499999994e-18,-3.99633618e-19,1.53317872e-19
0.004,2.3499592e-12,1.31342078e-13,-2.2491669e-13,-3.97263733e-14,-3.16644085e-14,1.3242777000000001e-15,9.06985099e-16,3.21894442e-17,3.0199889599999996e-17,2.67827852e-19,-1.09130048e-13,-3.26390258e-14,-1.51732921e-15,-7.47334962e-15,-1.72825559e-14,-3.82258248e-15,-5.2173117899999994e-17,2.20081201e-18,-1.70324974e-18,2.28100997e-19
0.005,8.67989583e-12,6.19050737e-13,-5.27702439e-13,-1.15262896e-13,-1.05839607e-13,4.25333766e-15,2.5922980300000003e-15,1.26728539e-16,9.131954919999999e-17,3.4110057399999998e-18,-3.91824414e-13,-1.34918103e-13,-2.29643878e-14,-1.37394817e-14,-4.99839424e-14,-1.25541787e-14,-2.09630824e-16,-1.3684216099999999e-17,-4.75044268e-18,-9.52246758e-20
0.006,2.54389498e-11,2.19211052e-12,-1.03168999e-12,-2.76162254e-13,-2.82255094e-13,9.815247840000001e-15,5.95579965e-15,3.45651774e-16,2.11436973e-16,1.1633100699999998e-17,-1.11031648e-12,-4.51590259e-13,-1.19687063e-13,-2.45374292e-14,-1.11116609e-13,-3.15595685e-14,-6.18867737e-16,-5.84779856e-17,-1.13235484e-17,-1.5408005199999998e-18
0.007,6.33747456e-11,6.3897394e-12,-1.73810243e-12,-5.76362209e-13,-6.43307594e-13,1.88418694e-14,1.18963383e-14,7.78800078e-16,4.2135948400000003e-16,2.88087847e-17,-2.65872533e-12,-1.27678545e-12,-4.35932931e-13,-5.27135231e-14,-2.06302985e-13,-6.63625628e-14,-1.5339701100000001e-15,-1.56995616e-16,-2.55014976e-17,-5.325930079999999e-18
0.008,1.3999284e-10,1.61573559e-11,-2.53059545e-12,-1.08082895e-12,-1.30843419e-12,3.26111326e-14,2.15827688e-14,1.5540100200000002e-15,7.60915723e-16,6.030799379999999e-17,-5.60721019e-12,-3.16247838e-12,-1.29101641e-12,-1.3909777e-13,-3.39335222e-13,-1.23342859e-13,-3.4073357500000002e-15,-3.4676100100000003e-16,-5.5509657499999995e-17,-1.3291060599999999e-17
0.009,2.81905691e-10,3.66482891e-11,-3.06243166e-12,-1.85534383e-12,-2.44621717e-12,5.3282578e-14,3.65078627e-14,2.8480101300000003e-15,1.28047348e-15,1.13320961e-16,-1.06966316e-11,-7.05328936e-12,-3.31806773e-12,-3.86380585e-13,-5.23294587e-13,-2.10172602e-13,-7.0180321900000006e-15,-6.8131431e-16,-1.16275984e-16,-2.8049859399999996e-17
0.01,5.27502159e-10,7.62834808e-11,-2.58424781e-12,-2.94565927e-12,-4.2945112e-12,8.40413353e-14,5.85401685e-14,4.9009883e-15,2.04256557e-15,1.97274783e-16,-1.87894177e-11,-1.44542848e-11,-7.67188695e-12,-1.01797989e-12,-8.08170311e-13,-3.36877182e-13,-1.36488718e-14,-1.2333151100000002e-15,-2.32809814e-16,-5.318179179999999e-17
0.011,9.29919838e-10,1.48103185e-10,3.06153592e-13,-4.34052513e-12,-7.19307124e-12,1.28587955e-13,8.99728327e-14,8.035776490000001e-15,3.1236288700000004e-15,3.24374243e-16,-3.07592269e-11,-2.76299217e-11,-1.6324645e-11,-2.47343528e-12,-1.33549396e-12,-5.17749905e-13,-2.53195876e-14,-2.0968423800000003e-15,-4.44539049e-16,-9.344822859999999e-17
0.012,1.5603e-09,2.71443435e-10,8.01336842e-12,-5.91127574e-12,-1.16344861e-11,1.8945722e-13,1.33569589e-13,1.26826868e-14,4.61589746e-15,5.102834400000001e-16,-4.73002645e-11,-4.98297501e-11,-3.24695372e-11,-5.55492761e-12,-2.43543653e-12,-7.74572551e-13,-4.50869882e-14,-3.3877887600000004e-15,-8.10723938e-16,-1.55071043e-16
0.013,2.51130238e-09,4.739686e-10,2.44176008e-11,-7.31851435e-12,-1.83410147e-11,2.64384353e-13,1.92607544e-13,1.94109966e-14,6.62952948e-15,7.749817730000001e-16,-6.86355907e-11,-8.55336938e-11,-6.10534369e-11,-1.16428441e-11,-4.78806814e-12,-1.14191738e-12,-7.74263281e-14,-5.240897770000001e-15,-1.4171226300000002e-15,-2.45988403e-16
0.014,3.90085442e-09,7.94089688e-10,5.54988123e-11,-7.87388214e-12,-2.83770389e-11,3.39558695e-13,2.70914454e-13,2.89680389e-14,9.29505074e-15,1.14385211e-15,-9.41024704e-11,-1.4070669e-10,-1.09460072e-10,-2.30018513e-11,-9.67810811e-12,-1.6757373e-12,-1.28711788e-13,-7.801328870000001e-15,-2.3840072900000003e-15,-3.76171199e-16
0.015,5.87610694e-09,1.28379613e-09,1.10142194e-10,-6.34190287e-12,-4.330914e-11,3.78111757e-13,3.72894854e-13,4.23265049e-14,1.27662918e-14,1.64900182e-15,-1.21591784e-10,-2.23049205e-10,-1.8836521e-10,-4.32026563e-11,-1.93816337e-11,-2.46700968e-12,-2.07817712e-13,-1.12084488e-14,-3.87572167e-15,-5.57822663e-16
0.016,8.61756551e-09,2.0119266e-09,2.01158506e-10,-6.63402986e-13,-6.54281265e-11,3.01574602e-13,5.03534726e-13,6.07399404e-14,1.72238838e-14,2.3309732300000003e-15,-1.46817769e-10,-3.42226678e-10,-3.12784733e-10,-7.76884865e-11,-3.77340373e-11,-3.66291849e-12,-3.26867759e-13,-1.55685745e-14,-6.1118079100000006e-15,-8.05597841e-16
0.017,1.23433641e-08,3.06790186e-09,3.46556038e-10,1.2422027e-11,-9.8049546e-11,-3.86968364e-14,6.68367181e-13,8.58055499e-14,2.28796319e-14,3.24076739e-15,-1.62393925e-10,-5.10057303e-10,-5.03335298e-10,-1.3451923e-10,-7.09411835e-11,-5.49897009e-12,-5.02165578e-13,-2.09134537e-14,-9.37983894e-15,-1.1365959400000001e-15
0.018,1.73136449e-08,4.56594007e-09,5.71104181e-10,3.78816915e-11,-1.45911138e-10,-9.03994025e-13,8.73372879e-13,1.19531633e-13,2.99817192e-14,4.4424481900000006e-15,-1.56690772e-10,-7.40633781e-10,-7.87725422e-10,-2.25330097e-10,-1.28710369e-10,-8.3465808e-12,-7.55350644e-13,-2.71399234e-14,-1.40498972e-14,-1.57025625e-15
0.019,2.38350047e-08,6.6497715e-09,9.08231839e-10,8.30559989e-11,-2.15687115e-10,-2.7294874e-12,1.12477551e-12,1.64405373e-13,3.88211972e-14,6.01622636e-15,-1.12451416e-10,-1.05035076e-09,-1.20249234e-09,-3.66545502e-10,-2.25794455e-10,-1.27820799e-11,-1.11483492e-12,-3.39265376e-14,-2.05906601e-14,-2.12793576e-15
0.02,3.22649675e-08,9.4978665e-09,1.40230705e-09,1.58523614e-10,-3.16639882e-10,-6.21020042e-12,1.42867826e-12,2.23453027e-13,4.97394971e-14,8.062232680000001e-15,-5.14141103e-12,-1.45780571e-09,-1.79499667e-09,-5.80892546e-10,-3.84061558e-10,-1.9684786e-11,-1.61759331e-12,-4.06214582e-14,-2.95869913e-14,-2.8321744900000004e-15
0.021,4.30164372e-08,1.33291864e-08,2.11134736e-09,2.79210648e-10,-4.61429506e-10,-1.24189524e-11,1.79046527e-12,3.00281724e-13,6.31373679e-14,1.07051509e-14,1.98989564e-10,-1.98353699e-09,-2.62568319e-09,-8.99261899e-10,-6.35224031e-10,-3.03738691e-11,-2.31140248e-12,-4.60964402e-14,-4.17586461e-14,-3.70556939e-15
0.022,5.65620849e-08,1.84094633e-08,3.11021333e-09,4.65796493e-10,-6.67099598e-10,-2.29648141e-11,2.21387171e-12,3.99085856e-13,7.94846838e-14,1.40993902e-14,5.45155381e-10,-2.64955886e-09,-3.77061088e-09,-1.362967e-09,-1.02438429e-09,-4.67961604e-11,-3.25764954e-12,-4.85606341e-14,-5.79800462e-14,-4.769066490000001e-15
0.023,7.34386195e-08,2.50580094e-08,4.4943404e-09,7.46477182e-10,-9.56254942e-10,-4.02020474e-11,2.69959387e-12,5.24595845e-13,9.93310349e-14,1.84358512e-14,1.09260984e-09,-3.47864901e-09,-5.32425036e-09,-2.02645496e-09,-1.61458105e-09,-7.17799263e-11,-4.53486886e-12,-4.53284996e-14,-7.93001857e-14,-6.039730700000001e-15
0.024,9.42508899e-08,3.36550508e-08,6.38406657e-09,1.15915633e-09,-1.35844083e-09,-6.7500949e-11,3.24328338e-12,6.81938028e-13,1.2331622e-13,2.39486393e-14,1.9175689e-09,-4.49334074e-09,-7.40253992e-09,-2.96052457e-09,-2.49254822e-09,-1.09372932e-10,-6.24320612e-12,-3.25366043e-14,-1.06962768e-13,-7.527765e-15
0.025,1.19675763e-07,4.4649578e-08,8.92961567e-09,1.7541438e-09,-1.91172613e-09,-1.09593474e-10,3.83272979e-12,8.76364781e-13,1.52179177e-13,3.09245092e-14,3.11649323e-09,-5.71456769e-09,-1.01461847e-08,-4.25610818e-09,-3.77592991e-09,-1.65286948e-10,-8.51006408e-12,-4.80413975e-15,-1.42425e-13,-9.23266415e-15
0.026,1.50465722e-07,5.85676949e-08,1.23167976e-08,2.59745316e-09,-2.66448095e-09,-1.73007905e-10,4.4439995e-12,1.1128027e-12,1.86764077e-13,3.9711178e-14,4.80974248e-09,-7.15990598e-09,-1.37241756e-08,-6.02867425e-09,-5.62222847e-09,-2.47475195e-10,-1.14972443e-11,4.51647782e-14,-1.87375212e-13,-1.11388392e-14
0.027,1.87452122e-07,7.60214456e-08,1.67734877e-08,3.77480089e-09,-3.67732544e-09,-2.66608122e-10,5.03625655e-12,1.39514922e-12,2.2801975e-13,5.07296883e-14,7.14560924e-09,-8.84135495e-09,-1.83374946e-08,-8.42330711e-09,-8.23979797e-09,-3.66874145e-10,-1.54099813e-11,1.2703882e-13,-2.437474e-13,-1.3209616e-14
0.028,2.31548048e-07,9.77180888e-08,2.25769492e-08,5.3964231e-09,-5.02520714e-09,-4.022541e-10,5.54494704e-12,1.72523569e-12,2.76990179e-13,6.44843407e-14,1.03047363e-08,-1.07625952e-08,-2.42229663e-08,-1.1620518e-08,-1.19012337e-08,-5.38346573e-10,-2.0508345e-11,2.53371962e-13,-3.13732499e-13,-1.53816929e-14
0.029,2.83750702e-07,1.24469783e-07,3.00620593e-08,7.60283912e-09,-6.79954086e-09,-5.95601061e-10,5.87299e-12,2.10134553e-12,3.3478893e-13,8.15775765e-14,1.45049166e-08,-1.29156596e-08,-3.16572011e-08,-1.58428387e-08,-1.69595478e-08,-7.81868901e-10,-2.71216059e-11,4.40164022e-13,-3.99785134e-13,-1.75565985e-14
0.03,3.45143267e-07,1.57203637e-07,3.96305037e-08,1.05717059e-08,-9.11031602e-09,-8.67054999e-10,5.87957356e-12,2.51616374e-12,4.02552962e-13,1.02721483e-13,2.0006271e-08,-1.52769516e-08,-4.0960569e-08,-2.13622431e-08,-2.38675611e-08,-1.12401257e-09,-3.56662562e-11,7.07451066e-13,-5.04624279e-13,-1.95948095e-14
0.031,4.16896166e-07,1.96972075e-07,5.1760996e-08,1.45259221e-08,-1.20880414e-08,-1.24290231e-09,5.36613023e-12,2.95398833e-12,4.81364696e-13,1.28753959e-13,2.71167917e-08,-1.78025427e-08,-5.25011262e-08,-2.85084365e-08,-3.3200983e-08,-1.59977636e-09,-4.66685275e-11,1.07990105e-12,-6.31229525e-13,-2.13046843e-14
0.032,5.00267664e-07,2.44963438e-07,6.70205783e-08,1.97431561e-08,-1.58853577e-08,-1.75663153e-09,4.05899713e-12,3.38702585e-12,5.7213381e-13,1.60651417e-13,3.61982349e-08,-2.0422681e-08,-6.66984075e-08,-3.76780409e-08,-4.56856922e-08,-2.25483448e-09,-6.07924293e-11,1.58736999e-12,-7.8282785e-13,-2.24380139e-14
0.033,5.96603737e-07,3.02512783e-07,8.60770587e-08,2.6566991e-08,-2.06780954e-08,-2.45046263e-09,1.58833695e-12,3.77052519e-12,6.75420311e-13,1.99543441e-13,4.76723413e-08,-2.30354424e-08,-8.40269864e-08,-4.93446984e-08,-6.22297827e-08,-3.14827343e-09,-7.8874426e-11,2.26536695e-12,-9.62878299e-13,-2.26773299e-14
0.034,7.07337148e-07,3.71112755e-07,1.0971263e-07,3.54198961e-08,-2.66654991e-08,-3.37709731e-09,-2.53720515e-12,4.0365002e-12,7.91182452e-13,2.4672594e-13,6.20273528e-08,-2.54994567e-08,-1.05019687e-07,-6.40700981e-08,-8.39609751e-08,-4.35590056e-09,-1.01966132e-10,3.15535773e-12,-1.17504468e-12,-2.1637438e-14
0.035,8.33985662e-07,4.52424483e-07,1.38838707e-07,4.6818248e-08,-3.40692741e-08,-4.60170077e-09,-8.96054441e-12,4.08569951e-12,9.18431547e-13,3.03669954e-13,7.98247904e-08,-2.76256417e-08,-1.30270322e-07,-8.25159143e-08,-1.12270033e-07,-5.97421611e-09,-1.31386584e-10,4.30479952e-12,-1.42317363e-12,-1.88531518e-14
0.036,9.78149329e-07,5.48288358e-07,1.74512023e-07,6.13896481e-08,-4.31310332e-08,-6.20412124e-09,-1.85113408e-11,3.77747897e-12,1.05475806e-12,3.72033952e-13,1.01706449e-07,-2.91678821e-08,-1.60435811e-07,-1.05456628e-07,-1.48860868e-07,-8.12515039e-09,-1.68785866e-10,5.76677822e-12,-1.71126266e-12,-1.37947453e-14
0.037,1.14150678e-06,6.60734602e-07,2.17951989e-07,7.98927961e-08,-5.41076352e-08,-8.28134759e-09,-3.22466584e-11,2.91711794e-12,1.19571064e-12,4.53660875e-13,1.28401557e-07,-2.98125916e-08,-1.9623753e-07,-1.33793178e-07,-1.9580804e-07,-1.09616781e-08,-2.16222088e-10,7.59906985e-12,-2.04344764e-12,-5.857856910000001e-15
0.038,1.32581046e-06,7.91993502e-07,2.70559342e-07,1.03240197e-07,-6.72638084e-08,-1.09501981e-08,-5.14973635e-11,1.24011894e-12,1.33396848e-12,5.50587258e-13,1.60734042e-07,-2.91671053e-08,-2.38461721e-07,-1.68567367e-07,-2.55622414e-07,-1.46744322e-08,-2.76253998e-10,9.8624158e-12,-2.42399101e-12,5.5919853000000004e-15
0.039,1.53288077e-06,9.44505154e-07,3.33936068e-07,1.32523996e-07,-8.2861341e-08,-1.43502245e-08,-7.79203602e-11,-1.60710805e-12,1.45828883e-12,6.65020783e-13,1.99629841e-07,-2.67468496e-08,-2.87958769e-07,-2.10976905e-07,-3.31325726e-07,-1.94994505e-08,-3.52051693e-10,1.26177296e-11,-2.85731472e-12,2.12251758e-14
0.04,1.76459905e-06,1.12092859e-06,4.09906579e-07,1.69045255e-07,-1.01143999e-07,-1.86468034e-08,-1.13556556e-10,-6.09077805e-12,1.55214311e-12,7.99343021e-13,2.46124161e-07,-2.19612502e-08,-3.45641174e-07,-2.62390969e-07,-4.26534854e-07,-2.57271976e-08,-4.47528233e-10,1.59218978e-11,-3.34806027e-12,4.16500713e-14
0.041,2.0228993e-06,1.32415011e-06,5.00540106e-07,2.14346982e-07,-1.223172e-07,-2.40343769e-08,-1.60894267e-10,-1.2818249e-11,1.59201698e-12,9.56058706e-13,3.01368634e-07,-1.40983429e-08,-4.12479976e-07,-3.24366072e-07,-5.45556557e-07,-3.37130156e-08,-5.67495008e-10,1.98217471e-11,-3.90123883e-12,6.74124995e-14
0.042,2.30975869e-06,1.55729065e-06,6.08174241e-07,2.70251258e-07,-1.46521336e-07,-3.07397938e-08,-2.2293755e-10,-2.25722546e-11,1.54526854e-12,1.13778783e-12,3.66638249e-07,-2.30806624e-09,-4.89499438e-07,-3.98662037e-07,-6.93493478e-07,-4.38891646e-08,-7.17844592e-10,2.43456211e-11,-4.52245696e-12,9.88112336e-14
0.043,2.62718679e-06,1.82371199e-06,7.35439561e-07,3.38900802e-07,-1.73797439e-07,-3.90256783e-08,-3.03278125e-10,-3.63518267e-11,1.36747249e-12,1.34717199e-12,4.43337971e-07,1.44157773e-08,-5.77769754e-07,-4.87257816e-07,-8.76362212e-07,-5.67786225e-08,-9.05763899e-10,2.94919878e-11,-5.21829956e-12,1.35883448e-13
0.044,2.97721341e-06,2.12702169e-06,8.85285219e-07,4.22805341e-07,-2.04043725e-07,-4.91937307e-08,-4.06169673e-10,-5.54207891e-11,9.99135038e-13,1.58685512e-12,5.33008949e-07,3.72548868e-08,-6.78397534e-07,-5.9236683e-07,-1.10122418e-06,-7.30108249e-08,-1.1399818e-09,3.52143566e-11,-5.99687715e-12,1.78084418e-13
0.045,3.3618752e-06,2.47107638e-06,1.06100537e-06,5.24893114e-07,-2.36961381e-07,-6.15878519e-08,-5.36602519e-10,-8.13650041e-11,3.61714238e-13,1.85932919e-12,6.37334173e-07,6.75871397e-08,-7.9251383e-07,-7.16451453e-07,-1.37632999e-06,-9.33395313e-08,-1.4310548e-09,4.14016113e-11,-6.86863973e-12,2.2423793e-13
0.046,3.78320083e-06,2.85998342e-06,1.26626627e-06,6.48567883e-07,-2.71987726e-07,-7.65969552e-08,-7.00376159e-10,-1.16159402e-10,-6.4722606e-13,2.16690812e-12,7.58143481e-07,1.07008543e-07,-9.21259441e-07,-8.62236212e-07,-1.71127784e-06,-1.18663005e-07,-1.79169499e-09,4.78526771e-11,-7.84750323e-12,2.72033286e-13
0.047,4.24319481e-06,3.29810044e-06,1.50513384e-06,7.9777179e-07,-3.08214668e-07,-9.46573002e-08,-9.04166323e-10,-1.62246242e-10,-2.15981061e-12,2.51149121e-12,8.97417764e-07,1.57356407e-07,-1.06576725e-06,-1.0327192e-06,-2.11718664e-06,-1.50046699e-07,-2.23714384e-09,5.4244305e-11,-8.95240284e-12,3.17910416e-13
0.048,4.74382e-06,3.79003276e-06,1.7821015e-06,9.77054395e-07,-3.44290155e-07,-1.16254154e-07,-1.15558279e-09,-2.22625729e-10,-4.34483184e-12,2.89454336e-12,1.05729225e-06,2.20733659e-07,-1.22714133e-06,-1.23118114e-06,-2.60688406e-06,-1.88748639e-07,-2.78559631e-09,6.00905153e-11,-1.02093936e-11,3.5632482e-13
0.049,5.28697879e-06,4.34062834e-06,2.10211795e-06,1.19164822e-06,-3.78300045e-07,-1.41922546e-07,-1.46321276e-09,-3.00960722e-10,-7.41594515e-12,3.31675049e-12,1.24005872e-06,2.99534217e-07,-1.4064326e-06,-1.46119145e-06,-3.19510984e-06,-2.36247698e-07,-3.45867846e-09,6.46919905e-11,-1.16544031e-11,3.79513448e-13
0.05,5.87449302e-06,4.95497001e-06,2.47061467e-06,1.44755108e-06,-4.07627618e-07,-1.72246847e-07,-1.83664449e-09,-4.01696729e-10,-1.16414733e-11,3.77803621e-12,1.44816646e-06,3.96469276e-07,-1.60461074e-06,-1.72661056e-06,-3.89873438e-06,-2.94274929e-07,-4.28198253e-09,6.7073487e-11,-1.33369021e-11,3.76480058e-13
0.051,6.50808258e-06,5.63836473e-06,2.89353275e-06,1.75161543e-06,-4.28787723e-07,-2.07858872e-07,-2.28646421e-09,-5.30199264e-10,-1.73556484e-11,4.2770774e-12,1.68422192e-06,5.14594373e-07,-1.82253214e-06,-2.03158776e-06,-4.73699231e-06,-3.64848139e-07,-5.2856612e-09,6.59068366e-11,-1.53245289e-11,3.32586907e-13
0.052,7.18934295e-06,6.39632967e-06,3.37734856e-06,2.11164494e-06,-4.37232375e-07,-2.4943423e-07,-2.82422025e-09,-6.92909441e-10,-2.4971983e-11,4.81138665e-12,1.95098676e-06,6.57337046e-07,-2.0609037e-06,-2.38055351e-06,-5.73173035e-06,-4.50309863e-07,-6.50508896e-09,5.94167366e-11,-1.77091699e-11,2.28243569e-13
0.053,7.91972156e-06,7.23457484e-06,3.92909809e-06,2.53649851e-06,-4.27123902e-07,-2.97686481e-07,-3.46234071e-09,-8.97520137e-10,-3.49986352e-11,5.37667282e-12,2.25137425e-06,8.28524881e-07,-2.32024225e-06,-2.77820549e-06,-6.9076696e-06,-5.53368817e-07,-7.98158512e-09,4.52665143e-11,-2.06144407e-11,3.82503672e-14
0.054,8.70049334e-06,8.15898209e-06,4.5563993e-06,3.0362019e-06,-3.91071869e-07,-3.53358644e-07,-4.21399796e-09,-1.1531739e-09,-4.80565564e-11,5.96694767e-12,2.58844384e-06,1.03241371e-06,-2.6008295e-06,-3.22948712e-06,-8.29268059e-06,-6.77145002e-07,-9.76320412e-09,2.04212923e-11,-2.42052687e-11,-2.69941509e-13
0.055,9.53273525e-06,9.17558014e-06,5.26747198e-06,3.62206672e-06,-3.19829703e-07,-4.17211593e-07,-5.09290681e-09,-1.47068457e-09,-6.4899647e-11,6.57374712e-12,2.96539371e-06,1.27371566e-06,-2.90266223e-06,-3.73955753e-06,-9.91806966e-06,-8.25218518e-07,-1.19055919e-08,-1.90159173e-11,-2.86995166e-11,-7.37282102e-13
0.056,1.04173002e-05,1.02905155e-05,6.07115463e-06,4.30681697e-06,-2.01946605e-07,-4.90008833e-07,-6.11304446e-09,-1.86278387e-09,-8.64384463e-11,7.18627164e-12,3.38555117e-06,1.5576268e-06,-3.22539776e-06,-4.31375154e-06,-1.18188746e-05,-1.00168214e-06,-1.44729076e-08,-7.79989618e-11,-3.43826698e-11,-1.4153016e-12
0.057,1.13547905e-05,1.15100188e-05,6.97691767e-06,5.10472282e-06,-2.33700859e-08,-5.72497069e-07,-7.28827724e-09,-2.34439482e-09,-1.13766205e-10,7.79054461e-12,3.85236079e-06,1.88985396e-06,-3.56829453e-06,-4.95752845e-06,-1.40341668e-05,-1.21119762e-06,-1.75388061e-08,-1.62769564e-10,-4.16255059e-11,-2.3675844e-12
0.058,1.23455306e-05,1.28403671e-05,7.99487237e-06,6.03174128e-06,2.33005779e-07,-6.6538193e-07,-8.63187943e-09,-2.93293306e-09,-1.48189206e-10,8.36952549e-12,4.36937004e-06,2.27664039e-06,-3.93014787e-06,-5.67640817e-06,-1.66073579e-05,-1.4590557e-06,-2.11874774e-08,-2.81129114e-10,-5.09059636e-11,-3.67241745e-12
0.059,1.33895401e-05,1.42878406e-05,9.13577486e-06,7.10566347e-06,5.87851448e-07,-7.69298139e-07,-1.01559269e-08,-3.64863748e-09,-1.91259809e-10,8.90234144e-12,4.94021239e-06,2.72478982e-06,-4.30922095e-06,-6.47589304e-06,-1.95865044e-05,-1.75123964e-06,-2.55147348e-08,-4.42758129e-10,-6.28353703e-11,-5.42473676e-12
0.06,1.44865066e-05,1.58586752e-05,1.04110243e-05,8.34626762e-06,1.06597747e-06,-8.84773367e-07,-1.18705481e-08,-4.51493119e-09,-2.44814189e-10,9.36421522e-12,5.56858769e-06,3.24168845e-06,-4.70317099e-06,-7.36137389e-06,-2.30246092e-05,-2.09449213e-06,-3.06291401e-08,-6.59589002e-10,-7.81901687e-11,-7.73920508e-12
0.061,1.56357587e-05,1.75590098e-05,1.18326548e-05,9.77547713e-06,1.69697927e-06,-1.01218505e-06,-1.37830194e-08,-5.55881351e-09,-3.11012977e-10,9.72597488e-12,6.25823979e-06,3.83532438e-06,-5.10897101e-06,-8.33801845e-06,-2.697991e-05,-2.49638514e-06,-3.66531501e-08,-9.46241014e-10,-9.79499544e-11,-1.07525887e-11
0.062,1.68362399e-05,1.9394828e-05,1.34133195e-05,1.14175223e-05,2.51595571e-06,-1.1517097e-06,-1.58966832e-08,-6.81128115e-09,-3.9238655e-10,9.95353678e-12,7.01293111e-06,4.51430382e-06,-5.52282724e-06,-9.41064029e-06,-3.15161509e-05,-2.96539275e-06,-4.37242954e-08,-1.32052608e-09,-1.2334233e-10,-1.46270832e-11
0.063,1.8086483e-05,2.13718951e-05,1.51662668e-05,1.32991056e-05,3.56430966e-06,-1.30326349e-06,-1.82096527e-08,-8.30778006e-09,-4.91885207e-10,1.00075855e-11,7.83641445e-06,5.28786375e-06,-5.94009273e-06,-1.05835471e-05,-3.67028323e-05,-3.51096575e-06,-5.19963266e-08,-1.80403304e-09,-1.55896616e-10,-1.95532828e-11
0.064,1.93845863e-05,2.34956902e-05,1.71053084e-05,1.54495683e-05,4.89063463e-06,-1.46643316e-06,-2.07132969e-08,-1.00886872e-08,-6.12934649e-10,9.84258739e-12,8.73240165e-06,6.1658802e-06,-6.35517755e-06,-1.1860366e-05,-4.26154278e-05,-4.14360806e-06,-6.16403325e-08,-2.42279552e-09,-1.97506495e-10,-2.57541179e-11
0.065,2.07281903e-05,2.57713326e-05,1.92447761e-05,1.79010568e-05,6.55169218e-06,-1.64039627e-06,-2.33904829e-08,-1.21998193e-08,-7.59494561e-10,9.40698162e-12,9.70452927e-06,7.15887151e-06,-6.76145607e-06,-1.3243844e-05,-4.933556e-05,-4.87495402e-06,-7.28457985e-08,-3.20805653e-09,-2.5050434e-10,-3.3488577e-11
0.066,2.21144578e-05,2.82035037e-05,2.15994693e-05,2.06886864e-05,8.61348537e-06,-1.82383001e-06,-2.62135567e-08,-1.46929673e-08,-9.36122086e-10,8.64151971e-12,1.07563212e-05,8.27799607e-06,-7.15117195e-06,-1.47356219e-05,-5.69511223e-05,-5.71784581e-06,-8.58215697e-08,-4.19714022e-09,-3.17746801e-10,-4.30559602e-11
0.067,2.35400544e-05,3.07963637e-05,2.41845893e-05,2.38507006e-05,1.11524325e-05,-2.01480747e-06,-2.91420475e-08,-1.76264528e-08,-1.14803827e-09,7.47988092e-12,1.18911482e-05,9.53504347e-06,-7.51534181e-06,-1.63359793e-05,-6.55563351e-05,-6.6864099e-06,-1.00796679e-07,-5.43444402e-09,-4.02716304e-10,-5.47997824e-11
0.068,2.50011332e-05,3.3553464e-05,2.70156628e-05,2.74286233e-05,1.42566449e-05,-2.21068002e-06,-3.21200801e-08,-2.10657025e-08,-1.40119803e-09,5.84613615e-12,1.31121846e-05,1.09424187e-05,-7.84365826e-06,-1.80435499e-05,-7.52517207e-05,-7.79613134e-06,-1.18020997e-07,-6.97256459e-09,-5.09636427e-10,-6.9111853e-11
0.069,2.64933214e-05,3.64776551e-05,3.01084506e-05,3.14673999e-05,1.80273095e-05,-2.4079446e-06,-3.50734917e-08,-2.50838336e-08,-1.7023608e-09,3.65573294e-12,1.44223623e-05,1.25131184e-05,-8.12439362e-06,-1.98550045e-05,-8.61439789e-05,-9.06392407e-06,-1.37765661e-07,-8.8735756e-09,-6.43608089e-10,-8.64354883e-11
0.07,2.80117113e-05,3.95709909e-05,3.3478843e-05,3.60155239e-05,2.25801715e-05,-2.60209403e-06,-3.79066244e-08,-2.97622477e-08,-2.05916013e-09,8.11527843e-13,1.58243215e-05,1.42606983e-05,-8.34430519e-06,-2.17647006e-05,-9.83457408e-05,-1.05081947e-05,-1.60323142e-07,-1.12104734e-08,-8.10761082e-10,-1.07267885e-10
0.071,2.95508535e-05,4.28346287e-05,3.71427391e-05,4.1125141e-05,2.80470972e-05,-2.78745524e-06,-4.04989687e-08,-3.51912126e-08,-2.48016519e-09,-2.79637266e-12,1.73203593e-05,1.61992309e-05,-8.48854359e-06,-2.37642961e-05,-0.000111975175,-1.21488981e-05,-1.86006825e-07,-1.4068831e-08,-1.01842977e-09,-1.32159396e-10
0.072,3.11047548e-05,4.62687239e-05,4.11159064e-05,4.68521253e-05,3.45777058e-05,-2.95702257e-06,-4.27018151e-08,-4.1470355e-08,-2.97493065e-09,-7.29926031e-12,1.89123752e-05,1.83432524e-05,-8.54056533e-06,-2.58423249e-05,-0.000127155426,-1.40075915e-05,-2.15150844e-07,-1.75486831e-08,-1.27533931e-09,-1.61711803e-10
0.073,3.26668818e-05,4.98723279e-05,4.54138326e-05,5.32561494e-05,4.23411687e-05,-3.10226373e-06,-4.43343126e-08,-4.87091565e-08,-3.55408984e-09,-1.2856309e-11,2.06018156e-05,2.07076995e-05,-8.48205219e-06,-2.79837466e-05,-0.00014401392,-1.61074754e-05,-2.48109177e-07,-2.17664949e-08,-1.59182693e-09,-1.96589264e-10
0.074,3.42301704e-05,5.36432839e-05,5.00515579e-05,6.04007175e-05,5.15281088e-05,-3.21289826e-06,-4.51787567e-08,-5.70274241e-08,-4.2294415e-09,-1.96633224e-11,2.23896171e-05,2.33078354e-05,-8.29283852e-06,-3.01694574e-05,-0.000162681482,-1.84734211e-05,-2.85254376e-07,-2.68572814e-08,-1.98007565e-09,-2.37530343e-10
0.075,3.57870388e-05,5.75781209e-05,5.50434896e-05,6.83531567e-05,6.23525619e-05,-3.27666747e-06,-4.49756753e-08,-6.65556683e-08,-5.01401614e-09,-2.79559953e-11,2.42761473e-05,2.61591622e-05,-7.95084846e-06,-3.23757646e-05,-0.00018329124,-2.1131981e-05,-3.26975575e-07,-3.29770371e-08,-2.45438784e-09,-2.85350365e-10
0.076,3.73294081e-05,6.16719491e-05,6.0403199e-05,7.71845677e-05,7.50540095e-05,-3.27908616e-06,-4.34189388e-08,-7.74353983e-08,-5.92212665e-09,-3.80219805e-11,2.62611456e-05,2.92773203e-05,-7.43204471e-06,-3.45738252e-05,-0.000205977287,-2.41113811e-05,-3.73675923e-07,-4.0305397e-08,-3.03148272e-09,-3.40943655e-10
0.077,3.88487285e-05,6.59183568e-05,6.61432017e-05,8.69697288e-05,8.98994725e-05,-3.20317633e-06,-4.0150602e-08,-8.98192978e-08,-6.96941078e-09,-5.02116681e-11,2.83436631e-05,3.26779747e-05,-6.71039136e-06,-3.67290511e-05,-0.000230873078,-2.74414951e-05,-4.25769343e-07,-4.90485338e-08,-3.73083568e-09,-4.05285592e-10
0.078,4.03360117e-05,7.03093105e-05,7.22747201e-05,9.77869469e-05,0.000107185657,-3.02918538e-06,-3.47554807e-08,-1.03871245e-07,-8.1728619e-09,-6.49581748e-11,3.05220029e-05,3.63766863e-05,-5.75783305e-06,-3.8800483e-05,-0.000258109557,-3.11537949e-05,-4.83676533e-07,-5.9442298e-08,-4.57503832e-09,-4.79438016e-10
0.079,4.17818714e-05,7.48350596e-05,7.88074293e-05,0.00010971785,0.00012724115,-2.73429127e-06,-2.67554536e-08,-1.19766171e-07,-9.55085952e-09,-8.27961983e-11,3.27936614e-05,4.03887691e-05,-4.54429298e-06,-4.07401339e-05,-0.000287812996,-3.52812781e-05,-5.47820157e-07,-7.17555737e-08,-5.5902063e-09,-5.64556366e-10
0.08,4.31765709e-05,7.94840474e-05,8.5749186e-05,0.000122847119,0.000150428682,-2.29229686e-06,-1.56031718e-08,-1.37689698e-07,-1.11232004e-08,-1.04389245e-10,3.51552708e-05,4.47291326e-05,-3.03769226e-06,-4.24923059e-05,-0.000320102562,-3.98583761e-05,-6.18619417e-07,-8.6293822e-08,-6.80641544e-09,-6.61906923e-10
0.081,4.45100787e-05,8.42428325e-05,9.31057472e-05,0.000137262165,0.000177147581,-1.6733047e-06,-6.74475533e-10,-1.57837562e-07,-1.29111672e-08,-1.30548926e-10,3.76025446e-05,4.94121099e-05,-1.20399351e-06,-4.3992883e-05,-0.000355087602,-4.49208291e-05,-6.96483486e-07,-1.03402681e-07,-8.25822042e-09,-7.72897095e-10
0.082,4.57721361e-05,8.90960275e-05,0.000100880486,0.00015305276,0.000207836434,-8.43341923e-07,1.87383124e-08,-1.80415231e-07,-1.49376132e-08,-1.62250873e-10,4.01302293e-05,5.44512765e-05,9.9273113e-07,-4.51686118e-05,-0.00039286457,-5.05054831e-05,-7.81800199e-07,-1.23471494e-07,-9.98524324e-09,-8.99126002e-10
0.083,4.69523251e-05,9.40262315e-05,0.000109074063,0.000170310482,0.00024297534,2.36051015e-07,4.34323886e-08,-2.05637262e-07,-1.72267784e-08,-2.00634894e-10,4.27320537e-05,5.98592434e-05,3.59020169e-06,-4.59363502e-05,-0.000433513279,-5.66501029e-05,-8.74928079e-07,-1.46937042e-07,-1.20326588e-08,-1.04242092e-09
0.084,4.80401468e-05,9.90139801e-05,0.0001176841,0.000189128097,0.000283088043,1.60821077e-06,7.43003434e-08,-2.337262e-07,-1.98040708e-08,-2.47031387e-10,4.54006848e-05,6.56474372e-05,6.62779953e-06,-4.62023106e-05,-0.000477092684,-6.33931454e-05,-9.76186292e-07,-1.74287896e-07,-1.4451747e-08,-1.20483885e-09
0.085,4.90251087e-05,0.000104037714,0.000126704835,0.000209598843,0.00032874402,3.32174851e-06,1.12335527e-07,-2.6491118e-07,-2.26958767e-08,-3.02997778e-10,4.812769e-05,7.1825867e-05,1.01464008e-05,-4.58613077e-05,-0.000523636207,-7.07734769e-05,-1.08584266e-06,-2.06069117e-07,-1.73005488e-08,-1.388661e-09
0.086,4.98968208e-05,0.000109073764,0.000136126783,0.000231815615,0.000380560461,5.43096231e-06,1.5863721e-07,-2.99426201e-07,-2.59293439e-08,-3.70367497e-10,5.09035064e-05,7.84028772e-05,1.41881711e-05,-4.47960171e-05,-0.000573146544,-7.88300391e-05,-1.20410015e-06,-2.42887231e-07,-2.06445674e-08,-1.59638125e-09
0.087,5.0645099e-05,0.000114096357,0.000145936383,0.000255870024,0.000439204088,7.99625904e-06,2.14415543e-07,-3.37508072e-07,-2.95321452e-08,-4.51300397e-10,5.3717417e-05,8.53848873e-05,1.8796319e-05,-4.28762539e-05,-0.000625589939,-8.7601465e-05,-1.33108173e-06,-2.85415405e-07,-2.45575223e-08,-1.83071122e-09
0.088,5.12600772e-05,0.000119077643,0.000156115644,0.00028185134,0.000505392799,1.10845808e-05,2.80996219e-07,-3.79394012e-07,-3.3532203e-08,-5.48340982e-10,5.65575373e-05,9.27761199e-05,2.40148042e-05,-3.99582821e-05,-0.000680889928,-9.71256452e-05,-1.46681353e-06,-3.34398782e-07,-2.9122153e-08,-2.09458622e-09
0.089,5.17323268e-05,0.000123987749,0.00016664179,0.000309845311,0.000579897167,1.47698312e-05,3.59824902e-07,-4.25318966e-07,-3.79574115e-08,-6.64478839e-10,5.94108104e-05,0.000100578318,2.98879982e-05,-3.58841628e-05,-0.000738920522,-0.000107439253,-1.61120613e-06,-3.9065987e-07,-3.4431093e-08,-2.39120347e-09
0.09,5.20529833e-05,0.000128794856,0.000177486913,0.00033993285,0.000663541946,1.91333096e-05,4.52472979e-07,-4.75512641e-07,-4.28353693e-08,-8.03193349e-10,6.22630149e-05,0.000108790451,3.64602936e-05,-3.04811474e-05,-0.000799498829,-0.000118577247,-1.76403459e-06,-4.55103869e-07,-4.05878804e-08,-2.72407792e-09
0.091,5.22138826e-05,0.000133465315,0.000188617643,0.000372188654,0.000757207953,2.42641839e-05,5.60647422e-07,-5.30196446e-07,-4.81932096e-08,-9.68474932e-10,6.50987871e-05,0.000117408425,4.37756615e-05,-2.35611186e-05,-0.00086237703,-0.000130572291,-1.92491378e-06,-5.28723513e-07,-4.77082006e-08,-3.09715096e-09
0.092,5.22077059e-05,0.000137963811,0.000199994867,0.000406679768,0.000861834337,3.02600135e-05,6.8619107e-07,-5.89582135e-07,-5.40574398e-08,-1.16475831e-09,6.79016633e-05,0.000126424799,5.18771652e-05,-1.49201262e-05,-0.000927233329,-0.000143453874,-2.09325721e-06,-6.12603715e-07,-5.59214712e-08,-3.51492155e-09
0.093,5.20281205e-05,0.000142253523,0.000211573378,0.000443463648,0.00097841866,3.72273973e-05,8.31081345e-07,-6.53870153e-07,-6.04528548e-08,-1.39685358e-09,7.06541242e-05,0.000135828465,6.08063893e-05,-4.33805846e-06,-0.000993661523,-0.000157247557,-2.26825171e-06,-7.07926531e-07,-6.53715693e-08,-3.98249985e-09
0.094,5.16699263e-05,0.00014629633,0.000223301586,0.000482586146,0.00110801622,4.52825288e-05,9.97426253e-07,-7.23246681e-07,-6.74013141e-08,-1.66995381e-09,7.33376594e-05,0.000145604343,7.06028125e-05,8.42158514e-06,-0.00106115955,-0.00017197418,-2.44882772e-06,-8.1597747e-07,-7.62177733e-08,-4.50557575e-09
0.095,5.11292081e-05,0.000150053067,0.000235121263,0.000524079379,0.00125173897,5.45517266e-05,1.18745652e-06,-7.9788028e-07,-7.49205478e-08,-1.9897494e-09,7.59328518e-05,0.000155733079,8.13031165e-05,2.36117708e-05,-0.00112911697,-0.000187648935,-2.6336243e-06,-9.38152787e-07,-8.86360519e-08,-5.09033007e-09
0.096,5.04034888e-05,0.000153483816,0.000246967335,0.000567959431,0.00141075366,6.51719852e-05,1.40351433e-06,-8.77918307e-07,-8.30228784e-08,-2.36251937e-09,7.84194823e-05,0.000166190755,9.29404246e-05,4.15018186e-05,-0.00119680112,-0.000204280318,-2.82094956e-06,-1.07596765e-06,-1.02820547e-07,-5.74334223e-09
0.097,4.94918828e-05,0.000156548254,0.000258767719,0.00061422387,0.00158627922,7.72915484e-05,1.64803805e-06,-9.63483239e-07,-9.17137425e-08,-2.79525233e-09,8.07766557e-05,0.00017694862,0.000105543467,6.23770769e-05,-0.00126334197,-0.000221868959,-3.00873675e-06,-1.23106525e-06,-1.18985281e-07,-6.47146145e-09
0.098,4.83952475e-05,0.000159206033,0.000270443234,0.000662849081,0.0017795829,9.10705145e-05,1.92354105e-06,-1.05466904e-06,-1.00989959e-07,-3.29574856e-09,8.29829491e-05,0.000187972825,0.000119135675,8.65383518e-05,-0.00132771517,-0.000240406319,-3.19449462e-06,-1.40522702e-06,-1.37365997e-07,-7.28169667e-09
0.099,4.7116329e-05,0.000161417218,0.000281907567,0.000713787451,0.00199197526,0.00010668147,2.23257913e-06,-1.15153758e-06,-1.10837535e-07,-3.87266432e-09,8.50165853e-05,0.000199224204,0.000133734196,0.000114301062,-0.00138872312,-0.00025987328,-3.37525567e-06,-1.6003847e-06,-1.58222427e-07,-8.18103674e-09
0.1,4.56599011e-05,0.000163142774,0.000293067359,0.000766964606,0.00222480325,0.000124310452,2.57771025e-06,-1.25411516e-06,-1.21228814e-07,-4.53554808e-09,8.68556339e-05,0.000210658082,0.000149348867,0.000145994178,-0.00144497314,-0.000280238447,-3.54754106e-06,-1.81863541e-06,-1.81840784e-07,-9.17625063e-09
0.101,4.40328943e-05,0.00016434511,0.000303822375,0.000822276739,0.00247944138,0.000144158807,2.96149357e-06,-1.36239199e-06,-1.32119411e-07,-5.29487453e-09,8.84782407e-05,0.000222224125,0.000165981097,0.000181958977,-0.00149485317,-0.000301455127,-3.70728852e-06,-2.06225981e-06,-2.08536976e-07,-1.02733399e-08
0.102,4.22445162e-05,0.000164988701,0.000314065837,0.000879586796,0.00275727991,0.000166442683,3.38642179e-06,-1.4763015e-06,-1.434427e-07,-6.16348609e-09,8.98628822e-05,0.000233866239,0.000183622596,0.000222546964,-0.00153650854,-0.000323458038,-3.84968074e-06,-2.33375783e-06,-2.38661471e-07,-1.1475648e-08
0.103,4.03063407e-05,0.000165040742,0.000323684845,0.000938719865,0.00305970553,0.000191391443,3.85475227e-06,-1.59568614e-06,-1.55100606e-07,-7.15871759e-09,9.09886406e-05,0.000245522473,0.000202254027,0.000268117134,-0.00156781768,-0.000346161154,-3.96906599e-06,-2.6358919e-06,-2.72602025e-07,-1.27820223e-08
0.104,3.82323726e-05,0.000164471843,0.000332561015,0.000999459651,0.0033880773,0.000219247951,4.36834097e-06,-1.72027578e-06,-1.66954742e-07,-8.30359013e-09,9.1835515e-05,0.000257125031,0.000221843712,0.000319033212,-0.00158636258,-0.000369454561,-4.05893337e-06,-2.97171942e-06,-3.10785421e-07,-1.41867368e-08
0.105,3.60390875e-05,0.000163256797,0.000340571327,0.00106154468,0.00374369773,0.000250268594,4.9284935e-06,-1.84965985e-06,-1.78817462e-07,-9.62778052e-09,9.23847593e-05,0.000268600367,0.000242346236,0.00037566,-0.00158939689,-0.000393200764,-4.1118446e-06,-3.34462433e-06,-3.53679029e-07,-1.56798166e-08
0.106,3.37454347e-05,0.00016137539,0.000347589194,0.00112466435,0.00412777724,0.000284722562,5.5357799e-06,-1.98325082e-06,-1.90441724e-07,-1.11688578e-08,9.26192468e-05,0.000279869372,0.000263701016,0.000438358843,-0.00157381292,-0.000417230622,-4.11936657e-06,-3.75835306e-06,-4.01791609e-07,-1.72471407e-08
0.107,3.13727974e-05,0.000158813257,0.000353485804,0.00118845504,0.00454139029,0.000322890592,6.1898056e-06,-2.1202395e-06,-2.0150918e-07,-1.29738462e-08,9.25238611e-05,0.00029084767,0.000285830867,0.000507482214,-0.00153610772,-0.0004413388,-4.07202488e-06,-4.21705542e-06,-4.55673155e-07,-1.88703907e-08
0.108,2.89449025e-05,0.000155562763,0.000358131757,0.00125249636,0.0049854215,0.000365063097,6.88893678e-06,-2.25953876e-06,-2.11616157e-07,-1.51011996e-08,9.20859083e-05,0.000301446049,0.000308640597,0.000583367276,-0.00147234892,-0.000465278703,-3.95928271e-06,-4.72532983e-06,-5.15913117e-07,-2.05269291e-08
0.109,2.64876718e-05,0.000151623919,0.000361399039,0.0013163076,0.00546049983,0.00041153752,7.62997554e-06,-2.3997131e-06,-2.20257242e-07,-1.76232598e-08,9.12955474e-05,0.000311571029,0.000332015657,0.000666328315,-0.00137814171,-0.000488756887,-3.7695552e-06,-5.28827232e-06,-5.83136577e-07,-2.21897059e-08
0.11,2.40290047e-05,0.000147005295,0.000363163371,0.00137934473,0.00596691899,0.000462614706,8.40778297e-06,-2.53889036e-06,-2.26806385e-07,-2.06292975e-08,9.01462314e-05,0.000321125596,0.000355820914,0.000756647893,-0.00124859837,-0.000511426969,-3.4902735e-06,-5.91152798e-06,-6.57997436e-07,-2.38272731e-08
0.111,2.15984864e-05,0.000141724932,0.000363306974,0.00144099815,0.00650454216,0.000518593964,9.21484494e-06,-2.67465215e-06,-2.30495473e-07,-2.42292421e-08,8.86351528e-05,0.000330010124,0.000379899628,0.000854566679,-0.00107831271,-0.000532882911,-3.10801086e-06,-6.60134223e-06,-7.41167927e-07,-2.54040472e-08
0.112,1.92270082e-05,0.000135811209,0.000361721785,0.00150059154,0.00707268812,0.000579766271,1.00407509e-05,-2.80390021e-06,-2.30390644e-07,-2.85582302e-08,8.67636827e-05,0.000338123517,0.000404072709,0.000960271783,-0.000861343094,-0.000552651495,-2.6087035e-06,-7.36461128e-06,-8.33322556e-07,-2.6880953e-08
0.113,1.69462949e-05,0.000129303628,0.000358313067,0.00155738168,0.00766999268,0.00064640587,1.08716564e-05,-2.9226887e-06,-2.25367442e-07,-3.37824439e-08,8.45377737e-05,0.000345364518,0.00042813831,0.00107388298,-0.000591212766,-0.000570184837,-1.97803989e-06,-8.20892561e-06,-9.35111371e-07,-2.82165075e-08
0.114,1.47883312e-05,0.000122253494,0.000353003509,0.00161056038,0.008294248,0.000718759186,1.1689715e-05,-3.02601308e-06,-2.14086293e-07,-4.01066769e-08,8.19683211e-05,0.000351633266,0.00045187196,0.0011954374,-0.000260933511,-0.000584853224,-1.20202309e-06,-9.14259855e-06,-1.04712379e-06,-2.93690152e-08
0.115,1.27846873e-05,0.000114724426,0.000345737744,0.00165925898,0.00894222065,0.000797030698,1.24725154e-05,-3.10755257e-06,-1.94970787e-07,-4.77836833e-08,7.90714571e-05,0.000356833102,0.000475027392,0.00132487278,0.000136939181,-0.000595938584,-2.67746459e-07,-1.01746686e-05,-1.16984189e-06,-3.03005714e-08
0.116,1.09657428e-05,0.000106792648,0.000336487228,0.0017025562,0.00960945138,0.00088136541,1.31925824e-05,-3.1593614e-06,-1.66192416e-07,-5.71252245e-08,7.58687496e-05,0.000360872602,0.000497338214,0.00146200929,0.000610208324,-0.000602629293,8.35574818e-07,-1.13148602e-05,-1.30358067e-06,-3.09836528e-08
0.117,9.35981883e-06,9.85469888e-05,0.000325255349,0.00173949004,0.0102900425,0.000971827569,1.3817022e-05,-3.1715076e-06,-1.25666672e-07,-6.85147017e-08,7.2387274e-05,0.000363667838,0.000518520624,0.00160653047,0.0011668822,-0.000604017351,2.11527767e-06,-1.2573483e-05,-1.44841413e-06,-3.14113306e-08
0.118,7.9922359e-06,9.00885174e-05,0.000312082558,0.00176907458,0.010976444,0.00106837546,1.43074204e-05,-3.13166114e-06,-7.10670348e-08,-8.24209512e-08,6.86595241e-05,0.000365144823,0.000538277365,0.00175796408,0.00181495163,-0.000599099202,3.57360207e-06,-1.39612447e-05,-1.60408635e-06,-3.16123593e-08
0.119,6.88432711e-06,8.15297351e-05,0.000297051243,0.00179032244,0.0116592546,0.00117083241,1.46201348e-05,-3.02464073e-06,1.34936407e-10,-9.94125502e-08,6.47231257e-05,0.000365242095,0.000556303108,0.00191566367,0.0025620833,-0.000586781773,5.20571468e-06,-1.54889482e-05,-1.7699088e-06,-3.16726508e-08
0.12,6.05245082e-06,7.29932428e-05,0.00028028994,0.0018022737,0.0123270614,0.00127885441,1.47071079e-05,-2.83193754e-06,9.05936237e-08,-1.20171363e-07,6.06203199e-05,0.000363913346,0.000572291389,0.00207879259,0.0034152155,-0.000565895759,6.99739563e-06,-1.71670427e-05,-1.94464751e-06,-3.17648052e-08
0.121,5.50706417e-06,6.460981e-05,0.00026197635,0.00180403022,0.0129663479,0.00139189894,1.45175266e-05,-2.53123538e-06,2.02967003e-07,-1.45503533e-07,5.63971771e-05,0.000361129903,0.000585942993,0.00224631086,0.00438004272,-0.000535219847,8.92239798e-06,-1.90050057e-05,-2.12640593e-06,-3.21873414e-08
0.122,5.25192685e-06,5.65158435e-05,0.000242338756,0.00179479257,0.0135615205,0.00150920418,1.40009355e-05,-2.09596728e-06,3.39745137e-07,-1.76344382e-07,5.21025413e-05,0.000356882851,0.000596975601,0.00241696691,0.00546040429,-0.000493518833,1.09402105e-05,-2.10104677e-05,-2.31252562e-06,-3.34151339e-08
0.123,5.28345569e-06,4.88502685e-05,0.000221655727,0.00177390617,0.014095119,0.00162976256,1.31102223e-05,-1.49502783e-06,5.03078479e-07,-2.13746277e-07,4.77868435e-05,0.000351185234,0.000605135345,0.00258930845,0.00665770001,-0.000439592058,1.29945662e-05,-2.31881175e-05,-2.49958484e-06,-3.61628373e-08
0.124,5.59031315e-06,4.17508051e-05,0.000200253264,0.00174090853,0.0145481847,0.00175230492,1.18054814e-05,-6.92777256e-07,6.9457521e-07,-2.58842204e-07,4.35007068e-05,0.000344073568,0.000610208532,0.00276170156,0.0079703164,-0.000372327648,1.5012524e-05,-2.55384587e-05,-2.68344343e-06,-4.14499955e-08
0.125,6.15330642e-06,3.53497649e-05,0.000178499058,0.00169557483,0.0149007972,0.00187529893,1.00588461e-05,3.50602413e-07,9.15069181e-07,-3.12783659e-07,3.92933935e-05,0.000335608543,0.000612033186,0.00293236055,0.00939308609,-0.000290758908,1.69047056e-05,-2.80564634e-05,-2.85933906e-06,-5.06619452e-08
0.126,6.94565214e-06,2.97695798e-05,0.00015679378,0.00163795847,0.015132796,0.00199696167,7.85972169e-06,1.67839932e-06,1.16438655e-06,-3.76656935e-07,3.52111753e-05,0.000325874859,0.000610509687,0.00309938741,0.0109168332,-0.000194126364,1.85669694e-05,-3.07301596e-05,-3.02205135e-06,-6.56026622e-08
0.127,7.93362622e-06,2.51182265e-05,0.000135559363,0.00156842369,0.0152246707,0.00211528893,5.22001517e-06,3.33628144e-06,1.44114086e-06,-4.5137923e-07,3.1295726e-05,0.000314980097,0.000605609939,0.00326082288,0.0125280684,-8.19445067e-05,1.98834823e-05,-3.35392412e-05,-3.16614238e-06,-8.85342175e-08
0.128,9.07760396e-06,2.14847842e-05,0.000115224546,0.00148766659,0.015158585,0.00222810316,2.17900515e-06,5.37077027e-06,1.74258397e-06,-5.37573282e-07,2.75826378e-05,0.000303052557,0.000597384161,0.00341470886,0.0142088967,4.59358401e-05,2.07314261e-05,-3.64538274e-05,-3.28627474e-06,-1.22194768e-07
0.129,1.03334682e-05,1.8935415e-05,9.62083195e-05,0.00139672127,0.0149194744,0.00233311946,-1.19274037e-06,7.8272821e-06,2.06454287e-06,-6.35424072e-07,2.41001705e-05,0.000290238034,0.000585964322,0.00355915766,0.0159371883,0.000189275164,2.09874545e-05,-3.94334944e-05,-3.37759638e-06,-1.6978646e-07
0.13,1.16543254e-05,1.75100427e-05,7.89021063e-05,0.00129694869,0.0144961462,0.00242802753,-4.791021e-06,1.07477887e-05,2.40146989e-06,-7.44524955e-07,2.08683372e-05,0.000276695641,0.000571563531,0.00369242453,0.0176870475,0.000347407958,2.05356724e-05,-4.24267226e-05,-3.43616817e-06,-2.34925043e-07
0.131,1.2992439e-05,1.72199988e-05,6.36517709e-05,0.00119000687,0.0138822884,0.00251058634,-8.47775693e-06,1.41681967e-05,2.74662667e-06,-8.63723951e-07,1.78984099e-05,0.000262592809,0.000554470926,0.00381297792,0.0194295864,0.000519225685,1.92767242e-05,-4.53708932e-05,-3.45939875e-06,-3.21544865e-07
0.132,1.4301257e-05,1.80468666e-05,5.07407799e-05,0.00107780179,0.0130772952,0.00257872745,-1.20833102e-05,1.81155837e-05,3.09241531e-06,-9.90983363e-07,1.51929056e-05,0.000248099716,0.00053504197,0.00391956178,0.0211339883,0.000703184887,1.71375582e-05,-4.81929334e-05,-3.44644258e-06,-4.33755829e-07
0.133,1.55373697e-05,1.99426659e-05,4.03760346e-05,0.000962422531,0.0120868017,0.00263065304,-1.54120694e-05,2.26054684e-05,3.43087655e-06,-1.12326517e-06,1.27460809e-05,0.00023338354,0.000513684532,0.00401124844,0.0227688324,0.000897340063,1.40807691e-05,-5.08106885e-05,-3.39851632e-06,-5.75652455e-07
0.134,1.66622715e-05,2.2831444e-05,3.26776207e-05,0.00084606455,0.0109228559,0.00266492446,-1.8250944e-05,2.76393298e-05,3.75430232e-06,-1.25646052e-06,1.05448943e-05,0.000218602814,0.000490841359,0.00408747323,0.02430357,0.00109940297,1.01126161e-05,-5.31350617e-05,-3.31906945e-06,-7.51078366e-07
0.135,1.76438032e-05,2.66122003e-05,2.76733268e-05,0.000730946038,0.00960368706,0.00268053458,-2.0380332e-05,3.32026037e-05,4.05591125e-06,-1.38537927e-06,8.57036474e-06,0.000203902263,0.000466970185,0.00414804825,0.0257100351,0.00130682453,5.28878287e-06,-5.5072853e-05,-3.21376591e-06,-9.63358099e-07
0.136,1.84571733e-05,3.11629743e-05,2.52985024e-05,0.000619223357,0.00815306781,0.00267695752,-2.15868737e-05,3.92633674e-05,4.33052792e-06,-1.50381106e-06,6.79921769e-06,0.0001894085,0.000442522983,0.00419315479,0.0269638675,0.0015168935,-2.82963194e-07,-5.65301668e-05,-3.09025249e-06,-1.21501374e-06
0.137,1.90854967e-05,3.63458303e-05,2.5401365e-05,0.000512911733,0.00659930379,0.00265417167,-2.16770291e-05,4.57718749e-05,4.57519739e-06,-1.60466416e-06,5.20568462e-06,0.00017522683,0.000417925916,0.00422331495,0.0280457284,0.00172684462,-6.44378107e-06,-5.74161911e-05,-2.95771139e-06,-1.50748734e-06
0.138,1.95198313e-05,4.20124008e-05,2.7753351e-05,0.000413816792,0.00497392699,0.00261265438,-2.04903415e-05,5.26610457e-05,4.78966486e-06,-1.68018147e-06,3.76330875e-06,0.000161439368,0.000393561551,0.00423934525,0.0289422043,0.00193396827,-1.29886626e-05,-5.76471063e-05,-2.82621876e-06,-1.84089239e-06
0.139,1.97587409e-05,4.80096104e-05,3.20636454e-05,0.000323481375,0.0033101969,0.00255334953,-1.79112022e-05,5.98479297e-05,4.97666026e-06,-1.72222572e-06,2.44661402e-06,0.000148104544,0.0003697547,0.00424229641,0.0296463262,0.00213571322,-1.96750653e-05,-5.71498547e-05,-2.70595593e-06,-2.21381662e-06
0.14,1.98074519e-05,5.4185204e-05,3.79966542e-05,0.000243150328,0.0016415325,0.00247761145,-1.38780679e-05,6.72360831e-05,5.14194419e-06,-1.72261859e-06,1.23251415e-06,0.000135257951,0.000346762857,0.00423338456,0.0301576688,0.00232977542,-2.62346904e-05,-5.58655036e-05,-2.60634059e-06,-2.6231966e-06
0.141,1.9676701e-05,6.03927455e-05,4.51909998e-05,0.000173754479,0.0,0.00238713068,-8.38931367e-06,7.47187062e-05,5.29409839e-06,-1.67351217e-06,1.01369464e-07,0.000122914405,0.000324771828,0.00421392053,0.0304820377,0.00251416484,-3.23876278e-05,-5.37519671e-05,-2.53515949e-06,-3.064278e-06
0.142,1.93814096e-05,6.64957962e-05,5.32784938e-05,0.000115918655,-0.00158502376,0.00228385225,-1.50484745e-06,8.21823386e-05,5.44405395e-06,-1.56776796e-06,-9.62352502e-07,0.000111070968,0.000303896382,0.004185242,0.030630786,0.00268724472,-3.78577251e-05,-5.07858701e-05,-2.49778953e-06,-3.53066779e-06
0.143,1.89393585e-05,7.2371036e-05,6.19008672e-05,6.99815586e-05,-0.00308789746,0.00216988678,6.65715957e-06,8.95109079e-05,5.60434343e-06,-1.39932332e-06,-1.96979357e-06,9.97104817e-05,0.000284185035,0.00414865144,0.0306198228,0.00284776391,-4.23868403e-05,-4.69636327e-05,-2.49662068e-06,-4.01447658e-06
0.144,1.83699338e-05,7.79103295e-05,7.07236364e-05,3.60164758e-05,-0.00448744065,0.00204741313,1.59271711e-05,9.65898715e-05,5.7882221e-06,-1.16351425e-06,-2.9277797e-06,8.88052894e-05,0.000265628478,0.00410537175,0.0304684476,0.00299486711,-4.57476291e-05,-4.23016358e-05,-2.53071804e-06,-4.50654783e-06
0.145,1.76930161e-05,8.30217942e-05,7.94468238e-05,1.38669613e-05,-0.00576730371,0.00191860026,2.60938208e-05,0.000103310162,6.00874365e-06,-8.57332901e-07,-3.83919094e-06,7.83211118e-05,0.000248170751,0.00405650967,0.0301981148,0.00312807443,-4.77542556e-05,-3.68352187e-05,-2.59572585e-06,-4.99677452e-06
0.146,1.692808e-05,8.76299634e-05,8.78120723e-05,3.19127181e-06,-0.00691599914,0.00178554481,3.69156483e-05,0.000109571692,6.27785814e-06,-4.79600147e-07,-4.7035556e-06,6.82207723e-05,0.000231721722,0.00400302831,0.0298312217,0.00324724442,-4.82699455e-05,-3.06167477e-05,-2.68401868e-06,-5.47447477e-06
0.147,1.60935314e-05,9.16751924e-05,9.56060964e-05,3.50366019e-06,-0.00792664911,0.00165021792,4.81340129e-05,0.00011528623,6.60560444e-06,-3.10425137e-08,-5.51779207e-06,5.84674802e-05,0.000216169811,0.00394573305,0.0293900063,0.00335252933,-4.72110584e-05,-2.37130616e-05,-2.78508512e-06,-5.92879019e-06
0.148,1.52062847e-05,9.51124868e-05,0.000102660875,1.42124227e-05,-0.00879651163,0.00151442733,5.94859882e-05,0.000120379535,6.9994579e-06,4.85726326e-07,-6.27701759e-06,4.90275516e-05,0.000201394088,0.00388526837,0.0288956192,0.00344432455,-4.45477958e-05,-1.62024659e-05,-2.88610161e-06,-6.34908159e-06
0.149,1.42815559e-05,9.79099584e-05,0.000108851238,3.46532708e-05,-0.00952635746,0.00137979371,7.07163275e-05,0.000124792701,7.46387877e-06,1.06631295e-06,-6.97535623e-06,3.98724952e-05,0.000187274999,0.0038221233,0.0283674065,0.00352321655,-4.03017964e-05,-8.17149852e-06,-2.97263962e-06,-6.72529819e-06
0.15,1.33328304e-05,0.000100047103,0.000114090615,6.41168874e-05,-0.0101197703,0.00124773958,8.15876683e-05,0.000128482723,8.00008618e-06,1.70472829e-06,-7.60669456e-06,3.09804593e-05,0.00017370326,0.00375664308,0.0278224167,0.00358993241,-3.4541134e-05,2.88324796e-07,-3.02944118e-06,-7.04830042e-06
0.151,1.23719482e-05,0.000101513077,0.000118325816,0.000101870502,-0.0105824387,0.00111948787,9.18883509e-05,0.000131422319,8.6060616e-06,2.39363202e-06,-8.16535223e-06,2.23370817e-05,0.00016058675,0.00368904678,0.0272751242,0.00364529054,-2.73734481e-05,9.08359494e-06,-3.04119697e-06,-7.31012e-06
0.152,1.14092688e-05,0.000102305107,0.000121531592,0.00014717437,-0.0109214887,0.000996068135,0.000101438011,0.000133599122,9.27674827e-06,3.12461578e-06,-8.6466291e-06,1.39357748e-05,0.000147855052,0.00361945126,0.0267373419,0.00369015107,-1.89379935e-05,1.81217638e-05,-2.99328608e-06,-7.5041485e-06
0.153,1.04539377e-05,0.000102426994,0.000123704461,0.000199293807,-0.0111448555,0.000878330487,0.000110091355,0.000135014592,1.00043579e-05,3.88850097e-06,-9.04713759e-06,5.77756444e-06,0.00013546115,0.00354788477,0.0262182817,0.00372539005,-9.39622226e-06,2.73135229e-05,-2.87249641e-06,-7.6252714e-06
0.154,9.51414988e-06,0.000101887905,0.000124857125,0.000257504989,-0.0112607553,0.00076696289,0.000117739408,0.000135682515,1.07788274e-05,4.67564497e-06,-9.36499664e-06,-2.12939831e-06,0.000123381267,0.00347430218,0.0257247331,0.00375187665,1.07765279e-06,3.65748001e-05,-2.66759855e-06,-7.66993149e-06
0.155,8.59736456e-06,0.000100701492,0.000125014095,0.000321097167,-0.0112772771,0.000662509304,0.000124308578,0.000135627265,1.15883805e-05,5.4762386e-06,-9.59992451e-06,-9.77053594e-06,0.000111613459,0.00339860031,0.0252613127,0.00377045375,1.23051294e-05,4.58282878e-05,-2.36973554e-06,-7.63612471e-06
0.156,7.71045647e-06,9.88852963e-05,0.000124208536,0.000389372625,-0.0112020909,0.000565387589,0.000129758034,0.00013488195,1.24201316e-05,6.2805802e-06,-9.75325201e-06,-1.71256707e-05,0.000100175373,0.00332063175,0.0248307453,0.0037819235,2.41106026e-05,5.50045094e-05,-1.97263455e-06,-7.52333811e-06
0.157,6.85979873e-06,9.64603968e-05,0.000122480253,0.000461644969,-0.0110422571,0.000475906712,0.000134075976,0.000133486583,1.32606785e-05,7.07931499e-06,-9.8278763e-06,-2.41699129e-05,8.91015077e-05,0.00324021706,0.0244341473,0.00378703701,3.63271199e-05,6.40424648e-05,-1.47265832e-06,-7.33244214e-06
0.158,6.05128044e-06,9.34512694e-05,0.000119874611,0.000537236157,-0.0108041194,0.000394283561,0.000137275329,0.000131486339,1.4096646e-05,7.86363354e-06,-9.82817189e-06,-3.08745659e-05,7.84402574e-05,0.00315715549,0.0240712895,0.00378648732,4.88007198e-05,7.28899155e-05,-8.68723706e-07,-7.06554923e-06
0.159,5.29026828e-06,8.98857966e-05,0.000116442306,0.000615475452,-0.0104932644,0.000320657152,0.000139389049,0.000128929963,1.49151551e-05,8.62542652e-06,-9.75986836e-06,-3.72080116e-05,6.82508094e-05,0.0030712341,0.0237408273,0.00378090575,6.13936081e-05,8.15033757e-05,-1.62117598e-07,-6.72585018e-06
0.16,4.58151424e-06,8.57953956e-05,0.000112239945,0.000695697278,-0.0101145353,0.000255097301,0.000140465633,0.000125868372,1.57041916e-05,9.35739503e-06,-9.62989885e-06,-4.31366112e-05,5.85999018e-05,0.00298223592,0.0234404933,0.00377086064,7.39861746e-05,8.98478434e-05,6.43762451e-07,-6.31743805e-06
0.161,3.92903182e-06,8.12152054e-05,0.000107330795,0.000777234741,-0.00967208346,0.000197615707,0.000140565408,0.000122353514,1.64528744e-05,1.00531198e-05,-9.44622755e-06,-4.86256128e-05,4.95587324e-05,0.00288994762,0.0231672489,0.0037568576,8.64778568e-05,9.7896387e-05,1.54371145e-06,-5.84513523e-06
0.162,3.33595703e-06,7.61842842e-05,0.000101785522,0.00085941572,-0.00916943872,0.00014817702,0.000139757122,0.00011843742,1.71516427e-05,1.07070969e-05,-9.21766429e-06,-5.36399917e-05,4.12001328e-05,0.00279416538,0.0229173952,0.00373934246,9.87873633e-05,0.000105629702,2.53104453e-06,-5.31432995e-06
0.163,2.80436764e-06,7.07458416e-05,9.56834806e-05,0.000941561703,-0.00860959858,0.00010670673,0.00013811468,0.000114171377,1.7792372e-05,1.13147403e-05,-8.95369386e-06,-5.81452958e-05,3.35960264e-05,0.00269470432,0.0226866502,0.003718698,0.000110852063,0.000113035527,3.59795369e-06,-4.73081533e-06
0.164,2.33510116e-06,6.49474311e-05,8.91139093e-05,0.00102298656,-0.00799513242,7.30973646e-05,0.000135714723,0.000109605325,1.83684067e-05,1.18723579e-05,-8.66428302e-06,-6.21085043e-05,2.68148132e-05,0.00259140623,0.0224701958,0.00369524362,0.000122626963,0.000120108017,4.73583901e-06,-4.10064471e-06
0.165,1.92759094e-06,5.88410669e-05,8.2176763e-05,0.00110299535,-0.00732829676,4.72137959e-05,0.000132634996,0.000104787472,1.88745208e-05,1.23771036e-05,-8.35965119e-06,-6.54989148e-05,2.09185994e-05,0.00248414649,0.0222627027,0.00366923659,0.0001340836,0.000126847127,5.93560017e-06,-3.43000682e-06
0.166,1.5797321e-06,5.24832467e-05,7.49830824e-05,0.00118088371,-0.00661116292,2.88974812e-05,0.000128953428,9.97640705e-05,1.93068236e-05,1.28269116e-05,-8.05000117e-06,-6.82890699e-05,1.59602193e-05,0.00237284098,0.0220583385,0.00364087362,0.000145208912,0.000133258032,7.18788833e-06,-2.72511871e-06
0.167,1.28779312e-06,4.59348551e-05,6.765478e-05,0.00125593792,-0.00584576024,1.79696287e-05,0.00012474788,9.4579365e-05,1.96626226e-05,1.32204164e-05,-7.74520872e-06,-7.04557258e-05,1.19800425e-05,0.00225745306,0.0218507673,0.00361029256,0.000156004091,0.00013935056,8.48332302e-06,-1.99213567e-06
0.168,1.04638968e-06,3.92609198e-05,6.03236895e-05,0.00132743573,-0.00503423843,1.4233291e-05,0.000120096527,8.92756916e-05,1.99402569e-05,1.35568605e-05,-7.45447438e-06,-7.19808579e-05,9.00262162e-06,0.00213800059,0.0216331482,0.00357757424,0.000166483369,0.000145138659,9.81268098e-06,-1.23707651e-06
0.169,8.48537568e-07,3.25301878e-05,5.31297318e-05,0.00139464825,-0.00417905154,1.74743666e-05,0.000115078794,8.38937134e-05,2.01389127e-05,1.38359948e-05,-7.18594664e-06,-7.28526893e-05,7.03329838e-06,0.00201456319,0.0213981449,0.0035427442,0.000176672666,0.000150639878,1.11670661e-05,-4.65759519e-07
0.17,6.85801533e-07,2.58144932e-05,4.62180711e-05,0.00145684277,-0.00328316491,2.74614816e-05,0.00010977681,7.84727876e-05,2.0258433e-05,1.40579723e-05,-6.94633265e-06,-7.30667149e-05,6.05495311e-06,0.00188728973,0.0211379567,0.00350577444,0.000186607968,0.000155874837,1.25380702e-05,3.16254697e-07
0.171,5.48554146e-07,1.91878899e-05,3.97351862e-05,0.00151328691,-0.00235028194,4.39445128e-05,0.000104277258,7.30514533e-05,2.02991339e-05,1.42232415e-05,-6.74051953e-06,-7.26266798e-05,6.02515151e-06,0.00175640564,0.0208443864,0.003466586,0.000196333324,0.000160866679,1.3917936e-05,1.10371848e-06
0.172,4.26344391e-07,1.27255433e-05,3.38239397e-05,0.00156325431,-0.00138508052,6.66510369e-05,9.86732825e-05,6.76679968e-05,2.02616488e-05,1.43324439e-05,-6.57124088e-06,-7.15454495e-05,6.87408061e-06,0.00162221976,0.0205089598,0.00342505309,0.000205898348,0.000165640485,1.52997343e-05,1.89175668e-06
0.173,3.08342486e-07,6.50236652e-06,2.86180051e-05,0.00160603496,-0.000393441298,9.52807611e-05,9.30658478e-05,6.23609903e-05,2.01468223e-05,1.43863172e-05,-6.4388357e-06,-6.98457418e-05,8.50370873e-06,0.00148513381,0.0201231091,0.00338100334,0.000215354881,0.000170222495,1.66775591e-05,2.67593488e-06
0.174,1.83872437e-07,5.91416014e-07,2.42355926e-05,0.00164094419,0.000617343681,0.000129499464,8.75650289e-05,5.71698596e-05,1.99556619e-05,1.43856144e-05,-6.34111998e-06,-6.75606481e-05,1.07884292e-05,0.00134565218,0.019678426,0.0033342197,0.000224752805,0.000174639203,1.80467195e-05,3.45233349e-06
0.175,4.30033888e-08,-4.93792327e-06,2.07728098e-05,0.00166733545,0.00163841099,0.00016893586,8.2291046e-05,5.21354317e-05,1.96893569e-05,1.43310443e-05,-6.27338811e-06,-6.47338149e-05,1.35775025e-05,0.00120439023,0.0191669897,0.00328444181,0.000234135212,0.000178916357,1.94039232e-05,4.21762782e-06
0.176,-1.22833816e-07,-1.00218763e-05,1.82973725e-05,0.00168462232,0.00265923895,0.000213172666,7.73738753e-05,4.73002973e-05,1.93493586e-05,1.42232384e-05,-6.22855996e-06,-6.14192007e-05,1.66989592e-05,0.00106207589,0.0185817661,0.0032313719,0.000243533564,0.000183077811,2.07474385e-05,4.96918072e-06
0.177,-3.20244974e-07,-1.4604273e-05,1.68429482e-05,0.00169230012,0.00366765636,0.000261734259,7.29513939e-05,4.27089335e-05,1.89375403e-05,1.40627537e-05,-6.19750732e-06,-5.76804497e-05,1.99652222e-05,0.000919548518,0.0179170707,0.00317468605,0.00025296276,0.000187144192,2.20772078e-05,5.70514092e-06
0.178,-5.53350869e-07,-1.86385161e-05,1.64046695e-05,0.00168996711,0.00464997594,0.000314078003,6.91664174e-05,3.84075617e-05,1.84564391e-05,1.38501173e-05,-6.16955657e-06,-5.35898144e-05,2.31807336e-05,0.000777756355,0.0171690652,0.00311404713,0.000262416182,0.000191131499,2.33948909e-05,6.4245346e-06
0.179,-8.23400888e-07,-2.20893829e-05,1.69366309e-05,0.00167734893,0.00559127529,0.000369587049,6.61622402e-05,3.44436602e-05,1.79095637e-05,1.35859128e-05,-6.13314055e-06,-4.92265869e-05,2.61510309e-05,0.000637748542,0.0163362493,0.00304912038,0.000271861398,0.000195049682,2.47038191e-05,7.12734053e-06
0.18,-1.12856925e-06,-2.49345243e-05,1.83518182e-05,0.00165432453,0.00647583462,0.000427565034,6.40766529e-05,3.08650798e-05,1.73017379e-05,1.3270909e-05,-6.07656163e-06,-4.46750705e-05,2.86926381e-05,0.000500660032,0.0154199031,0.00297959292,0.000281237076,0.000198901332,2.60088364e-05,7.81453715e-06
0.181,-1.46397046e-06,-2.71655342e-05,2.0524746e-05,0.0016209511,0.00728772417,0.000487234719,6.30347745e-05,2.77187578e-05,1.66394481e-05,1.29062239e-05,-5.98881107e-06,-4.0022158e-05,3.06431165e-05,0.000367689033,0.0144244285,0.00290519574,0.000290451563,0.000202680558,2.73160082e-05,8.48810753e-06
0.182,-1.82190798e-06,-2.87884757e-05,2.32968528e-05,0.00157748564,0.00801151427,0.000547742172,6.31412681e-05,2.50490769e-05,1.59311488e-05,1.24935124e-05,-5.86037588e-06,-3.53546223e-05,3.18704475e-05,0.000240066843,0.0133575397,0.00282572722,0.00029938353,0.000206372194,2.86321916e-05,9.15098972e-06
0.183,-2.19233592e-06,-2.98237677e-05,2.64843162e-05,0.00152439896,0.00863306189,0.000608167234,6.44726105e-05,2.28959513e-05,1.5187474e-05,1.20351639e-05,-5.68396312e-06,-3.07562611e-05,3.22808392e-05,0.000119019557,0.0122302653,0.00274107954,0.00030788507,0.000209951509,2.99644892e-05,9.80696675e-06
0.184,-2.56351993e-06,-3.03054006e-05,2.98879716e-05,0.00146238195,0.00914032095,0.000667540827,6.70699798e-05,2.12927479e-05,1.44213207e-05,1.15344896e-05,-5.45507353e-06,-2.63050621e-05,3.18243272e-05,5.72457208e-06,0.0110567277,0.00265126277,0.000315787206,0.000213384471,3.13196028e-05,1.04604902e-05
0.185,-2.92284733e-06,-3.02794824e-05,3.33046525e-05,0.00139234162,0.00952410653,0.000724869146,7.09335443e-05,2.02641982e-05,1.36477663e-05,1.09958765e-05,-5.1723657e-06,-2.20705791e-05,3.04974994e-05,-9.87363941e-05,0.00985368791,0.0025564249,0.000322907609,0.000216628598,3.27031303e-05,1.11164387e-05
0.186,-3.25771516e-06,-2.98021824e-05,3.65390135e-05,0.00131538504,0.00977873888,0.000779164007,7.60188665e-05,1.98244816e-05,1.28837973e-05,1.04248888e-05,-4.8377719e-06,-1.81116998e-05,2.83429654e-05,-0.000193425032,0.00863987016,0.0024568661,0.00032906011,0.000219634433,3.41188579e-05,1.17798216e-05
0.187,-3.55641469e-06,-2.89371903e-05,3.94148052e-05,0.00123279089,0.00990249835,0.000829477536,8.22359469e-05,1.99756547e-05,1.21478394e-05,9.82829669e-06,-4.45635075e-06,-1.44749628e-05,2.54455133e-05,-0.000277591599,0.00743510632,0.00235304505,0.000334065321,0.0002223476,3.55681144e-05,1.24554439e-05
0.188,-3.80893063e-06,-2.7752866e-05,4.17846062e-05,0.00114596915,0.00989783738,0.000874938945,8.94512783e-05,2.07066101e-05,1.14591102e-05,9.21402e-06,-4.0358908e-06,-1.11935362e-05,2.19253111e-05,-0.000350712691,0.00625936136,0.00224557499,0.000337761381,0.000224711305,3.70492454e-05,1.31475541e-05
0.189,-4.00758413e-06,-2.63192786e-05,4.35371908e-05,0.00105641111,0.00977131842,0.000914792336,9.74930929e-05,2.19927777e-05,1.08368394e-05,8.59098326e-06,-3.58630874e-06,-8.28693526e-06,1.79288897e-05,-0.0004125165,0.00513171643,0.00213520908,0.000340014062,0.000226669124,3.85572642e-05,1.38595005e-05
0.19,-4.14745824e-06,-2.47052976e-05,4.46020021e-05,0.000965632565,0.00953326579,0.000948427685,0.000106158956,2.37963906e-05,1.02993792e-05,7.96887905e-06,-3.11889912e-06,-5.76146314e-06,1.36183624e-05,-0.000462998537,0.00406940311,0.00202281859,0.000340725468,0.000228167927,4.00837375e-05,1.45934332e-05
0.191,-4.22658104e-06,-2.29759743e-05,4.49502874e-05,0.000875114893,0.00919717026,0.000975406345,0.000115225521,2.60675554e-05,9.86330715e-06,7.35785655e-06,-2.64551339e-06,-3.61131558e-06,9.16015137e-06,-0.000502421852,0.00308696902,0.0019093604,0.000339840209,0.000229160644,4.16169099e-05,1.53500671e-05
0.192,-4.24586235e-06,-2.11903703e-05,4.45930889e-05,0.000786248013,0.00877889531,0.000995477438,0.000124459688,2.87460352e-05,9.54259423e-06,6.76815588e-06,-2.17775245e-06,-1.82022935e-06,4.71433331e-06,-0.000531300519,0.00219564686,0.00179583637,0.000337348437,0.000229608634,4.31420662e-05,1.61285281e-05
0.193,-4.20879963e-06,-1.93999342e-05,4.35762843e-05,0.000700277594,0.00829576209,0.0010085837,0.000133630071,3.17635612e-05,9.34789918e-06,6.20971743e-06,-1.7262589e-06,-3.63527781e-07,4.25448418e-07,-0.000550368835,0.00140298575,0.00168325326,0.000333286015,0.000229483688,4.4642144e-05,1.69263112e-05
0.194,-4.12101581e-06,-1.76474877e-05,4.1973676e-05,0.000618264085,0.00776559775,0.0010148558,0.000142517759,3.50465126e-05,9.28605519e-06,5.69179424e-06,-1.30015302e-06,7.89639694e-07,-3.58450308e-06,-0.000560539198,0.000712749712,0.00157258199,0.000327731705,0.000228769345,4.60985106e-05,1.77393408e-05
0.195,-3.98968933e-06,-1.5966817e-05,3.98789151e-05,0.000541055167,0.00720582732,0.00101459603,0.000150925589,3.85187637e-05,9.35979012e-06,5.22259793e-06,-9.06646701e-07,1.67402897e-06,-7.22059435e-06,-0.000562852499,0.000125071065,0.00146471993,0.000320801759,0.000227461483,4.74918366e-05,1.85621293e-05
0.196,-3.82294008e-06,-1.43828201e-05,3.73970644e-05,0.000469272319,0.0066326799,0.00100825344,0.000158685322,4.21044929e-05,9.56769351e-06,4.80900417e-06,-5.50849528e-07,2.32616224e-06,-1.04169329e-05,-0.000558425012,-0.000363174367,0.00136045936,0.000312642573,0.000225568197,4.88030003e-05,1.93880174e-05
0.197,-3.62923179e-06,-1.29121173e-05,3.46365786e-05,0.000403311446,0.00606056261,0.000996392686,0.000165662385,4.573077e-05,9.90442123e-06,4.45633632e-06,-2.35758236e-07,2.78244908e-06,-1.31362167e-05,-0.000548395954,-0.000757823278,0.00126046418,0.000303422159,0.000223109037,5.00139516e-05,2.02094773e-05
0.198,-3.41684113e-06,-1.15640092e-05,3.17023339e-05,0.00034335616,0.00550163343,0.000979659562,0.000171758071,4.93297705e-05,1.03611074e-05,4.16823846e-06,3.75964529e-08,3.07765562e-06,-1.5367279e-05,-0.000533879551,-0.00106677629,0.00116525597,0.000293321231,0.000220113716,5.11084728e-05,2.10184518e-05
0.199,-3.19342961e-06,-1.03416495e-05,2.86901487e-05,0.00028940148,0.00496558048,0.000958745907,0.000176909373,5.28405156e-05,1.09259395e-05,3.9466403e-06,2.69884471e-07,3.24376719e-06,-1.71211586e-05,-0.000515924515,-0.00129931141,0.00107520932,0.000282524587,0.000216620424,5.20727879e-05,2.18067023e-05
0.2,-2.96573728e-06,-9.2433138e-06,2.5683007e-05,0.00024128486,0.00445959408,0.000934356596,0.000181086801,5.62100902e-05,1.15848433e-05,3.79180949e-06,4.6313666e-07,3.30924481e-06,-1.84263195e-05,-0.00049548281,-0.00146542066,0.000990555714,0.000271213379,0.000212673899,5.28959877e-05,2.25661411e-05
0.201,-2.7393997e-06,-8.2636489e-06,2.27488562e-05,0.000198719859,0.00398850318,0.000907181624,0.000184290659,5.93943134e-05,1.2322203e-05,3.70247527e-06,6.20373693e-07,3.29863974e-06,-1.93236238e-05,-0.000473389711,-0.00157521994,0.000911395453,0.000259558952,0.000208323483,5.35702806e-05,2.32891325e-05
0.202,-2.51888262e-06,-7.39482102e-06,1.99399171e-05,0.000161329894,0.00355503386,0.000877873985,0.000186546364,6.23579201e-05,1.312157e-05,3.67600817e-06,7.45241702e-07,3.23251768e-06,-1.98614398e-05,-0.000450354148,-0.00163846664,0.00083771508,0.000247718393,0.000203621293,5.4091069e-05,2.39687457e-05
0.203,-2.30751373e-06,-6.62751228e-06,1.72934722e-05,0.000128682742,0.0031601365,0.000847031669,0.000187899252,6.50743525e-05,1.39663417e-05,3.70864317e-06,8.41693984e-07,3.12763629e-06,-2.00913629e-05,-0.000426956965,-0.00166420207,0.000769405211,0.000235831123,0.000198620352,5.44568126e-05,2.45989336e-05
0.204,-2.10758018e-06,-5.95173806e-06,1.48334213e-05,0.000100320455,0.00280334668,0.000815186311,0.000188409316,6.75252036e-05,1.48403481e-05,3.79572224e-06,9.13726749e-07,2.99728161e-06,-2.0064811e-05,-0.000403656586,-0.00166051485,0.000706280661,0.000224017108,0.000193373012,5.46687738e-05,2.51746525e-05
0.205,-1.9204701e-06,-5.35747117e-06,1.2572264e-05,7.57828991e-05,0.00248314767,0.000782798322,0.000188146299,6.96994119e-05,1.57283168e-05,3.9319371e-06,9.65175373e-07,2.85170114e-06,-1.983048e-05,-0.000380800681,-0.00163441681,0.000648100924,0.000212376599,0.000187929726,5.47306842e-05,2.56919255e-05
0.206,-1.7468368e-06,-4.83508475e-06,1.05133429e-05,5.46257597e-05,0.00219730526,0.000750256603,0.000187185401,7.15923232e-05,1.66162229e-05,4.11156137e-06,9.99573885e-07,2.69858058e-06,-1.94326173e-05,-0.000358640703,-0.00159181443,0.000594588699,0.000200990843,0.000182338115,5.4648354e-05,2.61478516e-05
0.207,-1.58676507e-06,-4.37563516e-06,8.65308599e-06,3.64331477e-05,0.00194315595,0.000717881785,0.000185603723,7.32046973e-05,1.74915255e-05,4.3286611e-06,1.02007239e-06,2.54351572e-06,-1.8910067e-05,-0.000337347756,-0.00153755316,0.000545445788,0.000189923509,0.000176642306,5.4429255e-05,2.65405707e-05
0.208,-1.43992556e-06,-3.97101608e-06,6.98305104e-06,2.0825233e-05,0.00171783911,0.000685931919,0.000183477492,7.45417221e-05,1.83432979e-05,4.57727665e-06,1.0294024e-06,2.39044764e-06,-1.82959443e-05,-0.000317028383,-0.00147551123,0.000500366045,0.000179222552,0.000170882535,5.40821099e-05,2.68691939e-05
0.209,-1.30570846e-06,-3.61401545e-06,5.49166589e-06,7.46176274e-06,0.00151847197,0.000654609593,0.000180880019,7.56120863e-05,1.91622687e-05,4.8515724e-06,1.02987844e-06,2.24204313e-06,-1.76177717e-05,-0.000297739189,-0.0014087214,0.000459045323,0.000168922301,0.000165094958,5.36165085e-05,2.71337111e-05
0.21,-1.18333258e-06,-3.29830468e-06,4.16561965e-06,-3.95755036e-06,0.001342272,0.000624069583,0.000177880309,7.64271393e-05,1.99407909e-05,5.14595412e-06,1.0234244e-06,2.10001269e-06,-1.68979192e-05,-0.000279499602,-0.00133950304,0.000421188634,0.000159045566,0.000159311634,5.30425646e-05,2.7334884e-05
0.211,-1.07192932e-06,-3.01838464e-06,2.99091126e-06,-1.36948069e-05,0.0011866346,0.000594426442,0.000174542236,7.70001607e-05,2.06727594e-05,5.455156e-06,1.01161423e-06,1.96536648e-06,-1.61542107e-05,-0.000262302441,-0.00126959142,0.000386514954,0.000149605648,0.000153560644,5.23706245e-05,2.7474134e-05
0.212,-9.70603734e-07,-2.76950841e-06,1.95359232e-06,-2.19770178e-05,0.00104917541,0.000565761611,0.000170924146,7.73457488e-05,2.13534955e-05,5.77430146e-06,9.95719147e-07,1.83861349e-06,-1.54005906e-05,-0.000246122282,-0.00120025599,0.000354760078,0.00014060816,0.000147866296,5.16110269e-05,2.75534321e-05
0.213,-8.78475653e-07,-2.54759465e-06,1.0402564e-06,-2.8999935e-05,0.000927745846,0.000538129671,0.00016707878,7.74793179e-05,2.19796114e-05,6.09894165e-06,9.7675595e-07,1.71991175e-06,-1.4647791e-05,-0.000230921891,-0.00113240258,0.000325677738,0.000132052571,0.000142249353,5.07739046e-05,2.75751887e-05
0.214,-7.94706406e-07,-2.34914159e-06,2.38293721e-07,-3.49324564e-05,0.00082043216,0.000511563396,0.000163053306,7.74166026e-05,2.25488354e-05,6.42506132e-06,9.55531406e-07,1.60917563e-06,-1.39039446e-05,-0.000216657055,-0.0010666567,0.00029904066,0.000123933722,0.000136727398,4.98690575e-05,2.75421615e-05
0.215,-7.18514654e-07,-2.17114627e-06,-4.63924801e-07,-3.99197785e-05,0.000725542275,0.000486078463,0.000158889649,7.71733916e-05,2.30598824e-05,6.7490897e-06,9.32682939e-07,1.50616255e-06,-1.31750953e-05,-0.000203279928,-0.00100343316,0.000274639611,0.000116242833,0.000131315069,4.89058331e-05,2.74573618e-05
0.216,-6.4918218e-07,-2.01103169e-06,-1.07700007e-06,-4.40867865e-05,0.000641586925,0.000461677056,0.000154624851,7.67652774e-05,2.35123128e-05,7.06789252e-06,9.08712385e-07,1.41053112e-06,-1.24656463e-05,-0.000190741335,-0.000942989865,0.000252282497,0.000108968385,0.000126024356,4.7893052e-05,2.73239764e-05
0.217,-5.86054875e-07,-1.86658407e-06,-1.61053053e-06,-4.75412093e-05,0.000567259068,0.000438350807,0.000150291441,7.62074498e-05,2.39063965e-05,7.37875298e-06,8.84013552e-07,1.32188156e-06,-1.1778715e-05,-0.000178992277,-0.000885468703,0.000231793453,0.000102096896,0.000120864891,4.68389666e-05,2.71453012e-05
0.218,-5.28540929e-07,-1.73589884e-06,-2.07316212e-06,-5.03761964e-05,0.000501413231,0.00041608322,0.000145917833,7.55145546e-05,2.42429914e-05,7.67934906e-06,8.5889467e-07,1.23978454e-06,-1.1116414e-05,-0.000167984878,-0.00083092663,0.000213011715,9.56135203e-05,0.000115844226,4.57512391e-05,2.69246851e-05
0.219,-4.76107123e-07,-1.6173343e-06,-2.47265434e-06,-5.26724694e-05,0.000443045987,0.000394851602,0.000141528724,7.47005929e-05,2.45234349e-05,7.96772732e-06,8.33596321e-07,1.16380073e-06,-1.04800762e-05,-0.000157672967,-0.000779359113,0.00019579047,8.95025248e-05,0.00011096808,4.46369359e-05,2.66654821e-05
0.22,-4.28274264e-07,-1.50947264e-06,-2.81595446e-06,-5.45001213e-05,0.00039127819,0.000374628618,0.000137145466,7.37788541e-05,2.47494494e-05,8.24227474e-06,8.08305643e-07,1.09349407e-06,-9.87043163e-06,-0.000148012422,-0.000730717696,0.000179995719,8.37476605e-05,0.000106240568,4.3502533e-05,2.6371012e-05
0.221,-3.84612319e-07,-1.4110869e-06,-3.1092728e-06,-5.59201259e-05,0.000345339202,0.000355383562,0.000132786422,7.2761876e-05,2.49230586e-05,8.50169002e-06,7.83167524e-07,1.0284405e-06,-9.28774621e-06,-0.000138961323,-0.000684923153,0.000165505215,7.8332459e-05,0.000101664414,4.23539333e-05,2.60445295e-05
0.222,-3.4473566e-07,-1.32111349e-06,-3.35815699e-06,-5.69856371e-05,0.000304553041,0.000337083402,0.000128467302,7.16614292e-05,2.50465179e-05,8.74495506e-06,7.582934e-07,9.68233521e-07,-8.73193023e-06,-0.00013047999,-0.000641875364,0.000152207486,7.32404694e-05,9.72411467e-05,4.11964912e-05,2.56892002e-05
0.223,-3.0829828e-07,-1.23862868e-06,-3.56756785e-06,-5.77431949e-05,0.00026832609,0.000319693591,0.000124201444,7.04885059e-05,2.51222479e-05,8.97130548e-06,7.3376833e-07,9.12487804e-07,-8.20262265e-06,-0.000122531042,-0.000601460636,0.000140000852,6.84554442e-05,9.29712617e-05,4.00350393e-05,2.53080809e-05
0.224,-2.74989296e-07,-1.16282798e-06,-3.74193939e-06,-5.82336528e-05,0.000236136535,0.000303178671,0.000120000077,6.92533198e-05,2.51527804e-05,9.18020238e-06,7.09656591e-07,8.60842176e-07,-7.69925397e-06,-0.000115079392,-0.000563557008,0.000128792598,6.39614789e-05,8.88543791e-05,3.88739188e-05,2.49041047e-05
0.225,-2.44529179e-07,-1.09300814e-06,-3.88520312e-06,-5.84924895e-05,0.000207524998,0.000287502617,0.000115872554,6.79653321e-05,2.51407231e-05,9.37131084e-06,6.86006467e-07,8.12961744e-07,-7.22112107e-06,-0.000108092208,-0.000528037939,0.000118498126,5.97430252e-05,8.48893383e-05,3.77169933e-05,2.44800651e-05
0.226,-2.16666552e-07,-1.02855383e-06,-4.00084492e-06,-5.85504128e-05,0.000182086598,0.000272629235,0.000111826568,6.66332771e-05,2.50887238e-05,9.5444768e-06,6.62853653e-07,7.68536771e-07,-6.76744152e-06,-0.000101538832,-0.000494775172,0.000109040224,5.57849532e-05,8.10743103e-05,3.65676765e-05,2.40386067e-05
0.227,-1.91174896e-07,-9.68926553e-07,-4.09198923e-06,-5.84344419e-05,0.00015946449,0.00025852269,0.000107868354,6.52651772e-05,2.49994277e-05,9.69969912e-06,6.40223422e-07,7.27280905e-07,-6.33736181e-06,-9.53906663e-05,-0.00046364129,0.00010034849,5.20727079e-05,7.7406947e-05,3.54289832e-05,2.35822276e-05
0.228,-1.67849629e-07,-9.13653592e-07,-4.16143642e-06,-5.81684457e-05,0.000139343891,0.000245147791,0.000104002884,6.38683816e-05,2.48754524e-05,9.8371095e-06,6.18132763e-07,6.88930674e-07,-5.92997166e-06,-8.96210186e-05,-0.000434511687,9.2358679e-05,4.85923416e-05,7.38844726e-05,3.430356e-05,2.31132771e-05
0.229,-1.46505589e-07,-8.62318499e-07,-4.21168745e-06,-5.777342e-05,0.000121446729,0.000232470117,0.000100234015,6.2449602e-05,2.47193707e-05,9.95695467e-06,5.96592122e-07,6.53243745e-07,-5.54433318e-06,-8.4204971e-05,-0.000407265647,8.50121366e-05,4.5330506e-05,7.05037537e-05,3.31937106e-05,2.26339543e-05
0.23,-1.2697483e-07,-8.14553545e-07,-4.24497696e-06,-5.7267838e-05,0.000105527067,0.000220456162,9.65646347e-05,6.10149486e-05,2.45336945e-05,1.00595792e-05,5.75606673e-07,6.19997296e-07,-5.17949914e-06,-7.91192781e-05,-0.000381787005,7.82553016e-05,4.227446e-05,6.72613702e-05,3.21014233e-05,2.21463093e-05
0.231,-1.09104653e-07,-7.70033204e-07,-4.26330278e-06,-5.66679779e-05,9.13671031e-05,0.00020907341,9.29967756e-05,5.95699609e-05,2.43208594e-05,1.0145409e-05,5.55177399e-07,5.88986813e-07,-4.83452679e-06,-7.4342298e-05,-0.000357964505,7.20392391e-05,3.94120669e-05,6.41536724e-05,3.10283969e-05,2.16522453e-05
0.232,-9.27558805e-08,-7.28468604e-07,-4.26845202e-06,-5.59881715e-05,7.87736967e-05,0.000198290332,8.95317017e-05,5.81196325e-05,2.40832112e-05,1.02149362e-05,5.3530206e-07,5.60025274e-07,-4.5084893e-06,-6.98539467e-05,-0.000335691967,6.63191874e-05,3.67317766e-05,6.11768214e-05,2.99760605e-05,2.11535189e-05
0.233,-7.78016633e-08,-6.89603138e-07,-4.26202248e-06,-5.52410098e-05,6.7575654e-05,0.000188076543,8.61700347e-05,5.66684592e-05,2.38230027e-05,1.02687075e-05,5.15975757e-07,5.32942263e-07,-4.2004765e-06,-6.56355123e-05,-0.00031486863,6.10542419e-05,3.42226315e-05,5.83268531e-05,2.89456045e-05,2.06517489e-05
0.234,-6.41263007e-08,-6.53208154e-07,-4.24544014e-06,-5.44375366e-05,5.76212517e-05,0.000178402869,8.29118515e-05,5.5220478e-05,2.35423902e-05,1.03073137e-05,4.97191469e-07,5.07582646e-07,-3.90960151e-06,-6.16695396e-05,-0.000295399329,5.62070294e-05,3.18742555e-05,5.55997229e-05,2.79380043e-05,2.01484224e-05
0.235,-5.1624048e-08,-6.19079099e-07,-4.2199798e-06,-5.35874955e-05,4.87760042e-05,0.000169241349,7.97567577e-05,5.37792924e-05,2.32434265e-05,1.03313773e-05,4.78940382e-07,4.83804899e-07,-3.63500526e-06,-5.79397659e-05,-0.000277194465,5.1743456e-05,2.96768562e-05,5.2991352e-05,2.69540461e-05,1.96449027e-05
0.236,-4.01980595e-08,-5.87031905e-07,-4.18677893e-06,-5.26994396e-05,4.0920306e-05,0.00016056527,7.67039618e-05,5.23481189e-05,2.29280646e-05,1.0341548e-05,4.61212309e-07,4.61480967e-07,-3.37585654e-06,-5.44311026e-05,-0.000260170026,4.76322655e-05,2.76211668e-05,5.04976328e-05,2.59943382e-05,1.91424314e-05
0.237,-2.97595295e-08,-5.56900684e-07,-4.14685424e-06,-5.17808682e-05,3.39476283e-05,0.000152349141,7.37523362e-05,5.0929817e-05,2.25981571e-05,1.03384952e-05,4.43995888e-07,4.40495071e-07,-3.13135327e-06,-5.112952e-05,-0.00024424735,4.38447703e-05,2.56984217e-05,4.81144523e-05,2.5059328e-05,1.86421339e-05
0.238,-2.02270234e-08,-5.28536007e-07,-4.10111612e-06,-5.08384004e-05,2.77633015e-05,0.000144568643,7.09004632e-05,4.95269025e-05,2.22554508e-05,1.03228961e-05,4.27278736e-07,4.20741773e-07,-2.90072467e-06,-4.80219126e-05,-0.000229352749,4.03547729e-05,2.39003757e-05,4.58377387e-05,2.41493271e-05,1.81450302e-05
0.239,-1.15258437e-08,-5.01802588e-07,-4.05037528e-06,-4.98778252e-05,2.22831063e-05,0.000137200627,6.8146686e-05,4.81415823e-05,2.19015908e-05,1.0295433e-05,4.11047822e-07,4.02125385e-07,-2.6832337e-06,-4.50960669e-05,-0.000215417322,3.71382951e-05,2.22192616e-05,4.36634671e-05,2.32645225e-05,1.76520388e-05
0.24,-3.58741922e-09,-4.76577656e-07,-3.99535455e-06,-4.89042117e-05,1.74320419e-05,0.000130223075,6.54891501e-05,4.67757795e-05,2.15381223e-05,1.02567874e-05,3.95289608e-07,3.84558922e-07,-2.47817721e-06,-4.23406103e-05,-0.000202376731,3.41733737e-05,2.0647768e-05,4.15876739e-05,2.240499e-05,1.71639829e-05
0.241,3.65123491e-09,-4.52749494e-07,-3.93669863e-06,-4.79220009e-05,1.31432528e-05,0.000123615073,6.29258393e-05,4.54311573e-05,2.11664926e-05,1.02076358e-05,3.79990184e-07,3.6796324e-07,-2.28488536e-06,-3.97449503e-05,-0.000190170957,3.14398818e-05,1.91790171e-05,3.96064693e-05,2.15707075e-05,1.66815967e-05
0.242,1.02479937e-08,-4.30216209e-07,-3.87498233e-06,-4.6935081e-05,9.3570928e-06,0.000117356761,6.04546069e-05,4.41091411e-05,2.07880543e-05,1.01486458e-05,3.65135379e-07,3.52266281e-07,-2.10272091e-06,-3.72992193e-05,-0.000178744032,2.89193663e-05,1.78065412e-05,3.77160461e-05,2.0761566e-05,1.62055306e-05
0.243,1.62560485e-08,-4.08884575e-07,-3.81071741e-06,-4.59468504e-05,6.02031726e-06,0.000111429301,5.80732045e-05,4.28109391e-05,2.04040681e-05,1.00804731e-05,3.50710839e-07,3.3740232e-07,-1.93107796e-06,-3.49942208e-05,-0.000168043796,2.65949035e-05,1.65242625e-05,3.59126886e-05,1.9977381e-05,1.57363574e-05
0.244,2.17242927e-08,-3.88668969e-07,-3.74435759e-06,-4.49602492e-05,3.08536857e-06,0.00010581483,5.57793064e-05,4.15375629e-05,2.0015707e-05,1.00037592e-05,3.36702073e-07,3.23311101e-07,-1.76938297e-06,-3.28213927e-05,-0.000158021634,2.44509694e-05,1.53264672e-05,3.41927768e-05,1.92179001e-05,1.52745774e-05
0.245,2.66976265e-08,-3.6949084e-07,-3.67630371e-06,-4.39777543e-05,5.09713178e-07,0.000100496399,5.35705299e-05,4.02898458e-05,1.96240615e-05,9.9191297e-06,3.23094519e-07,3.09936822e-07,-1.61709996e-06,-3.07727675e-05,-0.0001486322,2.24733154e-05,1.42077742e-05,3.25527842e-05,1.84828088e-05,1.48206216e-05
0.246,3.1217177e-08,-3.51278667e-07,-3.60691584e-06,-4.30015218e-05,-1.74473143e-06,9.54579721e-05,5.14444597e-05,3.90684619e-05,1.92301415e-05,9.82719205e-06,3.09873544e-07,2.97227929e-07,-1.47371808e-06,-2.88408761e-05,-0.000139833295,2.06488412e-05,1.31631362e-05,3.09892926e-05,1.77717452e-05,1.437486e-05
0.247,3.53206185e-08,-3.33967042e-07,-3.53652086e-06,-4.20335867e-05,-3.71199589e-06,9.06844154e-05,4.93986683e-05,3.78739356e-05,1.88348752e-05,9.72853103e-06,2.97024382e-07,2.85136955e-07,-1.33873372e-06,-2.70186523e-05,-0.000131585777,1.89655345e-05,1.21878602e-05,2.94990174e-05,1.70843194e-05,1.39376113e-05
0.248,3.90424825e-08,-3.17495372e-07,-3.46540443e-06,-4.10757205e-05,-5.42262226e-06,8.61614077e-05,4.74307237e-05,3.67066622e-05,1.84391189e-05,9.62371148e-06,2.8453238e-07,2.73619871e-07,-1.21166606e-06,-2.52994659e-05,-0.000123853269,1.74123372e-05,1.12775365e-05,2.8078779e-05,1.64201046e-05,1.35091412e-05
0.249,4.24143929e-08,-3.01807751e-07,-3.39381456e-06,-4.01293709e-05,-6.90402054e-06,8.18753739e-05,4.55381945e-05,3.55669178e-05,1.80436618e-05,9.51327755e-06,2.72383072e-07,2.62635205e-07,-1.09206835e-06,-2.36771276e-05,-0.000116601823,1.59790872e-05,1.04280125e-05,2.67254985e-05,1.57786386e-05,1.30896649e-05
0.25,4.54652721e-08,-2.86852706e-07,-3.32196886e-06,-3.91957319e-05,-8.1807501e-06,7.78134671e-05,4.37186602e-05,3.44548701e-05,1.76492273e-05,9.39775137e-06,2.60562234e-07,2.52144334e-07,-9.79520555e-07,-2.21458607e-05,-0.00010979979,1.46564447e-05,9.63539084e-06,2.54362049e-05,1.51594334e-05,1.26793531e-05
0.251,4.8221529e-08,-2.7258281e-07,-3.25005786e-06,-3.82757779e-05,-9.27480608e-06,7.39635485e-05,4.1969725e-05,3.33705926e-05,1.72564775e-05,9.27763299e-06,2.4905596e-07,2.42111522e-07,-8.73625425e-07,-2.0700258e-05,-0.00010341772,1.3435824e-05,8.89601773e-06,2.42080372e-05,1.45619815e-05,1.22783363e-05
0.252,5.07072051e-08,-2.58954444e-07,-3.17824711e-06,-3.73702882e-05,-1.02058879e-05,7.03141768e-05,4.02890342e-05,3.23140798e-05,1.68660195e-05,9.15340149e-06,2.3785067e-07,2.32503548e-07,-7.74006741e-07,-1.93352285e-05,-9.7428274e-05,1.23093363e-05,8.20647154e-06,2.30382481e-05,1.39857629e-05,1.18867105e-05
0.253,5.29442422e-08,-2.45927332e-07,-3.10668077e-06,-3.64798921e-05,-1.09916759e-05,6.68545417e-05,3.86742694e-05,3.12852501e-05,1.64784054e-05,9.02551358e-06,2.26933158e-07,2.23289353e-07,-6.8031015e-07,-1.80460028e-05,-9.18060038e-05,1.12697201e-05,7.56354498e-06,2.19241963e-05,1.34302453e-05,1.15045381e-05
0.254,5.49526565e-08,-2.33464371e-07,-3.03548473e-06,-3.56051038e-05,-1.16480571e-05,6.35744206e-05,3.71231495e-05,3.02839519e-05,1.60941345e-05,8.89440324e-06,2.16290618e-07,2.14439985e-07,-5.92200676e-07,-1.68281187e-05,-8.65271865e-05,1.03102865e-05,6.96423281e-06,2.08633441e-05,1.28948877e-05,1.1131851e-05
0.255,5.67507023e-08,-2.21531232e-07,-2.9647681e-06,-3.47463367e-05,-1.21893265e-05,6.04641518e-05,3.56334355e-05,2.93099727e-05,1.57136572e-05,8.76048232e-06,2.059107e-07,2.05928761e-07,-5.09358766e-07,-1.56774049e-05,-8.15697083e-05,9.42485844e-06,6.40571854e-06,1.98532536e-05,1.23791432e-05,1.0768653e-05
0.256,5.83549872e-08,-2.10096388e-07,-2.89462403e-06,-3.39038684e-05,-1.2628325e-05,5.7514598e-05,3.42029336e-05,2.83630464e-05,1.53373785e-05,8.62414147e-06,1.9578158e-07,1.97730803e-07,-4.31485033e-07,-1.45899558e-05,-7.69129319e-05,8.60773248e-06,5.88535425e-06,1.88915797e-05,1.18824581e-05,1.0414921e-05
0.257,5.97806086e-08,-1.99131375e-07,-2.82513297e-06,-3.30778731e-05,-1.29764429e-05,5.47171138e-05,3.28294985e-05,2.74428533e-05,1.49656581e-05,8.48574743e-06,1.85891886e-07,1.89822035e-07,-3.58304192e-07,-1.35620823e-05,-7.25375811e-05,7.85371854e-06,5.40067212e-06,1.7976085e-05,1.14042812e-05,1.00706122e-05
0.258,6.10413335e-08,-1.88609968e-07,-2.75636288e-06,-3.22684215e-05,-1.32439168e-05,5.20635319e-05,3.1511036e-05,2.65490343e-05,1.45988166e-05,8.34564689e-06,1.76230778e-07,1.82180117e-07,-2.8955934e-07,-1.25903538e-05,-6.84256689e-05,7.15801561e-06,4.94935246e-06,1.71046193e-05,1.09440594e-05,9.73566176e-06
0.259,6.21496978e-08,-1.78508028e-07,-2.68837267e-06,-3.14755412e-05,-1.34399586e-05,4.95461379e-05,3.0245506e-05,2.56811948e-05,1.42371366e-05,8.20416616e-06,1.66787858e-07,1.74784343e-07,-2.25005501e-07,-1.16715576e-05,-6.45604272e-05,6.51618427e-06,4.52922391e-06,1.62751236e-05,1.05012434e-05,9.40998682e-06
0.26,6.31170911e-08,-1.68803398e-07,-2.62121242e-06,-3.06992197e-05,-1.35728464e-05,4.71576407e-05,2.90309238e-05,2.48389096e-05,1.3880866e-05,8.06161157e-06,1.57553149e-07,1.67615323e-07,-1.64410615e-07,-1.08026692e-05,-6.09262068e-05,5.92412816e-06,4.13825368e-06,1.54856278e-05,1.00752883e-05,9.09348873e-06
0.261,6.39538655e-08,-1.59475707e-07,-2.55492403e-06,-2.99394103e-05,-1.3650014e-05,4.48911436e-05,2.7865359e-05,2.40217257e-05,1.35302189e-05,7.91826984e-06,1.4851709e-07,1.60654804e-07,-1.07555975e-07,-9.98084535e-06,-5.75083775e-05,5.37806728e-06,3.77453784e-06,1.47342463e-05,9.6656553e-06,8.78605424e-06
0.262,6.46694535e-08,-1.50506166e-07,-2.48954252e-06,-2.91960397e-05,-1.36781312e-05,4.27401111e-05,2.67469308e-05,2.32291634e-05,1.31853775e-05,7.77440792e-06,1.39670547e-07,1.53885685e-07,-5.42357022e-08,-9.20342835e-06,-5.4293233e-05,4.87451038e-06,3.43629225e-06,1.40191729e-05,9.27181061e-06,8.48755633e-06
0.263,6.52724058e-08,-1.41877557e-07,-2.42509649e-06,-2.84689998e-05,-1.36631763e-05,4.06983634e-05,2.56738149e-05,2.24607241e-05,1.28464955e-05,7.63027464e-06,1.31004806e-07,1.47292049e-07,-4.2552437e-09,-8.46791689e-06,-5.12679642e-05,4.41023664e-06,3.12184676e-06,1.33386815e-05,8.89322879e-06,8.19785702e-06
0.264,6.57704714e-08,-1.33574026e-07,-2.36160843e-06,-2.77581598e-05,-1.36105094e-05,3.87600662e-05,2.46442459e-05,2.17158958e-05,1.25137006e-05,7.48610168e-06,1.22511587e-07,1.40859288e-07,4.25712357e-08,-7.77194447e-06,-4.84206296e-05,3.98227263e-06,2.8296411e-06,1.2691125e-05,8.52939505e-06,7.91680969e-06
0.265,6.61707064e-08,-1.25580753e-07,-2.29909457e-06,-2.70633839e-05,-1.35249219e-05,3.69197115e-05,2.36565167e-05,2.09941542e-05,1.21870965e-05,7.3421038e-06,1.14183015e-07,1.34573979e-07,8.64219665e-08,-7.11327349e-06,-4.57401065e-05,3.58787916e-06,2.55822068e-06,1.20749351e-05,8.179807e-06,7.64426111e-06
0.266,6.64795798e-08,-1.17883859e-07,-2.23756549e-06,-2.63844846e-05,-1.34107078e-05,3.51720893e-05,2.27089749e-05,2.02949666e-05,1.18667653e-05,7.19848054e-06,1.0601161e-07,1.28423455e-07,1.27459942e-07,-6.48982826e-06,-4.32159893e-05,3.22452534e-06,2.30621544e-06,1.14886092e-05,7.84396898e-06,7.38004955e-06
0.267,6.6703018e-08,-1.10470615e-07,-2.17702898e-06,-2.57212078e-05,-1.32717147e-05,3.35122691e-05,2.18000211e-05,1.96177943e-05,1.15527701e-05,7.05541715e-06,9.79902727e-08,1.22395817e-07,1.6583161e-07,-5.89969443e-06,-4.08385198e-05,2.88986915e-06,2.07233324e-06,1.09307061e-05,7.52139182e-06,7.12400542e-06
0.268,6.68464285e-08,-1.03329304e-07,-2.11749083e-06,-2.50732927e-05,-1.31113628e-05,3.19355971e-05,2.09281127e-05,1.8962094e-05,1.12451545e-05,6.91308397e-06,9.01122679e-08,1.16480328e-07,2.01676536e-07,-5.34107148e-06,-3.85985943e-05,2.5817537e-06,1.85537174e-06,1.0399856e-05,7.21160069e-06,6.87595598e-06
0.269,6.69147574e-08,-9.6448906e-08,-2.05895357e-06,-2.44404841e-05,-1.293271e-05,3.04376807e-05,2.00917632e-05,1.83273216e-05,1.0943945e-05,6.77163758e-06,8.23712042e-08,1.10667416e-07,2.35129285e-07,-4.81226113e-06,-3.64877301e-05,2.29818368e-06,1.65420949e-06,9.89475476e-06,6.91413428e-06,6.63572563e-06
0.27,6.69125277e-08,-8.98191172e-08,-2.00141683e-06,-2.38225217e-05,-1.27384956e-05,2.90143697e-05,1.92895403e-05,1.77129332e-05,1.06491528e-05,6.63122169e-06,7.47609981e-08,1.04948314e-07,2.66317075e-07,-4.3116628e-06,-3.44980083e-05,2.03731399e-06,1.46779755e-06,9.41415952e-06,6.62854354e-06,6.4031361e-06
0.271,6.68438747e-08,-8.34303113e-08,-1.94487778e-06,-2.3219138e-05,-1.25311701e-05,2.7661742e-05,1.85200646e-05,1.7118387e-05,1.03607751e-05,6.49196775e-06,6.72758444e-08,9.93149654e-08,2.95359898e-07,-3.83776909e-06,-3.26220288e-05,1.79743845e-06,1.29515464e-06,8.95688565e-06,6.35439173e-06,6.17800715e-06
0.272,6.67125819e-08,-7.727347e-08,-1.88933138e-06,-2.2630058e-05,-1.23129218e-05,2.637609e-05,1.77820078e-05,1.65431443e-05,1.0078796e-05,6.35399556e-06,5.9910196e-08,9.37599697e-08,3.22370964e-07,-3.38916173e-06,-3.08528724e-05,1.57697898e-06,1.13536282e-06,8.52180432e-06,6.09125442e-06,5.96015721e-06
0.273,6.65221071e-08,-7.13401747e-08,-1.8347709e-06,-2.20549951e-05,-1.20856995e-05,2.51539089e-05,1.70740918e-05,1.59866707e-05,9.80318825e-06,6.21741397e-06,5.26587354e-08,8.827644e-08,3.47456218e-07,-2.96450642e-06,-2.91840659e-05,1.37447665e-06,9.87562568e-07,8.1078396e-06,5.83871917e-06,5.7494039e-06
0.274,6.62755919e-08,-6.56226926e-08,-1.78118871e-06,-2.14936502e-05,-1.18512296e-05,2.39918845e-05,1.63950874e-05,1.54484373e-05,9.53391429e-06,6.08232137e-06,4.55163509e-08,8.28578026e-08,3.70713114e-07,-2.56254488e-06,-2.76095475e-05,1.18858723e-06,8.50949705e-07,7.71396682e-06,5.59638569e-06,5.54556477e-06
0.275,6.59758832e-08,-6.01137162e-08,-1.72857565e-06,-2.09457299e-05,-1.16110511e-05,2.28868853e-05,1.57438133e-05,1.4927922e-05,9.27092685e-06,5.94880623e-06,3.84781329e-08,7.74980801e-08,3.9223473e-07,-2.18209027e-06,-2.61236463e-05,1.01806773e-06,7.24775157e-07,7.33921216e-06,5.36386746e-06,5.34845849e-06
0.276,6.56255701e-08,-5.48059862e-08,-1.67691975e-06,-2.04109548e-05,-1.13665673e-05,2.18359507e-05,1.51191341e-05,1.44246112e-05,9.01417063e-06,5.81694849e-06,3.15393495e-08,7.21921834e-08,4.12113706e-07,-1.82202797e-06,-2.47210548e-05,8.61750555e-07,6.0833617e-07,6.98264583e-06,5.14078953e-06,5.1579038e-06
0.277,6.52269655e-08,-4.969268e-08,-1.62620737e-06,-1.98890589e-05,-1.11190197e-05,2.08362794e-05,1.4519959e-05,1.39379992e-05,8.76358254e-06,5.68681909e-06,2.46954032e-08,6.69352377e-08,4.30438618e-07,-1.48128805e-06,-2.33968092e-05,7.18561204e-07,5.00977398e-07,6.64338451e-06,4.92679004e-06,4.97372145e-06
0.278,6.47821357e-08,-4.47674827e-08,-1.57642369e-06,-1.93797651e-05,-1.0869504e-05,1.9885221e-05,1.39452398e-05,1.34675881e-05,8.51909279e-06,5.55848083e-06,1.79418492e-08,6.17224863e-08,4.47290935e-07,-1.15885648e-06,-2.21462542e-05,5.87509166e-07,4.02084543e-07,6.32058651e-06,4.72151819e-06,4.79573348e-06
0.279,6.42929284e-08,-4.00244793e-08,-1.52755282e-06,-1.88827875e-05,-1.06189871e-05,1.89802684e-05,1.33939694e-05,1.30128892e-05,8.28062558e-06,5.4319889e-06,1.12743942e-08,5.65494526e-08,4.62746927e-07,-8.53780464e-07,-2.09650274e-05,4.67678533e-07,3.11082913e-07,6.01345045e-06,4.52463468e-06,4.62376384e-06
0.28,6.3760996e-08,-3.54580905e-08,-1.47957776e-06,-1.83978268e-05,-1.03683218e-05,1.81190509e-05,1.28651806e-05,1.25734232e-05,8.0480998e-06,5.30739132e-06,4.68889029e-09,5.14119748e-08,4.76878647e-07,-5.65168472e-07,-1.98490447e-05,3.58221658e-07,2.27435118e-07,5.72121363e-06,4.33581171e-06,4.45763868e-06
0.281,6.3187793e-08,-3.10631214e-08,-1.43248047e-06,-1.79245523e-05,-1.01182632e-05,1.72993309e-05,1.23579474e-05,1.21487223e-05,7.82143068e-06,5.18473004e-06,-1.81867318e-09,4.63061953e-08,4.89754568e-07,-2.92179325e-07,-1.87944943e-05,2.58354262e-07,1.50638661e-07,5.44315098e-06,4.15473324e-06,4.29718713e-06
0.282,6.25745334e-08,-2.68349895e-08,-1.38624189e-06,-1.74625851e-05,-9.86948603e-06,1.65190101e-05,1.18713898e-05,1.17383359e-05,7.60053333e-06,5.06404306e-06,-8.25219192e-09,4.12283063e-08,5.01438304e-07,-3.40006049e-08,-1.77978393e-05,1.67352693e-07,8.0223382e-08,5.17857531e-06,3.98109585e-06,4.14224265e-06
0.283,6.19222697e-08,-2.27696735e-08,-1.34084384e-06,-1.70115182e-05,-9.62258786e-06,1.57761029e-05,1.14046634e-05,1.1341824e-05,7.38532004e-06,4.94536303e-06,-1.46154799e-08,3.61743149e-08,5.11986417e-07,2.10132675e-07,-1.6855754e-05,8.45448502e-08,1.57460785e-08,4.92683041e-06,3.8146053e-06,3.9926408e-06
0.284,6.12318903e-08,-1.88635715e-08,-1.29626815e-06,-1.65709519e-05,-9.37809506e-06,1.50687271e-05,1.09569573e-05,1.09587566e-05,7.17569965e-06,4.82871699e-06,-2.09122407e-08,3.11404636e-08,5.21453863e-07,4.4095496e-07,-1.59651109e-05,9.30522909e-09,-4.32070772e-08,4.68729186e-06,3.65497811e-06,3.84822007e-06
0.285,6.05041176e-08,-1.51132576e-08,-1.25249444e-06,-1.61405169e-05,-9.13646005e-06,1.43951034e-05,1.05274953e-05,1.05887132e-05,6.9715776e-06,4.71412607e-06,-2.71460119e-08,2.61234496e-08,5.29898096e-07,6.59191222e-07,-1.51229925e-05,-5.89410429e-08,-9.7014678e-08,4.45937189e-06,3.50194537e-06,3.70882428e-06
0.286,5.97395805e-08,-1.15155204e-08,-1.20950202e-06,-1.57198422e-05,-8.8980808e-06,1.37535439e-05,1.01155315e-05,1.02312837e-05,6.77285712e-06,4.6016068e-06,-3.33202174e-08,2.1120057e-08,5.37372561e-07,8.65524437e-07,-1.43266458e-05,-1.20731209e-07,-1.46033009e-07,4.24250893e-06,3.35524659e-06,3.57429947e-06
0.287,5.89388195e-08,-8.06761832e-09,-1.16727193e-06,-1.53085476e-05,-8.66329307e-06,1.31424459e-05,9.72034861e-06,9.88606711e-06,6.57943946e-06,4.49117118e-06,-3.94381937e-08,1.61269666e-08,5.43924734e-07,1.06059302e-06,-1.35734657e-05,-1.76562364e-07,-1.90597655e-07,4.03616655e-06,3.21462925e-06,3.44449403e-06
0.288,5.81023057e-08,-4.7671406e-09,-1.12578666e-06,-1.49062541e-05,-8.43237442e-06,1.25602891e-05,9.34125757e-06,9.55267215e-06,6.39122411e-06,4.38282693e-06,-4.55031679e-08,1.11410225e-08,5.49598749e-07,1.24499831e-06,-1.28609948e-05,-2.26894585e-07,-2.31022635e-07,3.83983384e-06,3.07984979e-06,3.3192594e-06
0.289,5.72304595e-08,-1.611943e-09,-1.0850302e-06,-1.45125949e-05,-8.20555182e-06,1.2005632e-05,8.97759656e-06,9.2307172e-06,6.20810915e-06,4.27657776e-06,-5.15182526e-08,6.15927983e-09,5.54435928e-07,1.41931294e-06,-1.21869169e-05,-2.72153955e-07,-2.67601461e-07,3.65302449e-06,2.95067352e-06,3.19845025e-06
0.29,5.6323661e-08,1.39988178e-09,-1.04498821e-06,-1.41272363e-05,-7.98300849e-06,1.14771069e-05,8.62873009e-06,8.91983039e-06,6.02999159e-06,4.17242373e-06,-5.74864429e-08,1.1790044e-09,5.58474505e-07,1.58408742e-06,-1.15490467e-05,-3.12735e-07,-3.00608281e-07,3.4752757e-06,2.82687447e-06,3.08192455e-06
0.291,5.53822997e-08,4.27035774e-09,-1.00564666e-06,-1.37499171e-05,-7.76488427e-06,1.09734104e-05,8.29404503e-06,8.61964695e-06,5.85676599e-06,4.07036047e-06,-6.34106135e-08,-3.80214565e-09,5.61751581e-07,1.7398401e-06,-1.0945314e-05,-3.49004644e-07,-3.30297484e-07,3.30614712e-06,2.70823528e-06,2.9695433e-06
0.292,5.4406882e-08,7.00204755e-09,-9.66992428e-07,-1.33804662e-05,-7.551263e-06,1.0493283e-05,7.97294033e-06,8.32980167e-06,5.68832036e-06,3.97037685e-06,-6.92935668e-08,-8.78596309e-09,5.64304478e-07,1.88702251e-06,-1.03737277e-05,-3.81306747e-07,-3.56905966e-07,3.14521591e-06,2.59454433e-06,2.86116828e-06
0.293,5.33979008e-08,9.59719733e-09,-9.29015929e-07,-1.30187384e-05,-7.34217931e-06,1.00355267e-05,7.66483696e-06,8.0499373e-06,5.52454175e-06,3.87245825e-06,-7.51380314e-08,-1.37741153e-08,5.66165442e-07,2.02604517e-06,-9.8324061e-06,-4.0995408e-07,-3.80656626e-07,2.99207807e-06,2.48559629e-06,2.75666382e-06
0.294,5.23558075e-08,1.20576417e-08,-8.9171072e-07,-1.26645885e-05,-7.13763357e-06,9.59900901e-06,7.36918038e-06,7.77970734e-06,5.36531807e-06,3.77658783e-06,-8.09466579e-08,-1.87682462e-08,5.67360912e-07,2.15729046e-06,-9.31958496e-06,-4.35230312e-07,-4.01759446e-07,2.8463486e-06,2.38119268e-06,2.65589766e-06
0.295,5.12810303e-08,1.43854024e-08,-8.55069614e-07,-1.23178847e-05,-6.93761503e-06,9.1826601e-06,7.08544046e-06,7.51877668e-06,5.21053829e-06,3.68274691e-06,-8.67219993e-08,-2.37694626e-08,5.67917992e-07,2.28111842e-06,-8.83361934e-06,-4.57400097e-07,-4.20409785e-07,2.70766212e-06,2.28114337e-06,2.5587415e-06
0.296,5.0173962e-08,1.65827612e-08,-8.19083866e-07,-1.19785142e-05,-6.74210683e-06,8.78546973e-06,6.81311093e-06,7.2668215e-06,5.06009262e-06,3.59091506e-06,-9.2466516e-08,-2.87784459e-08,5.67864879e-07,2.39787495e-06,-8.37297741e-06,-4.76709931e-07,-4.36788397e-07,2.57567273e-06,2.18526695e-06,2.46507131e-06
0.297,4.90349453e-08,1.86520895e-08,-7.83744055e-07,-1.16463753e-05,-6.55108485e-06,8.40648259e-06,6.55170803e-06,7.02352881e-06,4.91387267e-06,3.50107033e-06,-9.81826038e-08,-3.37957351e-08,5.67228546e-07,2.50789177e-06,-7.9362265e-06,-4.9338815e-07,-4.51063816e-07,2.45005201e-06,2.09338947e-06,2.37476686e-06
0.298,4.78642676e-08,2.05958206e-08,-7.49040082e-07,-1.13213705e-05,-6.36451763e-06,8.04479503e-06,6.30076944e-06,6.78859613e-06,4.77177162e-06,3.41318938e-06,-1.03872599e-07,-3.88217606e-08,5.66034612e-07,2.61148416e-06,-7.52202513e-06,-5.07646101e-07,-4.63393236e-07,2.33048805e-06,2.00534416e-06,2.2877116e-06
0.299,4.66621649e-08,2.24164592e-08,-7.14960892e-07,-1.10033991e-05,-6.18236739e-06,7.69955216e-06,6.05985329e-06,6.5617312e-06,4.63368425e-06,3.32724768e-06,-1.09538779e-07,-4.38568457e-08,5.64307633e-07,2.70894838e-06,-7.12911743e-06,-5.19679478e-07,-4.73923181e-07,2.21668468e-06,1.92097116e-06,2.20379264e-06
0.3,4.54288276e-08,2.41166139e-08,-6.81493956e-07,-1.06923446e-05,-6.0045912e-06,7.3699453e-06,5.82853741e-06,6.3426517e-06,4.49950698e-06,3.24321958e-06,-1.15183361e-07,-4.89011794e-08,5.62072084e-07,2.80056144e-06,-6.75633004e-06,-5.29669346e-07,-4.8278988e-07,2.10836096e-06,1.84011752e-06,2.12290082e-06
0.301,4.41643825e-08,2.56988509e-08,-6.48625409e-07,-1.03880471e-05,-5.83114684e-06,7.05521363e-06,5.6064206e-06,6.13108698e-06,4.36913927e-06,3.16107925e-06,-1.2080849e-07,-5.39548908e-08,5.59352349e-07,2.8865875e-06,-6.40257412e-06,-5.37782519e-07,-4.90120666e-07,2.00525082e-06,1.76263714e-06,2.04493105e-06
0.302,4.28688702e-08,2.71653504e-08,-6.16341265e-07,-1.00902716e-05,-5.6620108e-06,6.75465235e-06,5.39312779e-06,5.92678351e-06,4.24248724e-06,3.0808033e-06,-1.26416229e-07,-5.90181795e-08,5.56169904e-07,2.96728788e-06,-6.06684938e-06,-5.44175178e-07,-4.96036644e-07,1.90710245e-06,1.68839077e-06,1.96978289e-06
0.303,4.15423307e-08,2.85181167e-08,-5.84628637e-07,-9.79874463e-06,-5.49715771e-06,6.46759624e-06,5.18830164e-06,5.72949752e-06,4.11945936e-06,3.00236798e-06,-1.32008576e-07,-6.40913764e-08,5.52543453e-07,3.04290588e-06,-5.74821606e-06,-5.48992313e-07,-5.00650451e-07,1.81367727e-06,1.61724545e-06,1.89735957e-06
0.304,4.01848322e-08,2.9759113e-08,-5.53475393e-07,-9.5131839e-06,-5.33655246e-06,6.19341259e-06,4.99159936e-06,5.53899262e-06,3.99996515e-06,2.92574842e-06,-1.37587491e-07,-6.91748263e-08,5.48490719e-07,3.11366153e-06,-5.44578403e-06,-5.52368645e-07,-5.04066654e-07,1.72474857e-06,1.54907375e-06,1.82756732e-06
0.305,3.87964787e-08,3.08902442e-08,-5.22870285e-07,-9.23330739e-06,-5.18015016e-06,5.93149922e-06,4.80269188e-06,5.35503962e-06,3.88391533e-06,2.85091882e-06,-1.43154894e-07,-7.4268873e-08,5.44028689e-07,3.17975351e-06,-5.15870958e-06,-5.54429209e-07,-5.0638273e-07,1.64010047e-06,1.48375329e-06,1.76031519e-06
0.306,3.73774162e-08,3.19133527e-08,-4.92803047e-07,-8.95883555e-06,-5.02789702e-06,5.68128288e-06,4.62126331e-06,5.17741633e-06,3.77122185e-06,2.77785255e-06,-1.48712671e-07,-7.93738558e-08,5.39173767e-07,3.24136174e-06,-4.88619341e-06,-5.55289941e-07,-5.07689579e-07,1.55952741e-06,1.42116651e-06,1.69551495e-06
0.307,3.59278344e-08,3.28301961e-08,-4.63264653e-07,-8.6894901e-06,-4.87973052e-06,5.44221792e-06,4.44701047e-06,5.0059074e-06,3.66179797e-06,2.70652226e-06,-1.54262681e-07,-8.44901508e-08,5.33941739e-07,3.29864974e-06,-4.6274782e-06,-5.55058208e-07,-5.08072081e-07,1.48283356e-06,1.36120038e-06,1.63308099e-06
0.308,3.44479642e-08,3.36422774e-08,-4.34248942e-07,-8.42499044e-06,-4.73557772e-06,5.21378474e-06,4.27964213e-06,4.84030404e-06,3.55555833e-06,2.63689999e-06,-1.59806783e-07,-8.96183524e-08,5.28346144e-07,3.35176649e-06,-4.38184313e-06,-5.53832524e-07,-5.0761033e-07,1.40983163e-06,1.30374567e-06,1.57293001e-06
0.309,3.29380781e-08,3.43509386e-08,-4.05751923e-07,-8.16505972e-06,-4.59536046e-06,4.99548875e-06,4.11887907e-06,4.68040415e-06,3.45241907e-06,2.56895728e-06,-1.65346789e-07,-9.47590857e-08,5.22399338e-07,3.40085386e-06,-4.14860334e-06,-5.51703594e-07,-5.06378652e-07,1.34034346e-06,1.24869759e-06,1.51498137e-06
0.31,3.13985023e-08,3.49578176e-08,-3.77767536e-07,-7.90944725e-06,-4.45900423e-06,4.78685942e-06,3.96445413e-06,4.52601263e-06,3.35229795e-06,2.50266534e-06,-1.7088441e-07,-9.99126741e-08,5.16116643e-07,3.44605907e-06,-3.92711418e-06,-5.48757322e-07,-5.04444257e-07,1.27420088e-06,1.19595697e-06,1.45915758e-06
0.311,2.98296208e-08,3.54647526e-08,-3.50288154e-07,-7.65794138e-06,-4.32643116e-06,4.5874469e-06,3.81611036e-06,4.37694003e-06,3.25511377e-06,2.43799474e-06,-1.7642131e-07,-1.05079524e-07,5.09514405e-07,3.48753719e-06,-3.71676442e-06,-5.45073738e-07,-5.0186911e-07,1.21124406e-06,1.14542888e-06,1.40538366e-06
0.312,2.82318968e-08,3.58735306e-08,-3.23307916e-07,-7.4103628e-06,-4.19754803e-06,4.39681697e-06,3.6735976e-06,4.23299978e-06,3.16078495e-06,2.37491451e-06,-1.81959203e-07,-1.10260445e-07,5.02607036e-07,3.52544022e-06,-3.51696365e-06,-5.4072542e-07,-4.98711599e-07,1.15131912e-06,1.09702082e-06,1.35358597e-06
0.313,2.66058521e-08,3.61858352e-08,-2.96822274e-07,-7.16654484e-06,-4.07225519e-06,4.21455559e-06,3.53667519e-06,4.09401076e-06,3.06923123e-06,2.31339331e-06,-1.87499781e-07,-1.15456377e-07,4.95408082e-07,3.55992126e-06,-3.32715149e-06,-5.35778248e-07,-4.95026236e-07,1.09427917e-06,1.05064362e-06,1.30369302e-06
0.314,2.49520797e-08,3.64033284e-08,-2.70827231e-07,-6.9263253e-06,-3.95045239e-06,4.04026972e-06,3.40511269e-06,3.95979814e-06,2.98037416e-06,2.25339987e-06,-1.93044679e-07,-1.20668332e-07,4.87930771e-07,3.59113855e-06,-3.14679989e-06,-5.30292643e-07,-4.90863594e-07,1.03998455e-06,1.00621184e-06,1.25563577e-06
0.315,2.32712569e-08,3.65276674e-08,-2.45319363e-07,-6.68954484e-06,-3.83203986e-06,3.87358613e-06,3.27868942e-06,3.83019313e-06,2.89413714e-06,2.19490302e-06,-1.9859548e-07,-1.25897452e-07,4.80187784e-07,3.61925777e-06,-2.97541072e-06,-5.24324092e-07,-4.8627059e-07,9.88302439e-07,9.63643588e-07,1.20934757e-06
0.316,2.1564161e-08,3.6560525e-08,-2.2029585e-07,-6.45604827e-06,-3.71691858e-06,3.71415031e-06,3.15719401e-06,3.70503281e-06,2.81044535e-06,2.13787174e-06,-2.04153714e-07,-1.31145042e-07,4.72191155e-07,3.64445413e-06,-2.81251322e-06,-5.17923609e-07,-4.81290831e-07,9.39106438e-07,9.22860342e-07,1.16476401e-06
0.317,1.98317428e-08,3.6503688e-08,-1.95754047e-07,-6.22568767e-06,-3.60499148e-06,3.56162474e-06,3.04042344e-06,3.58415972e-06,2.7292258e-06,2.08227534e-06,-2.09720878e-07,-1.36412645e-07,4.6395236e-07,3.66691496e-06,-2.6576615e-06,-5.11138704e-07,-4.7596547e-07,8.922757e-07,8.83786461e-07,1.12182275e-06
0.318,1.80750049e-08,3.63589585e-08,-1.71691789e-07,-5.99832513e-06,-3.49616213e-06,3.41568907e-06,2.92818361e-06,3.46742196e-06,2.65040731e-06,2.02808329e-06,-2.15298359e-07,-1.4170192e-07,4.55482098e-07,3.68684206e-06,-2.5104367e-06,-5.04011667e-07,-4.70331961e-07,8.47696093e-07,8.4635002e-07,1.080464e-06
0.319,1.62949434e-08,3.61281889e-08,-1.48108241e-07,-5.77383286e-06,-3.39033619e-06,3.27603938e-06,2.82028917e-06,3.35467324e-06,2.57392048e-06,1.97526522e-06,-2.20887532e-07,-1.47014595e-07,4.46789752e-07,3.70444325e-06,-2.37044173e-06,-4.9658136e-07,-4.64424731e-07,8.05259285e-07,8.10482228e-07,1.04063009e-06
0.32,1.44926119e-08,3.58133741e-08,-1.250038e-07,-5.55209937e-06,-3.28742135e-06,3.14238682e-06,2.71656284e-06,3.24577262e-06,2.49969767e-06,1.92379099e-06,-2.26489756e-07,-1.52352503e-07,4.37883472e-07,3.7199288e-06,-2.23729891e-06,-4.88883876e-07,-4.58275768e-07,7.64862099e-07,7.76117068e-07,1.00226521e-06
0.321,1.26691354e-08,3.54167146e-08,-1.02379733e-07,-5.33303814e-06,-3.18732637e-06,3.01445638e-06,2.61683488e-06,3.14058405e-06,2.42767285e-06,1.87363063e-06,-2.32106354e-07,-1.57717556e-07,4.28770321e-07,3.73351076e-06,-2.11064943e-06,-4.80952336e-07,-4.51914626e-07,7.26406418e-07,7.43191291e-07,9.65315487e-07
0.322,1.08257144e-08,3.49406944e-08,-8.02379289e-08,-5.11659396e-06,-3.0899603e-06,2.89198539e-06,2.52094223e-06,3.0389758e-06,2.35778125e-06,1.82475416e-06,-2.37738624e-07,-1.63111729e-07,4.19456394e-07,3.74540021e-06,-1.99015162e-06,-4.72817081e-07,-4.45368537e-07,6.89798808e-07,7.11644201e-07,9.29728799e-07
0.323,8.96362052e-09,3.43881352e-08,-5.85802459e-08,-4.90274371e-06,-2.99523543e-06,2.77472375e-06,2.42872886e-06,2.94082085e-06,2.28995977e-06,1.77713191e-06,-2.43387802e-07,-1.6853696e-07,4.09947054e-07,3.75580587e-06,-1.8754817e-06,-4.64506004e-07,-4.38662475e-07,6.54950564e-07,6.81417781e-07,8.95454903e-07
0.324,7.08419545e-09,3.37623182e-08,-3.74072408e-08,-4.69149638e-06,-2.90307038e-06,2.66243362e-06,2.34004572e-06,2.845997e-06,2.22414705e-06,1.73073459e-06,-2.49055034e-07,-1.73995018e-07,4.00247731e-07,3.76493147e-06,-1.76633427e-06,-4.5604533e-07,-4.31818892e-07,6.21777863e-07,6.52456953e-07,8.62445584e-07
0.325,5.18884274e-09,3.30668127e-08,-1.67203758e-08,-4.48288624e-06,-2.81338703e-06,2.55488885e-06,2.25475017e-06,2.75438649e-06,2.16028336e-06,1.68553334e-06,-2.54741441e-07,-1.79487703e-07,3.9036226e-07,3.7729693e-06,-1.6624197e-06,-4.47459407e-07,-4.24858683e-07,5.90200832e-07,6.2470883e-07,8.30654264e-07
0.326,3.27898086e-09,3.23051909e-08,3.47563273e-09,-4.27696767e-06,-2.72610478e-06,2.45187444e-06,2.17270527e-06,2.66587546e-06,2.09831055e-06,1.64149968e-06,-2.60448128e-07,-1.85016991e-07,3.80291185e-07,3.78009547e-06,-1.56346275e-06,-4.38769247e-07,-4.17802073e-07,5.60142826e-07,5.98122037e-07,8.00035767e-07
0.327,1.35604486e-09,3.1481314e-08,2.3176214e-08,-4.07382026e-06,-2.64114528e-06,2.35318561e-06,2.09377952e-06,2.58035398e-06,2.03817202e-06,1.5986056e-06,-2.6617616e-07,-1.9058474e-07,3.7003416e-07,3.78646746e-06,-1.46920342e-06,-4.29994222e-07,-4.10668122e-07,5.31530615e-07,5.72647127e-07,7.70546443e-07
0.328,-5.78525902e-10,3.05995019e-08,4.23792593e-08,-3.8735525e-06,-2.55843686e-06,2.25862721e-06,2.01784702e-06,2.49771616e-06,1.97981284e-06,1.55682367e-06,-2.71926491e-07,-1.96192511e-07,3.59591149e-07,3.79222287e-06,-1.37939776e-06,-4.21152885e-07,-4.03473954e-07,5.04294939e-07,5.4823716e-07,7.42144442e-07
0.329,-2.52331458e-09,2.96643875e-08,6.10843051e-08,-3.67629647e-06,-2.47791319e-06,2.16801332e-06,1.94478721e-06,2.41785996e-06,1.92317966e-06,1.51612701e-06,-2.77699995e-07,-2.01841701e-07,3.4896147e-07,3.79747567e-06,-1.29381585e-06,-4.1226265e-07,-3.96235241e-07,4.78370025e-07,5.24847322e-07,7.14789524e-07
0.33,-4.47695353e-09,2.86807973e-08,7.9292176e-08,-3.48219845e-06,-2.39951223e-06,2.08116688e-06,1.87448455e-06,2.34068701e-06,1.86822068e-06,1.47648925e-06,-2.83497475e-07,-2.07533545e-07,3.38143716e-07,3.80231159e-06,-1.2122408e-06,-4.03339721e-07,-3.88966451e-07,4.53693274e-07,5.02434698e-07,6.88442929e-07
0.331,-6.43814607e-09,2.7653632e-08,9.70047529e-08,-3.29140773e-06,-2.32317688e-06,1.99791991e-06,1.80682873e-06,2.26610282e-06,1.81488588e-06,1.43788473e-06,-2.89319641e-07,-2.1326907e-07,3.27135802e-07,3.80678463e-06,-1.1344687e-06,-3.94399189e-07,-3.81681058e-07,4.3020512e-07,4.8095821e-07,6.63067384e-07
0.332,-8.40568018e-09,2.65877521e-08,1.14225118e-07,-3.10406782e-06,-2.24885706e-06,1.91811468e-06,1.74171542e-06,2.19401766e-06,1.76312765e-06,1.40028901e-06,-2.95167033e-07,-2.19048987e-07,3.15934845e-07,3.8109159e-06,-1.06030959e-06,-3.85455297e-07,-3.7439185e-07,4.07849046e-07,4.60378692e-07,6.38627267e-07
0.333,-1.03784355e-08,2.5487983e-08,1.30958314e-07,-2.92031592e-06,-2.17650639e-06,1.84160136e-06,1.67904489e-06,2.12434525e-06,1.71289992e-06,1.36367822e-06,-3.01040082e-07,-2.24873717e-07,3.04537841e-07,3.81468997e-06,-9.89584735e-07,-3.76521488e-07,-3.6711061e-07,3.86571339e-07,4.40658725e-07,6.15088339e-07
0.334,-1.23553891e-08,2.43590401e-08,1.47210778e-07,-2.74027683e-06,-2.106081e-06,1.76823733e-06,1.61872174e-06,2.05700238e-06,1.66415784e-06,1.32802892e-06,-3.06939134e-07,-2.30743366e-07,2.92942025e-07,3.81805124e-06,-9.22125249e-07,-3.67610312e-07,-3.59847835e-07,3.66321067e-07,4.21762625e-07,5.92417672e-07
0.335,-1.43356176e-08,2.32054078e-08,1.62989296e-07,-2.56405496e-06,-2.03753812e-06,1.69788689e-06,1.5606546e-06,1.99190872e-06,1.61685776e-06,1.293318e-06,-3.12864512e-07,-2.36657781e-07,2.81144969e-07,3.82090335e-06,-8.57771098e-07,-3.58733393e-07,-3.52613026e-07,3.47049738e-07,4.03656176e-07,5.7058349e-07
0.336,-1.63183048e-08,2.20312613e-08,1.78301002e-07,-2.39172926e-06,-1.97083492e-06,1.63042102e-06,1.50475597e-06,1.92898675e-06,1.57095714e-06,1.25952272e-06,-3.18816526e-07,-2.42616556e-07,2.69145043e-07,3.82311357e-06,-7.96371143e-07,-3.49901376e-07,-3.45414842e-07,3.28711129e-07,3.86306518e-07,5.49555113e-07
0.337,-1.83027418e-08,2.0840423e-08,1.93153418e-07,-2.22334964e-06,-1.90592857e-06,1.56571704e-06,1.45094203e-06,1.86816162e-06,1.52641458e-06,1.22662073e-06,-3.24795488e-07,-2.48619051e-07,2.56941813e-07,3.82451947e-06,-7.37783068e-07,-3.4112399e-07,-3.38261089e-07,3.11261223e-07,3.69682146e-07,5.29302952e-07
0.338,-2.02883279e-08,1.96363033e-08,2.07553957e-07,-2.05893492e-06,-1.84277566e-06,1.50365833e-06,1.39913245e-06,1.80936108e-06,1.48318979e-06,1.19459004e-06,-3.30801743e-07,-2.54664488e-07,2.44536184e-07,3.82493669e-06,-6.81873052e-07,-3.32410048e-07,-3.31158846e-07,2.94658041e-07,3.53752798e-07,5.09798446e-07
0.339,-2.22745675e-08,1.84218198e-08,2.21508418e-07,-1.89847269e-06,-1.78133059e-06,1.44413409e-06,1.34925014e-06,1.7525153e-06,1.44124353e-06,1.16340905e-06,-3.36835738e-07,-2.60752101e-07,2.31930267e-07,3.82416683e-06,-6.28515046e-07,-3.23767246e-07,-3.24114832e-07,2.78861256e-07,3.38489136e-07,4.91013898e-07
0.34,-2.42610533e-08,1.71994739e-08,2.3502172e-07,-1.74192694e-06,-1.72154796e-06,1.38703894e-06,1.30122135e-06,1.69755697e-06,1.40053771e-06,1.13305656e-06,-3.42897973e-07,-2.6688105e-07,2.19127845e-07,3.82200867e-06,-5.77589905e-07,-3.15202351e-07,-3.17134904e-07,2.63832534e-07,3.23863115e-07,4.72922632e-07
0.341,-2.62474483e-08,1.5971531e-08,2.48101108e-07,-1.58925222e-06,-1.66338559e-06,1.33227203e-06,1.25497545e-06,1.64442127e-06,1.36103529e-06,1.1035117e-06,-3.48988913e-07,-2.73050323e-07,2.06134737e-07,3.81827402e-06,-5.28984834e-07,-3.06721628e-07,-3.10223379e-07,2.49536047e-07,3.09848523e-07,4.55499221e-07
0.342,-2.82334874e-08,1.47399756e-08,2.60755067e-07,-1.44039753e-06,-1.60679998e-06,1.27973597e-06,1.21044401e-06,1.59304493e-06,1.32269978e-06,1.07475351e-06,-3.55109183e-07,-2.79259185e-07,1.92957661e-07,3.81279768e-06,-4.82592192e-07,-2.98330424e-07,-3.03383753e-07,2.35937649e-07,2.96420245e-07,4.38719013e-07
0.343,-3.02189686e-08,1.35064309e-08,2.72990739e-07,-1.2952999e-06,-1.55174571e-06,1.22933783e-06,1.16756111e-06,1.54336675e-06,1.28549566e-06,1.04676128e-06,-3.61259597e-07,-2.85507277e-07,1.79603594e-07,3.80543958e-06,-4.3831012e-07,-2.90032902e-07,-2.96619356e-07,2.23004466e-07,2.8355388e-07,4.22558032e-07
0.344,-3.22037361e-08,1.22722393e-08,2.84814293e-07,-1.15388467e-06,-1.49817752e-06,1.18098919e-06,1.12626351e-06,1.49532772e-06,1.24938849e-06,1.0195147e-06,-3.67441092e-07,-2.91794489e-07,1.66080175e-07,3.79608594e-06,-3.9604266e-07,-2.81832333e-07,-2.89933134e-07,2.10705107e-07,2.71225967e-07,4.06993116e-07
0.345,-3.41876622e-08,1.10385403e-08,2.96231394e-07,-1.01606993e-06,-1.44605125e-06,1.13460584e-06,1.08649058e-06,1.44887105e-06,1.21434492e-06,9.92993828e-07,-3.73654707e-07,-2.98120966e-07,1.52395603e-07,3.78465085e-06,-3.55699069e-07,-2.73731242e-07,-2.8332754e-07,1.99009708e-07,2.59414071e-07,3.92001956e-07
0.346,-3.61706327e-08,9.80633705e-09,3.0724785e-07,-8.81771469e-07,-1.39532474e-06,1.09010737e-06,1.04818425e-06,1.40394212e-06,1.18033266e-06,9.67179171e-07,-3.79901553e-07,-3.04487092e-07,1.38558346e-07,3.77107715e-06,-3.17193019e-07,-2.65731528e-07,-2.76804417e-07,1.87890004e-07,2.48096863e-07,3.77563132e-07
0.347,-3.81525362e-08,8.57653596e-09,3.17869645e-07,-7.50904637e-07,-1.34595752e-06,1.04741699e-06,1.01128879e-06,1.36048831e-06,1.14732042e-06,9.42051626e-07,-3.86182825e-07,-3.10893555e-07,1.24576793e-07,3.75533465e-06,-2.80442409e-07,-2.57834555e-07,-2.70365175e-07,1.77319141e-07,2.37253987e-07,3.63656041e-07
0.348,-4.01332661e-08,7.34993515e-09,3.28101208e-07,-6.23381986e-07,-1.29790856e-06,1.00646132e-06,9.75750508e-07,1.31845876e-06,1.11527779e-06,9.1759257e-07,-3.92499868e-07,-3.17341488e-07,1.1045923e-07,3.73741376e-06,-2.45369816e-07,-2.50040976e-07,-2.64011258e-07,1.67271225e-07,2.26865635e-07,3.5026073e-07
0.349,-4.21127083e-08,6.12726393e-09,3.37945271e-07,-4.99114902e-07,-1.25113689e-06,9.67170047e-07,9.41517629e-07,1.27780421e-06,1.08417523e-06,8.93784007e-07,-3.98854135e-07,-3.23832411e-07,9.6214252e-08,3.71731912e-06,-2.11902081e-07,-2.42350806e-07,-2.57744058e-07,1.57721316e-07,2.16912587e-07,3.37357954e-07
0.35,-4.40907253e-08,4.90923034e-09,3.47404411e-07,-3.78020723e-07,-1.20560361e-06,9.2947559e-07,9.08540277e-07,1.23847706e-06,1.05398408e-06,8.70608644e-07,-4.05247081e-07,-3.30368086e-07,8.18507686e-08,3.69506718e-06,-1.79969377e-07,-2.34763663e-07,-2.51564565e-07,1.48645694e-07,2.07376498e-07,3.24929324e-07
0.351,-4.60671572e-08,3.69651373e-09,3.5648119e-07,-2.60027158e-07,-1.16127181e-06,8.93312956e-07,8.76770454e-07,1.20043133e-06,1.02467656e-06,8.48049862e-07,-4.1168015e-07,-3.36950547e-07,6.73776056e-08,3.67068467e-06,-1.49504827e-07,-2.27278806e-07,-2.4547346e-07,1.40021785e-07,1.9823985e-07,3.12957252e-07
0.352,-4.80418229e-08,2.48975666e-09,3.65177753e-07,-1.45073288e-07,-1.11810607e-06,8.58619786e-07,8.46161995e-07,1.16362267e-06,9.96225796e-07,8.26091697e-07,-4.18154777e-07,-3.43582108e-07,5.28033387e-08,3.64420542e-06,-1.20444391e-07,-2.1989515e-07,-2.39471255e-07,1.31828027e-07,1.8948583e-07,3.01424881e-07
0.353,-5.00145228e-08,1.28956153e-09,3.73496237e-07,-3.31103214e-08,-1.0760727e-06,8.2533614e-07,8.16670467e-07,1.12800824e-06,9.68605728e-07,8.04718779e-07,-4.24672373e-07,-3.5026532e-07,3.81361781e-08,3.615667e-06,-9.27263626e-08,-2.12611304e-07,-2.33558207e-07,1.24043898e-07,1.81098373e-07,2.90316063e-07
0.354,-5.19850328e-08,9.65041024e-11,3.81438935e-07,7.58998571e-08,-1.03513974e-06,7.93404362e-07,7.88253056e-07,1.09354661e-06,9.41791073e-07,7.83916272e-07,-4.31234364e-07,-3.57003039e-07,2.33838631e-08,3.58510696e-06,-6.62910135e-08,-2.05425707e-07,-2.27734382e-07,1.16649804e-07,1.73062072e-07,2.79615281e-07
0.355,-5.39531425e-08,-1.08887835e-09,3.89007297e-07,1.81988913e-07,-9.95275649e-07,7.62769329e-07,7.6086859e-07,1.06019777e-06,9.15757284e-07,7.63669729e-07,-4.37842215e-07,-3.6379839e-07,8.55416259e-09,3.55255782e-06,-4.10818772e-08,-1.98336529e-07,-2.21999813e-07,1.09626988e-07,1.65362061e-07,2.69307559e-07
0.356,-5.59186734e-08,-2.2660534e-09,3.96202001e-07,2.85182597e-07,-9.56449069e-07,7.33378642e-07,7.34477659e-07,1.02792321e-06,8.90480553e-07,7.43964885e-07,-4.44497431e-07,-3.70654616e-07,-6.34457911e-09,3.51804304e-06,-1.7046396e-08,-1.91341797e-07,-2.16354448e-07,1.0295759e-07,1.57984044e-07,2.59378413e-07
0.357,-5.78814543e-08,-3.43445846e-09,4.03024207e-07,3.85496539e-07,-9.18630033e-07,7.0518239e-07,7.09042651e-07,9.96686002e-07,8.65937827e-07,7.24787595e-07,-4.5120161e-07,-3.77575064e-07,-2.13036792e-08,3.48157656e-06,5.86531356e-09,-1.84439714e-07,-2.10798005e-07,9.66247098e-08,1.50914408e-07,2.49813826e-07
0.358,-5.98413434e-08,-4.59355979e-09,4.09475621e-07,4.82933921e-07,-8.81790232e-07,6.78133038e-07,6.84527718e-07,9.66450726e-07,8.42106804e-07,7.06123858e-07,-4.57956389e-07,-3.84563144e-07,-3.63143727e-08,3.44316349e-06,2.77009118e-08,-1.7762855e-07,-2.05329922e-07,9.06124347e-08,1.44140261e-07,2.40600299e-07
0.359,-6.17982397e-08,-5.74286923e-09,4.15558271e-07,5.77485627e-07,-8.45902656e-07,6.52185331e-07,6.60898658e-07,9.37183415e-07,8.18965891e-07,6.87959835e-07,-4.64763474e-07,-3.91622376e-07,-5.13677063e-08,3.40280023e-06,4.85056691e-08,-1.70906638e-07,-1.99949482e-07,8.49057021e-08,1.37649315e-07,2.31724791e-07
0.36,-6.37520922e-08,-6.88194554e-09,4.21274314e-07,6.6913073e-07,-8.10941241e-07,6.27296219e-07,6.38122815e-07,9.08851434e-07,7.96494175e-07,6.70281854e-07,-4.71624676e-07,-3.9875642e-07,-6.64541145e-08,3.36047432e-06,6.8321975e-08,-1.64272415e-07,-1.94655935e-07,7.9490162e-08,1.31429773e-07,2.23174677e-07
0.361,-6.57028972e-08,-8.01042063e-09,4.26625941e-07,7.57834797e-07,-7.76880977e-07,6.03424813e-07,6.16169044e-07,8.8142349e-07,7.74671449e-07,6.53076477e-07,-4.78541924e-07,-4.05969056e-07,-8.15631833e-08,3.31616605e-06,8.71893917e-08,-1.57724495e-07,-1.89448561e-07,7.43521028e-08,1.25470282e-07,2.14937723e-07
0.362,-6.76507039e-08,-9.12817887e-09,4.31615717e-07,8.4354484e-07,-7.43699397e-07,5.80532402e-07,5.95007885e-07,8.54869827e-07,7.5347839e-07,6.36330704e-07,-4.85516996e-07,-4.13263846e-07,-9.6684418e-08,3.26985317e-06,1.0514622e-07,-1.51261518e-07,-1.8432641e-07,6.94787129e-08,1.19760204e-07,2.07002291e-07
0.363,-6.9595633e-08,-1.02354488e-08,4.36246824e-07,9.26187795e-07,-7.11376223e-07,5.58581945e-07,5.74611186e-07,8.29161859e-07,7.32896358e-07,6.20031948e-07,-4.92551525e-07,-4.20644257e-07,-1.11807847e-07,3.22151599e-06,1.22230296e-07,-1.44882022e-07,-1.79288284e-07,6.485798e-08,1.1428955e-07,1.99357303e-07
0.364,-7.15378667e-08,-1.13326916e-08,4.4052278e-07,1.00567536e-06,-6.79892198e-07,5.37537876e-07,5.54951797e-07,8.04271899e-07,7.12907248e-07,6.04168012e-07,-4.99647213e-07,-4.2811398e-07,-1.26923458e-07,3.17113908e-06,1.38477868e-07,-1.38584584e-07,-1.7433308e-07,6.04783043e-08,1.09048628e-07,1.9199205e-07
0.365,-7.34776622e-08,-1.24206071e-08,4.44447448e-07,1.08190754e-06,-6.49228999e-07,5.17366088e-07,5.36003533e-07,7.80173115e-07,6.93493475e-07,5.88727066e-07,-5.06805796e-07,-4.35676832e-07,-1.42020766e-07,3.118712e-06,1.53923143e-07,-1.32367821e-07,-1.69459771e-07,5.6328512e-08,1.04028046e-07,1.84896189e-07
0.366,-7.54153568e-08,-1.35001827e-08,4.48025297e-07,1.15477322e-06,-6.19369524e-07,4.98033863e-07,5.17741175e-07,7.56839538e-07,6.74637964e-07,5.73697644e-07,-5.14029e-07,-4.4333665e-07,-1.57088863e-07,3.06423197e-06,1.68598606e-07,-1.26230418e-07,-1.64667331e-07,5.23979155e-08,9.92187775e-08,1.7805977e-07
0.367,-7.73513758e-08,-1.45726733e-08,4.51261324e-07,1.22415077e-06,-5.90297693e-07,4.79509839e-07,5.00140422e-07,7.34246016e-07,6.56324131e-07,5.59068619e-07,-5.21318569e-07,-4.51097302e-07,-1.72116057e-07,3.00770727e-06,1.82534524e-07,-1.20171208e-07,-1.59954802e-07,4.86762425e-08,9.46120995e-08,1.71473191e-07
0.368,-7.9286247e-08,-1.56396594e-08,4.54160941e-07,1.28990635e-06,-5.61998323e-07,4.6176397e-07,4.8317789e-07,7.12368217e-07,6.38535885e-07,5.44829196e-07,-5.2867619e-07,-4.58962554e-07,-1.87089959e-07,2.94916172e-06,1.95758987e-07,-1.14189173e-07,-1.55321257e-07,4.51536744e-08,9.01996327e-08,1.65127221e-07
0.369,-8.12205736e-08,-1.67031619e-08,4.56730278e-07,1.3518899e-06,-5.34457366e-07,4.44767395e-07,4.66831112e-07,6.91182655e-07,6.21257633e-07,5.30968911e-07,-5.36103487e-07,-4.66936055e-07,-2.01998665e-07,2.88863999e-06,2.08299905e-07,-1.08283398e-07,-1.5076567e-07,4.18209002e-08,8.5973418e-08,1.59013004e-07
0.37,-8.31550453e-08,-1.77656372e-08,4.58976158e-07,1.40993604e-06,-5.07661892e-07,4.28492415e-07,4.51078545e-07,6.70666685e-07,6.04474268e-07,5.17477605e-07,-5.43602019e-07,-4.75021314e-07,-2.16830926e-07,2.82621079e-06,2.20185621e-07,-1.02452995e-07,-1.46286933e-07,3.86691116e-08,8.19259011e-08,1.53122051e-07
0.371,-8.50904678e-08,-1.88298395e-08,4.60906213e-07,1.46386994e-06,-4.81599647e-07,4.12912431e-07,4.35899446e-07,6.5079836e-07,5.8817107e-07,5.04345344e-07,-5.51173337e-07,-4.83221761e-07,-2.31575348e-07,2.76196705e-06,2.31443486e-07,-9.66971623e-08,-1.41883979e-07,3.56898938e-08,7.8049813e-08,1.47446173e-07
0.372,-8.7027777e-08,-1.98988006e-08,4.62529442e-07,1.51351118e-06,-4.5625862e-07,3.98001631e-07,4.21273645e-07,6.31556192e-07,5.72333521e-07,4.91562281e-07,-5.58819129e-07,-4.915409e-07,-2.46220493e-07,2.6960256e-06,2.42099529e-07,-9.10152378e-08,-1.37555766e-07,3.2875158e-08,7.43381112e-08,1.41977413e-07
0.373,-8.89680226e-08,-2.09759066e-08,4.63855799e-07,1.55867575e-06,-4.31627565e-07,3.83735221e-07,4.07181744e-07,6.12919398e-07,5.569475e-07,4.79118811e-07,-5.66541049e-07,-4.99982062e-07,-2.60755318e-07,2.62852827e-06,2.52179291e-07,-8.54066952e-08,-1.33301266e-07,3.02172099e-08,7.07840623e-08,1.36708116e-07
0.374,-9.0912365e-08,-2.20650177e-08,4.64896002e-07,1.59917802e-06,-4.07696256e-07,3.70089451e-07,3.93605173e-07,5.94867983e-07,5.41999352e-07,4.67005617e-07,-5.74340595e-07,-5.08548208e-07,-2.75170073e-07,2.55964373e-06,2.61709378e-07,-7.98710174e-08,-1.29119369e-07,2.77088253e-08,6.73813245e-08,1.31630973e-07
0.375,-9.2862075e-08,-2.31702771e-08,4.65662083e-07,1.63483883e-06,-3.84455693e-07,3.57041538e-07,3.80526118e-07,5.7738267e-07,5.27475841e-07,4.55213643e-07,-5.82219197e-07,-5.17242039e-07,-2.89455497e-07,2.48956702e-06,2.70716869e-07,-7.44078049e-08,-1.25009017e-07,2.53431341e-08,6.41238373e-08,1.26738957e-07
0.376,-9.48185384e-08,-2.42957374e-08,4.66168129e-07,1.66549648e-06,-3.61898215e-07,3.44569569e-07,3.6792739e-07,5.60444802e-07,5.13364101e-07,4.43734045e-07,-5.90178391e-07,-5.26066156e-07,-3.03600867e-07,2.41851825e-06,2.79225912e-07,-6.90171921e-08,-1.20969476e-07,2.31134068e-08,6.10056183e-08,1.22025214e-07
0.377,-9.67832401e-08,-2.54455369e-08,4.66429734e-07,1.69100743e-06,-3.40017322e-07,3.32652396e-07,3.55792427e-07,5.44036367e-07,4.99651659e-07,4.32558184e-07,-5.98219681e-07,-5.35022767e-07,-3.17595033e-07,2.34674516e-06,2.87258351e-07,-6.36998045e-08,-1.17000197e-07,2.10131612e-08,5.80208815e-08,1.17483113e-07
0.378,-9.87577585e-08,-2.66241669e-08,4.66463029e-07,1.71124256e-06,-3.18807333e-07,3.21269578e-07,3.44105324e-07,5.28140051e-07,4.86326466e-07,4.21677644e-07,-6.06344374e-07,-5.44113435e-07,-3.31427934e-07,2.27452768e-06,2.94836414e-07,-5.84564589e-08,-1.13100597e-07,1.90363127e-08,5.51641927e-08,1.13106318e-07
0.379,-1.00743757e-07,-2.78363388e-08,4.66284733e-07,1.72608887e-06,-2.98263318e-07,3.10401313e-07,3.32850793e-07,5.12739197e-07,4.73376887e-07,4.11084228e-07,-6.14553628e-07,-5.53339145e-07,-3.45090511e-07,2.2021804e-06,3.01982778e-07,-5.32881631e-08,-1.09270136e-07,1.71771014e-08,5.24304014e-08,1.08888754e-07
0.38,-1.02742966e-07,-2.90868507e-08,4.65912354e-07,1.73545463e-06,-2.78381104e-07,3.00028334e-07,3.22014095e-07,4.97817771e-07,4.60791676e-07,4.00769949e-07,-6.22848472e-07,-5.62700315e-07,-3.5857466e-07,2.13005215e-06,3.08720413e-07,-4.81961324e-08,-1.05508359e-07,1.54300382e-08,4.98145951e-08,1.0482458e-07
0.381,-1.04757144e-07,-3.03804855e-08,4.65364272e-07,1.73927536e-06,-2.5915734e-07,2.90131831e-07,3.1158101e-07,4.83360358e-07,4.48559992e-07,3.90727048e-07,-6.3122982e-07,-5.72196806e-07,-3.71873789e-07,2.05852445e-06,3.15072605e-07,-4.3181807e-08,-1.01814943e-07,1.37898533e-08,4.73120632e-08,1.00908165e-07
0.382,-1.06788048e-07,-3.17218932e-08,4.64659509e-07,1.73752158e-06,-2.40589775e-07,2.80693446e-07,3.01537865e-07,4.69352232e-07,4.36671457e-07,3.8094806e-07,-6.39698333e-07,-5.81827712e-07,-3.84982934e-07,1.9880083e-06,3.21062697e-07,-3.8246856e-08,-9.81897308e-08,1.22514834e-08,4.49182911e-08,9.71341047e-08
0.383,-1.08837503e-07,-3.31155837e-08,4.63817464e-07,1.73020599e-06,-2.22676709e-07,2.71695144e-07,2.91871456e-07,4.55779241e-07,4.25116065e-07,3.71425759e-07,-6.48254268e-07,-5.91591213e-07,-3.97897887e-07,1.91893685e-06,3.26714851e-07,-3.33929378e-08,-9.46326211e-08,1.08101515e-08,4.26290182e-08,9.34972691e-08
0.384,-1.10907307e-07,-3.45657523e-08,4.6285867e-07,1.71738753e-06,-2.05416146e-07,2.63119078e-07,2.82568921e-07,4.42627712e-07,4.13884124e-07,3.62153146e-07,-6.56897828e-07,-6.01485137e-07,-4.10615363e-07,1.85175693e-06,3.3205465e-07,-2.86216945e-08,-9.11436018e-08,9.46123068e-09,4.0440127e-08,8.99926993e-08
0.385,-1.12999227e-07,-3.60762435e-08,4.61804529e-07,1.69917485e-06,-1.88805693e-07,2.54947551e-07,2.7361772e-07,4.29884442e-07,4.02966244e-07,3.53123441e-07,-6.65629032e-07,-6.1150682e-07,-4.23133689e-07,1.78692238e-06,3.37108798e-07,-2.39346365e-08,-8.77227053e-08,8.2002724e-09,3.83476682e-08,8.66156307e-08
0.386,-1.15114977e-07,-3.76504036e-08,4.60677445e-07,1.67572996e-06,-1.72842607e-07,2.4716297e-07,2.65005595e-07,4.17536668e-07,3.92353333e-07,3.44330072e-07,-6.74447721e-07,-6.21653162e-07,-4.35452876e-07,1.72488626e-06,3.41904761e-07,-1.93331048e-08,-8.43700118e-08,7.0229846e-09,3.63478406e-08,8.33614812e-08
0.387,-1.17256192e-07,-3.92908299e-08,4.59501363e-07,1.6472712e-06,-1.57523877e-07,2.39747771e-07,2.56720519e-07,4.05572034e-07,3.82036577e-07,3.35766666e-07,-6.83353663e-07,-6.31920846e-07,-4.47573719e-07,1.66609192e-06,3.46469608e-07,-1.48183893e-08,-8.10857172e-08,5.92516207e-09,3.44369265e-08,8.02258144e-08
0.388,-1.19424432e-07,-4.0999515e-08,4.58300675e-07,1.61406921e-06,-1.42845183e-07,2.32684481e-07,2.48750698e-07,3.93978592e-07,3.72007446e-07,3.27427047e-07,-6.92346532e-07,-6.4230636e-07,-4.5949738e-07,1.61096518e-06,3.50830918e-07,-1.03915437e-08,-7.7870034e-08,4.90272921e-09,3.26113314e-08,7.72043535e-08
0.389,-1.21621168e-07,-4.27783348e-08,4.57097488e-07,1.57643549e-06,-1.2879967e-07,2.25955909e-07,2.41084635e-07,3.82744851e-07,3.62257734e-07,3.19305241e-07,-7.01425605e-07,-6.52805547e-07,-4.71227703e-07,1.55991167e-06,3.55019183e-07,-6.05283866e-09,-7.47229382e-08,3.9518904e-09,3.08677246e-08,7.42930504e-08
0.39,-1.2384773e-07,-4.46287361e-08,4.55912285e-07,1.53471928e-06,-1.15379084e-07,2.19545087e-07,2.33711075e-07,3.71859724e-07,3.52779532e-07,3.11395446e-07,-7.10589878e-07,-6.63413843e-07,-4.8277235e-07,1.51331267e-06,3.59066297e-07,-1.80187164e-09,-7.16442618e-08,3.06903352e-09,2.92029485e-08,7.1488032e-08
0.391,-1.26105292e-07,-4.65512244e-08,4.54765987e-07,1.48931192e-06,-1.02574922e-07,2.13435133e-07,2.26618935e-07,3.61312464e-07,3.43565192e-07,3.03692004e-07,-7.19838336e-07,-6.74126798e-07,-4.94141389e-07,1.47151412e-06,3.63003546e-07,2.36211227e-09,-6.86338567e-08,2.25059873e-09,2.76138921e-08,6.87855299e-08
0.392,-1.28394864e-07,-4.85454668e-08,4.53679352e-07,1.4406454e-06,-9.03778562e-08,2.07609336e-07,2.1979732e-07,3.51092675e-07,3.34607332e-07,2.96189414e-07,-7.29169906e-07,-6.84940077e-07,-5.05346809e-07,1.43481629e-06,3.66862009e-07,6.44033793e-09,-6.56915251e-08,1.49311268e-09,2.60975199e-08,6.61818961e-08
0.393,-1.30717302e-07,-5.06104938e-08,4.52671894e-07,1.38918496e-06,-7.87770735e-08,2.02051271e-07,2.13235532e-07,3.41190283e-07,3.25898816e-07,2.88882323e-07,-7.38583424e-07,-6.95849461e-07,-5.1640278e-07,1.40346741e-06,3.70672897e-07,1.04346605e-08,-6.28169301e-08,7.93224536e-10,2.46509005e-08,6.36736133e-08
0.394,-1.33073314e-07,-5.27447984e-08,4.51761092e-07,1.3354205e-06,-6.77603129e-08,1.96744883e-07,2.06923083e-07,3.31595523e-07,3.17432743e-07,2.81765522e-07,-7.48077549e-07,-7.06850784e-07,-5.2732603e-07,1.3776596e-06,3.74467193e-07,1.43476231e-08,-6.00095587e-08,1.477245e-10,2.32712173e-08,6.12573054e-08
0.395,-1.3546343e-07,-5.49462602e-08,4.50962703e-07,1.27985834e-06,-5.7313975e-08,1.91674527e-07,2.00849676e-07,3.22298893e-07,3.09202417e-07,2.7483394e-07,-7.57650934e-07,-7.17940259e-07,-5.38136117e-07,1.35752395e-06,3.78274937e-07,1.81823649e-08,-5.7268756e-08,-4.46510437e-10,2.19557164e-08,5.89297005e-08
0.396,-1.37887979e-07,-5.72121343e-08,4.50291677e-07,1.22301276e-06,-4.74225594e-08,1.86825066e-07,1.95005213e-07,3.13291133e-07,3.0120132e-07,2.68082653e-07,-7.67302487e-07,-7.29115014e-07,-5.48854416e-07,1.34312413e-06,3.8212541e-07,2.19425955e-08,-5.45937295e-08,-9.92554322e-10,2.07016661e-08,5.66875965e-08
0.397,-1.40347179e-07,-5.95393988e-08,4.49760896e-07,1.165396e-06,-3.80683549e-08,1.82182037e-07,1.89379861e-07,3.04563244e-07,2.93423121e-07,2.61506894e-07,-7.7703098e-07,-7.4037256e-07,-5.59503112e-07,1.33445633e-06,3.8604764e-07,2.56327832e-08,-5.19834401e-08,-1.49332189e-09,1.9506446e-08,5.452793e-08
0.398,-1.42841115e-07,-6.19248358e-08,4.49380806e-07,1.10750724e-06,-2.92316808e-08,1.7773173e-07,1.83964058e-07,2.96106464e-07,2.85861662e-07,2.55102046e-07,-7.8683516e-07,-7.51710943e-07,-5.70105539e-07,1.33145275e-06,3.90069517e-07,2.92580385e-08,-4.94366276e-08,-1.95160291e-09,1.83675151e-08,5.24477478e-08
0.399,-1.45369752e-07,-6.43651611e-08,4.49159063e-07,1.04982243e-06,-2.08909904e-08,1.73461237e-07,1.78748532e-07,2.87912261e-07,2.78510947e-07,2.48863639e-07,-7.96713758e-07,-7.6312877e-07,-5.80686222e-07,1.33398565e-06,3.94217645e-07,3.28240604e-08,-4.69518084e-08,-2.37006051e-09,1.72824086e-08,5.04441996e-08
0.4,-1.47932928e-07,-6.68571893e-08,4.49100233e-07,9.92785259e-07,-1.30226883e-08,1.69358583e-07,1.73724333e-07,2.7997233e-07,2.71365137e-07,2.4278734e-07,-8.06665477e-07,-7.74625167e-07,-5.91271095e-07,1.34187137e-06,3.98518058e-07,3.63372259e-08,-4.45272258e-08,-2.75120416e-09,1.62487575e-08,4.8514541e-08
0.401,-1.50530379e-07,-6.9397587e-08,4.49208172e-07,9.36804797e-07,-5.6020913e-09,1.65412648e-07,1.68882805e-07,2.72278547e-07,2.64418512e-07,2.36868924e-07,-8.16689245e-07,-7.86200241e-07,-6.01886331e-07,1.35487373e-06,4.02995315e-07,3.98043374e-08,-4.21609281e-08,-3.09743473e-09,1.52642427e-08,4.66560989e-08
0.402,-1.53161835e-07,-7.19827914e-08,4.49486869e-07,8.82256283e-07,1.39492648e-09,1.61612912e-07,1.64215513e-07,2.64822881e-07,2.57665403e-07,2.31104204e-07,-8.26784248e-07,-7.97855048e-07,-6.125573e-07,1.37271205e-06,4.0767002e-07,4.32321775e-08,-3.98508705e-08,-3.41105833e-09,1.43265816e-08,4.4866269e-08
0.403,-1.55826952e-07,-7.4609363e-08,4.49937929e-07,8.29473757e-07,7.99262201e-09,1.57949624e-07,1.59714314e-07,2.57597481e-07,2.51100266e-07,2.25489079e-07,-8.36949895e-07,-8.09591282e-07,-6.23309313e-07,1.39507167e-06,4.12559117e-07,4.66274917e-08,-3.7594898e-08,-3.69428121e-09,1.34335401e-08,4.3142508e-08
0.404,-1.58525333e-07,-7.72743113e-08,4.50559174e-07,7.78741486e-07,1.42161281e-08,1.54413977e-07,1.55371434e-07,2.50594722e-07,2.44717716e-07,2.20019559e-07,-8.47185619e-07,-8.21410857e-07,-6.34167411e-07,1.4216145e-06,4.17677645e-07,4.99971973e-08,-3.53906633e-08,-3.94914648e-09,1.25829878e-08,4.14823639e-08
0.405,-1.61256543e-07,-7.99749554e-08,4.51345895e-07,7.3029178e-07,2.00906902e-08,1.50998046e-07,1.51179469e-07,2.43807202e-07,2.38512519e-07,2.14691757e-07,-8.57490934e-07,-8.33315978e-07,-6.45155736e-07,1.45198802e-06,4.23038572e-07,5.33482388e-08,-3.3235683e-08,-4.17755345e-09,1.17728807e-08,3.98834657e-08
0.406,-1.64020113e-07,-8.27088362e-08,4.52291779e-07,6.843063e-07,2.56410364e-08,1.47694692e-07,1.47131367e-07,2.37227729e-07,2.32479582e-07,2.09501885e-07,-8.67865516e-07,-8.45309228e-07,-6.56297265e-07,1.48583308e-06,4.28652299e-07,5.66874088e-08,-3.11273971e-08,-4.38128246e-09,1.10012415e-08,3.83435102e-08
0.407,-1.66815508e-07,-8.54737467e-08,4.53388852e-07,6.40917791e-07,3.08909229e-08,1.44497476e-07,1.43220415e-07,2.3084931e-07,2.26613937e-07,2.04446247e-07,-8.78309309e-07,-8.57393585e-07,-6.67614426e-07,1.52279237e-06,4.34526111e-07,6.00211948e-08,-2.90632146e-08,-4.56202006e-09,1.02661408e-08,3.6860244e-08
0.408,-1.6964226e-07,-8.82680887e-08,4.54625939e-07,6.00213226e-07,3.58634823e-08,1.41400701e-07,1.39440284e-07,2.24665184e-07,2.20910765e-07,1.99521255e-07,-8.88821873e-07,-8.69571433e-07,-6.79128365e-07,1.56251846e-06,4.40666163e-07,6.33560594e-08,-2.70404236e-08,-4.72125673e-09,9.56578829e-09,3.5431536e-08
0.409,-1.72499915e-07,-9.10906342e-08,4.55990997e-07,5.62238319e-07,4.05815824e-08,1.38399416e-07,1.35785016e-07,2.1866881e-07,2.15365366e-07,1.94723428e-07,-8.99402853e-07,-8.8184539e-07,-6.90858505e-07,1.60467486e-06,4.47077879e-07,6.66983626e-08,-2.50562488e-08,-4.86035328e-09,8.89847481e-09,3.40553283e-08
0.41,-1.75387998e-07,-9.39403653e-08,4.57472291e-07,5.27004637e-07,4.50671541e-08,1.3548929e-07,1.32248994e-07,2.1285384e-07,2.09973152e-07,1.9004938e-07,-9.10052103e-07,-8.9421849e-07,-7.0282262e-07,1.64893855e-06,4.5376509e-07,7.00541741e-08,-2.31079182e-08,-4.98057758e-09,8.26254509e-09,3.27296173e-08
0.411,-1.78306029e-07,-9.68164876e-08,4.5905807e-07,4.94497099e-07,4.93408443e-08,1.32666543e-07,1.28826947e-07,2.07214155e-07,2.04729661e-07,1.85495836e-07,-9.20769466e-07,-9.06693745e-07,-7.15036582e-07,1.6950047e-06,4.60730075e-07,7.34292454e-08,-2.11926792e-08,-5.08309637e-09,7.6564112e-09,3.14524672e-08
0.412,-1.81253486e-07,-9.97182706e-08,4.60736722e-07,4.64681381e-07,5.34218943e-08,1.29927898e-07,1.25513965e-07,2.01743913e-07,1.99630614e-07,1.8105967e-07,-9.31554645e-07,-9.19273912e-07,-7.27513208e-07,1.74259058e-06,4.67973496e-07,7.6828882e-08,-1.93078652e-08,-5.16899907e-09,7.07854171e-09,3.02220107e-08
0.413,-1.84229913e-07,-1.02645365e-07,4.62495851e-07,4.37503275e-07,5.73292044e-08,1.2727056e-07,1.22305451e-07,1.96437487e-07,1.94671856e-07,1.76737855e-07,-9.42407233e-07,-9.31961555e-07,-7.40261729e-07,1.79143726e-06,4.7549526e-07,8.02580633e-08,-1.74508427e-08,-5.23926858e-09,6.52748699e-09,2.90364553e-08
0.414,-1.8723485e-07,-1.05598102e-07,4.64320536e-07,4.1288032e-07,6.10822249e-08,1.24692362e-07,1.19197129e-07,1.91289448e-07,1.89849346e-07,1.72527443e-07,-9.53326831e-07,-9.4475906e-07,-7.53289758e-07,1.84131221e-06,4.83295553e-07,8.37217396e-08,-1.56189165e-08,-5.29476294e-09,6.00189054e-09,2.78940715e-08
0.415,-1.90267823e-07,-1.08577183e-07,4.6619418e-07,3.90703183e-07,6.46991609e-08,1.22191539e-07,1.16185005e-07,1.86294555e-07,1.85159154e-07,1.68425554e-07,-9.6431292e-07,-9.57668327e-07,-7.6660468e-07,1.89201354e-06,4.91374121e-07,8.7224702e-08,-1.38093839e-08,-5.33623027e-09,5.50048053e-09,2.67931943e-08
0.416,-1.93328377e-07,-1.11583251e-07,4.6810112e-07,3.70846688e-07,6.81958141e-08,1.19766436e-07,1.13265301e-07,1.81447737e-07,1.80597457e-07,1.6442937e-07,-9.75364983e-07,-9.70691076e-07,-7.80212975e-07,1.94336896e-06,4.99729542e-07,9.07712859e-08,-1.20196457e-08,-5.36435311e-09,5.02204054e-09,2.57322127e-08
0.417,-1.96416083e-07,-1.14616983e-07,4.70026496e-07,3.53176753e-07,7.15863232e-08,1.17415508e-07,1.10434436e-07,1.76744093e-07,1.76160536e-07,1.60536134e-07,-9.86482565e-07,-9.83828951e-07,-7.94119902e-07,1.99523292e-06,5.08359707e-07,9.43654272e-08,-1.02471958e-08,-5.37975075e-09,4.56541036e-09,2.47095659e-08
0.418,-1.99530535e-07,-1.176793e-07,4.71954903e-07,3.37552191e-07,7.48838013e-08,1.15137396e-07,1.07689047e-07,1.72178896e-07,1.71844781e-07,1.5674315e-07,-9.97665114e-07,-9.97083214e-07,-8.08330038e-07,2.04748599e-06,5.17262672e-07,9.80108798e-08,-8.48955969e-09,-5.38295495e-09,4.12950607e-09,2.37237546e-08
0.419,-2.02671351e-07,-1.20771219e-07,4.73870374e-07,3.23828715e-07,7.80997729e-08,1.12930859e-07,1.05025966e-07,1.67747592e-07,1.67646689e-07,1.53047788e-07,-1.00891184e-06,-1.01045452e-06,-8.22848366e-07,2.10003372e-06,5.26436456e-07,1.0171122e-07,-6.74430682e-09,-5.37441414e-09,3.71331854e-09,2.27733446e-08
0.42,-2.05838096e-07,-1.23893394e-07,4.75759334e-07,3.11866748e-07,8.12438768e-08,1.10794606e-07,1.02442169e-07,1.6344577e-07,1.63562838e-07,1.49447471e-07,-1.02022233e-06,-1.02394399e-06,-8.37680333e-07,2.15279849e-06,5.35877797e-07,1.05469517e-07,-5.00916235e-09,-5.35456793e-09,3.31585446e-09,2.18569267e-08
0.421,-2.09030372e-07,-1.27046398e-07,4.77610251e-07,3.01535303e-07,8.43249976e-08,1.08727369e-07,9.99347773e-08,1.5926916e-07,1.59589885e-07,1.45939675e-07,-1.03159634e-06,-1.03755316e-06,-8.52830168e-07,2.20571303e-06,5.45583296e-07,1.09288506e-07,-3.28195792e-09,-5.32381966e-09,2.93616302e-09,2.09731356e-08
0.422,-2.12247871e-07,-1.30231106e-07,4.79411674e-07,2.92708861e-07,8.73518176e-08,1.06727993e-07,9.75010608e-08,1.55213617e-07,1.55724542e-07,1.42521917e-07,-1.04303366e-06,-1.05128352e-06,-8.68301209e-07,2.25871989e-06,5.55550045e-07,1.13170841e-07,-1.5605502e-09,-5.28249974e-09,2.5733641e-09,2.01206659e-08
0.423,-2.1549031e-07,-1.3344852e-07,4.81152265e-07,2.85266121e-07,9.03324824e-08,1.04795423e-07,9.51384454e-08,1.51275144e-07,1.51963605e-07,1.3919177e-07,-1.05453404e-06,-1.0651365e-06,-8.84096435e-07,2.31177172e-06,5.6577536e-07,1.17119066e-07,1.57154222e-10,-5.23088712e-09,2.22663205e-09,1.9298264e-08
0.424,-2.18757398e-07,-1.3669966e-07,4.82821279e-07,2.79090843e-07,9.32746063e-08,1.02928683e-07,9.28445068e-08,1.47449898e-07,1.48303963e-07,1.35946875e-07,-1.0660972e-06,-1.0791135e-06,-9.0021864e-07,2.36482975e-06,5.76257058e-07,1.2113565e-07,1.87319715e-09,-5.16921871e-09,1.89518908e-09,1.8504725e-08
0.425,-2.22048807e-07,-1.39985417e-07,4.84410284e-07,2.74074612e-07,9.61853844e-08,1.01126867e-07,9.06169532e-08,1.43734176e-07,1.44742593e-07,1.32784936e-07,-1.07772319e-06,-1.09321648e-06,-9.16669758e-07,2.41786111e-06,5.86993419e-07,1.25222929e-07,3.58954869e-09,-5.09771517e-09,1.57828496e-09,1.77388747e-08
0.426,-2.25364326e-07,-1.43306723e-07,4.85911625e-07,2.7012159e-07,9.90709319e-08,9.93890092e-08,8.84536063e-08,1.40124427e-07,1.4127657e-07,1.29703722e-07,-1.08941159e-06,-1.10744674e-06,-9.33449401e-07,2.47084386e-06,5.97983335e-07,1.29383143e-07,5.30811716e-09,-5.0165452e-09,1.27523494e-09,1.69996081e-08
0.427,-2.28703751e-07,-1.46664425e-07,4.87317661e-07,2.67146136e-07,1.01936346e-07,9.77140742e-08,8.63523742e-08,1.36617228e-07,1.37903063e-07,1.2670106e-07,-1.10116194e-06,-1.12180534e-06,-9.50557163e-07,2.52376768e-06,6.09224929e-07,1.33618301e-07,7.03072271e-09,-4.92585651e-09,9.85387618e-10,1.62858595e-08
0.428,-2.32066835e-07,-1.50059301e-07,4.88620695e-07,2.65068576e-07,1.04786325e-07,9.61010342e-08,8.43112545e-08,1.33209278e-07,1.34619331e-07,1.2377483e-07,-1.11297393e-06,-1.13629342e-06,-9.67993448e-07,2.57663039e-06,6.20716104e-07,1.37930286e-07,8.75913e-09,-4.82577487e-09,7.08121552e-10,1.55965951e-08
0.429,-2.35453329e-07,-1.5349206e-07,4.89813301e-07,2.63814233e-07,1.07625128e-07,9.45488642e-08,8.23283356e-08,1.29897402e-07,1.31422725e-07,1.2092297e-07,-1.12484719e-06,-1.15091198e-06,-9.85758749e-07,2.62943594e-06,6.32455093e-07,1.4232093e-07,1.04950652e-08,-4.716395e-09,4.42854653e-10,1.49308211e-08
0.43,-2.38862973e-07,-1.56963241e-07,4.90888921e-07,2.63313798e-07,1.10456266e-07,9.30564885e-08,8.04017773e-08,1.26678536e-07,1.28310682e-07,1.1814347e-07,-1.13678147e-06,-1.16566211e-06,-1.00385354e-06,2.68219344e-06,6.44439711e-07,1.46791888e-07,1.22401845e-08,-4.5977961e-09,1.89032559e-10,1.42875773e-08
0.431,-2.42295462e-07,-1.60473256e-07,4.91841034e-07,2.63501925e-07,1.13282345e-07,9.16227541e-08,7.85298005e-08,1.23549727e-07,1.25280719e-07,1.15434371e-07,-1.14877661e-06,-1.18054485e-06,-1.02227934e-06,2.73491848e-06,6.56666671e-07,1.51344609e-07,1.39960703e-08,-4.47004374e-09,-5.3876756e-11,1.36659317e-08
0.432,-2.4575054e-07,-1.64022747e-07,4.92661308e-07,2.6431603e-07,1.16105839e-07,9.02465383e-08,7.67107161e-08,1.20508145e-07,1.22330445e-07,1.12793777e-07,-1.1608319e-06,-1.19556027e-06,-1.0410378e-06,2.78763437e-06,6.69134219e-07,1.55980761e-07,1.57643294e-08,-4.33314555e-09,-2.86345409e-10,1.30650112e-08
0.433,-2.49227955e-07,-1.67612342e-07,4.93342224e-07,2.65697254e-07,1.18929513e-07,8.89268103e-08,7.49429225e-08,1.17551068e-07,1.1945754e-07,1.10219844e-07,-1.17294669e-06,-1.21070874e-06,-1.06013048e-06,2.84036557e-06,6.81842196e-07,1.60702155e-07,1.75465591e-08,-4.18709305e-09,-5.08818575e-10,1.24839751e-08
0.434,-2.52727431e-07,-1.71242518e-07,4.93877851e-07,2.67593658e-07,1.21755839e-07,8.76625467e-08,7.32248832e-08,1.14675868e-07,1.16659749e-07,1.07710778e-07,-1.18512047e-06,-1.22599104e-06,-1.07955886e-06,2.89313487e-06,6.94790728e-07,1.65510552e-07,1.93443004e-08,-4.03187839e-09,-7.21726571e-10,1.19220087e-08
0.435,-2.56248686e-07,-1.74913681e-07,4.94263098e-07,2.69961757e-07,1.24586957e-07,8.64527119e-08,7.15551194e-08,1.11880013e-07,1.13934882e-07,1.05264836e-07,-1.19735274e-06,-1.24140806e-06,-1.09932434e-06,2.94596365e-06,7.07980016e-07,1.70407673e-07,2.11590448e-08,-3.86748846e-09,-9.25480705e-10,1.13783265e-08
0.436,-2.5979148e-07,-1.78626305e-07,4.94493001e-07,2.7276663e-07,1.27425035e-07,8.52962752e-08,6.99322079e-08,1.09161064e-07,1.11280817e-07,1.02880324e-07,-1.20964279e-06,-1.25696051e-06,-1.11942741e-06,2.99887187e-06,7.21411044e-07,1.7539528e-07,2.29922556e-08,-3.69389797e-09,-1.12046598e-09,1.08521789e-08
0.437,-2.63355629e-07,-1.82381024e-07,4.94562495e-07,2.75978563e-07,1.30273023e-07,8.41923286e-08,6.83547962e-08,1.06516669e-07,1.08695495e-07,1.00555598e-07,-1.22198979e-06,-1.27264919e-06,-1.13986729e-06,3.05187535e-06,7.35086406e-07,1.80475318e-07,2.48454068e-08,-3.51106604e-09,-1.30703904e-09,1.03428505e-08
0.438,-2.66940798e-07,-1.86178238e-07,4.94468029e-07,2.79567495e-07,1.33134066e-07,8.31400856e-08,6.68215923e-08,1.03944548e-07,1.06176912e-07,9.82890516e-08,-1.23439365e-06,-1.28847614e-06,-1.16064469e-06,3.10498357e-06,7.49007412e-07,1.85649576e-07,2.67199262e-08,-3.31896684e-09,-1.48556578e-09,9.84962434e-09
0.439,-2.70546674e-07,-1.90018339e-07,4.9420531e-07,2.83504448e-07,1.36010315e-07,8.21386848e-08,6.53313449e-08,1.01442503e-07,1.03723136e-07,9.60791258e-08,-1.24685385e-06,-1.30444256e-06,-1.18176048e-06,3.1582088e-06,7.6317488e-07,1.90919837e-07,2.86172337e-08,-3.11754088e-09,-1.65637819e-09,9.37182137e-09
0.44,-2.74172953e-07,-1.93901642e-07,4.93770193e-07,2.8776269e-07,1.38903379e-07,8.11872092e-08,6.38828363e-08,9.90084142e-08,1.01332295e-07,9.39243044e-08,-1.25936979e-06,-1.32054941e-06,-1.20321543e-06,3.21156737e-06,7.77589592e-07,1.96287862e-07,3.05387334e-08,-2.90671113e-09,-1.81978616e-09,8.90879006e-09
0.441,-2.77819324e-07,-1.97828377e-07,4.93158801e-07,2.92318229e-07,1.41814553e-07,8.02847259e-08,6.24748886e-08,9.66402367e-08,9.90025882e-08,9.18231167e-08,-1.27194081e-06,-1.33679764e-06,-1.22501008e-06,3.26507992e-06,7.92252346e-07,2.017554e-07,3.24858154e-08,-2.68638726e-09,-1.97608147e-09,8.4599022e-09
0.442,-2.8148541e-07,-2.01798623e-07,4.92366811e-07,2.97149509e-07,1.44744684e-07,7.94302915e-08,6.11063699e-08,9.43360136e-08,9.67322852e-08,8.97741459e-08,-1.28456609e-06,-1.35318774e-06,-1.24714522e-06,3.31877328e-06,8.07163511e-07,2.07324174e-07,3.44598507e-08,-2.45646324e-09,-2.12553953e-09,8.02455242e-09
0.443,-2.85170792e-07,-2.05812422e-07,4.91388782e-07,3.02235514e-07,1.47694328e-07,7.86229629e-08,5.97761871e-08,9.20938623e-08,9.45197168e-08,8.77760173e-08,-1.29724464e-06,-1.36971981e-06,-1.26962287e-06,3.37268015e-06,8.22323323e-07,2.12995961e-07,3.64622131e-08,-2.21680695e-09,-2.26841532e-09,7.60215921e-09
0.444,-2.88875059e-07,-2.09869886e-07,4.902191e-07,3.07555791e-07,1.50664471e-07,7.78618709e-08,5.84832938e-08,8.99119652e-08,9.23632634e-08,8.58273945e-08,-1.30997537e-06,-1.38639399e-06,-1.29244521e-06,3.42683425e-06,8.37733456e-07,2.18772734e-07,3.84943038e-08,-1.96727e-09,-2.40494411e-09,7.1921646e-09
0.445,-2.92597797e-07,-2.13971137e-07,4.88853019e-07,3.13092333e-07,1.53656466e-07,7.71462162e-08,5.72266865e-08,8.77885632e-08,9.02613495e-08,8.39269769e-08,-1.32275726e-06,-1.40321078e-06,-1.31561384e-06,3.48126662e-06,8.53396697e-07,2.24656566e-07,4.05575247e-08,-1.70770383e-09,-2.53535003e-09,6.79402894e-09
0.446,-2.9633858e-07,-2.18116273e-07,4.87286209e-07,3.18830436e-07,1.56671694e-07,7.64752326e-08,5.60053958e-08,8.57219558e-08,8.8212442e-08,8.20734985e-08,-1.33558926e-06,-1.42017082e-06,-1.33913042e-06,3.53600519e-06,8.69316053e-07,2.30649563e-07,4.26532635e-08,-1.43795729e-09,-2.65984744e-09,6.40723006e-09
0.447,-3.00096943e-07,-2.22305352e-07,4.85514764e-07,3.24757959e-07,1.59711825e-07,7.58482262e-08,5.48184924e-08,8.3710498e-08,8.62150497e-08,8.02657274e-08,-1.3484704e-06,-1.43727502e-06,-1.36299684e-06,3.59107358e-06,8.8549488e-07,2.36753903e-07,4.4782908e-08,-1.15787481e-09,-2.77864145e-09,6.03126161e-09
0.448,-3.03872353e-07,-2.26538325e-07,4.83536953e-07,3.30865825e-07,1.62778988e-07,7.5264585e-08,5.36650832e-08,8.17525877e-08,8.42677166e-08,7.85024619e-08,-1.36140019e-06,-1.45452539e-06,-1.38721434e-06,3.64649038e-06,9.01936552e-07,2.42971657e-07,4.69478168e-08,-8.67320275e-10,-2.89194086e-09,5.66562138e-09
0.449,-3.0766444e-07,-2.30815484e-07,4.81349665e-07,3.37150476e-07,1.65875076e-07,7.47236437e-08,5.25442949e-08,7.98466831e-08,8.2369039e-08,7.67825395e-08,-1.37437723e-06,-1.47192251e-06,-1.41178079e-06,3.70227971e-06,9.1864628e-07,2.49305158e-07,4.91493908e-08,-5.66133508e-10,-2.99992136e-09,5.30984538e-09
0.45,-3.1147281e-07,-2.35137075e-07,4.78948604e-07,3.43608876e-07,1.69001777e-07,7.422475e-08,5.14552771e-08,7.79912944e-08,8.05176572e-08,7.51048302e-08,-1.38740006e-06,-1.48946678e-06,-1.4366951e-06,3.75846998e-06,9.35628507e-07,2.55756729e-07,5.13890259e-08,-2.54135612e-10,-3.10274824e-09,4.96348304e-09
0.451,-3.15297011e-07,-2.3950326e-07,4.76329073e-07,3.50233575e-07,1.72160945e-07,7.37673065e-08,5.03972056e-08,7.61849723e-08,7.87122475e-08,7.34682298e-08,-1.40046758e-06,-1.50715914e-06,-1.46195826e-06,3.81508774e-06,9.52886881e-07,2.62328623e-07,5.3668115e-08,6.88684774e-11,-3.20057904e-09,4.62609207e-09
0.452,-3.1913664e-07,-2.43914347e-07,4.73486003e-07,3.57010042e-07,1.75354414e-07,7.33507358e-08,4.93692725e-08,7.44262937e-08,7.69515097e-08,7.18716489e-08,-1.41357881e-06,-1.52500084e-06,-1.48757288e-06,3.87215568e-06,9.70424959e-07,2.6902312e-07,5.5988082e-08,4.03101335e-10,-3.29355297e-09,4.2972452e-09
0.453,-3.22991274e-07,-2.48370625e-07,4.70413892e-07,3.63917639e-07,1.78583586e-07,7.29744964e-08,4.83707069e-08,7.2713885e-08,7.52341833e-08,7.03140266e-08,-1.42673268e-06,-1.54299289e-06,-1.51354343e-06,3.92969428e-06,9.88246437e-07,2.75842676e-07,5.83504094e-08,7.48825983e-10,-3.38178829e-09,3.9765323e-09
0.454,-3.26860436e-07,-2.52871981e-07,4.67108565e-07,3.70937885e-07,1.81848443e-07,7.26379158e-08,4.74007478e-08,7.10464244e-08,7.35590478e-08,6.87943318e-08,-1.43992813e-06,-1.56113622e-06,-1.53987618e-06,3.98772163e-06,1.00635371e-06,2.82789624e-07,6.07565505e-08,1.10632731e-09,-3.46539319e-09,3.66355585e-09
0.455,-3.30743648e-07,-2.57417994e-07,4.63568613e-07,3.78063037e-07,1.85148242e-07,7.23401444e-08,4.64586197e-08,6.94226238e-08,7.19249142e-08,6.73115594e-08,-1.4531644e-06,-1.57943246e-06,-1.5665768e-06,4.04624967e-06,1.0247481e-06,2.89865944e-07,6.3207866e-08,1.4758677e-09,-3.54447871e-09,3.35792555e-09
0.456,-3.34640473e-07,-2.62008423e-07,4.5979305e-07,3.8529403e-07,1.88483011e-07,7.20803885e-08,4.55435703e-08,6.7841232e-08,7.03306257e-08,6.58647326e-08,-1.46644068e-06,-1.59788347e-06,-1.59364933e-06,4.10528503e-06,1.04343192e-06,2.97073679e-07,6.57057319e-08,1.85770316e-09,-3.61914857e-09,3.05926364e-09
0.457,-3.38550464e-07,-2.66643157e-07,4.5578037e-07,3.92635899e-07,1.91853267e-07,7.18579775e-08,4.46548903e-08,6.63010436e-08,6.87750594e-08,6.44529024e-08,-1.47975606e-06,-1.61649107e-06,-1.62109749e-06,4.16483269e-06,1.06240809e-06,3.04415059e-07,6.82515693e-08,2.25210448e-09,-3.68949574e-09,2.7672049e-09
0.458,-3.424732e-07,-2.71322092e-07,4.51529492e-07,4.00099191e-07,1.95259376e-07,7.16722023e-08,4.3791879e-08,6.48008901e-08,6.72571231e-08,6.30751463e-08,-1.49310963e-06,-1.63525714e-06,-1.64892396e-06,4.22489718e-06,1.08167946e-06,3.11892239e-07,7.08467728e-08,2.65933561e-09,-3.75561021e-09,2.48139426e-09
0.459,-3.46408394e-07,-2.76045532e-07,4.47038095e-07,4.0769777e-07,1.98702564e-07,7.15223863e-08,4.29538463e-08,6.33396339e-08,6.57757568e-08,6.17305696e-08,-1.50649993e-06,-1.65418313e-06,-1.67712868e-06,4.28548165e-06,1.10125124e-06,3.19507647e-07,7.34927906e-08,3.07965328e-09,-3.8175712e-09,2.20149434e-09
0.46,-3.50355597e-07,-2.80813757e-07,4.42304353e-07,4.15438147e-07,2.02185526e-07,7.14081867e-08,4.21401764e-08,6.19161653e-08,6.43299236e-08,6.04182988e-08,-1.51992641e-06,-1.67327219e-06,-1.70571422e-06,4.34658213e-06,1.12112804e-06,3.27263707e-07,7.6191109e-08,3.51331641e-09,-3.87546236e-09,1.92716208e-09
0.461,-3.54314264e-07,-2.85626882e-07,4.37326189e-07,4.23321015e-07,2.05710303e-07,7.13293253e-08,4.13502968e-08,6.05294244e-08,6.29186244e-08,5.91374896e-08,-1.53338831e-06,-1.69252699e-06,-1.7346845e-06,4.40819542e-06,1.14131377e-06,3.35162963e-07,7.89432646e-08,3.96062719e-09,-3.92935225e-09,1.65806546e-09
0.462,-3.58283816e-07,-2.90484775e-07,4.32101758e-07,4.31350173e-07,2.09277855e-07,7.12854176e-08,4.05836474e-08,5.91784046e-08,6.15409077e-08,5.78873349e-08,-1.54688426e-06,-1.71194905e-06,-1.76404207e-06,4.47032414e-06,1.1618127e-06,3.43208091e-07,8.17508259e-08,4.42191217e-09,-3.97929614e-09,1.39388745e-09
0.463,-3.62263656e-07,-2.9538705e-07,4.2663064e-07,4.39536734e-07,2.12888572e-07,7.12759983e-08,3.98396701e-08,5.78621288e-08,6.01958517e-08,5.66670527e-08,-1.560413e-06,-1.73154008e-06,-1.79378841e-06,4.53297366e-06,1.18262815e-06,3.51401562e-07,8.46153231e-08,4.89749473e-09,-4.02534686e-09,1.13431701e-09
0.464,-3.6625315e-07,-3.00333103e-07,4.20913224e-07,4.47896277e-07,2.16542403e-07,7.13005215e-08,3.91177977e-08,5.65796466e-08,5.88825587e-08,5.54758807e-08,-1.57397366e-06,-1.75130244e-06,-1.82392453e-06,4.59615245e-06,1.2037602e-06,3.59745283e-07,8.75381697e-08,5.38769575e-09,-4.06755775e-09,8.79044786e-10
0.465,-3.70251646e-07,-3.05322722e-07,4.14945569e-07,4.5643408e-07,2.20240077e-07,7.1358601e-08,3.84174984e-08,5.53300531e-08,5.76001638e-08,5.4313081e-08,-1.58756494e-06,-1.77123731e-06,-1.85445202e-06,4.65988047e-06,1.2252091e-06,3.68241484e-07,9.05208786e-08,5.89290758e-09,-4.10595547e-09,6.27776593e-10
0.466,-3.74258546e-07,-3.10356387e-07,4.08718676e-07,4.65135324e-07,2.23983835e-07,7.14501557e-08,3.7738313e-08,5.41124865e-08,5.63478359e-08,5.31779415e-08,-1.60118442e-06,-1.79134408e-06,-1.8853727e-06,4.72419075e-06,1.2469806e-06,3.76893569e-07,9.35652588e-08,6.41359774e-09,-4.14053186e-09,3.80240941e-10
0.467,-3.7827319e-07,-3.15434371e-07,4.02225958e-07,4.73974012e-07,2.27775924e-07,7.15751651e-08,3.70798099e-08,5.29260987e-08,5.5124759e-08,5.20697657e-08,-1.61483018e-06,-1.81162348e-06,-1.91668966e-06,4.78911718e-06,1.26908142e-06,3.85704912e-07,9.66731174e-08,6.95020916e-09,-4.17128449e-09,1.36165015e-10
0.468,-3.82294905e-07,-3.20556782e-07,3.95462816e-07,4.82922979e-07,2.31617994e-07,7.17334935e-08,3.64415437e-08,5.17700598e-08,5.39301338e-08,5.09878736e-08,-1.62850052e-06,-1.83207688e-06,-1.94840613e-06,4.85469033e-06,1.29151779e-06,3.94678679e-07,9.98461962e-08,7.50316531e-09,-4.19821458e-09,-1.04721786e-10
0.469,-3.86322943e-07,-3.25723775e-07,3.88424723e-07,4.91952329e-07,2.35512418e-07,7.19251632e-08,3.58231104e-08,5.0643565e-08,5.27631808e-08,4.99316021e-08,-1.6421937e-06,-1.85270584e-06,-1.98052697e-06,4.92093674e-06,1.31429728e-06,4.03818356e-07,1.03086328e-07,8.07290885e-09,-4.22131558e-09,-3.42684974e-10
0.47,-3.90356485e-07,-3.30935288e-07,3.81110512e-07,5.01036749e-07,2.39461552e-07,7.21502168e-08,3.52241318e-08,4.95458158e-08,5.16231326e-08,4.8900302e-08,-1.6559085e-06,-1.87351329e-06,-2.01305712e-06,4.98787859e-06,1.33742759e-06,4.13127224e-07,1.06395327e-07,8.65984232e-09,-4.24058947e-09,-5.77992612e-10
0.471,-3.94394951e-07,-3.36191351e-07,3.73520017e-07,5.10168817e-07,2.43465916e-07,7.24082531e-08,3.46441506e-08,4.84760304e-08,5.05092445e-08,4.78933447e-08,-1.66964281e-06,-1.8945007e-06,-2.04599528e-06,5.05554172e-06,1.36091696e-06,4.22608451e-07,1.09774946e-07,9.26433655e-09,-4.25603692e-09,-8.10900107e-10
0.472,-3.98437746e-07,-3.41491916e-07,3.65652341e-07,5.193477e-07,2.47526095e-07,7.2698867e-08,3.40827062e-08,4.74334547e-08,4.94207895e-08,4.69101149e-08,-1.68339496e-06,-1.91567013e-06,-2.07934113e-06,5.12395559e-06,1.38477043e-06,4.32264847e-07,1.13226872e-07,9.886792e-09,-4.26765224e-09,-1.04166167e-09
0.473,-4.02484222e-07,-3.46837192e-07,3.57503683e-07,5.28562823e-07,2.51644063e-07,7.30218763e-08,3.35393839e-08,4.64173651e-08,4.83570634e-08,4.59500147e-08,-1.69716327e-06,-1.9370236e-06,-2.11309639e-06,5.19315543e-06,1.4089932e-06,4.4209947e-07,1.16752902e-07,1.05276656e-08,-4.27541125e-09,-1.27052492e-09
0.474,-4.0653368e-07,-3.52227684e-07,3.49067104e-07,5.37785411e-07,2.55822843e-07,7.33773963e-08,3.30138445e-08,4.54270764e-08,4.7317389e-08,4.50124666e-08,-1.71094551e-06,-1.95856227e-06,-2.14726603e-06,5.26318427e-06,1.43359399e-06,4.52116311e-07,1.20355116e-07,1.11875071e-08,-4.27925909e-09,-1.49772565e-09
0.475,-4.10585364e-07,-3.5766353e-07,3.40336026e-07,5.46983183e-07,2.60063914e-07,7.37655773e-08,3.25057984e-08,4.44619616e-08,4.63011206e-08,4.40969137e-08,-1.72473865e-06,-1.98028585e-06,-2.18185851e-06,5.33408589e-06,1.45858483e-06,4.6232042e-07,1.24035853e-07,1.18669794e-08,-4.27910793e-09,-1.72348517e-09
0.476,-4.14638394e-07,-3.63143402e-07,3.31313929e-07,5.56157529e-07,2.64364944e-07,7.4186013e-08,3.20148839e-08,4.35214069e-08,4.53076213e-08,4.32028076e-08,-1.7385412e-06,-2.00219695e-06,-2.21688445e-06,5.40588589e-06,1.48397115e-06,4.72715346e-07,1.27797074e-07,1.25666834e-08,-4.27489228e-09,-1.94803603e-09
0.477,-4.18691944e-07,-3.68665732e-07,3.22009205e-07,5.65356552e-07,2.6872279e-07,7.46378481e-08,3.15406427e-08,4.26047803e-08,4.43362579e-08,4.23296092e-08,-1.75235237e-06,-2.02429996e-06,-2.25235122e-06,5.47859032e-06,1.5097546e-06,4.83303402e-07,1.31640452e-07,1.32871142e-08,-4.26657174e-09,-2.17161793e-09
0.478,-4.22745239e-07,-3.74229603e-07,3.12426759e-07,5.74655359e-07,2.73136461e-07,7.51204792e-08,3.10826565e-08,4.17114681e-08,4.33864158e-08,4.14767963e-08,-1.76617063e-06,-2.04659808e-06,-2.28826379e-06,5.55219708e-06,1.53593971e-06,4.94087571e-07,1.35567866e-07,1.40287964e-08,-4.25409242e-09,-2.39446303e-09
0.479,-4.26797532e-07,-3.79834043e-07,3.02571819e-07,5.84150841e-07,2.77605001e-07,7.56332992e-08,3.06405093e-08,4.08408735e-08,4.24574947e-08,4.06438604e-08,-1.7799946e-06,-2.06909477e-06,-2.32462405e-06,5.62669899e-06,1.56252917e-06,5.05070469e-07,1.39581119e-07,1.47922326e-08,-4.23740556e-09,-2.61680455e-09
0.48,-4.3084829e-07,-3.85478624e-07,2.92448298e-07,5.93952787e-07,2.82128092e-07,7.61753886e-08,3.02136827e-08,3.99923768e-08,4.15488992e-08,3.98303052e-08,-1.79382307e-06,-2.0917941e-06,-2.36142647e-06,5.70208793e-06,1.58952264e-06,5.16253615e-07,1.43681744e-07,1.55778134e-08,-4.21648743e-09,-2.8388805e-09
0.481,-4.34896957e-07,-3.91164466e-07,2.82049347e-07,6.04128456e-07,2.86711779e-07,7.67467595e-08,2.98017939e-08,3.91653621e-08,4.06600458e-08,3.90356486e-08,-1.80765437e-06,-2.11469959e-06,-2.39866791e-06,5.77836444e-06,1.6169246e-06,5.27639735e-07,1.47871683e-07,1.63860065e-08,-4.19128771e-09,-3.06092212e-09
0.482,-4.38942715e-07,-3.96893162e-07,2.71361046e-07,6.14671836e-07,2.91365634e-07,7.73485934e-08,2.94047186e-08,3.83592748e-08,3.97903743e-08,3.82594214e-08,-1.82148634e-06,-2.13781389e-06,-2.43635595e-06,5.85553856e-06,1.64474564e-06,5.39233623e-07,1.52153488e-07,1.72175011e-08,-4.16169468e-09,-3.28314553e-09
0.483,-4.4298472e-07,-4.02665409e-07,2.60374642e-07,6.25545511e-07,2.96094886e-07,7.79817381e-08,2.90223208e-08,3.75735958e-08,3.89393433e-08,3.75011681e-08,-1.83531673e-06,-2.16113937e-06,-2.47449979e-06,5.93361762e-06,1.67299615e-06,5.51040068e-07,1.56529686e-07,1.80730265e-08,-4.12758263e-09,-3.50576072e-09
0.484,-4.47022162e-07,-4.08481189e-07,2.49088243e-07,6.36718181e-07,3.00900993e-07,7.86464087e-08,2.86543648e-08,3.68078021e-08,3.81064179e-08,3.67604425e-08,-1.84914389e-06,-2.18467959e-06,-2.51310628e-06,6.012597e-06,1.70168237e-06,5.6306269e-07,1.61002497e-07,1.89532394e-08,-4.08884028e-09,-3.7289813e-09
0.485,-4.5105418e-07,-4.14340185e-07,2.37502219e-07,6.48165313e-07,3.05784786e-07,7.9342721e-08,2.83006005e-08,3.60613872e-08,3.72910734e-08,3.6036808e-08,-1.8629669e-06,-2.20843923e-06,-2.55218151e-06,6.09246637e-06,1.73080515e-06,5.7530413e-07,1.65573926e-07,1.98587877e-08,-4.04535485e-09,-3.95302231e-09
0.486,-4.5507989e-07,-4.20242297e-07,2.25613882e-07,6.59850804e-07,3.1074786e-07,8.00709936e-08,2.79608168e-08,3.533389e-08,3.64928068e-08,3.53298426e-08,-1.87678455e-06,-2.23242196e-06,-2.59173087e-06,6.17322777e-06,1.76036386e-06,5.87767148e-07,1.70246025e-07,2.0790414e-08,-3.99698525e-09,-4.17809078e-09
0.487,-4.59098577e-07,-4.26188418e-07,2.13414066e-07,6.71712411e-07,3.15792912e-07,8.08316803e-08,2.76348234e-08,3.46248744e-08,3.57111367e-08,3.46391453e-08,-1.89059356e-06,-2.25662788e-06,-2.63175577e-06,6.25490681e-06,1.79036591e-06,6.00456367e-07,1.75021335e-07,2.17489591e-08,-3.94356136e-09,-4.40438149e-09
0.488,-4.63109413e-07,-4.32179366e-07,2.00895599e-07,6.83664658e-07,3.20923102e-07,8.16253592e-08,2.73224755e-08,3.3933891e-08,3.49455787e-08,3.3964323e-08,-1.90439146e-06,-2.28105942e-06,-2.67226112e-06,6.33754643e-06,1.82081832e-06,6.13376081e-07,1.79902383e-07,2.27352182e-08,-3.88492575e-09,-4.63209857e-09
0.489,-4.671115e-07,-4.38216046e-07,1.88051881e-07,6.95605668e-07,3.261417e-07,8.24526381e-08,2.7023638e-08,3.32604958e-08,3.41956536e-08,3.33049936e-08,-1.91817577e-06,-2.30571974e-06,-2.71325548e-06,6.42120334e-06,1.85172949e-06,6.26530831e-07,1.84891773e-07,2.37500025e-08,-3.82092039e-09,-4.86144989e-09
0.49,-4.71103684e-07,-4.44299327e-07,1.74875952e-07,7.07422715e-07,3.31452905e-07,8.33146633e-08,2.67383249e-08,3.26042763e-08,3.34608955e-08,3.26607879e-08,-1.93194325e-06,-2.33061149e-06,-2.75475738e-06,6.50594173e-06,1.88311567e-06,6.39927185e-07,1.89992689e-07,2.47942687e-08,-3.75135507e-09,-5.09263954e-09
0.491,-4.75084643e-07,-4.50428734e-07,1.61371911e-07,7.1905784e-07,3.36855273e-07,8.42119654e-08,2.64665188e-08,3.19648159e-08,3.2740842e-08,3.20313443e-08,-1.94569105e-06,-2.3557388e-06,-2.79678869e-06,6.59181191e-06,1.91499366e-06,6.53571361e-07,1.9520823e-07,2.58688955e-08,-3.67606248e-09,-5.32588213e-09
0.492,-4.79053307e-07,-4.56602538e-07,1.4755649e-07,7.30582264e-07,3.42339439e-07,8.51432952e-08,2.62078626e-08,3.13416769e-08,3.20350421e-08,3.14163111e-08,-1.95941694e-06,-2.38110671e-06,-2.8393569e-06,6.67883427e-06,1.94737251e-06,6.67466856e-07,2.00540671e-07,2.6974502e-08,-3.59493517e-09,-5.56140629e-09
0.493,-4.8300873e-07,-4.6281936e-07,1.3344366e-07,7.42168075e-07,3.4789878e-07,8.61074491e-08,2.59619566e-08,3.07344464e-08,3.1343067e-08,3.08153392e-08,-1.97311928e-06,-2.4067203e-06,-2.88246522e-06,6.76700761e-06,1.98025828e-06,6.81616556e-07,2.05992124e-07,2.8111733e-08,-3.50783678e-09,-5.79942924e-09
0.494,-4.86949957e-07,-4.69078671e-07,1.19038211e-07,7.54034963e-07,3.53532791e-07,8.71042276e-08,2.57285779e-08,3.01427622e-08,3.06645181e-08,3.02280845e-08,-1.98679587e-06,-2.43258298e-06,-2.92612065e-06,6.85631361e-06,2.01366376e-06,6.96025025e-07,2.11565215e-07,2.92814254e-08,-3.41455158e-09,-6.04014133e-09
0.495,-4.90876114e-07,-4.75380186e-07,1.04341487e-07,7.66445173e-07,3.59242767e-07,8.81338639e-08,2.55075951e-08,2.95663018e-08,2.99990224e-08,2.96542086e-08,-2.00044408e-06,-2.45869671e-06,-2.970332e-06,6.94669683e-06,2.0476099e-06,7.10698245e-07,2.17262949e-07,3.04845529e-08,-3.314796e-09,-6.28370706e-09
0.496,-4.94786467e-07,-4.8172363e-07,8.9355877e-08,7.7972652e-07,3.65029679e-07,8.9196683e-08,2.52988994e-08,2.90047727e-08,2.93462257e-08,2.90933822e-08,-2.01406106e-06,-2.4850627e-06,-3.01510705e-06,7.03802672e-06,2.08212468e-06,7.25643325e-07,2.23088579e-07,3.17221838e-08,-3.20823703e-09,-6.53027243e-09
0.497,-4.98679961e-07,-4.8810803e-07,7.40904118e-08,7.94295996e-07,3.70894327e-07,9.02933784e-08,2.5102487e-08,2.84578691e-08,2.87057539e-08,2.85452796e-08,-2.02764653e-06,-2.51168799e-06,-3.06046442e-06,7.1300657e-06,2.11722715e-06,7.40865203e-07,2.29044917e-07,3.29953319e-08,-3.09455603e-09,-6.77999877e-09
0.498,-5.0255549e-07,-4.94533356e-07,5.85512644e-08,8.10669029e-07,3.76836933e-07,9.14246879e-08,2.49183353e-08,2.79252508e-08,2.80772109e-08,2.80096001e-08,-2.04119892e-06,-2.53857864e-06,-3.10642367e-06,7.22244244e-06,2.15293719e-06,7.56369145e-07,2.35134998e-07,3.43050303e-08,-2.97347404e-09,-7.03308039e-09
0.499,-5.06411875e-07,-5.01000415e-07,4.27422592e-08,8.29456698e-07,3.82857542e-07,9.25916658e-08,2.47464738e-08,2.74065561e-08,2.74601771e-08,2.74860658e-08,-2.05471583e-06,-2.56574046e-06,-3.15300248e-06,7.3146263e-06,2.18927235e-06,7.72160423e-07,2.4136204e-07,3.5652341e-08,-2.84476114e-09,-7.28975425e-09
0.5,-5.10248134e-07,-5.07511098e-07,2.66663743e-08,8.51358878e-07,3.8895492e-07,9.37949257e-08,2.458679e-08,2.6901356e-08,2.68541934e-08,2.69744134e-08,-2.06819567e-06,-2.59318168e-06,-3.20020719e-06,7.40591221e-06,2.22623371e-06,7.88240578e-07,2.47728483e-07,3.70381004e-08,-2.70829951e-09,-7.55031966e-09
0.501,-5.14063409e-07,-5.14070352e-07,1.03079168e-08,8.77053765e-07,3.9513753e-07,9.50362016e-08,2.44392601e-08,2.64091673e-08,2.62587694e-08,2.64743903e-08,-2.08163615e-06,-2.62090989e-06,-3.24804277e-06,7.49543441e-06,2.26381606e-06,8.04610238e-07,2.54236897e-07,3.84631915e-08,-2.56400432e-09,-7.81511747e-09
0.502,-5.17856679e-07,-5.20686028e-07,-6.37492804e-09,9.07051128e-07,4.01430049e-07,9.63205948e-08,2.43045011e-08,2.59295956e-08,2.56734342e-08,2.59857446e-08,-2.09503209e-06,-2.6489269e-06,-3.29653181e-06,7.58216045e-06,2.30203545e-06,8.2127593e-07,2.60891793e-07,3.99291418e-08,-2.41162685e-09,-8.08446158e-09
0.503,-5.21626927e-07,-5.27365295e-07,-2.34217985e-08,9.41712888e-07,4.07856909e-07,9.76542453e-08,2.4183496e-08,2.54623602e-08,2.50977497e-08,2.55082108e-08,-2.10837871e-06,-2.67723304e-06,-3.34570304e-06,7.66483113e-06,2.34091827e-06,8.38245521e-07,2.67698112e-07,4.14377549e-08,-2.2507906e-09,-8.35862585e-09
0.504,-5.25373532e-07,-5.34114087e-07,-4.08590431e-08,9.81338231e-07,4.14433796e-07,9.90420414e-08,2.40771224e-08,2.50072109e-08,2.45312886e-08,2.50415022e-08,-2.12167333e-06,-2.70582966e-06,-3.39557582e-06,7.74190379e-06,2.38048485e-06,8.55523265e-07,2.74659799e-07,4.29906794e-08,-2.08108134e-09,-8.63785978e-09
0.505,-5.29096145e-07,-5.40938067e-07,-5.87089338e-08,1.02616727e-06,4.21175323e-07,1.00488698e-07,2.39863403e-08,2.45639623e-08,2.3973642e-08,2.45853129e-08,-2.13491455e-06,-2.73471711e-06,-3.44616271e-06,7.811535e-06,2.42075227e-06,8.73111313e-07,2.81780314e-07,4.45895965e-08,-1.90199389e-09,-8.92237339e-09
0.506,-5.32794684e-07,-5.47842493e-07,-7.6989682e-08,1.07636233e-06,4.2809609e-07,1.01999135e-07,2.39123036e-08,2.41325443e-08,2.34244308e-08,2.41393228e-08,-2.14810226e-06,-2.76389445e-06,-3.49746681e-06,7.87158411e-06,2.46173291e-06,8.91009472e-07,2.890626e-07,4.62362814e-08,-1.71291378e-09,-9.21233081e-09
0.507,-5.36469755e-07,-5.54833468e-07,-9.57197535e-08,1.13199255e-06,4.35206316e-07,1.03577205e-07,2.38560683e-08,2.37129519e-08,2.28832973e-08,2.370322e-08,-2.1612346e-06,-2.79335381e-06,-3.54946359e-06,7.91962789e-06,2.50343982e-06,9.09216711e-07,2.96509531e-07,4.79325657e-08,-1.51316559e-09,-9.50787997e-09
0.508,-5.4012211e-07,-5.61917315e-07,-1.1491677e-07,1.19298157e-06,4.42515708e-07,1.05226585e-07,2.38188284e-08,2.33052169e-08,2.23498797e-08,2.32766936e-08,-2.17431011e-06,-2.8230862e-06,-3.60211882e-06,7.95301619e-06,2.54587294e-06,9.27728967e-07,3.04123695e-07,4.96803225e-08,-1.30202915e-09,-9.80916988e-09
0.509,-5.43752459e-07,-5.69100551e-07,-1.34599576e-07,1.25904709e-06,4.50035912e-07,1.06951342e-07,2.38020484e-08,2.29094642e-08,2.18238297e-08,2.28594384e-08,-2.18732633e-06,-2.85307913e-06,-3.65539492e-06,7.96892567e-06,2.58902917e-06,9.46541661e-07,3.11908094e-07,5.14817237e-08,-1.07868109e-09,-1.011634e-08
0.51,-5.47361106e-07,-5.76388442e-07,-1.54782762e-07,1.32968966e-06,4.57775924e-07,1.08756287e-07,2.38076681e-08,2.25259807e-08,2.1304838e-08,2.24511608e-08,-2.20027807e-06,-2.88331323e-06,-3.7092588e-06,7.96439961e-06,2.63291532e-06,9.65653627e-07,3.1986725e-07,5.33395539e-08,-8.42120245e-10,-1.04295021e-08
0.511,-5.50948184e-07,-5.83782179e-07,-1.75451448e-07,1.40434953e-06,4.65719774e-07,1.10643405e-07,2.38375554e-08,2.21551572e-08,2.07926187e-08,2.205157e-08,-2.2131601e-06,-2.91376633e-06,-3.76366479e-06,7.9363723e-06,2.67752327e-06,9.85060426e-07,3.28005255e-07,5.52566045e-08,-5.91316152e-10,-1.07487764e-08
0.512,-5.545144e-07,-5.91279372e-07,-1.96552705e-07,1.48258167e-06,4.73821303e-07,1.12608935e-07,2.38927618e-08,2.17973629e-08,2.02868779e-08,2.16603655e-08,-2.22597117e-06,-2.94442006e-06,-3.81852668e-06,7.88174498e-06,2.72279802e-06,1.00474489e-06,3.3632294e-07,5.7234853e-08,-3.25407317e-10,-1.10743318e-08
0.513,-5.58060934e-07,-5.98877822e-07,-2.18028904e-07,1.56398804e-06,4.82031511e-07,1.14647198e-07,2.39740307e-08,2.14530136e-08,1.97873493e-08,2.12772492e-08,-2.23870973e-06,-2.9752515e-06,-3.87372442e-06,7.7975515e-06,2.76866216e-06,1.02468527e-06,3.44820255e-07,5.92761362e-08,-4.35462642e-11,-1.14063462e-08
0.514,-5.61589019e-07,-6.06575171e-07,-2.39826072e-07,1.64809506e-06,4.90304942e-07,1.16752716e-07,2.40822765e-08,2.11226553e-08,1.92938202e-08,2.09019331e-08,-2.25137254e-06,-3.00623065e-06,-3.9291186e-06,7.68114981e-06,2.81502629e-06,1.04485937e-06,3.53497546e-07,6.13825064e-08,2.55191979e-10,-1.17449829e-08
0.515,-5.65100351e-07,-6.1436844e-07,-2.61883684e-07,1.73432385e-06,4.98590178e-07,1.1891802e-07,2.42181118e-08,2.0806879e-08,1.8806119e-08,2.05341425e-08,-2.26395639e-06,-3.0373241e-06,-3.98454063e-06,7.53038665e-06,2.86178133e-06,1.06524088e-06,3.62354243e-07,6.35557468e-08,5.71682712e-10,-1.20904148e-08
0.516,-5.68596713e-07,-6.22254816e-07,-2.84143259e-07,1.82190556e-06,5.06841437e-07,1.21135551e-07,2.43821199e-08,2.05063233e-08,1.83241141e-08,2.0173618e-08,-2.2764571e-06,-3.06849477e-06,-4.03981073e-06,7.3437648e-06,2.90881146e-06,1.08580357e-06,3.71390056e-07,6.57977013e-08,9.06831798e-10,-1.24428071e-08
0.517,-5.72079013e-07,-6.30229261e-07,-3.06545819e-07,1.90983419e-06,5.1501795e-07,1.23399451e-07,2.45753797e-08,2.02217638e-08,1.78477392e-08,1.98201135e-08,-2.28887001e-06,-3.09970409e-06,-4.09477273e-06,7.12057899e-06,2.95599557e-06,1.10652347e-06,3.80605683e-07,6.81106422e-08,1.26170117e-09,-1.28022672e-08
0.518,-5.75547931e-07,-6.38283644e-07,-3.29018188e-07,1.99700229e-06,5.23060621e-07,1.25701398e-07,2.4798625e-08,1.99540308e-08,1.73769875e-08,1.94734108e-08,-2.30118929e-06,-3.13091013e-06,-4.14927353e-06,6.86094153e-06,3.00321022e-06,1.12737717e-06,3.90001828e-07,7.04968105e-08,1.63737982e-09,-1.31688784e-08
0.519,-5.79004384e-07,-6.46407569e-07,-3.51469252e-07,2.08235599e-06,5.30890226e-07,1.28028998e-07,2.50517638e-08,1.970388e-08,1.69118726e-08,1.9133315e-08,-2.31341126e-06,-3.16207505e-06,-4.20315784e-06,6.56580052e-06,3.05031538e-06,1.14833669e-06,3.99577408e-07,7.29578059e-08,2.03483142e-09,-1.35427335e-08
0.52,-5.82449521e-07,-6.54590536e-07,-3.73809726e-07,2.16490432e-06,5.38425047e-07,1.30367675e-07,2.53340009e-08,1.9471969e-08,1.64524248e-08,1.87996499e-08,-2.32553447e-06,-3.19316643e-06,-4.2562797e-06,6.23697379e-06,3.09715433e-06,1.16936973e-06,4.09329565e-07,7.54946165e-08,2.45490048e-09,-1.39239153e-08
0.521,-5.85884223e-07,-6.62823652e-07,-3.95976097e-07,2.24357956e-06,5.45602145e-07,1.32704603e-07,2.56444678e-08,1.92589307e-08,1.59987226e-08,1.84722748e-08,-2.337555e-06,-3.22414859e-06,-4.3085146e-06,5.87714605e-06,3.14358787e-06,1.1904503e-06,4.19256771e-07,7.81084682e-08,2.89850591e-09,-1.43124651e-08
0.522,-5.89308826e-07,-6.71098775e-07,-4.17922643e-07,2.31718111e-06,5.52375035e-07,1.35029747e-07,2.59825284e-08,1.90653813e-08,1.55508914e-08,1.81510939e-08,-2.34946498e-06,-3.25498141e-06,-4.35976377e-06,5.48977431e-06,3.18951925e-06,1.21156478e-06,4.29360422e-07,8.08011024e-08,3.36666219e-09,-1.47083896e-08
0.523,-5.92723373e-07,-6.79406557e-07,-4.39596319e-07,2.3845185e-06,5.5869401e-07,1.37332805e-07,2.63472915e-08,1.8891815e-08,1.51090508e-08,1.78360322e-08,-2.36125854e-06,-3.28563357e-06,-4.40996121e-06,5.07892794e-06,3.23487241e-06,1.232703e-06,4.39641807e-07,8.3573844e-08,3.86023936e-09,-1.51117087e-08
0.524,-5.96127597e-07,-6.87737229e-07,-4.60943346e-07,2.44452765e-06,5.64507951e-07,1.39603121e-07,2.67374507e-08,1.87385586e-08,1.46733076e-08,1.75270398e-08,-2.37293047e-06,-3.31607981e-06,-4.45907337e-06,4.64908889e-06,3.27959644e-06,1.25386004e-06,4.50102545e-07,8.64277188e-08,4.37997927e-09,-1.55224645e-08
0.525,-5.99520697e-07,-6.96080637e-07,-4.81910558e-07,2.49636234e-06,5.6976866e-07,1.41831025e-07,2.71516103e-08,1.86057824e-08,1.42437457e-08,1.72240817e-08,-2.38447618e-06,-3.34630143e-06,-4.50710504e-06,4.20494566e-06,3.32366866e-06,1.27503766e-06,4.60745143e-07,8.93636435e-08,4.92652944e-09,-1.59407112e-08
0.526,-6.02902396e-07,-7.04427485e-07,-5.02442363e-07,2.53954221e-06,5.74419414e-07,1.44004606e-07,2.7587512e-08,1.84934123e-08,1.38204079e-08,1.69271496e-08,-2.39589289e-06,-3.37628763e-06,-4.55407632e-06,3.75116389e-06,3.36709333e-06,1.29623989e-06,4.71571141e-07,9.23817284e-08,5.50025351e-09,-1.63665752e-08
0.527,-6.06272957e-07,-7.12770768e-07,-5.22497436e-07,2.57393214e-06,5.78409736e-07,1.46111253e-07,2.80421461e-08,1.8401165e-08,1.34033053e-08,1.66362616e-08,-2.40717956e-06,-3.4060341e-06,-4.6000194e-06,3.29223929e-06,3.4098913e-06,1.31747202e-06,4.82581121e-07,9.54814528e-08,6.10131779e-09,-1.68002287e-08
0.528,-6.09632312e-07,-7.21105833e-07,-5.42062078e-07,2.59955913e-06,5.8171657e-07,1.48142224e-07,2.85127135e-08,1.83286624e-08,1.29924398e-08,1.63514559e-08,-2.41833439e-06,-3.43553798e-06,-4.64498721e-06,2.83241207e-06,3.45210241e-06,1.33874588e-06,4.93777048e-07,9.86625863e-08,6.72995813e-09,-1.72418195e-08
0.529,-6.12979595e-07,-7.29428747e-07,-5.61140732e-07,2.61651537e-06,5.84334957e-07,1.50093154e-07,2.89969646e-08,1.82755026e-08,1.25878241e-08,1.60727952e-08,-2.42935196e-06,-3.46479143e-06,-4.68904638e-06,2.37555277e-06,3.49379963e-06,1.36008526e-06,5.05164265e-07,1.01925825e-07,7.3866374e-09,-1.76914429e-08
0.53,-6.1631357e-07,-7.37734298e-07,-5.79732004e-07,2.62510199e-06,5.8624747e-07,1.51959426e-07,2.94924711e-08,1.82412293e-08,1.21894751e-08,1.58003701e-08,-2.44022572e-06,-3.49378628e-06,-4.73226906e-06,1.92501869e-06,3.53508441e-06,1.38152036e-06,5.16749561e-07,1.05272156e-07,8.07189879e-09,-1.8149187e-08
0.531,-6.1963342e-07,-7.46016587e-07,-5.97818414e-07,2.626024e-06,5.87422522e-07,1.53733509e-07,2.99960535e-08,1.82251764e-08,1.17973422e-08,1.55342636e-08,-2.45095658e-06,-3.52253319e-06,-4.77475054e-06,1.4835685e-06,3.57605322e-06,1.4030721e-06,5.28535862e-07,1.08701252e-07,8.7859626e-09,-1.86152153e-08
0.532,-6.2293889e-07,-7.54272857e-07,-6.15395016e-07,2.62029398e-06,5.87845229e-07,1.55408446e-07,3.05041173e-08,1.82264474e-08,1.14112994e-08,1.52745603e-08,-2.46154712e-06,-3.55104837e-06,-4.81658688e-06,1.05333336e-06,3.6168088e-06,1.42476036e-06,5.40525067e-07,1.12212197e-07,9.52880822e-09,-1.90897891e-08
0.533,-6.26229834e-07,-7.62503267e-07,-6.32478254e-07,2.60902431e-06,5.8752762e-07,1.56980647e-07,3.10133264e-08,1.82440738e-08,1.103119e-08,1.5021357e-08,-2.47199865e-06,-3.5793457e-06,-4.85786436e-06,6.35874746e-07,3.65745779e-06,1.44660837e-06,5.52720134e-07,1.15804257e-07,1.03003669e-08,-1.95732345e-08
0.534,-6.29506959e-07,-7.70711232e-07,-6.49100453e-07,2.59328562e-06,5.86504981e-07,1.58447916e-07,3.15202028e-08,1.82769914e-08,1.06568052e-08,1.47747568e-08,-2.48231518e-06,-3.60744527e-06,-4.89866197e-06,2.32269924e-07,3.6981027e-06,1.46863478e-06,5.65122087e-07,1.19475883e-07,1.11002615e-08,-2.00660081e-08
0.535,-6.32770768e-07,-7.78903121e-07,-6.65320944e-07,2.57379195e-06,5.84851351e-07,1.59813486e-07,3.20219688e-08,1.83241128e-08,1.02878954e-08,1.45348603e-08,-2.49249805e-06,-3.63536087e-06,-4.93904279e-06,-1.56762961e-07,3.73883765e-06,1.49086317e-06,5.77733982e-07,1.23226136e-07,1.19281532e-08,-2.05686198e-08
0.536,-6.36019781e-07,-7.87083132e-07,-6.81209484e-07,2.55072144e-06,5.82656697e-07,1.61087371e-07,3.2517504e-08,1.83845606e-08,9.92424467e-09,1.43017578e-08,-2.50254158e-06,-3.66309008e-06,-4.97905696e-06,-5.3075486e-07,3.77974323e-06,1.51332985e-06,5.90564901e-07,1.27056401e-07,1.27842989e-08,-2.10814706e-08
0.537,-6.39252023e-07,-7.95251701e-07,-6.96811204e-07,2.52401964e-06,5.79974664e-07,1.62276648e-07,3.30055963e-08,1.84575324e-08,9.56564668e-09,1.40755405e-08,-2.51243957e-06,-3.69062918e-06,-5.01875095e-06,-8.89509296e-07,3.82090847e-06,1.53607188e-06,6.0362466e-07,1.3096846e-07,1.36691059e-08,-2.16049578e-08
0.538,-6.42466111e-07,-8.03407786e-07,-7.12147965e-07,2.49369215e-06,5.76826351e-07,1.63382781e-07,3.34841023e-08,1.85421177e-08,9.21183768e-09,1.38562864e-08,-2.52219031e-06,-3.7179849e-06,-5.05817834e-06,-1.23312996e-06,3.86242762e-06,1.55911867e-06,6.1692008e-07,1.34963138e-07,1.45827558e-08,-2.21395641e-08
0.539,-6.4566072e-07,-8.11550027e-07,-7.27238743e-07,2.45980727e-06,5.73229337e-07,1.64406133e-07,3.3950729e-08,1.86373853e-08,8.8625213e-09,1.36440531e-08,-2.53179415e-06,-3.74516813e-06,-5.0973938e-06,-1.56196783e-06,3.90438161e-06,1.58249422e-06,6.30456602e-07,1.39041001e-07,1.55254352e-08,-2.26857906e-08
0.54,-6.48834504e-07,-8.19677604e-07,-7.42108712e-07,2.42240629e-06,5.69203691e-07,1.65347466e-07,3.44032809e-08,1.87424363e-08,8.51739611e-09,1.3438898e-08,-2.54124883e-06,-3.77218253e-06,-5.13643021e-06,-1.87654758e-06,3.94684699e-06,1.60622402e-06,6.44240987e-07,1.43203155e-07,1.64975161e-08,-2.32441396e-08
0.541,-6.51986149e-07,-8.27790286e-07,-7.56785381e-07,2.38146856e-06,5.6476719e-07,1.66207802e-07,3.48396976e-08,1.88563636e-08,8.17612492e-09,1.32408698e-08,-2.55054942e-06,-3.79902481e-06,-5.17530084e-06,-2.1774926e-06,3.98989834e-06,1.63033706e-06,6.58281834e-07,1.4745136e-07,1.74994909e-08,-2.38151482e-08
0.542,-6.55114183e-07,-8.35887345e-07,-7.71291748e-07,2.33693546e-06,5.59931968e-07,1.66988593e-07,3.52582329e-08,1.89782557e-08,7.8383148e-09,1.30499842e-08,-2.55969174e-06,-3.82569324e-06,-5.21402071e-06,-2.46546146e-06,4.03359506e-06,1.65486082e-06,6.72587764e-07,1.51787583e-07,1.85318718e-08,-2.43993886e-08
0.543,-6.58216222e-07,-8.43966096e-07,-7.85643479e-07,2.28873431e-06,5.54694482e-07,1.67692059e-07,3.56576422e-08,1.91072317e-08,7.50354712e-09,1.28662311e-08,-2.56866793e-06,-3.8521771e-06,-5.25259339e-06,-2.74112445e-06,4.07798349e-06,1.67982844e-06,6.87170609e-07,1.56215139e-07,1.95955107e-08,-2.49973999e-08
0.544,-6.61289623e-07,-8.52021745e-07,-7.99836113e-07,2.23700686e-06,5.49020219e-07,1.68317921e-07,3.60366386e-08,1.92423836e-08,7.17135118e-09,1.2689571e-08,-2.57747065e-06,-3.87846738e-06,-5.29103111e-06,-3.00517865e-06,4.1231105e-06,1.70527298e-06,7.02042638e-07,1.60737745e-07,2.0691314e-08,-2.56097508e-08
0.545,-6.6433365e-07,-8.60051382e-07,-8.13852076e-07,2.18234565e-06,5.42862545e-07,1.6886045e-07,3.63926461e-08,1.93826672e-08,6.84117315e-09,1.25199632e-08,-2.58610083e-06,-3.90457465e-06,-5.32937251e-06,-3.25839837e-06,4.16904972e-06,1.73121328e-06,7.17209576e-07,1.65356722e-07,2.1819514e-08,-2.62372318e-08
0.546,-6.67348392e-07,-8.68054915e-07,-8.27687828e-07,2.12556671e-06,5.36207395e-07,1.69315942e-07,3.67230639e-08,1.95270457e-08,6.51243942e-09,1.23573683e-08,-2.59456214e-06,-3.93051489e-06,-5.36765736e-06,-3.50158812e-06,4.21586667e-06,1.75766065e-06,7.32674588e-07,1.70072556e-07,2.29801971e-08,-2.68807046e-08
0.547,-6.70333338e-07,-8.76033265e-07,-8.41357676e-07,2.06738456e-06,5.29072987e-07,1.69686472e-07,3.70263832e-08,1.96746246e-08,6.18460621e-09,1.22017444e-08,-2.6028538e-06,-3.95629237e-06,-5.40590183e-06,-3.73548852e-06,4.2635997e-06,1.78463087e-06,7.48444107e-07,1.74887182e-07,2.41739164e-08,-2.7540941e-08
0.548,-6.73287819e-07,-8.83987408e-07,-8.54878751e-07,2.00836204e-06,5.21482031e-07,1.69975769e-07,3.73015256e-08,1.98246218e-08,5.8571621e-09,1.20530614e-08,-2.61097242e-06,-3.98190456e-06,-5.44410622e-06,-3.96074527e-06,4.31228297e-06,1.81214204e-06,7.64526474e-07,1.79803355e-07,2.54015379e-08,-2.8218667e-08
0.549,-6.7621106e-07,-8.91917633e-07,-8.6826331e-07,1.94896201e-06,5.13452346e-07,1.70187402e-07,3.754753e-08,1.99763221e-08,5.52962039e-09,1.19112952e-08,-2.61891477e-06,-4.00734916e-06,-5.48227009e-06,-4.1779214e-06,4.36194958e-06,1.84021086e-06,7.80930302e-07,1.84824047e-07,2.66641163e-08,-2.89145816e-08
0.55,-6.79101943e-07,-8.99823104e-07,-8.81516959e-07,1.88960223e-06,5.04999483e-07,1.70325421e-07,3.77637856e-08,2.0129047e-08,5.2014744e-09,1.17763931e-08,-2.62667954e-06,-4.03262896e-06,-5.52040815e-06,-4.38751083e-06,4.41262204e-06,1.86885076e-06,7.97663442e-07,1.89952244e-07,2.79627483e-08,-2.96293774e-08
0.551,-6.81959523e-07,-9.07703243e-07,-8.9464235e-07,1.83071227e-06,4.96137315e-07,1.70392834e-07,3.79494656e-08,2.02821026e-08,4.87218487e-09,1.16483021e-08,-2.63426523e-06,-4.05774633e-06,-5.55853615e-06,-4.58997393e-06,4.46433672e-06,1.89807649e-06,8.14733979e-07,1.95190966e-07,2.92984361e-08,-3.03638385e-08
0.552,-6.84783908e-07,-9.15559434e-07,-9.07644922e-07,1.77276483e-06,4.86899257e-07,1.70391933e-07,3.81033684e-08,2.04348141e-08,4.54117993e-09,1.15269758e-08,-2.64167528e-06,-4.08271533e-06,-5.59668852e-06,-4.78575422e-06,4.51715092e-06,1.92789466e-06,8.32145954e-07,2.005416e-07,3.06716734e-08,-3.11189392e-08
0.553,-6.8757578e-07,-9.2339589e-07,-9.20548679e-07,1.71605666e-06,4.77358158e-07,1.70328567e-07,3.82245784e-08,2.05865375e-08,4.20783175e-09,1.14123561e-08,-2.64891429e-06,-4.10755213e-06,-5.63490114e-06,-4.9752598e-06,4.57112099e-06,1.95831031e-06,8.49901981e-07,2.060049e-07,3.20826306e-08,-3.18958037e-08
0.554,-6.90333912e-07,-9.31215084e-07,-9.33391187e-07,1.66042327e-06,4.67587007e-07,1.70213915e-07,3.83136272e-08,2.07367691e-08,3.8715396e-09,1.13043544e-08,-2.6559766e-06,-4.13224714e-06,-5.67316488e-06,-5.15881083e-06,4.62625804e-06,1.98934657e-06,8.68013649e-07,2.11585209e-07,3.35324143e-08,-3.26953582e-08
0.555,-6.93055885e-07,-9.3901597e-07,-9.46197831e-07,1.6054224e-06,4.57608073e-07,1.7005641e-07,3.83713118e-08,2.08851057e-08,3.53176216e-09,1.12028745e-08,-2.66285129e-06,-4.15677808e-06,-5.71144838e-06,-5.33664957e-06,4.68256078e-06,2.0210354e-06,8.86497839e-07,2.17289068e-07,3.50228847e-08,-3.351835e-08
0.556,-6.95739862e-07,-9.46796405e-07,-9.58977008e-07,1.55067077e-06,4.47404461e-07,1.69858188e-07,3.83974694e-08,2.10311023e-08,3.18793946e-09,1.11078206e-08,-2.6695316e-06,-4.18113344e-06,-5.74974072e-06,-5.5090082e-06,4.74005655e-06,2.05340225e-06,9.05368398e-07,2.23121901e-07,3.65557088e-08,-3.43655908e-08
0.557,-6.98384095e-07,-9.54553623e-07,-9.71730683e-07,1.49591307e-06,4.36947261e-07,1.69619198e-07,3.83916281e-08,2.11743026e-08,2.83950527e-09,1.10190903e-08,-2.67601262e-06,-4.2053064e-06,-5.78804059e-06,-5.67614176e-06,4.79878071e-06,2.08646973e-06,9.24638103e-07,2.29088794e-07,3.81325847e-08,-3.52378955e-08
0.558,-7.00987048e-07,-9.62284949e-07,-9.84458897e-07,1.44102219e-06,4.26207845e-07,1.69338482e-07,3.83532215e-08,2.13142936e-08,2.48592307e-09,1.09365926e-08,-2.68229051e-06,-4.22929289e-06,-5.82634922e-06,-5.83832136e-06,4.85877201e-06,2.12025691e-06,9.44318934e-07,2.3519456e-07,3.97553215e-08,-3.61360663e-08
0.559,-7.03547977e-07,-9.69989691e-07,-9.97166997e-07,1.38595737e-06,4.15172826e-07,1.69015014e-07,3.82813526e-08,2.14506433e-08,2.12662201e-09,1.08602502e-08,-2.68836289e-06,-4.25309212e-06,-5.86467103e-06,-5.99582447e-06,4.92008437e-06,2.15478022e-06,9.64421242e-07,2.41443271e-07,4.1425505e-08,-3.70610266e-08
0.56,-7.0606606e-07,-9.7766801e-07,-1.0098689e-06,1.33061722e-06,4.03841479e-07,1.68650882e-07,3.81755931e-08,2.15829113e-08,1.7609718e-09,1.07899561e-08,-2.69422654e-06,-4.27670085e-06,-5.90300721e-06,-6.14891206e-06,4.98275779e-06,2.19005857e-06,9.84956155e-07,2.47839462e-07,4.3144765e-08,-3.80137264e-08
0.561,-7.08538989e-07,-9.85317613e-07,-1.02257651e-06,1.27476161e-06,3.92177438e-07,1.68249302e-07,3.80361618e-08,2.17106293e-08,1.38834043e-09,1.07255701e-08,-2.69987042e-06,-4.30009671e-06,-5.94132515e-06,-6.29780619e-06,5.04679521e-06,2.22612586e-06,1.00594255e-06,2.54390916e-07,4.49156525e-08,-3.89949096e-08
0.562,-7.10963943e-07,-9.92933521e-07,-1.03528235e-06,1.21827339e-06,3.80091108e-07,1.67808735e-07,3.78628862e-08,2.1833258e-08,1.00806084e-09,1.06669236e-08,-2.70528253e-06,-4.32325531e-06,-5.97959483e-06,-6.44270182e-06,5.11219949e-06,2.26302001e-06,1.02740155e-06,2.61106734e-07,4.67410333e-08,-4.00052578e-08
0.563,-7.13340379e-07,-1.00051295e-06,-1.04796448e-06,1.16147105e-06,3.67517045e-07,1.67323237e-07,3.76541835e-08,2.1950241e-08,6.19388646e-10,1.06138776e-08,-2.71046414e-06,-4.34618523e-06,-6.01785083e-06,-6.58382025e-06,5.17904553e-06,2.30075506e-06,1.04934191e-06,2.67991171e-07,4.86223701e-08,-4.10458728e-08
0.564,-7.15668916e-07,-1.00805583e-06,-1.06060807e-06,1.10491898e-06,3.54465264e-07,1.66791562e-07,3.7408657e-08,2.20611553e-08,2.21599933e-10,1.0566335e-08,-2.71542289e-06,-4.36891068e-06,-6.0561554e-06,-6.72141779e-06,5.24743397e-06,2.33933132e-06,1.07176579e-06,2.75045706e-07,5.05604769e-08,-4.21180717e-08
0.565,-7.1794974e-07,-1.01556282e-06,-1.07321044e-06,1.04912488e-06,3.40996147e-07,1.66219127e-07,3.71261079e-08,2.21657783e-08,-1.85950212e-10,1.05242203e-08,-2.72016325e-06,-4.39144789e-06,-6.09455323e-06,-6.85574302e-06,5.31744051e-06,2.37875266e-06,1.09467806e-06,2.82272945e-07,5.25566079e-08,-4.32230853e-08
0.566,-7.20183558e-07,-1.0230365e-06,-1.08577926e-06,9.94450624e-07,3.2720543e-07,1.65614723e-07,3.68068368e-08,2.22640457e-08,-6.03864052e-10,1.04874876e-08,-2.7246908e-06,-4.41381551e-06,-6.1330895e-06,-6.98701275e-06,5.3891378e-06,2.41901762e-06,1.11808182e-06,2.89674763e-07,5.4611955e-08,-4.43621904e-08
0.567,-7.22370225e-07,-1.03047905e-06,-1.09833216e-06,9.40958026e-07,3.13177721e-07,1.64989655e-07,3.64518402e-08,2.23559203e-08,-1.03269467e-09,1.045609e-08,-2.72900508e-06,-4.43601747e-06,-6.17177795e-06,-7.11540438e-06,5.46256476e-06,2.46013467e-06,1.1419859e-06,2.97255223e-07,5.67285339e-08,-4.55364707e-08
0.568,-7.24507743e-07,-1.03788924e-06,-1.11088276e-06,8.88445275e-07,2.98923003e-07,1.64352387e-07,3.60623931e-08,2.24412713e-08,-1.47298983e-09,1.04299359e-08,-2.73309585e-06,-4.4580336e-06,-6.21058803e-06,-7.24105e-06,5.53771816e-06,2.50213332e-06,1.16640995e-06,3.05022956e-07,5.8909666e-08,-4.67466869e-08
0.569,-7.2659442e-07,-1.04526473e-06,-1.12343117e-06,8.36769613e-07,2.84409996e-07,1.63704255e-07,3.56387363e-08,2.25199153e-08,-1.92535954e-09,1.04089192e-08,-2.73695595e-06,-4.47985131e-06,-6.24950679e-06,-7.36406075e-06,5.61462344e-06,2.54503942e-06,1.19137146e-06,3.12985949e-07,6.11583823e-08,-4.79937287e-08
0.57,-7.28630109e-07,-1.05260538e-06,-1.1359764e-06,7.85962621e-07,2.69649437e-07,1.63045252e-07,3.51803513e-08,2.25917391e-08,-2.39048344e-09,1.03929521e-08,-2.74058762e-06,-4.50148098e-06,-6.28856712e-06,-7.4845627e-06,5.69336219e-06,2.58886071e-06,1.21687811e-06,3.21148131e-07,6.34764774e-08,-4.92788942e-08
0.571,-7.3061474e-07,-1.05991241e-06,-1.14853042e-06,7.36007253e-07,2.54692822e-07,1.62380632e-07,3.46872659e-08,2.26567006e-08,-2.86911921e-09,1.03819248e-08,-2.74399279e-06,-4.52293135e-06,-6.32780126e-06,-7.60270001e-06,5.77401985e-06,2.63360798e-06,1.24293717e-06,3.29513265e-07,6.58654503e-08,-5.06036515e-08
0.572,-7.3254667e-07,-1.06718506e-06,-1.16111157e-06,6.86670418e-07,2.39551637e-07,1.61717939e-07,3.41605655e-08,2.2714789e-08,-3.36200248e-09,1.03756802e-08,-2.74716437e-06,-4.54418871e-06,-6.36719826e-06,-7.71861103e-06,5.85663082e-06,2.67931221e-06,1.26956609e-06,3.38089397e-07,6.83280181e-08,-5.19691791e-08
0.573,-7.34423901e-07,-1.07442152e-06,-1.17373454e-06,6.37624029e-07,2.24174476e-07,1.61060191e-07,3.3601031e-08,2.27659321e-08,-3.86983347e-09,1.03740607e-08,-2.75009238e-06,-4.56523246e-06,-6.40673008e-06,-7.83241545e-06,5.94121392e-06,2.72600968e-06,1.29678635e-06,3.468862e-07,7.08676282e-08,-5.33764852e-08
0.574,-7.36244355e-07,-1.08161913e-06,-1.18640823e-06,5.88556917e-07,2.08459628e-07,1.60406045e-07,3.30088159e-08,2.28099288e-08,-4.39333869e-09,1.03769007e-08,-2.75276633e-06,-4.586041e-06,-6.4463659e-06,-7.94422433e-06,6.02779119e-06,2.77373884e-06,1.32462084e-06,3.55913933e-07,7.3488059e-08,-5.4826518e-08
0.575,-7.38005463e-07,-1.08877344e-06,-1.19913086e-06,5.39259632e-07,1.92260853e-07,1.59749487e-07,3.23835993e-08,2.28464983e-08,-4.9331924e-09,1.03840537e-08,-2.75517354e-06,-4.60658792e-06,-6.48606428e-06,-8.05414491e-06,6.11638307e-06,2.82254411e-06,1.35309661e-06,3.65184489e-07,7.61938311e-08,-5.63200629e-08
0.576,-7.39706042e-07,-1.09588131e-06,-1.21189144e-06,4.89778974e-07,1.75479635e-07,1.59082776e-07,3.17245184e-08,2.28755145e-08,-5.49003626e-09,1.03954303e-08,-2.75731094e-06,-4.62687113e-06,-6.52582969e-06,-8.16228435e-06,6.20705782e-06,2.87244651e-06,1.38223056e-06,3.74705667e-07,7.89885541e-08,-5.78581855e-08
0.577,-7.41346267e-07,-1.10294253e-06,-1.22468578e-06,4.40296742e-07,1.58118383e-07,1.58405167e-07,3.10310519e-08,2.28970383e-08,-6.06458467e-09,1.04109643e-08,-2.75918356e-06,-4.64690815e-06,-6.56570771e-06,-8.26875985e-06,6.29992743e-06,2.92344801e-06,1.41202889e-06,3.84481044e-07,8.18745107e-08,-5.94423846e-08
0.578,-7.42925419e-07,-1.10995677e-06,-1.23752052e-06,3.90860932e-07,1.40181258e-07,1.57722722e-07,3.03036972e-08,2.29110876e-08,-6.65759038e-09,1.04305601e-08,-2.7607893e-06,-4.66669868e-06,-6.60571173e-06,-8.37368812e-06,6.3950764e-06,2.97556854e-06,1.44250542e-06,3.94517407e-07,8.48547874e-08,-6.10740201e-08
0.579,-7.44441372e-07,-1.11692115e-06,-1.25039879e-06,3.41400655e-07,1.21586596e-07,1.57038453e-07,2.9542919e-08,2.29174754e-08,-7.26981942e-09,1.04540802e-08,-2.76211687e-06,-4.68621974e-06,-6.64581214e-06,-8.47716805e-06,6.4925546e-06,3.02885243e-06,1.47368605e-06,4.04826825e-07,8.7933979e-08,-6.27540903e-08
0.58,-7.45892423e-07,-1.12383207e-06,-1.26331144e-06,2.91966364e-07,1.02239844e-07,1.56349536e-07,2.87480089e-08,2.29159581e-08,-7.90212502e-09,1.04813839e-08,-2.76315883e-06,-4.70545736e-06,-6.68599989e-06,-8.5792856e-06,6.59245146e-06,3.08333745e-06,1.50559288e-06,4.15420253e-07,9.11161851e-08,-6.44838004e-08
0.581,-7.47278168e-07,-1.1306872e-06,-1.27624251e-06,2.42810385e-07,8.21439822e-08,1.55655782e-07,2.79182813e-08,2.2906576e-08,-8.55535988e-09,1.0512374e-08,-2.76391863e-06,-4.72442465e-06,-6.72631955e-06,-8.68012804e-06,6.69491582e-06,3.13903337e-06,1.53823441e-06,4.26303192e-07,9.44040355e-08,-6.62648039e-08
0.582,-7.48598401e-07,-1.13748482e-06,-1.28917722e-06,1.94251367e-07,6.1394022e-08,1.54962755e-07,2.70539529e-08,2.28896771e-08,-9.23024842e-09,1.0547035e-08,-2.76440112e-06,-4.74313854e-06,-6.76682084e-06,-8.77977833e-06,6.80011029e-06,3.19594373e-06,1.57161735e-06,4.37480075e-07,9.78000917e-08,-6.80988634e-08
0.583,-7.49853997e-07,-1.14422584e-06,-1.30210927e-06,1.46597704e-07,4.01970409e-08,1.54283159e-07,2.6156106e-08,2.28659903e-08,-9.92746772e-09,1.05854214e-08,-2.76461665e-06,-4.76162926e-06,-6.80757697e-06,-8.87830482e-06,6.90822568e-06,3.25405371e-06,1.60574004e-06,4.48951755e-07,1.01305976e-07,-6.99880891e-08
0.584,-7.51046008e-07,-1.15091339e-06,-1.31505023e-06,9.9944929e-08,1.87832873e-08,1.53638745e-07,2.5227326e-08,2.28363938e-08,-1.06476655e-08,1.06276015e-08,-2.76457411e-06,-4.77992394e-06,-6.84865217e-06,-8.97577007e-06,7.01943271e-06,3.31334838e-06,1.64060125e-06,4.60718826e-07,1.04923556e-07,-7.19345797e-08
0.585,-7.52172453e-07,-1.15754665e-06,-1.32801958e-06,5.40305504e-08,-2.8375522e-09,1.53046956e-07,2.42708782e-08,2.28012892e-08,-1.13914588e-08,1.06735326e-08,-2.76426108e-06,-4.79799781e-06,-6.89000997e-06,-9.07224634e-06,7.13379153e-06,3.37387278e-06,1.67622959e-06,4.72794167e-07,1.08658446e-07,-7.39394252e-08
0.586,-7.53230447e-07,-1.16412192e-06,-1.34102599e-06,8.54440833e-09,-2.48359219e-08,1.52508598e-07,2.32881268e-08,2.27606784e-08,-1.21595809e-08,1.0723076e-08,-2.76366007e-06,-4.81581302e-06,-6.9315903e-06,-9.16780438e-06,7.25134333e-06,3.43569027e-06,1.71266298e-06,4.85195219e-07,1.12517487e-07,-7.60034001e-08
0.587,-7.54218548e-07,-1.1706367e-06,-1.35407006e-06,-3.6643566e-08,-4.73496872e-08,1.52017227e-07,2.22786831e-08,2.27146166e-08,-1.29529017e-08,1.07761068e-08,-2.76276475e-06,-4.8333588e-06,-6.97338723e-06,-9.26251435e-06,7.37220145e-06,3.49883472e-06,1.74992463e-06,4.97933585e-07,1.16505757e-07,-7.81278672e-08
0.588,-7.55135577e-07,-1.17708883e-06,-1.36715424e-06,-8.15879444e-08,-7.04442298e-08,1.51572868e-07,2.12430769e-08,2.26634237e-08,-1.37723732e-08,1.08324446e-08,-2.76157365e-06,-4.85063592e-06,-7.01542305e-06,-9.3564678e-06,7.49651919e-06,3.56332694e-06,1.78802968e-06,5.11018151e-07,1.20627303e-07,-8.0314517e-08
0.589,-7.55980278e-07,-1.18347678e-06,-1.3802877e-06,-1.26386337e-07,-9.4188181e-08,1.51178816e-07,2.01818511e-08,2.26074005e-08,-1.46190212e-08,1.08919303e-08,-2.76008169e-06,-4.86763514e-06,-7.05770099e-06,-9.4497495e-06,7.62446832e-06,3.62920137e-06,1.82699782e-06,5.24459507e-07,1.24886422e-07,-8.25651696e-08
0.59,-7.567515e-07,-1.18979987e-06,-1.3934849e-06,-1.71205926e-07,-1.18715724e-07,1.50838875e-07,1.90955945e-08,2.25467473e-08,-1.54938691e-08,1.09544291e-08,-2.75828157e-06,-4.88434215e-06,-7.10021141e-06,-9.54243715e-06,7.7562206e-06,3.69650135e-06,1.86685349e-06,5.38269738e-07,1.29288145e-07,-8.48815464e-08
0.591,-7.57447204e-07,-1.19605587e-06,-1.40675937e-06,-2.16285333e-07,-1.44315516e-07,1.50554781e-07,1.79853583e-08,2.24814228e-08,-1.63979263e-08,1.10197304e-08,-2.75616063e-06,-4.90073042e-06,-7.14292172e-06,-9.63463103e-06,7.89190899e-06,3.76529022e-06,1.90763134e-06,5.5246529e-07,1.33839158e-07,-8.72648675e-08
0.592,-7.58064005e-07,-1.20223893e-06,-1.42011001e-06,-2.61812029e-07,-1.71450147e-07,1.50314996e-07,1.68511887e-08,2.24110221e-08,-1.73320942e-08,1.10876027e-08,-2.75369847e-06,-4.91675515e-06,-7.18576215e-06,-9.7264409e-06,8.03162172e-06,3.83566026e-06,1.94938244e-06,5.67069446e-07,1.38548591e-07,-8.971568e-08
0.593,-7.58600306e-07,-1.20834441e-06,-1.43351884e-06,-3.07684929e-07,-2.00447333e-07,1.50098127e-07,1.56910331e-08,2.23353937e-08,-1.82971966e-08,1.11579742e-08,-2.75088835e-06,-4.93240539e-06,-7.22872267e-06,-9.81793247e-06,8.17552969e-06,3.90765747e-06,1.99213936e-06,5.82097674e-07,1.4342375e-07,-9.22351538e-08
0.594,-7.59057026e-07,-1.2143718e-06,-1.44696952e-06,-3.53599775e-07,-2.31283953e-07,1.49897137e-07,1.45030609e-08,2.2255056e-08,-1.92941579e-08,1.12309224e-08,-2.7477418e-06,-4.94771452e-06,-7.27188082e-06,-9.90912979e-06,8.3239513e-06,3.98126196e-06,2.03590182e-06,5.97551964e-07,1.48467805e-07,-9.48258219e-08
0.595,-7.59434412e-07,-1.22032077e-06,-1.46045647e-06,-3.99345905e-07,-2.63814163e-07,1.49724799e-07,1.32881336e-08,2.21708288e-08,-2.03238937e-08,1.13065242e-08,-2.74426551e-06,-4.96270396e-06,-7.31529672e-06,-1.00000607e-05,8.47724838e-06,4.05646836e-06,2.08067374e-06,6.13436362e-07,1.53684248e-07,-9.74902708e-08
0.596,-7.59731921e-07,-1.22619043e-06,-1.47398003e-06,-4.44846431e-07,-2.97951565e-07,1.49597442e-07,1.20476762e-08,2.20834119e-08,-2.13873456e-08,1.13848489e-08,-2.74045794e-06,-4.97737475e-06,-7.35899282e-06,-1.0090753e-05,8.63580259e-06,4.13330063e-06,2.12647183e-06,6.29760427e-07,1.59078115e-07,-1.00230801e-07
0.597,-7.59948698e-07,-1.23197934e-06,-1.48754159e-06,-4.90087494e-07,-3.33682809e-07,1.49528621e-07,1.07823028e-08,2.19932675e-08,-2.24856304e-08,1.14659154e-08,-2.73631493e-06,-4.99172077e-06,-7.40298261e-06,-1.01812552e-05,8.80002851e-06,4.21179638e-06,2.17331694e-06,6.4653603e-07,1.64654808e-07,-1.03049736e-07
0.598,-7.60082906e-07,-1.23768336e-06,-1.50113515e-06,-5.35058532e-07,-3.71065721e-07,1.4953062e-07,9.49455678e-09,2.19010889e-08,-2.36197423e-08,1.15495752e-08,-2.73183116e-06,-5.00573451e-06,-7.4472812e-06,-1.02716717e-05,8.97032446e-06,4.29199638e-06,2.22123311e-06,6.63777575e-07,1.70420847e-07,-1.05948863e-07
0.599,-7.60133262e-07,-1.2432989e-06,-1.5147499e-06,-5.7967729e-07,-4.10088366e-07,1.49606724e-07,8.18544782e-09,2.18076596e-08,-2.47905912e-08,1.16358381e-08,-2.72700349e-06,-5.01941327e-06,-7.49190494e-06,-1.03620678e-05,9.14711354e-06,4.37393055e-06,2.27024275e-06,6.81497922e-07,1.76382663e-07,-1.08930233e-07
0.6,-7.60100578e-07,-1.24882656e-06,-1.52838307e-06,-6.23821705e-07,-4.50495785e-07,1.49769127e-07,6.8560429e-09,2.17143038e-08,-2.59991719e-08,1.17248651e-08,-2.72184159e-06,-5.03278488e-06,-7.53692365e-06,-1.04524443e-05,9.33092441e-06,4.45757206e-06,2.32034301e-06,6.99699014e-07,1.82543557e-07,-1.11997025e-07
0.601,-7.59985648e-07,-1.25426886e-06,-1.54204944e-06,-6.67540527e-07,-4.92073104e-07,1.50051964e-07,5.51107567e-09,2.16226762e-08,-2.72464473e-08,1.181681e-08,-2.71635261e-06,-5.04587244e-06,-7.58239704e-06,-1.05427923e-05,9.52232149e-06,4.54289934e-06,2.37153358e-06,7.18383057e-07,1.88907368e-07,-1.15152362e-07
0.602,-7.59786339e-07,-1.25962422e-06,-1.55576901e-06,-7.11104666e-07,-5.35109231e-07,1.50486105e-07,4.1570352e-09,2.15337999e-08,-2.85333145e-08,1.19116346e-08,-2.71052101e-06,-5.05864414e-06,-7.62828273e-06,-1.06331562e-05,9.72181429e-06,4.6299898e-06,2.42386004e-06,7.37571219e-07,1.95483759e-07,-1.18397763e-07
0.603,-7.59499864e-07,-1.26488889e-06,-1.56955384e-06,-7.54771201e-07,-5.80270375e-07,1.51078169e-07,2.79763023e-09,2.14481202e-08,-2.98608642e-08,1.20091334e-08,-2.70432729e-06,-5.07105752e-06,-7.67452132e-06,-1.07236125e-05,9.92995708e-06,4.71894539e-06,2.47737916e-06,7.57290374e-07,2.0228391e-07,-1.21734374e-07
0.604,-7.59124061e-07,-1.27005922e-06,-1.58340915e-06,-7.98681394e-07,-6.28312274e-07,1.51820738e-07,1.43394986e-09,2.13659207e-08,-3.12303868e-08,1.21090649e-08,-2.69775868e-06,-5.08308625e-06,-7.72108639e-06,-1.08142419e-05,1.01474254e-05,4.80984222e-06,2.53213611e-06,7.77563066e-07,2.09317661e-07,-1.25163896e-07
0.605,-7.58656729e-07,-1.27513078e-06,-1.59733554e-06,-8.42898931e-07,-6.7998425e-07,1.52706227e-07,6.717169e-11,2.12876735e-08,-3.26432201e-08,1.22110984e-08,-2.6908055e-06,-5.09471105e-06,-7.76796928e-06,-1.09051414e-05,1.03750443e-05,4.90273822e-06,2.58816787e-06,7.98409666e-07,2.16593986e-07,-1.2868836e-07
0.606,-7.58096982e-07,-1.28010199e-06,-1.61133858e-06,-8.87454411e-07,-7.35962203e-07,1.53731996e-07,-1.30338518e-09,2.1213881e-08,-3.41009018e-08,1.23151216e-08,-2.68346342e-06,-5.10592392e-06,-7.81517873e-06,-1.09963389e-05,1.06138484e-05,4.99766582e-06,2.64549914e-06,8.19844798e-07,2.24120027e-07,-1.32310756e-07
0.607,-7.57444273e-07,-1.28497264e-06,-1.62543136e-06,-9.32433693e-07,-7.97052951e-07,1.54915895e-07,-2.67580743e-09,2.11453007e-08,-3.5604982e-08,1.24210587e-08,-2.67572887e-06,-5.11672065e-06,-7.86273256e-06,-1.10878477e-05,1.08650807e-05,5.09465685e-06,2.70415251e-06,8.41881949e-07,2.31903304e-07,-1.36033879e-07
0.608,-7.5669566e-07,-1.28973781e-06,-1.63961919e-06,-9.77973317e-07,-8.64561455e-07,1.56276642e-07,-4.04544832e-09,2.10823739e-08,-3.71568056e-08,1.25286595e-08,-2.66758241e-06,-5.12706085e-06,-7.9105879e-06,-1.1179761e-05,1.11301187e-05,5.19383477e-06,2.76418876e-06,8.64550825e-07,2.39956994e-07,-1.39858488e-07
0.609,-7.55847091e-07,-1.29438834e-06,-1.6538838e-06,-1.02404677e-06,-9.40013534e-07,1.57794e-07,-5.41190736e-09,2.10249822e-08,-3.87575575e-08,1.26377386e-08,-2.6589983e-06,-5.1368893e-06,-7.95867386e-06,-1.12721888e-05,1.14105067e-05,5.29537602e-06,2.8256932e-06,8.87891088e-07,2.48297975e-07,-1.43784124e-07
0.61,-7.54897353e-07,-1.29891806e-06,-1.66819324e-06,-1.07035299e-06,-1.02428962e-06,1.59425588e-07,-6.78004632e-09,2.09735958e-08,-4.04085529e-08,1.27483806e-08,-2.64997543e-06,-5.14621073e-06,-8.00702803e-06,-1.13651508e-05,1.17081734e-05,5.39932505e-06,2.88869611e-06,9.11919948e-07,2.56936593e-07,-1.47812416e-07
0.611,-7.53846817e-07,-1.30332384e-06,-1.68252073e-06,-1.11652966e-06,-1.11743272e-06,1.6115023e-07,-8.15448811e-09,2.09294422e-08,-4.2111209e-08,1.2860887e-08,-2.64052666e-06,-5.15506244e-06,-8.05574804e-06,-1.14586025e-05,1.20255086e-05,5.50562584e-06,2.95318697e-06,9.36637587e-07,2.65877282e-07,-1.51947496e-07
0.612,-7.52695925e-07,-1.30760406e-06,-1.69685217e-06,-1.16232557e-06,-1.21897412e-06,1.62980448e-07,-9.53578268e-09,2.08944586e-08,-4.3866853e-08,1.29756594e-08,-2.63066425e-06,-5.16347896e-06,-8.10492599e-06,-1.15524871e-05,1.2365352e-05,5.61419814e-06,3.01914966e-06,9.62041553e-07,2.75122768e-07,-1.56194906e-07
0.613,-7.51445292e-07,-1.31175888e-06,-1.71118922e-06,-1.20764836e-06,-1.32826451e-06,1.64959748e-07,-1.09210339e-08,2.08709443e-08,-4.56769773e-08,1.30931421e-08,-2.62039969e-06,-5.1714917e-06,-8.1546502e-06,-1.16467736e-05,1.27309793e-05,5.72495595e-06,3.08656641e-06,9.88127807e-07,2.84674451e-07,-1.60561567e-07
0.614,-7.50092425e-07,-1.31578272e-06,-1.7255313e-06,-1.25253542e-06,-1.44496773e-06,1.67142723e-07,-1.23006535e-08,2.08612081e-08,-4.75428461e-08,1.32133167e-08,-2.60972678e-06,-5.17909122e-06,-8.20495175e-06,-1.17416685e-05,1.31258525e-05,5.83793683e-06,3.15546718e-06,1.01491236e-06,2.945397e-07,-1.6505263e-07
0.615,-7.48632365e-07,-1.31966378e-06,-1.7398591e-06,-1.29695753e-06,-1.56877998e-06,1.69537663e-07,-1.36661635e-08,2.08670676e-08,-4.94655443e-08,1.33358663e-08,-2.59862659e-06,-5.18623933e-06,-8.25582367e-06,-1.1837618e-05,1.35532338e-05,5.95331116e-06,3.22592906e-06,1.04243013e-06,3.04732323e-07,-1.69670896e-07
0.616,-7.47061653e-07,-1.32339209e-06,-1.75414743e-06,-1.34072877e-06,-1.69834786e-06,1.72101453e-07,-1.50174576e-08,2.08899397e-08,-5.14466636e-08,1.34606643e-08,-2.58709408e-06,-5.19293194e-06,-8.30732908e-06,-1.19351576e-05,1.40157635e-05,6.07122966e-06,3.2980052e-06,1.07070422e-06,3.15263248e-07,-1.74419918e-07
0.617,-7.45377924e-07,-1.32696085e-06,-1.7683831e-06,-1.3836672e-06,-1.8307677e-06,1.74799833e-07,-1.63541435e-08,2.09315491e-08,-5.34882887e-08,1.35875694e-08,-2.57513618e-06,-5.1991972e-06,-8.35960977e-06,-1.20349909e-05,1.45146925e-05,6.1918462e-06,3.37172106e-06,1.09974453e-06,3.2614005e-07,-1.79303859e-07
0.618,-7.43577367e-07,-1.3303628e-06,-1.78256688e-06,-1.42572982e-06,-1.96181308e-06,1.77623319e-07,-1.76700947e-08,2.0993731e-08,-5.55926589e-08,1.37162512e-08,-2.5627512e-06,-5.2050454e-06,-8.41280044e-06,-1.21381406e-05,1.50485416e-05,6.3155194e-06,3.44714252e-06,1.12957389e-06,3.37374702e-07,-1.84325321e-07
0.619,-7.4165498e-07,-1.33359011e-06,-1.79670846e-06,-1.46698035e-06,-2.08593821e-06,1.80562556e-07,-1.89555433e-08,2.10783075e-08,-5.77621469e-08,1.38461134e-08,-2.54993043e-06,-5.21047183e-06,-8.46703175e-06,-1.2245994e-05,1.56113546e-05,6.44288128e-06,3.52438797e-06,1.16023174e-06,3.48984649e-07,-1.89485255e-07
0.62,-7.39605286e-07,-1.33663541e-06,-1.81082405e-06,-1.50754336e-06,-2.19602399e-06,1.83593433e-07,-2.01986379e-08,2.11872137e-08,-5.99992474e-08,1.39761925e-08,-2.53666434e-06,-5.21547045e-06,-8.5224497e-06,-1.23602746e-05,1.61906003e-05,6.57485735e-06,3.60361912e-06,1.19177007e-06,3.60991768e-07,-1.94783205e-07
0.621,-7.37423004e-07,-1.33949317e-06,-1.82493644e-06,-1.54758873e-06,-2.283106e-06,1.86665898e-07,-2.13871908e-08,2.13226172e-08,-6.23063424e-08,1.41052718e-08,-2.52294318e-06,-5.22003197e-06,-8.57918919e-06,-1.24828735e-05,1.67649168e-05,6.71267852e-06,3.68504216e-06,1.22425378e-06,3.73423112e-07,-2.0021712e-07
0.622,-7.35106789e-07,-1.34216826e-06,-1.83909468e-06,-1.5873787e-06,-2.33607296e-06,1.89730899e-07,-2.25117502e-08,2.1487745e-08,-6.46860305e-08,1.423244e-08,-2.5087753e-06,-5.22418112e-06,-8.63739904e-06,-1.26153888e-05,1.73023572e-05,6.85767624e-06,3.76883576e-06,1.25773357e-06,3.8630301e-07,-2.05786245e-07
0.623,-7.3265983e-07,-1.34467866e-06,-1.85339135e-06,-1.62742194e-06,-2.34249852e-06,1.92827812e-07,-2.35568824e-08,2.1687868e-08,-6.7141114e-08,1.43571289e-08,-2.49418602e-06,-5.22796875e-06,-8.6972034e-06,-1.2758794e-05,1.77595733e-05,7.01118287e-06,3.85512168e-06,1.29223958e-06,3.99651081e-07,-2.11491575e-07
0.624,-7.30086087e-07,-1.34704679e-06,-1.86794228e-06,-1.6684888e-06,-2.29079424e-06,1.9611127e-07,-2.44897637e-08,2.19312024e-08,-6.96733522e-08,1.44786556e-08,-2.47918999e-06,-5.23140188e-06,-8.7585585e-06,-1.29133515e-05,1.80821921e-05,7.17463799e-06,3.94403186e-06,1.32781561e-06,4.13493561e-07,-2.17331522e-07
0.625,-7.27389923e-07,-1.34929522e-06,-1.88285472e-06,-1.71138196e-06,-2.17193594e-06,1.99762594e-07,-2.52711799e-08,2.22285287e-08,-7.22830405e-08,1.45965496e-08,-2.46378847e-06,-5.23442939e-06,-8.82118815e-06,-1.30782859e-05,1.82070049e-05,7.3494208e-06,4.03569897e-06,1.36452302e-06,4.27864934e-07,-2.23301534e-07
0.626,-7.24578137e-07,-1.35144771e-06,-1.89820885e-06,-1.75669956e-06,-1.98022645e-06,2.0391427e-07,-2.58692317e-08,2.25932017e-08,-7.49690894e-08,1.47108322e-08,-2.4479886e-06,-5.23698615e-06,-8.88463454e-06,-1.32514232e-05,1.8066593e-05,7.536342e-06,4.13013913e-06,1.40240487e-06,4.42798074e-07,-2.29396886e-07
0.627,-7.21659689e-07,-1.35352768e-06,-1.91404774e-06,-1.80474099e-06,-1.7139496e-06,2.08616928e-07,-2.62674484e-08,2.30400782e-08,-7.77288577e-08,1.48222669e-08,-2.43180295e-06,-5.23899624e-06,-8.94825472e-06,-1.34291186e-05,1.7596092e-05,7.73527047e-06,4.22719525e-06,1.4414713e-06,4.58321708e-07,-2.35613496e-07
0.628,-7.18645233e-07,-1.35555743e-06,-1.93037572e-06,-1.85548857e-06,-1.37596018e-06,2.13820825e-07,-2.64730646e-08,2.35838814e-08,-8.05584403e-08,1.49326984e-08,-2.41524726e-06,-5.24037157e-06,-9.01123825e-06,-1.36064522e-05,1.67414109e-05,7.94490152e-06,4.32651021e-06,1.48169287e-06,4.74458374e-07,-2.41949126e-07
0.629,-7.15546177e-07,-1.35755616e-06,-1.94715874e-06,-1.90863929e-06,-9.74225606e-07,2.19400579e-07,-2.65156157e-08,2.42382998e-08,-8.34529503e-08,1.50449354e-08,-2.39834045e-06,-5.24102191e-06,-9.07268627e-06,-1.37777983e-05,1.54676892e-05,8.16270407e-06,4.4275215e-06,1.52299691e-06,4.9122261e-07,-2.48403818e-07
0.63,-7.12369585e-07,-1.35952843e-06,-1.96430278e-06,-1.96360861e-06,-5.2238146e-07,2.25146857e-07,-2.6437184e-08,2.5014949e-08,-8.64058827e-08,1.51618976e-08,-2.38108019e-06,-5.24080623e-06,-9.13160772e-06,-1.3937695e-05,1.37661063e-05,8.38526369e-06,4.52958866e-06,1.56531343e-06,5.08633262e-07,-2.54975316e-07
0.631,-7.09117461e-07,-1.36146095e-06,-1.98164115e-06,-2.01944015e-06,-3.85787129e-08,2.30652634e-07,-2.63026751e-08,2.59216245e-08,-8.94096737e-08,1.52863078e-08,-2.36344673e-06,-5.23954588e-06,-9.18700793e-06,-1.40814156e-05,1.165802e-05,8.60845747e-06,4.63204186e-06,1.6085864e-06,5.26713158e-07,-2.61659361e-07
0.632,-7.05791468e-07,-1.36333413e-06,-1.99896905e-06,-2.0748724e-06,4.57431757e-07,2.35276797e-07,-2.62165618e-08,2.69602045e-08,-9.24579333e-08,1.54213131e-08,-2.34543614e-06,-5.23711359e-06,-9.23809832e-06,-1.42052981e-05,9.19585519e-06,8.82749523e-06,4.73411944e-06,1.65272947e-06,5.45472326e-07,-2.68456442e-07
0.633,-7.02393533e-07,-1.36512835e-06,-2.01608801e-06,-2.12863561e-06,9.46582237e-07,2.3830788e-07,-2.63062113e-08,2.81264538e-08,-9.55465843e-08,1.55700283e-08,-2.32706246e-06,-5.2334518e-06,-9.28439451e-06,-1.43072453e-05,6.45990374e-06,9.03742854e-06,4.83502975e-06,1.69762792e-06,5.64905664e-07,-2.75373229e-07
0.634,-6.98924562e-07,-1.36682504e-06,-2.03283402e-06,-2.17971572e-06,1.41156183e-06,2.39148151e-07,-2.66929652e-08,2.94120253e-08,-9.86738268e-08,1.57352292e-08,-2.30834433e-06,-5.22854913e-06,-9.32570551e-06,-1.43870022e-05,3.5510215e-06,9.23388847e-06,4.93409758e-06,1.74317383e-06,5.85002055e-07,-2.82420314e-07
0.635,-6.95384039e-07,-1.36840779e-06,-2.04908903e-06,-2.22746143e-06,1.83732924e-06,2.37415588e-07,-2.74700206e-08,3.08072603e-08,-1.01839789e-07,1.59193995e-08,-2.2893004e-06,-5.22243281e-06,-9.36211715e-06,-1.44460691e-05,5.80483826e-07,9.41366865e-06,5.03086809e-06,1.78928893e-06,6.05751451e-07,-2.89609786e-07
0.636,-6.91767989e-07,-1.36985793e-06,-2.06476994e-06,-2.27155388e-06,2.21137364e-06,2.32925892e-07,-2.86933352e-08,3.23017311e-08,-1.05046168e-07,1.61241001e-08,-2.26993664e-06,-5.21513309e-06,-9.39389908e-06,-1.44873119e-05,-2.34135288e-06,9.57509703e-06,5.12519974e-06,1.83595849e-06,6.27155311e-07,-2.96951128e-07
0.637,-6.88070118e-07,-1.37115635e-06,-2.07982162e-06,-2.31188698e-06,2.52466494e-06,2.25560046e-07,-3.0398674e-08,3.38822914e-08,-1.08296601e-07,1.63500716e-08,-2.25025109e-06,-5.20668581e-06,-9.42146398e-06,-1.45144359e-05,-5.11554333e-06,9.71813832e-06,5.21726145e-06,1.88323181e-06,6.49227192e-07,-3.04450894e-07
0.638,-6.8428782e-07,-1.37229637e-06,-2.09424215e-06,-2.34855697e-06,2.77297492e-06,2.15278505e-07,-3.26162763e-08,3.5533955e-08,-1.11597892e-07,1.65983237e-08,-2.23026617e-06,-5.19720453e-06,-9.44547305e-06,-1.45316869e-05,-7.66267518e-06,9.84445157e-06,5.30740581e-06,1.93116006e-06,6.71972005e-07,-3.12120402e-07
0.639,-6.80421735e-07,-1.37328313e-06,-2.10808947e-06,-2.38195521e-06,2.95631443e-06,2.02298351e-07,-3.53497601e-08,3.72430172e-08,-1.14959755e-07,1.68699116e-08,-2.21001967e-06,-5.18685173e-06,-9.46673289e-06,-1.4543465e-05,-9.9282687e-06,9.95735102e-06,5.39616379e-06,1.9797972e-06,6.95386461e-07,-3.19976498e-07
0.64,-6.76471639e-07,-1.37412285e-06,-2.12144951e-06,-2.41270263e-06,3.07707225e-06,1.87089846e-07,-3.85609323e-08,3.89990934e-08,-1.18392754e-07,1.71652689e-08,-2.18953573e-06,-5.17575738e-06,-9.48596718e-06,-1.45536986e-05,-1.1884668e-05,1.00613254e-05,5.48427481e-06,2.02924192e-06,7.19476378e-07,-3.28035155e-07
0.641,-6.72436165e-07,-1.37481914e-06,-2.13440754e-06,-2.44145926e-06,3.13890022e-06,1.70179914e-07,-4.21896035e-08,4.07944698e-08,-1.21907776e-07,1.74843269e-08,-2.16882246e-06,-5.16400656e-06,-9.50373786e-06,-1.45654161e-05,-1.35291158e-05,1.01613451e-05,5.57259945e-06,2.07962781e-06,7.44257782e-07,-3.36311058e-07
0.642,-6.68312414e-07,-1.3753702e-06,-2.14702631e-06,-2.46877067e-06,3.14637075e-06,1.51950229e-07,-4.61768416e-08,4.26216961e-08,-1.25515495e-07,1.78261402e-08,-2.14787287e-06,-5.15163889e-06,-9.52042266e-06,-1.45805949e-05,-1.48790402e-05,1.02621439e-05,5.66201215e-06,2.13110829e-06,7.69755981e-07,-3.44816366e-07
0.643,-6.64097231e-07,-1.37577159e-06,-2.15934524e-06,-2.49501032e-06,3.10525454e-06,1.32520703e-07,-5.04895964e-08,4.44706843e-08,-1.29226512e-07,1.81894183e-08,-2.12667415e-06,-5.13866633e-06,-9.53625448e-06,-1.46002498e-05,-1.5965883e-05,1.03677574e-05,5.75330035e-06,2.18383494e-06,7.96000314e-07,-3.53561425e-07
0.644,-6.59790342e-07,-1.37602416e-06,-2.1714027e-06,-2.52044923e-06,3.02274274e-06,1.11867686e-07,-5.51214459e-08,4.63307918e-08,-1.33051913e-07,1.85736092e-08,-2.10522658e-06,-5.12512123e-06,-9.55143837e-06,-1.46247882e-05,-1.68287993e-05,1.04814498e-05,5.84707006e-06,2.23791237e-06,8.2300895e-07,-3.62560909e-07
0.645,-6.55392626e-07,-1.37613099e-06,-2.18323833e-06,-2.54534728e-06,2.90644739e-06,8.99867263e-08,-6.00661234e-08,4.81939433e-08,-1.37002392e-07,1.89786264e-08,-2.08353407e-06,-5.11103159e-06,-9.56611251e-06,-1.46541135e-05,-1.75093067e-05,1.06055448e-05,5.94376751e-06,2.29341542e-06,8.50794247e-07,-3.71831375e-07
0.646,-6.50902026e-07,-1.37608759e-06,-2.19487042e-06,-2.56992233e-06,2.76314207e-06,6.6814253e-08,-6.53104609e-08,5.0053438e-08,-1.41086701e-07,1.94032443e-08,-2.06158052e-06,-5.09636383e-06,-9.58023438e-06,-1.46875643e-05,-1.80470376e-05,1.07411622e-05,6.04374739e-06,2.35043989e-06,8.79382149e-07,-3.81382879e-07
0.647,-6.46315324e-07,-1.37588511e-06,-2.2062974e-06,-2.59429417e-06,2.59881863e-06,4.21099739e-08,-7.08573041e-08,5.19015764e-08,-1.45312808e-07,1.98455193e-08,-2.03934059e-06,-5.08105597e-06,-9.59366316e-06,-1.47242006e-05,-1.847676e-05,1.0888507e-05,6.1472645e-06,2.40908285e-06,9.08806102e-07,-3.91223001e-07
0.648,-6.41630346e-07,-1.37551583e-06,-2.21751149e-06,-2.61850662e-06,2.41914644e-06,1.55145947e-08,-7.67295102e-08,5.37299312e-08,-1.4968877e-07,2.03035957e-08,-2.0167955e-06,-5.06505941e-06,-9.60626956e-06,-1.47631336e-05,-1.8827019e-05,1.1047318e-05,6.25447119e-06,2.46941885e-06,9.39096885e-07,-4.01361353e-07
0.649,-6.3684584e-07,-1.37497406e-06,-2.22850659e-06,-2.64258154e-06,2.22951809e-06,-1.3310836e-08,-8.29558439e-08,5.55308629e-08,-1.54222716e-07,2.07757484e-08,-1.99393355e-06,-5.04834379e-06,-9.6179563e-06,-1.48036483e-05,-1.91201147e-05,1.12171756e-05,6.36545835e-06,2.53150365e-06,9.7028291e-07,-4.11810318e-07
0.65,-6.31962293e-07,-1.37425842e-06,-2.23928651e-06,-2.666563e-06,2.0347974e-06,-4.45342432e-08,-8.95480936e-08,5.73024229e-08,-1.58922043e-07,2.12608164e-08,-1.97075582e-06,-5.03091163e-06,-9.62870333e-06,-1.48453052e-05,-1.9372763e-05,1.13977173e-05,6.4802558e-06,2.59536493e-06,1.00238521e-06,-4.22585808e-07
0.651,-6.26979723e-07,-1.37336723e-06,-2.24985678e-06,-2.69052121e-06,1.83868675e-06,-7.81962989e-08,-9.64924448e-08,5.90478482e-08,-1.63793065e-07,2.17579001e-08,-1.94726311e-06,-5.01276067e-06,-9.63848848e-06,-1.48877574e-05,-1.9597117e-05,1.15885752e-05,6.59889726e-06,2.66103875e-06,1.03542848e-06,-4.33702144e-07
0.652,-6.21895205e-07,-1.3722922e-06,-2.26020593e-06,-2.71448104e-06,1.64361376e-06,-1.14466424e-07,-1.03772807e-07,6.07696274e-08,-1.68840858e-07,2.22652886e-08,-1.92344061e-06,-4.99384541e-06,-9.64719959e-06,-1.4930552e-05,-1.98016743e-05,1.17892182e-05,6.72147892e-06,2.72861073e-06,1.06945699e-06,-4.45165424e-07
0.653,-6.16706557e-07,-1.37102598e-06,-2.27031716e-06,-2.7383903e-06,1.45171051e-06,-1.5365064e-07,-1.11394572e-07,6.24683518e-08,-1.74070565e-07,2.27817181e-08,-1.89928086e-06,-4.97413541e-06,-9.65476939e-06,-1.49733692e-05,-1.99919638e-05,1.19992411e-05,6.84807678e-06,2.79816766e-06,1.10451689e-06,-4.56980083e-07
0.654,-6.11415295e-07,-1.36956944e-06,-2.28019001e-06,-2.76219559e-06,1.26539569e-06,-1.95849535e-07,-1.19362692e-07,6.41486224e-08,-1.7948825e-07,2.33075896e-08,-1.87480144e-06,-4.95366553e-06,-9.6612846e-06,-1.50162603e-05,-2.01714398e-05,1.2218759e-05,6.97868634e-06,2.86973883e-06,1.14063447e-06,-4.69159493e-07
0.655,-6.06023826e-07,-1.36792638e-06,-2.28983639e-06,-2.7859045e-06,1.08674814e-06,-2.40809557e-07,-1.27651958e-07,6.58208924e-08,-1.85099896e-07,2.38439828e-08,-1.850026e-06,-4.9324888e-06,-9.66687065e-06,-1.50594265e-05,-2.03424199e-05,1.24482717e-05,7.113303e-06,2.94333435e-06,1.17782955e-06,-4.81722135e-07
0.656,-6.00534431e-07,-1.36610095e-06,-2.29927459e-06,-2.80958616e-06,9.16848381e-07,-2.88015387e-07,-1.36203213e-07,6.75015705e-08,-1.90910757e-07,2.43922477e-08,-1.82497485e-06,-4.91065116e-06,-9.67163253e-06,-1.51030664e-05,-2.05065991e-05,1.26884766e-05,7.25194872e-06,3.01896622e-06,1.21612314e-06,-4.94688253e-07
0.657,-5.94947398e-07,-1.364093e-06,-2.30851533e-06,-2.83332964e-06,7.5545482e-07,-3.3698805e-07,-1.44939611e-07,6.92085479e-08,-1.96925447e-07,2.49527543e-08,-1.79965313e-06,-4.88816249e-06,-9.67558747e-06,-1.51472342e-05,-2.06653549e-05,1.29400438e-05,7.39471665e-06,3.09667802e-06,1.25554912e-06,-5.08075072e-07
0.658,-5.89260271e-07,-1.36189537e-06,-2.31755041e-06,-2.85717824e-06,6.01368976e-07,-3.87636848e-07,-1.53805826e-07,7.09539684e-08,-2.031476e-07,2.55241267e-08,-1.77404665e-06,-4.86498102e-06,-9.67863754e-06,-1.51917545e-05,-2.08197785e-05,1.3203385e-05,7.54178544e-06,3.17657575e-06,1.29616531e-06,-5.21889479e-07
0.659,-5.83472031e-07,-1.35950326e-06,-2.3263712e-06,-2.88113157e-06,4.53430329e-07,-4.40128428e-07,-1.62786034e-07,7.27447992e-08,-2.09582219e-07,2.61053937e-08,-1.74814876e-06,-4.84108058e-06,-9.68072473e-06,-1.52365081e-05,-2.09705552e-05,1.34789829e-05,7.69330107e-06,3.25875854e-06,1.33802773e-06,-5.3613876e-07
0.66,-5.77583909e-07,-1.3569168e-06,-2.33497997e-06,-2.9052017e-06,3.10770869e-07,-4.94602268e-07,-1.71876193e-07,7.45880128e-08,-2.16236114e-07,2.66969267e-08,-1.72196679e-06,-4.81646736e-06,-9.68186906e-06,-1.52815254e-05,-2.11181348e-05,1.37675709e-05,7.84936047e-06,3.3432948e-06,1.38118032e-06,-5.50835961e-07
0.661,-5.71596746e-07,-1.3541351e-06,-2.34337927e-06,-2.92942114e-06,1.72451515e-07,-5.51236241e-07,-1.81062375e-07,7.64917034e-08,-2.23115707e-07,2.72986439e-08,-1.69550559e-06,-4.79113792e-06,-9.68207646e-06,-1.53268188e-05,-2.12629519e-05,1.40698863e-05,8.01008285e-06,3.43027052e-06,1.42567234e-06,-5.65990896e-07
0.662,-5.65510239e-07,-1.35115438e-06,-2.35156522e-06,-2.95381954e-06,3.74025632e-08,-6.10409438e-07,-1.90329847e-07,7.84635257e-08,-2.30226623e-07,2.79092386e-08,-1.66876157e-06,-4.7650699e-06,-9.6813088e-06,-1.53723331e-05,-2.14054599e-05,1.43866431e-05,8.17562264e-06,3.51979264e-06,1.47156282e-06,-5.81609545e-07
0.663,-5.59322863e-07,-1.34796801e-06,-2.35952567e-06,-2.97840205e-06,-9.53545129e-08,-6.72807129e-07,-1.99685706e-07,8.05060318e-08,-2.37575349e-07,2.85266758e-08,-1.64172336e-06,-4.73822238e-06,-9.67947794e-06,-1.5417925e-05,-2.15460837e-05,1.47186067e-05,8.34618696e-06,3.61199271e-06,1.51892205e-06,-5.97695923e-07
0.664,-5.53032729e-07,-1.34456839e-06,-2.36724288e-06,-3.00313889e-06,-2.26351648e-07,-7.39295537e-07,-2.09166489e-07,8.26163908e-08,-2.4516931e-07,2.91486787e-08,-1.61437851e-06,-4.71055398e-06,-9.67648622e-06,-1.54634427e-05,-2.16851791e-05,1.50667294e-05,8.52200154e-06,3.70700839e-06,1.5678259e-06,-6.14254764e-07
0.665,-5.46640178e-07,-1.34095279e-06,-2.37470717e-06,-3.02799524e-06,-3.55509376e-07,-8.10497788e-07,-2.1880418e-07,8.47954086e-08,-2.53016914e-07,2.97740423e-08,-1.58673061e-06,-4.68206839e-06,-9.67233591e-06,-1.55089401e-05,-2.18230137e-05,1.54324057e-05,8.70320043e-06,3.80491886e-06,1.61833128e-06,-6.31300457e-07
0.666,-5.40146979e-07,-1.3371218e-06,-2.38191831e-06,-3.05296524e-06,-4.82590028e-07,-8.8671129e-07,-2.28591425e-07,8.70531089e-08,-2.61126204e-07,3.04029392e-08,-1.55879371e-06,-4.65279326e-06,-9.66708953e-06,-1.55545866e-05,-2.1959844e-05,1.58173292e-05,8.88986933e-06,3.90577217e-06,1.67048219e-06,-6.48852911e-07
0.667,-5.33553522e-07,-1.33307297e-06,-2.38887185e-06,-3.07805193e-06,-6.07599481e-07,-9.68290426e-07,-2.38495728e-07,8.94030412e-08,-2.69503696e-07,3.10352719e-08,-1.53057326e-06,-4.62272963e-06,-9.66075379e-06,-1.56004368e-05,-2.20959575e-05,1.62231612e-05,9.08216027e-06,4.00965881e-06,1.72433679e-06,-6.66926039e-07
0.668,-5.26860037e-07,-1.32880286e-06,-2.39555981e-06,-3.1032418e-06,-7.30603394e-07,-1.05578966e-06,-2.48492411e-07,9.18587998e-08,-2.78154814e-07,3.16708726e-08,-1.50207213e-06,-4.59186666e-06,-9.65331455e-06,-1.56464765e-05,-2.22314911e-05,1.66515475e-05,9.28024193e-06,4.11669816e-06,1.77996334e-06,-6.85527835e-07
0.669,-5.20067538e-07,-1.32430953e-06,-2.40197648e-06,-3.12851354e-06,-8.51515565e-07,-1.14976326e-06,-2.58574502e-07,9.44320832e-08,-2.87086358e-07,3.2310392e-08,-1.4732979e-06,-4.5602036e-06,-9.64478041e-06,-1.56927223e-05,-2.23663799e-05,1.7104432e-05,9.48424491e-06,4.2269977e-06,1.83742685e-06,-7.04668999e-07
0.67,-5.13177496e-07,-1.31959242e-06,-2.40811961e-06,-3.15385727e-06,-9.70172891e-07,-1.25056275e-06,-2.68731573e-07,9.71355233e-08,-2.96305922e-07,3.29547478e-08,-1.44426087e-06,-4.52775098e-06,-9.63517967e-06,-1.57392472e-05,-2.25004936e-05,1.75842886e-05,9.69425635e-06,4.34063721e-06,1.89678572e-06,-7.24365978e-07
0.671,-5.06192037e-07,-1.31465298e-06,-2.41399375e-06,-3.1792971e-06,-1.08657107e-06,-1.35831171e-06,-2.78923483e-07,9.99868986e-08,-3.05822088e-07,3.36054882e-08,-1.41497459e-06,-4.49453124e-06,-9.62456294e-06,-1.57861873e-05,-2.26337279e-05,1.80942392e-05,9.91031984e-06,4.45766279e-06,1.9580885e-06,-7.44642903e-07
0.672,-4.99111971e-07,-1.30949021e-06,-2.41960102e-06,-3.20488397e-06,-1.20113169e-06,-1.47333651e-06,-2.89071629e-07,1.03008831e-07,-3.15642768e-07,3.42632314e-08,-1.38544312e-06,-4.46054677e-06,-9.61292913e-06,-1.58336138e-05,-2.27661819e-05,1.86379058e-05,1.01325425e-05,4.57813738e-06,2.02139276e-06,-7.65524008e-07
0.673,-4.91936193e-07,-1.30409817e-06,-2.42493242e-06,-3.23065507e-06,-1.3145678e-06,-1.59671647e-06,-2.99097545e-07,1.06222819e-07,-3.25773098e-07,3.49263099e-08,-1.35565566e-06,-4.42576009e-06,-9.60018844e-06,-1.58814332e-05,-2.28981175e-05,1.92191215e-05,1.03611564e-05,4.70219933e-06,2.08678416e-06,-7.87020801e-07
0.674,-4.84664397e-07,-1.2984719e-06,-2.42997873e-06,-3.25662873e-06,-1.42747276e-06,-1.7301445e-06,-3.08961632e-07,1.09646059e-07,-3.36219077e-07,3.5593427e-08,-1.32560453e-06,-4.39013516e-06,-9.58625621e-06,-1.59295235e-05,-2.30296164e-05,1.98421439e-05,1.05963873e-05,4.83000489e-06,2.15435455e-06,-8.0914202e-07
0.675,-4.77297727e-07,-1.29260921e-06,-2.43473623e-06,-3.28282288e-06,-1.54022543e-06,-1.87561294e-06,-3.18645576e-07,1.1329366e-07,-3.46989516e-07,3.62648549e-08,-1.29529156e-06,-4.35365439e-06,-9.57109213e-06,-1.59778177e-05,-2.3160488e-05,2.05120227e-05,1.08383924e-05,4.96169142e-06,2.22418747e-06,-8.31901353e-07
0.676,-4.69837745e-07,-1.28650833e-06,-2.43920206e-06,-3.30925639e-06,-1.65309961e-06,-2.03541758e-06,-3.28115979e-07,1.17184413e-07,-3.58092689e-07,3.69408297e-08,-1.26472227e-06,-4.31630556e-06,-9.55467705e-06,-1.60262814e-05,-2.32904137e-05,2.12348481e-05,1.10872799e-05,5.09739416e-06,2.29636442e-06,-8.55311431e-07
0.677,-4.62285205e-07,-1.28016526e-06,-2.44336746e-06,-3.33593693e-06,-1.76629171e-06,-2.21228049e-06,-3.37316954e-07,1.21342004e-07,-3.69535405e-07,3.76206671e-08,-1.23389926e-06,-4.27807285e-06,-9.53698491e-06,-1.60748976e-05,-2.34191442e-05,2.20181653e-05,1.13431263e-05,5.23723966e-06,2.37096725e-06,-8.79385124e-07
0.678,-4.54638559e-07,-1.27357057e-06,-2.44720942e-06,-3.36283362e-06,-1.87980844e-06,-2.40946234e-06,-3.46213339e-07,1.25786373e-07,-3.81324233e-07,3.83028706e-08,-1.20281567e-06,-4.23891841e-06,-9.51793284e-06,-1.61235751e-05,-2.35466244e-05,2.2871202e-05,1.16060844e-05,5.38139225e-06,2.44809576e-06,-9.04132346e-07
0.679,-4.46894778e-07,-1.26671069e-06,-2.45069081e-06,-3.38985549e-06,-1.99318034e-06,-2.63023013e-06,-3.5483949e-07,1.30527985e-07,-3.93466436e-07,3.89854392e-08,-1.17146128e-06,-4.19879988e-06,-9.4974202e-06,-1.61722266e-05,-2.3673047e-05,2.38051744e-05,1.18763136e-05,5.53002405e-06,2.52785916e-06,-9.29563743e-07
0.68,-4.390519e-07,-1.25957348e-06,-2.45377264e-06,-3.41687415e-06,-2.10539558e-06,-2.87664541e-06,-3.63283828e-07,1.35573645e-07,-4.05973025e-07,3.96679653e-08,-1.13983976e-06,-4.15771453e-06,-9.47543479e-06,-1.62209611e-05,-2.37988194e-05,2.48335545e-05,1.21538023e-05,5.68322121e-06,2.61033958e-06,-9.55705452e-07
0.681,-4.31108515e-07,-1.25214686e-06,-2.45641491e-06,-3.44374665e-06,-2.2151602e-06,-3.14875567e-06,-3.71654959e-07,1.40932089e-07,-4.18856838e-07,4.03516301e-08,-1.10796601e-06,-4.11568455e-06,-9.45203522e-06,-1.62700579e-05,-2.39248227e-05,2.59716021e-05,1.24384815e-05,5.84103072e-06,2.69559956e-06,-9.82592503e-07
0.682,-4.23062246e-07,-1.2444153e-06,-2.45856942e-06,-3.47031083e-06,-2.32107584e-06,-3.44401991e-06,-3.8010159e-07,1.46610086e-07,-4.32130628e-07,4.10372825e-08,-1.07585629e-06,-4.07273167e-06,-9.42729715e-06,-1.63198994e-05,-2.40528842e-05,2.72351219e-05,1.27304594e-05,6.00354172e-06,2.78370748e-06,-1.01025717e-06
0.683,-4.14909964e-07,-1.23636026e-06,-2.4601808e-06,-3.49638557e-06,-2.42164849e-06,-3.75631355e-06,-3.88882828e-07,1.52603844e-07,-4.45807761e-07,4.17247155e-08,-1.04352888e-06,-4.0288775e-06,-9.40132198e-06,-1.63710072e-05,-2.41861747e-05,2.86382252e-05,1.30302155e-05,6.17092777e-06,2.87474725e-06,-1.03872358e-06
0.684,-4.06647568e-07,-1.22796063e-06,-2.46118966e-06,-3.52178995e-06,-2.51538009e-06,-4.07444712e-06,-3.98436724e-07,1.58883837e-07,-4.5990676e-07,4.24115913e-08,-1.01100205e-06,-3.98414404e-06,-9.37422934e-06,-1.64240768e-05,-2.43296635e-05,3.01897145e-05,1.33388694e-05,6.34347857e-06,2.96882949e-06,-1.06800911e-06
0.685,-3.98271484e-07,-1.21919759e-06,-2.46154777e-06,-3.54639879e-06,-2.60106092e-06,-4.38044482e-06,-4.09363645e-07,1.65396289e-07,-4.74453826e-07,4.30927185e-08,-9.78299405e-07,-3.93857548e-06,-9.34619953e-06,-1.64800921e-05,-2.44903489e-05,3.18877841e-05,1.36583622e-05,6.5215659e-06,3.06608052e-06,-1.09813221e-06
0.686,-3.89780152e-07,-1.2100593e-06,-2.4612351e-06,-3.57022067e-06,-2.6783483e-06,-4.64866929e-06,-4.22300215e-07,1.72076897e-07,-4.89485105e-07,4.37609516e-08,-9.45453141e-07,-3.89224612e-06,-9.31748478e-06,-1.65403255e-05,-2.46771028e-05,3.37127031e-05,1.39917964e-05,6.70566312e-06,3.166643e-06,-1.12911633e-06
0.687,-3.81173913e-07,-1.20054171e-06,-2.46026612e-06,-3.59344365e-06,-2.74829787e-06,-4.84681291e-06,-4.37735856e-07,1.78877922e-07,-5.05038085e-07,4.44052756e-08,-9.12494673e-07,-3.84523562e-06,-9.2883427e-06,-1.66061729e-05,-2.49002543e-05,3.56179514e-05,1.43439454e-05,6.89644704e-06,3.27070857e-06,-1.16097384e-06
0.688,-3.72456697e-07,-1.19065241e-06,-2.45869686e-06,-3.61645074e-06,-2.8135709e-06,-4.93851252e-06,-4.55847212e-07,1.85794715e-07,-5.21143531e-07,4.50123869e-08,-8.79454435e-07,-3.79761649e-06,-9.25899852e-06,-1.66789046e-05,-2.51701816e-05,3.75212019e-05,1.47215677e-05,7.09488794e-06,3.37854102e-06,-1.19368957e-06
0.689,-3.63637135e-07,-1.18041395e-06,-2.45662992e-06,-3.63981295e-06,-2.87833522e-06,-4.88726791e-06,-4.76357029e-07,1.92889166e-07,-5.37821723e-07,4.55717377e-08,-8.4636444e-07,-3.74945129e-06,-9.22961006e-06,-1.67593729e-05,-2.5495085e-05,3.92979156e-05,1.51332464e-05,7.30222566e-06,3.49047682e-06,-1.22722173e-06
0.69,-3.54728518e-07,-1.16986331e-06,-2.45420633e-06,-3.6642312e-06,-2.94785568e-06,-4.66160963e-06,-4.98388827e-07,2.00311251e-07,-5.55075928e-07,4.60796714e-08,-8.13256765e-07,-3.70078321e-06,-9.20022147e-06,-1.68477017e-05,-2.58785824e-05,4.07803316e-05,1.55886912e-05,7.51986864e-06,3.60691089e-06,-1.26150288e-06
0.691,-3.457475e-07,-1.15904724e-06,-2.45158468e-06,-3.69042506e-06,-3.02772527e-06,-4.24087986e-06,-5.20396865e-07,2.08319506e-07,-5.72880686e-07,4.6540879e-08,-7.80158049e-07,-3.65162679e-06,-9.17071873e-06,-1.69430528e-05,-2.63177503e-05,4.17645617e-05,1.60973616e-05,7.74915328e-06,3.72825716e-06,-1.2964449e-06
0.692,-3.36710423e-07,-1.14801254e-06,-2.4489076e-06,-3.71898188e-06,-3.12286361e-06,-3.62052806e-06,-5.40317616e-07,2.17259062e-07,-5.9118084e-07,4.69717807e-08,-7.47078885e-07,-3.60194706e-06,-9.14074678e-06,-1.7043402e-05,-2.68019717e-05,4.2026764e-05,1.66667979e-05,7.99108555e-06,3.85491398e-06,-1.33195566e-06
0.693,-3.27630719e-07,-1.13679734e-06,-2.44626799e-06,-3.75019567e-06,-3.23636159e-06,-2.81529514e-06,-5.55992764e-07,2.27506074e-07,-6.09893069e-07,4.74007492e-08,-7.14009089e-07,-3.55164754e-06,-9.10967855e-06,-1.71454673e-05,-2.73128512e-05,4.13478152e-05,1.73006605e-05,8.24609124e-06,3.9872243e-06,-1.36794711e-06
0.694,-3.18517805e-07,-1.12542778e-06,-2.44369059e-06,-3.78396015e-06,-3.36857388e-06,-1.85862778e-06,-5.65766252e-07,2.3937661e-07,-6.28920782e-07,4.78670537e-08,-6.80925531e-07,-3.50059507e-06,-9.07669081e-06,-1.72449506e-05,-2.7825346e-05,3.95443432e-05,1.79965489e-05,8.51366445e-06,4.12539027e-06,-1.40436296e-06
0.695,-3.09378163e-07,-1.1139186e-06,-2.44113306e-06,-3.81975902e-06,-3.51683579e-06,-7.98514795e-07,-5.6906139e-07,2.53033696e-07,-6.48176614e-07,4.84188956e-08,-6.47806325e-07,-3.44865293e-06,-9.04089996e-06,-1.73369904e-05,-2.83102909e-05,3.65010013e-05,1.87445113e-05,8.79214927e-06,4.2693939e-06,-1.44120349e-06
0.696,-3.00215044e-07,-1.1022731e-06,-2.43849677e-06,-3.85673276e-06,-3.67588033e-06,3.08997937e-07,-5.66733065e-07,2.68417312e-07,-6.67600407e-07,4.91057458e-08,-6.14637895e-07,-3.39570049e-06,-9.00148344e-06,-1.74167637e-05,-2.8738431e-05,3.21975391e-05,1.95268969e-05,9.07875768e-06,4.41897033e-06,-1.47853082e-06
0.697,-2.91029626e-07,-1.09048563e-06,-2.43564847e-06,-3.89381904e-06,-3.83880143e-06,1.40734022e-06,-5.61132585e-07,2.8521965e-07,-6.87174301e-07,4.99721528e-08,-5.81419419e-07,-3.34165622e-06,-8.95779071e-06,-1.74801446e-05,-2.90848784e-05,2.67241758e-05,2.03196318e-05,9.36978395e-06,4.57363134e-06,-1.51647182e-06
0.698,-2.81821625e-07,-1.07854504e-06,-2.43244811e-06,-3.92993249e-06,-3.99833556e-06,2.44641114e-06,-5.55806665e-07,3.02910274e-07,-7.06930195e-07,5.10508434e-08,-5.48165835e-07,-3.28649717e-06,-8.90943099e-06,-1.75242892e-05,-2.93329414e-05,2.02806951e-05,2.10948653e-05,9.66100823e-06,4.73273505e-06,-1.5552097e-06
0.699,-2.72590005e-07,-1.06644013e-06,-2.42877447e-06,-3.96414856e-06,-4.14816352e-06,3.38762429e-06,-5.54864331e-07,3.20811994e-07,-7.26947738e-07,5.23585556e-08,-5.14908079e-07,-3.23027013e-06,-8.8563198e-06,-1.75480101e-05,-2.94765312e-05,1.31581172e-05,2.18246407e-05,9.94819885e-06,4.89557764e-06,-1.59497237e-06
0.7,-2.63335041e-07,-1.05416451e-06,-2.42454837e-06,-3.99584837e-06,-4.28392822e-06,4.20595068e-06,-5.62102374e-07,3.38223128e-07,-7.47344675e-07,5.38971778e-08,-4.81694333e-07,-3.1730943e-06,-8.79869927e-06,-1.75518785e-05,-2.95205307e-05,5.70524229e-06,2.24851458e-05,1.02277092e-05,5.06149796e-06,-1.63601306e-06
0.701,-2.54057997e-07,-1.04171698e-06,-2.41973813e-06,-4.02477179e-06,-4.40372987e-06,4.88863776e-06,-5.80132613e-07,3.54557515e-07,-7.68255438e-07,5.56571342e-08,-4.48583134e-07,-3.11513752e-06,-8.73707506e-06,-1.75379771e-05,-2.94792905e-05,-1.7139793e-06,2.30606701e-05,1.04970889e-05,5.23000626e-06,-1.67857528e-06
0.702,-2.44760309e-07,-1.02909824e-06,-2.4143498e-06,-4.05097344e-06,-4.50794003e-06,5.43172261e-06,-6.09814067e-07,3.69465915e-07,-7.89798013e-07,5.76180912e-08,-4.15632913e-07,-3.05658234e-06,-8.67211974e-06,-1.75094604e-05,-2.93737137e-05,-8.76390241e-06,2.35461242e-05,1.07555173e-05,5.4008902e-06,-1.72284425e-06
0.703,-2.35442819e-07,-1.01630846e-06,-2.4084132e-06,-4.07472967e-06,-4.59856032e-06,5.83628745e-06,-6.50313761e-07,3.82874903e-07,-8.12063955e-07,5.97591613e-08,-3.82894346e-07,-2.99759759e-06,-8.60454939e-06,-1.74699685e-05,-2.92274157e-05,-1.51734338e-05,2.39476982e-05,1.10039633e-05,5.57428701e-06,-1.76892886e-06
0.704,-2.26104729e-07,-1.00334426e-06,-2.40196381e-06,-4.09642044e-06,-4.67839827e-06,6.10575812e-06,-6.99605518e-07,3.94943591e-07,-8.35117424e-07,6.20610245e-08,-3.50402405e-07,-2.93831609e-06,-8.53501699e-06,-1.74230869e-05,-2.90631867e-05,-2.07588803e-05,2.42814874e-05,1.12449999e-05,5.75067395e-06,-1.81686047e-06
0.705,-2.16744741e-07,-9.9019933e-07,-2.39502992e-06,-4.11642604e-06,-4.75031375e-06,6.24474727e-06,-7.55225391e-07,4.05984688e-07,-8.58999855e-07,6.4505474e-08,-3.18176626e-07,-2.87882671e-06,-8.46404791e-06,-1.73719329e-05,-2.89002995e-05,-2.54311322e-05,2.45705696e-05,1.14823519e-05,5.93079116e-06,-1.86660563e-06
0.706,-2.07362421e-07,-9.76866072e-07,-2.3876254e-06,-4.13505386e-06,-4.81671634e-06,6.25920293e-06,-8.15040945e-07,4.16354917e-07,-8.83742807e-07,6.70735423e-08,-2.86226798e-07,-2.81917901e-06,-8.39200627e-06,-1.73188753e-05,-2.87528637e-05,-2.91884275e-05,2.48413411e-05,1.17203227e-05,6.11552322e-06,-1.91809759e-06
0.707,-1.97959522e-07,-9.63337594e-07,-2.37974982e-06,-4.15251081e-06,-4.87933656e-06,6.1572405e-06,-8.77867966e-07,4.26361706e-07,-9.0938215e-07,6.97448152e-08,-2.54558722e-07,-2.75939003e-06,-8.31908724e-06,-1.7265408e-05,-2.86292632e-05,-3.20984167e-05,2.51197934e-05,1.19632468e-05,6.30579279e-06,-1.97126536e-06
0.708,-1.88540364e-07,-9.49609973e-07,-2.37139394e-06,-4.16890997e-06,-4.9392334e-06,5.95002874e-06,-9.43714703e-07,4.36199126e-07,-9.35966512e-07,7.24951881e-08,-2.23177229e-07,-2.6994566e-06,-8.24535032e-06,-1.72122446e-05,-2.8532732e-05,-3.42744933e-05,2.54284337e-05,1.2215008e-05,6.50245901e-06,-2.02605597e-06
0.709,-1.79110318e-07,-9.35681834e-07,-2.36254716e-06,-4.1843069e-06,-4.99697615e-06,5.65209197e-06,-1.0136849e-06,4.45936811e-07,-9.63564243e-07,7.52998035e-08,-1.92083771e-07,-2.63935908e-06,-8.17075308e-06,-1.71594795e-05,-2.84625203e-05,-3.58519183e-05,2.57844615e-05,1.2478749e-05,6.70626219e-06,-2.08245077e-06
0.71,-1.69673593e-07,-9.21552107e-07,-2.35319875e-06,-4.19872723e-06,-5.05285837e-06,5.28066203e-06,-1.0895711e-06,4.55545304e-07,-9.92255849e-07,7.81319263e-08,-1.61269715e-07,-2.57905674e-06,-8.09517908e-06,-1.71067922e-05,-2.8415338e-05,-3.69675741e-05,2.61990801e-05,1.27567647e-05,6.91780554e-06,-2.1404557e-06
0.711,-1.60232239e-07,-9.07218648e-07,-2.34333962e-06,-4.21218887e-06,-5.10706169e-06,4.85441398e-06,-1.17342309e-06,4.64945655e-07,-1.02212463e-06,8.09652553e-08,-1.30717434e-07,-2.51849332e-06,-8.01846892e-06,-1.7053622e-05,-2.83866301e-05,-3.77455743e-05,2.66779596e-05,1.30505411e-05,7.13756225e-06,-2.20009693e-06
0.712,-1.50787347e-07,-8.92679771e-07,-2.33296464e-06,-4.22471787e-06,-5.1597696e-06,4.39197281e-06,-1.26707872e-06,4.74054749e-07,-1.0532511e-06,8.37770263e-08,-1.00407343e-07,-2.45761367e-06,-7.94047114e-06,-1.6999372e-05,-2.83716915e-05,-3.82891103e-05,2.72225206e-05,1.3360865e-05,7.36587761e-06,-2.26142535e-06
0.713,-1.41340539e-07,-8.77935799e-07,-2.32207509e-06,-4.23635556e-06,-5.21122437e-06,3.91033083e-06,-1.37182352e-06,4.82846824e-07,-1.0857015e-06,8.65496532e-08,-7.03264023e-08,-2.39638062e-06,-7.86107456e-06,-1.69435403e-05,-2.83663904e-05,-3.86778329e-05,2.78314763e-05,1.36880053e-05,7.60299485e-06,-2.3245181e-06
0.714,-1.31894545e-07,-8.6298841e-07,-2.31067431e-06,-4.24715054e-06,-5.26172833e-06,3.42352469e-06,-1.48829597e-06,4.91366746e-07,-1.11952757e-06,8.92737957e-08,-4.04710833e-08,-2.33477591e-06,-7.78020116e-06,-1.68857311e-05,-2.83673867e-05,-3.89692635e-05,2.85022693e-05,1.40319628e-05,7.8491122e-06,-2.38947303e-06
0.715,-1.22452872e-07,-8.47839921e-07,-2.29876617e-06,-4.25714879e-06,-5.31158762e-06,2.94203874e-06,-1.61665168e-06,4.99730481e-07,-1.15476513e-06,9.19482158e-08,-1.0846738e-08,-2.27279938e-06,-7.69779852e-06,-1.68256605e-05,-2.83721443e-05,-3.92022907e-05,2.92321367e-05,1.43926486e-05,8.10444122e-06,-2.45639466e-06
0.716,-1.13019745e-07,-8.32493177e-07,-2.28635214e-06,-4.26638427e-06,-5.36105944e-06,2.47293948e-06,-1.75672973e-06,5.08097214e-07,-1.19142994e-06,9.45716476e-08,1.85376111e-08,-2.21046004e-06,-7.61383719e-06,-1.67631586e-05,-2.83789329e-05,-3.94014951e-05,3.00189733e-05,1.47699666e-05,8.36920545e-06,-2.52537419e-06
0.717,-1.03599288e-07,-8.16951669e-07,-2.27343375e-06,-4.274887e-06,-5.41036309e-06,2.02042343e-06,-1.90819695e-06,5.16651224e-07,-1.22953339e-06,9.71460713e-08,4.76710978e-08,-2.14777141e-06,-7.52830935e-06,-1.66981258e-05,-2.83866713e-05,-3.95815274e-05,3.08622115e-05,1.51638926e-05,8.64363373e-06,-2.59650568e-06
0.718,-9.41956559e-08,-8.01219598e-07,-2.26001314e-06,-4.28268826e-06,-5.45971445e-06,1.58626846e-06,-2.07057172e-06,5.25598128e-07,-1.26909213e-06,9.96769781e-08,7.65424922e-08,-2.08474885e-06,-7.44122853e-06,-1.66305178e-05,-2.83947979e-05,-3.97508454e-05,3.1763242e-05,1.55745364e-05,8.92795307e-06,-2.66989563e-06
0.719,-8.48117074e-08,-7.85298695e-07,-2.24608687e-06,-4.28980574e-06,-5.50930809e-06,1.17011089e-06,-2.24349731e-06,5.35180608e-07,-1.31011533e-06,1.02168534e-07,1.05145362e-07,-2.02139371e-06,-7.35258915e-06,-1.65602414e-05,-2.84029724e-05,-3.99145676e-05,3.27251297e-05,1.60022475e-05,9.22243103e-06,-2.74563783e-06
0.72,-7.54494627e-08,-7.69187667e-07,-2.23164402e-06,-4.29623282e-06,-5.55926001e-06,7.70106817e-07,-2.42717861e-06,5.456357e-07,-1.35260448e-06,1.04622916e-07,1.33476521e-07,-1.95769693e-06,-7.26235269e-06,-1.64871515e-05,-2.84108465e-05,-4.00758389e-05,3.37518966e-05,1.64476146e-05,9.52743134e-06,-2.82379404e-06
0.721,-6.61110325e-08,-7.52884484e-07,-2.21667083e-06,-4.30194388e-06,-5.60958317e-06,3.83956409e-07,-2.62265275e-06,5.57161934e-07,-1.39655929e-06,1.07040535e-07,1.61531735e-07,-1.89365131e-06,-7.17046793e-06,-1.64111095e-05,-2.84180536e-05,-4.02362352e-05,3.48481486e-05,1.69113367e-05,9.84340977e-06,-2.9043985e-06
0.722,-5.67998433e-08,-7.36389337e-07,-2.20115719e-06,-4.30691297e-06,-5.66023227e-06,9.73747155e-09,-2.83161266e-06,5.69887309e-07,-1.44199302e-06,1.09420846e-07,1.89301399e-07,-1.82926477e-06,-7.0769014e-06,-1.63320589e-05,-2.84243095e-05,-4.03958696e-05,3.60192316e-05,1.73940783e-05,1.01708711e-05,-2.98747988e-06
0.723,-4.75206263e-08,-7.19705877e-07,-2.18510017e-06,-4.31112975e-06,-5.71118705e-06,-3.53903182e-07,-3.05600318e-06,5.83917773e-07,-1.48894183e-06,1.11767264e-07,2.16769991e-07,-1.76456228e-06,-6.98165566e-06,-1.6250038e-05,-2.84295211e-05,-4.05538404e-05,3.72719875e-05,1.7896387e-05,1.05103012e-05,-3.07309973e-06
0.724,-3.82776067e-08,-7.02837062e-07,-2.16849492e-06,-4.31458513e-06,-5.76246151e-06,-7.08129105e-07,-3.29788479e-06,5.99374485e-07,-1.5374484e-06,1.1408083e-07,2.43924618e-07,-1.69956052e-06,-6.88472813e-06,-1.61650467e-05,-2.84336667e-05,-4.07091798e-05,3.86152491e-05,1.84188522e-05,1.08621589e-05,-3.1613341e-06
0.725,-2.90737382e-08,-6.85783091e-07,-2.15132963e-06,-4.31725588e-06,-5.81405848e-06,-1.05406009e-06,-3.55966645e-06,6.16396822e-07,-1.5875491e-06,1.16360087e-07,2.70757709e-07,-1.63425746e-06,-6.78608194e-06,-1.60769614e-05,-2.84366049e-05,-4.08612985e-05,4.00598323e-05,1.89622186e-05,1.12269276e-05,-3.25224877e-06
0.726,-1.99123444e-08,-6.68544923e-07,-2.13359348e-06,-4.31911767e-06,-5.86596175e-06,-1.39259072e-06,-3.84399624e-06,6.35141772e-07,-1.6392831e-06,1.18603701e-07,2.97262368e-07,-1.56864838e-06,-6.68569041e-06,-1.59856414e-05,-2.84382076e-05,-4.10097154e-05,4.16186551e-05,1.95272182e-05,1.16050546e-05,-3.34592432e-06
0.727,-1.07982781e-08,-6.51126551e-07,-2.11528207e-06,-4.32015884e-06,-5.91818607e-06,-1.72450016e-06,-4.15364906e-06,6.55838058e-07,-1.69268366e-06,1.20813918e-07,3.2342782e-07,-1.50274116e-06,-6.58355173e-06,-1.58910175e-05,-2.84383995e-05,-4.11534554e-05,4.33067605e-05,2.0114409e-05,1.19969628e-05,-3.44246476e-06
0.728,-1.73702353e-09,-6.3353299e-07,-2.09639389e-06,-4.32037764e-06,-5.9707944e-06,-2.05074751e-06,-4.491729e-06,6.78796767e-07,-1.74778508e-06,1.23002655e-07,3.49239502e-07,-1.43655392e-06,-6.47966683e-06,-1.57930558e-05,-2.84370258e-05,-4.1290605e-05,4.51417072e-05,2.07241915e-05,1.24030966e-05,-3.54200133e-06
0.729,7.26653652e-09,-6.15766885e-07,-2.07692078e-06,-4.31975775e-06,-6.02384291e-06,-2.37248508e-06,-4.86230238e-06,7.04403992e-07,-1.80460309e-06,1.25187083e-07,3.7468333e-07,-1.37010267e-06,-6.37400353e-06,-1.56916894e-05,-2.84337327e-05,-4.14182145e-05,4.71443557e-05,2.13568528e-05,1.2823982e-05,-3.64465589e-06
0.73,1.62092317e-08,-5.9782603e-07,-2.05684054e-06,-4.31824394e-06,-6.07727625e-06,-2.69053381e-06,-5.27083313e-06,7.3301043e-07,-1.8631261e-06,1.27374171e-07,3.99751037e-07,-1.30338497e-06,-6.26647516e-06,-1.55867375e-05,-2.84279296e-05,-4.15326185e-05,4.93403575e-05,2.20125508e-05,1.32602011e-05,-3.75050006e-06
0.731,2.50889762e-08,-5.79704842e-07,-2.03611983e-06,-4.31574605e-06,-6.13090594e-06,-3.0047145e-06,-5.72365556e-06,7.64883904e-07,-1.92336063e-06,1.29572097e-07,4.24434495e-07,-1.23639492e-06,-6.15700127e-06,-1.54779885e-05,-2.84190368e-05,-4.16296244e-05,5.17627383e-05,2.26909749e-05,1.37122328e-05,-3.85963846e-06
0.732,3.39050766e-08,-5.61393697e-07,-2.01471236e-06,-4.31213323e-06,-6.18439209e-06,-3.31361407e-06,-6.22693784e-06,8.00236134e-07,-1.9853445e-06,1.31789651e-07,4.48723189e-07,-1.16913317e-06,-6.04554392e-06,-1.53652957e-05,-2.84067885e-05,-4.17054258e-05,5.4454636e-05,2.33911858e-05,1.41803392e-05,-3.97226042e-06
0.733,4.26610521e-08,-5.42870559e-07,-1.99253806e-06,-4.30718505e-06,-6.23712494e-06,-3.61431457e-06,-6.78592806e-06,8.39144008e-07,-2.04911848e-06,1.34031645e-07,4.72607601e-07,-1.10159235e-06,-5.93206095e-06,-1.52484974e-05,-2.83912118e-05,-4.17584359e-05,5.74708454e-05,2.41120541e-05,1.46647077e-05,-4.08858251e-06
0.734,5.13648094e-08,-5.24099871e-07,-1.96947684e-06,-4.30056042e-06,-6.28806003e-06,-3.90136328e-06,-7.40301492e-06,8.81154563e-07,-2.11475283e-06,1.36290976e-07,4.96075048e-07,-1.03376909e-06,-5.81650561e-06,-1.51274893e-05,-2.8372734e-05,-4.17909466e-05,6.08775009e-05,2.48527579e-05,1.51656576e-05,-4.20878674e-06
0.735,6.00266171e-08,-5.05036574e-07,-1.94537644e-06,-4.29181108e-06,-6.33569439e-06,-4.16572344e-06,-8.07290662e-06,9.24684402e-07,-2.18242831e-06,1.38532526e-07,5.19102338e-07,-9.65683875e-07,-5.69886828e-06,-1.50023612e-05,-2.83525312e-05,-4.18110011e-05,6.47496504e-05,2.56132085e-05,1.5683753e-05,-4.33298948e-06
0.736,6.86542688e-08,-4.856396e-07,-1.92008728e-06,-4.28047441e-06,-6.37832713e-06,-4.39509971e-06,-8.7742149e-06,9.6650062e-07,-2.25259903e-06,1.40679038e-07,5.41642277e-07,-8.97423786e-07,-5.57928923e-06,-1.48736851e-05,-2.83331987e-05,-4.18342499e-05,6.91656335e-05,2.63943816e-05,1.62197441e-05,-4.46133153e-06
0.737,7.72493085e-08,-4.65882023e-07,-1.89349416e-06,-4.26618895e-06,-6.414558e-06,-4.57668829e-06,-9.46010109e-06,1.00177378e-06,-2.32607315e-06,1.4259563e-07,5.63620335e-07,-8.2915681e-07,-5.45813644e-06,-1.47426923e-05,-2.83195086e-05,-4.18869793e-05,7.41962524e-05,2.71993492e-05,1.67744564e-05,-4.59407521e-06
0.738,8.58067887e-08,-4.45753531e-07,-1.865531e-06,-4.24877527e-06,-6.44375345e-06,-4.70141329e-06,-1.00524501e-05,1.02451922e-06,-2.40393787e-06,1.44058278e-07,5.84948248e-07,-7.61088661e-07,-5.33591858e-06,-1.46110415e-05,-2.83183893e-05,-4.2009906e-05,7.98838371e-05,2.80364835e-05,1.73492307e-05,-4.73145669e-06
0.739,9.43119813e-08,-4.25268735e-07,-1.8362068e-06,-4.22833197e-06,-6.46650616e-06,-4.76809756e-06,-1.0441344e-05,1.02851387e-06,-2.48741132e-06,1.4476268e-07,6.05531392e-07,-6.93438632e-07,-5.21321921e-06,-1.44806028e-05,-2.83384099e-05,-4.22583422e-05,8.62099798e-05,2.89229913e-05,1.79465555e-05,-4.87349118e-06
0.74,1.02735309e-07,-4.04482334e-07,-1.80564644e-06,-4.20534397e-06,-6.48505938e-06,-4.78702693e-06,-1.04914244e-05,1.00896393e-06,-2.57762089e-06,1.44357803e-07,6.2527216e-07,-6.26437909e-07,-5.09067928e-06,-1.43533534e-05,-2.83889381e-05,-4.26967172e-05,9.30560327e-05,2.98873867e-05,1.85704748e-05,-5.01985348e-06
0.741,1.11030892e-07,-3.83493786e-07,-1.77410629e-06,-4.1807213e-06,-6.50353425e-06,-4.78224057e-06,-1.00581003e-05,9.64959858e-07,-2.67526993e-06,1.42544575e-07,6.44072509e-07,-5.60327265e-07,-4.96893357e-06,-1.42311758e-05,-2.84786203e-05,-4.33879664e-05,0.000100164224,3.09706254e-05,1.92269054e-05,-5.16982722e-06
0.742,1.19141767e-07,-3.62436405e-07,-1.74194638e-06,-4.15569999e-06,-6.52760293e-06,-4.79088121e-06,-9.01449778e-06,9.02219755e-07,-2.78020271e-06,1.3919253e-07,6.61849565e-07,-4.95320813e-07,-4.84849149e-06,-1.41154895e-05,-2.86135943e-05,-4.43809157e-05,0.000107110481,3.22254738e-05,1.99236009e-05,-5.32229766e-06
0.743,1.27011367e-07,-3.41448165e-07,-1.70954671e-06,-4.13157883e-06,-6.56347217e-06,-4.85811684e-06,-7.2858749e-06,8.34908427e-07,-2.89088425e-06,1.34443497e-07,6.78565088e-07,-4.31523345e-07,-4.72949797e-06,-1.40065809e-05,-2.87952338e-05,-4.56985659e-05,0.000113298017,3.37141715e-05,2.06701065e-05,-5.47557206e-06
0.744,1.34594868e-07,-3.20642893e-07,-1.67721859e-06,-4.10940455e-06,-6.61640714e-06,-5.02783603e-06,-4.88088824e-06,7.85247793e-07,-3.00422729e-06,1.28797141e-07,6.94247141e-07,-3.68866894e-07,-4.6115874e-06,-1.39030082e-05,-2.90180936e-05,-4.73262971e-05,0.000117982632,3.5500899e-05,2.14768955e-05,-5.62738262e-06
0.745,1.4186637e-07,-3.00094008e-07,-1.64514685e-06,-4.08972302e-06,-6.6893813e-06,-5.33199806e-06,-1.90812546e-06,7.80541129e-07,-3.11595657e-06,1.23161931e-07,7.08987838e-07,-3.07124715e-07,-4.49394515e-06,-1.38015562e-05,-2.92689542e-05,-4.9201315e-05,0.000120340393,3.76371544e-05,2.23532059e-05,-5.77535033e-06
0.746,1.48823921e-07,-2.79820154e-07,-1.61335247e-06,-4.07241246e-06,-6.78211805e-06,-5.78203029e-06,1.42816632e-06,8.47791694e-07,-3.2214074e-06,1.18761837e-07,7.22933848e-07,-2.45940788e-07,-4.37540456e-06,-1.36974899e-05,-2.95273025e-05,-5.12111565e-05,0.000119578063,4.01448427e-05,2.33043195e-05,-5.91763027e-06
0.747,1.55493406e-07,-2.59779868e-07,-1.58167934e-06,-4.05663995e-06,-6.89076893e-06,-6.36455281e-06,4.85433522e-06,1.00693716e-06,-3.3165658e-06,1.16937685e-07,7.36266223e-07,-1.84886797e-07,-4.25457924e-06,-1.35851366e-05,-2.97672561e-05,-5.32041354e-05,0.000115069318,4.30022826e-05,2.43294287e-05,-6.05352226e-06
0.748,1.61923006e-07,-2.3987869e-07,-1.54981625e-06,-4.0409722e-06,-7.00825482e-06,-7.04232428e-06,8.07193513e-06,1.26410373e-06,-3.39907786e-06,1.18849882e-07,7.49172137e-07,-1.23533696e-07,-4.13002525e-06,-1.34586766e-05,-2.99608261e-05,-5.50107019e-05,0.000106488676,4.61367023e-05,2.54206069e-05,-6.1837717e-06
0.749,1.68172885e-07,-2.20000999e-07,-1.51738015e-06,-4.02368946e-06,-7.12549206e-06,-7.76057834e-06,1.08134928e-05,1.6066357e-06,-3.46921254e-06,1.25204e-07,7.61801512e-07,-6.15643333e-08,-4.00057208e-06,-1.33132297e-05,-3.00824525e-05,-5.64702314e-05,9.39136562e-05,4.94241137e-05,2.65624908e-05,-6.31080164e-06
0.75,1.74293448e-07,-2.00059666e-07,-1.48405888e-06,-4.00327438e-06,-7.23344087e-06,-8.45843922e-06,1.28960036e-05,2.00268177e-06,-3.53057345e-06,1.36041699e-07,7.74223462e-07,1.10147559e-09,-3.86575426e-06,-1.31461773e-05,-3.01145336e-05,-5.74597135e-05,7.78677471e-05,5.27005241e-05,2.77324983e-05,-6.43906689e-06
0.751,1.80316687e-07,-1.80016313e-07,-1.44970034e-06,-3.97877592e-06,-7.32522428e-06,-9.08316445e-06,1.42520647e-05,2.40752856e-06,-3.58980033e-06,1.50634384e-07,7.86423144e-07,6.43024177e-08,-3.7259246e-06,-1.29576395e-05,-3.00511403e-05,-5.79201798e-05,5.9276249e-05,5.57905585e-05,2.8903716e-05,-6.57475266e-06
0.752,1.86258616e-07,-1.59880097e-07,-1.41431959e-06,-3.94992316e-06,-7.39731733e-06,-9.60115575e-06,1.49276276e-05,2.77456528e-06,-3.65511116e-06,1.67603672e-07,7.98314677e-07,1.27707867e-07,-3.5820496e-06,-1.27500591e-05,-2.98980809e-05,-5.78675818e-05,3.93311552e-05,5.85449213e-05,3.00506081e-05,-6.724574e-06
0.753,1.92113731e-07,-1.39696385e-07,-1.37806722e-06,-3.91705243e-06,-7.44962071e-06,-1.00018471e-05,1.50519185e-05,3.06648263e-06,-3.73439352e-06,1.85275765e-07,8.09761866e-07,1.90896011e-07,-3.43542765e-06,-1.25274217e-05,-2.96701172e-05,-5.73824351e-05,1.93021921e-05,6.08704287e-05,3.11547063e-05,-6.89432218e-06
0.754,1.97858019e-07,-1.19542961e-07,-1.34118737e-06,-3.88096087e-06,-7.48482648e-06,-1.02950195e-05,1.47935599e-05,3.26326012e-06,-3.83361939e-06,2.02071249e-07,8.20600077e-07,2.53406255e-07,-3.28746139e-06,-1.22944878e-05,-2.93871493e-05,-5.65854578e-05,3.48621606e-07,6.2744405e-05,3.22080459e-05,-7.08781913e-06
0.755,2.03453014e-07,-9.95173457e-08,-1.30397165e-06,-3.84271484e-06,-7.50748397e-06,-1.05047997e-05,1.43158638e-05,3.36623756e-06,-3.95603414e-06,2.16864338e-07,8.30661031e-07,3.14790765e-07,-3.13951056e-06,-1.20561166e-05,-2.90707104e-05,-5.56106028e-05,-1.66250992e-05,6.42140977e-05,3.32136231e-05,-7.30673314e-06
0.756,2.08859896e-07,-7.97010944e-08,-1.26665936e-06,-3.80331129e-06,-7.52262281e-06,-1.06620154e-05,1.37386703e-05,3.39715997e-06,-4.10157901e-06,2.29142677e-07,8.39810911e-07,3.74714765e-07,-2.9926197e-06,-1.18162787e-05,-2.87401386e-05,-5.45815917e-05,-3.10508175e-05,6.53836233e-05,3.41843763e-05,-7.5503579e-06
0.757,2.14055791e-07,-6.0126126e-08,-1.22934269e-06,-3.76333668e-06,-7.53426567e-06,-1.07956687e-05,1.31184607e-05,3.39024679e-06,-4.2670382e-06,2.39015123e-07,8.47968994e-07,4.3302277e-07,-2.84729746e-06,-1.15772619e-05,-2.84092888e-05,-5.35939385e-05,-4.27082907e-05,6.63906367e-05,3.5140762e-05,-7.8156005e-06
0.758,2.19031182e-07,-4.07799501e-08,-1.19197746e-06,-3.72289826e-06,-7.54462899e-06,-1.09262277e-05,1.24553008e-05,3.38005788e-06,-4.4475129e-06,2.47065537e-07,8.55099253e-07,4.89698711e-07,-2.70361602e-06,-1.13398875e-05,-2.80860191e-05,-5.27074225e-05,-5.16734589e-05,6.73807945e-05,3.61063516e-05,-8.09804325e-06
0.759,2.23783792e-07,-2.16327236e-08,-1.15445126e-06,-3.68178331e-06,-7.55428321e-06,-1.10637681e-05,1.17178209e-05,3.39176718e-06,-4.63832741e-06,2.54067893e-07,8.61190887e-07,5.44791264e-07,-2.56142854e-06,-1.11041577e-05,-2.77736327e-05,-5.19498058e-05,-5.82325107e-05,6.84894541e-05,3.71036153e-05,-8.39336917e-06
0.76,2.28311729e-07,-2.65699224e-09,-1.11664544e-06,-3.63964995e-06,-7.56274207e-06,-1.12100893e-05,1.08697284e-05,3.43729766e-06,-4.83633922e-06,2.60737923e-07,8.66249324e-07,5.98365138e-07,-2.42053558e-06,-1.0869762e-05,-2.74726301e-05,-5.1325822e-05,-6.2792273e-05,6.98318744e-05,3.8151522e-05,-8.69840297e-06
0.761,2.3261473e-07,1.61718612e-08,-1.07844271e-06,-3.59610785e-06,-7.56892496e-06,-1.13619274e-05,9.88689107e-06,3.51550996e-06,-5.04000845e-06,2.6755955e-07,8.70295377e-07,6.50504675e-07,-2.28067731e-06,-1.06360401e-05,-2.71813268e-05,-5.08245357e-05,-6.58030177e-05,7.14958476e-05,3.92652408e-05,-9.01088794e-06
0.762,2.36693974e-07,3.48761385e-08,-1.03973009e-06,-3.55075588e-06,-7.57145764e-06,-1.15134083e-05,8.76671791e-06,3.6136875e-06,-5.2491751e-06,2.74685178e-07,8.73356639e-07,7.01307568e-07,-2.14152638e-06,-1.04019358e-05,-2.68962021e-05,-5.04245589e-05,-6.76960925e-05,7.35366141e-05,4.04562255e-05,-9.3289523e-06
0.763,2.40544226e-07,5.34548483e-08,-1.00045724e-06,-3.5033467e-06,-7.56924486e-06,-1.16584556e-05,7.53279224e-06,3.71211115e-06,-5.46523914e-06,2.81964059e-07,8.75457311e-07,7.50843537e-07,-2.00283369e-06,-1.01664684e-05,-2.6613439e-05,-5.01007205e-05,-6.88386131e-05,7.59793732e-05,4.17313743e-05,-9.65154634e-06
0.764,2.44151757e-07,7.18773363e-08,-9.60660715e-07,-3.45387313e-06,-7.5619399e-06,-1.17934415e-05,6.22963841e-06,3.79242936e-06,-5.69093989e-06,2.88971495e-07,8.76614651e-07,7.99142706e-07,-1.86447798e-06,-9.92900942e-06,-2.6329922e-05,-4.98297757e-05,-6.95136623e-05,7.88293562e-05,4.30931375e-05,-9.9789767e-06
0.765,2.47499544e-07,9.00999435e-08,-9.20427961e-07,-3.40250679e-06,-7.54995317e-06,-1.19184991e-05,4.90749201e-06,3.84549374e-06,-5.92930147e-06,2.95184314e-07,8.76844913e-07,8.46220659e-07,-1.72639138e-06,-9.68914993e-06,-2.60431352e-05,-4.95925957e-05,-6.99225007e-05,8.20826691e-05,4.45411646e-05,-1.0312778e-05
0.766,2.5057407e-07,1.08088407e-07,-8.79831417e-07,-3.34942062e-06,-7.53396031e-06,-1.2036449e-05,3.60596767e-06,3.87314763e-06,-6.18225732e-06,3.00138152e-07,8.76167606e-07,8.92111071e-07,-1.58844305e-06,-9.44638052e-06,-2.57504642e-05,-4.9373253e-05,-7.0197208e-05,8.57324138e-05,4.60744649e-05,-1.06547754e-05
0.767,2.53364651e-07,1.25820697e-07,-8.38911516e-07,-3.29471727e-06,-7.51451495e-06,-1.21506987e-05,2.34693298e-06,3.88413222e-06,-6.45017039e-06,3.03546604e-07,8.74599613e-07,9.36857266e-07,-1.45044723e-06,-9.20002896e-06,-2.54490974e-05,-4.91578833e-05,-7.04124034e-05,8.97709754e-05,4.76923376e-05,-1.10062093e-05
0.768,2.55856428e-07,1.43266216e-07,-7.97722643e-07,-3.23851748e-06,-7.49214958e-06,-1.22643499e-05,1.13678975e-06,3.89048016e-06,-6.73276775e-06,3.0538271e-07,8.72147931e-07,9.80465956e-07,-1.31233498e-06,-8.9497061e-06,-2.51371831e-05,-4.8936026e-05,-7.05946349e-05,9.41957563e-05,4.93933582e-05,-1.13684113e-05
0.769,2.58033206e-07,1.60388957e-07,-7.56332844e-07,-3.18097582e-06,-7.46747416e-06,-1.23805515e-05,-3.16749752e-08,3.90588847e-06,-7.02940301e-06,3.0579796e-07,8.68814697e-07,1.02291389e-06,-1.17415132e-06,-8.69532914e-06,-2.48140448e-05,-4.87014518e-05,-7.0737177e-05,9.90172305e-05,5.11753237e-05,-1.17430666e-05
0.77,2.59888137e-07,1.77173892e-07,-7.14757352e-07,-3.12212118e-06,-7.44083138e-06,-1.25020828e-05,-1.17872332e-06,3.94136185e-06,-7.33845613e-06,3.05027574e-07,8.64599891e-07,1.06417886e-06,-1.03592633e-06,-8.43677715e-06,-2.44792634e-05,-4.84507294e-05,-7.08188712e-05,0.000104265712,5.30367677e-05,-1.21316023e-05
0.771,2.6142856e-07,1.93641765e-07,-6.72918176e-07,-3.06173519e-06,-7.41185961e-06,-1.26298532e-05,-2.33183619e-06,3.99741849e-06,-7.65700703e-06,3.03438157e-07,8.59497048e-07,1.10424344e-06,-8.97637096e-07,-8.17381735e-06,-2.41322856e-05,-4.81823094e-05,-7.08197414e-05,0.000109996226,5.49776423e-05,-1.25348221e-05
0.772,2.626732e-07,2.09844694e-07,-6.30647011e-07,-2.9993258e-06,-7.37926118e-06,-1.27613663e-05,-3.51287971e-06,4.05692759e-06,-7.98165787e-06,3.01598934e-07,8.53480938e-07,1.14305466e-06,-7.59329308e-07,-7.90643793e-06,-2.37731074e-05,-4.78974736e-05,-7.07313204e-05,0.000116292693,5.69985154e-05,-1.29534502e-05
0.773,2.63644935e-07,2.258484e-07,-5.87729011e-07,-2.93421687e-06,-7.34091255e-06,-1.28901483e-05,-4.72295553e-06,4.08397702e-06,-8.3102476e-06,3.00406922e-07,8.46513751e-07,1.18050634e-06,-6.21235901e-07,-7.63523319e-06,-2.34033795e-05,-4.7602792e-05,-7.05662711e-05,0.000123271027,5.90996183e-05,-1.33895573e-05
0.774,2.64364942e-07,2.41719531e-07,-5.43929052e-07,-2.86560598e-06,-7.29402268e-06,-1.3005816e-05,-5.93031969e-06,4.02881799e-06,-8.64367424e-06,3.0076111e-07,8.38575533e-07,1.21651367e-06,-4.83594624e-07,-7.36089514e-06,-2.30254025e-05,-4.73084714e-05,-7.03706934e-05,0.000131068196,6.12848223e-05,-1.38457328e-05
0.775,2.64830778e-07,2.57472317e-07,-4.99120227e-07,-2.79288484e-06,-7.2360036e-06,-1.30961117e-05,-7.06305179e-06,3.84587306e-06,-8.98955888e-06,3.02690928e-07,8.29702837e-07,1.25113787e-06,-3.46266604e-07,-7.08309978e-06,-2.26391042e-05,-4.70204051e-05,-7.02225222e-05,0.000139805527,6.35682137e-05,-1.43223054e-05
0.776,2.64971962e-07,2.72950182e-07,-4.53591549e-07,-2.7164682e-06,-7.16690849e-06,-1.31541612e-05,-8.01919867e-06,3.53925445e-06,-9.3677337e-06,3.03832889e-07,8.20021413e-07,1.28467223e-06,-2.08494491e-07,-6.79977192e-06,-2.22393594e-05,-4.67292247e-05,-7.0190298e-05,0.000149534374,6.59740514e-05,-1.48159417e-05
0.777,2.64611995e-07,2.87715775e-07,-4.08369616e-07,-2.63878641e-06,-7.09281548e-06,-1.31915912e-05,-8.71944831e-06,3.22990098e-06,-9.81045407e-06,2.98061602e-07,8.09749883e-07,1.3176539e-06,-6.88486639e-08,-6.5068694e-06,-2.1814387e-05,-4.64003115e-05,-7.02514922e-05,0.000160201396,6.85242852e-05,-1.53211316e-05
0.778,2.63484943e-07,3.01078374e-07,-3.65217835e-07,-2.5645513e-06,-7.02767963e-06,-1.32508597e-05,-9.2076019e-06,3.19283238e-06,-1.03466901e-05,2.76188762e-07,7.99154224e-07,1.35074927e-06,7.4502237e-08,-6.19900206e-06,-2.13466877e-05,-4.59709658e-05,-7.01989148e-05,0.000171691206,7.12121055e-05,-1.58348543e-05
0.779,2.61344572e-07,3.12366535e-07,-3.25997948e-07,-2.4993223e-06,-6.99035804e-06,-1.34044409e-05,-9.75532966e-06,3.77700988e-06,-1.09643041e-05,2.30898709e-07,7.8842553e-07,1.38447578e-06,2.23154528e-07,-5.87099435e-06,-2.08174347e-05,-4.5361362e-05,-6.95967298e-05,0.000183997693,7.396836e-05,-1.63620287e-05
0.78,2.58165384e-07,3.21451991e-07,-2.91328202e-07,-2.44599396e-06,-6.99479324e-06,-1.37289129e-05,-1.08778115e-05,5.14508531e-06,-1.156206e-05,1.66727995e-07,7.77470847e-07,1.41869096e-06,3.77194255e-07,-5.52120636e-06,-2.02166216e-05,-4.45067092e-05,-6.78499448e-05,0.000197532949,7.66313743e-05,-1.69224419e-05
0.781,2.54374414e-07,3.29369562e-07,-2.58884439e-07,-2.39991316e-06,-7.03451808e-06,-1.42510982e-05,-1.31630921e-05,6.87632025e-06,-1.19255365e-05,1.12277288e-07,7.65700288e-07,1.45200497e-06,5.33540113e-07,-5.15632236e-06,-1.95585939e-05,-4.34131622e-05,-6.44418807e-05,0.000213494847,7.89451072e-05,-1.75596013e-05
0.782,2.50996535e-07,3.38737979e-07,-2.22093018e-07,-2.34455091e-06,-7.0668099e-06,-1.48790241e-05,-1.68818142e-05,7.63715488e-06,-1.17780352e-05,1.25260862e-07,7.51948339e-07,1.48152948e-06,6.85080793e-07,-4.79448411e-06,-1.88944103e-05,-4.22179214e-05,-5.93444447e-05,0.00023406083,8.06374362e-05,-1.83407053e-05
0.783,2.49531006e-07,3.53494414e-07,-1.70514164e-07,-2.25131662e-06,-7.00742307e-06,-1.53532296e-05,-2.14791424e-05,5.29063549e-06,-1.09551982e-05,2.77781105e-07,7.34665777e-07,1.50334408e-06,8.21699412e-07,-4.46348692e-06,-1.83103317e-05,-4.12153054e-05,-5.34613998e-05,0.000262055783,8.16121748e-05,-1.93348801e-05
0.784,2.51432395e-07,3.77576626e-07,-9.30282826e-08,-2.08706527e-06,-6.74814058e-06,-1.5268753e-05,-2.52241687e-05,-2.1742184e-06,-9.69598448e-06,6.11589926e-07,7.12403066e-07,1.51377299e-06,9.33557082e-07,-4.19239484e-06,-1.79051745e-05,-4.08090499e-05,-4.88213481e-05,0.000299828349,8.22170389e-05,-2.05640546e-05
0.785,2.57250776e-07,4.12641278e-07,1.61966234e-08,-1.83008888e-06,-6.20275921e-06,-1.42075414e-05,-2.53902805e-05,-1.48270391e-05,-8.9309123e-06,1.06968277e-06,6.84433464e-07,1.51103306e-06,1.01551654e-06,-3.99891737e-06,-1.77505804e-05,-4.13794095e-05,-4.82215322e-05,0.000347470493,8.34438061e-05,-2.19438724e-05
0.786,2.65777362e-07,4.55714205e-07,1.51113022e-07,-1.4895585e-06,-5.3699142e-06,-1.1969064e-05,-1.92185493e-05,-2.87054226e-05,-1.03224662e-05,1.43562969e-06,6.51243882e-07,1.49650541e-06,1.07069832e-06,-3.87813183e-06,-1.78502118e-05,-4.31057714e-05,-5.4260331e-05,0.000401101688,8.6865894e-05,-2.32513207e-05
0.787,2.73678678e-07,4.98124606e-07,2.90267117e-07,-1.11820529e-06,-4.38259861e-06,-8.80973576e-06,-5.50392709e-06,-3.47846749e-05,-1.58001807e-05,1.33464842e-06,6.14631104e-07,1.47493187e-06,1.11126874e-06,-3.79829646e-06,-1.81181371e-05,-4.58257387e-05,-6.80982823e-05,0.000452294409,9.42119847e-05,-2.41516996e-05
0.788,2.75985465e-07,5.2679398e-07,3.99496334e-07,-8.08356681e-07,-3.51034047e-06,-5.55497582e-06,1.38762333e-05,-2.04778452e-05,-2.6533007e-05,3.42179372e-07,5.7729484e-07,1.45323115e-06,1.15545008e-06,-3.70767922e-06,-1.83921622e-05,-4.90123448e-05,-8.85445402e-05,0.000489465143,0.000106649553,-2.4298564e-05
0.789,2.67500458e-07,5.28072772e-07,4.41726419e-07,-6.67213844e-07,-3.09507312e-06,-3.47240315e-06,3.34174575e-05,2.57300865e-05,-4.16352486e-05,-1.80098318e-06,5.42005116e-07,1.43818372e-06,1.22128868e-06,-3.55160211e-06,-1.84833368e-05,-5.19046228e-05,-0.000112006687,0.000501200811,0.000124047155,-2.34829262e-05
0.79,2.44792267e-07,4.93179307e-07,3.91590097e-07,-7.76316642e-07,-3.42955221e-06,-3.8843591e-06,4.50970536e-05,0.000107578386,-5.72463811e-05,-4.93601857e-06,5.10645099e-07,1.43381186e-06,1.31937335e-06,-3.29390818e-06,-1.82461631e-05,-5.37614366e-05,-0.000133488689,0.000480441613,0.000144597628,-2.17765954e-05
0.791,2.08098184e-07,4.23284013e-07,2.49589313e-07,-1.14929903e-06,-4.61867299e-06,-7.62569684e-06,4.1089057e-05,0.000215037698,-6.67335304e-05,-8.32213645e-06,4.83567265e-07,1.43974921e-06,1.44808797e-06,-2.93287181e-06,-1.76389342e-05,-5.41425182e-05,-0.000148344146,0.000427688462,0.000165148164,-1.95905393e-05
0.792,1.6236899e-07,3.32069873e-07,4.97211241e-08,-1.70568994e-06,-6.48050223e-06,-1.4553286e-05,1.71691019e-05,0.00032249861,-6.2453206e-05,-1.0688444e-05,4.59560226e-07,1.45147321e-06,1.59418294e-06,-2.50238439e-06,-1.67413716e-05,-5.30810285e-05,-0.000154041997,0.000351469301,0.000182282637,-1.7582391e-05
0.793,1.16708957e-07,2.43916632e-07,-1.44511495e-07,-2.27610585e-06,-8.53773702e-06,-2.33270538e-05,-2.45978237e-05,0.000393589098,-3.88879442e-05,-1.05536486e-05,4.36367947e-07,1.46214857e-06,1.73813052e-06,-2.05832413e-06,-1.57215489e-05,-5.10615293e-05,-0.000151073686,0.000265497163,0.000193721973,-1.64341991e-05
0.794,8.18216873e-08,1.86796856e-07,-2.58229189e-07,-2.64743962e-06,-1.01312405e-05,-3.16288863e-05,-7.51988792e-05,0.000392623137,3.75724658e-06,-6.77617476e-06,4.11620361e-07,1.4653986e-06,1.86198719e-06,-1.65601365e-06,-1.47677808e-05,-4.88166272e-05,-0.000142587203,0.000183620498,0.000199393848,-1.6596359e-05
0.795,6.61059145e-08,1.8161623e-07,-2.33624288e-07,-2.6407922e-06,-1.06462358e-05,-3.68658273e-05,-0.000120834452,0.000299487941,5.71717519e-05,8.03063382e-07,3.8381625e-07,1.45794257e-06,1.95685002e-06,-1.32724722e-06,-1.40114841e-05,-4.70249143e-05,-0.000132963212,0.000114746216,0.00020163629,-1.81008361e-05
0.796,7.21811924e-08,2.32804994e-07,-5.64312802e-08,-2.19074443e-06,-9.7697192e-06,-3.7158907e-05,-0.000147631549,0.000121741264,0.000105722405,1.09069977e-05,3.52865047e-07,1.4408071e-06,2.02637589e-06,-1.06711154e-06,-1.34731362e-05,-4.6032668e-05,-0.000125962596,6.00317966e-05,0.000204281106,-2.05231755e-05
0.797,9.56330565e-08,3.25207588e-07,2.3382676e-07,-1.38467436e-06,-7.65088188e-06,-3.2174529e-05,-0.000147133264,-0.000102948715,0.000131229674,2.08984499e-05,3.19796401e-07,1.41815731e-06,2.08374552e-06,-8.39088608e-07,-1.30613259e-05,-4.57337416e-05,-0.000123273338,1.37521253e-05,0.000210876866,-2.31390255e-05
0.798,1.26599998e-07,4.29226628e-07,5.56385561e-07,-4.38519481e-07,-4.87345378e-06,-2.33661601e-05,-0.000119954234,-0.00031726573,0.000120330571,2.75233328e-05,2.85856362e-07,1.39434331e-06,2.14318352e-06,-5.97784026e-07,-1.2631739e-05,-4.56842582e-05,-0.00012416096,-3.25693295e-05,0.000222922397,-2.52481506e-05
0.799,1.53652926e-07,5.12451396e-07,8.20654092e-07,3.85477087e-07,-2.23733367e-06,-1.3457514e-05,-7.5711016e-05,-0.000464541425,7.11937547e-05,2.81191703e-05,2.51635372e-07,1.37108112e-06,2.21119573e-06,-3.16020479e-07,-1.20727636e-05,-4.53895283e-05,-0.000126373711,-8.51122239e-05,0.000239190866,-2.65126942e-05
0.8,1.68092708e-07,5.52266294e-07,9.61932959e-07,8.8274524e-07,-4.43914091e-07,-5.36640676e-06,-2.90869846e-05,-0.000510265557,-4.06940556e-06,2.18037096e-05,2.16797694e-07,1.34655816e-06,2.28306578e-06,5.42828087e-10,-1.13654304e-05,-4.45880922e-05,-0.000127709761,-0.0001447717,0.00025666217,-2.71107286e-05
0.801,1.66595549e-07,5.43241133e-07,9.63683099e-07,9.80081738e-07,1.61699776e-07,-1.08848507e-06,6.11722004e-06,-0.00045461305,-8.32485581e-05,1.00295093e-05,1.80598181e-07,1.31710316e-06,2.34690146e-06,3.20457094e-07,-1.05816812e-05,-4.33618211e-05,-0.000127271695,-0.000207879972,0.000272517167,-2.75930763e-05
0.802,1.51522197e-07,4.96881304e-07,8.57962146e-07,7.47460441e-07,-3.23383011e-07,-1.07305164e-06,2.19865578e-05,-0.000330124561,-0.0001426509,-3.85632966e-06,1.4296566e-07,1.28061468e-06,2.39317159e-06,6.11306905e-07,-9.82276775e-06,-4.2014484e-05,-0.000125692976,-0.000269820093,0.000285861607,-2.85150915e-05
0.803,1.29274801e-07,4.35332041e-07,7.07878613e-07,3.5423929e-07,-1.45455229e-06,-4.285016e-06,1.84063019e-05,-0.000186543922,-0.000166390993,-1.58345992e-05,1.05739875e-07,1.24024114e-06,2.4252807e-06,8.69871822e-07,-9.13040442e-06,-4.07928907e-05,-0.00012429737,-0.000328841874,0.000297921136,-3.00552747e-05
0.804,1.07369536e-07,3.81948055e-07,5.80890402e-07,-4.45262727e-09,-2.64734078e-06,-8.79847444e-06,1.70440839e-06,-7.05925296e-05,-0.000152277898,-2.26501394e-05,7.33538498e-08,1.2064519e-06,2.46621852e-06,1.14400706e-06,-8.41117724e-06,-3.95842906e-05,-0.000123691386,-0.000387235255,0.000310212869,-3.18159995e-05
0.805,9.12732931e-08,3.52199007e-07,5.23077994e-07,-1.82389815e-07,-3.40836833e-06,-1.26251439e-05,-1.88042051e-05,-9.43763266e-06,-0.000111991611,-2.29198849e-05,5.21372557e-08,1.19544714e-06,2.55600676e-06,1.53189999e-06,-7.41774766e-06,-3.77481524e-05,-0.00012252553,-0.000448322711,0.000321330296,-3.29532342e-05
0.806,8.21517642e-08,3.4801935e-07,5.43079039e-07,-1.33201075e-07,-3.50891904e-06,-1.44622304e-05,-3.47531014e-05,-3.95741047e-06,-6.55580906e-05,-1.75614485e-05,4.77808415e-08,1.22281914e-06,2.73679076e-06,2.14860461e-06,-5.82125723e-06,-3.42283108e-05,-0.00011716737,-0.000509946589,0.000324165801,-3.27072013e-05
0.807,7.63056235e-08,3.5726595e-07,6.10173308e-07,7.72964755e-08,-3.05181282e-06,-1.41180064e-05,-4.1700418e-05,-3.33962319e-05,-3.23468477e-05,-9.43507048e-06,6.12180885e-08,1.29310382e-06,3.02678662e-06,3.06073437e-06,-3.38015688e-06,-2.80120601e-05,-0.000102793437,-0.000557621332,0.000306188934,-3.12639569e-05
0.808,6.68068387e-08,3.58910294e-07,6.67533702e-07,3.01227264e-07,-2.41504799e-06,-1.25049063e-05,-4.03219809e-05,-6.85818982e-05,-2.21643548e-05,-2.30657175e-06,8.41734221e-08,1.3883471e-06,3.39053826e-06,4.20665512e-06,-1.65316724e-07,-1.88572426e-05,-7.58962812e-05,-0.000562263869,0.000255045518,-3.06569435e-05
0.809,4.71849615e-08,3.33210092e-07,6.58634452e-07,3.76257924e-07,-2.07936229e-06,-1.11949817e-05,-3.55999951e-05,-8.79454643e-05,-3.03645133e-05,6.39731293e-07,9.63678144e-08,1.46062834e-06,3.71785981e-06,5.33375279e-06,3.24268962e-06,-8.04349965e-06,-3.75270971e-05,-0.000487188486,0.000169713751,-3.51862626e-05
0.81,1.601812e-08,2.73856745e-07,5.59376808e-07,2.12323751e-07,-2.38377858e-06,-1.16452523e-05,-3.4262959e-05,-8.9387738e-05,-4.01066334e-05,-1.62755676e-06,6.71360313e-08,1.4352008e-06,3.82778267e-06,5.99450945e-06,5.69467515e-06,1.20925853e-06,3.94333123e-06,-0.000306180763,7.40215514e-05,-5.07200735e-05
0.811,-1.9520859e-08,1.97247848e-07,4.03806324e-07,-1.33086571e-07,-3.29134988e-06,-1.43358171e-05,-4.12452921e-05,-9.19741446e-05,-3.24855394e-05,-6.90098935e-06,-3.62101641e-08,1.23010605e-06,3.51259375e-06,5.64278165e-06,5.67039006e-06,4.0685307e-06,3.21505818e-05,-2.91858846e-05,2.51312208e-05,-8.22577152e-05
0.812,-4.33678078e-08,1.4348996e-07,2.89529021e-07,-4.28131408e-07,-4.26811429e-06,-1.81621288e-05,-5.63846353e-05,-0.000124907047,-1.44468635e-06,-9.83454964e-06,-2.33054686e-07,7.93322538e-07,2.62640911e-06,3.84763011e-06,1.80370316e-06,-4.52461578e-06,2.57633758e-05,0.000274619045,0.000106512285,-0.000129578695
0.813,-3.52931719e-08,1.64830082e-07,3.51573496e-07,-3.20127846e-07,-4.3710591e-06,-2.04309844e-05,-7.27782608e-05,-0.00020665907,3.36664453e-05,-3.84812528e-06,-5.10251467e-07,1.50450279e-07,1.20325645e-06,5.93464297e-07,-6.31492724e-06,-2.74422869e-05,-3.40622998e-05,0.000471936697,0.00039654901,-0.000181924309
0.814,1.89837051e-08,3.00537443e-07,7.0113847e-07,5.17128303e-07,-2.59981104e-06,-1.7703609e-05,-7.80392061e-05,-0.000322998333,2.73531747e-05,1.50135198e-05,-8.06329245e-07,-5.54232794e-07,-4.34724442e-07,-3.42420196e-06,-1.72744995e-05,-6.24544947e-05,-0.000152745586,0.000393761489,0.000912821191,-0.000214156687
0.815,1.14802413e-07,5.43856758e-07,1.34116402e-06,2.16545772e-06,1.52403726e-06,-7.48824986e-06,-5.90628752e-05,-0.000416586176,-7.31992761e-05,4.30868851e-05,-1.01108988e-06,-1.05214599e-06,-1.64767587e-06,-6.67184317e-06,-2.73328971e-05,-9.99577348e-05,-0.000310922876,-9.64763885e-05,0.0015479212,-0.000188476384
0.816,2.18996947e-07,8.16037463e-07,2.09393117e-06,4.25464599e-06,7.33596867e-06,9.65206221e-06,-9.65810344e-06,-0.000400393571,-0.00028966622,6.5273264e-05,-9.91701367e-07,-1.00967561e-06,-1.60378443e-06,-7.02425348e-06,-3.08179786e-05,-0.000123116472,-0.000458416345,-0.00100694793,0.00203281199,-6.67040498e-05
0.817,2.71954435e-07,9.68204502e-07,2.59340143e-06,5.89966523e-06,1.27133376e-05,2.85748752e-05,6.1619627e-05,-0.000199526344,-0.00056845496,5.6264447e-05,-6.45165484e-07,-1.57093717e-07,4.15038972e-07,-2.48553066e-06,-2.18197205e-05,-0.000111998411,-0.000520746892,-0.00213222677,0.00197708679,0.000164633528
0.818,2.06178342e-07,8.25493783e-07,2.38413497e-06,5.90543843e-06,1.44346536e-05,3.98697663e-05,0.000127944298,0.000189906394,-0.000759974916,-9.46679314e-06,3.85578058e-08,1.54822376e-06,4.60257786e-06,7.76331018e-06,3.0462084e-06,-5.16497387e-05,-0.000422112604,-0.00303768589,0.00102052603,0.000462586462
0.819,-2.14553294e-08,2.69144645e-07,1.12448447e-06,3.25990926e-06,9.36588049e-06,3.27916748e-05,0.0001493586,0.000654246013,-0.000654035227,-0.000138803078,9.30860709e-07,3.79473043e-06,1.02818568e-05,2.23956611e-05,4.17609093e-05,5.82838743e-05,-0.000120853914,-0.00316287536,-0.000923837076,0.000706195357
0.82,-3.96498644e-07,-6.73624022e-07,-1.17404248e-06,-2.23079851e-06,-3.80754964e-06,4.08375236e-07,8.78869883e-05,0.000964928089,-8.48123689e-05,-0.000298999956,1.7663309e-06,5.90783788e-06,1.58349635e-05,3.75966245e-05,8.53952705e-05,0.000196747462,0.000355438509,-0.00204555194,-0.00343143724,0.00070804324
0.821,-8.30628599e-07,-1.77947114e-06,-3.99233732e-06,-9.46485329e-06,-2.30549914e-05,-5.49991871e-05,-7.15143655e-05,0.000853122581,0.000923685247,-0.000408374888,2.20435356e-06,7.00296699e-06,1.90457315e-05,4.77617e-05,0.000119304425,0.000322026887,0.00089367433,0.000404455692,-0.0054860346,0.000275703163
0.822,-1.17507148e-06,-2.65746659e-06,-6.3461695e-06,-1.60402389e-05,-4.25875652e-05,-0.000119188858,-0.000303538874,0.00014242122,0.00204708289,-0.000353354867,1.9349124e-06,6.26882985e-06,1.78035558e-05,4.7205812e-05,0.000127253917,0.000382182588,0.00131263697,0.00371221479,-0.00569300078,-0.000683601741
0.823,-1.26453063e-06,-2.8639264e-06,-7.06225361e-06,-1.88716531e-05,-5.41106219e-05,-0.000168131212,-0.000538981399,-0.00111628203,0.00267615083,-3.71159549e-05,7.95550984e-07,3.29085615e-06,1.09458707e-05,3.23670554e-05,9.73460242e-05,0.000332762032,0.00141499405,0.00685384309,-0.00280509696,-0.0020518303
0.824,-9.79675921e-07,-2.07428185e-06,-5.22444244e-06,-1.53138375e-05,-4.96320239e-05,-0.000175432491,-0.00068091053,-0.00258273867,0.00211122635,0.000552058604,-1.14057518e-06,-1.70089139e-06,-1.06502137e-06,3.71276106e-06,2.77308481e-05,0.000155872755,0.00105955291,0.00853264427,0.00358872399,-0.00343895889
0.825,-3.06104784e-07,-2.51100447e-07,-6.35682634e-07,-4.41614351e-06,-2.49699449e-05,-0.000122953093,-0.000638295818,-0.00369366776,-9.76597471e-05,0.00128268146,-3.54005988e-06,-7.76426621e-06,-1.59197529e-05,-3.34536824e-05,-7.02086437e-05,-0.00012670444,0.000228383875,0.00764864472,0.0125018673,-0.00422749367
0.826,6.33683018e-07,2.26122974e-06,5.8944865e-06,1.21951316e-05,1.74055603e-05,-1.07157974e-05,-0.000366091137,-0.0038579318,-0.00379641145,0.00187066555,-5.8644227e-06,-1.34103914e-05,-2.98512553e-05,-6.97623219e-05,-0.000172878318,-0.000452384778,-0.000938675383,0.00378923099,0.0214366079,-0.00374632043
0.827,1.59584933e-06,4.77464007e-06,1.26032803e-05,3.02649288e-05,6.75503301e-05,0.000138214309,0.000103873582,-0.00271537042,-0.00804330215,0.00194651668,-7.50951028e-06,-1.70035181e-05,-3.8640634e-05,-9.41809175e-05,-0.000250123876,-0.000731133775,-0.00215994097,-0.00246587806,0.0269104862,-0.00154377621
0.828,2.2886289e-06,6.45832525e-06,1.72619948e-05,4.39851805e-05,0.000110198705,0.0002813804,0.000656486788,-0.000352206455,-0.0112528839,0.0012000811,-8.00242088e-06,-1.73184217e-05,-3.90560722e-05,-9.76726432e-05,-0.000274707489,-0.000872093013,-0.00308301636,-0.00957890812,0.0255762094,0.0023214811
0.829,2.48064446e-06,6.65125177e-06,1.79977245e-05,4.80559977e-05,0.000129860316,0.000370143799,0.0011218917,0.00263839365,-0.0117105465,-0.000437108104,-7.1690331e-06,-1.4030883e-05,-3.01883131e-05,-7.68719055e-05,-0.000232826884,-0.000816572217,-0.0033993857,-0.0154781437,0.0156134887,0.00710123499
0.83,2.09030262e-06,5.1420562e-06,1.40942303e-05,3.99044966e-05,0.00011705906,0.000368373188,0.00133501938,0.00531808015,-0.00831371324,-0.00265888843,-5.18505431e-06,-7.87991127e-06,-1.39822376e-05,-3.59227788e-05,-0.000130828336,-0.000563417219,-0.00296261615,-0.0182703293,-0.00217580495,0.0114355544
0.831,1.21441892e-06,2.27748002e-06,6.37336725e-06,2.09692863e-05,7.27536819e-05,0.000268157382,0.00120218167,0.00675025183,-0.00121325036,-0.00479848436,-2.50116545e-06,-4.23571493e-07,5.34019984e-06,1.45928935e-05,5.69327254e-06,-0.000173470946,-0.00185413457,-0.0169626085,-0.0241681427,0.0137433514
0.832,8.8221242e-08,-1.15118075e-06,-3.03670338e-06,-3.60032904e-06,8.6856848e-06,9.48527717e-05,0.00074321365,0.00638279428,0.00799948717,-0.00602824916,3.11980438e-07,6.49549832e-06,2.27198343e-05,6.12188395e-05,0.00014036448,0.000249894062,-0.00036275653,-0.0118612535,-0.0448709661,0.0128106509
0.833,-1.00203565e-06,-4.19647379e-06,-1.14664337e-05,-2.67655603e-05,-5.67047523e-05,-0.000101399322,8.84420959e-05,0.0042846701,0.0167289344,-0.00568597954,2.73356681e-06,1.13556071e-05,3.39782008e-05,9.22394834e-05,0.000238599477,0.000596502112,0.0011149076,-0.00445900327,-0.0587332624,0.00833138865
0.834,-1.8102559e-06,-6.08386312e-06,-1.66594896e-05,-4.21484832e-05,-0.000105016859,-0.000264244801,-0.000569466336,0.00112078318,0.0222980807,-0.00358610557,4.40668123e-06,1.33726505e-05,3.70755916e-05,0.000101394153,0.00027889645,0.000786421216,0.00221167419,0.00313798233,-0.062080257,0.00113940208
0.835,-2.189423e-06,-6.43728573e-06,-1.7486022e-05,-4.61459495e-05,-0.000124187422,-0.000351088114,-0.00104654457,-0.00212091019,0.022959046,-0.000159217582,5.17608507e-06,1.259251e-05,3.24307214e-05,8.91792175e-05,0.000258197685,0.000792310285,0.00270546546,0.00897864257,-0.0543438049,-0.00700544663
0.836,-2.11311766e-06,-5.34420786e-06,-1.41832419e-05,-3.88280577e-05,-0.000111878015,-0.000345921799,-0.00122916705,-0.0045106225,0.0185389084,0.00365756063,5.07988771e-06,9.72527792e-06,2.24012975e-05,6.16913735e-05,0.000190235703,0.000640180498,0.00256870697,0.0118852662,-0.0381006207,-0.0139930054
0.837,-1.66518208e-06,-3.27374727e-06,-8.12983239e-06,-2.35131368e-05,-7.51802368e-05,-0.000261414373,-0.00110345884,-0.00549126876,0.010458962,0.00673755219,4.31037073e-06,5.84037902e-06,1.03049192e-05,2.79850329e-05,9.89339561e-05,0.000393089059,0.00194530679,0.0116967484,-0.0180047816,-0.0180556129
0.838,-1.00181846e-06,-8.88468605e-07,-1.28535762e-06,-5.34511411e-06,-2.72318258e-05,-0.000131281045,-0.000746890805,-0.00501289014,0.00116004667,0.00816115897,3.14700732e-06,2.01914647e-06,-6.63977107e-07,-2.97213436e-06,9.85538813e-06,0.000126731728,0.0010783946,0.00912413601,0.000859017368,-0.0183154668
0.839,-3.00347535e-07,1.17609927e-06,4.4783566e-06,1.05194132e-05,1.76730294e-05,3.11242688e-06,-0.000290778888,-0.00346676713,-0.00679274206,0.00753451865,1.88171797e-06,-9.27284337e-07,-8.27811387e-06,-2.47490347e-05,-5.72368476e-05,-9.40503597e-05,0.000222137846,0.00535386651,0.0145363561,-0.0149999793
0.84,2.90410126e-07,2.49101493e-06,7.92021098e-06,2.04598989e-05,4.85709916e-05,0.000106501916,0.000128594639,-0.00148009742,-0.0115531751,0.00510862499,7.53723986e-07,-2.60746437e-06,-1.16733955e-05,-3.46749022e-05,-9.25505688e-05,-0.000230701997,-0.000430813137,0.00159223386,0.0211505669,-0.00927686863
0.841,6.84244823e-07,2.9235098e-06,8.69483632e-06,2.32246105e-05,6.05525932e-05,0.000159247255,0.000412023697,0.000327098488,-0.0124818219,0.00166514595,-9.16694746e-08,-3.05394426e-06,-1.12802047e-05,-3.37455089e-05,-9.67028484e-05,-0.000275410011,-0.000787567638,-0.00128187832,0.0210294647,-0.00280907082
0.842,8.63691806e-07,2.61322135e-06,7.28079393e-06,1.9856623e-05,5.51014802e-05,0.000160192214,0.000520163633,0.00153192139,-0.0101536207,-0.00177558353,-6.06715389e-07,-2.59856072e-06,-8.38321524e-06,-2.54679887e-05,-7.80730957e-05,-0.000245673582,-0.000855670791,-0.00287483957,0.0161320838,0.0027896675
0.843,8.61886844e-07,1.86038319e-06,4.64323378e-06,1.28601307e-05,3.82427969e-05,0.000122919618,0.000472362885,0.00199213316,-0.0059531446,-0.00430682881,-8.16873059e-07,-1.68505911e-06,-4.51728757e-06,-1.41945819e-05,-4.84111051e-05,-0.000172661892,-0.000713909762,-0.00324820431,0.00910334769,0.00640952801
0.844,7.3690174e-07,9.91099423e-07,1.81536717e-06,5.07082464e-06,1.75721374e-05,6.79752641e-05,0.000326203511,0.00181624785,-0.00147220963,-0.00541082439,-7.90472589e-07,-7.07558927e-07,-9.56522499e-07,-3.64618187e-06,-1.85415697e-05,-8.85302548e-05,-0.000469161825,-0.00275883582,0.00234710256,0.00766885874
0.845,5.49816097e-07,2.5423871e-07,-4.29982037e-07,-1.28765603e-06,-4.7249542e-07,1.47884504e-05,0.000149635786,0.00125806561,0.00203138113,-0.00506194654,-6.12064603e-07,7.90212321e-08,1.55588261e-06,3.92209351e-06,4.3662927e-06,-1.72045758e-05,-0.000217567803,-0.00185835689,-0.00257754376,0.00686865928
0.846,3.50782701e-07,-2.25336045e-07,-1.73154055e-06,-5.08790071e-06,-1.21957359e-05,-2.38066576e-05,-2.4226386e-06,0.000594410195,0.00393165457,-0.00364589858,-3.62248553e-07,5.75112739e-07,2.82939917e-06,7.84842581e-06,1.75396922e-05,2.94159743e-05,-2.16126553e-05,-0.000931841652,-0.00512381267,0.00474735303
0.847,1.74161537e-07,-4.37662614e-07,-2.11017188e-06,-6.28188609e-06,-1.68655447e-05,-4.32673648e-05,-0.000100247319,3.4119148e-05,0.00424393535,-0.0017578865,-1.06020297e-07,7.98794607e-07,3.07113737e-06,8.66620872e-06,2.1766314e-05,5.03431284e-05,9.4805169e-05,-0.000215179991,-0.00556439046,0.00216379515
0.848,3.91124619e-08,-4.45486579e-07,-1.82606145e-06,-5.54008958e-06,-1.59109079e-05,-4.58064996e-05,-0.000139417389,-0.000319990522,0.00342205732,2.28098694e-05,1.12429709e-07,8.28137392e-07,2.66746096e-06,7.48724567e-06,1.97944072e-05,5.14998991e-05,0.000137909312,0.000210590805,-0.00461732587,-0.00016904225
0.849,-4.78394518e-08,-3.37029777e-07,-1.2140276e-06,-3.79394043e-06,-1.1722616e-05,-3.72803651e-05,-0.000132836519,-0.000461206084,0.00207832391,0.00129711568,2.70423504e-07,7.5216243e-07,2.00171522e-06,5.4572878e-06,1.47781497e-05,4.12548872e-05,0.000129881537,0.000375731804,-0.00307536254,-0.00182775941
0.85,-8.93688594e-08,-1.90712307e-07,-5.59658603e-07,-1.87206524e-06,-6.60583044e-06,-2.41443866e-05,-0.000100383724,-0.00044257083,0.00074803047,0.00190957817,3.63531165e-07,6.41550028e-07,1.35121571e-06,3.43159327e-06,9.25056059e-06,2.71306982e-05,9.59333649e-05,0.000363705632,-0.00155703743,-0.00269249696
0.851,-9.38438397e-08,-5.77386382e-08,-3.91323173e-08,-3.0956333e-07,-2.16783757e-06,-1.14196323e-05,-6.05408864e-05,-0.000336938289,-0.000237776455,0.00191924066,3.99916183e-07,5.3850027e-07,8.59977314e-07,1.87469628e-06,4.72050138e-06,1.41862512e-05,5.61874342e-05,0.000263660588,-0.000410225346,-0.00287080471
0.852,-7.23509816e-08,3.93737416e-08,2.83520647e-07,6.78659751e-07,8.37112071e-07,-1.9025689e-06,-2.58625024e-05,-0.00020795128,-0.000769087316,0.00151589839,3.94369066e-07,4.60001128e-07,5.6222965e-07,9.16245281e-07,1.74398497e-06,4.81636601e-06,2.26993769e-05,0.000143529889,0.000264941332,-0.00258649647
0.853,-3.63478488e-08,9.89279957e-08,4.24707617e-07,1.11920641e-06,2.34749392e-06,3.64073965e-06,-2.09451574e-06,-9.65034321e-05,-0.000900165753,0.000926007101,3.63215497e-07,4.06881075e-07,4.26314601e-07,4.75326992e-07,2.30147914e-07,-6.08166863e-07,1.41479406e-07,4.22608275e-05,0.000532147247,-0.00207940704
0.854,4.0363522e-09,1.2957604e-07,4.39591305e-07,1.16481019e-06,2.70408522e-06,5.77661636e-06,1.03520746e-05,-2.00131888e-05,-0.000766715633,0.000340866766,3.2083985e-07,3.72900819e-07,3.96246738e-07,3.84902624e-07,-2.2018394e-07,-2.84508926e-06,-1.17925338e-05,-2.58412796e-05,0.000526584301,-0.00154074342
0.855,4.107469e-08,1.4201587e-07,3.88163392e-07,9.94009797e-07,2.37303896e-06,5.63986717e-06,1.40557163e-05,2.11643591e-05,-0.000513813977,-0.000119255477,2.77908573e-07,3.50951124e-07,4.19390718e-07,4.79064653e-07,-5.70893806e-08,-3.01905823e-06,-1.57987872e-05,-6.20764934e-05,0.000385674637,-0.00108772858
0.856,6.99678003e-08,1.44574277e-07,3.16232591e-07,7.50676003e-07,1.76157406e-06,4.36611604e-06,1.24759758e-05,3.5506979e-05,-0.000252415491,-0.000407930922,2.40946096e-07,3.35846276e-07,4.5882782e-07,6.35567517e-07,3.60051647e-07,-2.14974214e-06,-1.50373974e-05,-7.47213242e-05,0.000212354771,-0.00076790144
0.857,8.87988501e-08,1.42211776e-07,2.50255965e-07,5.2313134e-07,1.13977792e-06,2.79674903e-06,8.61661817e-06,3.36573823e-05,-4.51982282e-05,-0.000534460179,2.12823436e-07,3.24663116e-07,4.94429324e-07,7.83532048e-07,8.04858743e-07,-9.55294055e-07,-1.20934042e-05,-7.31255952e-05,6.58226434e-05,-0.00057891618
0.858,9.79701471e-08,1.37255881e-07,2.00468216e-07,3.49604781e-07,6.40761607e-07,1.41161301e-06,4.48340922e-06,2.45468608e-05,8.73643098e-05,-0.000538621672,1.93731698e-07,3.16036453e-07,5.18586025e-07,8.92931035e-07,1.16704283e-06,1.58425438e-07,-8.65551251e-06,-6.47811367e-05,-3.12989768e-05,-0.000491533369
0.859,9.93664222e-08,1.30663986e-07,1.67107934e-07,2.34832008e-07,2.98471894e-07,3.9563335e-07,1.09359982e-06,1.40248632e-05,0.00015207251,-0.00046843756,1.82252034e-07,3.09303931e-07,5.30800514e-07,9.58879436e-07,1.41408619e-06,1.02122472e-06,-5.60884269e-06,-5.454943e-05,-7.98362851e-05,-0.000468312284
0.86,9.54562759e-08,1.22913139e-07,1.46070443e-07,1.67128598e-07,9.24599171e-08,-2.49416999e-07,-1.2525639e-06,5.06644165e-06,0.00016791993,-0.000365753327,1.76276937e-07,3.03963401e-07,5.3350294e-07,9.88292534e-07,1.55468069e-06,1.6047655e-06,-3.28162819e-06,-4.50263952e-05,-9.17442242e-05,-0.000475345069
0.861,8.86407593e-08,1.14492275e-07,1.32640291e-07,1.30581001e-07,-1.71277876e-08,-6.05334679e-07,-2.65569998e-06,-1.36770987e-06,0.000155309967,-0.000259934936,1.73637348e-07,2.99420242e-07,5.29503503e-07,9.91166315e-07,1.61288979e-06,1.94774995e-06,-1.68853715e-06,-3.72674744e-05,-8.14945506e-05,-0.000487595313
0.862,8.08260726e-08,1.05975588e-07,1.23265005e-07,1.11672314e-07,-6.84340188e-08,-7.70754605e-07,-3.36931044e-06,-5.42641231e-06,0.000130423043,-0.000167504568,1.72476137e-07,2.94978287e-07,5.20909654e-07,9.76228501e-07,1.61346513e-06,2.10835639e-06,-7.08696267e-07,-3.14596101e-05,-6.14250137e-05,-0.000489789139
0.863,7.32955756e-08,9.79302111e-08,1.15882028e-07,1.01392067e-07,-8.9207712e-08,-8.27228502e-07,-3.64975309e-06,-7.68804618e-06,0.000103615336,-9.49422385e-05,1.7141624e-07,2.8999208e-07,5.09032894e-07,9.49782847e-07,1.57620401e-06,2.14071383e-06,-1.90962488e-07,-2.73982845e-05,-4.00993142e-05,-0.000474888584
0.864,6.67051145e-08,9.07677719e-08,1.09573503e-07,9.47926035e-08,-9.61494541e-08,-8.295259e-07,-3.6921914e-06,-8.76455543e-06,8.01614496e-05,-4.23786938e-05,1.69570283e-07,2.8397272e-07,4.94664062e-07,9.16063225e-07,1.51529605e-06,2.08753343e-06,-4.66359063e-10,-2.47578938e-05,-2.24214308e-05,-0.000441735229
0.865,6.12644503e-08,8.46892008e-08,1.04032875e-07,8.96501025e-08,-9.77102916e-08,-8.08996867e-07,-3.62125611e-06,-9.1370645e-06,6.18613973e-05,-6.79529381e-06,1.66471435e-07,2.76642534e-07,4.78307232e-07,8.77856062e-07,1.44044864e-06,1.98007084e-06,-3.11290364e-08,-2.32112397e-05,-1.0472457e-05,-0.000392799194
0.866,5.68915048e-08,7.97144494e-08,9.92309623e-08,8.52319474e-08,-9.73592942e-08,-7.80952232e-07,-3.50590791e-06,-9.12781116e-06,4.85922438e-05,1.57893522e-05,1.61981347e-07,2.67926845e-07,4.60384274e-07,8.37118197e-07,1.35834882e-06,1.84082304e-06,-2.03184995e-07,-2.24718646e-05,-4.47734545e-06,-0.000332386569
0.867,5.33742839e-08,7.57151393e-08,9.51581524e-08,8.14245765e-08,-9.60988815e-08,-7.51504128e-07,-3.37908054e-06,-8.9288841e-06,3.94231083e-05,2.91179395e-05,1.56208386e-07,2.5795653e-07,4.41376509e-07,7.95479084e-07,1.27400082e-06,1.6863747e-06,-4.57158833e-07,-2.23003008e-05,-3.62676713e-06,-0.000265377299
0.868,5.04856481e-08,7.2510506e-08,9.17620293e-08,7.82695895e-08,-9.41113848e-08,-7.22503765e-07,-3.25385135e-06,-8.64414782e-06,3.32645236e-05,3.62056303e-05,1.49388749e-07,2.47016942e-07,4.21844611e-07,7.5441764e-07,1.19145909e-06,1.52947377e-06,-7.47877595e-07,-2.24967512e-05,-6.65537203e-06,-0.000196430346
0.869,4.80328022e-08,6.98732089e-08,8.89580614e-08,7.57463e-08,-9.13617234e-08,-6.9421851e-07,-3.13435874e-06,-8.32659879e-06,2.91669121e-05,3.92667485e-05,1.41842256e-07,2.3543294e-07,4.02345243e-07,7.15138278e-07,1.11379249e-06,1.37958947e-06,-1.04139288e-06,-2.28940147e-05,-1.21960608e-05,-0.000129530543
0.87,4.5872757e-08,6.75922842e-08,8.66286759e-08,7.37792809e-08,-8.78945986e-08,-6.66541914e-07,-3.02117048e-06,-8.00312732e-06,2.64094068e-05,3.98280954e-05,1.33897421e-07,2.23574524e-07,3.83362359e-07,6.78526486e-07,1.04312239e-06,1.24334099e-06,-1.31315527e-06,-2.33579414e-05,-1.89951056e-05,-6.77532823e-05
0.871,4.38951554e-08,6.55368235e-08,8.465139e-08,7.23345809e-08,-8.3757719e-08,-6.39299791e-07,-2.91379907e-06,-7.68693588e-06,2.44911076e-05,3.88929225e-05,1.25872379e-07,2.1181645e-07,3.65296443e-07,6.45226335e-07,9.80716917e-07,1.12476669e-06,-1.54717636e-06,-2.37898706e-05,-2.60392231e-05,-1.31869411e-05
0.872,4.20603686e-08,6.36110187e-08,8.29148998e-08,7.13078305e-08,-7.91463682e-08,-6.12540015e-07,-2.81151491e-06,-7.38324217e-06,2.30819103e-05,3.71001972e-05,1.18028281e-07,2.00461097e-07,3.48435786e-07,6.1553489e-07,9.27052812e-07,1.02552866e-06,-1.7354553e-06,-2.41241971e-05,-3.25946412e-05,3.30055164e-05
0.873,4.03470879e-08,6.17605122e-08,8.13460368e-08,7.06275211e-08,-7.42049111e-08,-5.86382794e-07,-2.71387891e-06,-7.09410284e-06,2.19745136e-05,3.48461117e-05,1.10572027e-07,1.89761251e-07,3.32992007e-07,5.89527128e-07,8.81990102e-07,9.45502051e-07,-1.87626622e-06,-2.43247147e-05,-3.82023882e-05,7.04557439e-05
0.874,3.87600109e-08,5.99794838e-08,7.98979695e-08,7.02329977e-08,-6.90394332e-08,-5.60973681e-07,-2.62080346e-06,-6.82135209e-06,2.10445919e-05,3.23716241e-05,1.03638465e-07,1.79866144e-07,3.19049559e-07,5.67096995e-07,8.45070871e-07,8.83885876e-07,-1.97064017e-06,-2.43777901e-05,-4.26510086e-05,9.94208499e-05
0.875,3.72938879e-08,5.82626413e-08,7.85499159e-08,7.00901397e-08,-6.37076426e-08,-5.36392631e-07,-2.53247716e-06,-6.56639326e-06,2.02234655e-05,2.98208109e-05,9.72878845e-08,1.7086826e-07,3.06655912e-07,5.48074071e-07,8.15737767e-07,8.39461258e-07,-2.02108546e-06,-2.42856124e-05,-4.59193279e-05,0.000120595915
0.876,3.59498159e-08,5.66260792e-08,7.72736415e-08,7.01158166e-08,-5.83520427e-08,-5.12843069e-07,-2.44893256e-06,-6.32891462e-06,1.94721362e-05,2.72855772e-05,9.1543662e-08,1.6278834e-07,2.95770443e-07,5.3218315e-07,7.93218631e-07,8.10342616e-07,-2.03199649e-06,-2.40600874e-05,-4.80938325e-05,0.000134926696
0.877,3.47144551e-08,5.50732647e-08,7.60573714e-08,7.02557218e-08,-5.30591232e-08,-4.90443017e-07,-2.37023121e-06,-6.10818663e-06,1.87672483e-05,2.48287573e-05,8.63917622e-08,1.55611622e-07,2.86329278e-07,5.19116089e-07,7.76678822e-07,7.94401776e-07,-2.00870195e-06,-2.37180554e-05,-4.93161739e-05,0.000143472752
0.878,3.35795517e-08,5.36192829e-08,7.49070948e-08,7.04777349e-08,-4.7875937e-08,-4.69252372e-07,-2.2965127e-06,-5.90441808e-06,1.80960411e-05,2.24933024e-05,8.17886335e-08,1.49258446e-07,2.78186915e-07,5.08514138e-07,7.65338643e-07,7.90115359e-07,-1.95508294e-06,-2.32759645e-05,-4.97552184e-05,0.000147311783
0.879,3.25339213e-08,5.22649195e-08,7.38248789e-08,7.07588932e-08,-4.28120128e-08,-4.49231385e-07,-2.22755874e-06,-5.71654637e-06,1.74496313e-05,2.030966e-05,7.76657278e-08,1.43608172e-07,2.71128767e-07,4.99891976e-07,7.58117388e-07,7.95327232e-07,-1.87628935e-06,-2.27487527e-05,-4.95609107e-05,0.000147459253
0.88,3.15644452e-08,5.10016653e-08,7.27929126e-08,7.10222482e-08,-3.79965304e-08,-4.30406793e-07,-2.1623675e-06,-5.54018187e-06,1.68172319e-05,1.82995774e-05,7.39667866e-08,1.38540888e-07,2.64901079e-07,4.92632666e-07,7.53508557e-07,8.0642102e-07,-1.7817053e-06,-2.21556052e-05,-4.88411415e-05,0.000144828193
0.881,3.06602251e-08,4.98218512e-08,7.18012708e-08,7.12328154e-08,-3.34871091e-08,-4.12745814e-07,-2.10000217e-06,-5.37085737e-06,1.61912849e-05,1.64708508e-05,7.06413989e-08,1.33952868e-07,2.59294857e-07,4.86232801e-07,7.50178718e-07,8.19713256e-07,-1.68147907e-06,-2.15218533e-05,-4.77007822e-05,0.000140231647
0.882,2.98061373e-08,4.87235295e-08,7.08779292e-08,7.14447489e-08,-2.91744737e-08,-3.95929598e-07,-2.03978939e-06,-5.20713712e-06,1.55711445e-05,1.48161891e-05,6.7614375e-08,1.2972319e-07,2.54103104e-07,4.80296168e-07,7.47283922e-07,8.33059367e-07,-1.58145193e-06,-2.08712769e-05,-4.62716155e-05,0.000134370464
0.883,2.89860471e-08,4.76890992e-08,7.00162215e-08,7.16764003e-08,-2.49762319e-08,-3.79688517e-07,-1.98110953e-06,-5.04720507e-06,1.49662818e-05,1.33135714e-05,6.48306688e-08,1.25764219e-07,2.49190002e-07,4.74584143e-07,7.44294534e-07,8.45132928e-07,-1.4855787e-06,-2.02248137e-05,-4.46868837e-05,0.000127809846
0.884,2.81865164e-08,4.66883949e-08,6.91645561e-08,7.18011707e-08,-2.11888636e-08,-3.64607057e-07,-1.92513614e-06,-4.89011826e-06,1.44016426e-05,1.19332136e-05,6.22675719e-08,1.22065467e-07,2.44578155e-07,4.69194223e-07,7.41397358e-07,8.56094532e-07,-1.39576752e-06,-1.96022775e-05,-4.3067907e-05,0.000120978122
0.885,2.7418762e-08,4.57334723e-08,6.8351821e-08,7.18826844e-08,-1.77080807e-08,-3.50612536e-07,-1.87220575e-06,-4.73892025e-06,1.386983e-05,1.06849464e-05,5.98600434e-08,1.18538625e-07,2.40144473e-07,4.63961668e-07,7.38393137e-07,8.65953335e-07,-1.31160645e-06,-1.90047391e-05,-4.14789146e-05,0.00011411374
0.886,2.66819014e-08,4.4829306e-08,6.76107526e-08,7.20170147e-08,-1.43276534e-08,-3.37355891e-07,-1.82239269e-06,-4.59712534e-06,1.33623393e-05,9.57462829e-06,5.7549663e-08,1.15111544e-07,2.3579829e-07,4.5881203e-07,7.35372154e-07,8.75513996e-07,-1.22997289e-06,-1.84290143e-05,-3.99660274e-05,0.000107361094
0.887,2.59688515e-08,4.39681878e-08,6.69407588e-08,7.22335308e-08,-1.09600022e-08,-3.24615765e-07,-1.77554969e-06,-4.46578149e-06,1.2877247e-05,8.59801795e-06,5.53129647e-08,1.11756369e-07,2.31505305e-07,4.53731703e-07,7.3244886e-07,8.85332644e-07,-1.14838086e-06,-1.78718926e-05,-3.85516836e-05,0.000100805791
0.888,2.52712242e-08,4.31299438e-08,6.62996237e-08,7.24558593e-08,-7.74166318e-09,-3.12564668e-07,-1.7316513e-06,-4.34358979e-06,1.2414092e-05,7.75128099e-06,5.31579369e-08,1.0849265e-07,2.27303931e-07,4.48791267e-07,7.29737803e-07,8.9545003e-07,-1.06676093e-06,-1.73316744e-05,-3.72288289e-05,9.44879422e-05
0.889,2.45856404e-08,4.23066226e-08,6.56725302e-08,7.26618075e-08,-4.69429476e-09,-3.01180902e-07,-1.6902927e-06,-4.23012083e-06,1.19606121e-05,7.04325991e-06,5.10833114e-08,1.05318516e-07,2.23181498e-07,4.43942863e-07,7.27123207e-07,9.05604624e-07,-9.85417685e-07,-1.6802263e-05,-3.59694804e-05,8.84051149e-05
0.89,2.3896088e-08,4.14689528e-08,6.50126996e-08,7.27955857e-08,-1.84655391e-09,-2.90401891e-07,-1.65087631e-06,-4.12492499e-06,1.15028931e-05,6.47901583e-06,4.91006516e-08,1.02255506e-07,2.19169816e-07,4.39211559e-07,7.24594696e-07,9.15762044e-07,-9.04355701e-07,-1.62773438e-05,-3.47466045e-05,8.25473842e-05
0.891,2.32043775e-08,4.06080556e-08,6.42757564e-08,7.27088031e-08,3.95826135e-10,-2.81207666e-07,-1.61574851e-06,-4.03054444e-06,1.10480692e-05,6.04411871e-06,4.72212759e-08,9.93541909e-08,2.15418893e-07,4.34983786e-07,7.23061354e-07,9.27891271e-07,-8.20079969e-07,-1.57551239e-05,-3.35589604e-05,7.69305531e-05
0.892,2.25478335e-08,3.97944758e-08,6.36013803e-08,7.2695734e-08,2.63573054e-09,-2.72486953e-07,-1.58292088e-06,-3.95092176e-06,1.05421388e-05,5.77135441e-06,4.53388833e-08,9.64160017e-08,2.11546353e-07,4.30516658e-07,7.21193309e-07,9.39946504e-07,-7.33063258e-07,-1.52108376e-05,-3.2326038e-05,7.14789804e-05
0.893,2.19211149e-08,3.9049971e-08,6.3080133e-08,7.30285827e-08,5.60214443e-09,-2.62392881e-07,-1.54763754e-06,-3.87954441e-06,9.96076869e-06,5.62546707e-06,4.34290642e-08,9.33421826e-08,2.07272289e-07,4.25104812e-07,7.17351208e-07,9.48229741e-07,-6.50448326e-07,-1.46457831e-05,-3.10029052e-05,6.6229038e-05
0.894,2.12828728e-08,3.83106905e-08,6.26065688e-08,7.35270959e-08,8.99911735e-09,-2.51247023e-07,-1.50964396e-06,-3.80415018e-06,9.3809959e-06,5.46956087e-06,4.15971632e-08,9.03027428e-08,2.02890288e-07,4.19246938e-07,7.1218852e-07,9.52808565e-07,-5.77744991e-07,-1.41038256e-05,-2.96846297e-05,6.14088835e-05
0.895,2.06292167e-08,3.75466531e-08,6.20829987e-08,7.39131191e-08,1.21216082e-08,-2.40668613e-07,-1.47255408e-06,-3.72050782e-06,8.8886136e-06,5.20502878e-06,3.98936186e-08,8.74281935e-08,1.98718204e-07,4.13675479e-07,7.07213683e-07,9.56338953e-07,-5.13955607e-07,-1.36190939e-05,-2.84921933e-05,5.71941119e-05
0.896,1.99957614e-08,3.68026739e-08,6.15707577e-08,7.42678342e-08,1.50436389e-08,-2.30823634e-07,-1.43759073e-06,-3.633037e-06,8.48432094e-06,4.85227653e-06,3.82348859e-08,8.46033845e-08,1.94596274e-07,4.08189779e-07,7.02302803e-07,9.59350146e-07,-4.5627254e-07,-1.31835159e-05,-2.74400753e-05,5.35395126e-05
0.897,1.93800231e-08,3.60820933e-08,6.11027292e-08,7.47304014e-08,1.82074577e-08,-2.20585289e-07,-1.40196774e-06,-3.54246709e-06,8.12784959e-06,4.46509857e-06,3.65854842e-08,8.17451415e-08,1.90314529e-07,4.02280538e-07,6.96374086e-07,9.59910959e-07,-4.06309851e-07,-1.27805598e-05,-2.64805567e-05,5.03161112e-05
0.898,1.87562182e-08,3.53285153e-08,6.05513911e-08,7.50034912e-08,2.0933838e-08,-2.1135102e-07,-1.3687291e-06,-3.44827451e-06,7.85189098e-06,4.02834214e-06,3.50324062e-08,7.90398036e-08,1.86280982e-07,3.96827745e-07,6.91176181e-07,9.61124673e-07,-3.60403768e-07,-1.24240095e-05,-2.56557e-05,4.75111213e-05
0.899,1.81402758e-08,3.45546743e-08,5.99195887e-08,7.50676551e-08,2.31444592e-08,-2.033856e-07,-1.33881538e-06,-3.35658903e-06,7.62801311e-06,3.60061091e-06,3.35452916e-08,7.64555548e-08,1.8246246e-07,3.91816775e-07,6.86855709e-07,9.63817366e-07,-3.14328672e-07,-1.20934287e-05,-2.49317501e-05,4.49821313e-05
0.9,1.75575758e-08,3.38051217e-08,5.92893081e-08,7.5084674e-08,2.51581597e-08,-1.96115991e-07,-1.3114302e-06,-3.27354239e-06,7.40280632e-06,3.25051739e-06,3.20565605e-08,7.38761846e-08,1.78646008e-07,3.86858148e-07,6.82808925e-07,9.67468758e-07,-2.65331671e-07,-1.17602001e-05,-2.42350234e-05,4.25612368e-05
0.901,1.70070061e-08,3.30974175e-08,5.87309483e-08,7.52844065e-08,2.76307795e-08,-1.87899226e-07,-1.28244298e-06,-3.19853527e-06,7.12345113e-06,3.01422704e-06,3.05372903e-08,7.12033113e-08,1.74552307e-07,3.81239927e-07,6.77446901e-07,9.68974562e-07,-2.17052485e-07,-1.14048706e-05,-2.3486603e-05,4.01393602e-05
0.902,1.64649467e-08,3.23960285e-08,5.8176631e-08,7.55161384e-08,3.02376672e-08,-1.79303048e-07,-1.25263446e-06,-3.12584736e-06,6.8276356e-06,2.82787763e-06,2.90696156e-08,6.85787717e-08,1.70449219e-07,3.75467554e-07,6.71596941e-07,9.69288196e-07,-1.71185412e-07,-1.10504909e-05,-2.27254777e-05,3.78036191e-05
0.903,1.59295031e-08,3.16913778e-08,5.75950997e-08,7.56917058e-08,3.27597043e-08,-1.70817124e-07,-1.22299762e-06,-3.05325829e-06,6.54409506e-06,2.65188682e-06,2.76760012e-08,6.60509323e-08,1.66442252e-07,3.69760113e-07,6.65663625e-07,9.68987739e-07,-1.28230877e-07,-1.07101192e-05,-2.19889026e-05,3.56174582e-05
0.904,1.5407066e-08,3.09903986e-08,5.69877518e-08,7.57852664e-08,3.50901072e-08,-1.62737256e-07,-1.19429809e-06,-2.98102424e-06,6.28292588e-06,2.47592128e-06,2.63459173e-08,6.36155894e-08,1.62548826e-07,3.64190949e-07,6.59847738e-07,9.68514459e-07,-8.74846708e-08,-1.03864213e-05,-2.12922492e-05,3.35942424e-05
0.905,1.49032178e-08,3.03030832e-08,5.63729849e-08,7.58354722e-08,3.73135254e-08,-1.54893575e-07,-1.16626387e-06,-2.91022441e-06,6.0359901e-06,2.30945643e-06,2.5054251e-08,6.12322295e-08,1.58699387e-07,3.58634926e-07,6.53943145e-07,9.6761212e-07,-4.8555342e-08,-1.0074088e-05,-2.0626268e-05,3.1707478e-05
0.906,1.44179657e-08,2.96332702e-08,5.57606963e-08,7.58624128e-08,3.9474885e-08,-1.47182723e-07,-1.13866663e-06,-2.84110781e-06,5.79828249e-06,2.15627523e-06,2.37942878e-08,5.88894428e-08,1.54873441e-07,3.53050922e-07,6.47875788e-07,9.66209042e-07,-1.12378672e-08,-9.77043965e-06,-1.998367e-05,2.99375749e-05
0.907,1.39496181e-08,2.89793736e-08,5.5149955e-08,7.58674491e-08,4.15889528e-08,-1.39561227e-07,-1.11137401e-06,-2.7734861e-06,5.56848825e-06,2.01540435e-06,2.2565954e-08,5.65868014e-08,1.51071163e-07,3.47434693e-07,6.41623374e-07,9.64271258e-07,2.43803002e-08,-9.47496704e-06,-1.93614237e-05,2.82746007e-05
0.908,1.3496839e-08,2.83401883e-08,5.45387394e-08,7.58407411e-08,4.36290307e-08,-1.32079862e-07,-1.0844378e-06,-2.70701966e-06,5.34811458e-06,1.88344375e-06,2.13728755e-08,5.43317387e-08,1.47308945e-07,3.41818467e-07,6.3524062e-07,9.61883217e-07,5.82803067e-08,-9.18846289e-06,-1.87604619e-05,2.67149151e-05
0.909,1.30593024e-08,2.7715182e-08,5.39267186e-08,7.57800667e-08,4.55838915e-08,-1.24762876e-07,-1.05791357e-06,-2.64164435e-06,5.13769004e-06,1.758858e-06,2.02133161e-08,5.21231311e-08,1.43589859e-07,3.36215804e-07,6.28756283e-07,9.59072116e-07,9.05112743e-08,-8.91106652e-06,-1.81809613e-05,2.52532213e-05
0.91,1.26364514e-08,2.71049546e-08,5.33159051e-08,7.56872483e-08,4.74489656e-08,-1.17612614e-07,-1.03179369e-06,-2.57733963e-06,4.9367414e-06,1.64135155e-06,1.90849777e-08,4.99580957e-08,1.39911166e-07,3.30627767e-07,6.22181098e-07,9.55845402e-07,1.21174362e-07,-8.64236533e-06,-1.76219905e-05,2.3882358e-05
0.911,1.22272425e-08,2.65091861e-08,5.27077444e-08,7.55678519e-08,4.92344516e-08,-1.10614852e-07,-1.00606599e-06,-2.51415975e-06,4.7444494e-06,1.53100552e-06,1.7984933e-08,4.78321365e-08,1.36266956e-07,3.25046761e-07,6.15505862e-07,9.52195813e-07,1.50334423e-07,-8.38180936e-06,-1.70821105e-05,2.25950094e-05
0.912,1.18300952e-08,2.59261815e-08,5.21003953e-08,7.54195451e-08,5.09404486e-08,-1.03766314e-07,-9.80697174e-07,-2.45203562e-06,4.56029748e-06,1.42746058e-06,1.69126441e-08,4.57442018e-08,1.3265577e-07,3.19469338e-07,6.08725999e-07,9.48143393e-07,1.78023503e-07,-8.12904152e-06,-1.65602181e-05,2.13849217e-05
0.913,1.14440644e-08,2.53547939e-08,5.14938013e-08,7.52440678e-08,5.25720801e-08,-9.70704136e-08,-9.55704469e-07,-2.39097285e-06,4.38398707e-06,1.3302781e-06,1.58674711e-08,4.36931967e-08,1.29076435e-07,3.13892818e-07,6.01836804e-07,9.43705445e-07,2.04268959e-07,-7.88382998e-06,-1.60555327e-05,2.02468346e-05
0.914,1.10679158e-08,2.47928816e-08,5.08851269e-08,7.50371716e-08,5.41232239e-08,-9.05310303e-08,-9.31077389e-07,-2.33090329e-06,4.21530312e-06,1.23894441e-06,1.48487974e-08,4.16785155e-08,1.25529029e-07,3.08320308e-07,5.94848542e-07,9.38900332e-07,2.29114454e-07,-7.64600031e-06,-1.55674626e-05,1.91760176e-05
0.915,1.07008237e-08,2.42403675e-08,5.02763123e-08,7.48042076e-08,5.55981333e-08,-8.41501007e-08,-9.06846113e-07,-2.27187083e-06,4.05392576e-06,1.15322502e-06,1.38552495e-08,3.96981478e-08,1.22011022e-07,3.02751385e-07,5.87767828e-07,9.33730928e-07,2.52624205e-07,-7.41532007e-06,-1.50953773e-05,1.81679662e-05
0.916,1.03406935e-08,2.36943812e-08,4.96633396e-08,7.45410321e-08,5.69928049e-08,-7.79238912e-08,-8.82992748e-07,-2.21382624e-06,3.89954786e-06,1.0728016e-06,1.28859637e-08,3.77506761e-08,1.18520998e-07,2.9718711e-07,5.8060373e-07,9.28207557e-07,2.74847715e-07,-7.1915693e-06,-1.46386521e-05,1.72184433e-05
0.917,9.98655977e-09,2.31544538e-08,4.90471712e-08,7.42511869e-08,5.83129338e-08,-7.18572222e-08,-8.59547112e-07,-2.15681944e-06,3.75181469e-06,9.97536397e-07,1.19409759e-08,3.58354701e-08,1.15057344e-07,2.91623293e-07,5.73351588e-07,9.22344019e-07,2.95828319e-07,-6.97449781e-06,-1.41966407e-05,1.63234604e-05
0.918,9.63669435e-09,2.26167012e-08,4.84215561e-08,7.39264227e-08,5.95536943e-08,-6.5950412e-08,-8.36489844e-07,-2.10079363e-06,3.61046543e-06,9.27098502e-07,1.1020715e-08,3.39530162e-08,1.11620809e-07,2.86059555e-07,5.66010298e-07,9.16159525e-07,3.1558571e-07,-6.76391344e-06,-1.37687648e-05,1.54794085e-05
0.919,9.29122424e-09,2.20815892e-08,4.77884791e-08,7.35705219e-08,6.07187438e-08,-6.02132344e-08,-8.13859371e-07,-2.04580871e-06,3.47518402e-06,8.61367706e-07,1.01252804e-08,3.2103547e-08,1.08211162e-07,2.80494418e-07,5.58579223e-07,9.09670354e-07,3.34166003e-07,-6.55960012e-06,-1.33544881e-05,1.46829147e-05
0.92,8.94824429e-09,2.15455543e-08,4.71423918e-08,7.31772843e-08,6.18031147e-08,-5.46406773e-08,-7.91635445e-07,-1.9918143e-06,3.34573931e-06,8.0002373e-07,9.25419517e-09,3.02866732e-08,1.04828369e-07,2.74930457e-07,5.51067266e-07,9.02883311e-07,3.51606369e-07,-6.36138993e-06,-1.29533357e-05,1.39309401e-05
0.921,8.60755323e-09,2.10097249e-08,4.64864016e-08,7.27524908e-08,6.28101058e-08,-4.92405994e-08,-7.69860098e-07,-1.93888181e-06,3.22182608e-06,7.42986892e-07,8.40723676e-09,2.85018653e-08,1.01471639e-07,2.693686e-07,5.4348323e-07,8.95811811e-07,3.67971182e-07,-6.16908077e-06,-1.25648658e-05,1.3220588e-05
0.922,8.26680633e-09,2.04698196e-08,4.58137894e-08,7.22882492e-08,6.37350428e-08,-4.40068325e-08,-7.48507493e-07,-1.88695613e-06,3.10321928e-06,6.89951135e-07,7.58504595e-09,2.67495813e-08,9.8141625e-08,2.63809629e-07,5.35829373e-07,8.88461664e-07,3.83285118e-07,-5.98250133e-06,-1.21886103e-05,1.25492043e-05
0.923,7.92699269e-09,1.99274178e-08,4.51273263e-08,7.17875703e-08,6.4578596e-08,-3.8956488e-08,-7.27625207e-07,-1.83610936e-06,2.98963072e-06,6.4085578e-07,6.7886027e-09,2.50314277e-08,9.48406659e-08,2.58255474e-07,5.28109088e-07,8.80858993e-07,3.97593341e-07,-5.80146567e-06,-1.18241513e-05,1.19142613e-05
0.924,7.58656909e-09,1.93786246e-08,4.44204279e-08,7.12420032e-08,6.53360051e-08,-3.40852816e-08,-7.07185102e-07,-1.78628329e-06,2.88084858e-06,5.95393658e-07,6.01872993e-09,2.33490186e-08,9.1570869e-08,2.52706946e-07,5.20320069e-07,8.7300961e-07,4.1090846e-07,-5.62580764e-06,-1.14710293e-05,1.13134539e-05
0.925,7.24699166e-09,1.88262725e-08,4.36975376e-08,7.06568008e-08,6.60075946e-08,-2.94099178e-08,-6.87237693e-07,-1.73755774e-06,2.77659685e-06,5.53520885e-07,5.27535892e-09,2.17032448e-08,8.83346616e-08,2.47169884e-07,5.12476313e-07,8.64939521e-07,4.23287396e-07,-5.45535926e-06,-1.11288992e-05,1.07446106e-05
0.926,6.9058276e-09,1.82664785e-08,4.29529357e-08,7.00262315e-08,6.65911008e-08,-2.49174236e-08,-6.67747788e-07,-1.68987369e-06,2.67667792e-06,5.14917974e-07,4.55890288e-09,2.00942988e-08,8.51321412e-08,2.41645002e-07,5.0458061e-07,8.56644884e-07,4.34757753e-07,-5.28995265e-06,-1.07973516e-05,1.02057488e-05
0.927,6.56480651e-09,1.77024836e-08,4.21915391e-08,6.93555025e-08,6.70858313e-08,-2.06252195e-08,-6.48767428e-07,-1.64331356e-06,2.58083264e-06,4.79546489e-07,3.86981642e-09,1.85232363e-08,8.19665027e-08,2.36140385e-07,4.96651149e-07,8.48155013e-07,4.45380408e-07,-5.12942973e-06,-1.04760892e-05,9.69498472e-06
0.928,6.22227412e-09,1.71306303e-08,4.14076675e-08,6.86379293e-08,6.74896678e-08,-1.65223145e-08,-6.30258383e-07,-1.59781092e-06,2.48887706e-06,4.4707662e-07,3.20949659e-09,1.69917892e-08,7.8839423e-08,2.30655611e-07,4.88682919e-07,8.39467952e-07,4.55170564e-07,-4.97362194e-06,-1.01646867e-05,9.21057985e-06
0.929,5.88148879e-09,1.65555249e-08,4.0607087e-08,6.78779859e-08,6.78000182e-08,-1.26335155e-08,-6.12277352e-07,-1.55344573e-06,2.40057135e-06,4.17478908e-07,2.57825928e-09,1.55025261e-08,7.57571438e-08,2.25202048e-07,4.80694915e-07,8.30621931e-07,4.64176601e-07,-4.82239376e-06,-9.86286254e-06,8.75090402e-06
0.93,5.54064904e-09,1.59741342e-08,3.97853677e-08,6.70715337e-08,6.80184552e-08,-8.94256366e-09,-5.94779551e-07,-1.51015015e-06,2.31574229e-06,3.90416224e-07,1.97663069e-09,1.40563458e-08,7.27201279e-08,2.19777585e-07,4.72680836e-07,8.21612186e-07,4.72418367e-07,-4.67556839e-06,-9.57021158e-06,8.31445012e-06
0.931,5.20260603e-09,1.53914425e-08,3.89491619e-08,6.62247652e-08,6.81441667e-08,-5.46940512e-09,-5.77816131e-07,-1.46800407e-06,2.23416813e-06,3.65859721e-07,1.40439633e-09,1.26544896e-08,6.97335387e-08,2.14394567e-07,4.6466519e-07,8.12475251e-07,4.79951305e-07,-4.5330109e-06,-9.28650808e-06,7.89981773e-06
0.932,4.86521194e-09,1.4804169e-08,3.80946369e-08,6.53353525e-08,6.81820314e-08,-2.19007804e-09,-5.61332322e-07,-1.42693321e-06,2.15568216e-06,3.43468794e-07,8.62377562e-10,1.12968414e-08,6.67958973e-08,2.09048643e-07,4.56639878e-07,8.0320097e-07,4.86798522e-07,-4.39453403e-06,-9.01135068e-06,7.50568069e-06
0.933,4.53257654e-09,1.4217988e-08,3.72288508e-08,6.44088966e-08,6.8128424e-08,8.72384774e-10,-5.45381196e-07,-1.38700287e-06,2.08008762e-06,3.23218982e-07,3.50481139e-10,9.98552577e-09,6.39143764e-08,2.03756262e-07,4.48634135e-07,7.9382825e-07,4.93006529e-07,-4.26003877e-06,-8.74451071e-06,7.13083283e-06
0.934,4.20335893e-09,1.36306144e-08,3.63492802e-08,6.34449378e-08,6.79891314e-08,3.74251033e-09,-5.29911311e-07,-1.34813179e-06,2.00723718e-06,3.04778311e-07,-1.31423636e-10,8.7203473e-09,6.10876559e-08,1.98513974e-07,4.40641563e-07,7.84349806e-07,4.98600716e-07,-4.12936316e-06,-8.48557929e-06,6.77412816e-06
0.935,3.88173204e-09,1.30483587e-08,3.54633609e-08,6.24491365e-08,6.77603313e-08,6.39673127e-09,-5.14972946e-07,-1.31037618e-06,1.93696155e-06,2.88132479e-07,-5.84119735e-10,7.50341831e-09,5.83235627e-08,1.93339052e-07,4.32692072e-07,7.74804135e-07,5.03622469e-07,-4.00242193e-06,-8.23435465e-06,6.43454516e-06
0.936,3.56560478e-09,1.24689252e-08,3.45692385e-08,6.14225804e-08,6.74530501e-08,8.86497244e-09,-5.00503616e-07,-1.27366188e-06,1.86911949e-06,2.72974022e-07,-1.00767882e-09,6.33356609e-09,5.56185445e-08,1.88222496e-07,4.24770075e-07,7.65179636e-07,5.08097902e-07,-3.87901648e-06,-7.99046399e-06,6.1110788e-06
0.937,3.25889143e-09,1.18981558e-08,3.36736646e-08,6.03695552e-08,6.70640977e-08,1.11259384e-08,-4.86539453e-07,-1.23803589e-06,1.80356162e-06,2.59291994e-07,-1.40208417e-09,5.21321094e-09,5.29801595e-08,1.83178896e-07,4.16897724e-07,7.55506029e-07,5.12056553e-07,-3.75904182e-06,-7.75372941e-06,5.80285056e-06
0.938,2.95950107e-09,1.13339257e-08,3.27758045e-08,5.92933565e-08,6.66078211e-08,1.32136793e-08,-4.73017224e-07,-1.20342781e-06,1.74015329e-06,2.46799585e-07,-1.76782407e-09,4.14022669e-09,5.04033763e-08,1.78197769e-07,4.0905853e-07,7.45771642e-07,5.15527584e-07,-3.64230241e-06,-7.52378507e-06,5.50898131e-06
0.939,2.67113145e-09,1.07814015e-08,3.18815685e-08,5.81977369e-08,6.60800042e-08,1.51103628e-08,-4.59968268e-07,-1.1698603e-06,1.67877751e-06,2.35464268e-07,-2.10527482e-09,3.11668705e-09,4.78957215e-08,1.73295052e-07,4.01277607e-07,7.36003145e-07,5.18532769e-07,-3.5287329e-06,-7.30044537e-06,5.22874423e-06
0.94,2.39208238e-09,1.02389015e-08,3.09912608e-08,5.70883671e-08,6.54967278e-08,1.68511806e-08,-4.47337204e-07,-1.13726731e-06,1.61931871e-06,2.25027191e-07,-2.41583491e-09,2.13934003e-09,4.54511116e-08,1.68461171e-07,3.93543622e-07,7.26195327e-07,5.21106461e-07,-3.4181679e-06,-7.08336798e-06,4.96138727e-06
0.941,2.12608774e-09,9.71110534e-09,3.01095192e-08,5.59671788e-08,6.4852275e-08,1.84195909e-08,-4.35144254e-07,-1.10564961e-06,1.56168833e-06,2.15453703e-07,-2.69992155e-09,1.21047204e-09,4.30768522e-08,1.63710769e-07,3.8587794e-07,7.16369492e-07,5.23260125e-07,-3.31055027e-06,-6.87237102e-06,4.70628744e-06
0.942,1.87181319e-09,9.19757708e-09,2.9238428e-08,5.48420899e-08,6.41654186e-08,1.98475675e-08,-4.23341829e-07,-1.07496016e-06,1.5057763e-06,2.0655317e-07,-2.95965789e-09,3.26175044e-10,4.07662727e-08,1.59033497e-07,3.78269167e-07,7.06528033e-07,5.25031785e-07,-3.20571264e-06,-6.66715124e-06,4.46276834e-06
0.943,1.63167762e-09,8.7015472e-09,2.8380572e-08,5.37128054e-08,6.34310642e-08,2.11244705e-08,-4.11932184e-07,-1.0451761e-06,1.45151538e-06,1.98276919e-07,-3.19516388e-09,-5.11474942e-10,3.85254976e-08,1.54439674e-07,3.70729668e-07,6.96680826e-07,5.26422935e-07,-3.10359206e-06,-6.46752322e-06,4.23029776e-06
0.944,1.40438712e-09,8.2230796e-09,2.75394261e-08,5.25891519e-08,6.26682807e-08,2.22806725e-08,-4.00881432e-07,-1.01626969e-06,1.39880624e-06,1.90490259e-07,-3.40889324e-09,-1.3071912e-09,3.63473171e-08,1.49920285e-07,3.63252674e-07,6.86829894e-07,5.27475818e-07,-3.00404245e-06,-6.27322861e-06,4.0083068e-06
0.945,1.19132954e-09,7.76315075e-09,2.67145477e-08,5.14676076e-08,6.18694993e-08,2.33143171e-08,-3.90171505e-07,-9.88184538e-07,1.34760429e-06,1.831091e-07,-3.60049929e-09,-2.05900186e-09,3.42362418e-08,1.4548244e-07,3.55843937e-07,6.76965357e-07,5.28180669e-07,-2.90700777e-06,-6.08406576e-06,3.79635693e-06
0.946,9.92412593e-10,7.32351555e-09,2.59116939e-08,5.03600973e-08,6.10527601e-08,2.42458675e-08,-3.79789756e-07,-9.6091736e-07,1.29782265e-06,1.76076714e-07,-3.77308446e-09,-2.77164127e-09,3.21862642e-08,1.41121081e-07,3.48504307e-07,6.67100444e-07,5.28578097e-07,-2.81237116e-06,-5.89982868e-06,3.59395213e-06
0.947,8.07463167e-10,6.90289663e-09,2.51272133e-08,4.92603133e-08,6.02134765e-08,2.50822879e-08,-3.69690122e-07,-9.34378717e-07,1.24942591e-06,1.69276428e-07,-3.92606398e-09,-3.44343482e-09,3.01998607e-08,1.36836046e-07,3.41225267e-07,6.57218663e-07,5.28645374e-07,-2.72005682e-06,-5.72028273e-06,3.40067782e-06
0.948,6.37234081e-10,6.50488199e-09,2.4369396e-08,4.81825062e-08,5.93702636e-08,2.58323875e-08,-3.5988609e-07,-9.08600208e-07,1.2023425e-06,1.62729825e-07,-4.06287906e-09,-4.07915959e-09,2.82724442e-08,1.3262529e-07,3.34013515e-07,6.47348684e-07,5.28426467e-07,-2.62997044e-06,-5.54528667e-06,3.21610591e-06
0.949,4.79393478e-10,6.12471554e-09,2.36302986e-08,4.71168249e-08,5.8519368e-08,2.65191403e-08,-3.50301533e-07,-8.83457621e-07,1.15655489e-06,1.56253385e-07,-4.18232247e-09,-4.67799306e-09,2.64027032e-08,1.28480718e-07,3.2684735e-07,6.37452399e-07,5.27898233e-07,-2.5420177e-06,-5.37458107e-06,3.03988194e-06
0.95,3.3667672e-10,5.76843602e-09,2.29210665e-08,4.60786889e-08,5.7671839e-08,2.71344547e-08,-3.40985753e-07,-8.59016121e-07,1.11201e-06,1.49964477e-07,-4.28804446e-09,-5.24380872e-09,2.45891918e-08,1.2440948e-07,3.19749219e-07,6.27561906e-07,5.27101584e-07,-2.45615551e-06,-5.20809457e-06,2.87166797e-06
0.951,2.04575225e-10,5.42782533e-09,2.22292942e-08,4.50547311e-08,5.68252041e-08,2.77166623e-08,-3.31826935e-07,-8.35107731e-07,1.06868517e-06,1.43633352e-07,-4.37868102e-09,-5.77651014e-09,2.28272018e-08,1.20396033e-07,3.12684818e-07,6.17620435e-07,5.2600048e-07,-2.3722733e-06,-5.04551632e-06,2.7111163e-06
0.952,8.78955077e-11,5.11216242e-09,2.15694649e-08,4.40616079e-08,5.59858842e-08,2.82339748e-08,-3.229126e-07,-8.11834809e-07,1.02653596e-06,1.37493828e-07,-4.45800694e-09,-6.27837079e-09,2.11203278e-08,1.16456205e-07,3.05688975e-07,6.07679626e-07,5.24622584e-07,-2.29037595e-06,-4.88684242e-06,2.55793327e-06
0.953,-2.11597845e-11,4.80884033e-09,2.09242925e-08,4.30835848e-08,5.51599888e-08,2.87471534e-08,-3.14090622e-07,-7.88996538e-07,9.85538303e-07,1.31228439e-07,-4.52430026e-09,-6.75107862e-09,1.94582265e-08,1.12560893e-07,2.98705924e-07,5.9767263e-07,5.22938205e-07,-2.21030655e-06,-4.73172485e-06,2.41177287e-06
0.954,-1.14952829e-10,4.53067642e-09,2.03118084e-08,4.21378538e-08,5.43453403e-08,2.92000737e-08,-3.05496307e-07,-7.66744532e-07,9.45690752e-07,1.25146918e-07,-4.58090702e-09,-7.1949728e-09,1.78495542e-08,1.0873602e-07,2.91785112e-07,5.87663214e-07,5.20980267e-07,-2.13211804e-06,-4.58026535e-06,2.27244738e-06
0.955,-2.04264004e-10,4.26068786e-09,1.97102279e-08,4.12068939e-08,5.3552898e-08,2.96784816e-08,-2.96937721e-07,-7.44843287e-07,9.06960799e-07,1.188484e-07,-4.62626137e-09,-7.61395787e-09,1.62775328e-08,1.04941949e-07,2.84856502e-07,5.77562281e-07,5.18727315e-07,-2.0556141e-06,-4.43206792e-06,2.13961277e-06
0.956,-2.77808161e-10,4.01619186e-09,1.91412598e-08,4.03067523e-08,5.27657675e-08,3.00931195e-08,-2.88597719e-07,-7.23475649e-07,8.69362723e-07,1.12774563e-07,-4.66333509e-09,-8.0049548e-09,1.47591704e-08,1.0122074e-07,2.77991672e-07,5.67442077e-07,5.16185946e-07,-1.98092413e-06,-4.28730078e-06,2.01313544e-06
0.957,-3.50420681e-10,3.7754677e-09,1.85787878e-08,3.94196826e-08,5.20063098e-08,3.05556711e-08,-2.80240221e-07,-7.02369269e-07,8.32830238e-07,1.06464553e-07,-4.69104244e-09,-8.3747146e-09,1.32708995e-08,9.75195222e-08,2.71102666e-07,5.57204916e-07,5.13334793e-07,-1.90780977e-06,-4.14550588e-06,1.89261089e-06
0.958,-4.07274949e-10,3.55990043e-09,1.80472159e-08,3.85592991e-08,5.12459903e-08,3.09451903e-08,-2.72093252e-07,-6.81743294e-07,7.97404701e-07,1.00461549e-07,-4.71091684e-09,-8.71601981e-09,1.18384136e-08,9.38923433e-08,2.64273431e-07,5.46936437e-07,5.101619e-07,-1.8364573e-06,-4.00692998e-06,1.77795768e-06
0.959,-4.67209291e-10,3.34297589e-09,1.75169194e-08,3.77093548e-08,5.05198502e-08,3.14018853e-08,-2.63882071e-07,-6.61301975e-07,7.62994669e-07,9.42212355e-08,-4.72253269e-09,-9.03928739e-09,1.04300304e-08,9.02731303e-08,2.57400404e-07,5.36531646e-07,5.06663417e-07,-1.76657865e-06,-3.8710709e-06,1.66873711e-06
0.96,-5.10678078e-10,3.15086097e-09,1.70148959e-08,3.68791981e-08,4.97798053e-08,3.17700642e-08,-2.55879946e-07,-6.41291572e-07,7.29670061e-07,8.83737322e-08,-4.72605794e-09,-9.33233414e-09,9.08146329e-09,8.67331718e-08,2.50588235e-07,5.2607889e-07,5.02806085e-07,-1.69842586e-06,-3.7382394e-06,1.56494931e-06
0.961,-5.60644148e-10,2.95326639e-09,1.65103715e-08,3.60579066e-08,4.90757208e-08,3.22186014e-08,-2.47783575e-07,-6.21410916e-07,6.97319445e-07,8.22846833e-08,-4.72313575e-09,-9.61089042e-09,7.75123062e-09,8.31940108e-08,2.43723449e-07,5.15471243e-07,4.98620193e-07,-1.63165766e-06,-3.60791124e-06,1.46614988e-06
0.962,-5.93513938e-10,2.78025091e-09,1.6031353e-08,3.52493612e-08,4.83445526e-08,3.25643493e-08,-2.39901653e-07,-6.01933053e-07,6.66056629e-07,7.66271791e-08,-4.71194316e-09,-9.85760352e-09,6.48400161e-09,7.97374275e-08,2.3691817e-07,5.04799395e-07,4.94061687e-07,-1.56656602e-06,-3.48047051e-06,1.37242696e-06
0.963,-6.36655705e-10,2.5977037e-09,1.55465785e-08,3.44492261e-08,4.76549424e-08,3.3001673e-08,-2.31906826e-07,-5.82555529e-07,6.35735161e-07,7.07202932e-08,-4.69581976e-09,-1.00933214e-08,5.22948088e-09,7.62723177e-08,2.30047337e-07,4.93963538e-07,4.89182068e-07,-1.50276647e-06,-3.35536625e-06,1.28328696e-06
0.964,-6.62196021e-10,2.43851952e-09,1.50824505e-08,3.36515638e-08,4.69240702e-08,3.33204113e-08,-2.24124303e-07,-5.63541898e-07,6.06477919e-07,6.53045743e-08,-4.66995059e-09,-1.02938179e-08,4.04347162e-09,7.28932018e-08,2.23230607e-07,4.83046172e-07,4.83894612e-07,-1.44060319e-06,-3.2329913e-06,1.19883857e-06
0.965,-7.0075546e-10,2.26689183e-09,1.46104685e-08,3.28615338e-08,4.62345245e-08,3.37295686e-08,-2.16222715e-07,-5.44600468e-07,5.7810812e-07,5.96922001e-08,-4.64050991e-09,-1.0485607e-08,2.86797171e-09,6.95043517e-08,2.16347871e-07,4.719594e-07,4.7827078e-07,-1.37967868e-06,-3.11278954e-06,1.11855595e-06
0.966,-7.21132698e-10,2.11745166e-09,1.41540801e-08,3.20631612e-08,4.5486168e-08,3.4005159e-08,-2.08529078e-07,-5.25982455e-07,5.50771591e-07,5.46214158e-08,-4.60004067e-09,-1.06388468e-08,1.76643076e-09,6.62073911e-08,2.09519265e-07,4.60768946e-07,4.72205469e-07,-1.32035465e-06,-2.99516567e-06,1.04259471e-06
0.967,-7.56548797e-10,1.95432637e-09,1.36901241e-08,3.12738388e-08,4.47772337e-08,3.43622383e-08,-2.00730984e-07,-5.07435391e-07,5.24284213e-07,4.94100424e-08,-4.55770041e-09,-1.07857538e-08,6.74146217e-10,6.29035588e-08,2.02632694e-07,4.49411734e-07,4.6580125e-07,-1.26222859e-06,-2.87960481e-06,9.70436125e-07
0.968,-7.74192514e-10,1.81091093e-09,1.32352414e-08,3.04648318e-08,4.39965243e-08,3.45785585e-08,-1.93127189e-07,-4.89173889e-07,4.9878787e-07,4.47518126e-08,-4.50254828e-09,-1.08908683e-08,-3.39831842e-10,5.96930231e-08,1.95792692e-07,4.37930617e-07,4.58932054e-07,-1.20564532e-06,-2.76646999e-06,9.02235351e-07
0.969,-8.07509324e-10,1.65403051e-09,1.27743418e-08,2.96663416e-08,4.32519533e-08,3.4856987e-08,-1.85450455e-07,-4.71000311e-07,4.74100111e-07,4.00271522e-08,-4.44656888e-09,-1.0990323e-08,-1.34237702e-09,5.64823524e-08,1.88906352e-07,4.26295377e-07,4.51718152e-07,-1.15023283e-06,-2.65530965e-06,8.37499746e-07
0.97,-8.24256874e-10,1.51327351e-09,1.23151092e-08,2.88372499e-08,4.24263061e-08,3.49969339e-08,-1.77942147e-07,-4.53071744e-07,4.5034563e-07,3.58277398e-08,-4.3761737e-09,-1.10454854e-08,-2.26412517e-09,5.33632861e-08,1.82055227e-07,4.14514504e-07,4.44025146e-07,-1.096285e-06,-2.54641112e-06,7.76365049e-07
0.971,-8.5515642e-10,1.36214093e-09,1.18543067e-08,2.80212044e-08,4.16273188e-08,3.51667e-08,-1.70414515e-07,-4.35267532e-07,4.27369875e-07,3.16588548e-08,-4.30617457e-09,-1.10946462e-08,-3.16907207e-09,5.02590599e-08,1.75182588e-07,4.0259676e-07,4.35981139e-07,-1.04350417e-06,-2.43943321e-06,7.18411731e-07
0.972,-8.72536038e-10,1.22196548e-09,1.13873522e-08,2.71659441e-08,4.07440073e-08,3.52134905e-08,-1.63014141e-07,-4.17662314e-07,4.05251403e-07,2.79474165e-08,-4.22081704e-09,-1.10992584e-08,-3.99469641e-09,4.72405644e-08,1.68331674e-07,3.90510445e-07,4.27455649e-07,-9.92086384e-07,-2.33453592e-06,6.63700045e-07
0.973,-9.00115744e-10,1.0770796e-09,1.09248514e-08,2.63250533e-08,3.98721643e-08,3.52430348e-08,-1.55667925e-07,-4.00231097e-07,3.83890919e-07,2.43921046e-08,-4.13617386e-09,-1.10949169e-08,-4.79302853e-09,4.42587721e-08,1.61491037e-07,3.78310502e-07,4.18562862e-07,-9.41856124e-07,-2.23152602e-06,6.11918521e-07
0.974,-9.19578139e-10,9.35482605e-10,1.04470615e-08,2.54385477e-08,3.89227176e-08,3.51806562e-08,-1.48387633e-07,-3.82944484e-07,3.63284708e-07,2.11849437e-08,-4.03558847e-09,-1.10476504e-08,-5.51750118e-09,4.13496397e-08,1.54650004e-07,3.65920491e-07,4.09194892e-07,-8.92857554e-07,-2.13038298e-06,5.62996009e-07
0.975,-9.4183563e-10,7.98366926e-10,9.98159524e-09,2.45653912e-08,3.7960649e-08,3.50369072e-08,-1.41255856e-07,-3.65894806e-07,3.43427925e-07,1.82919372e-08,-3.93524948e-09,-1.09851582e-08,-6.1976172e-09,3.85082601e-08,1.47860108e-07,3.53443757e-07,3.99431579e-07,-8.4509787e-07,-2.03112226e-06,5.16804141e-07
0.976,-9.6438944e-10,6.5442915e-10,9.49208713e-09,2.36459553e-08,3.69393946e-08,3.4851386e-08,-1.3411095e-07,-3.48932894e-07,3.24201721e-07,1.55878155e-08,-3.81992363e-09,-1.08856071e-08,-6.81644547e-09,3.5719403e-08,1.41045202e-07,3.40758297e-07,3.89220186e-07,-7.9840968e-07,-1.9335036e-06,4.73092984e-07
0.977,-9.78515674e-10,5.27997451e-10,9.02457744e-09,2.2735883e-08,3.58710143e-08,3.45048963e-08,-1.27229128e-07,-3.32284891e-07,3.05739536e-07,1.33789168e-08,-3.70351241e-09,-1.0761208e-08,-7.36740205e-09,3.30385598e-08,1.34331146e-07,3.28013534e-07,3.78578762e-07,-7.53041155e-07,-1.83780368e-06,4.31983645e-07
0.978,-1.00518745e-09,3.81303122e-10,8.52418417e-09,2.17854765e-08,3.47769152e-08,3.41873152e-08,-1.20236026e-07,-3.15664434e-07,2.8776299e-07,1.11503812e-08,-3.57442158e-09,-1.06099995e-08,-7.87736178e-09,3.03808985e-08,1.27561909e-07,3.15047499e-07,3.67537064e-07,-7.08551962e-07,-1.74350434e-06,3.92962961e-07
0.979,-1.00787717e-09,2.69026018e-10,8.05591356e-09,2.08345075e-08,3.35887603e-08,3.3611262e-08,-1.13635457e-07,-2.99439147e-07,2.70582e-07,9.6307323e-09,-3.44134176e-09,-1.04191683e-08,-8.28675743e-09,2.78813325e-08,1.20948381e-07,3.02048169e-07,3.56012565e-07,-6.65493713e-07,-1.65118105e-06,3.56459928e-07
0.98,-1.03939992e-09,1.19840034e-10,7.54678529e-09,1.98572923e-08,3.24242927e-08,3.31531437e-08,-1.06810167e-07,-2.83178735e-07,2.53719564e-07,7.84399216e-09,-3.29970979e-09,-1.02168181e-08,-8.68362841e-09,2.53672695e-08,1.14247066e-07,2.8882479e-07,3.44155518e-07,-6.23096058e-07,-1.56000089e-06,3.21637294e-07
0.981,-1.0269999e-09,2.57828991e-11,7.08034693e-09,1.88635147e-08,3.11060069e-08,3.23249007e-08,-1.00517721e-07,-2.67398039e-07,2.37704864e-07,6.99995897e-09,-3.14981456e-09,-9.95547246e-09,-8.93934449e-09,2.30700775e-08,1.07760253e-07,2.75587749e-07,3.31750874e-07,-5.8226338e-07,-1.47088124e-06,2.893128e-07
0.982,-1.06397219e-09,-1.24936276e-10,6.56675308e-09,1.78673869e-08,2.98779391e-08,3.17230061e-08,-9.38758384e-08,-2.51523812e-07,2.21827757e-07,5.60126637e-09,-2.99788687e-09,-9.70372552e-09,-9.2203217e-09,2.07118768e-08,1.01151467e-07,2.62133801e-07,3.19107124e-07,-5.41845177e-07,-1.38264599e-06,2.58263243e-07
0.983,-1.03326995e-09,-1.97108695e-10,6.10535742e-09,1.683148e-08,2.84236879e-08,3.06276586e-08,-8.79107979e-08,-2.36208257e-07,2.06871901e-07,5.3906458e-09,-2.8315356e-09,-9.36871762e-09,-9.31190935e-09,1.86363282e-08,9.4816814e-08,2.48677702e-07,3.05837409e-07,-5.03143515e-07,-1.29657271e-06,2.2974137e-07
0.984,-1.07590728e-09,-3.47384025e-10,5.59295374e-09,1.58261483e-08,2.71403147e-08,2.98784475e-08,-8.14689191e-08,-2.20747489e-07,1.91861802e-07,4.32362068e-09,-2.67232455e-09,-9.06946768e-09,-9.47323143e-09,1.64477766e-08,8.83278933e-08,2.35025739e-07,2.92440178e-07,-4.64595297e-07,-1.2111202e-06,2.02076263e-07
0.985,-1.02405757e-09,-3.94527038e-10,5.14046684e-09,1.4751978e-08,2.55501893e-08,2.850857e-08,-7.58394791e-08,-2.05912981e-07,1.77841684e-07,4.69547224e-09,-2.4898905e-09,-8.65858945e-09,-9.3920399e-09,1.46100205e-08,8.21671581e-08,2.2136808e-07,2.78322331e-07,-4.27910511e-07,-1.12790439e-06,1.76986799e-07
0.986,-1.07180295e-09,-5.41130271e-10,4.63645011e-09,1.37489024e-08,2.42230736e-08,2.76151635e-08,-6.96041786e-08,-1.90891574e-07,1.63559616e-07,3.90754897e-09,-2.32668614e-09,-8.31328505e-09,-9.4286473e-09,1.26043689e-08,7.58195662e-08,2.07539846e-07,2.64194561e-07,-3.91113123e-07,-1.04503402e-06,1.52352311e-07
0.987,-9.97137987e-10,-5.62041672e-10,4.19579169e-09,1.26428874e-08,2.25034841e-08,2.59746845e-08,-6.43004791e-08,-1.76529113e-07,1.50358428e-07,4.7722652e-09,-2.12826697e-09,-7.8245113e-09,-9.16751376e-09,1.1018387e-08,6.98524366e-08,1.93695775e-07,2.49238855e-07,-3.56348404e-07,-9.64480183e-07,1.30389281e-07
0.988,-1.04849086e-09,-6.99785873e-10,3.70850949e-09,1.16510267e-08,2.11352159e-08,2.49225047e-08,-5.8307322e-08,-1.6195421e-07,1.36790328e-07,4.17909309e-09,-1.96552343e-09,-7.43465047e-09,-9.07039405e-09,9.21914156e-09,6.36889188e-08,1.79749707e-07,2.34425731e-07,-3.21286601e-07,-8.84145255e-07,1.08580992e-07
0.989,-9.49363676e-10,-6.92363177e-10,3.28558483e-09,1.05263687e-08,1.92977482e-08,2.30076645e-08,-5.33594127e-08,-1.48074569e-07,1.2440187e-07,5.41836448e-09,-1.75461253e-09,-6.87219979e-09,-8.63107724e-09,7.89345939e-09,5.79489929e-08,1.65783823e-07,2.18720843e-07,-2.88364488e-07,-8.06196195e-07,8.95052227e-08
0.99,-1.00126021e-09,-8.13016469e-10,2.82832503e-09,9.56073999e-09,1.79037982e-08,2.18089236e-08,-4.76265776e-08,-1.34022849e-07,1.11385396e-07,5.03176294e-09,-1.5956304e-09,-6.44103602e-09,-8.39811263e-09,6.30576102e-09,5.19726103e-08,1.51723432e-07,2.03271748e-07,-2.54832103e-07,-7.28134437e-07,7.01882162e-08
0.991,-8.81724688e-10,-7.80986852e-10,2.4239154e-09,8.43391678e-09,1.59921804e-08,1.97039291e-08,-4.28983781e-08,-1.20619868e-07,9.93621182e-08,6.6086293e-09,-1.36846131e-09,-5.80163151e-09,-7.78283733e-09,5.22433002e-09,4.64149286e-08,1.37529189e-07,1.86731389e-07,-2.23386088e-07,-6.52107704e-07,5.34887425e-08
0.992,-9.34028662e-10,-8.83633639e-10,1.9943507e-09,7.48042485e-09,1.45527502e-08,1.83583717e-08,-3.73393129e-08,-1.0696829e-07,8.67169193e-08,6.3656214e-09,-1.2044441e-09,-5.31026523e-09,-7.37867287e-09,3.89965174e-09,4.0667526e-08,1.23315027e-07,1.70470145e-07,-1.91409151e-07,-5.75987264e-07,3.65111991e-08
0.993,-7.9928699e-10,-8.28085558e-10,1.60931237e-09,6.3445026e-09,1.25357347e-08,1.59642459e-08,-3.29791355e-08,-9.38904168e-08,7.56878159e-08,7.88184433e-09,-9.717316e-10,-4.60299918e-09,-6.58195293e-09,3.1227058e-09,3.54676092e-08,1.09199691e-07,1.53321425e-07,-1.61870737e-07,-5.02657667e-07,2.25162471e-08
0.994,-8.34662136e-10,-8.88246722e-10,1.23418613e-09,5.41376957e-09,1.10027991e-08,1.42820217e-08,-2.80418982e-08,-8.08891679e-08,6.42982672e-08,7.70914512e-09,-8.31810041e-10,-4.08342292e-09,-6.03648189e-09,2.08318145e-09,3.01101414e-08,9.52464069e-08,1.36879694e-07,-1.31583666e-07,-4.29649925e-07,8.17625963e-09
0.995,-6.89287535e-10,-7.96159081e-10,9.04857876e-10,4.33482804e-09,9.01158412e-09,1.17788768e-08,-2.40312911e-08,-6.86919624e-08,5.33347523e-08,9.5463278e-09,-6.3289355e-10,-3.38130731e-09,-5.17558116e-09,1.43082345e-09,2.50206687e-08,8.10106505e-08,1.19462099e-07,-1.02468916e-07,-3.57676162e-07,-4.2761711e-09
0.996,-6.89412434e-10,-7.98968405e-10,5.8756461e-10,3.45212164e-09,7.49991674e-09,1.0121083e-08,-1.89542201e-08,-5.64981894e-08,4.0348196e-08,1.0139578e-08,-5.42639821e-10,-2.87077042e-09,-4.5770705e-09,4.50246729e-10,1.95196916e-08,6.6242721e-08,1.01816441e-07,-7.19130869e-08,-2.83553965e-07,-1.75904472e-08
0.997,-5.2647249e-10,-6.50485842e-10,3.47410545e-10,2.48282929e-09,5.63827555e-09,7.76322313e-09,-1.46712507e-08,-4.46246598e-08,2.8252625e-08,1.15026178e-08,-4.45051645e-10,-2.30389932e-09,-3.84887145e-09,-3.81746267e-10,1.40426995e-08,5.10614423e-08,8.29875573e-08,-4.31492104e-08,-2.10454084e-07,-2.78428814e-08
0.998,-4.50575642e-10,-5.36015743e-10,1.75631126e-10,1.78200332e-09,4.26688503e-09,6.05621475e-09,-9.91686526e-09,-3.29624371e-08,1.61132752e-08,1.12361189e-08,-3.91481153e-10,-1.88878181e-09,-3.43545243e-09,-1.76204084e-09,7.73378787e-09,3.48126997e-08,6.33184162e-08,-1.47948038e-08,-1.37108877e-07,-3.57472564e-08
0.999,-2.89095904e-10,-3.72893928e-10,-2.64250181e-11,9.36980165e-10,2.68080061e-09,4.38094467e-09,-4.41588138e-09,-2.01995784e-08,4.26804621e-09,9.74956407e-09,-3.06157044e-11,-1.00428115e-09,-2.38010097e-09,-2.62022944e-09,9.74918454e-10,1.56634768e-08,3.75162675e-08,7.58638168e-09,-6.23058598e-08,-3.5064279e-08
1.0,0.0,0.0,0.0,0.0,0.0,0.0,0.0,0.0,0.0,0.0,0.0,0.0,0.0,0.0,0.0,0.0,0.0,0.0,0.0,0.0
