r,R  2/ 1,R  3/ 1,R  4/ 1,R  5/ 1,I  2/ 1,I  3/ 1,I  4/ 1,I  5/ 1
0.0,0.0,0.0,0.0,0.0,-0.0,-0.0,-0.0,-0.0
0.001,-0.0282538267,0.000248817344,1.01054031e-05,2.70079184e-05,-0.00262083458,6.21639384e-05,-3.6543352e-05,0.000147314134
0.002,-0.109084573,0.00148875285,-0.000128012842,-7.31774399e-05,-0.0129811388,0.00238322221,-8.89404617e-05,0.000390676227
0.003,-0.232845132,0.00374834619,-0.000599207025,-0.000389951759,-0.0363335725,0.00983095236,-0.000229861658,0.000700293441
0.004,-0.390415857,0.00642974352,-0.00175755863,-0.0010545055,-0.0765773846,0.0250605799,-0.000619071154,0.00101326921
0.005,-0.573501616,0.00840174594,-0.0040378477,-0.00222322015,-0.136463301,0.0504131906,-0.00148084945,0.00121080849
0.006,-0.774461399,0.00808502685,-0.00790277951,-0.00405432968,-0.217567599,0.0878037292,-0.00313670154,0.00111787086
0.007,-0.986400828,0.00356010338,-0.0138145693,-0.00668770361,-0.320509887,0.138678562,-0.00600980112,0.000493427152
0.008,-1.20314807,-0.00733047706,-0.0222050064,-0.0102271951,-0.445029027,0.203968247,-0.0106243972,-0.000960160974
0.009,-1.41930025,-0.0268781372,-0.0334510206,-0.0147222603,-0.590171634,0.284091401,-0.0176005085,-0.00359382218
0.01,-1.63020463,-0.0574123103,-0.0478523372,-0.0201567942,-0.754398997,0.378952716,-0.0276442584,-0.00779527179
0.011,-1.83196484,-0.101214517,-0.0656128695,-0.0264361059,-0.935753378,0.48797956,-0.0415359535,-0.0139773036
0.012,-2.02140372,-0.160440173,-0.0868250326,-0.0333838407,-1.13196324,0.610150483,-0.0601144492,-0.022558073
0.013,-2.1960355,-0.237057024,-0.11145723,-0.0407362298,-1.34058133,0.744051776,-0.0842602909,-0.033945087
0.014,-2.35400965,-0.332789354,-0.139344765,-0.0481470067,-1.55907171,0.8879239,-0.114876217,-0.0485159947
0.015,-2.49405885,-0.449081933,-0.170183803,-0.0551891987,-1.78491526,1.03972683,-0.152867264,-0.0666020091
0.016,-2.61543065,-0.587066949,-0.203529037,-0.0613666927,-2.01567107,1.19719411,-0.199119437,-0.088472194
0.017,-2.71782223,-0.747551284,-0.238794338,-0.0661225765,-2.24904867,1.35789811,-0.254478811,-0.114319338
0.018,-2.80130859,-0.931003782,-0.275257098,-0.0688552175,-2.48294225,1.51930385,-0.319730411,-0.14424975
0.019,-2.8662742,-1.1375617,-0.312065323,-0.0689313228,-2.7154722,1.67882772,-0.395578355,-0.178273661
0.02,-2.91334564,-1.36703442,-0.348248119,-0.0657040531,-2.94499475,1.83388565,-0.482626881,-0.216301498
0.021,-2.94332823,-1.618924,-0.382728459,-0.0585285656,-3.17011754,1.9819413,-0.581363405,-0.258139875
0.022,-2.95714913,-1.89244077,-0.414338787,-0.0467797023,-3.38968984,2.12054517,-0.692143362,-0.303494374
0.023,-2.95580453,-2.18653267,-0.441838203,-0.0298676657,-3.60279852,2.24737043,-0.815177699,-0.351971298
0.024,-2.94031667,-2.49990845,-0.463931729,-0.00725339244,-3.80874483,2.36024176,-0.9505228,-0.403085949
0.025,-2.91169441,-2.83107125,-0.4792903,0.0215375797,-4.00702733,2.45715863,-1.09807341,-0.456269471
0.026,-2.8709054,-3.17834532,-0.486571985,0.0569036161,-4.19731151,2.53631387,-1.25755836,-0.510881367
0.027,-2.81885086,-3.53990998,-0.484443021,0.0991564782,-4.37940589,2.59610542,-1.42853936,-0.566220246
0.028,-2.75635207,-3.91382673,-0.471599212,0.148514534,-4.55322993,2.63514563,-1.61041267,-0.621538868
0.029,-2.68413829,-4.29807072,-0.446786264,0.205096563,-4.71878866,2.65226345,-1.80241366,-0.676057303
0.03,-2.60284542,-4.69055584,-0.40881969,0.268919847,-4.87614322,2.64650607,-2.00362406,-0.728978726
0.031,-2.51301473,-5.08916191,-0.356602912,0.339898658,-5.02538797,2.61713376,-2.21298161,-0.779503415
0.032,-2.41510062,-5.49175653,-0.289144229,0.417846672,-5.16662664,2.56361593,-2.42929213,-0.826843587
0.033,-2.30947711,-5.89621738,-0.205571411,0.502479573,-5.299954,2.48562082,-2.65124318,-0.870236708
0.034,-2.19645172,-6.30044958,-0.105144757,0.593421794,-5.4254395,2.38300752,-2.87741968,-0.908958472
0.035,-2.07627676,-6.70240221,0.0127325424,0.690212903,-5.5431155,2.25581272,-3.10632052,-0.942334235
0.036,-1.94916591,-7.10008152,0.148505934,0.79231711,-5.65296865,2.10424062,-3.33637636,-0.969748912
0.037,-1.81530741,-7.49156238,0.302463782,0.899132384,-5.75493457,1.92864858,-3.56596784,-0.990655668
0.038,-1.67488043,-7.87499757,0.4747337,1.01000155,-5.84889648,1.72953624,-3.7934443,-1.00458224
0.039,-1.5280678,-8.2486249,0.665281442,1.12422305,-5.93468573,1.50753146,-4.01714215,-1.01113646
0.04,-1.37507013,-8.61077333,0.873911874,1.24106247,-6.01208625,1.26337964,-4.23540328,-1.01000893
0.041,-1.21611625,-8.95986657,1.10027211,1.35976394,-6.08083977,0.997930696,-4.44659247,-1.00097533
0.042,-1.05147365,-9.29442703,1.34385666,1.47956072,-6.14065424,0.712129284,-4.64911429,-0.98389559
0.043,-0.881455819,-9.61307755,1.6040143,1.59968565,-6.1912112,0.407002947,-4.84142835,-0.958713388
0.044,-0.706428562,-9.91454264,1.87995641,1.71938136,-6.23217735,0.0836534478,-5.02206392,-0.925452524
0.045,-0.526813524,-10.1976486,2.17076668,1.83790944,-6.26321362,-0.2567533,-5.18963258,-0.884213947
0.046,-0.343090223,-10.4613233,2.4754119,1.95455895,-6.28398756,-0.612994736,-5.34283992,-0.835169925
0.047,-0.155795812,-10.7045958,2.79275367,2.06865346,-6.29418249,-0.983800083,-5.48049513,-0.778559154
0.048,0.0344767118,-10.9265955,3.12156074,2.1795577,-6.29350918,-1.36785688,-5.60151953,-0.714679553
0.049,0.227082083,-11.1265511,3.46052186,2.28668205,-6.28171393,-1.76381802,-5.70495287,-0.64388211
0.05,0.421327555,-11.3037896,3.80825877,2.38948736,-6.25858844,-2.17030761,-5.78995854,-0.566563148
0.051,0.616479135,-11.4577355,4.16333946,2.48748677,-6.22397592,-2.58592692,-5.8558267,-0.483157496
0.052,0.811768842,-11.587909,4.52429089,2.58024982,-6.17777943,-3.00925945,-5.90197665,-0.394130879
0.053,1.00640471,-11.6939238,4.88961198,2.66740384,-6.11996856,-3.43887453,-5.92795825,-0.299972221
0.054,1.19957891,-11.7754872,5.25778635,2.74863317,-6.05058206,-3.87333335,-5.93345111,-0.201187031
0.055,1.39047786,-11.8323989,5.62729442,2.82367848,-5.96973081,-4.31119273,-5.91826297,-0.0982902081
0.056,1.57829087,-11.8645509,5.99662516,2.8923342,-5.87759739,-4.75101121,-5.88232651,0.00819926048
0.057,1.76221985,-11.8719254,6.36428677,2.95444714,-5.77443654,-5.1913527,-5.82569574,0.117764803
0.058,1.94148771,-11.8545953,6.72881719,3.00991234,-5.66057187,-5.63079278,-5.7485407,0.229896102
0.059,2.11534701,-11.812721,7.088793,3.05867156,-5.5363944,-6.06792219,-5.6511425,0.344094682
0.06,2.28308752,-11.7465506,7.44283847,3.10070775,-5.4023567,-6.50135324,-5.53388644,0.459876327
0.061,2.44404325,-11.6564161,7.78963262,3.13604393,-5.25897009,-6.92972324,-5.39725627,0.576775575
0.062,2.59759742,-11.5427337,8.12791661,3.16473503,-5.1067955,-7.35170182,-5.24182545,0.694346312
0.063,2.74318215,-11.4060002,8.45649778,3.18686424,-4.94643578,-7.76599789,-5.06824867,0.812162784
0.064,2.88028463,-11.2467896,8.77425463,3.20253974,-4.77853037,-8.17136342,-4.8772543,0.929820972
0.065,3.00844689,-11.0657492,9.08013962,3.21189227,-4.60374885,-8.56659898,-4.66963691,1.04693894
0.066,3.12727025,-10.8635951,9.37318216,3.21507203,-4.42278542,-8.95055693,-4.4462496,1.16315783
0.067,3.2364138,-10.6411079,9.65249025,3.21224614,-4.23635228,-9.32214667,-4.20799664,1.27814097
0.068,3.3355972,-10.399128,9.91725188,3.20359614,-4.04517458,-9.68033705,-3.95582621,1.39157476
0.069,3.42459809,-10.1385515,10.1667355,3.18931517,-3.84998372,-10.0241614,-3.69072315,1.50316658
0.07,3.50325347,-9.86032475,10.40029,3.16960656,-3.65151324,-10.3527192,-3.41370239,1.61264584
0.071,3.57145618,-9.56544042,10.6173445,3.14468042,-3.45049214,-10.6651806,-3.12580159,1.71976091
0.072,3.62915334,-9.25493365,10.8174055,3.11475234,-3.24764078,-10.9607869,-2.8280755,1.82428043
0.073,3.6763451,-8.92987833,11.0000558,3.08004253,-3.04366589,-11.2388514,-2.52159158,1.9259925
0.074,3.71308445,-8.5913778,11.1649544,3.04077824,-2.83925908,-11.4987613,-2.20742484,2.02470522
0.075,3.73947968,-8.24056149,11.3118367,2.9971917,-2.63509248,-11.7399782,-1.886653,2.12024605
0.076,3.75568786,-7.87857814,11.4405127,2.94951849,-2.43181454,-11.9620407,-1.56035033,2.21246043
0.077,3.76191547,-7.50659244,11.550865,2.89799574,-2.23004612,-12.1645637,-1.22958318,2.301211
0.078,3.75841157,-7.1257784,11.642847,2.84286081,-2.03037717,-12.3472399,-0.895404368,2.38637598
0.079,3.7454678,-6.73731549,11.7164808,2.78435022,-1.83336399,-12.5098384,-0.558849681,2.46784889
0.08,3.72341139,-6.34238226,11.7718546,2.72269838,-1.63952675,-12.6522053,-0.220932786,2.54553655
0.081,3.692605,-5.94215191,11.8091202,2.65813747,-1.44934813,-12.77426,0.117356945,2.61935959
0.082,3.65343622,-5.53778588,11.82849,2.59089456,-1.26327111,-12.8759968,0.455059897,2.6892482
0.083,3.6063072,-5.1304283,11.8302292,2.52119018,-1.08169953,-12.9574839,0.791249872,2.75513829
0.084,3.55163337,-4.72120192,11.8146542,2.44924063,-0.904999624,-13.0188608,1.12503566,2.81697256
0.085,3.48983811,-4.31120352,11.7821279,2.37525711,-0.733501537,-13.0603341,1.45556303,2.87469934
0.086,3.42135146,-3.90150034,11.7330569,2.29944829,-0.567501586,-13.0821748,1.78201518,2.92827371
0.087,3.34660617,-3.49312624,11.6678873,2.22201865,-0.407263963,-13.0847139,2.1036145,2.97765707
0.088,3.26603637,-3.0870787,11.5871022,2.14317122,-0.253023457,-13.0683384,2.41962199,3.02281801
0.089,3.18007468,-2.68431587,11.4912175,2.06310523,-0.104987255,-13.0334868,2.72933902,3.06373261
0.09,3.08915083,-2.2857541,11.3807792,1.98201904,0.0366621179,-12.9806453,3.03210567,3.10038481
0.091,2.99368956,-1.89226549,11.2563595,1.90010719,0.171764942,-12.9103419,3.32730238,3.1327674
0.092,2.89411192,-1.50467699,11.1185559,1.81756425,0.300182035,-12.8231426,3.61434681,3.16088335
0.093,2.79084194,-1.12377254,10.9679916,1.73458235,0.421795464,-12.7196437,3.89269547,3.1847526
0.094,2.68429841,-0.750291344,10.8053093,1.65135123,0.536507136,-12.6004723,4.16184376,3.20440605
0.095,2.57489881,-0.384928231,10.6311707,1.56805673,0.644237624,-12.4662793,4.42132682,3.21989217
0.096,2.46305076,-0.0283323849,10.4462499,1.48487973,0.744926218,-12.3177404,4.67071966,3.23126949
0.097,2.34915613,0.318893562,10.2512329,1.40199709,0.838527815,-12.1555484,4.9096362,3.23861467
0.098,2.23360228,0.656193795,10.0468104,1.31957879,0.925014675,-11.9804143,5.13773004,3.24201358
0.099,2.11676587,0.983061802,9.83367723,1.23779201,1.00437108,-11.7930596,5.35469137,3.24157053
0.1,1.99900439,1.29903941,9.61252467,1.15679583,1.076597,-11.594218,5.56024864,3.23739825
0.101,1.88067916,1.6037239,9.38404956,1.07675313,1.14170722,-11.3846204,5.75416646,3.2296378
0.102,1.76220964,1.89676794,9.14897633,0.997825424,1.19976616,-11.1649789,5.93626448,3.21847287
0.103,1.64401984,2.17786441,8.90803274,0.920154139,1.25087583,-10.9360064,6.10641516,3.20409125
0.104,1.52651264,2.44674595,8.6619335,0.843860502,1.29516513,-10.6984207,6.26453519,3.18667699
0.105,1.41007147,2.70318373,8.41138079,0.769047502,1.33278891,-10.4529426,6.41058586,3.16640637
0.106,1.29505648,2.94698765,8.15705996,0.695801857,1.36392396,-10.2002934,6.54456794,3.14345045
0.107,1.18180523,3.1780063,7.89963898,0.624196897,1.38876783,-9.94119287,6.66652129,3.1179715
0.108,1.0706312,3.39612585,7.6397664,0.554293258,1.407535,-9.6763567,6.77652015,3.09012597
0.109,0.961823471,3.60127055,7.37806989,0.486142195,1.42045556,-9.40649487,6.87467232,3.06006121
0.11,0.855647386,3.79340069,7.11515608,0.419785448,1.42777176,-9.13230869,6.96111495,3.02791877
0.111,0.752343196,3.97251342,6.85160836,0.355258477,1.42973663,-8.85448973,7.03601342,2.99383129
0.112,0.652129883,4.13863933,6.58798955,0.292589854,1.42661224,-8.57371715,7.0995579,2.95792716
0.113,0.555206149,4.29184111,6.32484182,0.231802804,1.41867278,-8.2906577,7.15196372,2.92033015
0.114,0.461750065,4.43221205,6.06268586,0.172914515,1.40619955,-8.00596347,7.1934685,2.88116014
0.115,0.371918394,4.55987555,5.80201957,0.115937794,1.38948229,-7.72027182,7.22433164,2.84053197
0.116,0.285846967,4.67498361,5.54331796,0.0608805189,1.36881456,-7.43420321,7.24483193,2.79855604
0.117,0.203650171,4.77771616,5.28703204,0.00774700455,1.3444948,-7.1483611,7.25526657,2.75533776
0.118,0.125421665,4.86827955,5.03358891,-0.043462294,1.31682213,-6.86333024,7.25594931,2.71097783
0.119,0.0512342596,4.94690559,4.78339098,-0.0927498369,1.28609734,-6.57967674,7.24720931,2.6655723
0.12,-0.0188594151,5.01385025,4.53681547,-0.140121067,1.25261908,-6.29794726,7.22938985,2.61921254
0.121,-0.0848263895,5.0693922,4.29421326,-0.185584108,1.216685,-6.01867,7.20284739,2.57198592
0.122,-0.146653271,5.11383218,4.0559064,-0.229150052,1.17858749,-5.74235406,7.16795004,2.52397475
0.123,-0.204346048,5.14749246,3.82218934,-0.270832455,1.13861248,-5.46948577,7.12507441,2.47525611
0.124,-0.257937221,5.17071637,3.59332681,-0.310644194,1.09702761,-5.20052954,7.07459996,2.42589768
0.125,-0.307482613,5.18386886,3.36955538,-0.348594944,1.05407854,-4.9359216,7.0169037,2.37596334
0.126,-0.353050442,5.18733192,3.15108936,-0.384693949,1.00999899,-4.6760668,6.95236361,2.32551844
0.127,-0.394719847,5.1815023,2.93812148,-0.418950673,0.965010739,-4.42133671,6.88135685,2.27463039
0.128,-0.43257913,5.16678895,2.73082394,-0.451375085,0.919324538,-4.17207065,6.8042598,2.22336851
0.129,-0.46672493,5.14361088,2.52934862,-0.481978358,0.873139575,-3.92857473,6.72144628,2.17180399
0.13,-0.497260716,5.11239498,2.33382806,-0.510772868,0.826644798,-3.69112345,6.63328789,2.12000968
0.131,-0.524296264,5.07357421,2.14437518,-0.537773024,0.7800183,-3.45995944,6.54015229,2.06805954
0.132,-0.547946062,5.02758549,1.96108477,-0.562995384,0.733429784,-3.23529586,6.44240408,2.01602888
0.133,-0.568328803,4.97486764,1.78403467,-0.586460798,0.687042651,-3.01731673,6.34040475,1.96399441
0.134,-0.585567514,4.9158598,1.61328548,-0.608193157,0.641013351,-2.80617798,6.23451198,1.91203271
0.135,-0.599789004,4.85099975,1.44888124,-0.628220829,0.595492222,-2.60200794,6.1250791,1.86021991
0.136,-0.611124235,4.78072244,1.2908489,-0.646575267,0.550622751,-2.40490885,6.01245434,1.80863005
0.137,-0.619707401,4.7054585,1.13919935,-0.663292117,0.506542307,-2.21495754,5.89698051,1.75733492
0.138,-0.625676505,4.62563273,0.993926759,-0.678409873,0.463381401,-2.03220731,5.77899424,1.70640237
0.139,-0.629172051,4.54166276,0.855010089,-0.691970654,0.421264399,-1.85668863,5.65882592,1.65589647
0.14,-0.630337749,4.45395735,0.722412559,-0.704019109,0.380308909,-1.68841111,5.53679907,1.60587562
0.141,-0.629318868,4.362915,0.59608395,-0.714602773,0.34062655,-1.5273641,5.41323072,1.55639317
0.142,-0.626263548,4.26892223,0.475959747,-0.723770568,0.302320611,-1.37351896,5.28843,1.50749486
0.143,-0.621326971,4.17235683,0.361959691,-0.731564296,0.265462938,-1.22683508,5.16268567,1.45921463
0.144,-0.614665509,4.07358809,0.253991014,-0.738019475,0.230094921,-1.08725511,5.03626501,1.41158318
0.145,-0.606429859,3.97297303,0.151952157,-0.743171805,0.196246729,-0.954701673,4.90942352,1.36463251
0.146,-0.596764853,3.87085504,0.055733233,-0.747058006,0.16393886,-0.829079129,4.78240539,1.31839563
0.147,-0.585808968,3.7675634,-0.034783095,-0.749716019,0.133183308,-0.710275006,4.65544353,1.27290613
0.148,-0.573694448,3.66341236,-0.119721233,-0.751185507,0.103984512,-0.598161834,4.52875973,1.22819768
0.149,-0.560547115,3.55870076,-0.199211815,-0.75150781,0.076340295,-0.492598403,4.40256464,1.18430355
0.15,-0.546486539,3.45371133,-0.273391129,-0.75072628,0.0502427862,-0.39343144,4.27705793,1.14125603
0.151,-0.531626107,3.34871037,-0.342400007,-0.748885951,0.0256790652,-0.300496608,4.15242835,1.09908605
0.152,-0.516073243,3.24394724,-0.406382873,-0.746033535,0.00263210965,-0.213620163,4.02885431,1.05782279
0.153,-0.499929755,3.139655,-0.465487985,-0.742216875,-0.0189189946,-0.132620724,3.90650377,1.01749336
0.154,-0.483291879,3.03605071,-0.519867566,-0.737485119,-0.0389984861,-0.0573109469,3.7855343,0.978122245
0.155,-0.466250753,2.933336,-0.569677582,-0.731888142,-0.0576337648,0.0125010921,3.66609315,0.93973112
0.156,-0.448892375,2.83169739,-0.615077283,-0.72547664,-0.0748548428,0.0770107822,3.54831741,0.902338549
0.157,-0.431298122,2.73130673,-0.656228807,-0.71830154,-0.0906942266,0.136415831,3.43233411,0.865959801
0.158,-0.413544585,2.63232156,-0.69329655,-0.710414034,-0.105186427,0.190915456,3.31826042,0.830606832
0.159,-0.395704106,2.53488572,-0.726446737,-0.701864823,-0.118368425,0.240709083,3.20620341,0.796287921
0.16,-0.377844168,2.43913033,-0.755846244,-0.692703151,-0.130281826,0.285994799,3.0962588,0.763007369
0.161,-0.360027288,2.34517403,-0.781662194,-0.682977374,-0.140971183,0.326970057,2.98851189,0.730766863
0.162,-0.342311261,2.25312325,-0.804061943,-0.672735446,-0.150482244,0.363831324,2.88303856,0.6995655
0.163,-0.324749407,2.16307249,-0.823212223,-0.662024725,-0.158861968,0.396773698,2.77990545,0.669400027
0.164,-0.307390734,2.07510463,-0.839278659,-0.650891889,-0.166158012,0.425990396,2.67917029,0.640264803
0.165,-0.290280142,1.98929131,-0.852425124,-0.639382655,-0.172418849,0.451672327,2.58088207,0.612151982
0.166,-0.273458527,1.90569337,-0.86281345,-0.62754175,-0.177693323,0.474007671,2.48508132,0.585051594
0.167,-0.256963004,1.82436135,-0.870602912,-0.615412614,-0.182030788,0.493181428,2.39180035,0.558951674
0.168,-0.240826958,1.74533592,-0.875949989,-0.603037421,-0.185480711,0.509375146,2.30106355,0.533838489
0.169,-0.225080293,1.66864852,-0.879007935,-0.59045679,-0.188092796,0.522766488,2.21288769,0.509696606
0.17,-0.20974942,1.59432178,-0.879926593,-0.577709861,-0.189916651,0.533529111,2.12728221,0.486509247
0.171,-0.194857549,1.52237025,-0.878852132,-0.564834046,-0.191001874,0.541832246,2.04424949,0.464258286
0.172,-0.180424555,1.45280081,-0.875926904,-0.551865153,-0.191397826,0.54784077,1.96378501,0.442924661
0.173,-0.166467259,1.38561319,-0.871288946,-0.538837145,-0.191153675,0.551714907,1.88587762,0.422488271
0.174,-0.152999399,1.32080024,-0.865071697,-0.525782429,-0.190317527,0.553610484,1.81051034,0.402928536
0.175,-0.140032745,1.25834767,-0.857404374,-0.512732747,-0.188932928,0.553678787,1.73766253,0.384223421
0.176,-0.127577289,1.19823518,-0.848411968,-0.499718022,-0.187040921,0.552065283,1.66730932,0.366349209
0.177,-0.115640854,1.14043732,-0.838214588,-0.486765817,-0.184681982,0.548909635,1.5994208,0.349281161
0.178,-0.104229194,1.08492405,-0.826927514,-0.473901242,-0.181895781,0.544345528,1.53396259,0.332993704
0.179,-0.0933459505,1.03166107,-0.814660921,-0.461147085,-0.178721208,0.538500826,1.47089618,0.317460722
0.18,-0.0829927608,0.980610378,-0.801519932,-0.448523783,-0.175196128,0.53149751,1.41017941,0.302655742
0.181,-0.0731692407,0.931730458,-0.787604426,-0.436049581,-0.171357402,0.523451803,1.35176686,0.288552133
0.182,-0.0638731461,0.88497685,-0.773009092,-0.423740566,-0.167240615,0.514474174,1.29561041,0.275123312
0.183,-0.0551004725,0.840302425,-0.757823528,-0.411610908,-0.162880079,0.504669425,1.24165964,0.262342847
0.184,-0.046845505,0.797657841,-0.742132352,-0.399672863,-0.158308749,0.494136756,1.18986205,0.250184574
0.185,-0.0391009182,0.756991751,-0.726015304,-0.387937005,-0.153558197,0.482969847,1.14016343,0.23862266
0.186,-0.0318578374,0.718251179,-0.709547302,-0.376412251,-0.148658565,0.471256961,1.09250813,0.227631707
0.187,-0.0251059659,0.681381687,-0.69279859,-0.365106099,-0.143638497,0.459081026,1.04683939,0.217186783
0.188,-0.0188336231,0.646327687,-0.675834764,-0.354024647,-0.138525319,0.446519827,1.00309947,0.207263604
0.189,-0.0130277593,0.613032604,-0.65871696,-0.343172841,-0.133345684,0.433646466,0.961229607,0.197839115
0.19,-0.00767418019,0.581439027,-0.641501869,-0.332554608,-0.128124915,0.420529475,0.921170426,0.188891276
0.191,-0.00275775136,0.551488877,-0.624241898,-0.322173011,-0.122886609,0.407232683,0.882862504,0.180398753
0.192,0.00173751372,0.523123552,-0.606985164,-0.312030254,-0.117652762,0.393815462,0.8462464,0.172341045
0.193,0.00582841218,0.496284174,-0.589775749,-0.302127729,-0.112443727,0.38033274,0.811262852,0.164698437
0.194,0.00953233914,0.470911848,-0.572653927,-0.292466157,-0.107278239,0.366835222,0.777852909,0.157452011
0.195,0.0128671887,0.446947888,-0.5556564,-0.283045652,-0.102173364,0.353369445,0.745958186,0.150583605
0.196,0.0158511443,0.424334002,-0.538816462,-0.273865836,-0.0971445538,0.339978003,0.715520998,0.1440758
0.197,0.0185025886,0.403012478,-0.522164206,-0.264925873,-0.0922056317,0.326699636,0.686484548,0.13791189
0.198,0.0208399129,0.382926333,-0.505726687,-0.256224571,-0.0873688638,0.313569456,0.658793037,0.132075841
0.199,0.0228814422,0.364019471,-0.489528124,-0.247760375,-0.0826449882,0.300619058,0.632391777,0.126552278
0.2,0.0246452679,0.346236816,-0.473590079,-0.239531462,-0.0780432912,0.287876726,0.607227283,0.12132643
0.201,0.0261491881,0.329524464,-0.457931683,-0.231535714,-0.0735716457,0.275367559,0.583247312,0.116384091
0.202,0.0274105406,0.313829803,-0.442569871,-0.223770816,-0.0692364535,0.263113647,0.560401019,0.111711447
0.203,0.0284461452,0.29910161,-0.427519487,-0.216234242,-0.0650428244,0.251134192,0.538639003,0.1072951
0.204,0.0292722612,0.285290052,-0.412793326,-0.208923294,-0.0609947263,0.23944573,0.517913304,0.103122103
0.205,0.0299045529,0.272346767,-0.39840228,-0.201835055,-0.0570950727,0.228062263,0.498177406,0.0991799181
0.206,0.0303580743,0.260224864,-0.384355418,-0.194966427,-0.0533458328,0.216995449,0.47938623,0.0954564139
0.207,0.0306472426,0.248879,-0.370660132,-0.188314092,-0.0497481149,0.206254738,0.461496128,0.0919398461
0.208,0.0307858478,0.238265365,-0.357322223,-0.18187455,-0.0463022634,0.195847534,0.444464876,0.0886188571
0.209,0.0307870316,0.228341754,-0.34434603,-0.175644089,-0.0430079332,0.185779336,0.428251668,0.0854824683
0.21,0.0306633156,0.219067536,-0.331734512,-0.169618818,-0.0398641747,0.176053883,0.412817111,0.0825200823
0.211,0.0304265833,0.210403709,-0.319489379,-0.163794663,-0.0368694944,0.166673286,0.398123205,0.0797214817
0.212,0.0300881258,0.202312863,-0.307611164,-0.158167385,-0.0340219365,0.157638159,0.384133321,0.0770768252
0.213,0.0296586403,0.194759195,-0.2960993,-0.152732589,-0.0313191615,0.148947733,0.370812168,0.074576665
0.214,0.0291482748,0.187708489,-0.284952166,-0.147485764,-0.0287586389,0.140600002,0.358125699,0.0722120115
0.215,0.0285666091,0.181128092,-0.274167191,-0.142422302,-0.0263375751,0.132591888,0.346041163,0.0699743401
0.216,0.0279226682,0.174986872,-0.263740951,-0.137537518,-0.0240528811,0.124919336,0.334527162,0.0678555445
0.217,0.0272249261,0.169255196,-0.253669237,-0.132826666,-0.0219012176,0.117577437,0.323553609,0.0658479523
0.218,0.0264813259,0.163904902,-0.243947139,-0.128284949,-0.0198790216,0.110560509,0.313091719,0.0639443013
0.219,0.025699289,0.158909267,-0.234569113,-0.123907552,-0.01798255,0.10386221,0.303113974,0.0621377482
0.22,0.0248857304,0.154242974,-0.225529065,-0.119689642,-0.0162078982,0.097475608,0.293594107,0.0604218474
0.221,0.0240470751,0.149882081,-0.216820414,-0.115626396,-0.0145510411,0.0913932744,0.284507059,0.0587905509
0.222,0.0231892678,0.145803989,-0.208436176,-0.111713011,-0.0130078434,0.0856073544,0.275828959,0.0572381863
0.223,0.0223177913,0.141987393,-0.200369007,-0.10794473,-0.0115740929,0.0801096485,0.267537092,0.055759447
0.224,0.0214376812,0.138412242,-0.192611259,-0.104316834,-0.0102455135,0.0748916719,0.259609875,0.0543493792
0.225,0.0205535464,0.135059694,-0.185155026,-0.100824655,-0.00901771798,0.0699447141,0.252026854,0.0530033384
0.226,0.0196695861,0.131912076,-0.177992199,-0.0974635665,-0.00788619703,0.0652598592,0.2447687,0.0517169455
0.227,0.0187896218,0.128952836,-0.171114496,-0.094229012,-0.00684643723,0.060828045,0.23781711,0.0504860985
0.228,0.0179171078,0.126166503,-0.164513514,-0.0911165085,-0.00589394287,0.0566401168,0.231154769,0.0493069704
0.229,0.0170551576,0.123538631,-0.15818076,-0.0881216604,-0.00502425217,0.0526868687,0.224765315,0.048175986
0.23,0.0162065533,0.121055761,-0.15210769,-0.0852401599,-0.00423294942,0.048959087,0.218633301,0.0470898171
0.231,0.0153737717,0.118705359,-0.146285722,-0.082467795,-0.00351567728,0.0454475843,0.21274417,0.0460453591
0.232,0.0145589928,0.116475773,-0.140706262,-0.0798004478,-0.00286814877,0.0421432337,0.207084227,0.0450397354
0.233,0.0137641248,0.11435619,-0.135360753,-0.0772340988,-0.00228616219,0.0390369955,0.20164059,0.0440702726
0.234,0.012990817,0.112336607,-0.13024071,-0.0747648329,-0.00176561363,0.0361199443,0.196401141,0.0431344883
0.235,0.0122404781,0.110407783,-0.125337749,-0.0723888415,-0.00130250598,0.033383286,0.191354496,0.0422300713
0.236,0.0115142851,0.108561198,-0.120643608,-0.0701024338,-0.000893002498,0.030818377,0.186489949,0.0413548914
0.237,0.0108131967,0.106789016,-0.116150169,-0.0679020378,-0.000533434448,0.0284167545,0.181797447,0.0405069995
0.238,0.0101379737,0.105084045,-0.111849468,-0.0657841949,-0.000220267574,0.0261701609,0.177267555,0.0396846035
0.239,0.00948919129,0.103439701,-0.10773371,-0.0637455609,4.99013156e-05,0.024070553,0.172891435,0.0388860533
0.24,0.00886725646,0.10184997,-0.103795284,-0.061782907,0.000280332604,0.0221101166,0.16866081,0.0381098343
0.241,0.0082724179,0.100309374,-0.100026768,-0.0598931209,0.00047415008,0.0202812734,0.164567937,0.0373545576
0.242,0.00770478383,0.0988129341,-0.0964209302,-0.0580732017,0.000634325601,0.0185766918,0.16060557,0.0366189507
0.243,0.0071643359,0.0973561382,-0.0929707385,-0.056320256,0.000763685201,0.0169892901,0.156766931,0.0359018523
0.244,0.00665093761,0.0959349117,-0.0896693645,-0.0546314999,0.000864908538,0.0155122434,0.153045684,0.0352022035
0.245,0.00616434537,0.0945455893,-0.0865101902,-0.0530042561,0.000940534922,0.014138986,0.149435915,0.0345190456
0.246,0.00570421533,0.0931848858,-0.083486816,-0.0514359572,0.000992963703,0.0128632189,0.145932107,0.0338515081
0.247,0.00527011772,0.0918498703,-0.0805930583,-0.0499241383,0.00102445873,0.0116789184,0.142529114,0.0331988022
0.248,0.00486153866,0.0905379408,-0.0778229573,-0.0484664399,0.00103715503,0.0105803244,0.139222146,0.0325602137
0.249,0.00447789242,0.0892468011,-0.075170774,-0.0470605971,0.00103305815,0.00956193441,0.136006742,0.0319351021
0.25,0.00411852472,0.0879744404,-0.0726309981,-0.0457044421,0.00101405529,0.00861849995,0.132878752,0.031322891
0.251,0.00378272535,0.0867191149,-0.0701983501,-0.0443958941,0.000981908361,0.00774502197,0.129834307,0.0307230606
0.252,0.00346973063,0.0854793314,-0.0678677948,-0.0431329693,0.000938275889,0.00693674774,0.126869811,0.030135141
0.253,0.00317872609,0.0842538224,-0.0656345292,-0.0419137768,0.000884711572,0.00618916431,0.123981927,0.0295587037
0.254,0.00290885875,0.0830415212,-0.0634939653,-0.0407365126,0.000822668337,0.00549799621,0.121167559,0.0289933646
0.255,0.00265924183,0.0818415435,-0.0614417262,-0.0395994532,0.000753495205,0.00485919776,0.118423834,0.0284387718
0.256,0.00242897288,0.0806531685,-0.059473633,-0.0385009495,0.000678452743,0.00426894824,0.115748084,0.0278946064
0.257,0.0022171431,0.0794758213,-0.0575856955,-0.037439422,0.000598745449,0.003723632,0.113137828,0.0273605522
0.258,0.00202284695,0.0783090555,-0.0557741045,-0.0364133598,0.00051548822,0.00321983185,0.110590762,0.0268363061
0.259,0.00184517773,0.0771525382,-0.0540352309,-0.0354213211,0.000429701966,0.00275432825,0.108104738,0.0263215772
0.26,0.00168324456,0.0760060322,-0.0523656052,-0.0344619252,0.000342311166,0.00232409245,0.10567775,0.0258160872
0.261,0.00153616788,0.0748693815,-0.0507619138,-0.0335338572,0.000254155517,0.00192628155,0.103307925,0.0253195699
0.262,0.00140309547,0.0737424954,-0.0492209755,-0.0326358522,0.00016597612,0.00155823086,0.100993501,0.0248317709
0.263,0.00128320562,0.0726253396,-0.0477397447,-0.031766696,7.84252378e-05,0.00121744807,0.0987328193,0.0243524483
0.264,0.0011757112,0.0715179313,-0.0463153107,-0.0309252237,-7.92921754e-06,0.00090160291,0.0965243114,0.0238813677
0.265,0.00107985964,0.0704203279,-0.0449448955,-0.0301103247,-9.25924566e-05,0.00060851985,0.0943664991,0.0234183064
0.266,0.000994914211,0.0693326262,-0.0436258612,-0.0293209369,-0.000175185854,0.000336171599,0.092257968,0.0229630676
0.267,0.00092014957,0.0682549558,-0.0423557098,-0.0285560485,-0.000255450252,8.26942486e-05,0.0901973503,0.0225155074
0.268,0.000854864253,0.0671874753,-0.0411320727,-0.0278146923,-0.000333181776,-0.000153624638,0.0881833465,0.0220755099
0.269,0.000798386686,0.0661303588,-0.0399527026,-0.0270959499,-0.000408222329,-0.000374354378,0.0862147229,0.0216429861
0.27,0.000750064934,0.0650837988,-0.0388154755,-0.0263989467,-0.000480450125,-0.000580930373,0.0842903101,0.0212178701
0.271,0.000709273958,0.0640479953,-0.0377183819,-0.0257228504,-0.000549778281,-0.000774660517,0.0824089937,0.0208001184
0.272,0.000675402662,0.06302316,-0.0366595302,-0.0250668709,-0.000616137824,-0.000956735574,0.0805697232,0.020389708
0.273,0.000647855567,0.0620095082,-0.0356371441,-0.0244302629,-0.000679478029,-0.00112823271,0.078771503,0.0199866353
0.274,0.000626048363,0.0610072615,-0.0346495563,-0.0238123162,-0.000739768108,-0.00129012245,0.0770133803,0.0195909099
0.275,0.00060942738,0.0600166393,-0.0336951967,-0.0232123558,-0.000796959256,-0.00144327428,0.075294461,0.0192025419
0.276,0.00059749467,0.0590378511,-0.0327725686,-0.0226297419,-0.000850923386,-0.00158848848,0.0736139444,0.0188215008
0.277,0.000589782994,0.0580710935,-0.0318802583,-0.0220638676,-0.000901533526,-0.00172651141,0.0719710782,0.0184477235
0.278,0.00058584669,0.0571165561,-0.0310169322,-0.0215141503,-0.00094868992,-0.00185802551,0.0703651328,0.0180811318
0.279,0.00058526717,0.0561744191,-0.0301813352,-0.020980033,-0.00099231118,-0.00198366524,0.0687954106,0.0177216232
0.28,0.000587650552,0.0552448548,-0.0293722855,-0.0204609802,-0.00103234724,-0.0021040135,0.0672612319,0.0173690796
0.281,0.000592632494,0.0543280313,-0.0285886839,-0.0199564813,-0.00106876624,-0.00221961281,0.0657619401,0.0170233618
0.282,0.000599878922,0.0534241123,-0.0278295136,-0.0194660498,-0.00110157257,-0.00233096233,0.0642968733,0.0166843055
0.283,0.000609092684,0.0525332503,-0.0270938194,-0.0189892238,-0.00113078581,-0.00243852748,0.06286539,0.0163517268
0.284,0.000619986456,0.051655578,-0.026380701,-0.0185255637,-0.00115649698,-0.00254274038,0.0614668383,0.0160254418
0.285,0.000632254936,0.0507912179,-0.0256893246,-0.0180746436,-0.00117892657,-0.0026439717,0.0601005166,0.0157053132
0.286,0.00064560616,0.0499402766,-0.0250189044,-0.0176360536,-0.00119832822,-0.00274252326,0.0587657151,0.0153912405
0.287,0.000659777019,0.049102843,-0.024368691,-0.017209402,-0.00121495168,-0.00283864846,0.0574617399,0.0150831405
0.288,0.000674522353,0.048278984,-0.0237379751,-0.0167943155,-0.0012290493,-0.0029325458,0.056187901,0.0147809567
0.289,0.000689622231,0.047468747,-0.0231260788,-0.0163904378,-0.00124086474,-0.00302436954,0.054943518,0.0144846482
0.29,0.000704872016,0.0466721522,-0.0225323535,-0.015997431,-0.00125063518,-0.00311422497,0.0537279145,0.0141941955
0.291,0.000720087802,0.0458891898,-0.0219561552,-0.0156149672,-0.00125858512,-0.00320217621,0.052540427,0.0139095943
0.292,0.000735096449,0.0451198125,-0.0213968291,-0.0152427256,-0.00126492089,-0.0032882502,0.0513804242,0.0136308717
0.293,0.000749779222,0.0443639477,-0.0208537175,-0.0148803883,-0.00126974632,-0.00337244554,0.0502473279,0.0133580432
0.294,0.000764081297,0.0436214937,-0.0203261657,-0.0145276586,-0.00127305077,-0.00345476827,0.0491406247,0.0130910689
0.295,0.000777962429,0.0428923314,-0.0198135548,-0.0141842498,-0.0012748159,-0.00353523737,0.048059815,0.0128298768
0.296,0.000791395586,0.0421763262,-0.0193152968,-0.01384989,-0.00127502362,-0.00361387637,0.0470044101,0.0125743714
0.297,0.000804362461,0.0414733317,-0.0188308366,-0.0135243151,-0.00127365896,-0.00369072351,0.045973931,0.012324428
0.298,0.000816857906,0.0407831886,-0.0183596438,-0.0132072721,-0.00127071073,-0.00376582369,0.0449679106,0.0120799018
0.299,0.000828884509,0.0401057274,-0.0179012164,-0.0128985162,-0.00126617344,-0.00383924,0.0439858934,0.0118406212
0.3,0.000840456616,0.0394407703,-0.0174550795,-0.012597812,-0.00126004842,-0.00391104685,0.0430274399,0.0116063991
0.301,0.000851577039,0.0387881385,-0.0170208125,-0.012304935,-0.00125237957,-0.00398133938,0.0420920983,0.011377035
0.302,0.000862185823,0.0381476702,-0.0165980958,-0.0120196673,-0.00124336313,-0.00405019825,0.0411793281,0.0111523659
0.303,0.000872204258,0.0375192194,-0.0161866614,-0.0117417953,-0.00123323642,-0.00411766868,0.0402885616,0.0109322687
0.304,0.000881559697,0.0369026386,-0.0157862581,-0.0114711105,-0.00122223461,-0.00418378159,0.0394192433,0.0107166389
0.305,0.000890180262,0.0362977808,-0.0153966475,-0.0112074084,-0.00121058911,-0.00424853644,0.0385708187,0.0105054067
0.306,0.000897999795,0.0357044952,-0.0150175998,-0.0109504878,-0.00119852121,-0.00431191733,0.037742742,0.0102985227
0.307,0.000904952413,0.035122632,-0.0146488959,-0.0107001509,-0.00118624378,-0.00437387782,0.036934467,0.0100959707
0.308,0.00091097537,0.0345520421,-0.0142903261,-0.0104562015,-0.0011739549,-0.00443435618,0.0361454515,0.00989775443
0.309,0.000916014097,0.0339925815,-0.0139416863,-0.0102184463,-0.00116182677,-0.00449326012,0.0353751604,0.00970390168
0.31,0.000920092215,0.0334441027,-0.0136027378,-0.00998670151,-0.00114988588,-0.00455049257,0.0346231396,0.00951440627
0.311,0.000923278313,0.0329064394,-0.013273209,-0.00976080224,-0.00113808084,-0.00460598325,0.033888991,0.00932921521
0.312,0.00092564692,0.032379411,-0.0129528116,-0.00954058942,-0.00112634305,-0.00465968191,0.0331723387,0.00914826541
0.313,0.000927279783,0.0318628254,-0.0126412499,-0.00932591494,-0.00111459271,-0.00471156291,0.0324728232,0.00897146744
0.314,0.000928264096,0.0313564846,-0.0123382324,-0.00911663882,-0.00110274368,-0.00476161804,0.0317900964,0.00879871269
0.315,0.000928692927,0.0308601829,-0.012043471,-0.00891263398,-0.00109070448,-0.00480986548,0.0311238256,0.00862986271
0.316,0.000928663231,0.0303737089,-0.0117566834,-0.00871378243,-0.00107838364,-0.00485634319,0.0304736913,0.00846475906
0.317,0.000928267632,0.0298968403,-0.011477595,-0.00851997943,-0.00106570251,-0.00490111808,0.029839384,0.00830322057
0.318,0.000927523138,0.0294293509,-0.0112059786,-0.00833112154,-0.00105271311,-0.00494426678,0.0292205284,0.00814509457
0.319,0.000926403101,0.0289710232,-0.0109416427,-0.00814709909,-0.00103953322,-0.00498584065,0.0286167118,0.00799027477
0.32,0.000924877102,0.0285216433,-0.0106844085,-0.00796780091,-0.00102628572,-0.0050258794,0.0280275222,0.0078386683
0.321,0.000922909533,0.0280810011,-0.0104341066,-0.00779311136,-0.00101309577,-0.00506440095,0.0274525479,0.00769021191
0.322,0.000920460534,0.0276488897,-0.0101905746,-0.00762291046,-0.00100008992,-0.00510141181,0.0268913783,0.00754485895
0.323,0.000917486319,0.0272251084,-0.00995365866,-0.00745707003,-0.000987396845,-0.0051368958,0.0263436003,0.00740259428
0.324,0.000913938704,0.0268094654,-0.00972321649,-0.00729545718,-0.000975143196,-0.00517082334,0.0258087996,0.0072634188
0.325,0.000909784848,0.0264017834,-0.0094991082,-0.00713792995,-0.000963427384,-0.00520314077,0.0252865747,0.00712735514
0.326,0.000905074251,0.0260018929,-0.00928115707,-0.00698434984,-0.000952210848,-0.00523379495,0.0247766029,0.00699439012
0.327,0.000899889605,0.0256096185,-0.00906916855,-0.00683458784,-0.000941411704,-0.00526276244,0.0242786,0.00686447554
0.328,0.000894314469,0.0252247864,-0.00886295053,-0.00668852204,-0.000930940789,-0.00529003315,0.0237922939,0.00673755251
0.329,0.000888440335,0.024847221,-0.00866230618,-0.00654603801,-0.000920704519,-0.00531562363,0.0233174299,0.00661353647
0.33,0.000882359181,0.0244767475,-0.00846704184,-0.00640703094,-0.000910603984,-0.00533956523,0.022853769,0.00649233136
0.331,0.000876168841,0.0241131923,-0.00827696697,-0.00627140451,-0.000900538399,-0.00536191535,0.0224010881,0.00637381337
0.332,0.000869969249,0.0237563829,-0.0080919027,-0.0061390777,-0.000890405841,-0.00538274513,0.021959176,0.00625784316
0.333,0.000863819136,0.0234061429,-0.00791169581,-0.00600998041,-0.000880167258,-0.00540215264,0.0215278002,0.00614427342
0.334,0.000857704833,0.0230622999,-0.00773623655,-0.00588404406,-0.000869885315,-0.00542022527,0.0211066765,0.00603300382
0.335,0.00085159845,0.0227246939,-0.00756542794,-0.00576119508,-0.000859634816,-0.00543703525,0.0206955169,0.00592395146
0.336,0.000845472067,0.0223931691,-0.00739917532,-0.00564136157,-0.000849492067,-0.00545264052,0.0202940399,0.00581705349
0.337,0.000839288463,0.0220675796,-0.00723739397,-0.00552446758,-0.000839535822,-0.00546708488,0.0199019625,0.00571226262
0.338,0.000833012566,0.0217477851,-0.00708000046,-0.00541043641,-0.00082984499,-0.00548039662,0.0195190057,0.00560955307
0.339,0.000826598268,0.0214336555,-0.00692692233,-0.00529918841,-0.000820499199,-0.00549259006,0.0191448854,0.00550891503
0.34,0.00082001161,0.0211250705,-0.00677808162,-0.00519064108,-0.000811563855,-0.0055036609,0.018779328,0.00541035644
0.341,0.000813264322,0.0208219176,-0.00663337358,-0.00508471495,-0.000803029226,-0.00551359428,0.0184221073,0.00531386835
0.342,0.000806399919,0.0205240772,-0.0064926634,-0.00498133618,-0.000794851661,-0.00552238937,0.0180730317,0.00521942597
0.343,0.000799453081,0.0202314283,-0.00635582052,-0.00488043594,-0.000786987015,-0.00553004917,0.0177319097,0.00512700144
0.344,0.000792468992,0.0199438493,-0.00622270696,-0.00478194829,-0.000779386113,-0.00553658714,0.0173985599,0.00503655783
0.345,0.000785482938,0.0196612179,-0.00609319466,-0.00468581613,-0.0007720014,-0.00554202111,0.0170728029,0.00494805142
0.346,0.000778538507,0.0193834138,-0.00596715073,-0.00459198307,-0.000764783621,-0.00554637795,0.0167544699,0.00486142983
0.347,0.000771669233,0.0191103139,-0.00584445261,-0.00450040321,-0.000757687268,-0.00554969026,0.0164433948,0.00477663341
0.348,0.000764897434,0.0188417959,-0.00572498557,-0.00441102571,-0.000750691137,-0.00555200039,0.016139401,0.00469360725
0.349,0.000758219584,0.0185777384,-0.0056086567,-0.00432380558,-0.000743795866,-0.00555334813,0.0158422978,0.00461230829
0.35,0.000751633408,0.0183180296,-0.00549537331,-0.00423869145,-0.000737006498,-0.00555377184,0.0155518986,0.00453269615
0.351,0.00074512789,0.01806256,-0.00538505356,-0.00415563961,-0.000730329295,-0.00555330548,0.0152680206,0.00445473495
0.352,0.000738692073,0.0178112305,-0.00527761678,-0.00407459893,-0.000723775481,-0.00555198063,0.0149904822,0.00437839163
0.353,0.000732309743,0.0175639442,-0.0051729914,-0.0039955239,-0.000717354813,-0.00554982388,0.0147191069,0.00430363989
0.354,0.00072596317,0.0173206145,-0.00507110703,-0.00391836191,-0.000711081376,-0.00554685962,0.0144537198,0.00423045579
0.355,0.000719641607,0.01708116,-0.00497189512,-0.0038430634,-0.000704953553,-0.00554310435,0.01419416,0.00415881903
0.356,0.000713343068,0.0168455069,-0.00487528067,-0.00376957652,-0.000698958779,-0.00553857529,0.0139402801,0.00408869937
0.357,0.0007070707,0.0166135812,-0.004781193,-0.00369784824,-0.000693078439,-0.0055332886,0.0136919407,0.00402007026
0.358,0.000700824314,0.0163853111,-0.00468956196,-0.00362782695,-0.000687295492,-0.00552726459,0.0134490061,0.00395289888
0.359,0.000694611397,0.0161606281,-0.00460032007,-0.00355945378,-0.00068158807,-0.00552052223,0.0132113485,0.00388715646
0.36,0.000688434281,0.0159394615,-0.00451340088,-0.00349267886,-0.000675933982,-0.00551308551,0.0129788442,0.00382280654
0.361,0.000682306753,0.0157217506,-0.0044287399,-0.0034274378,-0.000670308522,-0.0055049775,0.0127513763,0.00375981542
0.362,0.00067623275,0.0155074248,-0.00434627992,-0.0033636869,-0.000664691485,-0.00549622647,0.0125288257,0.0036981404
0.363,0.000670229405,0.0152964302,-0.00426596223,-0.00330135906,-0.000659067376,-0.00548686371,0.0123110747,0.00363774196
0.364,0.000664300147,0.015088696,-0.00418773509,-0.00324042135,-0.000653424774,-0.00547691818,0.0120980046,0.00357857425
0.365,0.000658444237,0.0148841464,-0.00411154832,-0.00318084888,-0.000647750782,-0.00546642339,0.0118895048,0.00352059683
0.366,0.000652669468,0.0146827143,-0.00403734624,-0.0031226093,-0.000642029714,-0.0054554148,0.011685472,0.00346376096
0.367,0.000646984389,0.0144843281,-0.00396507092,-0.00306568175,-0.000636251969,-0.00544393019,0.0114858038,0.00340801992
0.368,0.000641398057,0.0142889217,-0.00389466484,-0.00301003866,-0.000630403706,-0.00543200956,0.0112904065,0.00335332282
0.369,0.000635903905,0.014096426,-0.0038260744,-0.00295566528,-0.00062450298,-0.00541969048,0.0110991751,0.00329962528
0.37,0.000630470921,0.0139067819,-0.00375926275,-0.00290253806,-0.000618583472,-0.00540699982,0.0109119992,0.00324689736
0.371,0.000625073233,0.0137199302,-0.00369418712,-0.00285063741,-0.000612685185,-0.0053939571,0.0107287649,0.00319511678
0.372,0.000619674482,0.0135358165,-0.00363081161,-0.00279993508,-0.000606845011,-0.00538057562,0.0105493616,0.00314427401
0.373,0.000614244654,0.0133543881,-0.00356909571,-0.00275040187,-0.000601102634,-0.0053668612,0.0103736766,0.00309436732
0.374,0.00060874264,0.013175599,-0.00350901089,-0.00270200318,-0.000595497692,-0.00535281142,0.0102015954,0.00304540614
0.375,0.000603139378,0.0129994094,-0.00345052571,-0.00265469973,-0.000590061649,-0.00533841566,0.0100330069,0.00299740569
0.376,0.000597442932,0.012825785,-0.00339359528,-0.00260844629,-0.000584775624,-0.00532366192,0.00986782461,0.00295037459
0.377,0.000591692444,0.0126546857,-0.00333815665,-0.00256320114,-0.000579594361,-0.00530855244,0.00970598315,0.00290430184
0.378,0.000585923044,0.0124860695,-0.00328414969,-0.00251892839,-0.000574474046,-0.00529309441,0.00954741907,0.00285917136
0.379,0.000580179217,0.0123198905,-0.00323150791,-0.00247559606,-0.000569365858,-0.0052773064,0.0093920796,0.00281495337
0.38,0.000574503054,0.0121560991,-0.00318016525,-0.00243318035,-0.000564223719,-0.005261213,0.00923991502,0.0027716107
0.381,0.000568943108,0.0119946429,-0.00313005303,-0.00239166113,-0.000558998269,-0.00524484913,0.00909088574,0.00272909329
0.382,0.000563525654,0.0118354628,-0.0030811146,-0.00235103069,-0.000553668289,-0.0052282551,0.00894494049,0.00268734822
0.383,0.000558227663,0.0116785018,-0.00303332323,-0.00231128492,-0.000548263573,-0.00521146757,0.00880200209,0.00264633638
0.384,0.000553012097,0.0115237098,-0.00298666361,-0.00227241692,-0.000542827895,-0.00519450831,0.00866198379,0.0026060355
0.385,0.000547839462,0.0113710421,-0.0029411255,-0.0022344155,-0.000537404279,-0.00517739451,0.00852480066,0.00256642879
0.386,0.00054266503,0.0112204595,-0.00289670455,-0.00219726461,-0.00053204125,-0.00516012991,0.00839036209,0.00252751473
0.387,0.00053744105,0.0110719295,-0.00285340221,-0.00216094277,-0.000526785324,-0.00514271258,0.00825857629,0.0024892998
0.388,0.000532120003,0.0109254271,-0.00281122289,-0.00212542197,-0.000521681498,-0.00512512752,0.00812934938,0.00245180424
0.389,0.000526698323,0.010780937,-0.0027701506,-0.00209066407,-0.000516723906,-0.00510735603,0.00800261587,0.00241504088
0.39,0.000521206793,0.0106384393,-0.00273014722,-0.00205663292,-0.000511876603,-0.0050893889,0.00787833291,0.00237900601
0.391,0.000515679143,0.0104979119,-0.00269117252,-0.00202329668,-0.000507098548,-0.00507122472,0.00775646233,0.00234368833
0.392,0.0005101557,0.0103593275,-0.00265318046,-0.00199062911,-0.000502346778,-0.00505287084,0.00763697188,0.00230906611
0.393,0.000504679395,0.0102226562,-0.00261612239,-0.0019586105,-0.000497575476,-0.00503434245,0.00751983461,0.00227510826
0.394,0.000499298555,0.0100878614,-0.00257994397,-0.0019272273,-0.000492738448,-0.00501566404,0.00740503056,0.0022417721
0.395,0.000494037575,0.00995489863,-0.00254460149,-0.00189647751,-0.000487816467,-0.00499686825,0.00729252769,0.0022090133
0.396,0.000488873009,0.0098237211,-0.00251007918,-0.00186636529,-0.000482839258,-0.00497798465,0.00718226766,0.00217680267
0.397,0.000483770141,0.00969428989,-0.00247637128,-0.00183689068,-0.000477845412,-0.00495902977,0.00707418372,0.00214512508
0.398,0.000478691345,0.00956656942,-0.00244347626,-0.00180805106,-0.000472875157,-0.00494001515,0.00696820922,0.00211397089
0.399,0.000473593263,0.00944053153,-0.00241139941,-0.00177983808,-0.000467972806,-0.00492093977,0.00686427126,0.00208334408
0.4,0.000468430088,0.0093161524,-0.00238015035,-0.00175223926,-0.000463182547,-0.00490179719,0.00676229581,0.00205325626
0.401,0.00046316357,0.00919341769,-0.0023497372,-0.00172523324,-0.000458537698,-0.0048825688,0.00666221163,0.00202372917
0.402,0.000457806776,0.00907231919,-0.00232013847,-0.00169878785,-0.000454017239,-0.004863237,0.00656398088,0.00199477309
0.403,0.000452392857,0.00895284245,-0.00229131713,-0.00167287487,-0.000449583703,-0.00484379546,0.0064675793,0.00196638346
0.404,0.000446957915,0.00883497046,-0.00226323412,-0.00164746872,-0.000445197174,-0.00482424362,0.00637298633,0.00193855063
0.405,0.000441544571,0.00871868002,-0.00223584352,-0.00162255071,-0.000440814549,-0.0048045916,0.00628018779,0.00191125209
0.406,0.000436197425,0.00860394474,-0.00220909754,-0.00159810672,-0.000436392239,-0.00478485562,0.00618917383,0.00188445828
0.407,0.0004309609,0.00849072992,-0.00218294535,-0.00157413101,-0.000431891152,-0.00476506308,0.00609993696,0.00185812825
0.408,0.000425834136,0.00837899132,-0.00215736158,-0.00155063008,-0.000427319786,-0.00474524518,0.00601244261,0.00183222974
0.409,0.000420788991,0.00826868852,-0.00213234003,-0.00152760919,-0.000422710871,-0.00472542341,0.00592663974,0.00180674597
0.41,0.000415793006,0.00815978537,-0.00210787994,-0.00150507099,-0.000418100791,-0.0047056132,0.00584247541,0.00178166672
0.411,0.000410807184,0.00805225266,-0.00208398937,-0.00148301239,-0.000413529517,-0.00468581961,0.00575989224,0.00175699263
0.412,0.000405789487,0.00794606737,-0.0020606838,-0.00146142632,-0.000409039369,-0.00466603966,0.00567882794,0.00173273186
0.413,0.000400695726,0.00784121528,-0.00203798438,-0.00144029895,-0.000404670533,-0.00464625945,0.00559921848,0.0017089031
0.414,0.000395520368,0.00773769385,-0.00201589164,-0.00141960381,-0.000400423139,-0.00462645889,0.00552102485,0.00168552005
0.415,0.00039028831,0.00763549946,-0.00199438517,-0.00139931385,-0.000396269275,-0.0046066253,0.00544422894,0.00166258141
0.416,0.000385029464,0.00753462505,-0.00197343989,-0.00137940494,-0.00039217762,-0.00458675207,0.00536881621,0.00164008004
0.417,0.000379779608,0.00743505891,-0.00195302451,-0.00135985845,-0.000388112791,-0.00456684065,0.00529477742,0.00161799979
0.418,0.000374578192,0.00733678578,-0.00193310377,-0.00134066091,-0.000384037753,-0.00454689901,0.00522210796,0.00159631646
0.419,0.000369466921,0.00723978377,-0.00191363813,-0.00132180603,-0.000379916711,-0.00452694381,0.00515080602,0.00157499668
0.42,0.000364452584,0.00714401999,-0.00189460759,-0.0013033013,-0.000375750267,-0.00450699878,0.00508084903,0.00155401174
0.421,0.000359512476,0.00704946207,-0.00187601163,-0.00128515609,-0.000371565539,-0.00448708088,0.00501219605,0.00153334839
0.422,0.000354619275,0.0069560807,-0.00185785294,-0.00126737757,-0.000367391672,-0.00446720254,0.00494480541,0.00151299967
0.423,0.00034973974,0.00686385132,-0.00184013979,-0.00124996825,-0.000363261366,-0.0044473684,0.00487863186,0.00149296776
0.424,0.000344837186,0.00677275354,-0.00182288488,-0.00123292668,-0.000359208324,-0.00442757738,0.00481362757,0.00147326257
0.425,0.000339873254,0.00668277436,-0.00180610531,-0.00121624488,-0.000355264309,-0.00440781977,0.004749744,0.00145390244
0.426,0.000334844442,0.00659391267,-0.00178979871,-0.0011999018,-0.000351424663,-0.00438807949,0.00468695464,0.00143490019
0.427,0.00032977254,0.00650616651,-0.0017739453,-0.00118387561,-0.000347662226,-0.0043683475,0.00462525012,0.00141625401
0.428,0.000324683551,0.00641953125,-0.00175852179,-0.0011681463,-0.000343947855,-0.00434861938,0.0045646235,0.00139795768
0.429,0.000319609091,0.00633399748,-0.00174349925,-0.00115269872,-0.000340248784,-0.00432889879,0.00450507303,0.00137999581
0.43,0.000314583999,0.00624955278,-0.00172884533,-0.00113752135,-0.000336532123,-0.00430919436,0.00444659965,0.00136234642
0.431,0.000309642061,0.00616617731,-0.00171452601,-0.00112261019,-0.000332769318,-0.00428952346,0.00438920447,0.00134498019
0.432,0.000304781548,0.00608384052,-0.00170052925,-0.00110797353,-0.000328969841,-0.00426990737,0.00433286442,0.00132787555
0.433,0.000299981915,0.00600251432,-0.00168685739,-0.00109361905,-0.000325159124,-0.00425035979,0.00427754423,0.00131102422
0.434,0.000295219362,0.00592217354,-0.00167351627,-0.00107955301,-0.000321364919,-0.00423089072,0.00422320744,0.00129442121
0.435,0.000290464703,0.00584279794,-0.00166051758,-0.00106577685,-0.000317618511,-0.00421150192,0.0041698132,0.00127807164
0.436,0.000285686082,0.00576437059,-0.00164787641,-0.00105228888,-0.000313951066,-0.00419219081,0.00411731927,0.00126198613
0.437,0.000280858297,0.00568688351,-0.00163560569,-0.0010390786,-0.000310384636,-0.00417294558,0.00406568774,0.00124618133
0.438,0.000275990584,0.00561033819,-0.00162369605,-0.00102612566,-0.000306905171,-0.00415375344,0.00401490622,0.00123066306
0.439,0.000271104242,0.00553473268,-0.00161212823,-0.00101341151,-0.000303490747,-0.00413460789,0.00396496956,0.00121542727
0.44,0.000266223539,0.00546006297,-0.00160088029,-0.00100091959,-0.000300116097,-0.00411550606,0.00391587538,0.00120046695
0.441,0.000261377779,0.00538632116,-0.00158992579,-0.000988637931,-0.000296753913,-0.00409645172,0.00386762541,0.00118576565
0.442,0.000256598243,0.00531349677,-0.00157923647,-0.000976558693,-0.000293376327,-0.00407745254,0.00382022314,0.00117130242
0.443,0.000251900422,0.00524156926,-0.0015687937,-0.000964685179,-0.000289973467,-0.00405852448,0.00377366213,0.00115705418
0.444,0.000247271359,0.00517051351,-0.00155859891,-0.000953026921,-0.000286563137,-0.00403968088,0.00372791624,0.00114301163
0.445,0.000242691441,0.00510030789,-0.00154865966,-0.000941591947,-0.000283165631,-0.00402093081,0.00368295749,0.00112917057
0.446,0.000238137265,0.00503093405,-0.00153898715,-0.00093038553,-0.000279805001,-0.00400227816,0.00363875479,0.00111553259
0.447,0.000233581033,0.00496237723,-0.0015295974,-0.000919409853,-0.000276505412,-0.00398372222,0.00359527565,0.0011021059
0.448,0.000228995221,0.00489462827,-0.0015205079,-0.000908661727,-0.000273289885,-0.00396525628,0.00355248743,0.00108890365
0.449,0.000224376115,0.00482768924,-0.00151172045,-0.000898127202,-0.000270154126,-0.00394686759,0.00351037522,0.00107593432
0.45,0.000219738255,0.00476156238,-0.0015032228,-0.00088779074,-0.000267079505,-0.00392854843,0.00346893565,0.00106319414
0.451,0.000215099172,0.00469624756,-0.00149499936,-0.000877638562,-0.000264045567,-0.0039102939,0.00342816693,0.00105067799
0.452,0.00021048159,0.00463174061,-0.00148702852,-0.000867659479,-0.000261029295,-0.00389210591,0.00338807154,0.00103837283
0.453,0.000205911362,0.00456803424,-0.00147928486,-0.000857845222,-0.00025800806,-0.00387398962,0.00334865308,0.00102626242
0.454,0.000201406925,0.00450511311,-0.00147174739,-0.000848195137,-0.000254968822,-0.00385595779,0.00330990985,0.00101432696
0.455,0.000196963027,0.00444295414,-0.00146441275,-0.000838716529,-0.000251924917,-0.00383802354,0.00327182122,0.00100255796
0.456,0.000192565955,0.00438153704,-0.0014572851,-0.000829415646,-0.00024889349,-0.00382019591,0.00323436329,0.000990953049
0.457,0.000188200337,0.00432084345,-0.00145037054,-0.00082029699,-0.000245894763,-0.00380248027,0.00319751029,0.000979513424
0.458,0.000183845493,0.00426085818,-0.00144368022,-0.000811362701,-0.00024294941,-0.00378487743,0.00316123455,0.000968246708
0.459,0.000179481525,0.00420156976,-0.00143722566,-0.000802610412,-0.000240077095,-0.00376738356,0.00312550873,0.000957163874
0.46,0.000175104715,0.00414297743,-0.00143100657,-0.000794029274,-0.000237276278,-0.00374998909,0.00309032071,0.000946272735
0.461,0.000170727388,0.00408508198,-0.00142501061,-0.000785605815,-0.000234532304,-0.00373268796,0.00305566949,0.000935570181
0.462,0.00016636335,0.00402788294,-0.00141922441,-0.000777328948,-0.000231829045,-0.00371547532,0.00302155437,0.000925051615
0.463,0.00016203069,0.00397137792,-0.00141363171,-0.000769189395,-0.000229147735,-0.00369835099,0.00298797774,0.000914705657
0.464,0.000157749147,0.00391556231,-0.00140821393,-0.000761181435,-0.000226469732,-0.00368131746,0.00295494286,0.000904518316
0.465,0.000153530897,0.00386042443,-0.00140295847,-0.000753305489,-0.000223785903,-0.00366438363,0.00292244709,0.000894473756
0.466,0.000149369921,0.00380594584,-0.00139786661,-0.000745568539,-0.000221107189,-0.00364755859,0.00289047296,0.000884566059
0.467,0.000145253998,0.0037521107,-0.00139294561,-0.00073797617,-0.000218447082,-0.00363084854,0.00285900078,0.00087479346
0.468,0.000141169352,0.00369890467,-0.00138820388,-0.000730532755,-0.00021582116,-0.00361425689,0.00282800963,0.000865157801
0.469,0.000137097936,0.00364631622,-0.0013836543,-0.000723240455,-0.000213245794,-0.00359778366,0.00279747709,0.000855665511
0.47,0.000133024479,0.00359433792,-0.00137930792,-0.000716097146,-0.000210734165,-0.00358142483,0.0027673831,0.000846325474
0.471,0.000128948145,0.00354297161,-0.00137516362,-0.000709093525,-0.000208281561,-0.00356517134,0.00273771993,0.000837141024
0.472,0.000124878461,0.00349221852,-0.00137121137,-0.000702219371,-0.000205875944,-0.00354901766,0.00270848646,0.000828108383
0.473,0.000120825609,0.00344207889,-0.00136744023,-0.000695466052,-0.000203505355,-0.00353295927,0.00267968139,0.00081922281
0.474,0.000116804268,0.00339255085,-0.0013638354,-0.000688826005,-0.00020115542,-0.00351699557,0.00265130645,0.00081047439
0.475,0.00011282912,0.00334363022,-0.00136038145,-0.000682295114,-0.00019881399,-0.00350112792,0.00262336213,0.000801851332
0.476,0.000108905613,0.00329530479,-0.00135707233,-0.000675875066,-0.000196479743,-0.00348536406,0.00259584088,0.000793344242
0.477,0.000105027871,0.00324755998,-0.00135391203,-0.000669570708,-0.0001941633,-0.00346971026,0.00256872604,0.000784951751
0.478,0.000101188045,0.00320038266,-0.00135090708,-0.000663385319,-0.000191874247,-0.00345417176,0.00254200164,0.000776674087
0.479,9.73756058e-05,0.00315376135,-0.00134806601,-0.000657321473,-0.000189625265,-0.00343875074,0.00251564968,0.000768515167
0.48,9.35781206e-05,0.00310768634,-0.00134539976,-0.000651379399,-0.000187426594,-0.00342344749,0.00248965271,0.00076048179
0.481,8.9788651e-05,0.00306215412,-0.00134291261,-0.000645554733,-0.000185282605,-0.00340825762,0.00246399941,0.000752579739
0.482,8.60103212e-05,0.00301716568,-0.00134059891,-0.000639839298,-0.000183183816,-0.00339317576,0.00243868965,0.000744808959
0.483,8.22497178e-05,0.00297272083,-0.0013384492,-0.000634225222,-0.000181120518,-0.00337819875,0.00241372447,0.000737165992
0.484,7.85151751e-05,0.00292881808,-0.0013364533,-0.000628705539,-0.000179079384,-0.00336332482,0.00238910659,0.000729645954
0.485,7.48176739e-05,0.00288545484,-0.0013345985,-0.000623274158,-0.000177048179,-0.00334855525,0.00236483954,0.000722239617
0.486,7.11666887e-05,0.002842624,-0.00133287502,-0.000617928277,-0.000175016549,-0.00333389407,0.00234092465,0.000714938183
0.487,6.75651936e-05,0.00280031295,-0.00133128009,-0.000612667528,-0.000172985329,-0.00331934948,0.00231735511,0.000707734615
0.488,6.4014299e-05,0.00275850885,-0.00132981305,-0.000607492489,-0.000170955953,-0.00330492759,0.00229412357,0.000700625305
0.489,6.05145452e-05,0.00271719937,-0.0013284729,-0.000602403211,-0.000168933213,-0.00329063563,0.00227122162,0.000693604584
0.49,5.70662014e-05,0.00267637239,-0.00132725924,-0.000597400573,-0.000166921768,-0.00327647806,0.00224864145,0.000686670241
0.491,5.36672436e-05,0.00263601741,-0.00132617205,-0.000592485836,-0.000164930315,-0.00326245907,0.00222637272,0.000679817937
0.492,5.0313377e-05,0.0025961265,-0.00132521053,-0.000587664308,-0.000162967275,-0.0032485763,0.00220440585,0.000673046275
0.493,4.69969338e-05,0.00255669349,-0.00132437641,-0.000582940405,-0.00016104528,-0.00323482654,0.00218272681,0.000666352805
0.494,4.37104671e-05,0.00251771301,-0.001323672,-0.000578318698,-0.000159174892,-0.00322120238,0.00216132348,0.000659741348
0.495,4.04420283e-05,0.00247918046,-0.00132310294,-0.000573801868,-0.000157370891,-0.00320769596,0.00214017812,0.000653214975
0.496,3.71845083e-05,0.00244109329,-0.00132267324,-0.000569389649,-0.000155640124,-0.00319429545,0.00211927882,0.000646783677
0.497,3.39391355e-05,0.002403452,-0.00132238581,-0.000565072113,-0.000153981114,-0.00318099282,0.00209861483,0.000640450484
0.498,3.07174303e-05,0.00236625647,-0.00132223583,-0.000560839977,-0.000152381496,-0.00316778211,0.00207818566,0.000634220165
0.499,2.7526127e-05,0.00232950525,-0.00132222197,-0.000556685509,-0.000150833078,-0.00315466136,0.00205798502,0.000628089404
0.5,2.43814595e-05,0.00229319655,-0.00132233447,-0.000552602742,-0.000149318361,-0.00314163023,0.002038017,0.000622058652
0.501,2.12897918e-05,0.00225732584,-0.00132256969,-0.000548589893,-0.00014782856,-0.00312869277,0.00201827732,0.000616118596
0.502,1.82592044e-05,0.00222188692,-0.00132291765,-0.000544648174,-0.000146358476,-0.00311585054,0.00199876649,0.000610272693
0.503,1.52813381e-05,0.00218687185,-0.00132338183,-0.000540781975,-0.000144913661,-0.0031031044,0.00197947378,0.000604517835
0.504,1.23601265e-05,0.00215227537,-0.00132395517,-0.000536990225,-0.000143493143,-0.0030904525,0.00196039712,0.000598861473
0.505,9.48279122e-06,0.00211809024,-0.0013246466,-0.000533276551,-0.000142102841,-0.00307789306,0.0019415245,0.000593301553
0.506,6.65333787e-06,0.00208431368,-0.00132545042,-0.000529635643,-0.000140741679,-0.00306542172,0.00192285328,0.000587845661
0.507,3.86212702e-06,0.00205093974,-0.00132637403,-0.000526071326,-0.000139402632,-0.00305303862,0.00190437883,0.000582481937
0.508,1.12148468e-06,0.00201796732,-0.00132740386,-0.000522576078,-0.000138075092,-0.00304074524,0.00188610511,0.000577203569
0.509,-1.57328242e-06,0.00198538957,-0.00132854336,-0.000519154964,-0.000136748909,-0.00302854564,0.00186803081,0.000571992798
0.51,-4.20576587e-06,0.00195320516,-0.00132977414,-0.000515799752,-0.000135417195,-0.00301644553,0.00185016032,0.000566836216
0.511,-6.77916465e-06,0.00192140367,-0.00133109965,-0.000512518453,-0.000134075774,-0.00300445163,0.00183249022,0.000561717555
0.512,-9.29115005e-06,0.00188997771,-0.00133251401,-0.000509309361,-0.000132745988,-0.00299256872,0.00181500663,0.000556637551
0.513,-1.17603587e-05,0.00185891475,-0.00133403772,-0.000506182485,-0.000131445082,-0.00298079321,0.0017976894,0.000551607337
0.514,-1.41960679e-05,0.00182820932,-0.00133567451,-0.000503136238,-0.000130198881,-0.00296912351,0.00178052067,0.000546638015
0.515,-1.66191742e-05,0.00179785404,-0.00133744966,-0.000500172177,-0.000129021937,-0.00295754674,0.00176347959,0.000541755459
0.516,-1.90413912e-05,0.00176784824,-0.00133936768,-0.000497285029,-0.000127925885,-0.00294605565,0.00174655525,0.000536971166
0.517,-2.14547375e-05,0.00173820192,-0.00134143321,-0.000494451763,-0.000126885072,-0.00293463563,0.00172975303,0.000532296279
0.518,-2.38507123e-05,0.00170891398,-0.00134363219,-0.000491667651,-0.000125880621,-0.00292328913,0.00171308354,0.000527711751
0.519,-2.61980671e-05,0.00168000099,-0.00134595168,-0.000488896232,-0.000124881389,-0.00291200958,0.00169655784,0.000523218052
0.52,-2.84890296e-05,0.00165144835,-0.00134837704,-0.000486153932,-0.000123872516,-0.00290080482,0.00168018293,0.000518778146
0.521,-3.07175645e-05,0.00162324816,-0.00135090574,-0.000483442717,-0.000122844924,-0.00288968032,0.00166395847,0.000514390769
0.522,-3.28928749e-05,0.00159538069,-0.00135353836,-0.000480779733,-0.000121814933,-0.00287864441,0.00164787416,0.000510040857
0.523,-3.50279393e-05,0.00156783292,-0.00135628354,-0.000478179344,-0.00012080496,-0.00286769557,0.00163190855,0.000505744971
0.524,-3.71412161e-05,0.00154059354,-0.00135915277,-0.000475648232,-0.000119829518,-0.00285683413,0.00161605078,0.000501503533
0.525,-3.92467427e-05,0.00151365252,-0.0013621547,-0.00047319949,-0.000118914361,-0.00284605166,0.00160027647,0.000497336952
0.526,-4.13590265e-05,0.00148701208,-0.00136530055,-0.000470824297,-0.000118052057,-0.0028353399,0.0015845849,0.000493248142
0.527,-4.34649398e-05,0.00146067278,-0.00136857678,-0.000468521295,-0.000117232525,-0.00282469294,0.00156897501,0.000489230947
0.528,-4.55655592e-05,0.00143464056,-0.00137198401,-0.000466276012,-0.000116433256,-0.0028141076,0.00155345536,0.000485275129
0.529,-4.76380364e-05,0.00140891339,-0.00137549999,-0.000464086127,-0.000115641108,-0.00280358542,0.00153803109,0.000481362187
0.53,-4.96800933e-05,0.00138349291,-0.00137912136,-0.000461942028,-0.000114840017,-0.00279312858,0.00152270804,0.000477477649
0.531,-5.16770013e-05,0.00135836712,-0.00138283496,-0.000459850338,-0.00011403838,-0.0027827451,0.00150748041,0.00047361042
0.532,-5.36447164e-05,0.00133352813,-0.00138665442,-0.000457814752,-0.000113253418,-0.00277243341,0.00149233144,0.000469770339
0.533,-5.55796608e-05,0.00130896453,-0.00139057774,-0.000455841588,-0.000112499572,-0.00276219606,0.00147725093,0.000465960011
0.534,-5.75013696e-05,0.00128466925,-0.00139462112,-0.000453935263,-0.000111796734,-0.00275202512,0.00146221832,0.000462197701
0.535,-5.9410068e-05,0.00126063693,-0.00139878526,-0.000452095509,-0.000111149441,-0.00274191633,0.00144722736,0.000458490982
0.536,-6.13118111e-05,0.00123686944,-0.00140307084,-0.000450316924,-0.000110552023,-0.00273185821,0.00143227426,0.000454844091
0.537,-6.31940171e-05,0.00121336824,-0.00140746507,-0.000448590399,-0.000109984517,-0.00272184978,0.00141736933,0.000451246066
0.538,-6.50533786e-05,0.00119013316,-0.00141196039,-0.000446911253,-0.000109436941,-0.00271188532,0.00140251219,0.00044769098
0.539,-6.68748084e-05,0.00116716455,-0.00141654286,-0.000445271889,-0.000108888435,-0.00270196857,0.0013877132,0.000444162484
0.54,-6.86551457e-05,0.00114445496,-0.00142120646,-0.000443674672,-0.000108341585,-0.00269210065,0.00137296597,0.000440654364
0.541,-7.03946372e-05,0.00112199574,-0.00142595139,-0.000442122195,-0.000107802308,-0.00268228543,0.00135826322,0.000437167034
0.542,-7.21003173e-05,0.0010997759,-0.00143078084,-0.000440621199,-0.000107287246,-0.00267252062,0.00134358974,0.000433707644
0.543,-7.37791746e-05,0.00107778828,-0.00143569969,-0.000439174201,-0.000106804997,-0.00266280466,0.00132893583,0.000430283988
0.544,-7.5440376e-05,0.00105602451,-0.0014407132,-0.000437785145,-0.000106369535,-0.00265313079,0.00131428825,0.000426907363
0.545,-7.70855972e-05,0.0010344854,-0.00144582098,-0.000436449335,-0.000105972434,-0.00264349159,0.00129964576,0.000423580187
0.546,-7.87106339e-05,0.00101317009,-0.00145101702,-0.000435162716,-0.000105604601,-0.00263388163,0.00128500915,0.000420297824
0.547,-8.03109577e-05,0.000992079955,-0.0014562951,-0.000433919493,-0.000105252211,-0.0026242968,0.0012703815,0.000417053914
0.548,-8.18790636e-05,0.000971213117,-0.00146164588,-0.000432715737,-0.000104905221,-0.00261473608,0.00125576609,0.000413838098
0.549,-8.34106582e-05,0.000950566666,-0.00146706337,-0.000431549675,-0.00010455715,-0.00260520042,0.00124116284,0.000410642729
0.55,-8.49061109e-05,0.000930131715,-0.00147254855,-0.000430424481,-0.000104216047,-0.00259569319,0.00122656451,0.000407467795
0.551,-8.63697242e-05,0.00090990123,-0.00147810548,-0.000429343099,-0.000103889894,-0.00258621409,0.00121196172,0.000404317988
0.552,-8.78050916e-05,0.000889867443,-0.00148373952,-0.000428308372,-0.000103587962,-0.00257676318,0.00119734457,0.000401198795
0.553,-8.9218169e-05,0.000870024611,-0.00148945648,-0.000427322275,-0.000103317567,-0.00256733616,0.00118270218,0.000398118519
0.554,-9.06104577e-05,0.000850370422,-0.00149525584,-0.000426382361,-0.000103077265,-0.0025579271,0.00116803083,0.000395079156
0.555,-9.19805462e-05,0.000830904505,-0.00150113092,-0.000425484682,-0.000102859358,-0.00254852858,0.00115333021,0.000392077136
0.556,-9.3325081e-05,0.000811625845,-0.00150707473,-0.000424625405,-0.000102655933,-0.00253913547,0.00113860018,0.00038910739
0.557,-9.4639478e-05,0.000792533252,-0.00151307843,-0.000423801496,-0.000102458114,-0.00252974265,0.00112384053,0.000386162705
0.558,-9.59193941e-05,0.000773623329,-0.00151913617,-0.000423012043,-0.000102261198,-0.0025203487,0.00110904873,0.000383236823
0.559,-9.71643417e-05,0.000754888987,-0.00152524683,-0.000422259536,-0.000102067785,-0.00251095379,0.00109421726,0.000380328506
0.56,-9.83759391e-05,0.000736323146,-0.00153141184,-0.000421546766,-0.00010188284,-0.00250155775,0.00107933751,0.000377439319
0.561,-9.95569568e-05,0.000717918555,-0.0015376314,-0.000420876149,-0.000101711189,-0.00249215927,0.00106440226,0.000374570931
0.562,-0.000100711294,0.000699668866,-0.00154390709,-0.000420249544,-0.000101558229,-0.00248275614,0.00104940487,0.000371727017
0.563,-0.000101840061,0.000681571111,-0.00155023598,-0.000419666026,-0.00010142242,-0.00247334213,0.00103434231,0.000368908527
0.564,-0.000102941757,0.000663624084,-0.00155661366,-0.000419124227,-0.000101299491,-0.00246391088,0.00101921268,0.000366114098
0.565,-0.000104014809,0.0006458263,-0.00156303498,-0.000418622476,-0.000101184284,-0.00245445623,0.00100401506,0.000363341545
0.566,-0.000105057011,0.000628176274,-0.00156949452,-0.000418159753,-0.000101071886,-0.00244497334,0.000988747982,0.000360587767
0.567,-0.000106068031,0.000610670505,-0.00157598811,-0.000417735874,-0.000100958778,-0.00243546009,0.000973409574,0.000357849884
0.568,-0.00010704968,0.000593303275,-0.00158251545,-0.000417352047,-0.000100845518,-0.00242591848,0.000957996215,0.000355126638
0.569,-0.000108004997,0.000576068857,-0.00158907707,-0.000417008703,-0.000100733199,-0.00241635002,0.000942504059,0.000352417736
0.57,-0.000108935919,0.000558962135,-0.00159567427,-0.000416706109,-0.000100622836,-0.00240675649,0.000926928328,0.00034972338
0.571,-0.000109844901,0.000541978486,-0.00160230782,-0.000416443551,-0.000100515681,-0.00239713771,0.000911264257,0.000347044412
0.572,-0.000110732159,0.000525115578,-0.00160897332,-0.000416218621,-0.000100412307,-0.00238748796,0.000895507304,0.000344381118
0.573,-0.000111597593,0.00050837095,-0.00161566383,-0.000416029064,-0.000100312435,-0.00237779913,0.000879653015,0.000341733549
0.574,-0.000112440299,0.000491742241,-0.00162237191,-0.000415872805,-0.000100215276,-0.00236806295,0.000863696605,0.000339101875
0.575,-0.000113259274,0.000475226452,-0.00162908989,-0.000415748532,-0.000100119464,-0.00235827092,0.000847633612,0.000336486202
0.576,-0.000114053298,0.000458819924,-0.00163581383,-0.000415655875,-0.00010002186,-0.00234841934,0.000831459905,0.000333885779
0.577,-0.000114821369,0.00044251796,-0.00164254278,-0.000415594905,-9.99185956e-05,-0.00233850889,0.000815172513,0.000331298415
0.578,-0.000115562454,0.000426316375,-0.00164927563,-0.000415565053,-9.98066604e-05,-0.00232854097,0.000798769202,0.000328720978
0.579,-0.000116275698,0.00041021061,-0.00165601033,-0.000415565373,-9.96839305e-05,-0.00231851726,0.000782249149,0.000326149412
0.58,-0.000116959671,0.000394197216,-0.00166274373,-0.000415594604,-9.95505684e-05,-0.00230843702,0.000765610581,0.000323580508
0.581,-0.000117611899,0.000378273597,-0.00166947007,-0.000415652154,-9.94100229e-05,-0.00229829291,0.000748849266,0.000321014909
0.582,-0.000118230601,0.000362437417,-0.00167618437,-0.000415738828,-9.92651171e-05,-0.00228807623,0.000731960355,0.000318455063
0.583,-0.000118814586,0.000346686151,-0.00168288207,-0.000415855949,-9.91180792e-05,-0.00227777798,0.000714938788,0.0003159044
0.584,-0.000119364142,0.000331016989,-0.00168955897,-0.000416005831,-9.89688701e-05,-0.00226738975,0.000697779616,0.000313366438
0.585,-0.000119881609,0.000315426222,-0.00169621279,-0.0004161894,-9.88117812e-05,-0.00225691073,0.00068048289,0.000310838789
0.586,-0.000120369161,0.000299910511,-0.00170284119,-0.000416406057,-9.86400143e-05,-0.0022463437,0.000663050347,0.000308315182
0.587,-0.000120828324,0.000284467128,-0.00170944221,-0.000416654491,-9.84471816e-05,-0.00223569224,0.000645483347,0.000305788569
0.588,-0.000121259188,0.000269094196,-0.0017160137,-0.000416932436,-9.82282548e-05,-0.00222496054,0.000627782923,0.000303250809
0.589,-0.00012166124,0.000253789815,-0.00172255065,-0.000417238056,-9.79863615e-05,-0.00221414613,0.000609945493,0.000300699411
0.59,-0.000122034499,0.00023855164,-0.00172904589,-0.000417571087,-9.77288509e-05,-0.00220323985,0.000591963729,0.000298138513
0.591,-0.00012238037,0.000223376957,-0.00173549218,-0.000417932013,-9.74626072e-05,-0.00219223119,0.000573830571,0.000295574395
0.592,-0.000122700839,0.000208263001,-0.00174188233,-0.000418321567,-9.71936343e-05,-0.00218110797,0.0005555393,0.000293015529
0.593,-0.000122997938,0.000193207619,-0.00174821234,-0.000418740139,-9.69198348e-05,-0.00216986269,0.000537087435,0.000290466739
0.594,-0.000123271999,0.000178210475,-0.00175448147,-0.000419185718,-9.66298387e-05,-0.0021584968,0.000518478766,0.000287924227
0.595,-0.000123521584,0.000163271959,-0.0017606886,-0.000419654562,-9.6312837e-05,-0.0021470145,0.00049971919,0.000285380647
0.596,-0.000123744307,0.000148392795,-0.00176683142,-0.000420141743,-9.5958775e-05,-0.00213542144,0.000480816138,0.000282826501
0.597,-0.000123936115,0.000133573425,-0.00177290529,-0.000420642157,-9.55642688e-05,-0.00212372134,0.000461775048,0.000280253685
0.598,-0.000124092733,0.000118812847,-0.00177890302,-0.0004211539,-9.5138761e-05,-0.00211190737,0.00044259329,0.00027766565
0.599,-0.000124211073,0.000104108744,-0.00178481789,-0.000421677655,-9.46918834e-05,-0.00209996883,0.00042326641,0.000275070783
0.6,-0.000124288529,8.94583332e-05,-0.00179064378,-0.000422215513,-9.42322749e-05,-0.00208789366,0.000403788813,0.000272479077
0.601,-0.000124324566,7.48580286e-05,-0.00179637525,-0.000422770747,-9.37630529e-05,-0.00207566984,0.00038415662,0.000269900207
0.602,-0.000124320772,6.03058896e-05,-0.00180200781,-0.000423342738,-9.32719188e-05,-0.00206329602,0.000364376713,0.000267329052
0.603,-0.000124277236,4.58015562e-05,-0.00180753567,-0.000423927921,-9.2744319e-05,-0.00205077646,0.000344459376,0.000264752549
0.604,-0.000124193178,3.13458277e-05,-0.00181295278,-0.000424522171,-9.21667929e-05,-0.00203811702,0.00032441479,0.000262154966
0.605,-0.000124065427,1.69408602e-05,-0.00181825245,-0.000425120251,-9.15310692e-05,-0.00202532529,0.000304251719,0.000259518802
0.606,-0.000123890569,2.58642383e-06,-0.00182342729,-0.000425722343,-9.08478412e-05,-0.00201240053,0.000283967567,0.000256840603
0.607,-0.000123668491,-1.17192507e-05,-0.00182847132,-0.000426332691,-9.01347903e-05,-0.00199933526,0.00026355438,0.00025412764
0.608,-0.000123401707,-2.59783234e-05,-0.00183337916,-0.000426956474,-8.94099686e-05,-0.00198611974,0.000243004575,0.000251390463
0.609,-0.000123096059,-4.01928867e-05,-0.00183814767,-0.00042759994,-8.86893127e-05,-0.00197274141,0.000222311396,0.0002486437
0.61,-0.000122757235,-5.43611696e-05,-0.00184277558,-0.000428264933,-8.79710016e-05,-0.00195919201,0.000201477551,0.000245892364
0.611,-0.000122388193,-6.84776873e-05,-0.00184726183,-0.000428948823,-8.72439799e-05,-0.00194546958,0.000180512412,0.000243132125
0.612,-0.000121989752,-8.25360771e-05,-0.0018516044,-0.000429647071,-8.64961474e-05,-0.0019315744,0.000159427474,0.000240357184
0.613,-0.000121560619,-9.65295534e-05,-0.0018557991,-0.000430353254,-8.571545e-05,-0.0019175095,0.00013823594,0.000237558888
0.614,-0.00012109797,-0.000110452759,-0.0018598394,-0.000431061257,-8.48990127e-05,-0.00190327573,0.000116947582,0.000234734232
0.615,-0.000120598555,-0.000124302241,-0.00186371732,-0.000431766556,-8.40498265e-05,-0.00188886998,9.55691236e-05,0.00023188632
0.616,-0.000120058314,-0.000138074878,-0.00186742442,-0.000432465528,-8.31705999e-05,-0.00187428759,7.41065199e-05,0.000229019406
0.617,-0.000119472638,-0.000151767949,-0.00187095185,-0.000433155871,-8.22633681e-05,-0.00185952247,5.2565128e-05,0.000226138409
0.618,-0.00011883856,-0.000165379207,-0.0018742899,-0.000433836431,-8.13273498e-05,-0.00184456936,3.09521859e-05,0.000223245462
0.619,-0.000118155169,-0.000178906621,-0.0018774282,-0.000434506904,-8.03594413e-05,-0.00182942457,9.27691933e-06,0.000220339077
0.62,-0.00011742282,-0.000192347608,-0.00188035639,-0.000435167266,-7.93569724e-05,-0.00181408495,-1.24511157e-05,0.000217416439
0.621,-0.000116642298,-0.000205698835,-0.00188306477,-0.000435817755,-7.83177828e-05,-0.00179854787,-3.42222e-05,0.000214473925
0.622,-0.000115814389,-0.000218955503,-0.00188554619,-0.000436459032,-7.72414463e-05,-0.00178281246,-5.60273492e-05,0.000211508517
0.623,-0.000114939156,-0.000232111409,-0.00188779532,-0.000437091518,-7.61291848e-05,-0.00176687934,-7.78578494e-05,0.00020851878
0.624,-0.000114017372,-0.000245159836,-0.00188980686,-0.000437715164,-7.49835191e-05,-0.00175074995,-9.97040361e-05,0.000205502985
0.625,-0.000113050543,-0.000258093467,-0.00189157533,-0.000438329082,-7.380806e-05,-0.0017344263,-0.000121555207,0.000202459669
0.626,-0.000112040026,-0.00027090436,-0.00189309407,-0.000438932352,-7.26068202e-05,-0.00171790806,-0.000143400908,0.000199387301
0.627,-0.000110987005,-0.000283583536,-0.00189435566,-0.000439524673,-7.13836314e-05,-0.00170119243,-0.000165231621,0.000196285074
0.628,-0.000109892538,-0.000296121246,-0.00189535305,-0.000440106381,-7.01419174e-05,-0.00168427655,-0.00018703826,0.000193153223
0.629,-0.00010875803,-0.000308507232,-0.00189607892,-0.000440678205,-6.88846357e-05,-0.00166715772,-0.000208812094,0.000189992958
0.63,-0.000107586309,-0.000320731075,-0.00189652644,-0.000441240085,-6.76127311e-05,-0.00164983701,-0.000230542123,0.000186805038
0.631,-0.000106381028,-0.000332781895,-0.00189668933,-0.000441789882,-6.63263174e-05,-0.00163231951,-0.000252215039,0.000183588857
0.632,-0.000105144343,-0.000344649002,-0.0018965604,-0.00044232451,-6.50250405e-05,-0.00161461055,-0.000273817476,0.000180344076
0.633,-0.000103876994,-0.000356321833,-0.00189613209,-0.000442840522,-6.37087553e-05,-0.00159671559,-0.000295336509,0.000177070212
0.634,-0.000102578061,-0.000367791147,-0.00189539424,-0.000443334923,-6.23805768e-05,-0.00157863578,-0.000316761712,0.000173769499
0.635,-0.000101246723,-0.000379049533,-0.00189433409,-0.000443806955,-6.10452891e-05,-0.00156036787,-0.000338084769,0.0001704475
0.636,-9.98834214e-05,-0.00039008996,-0.00189293857,-0.000444256696,-5.97068295e-05,-0.00154190846,-0.000359296663,0.000167110931
0.637,-9.84895815e-05,-0.000400905405,-0.00189119507,-0.000444685301,-5.836767e-05,-0.00152325447,-0.000380387477,0.000163767261
0.638,-9.7067744e-05,-0.000411486305,-0.00188909498,-0.000445093975,-5.70238328e-05,-0.00150440896,-0.000401343442,0.000160420766
0.639,-9.56197736e-05,-0.000421820552,-0.00188663279,-0.000445482049,-5.56678657e-05,-0.0014853813,-0.00042214746,0.000157070865
0.64,-9.41473143e-05,-0.000431895592,-0.00188380337,-0.000445847685,-5.4293358e-05,-0.00146618299,-0.000442781646,0.000153715242
0.641,-9.26515968e-05,-0.000441699153,-0.001880601,-0.000446187526,-5.28957325e-05,-0.0014468271,-0.000463227722,0.000150349861
0.642,-9.11326659e-05,-0.000451221398,-0.0018770171,-0.000446499583,-5.14793143e-05,-0.00142732141,-0.000483472648,0.000146975432
0.643,-8.95913658e-05,-0.00046045506,-0.00187304179,-0.00044678506,-5.00519573e-05,-0.00140766908,-0.000503507035,0.000143598479
0.644,-8.80293482e-05,-0.000469393613,-0.00186866556,-0.000447046778,-4.86208811e-05,-0.00138787292,-0.000523322492,0.000140226734
0.645,-8.64501035e-05,-0.000478031562,-0.00186387955,-0.000447289112,-4.71906826e-05,-0.00136793608,-0.00054291034,0.00013686889
0.646,-8.48609304e-05,-0.00048636187,-0.00185867765,-0.000447513314,-4.57557047e-05,-0.00134787011,-0.000562254641,0.0001335252
0.647,-8.32691329e-05,-0.000494375968,-0.00185305479,-0.000447716229,-4.43077131e-05,-0.00132769215,-0.000581336031,0.000130189374
0.648,-8.16810662e-05,-0.0005020654,-0.00184700609,-0.000447893298,-4.28394773e-05,-0.00130742074,-0.000600135213,0.000126853769
0.649,-8.01006255e-05,-0.000509421437,-0.00184052682,-0.000448038241,-4.13483475e-05,-0.00128707438,-0.000618634869,0.000123510826
0.65,-7.8528001e-05,-0.000516438894,-0.00183360982,-0.000448148402,-3.9844431e-05,-0.00126666267,-0.00063682649,0.000120164082
0.651,-7.69645443e-05,-0.000523115417,-0.00182624808,-0.000448224802,-3.83398994e-05,-0.00124619109,-0.000654704137,0.00011682388
0.652,-7.54125795e-05,-0.000529449975,-0.00181843544,-0.000448268888,-3.68459396e-05,-0.00122566458,-0.000672261293,0.000113502578
0.653,-7.38769772e-05,-0.00053544207,-0.00181016842,-0.000448283531,-3.53671074e-05,-0.00120508983,-0.000689488372,0.000110212208
0.654,-7.23647807e-05,-0.000541087061,-0.00180144906,-0.000448267443,-3.38935943e-05,-0.00118448399,-0.000706366608,0.000106952872
0.655,-7.08808515e-05,-0.000546378549,-0.00179228131,-0.000448215924,-3.24149287e-05,-0.00116386826,-0.000722875591,0.000103719528
0.656,-6.94289587e-05,-0.000551310596,-0.00178266985,-0.000448122717,-3.09216335e-05,-0.00114326507,-0.000738994859,0.0001005056
0.657,-6.80092216e-05,-0.000555879483,-0.00177261749,-0.000447980428,-2.94139207e-05,-0.00112269368,-0.000754708794,9.73076146e-05
0.658,-6.66196357e-05,-0.000560088145,-0.00176212378,-0.000447786993,-2.79053828e-05,-0.0011021628,-0.000770011178,9.41359217e-05
0.659,-6.52597329e-05,-0.000563942894,-0.00175118857,-0.00044754385,-2.64086605e-05,-0.00108167812,-0.00078489711,9.10051096e-05
0.66,-6.39300954e-05,-0.0005674522,-0.00173981276,-0.000447255052,-2.49341624e-05,-0.00106124412,-0.000799361931,8.79315669e-05
0.661,-6.2636297e-05,-0.000570624115,-0.00172800108,-0.000446924106,-2.34784635e-05,-0.00104087115,-0.000813393348,8.49240593e-05
0.662,-6.13857573e-05,-0.000573462748,-0.0017157622,-0.000446547927,-2.20271188e-05,-0.00102057942,-0.000826970661,8.19769204e-05
0.663,-6.0184417e-05,-0.000575971458,-0.00170310594,-0.000446120715,-2.05671847e-05,-0.00100039108,-0.000840072763,7.90808882e-05
0.664,-5.90359404e-05,-0.000578152537,-0.00169004339,-0.000445634281,-1.90896518e-05,-0.000980328878,-0.000852679983,7.62248465e-05
0.665,-5.79378151e-05,-0.000580010808,-0.00167658397,-0.000445083736,-1.76033062e-05,-0.000960406233,-0.000864783934,7.34097998e-05
0.666,-5.68870555e-05,-0.000581555534,-0.00166273698,-0.000444471079,-1.61245369e-05,-0.000940628217,-0.000876383138,7.06491694e-05
0.667,-5.58820375e-05,-0.000582797317,-0.00164851328,-0.000443799874,-1.46685564e-05,-0.000920998435,-0.000887476383,6.7958617e-05
0.668,-5.4924238e-05,-0.000583748385,-0.00163392589,-0.000443076087,-1.32442938e-05,-0.000901520776,-0.000898060115,6.53540363e-05
0.669,-5.40201888e-05,-0.000584416677,-0.00161899317,-0.000442300759,-1.1841062e-05,-0.000882210205,-0.000908119041,6.28349927e-05
0.67,-5.31743887e-05,-0.000584806435,-0.00160373567,-0.000441469558,-1.04455427e-05,-0.000863086947,-0.000917635478,6.0391536e-05
0.671,-5.23896709e-05,-0.000584921163,-0.00158817482,-0.00044057696,-9.04624503e-06,-0.000844171464,-0.000926593221,5.80117574e-05
0.672,-5.16639246e-05,-0.00058476449,-0.00157233081,-0.000439615743,-7.64340912e-06,-0.000825480415,-0.000934983103,5.56866786e-05
0.673,-5.09909837e-05,-0.00058434633,-0.00155622039,-0.000438585579,-6.25603179e-06,-0.000807017349,-0.000942809325,5.34256362e-05
0.674,-5.03665572e-05,-0.000583679743,-0.0015398605,-0.000437490573,-4.90277725e-06,-0.000788781429,-0.000950078616,5.12440274e-05
0.675,-4.97874128e-05,-0.000582779155,-0.00152326875,-0.000436337573,-3.59980069e-06,-0.000770770148,-0.000956798289,4.91594304e-05
0.676,-4.92561461e-05,-0.000581657683,-0.0015064665,-0.000435133402,-2.34583208e-06,-0.000752987251,-0.00096296713,4.71802206e-05
0.677,-4.87767748e-05,-0.000580322374,-0.00148947876,-0.000433877457,-1.12641088e-06,-0.000735446659,-0.000968575495,4.52978123e-05
0.678,-4.83512424e-05,-0.000578778587,-0.00147233109,-0.00043256678,7.13571463e-08,-0.000718163712,-0.000973614674,4.35001673e-05
0.679,-4.79784933e-05,-0.00057702939,-0.00145504927,-0.000431195901,1.25496462e-06,-0.000701153312,-0.000978079342,4.17740884e-05
0.68,-4.7650402e-05,-0.000575080661,-0.0014376558,-0.000429763921,2.41048279e-06,-0.000684418762,-0.00098197869,4.01226757e-05
0.681,-4.73593325e-05,-0.000572942442,-0.00142017209,-0.000428277406,3.51806372e-06,-0.00066795523,-0.000985328537,3.85621731e-05
0.682,-4.70986698e-05,-0.000570625817,-0.00140261957,-0.000426744617,4.56015801e-06,-0.000651756313,-0.0009881453,3.71111963e-05
0.683,-4.68662497e-05,-0.000568143242,-0.00138502054,-0.000425176403,5.53051556e-06,-0.000635817674,-0.000990440643,3.57861026e-05
0.684,-4.66645675e-05,-0.000565502167,-0.00136740054,-0.000423577194,6.44469709e-06,-0.00062014727,-0.000992213496,3.45830446e-05
0.685,-4.64936151e-05,-0.000562706776,-0.00134978476,-0.000421947207,7.31905646e-06,-0.000604756858,-0.000993461985,3.3490035e-05
0.686,-4.63518241e-05,-0.000559759961,-0.00133219763,-0.0004202855,8.16770679e-06,-0.000589658163,-0.000994186325,3.24926915e-05
0.687,-4.62315912e-05,-0.000556665048,-0.00131466004,-0.000418591196,8.98682613e-06,-0.000574855553,-0.000994397921,3.15853806e-05
0.688,-4.61239855e-05,-0.000553431265,-0.0012971893,-0.000416871377,9.75815581e-06,-0.000560341447,-0.000994119392,3.07806347e-05
0.689,-4.6022357e-05,-0.000550069191,-0.00127980171,-0.000415135504,1.04655035e-05,-0.000546106005,-0.000993374046,3.00943208e-05
0.69,-4.5922787e-05,-0.000546591075,-0.0012625131,-0.0004133962,1.10989256e-05,-0.000532139081,-0.0009921832,2.95429786e-05
0.691,-4.58275829e-05,-0.000543005305,-0.00124534175,-0.000411662933,1.16718303e-05,-0.000518441593,-0.000990555025,2.91255341e-05
0.692,-4.57376017e-05,-0.000539315355,-0.00122830624,-0.000409939132,1.22030699e-05,-0.000505021286,-0.000988493515,2.88273737e-05
0.693,-4.56529208e-05,-0.000535523356,-0.00121142412,-0.000408227135,1.27096053e-05,-0.000491886698,-0.000986003733,2.86313418e-05
0.694,-4.55690632e-05,-0.000531629705,-0.00119471078,-0.000406527055,1.31951407e-05,-0.000479042382,-0.000983098284,2.8523462e-05
0.695,-4.54785797e-05,-0.000527639449,-0.00117817755,-0.000404845491,1.36431565e-05,-0.000466480253,-0.000979803211,2.85099496e-05
0.696,-4.53767066e-05,-0.000523559639,-0.00116183491,-0.000403192419,1.4037642e-05,-0.000454188283,-0.000976145863,2.86032565e-05
0.697,-4.52603872e-05,-0.000519398694,-0.00114569215,-0.000401579418,1.43663104e-05,-0.000442153947,-0.000972152191,2.88175904e-05
0.698,-4.51323073e-05,-0.000515164082,-0.00112975984,-0.000400017476,1.46370909e-05,-0.000430372249,-0.00096783659,2.91551001e-05
0.699,-4.49947921e-05,-0.000510858572,-0.00111404851,-0.000398510781,1.4868556e-05,-0.000418847094,-0.000963205865,2.9602078e-05
0.7,-4.48491193e-05,-0.000506484049,-0.00109856765,-0.00039706251,1.50779024e-05,-0.000407583199,-0.000958266786,3.01420447e-05
0.701,-4.46938351e-05,-0.00050204006,-0.00108332517,-0.000395672237,1.52748682e-05,-0.000396584669,-0.000953029754,3.07583501e-05
0.702,-4.45243801e-05,-0.000497528558,-0.0010683268,-0.000394342856,1.54521351e-05,-0.00038584725,-0.000947514967,3.14484957e-05
0.703,-4.43376004e-05,-0.000492952759,-0.00105357735,-0.000393079383,1.56004785e-05,-0.000375363561,-0.000941744508,3.22157671e-05
0.704,-4.41299553e-05,-0.000488316505,-0.00103908078,-0.000391888356,1.57120278e-05,-0.000365125348,-0.000935739368,3.30642625e-05
0.705,-4.39005736e-05,-0.00048362431,-0.00102484038,-0.000390777316,1.57867661e-05,-0.000355125897,-0.000929516419,3.39943648e-05
0.706,-4.36485042e-05,-0.000478879509,-0.00101085842,-0.000389751428,1.58309216e-05,-0.000345361296,-0.000923087841,3.49995811e-05
0.707,-4.33739815e-05,-0.000474086595,-0.000997135954,-0.000388815099,1.58507881e-05,-0.000335828929,-0.000916465165,3.60720804e-05
0.708,-4.30772383e-05,-0.000469249569,-0.000983673304,-0.000387970786,1.58512455e-05,-0.000326526315,-0.000909659325,3.7203762e-05
0.709,-4.27585536e-05,-0.000464373176,-0.000970469831,-0.000387220954,1.5834058e-05,-0.00031745041,-0.000902682596,3.8388134e-05
0.71,-4.24178221e-05,-0.00045946065,-0.000957524649,-0.00038656802,1.57999923e-05,-0.000308596803,-0.00089554693,3.96197579e-05
0.711,-4.2054344e-05,-0.00045451506,-0.00094483616,-0.000386015051,1.57497938e-05,-0.00029996109,-0.000888264281,4.08929792e-05
0.712,-4.1667722e-05,-0.000449538311,-0.000932402793,-0.00038556581,1.56823303e-05,-0.000291538042,-0.000880846613,4.22041074e-05
0.713,-4.12581434e-05,-0.000444533585,-0.00092022281,-0.00038522503,1.55945512e-05,-0.000283321989,-0.000873307209,4.3552348e-05
0.714,-4.08279554e-05,-0.000439504031,-0.000908294705,-0.00038499791,1.5483808e-05,-0.000275307346,-0.00086565789,4.4938065e-05
0.715,-4.03799444e-05,-0.000434453265,-0.000896617032,-0.000384888436,1.53497636e-05,-0.000267488962,-0.000857909536,4.63609616e-05
0.716,-3.99181049e-05,-0.000429383876,-0.000885188409,-0.000384899905,1.52025279e-05,-0.000259867191,-0.000850065291,4.78121278e-05
0.717,-3.94439652e-05,-0.000424296525,-0.000874007386,-0.000385031062,1.50528256e-05,-0.000252444899,-0.000842127335,4.92761152e-05
0.718,-3.89582541e-05,-0.000419192503,-0.000863071226,-0.000385281422,1.49101861e-05,-0.000245225796,-0.000834096691,5.0736839e-05
0.719,-3.84601622e-05,-0.000414071906,-0.000852377256,-0.000385646998,1.47715062e-05,-0.000238208842,-0.000825981563,5.21825966e-05
0.72,-3.79492999e-05,-0.000408938192,-0.000841920742,-0.000386128167,1.46236065e-05,-0.000231384834,-0.000817795916,5.36165412e-05
0.721,-3.74277933e-05,-0.000403793771,-0.000831698624,-0.000386724633,1.44536247e-05,-0.000224742277,-0.000809554744,5.5043845e-05
0.722,-3.68971846e-05,-0.000398643073,-0.00082170601,-0.000387439347,1.42555306e-05,-0.000218269988,-0.000801269015,5.64723721e-05
0.723,-3.63614372e-05,-0.000393488129,-0.000811940554,-0.000388273812,1.40401071e-05,-0.000211966183,-0.000792939688,5.78944113e-05
0.724,-3.58198831e-05,-0.000388331015,-0.000802397363,-0.000389227559,1.38215068e-05,-0.000205833836,-0.000784563815,5.92965266e-05
0.725,-3.52740247e-05,-0.000383172641,-0.000793073678,-0.000390298996,1.36109076e-05,-0.000199877823,-0.000776138878,6.0660541e-05
0.726,-3.47213015e-05,-0.000378014384,-0.000783963947,-0.000391484371,1.34053851e-05,-0.000194096617,-0.000767669957,6.19786979e-05
0.727,-3.41638877e-05,-0.000372858026,-0.000775065175,-0.000392783036,1.31901638e-05,-0.000188481398,-0.000759169142,6.32539399e-05
0.728,-3.36022503e-05,-0.000367706452,-0.000766372098,-0.000394194286,1.29523243e-05,-0.000183018862,-0.000750649295,6.44976385e-05
0.729,-3.30407613e-05,-0.000362562362,-0.000757882124,-0.000395720533,1.26868031e-05,-0.000177699936,-0.000742117847,6.57156844e-05
0.73,-3.24803829e-05,-0.000357429265,-0.000749589907,-0.000397362364,1.24068419e-05,-0.000172521608,-0.000733572681,6.6905021e-05
0.731,-3.19229376e-05,-0.000352308637,-0.000741492253,-0.000399120185,1.21281158e-05,-0.000167490567,-0.000725006466,6.8047752e-05
0.732,-3.13667832e-05,-0.000347202961,-0.000733583285,-0.000400991149,1.1861647e-05,-0.000162608438,-0.000716415552,6.91314095e-05
0.733,-3.08133435e-05,-0.000342113319,-0.000725859593,-0.000402973199,1.16036928e-05,-0.000157876752,-0.000707801841,7.01449139e-05
0.734,-3.02632502e-05,-0.000337042405,-0.000718316216,-0.000405061728,1.1337783e-05,-0.000153281065,-0.000699177738,7.10991874e-05
0.735,-2.97215906e-05,-0.000331993488,-0.00071095007,-0.000407257848,1.10539849e-05,-0.000148812932,-0.000690550893,7.20008582e-05
0.736,-2.91904308e-05,-0.00032696836,-0.000703757087,-0.000409558056,1.07474788e-05,-0.000144458078,-0.000681928104,7.2861935e-05
0.737,-2.86728771e-05,-0.000321971481,-0.000696732826,-0.00041196774,1.04380183e-05,-0.000140220715,-0.000673300195,7.36721507e-05
0.738,-2.81675905e-05,-0.00031700084,-0.000689873272,-0.000414480191,1.01372413e-05,-0.000136101568,-0.000664661162,7.4419723e-05
0.739,-2.76741431e-05,-0.000312061645,-0.000683172751,-0.000417099555,9.86045168e-06,-0.000132108231,-0.000656002129,7.50884383e-05
0.74,-2.71930759e-05,-0.000307148427,-0.000676629133,-0.000419813964,9.59433935e-06,-0.000128234567,-0.000647329244,7.56757125e-05
0.741,-2.6725102e-05,-0.000302267914,-0.000670237369,-0.000422627798,9.32897476e-06,-0.000124470328,-0.000638650052,7.61922104e-05
0.742,-2.62757175e-05,-0.000297414127,-0.000663996896,-0.000425530859,9.04881342e-06,-0.000120802633,-0.000629974069,7.66477605e-05
0.743,-2.58431486e-05,-0.000292595834,-0.000657901697,-0.000428529365,8.75989266e-06,-0.000117221589,-0.000621301724,7.70522222e-05
0.744,-2.54323448e-05,-0.000287809161,-0.000651949347,-0.000431616274,8.47751061e-06,-0.000113730978,-0.000612624245,7.73918996e-05
0.745,-2.503551e-05,-0.000283061171,-0.00064613274,-0.000434793534,8.21651691e-06,-0.000110331209,-0.000603933696,7.76566177e-05
0.746,-2.46574675e-05,-0.000278349321,-0.000640448561,-0.000438054833,7.98521169e-06,-0.000107029571,-0.000595223484,7.78274672e-05
0.747,-2.42920141e-05,-0.000273675421,-0.00063489296,-0.000441394942,7.76501874e-06,-0.00010381447,-0.00058650264,7.7908444e-05
0.748,-2.39471119e-05,-0.000269040907,-0.000629463156,-0.00044481078,7.54669898e-06,-0.000100678229,-0.00057777821,7.7907016e-05
0.749,-2.36215712e-05,-0.000264444828,-0.000624158274,-0.000448296482,7.30830475e-06,-9.76054883e-05,-0.00056906146,7.78334917e-05
0.75,-2.33177292e-05,-0.000259893724,-0.000618972879,-0.000451855017,7.06584073e-06,-9.45938684e-05,-0.000560347607,7.76911964e-05
0.751,-2.30368363e-05,-0.000255386148,-0.000613906559,-0.000455485928,6.8181133e-06,-9.16489573e-05,-0.000551631975,7.74587426e-05
0.752,-2.27588466e-05,-0.000250920881,-0.000608947439,-0.00045917558,6.5850354e-06,-8.87752538e-05,-0.000542903495,7.7127926e-05
0.753,-2.24777115e-05,-0.000246493741,-0.000604092332,-0.000462917459,6.35816372e-06,-8.59722146e-05,-0.000534165416,7.66858088e-05
0.754,-2.21849823e-05,-0.00024210953,-0.000599335356,-0.000466705303,6.12896575e-06,-8.32314585e-05,-0.000525423237,7.61455599e-05
0.755,-2.18779361e-05,-0.000237765368,-0.000594672763,-0.000470533537,5.88237475e-06,-8.05391317e-05,-0.000516689182,7.55177758e-05
0.756,-2.15549644e-05,-0.000233470575,-0.000590100669,-0.000474404239,5.61918561e-06,-7.78872641e-05,-0.000507965784,7.48185547e-05
0.757,-2.12130678e-05,-0.000229226038,-0.000585612119,-0.000478316276,5.3558659e-06,-7.52745509e-05,-0.000499247634,7.40428052e-05
0.758,-2.08507911e-05,-0.000225041838,-0.000581202414,-0.000482273903,5.11184861e-06,-7.27107472e-05,-0.000490523152,7.31794615e-05
0.759,-2.04660965e-05,-0.000220917478,-0.000576864391,-0.000486274107,4.90142947e-06,-7.02026427e-05,-0.000481783516,7.22113676e-05
0.76,-2.00617746e-05,-0.000216856973,-0.00057259676,-0.00049031641,4.71766571e-06,-6.77547271e-05,-0.000473029553,7.11337686e-05
0.761,-1.96416244e-05,-0.000212856493,-0.000568396069,-0.000494394517,4.54905003e-06,-6.53600571e-05,-0.000464267235,6.99528441e-05
0.762,-1.92121478e-05,-0.000208916978,-0.000564263366,-0.000498505999,4.38199386e-06,-6.30140601e-05,-0.000455503567,6.86790788e-05
0.763,-1.87765189e-05,-0.000205035684,-0.000560194891,-0.000502646137,4.22205451e-06,-6.07128565e-05,-0.000446736128,6.73176809e-05
0.764,-1.83368664e-05,-0.000201212651,-0.000556189518,-0.000506813823,4.08107325e-06,-5.84647626e-05,-0.000437956542,6.58589946e-05
0.765,-1.7891833e-05,-0.00019744436,-0.000552242343,-0.000511003297,3.97472558e-06,-5.62772504e-05,-0.000429153553,6.4290207e-05
0.766,-1.74426566e-05,-0.000193728121,-0.000548352745,-0.000515208571,3.90151295e-06,-5.41582928e-05,-0.000420323982,6.25986499e-05
0.767,-1.69906483e-05,-0.000190059059,-0.000544518538,-0.000519417622,3.84942668e-06,-5.21026903e-05,-0.000411472888,6.07895837e-05
0.768,-1.65405424e-05,-0.00018643458,-0.000540740712,-0.000523621492,3.79969493e-06,-5.01032268e-05,-0.000402610292,5.88731798e-05
0.769,-1.60939722e-05,-0.000182852061,-0.000537017021,-0.000527809198,3.74660296e-06,-4.81490825e-05,-0.000393741751,5.68651088e-05
0.77,-1.56523014e-05,-0.000179312586,-0.000533345202,-0.000531975653,3.69634556e-06,-4.62405878e-05,-0.000384864573,5.47654526e-05
0.771,-1.52127402e-05,-0.000175815975,-0.000529719958,-0.000536111782,3.66443827e-06,-4.43804539e-05,-0.000375970773,5.25694499e-05
0.772,-1.47741854e-05,-0.000172363394,-0.00052613707,-0.000540211839,3.65700106e-06,-4.25762113e-05,-0.000367054641,5.02657429e-05
0.773,-1.43355765e-05,-0.000168951954,-0.000522592444,-0.000544264155,3.66884492e-06,-4.08257878e-05,-0.000358118395,4.78566518e-05
0.774,-1.3898807e-05,-0.000165580718,-0.000519083407,-0.000548261148,3.68306758e-06,-3.9124183e-05,-0.000349170619,4.53520799e-05
0.775,-1.34655898e-05,-0.0001622476,-0.000515606478,-0.00055219233,3.68894268e-06,-3.74606872e-05,-0.000340219558,4.2770535e-05
0.776,-1.30363399e-05,-0.000158954829,-0.000512156684,-0.000556053407,3.68587773e-06,-3.58325881e-05,-0.000331266519,4.01216692e-05
0.777,-1.26097228e-05,-0.000155703273,-0.00050872742,-0.000559838383,3.68676436e-06,-3.42411145e-05,-0.000322305293,3.74062821e-05
0.778,-1.21826198e-05,-0.000152495294,-0.000505311467,-0.00056354365,3.70147098e-06,-3.26937656e-05,-0.000313328564,3.46167625e-05
0.779,-1.17545561e-05,-0.000149330823,-0.000501902612,-0.00056716111,3.73146142e-06,-3.11922964e-05,-0.000304334211,3.17499202e-05
0.78,-1.13257934e-05,-0.00014621083,-0.00049849564,-0.000570681805,3.76406556e-06,-2.97333244e-05,-0.0002953286,2.88123684e-05
0.781,-1.09001829e-05,-0.000143136224,-0.000495085977,-0.000574095859,3.78700964e-06,-2.83067477e-05,-0.000286320442,2.58186369e-05
0.782,-1.04788144e-05,-0.000140108766,-0.000491668256,-0.000577394895,3.79450078e-06,-2.69047506e-05,-0.000277315941,2.27827574e-05
0.783,-1.00633166e-05,-0.000137131289,-0.00048823589,-0.000580572584,3.79424578e-06,-2.55236723e-05,-0.000268314166,1.97104577e-05
0.784,-9.65207496e-06,-0.000134205327,-0.000484781546,-0.000583621424,3.79648515e-06,-2.41653127e-05,-0.000259312064,1.66009829e-05
0.785,-9.2456733e-06,-0.000131332417,-0.000481298031,-0.00058653373,3.80828359e-06,-2.28312759e-05,-0.000250308217,1.345268e-05
0.786,-8.84371779e-06,-0.000128510727,-0.000477778861,-0.000589299522,3.82898845e-06,-2.152216e-05,-0.000241306155,1.02682329e-05
0.787,-8.44712264e-06,-0.000125738874,-0.000474217969,-0.000591910074,3.85477249e-06,-2.02359e-05,-0.000232312145,7.05409442e-06
0.788,-8.05497265e-06,-0.000123013626,-0.00047060922,-0.000594356113,3.88276376e-06,-1.89705495e-05,-0.000223332785,3.81729469e-06
0.789,-7.66606958e-06,-0.000120333923,-0.000466946584,-0.000596629275,3.91100912e-06,-1.77231197e-05,-0.000214374904,5.64229664e-07
0.79,-7.27916961e-06,-0.000117698705,-0.000463224007,-0.00059872053,3.93853946e-06,-1.64909195e-05,-0.000205445674,-2.69847901e-06
0.791,-6.89377406e-06,-0.000115109759,-0.000459436318,-0.000600620806,3.96490253e-06,-1.52713022e-05,-0.000196553236,-5.96408e-06
0.792,-6.5107276e-06,-0.000112569569,-0.000455578207,-0.000602321462,3.99134125e-06,-1.40633856e-05,-0.000187705015,-9.22663893e-06
0.793,-6.13055384e-06,-0.000110081492,-0.000451645363,-0.000603814459,4.02058861e-06,-1.28667986e-05,-0.000178907727,-1.24828938e-05
0.794,-5.75416735e-06,-0.000107647315,-0.000447632899,-0.000605093803,4.05463153e-06,-1.16826439e-05,-0.000170167496,-1.5731213e-05
0.795,-5.382033e-06,-0.000105267258,-0.000443537623,-0.000606154325,4.0919713e-06,-1.0510082e-05,-0.000161492777,-1.89686097e-05
0.796,-5.01629191e-06,-0.000102940675,-0.000439356081,-0.000606992319,4.12718747e-06,-9.34807108e-06,-0.0001528944,-2.21873522e-05
0.797,-4.65920186e-06,-0.000100666644,-0.000435086963,-0.000607603584,4.15477365e-06,-8.19297011e-06,-0.000144384585,-2.53767466e-05
0.798,-4.31298864e-06,-9.8445542e-05,-0.000430727561,-0.000607985552,4.17535569e-06,-7.04453087e-06,-0.000135972287,-2.85273225e-05
0.799,-3.97744882e-06,-9.62770581e-05,-0.000426276721,-0.000608136179,4.1981201e-06,-5.90590681e-06,-0.000127660788,-3.16389068e-05
0.8,-3.65086598e-06,-9.41609703e-05,-0.000421732264,-0.000608053019,4.23261415e-06,-4.78468598e-06,-0.000119451949,-3.47159305e-05
0.801,-3.33155094e-06,-9.20952e-05,-0.000417095522,-0.000607731718,4.28022242e-06,-3.6848104e-06,-0.000111351315,-3.77626742e-05
0.802,-3.0190462e-06,-9.00777653e-05,-0.000412368024,-0.000607165181,4.3293775e-06,-2.60396406e-06,-0.000103373773,-4.07710792e-05
0.803,-2.71445238e-06,-8.81069635e-05,-0.000407553908,-0.000606348854,4.366471e-06,-1.53328449e-06,-9.55369664e-05,-4.3726091e-05
0.804,-2.4181871e-06,-8.61831144e-05,-0.000402655277,-0.000605279931,4.3860265e-06,-4.65897163e-07,-8.78565689e-05,-4.66106551e-05
0.805,-2.12971469e-06,-8.43078091e-05,-0.0003976749,-0.000603961149,4.3967723e-06,5.99279943e-07,-8.03384362e-05,-4.94187255e-05
0.806,-1.8469366e-06,-8.24827285e-05,-0.000392614113,-0.000602393312,4.4121794e-06,1.65643053e-06,-7.29856855e-05,-5.21513846e-05
0.807,-1.56857364e-06,-8.07078974e-05,-0.000387476638,-0.000600579267,4.43950428e-06,2.69994956e-06,-6.580149e-05,-5.48121411e-05
0.808,-1.2947064e-06,-7.89811284e-05,-0.000382266744,-0.000598517597,4.47323459e-06,3.72852217e-06,-5.87983859e-05,-5.73948208e-05
0.809,-1.02723046e-06,-7.72997662e-05,-0.000376990374,-0.000596211921,4.5023186e-06,4.74610792e-06,-5.19904838e-05,-5.98856402e-05
0.81,-7.68225223e-07,-7.56620035e-05,-0.00037165245,-0.000593664953,4.52096527e-06,5.75596776e-06,-4.53921087e-05,-6.22687379e-05
0.811,-5.18303929e-07,-7.40673715e-05,-0.000366257388,-0.000590886894,4.53522926e-06,6.75597988e-06,-3.90068926e-05,-6.45365582e-05
0.812,-2.76899985e-07,-7.25153854e-05,-0.000360809234,-0.000587885108,4.55725049e-06,7.73779869e-06,-3.28356248e-05,-6.66910257e-05
0.813,-4.29908439e-08,-7.10042684e-05,-0.000355313139,-0.000584670068,4.59440813e-06,8.69245976e-06,-2.68761599e-05,-6.87365923e-05
0.814,1.82633027e-07,-6.95312425e-05,-0.000349776583,-0.000581245321,4.6427847e-06,9.61578489e-06,-2.11352921e-05,-7.06728837e-05
0.815,3.98095348e-07,-6.80933534e-05,-0.000344207502,-0.00057761854,4.69117411e-06,1.05095047e-05,-1.56207376e-05,-7.24900251e-05
0.816,6.0092266e-07,-6.66887883e-05,-0.000338614643,-0.000573794663,4.73169188e-06,1.13768228e-05,-1.0341974e-05,-7.41777091e-05
0.817,7.90956535e-07,-6.53163689e-05,-0.000333003781,-0.0005697864,4.76589757e-06,1.22170685e-05,-5.29840914e-06,-7.572857e-05
0.818,9.69365738e-07,-6.39757707e-05,-0.000327381362,-0.000565603315,4.80240429e-06,1.30249678e-05,-4.86847818e-07,-7.71464351e-05
0.819,1.13867973e-06,-6.2665472e-05,-0.00032175129,-0.000561258877,4.84668069e-06,1.37939488e-05,4.09959026e-06,-7.843426e-05
0.82,1.299829e-06,-6.13836653e-05,-0.000316120761,-0.000556760862,4.8958425e-06,1.45215173e-05,8.46045024e-06,-7.95948018e-05
0.821,1.45296597e-06,-6.01273232e-05,-0.00031049392,-0.000552121081,4.93968591e-06,1.52094856e-05,1.25940452e-05,-8.0618527e-05
0.822,1.59737553e-06,-5.88950803e-05,-0.000304878054,-0.000547348567,4.9707713e-06,1.58620649e-05,1.64967492e-05,-8.1498722e-05
0.823,1.73404531e-06,-5.76860913e-05,-0.000299274903,-0.000542457977,4.98904945e-06,1.64799283e-05,2.01721742e-05,-8.2226651e-05
0.824,1.86480255e-06,-5.65012972e-05,-0.000293689933,-0.000537461951,5.00205564e-06,1.70606539e-05,2.36272131e-05,-8.28076778e-05
0.825,1.99218384e-06,-5.53401205e-05,-0.000288123435,-0.000532375113,5.01532825e-06,1.75993399e-05,2.68709199e-05,-8.32430626e-05
0.826,2.11681779e-06,-5.42022128e-05,-0.00028258241,-0.000527208291,5.02867845e-06,1.80949492e-05,2.99081078e-05,-8.35393492e-05
0.827,2.23757958e-06,-5.30857702e-05,-0.000277068723,-0.000521972243,5.03496712e-06,1.85489475e-05,3.27402493e-05,-8.36888842e-05
0.828,2.35231691e-06,-5.19901526e-05,-0.000271590657,-0.000516677566,5.02944016e-06,1.89655416e-05,3.5369538e-05,-8.36909931e-05
0.829,2.4599994e-06,-5.09141599e-05,-0.000266148281,-0.000511336131,5.01233439e-06,1.93446433e-05,3.78012305e-05,-8.35389625e-05
0.83,2.56121895e-06,-4.98573601e-05,-0.000260747569,-0.000505962259,4.99070744e-06,1.96842221e-05,4.00467944e-05,-8.32421706e-05
0.831,2.65705014e-06,-4.88182205e-05,-0.000255386687,-0.000500567266,4.9692529e-06,1.99789099e-05,4.21156552e-05,-8.28028287e-05
0.832,2.74767989e-06,-4.77950037e-05,-0.000250072111,-0.000495164448,4.94849384e-06,2.02274114e-05,4.401809e-05,-8.22315651e-05
0.833,2.8314661e-06,-4.67851128e-05,-0.000244803345,-0.000489760572,4.92217808e-06,2.0429388e-05,4.57565967e-05,-8.15239643e-05
0.834,2.90709458e-06,-4.57862764e-05,-0.000239587698,-0.00048436799,4.88607029e-06,2.05882588e-05,4.73391255e-05,-8.06842468e-05
0.835,2.97377597e-06,-4.4797377e-05,-0.00023442423,-0.000478991644,4.8387773e-06,2.0703743e-05,4.87696405e-05,-7.97089759e-05
0.836,3.03326682e-06,-4.38176835e-05,-0.000229318668,-0.000473645432,4.78468558e-06,2.07761735e-05,5.00628109e-05,-7.86092281e-05
0.837,3.08681607e-06,-4.28474679e-05,-0.000224269587,-0.000468331912,4.72600478e-06,2.08027315e-05,5.12245089e-05,-7.73885066e-05
0.838,3.13614285e-06,-4.18856938e-05,-0.000219282554,-0.000463063987,4.66242884e-06,2.07852786e-05,5.22682301e-05,-7.60569352e-05
0.839,3.18010167e-06,-4.09328226e-05,-0.000214357894,-0.000457839525,4.58859139e-06,2.07253757e-05,5.31934915e-05,-7.46126727e-05
0.84,3.21903879e-06,-3.9987856e-05,-0.000209500768,-0.000452670813,4.50102393e-06,2.06284352e-05,5.40119101e-05,-7.30591143e-05
0.841,3.25205236e-06,-3.90528858e-05,-0.000204711217,-0.000447554422,4.39877652e-06,2.04958456e-05,5.47234023e-05,-7.13956511e-05
0.842,3.28182385e-06,-3.81274643e-05,-0.000199991152,-0.000442505016,4.28503733e-06,2.03300272e-05,5.53444649e-05,-6.96291668e-05
0.843,3.30850548e-06,-3.72149058e-05,-0.000195340359,-0.000437518351,4.16225554e-06,2.01302857e-05,5.58756824e-05,-6.77648637e-05
0.844,3.33385696e-06,-3.63139829e-05,-0.000190759511,-0.000432608623,4.03028491e-06,1.98994776e-05,5.63323645e-05,-6.58073133e-05
0.845,3.35531421e-06,-3.54281949e-05,-0.000186251159,-0.000427767949,3.88705864e-06,1.96399426e-05,5.67101857e-05,-6.37589497e-05
0.846,3.3729144e-06,-3.45551453e-05,-0.000181815184,-0.000423009022,3.73043933e-06,1.93557163e-05,5.7023284e-05,-6.16189357e-05
0.847,3.38436918e-06,-3.36992838e-05,-0.000177455798,-0.00041832257,3.56224465e-06,1.90491058e-05,5.72678246e-05,-5.93928415e-05
0.848,3.39098e-06,-3.28578017e-05,-0.000173170039,-0.000413721723,3.38463229e-06,1.87209673e-05,5.74613331e-05,-5.70822959e-05
0.849,3.39158735e-06,-3.20358529e-05,-0.000168963729,-0.000409196401,3.20162756e-06,1.83731461e-05,5.76004031e-05,-5.46985831e-05
0.85,3.38649261e-06,-3.1229555e-05,-0.000164831789,-0.000404758098,3.01272082e-06,1.80055706e-05,5.77012525e-05,-5.22406426e-05
0.851,3.37373462e-06,-3.04439115e-05,-0.000160783328,-0.000400394149,2.81872157e-06,1.76228405e-05,5.77574681e-05,-4.97193005e-05
0.852,3.35277087e-06,-2.96747578e-05,-0.00015681073,-0.000396114054,2.61773749e-06,1.72241713e-05,5.77838718e-05,-4.71290656e-05
0.853,3.32272522e-06,-2.89276145e-05,-0.000152925087,-0.000391905586,2.41219396e-06,1.68150159e-05,5.77749195e-05,-4.44850007e-05
0.854,3.28409573e-06,-2.8198977e-05,-0.000149114361,-0.00038777814,2.20214903e-06,1.63923526e-05,5.77457516e-05,-4.17814675e-05
0.855,3.23630197e-06,-2.7494969e-05,-0.000145391295,-0.000383722042,1.99039737e-06,1.5962917e-05,5.76913729e-05,-3.9037866e-05
0.856,3.17893396e-06,-2.68121485e-05,-0.000141740693,-0.000379743929,1.77470186e-06,1.55239533e-05,5.7623297e-05,-3.62434835e-05
0.857,3.1098143e-06,-2.61569958e-05,-0.000138177897,-0.000375836453,1.55711044e-06,1.50851404e-05,5.75357324e-05,-3.34166103e-05
0.858,3.02739246e-06,-2.55246063e-05,-0.000134685816,-0.000372001154,1.33411869e-06,1.46437075e-05,5.74367637e-05,-3.05417618e-05
0.859,2.92964494e-06,-2.4921828e-05,-0.000131281232,-0.000368235455,1.11175237e-06,1.42117445e-05,5.73222993e-05,-2.7637083e-05
0.86,2.81345341e-06,-2.43405373e-05,-0.000127945803,-0.000364535382,8.86677033e-07,1.37842261e-05,5.71984219e-05,-2.46871441e-05
0.861,2.67947215e-06,-2.37878162e-05,-0.000124697086,-0.000360902288,6.69873123e-07,1.3376546e-05,5.70623917e-05,-2.17068304e-05
0.862,2.52228085e-06,-2.32526732e-05,-0.00012151685,-0.00035732493,4.58412535e-07,1.29773671e-05,5.69194493e-05,-1.86831175e-05
0.863,2.35052572e-06,-2.27419012e-05,-0.000118423384,-0.000353804868,2.66628395e-07,1.26047468e-05,5.67687799e-05,-1.56269698e-05
0.864,2.15651334e-06,-2.2244792e-05,-0.00011539781,-0.000350327168,9.19697277e-08,1.22374547e-05,5.66167902e-05,-1.25331435e-05
0.865,1.95683524e-06,-2.17656049e-05,-0.000112459125,-0.000346892392,-5.67637669e-08,1.18979646e-05,5.6463264e-05,-9.41147977e-06
0.866,1.74044344e-06,-2.13008407e-05,-0.000109585627,-0.000343487675,-1.8224972e-07,1.15592551e-05,5.63133322e-05,-6.26150522e-06
0.867,1.52665686e-06,-2.0853176e-05,-0.000106795551,-0.000340116209,-2.85436334e-07,1.12461489e-05,5.61681971e-05,-3.09514833e-06
0.868,1.3061875e-06,-2.0431902e-05,-0.000104061704,-0.000336771177,-3.65289165e-07,1.09333923e-05,5.60289448e-05,9.02494811e-08
0.869,1.08929215e-06,-2.00391487e-05,-0.000101398799,-0.000333470953,-4.30623169e-07,1.06427331e-05,5.59012833e-05,3.27721737e-06
0.87,8.76329965e-07,-1.96779854e-05,-9.87858573e-05,-0.000330189253,-4.81136874e-07,1.03712881e-05,5.57716577e-05,6.48844243e-06
0.871,6.74550195e-07,-1.93318471e-05,-9.62406964e-05,-0.000326929901,-5.08616704e-07,1.01353358e-05,5.56508396e-05,9.72216235e-06
0.872,4.8173048e-07,-1.90197915e-05,-9.3739468e-05,-0.00032368261,-5.21750482e-07,9.92216329e-06,5.55267177e-05,1.29782444e-05
0.873,2.96592215e-07,-1.87163559e-05,-9.12996568e-05,-0.000320447951,-5.09668699e-07,9.74975157e-06,5.54108487e-05,1.62675455e-05
0.874,1.2171744e-07,-1.84427748e-05,-8.89001169e-05,-0.000317217298,-4.76621383e-07,9.59636301e-06,5.52965052e-05,1.95694503e-05
0.875,-4.63371748e-08,-1.81731618e-05,-8.65539807e-05,-0.000313991104,-4.19193614e-07,9.48000705e-06,5.51948744e-05,2.28987592e-05
0.876,-2.0503194e-07,-1.79246775e-05,-8.42465738e-05,-0.000310759909,-3.3755312e-07,9.38013263e-06,5.50986064e-05,2.62287312e-05
0.877,-3.57052113e-07,-1.76729034e-05,-8.19869904e-05,-0.000307518049,-2.41120186e-07,9.31292872e-06,5.50142902e-05,2.95804143e-05
0.878,-5.03128981e-07,-1.74320805e-05,-7.97655121e-05,-0.000304261836,-1.25575918e-07,9.26596002e-06,5.49323165e-05,3.29295724e-05
0.879,-6.39589441e-07,-1.71796283e-05,-7.75856399e-05,-0.000300977246,-2.33881661e-09,9.24757962e-06,5.48577437e-05,3.62994275e-05
0.88,-7.67487274e-07,-1.69311175e-05,-7.54368316e-05,-0.000297677366,1.39769818e-07,9.25137176e-06,5.47836749e-05,3.96632179e-05
0.881,-8.79883739e-07,-1.66646924e-05,-7.33203125e-05,-0.000294335887,2.89627655e-07,9.27689281e-06,5.47116065e-05,4.30449832e-05
0.882,-9.80569582e-07,-1.6397506e-05,-7.12276146e-05,-0.000290981113,4.56635192e-07,9.32559434e-06,5.46385968e-05,4.64165836e-05
0.883,-1.06576037e-06,-1.61076496e-05,-6.91641829e-05,-0.000287567744,6.27496361e-07,9.39274547e-06,5.45583194e-05,4.98053543e-05
0.884,-1.13855493e-06,-1.58120977e-05,-6.71210384e-05,-0.000284140305,8.11567134e-07,9.48546482e-06,5.44768864e-05,5.31823866e-05
0.885,-1.19683672e-06,-1.54914282e-05,-6.5107015e-05,-0.00028063674,9.98271924e-07,9.59310908e-06,5.4380822e-05,5.65715152e-05
0.886,-1.2387261e-06,-1.51608848e-05,-6.31094143e-05,-0.000277119834,1.19887874e-06,9.72484841e-06,5.42903993e-05,5.99432313e-05
0.887,-1.26544762e-06,-1.48060278e-05,-6.11422504e-05,-0.00027351015,1.40244526e-06,9.86551726e-06,5.41799049e-05,6.33144032e-05
0.888,-1.27244535e-06,-1.44366081e-05,-5.91855417e-05,-0.000269889251,1.61812216e-06,1.00271977e-05,5.4080029e-05,6.66661341e-05
0.889,-1.26510159e-06,-1.40447937e-05,-5.72616365e-05,-0.000266159239,1.83356828e-06,1.01915762e-05,5.39489919e-05,7.00056882e-05
0.89,-1.23498358e-06,-1.36331286e-05,-5.53397796e-05,-0.000262421708,2.05659604e-06,1.03722085e-05,5.38308071e-05,7.33293559e-05
0.891,-1.18958866e-06,-1.32026972e-05,-5.34547431e-05,-0.00025856085,2.27736783e-06,1.05484268e-05,5.36699331e-05,7.66240391e-05
0.892,-1.11659289e-06,-1.27475661e-05,-5.15604253e-05,-0.00025469892,2.50146242e-06,1.07333848e-05,5.35248168e-05,7.99057597e-05
0.893,-1.02703903e-06,-1.22788275e-05,-4.97113102e-05,-0.000250700299,2.72165661e-06,1.09076799e-05,5.33256862e-05,8.31355575e-05
0.894,-9.08650082e-07,-1.17798504e-05,-4.78415329e-05,-0.000246703157,2.93846319e-06,1.10852984e-05,5.31420667e-05,8.63567963e-05
0.895,-7.7718877e-07,-1.12720444e-05,-4.60305929e-05,-0.000242553468,3.15011837e-06,1.12529675e-05,5.28913985e-05,8.94984596e-05
0.896,-6.17883785e-07,-1.07281849e-05,-4.4186457e-05,-0.00023840542,3.35217713e-06,1.14178407e-05,5.26568659e-05,9.26375386e-05
0.897,-4.47327592e-07,-1.01821363e-05,-4.24191026e-05,-0.00023409386,3.55005634e-06,1.15722255e-05,5.23498911e-05,9.56646645e-05
0.898,-2.49948406e-07,-9.59584494e-06,-4.06032305e-05,-0.000229784837,3.73174464e-06,1.17133889e-05,5.2062091e-05,9.86968757e-05
0.899,-4.3377424e-08,-9.01552928e-06,-3.88844572e-05,-0.000225306637,3.9098862e-06,1.18453003e-05,5.16998396e-05,0.000101583222
0.9,1.8823513e-07,-8.39327345e-06,-3.70992504e-05,-0.000220831061,4.06318194e-06,1.1949471e-05,5.13573414e-05,0.000104489005
0.901,4.28335327e-07,-7.78648913e-06,-3.54343346e-05,-0.000216186902,4.21335309e-06,1.20462088e-05,5.09419509e-05,0.00010721567
0.902,6.89006646e-07,-7.1368865e-06,-3.36822381e-05,-0.000211543592,4.33070922e-06,1.21006382e-05,5.05425093e-05,0.000109975821
0.903,9.56108793e-07,-6.50957193e-06,-3.20750358e-05,-0.000206737669,4.44806823e-06,1.21563742e-05,5.00744428e-05,0.000112517179
0.904,1.23720589e-06,-5.83923511e-06,-3.03584238e-05,-0.000201927685,4.52627614e-06,1.2155653e-05,4.96141854e-05,0.000115103932
0.905,1.5251348e-06,-5.19713847e-06,-2.88135416e-05,-0.000196966878,4.60822218e-06,1.21669369e-05,4.90954972e-05,0.000117432248
0.906,1.82009184e-06,-4.51568528e-06,-2.71365729e-05,-0.000191994461,4.64456015e-06,1.21052408e-05,4.85730673e-05,0.000119818651
0.907,2.12370318e-06,-3.86696149e-06,-2.56582104e-05,-0.000186890542,4.68807956e-06,1.20685797e-05,4.80084379e-05,0.000121908025
0.908,2.42501467e-06,-3.18485743e-06,-2.40248144e-05,-0.000181766572,4.68026609e-06,1.19423516e-05,4.7423777e-05,0.000124065591
0.909,2.73762146e-06,-2.53608359e-06,-2.26156546e-05,-0.000176537964,4.6827671e-06,1.1856923e-05,4.68184375e-05,0.00012588927
0.91,3.03744947e-06,-1.86308569e-06,-2.10298821e-05,-0.000171279208,4.62948892e-06,1.16654611e-05,4.61715767e-05,0.000127788739
0.911,3.35348907e-06,-1.22172148e-06,-1.96912488e-05,-0.000165948346,4.58892159e-06,1.15315405e-05,4.55305825e-05,0.000129322583
0.912,3.64526826e-06,-5.69873194e-07,-1.81570202e-05,-0.00016057684,4.48986059e-06,1.12757791e-05,4.48218914e-05,0.000130936878
0.913,3.95844302e-06,5.61731237e-08,-1.68888503e-05,-0.000155170921,4.40460471e-06,1.10948341e-05,4.4149974e-05,0.000132159999
0.914,4.23346082e-06,6.76956703e-07,-1.54107777e-05,-0.000149714752,4.2604045e-06,1.07784992e-05,4.33802843e-05,0.000133464025
0.915,4.53547043e-06,1.2826989e-06,-1.42124661e-05,-0.000144263919,4.12996052e-06,1.05532346e-05,4.26814838e-05,0.000134359264
0.916,4.78594259e-06,1.86359077e-06,-1.2795334e-05,-0.00013875485,3.94376097e-06,1.01811932e-05,4.18526979e-05,0.000135331961
0.917,5.0706051e-06,2.44237716e-06,-1.16643684e-05,-0.000133290407,3.7704598e-06,9.91334927e-06,4.11307621e-05,0.000135887778
0.918,5.29051774e-06,2.97360133e-06,-1.03122077e-05,-0.000127764514,3.54823175e-06,9.49119259e-06,4.02463604e-05,0.000136513632
0.919,5.55030023e-06,3.51995318e-06,-9.24554626e-06,-0.000122319422,3.33598242e-06,9.1830518e-06,3.95039093e-05,0.000136723922
0.92,5.73250348e-06,3.99610898e-06,-7.96341397e-06,-0.000116816091,3.08478567e-06,8.71838361e-06,3.85684842e-05,0.000136992924
0.921,5.96037163e-06,4.50673862e-06,-6.95822731e-06,-0.000111422007,2.8389345e-06,8.37200637e-06,3.78069123e-05,0.000136856533
0.922,6.10230713e-06,4.92282281e-06,-5.75013598e-06,-0.000105981949,2.56801838e-06,7.87231168e-06,3.68272411e-05,0.000136765179
0.923,6.29517639e-06,5.39166625e-06,-4.80230999e-06,-0.000100669696,2.29613609e-06,7.48904375e-06,3.60469224e-05,0.000136286501
0.924,6.39646062e-06,5.74389138e-06,-3.67148073e-06,-9.5336886e-05,2.01504538e-06,6.96347326e-06,3.50312026e-05,0.000135838794
0.925,6.54977885e-06,6.16738068e-06,-2.77891758e-06,-9.01367471e-05,1.72376875e-06,6.54641792e-06,3.42299842e-05,0.000135026704
0.926,6.61033379e-06,6.45733552e-06,-1.72932124e-06,-8.49560124e-05,1.44002777e-06,6.00564279e-06,3.3187426e-05,0.000134233483
0.927,6.72199988e-06,6.83190137e-06,-8.91497537e-07,-7.98954285e-05,1.13554959e-06,5.55786667e-06,3.23614075e-05,0.000133100121
0.928,6.74679115e-06,7.06112667e-06,7.50346794e-08,-7.49114119e-05,8.55899629e-07,5.01210415e-06,3.13030791e-05,0.000131979825
0.929,6.81667023e-06,7.38104746e-06,8.5714718e-07,-7.00157038e-05,5.44426501e-07,4.53755334e-06,3.04466336e-05,0.000130540943
0.93,6.80969433e-06,7.55513914e-06,1.73937303e-06,-6.52720583e-05,2.73270041e-07,3.99793299e-06,2.93843247e-05,0.000129120234
0.931,6.83493088e-06,7.817383e-06,2.46048335e-06,-6.05631346e-05,-4.02414462e-08,3.5020823e-06,2.84900254e-05,0.000127393671
0.932,6.80059435e-06,7.94526835e-06,3.25861434e-06,-5.60998896e-05,-3.00725563e-07,2.97798194e-06,2.74367992e-05,0.000125705968
0.933,6.78150133e-06,8.14353124e-06,3.9113591e-06,-5.15956496e-05,-6.1076308e-07,2.46546095e-06,2.64974718e-05,0.000123709995
0.934,6.72719629e-06,8.2327534e-06,4.62962039e-06,-4.74476509e-05,-8.5929062e-07,1.96330985e-06,2.54678504e-05,0.000121795332
0.935,6.66385397e-06,8.35948443e-06,5.20384874e-06,-4.31618519e-05,-1.15957008e-06,1.44003723e-06,2.44766954e-05,0.000119548835
0.936,6.59389782e-06,8.4211371e-06,5.84905649e-06,-3.9356694e-05,-1.3963977e-06,9.64745264e-07,2.34850295e-05,0.000117453396
0.937,6.48464852e-06,8.47009715e-06,6.33119665e-06,-3.5298631e-05,-1.67966784e-06,4.38353888e-07,2.24362827e-05,0.000114974571
0.938,6.40294034e-06,8.51632357e-06,6.91401972e-06,-3.18553783e-05,-1.90559542e-06,-8.3138801e-09,2.14966649e-05,0.000112748827
0.939,6.24843701e-06,8.48026696e-06,7.2884797e-06,-2.80309604e-05,-2.16315245e-06,-5.29352943e-07,2.03875642e-05,0.00011005432
0.94,6.16013537e-06,8.52212613e-06,7.82385726e-06,-2.49594611e-05,-2.3800096e-06,-9.49689543e-07,1.95137175e-05,0.000107751333
0.941,5.96438115e-06,8.39189114e-06,8.07371917e-06,-2.13720702e-05,-2.60251487e-06,-1.45570657e-06,1.83454359e-05,0.000104856165
0.942,5.87503631e-06,8.43818173e-06,8.58070692e-06,-1.86725888e-05,-2.81327349e-06,-1.85500978e-06,1.75489251e-05,0.000102530484
0.943,5.64314399e-06,8.20608209e-06,8.68783615e-06,-1.53247316e-05,-2.99135802e-06,-2.33321957e-06,1.63263969e-05,9.94487949e-05
0.944,5.55519138e-06,8.26699096e-06,9.18762957e-06,-1.29886628e-05,-3.20093053e-06,-2.71869877e-06,1.56154102e-05,9.71542804e-05
0.945,5.29269748e-06,7.92926001e-06,9.13293881e-06,-9.88322075e-06,-3.32683051e-06,-3.15377318e-06,1.43486997e-05,9.389863e-05
0.946,5.20716732e-06,8.01291319e-06,9.64850084e-06,-7.89289048e-06,-3.54196003e-06,-3.53514247e-06,1.37276525e-05,9.16857823e-05
0.947,4.92224124e-06,7.56763904e-06,9.41432741e-06,-5.03345818e-06,-3.60932271e-06,-3.90945663e-06,1.24321557e-05,8.82689947e-05
0.948,4.83784872e-06,7.67981988e-06,9.968916e-06,-3.36267494e-06,-3.83731368e-06,-4.29753831e-06,1.19002043e-05,8.61837842e-05
0.949,4.53835968e-06,7.13104606e-06,9.53966e-06,-7.54042595e-07,-3.84151509e-06,-4.59149108e-06,1.05964743e-05,8.26199128e-05
0.95,4.44971773e-06,7.27591247e-06,1.01546123e-05,6.30618789e-07,-4.08934979e-06,-4.99790641e-06,1.01473725e-05,8.07002408e-05
0.951,4.14469314e-06,6.63206086e-06,9.51973293e-06,2.9825182e-06,-4.02742049e-06,-5.19169105e-06,8.8611458e-06,7.70054051e-05
0.952,4.04527927e-06,6.80802756e-06,1.02139933e-05,4.11987209e-06,-4.29987375e-06,-5.62795417e-06,8.48316514e-06,7.52794208e-05
0.953,3.74528018e-06,6.08187881e-06,9.37043207e-06,6.20882159e-06,-4.17032047e-06,-5.70270179e-06,7.24395758e-06,7.14738043e-05
0.954,3.62587052e-06,6.2837383e-06,1.01575505e-05,7.14105342e-06,-4.46904266e-06,-6.17876453e-06,6.92010466e-06,6.99570817e-05
0.955,3.34078933e-06,5.49460959e-06,9.11101366e-06,8.96198942e-06,-4.27264384e-06,-6.11849208e-06,5.75963832e-06,6.60648519e-05
0.956,3.19112951e-06,5.71216967e-06,9.99774787e-06,9.73131675e-06,-4.59524736e-06,-6.6415604e-06,5.46893242e-06,6.4758642e-05
0.957,2.93252808e-06,4.88271965e-06,8.76556184e-06,1.12819323e-05,-4.33509734e-06,-6.43478957e-06,4.41876726e-06,6.08100449e-05
0.958,2.7439137e-06,5.10039244e-06,9.75030757e-06,1.19273951e-05,-4.67429434e-06,-7.00710142e-06,4.13755978e-06,5.97019717e-05
0.959,2.52261982e-06,4.25855889e-06,8.36144404e-06,1.32103823e-05,-4.3565156e-06,-6.64865368e-06,3.22627602e-06,5.57342117e-05
0.96,2.28666266e-06,4.45920914e-06,9.4314577e-06,1.37639634e-05,-4.70067045e-06,-7.26628769e-06,2.93082857e-06,5.47975343e-05
0.961,2.11162178e-06,3.6369264e-06,7.92706618e-06,1.4789091e-05,-4.33516298e-06,-6.75971292e-06,2.18135738e-06,5.08541166e-05
0.962,1.82365814e-06,3.80092324e-06,9.05816639e-06,1.52721268e-05,-4.66834417e-06,-7.41132858e-06,1.8508612e-06,5.00489274e-05
0.963,1.7027937e-06,3.03093145e-06,7.49179321e-06,1.60593252e-05,-4.2685039e-06,-6.77027538e-06,1.27695322e-06,4.61801436e-05
0.964,1.36257718e-06,3.13949567e-06,8.64734201e-06,1.64790209e-05,-4.57143428e-06,-7.43593173e-06,8.9677803e-07,4.54553777e-05
0.965,1.29975373e-06,2.45524312e-06,7.08315246e-06,1.70604134e-05,-4.15476253e-06,-6.68567439e-06,4.99570233e-07,4.17165503e-05
0.966,9.11323651e-07,2.49257735e-06,8.21452104e-06,1.74052728e-05,-4.40596852e-06,-7.33679012e-06,6.52139437e-08,4.10121508e-05
0.967,9.06335226e-07,1.92345499e-06,6.72572927e-06,1.78277449e-05,-3.99384903e-06,-6.51464897e-06,-1.70334364e-07,3.74618037e-05
0.968,4.80363479e-07,1.87705934e-06,7.77428737e-06,1.80648213e-05,-4.17002945e-06,-7.11321547e-06,-6.49873408e-07,3.67138894e-05
0.969,5.26932288e-07,1.44651625e-06,6.43934751e-06,1.83922097e-05,-3.78722671e-06,-6.26830957e-06,-7.58236215e-07,3.34110894e-05
0.97,8.02691676e-08,1.31143405e-06,7.33867048e-06,1.84645882e-05,-3.86421393e-06,-6.76672062e-06,-1.25747583e-06,3.25580123e-05
0.971,1.62793576e-07,1.03517543e-06,6.23641281e-06,1.87782826e-05,-3.53755353e-06,-5.96023266e-06,-1.29422839e-06,2.95578758e-05
0.972,-2.79147683e-07,8.15858219e-07,6.91555024e-06,1.86067753e-05,-3.49079524e-06,-6.30164338e-06,-1.76879159e-06,2.85476588e-05
0.973,-1.8604785e-07,6.97255016e-07,6.11989376e-06,1.90066477e-05,-3.2452904e-06,-5.6069458e-06,-1.81049343e-06,2.58969718e-05
0.974,-5.86423604e-07,4.11675355e-07,6.50693048e-06,1.8494692e-05,-3.05273429e-06,-5.72699764e-06,-2.1952611e-06,2.469328e-05
0.975,-5.17725429e-07,4.37949995e-07,6.08252802e-06,1.90959264e-05,-2.90792953e-06,-5.22927486e-06,-2.33783041e-06,2.24252293e-05
0.976,-8.28433168e-07,1.21287022e-07,6.10957952e-06,1.81335656e-05,-2.55604295e-06,-5.06127753e-06,-2.54500333e-06,2.10085082e-05
0.977,-8.24438802e-07,2.55698881e-07,6.10848882e-06,1.90632504e-05,-2.52367111e-06,-4.85314026e-06,-2.90224995e-06,1.91382244e-05
0.978,-9.90095611e-07,-4.10879577e-08,5.71837641e-06,1.75292675e-05,-2.01353472e-06,-4.33497565e-06,-2.82008231e-06,1.75047589e-05
0.979,-1.09102774e-06,1.35911247e-07,6.17571179e-06,1.89227067e-05,-2.10020199e-06,-4.50499902e-06,-3.52448831e-06,1.6027317e-05
0.98,-1.05950123e-06,-7.88122593e-08,5.33247882e-06,1.66777763e-05,-1.44976589e-06,-3.58541485e-06,-3.01910243e-06,1.41928278e-05
0.981,-1.30558812e-06,5.1391138e-08,6.25730861e-06,1.86752025e-05,-1.66502306e-06,-4.20271606e-06,-4.22306566e-06,1.30813527e-05
0.982,-1.03870707e-06,-1.61434075e-08,4.95689837e-06,1.5558141e-05,-8.99582019e-07,-2.84271249e-06,-3.14545225e-06,1.10974884e-05
0.983,-1.480235e-06,-2.98413538e-08,6.31468362e-06,1.83051113e-05,-1.25930443e-06,-3.94715778e-06,-5.01499105e-06,1.02981572e-05
0.984,-9.50606021e-07,1.14997933e-07,4.59124685e-06,1.41498609e-05,-3.93445468e-07,-2.11436846e-06,-3.21490854e-06,8.28081192e-06
0.985,-1.66092206e-06,-1.27221587e-07,6.28887521e-06,1.77896966e-05,-9.07635317e-07,-3.7254044e-06,-5.90765101e-06,7.7041302e-06
0.986,-8.26780187e-07,3.06531073e-07,4.2116466e-06,1.2475815e-05,6.04568381e-08,-1.39050638e-06,-3.25017052e-06,5.84741833e-06
0.987,-1.90008773e-06,-2.3873162e-07,6.10122323e-06,1.71292918e-05,-5.76768515e-07,-3.53527013e-06,-6.87655054e-06,5.36042426e-06
0.988,-6.77057821e-07,5.95053697e-07,3.75725317e-06,1.06560763e-05,4.80979781e-07,-6.87010089e-07,-3.24897493e-06,3.89394097e-06
0.989,-2.1832637e-06,-3.62982708e-07,5.67741634e-06,1.63856762e-05,-1.68207429e-07,-3.41516643e-06,-7.84126411e-06,3.33418167e-06
0.99,-4.58659521e-07,1.02807725e-06,3.15694928e-06,8.89667819e-06,8.78384902e-07,-1.05628487e-07,-3.14312713e-06,2.40813213e-06
0.991,-2.35861488e-06,-5.5478371e-07,4.99869252e-06,1.56750734e-05,3.961583e-07,-3.43874001e-06,-8.67435292e-06,1.63557582e-06
0.992,-9.76412407e-08,1.55855106e-06,2.40353273e-06,7.35646859e-06,1.18740568e-06,1.60607091e-07,-2.79727e-06,1.20063267e-06
0.993,-2.19042635e-06,-9.647119e-07,4.13214714e-06,1.50841691e-05,1.01726849e-06,-3.63600935e-06,-9.26538047e-06,1.7027761e-07
0.994,4.02467101e-07,1.9420042e-06,1.61876977e-06,5.95035842e-06,1.24605622e-06,-3.89861552e-08,-2.09982138e-06,1.57411717e-08
0.995,-1.61145815e-06,-1.76975515e-06,3.17531142e-06,1.45372271e-05,1.34297598e-06,-3.87031898e-06,-9.61338661e-06,-1.1964261e-06
0.996,8.29819935e-07,1.80232608e-06,1.00465875e-06,4.30577658e-06,9.11066235e-07,-5.59259006e-07,-1.13361892e-06,-1.1151759e-06
0.997,-1.0520597e-06,-2.96143286e-06,2.09678392e-06,1.37462007e-05,9.97802324e-07,-3.80692944e-06,-9.84123092e-06,-2.42362609e-06
0.998,7.85588246e-07,9.80624413e-07,6.06213582e-07,2.13791688e-06,3.06710091e-07,-8.00824122e-07,-2.7776904e-07,-1.50809493e-06
0.999,-1.45633919e-06,-4.13556378e-06,5.93846263e-07,1.24118575e-05,1.63657018e-07,-3.1354097e-06,-1.00139002e-05,-3.05976844e-06
1.0,0.0,0.0,0.0,0.0,-0.0,-0.0,-0.0,-0.0
