r,R  2/ 1,R  3/ 1,R  4/ 1,R  5/ 1,I  2/ 1,I  3/ 1,I  4/ 1,I  5/ 1
0.0,0.0,0.0,0.0,0.0,-0.0,-0.0,-0.0,-0.0
0.001,1.25457436e-06,-6.22303102e-07,-1.0031378e-09,3.22205156e-08,-3.93083136e-06,6.36363617e-07,3.53440669e-09,-2.17981296e-08
0.002,5.08017665e-06,-4.6935318e-06,-1.98128839e-09,7.84071546e-08,-1.57212568e-05,4.66152583e-06,4.41672787e-08,-1.96755856e-08
0.003,1.16401148e-05,-1.58483718e-05,-1.60372468e-09,1.26047441e-07,-3.52790724e-05,1.50532397e-05,2.17588225e-07,3.42372329e-08
0.004,2.11368559e-05,-3.79799002e-05,-4.31220992e-09,1.61522305e-07,-6.23918126e-05,3.40880254e-05,6.86014195e-07,1.99107116e-07
0.005,3.37838796e-05,-7.51936383e-05,-2.78201539e-08,1.65733114e-07,-9.67399896e-05,6.32003468e-05,1.68066607e-06,5.57577222e-07
0.006,4.97820657e-05,-0.000131701018,-1.12876195e-07,1.01656654e-07,-0.000137913829,0.000102931176,3.50235305e-06,1.21226871e-06
0.007,6.93016159e-05,-0.000211691146,-3.34255087e-07,-9.34427566e-08,-0.000185431808,0.000152931026,6.51958956e-06,2.28070846e-06
0.008,9.24694241e-05,-0.000319200869,-8.12244129e-07,-5.13325088e-07,-0.00023875987,0.000211999319,1.11640807e-05,3.88787642e-06
0.009,0.000119361475,-0.000457993374,-1.72404497e-06,-1.28618912e-06,-0.000297330715,0.000278148718,1.79236558e-05,6.15781819e-06
0.01,0.000149999652,-0.000631450716,-3.31455983e-06,-2.5761667e-06,-0.000360562109,0.000348686718,2.73327862e-05,9.20511959e-06
0.011,0.000184352401,-0.00084248301,-5.90610655e-06,-4.58294498e-06,-0.000427873697,0.000420308937,3.99609329e-05,1.31266505e-05
0.012,0.000222338547,-0.00109345542,-9.90663262e-06,-7.53967137e-06,-0.000498701669,0.000489199846,5.63989918e-05,1.79938556e-05
0.013,0.000263833639,-0.00138613315,-1.58160722e-05,-1.17093397e-05,-0.000572511044,0.000551137433,7.72441704e-05,2.38458165e-05
0.014,0.000308678102,-0.00172164383,-2.42305351e-05,-1.73798869e-05,-0.000648805267,0.000601598912,0.000103083655,3.06832638e-05
0.015,0.000356686608,-0.00210045651,-3.58441029e-05,-2.48582399e-05,-0.00072713312,0.000635864994,0.000134477464,3.84636839e-05
0.016,0.000407658014,-0.00252237589,-5.14480691e-05,-3.44635628e-05,-0.000807092927,0.00064912066,0.00017194091,4.70976199e-05
0.017,0.00046138538,-0.00298655032,-7.19275501e-05,-4.65199517e-05,-0.000888334243,0.000636550687,0.000215927099,5.64462329e-05
0.018,0.000517665552,-0.00349149204,-9.82554621e-05,-6.13488192e-05,-0.000970557199,0.000593428566,0.000266809892,6.63201461e-05
0.019,0.000576307961,-0.0040351079,-0.000131483946,-7.92612037e-05,-0.0010535098,0.000515197706,0.000324867767,7.64795605e-05
0.02,0.000637142289,-0.00461473891,-0.000172733379,-0.000100550215,-0.0011369835,0.000397544158,0.000390268954,8.6635597e-05
0.021,0.000700024804,-0.00522720697,-0.000223179198,-0.000125483818,-0.00122080738,0.000236460331,0.000463058234,9.64527906e-05
0.022,0.000764843184,-0.00586886701,-0.000284036783,-0.000154298119,-0.00130484129,2.82994549e-05,0.000543145699,0.00010555263
0.023,0.000831519768,-0.00653566327,-0.000356544754,-0.000187191293,-0.00138896835,-0.000230179087,0.000630297752,0.00011351799
0.024,0.000900013207,-0.00722318821,-0.000441947,-0.000224318271,-0.00147308704,-0.000541773498,0.000724130541,0.00011989835
0.025,0.000970318572,-0.00792674275,-0.000541473845,-0.000265786279,-0.00155710337,-0.000908812079,0.000824105989,0.000124215646
0.026,0.00104246599,-0.00864139674,-0.000656322713,-0.000311651294,-0.00164092318,-0.00133313408,0.000929530511,0.000125970609
0.027,0.00111651795,-0.00936204864,-0.000787638717,-0.000361915441,-0.0017244451,-0.0018160783,0.00103955642,0.000124649436
0.028,0.00119256548,-0.0100834837,-0.000936495531,-0.000416525353,-0.00180755407,-0.00235847889,0.00115318599,0.000119730632
0.029,0.00127072334,-0.0108004296,-0.00110387693,-0.000475371463,-0.0018901159,-0.00296066755,0.00126927812,0.000110691887
0.03,0.00135112439,-0.0115076098,-0.00129065937,-0.000538288208,-0.00197197268,-0.00362248152,0.00138655737,9.70168463e-05
0.031,0.00143391352,-0.0121997926,-0.00149759582,-0.000605055064,-0.00205293942,-0.00434327656,0.00150362523,7.82016466e-05
0.032,0.00151924113,-0.0128718379,-0.00172530129,-0.000675398379,-0.00213280173,-0.00512194429,0.00161897335,5.37611333e-05
0.033,0.00160725647,-0.0135187392,-0.00197424008,-0.000748993975,-0.00221131462,-0.00595693349,0.00173099859,2.32347149e-05
0.034,0.00169810109,-0.0141356611,-0.00224471509,-0.000825470378,-0.00228820253,-0.00684627449,0.00183801945,-1.38082763e-05
0.035,0.00179190242,-0.0147179738,-0.00253685918,-0.000904412592,-0.00236316028,-0.00778760599,0.0019382937,-5.77637968e-05
0.036,0.00188876777,-0.015261283,-0.0028506289,-0.000985366292,-0.00243585512,-0.00877820366,0.00203003681,-0.00010898891
0.037,0.00198877886,-0.015761456,-0.00318580045,-0.00106784237,-0.00250592952,-0.00981501016,0.0021114409,-0.000167798236
0.038,0.00209198697,-0.016214644,-0.00354196786,-0.00115132171,-0.00257300487,-0.010894666,0.00218069394,-0.00023446104
0.039,0.00219840873,-0.016617301,-0.00391854356,-0.00123526014,-0.00263668566,-0.0120135412,0.00223599886,-0.00030919896
0.04,0.00230802282,-0.0169661993,-0.00431476104,-0.00131909342,-0.00269656429,-0.0131677664,0.00227559224,-0.000392184361
0.041,0.00242076736,-0.0172584416,-0.00472967958,-0.00140224224,-0.00275222611,-0.0143532649,0.00229776244,-0.000483539295
0.042,0.00253653817,-0.0174914708,-0.00516219092,-0.00148411714,-0.00280325479,-0.0155657832,0.00230086685,-0.000583335028
0.043,0.00265518785,-0.0176630759,-0.00561102764,-0.00156412333,-0.00284923779,-0.0168009223,0.0022833481,-0.000691592061
0.044,0.00277652563,-0.0177713961,-0.00607477317,-0.00164166543,-0.00288977175,-0.0180541671,0.00224374908,-0.000808280633
0.045,0.00290031805,-0.0178149221,-0.00655187312,-0.00171615181,-0.00292446788,-0.0193209159,0.00218072663,-0.000933321676
0.046,0.00302629026,-0.0177924955,-0.00704064784,-0.00178699879,-0.00295295703,-0.0205965084,0.00209306364,-0.00106658815
0.047,0.00315412806,-0.0177033066,-0.00753930597,-0.00185363448,-0.00297489449,-0.021876253,0.00197967973,-0.00120790671
0.048,0.0032834805,-0.0175468894,-0.00804595871,-0.00191550235,-0.00298996443,-0.0231554523,0.00183964012,-0.00135705966
0.049,0.003413963,-0.0173231166,-0.00855863473,-0.0019720644,-0.00299788383,-0.0244294287,0.00167216303,-0.00151378714
0.05,0.00354516087,-0.0170321918,-0.00907529545,-0.00202280409,-0.00299840595,-0.0256935479,0.00147662523,-0.00167778947
0.051,0.00367663325,-0.0166746413,-0.00959385047,-0.00206722888,-0.00299132331,-0.0269432417,0.00125256603,-0.00184872962
0.052,0.00380791725,-0.0162513046,-0.0101121731,-0.00210487244,-0.00297647001,-0.0281740294,0.000999689604,-0.00202623581
0.053,0.00393853239,-0.0157633229,-0.0106281156,-0.00213529672,-0.00295372359,-0.029381539,0.000717865825,-0.00220990409
0.054,0.00406798513,-0.0152121273,-0.0111395246,-0.00215809376,-0.00292300617,-0.0305615259,0.000407129714,-0.00239930104
0.055,0.00419577345,-0.0145994252,-0.0116442555,-0.00217288716,-0.0028842852,-0.0317098921,6.7679383e-05,-0.00259396642
0.056,0.00432139138,-0.0139271861,-0.0121401867,-0.00217933334,-0.00283757351,-0.0328227027,-0.000300127319,-0.00279341585
0.057,0.00444433341,-0.0131976273,-0.0126252331,-0.00217712253,-0.00278292892,-0.0338962019,-0.000695777369,-0.00299714352
0.058,0.00456409876,-0.0124131974,-0.0130973586,-0.00216597957,-0.00272045342,-0.0349268277,-0.00111860822,-0.00320462478
0.059,0.00468019544,-0.0115765602,-0.0135545882,-0.00214566452,-0.0026502918,-0.0359112254,-0.00156781447,-0.00341531876
0.06,0.00479214405,-0.0106905777,-0.0139950183,-0.00211597302,-0.00257262996,-0.0368462595,-0.00204245533,-0.00362867089
0.061,0.00489948129,-0.00975829286,-0.0144168272,-0.00207673654,-0.00248769284,-0.0377290242,-0.00254146291,-0.00384411543
0.062,0.00500176312,-0.00878291104,-0.0148182834,-0.00202782245,-0.00239574208,-0.038556853,-0.00306365112,-0.00406107786
0.063,0.0050985676,-0.0077677813,-0.0151977534,-0.00196913414,-0.00229707359,-0.0393273261,-0.00360772467,-0.0042789774
0.064,0.00518949739,-0.0067163768,-0.0155537086,-0.00190061105,-0.00219201496,-0.0400382767,-0.00417228849,-0.0044972293
0.065,0.00527418198,-0.0056322753,-0.0158847308,-0.00182222848,-0.00208092271,-0.0406877951,-0.00475585731,-0.00471524718
0.066,0.00535227954,-0.00451913989,-0.0161895169,-0.0017339973,-0.00196417951,-0.0412742326,-0.00535686552,-0.00493244531
0.067,0.00542347858,-0.00338069985,-0.0164668829,-0.00163596349,-0.0018421912,-0.0417962029,-0.00597367702,-0.00514824071
0.068,0.00548749918,-0.002220732,-0.0167157671,-0.00152820756,-0.00171538385,-0.0422525829,-0.00660459507,-0.00536205523
0.069,0.00554409402,-0.00104304252,-0.0169352316,-0.00141084374,-0.00158420081,-0.0426425125,-0.00724787227,-0.00557331745
0.07,0.00559304909,0.00014855023,-0.0171244641,-0.00128401905,-0.00144909965,-0.0429653933,-0.00790172045,-0.00578146443
0.071,0.00563418397,0.00135023141,-0.0172827779,-0.001147912,-0.00131054915,-0.0432208872,-0.00856432083,-0.00598594331
0.072,0.00566735188,0.00255820497,-0.0174096111,-0.00100273134,-0.00116902628,-0.043408913,-0.00923383407,-0.00618621271
0.073,0.00569243981,0.00376871302,-0.0175045268,-0.000848715726,-0.00102501342,-0.0435296414,-0.00990840879,-0.0063817447
0.074,0.0057093685,0.00497805449,-0.0175672119,-0.000686133361,-0.000878995643,-0.0435834884,-0.0105861899,-0.00657202668
0.075,0.00571809211,0.00618260202,-0.0175974764,-0.000515281105,-0.000731457968,-0.0435711064,-0.011265327,-0.00675656325
0.076,0.00571859766,0.00737881759,-0.0175952507,-0.000336483368,-0.000582882789,-0.0434933762,-0.0119439827,-0.00693487789
0.077,0.00571090426,0.00856326692,-0.0175605831,-0.000150090808,-0.000433747414,-0.0433513969,-0.0126203402,-0.00710651458
0.078,0.00569506221,0.0097326331,-0.0174936368,4.35210662e-05,-0.000284521772,-0.0431464742,-0.0132926112,-0.00727103937
0.079,0.0056711519,0.0108837294,-0.0173946863,0.000243953339,-0.000135666327,-0.0428801089,-0.0139590424,-0.00742804201
0.08,0.00563928274,0.0120135118,-0.0172641138,0.000450785086,1.23697597e-05,-0.042553982,-0.0146179217,-0.00757713764
0.081,0.00559959225,0.0131190917,-0.0171024063,0.000663574573,0.000159150182,-0.0421699391,-0.0152675832,-0.00771796868
0.082,0.00555224517,0.0141977474,-0.0169101525,0.000881860627,0.000304252879,-0.0417299735,-0.0159064118,-0.00785020648
0.083,0.00549743158,0.0152469263,-0.0166880366,0.00110516586,0.000447271521,-0.0412362144,-0.0165328489,-0.00797355155
0.084,0.0054353651,0.0162642473,-0.0164368318,0.00133299971,0.000587816827,-0.0406909154,-0.0171453982,-0.00808773349
0.085,0.00536628118,0.0172475024,-0.0161573946,0.00156486093,0.000725517629,-0.0400964424,-0.0177426296,-0.00819251116
0.086,0.00529043542,0.0181946599,-0.0158506587,0.00180023989,0.000860021736,-0.0394552603,-0.0183231829,-0.00828767288
0.087,0.00520810202,0.0191038658,-0.0155176296,0.00203862066,0.000990996626,-0.0387699193,-0.0188857703,-0.00837303677
0.088,0.0051195722,0.0199734451,-0.0151593788,0.00227948306,0.00111813,-0.0380430407,-0.0194291794,-0.00844845108
0.089,0.0050251527,0.0208019023,-0.0147770382,0.00252230456,0.00124113019,-0.0372773019,-0.0199522743,-0.00851379461
0.09,0.00492516452,0.0215879217,-0.0143717959,0.00276656208,0.00135972637,-0.0364754206,-0.0204539973,-0.00856897728
0.091,0.00481994207,0.0223303681,-0.0139448919,0.0030117333,0.00147366875,-0.0356401372,-0.0209333692,-0.00861394105
0.092,0.0047098324,0.0230282868,-0.0134976162,0.00325729812,0.00158272876,-0.0347741976,-0.0213894899,-0.00864866047
0.093,0.00459519308,0.0236808953,-0.0130313004,0.00350274191,0.00168669963,-0.0338803475,-0.0218215412,-0.00867314073
0.094,0.00447638988,0.0242875747,-0.0125473102,0.00374755826,0.00178539689,-0.0329613271,-0.022228789,-0.00868741551
0.095,0.00435379492,0.0248478645,-0.0120470391,0.00399125109,0.00187865875,-0.0320198649,-0.0226105846,-0.00869154536
0.096,0.00422778482,0.025361457,-0.0115319025,0.00423333617,0.00196634637,-0.0310586706,-0.0229663659,-0.00868561627
0.097,0.00409873909,0.0258281922,-0.0110033314,0.00447334249,0.00204834394,-0.0300804273,-0.0232956575,-0.00866973866
0.098,0.00396703838,0.0262480529,-0.0104627674,0.00471081339,0.00212455872,-0.0290877835,-0.0235980706,-0.0086440463
0.099,0.00383306301,0.0266211596,-0.00991165698,0.00494530754,0.00219492092,-0.0280833447,-0.0238733025,-0.00860869564
0.1,0.00369719159,0.0269477651,-0.00935144635,0.00517639968,0.00225938357,-0.0270696638,-0.024121136,-0.00856386523
0.101,0.00355979989,0.0272282501,-0.00878357836,0.00540368107,0.00231792244,-0.0260492307,-0.0243414379,-0.00850975578
0.102,0.00342125999,0.0274631183,-0.00820948914,0.00562675996,0.00237053585,-0.0250244623,-0.0245341578,-0.00844658978
0.103,0.00328193842,0.0276529866,-0.00763060041,0.00584526286,0.00241724407,-0.0239977023,-0.024699326,-0.00837460853
0.104,0.0031421944,0.027798578,-0.00704831251,0.0060588355,0.00245808823,-0.0229712209,-0.0248370522,-0.00829406932
0.105,0.00300237829,0.0279007142,-0.00646399901,0.00626714304,0.00249312936,-0.0219472134,-0.0249475219,-0.0082052433
0.106,0.00286283025,0.0279603102,-0.00587900226,0.00646987029,0.00252244735,-0.0209277977,-0.0250309939,-0.00810841394
0.107,0.00272387914,0.0279783677,-0.00529462946,0.00666672161,0.00254613977,-0.0199150113,-0.0250877961,-0.00800387566
0.108,0.00258584153,0.0279559698,-0.00471214928,0.00685742089,0.00256432074,-0.0189108082,-0.0251183225,-0.00789193278
0.109,0.00244902095,0.0278942749,-0.00413278895,0.00704171146,0.00257711972,-0.0179170553,-0.0251230288,-0.00777289855
0.11,0.00231370727,0.0277945107,-0.00355773189,0.00721935596,0.0025846803,-0.0169355289,-0.0251024287,-0.00764709443
0.111,0.00218017642,0.0276579684,-0.00298811626,0.00739013618,0.00258715906,-0.0159679109,-0.0250570902,-0.00751484959
0.112,0.00204869007,0.0274859971,-0.0024250339,0.00755385283,0.00258472448,-0.0150157848,-0.0249876322,-0.00737650027
0.113,0.001919495,0.0272799974,-0.00186952731,0.00771032556,0.0025775558,-0.0140806369,-0.0248947202,-0.00723238835
0.114,0.00179282241,0.0270414158,-0.0013225871,0.00785939277,0.00256584184,-0.0131638573,-0.024779064,-0.00708285986
0.115,0.00166888754,0.0267717401,-0.000785150287,0.00800091124,0.00254977992,-0.0122667408,-0.0246414131,-0.00692826382
0.116,0.00154788941,0.026472495,-0.00025809903,0.00813475569,0.00252957478,-0.0113904866,-0.0244825541,-0.00676895119
0.117,0.00143001071,0.0261452377,0.00025774034,0.00826081814,0.00250543759,-0.0105362003,-0.0243033069,-0.00660527385
0.118,0.00131541756,0.0257915553,0.000761598375,0.0083790072,0.0024775849,-0.0097048952,-0.0241045215,-0.00643758338
0.119,0.00120425918,0.0254130622,0.00125276424,0.00848924717,0.00244623775,-0.00889749712,-0.023887075,-0.00626622947
0.12,0.00109666688,0.0250113986,0.00173058945,0.00859147698,0.00241162049,-0.00811485231,-0.0236518677,-0.00609155762
0.121,0.00099275188,0.0245882303,0.00219449615,0.00868564924,0.00237395899,-0.00735774204,-0.0233998179,-0.00591390547
0.122,0.000892603336,0.0241452464,0.00264398596,0.00877172985,0.00233347831,-0.00662689513,-0.0231318546,-0.00573359967
0.123,0.000796291187,0.0236841553,0.00307862838,0.00884969743,0.00229040242,-0.00592296608,-0.022848915,-0.00555096128
0.124,0.000703869004,0.0232066761,0.00349805108,0.00891954383,0.00224495394,-0.00524651526,-0.0225519419,-0.00536631018
0.125,0.000615375512,0.0227145284,0.00390193545,0.00898127514,0.00219735321,-0.00459799871,-0.0222418801,-0.00517996704
0.126,0.000530835394,0.0222094233,0.00429001426,0.00903491258,0.00214781759,-0.00397776402,-0.0219196727,-0.00499225391
0.127,0.000450259913,0.0216930541,0.00466207006,0.0090804931,0.0020965607,-0.00338604993,-0.0215862581,-0.00480349391
0.128,0.00037364752,0.0211670891,0.0050179339,0.00911806978,0.00204379187,-0.0028229883,-0.0212425672,-0.00461401036
0.129,0.000300984414,0.0206331648,0.00535748407,0.00914771178,0.00198971561,-0.00228860781,-0.0208895207,-0.0044241256
0.13,0.000232245018,0.0200928805,0.00568064508,0.00916950427,0.0019345311,-0.00178283903,-0.0205280269,-0.00423415961
0.131,0.00016739227,0.0195477936,0.00598738744,0.00918354797,0.00187843161,-0.00130552111,-0.0201589788,-0.00404442837
0.132,0.000106377952,0.0189994155,0.00627772726,0.00918995881,0.00182160383,-0.000856408393,-0.0197832515,-0.00385524226
0.133,4.91437419e-05,0.0184492066,0.00655172276,0.00918886766,0.00176422779,-0.000435172263,-0.0194017006,-0.00366690579
0.134,-4.377756e-06,0.0178985708,0.00680947106,0.00918042016,0.00170647663,-4.14036159e-05,-0.0190151617,-0.00347971722
0.135,-5.42621899e-05,0.017348851,0.00705110579,0.00916477636,0.00164851639,0.00032538294,-0.0186244479,-0.0032939677
0.136,-0.000100592735,0.0168013249,0.00727679513,0.00914211026,0.00159050567,0.000665743886,-0.0182303491,-0.00310994036
0.137,-0.000143459402,0.0162572021,0.00748673984,0.00911260926,0.00153259537,0.000980301085,-0.0178336298,-0.00292790933
0.138,-0.000182958322,0.0157176207,0.00768117116,0.00907647348,0.00147492844,0.0012697359,-0.0174350283,-0.00274813879
0.139,-0.000219190966,0.0151836445,0.00786034856,0.00903391515,0.00141763962,0.00153478352,-0.0170352555,-0.00257088212
0.14,-0.000252263197,0.0146562606,0.00802455675,0.00898515789,0.00136085538,0.00177622786,-0.0166349934,-0.00239638133
0.141,-0.000282284105,0.0141363764,0.00817410166,0.00893043615,0.0013046941,0.00199489778,-0.0162348962,-0.00222486679
0.142,-0.000309364946,0.0136248177,0.00830930636,0.00886999426,0.0012492664,0.00219166288,-0.0158355908,-0.00205655704
0.143,-0.000333619137,0.0131223311,0.00843051155,0.00880408498,0.0011946746,0.002367423,-0.0154376746,-0.00189165707
0.144,-0.000355162177,0.0126295874,0.00853807553,0.00873296786,0.00114101233,0.00252309871,-0.0150417151,-0.00173035701
0.145,-0.000374111264,0.0121471842,0.00863237302,0.00865690785,0.00108836463,0.00265962394,-0.0146482488,-0.00157283139
0.146,-0.000390584789,0.0116756488,0.00871379347,0.00857617395,0.00103680817,0.00277794002,-0.0142577819,-0.00141923876
0.147,-0.000404701797,0.0112154398,0.00878273916,0.0084910382,0.000986411493,0.00287899053,-0.0138707896,-0.00126972159
0.148,-0.000416581432,0.0107669493,0.00883962316,0.00840177467,0.000937235272,0.00296371684,-0.013487717,-0.00112440627
0.149,-0.000426342323,0.0103305038,0.00888486713,0.00830865875,0.000889332537,0.00303305447,-0.0131089787,-0.000983403326
0.15,-0.000434101811,0.00990636531,0.00891889852,0.00821196651,0.000842749118,0.00308793045,-0.0127349598,-0.000846807838
0.151,-0.000439974933,0.00949473061,0.00894214661,0.00811197429,0.000797524464,0.00312926242,-0.0123660176,-0.00071470036
0.152,-0.000444073583,0.00909573248,0.0089550388,0.00800895796,0.000753692641,0.00315795768,-0.0120024851,-0.000587147886
0.153,-0.000446506897,0.00870944647,0.00895800251,0.00790319128,0.000711281943,0.0031749056,-0.0116446687,-0.000464202876
0.154,-0.000447381662,0.00833589837,0.00895146654,0.00779494419,0.000670314691,0.00318097158,-0.0112928476,-0.000345902813
0.155,-0.00044680241,0.0079750702,0.00893586078,0.00768448139,0.00063080745,0.00317699363,-0.0109472739,-0.000232270476
0.156,-0.000444871316,0.00762690513,0.00891161537,0.00757206131,0.000592771366,0.0031637805,-0.0106081738,-0.000123314535
0.157,-0.000441688044,0.00729131164,0.00887915949,0.00745793528,0.000556212526,0.0031421106,-0.0102757486,-1.90303016e-05
0.158,-0.0004373496,0.00696816723,0.00883892029,0.00734234687,0.000521132294,0.00311273137,-0.00995017531,8.05994538e-05
0.159,-0.000431950268,0.00665732189,0.00879132188,0.00722553137,0.000487527591,0.00307635886,-0.0096316078,0.000175603674
0.16,-0.00042558161,0.00635860162,0.00873678478,0.00710771533,0.000455391083,0.00303367723,-0.00932017745,0.000266022244
0.161,-0.000418332539,0.00607181205,0.00867572566,0.00698911608,0.00042471124,0.00298533806,-0.00901599328,0.000351905394
0.162,-0.000410289337,0.00579674156,0.00860855711,0.00686994143,0.00039547236,0.00293195969,-0.00871914176,0.000433313178
0.163,-0.000401535327,0.00553316198,0.00853568574,0.00675038978,0.000367655124,0.00287412883,-0.00842968878,0.000510314299
0.164,-0.000392150569,0.00528082913,0.00845751043,0.00663065037,0.000341237067,0.00281240166,-0.00814768106,0.000582985129
0.165,-0.000382211685,0.00503948392,0.00837442134,0.00651090339,0.00031619288,0.00274730451,-0.00787314722,0.000651408936
0.166,-0.000371791781,0.00480885382,0.00828679909,0.00639132005,0.000292494651,0.00267933425,-0.00760609857,0.00071567521
0.167,-0.000360960415,0.00458865452,0.00819501426,0.00627206259,0.000270112105,0.0026089586,-0.00734652995,0.000775879033
0.168,-0.000349783604,0.00437859182,0.00809942688,0.00615328429,0.000249012844,0.00253661658,-0.00709442068,0.000832120466
0.169,-0.000338323875,0.00417836356,0.00800038616,0.00603512946,0.000229162582,0.00246271891,-0.00684973539,0.000884503972
0.17,-0.000326640355,0.00398766179,0.00789823031,0.0059177334,0.000210525332,0.00238764848,-0.00661242486,0.000933137864
0.171,-0.000314788932,0.00380617495,0.00779328677,0.00580122242,0.000193063496,0.00231176059,-0.0063824264,0.000978133857
0.172,-0.00030282237,0.00363358992,0.00768587224,0.00568571386,0.000176737902,0.00223538333,-0.00615966413,0.00101960668
0.173,-0.000290790216,0.00346959236,0.00757629187,0.00557131645,0.000161508236,0.002158819,-0.00594405059,0.00105767332
0.174,-0.000278738684,0.0033138672,0.0074648385,0.00545813059,0.000147333439,0.0020823454,-0.0057354881,0.00109245242
0.175,-0.00026671062,0.00316609921,0.00735179231,0.00534624858,0.000134171999,0.00200621675,-0.00553386968,0.00112406382
0.176,-0.000254745568,0.00302597396,0.00723742066,0.0052357549,0.000121982132,0.00193066456,-0.00533907984,0.00115262808
0.177,-0.000242879866,0.00289317873,0.00712197807,0.00512672649,0.000110721899,0.00185589851,-0.00515099539,0.00117826608
0.178,-0.000231146747,0.0027674034,0.00700570625,0.00501923303,0.000100349339,0.00178210729,-0.00496948622,0.00120109856
0.179,-0.000219576412,0.00264834129,0.00688883417,0.00491333716,9.08226181e-05,0.00170945959,-0.00479441607,0.00122124582
0.18,-0.000208196098,0.00253568983,0.0067715781,0.00480909475,8.21001862e-05,0.00163810506,-0.00462564338,0.00123882731
0.181,-0.000197030128,0.00242915109,0.00665414157,0.0047065552,7.4140978e-05,0.00156817545,-0.00446302222,0.00125396131
0.182,-0.000186099984,0.00232843224,0.00653671546,0.00460576171,6.69046181e-05,0.00149978573,-0.00430640335,0.00126676456
0.183,-0.000175424472,0.00223324666,0.00641947848,0.00450675145,6.03514339e-05,0.00143303487,-0.0041556345,0.00127735208
0.184,-0.000165019891,0.00214331478,0.00630259768,0.00440955576,5.44424844e-05,0.0013680066,-0.00401056077,0.00128583698
0.185,-0.000154900183,0.00205836483,0.00618622884,0.00431420039,4.91396317e-05,0.00130477038,-0.0038710252,0.00129233031
0.186,-0.000145077057,0.00197813324,0.00607051678,0.00422070572,4.44056206e-05,0.00124338232,-0.00373686934,0.00129694079
0.187,-0.000135560099,0.00190236499,0.00595559566,0.0041290871,4.0204151e-05,0.00118388611,-0.00360793376,0.00129977467
0.188,-0.00012635686,0.00183081374,0.00584158925,0.00403935507,3.64999537e-05,0.00112631398,-0.0034840586,0.00130093559
0.189,-0.000117472948,0.00176324181,0.00572861106,0.00395151564,3.32588652e-05,0.00107068758,-0.00336508406,0.0013005244
0.19,-0.000108912112,0.00169942009,0.00561676468,0.00386557067,3.0447897e-05,0.00101701889,-0.00325085092,0.00129863902
0.191,-0.000100676314,0.00163912769,0.00550614398,0.0037815182,2.80353689e-05,0.000965311266,-0.00314120124,0.00129537435
0.192,-9.27658291e-05,0.00158215176,0.00539683329,0.0036993528,2.59910663e-05,0.000915560447,-0.00303597925,0.00129082201
0.193,-8.51794404e-05,0.001528288,0.00528890818,0.00361906569,2.42861228e-05,0.000867755032,-0.0029350311,0.00128507047
0.194,-7.79146391e-05,0.00147734113,0.0051824361,0.00354064494,2.28929357e-05,0.000821876988,-0.00283820488,0.00127820506
0.195,-7.09677899e-05,0.00142912508,0.00507747691,0.00346407564,2.1785155e-05,0.000777902313,-0.00274535083,0.00127030792
0.196,-6.43342626e-05,0.00138346306,0.00497408333,0.0033893401,2.09376948e-05,0.000735801727,-0.0026563216,0.00126145802
0.197,-5.80085462e-05,0.00134018745,0.00487230128,0.00331641812,2.03267429e-05,0.000695541354,-0.00257097258,0.0012517311
0.198,-5.19843562e-05,0.00129913971,0.00477217029,0.00324528716,1.99297633e-05,0.000657083351,-0.00248916209,0.00124119969
0.199,-4.62547466e-05,0.00126017026,0.00467372383,0.00317592257,1.97254861e-05,0.000620386478,-0.00241075156,0.00122993311
0.2,-4.08122398e-05,0.00122313837,0.00457698981,0.00310829778,1.96938685e-05,0.000585406576,-0.00233560566,0.00121799752
0.201,-3.56489726e-05,0.00118791213,0.00448199103,0.00304238454,1.98159852e-05,0.000552096895,-0.00226359216,0.00120545599
0.202,-3.07568093e-05,0.00115436831,0.00438874567,0.00297815308,2.00739083e-05,0.000520408357,-0.00219458176,0.00119236861
0.203,-2.61273609e-05,0.0011223918,0.00429726738,0.00291557238,2.04507934e-05,0.000490290164,-0.00212844851,0.00117879247
0.204,-2.17519828e-05,0.0010918749,0.00420756538,0.00285461031,2.09309352e-05,0.000461690321,-0.00206507013,0.00116478172
0.205,-1.76217995e-05,0.00106271691,0.0041196447,0.00279523384,2.14997498e-05,0.000434556014,-0.00200432809,0.00115038757
0.206,-1.372775e-05,0.00103482367,0.00403350645,0.0027374092,2.21437321e-05,0.000408833915,-0.00194610763,0.00113565841
0.207,-1.00606404e-05,0.00100810728,0.00394914804,0.00268110204,2.28504095e-05,0.000384470455,-0.00189029774,0.00112063991
0.208,-6.61119698e-06,0.000982485751,0.00386656354,0.00262627758,2.36082972e-05,0.000361412064,-0.00183679115,0.00110537504
0.209,-3.3701174e-06,0.000957882807,0.00378574393,0.0025729007,2.44068532e-05,0.000339605393,-0.00178548431,0.0010899042
0.21,-3.28122275e-07,0.000934227602,0.00370667735,0.00252093604,2.52364314e-05,0.000318997506,-0.00173627739,0.00107426529
0.211,2.52399306e-06,0.000911454527,0.00362934944,0.00247034816,2.60882243e-05,0.000299536026,-0.00168907414,0.00105849381
0.212,5.19530955e-06,0.000889502976,0.00355374355,0.00242110155,2.69542025e-05,0.000281169253,-0.00164378187,0.00104262297
0.213,7.69474664e-06,0.000868317034,0.00347984108,0.00237316083,2.78270843e-05,0.000263846364,-0.0016003114,0.00102668373
0.214,1.00310391e-05,0.000847845149,0.00340762162,0.00232649085,2.87002956e-05,0.000247517569,-0.00155857709,0.00101070495
0.215,1.22127216e-05,0.000828039842,0.00333706316,0.00228105675,2.95679403e-05,0.000232134252,-0.00151849677,0.000994713419
0.216,1.42481224e-05,0.000808857432,0.00326814213,0.002236824,3.04247727e-05,0.000217649081,-0.00147999173,0.00097873394
0.217,1.61453536e-05,0.000790257784,0.00320083364,0.00219375849,3.12661587e-05,0.000204016095,-0.0014429866,0.000962789393
0.218,1.79122983e-05,0.000772204086,0.00313511154,0.00215182655,3.20880363e-05,0.00019119077,-0.00140740928,0.000946900842
0.219,1.9556594e-05,0.000754662635,0.00307094867,0.00211099504,3.28868768e-05,0.000179130068,-0.00137319088,0.000931087615
0.22,2.10856166e-05,0.000737602657,0.00300831698,0.00207123134,3.3659646e-05,0.000167792465,-0.00134026558,0.000915367389
0.221,2.25064639e-05,0.000720996132,0.00294718772,0.00203250344,3.44037592e-05,0.000157137951,-0.00130857055,0.000899756288
0.222,2.38259451e-05,0.000704817626,0.00288753158,0.00199477994,3.51170362e-05,0.000147128011,-0.00127804578,0.000884268975
0.223,2.50505839e-05,0.000689044067,0.00282931878,0.00195803009,3.57976821e-05,0.000137725673,-0.00124863409,0.000868918722
0.224,2.6186637e-05,0.000673654523,0.00277251916,0.00192222381,3.64442735e-05,0.000128895529,-0.00122028102,0.000853717487
0.225,2.72401183e-05,0.000658630015,0.00271710226,0.00188733165,3.70557466e-05,0.000120603736,-0.00119293479,0.000838675995
0.226,2.8216803e-05,0.000643953333,0.00266303742,0.00185332481,3.76313708e-05,0.000112817994,-0.00116654618,0.000823803808
0.227,2.91222075e-05,0.000629608872,0.0026102939,0.00182017522,3.81707025e-05,0.000105507526,-0.00114106846,0.000809109399
0.228,2.9961574e-05,0.000615582469,0.00255884094,0.00178785558,3.86735486e-05,9.86430459e-05,-0.00111645723,0.000794600205
0.229,3.07398729e-05,0.000601861233,0.00250864784,0.00175633937,3.9139942e-05,9.21967394e-05,-0.00109267036,0.000780282695
0.23,3.14618152e-05,0.00058843337,0.00245968405,0.00172560089,3.95701237e-05,8.61422505e-05,-0.00106966792,0.000766162425
0.231,3.21318705e-05,0.000575287998,0.00241191913,0.00169561524,3.99645408e-05,8.04547159e-05,-0.00104741215,0.000752244082
0.232,3.27542809e-05,0.000562414988,0.00236532282,0.00166635832,4.03238481e-05,7.51108029e-05,-0.00102586745,0.00073853151
0.233,3.33330573e-05,0.000549804949,0.00231986514,0.00163780684,4.06488563e-05,7.00885735e-05,-0.00100500017,0.000725027807
0.234,3.38719749e-05,0.000537449231,0.00227551643,0.00160993825,4.09404902e-05,6.53673677e-05,-0.000984778455,0.000711735404
0.235,3.43745749e-05,0.0005253399,0.00223224748,0.00158273076,4.11997671e-05,6.09277344e-05,-0.000965172156,0.000698656117
0.236,3.4844171e-05,0.000513469694,0.00219002944,0.00155616331,4.14277869e-05,5.67513905e-05,-0.000946152754,0.000685791171
0.237,3.52838567e-05,0.000501831974,0.0021488339,0.00153021551,4.16257191e-05,5.28211763e-05,-0.000927693298,0.000673141241
0.238,3.56965139e-05,0.00049042066,0.00210863292,0.00150486766,4.17947836e-05,4.91210032e-05,-0.000909768307,0.000660706526
0.239,3.60848177e-05,0.000479230177,0.00206939914,0.00148010077,4.19362379e-05,4.56358054e-05,-0.000892353705,0.000648486795
0.24,3.64512438e-05,0.000468255397,0.00203110576,0.0014558965,4.20513664e-05,4.23514938e-05,-0.000875426751,0.000636481424
0.241,3.67980774e-05,0.000457491577,0.00199372657,0.00143223716,4.21414726e-05,3.92549136e-05,-0.000858965982,0.00062468943
0.242,3.71274231e-05,0.000446934313,0.00195723594,0.0014091057,4.22078718e-05,3.6333802e-05,-0.00084295115,0.000613109506
0.243,3.74412133e-05,0.000436579496,0.00192160888,0.00138648569,4.22518815e-05,3.3576738e-05,-0.000827363154,0.000601740055
0.244,3.77412149e-05,0.000426423282,0.001886821,0.00136436132,4.22748146e-05,3.09730951e-05,-0.000812183976,0.000590579219
0.245,3.80290281e-05,0.000416462054,0.00185284852,0.00134271735,4.22779718e-05,2.85129986e-05,-0.000797396623,0.000579624899
0.246,3.83060729e-05,0.0004066924,0.00181966831,0.00132153916,4.22626252e-05,2.61872879e-05,-0.000782985065,0.000568874781
0.247,3.85735864e-05,0.000397111088,0.00178725791,0.00130081278,4.22300053e-05,2.39874777e-05,-0.00076893417,0.000558326356
0.248,3.8832646e-05,0.000387715053,0.00175559545,0.00128052479,4.21813083e-05,2.19057202e-05,-0.000755229667,0.000547976951
0.249,3.90841969e-05,0.000378501403,0.00172465971,0.00126066228,4.21177027e-05,1.993476e-05,-0.0007418581,0.000537823748
0.25,3.93290632e-05,0.00036946743,0.00169443009,0.0012412128,4.20403233e-05,1.80678778e-05,-0.000728806774,0.000527863823
0.251,3.95679494e-05,0.000360610638,0.00166488665,0.00122216437,4.19502561e-05,1.62988044e-05,-0.000716063674,0.000518094175
0.252,3.98014431e-05,0.000351928755,0.00163601007,0.00120350543,4.18485226e-05,1.46216324e-05,-0.000703617363,0.000508511762
0.253,4.0030029e-05,0.000343419668,0.00160778169,0.00118522485,4.17360951e-05,1.30308462e-05,-0.000691457013,0.000499113495
0.254,4.02541042e-05,0.000335081362,0.00158018342,0.00116731189,4.16139073e-05,1.15213394e-05,-0.000679572408,0.000489896235
0.255,4.04739909e-05,0.000326911862,0.00155319771,0.00114975625,4.14828559e-05,1.00883987e-05,-0.000667953913,0.000480856807
0.256,4.06899502e-05,0.000318909203,0.00152680764,0.00113254798,4.13437992e-05,8.72766902e-06,-0.000656592436,0.000471992026
0.257,4.09021927e-05,0.000311071404,0.00150099686,0.00111567752,4.11975536e-05,7.43511392e-06,-0.000645479375,0.000463298731
0.258,4.11108792e-05,0.000303396447,0.00147574962,0.00109913569,4.10448939e-05,6.20699128e-06,-0.0006346066,0.000454773773
0.259,4.13161234e-05,0.000295882252,0.00145105065,0.00108291363,4.08865513e-05,5.03983341e-06,-0.000623966417,0.000446414004
0.26,4.15180009e-05,0.000288526651,0.00142688517,0.00106700286,4.0723215e-05,3.93043743e-06,-0.000613551541,0.00043821629
0.261,4.17165609e-05,0.000281327351,0.00140323886,0.00105139523,4.05555384e-05,2.87587832e-06,-0.000603355087,0.000430177498
0.262,4.19118334e-05,0.000274281922,0.00138009781,0.00103608292,4.03841476e-05,1.87352731e-06,-0.000593370581,0.000422294497
0.263,4.21038304e-05,0.000267387826,0.00135744851,0.00102105841,4.02096298e-05,9.20987619e-07,-0.000583591888,0.000414564176
0.264,4.22925449e-05,0.000260642457,0.00133527793,0.00100631447,4.00325255e-05,1.60408268e-08,-0.000574013167,0.00040698346
0.265,4.24779603e-05,0.000254043173,0.00131357342,0.000991844125,3.98533304e-05,-8.43381861e-07,-0.000564628844,0.000399549324
0.266,4.26600651e-05,0.000247587317,0.00129232274,0.000977640631,3.9672504e-05,-1.65921453e-06,-0.000555433608,0.000392258793
0.267,4.28388561e-05,0.00024127223,0.00127151406,0.000963697429,3.94904728e-05,-2.43326656e-06,-0.000546422396,0.000385108941
0.268,4.30143283e-05,0.000235095253,0.00125113588,0.000950008184,3.93076241e-05,-3.16723206e-06,-0.000537590368,0.000378096896
0.269,4.31864671e-05,0.000229053728,0.0012311771,0.000936566783,3.91243066e-05,-3.86269733e-06,-0.000528932895,0.000371219837
0.27,4.33552476e-05,0.000223145007,0.00121162699,0.000923367327,3.89408329e-05,-4.52114812e-06,-0.000520445547,0.000364474996
0.271,4.35206366e-05,0.000217366444,0.00119247514,0.00091040412,3.87574837e-05,-5.14397553e-06,-0.000512124079,0.000357859652
0.272,4.36825948e-05,0.000211715398,0.00117371148,0.000897671662,3.85745101e-05,-5.73248095e-06,-0.000503964427,0.00035137114
0.273,4.3841078e-05,0.000206189238,0.0011553263,0.000885164637,3.83921361e-05,-6.28788404e-06,-0.000495962685,0.000345006843
0.274,4.39960373e-05,0.000200785343,0.00113731014,0.000872877908,3.82105599e-05,-6.81132787e-06,-0.000488115097,0.000338764197
0.275,4.41474138e-05,0.000195501107,0.00111965385,0.000860806517,3.80299553e-05,-7.30387879e-06,-0.000480418044,0.00033264068
0.276,4.42951375e-05,0.000190333952,0.00110234852,0.000848945675,3.78504734e-05,-7.76652394e-06,-0.00047286804,0.0003266338
0.277,4.44391338e-05,0.000185281335,0.0010853855,0.000837290749,3.76722454e-05,-8.20017365e-06,-0.000465461721,0.000320741109
0.278,4.45793287e-05,0.000180340781,0.00106875641,0.000825837238,3.74953848e-05,-8.60566444e-06,-0.000458195838,0.000314960209
0.279,4.47156474e-05,0.000175509918,0.00105245311,0.000814580768,3.73199887e-05,-8.98377074e-06,-0.000451067258,0.000309288752
0.28,4.48480064e-05,0.000170786534,0.00103646776,0.000803517066,3.71461367e-05,-9.33524043e-06,-0.00044407295,0.000303724449
0.281,4.49763019e-05,0.00016616864,0.00102079279,0.000792641958,3.697388e-05,-9.66087916e-06,-0.000437209935,0.000298265088
0.282,4.51004021e-05,0.000161654512,0.00100542095,0.000781951356,3.68032259e-05,-9.96164309e-06,-0.000430475208,0.000292908562
0.283,4.522015e-05,0.000157242625,0.000990345243,0.00077144127,3.66341594e-05,-1.02385436e-05,-0.000423865821,0.00028765283
0.284,4.53353658e-05,0.000152931576,0.000975558927,0.000761107835,3.6466651e-05,-1.04925736e-05,-0.000417378916,0.000282495895
0.285,4.54458498e-05,0.000148720018,0.000961055449,0.000750947332,3.63006556e-05,-1.07246914e-05,-0.000411011722,0.0002774358
0.286,4.55513964e-05,0.000144606614,0.000946828453,0.00074095617,3.61361186e-05,-1.09358296e-05,-0.00040476155,0.000272470629
0.287,4.56518066e-05,0.000140589996,0.000932871768,0.000731130866,3.59729806e-05,-1.11269163e-05,-0.000398625786,0.000267598508
0.288,4.57468947e-05,0.000136668717,0.000919179401,0.000721468052,3.58111768e-05,-1.12988922e-05,-0.00039260188,0.000262817616
0.289,4.58364953e-05,0.000132841185,0.000905745526,0.000711964484,3.56506358e-05,-1.14527053e-05,-0.000386687338,0.000258126179
0.29,4.5920478e-05,0.000129105566,0.000892564458,0.000702617046,3.54912845e-05,-1.15892582e-05,-0.000380879727,0.00025352246
0.291,4.59987709e-05,0.000125459687,0.000879630584,0.00069342276,3.53330681e-05,-1.17092645e-05,-0.000375176749,0.000249004722
0.292,4.60713812e-05,0.000121900975,0.000866938308,0.000684378775,3.51759804e-05,-1.18130899e-05,-0.000369576369,0.000244571177
0.293,4.61383899e-05,0.000118426575,0.000854482136,0.000675482327,3.50200356e-05,-1.19009351e-05,-0.000364076665,0.00024022006
0.294,4.61999277e-05,0.000115033485,0.000842256741,0.000666730721,3.48652479e-05,-1.19729811e-05,-0.00035867575,0.000235949666
0.295,4.62561477e-05,0.000111718669,0.000830256964,0.000658121327,3.47116249e-05,-1.20294317e-05,-0.000353371765,0.000231758348
0.296,4.63072092e-05,0.00010847914,0.000818477799,0.000649651578,3.45591683e-05,-1.20705087e-05,-0.000348162877,0.000227644506
0.297,4.63532734e-05,0.000105312018,0.000806914382,0.000641318953,3.44078755e-05,-1.20964289e-05,-0.000343047291,0.00022360658
0.298,4.63945e-05,0.000102214587,0.000795561977,0.000633120967,3.42577414e-05,-1.21073839e-05,-0.00033802325,0.000219643045
0.299,4.6431041e-05,9.91843667e-05,0.000784415978,0.000625055159,3.41087582e-05,-1.21035419e-05,-0.000333089039,0.000215752407
0.3,4.64630273e-05,9.62191939e-05,0.000773471916,0.000617119074,3.3960913e-05,-1.20850984e-05,-0.000328242979,0.000211933215
0.301,4.64905511e-05,9.33173184e-05,0.000762725513,0.00060931025,3.38141713e-05,-1.2052414e-05,-0.000323483357,0.000208184092
0.302,4.65136554e-05,9.04774482e-05,0.000752172719,0.000601626208,3.36684532e-05,-1.20061671e-05,-0.000318808318,0.000204503784
0.303,4.65323464e-05,8.76986502e-05,0.000741809651,0.000594064474,3.35236621e-05,-1.19471798e-05,-0.000314215994,0.000200891099
0.304,4.65466131e-05,8.49802212e-05,0.000731632526,0.000586622596,3.33797024e-05,-1.18762748e-05,-0.00030970457,0.000197344869
0.305,4.65564395e-05,8.23215829e-05,0.000721637639,0.00057929816,3.32364823e-05,-1.17942261e-05,-0.00030527229,0.000193863939
0.306,4.6561811e-05,7.9722209e-05,0.000711821361,0.000572088806,3.3093914e-05,-1.17017553e-05,-0.000300917448,0.000190447167
0.307,4.65627163e-05,7.71815752e-05,0.000702180139,0.000564992228,3.29519138e-05,-1.15995474e-05,-0.000296638384,0.000187093427
0.308,4.65591464e-05,7.46991216e-05,0.000692710499,0.000558006189,3.28104039e-05,-1.14882659e-05,-0.000292433474,0.00018380161
0.309,4.65510888e-05,7.22742167e-05,0.000683409036,0.00055112853,3.2669311e-05,-1.13685576e-05,-0.000288301123,0.000180570622
0.31,4.65385253e-05,6.99061165e-05,0.000674272397,0.000544357191,3.25285661e-05,-1.12410319e-05,-0.000284239767,0.000177399371
0.311,4.65214463e-05,6.75939254e-05,0.000665297261,0.000537690204,3.23881134e-05,-1.11062002e-05,-0.000280247897,0.000174286761
0.312,4.64998669e-05,6.53365802e-05,0.000656480321,0.000531125674,3.22479229e-05,-1.09644075e-05,-0.000276324109,0.000171231669
0.313,4.64738246e-05,6.31328926e-05,0.000647818315,0.000524661768,3.21079775e-05,-1.08159154e-05,-0.000272467051,0.00016823298
0.314,4.64433696e-05,6.09816055e-05,0.000639308051,0.000518296706,3.19682635e-05,-1.06609716e-05,-0.000268675392,0.000165289601
0.315,4.64085577e-05,5.88814392e-05,0.000630946415,0.000512028752,3.18287694e-05,-1.04998368e-05,-0.000264947817,0.000162400466
0.316,4.63694459e-05,5.68311215e-05,0.000622730371,0.00050585621,3.16894859e-05,-1.03327923e-05,-0.000261283035,0.000159564537
0.317,4.63260783e-05,5.4829392e-05,0.000614656955,0.00049977742,3.15504064e-05,-1.01601403e-05,-0.000257679774,0.000156780806
0.318,4.6278493e-05,5.28750091e-05,0.000606723286,0.00049379076,3.14115232e-05,-9.9821959e-06,-0.000254136788,0.000154048291
0.319,4.62267395e-05,5.09667583e-05,0.00059892656,0.000487894645,3.12728246e-05,-9.79927449e-06,-0.000250652851,0.000151366035
0.32,4.61708792e-05,4.91034375e-05,0.000591264035,0.000482087523,3.1134296e-05,-9.61167837e-06,-0.000247226761,0.000148733097
0.321,4.6110985e-05,4.72838408e-05,0.000583733025,0.000476367878,3.0995923e-05,-9.41967669e-06,-0.000243857352,0.000146148549
0.322,4.60471425e-05,4.55067513e-05,0.000576330887,0.000470734227,3.0857694e-05,-9.22348431e-06,-0.000240543498,0.000143611466
0.323,4.59794481e-05,4.37709498e-05,0.000569055031,0.000465185118,3.07195977e-05,-9.02328192e-06,-0.000237284107,0.000141120938
0.324,4.59080092e-05,4.20752277e-05,0.000561902923,0.000459719127,3.05816217e-05,-8.81923277e-06,-0.00023407811,0.000138676072
0.325,4.58329482e-05,4.04184011e-05,0.000554872095,0.000454334845,3.04437549e-05,-8.61148825e-06,-0.000230924469,0.000136275994
0.326,4.57544021e-05,3.87993202e-05,0.000547960152,0.000449030865,3.0305991e-05,-8.40018863e-06,-0.000227822171,0.000133919859
0.327,4.56725117e-05,3.7216879e-05,0.000541164761,0.000443805793,3.01683287e-05,-8.18545998e-06,-0.000224770235,0.000131606843
0.328,4.55874109e-05,3.56700312e-05,0.000534483638,0.000438658251,3.00307692e-05,-7.96741218e-06,-0.000221767704,0.000129336137
0.329,4.54992212e-05,3.41578122e-05,0.000527914549,0.000433586882,2.98933171e-05,-7.74614464e-06,-0.000218813643,0.000127106948
0.33,4.54080469e-05,3.26793663e-05,0.000521455309,0.000428590337,2.97559796e-05,-7.52176849e-06,-0.000215907141,0.000124918498
0.331,4.53139683e-05,3.12339725e-05,0.000515103804,0.000423667282,2.96187627e-05,-7.29445766e-06,-0.000213047284,0.000122770043
0.332,4.52170369e-05,2.98210535e-05,0.000508858,0.000418816392,2.94816635e-05,-7.06450286e-06,-0.000210233127,0.000120660881
0.333,4.5117282e-05,2.84401509e-05,0.000502715923,0.000414036362,2.93446757e-05,-6.83225232e-06,-0.000207463728,0.000118590338
0.334,4.50147238e-05,2.7090889e-05,0.000496675638,0.000409325908,2.9207792e-05,-6.59805978e-06,-0.000204738168,0.00011655775
0.335,4.49093845e-05,2.57729423e-05,0.000490735242,0.000404683771,2.90710039e-05,-6.36226459e-06,-0.00020205555,0.000114562459
0.336,4.48012915e-05,2.44860084e-05,0.000484892862,0.00040010872,2.89343016e-05,-6.12518956e-06,-0.000199415005,0.000112603816
0.337,4.46904799e-05,2.32297865e-05,0.000479146658,0.000395599551,2.87976746e-05,-5.88714539e-06,-0.000196815681,0.00011068118
0.338,4.4576992e-05,2.2003959e-05,0.000473494827,0.000391155096,2.86611128e-05,-5.6484347e-06,-0.000194256748,0.000108793918
0.339,4.44608767e-05,2.08081728e-05,0.000467935594,0.000386774218,2.85246073e-05,-5.4093497e-06,-0.000191737394,0.000106941407
0.34,4.43421836e-05,1.96420185e-05,0.000462467212,0.00038245583,2.83881501e-05,-5.17015694e-06,-0.000189256817,0.000105123025
0.341,4.42209547e-05,1.85050156e-05,0.000457087949,0.000378198891,2.82517355e-05,-4.93106389e-06,-0.000186814242,0.000103338144
0.342,4.40972252e-05,1.73966113e-05,0.000451796092,0.000374002389,2.81153649e-05,-4.69218407e-06,-0.000184408931,0.000101586127
0.343,4.39710261e-05,1.63161964e-05,0.000446589964,0.000369865332,2.79790432e-05,-4.4535784e-06,-0.000182040165,9.98663429e-05
0.344,4.38423835e-05,1.52631291e-05,0.000441467938,0.000365786736,2.78427757e-05,-4.21529094e-06,-0.000179707237,9.81781786e-05
0.345,4.37113162e-05,1.4236758e-05,0.00043642844,0.000361765626,2.7706567e-05,-3.97736411e-06,-0.000177409444,9.65210383e-05
0.346,4.3577835e-05,1.32364399e-05,0.000431469944,0.000357801034,2.75704201e-05,-3.73984425e-06,-0.000175146096,9.48943454e-05
0.347,4.34419473e-05,1.22615546e-05,0.000426590973,0.00035389199,2.74343372e-05,-3.50278415e-06,-0.000172916514,9.32975439e-05
0.348,4.33036675e-05,1.1311504e-05,0.000421790087,0.000350037532,2.72983214e-05,-3.26624163e-06,-0.000170720038,9.17300933e-05
0.349,4.31630249e-05,1.03857022e-05,0.00041706586,0.000346236727,2.71623795e-05,-3.0302759e-06,-0.000168556034,9.01914592e-05
0.35,4.30200625e-05,9.4835745e-06,0.000412416864,0.000342488687,2.70265221e-05,-2.79494949e-06,-0.00016642389,8.86811075e-05
0.351,4.28748333e-05,8.60456266e-06,0.000407841672,0.000338792572,2.68907628e-05,-2.56033454e-06,-0.000164323016,8.71985047e-05
0.352,4.27273992e-05,7.74812545e-06,0.000403338858,0.000335147581,2.67551184e-05,-2.32651721e-06,-0.00016225284,8.574312e-05
0.353,4.25778309e-05,6.91373433e-06,0.000398906999,0.000331552959,2.66196085e-05,-2.09359007e-06,-0.000160212807,8.43144233e-05
0.354,4.242621e-05,6.10086609e-06,0.000394544675,0.000328007986,2.64842558e-05,-1.8616424e-06,-0.000158202386,8.29118857e-05
0.355,4.22726279e-05,5.30900678e-06,0.000390250492,0.000324511964,2.63490832e-05,-1.63075516e-06,-0.00015622106,8.15349861e-05
0.356,4.21171781e-05,4.5376694e-06,0.000386023108,0.000321064185,2.62141103e-05,-1.40100075e-06,-0.000154268327,8.01832214e-05
0.357,4.19599483e-05,3.78640175e-06,0.000381861236,0.000317663919,2.60793504e-05,-1.17244027e-06,-0.000152343687,7.88561088e-05
0.358,4.18010172e-05,3.05478465e-06,0.000377763643,0.00031431042,2.5944811e-05,-9.45120857e-07,-0.000150446647,7.75531828e-05
0.359,4.16404531e-05,2.34243494e-06,0.000373729148,0.000311002926,2.58104951e-05,-7.19079227e-07,-0.000148576719,7.62739951e-05
0.36,4.14783121e-05,1.64901301e-06,0.000369756617,0.00030774066,2.56764025e-05,-4.9435258e-07,-0.000146733417,7.50181154e-05
0.361,4.13146339e-05,9.74231375e-07,0.00036584497,0.00030452283,2.55425299e-05,-2.71000615e-07,-0.000144916253,7.37851338e-05
0.362,4.1149438e-05,3.1785163e-07,0.000361993174,0.00030134865,2.54088701e-05,-4.91268797e-08,-0.000143124727,7.25746626e-05
0.363,4.09827284e-05,-3.20332871e-07,0.000358200216,0.000298217355,2.52754166e-05,1.71140793e-07,-0.000141358342,7.13863245e-05
0.364,4.08145017e-05,-9.40510632e-07,0.0003544651,0.0002951282,2.51421667e-05,3.89666557e-07,-0.000139616612,7.02197458e-05
0.365,4.06447521e-05,-1.54285898e-06,0.000350786838,0.000292080463,2.50091212e-05,6.06311749e-07,-0.000137899063,6.90745572e-05
0.366,4.04734734e-05,-2.1275514e-06,0.000347164455,0.000289073444,2.48762834e-05,8.2093608e-07,-0.000136205235,6.79503941e-05
0.367,4.03006588e-05,-2.69476558e-06,0.000343596987,0.000286106462,2.47436587e-05,1.03339745e-06,-0.000134534677,6.6846896e-05
0.368,4.01263005e-05,-3.24469282e-06,0.000340083482,0.000283178862,2.46112539e-05,1.243553e-06,-0.000132886945,6.57637065e-05
0.369,3.99503893e-05,-3.77754769e-06,0.000336622991,0.000280290018,2.44790763e-05,1.45126449e-06,-0.000131261603,6.47004701e-05
0.37,3.97729192e-05,-4.29357765e-06,0.000333214572,0.000277439331,2.4347132e-05,1.6564109e-06,-0.000129658223,6.36568312e-05
0.371,3.95938944e-05,-4.79307189e-06,0.000329857288,0.000274626225,2.42154268e-05,1.85891313e-06,-0.00012807639,6.26324303e-05
0.372,3.94133322e-05,-5.27636386e-06,0.000326550199,0.000271850141,2.40839684e-05,2.05875863e-06,-0.000126515716,6.16268981e-05
0.373,3.92312616e-05,-5.74382555e-06,0.000323292372,0.000269110544,2.3952763e-05,2.25597434e-06,-0.00012497583,6.06398634e-05
0.374,3.90477219e-05,-6.19585595e-06,0.000320082887,0.000266406913,2.38218147e-05,2.45060208e-06,-0.000123456369,5.96709594e-05
0.375,3.88627631e-05,-6.63286811e-06,0.000316920844,0.000263738737,2.3691126e-05,2.64268752e-06,-0.000121956981,5.87198272e-05
0.376,3.86764453e-05,-7.05527579e-06,0.00031380537,0.000261105506,2.35606997e-05,2.83227547e-06,-0.000120477323,5.77861193e-05
0.377,3.8488831e-05,-7.46348214e-06,0.00031073562,0.000258506701,2.3430538e-05,3.01940854e-06,-0.000119017064,5.68695006e-05
0.378,3.8299979e-05,-7.85787179e-06,0.000307710776,0.000255941806,2.33006423e-05,3.20412773e-06,-0.000117575878,5.59696468e-05
0.379,3.81099411e-05,-8.23880397e-06,0.000304730041,0.000253410301,2.31710132e-05,3.38647095e-06,-0.000116153442,5.50862434e-05
0.38,3.79187603e-05,-8.60660595e-06,0.000301792639,0.000250911666,2.30416516e-05,3.56646653e-06,-0.000114749442,5.42189862e-05
0.381,3.77264693e-05,-8.96156832e-06,0.000298897825,0.000248445379,2.29125571e-05,3.74411899e-06,-0.000113363563,5.33675842e-05
0.382,3.75330923e-05,-9.3039459e-06,0.000296044882,0.000246010922,2.27837273e-05,3.91939505e-06,-0.000111995484,5.25317634e-05
0.383,3.73386503e-05,-9.63396453e-06,0.000293233116,0.000243607783,2.26551577e-05,4.09224055e-06,-0.000110644889,5.17112602e-05
0.384,3.71431666e-05,-9.95182909e-06,0.000290461842,0.000241235466,2.2526843e-05,4.26259643e-06,-0.000109311471,5.09058145e-05
0.385,3.69466688e-05,-1.02577299e-05,0.000287730378,0.000238893489,2.23987776e-05,4.43040539e-06,-0.000107994932,5.01151677e-05
0.386,3.67491891e-05,-1.05518477e-05,0.000285038049,0.00023658138,2.22709555e-05,4.59561454e-06,-0.000106694982,4.93390626e-05
0.387,3.65507634e-05,-1.08343573e-05,0.000282384181,0.000234298686,2.21433717e-05,4.75817626e-06,-0.000105411336,4.85772431e-05
0.388,3.6351428e-05,-1.11054294e-05,0.000279768107,0.000232044966,2.20160226e-05,4.9180482e-06,-0.000104143718,4.78294529e-05
0.389,3.61512119e-05,-1.13652293e-05,0.000277189163,0.0002298198,2.18889058e-05,5.07519112e-06,-0.000102891852,4.70954373e-05
0.39,3.5950133e-05,-1.16139136e-05,0.0002746467,0.000227622774,2.17620215e-05,5.22956507e-06,-0.000101655462,4.63749467e-05
0.391,3.57481996e-05,-1.1851629e-05,0.000272140088,0.000225453474,2.16353717e-05,5.3811258e-06,-0.000100434276,4.56677387e-05
0.392,3.55454122e-05,-1.20785131e-05,0.000269668718,0.00022331149,2.15089595e-05,5.52982168e-06,-9.92280207e-05,4.49735801e-05
0.393,3.53417649e-05,-1.22946955e-05,0.000267232002,0.000221196408,2.13827888e-05,5.67559623e-06,-9.80364255e-05,4.4292246e-05
0.394,3.51372467e-05,-1.25002992e-05,0.000264829368,0.00021910782,2.12568631e-05,5.81838979e-06,-9.68592233e-05,4.3623519e-05
0.395,3.49318448e-05,-1.26954438e-05,0.000262460258,0.000217045315,2.11311858e-05,5.95814037e-06,-9.56961505e-05,4.29671876e-05
0.396,3.47255511e-05,-1.28802502e-05,0.000260124118,0.000215008493,2.100576e-05,6.09478516e-06,-9.45469492e-05,4.23230434e-05
0.397,3.45183651e-05,-1.30548468e-05,0.000257820396,0.000212996964,2.08805875e-05,6.22826101e-06,-9.3411367e-05,4.16908797e-05
0.398,3.43102941e-05,-1.32193737e-05,0.000255548545,0.000211010355,2.07556694e-05,6.35850524e-06,-9.22891571e-05,4.10704916e-05
0.399,3.41013542e-05,-1.33739883e-05,0.00025330802,0.000209048306,2.06310055e-05,6.4854598e-06,-9.11800784e-05,4.04616753e-05
0.4,3.38915716e-05,-1.35188704e-05,0.000251098281,0.000207110473,2.05065942e-05,6.60908071e-06,-9.00838974e-05,3.98642265e-05
0.401,3.36809852e-05,-1.3654226e-05,0.000248918788,0.000205196521,2.03824323e-05,6.72935473e-06,-8.90003923e-05,3.92779389e-05
0.402,3.34696433e-05,-1.37802846e-05,0.000246769011,0.00020330612,2.02585165e-05,6.84631377e-06,-8.79293592e-05,3.87026022e-05
0.403,3.32575965e-05,-1.38972948e-05,0.000244648434,0.00020143894,2.01348425e-05,6.96001744e-06,-8.68706029e-05,3.81380084e-05
0.404,3.30448929e-05,-1.40055185e-05,0.000242556555,0.000199594654,2.00114047e-05,7.07053773e-06,-8.58239311e-05,3.75839543e-05
0.405,3.28315761e-05,-1.4105223e-05,0.000240492889,0.000197772936,1.98881967e-05,7.17795128e-06,-8.47891536e-05,3.70402421e-05
0.406,3.26176836e-05,-1.41966735e-05,0.000238456967,0.000195973461,1.97652114e-05,7.28233566e-06,-8.37660822e-05,3.65066799e-05
0.407,3.24032461e-05,-1.42801255e-05,0.000236448333,0.000194195905,1.96424414e-05,7.38376735e-06,-8.27545303e-05,3.59830815e-05
0.408,3.21882901e-05,-1.43558199e-05,0.000234466544,0.00019243995,1.95198778e-05,7.48232027e-06,-8.17543135e-05,3.54692659e-05
0.409,3.19728425e-05,-1.44239763e-05,0.000232511163,0.000190705285,1.93975108e-05,7.57806269e-06,-8.07652513e-05,3.49650549e-05
0.41,3.17569311e-05,-1.44847872e-05,0.000230581756,0.000188991606,1.9275331e-05,7.67104785e-06,-7.97871677e-05,3.44702742e-05
0.411,3.15405837e-05,-1.45384145e-05,0.000228677897,0.000187298614,1.91533299e-05,7.76129648e-06,-7.88198869e-05,3.39847566e-05
0.412,3.13238269e-05,-1.4584991e-05,0.000226799168,0.000185626018,1.90314996e-05,7.84878077e-06,-7.78632249e-05,3.35083464e-05
0.413,3.1106685e-05,-1.46246217e-05,0.000224945158,0.000183973533,1.89098344e-05,7.93344297e-06,-7.69169968e-05,3.30408941e-05
0.414,3.08891767e-05,-1.46573889e-05,0.000223115459,0.000182340878,1.87883319e-05,8.01521265e-06,-7.59810193e-05,3.25822528e-05
0.415,3.06713124e-05,-1.46833585e-05,0.000221309665,0.000180727776,1.86669927e-05,8.09401479e-06,-7.50551103e-05,3.21322787e-05
0.416,3.04530946e-05,-1.47025876e-05,0.000219527385,0.000179133948,1.85458191e-05,8.16977401e-06,-7.41390889e-05,3.16908323e-05
0.417,3.02345201e-05,-1.47151312e-05,0.000217768237,0.000177559116,1.84248147e-05,8.24241696e-06,-7.32327756e-05,3.12577783e-05
0.418,3.0015581e-05,-1.47210485e-05,0.000216031852,0.000176003005,1.83039828e-05,8.31187368e-06,-7.23359928e-05,3.08329854e-05
0.419,2.97962678e-05,-1.47204077e-05,0.000214317874,0.00017446534,1.81833256e-05,8.3780799e-06,-7.14485649e-05,3.04163259e-05
0.42,2.95765743e-05,-1.47132908e-05,0.000212625951,0.000172945849,1.80628436e-05,8.44098311e-06,-7.05703205e-05,3.00076732e-05
0.421,2.93565041e-05,-1.46997956e-05,0.00021095573,0.000171444268,1.79425352e-05,8.50055309e-06,-6.97010952e-05,2.96068985e-05
0.422,2.9136071e-05,-1.46800355e-05,0.000209306857,0.00016996034,1.78223966e-05,8.55679058e-06,-6.88407355e-05,2.92138671e-05
0.423,2.89152976e-05,-1.4654139e-05,0.000207678971,0.000168493819,1.7702422e-05,8.60971617e-06,-6.79890943e-05,2.88284422e-05
0.424,2.86942145e-05,-1.46222462e-05,0.000206071716,0.000167044467,1.7582604e-05,8.65935957e-06,-6.71460285e-05,2.84504863e-05
0.425,2.84728578e-05,-1.45845059e-05,0.000204484737,0.000165612054,1.74629347e-05,8.70575389e-06,-6.63113999e-05,2.80798629e-05
0.426,2.82512654e-05,-1.45410711e-05,0.000202917692,0.000164196357,1.73434055e-05,8.7489316e-06,-6.54850727e-05,2.7716439e-05
0.427,2.80294715e-05,-1.44920964e-05,0.00020137025,0.000162797154,1.72240087e-05,8.78892242e-06,-6.4666914e-05,2.73600866e-05
0.428,2.78075053e-05,-1.44377346e-05,0.000199842089,0.000161414221,1.71047373e-05,8.82575324e-06,-6.38567927e-05,2.70106818e-05
0.429,2.75853902e-05,-1.43781359e-05,0.000198332902,0.000160047338,1.69855852e-05,8.85944857e-06,-6.30545793e-05,2.66681049e-05
0.43,2.73631441e-05,-1.43134472e-05,0.000196842386,0.000158696283,1.6866547e-05,8.89003078e-06,-6.22601454e-05,2.63322399e-05
0.431,2.71407794e-05,-1.42438125e-05,0.000195370252,0.000157360836,1.67476171e-05,8.91752012e-06,-6.14733633e-05,2.60029749e-05
0.432,2.69183068e-05,-1.41693728e-05,0.000193916216,0.000156040783,1.66287893e-05,8.94193558e-06,-6.06941063e-05,2.56802004e-05
0.433,2.66957393e-05,-1.40902665e-05,0.000192479996,0.000154735916,1.65100564e-05,8.96329684e-06,-5.99222499e-05,2.53638082e-05
0.434,2.64730944e-05,-1.40066293e-05,0.000191061312,0.000153446033,1.63914102e-05,8.98162504e-06,-5.91576728e-05,2.50536902e-05
0.435,2.62503943e-05,-1.39185938e-05,0.000189659886,0.000152170937,1.62728418e-05,8.99694303e-06,-5.84002565e-05,2.4749739e-05
0.436,2.60276655e-05,-1.38262885e-05,0.000188275436,0.000150910436,1.61543417e-05,9.00927551e-06,-5.76498851e-05,2.44518474e-05
0.437,2.58049379e-05,-1.37298367e-05,0.000186907683,0.000149664343,1.60359008e-05,9.01864863e-06,-5.6906445e-05,2.4159909e-05
0.438,2.55822406e-05,-1.36293548e-05,0.000185556345,0.000148432468,1.59175112e-05,9.02508821e-06,-5.6169825e-05,2.38738182e-05
0.439,2.53595979e-05,-1.35249507e-05,0.000184221149,0.000147214622,1.57991664e-05,9.02861647e-06,-5.54399142e-05,2.35934727e-05
0.44,2.51370279e-05,-1.34167233e-05,0.000182901826,0.000146010616,1.56808613e-05,9.02924833e-06,-5.47166021e-05,2.33187746e-05
0.441,2.49145427e-05,-1.33047621e-05,0.00018159812,0.000144820258,1.55625918e-05,9.02698553e-06,-5.39997774e-05,2.30496311e-05
0.442,2.46921477e-05,-1.31891489e-05,0.000180309783,0.00014364336,1.54443548e-05,9.02181117e-06,-5.32893252e-05,2.27859563e-05
0.443,2.44698444e-05,-1.30699576e-05,0.000179036577,0.000142479734,1.53261478e-05,9.01369585e-06,-5.25851304e-05,2.25276686e-05
0.444,2.42476345e-05,-1.29472561e-05,0.000177778263,0.000141329194,1.52079684e-05,9.00260455e-06,-5.18870794e-05,2.22746883e-05
0.445,2.40255233e-05,-1.28211082e-05,0.000176534607,0.000140191561,1.50898139e-05,8.9885005e-06,-5.11950616e-05,2.20269364e-05
0.446,2.38035202e-05,-1.26915766e-05,0.000175305371,0.00013906666,1.49716815e-05,8.97134702e-06,-5.05089689e-05,2.17843345e-05
0.447,2.35816387e-05,-1.25587259e-05,0.00017409032,0.000137954319,1.48535682e-05,8.95110894e-06,-4.98286969e-05,2.1546804e-05
0.448,2.33598964e-05,-1.24226259e-05,0.000172889224,0.000136854373,1.47354702e-05,8.92775419e-06,-4.91541443e-05,2.13142667e-05
0.449,2.31383116e-05,-1.22833544e-05,0.000171701857,0.000135766663,1.46173834e-05,8.90125555e-06,-4.84852117e-05,2.1086646e-05
0.45,2.29169013e-05,-1.21409994e-05,0.000170528003,0.000134691032,1.44993028e-05,8.87159485e-06,-4.78218014e-05,2.08638662e-05
0.451,2.26956805e-05,-1.19956588e-05,0.00016936745,0.000133627325,1.43812231e-05,8.83877075e-06,-4.71638197e-05,2.06458509e-05
0.452,2.24746628e-05,-1.18474383e-05,0.00016821999,0.00013257539,1.42631386e-05,8.80280577e-06,-4.65111791e-05,2.04325208e-05
0.453,2.22538607e-05,-1.16964522e-05,0.000167085415,0.000131535076,1.41450424e-05,8.7637384e-06,-4.58637952e-05,2.02237958e-05
0.454,2.20332869e-05,-1.1542822e-05,0.000165963526,0.000130506232,1.40269263e-05,8.72161523e-06,-4.52215854e-05,2.00195969e-05
0.455,2.18129567e-05,-1.13866734e-05,0.000164854125,0.000129488711,1.39087803e-05,8.67648698e-06,-4.4584469e-05,1.98198459e-05
0.456,2.15928895e-05,-1.12281329e-05,0.000163757016,0.000128482368,1.3790593e-05,8.62840617e-06,-4.39523677e-05,1.96244651e-05
0.457,2.13731082e-05,-1.10673245e-05,0.000162672003,0.000127487063,1.36723523e-05,8.57742516e-06,-4.33252049e-05,1.94333779e-05
0.458,2.11536384e-05,-1.0904367e-05,0.000161598891,0.000126502655,1.35540457e-05,8.52359431e-06,-4.27029058e-05,1.92465082e-05
0.459,2.09345077e-05,-1.07393711e-05,0.000160537483,0.000125529009,1.34356612e-05,8.4669594e-06,-4.20853967e-05,1.90637818e-05
0.46,2.07157427e-05,-1.05724376e-05,0.000159487582,0.000124565986,1.3317189e-05,8.40755742e-06,-4.14726048e-05,1.88851254e-05
0.461,2.04973659e-05,-1.04036585e-05,0.000158448994,0.000123613451,1.31986212e-05,8.34540947e-06,-4.0864456e-05,1.87104702e-05
0.462,2.0279395e-05,-1.02331184e-05,0.000157421529,0.000122671266,1.30799518e-05,8.2805151e-06,-4.02608713e-05,1.85397535e-05
0.463,2.00618424e-05,-1.00608945e-05,0.000156405008,0.000121739296,1.29611762e-05,8.21285888e-06,-3.96617705e-05,1.8372917e-05
0.464,1.98447158e-05,-9.88705677e-06,0.000155399256,0.000120817404,1.28422916e-05,8.14241713e-06,-3.90670733e-05,1.82099052e-05
0.465,1.96280185e-05,-9.71166989e-06,0.000154404101,0.00011990546,1.27232962e-05,8.06916227e-06,-3.8476699e-05,1.80506643e-05
0.466,1.94117519e-05,-9.53479493e-06,0.000153419374,0.000119003335,1.26041883e-05,7.99306586e-06,-3.78905666e-05,1.7895142e-05
0.467,1.91959188e-05,-9.35649065e-06,0.00015244491,0.000118110905,1.24849666e-05,7.91410074e-06,-3.73085965e-05,1.77432858e-05
0.468,1.89805245e-05,-9.17681526e-06,0.00015148054,0.000117228049,1.23656294e-05,7.83224206e-06,-3.67307114e-05,1.75950431e-05
0.469,1.8765577e-05,-8.99582779e-06,0.000150526102,0.000116354646,1.22461743e-05,7.74746811e-06,-3.61568365e-05,1.74503614e-05
0.47,1.85510872e-05,-8.81358912e-06,0.000149581433,0.00011549058,1.21265983e-05,7.65976144e-06,-3.55869005e-05,1.73091882e-05
0.471,1.8337067e-05,-8.63016296e-06,0.000148646377,0.000114635736,1.2006897e-05,7.56910989e-06,-3.50208344e-05,1.71714722e-05
0.472,1.81235276e-05,-8.44561577e-06,0.000147720786,0.00011379,1.18870659e-05,7.47550781e-06,-3.44585726e-05,1.70371619e-05
0.473,1.79104781e-05,-8.2600171e-06,0.000146804511,0.00011295326,1.17671001e-05,7.37895349e-06,-3.39000515e-05,1.69062067e-05
0.474,1.76979263e-05,-8.07343982e-06,0.00014589741,0.000112125405,1.16469941e-05,7.2794466e-06,-3.33452084e-05,1.6778557e-05
0.475,1.74858798e-05,-7.88595991e-06,0.000144999341,0.000111306325,1.15267416e-05,7.17698683e-06,-3.2793982e-05,1.66541647e-05
0.476,1.72743486e-05,-7.69765578e-06,0.000144110167,0.000110495907,1.14063354e-05,7.07157399e-06,-3.2246314e-05,1.65329826e-05
0.477,1.7063347e-05,-7.50860769e-06,0.000143229749,0.000109694039,1.12857667e-05,6.96320856e-06,-3.17021496e-05,1.64149636e-05
0.478,1.68528926e-05,-7.31889811e-06,0.000142357951,0.000108900609,1.11650258e-05,6.85189229e-06,-3.11614357e-05,1.63000612e-05
0.479,1.66430054e-05,-7.12861202e-06,0.000141494636,0.000108115509,1.10441023e-05,6.73762944e-06,-3.06241203e-05,1.61882291e-05
0.48,1.6433707e-05,-6.93783673e-06,0.000140639666,0.000107338635,1.09229862e-05,6.62042887e-06,-3.00901515e-05,1.60794201e-05
0.481,1.62250175e-05,-6.74666106e-06,0.0001397929,0.000106569885,1.08016691e-05,6.50030682e-06,-2.95594765e-05,1.5973586e-05
0.482,1.60169539e-05,-6.55517417e-06,0.000138954195,0.000105809163,1.06801444e-05,6.37728905e-06,-2.90320432e-05,1.58706765e-05
0.483,1.58095299e-05,-6.36346603e-06,0.000138123409,0.000105056371,1.0558407e-05,6.25140764e-06,-2.85077989e-05,1.57706412e-05
0.484,1.56027571e-05,-6.17162677e-06,0.000137300403,0.000104311416,1.04364524e-05,6.12269798e-06,-2.79866908e-05,1.56734308e-05
0.485,1.53966444e-05,-5.97974555e-06,0.000136485045,0.0001035742,1.03142767e-05,5.99119638e-06,-2.74686664e-05,1.55789964e-05
0.486,1.51911984e-05,-5.78790947e-06,0.000135677205,0.000102844633,1.01918762e-05,5.85693831e-06,-2.69536727e-05,1.54872911e-05
0.487,1.49864257e-05,-5.59620306e-06,0.000134876757,0.000102122626,1.00692475e-05,5.71995723e-06,-2.64416564e-05,1.53982689e-05
0.488,1.47823357e-05,-5.40470734e-06,0.00013408357,0.000101408099,9.94638795e-06,5.58028333e-06,-2.59325659e-05,1.53118842e-05
0.489,1.45789409e-05,-5.21349879e-06,0.000133297512,0.000100700976,9.82329565e-06,5.43794082e-06,-2.54263521e-05,1.52280921e-05
0.49,1.43762574e-05,-5.02264965e-06,0.000132518448,0.000100001185,9.699969e-06,5.29294431e-06,-2.49229688e-05,1.51468491e-05
0.491,1.41743033e-05,-4.83222845e-06,0.000131746248,9.93086552e-05,9.57640557e-06,5.14529317e-06,-2.44223714e-05,1.50681157e-05
0.492,1.39730915e-05,-4.64229699e-06,0.000130980801,9.8623305e-05,9.4526007e-06,4.99496542e-06,-2.39245119e-05,1.49918598e-05
0.493,1.37726224e-05,-4.45290373e-06,0.000130222017,9.79450359e-05,9.32854767e-06,4.84192359e-06,-2.34293403e-05,1.49180563e-05
0.494,1.35728817e-05,-4.26408222e-06,0.000129469826,9.72737323e-05,9.20423812e-06,4.68612161e-06,-2.29368038e-05,1.4846685e-05
0.495,1.3373842e-05,-4.07585123e-06,0.000128724174,9.66092623e-05,9.07966219e-06,4.52750833e-06,-2.24468468e-05,1.47777293e-05
0.496,1.31754685e-05,-3.88821834e-06,0.000127985016,9.59514822e-05,8.95480911e-06,4.36602873e-06,-2.19594128e-05,1.47111752e-05
0.497,1.2977736e-05,-3.70119561e-06,0.000127252294,9.53002584e-05,8.82966893e-06,4.20162741e-06,-2.14744498e-05,1.4647005e-05
0.498,1.27806432e-05,-3.51481516e-06,0.000126525917,9.46554901e-05,8.70423378e-06,4.03425112e-06,-2.09919129e-05,1.45851955e-05
0.499,1.25842153e-05,-3.32913287e-06,0.000125805762,9.40171135e-05,8.57849854e-06,3.8638501e-06,-2.05117648e-05,1.45257174e-05
0.5,1.23885023e-05,-3.14422946e-06,0.000125091671,9.33851011e-05,8.45246165e-06,3.69038294e-06,-2.00339749e-05,1.44685348e-05
0.501,1.21935704e-05,-2.96020693e-06,0.000124383461,9.27594578e-05,8.3261256e-06,3.513825e-06,-1.95585182e-05,1.44136056e-05
0.502,1.19994822e-05,-2.7771681e-06,0.000123680947,9.21401924e-05,8.19949582e-06,3.33417326e-06,-1.90853711e-05,1.43608846e-05
0.503,1.18062805e-05,-2.59520105e-06,0.000122983968,9.15272876e-05,8.0725777e-06,3.15144096e-06,-1.86145052e-05,1.43103291e-05
0.504,1.16139864e-05,-2.41437891e-06,0.000122292401,9.09206939e-05,7.94537471e-06,2.96565419e-06,-1.81458857e-05,1.42619007e-05
0.505,1.14226005e-05,-2.23476052e-06,0.000121606157,9.03203296e-05,7.81788759e-06,2.77684831e-06,-1.76794722e-05,1.4215565e-05
0.506,1.12321064e-05,-2.05639215e-06,0.000120925176,8.97260868e-05,7.69011445e-06,2.58506343e-06,-1.72152199e-05,1.41712914e-05
0.507,1.10424814e-05,-1.87932009e-06,0.000120249411,8.91378524e-05,7.56205181e-06,2.39034131e-06,-1.67530821e-05,1.4129051e-05
0.508,1.08537056e-05,-1.7036015e-06,0.00011957881,8.8555527e-05,7.43369633e-06,2.1927224e-06,-1.62930149e-05,1.40888139e-05
0.509,1.06657645e-05,-1.52930316e-06,0.000118913309,8.79790274e-05,7.30504518e-06,1.99224152e-06,-1.58349777e-05,1.40505494e-05
0.51,1.04786493e-05,-1.35649902e-06,0.000118252832,8.74082847e-05,7.17609498e-06,1.78892459e-06,-1.53789346e-05,1.40142269e-05
0.511,1.02923595e-05,-1.1852682e-06,0.000117597298,8.6843239e-05,7.0468402e-06,1.58278671e-06,-1.49248556e-05,1.39798168e-05
0.512,1.01069032e-05,-1.01568942e-06,0.000116946624,8.62838297e-05,6.91727195e-06,1.37383127e-06,-1.44727158e-05,1.39472912e-05
0.513,9.92229573e-06,-8.47834907e-07,0.000116300729,8.57299928e-05,6.78737898e-06,1.16205371e-06,-1.4022494e-05,1.39166245e-05
0.514,9.73855635e-06,-6.81769807e-07,0.000115659533,8.51816623e-05,6.65714956e-06,9.47445494e-07,-1.35741711e-05,1.38877917e-05
0.515,9.55570738e-06,-5.17552798e-07,0.000115022953,8.46387715e-05,6.52657341e-06,7.29996656e-07,-1.3127728e-05,1.38607685e-05
0.516,9.37377107e-06,-3.55237175e-07,0.000114390903,8.41012545e-05,6.39564315e-06,5.0969697e-07,-1.26831438e-05,1.38355306e-05
0.517,9.19276458e-06,-1.94872868e-07,0.000113763298,8.35690468e-05,6.26435452e-06,2.86535951e-07,-1.22403959e-05,1.3812054e-05
0.518,9.01269772e-06,-3.65081441e-08,0.000113140052,8.30420835e-05,6.1327051e-06,6.05024353e-08,-1.17994586e-05,1.37903155e-05
0.519,8.83357366e-06,1.19809891e-07,0.000112521086,8.2520299e-05,6.00069344e-06,-1.68415546e-07,-1.13603038e-05,1.37702927e-05
0.52,8.65538842e-06,2.74034917e-07,0.000111906326,8.20036284e-05,5.86831926e-06,-4.00231287e-07,-1.09229005e-05,1.37519641e-05
0.521,8.47813172e-06,4.26120896e-07,0.000111295701,8.14920109e-05,5.7355842e-06,-6.34959967e-07,-1.04872126e-05,1.37353092e-05
0.522,8.30179271e-06,5.76021749e-07,0.000110689137,8.09853933e-05,5.60249272e-06,-8.72618365e-07,-1.00532003e-05,1.37203087e-05
0.523,8.12636533e-06,7.23691507e-07,0.00011008656,8.04837279e-05,5.46905182e-06,-1.11322366e-06,-9.62082345e-06,1.37069429e-05
0.524,7.95184991e-06,8.69084166e-07,0.00010948789,7.99869703e-05,5.33526987e-06,-1.35679273e-06,-9.19004438e-06,1.36951922e-05
0.525,7.77825374e-06,1.01215344e-06,0.00010889305,7.94950782e-05,5.20115499e-06,-1.60334166e-06,-8.76082978e-06,1.36850366e-05
0.526,7.60558826e-06,1.15285246e-06,0.000108301965,7.90080073e-05,5.06671314e-06,-1.85288584e-06,-8.33315043e-06,1.36764571e-05
0.527,7.43386282e-06,1.2911336e-06,0.000107714567,7.85257101e-05,4.9319472e-06,-2.10544047e-06,-7.9069796e-06,1.3669435e-05
0.528,7.26308056e-06,1.42694843e-06,0.000107130794,7.80481359e-05,4.79685725e-06,-2.36102047e-06,-7.48229145e-06,1.36639528e-05
0.529,7.09323838e-06,1.56024767e-06,0.000106550589,7.75752317e-05,4.66144039e-06,-2.61963967e-06,-7.05906073e-06,1.36599932e-05
0.53,6.92432985e-06,1.69098125e-06,0.000105973897,7.710694e-05,4.52568974e-06,-2.88130935e-06,-6.63726506e-06,1.36575387e-05
0.531,6.75635187e-06,1.81909887e-06,0.000105400666,7.66431976e-05,4.38959441e-06,-3.14603564e-06,-6.21688893e-06,1.36565699e-05
0.532,6.58930907e-06,1.94455047e-06,0.00010483084,7.61839397e-05,4.253141e-06,-3.41381815e-06,-5.79792409e-06,1.36570651e-05
0.533,6.42321326e-06,2.06728557e-06,0.000104264361,7.57291036e-05,4.11631612e-06,-3.68465144e-06,-5.38036607e-06,1.36590017e-05
0.534,6.25808141e-06,2.18725291e-06,0.000103701165,7.52786311e-05,3.97910922e-06,-3.95852684e-06,-4.96421026e-06,1.36623563e-05
0.535,6.09393104e-06,2.3044007e-06,0.000103141184,7.48324718e-05,3.84151551e-06,-4.23543424e-06,-4.54944791e-06,1.36671059e-05
0.536,5.93077361e-06,2.41867683e-06,0.000102584346,7.43905832e-05,3.70353654e-06,-4.51536347e-06,-4.13606379e-06,1.36732284e-05
0.537,5.7686128e-06,2.53002911e-06,0.00010203058,7.3952926e-05,3.56517765e-06,-4.79830473e-06,-3.7240369e-06,1.36807026e-05
0.538,5.60744641e-06,2.63840555e-06,0.000101479822,7.35194602e-05,3.42644538e-06,-5.08424809e-06,-3.31334295e-06,1.36895076e-05
0.539,5.44726672e-06,2.74375433e-06,0.000100932015,7.30901456e-05,3.28734639e-06,-5.3731833e-06,-2.90395538e-06,1.36996226e-05
0.54,5.28806267e-06,2.84602387e-06,0.000100387103,7.26649439e-05,3.14788767e-06,-5.66509956e-06,-2.49584526e-06,1.37110278e-05
0.541,5.12982457e-06,2.94516302e-06,9.98450334e-05,7.22438206e-05,3.00807746e-06,-5.95998468e-06,-2.08898284e-06,1.37237038e-05
0.542,4.97254718e-06,3.04112138e-06,9.93057491e-05,7.18267441e-05,2.86792538e-06,-6.25782446e-06,-1.68334045e-06,1.37376312e-05
0.543,4.81623035e-06,3.13384928e-06,9.87691919e-05,7.14136847e-05,2.72744095e-06,-6.55860264e-06,-1.27889488e-06,1.37527905e-05
0.544,4.66088042e-06,3.22329786e-06,9.82353034e-05,7.10046102e-05,2.58663085e-06,-6.86230075e-06,-8.75630145e-07,1.37691621e-05
0.545,4.50650838e-06,3.30941922e-06,9.77040302e-05,7.05994816e-05,2.44549605e-06,-7.16889847e-06,-4.73538138e-07,1.37867253e-05
0.546,4.35312418e-06,3.39216674e-06,9.71753247e-05,7.01982535e-05,2.30403193e-06,-7.47837477e-06,-7.26161502e-08,1.38054589e-05
0.547,4.20073295e-06,3.4714954e-06,9.66491421e-05,6.98008773e-05,2.16223042e-06,-7.79070917e-06,3.27136702e-07,1.38253418e-05
0.548,4.04933456e-06,3.54736204e-06,9.61254396e-05,6.94073026e-05,2.02008173e-06,-8.10588264e-06,7.25721517e-07,1.38463533e-05
0.549,3.89892558e-06,3.6197253e-06,9.5604175e-05,6.90174782e-05,1.87757547e-06,-8.42387835e-06,1.1231394e-06,1.38684726e-05
0.55,3.74950377e-06,3.68854519e-06,9.50853048e-05,6.86313531e-05,1.73470186e-06,-8.74468237e-06,1.5193905e-06,1.38916789e-05
0.551,3.60107118e-06,3.75378178e-06,9.45687841e-05,6.82488786e-05,1.59145257e-06,-9.06828512e-06,1.91447529e-06,1.39159525e-05
0.552,3.4536343e-06,3.81539386e-06,9.40545674e-05,6.78700097e-05,1.44782188e-06,-9.39468276e-06,2.30839733e-06,1.39412758e-05
0.553,3.30720141e-06,3.87333977e-06,9.35426071e-05,6.74947073e-05,1.30380958e-06,-9.72387616e-06,2.70116545e-06,1.3967633e-05
0.554,3.16177728e-06,3.92757807e-06,9.30328527e-05,6.71229415e-05,1.15942287e-06,-1.00558696e-05,3.09279602e-06,1.39950109e-05
0.555,3.0173605e-06,3.97806753e-06,9.25252536e-05,6.67546883e-05,1.01467459e-06,-1.03906694e-05,3.48331276e-06,1.40233983e-05
0.556,2.873945e-06,4.02476681e-06,9.20197632e-05,6.63899247e-05,8.69579543e-07,-1.07282814e-05,3.87274369e-06,1.40527841e-05
0.557,2.73152147e-06,4.0676339e-06,9.15163397e-05,6.60286273e-05,7.24151764e-07,-1.10687089e-05,4.2611181e-06,1.40831567e-05
0.558,2.59007911e-06,4.10662557e-06,9.10149457e-05,6.56707711e-05,5.78403188e-07,-1.14119512e-05,4.64846445e-06,1.41145036e-05
0.559,2.44960895e-06,4.14169724e-06,9.05155451e-05,6.53163311e-05,4.32344126e-07,-1.17580012e-05,5.03480859e-06,1.41468112e-05
0.56,2.31010543e-06,4.17280349e-06,9.00180997e-05,6.49652828e-05,2.85984487e-07,-1.21068432e-05,5.42017155e-06,1.41800644e-05
0.561,2.17156608e-06,4.19989958e-06,8.95225674e-05,6.46176025e-05,1.39333562e-07,-1.24584505e-05,5.80456635e-06,1.42142463e-05
0.562,2.03399305e-06,4.22294317e-06,8.90289042e-05,6.42732626e-05,-7.60269556e-09,-1.2812783e-05,6.18799326e-06,1.42493364e-05
0.563,1.89739352e-06,4.24189324e-06,8.85370694e-05,6.3932227e-05,-1.54825462e-07,-1.3169789e-05,6.57043967e-06,1.42853098e-05
0.564,1.76177595e-06,4.25670906e-06,8.80470267e-05,6.35944517e-05,-3.0234312e-07,-1.35294079e-05,6.95188406e-06,1.43221377e-05
0.565,1.62714624e-06,4.26735012e-06,8.75587429e-05,6.325989e-05,-4.50167618e-07,-1.38915735e-05,7.33230165e-06,1.43597897e-05
0.566,1.49350614e-06,4.27377643e-06,8.70721862e-05,6.29284955e-05,-5.9831021e-07,-1.42562167e-05,7.71166964e-06,1.43982344e-05
0.567,1.36085255e-06,4.27594889e-06,8.65873238e-05,6.26002273e-05,-7.4677754e-07,-1.4623267e-05,8.08997078e-06,1.44374416e-05
0.568,1.22917979e-06,4.27382931e-06,8.61041207e-05,6.22750516e-05,-8.955698e-07,-1.49926543e-05,8.4671934e-06,1.44773829e-05
0.569,1.09848354e-06,4.26738037e-06,8.56225409e-05,6.195294e-05,-1.04468205e-06,-1.53643094e-05,8.84332936e-06,1.45180312e-05
0.57,9.68762232e-07,4.25656518e-06,8.51425496e-05,6.16338676e-05,-1.19410561e-06,-1.57381648e-05,9.21837322e-06,1.45593608e-05
0.571,8.40015446e-07,4.24134613e-06,8.4664112e-05,6.13178148e-05,-1.34382729e-06,-1.61141573e-05,9.59232433e-06,1.46013484e-05
0.572,7.12240732e-07,4.22168414e-06,8.41871931e-05,6.1004768e-05,-1.49382902e-06,-1.64922291e-05,9.96518954e-06,1.46439744e-05
0.573,5.85432333e-07,4.19754014e-06,8.37117593e-05,6.06947165e-05,-1.64408972e-06,-1.68723257e-05,1.03369817e-05,1.46872215e-05
0.574,4.59582005e-07,4.16887627e-06,8.323778e-05,6.03876492e-05,-1.79458822e-06,-1.72543943e-05,1.07077157e-05,1.47310729e-05
0.575,3.34680447e-07,4.13565623e-06,8.27652279e-05,6.00835513e-05,-1.94530663e-06,-1.76383807e-05,1.10774039e-05,1.47755107e-05
0.576,2.10719941e-07,4.09784496e-06,8.2294079e-05,5.97824017e-05,-2.0962326e-06,-1.80242278e-05,1.14460521e-05,1.48205146e-05
0.577,8.76956108e-08,4.05540779e-06,8.182431e-05,5.94841749e-05,-2.24735847e-06,-1.84118751e-05,1.1813658e-05,1.48660616e-05
0.578,-3.43959526e-08,4.00830991e-06,8.1355895e-05,5.91888447e-05,-2.39867857e-06,-1.88012578e-05,1.21802119e-05,1.49121278e-05
0.579,-1.55557239e-07,3.95651635e-06,8.08888044e-05,5.88963848e-05,-2.55018845e-06,-1.91923067e-05,1.25456969e-05,1.49586887e-05
0.58,-2.75788633e-07,3.89999254e-06,8.04230079e-05,5.8606766e-05,-2.70188661e-06,-1.95849461e-05,1.29100876e-05,1.50057174e-05
0.581,-3.9508864e-07,3.83870578e-06,7.99584775e-05,5.83199533e-05,-2.85377596e-06,-1.99790925e-05,1.32733507e-05,1.50531828e-05
0.582,-5.13455742e-07,3.77262654e-06,7.94951882e-05,5.80359075e-05,-3.00586214e-06,-2.03746542e-05,1.36354481e-05,1.51010505e-05
0.583,-6.30889564e-07,3.70172811e-06,7.90331175e-05,5.77545887e-05,-3.15814972e-06,-2.07715315e-05,1.39963422e-05,1.51492839e-05
0.584,-7.47392868e-07,3.62598602e-06,7.85722434e-05,5.74759619e-05,-3.31063693e-06,-2.1169619e-05,1.43560018e-05,1.51978467e-05
0.585,-8.62972871e-07,3.54537698e-06,7.81125408e-05,5.72000027e-05,-3.46331169e-06,-2.15688064e-05,1.47144041e-05,1.5246706e-05
0.586,-9.77638659e-07,3.45987775e-06,7.76539831e-05,5.6926696e-05,-3.61615314e-06,-2.19689785e-05,1.50715322e-05,1.5295831e-05
0.587,-1.09139834e-06,3.36946518e-06,7.71965448e-05,5.66560318e-05,-3.7691359e-06,-2.23700147e-05,1.54273709e-05,1.53451913e-05
0.588,-1.20425885e-06,3.2741163e-06,7.67402017e-05,5.63880033e-05,-3.92223213e-06,-2.27717886e-05,1.57819049e-05,1.5394756e-05
0.589,-1.31622688e-06,3.17380943e-06,7.6284931e-05,5.61226059e-05,-4.07541226e-06,-2.31741675e-05,1.61351184e-05,1.54444946e-05
0.59,-1.42730968e-06,3.06852597e-06,7.58307117e-05,5.58598348e-05,-4.22864559e-06,-2.35770119e-05,1.64869951e-05,1.54943759e-05
0.591,-1.53751557e-06,2.95825146e-06,7.53775239e-05,5.55996824e-05,-4.38190161e-06,-2.39801751e-05,1.68375155e-05,1.55443672e-05
0.592,-1.64685312e-06,2.84297607e-06,7.49253496e-05,5.53421353e-05,-4.53515335e-06,-2.43835022e-05,1.71866524e-05,1.55944327e-05
0.593,-1.75532867e-06,2.72269394e-06,7.44741744e-05,5.50871702e-05,-4.68838178e-06,-2.478683e-05,1.75343666e-05,1.56445306e-05
0.594,-1.86294586e-06,2.59740128e-06,7.40239856e-05,5.48347557e-05,-4.84157594e-06,-2.51899884e-05,1.78806054e-05,1.56946133e-05
0.595,-1.96970804e-06,2.46709545e-06,7.35747682e-05,5.45848585e-05,-4.99472818e-06,-2.55928018e-05,1.82253046e-05,1.57446305e-05
0.596,-2.07561952e-06,2.33177511e-06,7.31265029e-05,5.43374467e-05,-5.14782967e-06,-2.59950902e-05,1.85683926e-05,1.57945311e-05
0.597,-2.18068557e-06,2.1914411e-06,7.26791665e-05,5.40924909e-05,-5.30086815e-06,-2.63966692e-05,1.89097925e-05,1.58442637e-05
0.598,-2.28491211e-06,2.04609901e-06,7.22327348e-05,5.38499619e-05,-5.45382817e-06,-2.67973486e-05,1.92494256e-05,1.58937757e-05
0.599,-2.3883047e-06,1.89576088e-06,7.17871869e-05,5.3609828e-05,-5.60669232e-06,-2.71969318e-05,1.95872142e-05,1.59430128e-05
0.6,-2.49086805e-06,1.74044535e-06,7.13425053e-05,5.33720567e-05,-5.75944051e-06,-2.7595215e-05,1.99230856e-05,1.59919189e-05
0.601,-2.59260759e-06,1.58017688e-06,7.08986742e-05,5.31366189e-05,-5.91204594e-06,-2.7991989e-05,2.02569746e-05,1.60404392e-05
0.602,-2.69352975e-06,1.41498334e-06,7.04556746e-05,5.29034951e-05,-6.06447092e-06,-2.83870409e-05,2.05888227e-05,1.60885244e-05
0.603,-2.79363947e-06,1.24489482e-06,7.00134832e-05,5.26726754e-05,-6.21666765e-06,-2.87801548e-05,2.09185735e-05,1.61361294e-05
0.604,-2.89293837e-06,1.06994443e-06,6.95720738e-05,5.24441556e-05,-6.36858257e-06,-2.91711104e-05,2.12461665e-05,1.61832114e-05
0.605,-2.99142539e-06,8.90169376e-07,6.91314185e-05,5.22179329e-05,-6.52016047e-06,-2.95596822e-05,2.1571535e-05,1.62297273e-05
0.606,-3.0891026e-06,7.05613241e-07,6.8691492e-05,5.19939999e-05,-6.67135072e-06,-2.99456379e-05,2.1894608e-05,1.627563e-05
0.607,-3.1859832e-06,5.16328502e-07,6.82522764e-05,5.17723386e-05,-6.82211227e-06,-3.03287361e-05,2.22153133e-05,1.63208642e-05
0.608,-3.2820943e-06,3.22377187e-07,6.78137605e-05,5.15529198e-05,-6.972415e-06,-3.07087253e-05,2.2533577e-05,1.63653652e-05
0.609,-3.37747362e-06,1.23830856e-07,6.73759404e-05,5.13356997e-05,-7.12224174e-06,-3.10853433e-05,2.28493183e-05,1.64090566e-05
0.61,-3.47215323e-06,-7.92304604e-08,6.69388117e-05,5.11206243e-05,-7.2715822e-06,-3.14583169e-05,2.31624388e-05,1.64518529e-05
0.611,-3.56614147e-06,-2.86719568e-07,6.65023559e-05,5.09076409e-05,-7.42041701e-06,-3.18273653e-05,2.34728121e-05,1.64936702e-05
0.612,-3.65941815e-06,-4.98541956e-07,6.60665333e-05,5.06967062e-05,-7.56870556e-06,-3.21922023e-05,2.37802832e-05,1.65344341e-05
0.613,-3.75193743e-06,-7.14595551e-07,6.56312819e-05,5.04877917e-05,-7.71637979e-06,-3.25525371e-05,2.40846763e-05,1.65740839e-05
0.614,-3.84364514e-06,-9.34768493e-07,6.51965267e-05,5.02808787e-05,-7.86335114e-06,-3.29080742e-05,2.43858086e-05,1.66125681e-05
0.615,-3.93450213e-06,-1.15893562e-06,6.47621989e-05,5.00759445e-05,-8.00953032e-06,-3.32585087e-05,2.46835074e-05,1.66498315e-05
0.616,-4.02449211e-06,-1.38695644e-06,6.43282456e-05,4.98729542e-05,-8.15484075e-06,-3.36035242e-05,2.49776176e-05,1.66858054e-05
0.617,-4.11362077e-06,-1.61867457e-06,6.38946292e-05,4.96718596e-05,-8.2992204e-06,-3.39427933e-05,2.52680016e-05,1.6720407e-05
0.618,-4.20190755e-06,-1.85391963e-06,6.34613186e-05,4.94726079e-05,-8.44261311e-06,-3.42759817e-05,2.55545315e-05,1.67535467e-05
0.619,-4.28937011e-06,-2.09251083e-06,6.30282753e-05,4.92751509e-05,-8.58495571e-06,-3.46027537e-05,2.58370758e-05,1.67851383e-05
0.62,-4.37601635e-06,-2.33425856e-06,6.25954476e-05,4.90794478e-05,-8.72617392e-06,-3.49227759e-05,2.61154891e-05,1.68151016e-05
0.621,-4.4618433e-06,-2.57896436e-06,6.21627713e-05,4.88854604e-05,-8.86618639e-06,-3.52357177e-05,2.63896078e-05,1.68433607e-05
0.622,-4.54683748e-06,-2.82641891e-06,6.17301736e-05,4.86931462e-05,-9.00491072e-06,-3.55412505e-05,2.66592501e-05,1.68698388e-05
0.623,-4.63097818e-06,-3.07639804e-06,6.12975759e-05,4.85024521e-05,-9.142267e-06,-3.58390457e-05,2.69242201e-05,1.68944554e-05
0.624,-4.71424097e-06,-3.32866088e-06,6.08648949e-05,4.83133146e-05,-9.27817592e-06,-3.6128775e-05,2.71843105e-05,1.69171279e-05
0.625,-4.79659831e-06,-3.58294979e-06,6.04320407e-05,4.81256604e-05,-9.4125575e-06,-3.64101113e-05,2.74393044e-05,1.6937772e-05
0.626,-4.87802008e-06,-3.83899208e-06,5.99989189e-05,4.7939408e-05,-9.54533314e-06,-3.66827306e-05,2.76889759e-05,1.69563005e-05
0.627,-4.95847613e-06,-4.09650372e-06,5.95654299e-05,4.77544708e-05,-9.67642711e-06,-3.69463151e-05,2.79330906e-05,1.69726228e-05
0.628,-5.03793729e-06,-4.3551914e-06,5.91314685e-05,4.75707616e-05,-9.80576493e-06,-3.72005544e-05,2.81714097e-05,1.69866466e-05
0.629,-5.11637537e-06,-4.6147532e-06,5.86969221e-05,4.73881973e-05,-9.93326821e-06,-3.74451474e-05,2.84036943e-05,1.6998282e-05
0.63,-5.19376154e-06,-4.87487756e-06,5.82616682e-05,4.72067014e-05,-1.00588482e-05,-3.76798013e-05,2.86297082e-05,1.7007447e-05
0.631,-5.27006136e-06,-5.1352404e-06,5.78255747e-05,4.70262022e-05,-1.01824033e-05,-3.79042313e-05,2.88492198e-05,1.70140692e-05
0.632,-5.34523065e-06,-5.39550424e-06,5.73885018e-05,4.68466277e-05,-1.03038234e-05,-3.81181588e-05,2.90620012e-05,1.70180831e-05
0.633,-5.41921559e-06,-5.65531892e-06,5.6950303e-05,4.66679033e-05,-1.04229934e-05,-3.83213133e-05,2.92678258e-05,1.7019427e-05
0.634,-5.49195644e-06,-5.91432464e-06,5.65108251e-05,4.64899526e-05,-1.05397958e-05,-3.85134351e-05,2.9466466e-05,1.70180436e-05
0.635,-5.56339312e-06,-6.17215668e-06,5.60699077e-05,4.63126983e-05,-1.06541137e-05,-3.86942801e-05,2.96576907e-05,1.70138785e-05
0.636,-5.63346825e-06,-6.42844813e-06,5.56273833e-05,4.61360626e-05,-1.07658331e-05,-3.88636225e-05,2.98412628e-05,1.70068793e-05
0.637,-5.70212681e-06,-6.6828309e-06,5.5183079e-05,4.59599632e-05,-1.08748471e-05,-3.9021257e-05,3.00169363e-05,1.69969928e-05
0.638,-5.76931226e-06,-6.93493509e-06,5.47368181e-05,4.57843096e-05,-1.09810587e-05,-3.9166998e-05,3.01844564e-05,1.69841615e-05
0.639,-5.83496282e-06,-7.1843878e-06,5.42884197e-05,4.56090018e-05,-1.10843779e-05,-3.93006787e-05,3.03435605e-05,1.69683253e-05
0.64,-5.89901113e-06,-7.43081415e-06,5.38376974e-05,4.54339352e-05,-1.1184715e-05,-3.9422152e-05,3.04939814e-05,1.69494279e-05
0.641,-5.96138476e-06,-7.67383982e-06,5.33844591e-05,4.52590043e-05,-1.12819767e-05,-3.95312903e-05,3.06354503e-05,1.692742e-05
0.642,-6.02200874e-06,-7.91309476e-06,5.29285084e-05,4.50841067e-05,-1.13760662e-05,-3.96279867e-05,3.07677003e-05,1.690226e-05
0.643,-6.08080845e-06,-8.14821803e-06,5.24696467e-05,4.49091455e-05,-1.14668865e-05,-3.97121554e-05,3.0890469e-05,1.68739122e-05
0.644,-6.13771024e-06,-8.37886081e-06,5.20076759e-05,4.47340303e-05,-1.15543426e-05,-3.97837322e-05,3.10035014e-05,1.68423452e-05
0.645,-6.19264192e-06,-8.60468846e-06,5.15423983e-05,4.45586792e-05,-1.16383401e-05,-3.98426742e-05,3.1106551e-05,1.68075349e-05
0.646,-6.24553179e-06,-8.825381e-06,5.10736171e-05,4.438302e-05,-1.17187805e-05,-3.98889594e-05,3.11993803e-05,1.67694681e-05
0.647,-6.29630606e-06,-9.04063302e-06,5.06011371e-05,4.4206988e-05,-1.17955614e-05,-3.99225858e-05,3.128176e-05,1.67281432e-05
0.648,-6.34488808e-06,-9.25015501e-06,5.01247677e-05,4.40305236e-05,-1.18685793e-05,-3.99435711e-05,3.13534681e-05,1.6683567e-05
0.649,-6.39119963e-06,-9.45367548e-06,4.96443248e-05,4.38535704e-05,-1.19377337e-05,-3.99519537e-05,3.14142883e-05,1.66357518e-05
0.65,-6.43516433e-06,-9.65094455e-06,4.91596335e-05,4.36760751e-05,-1.20029304e-05,-3.99477946e-05,3.1464009e-05,1.65847134e-05
0.651,-6.4767116e-06,-9.84173767e-06,4.86705289e-05,4.34979886e-05,-1.2064083e-05,-3.9931179e-05,3.15024225e-05,1.65304706e-05
0.652,-6.51577851e-06,-1.00258575e-05,4.81768586e-05,4.33192663e-05,-1.21211138e-05,-3.99022172e-05,3.15293255e-05,1.64730459e-05
0.653,-6.55230915e-06,-1.02031344e-05,4.76784844e-05,4.31398663e-05,-1.21739552e-05,-3.98610435e-05,3.1544519e-05,1.64124623e-05
0.654,-6.58625228e-06,-1.03734258e-05,4.71752848e-05,4.29597488e-05,-1.22225501e-05,-3.98078143e-05,3.15478099e-05,1.63487421e-05
0.655,-6.61756009e-06,-1.05366159e-05,4.66671553e-05,4.27788784e-05,-1.22668478e-05,-3.97427053e-05,3.15390129e-05,1.62819105e-05
0.656,-6.64618851e-06,-1.06926169e-05,4.61540082e-05,4.25972278e-05,-1.23067991e-05,-3.96659105e-05,3.15179537e-05,1.62120001e-05
0.657,-6.67209829e-06,-1.0841371e-05,4.56357737e-05,4.24147826e-05,-1.23423534e-05,-3.95776394e-05,3.14844707e-05,1.61390548e-05
0.658,-6.69525711e-06,-1.09828509e-05,4.51124017e-05,4.22315416e-05,-1.23734599e-05,-3.94781163e-05,3.14384175e-05,1.60631294e-05
0.659,-6.71564041e-06,-1.11170609e-05,4.4583865e-05,4.2047517e-05,-1.24000714e-05,-3.9367578e-05,3.13796645e-05,1.59842852e-05
0.66,-6.73323183e-06,-1.12440357e-05,4.40501611e-05,4.18627325e-05,-1.24221465e-05,-3.92462739e-05,3.13080984e-05,1.59025884e-05
0.661,-6.74802369e-06,-1.13638398e-05,4.35113131e-05,4.16772224e-05,-1.24396485e-05,-3.91144655e-05,3.12236209e-05,1.58181112e-05
0.662,-6.76001646e-06,-1.14765659e-05,4.29673693e-05,4.14910314e-05,-1.24525434e-05,-3.89724272e-05,3.11261475e-05,1.57309335e-05
0.663,-6.76921847e-06,-1.15823337e-05,4.24184038e-05,4.13042124e-05,-1.24608011e-05,-3.88204466e-05,3.10156062e-05,1.56411422e-05
0.664,-6.77564607e-06,-1.16812888e-05,4.18645177e-05,4.11168243e-05,-1.2464398e-05,-3.86588241e-05,3.08919384e-05,1.55488283e-05
0.665,-6.77932433e-06,-1.17736009e-05,4.13058405e-05,4.09289299e-05,-1.24633206e-05,-3.84878732e-05,3.07550998e-05,1.54540828e-05
0.666,-6.78028849e-06,-1.18594627e-05,4.07425311e-05,4.07405952e-05,-1.24575663e-05,-3.83079193e-05,3.06050629e-05,1.53569963e-05
0.667,-6.77858472e-06,-1.19390883e-05,4.01747778e-05,4.05518895e-05,-1.24471432e-05,-3.8119299e-05,3.04418187e-05,1.52576608e-05
0.668,-6.77426958e-06,-1.20127112e-05,3.96027969e-05,4.03628864e-05,-1.24320685e-05,-3.7922359e-05,3.0265378e-05,1.51561711e-05
0.669,-6.76740845e-06,-1.20805823e-05,3.90268311e-05,4.01736643e-05,-1.24123676e-05,-3.77174551e-05,3.00757734e-05,1.50526249e-05
0.67,-6.75807393e-06,-1.21429682e-05,3.84471465e-05,3.99843071e-05,-1.2388073e-05,-3.75049508e-05,2.98730594e-05,1.4947124e-05
0.671,-6.74634489e-06,-1.22001484e-05,3.7864031e-05,3.9794905e-05,-1.23592219e-05,-3.72852163e-05,2.96573144e-05,1.48397763e-05
0.672,-6.73230617e-06,-1.22524136e-05,3.72777919e-05,3.9605555e-05,-1.23258557e-05,-3.7058626e-05,2.9428642e-05,1.47306972e-05
0.673,-6.71604866e-06,-1.23000617e-05,3.66887566e-05,3.94163589e-05,-1.22880211e-05,-3.68255566e-05,2.91871732e-05,1.46200096e-05
0.674,-6.69766891e-06,-1.23433951e-05,3.6097272e-05,3.9227421e-05,-1.22457719e-05,-3.65863851e-05,2.89330678e-05,1.45078401e-05
0.675,-6.67726855e-06,-1.23827178e-05,3.55037032e-05,3.90388463e-05,-1.21991712e-05,-3.63414888e-05,2.86665142e-05,1.43943172e-05
0.676,-6.65495384e-06,-1.24183338e-05,3.49084304e-05,3.88507392e-05,-1.21482908e-05,-3.60912464e-05,2.83877277e-05,1.42795715e-05
0.677,-6.63083488e-06,-1.24505456e-05,3.43118443e-05,3.86632036e-05,-1.20932094e-05,-3.58360405e-05,2.80969473e-05,1.41637364e-05
0.678,-6.60502476e-06,-1.24796539e-05,3.37143427e-05,3.84763424e-05,-1.20340121e-05,-3.55762581e-05,2.77944342e-05,1.40469491e-05
0.679,-6.57763869e-06,-1.25059543e-05,3.31163282e-05,3.82902559e-05,-1.1970792e-05,-3.531229e-05,2.74804719e-05,1.39293473e-05
0.68,-6.54879294e-06,-1.25297353e-05,3.25182073e-05,3.81050386e-05,-1.19036515e-05,-3.50445281e-05,2.71553679e-05,1.38110667e-05
0.681,-6.51860446e-06,-1.25512738e-05,3.19203907e-05,3.79207777e-05,-1.18327036e-05,-3.47733616e-05,2.68194555e-05,1.36922389e-05
0.682,-6.48719034e-06,-1.25708343e-05,3.13232912e-05,3.77375531e-05,-1.17580699e-05,-3.44991753e-05,2.64730935e-05,1.3572994e-05
0.683,-6.45466689e-06,-1.25886682e-05,3.07273194e-05,3.75554387e-05,-1.16798788e-05,-3.42223476e-05,2.61166653e-05,1.34534614e-05
0.684,-6.42114848e-06,-1.26050142e-05,3.01328777e-05,3.73745048e-05,-1.1598263e-05,-3.39432521e-05,2.5750575e-05,1.33337722e-05
0.685,-6.38674615e-06,-1.26200992e-05,2.95403554e-05,3.71948195e-05,-1.15133582e-05,-3.36622571e-05,2.53752447e-05,1.32140585e-05
0.686,-6.35156663e-06,-1.26341371e-05,2.89501253e-05,3.70164486e-05,-1.14253024e-05,-3.33797249e-05,2.49911128e-05,1.30944529e-05
0.687,-6.31571167e-06,-1.26473264e-05,2.83625432e-05,3.68394536e-05,-1.13342355e-05,-3.30960086e-05,2.45986333e-05,1.29750879e-05
0.688,-6.27927768e-06,-1.26598477e-05,2.77779487e-05,3.66638887e-05,-1.12403009e-05,-3.28114481e-05,2.41982777e-05,1.28560933e-05
0.689,-6.24235525e-06,-1.26718613e-05,2.71966656e-05,3.64897987e-05,-1.11436464e-05,-3.25263679e-05,2.37905335e-05,1.27375947e-05
0.69,-6.20502889e-06,-1.26835083e-05,2.66189995e-05,3.63172192e-05,-1.10444238e-05,-3.2241077e-05,2.33759025e-05,1.26197123e-05
0.691,-6.16737664e-06,-1.26949123e-05,2.60452333e-05,3.61461781e-05,-1.09427869e-05,-3.1955872e-05,2.29548952e-05,1.25025611e-05
0.692,-6.12946958e-06,-1.27061823e-05,2.54756222e-05,3.59766982e-05,-1.08388895e-05,-3.16710394e-05,2.25280245e-05,1.23862525e-05
0.693,-6.09137163e-06,-1.27174142e-05,2.49103913e-05,3.58087982e-05,-1.07328835e-05,-3.13868564e-05,2.2095803e-05,1.2270894e-05
0.694,-6.05313933e-06,-1.27286903e-05,2.43497374e-05,3.56424916e-05,-1.06249197e-05,-3.11035884e-05,2.16587414e-05,1.21565879e-05
0.695,-6.01482219e-06,-1.27400775e-05,2.37938322e-05,3.54777845e-05,-1.0515149e-05,-3.08214846e-05,2.12173502e-05,1.20434285e-05
0.696,-5.97646321e-06,-1.27516262e-05,2.32428266e-05,3.53146742e-05,-1.04037233e-05,-3.05407753e-05,2.07721405e-05,1.19315019e-05
0.697,-5.93809918e-06,-1.2763372e-05,2.2696851e-05,3.51531503e-05,-1.0290794e-05,-3.02616708e-05,2.03236213e-05,1.18208867e-05
0.698,-5.89976013e-06,-1.27753377e-05,2.21560131e-05,3.49931968e-05,-1.01765092e-05,-2.99843638e-05,1.98722953e-05,1.17116565e-05
0.699,-5.86146827e-06,-1.27875361e-05,2.16203943e-05,3.4834796e-05,-1.00610105e-05,-2.97090329e-05,1.94186524e-05,1.16038819e-05
0.7,-5.82323762e-06,-1.2799971e-05,2.10900488e-05,3.46779284e-05,-9.94443148e-06,-2.94358442e-05,1.89631672e-05,1.14976303e-05
0.701,-5.78507528e-06,-1.28126381e-05,2.05650054e-05,3.45225733e-05,-9.82689908e-06,-2.9164952e-05,1.85062975e-05,1.13929648e-05
0.702,-5.74698567e-06,-1.28255284e-05,2.0045272e-05,3.43687079e-05,-9.70853821e-06,-2.88964988e-05,1.80484864e-05,1.12899399e-05
0.703,-5.70897446e-06,-1.28386315e-05,1.95308398e-05,3.42163067e-05,-9.58947578e-06,-2.86306144e-05,1.7590164e-05,1.11885984e-05
0.704,-5.67104894e-06,-1.28519377e-05,1.90216857e-05,3.40653432e-05,-9.46984037e-06,-2.83674147e-05,1.71317463e-05,1.10889715e-05
0.705,-5.63321321e-06,-1.28654343e-05,1.85177724e-05,3.39157885e-05,-9.34975634e-06,-2.81069992e-05,1.66736344e-05,1.09910833e-05
0.706,-5.595459e-06,-1.28790948e-05,1.801905e-05,3.37676102e-05,-9.22933446e-06,-2.78494465e-05,1.62162129e-05,1.08949588e-05
0.707,-5.5577617e-06,-1.28928746e-05,1.75254566e-05,3.36207707e-05,-9.10866731e-06,-2.75948129e-05,1.57598491e-05,1.08006282e-05
0.708,-5.52008341e-06,-1.29067126e-05,1.70369205e-05,3.34752287e-05,-8.98783216e-06,-2.73431355e-05,1.53048923e-05,1.07081255e-05
0.709,-5.48238434e-06,-1.29205458e-05,1.65533609e-05,3.33309421e-05,-8.86690142e-06,-2.70944402e-05,1.48516742e-05,1.06174808e-05
0.71,-5.44463437e-06,-1.29343234e-05,1.60746898e-05,3.31878717e-05,-8.74595283e-06,-2.68487503e-05,1.44005083e-05,1.05287116e-05
0.711,-5.40681539e-06,-1.29480106e-05,1.56008135e-05,3.30459812e-05,-8.62507181e-06,-2.66060904e-05,1.39516906e-05,1.04418205e-05
0.712,-5.36891701e-06,-1.29615837e-05,1.51316338e-05,3.2905237e-05,-8.50434705e-06,-2.63664853e-05,1.35054986e-05,1.03567994e-05
0.713,-5.33092745e-06,-1.29750208e-05,1.46670473e-05,3.27656057e-05,-8.38386206e-06,-2.61299566e-05,1.30621913e-05,1.0273636e-05
0.714,-5.29282837e-06,-1.29882955e-05,1.42069457e-05,3.26270548e-05,-8.26368979e-06,-2.58965184e-05,1.26220083e-05,1.01923194e-05
0.715,-5.25459522e-06,-1.30013781e-05,1.37512162e-05,3.24895517e-05,-8.14389253e-06,-2.56661765e-05,1.21851711e-05,1.01128404e-05
0.716,-5.21620062e-06,-1.30142366e-05,1.32997448e-05,3.23530641e-05,-8.02452531e-06,-2.54389266e-05,1.17518862e-05,1.00351894e-05
0.717,-5.17761798e-06,-1.30268385e-05,1.28524207e-05,3.22175582e-05,-7.90564005e-06,-2.52147547e-05,1.13223487e-05,9.95935415e-06
0.718,-5.13882268e-06,-1.30391519e-05,1.24091375e-05,3.2083e-05,-7.78728699e-06,-2.49936373e-05,1.08967438e-05,9.88531914e-06
0.719,-5.0997916e-06,-1.30511455e-05,1.1969791e-05,3.19493555e-05,-7.66951406e-06,-2.47755446e-05,1.04752458e-05,9.81306681e-06
0.72,-5.06050181e-06,-1.30627915e-05,1.15342751e-05,3.18165937e-05,-7.55236505e-06,-2.45604432e-05,1.00580146e-05,9.74257809e-06
0.721,-5.02092966e-06,-1.3074066e-05,1.11024783e-05,3.16846873e-05,-7.43587883e-06,-2.43482986e-05,9.64519448e-06,9.67383231e-06
0.722,-4.9810508e-06,-1.30849493e-05,1.06742851e-05,3.15536116e-05,-7.32009006e-06,-2.41390755e-05,9.23691556e-06,9.60680659e-06
0.723,-4.94084109e-06,-1.30954227e-05,1.02495803e-05,3.14233422e-05,-7.20503084e-06,-2.39327365e-05,8.83329756e-06,9.5414756e-06
0.724,-4.90027778e-06,-1.31054672e-05,9.82825431e-06,3.12938528e-05,-7.09073232e-06,-2.37292404e-05,8.43445375e-06,9.47781205e-06
0.725,-4.85933997e-06,-1.31150626e-05,9.41020526e-06,3.11651151e-05,-6.97722517e-06,-2.35285425e-05,8.0404922e-06,9.41578735e-06
0.726,-4.81800835e-06,-1.31241893e-05,8.99533727e-06,3.10371e-05,-6.86453921e-06,-2.33305964e-05,7.65151476e-06,9.35537151e-06
0.727,-4.7762644e-06,-1.31328307e-05,8.58355645e-06,3.09097803e-05,-6.75270216e-06,-2.31353558e-05,7.26761426e-06,9.29653305e-06
0.728,-4.73408992e-06,-1.31409745e-05,8.17476892e-06,3.07831317e-05,-6.64173869e-06,-2.29427755e-05,6.88887314e-06,9.23923924e-06
0.729,-4.6914671e-06,-1.31486115e-05,7.76888177e-06,3.06571325e-05,-6.53167009e-06,-2.27528109e-05,6.51536441e-06,9.18345688e-06
0.73,-4.6483793e-06,-1.31557338e-05,7.36580691e-06,3.05317619e-05,-6.42251519e-06,-2.25654153e-05,6.14715485e-06,9.12915315e-06
0.731,-4.60481178e-06,-1.31623329e-05,6.96546475e-06,3.04069987e-05,-6.31429173e-06,-2.23805394e-05,5.78430822e-06,9.07629613e-06
0.732,-4.56075188e-06,-1.31683991e-05,6.56778497e-06,3.02828218e-05,-6.20701678e-06,-2.21981307e-05,5.42688619e-06,9.02485498e-06
0.733,-4.51618882e-06,-1.31739237e-05,6.17270442e-06,3.01592105e-05,-6.10070649e-06,-2.20181354e-05,5.07494739e-06,8.97479995e-06
0.734,-4.47111296e-06,-1.31789001e-05,5.78016376e-06,3.00361454e-05,-5.99537539e-06,-2.18405001e-05,4.72854552e-06,8.92610145e-06
0.735,-4.42551543e-06,-1.3183325e-05,5.39010584e-06,2.99136087e-05,-5.8910366e-06,-2.16651735e-05,4.38772908e-06,8.87872855e-06
0.736,-4.37938827e-06,-1.3187198e-05,5.00247649e-06,2.97915825e-05,-5.78770284e-06,-2.14921072e-05,4.05254292e-06,8.83264773e-06
0.737,-4.33272508e-06,-1.31905195e-05,4.6172273e-06,2.9670048e-05,-5.68538771e-06,-2.1321255e-05,3.72303096e-06,8.78782284e-06
0.738,-4.28552173e-06,-1.31932902e-05,4.23431783e-06,2.95489844e-05,-5.58410602e-06,-2.1152572e-05,3.39923794e-06,8.74421633e-06
0.739,-4.23777632e-06,-1.31955107e-05,3.85371576e-06,2.94283694e-05,-5.48387343e-06,-2.09860136e-05,3.08120954e-06,8.70179018e-06
0.74,-4.18948858e-06,-1.31971822e-05,3.47539512e-06,2.93081807e-05,-5.38470575e-06,-2.08215359e-05,2.7689912e-06,8.66050599e-06
0.741,-4.14065897e-06,-1.31983075e-05,3.09933416e-06,2.91883967e-05,-5.28661792e-06,-2.06590957e-05,2.46262654e-06,8.62032485e-06
0.742,-4.09128835e-06,-1.31988902e-05,2.72551465e-06,2.90689973e-05,-5.18962331e-06,-2.04986493e-05,2.16215673e-06,8.58120794e-06
0.743,-4.04137828e-06,-1.31989344e-05,2.35392254e-06,2.89499634e-05,-5.09373334e-06,-2.03401522e-05,1.86762095e-06,8.54311751e-06
0.744,-3.99093152e-06,-1.31984436e-05,1.98454943e-06,2.88312757e-05,-4.9989579e-06,-2.01835578e-05,1.5790579e-06,8.50601739e-06
0.745,-3.93995233e-06,-1.319742e-05,1.61739339e-06,2.87129151e-05,-4.90530639e-06,-2.00288182e-05,1.29650711e-06,8.46987235e-06
0.746,-3.88844647e-06,-1.31958653e-05,1.2524587e-06,2.85948616e-05,-4.8127885e-06,-1.98758853e-05,1.02000944e-06,8.43464699e-06
0.747,-3.83642101e-06,-1.31937817e-05,8.8975494e-07,2.84770945e-05,-4.72141452e-06,-1.97247114e-05,7.49606891e-07,8.40030467e-06
0.748,-3.78388415e-06,-1.31911723e-05,5.29296181e-07,2.83595924e-05,-4.63119547e-06,-1.95752508e-05,4.85342286e-07,8.36680651e-06
0.749,-3.7308452e-06,-1.31880422e-05,1.711009e-07,2.82423325e-05,-4.5421434e-06,-1.94274598e-05,2.2725967e-07,8.33411052e-06
0.75,-3.67731462e-06,-1.31843971e-05,-1.84807834e-07,2.81252905e-05,-4.45427177e-06,-1.92812976e-05,-2.45951087e-08,8.3021711e-06
0.751,-3.62330418e-06,-1.31802437e-05,-5.38402062e-07,2.80084405e-05,-4.36759528e-06,-1.91367254e-05,-2.70174078e-07,8.27093974e-06
0.752,-3.56882685e-06,-1.31755881e-05,-8.89648815e-07,2.78917554e-05,-4.28212901e-06,-1.89937049e-05,-5.09427406e-07,8.24036644e-06
0.753,-3.51389668e-06,-1.31704366e-05,-1.23850986e-06,2.77752073e-05,-4.1978878e-06,-1.88521976e-05,-7.42303782e-07,8.21040068e-06
0.754,-3.4585286e-06,-1.31647944e-05,-1.58494119e-06,2.76587679e-05,-4.11488615e-06,-1.87121634e-05,-9.68750517e-07,8.18099187e-06
0.755,-3.40273827e-06,-1.3158666e-05,-1.92889263e-06,2.75424088e-05,-4.03313812e-06,-1.85735609e-05,-1.18871363e-06,8.15208964e-06
0.756,-3.34654226e-06,-1.31520548e-05,-2.27030774e-06,2.74261012e-05,-3.95265675e-06,-1.84363465e-05,-1.4021382e-06,8.12364433e-06
0.757,-3.28995818e-06,-1.31449627e-05,-2.6091244e-06,2.73098153e-05,-3.87345348e-06,-1.83004743e-05,-1.60896889e-06,8.09560689e-06
0.758,-3.23300467e-06,-1.31373902e-05,-2.94527544e-06,2.71935193e-05,-3.7955385e-06,-1.81658971e-05,-1.80914994e-06,8.06792748e-06
0.759,-3.17570146e-06,-1.31293372e-05,-3.27868844e-06,2.70771793e-05,-3.71892203e-06,-1.80325683e-05,-2.00262425e-06,8.04055354e-06
0.76,-3.11806975e-06,-1.31208032e-05,-3.60928412e-06,2.69607583e-05,-3.64361597e-06,-1.79004432e-05,-2.18933198e-06,8.01342834e-06
0.761,-3.06013297e-06,-1.31117886e-05,-3.93697425e-06,2.68442163e-05,-3.56963474e-06,-1.77694788e-05,-2.3692095e-06,7.98649092e-06
0.762,-3.00191703e-06,-1.31022944e-05,-4.26166067e-06,2.67275096e-05,-3.49699514e-06,-1.76396339e-05,-2.54218942e-06,7.9596764e-06
0.763,-2.94344994e-06,-1.30923216e-05,-4.58323614e-06,2.66105914e-05,-3.42571543e-06,-1.75108684e-05,-2.70820173e-06,7.93291618e-06
0.764,-2.88476088e-06,-1.30818709e-05,-4.9015865e-06,2.64934112e-05,-3.35581366e-06,-1.73831427e-05,-2.86717593e-06,7.90613812e-06
0.765,-2.82587954e-06,-1.30709408e-05,-5.21659186e-06,2.6375915e-05,-3.28730627e-06,-1.72564158e-05,-3.01904275e-06,7.87926741e-06
0.766,-2.76683627e-06,-1.30595271e-05,-5.52812545e-06,2.62580449e-05,-3.22020749e-06,-1.71306444e-05,-3.16373459e-06,7.85222777e-06
0.767,-2.70766296e-06,-1.30476226e-05,-5.83605036e-06,2.61397392e-05,-3.15453014e-06,-1.70057815e-05,-3.30118438e-06,7.82494245e-06
0.768,-2.64839375e-06,-1.30352171e-05,-6.14021678e-06,2.60209324e-05,-3.09028688e-06,-1.6881777e-05,-3.4313245e-06,7.79733435e-06
0.769,-2.58906507e-06,-1.30222977e-05,-6.44046185e-06,2.59015545e-05,-3.02749022e-06,-1.67585786e-05,-3.55408739e-06,7.76932548e-06
0.77,-2.52971504e-06,-1.30088491e-05,-6.73661258e-06,2.578153e-05,-2.9661512e-06,-1.66361319e-05,-3.66940807e-06,7.74083564e-06
0.771,-2.47038245e-06,-1.29948534e-05,-7.02848909e-06,2.56607773e-05,-2.90627827e-06,-1.65143815e-05,-3.77722687e-06,7.7117807e-06
0.772,-2.4111066e-06,-1.29802906e-05,-7.31590518e-06,2.55392071e-05,-2.84787775e-06,-1.6393272e-05,-3.87748999e-06,7.68207096e-06
0.773,-2.35192818e-06,-1.29651393e-05,-7.59866554e-06,2.54167228e-05,-2.79095587e-06,-1.62727499e-05,-3.97014804e-06,7.65161105e-06
0.774,-2.29289084e-06,-1.29493776e-05,-7.87656143e-06,2.52932205e-05,-2.73552041e-06,-1.61527628e-05,-4.05515417e-06,7.62030114e-06
0.775,-2.23404176e-06,-1.29329826e-05,-8.14936954e-06,2.5168589e-05,-2.68158053e-06,-1.60332594e-05,-4.13246453e-06,7.58803866e-06
0.776,-2.17543044e-06,-1.29159298e-05,-8.41685516e-06,2.504271e-05,-2.6291447e-06,-1.59141877e-05,-4.2020414e-06,7.5547191e-06
0.777,-2.11710613e-06,-1.28981902e-05,-8.6787784e-06,2.49154575e-05,-2.57821772e-06,-1.57954943e-05,-4.26385777e-06,7.52023625e-06
0.778,-2.05911617e-06,-1.2879729e-05,-8.93489827e-06,2.47866964e-05,-2.52879864e-06,-1.56771237e-05,-4.31790068e-06,7.48448286e-06
0.779,-2.00150623e-06,-1.28605047e-05,-9.18497236e-06,2.46562829e-05,-2.48088062e-06,-1.55590165e-05,-4.36417167e-06,7.44735216e-06
0.78,-1.9443222e-06,-1.28404701e-05,-9.42875251e-06,2.45240648e-05,-2.43445291e-06,-1.54411103e-05,-4.40268461e-06,7.40873935e-06
0.781,-1.88761156e-06,-1.28195742e-05,-9.66598194e-06,2.43898825e-05,-2.38950324e-06,-1.53233412e-05,-4.43346374e-06,7.36854221e-06
0.782,-1.83142315e-06,-1.27977631e-05,-9.89639684e-06,2.42535689e-05,-2.34601841e-06,-1.52056459e-05,-4.45654444e-06,7.32666045e-06
0.783,-1.77580553e-06,-1.27749797e-05,-1.0119732e-05,2.41149487e-05,-2.30398275e-06,-1.50879623e-05,-4.47197672e-06,7.28299468e-06
0.784,-1.72080541e-06,-1.27511621e-05,-1.03357262e-05,2.39738378e-05,-2.26337635e-06,-1.49702297e-05,-4.47982892e-06,7.23744551e-06
0.785,-1.66646711e-06,-1.27262444e-05,-1.05441251e-05,2.38300434e-05,-2.22417514e-06,-1.48523902e-05,-4.48018889e-06,7.18991312e-06
0.786,-1.61283227e-06,-1.27001594e-05,-1.07446819e-05,2.36833644e-05,-2.18635172e-06,-1.47343899e-05,-4.47316409e-06,7.14029665e-06
0.787,-1.55993914e-06,-1.26728416e-05,-1.09371599e-05,2.35335918e-05,-2.14987565e-06,-1.46161805e-05,-4.45888166e-06,7.08849439e-06
0.788,-1.50782176e-06,-1.2644227e-05,-1.11213339e-05,2.33805092e-05,-2.11471251e-06,-1.44977174e-05,-4.43748882e-06,7.03440623e-06
0.789,-1.45651098e-06,-1.26142478e-05,-1.12969892e-05,2.3223895e-05,-2.08082432e-06,-1.43789565e-05,-4.40915052e-06,6.97793945e-06
0.79,-1.40603748e-06,-1.25828262e-05,-1.14639153e-05,2.30635266e-05,-2.04817135e-06,-1.42598513e-05,-4.37404508e-06,6.91901576e-06
0.791,-1.35643334e-06,-1.25498717e-05,-1.16219056e-05,2.28991832e-05,-2.01671305e-06,-1.41403517e-05,-4.33236252e-06,6.85757356e-06
0.792,-1.30772985e-06,-1.25152865e-05,-1.17707661e-05,2.27306458e-05,-1.98640625e-06,-1.40204065e-05,-4.28430819e-06,6.79356343e-06
0.793,-1.25995175e-06,-1.2478975e-05,-1.19103299e-05,2.25576944e-05,-1.9572019e-06,-1.38999683e-05,-4.23010954e-06,6.72693913e-06
0.794,-1.21311356e-06,-1.24408495e-05,-1.20404667e-05,2.23801067e-05,-1.92904447e-06,-1.3778998e-05,-4.17001887e-06,6.65765223e-06
0.795,-1.16722044e-06,-1.24008302e-05,-1.2161081e-05,2.21976608e-05,-1.90187449e-06,-1.36574662e-05,-4.10431018e-06,6.58565347e-06
0.796,-1.12227174e-06,-1.23588408e-05,-1.22721058e-05,2.20101404e-05,-1.87563154e-06,-1.35353514e-05,-4.03327348e-06,6.51089818e-06
0.797,-1.07826362e-06,-1.23148054e-05,-1.23734993e-05,2.18173384e-05,-1.8502554e-06,-1.34126369e-05,-3.95721065e-06,6.43335089e-06
0.798,-1.03518915e-06,-1.22686492e-05,-1.2465246e-05,2.16190596e-05,-1.82568576e-06,-1.32893098e-05,-3.87643363e-06,6.35298651e-06
0.799,-9.9303813e-07,-1.22203014e-05,-1.25473581e-05,2.14151218e-05,-1.80186256e-06,-1.31653611e-05,-3.79126213e-06,6.26979053e-06
0.8,-9.51797073e-07,-1.21696976e-05,-1.26198761e-05,2.12053587e-05,-1.77872642e-06,-1.30407868e-05,-3.70202136e-06,6.18375933e-06
0.801,-9.11448772e-07,-1.21167797e-05,-1.26828703e-05,2.09896214e-05,-1.75621837e-06,-1.29155864e-05,-3.60904064e-06,6.09490083e-06
0.802,-8.71970362e-07,-1.20614942e-05,-1.27364452e-05,2.07677796e-05,-1.73427838e-06,-1.27897631e-05,-3.51265398e-06,6.00323408e-06
0.803,-8.33331546e-07,-1.20037915e-05,-1.27807422e-05,2.05397215e-05,-1.71284461e-06,-1.26633236e-05,-3.41320026e-06,5.90878836e-06
0.804,-7.9549514e-07,-1.19436265e-05,-1.28159392e-05,2.03053557e-05,-1.6918542e-06,-1.25362789e-05,-3.31102111e-06,5.81160281e-06
0.805,-7.58420188e-07,-1.18809621e-05,-1.28422439e-05,2.00646143e-05,-1.67124557e-06,-1.24086446e-05,-3.20645662e-06,5.71172691e-06
0.806,-7.22065307e-07,-1.18157715e-05,-1.28598885e-05,1.98174557e-05,-1.65096076e-06,-1.22804416e-05,-3.09984092e-06,5.60922091e-06
0.807,-6.86389695e-07,-1.17480405e-05,-1.28691262e-05,1.95638665e-05,-1.6309467e-06,-1.21516967e-05,-2.99150012e-06,5.5041553e-06
0.808,-6.51351684e-07,-1.16777674e-05,-1.2870233e-05,1.93038608e-05,-1.61115461e-06,-1.20224432e-05,-2.88175278e-06,5.39660945e-06
0.809,-6.16906846e-07,-1.16049613e-05,-1.28635097e-05,1.90374788e-05,-1.59153854e-06,-1.18927198e-05,-2.77091105e-06,5.2866706e-06
0.81,-5.8300783e-07,-1.15296408e-05,-1.28492807e-05,1.87647862e-05,-1.57205457e-06,-1.17625699e-05,-2.6592799e-06,5.17443386e-06
0.811,-5.49606059e-07,-1.14518339e-05,-1.28278892e-05,1.84858752e-05,-1.55266149e-06,-1.16320405e-05,-2.54715421e-06,5.06000336e-06
0.812,-5.16653943e-07,-1.13715779e-05,-1.27996907e-05,1.82008656e-05,-1.53332197e-06,-1.15011815e-05,-2.43481512e-06,4.9434934e-06
0.813,-4.84105821e-07,-1.12889186e-05,-1.27650495e-05,1.79099047e-05,-1.51400278e-06,-1.13700447e-05,-2.32252826e-06,4.82502887e-06
0.814,-4.51917301e-07,-1.12039094e-05,-1.27243385e-05,1.76131652e-05,-1.49467386e-06,-1.12386834e-05,-2.21054404e-06,4.70474443e-06
0.815,-4.20043956e-07,-1.11166096e-05,-1.26779384e-05,1.73108424e-05,-1.47530761e-06,-1.1107152e-05,-2.09909864e-06,4.5827831e-06
0.816,-3.88441112e-07,-1.1027085e-05,-1.26262363e-05,1.70031523e-05,-1.45587928e-06,-1.09755076e-05,-1.98841413e-06,4.45929515e-06
0.817,-3.570653e-07,-1.09354087e-05,-1.25696208e-05,1.66903299e-05,-1.43636795e-06,-1.08438097e-05,-1.8786975e-06,4.33443767e-06
0.818,-3.25876394e-07,-1.08416614e-05,-1.25084767e-05,1.63726293e-05,-1.41675747e-06,-1.07121206e-05,-1.77013945e-06,4.20837449e-06
0.819,-2.94838719e-07,-1.07459313e-05,-1.24431814e-05,1.60503217e-05,-1.39703666e-06,-1.05805047e-05,-1.66291402e-06,4.0812759e-06
0.82,-2.6392053e-07,-1.06483137e-05,-1.23741038e-05,1.57236932e-05,-1.37719898e-06,-1.0449028e-05,-1.5571792e-06,3.95331782e-06
0.821,-2.33092768e-07,-1.05489085e-05,-1.23016037e-05,1.53930408e-05,-1.35724167e-06,-1.0317758e-05,-1.45307794e-06,3.82468089e-06
0.822,-2.02328444e-07,-1.04478187e-05,-1.22260309e-05,1.50586699e-05,-1.33716496e-06,-1.01867627e-05,-1.3507386e-06,3.69554991e-06
0.823,-1.71602937e-07,-1.03451485e-05,-1.21477234e-05,1.47208919e-05,-1.31697158e-06,-1.00561097e-05,-1.2502747e-06,3.56611372e-06
0.824,-1.40894641e-07,-1.0241002e-05,-1.20670047e-05,1.43800224e-05,-1.29666676e-06,-9.92586564e-06,-1.15178435e-06,3.43656518e-06
0.825,-1.10185246e-07,-1.01354825e-05,-1.1984183e-05,1.40363795e-05,-1.27625819e-06,-9.79609582e-06,-1.05535031e-06,3.30710076e-06
0.826,-7.94595345e-08,-1.00286917e-05,-1.18995494e-05,1.36902811e-05,-1.25575576e-06,-9.66686413e-06,-9.61040619e-07,3.17791945e-06
0.827,-4.87049265e-08,-9.92072948e-06,-1.18133782e-05,1.33420427e-05,-1.2351715e-06,-9.53823306e-06,-8.68909765e-07,3.04922145e-06
0.828,-1.79111388e-08,-9.81169439e-06,-1.17259261e-05,1.29919747e-05,-1.21451975e-06,-9.41026422e-06,-7.78999855e-07,2.92120698e-06
0.829,1.29298229e-08,-9.70168341e-06,-1.16374315e-05,1.26403809e-05,-1.19381726e-06,-9.28301863e-06,-6.91341866e-07,2.79407543e-06
0.83,4.38234694e-08,-9.59079148e-06,-1.1548115e-05,1.22875573e-05,-1.17308286e-06,-9.15655656e-06,-6.05956837e-07,2.66802494e-06
0.831,7.47727581e-08,-9.47911062e-06,-1.14581796e-05,1.19337905e-05,-1.15233695e-06,-9.03093694e-06,-5.22856769e-07,2.54325195e-06
0.832,1.05778393e-07,-9.36672938e-06,-1.13678106e-05,1.15793566e-05,-1.13160121e-06,-8.90621702e-06,-4.42045052e-07,2.41995063e-06
0.833,1.36839273e-07,-9.25373286e-06,-1.12771761e-05,1.12245201e-05,-1.11089864e-06,-8.78245209e-06,-3.63516583e-07,2.29831193e-06
0.834,1.67952853e-07,-9.14020227e-06,-1.11864268e-05,1.08695336e-05,-1.09025334e-06,-8.65969516e-06,-2.87257972e-07,2.17852279e-06
0.835,1.99115417e-07,-9.02621393e-06,-1.10956976e-05,1.05146368e-05,-1.06968987e-06,-8.53799649e-06,-2.13248187e-07,2.06076556e-06
0.836,2.30322431e-07,-8.91183811e-06,-1.10051097e-05,1.01600561e-05,-1.04923255e-06,-8.41740335e-06,-1.41459641e-07,1.94521761e-06
0.837,2.61568831e-07,-8.79713883e-06,-1.09147713e-05,9.80600413e-06,-1.02890515e-06,-8.29796024e-06,-7.1859226e-08,1.83205087e-06
0.838,2.92848962e-07,-8.68217483e-06,-1.08247783e-05,9.45268016e-06,-1.00873118e-06,-8.17970909e-06,-4.40884033e-09,1.72143121e-06
0.839,3.24156224e-07,-8.56700109e-06,-1.07352133e-05,9.10027083e-06,-9.88734514e-07,-8.0626894e-06,6.09344229e-08,1.61351782e-06
0.84,3.55482948e-07,-8.4516699e-06,-1.06461466e-05,8.74895077e-06,-9.68939677e-07,-7.94693838e-06,1.24217726e-07,1.50846265e-06
0.841,3.86820755e-07,-8.33623072e-06,-1.05576369e-05,8.39888274e-06,-9.49371473e-07,-7.83249099e-06,1.85491203e-07,1.40641024e-06
0.842,4.18161196e-07,-8.22072903e-06,-1.04697348e-05,8.05021731e-06,-9.30054034e-07,-7.71938001e-06,2.44806415e-07,1.30749773e-06
0.843,4.49496079e-07,-8.10520549e-06,-1.03824836e-05,7.70309279e-06,-9.11010208e-07,-7.60763598e-06,3.02215555e-07,1.2118552e-06
0.844,4.80817247e-07,-7.98969668e-06,-1.029592e-05,7.35763615e-06,-8.92261861e-07,-7.49728719e-06,3.57771819e-07,1.11960577e-06
0.845,5.12116052e-07,-7.87423655e-06,-1.02100723e-05,7.0139645e-06,-8.73830698e-07,-7.38835967e-06,4.11530317e-07,1.03086569e-06
0.846,5.4338314e-07,-7.75885736e-06,-1.01249609e-05,6.67218617e-06,-8.55738657e-07,-7.28087726e-06,4.63548438e-07,9.45744491e-07
0.847,5.74608866e-07,-7.64358885e-06,-1.00405996e-05,6.3324008e-06,-8.38007375e-07,-7.17486165e-06,5.13885081e-07,8.64345333e-07
0.848,6.05784093e-07,-7.52845676e-06,-9.95699843e-06,5.99469873e-06,-8.20657216e-07,-7.07033261e-06,5.62599267e-07,7.86765563e-07
0.849,6.36900582e-07,-7.41348232e-06,-9.87416444e-06,5.65916103e-06,-8.03706842e-07,-6.96730842e-06,6.09749229e-07,7.13097243e-07
0.85,6.67950534e-07,-7.29868362e-06,-9.79210141e-06,5.32586084e-06,-7.87173852e-07,-6.86580604e-06,6.55392658e-07,6.43427518e-07
0.851,6.98925734e-07,-7.18407778e-06,-9.71080824e-06,4.99486545e-06,-7.71075864e-07,-6.7658412e-06,6.99587457e-07,5.77838885e-07
0.852,7.29817195e-07,-7.06968204e-06,-9.6302788e-06,4.66623755e-06,-7.55431004e-07,-6.66742849e-06,7.42391853e-07,5.16409585e-07
0.853,7.60615719e-07,-6.95551281e-06,-9.55050371e-06,4.34003511e-06,-7.40257272e-07,-6.57058161e-06,7.83863332e-07,4.59214341e-07
0.854,7.91312768e-07,-6.84158392e-06,-9.47147261e-06,4.01631046e-06,-7.25571496e-07,-6.47531384e-06,8.24057215e-07,4.0632526e-07
0.855,8.21900746e-07,-6.72790605e-06,-9.39317496e-06,3.6951103e-06,-7.11388938e-07,-6.38163831e-06,8.63026075e-07,3.57812643e-07
0.856,8.52372395e-07,-6.61448817e-06,-9.315599e-06,3.37647737e-06,-6.977241e-07,-6.28956814e-06,9.00820469e-07,3.13745537e-07
0.857,8.8271994e-07,-6.50133981e-06,-9.23873018e-06,3.06045273e-06,-6.84591896e-07,-6.19911638e-06,9.37490075e-07,2.7419213e-07
0.858,9.12934844e-07,-6.38847193e-06,-9.16255118e-06,2.7470771e-06,-6.72008073e-07,-6.11029606e-06,9.73084051e-07,2.39220287e-07
0.859,9.430082e-07,-6.27589556e-06,-9.08704335e-06,2.43639065e-06,-6.59988438e-07,-6.0231205e-06,1.00765021e-06,2.08898437e-07
0.86,9.72931134e-07,-6.16362007e-06,-9.01218829e-06,2.12843244e-06,-6.48547816e-07,-5.9376037e-06,1.04123403e-06,1.83296574e-07
0.861,1.00269479e-06,-6.05165279e-06,-8.93796804e-06,1.8232408e-06,-6.37699843e-07,-5.85376069e-06,1.0738786e-06,1.62486908e-07
0.862,1.03229072e-06,-5.9400006e-06,-8.86436425e-06,1.52085454e-06,-6.27457906e-07,-5.77160755e-06,1.10562564e-06,1.46543706e-07
0.863,1.0617117e-06,-5.82867158e-06,-8.79135768e-06,1.22131433e-06,-6.1783618e-07,-5.69116133e-06,1.13651635e-06,1.35542699e-07
0.864,1.09095174e-06,-5.71767543e-06,-8.71892847e-06,9.24664196e-07,-6.0884985e-07,-5.61243985e-06,1.16659157e-06,1.29561128e-07
0.865,1.12000331e-06,-5.60702337e-06,-8.64705645e-06,6.30954252e-07,-6.00514437e-07,-5.53546151e-06,1.19589131e-06,1.28678988e-07
0.866,1.14885402e-06,-5.49672862e-06,-8.57572114e-06,3.40243841e-07,-5.92845029e-07,-5.4602452e-06,1.2244542e-06,1.32980238e-07
0.867,1.1774864e-06,-5.38680751e-06,-8.50490202e-06,5.2602706e-08,-5.85856171e-07,-5.38681047e-06,1.25231712e-06,1.42552532e-07
0.868,1.20588215e-06,-5.2772794e-06,-8.43457953e-06,-2.31890869e-07,-5.79562361e-07,-5.31517786e-06,1.27951502e-06,1.57485284e-07
0.869,1.23402636e-06,-5.16816563e-06,-8.36473578e-06,-5.13152043e-07,-5.73978625e-07,-5.24536913e-06,1.30608119e-06,1.77867744e-07
0.87,1.26190729e-06,-5.05948893e-06,-8.29535426e-06,-7.91088375e-07,-5.69120476e-07,-5.17740721e-06,1.33204774e-06,2.03788419e-07
0.871,1.28951301e-06,-4.95127412e-06,-8.22641883e-06,-1.06559649e-06,-5.65003404e-07,-5.11131569e-06,1.35744629e-06,2.35335294e-07
0.872,1.31682835e-06,-4.8435492e-06,-8.15791294e-06,-1.33655909e-06,-5.61642415e-07,-5.04711811e-06,1.38230844e-06,2.72595629e-07
0.873,1.34383447e-06,-4.73634594e-06,-8.08981949e-06,-1.60384382e-06,-5.59051913e-07,-4.9848374e-06,1.40666631e-06,3.15654931e-07
0.874,1.37050928e-06,-4.62970056e-06,-8.02212101e-06,-1.86730241e-06,-5.57246001e-07,-4.92449543e-06,1.43055281e-06,3.64595604e-07
0.875,1.39682818e-06,-4.52365454e-06,-7.95480018e-06,-2.12676985e-06,-5.56238778e-07,-4.86611301e-06,1.45400139e-06,4.19495748e-07
0.876,1.42276463e-06,-4.41825471e-06,-7.88784038e-06,-2.38206416e-06,-5.56044278e-07,-4.80970993e-06,1.47704496e-06,4.80428125e-07
0.877,1.4482911e-06,-4.31355241e-06,-7.82122611e-06,-2.63298718e-06,-5.56676155e-07,-4.75530501e-06,1.49971484e-06,5.47458917e-07
0.878,1.47337962e-06,-4.20960277e-06,-7.75494282e-06,-2.87932502e-06,-5.58147309e-07,-4.70291594e-06,1.52204008e-06,6.20646235e-07
0.879,1.49800146e-06,-4.1064652e-06,-7.68897633e-06,-3.12084736e-06,-5.60469623e-07,-4.65255857e-06,1.54404778e-06,7.00038384e-07
0.88,1.52212583e-06,-4.00420409e-06,-7.62331153e-06,-3.35730647e-06,-5.63653613e-07,-4.60424584e-06,1.56576445e-06,7.85671663e-07
0.881,1.54571848e-06,-3.90288831e-06,-7.55793057e-06,-3.58843749e-06,-5.67707997e-07,-4.5579864e-06,1.58721802e-06,8.77567612e-07
0.882,1.56874142e-06,-3.80258956e-06,-7.49281101e-06,-3.81396044e-06,-5.72639143e-07,-4.51378362e-06,1.60843921e-06,9.75730097e-07
0.883,1.5911537e-06,-3.70338099e-06,-7.4279248e-06,-4.03358247e-06,-5.78450576e-07,-4.47163513e-06,1.62946132e-06,1.08014276e-06
0.884,1.61291155e-06,-3.60533718e-06,-7.36323789e-06,-4.24699923e-06,-5.85142887e-07,-4.43153249e-06,1.65031954e-06,1.19076696e-06
0.885,1.63396761e-06,-3.50853523e-06,-7.2987104e-06,-4.45389512e-06,-5.92714285e-07,-4.39346059e-06,1.67105027e-06,1.30754008e-06
0.886,1.65427097e-06,-3.41305578e-06,-7.23429851e-06,-4.65394348e-06,-6.01160246e-07,-4.35739779e-06,1.69168937e-06,1.43037431e-06
0.887,1.67376879e-06,-3.31898344e-06,-7.16995712e-06,-4.84680779e-06,-6.10473199e-07,-4.32331647e-06,1.71226988e-06,1.55915565e-06
0.888,1.69240837e-06,-3.22640613e-06,-7.10564186e-06,-5.03214409e-06,-6.20642605e-07,-4.29118363e-06,1.73282029e-06,1.69374277e-06
0.889,1.71013835e-06,-3.13541354e-06,-7.04130972e-06,-5.20960406e-06,-6.31655264e-07,-4.2609611e-06,1.75336445e-06,1.83396555e-06
0.89,1.72690921e-06,-3.04609539e-06,-6.97691907e-06,-5.37883812e-06,-6.4349495e-07,-4.23260561e-06,1.77392203e-06,1.9796235e-06
0.891,1.74267366e-06,-2.95854011e-06,-6.91242941e-06,-5.53949847e-06,-6.56141632e-07,-4.20606859e-06,1.79450918e-06,2.1304844e-06
0.892,1.75738706e-06,-2.87283356e-06,-6.84780055e-06,-5.69124254e-06,-6.69570868e-07,-4.18129566e-06,1.81513943e-06,2.28628295e-06
0.893,1.77100789e-06,-2.78905584e-06,-6.7829922e-06,-5.83373747e-06,-6.83751472e-07,-4.1582267e-06,1.83582333e-06,2.44671978e-06
0.894,1.78349745e-06,-2.70727976e-06,-6.71796263e-06,-5.96666421e-06,-6.98644627e-07,-4.13679525e-06,1.85656786e-06,2.61146113e-06
0.895,1.79481781e-06,-2.62757311e-06,-6.65266564e-06,-6.08971999e-06,-7.14206504e-07,-4.11692666e-06,1.87737675e-06,2.78013917e-06
0.896,1.80492929e-06,-2.55000206e-06,-6.58704838e-06,-6.20261981e-06,-7.3039081e-07,-4.0985362e-06,1.8982506e-06,2.95235313e-06
0.897,1.81378911e-06,-2.47463189e-06,-6.52105159e-06,-6.30509843e-06,-7.47148317e-07,-4.08152869e-06,1.91918571e-06,3.12767083e-06
0.898,1.82135213e-06,-2.40152586e-06,-6.45461187e-06,-6.39691324e-06,-7.64425714e-07,-4.06579928e-06,1.94017261e-06,3.30563059e-06
0.899,1.82757321e-06,-2.33074525e-06,-6.38766331e-06,-6.47784728e-06,-7.8216731e-07,-4.05123446e-06,1.96119598e-06,3.48574352e-06
0.9,1.83241037e-06,-2.26234617e-06,-6.32014025e-06,-6.54771353e-06,-8.00314676e-07,-4.03771417e-06,1.98223428e-06,3.66749572e-06
0.901,1.83582735e-06,-2.19637552e-06,-6.25197982e-06,-6.60635938e-06,-8.18804735e-07,-4.02511444e-06,2.00325925e-06,3.85035079e-06
0.902,1.83779467e-06,-2.13286798e-06,-6.18312335e-06,-6.6536704e-06,-8.37568041e-07,-4.01330895e-06,2.02423535e-06,4.03375255e-06
0.903,1.83828915e-06,-2.07184753e-06,-6.11351558e-06,-6.68957223e-06,-8.56530565e-07,-4.00216923e-06,2.04512043e-06,4.21712837e-06
0.904,1.83729317e-06,-2.01332878e-06,-6.04310402e-06,-6.71403183e-06,-8.75615809e-07,-3.99156455e-06,2.0658665e-06,4.39989264e-06
0.905,1.8347944e-06,-1.95731748e-06,-5.97183926e-06,-6.72705862e-06,-8.94746083e-07,-3.98136258e-06,2.08642023e-06,4.58145046e-06
0.906,1.83078609e-06,-1.90381007e-06,-5.89967603e-06,-6.72870552e-06,-9.13842911e-07,-3.97143031e-06,2.1067232e-06,4.76120137e-06
0.907,1.82526739e-06,-1.85279328e-06,-5.82657396e-06,-6.71906994e-06,-9.32826863e-07,-3.96163516e-06,2.12671169e-06,4.93854361e-06
0.908,1.81824353e-06,-1.80424378e-06,-5.75249791e-06,-6.69829456e-06,-9.51617613e-07,-3.95184588e-06,2.14631642e-06,5.11287839e-06
0.909,1.80972589e-06,-1.7581284e-06,-5.67741836e-06,-6.66656722e-06,-9.70134239e-07,-3.94193338e-06,2.16546267e-06,5.28361417e-06
0.91,1.79973198e-06,-1.71440462e-06,-5.60131225e-06,-6.62412005e-06,-9.88296293e-07,-3.93177154e-06,2.18407136e-06,5.45017069e-06
0.911,1.78828528e-06,-1.67302134e-06,-5.52416386e-06,-6.57122787e-06,-1.00602471e-06,-3.92123795e-06,2.20206039e-06,5.61198283e-06
0.912,1.77541519e-06,-1.63391919e-06,-5.44596542e-06,-6.50820674e-06,-1.02324254e-06,-3.91021476e-06,2.21934557e-06,5.76850445e-06
0.913,1.7611569e-06,-1.59703085e-06,-5.36671699e-06,-6.4354126e-06,-1.03987499e-06,-3.89858951e-06,2.23584068e-06,5.91921235e-06
0.914,1.74555127e-06,-1.56228105e-06,-5.28642627e-06,-6.35323958e-06,-1.05584961e-06,-3.8862558e-06,2.25145762e-06,6.06360999e-06
0.915,1.72864456e-06,-1.52958749e-06,-5.20510884e-06,-6.26211727e-06,-1.07109673e-06,-3.87311394e-06,2.26610713e-06,6.20123069e-06
0.916,1.71048787e-06,-1.49886185e-06,-5.12278872e-06,-6.16250736e-06,-1.08555056e-06,-3.85907128e-06,2.27970067e-06,6.3316404e-06
0.917,1.69113676e-06,-1.470011e-06,-5.0394987e-06,-6.05489994e-06,-1.09914975e-06,-3.84404264e-06,2.29215187e-06,6.45444004e-06
0.918,1.67065086e-06,-1.44293728e-06,-4.95527993e-06,-5.93981064e-06,-1.11183772e-06,-3.82795078e-06,2.30337699e-06,6.56926805e-06
0.919,1.64909379e-06,-1.4175389e-06,-4.87018118e-06,-5.81777773e-06,-1.12356245e-06,-3.81072689e-06,2.31329461e-06,6.67580258e-06
0.92,1.62653267e-06,-1.39371035e-06,-4.78425829e-06,-5.68935872e-06,-1.13427669e-06,-3.79231089e-06,2.32182587e-06,6.77376334e-06
0.921,1.60303755e-06,-1.37134389e-06,-4.69757431e-06,-5.55512591e-06,-1.14393845e-06,-3.77265131e-06,2.32889603e-06,6.8629124e-06
0.922,1.57868039e-06,-1.35033083e-06,-4.61019943e-06,-5.41566176e-06,-1.15251157e-06,-3.75170513e-06,2.3344364e-06,6.9430546e-06
0.923,1.55353468e-06,-1.33056246e-06,-4.52221058e-06,-5.27155499e-06,-1.15996585e-06,-3.72943765e-06,2.3383851e-06,7.01403784e-06
0.924,1.52767514e-06,-1.31193004e-06,-4.43369022e-06,-5.12339758e-06,-1.16627683e-06,-3.70582274e-06,2.34068644e-06,7.07575352e-06
0.925,1.5011777e-06,-1.29432505e-06,-4.34472532e-06,-4.97178163e-06,-1.17142552e-06,-3.68084282e-06,2.34129027e-06,7.12813651e-06
0.926,1.47411869e-06,-1.27764011e-06,-4.25540686e-06,-4.81729543e-06,-1.17539846e-06,-3.65448863e-06,2.34015273e-06,7.17116432e-06
0.927,1.44657403e-06,-1.26177041e-06,-4.16582974e-06,-4.66051896e-06,-1.17818808e-06,-3.62675838e-06,2.3372382e-06,7.20485539e-06
0.928,1.41861838e-06,-1.24661476e-06,-4.07609219e-06,-4.50202006e-06,-1.1797926e-06,-3.59765727e-06,2.3325204e-06,7.22926742e-06
0.929,1.39032499e-06,-1.23207559e-06,-3.98629466e-06,-4.34235203e-06,-1.18021567e-06,-3.56719706e-06,2.32598156e-06,7.24449597e-06
0.93,1.36176552e-06,-1.21805882e-06,-3.89653832e-06,-4.18205157e-06,-1.17946559e-06,-3.53539597e-06,2.31761056e-06,7.25067322e-06
0.931,1.33300989e-06,-1.20447402e-06,-3.80692445e-06,-4.02163635e-06,-1.17755519e-06,-3.5022782e-06,2.30740275e-06,7.24796585e-06
0.932,1.30412595e-06,-1.19123531e-06,-3.71755434e-06,-3.86160175e-06,-1.17450242e-06,-3.46787396e-06,2.29536207e-06,7.23657201e-06
0.933,1.27517927e-06,-1.17826196e-06,-3.6285293e-06,-3.7024182e-06,-1.17033116e-06,-3.43221923e-06,2.28150346e-06,7.216718e-06
0.934,1.24623247e-06,-1.16547889e-06,-3.53994939e-06,-3.54452947e-06,-1.16507e-06,-3.39535468e-06,2.26585149e-06,7.18865589e-06
0.935,1.21734385e-06,-1.15281661e-06,-3.45191147e-06,-3.38835219e-06,-1.15874965e-06,-3.3573231e-06,2.24843608e-06,7.15266173e-06
0.936,1.18856669e-06,-1.14021142e-06,-3.36450807e-06,-3.23427494e-06,-1.15140085e-06,-3.31816755e-06,2.22928915e-06,7.10903338e-06
0.937,1.1599501e-06,-1.1276049e-06,-3.27782771e-06,-3.08265708e-06,-1.14305608e-06,-3.27793243e-06,2.20844744e-06,7.05808691e-06
0.938,1.13154051e-06,-1.11494413e-06,-3.19195589e-06,-2.93382732e-06,-1.13375199e-06,-3.23666567e-06,2.18595667e-06,7.00015265e-06
0.939,1.10338173e-06,-1.10218143e-06,-3.10697453e-06,-2.78808349e-06,-1.12353041e-06,-3.19441932e-06,2.161873e-06,6.93557214e-06
0.94,1.07551418e-06,-1.08927459e-06,-3.02296089e-06,-2.64569281e-06,-1.11243573e-06,-3.15124742e-06,2.13625885e-06,6.8646962e-06
0.941,1.04797374e-06,-1.07618625e-06,-2.93998618e-06,-2.50689286e-06,-1.10051293e-06,-3.1072042e-06,2.10917923e-06,6.7878831e-06
0.942,1.02079204e-06,-1.06288416e-06,-2.85811575e-06,-2.37189153e-06,-1.08780665e-06,-3.06234298e-06,2.08070088e-06,6.70549582e-06
0.943,9.93996283e-07,-1.04934106e-06,-2.77740891e-06,-2.24086732e-06,-1.07436189e-06,-3.0167162e-06,2.05089418e-06,6.61789905e-06
0.944,9.67609839e-07,-1.03553513e-06,-2.69791938e-06,-2.11396947e-06,-1.06022391e-06,-2.97037479e-06,2.01983358e-06,6.52545631e-06
0.945,9.4165205e-07,-1.02144891e-06,-2.61969455e-06,-1.99131961e-06,-1.04543824e-06,-2.92336873e-06,1.9875967e-06,6.4285284e-06
0.946,9.16139229e-07,-1.00706891e-06,-2.54277592e-06,-1.87301318e-06,-1.03005019e-06,-2.87574699e-06,1.95426228e-06,6.32747159e-06
0.947,8.91084164e-07,-9.92384824e-07,-2.4671985e-06,-1.75912098e-06,-1.01410469e-06,-2.82755791e-06,1.91990952e-06,6.22263625e-06
0.948,8.66496688e-07,-9.77390109e-07,-2.39299159e-06,-1.64968982e-06,-9.97645792e-07,-2.77884764e-06,1.88461815e-06,6.11436449e-06
0.949,8.42382852e-07,-9.6208181e-07,-2.32017817e-06,-1.54474381e-06,-9.80716355e-07,-2.72965993e-06,1.84846876e-06,6.00298869e-06
0.95,8.18746005e-07,-9.46460311e-07,-2.24877578e-06,-1.44428578e-06,-9.63357927e-07,-2.68003549e-06,1.81154203e-06,5.88882995e-06
0.951,7.95586484e-07,-9.30528402e-07,-2.17879595e-06,-1.34829946e-06,-9.45610663e-07,-2.63001337e-06,1.77391762e-06,5.77219767e-06
0.952,7.72902782e-07,-9.14290894e-07,-2.11024522e-06,-1.2567511e-06,-9.27513373e-07,-2.57963051e-06,1.73567331e-06,5.6533884e-06
0.953,7.50690752e-07,-8.97754569e-07,-2.0431246e-06,-1.16959089e-06,-9.09103108e-07,-2.52892205e-06,1.69688501e-06,5.5326853e-06
0.954,7.28944409e-07,-8.80928231e-07,-1.97743063e-06,-1.08675413e-06,-8.90415219e-07,-2.47791977e-06,1.6576271e-06,5.41035678e-06
0.955,7.07655338e-07,-8.63822534e-07,-1.91315489e-06,-1.00816274e-06,-8.71482941e-07,-2.42665293e-06,1.61797193e-06,5.28665654e-06
0.956,6.86813847e-07,-8.46449271e-07,-1.85028506e-06,-9.33727158e-07,-8.52337816e-07,-2.37514798e-06,1.57798938e-06,5.16182294e-06
0.957,6.6640859e-07,-8.28821165e-07,-1.78880459e-06,-8.63347877e-07,-8.33009219e-07,-2.32342981e-06,1.5377458e-06,5.0360795e-06
0.958,6.46427358e-07,-8.10951461e-07,-1.72869368e-06,-7.96916928e-07,-8.13524863e-07,-2.27152089e-06,1.49730448e-06,4.90963426e-06
0.959,6.26856535e-07,-7.92854326e-07,-1.66992897e-06,-7.34318837e-07,-7.93910161e-07,-2.21944152e-06,1.45672537e-06,4.78268013e-06
0.96,6.07681742e-07,-7.7454429e-07,-1.61248442e-06,-6.7543207e-07,-7.74188888e-07,-2.16720917e-06,1.41606568e-06,4.65539453e-06
0.961,5.88887688e-07,-7.56036393e-07,-1.55633122e-06,-6.20130161e-07,-7.54382509e-07,-2.11483939e-06,1.37537885e-06,4.52794017e-06
0.962,5.70458734e-07,-7.37345328e-07,-1.50143843e-06,-5.68283309e-07,-7.34510911e-07,-2.06234584e-06,1.33471479e-06,4.40046515e-06
0.963,5.52378852e-07,-7.18485942e-07,-1.44777316e-06,-5.19759041e-07,-7.14591752e-07,-2.00974069e-06,1.29411921e-06,4.27310363e-06
0.964,5.34631741e-07,-6.99472657e-07,-1.39530093e-06,-4.74423379e-07,-6.94641292e-07,-1.95703421e-06,1.25363466e-06,4.14597598e-06
0.965,5.17200986e-07,-6.80320078e-07,-1.34398597e-06,-4.32141234e-07,-6.74673816e-07,-1.90423483e-06,1.21330002e-06,4.0191894e-06
0.966,5.00069977e-07,-6.61042195e-07,-1.29379133e-06,-3.92777675e-07,-6.54702304e-07,-1.85134942e-06,1.17315101e-06,3.89283844e-06
0.967,4.83222415e-07,-6.41652835e-07,-1.24467949e-06,-3.56198327e-07,-6.34737838e-07,-1.79838346e-06,1.13321944e-06,3.76700565e-06
0.968,4.66641913e-07,-6.22165008e-07,-1.19661214e-06,-3.22270402e-07,-6.14790195e-07,-1.74534153e-06,1.09353372e-06,3.64176233e-06
0.969,4.50312672e-07,-6.02591496e-07,-1.14955099e-06,-2.90862764e-07,-5.94867629e-07,-1.69222679e-06,1.05411883e-06,3.51716886e-06
0.97,4.34218758e-07,-5.82944415e-07,-1.10345723e-06,-2.61846666e-07,-5.74977352e-07,-1.63904158e-06,1.01499682e-06,3.39327573e-06
0.971,4.1834505e-07,-5.63235552e-07,-1.05829258e-06,-2.35095859e-07,-5.55125407e-07,-1.58578683e-06,9.76186759e-07,3.27012366e-06
0.972,4.02676277e-07,-5.43476024e-07,-1.01401849e-06,-2.10487216e-07,-5.3531664e-07,-1.53246319e-06,9.37704645e-07,3.14774492e-06
0.973,3.87198194e-07,-5.23676396e-07,-9.7059736e-07,-1.879009e-07,-5.15554925e-07,-1.47907007e-06,8.99563727e-07,3.0261632e-06
0.974,3.71896396e-07,-5.03846723e-07,-9.2799151e-07,-1.67220622e-07,-4.95843022e-07,-1.42560689e-06,8.6177444e-07,2.90539509e-06
0.975,3.56757646e-07,-4.83996435e-07,-8.86164487e-07,-1.48333798e-07,-4.76183381e-07,-1.37207183e-06,8.24345292e-07,2.78544973e-06
0.976,3.41768512e-07,-4.64134686e-07,-8.45079852e-07,-1.31131492e-07,-4.56577366e-07,-1.31846332e-06,7.87282196e-07,2.66633046e-06
0.977,3.26916761e-07,-4.44269792e-07,-8.04702583e-07,-1.15508794e-07,-4.37026263e-07,-1.26477861e-06,7.50589525e-07,2.54803426e-06
0.978,3.12189929e-07,-4.24409998e-07,-7.64997753e-07,-1.01364398e-07,-4.17529978e-07,-1.21101545e-06,7.14268964e-07,2.43055354e-06
0.979,2.97576718e-07,-4.045625e-07,-7.259319e-07,-8.86011309e-08,-3.98088803e-07,-1.15717043e-06,6.7832116e-07,2.31387547e-06
0.98,2.83065641e-07,-3.84734697e-07,-6.87471711e-07,-7.71251088e-08,-3.78701782e-07,-1.1032408e-06,6.42744152e-07,2.19798382e-06
0.981,2.68646253e-07,-3.64932727e-07,-6.49585263e-07,-6.68465335e-08,-3.59368809e-07,-1.04922272e-06,6.07535476e-07,2.08285815e-06
0.982,2.54307912e-07,-3.45163189e-07,-6.12240832e-07,-5.76784938e-08,-3.40088229e-07,-9.95112939e-07,5.72690053e-07,1.96847558e-06
0.983,2.40040776e-07,-3.25431211e-07,-5.75407895e-07,-4.95380596e-08,-3.20859313e-07,-9.40907127e-07,5.38202793e-07,1.85480985e-06
0.984,2.25834899e-07,-3.05742726e-07,-5.39056156e-07,-4.23446301e-08,-3.0167977e-07,-8.86601596e-07,5.04066514e-07,1.74183291e-06
0.985,2.11681002e-07,-2.86102228e-07,-5.03156183e-07,-3.60212776e-08,-2.82548811e-07,-8.32192e-07,4.70275299e-07,1.62951398e-06
0.986,1.97569882e-07,-2.66515337e-07,-4.67678807e-07,-3.04928211e-08,-2.6346419e-07,-7.7767469e-07,4.36821815e-07,1.51782101e-06
0.987,1.83492802e-07,-2.46986176e-07,-4.3259537e-07,-2.56875533e-08,-2.44425292e-07,-7.2304545e-07,4.03700588e-07,1.40671983e-06
0.988,1.69441263e-07,-2.27520147e-07,-3.97877562e-07,-2.15351035e-08,-2.25429831e-07,-6.68300422e-07,3.70904923e-07,1.2961754e-06
0.989,1.55406989e-07,-2.08120842e-07,-3.63497333e-07,-1.79685145e-08,-2.06477083e-07,-6.13434927e-07,3.3842944e-07,1.18615154e-06
0.99,1.41382198e-07,-1.88792875e-07,-3.29427266e-07,-1.49220156e-08,-1.87564258e-07,-5.5844386e-07,3.06266172e-07,1.07661202e-06
0.991,1.2735897e-07,-1.69538634e-07,-2.95640037e-07,-1.23331748e-08,-1.68689887e-07,-5.03321058e-07,2.74407485e-07,9.67520525e-07
0.992,1.13330232e-07,-1.5036139e-07,-2.62109278e-07,-1.0140647e-08,-1.49849915e-07,-4.48059503e-07,2.42842313e-07,8.58841289e-07
0.993,9.92882218e-08,-1.31262037e-07,-2.28808521e-07,-8.28615977e-09,-1.31041216e-07,-3.92651435e-07,2.11559811e-07,7.50539143e-07
0.994,8.52262687e-08,-1.1224342e-07,-1.95712229e-07,-6.71152585e-09,-1.12259681e-07,-3.37088321e-07,1.80549573e-07,6.42578594e-07
0.995,7.11362853e-08,-9.33076513e-08,-1.62794019e-07,-5.36004178e-09,-9.3504015e-08,-2.81362187e-07,1.49807324e-07,5.34923496e-07
0.996,5.70114598e-08,-7.44590647e-08,-1.3002878e-07,-4.17458801e-09,-7.47725062e-08,-2.25464419e-07,1.19330639e-07,4.27537265e-07
0.997,4.2843388e-08,-5.57004212e-08,-9.73908641e-08,-3.10006618e-09,-5.60626868e-08,-1.69387589e-07,8.91174201e-08,3.20384792e-07
0.998,2.86248049e-08,-3.70353218e-08,-6.48565162e-08,-2.08165409e-09,-3.73693064e-08,-1.13123093e-07,5.91622858e-08,2.13432183e-07
0.999,1.43467082e-08,-1.84670028e-08,-3.24008964e-08,-1.06606394e-09,-1.86849127e-08,-5.66634809e-08,2.94589018e-08,1.06647628e-07
1.0,0.0,0.0,0.0,0.0,-0.0,-0.0,-0.0,-0.0
