r,R  2/ 1,R  3/ 1,R  4/ 1,R  5/ 1,I  2/ 1,I  3/ 1,I  4/ 1,I  5/ 1
0.0,0.0,0.0,0.0,0.0,-0.0,-0.0,-0.0,-0.0
0.001,-7.91887719e-07,9.789517e-07,1.27759366e-11,-2.54647402e-08,1.19628593e-06,-5.40337603e-07,4.59249458e-09,2.8625174e-08
0.002,-3.2117727e-06,7.14815876e-06,-6.14881017e-09,-9.13814722e-09,4.72310408e-06,-3.87920963e-06,4.49433121e-08,4.7269521e-08
0.003,-7.31705289e-06,2.34787326e-05,-3.8505831e-08,5.72879686e-09,1.05134209e-05,-1.20822095e-05,2.06169344e-07,5.81778693e-08
0.004,-1.31470148e-05,5.48530149e-05,-1.40006256e-07,-2.23908823e-09,1.84645456e-05,-2.62524257e-05,6.30616801e-07,9.55361194e-08
0.005,-2.07314943e-05,0.000106021773,-3.83183511e-07,-4.35435848e-08,2.84387748e-05,-4.64928184e-05,1.51676531e-06,1.88630359e-07
0.006,-3.00863111e-05,0.000181516176,-8.79023078e-07,-1.36426457e-07,4.02730237e-05,-7.19241013e-05,3.11592755e-06,3.64837716e-07
0.007,-4.12098397e-05,0.000285540063,-1.78568297e-06,-3.09455095e-07,5.3786795e-05,-0.000100748686,5.72736692e-06,6.52583242e-07
0.008,-5.40810799e-05,0.000421860948,-3.31677837e-06,-6.01463302e-07,6.87894803e-05,-0.000130342254,9.6912461e-06,1.07978692e-06
0.009,-6.86596018e-05,0.000593711944,-5.74883153e-06,-1.0614275e-06,8.50870601e-05,-0.000157362331,1.53794737e-05,1.67115346e-06
0.01,-8.48865472e-05,0.000803710433,-9.42761838e-06,-1.74806087e-06,0.000102488085,-0.000177867314,2.31847153e-05,2.44547783e-06
0.011,-0.0001026868,0.00105379595,-1.4773018e-05,-2.72895863e-06,0.000120808724,-0.0001874407,3.35078845e-05,3.41321172e-06
0.012,-0.000121971776,0.00134518781,-2.22821329e-05,-4.07929727e-06,0.000139876868,-0.000181316685,4.67444676e-05,4.57435872e-06
0.013,-0.000142642821,0.00167836184,-3.25304073e-05,-5.88015535e-06,0.000159535157,-0.000154503763,6.32700631e-05,5.9167385e-06
0.014,-0.00016459481,0.00205304509,-4.61706212e-05,-8.21653235e-06,0.000179643047,-0.000101903839,8.34255203e-05,7.41465299e-06
0.015,-0.000187719888,0.00246822668,-6.39296386e-05,-1.11751542e-05,0.000200077847,-1.8424621e-05,0.000107502086,9.02797011e-06
0.016,-0.000211911042,0.00292218311,-8.6602921e-05,-1.48421455e-05,0.000220734909,0.000100916248,0.00013572694,1.07016376e-05
0.017,-0.000237065476,0.00341251577,-0.000115046839,-1.93006512e-05,0.000241526971,0.000260896677,0.000168249523,1.23656177e-05
0.018,-0.000263087549,0.00393619886,-0.000150168923,-2.4628482e-05,0.000262382862,0.000466006026,0.000205128994,1.39352335e-05
0.019,-0.000289891283,0.00448963545,-0.00019291622,-3.08958503e-05,0.000283245611,0.000720372053,0.000246323167,1.53118971e-05
0.02,-0.000317402306,0.00506871995,-0.00024426201,-3.81632599e-05,0.000304070167,0.00102769909,0.0002916792,1.63841912e-05
0.021,-0.000345559237,0.00566890495,-0.000305191147,-4.64795987e-05,0.000324820795,0.00139121752,0.000340926291,1.70292589e-05
0.022,-0.000374314479,0.00628527087,-0.000376684343,-5.58804784e-05,0.000345468344,0.00181364423,0.000393670561,1.71144566e-05
0.023,-0.000403634445,0.00691259685,-0.000459701763,-6.63868403e-05,0.000365987431,0.00229715352,0.000449392259,1.64992169e-05
0.024,-0.00043349923,0.0075454315,-0.000555166269,-7.80038595e-05,0.000386353716,0.00284335787,0.000507445362,1.50370737e-05
0.025,-0.000463901796,0.00817816238,-0.000663946662,-9.0720161e-05,0.000406541313,0.00345329806,0.000567059588,1.25777963e-05
0.026,-0.000494846717,0.0088050832,-0.000786841297,-0.00010450735,0.00042652046,0.0041274416,0.000627344767,8.96958562e-06
0.027,-0.000526348548,0.0094204579,-0.000924562378,-0.000119319855,0.000446255469,0.0048656888,0.0006872975,4.06127901e-06
0.028,-0.000558429909,0.010018581,-0.00107772127,-0.000135095064,0.000465703052,0.00566738552,0.000745809937,-2.29547959e-06
0.029,-0.000591119342,0.0105938336,-0.0012468151,-0.000151753752,0.000484811006,0.00653134169,0.000801680506,-1.02441467e-05
0.03,-0.000624449029,0.011140735,-0.00143221489,-0.000169200753,0.00050351732,0.00745585479,0.000853626356,-1.99213013e-05
0.031,-0.000658452436,0.0116539894,-0.00163415545,-0.000187325873,0.000521749669,0.00843873724,0.000900297269,-3.14548101e-05
0.032,-0.00069316196,0.0121285277,-0.00185272717,-0.000206004992,0.000539425317,0.00947734719,0.000940290746,-4.49621565e-05
0.033,-0.000728606645,0.0125595442,-0.00208786983,-0.000225101379,0.000556451402,0.0105686221,0.000972168037,-6.05489596e-05
0.034,-0.000764810032,0.0129425287,-0.00233936835,-0.000244467138,0.00057272559,0.0117091143,0.000994470792,-7.83076955e-05
0.035,-0.000801788179,0.0132732931,-0.00260685082,-0.000263944753,0.000588137026,0.0128950278,0.00100573804,-9.83166325e-05
0.036,-0.000839547898,0.0135479949,-0.0028897885,-0.000283368717,0.000602567579,0.0141222556,0.00100452322,-0.000120638987
0.037,-0.00087808525,0.0137631545,-0.00318749792,-0.000302567192,0.000615893303,0.0153864175,0.000989410959,-0.000145322295
0.038,-0.000917384313,0.0139156701,-0.00349914495,-0.000321363688,0.000627986088,0.0166828978,0.000959033435,-0.000172398001
0.039,-0.000957416241,0.0140028284,-0.00382375071,-0.000339578729,0.000638715443,0.0180068823,0.000912085926,-0.000201881239
0.04,-0.000998138619,0.0140223114,-0.00416019916,-0.000357031475,0.000647950362,0.0193533946,0.000847341503,-0.000233770819
0.041,-0.00103949512,0.0139722009,-0.00450724624,-0.000373541292,0.00065556122,0.0207173312,0.000763664559,-0.000268049377
0.042,-0.00108141542,0.0138509796,-0.0048635304,-0.000388929242,0.000661421669,0.0220934961,0.000660023065,-0.00030468369
0.043,-0.00112381542,0.0136575294,-0.00522758414,-0.000403019505,0.000665410503,0.0234766332,0.000535499507,-0.000343625137
0.044,-0.00116659774,0.0133911279,-0.00559784655,-0.000415640711,0.000667413436,0.0248614584,0.000389300355,-0.000384810284
0.045,-0.00120965239,0.0130514422,-0.00597267659,-0.000426627148,0.000667324777,0.0262426896,0.000220763998,-0.000428161573
0.046,-0.00125285771,0.0126385211,-0.00635036695,-0.00043581986,0.00066504895,0.0276150753,2.93671001e-05,-0.000473588101
0.047,-0.00129608146,0.0121527857,-0.00672915821,-0.000443067629,0.000660501868,0.0289734215,-0.000185270613,-0.000520986471
0.048,-0.00133918206,0.0115950186,-0.00710725319,-0.00044822783,0.000653612112,0.0303126178,-0.000423383149,-0.000570241697
0.049,-0.00138200998,0.0109663514,-0.00748283134,-0.000451167179,0.000644321929,0.0316276613,-0.000685056569,-0.00062122814
0.05,-0.0014244092,0.0102682517,-0.00785406291,-0.000451762358,0.000632588028,0.0329136791,-0.000970228812,-0.000673810478
0.051,-0.00146621873,0.00950250869,-0.00821912287,-0.000449900537,0.000618382175,0.0341659494,-0.00127869096,-0.000727844668
0.052,-0.00150727418,0.00867121789,-0.00857620435,-0.0004454798,0.000601691589,0.0353799218,-0.00161008991,-0.000783178912
0.053,-0.00154740938,0.0077767649,-0.00892353151,-0.000438409509,0.000582519104,0.0365512353,-0.00196393214,-0.000839654629
0.054,-0.00158645791,0.0068218079,-0.00925937169,-0.000428610569,0.000560883145,0.0376757367,-0.00233958868,-0.000897107404
0.055,-0.00162425466,0.0058092596,-0.00958204679,-0.000416015624,0.000536817523,0.0387494959,-0.0027363011,-0.000955367924
0.056,-0.0016606373,0.0047422685,-0.00988994384,-0.00040056916,0.000510371064,0.0397688202,-0.00315318839,-0.00101426288
0.057,-0.00169544765,0.00362419952,-0.0101815246,-0.000382227557,0.000481607082,0.0407302683,-0.00358925468,-0.00107361583
0.058,-0.00172853297,0.00245861411,-0.0104553343,-0.000360959072,0.000450602717,0.0416306609,-0.00404339758,-0.0011332481
0.059,-0.00175974718,0.0012492499,-0.0107100093,-0.000336743768,0.000417448144,0.042467091,-0.00451441714,-0.00119297954
0.06,-0.00178895192,-3.4694469499999998e-18,-0.0109442835,-0.000309573396,0.000382245679,0.0432369329,-0.0050010252,-0.00125262935
0.061,-0.00181601742,-0.00128510786,-0.0111569944,-0.000279451218,0.000345108793,0.0439378486,-0.00550185518,-0.00131201685
0.062,-0.00184082334,-0.0026019325,-0.0113470874,-0.000246391795,0.000306161103,0.0445677935,-0.00601547201,-0.00137096216
0.063,-0.00186325945,-0.00394624096,-0.0115136191,-0.000210420794,0.000265535334,0.0451250194,-0.00654038174,-0.00142928697
0.064,-0.00188322622,-0.00531373025,-0.0116557602,-0.000171574761,0.000223372273,0.0456080772,-0.00707504103,-0.00148681522
0.065,-0.00190063537,-0.00670004867,-0.011772797,-0.000129900857,0.000179819699,0.0460158165,-0.00761786675,-0.00154337377
0.066,-0.00191541011,-0.00810081681,-0.0118641326,-8.5456548e-05,0.000135031302,0.046347385,-0.00816724529,-0.001598793
0.067,-0.00192748549,-0.00951164792,-0.0119292865,-3.83092642e-05,8.91656046e-05,0.0466022257,-0.00872154175,-0.00165290747
0.068,-0.00193680853,-0.0109281677,-0.0119678946,1.14639768e-05,4.23848936e-05,0.0467800732,-0.00927910889,-0.00170555638
0.069,-0.00194333826,-0.012346033,-0.011979708,6.37769823e-05,-5.14584085e-06,0.0468809492,-0.0098382959,-0.00175658414
0.07,-0.0019470457,-0.0137609496,-0.011964591,0.000118534848,-5.32599545e-05,0.0469051565,-0.0103974571,-0.00180584076
0.071,-0.00194791364,-0.0151686877,-0.0119225187,0.000175634467,-0.000101790126,0.046853272,-0.0109549608,-0.00185318224
0.072,-0.0019459364,-0.0165650974,-0.0118535742,0.000234965015,-0.0001505692,0.0467261399,-0.0115091981,-0.00189847091
0.073,-0.00194111968,-0.0179461275,-0.0117579451,0.000296408277,-0.000199431198,0.0465248627,-0.0120585895,-0.00194157598
0.074,-0.00193348029,-0.0193078442,-0.0116359194,0.000359838996,-0.000248212225,0.0462507913,-0.0126015905,-0.00198237403
0.075,-0.00192304583,-0.0206464475,-0.0114878819,0.000425125297,-0.000296751313,0.0459055137,-0.0131366984,-0.00202074941
0.076,-0.00190985429,-0.021958286,-0.0113143094,0.000492129179,-0.000344891201,0.0454908432,-0.0136624576,-0.00205659465
0.077,-0.00189395359,-0.0232398709,-0.0111157657,0.000560707045,-0.00039247906,0.0450088046,-0.0141774653,-0.00208981073
0.078,-0.00187540106,-0.0244878886,-0.0108928971,0.000630710257,-0.000439367133,0.0444616204,-0.014680376,-0.00212030748
0.079,-0.00185426295,-0.0256992123,-0.0106464266,0.00070198571,-0.000485413302,0.0438516955,-0.0151699057,-0.00214800379
0.08,-0.00183061395,-0.026870914,-0.0103771489,0.00077437638,-0.000530481544,0.0431816002,-0.0156448349,-0.00217282803
0.081,-0.00180453679,-0.0280002751,-0.0100859254,0.000847721863,-0.000574442433,0.0424540526,-0.0161040097,-0.00219471829
0.082,-0.00177612186,-0.0290847967,-0.00977368044,0.000921858891,-0.000617173782,0.0416719,-0.0165463426,-0.00221362266
0.083,-0.00174546645,-0.0301221998,-0.00944139495,0.000996622224,-0.000658560728,0.0408381025,-0.0169708162,-0.00222949898
0.084,-0.00171267399,-0.0311104239,-0.00909010086,0.00107184552,-0.000698495919,0.0399557183,-0.0173764874,-0.00224231472
0.085,-0.00167785342,-0.032047627,-0.00872087549,0.00114736209,-0.000736879742,0.0390278884,-0.0177624885,-0.00225204677
0.086,-0.0016411186,-0.0329321847,-0.00833483614,0.00122300558,-0.000773620479,0.0380578208,-0.0181280294,-0.00225868133
0.087,-0.0016025877,-0.0337626891,-0.00793313472,0.00129861063,-0.000808634392,0.0370487752,-0.0184723971,-0.0022622138
0.088,-0.00156238269,-0.0345379472,-0.00751695254,0.00137401348,-0.000841845765,0.0360040472,-0.0187949565,-0.00226264871
0.089,-0.00152062881,-0.0352569786,-0.00708749526,0.00144905254,-0.000873186873,0.0349269527,-0.0190951493,-0.00225999961
0.09,-0.00147745421,-0.0359190133,-0.00664598858,0.00152356894,-0.000902597918,0.0338208117,-0.0193724924,-0.00225428906
0.091,-0.00143298971,-0.0365234903,-0.00619367526,0.00159740695,-0.000930027149,0.0326889311,-0.019626575,-0.00224554863
0.092,-0.00138736845,-0.0370700543,-0.00573181318,0.00167041428,-0.000955431339,0.0315345885,-0.0198570552,-0.00223381874
0.093,-0.00134072515,-0.0375585451,-0.00526166902,0.00174244287,-0.000978775347,0.0303610239,-0.0200636628,-0.00221914795
0.094,-0.00129319527,-0.0379889861,-0.00478451236,0.00181334954,-0.00100003195,0.0291714327,-0.0202462006,-0.00220159224
0.095,-0.00124491433,-0.0383615754,-0.00430161054,0.00188299649,-0.00101918181,0.0279689582,-0.0204045457,-0.0021812144
0.096,-0.00119601729,-0.0386766775,-0.00381422405,0.00195125164,-0.00103621346,0.0267566843,-0.0205386479,-0.00215808351
0.097,-0.00114663803,-0.0389348153,-0.00332360197,0.0020179889,-0.00105112315,0.0255376277,-0.0206485295,-0.00213227448
0.098,-0.00109690875,-0.0391366627,-0.00283097758,0.00208308843,-0.00106391469,0.0243147301,-0.0207342828,-0.00210386776
0.099,-0.00104695955,-0.0392830369,-0.00233756413,0.00214643684,-0.00107459931,0.0230908501,-0.0207960685,-0.00207294889
0.1,-0.00099691809,-0.0393748911,-0.00184455132,0.00220792728,-0.0010831955,0.0218687553,-0.0208341127,-0.00203960838
0.101,-0.000946909109,-0.0394133086,-0.00135310286,0.00226745964,-0.00108972887,0.0206511125,-0.0208487029,-0.00200394154
0.102,-0.000897053832,-0.0393994959,-0.000864355045,0.00232494053,-0.00109423229,0.0194404801,-0.0208401837,-0.00196604818
0.103,-0.000847469641,-0.0393347711,-0.000379411321,0.00238028335,-0.00109674533,0.0182393068,-0.0208089561,-0.00192603176
0.104,-0.000798269727,-0.0392205528,0.000100662329,0.00243340826,-0.00109731373,0.0170499314,-0.0207554757,-0.00188399866
0.105,-0.000749562638,-0.0390583506,0.000574840729,0.00248424223,-0.00109598889,0.0158745819,-0.0206802505,-0.00184005759
0.106,-0.00070145192,-0.0388497567,0.00104214209,0.00253271891,-0.00109282735,0.0147153735,-0.0205838376,-0.00179431915
0.107,-0.000654035844,-0.0385964379,0.00150163013,0.00257877863,-0.0010878904,0.013574307,-0.0204668398,-0.0017468955
0.108,-0.00060740721,-0.0383001275,0.00195241588,0.00262236819,-0.00108124354,0.0124532669,-0.020329902,-0.00169789998
0.109,-0.000561653208,-0.037962618,0.00239365898,0.00266344086,-0.00107295605,0.0113540195,-0.0201737071,-0.00164744691
0.11,-0.000516855361,-0.0375857536,0.00282456856,0.00270195626,-0.00106310053,0.0102782108,-0.0199989723,-0.00159565136
0.111,-0.000473089511,-0.0371714233,0.00324440307,0.00273788019,-0.00105175258,0.00922736499,-0.0198064451,-0.00154262895
0.112,-0.000430425711,-0.0367215536,0.0036524698,0.00277118443,-0.00103899052,0.0082028824,-0.0195968989,-0.00148849569
0.113,-0.000388928206,-0.0362381013,0.00404812675,0.00280184673,-0.00102489483,0.00720604167,-0.0193711316,-0.00143336757
0.114,-0.000348655343,-0.0357230465,0.00443078419,0.00282985069,-0.00100954767,0.00623800212,-0.0191299619,-0.0013773602
0.115,-0.000309659528,-0.0351783862,0.00479990526,0.00285518561,-0.00099303247,0.0052998059,-0.0188742276,-0.00132058852
0.116,-0.000271987236,-0.0346061289,0.00515500621,0.00287784627,-0.000975433582,0.0043923803,-0.0186047824,-0.00126316651
0.117,-0.000235679045,-0.034008289,0.00549565639,0.00289783273,-0.000956835967,0.00351654071,-0.0183224934,-0.00120520696
0.118,-0.000200769647,-0.0333868827,0.00582147842,0.00291515004,-0.000937324896,0.00267299466,-0.018028239,-0.00114682116
0.119,-0.000167287712,-0.032743923,0.0061321493,0.00292980789,-0.00091698568,0.00186234808,-0.0177229078,-0.00108811854
0.12,-0.000135255457,-0.0320814169,0.00642740426,0.00294182028,-0.000895903242,0.00108511485,-0.0174073979,-0.00102920625
0.121,-0.000104688335,-0.0314013612,0.00670704696,0.00295120571,-0.000874160855,0.000341731611,-0.0170826178,-0.000970188451
0.122,-7.55959214e-05,-0.0307057404,0.00697096144,0.00295798857,-0.000851838438,-0.000367429919,-0.0167494838,-0.000911165512
0.123,-4.7981661e-05,-0.0299965252,0.00721909712,0.00296219786,-0.000829013678,-0.00104207879,-0.0164089117,-0.000852235166
0.124,-2.18436147e-05,-0.0292756677,0.00745145608,0.0029638668,-0.000805762687,-0.00168201994,-0.0160618078,-0.000793493359
0.125,2.82478527e-06,-0.0285450944,0.00766808688,0.00296303304,-0.000782159813,-0.00228716174,-0.0157090629,-0.000735034567
0.126,2.60343452e-05,-0.0278066996,0.00786908118,0.00295973894,-0.000758277279,-0.00285751853,-0.0153515484,-0.000676951794
0.127,4.77998526e-05,-0.0270623382,0.00805457121,0.00295403163,-0.00073418497,-0.00339320989,-0.0149901131,-0.000619336407
0.128,6.81398419e-05,-0.026313819,0.00822472746,0.00294596293,-0.000709950327,-0.0038944578,-0.0146255812,-0.000562277867
0.129,8.70763862e-05,-0.0255628997,0.00837975668,0.00293558918,-0.000685638236,-0.00436158216,-0.0142587504,-0.000505863397
0.13,0.000104634948,-0.0248112814,0.00851990032,0.00292297107,-0.000661310908,-0.00479499513,-0.013890391,-0.00045017763
0.131,0.00012084419,-0.0240606048,0.00864543416,0.00290817351,-0.000637027643,-0.0051951941,-0.0135212452,-0.000395302217
0.132,0.000135735593,-0.0233124468,0.00875666815,0.00289126568,-0.000612844575,-0.00556275488,-0.0131520253,-0.000341315358
0.133,0.000149343337,-0.0225683165,0.00885394156,0.00287232055,-0.000588814833,-0.00589832909,-0.0127834128,-0.000288291748
0.134,0.000161704021,-0.0218296514,0.00893761851,0.00285141451,-0.00056498863,-0.00620264112,-0.0124160566,-0.000236302445
0.135,0.000172856339,-0.0210978141,0.0090080849,0.00282862717,-0.000541413245,-0.00647648373,-0.0120505722,-0.000185414679
0.136,0.000182840813,-0.0203740894,0.00906574582,0.00280404108,-0.000518132971,-0.00672071289,-0.0116875407,-0.000135691642
0.137,0.000191699548,-0.0196596817,0.00911102314,0.0027777414,-0.000495189072,-0.00693624211,-0.0113275081,-8.71922972e-05
0.138,0.000199475966,-0.0189557131,0.00914435307,0.00274981563,-0.00047261974,-0.0071240367,-0.0109709856,-3.99711999e-05
0.139,0.000206214509,-0.0182632214,0.00916618336,0.00272035327,-0.000450460084,-0.00728510825,-0.0106184482,5.92164605e-06
0.14,0.000211960269,-0.0175831589,0.00917696977,0.00268944553,-0.00042874219,-0.00742050968,-0.0102703355,5.04409039e-05
0.141,0.000216758744,-0.0169163898,0.00917717066,0.00265718476,-0.00040749539,-0.00753133118,-0.00992705124,9.3545865e-05
0.142,0.000220655937,-0.0162636898,0.0091672415,0.0026236636,-0.00038674649,-0.00761869549,-0.00958896512,0.000135200131
0.143,0.000223697827,-0.0156257474,0.00914763719,0.00258897504,-0.000366519427,-0.00768374806,-0.00925641376,0.000175372064
0.144,0.000225930159,-0.0150031672,0.00911881379,0.0025532122,-0.000346835081,-0.00772764773,-0.00892970185,0.000214034991
0.145,0.000227398452,-0.0143964723,0.00908122814,0.00251646787,-0.000327711369,-0.00775155901,-0.00860910354,0.000251167216
0.146,0.000228147927,-0.0138061071,0.00903533678,0.00247883419,-0.000309163387,-0.00775664582,-0.00829486353,0.000286751972
0.147,0.000228223349,-0.0132324402,0.00898159449,0.0024404023,-0.000291203523,-0.00774406608,-0.00798719812,0.000320777338
0.148,0.000227668863,-0.0126757665,0.00892045269,0.00240126211,-0.000273841574,-0.00771496724,-0.00768629585,0.000353236126
0.149,0.000226527765,-0.0121363096,0.00885235748,0.00236150206,-0.000257084873,-0.00767048266,-0.00739231813,0.000384125735
0.15,0.000224842216,-0.0116142235,0.00877774654,0.00232120897,-0.000240938513,-0.00761172903,-0.00710539987,0.000413447995
0.151,0.000222653128,-0.0111095934,0.00869704388,0.0022804675,-0.000225405798,-0.00753980514,-0.00682565115,0.000441208759
0.152,0.000220000495,-0.0106224375,0.00861065452,0.00223935931,-0.000210488612,-0.00745579014,-0.00655316008,0.000467417039
0.153,0.000216922921,-0.010152713,0.00851896978,0.00219796344,-0.00019618723,-0.00736073671,-0.00628799318,0.00049208551
0.154,0.0002134576,-0.00970032372,0.00842237139,0.00215635626,-0.000182500128,-0.00725566522,-0.00603019628,0.000515230547
0.155,0.000209640437,-0.00926512544,0.00832123276,0.00211461129,-0.000169424026,-0.00714156005,-0.0057797963,0.00053687199
0.156,0.0002055061,-0.00884693117,0.00821591908,0.00207279893,-0.000156954024,-0.00701936737,-0.00553680269,0.000557032876
0.157,0.00020108801,-0.00844551561,0.00810678697,0.00203098636,-0.000145083754,-0.00688999375,-0.00530120876,0.000575739158
0.158,0.000196418351,-0.00806061926,0.00799418399,0.00198923743,-0.000133805517,-0.00675430533,-0.00507299291,0.000593019413
0.159,0.000191528077,-0.00769195238,0.00787844858,0.00194761264,-0.00012311036,-0.00661312725,-0.00485211968,0.000608904573
0.16,0.000186446908,-0.00733919901,0.00775991028,0.00190616911,-0.000112988112,-0.00646724333,-0.00463854059,0.000623427706
0.161,0.000181203314,-0.00700202094,0.0076388909,0.00186496071,-0.000103427379,-0.0063173955,-0.00443219464,0.000636623849
0.162,0.00017582436,-0.00668006138,0.00751570568,0.00182403825,-9.44156098e-05,-0.00616428364,-0.00423300821,0.000648530062
0.163,0.000170335844,-0.00637294649,0.00739066074,0.00178344934,-8.59392761e-05,-0.00600856707,-0.0040408965,0.000659184905
0.164,0.000164762281,-0.00608028675,0.00726405102,0.00174323828,-7.79840799e-05,-0.0058508659,-0.00385576451,0.000668628124
0.165,0.000159126841,-0.0058016787,0.00713615939,0.00170344625,-7.05350752e-05,-0.00569176204,-0.00367750772,0.00067690046
0.166,0.000153451324,-0.00553670695,0.00700725626,0.00166411126,-6.35767513e-05,-0.00553179999,-0.00350601271,0.000684043466
0.167,0.000147756155,-0.00528494626,0.00687759946,0.00162526834,-5.70931117e-05,-0.00537148759,-0.00334115791,0.000690099332
0.168,0.00014206042,-0.0050459637,0.00674743429,0.00158694951,-5.10677524e-05,-0.00521129675,-0.00318281438,0.000695110715
0.169,0.000136381902,-0.00481932086,0.00661699375,0.0015491839,-4.54839361e-05,-0.00505166415,-0.00303084664,0.000699120571
0.17,0.000130737148,-0.00460457614,0.00648649901,0.00151199778,-4.03246364e-05,-0.00489299199,-0.00288511347,0.000702171998
0.171,0.00012514149,-0.00440128713,0.00635616056,0.00147541479,-3.5572536e-05,-0.0047356487,-0.00274546822,0.00070430817
0.172,0.000119608962,-0.00420901277,0.00622617923,0.0014394561,-3.12100602e-05,-0.00457996992,-0.00261175889,0.000705572436
0.173,0.00011415242,-0.00402731405,0.00609674491,0.00140414039,-2.7219492e-05,-0.00442626002,-0.00248382942,0.000706007972
0.174,0.000108783582,-0.00385575472,0.00596803555,0.00136948388,-2.35831537e-05,-0.00427479368,-0.00236152059,0.000705657562
0.175,0.000103513083,-0.00369390218,0.0058402169,0.00133550034,-2.02835272e-05,-0.00412581716,-0.00224467069,0.000704563433
0.176,9.83504784e-05,-0.00354132855,0.00571344252,0.0013022013,-1.73032893e-05,-0.00397954968,-0.00213311602,0.000702767192
0.177,9.33042403e-05,-0.00339761166,0.00558785414,0.00126959612,-1.46253227e-05,-0.00383618473,-0.00202669139,0.00070030977
0.178,8.8381799e-05,-0.00326233598,0.00546358192,0.00123769214,-1.22327527e-05,-0.00369589133,-0.00192523067,0.000697231326
0.179,8.35895837e-05,-0.0031350935,0.00534074479,0.00120649481,-1.0108995e-05,-0.00355881533,-0.00182856729,0.000693571156
0.18,7.89330495e-05,-0.00301548437,0.00521945057,0.00117600771,-8.23781079e-06,-0.00342508067,-0.00173653477,0.000689367631
0.181,7.44167289e-05,-0.00290311742,0.00509979598,0.00114623269,-6.60337554e-06,-0.00329479073,-0.0016489674,0.000684658085
0.182,7.00443265e-05,-0.00279761063,0.00498186666,0.00111716988,-5.1903226e-06,-0.00316802956,-0.00156570105,0.000679478644
0.183,6.58187137e-05,-0.0026985921,0.00486573821,0.00108881786,-3.98375308e-06,-0.00304486299,-0.00148657323,0.000673864308
0.184,6.1741972e-05,-0.00260570082,0.00475147712,0.00106117378,-2.96922503e-06,-0.00292533968,-0.00141142329,0.000667848963
0.185,5.78154573e-05,-0.00251858732,0.00463914146,0.00103423351,-2.1327595e-06,-0.00280949221,-0.00134009271,0.000661465344
0.186,5.40398515e-05,-0.00243691401,0.00452878129,0.00100799165,-1.46085539e-06,-0.00269733828,-0.00127242551,0.000654745016
0.187,5.04152012e-05,-0.00236035548,0.0044204391,0.000982441714,-9.40509413e-07,-0.00258888177,-0.00120826841,0.000647718365
0.188,4.69409585e-05,-0.00228859853,0.00431415008,0.000957576132,-5.59243613e-07,-0.00248411388,-0.00114747118,0.000640414583
0.189,4.3616017e-05,-0.00222134213,0.00420994246,0.000933386427,-3.05100749e-07,-0.0023830141,-0.00108988702,0.000632861585
0.19,4.04387262e-05,-0.00215829728,0.0041078376,0.000909863251,-1.666888e-07,-0.00228555141,-0.00103537258,0.000625086081
0.191,3.7406946e-05,-0.00209918675,0.0040078498,0.000886996423,-1.33221567e-07,-0.00219168535,-0.000983788337,0.000617113519
0.192,3.45181735e-05,-0.00204374479,0.00390998615,0.000864774945,-1.94528614e-07,-0.00210136704,-0.000934999233,0.000608967888
0.193,3.1769515e-05,-0.00199171752,0.00381424785,0.000843187172,-3.41030693e-07,-0.00201453988,-0.000888874291,0.000600671932
0.194,2.91577221e-05,-0.0019428633,0.00372063131,0.000822220934,-5.63686342e-07,-0.0019311404,-0.000845286395,0.000592247248
0.195,2.66792595e-05,-0.00189695276,0.00362912878,0.000801863615,-8.53966256e-07,-0.00185109894,-0.000804112376,0.000583714297
0.196,2.43303601e-05,-0.00185376877,0.0035397288,0.000782102214,-1.20384702e-06,-0.00177434046,-0.000765233124,0.000575092414
0.197,2.21070681e-05,-0.00181310623,0.00345241657,0.000762923402,-1.60580744e-06,-0.00170078528,-0.000728533669,0.000566399834
0.198,2.00052777e-05,-0.00177477183,0.00336717418,0.000744313583,-2.05282334e-06,-0.00163034978,-0.000693903231,0.000557653705
0.199,1.80207801e-05,-0.00173858384,0.00328398103,0.000726258941,-2.53835831e-06,-0.00156294708,-0.000661235244,0.000548870116
0.2,1.61493177e-05,-0.00170437187,0.00320281424,0.000708745504,-3.0563352e-06,-0.0014984876,-0.000630427305,0.000540064103
0.201,1.43865924e-05,-0.00167197672,0.00312364933,0.000691759257,-3.60106929e-06,-0.00143687964,-0.000601380912,0.00053124977
0.202,1.27282247e-05,-0.00164125015,0.00304646083,0.000675286247,-4.16722909e-06,-0.00137802995,-0.000574001028,0.000522440499
0.203,1.11698446e-05,-0.00161205418,0.00297122189,0.000659312552,-4.74985389e-06,-0.00132184427,-0.000548196452,0.000513648789
0.204,9.70712384e-06,-0.00158426041,0.00289790398,0.000643824255,-5.34439116e-06,-0.00126822777,-0.000523879956,0.000504886202
0.205,8.33576531e-06,-0.0015577495,0.00282647693,0.000628807479,-5.94669208e-06,-0.00121708557,-0.000500968203,0.000496163423
0.206,7.0515042e-06,-0.00153241063,0.00275690901,0.000614248425,-6.55298992e-06,-0.00116832314,-0.000479381624,0.0004874903
0.207,5.85011971e-06,-0.00150814111,0.00268916713,0.000600133404,-7.1598779e-06,-0.00112184661,-0.000459044296,0.000478875884
0.208,4.72744907e-06,-0.00148484599,0.00262321706,0.000586448865,-7.76428934e-06,-0.00107756311,-0.000439883849,0.000470328463
0.209,3.67940259e-06,-0.00146243765,0.00255902359,0.000573181423,-8.36347836e-06,-0.00103538101,-0.000421831368,0.000461855596
0.21,2.70197911e-06,-0.00144083551,0.00249655076,0.000560317881,-8.95499908e-06,-0.000995210166,-0.000404821304,0.000453464146
0.211,1.79127617e-06,-0.00141996565,0.00243576208,0.000547845256,-9.53668167e-06,-0.000956962084,-0.000388791344,0.000445160327
0.212,9.43492968e-07,-0.00139976054,0.00237662086,0.00053575082,-1.01066093e-05,-0.00092055013,-0.000373682247,0.000436949761
0.213,1.54948126e-07,-0.00138015861,0.0023190902,0.00052402212,-1.06630907e-05,-0.00088588969,-0.000359437823,0.000428837475
0.214,-5.77919668e-07,-0.00136110394,0.00226313297,0.000512646929,-1.12046706e-05,-0.000852898399,-0.000346004627,0.000420827983
0.215,-1.25854744e-06,-0.00134254577,0.00220871194,0.000501613301,-1.17301012e-05,-0.000821496215,-0.000333332048,0.000412925271
0.216,-1.89024153e-06,-0.00132443821,0.00215578986,0.000490909585,-1.22383325e-05,-0.000791605492,-0.000321372292,0.000405132803
0.217,-2.47617964e-06,-0.00130673982,0.00210432946,0.000480524412,-1.27285047e-05,-0.000763151072,-0.000310080245,0.00039745356
0.218,-3.01941153e-06,-0.00128941337,0.00205429363,0.000470446713,-1.31999337e-05,-0.000736060348,-0.00029941335,0.000389890076
0.219,-3.52285637e-06,-0.00127242551,0.00200564542,0.000460665714,-1.36520952e-05,-0.000710263297,-0.000289331501,0.000382444467
0.22,-3.98929895e-06,-0.00125574652,0.0019583482,0.000451170951,-1.40846094e-05,-0.000685692502,-0.000279796929,0.000375118452
0.221,-4.42139039e-06,-0.00123935007,0.0019123658,0.000441952272,-1.44972228e-05,-0.000662283157,-0.000270774074,0.0003679134
0.222,-4.82165652e-06,-0.00122321298,0.00186766258,0.00043299985,-1.48897932e-05,-0.000639973064,-0.000262229425,0.000360830369
0.223,-5.19249733e-06,-0.00120731495,0.00182420346,0.000424304178,-1.52622747e-05,-0.000618702634,-0.00025413149,0.000353870128
0.224,-5.53619323e-06,-0.00119163827,0.00178195384,0.000415856044,-1.56147202e-05,-0.000598414858,-0.00024645072,0.000347033164
0.225,-5.85489889e-06,-0.00117616758,0.00174087966,0.000407646518,-1.59472983e-05,-0.000579055244,-0.000239159448,0.000340319667
0.226,-6.15064459e-06,-0.00116088971,0.00170094744,0.000399666953,-1.62602861e-05,-0.000560571775,-0.000232231798,0.000333729539
0.227,-6.42535229e-06,-0.00114579339,0.00166212426,0.00039190899,-1.65540361e-05,-0.000542914913,-0.000225643553,0.00032726247
0.228,-6.68083662e-06,-0.00113086908,0.00162437787,0.000384364574,-1.68289523e-05,-0.000526037575,-0.000219372056,0.000320917959
0.229,-6.91880267e-06,-0.00111610877,0.00158767661,0.000377025952,-1.70854888e-05,-0.000509895072,-0.000213396119,0.000314695323
0.23,-7.14085404e-06,-0.00110150581,0.00155198945,0.000369885657,-1.73241492e-05,-0.000494445072,-0.000207695943,0.000308593706
0.231,-7.34849304e-06,-0.00108705463,0.00151728587,0.000362936494,-1.75454902e-05,-0.000479647543,-0.000202253109,0.000302612077
0.232,-7.54310673e-06,-0.00107275063,0.00148353572,0.000356171514,-1.77501177e-05,-0.000465464678,-0.000197050614,0.000296749192
0.233,-7.72599114e-06,-0.00105859006,0.00145070943,0.000349584022,-1.79386747e-05,-0.000451860825,-0.000192072652,0.000291003669
0.234,-7.89835969e-06,-0.00104457003,0.00141877816,0.000343167591,-1.81118259e-05,-0.000438802387,-0.000187304459,0.000285374027
0.235,-8.0613412e-06,-0.00103068838,0.00138771382,0.000336916036,-1.82702538e-05,-0.000426257738,-0.000182732243,0.000279858707
0.236,-8.21597864e-06,-0.00101694359,0.0013574891,0.000330823439,-1.84146416e-05,-0.000414197104,-0.000178343257,0.000274456053
0.237,-8.36323214e-06,-0.00100333471,0.00132807751,0.00032488414,-1.85456692e-05,-0.00040259248,-0.000174125759,0.000269164324
0.238,-8.50398476e-06,-0.000989861303,0.00129945329,0.000319092696,-1.86640225e-05,-0.000391417577,-0.00017006882,0.000263981731
0.239,-8.63904664e-06,-0.000976523339,0.00127159148,0.000313443889,-1.87703843e-05,-0.000380647741,-0.000166162282,0.000258906436
0.24,-8.76915776e-06,-0.000963321174,0.00124446789,0.00030793272,-1.88654287e-05,-0.000370259872,-0.000162396725,0.000253936565
0.241,-8.89499097e-06,-0.000950255449,0.00121805911,0.000302554398,-1.89498199e-05,-0.000360232343,-0.000158763429,0.000249070212
0.242,-9.01715503e-06,-0.000937327041,0.00119234247,0.000297304333,-1.90242099e-05,-0.00035054493,-0.000155254333,0.000244305443
0.243,-9.13619995e-06,-0.000924537001,0.00116729602,0.000292178129,-1.90892382e-05,-0.000341178736,-0.00015186199,0.000239640309
0.244,-9.25261761e-06,-0.000911886511,0.00114289854,0.000287171575,-1.91455338e-05,-0.000332116117,-0.000148579522,0.000235072844
0.245,-9.36683602e-06,-0.000899376849,0.00111912955,0.000282280643,-1.91937154e-05,-0.00032334061,-0.000145400578,0.00023060106
0.246,-9.47922576e-06,-0.000887009344,0.00109596925,0.000277501498,-1.9234367e-05,-0.000314836892,-0.000142319301,0.000226222975
0.247,-9.59011106e-06,-0.000874785336,0.00107339854,0.000272830484,-1.92680229e-05,-0.000306590748,-0.000139330249,0.000221936659
0.248,-9.69976273e-06,-0.000862706162,0.00105139897,0.000268264122,-1.92951857e-05,-0.000298588965,-0.000136428409,0.000217740187
0.249,-9.80839822e-06,-0.000850773145,0.00102995277,0.00026379908,-1.93163463e-05,-0.000290819242,-0.000133609175,0.000213631632
0.25,-9.91619065e-06,-0.00083898759,0.00100904282,0.000259432165,-1.93319778e-05,-0.000283270124,-0.000130868318,0.000209609073
0.251,-1.00232764e-05,-0.000827350804,0.000988652735,0.000255160331,-1.93425237e-05,-0.00027593094,-0.000128201921,0.000205670626
0.252,-1.01297687e-05,-0.000815864102,0.000968766912,0.000250980686,-1.93483956e-05,-0.000268791756,-0.000125606282,0.000201814477
0.253,-1.02357478e-05,-0.000804528751,0.000949370407,0.000246890466,-1.93499754e-05,-0.000261843322,-0.000123077978,0.000198038848
0.254,-1.03412614e-05,-0.000793345915,0.000930448824,0.000242887031,-1.93476207e-05,-0.000255077035,-0.000120613884,0.00019434198
0.255,-1.04463337e-05,-0.000782316627,0.000911988288,0.00023896785,-1.93416626e-05,-0.000248484894,-0.000118211167,0.000190722142
0.256,-1.055097e-05,-0.00077144179,0.000893975432,0.000235130506,-1.93324143e-05,-0.000242059466,-0.000115867217,0.000187177626
0.257,-1.0655159e-05,-0.000760722173,0.000876397354,0.000231372647,-1.93201904e-05,-0.000235793858,-0.000113579516,0.000183706767
0.258,-1.07588768e-05,-0.000750158393,0.000859241631,0.000227692023,-1.93052839e-05,-0.000229681669,-0.000111345736,0.000180307927
0.259,-1.08620896e-05,-0.000739750881,0.000842496273,0.000224086486,-1.92879605e-05,-0.000223716958,-0.000109163741,0.000176979504
0.26,-1.09647562e-05,-0.000729499862,0.000826149669,0.000220553976,-1.92684665e-05,-0.000217894218,-0.000107031552,0.000173719928
0.261,-1.10668289e-05,-0.000719405332,0.000810190521,0.000217092508,-1.92470353e-05,-0.000212208357,-0.000104947345,0.000170527653
0.262,-1.11682476e-05,-0.000709467039,0.000794607771,0.000213700161,-1.92238888e-05,-0.000206654654,-0.000102909481,0.000167401134
0.263,-1.12689499e-05,-0.000699684524,0.000779390666,0.000210375086,-1.91992343e-05,-0.000201228737,-0.000100916443,0.000164338849
0.264,-1.1368877e-05,-0.000690057147,0.0007645288,0.000207115507,-1.9173256e-05,-0.000195926549,-9.89667926e-05,0.000161339324
0.265,-1.1467976e-05,-0.000680584113,0.000750012116,0.00020391971,-1.91461195e-05,-0.000190744312,-9.70591683e-05,0.000158401131
0.266,-1.15661949e-05,-0.000671264488,0.000735830908,0.000200786039,-1.91179866e-05,-0.000185678479,-9.51923028e-05,0.000155522861
0.267,-1.16634825e-05,-0.000662097208,0.000721975809,0.000197712895,-1.90890179e-05,-0.000180725699,-9.33650305e-05,0.000152703119
0.268,-1.17597937e-05,-0.000653081085,0.000708437767,0.000194698728,-1.90593599e-05,-0.000175882824,-9.15762468e-05,0.000149940556
0.269,-1.18550875e-05,-0.000644214814,0.000695208038,0.00019174205,-1.90291384e-05,-0.000171146897,-8.98249086e-05,0.000147233864
0.27,-1.19493223e-05,-0.000635496982,0.000682278177,0.000188841427,-1.89984636e-05,-0.000166515131,-8.81100295e-05,0.000144581767
0.271,-1.20424566e-05,-0.000626926075,0.000669640024,0.000185995475,-1.89674332e-05,-0.000161984892,-8.64306769e-05,0.000141983024
0.272,-1.2134449e-05,-0.000618500485,0.000657285691,0.00018320286,-1.89361343e-05,-0.000157553687,-8.47859677e-05,0.000139436424
0.273,-1.22252594e-05,-0.000610218515,0.000645207554,0.000180462294,-1.89046463e-05,-0.00015321915,-8.31750553e-05,0.000136940783
0.274,-1.23148468e-05,-0.000602078384,0.000633398234,0.000177772528,-1.88730448e-05,-0.000148979037,-8.15971139e-05,0.000134494949
0.275,-1.24031694e-05,-0.000594078227,0.000621850577,0.000175132359,-1.88413924e-05,-0.000144831216,-8.00513611e-05,0.0001320978
0.276,-1.24901856e-05,-0.000586216102,0.000610557661,0.000172540642,-1.88097278e-05,-0.000140773654,-7.85371024e-05,0.000129748238
0.277,-1.25758526e-05,-0.000578490006,0.000599512768,0.000169996266,-1.87780837e-05,-0.000136804415,-7.70536648e-05,0.000127445197
0.278,-1.26601274e-05,-0.0005708979,0.000588709391,0.00016749815,-1.87464929e-05,-0.000132921647,-7.56003929e-05,0.000125187632
0.279,-1.27429657e-05,-0.000563437733,0.000578141244,0.000165045247,-1.87149852e-05,-0.000129123556,-7.41766676e-05,0.000122974523
0.28,-1.28243161e-05,-0.000556107477,0.000567802295,0.000162636538,-1.86835825e-05,-0.000125408392,-7.27819161e-05,0.000120804872
0.281,-1.29041218e-05,-0.000548905181,0.000557686869,0.000160271053,-1.86522909e-05,-0.000121774429,-7.14155677e-05,0.000118677727
0.282,-1.29823342e-05,-0.000541829019,0.000547789754,0.000157947886,-1.86210997e-05,-0.000118219979,-7.00769572e-05,0.000116592225
0.283,-1.30588907e-05,-0.00053487724,0.000538106052,0.000155666178,-1.85899871e-05,-0.00011474337,-6.87654361e-05,0.000114547531
0.284,-1.31337162e-05,-0.000528048108,0.000528631038,0.000153425102,-1.85589162e-05,-0.000111342965,-6.74804052e-05,0.000112542828
0.285,-1.32067343e-05,-0.00052133987,0.000519360108,0.000151223857,-1.85278335e-05,-0.000108017185,-6.62212706e-05,0.000110577342
0.286,-1.32778654e-05,-0.000514750744,0.000510288776,0.000149061673,-1.84966794e-05,-0.000104764486,-6.49874675e-05,0.000108650308
0.287,-1.33470285e-05,-0.000508278914,0.000501412668,0.000146937799,-1.84653986e-05,-0.000101583352,-6.37784457e-05,0.00010676097
0.288,-1.34141486e-05,-0.000501922517,0.000492727515,0.000144851506,-1.84339366e-05,-9.8472297e-05,-6.2593655e-05,0.000104908592
0.289,-1.3479164e-05,-0.00049567962,0.000484229132,0.000142802089,-1.84022361e-05,-9.54298816e-05,-6.14325243e-05,0.000103092456
0.29,-1.35420362e-05,-0.000489548188,0.000475913343,0.000140788857,-1.83702426e-05,-9.24547337e-05,-6.02944479e-05,0.000101311868
0.291,-1.36027509e-05,-0.000483525993,0.000467775793,0.000138811111,-1.83379155e-05,-8.95455513e-05,-5.91788671e-05,9.95661231e-05
0.292,-1.36612952e-05,-0.000477610556,0.000459811736,0.000136868099,-1.83052412e-05,-8.67010529e-05,-5.80854389e-05,9.78544107e-05
0.293,-1.37176828e-05,-0.000471799263,0.000452016316,0.000134959045,-1.8272244e-05,-8.39200046e-05,-5.70138166e-05,9.61759079e-05
0.294,-1.37719533e-05,-0.000466089476,0.000444384771,0.000133083177,-1.82389702e-05,-8.12012111e-05,-5.59635775e-05,9.45298146e-05
0.295,-1.38241636e-05,-0.000460478582,0.000436912503,0.000131239748,-1.8205459e-05,-7.85434988e-05,-5.49342812e-05,9.29153631e-05
0.296,-1.38743775e-05,-0.000454964019,0.000429595075,0.000129428032,-1.8171739e-05,-7.59457084e-05,-5.39254908e-05,9.13318169e-05
0.297,-1.39226592e-05,-0.000449543286,0.000422428204,0.000127647325,-1.81378356e-05,-7.34066899e-05,-5.29367787e-05,8.97784602e-05
0.298,-1.3969071e-05,-0.000444213964,0.000415407751,0.000125896934,-1.81037743e-05,-7.09252988e-05,-5.19677352e-05,8.82545956e-05
0.299,-1.40136683e-05,-0.000438973732,0.000408529729,0.000124176182,-1.80695809e-05,-6.85003843e-05,-5.10179859e-05,8.67595411e-05
0.3,-1.40564894e-05,-0.000433820408,0.000401790355,0.000122484408,-1.8035275e-05,-6.61307704e-05,-5.00872037e-05,8.52926306e-05
0.301,-1.40975579e-05,-0.000428752021,0.000395186225,0.000120820993,-1.80008564e-05,-6.38152551e-05,-4.91750455e-05,8.38532452e-05
0.302,-1.41369052e-05,-0.000423766885,0.000388714506,0.0001191854,-1.7966297e-05,-6.15526472e-05,-4.82810158e-05,8.244089e-05
0.303,-1.41745469e-05,-0.000418863497,0.000382372682,0.000117577132,-1.79315504e-05,-5.93417353e-05,-4.74046198e-05,8.10551057e-05
0.304,-1.42104814e-05,-0.00041404044,0.000376158349,0.000115995703,-1.78965656e-05,-5.71812935e-05,-4.65454229e-05,7.96954362e-05
0.305,-1.42447005e-05,-0.00040929634,0.000370069149,0.000114440633,-1.78612941e-05,-5.50701027e-05,-4.57030324e-05,7.83614277e-05
0.306,-1.42771951e-05,-0.000404629841,0.000364102755,0.00011291145,-1.78256902e-05,-5.30069622e-05,-4.48770762e-05,7.70526304e-05
0.307,-1.43079577e-05,-0.000400039602,0.000358256877,0.000111407693,-1.77897127e-05,-5.09906934e-05,-4.40671912e-05,7.57686e-05
0.308,-1.4336979e-05,-0.000395524285,0.000352529261,0.000109928909,-1.77533289e-05,-4.90201416e-05,-4.32730102e-05,7.4508893e-05
0.309,-1.43642491e-05,-0.000391082549,0.000346917676,0.000108474662,-1.77165058e-05,-4.70941855e-05,-4.24941587e-05,7.32730733e-05
0.31,-1.43897637e-05,-0.000386713029,0.000341419888,0.000107044533,-1.76791961e-05,-4.52117536e-05,-4.17302643e-05,7.20607252e-05
0.311,-1.4413522e-05,-0.000382414306,0.00033603358,0.000105638107,-1.76413559e-05,-4.33718188e-05,-4.09809739e-05,7.08714308e-05
0.312,-1.44355162e-05,-0.000378184883,0.000330756268,0.000104254943,-1.76029649e-05,-4.15733675e-05,-4.02460078e-05,6.97047211e-05
0.313,-1.44557477e-05,-0.000374023228,0.000325585416,0.000102894598,-1.75640199e-05,-3.98154189e-05,-3.9525089e-05,6.85601225e-05
0.314,-1.44742282e-05,-0.000369927818,0.000320518524,0.000101556634,-1.75245224e-05,-3.80970267e-05,-3.88179215e-05,6.74371755e-05
0.315,-1.44909738e-05,-0.000365897157,0.000315553153,0.000100240625,-1.74844747e-05,-3.64172691e-05,-3.81242008e-05,6.63354331e-05
0.316,-1.4505999e-05,-0.000361929787,0.000310686931,9.89461551e-05,-1.744388e-05,-3.47752422e-05,-3.74436261e-05,6.52544593e-05
0.317,-1.45193147e-05,-0.000358024293,0.000305917555,9.76728202e-05,-1.7402738e-05,-3.31700591e-05,-3.67759054e-05,6.41938276e-05
0.318,-1.45309325e-05,-0.000354179299,0.00030124278,9.64202209e-05,-1.73610472e-05,-3.16008573e-05,-3.6120734e-05,6.31531279e-05
0.319,-1.45408689e-05,-0.000350393463,0.000296660426,9.51879675e-05,-1.73188068e-05,-3.00667913e-05,-3.54778055e-05,6.21319603e-05
0.32,-1.45491463e-05,-0.000346665465,0.000292168364,9.39756802e-05,-1.72760167e-05,-2.85670317e-05,-3.48468205e-05,6.11299326e-05
0.321,-1.45557927e-05,-0.000342994001,0.000287764492,9.27829835e-05,-1.72326789e-05,-2.71007651e-05,-3.42274903e-05,6.01466573e-05
0.322,-1.45608375e-05,-0.00033937777,0.000283446705,9.16095005e-05,-1.71887993e-05,-2.56671873e-05,-3.36195538e-05,5.91817407e-05
0.323,-1.45643157e-05,-0.000335815486,0.000279212926,9.04548597e-05,-1.71443832e-05,-2.426551e-05,-3.30227602e-05,5.82347963e-05
0.324,-1.45662704e-05,-0.000332305889,0.000275061126,8.93186987e-05,-1.70994303e-05,-2.28949611e-05,-3.2436869e-05,5.73054514e-05
0.325,-1.45667513e-05,-0.000328847753,0.000270989341,8.82006602e-05,-1.70539451e-05,-2.15547794e-05,-3.18616432e-05,5.63933408e-05
0.326,-1.45658098e-05,-0.000325439891,0.000266995672,8.71003848e-05,-1.70079502e-05,-2.02442127e-05,-3.12968325e-05,5.54981e-05
0.327,-1.4563498e-05,-0.00032208116,0.000263078273,8.60175171e-05,-1.69614738e-05,-1.89625214e-05,-3.07421931e-05,5.4619371e-05
0.328,-1.4559867e-05,-0.000318770456,0.000259235351,8.49517097e-05,-1.69145383e-05,-1.77089824e-05,-3.01974998e-05,5.37568082e-05
0.329,-1.45549616e-05,-0.000315506718,0.000255465161,8.39026221e-05,-1.68671639e-05,-1.64828866e-05,-2.96625451e-05,5.29100737e-05
0.33,-1.45488155e-05,-0.000312288937,0.000251766025,8.28699214e-05,-1.68193695e-05,-1.52835342e-05,-2.91371406e-05,5.20788357e-05
0.331,-1.45414509e-05,-0.000309116178,0.000248136383,8.18532918e-05,-1.67711677e-05,-1.41102407e-05,-2.86210975e-05,5.1262778e-05
0.332,-1.45328852e-05,-0.000305987604,0.000244574857,8.08524479e-05,-1.672256e-05,-1.29623586e-05,-2.8114179e-05,5.04616271e-05
0.333,-1.4523126e-05,-0.000302902442,0.000241080167,7.98671213e-05,-1.66735376e-05,-1.18392579e-05,-2.76161531e-05,4.96751237e-05
0.334,-1.45121753e-05,-0.000299859949,0.000237651075,7.88970505e-05,-1.66240882e-05,-1.07403192e-05,-2.71268098e-05,4.8903013e-05
0.335,-1.45000339e-05,-0.000296859403,0.000234286366,7.79419796e-05,-1.65742013e-05,-9.66493453e-06,-2.66459538e-05,4.81450415e-05
0.336,-1.44867052e-05,-0.000293900094,0.000230984843,7.70016574e-05,-1.65238682e-05,-8.61250906e-06,-2.61733981e-05,4.74009584e-05
0.337,-1.44721963e-05,-0.000290981323,0.000227745328,7.60758382e-05,-1.64730818e-05,-7.58246217e-06,-2.57089616e-05,4.66705162e-05
0.338,-1.44565181e-05,-0.000288102399,0.000224566666,7.51642816e-05,-1.64218387e-05,-6.57422752e-06,-2.52524649e-05,4.59534713e-05
0.339,-1.44396832e-05,-0.000285262643,0.00022144772,7.4266753e-05,-1.63701428e-05,-5.58725412e-06,-2.48037215e-05,4.52495796e-05
0.34,-1.44217047e-05,-0.000282461372,0.000218387356,7.33830261e-05,-1.63179985e-05,-4.62101242e-06,-2.43625401e-05,4.45586016e-05
0.341,-1.44025965e-05,-0.000279697887,0.000215384406,7.25128781e-05,-1.62653987e-05,-3.6749959e-06,-2.39287453e-05,4.38803054e-05
0.342,-1.4382366e-05,-0.000276971451,0.000212437626,7.16560741e-05,-1.6212337e-05,-2.74870401e-06,-2.35021992e-05,4.32144407e-05
0.343,-1.43610182e-05,-0.000274281318,0.000209545758,7.08123728e-05,-1.61588163e-05,-1.84165296e-06,-2.3082757e-05,4.25607527e-05
0.344,-1.43385582e-05,-0.000271626748,0.00020670757,6.99815335e-05,-1.61048427e-05,-9.53379658e-07,-2.267026e-05,4.19189921e-05
0.345,-1.43149895e-05,-0.000269007016,0.000203921867,6.91633179e-05,-1.60504198e-05,-8.34392246e-08,-2.2264544e-05,4.12889166e-05
0.346,-1.42903136e-05,-0.000266421411,0.000201187487,6.83574906e-05,-1.59955445e-05,7.68596992e-07,-2.18654475e-05,4.06702929e-05
0.347,-1.42645343e-05,-0.00026386924,0.000198503307,6.7563817e-05,-1.59402095e-05,1.6031443e-06,-2.14728131e-05,4.00628948e-05
0.348,-1.42376576e-05,-0.00026134983,0.000195868237,6.67820629e-05,-1.58844152e-05,2.42061061e-06,-2.10864825e-05,3.94664975e-05
0.349,-1.42096931e-05,-0.000258862534,0.000193281208,6.60120013e-05,-1.58281728e-05,3.22140106e-06,-2.07063018e-05,3.88808774e-05
0.35,-1.41806549e-05,-0.000256406735,0.000190741172,6.52534169e-05,-1.57714961e-05,4.00591735e-06,-2.03321332e-05,3.83058167e-05
0.351,-1.41505608e-05,-0.00025398184,0.000188247097,6.45061076e-05,-1.57143984e-05,4.77455555e-06,-1.99638529e-05,3.77411044e-05
0.352,-1.41194318e-05,-0.000251587287,0.000185797976,6.37698843e-05,-1.56568931e-05,5.52770378e-06,-1.96013441e-05,3.71865367e-05
0.353,-1.40872921e-05,-0.000249222535,0.000183392822,6.30445694e-05,-1.55989942e-05,6.26574441e-06,-1.92445029e-05,3.66419155e-05
0.354,-1.40541682e-05,-0.000246887066,0.000181030664,6.23299959e-05,-1.55407178e-05,6.98905563e-06,-1.88932392e-05,3.61070462e-05
0.355,-1.40200884e-05,-0.00024458038,0.000178710557,6.16260003e-05,-1.54820882e-05,7.6980081e-06,-1.85474605e-05,3.55817365e-05
0.356,-1.39850839e-05,-0.000242301981,0.000176431584,6.09324153e-05,-1.54231324e-05,8.39296027e-06,-1.82070653e-05,3.50657967e-05
0.357,-1.39491875e-05,-0.000240051375,0.000174192865,6.024907e-05,-1.53638709e-05,9.0742576e-06,-1.78719549e-05,3.45590421e-05
0.358,-1.39124295e-05,-0.000237828069,0.000171993549,5.95757909e-05,-1.5304317e-05,9.74223206e-06,-1.75420316e-05,3.40612935e-05
0.359,-1.38748364e-05,-0.000235631574,0.000169832815,5.89124013e-05,-1.52444814e-05,1.0397204e-05,-1.72171972e-05,3.35723748e-05
0.36,-1.38364283e-05,-0.000233461405,0.000167709877,5.82587219e-05,-1.51843745e-05,1.10394837e-05,-1.68973527e-05,3.30921117e-05
0.361,-1.3797218e-05,-0.000231317093,0.000165624001,5.76145754e-05,-1.51240026e-05,1.16693685e-05,-1.65823947e-05,3.26203347e-05
0.362,-1.37572135e-05,-0.000229198196,0.000163574512,5.69797951e-05,-1.50633592e-05,1.228713e-05,-1.6272205e-05,3.21568933e-05
0.363,-1.37164155e-05,-0.000227104291,0.000161560774,5.63542234e-05,-1.50024302e-05,1.28930258e-05,-1.59666682e-05,3.1701646e-05
0.364,-1.36748176e-05,-0.000225034971,0.000159582161,5.57377086e-05,-1.49412049e-05,1.3487308e-05,-1.56656764e-05,3.12544517e-05
0.365,-1.36324112e-05,-0.000222989845,0.00015763806,5.5130103e-05,-1.48796775e-05,1.40702236e-05,-1.53691261e-05,3.08151692e-05
0.366,-1.3589188e-05,-0.00022096853,0.000155727868,5.45312626e-05,-1.48178451e-05,1.46420126e-05,-1.50769172e-05,3.03836596e-05
0.367,-1.35451394e-05,-0.000218970658,0.00015385099,5.39410476e-05,-1.47557084e-05,1.52029081e-05,-1.47889501e-05,2.99597854e-05
0.368,-1.3500256e-05,-0.000216995866,0.000152006838,5.33593222e-05,-1.46932692e-05,1.57531344e-05,-1.45051239e-05,2.95434114e-05
0.369,-1.34545286e-05,-0.000215043802,0.000150194829,5.2785958e-05,-1.46305236e-05,1.62929078e-05,-1.42253443e-05,2.91344069e-05
0.37,-1.34079516e-05,-0.000213114117,0.000148414376,5.22208319e-05,-1.45674639e-05,1.68224369e-05,-1.39495195e-05,2.87326453e-05
0.371,-1.33605241e-05,-0.00021120645,0.000146664873,5.16638193e-05,-1.45040877e-05,1.7341929e-05,-1.36775578e-05,2.83379976e-05
0.372,-1.3312249e-05,-0.000209320423,0.000144945663,5.11147869e-05,-1.44404008e-05,1.78516049e-05,-1.34093889e-05,2.79503212e-05
0.373,-1.32631354e-05,-0.000207455649,0.000143256073,5.05736009e-05,-1.43764116e-05,1.83516858e-05,-1.31449465e-05,2.7569473e-05
0.374,-1.32131999e-05,-0.000205611744,0.00014159544,5.00401313e-05,-1.43121245e-05,1.88423878e-05,-1.28841657e-05,2.71953164e-05
0.375,-1.31624643e-05,-0.000203788333,0.000139963116,4.95142509e-05,-1.42475457e-05,1.93239243e-05,-1.26269815e-05,2.68277182e-05
0.376,-1.31109532e-05,-0.000201985048,0.000138358477,4.89958315e-05,-1.4182691e-05,1.97965069e-05,-1.23733214e-05,2.64665438e-05
0.377,-1.30586926e-05,-0.000200201532,0.000136780921,4.84847438e-05,-1.41175797e-05,2.02603437e-05,-1.21231119e-05,2.61116607e-05
0.378,-1.30057087e-05,-0.000198437432,0.000135229863,4.79808593e-05,-1.40522262e-05,2.07156365e-05,-1.18762849e-05,2.57629418e-05
0.379,-1.29520241e-05,-0.000196692405,0.000133704733,4.74840504e-05,-1.39866413e-05,2.11625812e-05,-1.16327766e-05,2.54202639e-05
0.38,-1.28976561e-05,-0.000194966116,0.000132204982,4.69941906e-05,-1.39208338e-05,2.16013681e-05,-1.13925278e-05,2.5083506e-05
0.381,-1.28426172e-05,-0.000193258247,0.000130730092,4.65111576e-05,-1.38548079e-05,2.20321793e-05,-1.11554813e-05,2.47525521e-05
0.382,-1.27869182e-05,-0.000191568501,0.000129279595,4.60348365e-05,-1.3788563e-05,2.24551794e-05,-1.09215668e-05,2.44272974e-05
0.383,-1.27305687e-05,-0.000189896597,0.000127853051,4.55651163e-05,-1.37220977e-05,2.28705228e-05,-1.0690707e-05,2.41076429e-05
0.384,-1.26735785e-05,-0.00018824226,0.000126450029,4.51018904e-05,-1.36554113e-05,2.32783637e-05,-1.04628331e-05,2.37934901e-05
0.385,-1.2615959e-05,-0.000186605222,0.000125070109,4.46450555e-05,-1.35885034e-05,2.36788566e-05,-1.02378836e-05,2.34847416e-05
0.386,-1.2557724e-05,-0.000184985218,0.000123712874,4.41945114e-05,-1.35213761e-05,2.40721554e-05,-1.00158007e-05,2.31813015e-05
0.387,-1.24988888e-05,-0.000183381987,0.000122377915,4.37501604e-05,-1.3454036e-05,2.44584143e-05,-9.79652648e-06,2.28830731e-05
0.388,-1.24394671e-05,-0.000181795273,0.000121064827,4.33119089e-05,-1.3386492e-05,2.48377865e-05,-9.5800044e-06,2.25899603e-05
0.389,-1.23794693e-05,-0.000180224826,0.000119773207,4.28796675e-05,-1.33187462e-05,2.52104207e-05,-9.36618419e-06,2.23018722e-05
0.39,-1.2318901e-05,-0.000178670398,0.000118502661,4.24533492e-05,-1.32507952e-05,2.55764595e-05,-9.15501882e-06,2.20187218e-05
0.391,-1.22577625e-05,-0.00017713175,0.000117252807,4.20328676e-05,-1.31826373e-05,2.59360399e-05,-8.94645729e-06,2.17404226e-05
0.392,-1.21960507e-05,-0.00017560865,0.000116023282,4.16181371e-05,-1.31142718e-05,2.62892918e-05,-8.74044289e-06,2.14668905e-05
0.393,-1.21337602e-05,-0.000174100875,0.000114813738,4.1209073e-05,-1.30456975e-05,2.66363386e-05,-8.53691731e-06,2.11980442e-05
0.394,-1.20708844e-05,-0.000172608204,0.000113623833,4.08055899e-05,-1.29769115e-05,2.69772975e-05,-8.33582065e-06,2.0933805e-05
0.395,-1.20074164e-05,-0.000171130422,0.000112453234,4.04076026e-05,-1.29079108e-05,2.73122822e-05,-8.13709509e-06,2.06740952e-05
0.396,-1.19433512e-05,-0.000169667318,0.000111301613,4.00150285e-05,-1.28386937e-05,2.76414073e-05,-7.9406887e-06,2.04188366e-05
0.397,-1.18786869e-05,-0.000168218685,0.000110168646,3.96277872e-05,-1.27692601e-05,2.79647856e-05,-7.74654956e-06,2.01679529e-05
0.398,-1.1813425e-05,-0.000166784318,0.00010905401,3.92458012e-05,-1.26996099e-05,2.82825284e-05,-7.55462654e-06,1.99213698e-05
0.399,-1.17475709e-05,-0.000165364018,0.000107957389,3.88689965e-05,-1.2629742e-05,2.85947458e-05,-7.36487004e-06,1.96790148e-05
0.4,-1.16811357e-05,-0.000163957587,0.000106878462,3.84973014e-05,-1.25596543e-05,2.89015485e-05,-7.1772331e-06,1.94408175e-05
0.401,-1.16141363e-05,-0.000162564823,0.0001058169,3.81306439e-05,-1.24893493e-05,2.92030533e-05,-6.99167202e-06,1.92067061e-05
0.402,-1.15465936e-05,-0.000161185508,0.000104772349,3.77689432e-05,-1.24188388e-05,2.94993888e-05,-6.80814936e-06,1.89765996e-05
0.403,-1.14785315e-05,-0.000159819423,0.00010374445,3.7412116e-05,-1.23481364e-05,2.97906861e-05,-6.62662893e-06,1.87504168e-05
0.404,-1.14099744e-05,-0.000158466353,0.000102732848,3.70600792e-05,-1.22772522e-05,3.00770735e-05,-6.4470744e-06,1.85280794e-05
0.405,-1.13409449e-05,-0.000157126086,0.000101737199,3.67127506e-05,-1.22061942e-05,3.03586755e-05,-6.26944857e-06,1.83095114e-05
0.406,-1.12714625e-05,-0.000155798419,0.00010075717,3.6370049e-05,-1.21349691e-05,3.06356135e-05,-6.09371421e-06,1.80946384e-05
0.407,-1.12015442e-05,-0.000154483154,9.97924352e-05,3.6031894e-05,-1.20635812e-05,3.09080057e-05,-5.91983561e-06,1.78833868e-05
0.408,-1.11312069e-05,-0.000153180095,9.88426787e-05,3.56982059e-05,-1.19920331e-05,3.11759633e-05,-5.74777274e-06,1.76756875e-05
0.409,-1.10604672e-05,-0.00015188905,9.79075902e-05,3.53689069e-05,-1.19203274e-05,3.1439596e-05,-5.57748837e-06,1.7471473e-05
0.41,-1.09893409e-05,-0.000150609831,9.69868709e-05,3.50439229e-05,-1.18484678e-05,3.1699014e-05,-5.40895233e-06,1.72706756e-05
0.411,-1.09178431e-05,-0.000149342263,9.60802473e-05,3.47231848e-05,-1.17764577e-05,3.19543216e-05,-5.24213485e-06,1.70732311e-05
0.412,-1.08459881e-05,-0.000148086191,9.51874873e-05,3.44066331e-05,-1.17042994e-05,3.22056064e-05,-5.07699058e-06,1.68790855e-05
0.413,-1.07737874e-05,-0.000146841471,9.43083791e-05,3.40942131e-05,-1.16319951e-05,3.24529499e-05,-4.91347255e-06,1.66881875e-05
0.414,-1.07012476e-05,-0.000145607964,9.34427166e-05,3.37858733e-05,-1.15595441e-05,3.26964334e-05,-4.75154456e-06,1.65004872e-05
0.415,-1.06283706e-05,-0.00014438553,9.2590295e-05,3.34815621e-05,-1.14869437e-05,3.29361361e-05,-4.591175e-06,1.63159359e-05
0.416,-1.05551549e-05,-0.000143174035,9.17509134e-05,3.31812273e-05,-1.14141921e-05,3.31721333e-05,-4.43232894e-06,1.61344855e-05
0.417,-1.04815964e-05,-0.000141973344,9.09243766e-05,3.28848165e-05,-1.13412883e-05,3.34044973e-05,-4.27496878e-06,1.59560884e-05
0.418,-1.04076896e-05,-0.000140783331,9.01104944e-05,3.25922773e-05,-1.12682296e-05,3.36332962e-05,-4.1190557e-06,1.57806989e-05
0.419,-1.03334297e-05,-0.000139603868,8.93090801e-05,3.23035567e-05,-1.11950116e-05,3.38585945e-05,-3.96454848e-06,1.5608273e-05
0.42,-1.02588146e-05,-0.000138434832,8.85199488e-05,3.20186025e-05,-1.11216318e-05,3.40804576e-05,-3.81140595e-06,1.54387659e-05
0.421,-1.01838473e-05,-0.000137276096,8.77429078e-05,3.17373613e-05,-1.10480909e-05,3.4298956e-05,-3.65958953e-06,1.5272131e-05
0.422,-1.01085355e-05,-0.000136127525,8.69777437e-05,3.1459777e-05,-1.09743922e-05,3.45141705e-05,-3.50907077e-06,1.51083174e-05
0.423,-1.00328922e-05,-0.000134988976,8.62242342e-05,3.11857935e-05,-1.09005396e-05,3.47261862e-05,-3.35982448e-06,1.49472742e-05
0.424,-9.95693371e-06,-0.00013386031,8.5482157e-05,3.09153564e-05,-1.08265371e-05,3.493509e-05,-3.21182717e-06,1.47889513e-05
0.425,-9.88067866e-06,-0.000132741391,8.47512959e-05,3.06484144e-05,-1.07523891e-05,3.51409704e-05,-3.06505781e-06,1.46332988e-05
0.426,-9.80414658e-06,-0.000131632085,8.40314399e-05,3.03849161e-05,-1.0678101e-05,3.53439119e-05,-2.91948861e-06,1.44802693e-05
0.427,-9.72735588e-06,-0.00013053226,8.33223847e-05,3.012481e-05,-1.06036782e-05,3.55439957e-05,-2.77508962e-06,1.43298169e-05
0.428,-9.65032255e-06,-0.00012944179,8.2623933e-05,2.98680458e-05,-1.05291248e-05,3.57413012e-05,-2.63183341e-06,1.41818963e-05
0.429,-9.57305986e-06,-0.000128360552,8.19358925e-05,2.96145728e-05,-1.04544442e-05,3.59359057e-05,-2.48969336e-06,1.40364636e-05
0.43,-9.49557842e-06,-0.000127288427,8.12580766e-05,2.93643408e-05,-1.03796394e-05,3.6127884e-05,-2.34864295e-06,1.3893475e-05
0.431,-9.41788678e-06,-0.0001262253,8.05903041e-05,2.91173003e-05,-1.03047122e-05,3.63173079e-05,-2.20865604e-06,1.37528882e-05
0.432,-9.33999357e-06,-0.000125171058,7.9932397e-05,2.88734024e-05,-1.02296625e-05,3.65042443e-05,-2.06970343e-06,1.36146634e-05
0.433,-9.26190843e-06,-0.00012412559,7.9284181e-05,2.86326e-05,-1.01544901e-05,3.6688759e-05,-1.93175683e-06,1.34787617e-05
0.434,-9.18364275e-06,-0.000123088785,7.86454854e-05,2.8394848e-05,-1.00791957e-05,3.68709192e-05,-1.79478989e-06,1.33451442e-05
0.435,-9.10521028e-06,-0.000122060537,7.80161418e-05,2.81601023e-05,-1.00037811e-05,3.70507923e-05,-1.65877705e-06,1.32137723e-05
0.436,-9.02662709e-06,-0.000121040734,7.7395983e-05,2.79283199e-05,-9.92824908e-06,3.72284459e-05,-1.52369186e-06,1.30846086e-05
0.437,-8.94791017e-06,-0.000120029269,7.67848424e-05,2.76994583e-05,-9.85260372e-06,3.74039484e-05,-1.38950926e-06,1.29576159e-05
0.438,-8.86907484e-06,-0.000119026035,7.61825574e-05,2.74734769e-05,-9.77684878e-06,3.75773721e-05,-1.25621235e-06,1.28327557e-05
0.439,-8.79013444e-06,-0.000118030925,7.5588967e-05,2.7250334e-05,-9.70098787e-06,3.77487868e-05,-1.12378324e-06,1.2709991e-05
0.44,-8.71109958e-06,-0.000117043835,7.50039153e-05,2.70299879e-05,-9.62502439e-06,3.7918258e-05,-9.92202438e-07,1.2589286e-05
0.441,-8.63197768e-06,-0.00011606467,7.44272576e-05,2.68123982e-05,-9.54896072e-06,3.80858459e-05,-8.6144816e-07,1.24706065e-05
0.442,-8.55277347e-06,-0.000115093341,7.38588651e-05,2.65975271e-05,-9.47279721e-06,3.82516009e-05,-7.31492317e-07,1.23539225e-05
0.443,-8.47348982e-06,-0.000114129766,7.32986175e-05,2.63853384e-05,-9.39653274e-06,3.84155685e-05,-6.02305993e-07,1.22392058e-05
0.444,-8.39412954e-06,-0.000113173865,7.27463976e-05,2.61757967e-05,-9.32016621e-06,3.85777928e-05,-4.7386185e-07,1.21264287e-05
0.445,-8.31469672e-06,-0.000112225557,7.22020896e-05,2.59688676e-05,-9.24369756e-06,3.87383182e-05,-3.46134217e-07,1.20155638e-05
0.446,-8.2351972e-06,-0.000111284765,7.16655782e-05,2.57645178e-05,-9.1671278e-06,3.88971901e-05,-2.19099277e-07,1.19065836e-05
0.447,-8.15563851e-06,-0.000110351408,7.11367498e-05,2.55627148e-05,-9.09045855e-06,3.90544559e-05,-9.27363115e-08,1.17994609e-05
0.448,-8.0760294e-06,-0.000109425412,7.06154953e-05,2.53634286e-05,-9.01369184e-06,3.92101647e-05,3.2972826e-08,1.16941678e-05
0.449,-7.99637994e-06,-0.0001085067,7.01017061e-05,2.51666282e-05,-8.93682993e-06,3.93643613e-05,1.58054096e-07,1.15906788e-05
0.45,-7.91670024e-06,-0.000107595198,6.95952752e-05,2.49722833e-05,-8.85987448e-06,3.95170887e-05,2.8253652e-07,1.14889695e-05
0.451,-7.83699992e-06,-0.000106690829,6.90960899e-05,2.47803623e-05,-8.78282712e-06,3.96683929e-05,4.06445698e-07,1.13890144e-05
0.452,-7.75728796e-06,-0.000105793509,6.86040237e-05,2.45908306e-05,-8.70569021e-06,3.98183272e-05,5.29798493e-07,1.12907841e-05
0.453,-7.67757364e-06,-0.000104903152,6.81189435e-05,2.44036519e-05,-8.62846562e-06,3.99669464e-05,6.52610325e-07,1.11942492e-05
0.454,-7.59786746e-06,-0.000104019672,6.7640717e-05,2.421879e-05,-8.5511551e-06,4.01143042e-05,7.74898493e-07,1.1099381e-05
0.455,-7.51818175e-06,-0.000103142984,6.71692155e-05,2.40362093e-05,-8.47376136e-06,4.02604538e-05,8.96681295e-07,1.10061506e-05
0.456,-7.43853098e-06,-0.000102273006,6.67043129e-05,2.38558754e-05,-8.39628714e-06,4.04054487e-05,1.01797648e-06,1.09145295e-05
0.457,-7.35893127e-06,-0.000101409655,6.62458852e-05,2.36777544e-05,-8.3187348e-06,4.05493423e-05,1.13880077e-06,1.08244901e-05
0.458,-7.27940011e-06,-0.000100552847,6.57938093e-05,2.35018134e-05,-8.24110744e-06,4.06921871e-05,1.25917164e-06,1.07360053e-05
0.459,-7.19995533e-06,-9.97024977e-05,6.53479622e-05,2.33280191e-05,-8.16340921e-06,4.08340351e-05,1.37910704e-06,1.06490491e-05
0.46,-7.12061259e-06,-9.88585256e-05,6.49082254e-05,2.31563403e-05,-8.0856437e-06,4.09749412e-05,1.49861641e-06,1.05635941e-05
0.461,-7.04138475e-06,-9.80208543e-05,6.44744886e-05,2.29867473e-05,-8.00781346e-06,4.11149567e-05,1.61770843e-06,1.04796148e-05
0.462,-6.96228259e-06,-9.71894159e-05,6.40466558e-05,2.28192127e-05,-7.92992034e-06,4.12541226e-05,1.73640163e-06,1.039709e-05
0.463,-6.88331453e-06,-9.63641483e-05,6.36246412e-05,2.26537104e-05,-7.85196665e-06,4.13924747e-05,1.85471763e-06,1.03159999e-05
0.464,-6.80448631e-06,-9.55449934e-05,6.32083645e-05,2.24902153e-05,-7.7739553e-06,4.15300467e-05,1.97267734e-06,1.02363241e-05
0.465,-6.72580165e-06,-9.47318942e-05,6.27977459e-05,2.23287026e-05,-7.69588768e-06,4.1666869e-05,2.09030178e-06,1.0158044e-05
0.466,-6.64726343e-06,-9.39247931e-05,6.23927042e-05,2.21691475e-05,-7.61776334e-06,4.18029682e-05,2.20761359e-06,1.00811431e-05
0.467,-6.5688746e-06,-9.31236336e-05,6.19931598e-05,2.20115266e-05,-7.5395824e-06,4.19383715e-05,2.32463407e-06,1.00056047e-05
0.468,-6.49063896e-06,-9.23283598e-05,6.15990347e-05,2.18558172e-05,-7.46134622e-06,4.20731078e-05,2.44138318e-06,9.93141115e-06
0.469,-6.41256155e-06,-9.15389159e-05,6.12102521e-05,2.17019971e-05,-7.38305598e-06,4.22072078e-05,2.55787762e-06,9.85854522e-06
0.47,-6.3346491e-06,-9.07552469e-05,6.08267386e-05,2.15500452e-05,-7.30471333e-06,4.23407031e-05,2.67413314e-06,9.78698921e-06
0.471,-6.25691e-06,-8.99772954e-05,6.0448419e-05,2.13999388e-05,-7.22632186e-06,4.24736225e-05,2.7901724e-06,9.71672629e-06
0.472,-6.17935249e-06,-8.92050028e-05,6.00752172e-05,2.12516546e-05,-7.14788536e-06,4.2605996e-05,2.90601574e-06,9.64773855e-06
0.473,-6.10198353e-06,-8.84383113e-05,5.97070561e-05,2.11051695e-05,-7.069406e-06,4.27378533e-05,3.02168089e-06,9.58000836e-06
0.474,-6.02480901e-06,-8.76771634e-05,5.9343858e-05,2.09604603e-05,-6.99088348e-06,4.28692216e-05,3.13718489e-06,9.5135196e-06
0.475,-5.94783517e-06,-8.69215016e-05,5.89855444e-05,2.08175035e-05,-6.91231664e-06,4.30001258e-05,3.25254571e-06,9.44825752e-06
0.476,-5.87107013e-06,-8.61712706e-05,5.86320422e-05,2.06762757e-05,-6.83370709e-06,4.31305929e-05,3.36777966e-06,9.38420509e-06
0.477,-5.79452481e-06,-8.54264164e-05,5.82832815e-05,2.05367541e-05,-6.75505859e-06,4.32606517e-05,3.48290197e-06,9.32134397e-06
0.478,-5.71821259e-06,-8.46868841e-05,5.79391928e-05,2.03989157e-05,-6.67637419e-06,4.33903307e-05,3.59792761e-06,9.25965717e-06
0.479,-5.64214849e-06,-8.39526193e-05,5.75997079e-05,2.02627381e-05,-6.59765777e-06,4.35196576e-05,3.71287336e-06,9.19912785e-06
0.48,-5.56634782e-06,-8.32235668e-05,5.72647569e-05,2.01281994e-05,-6.51891509e-06,4.36486605e-05,3.82775955e-06,9.1397388e-06
0.481,-5.49082351e-06,-8.24996697e-05,5.69342642e-05,1.99952782e-05,-6.44014941e-06,4.37773691e-05,3.94260142e-06,9.08147363e-06
0.482,-5.41558503e-06,-8.1780868e-05,5.66081452e-05,1.98639528e-05,-6.3613607e-06,4.39058166e-05,4.05740508e-06,9.02431591e-06
0.483,-5.34064036e-06,-8.10670997e-05,5.62863118e-05,1.97342008e-05,-6.2825503e-06,4.40340353e-05,4.1721788e-06,8.96824884e-06
0.484,-5.26599739e-06,-8.03583035e-05,5.59686784e-05,1.96059995e-05,-6.20372212e-06,4.41620568e-05,4.28693446e-06,8.9132548e-06
0.485,-5.1916637e-06,-7.96544202e-05,5.5655164e-05,1.94793272e-05,-6.1248805e-06,4.42899115e-05,4.40168394e-06,8.85931571e-06
0.486,-5.11764628e-06,-7.89553912e-05,5.53456888e-05,1.93541623e-05,-6.04602835e-06,4.44176265e-05,4.51644029e-06,8.80641473e-06
0.487,-5.0439519e-06,-7.82611568e-05,5.50401705e-05,1.92304835e-05,-5.96716772e-06,4.45452237e-05,4.6312207e-06,8.75453785e-06
0.488,-4.97058713e-06,-7.75716587e-05,5.47385276e-05,1.91082714e-05,-5.88830162e-06,4.46727252e-05,4.74603981e-06,8.70367075e-06
0.489,-4.89755856e-06,-7.688684e-05,5.4440679e-05,1.8987508e-05,-5.80943407e-06,4.48001545e-05,4.86090778e-06,8.65379911e-06
0.49,-4.82487247e-06,-7.62066458e-05,5.41465465e-05,1.8868177e-05,-5.73056874e-06,4.49275358e-05,4.97582857e-06,8.60490985e-06
0.491,-4.75253524e-06,-7.55310288e-05,5.38560646e-05,1.87502638e-05,-5.65171187e-06,4.50548913e-05,5.09080944e-06,8.55699038e-06
0.492,-4.68055403e-06,-7.48599502e-05,5.35691908e-05,1.86337545e-05,-5.57287196e-06,4.51822332e-05,5.20587465e-06,8.51003027e-06
0.493,-4.6089331e-06,-7.41933769e-05,5.32858993e-05,1.85186331e-05,-5.49405266e-06,4.53095685e-05,5.32105255e-06,8.46402027e-06
0.494,-4.53767011e-06,-7.35312769e-05,5.30061715e-05,1.84048803e-05,-5.41524987e-06,4.54369003e-05,5.43637092e-06,8.41895239e-06
0.495,-4.46675782e-06,-7.28736162e-05,5.27299914e-05,1.8292473e-05,-5.33645259e-06,4.55642272e-05,5.55185969e-06,8.37481955e-06
0.496,-4.39618965e-06,-7.22203569e-05,5.24573435e-05,1.81813845e-05,-5.25764498e-06,4.56915453e-05,5.66754859e-06,8.33161506e-06
0.497,-4.32596238e-06,-7.15714632e-05,5.2188212e-05,1.80715919e-05,-5.17881398e-06,4.58188569e-05,5.78345905e-06,8.2893297e-06
0.498,-4.25607952e-06,-7.09269011e-05,5.19225706e-05,1.79630792e-05,-5.09995564e-06,4.59461677e-05,5.89960911e-06,8.24795458e-06
0.499,-4.18655581e-06,-7.0286637e-05,5.16603822e-05,1.78558373e-05,-5.0210758e-06,4.60734874e-05,6.01601393e-06,8.20748178e-06
0.5,-4.11741575e-06,-6.96506383e-05,5.14015988e-05,1.7749865e-05,-4.9421928e-06,4.62008296e-05,6.13268875e-06,8.16790247e-06
0.501,-4.04868475e-06,-6.90188715e-05,5.11461541e-05,1.76451667e-05,-4.86333298e-06,4.63282134e-05,6.24964419e-06,8.12920744e-06
0.502,-3.98038322e-06,-6.83912929e-05,5.08939616e-05,1.75417439e-05,-4.78451676e-06,4.64556622e-05,6.36687689e-06,8.09138835e-06
0.503,-3.91252662e-06,-6.77678498e-05,5.06449329e-05,1.74395908e-05,-4.70575549e-06,4.65831969e-05,6.48438328e-06,8.05443651e-06
0.504,-3.8451238e-06,-6.71484859e-05,5.03989901e-05,1.73386944e-05,-4.627056e-06,4.67108345e-05,6.60216934e-06,8.01834079e-06
0.505,-3.77817707e-06,-6.65331442e-05,5.01560691e-05,1.72390354e-05,-4.54841882e-06,4.68385883e-05,6.72024643e-06,7.9830887e-06
0.506,-3.71168505e-06,-6.59217666e-05,4.99161187e-05,1.71405892e-05,-4.46983803e-06,4.69664675e-05,6.83862964e-06,7.94866733e-06
0.507,-3.64564411e-06,-6.53142944e-05,4.96790899e-05,1.70433285e-05,-4.39130778e-06,4.70944752e-05,6.95734311e-06,7.91506483e-06
0.508,-3.58004822e-06,-6.47106748e-05,4.94449339e-05,1.69472301e-05,-4.31282614e-06,4.72226141e-05,7.07641129e-06,7.88226931e-06
0.509,-3.51489051e-06,-6.41108592e-05,4.92135977e-05,1.68522745e-05,-4.23439175e-06,4.73508863e-05,7.19585273e-06,7.85027025e-06
0.51,-3.45016496e-06,-6.35148009e-05,4.89850238e-05,1.6758445e-05,-4.15600103e-06,4.74792932e-05,7.31567804e-06,7.81906013e-06
0.511,-3.38587101e-06,-6.29224575e-05,4.87591594e-05,1.66657277e-05,-4.07765371e-06,4.76078354e-05,7.43589795e-06,7.78863134e-06
0.512,-3.32201738e-06,-6.23337917e-05,4.85359658e-05,1.65741109e-05,-3.99935665e-06,4.77365134e-05,7.55653083e-06,7.75897327e-06
0.513,-3.25861858e-06,-6.17487661e-05,4.8315412e-05,1.64835831e-05,-3.92111625e-06,4.78653283e-05,7.67759424e-06,7.73007567e-06
0.514,-3.19569059e-06,-6.11673409e-05,4.80974667e-05,1.6394132e-05,-3.8429361e-06,4.79942819e-05,7.7991022e-06,7.70192999e-06
0.515,-3.13324883e-06,-6.0589474e-05,4.78820967e-05,1.6305745e-05,-3.76482153e-06,4.81233767e-05,7.92107111e-06,7.67452738e-06
0.516,-3.07130514e-06,-6.0015122e-05,4.76692651e-05,1.62184097e-05,-3.68677688e-06,4.82526165e-05,8.04351466e-06,7.64785966e-06
0.517,-3.0098654e-06,-5.94442427e-05,4.74589332e-05,1.61321146e-05,-3.60880219e-06,4.83820058e-05,8.16643813e-06,7.62192012e-06
0.518,-2.94893312e-06,-5.88767942e-05,4.72510613e-05,1.60468474e-05,-3.53089769e-06,4.85115458e-05,8.28984975e-06,7.59670244e-06
0.519,-2.88851151e-06,-5.83127374e-05,4.70456144e-05,1.59625958e-05,-3.45306792e-06,4.86412346e-05,8.41376506e-06,7.57219856e-06
0.52,-2.82860263e-06,-5.7752037e-05,4.68425622e-05,1.58793484e-05,-3.37531913e-06,4.87710674e-05,8.53820399e-06,7.54839924e-06
0.521,-2.76920493e-06,-5.71946576e-05,4.66418706e-05,1.57970943e-05,-3.29765345e-06,4.89010334e-05,8.66318721e-06,7.52529833e-06
0.522,-2.71031237e-06,-5.66405627e-05,4.64434987e-05,1.57158228e-05,-3.22006954e-06,4.90311182e-05,8.78873543e-06,7.50289396e-06
0.523,-2.65191851e-06,-5.60897158e-05,4.62474059e-05,1.56355253e-05,-3.14256888e-06,4.91613085e-05,8.91486987e-06,7.48118361e-06
0.524,-2.59401866e-06,-5.55420799e-05,4.60535529e-05,1.55561942e-05,-3.06515529e-06,4.92915943e-05,9.04160929e-06,7.4601642e-06
0.525,-2.53661111e-06,-5.4997618e-05,4.58619041e-05,1.54778225e-05,-2.98783345e-06,4.94219686e-05,9.16896852e-06,7.43983269e-06
0.526,-2.47969894e-06,-5.44562928e-05,4.56724292e-05,1.5400403e-05,-2.91061221e-06,4.95524239e-05,9.29696883e-06,7.42018409e-06
0.527,-2.42328759e-06,-5.39180675e-05,4.54851021e-05,1.53239275e-05,-2.83350168e-06,4.96829503e-05,9.42563671e-06,7.40121226e-06
0.528,-2.36737903e-06,-5.33829071e-05,4.5299897e-05,1.52483875e-05,-2.75650623e-06,4.9813534e-05,9.55499592e-06,7.38291253e-06
0.529,-2.31196988e-06,-5.2850776e-05,4.5116783e-05,1.51737729e-05,-2.6796222e-06,4.99441564e-05,9.68506558e-06,7.36528352e-06
0.53,-2.25705716e-06,-5.23216375e-05,4.49357283e-05,1.51000716e-05,-2.60284331e-06,5.00747961e-05,9.81586409e-06,7.34832413e-06
0.531,-2.20264479e-06,-5.17954572e-05,4.47567107e-05,1.50272729e-05,-2.52616834e-06,5.02054356e-05,9.94740954e-06,7.33202734e-06
0.532,-2.1487434e-06,-5.12721994e-05,4.4579711e-05,1.49553654e-05,-2.44959931e-06,5.03360622e-05,1.00797166e-05,7.31638309e-06
0.533,-2.09536779e-06,-5.07518248e-05,4.44047085e-05,1.48843371e-05,-2.37313931e-06,5.0466665e-05,1.02127976e-05,7.30138171e-06
0.534,-2.04253476e-06,-5.02342923e-05,4.42316809e-05,1.48141779e-05,-2.29679696e-06,5.05972346e-05,1.03466699e-05,7.2870119e-06
0.535,-1.99025484e-06,-4.9719559e-05,4.40605977e-05,1.47448786e-05,-2.22057994e-06,5.07277605e-05,1.0481349e-05,7.27326474e-06
0.536,-1.93852705e-06,-4.920758e-05,4.38914169e-05,1.467643e-05,-2.14448745e-06,5.08582292e-05,1.06168408e-05,7.2601377e-06
0.537,-1.88734557e-06,-4.869831e-05,4.37240931e-05,1.46088235e-05,-2.0685187e-06,5.09886225e-05,1.07531546e-05,7.24762907e-06
0.538,-1.83670621e-06,-4.81917063e-05,4.35585877e-05,1.45420513e-05,-1.9926782e-06,5.11189194e-05,1.08903088e-05,7.23573387e-06
0.539,-1.78660599e-06,-4.76877292e-05,4.33948686e-05,1.44761064e-05,-1.91697131e-06,5.12490952e-05,1.10283255e-05,7.22444609e-06
0.54,-1.73704085e-06,-4.71863376e-05,4.32329014e-05,1.44109815e-05,-1.84140201e-06,5.13791208e-05,1.11672293e-05,7.21376173e-06
0.541,-1.68800469e-06,-4.66874881e-05,4.30726471e-05,1.43466687e-05,-1.765974e-06,5.15089647e-05,1.13070466e-05,7.20367862e-06
0.542,-1.63948963e-06,-4.61911369e-05,4.29140644e-05,1.42831616e-05,-1.69069159e-06,5.16385968e-05,1.1447801e-05,7.19419452e-06
0.543,-1.59148622e-06,-4.56972381e-05,4.27571092e-05,1.4220453e-05,-1.61555584e-06,5.17679886e-05,1.15895076e-05,7.18530945e-06
0.544,-1.5439892e-06,-4.52057462e-05,4.26017425e-05,1.41585356e-05,-1.54056797e-06,5.18971142e-05,1.17321786e-05,7.17702262e-06
0.545,-1.49700434e-06,-4.4716618e-05,4.24479381e-05,1.40974023e-05,-1.46573686e-06,5.20259492e-05,1.18758352e-05,7.16932677e-06
0.546,-1.45054285e-06,-4.42298128e-05,4.2295678e-05,1.40370458e-05,-1.39107156e-06,5.21544686e-05,1.20205002e-05,7.16221231e-06
0.547,-1.40461241e-06,-4.37452904e-05,4.21449419e-05,1.3977457e-05,-1.31657368e-06,5.22826436e-05,1.21661906e-05,7.15567242e-06
0.548,-1.35921605e-06,-4.32630102e-05,4.19957045e-05,1.39186258e-05,-1.24224055e-06,5.24104425e-05,1.23129216e-05,7.14970191e-06
0.549,-1.31435468e-06,-4.27829325e-05,4.18479396e-05,1.3860542e-05,-1.16806826e-06,5.25378322e-05,1.24607061e-05,7.14429556e-06
0.55,-1.27002966e-06,-4.23050206e-05,4.17016264e-05,1.3803197e-05,-1.09405303e-06,5.2664781e-05,1.2609554e-05,7.13944733e-06
0.551,-1.22624595e-06,-4.18292386e-05,4.15567496e-05,1.37465828e-05,-1.02019371e-06,5.27912576e-05,1.27594784e-05,7.13515126e-06
0.552,-1.1830145e-06,-4.13555521e-05,4.14133024e-05,1.3690694e-05,-9.46496483e-07,5.2917229e-05,1.29105045e-05,7.13140001e-06
0.553,-1.14034493e-06,-4.08839271e-05,4.12712785e-05,1.36355279e-05,-8.7297155e-07,5.30426609e-05,1.30626642e-05,7.12818671e-06
0.554,-1.09823454e-06,-4.04143263e-05,4.11306592e-05,1.35810807e-05,-7.99622326e-07,5.31675158e-05,1.32159819e-05,7.12551177e-06
0.555,-1.05667102e-06,-3.99467098e-05,4.0991416e-05,1.35273485e-05,-7.26448647e-07,5.32917511e-05,1.33704803e-05,7.12338002e-06
0.556,-1.01564181e-06,-3.94810386e-05,4.08535227e-05,1.34743287e-05,-6.53454289e-07,5.3415321e-05,1.35261905e-05,7.12179427e-06
0.557,-9.7513695e-07,-3.9017275e-05,4.07169585e-05,1.34220191e-05,-5.8064409e-07,5.35381755e-05,1.36831476e-05,7.12075612e-06
0.558,-9.35149789e-07,-3.85553817e-05,4.05817071e-05,1.33704177e-05,-5.08023091e-07,5.3660261e-05,1.38413904e-05,7.12026644e-06
0.559,-8.95676479e-07,-3.80953204e-05,4.04477524e-05,1.33195224e-05,-4.35598607e-07,5.37815215e-05,1.4000962e-05,7.12032479e-06
0.56,-8.56711139e-07,-3.76370505e-05,4.03150725e-05,1.32693311e-05,-3.63377194e-07,5.39019e-05,1.41619021e-05,7.12093118e-06
0.561,-8.18241858e-07,-3.71805271e-05,4.01836338e-05,1.32198387e-05,-2.91358838e-07,5.40213407e-05,1.43242351e-05,7.12208892e-06
0.562,-7.80258253e-07,-3.6725704e-05,4.00534004e-05,1.31710376e-05,-2.19541011e-07,5.41397923e-05,1.44879715e-05,7.12379912e-06
0.563,-7.42764484e-07,-3.62725382e-05,3.99243497e-05,1.31229218e-05,-1.47929003e-07,5.42572072e-05,1.46531268e-05,7.12605327e-06
0.564,-7.05775829e-07,-3.58209903e-05,3.97964719e-05,1.30754854e-05,-7.65299007e-08,5.43735371e-05,1.48197181e-05,7.1288377e-06
0.565,-6.69308146e-07,-3.53710224e-05,3.96697592e-05,1.30287214e-05,-5.34574697e-09,5.44887305e-05,1.49877586e-05,7.13213947e-06
0.566,-6.33373681e-07,-3.49225966e-05,3.95442e-05,1.29826233e-05,6.56218121e-08,5.46027319e-05,1.51572629e-05,7.13594559e-06
0.567,-5.97974558e-07,-3.44756723e-05,3.94197711e-05,1.29371844e-05,1.36374408e-07,5.4715481e-05,1.53282427e-05,7.14024727e-06
0.568,-5.63102005e-07,-3.40302055e-05,3.92964377e-05,1.2892396e-05,2.06918364e-07,5.48269138e-05,1.55007036e-05,7.14504183e-06
0.569,-5.28748244e-07,-3.35861526e-05,3.91741672e-05,1.28482518e-05,2.77254917e-07,5.49369644e-05,1.56746568e-05,7.15032575e-06
0.57,-4.94913463e-07,-3.3143472e-05,3.90529373e-05,1.28047491e-05,3.47375626e-07,5.50455664e-05,1.58501258e-05,7.15609116e-06
0.571,-4.61598155e-07,-3.27021228e-05,3.89327289e-05,1.27618872e-05,4.17269374e-07,5.515265e-05,1.60271405e-05,7.16233137e-06
0.572,-4.28794242e-07,-3.22620619e-05,3.88135173e-05,1.27196645e-05,4.86929507e-07,5.52581386e-05,1.62057313e-05,7.16904667e-06
0.573,-3.96487034e-07,-3.1823244e-05,3.86952724e-05,1.26780799e-05,5.56350622e-07,5.53619503e-05,1.63859321e-05,7.17624057e-06
0.574,-3.64659307e-07,-3.1385623e-05,3.85779632e-05,1.2637132e-05,6.2552783e-07,5.54639995e-05,1.65677787e-05,7.18391727e-06
0.575,-3.33295514e-07,-3.09491542e-05,3.8461563e-05,1.25968177e-05,6.94458888e-07,5.55641983e-05,1.67513062e-05,7.19208105e-06
0.576,-3.02390396e-07,-3.05137976e-05,3.83460588e-05,1.25571364e-05,7.63137914e-07,5.5662458e-05,1.69365543e-05,7.2007304e-06
0.577,-2.71946906e-07,-3.00795182e-05,3.82314476e-05,1.25180891e-05,8.31555437e-07,5.57586904e-05,1.7123566e-05,7.20985867e-06
0.578,-2.41963985e-07,-2.96462806e-05,3.81177213e-05,1.24796749e-05,8.99707112e-07,5.58528064e-05,1.73123743e-05,7.21946188e-06
0.579,-2.12433792e-07,-2.92140486e-05,3.80048636e-05,1.24418896e-05,9.67595251e-07,5.5944716e-05,1.75030002e-05,7.22954004e-06
0.58,-1.83352225e-07,-2.87827889e-05,3.78928623e-05,1.24047297e-05,1.03522127e-06,5.6034329e-05,1.76954623e-05,7.2400903e-06
0.581,-1.5472596e-07,-2.83524747e-05,3.77817194e-05,1.23681941e-05,1.10258287e-06,5.6121555e-05,1.78897818e-05,7.25110315e-06
0.582,-1.26568244e-07,-2.79230827e-05,3.76714458e-05,1.23322815e-05,1.16967852e-06,5.62063024e-05,1.80859779e-05,7.2625658e-06
0.583,-9.88955983e-08,-2.74945913e-05,3.75620554e-05,1.22969923e-05,1.23650351e-06,5.62884753e-05,1.82840743e-05,7.27446243e-06
0.584,-7.17168225e-08,-2.7066975e-05,3.74535512e-05,1.22623277e-05,1.30305182e-06,5.63679722e-05,1.84840973e-05,7.2867795e-06
0.585,-4.50200013e-08,-2.66401998e-05,3.73459113e-05,1.22282832e-05,1.3693253e-06,5.64446832e-05,1.86860625e-05,7.29951471e-06
0.586,-1.87841274e-08,-2.6214228e-05,3.72391029e-05,1.21948543e-05,1.43532473e-06,5.65184916e-05,1.88899865e-05,7.31267004e-06
0.587,7.00483436e-09,-2.57890248e-05,3.71331003e-05,1.21620414e-05,1.50104158e-06,5.65892751e-05,1.90958988e-05,7.32624319e-06
0.588,3.23546092e-08,-2.53645595e-05,3.70278868e-05,1.21298481e-05,1.56646319e-06,5.66569057e-05,1.93038362e-05,7.34022963e-06
0.589,5.72728768e-08,-2.49407996e-05,3.69234422e-05,1.20982769e-05,1.63157646e-06,5.67212501e-05,1.95138373e-05,7.35462612e-06
0.59,8.17713617e-08,-2.45177098e-05,3.68197393e-05,1.20673293e-05,1.69636873e-06,5.67821711e-05,1.97259401e-05,7.3694309e-06
0.591,1.05869483e-07,-2.40952538e-05,3.67167437e-05,1.20370041e-05,1.76083166e-06,5.68395282e-05,1.99401744e-05,7.38464466e-06
0.592,1.29590277e-07,-2.36733975e-05,3.66144213e-05,1.20072956e-05,1.8249636e-06,5.68931797e-05,2.01565585e-05,7.4002692e-06
0.593,1.52942638e-07,-2.32521166e-05,3.65127569e-05,1.19782011e-05,1.88876005e-06,5.69429838e-05,2.03751133e-05,7.41629759e-06
0.594,1.75917126e-07,-2.28314002e-05,3.64117574e-05,1.19497239e-05,1.9522108e-06,5.69887982e-05,2.05958659e-05,7.43271232e-06
0.595,1.98502782e-07,-2.24112445e-05,3.6311434e-05,1.19218661e-05,2.01530983e-06,5.70304795e-05,2.08188338e-05,7.44949563e-06
0.596,2.20695551e-07,-2.19916475e-05,3.62117892e-05,1.18946271e-05,2.0780549e-06,5.70678826e-05,2.10440231e-05,7.46663288e-06
0.597,2.42497239e-07,-2.15726104e-05,3.61128196e-05,1.18680064e-05,2.14044357e-06,5.71008605e-05,2.12714323e-05,7.48411095e-06
0.598,2.63913066e-07,-2.11541398e-05,3.60145254e-05,1.18420033e-05,2.20247494e-06,5.71292622e-05,2.15010551e-05,7.50191721e-06
0.599,2.84943922e-07,-2.07362446e-05,3.59169117e-05,1.18166176e-05,2.26414581e-06,5.71529317e-05,2.17328897e-05,7.52003661e-06
0.6,3.05581807e-07,-2.03189367e-05,3.58199908e-05,1.1791854e-05,2.32544528e-06,5.7171707e-05,2.19669487e-05,7.53844896e-06
0.601,3.2582364e-07,-1.99022246e-05,3.57237674e-05,1.17677175e-05,2.38636091e-06,5.71854184e-05,2.22032497e-05,7.55713692e-06
0.602,3.45685392e-07,-1.94861084e-05,3.56282234e-05,1.17442057e-05,2.44688553e-06,5.71938873e-05,2.24418036e-05,7.57609477e-06
0.603,3.65191217e-07,-1.90705877e-05,3.55333301e-05,1.17213165e-05,2.50700828e-06,5.71969283e-05,2.2682622e-05,7.59532157e-06
0.604,3.84361345e-07,-1.86556691e-05,3.54390639e-05,1.1699052e-05,2.56671114e-06,5.71943509e-05,2.29257231e-05,7.61481488e-06
0.605,4.03210918e-07,-1.824137e-05,3.53454108e-05,1.1677416e-05,2.62597338e-06,5.71859591e-05,2.31711289e-05,7.63456959e-06
0.606,4.21749103e-07,-1.78277151e-05,3.52523613e-05,1.16564139e-05,2.68477248e-06,5.71715522e-05,2.34188667e-05,7.65457643e-06
0.607,4.39987069e-07,-1.74147357e-05,3.51599044e-05,1.16360498e-05,2.74309155e-06,5.71509243e-05,2.36689623e-05,7.67482406e-06
0.608,4.57948511e-07,-1.70024678e-05,3.50680217e-05,1.16163195e-05,2.80092913e-06,5.71238637e-05,2.39214265e-05,7.69530359e-06
0.609,4.75655961e-07,-1.65909557e-05,3.49766986e-05,1.15972147e-05,2.85829474e-06,5.70901564e-05,2.41762579e-05,7.71600389e-06
0.61,4.9310832e-07,-1.61802638e-05,3.48859472e-05,1.15787365e-05,2.91519201e-06,5.70495907e-05,2.44334564e-05,7.73690105e-06
0.611,5.10285948e-07,-1.57704744e-05,3.47958006e-05,1.15608924e-05,2.97161415e-06,5.70019637e-05,2.46930131e-05,7.75796254e-06
0.612,5.27164451e-07,-1.53616786e-05,3.47062939e-05,1.15436904e-05,3.02754279e-06,5.69470854e-05,2.49548986e-05,7.77915666e-06
0.613,5.43726839e-07,-1.49539678e-05,3.46174463e-05,1.15271385e-05,3.08294508e-06,5.6884776e-05,2.52190655e-05,7.80045698e-06
0.614,5.59977263e-07,-1.45474312e-05,3.45292543e-05,1.15112365e-05,3.13778693e-06,5.68148556e-05,2.5485448e-05,7.82184742e-06
0.615,5.7593156e-07,-1.41421566e-05,3.44416987e-05,1.14959784e-05,3.1920408e-06,5.67371336e-05,2.57539759e-05,7.84331728e-06
0.616,5.9159776e-07,-1.37382384e-05,3.43547616e-05,1.14813626e-05,3.24568128e-06,5.66514037e-05,2.60245988e-05,7.86484847e-06
0.617,6.06976726e-07,-1.33357805e-05,3.4268429e-05,1.14673917e-05,3.29868752e-06,5.65574441e-05,2.62972852e-05,7.88641527e-06
0.618,6.22076799e-07,-1.29348907e-05,3.41826762e-05,1.14540629e-05,3.35104577e-06,5.64550252e-05,2.65720039e-05,7.90799356e-06
0.619,6.36918872e-07,-1.25356814e-05,3.40974642e-05,1.1441369e-05,3.40274156e-06,5.63439184e-05,2.68487157e-05,7.92956382e-06
0.62,6.51530454e-07,-1.21382757e-05,3.40127476e-05,1.14293013e-05,3.45375556e-06,5.62239014e-05,2.71273703e-05,7.95111008e-06
0.621,6.65935676e-07,-1.17428122e-05,3.39284867e-05,1.14178507e-05,3.50406516e-06,5.609476e-05,2.74079057e-05,7.97261665e-06
0.622,6.80140403e-07,-1.13494489e-05,3.38446569e-05,1.14070157e-05,3.55364074e-06,5.59562889e-05,2.7690258e-05,7.99406032e-06
0.623,6.94135158e-07,-1.09583597e-05,3.37612448e-05,1.13968005e-05,3.60244895e-06,5.58082944e-05,2.79743573e-05,8.01541013e-06
0.624,7.07915764e-07,-1.05697274e-05,3.36782332e-05,1.13872014e-05,3.65046285e-06,5.56505959e-05,2.82601112e-05,8.03663613e-06
0.625,7.21487152e-07,-1.01837414e-05,3.35955976e-05,1.1378205e-05,3.6976613e-06,5.54830281e-05,2.85474033e-05,8.05771006e-06
0.626,7.34849955e-07,-9.80060764e-06,3.35133207e-05,1.13697996e-05,3.74402284e-06,5.53054372e-05,2.88361078e-05,8.07859872e-06
0.627,7.4799378e-07,-9.42055357e-06,3.3431398e-05,1.13619788e-05,3.78952521e-06,5.51176773e-05,2.9126097e-05,8.0992623e-06
0.628,7.60898136e-07,-9.04382216e-06,3.33498302e-05,1.1354742e-05,3.83414424e-06,5.4919609e-05,2.94172437e-05,8.11965657e-06
0.629,7.73541103e-07,-8.67066232e-06,3.32686064e-05,1.13480928e-05,3.87785116e-06,5.47111005e-05,2.97094194e-05,8.13973856e-06
0.63,7.85919253e-07,-8.30131549e-06,3.31876878e-05,1.13420251e-05,3.92061847e-06,5.4492029e-05,3.00024806e-05,8.15947665e-06
0.631,7.9804743e-07,-7.93601065e-06,3.31070068e-05,1.13365198e-05,3.96241898e-06,5.42622829e-05,3.029627e-05,8.17884952e-06
0.632,8.09936698e-07,-7.57497088e-06,3.3026483e-05,1.13315602e-05,4.00321684e-06,5.40217629e-05,3.05906329e-05,8.19783588e-06
0.633,8.21588297e-07,-7.218419e-06,3.29460325e-05,1.13271335e-05,4.04296991e-06,5.37703828e-05,3.08854189e-05,8.21641087e-06
0.634,8.33000631e-07,-6.86657733e-06,3.28655649e-05,1.13232255e-05,4.08163513e-06,5.35080723e-05,3.11804717e-05,8.23454901e-06
0.635,8.44174368e-07,-6.51966862e-06,3.2784979e-05,1.13198203e-05,4.11916956e-06,5.32347807e-05,3.14756228e-05,8.25222775e-06
0.636,8.55118118e-07,-6.17791819e-06,3.27041643e-05,1.13168951e-05,4.15553558e-06,5.29504789e-05,3.17706829e-05,8.26942904e-06
0.637,8.65839879e-07,-5.84156051e-06,3.26230135e-05,1.13144234e-05,4.19070173e-06,5.26551609e-05,3.20654457e-05,8.28613377e-06
0.638,8.76326235e-07,-5.51084855e-06,3.25414388e-05,1.13123922e-05,4.22463479e-06,5.23488443e-05,3.23597029e-05,8.30231151e-06
0.639,8.86546416e-07,-5.18604833e-06,3.24593679e-05,1.13107977e-05,4.25730111e-06,5.20315729e-05,3.26532401e-05,8.31792127e-06
0.64,8.96471926e-07,-4.86742294e-06,3.23767259e-05,1.13096306e-05,4.28867099e-06,5.17034207e-05,3.29458227e-05,8.33292151e-06
0.641,9.0608376e-07,-4.55522194e-06,3.22934225e-05,1.13088733e-05,4.31871573e-06,5.13644928e-05,3.32371927e-05,8.34727536e-06
0.642,9.15371801e-07,-4.24967982e-06,3.22093529e-05,1.13085018e-05,4.34740724e-06,5.10149217e-05,3.35270748e-05,8.36095092e-06
0.643,9.24325969e-07,-3.95101694e-06,3.21244023e-05,1.1308492e-05,4.37471708e-06,5.06548611e-05,3.38151867e-05,8.37391852e-06
0.644,9.32925646e-07,-3.65944057e-06,3.20384493e-05,1.13088306e-05,4.40061255e-06,5.02844819e-05,3.41012512e-05,8.38614706e-06
0.645,9.41147678e-07,-3.37513802e-06,3.19513601e-05,1.13095091e-05,4.42505841e-06,4.99039725e-05,3.4384991e-05,8.39760855e-06
0.646,9.4898309e-07,-3.09826672e-06,3.18629808e-05,1.13105083e-05,4.4480225e-06,4.9513541e-05,3.46661166e-05,8.40828469e-06
0.647,9.56433479e-07,-2.82895228e-06,3.17731397e-05,1.13118012e-05,4.46947279e-06,4.91134179e-05,3.49443273e-05,8.41816504e-06
0.648,9.63499493e-07,-2.56729435e-06,3.16816583e-05,1.13133618e-05,4.48937511e-06,4.87038563e-05,3.52193174e-05,8.42724137e-06
0.649,9.70176208e-07,-2.31337318e-06,3.15883613e-05,1.1315168e-05,4.5076958e-06,4.82851315e-05,3.54907788e-05,8.43550353e-06
0.65,9.76451545e-07,-2.06725489e-06,3.14930822e-05,1.13172052e-05,4.52440173e-06,4.78575401e-05,3.57584012e-05,8.44293919e-06
0.651,9.82314659e-07,-1.82898798e-06,3.13956596e-05,1.13194594e-05,4.53946366e-06,4.74214024e-05,3.60218642e-05,8.44953833e-06
0.652,9.87763288e-07,-1.5986009e-06,3.12959378e-05,1.13219077e-05,4.55286097e-06,4.69770629e-05,3.62808321e-05,8.4552948e-06
0.653,9.92791342e-07,-1.37611044e-06,3.11937772e-05,1.13245316e-05,4.56457794e-06,4.65248871e-05,3.65349646e-05,8.46020014e-06
0.654,9.97377842e-07,-1.16152807e-06,3.10890628e-05,1.1327329e-05,4.57459986e-06,4.60652582e-05,3.67839266e-05,8.46423802e-06
0.655,1.00149602e-06,-9.54850903e-07,3.09816966e-05,1.13303055e-05,4.58291522e-06,4.55985763e-05,3.7027384e-05,8.46738787e-06
0.656,1.00512387e-06,-7.56048098e-07,3.08715841e-05,1.13334667e-05,4.58951408e-06,4.51252581e-05,3.72649978e-05,8.46963294e-06
0.657,1.00825327e-06,-5.65049668e-07,3.0758624e-05,1.13368098e-05,4.5943878e-06,4.46457358e-05,3.74964211e-05,8.47096665e-06
0.658,1.01089086e-06,-3.81744132e-07,3.06427089e-05,1.13403216e-05,4.59753039e-06,4.41604522e-05,3.77213021e-05,8.47139285e-06
0.659,1.01304298e-06,-2.05987978e-07,3.05237339e-05,1.13439949e-05,4.59893479e-06,4.36698558e-05,3.79392973e-05,8.47092011e-06
0.66,1.01471011e-06,-3.76131469e-08,3.04016042e-05,1.13478346e-05,4.59859298e-06,4.3174398e-05,3.81500758e-05,8.46955841e-06
0.661,1.01589585e-06,1.23571611e-07,3.02762389e-05,1.1351847e-05,4.59650001e-06,4.26745338e-05,3.83533131e-05,8.46732114e-06
0.662,1.01661193e-06,2.77780057e-07,3.01475718e-05,1.1356035e-05,4.59265437e-06,4.21707244e-05,3.85486861e-05,8.46422722e-06
0.663,1.01687693e-06,4.25246473e-07,3.00155536e-05,1.13603975e-05,4.58705796e-06,4.16634395e-05,3.87358711e-05,8.46030053e-06
0.664,1.01671004e-06,5.66216186e-07,2.9880161e-05,1.13649351e-05,4.57971656e-06,4.1153155e-05,3.89145494e-05,8.45556532e-06
0.665,1.01612259e-06,7.00933478e-07,2.97414048e-05,1.13696626e-05,4.57063822e-06,4.06403499e-05,3.90844161e-05,8.45004224e-06
0.666,1.01512149e-06,8.29642242e-07,2.95993284e-05,1.13746035e-05,4.55983483e-06,4.01255061e-05,3.92451789e-05,8.44374966e-06
0.667,1.01371899e-06,9.52593096e-07,2.94540021e-05,1.13797772e-05,4.54732521e-06,3.96091089e-05,3.93965533e-05,8.43670744e-06
0.668,1.01193209e-06,1.07004308e-06,2.93055209e-05,1.13852002e-05,4.53313339e-06,3.9091645e-05,3.95382654e-05,8.4289378e-06
0.669,1.00977758e-06,1.18225184e-06,2.91540037e-05,1.13908933e-05,4.51728646e-06,3.85735976e-05,3.96700589e-05,8.42046415e-06
0.67,1.007271e-06,1.28947888e-06,2.89995934e-05,1.13968836e-05,4.49981376e-06,3.80554421e-05,3.97917001e-05,8.41131075e-06
0.671,1.00442784e-06,1.39198541e-06,2.88424518e-05,1.14032043e-05,4.48074529e-06,3.75376431e-05,3.99029794e-05,8.40150554e-06
0.672,1.00126997e-06,1.49004053e-06,2.86827536e-05,1.14098848e-05,4.46011263e-06,3.70206536e-05,4.00037089e-05,8.39108376e-06
0.673,9.97828655e-07,1.58392311e-06,2.85206854e-05,1.14169447e-05,4.43795043e-06,3.6504915e-05,4.00937226e-05,8.38008798e-06
0.674,9.94136764e-07,1.67391554e-06,2.83564464e-05,1.1424403e-05,4.41429484e-06,3.59908555e-05,4.01728808e-05,8.36856525e-06
0.675,9.90224e-07,1.76029549e-06,2.81902524e-05,1.14322838e-05,4.38918363e-06,3.54788895e-05,4.02410737e-05,8.35656407e-06
0.676,9.86118989e-07,1.84332955e-06,2.80223392e-05,1.1440613e-05,4.36265751e-06,3.49694168e-05,4.02982209e-05,8.34413325e-06
0.677,9.81851664e-07,1.92327018e-06,2.7852962e-05,1.1449416e-05,4.3347599e-06,3.44628231e-05,4.03442688e-05,8.33132365e-06
0.678,9.77454718e-07,2.00035635e-06,2.76823927e-05,1.14587125e-05,4.30553734e-06,3.39594828e-05,4.03791866e-05,8.31818857e-06
0.679,9.7295953e-07,2.07480781e-06,2.75109205e-05,1.14685225e-05,4.27503915e-06,3.34597573e-05,4.04029697e-05,8.30478122e-06
0.68,9.68389814e-07,2.14681891e-06,2.73388522e-05,1.1478876e-05,4.24331588e-06,3.29639931e-05,4.04156438e-05,8.29115191e-06
0.681,9.6376409e-07,2.21656287e-06,2.71665077e-05,1.14898073e-05,4.21042065e-06,3.24725233e-05,4.04172638e-05,8.27734729e-06
0.682,9.59101548e-07,2.28419987e-06,2.69942132e-05,1.15013449e-05,4.17641012e-06,3.19856685e-05,4.04079087e-05,8.2634125e-06
0.683,9.54423875e-07,2.34988175e-06,2.68222946e-05,1.15135091e-05,4.14134336e-06,3.15037349e-05,4.03876812e-05,8.24939368e-06
0.684,9.49754216e-07,2.41375168e-06,2.66510727e-05,1.15263141e-05,4.10528064e-06,3.10270105e-05,4.03567085e-05,8.2353393e-06
0.685,9.45113484e-07,2.47593829e-06,2.64808624e-05,1.15397761e-05,4.06828128e-06,3.05557603e-05,4.03151459e-05,8.22130023e-06
0.686,9.4051888e-07,2.53655444e-06,2.63119701e-05,1.15539155e-05,4.03040267e-06,3.00902246e-05,4.02631769e-05,8.20732974e-06
0.687,9.35987102e-07,2.59570084e-06,2.61446922e-05,1.15687503e-05,3.99170143e-06,2.96306199e-05,4.02010107e-05,8.19348283e-06
0.688,9.31535686e-07,2.65347041e-06,2.59793125e-05,1.15842917e-05,3.95223454e-06,2.91771412e-05,4.01288792e-05,8.17981456e-06
0.689,9.27180935e-07,2.70994962e-06,2.58161002e-05,1.1600545e-05,3.91205948e-06,2.87299636e-05,4.00470352e-05,8.1663788e-06
0.69,9.22936289e-07,2.76521502e-06,2.56553105e-05,1.16175127e-05,3.87123424e-06,2.82892424e-05,3.99557516e-05,8.15322643e-06
0.691,9.18811589e-07,2.81932699e-06,2.5497186e-05,1.16351986e-05,3.82981647e-06,2.78551101e-05,3.98553224e-05,8.14040518e-06
0.692,9.14813795e-07,2.87232963e-06,2.53419546e-05,1.16536075e-05,3.78786228e-06,2.74276764e-05,3.97460587e-05,8.12796192e-06
0.693,9.10948052e-07,2.92425255e-06,2.51898274e-05,1.16727436e-05,3.74542615e-06,2.70070299e-05,3.96282845e-05,8.11594274e-06
0.694,9.07216194e-07,2.97511157e-06,2.50409972e-05,1.16926133e-05,3.70256041e-06,2.6593239e-05,3.9502335e-05,8.10439245e-06
0.695,9.03615951e-07,3.02491296e-06,2.48956373e-05,1.17132252e-05,3.65931583e-06,2.61863544e-05,3.93685534e-05,8.09335285e-06
0.696,9.00142889e-07,3.07365953e-06,2.47538997e-05,1.17345856e-05,3.61574298e-06,2.57864114e-05,3.9227288e-05,8.08286155e-06
0.697,8.96792023e-07,3.12135519e-06,2.46159143e-05,1.1756695e-05,3.57189195e-06,2.5393431e-05,3.9078889e-05,8.0729533e-06
0.698,8.93558688e-07,3.16800578e-06,2.4481788e-05,1.1779548e-05,3.52781131e-06,2.50074198e-05,3.89237058e-05,8.06366156e-06
0.699,8.90438502e-07,3.21361599e-06,2.43516055e-05,1.18031368e-05,3.48354648e-06,2.46283701e-05,3.87620848e-05,8.05502023e-06
0.7,8.87426915e-07,3.25818609e-06,2.42254316e-05,1.1827454e-05,3.43913902e-06,2.42562616e-05,3.85943674e-05,8.04706304e-06
0.701,8.84520038e-07,3.30171023e-06,2.41033132e-05,1.18524921e-05,3.39462835e-06,2.38910631e-05,3.84208888e-05,8.03982093e-06
0.702,8.81712506e-07,3.34417395e-06,2.39852825e-05,1.18782462e-05,3.35005289e-06,2.3532731e-05,3.82419798e-05,8.03332085e-06
0.703,8.78993083e-07,3.38555489e-06,2.38713575e-05,1.19047166e-05,3.30545062e-06,2.31812075e-05,3.80579666e-05,8.02758698e-06
0.704,8.76341824e-07,3.42582411e-06,2.3761541e-05,1.19319126e-05,3.26085756e-06,2.28364172e-05,3.78691716e-05,8.02264383e-06
0.705,8.73732875e-07,3.46495207e-06,2.36558208e-05,1.19598495e-05,3.21630545e-06,2.24982695e-05,3.76759113e-05,8.01851758e-06
0.706,8.71145491e-07,3.50292039e-06,2.35541685e-05,1.1988535e-05,3.17182254e-06,2.21666677e-05,3.747849e-05,8.01523235e-06
0.707,8.68570746e-07,3.53973059e-06,2.34565393e-05,1.2017959e-05,3.1274334e-06,2.18415162e-05,3.72771945e-05,8.01280878e-06
0.708,8.66011937e-07,3.57540188e-06,2.3362874e-05,1.20480946e-05,3.08316113e-06,2.15227225e-05,3.7072293e-05,8.01126226e-06
0.709,8.63473588e-07,3.60995813e-06,2.32731019e-05,1.20789119e-05,3.03902739e-06,2.12101902e-05,3.68640386e-05,8.01060703e-06
0.71,8.60949492e-07,3.64341217e-06,2.31871459e-05,1.21103957e-05,2.99505187e-06,2.09038114e-05,3.66526745e-05,8.01086052e-06
0.711,8.58422154e-07,3.67576007e-06,2.31049254e-05,1.21425475e-05,2.95125472e-06,2.0603469e-05,3.64384331e-05,8.01204031e-06
0.712,8.55866951e-07,3.70698409e-06,2.30263582e-05,1.21753807e-05,2.90765596e-06,2.03090438e-05,3.62215337e-05,8.01416176e-06
0.713,8.53261584e-07,3.7370631e-06,2.29513592e-05,1.22089096e-05,2.86427586e-06,2.00204223e-05,3.60021791e-05,8.01723472e-06
0.714,8.50590436e-07,3.76598272e-06,2.28798378e-05,1.22431411e-05,2.82113351e-06,1.97374985e-05,3.5780554e-05,8.02126481e-06
0.715,8.47842574e-07,3.79373834e-06,2.28116973e-05,1.22780759e-05,2.77824475e-06,1.94601695e-05,3.55568272e-05,8.02625736e-06
0.716,8.4500939e-07,3.82033332e-06,2.27468347e-05,1.23137123e-05,2.73562292e-06,1.91883298e-05,3.53311561e-05,8.03221803e-06
0.717,8.42082008e-07,3.84577819e-06,2.2685142e-05,1.23500479e-05,2.69327977e-06,1.892187e-05,3.51036871e-05,8.03915333e-06
0.718,8.39051814e-07,3.8700895e-06,2.2626507e-05,1.23870797e-05,2.6512267e-06,1.86606775e-05,3.4874556e-05,8.04706982e-06
0.719,8.35911949e-07,3.89328938e-06,2.25708142e-05,1.24248019e-05,2.60947496e-06,1.84046381e-05,3.4643888e-05,8.05597355e-06
0.72,8.32656404e-07,3.91540172e-06,2.25179453e-05,1.24632086e-05,2.56803404e-06,1.81536356e-05,3.44117987e-05,8.06587167e-06
0.721,8.29277936e-07,3.93644725e-06,2.24677807e-05,1.25022994e-05,2.52691082e-06,1.79075506e-05,3.41783957e-05,8.07677328e-06
0.722,8.25766687e-07,3.9564408e-06,2.24202001e-05,1.25420826e-05,2.48610979e-06,1.76662613e-05,3.39437788e-05,8.08868946e-06
0.723,8.22111399e-07,3.9753938e-06,2.23750836e-05,1.2582572e-05,2.44563457e-06,1.7429647e-05,3.37080386e-05,8.10163081e-06
0.724,8.18303218e-07,3.99332089e-06,2.23323128e-05,1.26237777e-05,2.40549009e-06,1.71975917e-05,3.34712551e-05,8.11560437e-06
0.725,8.14336957e-07,4.01024299e-06,2.22917712e-05,1.26657019e-05,2.36568302e-06,1.69699862e-05,3.32334975e-05,8.13061309e-06
0.726,8.10208569e-07,4.02618177e-06,2.22533442e-05,1.27083468e-05,2.32622047e-06,1.67467257e-05,3.29948256e-05,8.14665735e-06
0.727,8.05911699e-07,4.04115328e-06,2.22169199e-05,1.27517217e-05,2.28710799e-06,1.65277066e-05,3.2755292e-05,8.16373809e-06
0.728,8.01437015e-07,4.05516788e-06,2.21823879e-05,1.27958443e-05,2.24834898e-06,1.63128251e-05,3.25149426e-05,8.18185866e-06
0.729,7.96774508e-07,4.06823481e-06,2.21496384e-05,1.2840735e-05,2.20994513e-06,1.61019776e-05,3.22738167e-05,8.2010248e-06
0.73,7.91916957e-07,4.0803676e-06,2.2118562e-05,1.28864108e-05,2.17189801e-06,1.58950616e-05,3.20319465e-05,8.22124258e-06
0.731,7.86860198e-07,4.09158592e-06,2.20890496e-05,1.29328844e-05,2.13420954e-06,1.56919771e-05,3.17893567e-05,8.24251809e-06
0.732,7.8160257e-07,4.101915e-06,2.20609922e-05,1.29801648e-05,2.09688173e-06,1.54926265e-05,3.15460648e-05,8.26485837e-06
0.733,7.76145101e-07,4.11138707e-06,2.20342816e-05,1.30282552e-05,2.05991659e-06,1.52969141e-05,3.13020807e-05,8.28827208e-06
0.734,7.70489981e-07,4.12003825e-06,2.20088102e-05,1.30771554e-05,2.02331527e-06,1.5104746e-05,3.10574085e-05,8.31277019e-06
0.735,7.64638343e-07,4.12790198e-06,2.19844732e-05,1.31268679e-05,1.98707825e-06,1.49160296e-05,3.08120475e-05,8.33836436e-06
0.736,7.58587716e-07,4.13500154e-06,2.19611692e-05,1.31774059e-05,1.95120548e-06,1.47306752e-05,3.0565993e-05,8.3650651e-06
0.737,7.52332571e-07,4.14134937e-06,2.19388016e-05,1.32287927e-05,1.9156975e-06,1.45485978e-05,3.03192358e-05,8.39287968e-06
0.738,7.45868794e-07,4.14695687e-06,2.19172765e-05,1.32810508e-05,1.88055678e-06,1.43697194e-05,3.00717613e-05,8.42181031e-06
0.739,7.39195361e-07,4.15183988e-06,2.18965019e-05,1.33341962e-05,1.8457877e-06,1.41939685e-05,2.98235493e-05,8.45185523e-06
0.74,7.32312045e-07,4.15601447e-06,2.18763863e-05,1.33882453e-05,1.81139475e-06,1.40212765e-05,2.95745749e-05,8.48301172e-06
0.741,7.25216466e-07,4.15949259e-06,2.18568389e-05,1.34432208e-05,1.7773811e-06,1.3851575e-05,2.93248103e-05,8.51527945e-06
0.742,7.17904432e-07,4.16228411e-06,2.18377692e-05,1.34991494e-05,1.74374812e-06,1.36847942e-05,2.90742243e-05,8.5486619e-06
0.743,7.10374429e-07,4.16440553e-06,2.18190855e-05,1.35560513e-05,1.7104964e-06,1.35208625e-05,2.88227829e-05,8.58316553e-06
0.744,7.02629899e-07,4.16588415e-06,2.18006942e-05,1.36139352e-05,1.67762679e-06,1.33597077e-05,2.85704493e-05,8.61879831e-06
0.745,6.94676869e-07,4.16675143e-06,2.17825007e-05,1.36728061e-05,1.6451398e-06,1.32012568e-05,2.83171836e-05,8.65556984e-06
0.746,6.86521393e-07,4.16703727e-06,2.17644108e-05,1.37326707e-05,1.61303581e-06,1.30454372e-05,2.80629429e-05,8.69349067e-06
0.747,6.78168778e-07,4.16676973e-06,2.1746331e-05,1.37935371e-05,1.58131497e-06,1.28921785e-05,2.78076811e-05,8.7325713e-06
0.748,6.69624199e-07,4.16597636e-06,2.17281692e-05,1.38554127e-05,1.54997836e-06,1.27414138e-05,2.75513492e-05,8.7728196e-06
0.749,6.60891589e-07,4.16468103e-06,2.1709834e-05,1.39183075e-05,1.51902813e-06,1.25930812e-05,2.72938959e-05,8.81423903e-06
0.75,6.51971299e-07,4.16289506e-06,2.16912353e-05,1.39822444e-05,1.48846725e-06,1.24471237e-05,2.70352679e-05,8.85682844e-06
0.751,6.42860951e-07,4.16062067e-06,2.1672282e-05,1.40472569e-05,1.45829977e-06,1.23034885e-05,2.67754092e-05,8.90058261e-06
0.752,6.33559502e-07,4.1578608e-06,2.16528809e-05,1.41133781e-05,1.42853038e-06,1.2162127e-05,2.65142607e-05,8.94549384e-06
0.753,6.24068976e-07,4.15462336e-06,2.16329351e-05,1.41806362e-05,1.39916391e-06,1.20229918e-05,2.62517604e-05,8.99155431e-06
0.754,6.14391964e-07,4.15091877e-06,2.16123452e-05,1.42490578e-05,1.37020448e-06,1.18860344e-05,2.59878445e-05,9.03875848e-06
0.755,6.04529747e-07,4.14675585e-06,2.15910113e-05,1.4318671e-05,1.34165451e-06,1.17512032e-05,2.57224478e-05,9.08710538e-06
0.756,5.94485152e-07,4.14214872e-06,2.15688318e-05,1.43894965e-05,1.31351525e-06,1.16184426e-05,2.54555044e-05,9.1365978e-06
0.757,5.84267008e-07,4.13712583e-06,2.15457027e-05,1.4461538e-05,1.2857881e-06,1.14876935e-05,2.51869486e-05,9.18723991e-06
0.758,5.73888366e-07,4.1317234e-06,2.15215158e-05,1.45347902e-05,1.25847449e-06,1.13588945e-05,2.49167145e-05,9.23903589e-06
0.759,5.63361091e-07,4.12597095e-06,2.14961605e-05,1.46092543e-05,1.2315756e-06,1.12319853e-05,2.4644735e-05,9.2919885e-06
0.76,5.52692116e-07,4.11988288e-06,2.1469525e-05,1.46849468e-05,1.20509257e-06,1.11069097e-05,2.4370941e-05,9.34609714e-06
0.761,5.41885368e-07,4.11346534e-06,2.14414963e-05,1.47618917e-05,1.17902821e-06,1.09836182e-05,2.40952612e-05,9.40135468e-06
0.762,5.30945205e-07,4.10672571e-06,2.14119592e-05,1.48401103e-05,1.15338815e-06,1.08620682e-05,2.38176227e-05,9.45774573e-06
0.763,5.19875341e-07,4.09966817e-06,2.13807948e-05,1.49196263e-05,1.12817964e-06,1.07422222e-05,2.35379525e-05,9.51524814e-06
0.764,5.0867769e-07,4.09228813e-06,2.13478793e-05,1.50004732e-05,1.10340972e-06,1.06240448e-05,2.32561771e-05,9.57383654e-06
0.765,4.97353773e-07,4.08457674e-06,2.13130831e-05,1.50826885e-05,1.07908421e-06,1.05074991e-05,2.29722237e-05,9.63348541e-06
0.766,4.85908442e-07,4.07653181e-06,2.12762706e-05,1.51663014e-05,1.05520788e-06,1.03925446e-05,2.26860213e-05,9.69417059e-06
0.767,4.74351154e-07,4.06816328e-06,2.12373015e-05,1.52513257e-05,1.03178494e-06,1.02791357e-05,2.23975017e-05,9.75586888e-06
0.768,4.62692534e-07,4.05948531e-06,2.11960361e-05,1.53377641e-05,1.00881846e-06,1.01672225e-05,2.21066005e-05,9.81855786e-06
0.769,4.50943583e-07,4.05051268e-06,2.1152335e-05,1.54256111e-05,9.86310484e-07,1.00567515e-05,2.18132581e-05,9.88221404e-06
0.77,4.39118045e-07,4.04126544e-06,2.11060569e-05,1.55148491e-05,9.6426292e-07,9.94766676e-06,2.15174204e-05,9.94681059e-06
0.771,4.27232714e-07,4.03176721e-06,2.10570541e-05,1.56054542e-05,9.42677717e-07,9.83991094e-06,2.12190394e-05,1.00123154e-05
0.772,4.15303453e-07,4.02203438e-06,2.10051713e-05,1.56974087e-05,9.21556664e-07,9.73342922e-06,2.09180722e-05,1.00786892e-05
0.773,4.03340467e-07,4.01206475e-06,2.09502474e-05,1.57907127e-05,9.00901285e-07,9.62817357e-06,2.06144795e-05,1.01458839e-05
0.774,3.91349948e-07,4.00184466e-06,2.08921181e-05,1.58853739e-05,8.80714533e-07,9.5241045e-06,2.03082271e-05,1.02138395e-05
0.775,3.7933897e-07,3.99136388e-06,2.08306161e-05,1.59813907e-05,8.61002219e-07,9.42118892e-06,1.99992882e-05,1.02824832e-05
0.776,3.67316439e-07,3.98061593e-06,2.07655706e-05,1.60787519e-05,8.4177148e-07,9.31939601e-06,1.96876458e-05,1.03517323e-05
0.777,3.55291005e-07,3.96958947e-06,2.06968069e-05,1.61774456e-05,8.23027674e-07,9.21869283e-06,1.93732935e-05,1.04215003e-05
0.778,3.43270596e-07,3.95826617e-06,2.06241474e-05,1.62774601e-05,8.04772153e-07,9.11904065e-06,1.90562371e-05,1.04917007e-05
0.779,3.31266791e-07,3.94663409e-06,2.05474134e-05,1.63787675e-05,7.87003064e-07,9.02039197e-06,1.87364962e-05,1.05622482e-05
0.78,3.19297574e-07,3.93469839e-06,2.04664301e-05,1.64813098e-05,7.69717397e-07,8.9226905e-06,1.84141074e-05,1.06330552e-05
0.781,3.07383086e-07,3.92247137e-06,2.03810308e-05,1.65850059e-05,7.52911261e-07,8.82587509e-06,1.80891237e-05,1.07040298e-05
0.782,2.95541243e-07,3.90995979e-06,2.02910585e-05,1.66897654e-05,7.36579751e-07,8.72988433e-06,1.77616139e-05,1.07750731e-05
0.783,2.83788145e-07,3.89716343e-06,2.01963619e-05,1.67954931e-05,7.20717256e-07,8.63465987e-06,1.74316631e-05,1.08460764e-05
0.784,2.72141974e-07,3.88408133e-06,2.00967894e-05,1.69020891e-05,7.05318517e-07,8.54014827e-06,1.7099373e-05,1.09169181e-05
0.785,2.60622521e-07,3.8707096e-06,1.99921873e-05,1.70094536e-05,6.90379335e-07,8.44630451e-06,1.67648623e-05,1.09874615e-05
0.786,2.49243952e-07,3.85702635e-06,1.98824013e-05,1.71175033e-05,6.75895193e-07,8.3530931e-06,1.64282635e-05,1.10575585e-05
0.787,2.38009623e-07,3.84298896e-06,1.97672824e-05,1.72261712e-05,6.6186047e-07,8.2604833e-06,1.60897223e-05,1.11270564e-05
0.788,2.26913307e-07,3.82854403e-06,1.96466936e-05,1.73353929e-05,6.48267512e-07,8.1684406e-06,1.57494008e-05,1.11958041e-05
0.789,2.15948497e-07,3.8136431e-06,1.9520517e-05,1.74450824e-05,6.35106505e-07,8.076924e-06,1.54074832e-05,1.12636481e-05
0.79,2.05120135e-07,3.79825627e-06,1.93886647e-05,1.75551071e-05,6.22366405e-07,7.98589102e-06,1.50641828e-05,1.13304203e-05
0.791,1.94449912e-07,3.78237793e-06,1.92510844e-05,1.76652761e-05,6.10035114e-07,7.89530094e-06,1.47197454e-05,1.13959317e-05
0.792,1.8397221e-07,3.76602611e-06,1.91077578e-05,1.77753472e-05,5.9809974e-07,7.80510988e-06,1.43744471e-05,1.14599786e-05
0.793,1.73717737e-07,3.74922131e-06,1.89586922e-05,1.78850635e-05,5.86544394e-07,7.7152638e-06,1.40285862e-05,1.15223593e-05
0.794,1.63699956e-07,3.73195891e-06,1.88039116e-05,1.79941956e-05,5.7534939e-07,7.62570308e-06,1.36824732e-05,1.15828806e-05
0.795,1.53914014e-07,3.71420041e-06,1.86434537e-05,1.8102553e-05,5.64492995e-07,7.53637592e-06,1.33364264e-05,1.16413495e-05
0.796,1.4434882e-07,3.69589173e-06,1.8477373e-05,1.82099626e-05,5.53954983e-07,7.44724802e-06,1.29907747e-05,1.16975579e-05
0.797,1.34999588e-07,3.67698975e-06,1.83057436e-05,1.83162396e-05,5.43718934e-07,7.35830044e-06,1.26458641e-05,1.17512765e-05
0.798,1.25867047e-07,3.65746472e-06,1.81286622e-05,1.8421185e-05,5.33770169e-07,7.2695228e-06,1.23020581e-05,1.18022601e-05
0.799,1.16951257e-07,3.63728793e-06,1.79462516e-05,1.85245982e-05,5.2409323e-07,7.18090908e-06,1.19597336e-05,1.18502564e-05
0.8,1.08248239e-07,3.61642964e-06,1.77586672e-05,1.86262751e-05,5.14671294e-07,7.09245457e-06,1.16192768e-05,1.18950128e-05
0.801,9.97542463e-08,3.59486845e-06,1.75661e-05,1.87259986e-05,5.0548706e-07,7.00415155e-06,1.12810807e-05,1.19362816e-05
0.802,9.14687289e-08,3.57259532e-06,1.73687731e-05,1.88235385e-05,4.96522391e-07,6.91598587e-06,1.09455427e-05,1.19738236e-05
0.803,8.33901583e-08,3.549603e-06,1.71669407e-05,1.89186641e-05,4.87756352e-07,6.82794036e-06,1.06130604e-05,1.20074108e-05
0.804,7.55138405e-08,3.52588002e-06,1.69608841e-05,1.90111543e-05,4.79165332e-07,6.73999874e-06,1.02840265e-05,1.20368254e-05
0.805,6.78349698e-08,3.50141923e-06,1.67509102e-05,1.91007909e-05,4.7072614e-07,6.65214715e-06,9.95882846e-06,1.20618567e-05
0.806,6.0351268e-08,3.47622414e-06,1.65373475e-05,1.91873569e-05,4.62418864e-07,6.5643763e-06,9.63784616e-06,1.2082298e-05
0.807,5.30598178e-08,3.45030189e-06,1.63205388e-05,1.92706501e-05,4.54227068e-07,6.47668688e-06,9.3214472e-06,1.20979461e-05
0.808,4.59515027e-08,3.42365041e-06,1.61008321e-05,1.93505022e-05,4.46135945e-07,6.38909431e-06,9.0099803e-06,1.21086047e-05
0.809,3.90115076e-08,3.39626062e-06,1.5878575e-05,1.94267817e-05,4.3813193e-07,6.30162517e-06,8.70377322e-06,1.21140881e-05
0.81,3.22234796e-08,3.36812634e-06,1.56541156e-05,1.94993814e-05,4.30203295e-07,6.21431048e-06,8.40313374e-06,1.21142245e-05
0.811,2.55716116e-08,3.33924683e-06,1.54278051e-05,1.95682119e-05,4.22339717e-07,6.12718303e-06,8.10834992e-06,1.21088573e-05
0.812,1.90406905e-08,3.30962534e-06,1.52000023e-05,1.96331968e-05,4.14531259e-07,6.04027778e-06,7.81968862e-06,1.20978464e-05
0.813,1.26178206e-08,3.27927286e-06,1.49710769e-05,1.96942644e-05,4.06767818e-07,5.95362868e-06,7.537395e-06,1.20810713e-05
0.814,6.29587622e-09,3.24821582e-06,1.47414095e-05,1.97513391e-05,3.99039698e-07,5.86726193e-06,7.26169298e-06,1.20584349e-05
0.815,7.13705418e-11,3.21649155e-06,1.45113858e-05,1.98043485e-05,3.91337322e-07,5.78119623e-06,6.99278236e-06,1.2029866e-05
0.816,-6.0613862e-09,3.18413506e-06,1.42813865e-05,1.98532421e-05,3.83650717e-07,5.69545087e-06,6.73083335e-06,1.19953174e-05
0.817,-1.21118046e-08,3.15117361e-06,1.40517762e-05,1.98980028e-05,3.7597043e-07,5.61005187e-06,6.47598457e-06,1.19547622e-05
0.818,-1.80898349e-08,3.11763363e-06,1.3822899e-05,1.99386419e-05,3.6828988e-07,5.52503181e-06,6.22834465e-06,1.19081912e-05
0.819,-2.40039018e-08,3.08354675e-06,1.35950772e-05,1.99751906e-05,3.60606617e-07,5.44042795e-06,5.98799398e-06,1.18556113e-05
0.82,-2.98632889e-08,3.04894383e-06,1.33686074e-05,2.00077076e-05,3.52920688e-07,5.35628373e-06,5.75498383e-06,1.17970467e-05
0.821,-3.56801807e-08,3.01385051e-06,1.3143758e-05,2.00362811e-05,3.45232824e-07,5.27264829e-06,5.52933626e-06,1.17325396e-05
0.822,-4.14673811e-08,2.97829207e-06,1.29207746e-05,2.00610171e-05,3.37544407e-07,5.18957075e-06,5.31104671e-06,1.16621524e-05
0.823,-4.72351795e-08,2.94229907e-06,1.2699888e-05,2.00820255e-05,3.29857732e-07,5.10709478e-06,5.10008701e-06,1.15859681e-05
0.824,-5.29909051e-08,2.90590634e-06,1.24813172e-05,2.00994154e-05,3.22175246e-07,5.02525873e-06,4.89640611e-06,1.15040903e-05
0.825,-5.87397212e-08,2.86914968e-06,1.226527e-05,2.01132955e-05,3.144984e-07,4.94409724e-06,4.69993036e-06,1.14166419e-05
0.826,-6.44834843e-08,2.83206876e-06,1.20519443e-05,2.01237694e-05,3.06828304e-07,4.86363881e-06,4.51056552e-06,1.13237649e-05
0.827,-7.02207808e-08,2.79470853e-06,1.18415276e-05,2.01309328e-05,2.99166856e-07,4.78390423e-06,4.32819905e-06,1.12256185e-05
0.828,-7.59505093e-08,2.75711229e-06,1.16341883e-05,2.01348861e-05,2.91516752e-07,4.70491223e-06,4.1527e-06,1.11223746e-05
0.829,-8.16751246e-08,2.71931432e-06,1.14300647e-05,2.01357486e-05,2.8388108e-07,4.62668632e-06,3.98391939e-06,1.10142128e-05
0.83,-8.73995094e-08,2.6813412e-06,1.12292608e-05,2.01336594e-05,2.76263842e-07,4.54925557e-06,3.82169311e-06,1.09013166e-05
0.831,-9.31276673e-08,2.64321891e-06,1.10318522e-05,2.01287654e-05,2.68671032e-07,4.47264955e-06,3.66584624e-06,1.07838734e-05
0.832,-9.88624103e-08,2.60497375e-06,1.08378909e-05,2.01212163e-05,2.61109973e-07,4.39689638e-06,3.51619533e-06,1.06620738e-05
0.833,-1.04607292e-07,2.56662904e-06,1.06474095e-05,2.01111634e-05,2.53587682e-07,4.32202349e-06,3.37254952e-06,1.05361103e-05
0.834,-1.10366241e-07,2.52820578e-06,1.04604271e-05,2.00987538e-05,2.46110312e-07,4.24805582e-06,3.23471256e-06,1.04061774e-05
0.835,-1.16141173e-07,2.48972701e-06,1.02769593e-05,2.00841189e-05,2.38683828e-07,4.17501132e-06,3.10248509e-06,1.02724715e-05
0.836,-1.21930959e-07,2.45121869e-06,1.009702e-05,2.00673726e-05,2.31314047e-07,4.10290047e-06,2.97566568e-06,1.01351907e-05
0.837,-1.27733054e-07,2.4127052e-06,9.92061635e-06,2.00486195e-05,2.24005745e-07,4.03173018e-06,2.85405056e-06,9.99453247e-06
0.838,-1.33544789e-07,2.37420803e-06,9.74774587e-06,2.00279592e-05,2.16762827e-07,3.96150632e-06,2.73743479e-06,9.85069101e-06
0.839,-1.39363681e-07,2.33574725e-06,9.5783979e-06,2.00054848e-05,2.09589578e-07,3.89223318e-06,2.62561446e-06,9.70385464e-06
0.84,-1.45187967e-07,2.29734155e-06,9.41255317e-06,1.99812836e-05,2.02491144e-07,3.82391434e-06,2.51838909e-06,9.55420293e-06
0.841,-1.51017557e-07,2.25900587e-06,9.25017961e-06,1.99554432e-05,1.95473054e-07,3.75655498e-06,2.41556254e-06,9.40190472e-06
0.842,-1.56853493e-07,2.22075115e-06,9.09122984e-06,1.99280548e-05,1.88540573e-07,3.69016247e-06,2.31694434e-06,9.24711729e-06
0.843,-1.6269617e-07,2.18258654e-06,8.93564435e-06,1.98992088e-05,1.81699023e-07,3.62474347e-06,2.22235048e-06,9.08998782e-06
0.844,-1.68545213e-07,2.14452111e-06,8.78335767e-06,1.98689896e-05,1.74953785e-07,3.56030286e-06,2.13160347e-06,8.93065417e-06
0.845,-1.74400476e-07,2.10656327e-06,8.63430307e-06,1.98374728e-05,1.68310127e-07,3.49684439e-06,2.0445315e-06,8.76924517e-06
0.846,-1.80261986e-07,2.06872096e-06,8.48841565e-06,1.98047234e-05,1.61772914e-07,3.4343705e-06,1.96096887e-06,8.60588057e-06
0.847,-1.86129133e-07,2.03100262e-06,8.34563523e-06,1.97707934e-05,1.5534707e-07,3.37288076e-06,1.88075493e-06,8.44067297e-06
0.848,-1.92000195e-07,1.99341718e-06,8.20590417e-06,1.97357246e-05,1.49037235e-07,3.31237161e-06,1.80373382e-06,8.27372891e-06
0.849,-1.97872739e-07,1.95597163e-06,8.06916144e-06,1.96995557e-05,1.42847273e-07,3.25283834e-06,1.72975391e-06,8.10514859e-06
0.85,-2.03744607e-07,1.91867116e-06,7.93534206e-06,1.96623239e-05,1.36780333e-07,3.19427647e-06,1.65866875e-06,7.93502436e-06
0.851,-2.09614201e-07,1.88152018e-06,7.80438064e-06,1.96240615e-05,1.3083978e-07,3.13668187e-06,1.59033763e-06,7.76343967e-06
0.852,-2.15480589e-07,1.84452325e-06,7.67621412e-06,1.9584793e-05,1.25029425e-07,3.08005037e-06,1.52462682e-06,7.5904684e-06
0.853,-2.21343102e-07,1.80768432e-06,7.55077951e-06,1.95445389e-05,1.19353307e-07,3.024378e-06,1.46140903e-06,7.41617564e-06
0.854,-2.27200949e-07,1.77100622e-06,7.42801055e-06,1.95033188e-05,1.13815071e-07,2.96966059e-06,1.40056355e-06,7.24061868e-06
0.855,-2.33052827e-07,1.73449023e-06,7.30783566e-06,1.94611539e-05,1.08417923e-07,2.91589398e-06,1.34197574e-06,7.06384765e-06
0.856,-2.38897495e-07,1.69813663e-06,7.19018074e-06,1.94180649e-05,1.03164776e-07,2.86307415e-06,1.28553747e-06,6.88590506e-06
0.857,-2.44734308e-07,1.66194531e-06,7.07497315e-06,1.93740683e-05,9.80590195e-08,2.81119766e-06,1.23114685e-06,6.70682515e-06
0.858,-2.5056365e-07,1.62591646e-06,6.96214436e-06,1.93291742e-05,9.31045327e-08,2.76026117e-06,1.17870833e-06,6.52663426e-06
0.859,-2.56386062e-07,1.59005011e-06,6.85162607e-06,1.92833901e-05,8.8305257e-08,2.71026198e-06,1.12813213e-06,6.34535113e-06
0.86,-2.62201049e-07,1.5543467e-06,6.74334649e-06,1.92367229e-05,8.36640141e-08,2.66119812e-06,1.07933368e-06,6.16298821e-06
0.861,-2.68005534e-07,1.51880759e-06,6.63723159e-06,1.91891774e-05,7.91831769e-08,2.61306785e-06,1.03223192e-06,5.97955285e-06
0.862,-2.73796273e-07,1.48343445e-06,6.53321234e-06,1.91407525e-05,7.48656304e-08,2.56586797e-06,9.86746524e-07,5.79505041e-06
0.863,-2.79572899e-07,1.44822424e-06,6.43122619e-06,1.90914441e-05,7.07152298e-08,2.51959455e-06,9.42796922e-07,5.60948429e-06
0.864,-2.85339931e-07,1.41316805e-06,6.33121581e-06,1.90412479e-05,6.67359855e-08,2.47424325e-06,9.00303769e-07,5.42285507e-06
0.865,-2.91100877e-07,1.37825897e-06,6.23312934e-06,1.89901506e-05,6.29317177e-08,2.42981062e-06,8.59191979e-07,5.2351566e-06
0.866,-2.96851764e-07,1.34350166e-06,6.13692003e-06,1.89381193e-05,5.9306183e-08,2.38629293e-06,8.19395441e-07,5.04637236e-06
0.867,-3.02580956e-07,1.30891176e-06,6.04253917e-06,1.88851074e-05,5.58619882e-08,2.34368896e-06,7.80858933e-07,4.85647278e-06
0.868,-3.0827836e-07,1.27450258e-06,5.94992935e-06,1.88310734e-05,5.26013315e-08,2.30200052e-06,7.43535221e-07,4.665418e-06
0.869,-3.1394388e-07,1.24027679e-06,5.85902468e-06,1.87759914e-05,4.95269015e-08,2.26123173e-06,7.07380186e-07,4.4731628e-06
0.87,-3.19584285e-07,1.20622733e-06,5.76975918e-06,1.87198419e-05,4.66435651e-08,2.22138747e-06,6.72348548e-07,4.27966013e-06
0.871,-3.25204571e-07,1.17234668e-06,5.68207074e-06,1.86625968e-05,4.39563749e-08,2.18247307e-06,6.38397223e-07,4.08485878e-06
0.872,-3.30804848e-07,1.13863436e-06,5.59590441e-06,1.86042093e-05,4.14687699e-08,2.14449515e-06,6.05483739e-07,3.88870477e-06
0.873,-3.36379565e-07,1.10509899e-06,5.51122149e-06,1.85446046e-05,3.91837368e-08,2.10745758e-06,5.73564114e-07,3.69114522e-06
0.874,-3.4191944e-07,1.07175605e-06,5.4280061e-06,1.84836764e-05,3.71059199e-08,2.07135878e-06,5.42588534e-07,3.49213314e-06
0.875,-3.47414154e-07,1.03862438e-06,5.34625377e-06,1.84212993e-05,3.52410705e-08,2.03619546e-06,5.12506802e-07,3.29162218e-06
0.876,-3.52854022e-07,1.00572136e-06,5.265954e-06,1.83573447e-05,3.35951851e-08,2.00196873e-06,4.83274522e-07,3.0895588e-06
0.877,-3.58232516e-07,9.73062795e-07,5.18708724e-06,1.82916847e-05,3.21752187e-08,1.96868412e-06,4.54857548e-07,2.88587948e-06
0.878,-3.63546418e-07,9.40661471e-07,5.10962102e-06,1.8224195e-05,3.09907117e-08,1.93634912e-06,4.27235826e-07,2.68050898e-06
0.879,-3.68797107e-07,9.0852511e-07,5.03349558e-06,1.81547662e-05,3.00481144e-08,1.90497827e-06,4.00412798e-07,2.47335411e-06
0.88,-3.73987814e-07,8.76657822e-07,4.95862176e-06,1.80833027e-05,2.93480489e-08,1.87459463e-06,3.74413613e-07,2.26430623e-06
0.881,-3.79119173e-07,8.45068959e-07,4.88492009e-06,1.8009685e-05,2.88889822e-08,1.84521678e-06,3.49263047e-07,2.05326636e-06
0.882,-3.84185647e-07,8.13779051e-07,4.81235351e-06,1.79337392e-05,2.86726704e-08,1.81684777e-06,3.24958883e-07,1.84017072e-06
0.883,-3.89174256e-07,7.82813987e-07,4.74091511e-06,1.78552505e-05,2.86992212e-08,1.78947722e-06,3.01471019e-07,1.62499442e-06
0.884,-3.94063284e-07,7.52201995e-07,4.67060696e-06,1.77739809e-05,2.89659193e-08,1.7630873e-06,2.78746279e-07,1.40774519e-06
0.885,-3.98835281e-07,7.21984991e-07,4.60146478e-06,1.76896573e-05,2.94763313e-08,1.73766231e-06,2.56686701e-07,1.18846757e-06
0.886,-4.03469041e-07,6.92214175e-07,4.53353843e-06,1.76019809e-05,3.02409139e-08,1.71318113e-06,2.3517542e-07,9.67230637e-07
0.887,-4.07941642e-07,6.62938483e-07,4.46685094e-06,1.75106645e-05,3.12681949e-08,1.6896252e-06,2.14114688e-07,7.44102488e-07
0.888,-4.12232874e-07,6.34199797e-07,4.40137514e-06,1.74154534e-05,3.25604904e-08,1.66698926e-06,1.93448754e-07,5.19129867e-07
0.889,-4.16332541e-07,6.06036494e-07,4.33706523e-06,1.73161056e-05,3.41223646e-08,1.64527828e-06,1.73144901e-07,2.92352241e-07
0.89,-4.20235557e-07,5.78484725e-07,4.27387147e-06,1.7212373e-05,3.5962113e-08,1.62449962e-06,1.53187874e-07,6.38148578e-08
0.891,-4.2393712e-07,5.51572653e-07,4.21173657e-06,1.71040013e-05,3.80878506e-08,1.60465441e-06,1.33581335e-07,-1.6641712e-07
0.892,-4.27453567e-07,5.25332703e-07,4.15062139e-06,1.69907212e-05,4.05009046e-08,1.58576546e-06,1.14317695e-07,-3.98254093e-07
0.893,-4.30786614e-07,4.997817e-07,4.09049841e-06,1.6872225e-05,4.31864601e-08,1.56781987e-06,9.54029261e-08,-6.31536786e-07
0.894,-4.33897453e-07,4.74914208e-07,4.03133547e-06,1.67481575e-05,4.61081656e-08,1.55073496e-06,7.68766892e-08,-8.66012645e-07
0.895,-4.36743816e-07,4.50722797e-07,3.97310906e-06,1.66181554e-05,4.9225972e-08,1.53441557e-06,5.87539746e-08,-1.10136516e-06
0.896,-4.39314221e-07,4.2722723e-07,3.915818e-06,1.64818812e-05,5.25133285e-08,1.5188131e-06,4.09856779e-08,-1.33726643e-06
0.897,-4.41605191e-07,4.04463183e-07,3.85946451e-06,1.63390332e-05,5.59604856e-08,1.50390082e-06,2.34821064e-08,-1.57338015e-06
0.898,-4.43583269e-07,3.82468128e-07,3.80402076e-06,1.61893337e-05,5.95668935e-08,1.48961703e-06,6.17713052e-09,-1.80934729e-06
0.899,-4.45242306e-07,3.61293007e-07,3.7494525e-06,1.60325722e-05,6.3342074e-08,1.47595139e-06,-1.10133882e-08,-2.04484541e-06
0.9,-4.46594756e-07,3.4099651e-07,3.69572016e-06,1.58685833e-05,6.72983741e-08,1.46291727e-06,-2.81641023e-08,-2.27957146e-06
0.901,-4.47649961e-07,3.21620569e-07,3.64277813e-06,1.5697224e-05,7.14364928e-08,1.45051709e-06,-4.53286541e-08,-2.51319203e-06
0.902,-4.48376118e-07,3.03177899e-07,3.59056511e-06,1.55183311e-05,7.57353431e-08,1.43867088e-06,-6.25067885e-08,-2.74527303e-06
0.903,-4.48743791e-07,2.85667775e-07,3.539022e-06,1.53317631e-05,8.01622503e-08,1.42729547e-06,-7.9699262e-08,-2.97533378e-06
0.904,-4.48739273e-07,2.69094169e-07,3.48809981e-06,1.51374087e-05,8.46852873e-08,1.41631987e-06,-9.69163784e-08,-3.20287555e-06
0.905,-4.48360876e-07,2.53460962e-07,3.43775113e-06,1.49352046e-05,8.92812425e-08,1.40569301e-06,-1.14186739e-07,-3.42739574e-06
0.906,-4.47609654e-07,2.38772056e-07,3.38792914e-06,1.47251232e-05,9.39292619e-08,1.39536093e-06,-1.31535053e-07,-3.64837739e-06
0.907,-4.46483301e-07,2.25022587e-07,3.33857678e-06,1.45071837e-05,9.8609182e-08,1.38526979e-06,-1.48982634e-07,-3.865292e-06
0.908,-4.44980958e-07,2.12205118e-07,3.28963639e-06,1.4281444e-05,1.03297617e-07,1.37535976e-06,-1.6653822e-07,-4.07760008e-06
0.909,-4.4310118e-07,2.00305338e-07,3.24104242e-06,1.40480126e-05,1.07971513e-07,1.36557618e-06,-1.84206942e-07,-4.28476294e-06
0.91,-4.40847685e-07,1.89307901e-07,3.19273492e-06,1.38070383e-05,1.12607057e-07,1.35586253e-06,-2.01985653e-07,-4.48624233e-06
0.911,-4.38223794e-07,1.79191462e-07,3.14464954e-06,1.35587191e-05,1.17181953e-07,1.34616896e-06,-2.19868741e-07,-4.68151015e-06
0.912,-4.35237768e-07,1.69932646e-07,3.09673025e-06,1.33032921e-05,1.21673964e-07,1.33644249e-06,-2.37843506e-07,-4.87004428e-06
0.913,-4.3189638e-07,1.61502694e-07,3.04891583e-06,1.30410428e-05,1.2606159e-07,1.32663731e-06,-2.55892645e-07,-5.05134146e-06
0.914,-4.28210976e-07,1.53870317e-07,3.00115264e-06,1.27722964e-05,1.30323749e-07,1.31670475e-06,-2.73991729e-07,-5.22491247e-06
0.915,-4.24191155e-07,1.47000484e-07,2.95338227e-06,1.24974236e-05,1.34439621e-07,1.30660478e-06,-2.92110272e-07,-5.39029703e-06
0.916,-4.19851412e-07,1.40855439e-07,2.90555697e-06,1.22168306e-05,1.38390151e-07,1.29629497e-06,-3.10213751e-07,-5.5470556e-06
0.917,-4.15204824e-07,1.35395702e-07,2.85762797e-06,1.19309609e-05,1.42156587e-07,1.28574208e-06,-3.28262511e-07,-5.69478472e-06
0.918,-4.10269006e-07,1.30578487e-07,2.80955768e-06,1.16402898e-05,1.45723134e-07,1.27491088e-06,-3.46215408e-07,-5.83310785e-06
0.919,-4.05059876e-07,1.26360823e-07,2.76130674e-06,1.13453244e-05,1.49073487e-07,1.26377555e-06,-3.64023989e-07,-5.96169224e-06
0.92,-3.99596858e-07,1.22695585e-07,2.7128446e-06,1.10466008e-05,1.52194887e-07,1.25230921e-06,-3.81638951e-07,-6.08023902e-06
0.921,-3.93897964e-07,1.19537775e-07,2.66414195e-06,1.07446769e-05,1.55073482e-07,1.24049387e-06,-3.99003693e-07,-6.18849761e-06
0.922,-3.87983863e-07,1.16838553e-07,2.6151801e-06,1.04401307e-05,1.5770016e-07,1.22831122e-06,-4.16065213e-07,-6.28625453e-06
0.923,-3.81874514e-07,1.14553544e-07,2.56594552e-06,1.013355e-05,1.60064532e-07,1.21575043e-06,-4.32764851e-07,-6.3733459e-06
0.924,-3.75591099e-07,1.12633761e-07,2.51643154e-06,9.82553847e-06,1.62161464e-07,1.2028019e-06,-4.4904852e-07,-6.44964956e-06
0.925,-3.6915485e-07,1.11035536e-07,2.46663655e-06,9.51670247e-06,1.63983801e-07,1.18946209e-06,-4.64854785e-07,-6.51509476e-06
0.926,-3.62586431e-07,1.09710417e-07,2.41656242e-06,9.20765803e-06,1.6552972e-07,1.17573061e-06,-4.80127445e-07,-6.56965587e-06
0.927,-3.55907781e-07,1.08617268e-07,2.36622159e-06,8.89901081e-06,1.66795492e-07,1.16161016e-06,-4.94806421e-07,-6.61335427e-06
0.928,-3.49138329e-07,1.07711332e-07,2.31562877e-06,8.59136656e-06,1.67782891e-07,1.14710827e-06,-5.08839913e-07,-6.64625632e-06
0.929,-3.42300176e-07,1.06955703e-07,2.26481192e-06,8.28531161e-06,1.68491958e-07,1.13223214e-06,-5.22174303e-07,-6.6684701e-06
0.93,-3.35410412e-07,1.06310198e-07,2.21379394e-06,7.98142872e-06,1.68926889e-07,1.11699648e-06,-5.34760672e-07,-6.68015206e-06
0.931,-3.28490279e-07,1.0574174e-07,2.16261219e-06,7.68027528e-06,1.69090473e-07,1.10141235e-06,-5.4654931e-07,-6.68149458e-06
0.932,-3.21554416e-07,1.05215209e-07,2.11129586e-06,7.38239772e-06,1.68989179e-07,1.08550201e-06,-5.57495176e-07,-6.67273847e-06
0.933,-3.14624826e-07,1.04700551e-07,2.05989521e-06,7.0883094e-06,1.68631331e-07,1.06928132e-06,-5.67561581e-07,-6.65414878e-06
0.934,-3.07714982e-07,1.04168266e-07,2.00844894e-06,6.79850504e-06,1.68027221e-07,1.05277992e-06,-5.76714741e-07,-6.62603785e-06
0.935,-3.00845237e-07,1.03593333e-07,1.95701656e-06,6.51344259e-06,1.6718798e-07,1.03601378e-06,-5.84930085e-07,-6.5887313e-06
0.936,-2.94022704e-07,1.02956909e-07,1.90563833e-06,6.23355434e-06,1.66119931e-07,1.01901153e-06,-5.92174649e-07,-6.54260235e-06
0.937,-2.87263403e-07,1.02240011e-07,1.8543773e-06,5.95923563e-06,1.64833173e-07,1.00178475e-06,-5.98431417e-07,-6.48802569e-06
0.938,-2.80572249e-07,1.01430835e-07,1.8032774e-06,5.6908507e-06,1.63334262e-07,9.84365395e-07,-6.03675454e-07,-6.42542291e-06
0.939,-2.7396653e-07,1.00510301e-07,1.75240789e-06,5.42873035e-06,1.61640933e-07,9.6676951e-07,-6.07910873e-07,-6.35520527e-06
0.94,-2.67450382e-07,9.94730275e-08,1.70181506e-06,5.17316729e-06,1.59762276e-07,9.49034507e-07,-6.11123993e-07,-6.27783038e-06
0.941,-2.61038249e-07,9.83022742e-08,1.65156678e-06,4.92442584e-06,1.57718908e-07,9.3117586e-07,-6.13332218e-07,-6.1937348e-06
0.942,-2.54730599e-07,9.70019726e-08,1.60170723e-06,4.6827241e-06,1.55516017e-07,9.13228966e-07,-6.1452345e-07,-6.10339923e-06
0.943,-2.48538227e-07,9.55574496e-08,1.55230169e-06,4.4482585e-06,1.53175203e-07,8.95206025e-07,-6.14727745e-07,-6.00727118e-06
0.944,-2.42459375e-07,9.3981657e-08,1.50339508e-06,4.22117013e-06,1.50698454e-07,8.77139158e-07,-6.1393965e-07,-5.90583727e-06
0.945,-2.36501431e-07,9.22608151e-08,1.45504858e-06,4.0015895e-06,1.48109468e-07,8.59038554e-07,-6.12205011e-07,-5.79954312e-06
0.946,-2.30662156e-07,9.0415011e-08,1.40730553e-06,3.78958603e-06,1.45407716e-07,8.40933686e-07,-6.09522769e-07,-5.6888718e-06
0.947,-2.24946158e-07,8.84290298e-08,1.36021818e-06,3.58523208e-06,1.42619447e-07,8.22835302e-07,-6.05949621e-07,-5.57426193e-06
0.948,-2.19351478e-07,8.63292645e-08,1.3138278e-06,3.38853016e-06,1.39741575e-07,8.04768924e-07,-6.01487309e-07,-5.45618242e-06
0.949,-2.13878111e-07,8.41004578e-08,1.26817683e-06,3.19949709e-06,1.36801147e-07,7.86744118e-07,-5.96203326e-07,-5.3350531e-06
0.95,-2.08524248e-07,8.17756086e-08,1.22330567e-06,3.01807247e-06,1.33791434e-07,7.68779183e-07,-5.9010341e-07,-5.21131546e-06
0.951,-2.03285573e-07,7.93387441e-08,1.17924492e-06,2.84422491e-06,1.3073962e-07,7.50884095e-07,-5.83262203e-07,-5.08536553e-06
0.952,-1.98162687e-07,7.68261348e-08,1.13603317e-06,2.67784175e-06,1.27637154e-07,7.33071378e-07,-5.7568717e-07,-4.95761284e-06
0.953,-1.93147132e-07,7.42206285e-08,1.09368739e-06,2.51885114e-06,1.24511333e-07,7.15353322e-07,-5.67456528e-07,-4.82842651e-06
0.954,-1.88241601e-07,7.15609034e-08,1.05224502e-06,2.36709542e-06,1.2135213e-07,6.97734333e-07,-5.5858154e-07,-4.69817471e-06
0.955,-1.83432493e-07,6.88308408e-08,1.01170994e-06,2.22246639e-06,1.18184609e-07,6.80227809e-07,-5.49141934e-07,-4.56719359e-06
0.956,-1.78725338e-07,6.60695195e-08,9.72118836e-07,2.08477058e-06,1.14998016e-07,6.62829735e-07,-5.39152734e-07,-4.43580549e-06
0.957,-1.74102694e-07,6.32620732e-08,9.33462593e-07,1.95387055e-06,1.11814765e-07,6.45556959e-07,-5.28689645e-07,-4.30431485e-06
0.958,-1.6957355e-07,6.04447352e-08,8.95776331e-07,1.82954828e-06,1.08625764e-07,6.28398334e-07,-5.17771868e-07,-4.17299678e-06
0.959,-1.65116673e-07,5.76058558e-08,8.5903916e-07,1.71164171e-06,1.05449132e-07,6.11373648e-07,-5.06468221e-07,-4.04212195e-06
0.96,-1.60743351e-07,5.47770026e-08,8.23283762e-07,1.59991766e-06,1.02278013e-07,5.94463756e-07,-4.94804868e-07,-3.91191447e-06
0.961,-1.56429217e-07,5.1951864e-08,7.88479426e-07,1.49419358e-06,9.91244213e-08,5.77690398e-07,-4.82840844e-07,-3.78260986e-06
0.962,-1.52187469e-07,4.91539266e-08,7.54654378e-07,1.3942323e-06,9.59860552e-08,5.61028558e-07,-4.70610185e-07,-3.65438311e-06
0.963,-1.47992691e-07,4.63837967e-08,7.21771449e-07,1.2998343e-06,9.28679941e-08,5.44502254e-07,-4.58157237e-07,-3.527437e-06
0.964,-1.43858901e-07,4.36545106e-08,6.89852818e-07,1.21076734e-06,8.97738204e-08,5.28082964e-07,-4.45524385e-07,-3.40190057e-06
0.965,-1.39761201e-07,4.09764846e-08,6.58859541e-07,1.12681576e-06,8.669977e-08,5.11794457e-07,-4.32738983e-07,-3.27794275e-06
0.966,-1.35712189e-07,3.83502207e-08,6.28804507e-07,1.04776086e-06,8.36565312e-08,4.95606679e-07,-4.19853903e-07,-3.15564925e-06
0.967,-1.31689819e-07,3.57976698e-08,5.99651636e-07,9.73372375e-07,8.06308707e-08,4.79540931e-07,-4.06877634e-07,-3.0351549e-06
0.968,-1.27703094e-07,3.33044155e-08,5.71400521e-07,9.03453512e-07,7.7642184e-08,4.63569792e-07,-3.93873514e-07,-2.91650889e-06
0.969,-1.23735597e-07,3.09056454e-08,5.44023695e-07,8.37759801e-07,7.46671655e-08,4.4770919e-07,-3.80829963e-07,-2.7998113e-06
0.97,-1.19789572e-07,2.85709448e-08,5.1750311e-07,7.76122439e-07,7.1734425e-08,4.31937994e-07,-3.67820888e-07,-2.68508134e-06
0.971,-1.15857349e-07,2.63503435e-08,4.91826117e-07,7.18282599e-07,6.8810212e-08,4.16262591e-07,-3.54815087e-07,-2.5723821e-06
0.972,-1.11931025e-07,2.41966641e-08,4.66952399e-07,6.64104118e-07,6.59328293e-08,4.00672915e-07,-3.41895471e-07,-2.46171171e-06
0.973,-1.08015631e-07,2.2175093e-08,4.42890477e-07,6.1331448e-07,6.30589755e-08,3.85161855e-07,-3.29012059e-07,-2.35309478e-06
0.974,-1.04089163e-07,2.0221236e-08,4.19572826e-07,5.65813693e-07,6.02360541e-08,3.69736232e-07,-3.16253856e-07,-2.24651871e-06
0.975,-1.00173405e-07,1.84147346e-08,3.97035197e-07,5.21317189e-07,5.74125513e-08,3.54370619e-07,-3.03554733e-07,-2.14196694e-06
0.976,-9.62281692e-08,1.6675122e-08,3.75177812e-07,4.7976236e-07,5.46427881e-08,3.39094772e-07,-2.91006123e-07,-2.03942625e-06
0.977,-9.22960573e-08,1.50942729e-08,3.54069541e-07,4.40854579e-07,5.18699806e-08,3.23859749e-07,-2.78529905e-07,-1.93883585e-06
0.978,-8.83155494e-08,1.35785723e-08,3.33573725e-07,4.04567447e-07,4.91520216e-08,3.08724653e-07,-2.66214296e-07,-1.8401926e-06
0.979,-8.43532019e-08,1.22277431e-08,3.1379751e-07,3.70599174e-07,4.64312267e-08,2.9361233e-07,-2.53975429e-07,-1.74338804e-06
0.98,-8.0324665e-08,1.09405755e-08,2.94563129e-07,3.38956367e-07,4.37647567e-08,2.78616436e-07,-2.41890913e-07,-1.64843953e-06
0.981,-7.63218088e-08,9.81819206e-09,2.76018738e-07,3.09335008e-07,4.10990073e-08,2.63628301e-07,-2.29880263e-07,-1.5551868e-06
0.982,-7.22378661e-08,8.75917481e-09,2.57942968e-07,2.8176913e-07,3.8486598e-08,2.48778361e-07,-2.18000675e-07,-1.46367782e-06
0.983,-6.81897882e-08,7.85824094e-09,2.40523976e-07,2.559603e-07,3.58826589e-08,2.3392564e-07,-2.06186076e-07,-1.3736967e-06
0.984,-6.40491984e-08,7.02104528e-09,2.23498219e-07,2.31960487e-07,3.33329873e-08,2.19236043e-07,-1.94462029e-07,-1.28533129e-06
0.985,-5.99574832e-08,6.32884046e-09,2.07087826e-07,2.09487833e-07,3.08053441e-08,2.04538295e-07,-1.82788748e-07,-1.19830823e-06
0.986,-5.57633896e-08,5.69923302e-09,1.90993854e-07,1.88597683e-07,2.83360695e-08,1.90030736e-07,-1.71150827e-07,-1.11276039e-06
0.987,-5.16333426e-08,5.19409007e-09,1.75463088e-07,1.69037629e-07,2.59101442e-08,1.75513387e-07,-1.59543559e-07,-1.02835913e-06
0.988,-4.73898813e-08,4.74546488e-09,1.60172977e-07,1.50847488e-07,2.35461445e-08,1.6121609e-07,-1.47906539e-07,-9.45278841e-07
0.989,-4.32259347e-08,4.38885196e-09,1.45387848e-07,1.33814295e-07,2.12558057e-08,1.46908921e-07,-1.36275089e-07,-8.63143832e-07
0.99,-3.89398663e-08,4.07757539e-09,1.30774306e-07,1.17944008e-07,1.90202916e-08,1.32858478e-07,-1.24546375e-07,-7.82155856e-07
0.991,-3.47473043e-08,3.80536855e-09,1.16614374e-07,1.0306676e-07,1.68946227e-08,1.18800244e-07,-1.12798968e-07,-7.01902922e-07
0.992,-3.04422561e-08,3.56610813e-09,1.02571412e-07,8.91471653e-08,1.47943711e-08,1.05039545e-07,-1.0089012e-07,-6.22588897e-07
0.993,-2.62444173e-08,3.28482548e-09,8.89488533e-08,7.6056297e-08,1.28372334e-08,9.12775741e-08,-8.8953191e-08,-5.43771945e-07
0.994,-2.19927675e-08,3.0369063e-09,7.54149049e-08,6.37159415e-08,1.08591416e-08,7.78451846e-08,-7.67997503e-08,-4.65644787e-07
0.995,-1.78786615e-08,2.65610753e-09,6.22889437e-08,5.2032526e-08,9.04141811e-09,6.44412853e-08,-6.46409091e-08,-3.87744974e-07
0.996,-1.38400878e-08,2.32911481e-09,4.92679644e-08,4.08829656e-08,7.16333543e-09,5.1359364e-08,-5.22010697e-08,-3.10259756e-07
0.997,-9.99629334e-09,1.79228311e-09,3.66283145e-08,3.02401483e-08,5.42263127e-09,3.83345402e-08,-3.97539588e-08,-2.32710784e-07
0.998,-6.38097794e-09,1.31836989e-09,2.41506502e-08,1.99033166e-08,3.61166135e-09,2.55156492e-08,-2.68709765e-08,-1.55311158e-07
0.999,-3.04558611e-09,6.35871732e-10,1.19579289e-08,9.94698938e-09,1.85204274e-09,1.27517167e-08,-1.38163298e-08,-7.7654618e-08
1.0,0.0,0.0,0.0,0.0,-0.0,-0.0,-0.0,-0.0
