r,R  4/ 2,R  5/ 2,R  6/ 2,R  7/ 2,R  8/ 2,R  9/ 2,R 10/ 2,I  4/ 2,I  5/ 2,I  6/ 2,I  7/ 2,I  8/ 2,I  9/ 2,I 10/ 2
0.0,-0.0,-0.0,-0.0,-0.0,-0.0,-0.0,-0.0,0.0,0.0,0.0,0.0,0.0,0.0,0.0
0.001,1.6735554e-09,1.09191231e-11,-3.72867641e-10,-5.85946848e-12,-3.27354381e-11,-4.20400756e-13,-3.02264228e-12,3.5375409e-10,4.92580893e-11,-1.2196968e-10,-2.10318495e-11,7.48928104e-13,-1.00803902e-12,7.94446372e-13
0.002,2.15772074e-08,2.52069482e-10,-1.61816584e-09,-4.56787759e-11,-1.23143124e-10,-5.88566334e-12,-3.43703017e-12,4.73212036e-09,1.06766276e-09,-8.31046009e-10,-1.40026854e-10,2.77503033e-11,-3.96509943e-12,9.17450139e-12
0.003,1.04242235e-07,1.76105388e-09,-3.79466739e-09,-1.69797198e-10,-2.57844829e-10,-2.20452922e-11,8.01887474e-12,2.31442509e-08,7.32878343e-09,-2.72767098e-09,-4.3849094e-10,1.59210193e-10,1.63890271e-12,2.62741771e-11
0.004,3.23720521e-07,7.14976107e-09,-6.33311618e-09,-4.63416821e-10,-4.28790513e-10,-5.05208214e-11,2.88182949e-11,7.23774387e-08,2.96370793e-08,-6.29763632e-09,-9.93964482e-10,4.91348084e-10,2.56248746e-11,4.95693564e-11
0.005,7.83527553e-07,2.13726927e-08,-7.44268349e-09,-1.07501898e-09,-6.2821332e-10,-9.18548675e-11,5.42787929e-11,1.76032098e-07,8.85572075e-08,-1.19716578e-08,-1.88486166e-09,1.11278076e-09,7.0481948e-11,7.96710183e-11
0.006,1.61653673e-06,5.25007028e-08,-3.34081545e-09,-2.27242662e-09,-8.42813833e-10,-1.46867533e-10,8.16316692e-11,3.64557105e-07,2.17648519e-07,-2.02956811e-08,-3.18335808e-09,2.10134664e-09,1.33998661e-10,1.18013189e-10
0.007,2.98482051e-06,1.12482584e-07,1.27601495e-08,-4.54335006e-09,-1.0517593e-09,-2.15644892e-10,1.09663551e-10,6.7529004e-07,4.66694502e-07,-3.20893524e-08,-4.94156502e-09,3.52900878e-09,2.12320616e-10,1.6560389e-10
0.008,5.07944457e-06,2.17888648e-07,5.19174692e-08,-8.751556e-09,-1.22723828e-09,-2.9677311e-10,1.38066522e-10,1.15249856e-06,9.04917144e-07,-4.85793935e-08,-7.17446063e-09,5.46726126e-09,3.01618241e-10,2.22925074e-10
0.009,8.12021766e-06,3.90635378e-07,1.30967921e-07,-1.63568068e-08,-1.33613221e-09,-3.87301831e-10,1.67027518e-10,1.84742059e-06,1.62416833e-06,-7.15164672e-08,-9.84103785e-09,7.99045566e-09,3.9884726e-10,2.90038918e-10
0.01,1.23553976e-05,6.58691028e-07,2.74277087e-07,-2.97065552e-08,-1.3419324e-09,-4.8304563e-10,1.96963463e-10,2.81830193e-06,2.74209259e-06,-1.03282325e-07,-1.28238314e-08,1.11764253e-08,5.02013414e-10,3.66665706e-10
0.011,1.80613534e-05,1.05676168e-06,5.15723806e-07,-5.24079069e-08,-1.20660943e-09,-5.78876765e-10,2.28334754e-10,4.13043047e-06,4.40525657e-06,-1.46989453e-07,-1.59065156e-08,1.51044144e-08,6.10190935e-10,4.52215039e-10
0.012,2.55421824e-05,1.62695682e-06,9.00916988e-07,-8.97886957e-08,-8.92420306e-10,-6.68854043e-10,2.61506277e-10,5.85616612e-06,6.79224102e-06,-2.06572457e-07,-1.87493482e-08,1.98504054e-08,7.23469988e-10,5.45785851e-10
0.013,3.51292838e-05,2.41943329e-06,1.48964266e-06,-1.49456521e-07,-3.63704808e-10,-7.46150848e-10,2.96637348e-10,8.07496569e-06,1.01166911e-05,-2.86868978e-07,-2.08625192e-08,2.54798342e-08,8.42948327e-10,6.46151804e-10
0.014,4.71808869e-05,3.49301627e-06,2.3585393e-06,-2.41964391e-07,4.11288893e-10,-8.02789831e-10,3.33588921e-10,1.08734022e-05,1.46303206e-05,-3.93687414e-07,-2.15777226e-08,3.20375267e-08,9.70827153e-10,7.51744428e-10
0.015,6.20815347e-05,4.91579605e-06,3.60399937e-06,-3.81591297e-07,1.45854846e-09,-8.29191536e-10,3.71837913e-10,1.43451778e-05,2.06258666e-05,-5.33858623e-07,-2.00184633e-08,3.95345621e-08,1.11063337e-09,8.60641819e-10
0.016,8.0241523e-05,6.76569919e-06,5.3452949e-06,-5.87245709e-07,2.79644136e-09,-8.1353016e-10,4.10393853e-10,1.85911294e-05,2.8439989e-05,-7.15268921e-07,-1.50697411e-08,4.79316638e-08,1.26756944e-09,9.70570518e-10
0.017,0.000102096296,9.13103279e-06,7.72792459e-06,-8.83499629e-07,4.43391771e-09,-7.40872765e-10,4.47710948e-10,2.37192272e-05,3.84561124e-05,-9.46871845e-07,-5.34784117e-09,5.71186566e-08,1.44898631e-09,1.07892248e-09
0.018,0.000128105797,1.21110006e-05,1.09271797e-05,-1.30176052e-06,6.36884823e-09,-5.92065065e-10,4.81595324e-10,2.98445647e-05,5.11072053e-05,-1.23867639e-06,1.08289793e-08,6.68894802e-08,1.66497377e-09,1.18279429e-09
0.019,0.000158753778,1.58161896e-05,1.51519259e-05,-1.88158805e-06,8.58659114e-09,-3.42320688e-10,5.09100769e-10,3.70893398e-05,6.68784928e-05,-1.60170958e-06,3.54680589e-08,7.69122328e-08,1.92906814e-09,1.27904706e-09
0.02,0.000194547064,2.03690254e-05,2.06485975e-05,-2.6721624e-06,1.10588801e-08,4.05398023e-11,5.26416693e-10,4.55828274e-05,8.63100991e-05,-2.04795136e-06,7.09272509e-08,8.66936912e-08,2.25907601e-09,1.36439476e-09
0.021,0.000236014777,2.5904196e-05,2.77054015e-05,-3.73391032e-06,1.37431339e-08,5.98258844e-10,5.28740735e-10,5.54613421e-05,0.000109999616,-2.59023988e-06,1.19936132e-07,9.55377389e-08,2.67802574e-09,1.43551679e-09
0.022,0.000283707526,3.25690409e-05,3.66567267e-05,-5.140295e-06,1.65823405e-08,1.38478093e-09,5.10143275e-10,6.68681917e-05,0.000138604598,-3.24214542e-06,1.85612349e-07,1.02497127e-07,3.21526366e-09,1.48920791e-09
0.023,0.000338196548,4.0523906e-05,4.7887755e-05,-6.97977539e-06,1.95057144e-08,2.46936938e-09,4.63400221e-10,7.99536202e-05,0.000172844966,-4.01781162e-06,2.71472923e-07,1.06318064e-07,3.90766174e-09,1.52255744e-09
0.024,0.000400072811,4.99424611e-05,6.18392702e-05,-9.35794032e-06,2.24303148e-08,3.94030088e-09,3.79814174e-10,9.48747391e-05,0.000213505337,-4.93176273e-06,3.81438904e-07,1.05377007e-07,4.80098208e-09,1.53317869e-09
0.025,0.000469946089,6.10119805e-05,7.90126593e-05,-1.23998223e-05,2.52637342e-08,5.90921235e-09,2.49009571e-10,0.000111795449,0.000261437255,-5.99867518e-06,5.19832239e-07,9.76090831e-08,5.95141832e-09,1.51946327e-09
0.026,0.000548443986,7.39335828e-05,9.99751025e-05,-1.62523959e-05,2.7908021e-08,8.51611644e-09,5.87110059e-11,0.000130886351,0.000317561335,-7.23311228e-06,6.91363891e-07,8.04276136e-08,7.42727663e-09,1.48090184e-09
0.027,0.00063621094,8.89224309e-05,0.000125364947,-2.10872643e-05,3.02650763e-08,1.19351896e-08,-2.05514475e-10,0.000152324643,0.000382869301,-8.64922062e-06,9.01112107e-07,5.06341935e-08,9.31085819e-09,1.41842062e-09
0.028,0.000733907179,0.000106207889,0.00015589726,-2.71035393e-05,3.22437175e-08,1.63813307e-08,-5.6054262e-10,0.000176294009,0.000458425937,-1.02603871e-05,1.15448976e-06,4.3187539e-09,1.17004752e-08,1.33481929e-09
0.029,0.00084220766,0.000126033637,0.00019236955,-3.45309164e-05,3.3768733e-08,2.2117632e-08,-1.02601815e-09,0.000202984496,0.00054537092,-1.20788555e-05,1.45719964e-06,-6.32509502e-08,1.47126998e-08,1.2352008e-09
0.03,0.000961800962,0.000148657737,0.000235667663,-4.36329499e-05,3.47923091e-08,2.94636974e-08,-1.62473053e-09,0.000232592375,0.000644920549,-1.41153015e-05,1.81517676e-06,-1.57751054e-07,1.84847401e-08,1.12756329e-09
0.031,0.00109338816,0.000174352654,0.000286771827,-5.47105295e-05,3.53085234e-08,3.88048839e-08,-2.38306174e-09,0.000265319996,0.000758369355,-1.63783682e-05,2.23451752e-06,-2.85934803e-07,2.3177071e-08,1.02336402e-09
0.032,0.00123768165,0.000203405232,0.00034676286,-6.81055619e-05,3.53709074e-08,5.06023961e-08,-3.33153664e-09,0.00030137562,0.000887091582,-1.88741591e-05,2.72139581e-06,-4.55777653e-07,2.89759845e-08,9.38303795e-10
0.033,0.00139540396,0.000236116618,0.00041682852,-8.42048596e-05,3.51117394e-08,6.54049587e-08,-4.50525561e-09,0.00034097325,0.00103254256,-2.16056849e-05,3.28195785e-06,-6.7663528e-07,3.60967405e-08,8.92917308e-10
0.034,0.00156728657,0.000272802132,0.000498269999,-0.000103444236,3.47641917e-08,8.38613927e-08,-5.94445936e-09,0.00038433245,0.00119625995,-2.4572261e-05,3.92220037e-06,-9.59414435e-07,4.47865579e-08,9.13511176e-10
0.035,0.00175406865,0.000313791094,0.000592508548,-0.000126312814,3.46883975e-08,1.0673434e-07,-7.69515382e-09,0.000431678144,0.00137986486,-2.77688597e-05,4.64783156e-06,-1.31675701e-06,5.532792e-08,1.03289611e-09
0.036,0.00195649582,0.000359426589,0.000701092235,-0.000153357536,3.54014723e-08,1.34915091e-07,-9.80990055e-09,0.000483240408,0.00158506284,-3.11854125e-05,5.46411289e-06,-1.76323817e-06,6.80417996e-08,1.29162228e-09
0.037,0.00217531891,0.00041006518,0.000825702808,-0.000185187898,3.76117948e-08,1.69439785e-07,-1.23485903e-08,0.000539254254,0.00181364467,-3.48060629e-05,6.37568079e-06,-2.31557877e-06,8.32912477e-08,1.73883048e-09
0.038,0.00241129258,0.000466076567,0.000968162679,-0.000222480879,4.22577114e-08,2.11506764e-07,-1.53794382e-08,0.000599959391,0.00206748712,-3.86083663e-05,7.38634743e-06,-2.99287283e-06,1.01484715e-07,2.4337896e-09
0.039,0.00266517413,0.000527843189,0.001130442,-0.000265986092,5.05512728e-08,2.62495314e-07,-1.89799326e-08,0.000665599986,0.00234855343,-4.25624366e-05,8.49887991e-06,-3.81683016e-06,1.23079747e-07,3.44686401e-09
0.04,0.00293772211,0.000595759765,0.00131466582,-0.000316531135,6.40275641e-08,3.23985557e-07,-2.32380924e-08,0.000736424403,0.00265889375,-4.66300389e-05,9.7147574e-06,-4.81203527e-06,1.48586271e-07,4.86142847e-09
0.041,0.00322969498,0.000670232776,0.00152312137,-0.000375027153,8.46011162e-08,3.97779392e-07,-2.82537243e-08,0.000812684937,0.00300064532,-5.07636297e-05,1.10339075e-05,-6.00622204e-06,1.7857028e-07,6.77506589e-09
0.042,0.00354184981,0.000751679897,0.0017582653,-0.000442474605,1.14629306e-07,4.85922473e-07,-3.41401665e-08,0.000894637525,0.00337603254,-5.49053431e-05,1.24544236e-05,-7.43056506e-06,2.13656689e-07,9.30199239e-09
0.043,0.00387494089,0.000840529346,0.00202273113,-0.000519969225,1.56977565e-07,5.9072843e-07,-4.10254054e-08,0.000982541461,0.00378736683,-5.89859037e-05,1.39722483e-05,-9.11998861e-06,2.54533177e-07,1.25740933e-08
0.044,0.00422971841,0.000937219196,0.0023193366,-0.00060870819,2.15090352e-07,7.1480404e-07,-4.90537888e-08,0.00107665909,0.00423704642,-6.29234728e-05,1.55808349e-05,-1.11134928e-05,3.01952766e-07,1.6743608e-08
0.045,0.00460692708,0.00104219661,0.00265109121,-0.000709996482,2.93070467e-07,8.61075106e-07,-5.83876382e-08,0.00117725551,0.00472755584,-6.66224312e-05,1.7270788e-05,-1.34544968e-05,3.56736803e-07,2.19844575e-08
0.046,0.00500730479,0.001155917,0.00302120362,-0.000825253431,3.95766067e-07,1.03281346e-06,-6.92095029e-08,0.00128459821,0.00526146529,-6.99720923e-05,1.90294813e-05,-1.61912012e-05,4.19776889e-07,2.84956564e-08
0.047,0.00543158128,0.00127884317,0.00343308921,-0.00095601946,5.28865717e-07,1.23366476e-06,-8.17240496e-08,0.00139895677,0.00584142983,-7.28453443e-05,2.08406521e-05,-1.93769692e-05,4.92037243e-07,3.65028649e-08
0.048,0.00588047673,0.00141144435,0.00389037753,-0.00110396299,6.99001397e-07,1.46767718e-06,-9.61607127e-08,0.00152060253,0.00647018834,-7.50972159e-05,2.26839741e-05,-2.3070729e-05,5.74555525e-07,4.62624944e-08
0.049,0.00635470046,0.00155419517,0.0043969198,-0.00127088753,9.13861058e-07,1.73933055e-06,-1.12775861e-07,0.00164980816,0.00715056232,-7.65633673e-05,2.45346084e-05,-2.73373966e-05,6.68444146e-07,5.80635219e-08
0.05,0.00685494959,0.00170757458,0.0049567963,-0.00145873892,1.18231294e-06,2.0535654e-06,-1.31856058e-07,0.00178684737,0.00788545443,-7.7058508e-05,2.63627362e-05,-3.22483229e-05,7.74889845e-07,7.22325188e-08
0.051,0.00738190766,0.00187206473,0.0055743238,-0.00166961276,1.51454864e-06,2.41581082e-06,-1.53721023e-07,0.0019319945,0.00867784684,-7.63747599e-05,2.813308e-05,-3.78817622e-05,8.95154162e-07,8.91359967e-08
0.052,0.00793624331,0.00204814973,0.00625406277,-0.00190576196,1.92224245e-06,2.83201001e-06,-1.78727776e-07,0.00208552411,0.00953079929,-7.42799656e-05,2.98044204e-05,-4.43233601e-05,1.0305702e-06,1.09186525e-07
0.053,0.00851860898,0.00223631442,0.00700082471,-0.00216960442,2.41869855e-06,3.30865184e-06,-2.07272005e-07,0.00224771061,0.010447447,-7.0515836e-05,3.13290572e-05,-5.16666598e-05,1.18254167e-06,1.32845278e-07
0.054,0.00912963962,0.00243704303,0.0078196793,-0.00246373094,3.01900967e-06,3.85280169e-06,-2.39790604e-07,0.00241882785,0.0114309987,-6.47959932e-05,3.26522647e-05,-6.0013631e-05,1.35253788e-06,1.60628209e-07
0.055,0.00976995144,0.00265081774,0.00871596149,-0.00279091312,3.74023399e-06,4.47213034e-06,-2.76764213e-07,0.00259914871,0.0124847335,-5.68039287e-05,3.37117425e-05,-6.94752215e-05,1.54208903e-06,1.93109368e-07
0.056,0.0104401406,0.00287811727,0.00969527841,-0.00315411145,4.60158654e-06,5.17494151e-06,-3.18720225e-07,0.00278894468,0.013611999,-4.619086e-05,3.44370602e-05,-8.0171936e-05,1.75277845e-06,2.30928329e-07
0.057,0.0111407822,0.00311941531,0.0107635162,-0.00355648351,5.62464554e-06,5.97019797e-06,-3.66235667e-07,0.00298848544,0.0148162076,-3.25734833e-05,3.47490956e-05,-9.22344396e-05,1.9862349e-06,2.74794337e-07
0.058,0.0118724286,0.00337517896,0.0119268466,-0.00400139221,6.83357374e-06,6.86754587e-06,-4.19939875e-07,0.0031980384,0.0161008338,-1.5531615e-05,3.45594716e-05,-0.000105804191,2.24412109e-06,3.25494587e-07
0.059,0.0126356087,0.00364586708,0.0131917334,-0.00449241418,8.25535823e-06,7.87733629e-06,-4.8051773e-07,0.00341786831,0.0174694104,5.39427701e-06,3.37699958e-05,-0.000121034104,2.52812175e-06,3.83899279e-07
0.06,0.0134308266,0.00393192856,0.0145649389,-0.0050333481,9.92007441e-06,9.01064385e-06,-5.48711812e-07,0.00364823675,0.0189255253,3.07056392e-05,3.22721073e-05,-0.000138089238,2.83992807e-06,4.5097118e-07
0.061,0.0142585603,0.00423380054,0.0160535295,-0.00562822326,1.18611883e-05,1.02792773e-05,-6.25327581e-07,0.00388940174,0.0204728171,6.09484531e-05,2.99463538e-05,-0.000157147523,3.18122172e-06,5.27773766e-07
0.062,0.0151192608,0.00455190669,0.0176648817,-0.00628130798,1.41158903e-05,1.16957878e-05,-7.11238875e-07,0.00414161717,0.022114971,9.6715905e-05,2.66619163e-05,-0.000178400504,3.55365421e-06,6.1548384e-07
0.063,0.0160133507,0.00488665523,0.0194066874,-0.00699711814,1.67253728e-05,1.32734859e-05,-8.0738717e-07,0.00440513242,0.0238557143,0.000138651365,2.22760703e-05,-0.000202054138,3.95882893e-06,7.1539414e-07
0.064,0.0169412234,0.00523843704,0.0212869594,-0.00778042571,1.97351197e-05,1.50264491e-05,-9.14779871e-07,0.00468019191,0.0256988123,0.000187451498,1.66337014e-05,-0.000228329629,4.39827631e-06,8.28921967e-07
0.065,0.0179032419,0.00560762369,0.0233140359,-0.00863626725,2.31952329e-05,1.69695204e-05,-1.0344928e-06,0.00496703458,0.0276480629,0.000243869465,9.56688483e-06,-0.000257464275,4.87342915e-06,9.57616203e-07
0.066,0.0188997382,0.00599456546,0.0254965854,-0.00956995239,2.71607823e-05,1.91183e-05,-1.16767051e-06,0.0052658935,0.0297072918,0.000308718241,8.94515996e-07,-0.00028971238,5.38559411e-06,1.10316884e-06
0.067,0.0199310117,0.00639958924,0.027843611,-0.0105870723,3.16921814e-05,2.14891315e-05,-1.31552908e-06,0.00557699533,0.0318803473,0.000382874051,-9.57799772e-06,-0.000325346188,5.93592052e-06,1.26742414e-06
0.068,0.0209973288,0.00682299646,0.0303644535,-0.0116935078,3.68555928e-05,2.40990781e-05,-1.47935652e-06,0.00590055989,0.0341710943,0.000467279909,-2.20589771e-05,-0.000364656896,6.52536077e-06,1.45239071e-06
0.069,0.0220989217,0.00726506095,0.0330687953,-0.0128954381,4.27233961e-05,2.69658876e-05,-1.66051744e-06,0.00623679971,0.0365834089,0.000562949152,-3.67706346e-05,-0.000407955743,7.15462549e-06,1.66025303e-06
0.07,0.0232359878,0.0077260267,0.0359666626,-0.0141993483,4.9374815e-05,3.01079238e-05,-1.86045848e-06,0.00658591953,0.0391211721,0.000670968735,-5.39491362e-05,-0.000455575207,7.82413731e-06,1.89338934e-06
0.071,0.0244086853,0.00820610494,0.0390684224,-0.0156120362,5.68969467e-05,3.35440243e-05,-2.08073721e-06,0.00694811515,0.041788258,0.00079250136,-7.38443406e-05,-0.000507870207,8.5339976e-06,2.15440218e-06
0.072,0.02561713,0.00870547183,0.0423847777,-0.0171406178,6.53860225e-05,3.72933315e-05,-2.32307876e-06,0.00732357186,0.0445885195,0.000928786414,-9.67190527e-05,-0.00056521915,9.28393992e-06,2.44616913e-06
0.073,0.0268613995,0.00922426761,0.0459267764,-0.018792538,7.49473852e-05,4.13753235e-05,-2.58932948e-06,0.0077124658,0.0475257921,0.00108114445,-0.000122849264,-0.000628025352,1.00733202e-05,2.77185186e-06
0.074,0.0281415359,0.00976259553,0.0497058185,-0.0205755806,8.56955489e-05,4.58097573e-05,-2.88140275e-06,0.00811496438,0.0506038932,0.00125098189,-0.000152524015,-0.000696718322,1.0901074e-05,3.13486773e-06
0.075,0.0294575418,0.0103205186,0.0537336513,-0.0224978731,9.77546235e-05,5.06165739e-05,-3.20126519e-06,0.00853122495,0.0538266092,0.00143979498,-0.000186044923,-0.000771754839,1.17656941e-05,3.53889098e-06
0.076,0.030809379,0.0108980576,0.0580223675,-0.0245678941,0.000111258878,5.58157878e-05,-3.55092954e-06,0.00896139421,0.0571976878,0.00164917366,-0.000223725567,-0.000853620181,1.26652131e-05,3.98784675e-06
0.077,0.0321969676,0.0114951886,0.062584405,-0.0267944797,0.000126353335,6.14273764e-05,-3.93245301e-06,0.00940560777,0.06072083,0.00188080539,-0.000265890718,-0.000942829419,1.35971863e-05,4.48593167e-06
0.078,0.0336201854,0.0121118412,0.0674325445,-0.0291868306,0.00014319433,6.74711644e-05,-4.34791528e-06,0.00986398975,0.0643996825,0.0021364791,-0.000312875399,-0.0010399287,1.45586848e-05,5.03760593e-06
0.079,0.035078867,0.0127478965,0.0725799079,-0.0317545182,0.000161949922,7.39667483e-05,-4.79939588e-06,0.0103366523,0.0682378298,0.00241808962,-0.000365023747,-0.00114549639,1.55463018e-05,5.64760818e-06
0.08,0.0365728028,0.0134031854,0.0780399566,-0.0345074917,0.000182799772,8.09335155e-05,-5.28890544e-06,0.0108236952,0.0722387864,0.00272764358,-0.000422687689,-0.00126014395,1.6556146e-05,6.32091668e-06
0.081,0.0381017402,0.0140774858,0.0838264932,-0.0374560837,0.000205933535,8.83909483e-05,-5.8182341e-06,0.0113252056,0.0764059938,0.00306726979,-0.000486226021,-0.00138451679,1.7583762e-05,7.062684e-06
0.082,0.0396653847,0.0147705188,0.0899536652,-0.0406110163,0.00023154824,9.63590433e-05,-6.38870639e-06,0.0118412584,0.0807428218,0.00343923367,-0.000556004144,-0.00151929574,1.86240897e-05,7.87810774e-06
0.083,0.041263398,0.0154819472,0.0964359577,-0.0439834069,0.000259850503,0.000104857811,-7.00140229e-06,0.0123719153,0.0852525553,0.00384593835,-0.00063238988,-0.00166519832,1.96714291e-05,8.77254938e-06
0.084,0.0428953957,0.016211375,0.103288185,-0.0475847722,0.000291058494,0.0001139068,-7.65728249e-06,0.0129172241,0.0899383824,0.00428992559,-0.000715749981,-0.00182298067,2.07195065e-05,9.75158674e-06
0.085,0.0445609473,0.0169583443,0.110525483,-0.0514270332,0.000325402645,0.000123524894,-8.35720313e-06,0.0134772181,0.0948033861,0.00477387937,-0.000806447174,-0.00199343958,2.17614843e-05,1.08210197e-05
0.086,0.0462595748,0.0177223338,0.118163303,-0.0555225185,0.000363125813,0.000133730165,-9.10190311e-06,0.014051916,0.0998505368,0.00530063034,-0.000904836987,-0.00217741429,2.27899563e-05,1.19868099e-05
0.087,0.0479907527,0.0185027567,0.126217404,-0.0598839684,0.000404483183,0.000144539795,-9.89197403e-06,0.0146413216,0.105082684,0.0058731606,-0.00101126427,-0.00237578811,2.37969807e-05,1.32550419e-05
0.088,0.0497539068,0.0192989594,0.134703846,-0.0645245378,0.00044974187,0.000155970009,-1.0727827e-05,0.0152454229,0.110502547,0.00649460885,-0.00112605937,-0.00258948981,2.47741808e-05,1.46318437e-05
0.089,0.051548414,0.0201102192,0.14363898,-0.0694577994,0.000499179939,0.000168036169,-1.16096185e-05,0.0158641924,0.116112711,0.00716827673,-0.00124953397,-0.00281949462,2.57129143e-05,1.61233171e-05
0.09,0.0533736021,0.0209357434,0.153039442,-0.074697747,0.00055308384,0.000180753131,-1.25371212e-05,0.0164975862,0.121915616,0.007897639,-0.00138197643,-0.0030668244,2.66044171e-05,1.77353866e-05
0.091,0.0552287515,0.0217746659,0.162922158,-0.0802587979,0.000611741807,0.000194136394,-1.35093076e-05,0.0171455439,0.127913559,0.00868636569,-0.00152364822,-0.0033325478,2.74397597e-05,1.94734825e-05
0.092,0.0571130991,0.0226260365,0.173304347,-0.0861557921,0.000675434509,0.00020820343,-1.45237155e-05,0.017807991,0.134108711,0.00953835544,-0.00167478246,-0.003617782,2.82098021e-05,2.13421534e-05
0.093,0.0590258349,0.0234888249,0.184203506,-0.0924039946,0.000744438616,0.000222972591,-1.55770837e-05,0.0184848357,0.140503093,0.0104577303,-0.00183557332,-0.0039236934,2.8905391e-05,2.33453099e-05
0.094,0.0609661006,0.0243619194,0.195637387,-0.0990190948,0.000819029485,0.000238462174,-1.6665764e-05,0.0191759689,0.147098561,0.0114488311,-0.00200616788,-0.0042514999,2.95177494e-05,2.54864148e-05
0.095,0.0629329888,0.0252441247,0.207623989,-0.106017205,0.000899480386,0.000254690121,-1.77858213e-05,0.0198812629,0.153896802,0.012516221,-0.00218665976,-0.00460247359,3.00386699e-05,2.77683815e-05
0.096,0.064925543,0.0261341598,0.22018154,-0.113414858,0.000986060131,0.000271674013,-1.8933046e-05,0.0206005719,0.160899325,0.0136646902,-0.0023770827,-0.00497794269,3.04606892e-05,3.0193535e-05
0.097,0.0669427582,0.0270306556,0.233328488,-0.121229006,0.00107902991,0.00028943099,-2.01029608e-05,0.0213337311,0.168107454,0.0148992624,-0.00257740393,-0.00537929347,3.07773289e-05,3.27633874e-05
0.098,0.0689835803,0.027932153,0.24708349,-0.129477011,0.00117863927,0.000307977863,-2.12907823e-05,0.0220805565,0.175522323,0.0162252005,-0.00278751749,-0.00580797185,3.0983546e-05,3.54786663e-05
0.099,0.0710469076,0.0288371015,0.261465398,-0.138176651,0.001285121,0.000327330932,-2.24915115e-05,0.0228408446,0.18314487,0.0176480145,-0.00300723748,-0.00626548466,3.10762283e-05,3.83389488e-05
0.1,0.0731316258,0.0297438722,0.276493389,-0.147346177,0.00139868387,0.000347506657,-2.36998573e-05,0.0236143828,0.190975923,0.0191734829,-0.00323629241,-0.00675340431,3.10548365e-05,4.13425412e-05
0.101,0.0752367242,0.0306507982,0.292187427,-0.15700456,0.00151950165,0.000368522357,-2.49090702e-05,0.0244009861,0.199016513,0.0208077213,-0.00347432642,-0.007273383,3.09209981e-05,4.44858673e-05
0.102,0.0773611809,0.0315561078,0.308567873,-0.167171272,0.00164769711,0.000390397014,-2.61094733e-05,0.0252004601,0.20726759,0.0225572215,-0.00372090058,-0.00782714312,3.06772648e-05,4.77623672e-05
0.103,0.0795038131,0.0324578661,0.325654869,-0.177865967,0.00178334657,0.000413151473,-2.72899649e-05,0.0260125527,0.215729604,0.0244288103,-0.00397548141,-0.00841645627,3.03275018e-05,5.11631827e-05
0.104,0.0816633691,0.0333540112,0.343468634,-0.189108632,0.0019264862,0.000436809238,-2.84387569e-05,0.0268369824,0.224402723,0.0264296652,-0.00423743803,-0.0090431524,2.98769857e-05,5.4678055e-05
0.105,0.0838385626,0.0342423633,0.362029579,-0.200919652,0.00207711092,0.000461397035,-2.95428305e-05,0.0276734481,0.233286911,0.0285673307,-0.00450603785,-0.00970912681,2.93317879e-05,5.8295918e-05
0.106,0.0860280747,0.0351206204,0.381358288,-0.213319796,0.00223517014,0.000486945463,-3.0587408e-05,0.0285216297,0.242381927,0.0308497309,-0.00478044087,-0.0104163423,2.8698408e-05,6.20049971e-05
0.107,0.0882305557,0.035986354,0.401475511,-0.226330204,0.0024005629,0.000513489644,-3.1555625e-05,0.0293811876,0.251687319,0.0332851855,-0.00505969433,-0.0111668303,2.7983563e-05,6.57928294e-05
0.108,0.0904446271,0.0368370046,0.422402144,-0.239972377,0.00257313239,0.000541069929,-3.242825e-05,0.0302517627,0.261202422,0.0358824267,-0.00534272754,-0.0119626916,2.71942613e-05,6.96461582e-05
0.109,0.0926688843,0.0376698773,0.444159222,-0.254268163,0.00275265982,0.000569732752,-3.31834487e-05,0.0311329761,0.27092635,0.0386506209,-0.00562834693,-0.0128060954,2.63379929e-05,7.35508701e-05
0.11,0.0949018995,0.0384821367,0.466767899,-0.269239747,0.00293885629,0.00059953189,-3.37964768e-05,0.032024429,0.280857998,0.0415993944,-0.00591523088,-0.0136992787,2.5422931e-05,7.74917543e-05
0.111,0.0971422267,0.0392708002,0.490249457,-0.284909636,0.00313134992,0.000630530641,-3.42390542e-05,0.0329257027,0.290996042,0.044738876,-0.00620192509,-0.014644544,2.44577708e-05,8.14521419e-05
0.112,0.0993884084,0.0400327243,0.514625299,-0.301300637,0.00332966962,0.000662804105,-3.44784424e-05,0.0338363593,0.301338959,0.0480797501,-0.00648683878,-0.0156442599,2.34513269e-05,8.54133604e-05
0.113,0.101638976,0.0407646037,0.539916927,-0.318435851,0.00353324598,0.00069643849,-3.44782447e-05,0.0347559407,0.311885008,0.0516332678,-0.00676823759,-0.0167008596,2.24128437e-05,8.93551306e-05
0.114,0.103892452,0.0414629662,0.566145911,-0.336338643,0.00374141104,0.000731530548,-3.419888e-05,0.035683968,0.322632216,0.055411259,-0.00704423917,-0.0178168407,2.13522875e-05,9.32557318e-05
0.115,0.106147353,0.0421241656,0.593333867,-0.35503263,0.00395339419,0.000768187953,-3.35976814e-05,0.036619942,0.333578379,0.0594261562,-0.00731281005,-0.0189947658,2.0280098e-05,9.70920269e-05
0.116,0.108402194,0.0427443745,0.621502432,-0.374541652,0.00416831686,0.000806530026,-3.26288715e-05,0.0375633425,0.344721051,0.0636910217,-0.00757176245,-0.020237262,1.92065051e-05,0.000100839331
0.117,0.11065549,0.0433195762,0.650673244,-0.394889749,0.00438518772,0.000846688435,-3.12436073e-05,0.038513629,0.356057549,0.0682195738,-0.00781875118,-0.0215470221,1.81402196e-05,0.000104471341
0.118,0.112905763,0.0438455572,0.680867909,-0.41610113,0.0046029008,0.000888806911,-2.93902904e-05,0.0394702403,0.367584949,0.073026206,-0.0080512714,-0.0229268067,1.70860425e-05,0.000107959992
0.119,0.11515154,0.0443178991,0.712107955,-0.438200125,0.00482024311,0.000933038143,-2.70156685e-05,0.0404325958,0.379300079,0.0781259768,-0.00826666092,-0.024379456,1.60413331e-05,0.000111275505
0.12,0.117391355,0.0447319714,0.744414741,-0.461211136,0.00503593157,0.000979533064,-2.40678782e-05,0.0414000971,0.391199503,0.0835345164,-0.00846211284,-0.0259079125,1.49934935e-05,0.000114387277
0.121,0.119623719,0.0450829723,0.777809215,-0.485158585,0.00524873127,0.00102841557,-2.05054601e-05,0.0423721269,0.403279377,0.0892676958,-0.00863469494,-0.0275152461,1.3924483e-05,0.000117268043
0.122,0.121847078,0.045366067,0.812311519,-0.510066882,0.00545762405,0.00107975652,-1.6310771e-05,0.0433480381,0.415535148,0.095341113,-0.00878136519,-0.0292046441,1.28200537e-05,0.000119899787
0.123,0.124059731,0.0455762531,0.847940363,-0.535959857,0.00566167837,0.00113359832,-1.14759716e-05,0.0443271266,0.427961362,0.101770289,-0.00889902261,-0.030979391,1.16621741e-05,0.000122266555
0.124,0.126259853,0.0457083295,0.884713037,-0.562860642,0.00585994401,0.00118997992,-5.99420176e-06,0.045308635,0.440551758,0.108570899,-0.00898452408,-0.0328428364,1.04232686e-05,0.000124349656
0.125,0.128445718,0.045756984,0.922646871,-0.59079255,0.00605142708,0.00124894691,1.43614921e-07,0.0462918277,0.453300021,0.115759022,-0.00903469533,-0.0347984279,9.06663491e-06,0.000126126826
0.126,0.130615715,0.0457167992,0.961759347,-0.619779149,0.00623508005,0.00131055246,6.94988068e-06,0.0472759941,0.466199829,0.123351196,-0.00904633569,-0.0368497098,7.54786726e-06,0.00012757198
0.127,0.132768248,0.0455822168,1.00206738,-0.649843792,0.00640979505,0.00137485596,1.44395861e-05,0.0482604137,0.479244496,0.13136434,-0.00901622673,-0.0390002935,5.81606721e-06,0.000128654871
0.128,0.134901731,0.0453475413,1.04358725,-0.681009557,0.00657440699,0.00144192144,2.26288383e-05,0.0492443557,0.492426954,0.139815753,-0.00894115136,-0.0412538528,3.81378865e-06,0.000129341013
0.129,0.137014594,0.0450069462,1.08633452,-0.713299186,0.00672770165,0.00151181478,3.15333662e-05,0.0502270808,0.505739746,0.148723094,-0.00881791607,-0.0436141243,1.47590649e-06,0.000129591909
0.13,0.139105283,0.0445544816,1.13032399,-0.746735028,0.00686843331,0.00158459859,4.11664473e-05,0.0512078431,0.519175022,0.158104339,-0.00864337853,-0.0460849128,-1.27145343e-06,0.000129365705
0.131,0.141172256,0.0439840994,1.17556961,-0.781338981,0.00699536801,0.00166032248,5.15351602e-05,0.0521858919,0.53272449,0.167977663,-0.00841448195,-0.0486700964,-4.50977921e-06,0.000128618786
0.132,0.143213972,0.0432897084,1.2220843,-0.817132452,0.00710734267,0.00173901367,6.26354629e-05,0.0531604719,0.546379353,0.178361271,-0.00812829273,-0.0513736233,-8.32531784e-06,0.000127308193
0.133,0.145228904,0.0424651564,1.26988,-0.854136281,0.00720323354,0.00182068228,7.44558632e-05,0.0541308281,0.56013035,0.189273474,-0.00778204052,-0.0541995121,-1.28130402e-05,0.00012539036
0.134,0.147215544,0.0415042297,1.31896763,-0.89237069,0.00728193282,0.00190532677,8.69798123e-05,0.0550962078,0.5739678,0.200732761,-0.00737314998,-0.0571518418,-1.80797677e-05,0.000122820786
0.135,0.149172406,0.0404006667,1.36935709,-0.931855223,0.00734234801,0.00199293491,0.000100186181,0.0560558627,0.587881596,0.212757818,-0.00689927348,-0.0602347404,-2.42449403e-05,0.000119554718
0.136,0.151098026,0.0391481726,1.42105721,-0.972608701,0.00738340991,0.00208348286,0.000114049311,0.0570090507,0.601861212,0.225367529,-0.00635832768,-0.0634523765,-3.14403597e-05,0.00011554868
0.137,0.152990966,0.0377404346,1.4740757,-1.01464916,0.0074040831,0.00217693341,0.000128539034,0.0579550378,0.615895702,0.238580973,-0.00574853289,-0.0668089513,-3.98098294e-05,0.000110761753
0.138,0.154849808,0.0361711375,1.52841909,-1.05799383,0.00740337563,0.00227323561,0.000143621181,0.0588931003,0.629973701,0.252417433,-0.00506845256,-0.0703086882,-4.95076997e-05,0.000105157512
0.139,0.156673165,0.0344339787,1.5840927,-1.10265903,0.00738034166,0.00237232689,0.000159259027,0.0598225255,0.644083427,0.266896428,-0.00431702815,-0.0739558161,-6.06970857e-05,9.87053471e-05
0.14,0.158459673,0.0325226789,1.64110063,-1.14866022,0.00733406177,0.00247414292,0.000175417053,0.060742613,0.6582127,0.282037823,-0.00349359925,-0.0777545403,-7.35481378e-05,9.13822938e-05
0.141,0.160208024,0.0304309469,1.69944586,-1.19601193,0.00726355587,0.00257863846,0.000192069429,0.0616526753,0.672349061,0.297862137,-0.00259789777,-0.0817090107,-8.82438159e-05,8.31738872e-05
0.142,0.161917072,0.0281523822,1.75913142,-1.2447284,0.00716765493,0.00268580968,0.000209206135,0.0625520787,0.686480313,0.314391145,-0.00163002296,-0.0858233544,-0.000104989609,7.40697897e-05
0.143,0.163585805,0.025680561,1.82016008,-1.29482354,0.0070451134,0.00279567948,0.000226822445,0.0634402333,0.700594341,0.331647598,-0.000590432527,-0.0901016714,-0.000123995573,6.40637249e-05
0.144,0.165213153,0.0230090754,1.88253251,-1.34630969,0.00689470053,0.00290827322,0.000244920699,0.0643165224,0.714678336,0.349654616,0.000520042203,-0.0945479907,-0.000145468378,5.31519662e-05
0.145,0.166797993,0.0201315729,1.94624717,-1.39919749,0.00671523509,0.00302360189,0.000263508445,0.0651803041,0.728718825,0.368435547,0.00170015926,-0.0991662931,-0.000169617169,4.13337806e-05
0.146,0.168339219,0.017041793,2.01130103,-1.45349641,0.00650559563,0.00314165376,0.000282592353,0.066030944,0.74270199,0.388014068,0.00294822839,-0.103960547,-0.000196655106,2.86099336e-05
0.147,0.169835746,0.0137335889,2.0776896,-1.50921475,0.00626472228,0.00326239002,0.000302175053,0.0668678182,0.75661369,0.408414182,0.00426207792,-0.108934704,-0.000226798156,1.49799631e-05
0.148,0.171286515,0.0102009462,2.1454068,-1.56635958,0.00599161204,0.00338574474,0.00032225394,0.0676903146,0.770439467,0.429660236,0.00563902691,-0.114092688,-0.000260261488,4.41815672e-07
0.149,0.172690491,0.00643800023,2.21444499,-1.62493674,0.00568529609,0.00351163233,0.0003428228,0.0684978334,0.784164563,0.451777007,0.00707587505,-0.11943837,-0.000297254144,-1.50079276e-05
0.15,0.174046682,0.00243903801,2.28479494,-1.68495082,0.00534476445,0.00363997051,0.000363878288,0.0692897869,0.797773968,0.474789953,0.00856893783,-0.124975528,-0.000337977211,-3.13748001e-05
0.151,0.175354173,-0.00180161007,2.35644605,-1.74640515,0.00496873972,0.00377072676,0.00038543875,0.0700655982,0.81125261,0.498725901,0.0101141675,-0.130707798,-0.000382640895,-4.86723186e-05
0.152,0.176612177,-0.00628984655,2.42938666,-1.80930155,0.00455536177,0.0039039558,0.000407569744,0.0708246973,0.824585678,0.523614021,0.0117073218,-0.136638669,-0.000431497889,-6.69315813e-05
0.153,0.177820005,-0.0110316019,2.50360364,-1.87364044,0.00410245137,0.00403975704,0.000430355704,0.0715665203,0.837758373,0.549485201,0.0133439319,-0.142771465,-0.000484817153,-8.61883898e-05
0.154,0.17897704,-0.016032728,2.57908212,-1.93942079,0.00360772293,0.00417822759,0.000453879928,0.0722905122,0.850755766,0.576371512,0.0150192226,-0.149109378,-0.000542866735,-0.000106474828
0.155,0.180082732,-0.0212989801,2.65580531,-2.00664009,0.00306885798,0.00431943938,0.000478218011,0.0729961293,0.863562775,0.604305993,0.0167280683,-0.155655508,-0.00060591456,-0.00012781724
0.156,0.181136592,-0.0268360067,2.73375445,-2.07529424,0.00248352984,0.0044634307,0.000503436009,0.073682841,0.876164182,0.633322569,0.0184649774,-0.16241287,-0.00067423344,-0.00015023623
0.157,0.1821382,-0.0326493411,2.81290869,-2.14537747,0.00184941338,0.00461020325,0.000529590701,0.0743501296,0.888544652,0.663455998,0.0202240885,-0.169384398,-0.000748104437,-0.000173746016
0.158,0.183087234,-0.038744404,2.89324566,-2.21688278,0.00116418906,0.0047597207,0.00055672898,0.0749975063,0.900688931,0.694741962,0.0219991738,-0.176572979,-0.000827820211,-0.000198353636
0.159,0.183983653,-0.0451265462,2.97474426,-2.28980408,0.000425550289,0.00491190828,0.00058488482,0.0756245861,0.912582741,0.727217705,0.0237836603,-0.183981641,-0.000913688107,-0.000224062078
0.16,0.184827513,-0.05180101,3.0573823,-2.3641344,-0.000368750528,0.00506663718,0.000614080763,0.076231019,0.924211958,0.760921284,0.025570572,-0.191613457,-0.00100602617,-0.000250875505
0.161,0.185618704,-0.0587727633,3.14113215,-2.4398627,-0.00122075429,0.00522369258,0.000644321671,0.076816386,0.935561294,0.795890068,0.0273523741,-0.199471316,-0.00110515109,-0.000278798289
0.162,0.186357043,-0.0660463107,3.22596242,-2.51697537,-0.00213209569,0.00538275602,0.000675577478,0.0773802585,0.946614793,0.83216051,0.0291208217,-0.207558023,-0.00121135777,-0.000307828791
0.163,0.187042371,-0.0736258164,3.31183922,-2.59545701,-0.00310417302,0.00554343166,0.000707800084,0.0779222276,0.957356342,0.869768764,0.0308670008,-0.215876369,-0.00132493869,-0.000337968514
0.164,0.18767457,-0.0815151554,3.39872629,-2.67529037,-0.00413828294,0.00570527598,0.000740936041,0.0784419027,0.967769781,0.908750978,0.0325813877,-0.224429104,-0.00144619565,-0.000369228338
0.165,0.188253565,-0.0897179064,3.48658493,-2.75645633,-0.0052356668,0.00586781406,0.000774931262,0.0789389108,0.977838937,0.94914336,0.0342538722,-0.233218906,-0.00157543877,-0.000401629999
0.166,0.188779333,-0.0982373382,3.57537398,-2.83893388,-0.00639752515,0.00603054732,0.000809732438,0.0794128971,0.987547645,0.990982158,0.035873761,-0.242248366,-0.00171298352,-0.000435207055
0.167,0.189251902,-0.107076394,3.66504982,-2.92270017,-0.00762502023,0.00619295716,0.000845287124,0.079863525,0.99687977,1.0343036,0.0374297701,-0.251519981,-0.00185914876,-0.000470005625
0.168,0.18967135,-0.116237673,3.75556632,-3.00773041,-0.0089192705,0.00635450548,0.000881542444,0.0802904763,1.00581922,1.07914381,0.03891001,-0.261036151,-0.00201425714,-0.000506086045
0.169,0.190037804,-0.125723411,3.84687483,-3.09399789,-0.0102813317,0.0065146305,0.00091844229,0.0806934514,1.01434998,1.12553863,0.0403019522,-0.27079918,-0.00217863627,-0.000543524207
0.17,0.190351436,-0.135535442,3.9389242,-3.18147393,-0.0117121433,0.00667273225,0.000955920764,0.08107217,1.02245608,1.1735234,0.0415923534,-0.280811293,-0.00235261842,-0.000582413391
0.171,0.190612433,-0.14567508,4.03166065,-3.27012793,-0.0132123741,0.00682814578,0.000993887651,0.081426374,1.03012155,1.22313239,0.0427670885,-0.291074662,-0.00253652565,-0.000622861832
0.172,0.19082098,-0.156142896,4.12502769,-3.35992755,-0.0147822099,0.00698012439,0.00103221027,0.0817558376,1.03733032,1.27439809,0.0438109332,-0.301591414,-0.00273064502,-0.000664989814
0.173,0.190977209,-0.166938771,4.21896493,-3.4508374,-0.016421517,0.00712786365,0.00107073423,0.0820603379,1.04406599,1.32735113,0.0447076051,-0.31236355,-0.00293525304,-0.000708941627
0.174,0.191080793,-0.178061527,4.31339858,-3.54281113,-0.0181299065,0.00727051578,0.00110930325,0.0823394694,1.05030967,1.38201746,0.0454397085,-0.323392176,-0.00315062519,-0.000754882782
0.175,0.191131273,-0.189509103,4.40824763,-3.63579624,-0.0199067674,0.00740721255,0.00114775169,0.0825927815,1.05604176,1.43842014,0.0459887898,-0.334677848,-0.00337704515,-0.000802986137
0.176,0.191128695,-0.201279151,4.50343812,-3.72974594,-0.0217513467,0.00753709518,0.00118589189,0.0828200582,1.06124544,1.49658392,0.0463354926,-0.346221612,-0.00361480902,-0.000853426768
0.177,0.191073368,-0.213368893,4.59889827,-3.82461524,-0.0236627473,0.00765931487,0.00122351958,0.0830212139,1.06590528,1.5565339,0.0464595216,-0.358024687,-0.00386421479,-0.000906383249
0.178,0.190965642,-0.225774923,4.69455385,-3.92035711,-0.0256399037,0.00777303271,0.00126041962,0.0831961996,1.07000617,1.61829395,0.0463395967,-0.370088116,-0.0041255557,-0.000962033699
0.179,0.190805914,-0.238493198,4.79032813,-4.01692252,-0.0276815804,0.00787742757,0.00129636983,0.0833450018,1.07353328,1.68188668,0.0459534682,-0.382412744,-0.00439911652,-0.00102055227
0.18,0.190594624,-0.251519034,4.88614201,-4.11426048,-0.0297863949,0.00797171061,0.00133114673,0.083467644,1.07647217,1.74733348,0.0452779753,-0.394999211,-0.00468517429,-0.00108210854
0.181,0.190332275,-0.264847171,4.98191398,-4.21231798,-0.031952915,0.00805514625,0.00136453665,0.0835641847,1.07880881,1.81465474,0.0442891898,-0.407847918,-0.0049840098,-0.00114686966
0.182,0.190019441,-0.278471904,5.07756036,-4.31103988,-0.0341797993,0.00812706341,0.00139634822,0.0836347107,1.08052969,1.88387024,0.0429626063,-0.420959023,-0.00529592991,-0.00121500513
0.183,0.189656757,-0.292386966,5.17299514,-4.41036905,-0.0364656443,0.00818684024,0.00142639774,0.0836793428,1.08162178,1.9549987,0.0412730727,-0.434332425,-0.00562124893,-0.00128668193
0.184,0.189244907,-0.306585448,5.26813005,-4.5102465,-0.0388088642,0.00823388363,0.00145449778,0.0836982378,1.08207252,2.0280574,0.0391947129,-0.447967783,-0.00596027758,-0.00136206238
0.185,0.18878461,-0.321059781,5.36287463,-4.61061137,-0.0412076443,0.00826761768,0.00148045242,0.083691588,1.0818698,2.10306203,0.0367009061,-0.461864515,-0.00631332268,-0.00144130499
0.186,0.18827662,-0.335801718,5.45713625,-4.71140102,-0.0436599185,0.00828748085,0.00150405551,0.0836596209,1.08100198,2.18002647,0.0337642967,-0.476021798,-0.0066806883,-0.00152456526
0.187,0.187721684,-0.350802256,5.55081921,-4.81255018,-0.0461633477,0.00829292664,0.00152509013,0.0836025825,1.07945773,2.25896239,0.0303568153,-0.490438465,-0.00706267333,-0.00161199531
0.188,0.187120401,-0.366051332,5.64382022,-4.91398707,-0.0487152802,0.00828342387,0.00154332607,0.0835206736,1.07722525,2.33987723,0.0264497208,-0.50511257,-0.0074595581,-0.00170374309
0.189,0.186473378,-0.381538123,5.7360327,-5.01563718,-0.0513128341,0.00825846813,0.00155852397,0.0834141186,1.07429314,2.42277601,0.022013852,-0.520041744,-0.00787161307,-0.00179995604
0.19,0.185781451,-0.397251464,5.82735307,-5.11742884,-0.0539529986,0.00821761619,0.00157044651,0.0832832585,1.07065171,2.50766401,0.0170198033,-0.535223731,-0.00829910261,-0.00190078074
0.191,0.185045597,-0.413179837,5.91767749,-5.21929022,-0.0566328469,0.00816052413,0.00157888237,0.0831284949,1.06629234,2.59454605,0.0114383002,-0.550656086,-0.00874230847,-0.00200636427
0.192,0.184266917,-0.429311619,6.00690033,-5.32114756,-0.0593498673,0.00808696114,0.00158367216,0.0829502499,1.06120725,2.68342669,0.00524072757,-0.566336005,-0.00920157934,-0.0021168648
0.193,0.18344661,-0.445634831,6.09491398,-5.42292557,-0.0621016249,0.0079967777,0.00158467549,0.0827489827,1.05538947,2.77430931,-0.00160105892,-0.582260329,-0.00967728224,-0.00223244166
0.194,0.182585946,-0.46213699,6.18160896,-5.52454764,-0.0648855064,0.00788985943,0.00158174561,0.0825251962,1.04883267,2.86719534,-0.00911492988,-0.598425582,-0.0101697745,-0.00235325198
0.195,0.181686251,-0.478805083,6.26687399,-5.62593595,-0.067698629,0.00776609958,0.00157471951,0.0822794366,1.04153125,2.96208382,-0.017328526,-0.61482799,-0.0106794024,-0.00247945289
0.196,0.180748902,-0.495625567,6.35059616,-5.7270115,-0.0705378059,0.00762538774,0.00156341459,0.082012293,1.03348027,3.05897121,-0.0262692286,-0.631463493,-0.0112065047,-0.00261120457
0.197,0.179775324,-0.51258438,6.43266105,-5.82769419,-0.0733995276,0.00746760492,0.00154762794,0.0817243965,1.02467552,3.15785118,-0.0359641026,-0.648327734,-0.0117514176,-0.00274867281
0.198,0.178766984,-0.529666937,6.5129529,-5.92790285,-0.0762799429,0.00729261891,0.00152713581,0.081416419,1.01511347,3.25871444,-0.0464398443,-0.665416054,-0.0123144777,-0.00289203166
0.199,0.177725383,-0.546858144,6.59135481,-6.02755532,-0.0791748244,0.0071002717,0.00150169026,0.0810890703,1.00479137,3.36154847,-0.0577227736,-0.682723474,-0.012896023,-0.00304146636
0.2,0.176652207,-0.564142928,6.66775558,-6.12657457,-0.0820795808,0.00689035543,0.00147101153,0.0807431712,0.993708154,3.46634047,-0.0698389975,-0.700245364,-0.0134964014,-0.00319718023
0.201,0.175549807,-0.581507874,6.74207028,-6.22490799,-0.0849893279,0.00666259131,0.00143477666,0.0803798852,0.981867186,3.57308777,-0.0828149989,-0.717979754,-0.0141159992,-0.00335940386
0.202,0.174420458,-0.598938915,6.81421566,-6.32250542,-0.0878983047,0.00641659773,0.00139259355,0.0800004137,0.969272165,3.68178467,-0.0966779662,-0.735924943,-0.0147551559,-0.00352837514
0.203,0.173265699,-0.616419222,6.88408334,-6.41929377,-0.0907998439,0.00615189401,0.00134402354,0.0796056703,0.955923476,3.79240847,-0.111455046,-0.75407647,-0.0154141496,-0.00370433616
0.204,0.172086872,-0.633930861,6.9515585,-6.51519369,-0.09368679,0.005867966,0.00128860783,0.0791965142,0.941821267,3.90492915,-0.127173107,-0.772428882,-0.0160932474,-0.0038875439
0.205,0.170885306,-0.651455388,7.01652643,-6.61012558,-0.0965516507,0.00556430542,0.00122588169,0.0787738304,0.926966442,4.01931291,-0.143858589,-0.7909764,-0.0167927227,-0.00407826989
0.206,0.169662321,-0.668973867,7.07887262,-6.70400971,-0.0993866328,0.00524042383,0.00115538011,0.0783385296,0.911360669,4.13552213,-0.161537356,-0.809712924,-0.0175128547,-0.00427679764
0.207,0.168419226,-0.686466896,7.13848296,-6.79676639,-0.10218366,0.00489585743,0.00107663991,0.0778915477,0.895006388,4.25351537,-0.180234595,-0.828632036,-0.018253926,-0.00448342096
0.208,0.167157316,-0.703914634,7.19524394,-6.88831601,-0.104934383,0.00453016806,0.000989200349,0.0774338442,0.877906815,4.37324733,-0.199974729,-0.847726992,-0.0190162224,-0.00469844295
0.209,0.16587787,-0.721296813,7.24904285,-6.97857924,-0.107630178,0.00414294088,0.000892602485,0.076966398,0.860065948,4.4946687,-0.220781354,-0.866990716,-0.0198000316,-0.00492217551
0.21,0.164582137,-0.738592757,7.29976806,-7.06747712,-0.110262139,0.00373377749,0.000786386591,0.076490203,0.84148856,4.61772609,-0.242677211,-0.886415797,-0.0206056404,-0.00515493943
0.211,0.163271325,-0.755781336,7.34730932,-7.1549313,-0.112821007,0.00330228579,0.000670085016,0.0760062636,0.822180194,4.74236171,-0.265684254,-0.905994489,-0.0214333232,-0.00539706235
0.212,0.161946601,-0.772841013,7.391559,-7.24086531,-0.115297108,0.00284807862,0.000543212741,0.0755156043,0.802147266,4.86851377,-0.28982379,-0.925718853,-0.0222833253,-0.00564887529
0.213,0.160609216,-0.789750496,7.43241762,-7.32520973,-0.117680573,0.00237078712,0.000405277131,0.0750193162,0.781397559,4.99612019,-0.315116505,-0.945581447,-0.0231559012,-0.00591072355
0.214,0.159260395,-0.806488293,7.4697896,-7.40789777,-0.119961265,0.00187008985,0.000255793458,0.0745185142,0.759939739,5.12511573,-0.341582481,-0.965574754,-0.0240512803,-0.0061829642
0.215,0.157901177,-0.823032016,7.50357601,-7.48885815,-0.122128772,0.00134571307,9.4303461e-05,0.0740142491,0.737782559,5.25542729,-0.369240509,-0.98569027,-0.0249696687,-0.00646596483
0.216,0.156532509,-0.839358803,7.53367827,-7.56801865,-0.12417253,0.000797428933,-7.96246993e-05,0.0735075382,0.714935317,5.38697625,-0.398107973,-1.00591891,-0.0259112634,-0.00676010633
0.217,0.155155282,-0.855445584,7.56000063,-7.64530843,-0.126081877,0.000225057869,-0.00026639676,0.0729993871,0.69140812,5.51968,-0.428200854,-1.02625126,-0.0268762534,-0.00706578521
0.218,0.153770336,-0.871269107,7.58245037,-7.7206581,-0.127846076,-0.000371530656,-0.000466391395,0.0724907859,0.66721188,5.65345193,-0.459533656,-1.04667758,-0.02786482,-0.00738341464
0.219,0.152378457,-0.886805979,7.60093814,-7.79399984,-0.129454332,-0.00099242052,-0.000679960633,0.0719827041,0.642358318,5.78820152,-0.492119353,-1.06718781,-0.0288771365,-0.00771342492
0.22,0.150980369,-0.902032677,7.61537818,-7.86526755,-0.130895803,-0.00163765514,-0.000907432181,0.0714760847,0.616859946,5.92383435,-0.525969368,-1.08777156,-0.0299133656,-0.0080562642
0.221,0.149576723,-0.916925539,7.62568868,-7.934397,-0.132159556,-0.00230724603,-0.00114911533,0.0709718384,0.590730071,6.06025195,-0.561093662,-1.10841813,-0.030973651,-0.00841239834
0.222,0.148168079,-0.931460699,7.63179212,-8.00132618,-0.133234498,-0.00300117196,-0.00140530711,0.0704708426,0.563982805,6.19735177,-0.597500863,-1.12911655,-0.0320581016,-0.00878230878
0.223,0.146754909,-0.945614076,7.63361456,-8.0659943,-0.13410949,-0.00371936525,-0.00167627926,0.0699739272,0.536632965,6.33502681,-0.635197969,-1.1498555,-0.0331668142,-0.00916649379
0.224,0.145336972,-0.959357316,7.63105316,-8.12830698,-0.134772778,-0.00446167258,-0.0019622628,0.0694815772,0.508693969,6.4731381,-0.67418733,-1.17061828,-0.034299723,-0.00956542334
0.225,0.143913151,-0.972656262,7.62396583,-8.18812355,-0.135211733,-0.00522784149,-0.00226345148,0.0689938474,0.480178003,6.61150265,-0.714464757,-1.19138046,-0.0354564861,-0.00997951031
0.226,0.142482853,-0.985480152,7.61224505,-8.24533478,-0.135414196,-0.00601756014,-0.00258002567,0.0685110344,0.45110125,6.74995437,-0.756025403,-1.21212094,-0.0366367945,-0.0104091937
0.227,0.14104627,-0.997803766,7.59583239,-8.29987977,-0.13536888,-0.00683046258,-0.00291214667,0.0680337955,0.421483996,6.88835985,-0.798865767,-1.23282485,-0.0378404993,-0.0108549617
0.228,0.139603591,-1.0096025,7.5746781,-8.35170325,-0.135064786,-0.00766610816,-0.00325993547,0.0675627725,0.391347609,7.02658522,-0.842980194,-1.25347755,-0.039067461,-0.0113173015
0.229,0.138154956,-1.02085209,7.54873817,-8.4007525,-0.134491215,-0.00852398143,-0.00362346999,0.0670985659,0.360714374,7.16449383,-0.888360486,-1.27406419,-0.0403175289,-0.0117966911
0.23,0.136700461,-1.03152877,7.51797431,-8.44697726,-0.133637847,-0.00940347403,-0.00400277611,0.0666417447,0.329607504,7.30194659,-0.93499564,-1.29456966,-0.0415905433,-0.012293592
0.231,0.135240199,-1.04160944,7.48235372,-8.49032946,-0.13249496,-0.0103038627,-0.00439780828,0.0661928533,0.29805111,7.43880262,-0.982871281,-1.31497861,-0.0428863614,-0.0128084452
0.232,0.133774303,-1.05107205,7.44184889,-8.53076273,-0.131053746,-0.0112243164,-0.00480843054,0.0657524088,0.266070045,7.57492003,-1.03196894,-1.3352754,-0.0442049112,-0.0133416744
0.233,0.132302914,-1.05989534,7.39643793,-8.56823291,-0.129306014,-0.0121639071,-0.00523444561,0.0653209118,0.233689979,7.71015543,-1.08226657,-1.35544416,-0.0455461364,-0.0138936804
0.234,0.130826156,-1.06805885,7.34610529,-8.60269882,-0.127243997,-0.013121643,-0.00567561942,0.064898844,0.200937416,7.84436401,-1.13373906,-1.3754688,-0.0469099695,-0.0144648427
0.235,0.12934424,-1.07554388,7.29084878,-8.63413029,-0.124860439,-0.0140965085,-0.0061316998,0.0644867183,0.167839816,7.97740696,-1.18635951,-1.39533435,-0.0482963671,-0.0150555394
0.236,0.127857469,-1.08233367,7.23067939,-8.66250867,-0.122148743,-0.0150874934,-0.0066024121,0.0640850652,0.134425247,8.10915276,-1.24009914,-1.41502717,-0.0497053597,-0.0156661648
0.237,0.126365994,-1.08841135,7.16560767,-8.68781079,-0.119102754,-0.0160935722,-0.00708743976,0.0636943035,0.100721975,8.2394626,-1.29492514,-1.43453235,-0.0511369668,-0.0162971036
0.238,0.124869796,-1.09375988,7.09564359,-8.71000786,-0.115716617,-0.0171136843,-0.00758642834,0.0633147374,0.0667587333,8.36818893,-1.35080085,-1.4538334,-0.0525911392,-0.0169487154
0.239,0.123368814,-1.09836304,7.02080362,-8.72907366,-0.111984913,-0.0181467423,-0.00809899307,0.0629466191,0.0325648764,8.49518306,-1.40768683,-1.47291362,-0.0540678088,-0.0176213477
0.24,0.121862955,-1.10220557,6.94111116,-8.74498506,-0.107902707,-0.0191916307,-0.00862471819,0.0625901522,-0.00182966263,8.62029583,-1.46554095,-1.4917562,-0.0555668928,-0.0183153366
0.241,0.120352097,-1.10527314,6.85659656,-8.75772201,-0.103465578,-0.0202472049,-0.00916315569,0.0622454917,-0.0363944152,8.74337793,-1.52431837,-1.51034421,-0.0570882944,-0.0190310047
0.242,0.118836099,-1.1075525,6.76729713,-8.76726758,-0.0986696681,-0.0213122925,-0.00971382373,0.0619127447,-0.0710984259,8.86428015,-1.58397162,-1.52866067,-0.0586319049,-0.0197686604
0.243,0.117314798,-1.10903145,6.67325719,-8.77360798,-0.093511674,-0.0223856938,-0.0102762072,0.06159197,-0.105910273,8.98285366,-1.64445062,-1.54668853,-0.0601975968,-0.0205285956
0.244,0.115788005,-1.10969892,6.57452814,-8.77673264,-0.0879888604,-0.0234661915,-0.0108497601,0.0612831765,-0.140798081,9.09895019,-1.70570286,-1.56441063,-0.0617852109,-0.021311084
0.245,0.114255832,-1.10954822,6.47118676,-8.77665896,-0.0820993857,-0.0245526435,-0.0114339372,0.0609864881,-0.175730088,9.21244837,-1.76767838,-1.58181419,-0.0633947337,-0.0221164444
0.246,0.112719464,-1.10858464,6.36337776,-8.77349323,-0.0758429051,-0.0256441512,-0.0120282646,0.0607025608,-0.210676893,9.32332033,-1.83034333,-1.59890237,-0.0650268368,-0.022945208
0.247,0.111179954,-1.1068138,6.25124388,-8.76733996,-0.0692195457,-0.0267398014,-0.0126322273,0.0604319537,-0.245610797,9.43154005,-1.8936637,-1.6156787,-0.0666823022,-0.0237979089
0.248,0.109637233,-1.10423184,6.13487058,-8.75822303,-0.0622292956,-0.0278384625,-0.0132451729,0.0601745833,-0.280503111,9.53699755,-1.95758784,-1.63213211,-0.0683613609,-0.0246748724
0.249,0.108090986,-1.10083375,6.01433625,-8.74615107,-0.0548725762,-0.0289389784,-0.013866409,0.0599301731,-0.31532467,9.63956578,-2.02205892,-1.64824822,-0.0700640702,-0.0255763675
0.25,0.106540879,-1.09661557,5.88972561,-8.7311356,-0.0471503238,-0.0300402143,-0.0144952315,0.0596983686,-0.350046236,9.73911969,-2.08701896,-1.66401261,-0.0717904433,-0.0265026557
0.251,0.104986531,-1.09157423,5.76113007,-8.71319144,-0.0390638329,-0.0311410712,-0.0151309381,0.059478719,-0.384638474,9.8355363,-2.15240949,-1.67941099,-0.0735404339,-0.027453997
0.252,0.103427474,-1.08570734,5.62864811,-8.69233713,-0.0306144925,-0.0322404793,-0.0157728442,0.0592706637,-0.419071793,9.92869467,-2.21817255,-1.69442924,-0.0753138849,-0.0284306472
0.253,0.101863202,-1.07901344,5.49238471,-8.66859442,-0.0218041198,-0.0333373976,-0.0164202584,0.0590735322,-0.453316564,10.0184767,-2.28424999,-1.70905342,-0.0771105846,-0.0294328559
0.254,0.100293201,-1.07149209,5.35245081,-8.64198792,-0.012635161,-0.0344307884,-0.0170724622,0.0588865589,-0.487343261,10.1047675,-2.3505831,-1.72326984,-0.078930295,-0.0304608578
0.255,0.098716809,-1.0631421,5.20895416,-8.61253055,-0.00311070909,-0.0355195279,-0.0177286708,0.0587088036,-0.521121627,10.1874392,-2.41710836,-1.73706224,-0.0807726262,-0.0315148113
0.256,0.0971328153,-1.0539573,5.06197956,-8.58018822,0.0067655089,-0.0366022452,-0.0183879617,0.0585389205,-0.554617955,10.2663075,-2.48374709,-1.75040434,-0.0826366345,-0.0325946426
0.257,0.0955400783,-1.04393348,4.91162343,-8.54493293,0.0169891603,-0.0376775272,-0.0190493983,0.0583755227,-0.587797499,10.341193,-2.5504199,-1.76327012,-0.084521198,-0.0337002011
0.258,0.0939380501,-1.03307373,4.75801859,-8.50678856,0.0275551729,-0.0387441149,-0.0197121207,0.0582175071,-0.620628206,10.4119784,-2.61706006,-1.77564365,-0.0864255838,-0.0348314577
0.259,0.0923263327,-1.02138364,4.60130901,-8.4657922,0.038457745,-0.0398007561,-0.0203752619,0.0580638042,-0.653078942,10.4785635,-2.68360321,-1.78751169,-0.0883491491,-0.0359883743
0.26,0.0907045674,-1.00887013,4.44164297,-8.42198334,0.0496903223,-0.0408461667,-0.0210379248,0.0579133192,-0.68511889,10.5408533,-2.74998436,-1.7988615,-0.0902912368,-0.0371708585
0.261,0.0890724613,-0.995541488,4.27917239,-8.37540345,0.0612454851,-0.0418790251,-0.0216991759,0.0577649548,-0.716717672,10.5987585,-2.81613743,-1.80968081,-0.0922511876,-0.0383787543
0.262,0.0874298279,-0.981407551,4.11405211,-8.32609556,0.0731147329,-0.0428979815,-0.0223580363,0.0576176334,-0.747845594,10.6521953,-2.88199471,-1.81995783,-0.0942283825,-0.0396118434
0.263,0.0857765553,-0.966479487,3.94644008,-8.27410462,0.0852887632,-0.0439016644,-0.0230135035,0.0574702935,-0.778473532,10.701086,-2.94748765,-1.82968125,-0.0962221984,-0.0408698482
0.264,0.0841125746,-0.950769494,3.77649676,-8.21947647,0.0977576466,-0.0448886771,-0.0236645647,0.0573218712,-0.808572777,10.7453564,-3.0125471,-1.83884012,-0.0982319845,-0.0421524333
0.265,0.0824374475,-0.934286171,3.60436752,-8.16221774,0.110510402,-0.0458573833,-0.0243100961,0.0571710117,-0.83811083,10.7848838,-3.0770885,-1.84741466,-0.100256536,-0.0434590013
0.266,0.0807503236,-0.917034148,3.43018322,-8.10228884,0.123534565,-0.0468058979,-0.0249488355,0.0570160066,-0.867049718,10.8194842,-3.14100718,-1.85537392,-0.102293882,-0.0447886347
0.267,0.0790508409,-0.899024272,3.25410017,-8.03969164,0.136817238,-0.0477325905,-0.0255796144,0.0568553975,-0.895354727,10.8490278,-3.20421066,-1.86269537,-0.104342335,-0.0461405444
0.268,0.0773392117,-0.880274463,3.07630081,-7.97448055,0.150345642,-0.048636133,-0.0262013906,0.0566880623,-0.922996666,10.8734566,-3.26662544,-1.86936832,-0.106400743,-0.0475141564
0.269,0.0756157449,-0.860804167,2.89697153,-7.90671557,0.164106498,-0.0495152359,-0.0268131108,0.0565128934,-0.949947452,10.8927235,-3.32817993,-1.8753835,-0.108467966,-0.0489088758
0.27,0.0738808152,-0.840634045,2.71630101,-7.83645907,0.178085977,-0.0503686515,-0.0274137046,0.0563287816,-0.976179859,10.9067886,-3.38880345,-1.88073241,-0.11054283,-0.0503240721
0.271,0.0721348617,-0.819785965,2.53447987,-7.76377575,0.192269713,-0.0511951744,-0.0280020842,0.0561346218,-1.00166755,10.9156189,-3.44842629,-1.88540726,-0.112624125,-0.0517590776
0.272,0.0703783877,-0.798282995,2.35170029,-7.68873246,0.206642828,-0.0519936429,-0.0285771445,0.0559293213,-1.02638515,10.9191887,-3.50697981,-1.889401,-0.114710603,-0.0532131851
0.273,0.0686119521,-0.776149401,2.16815571,-7.61139817,0.221189979,-0.0527629444,-0.0291377662,0.0557118039,-1.05030822,10.9174796,-3.56439668,-1.89270734,-0.116800976,-0.0546856489
0.274,0.0668363269,-0.753412507,1.98404538,-7.53186224,0.235895958,-0.0535021671,-0.0296828832,0.055481144,-1.07341602,10.9105073,-3.62061985,-1.89532531,-0.118894205,-0.0561758191
0.275,0.0650527533,-0.730105198,1.79957894,-7.45026408,0.250746843,-0.054210808,-0.0302116032,0.0552367895,-1.09569647,10.8983662,-3.67561818,-1.89726733,-0.12099009,-0.0576833781
0.276,0.0632623963,-0.706259328,1.61495715,-7.3667328,0.265728274,-0.0548883273,-0.0307230111,0.0549781389,-1.11713822,10.8811437,-3.72935868,-1.8985445,-0.123088441,-0.0592079348
0.277,0.0614660223,-0.68190245,1.43036556,-7.28134956,0.280824117,-0.0555338919,-0.0312160459,0.0547042642,-1.1377245,10.8588641,-3.78178733,-1.89915655,-0.125188317,-0.0607487158
0.278,0.0596643757,-0.657062112,1.24598697,-7.19418865,0.296017664,-0.0561466777,-0.0316896552,0.0544142043,-1.15743853,10.831547,-3.83284821,-1.8991018,-0.127288611,-0.0623048517
0.279,0.0578582583,-0.631766483,1.06200343,-7.10532554,0.311291933,-0.0567259243,-0.0321428296,0.0541070013,-1.17626471,10.799219,-3.88248777,-1.8983792,-0.129388176,-0.063875441
0.28,0.0560485295,-0.606044167,0.878596428,-7.0148371,0.326629715,-0.0572709646,-0.0325746131,0.0537816582,-1.19418863,10.7619139,-3.93065554,-1.89698831,-0.131485838,-0.065459569
0.281,0.0542360615,-0.579923994,0.695947497,-6.92280214,0.34201392,-0.0577812567,-0.0329841285,0.0534370577,-1.21119678,10.7196731,-3.97730596,-1.89492942,-0.133580355,-0.0670563368
0.282,0.0524216766,-0.553434983,0.514238934,-6.82930207,0.357428257,-0.0582563949,-0.0333706121,0.053071869,-1.22727601,10.6725455,-4.02240076,-1.89220366,-0.135670308,-0.068664869
0.283,0.0506064459,-0.526608365,0.333653403,-6.73444462,0.372857777,-0.0586963375,-0.0337335056,0.0526848179,-1.2424188,10.6206267,-4.06592157,-1.8888199,-0.137754749,-0.0702845647
0.284,0.0487919845,-0.499479815,0.15437004,-6.63839919,0.388291019,-0.05910165,-0.0340725992,0.0522750896,-1.25663115,10.5641186,-4.10789238,-1.88480569,-0.139834135,-0.071915524
0.285,0.0469798297,-0.472082741,-0.0234443758,-6.54131698,0.403716308,-0.0594727754,-0.034387583,0.0518417661,-1.2699186,10.5032052,-4.14833367,-1.88018561,-0.141908805,-0.0735577455
0.286,0.0451711495,-0.444445562,-0.199632617,-6.44328598,0.419118603,-0.0598096584,-0.0346777944,0.0513834596,-1.28227691,10.4379782,-4.18723162,-1.87496775,-0.143977926,-0.0752105547
0.287,0.0433671448,-0.416596339,-0.374042119,-6.34438404,0.43448229,-0.0601122187,-0.0349425128,0.0508987341,-1.29370128,10.3685199,-4.2245688,-1.86915824,-0.146040472,-0.0768731288
0.288,0.041569088,-0.388563472,-0.546524942,-6.24468831,0.449791865,-0.0603803957,-0.0351810092,0.0503862216,-1.30418809,10.2949176,-4.26032982,-1.86276405,-0.148095431,-0.0785445967
0.289,0.0397782927,-0.360375702,-0.716938369,-6.14427481,0.465032055,-0.0606141146,-0.0353925467,0.049844679,-1.31373482,10.2172629,-4.29450082,-1.855793,-0.150141818,-0.08022403
0.29,0.0379960964,-0.332062211,-0.885145908,-6.0432179,0.480187873,-0.060813229,-0.0355763743,0.0492730871,-1.32234015,10.1356509,-4.32706811,-1.84825388,-0.152178673,-0.0819104113
0.291,0.0362238845,-0.303652536,-1.05101879,-5.94158735,0.495243953,-0.0609774101,-0.0357316714,0.04867082,-1.33000414,10.0501758,-4.35801329,-1.8401557,-0.154205075,-0.0836025498
0.292,0.0344628553,-0.275173899,-1.21442614,-5.8393932,0.510178581,-0.0611055771,-0.0358571664,0.0480373947,-1.33671678,9.96083733,-4.38726788,-1.83149019,-0.156218868,-0.0852982384
0.293,0.0327139137,-0.246652693,-1.37522325,-5.7365855,0.524963989,-0.0611959544,-0.0359512428,0.0473722224,-1.34245496,9.86753458,-4.41471244,-1.82223001,-0.158216032,-0.0869941132
0.294,0.0309782642,-0.218120006,-1.53327126,-5.63317046,0.539576696,-0.0612473389,-0.0360127481,0.0466754002,-1.34720774,9.77026193,-4.44026525,-1.81236461,-0.160193622,-0.0886874048
0.295,0.0292573654,-0.189610019,-1.68844721,-5.52921793,0.553999181,-0.0612591833,-0.0360410505,0.0459477398,-1.35097952,9.6691249,-4.46389343,-1.80190379,-0.162150302,-0.0903762579
0.296,0.0275525811,-0.161156575,-1.84063358,-5.42480112,0.568214786,-0.0612310002,-0.0360356497,0.0451902236,-1.35377664,9.5642381,-4.48556924,-1.79085898,-0.164084826,-0.0920588916
0.297,0.0258651961,-0.132793001,-1.98971755,-5.31999322,0.582207309,-0.0611623758,-0.0359961589,0.0444039312,-1.35560669,9.45571956,-4.50526785,-1.77924203,-0.16599594,-0.0937335539
0.298,0.0241964466,-0.104552032,-2.1355909,-5.21486754,0.595960933,-0.0610529856,-0.0359222975,0.0435900057,-1.35647854,9.34369092,-4.52296752,-1.76706509,-0.167882371,-0.0953985252
0.299,0.0225475619,-0.0764656554,-2.27814992,-5.10949769,0.609460138,-0.0609026198,-0.0358138891,0.0427496037,-1.35640228,9.22827768,-4.53865019,-1.75434063,-0.169742837,-0.0970521315
0.3,0.0209197866,-0.0485648663,-2.41729293,-5.0039539,0.622689181,-0.0607111797,-0.0356708466,0.0418837793,-1.35538809,9.10960248,-4.55229924,-1.74108001,-0.171575915,-0.0986927099
0.301,0.0193143014,-0.0208797307,-2.55291244,-4.89829236,0.635631105,-0.0604786104,-0.0354931055,0.0409932166,-1.35344223,8.98776508,-4.56389218,-1.72728954,-0.173379568,-0.100318472
0.302,0.0177322524,0.00655979374,-2.6849003,-4.79257231,0.648270965,-0.0602051399,-0.0352807062,0.0400781332,-1.35057034,8.86287298,-4.57341958,-1.71297639,-0.175151489,-0.101927813
0.303,0.0161749442,0.0337241847,-2.81315907,-4.68686976,0.660596573,-0.0598914086,-0.0350338032,0.0391385903,-1.34678286,8.7350684,-4.58089472,-1.6981538,-0.17688991,-0.103519514
0.304,0.0146438359,0.0605846609,-2.93759903,-4.58126415,0.672596504,-0.059538223,-0.0347525631,0.0381745783,-1.3420926,8.60450494,-4.58633901,-1.68283695,-0.178593275,-0.105092445
0.305,0.0131404943,0.0871131001,-3.05813727,-4.47583381,0.684259619,-0.0591464551,-0.034437134,0.0371860885,-1.33651369,8.4713394,-4.58977691,-1.66704164,-0.1802601,-0.106645454
0.306,0.0116665511,0.113281972,-3.17469798,-4.37065557,0.695575191,-0.0587170138,-0.0340876492,0.0361731628,-1.33006155,8.33573092,-4.59123526,-1.65078432,-0.181888964,-0.108177354
0.307,0.0102236621,0.139064303,-3.28721267,-4.26580441,0.706533,-0.0582508388,-0.0337042371,0.0351359168,-1.32275281,8.19784035,-4.59074294,-1.634082,-0.183478509,-0.109686925
0.308,0.00881348529,0.164433927,-3.3956261,-4.16136049,0.717124626,-0.0577490297,-0.0332870813,0.0340746041,-1.31460766,8.05784384,-4.58833862,-1.61695502,-0.185027768,-0.111173105
0.309,0.00743773756,0.189368252,-3.49993995,-4.05745747,0.727352476,-0.0572134707,-0.0328368105,0.0329900207,-1.30566559,7.91602721,-4.58412603,-1.59944641,-0.186538503,-0.112636329
0.31,0.00609800894,0.213848431,-3.60018809,-3.95424038,0.737224023,-0.0566461454,-0.032354222,0.0318832008,-1.29597316,7.77270642,-4.57823205,-1.58160697,-0.188013688,-0.114077623
0.311,0.00479561347,0.237855454,-3.69636998,-3.85179092,0.746737747,-0.0560481071,-0.0318397305,0.0307549291,-1.28555987,7.62808072,-4.57071917,-1.56346532,-0.189453974,-0.115496533
0.312,0.00353170043,0.261370325,-3.7884705,-3.75016053,0.755887059,-0.0554199899,-0.0312936135,0.0296061347,-1.2744482,7.48229393,-4.5616156,-1.54503947,-0.190858946,-0.116891842
0.313,0.00230728208,0.284374913,-3.87648087,-3.64939755,0.764665764,-0.0547623959,-0.0307162493,0.0284379781,-1.26266142,7.33548699,-4.55094761,-1.52634724,-0.192228207,-0.118262312
0.314,0.00112323122,0.306852005,-3.9603981,-3.54954779,0.773068429,-0.0540759067,-0.0301081236,0.0272517503,-1.25022324,7.18779876,-4.53874168,-1.50740642,-0.193561369,-0.119606743
0.315,-1.96944054e-05,0.328785412,-4.04022451,-3.4506547,0.781090329,-0.0533611082,-0.0294698288,0.0260488244,-1.23715775,7.03936617,-4.52502509,-1.48823469,-0.19485807,-0.120923996
0.316,-0.00112082248,0.350160029,-4.11596763,-3.35275967,0.788727387,-0.0526185927,-0.0288020682,0.024830649,-1.2234894,6.89032442,-4.50982621,-1.46884968,-0.196117983,-0.122213013
0.317,-0.00217957277,0.370961966,-4.18764039,-3.25590261,0.795976195,-0.0518490074,-0.0281056446,0.0235987261,-1.20924316,6.74080764,-4.49317489,-1.44926908,-0.197340844,-0.123472906
0.318,-0.00319545846,0.391178444,-4.25526084,-3.16012157,0.802834056,-0.0510530316,-0.0273813846,0.0223546166,-1.19444438,6.59094835,-4.47510266,-1.42951046,-0.198526429,-0.124702903
0.319,-0.00416805934,0.410797658,-4.31885146,-3.06545245,0.809298847,-0.0502313064,-0.0266300915,0.0210999407,-1.17911857,6.44087607,-4.45564198,-1.40959113,-0.199674503,-0.125902193
0.32,-0.00509700918,0.429808795,-4.37843926,-2.97192934,0.815369011,-0.0493844531,-0.0258525607,0.0198363487,-1.16329143,6.2907175,-4.43482626,-1.38952819,-0.200784831,-0.127069949
0.321,-0.00598201751,0.448202074,-4.43405593,-2.87958481,0.821043507,-0.0485130793,-0.0250495856,0.0185655391,-1.14698896,6.14059656,-4.41268943,-1.36933858,-0.201857181,-0.128205343
0.322,-0.0068228913,0.465968829,-4.48573768,-2.78844994,0.826321606,-0.0476177698,-0.0242219476,0.0172892879,-1.13023754,5.99063402,-4.38926522,-1.34903906,-0.202891342,-0.12930754
0.323,-0.00761955316,0.483101434,-4.53352495,-2.69855434,0.831203129,-0.0466990833,-0.0233704156,0.0160094097,-1.11306369,5.84094755,-4.36458787,-1.32864622,-0.2038871,-0.130375713
0.324,-0.00837203044,0.499591504,-4.57744598,-2.60991694,0.835685663,-0.0457573737,-0.0224956534,0.0147276562,-1.09549,5.69163182,-4.33867734,-1.30817191,-0.2048435,-0.131408573
0.325,-0.00908028891,0.515423035,-4.61745915,-2.52251621,0.839754152,-0.0447923391,-0.0215980077,0.0134455218,-1.0775222,5.54269302,-4.31148699,-1.28760746,-0.205756268,-0.132402703
0.326,-0.00974429073,0.530578763,-4.65351804,-2.43633223,0.843392823,-0.04380387,-0.0206779655,0.0121644961,-1.05916623,5.39413957,-4.28296827,-1.26694366,-0.206620751,-0.133354504
0.327,-0.0103642234,0.545049548,-4.68564949,-2.35138626,0.846599251,-0.042792688,-0.0197364801,0.0108862897,-1.04044549,5.24606986,-4.25314125,-1.24619182,-0.207435405,-0.13426251
0.328,-0.0109404392,0.558829664,-4.71390407,-2.26770902,0.849375214,-0.0417597285,-0.01877465,0.00961265191,-1.02138798,5.09860396,-4.22204561,-1.22536865,-0.20819962,-0.13512594
0.329,-0.0114733719,0.571914658,-4.73833603,-2.1853294,0.851722955,-0.0407059697,-0.0177936204,0.00834529672,-1.00202156,4.95185898,-4.18972181,-1.20449061,-0.208912847,-0.135944118
0.33,-0.011963494,0.584301338,-4.75900311,-2.10427446,0.85364511,-0.039632459,-0.0167945824,0.00708587778,-0.98237388,4.80594921,-4.15621158,-1.18357384,-0.20957462,-0.136716486
0.331,-0.0124112686,0.595987646,-4.77596646,-2.02456928,0.855144915,-0.038540333,-0.0157787737,0.0058359267,-0.962472248,4.66098667,-4.12155916,-1.16263422,-0.210184563,-0.137442634
0.332,-0.0128171326,0.606973457,-4.7892991,-1.94624007,0.856228252,-0.0374309081,-0.0147475088,0.00459679958,-0.942345033,4.5170897,-4.08582024,-1.14168951,-0.210742737,-0.13812261
0.333,-0.0131815568,0.617261598,-4.79909092,-1.86931573,0.856903937,-0.0363056292,-0.0137021262,0.00336978095,-0.922022662,4.37438517,-4.04906367,-1.12076033,-0.211249918,-0.138757016
0.334,-0.013504995,0.626855325,-4.80542795,-1.79381913,0.857179821,-0.0351658346,-0.0126438792,0.00215612376,-0.901533579,4.23298747,-4.01135226,-1.09986505,-0.211706674,-0.139346287
0.335,-0.0137878451,0.635757286,-4.80838608,-1.71976566,0.857061737,-0.0340127163,-0.0115739456,0.000957056924,-0.88090336,4.09299409,-3.97273766,-1.07901848,-0.212113065,-0.139890447
0.336,-0.0140305049,0.64397092,-4.80804301,-1.64716839,0.856555684,-0.0328474212,-0.0104934824,-0.000226201178,-0.860157154,3.95449745,-3.93327049,-1.05823493,-0.212469155,-0.140389483
0.337,-0.0142334065,0.651500538,-4.80447912,-1.57603859,0.855668064,-0.0316710534,-0.0094036256,-0.00139244576,-0.839319857,3.8175858,-3.89300118,-1.0375284,-0.21277505,-0.140843383
0.338,-0.0143970349,0.658351271,-4.7977772,-1.50638562,0.854405681,-0.0304846821,-0.00830549372,-0.00254049464,-0.818416105,3.68234312,-3.85197974,-1.01691253,-0.21303089,-0.141252134
0.339,-0.0145219851,0.664531133,-4.78803727,-1.43822154,0.852778363,-0.0292894606,-0.0072002127,-0.00366920246,-0.797472819,3.54886012,-3.81026744,-0.996403719,-0.213237522,-0.141616162
0.34,-0.0146091998,0.670061199,-4.7754468,-1.37158047,0.850811599,-0.0280869491,-0.00608899144,-0.00477754028,-0.776530234,3.41728254,-3.76799164,-0.976035287,-0.213399678,-0.141938406
0.341,-0.0146598102,0.674966533,-4.76021034,-1.30649438,0.848534046,-0.0268785467,-0.00497295815,-0.00586458257,-0.755628915,3.28775174,-3.72528718,-0.955841969,-0.213522885,-0.142222301
0.342,-0.0146748597,0.67926192,-4.74244869,-1.24296639,0.845959139,-0.0256650306,-0.00385307213,-0.00692933598,-0.73479408,3.16033621,-3.68221702,-0.935839705,-0.213608972,-0.14246883
0.343,-0.0146554133,0.682958661,-4.72225309,-1.18098936,0.843095059,-0.0244470623,-0.00273026216,-0.00797079469,-0.714045449,3.03507779,-3.63881817,-0.916037506,-0.213658413,-0.142678136
0.344,-0.014602613,0.686068574,-4.69971486,-1.12055462,0.839950223,-0.0232253631,-0.0016054655,-0.00898801425,-0.693402043,2.91201422,-3.59512645,-0.896443678,-0.213671655,-0.142850408
0.345,-0.0145176548,0.68860399,-4.67492532,-1.06165214,0.836533273,-0.0220006988,-0.000479616041,-0.00998012132,-0.672882077,2.79117946,-3.55117694,-0.877065902,-0.213649143,-0.142985898
0.346,-0.0144017656,0.690577293,-4.64797269,-1.00426995,0.832852532,-0.020773847,0.000646360725,-0.0109463134,-0.652502468,2.67260213,-3.50700189,-0.857910735,-0.213591181,-0.143084825
0.347,-0.0142560593,0.69199435,-4.61889934,-0.948385542,0.828908287,-0.0195454383,0.00177153148,-0.0118857482,-0.63227307,2.55628233,-3.46259885,-0.838975861,-0.213495952,-0.14314606
0.348,-0.0140815695,0.692856081,-4.58771482,-0.893970864,0.824694932,-0.0183160848,0.00289490113,-0.0127975175,-0.612199467,2.44220368,-3.41794131,-0.820253089,-0.213360089,-0.143167486
0.349,-0.0138794993,0.69317013,-4.55447325,-0.841008538,0.820214805,-0.0170866176,0.00401544679,-0.0136808224,-0.592293738,2.3303764,-3.37303668,-0.801742634,-0.213182298,-0.143148383
0.35,-0.0136512053,0.692949836,-4.51926417,-0.789488142,0.815476683,-0.0158579016,0.00513217075,-0.0145349979,-0.572572434,2.2208281,-3.32791849,-0.783451095,-0.21296301,-0.143089168
0.351,-0.0133980849,0.692209018,-4.48217758,-0.739398681,0.81048955,-0.0146306791,0.00624410284,-0.0153594392,-0.553051595,2.11358368,-3.28262026,-0.765385034,-0.212702778,-0.142990341
0.352,-0.0131215638,0.690961767,-4.44330286,-0.69072836,0.805262441,-0.0134055878,0.00735029837,-0.016153608,-0.53374663,2.00866492,-3.2371748,-0.747550774,-0.212402221,-0.142852448
0.353,-0.0128230953,0.689222307,-4.40272768,-0.643464568,0.79980424,-0.0121831513,0.00844984071,-0.0169170272,-0.514672187,1.90609007,-3.19161344,-0.729954245,-0.212061969,-0.142676051
0.354,-0.0125040769,0.687000574,-4.36050987,-0.597590159,0.794118537,-0.0109637214,0.00954177473,-0.0176491674,-0.495839013,1.80586233,-3.14594561,-0.712596389,-0.211681275,-0.142460791
0.355,-0.0121658139,0.684301601,-4.31667497,-0.553084201,0.788203117,-0.00974761126,0.0106250478,-0.0183494154,-0.477254165,1.70797155,-3.10015772,-0.695472918,-0.21125781,-0.142205277
0.356,-0.0118096735,0.681134843,-4.27127629,-0.509930159,0.782060899,-0.00853534765,0.011698632,-0.0190173306,-0.458927747,1.61241957,-3.05425671,-0.67858397,-0.210790493,-0.141909016
0.357,-0.0114370931,0.677515223,-4.22439996,-0.468115248,0.775701006,-0.00732763394,0.012761589,-0.0196526992,-0.440872788,1.51921927,-3.00827332,-0.661934628,-0.210279784,-0.141572615
0.358,-0.0110494883,0.67345827,-4.17613331,-0.427625848,0.76913299,-0.00612524609,0.0138130213,-0.0202553977,-0.423101527,1.42838089,-2.96223922,-0.64552972,-0.209726198,-0.141196757
0.359,-0.010648228,0.668979808,-4.12656292,-0.388447301,0.762366423,-0.00492903969,0.0148520581,-0.0208253796,-0.405625249,1.33991134,-2.91618558,-0.629373535,-0.209130226,-0.140782133
0.36,-0.0102346308,0.66409608,-4.07577549,-0.350564003,0.75541102,-0.00373996166,0.0158778684,-0.021362672,-0.388454436,1.25381466,-2.87014383,-0.613469986,-0.208492414,-0.140329495
0.361,-0.00981001531,0.658828573,-4.02388771,-0.313961597,0.74828226,-0.00255905346,0.0168897834,-0.0218675559,-0.371601459,1.1701009,-2.82416701,-0.597827111,-0.207814915,-0.139840685
0.362,-0.00937569456,0.653204404,-3.97104851,-0.278625748,0.741002129,-0.00138733406,0.0178873798,-0.0223406101,-0.355080276,1.08878438,-2.77833132,-0.5824572,-0.207101725,-0.139318796
0.363,-0.008932885,0.647245988,-3.91737475,-0.244537448,0.733587032,-0.000225673013,0.0188702352,-0.0227823325,-0.338900538,1.00986457,-2.73269039,-0.567367349,-0.2063554,-0.138765948
0.364,-0.00848262624,0.640969937,-3.86294565,-0.211674258,0.726046466,0.000925142905,0.0198377914,-0.0231930617,-0.323067807,0.933327468,-2.68727146,-0.552559017,-0.205576715,-0.138183052
0.365,-0.00802587468,0.634392489,-3.80783673,-0.18001324,0.718389331,0.00206437251,0.0207894889,-0.0235731663,-0.307586909,0.859156326,-2.64209924,-0.538033064,-0.204766437,-0.137570971
0.366,-0.0075635909,0.627529822,-3.75212173,-0.149531155,0.710624381,0.00319132018,0.0217248164,-0.0239230517,-0.292462112,0.78733222,-2.59719723,-0.523790041,-0.203925375,-0.136930581
0.367,-0.00709672477,0.620398315,-3.69587436,-0.120204563,0.702760522,0.00430534293,0.0226433036,-0.024243136,-0.277697292,0.717834512,-2.55258889,-0.509830445,-0.203054466,-0.136262861
0.368,-0.00662626526,0.613019029,-3.63919478,-0.0920105054,0.694811909,0.00540590674,0.0235446968,-0.0245340372,-0.263297798,0.650645547,-2.50831598,-0.49615836,-0.202156266,-0.135569873
0.369,-0.00615323243,0.605416354,-3.58220103,-0.0649254693,0.686796491,0.00649266199,0.0244289657,-0.0247965441,-0.249269387,0.585747178,-2.4644325,-0.482780172,-0.201234527,-0.134854483
0.37,-0.0056785886,0.597609672,-3.52497981,-0.0389242012,0.678726627,0.00756536446,0.0252959795,-0.0250312874,-0.235614719,0.523112051,-2.42097086,-0.469697824,-0.200291469,-0.134118502
0.371,-0.00520326398,0.589614257,-3.46759222,-0.013980984,0.670609973,0.0086237967,0.0261454832,-0.0252387514,-0.22233428,0.46270665,-2.3779456,-0.456909757,-0.199328001,-0.133362842
0.372,-0.00472823245,0.581445146,-3.41009623,0.00992914928,0.662453578,0.00966779787,0.0269772284,-0.0254194187,-0.20942813,0.404495742,-2.33536874,-0.444414097,-0.198344958,-0.132588333
0.373,-0.00425448629,0.573117099,-3.35254754,0.0328307937,0.654264269,0.0106972519,0.0277909881,-0.0255737995,-0.196895895,0.3484428,-2.29325084,-0.432208728,-0.197343127,-0.131795773
0.374,-0.00378300471,0.564643171,-3.29499189,0.0547482839,0.646047257,0.0117120648,0.0285864988,-0.0257023936,-0.184736301,0.294509546,-2.25159631,-0.420290313,-0.196322788,-0.130985628
0.375,-0.00331468112,0.556027363,-3.23742253,0.075704528,0.637797653,0.0127119364,0.0293630437,-0.0258053498,-0.172945075,0.24265348,-2.21037447,-0.408648942,-0.195281136,-0.130156297
0.376,-0.00285036188,0.547271529,-3.17982107,0.0957205959,0.629508181,0.0136963618,0.0301197201,-0.0258827514,-0.16151778,0.192834061,-2.16954745,-0.397273474,-0.194214591,-0.129305686
0.377,-0.00239092142,0.538386165,-3.12222006,0.114817674,0.621181592,0.0146649188,0.0308560533,-0.0259351254,-0.150452822,0.145016318,-2.12911278,-0.386159364,-0.193122611,-0.128433773
0.378,-0.00193722365,0.529385017,-3.06467082,0.133017378,0.61282456,0.0156172603,0.0315717834,-0.0259632036,-0.139749173,0.0991661045,-2.08908152,-0.375304468,-0.192005879,-0.127541376
0.379,-0.00149008755,0.520281561,-3.00722285,0.150341382,0.60444358,0.0165530386,0.0322666818,-0.0259677457,-0.129405225,0.0552483371,-2.04946412,-0.364706439,-0.190865088,-0.126629328
0.38,-0.00105027217,0.511088984,-2.94992374,0.166811408,0.596044926,0.0174719022,0.0329405478,-0.0259495261,-0.119418824,0.0132270973,-2.01027045,-0.354362743,-0.189700944,-0.125698475
0.381,-0.000618463621,0.501819588,-2.89281609,0.18244915,0.587634057,0.0183734738,0.0335931771,-0.0259093044,-0.109787176,-0.0269342048,-1.97150789,-0.344270311,-0.188513967,-0.124749553
0.382,-0.00019526891,0.492484137,-2.8359343,0.197276176,0.579215025,0.0192573209,0.0342243297,-0.0258477853,-0.100506841,-0.0652724151,-1.93317924,-0.334425143,-0.18730426,-0.123783046
0.383,0.000218762184,0.483093533,-2.77931382,0.211314194,0.570792251,0.0201230411,0.0348338217,-0.0257656837,-0.0915742216,-0.10182456,-1.89528882,-0.324823483,-0.186072095,-0.122799535
0.384,0.00062313734,0.473659576,-2.72299509,0.224585141,0.562371346,0.0209703236,0.0354215648,-0.0256637645,-0.0829856818,-0.136628233,-1.85784513,-0.31546234,-0.184818196,-0.121799866
0.385,0.00101741637,0.464193882,-2.66701748,0.237110794,0.553957903,0.0217989093,0.0359875021,-0.0255427982,-0.0747373153,-0.169721626,-1.8208566,-0.30633876,-0.183543336,-0.120784895
0.386,0.00140120282,0.45470772,-2.6114184,0.248912679,0.545557318,0.0226085767,0.0365315982,-0.0254035561,-0.0668249454,-0.201143455,-1.78433099,-0.297449705,-0.182248283,-0.119755458
0.387,0.00177414266,0.445212613,-2.5562367,0.260012404,0.537175474,0.0233991575,0.0370538852,-0.0252468463,-0.0592442329,-0.23093318,-1.74827764,-0.288792432,-0.180934041,-0.118712523
0.388,0.00213595248,0.435725643,-2.50154304,0.270435022,0.528825222,0.0241708573,0.0375549218,-0.0250738212,-0.0519912159,-0.259134304,-1.71272838,-0.280367913,-0.179604057,-0.117658621
0.389,0.00248642482,0.426265931,-2.44741994,0.280207824,0.520522414,0.0249241568,0.0380355746,-0.0248858107,-0.045061426,-0.285794158,-1.67772399,-0.272178471,-0.178262922,-0.116597004
0.39,0.0028253744,0.416845927,-2.39391195,0.289354775,0.512275284,0.02565928,0.0384962707,-0.0246838167,-0.0384489464,-0.310958222,-1.64328004,-0.264222203,-0.176912784,-0.115529319
0.391,0.00315263195,0.407474186,-2.34104178,0.297897471,0.504087586,0.0263762422,0.0389371665,-0.0244686416,-0.0321471617,-0.334669947,-1.60939765,-0.256494839,-0.175554375,-0.11445628
0.392,0.00346806557,0.398158832,-2.28883027,0.305857231,0.495962812,0.0270750394,0.0393584332,-0.0242410771,-0.0261492561,-0.356972486,-1.57607724,-0.248991982,-0.174188414,-0.113378594
0.393,0.00377157791,0.388907595,-2.23729668,0.313255073,0.487904247,0.0277556655,0.0397602582,-0.0240019018,-0.0204482209,-0.377908686,-1.5433186,-0.241709156,-0.172815622,-0.112296963
0.394,0.00406309632,0.379727441,-2.18645661,0.320111354,0.479914491,0.0284180887,0.0401428109,-0.0237518519,-0.0150368645,-0.397520665,-1.51111951,-0.234641598,-0.17143655,-0.111211984
0.395,0.0043425569,0.370624365,-2.13632077,0.326445434,0.47199517,0.0290622347,0.0405062185,-0.0234916032,-0.00990787204,-0.415849408,-1.47947478,-0.227784162,-0.170051459,-0.110124067
0.396,0.00460991487,0.361604381,-2.08690052,0.332276401,0.464148156,0.0296880774,0.0408506509,-0.0232218216,-0.00505390582,-0.432935685,-1.44838023,-0.22113197,-0.168660739,-0.109033697
0.397,0.00486516202,0.352673771,-2.03820946,0.337623448,0.456375969,0.0302956781,0.0411763466,-0.0229431835,-0.000467619754,-0.44882052,-1.41783384,-0.214680554,-0.167265045,-0.107941502
0.398,0.00510831897,0.343838495,-1.99026009,0.34250538,0.448681064,0.0308851389,0.0414835575,-0.0226563501,0.00385836444,-0.463544594,-1.3878334,-0.208425512,-0.165865033,-0.106848104
0.399,0.00533942472,0.335104113,-1.94306346,0.346940546,0.44106576,0.0314565947,0.0417725438,-0.022361971,0.00793144621,-0.477148134,-1.35837635,-0.202362463,-0.16446133,-0.105754092
0.4,0.00555851538,0.326474908,-1.89662407,0.350945852,0.433531087,0.0320101264,0.0420434583,-0.0220606324,0.0117589964,-0.489669558,-1.32945608,-0.196486505,-0.163054084,-0.104659743
0.401,0.00576557213,0.317951427,-1.8509254,0.354533685,0.426073326,0.0325454651,0.0422959789,-0.0217526826,0.0153481296,-0.501141208,-1.30105155,-0.19079069,-0.161641658,-0.103564174
0.402,0.00596056723,0.309534277,-1.80595148,0.35771536,0.418688724,0.0330622809,0.0425297449,-0.0214384829,0.018705696,-0.511594202,-1.27314209,-0.185268296,-0.160222424,-0.102466506
0.403,0.00614353037,0.301227336,-1.76170619,0.360505299,0.41137808,0.0335605518,0.04274485,-0.0211186451,0.0218385978,-0.521064102,-1.24572116,-0.179914744,-0.158796493,-0.101366991
0.404,0.00631451332,0.293034974,-1.71819731,0.36291851,0.404143208,0.0340403425,0.0429415208,-0.0207938415,0.0247538154,-0.529587228,-1.21878538,-0.174725937,-0.157364405,-0.100266157
0.405,0.00647358402,0.284961205,-1.67543149,0.36496968,0.396985768,0.0345017196,0.043120001,-0.020464735,0.0274583668,-0.53719932,-1.19233105,-0.169697758,-0.155926696,-0.0991645229
0.406,0.00662083332,0.277009798,-1.63341488,0.366673288,0.389907384,0.0349447606,0.0432805631,-0.0201319766,0.0299592993,-0.543935702,-1.16635459,-0.164826155,-0.154483959,-0.0980626404
0.407,0.00675638587,0.269184865,-1.59215653,0.368044395,0.382910475,0.035369635,0.0434236112,-0.0197962459,0.032263753,-0.549832466,-1.14085504,-0.160107508,-0.153037171,-0.0969613012
0.408,0.00688038512,0.261490342,-1.55166536,0.369098113,0.375997582,0.0357765693,0.0435496091,-0.0194582041,0.0343789012,-0.554925647,-1.11583195,-0.155538322,-0.151587406,-0.0958613507
0.409,0.00699298248,0.253929138,-1.511945,0.369848347,0.369170131,0.0361657358,0.0436589168,-0.0191184209,0.0363118076,-0.559249374,-1.09128177,-0.15111475,-0.150135331,-0.094763355
0.41,0.00709435717,0.246503562,-1.47299623,0.370308271,0.362429,0.0365372864,0.0437518439,-0.0187774059,0.0380694307,-0.562836523,-1.06719966,-0.146832874,-0.148681427,-0.0936677449
0.411,0.00718473133,0.239215626,-1.43481892,0.370490902,0.355774997,0.0368913852,0.0438287065,-0.0184356347,0.0396586461,-0.565719293,-1.04358093,-0.142688879,-0.147226171,-0.0925749355
0.412,0.00726438436,0.232067224,-1.39741337,0.370409666,0.349209247,0.0372282352,0.0438898728,-0.0180935638,0.04108627,-0.56792966,-1.02042201,-0.13867912,-0.145770185,-0.091485419
0.413,0.00733369726,0.225062024,-1.36079142,0.370081215,0.342735942,0.0375484032,0.0439361158,-0.0177517805,0.0423594407,-0.569504145,-0.997728515,-0.134801275,-0.144315417,-0.0904004946
0.414,0.00739311212,0.218204233,-1.32496913,0.369523601,0.336360586,0.0378526758,0.0439684227,-0.0174109242,0.0434855194,-0.570481364,-0.975509893,-0.131053617,-0.142864448,-0.0893218361
0.415,0.00744301672,0.211495544,-1.28994829,0.368751128,0.330085279,0.0381415218,0.0439874016,-0.0170714519,0.0444714733,-0.570894094,-0.953765688,-0.127433146,-0.141418522,-0.0882502646
0.416,0.00748375709,0.204936163,-1.25572244,0.36777563,0.323910065,0.0384151953,0.043993427,-0.016733706,0.0453239282,-0.57077112,-0.932489616,-0.123936152,-0.139978083,-0.0871860916
0.417,0.00751567616,0.198526082,-1.22228445,0.366608519,0.317834844,0.0386739431,0.0439868739,-0.0163980101,0.0460493785,-0.570140332,-0.911675124,-0.120558954,-0.138543565,-0.0861296126
0.418,0.00753911021,0.192265004,-1.18962622,0.365260662,0.311859288,0.0389179985,0.0439681018,-0.016064663,0.0466541681,-0.569028529,-0.891315097,-0.117297866,-0.137115333,-0.0850810769
0.419,0.00755435012,0.186151504,-1.15773336,0.363740685,0.305981424,0.0391473965,0.0439372553,-0.0157338675,0.0471442539,-0.5674588,-0.871397837,-0.114148666,-0.135693053,-0.0840403014
0.42,0.00756165029,0.180183588,-1.12658846,0.362055758,0.300198431,0.0393620528,0.0438943547,-0.0154057692,0.0475252743,-0.565451841,-0.851909428,-0.111106939,-0.13427601,-0.0830068698
0.421,0.00756128772,0.174360143,-1.09617999,0.360214396,0.294509025,0.0395620813,0.0438396232,-0.0150805735,0.0478029093,-0.563030456,-0.832840495,-0.10816896,-0.132864152,-0.081980772
0.422,0.00755355019,0.168680507,-1.06649965,0.358225711,0.288912814,0.0397477373,0.0437734056,-0.014758519,0.047982821,-0.560218582,-0.814184325,-0.105331473,-0.13145781,-0.0809622338
0.423,0.00753871887,0.163143844,-1.03753872,0.356098396,0.283409361,0.0399192886,0.0436960387,-0.0144398296,0.0480705061,-0.557039472,-0.795934148,-0.102591298,-0.130057286,-0.0799514602
0.424,0.00751706989,0.157749087,-1.00928768,0.353840685,0.277998093,0.0400769973,0.0436078367,-0.0141247111,0.0480712767,-0.553515464,-0.778082914,-0.0999452914,-0.128662808,-0.0789486072
0.425,0.00748885847,0.15249453,-0.981733532,0.351459403,0.272677542,0.0402210005,0.0435089632,-0.0138133118,0.0479901207,-0.549666423,-0.760621209,-0.0973900773,-0.127274177,-0.0779535639
0.426,0.00745433842,0.147378182,-0.954861967,0.348960678,0.267445878,0.0403513703,0.043399514,-0.0135057523,0.0478317806,-0.545510768,-0.743538795,-0.0949222202,-0.125891029,-0.0769661127
0.427,0.00741379083,0.142398456,-0.928661768,0.346351463,0.262302104,0.0404682888,0.0432797243,-0.013202195,0.047600989,-0.5410679,-0.726827969,-0.0925386666,-0.124513411,-0.0759862852
0.428,0.0073675059,0.137553909,-0.903123162,0.343639009,0.257245623,0.0405719983,0.0431499078,-0.0129028198,0.0473024143,-0.536357402,-0.710482314,-0.0902365893,-0.123141584,-0.0750142397
0.429,0.00731577015,0.132842995,-0.878236182,0.340830293,0.252275774,0.0406627388,0.0430103823,-0.0126077955,0.0469405811,-0.531398142,-0.694495404,-0.088013218,-0.121775812,-0.0740501293
0.43,0.00725887036,0.128264143,-0.853991144,0.337932199,0.247391966,0.0407407691,0.0428614903,-0.0123172831,0.0465198958,-0.526208566,-0.678861175,-0.0858658913,-0.120416427,-0.0730941416
0.431,0.00719710933,0.12381607,-0.830380726,0.334952376,0.242594296,0.0408064744,0.0427037127,-0.0120314671,0.0460447698,-0.520808033,-0.663575602,-0.0837922768,-0.119064122,-0.0721466809
0.432,0.00713078247,0.119497413,-0.807397609,0.331898423,0.23788292,0.0408602754,0.0425375574,-0.0117505171,0.0455194948,-0.515215501,-0.648634878,-0.0817901301,-0.117719628,-0.0712081695
0.433,0.00706015651,0.115306306,-0.785031549,0.328776676,0.233257196,0.0409024791,0.0423633905,-0.0114745403,0.0449480675,-0.509447671,-0.634033111,-0.0798570151,-0.116383279,-0.0702787842
0.434,0.00698548847,0.111240668,-0.763271211,0.325592872,0.228716199,0.0409333517,0.0421815197,-0.0112036102,0.0443342779,-0.503520054,-0.619763769,-0.0779904891,-0.11505526,-0.0693586077
0.435,0.00690703279,0.107298343,-0.742105109,0.322352514,0.224258986,0.0409531596,0.0419922428,-0.0109377846,0.0436817592,-0.497447547,-0.605820396,-0.0761881897,-0.113735735,-0.0684477089
0.436,0.00682504421,0.103477167,-0.721522027,0.319061065,0.219884724,0.0409621926,0.0417958713,-0.0106771136,0.042994012,-0.491244716,-0.592196946,-0.0744478679,-0.112424915,-0.0675461794
0.437,0.00673978655,0.0997750719,-0.701511751,0.315724276,0.215592906,0.0409608079,0.0415927722,-0.0104216508,0.0422744521,-0.484926297,-0.578888359,-0.0727674573,-0.111123175,-0.066654205
0.438,0.00665152206,0.096189886,-0.682063679,0.312347517,0.21138291,0.040949347,0.0413832927,-0.0101714388,0.0415263404,-0.478506225,-0.565889409,-0.0711449424,-0.10983085,-0.0657719419
0.439,0.00656049789,0.0927192367,-0.663166019,0.30893541,0.207253712,0.0409280789,0.0411677164,-0.00992649881,0.0407527296,-0.471997012,-0.553193932,-0.0695782417,-0.108548095,-0.0648994336
0.44,0.00646695315,0.0893607069,-0.64480683,0.305492288,0.203204194,0.0408972556,0.0409463157,-0.0096868423,0.0399565249,-0.465410432,-0.54079565,-0.0680653108,-0.107275038,-0.0640367009
0.441,0.00637112351,0.0861118712,-0.626974275,0.302022348,0.199233228,0.0408571275,0.0407193653,-0.00945247079,0.0391405039,-0.458757692,-0.528688393,-0.0666041666,-0.106011818,-0.0631837652
0.442,0.00627324855,0.0829703748,-0.609657247,0.298529997,0.195339884,0.0408079852,0.0404871862,-0.00922338345,0.0383073612,-0.452049894,-0.516866619,-0.0651929424,-0.104758689,-0.062340714
0.443,0.00617356712,0.0799339446,-0.592845399,0.295019849,0.191523454,0.0407501704,0.0402501509,-0.00899957952,0.0374597191,-0.445298136,-0.505325474,-0.0638299139,-0.103516027,-0.0615077044
0.444,0.00607230067,0.0770002066,-0.576527789,0.291496067,0.187783032,0.0406839916,0.0400085871,-0.0087810351,0.0366000392,-0.438512587,-0.494059671,-0.0625133604,-0.102284092,-0.0606848226
0.445,0.00596965501,0.074166672,-0.56069274,0.287962271,0.184117478,0.0406097073,0.0397627591,-0.00856770046,0.0357306092,-0.431702372,-0.483063368,-0.0612415469,-0.101062996,-0.0598720668
0.446,0.00586582875,0.0714308375,-0.545328579,0.284421878,0.180525635,0.0405275708,0.0395129166,-0.00835951516,0.0348535898,-0.424876118,-0.472330785,-0.0600127988,-0.0998528245,-0.0590694203
0.447,0.00576101211,0.0687901831,-0.530423591,0.280878083,0.177006327,0.040437825,0.0392592912,-0.00815641077,0.0339710137,-0.418041912,-0.461856153,-0.0588254927,-0.0986536305,-0.0582768467
0.448,0.00565538053,0.0662420979,-0.51596543,0.277333532,0.173558143,0.0403406516,0.0390020462,-0.00795830233,0.0330847438,-0.411206818,-0.45163317,-0.0576779813,-0.0974653135,-0.0574942208
0.449,0.00554910271,0.063783964,-0.501941711,0.273790629,0.170179609,0.0402362105,0.0387413201,-0.00776509936,0.0321965081,-0.404377305,-0.441655425,-0.056568625,-0.0962877268,-0.0567213887
0.45,0.00544234881,0.0614132876,-0.488340984,0.270251991,0.166869496,0.040124711,0.0384773041,-0.00757672688,0.0313079703,-0.397559999,-0.431917213,-0.0554959049,-0.095120861,-0.0559582775
0.451,0.00533528038,0.0591276493,-0.475152289,0.266720167,0.163626661,0.0400063814,0.0382102106,-0.00739312045,0.0304207046,-0.390761365,-0.422413141,-0.0544583812,-0.0939647632,-0.0552048461
0.452,0.00522804428,0.0569246661,-0.462364785,0.263197399,0.160449921,0.0398814416,0.0379402417,-0.00721422014,0.0295361737,-0.383987457,-0.413137802,-0.0534546634,-0.0928194613,-0.0544610417
0.453,0.00512076495,0.0548018667,-0.449966813,0.259685143,0.157337725,0.0397500193,0.037667513,-0.00703995252,0.0286556724,-0.377243114,-0.404084928,-0.0524832809,-0.0916847737,-0.053726689
0.454,0.00501353553,0.0527565901,-0.437945005,0.256183579,0.154287848,0.0396120577,0.0373919719,-0.00687021457,0.0277802757,-0.370531192,-0.395246596,-0.0515425744,-0.0905601131,-0.0530013756
0.455,0.00490644959,0.0507863332,-0.42628711,0.252693252,0.151298377,0.0394675575,0.0371136227,-0.00670491358,0.0269110228,-0.363854936,-0.386615786,-0.0506310293,-0.0894450489,-0.0522847831
0.456,0.00479961711,0.0488888648,-0.414983064,0.249215789,0.148368133,0.0393166943,0.0368326283,-0.00654398194,0.0260489916,-0.357218988,-0.378187431,-0.0497474133,-0.0883395503,-0.0515768295
0.457,0.00469314588,0.0470619978,-0.404023162,0.245752875,0.145496039,0.0391596627,0.0365491642,-0.00638734993,0.0251951916,-0.350627878,-0.369956785,-0.0488905701,-0.0872436244,-0.0508774565
0.458,0.00458714073,0.0453035842,-0.393397983,0.242306208,0.142681097,0.0389966702,0.0362634135,-0.00623494544,0.0243505617,-0.344085974,-0.361919365,-0.0480594118,-0.0861573065,-0.0501866225
0.459,0.00448171915,0.0436116645,-0.383099691,0.238878325,0.139922856,0.038828072,0.0359756894,-0.00608671391,0.0235160524,-0.337598638,-0.354072139,-0.0472530747,-0.0850809505,-0.0495044702
0.46,0.00437700256,0.0419843526,-0.37312105,0.23547199,0.13722106,0.0386542812,0.0356863526,-0.00594260458,0.0226925732,-0.331171365,-0.346412656,-0.0464708188,-0.0840150318,-0.0488312115
0.461,0.00427309371,0.040419616,-0.363453443,0.232088967,0.134574906,0.0384755623,0.0353956258,-0.00580253997,0.0218808743,-0.324807988,-0.338937144,-0.0457117617,-0.0829597,-0.048166865
0.462,0.00417008532,0.0389153807,-0.354087716,0.228730543,0.131983327,0.0382921034,0.0351036653,-0.00566642763,0.0210815996,-0.318511381,-0.331641229,-0.0449749521,-0.0819149502,-0.0475113553
0.463,0.00406806733,0.0374696315,-0.345014965,0.225397966,0.129445275,0.0381040918,0.034810629,-0.00553417304,0.0202953366,-0.312284166,-0.324520663,-0.0442594802,-0.0808807912,-0.0468646125
0.464,0.0039671446,0.0360805903,-0.33622817,0.222093501,0.126960333,0.0379118996,0.0345168438,-0.00540570731,0.0195227179,-0.306130239,-0.317572868,-0.0435646979,-0.0798576333,-0.0462267971
0.465,0.00386744432,0.0347467788,-0.327722988,0.21882103,0.124529061,0.0377162011,0.0342229065,-0.00528100171,0.0187644679,-0.300055561,-0.310797731,-0.0428903279,-0.0788465008,-0.045598424
0.466,0.00376906486,0.0334665542,-0.319493555,0.215583345,0.122151435,0.0375175129,0.0339292591,-0.0051599992,0.0180211545,-0.294064396,-0.304193663,-0.0422359205,-0.0778480432,-0.0449797911
0.467,0.00367206537,0.0322380154,-0.31153144,0.212381374,0.119826428,0.0373160453,0.0336360573,-0.00504259625,0.0172931331,-0.28815832,-0.297756596,-0.0416007143,-0.0768622581,-0.044370822
0.468,0.00357649698,0.0310592782,-0.303828162,0.209215811,0.117552937,0.0371119744,0.0333434233,-0.00492868455,0.0165806944,-0.282338496,-0.291482335,-0.0409839536,-0.0758890784,-0.0437714048
0.469,0.00348240015,0.0299284487,-0.296374934,0.206086942,0.115329698,0.0369054103,0.0330514165,-0.00481814865,0.0158840531,-0.276605446,-0.285366318,-0.0403848477,-0.0749283036,-0.0431813538
0.47,0.00338978577,0.028843467,-0.28916103,0.202993473,0.113154624,0.036696179,0.0327598418,-0.00471083916,0.0152032605,-0.270957511,-0.279401997,-0.0398023356,-0.0739791733,-0.0426001641
0.471,0.00329866261,0.0278023463,-0.282176003,0.199934029,0.111025636,0.0364840844,0.0324684882,-0.00460660924,0.0145383282,-0.265392898,-0.273582918,-0.0392353662,-0.0730409132,-0.0420273237
0.472,0.0032090625,0.0268033913,-0.275411897,0.196908697,0.108941539,0.0362691978,0.0321773884,-0.00450535379,0.0138893515,-0.259911771,-0.26790488,-0.0386832219,-0.072113313,-0.0414626465
0.473,0.00312101951,0.0258450184,-0.268861584,0.193917913,0.106901392,0.0360516659,0.0318866424,-0.00440698202,0.0132564207,-0.254514716,-0.262364348,-0.0381452919,-0.0711963187,-0.0409060364
0.474,0.00303455993,0.0249256638,-0.262517868,0.190961853,0.10490416,0.035831599,0.0315963174,-0.00431140192,0.0126395777,-0.249201919,-0.256957586,-0.0376209434,-0.0702898018,-0.0403573558
0.475,0.00294967,0.024043515,-0.256370584,0.188038304,0.102947542,0.0356086618,0.0313060908,-0.004218472,0.0120386808,-0.24397041,-0.251677804,-0.0371090989,-0.0693927721,-0.0398159728
0.476,0.00286631527,0.0231966844,-0.250408195,0.185143751,0.101028583,0.0353822554,0.0310154178,-0.00412802675,0.0114534944,-0.238815587,-0.246516716,-0.0366084602,-0.0685037757,-0.039280991
0.477,0.00278449711,0.0223836602,-0.244622716,0.182277039,0.0991456675,0.0351522098,0.0307241372,-0.00403995658,0.0108839196,-0.233735938,-0.241469401,-0.0361182219,-0.0676222339,-0.03875202
0.478,0.00270423779,0.0216031593,-0.239008422,0.17943853,0.0972980537,0.0349186444,0.0304323394,-0.00395418724,0.010329927,-0.228731864,-0.23653308,-0.0356378984,-0.066748129,-0.0382289944
0.479,0.00262555753,0.0208539394,-0.233559844,0.176628645,0.0954850645,0.0346816942,0.0301401262,-0.00387064739,0.00979146582,-0.223803779,-0.231705158,-0.035167045,-0.0658814738,-0.0377118684
0.48,0.00254850879,0.0201350774,-0.228274915,0.173850259,0.0937073808,0.034441987,0.0298480233,-0.00378932084,0.00926859438,-0.218955136,-0.226986354,-0.0347057382,-0.0650232118,-0.0372011293
0.481,0.00247317903,0.0194459812,-0.223155375,0.171109079,0.0919672489,0.0342007509,0.0295570632,-0.00371025506,0.00876148425,-0.214192826,-0.222381144,-0.0342546629,-0.064175373,-0.0366978874
0.482,0.00239961185,0.0187857677,-0.218199693,0.168408238,0.0902655709,0.0339587552,0.0292678672,-0.00363344512,0.00827013079,-0.209520382,-0.217890726,-0.0338140453,-0.0633390681,-0.0362027262
0.483,0.00232780164,0.0181532345,-0.213402378,0.165747684,0.0886015615,0.0337161526,0.0289805209,-0.00355882068,0.0077943414,-0.204937291,-0.21351225,-0.0333835079,-0.062514245,-0.0357155612
0.484,0.00225773807,0.0175472125,-0.208757879,0.163127133,0.0869743363,0.0334730515,0.0286950742,-0.0034863097,0.00733389627,-0.200442731,-0.209242687,-0.032962653,-0.0617007864,-0.0352362689
0.485,0.00218941627,0.0169666352,-0.204261472,0.160546775,0.0853832896,0.0332296597,0.028411663,-0.00341585318,0.0068885843,-0.196036429,-0.205079728,-0.0325512034,-0.0608987703,-0.0347648362
0.486,0.0021228424,0.0164105759,-0.199909854,0.158007777,0.0838283613,0.0329863944,0.0281306013,-0.0033474151,0.00645822241,-0.191719245,-0.201022395,-0.032149101,-0.0601086551,-0.0343014683
0.487,0.00205801253,0.0158780882,-0.195699307,0.155510874,0.0823092844,0.032743595,0.0278521322,-0.0032809511,0.00604258944,-0.187491418,-0.197069203,-0.0317562161,-0.0593307364,-0.0338462811
0.488,0.00199490515,0.01536815,-0.191624946,0.15305574,0.0808252677,0.0325013841,0.0275763126,-0.00321639519,0.0056414071,-0.183351859,-0.193217432,-0.0313722355,-0.0585649127,-0.0333991714
0.489,0.00193349511,0.0148797613,-0.187681886,0.150641909,0.0793754803,0.0322598546,0.0273031739,-0.00315367906,0.00525438335,-0.179299276,-0.189464295,-0.0309968449,-0.0578110308,-0.0329600129
0.49,0.00187374013,0.0144118367,-0.183863839,0.14826765,0.077958461,0.0320188247,0.0270325162,-0.00309270871,0.00488117832,-0.175330842,-0.185805531,-0.0306294903,-0.0570684475,-0.0325284067
0.491,0.00181555454,0.0139629993,-0.18016025,0.14592764,0.0765708739,0.031777308,0.0267634678,-0.00303331539,0.00452134214,-0.171439478,-0.182232467,-0.0302688794,-0.05633512,-0.0321031585
0.492,0.00175887088,0.0135320199,-0.176561804,0.14361743,0.0752098165,0.0315344464,0.0264952785,-0.00297534674,0.00417448037,-0.167619142,-0.17873756,-0.0299138634,-0.0556093066,-0.0316832356
0.493,0.0017036756,0.0131180766,-0.173064038,0.141336398,0.0738743782,0.0312901801,0.0262278757,-0.00291872967,0.00384033959,-0.163868287,-0.175318074,-0.0295640666,-0.0548907262,-0.0312684219
0.494,0.00164996638,0.0127204416,-0.169663456,0.139084635,0.0725640155,0.0310445974,0.0259613076,-0.00286340698,0.00351869946,-0.160186156,-0.171972176,-0.0292192545,-0.0541793681,-0.0308586397
0.495,0.00159774087,0.0123383917,-0.166356442,0.13686206,0.0712780902,0.0307977438,0.0256955834,-0.00280931944,0.00320934164,-0.15657177,-0.168697835,-0.0288791503,-0.0534751559,-0.0304537597
0.496,0.00154699083,0.011971157,-0.163138659,0.1346679,0.0700156053,0.0305495053,0.0254305766,-0.00275639458,0.00291202945,-0.153023364,-0.165492203,-0.0285433286,-0.0527777475,-0.0300534931
0.497,0.00149770554,0.011618003,-0.160005954,0.132501362,0.0687756104,0.0302997708,0.0251661655,-0.00270456373,0.00262651711,-0.149539214,-0.162352578,-0.0282113985,-0.0520868117,-0.0296575724
0.498,0.00144987409,0.011278292,-0.156955149,0.130362255,0.067557553,0.0300485895,0.0249023653,-0.00265377621,0.00235255024,-0.146118342,-0.159277181,-0.0278831456,-0.0514022694,-0.0292659068
0.499,0.00140347919,0.0109514219,-0.153983359,0.128250439,0.0663609866,0.0297960465,0.0246392255,-0.00260398706,0.00208984706,-0.142759878,-0.156264466,-0.0275584129,-0.0507240802,-0.0288784627
0.5,0.00135850825,0.0106369181,-0.151089231,0.126166873,0.0651861023,0.0295425063,0.0243770316,-0.00255517777,0.00183811752,-0.139464225,-0.153314385,-0.0272373316,-0.0500526641,-0.0284954996
0.501,0.00131498849,0.0103347236,-0.148277127,0.124117127,0.0640355518,0.0292894601,0.0241169967,-0.00250742933,0.00159711824,-0.136236881,-0.150432638,-0.0269210902,-0.0493903058,-0.0281183632
0.502,0.00127293661,0.0100447446,-0.145551098,0.12210645,0.0629118571,0.0290383833,0.0238603059,-0.00246082048,0.00136657837,-0.133082896,-0.147624563,-0.0266108515,-0.0487392009,-0.0277483469
0.503,0.00123231903,0.00976647155,-0.142909383,0.120135225,0.0618149956,0.0287896123,0.0236071961,-0.00241533242,0.00114616539,-0.13000189,-0.144889535,-0.0263067156,-0.048099623,-0.0273856214
0.504,0.00119309501,0.0094993227,-0.140348893,0.118202702,0.0607443159,0.0285431928,0.0233576602,-0.00237092464,0.000935555366,-0.126992229,-0.142225506,-0.026008515,-0.0474713923,-0.0270300666
0.505,0.00115522771,0.00924273181,-0.137866432,0.116308019,0.0596990737,0.0282991186,0.0231116446,-0.00232755602,0.000734446842,-0.124052151,-0.139630256,-0.0257160338,-0.0468542744,-0.0266815015
0.506,0.00111867968,0.00899610546,-0.13545813,0.114449712,0.0586781874,0.0280572127,0.0228689517,-0.00228517402,0.000542551553,-0.121179245,-0.137100819,-0.0254288987,-0.04624778,-0.0263395771
0.507,0.0010834169,0.00875889296,-0.133120318,0.112626404,0.0576806204,0.0278173076,0.0226293923,-0.00224372899,0.000359592142,-0.118371219,-0.134634353,-0.0251467468,-0.0456514472,-0.0260039558
0.508,0.00104941094,0.00853064016,-0.130850263,0.110837382,0.0567057144,0.0275794032,0.022392917,-0.00220318739,0.000185298721,-0.115626518,-0.132228913,-0.0248693851,-0.0450650897,-0.0256744702
0.509,0.00101663298,0.00831093192,-0.128645527,0.109082053,0.0557529165,0.0273435401,0.0221595133,-0.00216352046,1.94005774e-05,-0.112943741,-0.129882803,-0.0245966677,-0.0444885786,-0.0253510014
0.51,0.000985038087,0.00809924644,-0.126501825,0.107358152,0.0548208557,0.027109345,0.021928838,-0.00212466805,-0.000138372595,-0.110319789,-0.12759242,-0.0243280804,-0.0439211025,-0.0250330579
0.511,0.000954538525,0.00789473059,-0.124409321,0.105658597,0.0539057178,0.0268752046,0.0216995573,-0.00208647651,-0.000288275744,-0.107746713,-0.125348524,-0.0240620151,-0.0433598706,-0.0247190307
0.512,0.000925059396,0.00769664264,-0.122359442,0.103977317,0.053004196,0.0266396987,0.0214705096,-0.00204881344,-0.000430543803,-0.105217775,-0.123143149,-0.0237970686,-0.0428024753,-0.0244075306
0.513,0.000896572155,0.00750462576,-0.120349555,0.102313255,0.0521155426,0.0264026471,0.0212415402,-0.00201164551,-0.000565414774,-0.102731433,-0.120974306,-0.023532959,-0.0422485376,-0.0240983241
0.514,0.000869055822,0.00731839022,-0.118378153,0.100666291,0.0512394958,0.0261641018,0.0210126791,-0.0019749578,-0.00069312604,-0.100287091,-0.118841132,-0.0232696155,-0.0416980477,-0.0237913881
0.515,0.000842498734,0.00713774261,-0.116445268,0.0990375844,0.0503764516,0.0259244472,0.0207842199,-0.00193876017,-0.00081392254,-0.0978854039,-0.116744288,-0.0230072712,-0.0411515223,-0.0234869983
0.516,0.000816909681,0.00696267873,-0.114554034,0.0974308957,0.049528145,0.0256847668,0.0205570091,-0.00190311351,-0.000928071977,-0.0955295441,-0.114687521,-0.0227467811,-0.0406105658,-0.0231860511
0.517,0.00079228752,0.00679311921,-0.112706382,0.095848899,0.0486957804,0.0254458919,0.0203316836,-0.00186805753,-0.00103583505,-0.0932215196,-0.112673328,-0.0224887746,-0.0400763542,-0.0228892004
0.518,0.000768610073,0.00662880822,-0.110901113,0.0942915343,0.0478791763,0.0252079498,0.0201083152,-0.0018335803,-0.00113744127,-0.0909606364,-0.110701015,-0.0222332573,-0.0395489434,-0.0225964594
0.519,0.00074585564,0.00646949694,-0.109136754,0.0927584387,0.0470779936,0.0249709866,0.019886913,-0.0017996664,-0.00123311013,-0.0887459291,-0.108769563,-0.021980173,-0.0390282783,-0.0223077747
0.52,0.000724019108,0.00631510345,-0.107414323,0.0912513008,0.0462929372,0.0247356038,0.0196679306,-0.0017663404,-0.00132308157,-0.0865784028,-0.106880391,-0.0217299636,-0.0385151806,-0.022023594
0.521,0.000703114941,0.00616573162,-0.105737997,0.0897744352,0.0455260592,0.0245031399,0.0194524019,-0.00173367759,-0.00140763002,-0.0844614811,-0.105038003,-0.0214837101,-0.0380115911,-0.0217450072
0.522,0.000683139016,0.00602134238,-0.104109649,0.0883301583,0.0447784174,0.0242744222,0.0192409457,-0.00170171472,-0.00148700487,-0.0823965768,-0.103244555,-0.0212420316,-0.0375186143,-0.0214726301
0.523,0.000664062752,0.00588170919,-0.102527908,0.0869179928,0.0440496658,0.0240495212,0.0190335767,-0.00167043461,-0.00156141246,-0.0803824354,-0.101498964,-0.021004894,-0.0370361725,-0.0212064051
0.524,0.00064585434,0.00574658826,-0.100991041,0.0855371242,0.0433392969,0.0238284077,0.0188302313,-0.00163981359,-0.00163105042,-0.0784175014,-0.0997997782,-0.0207721862,-0.0365640376,-0.0209461915
0.525,0.000628464478,0.00561559072,-0.0994946519,0.0841844515,0.0426456543,0.0236104015,0.0186303335,-0.00160978513,-0.00169606935,-0.0764981619,-0.0981429156,-0.0205432383,-0.0361009924,-0.0206912845
0.526,0.000611834952,0.005488246,-0.0980325875,0.0828553676,0.0419663095,0.0233943679,0.0184329551,-0.00158025471,-0.00175658105,-0.0746195433,-0.0965225539,-0.0203169961,-0.0356451556,-0.0204405977
0.527,0.000595928736,0.00536426114,-0.0966015359,0.0815476444,0.0413000302,0.0231798097,0.0182376782,-0.00155117487,-0.00181273028,-0.0727790478,-0.0949356621,-0.0200929684,-0.0351956539,-0.0201936194
0.528,0.000580724346,0.00524347409,-0.095200367,0.0802608599,0.0406465062,0.0229667337,0.0180444841,-0.00152253454,-0.00186468662,-0.0709757592,-0.0933813345,-0.0198710971,-0.034752388,-0.0199502812
0.529,0.000566197766,0.00512569693,-0.0938273929,0.0789940818,0.0400051821,0.0227550035,0.017853242,-0.00149431477,-0.00191259646,-0.0692083438,-0.0918580888,-0.0196511873,-0.0343150363,-0.0197103866
0.53,0.000552302185,0.00501052944,-0.0924768469,0.0777429144,0.0393737474,0.0225434741,0.0176630336,-0.00146643285,-0.00195651311,-0.0674725098,-0.0903604345,-0.0194321713,-0.033881769,-0.0194728715
0.531,0.000538987774,0.00489755176,-0.0911422101,0.076502319,0.0387495569,0.0223307734,0.0174727722,-0.0014387965,-0.00199646434,-0.0657635754,-0.0888821764,-0.0192128111,-0.0334504646,-0.0192365008
0.532,0.00052622969,0.00478658724,-0.0898212253,0.0752708342,0.0381317773,0.0221165394,0.0172821676,-0.00141138271,-0.00203256579,-0.0640800849,-0.0874213096,-0.0189927544,-0.0330205441,-0.0190009259
0.533,0.000514011421,0.00467754737,-0.0885132704,0.0740483607,0.0375202724,0.0219008011,0.0170912363,-0.00138419458,-0.00206496928,-0.0624217851,-0.0859774271,-0.0187719898,-0.0325920146,-0.0187661376
0.534,0.000502328524,0.0045704692,-0.0872200937,0.0728367666,0.0369159068,0.0216841711,0.0169004484,-0.00135727169,-0.00209388217,-0.0607900674,-0.0845524147,-0.0185510166,-0.03216575,-0.018532627
0.535,0.000491208522,0.00446569531,-0.0859494348,0.0716428829,0.0363220847,0.0214687704,0.0167114416,-0.00133074501,-0.002119654,-0.0591903633,-0.0831539332,-0.0183316188,-0.0317448285,-0.0183021595
0.536,0.000480667931,0.00436346816,-0.0847074336,0.070472129,0.0357415328,0.0212563615,0.0165255622,-0.00130471761,-0.00214259352,-0.0576267305,-0.0817880307,-0.0181152523,-0.0313317372,-0.0180761666
0.537,0.000470689172,0.00426371397,-0.0834941059,0.0693247627,0.0351743697,0.0210471883,0.01634297,-0.00127919593,-0.00216285258,-0.0560988745,-0.0804547816,-0.0179020716,-0.0309267012,-0.017854776
0.538,0.000461251511,0.00416632799,-0.0823085663,0.0682002577,0.0346203076,0.0208412566,0.0161636413,-0.00125417214,-0.00218055468,-0.0546058688,-0.0791533669,-0.017692038,-0.0305296094,-0.0176379192
0.539,0.00045234086,0.00407125991,-0.0811507899,0.0670987708,0.0340794038,0.020638779,0.0159877138,-0.0012296514,-0.0021958389,-0.0531473492,-0.0778837793,-0.0174852928,-0.0301406633,-0.0174257071
0.54,0.000443948388,0.00397850346,-0.0800215793,0.066021117,0.0335520553,0.0204401758,0.0158154857,-0.00120565112,-0.00220886016,-0.0517234609,-0.0766467834,-0.0172821478,-0.0297603623,-0.0172184234
0.541,0.000436060035,0.00388801119,-0.0789209457,0.064967437,0.0330383265,0.0202456656,0.0156470972,-0.00118217617,-0.0022197484,-0.0503337949,-0.0754423671,-0.01708274,-0.0293889011,-0.0170161778
0.542,0.000428655856,0.00379969195,-0.0778480609,0.0639371671,0.0325379347,0.0200552474,0.0154825182,-0.00115921831,-0.00222860655,-0.0489773933,-0.0742697154,-0.0168870242,-0.0290261519,-0.016818896
0.543,0.000421710096,0.00371340509,-0.0768011649,0.062928973,0.0320502169,0.0198686734,0.0153215286,-0.00113675548,-0.00223550587,-0.0476527315,-0.0731271331,-0.0166947459,-0.0286716262,-0.0166262972
0.544,0.000415166998,0.00362874996,-0.0757730205,0.0619370447,0.031572225,0.0196842581,0.0151628044,-0.00111468561,-0.00224035672,-0.0463549769,-0.0720077298,-0.0165044494,-0.028322778,-0.016436908
0.545,0.000408967434,0.00354530156,-0.0747554557,0.0609548555,0.0311006102,0.0195000279,0.0150048098,-0.00109289536,-0.00224303935,-0.0450789643,-0.0709037656,-0.0163144627,-0.0279767008,-0.0162490394
0.546,0.000403085195,0.00346292026,-0.0737459732,0.0599805442,0.0306343812,0.0193154521,0.0148471278,-0.00107135683,-0.00224359541,-0.0438231679,-0.0698129174,-0.016124335,-0.0276325989,-0.0160622228
0.547,0.000397506466,0.00338156893,-0.0727441855,0.0590139626,0.030173425,0.0191305439,0.0146897603,-0.0010500736,-0.00224212161,-0.042587371,-0.0687348609,-0.0159340625,-0.0272904551,-0.0158764412
0.548,0.000392218266,0.00330121457,-0.0717497544,0.0580549872,0.0297176458,0.0189453273,0.0145327174,-0.00102904972,-0.00223870875,-0.0413713855,-0.0676693061,-0.0157436441,-0.026950264,-0.0156916835
0.549,0.000387208482,0.00322182929,-0.0707624018,0.0571035302,0.0292669677,0.0187598387,0.0143760184,-0.0010082897,-0.00223344349,-0.0401750566,-0.0666160144,-0.0155530901,-0.0266120381,-0.0155079486
0.55,0.000382464675,0.00314338666,-0.0697818409,0.0561594874,0.0288213089,0.018574106,0.0142196764,-0.000987797653,-0.00222640935,-0.0389982196,-0.0655747419,-0.0153624108,-0.0262757814,-0.0153252311
0.551,0.000377973948,0.00306585982,-0.0688077555,0.0552227316,0.0283805721,0.0183881441,0.0140636945,-0.000967576801,-0.00221768895,-0.0378406876,-0.0645452154,-0.0151716106,-0.0259414795,-0.015143516
0.552,0.000373726572,0.00298924923,-0.0678404084,0.054293604,0.0279448906,0.0182021156,0.0139081894,-0.000947637782,-0.00220738403,-0.0367025776,-0.0635276973,-0.0149808257,-0.0256093337,-0.0149629142
0.553,0.000369740881,0.00291378095,-0.066885237,0.0533765687,0.027516528,0.0180175762,0.0137543391,-0.00092806195,-0.00219576126,-0.0355867352,-0.0625272801,-0.0147913417,-0.0252814953,-0.014784678
0.554,0.000366046382,0.00283975564,-0.0659497328,0.0524776596,0.0270986004,0.0178366657,0.0136037592,-0.000908955928,-0.00218314563,-0.0344968775,-0.0615509358,-0.0146049002,-0.0249608894,-0.0146105193
0.555,0.000362644415,0.00276723554,-0.0650361133,0.0515986378,0.0266920521,0.0176601273,0.013456993,-0.000890350379,-0.00216968012,-0.0334337335,-0.0606006696,-0.0144220789,-0.0246484501,-0.0144409899
0.556,0.000359522215,0.00269616794,-0.0641438064,0.0507390187,0.0262966696,0.0174879491,0.0133140071,-0.000872236636,-0.00215541144,-0.0323965319,-0.0596758672,-0.0142428394,-0.0243440579,-0.0142760241
0.557,0.000356665017,0.00262648201,-0.0632716491,0.049897841,0.0259119892,0.017319951,0.0131746412,-0.000854598165,-0.00214036384,-0.0313842197,-0.0587753634,-0.0140670086,-0.0240473683,-0.014115423
0.558,0.000354052339,0.00255806381,-0.0624173139,0.0490732266,0.0255370647,0.0171556237,0.013038487,-0.000837403379,-0.00212452018,-0.0303952118,-0.0578969142,-0.0138941489,-0.0237575907,-0.0139587245
0.559,0.000351666289,0.00249082433,-0.0615789616,0.0482636951,0.0251711501,0.0169945804,0.0129052316,-0.000820628175,-0.0021078795,-0.029428238,-0.0570387359,-0.0137239264,-0.0234741149,-0.0138055712
0.56,0.000349494884,0.00242472415,-0.0607559796,0.0474687337,0.0248140095,0.016836766,0.0127748149,-0.000804265424,-0.00209048078,-0.0284826718,-0.0562001916,-0.0135562761,-0.023196791,-0.0136558774
0.561,0.000347522221,0.00235969996,-0.0599472673,0.0466874438,0.0244652226,0.01668199,0.0126470749,-0.000788301897,-0.00207234207,-0.0275576942,-0.0553802042,-0.0133910161,-0.0229252742,-0.0135094454
0.562,0.000345699545,0.0022954762,-0.0591462435,0.0459146703,0.0241221345,0.0165285225,0.0125206858,-0.000772653414,-0.00205329359,-0.0266500651,-0.0545726542,-0.0132267366,-0.0226571147,-0.0133648371
0.563,0.000343965839,0.00223172019,-0.0583443645,0.0451438021,0.0237812743,0.0163740421,0.0123938823,-0.000757212926,-0.00203310597,-0.0257559157,-0.0537696433,-0.0130615868,-0.0223891015,-0.0132201576
0.564,0.000342292739,0.00216833247,-0.0575387241,0.0443726598,0.0234414575,0.0162177685,0.0122660725,-0.000741949306,-0.00201174997,-0.0248741206,-0.052968497,-0.0128949701,-0.0221201719,-0.0130747729
0.565,0.000340668895,0.00210532645,-0.0567292874,0.0436012942,0.0231026666,0.016059718,0.0121372693,-0.000726869054,-0.00198929426,-0.0240048719,-0.0521691889,-0.0127269247,-0.0218503568,-0.0129286932
0.566,0.000339097289,0.00204280273,-0.0559183627,0.0428315446,0.0227658362,0.0159005718,0.0120079857,-0.000712007752,-0.00196588504,-0.0231493278,-0.0513738354,-0.0125580139,-0.0215805872,-0.0127824605
0.567,0.000337603556,0.00198098703,-0.0551118871,0.0420679864,0.0224333855,0.0157420616,0.0118795236,-0.000697445083,-0.00194178686,-0.0223100281,-0.0505878683,-0.0123896157,-0.0213131963,-0.0126374506
0.568,0.000336201349,0.00192001569,-0.0543136867,0.041313517,0.0221068853,0.0155853467,0.0117527473,-0.000683231333,-0.00191718103,-0.0214884576,-0.0498147607,-0.0122226343,-0.0210497063,-0.0124945655
0.569,0.000334881809,0.00185988738,-0.0535238166,0.040568131,0.0217863691,0.0154305155,0.0116277115,-0.000669367635,-0.00189211448,-0.0206844957,-0.0490545152,-0.0120571324,-0.0207901849,-0.0123538471
0.57,0.0003336383,0.00180061335,-0.0527426037,0.0398320285,0.0214719707,0.0152777283,0.011504526,-0.000655857856,-0.00186664584,-0.0198981104,-0.0483073794,-0.0118932428,-0.0205348072,-0.0122154011
0.571,0.00033248437,0.00174230885,-0.0519734813,0.0391077427,0.0211650894,0.0151280493,0.0113839801,-0.000642743522,-0.00184094084,-0.0191303909,-0.0475764404,-0.0117318002,-0.0202849579,-0.0120800547
0.572,0.000331436673,0.00168508857,-0.0512201788,0.0383979873,0.0208672588,0.0149826516,0.0112669417,-0.000630068216,-0.00181516685,-0.0183823994,-0.0468650469,-0.011573703,-0.0200421434,-0.0119487122
0.573,0.000330492824,0.00162895571,-0.0504832555,0.0377030612,0.0205787288,0.0148418002,0.0111535926,-0.000617835073,-0.00178937181,-0.0176539467,-0.0461736379,-0.011419132,-0.0198066388,-0.0118215464
0.574,0.000329643726,0.00157387639,-0.0497621151,0.0370223914,0.0202992791,0.0147054219,0.0110438599,-0.000606032672,-0.00176355935,-0.0169444248,-0.0455015942,-0.0112680042,-0.0195782672,-0.0116984599
0.575,0.000328861685,0.00151972884,-0.049053284,0.0363532743,0.0200275117,0.0145725845,0.010937027,-0.000594614922,-0.0017376307,-0.0162522901,-0.0448456696,-0.0111195788,-0.0193557146,-0.0115786741
0.576,0.000328103273,0.00146633164,-0.0483510054,0.0356913615,0.0197610786,0.0144416472,0.0108318501,-0.000583509233,-0.00171141198,-0.0155753856,-0.044200537,-0.010972596,-0.0191367541,-0.0114608593
0.577,0.000327343716,0.0014136053,-0.0476524674,0.0350345369,0.019498818,0.0143118113,0.0107277219,-0.000572679772,-0.00168483937,-0.0149126829,-0.0435635653,-0.0108264602,-0.0189203041,-0.0113443664
0.578,0.00032657502,0.0013615495,-0.0469574512,0.0343826133,0.0192406297,0.0141830427,0.0106246103,-0.000562122218,-0.00165793915,-0.0142640468,-0.0429344956,-0.0106811563,-0.0187062958,-0.0112291539
0.579,0.00032578023,0.00131012683,-0.0462645327,0.0337345224,0.0189859248,0.0140549406,0.0105222094,-0.000551817663,-0.00163069165,-0.0136289996,-0.0423119685,-0.0105363866,-0.0184941699,-0.0111148873
0.58,0.000324922276,0.00125922712,-0.0455695407,0.0330872183,0.0187329748,0.0139262503,0.0104195766,-0.000541714666,-0.00160298339,-0.0130063306,-0.0416921095,-0.0103912246,-0.0182822564,-0.0110005632
0.581,0.000323970691,0.00120878151,-0.0448693784,0.032438487,0.0184804671,0.0137960086,0.0103159914,-0.000531775145,-0.00157474514,-0.012395275,-0.0410720211,-0.0102449875,-0.0180692961,-0.0108854193
0.582,0.000322915325,0.001158806,-0.0441638272,0.0317882265,0.0182282549,0.0136641123,0.0102113781,-0.000521995235,-0.00154601139,-0.0117959478,-0.0404514319,-0.0100976458,-0.0178551707,-0.0107693765
0.583,0.000321756738,0.00110935553,-0.0434540836,0.031137353,0.0179767672,0.0135308908,0.0101059832,-0.000512387138,-0.00151686616,-0.0112088333,-0.0398313567,-0.00994949454,-0.0176403307,-0.0106526973
0.584,0.000320536535,0.00106061774,-0.0427467455,0.030490616,0.0177286787,0.0133983729,0.0100013192,-0.000503025448,-0.00148757507,-0.0106357163,-0.0392177546,-0.00980206679,-0.017427427,-0.0105369746
0.585,0.000319302658,0.00101277446,-0.042048932,0.0298530373,0.0174869252,0.01326881,0.00989905796,-0.000493989042,-0.0014584063,-0.0100782716,-0.0386170744,-0.00965701468,-0.0172193529,-0.0104239581
0.586,0.000318063067,0.000965858901,-0.0413621857,0.0292255946,0.0172521559,0.0131427424,0.00979959105,-0.000485290038,-0.00142942606,-0.00953662983,-0.0380306582,-0.00951471701,-0.0170167531,-0.0103140443
0.587,0.000316813105,0.000919862798,-0.0406862822,0.0286079993,0.0170242819,0.0130201541,0.00970289559,-0.000476919551,-0.00140064097,-0.00901046903,-0.037458224,-0.00937515464,-0.0168195567,-0.010207198
0.588,0.000315551956,0.000874789409,-0.0400214376,0.0280002725,0.0168033945,0.0129011658,0.00960905199,-0.000468873888,-0.00137207436,-0.0084995651,-0.0368998961,-0.00923841324,-0.0166278767,-0.0101034959
0.589,0.000314281242,0.000830646589,-0.0393681289,0.0274026113,0.0165896972,0.012785985,0.00951820548,-0.000461152397,-0.00134375741,-0.00800373763,-0.0363560388,-0.00910463632,-0.0164419348,-0.010003082
0.59,0.000312999396,0.000787430926,-0.0387263916,0.0268148981,0.0163832143,0.0126746808,0.00943039758,-0.000453749141,-0.00131570368,-0.00752270412,-0.0358266106,-0.00897386229,-0.0162617704,-0.00990598909
0.591,0.000311701913,0.000745129998,-0.0380958855,0.0262367524,0.016183818,0.0125672011,0.00934557863,-0.000446653569,-0.00128791044,-0.00705611421,-0.0353112243,-0.00884603693,-0.0160872625,-0.00981215165
0.592,0.000310359323,0.000703673241,-0.0374732425,0.0256657236,0.0159900894,0.0124624841,0.00926294913,-0.000439819666,-0.0012602718,-0.00660309838,-0.0348066842,-0.00872039492,-0.0159169993,-0.00972071538
0.593,0.000308909952,0.000662931687,-0.0368513523,0.025096871,0.0157989664,0.0123581709,0.00918074971,-0.000433157716,-0.00123256552,-0.00616227628,-0.0343062903,-0.00859529329,-0.0157479437,-0.00962982611
0.594,0.000307315402,0.000622849595,-0.0362261258,0.0245274193,0.015608612,0.0122528356,0.00909792005,-0.00042661346,-0.00120468321,-0.00573299132,-0.0338061023,-0.00846978367,-0.0155782893,-0.00953837358
0.595,0.00030557077,0.00058344933,-0.0355975478,0.0239574039,0.0154189089,0.0121463875,0.00901439516,-0.000420180241,-0.0011766545,-0.00531533799,-0.0333059504,-0.00834385706,-0.015407941,-0.00944629274
0.596,0.000303676853,0.000544762842,-0.0349662499,0.0233872938,0.0152300163,0.0120389525,0.00893027155,-0.000413858516,-0.00114852717,-0.00490950108,-0.0328062605,-0.00821764843,-0.0152370718,-0.00935368529
0.597,0.00030164212,0.000506832991,-0.0343336858,0.0228180957,0.015042453,0.0119309425,0.00884585797,-0.00040765791,-0.00112037249,-0.00451574941,-0.0323082255,-0.00809148363,-0.0150662118,-0.00926087387
0.598,0.000299473461,0.0004696947,-0.0337010325,0.0222506135,0.0148566243,0.0118226822,0.00876139764,-0.000401584408,-0.00109224857,-0.00413426476,-0.0318127829,-0.00796562439,-0.0148957761,-0.00916811205
0.599,0.000297171256,0.000433368629,-0.0330686311,0.0216850928,0.0146725656,0.0117142067,0.00867691795,-0.00039563387,-0.00106418573,-0.00376508674,-0.0313200786,-0.00784013621,-0.0147258154,-0.00907542747
0.6,0.000294744718,0.00039788629,-0.0324377132,0.0211223653,0.0144907003,0.0116058643,0.00859267676,-0.000389812612,-0.00103624409,-0.00340832855,-0.0308310934,-0.00771529944,-0.0145567793,-0.0089830916
0.601,0.000292239641,0.000363320128,-0.0318133948,0.0205657571,0.0143132109,0.0114994186,0.00850997703,-0.000384173508,-0.00100860204,-0.00306443171,-0.0303505139,-0.0075923216,-0.0143908812,-0.00889246591
0.602,0.000289701578,0.00032972323,-0.031200534,0.0200183276,0.0141422371,0.0113966149,0.00843010443,-0.000378766758,-0.000981416654,-0.00273363912,-0.0298828392,-0.00747235578,-0.0142302748,-0.00880488414
0.603,0.00028713997,0.00029709415,-0.0305999292,0.019480452,0.0139781338,0.0112977737,0.00835328939,-0.00037359399,-0.000954710524,-0.00241570413,-0.0294287308,-0.00735559524,-0.0140753143,-0.00872057493
0.604,0.000284553355,0.000265418914,-0.0300111872,0.0189517347,0.0138207166,0.0112027821,0.0082794434,-0.000368642768,-0.000928470465,-0.00211026495,-0.028987712,-0.0072419529,-0.0139258166,-0.00863943658
0.605,0.00028192792,0.000234675047,-0.0294326321,0.0184309823,0.0136691982,0.0111110355,0.00820811734,-0.000363885433,-0.000902647473,-0.00181688954,-0.0285580599,-0.00713103229,-0.0137809953,-0.00856099379
0.606,0.000279248044,0.000204844339,-0.0288623838,0.01791691,0.0135226648,0.0110218235,0.00813878508,-0.000359292017,-0.000877191112,-0.00153518618,-0.0281378251,-0.00702237932,-0.0136399442,-0.0084846928
0.607,0.000276512235,0.000175923128,-0.0282999279,0.0174091114,0.0133808167,0.0109349311,0.00807128575,-0.00035484933,-0.00085209266,-0.0012648853,-0.0277263628,-0.00691585874,-0.0135023788,-0.0084103609
0.608,0.000273721748,0.00014790967,-0.0277448965,0.0169072759,0.0132434191,0.0108501927,0.00800549355,-0.000350545758,-0.000827342661,-0.00100574147,-0.0273231628,-0.0068113562,-0.0133680726,-0.00833785777
0.609,0.000270844452,0.000120785113,-0.0271934493,0.0164090106,0.0131085514,0.0107660593,0.00794026194,-0.000346325181,-0.000802825964,-0.000757424858,-0.0269242715,-0.00670788993,-0.0132351029,-0.00826598024
0.61,0.000267833447,9.45355125e-05,-0.0266404535,0.0159112621,0.012973572,0.0106803775,0.00787400304,-0.000342113512,-0.000778399021,-0.000519703566,-0.0265243667,-0.00660414345,-0.0131008407,-0.00819307651
0.611,0.000264674962,6.91710578e-05,-0.0260844787,0.0154133209,0.0128375396,0.0105923787,0.00780615631,-0.00033788265,-0.000754038245,-0.000292555333,-0.0261217144,-0.00649970455,-0.012964384,-0.00811857186
0.612,0.000261373892,4.47071758e-05,-0.0255262589,0.014915807,0.0127005424,0.0105021383,0.00773678807,-0.000333631758,-0.000729786211,-7.60149851e-05,-0.0257167121,-0.00639469902,-0.0128258665,-0.00804254536
0.613,0.000257960787,2.11586468e-05,-0.0249692282,0.0144209023,0.0125640307,0.0104108592,0.00766679718,-0.000329395401,-0.000705761803,0.000129916761,-0.02531249,-0.00628993803,-0.0126867854,-0.00796593896
0.614,0.000254482631,-1.47006224e-06,-0.0244183223,0.0139315592,0.0124302929,0.0103204465,0.00759759778,-0.000325229103,-0.000682116309,0.000325365246,-0.0249137739,-0.00618662655,-0.0125494644,-0.00789022231
0.615,0.000250960608,-2.31874454e-05,-0.0238756229,0.0134489818,0.0123002589,0.0102316916,0.00752977903,-0.000321151999,-0.000658908442,0.000510553701,-0.0245224708,-0.00608526106,-0.0124148509,-0.00781600262
0.616,0.000247399988,-4.40031715e-05,-0.0233413322,0.0129732656,0.012173921,0.0101446161,0.00746335879,-0.000317159225,-0.000636141847,0.000685726585,-0.0241385913,-0.00598586467,-0.0122829614,-0.0077432955
0.617,0.000243821133,-6.39287553e-05,-0.0228167917,0.012505119,0.0120518746,0.010059749,0.00739872411,-0.000313262406,-0.000613850346,0.000851187426,-0.0237633354,-0.0058887527,-0.0121544332,-0.00767250145
0.618,0.000240255486,-8.29824848e-05,-0.0223041832,0.0120456539,0.011935205,0.00997803314,0.00733656377,-0.000309486151,-0.000592085953,0.00100732449,-0.0233988247,-0.00579446232,-0.0120303933,-0.00760432981
0.619,0.000236721179,-0.000101183337,-0.0218044193,0.0115952265,0.0118243802,0.00989989809,0.00727718911,-0.000305839154,-0.000570864502,0.00115452865,-0.0230459108,-0.00570321362,-0.0119113333,-0.00753909393
0.62,0.000233223302,-0.000118547665,-0.0213172862,0.0111535668,0.0117192841,0.00982528499,0.00722055475,-0.000302315208,-0.000550172495,0.00129315014,-0.0227042844,-0.00561494013,-0.0117971494,-0.00747673621
0.621,0.000229745211,-0.000135081089,-0.0208406957,0.0107194468,0.0116187534,0.00975325656,0.00716597344,-0.000298881577,-0.000529949979,0.00142340395,-0.0223716299,-0.00552908043,-0.0116866872,-0.00741653611
0.622,0.000226252031,-0.000150773855,-0.0203710538,0.0102909598,0.0115207055,0.00968210229,0.00711219308,-0.000295483003,-0.000510105804,0.00154533028,-0.0220439454,-0.00544466019,-0.0115778865,-0.00735719515
0.623,0.000222729168,-0.00016562331,-0.0199067293,0.00986731809,0.0114240627,0.0096109525,0.00705858063,-0.000292091074,-0.000490604576,0.00165902589,-0.0217192544,-0.00536120686,-0.0114697152,-0.00729806137
0.624,0.000219180981,-0.000179639762,-0.019447843,0.00944865905,0.0113287135,0.00953974629,0.00700509683,-0.000288702253,-0.000471453241,0.00176469345,-0.0213974534,-0.00527870546,-0.0113621093,-0.00723909543
0.625,0.000215603448,-0.000192828238,-0.0189937906,0.0090347803,0.0112341215,0.00946806368,0.00695143789,-0.000285302184,-0.000452638987,0.00186246433,-0.0210776405,-0.00519693893,-0.0112545727,-0.00717998134
0.626,0.000211984493,-0.00020518525,-0.0185432813,0.00862519607,0.0111393113,0.00939511458,0.00689702804,-0.000281865948,-0.000434134693,0.00195238182,-0.0207581257,-0.00511549602,-0.0111461779,-0.00712012473
0.627,0.000208321474,-0.000216713185,-0.0180958566,0.00821986361,0.0110437579,0.00932049111,0.00684157302,-0.000278380965,-0.000415935748,0.0020345521,-0.020438111,-0.0050341867,-0.0110364634,-0.00705922654
0.628,0.000204622126,-0.000227423905,-0.0176519348,0.00781915761,0.0109474513,0.00924422572,0.00678510244,-0.000274848434,-0.000398059009,0.00210918121,-0.0201177791,-0.00495306274,-0.0109254955,-0.00699732468
0.629,0.00020091739,-0.000237356488,-0.0172138793,0.00742427854,0.010851618,0.00916739961,0.00672841522,-0.000271300754,-0.000380563071,0.00217673828,-0.0197995633,-0.00487272959,-0.0108145757,-0.00693525054
0.63,0.000197257736,-0.000246579858,-0.0167856341,0.00703697731,0.0107585982,0.00909203558,0.00667300043,-0.000267797164,-0.000363532431,0.00223796553,-0.0194878257,-0.00479426396,-0.0107060925,-0.00687453959
0.631,0.000193669948,-0.000255143515,-0.0163690505,0.00665795842,0.0106695464,0.00901915291,0.00661960915,-0.000264366085,-0.000346996963,0.00229341279,-0.0191846467,-0.00471817977,-0.0106012258,-0.0068159587
0.632,0.000190158064,-0.000263072715,-0.0159640563,0.00628707333,0.0105844337,0.00894876924,0.00656825572,-0.000261006353,-0.000330944439,0.0023433938,-0.0188899211,-0.00464445738,-0.0104999717,-0.0067595154
0.633,0.000186725226,-0.000270393417,-0.0155705444,0.0059241606,0.0105032163,0.0088808881,0.00651894308,-0.000257716741,-0.000315363821,0.00238821221,-0.0186035136,-0.00457307413,-0.0104023137,-0.0067052076
0.634,0.000183374667,-0.000277132634,-0.0151884384,0.00556906731,0.0104258794,0.00881553663,0.00647169133,-0.000254496921,-0.000300245041,0.00242817043,-0.0183253365,-0.00450401969,-0.010308263,-0.00665305066
0.635,0.000180109008,-0.000283315665,-0.0148176016,0.00522160902,0.0103523752,0.00875271511,0.00642650125,-0.00025134584,-0.000285575932,0.00246355628,-0.0180552402,-0.00443726643,-0.0102177977,-0.00660303946
0.636,0.000176929004,-0.000288963115,-0.014457725,0.00488153312,0.0102825403,0.00869232702,0.00638330388,-0.000248259643,-0.000271339247,0.00249462094,-0.0177928727,-0.00437273262,-0.0101307797,-0.00655509521
0.637,0.000173813936,-0.000294058192,-0.0141067494,0.00454802642,0.01021494,0.00863320376,0.00634124448,-0.000245204223,-0.0002574855,0.00252129321,-0.0175357115,-0.00430979961,-0.0100458249,-0.00650833277
0.638,0.000170729395,-0.000298556579,-0.0137615794,0.00422007946,0.0101472746,0.00857345061,0.00629893504,-0.000242126221,-0.000243953721,0.00254326168,-0.0172798534,-0.00424750935,-0.00996072647,-0.00646132797
0.639,0.000167663003,-0.000302448573,-0.013421006,0.00389743108,0.0100785006,0.00851223809,0.0062557689,-0.00023900385,-0.000230724358,0.00256050011,-0.0170236525,-0.0041854583,-0.0098745354,-0.00641346537
0.64,0.000164619007,-0.000305754429,-0.0130852143,0.00358028673,0.0100085807,0.00844958594,0.00621176247,-0.000235839612,-0.000217803214,0.00257322287,-0.0167672002,-0.00412366765,-0.00978728981,-0.00636476804
0.641,0.000161608399,-0.000308508726,-0.0127549444,0.00326898602,0.00993792627,0.00838589104,0.00616720836,-0.000232646348,-0.000205203625,0.00258175526,-0.0165113242,-0.00406233802,-0.00969945752,-0.00631553896
0.642,0.00015864499,-0.000310753134,-0.0124311439,0.00296386654,0.00986716296,0.00832172833,0.00612252974,-0.000229441435,-0.000192939287,0.00258647792,-0.0162571693,-0.00400174821,-0.00961170431,-0.00626621203
0.643,0.00015573539,-0.000312516263,-0.0121141621,0.00266506163,0.00979649415,0.00825731642,0.00607788804,-0.000226232137,-0.000181012165,0.00258766377,-0.0160051484,-0.00394199797,-0.00952427985,-0.00621695223
0.644,0.00015288403,-0.000313822465,-0.0118041574,0.00237263402,0.00972599329,0.00819276656,0.00603336543,-0.000223022852,-0.000169421598,0.00258555375,-0.0157554499,-0.00388313357,-0.00943731205,-0.0061678457
0.645,0.000150110224,-0.000314726631,-0.0115024123,0.00208682895,0.00965669633,0.00812900144,0.00598964169,-0.000219839903,-0.00015818189,0.00258064437,-0.0155097968,-0.00382558082,-0.00935186093,-0.00611958936
0.646,0.000147437014,-0.000315293059,-0.0112104493,0.00180781598,0.0095899388,0.00806719128,0.00594758036,-0.000216715377,-0.000147305361,0.00257350838,-0.0152703168,-0.00376986695,-0.00926925771,-0.00607306237
0.647,0.000144871434,-0.000315554149,-0.0109285475,0.00153545116,0.00952608657,0.0080076856,0.00590744099,-0.000213658487,-0.000136784115,0.00256445108,-0.0150375215,-0.00371612286,-0.00918987941,-0.00602852251
0.648,0.000142411812,-0.000315524465,-0.0106563448,0.00126947473,0.00946497067,0.0079503825,0.0058691499,-0.000210666286,-0.0001266023,0.00255362368,-0.0148110601,-0.00366426889,-0.00911358364,-0.00598588712
0.649,0.000140048985,-0.000315202296,-0.0103929528,0.00100959078,0.00940593805,0.00789477317,0.00583233261,-0.000207725336,-0.000116739638,0.00254103632,-0.0145898398,-0.003614043,-0.00903976557,-0.00594476823
0.65,0.000137773289,-0.000314583834,-0.0101374809,0.000755565229,0.00934828828,0.00784031072,0.00579658554,-0.000204821718,-0.000107178589,0.00252667765,-0.0143727309,-0.0035651737,-0.00896778409,-0.00590475153
0.651,0.000135582547,-0.000313680467,-0.00988960594,0.000507256694,0.009291806,0.00778685759,0.00576180738,-0.000201952508,-9.79088645e-05,0.00251065975,-0.0141593807,-0.00351757941,-0.00889746868,-0.00586573134
0.652,0.000133472357,-0.000312496732,-0.00964884095,0.00026453225,0.00923610946,0.00773413836,0.00572779569,-0.000199111197,-8.89179786e-05,0.00249304177,-0.0139491948,-0.00347111523,-0.00882848886,-0.0058274968
0.653,0.000131424259,-0.000311003194,-0.00941370488,2.72888292e-05,0.00917982399,0.00768104926,0.00569373401,-0.000196270346,-8.01862484e-05,0.00247361018,-0.0137401159,-0.00342526961,-0.00875957384,-0.00578921465
0.654,0.000129422136,-0.000309175622,-0.00918294874,-0.000204444065,0.00912170864,0.00762660275,0.00565888905,-0.000193406494,-7.17014071e-05,0.00245218632,-0.013530364,-0.00337959712,-0.00868959871,-0.00575014311
0.655,0.000127464188,-0.000307024401,-0.00895639579,-0.000430566334,0.00906152595,0.00757065189,0.00562314867,-0.000190518191,-6.34629489e-05,0.00242885809,-0.0133196996,-0.0033340349,-0.00861840302,-0.00571017498
0.656,0.000125557219,-0.000304581219,-0.00873448918,-0.000651009663,0.00899967392,0.00751357918,0.00558679308,-0.000187617267,-5.54745732e-05,0.00240387674,-0.0131088154,-0.00328875317,-0.00854642676,-0.00566960079
0.657,0.000123719051,-0.000301904466,-0.00851841768,-0.000865835532,0.00893737661,0.00745645337,0.00555061361,-0.000184732095,-4.77418656e-05,0.00237770362,-0.0128995637,-0.00324421539,-0.00847488126,-0.00562922538
0.658,0.000121962064,-0.000299038641,-0.00830894384,-0.00107519145,0.00887550355,0.0074000433,0.00551518138,-0.00018188268,-4.02633416e-05,0.00235069312,-0.0126932148,-0.00320074321,-0.00840462612,-0.00558962438
0.659,0.000120286999,-0.000295999198,-0.00810600531,-0.00127919505,0.00881409633,0.00734442685,0.005480554,-0.000179071569,-3.30318369e-05,0.00232297284,-0.0124898153,-0.00315835374,-0.00833573348,-0.0055508519
0.66,0.000118696217,-0.000292805154,-0.00790964457,-0.00147799299,0.0087533187,0.00728978498,0.0054468658,-0.000176303807,-2.60411978e-05,0.00229469875,-0.01228958,-0.00311710861,-0.00826839447,-0.00551304113
0.661,0.00011719514,-0.000289482318,-0.00772009748,-0.00167179554,0.00869356635,0.00723649154,0.0054143963,-0.000173588866,-1.92851802e-05,0.00226608039,-0.0120930341,-0.00307715112,-0.00820301784,-0.00547647143
0.662,0.000115786211,-0.000286048387,-0.00753739209,-0.00186080652,0.00863502554,0.00718474538,0.00538329581,-0.00017093168,-1.27558427e-05,0.00223726328,-0.0119003913,-0.00303854839,-0.00813981102,-0.00544128967
0.663,0.000114467741,-0.000282510418,-0.00736128944,-0.00204517557,0.00857758272,0.0071344969,0.00535352951,-0.000168331133,-6.44452039e-06,0.00220830748,-0.0117114463,-0.00300126229,-0.00807869733,-0.00540745382
0.664,0.000113229728,-0.000278855062,-0.00719103569,-0.00222487927,0.00852050401,0.00708518203,0.00532467647,-0.000165774165,-3.43250394e-07,0.00217910897,-0.0115251631,-0.00296504158,-0.00801901917,-0.00537453241
0.665,0.000112058023,-0.000275059577,-0.00702565525,-0.00239973752,0.00846273761,0.00703597404,0.00529611552,-0.000163242181,5.55269215e-06,0.00214948324,-0.0113401199,-0.0029295328,-0.00795982901,-0.00534189642
0.666,0.000110946637,-0.000271121848,-0.00686472513,-0.00256966379,0.00840383964,0.00698655282,0.00526760348,-0.000160728922,1.12455395e-05,0.00211940205,-0.0111557558,-0.00289460049,-0.00790075771,-0.00530930146
0.667,0.000109894286,-0.000267050956,-0.00670812531,-0.00273465079,0.00834371755,0.00693689082,0.00523911664,-0.000158234944,1.67375523e-05,0.00208892316,-0.0109719927,-0.00286023239,-0.00784176574,-0.00527672343
0.668,0.000108897631,-0.000262850768,-0.00655561749,-0.00289463388,0.00828212775,0.00688683506,0.00521053632,-0.000155757883,2.20306701e-05,0.00205806278,-0.0107885584,-0.00282636498,-0.00778267047,-0.00524404162
0.669,0.000107953059,-0.000258524686,-0.00640695922,-0.00304952489,0.00821881039,0.00683621957,0.00518173277,-0.000153295169,2.71260046e-05,0.00202683111,-0.0106051711,-0.00279293101,-0.00772327512,-0.00521112507
0.67,0.000107059048,-0.000254081359,-0.00626203968,-0.00319928017,0.00815366622,0.00678501207,0.00515267632,-0.000150847352,3.20244432e-05,0.00199527572,-0.0104217664,-0.00275991979,-0.00766353524,-0.00517794515
0.671,0.000106217537,-0.000249537861,-0.00612096003,-0.00334396732,0.00808687566,0.00673341311,0.00512351402,-0.000148420152,3.67277253e-05,0.00196350907,-0.0102386375,-0.00272741589,-0.00760366941,-0.00514465141
0.672,0.000105437345,-0.000244926657,-0.00598420705,-0.00348390419,0.0080191515,0.00668206737,0.00509473245,-0.000146028796,4.12411024e-05,0.00193176641,-0.0100567332,-0.00269568187,-0.00754439371,-0.00511173208
0.673,0.000104725169,-0.000240273516,-0.00585211465,-0.00361939566,0.00795104268,0.00663148433,0.00506671842,-0.000143685005,4.55712691e-05,0.00190023413,-0.00987676052,-0.00266492248,-0.00748626613,-0.00507957114
0.674,0.000104080566,-0.000235586896,-0.00572460021,-0.00375053503,0.00788255603,0.00658172346,0.0050395164,-0.000141390403,4.97227541e-05,0.00186896302,-0.0096987312,-0.00263515998,-0.0074293343,-0.00504820731
0.675,0.000103501951,-0.00023087269,-0.00560152072,-0.00387737475,0.00781361412,0.00653277531,0.00501311718,-0.000139145086,5.36991499e-05,0.00183798167,-0.0095225531,-0.00260639008,-0.00737356812,-0.00501762568
0.676,0.000102987616,-0.000226136477,-0.00548273196,-0.00399995755,0.00774413229,0.00648462505,0.00498750703,-0.000136949002,5.75036805e-05,0.00180731465,-0.00934812845,-0.00257860828,-0.00731893211,-0.00498780723
0.677,0.000102535927,-0.000221383701,-0.00536809759,-0.0041183227,0.00767402997,0.00643726289,0.00496267631,-0.000134802198,6.11393913e-05,0.00177698532,-0.00917536937,-0.0025518139,-0.00726539622,-0.00495873746
0.678,0.000102144614,-0.000216618033,-0.0052574523,-0.00423247708,0.00760317653,0.00639063979,0.00493858595,-0.000132703915,6.46088552e-05,0.00174700373,-0.00900413544,-0.00252599217,-0.00721288432,-0.00493037169
0.679,0.000101805439,-0.000211830726,-0.00515033575,-0.00434216499,0.00753100036,0.00634433731,0.00491491111,-0.000130645873,6.79103439e-05,0.00171727799,-0.00883377812,-0.00250098446,-0.00716090366,-0.00490238079
0.68,0.000101507912,-0.00020701,-0.0050462051,-0.00444699865,0.00745678215,0.00629780946,0.00489122423,-0.00012861753,7.10390745e-05,0.00168768436,-0.00866350468,-0.00247658528,-0.00710882083,-0.00487433679
0.681,0.000101247343,-0.000202157749,-0.00494483861,-0.00454681184,0.00738025431,0.00625088582,0.00486738453,-0.000126616304,7.39931465e-05,0.00165820224,-0.00849307318,-0.00245274011,-0.00705642792,-0.00484609981
0.682,0.000101022617,-0.000197283621,-0.00484620114,-0.00464159142,0.00730142381,0.00620362466,0.00484342695,-0.000124644232,7.6773251e-05,0.0016288706,-0.00832256385,-0.00242948591,-0.00700377357,-0.00481770432
0.683,0.000100834835,-0.000192401484,-0.00475036453,-0.00473143445,0.00722046469,0.00615622527,0.0048194958,-0.000122706004,7.93822208e-05,0.00159976248,-0.00815224304,-0.00240691529,-0.00695106246,-0.00478929185
0.684,0.000100684736,-0.00018752379,-0.00465737646,-0.00481643508,0.00713752304,0.00610886535,0.00479571956,-0.000120805674,8.18231627e-05,0.00157094184,-0.00798233815,-0.00238511205,-0.00689847172,-0.00476098655
0.685,0.000100570799,-0.000182658124,-0.00456717493,-0.00489659015,0.00705258236,0.00606158603,0.00477212063,-0.000118944495,8.40975843e-05,0.00154243507,-0.00781289145,-0.00236410629,-0.0068460233,-0.00473280774
0.686,0.000100492842,-0.000177814084,-0.00447975791,-0.00497196748,0.00696572118,0.00601451148,0.00474878721,-0.000117125316,8.62081342e-05,0.00151428833,-0.00764405142,-0.0023439602,-0.00679383237,-0.00470484108
0.687,0.000100452764,-0.000173004214,-0.00439521039,-0.00504274687,0.00687715885,0.005967889,0.0047259057,-0.00011535328,8.8159687e-05,0.00148657607,-0.00747611585,-0.00232478396,-0.00674215149,-0.00467726912
0.688,0.000100450735,-0.000168237463,-0.00431353486,-0.00510903378,0.00678699374,0.00592186205,0.00470358076,-0.000113631313,8.99562287e-05,0.00145934322,-0.00730924075,-0.00230664756,-0.00669111344,-0.00465019186
0.689,0.000100484489,-0.000163518762,-0.00423463018,-0.00517081788,0.00669516639,0.00587643517,0.00468180534,-0.000111959521,9.15998845e-05,0.00143259804,-0.00714340695,-0.00228956705,-0.00664069139,-0.00462359724
0.69,0.000100550055,-0.000158850784,-0.0041583313,-0.00522800453,0.00660151869,0.0058315218,0.00466049731,-0.000110336173,9.30913299e-05,0.00140632557,-0.00697849075,-0.00227352303,-0.0065907541,-0.00459739862
0.691,0.000100642927,-0.000154235745,-0.00408446008,-0.00528047084,0.0065058724,0.00578701166,0.00463955338,-0.000108759056,9.44307385e-05,0.00138050502,-0.00681435199,-0.00225848614,-0.00654114363,-0.00457149002
0.692,0.000100760057,-0.000149677965,-0.00401290305,-0.00532816942,0.00640815249,0.00574288205,0.00461893971,-0.000107227615,9.56196684e-05,0.0013551368,-0.00665096543,-0.00224445946,-0.00649180043,-0.00454583541
0.693,0.000100898194,-0.000145180926,-0.00394353989,-0.00537104313,0.00630827421,0.00569909875,0.00459861363,-0.000105741081,9.66596492e-05,0.00133021845,-0.00648830022,-0.00223143947,-0.00644265099,-0.00452039108
0.694,0.000101051966,-0.000140744863,-0.00387617133,-0.00540892376,0.00620602943,0.00565551047,0.00457843726,-0.000104296527,9.75502594e-05,0.00130572024,-0.00632620342,-0.00221937411,-0.00639348922,-0.00449502134
0.695,0.000101216518,-0.000136371297,-0.00381062839,-0.00544167436,0.00610126459,0.00561200383,0.00455830018,-0.000102891721,9.82916654e-05,0.00128162168,-0.00616458274,-0.00220822312,-0.00634415183,-0.00446961893
0.696,0.000101389117,-0.000132065191,-0.00374683075,-0.00546927889,0.00599397703,0.00556859127,0.00453819049,-0.000101526622,9.88864549e-05,0.00125793073,-0.00600349827,-0.00219799281,-0.00629461694,-0.00444417342
0.697,0.000101568487,-0.000127833492,-0.00368475439,-0.00549180842,0.00588426342,0.00552536815,0.00451816147,-0.000100202509,9.93391598e-05,0.00123467279,-0.00584310457,-0.00218871928,-0.00624495457,-0.00441873749
0.698,0.00010175422,-0.000123683873,-0.00362440569,-0.00550939142,0.00577227651,0.00548247723,0.00449830456,-9.89213302e-05,9.96556448e-05,0.00121188209,-0.00568360546,-0.00218045435,-0.00619528631,-0.00439340031
0.699,0.000101944736,-0.000119621884,-0.00356574679,-0.00552210449,0.00565810417,0.00543999749,0.00447865993,-9.76837836e-05,9.98408621e-05,0.0011895769,-0.00552513593,-0.00217322073,-0.00614566025,-0.00436820093
0.7,0.000102137575,-0.000115651489,-0.00350870961,-0.00552998911,0.00554179174,0.00539796313,0.00445923186,-9.64897448e-05,9.98988944e-05,0.00116776423,-0.00536778772,-0.0021670187,-0.00609607355,-0.00434314425
0.701,0.000102330781,-0.000111776606,-0.00345324318,-0.00553312429,0.00542341739,0.00535643515,0.00444004752,-9.53395829e-05,9.98342401e-05,0.00114645572,-0.00521168321,-0.00216185446,-0.00604655372,-0.00431825801
0.702,0.000102522694,-0.000108000173,-0.0033992957,-0.00553159992,0.00530306197,0.00531547322,0.00442113382,-9.42335531e-05,9.96518714e-05,0.00112566223,-0.00505694436,-0.00215772879,-0.00599712828,-0.00429357119
0.703,0.000102711671,-0.000104323314,-0.00334679682,-0.00552548855,0.00518078024,0.00527510747,0.00440249363,-9.31712006e-05,9.93571207e-05,0.00110538921,-0.00490366468,-0.00215462523,-0.00594779314,-0.00426909114
0.704,0.000102896183,-0.000100745491,-0.00329566115,-0.00551484867,0.00505660714,0.00523534188,0.00438410819,-9.21513918e-05,9.89558948e-05,0.00108563814,-0.00475191501,-0.00215251087,-0.00589851704,-0.00424480705
0.705,0.000103074505,-9.72653866e-05,-0.00324579321,-0.00549972751,0.00493056949,0.005196159,0.00436594008,-9.11724253e-05,9.84543793e-05,0.0010664063,-0.00460175292,-0.00215133847,-0.00584924668,-0.00422069244
0.706,0.000103244612,-9.38830928e-05,-0.00319711338,-0.00548019898,0.00480273272,0.00515755974,0.00434796465,-9.02328598e-05,9.78586894e-05,0.0010476919,-0.00445326414,-0.00215106433,-0.0057999494,-0.00419673233
0.707,0.000103403808,-9.06008019e-05,-0.00314955912,-0.00545636426,0.00467320478,0.00511956491,0.00433017133,-8.93315823e-05,9.71744464e-05,0.00102949259,-0.00430656443,-0.00215164993,-0.00575061363,-0.00417292188
0.708,0.000103548274,-8.7421911e-05,-0.00310306496,-0.0054283202,0.00454210388,0.00508218406,0.00431253798,-8.84672613e-05,9.64062634e-05,0.00101179964,-0.00416177022,-0.00215304883,-0.00570121457,-0.00414924153
0.709,0.000103674232,-8.43494784e-05,-0.00305756681,-0.00539617347,0.00440955625,0.00504542376,0.00429504057,-8.7638424e-05,9.55589119e-05,0.000994603265,-0.0040189998,-0.00215520823,-0.00565172655,-0.00412566994
0.71,0.000103779279,-8.13846111e-05,-0.00301300868,-0.00536005881,0.00427569579,0.00500929981,0.00427766648,-8.68436204e-05,9.46386128e-05,0.000977898436,-0.00387837575,-0.00215807234,-0.00560214011,-0.00410220117
0.711,0.000103861793,-7.85255341e-05,-0.00296932019,-0.00532010007,0.00414062892,0.00497380093,0.00426038372,-8.60808719e-05,9.3652218e-05,0.000961677929,-0.00373999361,-0.00216156724,-0.0055524218,-0.0040788157
0.712,0.000103920229,-7.57681037e-05,-0.00292640891,-0.00527639152,0.00400442784,0.0049388737,0.00424312706,-8.53474943e-05,9.26063258e-05,0.00094592785,-0.0036039148,-0.00216559496,-0.00550249729,-0.00405546623
0.713,0.00010395367,-7.31082054e-05,-0.00288420069,-0.00522906466,0.00386719364,0.00490448883,0.00422585336,-8.46413227e-05,9.15074939e-05,0.000930637626,-0.00347022121,-0.00217006392,-0.00545232338,-0.0040321274
0.714,0.000103961825,-7.05427133e-05,-0.00284265109,-0.00517830628,0.00372907245,0.00487066006,0.00420855808,-8.39610354e-05,9.03622324e-05,0.000915802238,-0.00333902741,-0.00217489906,-0.00540190752,-0.0040088091
0.715,0.000103944852,-6.80691606e-05,-0.00280173749,-0.00512434393,0.00359024113,0.00483743065,0.0041912647,-8.33058568e-05,8.9177021e-05,0.000901420108,-0.00321046648,-0.0021800372,-0.00535129284,-0.00398554649
0.716,0.000103903008,-6.56852089e-05,-0.00276144366,-0.00506741683,0.00345088373,0.00480484651,0.00417400111,-8.26750324e-05,8.79582782e-05,0.000887488756,-0.00308466812,-0.00218541608,-0.00530052933,-0.00396237871
0.717,0.00010383609,-6.33881178e-05,-0.00272174007,-0.00500773913,0.00331116546,0.00477292221,0.00415676913,-8.20672197e-05,8.67120299e-05,0.000873999333,-0.00296173515,-0.00219095982,-0.00524963653,-0.00393932027
0.718,0.000103744968,-6.11756942e-05,-0.0026826236,-0.00494557249,0.00317128104,0.00474171121,0.004139605,-8.14817142e-05,8.54451175e-05,0.000860949691,-0.00284178711,-0.00219661181,-0.00519868037,-0.00391641816
0.719,0.000103632302,-5.90464117e-05,-0.00264413353,-0.00488125572,0.0030314669,0.00471133677,0.00412260781,-8.09190209e-05,8.4165638e-05,0.000848349778,-0.00272497244,-0.00220235054,-0.00514780578,-0.00389377788
0.72,0.00010349998,-5.69974053e-05,-0.00260628219,-0.00481507766,0.00289191355,0.00468187136,0.00410583654,-8.03788385e-05,8.28805258e-05,0.000836199981,-0.00261139197,-0.00220813396,-0.00509710415,-0.0038714662
0.721,0.000103348106,-5.5023903e-05,-0.00256903066,-0.00474723146,0.00275274233,0.00465329122,0.00408927075,-7.98593221e-05,8.15945762e-05,0.000824483512,-0.00250107834,-0.00221387677,-0.00504656562,-0.00384947529
0.722,0.000103174543,-5.31194002e-05,-0.00253228176,-0.00467779975,0.00261400768,0.00462545963,0.00407279488,-7.93568128e-05,8.03101262e-05,0.000813163941,-0.00239399658,-0.00221944116,-0.00499606337,-0.00382770899
0.723,0.00010297687,-5.12774005e-05,-0.00249593463,-0.0046068523,0.00247576495,0.00459822165,0.00405627911,-7.88674455e-05,7.90288161e-05,0.000802202099,-0.00229010314,-0.00222468209,-0.00494545764,-0.00380605886
0.724,0.000102754958,-4.94931569e-05,-0.00245995027,-0.00453456348,0.00233813612,0.00457152386,0.00403968351,-7.83891763e-05,7.77538872e-05,0.000791576696,-0.00218940607,-0.00222950739,-0.00489472327,-0.00378450033
0.725,0.000102508309,-4.77622929e-05,-0.00242428566,-0.0044610895,0.0022012383,0.00454529542,0.00402295342,-7.7919737e-05,7.64881867e-05,0.000781263432,-0.00209190052,-0.00223382227,-0.0048438199,-0.00376299321
0.726,0.000102235117,-4.60802095e-05,-0.00238887042,-0.00438652647,0.00206516392,0.00451940416,0.00400598096,-7.74559038e-05,7.52333175e-05,0.00077122783,-0.00199754974,-0.00223750687,-0.00479264664,-0.0037414473
0.727,0.000101934801,-4.44428009e-05,-0.00235366359,-0.00431101721,0.00193003183,0.00449376359,0.00398870155,-7.6995369e-05,7.39912939e-05,0.000761444227,-0.00190633407,-0.00224046767,-0.00474115749,-0.00371981404
0.728,0.000101609039,-4.28465503e-05,-0.00231867409,-0.004234789,0.00179599578,0.0044683756,0.00397113344,-7.65375007e-05,7.27651447e-05,0.000751903088,-0.00181826318,-0.00224265953,-0.0046894046,-0.00369812289
0.729,0.000101262585,-4.12887717e-05,-0.00228397727,-0.00415818121,0.00166324558,0.00444336696,0.00395341057,-7.60839506e-05,7.15595406e-05,0.000742616684,-0.00173338334,-0.00224410603,-0.00463757284,-0.00367651044
0.73,0.00010090026,-3.97666341e-05,-0.00224964701,-0.00408151731,0.00153194701,0.00441886177,0.00393566785,-7.56364308e-05,7.03788349e-05,0.000733596874,-0.00165172136,-0.00224483729,-0.00458584261,-0.00365511228
0.731,0.000100524079,-3.82765498e-05,-0.00221569489,-0.00400499322,0.00140220525,0.00439486122,0.00391793182,-7.51946295e-05,6.92251173e-05,0.000724834934,-0.00157324368,-0.0022448292,-0.00453426475,-0.00363396124
0.732,0.000100137023,-3.68158246e-05,-0.00218215627,-0.00392883425,0.00127413059,0.00437141071,0.00390026868,-7.47590651e-05,6.81008969e-05,0.000716329596,-0.0014979242,-0.00224408732,-0.00448293524,-0.00361312552
0.733,9.97434379e-05,-3.53824371e-05,-0.00214909603,-0.00385330548,0.00114783465,0.00434861459,0.00388279878,-7.43313503e-05,6.70093797e-05,0.000708089649,-0.00142574603,-0.00224265455,-0.00443200827,-0.00359272121
0.734,9.93459636e-05,-3.39735049e-05,-0.00211653931,-0.00377858832,0.00102338769,0.00432649829,0.00386557542,-7.39118596e-05,6.59523013e-05,0.000700111782,-0.00135665401,-0.00224053915,-0.00438155523,-0.00357280048
0.735,9.8943693e-05,-3.25847239e-05,-0.00208443402,-0.0037047157,0.000900811945,0.004304927,0.0038485123,-7.34983636e-05,6.49287066e-05,0.000692367865,-0.00129053651,-0.0022376707,-0.0043314864,-0.00355328622
0.736,9.85303612e-05,-3.12102755e-05,-0.0020526182,-0.00363151694,0.000780090352,0.00428352913,0.003831314,-7.30847375e-05,6.39337822e-05,0.000684793106,-0.00122721503,-0.00223385851,-0.00428148077,-0.00353390992
0.737,9.81009898e-05,-2.98455648e-05,-0.00202096498,-0.00355887674,0.000661245595,0.00426198946,0.00381373627,-7.26659474e-05,6.29633624e-05,0.000677333344,-0.00116654047,-0.00222894385,-0.00423128469,-0.00351445254
0.738,9.76558556e-05,-2.84883786e-05,-0.00198946319,-0.00348687453,0.000544355538,0.00424022397,0.00379574223,-7.2241003e-05,6.20167137e-05,0.000669972499,-0.00110843562,-0.00222289343,-0.00418088104,-0.00349488585
0.739,9.71957131e-05,-2.71371079e-05,-0.00195811482,-0.00341560156,0.000429500758,0.00421817199,0.00377731682,-7.18093899e-05,6.10934693e-05,0.000662699056,-0.0010528291,-0.00221569168,-0.004130277,-0.00347519974
0.74,9.67211746e-05,-2.57903779e-05,-0.0019269205,-0.00334513658,0.000316758405,0.00419576696,0.00375844099,-7.13705676e-05,6.01930984e-05,0.000655501355,-0.000999646646,-0.00220732417,-0.0040794755,-0.00345537989
0.741,9.62332164e-05,-2.44469905e-05,-0.00189588809,-0.00327556235,0.000206202803,0.00417295594,0.00373910998,-7.09243193e-05,5.93150518e-05,0.000648370741,-0.000948815338,-0.0021977867,-0.00402849473,-0.00343542547
0.742,9.57365207e-05,-2.31066228e-05,-0.00186509695,-0.00320707683,9.79067145e-05,0.00414984426,0.00371946334,-7.04731996e-05,5.84607944e-05,0.00064132394,-0.000900294428,-0.0021871611,-0.00397750592,-0.0034154682
0.743,9.52404823e-05,-2.17697753e-05,-0.00183471412,-0.00314001792,-8.07863502e-06,0.00412674058,0.00369982554,-7.00232644e-05,5.76345862e-05,0.000634409453,-0.000854077893,-0.00217563926,-0.00392686966,-0.00339580746
0.744,9.4751163e-05,-2.04358832e-05,-0.0018048372,-0.00307459218,-0.000111738237,0.00410381072,0.00368039485,-6.95781653e-05,5.68386695e-05,0.000627653678,-0.000810118168,-0.00216334075,-0.0038768012,-0.00337662391
0.745,9.42693149e-05,-1.91033514e-05,-0.00177546127,-0.00301082194,-0.000213068959,0.00408099351,0.00366116686,-6.91377335e-05,5.60720321e-05,0.000621048342,-0.000768318645,-0.00215026792,-0.00382729719,-0.00335791106
0.746,9.37939123e-05,-1.77706113e-05,-0.00174655006,-0.00294866982,-0.000312062249,0.00405815345,0.00364207107,-6.87005876e-05,5.53325353e-05,0.000614574336,-0.000728571889,-0.00213638594,-0.00377828633,-0.00333960188
0.747,9.33239294e-05,-1.64364018e-05,-0.00171806978,-0.00288809757,-0.000408703025,0.00403515604,0.0036230393,-6.82654277e-05,5.46180057e-05,0.000608213533,-0.000690775547,-0.00212166218,-0.00372970212,-0.00332163121
0.748,9.28592232e-05,-1.50997378e-05,-0.00169000445,-0.00282909216,-0.000502974901,0.00401190427,0.00360403921,-6.78316492e-05,5.39268536e-05,0.000601954383,-0.000654838083,-0.00210608473,-0.00368151673,-0.00330396598
0.749,9.23947516e-05,-1.37590149e-05,-0.00166225092,-0.00277149024,-0.000594827346,0.00398808867,0.00358484962,-6.73951325e-05,5.32546883e-05,0.000595754351,-0.000620638374,-0.00208953101,-0.00363351272,-0.00328639977
0.75,9.19226302e-05,-1.24128329e-05,-0.00163466068,-0.00271505041,-0.000684165859,0.00396327763,0.00356514011,-6.69497575e-05,5.25954145e-05,0.000589553595,-0.000588046804,-0.00207181586,-0.00358537202,-0.00326862776
0.751,9.14401254e-05,-1.10612058e-05,-0.00160718394,-0.00265969299,-0.000770906251,0.00393726488,0.00354478311,-6.64932562e-05,5.19458789e-05,0.000583326744,-0.000556978327,-0.00205287434,-0.00353699112,-0.00325053207
0.752,9.09491198e-05,-9.70500826e-06,-0.00157985533,-0.00260547368,-0.000854996621,0.00391004692,0.00352383455,-6.60268147e-05,5.13056502e-05,0.000577079064,-0.0005273811,-0.00203274937,-0.00348845246,-0.00323216179
0.753,9.04535678e-05,-8.34530908e-06,-0.00155274458,-0.00255250088,-0.000936413702,0.00388171134,0.00350243345,-6.55531714e-05,5.06755693e-05,0.000570829461,-0.00049921522,-0.00201153193,-0.00343991857,-0.00321364061
0.754,8.99561656e-05,-6.98296269e-06,-0.00152589756,-0.00250083869,-0.00101513479,0.00385229286,0.0034806721,-6.50741689e-05,5.00557996e-05,0.000564589002,-0.000472432109,-0.00198928497,-0.00339150284,-0.00319504833
0.755,8.94593202e-05,-5.61882098e-06,-0.00149935356,-0.00245053664,-0.00109114342,0.00382181528,0.00345863362,-6.4591445e-05,4.94462467e-05,0.000558367048,-0.000446980891,-0.0019660649,-0.00334330799,-0.00317645593
0.756,8.89722749e-05,-4.25398803e-06,-0.00147326361,-0.00240182317,-0.0011645212,0.00379059526,0.00343666756,-6.41115705e-05,4.88506183e-05,0.000552215685,-0.000422842952,-0.00194207737,-0.00329568999,-0.00315817748
0.757,8.85039546e-05,-2.88889341e-06,-0.00144776688,-0.00235490318,-0.00123537807,0.00375893455,0.0034151139,-6.36408681e-05,4.82725833e-05,0.00054618474,-0.000399992197,-0.00191751776,-0.00324898434,-0.00314051534
0.758,8.80555076e-05,-1.52324721e-06,-0.00142287062,-0.00230976387,-0.00130373873,0.00372680321,0.00339401515,-6.31800734e-05,4.77116022e-05,0.000540275851,-0.000378364252,-0.00189241005,-0.00320323555,-0.00312349677
0.759,8.76201758e-05,-1.5682323e-07,-0.00139845602,-0.00226618617,-0.00136950644,0.00369383891,0.00337311209,-6.27243113e-05,4.71627734e-05,0.000534442622,-0.000357864881,-0.0018666095,-0.00315820615,-0.00310687166
0.76,8.7188332e-05,1.2098302e-06,-0.00137436527,-0.002223887,-0.0014325134,0.00365956533,0.00335203842,-6.22667523e-05,4.66195673e-05,0.000528622323,-0.000338397544,-0.00183991605,-0.00311357001,-0.00309029182
0.761,8.67564211e-05,2.57547173e-06,-0.00135054361,-0.00218274875,-0.00149266496,0.0036237703,0.00333066488,-6.18049964e-05,4.6078835e-05,0.000522790479,-0.000319898604,-0.00181226508,-0.00306923343,-0.00307362634
0.762,8.63221883e-05,3.93855257e-06,-0.00132695986,-0.00214269001,-0.0015498795,0.00358630331,0.00330891518,-6.13376285e-05,4.55383812e-05,0.000516931456,-0.000302314133,-0.00178362366,-0.00302515731,-0.00305679053
0.763,8.5880813e-05,5.29707526e-06,-0.00130354616,-0.00210356831,-0.00160402258,0.00354691503,0.00328661755,-6.08614583e-05,4.49947796e-05,0.000511015059,-0.00028558531,-0.00175391031,-0.00298122019,-0.00303960997
0.764,8.54294813e-05,6.64878559e-06,-0.00128026868,-0.00206529444,-0.00165498861,0.00350544887,0.00326368081,-6.03747878e-05,4.44456361e-05,0.000505023963,-0.000269664474,-0.00172309068,-0.00293737892,-0.00302198425
0.765,8.49704299e-05,7.99173369e-06,-0.00125717053,-0.00202790206,-0.00170277137,0.00346196393,0.00324021101,-5.98795523e-05,4.38911334e-05,0.000498971457,-0.000254521921,-0.00169123717,-0.00289376817,-0.00300399445
0.766,8.45122876e-05,9.32495419e-06,-0.00123438662,-0.00199157195,-0.00174750953,0.00341678324,0.0032165614,-5.93822067e-05,4.33348171e-05,0.000492908583,-0.000240145424,-0.00165854978,-0.00285073687,-0.00298594855
0.767,8.40621373e-05,1.06479231e-05,-0.00121202334,-0.00195643846,-0.00178933638,0.00337016558,0.0031930277,-5.88880804e-05,4.27795902e-05,0.000486876913,-0.00022651426,-0.00162519387,-0.00280857249,-0.00296809875
0.768,8.36212201e-05,1.19595897e-05,-0.00119009901,-0.00192249342,-0.00182827876,0.00332213625,0.00316968447,-5.83983651e-05,4.2225441e-05,0.000480883841,-0.000213589833,-0.0015912195,-0.00276736148,-0.00295049007
0.769,8.31927036e-05,1.32591177e-05,-0.00116865838,-0.00188977103,-0.00186441336,0.00327280228,0.00314668067,-5.79155804e-05,4.16734074e-05,0.000474947984,-0.000201338783,-0.001556715,-0.00272725269,-0.00293323511
0.77,8.27802083e-05,1.45460291e-05,-0.00114775021,-0.00185831268,-0.00189783897,0.00322229006,0.00312418409,-5.7442557e-05,4.11248466e-05,0.000469090633,-0.000189728234,-0.00152177683,-0.00268840576,-0.00291646196
0.771,8.23837591e-05,1.58196363e-05,-0.00112737133,-0.00182807655,-0.00192858274,0.00317058664,0.00310222901,-5.6979649e-05,4.05793697e-05,0.000463312849,-0.00017871681,-0.00148643506,-0.00265085925,-0.00290017265
0.772,8.19947876e-05,1.70776185e-05,-0.00110740233,-0.00179883246,-0.00195647159,0.00311735653,0.00308052894,-5.65213306e-05,4.00323376e-05,0.000457568027,-0.000168246958,-0.00145056996,-0.00261437636,-0.00288406908
0.773,8.16001114e-05,1.83159268e-05,-0.00108766832,-0.00177025831,-0.00198120994,0.00306211259,0.00305862794,-5.60590017e-05,3.94768635e-05,0.000451785427,-0.000158258004,-0.00141399579,-0.00257858275,-0.00286769457
0.774,8.11939939e-05,1.95312149e-05,-0.0010681017,-0.00174220415,-0.0020026702,0.00300467806,0.00303635253,-5.558928e-05,3.89099141e-05,0.000445937583,-0.000148710637,-0.00137667555,-0.00254335001,-0.00285085573
0.775,8.07759845e-05,2.07210304e-05,-0.00104870746,-0.00171463761,-0.00202085641,0.00294509175,0.00301372795,-5.51124442e-05,3.83313658e-05,0.000440027285,-0.000139578548,-0.00133867356,-0.00250871679,-0.00283354324
0.776,8.03458148e-05,2.18829891e-05,-0.00102949277,-0.00168753035,-0.00203578633,0.00288341055,0.00299078602,-5.46288925e-05,3.77414235e-05,0.000434058801,-0.000130836883,-0.00130006268,-0.0024747228,-0.00281575286
0.777,7.99031635e-05,2.30148713e-05,-0.00101046329,-0.00166085265,-0.00204748758,0.00281969893,0.00296755713,-5.41389877e-05,3.71402693e-05,0.000428036375,-0.000122461391,-0.00126091925,-0.00244139974,-0.00279747976
0.778,7.94513482e-05,2.41158365e-05,-0.000991669089,-0.00163464944,-0.00205609454,0.00275415636,0.00294420807,-5.36455535e-05,3.65296431e-05,0.000421983842,-0.000114433482,-0.00122137956,-0.00240888235,-0.002778849
0.779,7.9002357e-05,2.51884054e-05,-0.00097326375,-0.00160913971,-0.00206198388,0.00268727716,0.00292122669,-5.31572195e-05,3.59152521e-05,0.000415970605,-0.00010674521,-0.00118170868,-0.0023775555,-0.00276028896
0.78,7.85656149e-05,2.62352646e-05,-0.00095536126,-0.00158448181,-0.00206548476,0.00261944656,0.00289900239,-5.26807701e-05,3.53017458e-05,0.000410051135,-9.93815606e-05,-0.00114211923,-0.00234770969,-0.00274213462
0.781,7.81410365e-05,2.72563403e-05,-0.000937954883,-0.00156063739,-0.00206668703,0.00255071936,0.00287756889,-5.22164856e-05,3.4689611e-05,0.000404229155,-9.2314241e-05,-0.00110267659,-0.00231933878,-0.00272438496
0.782,7.77239303e-05,2.82497423e-05,-0.000920982788,-0.00153747749,-0.00206556163,0.00248100718,0.00285678721,-5.17615115e-05,3.40774053e-05,0.000398484558,-8.55117238e-05,-0.00106338401,-0.00229229475,-0.00270687674
0.783,7.73095055e-05,2.92132702e-05,-0.000904384604,-0.00151487603,-0.00206207971,0.00241023561,0.00283651482,-5.13129604e-05,3.34637017e-05,0.000392797435,-7.89459556e-05,-0.00102425174,-0.00226642488,-0.00268944475
0.784,7.68954629e-05,3.01456471e-05,-0.000888131791,-0.00149276101,-0.00205628459,0.00233842418,0.00281670297,-5.08696905e-05,3.28481987e-05,0.000387161374,-7.25948597e-05,-0.000985330742,-0.00224164788,-0.0026720141
0.785,7.64735978e-05,3.10433008e-05,-0.00087212994,-0.00147095056,-0.00204806819,0.00226542781,0.00279708815,-5.04267441e-05,3.22280693e-05,0.000381540868,-6.64341324e-05,-0.000946602245,-0.00221770832,-0.00265430876
0.786,7.60335313e-05,3.19015078e-05,-0.000856263029,-0.00144922626,-0.00203726719,0.00219106287,0.00277732295,-4.99777209e-05,3.15996159e-05,0.000375890298,-6.04418184e-05,-0.000908030858,-0.0021942845,-0.00263597886
0.787,7.55721712e-05,3.2718536e-05,-0.00084049768,-0.00142751058,-0.0020239144,0.00211537697,0.00275731438,-4.95208767e-05,3.09623399e-05,0.00037020036,-5.46044872e-05,-0.000869674955,-0.00217125636,-0.0026169232
0.788,7.50932258e-05,3.34960698e-05,-0.0008248722,-0.00140585137,-0.00200822573,0.00203860645,0.00273720353,-4.90587203e-05,3.03186922e-05,0.000364494324,-4.89134119e-05,-0.000831665944,-0.00214868531,-0.00259726887
0.789,7.46027623e-05,3.42372342e-05,-0.000809447569,-0.00138433891,-0.00199048395,0.0019610407,0.00271721182,-4.8595207e-05,2.96721728e-05,0.000358806047,-4.33612334e-05,-0.000794151996,-0.00212669145,-0.00257722196
0.79,7.41034119e-05,3.49432568e-05,-0.000794249741,-0.00136300499,-0.0019708888,0.00188287798,0.00269744426,-4.81321829e-05,2.90248956e-05,0.000353152894,-3.79412414e-05,-0.000757241126,-0.00210530109,-0.00255687676
0.791,7.36000409e-05,3.56157073e-05,-0.000779333959,-0.00134193162,-0.00194970956,0.0018043817,0.00267810146,-4.76731493e-05,2.83798144e-05,0.000347563553,-3.26520491e-05,-0.000721065558,-0.00208461456,-0.00253641496
0.792,7.31032921e-05,3.62590238e-05,-0.000764816421,-0.00132130837,-0.00192737194,0.00172594144,0.00265960001,-4.72254017e-05,2.77420844e-05,0.000342093572,-2.74955036e-05,-0.000685804454,-0.00206489828,-0.00251622065
0.793,7.26190855e-05,3.68765276e-05,-0.000750754576,-0.0013012298,-0.00190416841,0.00164778712,0.00264217285,-4.6792944e-05,2.71149307e-05,0.000336773962,-2.24673975e-05,-0.000651566928,-0.00204627177,-0.00249650679
0.794,7.21430842e-05,3.74675696e-05,-0.000737090175,-0.00128159571,-0.00188011003,0.00156988037,0.00262565805,-4.63728312e-05,2.64975563e-05,0.000331585602,-1.75566515e-05,-0.00061834815,-0.00202854711,-0.00247712204
0.795,7.1662919e-05,3.80276439e-05,-0.000723680523,-0.00126216092,-0.00185499297,0.00149201492,0.00260958356,-4.59567689e-05,2.58860556e-05,0.000326471521,-1.27512152e-05,-0.000586069901,-0.00201130033,-0.00245763348
0.796,7.11700084e-05,3.85536807e-05,-0.000710426678,-0.00124275513,-0.00182871592,0.00141410355,0.00259361003,-4.55389551e-05,2.52778627e-05,0.000321392975,-8.04483963e-06,-0.000554695007,-0.00199421687,-0.00243774154
0.797,7.06626899e-05,3.9045755e-05,-0.00069730536,-0.00122333907,-0.0018013613,0.00133622773,0.00257765417,-4.51182008e-05,2.46729497e-05,0.000316343717,-3.43691696e-06,-0.000524248031,-0.0019771852,-0.00241739074
0.798,7.01371301e-05,3.95024094e-05,-0.000684275517,-0.0012038424,-0.00177295748,0.00125843957,0.00256155609,-4.46920412e-05,2.40705598e-05,0.000311308263,1.07038433e-06,-0.000494737466,-0.00196003965,-0.00239645609
0.799,6.95901102e-05,3.99221828e-05,-0.000671304374,-0.00118420953,-0.00174354726,0.00118081553,0.00254517394,-4.42583864e-05,2.34702096e-05,0.000306273971,5.47257891e-06,-0.000466175731,-0.00194263405,-0.00237483453
0.8,6.90234446e-05,4.03063092e-05,-0.000658407887,-0.00116447188,-0.0017132956,0.00110352208,0.00252854235,-4.38182778e-05,2.28731369e-05,0.000301250109,9.76480516e-06,-0.00043860505,-0.00192496276,-0.00235259203
0.801,6.84476511e-05,4.06612972e-05,-0.000645682756,-0.00114480574,-0.00168257498,0.00102684651,0.00251201029,-4.3378216e-05,2.22834487e-05,0.000296283149,1.39448324e-05,-0.000412111853,-0.00190726298,-0.00233008781
0.802,6.7873144e-05,4.09942279e-05,-0.000633219973,-0.0011253803,-0.0016517416,0.000951029928,0.00249592323,-4.2944579e-05,2.17050745e-05,0.000291417578,1.80136684e-05,-0.000386762814,-0.0018897691,-0.00230767558
0.803,6.7302414e-05,4.13079225e-05,-0.000621032862,-0.0011062292,-0.0016209465,0.000876164642,0.00248033665,-4.25186832e-05,2.11390929e-05,0.00028666246,2.19725495e-05,-0.000362562662,-0.00187249589,-0.00228544023
0.804,6.67375959e-05,4.16051677e-05,-0.000609130366,-0.00108737936,-0.00159032457,0.000802324146,0.00246529223,-4.21015871e-05,2.05862267e-05,0.00028202465,2.58230423e-05,-0.000339505455,-0.00185544986,-0.00226345628
0.805,6.6181095e-05,4.18889892e-05,-0.0005975234,-0.00106886183,-0.00156000905,0.00072957332,0.00245084068,-4.16945191e-05,2.00471881e-05,0.000277511762,2.95672229e-05,-0.000317580373,-0.00183864756,-0.00224180763
0.806,6.56325413e-05,4.21605811e-05,-0.000586197992,-0.00105066309,-0.0015300594,0.000657938107,0.00243692831,-4.12969798e-05,1.95218998e-05,0.000273119642,3.32061522e-05,-0.000296759697,-0.00182203165,-0.00222048296
0.807,6.5082427e-05,4.24149257e-05,-0.000575060413,-0.00103262581,-0.00150031733,0.0005873621,0.00242315775,-4.09027385e-05,1.90076414e-05,0.000268806304,3.67350916e-05,-0.000276975534,-0.00180529458,-0.00219916105
0.808,6.45183796e-05,4.26445189e-05,-0.000563995875,-0.00101455336,-0.00147056107,0.000517801436,0.00240901645,-4.05037646e-05,1.85008998e-05,0.000264518657,4.01444728e-05,-0.000258155048,-0.00178805241,-0.00217742551
0.809,6.39367601e-05,4.28472325e-05,-0.000552969756,-0.000996392435,-0.00144077129,0.000449319715,0.00239431012,-4.00975264e-05,1.80007018e-05,0.000260240185,4.34274586e-05,-0.000240266374,-0.00177016569,-0.0021551578
0.81,6.33388474e-05,4.30242756e-05,-0.000541990826,-0.000978168104,-0.00141103604,0.000382021649,0.00237902549,-3.96846028e-05,1.7507437e-05,0.000255974542,4.65802695e-05,-0.000223294952,-0.00175163268,-0.00213240756
0.811,6.27263529e-05,4.31772304e-05,-0.00053107122,-0.000959911795,-0.0013814459,0.000316007226,0.00236316421,-3.92658473e-05,1.70215667e-05,0.000251726923,4.96000173e-05,-0.000207224171,-0.00173246511,-0.00210924025
0.812,6.21006934e-05,4.3307372e-05,-0.000520220394,-0.000941649885,-0.00135207754,0.000251368079,0.00234671532,-3.8841905e-05,1.65434243e-05,0.000247501069,5.24839507e-05,-0.000192033804,-0.00171266849,-0.00208571147
0.813,6.14702439e-05,4.34207698e-05,-0.000509505458,-0.000923512946,-0.00132315108,0.000188211822,0.00232993097,-3.84177485e-05,1.60751601e-05,0.000243328169,5.52360895e-05,-0.000177722262,-0.00169244222,-0.00206211026
0.814,6.08484992e-05,4.35274948e-05,-0.000499032963,-0.000905703579,-0.00129498394,0.000126623753,0.00231326215,-3.80015527e-05,1.56202135e-05,0.000239258975,5.78678413e-05,-0.000164295539,-0.00167212667,-0.00203889723
0.815,6.02413139e-05,4.36326983e-05,-0.000488842911,-0.000888304452,-0.00126771679,6.66271672e-05,0.00229687528,-3.75967258e-05,1.51799084e-05,0.000235313244,6.03864707e-05,-0.000151730319,-0.00165185056,-0.00201627779
0.816,5.9645269e-05,4.37349584e-05,-0.000478898851,-0.000871259406,-0.00124128781,8.22044455e-06,0.00228058388,-3.7200875e-05,1.47530624e-05,0.000231474066,6.27906876e-05,-0.000139976771,-0.00163148726,-0.00199414922
0.817,5.90537994e-05,4.38302831e-05,-0.000469140736,-0.000854468571,-0.00121556877,-4.85824313e-05,0.00226407757,-3.68096303e-05,1.43376676e-05,0.000227712491,6.50745451e-05,-0.000128980239,-0.00161082495,-0.00197230677
0.818,5.84636112e-05,4.39167637e-05,-0.000459537039,-0.000837882965,-0.00119049954,-0.00010374748,0.00224716813,-3.64206842e-05,1.39325905e-05,0.000224012706,6.7234237e-05,-0.00011869781,-0.00158974351,-0.00195065769
0.819,5.78706565e-05,4.39916797e-05,-0.0004500522,-0.000821445379,-0.00116600387,-0.000157225336,0.00222963744,-3.6031315e-05,1.35366179e-05,0.000220356487,6.92643938e-05,-0.000109088642,-0.00156810531,-0.0019290861
0.82,5.72668773e-05,4.40489336e-05,-0.000440621634,-0.00080504476,-0.00114192475,-0.000208936594,0.00221111135,-3.56363192e-05,1.31476525e-05,0.000216710757,7.1153721e-05,-0.000100107914,-0.00154566747,-0.00190734458
0.821,5.66481873e-05,4.40851113e-05,-0.0004312138,-0.000788629666,-0.00111818568,-0.000258790933,0.00219136718,-3.52329539e-05,1.27645397e-05,0.000213057947,7.28943811e-05,-9.17212458e-05,-0.00152229853,-0.00188532039
0.822,5.60176549e-05,4.41022785e-05,-0.000421852425,-0.000772249434,-0.00109484961,-0.000306723915,0.00217046073,-3.48229292e-05,1.23877442e-05,0.000209407617,7.44875915e-05,-8.39065472e-05,-0.00149806221,-0.00186314096
0.823,5.53818473e-05,4.41054421e-05,-0.00041258648,-0.00075599962,-0.00107204247,-0.000352706311,0.00214858869,-3.44101544e-05,1.20184776e-05,0.000205782275,7.59405151e-05,-7.66450728e-05,-0.00147311677,-0.0018410514
0.824,5.47447467e-05,4.40977386e-05,-0.000403444086,-0.000739937491,-0.00104983394,-0.000396715055,0.00212585368,-3.39969469e-05,1.16573208e-05,0.000202194506,7.72582751e-05,-6.99121802e-05,-0.00144755214,-0.00181921159
0.825,5.41102493e-05,4.4082283e-05,-0.000394451835,-0.000724117177,-0.00102828755,-0.000438741668,0.00210236052,-3.3585565e-05,1.13047672e-05,0.000198656347,7.84468224e-05,-6.36818813e-05,-0.00142145755,-0.00179777888
0.826,5.34864916e-05,4.40658013e-05,-0.000385666,-0.000708647092,-0.00100754308,-0.0004788305,0.00207838471,-3.31809153e-05,1.09621583e-05,0.00019519521,7.95195398e-05,-5.79318069e-05,-0.00139503446,-0.00177705172
0.827,5.28783426e-05,4.40526474e-05,-0.000377117227,-0.000693588598,-0.000987673439,-0.00051702272,0.00205408019,-3.27859095e-05,1.06301231e-05,0.000191826255,8.04866827e-05,-5.26339076e-05,-0.00136839754,-0.00175722015
0.828,5.2282131e-05,4.40401459e-05,-0.000368774529,-0.000678889519,-0.000968588988,-0.000553286254,0.00202927265,-3.2398178e-05,1.03075276e-05,0.000188533556,8.13461425e-05,-4.77510313e-05,-0.00134144142,-0.00173818985
0.829,5.16883419e-05,4.40203861e-05,-0.00036056747,-0.000664424355,-0.000950092552,-0.000587512225,0.00200356438,-3.2011724e-05,9.99208371e-06,0.000185280463,8.20857977e-05,-4.32426748e-05,-0.00131391856,-0.00171967049
0.83,5.10910033e-05,4.39880316e-05,-0.000352453317,-0.000650117705,-0.0009320548,-0.000619607679,0.00197670111,-3.16227615e-05,9.68225355e-06,0.000182043734,8.26979089e-05,-3.9074587e-05,-0.00128568417,-0.0017014867
0.831,5.04889218e-05,4.39416511e-05,-0.000344424197,-0.000635957728,-0.000914434999,-0.000649527268,0.00194862186,-3.12305197e-05,9.37748781e-06,0.000178817763,8.31822665e-05,-3.52185303e-05,-0.00125672512,-0.00168361908
0.832,4.98799844e-05,4.38789393e-05,-0.000336466702,-0.00062192184,-0.000897175511,-0.000677214816,0.00191923844,-3.08337031e-05,9.0771094e-06,0.000175594039,8.35375081e-05,-3.16468439e-05,-0.00122701412,-0.00166601373
0.833,4.92629506e-05,4.37982255e-05,-0.000328573942,-0.000607999007,-0.00088023384,-0.000702626161,0.00188850396,-3.04315575e-05,8.7806266e-06,0.000172367411,8.37638938e-05,-2.83333797e-05,-0.00119655456,-0.00164864044
0.834,4.86409896e-05,4.37017135e-05,-0.000320768417,-0.000594232205,-0.000863645082,-0.000725785576,0.00185654743,-3.00260426e-05,8.4883589e-06,0.000169148322,8.38696038e-05,-2.52549427e-05,-0.00116546415,-0.00163161063
0.835,4.80219011e-05,4.3595972e-05,-0.000313101856,-0.000580718497,-0.000847524551,-0.000746804142,0.00182367949,-2.96219938e-05,8.20143613e-06,0.000165963265,8.38719626e-05,-2.23903409e-05,-0.00113397359,-0.00161518667
0.836,4.74107178e-05,4.34853994e-05,-0.000305605939,-0.000567517856,-0.000831936452,-0.000765774229,0.0017901082,-2.92225718e-05,7.9204665e-06,0.000162828917,8.37848785e-05,-1.97163605e-05,-0.00110224601,-0.00159953551
0.837,4.68079134e-05,4.33703798e-05,-0.000298281955,-0.000554633684,-0.000816863921,-0.000782729934,0.00175587255,-2.88281393e-05,7.64524059e-06,0.000159746179,8.36149479e-05,-1.72080335e-05,-0.0010703394,-0.00158466743
0.838,4.6213771e-05,4.32511297e-05,-0.000291129963,-0.000542066741,-0.000802286781,-0.000797708607,0.00172100895,-2.843895e-05,7.37551126e-06,0.000156715422,8.33686775e-05,-1.48413973e-05,-0.00103831226,-0.00157058156
0.839,4.56283888e-05,4.31276988e-05,-0.000284148792,-0.000529815183,-0.000788181635,-0.000810749734,0.0016855504,-2.80551539e-05,7.1110415e-06,0.000153736538,8.30524636e-05,-1.2593819e-05,-0.0010062233,-0.00155726521
0.84,4.50497024e-05,4.2998063e-05,-0.000277323853,-0.000517851819,-0.000774487784,-0.000821857884,0.00164945321,-2.76755756e-05,6.85131989e-06,0.000150802321,8.26688431e-05,-1.04437985e-05,-0.000974088142,-0.00154462537
0.841,4.44729213e-05,4.28574654e-05,-0.000270624468,-0.000506118958,-0.000761098317,-0.000830987582,0.00161257997,-2.7297361e-05,6.59547906e-06,0.000147896747,8.22151083e-05,-8.37147387e-06,-0.000941871349,-0.00153246797
0.842,4.38950421e-05,4.27027189e-05,-0.000264032023,-0.000494580924,-0.000747938373,-0.000838125335,0.00157486781,-2.6918761e-05,6.34297016e-06,0.00014501019,8.16915325e-05,-6.35993835e-06,-0.000909585804,-0.0015206528
0.843,4.33159601e-05,4.25334458e-05,-0.000257545986,-0.00048323551,-0.00073498398,-0.000843316701,0.00153636608,-2.65398293e-05,6.09371011e-06,0.000142142927,8.11037502e-05,-4.39499959e-06,-0.000877311176,-0.00150913463
0.844,4.27359015e-05,4.23496607e-05,-0.000251167748,-0.000472083913,-0.000722217813,-0.00084662104,0.00149714048,-2.61608417e-05,5.84768733e-06,0.000139296476,8.0458127e-05,-2.46438235e-06,-0.000845135808,-0.00149787599
0.845,4.21550511e-05,4.21513531e-05,-0.00024489821,-0.000461126257,-0.000709622455,-0.000848103415,0.00145725794,-2.57820381e-05,5.60491977e-06,0.000136472286,7.97608908e-05,-5.57664514e-07,-0.000813147489,-0.00148683371
0.846,4.15750674e-05,4.1939995e-05,-0.000238746439,-0.00045037791,-0.000697205695,-0.00084786441,0.00141683722,-2.54045291e-05,5.36567742e-06,0.000133676563,7.90208833e-05,1.33376815e-06,-0.000781460841,-0.00147601251
0.847,4.0999451e-05,4.17190334e-05,-0.000232731305,-0.000439872824,-0.000685006827,-0.000846049723,0.00137605802,-2.50305415e-05,5.13048705e-06,0.000130921329,7.82504327e-05,3.21725624e-06,-0.000750219771,-0.00146548158
0.848,4.04301473e-05,4.14905366e-05,-0.000226861924,-0.000429626737,-0.000673040063,-0.00084278142,0.00133504405,-2.46613606e-05,4.89964493e-06,0.000128213445,7.74589383e-05,5.09907943e-06,-0.000719531487,-0.001455257
0.849,3.98668447e-05,4.12543939e-05,-0.000221134324,-0.000419630702,-0.000661283308,-0.00083814055,0.00129384335,-2.42968974e-05,4.67313423e-06,0.000125552503,7.66512726e-05,6.98402785e-06,-0.000689456908,-0.00144527587
0.85,3.93088152e-05,4.10100934e-05,-0.000215542239,-0.000409871375,-0.000649708955,-0.000832202538,0.00125249198,-2.39368022e-05,4.45088508e-06,0.000122936779,7.58311016e-05,8.87518634e-06,-0.000660046191,-0.00143546062
0.851,3.8755619e-05,4.07573992e-05,-0.000210080995,-0.000400338385,-0.000638295352,-0.000825050151,0.00121103598,-2.35808831e-05,4.23289844e-06,0.000120365446,7.50021619e-05,1.07739326e-05,-0.000631350582,-0.00142574336
0.852,3.82068912e-05,4.04961203e-05,-0.000204746246,-0.000391021974,-0.000627023141,-0.000816767989,0.00116952335,-2.32289688e-05,4.01923603e-06,0.000117837862,7.41678283e-05,1.26799983e-05,-0.000603417805,-0.00141605821
0.853,3.76620728e-05,4.02258562e-05,-0.000199532564,-0.000381910378,-0.000615871098,-0.000807436898,0.00112799618,-2.28807544e-05,3.80996066e-06,0.000115352737,7.3330624e-05,1.4591646e-05,-0.000576287305,-0.00140633284
0.854,3.71208362e-05,3.9946503e-05,-0.000194435818,-0.000372994403,-0.000604823544,-0.000797143738,0.00108650455,-2.25360789e-05,3.60513947e-06,0.000112909458,7.24931157e-05,1.65061306e-05,-0.000549996609,-0.00139650645
0.855,3.65826929e-05,3.96578573e-05,-0.000189451117,-0.000364263517,-0.000593864056,-0.000785972865,0.00104509461,-2.21946938e-05,3.40478712e-06,0.000110506881,7.16571787e-05,1.8419777e-05,-0.000524574775,-0.00138651645
0.856,3.60468999e-05,3.93594609e-05,-0.000184572336,-0.000355704904,-0.000582973673,-0.000774002599,0.00100380548,-2.18561924e-05,3.20888301e-06,0.000108143033,7.08237478e-05,2.03279177e-05,-0.000500041244,-0.00137629383
0.857,3.55131078e-05,3.90512458e-05,-0.000179795391,-0.00034730976,-0.000572140963,-0.000761317296,0.000962686557,-2.15203848e-05,3.0174695e-06,0.000105817046,6.99940412e-05,2.22252219e-05,-0.000476415146,-0.00136578612
0.858,3.49810187e-05,3.87331517e-05,-0.000175116401,-0.000339069781,-0.000561356236,-0.000747999022,0.000921786699,-2.11870861e-05,2.83062851e-06,0.000103528098,6.91689059e-05,2.41056945e-05,-0.000453710096,-0.00135494436
0.859,3.44502087e-05,3.84049579e-05,-0.000170530913,-0.000330975687,-0.000550608942,-0.000734124274,0.000881150246,-2.08560218e-05,2.64843313e-06,0.000101274897,6.83484973e-05,2.59627608e-05,-0.000431932006,-0.00134371776
0.86,3.39207699e-05,3.80670357e-05,-0.000166037263,-0.000323023728,-0.000539898353,-0.00071977863,0.000840834507,-2.05272343e-05,2.47095421e-06,9.90576131e-05,6.75335941e-05,2.77899793e-05,-0.000411087316,-0.0013320811
0.861,3.33949853e-05,3.77222821e-05,-0.000161644588,-0.000315231362,-0.000529260124,-0.000705091969,0.000800948071,-2.02021074e-05,2.29836212e-06,9.6882718e-05,6.67290934e-05,2.9582958e-05,-0.000391201968,-0.00132010239
0.862,3.28758432e-05,3.73745169e-05,-0.000157364793,-0.000307621872,-0.000518741393,-0.000690204323,0.00076160562,-1.98824538e-05,2.13082152e-06,9.47584698e-05,6.5941295e-05,3.13391111e-05,-0.000372300535,-0.00130788426
0.863,3.23643094e-05,3.70253672e-05,-0.000153199039,-0.000300198045,-0.00050835643,-0.000675205956,0.000722861384,-1.95688202e-05,1.9683525e-06,9.26869364e-05,6.51724464e-05,3.30554217e-05,-0.000354375311,-0.00129545214
0.864,3.18603956e-05,3.66753918e-05,-0.000149143303,-0.000292952826,-0.000498103681,-0.000660159906,0.000684740124,-1.92611217e-05,1.81093515e-06,9.06672081e-05,6.44227408e-05,3.47288576e-05,-0.000337402224,-0.00128279378
0.865,3.13640738e-05,3.63250477e-05,-0.000145193714,-0.000285879491,-0.00048798198,-0.000645123533,0.000647263784,-1.89592627e-05,1.65852856e-06,8.86982856e-05,6.36920763e-05,3.63564253e-05,-0.000321353998,-0.0012698988
0.866,3.08744981e-05,3.59737312e-05,-0.000141343896,-0.000278966065,-0.000477980173,-0.00063013463,0.000610439495,-1.86627238e-05,1.51102279e-06,8.67770637e-05,6.29783557e-05,3.79333817e-05,-0.000306194239,-0.00125673079
0.867,3.03876973e-05,3.56170371e-05,-0.000137574628,-0.00027217482,-0.000468041488,-0.000615164977,0.000574218476,-1.8369149e-05,1.36814593e-06,8.48918908e-05,6.2272641e-05,3.94499125e-05,-0.000291856425,-0.00124313152
0.868,2.98997118e-05,3.52504337e-05,-0.000133867494,-0.000265469449,-0.000458110426,-0.000600183473,0.000538561672,-1.80761579e-05,1.22966345e-06,8.30312726e-05,6.15655708e-05,4.08953642e-05,-0.000278275928,-0.00122894183
0.869,2.94103314e-05,3.48738178e-05,-0.000130220417,-0.000258846323,-0.000448187985,-0.000585229128,0.000503501121,-1.77835668e-05,1.09553539e-06,8.1194038e-05,6.08554212e-05,4.22647498e-05,-0.000265422472,-0.00121415217
0.87,2.89218492e-05,3.4490175e-05,-0.000126641401,-0.000252322345,-0.000438311612,-0.000570384214,0.0004691047,-1.74926614e-05,9.65813771e-07,7.93856876e-05,6.01458623e-05,4.35582239e-05,-0.000253284861,-0.0011988549
0.871,2.84363101e-05,3.41022822e-05,-0.000123136862,-0.000245911526,-0.000428514128,-0.000555720246,0.0004354261,-1.7204569e-05,8.40521016e-07,7.76108415e-05,5.94401657e-05,4.47767987e-05,-0.00024184623,-0.00118313483
0.872,2.79561059e-05,3.37133295e-05,-0.000119714854,-0.000239631178,-0.000418833805,-0.000541311219,0.000402516662,-1.69206408e-05,7.19634335e-07,7.58750085e-05,5.87422915e-05,4.59226899e-05,-0.000231090796,-0.00116709609
0.873,2.74873988e-05,3.33311085e-05,-0.000116399439,-0.000233530781,-0.000409365329,-0.000527299318,0.000370470026,-1.66445442e-05,6.031717e-07,7.41938638e-05,5.80643411e-05,4.70054727e-05,-0.000221031906,-0.00115100505
0.874,2.70346362e-05,3.29614919e-05,-0.000113206582,-0.000227643891,-0.000400176483,-0.000513786986,0.000339335072,-1.63789538e-05,4.91046453e-07,7.25782572e-05,5.74153328e-05,4.80338355e-05,-0.000211665691,-0.00113506009
0.875,2.65952981e-05,3.2601906e-05,-0.000110122634,-0.000221944622,-0.000391230727,-0.00050073865,0.000309061435,-1.61223223e-05,3.83044421e-07,7.10202027e-05,5.67896678e-05,4.90050484e-05,-0.000202933003,-0.001119167
0.876,2.61625766e-05,3.224436e-05,-0.000107116892,-0.000216372456,-0.000382429125,-0.000488036631,0.000279559996,-1.58704714e-05,2.7892983e-07,6.95004136e-05,5.61722356e-05,4.99075521e-05,-0.000194745795,-0.00110304857
0.877,2.57319359e-05,3.18834817e-05,-0.000104169132,-0.000210887674,-0.000373707928,-0.000475606587,0.00025078728,-1.56206016e-05,1.7853689e-07,6.80059488e-05,5.55524611e-05,5.07326567e-05,-0.000187038271,-0.00108652163
0.878,2.52961964e-05,3.1510515e-05,-0.000101249396,-0.000205430588,-0.000364966765,-0.000463325514,0.000222691787,-1.53683278e-05,8.17290091e-08,6.65171109e-05,5.49138424e-05,5.14652666e-05,-0.000179729486,-0.00106929101
0.879,2.48425229e-05,3.11093664e-05,-9.83066666e-05,-0.000199898275,-0.000356026118,-0.000450968031,0.000195202356,-1.51057677e-05,-1.15383186e-08,6.49996177e-05,5.42267759e-05,5.20762396e-05,-0.000172703525,-0.00105082125
0.88,2.4365702e-05,3.06730653e-05,-9.53221301e-05,-0.000194252603,-0.000346819005,-0.000438449536,0.000168347366,-1.48295605e-05,-1.0115106e-07,6.34395267e-05,5.34771886e-05,5.2549185e-05,-0.00016590348,-0.00103089883
0.881,2.38782123e-05,3.02168686e-05,-9.23464401e-05,-0.000188596903,-0.000337530834,-0.000426001897,0.000142281064,-1.4547101e-05,-1.87016966e-07,6.18690511e-05,5.26899152e-05,5.29059494e-05,-0.000159393934,-0.00101006134
0.882,2.33987105e-05,2.97643356e-05,-8.94516951e-05,-0.000183079181,-0.000328429944,-0.000413958925,0.000117143396,-1.4269657e-05,-2.69258216e-07,6.03359615e-05,5.19048929e-05,5.31865869e-05,-0.000153274987,-0.00098911112
0.883,2.29356046e-05,2.93264897e-05,-8.66679003e-05,-0.000177762239,-0.00031963449,-0.000402463651,9.29627872e-05,-1.40022702e-05,-3.48035372e-07,5.88609008e-05,5.11404515e-05,5.34124682e-05,-0.000147572926,-0.000968416836
0.884,2.24976299e-05,2.89150088e-05,-8.40247971e-05,-0.000172708621,-0.000311263132,-0.000391659875,6.97367128e-05,-1.37501377e-05,-4.23497006e-07,5.74648702e-05,5.04160442e-05,5.36081216e-05,-0.000142313135,-0.000948359151
0.885,2.20950639e-05,2.85437773e-05,-8.15563187e-05,-0.000167990522,-0.000303453116,-0.000381716684,4.74333301e-05,-1.35196167e-05,-4.96311587e-07,5.61728244e-05,4.97559223e-05,5.3805698e-05,-0.000137528338,-0.00092938689
0.886,2.17269845e-05,2.82124448e-05,-7.92539991e-05,-0.000163593005,-0.00029618524,-0.000372607051,2.59681952e-05,-1.33103209e-05,-5.6699745e-07,5.49810334e-05,4.91598466e-05,5.40120541e-05,-0.000133180636,-0.000911475371
0.887,2.13764856e-05,2.78997129e-05,-7.70521217e-05,-0.000159382351,-0.000289223514,-0.000364030369,5.25479582e-06,-1.3111993e-05,-6.35499006e-07,5.384543e-05,4.85907034e-05,5.41922775e-05,-0.000129137456,-0.000893927468
0.888,2.10272174e-05,2.75844347e-05,-7.48899563e-05,-0.000155234063,-0.00028234497,-0.000355700182,-1.47320267e-05,-1.29145693e-05,-7.01504611e-07,5.27239196e-05,4.80112107e-05,5.43083646e-05,-0.000125276322,-0.000876074406
0.889,2.06743629e-05,2.72601849e-05,-7.27501605e-05,-0.000151113055,-0.000275486831,-0.000347529842,-3.39760416e-05,-1.27150885e-05,-7.65052882e-07,5.16040027e-05,4.74099595e-05,5.43496208e-05,-0.000121549233,-0.00085773726
0.89,2.03126164e-05,2.69197907e-05,-7.06145432e-05,-0.000146982234,-0.000268581997,-0.000339425569,-5.2442046e-05,-1.25103258e-05,-8.26138237e-07,5.04722154e-05,4.67744407e-05,5.4303302e-05,-0.000117908763,-0.000838721484
0.891,1.99380416e-05,2.65577644e-05,-6.84705835e-05,-0.000142815714,-0.000261583189,-0.000331316307,-7.00794039e-05,-1.22978219e-05,-8.84515089e-07,4.93184569e-05,4.60948559e-05,5.41587843e-05,-0.000114319051,-0.000818891266
0.892,1.9553324e-05,2.61772461e-05,-6.63285436e-05,-0.000138636417,-0.000254531919,-0.000323243383,-8.68523134e-05,-1.20793966e-05,-9.40923412e-07,4.8149611e-05,4.53773157e-05,5.39247605e-05,-0.0001107849,-0.000798391153
0.893,1.91656102e-05,2.57876142e-05,-6.42129783e-05,-0.000134496838,-0.000247525547,-0.000315316543,-0.000102754965,-1.18593742e-05,-9.9585329e-07,4.6983008e-05,4.46376147e-05,5.36204496e-05,-0.000107338958,-0.000777533711
0.894,1.87798456e-05,2.53957756e-05,-6.21399736e-05,-0.000130430283,-0.00024062856,-0.000307600341,-0.000117787183,-1.16401819e-05,-1.04846581e-06,4.58293823e-05,4.38849149e-05,5.32552297e-05,-0.000104003405,-0.000756516397
0.895,1.83999569e-05,2.50073769e-05,-6.01214155e-05,-0.000126461621,-0.000233890512,-0.000300141956,-0.000131958087,-1.14236263e-05,-1.09794524e-06,4.46968688e-05,4.31263426e-05,5.28368162e-05,-0.000100794058,-0.000735493169
0.896,1.80313616e-05,2.46299436e-05,-5.81733573e-05,-0.000122626355,-0.000227379826,-0.000293019277,-0.000145309202,-1.1212991e-05,-1.14481392e-06,4.35980421e-05,4.23747121e-05,5.23831779e-05,-9.7731602e-05,-0.000714695184
0.897,1.7676005e-05,2.4266283e-05,-5.63002537e-05,-0.000118935942,-0.000221119911,-0.000286256797,-0.000157876887,-1.10096889e-05,-1.18989126e-06,4.2537418e-05,4.16359512e-05,5.19057094e-05,-9.48148898e-05,-0.000694224264
0.898,1.73315911e-05,2.39135298e-05,-5.44936058e-05,-0.000115372374,-0.000215079459,-0.000279807434,-0.000169665091,-1.08122501e-05,-1.23270672e-06,4.15086729e-05,4.09053248e-05,5.14015004e-05,-9.20193292e-05,-0.000674010588
0.899,1.69949582e-05,2.35673358e-05,-5.27426022e-05,-0.000111913838,-0.000209217934,-0.000273614468,-0.0001806701,-1.06190158e-05,-1.27366541e-06,4.05043599e-05,4.01772842e-05,5.08681339e-05,-8.93148294e-05,-0.000653968869
0.9,1.66644621e-05,2.32252685e-05,-5.10415129e-05,-0.000108549638,-0.00020351434,-0.000267647155,-0.00019090135,-1.04294336e-05,-1.31358237e-06,3.95210005e-05,3.94503954e-05,5.03087392e-05,-8.66800013e-05,-0.000634081307
0.901,1.63382046e-05,2.28845644e-05,-4.93838719e-05,-0.000105267377,-0.000197944468,-0.000261868412,-0.00020035977,-1.02426345e-05,-1.35308238e-06,3.85544886e-05,3.8722077e-05,4.97239662e-05,-8.40947841e-05,-0.000614315439
0.902,1.60147423e-05,2.2543338e-05,-4.7764926e-05,-0.000102056272,-0.000192488661,-0.000256241323,-0.000209037075,-1.00574253e-05,-1.39134832e-06,3.76007912e-05,3.79887445e-05,4.91100149e-05,-8.1545852e-05,-0.000594636265
0.903,1.56945144e-05,2.2202325e-05,-4.61854777e-05,-9.89178786e-05,-0.000187150491,-0.000250759128,-0.000216944968,-9.87376822e-06,-1.42790092e-06,3.66604994e-05,3.72511617e-05,4.84683731e-05,-7.90318111e-05,-0.000575077914
0.904,1.53792787e-05,2.18640739e-05,-4.4650045e-05,-9.58622834e-05,-0.000181949514,-0.000245438587,-0.000224118213,-9.69262973e-06,-1.4627437e-06,3.57374865e-05,3.65137911e-05,4.78059601e-05,-7.65585195e-05,-0.000555725917
0.905,1.50702128e-05,2.15302968e-05,-4.31612289e-05,-9.28958895e-05,-0.000176898159,-0.000240289755,-0.00023059175,-9.5147902e-06,-1.49617086e-06,3.4834442e-05,3.57803204e-05,4.71294357e-05,-7.41287829e-05,-0.000536646655
0.906,1.47670414e-05,2.12006581e-05,-4.17174039e-05,-9.00158428e-05,-0.000171991282,-0.000235300158,-0.000236382356,-9.34012705e-06,-1.52828752e-06,3.39506322e-05,3.50510454e-05,4.64410229e-05,-7.1738464e-05,-0.000517852918
0.907,1.44690633e-05,2.08742147e-05,-4.03158171e-05,-8.72166669e-05,-0.000167218627,-0.000230450564,-0.00024149982,-9.16821113e-06,-1.55906866e-06,3.30843339e-05,3.43251427e-05,4.57412205e-05,-6.93819702e-05,-0.000499341654
0.908,1.41759021e-05,2.05504921e-05,-3.89547254e-05,-8.44949302e-05,-0.000162573757,-0.00022572703,-0.000245958623,-8.99879064e-06,-1.58846146e-06,3.22345866e-05,3.36024739e-05,4.50311943e-05,-6.70559486e-05,-0.000481120884
0.909,1.38876068e-05,2.02296357e-05,-3.7633596e-05,-8.18498096e-05,-0.000158055185,-0.000221122911,-0.000249781416,-8.83189088e-06,-1.61647688e-06,3.14014506e-05,3.28839314e-05,4.43133933e-05,-6.47595715e-05,-0.000463213043
0.91,1.36042774e-05,1.99118698e-05,-3.63520132e-05,-7.92807456e-05,-0.00015366192,-0.000216632938,-0.000252993397,-8.66758269e-06,-1.64315459e-06,3.05851271e-05,3.21705616e-05,4.3590419e-05,-6.24926425e-05,-0.000445641308
0.911,1.33259093e-05,1.95972643e-05,-3.51092429e-05,-7.67864823e-05,-0.000149391622,-0.000212250585,-0.000255619058,-8.50587294e-06,-1.66852172e-06,2.97855837e-05,3.14631595e-05,4.28644337e-05,-6.02548848e-05,-0.000428423801
0.912,1.30524332e-05,1.92857901e-05,-3.39043544e-05,-7.43653166e-05,-0.000145241072,-0.000207968632,-0.000257682366,-8.34672208e-06,-1.69258481e-06,2.90026366e-05,3.07623342e-05,4.21372194e-05,-5.80461312e-05,-0.000411574858
0.913,1.27837792e-05,1.89774218e-05,-3.27364172e-05,-7.20155162e-05,-0.000141207008,-0.000203780292,-0.000259207901,-8.19008843e-06,-1.71534322e-06,2.82361037e-05,3.00686623e-05,4.14103999e-05,-5.58665594e-05,-0.000395107427
0.914,1.25198874e-05,1.86721612e-05,-3.16045499e-05,-6.97354233e-05,-0.000137286339,-0.000199679525,-0.000260221228,-8.03594142e-06,-1.73680379e-06,2.74858405e-05,2.93827246e-05,4.06855259e-05,-5.37166687e-05,-0.000379033701
0.915,1.22607061e-05,1.83700321e-05,-3.05079093e-05,-6.75234379e-05,-0.000133476115,-0.000195660988,-0.000260748728,-7.88426065e-06,-1.75698051e-06,2.67517318e-05,2.87050984e-05,3.99640673e-05,-5.15972304e-05,-0.000363364899
0.916,1.20061807e-05,1.80710513e-05,-2.944564e-05,-6.53779253e-05,-0.000129773331,-0.000191719721,-0.000260816952,-7.73502282e-06,-1.77588509e-06,2.60336521e-05,2.80363112e-05,3.92473291e-05,-4.95092361e-05,-0.000348110485
0.917,1.17562594e-05,1.777523e-05,-2.84168769e-05,-6.32972294e-05,-0.000126174947,-0.000187851151,-0.000260452385,-7.58820174e-06,-1.79352118e-06,2.53314679e-05,2.73768403e-05,3.8536439e-05,-4.7453895e-05,-0.000333278118
0.918,1.15108996e-05,1.748259e-05,-2.74207692e-05,-6.12797242e-05,-0.00012267801,-0.000184051242,-0.000259681597,-7.44377467e-06,-1.80989055e-06,2.46450545e-05,2.67271356e-05,3.78323964e-05,-4.54325938e-05,-0.000318874015
0.919,1.12700451e-05,1.71931432e-05,-2.64564463e-05,-5.93237251e-05,-0.0001192795,-0.000180316272,-0.000258530972,-7.30171437e-06,-1.82499984e-06,2.39742594e-05,2.60875838e-05,3.7136065e-05,-4.34467152e-05,-0.000304902732
0.92,1.10336275e-05,1.69068968e-05,-2.55230311e-05,-5.74275145e-05,-0.000115976389,-0.000176642867,-0.00025702672,-7.16199122e-06,-1.83886331e-06,2.33189103e-05,2.54585187e-05,3.64481952e-05,-4.14976141e-05,-0.000291367356
0.921,1.08015768e-05,1.66238584e-05,-2.46196574e-05,-5.55893877e-05,-0.000112765702,-0.000173028056,-0.000255194752,-7.02457617e-06,-1.85149779e-06,2.2678828e-05,2.48402275e-05,3.57694258e-05,-3.95866535e-05,-0.000278269569
0.922,1.05738277e-05,1.63440302e-05,-2.37454678e-05,-5.38076662e-05,-0.000109644529,-0.00016946921,-0.000253060313,-6.8894381e-06,-1.86291377e-06,2.20538265e-05,2.42329474e-05,3.5100246e-05,-3.77152507e-05,-0.000265609486
0.923,1.03503277e-05,1.60674224e-05,-2.28996347e-05,-5.20807409e-05,-0.000106610102,-0.000165964153,-0.000250648105,-6.75654991e-06,-1.87311828e-06,2.1443728e-05,2.36368828e-05,3.44410412e-05,-3.58848503e-05,-0.00025338597
0.924,1.01310215e-05,1.57940439e-05,-2.20813339e-05,-5.04070122e-05,-0.000103659716,-0.000162511018,-0.000247982168,-6.62588379e-06,-1.88212111e-06,2.08483429e-05,2.3052198e-05,3.37921032e-05,-3.40968197e-05,-0.000241596605
0.925,9.91584305e-06,1.55239018e-05,-2.12897434e-05,-4.87848672e-05,-0.000100790693,-0.000159108214,-0.000245085997,-6.4974113e-06,-1.8899422e-06,2.02674625e-05,2.24790128e-05,3.31536697e-05,-3.23523458e-05,-0.000230237898
0.926,9.70473093e-06,1.52570192e-05,-2.05240705e-05,-4.72127563e-05,-9.80005315e-05,-0.00015575458,-0.000241982641,-6.37111058e-06,-1.89660883e-06,1.97008899e-05,2.19174364e-05,3.25259489e-05,-3.06525229e-05,-0.00021930553
0.927,9.49761924e-06,1.49934035e-05,-1.97835236e-05,-4.56891292e-05,-9.52867262e-05,-0.000152449073,-0.000238694032,-6.24695423e-06,-1.90214502e-06,1.91484039e-05,2.13675152e-05,3.19090398e-05,-2.89983188e-05,-0.000208793903
0.928,9.2944453e-06,1.4733049e-05,-1.90673179e-05,-4.42124685e-05,-9.26468301e-05,-0.000149190767,-0.000235240788,-6.12491033e-06,-1.90656557e-06,1.8609771e-05,2.08292483e-05,3.130292e-05,-2.73906426e-05,-0.000198696195
0.929,9.09514885e-06,1.44759478e-05,-1.83746952e-05,-4.27813093e-05,-9.00784992e-05,-0.000145978954,-0.000231642585,-6.00494775e-06,-1.90988628e-06,1.80847512e-05,2.03025993e-05,3.07075135e-05,-2.5830261e-05,-0.000189004781
0.93,8.89965151e-06,1.42220731e-05,-1.77048975e-05,-4.13941741e-05,-8.75793916e-05,-0.000142812938,-0.000227917971,-5.88702853e-06,-1.91212757e-06,1.75730773e-05,1.97874879e-05,3.01226765e-05,-2.43177363e-05,-0.000179711176
0.931,8.70784649e-06,1.39713649e-05,-1.70571551e-05,-4.00495227e-05,-8.51470485e-05,-0.000139691877,-0.000224084287,-5.77110167e-06,-1.91331558e-06,1.70744325e-05,1.92837603e-05,2.95481921e-05,-2.28533507e-05,-0.000170806044
0.932,8.51963441e-06,1.37237715e-05,-1.64306982e-05,-3.8745838e-05,-8.27790929e-05,-0.000136615076,-0.000220157874,-5.65711811e-06,-1.91347464e-06,1.65885046e-05,1.87912555e-05,2.89838197e-05,-2.14373011e-05,-0.000162279503
0.933,8.33494796e-06,1.34792777e-05,-1.5824765e-05,-3.74816654e-05,-8.04733007e-05,-0.000133582202,-0.000216154389,-5.54504132e-06,-1.91262623e-06,1.61150108e-05,1.83098258e-05,2.84293537e-05,-2.00697377e-05,-0.000154121393
0.934,8.15373707e-06,1.32378854e-05,-1.52386003e-05,-3.62556119e-05,-7.82275916e-05,-0.00013059312,-0.000212088459,-5.43484144e-06,-1.91078718e-06,1.56536871e-05,1.78393342e-05,2.78845786e-05,-1.87507724e-05,-0.000146321183
0.935,7.97593074e-06,1.29995633e-05,-1.4671522e-05,-3.5066379e-05,-7.60399935e-05,-0.000127647671,-0.000207973637,-5.32648074e-06,-1.90797878e-06,1.52042498e-05,1.73795934e-05,2.73492263e-05,-1.74802883e-05,-0.000138868072
0.936,7.80142934e-06,1.27642393e-05,-1.41229649e-05,-3.39128355e-05,-7.39087764e-05,-0.000124745691,-0.000203822405,-5.2199137e-06,-1.90422756e-06,1.47664121e-05,1.69303911e-05,2.68229708e-05,-1.62579797e-05,-0.00013175116
0.937,7.63012165e-06,1.25318212e-05,-1.35924253e-05,-3.27939285e-05,-7.18323049e-05,-0.000121887016,-0.00019964637,-5.1150902e-06,-1.89956307e-06,1.43398804e-05,1.64914858e-05,2.63054797e-05,-1.5083352e-05,-0.000124959449
0.938,7.46191573e-06,1.23022409e-05,-1.30793458e-05,-3.17085674e-05,-6.98089339e-05,-0.000119071517,-0.000195456085,-5.01196594e-06,-1.89400752e-06,1.39243744e-05,1.60626584e-05,2.57964397e-05,-1.39559012e-05,-0.00011848169
0.939,7.29674218e-06,1.20754558e-05,-1.25831e-05,-3.06555743e-05,-6.78369039e-05,-0.000116299079,-0.000191261239,-4.91050069e-06,-1.8875788e-06,1.35196066e-05,1.56436807e-05,2.52955669e-05,-1.2875046e-05,-0.000112306448
0.94,7.13454257e-06,1.18514413e-05,-1.21030465e-05,-2.963378e-05,-6.59145212e-05,-0.00011356963,-0.00018707067,-4.81065958e-06,-1.88029447e-06,1.31252991e-05,1.5234342e-05,2.48025887e-05,-1.18401577e-05,-0.000106422298
0.941,6.97524495e-06,1.16301545e-05,-1.16385943e-05,-2.86420611e-05,-6.40401376e-05,-0.00011088304,-0.000182892576,-4.71240192e-06,-1.87217929e-06,1.27411566e-05,1.48343974e-05,2.43172321e-05,-1.08504151e-05,-0.000100817974
0.942,6.81876889e-06,1.14115448e-05,-1.11891948e-05,-2.76793741e-05,-6.22122425e-05,-0.000108239157,-0.000178734327,-4.61568725e-06,-1.86325969e-06,1.23668959e-05,1.44436146e-05,2.38392236e-05,-9.90493407e-06,-9.54823804e-05
0.943,6.66502753e-06,1.11955399e-05,-1.0754343e-05,-2.67447286e-05,-6.04293536e-05,-0.000105637735,-0.000174602468,-4.52046886e-06,-1.8535594e-06,1.20022243e-05,1.40617279e-05,2.3368274e-05,-9.00272608e-06,-9.04045244e-05
0.944,6.51393606e-06,1.09820588e-05,-1.03335507e-05,-2.58371952e-05,-5.8690075e-05,-0.000103078444,-0.000170502408,-4.42670051e-06,-1.84309251e-06,1.16468636e-05,1.36884822e-05,2.2904065e-05,-8.14283396e-06,-8.55734772e-05
0.945,6.3654067e-06,1.0771004e-05,-9.9263534e-06,-2.4955863e-05,-5.69929907e-05,-0.00010056084,-0.000166438831,-4.33432952e-06,-1.83187001e-06,1.13005224e-05,1.3323591e-05,2.24462696e-05,-7.32420958e-06,-8.09784753e-05
0.946,6.21936333e-06,1.0562307e-05,-9.53229069e-06,-2.40998695e-05,-5.53368257e-05,-9.80846143e-05,-0.000162416058,-4.24331445e-06,-1.81990694e-06,1.09629411e-05,1.29668228e-05,2.19946213e-05,-6.5458097e-06,-7.66091599e-05
0.947,6.0757468e-06,1.03559312e-05,-9.15094048e-06,-2.32684158e-05,-5.37204405e-05,-9.56497162e-05,-0.000158438627,-4.15362325e-06,-1.80722891e-06,1.06338814e-05,1.26179687e-05,2.15489523e-05,-5.80649546e-06,-7.24557131e-05
0.948,5.93449998e-06,1.01518464e-05,-8.78188468e-06,-2.24607398e-05,-5.21427786e-05,-9.32560673e-05,-0.000154510394,-4.06522868e-06,-1.7938599e-06,1.03131227e-05,1.22768489e-05,2.11091048e-05,-5.10514871e-06,-6.85085634e-05
0.949,5.79553123e-06,9.94994465e-06,-8.42470454e-06,-2.16760074e-05,-5.06025147e-05,-9.09029783e-05,-0.000150633771,-3.97807403e-06,-1.77980869e-06,1.00003791e-05,1.19431805e-05,2.06747854e-05,-4.44056944e-06,-6.47579864e-05
0.95,5.65872898e-06,9.7500805e-06,-8.07896652e-06,-2.09133645e-05,-4.90982361e-05,-8.85893742e-05,-0.00014680987,-3.89209192e-06,-1.76507217e-06,9.69534982e-06,1.16166647e-05,2.02456189e-05,-3.81160713e-06,-6.11943266e-05
0.951,5.52399546e-06,9.55212454e-06,-7.74428193e-06,-2.01720244e-05,-4.76286357e-05,-8.63143394e-05,-0.000143039917,-3.80721879e-06,-1.74965121e-06,9.39775002e-06,1.12970091e-05,1.98212887e-05,-3.21707257e-06,-5.78084495e-05
0.952,5.39128938e-06,9.35605933e-06,-7.42031954e-06,-1.94514014e-05,-4.61929222e-05,-8.40778053e-05,-0.000139326178,-3.72343587e-06,-1.73356726e-06,9.10740509e-06,1.09840749e-05,1.94017076e-05,-2.65584337e-06,-5.45921705e-05
0.953,5.26058284e-06,9.16188332e-06,-7.10678765e-06,-1.87509633e-05,-4.47903937e-05,-8.18798505e-05,-0.000135671046,-3.64072802e-06,-1.71684599e-06,8.82415079e-06,1.06777254e-05,1.89868435e-05,-2.12674324e-06,-5.15377118e-05
0.954,5.13179715e-06,8.96950829e-06,-6.80333266e-06,-1.80700367e-05,-4.34199936e-05,-7.97197245e-05,-0.000132075013,-3.55905079e-06,-1.69949437e-06,8.547756e-06,1.03777493e-05,1.8576486e-05,-1.62862842e-06,-4.86370764e-05
0.955,5.00477959e-06,8.7786975e-06,-6.50954883e-06,-1.74077362e-05,-4.2080055e-05,-7.75954476e-05,-0.000128536346,-3.47830049e-06,-1.68148822e-06,8.27786197e-06,1.00837562e-05,1.8170134e-05,-1.16033433e-06,-4.58818728e-05
0.956,4.87939044e-06,8.58924205e-06,-6.22504927e-06,-1.67632553e-05,-4.07690862e-05,-7.55052218e-05,-0.000125053268,-3.39838779e-06,-1.66280685e-06,8.01415187e-06,9.79541549e-06,1.77673422e-05,-7.20785547e-07,-4.32642598e-05
0.957,4.75554514e-06,8.4010222e-06,-5.94953449e-06,-1.61359819e-05,-3.9486024e-05,-7.34480255e-05,-0.000121625317,-3.31925434e-06,-1.64344569e-06,7.75639045e-06,9.51248589e-06,1.73678547e-05,-3.0891952e-07,-4.07772289e-05
0.958,4.63316947e-06,8.21394626e-06,-5.68270854e-06,-1.5525348e-05,-3.82299297e-05,-7.14229936e-05,-0.000118252037,-3.24085535e-06,-1.62340671e-06,7.50437253e-06,9.23477707e-06,1.69714758e-05,7.62786128e-08,-3.84142182e-05
0.959,4.51219934e-06,8.02792616e-06,-5.4243185e-06,-1.49308488e-05,-3.69999495e-05,-6.94293333e-05,-0.000114932995,-3.16314598e-06,-1.60268917e-06,7.25790544e-06,8.96209656e-06,1.65780205e-05,4.35802927e-07,-3.61689963e-05
0.96,4.39262237e-06,7.84296834e-06,-5.17418435e-06,-1.43521841e-05,-3.57957185e-05,-6.74670617e-05,-0.00011166878,-3.08612374e-06,-1.58131195e-06,7.01689446e-06,8.69437691e-06,1.61875151e-05,7.70614359e-07,-3.40360681e-05
0.961,4.27443438e-06,7.6590851e-06,-4.93215027e-06,-1.3789091e-05,-3.4616925e-05,-6.55362264e-05,-0.000108459951,-3.00978687e-06,-1.55929223e-06,6.78125311e-06,8.43155227e-06,1.5799995e-05,1.08166144e-06,-3.20101783e-05
0.962,4.15755302e-06,7.47615775e-06,-4.69796064e-06,-1.32410457e-05,-3.34626275e-05,-6.36356842e-05,-0.000105304983,-2.93408375e-06,-1.53662444e-06,6.55077274e-06,8.17341673e-06,1.54152405e-05,1.36987432e-06,-3.00857857e-05
0.963,4.0418381e-06,7.29395744e-06,-4.47130133e-06,-1.27073535e-05,-3.23314114e-05,-6.17633055e-05,-0.000102200688,-2.85891689e-06,-1.5132763e-06,6.32515515e-06,7.91964608e-06,1.50327812e-05,1.6360916e-06,-2.8257167e-05
0.964,3.92716989e-06,7.11229013e-06,-4.25190042e-06,-1.21874091e-05,-3.12220561e-05,-5.99173049e-05,-9.91443634e-05,-2.78420472e-06,-1.48922473e-06,6.10413869e-06,7.66995716e-06,1.46522409e-05,1.88113129e-06,-2.65191228e-05
0.965,3.81348607e-06,6.93105932e-06,-4.03956445e-06,-1.16808282e-05,-3.01338507e-05,-5.80967023e-05,-9.6134455e-05,-2.70990495e-06,-1.46446111e-06,5.88756578e-06,7.42419059e-06,1.42734178e-05,2.10572618e-06,-2.48670693e-05
0.966,3.70073049e-06,6.75017481e-06,-3.83412774e-06,-1.1187253e-05,-2.90661261e-05,-5.63006355e-05,-9.3169598e-05,-2.63597912e-06,-1.43898166e-06,5.67528019e-06,7.18218117e-06,1.38961575e-05,2.31064191e-06,-2.32967544e-05
0.967,3.58884413e-06,6.56954556e-06,-3.63540831e-06,-1.07063339e-05,-2.8018227e-05,-5.45281083e-05,-9.02480336e-05,-2.56238937e-06,-1.41277832e-06,5.46713701e-06,6.94378727e-06,1.35202602e-05,2.49652193e-06,-2.18040788e-05
0.968,3.47776427e-06,6.38906349e-06,-3.44324299e-06,-1.02376984e-05,-2.6989404e-05,-5.27780582e-05,-8.73680528e-05,-2.4890894e-06,-1.38584387e-06,5.26296251e-06,6.70881602e-06,1.31455273e-05,2.66407315e-06,-2.03851741e-05
0.969,3.36743164e-06,6.2086385e-06,-3.25745182e-06,-9.78101383e-06,-2.5979023e-05,-5.10494253e-05,-8.45276583e-05,-2.41604364e-06,-1.35817118e-06,5.06261738e-06,6.47713661e-06,1.27717452e-05,2.81384233e-06,-1.90363735e-05
0.97,3.257772e-06,6.02813223e-06,-3.07788872e-06,-9.33590281e-06,-2.49862602e-05,-4.93409221e-05,-8.17247059e-05,-2.34319512e-06,-1.32974584e-06,4.86590963e-06,6.24851806e-06,1.23986497e-05,2.94646032e-06,-1.7754149e-05
0.971,3.14871328e-06,5.84743014e-06,-2.90437628e-06,-8.90203245e-06,-2.40104453e-05,-4.76512775e-05,-7.89566566e-05,-2.27050317e-06,-1.30055565e-06,4.67269306e-06,6.02281967e-06,1.20259663e-05,3.06235229e-06,-1.65351831e-05
0.972,3.04018137e-06,5.66638095e-06,-2.736791e-06,-8.47904902e-06,-2.30507404e-05,-4.59791066e-05,-7.62212092e-05,-2.19790641e-06,-1.27058262e-06,4.48276935e-06,5.79978691e-06,1.16533886e-05,3.16207648e-06,-1.5376313e-05
0.973,2.93210758e-06,5.48487471e-06,-2.57495398e-06,-8.06664189e-06,-2.21065084e-05,-4.43230957e-05,-7.3515646e-05,-2.12536867e-06,-1.23981664e-06,4.29599952e-06,5.57929453e-06,1.1280627e-05,3.24594727e-06,-1.42746274e-05
0.974,2.82441926e-06,5.30275136e-06,-2.41875817e-06,-7.66447033e-06,-2.11768802e-05,-4.26817447e-05,-7.08375268e-05,-2.05282356e-06,-1.20823626e-06,4.11217736e-06,5.361062e-06,1.09073301e-05,3.314447e-06,-1.32273184e-05
0.975,2.71705773e-06,5.1199223e-06,-2.26803319e-06,-7.27226221e-06,-2.0261326e-05,-4.10538498e-05,-6.81841481e-05,-1.9802456e-06,-1.17583656e-06,3.93118685e-06,5.1449982e-06,1.05332381e-05,3.36778239e-06,-1.22319358e-05
0.976,2.60996233e-06,4.93624053e-06,-2.12270228e-06,-6.88972071e-06,-1.93590419e-05,-3.94379871e-05,-6.5553218e-05,-1.90757145e-06,-1.14259648e-06,3.75283532e-06,4.93081999e-06,1.0158003e-05,3.4063714e-06,-1.1286074e-05
0.977,2.50308206e-06,4.75163282e-06,-1.98259227e-06,-6.5165897e-06,-1.84695545e-05,-3.78329773e-05,-6.29419086e-05,-1.83478292e-06,-1.10851367e-06,3.57702238e-06,4.71846301e-06,9.78138273e-06,3.43031465e-06,-1.03877104e-05
0.978,2.39635921e-06,4.56594499e-06,-1.84763424e-06,-6.15257559e-06,-1.75919974e-05,-3.62372186e-05,-6.03477246e-05,-1.76180922e-06,-1.07356065e-06,3.40354912e-06,4.50761657e-06,9.402971e-06,3.43994906e-06,-9.53474809e-06
0.979,2.28974673e-06,4.37911046e-06,-1.71763937e-06,-5.79740985e-06,-1.67258861e-05,-3.46494422e-05,-5.77675542e-05,-1.68863368e-06,-1.03773361e-06,3.23232138e-06,4.29823268e-06,9.02252343e-06,3.4352663e-06,-8.72556018e-06
0.98,2.18319504e-06,4.19098531e-06,-1.59254886e-06,-5.45081168e-06,-1.58703466e-05,-3.3067988e-05,-5.51989277e-05,-1.61518219e-06,-1.00100161e-06,3.06315015e-06,4.08999348e-06,8.63960837e-06,3.41653399e-06,-7.95837175e-06
0.981,2.07666875e-06,4.00152869e-06,-1.47216538e-06,-5.11250858e-06,-1.50249485e-05,-3.1491662e-05,-5.26387176e-05,-1.5414448e-06,-9.63361746e-07,2.89596435e-06,3.8828894e-06,8.25403633e-06,3.38366766e-06,-7.23198903e-06
0.982,1.97012435e-06,3.81060603e-06,-1.35643557e-06,-4.78222953e-06,-1.41887928e-05,-2.99186826e-05,-5.0084384e-05,-1.46734125e-06,-9.24776281e-07,2.73058955e-06,3.67660067e-06,7.86534325e-06,3.33686516e-06,-6.54491836e-06
0.983,1.86353846e-06,3.61819327e-06,-1.24515282e-06,-4.45969236e-06,-1.33614548e-05,-2.83478162e-05,-4.75325836e-05,-1.39286312e-06,-8.85235013e-07,2.56697545e-06,3.47115162e-06,7.47338586e-06,3.27597593e-06,-5.8963688e-06
0.984,1.756872e-06,3.42416329e-06,-1.13826767e-06,-4.14464337e-06,-1.25420028e-05,-2.67771098e-05,-4.49805806e-05,-1.31792171e-06,-8.44690119e-07,2.40497051e-06,3.26623322e-06,7.07766745e-06,3.20112636e-06,-5.28509172e-06
0.985,1.65010323e-06,3.22848501e-06,-1.03556825e-06,-3.83676321e-06,-1.17299486e-05,-2.52051861e-05,-4.24245289e-05,-1.24250156e-06,-8.03113819e-07,2.24453736e-06,3.06189501e-06,6.6780851e-06,3.11211269e-06,-4.71066603e-06
0.986,1.54316892e-06,3.03099119e-06,-9.37001407e-07,-3.53576985e-06,-1.09241911e-05,-2.36296177e-05,-3.98608242e-05,-1.16648735e-06,-7.60435315e-07,2.08552862e-06,2.85781928e-06,6.27404243e-06,3.00895316e-06,-4.17200347e-06
0.987,1.43604893e-06,2.83163659e-06,-8.4237368e-07,-3.24132633e-06,-1.01241939e-05,-2.2048896e-05,-3.7284991e-05,-1.0898563e-06,-7.16599553e-07,1.92792828e-06,2.65408959e-06,5.86550224e-06,2.89141775e-06,-3.66905278e-06
0.988,1.32872283e-06,2.63034591e-06,-7.51685053e-07,-2.95332024e-06,-9.32922279e-06,-2.04611794e-05,-3.46941533e-05,-1.01252079e-06,-6.71545534e-07,1.77169884e-06,2.45053396e-06,5.45207086e-06,2.75956619e-06,-3.20103464e-06
0.989,1.2212211e-06,2.42715965e-06,-6.64813373e-07,-2.67154808e-06,-8.53909063e-06,-1.88656722e-05,-3.20845245e-05,-9.34496758e-07,-6.25224226e-07,1.61692097e-06,2.24737185e-06,5.03403848e-06,2.61334786e-06,-2.76831847e-06
0.99,1.11343709e-06,2.22185645e-06,-5.81755248e-07,-2.39583897e-06,-7.75267138e-06,-1.72593407e-05,-2.94508406e-05,-8.55638488e-07,-5.77547775e-07,1.46351279e-06,2.04437716e-06,4.61077636e-06,2.45270592e-06,-2.37001389e-06
0.991,1.0052013e-06,2.01408467e-06,-5.02376541e-07,-2.1256778e-06,-6.96854885e-06,-1.56383964e-05,-2.67835627e-05,-7.75819859e-07,-5.28358507e-07,1.31134641e-06,1.84145572e-06,4.18191626e-06,2.27727639e-06,-2.0062463e-06
0.992,8.96342439e-07,1.80351175e-06,-4.26754525e-07,-1.86100864e-06,-6.18554349e-06,-1.39988609e-05,-2.40750592e-05,-6.94855613e-07,-4.77530849e-07,1.16033118e-06,1.63837633e-06,3.74663459e-06,2.08677796e-06,-1.67594267e-06
0.993,7.8705443e-07,1.59052739e-06,-3.55091268e-07,-1.60233813e-06,-5.40508197e-06,-1.23427127e-05,-2.13246927e-05,-6.12926771e-07,-4.25090564e-07,1.01085921e-06,1.4357335e-06,3.30620282e-06,1.88178497e-06,-1.37976813e-06
0.994,6.7750602e-07,1.37546782e-06,-2.87730306e-07,-1.3505738e-06,-4.62875746e-06,-1.06715354e-05,-1.85330727e-05,-5.30143e-07,-3.71147188e-07,8.63290726e-07,1.23393997e-06,2.86129853e-06,1.66292868e-06,-1.11641601e-06
0.995,5.67405445e-07,1.1577201e-06,-2.24809276e-07,-1.10553914e-06,-3.85506182e-06,-8.98023545e-06,-1.56854168e-05,-4.46336503e-07,-3.15548832e-07,7.17409173e-07,1.03257256e-06,2.41116995e-06,1.42987805e-06,-8.84424266e-07
0.996,4.55881655e-07,9.35400603e-07,-1.66526284e-07,-8.66490625e-07,-3.07908565e-06,-7.25372378e-06,-1.2750505e-05,-3.60772751e-07,-2.57772192e-07,5.72239175e-07,8.29934885e-07,1.95158695e-06,1.18006593e-06,-6.78892993e-07
0.997,3.42690429e-07,7.07858213e-07,-1.13549088e-07,-6.33946694e-07,-2.30033803e-06,-5.48649896e-06,-9.71025501e-06,-2.73226094e-07,-1.97434192e-07,4.27558407e-07,6.25278118e-07,1.48086657e-06,9.12137579e-07,-4.95890038e-07
0.998,2.28423604e-07,4.75854904e-07,-6.71676696e-08,-4.10347921e-07,-1.52403721e-06,-3.68431549e-06,-6.5683765e-06,-1.83923891e-07,-1.34462306e-07,2.83916376e-07,4.18852465e-07,9.99215432e-07,6.25915332e-07,-3.28527208e-07
0.999,1.13882656e-07,2.400532e-07,-2.88015431e-08,-1.98184083e-07,-7.55737056e-07,-1.8543752e-06,-3.33077323e-06,-9.30297885e-08,-6.87459074e-08,1.41603315e-07,2.10660985e-07,5.06602739e-07,3.22041359e-07,-1.68062714e-07
1.0,-0.0,-0.0,-0.0,-0.0,-0.0,-0.0,-0.0,0.0,0.0,0.0,0.0,0.0,0.0,0.0
