r,R  4/ 2,R  5/ 2,R  6/ 2,R  7/ 2,R  8/ 2,R  9/ 2,R 10/ 2,I  4/ 2,I  5/ 2,I  6/ 2,I  7/ 2,I  8/ 2,I  9/ 2,I 10/ 2
0.0,-0.0,-0.0,-0.0,-0.0,-0.0,-0.0,-0.0,0.0,0.0,0.0,0.0,0.0,0.0,0.0
0.001,-6.42156338e-11,-1.90287303e-13,8.62733601e-12,5.03378852e-14,6.95003594e-13,5.01057955e-15,6.85415658e-14,-1.76260307e-11,-1.04016913e-12,2.76326398e-12,3.00542765e-13,2.02179026e-13,1.51655043e-14,1.65870253e-14
0.002,-8.21089375e-10,-4.10291293e-12,3.20992577e-11,1.60763086e-13,2.47730819e-12,1.66962749e-14,2.47013376e-13,-2.2940579e-10,-2.18889547e-11,1.28892659e-11,1.95157496e-12,1.07984664e-12,1.30223468e-13,9.73149258e-14
0.003,-3.95882106e-09,-2.79063755e-11,6.52245314e-11,-1.31977277e-13,4.79893181e-12,-1.64075523e-14,5.0054754e-13,-1.11556326e-09,-1.49500951e-10,3.35322675e-11,5.68794332e-12,3.12183905e-12,4.18995495e-13,2.83111981e-13
0.004,-1.22860763e-08,-1.12051947e-10,9.9814225e-11,-1.53967253e-12,7.18162872e-12,-1.63348321e-13,7.96662218e-13,-3.4800127e-09,-6.03830801e-10,6.72691625e-11,1.14348392e-11,6.8139726e-12,9.20041622e-13,6.00684468e-13
0.005,-2.97294299e-08,-3.33290014e-10,1.20159896e-10,-4.61912697e-12,9.33958943e-12,-4.79969353e-13,1.10635431e-12,-8.45119773e-09,-1.80345543e-09,1.16291889e-10,1.85573326e-11,1.2608405e-11,1.63242627e-12,1.07071771e-12
0.006,-6.13289322e-08,-8.16724681e-10,9.6040901e-11,-9.67228366e-12,1.119215e-11,-9.98352331e-13,1.40970118e-12,-1.74830797e-08,-4.43133771e-09,1.83134193e-10,2.62584469e-11,2.09447264e-11,2.52539285e-12,1.70996607e-12
0.007,-1.13231812e-07,-1.74760959e-09,-2.59974531e-11,-1.69159133e-11,1.2820049e-11,-1.72311381e-12,1.69671426e-12,-3.23561621e-08,-9.50050067e-09,2.71285778e-10,3.38567101e-11,3.22844551e-11,3.55532687e-12,2.5304557e-12
0.008,-1.92684458e-07,-3.38279639e-09,-3.33009847e-10,-2.67661869e-11,1.4411772e-11,-2.63323572e-12,1.96535013e-12,-5.51784097e-08,-1.84193557e-08,3.85598672e-10,4.08900609e-11,4.71356807e-11,4.68038149e-12,3.53938399e-12
0.009,-3.08022721e-07,-6.06183676e-09,-9.57721686e-10,-4.01459088e-11,1.62192397e-11,-3.68756506e-12,2.21873216e-12,-8.8385986e-08,-3.30565092e-08,5.32516268e-10,4.71060682e-11,6.60609452e-11,5.86901189e-12,4.73937358e-12
0.01,-4.68660542e-07,-1.02177481e-08,-2.09235744e-09,-5.87979749e-11,1.85260706e-11,-4.83069953e-12,2.4624706e-12,-1.34743765e-07,-5.58049272e-08,7.20151724e-10,5.24080735e-11,8.96684591e-11,7.10308268e-12,6.12858741e-12
0.011,-6.85076895e-07,-1.63874405e-08,-4.00425002e-09,-8.56266298e-11,2.16257993e-11,-5.99696461e-12,2.70237394e-12,-1.97345587e-07,-8.96453641e-08,9.58220127e-10,5.67992683e-11,1.18587672e-10,8.3779088e-12,7.70057916e-12
0.012,-9.68801035e-07,-2.52217927e-08,-7.0532326e-09,-1.2509614e-10,2.58065278e-11,-7.111692e-12,2.94256674e-12,-2.79614222e-07,-1.38208963e-07,1.25781357e-09,6.03402815e-11,1.53429196e-10,9.70151651e-12,9.4439367e-12
0.013,-1.33239603e-06,-3.74953572e-08,-1.17108014e-08,-1.8371181e-10,3.13393204e-11,-8.08989374e-12,3.18391464e-12,-3.85301028e-07,-2.0583894e-07,1.63100102e-09,6.31208518e-11,1.94727845e-10,1.10946377e-11,1.13418369e-11
0.014,-1.7894406e-06,-5.41156757e-08,-1.858103e-08,-2.70601503e-10,3.8468761e-11,-8.83264852e-12,3.42263416e-12,-5.18485263e-07,-2.97651259e-07,2.09023276e-09,6.52405408e-11,2.42866564e-10,1.25921773e-11,1.33716273e-11
0.015,-2.35450923e-06,-7.61321824e-08,-2.84232109e-08,-3.98210986e-10,4.74050173e-11,-9.22136088e-12,3.64896916e-12,-6.83573036e-07,-4.19594207e-07,2.6475292e-09,6.6792775e-11,2.97978316e-10,1.42463888e-11,1.55045352e-11
0.016,-3.04315062e-06,-1.04744677e-07,-4.21761976e-08,-5.83123956e-10,5.83173886e-11,-9.10979697e-12,3.8458521e-12,-8.85295878e-07,-5.78506781e-07,3.31343568e-09,6.7847612e-11,3.59822506e-10,1.61317528e-11,1.77055839e-11
0.017,-3.87186441e-06,-1.41311341e-07,-6.09844156e-08,-8.47016751e-10,7.13297558e-11,-8.31356697e-12,3.98746969e-12,-1.1287089e-06,-7.821758e-07,4.09572638e-09,6.84299269e-11,4.27632193e-10,1.83515e-11,1.99337811e-11
0.018,-4.85807625e-06,-1.87356285e-07,-8.6225511e-08,-1.21775783e-09,8.65186107e-11,-6.59656425e-12,4.03769861e-12,-1.41918853e-06,-1.03939165e-06,4.99784244e-09,6.84906691e-11,4.99928105e-10,2.10457391e-11,2.21426348e-11
0.019,-6.02011128e-06,-2.44576596e-07,-1.19539599e-07,-1.73066254e-09,1.0391454e-10,-3.65376907e-12,3.94834926e-12,-1.76242982e-06,-1.36000256e-06,6.01705112e-09,6.78693787e-11,5.74295326e-10,2.44012175e-11,2.42810428e-11
0.02,-7.3771659e-06,-3.14848864e-07,-1.62860078e-07,-2.42991432e-09,1.23508099e-10,9.102475e-13,3.65721701e-12,-2.16444329e-06,-1.75496741e-06,7.14231414e-09,6.6246411e-11,6.47118426e-10,2.86627806e-11,2.62946005e-11
0.021,-8.94927802e-06,-4.00235173e-07,-2.18445961e-07,-3.37016452e-09,1.4526103e-10,7.60788353e-12,3.08589109e-12,-2.63155128e-06,-2.23640681e-06,8.35185363e-09,6.30834768e-11,7.13270781e-10,3.41466603e-11,2.81273648e-11
0.022,-1.07572958e-05,-5.02988511e-07,-2.88915692e-07,-4.61832414e-09,1.69124055e-10,1.71008967e-11,2.13732404e-12,-3.1703839e-06,-2.81765257e-06,9.61040585e-09,5.75512778e-11,7.6575379e-10,4.12557224e-11,2.97241236e-11
0.023,-1.28228446e-05,-6.25557598e-07,-3.77282387e-07,-6.25555757e-09,1.95063489e-10,3.02388408e-11,6.92927095e-13,-3.78787444e-06,-3.51329535e-06,1.08661588e-08,4.84427137e-11,7.95281194e-10,5.04967582e-11,3.10332709e-11
0.024,-1.51682929e-05,-7.70591108e-07,-4.8699048e-07,-8.37949353e-09,2.23097666e-10,4.81047428e-11,-1.39063724e-12,-4.49125426e-06,-4.33923047e-06,1.20473666e-08,3.40699723e-11,7.89804063e-10,6.25000595e-11,3.20103286e-11
0.025,-1.78167167e-05,-9.40941237e-07,-6.21953684e-07,-1.11066671e-08,2.53344463e-10,7.20688592e-11,-4.28508566e-12,-5.28804728e-06,-5.31270167e-06,1.30586331e-08,1.21438683e-11,7.33972145e-10,7.80414355e-11,3.26221024e-11
0.026,-2.07918619e-05,-1.13966662e-06,-7.86594254e-07,-1.45752072e-08,2.86081596e-10,1.03851031e-10,-8.19451983e-12,-6.18606382e-06,-6.45234301e-06,1.37768603e-08,-2.0366267e-11,6.08527095e-10,9.80667767e-11,3.28516024e-11
0.027,-2.41181062e-05,-1.37003454e-06,-9.85883472e-07,-1.89477845e-08,3.21821576e-10,1.45592607e-10,-1.33600666e-11,-7.19339412e-06,-7.77821845e-06,1.40468576e-08,-6.73938959e-11,3.89623121e-10,1.23719322e-10,3.2703691e-11
0.028,-2.78204194e-05,-1.63552246e-06,-1.2253833e-06,-2.44148356e-08,3.61403235e-10,1.9993846e-10,-2.0064986e-11,-8.31840118e-06,-9.31185944e-06,1.36766076e-08,-1.33959462e-10,4.80705155e-11,1.56369683e-10,3.22117246e-11
0.029,-3.19243225e-05,-1.93981875e-06,-1.51128915e-06,-3.11980782e-08,4.06102312e-10,2.70130197e-10,-2.86406806e-11,-9.5697132e-06,-1.10763e-05,1.24321862e-08,-2.26379095e-10,-4.51502473e-10,1.97648724e-10,3.1444984e-11
0.03,-3.6455845e-05,-2.28682274e-06,-1.85047371e-06,-3.95543335e-08,4.57764184e-10,3.60110676e-10,-3.94733928e-11,-1.09562155e-05,-1.30961098e-05,1.00323401e-08,-3.52499637e-10,-1.15157437e-09,2.49483281e-10,3.05174806e-11
0.031,-4.14414827e-05,-2.68064391e-06,-2.25053178e-06,-4.97796656e-08,5.18963612e-10,4.74640159e-10,-5.30125162e-11,-1.24870418e-05,-1.53974242e-05,6.14273133e-09,-5.21963627e-10,-2.10274728e-09,3.14134887e-10,2.95977609e-11
0.032,-4.69081526e-05,-3.12560038e-06,-2.71982601e-06,-6.22138491e-08,5.93192989e-10,6.19423834e-10,-6.9779806e-11,-1.41715654e-05,-1.80079723e-05,3.69857017e-10,-7.46509247e-10,-3.36486082e-09,3.94241355e-10,2.89205023e-11
0.033,-5.2883148e-05,-3.6262165e-06,-3.26753351e-06,-7.7245211e-08,6.85068352e-10,8.01258337e-10,-9.03781414e-11,-1.60193891e-05,-2.09571021e-05,-7.74541541e-09,-1.04030182e-09,-5.0082006e-09,4.92861658e-10,2.87976301e-11
0.034,-5.93940923e-05,-4.18721953e-06,-3.90369324e-06,-9.5315848e-08,8.00563798e-10,1.02819133e-09,-1.15501152e-10,-1.80403354e-05,-2.42758033e-05,-1.87346753e-08,-1.42030127e-09,-7.11480974e-09,6.13523376e-10,2.96317605e-11
0.035,-6.64688921e-05,-4.81353554e-06,-4.63925404e-06,-1.16927233e-07,9.47280809e-10,1.30969568e-09,-1.45945465e-10,-2.02444362e-05,-2.79967264e-05,-3.32091488e-08,-1.90666882e-09,-9.77990876e-09,7.60273066e-10,3.19303936e-11
0.036,-7.41356894e-05,-5.51028435e-06,-5.48612335e-06,-1.42646235e-07,1.1347534e-09,1.65685874e-09,-1.8262375e-10,-2.26419211e-05,-3.21542002e-05,-5.18672393e-08,-2.52321483e-09,-1.31134281e-08,9.37728772e-10,3.63231477e-11
0.037,-8.24228131e-05,-6.28277356e-06,-6.45721651e-06,-1.73111566e-07,1.37479189e-09,2.08258888e-09,-2.26580307e-10,-2.52432065e-05,-3.67842453e-05,-7.55024323e-08,-3.29788977e-09,-1.72416565e-08,1.15113493e-09,4.35790009e-11
0.038,-9.135873e-05,-7.13649164e-06,-7.56650641e-06,-2.09040679e-07,1.68186741e-09,2.60183812e-09,-2.79007228e-10,-2.80588831e-05,-4.19245849e-05,-1.05011571e-07,-4.26332039e-09,-2.2309011e-08,1.40641839e-09,5.46273436e-11
0.039,-0.000100971995,-8.07710007e-06,-8.82907367e-06,-2.51237133e-07,2.07354205e-09,3.23184276e-09,-3.41263899e-10,-3.10997039e-05,-4.76146528e-05,-1.41403504e-07,-5.45739269e-09,-2.84799312e-08,1.71024603e-09,7.05785725e-11
0.04,-0.000111291202,-9.11042451e-06,-1.0261157e-05,-3.00598436e-07,2.57094925e-09,3.99237964e-09,-4.14897411e-10,-3.4376571e-05,-5.38955974e-05,-1.85808099e-07,-6.92388416e-09,-3.59409057e-08,2.07008214e-09,9.27498129e-11
0.041,-0.000122344932,-1.0242445e-05,-1.18802038e-05,-3.58124375e-07,3.19933491e-09,4.90603747e-09,-5.01668308e-10,-3.79005225e-05,-6.08102831e-05,-2.39485611e-07,-8.71315425e-09,-4.49026364e-08,2.49424715e-09,1.22690398e-10
0.042,-0.000134161703,-1.14792852e-05,-1.37049211e-05,-4.24925833e-07,3.98865728e-09,5.99850137e-09,-6.0357738e-10,-4.16827186e-05,-6.84032879e-05,-3.03836376e-07,-1.08829034e-08,-5.56023492e-08,2.99197595e-09,1.62214078e-10
0.043,-0.000146769918,-1.28272004e-05,-1.5755326e-05,-5.02234207e-07,4.97421283e-09,7.29886796e-09,-7.22891479e-10,-4.57344275e-05,-7.67208976e-05,-3.80411028e-07,-1.34989771e-08,-6.83062333e-08,3.57347577e-09,2.13425424e-10
0.044,-0.000160197816,-1.42925648e-05,-1.80527966e-05,-5.91411371e-07,6.19731879e-09,8.83997304e-09,-8.62170217e-10,-5.00670109e-05,-8.58110964e-05,-4.70921122e-07,-1.66362295e-08,-8.33120294e-08,4.24998027e-09,2.78754626e-10
0.045,-0.000174473419,-1.58818575e-05,-2.06201222e-05,-6.93960218e-07,7.70606786e-09,1.0658733e-08,-1.02430064e-09,-5.46919095e-05,-9.5723554e-05,-5.77250163e-07,-2.03794539e-08,-1.00951774e-07,5.03380307e-09,3.60990701e-10
0.046,-0.000189624481,-1.76016473e-05,-2.34815535e-05,-8.11535789e-07,9.55615175e-09,1.27964991e-08,-1.21253189e-09,-5.96206268e-05,-0.000106509609,-7.01465062e-07,-2.48243775e-08,-1.21594706e-07,5.9383855e-09,4.63325186e-10
0.047,-0.000205678438,-1.9458577e-05,-2.66628521e-05,-9.4595701e-07,1.18117583e-08,1.52994279e-08,-1.43051686e-09,-6.48647145e-05,-0.000118222246,-8.45828025e-07,-3.00787205e-08,-1.45650337e-07,6.97834161e-09,5.89392148e-10
0.048,-0.000222662355,-2.14593461e-05,-3.01913402e-05,-1.09921907e-06,1.45465435e-08,1.82188604e-08,-1.68235272e-09,-7.04357557e-05,-0.000130916076,-1.0128089e-06,-3.62633194e-08,-1.735717e-07,8.16949404e-09,7.43320782e-10
0.049,-0.000240602877,-2.36106925e-05,-3.40959486e-05,-1.27350639e-06,1.78446907e-08,2.16117136e-08,-1.97262996e-09,-7.63453493e-05,-0.000144647302,-1.20509799e-06,-4.351331e-08,-2.05858775e-07,9.52890465e-09,9.29783613e-10
0.05,-0.000259526179,-2.59193736e-05,-3.84072647e-05,-1.47120631e-06,2.18020721e-08,2.55408704e-08,-2.30648221e-09,-8.26050928e-05,-0.000159473691,-1.42561923e-06,-5.1979376e-08,-2.43062114e-07,1.10748935e-08,1.15406142e-09
0.051,-0.000279457914,-2.8392146e-05,-4.31575799e-05,-1.6949232e-06,2.65275534e-08,3.0075559e-08,-2.68965127e-09,-8.92265659e-05,-0.000175454533,-1.67754372e-06,-6.18290973e-08,-2.85786676e-07,1.28270543e-08,1.42210562e-09
0.052,-0.000300423166,-3.10357447e-05,-4.83809355e-05,-1.9474932e-06,3.21444314e-08,3.52917127e-08,-3.12855035e-09,-9.6221313e-05,-0.000192650602,-1.96430349e-06,-7.32484358e-08,-3.34695878e-07,1.48062612e-08,1.74062092e-09
0.053,-0.000322446398,-3.38568605e-05,-5.4113168e-05,-2.23199993e-06,3.87918374e-08,4.12724012e-08,-3.63030391e-09,-0.000103600826,-0.000211124113,-2.2896063e-06,-8.644319e-08,-3.90515745e-07,1.7034653e-08,2.11712627e-09
0.054,-0.000345551409,-3.68621168e-05,-6.03919523e-05,-2.55179088e-06,4.66262371e-08,4.81082534e-08,-4.20278619e-09,-0.000111376526,-0.000230938668,-2.65745108e-06,-1.01640531e-07,-4.54039279e-07,1.95355979e-08,2.56003716e-09
0.055,-0.000369761281,-4.00580448e-05,-6.72568446e-05,-2.91049442e-06,5.58230789e-08,5.5897865e-08,-4.85467754e-09,-0.000119559747,-0.000252159203,-3.07214378e-06,-1.19090632e-07,-5.26131051e-07,2.2333648e-08,3.07874775e-09
0.056,-0.000395098336,-4.34510584e-05,-7.47493228e-05,-3.31203762e-06,6.65785718e-08,6.4748188e-08,-5.59551554e-09,-0.000128161716,-0.000274851931,-3.53831386e-06,-1.39068371e-07,-6.07732043e-07,2.54544678e-08,3.683733e-09
0.057,-0.000421584086,-4.70474275e-05,-8.29128264e-05,-3.76066465e-06,7.91116036e-08,7.47749107e-08,-6.43575619e-09,-0.000137193537,-0.00029908428,-4.06093134e-06,-1.61875088e-07,-6.99864714e-07,2.8924745e-08,4.38664678e-09
0.058,-0.000449239196,-5.08532502e-05,-9.17927938e-05,-4.26095599e-06,9.36658e-08,8.61028148e-08,-7.38682477e-09,-0.000146666168,-0.000324924821,-4.64532441e-06,-1.87840387e-07,-8.03638317e-07,3.27720693e-08,5.20043872e-09
0.059,-0.000478083429,-5.48744252e-05,-0.000101436698,-4.81784829e-06,1.10511759e-07,9.88661093e-08,-8.46117889e-09,-0.00015659041,-0.000352443202,-5.29719779e-06,-2.17323976e-07,-9.20254468e-07,3.70247845e-08,6.13946984e-09
0.06,-0.000508135612,-5.91166213e-05,-0.000111894082,-5.43665487e-06,1.29949495e-07,1.13208719e-07,-9.672364e-09,-0.00016697688,-0.000381710069,-6.02265142e-06,-2.5071753e-07,-1.051013e-06,4.17118037e-08,7.21964892e-09
0.061,-0.000539413589,-6.35852484e-05,-0.000123216589,-6.12308647e-06,1.523112e-07,1.29284491e-07,-1.10351036e-08,-0.000177836,-0.000412796982,-6.82819943e-06,-2.88446724e-07,-1.19731817e-06,4.68624053e-08,8.45858506e-09
0.062,-0.000571934182,-6.82854266e-05,-0.000135457996,-6.88327253e-06,1.77964226e-07,1.47257327e-07,-1.2565388e-08,-0.000189177971,-0.000445776336,-7.72078911e-06,-3.309735e-07,-1.36068517e-06,5.25060108e-08,9.87576237e-09
0.063,-0.000605713149,-7.32219542e-05,-0.000148674235,-7.72378387e-06,2.0731375e-07,1.67301456e-07,-1.42804842e-08,-0.00020101276,-0.000480721265,-8.70782207e-06,-3.78798011e-07,-1.54274692e-06,5.86719032e-08,1.14926468e-08
0.064,-0.000640765148,-7.83992742e-05,-0.000162923427,-8.65165618e-06,2.40805557e-07,1.8960161e-07,-1.61989347e-08,-0.000213350079,-0.000517705554,-9.79717614e-06,-4.32460606e-07,-1.74526102e-06,6.53889245e-08,1.33328183e-08
0.065,-0.000677103695,-8.38214414e-05,-0.000178265892,-9.67441402e-06,2.78929134e-07,2.14353082e-07,-1.8340596e-08,-0.000226199367,-0.000556803532,-1.09972275e-05,-4.92543899e-07,-1.97011728e-06,7.26851577e-08,1.54221271e-08
0.066,-0.000714741135,-8.94920881e-05,-0.000194764177,-1.08000953e-05,3.22220988e-07,2.41761702e-07,-2.07266661e-08,-0.000239569768,-0.000598089977,-1.23168736e-05,-5.59674781e-07,-2.21934547e-06,8.05875644e-08,1.77888701e-08
0.067,-0.000753688598,-9.54143895e-05,-0.000212483066,-1.20372767e-05,3.71268224e-07,2.72043745e-07,-2.33797278e-08,-0.000253470118,-0.00064164,-1.37655563e-05,-6.34526271e-07,-2.49512356e-06,8.91215633e-08,2.04639801e-08
0.068,-0.000793955971,-0.000101591028,-0.000231489599,-1.33950987e-05,4.26712454e-07,3.05425725e-07,-2.63237823e-08,-0.000267908924,-0.00068752894,-1.53532859e-05,-7.17819009e-07,-2.79978628e-06,9.83105168e-08,2.34812261e-08
0.069,-0.000835551865,-0.00010802416,-0.000251853075,-1.48832918e-05,4.89254299e-07,3.42144037e-07,-2.95843366e-08,-0.000282894343,-0.000735832244,-1.70906645e-05,-8.10322226e-07,-3.13583428e-06,1.08175099e-07,2.68774421e-08
0.07,-0.00087848358,-0.000114715376,-0.000273645067,-1.6512199e-05,5.59659108e-07,3.8244418e-07,-3.31886124e-08,-0.00029843417,-0.000786625346,-1.89889079e-05,-9.1285441e-07,-3.50594401e-06,1.1873257e-07,3.06928192e-08
0.071,-0.000922757075,-0.000121665678,-0.000296939433,-1.82927948e-05,6.38765239e-07,4.26578987e-07,-3.71661548e-08,-0.000314535816,-0.000839983542,-2.10598585e-05,-1.0262859e-06,-3.91297888e-06,1.29996216e-07,3.49714407e-08
0.072,-0.000968376937,-0.00012887545,-0.000321812334,-2.02366972e-05,7.27493624e-07,4.74806094e-07,-4.15495746e-08,-0.000331206291,-0.000895981862,-2.33159909e-05,-1.15154489e-06,-4.36000179e-06,1.41975154e-07,3.97620936e-08
0.073,-0.00101534635,-0.000136344427,-0.000348342225,-2.23561964e-05,8.26849567e-07,5.27388347e-07,-4.63736382e-08,-0.000348452191,-0.000954694936,-2.57704419e-05,-1.28961605e-06,-4.85028421e-06,1.54673494e-07,4.51182586e-08
0.074,-0.00106366706,-0.000144071646,-0.000376609843,-2.46642835e-05,9.37924688e-07,5.84593525e-07,-5.16745493e-08,-0.000366279678,-0.00101619686,-2.84370402e-05,-1.44153992e-06,-5.38731592e-06,1.68089902e-07,5.10979169e-08
0.075,-0.00111333936,-0.000152055422,-0.000406698204,-2.7174677e-05,1.06190113e-06,6.46693229e-07,-5.74897102e-08,-0.000384694466,-0.00108056108,-3.13303327e-05,-1.608414e-06,-5.97481589e-06,1.82217352e-07,5.77635674e-08
0.076,-0.00116436204,-0.000160293304,-0.000438692584,-2.99018466e-05,1.20005679e-06,7.13961484e-07,-6.38576571e-08,-0.0004037018,-0.00114786019,-3.44656088e-05,-1.79139406e-06,-6.61674373e-06,1.97042813e-07,6.5182284e-08
0.077,-0.0012167324,-0.00016878205,-0.000472680508,-3.28610377e-05,1.35377075e-06,7.86673225e-07,-7.08179214e-08,-0.000423306447,-0.00121816589,-3.78589246e-05,-1.99169568e-06,-7.31731165e-06,2.12546916e-07,7.34258961e-08
0.078,-0.00127044616,-0.000177517591,-0.000508751731,-3.60682954e-05,1.52452843e-06,8.65102794e-07,-7.841079e-08,-0.000443512674,-0.00129154874,-4.15271276e-05,-2.21059668e-06,-8.08099664e-06,2.28703764e-07,8.25710268e-08
0.079,-0.0013254975,-0.000186494996,-0.000546998212,-3.95404919e-05,1.71392526e-06,9.49522837e-07,-8.66767482e-08,-0.000464324236,-0.00136807808,-4.54878845e-05,-2.44944105e-06,-8.91255252e-06,2.45481009e-07,9.26991365e-08
0.08,-0.00138187897,-0.00019570844,-0.000587514076,-4.32953634e-05,1.92366638e-06,1.04020455e-06,-9.56552953e-08,-0.000485744358,-0.00144782185,-4.9759718e-05,-2.70964307e-06,-9.817021e-06,2.6284013e-07,1.03896131e-07
0.081,-0.00143958153,-0.000205151144,-0.00063039554,-4.73515709e-05,2.1555571e-06,1.13742173e-06,-1.05382128e-07,-0.000507775719,-0.00153084647,-5.43620747e-05,-2.99268201e-06,-1.07997395e-05,2.8073569e-07,1.1625125e-07
0.082,-0.00149859448,-0.000214815298,-0.000675740814,-5.17287816e-05,2.41148815e-06,1.24145721e-06,-1.15885733e-07,-0.000530420433,-0.00161721667,-5.93154218e-05,-3.30008122e-06,-1.18663467e-05,2.99112921e-07,1.29855254e-07
0.083,-0.00155890545,-0.000224692049,-0.000723650074,-5.64476831e-05,2.69345064e-06,1.35259578e-06,-1.27190344e-07,-0.000553680032,-0.00170699538,-6.46412472e-05,-3.63341898e-06,-1.30228033e-05,3.17909114e-07,1.4480214e-07
0.084,-0.00162050039,-0.000234771486,-0.000774225436,-6.15299952e-05,3.00355073e-06,1.4711179e-06,-1.39318225e-07,-0.000577555454,-0.0018002435,-7.03620594e-05,-3.99433402e-06,-1.42754128e-05,3.37054131e-07,1.61190002e-07
0.085,-0.00168336352,-0.000245042607,-0.000827570898,-6.69984946e-05,3.3440167e-06,1.5972969e-06,-1.52290056e-07,-0.000602047023,-0.00189701983,-7.65014069e-05,-4.38452275e-06,-1.56308383e-05,3.56469899e-07,1.79120853e-07
0.086,-0.00174747732,-0.000255493288,-0.000883792282,-7.28770455e-05,3.71720202e-06,1.73139716e-06,-1.6612473e-07,-0.000627154443,-0.00199738086,-8.30839018e-05,-4.80573583e-06,-1.70961199e-05,3.76070179e-07,1.98699894e-07
0.087,-0.0018128225,-0.000266110259,-0.00094299716,-7.91906322e-05,4.12558588e-06,1.8736728e-06,-1.80838799e-07,-0.00065287678,-0.00210138063,-9.01352461e-05,-5.25977633e-06,-1.86786908e-05,3.95760874e-07,2.20034625e-07
0.088,-0.00187937796,-0.000276879066,-0.00100529477,-8.59653958e-05,4.57177077e-06,2.02436683e-06,-1.96445805e-07,-0.000679212448,-0.0022090706,-9.76822591e-05,-5.74850142e-06,-2.03863935e-05,4.15441288e-07,2.43233676e-07
0.089,-0.00194712081,-0.000287784047,-0.00107079593,-9.32286808e-05,5.05847458e-06,2.18371176e-06,-2.12954919e-07,-0.000706159196,-0.00232049946,-0.000105752911,-6.2738288e-06,-2.22274954e-05,4.35006439e-07,2.68405345e-07
0.09,-0.00201602632,-0.000298808289,-0.00113961289,-0.00010100911,5.58851039e-06,2.35193416e-06,-2.30368047e-07,-0.000733714091,-0.00243571301,-0.000114376382,-6.83774362e-06,-2.42107013e-05,4.54350129e-07,2.95655309e-07
0.091,-0.00208606792,-0.000309933542,-0.00121185915,-0.00010933673,6.16473996e-06,2.52926997e-06,-2.48672579e-07,-0.000761873497,-0.002554754,-0.000123583193,-7.44227749e-06,-2.63451577e-05,4.73365141e-07,3.25082028e-07
0.092,-0.00215721724,-0.00032114007,-0.00128764912,-0.000118243206,6.79001292e-06,2.7159856e-06,-2.67832389e-07,-0.000790633051,-0.00267766199,-0.00013340542,-8.08944452e-06,-2.86404504e-05,4.91938677e-07,3.56770836e-07
0.093,-0.00222944405,-0.000332406676,-0.00136709814,-0.00012776183,7.46718633e-06,2.91236162e-06,-2.87796614e-07,-0.000819987642,-0.00280447323,-0.000143876633,-8.78127274e-06,-3.11066391e-05,5.09959576e-07,3.90797428e-07
0.094,-0.00230271625,-0.000343710703,-0.00145032234,-0.00013792752,8.19914229e-06,3.11867944e-06,-3.08506607e-07,-0.000849931404,-0.00293522047,-0.000155031859,-9.51981914e-06,-3.37542898e-05,5.27322372e-07,4.2722971e-07
0.095,-0.00237699992,-0.000355028005,-0.00153743857,-0.000148776858,8.98878364e-06,3.33521716e-06,-3.29898244e-07,-0.000880457699,-0.00306993283,-0.000166907587,-1.03071607e-05,-3.65944985e-05,5.43928392e-07,4.66126602e-07
0.096,-0.00245225922,-0.000366332911,-0.00162856423,-0.000160348155,9.83901769e-06,3.56224885e-06,-3.51902113e-07,-0.000911559109,-0.00320863567,-0.000179541777,-1.11453833e-05,-3.96389146e-05,5.59687275e-07,5.07536263e-07
0.097,-0.00252845648,-0.000377598191,-0.00172381715,-0.000172681515,1.07527323e-05,3.80004379e-06,-3.74443688e-07,-0.000943227414,-0.00335135044,-0.00019297389,-1.20365742e-05,-4.28997646e-05,5.74520059e-07,5.51493675e-07
0.098,-0.00260555216,-0.00038879502,-0.00182331538,-0.000185818915,1.17327647e-05,4.04886593e-06,-3.97442599e-07,-0.000975453589,-0.00349809456,-0.0002072449,-1.29828224e-05,-4.63898778e-05,5.88363763e-07,5.98018862e-07
0.099,-0.00268350487,-0.000399892945,-0.00192717706,-0.0001998043,1.2781859e-05,4.30897255e-06,-4.20812316e-07,-0.00100822779,-0.00364888127,-0.000222397326,-1.39862263e-05,-5.01227131e-05,6.0117836e-07,6.47114294e-07
0.1,-0.00276227142,-0.000410859836,-0.00203552014,-0.000214683731,1.39026035e-05,4.58061795e-06,-4.44454383e-07,-0.00104153933,-0.00380371953,-0.000238475297,-1.50489033e-05,-5.41123851e-05,6.12954084e-07,6.98761919e-07
0.101,-0.00284180685,-0.000421661748,-0.00214846209,-0.000230505644,1.5097331e-05,4.86406877e-06,-4.68242733e-07,-0.00107537666,-0.00396261388,-0.000255524749,-1.61729542e-05,-5.83736736e-05,6.23713875e-07,7.52913076e-07
0.102,-0.00292206456,-0.000432262675,-0.00226611942,-0.000247321201,1.63680218e-05,5.1596366e-06,-4.92008507e-07,-0.00110972736,-0.00412556435,-0.000273593771,-1.73603628e-05,-6.29220052e-05,6.33502348e-07,8.09475116e-07
0.103,-0.00300299633,-0.000442624554,-0.00238860762,-0.000265184314,1.77163465e-05,5.46767013e-06,-5.15556044e-07,-0.00114457812,-0.0042925663,-0.00029273256,-1.8613063e-05,-6.77734795e-05,6.42388353e-07,8.68320939e-07
0.104,-0.00308455245,-0.000452707245,-0.00251604104,-0.000284151667,1.91436944e-05,5.7885527e-06,-5.38670985e-07,-0.00117991477,-0.00446361036,-0.000312993366,-1.99329719e-05,-7.2944904e-05,6.50460681e-07,9.29300668e-07
0.105,-0.00316668172,-0.000462468481,-0.00264853264,-0.000304282798,2.06511588e-05,6.12270961e-06,-5.61114863e-07,-0.00121572231,-0.00463868223,-0.000334430503,-2.13219804e-05,-7.84538254e-05,6.57820355e-07,9.92247948e-07
0.106,-0.00324933156,-0.000471863794,-0.00278619379,-0.000325640227,2.22395041e-05,6.47061869e-06,-5.82617662e-07,-0.00125198483,-0.00481776262,-0.000357100387,-2.27819374e-05,-8.43185572e-05,6.64575755e-07,1.05698235e-06
0.107,-0.00333244804,-0.000480846443,-0.00292913396,-0.000348289591,2.39091243e-05,6.83282075e-06,-6.02871504e-07,-0.0012886856,-0.00500082712,-0.000381061579,-2.43146387e-05,-9.05582046e-05,6.70840935e-07,1.12331021e-06
0.108,-0.00341597599,-0.000489367338,-0.00307746044,-0.000372299801,2.56599969e-05,7.20993027e-06,-6.21525611e-07,-0.00132580699,-0.00518784607,-0.000406374841,-2.59218227e-05,-9.71926879e-05,6.76736863e-07,1.19102396e-06
0.109,-0.00349985909,-0.000497374959,-0.00323127801,-0.000397743214,2.74916268e-05,7.60264746e-06,-6.3818141e-07,-0.00136333054,-0.00537878444,-0.000433103197,-2.7605174e-05,-0.000104242763,6.82394864e-07,1.25990074e-06
0.11,-0.00358403997,-0.00050481526,-0.00339068858,-0.000424695859,2.94029761e-05,8.01177592e-06,-6.52386343e-07,-0.00140123689,-0.00557360172,-0.000461312034,-2.9366326e-05,-0.000111730041,6.87961033e-07,1.32969949e-06
0.111,-0.00366846034,-0.000511631517,-0.0035557907,-0.000453237757,3.13923588e-05,8.43825413e-06,-6.63622133e-07,-0.00143950579,-0.00577225183,-0.000491069285,-3.1206822e-05,-0.000119676992,6.93595664e-07,1.40015544e-06
0.112,-0.00375306114,-0.000517764118,-0.00372667896,-0.00048345331,3.34573199e-05,8.88319346e-06,-6.71291202e-07,-0.00147811613,-0.005974683,-0.000522445696,-3.31280158e-05,-0.000128106947,6.99464918e-07,1.47097279e-06
0.113,-0.00383778265,-0.000523150528,-0.00390344377,-0.000515431418,3.5594621e-05,9.3478663e-06,-6.74726774e-07,-0.00151704585,-0.00618083765,-0.000555514791,-3.51311191e-05,-0.000137044138,7.0575025e-07,1.54182951e-06
0.114,-0.00392256463,-0.000527725234,-0.00408617098,-0.000549265605,3.78002236e-05,9.83369872e-06,-6.7320098e-07,-0.00155627203,-0.00639065228,-0.00059035284,-3.72172192e-05,-0.000146513729,7.12651581e-07,1.61237983e-06
0.115,-0.00400734644,-0.000531419644,-0.00427494159,-0.000585054206,4.0069248e-05,1.03422776e-05,-6.65926294e-07,-0.00159577087,-0.00660405737,-0.000627038907,-3.93872512e-05,-0.000156541836,7.20383297e-07,1.68225395e-06
0.116,-0.0040920672,-0.00053416197,-0.00446983129,-0.00062290059,4.23959236e-05,1.08753637e-05,-6.52054767e-07,-0.00163551767,-0.00682097732,-0.00066565491,-4.16419439e-05,-0.00016715555,7.29166149e-07,1.75105657e-06
0.117,-0.00417666592,-0.000535877113,-0.00467091007,-0.000662913384,4.47735456e-05,1.14349057e-05,-6.30677651e-07,-0.00167548688,-0.0070413303,-0.000706285676,-4.39817212e-05,-0.000178382953,7.3921135e-07,1.81836555e-06
0.118,-0.00426108167,-0.000536486554,-0.00487824184,-0.000705206619,4.71944647e-05,1.20230447e-05,-6.00830084e-07,-0.00171565208,-0.00726502826,-0.000749018958,-4.64065197e-05,-0.00019025314,7.50689999e-07,1.88373076e-06
0.119,-0.00434525367,-0.000535908316,-0.00509188432,-0.000749899602,4.96501702e-05,1.26420828e-05,-5.61511094e-07,-0.00175598602,-0.00749197688,-0.000793945305,-4.89155027e-05,-0.000202796258,7.63682021e-07,1.94667576e-06
0.12,-0.00442912137,-0.000534057157,-0.00531188945,-0.000797116086,5.2131611e-05,1.32943519e-05,-5.1174577e-07,-0.00179646071,-0.0077220755,-0.000841157477,-5.15068136e-05,-0.000216043587,7.78121121e-07,2.00671088e-06
0.121,-0.00451262418,-0.000530845628,-0.00553830562,-0.000846981801,5.46300533e-05,1.39818446e-05,-4.5074958e-07,-0.00183704766,-0.00795521693,-0.000890748396,-5.41781186e-05,-0.000230027771,7.93834914e-07,2.06338883e-06
0.122,-0.0045957012,-0.000526185991,-0.00577118107,-0.000899621057,5.71381788e-05,1.47057502e-05,-3.78131405e-07,-0.00187771819,-0.00819128719,-0.000942807907,-5.6928202e-05,-0.000244783123,8.1072253e-07,2.11638645e-06
0.123,-0.00467829138,-0.000519989164,-0.00601056181,-0.000955158318,5.9649318e-05,1.54668762e-05,-2.93685384e-07,-0.00191844343,-0.00843016563,-0.000997424675,-5.97558287e-05,-0.000260345297,8.28584472e-07,2.16539981e-06
0.124,-0.00476033394,-0.000512163989,-0.00625648956,-0.00101371986,6.21566995e-05,1.6266011e-05,-1.97221645e-07,-0.00195919415,-0.00867172507,-0.00105468775,-6.26590948e-05,-0.000276751041,8.47055114e-07,2.21007619e-06
0.125,-0.00484176839,-0.000502617128,-0.0065090009,-0.00107543439,6.4653123e-05,1.71040418e-05,-8.85042154e-08,-0.00199994081,-0.00891583179,-0.00111468696,-6.56354572e-05,-0.000294038131,8.65635063e-07,2.24999632e-06
0.126,-0.00492253478,-0.000491253087,-0.00676812685,-0.00114043314,6.71308284e-05,1.79819711e-05,3.27633724e-08,-0.00204065353,-0.00916234551,-0.00117751305,-6.86818571e-05,-0.000312245359,8.83724388e-07,2.28466869e-06
0.127,-0.00500257371,-0.000477974285,-0.00703389262,-0.0012088498,6.95814603e-05,1.89009064e-05,1.6692673e-07,-0.00208130213,-0.00941111931,-0.00124325758,-7.17947959e-05,-0.000331412519,9.00635841e-07,2.31352677e-06
0.128,-0.00508182652,-0.000462681173,-0.0073063175,-0.00128082033,7.19960867e-05,1.98620379e-05,3.14357832e-07,-0.00212185619,-0.00966199961,-0.00131201293,-7.49703447e-05,-0.000351580391,9.1558978e-07,2.33592908e-06
0.129,-0.00516023534,-0.000445272383,-0.00758541476,-0.00135648259,7.43652636e-05,2.08666032e-05,4.75427188e-07,-0.00216228509,-0.00991482621,-0.00138387215,-7.82041049e-05,-0.000372790738,9.27694778e-07,2.35116205e-06
0.13,-0.00523774318,-0.000425644971,-0.00787119186,-0.00143597584,7.66791858e-05,2.19158188e-05,6.50463911e-07,-0.00220255815,-0.0101694323,-0.00145892876,-8.14911837e-05,-0.000395086299,9.35923475e-07,2.35844898e-06
0.131,-0.00531429393,-0.000403694934,-0.00816365117,-0.00151943955,7.89280127e-05,2.30107365e-05,8.39684678e-07,-0.00224264471,-0.0104256444,-0.00153727605,-8.48264382e-05,-0.000418510837,9.39118721e-07,2.35697366e-06
0.132,-0.00538983225,-0.000379317966,-0.00846279111,-0.00160701207,8.11022749e-05,2.41520714e-05,1.04311319e-06,-0.00228251433,-0.0106832824,-0.00161900611,-8.82050634e-05,-0.000443109196,9.360421e-07,2.34591595e-06
0.133,-0.00546430373,-0.000352409348,-0.00876860556,-0.00169883076,8.31926951e-05,2.53403036e-05,1.26063369e-06,-0.00232213682,-0.0109421595,-0.00170421041,-9.1622271e-05,-0.000468927176,9.25302504e-07,2.32443531e-06
0.134,-0.005537655,-0.000322863934,-0.00908108323,-0.00179503222,8.51900271e-05,2.65757616e-05,1.49203488e-06,-0.00236148228,-0.0112020827,-0.0017929802,-9.50731456e-05,-0.000496011419,9.05317769e-07,2.29166856e-06
0.135,-0.00560983375,-0.000290576324,-0.00940020752,-0.00189575211,8.70850437e-05,2.78586328e-05,1.7370199e-06,-0.00240052116,-0.0114628524,-0.00188540669,-9.85527469e-05,-0.00052440934,8.74310219e-07,2.2467454e-06
0.136,-0.00568078885,-0.00025544111,-0.00972595647,-0.00200112477,8.88685936e-05,2.91889438e-05,1.99520594e-06,-0.00243922431,-0.0117242629,-0.00198158106,-0.000102056275,-0.000554169057,8.30307715e-07,2.18881248e-06
0.137,-0.00575047024,-0.000217353132,-0.0100583028,-0.00211128284,9.05316822e-05,3.05665331e-05,2.26612232e-06,-0.00247756311,-0.0119861022,-0.00208159451,-0.000105579274,-0.00058533933,7.71148754e-07,2.1170603e-06
0.138,-0.00581882904,-0.00017620774,-0.0103972136,-0.00222635691,9.20655386e-05,3.19910336e-05,2.54921764e-06,-0.00251550947,-0.0122481522,-0.00218553831,-0.000109117895,-0.000617969472,6.9449924e-07,2.03075412e-06
0.139,-0.00588581749,-0.000131900982,-0.0107426507,-0.00234647537,9.34616106e-05,3.34618937e-05,2.84388464e-06,-0.00255303592,-0.0125101889,-0.00229350394,-0.000112669235,-0.000652109254,5.97886277e-07,1.92926414e-06
0.14,-0.00595138905,-8.43295769e-05,-0.0110945689,-0.0024717649,9.47113573e-05,3.4978497e-05,3.14953182e-06,-0.00259011556,-0.0127719824,-0.00240558365,-0.000116231584,-0.000687808748,4.78735308e-07,1.812091e-06
0.141,-0.00601549861,-3.33902216e-05,-0.0114529144,-0.0026023524,9.58055777e-05,3.6540488e-05,3.46574646e-06,-0.00262672197,-0.0130332968,-0.00252187199,-0.000119803899,-0.000725118072,3.34318183e-07,1.67885579e-06
0.142,-0.00607810297,2.10216622e-05,-0.0118176209,-0.00273836748,9.67335388e-05,3.81481829e-05,3.79246121e-06,-0.00266282894,-0.0132938912,-0.00264246819,-0.000123384341,-0.000764087072,1.61589092e-07,1.52924384e-06
0.143,-0.00613916052,7.9010804e-05,-0.0121886115,-0.00287994055,9.74837315e-05,3.98022496e-05,4.12977384e-06,-0.00269841062,-0.0135535188,-0.00276747431,-0.000126971475,-0.000804765563,-4.26171931e-08,1.36302864e-06
0.144,-0.00619863081,0.000140680922,-0.0125658006,-0.00302720074,9.80445685e-05,4.15033687e-05,4.4778451e-06,-0.00273344155,-0.0138119277,-0.00289699362,-0.000130564978,-0.000847203586,-2.81504136e-07,1.18003785e-06
0.145,-0.00625647435,0.000206134002,-0.0129490948,-0.00318027481,9.84046972e-05,4.32520225e-05,4.83686209e-06,-0.00276789673,-0.0140688606,-0.00303112988,-0.000134165723,-0.000891451504,-5.58345055e-07,9.80125488e-07
0.146,-0.00631265252,0.000275469824,-0.0133383926,-0.00333928653,9.85531315e-05,4.50483721e-05,5.20698522e-06,-0.0028017516,-0.0143240555,-0.0031699872,-0.000137775838,-0.000937559968,-8.76503569e-07,7.63154035e-07
0.147,-0.00636712757,0.000348785574,-0.0137335849,-0.00350435622,9.84792873e-05,4.68921883e-05,5.58829873e-06,-0.00283498215,-0.0145772456,-0.00331366989,-0.000141398909,-0.000985579848,-1.23942417e-06,5.28971889e-07
0.148,-0.00641986267,0.000426175544,-0.0141345545,-0.00367560067,9.81729207e-05,4.87828339e-05,5.98078987e-06,-0.00286756487,-0.0148281599,-0.00346228247,-0.00014504039,-0.00103556218,-1.65058757e-06,2.77403181e-07
0.149,-0.00647082199,0.000507730995,-0.0145411751,-0.00385313364,9.76238626e-05,5.07193405e-05,6.38437749e-06,-0.00289947683,-0.0150765227,-0.00361592981,-0.000148708172,-0.00108755808,-2.11343348e-06,8.24571925e-09
0.15,-0.00651997106,0.00059354055,-0.0149533092,-0.00403706792,9.68212573e-05,5.27007003e-05,6.79904414e-06,-0.00293069559,-0.0153220548,-0.00377471794,-0.000152412907,-0.00114161868,-2.63130423e-06,-2.78739987e-07
0.151,-0.00656727755,0.000683692067,-0.0153708015,-0.00422752073,9.57516858e-05,5.47266125e-05,7.2251979e-06,-0.00296119892,-0.015564473,-0.00393875724,-0.000156166327,-0.00119779479,-3.20764309e-06,-5.83911608e-07
0.152,-0.00661271245,0.000778275606,-0.0157934708,-0.00442462043,9.43968521e-05,5.67983539e-05,7.66410867e-06,-0.00299096423,-0.0158034915,-0.00410816732,-0.000159977345,-0.0012561365,-3.84649299e-06,-9.07877566e-07
0.153,-0.00665624968,0.000877381314,-0.0162211138,-0.0046285025,9.27353457e-05,5.8917902e-05,8.11743788e-06,-0.00301996901,-0.0160388215,-0.00428307303,-0.000163854987,-0.00131669367,-4.55208252e-06,-1.25130697e-06
0.154,-0.00669786565,0.000981097675,-0.0166535097,-0.0048393052,9.07443172e-05,6.10871683e-05,8.5868502e-06,-0.00304819108,-0.0162701713,-0.00446360122,-0.000167810145,-0.0013795162,-5.32864005e-06,-1.61480829e-06
0.155,-0.00673753916,0.00108951083,-0.017090421,-0.00505716768,8.84001891e-05,6.33076875e-05,9.07387308e-06,-0.00307560878,-0.0164972467,-0.00464987962,-0.000171855613,-0.00144465414,-6.18044651e-06,-1.99889854e-06
0.156,-0.00677525133,0.00120270424,-0.017531594,-0.00528222918,8.56789319e-05,6.55805083e-05,9.57986099e-06,-0.00310220102,-0.0167197513,-0.00484203631,-0.000176005811,-0.00151215766,-7.11190932e-06,-2.40399656e-06
0.157,-0.00681098569,0.00132075849,-0.0179767587,-0.00551462863,8.25561754e-05,6.79061607e-05,1.01060015e-05,-0.00312794725,-0.0169373867,-0.00504019931,-0.000180276496,-0.00158207704,-8.12761235e-06,-2.83041981e-06
0.158,-0.00684472819,0.00144375108,-0.0184256286,-0.00575450423,7.9007286e-05,7.02846347e-05,1.06533249e-05,-0.00315282755,-0.0171498534,-0.00524449623,-0.000184684494,-0.00165446258,-9.23235284e-06,-3.27838806e-06
0.159,-0.00687646718,0.00157175621,-0.0188779014,-0.00600199276,7.50075246e-05,7.27153265e-05,1.12226882e-05,-0.00317682262,-0.0173568506,-0.0054550537,-0.000189247422,-0.00172936459,-1.04311741e-05,-3.7480544e-06
0.16,-0.00690619321,0.00170484406,-0.0193332595,-0.00625722782,7.05325299e-05,7.51968773e-05,1.18147287e-05,-0.00319991383,-0.0175580766,-0.00567199632,-0.00019398365,-0.0018068335,-1.17293745e-05,-4.2395765e-06
0.161,-0.00693389846,0.00184307917,-0.0197913751,-0.00652033609,6.55595491e-05,7.77267199e-05,1.24296805e-05,-0.00322208339,-0.0177532296,-0.00589544429,-0.000198913604,-0.00188691995,-1.31323692e-05,-4.75313502e-06
0.162,-0.00695957602,0.0019865182,-0.0202519146,-0.00679143273,6.0068952e-05,8.03005403e-05,1.30671113e-05,-0.00324331473,-0.0179420072,-0.00612550995,-0.000204062483,-0.00196967498,-1.46453637e-05,-5.28887196e-06
0.163,-0.00698322019,0.00213521072,-0.0207145358,-0.00707062375,5.40430581e-05,8.29128268e-05,1.37262305e-05,-0.00326359227,-0.0181241079,-0.00636229971,-0.000209458409,-0.00205514966,-1.62736367e-05,-5.84701741e-06
0.164,-0.00700482698,0.00228919997,-0.0211788848,-0.00735800847,4.74650259e-05,8.55573598e-05,1.44061429e-05,-0.00328290125,-0.0182992309,-0.00660591534,-0.000215131352,-0.00214339489,-1.80226704e-05,-6.42797505e-06
0.165,-0.00702439418,0.0024485229,-0.0216445948,-0.00765368048,4.03183807e-05,8.82274302e-05,1.51059469e-05,-0.00330122774,-0.018467077,-0.00685645394,-0.000221113171,-0.00223446125,-1.98981172e-05,-7.03235275e-06
0.166,-0.00704192156,0.00261320999,-0.022111286,-0.00795772772,3.25868394e-05,9.09159361e-05,1.58247638e-05,-0.00331855859,-0.0186273489,-0.00711400758,-0.000227437839,-0.00232839901,-2.19057528e-05,-7.66098259e-06
0.167,-0.00705741087,0.00278328501,-0.022578565,-0.00827023236,2.42542765e-05,9.36154292e-05,1.65617383e-05,-0.00333488151,-0.0187797513,-0.00737866282,-0.000234141575,-0.002425258,-2.40514521e-05,-8.31494332e-06
0.168,-0.00707086586,0.00295876468,-0.0230460259,-0.00859127026,1.53047934e-05,9.63181262e-05,1.7316017e-05,-0.00335018505,-0.018923992,-0.00765050018,-0.000241262828,-0.00252508754,-2.63411945e-05,-8.99559067e-06
0.169,-0.00708229226,0.00313965823,-0.023513251,-0.00892090994,5.72295416e-06,9.90158613e-05,1.80866951e-05,-0.00336445861,-0.0190597817,-0.0079295936,-0.000248842179,-0.00262793642,-2.87810922e-05,-9.70459304e-06
0.17,-0.00709169757,0.00332596654,-0.0239798127,-0.00925921053,-4.50561103e-06,0.000101699896,1.88726869e-05,-0.00337769257,-0.019186835,-0.00821600958,-0.000256922498,-0.00273385275,-3.13774005e-05,-1.04439656e-05
0.171,-0.00709909044,0.00351768039,-0.024445279,-0.00960621743,-1.53927864e-05,0.000104360447,1.96724349e-05,-0.00338987842,-0.0193048702,-0.00850980494,-0.000265550615,-0.00284288399,-3.41363419e-05,-1.12160586e-05
0.172,-0.00710447984,0.00371477813,-0.0249092197,-0.00996195717,-2.69462359e-05,0.000106986144,2.04835651e-05,-0.00340100917,-0.0194136103,-0.00881102366,-0.0002747805,-0.00295507709,-3.70637453e-05,-1.20235123e-05
0.173,-0.00710787546,0.00391722652,-0.0253712037,-0.0103264401,-3.91706138e-05,0.000109564646,2.13032148e-05,-0.00341107918,-0.0195127831,-0.00911969893,-0.000284671194,-0.00307047816,-4.01654116e-05,-1.28693889e-05
0.174,-0.00710928806,0.00412498119,-0.0258307953,-0.0106996628,-5.20685501e-05,0.000112083147,2.21283151e-05,-0.00342008403,-0.0196021221,-0.00943585464,-0.000295285647,-0.00318913226,-4.34473148e-05,-1.37571877e-05
0.175,-0.00710872969,0.00433798665,-0.0262875537,-0.0110816094,-6.56408835e-05,0.000114528553,2.29556041e-05,-0.00342802056,-0.0196813677,-0.00975950567,-0.000306690891,-0.00331108309,-4.69156047e-05,-1.46906663e-05
0.176,-0.00710621394,0.00455617652,-0.0267410324,-0.0114722512,-7.9886733e-05,0.000116887584,2.37815351e-05,-0.00343488695,-0.019750267,-0.010090658,-0.000318958514,-0.00343637272,-5.05765359e-05,-1.56736626e-05
0.177,-0.00710175605,0.00477947358,-0.0271907792,-0.0118715468,-9.48035618e-05,0.000119146865,2.46022641e-05,-0.00344068278,-0.0198085742,-0.0104293083,-0.000332165093,-0.00356504161,-5.44363999e-05,-1.67100507e-05
0.178,-0.00709537283,0.00500778982,-0.0276363372,-0.0122794418,-0.000110387154,0.000121293019,2.54137006e-05,-0.00344540899,-0.0198560506,-0.010775444,-0.000346392578,-0.00369712847,-5.85014778e-05,-1.7803716e-05
0.179,-0.00708708257,0.00524102635,-0.0280772444,-0.012695869,-0.000126631628,0.00012331278,2.62115777e-05,-0.00344906793,-0.0198924653,-0.0111290427,-0.00036172864,-0.00383267032,-6.2777994e-05,-1.89585228e-05
0.18,-0.00707690513,0.00547907357,-0.0285130328,-0.0131207493,-0.0001435297,0.000125193186,2.69915633e-05,-0.00345166332,-0.019917595,-0.0114900718,-0.000378266756,-0.00397170239,-6.72721094e-05,-2.01782974e-05
0.181,-0.00706486227,0.0057218121,-0.0289432259,-0.0135539945,-0.000161073571,0.000126921973,2.77494836e-05,-0.00345320016,-0.019931225,-0.0118584897,-0.000396105104,-0.00411425807,-7.19900708e-05,-2.14668511e-05
0.182,-0.0070509782,0.00596911385,-0.0293673344,-0.0139955104,-0.00017925603,0.000128487974,2.848157e-05,-0.00345368455,-0.0199331496,-0.0122342469,-0.000415344343,-0.00426036873,-7.69385145e-05,-2.28280389e-05
0.183,-0.00703527916,0.00622084106,-0.0297848599,-0.014445194,-0.000198069225,0.000129880691,2.9184182e-05,-0.00345312382,-0.019923172,-0.0126172839,-0.000436089499,-0.00441006379,-8.21242062e-05,-2.42656945e-05
0.184,-0.0070177929,0.00647684527,-0.0301952986,-0.0149029314,-0.000217503528,0.000131089924,2.98535725e-05,-0.00345152668,-0.0199011051,-0.0130075299,-0.000458451178,-0.00456337063,-8.75539059e-05,-2.57836056e-05
0.185,-0.00699854847,0.00673696696,-0.0305981432,-0.0153685959,-0.000237546975,0.000132105617,3.04857881e-05,-0.00344890318,-0.0198667713,-0.0134049021,-0.000482545765,-0.00472031445,-9.32343715e-05,-2.73855282e-05
0.186,-0.00697757604,0.0070010353,-0.0309928841,-0.0158420478,-0.00025818498,0.00013291782,3.10766294e-05,-0.00344526471,-0.0198200034,-0.0138093054,-0.000508495455,-0.00488091816,-9.91723757e-05,-2.90752054e-05
0.187,-0.00695490681,0.00726886811,-0.0313790103,-0.0163231344,-0.000279400178,0.000133516706,3.16216359e-05,-0.00344062395,-0.0197606449,-0.0142206323,-0.000536428344,-0.00504520216,-0.000105374697,-3.08563805e-05
0.188,-0.00693057298,0.00754027193,-0.0317560092,-0.0168116898,-0.000301172412,0.000133892635,3.21160797e-05,-0.00343499484,-0.0196885499,-0.0146387625,-0.000566478603,-0.00521318425,-0.000111848076,-3.27328095e-05
0.189,-0.00690460781,0.00781504261,-0.0321233665,-0.0173075366,-0.000323479087,0.000134036248,3.25550268e-05,-0.00342839256,-0.0196035844,-0.0150635626,-0.000598786591,-0.00538487958,-0.000118599166,-3.47082707e-05
0.19,-0.00687704606,0.00809296616,-0.0324805631,-0.0178104886,-0.000346295979,0.000133938821,3.29335203e-05,-0.00342083352,-0.0195056257,-0.0154948851,-0.000633498518,-0.00556030083,-0.000125634518,-3.67865355e-05
0.191,-0.00684792505,0.00837382113,-0.0328270671,-0.0183203577,-0.000369599559,0.000133593069,3.32470807e-05,-0.00341233532,-0.0193945635,-0.01593257,-0.000670763361,-0.00573945849,-0.000132960938,-3.89714043e-05
0.192,-0.00681728626,0.00865738161,-0.0331623233,-0.0188369622,-0.000393369871,0.000132993981,3.34922711e-05,-0.00340291643,-0.0192702994,-0.0163764464,-0.00071072731,-0.00592236083,-0.000140586193,-4.12668312e-05
0.193,-0.00678517438,0.00894341544,-0.033485762,-0.0193601205,-0.000417587761,0.000132137814,3.36660344e-05,-0.00339259665,-0.0191327479,-0.0168263287,-0.000753537977,-0.00610901413,-0.000148518357,-4.36768096e-05
0.194,-0.0067516364,0.00923168248,-0.0337968067,-0.0198896458,-0.000442232396,0.00013102121,3.37651533e-05,-0.00338139736,-0.0189818357,-0.0172820135,-0.000799346949,-0.00629942263,-0.000156765453,-4.62053461e-05
0.195,-0.00671672124,0.00952193408,-0.0340948785,-0.0204253436,-0.000467280153,0.000129640827,3.37860422e-05,-0.00336934155,-0.0188175026,-0.0177432788,-0.000848309895,-0.00649358833,-0.000165335457,-4.88565105e-05
0.196,-0.00668047957,0.00981391295,-0.034379398,-0.0209670102,-0.000492704125,0.000127993191,3.37246826e-05,-0.00335645381,-0.0186397013,-0.0182098835,-0.000900586063,-0.00669151078,-0.000174236348,-5.16344933e-05
0.197,-0.00664296367,0.0101073533,-0.0346497869,-0.0215144327,-0.000518473836,0.000126074641,3.35766091e-05,-0.00334276037,-0.0184483983,-0.0186815672,-0.000956337682,-0.00689318696,-0.000183476178,-5.45436583e-05
0.198,-0.00660422737,0.0104019809,-0.03490547,-0.022067388,-0.000544554966,0.000123881272,3.33368979e-05,-0.00332828899,-0.0182435736,-0.0191580504,-0.00101572933,-0.00709861102,-0.00019306312,-5.75885978e-05
0.199,-0.00656432574,0.0106975131,-0.0351458775,-0.022625642,-0.000570908878,0.000121408784,3.30001097e-05,-0.00331306895,-0.0180252217,-0.0196390342,-0.00107892735,-0.00730777394,-0.000203005511,-6.07741963e-05
0.2,-0.00652331455,0.0109936579,-0.0353704504,-0.0231889458,-0.000597491637,0.000118652121,3.25601255e-05,-0.00329713087,-0.0177933514,-0.0201242011,-0.00114609999,-0.00752066324,-0.000213311829,-6.41056962e-05
0.201,-0.00648124889,0.0112901131,-0.0355786512,-0.0237570294,-0.000624251832,0.000115604648,3.20097474e-05,-0.00328050655,-0.0175479855,-0.0206132137,-0.00121742026,-0.00773726258,-0.000223990365,-6.75886901e-05
0.202,-0.00643818126,0.0115865633,-0.0357699775,-0.0243295931,-0.000651127755,0.00011225734,3.13401964e-05,-0.00326322909,-0.0172891601,-0.0211057129,-0.00129307138,-0.00795755162,-0.000235048582,-7.12290274e-05
0.203,-0.00639416262,0.0118826826,-0.0359439542,-0.0249063142,-0.000678050061,0.000108599869,3.05417737e-05,-0.00324533256,-0.0170169256,-0.0216013211,-0.00137324187,-0.00818150559,-0.000246493785,-7.50329361e-05
0.204,-0.00634924315,0.0121781363,-0.036100126,-0.0254868531,-0.000704943867,0.000104621553,2.96043705e-05,-0.00322685197,-0.0167313472,-0.0220996442,-0.00145812231,-0.00840909517,-0.000258333432,-7.90070492e-05
0.205,-0.00630347269,0.0124725818,-0.0362380553,-0.0260708563,-0.000731729644,0.000100311777,2.85176958e-05,-0.0032078233,-0.0164325046,-0.0226002716,-0.00154790472,-0.00864028657,-0.000270575141,-8.31583502e-05
0.206,-0.00625690069,0.0127656696,-0.0363573221,-0.026657958,-0.000758323593,9.56601692e-05,2.72713774e-05,-0.0031882835,-0.016120493,-0.0231027756,-0.0016427824,-0.00887504157,-0.000283226655,-8.74941199e-05
0.207,-0.00620957621,0.0130570434,-0.0364575242,-0.0272477804,-0.000784637786,9.06566672e-05,2.58550012e-05,-0.00316827046,-0.0157954224,-0.0236067123,-0.00174294967,-0.0091133175,-0.00029629581,-9.20219025e-05
0.208,-0.00616154781,0.0133463411,-0.0365382792,-0.0278399339,-0.000810580191,8.52915392e-05,2.42581241e-05,-0.00314782294,-0.0154574178,-0.0241116209,-0.00184860159,-0.00935506713,-0.000309790523,-9.67494858e-05
0.209,-0.00611286335,0.0136331948,-0.0365992253,-0.0284340178,-0.000836054603,7.95553637e-05,2.24702637e-05,-0.0031269804,-0.0151066193,-0.024617025,-0.00195993353,-0.00960023845,-0.000323718775,-0.000101684895
0.21,-0.0060635697,0.0139172313,-0.0366400241,-0.0290296188,-0.00086096036,7.3438945e-05,2.04808456e-05,-0.0031057829,-0.0147431822,-0.0251224333,-0.00207714095,-0.00984877446,-0.000338088564,-0.000106836392
0.211,-0.00601371224,0.0141980718,-0.0366603653,-0.0296263099,-0.000885191577,6.69331045e-05,1.8279055e-05,-0.00308427086,-0.0143672766,-0.0256273397,-0.00220042001,-0.0101006128,-0.000352907731,-0.000112212459
0.212,-0.00596333408,0.0144753318,-0.0366599715,-0.030223648,-0.000908636237,6.00284729e-05,1.58536665e-05,-0.00306248495,-0.0139790876,-0.0261312239,-0.002329969,-0.0103556857,-0.000368183667,-0.000117821766
0.213,-0.00591247642,0.014748622,-0.0366385963,-0.0308211769,-0.00093117725,5.27159055e-05,1.31933076e-05,-0.00304046594,-0.0135788146,-0.026633553,-0.0024659865,-0.0106139199,-0.000383923493,-0.0001236732
0.214,-0.00586117867,0.0150175491,-0.0365960235,-0.0314184299,-0.000952693132,4.49869731e-05,1.02867066e-05,-0.00301825478,-0.0131666717,-0.027133781,-0.00260867017,-0.0108752369,-0.000400134082,-0.000129775903
0.215,-0.00580947844,0.0152817172,-0.036532066,-0.0320149317,-0.000973058796,3.6834025e-05,7.12294148e-06,-0.00299589231,-0.0127428873,-0.0276313509,-0.00275821589,-0.0111395534,-0.000416822138,-0.000136139365
0.216,-0.00575741143,0.0155407285,-0.036446567,-0.032610199,-0.000992146087,2.8250176e-05,3.69155236e-06,-0.00297341901,-0.0123077043,-0.0281256953,-0.00291481695,-0.0114067805,-0.000433994231,-0.000142773451
0.217,-0.00570501147,0.0157941839,-0.0363394002,-0.0332037412,-0.0010098241,1.9229328e-05,-1.7425366e-08,-0.00295087483,-0.0118613798,-0.0286162378,-0.0030786634,-0.0116768241,-0.000451656789,-0.000149688411
0.218,-0.0056523104,0.0160416845,-0.0362104705,-0.0337950612,-0.00102595941,9.76618293e-06,-4.01344319e-06,-0.00292829906,-0.0114041858,-0.0291023942,-0.00324994143,-0.0119495844,-0.000469816087,-0.000156894885
0.219,-0.00559933804,0.0162828313,-0.0360597154,-0.0343836559,-0.00104041628,-1.43769166e-07,-8.30543818e-06,-0.00290573013,-0.0109364082,-0.029583574,-0.00342883271,-0.0122249559,-0.000488478242,-0.000164403924
0.22,-0.00554612194,0.0165172263,-0.0358871063,-0.0349690156,-0.0010530566,-1.05043145e-05,-1.29018707e-05,-0.00288320541,-0.0104583471,-0.0300591818,-0.00361551395,-0.0125028272,-0.000507649167,-0.000172226998
0.221,-0.005492687,0.0167444724,-0.0356926529,-0.0355506227,-0.00106373945,-2.13186893e-05,-1.78108529e-05,-0.00286076094,-0.00997031649,-0.0305286192,-0.00381015724,-0.0127830808,-0.000527334425,-0.000180376007
0.222,-0.00543905479,0.0169641737,-0.0354764063,-0.0361279507,-0.00107232037,-3.25897598e-05,-2.30402981e-05,-0.00283843128,-0.00947264423,-0.0309912864,-0.00401293103,-0.0130655927,-0.000547539004,-0.000188863259
0.223,-0.00538524399,0.0171759364,-0.0352384567,-0.0367004664,-0.00107865257,-4.43196935e-05,-2.85976803e-05,-0.00281624929,-0.00896567171,-0.0314465837,-0.00422399807,-0.0133502329,-0.000568267525,-0.000197701452
0.224,-0.00533127062,0.0173793696,-0.0349789308,-0.0372676326,-0.00108258726,-5.65096484e-05,-3.44899417e-05,-0.00279424623,-0.00844975456,-0.0318939126,-0.00444351405,-0.0136368652,-0.000589524222,-0.000206903638
0.225,-0.00527714807,0.0175740862,-0.0346979899,-0.0378289096,-0.0010839732,-6.915964e-05,-4.0723637e-05,-0.0027724517,-0.00792526386,-0.0323326772,-0.00467162695,-0.0139253466,-0.000611312656,-0.000216483164
0.226,-0.00522288714,0.0177597033,-0.0343958299,-0.0383837559,-0.00108265697,-8.22685217e-05,-4.73049745e-05,-0.00275089365,-0.00739258616,-0.0327622844,-0.00490847642,-0.0142155272,-0.000633635653,-0.000226453574
0.227,-0.00516849628,0.0179358439,-0.0340726807,-0.0389316295,-0.00107848438,-9.58339805e-05,-5.42396121e-05,-0.0027295983,-0.00685212198,-0.0331821456,-0.00515419305,-0.0145072512,-0.000656495562,-0.000236828475
0.228,-0.00511398169,0.0181021384,-0.0337288058,-0.0394719886,-0.00107130173,-0.000109852549,-6.15324654e-05,-0.00270859005,-0.00630428444,-0.0335916767,-0.00540889751,-0.0148003571,-0.000679894475,-0.000247621452
0.229,-0.00505934744,0.0182582259,-0.0333645012,-0.0400042936,-0.00106095668,-0.00012431952,-6.91876096e-05,-0.00268789158,-0.00574949869,-0.0339902987,-0.00567269979,-0.0150946784,-0.000703834279,-0.000258845992
0.23,-0.00500459593,0.0184037561,-0.0329800912,-0.0405280102,-0.00104729949,-0.000139228707,-7.72080926e-05,-0.00266752411,-0.00518820144,-0.0343774364,-0.00594569791,-0.015390044,-0.000728316777,-0.000270515367
0.231,-0.00494972917,0.0185383916,-0.0325759196,-0.0410426163,-0.00103018566,-0.000154571897,-8.55954775e-05,-0.00264750786,-0.00462084048,-0.0347525178,-0.0062279744,-0.0156862791,-0.000753344125,-0.000282642526
0.232,-0.00489475053,0.0186618103,-0.0321523378,-0.0415476091,-0.001009479,-0.000170338299,-9.43493265e-05,-0.00262786248,-0.00404787425,-0.0351149726,-0.00651959112,-0.0159832063,-0.000778919505,-0.000295240049
0.233,-0.00483966342,0.018773705,-0.0317097149,-0.0420424996,-0.000985049005,-0.000186515388,-0.000103467907,-0.00260860697,-0.00346977145,-0.0354642335,-0.00682059293,-0.0162806449,-0.000805046467,-0.000308320153
0.234,-0.00478447028,0.0188737824,-0.031248446,-0.0425268077,-0.000956768707,-0.000203089597,-0.000112948727,-0.00258975937,-0.00288701056,-0.0357997381,-0.00713100965,-0.0165784103,-0.000831728536,-0.000321894775
0.235,-0.00472917226,0.0189617634,-0.0307689554,-0.0430000604,-0.000924514442,-0.000220046667,-0.000122788703,-0.00257133638,-0.00230007923,-0.0361209327,-0.0074508557,-0.0168763133,-0.000858969193,-0.000335975681
0.236,-0.00467376926,0.0190373845,-0.0302716966,-0.0434617912,-0.00088816668,-0.000237371983,-0.000132984063,-0.00255335296,-0.00170947315,-0.0364272746,-0.00778012881,-0.0171741601,-0.000886772092,-0.000350574633
0.237,-0.00461825996,0.019100398,-0.0297571529,-0.0439115405,-0.000847610318,-0.000255050626,-0.000143530276,-0.00253582218,-0.00111569545,-0.0367182347,-0.00811880934,-0.017471752,-0.000915141067,-0.000365703452
0.238,-0.00456264169,0.0191505722,-0.029225837,-0.0443488568,-0.000802734173,-0.000273067138,-0.000154422111,-0.00251875519,-0.000519256764,-0.0369932978,-0.00846686049,-0.0177688859,-0.000944079875,-0.000381373929
0.239,-0.00450691045,0.0191876917,-0.0286782909,-0.0447732972,-0.000753431038,-0.000291405459,-0.000165653661,-0.00250216131,7.93251674e-05,-0.037251964,-0.00882422827,-0.0180653541,-0.00097359211,-0.000397597773
0.24,-0.00445106105,0.0192115583,-0.0281150846,-0.0451844289,-0.000699598031,-0.0003100489,-0.000177218319,-0.00248604799,0.000679526136,-0.0374937497,-0.00919084126,-0.0183609453,-0.00100368118,-0.000414386566
0.241,-0.0043950873,0.0192219911,-0.0275368152,-0.0455818296,-0.000641137094,-0.00032898011,-0.000189108734,-0.00247042082,0.00128081613,-0.037718189,-0.00956661026,-0.0186554442,-0.00103435031,-0.000431751725
0.242,-0.00433898217,0.0192188277,-0.0269441049,-0.045965089,-0.000577955539,-0.000348181043,-0.000201316761,-0.00245528363,0.00188266001,-0.0379248341,-0.00995142777,-0.0189486319,-0.00106560257,-0.00044970447
0.243,-0.00428273783,0.0192019243,-0.0263376014,-0.046333809,-0.000509966204,-0.000367633012,-0.000213833483,-0.00244063841,0.0024845182,-0.0381132569,-0.0103451681,-0.0192402864,-0.00109744077,-0.000468255802
0.244,-0.00422634568,0.0191711565,-0.0257179769,-0.046687604,-0.000437087753,-0.000387316756,-0.000226649215,-0.00242648526,0.0030858475,-0.0382830507,-0.0107476873,-0.0195301824,-0.00112986746,-0.000487416492
0.245,-0.00416979642,0.0191264199,-0.0250859278,-0.0470261012,-0.000359245629,-0.000407212523,-0.000239753404,-0.0024128223,0.0036861026,-0.0384338313,-0.0111588231,-0.0198180917,-0.001162885,-0.00050719705
0.246,-0.00411308035,0.019067631,-0.0244421735,-0.0473489415,-0.000276373946,-0.000427300123,-0.000253134311,-0.00239964562,0.00428473901,-0.0385652386,-0.0115783939,-0.0201037846,-0.00119649613,-0.000527607606
0.247,-0.00405618767,0.0189947273,-0.0237874555,-0.0476557804,-0.000188416556,-0.000447558901,-0.000266778872,-0.00238694932,0.00488121509,-0.0386769388,-0.0120061996,-0.0203870308,-0.00123070417,-0.000548657798
0.248,-0.00399910847,0.0189076674,-0.0231225356,-0.0479462877,-9.53262967e-05,-0.000467967866,-0.00028067298,-0.00237472538,0.0054749916,-0.0387686254,-0.0124420211,-0.0206675987,-0.00126551261,-0.000570356893
0.249,-0.00394183264,0.0188064306,-0.0224481954,-0.0482201472,2.93644148e-06,-0.000488505762,-0.000294801833,-0.00236296343,0.00606553052,-0.0388400227,-0.0128856213,-0.0209452541,-0.00130092447,-0.000592713911
0.25,-0.00388434963,0.0186910159,-0.0217652373,-0.048477055,0.000106404641,-0.000509151242,-0.000309150133,-0.00235165026,0.00665229506,-0.0388908892,-0.0133367462,-0.0212197602,-0.00133694198,-0.0006157377
0.251,-0.00382664749,0.0185614409,-0.0210744908,-0.0487167151,0.00021510647,-0.000529883346,-0.000323702461,-0.00234076897,0.00723475027,-0.0389210242,-0.0137951273,-0.0214908763,-0.00137356611,-0.000639437046
0.252,-0.00376871148,0.0184177408,-0.0203768209,-0.0489388327,0.000329067522,-0.000550682022,-0.000338443732,-0.00233029801,0.00781236385,-0.038930273,-0.0142604855,-0.021758357,-0.00141079595,-0.00066382073
0.253,-0.00371052562,0.0182599696,-0.0196731149,-0.049143122,0.000448307499,-0.000571527416,-0.000353358505,-0.00232021166,0.00838460704,-0.0389185255,-0.0147325278,-0.022021954,-0.00144862933,-0.000688897317
0.254,-0.003652074,0.0180882011,-0.0189642721,-0.0493293115,0.00057283777,-0.000592399334,-0.000368430511,-0.00231048076,0.00895095558,-0.038885713,-0.0152109456,-0.0222814177,-0.00148706321,-0.000714674899
0.255,-0.00359334115,0.0179025295,-0.0182511991,-0.0494971471,0.000702660871,-0.000613276989,-0.000383642567,-0.00230107329,0.00951089009,-0.038831805,-0.0156954148,-0.0225364985,-0.00152609363,-0.000741160901
0.256,-0.00353431204,0.0177030691,-0.0175348066,-0.049646393,0.000837771543,-0.000634138773,-0.000398976798,-0.00229195472,0.0100638954,-0.0387568081,-0.0161855979,-0.0227869471,-0.00156571522,-0.000768361894
0.257,-0.00347497184,0.0174899538,-0.016816008,-0.0497768334,0.000978157785,-0.000654961987,-0.000414414918,-0.00228308832,0.0106094599,-0.038660764,-0.0166811452,-0.0230325152,-0.00160592078,-0.000796283369
0.258,-0.0034153064,0.0172633381,-0.0160957169,-0.0498882723,0.00112379917,-0.000675723125,-0.000429938065,-0.0022744354,0.011147078,-0.0385437493,-0.0171816945,-0.0232729565,-0.00164670185,-0.000824929707
0.259,-0.00335530254,0.0170233966,-0.0153748443,-0.0499805339,0.00127466537,-0.000696398028,-0.000445526642,-0.00226595569,0.0116762525,-0.0384058738,-0.0176868706,-0.0235080276,-0.00168804936,-0.000854304112
0.26,-0.00329494849,0.0167703253,-0.0146542943,-0.0500534646,0.00143071524,-0.000716961848,-0.000461160238,-0.00225760794,0.0121964957,-0.0382472773,-0.0181962847,-0.023737489,-0.0017299538,-0.000884408504
0.261,-0.00323423484,0.0165043418,-0.0139349566,-0.0501069374,0.00159189529,-0.000737388773,-0.000476817415,-0.002249351,0.0127073307,-0.038068124,-0.0187095335,-0.0239611072,-0.00177240561,-0.000915243346
0.262,-0.00317315586,0.0162256854,-0.0132176971,-0.050140857,0.00175813778,-0.00075765171,-0.000492475421,-0.0022411449,0.0132082918,-0.0378685972,-0.019226197,-0.0241786559,-0.00181539563,-0.000946807522
0.263,-0.0031117084,0.0159346167,-0.0125033651,-0.0501551546,0.0019293632,-0.000777722936,-0.000508110795,-0.00223295041,0.0136989255,-0.0376489017,-0.0197458426,-0.0243899152,-0.0018589146,-0.000979098519
0.264,-0.00304989126,0.0156314149,-0.0117927983,-0.0501497836,0.00210548232,-0.000797574585,-0.000523699801,-0.00222472852,0.0141787906,-0.0374092686,-0.0202680271,-0.0245946708,-0.00190295273,-0.00101211263
0.265,-0.002987705,0.0153163781,-0.0110868234,-0.0501247179,0.00228639751,-0.000817178874,-0.000539218731,-0.00221644001,0.0146474579,-0.0371499568,-0.0207922984,-0.0247927132,-0.00194749928,-0.00104584516
0.266,-0.00292515202,0.0149898222,-0.0103862551,-0.0500799509,0.00247200382,-0.000836508389,-0.000554644064,-0.00220804534,0.0151045093,-0.0368712547,-0.0213181961,-0.0249838364,-0.00199254196,-0.00108029076
0.267,-0.0028622367,0.0146520814,-0.00969189485,-0.050015496,0.00266218926,-0.000855536262,-0.000569952256,-0.00219950449,0.0155495381,-0.03657348,-0.0218452525,-0.0251678381,-0.00203806685,-0.00111544355
0.268,-0.00279896547,0.0143035069,-0.00900452944,-0.0499313868,0.00285683409,-0.000874236088,-0.000585119353,-0.002190777,0.0159821509,-0.0362569794,-0.0223729929,-0.0253445213,-0.00208405881,-0.00115129691
0.269,-0.00273534694,0.0139444672,-0.00832492957,-0.0498276778,0.00305580998,-0.000892581942,-0.000600120792,-0.00218182219,0.0164019694,-0.0359221281,-0.0229009366,-0.0255136954,-0.0021305018,-0.00118784344
0.27,-0.00267139191,0.013575347,-0.00765384836,-0.0497044442,0.00325897996,-0.000910548413,-0.000614931372,-0.00217259924,0.0168086311,-0.0355693292,-0.0234285971,-0.0256751763,-0.00217737897,-0.00122507486
0.271,-0.00260711342,0.0131965471,-0.00699201964,-0.0495617825,0.00346619849,-0.000928110607,-0.000629525249,-0.00216306751,0.0172017902,-0.0351990119,-0.0239554834,-0.0258287876,-0.00222467266,-0.00126298201
0.272,-0.00254252667,0.0128084837,-0.00634015623,-0.0493998107,0.00367731154,-0.000945244124,-0.000643875924,-0.00215318676,0.0175811176,-0.0348116309,-0.0244811003,-0.0259743601,-0.00227236442,-0.00130155483
0.273,-0.0024776489,0.0124115879,-0.00569894909,-0.0492186676,0.00389215698,-0.000961925108,-0.000657956306,-0.00214291724,0.0179463022,-0.0344076652,-0.0250049493,-0.0261117329,-0.00232043499,-0.00134078234
0.274,-0.00241249913,0.012006305,-0.00506906624,-0.0490185126,0.00411056448,-0.000978130306,-0.0006717387,-0.00213221981,0.0182970512,-0.0339876178,-0.0255265294,-0.0262407532,-0.00236886457,-0.00138065258
0.275,-0.00234709828,0.0115930927,-0.00445115111,-0.0487995247,0.00433235452,-0.000993837142,-0.000685194728,-0.00212105606,0.0186330929,-0.033552015,-0.0260453364,-0.0263612775,-0.00241763348,-0.00142115243
0.276,-0.00228146925,0.0111724201,-0.00384582047,-0.0485619019,0.00455733764,-0.00100902374,-0.000698295619,-0.00210938861,0.0189541774,-0.0331014058,-0.0265608634,-0.026473172,-0.00246672266,-0.00146226745
0.277,-0.00221563688,0.0107447663,-0.00325366295,-0.0483058604,0.00478531575,-0.00102366878,-0.000711012876,-0.00209718129,0.0192600765,-0.0326363609,-0.0270726028,-0.0265763118,-0.00251611302,-0.00150398193
0.278,-0.00214962797,0.0103106192,-0.00267523719,-0.0480316337,0.00501608346,-0.00103775162,-0.000723318589,-0.00208439904,0.0195505822,-0.0321574741,-0.0275800484,-0.0266705806,-0.00256578479,-0.00154627906
0.279,-0.00208347151,0.00987047399,-0.00211107022,-0.0477394714,0.00524942864,-0.0010512524,-0.000735185552,-0.0020710072,0.0198255066,-0.0316653655,-0.0280826977,-0.0267558694,-0.00261571727,-0.00158914113
0.28,-0.00201719867,0.00942483081,-0.00156165835,-0.0474296349,0.0054851333,-0.00106415258,-0.000746587466,-0.00205696993,0.0200846828,-0.031160691,-0.028580053,-0.0268320754,-0.00266588854,-0.00163254981
0.281,-0.00195084157,0.00897419243,-0.00102747688,-0.0471023869,0.0057229769,-0.00107643579,-0.000757499612,-0.00204224681,0.0203279643,-0.0306441599,-0.0290716264,-0.026899098,-0.00271627456,-0.00167648671
0.282,-0.00188443139,0.00851906204,-0.000508993935,-0.0467579772,0.00596274081,-0.00108808911,-0.000767899706,-0.00202678924,0.0205552272,-0.0301165533,-0.0295569446,-0.0269568344,-0.00276684799,-0.00172093396
0.283,-0.00181800163,0.00805994336,-6.64761048e-06,-0.0463966583,0.00620420194,-0.00109910156,-0.00077776657,-0.00201054366,0.0207663707,-0.0295787041,-0.0300355441,-0.0270051862,-0.00281757994,-0.00176587333
0.284,-0.00175159015,0.00759734061,0.000479169004,-0.0460186971,0.00644712862,-0.00110946293,-0.000787079023,-0.00199345529,0.0209613194,-0.0290314756,-0.030506969,-0.0270440658,-0.00286844142,-0.00181128561
0.285,-0.00168523935,0.00713175855,0.000948111113,-0.0456243793,0.00669128065,-0.00111916332,-0.000795815164,-0.00197547,0.0211400243,-0.0284757479,-0.0309707709,-0.0270733997,-0.00291940389,-0.00185715022
0.286,-0.00161899582,0.00666370287,0.00139988148,-0.0452140107,0.00693641088,-0.00112819334,-0.000803952202,-0.00195653483,0.0213024613,-0.0279124102,-0.0314265103,-0.0270931291,-0.00297043903,-0.00190344521
0.287,-0.00155290962,0.00619368025,0.00183422784,-0.044787916,0.00718226746,-0.00113654415,-0.000811466772,-0.0019365983,0.0214486299,-0.0273423543,-0.0318737565,-0.0271032092,-0.00302151844,-0.00195014713
0.288,-0.00148703341,0.00572219797,0.00225093916,-0.0443464384,0.00742859554,-0.00114420739,-0.000818335194,-0.00191561141,0.0215785523,-0.0267664675,-0.0323120886,-0.0271036102,-0.00307261366,-0.00199723096
0.289,-0.00142142133,0.00524976381,0.0026498415,-0.0438899408,0.00767513876,-0.00115117478,-0.000824533643,-0.00189352948,0.0216922728,-0.0261856202,-0.0327410954,-0.027094319,-0.00312369655,-0.00204466987
0.29,-0.00135612809,0.00477688691,0.00303079689,-0.0434188112,0.00792163984,-0.00115743736,-0.000830038124,-0.00187031581,0.0217898577,-0.0256006429,-0.0331603744,-0.0270753424,-0.00317473995,-0.00209243465
0.291,-0.00129120983,0.00430407947,0.00339371617,-0.042933481,0.00816783709,-0.0011629837,-0.000834823633,-0.00184594899,0.0218713935,-0.0250122827,-0.0335695282,-0.0270467157,-0.0032257194,-0.00214049261
0.292,-0.00122672631,0.00383185801,0.0037385794,-0.04243445,0.00841345933,-0.00116779786,-0.000838863138,-0.00182043051,0.0219369826,-0.0244211602,-0.0339681606,-0.0270085104,-0.00327661465,-0.00218880653
0.293,-0.00116273541,0.00336074223,0.00406539738,-0.0419222544,0.00865823842,-0.00117186239,-0.000842130628,-0.00179377703,0.0219867415,-0.0238278108,-0.0343558863,-0.0269608198,-0.00332740601,-0.00223733646
0.294,-0.00109929043,0.0028912512,0.00437418956,-0.041397444,0.00890191517,-0.00117516029,-0.000844603152,-0.00176601371,0.0220208,-0.0232327279,-0.0347323369,-0.0269037491,-0.00337807241,-0.00228604145
0.295,-0.00103644007,0.00242389909,0.00466498164,-0.0408605747,0.00914423806,-0.00117767549,-0.000846260972,-0.00173717154,0.0220393029,-0.0226363849,-0.035097161,-0.0268374112,-0.00342859207,-0.00233488047
0.296,-0.000974229244,0.00195919247,0.00493780871,-0.0403122058,0.00938496158,-0.00117939305,-0.000847087216,-0.00170728599,0.0220424115,-0.0220392461,-0.0354500239,-0.0267619265,-0.00347894281,-0.0023838128
0.297,-0.00091269993,0.00149762895,0.00519271981,-0.0397528999,0.00962384503,-0.00118029938,-0.000847067644,-0.00167639596,0.0220303039,-0.0214417717,-0.0357906087,-0.0266774214,-0.00352910211,-0.00243279822
0.298,-0.000851892298,0.00103969591,0.0054297834,-0.039183222,0.00986065151,-0.0011803824,-0.000846190421,-0.00164454288,0.0220031749,-0.0208444228,-0.0361186173,-0.0265840274,-0.00357904702,-0.00248179719
0.299,-0.000791846142,0.000585868922,0.00564909354,-0.0386037375,0.0100951468,-0.00117963193,-0.000844445907,-0.00161176906,0.0219612358,-0.0202476704,-0.0364337715,-0.0264818798,-0.00362875389,-0.00253077102
0.3,-0.000732602388,0.000136609502,0.00585077466,-0.0380150055,0.0103270992,-0.00117804051,-0.000841826618,-0.0015781143,0.0219047139,-0.0196520157,-0.0367358147,-0.0263711136,-0.00367819775,-0.00257968254
0.301,-0.000674203135,-0.000307637312,0.00603497516,-0.0374175602,0.0105562826,-0.00117560529,-0.000838327689,-0.00154360851,0.0218338536,-0.0190580326,-0.037024516,-0.0262518554,-0.00372735058,-0.00262849755
0.302,-0.000616690347,-0.000746444232,0.00620185326,-0.0368118853,0.0107824831,-0.00117233043,-0.000833947083,-0.00150826315,0.0217489188,-0.0184664121,-0.0372996728,-0.0261242128,-0.0037761793,-0.00267718609
0.303,-0.000560109547,-0.00117940059,0.00635160627,-0.0361984445,0.0110054908,-0.00116822416,-0.000828682973,-0.00147207877,0.0216501913,-0.0178779104,-0.0375611069,-0.0259882886,-0.00382464846,-0.00272571988
0.304,-0.00050451099,-0.0016061106,0.0064844833,-0.0355777017,0.0112250959,-0.00116329657,-0.00082253268,-0.00143505234,0.0215379697,-0.0172932995,-0.03780866,-0.0258441917,-0.00387272227,-0.00277407035
0.305,-0.000449948696,-0.0020261923,0.00660078217,-0.0349501264,0.0114410895,-0.00115755884,-0.000815492702,-0.00139718101,0.021412569,-0.0167133412,-0.0380421933,-0.0256920417,-0.00392036544,-0.00282220777
0.306,-0.000396479039,-0.00243927717,0.00670084281,-0.0343161947,0.0116532653,-0.00115102282,-0.000807558994,-0.0013584637,0.0212743198,-0.0161387756,-0.0382615859,-0.0255319704,-0.00396754348,-0.00287010108
0.307,-0.0003441594,-0.00284501024,0.00678504056,-0.0336763883,0.0118614207,-0.00114370087,-0.000798727237,-0.00131890177,0.0211235671,-0.0155703146,-0.0384667343,-0.0253641217,-0.00401422284,-0.00291771784
0.308,-0.000293046841,-0.00324305067,0.00685377985,-0.0330311937,0.0120653588,-0.00113560575,-0.000788993074,-0.00127849932,0.0209606704,-0.0150086383,-0.0386575514,-0.025188652,-0.00406037113,-0.0029650243
0.309,-0.00024319675,-0.00363307354,0.00690748779,-0.0323811017,0.0122648885,-0.00112675004,-0.000778352321,-0.00123726377,0.0207860027,-0.0144543899,-0.0388339644,-0.0250057312,-0.00410595805,-0.00301198518
0.31,-0.00019466143,-0.00401477165,0.00694660803,-0.0317266089,0.0124598247,-0.0011171453,-0.000766801756,-0.00119520787,0.0205999505,-0.0139081645,-0.0389959131,-0.0248155451,-0.0041509565,-0.00305856341
0.311,-0.000147489235,-0.00438785506,0.00697159781,-0.0310682235,0.0126499878,-0.00110680131,-0.00075434009,-0.00115235368,0.0204029105,-0.0133704884,-0.0391433482,-0.0246182977,-0.00419534281,-0.00310472029
0.312,-0.000101724386,-0.00475204944,0.00698292867,-0.0304064739,0.0128352031,-0.0010957255,-0.000740968142,-0.00110873665,0.0201952855,-0.0128417962,-0.0392762321,-0.0244142127,-0.00423909666,-0.00315041569
0.313,-5.74057884e-05,-0.00510709639,0.00698107476,-0.0297418948,0.0130153051,-0.0010839245,-0.000726689638,-0.00106440111,0.0199774838,-0.0123224579,-0.0393945401,-0.0242035262,-0.00428219952,-0.00319560941
0.314,-1.45671518e-05,-0.00545275465,0.00696650898,-0.0290750161,0.0131901387,-0.00107140508,-0.000711511474,-0.00101939636,0.0197499189,-0.0118128022,-0.0394982624,-0.0239864803,-0.00432463385,-0.0032402622
0.315,2.67621448e-05,-0.00578880115,0.0069397045,-0.0284063602,0.013359559,-0.00105817453,-0.000695443604,-0.000973774763,0.0195130088,-0.0113131286,-0.0395874044,-0.0237633211,-0.00436638275,-0.00328433628
0.316,6.65561951e-05,-0.00611503148,0.00690113661,-0.027736441,0.0135234305,-0.00104424075,-0.000678498847,-0.000927591061,0.0192671756,-0.0108237115,-0.0396619873,-0.0235342972,-0.00440742991,-0.00332779558
0.317,0.000104792109,-0.00643125973,0.00685128318,-0.0270657642,0.0136816275,-0.00102961259,-0.000660692411,-0.000880901939,0.0190128462,-0.0103448023,-0.0397220485,-0.0232996596,-0.00444776004,-0.00337060686
0.318,0.00014144974,-0.00673731806,0.00679062417,-0.026394828,0.0138340338,-0.00101429958,-0.000642040848,-0.000833765974,0.018750452,-0.00987662982,-0.0397676433,-0.0230596615,-0.00448735849,-0.00341273893
0.319,0.00017651156,-0.00703305625,0.00671964051,-0.0257241243,0.0139805431,-0.000998311417,-0.000622561148,-0.000786243492,0.0184804265,-0.00941939971,-0.0397988463,-0.0228145587,-0.00452621046,-0.00345416087
0.32,0.000209962859,-0.00731834087,0.00663881186,-0.0250541395,0.0141210583,-0.000981657885,-0.000602270472,-0.000738396147,0.0182032049,-0.00897329232,-0.0398157513,-0.0225646101,-0.00456430126,-0.00349484179
0.321,0.000241792202,-0.00759305449,0.00654861453,-0.0243853563,0.0142554923,-0.000964348614,-0.000581186078,-0.000690287474,0.0179192239,-0.00853845705,-0.0398184699,-0.0223100782,-0.00460161657,-0.00353475085
0.322,0.000271991908,-0.00785709497,0.0064495203,-0.0237182563,0.0143837673,-0.000946392802,-0.000559325211,-0.000641983738,0.0176289201,-0.00811500658,-0.0398071319,-0.02205123,-0.00463814256,-0.00357385701
0.323,0.000300558485,-0.00811037523,0.00634199416,-0.0230533153,0.0145058156,-0.000927799589,-0.000536705221,-0.000593552417,0.0173327293,-0.00770302481,-0.039781884,-0.0217883351,-0.00467386552,-0.00361212937
0.324,0.000327492776,-0.00835282263,0.0062264941,-0.0223910003,0.0146215802,-0.000908578471,-0.000513343679,-0.000545060594,0.0170310856,-0.00730257388,-0.0397428901,-0.0215216628,-0.00470877135,-0.00364953733
0.325,0.000352799629,-0.00858437737,0.00610347173,-0.0217317658,0.0147310154,-0.000888740009,-0.000489258828,-0.000496573548,0.0167244194,-0.00691369764,-0.0396903302,-0.0212514802,-0.00474284482,-0.00368605077
0.326,0.000376487558,-0.00880499157,0.00597337295,-0.021076052,0.0148340863,-0.000868296559,-0.00046447053,-0.000448154105,0.016413157,-0.00653642313,-0.0396243994,-0.0209780491,-0.00477606932,-0.00372164085
0.327,0.000398568743,-0.00901463074,0.00583663895,-0.0204242838,0.0149307679,-0.000847262072,-0.000439000623,-0.000399863387,0.0160977197,-0.00617076092,-0.0395453046,-0.0207016272,-0.00480842794,-0.00375628089
0.328,0.000419058783,-0.00921327581,0.00569370805,-0.0197768705,0.0150210431,-0.000825651659,-0.000412872632,-0.000351761494,0.0157785242,-0.00581670582,-0.0394532635,-0.0204224689,-0.00483990447,-0.00378994666
0.329,0.00043797577,-0.00940092411,0.00554501884,-0.0191342061,0.015104902,-0.000803481579,-0.000386111514,-0.000303907351,0.0154559825,-0.00547423919,-0.0393485032,-0.020140825,-0.00487048365,-0.00382261646
0.33,0.000455338863,-0.00957759003,0.00539101485,-0.0184966673,0.0151823409,-0.000780769497,-0.000358743473,-0.000256357795,0.0151305015,-0.00514333519,-0.0392312603,-0.0198569414,-0.00490015124,-0.00385427132
0.331,0.000471166568,-0.00974330595,0.00523214955,-0.0178646075,0.0152533616,-0.000757535084,-0.000330795882,-0.000209165225,0.0148024837,-0.00482397547,-0.0391017802,-0.0195710568,-0.00492889366,-0.00388489535
0.332,0.000485475421,-0.00989812307,0.00506888879,-0.0172383496,0.0153179715,-0.000733800661,-0.00030229726,-0.000162375139,0.0144723288,-0.00451616507,-0.0389603152,-0.0192833988,-0.00495669768,-0.0039144763
0.333,0.000498280229,-0.0100421106,0.00490171007,-0.016618196,0.0153761828,-0.00070958969,-0.000273276469,-0.000116029915,0.0141404318,-0.00421991159,-0.0388071261,-0.0189941893,-0.00498355126,-0.00394300441
0.334,0.000509594891,-0.0101753538,0.00473109693,-0.0160044362,0.0154280128,-0.000684925509,-0.000243761947,-7.01714202e-05,0.0138071817,-0.00393520819,-0.0386424825,-0.0187036492,-0.00500944372,-0.00397047089
0.335,0.000519433088,-0.0102979527,0.00455753277,-0.0153973491,0.0154734847,-0.000659830846,-0.000213781544,-2.48414138e-05,0.0134729612,-0.00366202724,-0.038466664,-0.0184119989,-0.00503436556,-0.00399686691
0.336,0.00052780892,-0.0104100197,0.00438149579,-0.0147972032,0.0155126287,-0.000634327716,-0.000183362714,1.99185873e-05,0.0131381457,-0.00340031873,-0.0382799587,-0.0181194583,-0.00505830829,-0.00402218337
0.337,0.000534737544,-0.0105116797,0.00420345513,-0.0142042567,0.0155454822,-0.000608437389,-0.000152532619,6.40675173e-05,0.0128031033,-0.00315001071,-0.0380826626,-0.0178262466,-0.00508126431,-0.00404641097
0.338,0.000540235784,-0.0106030686,0.00402386746,-0.0136187571,0.0155720904,-0.000582180395,-0.000121318229,0.000107565043,0.0124681943,-0.00291101026,-0.0378750785,-0.0175325814,-0.00510322675,-0.00406954027
0.339,0.000544322882,-0.0106843336,0.00384317304,-0.0130409416,0.0155925063,-0.000555576435,-8.97463964e-05,0.000150371707,0.0121337706,-0.00268320354,-0.0376575151,-0.0172386788,-0.0051241896,-0.00409156162
0.34,0.000547021617,-0.0107556333,0.00366179074,-0.0124710391,0.0156067914,-0.000528643823,-5.78439706e-05,0.000192448568,0.0118001749,-0.00246645324,-0.0374302852,-0.016944755,-0.00514414817,-0.00411246509
0.341,0.000548359619,-0.0108171385,0.00348011217,-0.0119092729,0.0156150157,-0.000501399249,-2.56380517e-05,0.000233756013,0.0114677394,-0.00226059114,-0.0371937055,-0.0166510273,-0.00516309967,-0.00413224064
0.342,0.00054837004,-0.01086903,0.00329849752,-0.0113558647,0.0156172578,-0.000473858481,6.84376478e-06,0.000274252365,0.0111367829,-0.00206540986,-0.0369480973,-0.0163577135,-0.00518104304,-0.0041508788
0.343,0.000547090516,-0.0109114972,0.00311727796,-0.0108110265,0.0156136048,-0.000446038005,3.95732257e-05,0.000313896289,0.0108076123,-0.00188067836,-0.0366937852,-0.0160650267,-0.0051979779,-0.00416837167
0.344,0.000544561896,-0.0109447383,0.00293676085,-0.0102749555,0.0156041515,-0.000417955708,7.25215328e-05,0.000352648606,0.0104805217,-0.00170615396,-0.0364310961,-0.0157731717,-0.00521390416,-0.00418471325
0.345,0.000540827229,-0.0109689591,0.00275723433,-0.00974783326,0.0155889996,-0.000389631036,0.000105659548,0.000390472886,0.0101557932,-0.00154158745,-0.0361603592,-0.0154823446,-0.00522882196,-0.00419989952
0.346,0.000535931053,-0.0109843732,0.00257897032,-0.00922982474,0.0155682561,-0.00036108498,0.000138957971,0.000427335625,0.00983369604,-0.0013867254,-0.0358819056,-0.0151927323,-0.00524273174,-0.00421392842
0.347,0.000529918809,-0.0109911999,0.00240222611,-0.00872107846,0.0155420331,-0.000332340204,0.000172387454,0.000463206345,0.00951448705,-0.00124131178,-0.0355960677,-0.0149045116,-0.00525563412,-0.00422679984
0.348,0.000522836795,-0.0109896622,0.00222724513,-0.00822172699,0.0155104463,-0.000303420224,0.000205918685,0.000498057122,0.00919841186,-0.00110508776,-0.0353031778,-0.0146178508,-0.00526753017,-0.00423851562
0.349,0.000514732707,-0.0109799863,0.00205425702,-0.00773188924,0.0154736137,-0.000274347386,0.000239522521,0.000531861765,0.00888570566,-0.000977790305,-0.0350035661,-0.0143329121,-0.00527842229,-0.00424907929
0.35,0.000505655934,-0.0109624014,0.00188347813,-0.00725167236,0.015431655,-0.000245141599,0.000273170151,0.000564595714,0.00857659391,-0.000859152697,-0.0346975589,-0.0140498543,-0.00528831472,-0.00425849588
0.351,0.000495657293,-0.0109371395,0.00171511242,-0.0067811722,0.0153846916,-0.000215820252,0.000306833191,0.000596236471,0.00827129262,-0.000748906821,-0.0343854786,-0.0137688327,-0.00529721348,-0.00426677179
0.352,0.000484788743,-0.0109044358,0.00154935232,-0.00632047327,0.0153328462,-0.000186398363,0.000340483734,0.000626763989,0.0079700085,-0.000646785039,-0.0340676429,-0.0134899987,-0.00530512609,-0.00427391486
0.353,0.000473103354,-0.0108645277,0.00138637822,-0.00586964982,0.0152762433,-0.000156888606,0.000374094372,0.00065616054,0.00767293862,-0.000552518801,-0.0337443653,-0.0132135004,-0.00531206139,-0.00427993427
0.354,0.000460655246,-0.0108176542,0.00122635776,-0.00542876627,0.0152150094,-0.000127301549,0.000407638176,0.000684410589,0.00738027,-0.000465837152,-0.033415955,-0.012939482,-0.00531802917,-0.00428484041
0.355,0.000447498777,-0.0107640554,0.00106944585,-0.00499787593,0.0151492735,-9.7647196e-05,0.000441088579,0.000711501296,0.00709217866,-0.000386467429,-0.0330827184,-0.0126680815,-0.00532303919,-0.00428864478
0.356,0.000433687369,-0.0107039723,0.000915785595,-0.00457701893,0.0150791681,-6.79372951e-05,0.000474419387,0.000737423284,0.00680882833,-0.000314137844,-0.0327449616,-0.0123994277,-0.00532709998,-0.00429135967
0.357,0.000419273006,-0.010637648,0.000765509189,-0.00416622168,0.0150048285,-3.8186141e-05,0.000507604911,0.000762170585,0.00653036928,-0.000248578138,-0.0324029906,-0.0121336394,-0.00533021878,-0.00429299779
0.358,0.000404306192,-0.0105653273,0.000618738612,-0.00376549733,0.0149263925,-8.41032584e-06,0.000540620076,0.000785740062,0.00625693809,-0.000189518789,-0.0320571111,-0.0118708259,-0.00533240193,-0.00429357227
0.359,0.00038883569,-0.0104872571,0.000475586905,-0.00337484602,0.0148439997,2.13713771e-05,0.000573440473,0.000808131137,0.0059886577,-0.000136691138,-0.0317076276,-0.0116110876,-0.00533365515,-0.00429309654
0.36,0.000372908068,-0.0104036862,0.000336160536,-0.00299425468,0.0147577906,5.11380391e-05,0.000606042437,0.000829345661,0.00572563776,-8.98288044e-05,-0.0313548431,-0.0113545161,-0.00533398373,-0.00429158441
0.361,0.000356567084,-0.0103148653,0.00020056304,-0.00262369608,0.0146679055,8.08667381e-05,0.000638403152,0.00084938833,0.00546797526,-4.86716417e-05,-0.0309990576,-0.011101194,-0.00533339277,-0.00428905003
0.362,0.000339853486,-0.0102210481,6.88976866e-05,-0.00226312822,0.0145744845,0.000110533407,0.00067050074,0.000868266845,0.00521575564,-1.29694535e-05,-0.0306405662,-0.010851196,-0.0053318878,-0.00428550819
0.363,0.000322806184,-0.0101224898,-5.87361612e-05,-0.00191249877,0.0144776664,0.000140114738,0.000702314252,0.000885990434,0.00496905336,1.75244603e-05,-0.0302796582,-0.0106045916,-0.00532947557,-0.0042809745
0.364,0.000305462472,-0.0100194448,-0.0001822469,-0.00157174768,0.0143775894,0.000169588833,0.000733823394,0.000902569703,0.00472793245,4.30568003e-05,-0.0299166165,-0.0103614464,-0.00532616437,-0.00427546526
0.365,0.000287858339,-0.00991216613,-0.000301552921,-0.00124080785,0.0142743905,0.000198934906,0.000765008484,0.000918016642,0.00449244733,6.38741486e-05,-0.0295517174,-0.0101218214,-0.00532196403,-0.00426899754
0.366,0.000270029119,-0.00980090428,-0.000416583839,-0.000919605568,0.0141682065,0.000228133347,0.000795850592,0.000932344044,0.00426264345,8.02221447e-05,-0.0291852308,-0.00988577299,-0.00531688566,-0.00426158936
0.367,0.000252009518,-0.0096859074,-0.00052728111,-0.000608060905,0.0140591734,0.000257165884,0.000826331485,0.000945565205,0.00403855768,9.23444403e-05,-0.0288174199,-0.00965335323,-0.00531094151,-0.00425325981
0.368,0.000233833843,-0.00956742101,-0.000633598727,-0.000306088398,0.013947427,0.000286015827,0.000856433685,0.000957693885,0.00382021855,0.000100481738,-0.0284485406,-0.00942460989,-0.00530414497,-0.00424402886
0.369,0.000215536392,-0.00944568793,-0.000735504469,-1.3597934e-05,0.0138331026,0.000314668407,0.00088614058,0.000968744346,0.00360764634,0.000104871068,-0.028078842,-0.00919958718,-0.00529651041,-0.0042339171
0.37,0.00019715183,-0.00932094735,-0.000832982355,0.000269504479,0.0137163353,0.000343110693,0.000915436386,0.000978731477,0.00340085327,0.000105745838,-0.0277085668,-0.00897832566,-0.00528805288,-0.00422294523
0.371,0.000178715861,-0.00919343315,-0.000926036932,0.000543315008,0.0135972607,0.000371331444,0.000944306013,0.000987670611,0.00319984368,0.000103338499,-0.0273379521,-0.00876086248,-0.00527878775,-0.00421113384
0.372,0.000160266025,-0.00906337232,-0.00101469685,0.000807929597,0.0134760151,0.000399321195,0.000972735001,0.000995577067,0.00300461393,9.78842251e-05,-0.0269672308,-0.00854723225,-0.00526873059,-0.00419850316
0.373,0.000141840761,-0.00893098544,-0.00109900936,0.00106344683,0.0133527346,0.000427071675,0.00100070956,0.00100246727,0.00281515341,8.96143754e-05,-0.0265966305,-0.00833746538,-0.00525789692,-0.00418507326
0.374,0.000123478366,-0.008796487,-0.00117903433,0.00130996996,0.0132275545,0.000454575268,0.00102821663,0.00100835952,0.00263144509,7.87522246e-05,-0.0262263721,-0.00813158707,-0.00524630202,-0.00417086414
0.375,0.000105216141,-0.00866008518,-0.00125484021,0.00154760786,0.0131006088,0.000481824352,0.00105524377,0.00101327432,0.0024534659,6.55119172e-05,-0.02585667,-0.00792961648,-0.00523396071,-0.00415589578
0.376,8.70897427e-05,-0.00852198173,-0.00132650149,0.00177647579,0.0129720295,0.000508810453,0.00108177911,0.00101723436,0.00228118686,5.0098297e-05,-0.0254877313,-0.00773156576,-0.00522088731,-0.00414018843
0.377,6.91331095e-05,-0.00838237261,-0.00139409707,0.00199669542,0.0128419462,0.000535524125,0.00110781132,0.00102026417,0.0021145728,3.27072923e-05,-0.0251197561,-0.0075374402,-0.00520709581,-0.00412376292
0.378,5.13785691e-05,-0.00824144872,-0.00145770909,0.0022083941,0.0127104857,0.000561955352,0.00113332982,0.00102238958,0.001953582,1.3526778e-05,-0.0247529368,-0.00734723925,-0.00519260028,-0.00410664062
0.379,3.38566897e-05,-0.00809939631,-0.00151742164,0.00241170441,0.0125777718,0.00058809377,0.00115832476,0.00102363731,0.00179816613,-7.26277285e-06,-0.0243874587,-0.00716095726,-0.00517741499,-0.00408884341
0.38,1.65958784e-05,-0.00795639727,-0.00157331875,0.00260676412,0.0124439253,0.000613928704,0.00118278711,0.00102403466,0.00164827059,-2.94882535e-05,-0.0240234998,-0.00697858379,-0.00516155451,-0.00407039365
0.381,-3.78213548e-07,-0.00781262949,-0.00162548141,0.00279371688,0.0123090629,0.000639449121,0.00120670868,0.0010236094,0.0015038351,-5.29852317e-05,-0.0236612304,-0.00680010358,-0.00514503371,-0.00405131419
0.382,-1.70431876e-05,-0.00766826716,-0.00167398502,0.00297271299,0.0121732976,0.000664643658,0.0012300822,0.00102238979,0.00136479467,-7.75996582e-05,-0.0233008128,-0.00662549637,-0.00512786762,-0.00403162834
0.383,-3.33792728e-05,-0.00752347983,-0.00171890244,0.00314390697,0.0120367389,0.000689501375,0.00125290124,0.00102040394,0.00123107998,-0.000103184506,-0.0229424024,-0.00645473867,-0.00511007139,-0.00401135933
0.384,-4.93687209e-05,-0.00737843165,-0.00176030712,0.00330745533,0.0118994937,0.000714012358,0.00127516014,0.00101767967,0.00110261774,-0.000129597782,-0.0225861483,-0.00628780498,-0.00509166018,-0.00399052998
0.385,-6.4995484e-05,-0.00723328106,-0.00179827458,0.00346351563,0.0117616659,0.000738167781,0.00129685389,0.00101424464,0.000979331131,-0.000156702416,-0.0222321933,-0.00612466806,-0.00507264911,-0.00396916249
0.386,-8.02450068e-05,-0.00708818068,-0.00183288306,0.00361224601,0.0116233573,0.000761959818,0.0013179781,0.00101012646,0.000861140082,-0.000184366532,-0.0218806741,-0.00596529883,-0.00505305324,-0.00394727857
0.387,-9.51040733e-05,-0.00694327727,-0.00186421364,0.00375380478,0.0114846667,0.000785381545,0.00133852894,0.00100535293,0.000747961357,-0.000212463646,-0.0215317211,-0.00580966651,-0.00503288749,-0.00392489934
0.388,-0.000109560653,-0.00679871205,-0.00189235006,0.00388834997,0.011345691,0.000808427017,0.00135850315,0.000999952049,0.000639708254,-0.000240872613,-0.0211854584,-0.00565773895,-0.00501216682,-0.0039020454
0.389,-0.000123603804,-0.00665462109,-0.00191737823,0.00401603936,0.0112065246,0.000831091105,0.00137789796,0.000993952226,0.000536290202,-0.000269477785,-0.0208420039,-0.00550948259,-0.00499090638,-0.00387873695
0.39,-0.000137223735,-0.00651113546,-0.00193938538,0.00413703113,0.0110672593,0.000853368904,0.00139671122,0.000987382195,0.000437612786,-0.00029816937,-0.0205014689,-0.00536486162,-0.0049691217,-0.00385499426
0.391,-0.000150411965,-0.00636838113,-0.0019584592,0.00425148451,0.0109279834,0.000875255278,0.00141494145,0.00098027079,0.000343578098,-0.000326843637,-0.0201639574,-0.00522383726,-0.00494682865,-0.00383083781
0.392,-0.000163161431,-0.00622647892,-0.00197468712,0.00435956005,0.0107887822,0.000896744815,0.00143258781,0.000972646762,0.000254085106,-0.000355403045,-0.0198295663,-0.00508636756,-0.00492404346,-0.00380628837
0.393,-0.000175466362,-0.00608554431,-0.00198815673,0.00446141919,0.0106497376,0.000917832001,0.00144965013,0.000964538511,0.000169029948,-0.000383755679,-0.0194983857,-0.00495240781,-0.00490078263,-0.0037813669
0.394,-0.000187322154,-0.00594568732,-0.00199895617,0.00455722385,0.0105109279,0.000938511381,0.00146612888,0.000955973851,8.83063914e-05,-0.00041181503,-0.0191704985,-0.00482191078,-0.00487706296,-0.00375609451
0.395,-0.000198725225,-0.00580701243,-0.00200717433,0.00464713577,0.0103724285,0.000958777837,0.00148202523,0.000946979801,1.18064102e-05,-0.000439499945,-0.0188459815,-0.00469482726,-0.00485290141,-0.00373049233
0.396,-0.000209672961,-0.00566961836,-0.00201290095,0.00473131577,0.0102343115,0.000978627037,0.00149734092,0.000937582482,-6.05792856e-05,-0.000466734458,-0.0185249056,-0.00457110691,-0.00482831475,-0.00370458112
0.397,-0.000220163742,-0.00553359787,-0.00201622674,0.00480992321,0.0100966466,0.000998055632,0.00151207808,0.000927807273,-0.000128960762,-0.000493447882,-0.0182073362,-0.0044506987,-0.00480331941,-0.00367838102
0.398,-0.000230196911,-0.00539903778,-0.00201724343,0.00488311583,0.00995950097,0.00101706119,0.00152623919,0.00091767904,-0.000193448433,-0.00051957519,-0.017893334,-0.00433355102,-0.00477793134,-0.0036519115
0.399,-0.000239772585,-0.00526601887,-0.00201604426,0.00495104944,0.00982293968,0.00103564211,0.00153982704,0.000907222364,-0.000254152723,-0.000545057326,-0.0175829546,-0.00421961158,-0.00475216602,-0.0036251914
0.4,-0.000248891361,-0.00513461564,-0.00201272511,0.00501387762,0.0096870256,0.0010537975,0.00155284466,0.000896461727,-0.000311183778,-0.000569841243,-0.0172762492,-0.00410882733,-0.00472603837,-0.00359823891
0.401,-0.000257553871,-0.00500489581,-0.00200738689,0.005071751,0.00955181971,0.00107152701,0.00156529522,0.000885421595,-0.000364651227,-0.000593879155,-0.0169732646,-0.00400114425,-0.0046995628,-0.00357107159
0.402,-0.000265760353,-0.00487691999,-0.00200013747,0.00512481683,0.00941738089,0.00108883039,0.00157718214,0.000874126388,-0.000414664039,-0.000617127511,-0.0166740442,-0.00389650713,-0.00467275345,-0.00354370667
0.403,-0.000273511034,-0.00475074285,-0.00199108803,0.00517322023,0.0092837653,0.00110570725,0.00158850925,0.000862600651,-0.000461330473,-0.000639548662,-0.0163786264,-0.00379485886,-0.00464562446,-0.0035161613
0.404,-0.000280806511,-0.00462641398,-0.0019803497,0.00521710479,0.00915102598,0.00112215709,0.00159928095,0.000850868923,-0.000504758241,-0.000661111254,-0.0160870445,-0.00369614066,-0.00461819011,-0.00348845266
0.405,-0.000287647982,-0.00450397843,-0.0019680318,0.00525661277,0.0090192127,0.00113817934,0.00160950223,0.000838955476,-0.000545054574,-0.000681789657,-0.0157993265,-0.00360029238,-0.00459046485,-0.00346059786
0.406,-0.000294037368,-0.00438347704,-0.00195424082,0.00529188508,0.00888837192,0.00115377347,0.00161917864,0.000826884026,-0.000582326118,-0.000701563209,-0.0155154958,-0.00350725297,-0.0045624633,-0.00343261397
0.407,-0.000299977324,-0.00426494672,-0.00193908001,0.00532306119,0.00875854691,0.00116893911,0.00162831634,0.000814677466,-0.000616678749,-0.000720415477,-0.0152355711,-0.00341696083,-0.00453420019,-0.00340451787
0.408,-0.000305471261,-0.00414842046,-0.001922649,0.00535027904,0.00862977814,0.00118367633,0.00163692193,0.00080235756,-0.000648217403,-0.000738333347,-0.0149595678,-0.00332935458,-0.0045056901,-0.00337632612
0.409,-0.000310523522,-0.00403392736,-0.00190504316,0.00537367462,0.00850210364,0.0011979858,0.00164500229,0.000789944794,-0.000677045956,-0.000755306139,-0.014687498,-0.00324437365,-0.00447694719,-0.00334805459
0.41,-0.000315139697,-0.00392149284,-0.00188635223,0.00539338206,0.00837555892,0.0012118687,0.00165256444,0.000777458386,-0.000703267077,-0.000771325112,-0.0144193708,-0.00316195848,-0.00444798507,-0.00331971839
0.411,-0.000319327101,-0.00381113922,-0.00186665765,0.00540953429,0.0082501768,0.00122532649,0.00165961558,0.000764916406,-0.000726982157,-0.000786383645,-0.0141551919,-0.00308205023,-0.00441881689,-0.00329133189
0.412,-0.000323095156,-0.00370288638,-0.00184603033,0.00542226376,0.00812598728,0.00123836065,0.00166616305,0.000752335975,-0.000748291342,-0.000800477876,-0.0138949626,-0.0030045904,-0.00438945536,-0.00326290881
0.413,-0.000326454698,-0.00359675121,-0.00182453404,0.00543170111,0.00800301808,0.00125097294,0.00167221428,0.000739733231,-0.000767293774,-0.000813605135,-0.0136386806,-0.0029295214,-0.00435991285,-0.00323446219
0.414,-0.000329417295,-0.00349274748,-0.0018022285,0.00543797423,0.00788129486,0.00126316546,0.00167777683,0.000727123497,-0.00078408768,-0.000825763429,-0.013386341,-0.00285678668,-0.00433020158,-0.00320600447
0.415,-0.000331994852,-0.00339088581,-0.00177917095,0.00544120823,0.00776084109,0.0012749405,0.00168285851,0.000714521461,-0.000798770169,-0.00083695184,-0.0131379355,-0.00278633018,-0.004300334,-0.00317754781
0.416,-0.000334199395,-0.00329117383,-0.00175541693,0.00544152554,0.007641678,0.00128630037,0.00168746751,0.000701941181,-0.000811436966,-0.000847170957,-0.0128934526,-0.00271809589,-0.00427032277,-0.00314910418
0.417,-0.000336042957,-0.00319361616,-0.00173102064,0.00543904607,0.0075238246,0.00129724744,0.00169161231,0.000689396081,-0.00082218221,-0.00085642321,-0.0126528772,-0.00265202779,-0.00424018072,-0.00312068546
0.418,-0.000337537515,-0.00309821454,-0.00170603519,0.00543388709,0.0074072978,0.00130778422,0.00169530173,0.000676898946,-0.000831098245,-0.000864713179,-0.0124161914,-0.00258806986,-0.00420992076,-0.00309230334
0.419,-0.000338694896,-0.00300496789,-0.00168051286,0.00542616326,0.00729211245,0.00131791339,0.00169854484,0.000664461898,-0.000838275315,-0.000872047922,-0.0121833741,-0.00252616608,-0.00417955579,-0.00306396934
0.42,-0.000339526647,-0.00291387214,-0.00165450579,0.00541598625,0.00717828161,0.00132763793,0.00170135094,0.000652096323,-0.000843801312,-0.000878437116,-0.0119544016,-0.00246626075,-0.00414909841,-0.00303569468
0.421,-0.000340043837,-0.00282491999,-0.00162806728,0.0054034642,0.00706581707,0.00133696135,0.00170372921,0.000639812828,-0.000847761649,-0.000883892836,-0.0117292486,-0.00240829897,-0.00411856054,-0.00300748999
0.422,-0.000340256891,-0.00273810063,-0.00160125288,0.00538870134,0.00695472981,0.00134588778,0.00170568869,0.000627621308,-0.000850239163,-0.000888429143,-0.0115078895,-0.00235222712,-0.00408795334,-0.00297936527
0.423,-0.000340175915,-0.00265340027,-0.00157411858,0.00537179847,0.00684502981,0.00135442178,0.00170723822,0.000615531113,-0.000851314079,-0.000892062499,-0.0112902972,-0.00229799263,-0.00405728723,-0.00295132987
0.424,-0.000339810981,-0.00257080255,-0.00154671911,0.00535285351,0.00673672595,0.00136256823,0.00170838647,0.000603551132,-0.000851064062,-0.000894811688,-0.0110764437,-0.00224554384,-0.00402657199,-0.00292339254
0.425,-0.000339172284,-0.00249028879,-0.00151910709,0.00533196177,0.00662982595,0.0013703321,0.00170914197,0.000591689837,-0.000849564301,-0.000896697393,-0.0108662996,-0.00219482992,-0.00399581679,-0.00289556151
0.426,-0.00033827021,-0.00241183834,-0.00149133263,0.00530921621,0.00652433611,0.00137771828,0.00170951317,0.000579955374,-0.000846887526,-0.000897741829,-0.0106598342,-0.00214580059,-0.00396503053,-0.00286784457
0.427,-0.000337115254,-0.002335429,-0.00146344318,0.00528470758,0.00642026108,0.00138473152,0.00170950868,0.000568355618,-0.000843104046,-0.000897968447,-0.010457015,-0.00209840588,-0.00393422215,-0.00284024932
0.428,-0.000335717886,-0.0022610372,-0.00143548351,0.00525852424,0.00631760374,0.00139137645,0.0017091373,0.000556898111,-0.000838281878,-0.000897401623,-0.0102578077,-0.00205259628,-0.00390340068,-0.00281278318
0.429,-0.000334088495,-0.00218863821,-0.00140749582,0.00523075214,0.00621636528,0.00139765771,0.00170840808,0.000545589968,-0.000832486852,-0.000896066413,-0.0100621762,-0.00200832283,-0.00387257529,-0.00278545337
0.43,-0.000332237354,-0.00211820623,-0.00137951979,0.00520147488,0.00611654529,0.00140357995,0.00170733024,0.000534437797,-0.000825782637,-0.000893988408,-0.00987008292,-0.00196553722,-0.00384175517,-0.00275826694
0.431,-0.000330174579,-0.00204971454,-0.00135159261,0.00517077375,0.00601814195,0.00140914794,0.00170591319,0.000523447621,-0.00081823075,-0.000891193629,-0.00968148885,-0.00192419196,-0.00381094954,-0.00273123072
0.432,-0.000327910118,-0.00198313546,-0.00132374914,0.00513872779,0.00592115239,0.00141436666,0.00170416638,0.000512624758,-0.000809890612,-0.000887708401,-0.00949635417,-0.00188424068,-0.00378016729,-0.00270435122
0.433,-0.000325453801,-0.00191844015,-0.00129602197,0.00510541375,0.005825573,0.0014192413,0.00170209906,0.000501973764,-0.000800819582,-0.00088355922,-0.00931463851,-0.00184563829,-0.0037494168,-0.00267763445
0.434,-0.000322815395,-0.00185559868,-0.00126844153,0.00507090601,0.00573139952,0.00142377723,0.00169972024,0.000491498502,-0.000791072908,-0.000878772704,-0.00913630114,-0.00180834105,-0.00371870581,-0.00265108594
0.435,-0.000320004609,-0.00179458005,-0.00124103616,0.00503527663,0.00563862703,0.00142797993,0.0016970387,0.00048120223,-0.000780703698,-0.000873375538,-0.00896130103,-0.00177230647,-0.00368804153,-0.00262471074
0.436,-0.000317031093,-0.00173535227,-0.00121383219,0.00499859532,0.00554724996,0.00143185495,0.00169406293,0.000471087685,-0.000769762974,-0.00086739436,-0.00878959677,-0.00173749325,-0.00365743061,-0.00259851342
0.437,-0.000313904431,-0.00167788249,-0.00118685394,0.00496092935,0.00545726206,0.00143540786,0.00169080122,0.000461157182,-0.000758299751,-0.000860855619,-0.00862114652,-0.00170386124,-0.00362687936,-0.00257249813
0.438,-0.000310634121,-0.0016221373,-0.00116012373,0.0049223435,0.00536865609,0.00143864424,0.00168726179,0.000451412746,-0.00074636105,-0.000853785445,-0.0084559077,-0.00167137123,-0.00359639392,-0.00254666873
0.439,-0.000307229528,-0.001568083,-0.00113366181,0.00488290033,0.00528142369,0.00144156959,0.00168345294,0.000441856142,-0.00073399192,-0.00084620949,-0.00829383688,-0.00163998478,-0.00356598058,-0.00252102889
0.44,-0.000303699877,-0.00151568579,-0.0011074862,0.00484266031,0.00519555543,0.00144418936,0.00167938309,0.000432488809,-0.00072123554,-0.000838152712,-0.00813488972,-0.00160966419,-0.00353564573,-0.00249558215
0.441,-0.000300054336,-0.00146491198,-0.00108161218,0.00480168209,0.00511104083,0.00144650894,0.00167506073,0.000423311789,-0.000708133339,-0.000829639276,-0.00797902097,-0.0015803725,-0.00350539588,-0.00247033192
0.442,-0.000296302093,-0.00141572813,-0.00105605181,0.00476002272,0.00502786835,0.00144853367,0.00167049449,0.000414325694,-0.000694725075,-0.000820692612,-0.00782618425,-0.00155207345,-0.00347523762,-0.00244528148
0.443,-0.000292452186,-0.00136810089,-0.00103081484,0.0047177375,0.00494602576,0.00145026892,0.00166569298,0.000405530628,-0.000681048853,-0.000811335304,-0.00767633267,-0.00152473174,-0.00344517741,-0.00242043391
0.444,-0.000288513403,-0.00132199673,-0.00100590944,0.00467487981,0.00486550044,0.00145172013,0.00166066464,0.00039692614,-0.000667141164,-0.000801589147,-0.00752941932,-0.00149831319,-0.00341522135,-0.00239579199
0.445,-0.000284494284,-0.0012773818,-0.000981342586,0.00463150109,0.00478627963,0.0014528928,0.00165541763,0.000388511264,-0.000653036868,-0.00079147532,-0.00738539751,-0.00147278484,-0.00338537501,-0.00237135815
0.446,-0.000280403132,-0.00123422199,-0.000957120236,0.0045876509,0.00470835043,0.00145379247,0.00164995979,0.000380284621,-0.000638769157,-0.000781014586,-0.00724422086,-0.00144811482,-0.00335564349,-0.00234713446
0.447,-0.000276248023,-0.00119248291,-0.000933247431,0.00454337695,0.00463169981,0.00145442465,0.00164429864,0.000372244523,-0.000624369546,-0.000770227437,-0.00710584332,-0.00142427231,-0.00332603138,-0.0023231227
0.448,-0.000272036813,-0.00115213,-0.000909728417,0.00449872515,0.00455631466,0.00145479481,0.00163844143,0.000364389079,-0.000609867878,-0.000759134245,-0.00697021915,-0.0014012274,-0.00329654287,-0.00229932433
0.449,-0.000267777129,-0.00111312874,-0.00088656687,0.00445373975,0.00448218165,0.00145490833,0.0016323952,0.000356716342,-0.000595292281,-0.000747755441,-0.00683730279,-0.00137895083,-0.00326718199,-0.00227574064
0.45,-0.000263476266,-0.00107544482,-0.00086376629,0.00440846318,0.00440928708,0.00145477058,0.00162616698,0.000349224449,-0.000580669099,-0.000736111688,-0.00670704874,-0.00135741391,-0.00323795274,-0.00225237283
0.451,-0.000259141009,-0.0010390441,-0.000841330721,0.00436293572,0.00433761682,0.00145438694,0.0016197638,0.000341911665,-0.000566022881,-0.00072422393,-0.00657941167,-0.00133658853,-0.00320885917,-0.00222922201
0.452,-0.000254777488,-0.0010038926,-0.000819265425,0.00431719538,0.00426715649,0.0014537629,0.0016131927,0.000334776364,-0.000551376386,-0.000712113286,-0.00645434679,-0.00131644732,-0.00317990532,-0.00220628919
0.453,-0.000250391334,-0.000969956628,-0.000797575983,0.00427127819,0.00419789129,0.00145290397,0.00160646071,0.000327816983,-0.00053675069,-0.000699801062,-0.0063318095,-0.00129696351,-0.00315109521,-0.00218357528
0.454,-0.000245987825,-0.000937202926,-0.000776267484,0.0042252185,0.00412980604,0.00145181563,0.00159957486,0.000321031922,-0.000522165304,-0.000687308581,-0.00621175527,-0.00127811093,-0.00312243276,-0.00216108111
0.455,-0.000241571957,-0.000905598551,-0.000755344144,0.00417904916,0.00406288533,0.00145050329,0.00159254201,0.000314419414,-0.000507638344,-0.00067465691,-0.0060941398,-0.00125986417,-0.0030939216,-0.0021388073
0.456,-0.000237148515,-0.000875110808,-0.000734809166,0.00413280167,0.00399711372,0.00144897229,0.00158536876,0.000307977452,-0.000493186684,-0.000661866611,-0.00597891925,-0.00124219869,-0.00306556492,-0.00211675423
0.457,-0.000232722111,-0.000845707248,-0.000714664717,0.00408650622,0.00393247577,0.00144722787,0.00157806142,0.000301703791,-0.000478826044,-0.000648957552,-0.00586605028,-0.00122509089,-0.00303736557,-0.00209492206
0.458,-0.0002282972,-0.000817355711,-0.000694911919,0.00404019169,0.0038689561,0.00144527516,0.00157062604,0.000295595951,-0.000464571077,-0.000635948731,-0.00575549007,-0.0012085181,-0.003009326,-0.00207331072
0.459,-0.000223878111,-0.000790024377,-0.000675550799,0.00399388565,0.0038065393,0.00144311924,0.0015630684,0.000289651236,-0.000450435472,-0.000622858102,-0.00564719631,-0.00119245859,-0.00298144843,-0.00205191991
0.46,-0.000219469092,-0.000763681945,-0.000656580102,0.00394761429,0.00374520981,0.00144076509,0.00155539413,0.000283866777,-0.000436432025,-0.000609702415,-0.00554112696,-0.00117689156,-0.00295373493,-0.00203074917
0.461,-0.00021507438,-0.000738297886,-0.000637996919,0.00390140262,0.00368495177,0.00143821767,0.0015476088,0.000278239574,-0.000422572681,-0.000596497145,-0.00543723998,-0.0011617969,-0.00292618764,-0.00200979796
0.462,-0.000210698262,-0.000713842624,-0.000619796321,0.00385527468,0.00362574892,0.00143548182,0.00153971803,0.000272766496,-0.000408868617,-0.000583256552,-0.00533549301,-0.00114715506,-0.00289880883,-0.0019890657
0.463,-0.000206344952,-0.000690287444,-0.000601972078,0.00380925345,0.00356758473,0.00143256234,0.00153172744,0.000267444287,-0.000395330232,-0.000569993702,-0.00523584375,-0.00113294708,-0.00287160088,-0.00196855176
0.464,-0.000202018471,-0.000667604408,-0.000584517305,0.00376336077,0.00351044257,0.00142946402,0.00152364262,0.000262269587,-0.000381967144,-0.000556720612,-0.00513825017,-0.00111915469,-0.00284456623,-0.00194825547
0.465,-0.000197722586,-0.000645766255,-0.000567424799,0.00371761734,0.00345430585,0.00142619172,0.00151546912,0.000257238945,-0.000368788245,-0.000543448448,-0.00504267076,-0.00110576034,-0.00281770726,-0.00192817612
0.466,-0.000193460797,-0.000624746244,-0.000550687179,0.0036720429,0.00339915827,0.00142275029,0.00150721232,0.000252348799,-0.000355801768,-0.000530187686,-0.00494906465,-0.00109274725,-0.00279102619,-0.00190831287
0.467,-0.000189236371,-0.000604518041,-0.000534296913,0.00362665615,0.00334498381,0.00141914454,0.00149887736,0.000247595477,-0.000343015285,-0.00051694825,-0.00485739172,-0.00108009941,-0.00276452494,-0.00188866477
0.468,-0.000185052372,-0.000585055701,-0.000518246354,0.00358147488,0.00329176672,0.00141537918,0.00149046913,0.000242975237,-0.000330435671,-0.000503739622,-0.00476761253,-0.00106780147,-0.0027382051,-0.00186923073
0.469,-0.000180911671,-0.000566333668,-0.000502527787,0.00353651591,0.00323949146,0.00141145881,0.00148199224,0.000238484308,-0.000318069078,-0.000490570918,-0.00467968835,-0.00105583871,-0.00271206801,-0.00185000953
0.47,-0.000176816964,-0.000548326811,-0.000487133523,0.00349179523,0.0031881427,0.00140738789,0.00147345111,0.000234118935,-0.000305920913,-0.000477450966,-0.00459358106,-0.00104419689,-0.00268611477,-0.00183099985
0.471,-0.000172770756,-0.000531010531,-0.000472056097,0.00344732793,0.00313770519,0.00140317076,0.00146484999,0.000229875441,-0.000293995774,-0.000464388346,-0.00450925316,-0.00103286217,-0.00266034637,-0.00181220034
0.472,-0.000168775314,-0.000514360849,-0.000457288446,0.00340312812,0.0030881637,0.00139881169,0.00145619308,0.000225750271,-0.000282297447,-0.000451391377,-0.00442666772,-0.00102182107,-0.00263476386,-0.0017936096
0.473,-0.000164832684,-0.000498354463,-0.000442823721,0.00335920889,0.00303950301,0.00139431499,0.00144748457,0.000221739998,-0.000270828987,-0.000438468112,-0.00434578827,-0.00101106052,-0.00260936832,-0.00177522625
0.474,-0.000160944716,-0.000482968769,-0.000428655124,0.00331558237,0.00299170785,0.00138968489,0.00143872863,0.000217841303,-0.000259592783,-0.000425626297,-0.00426657872,-0.00100056779,-0.00258416083,-0.00175704887
0.475,-0.000157113087,-0.000468181835,-0.000414775812,0.00327225978,0.00294476293,0.00138492562,0.00142992939,0.000214050947,-0.000248590573,-0.000412873353,-0.00418900332,-0.000990330481,-0.00255914248,-0.00173907605
0.476,-0.000153339316,-0.000453972324,-0.000401178832,0.00322925148,0.00289865285,0.00138004123,0.00142109087,0.000210365736,-0.000237823471,-0.000400216355,-0.00411302672,-0.00098033651,-0.00253431426,-0.0017213063
0.477,-0.000149624781,-0.000440319369,-0.000387857116,0.00318656703,0.0028533623,0.00137503561,0.00141221693,0.000206782488,-0.000227292067,-0.000387662039,-0.00403861407,-0.00097057419,-0.00250967688,-0.00170373807
0.478,-0.000145970725,-0.000427202533,-0.000374803533,0.00314421531,0.0028088762,0.00136991252,0.00140331121,0.000203298036,-0.000216996528,-0.000375216819,-0.00396573115,-0.000961032295,-0.00248523083,-0.00168636973
0.479,-0.000142378256,-0.000414601803,-0.000362010967,0.0031022045,0.00276517974,0.00136467564,0.00139437715,0.000199909238,-0.000206936665,-0.000362886825,-0.00389434442,-0.000951700102,-0.00246097636,-0.00166919955
0.48,-0.000138848326,-0.000402497599,-0.000349472444,0.00306054207,0.00272225844,0.00135932856,0.00138541801,0.000196613001,-0.000197112007,-0.000350677947,-0.00382442107,-0.000942567451,-0.00243691355,-0.00165222578
0.481,-0.0001353817,-0.000390870804,-0.000337181354,0.00301923464,0.0026800982,0.00135387496,0.00137643689,0.00019340632,-0.000187521861,-0.000338595859,-0.00375592911,-0.000933624821,-0.00241304234,-0.00163544658
0.482,-0.000131978928,-0.000379702846,-0.000325131645,0.00297828797,0.00263868524,0.00134831863,0.00136743684,0.000190286307,-0.000178165269,-0.00032664602,-0.00368883737,-0.00092486329,-0.00238936269,-0.00161886006
0.483,-0.000128640398,-0.000368975799,-0.000313317581,0.00293770703,0.0025980059,0.00134266338,0.00135842087,0.000187250193,-0.000169040972,-0.000314833695,-0.00362311526,-0.000916274339,-0.00236587465,-0.00160246433
0.484,-0.00012536639,-0.000358672412,-0.000301733533,0.00289749621,0.00255804655,0.001336913,0.00134939196,0.000184295309,-0.000160147411,-0.000303163926,-0.00355873275,-0.00090784976,-0.00234257836,-0.00158625745
0.485,-0.000122157083,-0.000348776103,-0.000290373889,0.00285765935,0.00251879363,0.00133107126,0.00134035305,0.000181419069,-0.000151482745,-0.000291641471,-0.00349566025,-0.000899581653,-0.00231947398,-0.00157023746
0.486,-0.000119012556,-0.000339270895,-0.000279233056,0.00281819985,0.00248023378,0.0013251419,0.00133130704,0.000178618949,-0.000143044899,-0.000280270731,-0.00343386876,-0.000891462466,-0.00229656172,-0.00155440242
0.487,-0.000115932755,-0.00033014129,-0.000268305506,0.00277912064,0.00244235399,0.00131912864,0.00132225676,0.000175892441,-0.000134831627,-0.000269055641,-0.00337332987,-0.000883485078,-0.00227384163,-0.00153875046
0.488,-0.000112917487,-0.000321372154,-0.000257585768,0.00274042417,0.0024051416,0.00131303512,0.00131320494,0.000173237019,-0.000126840536,-0.000257999561,-0.00331401585,-0.000875642863,-0.0022513135,-0.00152327981
0.489,-0.000109966446,-0.000312948708,-0.000247068361,0.00270211241,0.00236858433,0.00130686487,0.00130415418,0.000170650118,-0.000119069094,-0.000247105191,-0.00325589953,-0.000867929654,-0.00222897684,-0.0015079888
0.49,-0.000107079254,-0.000304856538,-0.000236747633,0.00266418697,0.00233267015,0.00130062127,0.00129510698,0.000168129107,-0.000111514669,-0.000236374448,-0.00319895427,-0.000860339673,-0.00220683097,-0.00149287585
0.491,-0.000104255584,-0.000297081707,-0.000226617364,0.00262664939,0.00229738712,0.00129430747,0.00128606574,0.000165671275,-0.000104174588,-0.000225808429,-0.00314315367,-0.000852867337,-0.00218487503,-0.00147793939
0.492,-0.000101495367,-0.000289611008,-0.000216670236,0.00258950156,0.00226272308,0.00128792636,0.0012770327,0.000163273877,-9.70461629e-05,-0.000215407636,-0.00308847127,-0.000845506929,-0.00216310842,-0.00146317762
0.493,-9.87988184e-05,-0.000282432067,-0.00020689814,0.00255274585,0.00222866555,0.00128148061,0.00126800993,0.000160934204,-9.01266995e-05,-0.000205172116,-0.00303488079,-0.00083825261,-0.002141531,-0.00144858828
0.494,-9.61663645e-05,-0.00027553328,-0.000197292591,0.0025163849,0.0021952019,0.00127497284,0.0012589993,0.000158649623,-8.34135252e-05,-0.000195101563,-0.00298235629,-0.000831098529,-0.00212014311,-0.00143416864
0.495,-9.35986038e-05,-0.000268903756,-0.000187844897,0.0024804215,0.00216231942,0.00126840563,0.00125000249,0.000156417616,-7.69039119e-05,-0.00018519554,-0.00293087226,-0.000824038847,-0.00209894547,-0.0014199155
0.496,-9.10962314e-05,-0.000262533184,-0.00017854629,0.00244485823,0.00213000532,0.00126178153,0.00124102097,0.00015423582,-7.05949076e-05,-0.000175453699,-0.00288040363,-0.000817067797,-0.00207793906,-0.00140582541
0.497,-8.86597327e-05,-0.000256411426,-0.000169388417,0.00240969665,0.0020982472,0.00125510309,0.00123205626,0.000152101945,-6.44832568e-05,-0.000165875597,-0.00283092588,-0.000810180008,-0.00205712439,-0.00139189522
0.498,-8.62891131e-05,-0.000250528164,-0.000160363796,0.00237493666,0.0020670334,0.0012483729,0.00122311002,0.0001500137,-5.85653611e-05,-0.000156460556,-0.00278241509,-0.000803370735,-0.00203650102,-0.00137812276
0.499,-8.39838616e-05,-0.000244872876,-0.000151465914,0.00234057648,0.00203635302,0.00124159357,0.00121418419,0.000147968823,-5.28372241e-05,-0.000147207863,-0.00273484799,-0.000796635837,-0.00201606753,-0.00136450682
0.5,-8.17429421e-05,-0.000239434851,-0.000142689386,0.00230661282,0.00200619593,0.00123476774,0.00120528097,0.000145965092,-4.72945475e-05,-0.000138116849,-0.00268820197,-0.000789971774,-0.00199582157,-0.00135104719
0.501,-7.95648088e-05,-0.000234203272,-0.000134030212,0.00227304112,0.00197655276,0.00122789811,0.00119640277,0.000144000332,-4.19329718e-05,-0.000129186843,-0.00264245532,-0.000783375633,-0.00197576016,-0.00133774438
0.502,-7.74477131e-05,-0.000229167605,-0.000125485484,0.00223985652,0.00194741459,0.00122098745,0.00118755192,0.000142072534,-3.67482259e-05,-0.000120417501,-0.0025975873,-0.000776844884,-0.00195588039,-0.00132459877
0.503,-7.5390121e-05,-0.00022431803,-0.000117052439,0.00220705491,0.00191877236,0.00121403846,0.00117873037,0.000140179951,-3.17362364e-05,-0.000111809132,-0.00255357788,-0.000770376957,-0.00193618009,-0.00131160984
0.504,-7.33908332e-05,-0.000219645517,-0.000108728089,0.00217463322,0.00189061675,0.00120705368,0.00116993963,0.000138321048,-2.68932326e-05,-0.000103362498,-0.00251040752,-0.000763969105,-0.00191665788,-0.00129877604
0.505,-7.14489972e-05,-0.000215141807,-0.000100509109,0.00214258937,0.00186293821,0.00120003552,0.0011611807,0.000136494471,-2.22157332e-05,-9.50786331e-05,-0.00246805712,-0.000757618408,-0.00189731314,-0.00128609483
0.506,-6.95640663e-05,-0.00021079935,-9.2391862e-05,0.00211092206,0.00183572706,0.00119298627,0.00115245421,0.00013469903,-1.77004251e-05,-8.69587564e-05,-0.00242650802,-0.000751321826,-0.00187814581,-0.0012735629
0.507,-6.77355822e-05,-0.00020661108,-8.43728298e-05,0.00207963009,0.0018089737,0.00118590819,0.00114376067,0.000132933623,-1.3344054e-05,-7.90039147e-05,-0.00238574191,-0.000745076357,-0.00185915601,-0.0012611768
0.508,-6.59629671e-05,-0.000202570205,-7.64489538e-05,0.00204871168,0.00178266886,0.00117880362,0.00113510076,0.000131197167,-9.1433342e-06,-7.12147036e-05,-0.00234574082,-0.000738879208,-0.00184034364,-0.00124893357
0.509,-6.42454974e-05,-0.000198670158,-6.86175726e-05,0.0020181643,0.00175680353,0.00117167492,0.00112647539,0.00012948861,-5.09485243e-06,-6.35913297e-05,-0.00230648706,-0.00073272779,-0.00182170828,-0.00123683076
0.51,-6.25823296e-05,-0.000194904573,-6.08762667e-05,0.00198798476,0.0017313689,0.00116452444,0.00111788569,0.000127806934,-1.1950148e-06,-5.61336608e-05,-0.00226796317,-0.000726619641,-0.00180324925,-0.00122486645
0.511,-6.09725448e-05,-0.000191267249,-5.32226209e-05,0.00195816937,0.0017063562,0.00115735442,0.00110933294,0.000126151134,2.5599814e-06,-4.88412678e-05,-0.00223015185,-0.000720552291,-0.0017849656,-0.00121303912
0.512,-5.94152164e-05,-0.000187752098,-4.56538899e-05,0.00192871436,0.00168175657,0.0011501668,0.0011008184,0.000124520204,6.17409805e-06,-4.17135796e-05,-0.00219303592,-0.000714523204,-0.00176685612,-0.00120134737
0.513,-5.79094143e-05,-0.00018435308,-3.81670371e-05,0.00189961604,0.00165756129,0.00114296328,0.00109234311,0.000122913117,9.65134664e-06,-3.4749947e-05,-0.00215659861,-0.000708529899,-0.00174891947,-0.00118978967
0.514,-5.64541812e-05,-0.000181064178,-3.07589245e-05,0.00187087081,0.00163376187,0.00113574543,0.00108390793,0.000121328828,1.29956784e-05,-2.79496124e-05,-0.00212082365,-0.00070257008,-0.00173115413,-0.00117836438
0.515,-5.50485259e-05,-0.000177879429,-2.34264296e-05,0.0018424751,0.00161035015,0.00112851471,0.00107551352,0.000119766276,1.62109048e-05,-2.1311717e-05,-0.00208569531,-0.000696641703,-0.0017135585,-0.00116706974
0.516,-5.36914432e-05,-0.000174793004,-1.61665202e-05,0.0018144253,0.0015873183,0.00112127257,0.00106716039,0.000118224409,1.9300639e-05,-1.483532e-05,-0.00205119837,-0.000690743019,-0.00169613094,-0.00115590387
0.517,-5.23819712e-05,-0.000171799387,-8.97632509e-06,0.0017867176,0.0015646587,0.00111402055,0.00105884904,0.000116702248,2.22683227e-05,-8.51940604e-06,-0.00201731798,-0.000684872483,-0.00167886988,-0.00114486492
0.518,-5.11192299e-05,-0.000168893507,-1.85315777e-06,0.00175934798,0.0015423638,0.00110676028,0.00105058005,0.000115198931,2.51172849e-05,-2.36291227e-06,-0.00198403952,-0.000679028626,-0.00166177398,-0.00113395108
0.519,-4.99024222e-05,-0.000166070755,5.2055085e-06,0.00173231229,0.00152042607,0.00109949341,0.00104235406,0.000113713705,2.78507659e-05,3.63524037e-06,-0.00195134862,-0.000673209995,-0.00164484206,-0.00112316061
0.52,-4.87308151e-05,-0.000163326968,1.22020471e-05,0.00170560623,0.00149883807,0.00109222165,0.00103417178,0.000112245896,3.04719145e-05,9.47614373e-06,-0.00191923118,-0.000667415204,-0.00162807311,-0.00111249183
0.521,-4.76036914e-05,-0.000160658319,1.91386841e-05,0.00167922544,0.00147759261,0.00108494685,0.00102603397,0.00011079488,3.2983727e-05,1.51609056e-05,-0.00188767338,-0.000661643021,-0.00161146624,-0.00110194313
0.522,-4.65202739e-05,-0.000158061121,2.6017535e-05,0.00165316557,0.00145668289,0.00107767087,0.00101794135,0.000109360038,3.53889909e-05,2.0690641e-05,-0.00185666187,-0.00065589248,-0.00159502049,-0.00109151295
0.523,-4.5479689e-05,-0.000155531692,3.28406183e-05,0.0016274223,0.00143610252,0.00107039551,0.00100989452,0.000107940723,3.76903304e-05,2.60664626e-05,-0.00182618377,-0.000650162871,-0.00157873469,-0.00108119972
0.524,-4.44809838e-05,-0.000153066318,3.96098506e-05,0.00160199139,0.0014158454,0.00106312246,0.00100189394,0.000106536274,3.98902837e-05,3.12894665e-05,-0.00179622668,-0.000644453668,-0.00156260751,-0.00107100188
0.525,-4.35231507e-05,-0.000150661258,4.63270515e-05,0.00157686867,0.00139590563,0.00105585321,0.000993939994,0.000105146028,4.19913493e-05,3.63607162e-05,-0.00176677856,-0.000638764435,-0.00154663744,-0.00106091786
0.526,-4.2605196e-05,-0.000148312852,5.29939451e-05,0.00155205008,0.00137627735,0.00104858911,0.000986032948,0.000103769363,4.39960532e-05,4.12812227e-05,-0.0017378277,-0.000633094679,-0.0015308229,-0.00105094612
0.527,-4.17262083e-05,-0.00014601768,5.96121356e-05,0.0015275316,0.00135695461,0.00104133139,0.0009781731,0.000102405756,4.59069886e-05,4.60519368e-05,-0.00170936252,-0.000627443749,-0.00151516239,-0.00104108513
0.528,-4.088537e-05,-0.000143772637,6.61830811e-05,0.00150330917,0.00133793144,0.00103408133,0.000970360794,0.000101054806,4.77267841e-05,5.06737519e-05,-0.00168137153,-0.000621810851,-0.00149965459,-0.0010313334
0.529,-4.00819401e-05,-0.00014157491,7.27080743e-05,0.00147937865,0.00131920182,0.00102684019,0.00096259642,9.97162313e-05,4.94580857e-05,5.51474981e-05,-0.00165384338,-0.000616195053,-0.00148429831,-0.00102168945
0.53,-3.93152368e-05,-0.00013942192,7.91882304e-05,0.00145573582,0.00130075965,0.00101960921,0.000954880394,9.83898549e-05,5.11036093e-05,5.9473925e-05,-0.00162676681,-0.000610595261,-0.00146909245,-0.00101215184
0.531,-3.85845707e-05,-0.000137311161,8.56244679e-05,0.00143237639,0.00128259875,0.00101238946,0.000947213066,9.70755596e-05,5.26661488e-05,6.36536987e-05,-0.00160013082,-0.000605010284,-0.00145403584,-0.00100271909
0.532,-3.78891725e-05,-0.000135240055,9.2017469e-05,0.00140929609,0.00126471305,0.00100518179,0.000939594672,9.57732365e-05,5.41485071e-05,6.76874223e-05,-0.00157392479,-0.000599438969,-0.00143912712,-0.000993389717
0.533,-3.72281842e-05,-0.00013320593,9.83677177e-05,0.00138649065,0.00124709671,0.000997986967,0.000932025332,9.44827678e-05,5.55534159e-05,7.15756407e-05,-0.00154813855,-0.0005938803,-0.00142436476,-0.000984162229
0.534,-3.66006715e-05,-0.00013120607,0.000104675545,0.00136395582,0.0012297442,0.000990805671,0.000924505076,9.32040168e-05,5.68834526e-05,7.53188558e-05,-0.00152276233,-0.000588333486,-0.00140974708,-0.000975035144
0.535,-3.60056448e-05,-0.000129237808,0.000110941138,0.00134168734,0.0012126504,0.000983638657,0.000917033888,9.19368337e-05,5.81409472e-05,7.89175543e-05,-0.00149778675,-0.000582798043,-0.00139527235,-0.000966007008
0.536,-3.54421244e-05,-0.00012729869,0.000117164542,0.00131968088,0.00119581055,0.00097648686,0.000909611779,9.06810939e-05,5.93279871e-05,8.23722246e-05,-0.00147320275,-0.000577273743,-0.00138093892,-0.000957076406
0.537,-3.49092032e-05,-0.000125386583,0.000123345681,0.00129793204,0.00117922004,0.000969351357,0.00090223883,8.94367281e-05,6.04465127e-05,8.5683348e-05,-0.00144900146,-0.000571760466,-0.00136674531,-0.000948241975
0.538,-3.44060612e-05,-0.000123499672,0.000129484392,0.0012764364,0.00116287428,0.00096223328,0.000894915177,8.82037261e-05,6.14983872e-05,8.88513886e-05,-0.00142517416,-0.000566258095,-0.00135269024,-0.000939502387
0.539,-3.39319548e-05,-0.000121636421,0.000135580416,0.00125518956,0.00114676875,0.000955133803,0.000887640996,8.69821353e-05,6.24854244e-05,9.18767976e-05,-0.00140171233,-0.000560766497,-0.00133877255,-0.000930856355
0.54,-3.34861708e-05,-0.000119795476,0.00014163339,0.00123418717,0.00113089901,0.000948054134,0.000880416491,8.57720397e-05,6.34093705e-05,9.47600236e-05,-0.00137860761,-0.000555285564,-0.00132499119,-0.000922302625
0.541,-3.30679603e-05,-0.000117975513,0.000147642842,0.00121342497,0.00111526088,0.000940995446,0.000873241827,8.45735221e-05,6.42718672e-05,9.75015234e-05,-0.00135585196,-0.000549815285,-0.00131134504,-0.000913839971
0.542,-3.26765075e-05,-0.000116175141,0.000153608196,0.00119289883,0.00109985039,0.000933958825,0.000866117091,8.33866456e-05,6.50744628e-05,0.00010010177,-0.00133343763,-0.000544355772,-0.00129783285,-0.000905467177
0.543,-3.23109364e-05,-0.000114392875,0.000159528784,0.00117260472,0.00108466375,0.000926945233,0.000859042297,8.22114619e-05,6.58186588e-05,0.000102561252,-0.00131135714,-0.000538907196,-0.00128445323,-0.000897183031
0.544,-3.19703358e-05,-0.000112627136,0.000165403875,0.00115253877,0.00106969717,0.00091995544,0.000852017369,8.10480218e-05,6.65059787e-05,0.000104880457,-0.00128960323,-0.000533469679,-0.00127120467,-0.000888986317
0.545,-3.16538173e-05,-0.000110876324,0.000171232689,0.00113269724,0.00105494673,0.000912989996,0.000845042176,7.98964025e-05,6.71380522e-05,0.000107059871,-0.00126816879,-0.000528043168,-0.00125808558,-0.000880875811
0.546,-3.13605554e-05,-0.000109138936,0.000177014376,0.0011130765,0.00104040833,0.000906049354,0.00083811659,7.87567327e-05,6.77166147e-05,0.000109099993,-0.00124704677,-0.000522627415,-0.00124509449,-0.000872850294
0.547,-3.10897862e-05,-0.000107413609,0.000182748004,0.00109367287,0.00102607785,0.00089913397,0.000831240513,7.76291913e-05,6.82434323e-05,0.00011100136,-0.0012262302,-0.000517222051,-0.00123222999,-0.00086490856
0.548,-3.08408003e-05,-0.000105699138,0.000188432568,0.00107448271,0.00101195118,0.000892244339,0.000824413881,7.65139946e-05,6.87202589e-05,0.000112764567,-0.00120571223,-0.000511826649,-0.00121949079,-0.00085704942
0.549,-3.06129255e-05,-0.000103994429,0.000194067022,0.00105550236,0.000998024271,0.000885380974,0.000817636644,7.54113769e-05,6.9148811e-05,0.000114390272,-0.00118548609,-0.000506440779,-0.00120687566,-0.000849271695
0.55,-3.04054863e-05,-0.000102298419,0.00019965034,0.00103672822,0.000984293166,0.000878544333,0.000810908713,7.43215598e-05,6.95307198e-05,0.000115879196,-0.00116554524,-0.000501064085,-0.00119438334,-0.000841574212
0.551,-3.02177901e-05,-0.000100610012,0.000205181596,0.00101815683,0.000970754067,0.000871734791,0.00080422994,7.32447341e-05,6.9867496e-05,0.000117232101,-0.00114588332,-0.000495696321,-0.00118201247,-0.000833955804
0.552,-3.00491375e-05,-9.89281086e-05,0.000210660014,0.000999784873,0.000957403341,0.000864952656,0.000797600126,7.21810571e-05,7.01605077e-05,0.000118449755,-0.00112649415,-0.000490337363,-0.00116976161,-0.000826415318
0.553,-2.9898813e-05,-9.72516498e-05,0.000216084887,0.000981609163,0.000944237627,0.00085819825,0.000791019045,7.11306496e-05,7.04109334e-05,0.00011953297,-0.00110737175,-0.000484987297,-0.00115762929,-0.000818951629
0.554,-2.97660971e-05,-9.55797091e-05,0.000221455482,0.000963626545,0.000931253895,0.000851472034,0.000784486488,7.00936113e-05,7.06197425e-05,0.000120482608,-0.00108851033,-0.000479646438,-0.00114561409,-0.000811563651
0.555,-2.96503066e-05,-9.39115688e-05,0.000226770993,0.000945833878,0.000918449349,0.000844774629,0.000778002299,6.9070045e-05,7.07877669e-05,0.000121299578,-0.00106990428,-0.000474315242,-0.0011337147,-0.000804250339
0.556,-2.95508122e-05,-9.22467135e-05,0.000232030526,0.000928228052,0.000905821276,0.00083810673,0.000771566365,6.80600721e-05,7.09157869e-05,0.000121984796,-0.00105154809,-0.000468994192,-0.00112192995,-0.000797010677
0.557,-2.94670345e-05,-9.05847858e-05,0.000237233085,0.000910806003,0.000893366975,0.000831469054,0.000765178597,6.70638419e-05,7.10045843e-05,0.000122539164,-0.00103343634,-0.000463683726,-0.00111025881,-0.000789843672
0.558,-2.93984213e-05,-8.89255203e-05,0.000242377538,0.000893564735,0.000881083756,0.0008248623,0.000758838916,6.60815324e-05,7.10549658e-05,0.00012296356,-0.00101556375,-0.000458384215,-0.00109870025,-0.000782748346
0.559,-2.93443998e-05,-8.72686491e-05,0.000247462586,0.000876501346,0.000868968979,0.000818287099,0.000752547221,6.51133358e-05,7.10677413e-05,0.00012325884,-0.000997925178,-0.000453095995,-0.00108725327,-0.000775723738
0.56,-2.93043327e-05,-8.56138366e-05,0.000252486701,0.00085961303,0.000857020116,0.000811744,0.000746303369,6.41594468e-05,7.10437019e-05,0.000123425859,-0.000980515675,-0.000447819414,-0.00107591673,-0.000768768904
0.561,-2.92774976e-05,-8.39606538e-05,0.00025744804,0.000842897052,0.00084523475,0.000805233469,0.00074010717,6.32200621e-05,7.098364e-05,0.00012346551,-0.000963330553,-0.000442554836,-0.00106468941,-0.000761882902
0.562,-2.92630867e-05,-8.23085565e-05,0.000262344393,0.000826350771,0.000833610466,0.000798755815,0.000733958371,6.22953805e-05,7.08884143e-05,0.000123378763,-0.000946365427,-0.000437302594,-0.00105356996,-0.000755064787
0.563,-2.92602554e-05,-8.06569139e-05,0.000267173285,0.000809971679,0.000822144696,0.000792311142,0.000727856658,6.13856158e-05,7.07590151e-05,0.000123166624,-0.000929616123,-0.000432062875,-0.00104255698,-0.000748313589
0.564,-2.92681659e-05,-7.90050852e-05,0.000271932062,0.000793757379,0.000810834729,0.000785899431,0.000721801686,6.04910058e-05,7.05965528e-05,0.000122830123,-0.000913078596,-0.000426835701,-0.00103164909,-0.000741628316
0.565,-2.92860001e-05,-7.73524922e-05,0.000276617938,0.000777705543,0.000799677841,0.000779520652,0.00071579311,5.96118033e-05,7.0402177e-05,0.00012237034,-0.000896748911,-0.000421621018,-0.00102084497,-0.000735007966
0.566,-2.93129627e-05,-7.56986725e-05,0.000281228031,0.000761813902,0.000788671407,0.000773174844,0.000709830604,5.87482592e-05,7.0177004e-05,0.000121788437,-0.00088062325,-0.000416418803,-0.00101014339,-0.000728451542
0.567,-2.93482721e-05,-7.40433025e-05,0.000285759394,0.000746080236,0.000777813019,0.00076686217,0.000703913876,5.79006064e-05,6.99220492e-05,0.00012108569,-0.000864697929,-0.000411229161,-0.000999543214,-0.000721958074
0.568,-2.939114e-05,-7.23861702e-05,0.000290209049,0.000730502405,0.000767100526,0.000760582891,0.000698042656,5.70690452e-05,6.96381902e-05,0.000120263507,-0.000848969434,-0.000406052385,-0.000989043335,-0.000715526629
0.569,-2.94407679e-05,-7.07271322e-05,0.000294574041,0.000715078404,0.000756531957,0.000754337275,0.000692216667,5.62537366e-05,6.93261934e-05,0.000119323432,-0.000833434423,-0.000400888933,-0.000978642631,-0.000709156311
0.57,-2.94963568e-05,-6.90661001e-05,0.000298851486,0.000699806397,0.000746105454,0.000748125551,0.000686435621,5.5454803e-05,6.8986744e-05,0.000118267131,-0.000818089707,-0.000395739397,-0.000968339967,-0.000702846264
0.571,-2.95571162e-05,-6.74030604e-05,0.000303038626,0.000684684709,0.000735819308,0.000741947953,0.000680699234,5.4672331e-05,6.86204255e-05,0.000117096376,-0.000802932186,-0.000390604491,-0.000958134208,-0.000696595666
0.572,-2.96222864e-05,-6.57381141e-05,0.000307132863,0.000669711792,0.000725671969,0.000735804784,0.000675007243,5.39063804e-05,6.82277154e-05,0.00011581301,-0.000787958778,-0.000385485015,-0.00094802426,-0.000690403724
0.573,-2.96911505e-05,-6.4071485e-05,0.000311131712,0.000654886217,0.000715661998,0.000729696421,0.000669359409,5.31569904e-05,6.7809037e-05,0.000114418968,-0.000773166431,-0.000380381818,-0.000938009121,-0.000684269656
0.574,-2.97630309e-05,-6.24034848e-05,0.000315032739,0.000640206672,0.000705787993,0.000723623261,0.000663755499,5.24241865e-05,6.73648129e-05,0.00011291628,-0.000758552152,-0.000375295734,-0.000928087868,-0.000678192672
0.575,-2.98372819e-05,-6.07344609e-05,0.000318833525,0.000625671973,0.000696048509,0.00071758566,0.000658195269,5.17079888e-05,6.68955137e-05,0.00011130707,-0.000744113027,-0.000370227528,-0.000918259627,-0.000672171968
0.576,-2.99132753e-05,-5.90647378e-05,0.000322531632,0.000611281081,0.000686441999,0.000711583857,0.000652678441,5.10084143e-05,6.64016882e-05,0.000109593552,-0.000729846224,-0.000365177852,-0.00090852352,-0.000666206728
0.577,-2.99903744e-05,-5.73945854e-05,0.000326124578,0.000597033101,0.000676966831,0.000705617952,0.000647204711,5.03254731e-05,6.58839408e-05,0.000107778044,-0.000715749013,-0.000360147272,-0.000898878617,-0.000660296146
0.578,-3.00679161e-05,-5.57242269e-05,0.000329609812,0.000582927257,0.000667621374,0.000699687959,0.000641773758,4.96591638e-05,6.53428876e-05,0.000105862985,-0.000701818764,-0.000355136304,-0.00088932391,-0.000654439446
0.579,-3.01452081e-05,-5.405385e-05,0.000332984709,0.000568962889,0.000658404011,0.00069379382,0.000636385257,4.9009471e-05,6.47791466e-05,0.000103850936,-0.000688052957,-0.000350145428,-0.000879858325,-0.00064863588
0.58,-3.02215361e-05,-5.23836082e-05,0.000336246568,0.000555139484,0.000649313089,0.00068793537,0.000631038856,4.83763646e-05,6.41933672e-05,0.000101744577,-0.0006744492,-0.000345175074,-0.000870480733,-0.000642884708
0.581,-3.02961803e-05,-5.07136384e-05,0.000339392619,0.000541456696,0.000640346892,0.000682112342,0.000625734158,4.77597991e-05,6.35862582e-05,9.95467009e-05,-0.000661005254,-0.000340225621,-0.000861189998,-0.000637185163
0.582,-3.03684277e-05,-4.90441055e-05,0.000342420032,0.000527914338,0.000631503706,0.000676324426,0.00062047073,4.71597095e-05,6.29585728e-05,9.726022e-05,-0.00064771906,-0.000335297444,-0.000851985024,-0.000631536436
0.583,-3.04375833e-05,-4.73752591e-05,0.00034532595,0.000514512373,0.000622781909,0.000670571342,0.00061524812,4.65760043e-05,6.23110642e-05,9.48881684e-05,-0.000634588719,-0.00033039099,-0.000842864789,-0.000625937691
0.584,-3.05029772e-05,-4.57074939e-05,0.000348107531,0.000501250884,0.000614180085,0.000664852926,0.000610065886,4.60085584e-05,6.16444274e-05,9.24337072e-05,-0.000621612465,-0.00032550685,-0.000833828365,-0.00062038809
0.585,-3.05639622e-05,-4.40413863e-05,0.000350761958,0.000488130042,0.000605697094,0.00065916918,0.000604923642,4.54572102e-05,6.09592546e-05,8.99001451e-05,-0.000608788644,-0.00032064581,-0.000824874898,-0.000614886846
0.586,-3.06199114e-05,-4.23776707e-05,0.000353286461,0.000475150131,0.000597331989,0.000653520196,0.000599821053,4.49217644e-05,6.02560602e-05,8.72909444e-05,-0.000596115703,-0.000315808816,-0.000816003568,-0.00060943325
0.587,-3.06702201e-05,-4.07171887e-05,0.000355678331,0.000462311585,0.000589083894,0.00064790606,0.000594757816,4.44019976e-05,5.95353355e-05,8.46097072e-05,-0.000583592187,-0.000310996907,-0.000807213571,-0.000604026663
0.588,-3.0714302e-05,-3.90608591e-05,0.000357934932,0.000449614997,0.000580951967,0.000642326832,0.000589733649,4.38976626e-05,5.87975699e-05,8.18601699e-05,-0.000571216735,-0.000306211173,-0.0007985041,-0.000598666506
0.589,-3.07515892e-05,-3.74096598e-05,0.000360053723,0.000437061126,0.000572935403,0.00063678256,0.000584748282,4.34084885e-05,5.80432577e-05,7.90461912e-05,-0.000558988078,-0.000301452729,-0.000789874371,-0.000593352227
0.59,-3.07815344e-05,-3.57646066e-05,0.000362032273,0.000424650902,0.000565033446,0.0006312733,0.000579801431,4.29341795e-05,5.72729077e-05,7.61717339e-05,-0.000546905055,-0.000296722705,-0.000781323638,-0.00058808325
0.591,-3.08036114e-05,-3.41267257e-05,0.00036386827,0.00041238542,0.000557245366,0.000625799095,0.000574892777,4.2474415e-05,5.64870552e-05,7.32408645e-05,-0.000534966607,-0.000292022225,-0.000772851195,-0.000582858952
0.592,-3.08173128e-05,-3.24970081e-05,0.000365559511,0.000400265945,0.000549570387,0.000620359929,0.000570021954,4.20288559e-05,5.56862901e-05,7.02577489e-05,-0.000523171796,-0.000287352349,-0.000764456348,-0.00057767865
0.593,-3.08221515e-05,-3.08763617e-05,0.000367103902,0.000388293921,0.000542007586,0.000614955634,0.000565188538,4.15971524e-05,5.48712933e-05,6.72266409e-05,-0.000511519781,-0.000282714023,-0.00075613839,-0.000572541624
0.594,-3.08176576e-05,-2.92656154e-05,0.000368499448,0.000376470945,0.000534555854,0.000609585875,0.000560392075,4.11789468e-05,5.40428315e-05,6.41518971e-05,-0.000500009798,-0.000278108048,-0.000747896565,-0.000567447167
0.595,-3.08033771e-05,-2.7665572e-05,0.000369744263,0.000364798708,0.000527213972,0.000604250216,0.000555632131,4.07738706e-05,5.32017084e-05,6.10379919e-05,-0.000488641128,-0.000273535136,-0.000739730063,-0.000562394633
0.596,-3.07788773e-05,-2.60770589e-05,0.000370836602,0.000353278979,0.00051998069,0.000598948188,0.00055090831,4.03815373e-05,5.23487285e-05,5.78895191e-05,-0.000477413094,-0.000268995959,-0.00073163804,-0.000557383445
0.597,-3.07437563e-05,-2.45009556e-05,0.000371774907,0.000341913604,0.000512854756,0.000593679311,0.000546220242,4.00015364e-05,5.14846832e-05,5.47111796e-05,-0.000466325062,-0.000264491204,-0.000723619642,-0.000552413074
0.598,-3.06976571e-05,-2.29381923e-05,0.000372557863,0.000330704539,0.000505834952,0.000588443108,0.000541567544,3.96334318e-05,5.06103544e-05,5.15077441e-05,-0.00045537646,-0.000260021608,-0.000715674042,-0.00054748297
0.599,-3.06402805e-05,-2.13897353e-05,0.000373184448,0.000319653872,0.000498920107,0.000583239117,0.000536949788,3.92767635e-05,4.97265259e-05,4.82840124e-05,-0.000444566796,-0.000255587975,-0.000707800484,-0.000542592524
0.6,-3.05713941e-05,-1.98565932e-05,0.000373653961,0.000308763818,0.000492109116,0.000578066907,0.000532366508,3.89310495e-05,4.88339797e-05,4.50447936e-05,-0.000433895632,-0.000251191197,-0.000699998298,-0.000537741073
0.601,-3.0490833e-05,-1.8339847e-05,0.000373966042,0.000298036681,0.000485400996,0.000572926132,0.000527817235,3.85957861e-05,4.79334661e-05,4.17948908e-05,-0.000423362557,-0.000246832275,-0.000692266903,-0.000532927933
0.602,-3.03984827e-05,-1.68406727e-05,0.000374120683,0.000287474811,0.000478794882,0.000567816553,0.000523301558,3.82704465e-05,4.70256688e-05,3.85390994e-05,-0.000412967141,-0.000242512321,-0.000684605757,-0.000528152484
0.603,-3.02942565e-05,-1.53603153e-05,0.000374118207,0.000277080597,0.000472289936,0.00056273796,0.000518819147,3.79544802e-05,4.61112198e-05,3.52822123e-05,-0.000402708946,-0.000238232507,-0.000677014299,-0.000523414222
0.604,-3.0178086e-05,-1.39000388e-05,0.00037395925,0.000266856475,0.000465885246,0.000557690098,0.000514369731,3.76473215e-05,4.51907338e-05,3.20289988e-05,-0.000392587543,-0.000233994005,-0.000669491924,-0.000518712756
0.605,-3.0049927e-05,-1.24610998e-05,0.000373644738,0.000256804913,0.000459579782,0.000552672637,0.000509953083,3.73484007e-05,4.42648327e-05,2.87841753e-05,-0.000382602533,-0.000229797921,-0.000662037978,-0.00051404778
0.606,-2.99098282e-05,-1.10447584e-05,0.000373175839,0.000246928347,0.000453372408,0.000547685236,0.00050556899,3.70571778e-05,4.3334202e-05,2.555238e-05,-0.00037275351,-0.000225645234,-0.000654651858,-0.000509418992
0.607,-2.97580086e-05,-9.65230538e-06,0.000372553895,0.000237229086,0.000447261943,0.000542727629,0.000501217219,3.67731737e-05,4.23996334e-05,2.23381673e-05,-0.000363039998,-0.000221536758,-0.000647333133,-0.000504826006
0.608,-2.95948678e-05,-8.2850516e-06,0.000371780388,0.000227709284,0.000441247197,0.00053779965,0.000496897514,3.64959745e-05,4.14620169e-05,1.9146018e-05,-0.000353461432,-0.000217473141,-0.000640081553,-0.000500268339
0.609,-2.94209482e-05,-6.94425183e-06,0.000370856914,0.000218370968,0.000435326928,0.000532901166,0.000492609576,3.62252194e-05,4.05223391e-05,1.59803604e-05,-0.000344017147,-0.000213454871,-0.00063289702,-0.000495745407
0.61,-2.92367669e-05,-5.63095672e-06,0.000369785284,0.000209216224,0.000429499742,0.000528031872,0.000488353038,3.59605324e-05,3.95815967e-05,1.2845568e-05,-0.000334706502,-0.000209482358,-0.000625779373,-0.000491256606
0.611,-2.90426087e-05,-4.345915e-06,0.00036856769,0.000200247406,0.000423764049,0.000523191128,0.000484127485,3.57014312e-05,3.86406546e-05,9.74594426e-06,-0.000325529051,-0.000205556067,-0.000618728122,-0.000486801429
0.612,-2.88384744e-05,-3.08960908e-06,0.00036720679,0.000191467167,0.000418118093,0.00051837799,0.000479932494,3.54472968e-05,3.77001935e-05,6.68572335e-06,-0.00031648459,-0.000201676604,-0.000611742397,-0.000482379516
0.613,-2.86241329e-05,-1.86236846e-06,0.000365705755,0.000182878392,0.00041256002,0.000513591313,0.000475767669,3.51973859e-05,3.67607058e-05,3.66902708e-06,-0.000307573126,-0.000197844736,-0.000604821004,-0.000477990655
0.614,-2.83993273e-05,-6.645499e-07,0.000364068171,0.000174483962,0.000407087976,0.000508829981,0.000471632657,3.49509173e-05,3.58225959e-05,6.99835782e-07,-0.000298794715,-0.000194061322,-0.000597962673,-0.000473634701
0.615,-2.81640478e-05,5.03317325e-07,0.000362297814,0.000166286428,0.000401700204,0.00050409314,0.00046752713,3.47071973e-05,3.48863548e-05,-2.21801778e-06,-0.000290149236,-0.000190327173,-0.000591166424,-0.000469311427
0.616,-2.79186308e-05,1.64051788e-06,0.000360398535,0.000158287882,0.000396395061,0.000499380241,0.000463450754,3.44656779e-05,3.39526307e-05,-5.08089165e-06,-0.000281636326,-0.000186642985,-0.000584431685,-0.000465020468
0.617,-2.76637302e-05,2.74619606e-06,0.000358374248,0.000150489953,0.000391171018,0.000494691016,0.000459403186,3.42259565e-05,3.30222121e-05,-7.88536812e-06,-0.000273255402,-0.000183009333,-0.000577758254,-0.000460761323
0.618,-2.74001919e-05,3.81942997e-06,0.000356228975,0.000142893889,0.000386026622,0.000490025394,0.000455384118,3.39877286e-05,3.2095948e-05,-1.06282694e-05,-0.000265005735,-0.000179426714,-0.000571146143,-0.000456533458
0.619,-2.71288685e-05,4.8593313e-06,0.000353966973,0.000135500733,0.000380960378,0.00048538334,0.000451393331,3.37507097e-05,3.11746413e-05,-1.33066776e-05,-0.000256886579,-0.000175895581,-0.000564595324,-0.000452336444
0.62,-2.68505283e-05,5.86512094e-06,0.000351592761,0.000128311412,0.000375970652,0.000480764743,0.000447430706,3.35145966e-05,3.0259015e-05,-1.59179287e-05,-0.000248897209,-0.00017241633,-0.000558105618,-0.000448170012
0.621,-2.65658451e-05,6.83617588e-06,0.000349111087,0.000121326758,0.000371055621,0.000476169371,0.0004434962,3.32790662e-05,2.9349725e-05,-1.8459594e-05,-0.0002410369,-0.000168989258,-0.000551676688,-0.000444034036
0.622,-2.62754147e-05,7.77206604e-06,0.000346526886,0.000114547515,0.000366213276,0.000471596849,0.000439589772,3.30437844e-05,2.8447379e-05,-2.09294807e-05,-0.000233304919,-0.000165614537,-0.000545308075,-0.000439928448
0.623,-2.59797921e-05,8.67255755e-06,0.000343845244,0.000107974319,0.000361441513,0.000467046703,0.000435711308,3.28084224e-05,2.75525476e-05,-2.33256319e-05,-0.000225700529,-0.000162292254,-0.00053899927,-0.000435853126
0.624,-2.56795153e-05,9.53757726e-06,0.000341071381,0.00010160767,0.000356738216,0.000462518421,0.000431860592,3.25726634e-05,2.66657561e-05,-2.5646324e-05,-0.000218222984,-0.000159022441,-0.000532749741,-0.000431807846
0.625,-2.53751113e-05,1.03671846e-05,0.000338210634,9.54479143e-05,0.000352101276,0.000458011476,0.000428037326,3.23362055e-05,2.57874805e-05,-2.78900724e-05,-0.000210871537,-0.000155805098,-0.000526558937,-0.000427792291
0.626,-2.50671094e-05,1.11615437e-05,0.000335268406,8.94952035e-05,0.000347528562,0.000453525322,0.000424241163,3.20987704e-05,2.49181672e-05,-3.00556282e-05,-0.000203645414,-0.000152640156,-0.000520426308,-0.000423806101
0.627,-2.47560634e-05,1.19208742e-05,0.000332250095,8.37494236e-05,0.000343017875,0.000449059423,0.000420471796,3.18601159e-05,2.40582538e-05,-3.21419611e-05,-0.000196543751,-0.000149527433,-0.000514351322,-0.000419848961
0.628,-2.4442563e-05,1.26454083e-05,0.000329161065,7.82101519e-05,0.000338566952,0.000444613292,0.000416729008,3.16200427e-05,2.3208174e-05,-3.41482566e-05,-0.000189565572,-0.000146466629,-0.000508333485,-0.000415920649
0.629,-2.41272368e-05,1.3335358e-05,0.000326006655,7.28766499e-05,0.000334173525,0.000440186542,0.00041301269,3.13783929e-05,2.23683473e-05,-3.60739168e-05,-0.000182709783,-0.000143457375,-0.000502372351,-0.000412021046
0.63,-2.38107356e-05,1.39909065e-05,0.000322792227,6.77479031e-05,0.000329835379,0.000435778918,0.000409322821,3.11350388e-05,2.15391525e-05,-3.79185673e-05,-0.00017597521,-0.00014049931,-0.000496467503,-0.000408150092
0.631,-2.34936963e-05,1.46122534e-05,0.00031952321,6.28227138e-05,0.000325550407,0.00043139026,0.000405659385,3.08898674e-05,2.07209054e-05,-3.96820784e-05,-0.00016936068,-0.000137592151,-0.00049061853,-0.000404307718
0.632,-2.31767175e-05,1.51996694e-05,0.000316205101,5.80997623e-05,0.000321316593,0.00042702045,0.000402022313,3.06427727e-05,1.99138618e-05,-4.13645675e-05,-0.00016286505,-0.000134735699,-0.000484825007,-0.000400493795
0.633,-2.28603534e-05,1.57535147e-05,0.000312843416,5.35776161e-05,0.000317131991,0.000422669374,0.000398411473,3.03936568e-05,1.91182267e-05,-4.29663852e-05,-0.00015648722,-0.000131929802,-0.000479086495,-0.000396708141
0.634,-2.25451299e-05,1.62742154e-05,0.000309443622,4.92546843e-05,0.000312994691,0.000418336939,0.000394826713,3.01424393e-05,1.83341689e-05,-4.4488088e-05,-0.000150226092,-0.000129174298,-0.000473402549,-0.000392950555
0.635,-2.22315743e-05,1.67622223e-05,0.000306011041,4.51291435e-05,0.000308902775,0.0004140231,0.000391267936,2.98890716e-05,1.75618437e-05,-4.59304007e-05,-0.00014408051,-0.000126468929,-0.00046777274,-0.000389220884
0.636,-2.19202248e-05,1.7217999e-05,0.000302550798,4.11989156e-05,0.000304854286,0.000409727849,0.000387735123,2.96335424e-05,1.68014013e-05,-4.72941933e-05,-0.00013804924,-0.000123813301,-0.000462196648,-0.000385519046
0.637,-2.16116193e-05,1.76420473e-05,0.000299067795,3.7461696e-05,0.000300847211,0.000405451178,0.000384228304,2.93758734e-05,1.60529876e-05,-4.85804641e-05,-0.000132130988,-0.000121206862,-0.000456673853,-0.000381845008
0.638,-2.13062676e-05,1.80349561e-05,0.000295566722,3.39150268e-05,0.000296879487,0.00040119301,0.000380747488,2.91161051e-05,1.53167362e-05,-4.97903324e-05,-0.000126324449,-0.000118648935,-0.000451203914,-0.000378198742
0.639,-2.10046211e-05,1.8397422e-05,0.00029205211,3.05563762e-05,0.000292949054,0.000396953187,0.0003772926,2.88542802e-05,1.4592747e-05,-5.09250404e-05,-0.000120628374,-0.000116138786,-0.000445786342,-0.00037458016
0.64,-2.07070694e-05,1.87302226e-05,0.000288528372,2.73831611e-05,0.000289053907,0.000392731508,0.000373863483,2.8590436e-05,1.38810731e-05,-5.19859434e-05,-0.00011504159,-0.000113675688,-0.000440420599,-0.000370989107
0.641,-2.04139514e-05,1.90341766e-05,0.00028499981,2.43927372e-05,0.000285192123,0.00038852778,0.000370459929,2.83246068e-05,1.3181725e-05,-5.29745004e-05,-0.000109562995,-0.000111258951,-0.000435106118,-0.000367425375
0.642,-2.01255814e-05,1.93101043e-05,0.000281470586,2.15823556e-05,0.000281361862,0.00038434185,0.000367081724,2.80568345e-05,1.24946886e-05,-5.38922562e-05,-0.000104191524,-0.000108887914,-0.000429842328,-0.000363888746
0.643,-1.98422763e-05,1.95587971e-05,0.000277944671,1.89491146e-05,0.000277561334,0.000380173626,0.000363728707,2.77871831e-05,1.18199462e-05,-5.47408284e-05,-9.89260875e-05,-0.000106561904,-0.000424628684,-0.000360379044
0.644,-1.95643645e-05,1.97810113e-05,0.000274425826,1.64899513e-05,0.000273788792,0.000376023083,0.000360400782,2.75157435e-05,1.11574862e-05,-5.55219055e-05,-9.37655651e-05,-0.000104280219,-0.000419464684,-0.000356896145
0.645,-1.92921838e-05,1.9977461e-05,0.000270917613,1.42016555e-05,0.000270042543,0.000371890273,0.000357097921,2.72426317e-05,1.05072985e-05,-5.62372451e-05,-8.87088066e-05,-0.000102042149,-0.000414349857,-0.000353439981
0.646,-1.90260649e-05,2.01488238e-05,0.000267423441,1.20809177e-05,0.000266320974,0.000367775323,0.000353820139,2.69679791e-05,9.86935934e-06,-5.68886762e-05,-8.37546719e-05,-9.98470118e-05,-0.000409283744,-0.000350010503
0.647,-1.87663062e-05,2.02957707e-05,0.000263946599,1.0124391e-05,0.000262622566,0.000363678404,0.000350567433,2.66919205e-05,9.24362046e-06,-5.74781001e-05,-7.89020767e-05,-9.7694187e-05,-0.000404265876,-0.000346607641
0.648,-1.85131625e-05,2.04189919e-05,0.000260490257,8.32872195e-06,0.000258945882,0.000359599692,0.000347339762,2.64145888e-05,8.6300093e-06,-5.80074745e-05,-7.41500044e-05,-9.55831009e-05,-0.000399295766,-0.000343231286
0.649,-1.82668445e-05,2.05192057e-05,0.000257057438,6.69055581e-06,0.000255289552,0.00035553934,0.000344137035,2.61361142e-05,8.02843378e-06,-5.84787958e-05,-6.94975001e-05,-9.35132018e-05,-0.000394372909,-0.000339881292
0.65,-1.80275364e-05,2.05971466e-05,0.000253650977,5.20650989e-06,0.000251652248,0.000351497486,0.00034095914,2.58566303e-05,7.43879371e-06,-5.88940747e-05,-6.49436376e-05,-9.14839158e-05,-0.000389496792,-0.000336557501
0.651,-1.77954144e-05,2.0653543e-05,0.000250273495,3.8731419e-06,0.000248032659,0.000347474261,0.000337805985,2.55762812e-05,6.86098955e-06,-5.9255317e-05,-6.0487485e-05,-8.94946116e-05,-0.000384666909,-0.000333259769
0.652,-1.75706515e-05,2.06891108e-05,0.000246927387,2.68695211e-06,0.00024442949,0.000343469801,0.000334677502,2.52952208e-05,6.29492294e-06,-5.95645149e-05,-5.61281029e-05,-8.75445921e-05,-0.000379882749,-0.000329987973
0.653,-1.73534096e-05,2.07045687e-05,0.000243614834,1.64440431e-06,0.000240841461,0.00033948421,0.000331573627,2.50136081e-05,5.74049679e-06,-5.98236344e-05,-5.18645587e-05,-8.56331024e-05,-0.000375143799,-0.000326741997
0.654,-1.71438226e-05,2.07006568e-05,0.000240337832,7.41967424e-07,0.000237267318,0.000335517543,0.000328494254,2.4731597e-05,5.19760945e-06,-6.00346126e-05,-4.76959617e-05,-8.37593622e-05,-0.000370449535,-0.000323521705
0.655,-1.69419861e-05,2.06781322e-05,0.000237098238,-2.38584744e-08,0.000233705867,0.000331569809,0.000325439226,2.44493316e-05,4.66614844e-06,-6.01993628e-05,-4.36214891e-05,-8.19226075e-05,-0.000365799408,-0.000320326928
0.656,-1.67479637e-05,2.06377459e-05,0.000233897793,-6.56546403e-07,0.000230155985,0.000327641017,0.000322408357,2.41669493e-05,4.14599184e-06,-6.03197808e-05,-3.96403856e-05,-8.01221169e-05,-0.000361192856,-0.000317157473
0.657,-1.6561799e-05,2.05802187e-05,0.000230738137,-1.15955939e-06,0.000226616633,0.000323731213,0.000319401464,2.38845877e-05,3.63701421e-06,-6.03977516e-05,-3.57519532e-05,-7.83572245e-05,-0.000356629312,-0.000314013135
0.658,-1.63835335e-05,2.05062264e-05,0.000227620787,-1.53637821e-06,0.000223086849,0.000319840508,0.000316418395,2.36023927e-05,3.13909664e-06,-6.04351469e-05,-3.19555268e-05,-7.66273085e-05,-0.000352108222,-0.000310893717
0.659,-1.62132142e-05,2.04164057e-05,0.000224547116,-1.7905135e-06,0.000219565741,0.000315969063,0.000313459036,2.33205221e-05,2.65213482e-06,-6.04338184e-05,-2.82504601e-05,-7.49317738e-05,-0.00034762906,-0.000307799042
0.66,-1.6050892e-05,2.03113633e-05,0.000221518348,-1.92549987e-06,0.000216052475,0.000312117081,0.000310523299,2.30391437e-05,2.17604006e-06,-6.03955923e-05,-2.463613e-05,-7.32700447e-05,-0.000343191328,-0.000304728944
0.661,-1.58966154e-05,2.0191679e-05,0.000218535583,-1.94488203e-06,0.000212546267,0.000308284791,0.000307611114,2.27584312e-05,1.71073503e-06,-6.03222634e-05,-2.11119481e-05,-7.16415694e-05,-0.000338794537,-0.000301683266
0.662,-1.5750417e-05,2.00579126e-05,0.000215599815,-1.85219256e-06,0.000209046383,0.000304472429,0.000304722413,2.24785578e-05,1.25614816e-06,-6.02155936e-05,-1.7677382e-05,-7.00458238e-05,-0.000334438189,-0.000298661851
0.663,-1.5612305e-05,1.9910615e-05,0.000212711953,-1.65093868e-06,0.000205552124,0.000300680218,0.000301857119,2.21996918e-05,8.12211106e-07,-6.00773047e-05,-1.43319635e-05,-6.84823047e-05,-0.000330121762,-0.000295664533
0.664,-1.54822613e-05,1.9750339e-05,0.000209872811,-1.34459983e-06,0.000202062828,0.000296908351,0.00029901513,2.19219951e-05,3.78859323e-07,-5.99090685e-05,-1.10752859e-05,-6.69505185e-05,-0.000325844719,-0.000292691134
0.665,-1.53602476e-05,1.95776466e-05,0.000207083094,-9.36635651e-07,0.00019857787,0.000293156981,0.000296196312,2.1645623e-05,-4.39647733e-08,-5.97124959e-05,-7.90699213e-06,-6.54499735e-05,-0.000321606511,-0.000289741457
0.666,-1.52462171e-05,1.93931055e-05,0.00020434339,-4.30503098e-07,0.000195096673,0.00028942624,0.000293400512,2.13707283e-05,-4.56308709e-07,-5.94891326e-05,-4.82676002e-06,-6.39801802e-05,-0.0003174066,-0.000286815284
0.667,-1.51401209e-05,1.91972793e-05,0.000201654176,1.70332889e-07,0.000191618711,0.000285716263,0.000290627568,2.10974631e-05,-8.58209537e-07,-5.92404631e-05,-1.83429571e-06,-6.2540658e-05,-0.000313244457,-0.000283912382
0.668,-1.50419073e-05,1.89907247e-05,0.000199015823,8.62397135e-07,0.000188143515,0.000282027197,0.000287877314,2.08259789e-05,-1.24969394e-06,-5.89679152e-05,1.0706664e-06,-6.11309383e-05,-0.000309119567,-0.000281032506
0.669,-1.49515157e-05,1.8773991e-05,0.000196428613,1.64220903e-06,0.00018467066,0.000278359189,0.000285149583,2.05564257e-05,-1.63078003e-06,-5.86728661e-05,3.88835838e-06,-5.9750562e-05,-0.000305031414,-0.000278175409
0.67,-1.48688691e-05,1.85476169e-05,0.000193892759,2.50628742e-06,0.000181199766,0.000274712379,0.000282444213,2.02889505e-05,-2.00147956e-06,-5.83566503e-05,6.61897389e-06,-5.8399076e-05,-0.000300979477,-0.000275340856
0.671,-1.47938737e-05,1.83121262e-05,0.000191408412,3.45114916e-06,0.000177730491,0.000271086913,0.000279761048,2.00236987e-05,-2.36179758e-06,-5.80205695e-05,9.26267029e-06,-5.70760353e-05,-0.000296963217,-0.000272528626
0.672,-1.47264223e-05,1.80680225e-05,0.000188975664,4.4733043e-06,0.000174262553,0.000267482958,0.000277099954,1.97608163e-05,-2.7117324e-06,-5.76659023e-05,1.18195726e-05,-5.57810106e-05,-0.000292982092,-0.00026973851
0.673,-1.46664021e-05,1.78157922e-05,0.00018659455,5.56924786e-06,0.000170795741,0.000263900725,0.000274460805,1.95004534e-05,-3.05127486e-06,-5.72939067e-05,1.42897785e-05,-5.45136065e-05,-0.000289035565,-0.000266970291
0.674,-1.46136976e-05,1.75559161e-05,0.000184265031,6.73545407e-06,0.000167329937,0.000260340471,0.000271843474,1.92427639e-05,-3.38040705e-06,-5.69058137e-05,1.66733616e-05,-5.327347e-05,-0.000285123126,-0.000264223732
0.675,-1.45681898e-05,1.7288876e-05,0.000181986998,7.96837343e-06,0.000163865114,0.000256802489,0.000269247823,1.89879036e-05,-3.69910204e-06,-5.65028209e-05,1.89703714e-05,-5.20602863e-05,-0.00028124429,-0.00026149857
0.676,-1.45297535e-05,1.70151523e-05,0.00017976027,9.26442832e-06,0.000160401315,0.000253287091,0.000266673707,1.87360282e-05,-4.00732388e-06,-5.60860879e-05,2.11808345e-05,-5.08737624e-05,-0.000277398583,-0.000258794533
0.677,-1.44982515e-05,1.67352171e-05,0.000177584609,1.06200066e-05,0.000156938625,0.000249794592,0.000264120996,1.84872918e-05,-4.30502746e-06,-5.56567353e-05,2.33047558e-05,-4.97135976e-05,-0.000273585518,-0.000256111369
0.678,-1.44735312e-05,1.64495326e-05,0.000175459721,1.20314563e-05,0.00015347716,0.000246325294,0.000261589582,1.82418461e-05,-4.5921588e-06,-5.52158442e-05,2.53421208e-05,-4.85794655e-05,-0.000269804584,-0.000253448854
0.679,-1.44554231e-05,1.61585582e-05,0.000173385251,1.34950825e-05,0.000150017073,0.000242879481,0.000259079366,1.79998388e-05,-4.86865633e-06,-5.47644525e-05,2.72928991e-05,-4.74710128e-05,-0.000266055246,-0.000250806789
0.68,-1.44437424e-05,1.58627657e-05,0.000171360783,1.5007147e-05,0.000146558591,0.000239457428,0.000256590234,1.77614128e-05,-5.13445286e-06,-5.43035511e-05,2.91570455e-05,-4.63878839e-05,-0.000262336968,-0.000248184965
0.681,-1.44382924e-05,1.55626489e-05,0.000169385842,1.65638661e-05,0.000143102058,0.000236059423,0.000254122029,1.75267059e-05,-5.38947811e-06,-5.38340841e-05,3.09345026e-05,-4.53297569e-05,-0.000258649236,-0.00024558313
0.682,-1.44388668e-05,1.5258721e-05,0.000167459894,1.81614034e-05,0.000139647943,0.000232685789,0.00025167456,1.72958526e-05,-5.63366025e-06,-5.33569554e-05,3.2625208e-05,-4.42963566e-05,-0.000254991568,-0.000243000988
0.683,-1.44452503e-05,1.49515061e-05,0.000165582349,1.97958664e-05,0.000136196836,0.000229336893,0.000249247615,1.70689852e-05,-5.8669266e-06,-5.28730389e-05,3.42291042e-05,-4.32874413e-05,-0.000251363504,-0.000240438216
0.684,-1.4457217e-05,1.46415218e-05,0.000163752561,2.14632995e-05,0.000132749414,0.000226013136,0.000246841004,1.68462351e-05,-6.08920318e-06,-5.23831881e-05,3.57461543e-05,-4.23027575e-05,-0.000247764586,-0.000237894511
0.685,-1.44745284e-05,1.43292685e-05,0.000161969821,2.31596812e-05,0.000129306412,0.000222714929,0.000244454575,1.66277326e-05,-6.30041522e-06,-5.18882432e-05,3.71763553e-05,-4.13420007e-05,-0.000244194339,-0.000235369625
0.686,-1.44969332e-05,1.40152278e-05,0.000160233363,2.48809288e-05,0.000125868632,0.000219442692,0.00024208822,1.6413607e-05,-6.50048969e-06,-5.13890347e-05,3.85197472e-05,-4.04048088e-05,-0.000240652268,-0.000232863365
0.687,-1.45241681e-05,1.36998705e-05,0.000158542356,2.66229093e-05,0.000122436972,0.000216196866,0.000239741845,1.62039856e-05,-6.6893601e-06,-5.0886386e-05,3.9776418e-05,-3.94907844e-05,-0.000237137874,-0.000230375565
0.688,-1.45559583e-05,1.33836736e-05,0.000156895921,2.83814563e-05,0.000119012475,0.000212977931,0.000237415334,1.59989924e-05,-6.8669722e-06,-5.03811108e-05,4.09465043e-05,-3.85995431e-05,-0.000233650679,-0.000227906034
0.689,-1.45920184e-05,1.30671323e-05,0.000155293122,3.01523806e-05,0.000115596355,0.000209786417,0.00023510852,1.57987454e-05,-7.03328744e-06,-4.98740072e-05,4.20301967e-05,-3.7730734e-05,-0.000230190244,-0.000225454525
0.69,-1.4632052e-05,1.2750758e-05,0.000153732972,3.19314751e-05,0.000112189992,0.000206622897,0.000232821191,1.5603355e-05,-7.188284e-06,-4.93658544e-05,4.30277508e-05,-3.68840277e-05,-0.000226756173,-0.000223020753
0.691,-1.46757539e-05,1.24350613e-05,0.000152214426,3.37145153e-05,0.000108794887,0.000203487963,0.000230553127,1.54129238e-05,-7.33195552e-06,-4.88574139e-05,4.39395035e-05,-3.60590638e-05,-0.000223348082,-0.000220604434
0.692,-1.47228099e-05,1.21205308e-05,0.00015073638,3.54972589e-05,0.000105412618,0.000200382196,0.000228304138,1.52275478e-05,-7.46430961e-06,-4.8349437e-05,4.47658902e-05,-3.52553885e-05,-0.000219965569,-0.00021820535
0.693,-1.47728981e-05,1.18076257e-05,0.000149297664,3.72754539e-05,0.000102044833,0.000197306158,0.000226074078,1.50473158e-05,-7.58536873e-06,-4.78426663e-05,4.55074551e-05,-3.44724388e-05,-0.000216608209,-0.000215823355
0.694,-1.48256889e-05,1.14967833e-05,0.000147897049,3.90448522e-05,9.86932693e-05,0.000194260395,0.000223862819,1.48723086e-05,-7.69517363e-06,-4.73378334e-05,4.61648554e-05,-3.37095608e-05,-0.000213275565,-0.000213458358
0.695,-1.48808471e-05,1.11884372e-05,0.000146533248,4.08012296e-05,9.53598069e-05,0.000191245462,0.000221670208,1.47025967e-05,-7.79378832e-06,-4.68356499e-05,4.67388624e-05,-3.29660699e-05,-0.000209967227,-0.000211110255
0.696,-1.49380343e-05,1.08830302e-05,0.000145204928,4.25404023e-05,9.20465001e-05,0.000188261948,0.00021949603,1.45382395e-05,-7.8813042e-06,-4.6336801e-05,4.72303654e-05,-3.22412944e-05,-0.000206682837,-0.000208778894
0.697,-1.49969099e-05,1.05810107e-05,0.000143910711,4.42582395e-05,8.87555703e-05,0.000185310484,0.000217340016,1.43792842e-05,-7.95784144e-06,-4.58419462e-05,4.76403813e-05,-3.15345756e-05,-0.000203422097,-0.000206464078
0.698,-1.50571271e-05,1.02828215e-05,0.000142649187,4.59506809e-05,8.548937e-05,0.000182391715,0.000215201871,1.42257647e-05,-8.02354916e-06,-4.53517281e-05,4.79700611e-05,-3.08452335e-05,-0.000200184746,-0.000204165602
0.699,-1.51183253e-05,9.98888563e-06,0.00014141892,4.76137627e-05,8.22503341e-05,0.00017950626,0.000213081309,1.40776986e-05,-8.07860513e-06,-4.48667871e-05,4.82206895e-05,-3.01725148e-05,-0.000196970526,-0.000201883313
0.7,-1.51801281e-05,9.6995977e-06,0.000140218447,4.92436423e-05,7.90409558e-05,0.00017665468,0.000210978066,1.39350867e-05,-8.12321506e-06,-4.43877681e-05,4.83936828e-05,-2.9515573e-05,-0.000193779168,-0.000199617123
0.701,-1.52421546e-05,9.41531515e-06,0.000139046275,5.08366099e-05,7.58637789e-05,0.000173837475,0.000208891891,1.37979166e-05,-8.15761054e-06,-4.39153151e-05,4.84905941e-05,-2.887347e-05,-0.000190610398,-0.000197367008
0.702,-1.53040591e-05,9.13632919e-06,0.000137900829,5.2389054e-05,7.2721389e-05,0.000171055126,0.000206822563,1.36661751e-05,-8.18204107e-06,-4.34500378e-05,4.85131591e-05,-2.82451731e-05,-0.000187463955,-0.000195132993
0.703,-1.53655684e-05,8.86283989e-06,0.000136780423,5.38974284e-05,6.96164048e-05,0.000168308143,0.0002047699,1.35398588e-05,-8.19676794e-06,-4.29924771e-05,4.84633452e-05,-2.76295525e-05,-0.000184339629,-0.000192915157
0.704,-1.54264835e-05,8.59495714e-06,0.00013568327,5.53582635e-05,6.65514763e-05,0.000165597079,0.000202733767,1.34189711e-05,-8.20206711e-06,-4.2543094e-05,4.83433707e-05,-2.70253865e-05,-0.000181237267,-0.000190713626
0.705,-1.54866275e-05,8.33275795e-06,0.00013460757,5.67682631e-05,6.35293202e-05,0.000162922489,0.000200714012,1.33034996e-05,-8.19824632e-06,-4.21022979e-05,4.8155655e-05,-2.6431426e-05,-0.000178156776,-0.00018852854
0.706,-1.55457414e-05,8.07639531e-06,0.000133551661,5.81244788e-05,6.05527884e-05,0.000160284835,0.000198710353,1.31933788e-05,-8.18567283e-06,-4.16705145e-05,4.79026932e-05,-2.58465169e-05,-0.000175098118,-0.000186359968
0.707,-1.56034324e-05,7.82615383e-06,0.000132514093,5.94244057e-05,5.76248873e-05,0.000157684425,0.00019672232,1.30884715e-05,-8.16478452e-06,-4.124822e-05,4.75869878e-05,-2.52696647e-05,-0.000172061306,-0.000184207858
0.708,-1.56591994e-05,7.58242286e-06,0.000131493589,6.06659652e-05,5.47487287e-05,0.000155121411,0.000194749289,1.29885809e-05,-8.13607817e-06,-4.08359285e-05,4.72110574e-05,-2.47000117e-05,-0.000169046396,-0.00018207206
0.709,-1.57125518e-05,7.3455659e-06,0.000130488893,6.18473423e-05,5.19273961e-05,0.000152595858,0.00019279062,1.28934939e-05,-8.10007264e-06,-4.04341159e-05,4.67775562e-05,-2.41366961e-05,-0.00016605348,-0.000179952425
0.71,-1.5763135e-05,7.11578169e-06,0.000129498606,6.29668142e-05,4.9163811e-05,0.000150107844,0.000190845804,1.28030258e-05,-8.05727133e-06,-4.00431378e-05,4.62893972e-05,-2.35787097e-05,-0.000163082683,-0.000177848922
0.711,-1.58107562e-05,6.89307439e-06,0.000128521174,6.40227271e-05,4.64606901e-05,0.000147657472,0.000188914484,1.27170304e-05,-8.00815114e-06,-3.96632147e-05,4.5749745e-05,-2.30248858e-05,-0.00016013416,-0.000175761657
0.712,-1.58553392e-05,6.67730233e-06,0.000127554956,6.50135765e-05,4.38205662e-05,0.000145244836,0.000186996406,1.26353836e-05,-7.95317044e-06,-3.929446e-05,4.516194e-05,-2.24739658e-05,-0.000157208093,-0.000173690839
0.713,-1.58968306e-05,6.46827766e-06,0.000126598363,6.59381636e-05,4.12458478e-05,0.000142869925,0.000185091324,1.25579519e-05,-7.89278953e-06,-3.89369452e-05,4.45293696e-05,-2.1924713e-05,-0.000154304684,-0.000171636711
0.714,-1.59351443e-05,6.26582754e-06,0.000125649938,6.67956864e-05,3.87388525e-05,0.000140532578,0.000183198949,1.2484573e-05,-7.82748301e-06,-3.85907369e-05,4.38554025e-05,-2.13759781e-05,-0.000151424151,-0.000169599507
0.715,-1.59701643e-05,6.0697967e-06,0.000124708357,6.7585737e-05,3.63018021e-05,0.000138232482,0.000181318958,1.24150562e-05,-7.75773939e-06,-3.82558905e-05,4.31433951e-05,-2.08267074e-05,-0.000148566724,-0.000167579444
0.716,-1.60017676e-05,5.88003541e-06,0.000123772407,6.83082562e-05,3.39368122e-05,0.000135969217,0.000179450984,1.23491907e-05,-7.68405668e-06,-3.79324261e-05,4.23967129e-05,-2.02759516e-05,-0.000145732673,-0.000165576706
0.717,-1.60298507e-05,5.69638639e-06,0.000122840969,6.8963479e-05,3.16458777e-05,0.000133742307,0.00017759462,1.22867545e-05,-7.60693641e-06,-3.76203033e-05,4.16187451e-05,-1.97228762e-05,-0.000142922324,-0.000163591422
0.718,-1.60543357e-05,5.51868111e-06,0.000121913,6.95519138e-05,2.94308542e-05,0.000131551234,0.000175749427,1.22275189e-05,-7.52687846e-06,-3.73194187e-05,4.08128859e-05,-1.91667636e-05,-0.000140136062,-0.000161623669
0.719,-1.6075173e-05,5.34672992e-06,0.000120987543,7.00743354e-05,2.72934286e-05,0.000129395428,0.000173914955,1.21712532e-05,-7.44437398e-06,-3.70296152e-05,3.9982509e-05,-1.8606993e-05,-0.00013737431,-0.000159673499
0.72,-1.60923461e-05,5.18030056e-06,0.000120063707,7.05317806e-05,2.523508e-05,0.000127274236,0.000172090799,1.21177295e-05,-7.35989529e-06,-3.67506962e-05,3.91309468e-05,-1.80429905e-05,-0.000134637492,-0.000157740991
0.721,-1.61058731e-05,5.01910813e-06,0.00011914067,7.09255422e-05,2.32570587e-05,0.000125186904,0.000170276621,1.20667264e-05,-7.27388856e-06,-3.64824325e-05,3.82614674e-05,-1.7474205e-05,-0.000131926008,-0.000155826276
0.722,-1.61158034e-05,4.86282427e-06,0.000118217678,7.12571531e-05,2.13603913e-05,0.000123132579,0.000168472136,1.20180288e-05,-7.18677188e-06,-3.6224563e-05,3.73772533e-05,-1.69001219e-05,-0.000129240228,-0.000153929523
0.723,-1.61222066e-05,4.7111082e-06,0.000117294067,7.15283669e-05,1.954591e-05,0.000121110332,0.000166677069,1.19714245e-05,-7.09893972e-06,-3.59767909e-05,3.64813766e-05,-1.63203178e-05,-0.000126580519,-0.000152050883
0.724,-1.61251588e-05,4.56363804e-06,0.000116369279,7.17411332e-05,1.781428e-05,0.00011911919,0.000164891111,1.19267001e-05,-7.01076888e-06,-3.57387828e-05,3.55767788e-05,-1.5734514e-05,-0.000123947264,-0.000150190439
0.725,-1.61247401e-05,4.42011881e-06,0.000115442863,7.18975723e-05,1.61660058e-05,0.000117158141,0.00016311391,1.18836418e-05,-6.92261898e-06,-3.55101725e-05,3.46662597e-05,-1.51425834e-05,-0.00012134087,-0.000148348195
0.726,-1.61210395e-05,4.28026963e-06,0.000114514463,7.19999501e-05,1.46014178e-05,0.000115226139,0.000161345103,1.18420397e-05,-6.83482746e-06,-3.52905674e-05,3.37524733e-05,-1.45445198e-05,-0.000118761747,-0.000146524109
0.727,-1.61141666e-05,4.14379523e-06,0.000113583791,7.20506542e-05,1.31206499e-05,0.000113322084,0.000159584363,1.18016944e-05,-6.74770066e-06,-3.50795559e-05,3.28379294e-05,-1.3940383e-05,-0.000116210281,-0.000144718144
0.728,-1.6104256e-05,4.01037072e-06,0.000112650614,7.20521738e-05,1.17236323e-05,0.00011144482,0.000157831426,1.17624218e-05,-6.66150875e-06,-3.48767149e-05,3.19249897e-05,-1.3330271e-05,-0.000113686814,-0.000142930294
0.729,-1.60914629e-05,3.879647e-06,0.000111714749,7.20070817e-05,1.04101043e-05,0.000109593145,0.000156086081,1.17240529e-05,-6.57648686e-06,-3.46816144e-05,3.10158598e-05,-1.27143275e-05,-0.000111191647,-0.000141160575
0.73,-1.60759512e-05,3.75127647e-06,0.000110776076,7.19180147e-05,9.17964438e-06,0.000107765831,0.000154348136,1.16864296e-05,-6.49284195e-06,-3.44938199e-05,3.01125787e-05,-1.20927784e-05,-0.000108725059,-0.000139408982
0.731,-1.60578818e-05,3.62493923e-06,0.000109834551,7.17876525e-05,8.03169605e-06,0.000105961654,0.000152617384,1.16494003e-05,-6.4107597e-06,-3.43128934e-05,2.92170114e-05,-1.14659634e-05,-0.000106287327,-0.000137675455
0.732,-1.603741e-05,3.50034844e-06,0.000108890199,7.16186967e-05,6.96557766e-06,0.000104179394,0.0001508936,1.161282e-05,-6.33040623e-06,-3.41383952e-05,2.83308505e-05,-1.08343319e-05,-0.000103878729,-0.000135959877
0.733,-1.60146902e-05,3.37723674e-06,0.000107943102,7.1413853e-05,5.9804783e-06,0.00010241784,0.000149176569,1.1576553e-05,-6.251925e-06,-3.39698889e-05,2.74556226e-05,-1.01984123e-05,-0.000101499527,-0.000134262095
0.734,-1.5989885e-05,3.25533422e-06,0.000106993378,7.1175815e-05,5.0754499e-06,0.00010067577,0.000147466112,1.1540478e-05,-6.17543128e-06,-3.38069448e-05,2.65926971e-05,-9.55876989e-06,-9.9149947e-05,-0.000132581965
0.735,-1.59631678e-05,3.13436147e-06,0.000106041171,7.09072491e-05,4.24941185e-06,9.89519531e-05,0.000145762101,1.15044896e-05,-6.10101025e-06,-3.36491402e-05,2.57432921e-05,-8.91598915e-06,-9.68301695e-05,-0.000130919358
0.736,-1.59347187e-05,3.01403969e-06,0.000105086652,7.06107803e-05,3.50116747e-06,9.72451488e-05,0.00014406444,1.14684955e-05,-6.02871999e-06,-3.34960583e-05,2.49084772e-05,-8.27067931e-06,-9.45403346e-05,-0.000129274151
0.737,-1.59047153e-05,2.89411204e-06,0.000104130028,7.02889787e-05,2.8294274e-06,9.55541249e-05,0.000142373032,1.14324124e-05,-5.95859874e-06,-3.33472881e-05,2.40891763e-05,-7.62349785e-06,-9.22805573e-05,-0.000127646197
0.738,-1.58733249e-05,2.77435736e-06,0.000103171547,6.99443493e-05,2.2328265e-06,9.3877671e-05,0.000140687766,1.13961621e-05,-5.89067127e-06,-3.32024271e-05,2.32861739e-05,-6.97516439e-06,-9.00509413e-05,-0.000126035305
0.739,-1.58407043e-05,2.654588e-06,0.000102211493,6.95793244e-05,1.7099299e-06,9.22146045e-05,0.000139008521,1.13596725e-05,-5.82495069e-06,-3.30610847e-05,2.25001248e-05,-6.32645308e-06,-8.78515814e-05,-0.000124441247
0.74,-1.58070048e-05,2.53463637e-06,0.000101250174,6.91962571e-05,1.25923148e-06,9.05637698e-05,0.000137335181,1.13228794e-05,-5.76143619e-06,-3.29228838e-05,2.17315654e-05,-5.67816974e-06,-8.56825572e-05,-0.000122863778
0.741,-1.57723786e-05,2.41433841e-06,0.000100287903,6.87974174e-05,8.79151022e-07,8.89240354e-05,0.000135667664,1.128573e-05,-5.70010941e-06,-3.27874614e-05,2.09809247e-05,-5.03112754e-06,-8.3543925e-05,-0.000121302658
0.742,-1.57369803e-05,2.29352765e-06,9.93249974e-05,6.83849882e-05,5.68037248e-07,8.72942963e-05,0.000134005925,1.12481831e-05,-5.64093403e-06,-3.26544699e-05,2.02485312e-05,-4.38613847e-06,-8.14357172e-05,-0.000119757666
0.743,-1.57009624e-05,2.17203899e-06,9.83617732e-05,6.79610638e-05,3.24176354e-07,8.56734798e-05,0.00013234995,1.12102079e-05,-5.58385884e-06,-3.2523579e-05,1.95346201e-05,-3.74401791e-06,-7.93579489e-05,-0.000118228588
0.744,-1.56644692e-05,2.04972153e-06,9.73985546e-05,6.75276467e-05,1.4580349e-07,8.40605529e-05,0.000130699745,1.11717801e-05,-5.52882296e-06,-3.23944766e-05,1.8839338e-05,-3.10559688e-06,-7.73106274e-05,-0.000116715202
0.745,-1.56276327e-05,1.92644848e-06,9.6435677e-05,6.70866445e-05,3.11109962e-08,8.24545256e-05,0.000129055318,1.11328796e-05,-5.47575941e-06,-3.22668659e-05,1.81627514e-05,-2.47172725e-06,-7.52937589e-05,-0.000115217266
0.746,-1.55905737e-05,1.80211764e-06,9.54734848e-05,6.66398655e-05,-2.17485373e-08,8.08544521e-05,0.000127416681,1.10934893e-05,-5.42459587e-06,-3.21404632e-05,1.75048555e-05,-1.84327666e-06,-7.3307349e-05,-0.000113734525
0.747,-1.55534061e-05,1.67664366e-06,9.45123257e-05,6.61890175e-05,-1.46629726e-08,7.92594304e-05,0.000125783858,1.10535973e-05,-5.37525317e-06,-3.20149952e-05,1.68655837e-05,-1.22111705e-06,-7.13513997e-05,-0.000112266717
0.748,-1.55162407e-05,1.54995017e-06,9.35525445e-05,6.57357064e-05,5.04388367e-08,7.76686032e-05,0.000124156895,1.10131978e-05,-5.32764409e-06,-3.18901972e-05,1.62448167e-05,-6.06115214e-07,-6.94259072e-05,-0.000110813584
0.749,-1.54791855e-05,1.42196996e-06,9.25944827e-05,6.52814361e-05,1.71588975e-07,7.60811591e-05,0.000122535857,1.09722905e-05,-5.28167429e-06,-3.17658114e-05,1.56423894e-05,8.68556374e-10,-6.75308634e-05,-0.000109374871
0.75,-1.54423433e-05,1.29265049e-06,9.16384811e-05,6.48276107e-05,3.46783238e-07,7.44963331e-05,0.000120920821,1.09308783e-05,-5.23724475e-06,-3.16415862e-05,1.50580975e-05,5.98977501e-07,-6.56662585e-05,-0.000107950322
0.751,-1.54058076e-05,1.16195855e-06,9.0684883e-05,6.43755377e-05,5.73982577e-07,7.29134075e-05,0.000119311868,1.08889649e-05,-5.19425444e-06,-3.15172781e-05,1.44917015e-05,1.18735506e-06,-6.38320823e-05,-0.000106539678
0.752,-1.53696606e-05,1.02987903e-06,8.97340331e-05,6.39264326e-05,8.51112393e-07,7.13317166e-05,0.000117709092,1.08465546e-05,-5.15260121e-06,-3.13926542e-05,1.3942931e-05,1.76514525e-06,-6.20283267e-05,-0.000105142671
0.753,-1.53339753e-05,8.96411049e-07,8.87862752e-05,6.34814193e-05,1.17606112e-06,6.97506546e-05,0.0001161126,1.08036532e-05,-5.11218148e-06,-3.1267492e-05,1.34114885e-05,2.33149479e-06,-6.02549887e-05,-0.000103759032
0.754,-1.52988182e-05,7.61564289e-07,8.78419479e-05,6.30415287e-05,1.54667909e-06,6.81696882e-05,0.000114522526,1.07602699e-05,-5.07288926e-06,-3.11415769e-05,1.28970525e-05,2.88555532e-06,-5.85120744e-05,-0.000102388489
0.755,-1.52642519e-05,6.2535717e-07,8.69013827e-05,6.26076975e-05,1.96077739e-06,6.65883652e-05,0.00011293903,1.07164175e-05,-5.03461557e-06,-3.10147007e-05,1.23992806e-05,3.42648502e-06,-5.6799602e-05,-0.000101030775
0.756,-1.52303336e-05,4.87815213e-07,8.59649023e-05,6.21807716e-05,2.41612608e-06,6.5006317e-05,0.000111362304,1.06721126e-05,-4.99724853e-06,-3.0886662e-05,1.19178112e-05,3.95345063e-06,-5.51176001e-05,-9.96856224e-05
0.757,-1.51971127e-05,3.48969662e-07,8.50328213e-05,6.17615108e-05,2.91045192e-06,6.34232525e-05,0.000109792576,1.06273746e-05,-4.96067372e-06,-3.07572703e-05,1.14522646e-05,4.46563135e-06,-5.34661009e-05,-9.83527698e-05
0.758,-1.5164629e-05,2.08859393e-07,8.41054478e-05,6.13505932e-05,3.44143758e-06,6.1838953e-05,0.000108230103,1.05822239e-05,-4.92477467e-06,-3.06263454e-05,1.10022458e-05,4.96222147e-06,-5.1845132e-05,-9.70319587e-05
0.759,-1.51329122e-05,6.75351489e-08,8.31830853e-05,6.09486138e-05,4.00672271e-06,6.02532753e-05,0.000106675164,1.05366814e-05,-4.88943398e-06,-3.0493715e-05,1.05673474e-05,5.44243049e-06,-5.02547131e-05,-9.57229313e-05
0.76,-1.51019838e-05,-7.49352831e-08,8.22660359e-05,6.05560797e-05,4.60390641e-06,5.86661657e-05,0.000105128054,1.04907676e-05,-4.85453502e-06,-3.03592102e-05,1.01471546e-05,5.90547987e-06,-4.86948602e-05,-9.44254233e-05
0.761,-1.50718592e-05,-2.18464321e-07,8.13546016e-05,6.01734067e-05,5.23054922e-06,5.70776762e-05,0.000103589079,1.04445032e-05,-4.81996384e-06,-3.02226628e-05,9.74124811e-06,6.35060013e-06,-4.7165593e-05,-9.31391578e-05
0.762,-1.50425477e-05,-3.62945602e-07,8.04490841e-05,5.98009206e-05,5.88417347e-06,5.54879729e-05,0.000102058561,1.03979096e-05,-4.78560995e-06,-3.00839067e-05,9.34920616e-06,6.77703317e-06,-4.56669345e-05,-9.18638439e-05
0.763,-1.50140527e-05,-5.08258032e-07,7.95497827e-05,5.94388621e-05,6.5622622e-06,5.38973326e-05,0.000100536841,1.03510088e-05,-4.75136563e-06,-2.99427809e-05,8.97060328e-06,7.18404043e-06,-4.41989014e-05,-9.05991832e-05
0.764,-1.49863698e-05,-6.54273356e-07,7.86569887e-05,5.90873955e-05,7.26225872e-06,5.23061317e-05,9.90242878e-05,1.03038234e-05,-4.71712364e-06,-2.97991346e-05,8.60500654e-06,7.57091515e-06,-4.27614854e-05,-8.93448799e-05
0.765,-1.49594859e-05,-8.0086205e-07,7.77709812e-05,5.87466133e-05,7.98156938e-06,5.07148441e-05,9.75213015e-05,1.02563774e-05,-4.68277557e-06,-2.96528316e-05,8.25197121e-06,7.93699051e-06,-4.13546412e-05,-8.81006453e-05
0.766,-1.49333785e-05,-9.47893836e-07,7.68920247e-05,5.84165349e-05,8.71756999e-06,4.91240511e-05,9.60283153e-05,1.02086971e-05,-4.64821225e-06,-2.9503753e-05,7.91103847e-06,8.28164145e-06,-3.99782866e-05,-8.68661939e-05
0.767,-1.49080173e-05,-1.09523025e-06,7.60203728e-05,5.80970994e-05,9.46761449e-06,4.75344619e-05,9.45457874e-05,1.0160811e-05,-4.6133271e-06,-2.93517941e-05,7.58173721e-06,8.60428028e-06,-3.86323144e-05,-8.56412329e-05
0.768,-1.48833649e-05,-1.24271689e-06,7.51562713e-05,5.77881612e-05,1.02290425e-05,4.59469274e-05,9.30741931e-05,1.01127494e-05,-4.57801945e-06,-2.9196862e-05,7.26358767e-06,8.90435585e-06,-3.73166007e-05,-8.44254556e-05
0.769,-1.48593777e-05,-1.39018403e-06,7.42999585e-05,5.74894921e-05,1.09991852e-05,4.43624373e-05,9.16140227e-05,1.00645439e-05,-4.54219537e-06,-2.90388764e-05,6.95610291e-06,9.18136126e-06,-3.6030999e-05,-8.32185449e-05
0.77,-1.48360055e-05,-1.53745756e-06,7.34516578e-05,5.72007935e-05,1.17753716e-05,4.27820993e-05,9.01657859e-05,1.00162277e-05,-4.50576492e-06,-2.88777747e-05,6.65878672e-06,9.43485025e-06,-3.47753178e-05,-8.2020185e-05
0.771,-1.48131901e-05,-1.68436984e-06,7.26115718e-05,5.69217066e-05,1.25549367e-05,4.12071186e-05,8.87300119e-05,9.96783613e-06,-4.46863915e-06,-2.87135164e-05,6.37113157e-06,9.66445221e-06,-3.35492974e-05,-8.08300734e-05
0.772,-1.4790866e-05,-1.83075994e-06,7.17798808e-05,5.66518162e-05,1.33352341e-05,3.96387929e-05,8.73072396e-05,9.91940526e-06,-4.43073086e-06,-2.85460826e-05,6.09262123e-06,9.8698777e-06,-3.23526032e-05,-7.9647921e-05
0.773,-1.47689622e-05,-1.97646301e-06,7.09567497e-05,5.63906467e-05,1.41136492e-05,3.80785224e-05,8.58979997e-05,9.87097086e-06,-4.3919596e-06,-2.83754716e-05,5.82273767e-06,1.0050914e-05,-3.11848384e-05,-7.84734416e-05
0.774,-1.47474035e-05,-2.12129795e-06,7.01423357e-05,5.61376585e-05,1.48876121e-05,3.65278247e-05,8.45028014e-05,9.82256715e-06,-4.35225801e-06,-2.82016952e-05,5.560969e-06,1.02074198e-05,-3.00455649e-05,-7.73063393e-05
0.775,-1.4726112e-05,-2.26506619e-06,6.933679e-05,5.58922515e-05,1.56546095e-05,3.49883323e-05,8.312213e-05,9.77422696e-06,-4.31157417e-06,-2.80247803e-05,5.30681219e-06,1.03393283e-05,-2.89343106e-05,-7.61463078e-05
0.776,-1.47050073e-05,-2.40756266e-06,6.85402503e-05,5.56537762e-05,1.64121982e-05,3.34617713e-05,8.17564514e-05,9.72598253e-06,-4.26986882e-06,-2.78447729e-05,5.05976951e-06,1.04466609e-05,-2.78505556e-05,-7.4993044e-05
0.777,-1.46840051e-05,-2.54859432e-06,6.77528269e-05,5.54215495e-05,1.71580214e-05,3.19499294e-05,8.04062201e-05,9.67786673e-06,-4.22710887e-06,-2.76617455e-05,4.81934047e-06,1.05295434e-05,-2.67937046e-05,-7.38462666e-05
0.778,-1.46630167e-05,-2.68799175e-06,6.6974593e-05,5.51948636e-05,1.78898283e-05,3.04546347e-05,7.90718792e-05,9.62991385e-06,-4.1832634e-06,-2.74758e-05,4.58501662e-06,1.05882142e-05,-2.57630741e-05,-7.27057263e-05
0.779,-1.46419489e-05,-2.82560775e-06,6.62055834e-05,5.49729868e-05,1.86054911e-05,2.89777527e-05,7.77538524e-05,9.5821597e-06,-4.13830506e-06,-2.72870675e-05,4.35628401e-06,1.06230214e-05,-2.47579027e-05,-7.15712011e-05
0.78,-1.46207081e-05,-2.96130356e-06,6.54458048e-05,5.47551587e-05,1.93030161e-05,2.75211951e-05,7.64525301e-05,9.53464068e-06,-4.0922167e-06,-2.7095701e-05,4.13263478e-06,1.06344119e-05,-2.37773822e-05,-7.04424832e-05
0.781,-1.45992036e-05,-3.09493622e-06,6.46952457e-05,5.45405897e-05,1.99805505e-05,2.60869204e-05,7.51682564e-05,9.48739191e-06,-4.04499742e-06,-2.69018688e-05,3.91358007e-06,1.06229231e-05,-2.28206833e-05,-6.93193718e-05
0.782,-1.45773492e-05,-3.22635783e-06,6.39538805e-05,5.43284732e-05,2.06363897e-05,2.46769129e-05,7.39013232e-05,9.44044583e-06,-3.99666328e-06,-2.67057517e-05,3.69865593e-06,1.05891819e-05,-2.18869579e-05,-6.82016766e-05
0.783,-1.45550566e-05,-3.355424e-06,6.32216672e-05,5.41180058e-05,2.12689889e-05,2.32931444e-05,7.26519658e-05,9.39383073e-06,-3.94724316e-06,-2.65075468e-05,3.48741939e-06,1.05339067e-05,-2.09753245e-05,-6.70892313e-05
0.784,-1.45322298e-05,-3.4820032e-06,6.24985441e-05,5.39084056e-05,2.18769759e-05,2.19375396e-05,7.14203565e-05,9.34756982e-06,-3.89677369e-06,-2.6307471e-05,3.27944302e-06,1.04579066e-05,-2.00848543e-05,-6.59819021e-05
0.785,-1.45087663e-05,-3.60598082e-06,6.17844266e-05,5.36989165e-05,2.24591589e-05,2.06119623e-05,7.0206598e-05,9.30168161e-06,-3.84529736e-06,-2.61057579e-05,3.07431723e-06,1.03620749e-05,-1.92145772e-05,-6.48795894e-05
0.786,-1.44845773e-05,-3.72727591e-06,6.10791906e-05,5.34887979e-05,2.30145239e-05,1.93182272e-05,6.90107365e-05,9.25618503e-06,-3.79285952e-06,-2.5902646e-05,2.87166194e-06,1.02473896e-05,-1.83634969e-05,-6.37822303e-05
0.787,-1.44596117e-05,-3.84586287e-06,6.03826509e-05,5.32773129e-05,2.35422318e-05,1.80581176e-05,6.78327865e-05,9.21110629e-06,-3.73950465e-06,-2.56983677e-05,2.67113791e-06,1.01149178e-05,-1.75306091e-05,-6.26898039e-05
0.788,-1.443386e-05,-3.96177502e-06,5.9694559e-05,5.30637324e-05,2.40416205e-05,1.68333837e-05,6.6672741e-05,9.16648001e-06,-3.68527618e-06,-2.54931478e-05,2.47244878e-06,9.96581103e-06,-1.67149166e-05,-6.16023314e-05
0.789,-1.44073186e-05,-4.07505346e-06,5.90146539e-05,5.28473624e-05,2.45122126e-05,1.5645709e-05,6.55305324e-05,9.12233654e-06,-3.63022883e-06,-2.5287214e-05,2.27533474e-06,9.80127367e-06,-1.59154567e-05,-6.05198581e-05
0.79,-1.43799352e-05,-4.18566514e-06,5.83427424e-05,5.26275782e-05,2.49537174e-05,1.44966568e-05,6.44059644e-05,9.07868223e-06,-3.5744479e-06,-2.5080811e-05,2.07956467e-06,9.6225158e-06,-1.51313334e-05,-5.94424253e-05
0.791,-1.43515876e-05,-4.29347282e-06,5.76787312e-05,5.24038352e-05,2.53660231e-05,1.33876389e-05,6.32986866e-05,9.03549247e-06,-3.51805481e-06,-2.48742038e-05,1.88493479e-06,9.43073206e-06,-1.43617308e-05,-5.8370061e-05
0.792,-1.43221215e-05,-4.39829549e-06,5.70225707e-05,5.2175649e-05,2.57491842e-05,1.23199251e-05,6.22082429e-05,8.99272617e-06,-3.46118949e-06,-2.4667665e-05,1.69127234e-06,9.22712024e-06,-1.36058918e-05,-5.73028033e-05
0.793,-1.4291424e-05,-4.50002584e-06,5.6374144e-05,5.19425596e-05,2.61034119e-05,1.12946843e-05,6.11341645e-05,8.9503531e-06,-3.40397828e-06,-2.4461452e-05,1.49844088e-06,9.01291994e-06,-1.28630773e-05,-5.62407388e-05
0.794,-1.42594628e-05,-4.59868982e-06,5.57332101e-05,5.17041178e-05,2.64290687e-05,1.03130084e-05,6.00760158e-05,8.90836775e-06,-3.3465171e-06,-2.42557921e-05,1.30634162e-06,8.7894191e-06,-1.21325499e-05,-5.51840196e-05
0.795,-1.4226268e-05,-4.69441388e-06,5.50994361e-05,5.14599001e-05,2.6726662e-05,9.37589851e-06,5.90333668e-05,8.86678169e-06,-3.28887843e-06,-2.40508841e-05,1.11490988e-06,8.55792149e-06,-1.14135907e-05,-5.41328473e-05
0.796,-1.41918793e-05,-4.78734417e-06,5.44724779e-05,5.12095411e-05,2.69968359e-05,8.48422544e-06,5.80057313e-05,8.82560478e-06,-3.23113026e-06,-2.38469106e-05,9.24107334e-07,8.31970027e-06,-1.0705531e-05,-5.30874417e-05
0.797,-1.41563106e-05,-4.87759374e-06,5.38520328e-05,5.09527517e-05,2.72403586e-05,7.63870343e-06,5.69925292e-05,8.78483303e-06,-3.17334841e-06,-2.36440476e-05,7.33917156e-07,8.07597179e-06,-1.00077712e-05,-5.20480211e-05
0.798,-1.41195526e-05,-4.96524347e-06,5.32378406e-05,5.06893152e-05,2.74581084e-05,6.83989525e-06,5.59930979e-05,8.74444962e-06,-3.11561631e-06,-2.34424638e-05,5.44345437e-07,7.82789529e-06,-9.31978538e-06,-5.1014799e-05
0.799,-1.40815928e-05,-5.05035854e-06,5.26296674e-05,5.04190698e-05,2.76510526e-05,6.08823388e-06,5.50067177e-05,8.70443082e-06,-3.05802235e-06,-2.32423141e-05,3.55427446e-07,7.57657818e-06,-8.6411261e-06,-4.99879864e-05
0.8,-1.40424303e-05,-5.13300216e-06,5.20272914e-05,5.01418945e-05,2.78202304e-05,5.38404012e-06,5.40326356e-05,8.66475141e-06,-3.00065699e-06,-2.3043735e-05,1.67229373e-07,7.32307801e-06,-7.9714261e-06,-4.89677946e-05
0.801,-1.40020765e-05,-5.213241e-06,5.14304977e-05,4.98577059e-05,2.7966745e-05,4.72752477e-06,5.3070074e-05,8.62538659e-06,-2.94360964e-06,-2.28468465e-05,-2.01588956e-08,7.06839824e-06,-7.31039221e-06,-4.79544372e-05
0.802,-1.39605508e-05,-5.29115677e-06,5.08390673e-05,4.95664623e-05,2.80917642e-05,4.11878423e-06,5.21182372e-05,8.58631326e-06,-2.88696183e-06,-2.26517542e-05,-2.06636855e-07,6.81348456e-06,-6.6577876e-06,-4.69481354e-05
0.803,-1.39178762e-05,-5.36685469e-06,5.02527682e-05,4.92681664e-05,2.81965198e-05,3.55779866e-06,5.11763154e-05,8.54751021e-06,-2.83078155e-06,-2.24585507e-05,-3.92102557e-07,6.55922133e-06,-6.01341813e-06,-4.59491213e-05
0.804,-1.38740785e-05,-5.44046006e-06,4.96713574e-05,4.89628629e-05,2.82822945e-05,3.04443725e-06,5.0243486e-05,8.50895746e-06,-2.77512346e-06,-2.22673135e-05,-5.76452615e-07,6.30642774e-06,-5.37713391e-06,-4.49576343e-05
0.805,-1.38291855e-05,-5.51210098e-06,4.90945988e-05,4.86506312e-05,2.83503969e-05,2.57846693e-06,4.93189132e-05,8.47063457e-06,-2.72003545e-06,-2.20781048e-05,-7.59574953e-07,6.0558541e-06,-4.74884445e-06,-4.39739132e-05
0.806,-1.37832269e-05,-5.58189011e-06,4.85222828e-05,4.83315798e-05,2.84021351e-05,2.15955918e-06,4.84017469e-05,8.43251895e-06,-2.66556615e-06,-2.18909704e-05,-9.41340864e-07,5.8081813e-06,-4.12853293e-06,-4.29981883e-05
0.807,-1.37362354e-05,-5.64992053e-06,4.79542321e-05,4.80058443e-05,2.84388006e-05,1.78729352e-06,4.74911269e-05,8.39458546e-06,-2.61176663e-06,-2.17059403e-05,-1.12160372e-06,5.56402367e-06,-3.51625603e-06,-4.20306818e-05
0.808,-1.36882478e-05,-5.71627771e-06,4.73902903e-05,4.76735902e-05,2.84616675e-05,1.46115958e-06,4.65861924e-05,8.35680778e-06,-2.55868548e-06,-2.15230292e-05,-1.30020537e-06,5.32393386e-06,-2.9121302e-06,-4.10716118e-05
0.809,-1.36393053e-05,-5.78105612e-06,4.68303039e-05,4.73350126e-05,2.84719975e-05,1.18056054e-06,4.56860911e-05,8.31916065e-06,-2.50636179e-06,-2.13422378e-05,-1.47698551e-06,5.08840681e-06,-2.31631617e-06,-4.01211989e-05
0.81,-1.35894523e-05,-5.84436374e-06,4.62741162e-05,4.69903329e-05,2.84710398e-05,9.44817654e-07,4.4789986e-05,8.28162071e-06,-2.45482309e-06,-2.11635543e-05,-1.65178594e-06,4.85788148e-06,-1.7290147e-06,-3.91796666e-05
0.811,-1.35387343e-05,-5.90631133e-06,4.57215762e-05,4.66397922e-05,2.84600196e-05,7.53173858e-07,4.38970562e-05,8.24416538e-06,-2.40408946e-06,-2.09869555e-05,-1.82444744e-06,4.63274136e-06,-1.15047376e-06,-3.82472394e-05
0.812,-1.34871967e-05,-5.96699729e-06,4.51725541e-05,4.62836453e-05,2.84401234e-05,6.04795231e-07,4.30064978e-05,8.20677117e-06,-2.3541797e-06,-2.08124075e-05,-1.99480423e-06,4.41331618e-06,-5.8099768e-07,-3.73241402e-05
0.813,-1.34348834e-05,-6.02650355e-06,4.46269447e-05,4.59221572e-05,2.84124928e-05,4.98771516e-07,4.21175286e-05,8.16941348e-06,-2.30511314e-06,-2.06398676e-05,-2.16268337e-06,4.19988513e-06,-2.09472774e-08,-3.64105906e-05
0.814,-1.33818378e-05,-6.08490467e-06,4.40846577e-05,4.55556028e-05,2.83782279e-05,4.34117364e-07,4.12293967e-05,8.13206809e-06,-2.25690605e-06,-2.04692852e-05,-2.32790963e-06,3.99268054e-06,5.29269239e-07,-3.55068146e-05
0.815,-1.33281033e-05,-6.14227981e-06,4.35456048e-05,4.51842678e-05,2.83383925e-05,4.09774588e-07,4.03413902e-05,8.09471269e-06,-2.20956675e-06,-2.03006017e-05,-2.49031097e-06,3.79189033e-06,1.06920689e-06,-3.46130397e-05
0.816,-1.3273725e-05,-6.1987154e-06,4.30096964e-05,4.48084499e-05,2.82940107e-05,4.24613571e-07,3.94528442e-05,8.05732695e-06,-2.16309438e-06,-2.01337491e-05,-2.64971926e-06,3.59765974e-06,1.5983878e-06,-3.3729495e-05
0.817,-1.32187487e-05,-6.25429721e-06,4.24768508e-05,4.44284574e-05,2.8246057e-05,4.77432215e-07,3.85631427e-05,8.01989118e-06,-2.11748223e-06,-1.99686505e-05,-2.80596651e-06,3.41009384e-06,2.11629827e-06,-3.28564065e-05
0.818,-1.31632194e-05,-6.30909937e-06,4.19470072e-05,4.40446086e-05,2.81954437e-05,5.66952888e-07,3.76717217e-05,7.98238503e-06,-2.07272234e-06,-1.98052216e-05,-2.95888059e-06,3.22926115e-06,2.62238467e-06,-3.19939925e-05
0.819,-1.31071804e-05,-6.36317957e-06,4.14201305e-05,4.36572306e-05,2.81430161e-05,6.91820076e-07,3.67780735e-05,7.94478696e-06,-2.02880768e-06,-1.96433722e-05,-3.108284e-06,3.05519722e-06,3.11605415e-06,-3.11424609e-05
0.82,-1.30506742e-05,-6.41658296e-06,4.08962077e-05,4.32666593e-05,2.80895524e-05,8.50600821e-07,3.58817554e-05,7.907075e-06,-1.98573086e-06,-1.94830065e-05,-3.2539963e-06,2.88790687e-06,3.59668074e-06,-3.03020073e-05
0.821,-1.29937447e-05,-6.46935032e-06,4.03752373e-05,4.28732389e-05,2.80357688e-05,1.04178752e-06,3.49824008e-05,7.86922806e-06,-1.943481e-06,-1.93240231e-05,-3.3958388e-06,2.72736427e-06,4.06361365e-06,-2.94728138e-05
0.822,-1.29364365e-05,-6.52152266e-06,3.98572226e-05,4.247732e-05,2.79823228e-05,1.26380022e-06,3.40797277e-05,7.83122708e-06,-1.90204168e-06,-1.91663155e-05,-3.53363856e-06,2.57351175e-06,4.516184e-06,-2.86550461e-05
0.823,-1.28787933e-05,-6.57313917e-06,3.93421734e-05,4.2079256e-05,2.79298126e-05,1.51498636e-06,3.31735431e-05,7.79305489e-06,-1.86139135e-06,-1.90097734e-05,-3.66722999e-06,2.42625825e-06,4.95370942e-06,-2.78488488e-05
0.824,-1.28208552e-05,-6.6242313e-06,3.88301113e-05,4.16794017e-05,2.78787739e-05,1.79361893e-06,3.2263746e-05,7.75469544e-06,-1.82150513e-06,-1.8854284e-05,-3.79645447e-06,2.28547853e-06,5.37549821e-06,-2.70543395e-05
0.825,-1.2762658e-05,-6.67481948e-06,3.83210737e-05,4.12781117e-05,2.78296769e-05,2.09789676e-06,3.13503294e-05,7.71613342e-06,-1.78235597e-06,-1.86997331e-05,-3.92116088e-06,2.1510131e-06,5.78085535e-06,-2.62716034e-05
0.826,-1.27042335e-05,-6.72491499e-06,3.7815111e-05,4.08757394e-05,2.77829263e-05,2.42594929e-06,3.04333865e-05,7.67735501e-06,-1.74391413e-06,-1.85460062e-05,-4.04120822e-06,2.02266841e-06,6.16909056e-06,-2.55006883e-05
0.827,-1.26456122e-05,-6.77452364e-06,3.7312282e-05,4.04726364e-05,2.77388611e-05,2.77584467e-06,2.95131164e-05,7.63834912e-06,-1.70614637e-06,-1.83929884e-05,-4.15646879e-06,1.90021765e-06,6.53952677e-06,-2.47415993e-05
0.828,-1.25868248e-05,-6.82364698e-06,3.68126526e-05,4.0069152e-05,2.76977537e-05,3.14559733e-06,2.85898283e-05,7.59910782e-06,-1.6690162e-06,-1.8240565e-05,-4.26683003e-06,1.78340251e-06,6.89150828e-06,-2.39942939e-05
0.829,-1.25279018e-05,-6.87228057e-06,3.63162977e-05,3.96656335e-05,2.76598072e-05,3.53317284e-06,2.76639406e-05,7.55962575e-06,-1.63248484e-06,-1.80886229e-05,-4.37219529e-06,1.67193559e-06,7.22440938e-06,-2.32586763e-05
0.83,-1.2468871e-05,-6.92041202e-06,3.5823303e-05,3.92624255e-05,2.76251566e-05,3.93649213e-06,2.67359771e-05,7.51989936e-06,-1.5965119e-06,-1.79370526e-05,-4.47248519e-06,1.56550228e-06,7.53764438e-06,-2.2534593e-05
0.831,-1.24097551e-05,-6.96802067e-06,3.53337653e-05,3.88598677e-05,2.75938702e-05,4.35343868e-06,2.58065645e-05,7.47992673e-06,-1.56105536e-06,-1.77857501e-05,-4.56763993e-06,1.46376194e-06,7.83067786e-06,-2.1821829e-05
0.832,-1.23505726e-05,-7.0150782e-06,3.48477898e-05,3.84582924e-05,2.75659519e-05,4.7818704e-06,2.48764308e-05,7.43970823e-06,-1.52607197e-06,-1.76346182e-05,-4.65762143e-06,1.36634943e-06,8.10303386e-06,-2.11201071e-05
0.833,-1.22913406e-05,-7.06154951e-06,3.43654881e-05,3.80580208e-05,2.7541341e-05,5.21963373e-06,2.39464048e-05,7.39924737e-06,-1.49151838e-06,-1.7483567e-05,-4.74241464e-06,1.27287781e-06,8.3543036e-06,-2.04290895e-05
0.834,-1.22320767e-05,-7.10739375e-06,3.38869758e-05,3.76593604e-05,2.75199148e-05,5.66457708e-06,2.30174128e-05,7.35855152e-06,-1.45735179e-06,-1.73325146e-05,-4.82202907e-06,1.18294087e-06,8.58415411e-06,-1.97483809e-05
0.835,-1.21727965e-05,-7.15256594e-06,3.34123691e-05,3.72626018e-05,2.75014941e-05,6.11456198e-06,2.20904716e-05,7.31763178e-06,-1.42352923e-06,-1.71813887e-05,-4.89650095e-06,1.09611469e-06,8.7923386e-06,-1.90775314e-05
0.836,-1.21135103e-05,-7.19701868e-06,3.29417825e-05,3.68680173e-05,2.74858492e-05,6.56747327e-06,2.11666785e-05,7.27650223e-06,-1.39000621e-06,-1.70301276e-05,-4.96589497e-06,1.01195938e-06,8.97870716e-06,-1.84160393e-05
0.837,-1.20542209e-05,-7.24070284e-06,3.24753266e-05,3.64758592e-05,2.7472704e-05,7.02123107e-06,2.02472025e-05,7.23517911e-06,-1.3567365e-06,-1.68786809e-05,-5.03030448e-06,9.30022852e-07,9.14321448e-06,-1.77633554e-05
0.838,-1.1994926e-05,-7.28356659e-06,3.20131093e-05,3.60863589e-05,2.74617367e-05,7.47380534e-06,1.93332756e-05,7.19368077e-06,-1.32367403e-06,-1.67270104e-05,-5.08984976e-06,8.49847625e-07,9.28592328e-06,-1.711889e-05
0.839,-1.19356218e-05,-7.32555346e-06,3.15552374e-05,3.56997254e-05,2.74525803e-05,7.92323091e-06,1.84261849e-05,7.15202811e-06,-1.29077625e-06,-1.65750905e-05,-5.14467514e-06,7.70979682e-07,9.40700462e-06,-1.64820225e-05
0.84,-1.18763057e-05,-7.36660159e-06,3.11018176e-05,3.53161451e-05,2.74448251e-05,8.36762053e-06,1.75272629e-05,7.11024462e-06,-1.25800658e-06,-1.64229088e-05,-5.19494648e-06,6.92976698e-07,9.50673849e-06,-1.58521115e-05
0.841,-1.18169751e-05,-7.40664597e-06,3.0652954e-05,3.49357809e-05,2.74380264e-05,8.80517594e-06,1.66378751e-05,7.06835565e-06,-1.22533383e-06,-1.62704666e-05,-5.24085011e-06,6.1541315e-07,9.58551623e-06,-1.52285039e-05
0.842,-1.17576232e-05,-7.44562288e-06,3.02087413e-05,3.45587724e-05,2.74317151e-05,9.23419873e-06,1.5759408e-05,7.02638729e-06,-1.19272946e-06,-1.61177785e-05,-5.28259313e-06,5.37882349e-07,9.64384321e-06,-1.46105423e-05
0.843,-1.1698237e-05,-7.48347279e-06,2.97692608e-05,3.41852331e-05,2.74254054e-05,9.6531026e-06,1.4893258e-05,6.98436575e-06,-1.1601658e-06,-1.5964872e-05,-5.32040271e-06,4.59998246e-07,9.68233768e-06,-1.39975732e-05
0.844,-1.16387982e-05,-7.5201389e-06,2.93345808e-05,3.38152497e-05,2.7418598e-05,1.00604249e-05,1.40408204e-05,6.94231733e-06,-1.12761783e-06,-1.58117867e-05,-5.35452252e-06,3.81400385e-07,9.70172405e-06,-1.33889566e-05
0.845,-1.15792884e-05,-7.55556321e-06,2.89047621e-05,3.3448882e-05,2.7410781e-05,1.04548354e-05,1.32034792e-05,6.90026867e-06,-1.09506722e-06,-1.56585739e-05,-5.38520721e-06,3.01761175e-07,9.70282263e-06,-1.27840789e-05
0.846,-1.1519692e-05,-7.58968511e-06,2.84798603e-05,3.30861633e-05,2.74014343e-05,1.08351426e-05,1.23825956e-05,6.85824689e-06,-1.06250465e-06,-1.55052965e-05,-5.41271811e-06,2.20791037e-07,9.68654021e-06,-1.21823628e-05
0.847,-1.14599937e-05,-7.62244507e-06,2.80599214e-05,3.27271012e-05,2.73900388e-05,1.12002993e-05,1.15794973e-05,6.81627898e-06,-1.02992745e-06,-1.53520271e-05,-5.43732197e-06,1.38238396e-07,9.65386315e-06,-1.15832745e-05
0.848,-1.14001742e-05,-7.65379081e-06,2.76449734e-05,3.23716766e-05,2.73760867e-05,1.15494091e-05,1.07954699e-05,6.77439088e-06,-9.97334911e-07,-1.51988465e-05,-5.45929101e-06,5.38867624e-08,9.60585045e-06,-1.0986328e-05
0.849,-1.13402081e-05,-7.68368015e-06,2.72350219e-05,3.20198445e-05,2.73590884e-05,1.188173e-05,1.00317489e-05,6.73260669e-06,-9.64725954e-07,-1.50458413e-05,-5.47890081e-06,-3.24459602e-08,9.54362286e-06,-1.03910893e-05
0.85,-1.12800664e-05,-7.7120778e-06,2.68300553e-05,3.16715356e-05,2.73385733e-05,1.21966741e-05,9.28951103e-06,6.69094856e-06,-9.32101754e-07,-1.48931028e-05,-5.49642481e-06,-1.20903297e-07,9.46834737e-06,-9.79718406e-06
0.851,-1.12197227e-05,-7.7389494e-06,2.64300538e-05,3.13266609e-05,2.73140892e-05,1.24938014e-05,8.56986553e-06,6.64943695e-06,-8.9947069e-07,-1.47407265e-05,-5.51212754e-06,-2.11584116e-07,9.38122059e-06,-9.20430585e-06
0.852,-1.11591556e-05,-7.76425928e-06,2.60349948e-05,3.09851152e-05,2.7285205e-05,1.27728131e-05,7.87384631e-06,6.60809079e-06,-8.66850434e-07,-1.45888113e-05,-5.52626036e-06,-3.04540403e-07,9.28345482e-06,-8.61222131e-06
0.853,-1.1098346e-05,-7.78797483e-06,2.56448472e-05,3.06467788e-05,2.72515188e-05,1.30335482e-05,7.20240737e-06,6.56692702e-06,-8.34264344e-07,-1.44374576e-05,-5.53906144e-06,-3.99782054e-07,9.17626785e-06,-8.02076944e-06
0.854,-1.10372724e-05,-7.81007325e-06,2.52595625e-05,3.03115172e-05,2.72126649e-05,1.32759824e-05,6.5564213e-06,6.52595987e-06,-8.01735423e-07,-1.42867645e-05,-5.55075736e-06,-4.97284979e-07,9.0608733e-06,-7.42985783e-06
0.855,-1.09759081e-05,-7.83054392e-06,2.48790705e-05,2.99791812e-05,2.7168317e-05,1.35002238e-05,5.93667813e-06,6.48520055e-06,-7.69283534e-07,-1.41368275e-05,-5.56156251e-06,-5.96996133e-07,8.93846881e-06,-6.83946032e-06
0.856,-1.09142253e-05,-7.84938391e-06,2.45032869e-05,2.96496102e-05,2.71181861e-05,1.37065018e-05,5.34388243e-06,6.4446576e-06,-7.36928531e-07,-1.39877379e-05,-5.57167498e-06,-6.98832454e-07,8.81022193e-06,-6.2496182e-06
0.857,-1.08522018e-05,-7.86659156e-06,2.41321247e-05,2.93226381e-05,2.70620171e-05,1.38951501e-05,4.77864978e-06,6.40433771e-06,-7.04695455e-07,-1.38395829e-05,-5.58127187e-06,-8.0267797e-07,8.67725743e-06,-5.66044233e-06
0.858,-1.07898227e-05,-7.88216432e-06,2.37654995e-05,2.89980968e-05,2.69995886e-05,1.40665931e-05,4.24150506e-06,6.36424606e-06,-6.72615956e-07,-1.36924455e-05,-5.59050765e-06,-9.08385345e-07,8.54064852e-06,-5.07211158e-06
0.859,-1.07270758e-05,-7.8961016e-06,2.34033247e-05,2.86758183e-05,2.69307163e-05,1.42213372e-05,3.73288321e-06,6.32438546e-06,-6.40723932e-07,-1.35464031e-05,-5.59951624e-06,-1.01578392e-06,8.40141166e-06,-4.48486586e-06
0.86,-1.06639431e-05,-7.908408e-06,2.30455046e-05,2.83556331e-05,2.68552539e-05,1.43599648e-05,3.2531316e-06,6.28475506e-06,-6.09049637e-07,-1.34015249e-05,-5.60841385e-06,-1.12468936e-06,8.26050179e-06,-3.89899722e-06
0.861,-1.06003991e-05,-7.9190945e-06,2.26919315e-05,2.80373706e-05,2.67730921e-05,1.44831278e-05,2.80251439e-06,6.24535037e-06,-5.77617485e-07,-1.32578711e-05,-5.61729994e-06,-1.23490938e-06,8.11880651e-06,-3.31484391e-06
0.862,-1.05364214e-05,-7.92818287e-06,2.23424843e-05,2.77208556e-05,2.66841562e-05,1.45915403e-05,2.38122456e-06,6.20616656e-06,-5.46448036e-07,-1.31154916e-05,-5.62625728e-06,-1.34624512e-06,7.97713933e-06,-2.73278938e-06
0.863,-1.04720053e-05,-7.93571192e-06,2.19970273e-05,2.74059071e-05,2.65884059e-05,1.46859722e-05,1.98939777e-06,6.16720249e-06,-5.15560862e-07,-1.29744266e-05,-5.63535231e-06,-1.45849153e-06,7.83623533e-06,-2.1532634e-06
0.864,-1.04071642e-05,-7.94173562e-06,2.16554145e-05,2.70923416e-05,2.64858344e-05,1.47672349e-05,1.62711446e-06,6.12846071e-06,-4.8497563e-07,-1.28347073e-05,-5.64463523e-06,-1.57143892e-06,7.69675088e-06,-1.57674025e-06
0.865,-1.03419086e-05,-7.94629957e-06,2.1317512e-05,2.67799893e-05,2.63764603e-05,1.48361486e-05,1.29437547e-06,6.08994005e-06,-4.54713446e-07,-1.26963584e-05,-5.65413669e-06,-1.6848716e-06,7.55926776e-06,-1.00373292e-06
0.866,-1.02762217e-05,-7.9494149e-06,2.09832241e-05,2.64687115e-05,2.62603164e-05,1.48935089e-05,9.91074741e-07,6.05162739e-06,-4.24798626e-07,-1.25593999e-05,-5.66386354e-06,-1.79856342e-06,7.42429806e-06,-4.34787068e-07
0.867,-1.02100605e-05,-7.95105918e-06,2.06524921e-05,2.61584009e-05,2.6137446e-05,1.49400794e-05,7.17003817e-07,6.01349783e-06,-3.95258299e-07,-1.24238463e-05,-5.67379964e-06,-1.91227731e-06,7.29228603e-06,1.29522332e-07
0.868,-1.0143384e-05,-7.95121258e-06,2.03252582e-05,2.58489605e-05,2.60079116e-05,1.49766187e-05,4.71896993e-07,5.97552523e-06,-3.66117363e-07,-1.22897035e-05,-5.68391458e-06,-2.02577458e-06,7.16360607e-06,6.88592221e-07
0.869,-1.00761799e-05,-7.94989309e-06,2.00014298e-05,2.55402809e-05,2.58718052e-05,1.50039088e-05,2.55474803e-07,5.93769252e-06,-3.37393033e-07,-1.21569661e-05,-5.69417298e-06,-2.1388279e-06,7.03856117e-06,1.24179331e-06
0.87,-1.00084629e-05,-7.94715559e-06,1.96808803e-05,2.52322397e-05,2.57292463e-05,1.50227499e-05,6.74460276e-08,5.89999195e-06,-3.09094344e-07,-1.20256185e-05,-5.70453625e-06,-2.25122575e-06,6.91738626e-06,1.78847369e-06
0.871,-9.94025389e-06,-7.94306439e-06,1.93634763e-05,2.49247166e-05,2.55803708e-05,1.50339315e-05,-9.25208833e-08,5.86241765e-06,-2.81225799e-07,-1.18956373e-05,-5.71495798e-06,-2.36276746e-06,6.800255e-06,2.3279631e-06
0.872,-9.87156165e-06,-7.93766978e-06,1.90491003e-05,2.46176072e-05,2.54253216e-05,1.50382077e-05,-2.24821521e-07,5.82495921e-06,-2.53790797e-07,-1.1766993e-05,-5.72537973e-06,-2.47325653e-06,6.68728626e-06,2.85957606e-06
0.873,-9.80238346e-06,-7.93100666e-06,1.87376533e-05,2.43108235e-05,2.52642465e-05,1.50362924e-05,-3.29914603e-07,5.78760159e-06,-2.26792508e-07,-1.16396514e-05,-5.73573131e-06,-2.58249929e-06,6.57854835e-06,3.3826139e-06
0.874,-9.73271346e-06,-7.92310065e-06,1.84290512e-05,2.40042921e-05,2.50972986e-05,1.502886e-05,-4.0831333e-07,5.75032747e-06,-2.00234809e-07,-1.15135733e-05,-5.74593231e-06,-2.69030469e-06,6.47406331e-06,3.89636544e-06
0.875,-9.66254962e-06,-7.91397293e-06,1.81232231e-05,2.36979533e-05,2.49246376e-05,1.50165431e-05,-4.60579347e-07,5.71311891e-06,-1.74123244e-07,-1.13887171e-05,-5.75589361e-06,-2.79648345e-06,6.37381189e-06,4.40010843e-06
0.876,-9.59189436e-06,-7.90364289e-06,1.78201075e-05,2.3391762e-05,2.474643e-05,1.49999334e-05,-4.87318859e-07,5.67595783e-06,-1.48464101e-07,-1.12650379e-05,-5.76551939e-06,-2.90084871e-06,6.27773751e-06,4.89311319e-06
0.877,-9.52075305e-06,-7.89213302e-06,1.75196441e-05,2.30856833e-05,2.45628517e-05,1.49795875e-05,-4.8917584e-07,5.6388267e-06,-1.23261366e-07,-1.1142487e-05,-5.77471048e-06,-3.00321973e-06,6.18574829e-06,5.37464805e-06
0.878,-9.44913288e-06,-7.87947168e-06,1.72217689e-05,2.27796907e-05,2.43740877e-05,1.49560298e-05,-4.6682787e-07,5.60170895e-06,-9.8515045e-08,-1.10210112e-05,-5.78336639e-06,-3.10342424e-06,6.09771892e-06,5.84398372e-06
0.879,-9.3770428e-06,-7.86568914e-06,1.69264202e-05,2.24737687e-05,2.41803297e-05,1.49297468e-05,-4.20990311e-07,5.5645881e-06,-7.42231519e-08,-1.09005539e-05,-5.79138439e-06,-3.20129597e-06,6.01349451e-06,6.30039576e-06
0.88,-9.3044925e-06,-7.85081049e-06,1.66335489e-05,2.2167918e-05,2.39817719e-05,1.49011786e-05,-3.52424945e-07,5.52744648e-06,-5.03847765e-08,-1.07810577e-05,-5.79865762e-06,-3.29667132e-06,5.93289539e-06,6.74316713e-06
0.881,-9.23149048e-06,-7.83485268e-06,1.6343121e-05,2.18621528e-05,2.37786083e-05,1.48707194e-05,-2.61943596e-07,5.490265e-06,-2.70005415e-08,-1.06624643e-05,-5.80507515e-06,-3.38939091e-06,5.85571986e-06,7.17159314e-06
0.882,-9.15804349e-06,-7.81782897e-06,1.60551096e-05,2.15564926e-05,2.35710339e-05,1.48387289e-05,-1.50401595e-07,5.45302446e-06,-4.06987371e-09,-1.05447137e-05,-5.81052439e-06,-3.47930637e-06,5.78174331e-06,7.5849883e-06
0.883,-9.08415777e-06,-7.79975516e-06,1.57694851e-05,2.12509555e-05,2.33592447e-05,1.48055431e-05,-1.86880033e-08,5.415707e-06,1.84115997e-08,-1.04277418e-05,-5.81489347e-06,-3.56628633e-06,5.71071632e-06,7.98269252e-06
0.884,-9.00983912e-06,-7.78064991e-06,1.54862128e-05,2.09455556e-05,2.31434372e-05,1.47714755e-05,1.32278385e-07,5.37829614e-06,4.04523995e-08,-1.03114799e-05,-5.81807182e-06,-3.65021773e-06,5.64236525e-06,8.36407559e-06
0.885,-8.93509062e-06,-7.7605278e-06,1.52052591e-05,2.06403075e-05,2.29238046e-05,1.47368099e-05,3.01545036e-07,5.3407755e-06,6.2063749e-08,-1.01958547e-05,-5.81994965e-06,-3.73100246e-06,5.57639671e-06,8.72854022e-06
0.886,-8.85991321e-06,-7.73939636e-06,1.49266002e-05,2.03352347e-05,2.27005383e-05,1.47017907e-05,4.88119031e-07,5.30312782e-06,8.32565408e-08,-1.00807924e-05,-5.82041704e-06,-3.80855053e-06,5.51250576e-06,9.07552346e-06
0.887,-8.78430881e-06,-7.71725798e-06,1.4650225e-05,2.00303771e-05,2.2473832e-05,1.46666186e-05,6.9096594e-07,5.26533512e-06,1.0403977e-07,-9.96622065e-06,-5.81936511e-06,-3.88277528e-06,5.45038395e-06,9.40449813e-06
0.888,-8.70828354e-06,-7.69411514e-06,1.43761306e-05,1.97257908e-05,2.2243886e-05,1.46314551e-05,9.09014929e-07,5.22738015e-06,1.24421335e-07,-9.85207061e-06,-5.81668937e-06,-3.953594e-06,5.38972484e-06,9.71497574e-06
0.889,-8.63184864e-06,-7.66997456e-06,1.41043163e-05,1.94215453e-05,2.20109108e-05,1.45964302e-05,1.14116391e-06,5.18924798e-06,1.44409986e-07,-9.73827653e-06,-5.81229325e-06,-4.02093202e-06,5.33022765e-06,1.00065111e-05
0.89,-8.55502062e-06,-7.64484915e-06,1.38347828e-05,1.91177217e-05,2.17751299e-05,1.45616473e-05,1.38627918e-06,5.15092682e-06,1.64015942e-07,-9.62477694e-06,-5.80608967e-06,-4.08472501e-06,5.27160125e-06,1.02787068e-05
0.891,-8.47782116e-06,-7.61875787e-06,1.35675352e-05,1.8814415e-05,2.15367814e-05,1.45271839e-05,1.64319173e-06,5.112408e-06,1.83250407e-07,-9.5115161e-06,-5.79800112e-06,-4.1449193e-06,5.21356809e-06,1.05312176e-05
0.892,-8.40027625e-06,-7.59172387e-06,1.33025833e-05,1.85117344e-05,2.12961186e-05,1.44930934e-05,1.91069646e-06,5.07368599e-06,2.0212633e-07,-9.39844462e-06,-5.78796026e-06,-4.20147337e-06,5.15586619e-06,1.07637557e-05
0.893,-8.32241909e-06,-7.56378282e-06,1.30399419e-05,1.82098032e-05,2.10534145e-05,1.44594091e-05,2.18755504e-06,5.03475958e-06,2.20657837e-07,-9.28552225e-06,-5.77590982e-06,-4.254359e-06,5.09825022e-06,1.09760946e-05
0.894,-8.24429023e-06,-7.53498543e-06,1.27796289e-05,1.79087547e-05,2.0808957e-05,1.44261455e-05,2.47250713e-06,4.99563198e-06,2.38859857e-07,-9.17271729e-06,-5.76180224e-06,-4.30356329e-06,5.04048825e-06,1.11680739e-05
0.895,-8.16593001e-06,-7.50538288e-06,1.25216615e-05,1.760872e-05,2.05630298e-05,1.43932968e-05,2.76428965e-06,4.95630819e-06,2.56748795e-07,-9.05999982e-06,-5.74559876e-06,-4.3490912e-06,4.98235365e-06,1.1339603e-05
0.896,-8.08736967e-06,-7.47500911e-06,1.22660564e-05,1.73098212e-05,2.03158919e-05,1.43608292e-05,3.06165208e-06,4.91679117e-06,2.74341719e-07,-8.94733597e-06,-5.72726687e-06,-4.39096374e-06,4.92361916e-06,1.14906637e-05
0.897,-8.00862899e-06,-7.44387639e-06,1.2012838e-05,1.70121739e-05,2.00677707e-05,1.43286726e-05,3.36336159e-06,4.87707963e-06,2.91653245e-07,-8.83468903e-06,-5.70677712e-06,-4.42921117e-06,4.86405834e-06,1.16213086e-05
0.898,-7.9297188e-06,-7.41198015e-06,1.17620431e-05,1.67158927e-05,1.98188651e-05,1.42967184e-05,3.66820595e-06,4.83716803e-06,3.0869302e-07,-8.72202288e-06,-5.68410214e-06,-4.46386762e-06,4.8034509e-06,1.17316592e-05
0.899,-7.85064206e-06,-7.37929791e-06,1.15137135e-05,1.64210873e-05,1.95693459e-05,1.42648243e-05,3.97500347e-06,4.79704766e-06,3.25467915e-07,-8.60930133e-06,-5.65921979e-06,-4.49497289e-06,4.74158666e-06,1.18219039e-05
0.9,-7.77139989e-06,-7.34580035e-06,1.12678918e-05,1.61278637e-05,1.93193671e-05,1.42328244e-05,4.28260616e-06,4.75670975e-06,3.41983084e-07,-8.49649112e-06,-5.63211643e-06,-4.52257495e-06,4.67827253e-06,1.1892296e-05
0.901,-7.69199779e-06,-7.31146437e-06,1.10246208e-05,1.58363294e-05,1.90690801e-05,1.42005364e-05,4.58989509e-06,4.7161482e-06,3.58242689e-07,-8.38356698e-06,-5.60278896e-06,-4.5467305e-06,4.61334026e-06,1.19431521e-05
0.902,-7.61244803e-06,-7.27628113e-06,1.07839468e-05,1.55466001e-05,1.88186443e-05,1.41677671e-05,4.89577457e-06,4.67536051e-06,3.74249686e-07,-8.27051506e-06,-5.57124487e-06,-4.56750362e-06,4.54665071e-06,1.19748514e-05
0.903,-7.53276449e-06,-7.24024698e-06,1.05459174e-05,1.5258796e-05,1.85682206e-05,1.41343146e-05,5.19917698e-06,4.63434613e-06,3.900074e-07,-8.15732965e-06,-5.53750201e-06,-4.58496588e-06,4.47809132e-06,1.19878348e-05
0.904,-7.45295947e-06,-7.20335688e-06,1.03105803e-05,1.49730367e-05,1.83179641e-05,1.40999703e-05,5.49907192e-06,4.59310541e-06,4.05519356e-07,-8.04401007e-06,-5.50158776e-06,-4.59919641e-06,4.40757305e-06,1.19826024e-05
0.905,-7.37304412e-06,-7.16560255e-06,1.00779826e-05,1.4689438e-05,1.80680199e-05,1.40645214e-05,5.79447458e-06,4.55163954e-06,4.20788286e-07,-7.93055972e-06,-5.4635383e-06,-4.61028165e-06,4.33502989e-06,1.19597094e-05
0.906,-7.29303037e-06,-7.12697467e-06,9.84817119e-06,1.44081106e-05,1.78185231e-05,1.40277524e-05,6.08445086e-06,4.50995093e-06,4.35815161e-07,-7.8169869e-06,-5.42339806e-06,-4.61831429e-06,4.2604196e-06,1.1919761e-05
0.907,-7.21293063e-06,-7.08746435e-06,9.621191e-06,1.41291602e-05,1.75695998e-05,1.39894483e-05,6.36812116e-06,4.46804303e-06,4.50599617e-07,-7.70330483e-06,-5.38121912e-06,-4.62339231e-06,4.18372269e-06,1.18634085e-05
0.908,-7.13275612e-06,-7.04706412e-06,9.39708354e-06,1.38526862e-05,1.73213663e-05,1.39493964e-05,6.64466459e-06,4.42591996e-06,4.6514117e-07,-7.58953063e-06,-5.33706064e-06,-4.62561849e-06,4.10493961e-06,1.17913457e-05
0.909,-7.05251577e-06,-7.0057677e-06,9.17588564e-06,1.3578781e-05,1.7073928e-05,1.39073892e-05,6.91332242e-06,4.38358612e-06,4.7943976e-07,-7.47568456e-06,-5.29098821e-06,-4.62509968e-06,4.02408877e-06,1.17043043e-05
0.91,-6.97221741e-06,-6.96356913e-06,8.95763083e-06,1.33075299e-05,1.68273801e-05,1.3863224e-05,7.17339929e-06,4.3410463e-06,4.93494664e-07,-7.36179035e-06,-5.24307302e-06,-4.62194514e-06,3.9412077e-06,1.16030478e-05
0.911,-6.89186964e-06,-6.92046208e-06,8.74235117e-06,1.30390123e-05,1.65818075e-05,1.3816704e-05,7.424263e-06,4.29830572e-06,5.07303044e-07,-7.24787606e-06,-5.19339101e-06,-4.61626456e-06,3.85635482e-06,1.14883644e-05
0.912,-6.81148212e-06,-6.87644002e-06,8.53007722e-06,1.27733012e-05,1.63372857e-05,1.37676395e-05,7.665345e-06,4.25537011e-06,5.20859775e-07,-7.1339739e-06,-5.1420222e-06,-4.60816707e-06,3.76960894e-06,1.13610616e-05
0.913,-6.73106384e-06,-6.83149708e-06,8.32083577e-06,1.25104626e-05,1.60938805e-05,1.37158515e-05,7.89614217e-06,4.21224537e-06,5.34158905e-07,-7.02011891e-06,-5.08905014e-06,-4.59776143e-06,3.68106544e-06,1.12219619e-05
0.914,-6.65062116e-06,-6.78562875e-06,8.11464788e-06,1.22505532e-05,1.58516482e-05,1.36611731e-05,8.11621836e-06,4.16893741e-06,5.47195055e-07,-6.90634736e-06,-5.03456133e-06,-4.58515613e-06,3.59083225e-06,1.10718987e-05
0.915,-6.57015822e-06,-6.73883149e-06,7.91152947e-06,1.19936218e-05,1.56106355e-05,1.36034504e-05,8.32520308e-06,4.125452e-06,5.59963087e-07,-6.79269674e-06,-4.97864439e-06,-4.57045835e-06,3.49902904e-06,1.09117105e-05
0.916,-6.4896791e-06,-6.69110173e-06,7.71149416e-06,1.17397103e-05,1.5370881e-05,1.35425415e-05,8.52278741e-06,4.08179481e-06,5.72456354e-07,-6.67920671e-06,-4.92138893e-06,-4.55377183e-06,3.40578896e-06,1.07422348e-05
0.917,-6.4091894e-06,-6.64243529e-06,7.51455499e-06,1.14888563e-05,1.51324167e-05,1.34783168e-05,8.70872025e-06,4.03797141e-06,5.84665588e-07,-6.56591971e-06,-4.8628848e-06,-4.53519537e-06,3.31125938e-06,1.05643021e-05
0.918,-6.32869525e-06,-6.59282836e-06,7.32072252e-06,1.12410915e-05,1.48952682e-05,1.34106605e-05,8.88280794e-06,3.99398725e-06,5.96580053e-07,-6.45287987e-06,-4.80322176e-06,-4.5148234e-06,3.2155984e-06,1.03787326e-05
0.919,-6.24820107e-06,-6.54227894e-06,7.13000138e-06,1.0996439e-05,1.46594543e-05,1.33394735e-05,9.04491559e-06,3.94984767e-06,6.08189689e-07,-6.34013101e-06,-4.74248943e-06,-4.49274739e-06,3.11896945e-06,1.01863334e-05
0.92,-6.16770862e-06,-6.49078729e-06,6.94238921e-06,1.07549131e-05,1.44249868e-05,1.32646738e-05,9.19496595e-06,3.90555782e-06,6.19485956e-07,-6.22771568e-06,-4.68077685e-06,-4.46905622e-06,3.02153827e-06,9.98789544e-06
0.921,-6.08721876e-06,-6.43835445e-06,6.7578799e-06,1.05165213e-05,1.4191872e-05,1.31861942e-05,9.33293312e-06,3.86112252e-06,6.30460181e-07,-6.11567612e-06,-4.61817144e-06,-4.4438342e-06,2.92347434e-06,9.78418868e-06
0.922,-6.00673374e-06,-6.3849808e-06,6.57646744e-06,1.02812685e-05,1.39601129e-05,1.31039807e-05,9.45883489e-06,3.81654613e-06,6.41101538e-07,-6.00405565e-06,-4.55475801e-06,-4.41715899e-06,2.82495312e-06,9.57595761e-06
0.923,-5.92625753e-06,-6.33066622e-06,6.39814604e-06,1.00491575e-05,1.37297098e-05,1.30179928e-05,9.57272916e-06,3.77183257e-06,6.51397113e-07,-5.89289843e-06,-4.49061848e-06,-4.38910156e-06,2.72615478e-06,9.36391878e-06
0.924,-5.84579359e-06,-6.27541194e-06,6.222906e-06,9.82018544e-06,1.35006602e-05,1.29282051e-05,9.67471535e-06,3.72698555e-06,6.61334295e-07,-5.7822475e-06,-4.42583235e-06,-4.35972844e-06,2.62725872e-06,9.14876009e-06
0.925,-5.76534284e-06,-6.21922189e-06,6.05073045e-06,9.59434129e-06,1.32729569e-05,1.28346088e-05,9.76493532e-06,3.68200864e-06,6.70902749e-07,-5.67214303e-06,-4.36047683e-06,-4.32910356e-06,2.52843895e-06,8.93114002e-06
0.926,-5.68490451e-06,-6.16210184e-06,5.88159726e-06,9.37160734e-06,1.30465896e-05,1.27372097e-05,9.84356807e-06,3.63690519e-06,6.80093603e-07,-5.56262274e-06,-4.29462627e-06,-4.29728735e-06,2.42986442e-06,8.71168545e-06
0.927,-5.60447891e-06,-6.10405746e-06,5.71548405e-06,9.15196409e-06,1.28215468e-05,1.26360251e-05,9.91082023e-06,3.59167816e-06,6.88896904e-07,-5.45372377e-06,-4.2283512e-06,-4.2643344e-06,2.33170251e-06,8.4909888e-06
0.928,-5.52406906e-06,-6.04509336e-06,5.55237079e-06,8.93539332e-06,1.25978179e-05,1.25310821e-05,9.96691921e-06,3.54633005e-06,6.97300363e-07,-5.34548371e-06,-4.16171797e-06,-4.23029242e-06,2.23412036e-06,8.26960663e-06
0.929,-5.44367852e-06,-5.98521422e-06,5.39223716e-06,8.72187591e-06,1.23753926e-05,1.24224187e-05,1.00121134e-05,3.50086288e-06,7.05291231e-07,-5.23793894e-06,-4.09478913e-06,-4.19520397e-06,2.13728074e-06,8.04806049e-06
0.93,-5.36330793e-06,-5.92442595e-06,5.23505866e-06,8.51138806e-06,1.21542588e-05,1.23100838e-05,1.00466743e-05,3.45527803e-06,7.12858969e-07,-5.13112239e-06,-4.02762388e-06,-4.15910871e-06,2.04133645e-06,7.82683854e-06
0.931,-5.28295465e-06,-5.86273611e-06,5.0808058e-06,8.30390028e-06,1.19344028e-05,1.21941373e-05,1.00708957e-05,3.40957642e-06,7.19995729e-07,-5.02506311e-06,-3.96027809e-06,-4.12204423e-06,1.94642901e-06,7.60639546e-06
0.932,-5.20261821e-06,-5.80015471e-06,4.92944525e-06,8.09937892e-06,1.17158099e-05,1.20746494e-05,1.00850872e-05,3.36375977e-06,7.26694001e-07,-4.91978847e-06,-3.89280453e-06,-4.08404568e-06,1.85269354e-06,7.38715022e-06
0.933,-5.12230562e-06,-5.73669519e-06,4.78094084e-06,7.89778782e-06,1.14984665e-05,1.1951701e-05,1.00895688e-05,3.31783188e-06,7.32944461e-07,-4.81532632e-06,-3.82525323e-06,-4.04514563e-06,1.76026328e-06,7.16948447e-06
0.934,-5.04202816e-06,-5.67237251e-06,4.63525558e-06,7.69909062e-06,1.12823607e-05,1.18253818e-05,1.00846663e-05,3.27179746e-06,7.38736628e-07,-4.71170415e-06,-3.757671e-06,-4.00537336e-06,1.66926704e-06,6.95374503e-06
0.935,-4.96179067e-06,-5.60719733e-06,4.49235734e-06,7.50325556e-06,1.10674829e-05,1.16957818e-05,1.00707065e-05,3.22565813e-06,7.44061259e-07,-4.6089461e-06,-3.69009976e-06,-3.96475257e-06,1.57982138e-06,6.74024959e-06
0.936,-4.88158521e-06,-5.54117233e-06,4.35222256e-06,7.31025837e-06,1.08538254e-05,1.15629863e-05,1.00480139e-05,3.17941006e-06,7.48911638e-07,-4.50707144e-06,-3.62257568e-06,-3.9233004e-06,1.49202629e-06,6.52929028e-06
0.937,-4.80139923e-06,-5.47429719e-06,4.21483121e-06,7.12007784e-06,1.06413826e-05,1.142708e-05,1.00169121e-05,3.13304721e-06,7.53282177e-07,-4.4060967e-06,-3.55513097e-06,-3.88103031e-06,1.40597045e-06,6.32113122e-06
0.938,-4.72122846e-06,-5.40657704e-06,4.08015773e-06,6.93268821e-06,1.04301494e-05,1.12881564e-05,9.97772712e-06,3.0865668e-06,7.57166487e-07,-4.30603856e-06,-3.48779667e-06,-3.83795645e-06,1.32173926e-06,6.11600446e-06
0.939,-4.64108049e-06,-5.33802516e-06,3.94816776e-06,6.74805654e-06,1.0220121e-05,1.11463209e-05,9.93078692e-06,3.03997084e-06,7.60557091e-07,-4.20691442e-06,-3.42060343e-06,-3.79409494e-06,1.23941662e-06,5.91411007e-06
0.94,-4.56096644e-06,-5.26865843e-06,3.8188222e-06,6.56614611e-06,1.00112925e-05,1.10016852e-05,9.87641897e-06,2.99326303e-06,7.63447299e-07,-4.10873999e-06,-3.35358002e-06,-3.74946219e-06,1.15907917e-06,5.71562113e-06
0.941,-4.48089269e-06,-5.19849254e-06,3.69208193e-06,6.38691993e-06,9.80365912e-06,1.08543605e-05,9.81494768e-06,2.94644543e-06,7.6583276e-07,-4.01152725e-06,-3.28675188e-06,-3.7040732e-06,1.08079103e-06,5.5206884e-06
0.942,-4.40086078e-06,-5.12754083e-06,3.56790989e-06,6.21034279e-06,9.59721657e-06,1.07044555e-05,9.7466912e-06,2.8995182e-06,7.67710897e-07,-3.91528505e-06,-3.2201411e-06,-3.65794103e-06,1.00460479e-06,5.32944181e-06
0.943,-4.32087146e-06,-5.05581437e-06,3.4462733e-06,6.03638403e-06,9.39196323e-06,1.05520757e-05,9.67195571e-06,2.8524806e-06,7.69078794e-07,-3.82002134e-06,-3.15376711e-06,-3.61107604e-06,9.30566289e-07,5.14199054e-06
0.944,-4.24092743e-06,-4.98332249e-06,3.32714441e-06,5.86501905e-06,9.18790163e-06,1.0397324e-05,9.59103193e-06,2.80533183e-06,7.69932077e-07,-3.72574457e-06,-3.08764738e-06,-3.56348596e-06,8.58717528e-07,4.95842379e-06
0.945,-4.16103273e-06,-4.91007433e-06,3.21049718e-06,5.69622584e-06,8.98503671e-06,1.02403022e-05,9.504199e-06,2.75807127e-06,7.70266111e-07,-3.63246266e-06,-3.02179779e-06,-3.51517744e-06,7.89094982e-07,4.77881242e-06
0.946,-4.08119134e-06,-4.83608093e-06,3.09630232e-06,5.52997949e-06,8.78337262e-06,1.00811123e-05,9.41173106e-06,2.71069877e-06,7.70077937e-07,-3.54018126e-06,-2.9562328e-06,-3.46615833e-06,7.21726857e-07,4.60321042e-06
0.947,-4.00140667e-06,-4.76135534e-06,2.98452656e-06,5.36625114e-06,8.5829118e-06,9.91985729e-06,9.31389827e-06,2.6632145e-06,7.69366574e-07,-3.44890344e-06,-2.89096537e-06,-3.41643796e-06,6.56632778e-07,4.43165618e-06
0.948,-3.92168205e-06,-4.68591028e-06,2.87513748e-06,5.20501303e-06,8.38365752e-06,9.75663731e-06,9.21096005e-06,2.61561858e-06,7.68131469e-07,-3.35863112e-06,-2.82600699e-06,-3.3660252e-06,5.93826555e-07,4.264174e-06
0.949,-3.84202129e-06,-4.60975623e-06,2.76810796e-06,5.0462434e-06,8.18561653e-06,9.59154761e-06,9.10315894e-06,2.56791068e-06,7.66371009e-07,-3.26936664e-06,-2.76136774e-06,-3.3149269e-06,5.3331872e-07,4.10077573e-06
0.95,-3.76242875e-06,-4.53290213e-06,2.66341472e-06,4.88992516e-06,7.98879854e-06,9.42467911e-06,8.99072208e-06,2.52009027e-06,7.64082959e-07,-3.18111244e-06,-2.69705675e-06,-3.26314867e-06,4.75116328e-07,3.94146206e-06
0.951,-3.68290893e-06,-4.4553577e-06,2.56103362e-06,4.73604071e-06,7.79321324e-06,9.25612074e-06,8.87386764e-06,2.47215701e-06,7.61265887e-07,-3.0938698e-06,-2.63308217e-06,-3.21069681e-06,4.19221125e-07,3.78622326e-06
0.952,-3.60346621e-06,-4.37713447e-06,2.46093705e-06,4.58456917e-06,7.59886858e-06,9.08596051e-06,8.75280819e-06,2.42411104e-06,7.57919949e-07,-3.00763804e-06,-2.56945133e-06,-3.15757918e-06,3.65628797e-07,3.63504002e-06
0.953,-3.52410497e-06,-4.29824434e-06,2.36309705e-06,4.43548939e-06,7.40577227e-06,8.91428376e-06,8.62774701e-06,2.37595259e-06,7.54045928e-07,-2.92241547e-06,-2.50617063e-06,-3.10380408e-06,3.14330638e-07,3.48788461e-06
0.954,-3.4448298e-06,-4.2186977e-06,2.26748911e-06,4.28878415e-06,7.21393429e-06,8.7411711e-06,8.4988729e-06,2.32768174e-06,7.4964408e-07,-2.83820062e-06,-2.44324589e-06,-3.04937889e-06,2.65315661e-07,3.34472232e-06
0.955,-3.36564564e-06,-4.13850337e-06,2.17409264e-06,4.1444407e-06,7.02336719e-06,8.56669828e-06,8.36635982e-06,2.27929833e-06,7.44713957e-07,-2.7549925e-06,-2.38068245e-06,-2.99431e-06,2.18571095e-07,3.20551241e-06
0.956,-3.28655764e-06,-4.05767024e-06,2.08288745e-06,4.00244715e-06,6.83408402e-06,8.39093788e-06,8.23037173e-06,2.23080233e-06,7.39255424e-07,-2.67278965e-06,-2.31848523e-06,-2.93860415e-06,1.74081197e-07,3.07020866e-06
0.957,-3.20757101e-06,-3.9762084e-06,1.99385125e-06,3.86278965e-06,6.64609643e-06,8.21396051e-06,8.09106635e-06,2.182194e-06,7.33269356e-07,-2.59158937e-06,-2.2566586e-06,-2.88226922e-06,1.3182641e-07,2.93875962e-06
0.958,-3.12869098e-06,-3.89412855e-06,1.90696083e-06,3.72545359e-06,6.45941534e-06,8.03583419e-06,7.9485938e-06,2.13347379e-06,7.26757288e-07,-2.51138816e-06,-2.19520641e-06,-2.82531378e-06,9.17842072e-08,2.81110948e-06
0.959,-3.04992288e-06,-3.81144049e-06,1.82219507e-06,3.59042662e-06,6.27405285e-06,7.8566229e-06,7.80309284e-06,2.08464212e-06,7.19720523e-07,-2.4321826e-06,-2.13413233e-06,-2.76774609e-06,5.39306855e-08,2.68719915e-06
0.96,-2.97127223e-06,-3.72815281e-06,1.73953591e-06,3.45769978e-06,6.09002303e-06,7.67638623e-06,7.65468974e-06,2.0356993e-06,7.12159842e-07,-2.35396981e-06,-2.07343996e-06,-2.70957385e-06,1.82412652e-08,2.56696706e-06
0.961,-2.89274471e-06,-3.64427376e-06,1.65896636e-06,3.32726548e-06,5.90734061e-06,7.49518035e-06,7.50350125e-06,1.98664572e-06,7.04076025e-07,-2.27674688e-06,-2.01313282e-06,-2.65080485e-06,-1.53099498e-08,2.45034946e-06
0.962,-2.81434618e-06,-3.55981234e-06,1.58046841e-06,3.1991154e-06,5.72601945e-06,7.31305892e-06,7.34963789e-06,1.9374819e-06,6.95470422e-07,-2.20051025e-06,-1.9532141e-06,-2.59144761e-06,-4.67508963e-08,2.33728048e-06
0.963,-2.73608264e-06,-3.47477806e-06,1.50402325e-06,3.07324062e-06,5.54607259e-06,7.13007311e-06,7.19320393e-06,1.88820856e-06,6.86344864e-07,-2.12525582e-06,-1.89368673e-06,-2.53151124e-06,-7.61112178e-08,2.22769255e-06
0.964,-2.65796012e-06,-3.38918002e-06,1.42961314e-06,2.94963333e-06,5.36751356e-06,6.94627089e-06,7.03429517e-06,1.83882642e-06,6.76701147e-07,-2.05097952e-06,-1.83455362e-06,-2.47100485e-06,-1.03421267e-07,2.12151704e-06
0.965,-2.57998468e-06,-3.30302647e-06,1.3572224e-06,2.82828786e-06,5.19035719e-06,6.76169671e-06,6.87299774e-06,1.78933625e-06,6.66540747e-07,-1.97767769e-06,-1.77581787e-06,-2.40993726e-06,-1.28711454e-07,2.0186848e-06
0.966,-2.50216249e-06,-3.21632529e-06,1.2868365e-06,2.70919981e-06,5.01461895e-06,6.57639194e-06,6.70938978e-06,1.73973883e-06,6.55865042e-07,-1.90534683e-06,-1.71748264e-06,-2.34831732e-06,-1.52012587e-07,1.91912634e-06
0.967,-2.42449999e-06,-3.12908472e-06,1.21844057e-06,2.59236489e-06,4.84031393e-06,6.39039547e-06,6.5435437e-06,1.69003505e-06,6.44675677e-07,-1.83398322e-06,-1.659551e-06,-2.28615425e-06,-1.73356354e-07,1.82277173e-06
0.968,-2.34700387e-06,-3.04131342e-06,1.15201932e-06,2.47777865e-06,4.66745653e-06,6.20374386e-06,6.37552687e-06,1.64022589e-06,6.32974566e-07,-1.76358283e-06,-1.60202582e-06,-2.22345765e-06,-1.9277534e-07,1.72955071e-06
0.969,-2.26968086e-06,-2.95301993e-06,1.08755788e-06,2.36543709e-06,4.49606129e-06,6.01647119e-06,6.20540044e-06,1.59031244e-06,6.20763718e-07,-1.69414163e-06,-1.54491007e-06,-2.16023728e-06,-2.10302434e-07,1.63939316e-06
0.97,-2.19253762e-06,-2.86421233e-06,1.02504255e-06,2.25533721e-06,4.32614339e-06,5.82860887e-06,6.03321865e-06,1.54029582e-06,6.08044991e-07,-1.62565581e-06,-1.4882069e-06,-2.09650281e-06,-2.25970457e-07,1.55222931e-06
0.971,-2.11558077e-06,-2.77489839e-06,9.64460385e-07,2.14747674e-06,4.15771847e-06,5.64018589e-06,5.85902948e-06,1.49017727e-06,5.94820239e-07,-1.55812174e-06,-1.43191972e-06,-2.03226403e-06,-2.39812223e-07,1.46798989e-06
0.972,-2.03881729e-06,-2.68508609e-06,9.05798652e-07,2.04185401e-06,3.99080204e-06,5.45122889e-06,5.68287604e-06,1.43995802e-06,5.81091335e-07,-1.49153582e-06,-1.37605184e-06,-1.96753082e-06,-2.5186085e-07,1.38660596e-06
0.973,-1.96225447e-06,-2.59478365e-06,8.49044449e-07,1.93846774e-06,3.82540942e-06,5.26176241e-06,5.50479692e-06,1.38963939e-06,5.66860307e-07,-1.42589438e-06,-1.32060665e-06,-1.90231336e-06,-2.62149711e-07,1.30800919e-06
0.974,-1.88589979e-06,-2.50399927e-06,7.94185281e-07,1.83731707e-06,3.66155595e-06,5.07180887e-06,5.32482579e-06,1.33922274e-06,5.52129102e-07,-1.36119388e-06,-1.26558759e-06,-1.83662186e-06,-2.7071212e-07,1.23213189e-06
0.975,-1.80976052e-06,-2.41274081e-06,7.41209221e-07,1.73840143e-06,3.49925741e-06,4.88138887e-06,5.14299086e-06,1.28870957e-06,5.36899652e-07,-1.29743095e-06,-1.2109985e-06,-1.77046679e-06,-2.77581027e-07,1.15890742e-06
0.976,-1.73384403e-06,-2.32101586e-06,6.90105071e-07,1.6417208e-06,3.33852993e-06,4.69052099e-06,4.95931515e-06,1.2381014e-06,5.2117369e-07,-1.23460249e-06,-1.15684345e-06,-1.70385859e-06,-2.82789048e-07,1.08827002e-06
0.977,-1.65815792e-06,-2.22883207e-06,6.40861913e-07,1.54727591e-06,3.17938994e-06,4.49922192e-06,4.77381712e-06,1.18739985e-06,5.04952931e-07,-1.1727056e-06,-1.10312677e-06,-1.63680803e-06,-2.86368623e-07,1.020155e-06
0.978,-1.58271036e-06,-2.13619726e-06,5.93469193e-07,1.4550685e-06,3.02185402e-06,4.30750631e-06,4.58651113e-06,1.13660646e-06,4.882389e-07,-1.11173762e-06,-1.04985286e-06,-1.56932582e-06,-2.88352135e-07,9.54498347e-07
0.979,-1.50750956e-06,-2.04311934e-06,5.47916316e-07,1.36510049e-06,2.86593887e-06,4.11538726e-06,4.39740788e-06,1.08572288e-06,4.71033262e-07,-1.05169597e-06,-9.97026432e-07,-1.50142312e-06,-2.88772092e-07,8.9123698e-07
0.98,-1.43256341e-06,-1.9496063e-06,5.04192775e-07,1.27737349e-06,2.71166111e-06,3.92287625e-06,4.20651483e-06,1.0347507e-06,4.53337737e-07,-9.92578141e-07,-9.44652337e-07,-1.43311114e-06,-2.87661254e-07,8.30308317e-07
0.981,-1.35787941e-06,-1.85566613e-06,4.62287965e-07,1.19188877e-06,2.55903749e-06,3.72998333e-06,4.01383631e-06,9.83691616e-07,4.35154302e-07,-9.34381632e-07,-8.9273579e-07,-1.36440152e-06,-2.85052767e-07,7.71650457e-07
0.982,-1.2834652e-06,-1.76130702e-06,4.22191638e-07,1.10864846e-06,2.40808508e-06,3.53671663e-06,3.81937355e-06,9.32547174e-07,4.16484885e-07,-8.77104193e-07,-8.4128208e-07,-1.29530584e-06,-2.80980186e-07,7.15201717e-07
0.983,-1.20932868e-06,-1.66653738e-06,3.83893743e-07,1.0276558e-06,2.25882159e-06,3.34308265e-06,3.62312475e-06,8.81318936e-07,3.97331523e-07,-8.20743771e-07,-7.90296766e-07,-1.22583602e-06,-2.75477603e-07,6.60900738e-07
0.984,-1.13547817e-06,-1.57136547e-06,3.47384733e-07,9.48914784e-07,2.11126523e-06,3.14908693e-06,3.42508486e-06,8.30008511e-07,3.77696047e-07,-7.65298499e-07,-7.39785531e-07,-1.15600412e-06,-2.68579328e-07,6.08685779e-07
0.985,-1.06192209e-06,-1.4757991e-06,3.12655393e-07,8.72429157e-07,1.96543463e-06,2.95473526e-06,3.22524533e-06,7.78617864e-07,3.5758019e-07,-7.107664e-07,-6.89754384e-07,-1.08582301e-06,-2.60319783e-07,5.58494705e-07
0.986,-9.88669206e-07,-1.3798455e-06,2.79697149e-07,7.98202783e-07,1.82134894e-06,2.76003363e-06,3.02359401e-06,7.27149237e-07,3.3698536e-07,-6.57145477e-07,-6.40209454e-07,-1.01530595e-06,-2.50733424e-07,5.102643e-07
0.987,-9.15728945e-07,-1.28351144e-06,2.48502014e-07,7.26240052e-07,1.67902822e-06,2.5649887e-06,2.82011505e-06,6.7560531e-07,3.15912761e-07,-6.04433641e-07,-5.91157074e-07,-9.44466963e-07,-2.39854927e-07,4.63930324e-07
0.988,-8.43111652e-07,-1.18680334e-06,2.19062753e-07,6.56546623e-07,1.53849372e-06,2.3696074e-06,2.61478906e-06,6.23989024e-07,2.9436331e-07,-5.52628799e-07,-5.42603563e-07,-8.73320234e-07,-2.2771931e-07,4.19426781e-07
0.989,-7.70827533e-07,-1.08972776e-06,1.91372381e-07,5.89128927e-07,1.39976768e-06,2.17389608e-06,2.40759502e-06,5.72303439e-07,2.72338377e-07,-5.01728564e-07,-4.94555035e-07,-8.01880141e-07,-2.14363304e-07,3.76686056e-07
0.99,-6.98885768e-07,-9.9229179e-07,1.65424022e-07,5.23994174e-07,1.2628732e-06,1.97785876e-06,2.19851187e-06,5.2055125e-07,2.49840216e-07,-4.51730163e-07,-4.47016972e-07,-7.30160325e-07,-1.99826292e-07,3.35638186e-07
0.991,-6.272941e-07,-8.94503371e-07,1.41210573e-07,4.61150222e-07,1.12783385e-06,1.78149676e-06,1.98751989e-06,4.68734857e-07,2.26872362e-07,-4.02630139e-07,-3.99993897e-07,-6.58173851e-07,-1.84151077e-07,2.96210705e-07
0.992,-5.56058962e-07,-7.96371837e-07,1.18724314e-07,4.0060673e-07,9.94673184e-07,1.5848073e-06,1.77460243e-06,4.16856057e-07,2.03439866e-07,-3.5442419e-07,-3.53488894e-07,-5.8593252e-07,-1.67384417e-07,2.58327723e-07
0.993,-4.85185945e-07,-6.97907785e-07,9.79567209e-08,3.42374871e-07,8.63414608e-07,1.38778476e-06,1.55974607e-06,3.64916451e-07,1.79549261e-07,-3.07106899e-07,-3.07503415e-07,-5.13447198e-07,-1.49576889e-07,2.21909482e-07
0.994,-4.14682227e-07,-5.9912106e-07,7.88999355e-08,2.86465789e-07,7.34083558e-07,1.19042707e-06,1.34293455e-06,3.12918458e-07,1.55206939e-07,-2.60671965e-07,-2.62038067e-07,-4.40728035e-07,-1.30779045e-07,1.86870917e-07
0.995,-3.44558226e-07,-5.00019077e-07,6.1547674e-08,2.32888425e-07,6.06708716e-07,9.92741959e-07,1.12414434e-06,2.60866462e-07,1.30417997e-07,-2.15112181e-07,-2.17093153e-07,-3.67785276e-07,-1.11038789e-07,1.53121015e-07
0.996,-2.74826329e-07,-4.00607637e-07,4.58934667e-08,1.8164835e-07,4.81319519e-07,7.94745442e-07,9.03349607e-07,2.08766273e-07,1.05187027e-07,-1.70418544e-07,-1.72667661e-07,-2.94628618e-07,-9.04030202e-08,1.20561741e-07
0.997,-2.05497473e-07,-3.00893035e-07,3.19272745e-08,1.32746357e-07,3.57940319e-07,5.9645568e-07,6.80533858e-07,1.56624012e-07,7.95202509e-08,-1.26578673e-07,-1.28756977e-07,-2.21266561e-07,-6.89226223e-08,8.90874957e-08
0.998,-1.36579951e-07,-2.00882469e-07,1.96348085e-08,8.61780955e-08,2.36588225e-07,3.97889891e-07,4.55694622e-07,1.04445394e-07,5.34261394e-08,-8.35762362e-08,-8.53518546e-08,-1.47705444e-07,-4.66539317e-08,5.85844875e-08
0.999,-6.80796676e-08,-1.00582924e-07,8.99881844e-09,4.19341494e-08,1.17273508e-07,1.99065263e-07,2.2884256e-07,5.22357605e-08,2.69151902e-08,-4.13911708e-08,-4.24386548e-08,-7.39493112e-08,-2.36580996e-08,2.89313332e-08
1.0,-0.0,-0.0,-0.0,-0.0,-0.0,-0.0,-0.0,0.0,0.0,0.0,0.0,0.0,0.0,0.0
