r,R  6/ 3,R  7/ 3,R  8/ 3,R  9/ 3,R 10/ 3,R 11/ 3,R 12/ 3,R 13/ 3,R 14/ 3,R 15/ 3,I  6/ 3,I  7/ 3,I  8/ 3,I  9/ 3,I 10/ 3,I 11/ 3,I 12/ 3,I 13/ 3,I 14/ 3,I 15/ 3
0.0,0.0,0.0,0.0,0.0,0.0,0.0,0.0,0.0,0.0,0.0,0.0,0.0,0.0,0.0,0.0,0.0,0.0,0.0,0.0,0.0
0.001,-2.23930717e-11,-1.17962084e-13,2.93686584e-13,-5.5064779e-14,-2.06896617e-14,2.39745517e-14,3.2873111800000003e-15,-1.08069863e-14,-1.2572263500000002e-15,5.87290904e-15,5.60748219e-12,-4.45425019e-14,-4.92125437e-14,-1.05855168e-14,1.03795199e-14,6.105659740000001e-15,-2.16772448e-15,-1.0233183800000001e-15,5.14779516e-16,4.04171319e-16
0.002,-2.65132929e-10,-6.53697018e-12,3.69448476e-12,-9.59938556e-14,-1.59438108e-13,2.14117864e-13,2.71112822e-14,-7.43825656e-14,-6.758512020000001e-15,2.98603461e-14,6.54704881e-11,-1.20895189e-12,-6.46537644e-13,5.6156263e-14,2.00528001e-13,1.20679973e-13,-1.73769634e-14,-1.82524037e-14,3.1765610800000003e-15,-5.1520782e-15
0.003,-1.58611613e-09,-7.02419388e-11,2.0645067e-11,1.10689758e-12,-1.05314186e-12,1.09531105e-12,1.58926264e-13,-3.94995377e-13,-2.33508429e-14,1.47808498e-13,3.87379269e-10,-8.59521329e-12,-3.82466079e-12,1.55236129e-12,1.54293217e-12,8.68667538e-13,-1.14623466e-13,-2.57924471e-13,1.47782226e-14,6.09322468e-14
0.004,-6.47923622e-09,-4.00262399e-10,7.48646675e-11,9.16982343e-12,-5.44015103e-12,3.78063855e-12,9.01186935e-13,-1.48612722e-12,-1.17445906e-13,5.74115768e-13,1.57001946e-09,-2.91948835e-11,-1.12440859e-11,1.24851944e-11,7.19780888e-12,3.01427393e-12,-6.05323267e-13,-1.21796842e-12,7.77877511e-14,4.44924901e-13
0.005,-2.05661515e-08,-1.58920438e-09,2.01247366e-10,4.06474968e-11,-2.10401011e-11,9.77164664e-12,3.89033609e-12,-4.22469888e-12,-5.45797649e-13,1.71422786e-12,4.96729835e-09,-3.59645118e-11,-9.79695744e-12,6.04619074e-11,2.45002968e-11,6.07689835e-12,-2.41147806e-12,-3.47678279e-12,3.35977097e-13,1.56553055e-12
0.006,-5.45351453e-08,-4.98406e-09,4.19240126e-10,1.33146865e-10,-6.47572444e-11,2.00533655e-11,1.29655807e-11,-9.74473959e-12,-1.9569793e-12,4.19030001e-12,1.31915528e-08,1.49529857e-10,6.98827795e-11,2.16061452e-10,6.77890987e-11,5.45600336e-12,-7.63236073e-12,-7.0735658e-12,1.13928106e-12,3.87940595e-12
0.007,-1.26441746e-07,-1.32322754e-08,6.57595749e-10,3.59003178e-10,-1.67638665e-10,3.34060736e-11,3.55697944e-11,-1.90894704e-11,-5.6604623e-12,8.7724175e-12,3.07495987e-08,1.10690731e-09,4.42504119e-10,6.3106664e-10,1.62933511e-10,-1.1340649e-11,-2.03378914e-11,-1.05406031e-11,3.18996989e-12,7.66833037e-12
0.008,-2.64299666e-07,-3.10310634e-08,6.00731294e-10,8.42590115e-10,-3.79288086e-10,4.41324473e-11,8.44741146e-11,-3.26529045e-11,-1.3972135e-11,1.63161477e-11,6.47937521e-08,4.24625944e-09,1.63206095e-09,1.59935326e-09,3.54648533e-10,-6.87428502e-11,-4.7647373e-11,-9.56902204e-12,7.74642142e-12,1.2593419e-11
0.009,-5.08907931e-07,-6.61060726e-08,-5.76805368e-10,1.78139347e-09,-7.69756216e-10,3.94586026e-11,1.79799976e-10,-4.92984188e-11,-3.06320695e-11,2.74005781e-11,1.25963425e-07,1.24592891e-08,4.74415267e-09,3.65261957e-09,7.17900783e-10,-2.06614486e-10,-1.0114894e-10,4.39337973e-12,1.68824162e-11,1.73562635e-11
0.01,-9.16875996e-07,-1.30444107e-07,-4.62339386e-09,3.47076738e-09,-1.42620872e-09,-2.94938367e-12,3.51296301e-10,-6.54934352e-11,-6.1353564e-11,4.232673e-11,2.29289298e-07,3.10299121e-08,1.18855454e-08,7.70854364e-09,1.37513332e-09,-4.8263894e-10,-1.9876104e-10,4.5903751e-11,3.38521821e-11,1.89143432e-11
0.011,-1.56382141e-06,-2.41804087e-07,-1.48072321e-08,6.33190472e-09,-2.44092321e-09,-1.17242517e-10,6.40681264e-10,-7.38605095e-11,-1.14420791e-10,6.01783404e-11,3.95130104e-07,6.88374692e-08,2.6774122e-08,1.52944909e-08,2.52164622e-09,-9.72332882e-10,-3.67028568e-10,1.36868475e-10,6.354395e-11,1.20968613e-11
0.012,-2.54772295e-06,-4.25531058e-07,-3.67330622e-08,1.0941477e-08,-3.88650767e-09,-3.50535579e-10,1.10394539e-09,-6.23852157e-11,-2.01555531e-10,7.92559757e-11,6.50110684e-07,1.39880936e-07,5.55854809e-08,2.88764007e-08,4.46247714e-09,-1.7663624e-09,-6.43944273e-10,3.08338431e-10,1.13096784e-10,-1.13413526e-11
0.013,-3.99241599e-06,-7.16700106e-07,-7.94140082e-08,1.80604669e-08,-5.7735904e-09,-7.63364298e-10,1.81300728e-09,-1.2232631e-11,-3.38668714e-10,9.51548922e-11,1.02802838e-06,2.6514764e-07,1.08084366e-07,5.2327648e-08,7.66527778e-09,-2.96297808e-09,-1.08211189e-09,6.01310231e-10,1.92705439e-10,-6.34062595e-11
0.014,-6.05121792e-06,-1.16262033e-06,-1.56633354e-07,2.86570003e-08,-7.98605064e-09,-1.42733151e-09,2.85679265e-09,1.02396604e-10,-5.4711787e-10,1.01966007e-10,1.57069232e-06,4.74843531e-07,1.99090017e-07,9.15799268e-08,1.28355837e-08,-4.65564215e-09,-1.75219419e-09,1.06780414e-09,3.16544876e-10,-1.60176818e-10
0.015,-8.91066991e-06,-1.82573428e-06,-2.88631241e-07,4.39168539e-08,-1.01882322e-08,-2.42179066e-09,4.34035854e-09,3.17317004e-10,-8.54462217e-10,8.93098358e-11,2.32865678e-06,8.10995584e-07,3.50324562e-07,1.5550166e-07,2.10227721e-08,-6.91230102e-09,-2.74634005e-09,1.77095058e-09,5.04153815e-10,-3.23610717e-10
0.016,-1.27943795e-05,-2.78695399e-06,-5.04152596e-07,6.52296523e-08,-1.1699365e-08,-3.82493191e-09,6.38287974e-09,6.7723691e-10,-1.29596625e-09,4.39599482e-11,3.36180547e-06,1.33042709e-06,5.92692995e-07,2.57057764e-07,3.37680056e-08,-9.74629961e-09,-4.18101912e-09,2.78406667e-09,7.8162264e-10,-5.79804349e-10
0.017,-1.79669474e-05,-4.14948334e-06,-8.42894926e-07,9.41387291e-08,-1.13291532e-08,-5.70395946e-09,9.11196105e-09,1.23932606e-09,-1.91511992e-09,-5.30416737e-11,4.73973938e-06,2.10809847e-06,9.69042148e-07,4.14805314e-07,5.33083477e-08,-1.30742025e-08,-6.19934986e-09,4.19046966e-09,1.18369738e-09,-9.62773892e-10
0.018,-2.47379594e-05,-6.04318317e-06,-1.35839843e-06,1.32231869e-07,-7.17107834e-09,-8.0957685e-09,1.26564299e-08,2.07063262e-09,-2.76488612e-09,-2.26079214e-10,6.54191517e-06,3.24079196e-06,1.53744458e-06,6.54789314e-07,8.28549694e-08,-1.66584725e-08,-8.97109771e-09,6.07896923e-09,1.75516444e-09,-1.50980387e-09
0.019,-3.34660282e-05,-8.62954728e-06,-2.12142578e-06,1.80953615e-07,3.65293127e-09,-1.09869441e-08,1.71338213e-08,3.25084145e-09,-3.90775702e-09,-5.04791654e-10,8.85747793e-06,4.85110972e-06,2.37505112e-06,1.01290057e-06,1.26967832e-07,-2.00308037e-08,-1.26918502e-08,8.54404509e-09,2.55331608e-09,-2.2665729e-09
0.02,-4.45628653e-05,-1.21073622e-05,-3.22388495e-06,2.413009e-07,2.52971631e-08,-1.42799537e-08,2.26359725e-08,4.86891373e-09,-5.41599945e-09,-9.28699259e-10,1.17847263e-05,7.09173572e-06,3.58255335e-06,1.53776735e-06,1.92052332e-07,-2.23881126e-08,-1.75774332e-08,1.16767833e-08,3.64980188e-09,-3.2810895e-09
0.021,-5.84973711e-05,-1.67191391e-05,-4.7833561e-06,3.13373695e-07,6.3552091e-08,-1.77586068e-08,2.92084471e-08,7.02242597e-09,-7.37098849e-09,-1.53879226e-09,1.54301465e-05,1.01499033e-05,5.28929332e-06,2.29424954e-06,2.87010884e-07,-2.24608743e-08,-2.38572929e-08,1.55648534e-08,5.13199674e-09,-4.60701728e-09
0.022,-7.57997279e-05,-2.27584028e-05,-6.9482912e-06,3.95722716e-07,1.26255929e-07,-2.10361253e-08,3.6827149e-08,9.81578358e-09,-9.86200294e-09,-2.39248556e-09,1.99069451e-05,1.42519853e-05,7.65905367e-06,3.36760816e-06,4.24082338e-07,-1.83357558e-08,-3.17610639e-08,2.02790726e-08,7.10642002e-09,-6.30069754e-09
0.023,-9.70654853e-05,-3.05779447e-05,-9.9039655e-06,4.84453888e-07,2.23761122e-07,-2.35024064e-08,4.53691031e-08,1.33507094e-08,-1.29842083e-08,-3.54197805e-09,2.5333013e-05,1.96681172e-05,1.08965542e-05,4.86842605e-06,6.19914929e-07,-7.23789128e-09,-4.1502919e-08,2.58712594e-08,9.69601599e-09,-8.4160752e-09
0.024,-0.000122959622,-4.0599133e-05,-1.38792691e-05,5.72005816e-07,3.69446072e-07,-2.42549994e-08,5.45785701e-08,1.77298564e-08,-1.68367481e-08,-5.06241802e-09,3.18282425e-05,2.67167344e-05,1.52546741e-05,6.93834714e-06,8.96912337e-07,1.47579048e-08,-5.3259535e-08,3.23584505e-08,1.30474365e-08,-1.10133415e-08
0.025,-0.000154220576,-5.33223964e-05,-1.91544397e-05,6.45545559e-07,5.80268681e-07,-2.2026581e-08,6.40287183e-08,2.30328093e-08,-2.15176529e-08,-7.01571215e-09,3.95111223e-05,3.57688965e-05,2.10424065e-05,9.75671446e-06,1.28491221e-06,5.30737674e-08,-6.71413637e-08,3.97119817e-08,1.73197275e-08,-1.4137817e-08
0.026,-0.000191664217,-6.93389727e-05,-2.60698478e-05,6.84869632e-07,8.77344721e-07,-1.51062652e-08,7.30763956e-08,2.93290411e-08,-2.71241797e-08,-9.48984837e-09,4.8494526e-05,4.72522428e-05,2.86335424e-05,1.35481584e-05,1.82324283e-06,1.1507677e-07,-8.31641247e-08,4.78432518e-08,2.26984427e-08,-1.78474738e-08
0.027,-0.000236187746,-8.93440424e-05,-3.50359606e-05,6.59732536e-07,1.28653454e-06,-1.25325169e-09,8.08132851e-08,3.66330567e-08,-3.37411148e-08,-1.25561283e-08,5.88806107e-05,6.1654404e-05,3.84760591e-05,1.85912191e-05,2.56322934e-06,2.10612511e-07,-1.01201803e-07,5.65751939e-08,2.9371176e-08,-2.21704549e-08
0.028,-0.000288773479,-0.00011415132,-4.65446223e-05,5.26459968e-07,1.83901289e-06,2.23717773e-08,8.60100538e-08,4.49297681e-08,-4.14492083e-08,-1.63048042e-08,7.07547315e-05,7.95256822e-05,5.1102178e-05,2.52280269e-05,3.57120281e-06,3.52670976e-07,-1.20957253e-07,6.56325143e-08,3.75500735e-08,-2.71561934e-08
0.029,-0.000350492494,-0.000144709215,-6.11818021e-05,2.23734702e-07,2.57178517e-06,5.92883039e-08,8.70539778e-08,5.41048047e-08,-5.03009024e-08,-2.08207585e-08,8.41782779e-05,0.000101480765,6.71390203e-05,3.38751223e-05,4.93208857e-06,5.58180282e-07,-1.41891079e-07,7.45864079e-08,4.74324795e-08,-3.28082651e-08
0.03,-0.000422508045,-0.000182118606,-7.96419759e-05,-3.32614754e-07,3.52811461e-06,1.13717004e-07,8.18860758e-08,6.39825014e-08,-6.0345916e-08,-2.61794635e-08,9.91803321e-05,0.000128199254,8.73197777e-05,4.50354033e-05,6.75364075e-06,8.48960208e-07,-1.63199858e-07,8.28481458e-08,5.92284947e-08,-3.91647499e-08
0.031,-0.000506078729,-0.000227652306,-0.000102744315,-1.2559815e-06,4.75779792e-06,1.90621282e-07,6.79203273e-08,7.42361785e-08,-7.15857291e-08,-3.24895607e-08,0.000115748039,0.000160424709,0.000112495264,5.93112613e-05,9.17138787e-06,1.2528592e-06,-1.83717031e-07,8.95764454e-08,7.3111107e-08,-4.62004817e-08
0.032,-0.000602561237,-0.000282776235,-0.000131450876,-2.69670835e-06,6.31723818e-06,2.9560616e-07,4.19815681e-08,8.44157643e-08,-8.40282135e-08,-3.9806506e-08,0.000133815588,0.000198961965,0.000143645701,7.74188761e-05,1.23543847e-05,1.80509271e-06,-2.01907506e-07,9.36893229e-08,8.92377471e-08,-5.39272504e-08
0.033,-0.000713412632,-0.000349172331,-0.000166886973,-4.85139582e-06,8.26923357e-06,4.34853529e-07,2.06895594e-10,9.38744774e-08,-9.76058413e-08,-4.82659542e-08,0.000153251641,0.000244672349,0.000181892511,0.000100203674,1.65117952e-05,2.54981829e-06,-2.15741529e-07,9.36995987e-08,1.07702732e-07,-6.23072819e-08
0.034,-0.000840191963,-0.000428763117,-0.000210363941,-7.97396934e-06,1.06823983e-05,6.14835941e-07,-6.20022407e-08,1.01783091e-07,-1.12279911e-07,-5.7879445e-08,0.000173845177,0.000298466503,0.000228509894,0.000128656845,2.1900448e-05,3.54191127e-06,-2.22716576e-07,8.77216451e-08,1.28529903e-07,-7.13465623e-08
0.035,-0.000984561095,-0.000523737891,-0.00026340448,-1.23888512e-05,1.36301232e-05,8.42043003e-07,-1.50092402e-07,1.07090572e-07,-1.27894558e-07,-6.88214603e-08,0.000195289562,0.000361294375,0.000284935861,0.000163932919,2.88333237e-05,4.84909332e-06,-2.19706762e-07,7.32601419e-08,1.51656395e-07,-8.09948226e-08
0.036,-0.00114828448,-0.000636580381,-0.000327770773,-1.85063859e-05,1.71889407e-05,1.12238444e-06,-2.70376799e-07,1.08502348e-07,-1.44373001e-07,-8.10582253e-08,0.000217164829,0.000434132089,0.000352782376,0.000207368218,3.76891777e-05,6.55424163e-06,-2.0301608e-07,4.71879972e-08,1.76855731e-07,-9.12769466e-08
0.037,-0.00133322769,-0.000770097716,-0.000405495559,-2.68409744e-05,2.14362224e-05,1.4605694e-06,-4.30136617e-07,1.04523317e-07,-1.61439321e-07,-9.48334625e-08,0.000238918019,0.000517965164,0.000433844194,0.000260500094,4.89231555e-05,8.75817259e-06,-1.68214151e-07,5.50620103e-09,2.03799575e-07,-1.02089996e-07
0.038,-0.00154135441,-0.000927450445,-0.000498916305,-3.8032015e-05,2.64469801e-05,1.85906224e-06,-6.37594948e-07,9.34008822e-08,-1.79005746e-07,-1.10062263e-07,0.000259841595,0.000613767793,0.000530105875,0.000325086751,6.30786883e-05,1.15825633e-05,-1.10218376e-07,-5.67577599e-08,2.31846924e-07,-1.13557805e-07
0.039,-0.00177472153,-0.00111218326,-0.000610712626,-5.28682244e-05,3.22897581e-05,2.31694366e-06,-9.0196338e-07,7.33044142e-08,-1.96614156e-07,-1.27106079e-07,0.000279049831,0.000722477575,0.000643746458,0.000403127361,8.08003847e-05,1.51734558e-05,-2.31331618e-08,-1.45799469e-07,2.60257061e-07,-1.25442217e-07
0.04,-0.00203547206,-0.0013282561,-0.000743947008,-7.23153767e-05,3.90212686e-05,2.82824718e-06,-1.233345e-06,4.22386368e-08,-2.14212068e-07,-1.45818766e-07,0.000295453298,0.000844965462,0.000777141107,0.000496882344,0.000102848311,1.97048887e-05,9.96549825e-08,-2.69224552e-07,2.87748757e-07,-1.38103115e-07
0.041,-0.00232582548,-0.00158007495,-0.000902108935,-9.7548104e-05,4.66798162e-05,3.38012098e-06,-1.64268173e-06,-1.5486823e-09,-2.31046215e-07,-1.66747213e-07,0.000307731384,0.000982000235,0.000932859076,0.000608893166,0.000130113189,2.5383102e-05,2.65608253e-07,-4.36379822e-07,3.12970876e-07,-1.51072996e-07
0.042,-0.00264806497,-0.00187252209,-0.00108916229,-0.000129985866,5.52770885e-05,3.95023995e-06,-2.1415203e-06,-5.98037984e-08,-2.47149554e-07,-1.89793088e-07,0.00031430309,0.00113420739,0.00111365714,0.000742001839,0.000163633033,3.24511091e-05,4.82965001e-07,-6.5835919e-07,3.33694548e-07,-1.64973357e-07
0.043,-0.00300452113,-0.00221098477,-0.00130959608,-0.000171333728,6.47883751e-05,4.50398881e-06,-2.74181058e-06,-1.33450636e-07,-2.612636e-07,-2.15818662e-07,0.000313295881,0.00130202177,0.0013224676,0.000899368926,0.000204610529,4.11935615e-05,7.60810096e-07,-9.48736886e-07,3.47696656e-07,-1.79059066e-07
0.044,-0.00339755181,-0.00260138168,-0.00156847803,-0.000223627794,7.51408619e-05,4.99088364e-06,-3.45534566e-06,-2.22824063e-07,-2.73484726e-07,-2.44678021e-07,0.000302513372,0.00148563361,0.00156237992,0.0010844902,0.000254431754,5.19421176e-05,1.10903614e-06,-1.32325987e-06,3.51367576e-07,-1.94469297e-07
0.045,-0.00382951743,-0.00305018604,-0.00187151101,-0.000289286111,8.61998026e-05,5.34060029e-06,-4.29348998e-06,-3.26315775e-07,-2.81707814e-07,-2.77595067e-07,0.000279401741,0.00168492784,0.00183661496,0.00130121069,0.000314685408,6.50808825e-05,1.53837378e-06,-1.80122601e-06,3.41295358e-07,-2.10325694e-07
0.046,-0.0043027515,-0.00356444451,-0.00222509154,-0.000371164932,9.77526414e-05,5.457987e-06,-5.26595116e-06,-4.40842412e-07,-2.8591979e-07,-3.14444293e-07,0.000241015525,0.00189941619,0.00214849062,0.00155373624,0.000387183193,8.10527662e-05,2.06047173e-06,-2.40418229e-06,3.11956471e-07,-2.28236157e-07
0.047,-0.00481952553,-0.00415179051,-0.0026363701,-0.000472620935,0.000109490337,5.2177112e-06,-6.38061463e-06,-5.59581205e-07,-2.82646161e-07,-3.56970632e-07,0.000183983109,0.00212816241,0.0025013778,0.00184664111,0.000473980275,0.000100365411,2.68788474e-06,-3.15854313e-06,2.58406935e-07,-2.47406062e-07
0.048,-0.00538200831,-0.00482045085,-0.00311331198,-0.000597579314,0.000120986731,4.45755104e-06,-7.64107603e-06,-6.72916127e-07,-2.71289445e-07,-4.05222683e-07,0.000104472468,0.00236969995,0.00289864525,0.00218487141,0.000577396607,0.000123598445,3.4344184e-06,-4.0925847e-06,1.72585301e-07,-2.69680722e-07
0.049,-0.00599221843,-0.00557924407,-0.00366475817,-0.000750608256,0.000131674386,2.97139511e-06,-9.04689261e-06,-7.64752735e-07,-2.46208252e-07,-4.61579638e-07,-1.84205336e-06,0.00262194334,0.00334359219,0.00257374332,0.000700037701,0.000151409923,4.31508145e-06,-5.24088591e-06,4.76994032e-08,-2.94834024e-07
0.05,-0.00665197062,-0.00643756901,-0.00430048464,-0.000936999465,0.000140818765,5.00568967e-07,-1.05890899e-05,-8.14244456e-07,-2.05270655e-07,-5.26311085e-07,-0.000139811631,0.00288209219,0.0038393671,0.00301893477,0.000844815866,0.000184544092,5.34694831e-06,-6.63902873e-06,-1.27498138e-07,-3.24781324e-07
0.051,-0.00736281397,-0.00740538236,-0.00503125835,-0.00116285564,0.000147488458,-3.27538452e-06,-1.22510997e-05,-7.90349627e-07,-1.39379327e-07,-6.02643835e-07,-0.000314841924,0.00314653049,0.00438887178,0.00352647115,0.00101497014,0.000223838905,6.549197e-06,-8.32976307e-06,-3.61740172e-07,-3.60235652e-07
0.052,-0.00812596399,-0.00849316191,-0.0058688887,-0.00143518236,0.000150524162,-8.7481489e-06,-1.40012881e-05,-6.53055579e-07,-4.32049208e-08,-6.89372704e-07,-0.000532918592,0.00341071918,0.00499464878,0.00410270024,0.00121408622,0.000270232326,7.94499311e-06,-1.03568323e-05,-6.69836028e-07,-4.04647765e-07
0.053,-0.00894222838,-0.00971185373,-0.00682627132,-0.001761986,0.000148503367,-1.63910579e-05,-1.57952526e-05,-3.45516986e-07,9.75305662e-08,-7.89094608e-07,-0.000800624384,0.00366908679,0.00565875297,0.00475426022,0.00144611435,0.000324770824,9.5617582e-06,-1.27716774e-05,-1.06199569e-06,-4.60642666e-07
0.054,-0.00981192421,-0.0110728041,-0.00791742409,-0.00215237778,0.000139703414,-2.67718062e-05,-1.75649918e-05,2.01509247e-07,2.93379907e-07,-9.00136802e-07,-0.00112515234,0.00391491738,0.00638260427,0.00548803631,0.00171538781,0.000388616412,1.14358227e-05,-1.5623686e-05,-1.55583448e-06,-5.31537096e-07
0.055,-0.0107347886,-0.012587672,-0.00915750918,-0.0026166833,0.000122061668,-4.05657636e-05,-1.92224988e-05,1.08098552e-06,5.65946335e-07,-1.02586818e-06,-0.00151430908,0.00414023858,0.00716682231,0.00631110779,0.00202663739,0.000463056663,1.36123377e-05,-1.89678645e-05,-2.16173328e-06,-6.20276198e-07
0.056,-0.0117098821,-0.0142683216,-0.0105628424,-0.00316655515,9.31331761e-05,-5.8569622e-05,-2.06450535e-05,2.4037094e-06,9.33605679e-07,-1.16402511e-06,-0.00197650895,0.00433571198,0.00801104156,0.00723068042,0.00238500729,0.00054950988,1.61543318e-05,-2.2853861e-05,-2.89836808e-06,-7.30313233e-07
0.057,-0.0127354868,-0.0161266923,-0.0121508817,-0.00381509102,5.00474699e-05,-8.17178843e-05,-2.16804818e-05,4.3133773e-06,1.42779824e-06,-1.31796506e-06,-0.00252075568,0.00449052703,0.00891370805,0.00825400731,0.00279606548,0.000649536679,1.91419488e-05,-2.7333159e-05,-3.77420277e-06,-8.65067729e-07
0.058,-0.0138089979,-0.018174646,-0.0139401966,-0.00457695184,-1.05387486e-05,-0.000111096708,-2.21286845e-05,6.97904666e-06,2.07749493e-06,-1.48355522e-06,-0.00315660949,0.0045923047,0.00987185703,0.00938829308,0.00326581663,0.000764842981,2.26884837e-05,-3.24471188e-05,-4.80559569e-06,-1.02939214e-06
0.059,-0.0149268142,-0.0204237884,-0.0159504097,-0.00546848401,-9.24866688e-05,-0.00014796415,-2.17488937e-05,1.06137328e-05,2.92646856e-06,-1.66275082e-06,-0.00389413847,0.00462700881,0.0108808741,0.0106405834,0.00380070854,0.000897293083,2.69385597e-05,-3.82322107e-05,-5.99585174e-06,-1.22692884e-06
0.06,-0.0160842229,-0.0228852667,-0.0182021107,-0.00650783873,-0.000200227168,-0.00019376332,-2.02382438e-05,1.54650037e-05,4.01678276e-06,-1.84909388e-06,-0.0047438491,0.00457887686,0.01193424,0.0120176376,0.00440764264,0.00104891084,3.20945729e-05,-4.47066683e-05,-7.35327468e-06,-1.46401912e-06
0.061,-0.0172752894,-0.0255695382,-0.0207167366,-0.00771509104,-0.000338807018,-0.000250145575,-1.72422701e-05,2.18380259e-05,5.40598509e-06,-2.04061299e-06,-0.00571659786,0.00443036277,0.013023263,0.0135257805,0.00509397744,0.00122189203,3.84127378e-05,-5.18747513e-05,-8.8718691e-06,-1.74486877e-06
0.062,-0.0184927424,-0.0284861214,-0.0235164162,-0.00911236106,-0.000513945726,-0.000318989556,-1.23323559e-05,3.00751711e-05,7.15034602e-06,-2.23805274e-06,-0.00682347961,0.00416211135,0.014136799,0.0151707446,0.00586753706,0.00141861019,4.62431896e-05,-5.97037764e-05,-1.05444631e-05,-2.07027228e-06
0.063,-0.0197278539,-0.0316433254,-0.0266237723,-0.0107239373,-0.000732081197,-0.000402437981,-5.01913979e-06,4.05786763e-05,9.32189604e-06,-2.44700125e-06,-0.00807570866,0.00375294574,0.0152609608,0.0169574834,0.00673661481,0.0016416294,5.60239746e-05,-6.81301673e-05,-1.23512719e-05,-2.44003548e-06
0.064,-0.0209703356,-0.035047952,-0.0300616755,-0.0125763826,-0.00100042749,-0.000502905596,5.27173906e-06,5.38027427e-05,1.19926375e-05,-2.67043771e-06,-0.00948446029,0.00317989476,0.0163788235,0.0188899666,0.00770997595,0.0018937004,6.83326168e-05,-7.70407274e-05,-1.42635329e-05,-2.8578045e-06
0.065,-0.0222082403,-0.0387049778,-0.0338529518,-0.0146986383,-0.00132701943,-0.000623121842,1.91806124e-05,7.02723053e-05,1.52497241e-05,-2.90970264e-06,-0.0110606949,0.00241824838,0.0174701353,0.0209709479,0.00879686599,0.00217777302,8.38812696e-05,-8.62741303e-05,-1.62442825e-05,-3.32740311e-06
0.066,-0.0234278785,-0.0426172245,-0.0380200338,-0.0171221167,-0.00172077388,-0.000766138255,3.7435241e-05,9.05775438e-05,1.91806565e-05,-3.16599035e-06,-0.0128149518,0.00144165847,0.0185110297,0.0232017175,0.01000701,0.00249699178,0.000103580602,-9.55963619e-05,-1.823608e-05,-3.85722977e-06
0.067,-0.024613751,-0.0467850122,-0.0425845588,-0.0198807816,-0.0021915322,-0.000935381917,6.08258697e-05,0.000115381137,2.38872693e-05,-3.43848111e-06,-0.0147571195,0.000222281588,0.0194737596,0.0255818252,0.0113506306,0.00285470924,0.000128539484,-0.000104696704,-2.01802913e-05,-4.45136484e-06
0.068,-0.0257485029,-0.0512058138,-0.0475669039,-0.0230112179,-0.00275012651,-0.00113466076,9.02191343e-05,0.000145422108,2.94708029e-05,-3.73074277e-06,-0.0168961825,-0.00126902916,0.0203264452,0.0281087881,0.0128384453,0.00325448004,0.000160138003,-0.000113158874,-2.198365e-05,-5.11923445e-06
0.069,-0.0268129007,-0.0558739057,-0.052985665,-0.0265526799,-0.00340842134,-0.00136823123,0.000126525901,0.000181502118,3.60463853e-05,-4.0485937e-06,-0.0192399456,-0.00306247625,0.0210328592,0.0307777674,0.0144816979,0.00370007409,0.000200034768,-0.000120452104,-2.35624497e-05,-5.8610809e-06
0.07,-0.0277858403,-0.0607800317,-0.0588570661,-0.0305471285,-0.00417938477,-0.00164080022,0.00017070361,0.000224508855,4.37267718e-05,-4.40153416e-06,-0.0217947434,-0.00518901871,0.0215522437,0.0335812321,0.0162921521,0.00419546884,0.000250242274,-0.000125898284,-2.478362e-05,-6.68712304e-06
0.071,-0.0286443811,-0.0659110886,-0.065194312,-0.0350392424,-0.00507712693,-0.00195761582,0.000223717259,0.000275362714,5.2641364e-05,-4.81669113e-06,-0.0245651382,-0.00768000267,0.0218391784,0.0365085941,0.0182821366,0.00474486377,0.000313143808,-0.00012865672,-2.55392537e-05,-7.59351103e-06
0.072,-0.0293637619,-0.071249848,-0.0720068296,-0.040076453,-0.00611696277,-0.00232451506,0.000286533103,0.000335024073,6.29209058e-05,-5.36188087e-06,-0.0275536232,-0.0105667394,0.0218434927,0.0395458399,0.0204645314,0.00535269555,0.000391567209,-0.000127663628,-2.56545648e-05,-8.57286696e-06
0.073,-0.0299174697,-0.0767746753,-0.0792994857,-0.0457088669,-0.00731550241,-0.00274799675,0.000360016864,0.000404463389,7.46846404e-05,-6.0763658e-06,-0.0307602926,-0.0138800201,0.0215102714,0.0426750876,0.0228528498,0.00602361604,0.000488837667,-0.000121663812,-2.49816521e-05,-9.64772265e-06
0.074,-0.030277464,-0.0824592921,-0.087071794,-0.0519891625,-0.00869075415,-0.00323517705,0.000444913423,0.000484784212,8.80465008e-05,-6.92988221e-06,-0.034182494,-0.0176496197,0.0207799623,0.0458741104,0.0254612237,0.00676241879,0.000608814641,-0.000109201284,-2.32961429e-05,-1.08967459e-05
0.075,-0.0304144234,-0.0882726386,-0.0953170387,-0.0589724415,-0.0102621707,-0.00379388526,0.00054178313,0.000577090301,0.000103134649,-7.87941692e-06,-0.037814467,-0.0219036593,0.0195885852,0.0491159032,0.0283045104,0.00757406198,0.000755967795,-8.85687051e-05,-2.04094673e-05,-1.23863314e-05
0.076,-0.0302979952,-0.0941787895,-0.104021351,-0.0667161147,-0.0120507742,-0.00443269926,0.000650941743,0.000682567025,0.000120081088,-8.86007788e-06,-0.0416470161,-0.0266679731,0.0178680579,0.0523682051,0.0313982941,0.00846363395,0.000935397104,-5.77628147e-05,-1.60406424e-05,-1.42048505e-05
0.077,-0.0298971341,-0.100136977,-0.113162768,-0.075279654,-0.0140792357,-0.00516103605,0.000772370458,0.000802316686,0.000139042184,-9.83549768e-06,-0.0456671662,-0.0319653804,0.0155466474,0.0555930261,0.0347590303,0.00943636613,0.00115295023,-1.44322965e-05,-9.93562913e-06,-1.63878155e-05
0.078,-0.0291804768,-0.106101672,-0.12271027,-0.0847243767,-0.0163720492,-0.00598918478,0.000905603404,0.000937485333,0.000160165873,-1.0736054e-05,-0.0498578493,-0.0378149501,0.0125496014,0.0587461472,0.0384040709,0.010497585,0.00141520194,4.41529978e-05,-1.7326551e-06,-1.90033421e-05
0.079,-0.02811681,-0.112022809,-0.132622847,-0.0951130612,-0.0189556711,-0.00692837483,0.00104960858,0.00108906263,0.000183625784,-1.15233194e-05,-0.0541976031,-0.0442312163,0.00879989069,0.0617766152,0.0423518345,0.011652708,0.00172959928,0.000121152871,8.91253767e-06,-2.20562909e-05
0.08,-0.0266755869,-0.117846071,-0.142848579,-0.106509614,-0.021858768,-0.00799082611,0.00120262406,0.00125802424,0.000209570358,-1.21127403e-05,-0.0586602947,-0.051223381,0.00421920799,0.0646262379,0.046621866,0.0129071929,0.00210439055,0.000220190226,2.24646621e-05,-2.56003961e-05
0.081,-0.0248275518,-0.123513328,-0.153323812,-0.118978502,-0.0251124725,-0.00918976375,0.00136199514,0.00144511868,0.000238168248,-1.24207408e-05,-0.0632148912,-0.0587945255,-0.00127095877,0.0672290583,0.0512350168,0.0142665108,0.00254877634,0.000345389392,3.93737744e-05,-2.96362905e-05
0.082,-0.022545383,-0.128963178,-0.163972386,-0.132584327,-0.0287507611,-0.0105395819,0.00152396575,0.00165090355,0.000269555394,-1.24247997e-05,-0.0678252775,-0.0669408261,-0.00774794559,0.0695108723,0.0562135293,0.0157361149,0.00307277793,0.000501445837,6.02223901e-05,-3.41948438e-05
0.083,-0.0198043108,-0.134131644,-0.174704988,-0.147391151,-0.0328108385,-0.0120558944,0.00168346622,0.00187548142,0.000303883438,-1.21315947e-05,-0.0724501855,-0.0756508984,-0.015286565,0.0713886714,0.0615811547,0.0173213796,0.00368736776,0.000693623579,8.55709959e-05,-3.9294565e-05
0.084,-0.01658292,-0.138952911,-0.185418616,-0.163461825,-0.0373335575,-0.0137556597,0.00183391566,0.00211862315,0.00034130318,-1.15625904e-05,-0.0770431772,-0.0849050926,-0.023957345,0.0727701744,0.0673631825,0.0190275446,0.00440423755,0.0009278132,0.00011611045,-4.49990496e-05
0.085,-0.0128639532,-0.143360264,-0.195996264,-0.18085705,-0.0423639611,-0.0156571382,0.00196694128,0.0023795169,0.00038197405,-1.06535285e-05,-0.0815526956,-0.0946749336,-0.0338248272,0.0735533381,0.0735864734,0.0208596433,0.00523589597,0.00121051109,0.00015250791,-5.14247439e-05
0.086,-0.00863520851,-0.147287031,-0.206306775,-0.199634527,-0.0479518331,-0.0177801071,0.00207219849,0.00265680587,0.000426114839,-9.37075608e-06,-0.0859222879,-0.104922591,-0.0449454821,0.073625961,0.0802794263,0.0228224436,0.00619534052,0.00154888421,0.000195579716,-5.87080037e-05
0.087,-0.00389043286,-0.150667775,-0.216204953,-0.219847799,-0.0541523941,-0.0201457744,0.00213704206,0.00294832948,0.000473946359,-7.5187408e-06,-0.0900908444,-0.115600506,-0.0573657095,0.0728653186,0.0874718686,0.0249203815,0.00729610739,0.00195073956,0.000246148915,-6.70893177e-05
0.088,0.00136973427,-0.153439394,-0.225531949,-0.241545149,-0.061027005,-0.0227770683,0.00214637455,0.00325108916,0.000525827591,-4.95895814e-06,-0.0939931209,-0.126651112,-0.0711195155,0.0711378869,0.0951949048,0.0271574812,0.00855183273,0.00242455198,0.000305232695,-7.67923236e-05
0.089,0.00713685535,-0.155542534,-0.23411591,-0.264768264,-0.0686439969,-0.0256985496,0.00208231091,0.00356095261,0.000582113615,-1.35971667e-06,-0.0975602168,-0.138006744,-0.0862262915,0.0682991622,0.103480607,0.0295373023,0.00997625076,0.00297943623,0.000373940527,-8.81771575e-05
0.09,0.0133938057,-0.156922792,-0.241773012,-0.289550824,-0.0770795669,-0.0289367407,0.00192405279,0.00387261178,0.00064336428,3.61851246e-06,-0.100720455,-0.149589689,-0.102688409,0.0641935596,0.112361645,0.0320628156,0.0115825978,0.00362508097,0.000453626292,-0.00010156376
0.091,0.0201139554,-0.157532287,-0.24830874,-0.315917066,-0.0864187452,-0.0325201646,0.00164761792,0.00417912019,0.000710128849,1.03932309e-05,-0.103400159,-0.161312467,-0.120488893,0.0586544787,0.121870728,0.0347363678,0.013383603,0.00437174624,0.000545917227,-0.000117388742
0.092,0.0272604034,-0.157330886,-0.253519691,-0.343879917,-0.0967565491,-0.0364795249,0.00122571386,0.0044721298,0.00078315812,1.97936052e-05,-0.105524883,-0.173078264,-0.139589071,0.0515044801,0.132039869,0.0375594758,0.0153906658,0.00523005364,0.000652716401,-0.000136031482
0.093,0.0347850275,-0.156287849,-0.257195741,-0.373439253,-0.108198872,-0.040847809,0.000627623543,0.00474124256,0.000863159727,3.25978175e-05,-0.107020574,-0.184781552,-0.159926166,0.0425558074,0.14289943,0.0405328367,0.0176138542,0.0062110556,0.000776469674,-0.000157844383
0.094,0.0426281405,-0.154383083,-0.259122656,-0.404579902,-0.120863679,-0.0456606435,-0.000181007178,0.00497416998,0.00095089753,5.0171168e-05,-0.107815087,-0.196308974,-0.181411334,0.0316110021,0.154476858,0.0436561132,0.0200608327,0.00732586762,0.000919906128,-0.000183073184
0.095,0.0507179883,-0.151608623,-0.25908506,-0.43726995,-0.13488183,-0.050956699,-0.00123805184,0.00515578463,0.00104699275,7.33318107e-05,-0.107839951,-0.20754058,-0.203927756,0.0184637378,0.166795201,0.046927784,0.022736879,0.00858562921,0.00108662319,-0.000211822226
0.096,0.0589708383,-0.147969885,-0.256869852,-0.471458595,-0.150398309,-0.0567780041,-0.00258517577,0.00526852296,0.00115181109,0.000103787205,-0.10703203,-0.218351174,-0.227329194,0.00289999716,0.179871259,0.0503448889,0.0256435824,0.0100010173,0.00128048927,-0.000244024935
0.097,0.0672909954,-0.143486679,-0.252270042,-0.50707436,-0.167572902,-0.0631705308,-0.00426743943,0.00529134295,0.00126536453,0.000142426201,-0.105336106,-0.228612139,-0.251439083,-0.0153006914,0.193713229,0.0539026095,0.0287786831,0.0115820122,0.0015064291,-0.000279337102
0.098,0.0755713894,-0.138194558,-0.245088884,-0.544023262,-0.186581244,-0.0701848485,-0.00633359857,0.00519993195,0.00138690941,0.000190887468,-0.102706561,-0.23819329,-0.276049819,-0.0363634084,0.208318286,0.0575939786,0.0321348127,0.0133373537,0.00176971717,-0.000317106564
0.099,0.0836943482,-0.132145025,-0.235144453,-0.582186744,-0.207615183,-0.0778764836,-0.00883539139,0.00496629798,0.0015149893,0.000250473225,-0.0991109566,-0.246965156,-0.300923553,-0.0605160435,0.223668769,0.0614091525,0.0356986684,0.0152741139,0.00207642683,-0.00035611454
0.1,0.0915326436,-0.125407217,-0.222274354,-0.621421118,-0.230883334,-0.086307934,-0.0118277848,0.0045574895,0.00164671829,0.000321564966,-0.0945317556,-0.254801365,-0.32579251,-0.0879867813,0.239729284,0.0653349006,0.0394504161,0.0173969277,0.00243337156,-0.000394824407
0.101,0.0989504465,-0.118066699,-0.206341474,-0.661552996,-0.25661116,-0.0955444575,-0.0153681952,0.00394117557,0.00177774954,0.000409998016,-0.0889711009,-0.261580577,-0.350361664,-0.119000238,0.256441477,0.0693548239,0.0433616834,0.0197087175,0.00284720056,-0.000429462383
0.102,0.105802611,-0.110229342,-0.187240659,-0.702378983,-0.285040302,-0.105652506,-0.0195156996,0.00308622748,0.00190193971,0.000523746808,-0.082454178,-0.267189172,-0.374309159,-0.153772321,0.273723298,0.0734501616,0.0473965643,0.0222102392,0.00332596212,-0.000455095788
0.103,0.111939651,-0.10202272,-0.164903138,-0.743668869,-0.316428467,-0.116707049,-0.024330788,0.00195430895,0.00201147009,0.000665023819,-0.0750278982,-0.271526024,-0.397286415,-0.192509339,0.291466018,0.0775964349,0.0515123787,0.0248968245,0.00387909318,-0.000467710756
0.104,0.117212503,-0.0935942959,-0.139300777,-0.785164792,-0.351047699,-0.128793242,-0.0298748647,0.000500720559,0.00209595323,0.000832037098,-0.0667620061,-0.274506591,-0.418922898,-0.235405282,0.309527686,0.0817615682,0.0556574359,0.0277575351,0.00451671014,-0.000463853375
0.105,0.121476238,-0.0851099094,-0.110451644,-0.826580036,-0.38918272,-0.142005206,-0.0362095426,-0.00132405747,0.00214251424,0.0010213828,-0.057749942,-0.276066642,-0.438829744,-0.282637945,0.327728069,0.0859040997,0.0597705126,0.0307738952,0.00524839998,-0.000440327454
0.106,0.124595294,-0.0767505561,-0.0784241078,-0.867597765,-0.431127103,-0.156445525,-0.0433950256,-0.00357150629,0.0021354062,0.00122999731,-0.0481094972,-0.27616673,-0.456606159,-0.334365366,0.34584166,0.0899709248,0.0637783785,0.0339191589,0.00608253327,-0.000393799202
0.107,0.126448174,-0.0687092294,-0.0433411992,-0.907870911,-0.477179126,-0.172224314,-0.0514888095,-0.00629448346,0.00205627898,0.00145547934,-0.0379825824,-0.274796022,-0.471845294,-0.390721605,0.363591937,0.0938946741,0.0675958771,0.0371567654,0.00702529684,-0.000320670068
0.108,0.12693317,-0.0611859927,-0.00538357686,-0.947021777,-0.527635293,-0.189458415,-0.0605433559,-0.00954428086,0.0018840298,0.00169667038,-0.0275339427,-0.271976564,-0.484142013,-0.451812732,0.380644411,0.0975907652,0.0711238101,0.040439731,0.00808031647,-0.000216738215
0.109,0.125973424,-0.0543826914,0.0352077931,-0.984642679,-0.582783145,-0.208269701,-0.0706044428,-0.0133701755,0.00159512623,0.00195300499,-0.016948694,-0.26776645,-0.493100383,-0.517711992,0.396601082,0.100954285,0.0742500021,0.0437092835,0.00924788593,-7.69870991e-05
0.11,0.123522189,-0.048496048,0.0781303346,-1.0202964,-0.642891485,-0.228783295,-0.0817082904,-0.0178158914,0.00116366039,0.00222450844,-0.00642853066,-0.262262817,-0.498342557,-0.588455044,0.410994225,0.103856684,0.0768475144,0.0468948034,0.0105245923,0.000104794204
0.111,0.119567099,-0.0437102215,0.123019333,-1.05351774,-0.708199549,-0.251124457,-0.0938797272,-0.0229190896,0.000561763629,0.00251051868,0.00381340939,-0.255603233,-0.499517476,-0.664034228,0.423281983,0.106142532,0.0787768011,0.049912921,0.0119026025,0.000336159417
0.112,0.11413358,-0.0401880982,0.169448587,-1.08381491,-0.778903321,-0.275415008,-0.107128887,-0.0287067711,-0.000240054175,0.0028098997,0.0135588526,-0.247966058,-0.496310517,-0.744392535,0.432843988,0.107626449,0.0798841414,0.0526685149,0.0133689923,0.00062650161
0.113,0.107286399,-0.0380624426,0.216931746,-1.11067232,-0.855140176,-0.301767863,-0.12144929,-0.0351943623,-0.00127223879,0.00311948657,0.0225919038,-0.239568725,-0.488452857,-0.829416053,0.438979886,0.10809076,0.0800048672,0.0550548126,0.0149050081,0.000987002472
0.114,0.0991298658,-0.0374261489,0.264925713,-1.13355418,-0.93697066,-0.330282159,-0.136814326,-0.0423812566,-0.00256539704,0.00343347971,0.0307070875,-0.230663869,-0.475731809,-0.918926762,0.440909158,0.107283153,0.0789621265,0.0569552516,0.0164851803,0.00143037331
0.115,0.0898058666,-0.0383232278,0.312835245,-1.15190989,-1.02435871,-0.361035719,-0.153175337,-0.0502501094,-0.00414909165,0.0037418293,0.0377176982,-0.221533012,-0.458000911,-1.01267382,0.437774896,0.10491578,0.0765712436,0.0582445705,0.0180766785,0.00197024692
0.116,0.0794899331,-0.0407401628,0.360019496,-1.16518106,-1.11714951,-0.394078352,-0.170457813,-0.0587621598,-0.00605035928,0.00403000033,0.0434636742,-0.212477355,-0.435190325,-1.11032513,0.428650704,0.100664891,0.0726388345,0.0587920117,0.019638354,0.0026202907
0.117,0.0683851298,-0.0445993377,0.40580041,-1.17281106,-1.21504643,-0.429422343,-0.18855949,-0.0678570404,-0.00829173412,0.00427767258,0.0478186727,-0.203806235,-0.407316868,-1.21145806,0.412553366,0.0941726089,0.0669685361,0.0584635445,0.0211206018,0.0033928539
0.118,0.0567144349,-0.049754502,0.449473383,-1.17425708,-1.3175869,-0.467034551,-0.207346198,-0.0774483731,-0.0108889267,0.00445941016,0.0506954488,-0.19582263,-0.374493558,-1.31555114,0.388461055,0.0850497013,0.0593607766,0.0571264575,0.0224648288,0.00429745655
0.119,0.0447113718,-0.0559899232,0.490320226,-1.16900564,-1.42411968,-0.506825738,-0.226650191,-0.0874245954,-0.0138481785,0.00454406055,0.0520495471,-0.188807392,-0.336938078,-1.42197646,0.355339698,0.0728812211,0.0496205146,0.0546526178,0.0236045981,0.00533873365
0.12,0.032610451,-0.0630231003,0.527624634,-1.15659088,-1.53378416,-0.54864245,-0.246265945,-0.0976451607,-0.017163352,0.004497098,0.0518805274,-0.183001501,-0.29497943,-1.52999446,0.312177536,0.0572338247,0.0375583369,0.0509246705,0.0244662358,0.00651508036
0.121,0.0206365984,-0.0705124245,0.560689774,-1.13661634,-1.64549565,-0.592256779,-0.265949626,-0.107942849,-0.0208133601,0.00428101313,0.0502311496,-0.178589345,-0.249062211,-1.63875193,0.258030204,0.0376666598,0.0230010029,0.0458402944,0.0249720086,0.00781648595
0.122,0.00899618074,-0.0780689081,0.588858234,-1.10877824,-1.75793925,-0.637360699,-0.285416081,-0.118121123,-0.0247595793,0.0038594195,0.0471841095,-0.175681936,-0.19974728,-1.74728454,0.192074561,0.0137449925,0.00579457797,0.0393203758,0.0250424929,0.00922475689
0.123,-0.00213138374,-0.0852728265,0.611533763,-1.0728913,-1.86957909,-0.683559552,-0.304341539,-0.127959913,-0.0289448906,0.00319678194,0.0428564377,-0.174304304,-0.147709097,-1.85452737,0.113663103,-0.014944304,-0.0141821273,0.0313126712,0.0246018751,0.0107106436
0.124,-0.0125973329,-0.0916927731,0.628205708,-1.02891383,-1.97867718,-0.730374896,-0.32236323,-0.137221533,-0.0332928422,0.0022566224,0.0373913468,-0.174384927,-0.0937294253,-1.95933179,0.022379682,-0.048780684,-0.0370120658,0.0217949511,0.0235824627,0.0122305814
0.125,-0.0222814261,-0.0969089442,0.638477009,-0.976971084,-2.08332592,-0.777243394,-0.339083047,-0.145656782,-0.0377071234,0.0010076739,0.0309480904,-0.175749895,-0.0386871004,-2.06048654,-0.0819066193,-0.0880895603,-0.0627269675,0.0107819263,0.0219286582,0.0137314018
0.126,-0.0310933448,-0.100540403,0.642082616,-0.917375396,-2.18150119,-0.823522383,-0.354070717,-0.153003597,-0.0420731075,-0.000567111997,0.023694177,-0.178126833,0.0164616703,-2.15674583,-0.198990335,-0.133119775,-0.091303434,-0.00166418837,0.0196014192,0.0151553911
0.127,-0.0389716657,-0.102270076,0.638907081,-0.850640609,-2.27113121,-0.868498259,-0.366875699,-0.158998779,-0.046262187,-0.00247063713,0.015798515,-0.181155188,0.0707070619,-2.24686559,-0.328288026,-0.184023973,-0.122647251,-0.0154322042,0.0165848558,0.0164406799
0.128,-0.0458790302,-0.101868188,0.628997988,-0.777488956,-2.3501773,-0.911405621,-0.377035429,-0.163385267,-0.050136657,-0.00469038069,0.00742486298,-0.184403505,0.123014099,-2.32964537,-0.468811611,-0.240843492,-0.156590708,-0.030359134,0.0128903938,0.0175230848
0.129,-0.0517974915,-0.0992106058,0.612573385,-0.698847941,-2.41672617,-0.951444596,-0.384093176,-0.165926156,-0.0535574422,-0.00719942133,-0.00127104539,-0.187392885,0.172355725,-2.40397273,-0.619160796,-0.303492343,-0.192879004,-0.0462313955,0.00856167698,0.0183390147
0.13,-0.0567222915,-0.0942908814,0.590021628,-0.615835727,-2.46908592,-0.98780829,-0.387610998,-0.166412982,-0.0563915195,-0.00995639781,-0.010143067,-0.189625129,0.217748037,-2.46886821,-0.777538826,-0.371748847,-0.231173109,-0.0627853347,0.00367525666,0.0188291901
0.131,-0.0606569912,-0.0872247289,0.56189375,-0.529736034,-2.50588095,-1.01970703,-0.387191966,-0.164680777,-0.0585215952,-0.0129084525,-0.0190533255,-0.190614482,0.25828623,-2.52352807,-0.941793519,-0.445248712,-0.271042525,-0.0797133221,-0.00165892038,0.0189416309
0.132,-0.0636091257,-0.0782454807,0.528886811,-0.441960906,-2.52613687,-1.04640086,-0.382494942,-0.160615239,-0.0598539239,-0.0159925034,-0.027869712,-0.18991934,0.293178712,-2.56736051,-1.1094832,-0.523487813,-0.311977048,-0.096668581,-0.00730195225,0.0186359969
0.133,-0.0655894432,-0.0676916147,0.491819075,-0.354006118,-2.52934868,-1.0672254,-0.373257762,-0.154166114,-0.0603274587,-0.019139572,-0.0364627928,-0.187173282,0.32177668,-2.60001426,-1.27796773,-0.605827132,-0.353388541,-0.113276395,-0.0130911285,0.0178851149
0.134,-0.0666117247,-0.055985672,0.451598754,-0.267397724,-2.5155236,-1.08162306,-0.359309794,-0.145351173,-0.059919488,-0.0222778089,-0.044702383,-0.182109864,0.343598357,-2.62139458,-1.44451662,-0.691510206,-0.394632883,-0.129145095,-0.0188490912,0.0166762847
0.135,-0.0666951705,-0.043607831,0.409188093,-0.183637743,-2.48519458,-1.08916342,-0.34059013,-0.134264881,-0.0586504843,-0.0253364814,-0.0524558116,-0.174582637,0.358344241,-2.63166798,-1.606428,-0.77968215,-0.435020985,-0.143882882,-0.0243940288,0.0150097782
0.136,-0.0658681872,-0.0310646962,0.365564121,-0.104147571,-2.43940281,-1.08956571,-0.31715252,-0.121075243,-0.0565848211,-0.0282482988,-0.059587004,-0.164574845,0.36590456,-2.6312507,-1.76114677,-0.869418654,-0.473848764,-0.15711156,-0.0295510221,0.0128984849
0.137,-0.064172709,-0.0188573769,0.321679949,-0.0302185173,-2.3796483,-1.08270691,-0.28917367,-0.106025199,-0.0538287204,-0.0309511451,-0.0659585135,-0.152201755,0.366355904,-2.62078681,-1.9063763,-0.959753961,-0.510413852,-0.168484964,-0.0341645577,0.0103654973
0.138,-0.0616698346,-0.00745029928,0.278426912,0.0370330117,-2.30781555,-1.0686304,-0.256947647,-0.08942093,-0.0505257045,-0.0333892,-0.0714350694,-0.137702167,0.359950194,-2.60111137,-2.04017024,-1.04971521,-0.54404843,-0.177701546,-0.0381078986,0.00744262244
0.139,-0.0584437391,0.00275579006,0.236602215,0.0966966285,-2.2260762,-1.04753872,-0.220882284,-0.0716260411,-0.0468471476,-0.0355121523,-0.0758893645,-0.121422258,0.347094426,-2.57320763,-2.16100321,-1.138351,-0.574135578,-0.184519102,-0.0412941556,0.00417038271
0.14,-0.0546069743,0.011445287,0.196880553,0.148090323,-2.13678347,-1.0197873,-0.181483833,-0.0530424166,-0.0429847691,-0.0372757232,-0.0792100796,-0.103792279,0.32832453,-2.53815522,-2.26780995,-1.22476339,-0.600139161,-0.188762687,-0.043680024,0.000594640933
0.141,-0.0503030892,0.0184020415,0.159793362,0.190766593,-2.04235992,-0.985863178,-0.139343968,-0.034099971,-0.039135883,-0.0386399576,-0.0813095412,-0.0852961914,0.304274487,-2.49707694,-2.35999785,-1.30812644,-0.621613834,-0.190329746,-0.0452722035,-0.00322710349
0.142,-0.0457064532,0.0235159269,0.125718331,0.224510209,-1.94519252,-0.946367201,-0.0951156276,-0.015233453,-0.0354946301,-0.0395698463,-0.0821358622,-0.0664421035,0.275640677,-2.45108826,-2.43742957,-1.38771308,-0.638228711,-0.189196759,-0.0461245638,-0.00723856917
0.143,-0.0409976678,0.0267804528,0.0948955218,0.24932561,-1.84753151,-0.901983413,-0.0494997623,0.00312584403,-0.0322378633,-0.0400382769,-0.0816762057,-0.0477226126,0.243156072,-2.40125238,-2.50037259,-1.46292493,-0.649760952,-0.185449789,-0.0463345217,-0.0114093017
0.144,-0.0363413423,0.0282798558,0.067449396,0.265409937,-1.75140373,-0.853460042,-0.0031990712,0.0205724523,-0.0295039614,-0.0400230541,-0.0799491476,-0.0295921253,0.207569818,-2.34854381,-2.54942923,-1.53330216,-0.656105989,-0.179263327,-0.0460336324,-0.0157111512
0.145,-0.0318912403,0.0281752179,0.0433864224,0.273115435,-1.65856409,-0.801579029,0.0431031065,0.0367374346,-0.02738348,-0.0395021447,-0.0770052463,-0.0124528179,0.169620985,-2.29382524,-2.58546786,-1.59850706,-0.6572668,-0.170871434,-0.0453816851,-0.0200924117
0.146,-0.0277847968,0.0266863486,0.0226119817,0.27291789,-1.57046825,-0.747137085,0.0887695881,0.0513056141,-0.0259177401,-0.0384576715,-0.0729287844,0.00335882406,0.130015726,-2.23782971,-2.60954413,-1.65832649,-0.653356636,-0.160555591,-0.0445525935,-0.0244852483
0.147,-0.0241322538,0.0240720227,0.00494936276,0.265380103,-1.48826263,-0.69091852,0.133218135,0.0640178543,-0.0250986968,-0.0368767446,-0.0678342955,0.0175800114,0.0894143176,-2.18115931,-2.62282442,-1.71266393,-0.644575571,-0.148640456,-0.0437236966,-0.028810841
0.148,-0.0210148658,0.0206092162,-0.00984099474,0.251122218,-1.41279819,-0.633682765,0.175938412,0.0746812363,-0.0248761407,-0.0347571037,-0.0618612473,0.0300237638,0.0484214055,-2.12428326,-2.62651359,-1.76153224,-0.631205538,-0.135476357,-0.0430611521,-0.0329839492
0.149,-0.0184795802,0.0165751013,-0.0220448304,0.230791632,-1.34465386,-0.576143453,0.21649109,0.0831652157,-0.0251628244,-0.0321084503,-0.0551672921,0.0405787548,0.00758279536,-2.06754908,-2.62179727,-1.80503657,-0.613583795,-0.12143214,-0.0427115111,-0.0369167477
0.15,-0.0165406368,0.0122298381,-0.0319753625,0.205041865,-1.28417203,-0.518964087,0.254518371,0.0894052842,-0.0258452586,-0.0289561889,-0.0479206031,0.0492015933,-0.0326160345,-2.01119196,-2.60979395,-1.8433632,-0.59209733,-0.106877471,-0.0427920372,-0.0405227454
0.151,-0.0151796061,0.00780460239,-0.0399616248,0.174512832,-1.23149623,-0.462743675,0.289734904,0.0933949116,-0.0267918414,-0.0253418542,-0.0402921634,0.0559109491,-0.0717461498,-1.95535336,-2.59152417,-1.87675898,-0.56715734,-0.0921766473,-0.0433863279,-0.0437204495
0.152,-0.0143502633,0.0034912992,-0.0463329551,0.139820427,-1.18661046,-0.408019547,0.3219341,0.0951843163,-0.027863451,-0.0213227707,-0.0324494995,0.0607744038,-0.109433184,-1.90009513,-2.56789056,-1.90551978,-0.539197422,-0.0776737933,-0.0445422681,-0.0464368818
0.153,-0.0139825271,-0.000561936016,-0.0514129642,0.101546913,-1.14937814,-0.355258264,0.350973309,0.0948708201,-0.0289224376,-0.0169713646,-0.0245506691,0.0639007034,-0.145350173,-1.84541897,-2.53967048,-1.92997077,-0.508650869,-0.0636892254,-0.0462706133,-0.048610997
0.154,-0.0139890277,-0.00425384126,-0.0555074622,0.0602396687,-1.11957679,-0.304864581,0.376778362,0.0925937328,-0.0298397222,-0.0123708493,-0.0167399567,0.0654256785,-0.17921454,-1.79127904,-2.50751657,-1.95045916,-0.475953788,-0.0505094234,-0.0485503947,-0.0501961801
0.155,-0.0142711393,-0.00752804089,-0.0589035188,0.0164090171,-1.09692719,-0.257176106,0.399325346,0.0885252302,-0.0305035478,-0.00761434355,-0.00914491236,0.0655061815,-0.210780874,-1.73759845,-2.47196481,-1.96733581,-0.441526691,-0.0383856666,-0.0513290136,-0.0511628134
0.156,-0.0147260867,-0.0103702671,-0.0618606473,-0.0294670409,-1.08111455,-0.212475845,0.41864559,0.0828626422,-0.0308207272,-0.00279774803,-0.00187458336,0.0643084813,-0.239839016,-1.68427771,-2.43344564,-1.98095158,-0.40578156,-0.0275286274,-0.0545331724,-0.0514979398
0.157,-0.0152529087,-0.0128022919,-0.0646129932,-0.0769415741,-1.07180566,-0.170988643,0.434806433,0.0758220152,-0.0307246716,0.00198128085,0.0049798631,0.0620053531,-0.266209027,-1.63120652,-2.39229809,-1.99164093,-0.369107813,-0.018108155,-0.0580687758,-0.0512070324
0.158,-0.0157589656,-0.0148756453,-0.0673632249,-0.125591436,-1.06865903,-0.132895655,0.447917146,0.067628303,-0.0301703664,0.0066303489,0.0113458629,0.0587688055,-0.289739926,-1.57826704,-2.3487817,-1.99972179,-0.331880196,-0.0102522408,-0.0618335158,-0.05031023
0.159,-0.0161631329,-0.0166641822,-0.0702844739,-0.175015654,-1.07133156,-0.0983313294,0.458111207,0.0585132391,-0.0291411269,0.0110646579,0.0171657423,0.0547699735,-0.310308016,-1.52534183,-2.30309137,-2.00548204,-0.294449812,-0.00404792881,-0.0657164293,-0.0488449444
0.16,-0.0163977412,-0.018257207,-0.0735139591,-0.224827055,-1.0794819,-0.067397971,0.465550467,0.0487057322,-0.0276396138,0.0152113632,0.0223964161,0.050177647,-0.327815816,-1.47231226,-2.25536413,-2.00918551,-0.257149129,0.000450291164,-0.0696062077,-0.046864748
0.161,-0.0164092113,-0.0197523032,-0.0771529911,-0.274653711,-1.09276612,-0.0401638816,0.470416378,0.0384302106,-0.0256895545,0.0190117537,0.0270067574,0.0451563715,-0.342191775,-1.41906749,-2.20569185,-2.01105954,-0.220287551,0.0032260005,-0.0733931608,-0.0444337856
0.162,-0.016161728,-0.0212467857,-0.0812686095,-0.324131406,-1.11084238,-0.0166759758,0.472909495,0.0278955381,-0.0233289197,0.0224196224,0.0309775011,0.0398672787,-0.353389185,-1.36550055,-2.15412285,-2.01129867,-0.184153212,0.0042944812,-0.0769740473,-0.0416223007
0.163,-0.0156356065,-0.0228322313,-0.0858901179,-0.372906665,-1.13336002,0.00304239567,0.473246934,0.0172972587,-0.0206064926,0.0254070237,0.0342997223,0.0344653752,-0.361387531,-1.31151733,-2.10067295,-2.01005635,-0.149014211,0.00370599946,-0.0802565508,-0.0385027088
0.164,-0.0148245229,-0.0245864911,-0.0910126313,-0.420628501,-1.15996714,0.0189826695,0.471652651,0.00681050384,-0.0175820998,0.0279586867,0.0369700428,0.0291066057,-0.366195291,-1.25702721,-2.04532508,-2.00744715,-0.115118668,0.00153625966,-0.0831578558,-0.0351508013
0.165,-0.0137581958,-0.0265684274,-0.0966132238,-0.466952958,-1.19031293,0.0311529385,0.468347617,-0.00341100837,-0.0143241026,0.0300712974,0.0390041508,0.023939278,-0.367838735,-1.20195715,-1.98802606,-2.00354512,-0.0826879388,-0.00211170486,-0.0856051242,-0.0316372166
0.166,-0.0124702298,-0.0288141494,-0.102630409,-0.511539034,-1.22402906,0.0395684234,0.463560913,-0.0132377363,-0.0108989473,0.031755429,0.0404246261,0.0191092222,-0.366372682,-1.14624712,-1.92869275,-1.99839022,-0.0519258746,-0.00711868024,-0.0875390292,-0.0280330938
0.167,-0.0110052572,-0.0313344584,-0.108973455,-0.554051986,-1.26072925,0.0442588896,0.457519804,-0.0225618846,-0.00736992562,0.0330325171,0.0412646388,0.0147546343,-0.361877394,-1.08985573,-1.86721385,-1.99197885,-0.0230158552,-0.01334447,-0.0889130343,-0.0244042384
0.168,-0.00941829098,-0.0341091949,-0.115528338,-0.594159731,-1.30000827,0.04526001,0.450443539,-0.0313009466,-0.00379808921,0.0339312177,0.0415696654,0.011009451,-0.3544587,-1.03275848,-1.80344677,-1.98427374,0.0038778947,-0.020638217,-0.0896922755,-0.0208125731
0.169,-0.00776339223,-0.0370902428,-0.122154792,-0.631539173,-1.34142985,0.0426219443,0.442543936,-0.0393942819,-0.000234189245,0.0344857498,0.0413924887,0.00799397391,-0.344249852,-0.974957614,-1.73722377,-1.97519773,0.0286090099,-0.0288370054,-0.0898551177,-0.0173162562
0.17,-0.00609845574,-0.0401962244,-0.128696774,-0.665872433,-1.38452364,0.0364036422,0.434017206,-0.0468041867,0.00327721422,0.03473241,0.040798114,0.0058177997,-0.331409636,-0.916478613,-1.66835083,-1.96464214,0.0510488647,-0.0377726317,-0.0893908269,-0.0139675505
0.171,-0.00447157993,-0.0433197323,-0.134979068,-0.696856681,-1.42877182,0.0266821354,0.425045033,-0.0535125611,0.00670530107,0.0347075272,0.0398555553,0.00456799318,-0.316125159,-0.857383471,-1.59661727,-1.9524641,0.0710846609,-0.0472728685,-0.0883020165,-0.0108162785
0.172,-0.002923178,-0.0463251735,-0.140816597,-0.724201415,-1.47360073,0.0135495463,0.415789066,-0.0595193947,0.0100291897,0.0344459131,0.0386406268,0.00431011793,-0.298610037,-0.797766208,-1.52180206,-1.93849471,0.0886185812,-0.0571657291,-0.0866026231,-0.00790607314
0.173,-0.00147532519,-0.0490592019,-0.14601272,-0.747642154,-1.51837069,-0.0028768379,0.406389628,-0.0648393714,0.0132414859,0.0339785258,0.0372268917,0.00507626201,-0.279107087,-0.737767648,-1.44368936,-1.92253973,0.103566935,-0.0672829536,-0.0843201313,-0.00527920842
0.174,-0.000132569642,-0.0513527756,-0.150369152,-0.766938759,-1.56236731,-0.0224547193,0.396962985,-0.0694978484,0.0163454427,0.033333367,0.0356852657,0.00686386307,-0.257885565,-0.677570418,-1.3620841,-1.90438735,0.115859242,-0.0774601734,-0.0814943737,-0.00296916014
0.175,0.00111694907,-0.0530334899,-0.153692692,-0.781891968,-1.60479989,-0.0450040945,0.387598321,-0.0735263534,0.019353063,0.0325348044,0.0340785533,0.00962443496,-0.235240573,-0.617412981,-1.27683402,-1.88380523,0.125439206,-0.0875288483,-0.0781810322,-0.00099180621
0.176,0.00229352334,-0.0539314103,-0.155812489,-0.792342723,-1.64481007,-0.0703074512,0.378345714,-0.0769583881,0.0222773434,0.0316010661,0.0324608312,0.013267843,-0.211487653,-0.557574913,-1.18785388,-1.86055034,0.132264985,-0.0973237351,-0.0744477047,0.000649434119
0.177,0.00342873842,-0.0538907769,-0.156576723,-0.798189482,-1.68147816,-0.0981006188,0.369215287,-0.0798268551,0.0251317149,0.0305439133,0.030871201,0.017661816,-0.186964739,-0.498382502,-1.09515438,-1.83437769,0.136313817,-0.106693434,-0.070371719,0.0019555656
0.178,0.00456021069,-0.0527792144,-0.155867502,-0.79938783,-1.71383993,-0.12807329,0.360174287,-0.0821597113,0.0279269423,0.0293700383,0.0293319273,0.0226343501,-0.162023437,-0.44019461,-0.998869463,-1.80505236,0.137584422,-0.115501484,-0.066037514,0.00293512736
0.179,0.00572654076,-0.0504972017,-0.153600318,-0.795966579,-1.74091028,-0.159861366,0.351149097,-0.0839783912,0.0306693835,0.0280824188,0.0278470593,0.0279795968,-0.137028293,-0.383401988,-0.899283557,-1.77235697,0.136103642,-0.12363046,-0.0615339705,0.00360396036
0.18,0.00696292065,-0.0469880976,-0.14973706,-0.788025814,-1.76171697,-0.193051632,0.342026742,-0.085295572,0.0333602101,0.0266823093,0.026401977,0.0334634084,-0.112344527,-0.328408642,-0.796851984,-1.73610676,0.131930376,-0.130984057,-0.0569514644,0.00398573336
0.181,0.00829450167,-0.0422431829,-0.144282821,-0.775749076,-1.77534101,-0.227178913,0.332660694,-0.0861158632,0.0359937213,0.0251708576,0.0249663367,0.0388354471,-0.0883355154,-0.27562546,-0.692215304,-1.69615905,0.125162882,-0.137491281,-0.0523779776,0.00411148041
0.182,0.00973316926,-0.0363088598,-0.137296244,-0.759396154,-1.78096436,-0.261736721,0.32287677,-0.086436414,0.0385586602,0.0235509277,0.0234965642,0.0438379475,-0.0653472234,-0.225447758,-0.586200122,-1.65242892,0.115942992,-0.143108096,-0.0478962229,0.00401845647
0.183,0.0112726204,-0.029285011,-0.128881766,-0.739308243,-1.77791761,-0.296180829,0.312483837,-0.086250078,0.0410378342,0.0218285381,0.0219425104,0.0482216394,-0.0437047776,-0.178245867,-0.479809765,-1.60489815,0.104461531,-0.147820232,-0.0435798206,0.00374928541
0.184,0.0128879334,-0.0213266693,-0.119195764,-0.715893112,-1.76572906,-0.32994662,0.301283403,-0.0855488671,0.0434109891,0.0200138042,0.0202525186,0.0517557275,-0.0236952775,-0.134341786,-0.374196965,-1.55362831,0.0909603033,-0.151643168,-0.0394914296,0.00334965882
0.185,0.0145347766,-0.0126346639,-0.10843334,-0.689622039,-1.74416435,-0.362458925,0.28908425,-0.084328867,0.04565595,0.0181218405,0.0183816495,0.054243932,-0.00556543504,-0.0940009519,-0.270625793,-1.49876545,0.0757324724,-0.15462212,-0.035680636,0.00286711894
0.186,0.0161527041,-0.00345097883,-0.0968297651,-0.661007288,-1.71325916,-0.393154553,0.275713689,-0.0825951859,0.0477519176,0.0161726591,0.0162968733,0.0555323151,0.0104941112,-0.0574126556,-0.170416942,-1.44054646,0.0591196556,-0.156828786,-0.0321840523,0.00234867855
0.187,0.0176686526,0.00595718359,-0.084642901,-0.630592065,-1.67333318,-0.421495671,0.261032905,-0.080366614,0.0496810997,0.0141915831,0.0139836049,0.0555212737,0.0243474088,-0.0246876843,-0.0748881689,-1.37929616,0.0415050165,-0.158357466,-0.0290259694,0.001839604
0.188,0.0190036875,0.015306719,-0.0721507121,-0.598923335,-1.62499072,-0.446994041,0.244946188,-0.0776805687,0.0514308996,0.012207448,0.0114479332,0.0541680397,0.0359242287,0.00415344419,0.0147140396,-1.31542434,0.0233042158,-0.159318873,-0.0262205812,0.00138072822
0.189,0.0200818741,0.0243178244,-0.0596293776,-0.56653959,-1.56909733,-0.469224676,0.227413268,-0.0745972355,0.0529951189,0.0102508611,0.00871978005,0.0514913202,0.0452141205,0.029173484,0.0972782097,-1.24941463,0.00495249638,-0.15983466,-0.023774658,0.00100564429
0.19,0.0208383324,0.0327234167,-0.0473488268,-0.533944047,-1.50674139,-0.487845272,0.208455476,-0.0711987405,0.0543749104,0.00835560304,0.00584927948,0.0475657041,0.052270014,0.0505187808,0.171887272,-1.18181254,-0.013110171,-0.160027773,-0.0216909228,0.000740440529
0.191,0.0212232138,0.040285682,-0.0355559597,-0.501595907,-1.43918004,-0.50260314,0.188159462,-0.0675868825,0.0555765568,0.00655817748,0.00290415464,0.0425189752,0.0571959533,0.0684032717,0.237862872,-1.11320571,-0.0304561224,-0.160013358,-0.0199708683,0.000603865639
0.192,0.0212068864,0.0468033537,-0.0244726237,-0.469889049,-1.3677767,-0.513346778,0.166673604,-0.0638802781,0.0566093462,0.00489602397,-3.70256844e-05,0.0365213476,0.0601458279,0.0831017236,0.294796452,-1.04420516,-0.0466851712,-0.159891031,-0.0186171662,0.00060582067
0.193,0.0207822856,0.0521226976,-0.0142816919,-0.439151244,-1.29393074,-0.520024427,0.144203812,-0.0602089947,0.0574823127,0.00340588051,-0.0028903677,0.0297768851,0.0613078406,0.0949275514,0.342558556,-0.975423236,-0.0614399311,-0.159738612,-0.017634688,0.000746927183
0.194,0.0199651889,0.0561394616,-0.0051294312,-0.409631391,-1.2190115,-0.522684837,0.121002697,-0.0567081872,0.058201014,0.00212189555,-0.00557442027,0.0225098924,0.060900316,0.10422236,0.381291854,-0.907454049,-0.0744172211,-0.159607302,-0.0170306346,0.00101817413
0.195,0.0187921575,0.0588028545,0.00288261814,-0.381507951,-1.14429595,-0.52146659,0.0973591664,-0.053510429,0.0587645993,0.00107371245,-0.00801581019,0.0149541555,0.0591554836,0.111332976,0.411385255,-0.840854084,-0.085378012,-0.159519396,-0.0168132245,0.00140117742
0.196,0.0173165762,0.0601117298,0.00969105256,-0.354884834,-1.07091989,-0.51658979,0.0735836298,-0.0507384211,0.0591635737,0.000284495052,-0.0101550565,0.00734014992,0.0563152452,0.116602439,0.433436344,-0.776126813,-0.094151925,-0.159468089,-0.0169894132,0.00186890845
0.197,0.0156036045,0.0601122791,0.0152737868,-0.329807161,-0.99984059,-0.50833915,0.0499953677,-0.0484977636,0.0593789547,-0.000230896949,-0.0119496779,-0.000114340425,0.0526169629,0.120351001,0.44820262,-0.713710254,-0.100639804,-0.159419777,-0.0175619317,0.00238695085
0.198,0.0137243077,0.0588900556,0.0196407925,-0.306262953,-0.931816812,-0.497050639,0.0269081673,-0.0468714118,0.0593825712,-0.000467450674,-0.0133762013,-0.0072133518,0.0482913301,0.122872183,0.456549721,-0.653968991,-0.104810847,-0.159318066,-0.0185259711,0.00291543128
0.199,0.0117502622,0.0565637157,0.0228343521,-0.284202458,-0.867401792,-0.483092839,0.00461955263,-0.0459152132,0.0591390005,-0.000431014326,-0.0144297341,-0.0137885037,0.0435516177,0.124420338,0.459398188,-0.597190369,-0.106698553,-0.159089455,-0.0198663277,0.00341128368
0.2,0.00974852808,0.0532754565,0.0249192297,-0.263541748,-0.806951269,-0.466853221,-0.016599691,-0.0456558652,0.0586084899,-0.000138761235,-0.0151222273,-0.0197032809,0.0385944089,0.125212829,0.457675709,-0.543584264,-0.106392424,-0.158649688,-0.0215549898,0.00383104675
0.201,0.00777812604,0.0491835727,0.0259819736,-0.244181519,-0.750640727,-0.448721922,-0.0365119298,-0.0460900772,0.0577508636,0.000381473896,-0.0154794302,-0.0248546926,0.03359228,0.125424176,0.452275241,-0.493286884,-0.104030005,-0.157910582,-0.0235501693,0.00413365732
0.202,0.0058867645,0.0444539092,0.0261214302,-0.226008919,-0.69849199,-0.429080938,-0.0549182224,-0.0471858073,0.0565294919,0.00109269772,-0.0155372159,-0.029173186,0.0286968464,0.125193194,0.444023525,-0.446366383,-0.0997864035,-0.156786227,-0.0257962804,0.00428345929
0.203,0.00411002085,0.0392535603,0.0254480814,-0.208913098,-0.650402094,-0.408292889,-0.0716604019,-0.0488852745,0.0549152991,0.00194992974,-0.0153370811,-0.0326209966,0.0240344395,0.124621813,0.433658857,-0.402831127,-0.0938651583,-0.155198858,-0.0282253797,0.00425271416
0.204,0.00247172254,0.0337445501,0.024076864,-0.19278406,-0.606173943,-0.38669492,-0.0866217848,-0.0511093321,0.0528903799,0.00290248211,-0.01492228,-0.0351891799,0.0197103727,0.123784466,0.421818507,-0.362637966,-0.0864883549,-0.153083571,-0.0307597852,0.00402336646
0.205,0.000985469699,0.0280793993,0.0221272616,-0.177524261,-0.565545129,-0.364592804,-0.0997255128,-0.0537620898,0.0504505517,0.00389691855,-0.014334854,-0.0368942638,0.0158057595,0.122728998,0.409033701,-0.325702272,-0.0778890599,-0.15039189,-0.0333157273,0.00358821658
0.206,-0.000343753848,0.0223975754,0.0197172404,-0.16304414,-0.528214805,-0.342259055,-0.110932548,-0.0567361741,0.0476067758,0.00488004201,-0.0136131635,-0.0377739722,0.0123822405,0.121486122,0.395732047,-0.291906292,-0.0683035785,-0.147093874,-0.0358074866,0.00295119038
0.207,-0.00151703499,0.0168231183,0.0169638006,-0.149270311,-0.493865468,-0.319931506,-0.120238133,-0.0599178941,0.0443853603,0.00580185546,-0.012790858,-0.0378834614,0.00947950617,0.120070465,0.38224438,-0.261108398,-0.0579661346,-0.143179167,-0.0381517095,0.00212680836
0.208,-0.0025397117,0.0114633305,0.0139779808,-0.136139038,-0.462181054,-0.297814501,-0.127668526,-0.0631921851,0.0408269545,0.00661807826,-0.0118960033,-0.0372909468,0.00712021854,0.118488596,0.368815621,-0.233149763,-0.047103437,-0.138656697,-0.0402713988,0.0011389554
0.209,-0.00341917122,0.00640806833,0.0108655246,-0.123602069,-0.432859639,-0.276080283,-0.133276995,-0.0664470899,0.0369845747,0.00729218091,-0.0109516316,-0.0360743732,0.00530810763,0.116739271,0.355616739,-0.207861595,-0.0359314106,-0.133553651,-0.0420993868,1.90260104e-05
0.21,-0.00416372172,0.00172995586,0.00772276612,-0.111619294,-0.405622711,-0.254871765,-0.137140298,-0.0695775055,0.0329208677,0.00779672788,-0.00997597557,-0.0343176054,0.00403302153,0.114819549,0.342757919,-0.185069527,-0.0246516677,-0.127913466,-0.0435809331,-0.00119623592
0.211,-0.00478141104,-0.0025152259,0.00463732707,-0.100163284,-0.380220293,-0.234305193,-0.139354939,-0.0724883332,0.0287049094,0.00811401139,-0.00898371764,-0.0321078861,0.00326964363,0.112724087,0.330300677,-0.164598604,-0.0134496855,-0.121793516,-0.044675426,-0.00246713465
0.212,-0.00527983293,-0.00628745224,0.00168488703,-0.0892120702,-0.356433721,-0.214473292,-0.140033781,-0.0750967157,0.0244089044,0.00823603739,-0.0079865559,-0.0295328047,0.00298267182,0.110449524,0.318269606,-0.146275564,-0.00249264072,-0.115262229,-0.0453571141,-0.00375330137
0.213,-0.00566588736,-0.00956146674,-0.00106990932,-0.0787530615,-0.334075797,-0.195448188,-0.139302788,-0.0773337974,0.0201048669,0.00816376964,-0.00699440962,-0.0266785661,0.00312605521,0.107993105,0.306662147,-0.129931935,0.00807151317,-0.108396339,-0.0456148952,-0.00501593875
0.214,-0.00594577102,-0.0123252896,-0.00357517759,-0.068776365,-0.312989416,-0.177284259,-0.137297623,-0.0791456384,0.0158618834,0.00790608037,-0.00601612909,-0.0236277908,0.00364783626,0.105355644,0.295457205,-0.115404921,0.0181151725,-0.101278063,-0.0454514603,-0.00621986562
0.215,-0.00612474478,-0.0145791096,-0.0057901855,-0.0592786705,-0.29304484,-0.160020688,-0.13416022,-0.080493332,0.011743901,0.00747858306,-0.00506047786,-0.020458568,0.00448955252,0.102539714,0.284621669,-0.10253931,0.0275308378,-0.093992277,-0.0448819391,-0.00733467765
0.216,-0.00620809295,-0.016333627,-0.00768686399,-0.0502573586,-0.274137208,-0.143683512,-0.130036033,-0.0813525228,0.00780781953,0.0069020718,-0.00413583858,-0.0172428455,0.00559134052,0.0995518666,0.274116495,-0.0911871817,0.0362314799,-0.0866237093,-0.043931982,-0.00833543276
0.217,-0.00620126771,-0.0176087281,-0.00924794243,-0.041713999,-0.256183179,-0.128287724,-0.125071342,-0.0817127913,0.00410218939,0.00620084869,-0.00325056975,-0.0140459981,0.00689138408,0.09640085,0.263900663,-0.0812090231,0.0441499041,-0.079254761,-0.0426356351,-0.00920317807
0.218,-0.00611045723,-0.0184318542,-0.0104673136,-0.0336491498,-0.239117828,-0.11383871,-0.119410717,-0.0815764582,0.00066647964,0.00540116522,-0.00241259024,-0.0109258204,0.00833030091,0.0930991066,0.253934799,-0.0724730246,0.0512383304,-0.0719634601,-0.0410331761,-0.00992500916
0.219,-0.00594258882,-0.0188366468,-0.0113478911,-0.0260656291,-0.222891296,-0.100333862,-0.113194796,-0.0809573067,-0.00246919567,0.00452982019,-0.00162938874,-0.00793253396,0.00985032638,0.089661099,0.244183111,-0.0648557517,0.0574671673,-0.064821898,-0.0391690022,-0.0104938186
0.22,-0.00570556417,-0.0188614417,-0.0119013124,-0.0189639839,-0.207465877,-0.0877634837,-0.106558185,-0.0798789433,-0.00528388432,0.00361299645,-0.000907558828,-0.00510825364,0.0113989309,0.0861043124,0.234615259,-0.0582412851,0.0628238986,-0.0578949141,-0.0370897454,-0.0109078126
0.221,-0.00540804238,-0.0185480001,-0.0121457292,-0.0123455517,-0.192813132,-0.0761120438,-0.0996278278,-0.0783732024,-0.00776534136,0.00267532761,-0.000252747175,-0.00248734512,0.012927569,0.082447729,0.225206837,-0.0525216912,0.0673113884,-0.0512392166,-0.0348425537,-0.0111698245
0.222,-0.00505941866,-0.0179401884,-0.0121051803,-0.00620854401,-0.178911505,-0.0653587133,-0.0925214862,-0.0764783765,-0.00990927501,0.00173923069,0.000330699748,-9.62694e-05,0.0143944924,0.0787124566,0.215940057,-0.0475961662,0.0709462845,-0.0449027748,-0.0324737203,-0.0112865859
0.223,-0.00466947556,-0.0170828734,-0.0118075572,-0.000550912461,-0.165744086,-0.0554784115,-0.0853467837,-0.0742375972,-0.0117184952,0.000824432809,0.00083968841,0.00204579399,0.0157630759,0.074920384,0.206803289,-0.0433714128,0.0737570623,-0.0389245773,-0.0300274879,-0.0112679238
0.224,-0.00424820717,-0.0160208292,-0.0112838752,0.00463299463,-0.153296827,-0.0464420782,-0.078200298,-0.0716971709,-0.0132019084,-5.22563827e-05,0.00127255282,0.00392682562,0.0170038982,0.0710945608,0.197790993,-0.0397608357,0.0757822174,-0.0333346239,-0.0275452034,-0.0111260143
0.225,-0.0038055887,-0.0147978173,-0.0105667162,0.00934972749,-0.141557073,-0.0382175342,-0.0711672811,-0.068905032,-0.0143735433,-0.000876910377,0.00162898242,0.00554115687,0.0180928745,0.0672580311,0.188902742,-0.0366849092,0.0770682811,-0.0281542384,-0.0250646335,-0.0108747044
0.226,-0.00335158315,-0.0134556776,-0.00968974821,0.0136095977,-0.130512534,-0.0307695959,-0.0643214643,-0.0659094168,-0.0152515871,-0.00163855189,0.00191046651,0.0068891117,0.0190131432,0.0634340169,0.180143133,-0.0340704606,0.0776683414,-0.0233965299,-0.0226193791,-0.0105288345
0.227,-0.00289558026,-0.012033705,-0.00868622669,0.0174241524,-0.120150257,-0.0240610192,-0.0577252457,-0.0627578392,-0.0158574422,-0.00232916392,0.00211993803,0.00797606347,0.0197528638,0.0596449337,0.171520584,-0.031850946,0.0776402797,-0.0190669687,-0.0202385817,-0.0101036055
0.228,-0.00244621184,-0.0105681019,-0.00758848241,0.0208084699,-0.110455935,-0.0180525935,-0.0514298127,-0.0594960749,-0.0162147971,-0.00294344564,0.00226162692,0.00881197999,0.0203062953,0.0559124612,0.163046811,-0.02996579,0.0770451486,-0.0151641123,-0.017946892,-0.00961411467
0.229,-0.00201109463,-0.00909158835,-0.0064270252,0.0237787769,-0.101413469,-0.0127039761,-0.045475768,-0.0561673456,-0.0163488218,-0.00347851214,0.00234073882,0.00941046375,0.0206716915,0.0522567769,0.154735623,-0.0283606148,0.0759456556,-0.0116804082,-0.0157645023,-0.00907495871
0.23,-0.00159680694,-0.00763310412,-0.00523028361,0.026354314,-0.0930047244,-0.00797374201,-0.0398936356,-0.0528116809,-0.0162854415,-0.00393360126,0.00236332432,0.00978824003,0.0208521855,0.0486965705,0.14660247,-0.0269866393,0.0744048786,-0.00860306504,-0.0137073193,-0.00849994399
0.231,-0.0012087429,-0.00621767806,-0.00402406817,0.0285551234,-0.085209457,-0.00382021129,-0.0347047318,-0.049465462,-0.0160506924,-0.00430976287,0.00233592748,0.00996424937,0.0208537773,0.0452485162,0.138663347,-0.0258008082,0.0724850942,-0.0059149089,-0.0117871832,-0.00790186186
0.232,-0.000851179378,-0.00486634562,-0.00283147207,0.0304035644,-0.0780053445,-0.000201448392,-0.029921871,-0.0461611158,-0.0156701889,-0.00460956217,0.00226548858,0.00995916225,0.0206860755,0.041927302,0.130934496,-0.0247652051,0.0702468432,-0.00359525716,-0.0100121632,-0.00729233317
0.233,-0.00052721648,-0.00359624343,-0.00167262335,0.0319222797,-0.0713681623,0.00292393827,-0.0255503503,-0.042926956,-0.0151686479,-0.00483678741,0.00215900866,0.00979457132,0.0203604555,0.0387453078,0.123431509,-0.0238470885,0.0677481122,-0.00162072457,-0.00838688558,-0.00668170757
0.234,-0.000238894716,-0.00242069222,-0.000564695046,0.0331354445,-0.0652719775,0.0055968346,-0.0215887269,-0.0397871478,-0.0145695321,-0.00499617758,0.00202350757,0.00949258457,0.0198907175,0.0357126657,0.11616921,-0.0230183134,0.0650437074,3.39895184e-05,-0.00691290322,-0.00607901341
0.235,1.27802051e-05,-0.00134945727,0.000478098249,0.0340669544,-0.0596894596,0.00785687919,-0.0180298256,-0.0367617887,-0.0138947465,-0.00509319282,0.00186576251,0.00907514518,0.0192914903,0.0328371278,0.109160979,-0.0222552749,0.0621847746,0.00139542009,-0.00558906231,-0.00549193606
0.236,0.000227734186,-0.000388971587,0.00144446419,0.0347414482,-0.0545920842,0.00974256551,-0.0148615026,-0.0338670531,-0.0131644471,-0.00513378418,0.00169222354,0.00856374997,0.0185787393,0.0301241994,0.102418723,-0.0215383012,0.0592184254,0.00249072197,-0.00441189523,-0.00492680349
0.237,0.000406741298,0.000457293617,0.00232584168,0.0351827305,-0.0499505274,0.0112905999,-0.0120676169,-0.0311153832,-0.0123969065,-0.00512415398,0.00150867733,0.00797893925,0.017768295,0.0275771644,0.095952278,-0.0208515184,0.0561874289,0.00334712664,-0.00337605238,-0.00438867392
0.238,0.000551209971,0.00118859027,0.00311623444,0.0354146822,-0.0457349714,0.0125360927,-0.00962873708,-0.0285157584,-0.0116084293,-0.00507057816,0.00132038581,0.00734011865,0.0168764792,0.0251972281,0.0897695791,-0.0201823214,0.0531300845,0.00399142343,-0.00247466924,-0.00388144919
0.239,0.000663097052,0.00180648741,0.00381192355,0.0354599359,-0.0419154936,0.0135120056,-0.00752299098,-0.0260740121,-0.010813318,-0.0049792767,0.00113195652,0.00666517712,0.0159189848,0.0229836524,0.0838763402,-0.0195211856,0.0500802348,0.00444958268,-0.00169969819,-0.00340795672
0.24,0.000744756883,0.00231458746,0.0044113463,0.0353406509,-0.0384622841,0.0142494042,-0.00572666391,-0.0237931559,-0.0100238947,-0.00485629768,0.000947433002,0.00597043717,0.0149113856,0.0209339455,0.0782762831,-0.0188611431,0.047067301,0.00474642729,-0.00104222791,-0.00297004434
0.241,0.000798869812,0.00271811955,0.00491474884,0.0350774449,-0.0353460081,0.0147770196,-0.00421490858,-0.0216737155,-0.00925055211,-0.00470741765,0.000770182938,0.00527041624,0.0138682027,0.0190440747,0.0729709225,-0.0181975665,0.0441164277,0.00490540056,-0.000492776145,-0.00256868519
0.242,0.000828313016,0.00302366809,0.00532407778,0.0346900736,-0.032537969,0.0151215578,-0.00296222868,-0.0197140598,-0.00850185129,-0.00453806341,0.000603010805,0.0045778756,0.0128033798,0.0173086587,0.0679598532,-0.0175277064,0.041248637,0.00494837046,-4.15505769e-05,-0.00220408674
0.243,0.000836099808,0.00323879169,0.00564260038,0.0341965872,-0.030010429,0.0153073622,-0.00194304903,-0.0179107218,-0.00778463244,-0.00435324662,0.000448065944,0.00390369888,0.0117295361,0.0157212149,0.0632406312,-0.0168504744,0.038481076,0.00489551224,0.000321322887,-0.00187580542
0.244,0.000825276969,0.00337179077,0.00587482237,0.0336139341,-0.0277367055,0.0153567589,-0.00113207467,-0.0162587114,-0.00710415586,-0.00415752399,0.000306980653,0.00325701647,0.0106584195,0.0142743403,0.0588091073,-0.0161660532,0.0358272531,0.00476522311,0.000605603483,-0.00158285373
0.245,0.000798871201,0.00343137469,0.00602609727,0.0329573135,-0.0256914401,0.0152898059,-0.000504724742,-0.0147518071,-0.00646424697,-0.00395497164,0.000180806712,0.00264517235,0.00960034237,0.0129599616,0.0546593901,-0.0154756962,0.0332973518,0.00457409775,0.000820774975,-0.00132380866
0.246,0.000759814911,0.00342648318,0.00610258395,0.0322407206,-0.0238506195,0.0151246578,-3.73706058e-05,-0.0133828313,-0.00586745179,-0.00374917841,7.0162781e-05,0.00207390201,0.00856459975,0.0117694913,0.0507841977,-0.0147814097,0.0308985087,0.00433693018,0.00097591208,-0.00109689811
0.247,0.000710882036,0.00336601547,0.00611084986,0.0314764862,-0.0221918156,0.0148773834,0.000292339795,-0.0121439017,-0.00531520125,-0.00354325933,-2.48055529e-05,0.00154736588,0.00755906228,0.0106940626,0.0471748879,-0.0140857703,0.0286351525,0.00406676698,0.00107957827,-0.000900079238
0.248,0.00065463028,0.00325871173,0.00605785635,0.0306757456,-0.0206941377,0.014562344,0.000505348666,-0.0110266534,-0.00480797165,-0.00333986821,-0.000104282082,0.00106835956,0.00659055046,0.00972465862,0.0438217841,-0.0133916917,0.0265092992,0.00377495384,0.00113975602,-0.000731135667
0.249,0.000593393275,0.00311293767,0.00595062865,0.0298481005,-0.0193383797,0.0141920671,0.000621013485,-0.0100224337,-0.00434542095,-0.00314121272,-0.000168814428,0.000638379693,0.00566455818,0.00885230437,0.0407142264,-0.0127022906,0.0245208977,0.00347121816,0.00116380269,-0.000587753225
0.25,0.000529253469,0.00293662435,0.00579628952,0.0290020395,-0.0181069209,0.0137776092,0.0006570675,-0.00912248092,-0.00392652964,-0.00294908466,-0.000219169971,0.000257840962,0.00478558646,0.00806816257,0.0378408804,-0.012020723,0.0226681088,0.0031637631,0.00115841963,-0.000467574556
0.251,0.000464040554,0.00273711287,0.00560176161,0.0281447215,-0.0169838306,0.0133284673,0.000629533061,-0.00831806875,-0.00354972336,-0.00276488657,-0.000256363977,-7.38378611e-05,0.00395697212,0.00736368216,0.0351898172,-0.0113500774,0.0209476251,0.00285937975,0.00112964418,-0.000368251125
0.252,0.000399330444,0.00252114687,0.00537384009,0.0272823334,-0.0159547158,0.0128529169,0.000552757067,-0.00760064145,-0.00321299171,-0.0025896702,-0.000281520628,-0.000358027315,0.00318117885,0.00673065678,0.0327487901,-0.0106932769,0.0193549258,0.00256356205,0.00108285255,-0.000287478051
0.253,0.000336444977,0.00229477193,0.00511892871,0.0264199656,-0.01500679,0.0123579508,0.000439395519,-0.00696191791,-0.00291399336,-0.00242417568,-0.000295895095,-0.000596799488,0.00245971379,0.0061613297,0.03050531,-0.0100530006,0.017884553,0.00228063608,0.00102277238,-0.00022302699
0.254,0.000276462711,0.00206336975,0.00484313898,0.0255619082,-0.0141286909,0.0118495952,0.000300494331,-0.00639397424,-0.00265015435,-0.00226886602,-0.000300763853,-0.000792738081,0.00179335156,0.00564842959,0.0284468541,-0.00943163845,0.0165303231,0.00201387605,0.000953510468,-0.000172771415
0.255,0.000220228018,0.00183159886,0.00455207162,0.0247115891,-0.0133105194,0.0113328676,0.000145526464,-0.00588930175,-0.00241875172,-0.00212395907,-0.000297452787,-0.000948857987,0.00118211098,0.00518522929,0.0265609389,-0.00883124014,0.0152855572,0.00176563048,0.00087858123,-0.000134706495
0.256,0.000168368873,0.00160346724,0.00425092957,0.0238718136,-0.0125436471,0.0108120524,-1.74975516e-05,-0.00544086169,-0.00221699001,-0.00198947187,-0.000287239722,-0.00106844245,0.000625431335,0.00476555733,0.0248352829,-0.00825351454,0.0141432452,0.00153743187,0.000800945293,-0.000106971233
0.257,0.000121321701,0.00138230112,0.0039443505,0.0230447421,-0.0118207332,0.0102906505,-0.000181941196,-0.00504213306,-0.00204205091,-0.0018652704,-0.000271362121,-0.00115497976,0.000122218354,0.00438381043,0.0232578847,-0.00769980937,0.0130962329,0.00133010958,0.00072304838,-8.78620386e-05
0.258,7.93659828e-05,0.00117082972,0.00363654969,0.0222320687,-0.0111354974,0.00977162563,-0.000342406028,-0.00468711806,-0.00189114487,-0.00175108128,-0.000250965263,-0.00121203121,-0.000329058019,0.00403495848,0.0218171205,-0.00717112877,0.0121373393,0.00114390224,0.000646865943,-7.58276097e-05
0.259,4.26259077e-05,0.000971167583,0.00333117454,0.0214350275,-0.0104827317,0.00925737212,-0.000494648234,-0.0043703391,-0.00176156353,-0.00164650971,-0.000227145125,-0.00124317848,-0.000730307235,0.00371453097,0.0205017985,-0.00666811765,0.0112594962,0.000978561816,0.000573947041,-6.94683544e-05
0.26,1.10999459e-05,0.00078492348,0.00303143867,0.0206545323,-0.00985809943,0.00874991559,-0.000635443584,-0.00408683851,-0.00165071396,-0.00155107215,-0.000200888953,-0.00125192355,-0.00108374764,0.00341860453,0.0193012214,-0.00619111202,0.0104558218,0.000833442725,0.000505457416,-6.7540235e-05
0.261,-1.5334952e-05,0.000613189994,0.0027400136,0.0198911903,-0.00925813583,0.00825087104,-0.000762488832,-0.00383216987,-0.00155614883,-0.00146421978,-0.000173111632,-0.00124165422,-0.0013918168,0.00314376418,0.0182052339,-0.00574013299,0.00971972266,0.000707588936,0.000442225274,-6.89507318e-05
0.262,-3.68944393e-05,0.000456656871,0.00245916103,0.0191454002,-0.00868005763,0.00776160974,-0.000874273675,-0.00360237884,-0.00147558629,-0.00138536438,-0.000144610174,-0.00121557302,-0.0016571457,0.00288709101,0.0172042425,-0.00531494867,0.00904493163,0.000599806863,0.000384783802,-7.27564534e-05
0.263,-5.38779555e-05,0.000315603368,0.00219065884,0.018417372,-0.0081217558,0.00728321732,-0.000969979914,-0.00339398021,-0.00140692198,-0.00131389318,-0.000116105468,-0.00117667782,-0.0018824582,0.00264610346,0.0162892533,-0.00491507273,0.00842557377,0.00050873338,0.000333414091,-7.81565874e-05
0.264,-6.66372118e-05,0.000190008362,0.00193592985,0.0177071884,-0.00758161784,0.00681661973,-0.00104936064,-0.00320393481,-0.00134823615,-0.00124919047,-8.82007995e-05,-0.00112771912,-0.0020705746,0.00241874295,0.0154518693,-0.00453983357,0.00785617846,0.000432894453,0.000288184841,-8.44840927e-05
0.265,-7.5571831e-05,7.95411696e-05,0.0016959903,0.0170148274,-0.00705852247,0.00636253844,-0.00111264553,-0.00302962362,-0.00129779334,-0.00119065139,-6.1419029e-05,-0.00107119509,-0.00222429912,0.00220330399,0.0146843211,-0.00418837198,0.00733171712,0.00037075905,0.000248990479,-9.11942162e-05
0.266,-8.10972095e-05,-1.63444009e-05,0.00147157458,0.0163401881,-0.0065516778,0.00592160418,-0.00116044047,-0.00286879047,-0.00125404842,-0.00113766396,-3.61911743e-05,-0.00100932871,-0.00234647437,0.00199843178,0.0139794168,-0.00385970877,0.00684759423,0.000320784844,0.000215590207,-9.78464925e-05
0.267,-8.36554268e-05,-9.84133567e-05,0.00126308675,0.0156831227,-0.0060606363,0.00549432421,-0.00119366269,-0.00271950183,-0.00121565278,-0.00108961271,-1.28918644e-05,-0.000944073301,-0.00243986155,0.00180304354,0.0133305709,-0.00355274248,0.00639966763,0.000281454361,0.000187643168,-0.000104093728
0.268,-8.36880367e-05,-0.000167545079,0.00107069817,0.0150434569,-0.00558516218,0.00508114119,-0.00121345059,-0.00258014018,-0.00118143993,-0.00104591717,8.20720333e-06,-0.000877112421,-0.00250718129,0.00161632182,0.0127317646,-0.00326632022,0.00598422031,0.00025129885,0.000164733694,-0.000109677196
0.269,-8.16366348e-05,-0.000224744537,0.000894326929,0.0144210154,-0.00512523381,0.00468239476,-0.00122109593,-0.00244937453,-0.00115041122,-0.00100603996,2.69075935e-05,-0.000809874409,-0.00255099679,0.00143763368,0.0121775654,-0.00299922742,0.00559795764,0.000228924544,0.000146395078,-0.000114415172
0.27,-7.79177809e-05,-0.000271060544,0.000733726807,0.0138156148,-0.00468092765,0.00429837898,-0.00121797826,-0.00232612245,-0.00112172656,-0.000969483687,4.30994456e-05,-0.000743541563,-0.00257379689,0.00126654042,0.0116630528,-0.00275024909,0.00523797129,0.000213028918,0.000132133441,-0.000118189596
0.271,-7.29282821e-05,-0.00030759691,0.00058847349,0.0132270931,-0.0042524326,0.00392931488,-0.00120551653,-0.00220951626,-0.0010946904,-0.000935792685,5.67326436e-05,-0.000679069059,-0.00257788429,0.00110271758,0.0111838327,-0.00251815584,0.00490172327,0.000202415653,0.000121443374,-0.000120936583
0.272,-6.70250797e-05,-0.000335443965,0.000458035784,0.01265529,-0.0038399563,0.00357538917,-0.00118512314,-0.00209886916,-0.00106874219,-0.000904547303,6.78265044e-05,-0.000617201839,-0.00256547178,0.000945974598,0.0107359566,-0.00230175783,0.00458700558,0.00019600127,0.000113825716,-0.000122635355
0.273,-6.05378844e-05,-0.000355691782,0.000341764758,0.0121000769,-0.00344374928,0.00323673227,-0.00115817336,-0.0019936459,-0.00104344355,-0.00087536689,7.64515545e-05,-0.000558496578,-0.00253856748,0.000796175904,0.0103159424,-0.00209988725,0.00429192261,0.000192821931,0.000108799419,-0.000123298113
0.274,-5.37535502e-05,-0.000369370397,0.000238946002,0.0115613336,-0.00306403274,0.00291345007,-0.00112597879,-0.00189342891,-0.00101846837,-0.000847902396,8.27271707e-05,-0.000503341146,-0.00249908828,0.000653271431,0.00992068032,-0.00191144285,0.00401484232,0.000192033054,0.000105908627,-0.000122963205
0.275,-4.69340318e-05,-0.000377461173,0.000148788474,0.0110389798,-0.00270102963,0.00260559873,-0.00108977014,-0.0017979084,-0.000993588073,-0.000821856295,8.68155768e-05,-0.000451976857,-0.00244873945,0.000517219611,0.00954746336,-0.00173537046,0.003754377,0.000192905859,0.000104728942,-0.000121693402
0.276,-4.02971287e-05,-0.000380845592,7.04669823e-05,0.0105329445,-0.00235489697,0.0023131888,-0.00105066938,-0.00170688168,-0.000968645461,-0.000797004065,8.89363013e-05,-0.000404522919,-0.0023891161,0.000388025357,0.00919390018,-0.0015706979,0.0035093343,0.00019482234,0.000104865131,-0.00011957448
0.277,-3.40211755e-05,-0.000380344544,3.13859151e-06,0.0100431793,-0.00202574745,0.00203618782,-0.00100967857,-0.00162020554,-0.000943545352,-0.000773159398,8.93245315e-05,-0.000360990688,-0.00232162962,0.000265672773,0.00885791993,-0.00141650948,0.00327869485,0.000197273965,0.000105956455,-0.000116704653
0.278,-2.82394966e-05,-0.000376681608,-5.40383126e-05,0.00956962944,-0.00171361149,0.00177453674,-0.000967682733,-0.00153776775,-0.000918250709,-0.000750160966,8.82268791e-05,-0.000321304726,-0.00224761908,0.00015017007,0.00853768726,-0.00127197703,0.00306158107,0.000199853247,0.000107682633,-0.000113186209
0.279,-2.30543338e-05,-0.000370507943,-0.000101898783,0.00911225502,-0.00141846694,0.00152814119,-0.000925446916,-0.00145947793,-0.000892769267,-0.000727877634,8.58865042e-05,-0.000285317364,-0.0021682587,4.14846967e-05,0.00823162543,-0.00113633445,0.00285723461,0.000202245776,0.000109759726,-0.000109126223
0.28,-1.85306766e-05,-0.000362377497,-0.000141261009,0.00867099778,-0.00114020793,0.00129687197,-0.00088362087,-0.00138525543,-0.00086714568,-0.00070620425,8.25434075e-05,-0.000252828585,-0.00208466052,-6.04077816e-05,0.00793834147,-0.00100890302,0.00266499305,0.000204218805,0.00011194546,-0.000104632044
0.281,-1.47095019e-05,-0.000352772567,-0.00017291667,0.00824579983,-0.000878672836,0.0010805622,-0.000842740231,-0.00131502465,-0.00084144919,-0.000685065565,7.84283231e-05,-0.000223598001,-0.00199778351,-0.000155585876,0.00765665553,-0.000889066316,0.0024842741,0.000205612211,0.000114034993,-9.98096348e-05
0.282,-1.15991615e-05,-0.000342086339,-0.00019762782,0.00783657258,-0.000633619236,0.000879002534,-0.00080323321,-0.00124870884,-0.000815764564,-0.000664412062,7.37555895e-05,-0.000197361175,-0.00190853832,-0.000244129995,0.00738552446,-0.000776288737,0.00231455101,0.000206327511,0.000115859557,-9.47636813e-05
0.283,-9.18604192e-06,-0.000330652432,-0.000216110658,0.00744321053,-0.000404747036,0.00069193966,-0.00076542177,-0.00118623103,-0.000790181774,-0.00064422228,6.87259123e-05,-0.000173838088,-0.0018176961,-0.000326178884,0.00712407494,-0.00067009114,0.00215534775,0.000206317828,0.00011728775,-8.95946229e-05
0.284,-7.42352322e-06,-0.000318738258,-0.000229035472,0.00706556625,-0.000191677116,0.000519078301,-0.000729528782,-0.00112749724,-0.000764789889,-0.000624480644,6.35122367e-05,-0.000152745867,-0.00172599694,-0.00040187408,0.00687152661,-0.000570063687,0.00200622102,0.000205581843,0.000118223317,-8.4391909e-05
0.285,-6.25466498e-06,-0.000306575119,-0.00023702035,0.00670346678,6.01502887e-06,0.000360096334,-0.000695697559,-0.00107237871,-0.000739686037,-0.000605156576,5.82432066e-05,-0.00013379832,-0.00163408405,-0.000471412478,0.0066272217,-0.000475842575,0.00186675883,0.000204154577,0.000118608417,-7.92290533e-05
0.286,-5.61725848e-06,-0.00029433305,-0.000240657251,0.00635669979,0.000188800058,0.000214626411,-0.000664008,-0.00102073433,-0.00071496892,-0.000586230432,5.30246186e-05,-0.000116721849,-0.00154256491,-0.000534992092,0.0063905762,-0.000387123534,0.00173656929,0.00020209577,0.000118417173,-7.41691524e-05
0.287,-5.44691451e-06,-0.00028214655,-0.000240486808,0.00602502225,0.000357180932,8.22597515e-05,-0.000634475563,-0.000972419929,-0.000690728859,-0.000567698074,4.79450611e-05,-0.00010125622,-0.00145193747,-0.000592859983,0.00616111129,-0.000303639898,0.00161527372,0.000199481661,0.000117650336,-6.92679042e-05
0.288,-5.67274578e-06,-0.00027010669,-0.00023701612,0.00570814715,0.000511699552,-3.74598291e-05,-0.000607063551,-0.000927284975,-0.000667046474,-0.000549562103,4.3078406e-05,-8.71645122e-05,-0.00136266598,-0.000645258807,0.0059384018,-0.000225171534,0.00150250382,0.00019639937,0.000116334706,-6.45686232e-05
0.289,-6.22364369e-06,-0.000258280981,-0.000230697872,0.00540575788,0.000652921039,-0.000145020443,-0.000581688588,-0.000885173648,-0.000643990133,-0.000531830181,3.84835168e-05,-7.42299144e-05,-0.00127512196,-0.000692471577,0.00572210171,-0.000151523908,0.00139789281,0.000192942394,0.000114514159,-6.01035859e-05
0.29,-7.0259626e-06,-0.00024670702,-0.000221954013,0.00511749982,0.00078143538,-0.00024094911,-0.000558234249,-0.00084592321,-0.000621617628,-0.000514508603,3.42026843e-05,-6.22627392e-05,-0.00118965458,-0.000734769945,0.00551189588,-8.2535096e-05,0.00130107424,0.00018920583,0.000112248363,-5.58936551e-05
0.291,-8.01125227e-06,-0.00023540857,-0.000211156105,0.00484299573,0.000897842726,-0.000325792822,-0.000536557791,-0.000809364162,-0.000599976643,-0.000497601382,3.02672207e-05,-5.10957585e-05,-0.00110653362,-0.000772455681,0.00530752887,-1.80582285e-05,0.00121167931,0.000185283834,0.00010960678,-5.19460967e-05
0.292,-9.12032362e-06,-0.000224385725,-0.000198659453,0.00458184642,0.00100274411,-0.000400121032,-0.000516507533,-0.000775318287,-0.000579109316,-0.000481108537,2.66892093e-05,-4.05889641e-05,-0.00102601807,-0.000805808917,0.00510875466,4.20333494e-05,0.00112933143,0.000181266856,0.000106662243,-4.82588681e-05
0.293,-1.03089942e-05,-0.000213623437,-0.000184782145,0.00433363682,0.00109673011,-0.000464517676,-0.000497928239,-0.000743614416,-0.000559049446,-0.000465043271,2.34839349e-05,-3.06263821e-05,-0.000948287306,-0.000835130817,0.00491537957,9.78565143e-05,0.00105364723,0.000177233742,0.000103486815,-4.48276259e-05
0.294,-1.15268001e-05,-0.000203087433,-0.000169816692,0.00409793285,0.00118039416,-0.000519589161,-0.000480655579,-0.000714092283,-0.000539811232,-0.000449431667,2.0674551e-05,-2.11240768e-05,-0.000873493411,-0.000860701214,0.00472722435,0.000149513602,0.000984235526,0.000173252239,0.000100145789,-4.16472334e-05
0.295,-1.27213568e-05,-0.000192745627,-0.000154006318,0.00387428468,0.00125432998,-0.000565938867,-0.00046451923,-0.000686587861,-0.000521395406,-0.000434291765,1.82778977e-05,-1.20180987e-05,-0.000801736478,-0.000882813599,0.00454414395,0.000197106242,0.000920702518,0.000169380877,9.67007899e-05,-3.87056662e-05
0.296,-1.38419008e-05,-0.000182558334,-0.000137580273,0.00366223391,0.0013191216,-0.000604171091,-0.000449356062,-0.000660933467,-0.00050379384,-0.000419634984,1.62994634e-05,-3.26826508e-06,-0.00073311387,-0.00090173517,0.00436599171,0.000240731262,0.00086265168,0.000165669309,9.32051178e-05,-3.59859503e-05
0.297,-1.48440004e-05,-0.000172489308,-0.000120732734,0.00346131552,0.00137533841,-0.000634876263,-0.00043501247,-0.000636961133,-0.000486991161,-0.000405468855,1.47348002e-05,5.15070301e-06,-0.000667683531,-0.00091774078,0.00419264436,0.000280489489,0.000809684949,0.000162156471,8.97034487e-05,-3.34711756e-05
0.298,-1.56877315e-05,-0.000162499648,-0.0001036502,0.00327106179,0.00142353196,-0.000658639915,-0.000421348682,-0.000614506214,-0.000470964786,-0.000391798892,1.3572469e-05,1.3244985e-05,-0.000605498269,-0.0009310768,0.00402397777,0.000316481139,0.000761410633,0.000158870583,8.62337421e-05,-3.11438818e-05
0.299,-1.63388748e-05,-0.000152556494,-8.64884374e-05,0.00309100292,0.00146423555,-0.000676028095,-0.000408237522,-0.000593409862,-0.000455684858,-0.000378629836,1.27948779e-05,2.10101303e-05,-0.000546576551,-0.00094199242,0.00385988777,0.000348812983,0.000717441635,0.000155829363,8.28248554e-05,-2.89898403e-05
0.3,-1.67644261e-05,-0.000142629658,-6.93949684e-05,0.00292066914,0.0014979648,-0.000687599247,-0.000395563936,-0.000573523689,-0.000441112785,-0.000365966713,1.23815597e-05,2.84278698e-05,-0.000490929318,-0.000950706928,0.00370027173,0.00037759425,0.000677405728,0.000153039279,7.95020834e-05,-2.69986044e-05
0.301,-1.69268795e-05,-0.000132702995,-5.24789906e-05,0.0027595847,0.00152522778,-0.000693890669,-0.000383215707,-0.000554707918,-0.000427198778,-0.000353806798,1.23103952e-05,3.54744691e-05,-0.000438537508,-0.00095743917,0.00354504794,0.000402942308,0.000640947897,0.000150499533,7.6287582e-05,-2.51585367e-05
0.302,-1.67989171e-05,-0.000122772109,-3.58499124e-05,0.00260727228,0.00154651227,-0.000695421503,-0.000371096032,-0.000536822951,-0.000413894389,-0.000342129519,1.25316414e-05,4.21253136e-05,-0.000389399838,-0.000962374931,0.00339412315,0.00042498369,0.000607733476,0.000148206761,7.32035881e-05,-2.34536128e-05
0.303,-1.63753675e-05,-0.000112842135,-1.96046361e-05,0.00246325483,0.00156227483,-0.000692686736,-0.000359132959,-0.000519740587,-0.000401157833,-0.00033091278,1.29860838e-05,4.83597706e-05,-0.000343494297,-0.000965692846,0.00324741594,0.000443856135,0.000577443797,0.000146151685,7.02689128e-05,-2.18686775e-05
0.304,-1.56606091e-05,-0.000102922154,-3.84159361e-06,0.00232706621,0.00157294443,-0.000686166338,-0.000347271921,-0.000503349045,-0.000388947145,-0.000320137813,1.36132642e-05,5.41554673e-05,-0.000300792524,-0.000967540042,0.00310484309,0.000459703649,0.000549780113,0.000144318122,6.7499571e-05,-2.03936407e-05
0.305,-1.46683652e-05,-9.30324475e-05,1.13633722e-05,0.00219824284,0.00157892987,-0.000676318442,-0.000335471013,-0.000487553125,-0.000377220856,-0.000309784975,1.43578163e-05,5.94951382e-05,-0.000261239349,-0.000968055982,0.00296633805,0.00047267878,0.000524467055,0.000142684859,6.49120873e-05,-1.90176485e-05
0.306,-1.34182776e-05,-8.31970689e-05,2.59350774e-05,0.00207633769,0.00158061511,-0.00066358126,-0.000323701469,-0.000472271671,-0.00036593841,-0.000299834163,1.51667419e-05,6.43629255e-05,-0.000224774461,-0.000967350864,0.00283183129,0.000482939343,0.0005012502,0.000141227698,6.25194272e-05,-1.77300111e-05
0.307,-1.19377147e-05,-7.34492099e-05,3.98184336e-05,0.00196091011,0.00157836453,-0.000648368095,-0.000311945366,-0.000457437648,-0.000355061864,-0.000290262775,1.59919796e-05,6.87505957e-05,-0.000191317913,-0.000965527142,0.0027012653,0.0004906497,0.000479897573,0.000139920141,6.03340641e-05,-1.65184023e-05
0.308,-1.02606581e-05,-6.38236057e-05,5.29565982e-05,0.00185154082,0.00157251599,-0.000631067572,-0.000300197854,-0.000442994117,-0.000344558041,-0.000281045554,1.67888166e-05,7.26535579e-05,-0.000160787278,-0.00096266114,0.00257457722,0.000495977458,0.000460196895,0.000138735939,5.83635849e-05,-1.53670465e-05
0.309,-8.43648628e-06,-5.43565767e-05,6.52993133e-05,0.00174782525,0.00156337701,-0.00061203803,-0.000288473699,-0.000428894385,-0.000334404034,-0.000272159042,1.75140989e-05,7.60755807e-05,-0.000133089252,-0.000958823126,0.0024517087,0.000499093679,0.000441951206,0.000137647841,5.6610018e-05,-1.42619339e-05
0.31,-6.51331219e-06,-4.50784e-05,7.67976606e-05,0.00164938872,0.00155122848,-0.000591615017,-0.000276801068,-0.000415108429,-0.000324579686,-0.000263591332,1.81484958e-05,7.90184037e-05,-0.000108110724,-0.000954065677,0.00233260592,0.000500166147,0.000424980056,0.000136623473,5.50678712e-05,-1.31946567e-05
0.311,-4.52201299e-06,-3.60202194e-05,8.74314197e-05,0.00155587543,0.00153634453,-0.000570105152,-0.000265203678,-0.000401617817,-0.000315059239,-0.000255333284,1.86929931e-05,8.14835131e-05,-8.57176391e-05,-0.000948444749,0.00221722845,0.000499358594,0.000409122595,0.000135630126,5.37269478e-05,-1.21585081e-05
0.312,-2.48582824e-06,-2.72121891e-05,9.71853946e-05,0.00146695825,0.00151898272,-0.000547786657,-0.000253705145,-0.000388408644,-0.000305817612,-0.000247371728,1.91542844e-05,8.34738413e-05,-6.57749834e-05,-0.000942001681,0.002105531,0.00049683145,0.000394236344,0.000134638643,5.25733632e-05,-1.11435707e-05
0.313,-4.23454023e-07,-1.86817961e-05,0.00010605643,0.00138233043,0.00149938391,-0.000524904737,-0.000242332297,-0.000375469812,-0.000296833112,-0.000239693325,1.95419619e-05,8.49950017e-05,-4.81455598e-05,-0.000934780695,0.0019974702,0.000492740287,0.000380192313,0.000133623112,5.1587134e-05,-1.01418724e-05
0.314,1.6500239e-06,-1.04531236e-05,0.000114040874,0.00130171266,0.00147777046,-0.000501678135,-0.00023111405,-0.000362794006,-0.000288086973,-0.000232285041,1.9866324e-05,8.60541922e-05,-3.26939678e-05,-0.000926815378,0.00189299765,0.000487235661,0.000366876102,0.000132560328,5.07455624e-05,-9.14801497e-06
0.315,3.72485669e-06,-2.54658603e-06,0.000121145378,0.00122484363,0.00145435052,-0.000478296565,-0.000220080353,-0.000350376145,-0.000279563339,-0.000225135659,2.01397035e-05,8.66604549e-05,-1.92843262e-05,-0.00091814414,0.0017920672,0.000480461401,0.000354185804,0.000131430152,5.00223227e-05,-8.16024976e-06
0.316,5.79626785e-06,5.02073576e-06,0.000127377476,0.00115148693,0.00142931747,-0.000454927214,-0.000209259693,-0.000338215205,-0.000271247192,-0.000218236972,2.03742258e-05,8.68239179e-05,-7.78139814e-06,-0.000908798225,0.00169462954,0.000472555026,0.000342033242,0.000130214595,4.93914014e-05,-7.1822617e-06
0.317,7.87359683e-06,1.22319552e-05,0.000132763514,0.00108141802,0.00140286342,-0.000431715445,-0.00019866941,-0.000326313042,-0.000263119423,-0.000211579889,2.05854401e-05,8.65562948e-05,1.95099771e-06,-0.000898814608,0.00160064006,0.000463646622,0.000330345423,0.000128899573,4.88284966e-05,-6.21851508e-06
0.318,9.9630561e-06,1.9069613e-05,0.000137325804,0.00101443228,0.00137516922,-0.000408784496,-0.000188320672,-0.000314667484,-0.000255163128,-0.000205147276,2.07711689e-05,8.58762752e-05,1.00326971e-05,-0.000888222391,0.00151004298,0.000453862846,0.000319061999,0.000127478943,4.83133024e-05,-5.27118285e-06
0.319,1.20549793e-05,2.5519352e-05,0.000141080301,0.000950335641,0.00134639482,-0.000386237569,-0.00017823262,-0.000303274834,-0.000247371311,-0.000198921539,2.09181598e-05,8.48110598e-05,1.65718298e-05,-0.000877049997,0.00142277789,0.000443326455,0.000308131407,0.00012595062,4.78285011e-05,-4.34316926e-06
0.32,1.41338263e-05,3.15709432e-05,0.000144037583,0.000888954737,0.00131668264,-0.000364162184,-0.000168427034,-0.000292133999,-0.000239740879,-0.000192889907,2.10120584e-05,8.33906616e-05,2.16759838e-05,-0.000865319607,0.00133878143,0.000432153742,0.000297511664,0.000124313637,4.73600163e-05,-3.44135706e-06
0.321,1.61825342e-05,3.72154763e-05,0.000146215134,0.000830123232,0.00128616687,-0.000342634241,-0.000158923037,-0.000281247195,-0.000232269611,-0.000187041075,2.10413893e-05,8.16492662e-05,2.54521347e-05,-0.000853054444,0.0012579937,0.000420454744,0.000287171547,0.000122568609,4.68989272e-05,-2.57214489e-06
0.322,1.81828157e-05,4.24467335e-05,0.000147630054,0.000773693798,0.00125497026,-0.000321716616,-0.000149737204,-0.000270617911,-0.000224956311,-0.000181364921,2.09968562e-05,7.96228036e-05,2.80075412e-05,-0.000840273019,0.00118035279,0.000408332373,0.000277088674,0.000120718096,4.64395563e-05,-1.7406368e-06
0.323,2.01154264e-05,4.72601904e-05,0.000148305052,0.000719525693,0.00122320871,-0.0003014628,-0.000140882574,-0.000260251541,-0.000217799965,-0.000175851146,2.08720981e-05,7.73499311e-05,2.94468345e-05,-0.000826995176,0.00110579898,0.000395882759,0.000267248587,0.00011876637,4.59801095e-05,-9.4940679e-07
0.324,2.19591215e-05,5.16543561e-05,0.000148260827,0.00066749673,0.00119098669,-0.000281914104,-0.000132370816,-0.00025015258,-0.000210801843,-0.000170488303,2.06624384e-05,7.48701374e-05,2.98725077e-05,-0.000813237187,0.00103426871,0.00038319467,0.000257641979,0.000116719815,4.55198898e-05,-1.97538753e-07
0.325,2.36859063e-05,5.56328895e-05,0.000147514642,0.000617493316,0.00115839329,-0.000263102438,-0.000124219444,-0.000240325877,-0.000203968772,-0.000165268217,2.03662927e-05,7.22227679e-05,2.93836657e-05,-0.000799017517,0.000965699271,0.000370349068,0.000248262504,0.000114584727,4.50589326e-05,5.15510081e-07
0.326,2.52795761e-05,5.92033169e-05,0.000146092135,0.000569419577,0.00112551022,-0.000245052374,-0.000116443818,-0.000230781184,-0.000197306011,-0.000160190076,1.9998338e-05,6.94405765e-05,2.80903388e-05,-0.000784355277,0.000900032248,0.000357416508,0.000239107561,0.000112365393,4.45959828e-05,1.18952246e-06
0.327,2.6741678e-05,6.23741329e-05,0.000144033606,0.000523184996,0.00109242364,-0.000227782793,-0.000109046804,-0.000221529124,-0.000190812459,-0.000155252758,1.95795223e-05,6.65502731e-05,2.61009125e-05,-0.000769276313,0.000837212699,0.000344457607,0.000230177206,0.000110067528,4.41288008e-05,1.82611979e-06
0.328,2.80788018e-05,6.51549176e-05,0.000141381246,0.000478714233,0.00105921496,-0.000211303308,-0.00010202597,-0.000212577631,-0.000184486736,-0.000150452629,1.91296844e-05,6.35764294e-05,2.35187845e-05,-0.000753805563,0.000777180647,0.000331525945,0.000221472133,0.000107698979,4.36542969e-05,2.42944504e-06
0.329,2.93021925e-05,6.75584608e-05,0.000138177871,0.000435938395,0.00102596021,-0.000195616289,-9.53764304e-05,-0.000203931681,-0.000178328008,-0.000145786588,1.86664013e-05,6.05387992e-05,2.04387502e-05,-0.000737973315,0.000719875003,0.000318666489,0.000212991749,0.000105268555,4.31674429e-05,3.00294273e-06
0.33,3.04248996e-05,6.95984776e-05,0.000134465649,0.000394800961,0.000992729255,-0.000180716767,-8.90909089e-05,-0.000195593934,-0.000172336086,-0.00014125163,1.82039435e-05,5.74552747e-05,1.69502275e-05,-0.000721808153,0.00066522953,0.000305918536,0.000204734594,0.000102785871,4.26628792e-05,3.54897379e-06
0.331,3.14625338e-05,7.12913737e-05,0.00013028567,0.000355248587,0.000959586512,-0.000166594932,-8.3161334e-05,-0.000187564411,-0.000166511631,-0.000136846713,1.77539136e-05,5.43393408e-05,1.31346131e-05,-0.000705342328,0.00061317823,0.000293313957,0.000196698197,0.00010026031,4.21347771e-05,4.06776496e-06
0.332,3.24345581e-05,7.26528071e-05,0.000125681948,0.000317235659,0.000926595182,-0.000153236992,-7.75744563e-05,-0.000179842574,-0.000160852872,-0.000132572065,1.73253697e-05,5.12030448e-05,9.06964464e-06,-0.000688605496,0.000563652106,0.000280880541,0.000188880101,9.77016215e-05,4.15782212e-05,4.55807531e-06
0.333,3.33625124e-05,7.36986924e-05,0.000120698869,0.000280715442,0.00089381867,-0.000140626423,-7.23104399e-05,-0.000172423949,-0.000155355415,-0.00012842475,1.69203149e-05,4.8057337e-05,4.82093117e-06,-0.000671627899,0.000516580218,0.000268641289,0.000181277009,9.51208041e-05,4.09894162e-05,5.01953706e-06
0.334,3.42538969e-05,7.44457636e-05,0.000115369982,0.000245647745,0.000861310303,-0.000128740907,-6.73516493e-05,-0.000165299051,-0.000150018127,-0.000124399093,1.65309147e-05,4.49170509e-05,4.43775732e-07,-0.000654432882,0.00047188412,0.000256618049,0.000173885377,9.25295551e-05,4.03675318e-05,5.45125708e-06
0.335,3.51080343e-05,7.49138603e-05,0.000109720979,0.000211991717,0.000829112868,-0.000117556775,-6.26863398e-05,-0.000158456985,-0.000144842915,-0.000120491862,1.61486721e-05,4.17961915e-05,-4.01286659e-06,-0.000637041862,0.000429487871,0.000244828939,0.000166702154,8.99374917e-05,3.97140975e-05,5.85094018e-06
0.336,3.59222642e-05,7.51223794e-05,0.000103777728,0.000179710416,0.000797265538,-0.000107049087,-5.83020313e-05,-0.000151887543,-0.000139830522,-0.000116701382,1.57665057e-05,3.87087345e-05,-8.5006647e-06,-0.000619471314,0.000389315271,0.000233290296,0.000159725882,8.73532918e-05,3.90324475e-05,6.21601828e-06
0.337,3.66927185e-05,7.50915432e-05,9.7564964e-05,0.000148763477,0.000765803639,-9.71941137e-05,-5.41863601e-05,-0.000145580574,-0.000134980594,-0.000113025804,1.53789367e-05,3.56678685e-05,-1.29765461e-05,-0.000601735914,0.000351293953,0.000222015601,0.000152955964,8.47844002e-05,3.83277049e-05,6.54506157e-06
0.338,3.7415076e-05,7.48408488e-05,9.11085574e-05,0.000119113539,0.000734760141,-8.79672798e-05,-5.03255843e-05,-0.000139526592,-0.000130291286,-0.000109463099,1.49827917e-05,3.26863504e-05,-1.73981458e-05,-0.000583846785,0.000315351355,0.000211016697,0.00014639316,8.22377593e-05,3.76055528e-05,6.8381055e-06
0.339,3.80846676e-05,7.43901546e-05,8.44332442e-05,9.07196743e-05,0.000704164095,-7.93454683e-05,-4.67061862e-05,-0.000133716048,-0.000125759819,-0.000106009703,1.45757967e-05,2.97760948e-05,-2.17294327e-05,-0.000565814239,0.000281417858,0.000200303015,0.000140037601,7.97196305e-05,3.68718875e-05,7.09674116e-06
0.34,3.86943578e-05,7.37593508e-05,7.75618414e-05,6.35450971e-05,0.000674038878,-7.13041503e-05,-4.33176397e-05,-0.000128139679,-0.000121385011,-0.000102662548,1.41583877e-05,2.69478677e-05,-2.59347703e-05,-0.000547646983,0.000249423896,0.000189882204,0.000133890441,7.72350202e-05,3.6132611e-05,7.32276082e-06
0.341,3.92428653e-05,7.2967427e-05,7.05199298e-05,3.75508171e-05,0.000644405961,-6.38216821e-05,-4.01503755e-05,-0.000122790714,-0.000117164353,-9.94205791e-05,1.37355122e-05,2.42089056e-05,-2.99811378e-05,-0.000529356229,0.000219306005,0.000179759166,0.00012795211,7.47877487e-05,3.53924222e-05,7.518412e-06
0.342,3.97361404e-05,7.20306956e-05,6.33388426e-05,1.27007851e-05,0.000615289292,-5.68765288e-05,-3.71907908e-05,-0.000117663519,-0.000113092699,-9.62819991e-05,1.33127889e-05,2.15646028e-05,-3.38373656e-05,-0.000510954338,0.000190999034,0.000169937347,0.000122221878,7.23818542e-05,3.46537842e-05,7.6867317e-06
0.343,4.01812442e-05,7.09644401e-05,5.60488694e-05,-1.1043864e-05,0.000586710111,-5.04485824e-05,-3.44251104e-05,-0.000112751861,-0.000109164346,-9.32435051e-05,1.28944219e-05,1.90194619e-05,-3.74796021e-05,-0.000492455613,0.000164439949,0.000160418479,0.00011669715,7.00213841e-05,3.3918406e-05,7.83131861e-06
0.344,4.05855758e-05,6.97829357e-05,4.86797902e-05,-3.37186891e-05,0.000558687413,-4.45165237e-05,-3.18402576e-05,-0.000108049274,-0.000105374214,-9.03016903e-05,1.24833975e-05,1.65772077e-05,-4.08867156e-05,-0.000473875332,0.000139563193,0.000151203214,0.000111374223,6.77099401e-05,3.3186733e-05,7.9552182e-06
0.345,4.09557521e-05,6.84995479e-05,4.12587885e-05,-5.53616117e-05,0.000531236442,-3.90602665e-05,-2.94246418e-05,-0.000103548796,-0.000101717714,-8.74532311e-05,1.20811525e-05,1.42408982e-05,-4.40441584e-05,-0.00045523049,0.000116305859,0.000142290985,0.000106247943,6.54506993e-05,3.24590927e-05,8.06069476e-06
0.346,4.12976737e-05,6.71270051e-05,3.38119795e-05,-7.60070988e-05,0.000504370381,-3.40587171e-05,-2.7168145e-05,-9.92434211e-05,-9.81909737e-05,-8.46954808e-05,1.16884038e-05,1.2013341e-05,-4.69389147e-05,-0.000436538847,9.46031872e-05,0.000133680641,0.000101312894,6.32458905e-05,3.17356008e-05,8.14916541e-06
0.347,4.16170272e-05,6.56766954e-05,2.63639688e-05,-9.56919573e-05,0.000478100134,-2.949233e-05,-2.50608403e-05,-9.51261563e-05,-9.47897813e-05,-8.20261931e-05,1.13046945e-05,9.89679992e-06,-4.95637285e-05,-0.000417819469,7.43934387e-05,0.000125370211,9.65626453e-05,6.10976192e-05,3.10162574e-05,8.22160707e-06
0.348,4.19179551e-05,6.41600129e-05,1.89382756e-05,-0.00011445002,0.000452435177,-2.53403949e-05,-2.3093393e-05,-9.11893258e-05,-9.15099289e-05,-7.94424277e-05,1.09281118e-05,7.89436712e-06,-5.19130895e-05,-0.00039909098,5.56122162e-05,0.000117357823,9.19903683e-05,5.90072786e-05,3.03011796e-05,8.27889591e-06
0.349,4.22012885e-05,6.2587953e-05,1.15547267e-05,-0.000132316784,0.000427380534,-2.15829525e-05,-2.12581621e-05,-8.74248123e-05,-8.83482775e-05,-7.69413421e-05,1.05571878e-05,6.00864991e-06,-5.39856033e-05,-0.000380372184,3.81994957e-05,0.000109640707,8.75900096e-05,5.69758723e-05,2.95914734e-05,8.32159076e-06
0.35,4.24668812e-05,6.09719066e-05,4.23223178e-06,-0.000149324069,0.000402940005,-1.81995231e-05,-1.95490699e-05,-8.38246762e-05,-8.53015539e-05,-7.45207053e-05,1.01911888e-05,4.24248853e-06,-5.57793265e-05,-0.000361681351,2.20944954e-05,0.000102215977,8.33560584e-05,5.50030881e-05,2.88888517e-05,8.3503002e-06
0.351,4.27139696e-05,5.932174e-05,-3.01163525e-06,-0.000165505215,0.000379115202,-1.51712413e-05,-1.79600707e-05,-8.03817162e-05,-8.23667307e-05,-7.21785006e-05,9.83027568e-06,2.5977278e-06,-5.7296039e-05,-0.000343036754,7.24088266e-06,9.50799342e-05,7.92835142e-05,5.30886327e-05,2.81949369e-05,8.36532265e-06
0.352,4.29422968e-05,5.76478111e-05,-1.01590699e-05,-0.000180889841,0.000355908037,-1.24790795e-05,-1.64855263e-05,-7.7088765e-05,-7.95397232e-05,-6.99127017e-05,9.47508928e-06,1.07664375e-06,-5.85368028e-05,-0.000324455893,-6.41871781e-06,8.82290014e-05,7.53673839e-05,5.12312624e-05,2.75116077e-05,8.36770535e-06
0.353,4.31512618e-05,5.5958589e-05,-1.71934771e-05,-0.000195509039,0.000333318336,-1.0105485e-05,-1.51195905e-05,-7.39395657e-05,-7.6817029e-05,-6.77210241e-05,9.12674488e-06,-3.19683532e-07,-5.95067384e-05,-0.000305955851,-1.89378799e-05,8.16588428e-05,7.16027668e-05,4.94301336e-05,2.68397618e-05,8.3580157e-06
0.354,4.33408812e-05,5.42635404e-05,-2.40984007e-05,-0.000209390032,0.000311346343,-8.03268913e-06,-1.38570168e-05,-7.09275173e-05,-7.41941993e-05,-6.56013498e-05,8.7865994e-06,-1.58963496e-06,-6.02098418e-05,-0.000287552688,-3.037112e-05,7.53653026e-05,6.79845332e-05,4.7683578e-05,2.61806462e-05,8.33756471e-06
0.355,4.35109262e-05,5.25698901e-05,-3.08587585e-05,-0.000222561709,0.00028998987,-6.24404035e-06,-1.26928888e-05,-6.80470926e-05,-7.16677947e-05,-6.35514276e-05,8.45643116e-06,-2.73317979e-06,-6.06541087e-05,-0.00026926164,-4.07690915e-05,6.93433367e-05,6.45079274e-05,4.59902434e-05,2.55342528e-05,8.30692328e-06
0.356,4.36625322e-05,5.08858105e-05,-3.74593013e-05,-0.000235049465,0.000269247832,-4.72298614e-06,-1.16227789e-05,-6.52922149e-05,-6.92337395e-05,-6.15693369e-05,8.1375888e-06,-3.74957889e-06,-6.08463174e-05,-0.000251096478,-5.01831475e-05,6.35882788e-05,6.11675212e-05,4.43484193e-05,2.49006805e-05,8.26713285e-06
0.357,4.37969901e-05,4.92170431e-05,-4.38858017e-05,-0.00024688029,0.000249117252,-3.45359947e-06,-1.06416867e-05,-6.26580544e-05,-6.68878807e-05,-5.96531947e-05,7.83166532e-06,-4.63975282e-06,-6.07973171e-05,-0.000233069899,-5.86612145e-05,5.80945014e-05,5.79586643e-05,4.27568065e-05,2.42789578e-05,8.21959612e-06
0.358,4.39151505e-05,4.75709743e-05,-5.01256864e-05,-0.000258077198,0.000229595066,-2.42019241e-06,-9.7462091e-06,-6.01386914e-05,-6.46273695e-05,-5.78010288e-05,7.5383648e-06,-5.40346145e-06,-6.0517654e-05,-0.000215192944,-6.62532167e-05,5.28570258e-05,5.48744849e-05,4.12140879e-05,2.36675221e-05,8.16455225e-06
0.359,4.40179947e-05,4.59529397e-05,-5.61674757e-05,-0.000268664114,0.000210676253,-1.60677379e-06,-8.93233797e-06,-5.77294578e-05,-6.24479162e-05,-5.60119419e-05,7.25927218e-06,-6.04259181e-06,-6.00200194e-05,-0.000197476066,-7.30038054e-05,4.78693471e-05,5.19115331e-05,3.97184585e-05,2.30659502e-05,8.10400683e-06
0.36,4.41062087e-05,4.43696504e-05,-6.20012869e-05,-0.000278661626,0.000192356109,-9.98735605e-07,-8.19714652e-06,-5.54248003e-05,-6.0347856e-05,-5.42832619e-05,6.99303472e-06,-6.55784374e-06,-5.93180124e-05,-0.000179927916,-7.89610694e-05,4.3125829e-05,4.90622582e-05,3.82687684e-05,2.24716591e-05,8.03734653e-06
0.361,4.4180686e-05,4.28264538e-05,-6.76184101e-05,-0.000288090296,0.000174627779,-5.79580148e-07,-7.53795256e-06,-5.32187554e-05,-5.83237893e-05,-5.26130774e-05,6.74119491e-06,-6.95196031e-06,-5.84255707e-05,-0.000162556751,-8.41658089e-05,3.86191539e-05,4.63251235e-05,3.68620623e-05,2.18861997e-05,7.9658792e-06
0.362,4.42441933e-05,4.13290418e-05,-7.30094103e-05,-0.000296968441,0.000157487538,-3.36766343e-07,-6.94928542e-06,-5.11074872e-05,-5.63727276e-05,-5.0998044e-05,6.50626962e-06,-7.22769624e-06,-5.73548014e-05,-0.000145370064,-8.8660249e-05,3.43420891e-05,4.36965755e-05,3.54968991e-05,2.13092505e-05,7.89061003e-06
0.363,4.43016999e-05,3.9883484e-05,-7.81649515e-05,-0.000305311734,0.000140929994,-2.52274884e-07,-6.42768719e-06,-4.90803533e-05,-5.44928716e-05,-4.94289483e-05,6.28801057e-06,-7.38854564e-06,-5.61222529e-05,-0.000128374736,-9.24838627e-05,3.0287292e-05,4.1173794e-05,3.41697862e-05,2.07424031e-05,7.81015586e-06
0.364,4.43565863e-05,3.84949608e-05,-8.30775787e-05,-0.000313135711,0.000124950971,-3.15622125e-07,-5.96645171e-06,-4.71369575e-05,-5.26793327e-05,-4.79063475e-05,6.0945585e-06,-7.43842336e-06,-5.47372547e-05,-0.00011157657,-9.56720835e-05,2.64466676e-05,3.87597543e-05,3.28776242e-05,2.01908651e-05,7.72625972e-06
0.365,4.44085093e-05,3.71662442e-05,-8.77431264e-05,-0.000320458472,0.000109542611,-5.1756969e-07,-5.56092374e-06,-4.52795895e-05,-5.09275233e-05,-4.64351586e-05,5.92668308e-06,-7.38135535e-06,-5.32165908e-05,-9.49810505e-05,-9.82614899e-05,2.28150513e-05,3.64493797e-05,3.16215427e-05,1.96530205e-05,7.64068832e-06
0.366,4.4460839e-05,3.59017794e-05,-9.21560737e-05,-0.000327293477,9.47004241e-05,-8.47591453e-07,-5.20564376e-06,-4.35053685e-05,-4.92344884e-05,-4.50121171e-05,5.78696011e-06,-7.22154971e-06,-5.15739252e-05,-7.85937086e-05,-0.000100288244,1.93855978e-05,3.42400206e-05,3.04015311e-05,1.91290363e-05,7.55495417e-06
0.367,4.45164125e-05,3.47049226e-05,-9.63121495e-05,-0.000333655281,8.04181755e-05,-1.29520567e-06,-4.89583901e-06,-4.18121305e-05,-4.75979804e-05,-4.3635181e-05,5.67497951e-06,-6.96338197e-06,-4.98276242e-05,-6.24193422e-05,-0.000101787173,1.61539499e-05,3.21257278e-05,2.92187515e-05,1.86175919e-05,7.46873823e-06
0.368,4.45767325e-05,3.3579848e-05,-0.000100209347,-0.00033955504,6.66894372e-05,-1.8495949e-06,-4.62914988e-06,-4.01956737e-05,-4.60170304e-05,-4.23014797e-05,5.58929163e-06,-6.6105339e-06,-4.79943368e-05,-4.64629631e-05,-0.000102794043,1.31145852e-05,3.01010117e-05,2.80738735e-05,1.81172585e-05,7.38145788e-06
0.369,4.46447376e-05,3.25304871e-05,-0.000103845695,-0.000345004216,5.35075476e-05,-2.5007033e-06,-4.40199065e-06,-3.86529878e-05,-4.44904607e-05,-4.10082462e-05,5.53004389e-06,-6.16804617e-06,-4.6091929e-05,-3.07299918e-05,-0.000103340609,1.02635402e-05,2.81615235e-05,2.69675285e-05,1.76286818e-05,7.29300352e-06
0.37,4.47218679e-05,3.15615643e-05,-0.000107221683,-0.000350010888,4.08652174e-05,-3.2386478e-06,-4.21356661e-06,-3.71807687e-05,-4.30175593e-05,-3.97550329e-05,5.49660084e-06,-5.64075627e-06,-4.41353924e-05,-1.52270256e-05,-0.000103459368,7.59591603e-06,2.63028872e-05,2.59001422e-05,1.7151661e-05,7.2029088e-06
0.371,4.48102791e-05,3.06779278e-05,-0.000110338428,-0.000354583291,2.87544111e-05,-4.05362832e-06,-4.06223565e-06,-3.57763069e-05,-4.15976223e-05,-3.85404836e-05,5.48957745e-06,-5.03543461e-06,-4.21415894e-05,3.80388973e-08,-0.00010317927,5.10700007e-06,2.45224264e-05,2.48709407e-05,1.66877902e-05,7.1109997e-06
0.372,4.49120466e-05,2.98837801e-05,-0.000113197824,-0.000358727942,1.71680511e-05,-4.93637948e-06,-3.94745377e-06,-3.44365729e-05,-4.02295231e-05,-3.73641406e-05,5.50922288e-06,-4.35844498e-06,-4.01237396e-05,1.50561153e-05,-0.000102529114,2.79116049e-06,2.28176877e-05,2.38793072e-05,1.6237657e-05,7.01710559e-06
0.373,4.50293015e-05,2.91836788e-05,-0.000115802895,-0.000362451695,6.09786307e-06,-5.8776939e-06,-3.868327e-06,-3.31591496e-05,-3.89123031e-05,-3.62254421e-05,5.55564137e-06,-3.61790815e-06,-3.80983266e-05,2.98168185e-05,-0.00010153595,6.42867999e-07,2.11864292e-05,2.29239146e-05,1.58017924e-05,6.92155957e-06
0.374,4.51643879e-05,2.8580782e-05,-0.000118157122,-0.000365760626,-4.46309372e-06,-6.86969729e-06,-3.8242353e-06,-3.19421174e-05,-3.76442226e-05,-3.51246885e-05,5.62826707e-06,-2.82145405e-06,-3.60780485e-05,4.43084189e-05,-0.000100226961,-1.3439607e-06,1.96261032e-05,2.20041403e-05,1.53794904e-05,6.82515286e-06
0.375,4.53181788e-05,2.80787375e-05,-0.000120266394,-0.00036866144,-1.45241276e-05,-7.90402635e-06,-3.81557135e-06,-3.07836222e-05,-3.6424436e-05,-3.40627443e-05,5.7250836e-06,-1.97806122e-06,-3.40799859e-05,5.8517896e-05,-9.86289847e-05,-3.17552678e-06,1.81334249e-05,2.11185458e-05,1.49690414e-05,6.72800411e-06
0.376,4.54896312e-05,2.76787623e-05,-0.000122138395,-0.000371161196,-2.40935209e-05,-8.97203908e-06,-3.8427723e-06,-2.9680408e-05,-3.52516982e-05,-3.30384687e-05,5.84272706e-06,-1.09519884e-06,-3.21178775e-05,7.24308987e-05,-9.67682345e-05,-4.85983961e-06,1.67057508e-05,2.02647858e-05,1.45686329e-05,6.62880421e-06
0.377,4.56782361e-05,2.73812402e-05,-0.000123780503,-0.000373269342,-3.31787892e-05,-1.00651073e-05,-3.90422544e-06,-2.86287772e-05,-3.4123802e-05,-3.20496216e-05,5.97831012e-06,-1.80392572e-07,-3.02082776e-05,8.60325426e-05,-9.46690712e-05,-6.40472726e-06,1.53413446e-05,1.94406862e-05,1.41763854e-05,6.52726294e-06
0.378,4.58831544e-05,2.71847132e-05,-0.000125200968,-0.000374995747,-4.17865397e-05,-1.11760625e-05,-3.9980496e-06,-2.7625719e-05,-3.30380785e-05,-3.10944643e-05,6.12899161e-06,7.6011091e-07,-2.83631634e-05,9.93068379e-05,-9.23553991e-05,-7.81780863e-06,1.40384745e-05,1.86450541e-05,1.37905975e-05,6.42383632e-06
0.379,4.61038617e-05,2.70875363e-05,-0.000126408043,-0.000376352192,-4.99234653e-05,-1.22981626e-05,-4.12130156e-06,-2.66682748e-05,-3.19914138e-05,-3.01711818e-05,6.29248516e-06,1.72002287e-06,-2.6597205e-05,0.000112237106,-8.98501551e-05,-9.1059604e-06,1.27959784e-05,1.78768915e-05,1.3409823e-05,6.31921641e-06
0.38,4.63395986e-05,2.70865242e-05,-0.000127410968,-0.000377350827,-5.75957534e-05,-1.34255546e-05,-4.27104596e-06,-2.57535021e-05,-3.09809681e-05,-2.9277464e-05,6.46706367e-06,2.69434418e-06,-2.49200586e-05,0.000124805491,-8.71754703e-05,-1.02758258e-05,1.16132021e-05,1.71353166e-05,1.30339134e-05,6.21371599e-06
0.381,4.65899608e-05,2.71786257e-05,-0.000128218736,-0.000378006032,-6.48095871e-05,-1.45524345e-05,-4.44366354e-06,-2.48777896e-05,-3.00040311e-05,-2.84099487e-05,6.6522027e-06,3.67816855e-06,-2.33433533e-05,0.000136993635,-8.43522644e-05,-1.13334696e-05,1.0490783e-05,1.64189109e-05,1.26639077e-05,6.10686149e-06
0.382,4.68573207e-05,2.73593689e-05,-0.000128838712,-0.000378333868,-7.15689846e-05,-1.56751767e-05,-4.63390847e-06,-2.40389352e-05,-2.90572022e-05,-2.75655472e-05,6.84939985e-06,4.66720905e-06,-2.18723641e-05,0.000148782399,-8.13997829e-05,-1.22836245e-05,9.43013211e-06,1.57276e-05,1.23021043e-05,6.00001948e-06
0.383,4.71458832e-05,2.76257201e-05,-0.000129277441,-0.000378353352,-7.78794471e-05,-1.67919556e-05,-4.83803211e-06,-2.32365817e-05,-2.813838e-05,-2.67441092e-05,7.06048032e-06,5.65605398e-06,-2.05151374e-05,0.000160153026,-7.83378956e-05,-1.31282651e-05,8.43165116e-06,1.50628763e-05,1.19503797e-05,5.89532158e-06
0.384,4.74585204e-05,2.79743175e-05,-0.000129543722,-0.000378084455,-8.37484366e-05,-1.79010083e-05,-5.05437835e-06,-2.24704395e-05,-2.72470176e-05,-2.59459151e-05,7.28569623e-06,6.63950073e-06,-1.92763764e-05,0.000171085984,-7.51872277e-05,-1.38695375e-05,7.49443942e-06,1.44253505e-05,1.16102411e-05,5.79327418e-06
0.385,4.77979627e-05,2.84024426e-05,-0.000129646227,-0.000377550222,-8.9184369e-05,-1.90002767e-05,-5.2819576e-06,-2.1739559e-05,-2.63834e-05,-2.51706402e-05,7.52495807e-06,7.6121397e-06,-1.81636309e-05,0.000181562335,-7.19686291e-05,-1.45094182e-05,6.61773117e-06,1.38149057e-05,1.12831712e-05,5.69332481e-06
0.386,4.81658404e-05,2.89067805e-05,-0.000129595186,-0.00037677534,-9.41970796e-05,-2.00876718e-05,-5.52098968e-06,-2.10431151e-05,-2.5548545e-05,-2.44185078e-05,7.77710676e-06,8.56873147e-06,-1.71805459e-05,0.00019156297,-6.87028681e-05,-1.50504287e-05,5.79982987e-06,1.3230971e-05,1.09696674e-05,5.59481082e-06
0.387,4.85636638e-05,2.94843796e-05,-0.000129400253,-0.000375788329,-9.87969381e-05,-2.11614829e-05,-5.7715712e-06,-2.03809153e-05,-2.47430421e-05,-2.36907463e-05,8.04028243e-06,9.50399103e-06,-1.63338137e-05,0.000201070335,-6.54111667e-05,-1.54947482e-05,5.03843951e-06,1.26736502e-05,1.06688418e-05,5.49825284e-06
0.388,4.8990297e-05,3.01318429e-05,-0.00012907402,-0.000374618965,-0.000102997442,-2.22194519e-05,-6.03600435e-06,-1.97527883e-05,-2.39685309e-05,-2.29897621e-05,8.31046166e-06,1.04131794e-05,-1.56276123e-05,0.000210067869,-6.21155548e-05,-1.58451307e-05,4.32937231e-06,1.21427049e-05,1.03780324e-05,5.4037435e-06
0.389,4.94400373e-05,3.08459082e-05,-0.000128631459,-0.000373298859,-0.00010681413,-2.32568652e-05,-6.31705318e-06,-1.91561842e-05,-2.32265927e-05,-2.23158e-05,8.58219191e-06,1.1292858e-05,-1.50693788e-05,0.000218540541,-5.88386174e-05,-1.61070649e-05,3.66873443e-06,1.16353983e-05,1.00941386e-05,5.30897278e-06
0.39,4.99073816e-05,3.16212802e-05,-0.000128086827,-0.000371860933,-0.000110261131,-2.4268567e-05,-6.61439724e-06,-1.85877535e-05,-2.25165918e-05,-2.16667454e-05,8.85202581e-06,1.2141103e-05,-1.46603625e-05,0.000226474905,-5.56000233e-05,-1.62876429e-05,3.05456119e-06,1.11482361e-05,9.81496384e-06,5.21241294e-06
0.391,5.03877593e-05,3.24528178e-05,-0.000127452529,-0.000370340926,-0.000113351901,-2.52500866e-05,-6.92625364e-06,-1.80449856e-05,-2.18366994e-05,-2.10412561e-05,9.11797663e-06,1.29566612e-05,-1.44028858e-05,0.000233861068,-5.24183879e-05,-1.63932849e-05,2.48553166e-06,1.06790762e-05,9.5384613e-06,5.11443181e-06
0.392,5.08773743e-05,3.33342301e-05,-0.000126740553,-0.000368775797,-0.000116100058,-2.61974581e-05,-7.24942643e-06,-1.75259771e-05,-2.11839565e-05,-2.04378881e-05,9.37921902e-06,1.3739427e-05,-1.42946042e-05,0.000240692716,-4.93105626e-05,-1.64300275e-05,1.9606704e-06,1.02263803e-05,9.26307662e-06,5.01613758e-06
0.393,5.13735437e-05,3.42598739e-05,-0.000125961196,-0.00036720402,-0.000118519129,-2.71067767e-05,-7.5800677e-06,-1.70285858e-05,-2.05553982e-05,-1.98543127e-05,9.63607627e-06,1.4490046e-05,-1.43345678e-05,0.000246968167,-4.6292598e-05,-1.6403404e-05,1.4797704e-06,9.78860212e-06,8.98875462e-06,4.91782307e-06
0.394,5.18748998e-05,3.52232923e-05,-0.000125123727,-0.000365663971,-0.00012062268,-2.79741565e-05,-7.91322915e-06,-1.65502164e-05,-1.99478179e-05,-1.92866687e-05,9.89064938e-06,1.52100011e-05,-1.4516706e-05,0.000252689644,-4.3377833e-05,-1.63189762e-05,1.04399479e-06,9.36359454e-06,8.71735272e-06,4.81877094e-06
0.395,5.23859495e-05,3.62186551e-05,-0.000124231486,-0.000364195285,-0.000122421238,-2.87981529e-05,-8.24121927e-06,-1.60902902e-05,-1.93567193e-05,-1.87315359e-05,1.01476278e-05,1.59003796e-05,-1.48348731e-05,0.000257864472,-4.05773728e-05,-1.61800682e-05,6.55743255e-07,8.95142722e-06,8.45224328e-06,4.72067029e-06
0.396,5.29133948e-05,3.7240895e-05,-0.000123287006,-0.000362836243,-0.00012392815,-2.9579293e-05,-8.55908002e-06,-1.56504797e-05,-1.87798675e-05,-1.81890638e-05,1.04106094e-05,1.65617298e-05,-1.52810876e-05,0.000262505177,-3.79024396e-05,-1.59865123e-05,3.15080921e-07,8.55487302e-06,8.19608877e-06,4.62617935e-06
0.397,5.3462032e-05,3.8287234e-05,-0.000122293903,-0.000361623188,-0.0001251597,-3.03174381e-05,-8.8648519e-06,-1.52320206e-05,-1.82170681e-05,-1.76597386e-05,1.06805119e-05,1.7194295e-05,-1.58515777e-05,0.000266628338,-3.53655242e-05,-1.57385826e-05,2.02669468e-08,8.17574929e-06,7.95073331e-06,4.53576354e-06
0.398,5.40358112e-05,3.9354894e-05,-0.000121256496,-0.0003605896,-0.000126134287,-3.1011859e-05,-9.1579977e-06,-1.48352227e-05,-1.76694696e-05,-1.71434622e-05,1.09573545e-05,1.7798436e-05,-1.65403559e-05,0.000270254007,-3.29779036e-05,-1.54371532e-05,-2.30830208e-07,7.81488221e-06,7.71811548e-06,4.44824945e-06
0.399,5.46371651e-05,4.04430009e-05,-0.000120179109,-0.000359766255,-0.000126871572,-3.16616198e-05,-9.43962804e-06,-1.44604227e-05,-1.71389289e-05,-1.66410634e-05,1.1239656e-05,1.83738786e-05,-1.73441425e-05,0.000273404948,-3.07504203e-05,-1.50842328e-05,-4.41195345e-07,7.47281786e-06,7.4987472e-06,4.36281229e-06
0.4,5.52673271e-05,4.15503262e-05,-0.000119066583,-0.000359180597,-0.000127392808,-3.22661502e-05,-9.71130138e-06,-1.41086899e-05,-1.66270001e-05,-1.61550123e-05,1.15248322e-05,1.89203199e-05,-1.82580422e-05,0.000276106713,-2.86929917e-05,-1.46821306e-05,-6.15008976e-07,7.15106642e-06,7.29121779e-06,4.28036432e-06
0.401,5.59221467e-05,4.2677896e-05,-0.00011792763,-0.000358855862,-0.000127723104,-3.28233e-05,-9.9785933e-06,-1.37799062e-05,-1.61372747e-05,-1.56886941e-05,1.18070455e-05,1.94376609e-05,-1.92816174e-05,0.000278387062,-2.68166462e-05,-1.42350099e-05,-7.58640198e-07,6.84991432e-06,7.09193979e-06,4.20014498e-06
0.402,5.65924087e-05,4.38252475e-05,-0.00011677427,-0.000358811609,-0.000127888331,-3.33280046e-05,-1.02458538e-05,-1.34708118e-05,-1.56717926e-05,-1.52419876e-05,1.20806809e-05,1.99270014e-05,-2.04115158e-05,0.00028027436,-2.51293892e-05,-1.37522454e-05,-8.76754158e-07,6.56580969e-06,6.89737322e-06,4.1191977e-06
0.403,5.7271799e-05,4.49915051e-05,-0.00011561434,-0.000359065237,-0.000127909609,-3.37762784e-05,-1.05133132e-05,-1.31782065e-05,-1.5229829e-05,-1.48131161e-05,1.2343417e-05,2.03897942e-05,-2.16430568e-05,0.000281798337,-2.36347216e-05,-1.32443404e-05,-9.71180235e-07,6.29534489e-06,6.70539106e-06,4.03630889e-06
0.404,5.79548512e-05,4.61745316e-05,-0.000114454237,-0.000359630799,-0.000127807037,-3.41653276e-05,-1.07794038e-05,-1.28999394e-05,-1.48090861e-05,-1.44012461e-05,1.25941859e-05,2.08274768e-05,-2.29688135e-05,0.000282989656,-2.23336051e-05,-1.27215912e-05,-1.0432553e-06,6.03652573e-06,6.51353088e-06,3.95269628e-06
0.405,5.86383786e-05,4.73723618e-05,-0.00011329768,-0.00036051908,-0.000127597829,-3.44938216e-05,-1.10406631e-05,-1.26342772e-05,-1.44062527e-05,-1.40048282e-05,1.28334239e-05,2.12420608e-05,-2.43820763e-05,0.000283879947,-2.12247527e-05,-1.21935777e-05,-1.0934798e-06,5.78806045e-06,6.32049761e-06,3.86969876e-06
0.406,5.9320127e-05,4.85821131e-05,-0.000112147583,-0.000361737024,-0.000127298563,-3.47606322e-05,-1.12931321e-05,-1.23785741e-05,-1.40184736e-05,-1.36206365e-05,1.3062399e-05,2.16356542e-05,-2.58741523e-05,0.000284500965,-2.03049663e-05,-1.16696416e-05,-1.12151749e-06,5.54779863e-06,6.12689742e-06,3.78667496e-06
0.407,6.00032927e-05,4.98005631e-05,-0.000111001168,-0.000363289336,-0.000126919852,-3.4967084e-05,-1.15289007e-05,-1.21309307e-05,-1.36409055e-05,-1.32439065e-05,1.32857031e-05,2.20103229e-05,-2.74349828e-05,0.00028488397,-1.95668773e-05,-1.11581177e-05,-1.12450405e-06,5.31427441e-06,5.93580963e-06,3.70392286e-06
0.408,6.06971356e-05,5.1024329e-05,-0.000109850636,-0.00036517834,-0.000126470327,-3.51185743e-05,-1.17396463e-05,-1.18927148e-05,-1.32694588e-05,-1.28728827e-05,1.35084785e-05,2.23668078e-05,-2.90538429e-05,0.000285060843,-1.90027853e-05,-1.06616503e-05,-1.10083722e-06,5.09026925e-06,5.75091625e-06,3.62431789e-06
0.409,6.14088205e-05,5.22527308e-05,-0.000108690181,-0.000367402393,-0.000125961254,-3.52213713e-05,-1.19220699e-05,-1.16658299e-05,-1.29033529e-05,-1.25084979e-05,1.37324829e-05,2.27056104e-05,-3.07248109e-05,0.000285062614,-1.86070726e-05,-1.01804899e-05,-1.05235743e-06,4.8795531e-06,5.57430228e-06,3.54961912e-06
0.41,6.21432652e-05,5.34853899e-05,-0.000107516072,-0.000369956612,-0.000125405842,-3.52807875e-05,-1.20754697e-05,-1.14508249e-05,-1.25438503e-05,-1.21509483e-05,1.39575499e-05,2.30269788e-05,-3.24428974e-05,0.000284918928,-1.83752667e-05,-9.71476583e-06,-9.82105008e-07,4.68432652e-06,5.40827053e-06,3.47862912e-06
0.411,6.2903429e-05,5.47236131e-05,-0.000106325604,-0.000372833633,-0.000124817348,-3.53019827e-05,-1.2201574e-05,-1.12475495e-05,-1.21934231e-05,-1.18008597e-05,1.41821546e-05,2.33309561e-05,-3.42051828e-05,0.000284656768,-1.83023765e-05,-9.26505385e-06,-8.93870162e-07,4.50581699e-06,5.25432747e-06,3.40952161e-06
0.412,6.36904872e-05,5.59684712e-05,-0.000105116901,-0.000376024897,-0.000124209438,-3.52901583e-05,-1.23028527e-05,-1.10566398e-05,-1.1854103e-05,-1.14607083e-05,1.44039413e-05,2.36168627e-05,-3.60089538e-05,0.000284300834,-1.83839641e-05,-8.83179347e-06,-7.92385371e-07,4.34599454e-06,5.11208108e-06,3.34260883e-06
0.413,6.45005627e-05,5.72230235e-05,-0.000103892243,-0.000379519287,-0.000123598724,-3.52497248e-05,-1.23862924e-05,-1.08782753e-05,-1.15298615e-05,-1.11349058e-05,1.46174736e-05,2.38844875e-05,-3.78553987e-05,0.000283873229,-1.8617094e-05,-8.4156571e-06,-6.85025552e-07,4.20643768e-06,4.97855302e-06,3.27768725e-06
0.414,6.53225531e-05,5.84895059e-05,-0.000102659175,-0.000383302979,-0.000123004152,-3.51808009e-05,-1.24604042e-05,-1.07091584e-05,-1.12244148e-05,-1.08252261e-05,1.48160222e-05,2.41341321e-05,-3.97455328e-05,0.000283392113,-1.89993477e-05,-8.02252821e-06,-5.78420948e-07,4.08425136e-06,4.84980505e-06,3.2119481e-06
0.415,6.6147292e-05,5.97685265e-05,-0.000101422428,-0.000387361485,-0.000122438793,-3.50836706e-05,-1.2529136e-05,-1.05451039e-05,-1.09380049e-05,-1.0530237e-05,1.49964768e-05,2.43668751e-05,-4.16772457e-05,0.000282871818,-1.95234777e-05,-7.66104136e-06,-4.75366059e-07,3.97467878e-06,4.72353284e-06,3.1433179e-06
0.416,6.69682479e-05,6.10588343e-05,-0.000100183609,-0.00039168091,-0.000121911841,-3.49596782e-05,-1.25930431e-05,-1.03833842e-05,-1.06683102e-05,-1.02489357e-05,1.51581376e-05,2.45832621e-05,-4.36462113e-05,0.000282324573,-2.01811419e-05,-7.3391717e-06,-3.77063808e-07,3.87443693e-06,4.59746294e-06,3.07299579e-06
0.417,6.77811121e-05,6.23585637e-05,-9.8942592e-05,-0.000396247452,-0.000121429264,-3.48118487e-05,-1.26508743e-05,-1.02222892e-05,-1.041178e-05,-9.98013206e-06,1.53020076e-05,2.47847201e-05,-4.56476505e-05,0.000281760814,-2.09620149e-05,-7.0636707e-06,-2.83955032e-07,3.7812244e-06,4.46991371e-06,3.00314697e-06
0.418,6.85832396e-05,6.36647937e-05,-9.76977261e-05,-0.000401047509,-0.000120995253,-3.46427873e-05,-1.27004634e-05,-1.00593346e-05,-1.01652721e-05,-9.72061415e-06,1.54299681e-05,2.49727037e-05,-4.7676268e-05,0.000281189927,-2.18566626e-05,-6.84031104e-06,-1.9545081e-07,3.69191893e-06,4.341254e-06,2.93371281e-06
0.419,6.93776274e-05,6.49735604e-05,-9.64423446e-05,-0.000406068396,-0.00012060804,-3.44572267e-05,-1.2735656e-05,-9.89266948e-06,-9.92368279e-06,-9.46506434e-06,1.55474277e-05,2.51490242e-05,-4.97240315e-05,0.000280619277,-2.28516445e-05,-6.67386778e-06,-1.08115004e-07,3.60352246e-06,4.21452261e-06,2.86514271e-06
0.42,7.01743197e-05,6.62807701e-05,-9.51635683e-05,-0.000411299532,-0.00012026216,-3.4263668e-05,-1.27484886e-05,-9.72413733e-06,-9.68215116e-06,-9.21090799e-06,1.56615231e-05,2.53143231e-05,-5.17829398e-05,0.00028005747,-2.39352144e-05,-6.56250328e-06,-1.91132248e-08,3.51764265e-06,4.09388019e-06,2.80046594e-06
0.421,7.09814997e-05,6.75852878e-05,-9.38513051e-05,-0.000416729184,-0.000119955979,-3.40716099e-05,-1.27365231e-05,-9.55683595e-06,-9.43940169e-06,-8.95902016e-06,1.57761265e-05,2.54695669e-05,-5.3849193e-05,0.000279513094,-2.50982706e-05,-6.50049707e-06,7.03089339e-08,3.43773439e-06,3.98168308e-06,2.74195741e-06
0.422,7.18040099e-05,6.88872892e-05,-9.24982756e-05,-0.000422345124,-0.000119690894,-3.38880644e-05,-1.27011368e-05,-9.39229124e-06,-9.1970844e-06,-8.70999219e-06,1.58924999e-05,2.56155846e-05,-5.59217942e-05,0.00027899454,-2.63360332e-05,-6.4816464e-06,1.57383044e-07,3.36571723e-06,3.88017782e-06,2.68835575e-06
0.423,7.2644685e-05,7.01886435e-05,-9.10991593e-05,-0.000428133904,-0.000119469689,-3.37191502e-05,-1.26462307e-05,-9.23120765e-06,-8.95793706e-06,-8.46451016e-06,1.60105516e-05,2.57534828e-05,-5.80007011e-05,0.000278508193,-2.76430872e-05,-6.50040581e-06,2.38674715e-07,3.30224969e-06,3.79089266e-06,2.63742529e-06
0.424,7.35043124e-05,7.14918599e-05,-8.96493212e-05,-0.000434082793,-0.000119295712,-3.35698616e-05,-1.25765461e-05,-9.07525834e-06,-8.72427508e-06,-8.22557503e-06,1.61292587e-05,2.58835191e-05,-6.00870305e-05,0.000278059549,-2.9016861e-05,-6.55119941e-06,3.10040944e-07,3.24895861e-06,3.7131056e-06,2.58928307e-06
0.425,7.43776237e-05,7.28015076e-05,-8.8150351e-05,-0.00044017726,-0.000119177507,-3.34435065e-05,-1.25019581e-05,-8.92549309e-06,-8.50055365e-06,-7.99825784e-06,1.62440732e-05,2.60069266e-05,-6.21850381e-05,0.000277652738,-3.0456283e-05,-6.62918639e-06,3.6435798e-07,3.20695804e-06,3.64315624e-06,2.54315244e-06
0.426,7.52526052e-05,7.41216329e-05,-8.66088075e-05,-0.000446403148,-0.000119125147,-3.33375181e-05,-1.24333697e-05,-8.77913015e-06,-8.29055402e-06,-7.78438143e-06,1.6348626e-05,2.61252107e-05,-6.42994728e-05,0.000277288984,-3.19622762e-05,-6.73583322e-06,3.96204758e-07,3.17251843e-06,3.57636171e-06,2.49581264e-06
0.427,7.61204104e-05,7.54536197e-05,-8.50284604e-05,-0.000452747922,-0.000119143504,-3.3249497e-05,-1.2376342e-05,-8.63262021e-06,-8.09438478e-06,-7.58239082e-06,1.64404105e-05,2.62407359e-05,-6.64305069e-05,0.000276966847,-3.35297089e-05,-6.87592348e-06,4.04572858e-07,3.14035029e-06,3.50990759e-06,2.44520263e-06
0.428,7.6975565e-05,7.67975027e-05,-8.34087943e-05,-0.000459201752,-0.000119232816,-3.31777086e-05,-1.23321594e-05,-8.48429742e-06,-7.90914695e-06,-7.39110464e-06,1.65192841e-05,2.63549385e-05,-6.85765642e-05,0.000276684183,-3.51536982e-05,-7.05402273e-06,3.90593275e-07,3.10686505e-06,3.44091996e-06,2.39295123e-06
0.429,7.78150456e-05,7.8151843e-05,-8.17481711e-05,-0.000465755506,-0.000119391777,-3.31221828e-05,-1.23001189e-05,-8.3333358e-06,-7.73121988e-06,-7.20902883e-06,1.65868553e-05,2.64703584e-05,-7.07347783e-05,0.000276438656,-3.68267253e-05,-7.27387307e-06,3.56163427e-07,3.06960298e-06,3.36748398e-06,2.34119625e-06
0.43,7.86382755e-05,7.95147277e-05,-8.00423276e-05,-0.000472401671,-0.000119616262,-3.30821192e-05,-1.22778963e-05,-8.17800557e-06,-7.55734397e-06,-7.03195961e-06,1.66455907e-05,2.65891889e-05,-7.29020261e-05,0.000276228073,-3.85429808e-05,-7.538765e-06,3.04917732e-07,3.02510831e-06,3.29012866e-06,2.28973937e-06
0.431,7.9451886e-05,8.08820959e-05,-7.82810996e-05,-0.000479134319,-0.000119896768,-3.30599648e-05,-1.22578537e-05,-8.01786572e-06,-7.38202707e-06,-6.85404291e-06,1.67024596e-05,2.67138698e-05,-7.50712295e-05,0.000276049844,-4.02913008e-05,-7.85073967e-06,2.43569609e-07,2.97111753e-06,3.21245212e-06,2.23994738e-06
0.432,8.0268287e-05,8.22516887e-05,-7.64482318e-05,-0.000485949507,-0.000120221356,-3.30622607e-05,-1.2231888e-05,-7.85676591e-06,-7.2013119e-06,-6.67351969e-06,1.6765521e-05,2.68452473e-05,-7.72369335e-05,0.000275903442,-4.2064458e-05,-8.20431631e-06,1.76878426e-07,2.91076076e-06,3.13856622e-06,2.1953541e-06
0.433,8.10953758e-05,8.36238955e-05,-7.45328716e-05,-0.000492840688,-0.000120585306,-3.30953394e-05,-1.21981942e-05,-7.69862379e-06,-7.01521709e-06,-6.49166825e-06,1.68389168e-05,2.6984821e-05,-7.93980379e-05,0.000275789005,-4.38580551e-05,-8.59176399e-06,1.0483199e-07,2.84790888e-06,3.07056939e-06,2.15741088e-06
0.434,8.19383993e-05,8.5001142e-05,-7.25259058e-05,-0.000499801371,-0.000120985504,-3.31629509e-05,-1.21582297e-05,-7.54549369e-06,-6.82671578e-06,-6.30911405e-06,1.69245219e-05,2.71338699e-05,-8.15558535e-05,0.000275706935,-4.56720661e-05,-9.00508838e-06,2.64295655e-08,2.78497724e-06,3.01087143e-06,2.12390153e-06
0.435,8.28000421e-05,8.63869276e-05,-7.04209614e-05,-0.000506823613,-0.00012142221,-3.32679526e-05,-1.21155205e-05,-7.39896327e-06,-6.63898313e-06,-6.12741023e-06,1.70227418e-05,2.72935978e-05,-8.37124778e-05,0.000275656567,-4.75055162e-05,-9.43759541e-06,-6.05778386e-08,2.72360217e-06,2.96039184e-06,2.09296172e-06
0.436,8.36800692e-05,8.7786447e-05,-6.8212911e-05,-0.000513900494,-0.000121896486,-3.34120114e-05,-1.20754055e-05,-7.26155212e-06,-6.45555797e-06,-5.95127708e-06,1.71323317e-05,2.74646819e-05,-8.58718261e-05,0.000275636953,-4.93611665e-05,-9.88226402e-06,-1.59894819e-07,2.66690466e-06,2.91738232e-06,2.06450811e-06
0.437,8.45702372e-05,8.92060623e-05,-6.59049724e-05,-0.000521022126,-0.00012241737,-3.35932182e-05,-1.20486619e-05,-7.13345591e-06,-6.28173619e-06,-5.78589107e-06,1.72471701e-05,2.76486087e-05,-8.80413485e-05,0.000275646188,-5.12435427e-05,-1.03353297e-05,-2.78347325e-07,2.61547917e-06,2.87710011e-06,2.03619223e-06
0.438,8.54592235e-05,9.06505933e-05,-6.3502139e-05,-0.000528179662,-0.00012299102,-3.38044569e-05,-1.20442306e-05,-7.01082457e-06,-6.12069629e-06,-5.63179914e-06,1.73608907e-05,2.78475414e-05,-9.02261437e-05,0.000275679995,-5.31565461e-05,-1.07999692e-05,-4.18550046e-07,2.56528109e-06,2.83527396e-06,2.00413405e-06
0.439,8.63410806e-05,9.21212361e-05,-6.10049013e-05,-0.000535365689,-0.000123619038,-3.40405516e-05,-1.20644783e-05,-6.89062634e-06,-5.9711866e-06,-5.48720559e-06,1.74713476e-05,2.80631306e-05,-9.2426697e-05,0.000275732713,-5.50979835e-05,-1.12814887e-05,-5.79196902e-07,2.51229708e-06,2.78942532e-06,1.96772057e-06
0.44,8.72124365e-05,9.36186406e-05,-5.84103229e-05,-0.000542575429,-0.000124298468,-3.42975328e-05,-1.21086488e-05,-6.77176227e-06,-5.82989118e-06,-5.35133122e-06,1.75781715e-05,2.82967426e-05,-9.46419071e-05,0.000275798098,-5.70659585e-05,-1.17845183e-05,-7.57486581e-07,2.45450977e-06,2.73686145e-06,1.92935599e-06
0.441,8.8072074e-05,9.5141023e-05,-5.57147947e-05,-0.0005498044,-0.00012502671,-3.45726518e-05,-1.21742746e-05,-6.6527035e-06,-5.69363064e-06,-5.22137045e-06,1.76822301e-05,2.85500444e-05,-9.68700334e-05,0.00027587034,-5.9056648e-05,-1.23135064e-05,-9.49956395e-07,2.38963132e-06,2.67697872e-06,1.89002905e-06
0.442,8.89238714e-05,9.66861383e-05,-5.29092947e-05,-0.000557050563,-0.000125794834,-3.48640267e-05,-1.2255068e-05,-6.53176212e-06,-5.55808802e-06,-5.09139287e-06,1.77872823e-05,2.88244377e-05,-9.91062242e-05,0.00027594273,-6.10648772e-05,-1.28725605e-05,-1.14970493e-06,2.31473918e-06,2.61236766e-06,1.85022844e-06
0.443,8.97788681e-05,9.82496924e-05,-4.99782668e-05,-0.000564313436,-0.00012659139,-3.51751707e-05,-1.23406315e-05,-6.41053636e-06,-5.4182689e-06,-4.95702238e-06,1.79016932e-05,2.91201524e-05,-0.000101343651,0.000276010063,-6.30826242e-05,-1.34612294e-05,-1.34934318e-06,2.23085729e-06,2.54793159e-06,1.81316531e-06
0.444,9.0648052e-05,9.98318316e-05,-4.69054589e-05,-0.000571592278,-0.000127406594,-3.55122372e-05,-1.24243816e-05,-6.29380603e-06,-5.27224749e-06,-4.8185306e-06,1.80323066e-05,2.94369539e-05,-0.000103578515,0.000276068329,-6.51065898e-05,-1.40728779e-05,-1.54584012e-06,2.14254763e-06,2.48712583e-06,1.78217267e-06
0.445,9.15367922e-05,0.000101433437,-4.36802912e-05,-0.000578883974,-0.000128238552,-3.5879281e-05,-1.2505437e-05,-6.18423451e-06,-5.12234816e-06,-4.67731177e-06,1.8181984e-05,2.97749448e-05,-0.000105811913,0.000276115166,-6.71374209e-05,-1.47002203e-05,-1.74028442e-06,2.05351014e-06,2.4323887e-06,1.75653546e-06
0.446,9.24485071e-05,0.000103058507,-4.02935949e-05,-0.00058618461,-0.000129085735,-3.62786187e-05,-1.2585621e-05,-6.08335156e-06,-4.97208863e-06,-4.53421802e-06,1.83519869e-05,3.01343984e-05,-0.000108044818,0.000276146773,-6.91767414e-05,-1.53365482e-05,-1.93402746e-06,1.96571628e-06,2.38582634e-06,1.73384277e-06
0.447,9.33836058e-05,0.000104710408,-3.67381556e-05,-0.000593489617,-0.000129950502,-3.67118613e-05,-1.26678637e-05,-5.99321846e-06,-4.82467896e-06,-4.393218e-06,1.85421972e-05,3.05147093e-05,-0.00011028047,0.000276160114,-7.12278289e-05,-1.59753969e-05,-2.13062064e-06,1.88243138e-06,2.34703501e-06,1.71375716e-06
0.448,9.43359633e-05,0.000106396182,-3.30133319e-05,-0.000600792506,-0.000130839805,-3.71781341e-05,-1.27610032e-05,-5.91533356e-06,-4.68528885e-06,-4.26061395e-06,1.8747865e-05,3.09165827e-05,-0.000112524354,0.000276150826,-7.32968398e-05,-1.66111291e-05,-2.33676648e-06,1.8061318e-06,2.31200554e-06,1.69468433e-06
0.449,9.52935642e-05,0.00010811992,-2.91238134e-05,-0.000608086134,-0.000131764086,-3.76701908e-05,-1.28745673e-05,-5.84621143e-06,-4.55809378e-06,-4.13888739e-06,1.89604637e-05,3.13406907e-05,-0.000114783964,0.000276113102,-7.53914622e-05,-1.72451006e-05,-2.55800143e-06,1.73431792e-06,2.27607867e-06,1.67247417e-06
0.45,9.62491718e-05,0.00010988397,-2.50708156e-05,-0.000615365192,-0.000132726729,-3.81812778e-05,-1.30128982e-05,-5.7819775e-06,-4.44337389e-06,-4.02677233e-06,1.91753908e-05,3.17885966e-05,-0.000117059224,0.000276037519,-7.75122734e-05,-1.78824236e-05,-2.79394004e-06,1.66283725e-06,2.23649841e-06,1.64504781e-06
0.451,9.71985225e-05,0.000111687109,-2.08513065e-05,-0.000622626305,-0.00013372869,-3.87059169e-05,-1.31752377e-05,-5.72048435e-06,-4.3379946e-06,-3.92331982e-06,1.93903306e-05,3.2259617e-05,-0.000119349513,0.000275915461,-7.96598434e-05,-1.85283523e-05,-3.04280885e-06,1.58915992e-06,2.19079658e-06,1.61417039e-06
0.452,9.81404414e-05,0.000113527996,-1.64615032e-05,-0.000629866231,-0.000134768343,-3.92410345e-05,-1.33596231e-05,-5.66038251e-06,-4.23875179e-06,-3.82649373e-06,1.96048987e-05,3.27550615e-05,-0.000121650057,0.000275737326,-8.18306701e-05,-1.91876923e-05,-3.30125329e-06,1.51118674e-06,2.13764282e-06,1.58128718e-06
0.453,9.9077071e-05,0.0001154022,-1.18929241e-05,-0.000637083243,-0.000135841414,-3.97832435e-05,-1.35602115e-05,-5.59911615e-06,-4.14158586e-06,-3.73057225e-06,1.98203893e-05,3.3273584e-05,-0.000123956484,0.00027549483,-8.40228584e-05,-1.98653158e-05,-3.56384052e-06,1.4255299e-06,2.0790743e-06,1.54676923e-06
0.454,0.000100018581,0.000117305281,-7.13162484e-06,-0.00064427693,-0.000136938058,-4.03353673e-05,-1.37670034e-05,-5.53740246e-06,-4.0413925e-06,-3.63003639e-06,2.00445861e-05,3.38151516e-05,-0.00012625691,0.0002751788,-8.62264782e-05,-2.0563028e-05,-3.8221829e-06,1.3317298e-06,2.01978358e-06,1.51353297e-06
0.455,0.000100975314,0.00011923401,-2.1598496e-06,-0.000651448456,-0.000138050505,-4.09029785e-05,-1.39710459e-05,-5.47935662e-06,-3.93514694e-06,-3.52413419e-06,2.02849986e-05,3.43757182e-05,-0.000128545579,0.000274783788,-8.84394392e-05,-2.12754659e-05,-4.07293392e-06,1.23364158e-06,1.96362685e-06,1.48571535e-06
0.456,0.000101952694,0.000121189133,3.03197495e-06,-0.000658595296,-0.000139178364,-4.14915925e-05,-1.41707697e-05,-5.42827556e-06,-3.82457902e-06,-3.41429293e-06,2.05457551e-05,3.4955233e-05,-0.000130817357,0.000274304096,-9.06586963e-05,-2.19959933e-05,-4.31678498e-06,1.134954e-06,1.91269159e-06,1.46342483e-06
0.457,0.000102952961,0.000123171543,8.45439387e-06,-0.000665715621,-0.000140322525,-4.2102738e-05,-1.43663538e-05,-5.38506409e-06,-3.71276337e-06,-3.30117908e-06,2.08280755e-05,3.55498891e-05,-0.000133072375,0.000273735142,-9.28889289e-05,-2.27178274e-05,-4.55577753e-06,1.03751342e-06,1.86921042e-06,1.4446429e-06
0.458,0.000103976468,0.000125184638,1.41120855e-05,-0.000672804277,-0.00014148829,-4.27394891e-05,-1.45608092e-05,-5.35198144e-06,-3.60296871e-06,-3.18860783e-06,2.11331721e-05,3.61595434e-05,-0.000135306838,0.000273070155,-9.51284944e-05,-2.34348719e-05,-4.7931759e-06,9.44390531e-07,1.83289265e-06,1.42896421e-06
0.459,0.000105016336,0.000127232533,2.00078916e-05,-0.000679856978,-0.000142684183,-4.33997827e-05,-1.4761216e-05,-5.32990671e-06,-3.4998635e-06,-3.08304781e-06,2.14560272e-05,3.67802774e-05,-0.00013752565,0.000272303707,-9.73877959e-05,-2.41405418e-05,-5.03639979e-06,8.58242334e-07,1.79998447e-06,1.41498246e-06
0.46,0.00010606187,0.000129319483,2.61334891e-05,-0.000686863989,-0.000143924785,-4.40783264e-05,-1.4977707e-05,-5.31597545e-06,-3.40782083e-06,-2.98761983e-06,2.17886827e-05,3.74140441e-05,-0.000139728483,0.000271427198,-9.96689047e-05,-2.48356886e-05,-5.29120032e-06,7.76989601e-07,1.76587654e-06,1.39838873e-06
0.461,0.000107105792,0.000131445396,3.24892561e-05,-0.000693820925,-0.000145214751,-4.47663172e-05,-1.52138606e-05,-5.3055666e-06,-3.32713916e-06,-2.90147211e-06,2.21245881e-05,3.80573547e-05,-0.000141914966,0.000270431403,-0.000101978414,-2.55237444e-05,-5.55789377e-06,6.96675761e-07,1.72810497e-06,1.37690975e-06
0.462,0.000108145206,0.000133609229,3.9072119e-05,-0.000700720598,-0.000146560865,-4.54605177e-05,-1.54701535e-05,-5.29706477e-06,-3.25515509e-06,-2.8238483e-06,2.24617077e-05,3.87108484e-05,-0.00014407547,0.000269303972,-0.000104309542,-2.62102201e-05,-5.83455736e-06,6.14696241e-07,1.68440863e-06,1.35184945e-06
0.463,0.000109179027,0.000135807463,4.58878185e-05,-0.000707562472,-0.000147961397,-4.61556456e-05,-1.57436102e-05,-5.28851628e-06,-3.18862513e-06,-2.75264169e-06,2.27974157e-05,3.93695358e-05,-0.000146205209,0.000268033952,-0.00010666591,-2.6898154e-05,-6.11819536e-06,5.28870426e-07,1.6338047e-06,1.32433431e-06
0.464,0.000110211231,0.000138035477,5.29371358e-05,-0.000714341647,-0.000149419283,-4.68515991e-05,-1.60294355e-05,-5.27825155e-06,-3.12376514e-06,-2.68200663e-06,2.31336744e-05,4.00334545e-05,-0.00014828967,0.000266607783,-0.00010903601,-2.75933449e-05,-6.40305948e-06,4.35578504e-07,1.57847154e-06,1.2947015e-06
0.465,0.000111251477,0.000140287199,6.02369855e-05,-0.000721060725,-0.000150923807,-4.75493187e-05,-1.63167368e-05,-5.26690068e-06,-3.05572172e-06,-2.60652371e-06,2.34763442e-05,4.06948567e-05,-0.000150317173,0.000265012812,-0.000111418109,-2.82953671e-05,-6.68114446e-06,3.34601098e-07,1.52315583e-06,1.26620238e-06
0.466,0.000112308913,0.000142559339,6.77949075e-05,-0.000727712921,-0.000152478386,-4.82582873e-05,-1.65987523e-05,-5.25929073e-06,-2.98227669e-06,-2.52538934e-06,2.38337099e-05,4.13510732e-05,-0.000152271219,0.000263235035,-0.00011379965,-2.9001089e-05,-6.94992448e-06,2.29157521e-07,1.47099365e-06,1.24276302e-06
0.467,0.000113387096,0.00014485111,7.56242598e-05,-0.000734295629,-0.000154079872,-4.89812869e-05,-1.68725718e-05,-5.25804221e-06,-2.9051223e-06,-2.43953882e-06,2.42078128e-05,4.19936581e-05,-0.000154146659,0.000261262731,-0.000116187809,-2.97021476e-05,-7.21032632e-06,1.22704047e-07,1.42397614e-06,1.22459221e-06
0.468,0.00011448736,0.000147162547,8.37232836e-05,-0.000740796106,-0.000155741548,-4.97246565e-05,-1.71399753e-05,-5.26494762e-06,-2.82741542e-06,-2.34983367e-06,2.46012993e-05,4.26209684e-05,-0.000155931041,0.000259082241,-0.000118574882,-3.03946009e-05,-7.46510061e-06,1.66712459e-08,1.38369043e-06,1.21023606e-06
0.469,0.000115607685,0.000149496095,9.21006451e-05,-0.000747208569,-0.000157463876,-5.0488352e-05,-1.74028215e-05,-5.28193105e-06,-2.75236683e-06,-2.26061567e-06,2.50128909e-05,4.32241778e-05,-0.000157620684,0.000256681079,-0.00012097172,-3.10695231e-05,-7.71779714e-06,-8.53185658e-08,1.34951345e-06,1.19981515e-06
0.47,0.000116739728,0.000151854377,0.000100743065,-0.000753515506,-0.000159270431,-5.12752336e-05,-1.7670409e-05,-5.31009668e-06,-2.68474531e-06,-2.17821744e-06,2.5438e-05,4.38030528e-05,-0.000159207238,0.000254045613,-0.000123375673,-3.17239742e-05,-7.97701395e-06,-1.81590894e-07,1.31721879e-06,1.1914069e-06
0.471,0.000117873654,0.000154240527,0.000109648094,-0.000759709589,-0.000161165589,-5.20760442e-05,-1.79503143e-05,-5.34571359e-06,-2.62813968e-06,-2.10504122e-06,2.58656075e-05,4.43508429e-05,-0.000160690197,0.000251161419,-0.000125802754,-3.23554007e-05,-8.24661193e-06,-2.74053188e-07,1.28345039e-06,1.18074924e-06
0.472,0.00011900434,0.000156652181,0.000118799508,-0.000765775151,-0.000163169827,-5.28895197e-05,-1.82472816e-05,-5.38564103e-06,-2.58234634e-06,-2.04031658e-06,2.62908231e-05,4.48679341e-05,-0.000162054504,0.000248010961,-0.000128244161,-3.29702833e-05,-8.52715105e-06,-3.66721656e-07,1.24637421e-06,1.16620146e-06
0.473,0.000120129817,0.000159088843,0.000128201357,-0.000771707937,-0.000165277903,-5.37090532e-05,-1.8560236e-05,-5.42825366e-06,-2.54484274e-06,-1.9834213e-06,2.67080302e-05,4.53458267e-05,-0.000163291428,0.000244576146,-0.000130710002,-3.35684075e-05,-8.81540104e-06,-4.60880836e-07,1.20467236e-06,1.1490628e-06
0.474,0.000121249749,0.000161544563,0.00013783912,-0.000777491634,-0.00016750853,-5.45375673e-05,-1.88888786e-05,-5.47209519e-06,-2.51282041e-06,-1.93119875e-06,2.71153785e-05,4.57842632e-05,-0.000164381281,0.000240837715,-0.000133188353,-3.41570945e-05,-9.10933282e-06,-5.59755775e-07,1.1581408e-06,1.12953645e-06
0.475,0.000122369586,0.000164016391,0.000147723135,-0.000783122968,-0.000169848305,-5.53717584e-05,-1.9226081e-05,-5.51566505e-06,-2.48220282e-06,-1.87739338e-06,2.75122315e-05,4.6173223e-05,-0.000165309184,0.000236775573,-0.000135686385,-3.47359e-05,-9.40026367e-06,-6.65351943e-07,1.11040501e-06,1.10876531e-06
0.476,0.000123496144,0.000166496115,0.000157844971,-0.000788588654,-0.000172312207,-5.62234056e-05,-1.95649152e-05,-5.56153531e-06,-2.44877124e-06,-1.81795279e-06,2.79062939e-05,4.65101202e-05,-0.000166048636,0.000232371225,-0.000138186171,-3.53083308e-05,-9.68334011e-06,-7.77076326e-07,1.0651573e-06,1.09065218e-06
0.477,0.000124633623,0.000168984242,0.000168217072,-0.00079388919,-0.000174887219,-5.70962242e-05,-1.98996737e-05,-5.61336789e-06,-2.41126475e-06,-1.75262314e-06,2.83005522e-05,4.67840301e-05,-0.000166586612,0.000227608292,-0.000140697587,-3.58642628e-05,-9.95493095e-06,-8.9027196e-07,1.02487274e-06,1.07814913e-06
0.478,0.000125780791,0.000171475784,0.000178822484,-0.000799010943,-0.000177599609,-5.80025844e-05,-2.02316293e-05,-5.67314855e-06,-2.37111854e-06,-1.68167739e-06,2.86979872e-05,4.69941418e-05,-0.000166903369,0.000222472605,-0.000143209379,-3.64029309e-05,-1.02175254e-05,-1.00275179e-06,9.9104061e-07,1.07073816e-06
0.479,0.000126936166,0.000173974605,0.000189668601,-0.000803954005,-0.000180439923,-5.89432716e-05,-2.05615724e-05,-5.74213599e-06,-2.33042089e-06,-1.60684757e-06,2.90973256e-05,4.7131399e-05,-0.000166989358,0.00021694919,-0.000145736276,-3.69126282e-05,-1.04696961e-05,-1.11059019e-06,9.65056854e-07,1.06792311e-06
0.48,0.000128092111,0.000176477197,0.000200730361,-0.000808702944,-0.000183442806,-5.99294134e-05,-2.08961033e-05,-5.82181167e-06,-2.29170383e-06,-1.5330223e-06,2.9497307e-05,4.71968786e-05,-0.000166828506,0.000211025129,-0.000148270051,-3.73926797e-05,-1.07172798e-05,-1.21059373e-06,9.44910085e-07,1.06906954e-06
0.481,0.000129240416,0.000178989534,0.000212007324,-0.00081325307,-0.000186602847,-6.09565427e-05,-2.12429041e-05,-5.91066474e-06,-2.25827787e-06,-1.46458059e-06,2.98878418e-05,4.71851606e-05,-0.000166416341,0.000204685514,-0.000150832076,-3.78327317e-05,-1.096151e-05,-1.30036614e-06,9.27724064e-07,1.07083964e-06
0.482,0.000130372818,0.000181505114,0.00022346704,-0.000817580513,-0.000189957831,-6.2029991e-05,-2.16100136e-05,-6.00450217e-06,-2.23101834e-06,-1.40199817e-06,3.02609671e-05,4.7100079e-05,-0.000165735448,0.000197915787,-0.000153415456,-3.82405343e-05,-1.12044669e-05,-1.38241331e-06,9.1140273e-07,1.06943501e-06
0.483,0.000131487756,0.000184026098,0.000235112088,-0.000821676804,-0.000193492259,-6.31449546e-05,-2.19992106e-05,-6.10042219e-06,-2.20820974e-06,-1.3448049e-06,3.06088873e-05,4.69368167e-05,-0.000164773419,0.000190698209,-0.000156036687,-3.861094e-05,-1.14388535e-05,-1.45685952e-06,8.94925893e-07,1.06417112e-06
0.484,0.000132581946,0.000186541593,0.000246910836,-0.00082551855,-0.000197240423,-6.4311188e-05,-2.24123239e-05,-6.19592583e-06,-2.18676231e-06,-1.29203828e-06,3.0927251e-05,4.66985975e-05,-0.000163508376,0.000183018246,-0.000158684522,-3.89541236e-05,-1.16628667e-05,-1.52500753e-06,8.7645299e-07,1.05540823e-06
0.485,0.000133657674,0.000189051289,0.000258868247,-0.000829100493,-0.000201179718,-6.55269861e-05,-2.28478867e-05,-6.28838916e-06,-2.1640205e-06,-1.24066723e-06,3.12108438e-05,4.63814778e-05,-0.000161925079,0.000174858787,-0.000161372909,-3.92647945e-05,-1.18658075e-05,-1.58705324e-06,8.56106279e-07,1.04316419e-06
0.486,0.000134715712,0.000191540836,0.000270955317,-0.000832400485,-0.000205342937,-6.6807324e-05,-2.33032268e-05,-6.37598486e-06,-2.13641728e-06,-1.18747239e-06,3.1460668e-05,4.59874973e-05,-0.00015999791,0.000166204378,-0.000164086099,-3.95538206e-05,-1.20424143e-05,-1.64360901e-06,8.34751769e-07,1.02973967e-06
0.487,0.000135757481,0.000194010045,0.000283181679,-0.000835411093,-0.000209704896,-6.8157735e-05,-2.37759324e-05,-6.4600484e-06,-2.10271533e-06,-1.13277685e-06,3.16769598e-05,4.55123198e-05,-0.000157711032,0.000157035565,-0.000166837085,-3.98110131e-05,-1.21832026e-05,-1.69100105e-06,8.12113236e-07,1.0179512e-06
0.488,0.000136777667,0.000196445632,0.000295514211,-0.000838104114,-0.000214306055,-6.95965986e-05,-2.42668784e-05,-6.5400451e-06,-2.06314791e-06,-1.07780703e-06,3.18589812e-05,4.49588093e-05,-0.000155044608,0.000147336456,-0.000169615833,-4.00438481e-05,-1.22892421e-05,-1.72744778e-06,7.87088244e-07,1.00855909e-06
0.489,0.000137773315,0.000198848993,0.000307958352,-0.000840467475,-0.000219121519,-7.11286593e-05,-2.47778752e-05,-6.61577037e-06,-2.0196418e-06,-1.02292344e-06,3.2004066e-05,4.43259676e-05,-0.000151986049,0.000137087563,-0.000172439936,-4.02403535e-05,-1.23537891e-05,-1.75123479e-06,7.59336127e-07,1.00016286e-06
0.49,0.000138738414,0.000201206982,0.000320477984,-0.000842469249,-0.000224193766,-7.27714268e-05,-2.53096768e-05,-6.68496033e-06,-1.97320755e-06,-9.67904067e-07,3.21103832e-05,4.36179603e-05,-0.000148516649,0.000126273576,-0.000175302667,-4.04088077e-05,-1.2378512e-05,-1.76246483e-06,7.29619791e-07,9.91290431e-07
0.491,0.000139670511,0.000203522091,0.000333077309,-0.000844099044,-0.000229492531,-7.45293706e-05,-2.58630843e-05,-6.74764129e-06,-1.92445757e-06,-9.11524684e-07,3.21761366e-05,4.28362978e-05,-0.000144622718,0.000114877257,-0.000178223465,-4.05365086e-05,-1.23564437e-05,-1.76115296e-06,6.98605382e-07,9.80071126e-07
0.492,0.000140566199,0.000205782856,0.000345716681,-0.000845335993,-0.000235056503,-7.64189394e-05,-2.64357333e-05,-6.8021137e-06,-1.87230454e-06,-8.52246383e-07,3.22014706e-05,4.19856061e-05,-0.000140285014,0.000102889377,-0.000181197765,-4.06307707e-05,-1.22886946e-05,-1.74692405e-06,6.68549876e-07,9.66493243e-07
0.493,0.000141423478,0.000207994839,0.000358397083,-0.00084618314,-0.000240850787,-7.84428814e-05,-2.70287284e-05,-6.84960251e-06,-1.8161058e-06,-7.88501035e-07,3.21868673e-05,4.10699383e-05,-0.000135489938,9.02993394e-05,-0.000184245863,-4.06767856e-05,-1.21688028e-05,-1.71971339e-06,6.40058214e-07,9.50348022e-07
0.494,0.000142238605,0.000210149187,0.000371077131,-0.0008466266,-0.000246917413,-8.06142624e-05,-2.76404281e-05,-6.888761e-06,-1.75527042e-06,-7.20501075e-07,3.21330516e-05,4.00961452e-05,-0.000130220683,7.71046817e-05,-0.000187366025,-4.0680523e-05,-1.19997303e-05,-1.67783257e-06,6.15306814e-07,9.32708771e-07
0.495,0.000143006071,0.000212254596,0.000383754156,-0.000846671808,-0.000253224063,-8.29330819e-05,-2.82751827e-05,-6.92321702e-06,-1.68895942e-06,-6.50892177e-07,3.20406433e-05,3.90721925e-05,-0.000124466171,6.330173e-05,-0.00019058106,-4.06258852e-05,-1.1779242e-05,-1.6200079e-06,5.91847625e-07,9.15601921e-07
0.496,0.000143716448,0.000214305822,0.000396379819,-0.000846307636,-0.00025982147,-8.54060961e-05,-2.89364743e-05,-6.95240889e-06,-1.61912682e-06,-5.85433133e-07,3.19054198e-05,3.80094098e-05,-0.000118217931,4.89010513e-05,-0.000193896728,-4.05169359e-05,-1.15173394e-05,-1.54240966e-06,5.67706265e-07,8.99246262e-07
0.497,0.000144360318,0.00021631092,0.000408943389,-0.000845544739,-0.000266685437,-8.80233303e-05,-2.96345234e-05,-6.9755476e-06,-1.54726089e-06,-5.25170449e-07,3.17206836e-05,3.69243752e-05,-0.000111473501,3.39144224e-05,-0.000197337381,-4.03417905e-05,-1.12158793e-05,-1.44921898e-06,5.39214981e-07,8.80351573e-07
0.498,0.000144933312,0.000218261595,0.000421398717,-0.000844383734,-0.000273868038,-9.07841955e-05,-3.0369386e-05,-6.9895269e-06,-1.47470944e-06,-4.70426887e-07,3.14833605e-05,3.58319474e-05,-0.000104224517,1.83696185e-05,-0.000200902236,-4.010996e-05,-1.08791862e-05,-1.3414948e-06,5.08605783e-07,8.57807098e-07
0.499,0.00014543121,0.000220164288,0.00043373754,-0.000842847363,-0.000281342259,-9.36791236e-05,-3.11456132e-05,-6.99706006e-06,-1.39989891e-06,-4.20246129e-07,3.11937108e-05,3.47487104e-05,-9.64656389e-05,2.29607799e-06,-0.00020460683,-3.98138895e-05,-1.05064969e-05,-1.22477083e-06,4.74370147e-07,8.32590861e-07
0.5,0.000145854001,0.00022201222,0.000445917457,-0.000840948251,-0.000289158713,-9.67062393e-05,-3.19592516e-05,-6.9985086e-06,-1.32434267e-06,-3.72675388e-07,3.0853242e-05,3.36879194e-05,-8.8189452e-05,-1.42557971e-05,-0.000208445136,-3.94631867e-05,-1.01002729e-05,-1.10025821e-06,4.40348236e-07,8.05332721e-07
0.501,0.000146204141,0.000223811701,0.00045793406,-0.000838712338,-0.00029728854,-9.98574065e-05,-3.28100126e-05,-6.9984805e-06,-1.247098e-06,-3.2274025e-07,3.04705614e-05,3.26637085e-05,-7.93891082e-05,-3.12375986e-05,-0.000212421833,-3.90544522e-05,-9.65764041e-06,-9.7537073e-07,4.09516271e-07,7.79146678e-07
0.502,0.000146487934,0.000225561264,0.000469754845,-0.000836140101,-0.000305779233,-0.000103133561,-3.36905715e-05,-7.00407101e-06,-1.17123606e-06,-2.69989524e-07,3.00540678e-05,3.16823551e-05,-7.00550459e-05,-4.85794739e-05,-0.000216527082,-3.8596394e-05,-9.18046054e-06,-8.50687629e-07,3.8671644e-07,7.57700376e-07
0.503,0.000146711916,0.000227271168,0.000481376839,-0.000833233464,-0.000314602126,-0.000106529614,-3.45992581e-05,-7.02346784e-06,-1.09903203e-06,-2.13648849e-07,2.9611859e-05,3.07546441e-05,-6.01872484e-05,-6.6209283e-05,-0.000220768711,-3.80867119e-05,-8.67703941e-06,-7.30979832e-07,3.71735748e-07,7.43682907e-07
0.504,0.000146882659,0.000228947513,0.000492766084,-0.000829975554,-0.000323804558,-0.000110040235,-3.55323193e-05,-7.06370346e-06,-1.03601581e-06,-1.53532601e-07,2.91462925e-05,2.98838731e-05,-4.9786893e-05,-8.40239767e-05,-0.000225140295,-3.75328913e-05,-8.15587548e-06,-6.18654072e-07,3.65306638e-07,7.37376373e-07
0.505,0.000147009158,0.000230603131,0.00050391468,-0.000826355714,-0.000333358606,-0.000113656697,-3.64875805e-05,-7.13042875e-06,-9.86405468e-07,-9.13556155e-08,2.86637774e-05,2.90800413e-05,-3.88645778e-05,-0.000101915512,-0.000229645801,-3.69366936e-05,-7.6321194e-06,-5.17460622e-07,3.66425245e-07,7.39116909e-07
0.506,0.000147097254,0.000232252613,0.000514786995,-0.00082234459,-0.000343310454,-0.000117365487,-3.74643737e-05,-7.2307206e-06,-9.52694039e-07,-2.8921446e-08,2.81580424e-05,2.83433378e-05,-2.74351448e-05,-0.000119742805,-0.000234279626,-3.63050347e-05,-7.11979688e-06,-4.31525913e-07,3.69704683e-07,7.4745072e-07
0.507,0.000147151115,0.000233912342,0.000525363548,-0.000817915467,-0.000353636908,-0.000121150648,-3.84612826e-05,-7.36517882e-06,-9.38647033e-07,3.08989697e-08,2.76324756e-05,2.7685185e-05,-1.55237424e-05,-0.000137359335,-0.000239040623,-3.56431338e-05,-6.63879824e-06,-3.60983327e-07,3.73485137e-07,7.60471665e-07
0.508,0.000147170056,0.000235607056,0.000535602305,-0.000813020237,-0.000364383507,-0.000124988514,-3.94812032e-05,-7.53844542e-06,-9.41056987e-07,8.98056062e-08,2.70816805e-05,2.71007109e-05,-3.15153692e-06,-0.000154592835,-0.000243911372,-3.49592274e-05,-6.19574965e-06,-3.13110007e-07,3.73488632e-07,7.78874266e-07
0.509,0.000147157911,0.000237353991,0.000545477508,-0.000807609006,-0.000375527003,-0.000128862929,-4.0519492e-05,-7.74901274e-06,-9.64055526e-07,1.43918409e-07,2.65183149e-05,2.66010903e-05,9.65127233e-06,-0.000171270324,-0.000248873608,-3.42634677e-05,-5.80292072e-06,-2.85561668e-07,3.75779159e-07,8.00202004e-07
0.51,0.000147119415,0.000239183607,0.000554953709,-0.000801609325,-0.000387099043,-0.000132748932,-4.15751032e-05,-7.99930004e-06,-9.98886e-07,2.03338202e-07,2.59386537e-05,2.61747589e-05,2.28583452e-05,-0.000187202247,-0.000253898926,-3.35650524e-05,-5.459569e-06,-2.88885877e-07,3.78222799e-07,8.26359215e-07
0.511,0.000147062123,0.000241110274,0.000564001902,-0.000794957132,-0.000399069134,-0.0001366356,-4.26383449e-05,-8.28573063e-06,-1.05194693e-06,2.67333416e-07,2.53698484e-05,2.58313369e-05,3.64380783e-05,-0.000202199284,-0.000258948179,-3.28799159e-05,-5.16473891e-06,-3.18608647e-07,3.96260521e-07,8.55866796e-07
0.512,0.000147001176,0.000243167367,0.000572601881,-0.000787590324,-0.00041144099,-0.000140509856,-4.37022074e-05,-8.61519291e-06,-1.11167524e-06,3.41790797e-07,2.48164152e-05,2.55489545e-05,5.03583229e-05,-0.000216068651,-0.000263975693,-3.22151513e-05,-4.91241926e-06,-3.8328127e-07,4.28168765e-07,8.94837263e-07
0.513,0.000146954651,0.000245362334,0.000580731688,-0.000779462327,-0.000424171413,-0.00014437146,-4.47527756e-05,-8.98766102e-06,-1.18363764e-06,4.20558428e-07,2.42980109e-05,2.53410972e-05,6.45603099e-05,-0.000228622803,-0.000268939429,-3.15859621e-05,-4.7112883e-06,-4.6828725e-07,4.75736903e-07,9.43779376e-07
0.514,0.000146925239,0.000247730863,0.00058836811,-0.000770516685,-0.00043726225,-0.000148206214,-4.580474e-05,-9.40081951e-06,-1.26963354e-06,4.96237333e-07,2.38004287e-05,2.518658e-05,7.89848896e-05,-0.000239695163,-0.000273798782,-3.09923188e-05,-4.56812799e-06,-5.77495695e-07,5.29755532e-07,9.98594875e-07
0.515,0.00014693521,0.000250271343,0.000595491934,-0.000760705635,-0.000450664369,-0.000152015366,-4.6842269e-05,-9.85667574e-06,-1.36294441e-06,5.59021954e-07,2.33315556e-05,2.51032184e-05,9.35534667e-05,-0.000249148265,-0.000278506411,-3.04569211e-05,-4.4922523e-06,-6.90641963e-07,5.74570458e-07,1.07109942e-06
0.516,0.000146958309,0.000253015787,0.000602059014,-0.000749967094,-0.000464394196,-0.0001557817,-4.79149925e-05,-1.03415714e-05,-1.48822329e-06,5.83080559e-07,2.28464859e-05,2.50769578e-05,0.000108170274,-0.000256878907,-0.000283042548,-2.99675663e-05,-4.51397732e-06,-8.04546334e-07,5.91773312e-07,1.13662865e-06
0.517,0.000147017307,0.000255952486,0.00060804425,-0.000738241347,-0.000478400981,-0.000159491653,-4.90053984e-05,-1.08455686e-05,-1.6206629e-06,5.76250401e-07,2.23383448e-05,2.51331294e-05,0.000122749517,-0.000262839804,-0.000287349567,-2.95639958e-05,-4.62150102e-06,-9.17592827e-07,5.69328764e-07,1.2050409e-06
0.518,0.000147097231,0.000259089588,0.000613412861,-0.000725476029,-0.000492681161,-0.000163141767,-5.01480347e-05,-1.13521258e-05,-1.78280241e-06,5.3470237e-07,2.17758374e-05,2.52535982e-05,0.000137201995,-0.000267025556,-0.000291400485,-2.92291752e-05,-4.83160182e-06,-1.02198052e-06,5.04072751e-07,1.25489526e-06
0.519,0.000147234485,0.000262416082,0.00061815262,-0.000711612606,-0.000507165511,-0.000166700993,-5.13280229e-05,-1.18181847e-05,-1.95543896e-06,5.11932539e-07,2.1124209e-05,2.54574526e-05,0.000151426911,-0.000269505148,-0.000295145519,-2.90301171e-05,-5.1156247e-06,-1.17626758e-06,4.14428336e-07,1.23183465e-06
0.52,0.000147483779,0.000265913982,0.000622288277,-0.000696628777,-0.00052178531,-0.000170200926,-5.24953138e-05,-1.22666378e-05,-2.09963764e-06,5.19927255e-07,2.04434635e-05,2.57201816e-05,0.000165393295,-0.000270364171,-0.000298509409,-2.89350598e-05,-5.42754228e-06,-1.34903472e-06,3.35073108e-07,1.18788695e-06
0.521,0.00014780497,0.00026955553,0.000625779691,-0.000680511569,-0.000536499072,-0.000173657283,-5.36718187e-05,-1.27082426e-05,-2.22130222e-06,5.30455572e-07,1.97595629e-05,2.60603739e-05,0.000179044992,-0.000269763234,-0.000301426141,-2.89638833e-05,-5.75281191e-06,-1.5180045e-06,2.54765949e-07,1.15899456e-06
0.522,0.000148237621,0.00027331134,0.00062866791,-0.000663239899,-0.000551235411,-0.000177116497,-5.48298009e-05,-1.31550255e-05,-2.31067326e-06,5.63458897e-07,1.90964861e-05,2.64439628e-05,0.000192329791,-0.000267905756,-0.000303866303,-2.90999569e-05,-6.07570422e-06,-1.67694302e-06,1.92307248e-07,1.1476876e-06
0.523,0.000148754255,0.000277153388,0.000630937001,-0.000644796031,-0.000565936768,-0.000180596747,-5.59928539e-05,-1.36112377e-05,-2.38579113e-06,6.02517076e-07,1.84575044e-05,2.68904406e-05,0.000205176251,-0.000265029468,-0.0003058146,-2.93499176e-05,-6.41508306e-06,-1.81272451e-06,1.37990902e-07,1.15525059e-06
0.524,0.000149358267,0.00028105202,0.000632613302,-0.000625172928,-0.000580551382,-0.000184131733,-5.71711823e-05,-1.40772072e-05,-2.45735207e-06,6.46898153e-07,1.78436243e-05,2.73778003e-05,0.000217527237,-0.000261395908,-0.000307275767,-2.96980155e-05,-6.77248117e-06,-1.92628729e-06,9.27014528e-08,1.1704768e-06
0.525,0.000150034404,0.000284978426,0.000633692103,-0.00060437691,-0.000595014211,-0.000187735344,-5.83790667e-05,-1.45590128e-05,-2.53372694e-06,6.88067038e-07,1.72539721e-05,2.79248109e-05,0.000229321437,-0.000257273594,-0.000308262859,-3.01447104e-05,-7.1744453e-06,-2.01283977e-06,5.43068337e-08,1.18540014e-06
0.526,0.000150776666,0.000288900318,0.000634203173,-0.000582448109,-0.00060927552,-0.000191424048,-5.96350367e-05,-1.50485073e-05,-2.62347866e-06,7.20165936e-07,1.66778305e-05,2.85260134e-05,0.000240507259,-0.000252922466,-0.000308805269,-3.06707515e-05,-7.62858599e-06,-2.0735122e-06,1.10018165e-08,1.19419136e-06
0.527,0.000151567174,0.00029279087,0.000634128551,-0.000559442899,-0.000623287252,-0.000195193949,-6.09530426e-05,-1.55451968e-05,-2.72950712e-06,7.47382891e-07,1.61171619e-05,2.91974475e-05,0.00025104305,-0.000248592433,-0.000308927658,-3.12745878e-05,-8.151982e-06,-2.11083896e-06,-3.02196425e-08,1.19444564e-06
0.528,0.000152391969,0.000296620032,0.000633504374,-0.000535439203,-0.000637007577,-0.000199049685,-6.23501036e-05,-1.60410331e-05,-2.85534202e-06,7.66068232e-07,1.55745343e-05,2.99389194e-05,0.000260903639,-0.000244511576,-0.000308658208,-3.19411229e-05,-8.73444247e-06,-2.13399789e-06,-7.27084418e-08,1.18761638e-06
0.529,0.00015323204,0.000300365614,0.000632312697,-0.000510503016,-0.000650404846,-0.000202983777,-6.38365799e-05,-1.65401574e-05,-2.99970363e-06,7.81449687e-07,1.50631754e-05,3.07539711e-05,0.000270073306,-0.000240892867,-0.000308026519,-3.26751246e-05,-9.38259106e-06,-2.15151367e-06,-1.06402455e-07,1.17870203e-06
0.53,0.000154070301,0.000304003788,0.000630598364,-0.000484724999,-0.000663441483,-0.00020699537,-6.54230111e-05,-1.70401644e-05,-3.16272093e-06,7.94310597e-07,1.45960886e-05,3.16440538e-05,0.000278546637,-0.00023790558,-0.000307065068,-3.34658441e-05,-1.00784168e-05,-2.17658568e-06,-1.29443946e-07,1.1708393e-06
0.531,0.000154893802,0.000307517763,0.000628350689,-0.000458194385,-0.000676090751,-0.000211079279,-6.71137977e-05,-1.75527065e-05,-3.34055333e-06,8.05692374e-07,1.41944135e-05,3.2601921e-05,0.000286327889,-0.000235697777,-0.000305807992,-3.4326705e-05,-1.08237386e-05,-2.22306797e-06,-1.33943962e-07,1.16748007e-06
0.532,0.000155699406,0.000310889585,0.000625640054,-0.000431030954,-0.000688307713,-0.000215234487,-6.89076126e-05,-1.80857085e-05,-3.52685081e-06,8.14461462e-07,1.38686217e-05,3.36348157e-05,0.000293415888,-0.000234359228,-0.000304299785,-3.52495844e-05,-1.16111946e-05,-2.30022088e-06,-1.25773534e-07,1.16760721e-06
0.533,0.000156491685,0.000314104355,0.00062247078,-0.000403337954,-0.000700072499,-0.000219451668,-7.08018024e-05,-1.86483693e-05,-3.71614199e-06,8.24045766e-07,1.36249815e-05,3.47369016e-05,0.000299812274,-0.000233958777,-0.000302589016,-3.62474609e-05,-1.24536884e-05,-2.41595139e-06,-1.09784649e-07,1.17133532e-06
0.534,0.000157275243,0.000317151038,0.000618924763,-0.000375228959,-0.000711348945,-0.000223719207,-7.27924229e-05,-1.92465346e-05,-3.90275796e-06,8.34976873e-07,1.34642888e-05,3.59218025e-05,0.00030551505,-0.0002345174,-0.000300724294,-3.73136921e-05,-1.33511148e-05,-2.57341182e-06,-9.5139547e-08,1.17513125e-06
0.535,0.000158064685,0.000320016981,0.000615013109,-0.00034677629,-0.000722129878,-0.000228021531,-7.48730587e-05,-1.98836225e-05,-4.08159904e-06,8.50769582e-07,1.33800992e-05,3.71850584e-05,0.000310525948,-0.000236049279,-0.000298755426,-3.84604961e-05,-1.43193211e-05,-2.77433558e-06,-9.25459433e-08,1.17868425e-06
0.536,0.000158860252,0.000322699277,0.0006108116,-0.000318038577,-0.00073239686,-0.000232334296,-7.70403798e-05,-2.05571921e-05,-4.25189914e-06,8.7606464e-07,1.33664123e-05,3.85415218e-05,0.000314846125,-0.000238535802,-0.000296722155,-3.96805387e-05,-1.53582556e-05,-3.01377068e-06,-1.08566833e-07,1.1837813e-06
0.537,0.000159660841,0.000325192748,0.000606310453,-0.00028903931,-0.000742163629,-0.000236635593,-7.92930297e-05,-2.12635813e-05,-4.41606964e-06,9.1185537e-07,1.34175392e-05,3.99801448e-05,0.000318490521,-0.000241961473,-0.000294659067,-4.0986701e-05,-1.64715254e-05,-3.29308012e-06,-1.45676797e-07,1.19208531e-06
0.538,0.000160454768,0.000327504361,0.000601573843,-0.000259820746,-0.000751417676,-0.000240898199,-8.16285463e-05,-2.20003856e-05,-4.5769712e-06,9.56809633e-07,1.35342197e-05,4.15096399e-05,0.00032147363,-0.000246278142,-0.000292591862,-4.23776038e-05,-1.76502212e-05,-3.60909912e-06,-2.01767408e-07,1.20560319e-06
0.539,0.000161232781,0.000329634333,0.00059658444,-0.000230408698,-0.000760179421,-0.000245102778,-8.40442264e-05,-2.27637782e-05,-4.73944901e-06,1.0082772e-06,1.37143253e-05,4.31141894e-05,0.000323821137,-0.00025144012,-0.000290544006,-4.38663604e-05,-1.88896862e-05,-3.96349479e-06,-2.74877486e-07,1.22601461e-06
0.54,0.000161979835,0.000331596086,0.00059140758,-0.000200836902,-0.000768439167,-0.00024922539,-8.6536631e-05,-2.35532139e-05,-4.90784476e-06,1.0607944e-06,1.39624725e-05,4.47962709e-05,0.000325553434,-0.000257379327,-0.000288530992,-4.54591341e-05,-2.01772473e-05,-4.35712947e-06,-3.58924611e-07,1.25127633e-06
0.541,0.000162696661,0.000333389099,0.000586042157,-0.000171111642,-0.00077620794,-0.000253256252,-8.9095008e-05,-2.4368851e-05,-5.08249371e-06,1.1100236e-06,1.42763539e-05,4.6536447e-05,0.000326697539,-0.000264039409,-0.000286573639,-4.71746903e-05,-2.15077625e-05,-4.79456407e-06,-4.537983e-07,1.27700597e-06
0.542,0.000163386733,0.00033502475,0.000580571074,-0.000141253738,-0.000783461102,-0.000257178157,-9.1702908e-05,-2.52107383e-05,-5.26152153e-06,1.15649757e-06,1.46566179e-05,4.8337499e-05,0.000327270705,-0.000271345649,-0.000284687245,-4.90212226e-05,-2.28765249e-05,-5.27290248e-06,-5.60142034e-07,1.30086225e-06
0.543,0.000164060278,0.000336500341,0.000575000529,-0.00011126442,-0.00079020257,-0.000260985351,-9.43420051e-05,-2.6076766e-05,-5.44251557e-06,1.20203532e-06,1.50962296e-05,5.01818566e-05,0.000327298732,-0.000279239489,-0.000282890532,-5.10120295e-05,-2.42829868e-05,-5.79124241e-06,-6.81248929e-07,1.31919867e-06
0.544,0.000164729638,0.000337826279,0.000569416386,-8.11776714e-05,-0.000796400482,-0.000264663416,-9.69895903e-05,-2.69645768e-05,-5.62110437e-06,1.25157242e-06,1.559357e-05,5.20729733e-05,0.000326798684,-0.000287643048,-0.000281195222,-5.31520478e-05,-2.57270103e-05,-6.34277591e-06,-8.19267835e-07,1.33134831e-06
0.545,0.000165403457,0.00033900079,0.000563818653,-5.10447816e-05,-0.000802061106,-0.000268206364,-9.96251216e-05,-2.78686441e-05,-5.79550576e-06,1.31034862e-06,1.61407563e-05,5.39968424e-05,0.000325799915,-0.000296489365,-0.000279616234,-5.5440664e-05,-2.7209333e-05,-6.91735136e-06,-9.76683059e-07,1.34117362e-06
0.546,0.000166078882,0.000340040632,0.000558273784,-2.09491709e-05,-0.000807175251,-0.000271597034,-0.000102235507,-2.87830411e-05,-5.96819071e-06,1.37929157e-06,1.67366647e-05,5.59572353e-05,0.000324322617,-0.000305690625,-0.000278157372,-5.78718397e-05,-2.87282346e-05,-7.50463014e-06,-1.15040114e-06,1.35244539e-06
0.547,0.000166748497,0.000340949105,0.000552771913,9.05147795e-06,-0.000811770862,-0.000274829222,-0.000104812691,-2.97020406e-05,-6.14311242e-06,1.45541998e-06,1.73753999e-05,5.79381248e-05,0.000322398763,-0.000315185533,-0.000276822574,-6.04398998e-05,-3.02787387e-05,-8.09757821e-06,-1.33566609e-06,1.36744128e-06
0.548,0.000167399956,0.000341745961,0.000547371696,3.88929421e-05,-0.000815854413,-0.00027788883,-0.00010735217,-3.06212547e-05,-6.32529376e-06,1.53350143e-06,1.80570992e-05,5.99397116e-05,0.000320048492,-0.000324897646,-0.000275607339,-6.31376817e-05,-3.18571967e-05,-8.68955929e-06,-1.52673706e-06,1.38908773e-06
0.549,0.000168017626,0.000342435904,0.000542059685,6.85406127e-05,-0.000819461833,-0.00028077233,-0.000109854241,-3.15373481e-05,-6.52012167e-06,1.60544833e-06,1.87748022e-05,6.19454828e-05,0.000317303413,-0.000334782543,-0.000274513821,-6.5958693e-05,-3.34578086e-05,-9.27888481e-06,-1.71806469e-06,1.41441549e-06
0.55,0.000168595599,0.00034303464,0.000536899815,9.79521198e-05,-0.000822596953,-0.000283471592,-0.000112316854,-3.24487263e-05,-6.72890483e-06,1.66574692e-06,1.95271688e-05,6.39567498e-05,0.000314184528,-0.00034477695,-0.000273539116,-6.8901303e-05,-3.50770702e-05,-9.86849304e-06,-1.90540548e-06,1.43720161e-06
0.551,0.000169135151,0.000343539422,0.000531895828,0.000127101341,-0.000825281495,-0.000285989187,-0.000114732865,-3.33544582e-05,-6.94931633e-06,1.71396699e-06,2.03069323e-05,6.596022e-05,0.000310726068,-0.000354849964,-0.00027268682,-7.19607361e-05,-3.67102106e-05,-1.0458634e-05,-2.08813898e-06,1.45368408e-06
0.552,0.000169642939,0.00034396028,0.000527117508,0.000155942855,-0.000827516806,-0.00028832208,-0.000117094841,-3.425365e-05,-7.17819987e-06,1.75261821e-06,2.11113056e-05,6.7958547e-05,0.000306950857,-0.000364943193,-0.000271955734,-7.51335334e-05,-3.83567645e-05,-1.10506814e-05,-2.26707687e-06,1.46059002e-06
0.553,0.000170130204,0.000344290413,0.000522577762,0.000184457991,-0.000829323304,-0.000290475717,-0.00011939169,-3.51450321e-05,-7.41075783e-06,1.78819479e-06,2.1933687e-05,6.99398594e-05,0.000302897431,-0.000375036648,-0.000271347153,-7.84130865e-05,-4.00115487e-05,-1.16437839e-05,-2.44352803e-06,1.45734185e-06
0.554,0.000170606869,0.000344538532,0.00051834419,0.000212635219,-0.000830709789,-0.000292450881,-0.000121613046,-3.60276963e-05,-7.64360703e-06,1.82774339e-06,2.27738482e-05,7.19014047e-05,0.000298591067,-0.000385082514,-0.000270848733,-8.17924417e-05,-4.16748608e-05,-1.22340979e-05,-2.62002823e-06,1.45039464e-06
0.555,0.000171071003,0.000344703139,0.000514415261,0.000240495697,-0.000831705563,-0.000294253078,-0.00012375256,-3.69004864e-05,-7.87706853e-06,1.87419081e-06,2.36254285e-05,7.38251125e-05,0.000294068371,-0.000395077953,-0.000270451882,-8.52587335e-05,-4.33453258e-05,-1.2815874e-05,-2.7986672e-06,1.44556126e-06
0.556,0.000171516289,0.000344798237,0.000510835396,0.000268044674,-0.000832330835,-0.000295882345,-0.000125810881,-3.77623612e-05,-8.11349181e-06,1.92655208e-06,2.44867715e-05,7.57052597e-05,0.000289354101,-0.000404981519,-0.000270145323,-8.88010662e-05,-4.50258443e-05,-1.3387816e-05,-2.98023272e-06,1.4458497e-06
0.557,0.000171929588,0.000344827331,0.000507589878,0.000295297209,-0.000832618956,-0.00029734278,-0.000127789519,-3.86126159e-05,-8.35593972e-06,1.98051199e-06,2.53511953e-05,7.75256786e-05,0.000284485884,-0.000414794681,-0.000269924312,-9.24033597e-05,-4.67161945e-05,-1.39471028e-05,-3.16550003e-06,1.45335092e-06
0.558,0.000172296553,0.000344806969,0.000504708045,0.000322253123,-0.000832600137,-0.000298633889,-0.000129698201,-3.94505388e-05,-8.60833804e-06,2.02919349e-06,2.62132329e-05,7.92832608e-05,0.000279485197,-0.000424471608,-0.000269784808,-9.60527272e-05,-4.84214847e-05,-1.44971324e-05,-3.35496868e-06,1.46447898e-06
0.559,0.000172608393,0.000344739014,0.000502176273,0.000348928409,-0.000832303101,-0.000299759718,-0.000131542442,-4.02740699e-05,-8.87188666e-06,2.06914348e-06,2.70636179e-05,8.09686303e-05,0.000274388,-0.000434017365,-0.000269729988,-9.97366944e-05,-5.01390073e-05,-1.50436975e-05,-3.5471996e-06,1.47227678e-06
0.56,0.000172865692,0.000344633433,0.000500029582,0.000375331516,-0.000831751528,-0.000300723365,-0.000133326909,-4.10825857e-05,-9.14451043e-06,2.10157879e-06,2.79000347e-05,8.25823254e-05,0.000269219057,-0.000443386934,-0.000269757418,-0.000103446289,-5.1867935e-05,-1.55939142e-05,-3.74148598e-06,1.47369739e-06
0.561,0.000173071408,0.000344488891,0.000498260703,0.000401492722,-0.000830961911,-0.000301532716,-0.000135048746,-4.18750396e-05,-9.42302575e-06,2.13082106e-06,2.87174174e-05,8.41162472e-05,0.000264015345,-0.000452595084,-0.00026986426,-0.000107170833,-5.36032309e-05,-1.61518611e-05,-3.93678974e-06,1.46730685e-06
0.562,0.000173234565,0.000344311615,0.000496901756,0.000427423276,-0.000829949715,-0.00030219406,-0.000136706286,-4.26519492e-05,-9.70263657e-06,2.16475307e-06,2.95181521e-05,8.55698074e-05,0.000258802966,-0.000461600684,-0.00027004378,-0.000110902106,-5.53416103e-05,-1.67228967e-05,-4.13198477e-06,1.45510826e-06
0.563,0.00017336014,0.000344102517,0.00049594141,0.000453112628,-0.000828727398,-0.000302717777,-0.000138289671,-4.34154615e-05,-9.9793994e-06,2.20877808e-06,3.03052397e-05,8.69361305e-05,0.000253625922,-0.000470424084,-0.00027029112,-0.000114624866,-5.70781044e-05,-1.73041914e-05,-4.3267974e-06,1.44403442e-06
0.564,0.000173448003,0.000343874823,0.00049539517,0.000478527687,-0.000827334076,-0.000303108839,-0.000139800023,-4.41695338e-05,-1.02519163e-05,2.26347612e-06,3.10817242e-05,8.8216134e-05,0.00024850979,-0.000479015751,-0.000270607158,-0.000118321462,-5.88153744e-05,-1.7894086e-05,-4.52310703e-06,1.43901382e-06
0.565,0.000173494164,0.000343637194,0.000495240916,0.000503650705,-0.000825800686,-0.000303375901,-0.000141235653,-4.49162435e-05,-1.05213381e-05,2.32640624e-06,3.18455441e-05,8.94061686e-05,0.000243490405,-0.000487396644,-0.000270991235,-0.000121973485,-6.05546145e-05,-1.84891461e-05,-4.72164752e-06,1.44175998e-06
0.566,0.000173492796,0.000343407095,0.000495482083,0.000528471342,-0.000824185059,-0.000303521551,-0.000142605768,-4.56590625e-05,-1.07893674e-05,2.39244918e-06,3.25943435e-05,9.05088796e-05,0.000238583745,-0.000495515044,-0.000271450163,-0.000125561995,-6.23016341e-05,-1.9089038e-05,-4.92495908e-06,1.45202407e-06
0.567,0.000173437718,0.000343196518,0.000496090313,0.000553010091,-0.000822521204,-0.000303554295,-0.000143915508,-4.63979233e-05,-1.10593423e-05,2.45643583e-06,3.33179083e-05,9.15254092e-05,0.000233814329,-0.00050339865,-0.000271989257,-0.000129069999,-6.40612499e-05,-1.96932614e-05,-5.1346108e-06,1.46465121e-06
0.568,0.000173328895,0.000343018138,0.000497063776,0.000577307153,-0.000820860597,-0.000303476557,-0.000145178886,-4.71320744e-05,-1.13329944e-05,2.51802374e-06,3.40071189e-05,9.24610605e-05,0.000229187919,-0.000510996952,-0.000272621487,-0.000132484789,-6.58348931e-05,-2.03081391e-05,-5.3505039e-06,1.47390545e-06
0.569,0.000173170399,0.000342877983,0.000498376312,0.000601400645,-0.00081921496,-0.000303302385,-0.000146397194,-4.78602239e-05,-1.16109438e-05,2.57887813e-06,3.4655642e-05,9.33192393e-05,0.000224730396,-0.000518347665,-0.000273350126,-0.000135796744,-6.76189615e-05,-2.09361882e-05,-5.57099018e-06,1.47792133e-06
0.57,0.000172968809,0.000342784205,0.000500022861,0.000625318656,-0.00081763333,-0.000303036999,-0.00014757943,-4.85832236e-05,-1.18928221e-05,2.64250691e-06,3.52603378e-05,9.41062597e-05,0.000220450987,-0.000525397382,-0.000274195827,-0.000138994882,-6.94085778e-05,-2.1582801e-05,-5.79546558e-06,1.47638911e-06
0.571,0.000172733817,0.000342741256,0.000501979275,0.000649089376,-0.000816123369,-0.000302700842,-0.000148722034,-4.93013462e-05,-1.21781982e-05,2.7126242e-06,3.58225907e-05,9.48261803e-05,0.00021637934,-0.000532186635,-0.000275161643,-0.000142072989,-7.11953615e-05,-2.22493483e-05,-6.02153805e-06,1.47296199e-06
0.572,0.000172472268,0.000342759116,0.000504237781,0.000672755574,-0.000814738218,-0.000302300885,-0.000149827334,-5.00200178e-05,-1.24656359e-05,2.79029267e-06,3.63490202e-05,9.54779278e-05,0.000212519603,-0.00053865732,-0.000276264483,-0.000145023688,-7.29750741e-05,-2.29378729e-05,-6.25114556e-06,1.47291111e-06
0.573,0.000172188751,0.000342850155,0.000506769392,0.000696361543,-0.000813477756,-0.000301859814,-0.000150888461,-5.07416438e-05,-1.27553335e-05,2.87420804e-06,3.68429134e-05,9.60624508e-05,0.00020888664,-0.000544851379,-0.000277506337,-0.000147840606,-7.47514616e-05,-2.36463948e-05,-6.48767153e-06,1.47790829e-06
0.574,0.000171885781,0.000343028838,0.000509555994,0.000719961896,-0.000812394733,-0.000301380048,-0.000151909641,-5.14695936e-05,-1.304733e-05,2.96312496e-06,3.73060676e-05,9.65796511e-05,0.000205467246,-0.000550700983,-0.000278919177,-0.000150514801,-7.65278395e-05,-2.43768723e-05,-6.7358771e-06,1.48689154e-06
0.575,0.000171565424,0.000343311617,0.000512562608,0.000743596313,-0.000811476801,-0.000300885658,-0.000152886417,-5.22032162e-05,-1.33424542e-05,3.05432608e-06,3.77377016e-05,9.70349115e-05,0.000202262231,-0.000556244713,-0.000280514469,-0.000153038752,-7.83139198e-05,-2.51280456e-05,-6.99990619e-06,1.49633172e-06
0.576,0.000171230466,0.000343712034,0.000515762302,0.000767307019,-0.000810778944,-0.000300375383,-0.00015382805,-5.29408265e-05,-1.36416137e-05,3.14827966e-06,3.81311337e-05,9.7435209e-05,0.000199244688,-0.000561400587,-0.000282346496,-0.000155400864,-8.01123058e-05,-2.59029184e-05,-7.28324057e-06,1.50124915e-06
0.577,0.000170888048,0.000344240528,0.000519118817,0.000791112099,-0.000810284287,-0.000299880719,-0.000154736747,-5.36764687e-05,-1.39468897e-05,3.24634301e-06,3.84813511e-05,9.77957346e-05,0.000196414641,-0.000566203192,-0.000284438723,-0.000157592789,-8.19220463e-05,-2.67024578e-05,-7.58384847e-06,1.50021547e-06
0.578,0.000170545318,0.000344903242,0.000522605776,0.000815056594,-0.000810051883,-0.000299403513,-0.00015562305,-5.44086878e-05,-1.42588587e-05,3.34995004e-06,3.87865241e-05,9.81231734e-05,0.000193744426,-0.000570561347,-0.000286851216,-0.00015960909,-8.37309965e-05,-2.75306194e-05,-7.89971256e-06,1.49531356e-06
0.579,0.00017021196,0.00034570555,0.000526191793,0.000839166225,-0.000810044144,-0.000298986292,-0.00015648783,-5.51337312e-05,-1.45789968e-05,3.46032767e-06,3.90482761e-05,9.84294593e-05,0.000191228586,-0.000574510722,-0.000289599761,-0.000161448671,-8.55329663e-05,-2.83885129e-05,-8.22725322e-06,1.49072631e-06
0.58,0.000169894384,0.000346649371,0.000529851439,0.000863481962,-0.000810312965,-0.000298631527,-0.000157338147,-5.58539686e-05,-1.49073031e-05,3.57663757e-06,3.92738757e-05,9.87162378e-05,0.000188834609,-0.000577953686,-0.000292749031,-0.000163113953,-8.73107949e-05,-2.92795357e-05,-8.56439657e-06,1.49122346e-06
0.581,0.00016959763,0.00034774256,0.00053355869,0.000887995951,-0.000810814281,-0.000298388532,-0.000158169671,-5.65714803e-05,-1.5243083e-05,3.69429844e-06,3.94773754e-05,9.89944856e-05,0.000186555043,-0.000580924834,-0.000296318515,-0.000164605877,-8.90642939e-05,-3.02040613e-05,-8.91179605e-06,1.49716525e-06
0.582,0.000169325846,0.000348991612,0.000537292067,0.000912732292,-0.00081161521,-0.000298253494,-0.000158984893,-5.72897631e-05,-1.5584438e-05,3.81099073e-06,3.96665392e-05,9.92665985e-05,0.000184343692,-0.00058331262,-0.000300393465,-0.000165927716,-9.07863908e-05,-3.11626891e-05,-9.27420001e-06,1.50542811e-06
0.583,0.000169084712,0.000350405691,0.000541031793,0.000937673715,-0.000812670064,-0.000298281691,-0.000159782118,-5.80079554e-05,-1.59302514e-05,3.92416079e-06,3.9849749e-05,9.95471131e-05,0.00018218114,-0.000585147059,-0.0003050035,-0.000167078911,-9.24842107e-05,-3.21545686e-05,-9.65543237e-06,1.51119367e-06
0.584,0.000168880937,0.000351990705,0.000544761735,0.000962861737,-0.000814054472,-0.000298465053,-0.000160565502,-5.87257712e-05,-1.62786607e-05,4.03503361e-06,4.00270595e-05,9.98391715e-05,0.00018000905,-0.000586305144,-0.000310250708,-0.000168065642,-9.41515926e-05,-3.31776976e-05,-1.00615828e-05,1.50900177e-06
0.585,0.00016872609,0.00035374867,0.000548467717,0.000988308271,-0.00081568958,-0.000298870226,-0.000161342611,-5.94356347e-05,-1.66305207e-05,4.14817864e-06,4.01921893e-05,0.000100156427,0.00017779383,-0.000586812467,-0.000316162031,-0.000168890022,-9.57942088e-05,-3.42288143e-05,-1.04947752e-05,1.49946484e-06
0.586,0.000168628296,0.000355672011,0.000552132523,0.00101407657,-0.000817622518,-0.000299491074,-0.000162127095,-6.01346105e-05,-1.69884031e-05,4.26666328e-06,4.03377095e-05,0.000100494174,0.000175471897,-0.000586539343,-0.000322837887,-0.000169570889,-9.7391597e-05,-3.53040125e-05,-1.09543009e-05,1.48714079e-06
0.587,0.000168593979,0.000357751713,0.000555743621,0.00104014999,-0.000819745516,-0.000300407958,-0.000162935795,-6.08182069e-05,-1.73554578e-05,4.39049009e-06,4.04619709e-05,0.000100861302,0.000173017405,-0.000585514111,-0.000330300441,-0.000170115478,-9.89406862e-05,-3.6400424e-05,-1.14374794e-05,1.47796338e-06
0.588,0.000168625021,0.000359971074,0.000559285837,0.00106656558,-0.000822113796,-0.000301614095,-0.000163786981,-6.14888112e-05,-1.77357683e-05,4.51624511e-06,4.05633584e-05,0.000101247376,0.000170376396,-0.000583602359,-0.000338659564,-0.000170552655,-0.00010041148,-3.75123768e-05,-1.1940314e-05,1.47880203e-06
0.589,0.000168718255,0.000362315708,0.000562755348,0.00109328169,-0.000824605505,-0.000303200579,-0.000164700993,-6.2149873e-05,-1.8130829e-05,4.63630642e-06,4.0652637e-05,0.000101652592,0.000167528675,-0.00058083567,-0.000347931099,-0.000170899172,-0.00010180337,-3.86401765e-05,-1.24597262e-05,1.49013993e-06
0.59,0.000168870187,0.000364769869,0.000566150576,0.00112033484,-0.000827271536,-0.000305148948,-0.000165688163,-6.28089571e-05,-1.85396298e-05,4.74663084e-06,4.07385135e-05,0.000102058178,0.000164417266,-0.000577076049,-0.000358232194,-0.000171199292,-0.000103096852,-3.97784347e-05,-1.2995398e-05,1.50687425e-06
0.591,0.000169078577,0.00036731786,0.000569481447,0.00114767502,-0.000829951311,-0.000307554046,-0.000166767909,-6.34689456e-05,-1.89587633e-05,4.84790418e-06,4.0829895e-05,0.000102461374,0.000161015485,-0.000572352256,-0.000369576689,-0.00017147167,-0.000104306459,-4.09250941e-05,-1.35481576e-05,1.52332959e-06
0.592,0.000169342338,0.000369940275,0.000572753949,0.00117533599,-0.000832674205,-0.000310384807,-0.000167949838,-6.41349555e-05,-1.93848482e-05,4.94536395e-06,4.09288724e-05,0.000102839689,0.000157263737,-0.000566519115,-0.000382084633,-0.000171770396,-0.00010541788,-4.20685492e-05,-1.41171192e-05,1.53389169e-06
0.593,0.000169661963,0.000372613812,0.000575981041,0.00120322764,-0.00083525413,-0.000313742742,-0.000169263449,-6.4806718e-05,-1.9814077e-05,5.04948951e-06,4.10329145e-05,0.000103191237,0.000153139624,-0.000559607291,-0.000395768219,-0.000172107633,-0.000106448491,-4.31987913e-05,-1.47004282e-05,1.5401669e-06
0.594,0.000170036611,0.000375307205,0.000579161451,0.00123134597,-0.000837760335,-0.000317594063,-0.000170734954,-6.54895369e-05,-2.02479192e-05,5.1667108e-06,4.11280973e-05,0.000103496268,0.000148605327,-0.000551477643,-0.000410761669,-0.000172535124,-0.000107367902,-4.42903761e-05,-1.52887649e-05,1.55312057e-06
0.595,0.000170456492,0.000377984759,0.00058229938,0.00125957024,-0.000840025894,-0.00032205889,-0.000172417691,-6.6191407e-05,-2.06873838e-05,5.29804381e-06,4.12056963e-05,0.000103746975,0.000143661248,-0.000542173726,-0.000427070412,-0.000173064359,-0.000108181154,-4.53289624e-05,-1.58706248e-05,1.5846085e-06
0.596,0.000170909217,0.000380606812,0.000585388856,0.00128790122,-0.000842139515,-0.000327099062,-0.000174348873,-6.69281993e-05,-2.11365229e-05,5.44085558e-06,4.12525109e-05,0.000103913215,0.000138287782,-0.000531565399,-0.000444823032,-0.000173765609,-0.000108851944,-4.62859679e-05,-1.64302687e-05,1.64678175e-06
0.597,0.000171371097,0.000383130695,0.000588430774,0.00131620707,-0.000843913357,-0.000332843964,-0.000176594009,-6.77191204e-05,-2.15966144e-05,5.58924105e-06,4.12646832e-05,0.000103976923,0.000132499958,-0.000519706895,-0.00046400986,-0.000174658794,-0.000109390061,-4.71499194e-05,-1.69519341e-05,1.74467913e-06
0.598,0.000171817224,0.00038551635,0.000591423875,0.00134448755,-0.000845439938,-0.000339235484,-0.000179185429,-6.85891023e-05,-2.20682945e-05,5.74056396e-06,4.1245102e-05,0.00010390169,0.000126297534,-0.000506473294,-0.000484752951,-0.000175835269,-0.000109768982,-4.78976993e-05,-1.74175592e-05,1.87068615e-06
0.599,0.000172225169,0.000387723067,0.000594379789,0.00137259265,-0.000846507768,-0.000346397959,-0.000182181547,-6.95595693e-05,-2.2544814e-05,5.90332906e-06,4.1198267e-05,0.000103669325,0.000119705716,-0.000491922872,-0.000507032081,-0.000177312884,-0.000110017601,-4.85184293e-05,-1.78132879e-05,2.01794093e-06
0.6,0.000172577129,0.000389711248,0.000597301375,0.00140051738,-0.000847240031,-0.000354254431,-0.000185608674,-7.06554637e-05,-2.30226331e-05,6.08861876e-06,4.11250374e-05,0.00010324873,0.000112745366,-0.000475942691,-0.000530972853,-0.00017918427,-0.000110115032,-4.89803505e-05,-1.81203505e-05,2.17942479e-06
0.601,0.000172860048,0.000391441486,0.000600200328,0.00142811096,-0.00084741989,-0.000362933939,-0.000189527072,-7.18980561e-05,-2.34907113e-05,6.31604439e-06,4.10224855e-05,0.000102625819,0.000105457618,-0.000458599803,-0.000556550092,-0.000181452064,-0.000110096823,-4.92634469e-05,-1.83242622e-05,2.35623977e-06
0.602,0.000173066314,0.000392871798,0.000603067147,0.00145539437,-0.000847157256,-0.000372355336,-0.000193967608,-7.33149385e-05,-2.3944743e-05,6.59945821e-06,4.08706023e-05,0.000101770818,9.78779741e-05,-0.000439783468,-0.000583879079,-0.000184209736,-0.000109942028,-4.93180094e-05,-1.84067345e-05,2.56417247e-06
0.603,0.000173177449,0.000393958832,0.000605884791,0.00148221391,-0.000846178364,-0.00038266117,-0.000199011385,-7.49326464e-05,-2.4379284e-05,6.94627862e-06,4.06450022e-05,0.000100666969,9.00548098e-05,-0.000419559709,-0.000612916711,-0.000187448983,-0.000109687386,-4.91154589e-05,-1.83506022e-05,2.81833397e-06
0.604,0.0001731704,0.000394657836,0.000608619625,0.00150857722,-0.000844597031,-0.000393758158,-0.00020469894,-7.67862461e-05,-2.47952734e-05,7.35497125e-06,4.03218379e-05,9.92900919e-05,8.20460065e-05,-0.000397823529,-0.000643777922,-0.000191267112,-0.000109311003,-4.8607555e-05,-1.81349444e-05,3.12991601e-06
0.605,0.00017301558,0.000394925087,0.000611236643,0.00153430572,-0.000842128068,-0.000405789977,-0.000211119595,-7.8905265e-05,-2.51908638e-05,7.82135015e-06,3.98763218e-05,9.76309149e-05,7.39118743e-05,-0.000374640443,-0.000676424009,-0.000195641618,-0.000108852808,-4.77734894e-05,-1.7740129e-05,3.50345017e-06
0.606,0.00017268394,0.000394711008,0.000613704081,0.00155940081,-0.000838907954,-0.000418637268,-0.00021830934,-8.13192189e-05,-2.55741819e-05,8.34720445e-06,3.92984607e-05,9.56792175e-05,6.57290064e-05,-0.000349916116,-0.000710987536,-0.000200682475,-0.000108294242,-4.65865904e-05,-1.71433892e-05,3.92207926e-06
0.607,0.000172162245,0.000393970004,0.000616009136,0.00158368386,-0.000834611175,-0.000432428641,-0.000226338415,-8.4044463e-05,-2.59420883e-05,8.94442612e-06,3.85876676e-05,9.34380768e-05,5.75726429e-05,-0.000323722302,-0.000747441124,-0.000206365468,-0.000107674421,-4.50486868e-05,-1.63221623e-05,4.37387492e-06
0.608,0.000171443229,0.000392651633,0.000618138591,0.00160716205,-0.000829334583,-0.000447030101,-0.000235212589,-8.71025847e-05,-2.62968472e-05,9.62787523e-06,3.77471442e-05,9.09049488e-05,4.95406323e-05,-0.000295971652,-0.000785921697,-0.000212818569,-0.000106973754,-4.31466339e-05,-1.52637323e-05,4.84393246e-06
0.609,0.000170538789,0.000390717235,0.000620091424,0.00162964498,-0.000822671481,-0.000462566201,-0.000244974436,-9.04974621e-05,-2.66287021e-05,1.04145398e-05,3.67821658e-05,8.80867892e-05,4.17141878e-05,-0.000266730068,-0.000826398533,-0.000220015227,-0.000106228359,-4.08928339e-05,-1.39557842e-05,5.32898046e-06
0.61,0.000169454484,0.000388131178,0.000621852525,0.00165110082,-0.00081475854,-0.000478903689,-0.000255595609,-9.4249152e-05,-2.69287915e-05,1.13079497e-05,3.56923599e-05,8.49870194e-05,3.42142053e-05,-0.000235930034,-0.000869017029,-0.000228085496,-0.00010541089,-3.82805755e-05,-1.24081241e-05,5.82875217e-06
0.611,0.000168207051,0.000384886373,0.00062340637,0.00167131258,-0.000805268789,-0.000496183322,-0.000267094476,-9.83560783e-05,-2.71798481e-05,1.22972994e-05,3.44647493e-05,8.16230351e-05,2.71228207e-05,-0.000203642145,-0.000913781735,-0.000236966059,-0.000104548554,-3.5323115e-05,-1.06322817e-05,6.34762771e-06
0.612,0.000166804258,0.000380971038,0.000624737825,0.00169024777,-0.00079443658,-0.000514277165,-0.000279421496,-0.000102819583,-2.73782196e-05,1.33720104e-05,3.30850005e-05,7.80140449e-05,2.05548798e-05,-0.000169811936,-0.000960890934,-0.000246790448,-0.000103617745,-3.20344864e-05,-8.66798042e-06,6.87102734e-06
0.613,0.000165269437,0.000376407904,0.000625842871,0.00170771721,-0.000781941157,-0.000533326152,-0.000292576444,-0.000107606705,-2.75182779e-05,1.45090619e-05,3.15377003e-05,7.41928199e-05,1.45702891e-05,-0.000134498438,-0.00101040232,-0.000257485709,-0.000102641738,-2.84509468e-05,-6.5507349e-06,7.38718722e-06
0.614,0.000163607985,0.000371210762,0.000626722343,0.00172370661,-0.000767998312,-0.000553202216,-0.000306486484,-0.000112687104,-2.76074855e-05,1.56858635e-05,2.98184201e-05,7.01959716e-05,9.26595189e-06,-9.76377696e-05,-0.00106255563,-0.000269217261,-0.000101607028,-2.46228698e-05,-4.35350505e-06,7.8613244e-06
0.615,0.000161847309,0.000365434763,0.000627400928,0.0017380461,-0.000752199594,-0.000574035019,-0.000321119879,-0.000117992116,-2.76498518e-05,1.68697164e-05,2.79346172e-05,6.60734399e-05,4.66947266e-06,-5.92410409e-05,-0.00111741227,-0.000281925524,-0.000100538554,-2.06160029e-05,-2.14308524e-06,8.26989427e-06
0.616,0.000159993454,0.000359125839,0.000627908445,0.00175069795,-0.000734793572,-0.000595694781,-0.000336367972,-0.000123457043,-2.76594798e-05,1.80284706e-05,2.59030647e-05,6.18899933e-05,8.54067599e-07,-1.92241173e-05,-0.00117516464,-0.00029580319,-9.94328233e-05,-1.65084355e-05,-2.8843167e-08,8.58240539e-06
0.617,0.000158069623,0.000352382019,0.000628303816,0.00176149,-0.000715463033,-0.000618314758,-0.000352160381,-0.000128988256,-2.76495851e-05,1.91165559e-05,2.37572759e-05,5.77220499e-05,-2.17853645e-06,2.24404026e-05,-0.00123574764,-0.000310776581,-9.82964738e-05,-1.2378391e-05,1.89521074e-06,8.79188428e-06
0.618,0.000156082899,0.000345286292,0.000628657593,0.00177037682,-0.000694595674,-0.000641785998,-0.000368353563,-0.000134486013,-2.76502453e-05,2.01044601e-05,2.15413207e-05,5.36663272e-05,-4.3821302e-06,6.5866767e-05,-0.00129909819,-0.000327057607,-9.71289249e-05,-8.31936933e-06,3.50043809e-06,8.89728097e-06
0.619,0.000154042304,0.000337974218,0.000629072665,0.00177720429,-0.000671961728,-0.000666257363,-0.000384847359,-0.000139835457,-2.77051337e-05,2.09553242e-05,1.93246246e-05,4.98115429e-05,-5.77949896e-06,0.000111132765,-0.00136468716,-0.000344578568,-9.59069668e-05,-4.41966014e-06,4.69213054e-06,8.92447057e-06
0.62,0.000151934485,0.000330566528,0.000629647956,0.0017819124,-0.000648091458,-0.000691656064,-0.000401468936,-0.000144917802,-2.7864385e-05,2.16408169e-05,1.72032238e-05,4.62655209e-05,-6.32747498e-06,0.000158362969,-0.00143174233,-0.000363579601,-9.46188549e-05,-7.94021554e-07,5.36617731e-06,8.90181782e-06
0.621,0.000149741479,0.000323237503,0.000630519964,0.00178435662,-0.000622890063,-0.000718161678,-0.000418076253,-0.000149631337,-2.81855848e-05,2.21355542e-05,1.52926178e-05,4.31057285e-05,-6.04911407e-06,0.000207632952,-0.00149875027,-0.000383978923,-9.32061469e-05,2.46045097e-06,5.45745965e-06,8.87011209e-06
0.622,0.000147446679,0.000316136866,0.000631814222,0.00178446057,-0.000597093799,-0.000745752432,-0.000434455417,-0.000153864675,-2.8714582e-05,2.24227205e-05,1.37339166e-05,4.04362925e-05,-4.88963398e-06,0.000258985056,-0.00156371447,-0.000405979218,-9.16563957e-05,5.22914621e-06,4.92328187e-06,8.8724067e-06
0.623,0.000145037199,0.000309457666,0.000633704101,0.00178211474,-0.000570747756,-0.000774650407,-0.000450416081,-0.000157561873,-2.94946238e-05,2.2511284e-05,1.26476736e-05,3.83021837e-05,-2.86898888e-06,0.000312349022,-0.00162374772,-0.00042938958,-8.98954014e-05,7.43609209e-06,3.74969703e-06,8.94013383e-06
0.624,0.000142534555,0.000303349142,0.000636348503,0.00177725694,-0.000544595191,-0.000804888881,-0.000465704816,-0.000160643242,-3.0541442e-05,2.24150227e-05,1.21623491e-05,3.67799431e-05,6.77519397e-08,0.000367555974,-0.00167547123,-0.000454272993,-8.79512052e-05,9.0078578e-06,1.9811505e-06,9.11301313e-06
0.625,0.000139964398,0.000297981991,0.000639960981,0.00176982168,-0.000518442319,-0.000836695689,-0.000480100618,-0.000163114421,-3.18676542e-05,2.22030166e-05,1.23222422e-05,3.58416099e-05,3.87360592e-06,0.0004242716,-0.00171479016,-0.000480254858,-8.57883937e-05,9.91772337e-06,-3.36923384e-07,9.39317749e-06
0.626,0.000137392004,0.000293466289,0.00064470781,0.00175972584,-0.000492727545,-0.000870092071,-0.000493347548,-0.000164937388,-3.34507122e-05,2.19169591e-05,1.31710932e-05,3.55012855e-05,8.59846526e-06,0.000481980307,-0.0017375456,-0.000507159358,-8.35066165e-05,1.01527113e-05,-3.05837023e-06,9.78846795e-06
0.627,0.000134878514,0.000289920661,0.000650806932,0.00174692911,-0.000466886094,-0.00090521719,-0.000505238444,-0.000166184231,-3.52547919e-05,2.16658853e-05,1.46213709e-05,3.56287804e-05,1.41775961e-05,0.000539954642,-0.00173958158,-0.000534315844,-8.11119361e-05,9.73990112e-06,-6.07986e-06,1.02541727e-05
0.628,0.000132515243,0.000287392894,0.000658364747,0.0017313414,-0.000441006015,-0.000941992498,-0.000515585581,-0.000166851496,-3.72252452e-05,2.14993264e-05,1.65878824e-05,3.61653945e-05,2.066627e-05,0.000597294698,-0.00171760652,-0.000561233775,-7.87708298e-05,8.73716798e-06,-9.17948178e-06,1.07578353e-05
0.629,0.000130366963,0.000285933831,0.00066751087,0.00171300996,-0.000414127541,-0.000980374721,-0.000524291292,-0.000167065939,-3.9277697e-05,2.15121924e-05,1.88714779e-05,3.68786913e-05,2.80062916e-05,0.000652962404,-0.00166935111,-0.000586962423,-7.64955686e-05,7.21793946e-06,-1.22182167e-05,1.12364427e-05
0.63,0.000128508514,0.000285534147,0.000678189824,0.00169190598,-0.00038595881,-0.00102011062,-0.000531324256,-0.00016683803,-4.13511194e-05,2.17464234e-05,2.12704792e-05,3.7667618e-05,3.62491066e-05,0.000705904133,-0.00159437064,-0.000610802841,-7.45155406e-05,5.31177251e-06,-1.49804097e-05,1.16437845e-05
0.631,0.000126908164,0.000286190672,0.000690303893,0.00166822281,-0.000355241366,-0.00106090402,-0.000536814103,-0.000166335442,-4.33473396e-05,2.21922069e-05,2.35844539e-05,3.82536023e-05,4.53624596e-05,0.000755100654,-0.00149384292,-0.000631723874,-7.27876225e-05,3.11535048e-06,-1.73219851e-05,1.19641509e-05
0.632,0.000125539546,0.000287879713,0.000703553666,0.00164202295,-0.000321654557,-0.00110228915,-0.00054091614,-0.00016558106,-4.5222732e-05,2.28575671e-05,2.5570139e-05,3.8564621e-05,5.53743257e-05,0.000799665532,-0.0013711405,-0.000649042325,-7.15842121e-05,8.04713388e-07,-1.91456886e-05,1.21745995e-05
0.633,0.000124048911,0.000290583794,0.000717433567,0.00161368297,-0.000284398992,-0.00114374415,-0.000544120072,-0.000164809594,-4.69703677e-05,2.34553761e-05,2.71818591e-05,3.84146488e-05,6.63102033e-05,0.000838930655,-0.00123096784,-0.000661851942,-7.07041931e-05,-1.5168189e-06,-2.03234653e-05,1.23689128e-05
0.634,0.000122137816,0.000294287308,0.000731356269,0.00158334031,-0.000243644799,-0.00118478521,-0.000546710678,-0.000164183919,-4.85547722e-05,2.38191506e-05,2.82409894e-05,3.77487634e-05,7.82458802e-05,0.000872305621,-0.00107958796,-0.000669914925,-7.03462909e-05,-3.76646952e-06,-2.09375947e-05,1.25497223e-05
0.635,0.000120199301,0.000298715118,0.00074528914,0.00155152134,-0.000198607825,-0.00122479034,-0.000548947557,-0.000163690577,-4.99715107e-05,2.41273225e-05,2.84303674e-05,3.6628115e-05,9.08733401e-05,0.000899643673,-0.000923754394,-0.000672793535,-7.04060666e-05,-6.00081161e-06,-2.10252891e-05,1.25856228e-05
0.636,0.000118250497,0.00030375409,0.00075879264,0.00151848335,-0.000149752896,-0.00126325159,-0.000551043245,-0.000163394464,-5.1197936e-05,2.43855391e-05,2.77878208e-05,3.51780044e-05,0.000104224076,0.000921049485,-0.000770359583,-0.000670614684,-7.10123915e-05,-8.2288467e-06,-2.06713546e-05,1.2489374e-05
0.637,0.000116314719,0.000309205341,0.000771550689,0.001484868,-9.68663068e-05,-0.0012996215,-0.00055338632,-0.000163381527,-5.23193881e-05,2.45181323e-05,2.63695692e-05,3.35792025e-05,0.000118065629,0.000936893267,-0.000625206323,-0.000663431205,-7.19076014e-05,-1.04825071e-05,-1.99766857e-05,1.2324713e-05
0.638,0.000114502895,0.000314858484,0.000783243967,0.00145082532,-4.07834575e-05,-0.0013335975,-0.000556079549,-0.000163741754,-5.33432618e-05,2.45656403e-05,2.43569623e-05,3.20186283e-05,0.000132437559,0.000947635234,-0.000493222334,-0.000651902711,-7.31513377e-05,-1.28974395e-05,-1.9074872e-05,1.20979641e-05
0.639,0.000112818155,0.000320570831,0.000793638842,0.0014170136,1.83862569e-05,-0.00136479748,-0.000559337998,-0.000164569149,-5.43428983e-05,2.44857244e-05,2.19806122e-05,3.07115896e-05,0.000147111127,0.00095393511,-0.00037739451,-0.000636510842,-7.44596353e-05,-1.5492352e-05,-1.81216818e-05,1.19240376e-05
0.64,0.000111354915,0.000326123178,0.00080253547,0.00138343469,7.96156014e-05,-0.00139318905,-0.000563162177,-0.000165954934,-5.5378278e-05,2.43184398e-05,1.94534121e-05,2.98623724e-05,0.000162094962,0.000956382691,-0.000279466701,-0.000618244839,-7.59341387e-05,-1.84465112e-05,-1.73062994e-05,1.17968973e-05
0.641,0.000110140233,0.000331427662,0.000809877964,0.00135070506,0.000142883977,-0.00141856152,-0.000567547827,-0.000167963536,-5.65069806e-05,2.40880264e-05,1.70106271e-05,2.96325056e-05,0.00017712709,0.00095561626,-0.000199225331,-0.000597762336,-7.73503495e-05,-2.1774101e-05,-1.67877741e-05,1.17822019e-05
0.642,0.000109210959,0.000336316259,0.000815596388,0.00131864534,0.000207252512,-0.00144106713,-0.000572408039,-0.000170639066,-5.78345606e-05,2.38200341e-05,1.48123085e-05,3.01838355e-05,0.000192182835,0.000952100443,-0.000135688036,-0.000576049234,-7.8904413e-05,-2.56655366e-05,-1.6763673e-05,1.18397407e-05
0.643,0.000108597887,0.000340759407,0.000819811372,0.00128781064,0.000272829275,-0.00146055836,-0.000577556583,-0.000173988752,-5.94019663e-05,2.35670497e-05,1.30124857e-05,3.15802162e-05,0.000206999925,0.000946265688,-8.65354424e-05,-0.000553650506,-8.04294629e-05,-3.01181287e-05,-1.7339723e-05,1.19673815e-05
0.644,0.000108289586,0.000344659382,0.000822558019,0.00125785924,0.00033869221,-0.00147728737,-0.000582861766,-0.000177997282,-6.13176338e-05,2.33357004e-05,1.16916454e-05,3.39100016e-05,0.000221564395,0.000938379746,-4.95035425e-05,-0.000531335788,-8.21954779e-05,-3.53029179e-05,-1.86655961e-05,1.21094861e-05
0.645,0.000108296795,0.000348044337,0.000824063621,0.00122932815,0.000405002284,-0.00149112472,-0.0005880461,-0.000182625905,-6.35921802e-05,2.3167417e-05,1.09045648e-05,3.71313403e-05,0.000235661932,0.000928668654,-2.16277069e-05,-0.000509428365,-8.40480308e-05,-4.11607627e-05,-2.07579674e-05,1.22419833e-05
0.646,0.000108566508,0.000350883622,0.000824392801,0.00120176293,0.000470952435,-0.0015023932,-0.000593014579,-0.00018782585,-6.62988598e-05,2.30474813e-05,1.06542655e-05,4.12484888e-05,0.000249294962,0.000917225657,-6.69885911e-07,-0.000488403413,-8.63132617e-05,-4.78290398e-05,-2.36938238e-05,1.23145549e-05
0.647,0.000109067216,0.000353253494,0.000823797877,0.00117570736,0.000536866367,-0.00151091975,-0.000597485768,-0.000193534675,-6.94191931e-05,2.29874106e-05,1.09083316e-05,4.61246368e-05,0.000262293032,0.000904111289,1.59597379e-05,-0.000468337811,-8.88192397e-05,-5.51836225e-05,-2.73989566e-05,1.23104055e-05
0.648,0.00010971262,0.000355175633,0.000822321554,0.00115063263,0.000601995075,-0.00151702973,-0.000601450203,-0.000199686122,-7.29847758e-05,2.29570695e-05,1.16266525e-05,5.17076807e-05,0.000274676272,0.000889333466,2.97431521e-05,-0.000449469916,-9.19387527e-05,-6.33441267e-05,-3.18860123e-05,1.21832133e-05
0.649,0.000110452355,0.00035676131,0.000820236447,0.00112713637,0.000666701883,-0.00152047137,-0.00060462863,-0.000206201991,-7.6957528e-05,2.29426626e-05,1.27367762e-05,5.78186235e-05,0.000286326993,0.000872900893,4.25410369e-05,-0.000431749777,-9.54630687e-05,-7.21313288e-05,-3.70116167e-05,1.19361076e-05
0.65,0.000111206252,0.00035805799,0.000817561707,0.00110467278,0.000730227123,-0.00152157744,-0.000607100067,-0.000213008321,-8.13289646e-05,2.29151324e-05,1.41932096e-05,6.4390534e-05,0.000297272135,0.000854820515,5.50101043e-05,-0.000415285926,-9.98222434e-05,-8.16685611e-05,-4.27560679e-05,1.15264539e-05
0.651,0.00011195189,0.000359186969,0.000814609988,0.00108392446,0.000793033409,-0.0015200298,-0.000608567363,-0.000220022298,-8.60467617e-05,2.28538615e-05,1.59174628e-05,7.12435182e-05,0.000307427368,0.000835100963,6.84241084e-05,-0.000399979063,-0.000104767597,-9.17327373e-05,-4.89362477e-05,1.09827351e-05
0.652,0.000112642677,0.000360180638,0.000811353961,0.00106431657,0.000854428741,-0.00151617004,-0.000609216936,-0.000227184501,-9.10640645e-05,2.2752957e-05,1.7867141e-05,7.83062425e-05,0.000316794486,0.000813751662,8.28321121e-05,-0.000385841844,-0.000110791569,-0.000102459937,-5.55309856e-05,1.02751544e-05
0.653,0.000113286432,0.000361145342,0.000808111233,0.00104656787,0.000914958217,-0.00150959728,-0.000608750724,-0.000234435032,-9.63270428e-05,2.26004933e-05,1.99649691e-05,8.54098779e-05,0.00032530618,0.000790795764,9.91563689e-05,-0.000372756715,-0.000117583501,-0.000113573935,-6.2335172e-05,9.46456979e-06
0.654,0.000113855252,0.000362075788,0.000804762633,0.00103003998,0.000973817036,-0.00150069025,-0.000607497178,-0.000241752897,-0.000101765901,2.24214924e-05,2.21740473e-05,9.24863027e-05,0.000332954434,0.000766296407,0.000117037352,-0.000360720569,-0.000125673174,-0.000125211081,-6.93413994e-05,8.547037e-06
0.655,0.000114359324,0.000363065185,0.000801592091,0.00101547372,0.00103152528,-0.00148903565,-0.00060518015,-0.000249125482,-0.000107351216,2.220632e-05,2.44192254e-05,9.93956228e-05,0.000339699866,0.000740349004,0.000137266115,-0.000349670233,-0.000134667947,-0.000137018469,-7.63338152e-05,7.61783052e-06
0.656,0.000114765077,0.000364071644,0.000798380837,0.00100220033,0.00108722997,-0.00147508068,-0.000602273226,-0.000256565887,-0.000113015188,2.19935657e-05,2.66613763e-05,0.000106074565,0.000345503438,0.000713046625,0.000159252919,-0.000339595316,-0.000145165724,-0.000149159338,-8.33325827e-05,6.6784767e-06
0.657,0.000115078434,0.000365178116,0.000795392369,0.000990997221,0.00114158287,-0.00145836998,-0.000598491177,-0.000264101451,-0.000118770261,2.17623076e-05,2.88313124e-05,0.00011241735,0.00035032954,0.000684518604,0.000183789158,-0.000330447562,-0.000156714155,-0.000161232053,-9.01186571e-05,5.82682966e-06
0.658,0.000115264802,0.000366300669,0.000792338219,0.000981182852,0.00119375653,-0.0014393388,-0.000594409912,-0.000271755335,-0.00012455155,2.15604202e-05,3.0892642e-05,0.000118359172,0.000354093215,0.000654838291,0.000210108396,-0.000322170224,-0.000170004445,-0.000173471911,-9.67388241e-05,5.04396635e-06
0.659,0.000115343926,0.000367500752,0.000789485459,0.000973546504,0.00124448716,-0.00141744089,-0.000589685685,-0.000279591644,-0.000130403899,2.1362444e-05,3.28040724e-05,0.0001238257,0.000356779669,0.000624164449,0.000239034347,-0.000314716967,-0.000184503839,-0.000185445523,-0.000102961364,4.41427946e-06
0.66,0.000115292739,0.000368645074,0.000786483818,0.000967367063,0.0012928228,-0.00139313182,-0.000584983906,-0.000287648897,-0.000136246256,2.12367755e-05,3.45395768e-05,0.000128743122,0.000358296624,0.000592581689,0.000269635792,-0.000308033187,-0.00020095911,-0.000197450568,-0.000108845643,3.91807214e-06
0.661,0.000115137,0.00036976776,0.000783580396,0.000963395438,0.00133952182,-0.00136585555,-0.000579918908,-0.00029605602,-0.000142156906,2.1152718e-05,3.60826774e-05,0.000133065569,0.000358674632,0.000560316581,0.000302818562,-0.000302092481,-0.000218723878,-0.000208992598,-0.00011414711,3.64445534e-06
0.662,0.00011484866,0.000370694486,0.000780344425,0.000960847344,0.00138352073,-0.00133610973,-0.000575272078,-0.000304876767,-0.000148040991,2.11893839e-05,3.73899212e-05,0.00013670197,0.000357806965,0.000527455198,0.000337523373,-0.000296817434,-0.000238601359,-0.000220420185,-0.000118941093,3.59533707e-06
0.663,0.000114428915,0.000371437843,0.000776977814,0.000960408117,0.00142561093,-0.00130331569,-0.00057062937,-0.00031430908,-0.000154035705,2.12963065e-05,3.84474134e-05,0.000139643367,0.000355753288,0.000494296448,0.000374740931,-0.000292162572,-0.000259847805,-0.00023116879,-0.000122988946,3.86364951e-06
0.664,0.000113839166,0.000371805327,0.000773000545,0.00096127337,0.00146458328,-0.00126796782,-0.000566847594,-0.000324402415,-0.000160034326,2.15582447e-05,3.91912473e-05,0.00014179507,0.00035238523,0.000460920655,0.000413255484,-0.000288040533,-0.000283349398,-0.000241653932,-0.000126381816,4.46487025e-06
0.665,0.000113058148,0.000371791272,0.000768596779,0.000964081892,0.00150123706,-0.00122949196,-0.000563438341,-0.000335396079,-0.000166236317,2.19141221e-05,3.96293251e-05,0.000143196888,0.000347802467,0.000427720719,0.000454122514,-0.000284408054,-0.0003082758,-0.000251255305,-0.000128890244,5.46774508e-06
0.666,0.000112063483,0.00037120198,0.000763301654,0.000968063261,0.00153425305,-0.00118841316,-0.000561269185,-0.000347282092,-0.000172495586,2.24698693e-05,3.97114215e-05,0.000143752239,0.000341884104,0.000394773255,0.000495980171,-0.000281215642,-0.000335582638,-0.000260472786,-0.000130596179,6.88716612e-06
0.667,0.000110831804,0.000370000011,0.000757297835,0.000973774255,0.00156454718,-0.00114421002,-0.000559767787,-0.000360348399,-0.000179057023,2.31654383e-05,3.94878662e-05,0.000143527608,0.000334787543,0.000362545871,0.000539980826,-0.000278395872,-0.000364338128,-0.000268644751,-0.000131273437,8.75206597e-06
0.668,0.000109371512,0.000368002051,0.000750150272,0.000980451731,0.00159075589,-0.00109740173,-0.000559816955,-0.000374533168,-0.000185716968,2.4122699e-05,3.89183349e-05,0.000142408673,0.000326410632,0.000331072776,0.000584651465,-0.000275904642,-0.000395535832,-0.000276352693,-0.000130979709,1.10950188e-05
0.669,0.000107652077,0.000365135194,0.000742010951,0.000988497301,0.00161388487,-0.00104754689,-0.000560804982,-0.000390201926,-0.000192771916,2.52725106e-05,3.80775919e-05,0.000140483613,0.000316977799,0.000300905904,0.000631225606,-0.000273625429,-0.000428123755,-0.000282877169,-0.000129511777,1.39211518e-05
0.67,0.000105702723,0.000361258538,0.000732474921,0.000997158344,0.00163246804,-0.000995180168,-0.000563653391,-0.000407231825,-0.000199971372,2.67371505e-05,3.69076357e-05,0.000137646934,0.000306410224,0.000272068883,0.000678123551,-0.000271566252,-0.000463107026,-0.000288838565,-0.000126911483,1.73138608e-05
0.671,0.000103458111,0.000356282773,0.00072165157,0.00100669545,0.00164762019,-0.000939978112,-0.00056772382,-0.000426039658,-0.000207675207,2.84428164e-05,3.54887138e-05,0.000134029805,0.000294975348,0.00024521023,0.000726646913,-0.000269587032,-0.000499358355,-0.000293459196,-0.000123035825,2.12419439e-05
0.672,0.000100961756,0.00035014089,0.000709219981,0.00101644508,0.00165786512,-0.000882411083,-0.000573919513,-0.000446379815,-0.000215574599,3.05221032e-05,3.37621732e-05,0.00012955436,0.000282607019,0.000220321575,0.000775156802,-0.000267790401,-0.000537907253,-0.000297401676,-0.000117906261,2.58133657e-05
0.673,9.81159966e-05,0.000342736583,0.000695271624,0.00102655342,0.00166452225,-0.000822168887,-0.000581531554,-0.000468671829,-0.000224058198,3.29227903e-05,3.18349616e-05,0.000124382632,0.00026960177,0.000198082634,0.000825042935,-0.000265994953,-0.000577601324,-0.000299882405,-0.000111451399,3.09146797e-05
0.674,9.50053852e-05,0.000334084987,0.000679640767,0.00103648226,0.0016661347,-0.000759522897,-0.000591365452,-0.000492513379,-0.000232719337,3.57943037e-05,2.96964443e-05,0.000118450838,0.000255934444,0.000178402499,0.000874660184,-0.000264417293,-0.000619451612,-0.000301616476,-0.000103644032,3.6645441e-05
0.675,9.15478459e-05,0.000324085703,0.000662406773,0.00104622583,0.00166416632,-0.00069421608,-0.000602658331,-0.000518337846,-0.000241929881,3.91086233e-05,2.74918774e-05,0.000111934275,0.000241974147,0.000161962249,0.000925469477,-0.000262870146,-0.000662243682,-0.000301829782,-9.44832617e-05,4.28149796e-05
0.676,8.78835295e-05,0.000312844642,0.000643580707,0.00105536271,0.00165712431,-0.000626365541,-0.000616143143,-0.000545610833,-0.000251193649,4.30086502e-05,2.52513498e-05,0.000104791896,0.000227764972,0.000148609045,0.000975860962,-0.000261769033,-0.000706900341,-0.000301230662,-8.39004584e-05,4.95270814e-05
0.677,8.39592872e-05,0.0003002843,0.000623193439,0.00106372138,0.00164657581,-0.00055580467,-0.000631087034,-0.000574782277,-0.000260853235,4.74831494e-05,2.31172138e-05,9.72293295e-05,0.000213743083,0.000139007891,0.00102738791,-0.000260970418,-0.000752169072,-0.000299056342,-7.20003887e-05,5.65374685e-05
0.678,7.9923481e-05,0.000286623357,0.000601436001,0.00107104314,0.00163097232,-0.000482417585,-0.000648155394,-0.000605167384,-0.000270359767,5.26655349e-05,2.11286551e-05,8.92584267e-05,0.000199981703,0.000132956518,0.00107853148,-0.00026116377,-0.000798911545,-0.000295948415,-5.87275112e-05,6.39389269e-05
0.679,7.57388744e-05,0.00027185083,0.000578284694,0.00107707432,0.00161197051,-0.000406069742,-0.000666623248,-0.000637148589,-0.000279973938,5.8576862e-05,1.94142678e-05,8.11492084e-05,0.00018694295,0.000131055114,0.00113093679,-0.00026231133,-0.000845933247,-0.000291185973,-4.43209039e-05,7.14292871e-05
0.68,7.15268331e-05,0.000256300365,0.000554163643,0.0010818032,0.00158797618,-0.00032644428,-0.000686995999,-0.000669854183,-0.000289085864,6.53404033e-05,1.80333242e-05,7.29724833e-05,0.000174696923,0.000133054863,0.00118319839,-0.000265470706,-0.000894062267,-0.000285292389,-2.87792587e-05,7.90363586e-05
0.681,6.73023803e-05,0.000240045587,0.00052903213,0.00108497311,0.00156077331,-0.000243599355,-0.000708527785,-0.000703533597,-0.000297780095,7.29826319e-05,1.71066272e-05,6.50767603e-05,0.000163724886,0.000139444188,0.00123705992,-0.000270749115,-0.000942205763,-0.000277619018,-1.24573149e-05,8.64024018e-05
0.682,6.31454896e-05,0.00022349156,0.000503581757,0.00108680708,0.00152876324,-0.000157213467,-0.000731570779,-0.000737198652,-0.000305401949,8.15502269e-05,1.66943591e-05,5.75467389e-05,0.000154080877,0.000149905565,0.00129131185,-0.000279487841,-0.000991174446,-0.000268541397,4.55108467e-06,9.34259496e-05
0.683,5.91425774e-05,0.00020679122,0.000477730567,0.00108704239,0.00149381501,-6.77118154e-05,-0.000755478202,-0.000770956927,-0.000311840462,9.1008768e-05,1.68693299e-05,5.08179799e-05,0.000146254043,0.000164775044,0.00134787344,-0.000291594654,-0.00104005883,-0.0002575273,2.17848427e-05,9.97197612e-05
0.684,5.52549809e-05,0.000190372342,0.000452382544,0.00108608991,0.00145424039,2.49686442e-05,-0.000780546498,-0.000803801475,-0.00031649631,0.000101272689,1.76539554e-05,4.49517641e-05,0.000140261515,0.0001836843,0.0014058074,-0.000308119589,-0.00108971242,-0.000244784254,3.89719067e-05,0.000105007606
0.685,5.16153263e-05,0.000174465593,0.000427364841,0.00108373435,0.00141190634,0.000119764605,-0.00080637512,-0.000835611985,-0.000319108644,0.000112234129,1.90635823e-05,4.05131663e-05,0.000136567587,0.000206873884,0.0014671943,-0.000327784639,-0.00113953397,-0.000229896152,5.55433765e-05,0.000108954323
0.686,4.80113115e-05,0.000159479759,0.000403746856,0.00108063049,0.00136507822,0.000216205497,-0.000833252782,-0.000865385495,-0.00031923411,0.000123675733,2.10498211e-05,3.75180608e-05,0.000135067406,0.000233963514,0.00153129409,-0.000350066549,-0.00119048882,-0.000212887004,7.09750966e-05,0.000111133823
0.687,4.46444997e-05,0.00014568701,0.000381297673,0.00107671451,0.00131574098,0.00031257505,-0.00086110714,-0.000892638637,-0.000316491376,0.000135407003,2.35652238e-05,3.66360631e-05,0.000136114204,0.000265112539,0.00160013496,-0.000370732651,-0.00124237698,-0.00019348537,8.46724699e-05,0.00011138382
0.688,4.11921709e-05,0.00013340334,0.000361217381,0.00107291785,0.00126223784,0.000408127688,-0.000890252337,-0.000916440254,-0.000310676509,0.000147090567,2.64150168e-05,3.77432942e-05,0.00013936839,0.000299839938,0.00167289811,-0.000385787502,-0.00129619121,-0.000171657244,9.59019928e-05,0.000109194201
0.689,3.79163436e-05,0.000122843881,0.00034323017,0.00106926557,0.00120669458,0.000501054599,-0.000921025556,-0.000935947942,-0.000301364727,0.0001584113,2.95086125e-05,4.14323593e-05,0.000145069199,0.000338129748,0.00175106729,-0.000386100525,-0.00135196179,-0.000147432677,0.00010427273,0.000104655036
0.69,3.45120234e-05,0.000114149713,0.00032853765,0.00106688647,0.00114741249,0.000591126578,-0.000953814039,-0.000950472181,-0.000288721991,0.000169037739,3.25414375e-05,4.73442745e-05,0.000152657986,0.000379334333,0.00183316761,-0.000363003043,-0.00141022547,-0.000120927607,0.000108993438,9.72901657e-05
0.691,3.11555828e-05,0.000107377955,0.000316747017,0.00106566026,0.00108648616,0.0006773355,-0.000989357101,-0.000958960968,-0.000272434871,0.000178551788,3.55416691e-05,5.57738296e-05,0.000162395429,0.000423247695,0.00191946167,-0.000302414714,-0.00147071968,-9.26140228e-05,0.000110144758,8.74882347e-05
0.692,2.78079694e-05,0.000102492835,0.00030893925,0.00106688037,0.00102199361,0.000761098948,-0.00102792564,-0.000961096932,-0.000253092818,0.000186947526,3.82774238e-05,6.62256003e-05,0.000173525607,0.000469227305,0.00200727889,-0.000192755462,-0.00153282947,-6.27723505e-05,0.000106982907,7.5111905e-05
0.693,2.43639145e-05,9.93598922e-05,0.00030456667,0.00107002198,0.000955905745,0.000842943507,-0.00107027804,-0.000955808425,-0.000230593451,0.000193767222,4.09120368e-05,7.85595989e-05,0.000186321166,0.000516920069,0.00209524595,-1.88461213e-05,-0.00159549819,-3.22798547e-05,0.000100191443,6.08704922e-05
0.694,2.13700864e-05,9.78707482e-05,0.000304597594,0.00107657468,0.000886141862,0.000926413942,-0.00111594054,-0.000943244513,-0.000205728389,0.000199588463,4.33468112e-05,9.23816024e-05,0.000199752473,0.000565920241,0.00217948487,0.000228121755,-0.00165640282,-1.35947675e-06,8.91389098e-05,4.53547524e-05
0.695,1.82420731e-05,9.76571396e-05,0.000308344992,0.00108526709,0.000814650946,0.00101286538,-0.00116511898,-0.000922553203,-0.000178690314,0.000203944733,4.55727157e-05,0.000106989317,0.000213980202,0.000615638408,0.00225727401,0.000557172344,-0.00171353855,2.88204163e-05,7.50526144e-05,2.93196926e-05
0.696,1.60943088e-05,9.8687695e-05,0.000316636641,0.00109765806,0.000739524916,0.0011067129,-0.0012160173,-0.000894587319,-0.000150082439,0.00020782586,4.77356637e-05,0.000122170938,0.000227986575,0.000665914142,0.00232460834,0.000967039173,-0.00176270032,5.82085345e-05,5.76059762e-05,1.40556933e-05
0.697,1.41088077e-05,0.000100273814,0.000328803922,0.00111156634,0.00066292436,0.00120838872,-0.00126814805,-0.00085860882,-0.0001206868,0.000211227183,4.95834885e-05,0.000136643041,0.000241870395,0.000715918555,0.00237857809,0.00145453516,-0.00180175011,8.55945443e-05,3.8086749e-05,-1.13139207e-07
0.698,1.32687746e-05,0.000102763983,0.000345177277,0.00112845421,0.000583409272,0.00132116445,-0.00131846303,-0.000816517819,-9.05989934e-05,0.00021472785,5.17498557e-05,0.000150218879,0.000255352839,0.000765428416,0.00241692139,0.00200483089,-0.00182528531,0.000110762294,1.6756822e-05,-1.1992613e-05
0.699,1.46140762e-05,0.000105563886,0.000365945177,0.00114663367,0.000503745696,0.00144468844,-0.00136608699,-0.000765805171,-6.15399225e-05,0.000221208002,5.45685916e-05,0.000161745965,0.000268563129,0.000814408104,0.00243760022,0.00260399891,-0.00183296043,0.00013388888,-6.14921367e-06,-2.07863814e-05
0.7,1.63760772e-05,0.000109509185,0.000389834905,0.00116623933,0.000423245036,0.00157827679,-0.00140700613,-0.000711389504,-3.25636843e-05,0.000227706875,5.77194508e-05,0.000170868708,0.000281135328,0.000862213672,0.00243981382,0.00322790673,-0.00182088925,0.000153866111,-3.01453617e-05,-2.76458931e-05
0.701,1.77613878e-05,0.000113620736,0.00041632072,0.00118407752,0.000345004239,0.00171795536,-0.00144049102,-0.000652839984,-4.53768828e-06,0.000234150938,6.08227338e-05,0.000177395426,0.000292703838,0.000908863904,0.00242383331,0.00385800245,-0.00179061121,0.000170707118,-5.51377804e-05,-3.26416496e-05
0.702,1.91142904e-05,0.000118700856,0.000445036467,0.00120131124,0.000268975023,0.00186361822,-0.00146307562,-0.000592815366,2.22749918e-05,0.000240546245,6.4126755e-05,0.00018117553,0.00030408931,0.000953416367,0.0023917209,0.00447082156,-0.00173956603,0.000183811684,-8.08121656e-05,-3.6252925e-05
0.703,1.9617535e-05,0.000124364073,0.000475041177,0.00121537617,0.000198297282,0.00201069735,-0.00147457102,-0.000530738507,4.75564892e-05,0.00024632085,6.71218565e-05,0.000182567191,0.000314374191,0.0009963631,0.00234430055,0.00505426667,-0.00167276232,0.000193797593,-0.000107760812,-3.88117582e-05
0.704,1.97095962e-05,0.000130692711,0.000506308041,0.00122692551,0.000133053132,0.00215905163,-0.00147233106,-0.000468966967,7.0339744e-05,0.000251737987,6.9817902e-05,0.000181899167,0.000324732892,0.00103637981,0.00228528346,0.00559326734,-0.00158866863,0.00019980925,-0.000135668943,-4.0819571e-05
0.705,1.91238154e-05,0.000137770219,0.000537593564,0.00123457714,7.564685e-05,0.00230489049,-0.00145707479,-0.000406080345,9.04747219e-05,0.000256448726,7.19321821e-05,0.000179410913,0.000334359567,0.00107380387,0.00221536243,0.00608701501,-0.0014945243,0.000202333993,-0.000165240183,-4.29254784e-05
0.706,1.79808796e-05,0.00014527396,0.000568952217,0.00123859977,2.59705018e-05,0.00244835071,-0.00142665985,-0.000344514817,0.00010680681,0.000260447327,7.3393129e-05,0.000175983775,0.000344328519,0.00110749163,0.00213861217,0.00653076038,-0.00138864815,0.000200315184,-0.000196117785,-4.53712301e-05
0.707,1.65890202e-05,0.000153422467,0.000599095747,0.00123863401,-1.45232848e-05,0.00258636502,-0.00138247245,-0.000282040853,0.000119296074,0.000263698648,7.4113534e-05,0.000171597419,0.000354033075,0.00113755298,0.00205492346,0.00693335263,-0.00127895379,0.000193921595,-0.000228750882,-4.8823952e-05
0.708,1.48715125e-05,0.000161820623,0.00062809203,0.0012348278,-4.60400351e-05,0.00271925301,-0.00132234794,-0.000221201026,0.000126918167,0.000266115099,7.41295198e-05,0.000167373657,0.000364210736,0.00116331805,0.00196798193,0.00729645715,-0.00116236378,0.000182131649,-0.000262768029,-5.2927955e-05
0.709,1.3354355e-05,0.000170588273,0.00065480312,0.00122739944,-6.7905417e-05,0.0028440781,-0.00124801403,-0.000159269283,0.000129800668,0.000267784553,7.34077034e-05,0.000163088492,0.000374328928,0.00118476791,0.00187668628,0.00763327221,-0.00104642272,0.000164914727,-0.000298218064,-5.8058673e-05
0.71,1.18096384e-05,0.000179400213,0.000679257812,0.0012163701,-8.01647982e-05,0.00296099861,-0.00115695496,-9.91107495e-05,0.000127207699,0.000268612487,7.2100598e-05,0.000159721711,0.000384738776,0.00120175073,0.00178426806,0.00794632673,-0.000926072652,0.000141328058,-0.000334763242,-6.33898089e-05
0.711,1.06080711e-05,0.000188171618,0.000700584593,0.00120208425,-8.26516168e-05,0.00306688965,-0.00105113864,-3.78149109e-05,0.00011945463,0.000268557779,7.02097531e-05,0.000156935706,0.000394951606,0.00121420326,0.00168892262,0.00824848172,-0.000808332962,0.000111261373,-0.000372076184,-6.89553013e-05
0.712,9.4668226e-06,0.000196615403,0.000718785859,0.00118430833,-7.50274019e-05,0.00316169541,-0.000927633839,2.12534981e-05,0.000106057857,0.000267548743,6.8019722e-05,0.000155327632,0.000405055475,0.00122242401,0.00159370664,0.0085396735,-0.000686349832,7.39083139e-05,-0.000409964492,-7.37407568e-05
0.713,8.54329269e-06,0.000204435378,0.000733338033,0.0011632883,-5.74638815e-05,0.00324232185,-0.00078873837,8.12222866e-05,8.74143714e-05,0.00026545284,6.56349146e-05,0.000154489712,0.00041468665,0.00122623114,0.00149654198,0.00883040219,-0.000567043044,2.92231062e-05,-0.000447787842,-7.74691081e-05
0.714,7.63029103e-06,0.000211382477,0.000744170214,0.00113858549,-2.92398232e-05,0.00330876636,-0.000631187572,0.000138244026,6.31518951e-05,0.000262345418,6.33297289e-05,0.000154584982,0.000423785519,0.00122620628,0.00140060326,0.00911720384,-0.000442200585,-2.34969441e-05,-0.00048553598,-7.92716876e-05
0.715,6.69161568e-06,0.000217115363,0.000750997044,0.0011104248,9.0650129e-06,0.00335834378,-0.000457718864,0.000195774306,3.36786608e-05,0.000258085013,6.11472316e-05,0.000155223579,0.00043211118,0.00122194678,0.00130385464,0.00940825287,-0.000319072867,-8.44206042e-05,-0.000522239437,-7.88785602e-05
0.716,5.66592636e-06,0.000221432539,0.000753638174,0.00107827064,5.84577381e-05,0.00339115855,-0.000264701976,0.0002493689,-1.3293826e-06,0.000252818895,5.92972344e-05,0.000156235214,0.00043962802,0.00121429445,0.00120979009,0.00969739683,-0.000188369806,-0.000154323873,-0.000558090462,-7.59292194e-05
0.717,4.57025221e-06,0.000224088627,0.000752027927,0.00104251243,0.000117879855,0.00340514677,-5.53812324e-05,0.000303007911,-4.15167637e-05,0.000246523007,5.78453129e-05,0.000157334706,0.000446318753,0.00120270465,0.00111661227,0.00999142649,-5.80037556e-05,-0.000233571719,-0.000591874667,-7.03564112e-05
0.718,3.56852446e-06,0.000225030484,0.000745884685,0.00100276291,0.0001885958,0.0034005741,0.000174307707,0.000351832046,-8.72008372e-05,0.000239636106,5.68934576e-05,0.00015819553,0.000452158732,0.00118835929,0.0010280632,0.0102827351,8.20764325e-05,-0.000322728922,-0.000624124687,-6.20653831e-05
0.719,2.69534168e-06,0.000224267637,0.000735200416,0.000959711874,0.000269022106,0.00337618664,0.000420549854,0.000400672582,-0.000138048574,0.000232512298,5.63098893e-05,0.000158734576,0.000457054948,0.00117059921,0.000942463227,0.0105776995,0.000223028329,-0.000422053145,-0.000653450154,-5.08529898e-05
0.72,1.92136236e-06,0.000221911528,0.000719452579,0.000913066072,0.000360643189,0.00333221186,0.000688029217,0.000444174701,-0.000194237434,0.000225836969,5.57926924e-05,0.000158612383,0.000460704718,0.0011508587,0.000863559304,0.010868101,0.000375630822,-0.000531601569,-0.000680685095,-3.64833118e-05
0.721,9.56600473e-07,0.000217961217,0.000698628062,0.000863334836,0.000461356665,0.0032677303,0.000972431676,0.000487653147,-0.000255255925,0.00021979978,5.51093898e-05,0.000157907253,0.000462902601,0.00112831591,0.000789834459,0.0111601708,0.000530306702,-0.000651545985,-0.000704125002,-1.86101355e-05
0.722,-4.11690021e-07,0.000212319751,0.000672248479,0.000809974443,0.000572886655,0.00318234117,0.0012791805,0.000524798001,-0.000321084365,0.000214736648,5.40867834e-05,0.000156227123,0.000463541036,0.0011045891,0.000725213011,0.011445207,0.000698816111,-0.000781644406,-0.000724791267,2.80623309e-06
0.723,-2.31364969e-06,0.000204716609,0.000640619469,0.000753224981,0.000692624997,0.00307536694,0.00160321749,0.00056138637,-0.000391108585,0.000210390063,5.30591016e-05,0.000153712978,0.000462860446,0.00107879896,0.000668670772,0.0117291801,0.000870961833,-0.000922288705,-0.000740703505,2.7745877e-05
0.724,-4.48253395e-06,0.000195029267,0.000603569223,0.000692926577,0.000822400372,0.00294634503,0.00195045854,0.000590710604,-0.000465385632,0.000207237093,5.2229946e-05,0.000150009715,0.000461259649,0.00105278542,0.000624318952,0.0120031266,0.00105929991,-0.00107304211,-0.000753230438,5.57427493e-05
0.725,-6.63695108e-06,0.000183219996,0.000561539645,0.00062979526,0.000958931948,0.00279575637,0.00231482287,0.000619874772,-0.000543328365,0.00020546609,5.20159147e-05,0.000145452551,0.000459058895,0.00102568595,0.000591379959,0.0122729623,0.0012526947,-0.00123436892,-0.000760343462,8.6616937e-05
0.726,-8.42088687e-06,0.000169604166,0.000514330013,0.000564541866,0.00110397138,0.00262355429,0.00270280548,0.000642223998,-0.00062501033,0.000206292494,5.21951024e-05,0.000139947453,0.000456481689,0.000999465842,0.00057362817,0.0125298886,0.00146415889,-0.00140523875,-0.000763799383,0.000119945174
0.727,-9.96016523e-06,0.000154422548,0.00046220445,0.000498017739,0.00125363362,0.00243112212,0.00310745663,0.000665917667,-0.000709503244,0.000210162284,5.26754536e-05,0.000134069948,0.000453376076,0.000973237915,0.000570243844,0.0127797962,0.00168149146,-0.00158588907,-0.000761453898,0.000155937736
0.728,-1.14746025e-05,0.00013793426,0.000405064016,0.000430965349,0.00140976504,0.00221803872,0.00353615307,0.000683434376,-0.000796542736,0.000217989321,5.30439866e-05,0.000127940252,0.000449864505,0.000948979025,0.00058460462,0.0130141349,0.00191819869,-0.00177462817,-0.000755205124,0.000194317368
0.729,-1.34438118e-05,0.00012002181,0.0003434766,0.000363576359,0.00156818159,0.00198598334,0.00398116726,0.000703236605,-0.000884688177,0.000229488616,5.35258633e-05,0.00012215932,0.000446034543,0.000925794194,0.000616181638,0.0132384639,0.00216121169,-0.00197187759,-0.000742737116,0.000235178761
0.73,-1.59380254e-05,0.000100530002,0.00027802584,0.000296626725,0.00173086592,0.00173426335,0.00445072315,0.000716945388,-0.000973565406,0.000244947279,5.44827384e-05,0.00011693553,0.000442744254,0.000905660723,0.000668236926,0.0134444873,0.00242449828,-0.00217571619,-0.000726092233,0.000277636736
0.731,-1.88285768e-05,7.93369073e-05,0.000209804217,0.000230526189,0.00189324009,0.00146573503,0.00493598483,0.000734331675,-0.00106160404,0.000264307447,5.66392315e-05,0.000112905462,0.000440670047,0.000887796595,0.000740593254,0.0136373653,0.00269370125,-0.00238701643,-0.000703082575,0.000321192717
0.732,-2.17243666e-05,5.6602648e-05,0.000139741691,0.000167244532,0.00205705447,0.00118051027,0.00544571974,0.00074736767,-0.00114861303,0.000288549302,6.0427098e-05,0.000110581324,0.000440844191,0.000874205826,0.000835927823,0.0138095713,0.00298229375,-0.00260327933,-0.000676014362,0.000364645455
0.733,-2.44164895e-05,3.28473219e-05,6.88763624e-05,0.000107872925,0.00221725565,0.000882953936,0.00596991687,0.000767612458,-0.00123268571,0.00031873023,6.58779304e-05,0.000110838599,0.000443540214,0.000864293537,0.000953734309,0.0139664065,0.00327363998,-0.00282534372,-0.000642955125,0.000407711674
0.734,-2.71498481e-05,8.4457786e-06,-1.92433475e-06,5.48923188e-05,0.00237544671,0.000573179733,0.00651810023,0.00078665453,-0.00131334157,0.000355903546,7.28440105e-05,0.000114552353,0.000449196548,0.000860045098,0.00109553212,0.0141020236,0.00358016754,-0.003049774,-0.000606212914,0.000449584689
0.735,-3.03703105e-05,-1.6114374e-05,-7.14480887e-05,8.66005626e-06,0.00252674918,0.000255360653,0.00707915673,0.000816403709,-0.00138765657,0.000400791935,8.09936696e-05,0.000122611603,0.000457856585,0.000861083645,0.00126046146,0.0142222631,0.00388323962,-0.00327770203,-0.000563941835,0.000490167444
0.736,-3.47054165e-05,-4.11195626e-05,-0.000138267476,-2.89290279e-05,0.00267317998,-7.15949255e-05,0.00766249011,0.000847007759,-0.00145469925,0.000453012049,9.07765719e-05,0.000135916443,0.000470307896,0.000869359559,0.00144941684,0.0143232919,0.00419532368,-0.00350557038,-0.0005181162,0.000528075096
0.737,-4.00204871e-05,-6.63086522e-05,-0.000200290555,-5.80972904e-05,0.00281068557,-0.000403537078,0.0082542162,0.000890813178,-0.00151055396,0.000512929945,0.000102556708,0.000154972002,0.000487452702,0.000884705343,0.00166181567,0.0144114461,0.00449757441,-0.00373590283,-0.00046706145,0.000562138752
0.738,-4.58089224e-05,-9.19669149e-05,-0.000255486408,-7.61316492e-05,0.00294170395,-0.000740765888,0.00886146963,0.000937766997,-0.0015543986,0.000580102685,0.00011744047,0.000180587915,0.000510628802,0.000908992867,0.00189806394,0.0144855001,0.00480524415,-0.00396573036,-0.000412566877,0.000589626326
0.739,-5.08398533e-05,-0.00011678225,-0.000301512229,-8.21940227e-05,0.00306308432,-0.00107702565,0.00946673425,0.00100169336,-0.00158123548,0.000656519966,0.000135245209,0.000212790074,0.000540591481,0.000942073051,0.00215707036,0.0145527911,0.00510364043,-0.00419926184,-0.000353698894,0.000608734183
0.74,-5.42145482e-05,-0.000140104367,-0.000336806022,-7.23244276e-05,0.00317763497,-0.00141068296,0.0100753904,0.00107213232,-0.00159014254,0.00074243458,0.000155986677,0.000252289277,0.000577580648,0.00098552718,0.0024375127,0.0146149467,0.00541731263,-0.00443372731,-0.000292455656,0.000616590144
0.741,-5.54126631e-05,-0.00015968467,-0.000359521673,-4.58584319e-05,0.00328373926,-0.00173447983,0.0106692454,0.0011620992,-0.00157400671,0.000840131503,0.000177956956,0.000298196479,0.000621052733,0.00103873265,0.00273683609,0.0146785381,0.00574397951,-0.00467475663,-0.000229068499,0.000611795239
0.742,-5.43816127e-05,-0.000174941377,-0.000368598099,9.12281732e-08,0.00338526348,-0.00204676944,0.011256314,0.0012579629,-0.00153157415,0.000947968724,0.000200551871,0.000350430705,0.000670411348,0.00110237727,0.00305194398,0.014744976,0.00612581068,-0.00491950235,-0.000166029223,0.00059134188
0.743,-5.11659338e-05,-0.000184137924,-0.000362195455,6.45453696e-05,0.00348254463,-0.00234124979,0.0118238501,0.00137019845,-0.00145393092,0.00106640053,0.00022224461,0.000406465783,0.000724948799,0.00117464017,0.00337954342,0.014815453,0.00657898858,-0.00517514719,-0.000105263188,0.000553281695
0.744,-4.51943218e-05,-0.000187163517,-0.000339371944,0.00014924759,0.00358009239,-0.00261694546,0.0123884425,0.00148308487,-0.0013412862,0.00119194231,0.000242972603,0.000464717355,0.000784629641,0.00125429106,0.00371567368,0.0148867118,0.00716412677,-0.00543806355,-5.04416843e-05,0.000493303505
0.745,-3.51822186e-05,-0.000182683737,-0.000298738899,0.0002536227,0.00367835896,-0.00286817707,0.0129471018,0.00160837276,-0.00118525214,0.0013255631,0.000261685689,0.000521439464,0.000848351389,0.00133815448,0.00405652845,0.014950751,0.0079089705,-0.00571430516,-5.91752101e-06,0.000409604053
0.746,-2.05878505e-05,-0.000169644496,-0.00024111618,0.000379665405,0.00378041265,-0.00309483046,0.0135258747,0.00173245895,-0.000989623924,0.00146444199,0.000276763719,0.000573651423,0.000915480861,0.00142225393,0.00439701441,0.0149969754,0.00887606772,-0.00599533575,2.33422205e-05,0.000298050641
0.747,-5.09865762e-07,-0.000147129132,-0.000167491101,0.00052774042,0.00388408532,-0.00329260566,0.0141276435,0.0018720183,-0.000748207559,0.00161116063,0.000287154169,0.000618246435,0.000982498423,0.00150393697,0.00473217503,0.0150097968,0.0100794381,-0.00627981638,3.0975604e-05,0.000161594319
0.748,2.14518894e-05,-0.00011348756,-8.19869387e-05,0.000697513387,0.00398993565,-0.00346504289,0.0147802157,0.00201580693,-0.000468615584,0.00176104406,0.00028939257,0.000651723502,0.00104737627,0.00157745219,0.00505605146,0.0149746875,0.0115539268,-0.0065514763,1.20853867e-05,-1.92424798e-06
0.749,4.33991426e-05,-7.03903006e-05,1.20866011e-05,0.00088731928,0.00409255439,-0.00361108463,0.0154805036,0.00218484517,-0.000147119622,0.00191394077,0.00028652509,0.000674289209,0.00110547844,0.00164481224,0.00536421546,0.0148769906,0.0132717841,-0.00679933682,-3.97663644e-05,-0.000182126629
0.75,5.78897406e-05,-1.80958432e-05,0.000109349463,0.00109150722,0.00419098342,-0.00373818362,0.0162449208,0.00236835597,0.000205255576,0.00205917118,0.000276603024,0.000684363581,0.00115449823,0.00170217084,0.00565145402,0.014706717,0.0152197196,-0.00700273533,-0.000127754667,-0.00038052782
0.751,5.9843151e-05,3.88358893e-05,0.000204838182,0.00130555231,0.00427703985,-0.00384644058,0.0170524041,0.00258966191,0.00058975831,0.00219070109,0.000264757786,0.000687038247,0.00119045874,0.00175566731,0.00591785631,0.0144556819,0.0173236586,-0.00715087772,-0.000254109969,-0.000585121257
0.752,6.18219932e-05,9.51815678e-05,0.000306210794,0.00152560697,0.00435327052,-0.00393045847,0.0179031113,0.00285038393,0.000991361327,0.00231269633,0.00025494956,0.000684365853,0.00121347055,0.00180647018,0.00616149493,0.0141280402,0.0195358952,-0.00722520284,-0.000419069494,-0.000792074717
0.753,6.56810947e-05,0.000147233927,0.000410958432,0.0017509129,0.0044113915,-0.00398212916,0.0187624773,0.0031796165,0.00140967308,0.0024268072,0.000246297914,0.000675727737,0.001223453,0.00185267267,0.00638495945,0.013720979,0.0217601764,-0.00722900454,-0.00062219766,-0.000999989293
0.754,7.12743951e-05,0.00019474126,0.00051767242,0.00197768772,0.00445008747,-0.00399544904,0.0196222604,0.00357074368,0.00183091589,0.00253004572,0.000239817504,0.000664626769,0.00121843141,0.00189777288,0.00658358552,0.01325137,0.0239503906,-0.00715345354,-0.000863426412,-0.00120436962
0.755,7.74786354e-05,0.000234689751,0.000624136021,0.00220162289,0.00446394094,-0.00396459517,0.0204488992,0.00404644806,0.0022570618,0.00262277664,0.000231239426,0.000649502634,0.00119965982,0.00193779236,0.00676095367,0.01272015,0.026031309,-0.00701511603,-0.0011404856,-0.00140782204
0.756,8.05050195e-05,0.000267690717,0.000727259554,0.00241815439,0.00445223039,-0.0038841418,0.0212395062,0.004591807,0.00267713956,0.00269816003,0.000222965121,0.000632204203,0.00116814602,0.00197573744,0.00691244467,0.0121492753,0.027992005,-0.006814156,-0.00145328957,-0.00160584301
0.757,7.94749912e-05,0.000291478146,0.000826821741,0.00261985716,0.00441437,-0.00375367025,0.0219715837,0.00522292093,0.00309538837,0.00275414033,0.000214623996,0.000612577722,0.00112686857,0.00201099348,0.00704146198,0.0115406016,0.0297955379,-0.00657183208,-0.00180119405,-0.00180076707
0.758,7.49861808e-05,0.000305936796,0.000922548942,0.00280331415,0.00435179537,-0.00356734215,0.0226514855,0.0059227907,0.00350195794,0.00278461756,0.000208009863,0.000591016086,0.00107943789,0.00204386667,0.00714523861,0.010913025,0.0314698589,-0.0062929815,-0.00218374692,-0.00199116146
0.759,6.89844045e-05,0.000312165762,0.0010140963,0.00296410412,0.00426538418,-0.00332614168,0.0232641772,0.00671034227,0.00390049699,0.00279274561,0.000202915796,0.000567783928,0.00102830097,0.00207458836,0.00722648806,0.0102637352,0.0330051902,-0.00599741175,-0.0026026098,-0.00217913426
0.76,6.23833079e-05,0.000312015749,0.00110003645,0.00310209852,0.00415610262,-0.00302276273,0.0238185994,0.00757153198,0.0042815619,0.00277734242,0.000197302757,0.000542270245,0.00097588042,0.00210081616,0.00728294711,0.00960874329,0.0344488872,-0.00568700153,-0.0030567823,-0.00236266644
0.761,5.41985339e-05,0.000308940134,0.00117662128,0.00321412324,0.00402373153,-0.00266171217,0.0243006509,0.00852739494,0.00464848389,0.00274531917,0.000190440199,0.000514383209,0.000922728029,0.00212330642,0.00731564681,0.00894202775,0.0357977468,-0.00537499255,-0.00355015793,-0.00254057533
0.762,4.25452079e-05,0.000304439494,0.00124145898,0.00329892535,0.00386989484,-0.0022380772,0.0247179365,0.00956256617,0.00499357587,0.00269426586,0.000181644124,0.000483885495,0.000870044396,0.0021410805,0.00732283412,0.00828113687,0.0371008649,-0.00505540354,-0.00408085342,-0.00270670447
0.763,2.68244436e-05,0.000299373448,0.00129196331,0.00335072259,0.00369554567,-0.00176215011,0.025055379,0.0106962339,0.00532041312,0.00262839878,0.000173045304,0.000451488475,0.000818210229,0.00215711321,0.00730568985,0.00761801267,0.0383485574,-0.00473535211,-0.00465395779,-0.00285885624
0.764,9.12471651e-06,0.000293151874,0.00132933908,0.00336792662,0.00350509878,-0.00122858088,0.0253174377,0.0119122566,0.00562212334,0.00254287815,0.000165826148,0.000418094961,0.000768151368,0.00217166322,0.00726586277,0.00697063345,0.0395838409,-0.00440578848,-0.00526454558,-0.00299178757
0.765,-6.89859496e-06,0.000285340733,0.00135314336,0.00334656533,0.00329934106,-0.000647366549,0.0254875086,0.0132311668,0.00590061965,0.00244376761,0.000160293727,0.000384363228,0.000719899764,0.00218634492,0.00720585804,0.00632639459,0.0407864096,-0.00407416302,-0.00591786056,-0.00310774425
0.766,-1.81596545e-05,0.000277008372,0.00136415079,0.00328911999,0.00308205531,-8.07425847e-06,0.0255675556,0.0146391555,0.00614823007,0.0023297477,0.000154607685,0.000350235213,0.000673006207,0.0021989546,0.00712996174,0.00570235828,0.0419927657,-0.00373232043,-0.00660552157,-0.00320378621
0.767,-2.47239126e-05,0.000269223118,0.0013584972,0.00319422445,0.0028500859,0.00067936429,0.0255421479,0.016157793,0.00636543679,0.00221132882,0.00014670693,0.000314714178,0.000626669024,0.00220920285,0.00703887177,0.00508415436,0.0431717039,-0.0033860084,-0.00733490647,-0.00328239816
0.768,-2.87092138e-05,0.000263728085,0.0013343066,0.00306456331,0.00260656012,0.00142497667,0.0254136358,0.0177715072,0.00654582779,0.00208638383,0.000136510804,0.000277164532,0.00057977278,0.00221632842,0.0069371389,0.00449357093,0.044354226,-0.00302354393,-0.00809540987,-0.00333649391
0.769,-3.26488153e-05,0.000259552119,0.00128808745,0.00289637671,0.00234802774,0.00221350878,0.0251709136,0.0194980035,0.00669111957,0.00196296336,0.000125879253,0.000237354469,0.000532212911,0.00222336164,0.00682321233,0.00391924017,0.0455002035,-0.00264698579,-0.00889749728,-0.00336558023
0.77,-3.61938568e-05,0.000255626251,0.00122197869,0.00269068506,0.00208199796,0.00305301552,0.0248184371,0.0213187274,0.0067971253,0.00183350413,0.000118190741,0.000196532194,0.000483453662,0.00223309208,0.00670403756,0.00338729623,0.046640609,-0.00224536501,-0.00972687121,-0.00336192065
0.771,-3.70463117e-05,0.000249279151,0.00113700271,0.00244429637,0.0018066862,0.00392688335,0.0243493191,0.0232521227,0.00686579808,0.00170632149,0.000114495082,0.000155726027,0.000434214122,0.00224818917,0.00657837787,0.00288351945,0.0477325506,-0.00182503997,-0.0105958152,-0.00333005026
0.772,-3.24259895e-05,0.00024028102,0.00103675061,0.00216223721,0.00153117988,0.00484637874,0.0237665054,0.025284249,0.00689302136,0.00157553998,0.000114283048,0.000116028032,0.000384222138,0.00226875081,0.00645662266,0.00243256814,0.0488119459,-0.0013819213,-0.0114850333,-0.00326706265
0.773,-2.27560031e-05,0.000228726414,0.00091975312,0.00184544844,0.00124995768,0.00579608671,0.0230626783,0.0274389317,0.0068803632,0.00145617044,0.000114701302,7.72233464e-05,0.000334773598,0.00229353755,0.00633608205,0.00201688944,0.0498341599,-0.000926042259,-0.0124101547,-0.00318016417
0.774,-1.14324594e-05,0.000216284035,0.00078540505,0.00150191568,0.000970239126,0.00678744263,0.0222355881,0.0297047899,0.00682509016,0.00134346604,0.000115428857,3.97051694e-05,0.000286501363,0.00232307755,0.00622701574,0.00166611876,0.0508397703,-0.000452423511,-0.0133495358,-0.00306207963
0.775,-3.2412496e-06,0.000202753389,0.000630761984,0.0011320955,0.00068441421,0.00780120927,0.0212771028,0.0321036362,0.00673157514,0.00125300326,0.000117569714,4.24565257e-06,0.000242050818,0.00235907233,0.00612241108,0.00136628676,0.0517817755,3.62441288e-05,-0.0143260012,-0.00291462772
0.776,-1.84227731e-07,0.000186671748,0.000458229667,0.00074349417,0.000403101606,0.00884671936,0.0201811839,0.0346178245,0.00660061081,0.00117442397,0.000125083995,-2.66477096e-05,0.00020387819,0.00240689893,0.00603241526,0.00115267979,0.0527043126,0.000554832875,-0.0153162214,-0.00272678631
0.777,5.24941733e-08,0.000164579826,0.000271028621,0.000337406,0.000121051852,0.00990636042,0.0189432541,0.0372595924,0.00643922088,0.00112402464,0.000139135289,-5.11061403e-05,0.000176378658,0.00246742252,0.0059486765,0.00100587343,0.0535510288,0.00111052587,-0.0163475797,-0.00250534499
0.778,3.55129249e-06,0.000133124651,7.66238182e-05,-7.35320103e-05,-0.000148379581,0.0109974893,0.0175629511,0.0400006521,0.00624701022,0.00109315556,0.000158476898,-6.84364897e-05,0.000164579017,0.00254073795,0.00588442153,0.000954308295,0.0543554655,0.00172160508,-0.0173880832,-0.00224813037
0.779,1.6371358e-05,8.9217514e-05,-0.000120738176,-0.000482414413,-0.000412988927,0.0121117861,0.0160564768,0.042847555,0.00602622737,0.00110781265,0.000177073682,-8.11288637e-05,0.000174739663,0.00261754043,0.00583068162,0.000965674727,0.0550341522,0.00238566003,-0.0184626853,-0.00197230258
0.78,4.12330985e-05,3.0591954e-05,-0.000315924341,-0.000873735361,-0.000661068546,0.0132696408,0.0144474543,0.0457825754,0.00576710204,0.00116129956,0.000189068415,-9.18730609e-05,0.000213721542,0.00269302408,0.00580170283,0.00106699854,0.0556026914,0.00308680392,-0.0195243856,-0.00167815524
0.781,7.41524194e-05,-4.59441875e-05,-0.000507714439,-0.00124615701,-0.000901134568,0.0144518341,0.0127769172,0.0488518045,0.00546467796,0.00127627772,0.000189157765,-0.000101339309,0.000285829953,0.00275941062,0.0057866156,0.00122854935,0.0559703447,0.00375381352,-0.0205937031,-0.00137981002
0.782,0.000103457329,-0.000142957118,-0.00069181788,-0.0015974084,-0.00111532457,0.0156512812,0.0110611667,0.0521083543,0.00510810493,0.00142555534,0.000175312612,-0.000102383238,0.0003937517,0.00282403432,0.00580399574,0.00149324581,0.0561968614,0.00427106844,-0.021613526,-0.00106861238
0.783,0.000108025499,-0.00026346292,-0.000867360715,-0.00194354804,-0.00130471437,0.0168121902,0.0092898055,0.0556761748,0.00471088526,0.0016106928,0.000147316408,-8.0116358e-05,0.000532667832,0.00289280697,0.00584899524,0.00184148254,0.0562825161,0.00447451222,-0.022622817,-0.000752753187
0.784,6.09533843e-05,-0.000404917047,-0.00103146049,-0.00229460411,-0.00144471105,0.0178957435,0.00736834903,0.0596301258,0.00430361928,0.00178557106,0.000107812789,-1.16312041e-05,0.0006977105,0.0029865295,0.00595135172,0.002325674,0.0564274086,0.00424094623,-0.0235991224,-0.00041924488
0.785,-6.39967386e-05,-0.000563350801,-0.00118698624,-0.00266615132,-0.00153665171,0.0188410095,0.00516160935,0.0639735514,0.00396748374,0.0019606618,6.65692167e-05,0.000125064875,0.000878265245,0.00311717524,0.00610922937,0.00292001366,0.0567464224,0.00357357372,-0.024659312,-7.53897819e-05
0.786,-0.00027476633,-0.000726739728,-0.00133165,-0.00304958902,-0.00155854322,0.0196436263,0.00250138764,0.0684579309,0.00379975508,0.0021232883,4.26208243e-05,0.000344569659,0.00107367686,0.00330781465,0.00634540823,0.00366887355,0.0574699382,0.00272889676,-0.0258539592,0.000292598342
0.787,-0.000546521221,-0.00088440797,-0.0014629232,-0.00342351304,-0.00151238647,0.0203220187,-0.000670491964,0.0726088813,0.00390664979,0.00235185907,6.63990064e-05,0.000641103429,0.00128295421,0.00356430658,0.00663130069,0.00452782754,0.0585813216,0.00222597434,-0.0273535186,0.000672377052
0.788,-0.000814471017,-0.00101717074,-0.00156775781,-0.00373495947,-0.0013680116,0.0209669987,-0.00425980215,0.0757346418,0.00430915014,0.00269866235,0.000167714748,0.000984668891,0.00152029336,0.00389749347,0.0069517509,0.00552683115,0.0600458214,0.00277821342,-0.0291668173,0.00106192501
0.789,-0.000984104953,-0.00110541501,-0.00163656623,-0.00392215284,-0.00111043183,0.0216749311,-0.00791713405,0.0772642455,0.00491034279,0.00329066086,0.000361869171,0.00132084284,0.00179000693,0.00429022139,0.00723561477,0.00659913221,0.0615150518,0.00505770277,-0.0313323357,0.00141748152
0.79,-0.000968188637,-0.00112328505,-0.00166117606,-0.00392668608,-0.000689891582,0.0225340589,-0.011156156,0.077010692,0.0054285549,0.0041457163,0.000633527201,0.00158194477,0.0020985414,0.00472723148,0.0074401787,0.00775597406,0.0627106455,0.00945839882,-0.0336277964,0.00169525124
0.791,-0.000712317948,-0.00104719708,-0.0016491107,-0.00371998075,-7.58099858e-05,0.0235515288,-0.0134443108,0.0755931126,0.00547421748,0.00529156393,0.000923637851,0.00170847805,0.00242057089,0.00516395331,0.00749512897,0.0088997076,0.063238772,0.0158686006,-0.0358637721,0.00180779199
0.792,-0.000242560275,-0.000868518027,-0.00161970812,-0.00332761719,0.000770578546,0.0246342389,-0.0144910488,0.0743974007,0.00463739857,0.00655695982,0.00114135442,0.00166713498,0.0027185384,0.00556969094,0.00739478791,0.0100091302,0.0630410047,0.0236763764,-0.0376680969,0.00167764296
0.793,0.000343617599,-0.000594907843,-0.00160155571,-0.00282773134,0.00184943716,0.0255914195,-0.014348539,0.0754359134,0.00272151714,0.00779074145,0.00117981639,0.00146002871,0.00293084761,0.00589167862,0.00713539354,0.0109487458,0.0621224763,0.0319282576,-0.0388967581,0.00121014617
0.794,0.000903293085,-0.000272204436,-0.00162284413,-0.00232458277,0.00311857706,0.0262023148,-0.0135787485,0.0805869641,-0.00012114151,0.00871057078,0.000959547183,0.00113728814,0.0029945117,0.00612193281,0.00677807261,0.011686042,0.0608505323,0.0397033792,-0.0394050923,0.000360964713
0.795,0.00128359078,4.62801536e-05,-0.00169765147,-0.00192393605,0.00450170367,0.0262796072,-0.0130236927,0.0909206728,-0.00322093503,0.00921440333,0.000479826419,0.000739981381,0.00289140466,0.00623077916,0.00636878399,0.012116868,0.0594799552,0.0464307152,-0.0394281399,-0.000874420033
0.796,0.00137839222,0.000283513548,-0.00184247652,-0.00168300716,0.00587889945,0.0257351477,-0.0136287882,0.105862799,-0.00554751377,0.00918894187,-0.000170220291,0.000312597456,0.00263847939,0.00623965185,0.00596714217,0.0122900011,0.0583455603,0.0521177166,-0.0391872351,-0.00243167382
0.797,0.00118677044,0.000380376378,-0.0020277409,-0.00160459488,0.00716838511,0.0246278612,-0.015955011,0.12327039,-0.00595897898,0.00883741272,-0.000837781879,-9.42429323e-05,0.00227806729,0.00620538338,0.005552007,0.0122481777,0.0574137164,0.0572729441,-0.0391156347,-0.00417356166
0.798,0.000813424564,0.000305784996,-0.00221714839,-0.00161185817,0.00831910197,0.023130959,-0.0200312749,0.139830627,-0.00371161151,0.00836939113,-0.00134243756,-0.000475922961,0.00189393294,0.00617627815,0.00510579694,0.0121574932,0.0566008936,0.0626359646,-0.0393696808,-0.00596331253
0.799,0.000428945301,9.28206746e-05,-0.00237016505,-0.00157489265,0.00935234223,0.0214696249,-0.0251983662,0.152380548,0.00124609992,0.00815798466,-0.00155084311,-0.000841015708,0.00156785403,0.00618513576,0.00454633587,0.0121156807,0.055537126,0.0687708573,-0.040095213,-0.00767879414
0.8,0.000193210003,-0.000186714969,-0.00246483135,-0.00136789743,0.0103286929,0.0197941326,-0.0304635229,0.158893523,0.00809281719,0.00833596508,-0.00144215454,-0.00119969535,0.0013449487,0.00622211246,0.00383363838,0.0122405785,0.0540593137,0.0758412056,-0.0410708939,-0.00929435176
0.801,0.00021438569,-0.000427175202,-0.00249277926,-0.000874337347,0.0113220387,0.0181837428,-0.0347856974,0.159418569,0.015472973,0.00900376491,-0.00111389149,-0.0015532393,0.0012316462,0.00622570003,0.00291989181,0.0124919376,0.0519902586,0.0835779885,-0.0421921241,-0.0108572647
0.802,0.000495433012,-0.000543322557,-0.00246309149,-5.1793056e-05,0.0123598831,0.0165780849,-0.0375598166,0.155707705,0.0219359392,0.00992348482,-0.000737276174,-0.00188056534,0.00119125049,0.00610691188,0.0018208483,0.0128198775,0.0494959549,0.0915641092,-0.0432106965,-0.0125004003
0.803,0.000959714102,-0.000494455822,-0.00236033937,0.00109705429,0.0134284896,0.0148938492,-0.038661225,0.150626152,0.026575716,0.0108916347,-0.000484371167,-0.00214827138,0.00118046179,0.0057694541,0.000544850315,0.0130689589,0.0466640669,0.0994835481,-0.0441893154,-0.0143542013
0.804,0.00148022876,-0.000310860126,-0.00214909012,0.00249478097,0.0144436134,0.0130012605,-0.0385073007,0.146735751,0.0292658273,0.0115351474,-0.000457789873,-0.00231389492,0.00116806151,0.0051396554,-0.000872344067,0.0131505544,0.0437073248,0.107317852,-0.0450386624,-0.0165524345
0.805,0.00192903229,-6.57885629e-05,-0.00174382332,0.0040669524,0.0153190872,0.0108688646,-0.037698636,0.145653816,0.030758608,0.0117468114,-0.000665108756,-0.00234090042,0.00115607424,0.00417106316,-0.00242483621,0.0129556827,0.0405208985,0.115172348,-0.0457706896,-0.0191428996
0.806,0.00219526467,0.000155658465,-0.00107069418,0.00572458654,0.0159391939,0.00847689603,-0.0368618332,0.147333645,0.0322405628,0.0114048093,-0.00101372268,-0.00219281794,0.00118128778,0.00285486308,-0.00410468353,0.0124846765,0.0369767269,0.122974832,-0.0459309938,-0.0221124104
0.807,0.00218207656,0.000319528273,-6.39940073e-05,0.00745294773,0.0162500977,0.00592981933,-0.0362921766,0.150666548,0.0349102857,0.0107406984,-0.0013325734,-0.00183054603,0.00129851451,0.00122941438,-0.00591535755,0.0117669549,0.0326917462,0.130015675,-0.0450280051,-0.0252616745
0.808,0.00179404327,0.00045950019,0.00125832466,0.00924564984,0.0161887197,0.00329456682,-0.0359848686,0.153842496,0.0393412658,0.0098905716,-0.00138651637,-0.00117675993,0.00157112073,-0.000591816844,-0.0078395298,0.010977457,0.0275164789,0.134867659,-0.0424173384,-0.0282249142
0.809,0.000942884755,0.00068178374,0.00285511479,0.0111667781,0.0157798564,0.000723047626,-0.0355705685,0.155697926,0.0453071875,0.00920588432,-0.000917226558,-0.000109639527,0.00203611848,-0.00241060961,-0.0098150599,0.0103772575,0.0214685681,0.135686603,-0.0383378752,-0.0303769011
0.81,-0.000411538608,0.00109171331,0.00465094329,0.0132232623,0.0150040262,-0.00171722055,-0.0346530413,0.155986102,0.0517814241,0.00870935412,0.000286411203,0.00154961817,0.00271358873,-0.00397690774,-0.0117270501,0.0103554512,0.0151759032,0.131278755,-0.0342246072,-0.031041524
0.811,-0.00219804718,0.00171511666,0.00666653965,0.0154244791,0.0139011377,-0.00387240653,-0.0329655066,0.1560126,0.0576269002,0.00848025269,0.00226604944,0.00396243285,0.00358592244,-0.0050987444,-0.0133808017,0.0112961243,0.00961844,0.122409892,-0.0335518951,-0.0296757253
0.812,-0.00417034844,0.00238716599,0.00901413634,0.0176389218,0.0123873215,-0.00567702771,-0.030745152,0.157510458,0.0623273697,0.00816976616,0.00475534721,0.00718299759,0.00464884628,-0.00581232633,-0.0145704045,0.0134406907,0.00610878721,0.113115557,-0.0409494295,-0.0264425634
0.813,-0.00589711929,0.00272504472,0.0119555091,0.0197141896,0.0104122756,-0.00699520973,-0.0286739568,0.161949417,0.0668625261,0.00759419874,0.00709149933,0.011002903,0.00590352437,-0.00654513034,-0.0150957884,0.0166785987,0.00555200475,0.110774794,-0.0607545638,-0.0225637309
0.814,-0.00684972663,0.00219318645,0.01573341,0.0213844744,0.00779459924,-0.0078685208,-0.0277987021,0.168536155,0.0737021863,0.00637807706,0.00825332064,0.0148707468,0.00738776066,-0.00815875965,-0.014936854,0.0203415702,0.00797507941,0.124506425,-0.093422502,-0.0207275375
0.815,-0.00661846035,0.000345248892,0.0204016003,0.0224869996,0.00450766363,-0.00842678618,-0.0288979621,0.173997423,0.0859823299,0.00468606462,0.00713013095,0.0179028443,0.00908641278,-0.0117519347,-0.0142776668,0.0232019446,0.0118023994,0.161166879,-0.132314462,-0.0245851681
0.816,-0.00521480683,-0.00283420511,0.0254944159,0.0228977915,0.00056760463,-0.00916574178,-0.0319442766,0.172470687,0.10529092,0.0027790394,0.00299428232,0.019081821,0.0108474158,-0.0181820306,-0.0136600549,0.0235567719,0.0139297903,0.220075961,-0.161385905,-0.0377078729
0.817,-0.00327853686,-0.00660107424,0.0298876648,0.0227337924,-0.00360935059,-0.0107553329,-0.0354769836,0.158567816,0.129277628,0.00150905435,-0.00387646211,0.0176240284,0.0122144422,-0.0273904105,-0.0137926471,0.0198080109,0.0103904245,0.288282675,-0.158038239,-0.0611875366
0.818,-0.00199826863,-0.00936779988,0.0318835512,0.0221609685,-0.00741935423,-0.0140419147,-0.036792625,0.130413305,0.150110284,0.00136792242,-0.0117760241,0.0133756698,0.0123442679,-0.0378067242,-0.0154821609,0.0109739129,-0.00191391438,0.34012211,-0.101598575,-0.0914518454
0.819,-0.00257128061,-0.00902790405,0.0297612937,0.0214109394,-0.00985763029,-0.0195100952,-0.0327374439,0.0938407546,0.156158955,0.00243508831,-0.0175657975,0.00711712068,0.010047928,-0.0462001868,-0.0191750674,-0.00241048901,-0.0232564335,0.343441342,0.0124337814,-0.118615107
0.82,-0.00536674751,-0.00370475585,0.0226177736,0.0204105668,-0.00998570221,-0.0270599947,-0.0213949333,0.0623923684,0.137307289,0.00312023374,-0.0174546237,0.000417001017,0.00407532869,-0.0483367208,-0.0248479732,-0.0181495088,-0.049701657,0.272858238,0.159164243,-0.128207225
0.821,-0.00910971156,0.00731044913,0.0111868602,0.018749894,-0.0069073744,-0.0356100648,-0.00360994601,0.0543615866,0.0930743246,0.000572588181,-0.00839971009,-0.00486273357,-0.00633225241,-0.0404726157,-0.0316585319,-0.0323101994,-0.0733315811,0.125494571,0.279658647,-0.105892049
0.822,-0.0107651748,0.0228506185,-0.00188070587,0.0155314054,-0.000377957038,-0.0434678216,0.0162522529,0.0839108457,0.0391167269,-0.00913575446,0.0100911195,-0.00753353395,-0.0208557261,-0.0213641919,-0.0381941098,-0.0405517771,-0.0846561144,-0.068121527,0.293541912,-0.0458176687
0.823,-0.00640324438,0.0398001621,-0.0126600554,0.00974334056,0.00920673748,-0.0487939873,0.0312852182,0.152567873,0.0075369283,-0.0285210404,0.0346689981,-0.0078258209,-0.0376027679,0.00611969526,-0.0424967315,-0.0392703612,-0.076176053,-0.245763528,0.128970776,0.042069461
0.824,0.00695992694,0.053774933,-0.0174142639,0.000627811083,0.0203278765,-0.050689673,0.0345513057,0.242420902,0.0372991684,-0.056781723,0.0579974286,-0.00777338348,-0.0532502591,0.0345967241,-0.0426783458,-0.027654831,-0.0461646384,-0.330400448,-0.237824392,0.128072975
0.825,0.0293335145,0.0604260831,-0.0143775597,-0.0116900224,0.0306196585,-0.0496503335,0.0222989519,0.318794422,0.156358242,-0.0872479523,0.0703820688,-0.0105219692,-0.0637019046,0.0538365024,-0.0371966729,-0.00820276521,-0.00020488175,-0.258538559,-0.750481842,0.167844378
0.826,0.0564156054,0.0568273017,-0.00503908356,-0.0258994433,0.036855989,-0.0478057769,-0.00347461211,0.339976202,0.36185501,-0.108072471,0.0628950726,-0.0189532313,-0.0655500083,0.0541065489,-0.0255760896,0.0129412036,0.0494767063,-0.00926293944,-1.2658987,0.115471306
0.827,0.0797925102,0.0425396191,0.00580847572,-0.0395724236,0.0357588042,-0.0478525904,-0.034642393,0.274753295,0.608565614,-0.104870632,0.0312207786,-0.0338801,-0.05736223,0.0305140605,-0.00861347613,0.0281763201,0.088050183,0.378031059,-1.58409217,-0.0561673168
0.828,0.0891770984,0.0197541052,0.0115152872,-0.0497498224,0.0246406963,-0.0519159099,-0.0589529641,0.117625269,0.81435405,-0.0674747831,-0.0212431181,-0.0528672451,-0.0406956049,-0.013860022,0.0113953274,0.0305540613,0.102785574,0.806874996,-1.51218067,-0.336569509
0.829,0.0762096957,-0.00749093732,0.00642074425,-0.0540266509,0.00255621883,-0.0598422041,-0.064680846,-0.101954127,0.885816047,0.00328528422,-0.0826600548,-0.0703395693,-0.019711882,-0.0671718047,0.0311719831,0.0173370397,0.0886912212,1.15013325,-0.94375144,-0.667012145
0.83,0.0387884592,-0.034803186,-0.0112201554,-0.0514145916,-0.0289575196,-0.0688056805,-0.0455288076,-0.326063932,0.757416665,0.0906262413,-0.135401063,-0.079181475,-5.97107671e-05,-0.112057608,0.047078512,-0.00889370578,0.0505764437,1.29378049,0.0778499596,-0.949605771
0.831,-0.0168551343,-0.0587686893,-0.0375875068,-0.0431434908,-0.0655117462,-0.0738504447,-0.00422365741,-0.487031552,0.427139817,0.164095859,-0.161521012,-0.0735906644,0.0134101435,-0.131335638,0.0561142775,-0.0399561178,0.00224524163,1.18040307,1.34753278,-1.07558406
0.832,-0.0770728605,-0.0772439766,-0.0643741847,-0.0320401696,-0.100337906,-0.0700862424,0.0483075517,-0.53392893,-0.030353727,0.189325148,-0.149442591,-0.0516756512,0.0183113689,-0.11508981,0.056700847,-0.0656078216,-0.0395857076,0.832835629,2.55147529,-0.966680425
0.833,-0.125244497,-0.0890507778,-0.0819856651,-0.0216554345,-0.126034504,-0.0548074474,0.0966270316,-0.452162584,-0.48373343,0.142564891,-0.0988470598,-0.0166538408,0.015637118,-0.0646129244,0.0492512422,-0.0767766747,-0.0610861156,0.346301649,3.37028315,-0.609387284
0.834,-0.147624358,-0.0931449196,-0.083377476,-0.0149559583,-0.135980036,-0.029506463,0.127498088,-0.269599949,-0.791485674,0.0234625883,-0.0214820573,0.0236000862,0.00937183142,0.006858207,0.0361078531,-0.0696810055,-0.0573632372,-0.147136056,3.58906303,-0.0685310906
0.835,-0.138083733,-0.0881843441,-0.0674800716,-0.0127822898,-0.127392544,0.00092995626,0.13396181,-0.0440025282,-0.855979354,-0.140854492,0.0620763666,0.0594515176,0.00462837844,0.0789346603,0.0212890117,-0.0469337523,-0.0322364058,-0.526435057,3.16950731,0.530611205
0.836,-0.100043725,-0.0728658122,-0.0392582268,-0.0136682668,-0.101697844,0.0298447656,0.117714155,0.159183765,-0.659305879,-0.30254016,0.129525028,0.082948299,0.00515731053,0.13188874,0.00834356373,-0.0155806367,0.00304727024,-0.718672376,2.25317141,1.04267514
0.837,-0.0444619673,-0.047536746,-0.00724409448,-0.0153616948,-0.0642623626,0.050758853,0.0870388625,0.289647678,-0.267734841,-0.409716412,0.164086504,0.0900674538,0.0120939904,0.153022265,-0.000103161265,0.0154786547,0.0363359362,-0.714782271,1.10297064,1.3490307
0.838,0.0141779145,-0.0149942279,0.0199806266,-0.0155966683,-0.0228002366,0.0601420259,0.0529045212,0.326314103,0.196195131,-0.424393346,0.159382062,0.0815178851,0.0238183936,0.140158896,-0.0032853464,0.0387931594,0.057971315,-0.559883717,0.00976665145,1.39294523
0.839,0.0622598794,0.0197019407,0.0364868082,-0.013449138,0.0147005753,0.0576368257,0.0248245561,0.278892657,0.59934895,-0.336962958,0.120577663,0.0618130141,0.0366488904,0.101313055,-0.002197589,0.0504942955,0.0644950032,-0.329254992,-0.7963768,1.19202822
0.84,0.0906433172,0.0502655893,0.0406783781,-0.00933077473,0.0420604934,0.0464242423,0.00792467493,0.179084624,0.842902605,-0.168939517,0.0615206247,0.0373315782,0.0466162137,0.0506426186,0.00115757928,0.0507738538,0.0576605931,-0.0990799518,-1.20199687,0.825503717
0.841,0.0964781835,0.0710311762,0.0348291331,-0.0046998963,0.0561079079,0.0311650202,0.00250600135,0.0660949338,0.889316817,0.0342158036,-0.000353553752,0.0140291473,0.0507774483,0.00318873935,0.00454856818,0.0429955707,0.0433474324,0.0747420157,-1.21902081,0.403760162
0.842,0.0828660547,0.0785386345,0.0236595722,-0.00108434971,0.0571310781,0.0169338422,0.0050063787,-0.0267610779,0.764750953,0.21961367,-0.0496610576,-0.00397909341,0.0481987168,-0.0298432535,0.00654400855,0.0318071922,0.0280526546,0.167472316,-0.954428324,0.0328358555
0.843,0.0569447495,0.0725130989,0.0121375762,0.000634118639,0.048032041,0.00713386119,0.0105581508,-0.0810567707,0.53919033,0.343781715,-0.0771729165,-0.0150823723,0.0398465239,-0.0437541784,0.00666042254,0.0214483921,0.0171020309,0.18299001,-0.557164971,-0.214762226
0.844,0.027104025,0.0557975145,0.00381830144,0.000613994135,0.0333515755,0.00330874542,0.0149043194,-0.0944782786,0.295502115,0.386094258,-0.0812485138,-0.0197066527,0.0280040237,-0.0401942395,0.00552253648,0.0143692503,0.0128121173,0.144380519,-0.165754295,-0.313463969
0.845,0.000563758633,0.0333012597,5.07683759e-05,-0.000136373057,0.0176295033,0.004773524,0.0160181687,-0.0770972146,0.100681785,0.351397666,-0.0666681106,-0.0194982327,0.0153073002,-0.0252612489,0.00415834435,0.0112190623,0.0147967441,0.0806144741,0.127333452,-0.281286657
0.846,-0.018119491,0.0104795519,0.000209785348,-0.000317073787,0.00465490683,0.00971037608,0.0139503917,-0.0439398542,-0.0106105956,0.265028356,-0.0417539306,-0.016396976,0.00398642376,-0.00637257479,0.00365942378,0.0111158229,0.0206253376,0.0167563796,0.286385918,-0.163733914
0.847,-0.027444334,-0.00816977365,0.00260475581,0.0010499,-0.00342213085,0.0157725125,0.0103204982,-0.00917034979,-0.0374809513,0.160631824,-0.0151832749,-0.0120257829,-0.00459840252,0.0100669594,0.00455722594,0.0127311574,0.0272769981,-0.0319006553,0.32311492,-0.0139939264
0.848,-0.0283960194,-0.0200217385,0.00539484236,0.00424203536,-0.00587664744,0.0211056802,0.00698082505,0.0182837267,-0.002788539,0.0691891146,0.00647152448,-0.00750321538,-0.00998181778,0.0203668314,0.00681944037,0.0147893809,0.0321867566,-0.0599369696,0.276014154,0.123749143
0.849,-0.0234604246,-0.0245533985,0.00736106303,0.00879651775,-0.00338863263,0.0246007781,0.00531386115,0.034936429,0.0613969569,0.0101677177,0.0198573498,-0.00346567987,-0.0124300715,0.02353066,0.00982470164,0.0166227236,0.0338841403,-0.069512362,0.189688197,0.222889224
0.85,-0.0155516131,-0.022945316,0.00804545051,0.0137838744,0.00265632819,0.0260521822,0.00568271797,0.0419966681,0.126359319,-0.0102087668,0.0246734338,-0.000279304285,-0.0125974734,0.0207927387,0.0127363439,0.0179942712,0.0321409946,-0.0663554477,0.100155273,0.275327964
0.851,-0.00725303522,-0.0173200174,0.00767794303,0.0181781169,0.010474335,0.0258578876,0.00766578793,0.0425655866,0.173838309,0.00248649532,0.0227323858,0.00187312788,-0.0113172607,0.0143627091,0.0147340653,0.018983906,0.0275779619,-0.0569358194,0.028899885,0.286640612
0.852,-0.000359840343,-0.0100048947,0.00676660622,0.0212154487,0.0184285098,0.0247134716,0.0103559564,0.0403216556,0.197267332,0.0365769468,0.0167550955,0.00291067704,-0.00934039165,0.00663690809,0.0153075822,0.0196788755,0.021371294,-0.0463097288,-0.0166352189,0.269572627
0.853,0.0042284797,-0.00292541365,0.00584895519,0.0225548459,0.0252059864,0.0233154714,0.0128536792,0.0377023745,0.199043159,0.0786726787,0.00939908792,0.00287728684,-0.00730462182,-0.000569922264,0.014306236,0.020052697,0.0146453337,-0.0376766256,-0.0386006293,0.237918235
0.854,0.00638868082,0.00264430097,0.00524485194,0.0222886077,0.0299992345,0.0221303695,0.0145423126,0.0361923225,0.186196515,0.118254345,0.00264446033,0.00195432484,-0.00561407169,-0.00615567471,0.0119499428,0.0199800426,0.00840935892,-0.032303577,-0.0438507871,0.202906611
0.855,0.00653052118,0.00615695224,0.00504998781,0.0208037014,0.032496991,0.0213844731,0.0151937733,0.0358626229,0.166546108,0.148667809,-0.00238869521,0.000427498615,-0.00451121908,-0.00976291248,0.00867682823,0.0192448048,0.00317325313,-0.0302355738,-0.0398869124,0.17155005
0.856,0.00532196964,0.0076244452,0.00515509135,0.0186070907,0.0327881395,0.0210165358,0.0149537862,0.0364886339,0.146241855,0.167893225,-0.00534956441,-0.00133274889,-0.00403163815,-0.011527082,0.00503132446,0.0177462314,-0.000778805991,-0.0307088054,-0.0327424541,0.147042764
0.857,0.00347420506,0.00744800456,0.00537589481,0.0161806353,0.0312813065,0.0208711438,0.0141351953,0.0373237848,0.128906113,0.176671819,-0.00643091991,-0.00299024142,-0.00409928543,-0.0118633949,0.00149772934,0.0154260275,-0.00361023435,-0.0327617912,-0.0261692526,0.129682837
0.858,0.00158268442,0.0061869835,0.00551825892,0.013871132,0.0284955103,0.0206857528,0.0131596548,0.038059868,0.11584597,0.177803851,-0.00610504915,-0.00425880883,-0.00453516553,-0.0112795197,-0.00155368817,0.0124485441,-0.00550695566,-0.0354284956,-0.0219469202,0.118269637
0.859,5.41991422e-05,0.00442350068,0.00546359876,0.0118821259,0.0250250049,0.020298593,0.0123187603,0.0382897767,0.106816698,0.174145087,-0.0049449545,-0.00500413979,-0.0051364346,-0.0102243466,-0.0039394847,0.00897249349,-0.00689751708,-0.0379971059,-0.0204310435,0.110960789
0.86,-0.000914646094,0.00262949611,0.00515954397,0.010255652,0.0213335938,0.0195574569,0.0118504985,0.0381481342,0.100822676,0.16850061,-0.00345641031,-0.00519610366,-0.00571562244,-0.00906718097,-0.00562129866,0.0053094977,-0.00803030556,-0.0399929063,-0.0212395763,0.106027347
0.861,-0.00129853534,0.00113984728,0.00463932227,0.00895787139,0.0178226914,0.01846633,0.0117703608,0.0375980955,0.0967137273,0.162566704,-0.00203951688,-0.00493353929,-0.00612358955,-0.00802139372,-0.00669876383,0.00164065577,-0.00926095945,-0.0412132168,-0.0236864995,0.10204607
0.862,-0.00120238332,0.000114323203,0.00396816924,0.00787460208,0.0146746582,0.0170374202,0.0120635784,0.0369651356,0.0935404875,0.15756124,-0.000930964552,-0.00436952024,-0.00629303727,-0.0072220737,-0.00733145004,-0.00178147518,-0.0106789892,-0.0416495188,-0.0270912076,0.0980623971
0.863,-0.000781983984,-0.000412485389,0.00323760182,0.00691711295,0.0120103674,0.0153843104,0.0125588987,0.0362513202,0.0906479603,0.153740155,-0.000250385286,-0.00367727052,-0.00619654931,-0.00668255327,-0.00770198924,-0.00490800055,-0.0124450301,-0.0414349782,-0.03089236,0.0934798876
0.864,-0.000232113592,-0.000524644654,0.00252226797,0.00597087886,0.00976623979,0.0135859658,0.0131404568,0.035696245,0.0876938162,0.151216734,-4.12934456e-06,-0.00302373319,-0.0058890062,-0.00639671538,-0.00797133937,-0.00763424274,-0.0144643233,-0.0407883135,-0.0346827388,0.0880185404
0.865,0.000298721853,-0.000355387503,0.00187277234,0.00499790205,0.00788608566,0.0117488088,0.0136208356,0.0351782545,0.0845245324,0.149588058,-0.000125549966,-0.00249909165,-0.00542496821,-0.00628980416,-0.00824609884,-0.0100451954,-0.0167412437,-0.0399332558,-0.0382046571,0.0816147599
0.866,0.000670051909,-6.68963314e-05,0.00131532677,0.00393479702,0.00621662217,0.00992173267,0.0139213809,0.0347961432,0.0811488271,0.148621126,-0.000500481174,-0.0021767184,-0.00489933155,-0.00630059883,-0.00859214038,-0.0121126579,-0.0190895686,-0.0390703105,-0.0413149176,0.0743727891
0.867,0.000828202209,0.000209748607,0.000831464909,0.00281707066,0.00467318068,0.00815053281,0.0139345448,0.0343419343,0.0776023734,0.1478537,-0.000987882631,-0.00201935533,-0.00437715958,-0.00633224793,-0.00901830549,-0.0139476131,-0.0214673078,-0.0383364865,-0.0439624567,0.0664938193
0.868,0.000727928683,0.000397045109,0.000377931479,0.00165172028,0.00313361038,0.00643428243,0.01367144,0.0338366199,0.0739914084,0.147083354,-0.00146382658,-0.0019998759,-0.00392798235,-0.00631568004,-0.00950745801,-0.0155064654,-0.0236954548,-0.0377927435,-0.0461611489,0.0582610096
0.869,0.0004137209,0.000420679198,-5.18569591e-05,0.000462658535,0.0016167614,0.00473874625,0.0131285627,0.0330713864,0.0703643667,0.146008999,-0.00174513589,-0.00206798553,-0.0035264113,-0.00619504443,-0.010014005,-0.0168437496,-0.0257759016,-0.0374322162,-0.0479701398,0.0499676455
0.87,3.87431455e-05,0.000251555257,-0.000460339119,-0.000706222256,7.71871145e-05,0.00307430645,0.0123603234,0.0321078441,0.0667963065,0.144594285,-0.00183809984,-0.00216360594,-0.00318841541,-0.00600651412,-0.0104246168,-0.0179869599,-0.0275228607,-0.0372818884,-0.049436856,0.0418384409
0.871,-0.000360351876,-8.14685517e-05,-0.000885504857,-0.00178947109,-0.00147092154,0.0014578541,0.0113464255,0.0308353506,0.0632788898,0.142719287,-0.00176979324,-0.00218923495,-0.00290970146,-0.00573623074,-0.0107101552,-0.0189622446,-0.0289824012,-0.0372834555,-0.0506279578,0.0340883784
0.872,-0.000715309339,-0.000502338155,-0.0013439246,-0.00277006883,-0.00299267411,-0.000136306632,0.0101854568,0.0293218935,0.0598679132,0.140434732,-0.00154926546,-0.00211159493,-0.0026769816,-0.00538584975,-0.0108272275,-0.0197091503,-0.0300683731,-0.0373755231,-0.0516112852,0.0268681374
0.873,-0.000993897595,-0.000971704832,-0.00181901621,-0.00363127337,-0.00443544678,-0.0016835055,0.00885744272,0.0275293961,0.0565153074,0.137730387,-0.0012343314,-0.00191339777,-0.00244332338,-0.00498739635,-0.0107638349,-0.0202433664,-0.0308503252,-0.0374839006,-0.0524357817,0.020301513
0.874,-0.00117040903,-0.0014123603,-0.00229494806,-0.00437292713,-0.00575060431,-0.0031811883,0.00745495513,0.0255521852,0.0532663559,0.134691977,-0.000859871541,-0.00160818486,-0.00219020269,-0.00455054975,-0.0105237937,-0.0205086088,-0.0312943676,-0.0375568794,-0.0531440701,0.0144001884
0.875,-0.00124958115,-0.00178732437,-0.00274928393,-0.0049970539,-0.00689906407,-0.00460340479,0.00595717078,0.0233803743,0.0500605683,0.131340116,-0.000483987193,-0.0012262507,-0.00189773719,-0.0040993517,-0.0101369891,-0.0205309366,-0.0314679318,-0.0375569074,-0.0537453487,0.009195496
0.876,-0.00124742071,-0.00206302989,-0.00315553385,-0.00551208783,-0.00786312723,-0.00592799389,0.00443000243,0.0210983607,0.0469464445,0.127737368,-0.000136752767,-0.000799204344,-0.00155863724,-0.00364100304,-0.00962395699,-0.0202822472,-0.0313572707,-0.0374580256,-0.0542593145,0.00460317939
0.877,-0.0011841505,-0.00223058375,-0.00349640153,-0.00592944676,-0.00863289298,-0.0071429201,0.00285067509,0.0186984308,0.0438565121,0.123915152,0.00015618082,-0.000368971425,-0.00118333951,-0.00318151018,-0.00902594687,-0.019806261,-0.0310037725,-0.0372664959,-0.0546608936,0.000606784045
0.878,-0.00108625412,-0.00229855925,-0.00375050589,-0.0062539041,-0.00921984479,-0.00821768591,0.00126265634,0.0162474037,0.0408458249,0.119901873,0.000389836586,4.53917713e-05,-0.000775058262,-0.00271653373,-0.00835507683,-0.019097135,-0.0304003872,-0.0369596727,-0.0549664257,-0.00290485683
0.879,-0.000963835414,-0.00227560138,-0.00391261927,-0.00648897733,-0.00963589792,-0.00915224971,-0.000341962002,0.013735023,0.0378517741,0.115731112,0.000564511133,0.000413030853,-0.000359586821,-0.00224762564,-0.0076458329,-0.018204748,-0.0295731229,-0.0365584893,-0.0551375188,-0.00594007361
0.88,-0.000836510118,-0.00218556154,-0.00397781503,-0.00663159583,-0.009898612,-0.0099218907,-0.00192191022,0.0112099948,0.0349428298,0.111394041,0.000685676321,0.00072926026,5.58649785e-05,-0.00177215703,-0.00689893563,-0.0171430329,-0.0285257947,-0.0360336782,-0.0552028905,-0.0086043776
0.881,-0.000708896696,-0.00204206068,-0.00395419355,-0.00668387181,-0.01002928,-0.0105441939,-0.00346820198,0.00865601635,0.0320634355,0.106928681,0.000761503639,0.000979192184,0.000445480225,-0.00129980389,-0.0061381637,-0.0159574785,-0.0272817814,-0.0354097039,-0.0551187496,-0.0108867936
0.882,-0.000592617567,-0.00186877725,-0.00385072506,-0.0066445201,-0.010037357,-0.0110085638,-0.00494767004,0.00611380733,0.0292810365,0.102313073,0.00080196415,0.00117002,0.000804464076,-0.000827212353,-0.00535808547,-0.0146702236,-0.0258533471,-0.0346566299,-0.0549184734,-0.0128933301
0.883,-0.000486710846,-0.00167718199,-0.0036789916,-0.00651977653,-0.00994579385,-0.0113399043,-0.00634920988,0.00357493208,0.0265353221,0.0976101806,0.000817073376,0.00130352892,0.00111514517,-0.000367414509,-0.00457349656,-0.0133108498,-0.0242642866,-0.0337990374,-0.0545482593,-0.0145950164
0.884,-0.000391763541,-0.00148103656,-0.00345268447,-0.00630961805,-0.00975197579,-0.0115313047,-0.00765074269,0.00108720069,0.0238847762,0.0927979326,0.000814393033,0.00139090063,0.00137800371,8.28576456e-05,-0.00378086489,-0.0119029424,-0.0225348405,-0.0328083199,-0.0540485289,-0.016092776
0.885,-0.000304936269,-0.00128473872,-0.00318286157,-0.00602451041,-0.00947781024,-0.0116051613,-0.00883997416,-0.00134691772,0.0212714924,0.0879527613,0.00079780641,0.0014378996,0.00158497442,0.000504408715,-0.00299334455,-0.0104640655,-0.0206951944,-0.0317089917,-0.0533643129,-0.0173347901
0.886,-0.000225264309,-0.00109352217,-0.00288421443,-0.00566833286,-0.00911462009,-0.0115577317,-0.00990373934,-0.00367793522,0.0187521411,0.0830393262,0.000769453847,0.00145031153,0.00174195381,0.000897379306,-0.00221506293,-0.00901929773,-0.0187740247,-0.0304794145,-0.0525482705,-0.0184151067
0.887,-0.000154104342,-0.00090945478,-0.0025667356,-0.00525870935,-0.00868561289,-0.0114117,-0.0108333908,-0.00590436777,0.0162739943,0.0781388183,0.000730774747,0.00143265794,0.00184729828,0.00124417016,-0.00145955504,-0.0075774362,-0.016803465,-0.0291479573,-0.0515416062,-0.0192756586
0.888,-9.13638819e-05,-0.000735267425,-0.00224162369,-0.00480293808,-0.00818280969,-0.0111666164,-0.0116277614,-0.00798186855,0.0138867855,0.0732071557,0.000684157191,0.001389757,0.00190917889,0.0015490339,-0.000734504001,-0.00616116351,-0.0148088531,-0.0277027235,-0.0504037932,-0.0200129903
0.889,-3.82433333e-05,-0.00057274258,-0.00191667862,-0.00432068509,-0.00763095997,-0.0108420744,-0.0122844375,-0.00991189157,0.0115441333,0.0683283094,0.000631492708,0.00132669731,0.001928062,0.00180203831,-5.03248909e-05,-0.00477426675,-0.0128164593,-0.0261748137,-0.0490720881,-0.0205658994
0.89,6.18124065e-06,-0.000422923212,-0.00159838747,-0.00381787319,-0.00702572286,-0.0104376554,-0.0128084409,-0.0116548632,0.0092914903,0.0634501868,0.000575056407,0.00124862058,0.00191276795,0.00200920582,0.000585555702,-0.0034381658,-0.0108460074,-0.0245596227,-0.047613159,-0.0210261103
0.891,4.10369696e-05,-0.000287803849,-0.0012938681,-0.00331356753,-0.00639242713,-0.00997060299,-0.0131993375,-0.0132178544,0.00709285855,0.0586535072,0.000516354129,0.00115827857,0.00186550683,0.00216503563,0.00116665061,-0.00215672895,-0.00892140847,-0.0228851234,-0.0459628551,-0.0213279465
0.892,6.75686669e-05,-0.000167945568,-0.00100556764,-0.00281139956,-0.00573098178,-0.00944304977,-0.0134634585,-0.0145701854,0.00499229254,0.053877858,0.000458358465,0.00106075521,0.00179595851,0.00227584226,0.00168814742,-0.000948003186,-0.00705735908,-0.0211526364,-0.0441979566,-0.0215525002
0.893,8.61106737e-05,-6.52908336e-05,-0.00074014776,-0.0023271941,-0.00506516514,-0.00887115545,-0.013603686,-0.015727524,0.00296603563,0.0492007945,0.000402166236,0.000958239069,0.00170670351,0.00234177496,0.00214858817,0.000185978335,-0.00527302336,-0.019383915,-0.0422577944,-0.0216318827
0.894,9.81283933e-05,2.19597264e-05,-0.00049687823,-0.001860707,-0.00439594749,-0.00825970989,-0.013625078,-0.0166699638,0.00104595929,0.0445705536,0.000351155049,0.000857306449,0.0016060385,0.00237102533,0.00254624233,0.0012342898,-0.00357515263,-0.0175818029,-0.0402144826,-0.0216568695
0.895,0.000104654506,9.32562055e-05,-0.000281009637,-0.00142426796,-0.00374140293,-0.00762311624,-0.0135321575,-0.0174173762,-0.000788414541,0.0400652087,0.000306226654,0.000759693643,0.00149612997,0.00236786754,0.00288351962,0.00219506901,-0.00197780944,-0.0157599449,-0.0379999681,-0.0215636568
0.896,0.000108950951,0.000152287694,-8.80701175e-05,-0.00101463865,-0.00310206612,-0.006966045,-0.0133277417,-0.0179532347,-0.00250875886,0.03563181,0.000270115948,0.000671138056,0.00138422876,0.00233938752,0.0031619618,0.00306228725,-0.000482497203,-0.0139295027,-0.0356936787,-0.0214226201
0.897,0.00011295079,0.000199430589,7.86233333e-05,-0.000640310479,-0.00249111883,-0.00629966758,-0.0130197969,-0.0182973463,-0.00412178588,0.0313384908,0.000241123022,0.000591197064,0.00127217238,0.0022898723,0.00338584864,0.00383276209,0.000898549063,-0.0120996291,-0.0332409017,-0.0211540222
0.898,0.000118952267,0.000239584064,0.000225231162,-0.000296343843,-0.00190856491,-0.00562857371,-0.0126096344,-0.0184395307,-0.00560775924,0.0271408629,0.000220282436,0.000523295433,0.00116550017,0.00222467312,0.00355837226,0.00450658402,0.00216656991,-0.0102850899,-0.0307234338,-0.0208256865
0.899,0.000127969846,0.000273368654,0.000350004704,1.21691359e-05,-0.00136215985,-0.00496128559,-0.0121082565,-0.0184006152,-0.00696817206,0.023101593,0.000204812713,0.000465371278,0.00106481967,0.00214778193,0.00368362904,0.00508047497,0.00331254974,-0.00848901865,-0.0280895454,-0.0203605023
0.9,0.000141969235,0.000305581881,0.000459966272,0.000291499662,-0.000851210651,-0.00430000703,-0.0115171087,-0.0181746664,-0.00818725229,0.0191814027,0.000194209754,0.000419045355,0.000973113648,0.00206309479,0.00376635368,0.00556005233,0.0043413532,-0.00673311069,-0.025427223,-0.0198173271
0.901,0.000160604215,0.000336512901,0.000554239095,0.0005394288,-0.000379682901,-0.00365063012,-0.0108499696,-0.017782184,-0.00926088964,0.0154373649,0.000184610709,0.00038076704,0.000889245845,0.00197289369,0.00380820403,0.00594142459,0.00524611477,-0.00501538406,-0.0226914228,-0.0191270208
0.902,0.000183452779,0.000369596719,0.000638901116,0.000760763718,5.33877806e-05,-0.00301520481,-0.01010829,-0.0172237183,-0.0101844349,0.0118431767,0.000175605213,0.000350042722,0.000814530355,0.0018800616,0.00381444455,0.00623443915,0.00603228059,-0.0033590567,-0.0199648214,-0.0183589722
0.903,0.000208829513,0.000403732329,0.000713638606,0.000954477187,0.000447087598,-0.0023992217,-0.0093070275,-0.0165201672,-0.0109545909,0.00844957047,0.000164892951,0.000322772113,0.000747104159,0.00178511189,0.00378457567,0.00643457458,0.00669520409,-0.00175665479,-0.0172005532,-0.017458486
0.904,0.000236207753,0.000440495689,0.000782918784,0.00112456358,0.000802549867,-0.00180359491,-0.00844881039,-0.0156773911,-0.0115721742,0.00523455414,0.000152540546,0.000298236969,0.000687034437,0.00169034963,0.00372591068,0.0065546407,0.00724243572,-0.000235591796,-0.0144795737,-0.0164893937
0.905,0.000264074166,0.000478262737,0.000846229046,0.0012722783,0.00112084509,-0.00123182395,-0.00754907969,-0.0147148195,-0.0120312078,0.00223690494,0.00013690471,0.000273364499,0.000631293163,0.00159410087,0.00363595228,0.00658986783,0.00767307783,0.00121446088,-0.011760151,-0.0154003298
0.906,0.000291770931,0.000517369933,0.000905665426,0.00140046011,0.00140309889,-0.000683870505,-0.00661172104,-0.0136431071,-0.0123375696,-0.000559755533,0.000118423162,0.000247771826,0.000579247811,0.0014986902,0.00352297709,0.0065551764,0.00799537703,0.00256451594,-0.00912032593,-0.0142516179
0.907,0.000318028348,0.000556001834,0.000960813233,0.00151098739,0.00165178277,-0.00016256176,-0.00565142156,-0.0124797314,-0.0124860931,-0.0031264576,9.660546e-05,0.000219380662,0.000527756463,0.00140087412,0.00338247767,0.00644615651,0.00821079411,0.00382871445,-0.0065216283,-0.0129997848
0.908,0.000342462237,0.000593583572,0.00101206399,0.00160493763,0.00186805001,0.00033181226,-0.00467375689,-0.0112398247,-0.0124876432,-0.00547397719,7.20069496e-05,0.000188144799,0.000476648216,0.00130324474,0.00322376996,0.00627870407,0.00832693545,0.00497800422,-0.00403687631,-0.0117032483
0.909,0.000364066863,0.000628704152,0.00105909521,0.0016845818,0.00205532091,0.000797247667,-0.00369184464,-0.00993858527,-0.0123392475,-0.00758372578,4.42966601e-05,0.000152874228,0.000422955845,0.00120089778,0.00304130104,0.00604882128,0.00834820775,0.00602936303,-0.0016303778,-0.0103262672
0.91,0.000382218715,0.000660355097,0.00110061735,0.00174967646,0.00221438506,0.00123359143,-0.00271292014,-0.00859441139,-0.0120552738,-0.00946262212,1.37510592e-05,0.000113861039,0.000367048523,0.00109655824,0.00284471949,0.00577206596,0.00828167016,0.00695451925,0.000631984805,-0.00892486198
0.911,0.000395902997,0.000687429989,0.00113635281,0.0018023721,0.00234872658,0.00164012586,-0.00174766286,-0.00721942629,-0.0116359425,-0.0111025326,-1.92387792e-05,7.06028777e-05,0.000306277342,0.000984826852,0.00262744852,0.00544540113,0.00813443492,0.00777307218,0.00278357913,-0.00747052914
0.912,0.000404783616,0.000708536306,0.00116433325,0.00184117242,0.00245834728,0.00201616406,-0.000804888564,-0.00583386842,-0.0110977499,-0.0125074691,-5.38104026e-05,2.38667629e-05,0.000241915484,0.000869609839,0.00239888509,0.00508362291,0.00791190507,0.00845906537,0.00476649134,-0.00601545788
0.913,0.0004085681,0.000723087854,0.00118484176,0.00186814148,0.00254667921,0.00236172898,0.000107600119,-0.00444713317,-0.0104448923,-0.0136787837,-8.92253658e-05,-2.62848375e-05,0.000171890517,0.000745938722,0.00215272337,0.00468522113,0.00762345392,0.00903448121,0.00661147012,-0.0045371465
0.914,0.000407191145,0.000730001901,0.00119569593,0.00188130617,0.00261317506,0.00267510477,0.000979941447,-0.00308042026,-0.00969451245,-0.0146186343,-0.000125032099,-7.87660458e-05,9.82380982e-05,0.000618184296,0.00189830511,0.00426305561,0.00727293083,0.0094763099,0.00826976038,-0.00308303271
0.915,0.00040028758,0.000729246736,0.00119731049,0.00188259411,0.00266102559,0.00295724303,0.00180765055,-0.00174074921,-0.00885511119,-0.015337164,-0.000160751616,-0.000133381485,1.93536745e-05,0.000481674489,0.00163031202,0.00381679101,0.0068720824,0.00980785369,0.00976983652,-0.00163695793
0.916,0.000387659444,0.000719813416,0.00118752672,0.00186957868,0.00268869521,0.00320553225,0.00258045849,-0.000448228362,-0.00794292653,-0.0158361338,-0.000195610291,-0.000188765733,-6.2110178e-05,0.000341288108,0.00135721832,0.00335662409,0.006422863,0.0100096034,0.0110735391,-0.00024084461
0.917,0.00036945225,0.000701870696,0.00116722012,0.0018440429,0.00269888338,0.00342192096,0.00329688376,0.00079249434,-0.00697077793,-0.01613281,-0.000228648164,-0.000244413709,-0.0001471754,0.000193893141,0.00107513325,0.00288415787,0.00593857884,0.0101058058,0.0122064828,0.00111624831
0.918,0.00034618469,0.00067491029,0.00113493264,0.00180393063,0.00268955378,0.00360294905,0.00394691316,0.00196393613,-0.00595267921,-0.016228843,-0.00025903154,-0.000298603964,-0.000232831148,4.47981904e-05,0.000791588539,0.00240712262,0.0054191289,0.0100815729,0.0131414525,0.00240032602
0.919,0.00031839695,0.000639806897,0.00109194393,0.00175141022,0.0026636368,0.00375136493,0.00453170635,0.00306249376,-0.00490557478,-0.0161463189,-0.000286446607,-0.000350931707,-0.000319645533,-0.000108053803,0.000504912829,0.00192925085,0.00487929166,0.00996134281,0.0139001674,0.00361774576
0.92,0.000286368582,0.000596619027,0.00103725788,0.00168478981,0.00261893162,0.00386305643,0.00504255926,0.00407447772,-0.00383997256,-0.0158881785,-0.000310471979,-0.000399926349,-0.000404583004,-0.00026008304,0.000221217605,0.00145509717,0.00431723499,0.00973483463,0.0144673969,0.00474293879
0.921,0.000250478864,0.000546320173,0.000972369769,0.00160610145,0.00255819877,0.00394132561,0.00548234319,0.00499653942,-0.00277620935,-0.0154800076,-0.00033073463,-0.000445336965,-0.000487676626,-0.000411920819,-5.90500171e-05,0.000990314395,0.00374862074,0.00942494298,0.0148603975,0.00577695776
0.922,0.000211304191,0.000489096286,0.000896992745,0.00151399753,0.00247890609,0.00398207597,0.00584444321,0.00582074859,-0.00172015048,-0.0149272068,-0.000346436006,-0.00048561176,-0.000566142726,-0.000559332347,-0.000331765907,0.000536370119,0.00316979365,0.00902614355,0.0150767008,0.00670387235
0.923,0.000169867626,0.000426270107,0.000813106571,0.00141097261,0.00238397766,0.00398912126,0.00613229238,0.00654309435,-0.00069490232,-0.0142556816,-0.0003573595,-0.000520331202,-0.000639598419,-0.000701234816,-0.000594082883,0.000101288647,0.00259690165,0.0085589968,0.0151274253,0.00752027867
0.924,0.000126905234,0.000358617398,0.000720997065,0.00129655315,0.00227158083,0.00395930481,0.00634271806,0.00716243162,0.000298722958,-0.01347339,-0.000363342294,-0.000548369409,-0.000705979404,-0.000834920548,-0.000844064785,-0.000316448222,0.00202511674,0.00802364817,0.0150230555,0.00822146171
0.925,8.31749507e-05,0.000287785563,0.000622808113,0.00117349194,0.00214502684,0.00389639232,0.00647860687,0.00767250548,0.00123566031,-0.0126041157,-0.000364624714,-0.000569668269,-0.000764434332,-0.000958354272,-0.00107659267,-0.000706755497,0.00147078107,0.00743706759,0.0147670753,0.00879925555
0.926,3.90819092e-05,0.000214470234,0.000519121385,0.00104159378,0.00200304327,0.00379877987,0.00654128454,0.00807991043,0.00212076051,-0.0116603944,-0.000361034264,-0.00058372641,-0.000813764783,-0.00107054064,-0.00129250323,-0.00107435577,0.000928066777,0.00680489103,0.0143836676,0.00926020414
0.927,-4.3166153e-06,0.000140260277,0.00041235928,0.000903677478,0.00184857963,0.00366944373,0.00653145169,0.00837521461,0.00292838561,-0.0106619444,-0.000352499277,-0.000590206841,-0.000852571987,-0.00116769542,-0.00148459101,-0.00140728433,0.00041263452,0.00613852775,0.013867204,0.00959091769
0.928,-4.6309354e-05,6.59401985e-05,0.00030338467,0.000760224794,0.00168140906,0.00350944398,0.00645613941,0.00857382826,0.00366903217,-0.00962630264,-0.000339180062,-0.000589008829,-0.000880975245,-0.00125066196,-0.00165665447,-0.00171328487,-8.19629164e-05,0.00544950059,0.0132556582,0.00980981518
0.929,-8.5784789e-05,-6.52073375e-06,0.000194738773,0.000614322682,0.00150446471,0.00332041674,0.00631272799,0.0086621626,0.0043171761,-0.00856532831,-0.000321441008,-0.000579746398,-0.000897136359,-0.00131466082,-0.00179953758,-0.00197878663,-0.000541116266,0.00474274857,0.01253235,0.00989839836
0.93,-0.0001226525,-7.64669664e-05,8.71876107e-05,0.000466822885,0.0013192859,0.00310705269,0.00611518684,0.00866477236,0.0048881012,-0.00750202958,-0.000300001145,-0.00056344068,-0.000902671724,-0.00136338805,-0.00192032927,-0.00221454124,-0.000971185503,0.00403655272,0.0117490214,0.00988689935
0.931,-0.000156031916,-0.000142146942,-1.67327451e-05,0.000320393685,0.00112788849,0.00286851951,0.00585594547,0.00856287511,0.00535760698,-0.00643876677,-0.000274870229,-0.000539557043,-0.000895003289,-0.00139085917,-0.00200818259,-0.00240579076,-0.00135945586,0.00332782726,0.0108765045,0.00975128294
0.932,-0.000185809989,-0.000203418353,-0.000116346045,0.00017625442,0.000933238193,0.00261375884,0.00555641616,0.00839011217,0.0057453951,-0.00540591466,-0.000246825756,-0.000509744556,-0.000877337615,-0.00140298859,-0.00207345924,-0.00256604758,-0.00171201755,0.00264148945,0.00998007183,0.00953289459
0.933,-0.000210718374,-0.000258399561,-0.000209195979,3.68234588e-05,0.000735765338,0.00233840652,0.00520279906,0.00812185988,0.00602994989,-0.00439425317,-0.000215860806,-0.00047282616,-0.00084638809,-0.00139232389,-0.00210369375,-0.0026797652,-0.00201908321,0.0019647741,0.00901661225,0.00920183318
0.934,-0.000231101826,-0.000307140062,-0.000294961143,-9.61290081e-05,0.000540767892,0.0020564151,0.00482483142,0.00780049545,0.00623369917,-0.00344127831,-0.00018356039,-0.000431548544,-0.000807202241,-0.00136774038,-0.00211260784,-0.00276293129,-0.00228574296,0.00132989211,0.00806425382,0.00880924637
0.935,-0.000246173716,-0.000347891262,-0.000371573248,-0.000221159355,0.000346859647,0.00175898668,0.00440169003,0.0073953958,0.00633819026,-0.00252392825,-0.000149740718,-0.000384533406,-0.000755613591,-0.00132088176,-0.00208653768,-0.00279971343,-0.00250566001,0.0007138354,0.00706535457,0.00831914927
0.936,-0.000256880785,-0.000381474124,-0.00043907393,-0.00033622288,0.000161689101,0.00146552835,0.0039714059,0.00695681023,0.00636682835,-0.00168767726,-0.000116091581,-0.000335578632,-0.000698390528,-0.00126327931,-0.00204236594,-0.00280805841,-0.00268207993,0.00015655221,0.00611014774,0.00779107543
0.937,-0.000262327792,-0.000406453548,-0.000495854741,-0.0004410795,-1.90451346e-05,0.00116188589,0.00350524822,0.0064481653,0.006305464,-0.000895445159,-8.17949861e-05,-0.000282446992,-0.000630319236,-0.00118503763,-0.0019651787,-0.00277231537,-0.0028129156,-0.000376112355,0.00512642545,0.00718337776
0.938,-0.000263679166,-0.00042415547,-0.000542264402,-0.000533035634,-0.000185200652,0.000873025813,0.00304918999,0.00592610626,0.00617692011,-0.000201234931,-4.8815915e-05,-0.000229661139,-0.000559820871,-0.00109995582,-0.00187441234,-0.00271174009,-0.00289887225,-0.000836526628,0.00421504803,0.00656213362
0.939,-0.000259887951,-0.000433281667,-0.000577289956,-0.000613348134,-0.000344422583,0.000578782396,0.00256653024,0.00534882322,0.00597214251,0.000446245359,-1.58748455e-05,-0.00017402214,-0.000480497888,-0.000996702699,-0.00175403598,-0.0026114754,-0.00294286777,-0.00127018125,0.0032899726,0.00588060754
0.94,-0.000252285518,-0.000435427958,-0.000601387857,-0.000678481327,-0.000483884775,0.000309467043,0.00211017329,0.00477751627,0.00571148398,0.000984753222,1.45716159e-05,-0.000120777101,-0.000402190132,-0.00089107451,-0.0016253492,-0.00249122739,-0.00294249589,-0.00162198422,0.0024604925,0.00520931755
0.941,-0.000239854238,-0.000429331232,-0.000614274342,-0.000731436054,-0.000614888844,3.86976095e-05,0.00163584875,0.00416629122,0.00539155007,0.00147893147,4.40420103e-05,-6.59421498e-05,-0.000317281582,-0.000770545083,-0.00147158629,-0.00233743747,-0.00290639342,-0.00194824729,0.00162835277,0.00449734454
0.942,-0.000224488128,-0.00041685036,-0.000616434303,-0.000767792972,-0.000721729649,-0.000198273241,0.00120204847,0.00357852976,0.00502837414,0.00185910341,6.9694898e-05,-1.57228896e-05,-0.000236815659,-0.000652655735,-0.00131540415,-0.00216917161,-0.00282830919,-0.00218696882,0.000908794814,0.00381685514
0.943,-0.000205381173,-0.000397162796,-0.000608495945,-0.000792746214,-0.000819500708,-0.000433589645,0.000758429488,0.00296619584,0.00462460182,0.00220134354,9.37659031e-05,3.45956706e-05,-0.000152043894,-0.000523865236,-0.00114000913,-0.0019749097,-0.00272269801,-0.00240395294,0.000194678018,0.00311392194
0.944,-0.000184518786,-0.000372421965,-0.00059068781,-0.000800797659,-0.000889972511,-0.000627984451,0.000366938976,0.00239217714,0.00419067924,0.00243007649,0.000113381341,7.83544288e-05,-7.49067763e-05,-0.000402498396,-0.00096830769,-0.00177205842,-0.00257878514,-0.00253176861,-0.000396077674,0.00245993614
0.945,-0.00016088705,-0.00034210592,-0.000564577414,-0.000799167589,-0.000952041517,-0.000818571733,-2.70218588e-05,0.00180858333,0.00373550829,0.00262983921,0.000131247263,0.000121255781,4.28398422e-06,-0.000274149144,-0.000783774392,-0.00155191045,-0.00241684675,-0.00264372353,-0.000975711641,0.00180021039
0.946,-0.000136503389,-0.000308193024,-0.000529917351,-0.000780994271,-0.000985255052,-0.000963633423,-0.000361031437,0.00127446056,0.00326300104,0.00272175721,0.000144154689,0.000156312451,7.31504419e-05,-0.000157278817,-0.000608218824,-0.00132890606,-0.00222144657,-0.00266907667,-0.00142830168,0.00120284338
0.947,-0.000110519429,-0.000270512088,-0.000489370305,-0.000755610864,-0.00101164024,-0.00110368632,-0.000690978663,0.000744846553,0.00278791751,0.0027947622,0.00015520389,0.00018978725,0.000142090394,-3.7424359e-05,-0.000426373546,-0.00109785069,-0.00201835186,-0.00268534244,-0.00186608238,0.000614427076
0.948,-8.49486136e-05,-0.000230839019,-0.000442010406,-0.000714971046,-0.00100920244,-0.00119653542,-0.00095731611,0.000271530451,0.00230737919,0.00277022635,0.000161241444,0.000214549421,0.000198886865,6.77805797e-05,-0.00025781143,-0.00086899373,-0.00178767325,-0.00262156237,-0.00218024152,9.67271955e-05
0.949,-5.8885814e-05,-0.00018948204,-0.000391564929,-0.000670273286,-0.00100224587,-0.00128377702,-0.00121347974,-0.000184199359,0.00184121185,0.00273629847,0.000165766838,0.000237369725,0.00025415299,0.000172278032,-8.95711935e-05,-0.000641471122,-0.00155968651,-0.00255538841,-0.00247661949,-0.00039997928
0.95,-3.39985856e-05,-0.000147624801,-0.000336162004,-0.000612226202,-0.000968246951,-0.00132534532,-0.00140704463,-0.000581433497,0.00138020115,0.00261947833,0.000165552941,0.00025142155,0.000296405489,0.000260445376,6.26543396e-05,-0.000420186451,-0.00131066657,-0.0024198585,-0.00265974517,-0.000822828851
0.951,-9.56836443e-06,-0.000105978278,-0.000280538242,-0.000553363323,-0.000932218257,-0.00136088016,-0.00158465996,-0.00094921716,0.000947573393,0.00250107225,0.000164065006,0.000263482241,0.000335797361,0.00034452718,0.000208371011,-0.000209204528,-0.00107379085,-0.0022873588,-0.0028220003,-0.00121504698
0.952,1.29525106e-05,-6.50184716e-05,-0.000221791562,-0.000483624405,-0.000872494369,-0.00135561675,-0.0017056863,-0.00126116822,0.000529047244,0.00231839855,0.000158266554,0.000267215613,0.000362404429,0.000412028099,0.000337213191,-7.06541449e-06,-0.000822907647,-0.00209991024,-0.00288822431,-0.00153527386
0.953,3.40374938e-05,-2.61021452e-05,-0.000165542941,-0.000416283048,-0.000812983848,-0.0013435049,-0.00180487561,-0.00153317338,0.00014911543,0.00213855547,0.000151641512,0.000268939229,0.000385145452,0.000472358756,0.000453773713,0.000176744408,-0.000591937922,-0.00191831293,-0.00292929119,-0.00181762821
0.954,5.28774163e-05,1.11572037e-05,-0.000107855572,-0.000341039575,-0.000734886937,-0.00129880638,-0.00185829383,-0.00175671928,-0.000209141576,0.00191619356,0.000141604189,0.000263475449,0.000396514608,0.000517670488,0.000554552264,0.000350599034,-0.000354452993,-0.00169979382,-0.00289771077,-0.00203467227
0.955,6.96883785e-05,4.48733253e-05,-5.49738647e-05,-0.000270738022,-0.000658513103,-0.00124545812,-0.0018833498,-0.00193119783,-0.000522872947,0.00169661327,0.000131095296,0.000256128953,0.000403085989,0.000553104593,0.000637906335,0.000499360585,-0.000142110781,-0.00148651105,-0.00283443525,-0.00220875894
0.956,8.42180492e-05,7.64655082e-05,-2.12825272e-06,-0.000195764532,-0.000570085187,-0.0011708629,-0.00187789872,-0.00206876404,-0.000808639913,0.00145934047,0.000118086291,0.000243318274,0.000400721359,0.00057667896,0.000708572666,0.000638486759,6.89628705e-05,-0.00125762178,-0.00272732201,-0.00232834675
0.957,9.60760188e-05,0.000103388256,4.42108431e-05,-0.000127361237,-0.000483386478,-0.00108418827,-0.00183655769,-0.00214941789,-0.00104889017,0.00121986329,0.000104741319,0.000228454677,0.000392512908,0.000587661096,0.000757284574,0.000747457113,0.000253000342,-0.00102882571,-0.00257899836,-0.00240155297
0.958,0.000105800302,0.00012796157,8.92494697e-05,-5.79735816e-05,-0.000392572612,-0.00099039803,-0.00178384818,-0.00220805617,-0.00125580104,0.000989888537,9.01772291e-05,0.000210332948,0.000378857345,0.000591446818,0.000798105681,0.000848335765,0.000427533907,-0.000808472868,-0.00242008248,-0.00243426678
0.959,0.000112496622,0.000147069699,0.000126881208,4.47899963e-06,-0.000301819595,-0.0008790623,-0.00168647282,-0.00220322244,-0.00142094665,0.000747029746,7.52991739e-05,0.000189753705,0.000358076782,0.000580029742,0.000813122715,0.000915918152,0.000576778497,-0.000578184666,-0.00220702826,-0.00241830787
0.96,0.000117630287,0.000163965731,0.000162063954,6.39357866e-05,-0.00021626771,-0.000777143527,-0.00159984251,-0.00219368453,-0.0015476412,0.000542544582,6.05951259e-05,0.000168712194,0.000336227792,0.000567412809,0.000826455174,0.000977690487,0.000707588246,-0.000382810916,-0.00201990465,-0.00237818289
0.961,0.000119435937,0.00017510695,0.000189814903,0.000117683103,-0.000126900585,-0.000649904573,-0.00145837924,-0.00211543483,-0.00164096089,0.000309215814,4.51230814e-05,0.000144288585,0.000305479367,0.000536768038,0.000810806302,0.00100517229,0.000818834748,-0.000162519857,-0.00176223371,-0.00228799716
0.962,0.000120289214,0.000184342272,0.000213935916,0.000163934328,-5.30638806e-05,-0.000550340211,-0.00135158837,-0.00205093605,-0.00169084057,0.000144370759,3.14211716e-05,0.000122548313,0.000278753802,0.000511758919,0.000800439486,0.0010293942,0.000902044761,-5.15675117e-06,-0.00156875693,-0.00219143839
0.963,0.000117551319,0.000187854984,0.000231597478,0.000207311547,3.07670138e-05,-0.000415351429,-0.00117867014,-0.0019138009,-0.00171991857,-6.99464686e-05,1.62660483e-05,9.59273861e-05,0.000240793298,0.000465732706,0.000758639102,0.00102063904,0.000975413168,0.0001967174,-0.00128521037,-0.00204385092
0.964,0.000114767581,0.000189838288,0.000244314349,0.00023815813,8.77237952e-05,-0.000327331059,-0.00106497938,-0.00180876766,-0.00170025226,-0.000185600822,4.72076917e-06,7.56329049e-05,0.000212536313,0.000432815682,0.000729380213,0.00101080747,0.00101029632,0.0003069422,-0.00110434408,-0.00190792368
0.965,0.000108273775,0.000186603903,0.000252556854,0.000270759212,0.000162997537,-0.000191879004,-0.000873347083,-0.00162878172,-0.00167557801,-0.000375007796,-9.44982897e-06,4.83923929e-05,0.000170121193,0.000375771849,0.000667209171,0.000971661493,0.00104857424,0.000484793492,-0.000811862827,-0.00172009936
0.966,0.000102687449,0.00018224171,0.000254222502,0.000285231391,0.000199471917,-0.000122763011,-0.000764566817,-0.00149789753,-0.00159655386,-0.000436635589,-1.80990859e-05,3.13818171e-05,0.00014342416,0.000339327393,0.000624384604,0.00093271016,0.00103718929,0.000542847572,-0.000658887526,-0.00156146905
0.967,9.32012837e-05,0.000173493565,0.000254336172,0.000307645715,0.000264514282,7.0823495e-06,-0.000566243817,-0.00129152497,-0.00153053222,-0.000598179802,-3.08683183e-05,4.7136525e-06,9.90943932e-05,0.000275579244,0.00054815557,0.000870458008,0.00104533547,0.000693750265,-0.000371979686,-0.00135027365
0.968,8.56273204e-05,0.00016385798,0.000245868234,0.000305771143,0.000278707681,5.23267663e-05,-0.000471785256,-0.00114856962,-0.0014045073,-0.000605336841,-3.60103572e-05,-7.62700225e-06,7.65407747e-05,0.00023952987,0.000496912712,0.000808264699,0.000992340875,0.000698876196,-0.000257547942,-0.00118439966
0.969,7.40820689e-05,0.00015101013,0.000239617476,0.000319351659,0.000332911319,0.000171724621,-0.000277685984,-0.000931681915,-0.00131022949,-0.000738333653,-4.70455435e-05,-3.27151947e-05,3.25390348e-05,0.000173317612,0.00041313546,0.000730930985,0.00097677529,0.00082198982,1.18796536e-05,-0.000965281948
0.97,6.54601448e-05,0.000137407513,0.000222432801,0.000302207784,0.000324734786,0.000190627041,-0.000204242459,-0.000788802301,-0.00115078565,-0.000694658914,-4.84272233e-05,-3.9410174e-05,1.60718239e-05,0.000140955672,0.000358315361,0.000651804817,0.000888895676,0.000777379869,8.18193678e-05,-0.00080528092
0.971,5.27973383e-05,0.000122034149,0.000211818316,0.000308804477,0.000368290168,0.000295836455,-2.39848877e-05,-0.000575976446,-0.00104093105,-0.000799995507,-5.76602061e-05,-6.21837658e-05,-2.56675351e-05,7.61370403e-05,0.000273369992,0.000567510433,0.000856595057,0.000873295913,0.000324206021,-0.00059158907
0.972,4.39118285e-05,0.000105798842,0.000187671502,0.000278324249,0.000339412797,0.000288664727,2.49138908e-05,-0.000443051389,-0.000862150176,-0.000712843791,-5.53385094e-05,-6.28936463e-05,-3.49083902e-05,4.97444589e-05,0.000219019225,0.000477818794,0.000742179254,0.0007859212,0.00034860969,-0.000447939349
0.973,3.10397228e-05,8.93871357e-05,0.00017466234,0.000279855697,0.000372934169,0.000376967859,0.000183358727,-0.000246830187,-0.000747936443,-0.000792247158,-6.27132406e-05,-8.28107645e-05,-7.27779968e-05,-1.02954449e-05,0.000138618006,0.000394121299,0.000699876235,0.000855999558,0.000556701335,-0.000250682503
0.974,2.26237824e-05,7.18441331e-05,0.000145558729,0.000238774291,0.000326627576,0.000346575708,0.000207429513,-0.000131092988,-0.000563645665,-0.000672054525,-5.70157847e-05,-7.7758376e-05,-7.45545582e-05,-2.94311415e-05,8.78598614e-05,0.000299978778,0.000568404628,0.000736015452,0.000539232977,-0.000130874005
0.975,1.04398164e-05,5.58376681e-05,0.000131926856,0.000236952431,0.000350763764,0.000415849753,0.000337623943,3.83475388e-05,-0.000454067582,-0.000727133993,-6.25570588e-05,-9.43700893e-05,-0.000107193767,-8.1751764e-05,1.6957728e-05,0.000223351681,0.000521849519,0.000781540951,0.000707517274,4.1621271e-05
0.976,3.0476395e-06,3.82606217e-05,0.000100081424,0.000188727343,0.000291841946,0.000367443557,0.000339541804,0.000132406131,-0.000277441177,-0.000586709704,-5.41515942e-05,-8.44253144e-05,-0.000102218297,-9.34506385e-05,-2.79646438e-05,0.000130485904,0.000383582753,0.000641705846,0.000656035659,0.000133190534
0.977,-7.65456671e-06,2.38828777e-05,8.71961755e-05,0.000184654721,0.000306873393,0.000416020773,0.000436613085,0.000267652542,-0.000178680901,-0.000618400855,-5.78853534e-05,-9.73266837e-05,-0.000128444485,-0.000135666699,-8.5500659e-05,6.57520235e-05,0.000336905943,0.000663329675,0.000780361442,0.000275274089
0.978,-1.36764307e-05,7.36151679e-06,5.49126776e-05,0.000133330927,0.00024140774,0.000356859721,0.000421716784,0.000338314627,-2.1687202e-05,-0.000472407259,-4.77012502e-05,-8.3957788e-05,-0.000118366132,-0.000140851877,-0.000123302612,-2.06593308e-05,0.000202350016,0.000518317351,0.000706308912,0.000337166632
0.979,-2.22086037e-05,-4.42635364e-06,4.35710553e-05,0.000127267373,0.000246847531,0.0003831713,0.000482279717,0.000434766597,6.33049653e-05,-0.000480442245,-4.95723472e-05,-9.26863589e-05,-0.000137035021,-0.000171033905,-0.000164858819,-7.06431993e-05,0.000157505175,0.000515539466,0.000783369679,0.000445753739
0.98,-2.67067075e-05,-1.89851836e-05,1.32197702e-05,7.74603906e-05,0.000181976884,0.000321980116,0.000457936532,0.000482671569,0.000190155086,-0.000344546732,-3.87397019e-05,-7.79031736e-05,-0.000124319491,-0.000171526369,-0.000195010748,-0.000145819492,3.71359638e-05,0.000381118364,0.000700876917,0.000479143163
0.981,-3.25159844e-05,-2.754742e-05,3.57205412e-06,6.87111769e-05,0.000176471102,0.000324361419,0.000480023869,0.000538498648,0.000261599158,-0.000327046951,-3.86155891e-05,-8.1867773e-05,-0.000134276369,-0.00018818493,-0.0002192936,-0.000180345338,-6.15547252e-06,0.000352017627,0.000727921796,0.000553373153
0.982,-3.55567053e-05,-3.94622899e-05,-2.24730269e-05,2.54388987e-05,0.000120096188,0.000270791823,0.000454938642,0.000566331781,0.000349462753,-0.00021710648,-2.84835363e-05,-6.80555266e-05,-0.000122045458,-0.000186550591,-0.000241874614,-0.0002400094,-0.000102132451,0.000244136101,0.000652829129,0.000561668529
0.983,-3.83596971e-05,-4.46268897e-05,-3.10094258e-05,1.2239797e-05,0.000101251745,0.000247320712,0.00043781069,0.000582497526,0.000410529059,-0.000170585658,-2.61371082e-05,-6.64831894e-05,-0.000122051543,-0.000188656171,-0.000248973364,-0.000260687965,-0.000146546458,0.000185290117,0.000627358665,0.0006026726
0.984,-4.02179437e-05,-5.34327369e-05,-5.04147453e-05,-1.92896112e-05,6.15395013e-05,0.000211210853,0.00042113864,0.000594373064,0.000452475952,-0.000101809975,-1.8180329e-05,-5.62277007e-05,-0.000113689966,-0.000187857573,-0.000264476425,-0.000300990604,-0.00020863032,0.000119223173,0.000575823235,0.00059119116
0.985,-4.0016652e-05,-5.5612027e-05,-5.91195942e-05,-3.95112711e-05,2.61269008e-05,0.000159694966,0.000365165713,0.000574247098,0.00050870883,-2.16041685e-05,-1.3157157e-05,-4.81897786e-05,-0.000102455025,-0.000174786248,-0.000255775166,-0.00031136138,-0.000258879947,2.60845098e-05,0.000495657974,0.000601496455
0.986,-4.09706032e-05,-6.08927357e-05,-6.9623049e-05,-5.40189632e-05,1.11310794e-05,0.00015047664,0.00036588009,0.000574973131,0.000499938113,-7.55321153e-06,-9.03847313e-06,-4.4080684e-05,-0.000101269723,-0.000177841038,-0.000265001428,-0.000328897171,-0.000278396429,1.55260409e-05,0.000482962181,0.000576717207
0.987,-3.81035338e-05,-6.11762058e-05,-8.04731215e-05,-8.43016319e-05,-4.45453251e-05,6.85381407e-05,0.000272515668,0.000524058691,0.000558486411,0.000111530807,-7.3392374e-07,-2.85604719e-05,-7.76708456e-05,-0.000149518819,-0.00024306975,-0.000334152184,-0.000340751019,-0.000117177555,0.000346654768,0.000559558649
0.988,-3.85370299e-05,-6.24486204e-05,-7.99519365e-05,-7.70232356e-05,-2.76138596e-05,9.44192041e-05,0.000298532142,0.000518512545,0.000496563358,6.02017617e-05,-2.26143813e-06,-3.31217127e-05,-8.63832866e-05,-0.000159118894,-0.000247158584,-0.000326256549,-0.000310486552,-6.1256677e-05,0.000385681265,0.000528512365
0.989,-3.3501883e-05,-6.26507626e-05,-9.5475629e-05,-0.000120325064,-0.000107180422,-2.02670517e-05,0.000170189584,0.000443949536,0.000565221307,0.000222859593,1.02855404e-05,-9.04652593e-06,-4.96348779e-05,-0.000116106597,-0.000215289029,-0.000332501553,-0.000392131758,-0.000238532693,0.000192969798,0.000487501164
0.99,-3.37264385e-05,-5.93315378e-05,-8.18738059e-05,-8.74886864e-05,-5.27789236e-05,4.7326764e-05,0.000227570207,0.000436369439,0.000450421723,9.92420481e-05,1.42722197e-06,-2.45989811e-05,-7.0046343e-05,-0.000134136814,-0.000215773189,-0.000297411937,-0.000306824419,-0.000108766631,0.000292922768,0.000456907498
0.991,-2.68293452e-05,-6.14553906e-05,-0.000104866429,-0.000145879127,-0.000158719766,-0.000101676313,6.79740182e-05,0.000346374469,0.000536773658,0.000308427402,1.92337001e-05,9.23141141e-06,-2.00777369e-05,-7.79928129e-05,-0.000177346079,-0.000310766609,-0.00041484315,-0.000333894642,4.55282472e-05,0.000395746183
0.992,-2.73322621e-05,-5.29022742e-05,-7.62733766e-05,-8.55538936e-05,-6.39755613e-05,1.20791167e-05,0.000160147673,0.000339902851,0.000372455278,0.000110358268,1.79474644e-06,-1.90741546e-05,-5.30326423e-05,-0.000105263064,-0.000175998974,-0.000248398643,-0.000271988907,-0.000127622427,0.000210677563,0.00037121354
0.993,-1.90981862e-05,-5.84734439e-05,-0.000108971971,-0.000160167296,-0.000196629508,-0.000171094032,-2.61895255e-05,0.000243384692,0.000482516122,0.00036616467,2.56174685e-05,2.56699596e-05,9.28750311e-06,-3.87097378e-05,-0.000133816109,-0.000273986499,-0.000412316786,-0.000400846656,-8.6912348e-05,0.000293584757
0.994,-2.0605112e-05,-4.4167732e-05,-6.4067375e-05,-7.28861354e-05,-6.21741439e-05,-9.85608757e-06,0.000101153247,0.000239683476,0.000275219498,9.74587153e-05,-5.84558762e-07,-1.54935759e-05,-3.62977618e-05,-7.49886676e-05,-0.000131612512,-0.000186808562,-0.000213172773,-0.000120439886,0.000141260002,0.000279649301
0.995,-1.26258342e-05,-5.39009844e-05,-0.000106792014,-0.000164408333,-0.000219085104,-0.000223586726,-0.000107457022,0.000145875173,0.000412274618,0.000395180038,2.98759914e-05,4.03684099e-05,3.64473968e-05,-1.48396816e-06,-8.81457311e-05,-0.00022746776,-0.000388870373,-0.000438297006,-0.000197813282,0.000188724821
0.996,-1.47258193e-05,-3.33556239e-05,-4.60859191e-05,-5.26493752e-05,-4.92816448e-05,-1.81747048e-05,5.3283209e-05,0.000145007509,0.000172123443,6.7402487e-05,-3.92990587e-06,-1.07762664e-05,-2.13423077e-05,-4.60261942e-05,-8.42533611e-05,-0.00012102856,-0.000139723134,-9.12784226e-05,8.35259462e-05,0.00018861237
0.997,-9.0120551e-06,-4.67645449e-05,-9.63030206e-05,-0.000160381842,-0.000224966773,-0.000253882905,-0.000172449495,6.18875073e-05,0.000336378312,0.000396029044,3.36005934e-05,5.36875394e-05,5.88542863e-05,3.12997143e-05,-4.28891045e-05,-0.000176070429,-0.000348703406,-0.000446534395,-0.000282163224,8.62555944e-05
0.998,-9.48973465e-06,-1.91685357e-05,-2.39798553e-05,-2.80814392e-05,-2.75525245e-05,-1.42842166e-05,1.90288501e-05,6.29168325e-05,7.67786397e-05,2.9835007e-05,-5.38686563e-06,-3.53759477e-06,-9.41864797e-06,-2.09425855e-05,-3.69022457e-05,-5.80948869e-05,-6.38883323e-05,-4.70531721e-05,3.5897313e-05,9.8794281e-05
0.999,-4.83679039e-06,-3.28040317e-05,-7.88249208e-05,-0.00014408986,-0.000214767919,-0.000258058729,-0.000214192485,-6.35286977e-06,0.000266188682,0.000372318006,3.91106006e-05,6.42895508e-05,7.39579053e-05,5.88087292e-05,-1.5676076e-06,-0.000122872948,-0.000295609897,-0.000427879651,-0.00033485573,-1.31461744e-05
1.0,0.0,0.0,0.0,0.0,0.0,0.0,0.0,0.0,0.0,0.0,0.0,0.0,0.0,0.0,0.0,0.0,0.0,0.0,0.0,0.0
