r,dnnbi(m^-3),dne(m^-3),dni(m^-3),tbn(keV),ti(keV),te(keV),vzt_eq(m/s),vth_eq(m/s),vthermalep(m/s),etann(MKS)
0.0,1.9451e+18,3.27852e+19,2.49076e+19,43927.71,1999.54,1689.46,0.01065334,0.0,2051551.0,0.9999863
0.001,1.945063e+18,3.278519e+19,2.490779e+19,43927.71,1999.533,1689.454,0.01065334,0.0,2051551.0,1.0
0.002,1.945015e+18,3.278517e+19,2.490834e+19,43927.94,1999.508,1689.433,0.01065269,0.0,2051557.0,1.000041
0.003,1.944955e+18,3.278512e+19,2.490923e+19,43928.09,1999.464,1689.4,0.01065162,0.0,2051560.0,1.000108
0.004,1.944884e+18,3.278505e+19,2.491047e+19,43928.17,1999.402,1689.353,0.01065013,0.0,2051562.0,1.000201
0.005,1.944802e+18,3.278496e+19,2.491204e+19,43928.19,1999.321,1689.292,0.01064823,0.0,2051563.0,1.000321
0.006,1.944707e+18,3.278485e+19,2.491395e+19,43928.14,1999.223,1689.219,0.01064592,0.0,2051561.0,1.000466
0.007,1.944601e+18,3.278472e+19,2.491618e+19,43928.03,1999.107,1689.131,0.01064321,0.0,2051559.0,1.000637
0.008,1.944483e+18,3.278457e+19,2.491874e+19,43927.87,1998.972,1689.031,0.0106401,0.0,2051555.0,1.000834
0.009,1.944353e+18,3.278439e+19,2.492161e+19,43927.66,1998.82,1688.917,0.01063659,0.0,2051550.0,1.001056
0.01,1.94421e+18,3.27842e+19,2.49248e+19,43927.4,1998.65,1688.79,0.0106327,0.0,2051544.0,1.001303
0.011,1.944055e+18,3.278399e+19,2.49283e+19,43927.1,1998.462,1688.65,0.01062842,0.0,2051537.0,1.001575
0.012,1.943888e+18,3.278375e+19,2.493209e+19,43926.76,1998.257,1688.496,0.01062376,0.0,2051529.0,1.001871
0.013,1.943708e+18,3.278349e+19,2.493619e+19,43926.39,1998.034,1688.33,0.01061873,0.0,2051521.0,1.002192
0.014,1.943516e+18,3.278322e+19,2.494058e+19,43925.99,1997.794,1688.15,0.01061333,0.0,2051511.0,1.002536
0.015,1.943312e+18,3.278292e+19,2.494526e+19,43925.56,1997.536,1687.958,0.01060757,0.0,2051501.0,1.002905
0.016,1.943094e+18,3.27826e+19,2.495022e+19,43925.1,1997.261,1687.752,0.01060144,0.0,2051491.0,1.003298
0.017,1.942865e+18,3.278225e+19,2.495546e+19,43924.63,1996.969,1687.533,0.01059496,0.0,2051479.0,1.003714
0.018,1.942622e+18,3.278189e+19,2.496097e+19,43924.13,1996.659,1687.302,0.01058813,0.0,2051468.0,1.004154
0.019,1.942368e+18,3.278151e+19,2.496675e+19,43923.62,1996.333,1687.057,0.01058096,0.0,2051456.0,1.004616
0.02,1.9421e+18,3.27811e+19,2.49728e+19,43923.1,1995.99,1686.8,0.01057344,0.0,2051444.0,1.005102
0.021,1.94182e+18,3.278067e+19,2.497911e+19,43922.57,1995.63,1686.53,0.01056559,0.0,2051431.0,1.005611
0.022,1.941526e+18,3.278022e+19,2.498566e+19,43922.04,1995.253,1686.247,0.01055741,0.0,2051419.0,1.006142
0.023,1.941219e+18,3.277975e+19,2.499247e+19,43921.52,1994.86,1685.951,0.01054891,0.0,2051407.0,1.006695
0.024,1.940898e+18,3.277926e+19,2.499952e+19,43921.02,1994.449,1685.643,0.01054008,0.0,2051395.0,1.00727
0.025,1.940562e+18,3.277875e+19,2.500682e+19,43920.54,1994.023,1685.322,0.01053094,0.0,2051384.0,1.007868
0.026,1.940212e+18,3.277822e+19,2.501434e+19,43920.09,1993.579,1684.988,0.01052149,0.0,2051374.0,1.008487
0.027,1.939846e+18,3.277767e+19,2.50221e+19,43919.68,1993.119,1684.642,0.01051173,0.0,2051364.0,1.009127
0.028,1.939464e+18,3.27771e+19,2.503008e+19,43919.33,1992.642,1684.284,0.01050167,0.0,2051356.0,1.009789
0.029,1.939065e+18,3.277651e+19,2.503828e+19,43919.03,1992.149,1683.913,0.01049132,0.0,2051349.0,1.010472
0.03,1.93865e+18,3.27759e+19,2.50467e+19,43918.8,1991.64,1683.53,0.01048067,0.0,2051343.0,1.011175
0.031,1.938218e+18,3.277527e+19,2.505533e+19,43918.64,1991.114,1683.135,0.01046974,0.0,2051340.0,1.011899
0.032,1.937769e+18,3.277463e+19,2.506416e+19,43918.55,1990.572,1682.727,0.01045853,0.0,2051338.0,1.012644
0.033,1.937304e+18,3.277397e+19,2.50732e+19,43918.53,1990.013,1682.307,0.01044705,0.0,2051337.0,1.013409
0.034,1.936824e+18,3.277328e+19,2.508242e+19,43918.56,1989.439,1681.875,0.01043529,0.0,2051338.0,1.014194
0.035,1.93633e+18,3.277257e+19,2.509184e+19,43918.66,1988.848,1681.431,0.01042326,0.0,2051340.0,1.014998
0.036,1.935823e+18,3.277185e+19,2.510145e+19,43918.8,1988.24,1680.975,0.01041098,0.0,2051343.0,1.015823
0.037,1.935302e+18,3.27711e+19,2.511123e+19,43918.99,1987.617,1680.506,0.01039844,0.0,2051348.0,1.016667
0.038,1.934769e+18,3.277032e+19,2.512119e+19,43919.23,1986.977,1680.026,0.01038564,0.0,2051353.0,1.01753
0.039,1.934225e+18,3.276952e+19,2.513131e+19,43919.5,1986.322,1679.534,0.01037261,0.0,2051360.0,1.018412
0.04,1.93367e+18,3.27687e+19,2.51416e+19,43919.8,1985.65,1679.03,0.01035932,0.0,2051367.0,1.019314
0.041,1.933105e+18,3.276785e+19,2.515205e+19,43920.13,1984.962,1678.514,0.01034581,0.0,2051374.0,1.020234
0.042,1.932533e+18,3.276698e+19,2.516265e+19,43920.47,1984.259,1677.986,0.01033206,0.0,2051382.0,1.021173
0.043,1.931955e+18,3.276608e+19,2.517339e+19,43920.79,1983.539,1677.447,0.01031808,0.0,2051390.0,1.02213
0.044,1.931373e+18,3.276516e+19,2.518427e+19,43921.07,1982.804,1676.895,0.01030388,0.0,2051396.0,1.023104
0.045,1.930789e+18,3.276422e+19,2.519528e+19,43921.3,1982.053,1676.332,0.01028947,0.0,2051402.0,1.024097
0.046,1.930206e+18,3.276326e+19,2.520641e+19,43921.44,1981.287,1675.757,0.01027484,0.0,2051405.0,1.025107
0.047,1.929625e+18,3.276227e+19,2.521765e+19,43921.49,1980.506,1675.17,0.01026001,0.0,2051406.0,1.026134
0.048,1.929049e+18,3.276127e+19,2.5229e+19,43921.41,1979.709,1674.572,0.01024497,0.0,2051404.0,1.027178
0.049,1.92848e+18,3.276024e+19,2.524046e+19,43921.19,1978.897,1673.962,0.01022973,0.0,2051399.0,1.028238
0.05,1.92792e+18,3.27592e+19,2.5252e+19,43920.8,1978.07,1673.34,0.01021431,0.0,2051390.0,1.029314
0.051,1.92737e+18,3.275814e+19,2.526363e+19,43920.23,1977.228,1672.707,0.01019869,0.0,2051377.0,1.030407
0.052,1.926828e+18,3.275706e+19,2.527534e+19,43919.51,1976.372,1672.061,0.01018289,0.0,2051360.0,1.031515
0.053,1.926291e+18,3.275597e+19,2.528714e+19,43918.68,1975.5,1671.405,0.01016692,0.0,2051341.0,1.032639
0.054,1.925757e+18,3.275485e+19,2.529901e+19,43917.76,1974.613,1670.737,0.01015077,0.0,2051319.0,1.033779
0.055,1.925223e+18,3.275371e+19,2.531096e+19,43916.8,1973.712,1670.057,0.01013446,0.0,2051297.0,1.034935
0.056,1.924685e+18,3.275256e+19,2.532299e+19,43915.83,1972.795,1669.366,0.01011798,0.0,2051274.0,1.036106
0.057,1.924142e+18,3.275138e+19,2.533509e+19,43914.89,1971.864,1668.664,0.01010134,0.0,2051252.0,1.037293
0.058,1.92359e+18,3.275017e+19,2.534726e+19,43914.02,1970.918,1667.95,0.01008455,0.0,2051232.0,1.038495
0.059,1.923027e+18,3.274895e+19,2.535949e+19,43913.24,1969.956,1667.226,0.01006761,0.0,2051214.0,1.039713
0.06,1.92245e+18,3.27477e+19,2.53718e+19,43912.6,1968.98,1666.49,0.01005053,0.0,2051199.0,1.040946
0.061,1.921857e+18,3.274643e+19,2.538417e+19,43912.11,1967.989,1665.743,0.01003331,0.0,2051187.0,1.042195
0.062,1.921254e+18,3.274513e+19,2.539659e+19,43911.73,1966.982,1664.985,0.01001595,0.0,2051178.0,1.043458
0.063,1.920645e+18,3.274381e+19,2.540906e+19,43911.39,1965.961,1664.216,0.009998472,0.0,2051170.0,1.044736
0.064,1.920037e+18,3.274246e+19,2.542156e+19,43911.02,1964.926,1663.437,0.009980866,0.0,2051162.0,1.046028
0.065,1.919437e+18,3.274109e+19,2.543407e+19,43910.56,1963.875,1662.646,0.009963141,0.0,2051151.0,1.047334
0.066,1.918849e+18,3.27397e+19,2.54466e+19,43909.94,1962.811,1661.844,0.009945303,0.0,2051136.0,1.048652
0.067,1.918281e+18,3.273828e+19,2.545913e+19,43909.08,1961.732,1661.032,0.009927356,0.0,2051116.0,1.049984
0.068,1.917737e+18,3.273684e+19,2.547165e+19,43907.94,1960.639,1660.209,0.009909306,0.0,2051090.0,1.051328
0.069,1.917225e+18,3.273538e+19,2.548414e+19,43906.43,1959.531,1659.375,0.009891156,0.0,2051055.0,1.052683
0.07,1.91675e+18,3.27339e+19,2.54966e+19,43904.5,1958.41,1658.53,0.009872914,0.0,2051009.0,1.05405
0.071,1.916316e+18,3.27324e+19,2.550902e+19,43902.1,1957.275,1657.675,0.009854582,0.0,2050953.0,1.055429
0.072,1.915918e+18,3.273087e+19,2.552139e+19,43899.28,1956.126,1656.809,0.009836167,0.0,2050887.0,1.056818
0.073,1.915551e+18,3.272932e+19,2.553372e+19,43896.12,1954.963,1655.932,0.009817672,0.0,2050814.0,1.058218
0.074,1.915208e+18,3.272775e+19,2.554601e+19,43892.7,1953.787,1655.045,0.009799102,0.0,2050734.0,1.05963
0.075,1.914882e+18,3.272616e+19,2.555827e+19,43889.1,1952.596,1654.147,0.009780463,0.0,2050650.0,1.061053
0.076,1.914567e+18,3.272455e+19,2.557048e+19,43885.38,1951.392,1653.239,0.009761759,0.0,2050563.0,1.062487
0.077,1.914257e+18,3.272292e+19,2.558266e+19,43881.64,1950.175,1652.32,0.009742995,0.0,2050475.0,1.063933
0.078,1.913945e+18,3.272126e+19,2.559481e+19,43877.94,1948.943,1651.39,0.009724174,0.0,2050389.0,1.065391
0.079,1.913625e+18,3.271959e+19,2.560692e+19,43874.37,1947.699,1650.45,0.009705304,0.0,2050306.0,1.06686
0.08,1.91329e+18,3.27179e+19,2.5619e+19,43871.0,1946.44,1649.5,0.009686386,0.0,2050227.0,1.068342
0.081,1.912937e+18,3.271619e+19,2.563105e+19,43867.88,1945.168,1648.539,0.009667428,0.0,2050154.0,1.069835
0.082,1.91257e+18,3.271446e+19,2.564306e+19,43864.95,1943.882,1647.568,0.009648434,0.0,2050085.0,1.071339
0.083,1.912199e+18,3.27127e+19,2.565501e+19,43862.11,1942.583,1646.586,0.009629409,0.0,2050019.0,1.072855
0.084,1.91183e+18,3.271093e+19,2.566689e+19,43859.29,1941.271,1645.594,0.009610359,0.0,2049953.0,1.07438
0.085,1.911473e+18,3.270913e+19,2.567869e+19,43856.39,1939.945,1644.592,0.009591289,0.0,2049885.0,1.075916
0.086,1.911134e+18,3.270732e+19,2.56904e+19,43853.32,1938.606,1643.58,0.009572206,0.0,2049814.0,1.077461
0.087,1.910823e+18,3.270547e+19,2.570199e+19,43850.0,1937.254,1642.557,0.009553113,0.0,2049736.0,1.079015
0.088,1.910546e+18,3.270361e+19,2.571347e+19,43846.33,1935.889,1641.525,0.009534018,0.0,2049650.0,1.080577
0.089,1.910313e+18,3.270172e+19,2.572481e+19,43842.23,1934.511,1640.482,0.009514925,0.0,2049554.0,1.082147
0.09,1.91013e+18,3.26998e+19,2.5736e+19,43837.6,1933.12,1639.43,0.009495839,0.0,2049446.0,1.083723
0.091,1.910004e+18,3.269786e+19,2.574704e+19,43832.39,1931.716,1638.368,0.009476766,0.0,2049324.0,1.085307
0.092,1.909928e+18,3.269589e+19,2.575792e+19,43826.66,1930.299,1637.296,0.009457709,0.0,2049190.0,1.086898
0.093,1.909896e+18,3.26939e+19,2.576866e+19,43820.5,1928.87,1636.214,0.00943867,0.0,2049046.0,1.088496
0.094,1.909898e+18,3.269188e+19,2.577926e+19,43814.0,1927.427,1635.122,0.009419652,0.0,2048894.0,1.090102
0.095,1.909927e+18,3.268984e+19,2.578974e+19,43807.24,1925.972,1634.021,0.009400658,0.0,2048736.0,1.091715
0.096,1.909974e+18,3.268778e+19,2.580009e+19,43800.33,1924.505,1632.91,0.00938169,0.0,2048575.0,1.093338
0.097,1.910033e+18,3.268569e+19,2.581034e+19,43793.35,1923.025,1631.789,0.009362751,0.0,2048412.0,1.094969
0.098,1.910093e+18,3.268358e+19,2.582048e+19,43786.39,1921.532,1630.659,0.009343843,0.0,2048249.0,1.096609
0.099,1.910148e+18,3.268145e+19,2.583054e+19,43779.54,1920.027,1629.519,0.009324969,0.0,2048089.0,1.098259
0.1,1.91019e+18,3.26793e+19,2.58405e+19,43772.9,1918.51,1628.37,0.009306131,0.0,2047933.0,1.099918
0.101,1.910213e+18,3.267713e+19,2.585039e+19,43766.52,1916.98,1627.211,0.009287332,0.0,2047784.0,1.101588
0.102,1.910221e+18,3.267494e+19,2.586019e+19,43760.35,1915.439,1626.043,0.009268572,0.0,2047640.0,1.103268
0.103,1.910223e+18,3.267272e+19,2.58699e+19,43754.29,1913.885,1624.865,0.009249849,0.0,2047498.0,1.104957
0.104,1.910225e+18,3.267048e+19,2.587951e+19,43748.28,1912.319,1623.678,0.009231165,0.0,2047357.0,1.106656
0.105,1.910235e+18,3.266823e+19,2.588902e+19,43742.21,1910.741,1622.481,0.009212517,0.0,2047215.0,1.108364
0.106,1.910261e+18,3.266595e+19,2.589841e+19,43736.0,1909.15,1621.275,0.009193905,0.0,2047070.0,1.11008
0.107,1.91031e+18,3.266364e+19,2.590768e+19,43729.58,1907.548,1620.06,0.00917533,0.0,2046920.0,1.111806
0.108,1.91039e+18,3.266132e+19,2.591682e+19,43722.84,1905.934,1618.836,0.00915679,0.0,2046762.0,1.113539
0.109,1.910507e+18,3.265897e+19,2.592583e+19,43715.71,1904.308,1617.603,0.009138285,0.0,2046595.0,1.115281
0.11,1.91067e+18,3.26566e+19,2.59347e+19,43708.1,1902.67,1616.36,0.009119814,0.0,2046417.0,1.11703
0.111,1.910883e+18,3.265421e+19,2.594342e+19,43699.95,1901.02,1615.108,0.009101377,0.0,2046226.0,1.118787
0.112,1.911142e+18,3.265179e+19,2.5952e+19,43691.32,1899.359,1613.848,0.009082974,0.0,2046024.0,1.120552
0.113,1.911438e+18,3.264935e+19,2.596044e+19,43682.28,1897.685,1612.578,0.009064605,0.0,2045812.0,1.122324
0.114,1.911765e+18,3.264688e+19,2.596876e+19,43672.92,1896.001,1611.299,0.00904627,0.0,2045593.0,1.124106
0.115,1.912116e+18,3.264439e+19,2.597695e+19,43663.33,1894.304,1610.011,0.009027969,0.0,2045369.0,1.125896
0.116,1.912482e+18,3.264188e+19,2.598504e+19,43653.58,1892.596,1608.715,0.009009703,0.0,2045140.0,1.127695
0.117,1.912857e+18,3.263934e+19,2.599301e+19,43643.77,1890.877,1607.409,0.008991471,0.0,2044910.0,1.129503
0.118,1.913234e+18,3.263679e+19,2.60009e+19,43633.96,1889.146,1606.095,0.008973274,0.0,2044680.0,1.131321
0.119,1.913604e+18,3.26342e+19,2.600869e+19,43624.24,1887.404,1604.772,0.008955111,0.0,2044453.0,1.13315
0.12,1.91396e+18,3.26316e+19,2.60164e+19,43614.7,1885.65,1603.44,0.008936984,0.0,2044229.0,1.134989
0.121,1.914298e+18,3.262897e+19,2.602403e+19,43605.39,1883.885,1602.099,0.008918891,0.0,2044011.0,1.136839
0.122,1.914621e+18,3.262632e+19,2.603159e+19,43596.27,1882.109,1600.75,0.008900833,0.0,2043797.0,1.138699
0.123,1.914935e+18,3.262365e+19,2.603906e+19,43587.26,1880.322,1599.393,0.00888281,0.0,2043586.0,1.14057
0.124,1.915248e+18,3.262095e+19,2.604643e+19,43578.29,1878.524,1598.026,0.008864822,0.0,2043376.0,1.142451
0.125,1.915564e+18,3.261824e+19,2.605371e+19,43569.29,1876.715,1596.651,0.008846868,0.0,2043165.0,1.144342
0.126,1.91589e+18,3.261549e+19,2.606088e+19,43560.19,1874.896,1595.268,0.008828948,0.0,2042951.0,1.146243
0.127,1.916232e+18,3.261273e+19,2.606794e+19,43550.91,1873.065,1593.876,0.008811062,0.0,2042734.0,1.148153
0.128,1.916597e+18,3.260994e+19,2.607488e+19,43541.38,1871.224,1592.476,0.008793211,0.0,2042510.0,1.150072
0.129,1.916991e+18,3.260713e+19,2.608171e+19,43531.54,1869.372,1591.067,0.008775393,0.0,2042279.0,1.152
0.13,1.91742e+18,3.26043e+19,2.60884e+19,43521.3,1867.51,1589.65,0.008757609,0.0,2042039.0,1.153937
0.131,1.917888e+18,3.260145e+19,2.609496e+19,43510.62,1865.637,1588.225,0.008739859,0.0,2041789.0,1.155883
0.132,1.918392e+18,3.259857e+19,2.610139e+19,43499.54,1863.754,1586.791,0.008722142,0.0,2041529.0,1.157837
0.133,1.918925e+18,3.259567e+19,2.61077e+19,43488.12,1861.861,1585.349,0.008704459,0.0,2041261.0,1.1598
0.134,1.919483e+18,3.259274e+19,2.611389e+19,43476.43,1859.957,1583.899,0.00868681,0.0,2040986.0,1.161773
0.135,1.92006e+18,3.258979e+19,2.611997e+19,43464.52,1858.043,1582.441,0.008669194,0.0,2040707.0,1.163755
0.136,1.92065e+18,3.258682e+19,2.612595e+19,43452.45,1856.119,1580.975,0.008651613,0.0,2040423.0,1.165747
0.137,1.921247e+18,3.258383e+19,2.613182e+19,43440.29,1854.184,1579.501,0.008634065,0.0,2040138.0,1.16775
0.138,1.921847e+18,3.258081e+19,2.61376e+19,43428.11,1852.24,1578.018,0.008616551,0.0,2039852.0,1.169762
0.139,1.922443e+18,3.257777e+19,2.614329e+19,43415.96,1850.285,1576.528,0.008599071,0.0,2039566.0,1.171786
0.14,1.92303e+18,3.25747e+19,2.61489e+19,43403.9,1848.32,1575.03,0.008581625,0.0,2039283.0,1.17382
0.141,1.923604e+18,3.257161e+19,2.615443e+19,43391.98,1846.345,1573.524,0.008564213,0.0,2039003.0,1.175866
0.142,1.924165e+18,3.256849e+19,2.615988e+19,43380.19,1844.36,1572.01,0.008546834,0.0,2038726.0,1.177923
0.143,1.924718e+18,3.256535e+19,2.616525e+19,43368.49,1842.365,1570.488,0.00852949,0.0,2038451.0,1.179991
0.144,1.925263e+18,3.256219e+19,2.617053e+19,43356.86,1840.361,1568.959,0.008512179,0.0,2038178.0,1.182071
0.145,1.925805e+18,3.2559e+19,2.617572e+19,43345.25,1838.346,1567.422,0.008494902,0.0,2037905.0,1.184161
0.146,1.926346e+18,3.255579e+19,2.618083e+19,43333.63,1836.322,1565.877,0.008477658,0.0,2037632.0,1.186262
0.147,1.926888e+18,3.255255e+19,2.618584e+19,43321.99,1834.288,1564.324,0.008460447,0.0,2037358.0,1.188374
0.148,1.927434e+18,3.254929e+19,2.619076e+19,43310.27,1832.245,1562.764,0.00844327,0.0,2037082.0,1.190497
0.149,1.927987e+18,3.254601e+19,2.619558e+19,43298.45,1830.192,1561.196,0.008426126,0.0,2036804.0,1.192631
0.15,1.92855e+18,3.25427e+19,2.62003e+19,43286.5,1828.13,1559.62,0.008409015,0.0,2036523.0,1.194776
0.151,1.929125e+18,3.253937e+19,2.620492e+19,43274.39,1826.058,1558.037,0.008391937,0.0,2036238.0,1.196931
0.152,1.92971e+18,3.253601e+19,2.620944e+19,43262.14,1823.978,1556.446,0.008374891,0.0,2035950.0,1.199096
0.153,1.930304e+18,3.253263e+19,2.621386e+19,43249.75,1821.887,1554.848,0.008357879,0.0,2035659.0,1.201273
0.154,1.930906e+18,3.252923e+19,2.621818e+19,43237.25,1819.788,1553.243,0.008340899,0.0,2035364.0,1.20346
0.155,1.931513e+18,3.25258e+19,2.622241e+19,43224.65,1817.68,1551.63,0.008323953,0.0,2035068.0,1.205658
0.156,1.932125e+18,3.252235e+19,2.622655e+19,43211.98,1815.562,1550.01,0.008307039,0.0,2034769.0,1.207867
0.157,1.932739e+18,3.251887e+19,2.623059e+19,43199.24,1813.435,1548.383,0.008290159,0.0,2034469.0,1.210087
0.158,1.933354e+18,3.251537e+19,2.623455e+19,43186.45,1811.299,1546.749,0.008273311,0.0,2034168.0,1.212319
0.159,1.933968e+18,3.251185e+19,2.623842e+19,43173.63,1809.154,1545.108,0.008256496,0.0,2033866.0,1.214562
0.16,1.93458e+18,3.25083e+19,2.62422e+19,43160.8,1807.0,1543.46,0.008239715,0.0,2033564.0,1.216816
0.161,1.935188e+18,3.250473e+19,2.62459e+19,43147.97,1804.837,1541.805,0.008222966,0.0,2033262.0,1.219081
0.162,1.93579e+18,3.250114e+19,2.624952e+19,43135.17,1802.665,1540.143,0.00820625,0.0,2032960.0,1.221358
0.163,1.936386e+18,3.249752e+19,2.625306e+19,43122.39,1800.484,1538.475,0.008189567,0.0,2032659.0,1.223647
0.164,1.936972e+18,3.249388e+19,2.625652e+19,43109.66,1798.295,1536.799,0.008172918,0.0,2032359.0,1.225948
0.165,1.937549e+18,3.249021e+19,2.62599e+19,43097.0,1796.097,1535.116,0.008156301,0.0,2032061.0,1.22826
0.166,1.938114e+18,3.248652e+19,2.626321e+19,43084.41,1793.89,1533.427,0.008139716,0.0,2031764.0,1.230586
0.167,1.938666e+18,3.24828e+19,2.626644e+19,43071.91,1791.675,1531.731,0.008123165,0.0,2031469.0,1.232923
0.168,1.939204e+18,3.247906e+19,2.62696e+19,43059.51,1789.452,1530.027,0.008106647,0.0,2031177.0,1.235273
0.169,1.939726e+18,3.247529e+19,2.627268e+19,43047.24,1787.22,1528.317,0.008090161,0.0,2030887.0,1.237636
0.17,1.94023e+18,3.24715e+19,2.62757e+19,43035.1,1784.98,1526.6,0.008073708,0.0,2030601.0,1.240012
0.171,1.940716e+18,3.246768e+19,2.627865e+19,43023.1,1782.732,1524.876,0.008057288,0.0,2030318.0,1.242401
0.172,1.941185e+18,3.246384e+19,2.628152e+19,43011.23,1780.476,1523.145,0.0080409,0.0,2030038.0,1.244803
0.173,1.941638e+18,3.245997e+19,2.628432e+19,42999.46,1778.212,1521.407,0.008024545,0.0,2029760.0,1.247218
0.174,1.942079e+18,3.245608e+19,2.628705e+19,42987.76,1775.939,1519.663,0.008008223,0.0,2029484.0,1.249646
0.175,1.94251e+18,3.245216e+19,2.628971e+19,42976.12,1773.659,1517.911,0.007991933,0.0,2029209.0,1.252087
0.176,1.942931e+18,3.244822e+19,2.629229e+19,42964.51,1771.371,1516.154,0.007975675,0.0,2028935.0,1.25454
0.177,1.943346e+18,3.244425e+19,2.629479e+19,42952.91,1769.075,1514.39,0.007959449,0.0,2028661.0,1.257006
0.178,1.943756e+18,3.244026e+19,2.629721e+19,42941.29,1766.771,1512.619,0.007943255,0.0,2028386.0,1.259484
0.179,1.944163e+18,3.243624e+19,2.629954e+19,42929.63,1764.459,1510.843,0.007927093,0.0,2028111.0,1.261975
0.18,1.94457e+18,3.24322e+19,2.63018e+19,42917.9,1762.14,1509.06,0.007910963,0.0,2027834.0,1.264478
0.181,1.944978e+18,3.242814e+19,2.630397e+19,42906.09,1759.813,1507.271,0.007894865,0.0,2027555.0,1.266993
0.182,1.945384e+18,3.242405e+19,2.630607e+19,42894.23,1757.478,1505.476,0.007878798,0.0,2027275.0,1.26952
0.183,1.945785e+18,3.241994e+19,2.630808e+19,42882.34,1755.135,1503.675,0.007862764,0.0,2026993.0,1.27206
0.184,1.94618e+18,3.24158e+19,2.631002e+19,42870.44,1752.785,1501.868,0.007846761,0.0,2026712.0,1.274613
0.185,1.946565e+18,3.241164e+19,2.631188e+19,42858.57,1750.428,1500.055,0.00783079,0.0,2026432.0,1.277179
0.186,1.946937e+18,3.240746e+19,2.631368e+19,42846.77,1748.063,1498.236,0.007814851,0.0,2026153.0,1.279758
0.187,1.947293e+18,3.240326e+19,2.63154e+19,42835.05,1745.69,1496.411,0.007798944,0.0,2025875.0,1.28235
0.188,1.947631e+18,3.239903e+19,2.631706e+19,42823.44,1743.311,1494.58,0.007783069,0.0,2025601.0,1.284957
0.189,1.947948e+18,3.239478e+19,2.631866e+19,42811.98,1740.924,1492.743,0.007767226,0.0,2025330.0,1.287577
0.19,1.94824e+18,3.23905e+19,2.63202e+19,42800.7,1738.53,1490.9,0.007751415,0.0,2025063.0,1.290211
0.191,1.948506e+18,3.23862e+19,2.632168e+19,42789.61,1736.129,1489.051,0.007735636,0.0,2024801.0,1.292859
0.192,1.948748e+18,3.238188e+19,2.63231e+19,42778.7,1733.721,1487.196,0.007719889,0.0,2024543.0,1.295522
0.193,1.948967e+18,3.237753e+19,2.632447e+19,42767.93,1731.306,1485.335,0.007704173,0.0,2024288.0,1.298198
0.194,1.949167e+18,3.237316e+19,2.632576e+19,42757.29,1728.884,1483.468,0.00768849,0.0,2024036.0,1.300889
0.195,1.949351e+18,3.236877e+19,2.6327e+19,42746.73,1726.455,1481.596,0.007672838,0.0,2023786.0,1.303594
0.196,1.949519e+18,3.236434e+19,2.632816e+19,42736.24,1724.02,1479.718,0.007657217,0.0,2023538.0,1.306313
0.197,1.949676e+18,3.23599e+19,2.632925e+19,42725.77,1721.577,1477.834,0.007641628,0.0,2023290.0,1.309046
0.198,1.949823e+18,3.235542e+19,2.633028e+19,42715.32,1719.128,1475.945,0.00762607,0.0,2023042.0,1.311792
0.199,1.949964e+18,3.235093e+19,2.633123e+19,42704.83,1716.672,1474.05,0.007610543,0.0,2022794.0,1.314552
0.2,1.9501e+18,3.23464e+19,2.63321e+19,42694.3,1714.21,1472.15,0.007595047,0.0,2022544.0,1.317326
0.201,1.950234e+18,3.234185e+19,2.63329e+19,42683.69,1711.741,1470.245,0.007579582,0.0,2022293.0,1.320113
0.202,1.950363e+18,3.233727e+19,2.633362e+19,42673.02,1709.266,1468.334,0.007564148,0.0,2022040.0,1.322914
0.203,1.950487e+18,3.233266e+19,2.633426e+19,42662.31,1706.784,1466.418,0.007548745,0.0,2021787.0,1.325729
0.204,1.950603e+18,3.232803e+19,2.633484e+19,42651.58,1704.296,1464.497,0.007533372,0.0,2021532.0,1.328558
0.205,1.950709e+18,3.232337e+19,2.633534e+19,42640.85,1701.801,1462.57,0.007518031,0.0,2021278.0,1.331401
0.206,1.950803e+18,3.231869e+19,2.633578e+19,42630.14,1699.301,1460.639,0.007502722,0.0,2021024.0,1.334259
0.207,1.950884e+18,3.231398e+19,2.633615e+19,42619.47,1696.794,1458.702,0.007487443,0.0,2020771.0,1.337131
0.208,1.950948e+18,3.230925e+19,2.633646e+19,42608.86,1694.282,1456.76,0.007472196,0.0,2020520.0,1.340018
0.209,1.950994e+18,3.230449e+19,2.633671e+19,42598.33,1691.764,1454.812,0.00745698,0.0,2020270.0,1.34292
0.21,1.95102e+18,3.22997e+19,2.63369e+19,42587.9,1689.24,1452.86,0.007441795,0.0,2020023.0,1.345837
0.211,1.951025e+18,3.229489e+19,2.633703e+19,42577.58,1686.71,1450.902,0.007426642,0.0,2019778.0,1.348769
0.212,1.951008e+18,3.229006e+19,2.633711e+19,42567.38,1684.175,1448.94,0.007411521,0.0,2019536.0,1.351717
0.213,1.950973e+18,3.22852e+19,2.633713e+19,42557.26,1681.634,1446.972,0.00739643,0.0,2019296.0,1.35468
0.214,1.950918e+18,3.228031e+19,2.633708e+19,42547.22,1679.088,1444.999,0.007381371,0.0,2019058.0,1.357658
0.215,1.950846e+18,3.227541e+19,2.633698e+19,42537.24,1676.536,1443.022,0.007366343,0.0,2018821.0,1.360651
0.216,1.950759e+18,3.227047e+19,2.633681e+19,42527.31,1673.978,1441.039,0.007351345,0.0,2018585.0,1.36366
0.217,1.950656e+18,3.226552e+19,2.633658e+19,42517.42,1671.415,1439.051,0.007336378,0.0,2018351.0,1.366684
0.218,1.950539e+18,3.226054e+19,2.633629e+19,42507.55,1668.845,1437.059,0.007321442,0.0,2018116.0,1.369724
0.219,1.95041e+18,3.225553e+19,2.633593e+19,42497.68,1666.271,1435.062,0.007306536,0.0,2017882.0,1.372778
0.22,1.95027e+18,3.22505e+19,2.63355e+19,42487.8,1663.69,1433.06,0.00729166,0.0,2017647.0,1.375848
0.221,1.950119e+18,3.224545e+19,2.6335e+19,42477.9,1661.104,1431.053,0.007276814,0.0,2017412.0,1.378933
0.222,1.949958e+18,3.224037e+19,2.633444e+19,42467.98,1658.512,1429.042,0.007261998,0.0,2017177.0,1.382033
0.223,1.949787e+18,3.223526e+19,2.633381e+19,42458.03,1655.915,1427.026,0.007247213,0.0,2016940.0,1.385149
0.224,1.949606e+18,3.223014e+19,2.633311e+19,42448.05,1653.312,1425.006,0.007232457,0.0,2016703.0,1.38828
0.225,1.949415e+18,3.222498e+19,2.633234e+19,42438.05,1650.704,1422.981,0.007217732,0.0,2016466.0,1.391426
0.226,1.949214e+18,3.22198e+19,2.63315e+19,42428.02,1648.091,1420.951,0.007203037,0.0,2016227.0,1.394588
0.227,1.949003e+18,3.221459e+19,2.63306e+19,42417.96,1645.473,1418.917,0.007188372,0.0,2015988.0,1.397766
0.228,1.948782e+18,3.220936e+19,2.632963e+19,42407.87,1642.85,1416.879,0.007173737,0.0,2015749.0,1.400959
0.229,1.948551e+18,3.220409e+19,2.63286e+19,42397.75,1640.222,1414.837,0.007159133,0.0,2015508.0,1.404168
0.23,1.94831e+18,3.21988e+19,2.63275e+19,42387.6,1637.59,1412.79,0.007144559,0.0,2015267.0,1.407393
0.231,1.948059e+18,3.219348e+19,2.632634e+19,42377.42,1634.953,1410.739,0.007130016,0.0,2015025.0,1.410634
0.232,1.947797e+18,3.218813e+19,2.632511e+19,42367.21,1632.312,1408.684,0.007115503,0.0,2014782.0,1.41389
0.233,1.947524e+18,3.218276e+19,2.632381e+19,42356.99,1629.666,1406.625,0.00710102,0.0,2014539.0,1.417163
0.234,1.947237e+18,3.217736e+19,2.632246e+19,42346.76,1627.015,1404.562,0.007086567,0.0,2014296.0,1.420452
0.235,1.946937e+18,3.217193e+19,2.632104e+19,42336.54,1624.36,1402.495,0.007072144,0.0,2014053.0,1.423758
0.236,1.946621e+18,3.216647e+19,2.631957e+19,42326.33,1621.701,1400.423,0.007057751,0.0,2013810.0,1.427079
0.237,1.94629e+18,3.216099e+19,2.631804e+19,42316.14,1619.037,1398.348,0.007043388,0.0,2013567.0,1.430417
0.238,1.945941e+18,3.215549e+19,2.631645e+19,42305.99,1616.369,1396.269,0.007029055,0.0,2013326.0,1.433772
0.239,1.945575e+18,3.214996e+19,2.63148e+19,42295.87,1613.697,1394.187,0.007014752,0.0,2013085.0,1.437144
0.24,1.94519e+18,3.21444e+19,2.63131e+19,42285.8,1611.02,1392.1,0.007000478,0.0,2012845.0,1.440532
0.241,1.944785e+18,3.213882e+19,2.631135e+19,42275.78,1608.339,1390.01,0.006986234,0.0,2012607.0,1.443937
0.242,1.944363e+18,3.213322e+19,2.630954e+19,42265.8,1605.654,1387.915,0.00697202,0.0,2012369.0,1.447359
0.243,1.943926e+18,3.212759e+19,2.630767e+19,42255.82,1602.964,1385.818,0.006957835,0.0,2012132.0,1.450798
0.244,1.943476e+18,3.212194e+19,2.630574e+19,42245.82,1600.27,1383.716,0.00694368,0.0,2011894.0,1.454254
0.245,1.943015e+18,3.211627e+19,2.630375e+19,42235.77,1597.573,1381.611,0.006929554,0.0,2011654.0,1.457726
0.246,1.942546e+18,3.211056e+19,2.63017e+19,42225.65,1594.872,1379.502,0.006915458,0.0,2011413.0,1.461216
0.247,1.942072e+18,3.210484e+19,2.629958e+19,42215.43,1592.167,1377.389,0.006901391,0.0,2011170.0,1.464722
0.248,1.941595e+18,3.209908e+19,2.629739e+19,42205.08,1589.458,1375.273,0.006887354,0.0,2010923.0,1.468245
0.249,1.941117e+18,3.209331e+19,2.629513e+19,42194.58,1586.746,1373.153,0.006873346,0.0,2010673.0,1.471784
0.25,1.94064e+18,3.20875e+19,2.62928e+19,42183.9,1584.03,1371.03,0.006859368,0.0,2010419.0,1.475341
0.251,1.940166e+18,3.208167e+19,2.629039e+19,42173.02,1581.311,1368.903,0.006845419,0.0,2010159.0,1.478914
0.252,1.939693e+18,3.207581e+19,2.628791e+19,42161.98,1578.588,1366.773,0.0068315,0.0,2009896.0,1.482504
0.253,1.939218e+18,3.206993e+19,2.628537e+19,42150.79,1575.863,1364.639,0.00681761,0.0,2009630.0,1.486112
0.254,1.938737e+18,3.206401e+19,2.628275e+19,42139.5,1573.134,1362.501,0.006803749,0.0,2009360.0,1.489736
0.255,1.938246e+18,3.205808e+19,2.628008e+19,42128.15,1570.401,1360.361,0.006789918,0.0,2009090.0,1.493379
0.256,1.937743e+18,3.205211e+19,2.627735e+19,42116.75,1567.666,1358.217,0.006776115,0.0,2008818.0,1.497039
0.257,1.937224e+18,3.204612e+19,2.627456e+19,42105.36,1564.927,1356.07,0.006762342,0.0,2008546.0,1.500717
0.258,1.936686e+18,3.204011e+19,2.627172e+19,42093.99,1562.184,1353.92,0.006748598,0.0,2008275.0,1.504413
0.259,1.936126e+18,3.203407e+19,2.626883e+19,42082.7,1559.439,1351.766,0.006734882,0.0,2008006.0,1.508128
0.26,1.93554e+18,3.2028e+19,2.62659e+19,42071.5,1556.69,1349.61,0.006721196,0.0,2007738.0,1.511861
0.261,1.934927e+18,3.202191e+19,2.626293e+19,42060.42,1553.938,1347.451,0.006707539,0.0,2007474.0,1.515613
0.262,1.934289e+18,3.201579e+19,2.62599e+19,42049.43,1551.183,1345.289,0.00669391,0.0,2007212.0,1.519384
0.263,1.933631e+18,3.200965e+19,2.625683e+19,42038.49,1548.425,1343.123,0.00668031,0.0,2006951.0,1.523174
0.264,1.932957e+18,3.200348e+19,2.625371e+19,42027.53,1545.664,1340.956,0.006666739,0.0,2006689.0,1.526982
0.265,1.932272e+18,3.199728e+19,2.625053e+19,42016.52,1542.9,1338.785,0.006653196,0.0,2006426.0,1.530808
0.266,1.93158e+18,3.199106e+19,2.624728e+19,42005.41,1540.133,1336.611,0.006639682,0.0,2006161.0,1.534652
0.267,1.930885e+18,3.198481e+19,2.624397e+19,41994.14,1537.363,1334.435,0.006626197,0.0,2005892.0,1.538514
0.268,1.930192e+18,3.197853e+19,2.624059e+19,41982.69,1534.591,1332.256,0.006612741,0.0,2005618.0,1.542394
0.269,1.929506e+18,3.197223e+19,2.623714e+19,41970.99,1531.817,1330.074,0.006599313,0.0,2005339.0,1.546292
0.27,1.92883e+18,3.19659e+19,2.62336e+19,41959.0,1529.04,1327.89,0.006585914,0.0,2005052.0,1.550207
0.271,1.928168e+18,3.195954e+19,2.622998e+19,41946.69,1526.261,1325.703,0.006572544,0.0,2004758.0,1.554139
0.272,1.927516e+18,3.195316e+19,2.622629e+19,41934.09,1523.479,1323.514,0.006559202,0.0,2004457.0,1.558089
0.273,1.926869e+18,3.194675e+19,2.622252e+19,41921.25,1520.696,1321.322,0.006545888,0.0,2004150.0,1.562057
0.274,1.926224e+18,3.194031e+19,2.621869e+19,41908.23,1517.91,1319.127,0.006532603,0.0,2003839.0,1.566043
0.275,1.925574e+18,3.193384e+19,2.621479e+19,41895.06,1515.122,1316.93,0.006519347,0.0,2003524.0,1.570048
0.276,1.924916e+18,3.192735e+19,2.621083e+19,41881.8,1512.332,1314.731,0.006506119,0.0,2003207.0,1.574072
0.277,1.924244e+18,3.192083e+19,2.620681e+19,41868.49,1509.539,1312.529,0.006492919,0.0,2002889.0,1.578115
0.278,1.923554e+18,3.191428e+19,2.620275e+19,41855.19,1506.745,1310.325,0.006479748,0.0,2002570.0,1.582178
0.279,1.922841e+18,3.19077e+19,2.619865e+19,41841.94,1503.948,1308.119,0.006466605,0.0,2002253.0,1.58626
0.28,1.9221e+18,3.19011e+19,2.61945e+19,41828.8,1501.15,1305.91,0.00645349,0.0,2001939.0,1.590364
0.281,1.921328e+18,3.189447e+19,2.619032e+19,41815.79,1498.35,1303.699,0.006440404,0.0,2001628.0,1.594488
0.282,1.920528e+18,3.188782e+19,2.61861e+19,41802.9,1495.547,1301.486,0.006427346,0.0,2001319.0,1.598632
0.283,1.919703e+18,3.188113e+19,2.618184e+19,41790.06,1492.743,1299.271,0.006414316,0.0,2001012.0,1.602797
0.284,1.918858e+18,3.187442e+19,2.617753e+19,41777.26,1489.937,1297.054,0.006401314,0.0,2000705.0,1.606982
0.285,1.917997e+18,3.186769e+19,2.617317e+19,41764.43,1487.129,1294.835,0.00638834,0.0,2000398.0,1.611188
0.286,1.917123e+18,3.186092e+19,2.616876e+19,41751.54,1484.32,1292.614,0.006375395,0.0,2000089.0,1.615413
0.287,1.916242e+18,3.185413e+19,2.616429e+19,41738.54,1481.51,1290.39,0.006362477,0.0,1999778.0,1.619658
0.288,1.915356e+18,3.184732e+19,2.615976e+19,41725.4,1478.698,1288.165,0.006349587,0.0,1999463.0,1.623922
0.289,1.914471e+18,3.184047e+19,2.615516e+19,41712.07,1475.884,1285.939,0.006336725,0.0,1999144.0,1.628206
0.29,1.91359e+18,3.18336e+19,2.61505e+19,41698.5,1473.07,1283.71,0.006323891,0.0,1998818.0,1.632509
0.291,1.912716e+18,3.18267e+19,2.614577e+19,41684.67,1470.254,1281.48,0.006311085,0.0,1998487.0,1.636832
0.292,1.911847e+18,3.181978e+19,2.614096e+19,41670.6,1467.438,1279.248,0.006298307,0.0,1998150.0,1.641173
0.293,1.910978e+18,3.181282e+19,2.613609e+19,41656.33,1464.62,1277.014,0.006285556,0.0,1997807.0,1.645534
0.294,1.910107e+18,3.180584e+19,2.613116e+19,41641.89,1461.801,1274.778,0.006272833,0.0,1997461.0,1.649915
0.295,1.90923e+18,3.179884e+19,2.612617e+19,41627.33,1458.982,1272.541,0.006260137,0.0,1997112.0,1.654317
0.296,1.908342e+18,3.17918e+19,2.612113e+19,41612.67,1456.161,1270.302,0.006247469,0.0,1996760.0,1.658739
0.297,1.907441e+18,3.178474e+19,2.611604e+19,41597.97,1453.34,1268.062,0.006234828,0.0,1996407.0,1.663183
0.298,1.906523e+18,3.177766e+19,2.61109e+19,41583.24,1450.517,1265.819,0.006222215,0.0,1996054.0,1.667647
0.299,1.905584e+18,3.177054e+19,2.610572e+19,41568.54,1447.694,1263.576,0.006209628,0.0,1995701.0,1.672134
0.3,1.90462e+18,3.17634e+19,2.61005e+19,41553.9,1444.87,1261.33,0.00619707,0.0,1995350.0,1.676643
0.301,1.903629e+18,3.175623e+19,2.609524e+19,41539.34,1442.045,1259.083,0.006184538,0.0,1995000.0,1.681174
0.302,1.902612e+18,3.174904e+19,2.608995e+19,41524.86,1439.22,1256.834,0.006172033,0.0,1994652.0,1.685728
0.303,1.90157e+18,3.174182e+19,2.608462e+19,41510.43,1436.394,1254.584,0.006159556,0.0,1994306.0,1.690305
0.304,1.900506e+18,3.173457e+19,2.607925e+19,41496.04,1433.567,1252.333,0.006147106,0.0,1993960.0,1.694903
0.305,1.899422e+18,3.172729e+19,2.607384e+19,41481.66,1430.74,1250.08,0.006134683,0.0,1993615.0,1.699524
0.306,1.89832e+18,3.171999e+19,2.606838e+19,41467.27,1427.912,1247.826,0.006122287,0.0,1993269.0,1.704166
0.307,1.897202e+18,3.171266e+19,2.606288e+19,41452.85,1425.085,1245.571,0.006109919,0.0,1992922.0,1.708831
0.308,1.896069e+18,3.17053e+19,2.605734e+19,41438.38,1422.257,1243.315,0.006097577,0.0,1992574.0,1.713517
0.309,1.894925e+18,3.169792e+19,2.605174e+19,41423.83,1419.428,1241.058,0.006085263,0.0,1992225.0,1.718225
0.31,1.89377e+18,3.16905e+19,2.60461e+19,41409.2,1416.6,1238.8,0.006072976,0.0,1991873.0,1.722954
0.311,1.892607e+18,3.168306e+19,2.604041e+19,41394.46,1413.772,1236.542,0.006060717,0.0,1991518.0,1.727705
0.312,1.891434e+18,3.167559e+19,2.603467e+19,41379.62,1410.943,1234.282,0.006048484,0.0,1991161.0,1.732477
0.313,1.89025e+18,3.166809e+19,2.602888e+19,41364.7,1408.115,1232.022,0.006036279,0.0,1990802.0,1.737271
0.314,1.889053e+18,3.166056e+19,2.602304e+19,41349.7,1405.287,1229.762,0.006024101,0.0,1990441.0,1.742087
0.315,1.887843e+18,3.165301e+19,2.601716e+19,41334.65,1402.459,1227.5,0.006011949,0.0,1990079.0,1.746926
0.316,1.886617e+18,3.164542e+19,2.601123e+19,41319.57,1399.631,1225.238,0.005999825,0.0,1989716.0,1.751787
0.317,1.885374e+18,3.163781e+19,2.600526e+19,41304.45,1396.803,1222.975,0.005987728,0.0,1989352.0,1.756672
0.318,1.884113e+18,3.163017e+19,2.599925e+19,41289.33,1393.975,1220.711,0.005975657,0.0,1988987.0,1.761579
0.319,1.882832e+18,3.16225e+19,2.599319e+19,41274.2,1391.147,1218.446,0.005963613,0.0,1988623.0,1.76651
0.32,1.88153e+18,3.16148e+19,2.59871e+19,41259.1,1388.32,1216.18,0.005951596,0.0,1988259.0,1.771464
0.321,1.880206e+18,3.160707e+19,2.598097e+19,41244.03,1385.493,1213.913,0.005939605,0.0,1987896.0,1.776443
0.322,1.878859e+18,3.159932e+19,2.59748e+19,41228.98,1382.666,1211.646,0.005927641,0.0,1987533.0,1.781446
0.323,1.877491e+18,3.159154e+19,2.596858e+19,41213.95,1379.84,1209.378,0.005915703,0.0,1987171.0,1.786472
0.324,1.876102e+18,3.158373e+19,2.596233e+19,41198.94,1377.014,1207.109,0.005903792,0.0,1986809.0,1.791522
0.325,1.874693e+18,3.157589e+19,2.595604e+19,41183.94,1374.19,1204.84,0.005891908,0.0,1986447.0,1.796596
0.326,1.873264e+18,3.156803e+19,2.594971e+19,41168.94,1371.366,1202.571,0.005880049,0.0,1986086.0,1.801694
0.327,1.871815e+18,3.156013e+19,2.594335e+19,41153.95,1368.542,1200.301,0.005868218,0.0,1985724.0,1.806816
0.328,1.870348e+18,3.155222e+19,2.593694e+19,41138.95,1365.72,1198.031,0.005856412,0.0,1985362.0,1.811961
0.329,1.868863e+18,3.154427e+19,2.593049e+19,41123.93,1362.9,1195.76,0.005844632,0.0,1985000.0,1.817129
0.33,1.86736e+18,3.15363e+19,2.5924e+19,41108.9,1360.08,1193.49,0.005832879,0.0,1984637.0,1.822321
0.331,1.86584e+18,3.15283e+19,2.591747e+19,41093.85,1357.262,1191.22,0.005821152,0.0,1984274.0,1.827537
0.332,1.864303e+18,3.152028e+19,2.59109e+19,41078.77,1354.445,1188.949,0.00580945,0.0,1983910.0,1.832776
0.333,1.862749e+18,3.151223e+19,2.59043e+19,41063.68,1351.63,1186.679,0.005797775,0.0,1983545.0,1.838038
0.334,1.861176e+18,3.150416e+19,2.589765e+19,41048.58,1348.816,1184.409,0.005786126,0.0,1983180.0,1.843325
0.335,1.859586e+18,3.149605e+19,2.589097e+19,41033.46,1346.003,1182.139,0.005774503,0.0,1982815.0,1.848636
0.336,1.857977e+18,3.148792e+19,2.588425e+19,41018.34,1343.192,1179.869,0.005762906,0.0,1982450.0,1.853971
0.337,1.856349e+18,3.147976e+19,2.587749e+19,41003.21,1340.382,1177.599,0.005751335,0.0,1982084.0,1.85933
0.338,1.854702e+18,3.147157e+19,2.58707e+19,40988.07,1337.573,1175.329,0.00573979,0.0,1981718.0,1.864714
0.339,1.853036e+18,3.146335e+19,2.586387e+19,40972.93,1334.766,1173.06,0.005728271,0.0,1981352.0,1.870123
0.34,1.85135e+18,3.14551e+19,2.5857e+19,40957.8,1331.96,1170.79,0.005716778,0.0,1980986.0,1.875558
0.341,1.849644e+18,3.144682e+19,2.58501e+19,40942.67,1329.155,1168.521,0.00570531,0.0,1980620.0,1.881017
0.342,1.847919e+18,3.143851e+19,2.584316e+19,40927.54,1326.352,1166.251,0.005693869,0.0,1980254.0,1.886502
0.343,1.846174e+18,3.143017e+19,2.583619e+19,40912.42,1323.55,1163.982,0.005682453,0.0,1979888.0,1.892012
0.344,1.844409e+18,3.142181e+19,2.582918e+19,40897.3,1320.75,1161.714,0.005671063,0.0,1979523.0,1.897548
0.345,1.842625e+18,3.141341e+19,2.582214e+19,40882.18,1317.952,1159.445,0.005659699,0.0,1979157.0,1.903109
0.346,1.840822e+18,3.140498e+19,2.581506e+19,40867.06,1315.155,1157.177,0.00564836,0.0,1978791.0,1.908695
0.347,1.839e+18,3.139653e+19,2.580795e+19,40851.95,1312.361,1154.91,0.005637047,0.0,1978425.0,1.914307
0.348,1.837159e+18,3.138805e+19,2.58008e+19,40836.83,1309.568,1152.643,0.005625759,0.0,1978059.0,1.919945
0.349,1.835299e+18,3.137954e+19,2.579362e+19,40821.72,1306.778,1150.376,0.005614497,0.0,1977693.0,1.925608
0.35,1.83342e+18,3.1371e+19,2.57864e+19,40806.6,1303.99,1148.11,0.00560326,0.0,1977326.0,1.931297
0.351,1.831523e+18,3.136244e+19,2.577915e+19,40791.48,1301.204,1145.845,0.005592048,0.0,1976960.0,1.937011
0.352,1.829608e+18,3.135384e+19,2.577186e+19,40776.36,1298.421,1143.58,0.005580861,0.0,1976594.0,1.94275
0.353,1.827674e+18,3.134523e+19,2.576453e+19,40761.24,1295.64,1141.316,0.0055697,0.0,1976227.0,1.948516
0.354,1.825721e+18,3.133658e+19,2.575717e+19,40746.11,1292.862,1139.052,0.005558563,0.0,1975860.0,1.954307
0.355,1.82375e+18,3.13279e+19,2.574978e+19,40730.99,1290.087,1136.79,0.005547452,0.0,1975493.0,1.960125
0.356,1.821761e+18,3.13192e+19,2.574235e+19,40715.86,1287.314,1134.528,0.005536367,0.0,1975127.0,1.965968
0.357,1.819754e+18,3.131047e+19,2.573489e+19,40700.72,1284.544,1132.267,0.005525306,0.0,1974759.0,1.971838
0.358,1.817727e+18,3.130171e+19,2.572739e+19,40685.59,1281.776,1130.007,0.005514271,0.0,1974392.0,1.977733
0.359,1.815683e+18,3.129292e+19,2.571986e+19,40670.45,1279.012,1127.748,0.005503261,0.0,1974025.0,1.983655
0.36,1.81362e+18,3.12841e+19,2.57123e+19,40655.3,1276.25,1125.49,0.005492277,0.0,1973657.0,1.989604
0.361,1.811539e+18,3.127525e+19,2.570471e+19,40640.15,1273.491,1123.233,0.005481317,0.0,1973289.0,1.995579
0.362,1.809439e+18,3.126637e+19,2.569708e+19,40625.0,1270.735,1120.977,0.005470383,0.0,1972922.0,2.001581
0.363,1.807321e+18,3.125747e+19,2.568942e+19,40609.85,1267.983,1118.722,0.005459474,0.0,1972554.0,2.007609
0.364,1.805184e+18,3.124853e+19,2.568173e+19,40594.69,1265.233,1116.468,0.005448591,0.0,1972186.0,2.013664
0.365,1.803028e+18,3.123957e+19,2.5674e+19,40579.54,1262.486,1114.215,0.005437732,0.0,1971817.0,2.019746
0.366,1.800854e+18,3.123057e+19,2.566625e+19,40564.4,1259.743,1111.964,0.005426898,0.0,1971450.0,2.025855
0.367,1.798662e+18,3.122155e+19,2.565846e+19,40549.26,1257.002,1109.713,0.00541609,0.0,1971082.0,2.031991
0.368,1.79645e+18,3.121249e+19,2.565064e+19,40534.13,1254.265,1107.464,0.005405306,0.0,1970714.0,2.038154
0.369,1.794219e+18,3.120341e+19,2.564278e+19,40519.01,1251.531,1105.216,0.005394547,0.0,1970346.0,2.044344
0.37,1.79197e+18,3.11943e+19,2.56349e+19,40503.9,1248.8,1102.97,0.005383812,0.0,1969979.0,2.050561
0.371,1.789702e+18,3.118516e+19,2.562698e+19,40488.8,1246.072,1100.725,0.005373102,0.0,1969612.0,2.056805
0.372,1.787415e+18,3.117599e+19,2.561904e+19,40473.72,1243.348,1098.481,0.005362417,0.0,1969245.0,2.063077
0.373,1.785109e+18,3.116679e+19,2.561106e+19,40458.64,1240.627,1096.239,0.005351757,0.0,1968878.0,2.069376
0.374,1.782786e+18,3.115757e+19,2.560304e+19,40443.57,1237.91,1093.998,0.005341121,0.0,1968511.0,2.075702
0.375,1.780445e+18,3.114831e+19,2.5595e+19,40428.5,1235.196,1091.759,0.005330509,0.0,1968144.0,2.082055
0.376,1.778086e+18,3.113903e+19,2.558693e+19,40413.43,1232.485,1089.522,0.005319922,0.0,1967778.0,2.088436
0.377,1.77571e+18,3.112972e+19,2.557882e+19,40398.36,1229.778,1087.286,0.00530936,0.0,1967411.0,2.094843
0.378,1.773316e+18,3.112037e+19,2.557068e+19,40383.28,1227.075,1085.052,0.005298821,0.0,1967043.0,2.101278
0.379,1.770906e+18,3.1111e+19,2.556251e+19,40368.2,1224.376,1082.82,0.005288308,0.0,1966676.0,2.107739
0.38,1.76848e+18,3.11016e+19,2.55543e+19,40353.1,1221.68,1080.59,0.005277818,0.0,1966308.0,2.114227
0.381,1.766037e+18,3.109217e+19,2.554606e+19,40337.99,1218.988,1078.362,0.005267353,0.0,1965940.0,2.120743
0.382,1.763578e+18,3.108271e+19,2.55378e+19,40322.88,1216.3,1076.136,0.005256911,0.0,1965572.0,2.127285
0.383,1.761102e+18,3.107322e+19,2.55295e+19,40307.76,1213.616,1073.912,0.005246494,0.0,1965203.0,2.133855
0.384,1.758608e+18,3.106371e+19,2.552117e+19,40292.64,1210.936,1071.69,0.005236101,0.0,1964835.0,2.140452
0.385,1.756097e+18,3.105416e+19,2.551281e+19,40277.53,1208.261,1069.47,0.005225732,0.0,1964466.0,2.147077
0.386,1.753567e+18,3.104459e+19,2.550442e+19,40262.44,1205.589,1067.252,0.005215387,0.0,1964098.0,2.153729
0.387,1.751019e+18,3.103498e+19,2.549601e+19,40247.36,1202.923,1065.036,0.005205066,0.0,1963730.0,2.16041
0.388,1.748452e+18,3.102535e+19,2.548756e+19,40232.31,1200.26,1062.822,0.005194769,0.0,1963363.0,2.167119
0.389,1.745866e+18,3.101569e+19,2.547909e+19,40217.29,1197.603,1060.61,0.005184495,0.0,1962997.0,2.173857
0.39,1.74326e+18,3.1006e+19,2.54706e+19,40202.3,1194.95,1058.4,0.005174246,0.0,1962631.0,2.180623
0.391,1.740634e+18,3.099628e+19,2.546208e+19,40187.35,1192.302,1056.192,0.005164019,0.0,1962266.0,2.187418
0.392,1.737989e+18,3.098653e+19,2.545354e+19,40172.43,1189.659,1053.986,0.005153817,0.0,1961902.0,2.194242
0.393,1.735326e+18,3.097676e+19,2.544496e+19,40157.54,1187.021,1051.783,0.005143638,0.0,1961538.0,2.201095
0.394,1.732645e+18,3.096695e+19,2.543636e+19,40142.67,1184.388,1049.581,0.005133483,0.0,1961175.0,2.207978
0.395,1.729947e+18,3.095712e+19,2.542773e+19,40127.82,1181.759,1047.381,0.005123351,0.0,1960812.0,2.214889
0.396,1.727234e+18,3.094725e+19,2.541907e+19,40112.97,1179.136,1045.183,0.005113243,0.0,1960449.0,2.221831
0.397,1.724505e+18,3.093736e+19,2.541038e+19,40098.12,1176.517,1042.987,0.005103158,0.0,1960086.0,2.228802
0.398,1.721763e+18,3.092744e+19,2.540165e+19,40083.26,1173.903,1040.793,0.005093097,0.0,1959723.0,2.235803
0.399,1.719008e+18,3.091748e+19,2.539289e+19,40068.39,1171.294,1038.6,0.00508306,0.0,1959359.0,2.242834
0.4,1.71624e+18,3.09075e+19,2.53841e+19,40053.5,1168.69,1036.41,0.005073046,0.0,1958995.0,2.249896
0.401,1.713461e+18,3.089749e+19,2.537527e+19,40038.59,1166.091,1034.221,0.005063056,0.0,1958630.0,2.256987
0.402,1.710669e+18,3.088744e+19,2.536641e+19,40023.66,1163.496,1032.035,0.00505309,0.0,1958265.0,2.264109
0.403,1.707864e+18,3.087737e+19,2.535751e+19,40008.72,1160.906,1029.85,0.005043147,0.0,1957900.0,2.271262
0.404,1.705046e+18,3.086726e+19,2.534858e+19,39993.78,1158.322,1027.667,0.005033228,0.0,1957534.0,2.278446
0.405,1.702213e+18,3.085713e+19,2.533961e+19,39978.86,1155.743,1025.486,0.005023332,0.0,1957169.0,2.285661
0.406,1.699364e+18,3.084696e+19,2.533062e+19,39963.95,1153.169,1023.307,0.005013459,0.0,1956804.0,2.292907
0.407,1.696499e+18,3.083677e+19,2.532161e+19,39949.07,1150.601,1021.13,0.00500361,0.0,1956440.0,2.300186
0.408,1.693618e+18,3.082654e+19,2.531256e+19,39934.23,1148.038,1018.954,0.004993785,0.0,1956076.0,2.307496
0.409,1.690718e+18,3.081629e+19,2.530349e+19,39919.44,1145.481,1016.781,0.004983983,0.0,1955714.0,2.314839
0.41,1.6878e+18,3.0806e+19,2.52944e+19,39904.7,1142.93,1014.61,0.004974205,0.0,1955353.0,2.322214
0.411,1.684863e+18,3.079568e+19,2.528529e+19,39890.03,1140.385,1012.441,0.00496445,0.0,1954993.0,2.329622
0.412,1.681908e+18,3.078534e+19,2.527615e+19,39875.41,1137.846,1010.274,0.004954718,0.0,1954635.0,2.337063
0.413,1.678935e+18,3.077496e+19,2.526699e+19,39860.83,1135.312,1008.108,0.004945009,0.0,1954278.0,2.344536
0.414,1.675947e+18,3.076455e+19,2.52578e+19,39846.28,1132.785,1005.945,0.004935324,0.0,1953921.0,2.352043
0.415,1.672945e+18,3.075412e+19,2.524859e+19,39831.76,1130.264,1003.784,0.004925661,0.0,1953565.0,2.359583
0.416,1.66993e+18,3.074365e+19,2.523935e+19,39817.25,1127.749,1001.625,0.004916022,0.0,1953209.0,2.367156
0.417,1.666902e+18,3.073316e+19,2.523008e+19,39802.74,1125.24,999.4676,0.004906404,0.0,1952853.0,2.374763
0.418,1.663864e+18,3.072263e+19,2.522078e+19,39788.22,1122.737,997.3124,0.00489681,0.0,1952497.0,2.382403
0.419,1.660816e+18,3.071208e+19,2.521146e+19,39773.68,1120.24,995.1592,0.004887238,0.0,1952140.0,2.390076
0.42,1.65776e+18,3.07015e+19,2.52021e+19,39759.1,1117.75,993.008,0.004877688,0.0,1951782.0,2.397783
0.421,1.654697e+18,3.069089e+19,2.519271e+19,39744.48,1115.266,990.8588,0.00486816,0.0,1951424.0,2.405524
0.422,1.651625e+18,3.068026e+19,2.518329e+19,39729.84,1112.788,988.7115,0.004858654,0.0,1951064.0,2.413298
0.423,1.648544e+18,3.066959e+19,2.517384e+19,39715.18,1110.316,986.5663,0.004849171,0.0,1950704.0,2.421107
0.424,1.645453e+18,3.06589e+19,2.516436e+19,39700.52,1107.851,984.4229,0.00483971,0.0,1950344.0,2.428951
0.425,1.64235e+18,3.064817e+19,2.515485e+19,39685.88,1105.392,982.2816,0.004830271,0.0,1949984.0,2.436829
0.426,1.639234e+18,3.063742e+19,2.514532e+19,39671.27,1102.94,980.1422,0.004820855,0.0,1949625.0,2.444743
0.427,1.636104e+18,3.062664e+19,2.513575e+19,39656.7,1100.495,978.0048,0.004811461,0.0,1949267.0,2.452692
0.428,1.63296e+18,3.061582e+19,2.512616e+19,39642.19,1098.057,975.8692,0.00480209,0.0,1948911.0,2.460677
0.429,1.629799e+18,3.060498e+19,2.511654e+19,39627.75,1095.625,973.7357,0.004792741,0.0,1948556.0,2.468699
0.43,1.62662e+18,3.05941e+19,2.51069e+19,39613.4,1093.2,971.604,0.004783415,0.0,1948203.0,2.476757
0.431,1.623423e+18,3.058319e+19,2.509723e+19,39599.15,1090.782,969.4743,0.004774111,0.0,1947852.0,2.484852
0.432,1.62021e+18,3.057225e+19,2.508754e+19,39584.98,1088.371,967.3465,0.00476483,0.0,1947504.0,2.492984
0.433,1.616981e+18,3.056128e+19,2.507782e+19,39570.89,1085.968,965.2206,0.004755572,0.0,1947157.0,2.501153
0.434,1.613738e+18,3.055028e+19,2.506807e+19,39556.85,1083.571,963.0966,0.004746336,0.0,1946812.0,2.509359
0.435,1.610483e+18,3.053924e+19,2.50583e+19,39542.85,1081.181,960.9746,0.004737122,0.0,1946467.0,2.517603
0.436,1.607218e+18,3.052818e+19,2.50485e+19,39528.88,1078.799,958.8546,0.004727931,0.0,1946123.0,2.525885
0.437,1.603943e+18,3.051708e+19,2.503867e+19,39514.91,1076.423,956.7365,0.004718762,0.0,1945780.0,2.534204
0.438,1.600661e+18,3.050595e+19,2.502881e+19,39500.94,1074.055,954.6203,0.004709615,0.0,1945435.0,2.542561
0.439,1.597372e+18,3.049479e+19,2.501892e+19,39486.94,1071.694,952.5062,0.00470049,0.0,1945091.0,2.550956
0.44,1.59408e+18,3.04836e+19,2.5009e+19,39472.9,1069.34,950.394,0.004691387,0.0,1944745.0,2.55939
0.441,1.590784e+18,3.047238e+19,2.499905e+19,39458.81,1066.993,948.2838,0.004682305,0.0,1944398.0,2.567861
0.442,1.587485e+18,3.046112e+19,2.498907e+19,39444.69,1064.654,946.1756,0.004673246,0.0,1944050.0,2.576371
0.443,1.58418e+18,3.044984e+19,2.497906e+19,39430.54,1062.321,944.0693,0.004664209,0.0,1943701.0,2.58492
0.444,1.580869e+18,3.043852e+19,2.496902e+19,39416.4,1059.996,941.965,0.004655193,0.0,1943353.0,2.593508
0.445,1.577551e+18,3.042718e+19,2.495895e+19,39402.26,1057.677,939.8627,0.004646199,0.0,1943004.0,2.602135
0.446,1.574225e+18,3.04158e+19,2.494885e+19,39388.16,1055.366,937.7623,0.004637227,0.0,1942656.0,2.610802
0.447,1.570888e+18,3.04044e+19,2.493873e+19,39374.1,1053.061,935.6638,0.004628276,0.0,1942310.0,2.61951
0.448,1.567541e+18,3.039296e+19,2.492858e+19,39360.11,1050.764,933.5673,0.004619347,0.0,1941965.0,2.628257
0.449,1.564182e+18,3.03815e+19,2.49184e+19,39346.21,1048.474,931.4727,0.00461044,0.0,1941621.0,2.637046
0.45,1.56081e+18,3.037e+19,2.49082e+19,39332.4,1046.19,929.38,0.004601554,0.0,1941281.0,2.645876
0.451,1.557424e+18,3.035848e+19,2.489797e+19,39318.7,1043.913,927.2892,0.004592689,0.0,1940943.0,2.654747
0.452,1.554026e+18,3.034692e+19,2.488772e+19,39305.11,1041.644,925.2004,0.004583846,0.0,1940607.0,2.663659
0.453,1.550616e+18,3.033534e+19,2.487745e+19,39291.59,1039.381,923.1134,0.004575024,0.0,1940274.0,2.672614
0.454,1.547198e+18,3.032372e+19,2.486714e+19,39278.14,1037.124,921.0284,0.004566224,0.0,1939941.0,2.68161
0.455,1.543773e+18,3.031208e+19,2.485681e+19,39264.74,1034.875,918.9453,0.004557445,0.0,1939610.0,2.690649
0.456,1.540342e+18,3.030041e+19,2.484645e+19,39251.36,1032.633,916.8642,0.004548687,0.0,1939280.0,2.699729
0.457,1.536908e+18,3.02887e+19,2.483606e+19,39238.0,1030.397,914.785,0.00453995,0.0,1938950.0,2.708852
0.458,1.533471e+18,3.027697e+19,2.482564e+19,39224.63,1028.168,912.7077,0.004531235,0.0,1938619.0,2.718018
0.459,1.530035e+18,3.02652e+19,2.481519e+19,39211.24,1025.946,910.6324,0.004522541,0.0,1938288.0,2.727227
0.46,1.5266e+18,3.02534e+19,2.48047e+19,39197.8,1023.73,908.559,0.004513868,0.0,1937956.0,2.736478
0.461,1.523168e+18,3.024157e+19,2.479418e+19,39184.31,1021.521,906.4876,0.004505217,0.0,1937623.0,2.745772
0.462,1.519738e+18,3.022971e+19,2.478363e+19,39170.78,1019.319,904.4181,0.004496587,0.0,1937288.0,2.75511
0.463,1.51631e+18,3.021782e+19,2.477305e+19,39157.22,1017.123,902.3506,0.004487977,0.0,1936953.0,2.764492
0.464,1.512881e+18,3.020589e+19,2.476243e+19,39143.66,1014.934,900.285,0.004479389,0.0,1936617.0,2.773917
0.465,1.509451e+18,3.019394e+19,2.475179e+19,39130.11,1012.751,898.2213,0.004470822,0.0,1936282.0,2.783387
0.466,1.506018e+18,3.018195e+19,2.474111e+19,39116.58,1010.575,896.1596,0.004462276,0.0,1935947.0,2.792902
0.467,1.502582e+18,3.016994e+19,2.47304e+19,39103.1,1008.404,894.0998,0.00445375,0.0,1935614.0,2.802461
0.468,1.499141e+18,3.015789e+19,2.471967e+19,39089.68,1006.24,892.042,0.004445245,0.0,1935282.0,2.812066
0.469,1.495694e+18,3.014581e+19,2.47089e+19,39076.34,1004.082,889.986,0.004436761,0.0,1934952.0,2.821717
0.47,1.49224e+18,3.01337e+19,2.46981e+19,39063.1,1001.93,887.932,0.004428298,0.0,1934624.0,2.831414
0.471,1.488778e+18,3.012156e+19,2.468727e+19,39049.97,999.7839,885.8799,0.004419855,0.0,1934298.0,2.841157
0.472,1.48531e+18,3.010939e+19,2.467642e+19,39036.93,997.6438,883.8297,0.004411433,0.0,1933976.0,2.850947
0.473,1.481836e+18,3.009719e+19,2.466554e+19,39023.98,995.5096,881.7814,0.004403032,0.0,1933655.0,2.860784
0.474,1.478358e+18,3.008496e+19,2.465462e+19,39011.1,993.3813,879.735,0.004394651,0.0,1933336.0,2.870668
0.475,1.474879e+18,3.00727e+19,2.464368e+19,38998.27,991.2589,877.6906,0.00438629,0.0,1933018.0,2.880599
0.476,1.471398e+18,3.00604e+19,2.46327e+19,38985.48,989.1425,875.648,0.00437795,0.0,1932701.0,2.890579
0.477,1.467919e+18,3.004807e+19,2.46217e+19,38972.72,987.032,873.6074,0.004369631,0.0,1932384.0,2.900606
0.478,1.464441e+18,3.003572e+19,2.461066e+19,38959.96,984.9274,871.5687,0.004361331,0.0,1932068.0,2.910682
0.479,1.460968e+18,3.002332e+19,2.45996e+19,38947.19,982.8288,869.5319,0.004353053,0.0,1931751.0,2.920807
0.48,1.4575e+18,3.00109e+19,2.45885e+19,38934.4,980.736,867.497,0.004344794,0.0,1931434.0,2.93098
0.481,1.454039e+18,2.999844e+19,2.457737e+19,38921.58,978.6492,865.4641,0.004336556,0.0,1931116.0,2.941203
0.482,1.450584e+18,2.998596e+19,2.456621e+19,38908.72,976.5682,863.433,0.004328339,0.0,1930797.0,2.951475
0.483,1.447135e+18,2.997343e+19,2.455502e+19,38895.84,974.493,861.4039,0.004320141,0.0,1930477.0,2.961797
0.484,1.443692e+18,2.996088e+19,2.454379e+19,38882.94,972.4236,859.3767,0.004311964,0.0,1930157.0,2.972169
0.485,1.440255e+18,2.99483e+19,2.453253e+19,38870.04,970.36,857.3515,0.004303807,0.0,1929837.0,2.982591
0.486,1.436823e+18,2.993568e+19,2.452124e+19,38857.13,968.302,855.3281,0.004295671,0.0,1929516.0,2.993064
0.487,1.433396e+18,2.992303e+19,2.450991e+19,38844.22,966.2497,853.3067,0.004287554,0.0,1929196.0,3.003587
0.488,1.429973e+18,2.991035e+19,2.449854e+19,38831.33,964.2029,851.2872,0.004279458,0.0,1928876.0,3.014161
0.489,1.426555e+18,2.989764e+19,2.448714e+19,38818.45,962.1617,849.2696,0.004271381,0.0,1928556.0,3.024785
0.49,1.42314e+18,2.98849e+19,2.44757e+19,38805.6,960.126,847.254,0.004263325,0.0,1928237.0,3.035461
0.491,1.419729e+18,2.987213e+19,2.446422e+19,38792.78,958.0958,845.2403,0.004255288,0.0,1927918.0,3.046189
0.492,1.416322e+18,2.985933e+19,2.445271e+19,38779.99,956.0709,843.2285,0.004247272,0.0,1927600.0,3.056968
0.493,1.412919e+18,2.98465e+19,2.444116e+19,38767.23,954.0515,841.2186,0.004239276,0.0,1927283.0,3.0678
0.494,1.40952e+18,2.983363e+19,2.442958e+19,38754.5,952.0374,839.2107,0.004231299,0.0,1926967.0,3.078685
0.495,1.406127e+18,2.982074e+19,2.441796e+19,38741.79,950.0286,837.2046,0.004223342,0.0,1926651.0,3.089623
0.496,1.402738e+18,2.980781e+19,2.440631e+19,38729.11,948.0251,835.2005,0.004215406,0.0,1926335.0,3.100615
0.497,1.399355e+18,2.979486e+19,2.439463e+19,38716.45,946.0268,833.1983,0.004207489,0.0,1926020.0,3.111661
0.498,1.395977e+18,2.978187e+19,2.438292e+19,38703.81,944.0337,831.198,0.004199592,0.0,1925706.0,3.122762
0.499,1.392605e+18,2.976885e+19,2.437117e+19,38691.2,942.0458,829.1995,0.004191715,0.0,1925392.0,3.133918
0.5,1.38924e+18,2.97558e+19,2.43594e+19,38678.6,940.063,827.203,0.004183857,0.0,1925079.0,3.14513
0.501,1.385881e+18,2.974272e+19,2.43476e+19,38666.02,938.0853,825.2084,0.00417602,0.0,1924766.0,3.156399
0.502,1.382531e+18,2.97296e+19,2.433577e+19,38653.44,936.1127,823.2156,0.004168202,0.0,1924453.0,3.167724
0.503,1.379189e+18,2.971646e+19,2.43239e+19,38640.86,934.1451,821.2248,0.004160404,0.0,1924139.0,3.179106
0.504,1.375857e+18,2.970328e+19,2.4312e+19,38628.25,932.1825,819.2358,0.004152626,0.0,1923825.0,3.190545
0.505,1.372536e+18,2.969006e+19,2.430007e+19,38615.61,930.2249,817.2488,0.004144866,0.0,1923511.0,3.20204
0.506,1.369227e+18,2.967682e+19,2.42881e+19,38602.93,928.2722,815.2636,0.004137127,0.0,1923195.0,3.213593
0.507,1.365933e+18,2.966354e+19,2.427609e+19,38590.19,926.3243,813.2804,0.004129406,0.0,1922877.0,3.225203
0.508,1.362652e+18,2.965023e+19,2.426403e+19,38577.38,924.3814,811.299,0.004121705,0.0,1922558.0,3.236871
0.509,1.359388e+18,2.963688e+19,2.425194e+19,38564.49,922.4433,809.3195,0.004114023,0.0,1922237.0,3.248597
0.51,1.35614e+18,2.96235e+19,2.42398e+19,38551.5,920.51,807.342,0.00410636,0.0,1921913.0,3.26038
0.511,1.35291e+18,2.961009e+19,2.422762e+19,38538.41,918.5815,805.3664,0.004098716,0.0,1921587.0,3.272221
0.512,1.349697e+18,2.959664e+19,2.421539e+19,38525.23,916.6577,803.3926,0.00409109,0.0,1921258.0,3.284121
0.513,1.3465e+18,2.958316e+19,2.420312e+19,38511.98,914.7386,801.4208,0.004083484,0.0,1920928.0,3.29608
0.514,1.343317e+18,2.956964e+19,2.419081e+19,38498.66,912.8241,799.4509,0.004075897,0.0,1920596.0,3.308099
0.515,1.340147e+18,2.95561e+19,2.417846e+19,38485.31,910.9143,797.4828,0.004068328,0.0,1920263.0,3.320178
0.516,1.33699e+18,2.954252e+19,2.416607e+19,38471.93,909.009,795.5167,0.004060778,0.0,1919929.0,3.332318
0.517,1.333844e+18,2.952891e+19,2.415365e+19,38458.55,907.1083,793.5524,0.004053247,0.0,1919595.0,3.34452
0.518,1.330708e+18,2.951527e+19,2.41412e+19,38445.17,905.2121,791.5901,0.004045735,0.0,1919261.0,3.356784
0.519,1.32758e+18,2.95016e+19,2.412871e+19,38431.81,903.3203,789.6296,0.004038242,0.0,1918928.0,3.369111
0.52,1.32446e+18,2.94879e+19,2.41162e+19,38418.5,901.433,787.671,0.004030767,0.0,1918595.0,3.381502
0.521,1.321347e+18,2.947417e+19,2.410366e+19,38405.24,899.5501,785.7143,0.004023312,0.0,1918264.0,3.393956
0.522,1.318241e+18,2.946041e+19,2.409109e+19,38392.02,897.6715,783.7595,0.004015874,0.0,1917934.0,3.406476
0.523,1.315145e+18,2.944662e+19,2.407849e+19,38378.82,895.7972,781.8066,0.004008456,0.0,1917604.0,3.41906
0.524,1.312059e+18,2.94328e+19,2.406586e+19,38365.62,893.9273,779.8555,0.004001056,0.0,1917274.0,3.431709
0.525,1.308986e+18,2.941895e+19,2.405319e+19,38352.41,892.0616,777.9064,0.003993675,0.0,1916944.0,3.444423
0.526,1.305926e+18,2.940506e+19,2.404049e+19,38339.16,890.2001,775.9591,0.003986313,0.0,1916613.0,3.457203
0.527,1.302881e+18,2.939115e+19,2.402776e+19,38325.87,888.3429,774.0137,0.003978969,0.0,1916281.0,3.470048
0.528,1.299852e+18,2.93772e+19,2.401498e+19,38312.5,886.4898,772.0703,0.003971643,0.0,1915947.0,3.48296
0.529,1.296842e+18,2.936322e+19,2.400216e+19,38299.05,884.6408,770.1287,0.003964336,0.0,1915610.0,3.495937
0.53,1.29385e+18,2.93492e+19,2.39893e+19,38285.5,882.796,768.189,0.003957048,0.0,1915271.0,3.508981
0.531,1.290879e+18,2.933515e+19,2.39764e+19,38271.83,880.9552,766.2512,0.003949777,0.0,1914929.0,3.522092
0.532,1.287927e+18,2.932107e+19,2.396345e+19,38258.05,879.1185,764.3153,0.003942525,0.0,1914584.0,3.53527
0.533,1.284995e+18,2.930695e+19,2.395046e+19,38244.17,877.2858,762.3813,0.003935292,0.0,1914237.0,3.548516
0.534,1.282081e+18,2.92928e+19,2.393743e+19,38230.2,875.457,760.4492,0.003928077,0.0,1913888.0,3.56183
0.535,1.279184e+18,2.927861e+19,2.392437e+19,38216.16,873.6321,758.519,0.00392088,0.0,1913536.0,3.575214
0.536,1.276304e+18,2.92644e+19,2.391126e+19,38202.06,871.8111,756.5907,0.003913701,0.0,1913183.0,3.588668
0.537,1.273439e+18,2.925015e+19,2.389812e+19,38187.91,869.9939,754.6642,0.003906541,0.0,1912829.0,3.602193
0.538,1.270589e+18,2.923586e+19,2.388495e+19,38173.73,868.1805,752.7396,0.003899398,0.0,1912473.0,3.615789
0.539,1.267753e+18,2.922155e+19,2.387174e+19,38159.52,866.3709,750.8169,0.003892274,0.0,1912118.0,3.629457
0.54,1.26493e+18,2.92072e+19,2.38585e+19,38145.3,864.565,748.896,0.003885169,0.0,1911761.0,3.643198
0.541,1.262119e+18,2.919282e+19,2.384523e+19,38131.08,862.7628,746.977,0.003878081,0.0,1911405.0,3.657013
0.542,1.25932e+18,2.917841e+19,2.383193e+19,38116.87,860.9642,745.0598,0.003871011,0.0,1911049.0,3.670902
0.543,1.256531e+18,2.916396e+19,2.38186e+19,38102.69,859.1692,743.1446,0.00386396,0.0,1910693.0,3.684866
0.544,1.253752e+18,2.914948e+19,2.380525e+19,38088.55,857.3778,741.2311,0.003856926,0.0,1910338.0,3.698905
0.545,1.250982e+18,2.913497e+19,2.379187e+19,38074.45,855.5899,739.3196,0.00384991,0.0,1909985.0,3.713022
0.546,1.248219e+18,2.912043e+19,2.377846e+19,38060.41,853.8056,737.4099,0.003842912,0.0,1909633.0,3.727215
0.547,1.245464e+18,2.910585e+19,2.376503e+19,38046.44,852.0248,735.5021,0.003835932,0.0,1909282.0,3.741486
0.548,1.242714e+18,2.909123e+19,2.375158e+19,38032.56,850.2474,733.5962,0.00382897,0.0,1908934.0,3.755835
0.549,1.23997e+18,2.907658e+19,2.37381e+19,38018.78,848.4735,731.6922,0.003822025,0.0,1908588.0,3.770264
0.55,1.23723e+18,2.90619e+19,2.37246e+19,38005.1,846.703,729.79,0.003815098,0.0,1908245.0,3.784773
0.551,1.234494e+18,2.904718e+19,2.371108e+19,37991.54,844.9359,727.8897,0.003808188,0.0,1907904.0,3.799363
0.552,1.231763e+18,2.903243e+19,2.369754e+19,37978.07,843.1721,725.9914,0.003801296,0.0,1907566.0,3.814034
0.553,1.229039e+18,2.901764e+19,2.368397e+19,37964.67,841.4115,724.0949,0.003794421,0.0,1907229.0,3.828787
0.554,1.226324e+18,2.900282e+19,2.367038e+19,37951.32,839.6543,722.2002,0.003787564,0.0,1906894.0,3.84362
0.555,1.223619e+18,2.898796e+19,2.365676e+19,37937.99,837.9003,720.3075,0.003780724,0.0,1906559.0,3.858536
0.556,1.220926e+18,2.897307e+19,2.364312e+19,37924.65,836.1494,718.4167,0.003773902,0.0,1906224.0,3.873534
0.557,1.218247e+18,2.895815e+19,2.362944e+19,37911.29,834.4017,716.5277,0.003767097,0.0,1905888.0,3.888615
0.558,1.215584e+18,2.89432e+19,2.361573e+19,37897.88,832.6571,714.6406,0.00376031,0.0,1905551.0,3.903778
0.559,1.212937e+18,2.892822e+19,2.360198e+19,37884.39,830.9155,712.7554,0.00375354,0.0,1905212.0,3.919024
0.56,1.21031e+18,2.89132e+19,2.35882e+19,37870.8,829.177,710.872,0.003746787,0.0,1904870.0,3.934354
0.561,1.207703e+18,2.889816e+19,2.357438e+19,37857.1,827.4415,708.9905,0.003740051,0.0,1904526.0,3.949767
0.562,1.205112e+18,2.888308e+19,2.356053e+19,37843.32,825.7089,707.1109,0.003733333,0.0,1904179.0,3.965264
0.563,1.202535e+18,2.886797e+19,2.354665e+19,37829.52,823.9792,705.2332,0.003726632,0.0,1903832.0,3.980849
0.564,1.199968e+18,2.885283e+19,2.353275e+19,37815.75,822.2524,703.3573,0.003719948,0.0,1903485.0,3.99652
0.565,1.197408e+18,2.883766e+19,2.351882e+19,37802.05,820.5284,701.4833,0.003713282,0.0,1903140.0,4.012281
0.566,1.194849e+18,2.882246e+19,2.350487e+19,37788.48,818.8072,699.6111,0.003706632,0.0,1902799.0,4.028133
0.567,1.19229e+18,2.880722e+19,2.349092e+19,37775.09,817.0888,697.7408,0.003699999,0.0,1902462.0,4.044076
0.568,1.189726e+18,2.879195e+19,2.347695e+19,37761.93,815.3732,695.8724,0.003693384,0.0,1902130.0,4.060113
0.569,1.187154e+18,2.877664e+19,2.346298e+19,37749.05,813.6603,694.0058,0.003686785,0.0,1901806.0,4.076244
0.57,1.18457e+18,2.87613e+19,2.3449e+19,37736.5,811.95,692.141,0.003680203,0.0,1901490.0,4.092473
0.571,1.181972e+18,2.874592e+19,2.343503e+19,37724.31,810.2424,690.2781,0.003673638,0.0,1901182.0,4.108799
0.572,1.179362e+18,2.873051e+19,2.342105e+19,37712.45,808.5373,688.417,0.00366709,0.0,1900883.0,4.125223
0.573,1.176745e+18,2.871507e+19,2.340707e+19,37700.84,806.8349,686.5578,0.003660558,0.0,1900591.0,4.141745
0.574,1.174124e+18,2.869959e+19,2.339308e+19,37689.43,805.135,684.7004,0.003654043,0.0,1900303.0,4.158366
0.575,1.171505e+18,2.868407e+19,2.337907e+19,37678.17,803.4376,682.8449,0.003647545,0.0,1900019.0,4.175084
0.576,1.16889e+18,2.866852e+19,2.336505e+19,37666.98,801.7426,680.9912,0.003641063,0.0,1899737.0,4.191901
0.577,1.166284e+18,2.865294e+19,2.335101e+19,37655.81,800.0502,679.1394,0.003634597,0.0,1899455.0,4.208815
0.578,1.163691e+18,2.863733e+19,2.333694e+19,37644.59,798.3601,677.2894,0.003628148,0.0,1899173.0,4.225827
0.579,1.161115e+18,2.862168e+19,2.332284e+19,37633.28,796.6724,675.4413,0.003621716,0.0,1898887.0,4.242938
0.58,1.15856e+18,2.8606e+19,2.33087e+19,37621.8,794.987,673.595,0.003615299,0.0,1898598.0,4.260146
0.581,1.156029e+18,2.859029e+19,2.329453e+19,37610.12,793.304,671.7506,0.003608899,0.0,1898303.0,4.277452
0.582,1.153517e+18,2.857454e+19,2.328032e+19,37598.29,791.6232,669.908,0.003602514,0.0,1898004.0,4.294858
0.583,1.151021e+18,2.855877e+19,2.326609e+19,37586.38,789.9446,668.0673,0.003596146,0.0,1897704.0,4.312366
0.584,1.148534e+18,2.854296e+19,2.325184e+19,37574.48,788.2683,666.2284,0.003589795,0.0,1897403.0,4.329977
0.585,1.146051e+18,2.852711e+19,2.323757e+19,37562.65,786.5941,664.3914,0.003583459,0.0,1897104.0,4.347693
0.586,1.143568e+18,2.851124e+19,2.32233e+19,37550.96,784.922,662.5562,0.00357714,0.0,1896809.0,4.365516
0.587,1.141078e+18,2.849533e+19,2.320901e+19,37539.5,783.252,660.7229,0.003570837,0.0,1896520.0,4.383448
0.588,1.138577e+18,2.847939e+19,2.319473e+19,37528.34,781.584,658.8914,0.00356455,0.0,1896238.0,4.401492
0.589,1.136059e+18,2.846341e+19,2.318046e+19,37517.55,779.918,657.0618,0.00355828,0.0,1895965.0,4.419648
0.59,1.13352e+18,2.84474e+19,2.31662e+19,37507.2,778.254,655.234,0.003552025,0.0,1895704.0,4.43792
0.591,1.130956e+18,2.843136e+19,2.315196e+19,37497.35,776.5919,653.4081,0.003545787,0.0,1895455.0,4.456308
0.592,1.128369e+18,2.841528e+19,2.313773e+19,37487.93,774.9317,651.584,0.003539566,0.0,1895217.0,4.474814
0.593,1.125767e+18,2.839917e+19,2.31235e+19,37478.88,773.2733,649.7618,0.00353336,0.0,1894988.0,4.493437
0.594,1.123153e+18,2.838302e+19,2.310928e+19,37470.09,771.6168,647.9414,0.00352717,0.0,1894766.0,4.512176
0.595,1.120533e+18,2.836684e+19,2.309506e+19,37461.51,769.962,646.1229,0.003520997,0.0,1894549.0,4.531033
0.596,1.117913e+18,2.835062e+19,2.308082e+19,37453.03,768.309,644.3063,0.003514839,0.0,1894334.0,4.550007
0.597,1.115297e+18,2.833437e+19,2.306658e+19,37444.58,766.6578,642.4914,0.003508697,0.0,1894121.0,4.569098
0.598,1.112691e+18,2.831808e+19,2.305231e+19,37436.08,765.0082,640.6784,0.003502571,0.0,1893906.0,4.588306
0.599,1.1101e+18,2.830176e+19,2.303802e+19,37427.45,763.3603,638.8673,0.003496461,0.0,1893687.0,4.60763
0.6,1.10753e+18,2.82854e+19,2.30237e+19,37418.6,761.714,637.058,0.003490366,0.0,1893463.0,4.627071
0.601,1.104983e+18,2.826901e+19,2.300935e+19,37409.48,760.0693,635.2505,0.003484287,0.0,1893233.0,4.646629
0.602,1.102456e+18,2.825258e+19,2.299496e+19,37400.17,758.4262,633.4449,0.003478223,0.0,1892997.0,4.666306
0.603,1.09994e+18,2.823611e+19,2.298056e+19,37390.75,756.7846,631.6411,0.003472175,0.0,1892758.0,4.686104
0.604,1.097431e+18,2.821961e+19,2.296614e+19,37381.32,755.1445,629.8392,0.003466143,0.0,1892520.0,4.706026
0.605,1.094921e+18,2.820308e+19,2.295171e+19,37371.98,753.5059,628.0391,0.003460126,0.0,1892283.0,4.726073
0.606,1.092404e+18,2.818651e+19,2.293728e+19,37362.83,751.8686,626.2408,0.003454124,0.0,1892052.0,4.746249
0.607,1.089873e+18,2.816991e+19,2.292286e+19,37353.95,750.2328,624.4443,0.003448138,0.0,1891827.0,4.766556
0.608,1.087321e+18,2.815327e+19,2.290845e+19,37345.46,748.5982,622.6497,0.003442168,0.0,1891612.0,4.786996
0.609,1.084742e+18,2.81366e+19,2.289406e+19,37337.44,746.965,620.8569,0.003436213,0.0,1891409.0,4.807571
0.61,1.08213e+18,2.81199e+19,2.28797e+19,37330.0,745.333,619.066,0.003430273,0.0,1891220.0,4.828286
0.611,1.07948e+18,2.810316e+19,2.286537e+19,37323.19,743.7022,617.2769,0.003424349,0.0,1891048.0,4.849141
0.612,1.076795e+18,2.808639e+19,2.285106e+19,37316.95,742.0727,615.4896,0.003418441,0.0,1890890.0,4.870137
0.613,1.074083e+18,2.806959e+19,2.283678e+19,37311.18,740.4442,613.7041,0.003412548,0.0,1890743.0,4.891275
0.614,1.071349e+18,2.805275e+19,2.282251e+19,37305.77,738.8169,611.9205,0.00340667,0.0,1890606.0,4.912554
0.615,1.0686e+18,2.803588e+19,2.280826e+19,37300.63,737.1907,610.1387,0.003400807,0.0,1890476.0,4.933974
0.616,1.065842e+18,2.801898e+19,2.2794e+19,37295.66,735.5656,608.3587,0.003394959,0.0,1890350.0,4.955535
0.617,1.06308e+18,2.800204e+19,2.277975e+19,37290.75,733.9415,606.5806,0.003389126,0.0,1890226.0,4.977238
0.618,1.060322e+18,2.798506e+19,2.276548e+19,37285.8,732.3184,604.8042,0.003383307,0.0,1890100.0,4.999081
0.619,1.057573e+18,2.796805e+19,2.27512e+19,37280.72,730.6962,603.0297,0.003377503,0.0,1889972.0,5.021066
0.62,1.05484e+18,2.7951e+19,2.27369e+19,37275.4,729.075,601.257,0.003371714,0.0,1889837.0,5.043192
0.621,1.052126e+18,2.793392e+19,2.272258e+19,37269.78,727.4547,599.4861,0.003365939,0.0,1889694.0,5.06546
0.622,1.049428e+18,2.79168e+19,2.270823e+19,37263.92,725.8353,597.717,0.003360179,0.0,1889546.0,5.087871
0.623,1.046737e+18,2.789964e+19,2.269388e+19,37257.93,724.2166,595.9498,0.003354433,0.0,1889394.0,5.110429
0.624,1.044049e+18,2.788245e+19,2.267951e+19,37251.9,722.5988,594.1844,0.003348702,0.0,1889241.0,5.133136
0.625,1.041355e+18,2.786523e+19,2.266515e+19,37245.94,720.9817,592.4207,0.003342985,0.0,1889090.0,5.155995
0.626,1.03865e+18,2.784797e+19,2.26508e+19,37240.15,719.3653,590.659,0.003337283,0.0,1888943.0,5.179009
0.627,1.035927e+18,2.783068e+19,2.263646e+19,37234.63,717.7496,588.899,0.003331596,0.0,1888803.0,5.20218
0.628,1.033178e+18,2.781335e+19,2.262214e+19,37229.48,716.1345,587.1408,0.003325924,0.0,1888672.0,5.225512
0.629,1.030398e+18,2.779599e+19,2.260785e+19,37224.8,714.52,585.3845,0.003320266,0.0,1888554.0,5.249007
0.63,1.02758e+18,2.77786e+19,2.25936e+19,37220.7,712.906,583.63,0.003314624,0.0,1888450.0,5.272669
0.631,1.024719e+18,2.776118e+19,2.257939e+19,37217.24,711.2925,581.8773,0.003308997,0.0,1888362.0,5.2965
0.632,1.021818e+18,2.774372e+19,2.256521e+19,37214.36,709.6795,580.1265,0.003303385,0.0,1888289.0,5.320501
0.633,1.018882e+18,2.772623e+19,2.255107e+19,37211.98,708.067,578.3774,0.003297787,0.0,1888228.0,5.344673
0.634,1.015918e+18,2.77087e+19,2.253695e+19,37209.99,706.4548,576.6302,0.003292204,0.0,1888178.0,5.369016
0.635,1.01293e+18,2.769114e+19,2.252285e+19,37208.31,704.843,574.8848,0.003286635,0.0,1888135.0,5.39353
0.636,1.009925e+18,2.767355e+19,2.250877e+19,37206.85,703.2316,573.1412,0.003281081,0.0,1888098.0,5.418216
0.637,1.006906e+18,2.765591e+19,2.24947e+19,37205.51,701.6206,571.3995,0.003275541,0.0,1888064.0,5.443074
0.638,1.00388e+18,2.763825e+19,2.248063e+19,37204.2,700.0098,569.6595,0.003270015,0.0,1888031.0,5.468106
0.639,1.000852e+18,2.762054e+19,2.246657e+19,37202.83,698.3993,567.9214,0.003264502,0.0,1887996.0,5.49331
0.64,9.97827e+17,2.76028e+19,2.24525e+19,37201.3,696.789,566.185,0.003259003,0.0,1887957.0,5.518688
0.641,9.948095e+17,2.758502e+19,2.243842e+19,37199.55,695.1789,564.4505,0.003253518,0.0,1887913.0,5.544241
0.642,9.91797e+17,2.75672e+19,2.242434e+19,37197.62,693.5691,562.7177,0.003248046,0.0,1887864.0,5.569971
0.643,9.887859e+17,2.754935e+19,2.241025e+19,37195.55,691.9593,560.9868,0.003242588,0.0,1887811.0,5.595879
0.644,9.857725e+17,2.753146e+19,2.239617e+19,37193.39,690.3496,559.2577,0.003237144,0.0,1887757.0,5.621969
0.645,9.827531e+17,2.751354e+19,2.238209e+19,37191.22,688.74,557.5304,0.003231714,0.0,1887702.0,5.648242
0.646,9.79724e+17,2.749558e+19,2.236802e+19,37189.07,687.1304,555.8049,0.003226297,0.0,1887647.0,5.674702
0.647,9.766817e+17,2.747758e+19,2.235396e+19,37187.01,685.5207,554.0812,0.003220894,0.0,1887595.0,5.701351
0.648,9.736223e+17,2.745955e+19,2.233992e+19,37185.09,683.9109,552.3593,0.003215506,0.0,1887546.0,5.728191
0.649,9.705423e+17,2.744149e+19,2.23259e+19,37183.37,682.3011,550.6392,0.003210131,0.0,1887502.0,5.755225
0.65,9.67438e+17,2.74234e+19,2.23119e+19,37181.9,680.691,548.921,0.003204771,0.0,1887465.0,5.782456
0.651,9.643066e+17,2.740528e+19,2.229793e+19,37180.72,679.0807,547.2046,0.003199425,0.0,1887435.0,5.809886
0.652,9.611491e+17,2.738712e+19,2.228398e+19,37179.81,677.4702,545.49,0.003194093,0.0,1887412.0,5.837518
0.653,9.579672e+17,2.736893e+19,2.227006e+19,37179.14,675.8595,543.7772,0.003188776,0.0,1887395.0,5.865352
0.654,9.547629e+17,2.73507e+19,2.225617e+19,37178.67,674.2484,542.0662,0.003183472,0.0,1887383.0,5.893391
0.655,9.51538e+17,2.733244e+19,2.224229e+19,37178.38,672.637,540.357,0.003178181,0.0,1887376.0,5.921637
0.656,9.482943e+17,2.731415e+19,2.222844e+19,37178.21,671.0253,538.6496,0.003172904,0.0,1887371.0,5.950091
0.657,9.450337e+17,2.729582e+19,2.22146e+19,37178.14,669.4131,536.944,0.00316764,0.0,1887370.0,5.978755
0.658,9.417581e+17,2.727745e+19,2.220079e+19,37178.14,667.8005,535.2402,0.00316239,0.0,1887370.0,6.007632
0.659,9.384692e+17,2.725904e+19,2.218699e+19,37178.17,666.1875,533.5382,0.003157152,0.0,1887370.0,6.036723
0.66,9.35169e+17,2.72406e+19,2.21732e+19,37178.2,664.574,531.838,0.003151927,0.0,1887371.0,6.066029
0.661,9.31859e+17,2.722212e+19,2.215943e+19,37178.19,662.96,530.1395,0.003146715,0.0,1887371.0,6.095554
0.662,9.285399e+17,2.72036e+19,2.214567e+19,37178.13,661.3454,528.4429,0.003141516,0.0,1887369.0,6.125299
0.663,9.252119e+17,2.718504e+19,2.213192e+19,37178.01,659.7303,526.748,0.003136329,0.0,1887366.0,6.155265
0.664,9.218753e+17,2.716644e+19,2.211819e+19,37177.82,658.1145,525.0549,0.003131156,0.0,1887362.0,6.185454
0.665,9.185306e+17,2.714781e+19,2.210446e+19,37177.54,656.4981,523.3636,0.003125995,0.0,1887354.0,6.215869
0.666,9.151779e+17,2.712913e+19,2.209075e+19,37177.17,654.881,521.6741,0.003120847,0.0,1887345.0,6.246511
0.667,9.118177e+17,2.711043e+19,2.207705e+19,37176.69,653.2632,519.9863,0.003115713,0.0,1887333.0,6.277383
0.668,9.084503e+17,2.709169e+19,2.206336e+19,37176.09,651.6446,518.3004,0.003110592,0.0,1887318.0,6.308485
0.669,9.050759e+17,2.707291e+19,2.204967e+19,37175.37,650.0252,516.6163,0.003105485,0.0,1887299.0,6.33982
0.67,9.01695e+17,2.70541e+19,2.2036e+19,37174.5,648.405,514.934,0.003100391,0.0,1887277.0,6.37139
0.671,8.983075e+17,2.703526e+19,2.202234e+19,37173.49,646.7839,513.2535,0.003095311,0.0,1887251.0,6.403197
0.672,8.949123e+17,2.701638e+19,2.200868e+19,37172.35,645.1619,511.5748,0.003090245,0.0,1887223.0,6.435244
0.673,8.915076e+17,2.699747e+19,2.199504e+19,37171.1,643.539,509.8979,0.003085192,0.0,1887191.0,6.467534
0.674,8.880921e+17,2.697852e+19,2.198141e+19,37169.79,641.9151,508.2229,0.003080152,0.0,1887158.0,6.50007
0.675,8.846642e+17,2.695954e+19,2.19678e+19,37168.43,640.2902,506.5496,0.003075125,0.0,1887123.0,6.532856
0.676,8.812223e+17,2.694052e+19,2.195422e+19,37167.04,638.6642,504.8781,0.003070111,0.0,1887088.0,6.565896
0.677,8.777649e+17,2.692147e+19,2.194065e+19,37165.66,637.0372,503.2084,0.00306511,0.0,1887053.0,6.599191
0.678,8.742904e+17,2.690238e+19,2.192711e+19,37164.31,635.409,501.5405,0.003060121,0.0,1887019.0,6.632747
0.679,8.707973e+17,2.688326e+19,2.191359e+19,37163.01,633.7796,499.8744,0.003055144,0.0,1886986.0,6.666565
0.68,8.67284e+17,2.68641e+19,2.19001e+19,37161.8,632.149,498.21,0.003050179,0.0,1886955.0,6.700651
0.681,8.637497e+17,2.68449e+19,2.188664e+19,37160.68,630.5172,496.5474,0.003045227,0.0,1886927.0,6.735007
0.682,8.601955e+17,2.682567e+19,2.187321e+19,37159.64,628.8841,494.8866,0.003040286,0.0,1886900.0,6.769635
0.683,8.566235e+17,2.68064e+19,2.185981e+19,37158.62,627.2497,493.2276,0.003035358,0.0,1886874.0,6.804538
0.684,8.530356e+17,2.678709e+19,2.184643e+19,37157.59,625.6139,491.5704,0.003030441,0.0,1886848.0,6.839718
0.685,8.494338e+17,2.676775e+19,2.183307e+19,37156.51,623.9767,489.9149,0.003025537,0.0,1886821.0,6.875176
0.686,8.458198e+17,2.674837e+19,2.181973e+19,37155.35,622.3382,488.2612,0.003020644,0.0,1886791.0,6.910915
0.687,8.421957e+17,2.672896e+19,2.18064e+19,37154.05,620.6981,486.6092,0.003015763,0.0,1886758.0,6.946937
0.688,8.385635e+17,2.670951e+19,2.179309e+19,37152.59,619.0566,484.9591,0.003010895,0.0,1886721.0,6.983244
0.689,8.349249e+17,2.669002e+19,2.177979e+19,37150.92,617.4136,483.3106,0.003006039,0.0,1886679.0,7.019838
0.69,8.31282e+17,2.66705e+19,2.17665e+19,37149.0,615.769,481.664,0.003001194,0.0,1886630.0,7.056722
0.691,8.276361e+17,2.665094e+19,2.175322e+19,37146.81,614.1228,480.0191,0.002996362,0.0,1886574.0,7.093898
0.692,8.239857e+17,2.663135e+19,2.173994e+19,37144.37,612.475,478.376,0.002991542,0.0,1886512.0,7.131369
0.693,8.203289e+17,2.661172e+19,2.172668e+19,37141.72,610.8255,476.7347,0.002986735,0.0,1886445.0,7.16914
0.694,8.166638e+17,2.659206e+19,2.171343e+19,37138.91,609.1744,475.0951,0.002981939,0.0,1886373.0,7.207215
0.695,8.129884e+17,2.657236e+19,2.170019e+19,37135.96,607.5215,473.4573,0.002977155,0.0,1886299.0,7.245598
0.696,8.093007e+17,2.655262e+19,2.168698e+19,37132.92,605.8669,471.8213,0.002972384,0.0,1886221.0,7.284293
0.697,8.055986e+17,2.653284e+19,2.167379e+19,37129.82,604.2104,470.187,0.002967625,0.0,1886143.0,7.323304
0.698,8.018803e+17,2.651303e+19,2.166063e+19,37126.71,602.5522,468.5546,0.002962878,0.0,1886064.0,7.362636
0.699,7.981438e+17,2.649319e+19,2.16475e+19,37123.62,600.892,466.9239,0.002958143,0.0,1885985.0,7.402294
0.7,7.94387e+17,2.64733e+19,2.16344e+19,37120.6,599.23,465.295,0.00295342,0.0,1885909.0,7.442281
0.701,7.906086e+17,2.645338e+19,2.162133e+19,37117.67,597.566,463.6679,0.00294871,0.0,1885834.0,7.482602
0.702,7.86809e+17,2.643342e+19,2.16083e+19,37114.81,595.9001,462.0426,0.002944011,0.0,1885762.0,7.523261
0.703,7.829895e+17,2.641342e+19,2.15953e+19,37112.02,594.2322,460.4191,0.002939325,0.0,1885691.0,7.564261
0.704,7.791512e+17,2.639339e+19,2.158233e+19,37109.26,592.5623,458.7973,0.00293465,0.0,1885621.0,7.605605
0.705,7.75295e+17,2.637332e+19,2.156939e+19,37106.52,590.8903,457.1774,0.002929987,0.0,1885551.0,7.647297
0.706,7.714223e+17,2.635321e+19,2.155648e+19,37103.77,589.2161,455.5592,0.002925335,0.0,1885481.0,7.68934
0.707,7.67534e+17,2.633306e+19,2.15436e+19,37101.0,587.5399,453.9427,0.002920695,0.0,1885411.0,7.731739
0.708,7.636312e+17,2.631288e+19,2.153074e+19,37098.18,585.8615,452.3281,0.002916066,0.0,1885339.0,7.774495
0.709,7.597152e+17,2.629266e+19,2.151791e+19,37095.28,584.1809,450.7152,0.002911448,0.0,1885265.0,7.817613
0.71,7.55787e+17,2.62724e+19,2.15051e+19,37092.3,582.498,449.104,0.002906841,0.0,1885190.0,7.861098
0.711,7.518475e+17,2.62521e+19,2.149231e+19,37089.21,580.8129,447.4946,0.002902245,0.0,1885111.0,7.904951
0.712,7.478963e+17,2.623177e+19,2.147955e+19,37086.02,579.1254,445.887,0.00289766,0.0,1885030.0,7.949178
0.713,7.439331e+17,2.62114e+19,2.146681e+19,37082.74,577.4357,444.2811,0.002893085,0.0,1884947.0,7.993783
0.714,7.399573e+17,2.6191e+19,2.145409e+19,37079.39,575.7435,442.6769,0.002888522,0.0,1884862.0,8.03877
0.715,7.359685e+17,2.617055e+19,2.144139e+19,37075.99,574.0489,441.0745,0.002883969,0.0,1884775.0,8.084143
0.716,7.319661e+17,2.615007e+19,2.142872e+19,37072.53,572.3518,439.4739,0.002879428,0.0,1884687.0,8.129908
0.717,7.279497e+17,2.612956e+19,2.141608e+19,37069.04,570.6522,437.875,0.002874898,0.0,1884598.0,8.176067
0.718,7.239187e+17,2.610901e+19,2.140346e+19,37065.53,568.9501,436.2779,0.002870379,0.0,1884509.0,8.222627
0.719,7.198726e+17,2.608842e+19,2.139087e+19,37062.01,567.2454,434.6826,0.002865872,0.0,1884420.0,8.269592
0.72,7.15811e+17,2.60678e+19,2.13783e+19,37058.5,565.538,433.089,0.002861376,0.0,1884330.0,8.316966
0.721,7.117335e+17,2.604714e+19,2.136576e+19,37055.0,563.828,431.4972,0.002856891,0.0,1884242.0,8.364754
0.722,7.076402e+17,2.602645e+19,2.135325e+19,37051.53,562.1153,429.9071,0.002852418,0.0,1884153.0,8.412961
0.723,7.035313e+17,2.600573e+19,2.134077e+19,37048.08,560.3998,428.3188,0.002847955,0.0,1884065.0,8.461593
0.724,6.994071e+17,2.598496e+19,2.132831e+19,37044.65,558.6816,426.7323,0.002843504,0.0,1883978.0,8.510654
0.725,6.952678e+17,2.596416e+19,2.131588e+19,37041.25,556.9607,425.1475,0.002839064,0.0,1883892.0,8.56015
0.726,6.911136e+17,2.594333e+19,2.130349e+19,37037.88,555.2369,423.5645,0.002834635,0.0,1883806.0,8.610087
0.727,6.869448e+17,2.592245e+19,2.129112e+19,37034.53,553.5102,421.9833,0.002830216,0.0,1883721.0,8.66047
0.728,6.827617e+17,2.590154e+19,2.127878e+19,37031.22,551.7807,420.4038,0.002825809,0.0,1883637.0,8.711304
0.729,6.785643e+17,2.588059e+19,2.126648e+19,37027.94,550.0483,418.826,0.002821411,0.0,1883553.0,8.762596
0.73,6.74353e+17,2.58596e+19,2.12542e+19,37024.7,548.313,417.25,0.002817024,0.0,1883471.0,8.81435
0.731,6.701281e+17,2.583857e+19,2.124196e+19,37021.49,546.5747,415.6758,0.002812648,0.0,1883389.0,8.866573
0.732,6.658903e+17,2.581751e+19,2.122974e+19,37018.31,544.8334,414.1032,0.002808282,0.0,1883308.0,8.91927
0.733,6.616404e+17,2.57964e+19,2.121756e+19,37015.13,543.0891,412.5325,0.002803926,0.0,1883228.0,8.972446
0.734,6.57379e+17,2.577526e+19,2.12054e+19,37011.95,541.3416,410.9635,0.00279958,0.0,1883147.0,9.026107
0.735,6.53107e+17,2.575407e+19,2.119327e+19,37008.75,539.591,409.3962,0.002795245,0.0,1883065.0,9.080257
0.736,6.488251e+17,2.573285e+19,2.118117e+19,37005.52,537.8372,407.8307,0.00279092,0.0,1882983.0,9.134902
0.737,6.445341e+17,2.57116e+19,2.116909e+19,37002.25,536.0801,406.2669,0.002786605,0.0,1882900.0,9.190048
0.738,6.402347e+17,2.56903e+19,2.115704e+19,36998.91,534.3198,404.7049,0.002782301,0.0,1882815.0,9.245701
0.739,6.359278e+17,2.566897e+19,2.114501e+19,36995.5,532.5561,403.1446,0.002778006,0.0,1882728.0,9.301865
0.74,6.31614e+17,2.56476e+19,2.1133e+19,36992.0,530.789,401.586,0.002773723,0.0,1882639.0,9.358547
0.741,6.272939e+17,2.562619e+19,2.112102e+19,36988.41,529.0185,400.0292,0.002769449,0.0,1882548.0,9.415753
0.742,6.229663e+17,2.560475e+19,2.110905e+19,36984.76,527.2446,398.4741,0.002765186,0.0,1882455.0,9.473489
0.743,6.186302e+17,2.558327e+19,2.109712e+19,36981.11,525.4673,396.9207,0.002760933,0.0,1882362.0,9.531763
0.744,6.142842e+17,2.556176e+19,2.108521e+19,36977.5,523.6868,395.3691,0.002756689,0.0,1882270.0,9.590582
0.745,6.099269e+17,2.554021e+19,2.107333e+19,36973.97,521.9031,393.8192,0.002752456,0.0,1882180.0,9.649953
0.746,6.055572e+17,2.551862e+19,2.106148e+19,36970.58,520.1162,392.2711,0.002748233,0.0,1882094.0,9.709884
0.747,6.011738e+17,2.549699e+19,2.104966e+19,36967.37,518.3261,390.7247,0.00274402,0.0,1882012.0,9.770383
0.748,5.967753e+17,2.547533e+19,2.103787e+19,36964.39,516.5331,389.1801,0.002739816,0.0,1881936.0,9.831457
0.749,5.923604e+17,2.545363e+19,2.102612e+19,36961.68,514.737,387.6372,0.002735622,0.0,1881867.0,9.893114
0.75,5.87928e+17,2.54319e+19,2.10144e+19,36959.3,512.938,386.096,0.002731438,0.0,1881807.0,9.955363
0.751,5.834773e+17,2.541013e+19,2.100272e+19,36957.27,511.1361,384.5566,0.002727263,0.0,1881755.0,10.01821
0.752,5.790103e+17,2.538832e+19,2.099108e+19,36955.55,509.3314,383.0189,0.002723098,0.0,1881711.0,10.08166
0.753,5.745295e+17,2.536648e+19,2.097947e+19,36954.05,507.5239,381.483,0.002718943,0.0,1881673.0,10.14573
0.754,5.700374e+17,2.53446e+19,2.096789e+19,36952.73,505.7138,379.9488,0.002714797,0.0,1881639.0,10.21042
0.755,5.655365e+17,2.532268e+19,2.095634e+19,36951.51,503.9011,378.4164,0.00271066,0.0,1881608.0,10.27573
0.756,5.610295e+17,2.530072e+19,2.094481e+19,36950.31,502.0859,376.8857,0.002706533,0.0,1881578.0,10.34168
0.757,5.565188e+17,2.527873e+19,2.093331e+19,36949.09,500.2681,375.3567,0.002702416,0.0,1881547.0,10.40826
0.758,5.520069e+17,2.525669e+19,2.092182e+19,36947.75,498.4481,373.8294,0.002698308,0.0,1881513.0,10.4755
0.759,5.474965e+17,2.523462e+19,2.091035e+19,36946.25,496.6256,372.3038,0.00269421,0.0,1881474.0,10.54339
0.76,5.4299e+17,2.52125e+19,2.08989e+19,36944.5,494.801,370.78,0.002690122,0.0,1881430.0,10.61194
0.761,5.384891e+17,2.519034e+19,2.088746e+19,36942.48,492.9742,369.2579,0.002686043,0.0,1881378.0,10.68117
0.762,5.339917e+17,2.516815e+19,2.087603e+19,36940.26,491.1453,367.7375,0.002681974,0.0,1881322.0,10.75107
0.763,5.294948e+17,2.514591e+19,2.086463e+19,36937.97,489.3143,366.2188,0.002677914,0.0,1881264.0,10.82167
0.764,5.249955e+17,2.512364e+19,2.085324e+19,36935.73,487.4814,364.7018,0.002673864,0.0,1881206.0,10.89296
0.765,5.204908e+17,2.510132e+19,2.084187e+19,36933.64,485.6467,363.1865,0.002669823,0.0,1881153.0,10.96497
0.766,5.159777e+17,2.507897e+19,2.083054e+19,36931.83,483.8101,361.6729,0.002665792,0.0,1881107.0,11.0377
0.767,5.114532e+17,2.505659e+19,2.081923e+19,36930.41,481.9717,360.1611,0.00266177,0.0,1881071.0,11.11116
0.768,5.069144e+17,2.503416e+19,2.080795e+19,36929.51,480.1317,358.651,0.002657757,0.0,1881048.0,11.18536
0.769,5.023584e+17,2.50117e+19,2.079671e+19,36929.23,478.2901,357.1426,0.002653753,0.0,1881041.0,11.26032
0.77,4.97782e+17,2.49892e+19,2.07855e+19,36929.7,476.447,355.636,0.002649759,0.0,1881053.0,11.33604
0.771,4.931837e+17,2.496667e+19,2.077433e+19,36930.99,474.6024,354.1311,0.002645773,0.0,1881086.0,11.41254
0.772,4.885668e+17,2.49441e+19,2.07632e+19,36932.99,472.7564,352.6279,0.002641797,0.0,1881137.0,11.48982
0.773,4.839359e+17,2.492149e+19,2.07521e+19,36935.56,470.9091,351.1264,0.00263783,0.0,1881202.0,11.5679
0.774,4.792957e+17,2.489885e+19,2.074102e+19,36938.55,469.0606,349.6266,0.002633871,0.0,1881278.0,11.64678
0.775,4.746509e+17,2.487617e+19,2.072997e+19,36941.83,467.2109,348.1285,0.002629921,0.0,1881362.0,11.72648
0.776,4.70006e+17,2.485346e+19,2.071893e+19,36945.23,465.3601,346.6321,0.00262598,0.0,1881448.0,11.80699
0.777,4.653657e+17,2.48307e+19,2.070789e+19,36948.61,463.5082,345.1374,0.002622047,0.0,1881535.0,11.88833
0.778,4.607347e+17,2.480791e+19,2.069686e+19,36951.83,461.6553,343.6443,0.002618123,0.0,1881617.0,11.97051
0.779,4.561176e+17,2.478507e+19,2.068584e+19,36954.74,459.8016,342.1528,0.002614207,0.0,1881691.0,12.05354
0.78,4.51519e+17,2.47622e+19,2.06748e+19,36957.2,457.947,340.663,0.002610299,0.0,1881753.0,12.13742
0.781,4.469421e+17,2.473929e+19,2.066376e+19,36959.11,456.0917,339.1748,0.0026064,0.0,1881802.0,12.22218
0.782,4.423837e+17,2.471633e+19,2.065271e+19,36960.64,454.2356,337.6883,0.002602509,0.0,1881841.0,12.30781
0.783,4.378393e+17,2.469334e+19,2.064165e+19,36962.0,452.379,336.2033,0.002598626,0.0,1881875.0,12.39434
0.784,4.333042e+17,2.467031e+19,2.06306e+19,36963.4,450.5217,334.7199,0.002594751,0.0,1881911.0,12.48179
0.785,4.287739e+17,2.464723e+19,2.061956e+19,36965.06,448.6641,333.2382,0.002590884,0.0,1881953.0,12.57016
0.786,4.242436e+17,2.462412e+19,2.060853e+19,36967.19,446.806,331.758,0.002587026,0.0,1882008.0,12.65948
0.787,4.197088e+17,2.460097e+19,2.059751e+19,36970.02,444.9475,330.2794,0.002583177,0.0,1882080.0,12.74976
0.788,4.151648e+17,2.457779e+19,2.058651e+19,36973.75,443.0889,328.8024,0.002579336,0.0,1882175.0,12.84102
0.789,4.106071e+17,2.455456e+19,2.057554e+19,36978.61,441.23,327.3269,0.002575503,0.0,1882298.0,12.93327
0.79,4.06031e+17,2.45313e+19,2.05646e+19,36984.8,439.371,325.853,0.00257168,0.0,1882456.0,13.02654
0.791,4.014338e+17,2.4508e+19,2.055369e+19,36992.47,437.512,324.3806,0.002567865,0.0,1882651.0,13.12083
0.792,3.968198e+17,2.448466e+19,2.054281e+19,37001.45,435.653,322.9098,0.002564058,0.0,1882879.0,13.21617
0.793,3.921956e+17,2.446129e+19,2.053194e+19,37011.49,433.794,321.4405,0.00256026,0.0,1883135.0,13.31256
0.794,3.875674e+17,2.443788e+19,2.052109e+19,37022.35,431.9353,319.9727,0.00255647,0.0,1883411.0,13.41002
0.795,3.829416e+17,2.441443e+19,2.051025e+19,37033.8,430.0768,318.5065,0.002552689,0.0,1883702.0,13.50855
0.796,3.783244e+17,2.439094e+19,2.04994e+19,37045.58,428.2185,317.0418,0.002548915,0.0,1884002.0,13.60817
0.797,3.737224e+17,2.436741e+19,2.048856e+19,37057.46,426.3607,315.5786,0.00254515,0.0,1884304.0,13.7089
0.798,3.691417e+17,2.434385e+19,2.047769e+19,37069.18,424.5033,314.1169,0.002541392,0.0,1884602.0,13.81073
0.799,3.645888e+17,2.432024e+19,2.046681e+19,37080.51,422.6463,312.6567,0.002537642,0.0,1884890.0,13.9137
0.8,3.6007e+17,2.42966e+19,2.04559e+19,37091.2,420.79,311.198,0.0025339,0.0,1885162.0,14.0178
0.801,3.555898e+17,2.427292e+19,2.044496e+19,37101.1,418.9343,309.7408,0.002530165,0.0,1885413.0,14.12305
0.802,3.511452e+17,2.424919e+19,2.043399e+19,37110.4,417.0793,308.2851,0.002526437,0.0,1885650.0,14.22948
0.803,3.467314e+17,2.422543e+19,2.0423e+19,37119.4,415.2251,306.8309,0.002522718,0.0,1885878.0,14.3371
0.804,3.423436e+17,2.420163e+19,2.041199e+19,37128.36,413.3718,305.3781,0.002519005,0.0,1886106.0,14.44593
0.805,3.37977e+17,2.417779e+19,2.040096e+19,37137.59,411.5194,303.9268,0.002515301,0.0,1886340.0,14.55601
0.806,3.336268e+17,2.415391e+19,2.038993e+19,37147.36,409.668,302.477,0.002511604,0.0,1886588.0,14.66735
0.807,3.292882e+17,2.412999e+19,2.037889e+19,37157.97,407.8177,301.0286,0.002507915,0.0,1886857.0,14.77997
0.808,3.249565e+17,2.410603e+19,2.036785e+19,37169.68,405.9685,299.5816,0.002504234,0.0,1887155.0,14.8939
0.809,3.206266e+17,2.408204e+19,2.035682e+19,37182.8,404.1206,298.1361,0.00250056,0.0,1887488.0,15.00917
0.81,3.16294e+17,2.4058e+19,2.03458e+19,37197.6,402.274,296.692,0.002496894,0.0,1887864.0,15.1258
0.811,3.119556e+17,2.403393e+19,2.033479e+19,37214.27,400.4288,295.2493,0.002493237,0.0,1888287.0,15.24381
0.812,3.076156e+17,2.400981e+19,2.032379e+19,37232.62,398.585,293.808,0.002489587,0.0,1888752.0,15.36323
0.813,3.032802e+17,2.398566e+19,2.031279e+19,37252.34,396.7427,292.3681,0.002485945,0.0,1889252.0,15.48406
0.814,2.989555e+17,2.396147e+19,2.030179e+19,37273.12,394.902,290.9296,0.00248231,0.0,1889779.0,15.60634
0.815,2.946475e+17,2.393724e+19,2.029078e+19,37294.68,393.0629,289.4924,0.002478682,0.0,1890326.0,15.73007
0.816,2.903625e+17,2.391297e+19,2.027974e+19,37316.72,391.2256,288.0566,0.002475062,0.0,1890884.0,15.85529
0.817,2.861064e+17,2.388866e+19,2.026869e+19,37338.93,389.3901,286.6222,0.002471448,0.0,1891446.0,15.98199
0.818,2.818854e+17,2.386431e+19,2.02576e+19,37361.01,387.5564,285.1891,0.002467842,0.0,1892006.0,16.11022
0.819,2.777055e+17,2.383992e+19,2.024647e+19,37382.67,385.7247,283.7574,0.002464242,0.0,1892554.0,16.23998
0.82,2.73573e+17,2.38155e+19,2.02353e+19,37403.6,383.895,282.327,0.002460648,0.0,1893084.0,16.3713
0.821,2.694922e+17,2.379104e+19,2.022408e+19,37423.61,382.0674,280.8979,0.002457061,0.0,1893590.0,16.5042
0.822,2.654608e+17,2.376654e+19,2.021281e+19,37442.92,380.2419,279.4702,0.00245348,0.0,1894078.0,16.6387
0.823,2.61475e+17,2.3742e+19,2.02015e+19,37461.83,378.4186,278.0438,0.002449906,0.0,1894557.0,16.77485
0.824,2.575307e+17,2.371742e+19,2.019015e+19,37480.66,376.5976,276.6186,0.002446339,0.0,1895033.0,16.91266
0.825,2.536241e+17,2.36928e+19,2.017876e+19,37499.73,374.7789,275.1948,0.002442778,0.0,1895515.0,17.05217
0.826,2.497512e+17,2.366814e+19,2.016734e+19,37519.36,372.9626,273.7723,0.002439224,0.0,1896011.0,17.19342
0.827,2.459081e+17,2.364344e+19,2.015589e+19,37539.85,371.1488,272.351,0.002435677,0.0,1896529.0,17.33643
0.828,2.420908e+17,2.36187e+19,2.014441e+19,37561.53,369.3376,270.9311,0.002432138,0.0,1897076.0,17.48124
0.829,2.382954e+17,2.359392e+19,2.013292e+19,37584.71,367.529,269.5124,0.002428605,0.0,1897661.0,17.62789
0.83,2.34518e+17,2.35691e+19,2.01214e+19,37609.7,365.723,268.095,0.00242508,0.0,1898292.0,17.77641
0.831,2.30756e+17,2.354424e+19,2.010987e+19,37636.72,363.9198,266.6789,0.002421562,0.0,1898974.0,17.92683
0.832,2.270126e+17,2.351934e+19,2.009832e+19,37665.55,362.1194,265.264,0.002418052,0.0,1899701.0,18.07919
0.833,2.232921e+17,2.34944e+19,2.008675e+19,37695.88,360.3219,263.8503,0.002414549,0.0,1900466.0,18.23353
0.834,2.19599e+17,2.346942e+19,2.007515e+19,37727.39,358.5274,262.4379,0.002411052,0.0,1901260.0,18.38986
0.835,2.159378e+17,2.344439e+19,2.006351e+19,37759.76,356.7359,261.0268,0.002407562,0.0,1902076.0,18.54822
0.836,2.123129e+17,2.341933e+19,2.005184e+19,37792.69,354.9476,259.6168,0.002404079,0.0,1902905.0,18.70865
0.837,2.087288e+17,2.339423e+19,2.004013e+19,37825.86,353.1625,258.2081,0.002400602,0.0,1903740.0,18.87117
0.838,2.0519e+17,2.336909e+19,2.002837e+19,37858.94,351.3806,256.8005,0.002397131,0.0,1904572.0,19.03583
0.839,2.017009e+17,2.334392e+19,2.001656e+19,37891.63,349.6021,255.3942,0.002393666,0.0,1905394.0,19.20265
0.84,1.98266e+17,2.33187e+19,2.00047e+19,37923.6,347.827,253.989,0.002390206,0.0,1906198.0,19.37168
0.841,1.948885e+17,2.329345e+19,1.999278e+19,37954.65,346.0554,252.585,0.002386752,0.0,1906978.0,19.54294
0.842,1.915666e+17,2.326815e+19,1.99808e+19,37984.97,344.2874,251.1822,0.002383303,0.0,1907739.0,19.71649
0.843,1.882973e+17,2.324282e+19,1.996876e+19,38014.86,342.5231,249.7805,0.002379861,0.0,1908490.0,19.89237
0.844,1.850777e+17,2.321745e+19,1.995668e+19,38044.63,340.7624,248.38,0.002376424,0.0,1909237.0,20.07062
0.845,1.819046e+17,2.319204e+19,1.994454e+19,38074.58,339.0055,246.9806,0.002372992,0.0,1909988.0,20.25129
0.846,1.787751e+17,2.316659e+19,1.993236e+19,38105.0,337.2525,245.5824,0.002369567,0.0,1910751.0,20.43443
0.847,1.756862e+17,2.31411e+19,1.992013e+19,38136.21,335.5033,244.1854,0.002366148,0.0,1911533.0,20.62009
0.848,1.726349e+17,2.311557e+19,1.990786e+19,38168.49,333.7582,242.7894,0.002362736,0.0,1912342.0,20.80832
0.849,1.696182e+17,2.309001e+19,1.989555e+19,38202.15,332.017,241.3947,0.002359329,0.0,1913185.0,20.99917
0.85,1.66633e+17,2.30644e+19,1.98832e+19,38237.5,330.28,240.001,0.002355929,0.0,1914070.0,21.1927
0.851,1.636773e+17,2.303875e+19,1.987082e+19,38274.73,328.5471,238.6085,0.002352536,0.0,1915002.0,21.38897
0.852,1.607526e+17,2.301307e+19,1.98584e+19,38313.64,326.8185,237.2171,0.002349149,0.0,1915975.0,21.58801
0.853,1.578614e+17,2.298734e+19,1.984593e+19,38353.93,325.0942,235.8268,0.002345769,0.0,1916982.0,21.78989
0.854,1.550062e+17,2.296157e+19,1.983343e+19,38395.31,323.3743,234.4376,0.002342394,0.0,1918016.0,21.99466
0.855,1.521895e+17,2.293576e+19,1.982089e+19,38437.46,321.6589,233.0495,0.002339026,0.0,1919069.0,22.20238
0.856,1.494138e+17,2.290991e+19,1.980829e+19,38480.1,319.9479,231.6624,0.002335663,0.0,1920133.0,22.4131
0.857,1.466815e+17,2.288402e+19,1.979565e+19,38522.91,318.2416,230.2765,0.002332306,0.0,1921200.0,22.62689
0.858,1.439951e+17,2.285809e+19,1.978295e+19,38565.6,316.54,228.8916,0.002328954,0.0,1922265.0,22.8438
0.859,1.413571e+17,2.283212e+19,1.977021e+19,38607.86,314.8431,227.5078,0.002325608,0.0,1923318.0,23.06389
0.86,1.3877e+17,2.28061e+19,1.97574e+19,38649.4,313.151,226.125,0.002322266,0.0,1924352.0,23.28723
0.861,1.362355e+17,2.278004e+19,1.974454e+19,38690.02,311.4638,224.7433,0.00231893,0.0,1925363.0,23.51388
0.862,1.337519e+17,2.275395e+19,1.973162e+19,38729.92,309.7816,223.3626,0.002315599,0.0,1926356.0,23.74391
0.863,1.313167e+17,2.272781e+19,1.971864e+19,38769.43,308.1044,221.9829,0.002312273,0.0,1927338.0,23.9774
0.864,1.289276e+17,2.270163e+19,1.970561e+19,38808.85,306.4323,220.6042,0.002308952,0.0,1928317.0,24.21443
0.865,1.265822e+17,2.26754e+19,1.969253e+19,38848.5,304.7654,219.2265,0.002305636,0.0,1929302.0,24.45506
0.866,1.242778e+17,2.264914e+19,1.96794e+19,38888.7,303.1037,217.8499,0.002302325,0.0,1930300.0,24.69938
0.867,1.220122e+17,2.262284e+19,1.966622e+19,38929.76,301.4474,216.4742,0.00229902,0.0,1931319.0,24.94747
0.868,1.197828e+17,2.25965e+19,1.965299e+19,38971.98,299.7964,215.0995,0.00229572,0.0,1932366.0,25.19941
0.869,1.175872e+17,2.257012e+19,1.963972e+19,39015.69,298.1509,213.7258,0.002292425,0.0,1933449.0,25.45528
0.87,1.15423e+17,2.25437e+19,1.96264e+19,39061.2,296.511,212.353,0.002289136,0.0,1934577.0,25.71519
0.871,1.132884e+17,2.251724e+19,1.961304e+19,39108.72,294.8767,210.9812,0.002285852,0.0,1935753.0,25.97921
0.872,1.11184e+17,2.249074e+19,1.959964e+19,39158.02,293.248,209.6103,0.002282574,0.0,1936973.0,26.24744
0.873,1.091114e+17,2.246421e+19,1.958619e+19,39208.78,291.6251,208.2404,0.0022793,0.0,1938228.0,26.51997
0.874,1.070719e+17,2.243763e+19,1.95727e+19,39260.68,290.008,206.8715,0.002276032,0.0,1939510.0,26.7969
0.875,1.050668e+17,2.241102e+19,1.955916e+19,39313.39,288.3967,205.5034,0.002272769,0.0,1940812.0,27.07832
0.876,1.030975e+17,2.238437e+19,1.954558e+19,39366.59,286.7914,204.1363,0.00226951,0.0,1942124.0,27.36435
0.877,1.011655e+17,2.235768e+19,1.953195e+19,39419.94,285.1922,202.7701,0.002266257,0.0,1943440.0,27.65507
0.878,9.927216e+16,2.233096e+19,1.951828e+19,39473.13,283.5989,201.4048,0.002263008,0.0,1944751.0,27.9506
0.879,9.741879e+16,2.23042e+19,1.950456e+19,39525.82,282.0119,200.0405,0.002259763,0.0,1946048.0,28.25106
0.88,9.56068e+16,2.22774e+19,1.94908e+19,39577.7,280.431,198.677,0.002256523,0.0,1947325.0,28.55654
0.881,9.383702e+16,2.225057e+19,1.947699e+19,39628.55,278.8564,197.3144,0.002253286,0.0,1948575.0,28.86718
0.882,9.210792e+16,2.222369e+19,1.946313e+19,39678.61,277.2882,195.9527,0.002250055,0.0,1949806.0,29.1831
0.883,9.041742e+16,2.219677e+19,1.944922e+19,39728.26,275.7263,194.5919,0.002246827,0.0,1951025.0,29.50441
0.884,8.876342e+16,2.216981e+19,1.943526e+19,39777.84,274.171,193.232,0.002243604,0.0,1952242.0,29.83127
0.885,8.714383e+16,2.21428e+19,1.942124e+19,39827.72,272.6223,191.8729,0.002240385,0.0,1953466.0,30.16379
0.886,8.555656e+16,2.211573e+19,1.940717e+19,39878.27,271.0802,190.5147,0.002237171,0.0,1954705.0,30.50213
0.887,8.399953e+16,2.208861e+19,1.939304e+19,39929.84,269.5449,189.1573,0.002233962,0.0,1955969.0,30.84642
0.888,8.247063e+16,2.206144e+19,1.937886e+19,39982.79,268.0163,187.8007,0.002230757,0.0,1957265.0,31.19682
0.889,8.096779e+16,2.20342e+19,1.936461e+19,40037.49,266.4947,186.4449,0.002227557,0.0,1958604.0,31.55349
0.89,7.94889e+16,2.20069e+19,1.93503e+19,40094.3,264.98,185.09,0.002224361,0.0,1959993.0,31.91657
0.891,7.803244e+16,2.197953e+19,1.933592e+19,40153.45,263.4724,183.7359,0.00222117,0.0,1961438.0,32.28624
0.892,7.659907e+16,2.195207e+19,1.932146e+19,40214.67,261.9718,182.3825,0.002217984,0.0,1962933.0,32.66265
0.893,7.519003e+16,2.192449e+19,1.930687e+19,40277.57,260.4784,181.03,0.002214802,0.0,1964467.0,33.04598
0.894,7.380654e+16,2.189677e+19,1.929215e+19,40341.77,258.9923,179.6782,0.002211625,0.0,1966032.0,33.43638
0.895,7.244983e+16,2.186889e+19,1.927726e+19,40406.86,257.5135,178.3272,0.002208453,0.0,1967617.0,33.83404
0.896,7.112113e+16,2.184082e+19,1.926218e+19,40472.45,256.042,176.977,0.002205284,0.0,1969214.0,34.23914
0.897,6.982167e+16,2.181255e+19,1.924687e+19,40538.15,254.5779,175.6276,0.00220212,0.0,1970812.0,34.65185
0.898,6.855268e+16,2.178403e+19,1.923133e+19,40603.58,253.1214,174.279,0.00219896,0.0,1972401.0,35.07239
0.899,6.731538e+16,2.175526e+19,1.921551e+19,40668.32,251.6724,172.9311,0.002195804,0.0,1973973.0,35.50094
0.9,6.6111e+16,2.17262e+19,1.91994e+19,40732.0,250.231,171.584,0.002192652,0.0,1975518.0,35.93772
0.901,6.494027e+16,2.169684e+19,1.918297e+19,40794.36,248.7973,170.2377,0.002189503,0.0,1977030.0,36.38294
0.902,6.380189e+16,2.166714e+19,1.91662e+19,40855.75,247.3714,168.8921,0.002186358,0.0,1978517.0,36.83683
0.903,6.269404e+16,2.16371e+19,1.914906e+19,40916.64,245.9533,167.5472,0.002183217,0.0,1979991.0,37.29963
0.904,6.161491e+16,2.160668e+19,1.913155e+19,40977.52,244.5431,166.2031,0.00218008,0.0,1981463.0,37.7716
0.905,6.056271e+16,2.157586e+19,1.911364e+19,41038.87,243.1409,164.8597,0.002176946,0.0,1982946.0,38.25298
0.906,5.953562e+16,2.154463e+19,1.909531e+19,41101.17,241.7467,163.517,0.002173816,0.0,1984450.0,38.74405
0.907,5.853183e+16,2.151296e+19,1.907654e+19,41164.92,240.3607,162.175,0.002170689,0.0,1985989.0,39.24509
0.908,5.754954e+16,2.148083e+19,1.905731e+19,41230.58,238.9828,160.8337,0.002167566,0.0,1987572.0,39.75639
0.909,5.658693e+16,2.144822e+19,1.90376e+19,41298.65,237.6132,159.493,0.002164446,0.0,1989212.0,40.27824
0.91,5.56422e+16,2.14151e+19,1.90174e+19,41369.6,236.252,158.153,0.00216133,0.0,1990920.0,40.81095
0.911,5.471396e+16,2.138146e+19,1.899668e+19,41443.75,234.8992,156.8136,0.002158216,0.0,1992703.0,41.35485
0.912,5.380249e+16,2.134727e+19,1.897542e+19,41520.73,233.5548,155.4749,0.002155106,0.0,1994553.0,41.91027
0.913,5.290848e+16,2.131251e+19,1.89536e+19,41599.98,232.2191,154.1369,0.002152,0.0,1996456.0,42.47753
0.914,5.203262e+16,2.127715e+19,1.893119e+19,41680.96,230.892,152.7994,0.002148897,0.0,1998398.0,43.05699
0.915,5.117562e+16,2.124119e+19,1.890817e+19,41763.13,229.5736,151.4626,0.002145797,0.0,2000367.0,43.64901
0.916,5.033816e+16,2.120459e+19,1.888452e+19,41845.93,228.2641,150.1265,0.0021427,0.0,2002349.0,44.25396
0.917,4.952095e+16,2.116733e+19,1.886021e+19,41928.83,226.9635,148.7909,0.002139607,0.0,2004331.0,44.87223
0.918,4.872467e+16,2.11294e+19,1.883522e+19,42011.27,225.6719,147.456,0.002136517,0.0,2006301.0,45.50424
0.919,4.795002e+16,2.109076e+19,1.880952e+19,42092.71,224.3894,146.1217,0.00213343,0.0,2008244.0,46.1504
0.92,4.71977e+16,2.10514e+19,1.87831e+19,42172.6,223.116,144.788,0.002130347,0.0,2010149.0,46.81115
0.921,4.646797e+16,2.10113e+19,1.875593e+19,42250.61,221.8519,143.4549,0.002127267,0.0,2012008.0,47.48695
0.922,4.575935e+16,2.097043e+19,1.872798e+19,42327.23,220.5969,142.1225,0.00212419,0.0,2013831.0,48.1783
0.923,4.506994e+16,2.092877e+19,1.869924e+19,42403.17,219.3512,140.7906,0.002121116,0.0,2015637.0,48.88569
0.924,4.439781e+16,2.08863e+19,1.86697e+19,42479.15,218.1147,139.4593,0.002118046,0.0,2017442.0,49.60967
0.925,4.374108e+16,2.0843e+19,1.863931e+19,42555.88,216.8874,138.1286,0.002114979,0.0,2019263.0,50.35079
0.926,4.309781e+16,2.079884e+19,1.860808e+19,42634.05,215.6693,136.7984,0.002111914,0.0,2021117.0,51.10964
0.927,4.246611e+16,2.07538e+19,1.857597e+19,42714.4,214.4602,135.4687,0.002108853,0.0,2023020.0,51.88681
0.928,4.184407e+16,2.070787e+19,1.854297e+19,42797.61,213.2604,134.1396,0.002105795,0.0,2024990.0,52.68294
0.929,4.122977e+16,2.066101e+19,1.850905e+19,42884.41,212.0696,132.8111,0.002102739,0.0,2027042.0,53.49869
0.93,4.06213e+16,2.06132e+19,1.84742e+19,42975.5,210.888,131.483,0.002099687,0.0,2029194.0,54.33475
0.931,4.001721e+16,2.056443e+19,1.843839e+19,43071.34,209.7154,130.1554,0.002096637,0.0,2031456.0,55.19184
0.932,3.941779e+16,2.051466e+19,1.840161e+19,43171.41,208.5518,128.8284,0.002093589,0.0,2033814.0,56.07072
0.933,3.882381e+16,2.046389e+19,1.836383e+19,43274.9,207.397,127.5018,0.002090545,0.0,2036250.0,56.97215
0.934,3.823602e+16,2.041208e+19,1.832502e+19,43381.05,206.2508,126.1757,0.002087503,0.0,2038746.0,57.89695
0.935,3.765518e+16,2.035921e+19,1.828516e+19,43489.06,205.1131,124.85,0.002084463,0.0,2041283.0,58.84597
0.936,3.708203e+16,2.030527e+19,1.824424e+19,43598.16,203.9838,123.5249,0.002081426,0.0,2043842.0,59.8201
0.937,3.651733e+16,2.025023e+19,1.820223e+19,43707.56,202.8626,122.2002,0.002078392,0.0,2046404.0,60.82027
0.938,3.596184e+16,2.019407e+19,1.81591e+19,43816.47,201.7496,120.876,0.002075359,0.0,2048952.0,61.84748
0.939,3.541631e+16,2.013677e+19,1.811483e+19,43924.11,200.6444,119.5523,0.002072329,0.0,2051467.0,62.90273
0.94,3.48815e+16,2.00783e+19,1.80694e+19,44029.7,199.547,118.229,0.002069301,0.0,2053932.0,63.98713
0.941,3.435773e+16,2.001865e+19,1.802279e+19,44132.74,198.4572,116.9062,0.002066275,0.0,2056334.0,65.10179
0.942,3.38436e+16,1.995778e+19,1.797497e+19,44233.86,197.3749,115.5838,0.002063252,0.0,2058688.0,66.24793
0.943,3.33373e+16,1.989569e+19,1.792593e+19,44333.97,196.3,114.2619,0.00206023,0.0,2061016.0,67.42681
0.944,3.283699e+16,1.983234e+19,1.787565e+19,44434.0,195.2323,112.9404,0.002057211,0.0,2063340.0,68.63976
0.945,3.234086e+16,1.976772e+19,1.782409e+19,44534.87,194.1717,111.6193,0.002054194,0.0,2065681.0,69.88818
0.946,3.184708e+16,1.97018e+19,1.777125e+19,44637.49,193.1181,110.2986,0.002051179,0.0,2068059.0,71.17356
0.947,3.135383e+16,1.963456e+19,1.77171e+19,44742.77,192.0713,108.9784,0.002048166,0.0,2070497.0,72.49746
0.948,3.085928e+16,1.956598e+19,1.766163e+19,44851.64,191.0313,107.6585,0.002045156,0.0,2073014.0,73.86152
0.949,3.036161e+16,1.949603e+19,1.76048e+19,44965.01,189.9979,106.3391,0.002042147,0.0,2075633.0,75.26747
0.95,2.9859e+16,1.94247e+19,1.75466e+19,45083.8,188.971,105.02,0.002039142,0.0,2078373.0,76.71715
0.951,2.935002e+16,1.935196e+19,1.748701e+19,45208.66,187.9504,103.7013,0.002036138,0.0,2081249.0,78.21251
0.952,2.883483e+16,1.927779e+19,1.742601e+19,45339.16,186.9361,102.383,0.002033137,0.0,2084250.0,79.75557
0.953,2.831399e+16,1.920216e+19,1.736357e+19,45474.62,185.9279,101.065,0.002030137,0.0,2087361.0,81.34851
0.954,2.778807e+16,1.912507e+19,1.729967e+19,45614.33,184.9257,99.74735,0.00202714,0.0,2090566.0,82.99362
0.955,2.725762e+16,1.904647e+19,1.723429e+19,45757.61,183.9293,98.43006,0.002024145,0.0,2093846.0,84.69332
0.956,2.67232e+16,1.896636e+19,1.716741e+19,45903.76,182.9387,97.1131,0.002021151,0.0,2097187.0,86.45018
0.957,2.618538e+16,1.888471e+19,1.7099e+19,46052.08,181.9537,95.79646,0.002018159,0.0,2100573.0,88.26695
0.958,2.564472e+16,1.88015e+19,1.702905e+19,46201.89,180.9741,94.48014,0.002015169,0.0,2103987.0,90.14652
0.959,2.510177e+16,1.87167e+19,1.695752e+19,46352.5,180.0,93.16412,0.00201218,0.0,2107413.0,92.09199
0.96,2.45571e+16,1.86303e+19,1.68844e+19,46503.2,179.031,91.8484,0.002009192,0.0,2110836.0,94.10663
0.961,2.401098e+16,1.854227e+19,1.680967e+19,46653.37,178.0672,90.53297,0.002006206,0.0,2114242.0,96.19396
0.962,2.34625e+16,1.84526e+19,1.673329e+19,46802.6,177.1083,89.21782,0.00200322,0.0,2117621.0,98.35771
0.963,2.291048e+16,1.836125e+19,1.665526e+19,46950.57,176.1543,87.90294,0.002000237,0.0,2120965.0,100.6019
0.964,2.235374e+16,1.826821e+19,1.657555e+19,47096.94,175.205,86.58834,0.001997254,0.0,2124269.0,102.9307
0.965,2.179108e+16,1.817345e+19,1.649414e+19,47241.36,174.2602,85.27399,0.001994273,0.0,2127523.0,105.3487
0.966,2.122131e+16,1.807695e+19,1.641101e+19,47383.51,173.32,83.95991,0.001991293,0.0,2130722.0,107.8609
0.967,2.064324e+16,1.797869e+19,1.632613e+19,47523.04,172.3841,82.64607,0.001988314,0.0,2133857.0,110.4724
0.968,2.00557e+16,1.787864e+19,1.623948e+19,47659.63,171.4523,81.33248,0.001985337,0.0,2136921.0,113.1888
0.969,1.945748e+16,1.777678e+19,1.615104e+19,47792.93,170.5247,80.01912,0.001982362,0.0,2139907.0,116.0162
0.97,1.88474e+16,1.76731e+19,1.60608e+19,47922.6,169.601,78.706,0.001979388,0.0,2142808.0,118.961
0.971,1.822466e+16,1.756756e+19,1.596873e+19,48048.44,168.6811,77.3931,0.001976415,0.0,2145620.0,122.0302
0.972,1.759e+16,1.746015e+19,1.58748e+19,48170.74,167.7649,76.08043,0.001973444,0.0,2148349.0,125.2312
0.973,1.694457e+16,1.735085e+19,1.577899e+19,48289.93,166.8523,74.76796,0.001970473,0.0,2151005.0,128.5722
0.974,1.628948e+16,1.723962e+19,1.568128e+19,48406.41,165.9431,73.45569,0.001967505,0.0,2153598.0,132.0619
0.975,1.562588e+16,1.712646e+19,1.558165e+19,48520.63,165.0372,72.14362,0.001964537,0.0,2156137.0,135.7097
0.976,1.495489e+16,1.701133e+19,1.548007e+19,48632.98,164.1345,70.83173,0.00196157,0.0,2158632.0,139.5258
0.977,1.427766e+16,1.689423e+19,1.537652e+19,48743.91,163.2349,69.52002,0.001958605,0.0,2161092.0,143.5214
0.978,1.359531e+16,1.677512e+19,1.527097e+19,48853.82,162.3381,68.20849,0.00195564,0.0,2163527.0,147.7084
0.979,1.290898e+16,1.665398e+19,1.516341e+19,48963.15,161.4442,66.89712,0.001952676,0.0,2165947.0,152.1001
0.98,1.22198e+16,1.65308e+19,1.50538e+19,49072.3,160.553,65.5859,0.001949712,0.0,2168360.0,156.7106
0.981,1.152883e+16,1.640555e+19,1.494213e+19,49181.68,159.6643,64.27484,0.00194675,0.0,2170775.0,161.5556
0.982,1.083681e+16,1.627821e+19,1.482837e+19,49291.58,158.7781,62.96391,0.001943788,0.0,2173199.0,166.6523
0.983,1.014442e+16,1.614875e+19,1.471251e+19,49402.27,157.8941,61.65312,0.001940826,0.0,2175638.0,172.0192
0.984,9452319000000000.0,1.601717e+19,1.45945e+19,49514.02,157.0123,60.34245,0.001937865,0.0,2178097.0,177.6769
0.985,8761179000000000.0,1.588342e+19,1.447435e+19,49627.11,156.1326,59.03191,0.001934904,0.0,2180583.0,183.6481
0.986,8071669000000000.0,1.57475e+19,1.435201e+19,49741.79,155.2547,57.72147,0.001931943,0.0,2183101.0,189.9577
0.987,7384458000000000.0,1.560938e+19,1.422747e+19,49858.34,154.3787,56.41114,0.001928982,0.0,2185657.0,196.633
0.988,6700216000000000.0,1.546904e+19,1.41007e+19,49977.03,153.5043,55.10091,0.001926022,0.0,2188257.0,203.7048
0.989,6019610000000000.0,1.532645e+19,1.397169e+19,50098.12,152.6314,53.79076,0.001923062,0.0,2190907.0,211.2066
0.99,5343311000000000.0,1.51816e+19,1.38404e+19,50221.9,151.76,52.4807,0.001920102,0.0,2193611.0,219.1763
0.991,4671987000000000.0,1.503446e+19,1.370682e+19,50348.62,150.8898,51.17071,0.001917142,0.0,2196377.0,227.6556
0.992,4006307000000000.0,1.488502e+19,1.357092e+19,50478.56,150.0208,49.86079,0.001914181,0.0,2199210.0,236.6917
0.993,3346941000000000.0,1.473324e+19,1.343268e+19,50611.99,149.1529,48.55093,0.001911221,0.0,2202114.0,246.3371
0.994,2694557000000000.0,1.457911e+19,1.329208e+19,50749.17,148.2858,47.24112,0.00190826,0.0,2205097.0,256.6512
0.995,2049824000000000.0,1.442261e+19,1.314909e+19,50890.38,147.4195,45.93136,0.001905299,0.0,2208162.0,267.7008
0.996,1413411000000000.0,1.426372e+19,1.300369e+19,51035.89,146.5538,44.62163,0.001902338,0.0,2211317.0,279.5617
0.997,1000000000000000.0,1.41024e+19,1.285586e+19,51185.96,145.6887,43.31194,0.001899376,0.0,2214566.0,292.32
0.998,1000000000000000.0,1.393865e+19,1.270557e+19,51340.86,144.8239,42.00226,0.001896414,0.0,2217914.0,306.074
0.999,1000000000000000.0,1.377243e+19,1.255281e+19,51500.87,143.9594,40.6926,0.001893451,0.0,2221368.0,320.9363
1.0,1000000000000000.0,1.360373e+19,1.239754e+19,51666.26,143.0951,39.38295,0.001890488,0.0,2224931.0,337.0364
