r,R  6/ 3,R  7/ 3,R  8/ 3,R  9/ 3,R 10/ 3,R 11/ 3,R 12/ 3,R 13/ 3,R 14/ 3,R 15/ 3,I  6/ 3,I  7/ 3,I  8/ 3,I  9/ 3,I 10/ 3,I 11/ 3,I 12/ 3,I 13/ 3,I 14/ 3,I 15/ 3
0.0,0.0,0.0,0.0,0.0,0.0,0.0,0.0,0.0,0.0,0.0,0.0,0.0,0.0,0.0,0.0,0.0,0.0,0.0,0.0,0.0
0.001,1.22115484e-12,-3.01352879e-13,-1.76706853e-12,-1.55929474e-13,3.28933849e-14,4.31954187e-14,1.42600771e-14,6.0291677000000005e-15,-1.01518908e-15,2.59526286e-16,-1.44838388e-12,-3.50267663e-14,1.75506916e-12,2.72443878e-14,-6.49888598e-14,1.80218592e-15,-1.16617467e-14,7.42869114e-16,5.36062139e-16,-1.26352081e-16
0.002,4.43031846e-11,-6.42508227e-13,-2.10756528e-11,-3.6834734e-12,-1.94823041e-12,-8.29110605e-14,6.52017288e-14,3.70809828e-15,-3.4290232900000004e-15,-5.28513082e-16,-5.35352596e-11,-1.99315853e-12,2.30419361e-11,1.28434495e-12,5.73771215e-13,-1.4868944e-13,-6.27066294e-14,8.32617314e-15,3.3719874100000003e-15,7.69613651e-16
0.003,4.29403036e-10,1.22306257e-11,-9.91851954e-11,-2.08822172e-11,-1.85786439e-11,-1.14274637e-12,4.32555301e-13,1.53162529e-14,1.05752717e-14,-6.49269401e-16,-5.18450004e-10,-2.9781186e-11,1.10256497e-10,1.21575924e-11,5.64913875e-12,-1.86103089e-12,-5.02060873e-13,5.22405841e-15,-1.36905957e-14,1.5690431500000002e-15
0.004,2.26406326e-09,1.13162416e-10,-3.06683082e-10,-7.29713693e-11,-8.56382956e-11,-5.33622736e-12,1.72544942e-12,7.61296619e-14,6.71112738e-14,1.3145372700000002e-15,-2.72683993e-09,-2.09239449e-10,3.31793055e-10,5.49569925e-11,2.95063134e-11,-9.81926305e-12,-2.12575347e-12,-7.28602537e-14,-8.24861757e-14,-1.67159241e-16
0.005,8.37567261e-09,5.58031166e-10,-7.48360629e-10,-1.98453875e-10,-2.71782323e-10,-1.76960627e-11,4.79681845e-12,2.45760495e-13,2.03980055e-13,8.39190709e-15,-1.00568494e-08,-9.6349544e-10,7.51892448e-10,1.71476471e-10,1.11726434e-10,-3.20439677e-11,-6.19531704e-12,-3.35683137e-13,-2.48372001e-13,-9.73160034e-15
0.006,2.45914454e-08,2.01039915e-09,-1.57404274e-09,-4.61492403e-10,-6.8358155e-10,-4.60878363e-11,1.07163107e-11,6.19389194e-13,4.71478796e-13,2.5240974e-14,-2.94228178e-08,-3.37953226e-09,1.36804254e-09,4.23393868e-10,3.35235873e-10,-7.87559759e-11,-1.45058398e-11,-9.6165249e-13,-5.75578254e-13,-3.62594691e-14
0.007,6.13879252e-08,5.91270563e-09,-2.99906006e-09,-9.65661221e-10,-1.47081114e-09,-1.0018182e-10,2.07457954e-11,1.33504553e-12,9.32052176e-13,5.83208737e-14,-7.31523072e-08,-9.79965574e-09,1.98617213e-09,8.80823593e-10,8.42834105e-10,-1.61925993e-10,-2.95648531e-11,-2.22122069e-12,-1.15339294e-12,-9.35843885e-14
0.008,1.35912253e-07,1.50405278e-08,-5.33833579e-09,-1.87793451e-09,-2.84252986e-09,-1.90522643e-10,3.62570593e-11,2.58399709e-12,1.65882383e-12,1.16168457e-13,-1.61224375e-07,-2.46887047e-08,2.00085076e-09,1.58934128e-09,1.84852828e-09,-2.96022508e-10,-5.48758446e-11,-4.50358423e-12,-2.1040435e-12,-2.01242042e-13
0.009,2.74377444e-07,3.42799094e-08,-9.05788354e-09,-3.46937614e-09,-5.10817588e-09,-3.28591653e-10,5.85586183e-11,4.62696574e-12,2.73262933e-12,2.09817602e-13,-3.23836396e-07,-5.58243145e-08,4.09428039e-11,2.50122679e-09,3.64075327e-09,-4.99708462e-10,-9.53152678e-11,-8.34970476e-12,-3.5925462e-12,-3.85731111e-13
0.01,5.14833674e-07,7.16694295e-08,-1.48467358e-08,-6.18089583e-09,-8.76266919e-09,-5.28675604e-10,8.8612165e-11,7.81899792e-12,4.23722223e-12,3.53337578e-13,-6.04261298e-07,-1.15853333e-07,-6.5652988e-09,3.35098364e-09,6.57231045e-09,-7.98101746e-10,-1.57602803e-10,-1.44934775e-11,-5.8387438e-12,-6.82127458e-13
0.011,9.10316996e-07,1.39750512e-07,-2.37108571e-08,-1.07245251e-08,-1.464232e-08,-8.12674283e-10,1.26621413e-10,1.26465285e-11,6.25233775e-12,5.64627644e-13,-1.06195186e-06,-2.24252594e-07,-2.25578067e-08,3.44852414e-09,1.10273564e-08,-1.22529368e-09,-2.50877679e-10,-2.3911916e-11,-9.13186137e-12,-1.13609133e-12
0.012,1.53237605e-06,2.57271404e-07,-3.70883622e-08,-1.82327566e-08,-2.41894875e-08,-1.21971319e-09,1.71471082e-10,1.97815662e-11,8.8444357e-12,8.66403566e-13,-1.77584371e-06,-4.09726711e-07,-5.58026956e-08,1.35582319e-09,1.73497645e-08,-1.82692762e-09,-3.87403642e-10,-3.78842864e-11,-1.38479613e-11,-1.80640855e-12
0.013,2.47497602e-06,4.51292225e-07,-5.69822864e-08,-3.04703927e-08,-3.98781758e-08,-1.82356664e-09,2.19985584e-10,3.01586614e-11,1.20548953e-11,1.28769945e-12,-2.84780396e-06,-7.13069305e-07,-1.18703559e-07,-5.59566241e-09,2.57097443e-08,-2.66271733e-09,-5.83430725e-10,-5.80592247e-11,-2.04709123e-11,-2.76793713e-12
0.014,3.85877752e-06,7.59740444e-07,-8.61031771e-08,-5.01248993e-08,-6.58698969e-08,-2.76245746e-09,2.65965472e-10,4.50817747e-11,1.58856491e-11,1.86580218e-12,-4.40616798e-06,-1.19050728e-06,-2.30033463e-07,-2.19989537e-08,3.58763618e-08,-3.80884126e-09,-8.60245166e-10,-8.65272604e-11,-2.96173131e-11,-4.11532478e-12
0.015,5.83578599e-06,1.23446803e-06,-1.28008858e-07,-8.11922849e-08,-1.08989119e-07,-4.28781999e-09,2.98945375e-10,6.63677851e-11,2.0282236e-11,2.6491128e-12,-6.60930284e-06,-1.91754019e-06,-4.17258852e-07,-5.53394109e-08,4.6852035e-08,-5.36022365e-09,-1.24543922e-09,-1.2589487e-10,-4.20662684e-11,-5.96704012e-12
0.016,8.59436452e-06,1.94486324e-06,-1.87222803e-07,-1.29475858e-07,-1.80130434e-07,-6.84116247e-09,3.02596281e-10,9.6534242e-11,2.51144189e-11,3.70095444e-12,-9.649132e-06,-2.99327873e-06,-7.19429628e-07,-1.17310315e-07,5.63106074e-08,-7.4328646e-09,-1.77443369e-09,-1.79352497e-10,-5.87942362e-11,-8.47048675e-12
0.017,1.23646005e-05,2.98207139e-06,-2.69305666e-07,-2.03214657e-07,-2.96235186e-07,-1.11713079e-08,2.52667262e-10,1.39036795e-10,3.01548443e-11,5.1048153e-12,-1.37545529e-05,-4.54527755e-06,-1.19071179e-06,-2.2556217e-07,5.97626854e-08,-1.01666622e-08,-2.49228351e-09,-2.50726996e-10,-8.10160717e-11,-1.18073483e-11
0.018,1.74240127e-05,4.4638804e-06,-3.80846583e-07,-3.13856719e-07,-4.83003592e-07,-1.85081094e-08,1.14323168e-10,1.98560867e-10,3.50558624e-11,6.97134131e-12,-1.91946761e-05,-6.73484858e-06,-1.90464021e-06,-4.05984748e-07,4.93499791e-08,-1.37296568e-08,-3.4557987e-09,-3.44501731e-10,-1.10231975e-10,-1.62002162e-11
0.019,2.41035811e-05,6.5403273e-06,-5.2933201e-07,-4.76989368e-07,-7.78539148e-07,-3.08132849e-08,-1.61317122e-10,2.81367571e-10,3.9325774e-11,9.4474307e-12,-2.62818116e-05,-9.76283087e-06,-2.9591691e-06,-6.95634679e-07,1.2143836e-08,-1.83253753e-08,-4.73600845e-09,-4.65784527e-10,-1.48281388e-10,-2.1919637e-11
0.02,3.27940795e-05,9.40008246e-06,-7.22839969e-07,-7.13434297e-07,-1.23815501e-06,-5.1134362e-08,-6.41702376e-10,3.95689141e-10,4.23042296e-11,1.27279352e-11,-3.53741284e-05,-1.38757831e-05,-4.48259668e-06,-1.14643586e-06,-7.2208636e-08,-2.42060731e-08,-6.42100174e-09,-6.2019179e-10,-1.97402879e-10,-2.92921442e-11
0.021,4.39526826e-05,1.32776679e-05,-9.69496908e-07,-1.05050892e-06,-1.94060674e-06,-8.40939095e-08,-1.41877992e-09,5.52161302e-10,4.31388214e-11,1.70706102e-11,-4.68779088e-05,-1.9372554e-05,-6.64043793e-06,-1.82979501e-06,-2.34685184e-07,-3.16962381e-08,-8.6191753e-09,-8.13611782e-10,-2.60300059e-10,-3.87095104e-11
0.022,5.81098187e-05,1.84615655e-05,-1.27662284e-06,-1.52344735e-06,-2.99605171e-06,-1.36553256e-07,-2.61678241e-09,7.64268676e-10,4.07617574e-11,2.2814007e-11,-6.12493224e-05,-2.66111751e-05,-9.64331579e-06,-2.84229042e-06,-5.2117451e-07,-4.12329298e-08,-1.14629333e-08,-1.05179322e-09,-3.40211972e-10,-5.06378181e-11
0.023,7.58762293e-05,2.53032682e-05,-1.64947792e-06,-2.17696369e-06,-4.55607107e-06,-2.1849782e-07,-4.4024565e-09,1.04876607e-09,3.38688715e-11,3.04007951e-11,-7.89956406e-05,-3.6016008e-05,-1.3755935e-05,-4.31260722e-06,-9.98137866e-07,-5.34323607e-08,-1.51128915e-08,-1.339695e-09,-4.40985422e-10,-6.56293419e-11
0.024,9.79501924e-05,3.42273254e-05,-2.089511e-06,-3.06692744e-06,-6.82612669e-06,-3.44199924e-07,-6.99845899e-09,1.42601708e-09,2.08986905e-11,4.04029405e-11,-0.000100675815,-4.8085067e-05,-1.93071955e-05,-6.40990887e-06,-1.75999568e-06,-6.91958277e-08,-1.97626669e-08,-1.68051338e-09,-5.67147213e-10,-8.43321147e-11
0.025,0.000125124862,4.57424318e-05,-2.59199703e-06,-4.26210525e-06,-1.00808597e-05,-5.33724566e-07,-1.07008382e-08,1.92016981e-09,1.21176191e-14,5.35560821e-11,-0.000126900344,-6.33974254e-05,-2.67014953e-05,-9.35385015e-06,-2.93865688e-06,-8.98728538e-08,-2.56443682e-08,-2.07428189e-09,-7.23968797e-10,-1.0750442e-10
0.026,0.000158295667,6.04535997e-05,-3.14293692e-06,-5.84590426e-06,-1.46826692e-05,-8.14853986e-07,-1.59017114e-08,2.55905621e-09,-3.09307334e-11,7.07923572e-11,-0.000158330358,-8.26206031e-05,-3.64312576e-05,-1.34264523e-05,-4.71568592e-06,-1.17505334e-07,-3.30349526e-08,-2.51592151e-09,-9.17520559e-10,-1.36024484e-10
0.027,0.000198467707,7.90754559e-05,-3.71507904e-06,-7.91803082e-06,-2.11040383e-05,-1.22551787e-06,-2.31184984e-08,3.37366298e-09,-7.44008353e-11,9.32877488e-11,-0.000195675851,-0.00010651782,-4.90907094e-05,-1.89860754e-05,-7.33768995e-06,-1.55183761e-07,-4.22637016e-08,-2.99258044e-09,-1.15470156e-09,-1.70906604e-10
0.028,0.000246763074,0.000102446691,-4.26290844e-06,-1.05959525e-05,-2.99540974e-05,-1.81682758e-06,-3.30313191e-08,4.39697734e-09,-1.33242711e-10,1.2250182e-10,-0.000239692988,-0.000135954985,-6.53909191e-05,-2.64837382e-05,-1.11356059e-05,-2.07555496e-07,-5.37211499e-08,-3.48009264e-09,-1.44323888e-09,-2.13311341e-10
0.029,0.000304428026,0.000131545685,-4.71643592e-06,-1.40160232e-05,-4.20099296e-05,-2.65682479e-06,-4.65304636e-08,5.66194294e-09,-2.10742917e-10,1.60237876e-10,-0.000291180437,-0.000171907286,-8.6176087e-05,-3.64820448e-05,-1.65486767e-05,-2.81535759e-07,-6.7869969e-08,-3.93832339e-09,-1.79163578e-09,-2.64560953e-10
0.03,0.000372839932,0.000167507322,-4.97360666e-06,-1.83340969e-05,-5.82531307e-05,-3.83506659e-06,-6.47761364e-08,7.19820733e-09,-3.10731669e-10,2.08687043e-10,-0.000350974663,-0.000215465224,-0.000112441059,-4.96769925e-05,-2.41540237e-05,-3.8728479e-07,-8.52584416e-08,-4.30517163e-09,-2.20905449e-09,-3.26151799e-10
0.031,0.000453513878,0.000211640997,-4.89113531e-06,-2.37254209e-05,-7.991213e-05,-5.46818111e-06,-8.92729905e-08,9.02722636e-09,-4.37748595e-10,2.7049786e-10,-0.000419944129,-0.000267839929,-0.000145350018,-6.69229373e-05,-3.47028512e-05,-5.39529056e-07,-1.06537421e-07,-4.48891349e-09,-2.70511023e-09,-3.9976549e-10
0.032,0.000548108862,0.000265449794,-4.27356415e-06,-3.0383555e-05,-0.00010851076,-7.70654084e-06,-1.21962466e-07,1.1155228e-08,-5.9728029e-10,3.488188e-10,-0.000498982367,-0.000330367578,-0.000186256265,-8.92610005e-05,-4.91644554e-05,-7.59319467e-07,-1.32481926e-07,-4.35860545e-09,-3.28954468e-09,-4.87286816e-10
0.033,0.000658433456,0.000330650829,-2.86033291e-06,-3.85180256e-05,-0.000145923547,-1.07422091e-05,-1.6533596e-07,1.35633728e-08,-7.96132582e-10,4.47367603e-10,-0.000588999895,-0.00040451275,-0.000236723019,-0.000117951211,-6.87793854e-05,-1.07634076e-06,-1.64018881e-07,-3.73213311e-09,-3.97175236e-09,-5.90805199e-10
0.034,0.000786450829,0.00040919671,-3.10639143e-07,-4.83503665e-05,-0.000194438136,-1.48183267e-05,-2.22572541e-07,1.61943992e-08,-1.04295211e-09,5.70458169e-10,-0.000690914951,-0.000491870507,-0.000298545078,-0.000154508664,-9.51232516e-05,-1.53190984e-06,-2.02262875e-07,-2.36153701e-09,-4.76009787e-09,-7.12647666e-10
0.035,0.000934283021,0.000503298044,3.81413679e-06,-6.01081492e-05,-0.000256825177,-2.02401145e-05,-2.97705066e-07,1.89347595e-08,-1.34898352e-09,7.23053076e-10,-0.000805643023,-0.000594167009,-0.0003737712,-0.000200743978,-0.000130182854,-2.18282348e-06,-2.4856236e-07,8.4867465e-11,-5.6610248e-09,-8.55364281e-10
0.036,0.00110421433,0.000615446943,1.00706705e-05,-7.40165482e-05,-0.000336415941,-2.73876714e-05,-3.95818943e-07,2.15911967e-08,-1.72910909e-09,9.10750736e-10,-0.000934085182,-0.000713258456,-0.000464727004,-0.000258808311,-0.000176446486,-3.10624341e-06,-3.04559212e-07,4.04400146e-09,-6.67783589e-09,-1.02179293e-09
0.037,0.00129869367,0.000748441397,1.91568248e-05,-9.02869236e-05,-0.000437187775,-3.6730756e-05,-5.23287917e-07,2.38603617e-08,-2.20328716e-09,1.13980192e-09,-0.00107711523,-0.000851128129,-0.000574038162,-0.000331243192,-0.000237010469,-4.40583804e-06,-3.72265234e-07,1.0083722e-08,-7.80917533e-09,-1.21501794e-09
0.038,0.00152033587,0.000905410436,3.19378981e-05,-0.000109101841,-0.000563857401,-4.8845734e-05,-6.88051626e-07,2.52899951e-08,-2.7984847e-09,1.41701204e-09,-0.00123556565,-0.00100988133,-0.00070465362,-0.000421035391,-0.000315704169,-6.21943341e-06,-4.54159976e-07,1.89331718e-08,-9.04703001e-09,-1.43849976e-09
0.039,0.00177192156,0.0010898399,4.94762089e-05,-0.000130595878,-0.000721981831,-6.44348772e-05,-8.9993959e-07,2.52297473e-08,-3.55125533e-09,1.74969768e-09,-0.00141021252,-0.001191738,-0.000859868542,-0.000531677016,-0.000417235946,-8.72846309e-06,-5.53314951e-07,3.1518372e-08,-1.03743203e-08,-1.69599258e-09
0.04,0.00205639579,0.00130559866,7.30642225e-05,-0.000154831497,-0.000918066489,-8.43481856e-05,-1.17104641e-06,2.27695945e-08,-4.51112306e-09,2.14543395e-09,-0.00160175919,-0.00139902277,-0.00104334664,-0.000667230993,-0.000547362697,-1.21695464e-05,-6.73550448e-07,4.9003499e-08,-1.17618378e-08,-1.99179326e-09
0.041,0.00237686499,0.00155696516,0.000104261411,-0.000181769197,-0.00115967984,-0.000109607895,-1.51616257e-06,1.66632509e-08,-5.74498264e-09,2.61192534e-09,-0.00181081914,-0.00163415226,-0.00125914147,-0.00083240202,-0.000713085824,-1.68485626e-05,-8.19631655e-07,7.28384283e-08,-1.31646366e-08,-2.33060203e-09
0.042,0.00273659227,0.00184865389,0.000144935014,-0.000211231055,-0.00145557357,-0.00014143583,-1.9532664e-06,5.23380814e-09,-7.34272894e-09,3.15650539e-09,-0.00203789775,-0.0018996194,-0.00151171631,-0.00103261302,-0.000922876639,-2.31576226e-05,-9.97513e-07,1.04812713e-07,-1.4517605e-08,-2.71796595e-09
0.043,0.00313899089,0.00218584174,0.000197304847,-0.000242856749,-0.00181580698,-0.000181283701,-2.50407903e-06,-1.37417353e-08,-9.42447966e-09,3.78586788e-09,-0.00228337337,-0.00219797455,-0.00180596214,-0.0012740871,-0.00118693461,-3.15953948e-05,-1.21463948e-06,1.47116617e-07,-1.57302585e-08,-3.16006596e-09
0.044,0.00358761582,0.00257419385,0.000263992278,-0.000276051004,-0.00225187403,-0.000230866452,-3.19468692e-06,-4.31724574e-08,-1.21496749e-08,4.50519578e-09,-0.0025474776,-0.00253180327,-0.00214721316,-0.00156393495,-0.00151748187,-4.27913053e-05,-1.48031611e-06,2.02409253e-07,-1.66805227e-08,-3.66448112e-09
0.045,0.00408615308,0.00301988867,0.000348073434,-0.000309921397,-0.00277683065,-0.000292198694,-4.05623364e-06,-8.68224172e-08,-1.57284451e-08,5.31766115e-09,-0.0028302751,-0.00290370048,-0.00254125943,-0.00191024728,-0.00192909747,-5.75341595e-05,-1.80615703e-06,2.7389409e-07,-1.72076249e-08,-4.23991399e-09
0.046,0.00463840704,0.00352964183,0.000453136675,-0.000343205321,-0.00340541982,-0.000367634242,-5.12568249e-06,-1.49512923e-07,-2.04357514e-08,6.22308454e-09,-0.00313164291,-0.00331624098,-0.0029943558,-0.00232219224,-0.00243909535,-7.68057812e-05,-2.20662804e-06,3.65401309e-07,-1.71038294e-08,-4.89740965e-09
0.047,0.00524828519,0.00411072852,0.000583344319,-0.000374184897,-0.00415419113,-0.000459908696,-6.44664842e-06,-2.37363741e-07,-2.6628749e-08,7.21708142e-09,-0.00345124959,-0.00377194603,-0.00351322677,-0.00281011717,-0.00306794964,-0.00010182032,-2.69969659e-06,4.81477e-07,-1.6105142e-08,-5.65004517e-09
0.048,0.00591978065,0.00477100399,0.000743498532,-0.000400588518,-0.00504161102,-0.000572184938,-8.07029834e-06,-3.58078586e-07,-3.47681964e-08,8.28917692e-09,-0.00378853429,-0.00427324596,-0.00410506637,-0.00338565415,-0.00383977146,-0.000134069924,-3.30760538e-06,6.27477929e-07,-1.38807545e-08,-6.5147673e-09
0.049,0.00665695201,0.0055189216,0.000939111258,-0.000419477661,-0.00608815903,-0.000708101351,-1.00563131e-05,-5.21282012e-07,-4.54442011e-08,9.42140938e-09,-0.00414268601,-0.00482243868,-0.00477753253,-0.00406182874,-0.00478284109,-0.000175377527,-4.05778669e-06,8.09671244e-07,-1.00214748e-08,-7.51212409e-09
0.05,0.00746390068,0.00636354811,0.00117647795,-0.000427117578,-0.00731640487,-0.000871822431,-1.24739061e-05,-7.38914037e-07,-5.94078324e-08,1.05858805e-08,-0.00451262326,-0.00542164416,-0.00553873507,-0.00485317068,-0.00593019934,-0.00022795754,-4.98393468e-06,1.03533681e-06,-4.02690658e-09,-8.66892098e-09
0.051,0.00834474542,0.0073145756,0.00146275483,-0.000418830408,-0.0087510599,-0.00106809143,-1.54028836e-05,-1.0256917e-06,-7.76082092e-08,1.17426192e-08,-0.00489697438,-0.00607275457,-0.00639721663,-0.00577582583,-0.0073203017,-0.00029448524,-6.12725278e-06,1.31287055e-06,4.70803776e-09,-1.001806e-08
0.052,0.00930359422,0.00838232941,0.00180603925,-0.000388829266,-0.0104189964,-0.00130228463,-1.89347495e-05,-1.39964481e-06,-1.01237846e-07,1.28366261e-08,-0.00529405868,-0.00677738042,-0.00736192564,-0.0068476675,-0.00899773854,-0.000378175626,-7.53790254e-06,1.65188358e-06,1.69076491e-08,-1.1602135e-08
0.053,0.0103445135,0.00957777188,0.00221545277,-0.000330031816,-0.0123492271,-0.00158046651,-2.31738099e-05,-1.8827361e-06,-1.31785705e-07,1.37948023e-08,-0.0057018689,-0.00753679256,-0.00844218078,-0.00808840636,-0.0110140264,-0.000482872565,-9.27666869e-06,2.06329521e-06,3.34306502e-08,-1.34735343e-08
0.054,0.0114714944,0.0109125009,0.00270122632,-0.000233851867,-0.0145728353,-0.00190944491,-2.82382739e-05,-2.5015729e-06,-1.71101381e-07,1.45220877e-08,-0.00611805514,-0.00835186036,-0.00964762598,-0.00951969679,-0.0134284726,-0.000613149292,-1.14168626e-05,2.5594155e-06,5.52862176e-08,-1.56992073e-08
0.055,0.0126884167,0.0123987432,0.00327478673,-8.99675693e-05,-0.0171228471,-0.00229682558,-3.42613171e-05,-3.28822288e-06,-2.2146831e-07,1.48971618e-08,-0.00653991048,-0.00922298601,-0.0109881752,-0.0111652375,-0.0163091161,-0.00077442107,-1.40464847e-05,3.15401076e-06,8.36489719e-08,-1.83614508e-08
0.056,0.0139990098,0.0140493408,0.00394884396,0.000113935185,-0.0200340318,-0.00275106471,-4.13920787e-05,-4.2811434e-06,-2.85691869e-07,1.47677293e-08,-0.00696435886,-0.0101500354,-0.012473946,-0.0130508642,-0.0197337461,-0.000973070845,-1.72706651e-05,3.86234526e-06,1.19873953e-07,-2.15638998e-08
0.057,0.0154068108,0.0158777314,0.00473747798,0.000392445424,-0.0233426218,-0.00328151856,-4.97965505e-05,-5.52623807e-06,-3.6719925e-07,1.39451753e-08,-0.00738794529,-0.0111322657,-0.0141151819,-0.0152046322,-0.023791,-0.00121658876,-2.12143963e-05,4.7011897e-06,1.65508901e-07,-2.5433263e-08
0.058,0.0169151213,0.0178979206,0.00565622427,0.00076273702,-0.0270859355,-0.00389848835,-5.96583166e-05,-7.07805086e-06,-4.7015817e-07,1.21988222e-08,-0.00780682888,-0.01216825,-0.0159221617,-0.017656885,-0.0285815419,-0.00151372632,-2.60255779e-05,5.68878811e-06,2.22305154e-07,-3.01264505e-08
0.059,0.0185269604,0.0201244466,0.00672215693,0.00124490687,-0.0313018891,-0.004613259,-7.11790898e-05,-9.0011127e-06,-5.99610879e-07,9.24982043e-09,-0.00821677898,-0.0132558001,-0.0179050955,-0.0204403068,-0.0342193194,-0.00187466601,-3.18783797e-05,6.84476889e-06,2.92223031e-07,-3.5833728e-08
0.06,0.0202450166,0.0225723352,0.00795396784,0.00186234213,-0.0360283828,-0.00543812958,-8.45789855e-05,-1.13714525e-05,-7.61630486e-07,4.76413175e-09,-0.00861317475,-0.0143918864,-0.0200740082,-0.0235899544,-0.0408328982,-0.00231120701,-3.89769299e-05,8.18998935e-06,3.7743339e-07,-4.27864864e-08
0.061,0.0220715976,0.0252570468,0.00937204065,0.00264211702,-0.0413025408,-0.00638643362,-0.000100096473,-1.42782894e-05,-9.63496882e-07,-1.65366191e-09,-0.00899100859,-0.0155725579,-0.0224386071,-0.027143265,-0.0485668672,-0.00283696742,-4.75593145e-05,9.74629338e-06,4.8030908e-07,-5.12621948e-08
0.062,0.0240085779,0.0281944115,0.0109985176,0.00361541929,-0.0471597913,-0.00747254778,-0.000117987982,-1.78259175e-05,-1.21389712e-06,-1.04688039e-08,-0.00934489373,-0.0167928605,-0.025008136,-0.0311400351,-0.0575833084,-0.00346760312,-5.79019402e-05,1.15361591e-05,6.03408968e-07,-6.15917089e-08
0.063,0.0260573462,0.0314005556,0.0128573582,0.0048180071,-0.0536327643,-0.00871188524,-0.00013852697,-2.21357968e-05,-1.52315501e-06,-2.22232693e-08,-0.00966907613,-0.0180467559,-0.0277912137,-0.0356223678,-0.068063336,-0.00422104325,-7.03241926e-05,1.35822205e-05,7.49449966e-07,-7.41661651e-08
0.064,0.0282187508,0.0348918152,0.0149743877,0.00629069527,-0.0607499876,-0.010120871,-0.000162002434,-2.73488577e-05,-1.90349062e-06,-3.75465263e-08,-0.0099574513,-0.0193270424,-0.030795658,-0.0406345826,-0.0802086879,-0.00511774339,-8.5193401e-05,1.59066509e-05,9.21267689e-07,-8.94447075e-08
0.065,0.0304930454,0.0386846399,0.0173773323,0.00807987017,-0.0685343569,-0.0117168966,-0.00018871678,-3.36280318e-05,-2.36930998e-06,-5.71626032e-08,-0.010203586,-0.0206252771,-0.0340282947,-0.0462230816,-0.0942433589,-0.00618095587,-0.000102930073,1.85303698e-05,1.1217539e-06,-1.07964544e-07
0.066,0.0328798339,0.042795483,0.0200958415,0.0102380319,-0.0770013577,-0.0135182513,-0.000218982941,-4.1161025e-05,-2.93752762e-06,-8.19029128e-08,-0.0104007457,-0.021931701,-0.0374947505,-0.052436168,-0.11041526,-0.00743701683,-0.000124013353,2.14720497e-05,1.35377579e-06,-1.30347849e-07
0.067,0.0353780162,0.0472406799,0.023161492,0.0128243619,-0.086157014,-0.0155440247,-0.000253120634,-5.01633451e-05,-3.62792708e-06,-1.12712224e-07,-0.0105419269,-0.0232351697,-0.0411992329,-0.0593238095,-0.128997889,-0.00891564947,-0.000148986645,2.4746883e-05,1.62006153e-06,-1.57313301e-07
0.068,0.0379857348,0.0520363138,0.0266077739,0.0159053127,-0.0959955364,-0.017813979,-0.000291451678,-6.0881596e-05,-4.46355525e-06,-1.50662866e-07,-0.0106198959,-0.0245230889,-0.0451442951,-0.0669373421,-0.150291979,-0.0106502824,-0.000178463318,2.8365074e-05,1.92305814e-06,-1.89680434e-07
0.069,0.0407003227,0.0571980681,0.0304700549,0.0195552173,-0.106496645,-0.0203483826,-0.000334294262,-7.35970549e-05,-5.47115828e-06,-1.96957681e-07,-0.0106272334,-0.0257813571,-0.0493305875,-0.0753291063,-0.174627108,-0.0126783824,-0.000213132398,3.23300003e-05,2.26473884e-06,-2.28380305e-07
0.07,0.0435182536,0.0627410661,0.0347855209,0.0238569116,-0.117622545,-0.0231677995,-0.000381955881,-8.86295463e-05,-6.6816416e-06,-2.52943394e-07,-0.0105563851,-0.0269943172,-0.0537565985,-0.0845520095,-0.202363202,-0.0150417975,-0.000253764023,3.66360031e-05,2.64636911e-06,-2.74452142e-07
0.071,0.0464350895,0.0686796891,0.0395930847,0.0289023578,-0.129314539,-0.0262928382,-0.000434725025,-0.000106341639,-8.13055537e-06,-3.20106817e-07,-0.0103997168,-0.028144714,-0.058418375,-0.0946589891,-0.233891844,-0.0177870986,-0.000301213999,4.1265677e-05,3.06819523e-06,-3.29041305e-07
0.072,0.0494454292,0.0750273757,0.0449332601,0.0347932637,-0.141489274,-0.029743886,-0.000492863372,-0.000127143025,-9.85856503e-06,-4.00090222e-07,-0.0101495762,-0.0292136617,-0.0633092283,-0.105702374,-0.269637335,-0.020965918,-0.000356428696,4.61864493e-05,3.52908005e-06,-3.93374593e-07
0.073,0.0525428805,0.0817964398,0.0508480252,0.0416417231,-0.154034591,-0.0335407781,-0.000556595596,-0.000151495017,-1.19120942e-05,-4.94731192e-07,-0.00979836515,-0.0301806388,-0.0684194638,-0.117733228,-0.310057813,-0.0246353082,-0.000420449494,5.13469935e-05,4.02615119e-06,-4.68773372e-07
0.074,0.0557200321,0.0889978707,0.0573806486,0.0495708382,-0.166804933,-0.0377023925,-0.000626096966,-0.000179915206,-1.43439679e-05,-6.06110167e-07,-0.00933861704,-0.0310234937,-0.0737360985,-0.130800586,-0.355646147,-0.0288581158,-0.000494417761,5.6673253e-05,4.55440333e-06,-5.56664388e-07
0.075,0.0589684192,0.0966411022,0.0645754672,0.058715305,-0.179616332,-0.0422461925,-0.000701479199,-0.000212982407,-1.72140798e-05,-7.36560678e-07,-0.00876307625,-0.0317184596,-0.0792425603,-0.144950546,-0.40693044,-0.0337033224,-0.000579578468,6.2063584e-05,5.10615864e-06,-6.5857918e-07
0.076,0.0622785006,0.104733779,0.0724776286,0.0692219728,-0.192240974,-0.0471877111,-0.000782775442,-0.00025134179,-2.05900605e-05,-8.88701639e-07,-0.00806478527,-0.0322401912,-0.0849183934,-0.160225272,-0.464474193,-0.0392463784,-0.000677282411,6.73832342e-05,5.67043643e-06,-7.76132787e-07
0.077,0.0656396436,0.113281515,0.0811327952,0.0812503601,-0.204401325,-0.0525399724,-0.000869923661,-0.000295710088,-2.45480017e-05,-1.06546563e-06,-0.00723717712,-0.0325618223,-0.0907389704,-0.176661882,-0.528876064,-0.0455695196,-0.000788987378,7.24580778e-05,6.23220688e-06,-9.11005603e-07
0.078,0.069040118,0.122287646,0.0905868038,0.0949731153,-0.215763821,-0.0583128494,-0.000962748268,-0.000346880829,-2.91731803e-05,-1.27015821e-06,-0.00627417289,-0.0326550457,-0.0966752112,-0.194291229,-0.600769177,-0.0527620591,-0.000916258064,7.70675322e-05,6.77157222e-06,-1.06491304e-06
0.079,0.072467099,0.131752971,0.100885281,0.11057641,-0.22593214,-0.0645123635,-0.00106093995,-0.000405729488,-3.45608669e-05,-1.50651783e-06,-0.00517028368,-0.032490217,-0.102693315,-0.213136566,-0.680819976,-0.0609206466,-0.00106076465,8.09367056e-05,7.26283702e-06,-1.23958303e-06
0.08,0.0759066796,0.141675495,0.112073214,0.128260258,-0.234440017,-0.0711399377,-0.00116403344,-0.000473218391,-4.08171747e-05,-1.77881967e-06,-0.00392071656,-0.0320364844,-0.108754508,-0.233212097,-0.769726655,-0.0701494973,-0.00122428104,8.37277549e-05,7.67351637e-06,-1.43674104e-06
0.081,0.0793438976,0.152050175,0.124194473,0.148238761,-0.240743471,-0.0781915677,-0.00127138092,-0.000550401098,-4.80601543e-05,-2.09198786e-06,-0.00252148478,-0.0312619494,-0.114814821,-0.254521442,-0.868217355,-0.0805605839,-0.00140868284,8.50307491e-05,7.96323321e-06,-1.65814712e-06
0.082,0.0827627808,0.162868679,0.13729132,0.170740283,-0.244212254,-0.0856567846,-0.00138211905,-0.000638426949,-5.64210473e-05,-2.45174401e-06,-0.000969522115,-0.0301338624,-0.120824918,-0.277056046,-0.977048043,-0.0922737543,-0.00161593408,8.43551788e-05,8.08248918e-06,-1.90569311e-06
0.083,0.0861463889,0.174119122,0.151403812,0.196007372,-0.244121064,-0.0935175807,-0.00149514385,-0.000738545274,-6.60446632e-05,-2.86468045e-06,0.000737207275,-0.0286188313,-0.126729897,-0.300793289,-1.09699854,-0.105416927,-0.00184807904,8.11205229e-05,7.97111266e-06,-2.18149958e-06
0.084,0.089476871,0.185785798,0.166569172,0.224296565,-0.239640431,-0.101747321,-0.00160908257,-0.000852109644,-7.70897895e-05,-3.33831975e-06,0.00259959649,-0.0266830662,-0.132469148,-0.325694529,-1.22886756,-0.120126166,-0.0021072296,7.46446671e-05,7.55649254e-06,-2.48786548e-06
0.085,0.0927355417,0.197848946,0.182821121,0.255878038,-0.229827148,-0.110309568,-0.00172226358,-0.000980582011,-8.97298667e-05,-3.88118331e-06,0.00461728322,-0.0242926606,-0.137976267,-0.351703053,-1.37346685,-0.136545649,-0.00239554765,6.41310868e-05,6.751645e-06,-2.82717847e-06
0.086,0.09590297,0.210284513,0.200189148,0.291035056,-0.213614318,-0.119156806,-0.0018326846,-0.00112553646,-0.000104153666,-4.50287808e-06,0.00678853895,-0.0214139054,-0.14317901,-0.378741945,-1.53161433,-0.154827555,-0.00271522387,4.86549322e-05,5.45313951e-06,-3.20178355e-06
0.087,0.0989590843,0.223063942,0.218697747,0.330063204,-0.189801089,-0.128229089,-0.00193797898,-0.00128866249,-0.000120566004,-5.21422443e-06,0.00911016125,-0.0180136378,-0.147999314,-0.40671185,-1.70412604,-0.175131867,-0.00306845295,2.71481671e-05,3.53887583e-06,-3.61389321e-06
0.088,0.101883293,0.236153976,0.238365598,0.373269387,-0.157042087,-0.137452619,-0.00203538036,-0.00147176759,-0.000139188429,-6.02740473e-06,0.0115773707,-0.014059624,-0.152353376,-0.435488666,-1.891807,-0.197626073,-0.00345740472,-1.61612079e-06,8.65687913e-07,-4.06548439e-06
0.089,0.10465462,0.249516491,0.25920471,0.420970575,-0.113836514,-0.146738275,-0.00212168512,-0.00167677922,-0.000160260031,-6.95618827e-06,0.014183714,-0.00952097755,-0.15615181,-0.464921176,-2.09544092,-0.222484789,-0.00388419126,-3.90399003e-05,-2.73319909e-06,-4.55827499e-06
0.09,0.107251861,0.263108351,0.281219513,0.473492299,-0.0585166622,-0.155980123,-0.00219321084,-0.0019057458,-0.000184038508,-8.01615251e-06,0.0169209748,-0.00436861116,-0.159299881,-0.494828619,-2.31577894,-0.249889336,-0.00435083367,-8.67165712e-05,-7.45098553e-06,-5.09378147e-06
0.091,0.109653747,0.276881306,0.304405942,0.531166953,0.0107650139,-0.16505372,-0.00224573886,-0.00216083636,-0.000210801893,-9.22495752e-06,0.0197790984,0.00142428844,-0.161697818,-0.524998232,-2.55352787,-0.280027218,-0.00485922678,-0.000146446353,-1.35104423e-05,-5.67356261e-06
0.092,0.111839128,0.290781924,0.328750503,0.594331893,0.0960509341,-0.173813823,-0.00227444743,-0.00244434305,-0.000240850921,-1.06024399e-05,0.0227461377,0.00788178164,-0.163241197,-0.555182813,-2.80933687,-0.313091098,-0.00541105305,-0.000220248021,-2.11678377e-05,-6.29971178e-06
0.093,0.113787182,0.30475156,0.354229223,0.663326588,0.199590866,-0.182092211,-0.00227387897,-0.00275868396,-0.000274507452,-1.21705303e-05,0.0258081864,0.0150245957,-0.163821479,-0.585098113,-3.0837793,-0.349278214,-0.00600772686,-0.00031037134,-3.07166653e-05,-6.97515364e-06
0.094,0.115477636,0.318726387,0.380806614,0.738489554,0.323854386,-0.189695629,-0.00223790599,-0.0031064054,-0.000312112994,-1.39531758e-05,0.0289493362,0.0228695334,-0.163326661,-0.614420298,-3.37733181,-0.388789574,-0.00665032569,-0.000419314813,-4.24920908e-05,-7.70355628e-06
0.095,0.116891002,0.332637477,0.408434635,0.820154926,0.47154393,-0.19640359,-0.00215969623,-0.00349018495,-0.000354027963,-1.59764088e-05,0.0321516574,0.0314288666,-0.16164205,-0.642783518,-3.69035101,-0.431828847,-0.0073395042,-0.000549846166,-5.68760896e-05,-8.48886976e-06
0.096,0.118008833,0.346410954,0.437051652,0.908648562,0.645608065,-0.201965975,-0.00203167822,-0.00391283534,-0.000400631086,-1.8268353e-05,0.0353952002,0.0407097067,-0.158651172,-0.669777603,-4.02304721,-0.478601049,-0.0080753944,-0.000705024902,-7.4303135e-05,-9.33491166e-06
0.097,0.118813987,0.359968208,0.466581404,1.00428361,0.849254877,-0.206100456,-0.00184550894,-0.0043773096,-0.000452318747,-2.08592307e-05,0.0386580203,0.0507133571,-0.154236836,-0.694945918,-4.3754548,-0.52931104,-0.00885749093,-0.000888226802,-9.52667267e-05,-1.0244802e-05
0.098,0.119290911,0.373226196,0.496931994,1.10735556,1.08596546,-0.208489698,-0.00159204473,-0.00488670824,-0.00050950395,-2.3781367e-05,0.0419162315,0.061434654,-0.14828237,-0.717783417,-4.7473985,-0.584161831,-0.0096845161,-0.00110317056,-0.000120326652,-1.12204928e-05
0.099,0.11942593,0.386097829,0.52799492,1.21813669,1.35950772,-0.208778391,-0.00126133347,-0.0054442894,-0.000572614999,-2.70689064e-05,0.0451440887,0.0728613017,-0.14067302,-0.737734992,-5.13845455,-0.64335272,-0.0105542628,-0.00135394791,-0.000150118054,-1.22622514e-05
0.1,0.11920761,0.398492634,0.559644466,1.33687112,1.67395149,-0.206569392,-0.000842652075,-0.00605348735,-0.000642093309,-3.07574896e-05,0.0483141315,0.084973257,-0.131297592,-0.754194655,-5.54790781,-0.707077749,-0.0114634651,-0.00164506071,-0.000185362282,-1.33681202e-05
0.101,0.11862723,0.410317944,0.59173781,1.46377143,2.03368617,-0.201416372,-0.000324402241,-0.00671795043,-0.000718392962,-3.48832434e-05,0.0513974238,0.0977422628,-0.120050353,-0.766505841,-5.97470872,-0.775524019,-0.0124076771,-0.00198146185,-0.000226880035,-1.45325339e-05
0.102,0.117678851,0.421478861,0.624113342,1.59900857,2.44342772,-0.192819681,0.000306031637,-0.00744154746,-0.000801975653,-3.94824028e-05,0.0543636792,0.111131139,-0.106832747,-0.773958817,-6.41741044,-0.848863621,-0.0133808048,-0.00236866725,-0.000275612601,-1.5738595e-05
0.103,0.116359409,0.43187825,0.656588804,1.74269849,2.90820929,-0.180226285,0.00106205385,-0.00822835247,-0.00089329217,-4.45927927e-05,0.0571813776,0.125092864,-0.0915555938,-0.775788556,-6.87409141,-0.927245452,-0.0143746493,-0.00281290282,-0.000332644494,-1.69491282e-05
0.104,0.11466919,0.441418177,0.688961648,1.89489504,3.43337645,-0.163025491,0.00195754041,-0.00908265549,-0.000992764796,-5.02568172e-05,0.0598181077,0.139570053,-0.0741418164,-0.771176452,-7.34228161,-1.01079048,-0.0153786091,-0.00332120899,-0.000399223312,-1.81042345e-05
0.105,0.112612175,0.45000115,0.721009163,2.05558052,4.02457676,-0.14054415,0.00300663196,-0.0100089534,-0.00110076888,-5.65246899e-05,0.062240928,0.154494467,-0.054529311,-0.759252409,-7.81887519,-1.09958521,-0.0163793226,-0.00390155333,-0.000476778912,-1.91203584e-05
0.106,0.110196308,0.457531318,0.752488639,2.22465458,4.68773853,-0.112042705,0.00422345309,-0.0110119268,-0.00121760993,-6.34578293e-05,0.0644167599,0.169786559,-0.0326740275,-0.739097772,-8.30003095,-1.19367304,-0.0173602537,-0.00456296571,-0.000566942635,-1.98882895e-05
0.107,0.107433742,0.463915815,0.783137906,2.40192215,5.42903633,-0.0767116093,0.00562170921,-0.0120964067,-0.00134349489,-7.11327238e-05,0.0663128405,0.185355133,-0.00855330476,-0.709749699,-8.78106116,-1.29304404,-0.0183012547,-0.00531569711,-0.000671567284,-2.0270158e-05
0.108,0.10434104,0.469066251,0.81267632,2.58708058,6.25483961,-0.0336682007,0.00721415251,-0.0132673229,-0.00147849548,-7.96456567e-05,0.0678972341,0.201097129,0.0178305429,-0.670207263,-9.25630805,-1.39762288,-0.0191781128,-0.00617140599,-0.00079274686,-2.00954866e-05
0.109,0.100939326,0.472900354,0.840806283,2.77970588,7.17163966,0.0180456261,0.00901189227,-0.0145296282,-0.0016225025,-8.91186696e-05,0.0691394056,0.216897571,0.0464464119,-0.619439623,-9.71900765,-1.50725484,-0.0199620963,-0.00714337522,-0.000932835586,-1.9156409e-05
0.11,0.0972543774,0.475343749,0.867215396,2.9792385,8.18594993,0.0794645816,0.0110235254,-0.0158881865,-0.00177516898,-9.9707162e-05,0.0700108538,0.232629708,0.0772304042,-0.556396658,-10.1611417,-1.62168956,-0.0206195257,-0.00824676244,-0.00109446406,-1.72020835e-05
0.111,0.0933166297,0.476331895,0.891579408,3.18496877,9.30417364,0.151699493,0.0132540591,-0.0173476154,-0.0019358411,-0.000111609663,0.0704858045,0.248155402,0.110081691,-0.480022565,-10.5732792,-1.74056185,-0.0211113879,-0.00949888362,-0.00128055105,-1.39324578e-05
0.112,0.0891610968,0.475812171,0.913566089,3.39602274,10.5324295,0.235934491,0.015703518,-0.0189120748,-0.00210347429,-0.000125080345,0.0705419568,0.263325804,0.14485835,-0.389273096,-10.9444105,-1.86336869,-0.0213930135,-0.0109195319,-0.0014943058,-8.99148067e-06
0.113,0.0848271485,0.473745951,0.932839913,3.6113469,11.8763141,0.333421094,0.0183652617,-0.0205849689,-0.00227652729,-0.000140445518,0.0701612628,0.277982332,0.181373319,-0.283136781,-11.2617795,-1.98944401,-0.0214140747,-0.0125313357,-0.00173920727,-1.95900519e-06
0.114,0.0803581567,0.470110758,0.949067946,3.8296947,13.3405981,0.445466815,0.0212239852,-0.0223685307,-0.00245284095,-0.000158126506,0.0693307321,0.291958044,0.21939064,-0.160660816,-11.5107292,-2.11793058,-0.0211188926,-0.0143601536,-0.00201896016,7.65778502e-06
0.115,0.0758009861,0.464902435,0.961927014,4.04961548,14.9288476,0.573417203,0.0242534141,-0.0242632623,-0.00262950554,-0.00017867034,0.0680432396,0.305079429,0.258622243,-0.0209821992,-11.6745748,-2.24774892,-0.0204471877,-0.0164354843,-0.00233742096,2.04317381e-05
0.116,0.0712053094,0.458137227,0.971112169,4.26944713,16.6429623,0.718629713,0.0274137542,-0.0262671974,-0.00280272113,-0.000202789502,0.0662983044,0.317168684,0.298725564,0.136635508,-11.7345283,-2.37756434,-0.0193354488,-0.0187908671,-0.00269848172,3.70197295e-05
0.117,0.0666227314,0.449853699,0.976346482,4.48731405,18.482625,0.882437382,0.0306490002,-0.0283749519,-0.0029676605,-0.000231412313,0.0641028022,0.328046501,0.339302398,0.31275961,-11.6697022,-2.50575333,-0.0177191175,-0.0214642293,-0.00310590031,5.81604732e-05
0.118,0.0621057183,0.440114349,0.977392062,4.70113253,20.4446645,1.0661003,0.0338842854,-0.0305765262,-0.00311834859,-0.000265745209,0.0614715605,0.337535392,0.37989945,0.507740149,-11.4572306,-2.63037158,-0.0155358069,-0.0244981246,-0.003563064,8.46621987e-05
0.119,0.0577063362,0.4290068,0.974062097,4.90862599,22.5223406,1.27074295,0.0370235484,-0.0328558337,-0.00324758039,-0.000307347989,0.0584277797,0.345463544,0.420011116,0.721656959,-11.0725519,-2.74912673,-0.012729767,-0.0279397794,-0.00407267552,0.000117375217
0.12,0.0534748187,0.41664438,0.966233494,5.10735255,24.7045767,1.4972757,0.0399477687,-0.03518895,-0.00334690601,-0.000358221863,0.0550032111,0.351669181,0.459085067,0.954263347,-10.4899039,-2.8593603,-0.00925780028,-0.0318408572,-0.00463635287,0.000157142852
0.121,0.0494580006,0.403165839,0.953859231,5.29474419,26.975173,1.74630338,0.0425144206,-0.0375420904,-0.00340671814,-0.000420908707,0.051238009,0.356005242,0.496531017,1.20492866,-9.6830914,-2.95805177,-0.00509708446,-0.0362568546,-0.00525413959,0.000204723361
0.122,0.0456976872,0.388733983,0.936979674,5.46815512,29.3121031,2.01803394,0.0445604882,-0.039869257,-0.00341648737,-0.000498595295,0.0471802027,0.358344128,0.531732767,1.47258587,-8.62656148,-3.04186307,-0.000254377235,-0.0412458763,-0.00592397304,0.000260672536
0.123,0.0422290595,0.373533397,0.915732608,5.62494095,31.6871357,2.31216158,0.0459063806,-0.0421098512,-0.0033651736,-0.00059519811,0.0428848801,0.35858268,0.564063974,1.75569605,-7.29665873,-3.10719131,0.00522656965,-0.046866635,-0.00664137862,0.000325161621
0.124,0.0390792303,0.357767257,0.890360885,5.76255343,34.0657634,2.62776338,0.0463625167,-0.0441867339,-0.00324179347,-0.000715389373,0.0384130466,0.356647216,0.592907098,2.05222518,-5.67306957,-3.15025004,0.0112574635,-0.0531756684,-0.00739922492,0.000397745658
0.125,0.0362660618,0.341653448,0.861217314,5.87865419,36.4075262,2.96322525,0.0457396629,-0.0460049892,-0.00303614856,-0.000864550882,0.033830147,0.352498599,0.617676035,2.35964368,-3.74042248,-3.16718008,0.0176988668,-0.0602238618,-0.00818756439,0.000477095973
0.126,0.0337972214,0.325418854,0.828762795,5.97122199,38.6667113,3.3161849,0.0438621137,-0.0474513072,-0.00273966427,-0.00104865742,0.0292041401,0.346135821,0.637839514,2.67494524,-1.48993913,-3.15418457,0.0243559868,-0.0680522278,-0.00899362757,0.000560714423
0.127,0.0316696351,0.309292455,0.793558117,6.03865461,40.7934919,3.6834972,0.0405828336,-0.0483942148,-0.00234628698,-0.00127408346,0.0246032918,0.337598175,0.652944765,2.99469021,1.07897039,-3.10769184,0.0309773441,-0.0766870916,-0.00980204165,0.000644645797
0.128,0.0298694788,0.293498023,0.756250441,6.07986958,42.7355741,4.06124228,0.0358002496,-0.0486855436,-0.00185338168,-0.00154731693,0.0200938543,0.326966328,0.66264093,3.31508022,3.95731237,-3.02453708,0.0372573282,-0.0861349644,-0.0105953346,0.000723207068
0.129,0.028372727,0.27824646,0.717553651,6.09438929,44.4402925,4.44478156,0.0294756161,-0.0481632888,-0.00126253724,-0.00187457327,0.015737722,0.31436177,0.666699855,3.63205992,7.1254782,-2.90214924,0.0428437223,-0.09637736,-0.0113547452,0.000788761739
0.13,0.0271462678,0.26372818,0.678223043,6.08240258,45.8570643,4.82886384,0.0216493386,-0.0466559586,-0.000580172413,-0.00226131419,0.0115902155,0.299944481,0.665032492,3.94144232,10.5527261,-2.73873022,0.0473506353,-0.107365949,-0.0120613265,0.000831573502
0.131,0.0261495517,0.250105987,0.63902545,6.04479472,46.9400568,5.20778249,0.0124545781,-0.043988404,0.00018216591,-0.00271168739,0.00769814702,0.283908792,0.657699205,4.2390512,14.1972966,-2.53341247,0.050376728,-0.119018513,-0.012697294,0.000839774655
0.132,0.0253366891,0.237508929,0.600706548,5.9831389,47.6508834,5.5755819,0.00212655374,-0.0399889689,0.00100791787,-0.00322791522,0.00409832052,0.266477544,0.644912603,4.52087193,18.0072501,-2.28638047,0.0515285032,-0.131216127,-0.0132475322,0.000799481466
0.133,0.0246588454,0.226027638,0.563957774,5.89965277,47.9611157,5.92628709,-0.00899543696,-0.0344976787,0.00187615844,-0.00380966468,0.000816612263,0.247894882,0.627031941,4.78320443,21.9221007,-1.99893747,0.0504474469,-0.143802024,-0.0137011894,0.000695077716
0.134,0.0240667741,0.215711467,0.529385185,5.79711658,47.8543515,6.25415016,-0.0204738716,-0.0273750563,0.00276276316,-0.00445345161,-0.00213231607,0.228418001,0.604548737,5.02280056,25.875148,-1.67350967,0.0468386193,-0.156582554,-0.0140531151,0.000509690446
0.135,0.0235133042,0.206567666,0.497482655,5.6787581,47.3276299,6.55389572,-0.0317871703,-0.0185109437,0.00364204085,-0.00515214087,-0.00474465948,0.208308366,0.578064562,5.23697654,29.7963507,-1.31358602,0.0404981367,-0.169330449,-0.0143049523,0.000225855309
0.136,0.0229556009,0.198562683,0.46861163,5.54811282,46.3920398,6.82094549,-0.0423519627,-0.00783265496,0.00448873215,-0.00589460362,-0.00702650558,0.18782298,0.548262482,5.42369295,33.6155373,-0.923596371,0.0313368359,-0.181790404,-0.0144657266,-0.000173652771
0.137,0.0223570353,0.191625497,0.442989075,5.40886998,45.0724407,7.05160444,-0.0515522778,0.0046882052,0.00528021257,-0.00666558404,-0.00899235972,0.167206267,0.515874246,5.5815968,37.2657036,-0.50873626,0.0193975764,-0.193686807,-0.0145518136,-0.000704867347
0.138,0.0216885386,0.185652726,0.420684572,5.264716,43.4063009,7.24319511,-0.058773631,0.0190308608,0.00599869702,-0.0074458157,-0.0106632988,0.14668308,0.481645763,5.71002362,40.68613,-0.0747518145,0.00486409638,-0.204733213,-0.0145862193,-0.00138161692
0.139,0.020929368,0.18051512,0.401626625,5.11918675,41.4417461,7.39413129,-0.0634393216,0.0351228832,0.00663322254,-0.00821240527,-0.0120649223,0.126453239,0.446303556,5.80896152,43.8250639,0.372298269,-0.0119399063,-0.214642991,-0.0145971874,-0.00221452274
0.14,0.020067264,0.176064935,0.38561743,4.97553854,39.2349889,7.50392843,-0.065045946,0.0528403741,0.0071811947,-0.00893948099,-0.0132252769,0.106687871,0.410524751,5.87898253,46.6417639,0.826285111,-0.0305617605,-0.223140464,-0.0146162203,-0.00321008618
0.141,0.0190980375,0.172143688,0.372354697,4.83664713,36.8473666,7.57315083,-0.0631953422,0.0720108345,0.00764932186,-0.00959907389,-0.0141729213,0.0875276632,0.374912756,5.92115016,49.1077701,1.28123462,-0.0504404056,-0.229971764,-0.0146756846,-0.00436994102
0.142,0.0180247014,0.168589812,0.361458396,4.70494889,34.342256,7.6033121,-0.0576196132,0.0924186519,0.00805378504,-0.0101621844,-0.0149352816,0.0690830143,0.339980044,5.93690864,51.2073561,1.73151156,-0.0709355152,-0.234914752,-0.0148062011,-0.00569033246
0.143,0.0168563134,0.165245327,0.352498142,4.58240353,31.7820902,7.59674815,-0.0481945402,0.113812539,0.00841942027,-0.0105999664,-0.0155373897,0.0514355966,0.306138497,5.92796433,52.9370776,2.17199785,-0.0913613518,-0.237787543,-0.0150340459,-0.00716185052
0.144,0.015606619,0.161961263,0.345019852,4.47047444,29.2256946,7.55643934,-0.0349434284,0.135914446,0.00877818834,-0.010884939,-0.016001023,0.0346410492,0.27369728,5.89618738,54.3045869,2.59823701,-0.111022587,-0.238454862,-0.0153788927,-0.00876945525
0.145,0.0142926565,0.158602184,0.33857108,4.37014555,26.7261961,7.48583582,-0.0180326929,0.158429849,0.00916714811,-0.0109921922,-0.0163442688,0.0187328013,0.242867929,5.84351635,55.3269584,3.00649717,-0.129249519,-0.236831777,-0.015852078,-0.0104928394
0.146,0.0129334203,0.155049559,0.332722768,4.28196259,24.3295492,7.38869355,0.00224147724,0.181058535,0.00962608388,-0.0109004824,-0.0165814759,0.00372646156,0.213774749,5.77187026,56.0286783,3.39378369,-0.14542997,-0.2328848,-0.0164554966,-0.0123070935
0.147,0.0115486567,0.151203758,0.327086018,4.20608195,22.0736601,7.26891508,0.0254737642,0.203504893,0.0101949756,-0.0105931168,-0.0167235215,-0.0103757304,0.186468836,5.68308181,56.4394662,3.75782422,-0.15903568,-0.226630531,-0.0171812003,-0.014183593
0.148,0.0101578561,0.146984893,0.321323814,4.14232648,19.9880977,7.13041146,0.0511750436,0.225487217,0.0109115294,-0.0100585866,-0.0167783179,-0.023580645,0.160944343,5.57885102,56.5921316,4.09702299,-0.169641755,-0.218132161,-0.0180117007,-0.0160910447
0.149,0.00877947056,0.142332666,0.315157862,4.09024329,18.0943084,6.97698913,0.078800157,0.246745577,0.0118089693,-0.00929092576,-0.0167514724,-0.0359004495,0.137155322,5.46071695,56.5206149,4.4103931,-0.176938423,-0.207494267,-0.018920915,-0.0179966176
0.15,0.00743034684,0.137205472,0.308371164,4.04915919,16.4062287,6.81226286,0.107775723,0.267047996,0.0129142528,-0.00828979254,-0.0166470165,-0.0473494102,0.115031818,5.33004536,56.2583216,4.69747571,-0.180735008,-0.194856391,-0.0198756388,-0.0198670878
0.151,0.00612534509,0.131579008,0.300807343,4.01823345,14.931167,6.63958863,0.137525699,0.286194684,0.0142468265,-0.00706028746,-0.0164681332,-0.0579414052,0.0944941277,5.18803171,55.8368158,4.95824928,-0.180956739,-0.180385865,-0.0208373955,-0.0216699249
0.152,0.00487712891,0.125444559,0.292367416,3.99650909,13.670841,6.46201114,0.167493876,0.304020395,0.0158179087,-0.0056125487,-0.0162178154,-0.0676882095,0.0754641084,5.03571893,55.2848822,5.19302869,-0.177636255,-0.164270436,-0.021764506,-0.0233742627
0.153,0.00369620829,0.118807037,0.283002944,3.98294633,12.6225178,6.28225613,0.197164622,0.320395525,0.0176300654,-0.00396121532,-0.0158993833,-0.0765983913,0.057873381,4.87400516,54.6278897,5.40239742,-0.170899701,-0.146711288,-0.0226142709,-0.0249517496
0.154,0.00259107927,0.111683096,0.27270823,3.97644835,11.7801231,6.10273327,0.226078496,0.335225762,0.0196773766,-0.00212474855,-0.0155168619,-0.0846768303,0.0416684883,4.70366036,53.8874707,5.58714112,-0.160949322,-0.12791634,-0.0233450454,-0.0263772324
0.155,0.00156838786,0.104099455,0.261512973,3.97588161,11.1352295,5.92554504,0.253842044,0.348450462,0.0219461465,-0.000124660282,-0.0150752227,-0.0919247491,0.0268132441,4.52534693,53.0814654,5.74818695,-0.148044956,-0.108094202,-0.0239180501,-0.0276292506
0.156,0.000633088163,0.0960914533,0.24947578,3.98009102,10.6778873,5.75250199,0.280132416,0.360040109,0.0244159958,0.00201529663,-0.0145805026,-0.0983401297,0.013288817,4.33964024,52.2240552,5.88655266,-0.132485819,-0.0874490293,-0.0242988272,-0.0286903425
0.157,-0.000211425121,0.0877018536,0.236678717,3.98791079,10.3972859,5.58514197,0.304697685,0.369993167,0.0270611837,0.00426992654,-0.0140398165,-0.103918402,0.00109210597,4.14704853,51.3260208,6.00330438,-0.114593648,-0.0661763231,-0.0244582991,-0.0295471731
0.158,-0.000963218369,0.078979894,0.223222992,3.99817248,10.2822523,5.42475417,0.327354127,0.378332686,0.0298520316,0.00661334286,-0.0134612862,-0.108653335,-0.00976704604,3.94803265,50.3950736,6.09952265,-0.094697982,-0.0444597063,-0.0243734386,-0.0301905122
0.159,-0.00162175505,0.0699805837,0.209225782,4.00971699,10.3216073,5.27240634,0.347981366,0.385103073,0.0327563603,0.00901965464,-0.012853909,-0.11253812,-0.0192696074,3.74302397,49.4362481,6.17628258,-0.0731233202,-0.0224685588,-0.0240275931,-0.0306151038
0.16,-0.00218786353,0.060763962,0.19481756,4.02139626,10.504369,5.12895503,0.366515745,0.390366225,0.0357407598,0.0114635526,-0.0122273362,-0.115566349,-0.0273919964,3.53243386,48.4521971,6.23463431,-0.0501787234,-0.00035641408,-0.0234104217,-0.0308193701
0.161,-0.00266371701,0.0513944626,0.180139846,4.03206641,10.8198411,4.99506051,0.382943292,0.394197758,0.0387716605,0.0139207649,-0.0115916111,-0.117732964,-0.0341105728,3.31666676,47.4434458,6.27557999,-0.026150905,0.0217398193,-0.0225175599,-0.0308050357
0.162,-0.00305282391,0.0419405208,0.165343698,4.0405909,11.2576437,4.87121596,0.397293152,0.396684455,0.0418163078,0.0163684225,-0.0109569157,-0.119035368,-0.0394057795,3.09613584,46.4087069,6.30006873,-0.00129927881,0.043700151,-0.021350152,-0.0305767837
0.163,-0.00336007156,0.0324741771,0.150589086,4.04584976,11.8076689,4.75776127,0.409630168,0.397921669,0.044843611,0.0187853419,-0.0103332993,-0.119474536,-0.0432664052,2.87127918,45.3451402,6.30898327,0.0241472075,0.0654213982,-0.0199141986,-0.0301418557
0.164,-0.00359175693,0.0230706094,0.136044039,4.04674529,12.4599764,4.65489518,0.420048429,0.398011017,0.0478247414,0.0211522063,-0.00973038499,-0.119056054,-0.0456938197,2.64257178,44.2485599,6.30313154,0.0499912831,0.0868166572,-0.0182198228,-0.0295096366
0.165,-0.00375557807,0.0138075705,0.121883231,4.04220686,13.204645,4.56268769,0.428666275,0.397058544,0.0507335007,0.023451655,-0.00915705533,-0.117791131,-0.0467060317,2.41053638,43.1136141,6.2832423,0.0760673001,0.107814497,-0.0162805169,-0.0286912501
0.166,-0.00386057298,0.00476470523,0.108285845,4.03119636,14.0315873,4.48109103,0.435622656,0.395173312,0.053546496,0.0256682974,-0.00862112517,-0.115697568,-0.0463415662,2.17575357,41.9339502,6.24996272,0.102240161,0.128357947,-0.0141123961,-0.027699171
0.167,-0.00391699125,-0.00397728025,0.0954325682,4.01271453,14.9303309,4.40994873,0.441074789,0.39246638,0.0562431607,0.0277886608,-0.00812900831,-0.112800674,-0.0446630692,1.9388712,40.7023801,6.20385762,0.128403313,0.148403311,-0.0117334715,-0.0265468568
0.168,-0.00393608598,-0.0123376268,0.0835015741,3.98580837,15.8897713,4.34900286,0.445196939,0.389050153,0.058805664,0.0298010855,-0.0076853928,-0.109134108,-0.041760444,1.70061315,39.4110622,6.14541024,0.154475805,0.167918824,-0.00916294696,-0.0252484017
0.169,-0.00392981717,-0.020236725,0.0726634373,3.94957999,16.8979025,4.29789931,0.448180122,0.385038044,0.061218747,0.0316955804,-0.00729294327,-0.104740607,-0.0377532605,1.46178729,38.05172,6.07502423,0.180398352,0.186883152,-0.00642053852,-0.0238182058
0.17,-0.00391046202,-0.0275975279,0.0630749742,3.90319704,17.9415379,4.25619092,0.450232427,0.380544411,0.0634695298,0.0334636547,-0.00695205571,-0.0996725476,-0.0327921114,1.22329271,36.615915,5.99302705,0.206128294,0.205283697,-0.00352581256,-0.0222706573
0.171,-0.00389013507,-0.0343471645,0.0548721518,3.84590451,19.0060413,4.22333937,0.451579634,0.375684713,0.0655473347,0.0350981428,-0.00666069402,-0.0939922822,-0.0270585541,0.986125668,35.0953947,5.89967635,0.231633354,0.223114726,-0.000497540443,-0.0206198199
0.172,-0.00388024126,-0.0404187162,0.0481625078,3.77703808,20.075099,4.19871513,0.452465323,0.370575794,0.0674435905,0.0365930474,-0.00641433875,-0.0877721846,-0.0207632481,0.751383077,33.4825257,5.79517142,0.256884485,0.240375324,0.00264692956,-0.0188791237
0.173,-0.00389092257,-0.0457531322,0.0430178814,3.69604534,21.1305665,4.18158797,0.453148756,0.365335721,0.0691518439,0.0379433962,-0.00620606655,-0.0810943329,-0.0141420779,0.520265329,31.7707995,5.67965843,0.28184783,0.257066938,0.00589225459,-0.0170610428
0.174,-0.00393049362,-0.0503011283,0.039467535,3.60249841,22.1523763,4.17111095,0.453900788,0.360082869,0.0706677579,0.0391450713,-0.0060267762,-0.0740496764,-0.00744991332,0.294080624,29.9553701,5.55322884,0.306474654,0.27319011,0.00922555406,-0.0151767664
0.175,-0.00400492459,-0.0540252049,0.0374925606,3.49612542,23.1186741,4.16632475,0.455000284,0.354936284,0.071989496,0.0401948366,-0.00586559192,-0.0667370485,-0.000952019484,0.0742470122,28.03378,5.41593613,0.330691435,0.288741985,0.0126367476,-0.0132359683
0.176,-0.00411740349,-0.0569016232,0.0370219713,3.37685266,24.0061907,4.16616411,0.45672872,0.350015991,0.0731183434,0.0410905286,-0.00571041872,-0.0592616794,0.00508600684,-0.137726447,26.0067401,5.26783428,0.354392687,0.303714466,0.0161188115,-0.0112465945
0.177,-0.00426801119,-0.058921928,0.037930855,3.24482619,24.7907266,4.16944549,0.45935998,0.345440915,0.0740590995,0.0418311622,-0.00554861845,-0.051732886,0.0104098421,-0.340264171,23.8787494,5.10900286,0.377434247,0.318091203,0.0196677884,-0.00921461538
0.178,-0.00445358325,-0.0600940744,0.0400416765,3.10043251,25.4478526,4.17486376,0.463148283,0.341326288,0.0748205448,0.0424171161,-0.00536779225,-0.0442613892,0.0147893481,-0.531747977,21.6586481,4.93957191,0.399627845,0.331844722,0.0232825048,-0.00714387586
0.179,-0.00466779329,-0.060443064,0.0431292195,2.94432267,25.953846,4.18099908,0.468314844,0.337780815,0.0754159868,0.0428504301,-0.00515661312,-0.0369563455,0.0180314517,-0.710550723,19.3600417,4.75975598,0.420739097,0.344934348,0.0269640127,-0.00503607095
0.18,-0.00490147043,-0.0600109239,0.046929097,2.77743155,26.2868047,4.18633104,0.475033386,0.33490321,0.0758637164,0.0431351509,-0.00490563765,-0.0299221418,0.0199918684,-0.875080738,17.0014822,4.56989194,0.4404896,0.357304847,0.030714739,-0.00289085095
0.181,-0.00514314718,-0.0588559501,0.05114958,2.60098879,26.4278727,4.18926228,0.483415717,0.332778248,0.0761872773,0.0432776917,-0.00460802451,-0.0232551149,0.0205846673,-1.02383509,14.6063423,4.37047637,0.458563523,0.368886034,0.0345373579,-0.000706076959
0.182,-0.00537980533,-0.057051182,0.0554860863,2.41651799,26.3624836,4.18815266,0.493498885,0.33147259,0.0764154455,0.0432871575,-0.00426009016,-0.0170403903,0.0197886642,-1.15545959,12.2023355,4.16219885,0.474618621,0.379593468,0.03843344,0.00152176434
0.183,-0.0055977557,-0.0546821114,0.0596371405,2.22581818,26.0815155,4.18136676,0.505235569,0.331030791,0.0765818435,0.0431755982,-0.003861653,-0.0113490562,0.0176498646,-1.26881231,9.82067906,3.94597264,0.488301533,0.389330529,0.0424019995,0.00379699765
0.184,-0.00578359604,-0.0518437268,0.0633208975,2.03093026,25.5822409,4.16732972,0.518488655,0.331471754,0.0767241444,0.0429581322,-0.00341611509,-0.00623586779,0.0142795032,-1.36302648,7.49490497,3.72295361,0.499266527,0.397991749,0.0464380298,0.00612406749
0.185,-0.00592516552,-0.0486370352,0.0662908601,1.83408668,24.86896,4.14458933,0.533031092,0.332785983,0.0768828548,0.0426528979,-0.00293026243,-0.00173767053,0.00984748354,-1.43756811,5.25937697,3.49454466,0.507196353,0.405467293,0.0505311656,0.0085067554
0.186,-0.00601240746,-0.0451652653,0.0683493614,1.63764476,23.9532235,4.11188116,0.548551749,0.334934022,0.077099706,0.0422808021,-0.00241379555,0.00212731903,0.00457157768,-1.49228312,3.14761344,3.26238343,0.511823523,0.411648384,0.0546646197,0.0109473605
0.187,-0.00603805821,-0.0415299853,0.0693575443,1.44400574,22.8535816,4.06819079,0.564667233,0.337846282,0.0774157169,0.0418650413,-0.0018786298,0.00535930821,-0.00129678865,-1.5274289,1.19054784,3.02831195,0.512950102,0.416433274,0.0588145268,0.0134459085
0.188,-0.00599809694,-0.0378273871,0.0692409509,1.25552511,21.5948401,4.01280499,0.580938767,0.341424279,0.0778690286,0.0414303869,-0.00133803048,0.00797580532,-0.00748888445,-1.543684,-0.585122975,2.79432574,0.510463542,0.419733074,0.0629497579,0.0159994487
0.189,-0.00589193569,-0.0341450869,0.067990551,1.07442453,20.2069102,3.94535888,0.596894753,0.34554422,0.0784928545,0.0410023594,-0.00080567117,0.0100096683,-0.0137355825,-1.54213445,-2.15835755,2.5625097,0.504348199,0.421477785,0.0670323791,0.0186015231
0.19,-0.00572232393,-0.0305595125,0.0656588929,0.90270342,18.7232934,3.86586444,0.612055869,0.35006192,0.0793135725,0.0406062827,-0.000294697692,0.0115064723,-0.0197839074,-1.52424203,-3.51482032,2.33497024,0.494691527,0.421621937,0.071018792,0.0212419033
0.191,-0.0054949831,-0.0271340147,0.062351786,0.742060105,17.1793043,3.77471067,0.625959743,0.354818459,0.0803490253,0.0402661999,0.000183118269,0.0125214041,-0.0254113135,-1.49178726,-4.6474769,2.11375114,0.481682167,0.420148094,0.0748612724,0.0239065539
0.192,-0.00521803445,-0.02391787,0.0582168358,0.593832361,15.6102299,3.67264144,0.638184287,0.359646743,0.0816073327,0.0400038194,0.000618054025,0.0131159316,-0.0304365268,-1.44679263,-5.5566766,1.90074851,0.465600912,0.417068736,0.0785099049,0.0265778632
0.193,-0.00490128825,-0.0209461515,0.0534297751,0.458957446,14.0495973,3.56071811,0.648368071,0.364378653,0.0830863532,0.0398375956,0.00100287482,0.0133544797,-0.0347261676,-1.3914318,-6.24972156,1.69763999,0.446806446,0.412426879,0.0819148658,0.029235161
0.194,-0.0045554764,-0.0182403718,0.0481803681,0.33795852,12.5276708,3.44026299,0.656225665,0.368851958,0.0847737817,0.03978198,0.00133303885,0.0133013685,-0.0381971359,-1.32793514,-6.74000672,1.50582645,0.425716753,0.40629489,0.0850287538,0.0318554576
0.195,-0.0041915037,-0.0158097655,0.0426590501,0.230955841,11.0702841,3.31278926,0.66155706,0.37291651,0.0866478656,0.0398468995,0.00160667697,0.0130181741,-0.0408151093,-1.25849836,-7.04583352,1.32639049,0.402787868,0.398771679,0.0878087745,0.0344143409
0.196,-0.0038197824,-0.0136530436,0.0370453274,0.137699798,9.69807308,3.17992438,0.664250964,0.37643941,0.0886786689,0.0400374955,0.00182437507,0.0125616392,-0.0425897151,-1.1851999,-7.18902079,1.16007505,0.37849191,0.389978614,0.090218623,0.0368869603
0.197,-0.00344969769,-0.0117604278,0.0314987049,0.0576217069,8.4261336,3.04333309,0.664282321,0.379308861,0.0908297602,0.0403541316,0.00198880538,0.0119821971,-0.0435672362,-1.10993269,-7.19344661,1.00728237,0.353296151,0.380054537,0.0922299347,0.0392490219
0.198,-0.00308923171,-0.0101157806,0.0261525464,-0.0101030742,7.26407959,2.90464585,0.661704902,0.381436579,0.0930601699,0.0407926522,0.00210426159,0.0113231109,-0.043821843,-1.03435387,-7.08364738,0.868091764,0.327644601,0.369150283,0.093823222,0.0414777216
0.199,-0.00274475306,-0.00869866243,0.021110928,-0.0664854515,6.21644319,2.76539722,0.656640128,0.382758777,0.0953264562,0.0413448565,0.00217615461,0.0106201778,-0.0434463549,-0.959853976,-6.88357938,0.742292944,0.301943149,0.357423111,0.0949882627,0.0435525536
0.2,-0.00242096281,-0.00748619981,0.016448224,-0.112652214,5.28333732,2.62697987,0.649264132,0.383236201,0.0975848191,0.041999178,0.00221052204,0.00990191673,-0.0425434792,-0.88754631,-6.61562377,0.629431186,0.276549045,0.345031744,0.095724049,0.0454559914
0.201,-0.00212097112,-0.00645467514,0.0122107444,-0.149783455,4.46128536,2.49062036,0.63979531,0.382853862,0.0997932378,0.0427415571,0.00221359219,0.00919012454,-0.041218167,-0.818274789,-6.29988215,0.528860048,0.251765468,0.332132707,0.0960385222,0.0471740909
0.202,-0.00184645607,-0.00558072979,0.00841990964,-0.17905879,3.74407943,2.35735206,0.628477823,0.381617363,0.101912669,0.0435560798,0.00219141246,0.00850060409,-0.0395710934,-0.752629259,-5.95371069,0.439791818,0.227838331,0.31887515,0.0959473097,0.0486965955
0.203,-0.0015978866,-0.00484224945,0.00507676264,-0.201609137,3.12362756,2.22799831,0.615565728,0.379548417,0.103907815,0.0444255734,0.00214957912,0.00784405751,-0.0376941134,-0.690973291,-5.59151679,0.361345907,0.20495609,0.305396391,0.0954720563,0.0500167642
0.204,-0.00137478366,-0.00421898901,0.00216672589,-0.21848271,2.59075245,2.10318615,0.601313485,0.376682751,0.105748203,0.0453324362,0.00209307203,0.00722707373,-0.0356676912,-0.633483079,-5.224813,0.292596858,0.183254273,0.291820822,0.0946393154,0.0511313626
0.205,-0.00117597491,-0.00369290357,-0.000335930059,-0.230625228,2.13585737,1.98336476,0.585967672,0.373067271,0.107408732,0.0462593031,0.00202616611,0.0066530475,-0.0335596092,-0.580185991,-4.86242184,0.232613457,0.162821491,0.278259046,0.0934792869,0.0520404595
0.206,-0.000999827227,-0.00324825414,-0.00246401538,-0.23886997,1.74944684,1.86882643,0.569760406,0.368757022,0.108869809,0.0471895631,0.00195241036,0.00612299957,-0.0314248081,-0.530996798,-4.51078469,0.180488765,0.143706122,0.264807424,0.0920245125,0.0527470816
0.207,-0.000844444855,-0.00287155215,-0.00425399266,-0.243936169,1.42250274,1.75973013,0.552904928,0.363812419,0.110117217,0.0481077591,0.00187465895,0.00563627388,-0.0293061303,-0.485750518,-4.17432814,0.135361886,0.125923287,0.251548216,0.0903086894,0.053256804
0.208,-0.000707827157,-0.00255139877,-0.00574330344,-0.246433863,1.14672716,1.65612562,0.535593115,0.358296848,0.11114178,0.048999873,0.00179513708,0.00519110198,-0.027235634,-0.444230483,-3.85584421,0.096432162,0.109461631,0.23855019,0.0883656488,0.053577315
0.209,-0.000587985492,-0.00227826412,-0.00696843663,-0.246873059,0.914672455,1.55797631,0.517994545,0.35227467,0.111938884,0.0498535036,0.00171552572,0.00478503959,-0.0252361975,-0.406190996,-3.55685184,0.0629669253,0.0942895566,0.225869555,0.0862285221,0.0537179794
0.21,-0.000483023067,-0.00204424265,-0.00796365684,-0.245675251,0.719783523,1.4651799,0.500256744,0.345809619,0.112507918,0.0506579534,0.00163705276,0.00441528894,-0.0233231886,-0.371374587,-3.27791864,0.0343041526,0.0803606672,0.213551101,0.0839290944,0.053689424
0.211,-0.000391183766,-0.00184280935,-0.00876027304,-0.24318575,0.556377579,1.37758608,0.482506267,0.338963593,0.112851674,0.0514042405,0.00156058123,0.00407892538,-0.0215060459,-0.339524351,-3.0189322,0.00985141861,0.0676183469,0.201629426,0.0814973379,0.0535031592
0.212,-0.00031087681,-0.00166859364,-0.00938631757,-0.239685716,0.419583544,1.2950114,0.464850377,0.331795834,0.112975788,0.0520850627,0.00148668917,0.00377304868,-0.0197896808,-0.310392183,-2.77931862,-0.0109177247,0.0559994587,0.19013021,0.0789611101,0.0531712527
0.213,-0.000240683233,-0.00151718016,-0.00986652839,-0.235403475,0.30525891,1.21725155,0.447379172,0.324362531,0.112888252,0.052694748,0.00141573891,0.00349487865,-0.0181756792,-0.283743916,-2.55821134,-0.0284692473,0.0454371818,0.179071461,0.0763460057,0.05270607
0.214,-0.000179351585,-0.00138493873,-0.01022255,-0.230524767,0.20990109,1.14408948,0.430167187,0.316716133,0.1125988,0.0532290879,0.00134793174,0.00324180115,-0.0166632196,-0.2593614,-2.35457084,-0.043212847,0.035863573,0.168464719,0.0736752948,0.0521200286
0.215,-0.000125786668,-0.00126887586,-0.0104731283,-0.225199863,0.130555721,1.07530095,0.413274853,0.308904887,0.112118368,0.0536851636,0.00128335254,0.00301139688,-0.0152498102,-0.237043708,-2.16727184,-0.0555088919,0.0272108762,0.158315735,0.0709698056,0.0514253297
0.216,-7.90340266e-05,-0.00116651726,-0.0106344283,-0.219550414,0.064733324,1.01066008,0.39675052,0.300972957,0.111458756,0.0540612308,0.00122200419,0.00280145149,-0.0139318694,-0.216607242,-1.99516544,-0.0656740575,0.0194126902,0.148625481,0.0682480257,0.0506338307
0.217,-3.82637668e-05,-0.00107581302,-0.0107203618,-0.213675159,0.0103363849,0.949943375,0.380632224,0.29296054,0.110632333,0.0543565922,0.0011638332,0.00260995328,-0.0127051315,-0.197884878,-1.83711913,-0.0739862525,0.0124048674,0.139391056,0.0655262469,0.0497569505
0.218,-2.75499547e-06,-0.000995060011,-0.0107428795,-0.207654283,-0.0344036481,0.892932338,0.36494916,0.284903988,0.109651758,0.0545714594,0.00110874851,0.0024350839,-0.0115649365,-0.180724805,-1.69204154,-0.0806892718,0.00612606218,0.130606399,0.0628186998,0.0488055852
0.219,2.81186317e-05,-0.000922839038,-0.010712236,-0.201552867,-0.0709797518,0.839415188,0.349722968,0.27683596,0.10852976,0.0547068239,0.00105663513,0.00227520515,-0.0105064412,-0.164989279,-1.55889701,-0.0859969437,0.000518064716,0.122262896,0.0601377031,0.0477900482
0.22,5.49018189e-05,-0.000857964177,-0.0106372252,-0.195423628,-0.100654031,0.789188045,0.334968874,0.26878562,0.107278957,0.0547643354,0.00100736397,0.00212884433,-0.00952476674,-0.150553373,-1.43671322,-0.0900967926,-0.00447401967,0.114349913,0.0574938181,0.0467200325
0.221,7.80689335e-05,-0.000799441741,-0.0105253844,-0.189309101,-0.124494887,0.742055701,0.320696678,0.260778855,0.105911716,0.0547461928,0.000960798789,0.0019946795,-0.00861510022,-0.137303761,-1.32458435,-0.0931532574,-0.00890170266,0.106855244,0.0548960053,0.0456045901
0.222,9.80337432e-05,-0.000746437363,-0.0103831727,-0.18324344,-0.143407927,0.697832143,0.306911653,0.252838518,0.10444005,0.0546550468,0.000916801058,0.00187152514,-0.00777276077,-0.125137535,-1.22167143,-0.095310512,-0.012813122,0.0997655018,0.0523517791,0.0444521277
0.223,0.000115158069,-0.000698248558,-0.0102161302,-0.177254054,-0.158161867,0.656340617,0.293615232,0.244984608,0.102875517,0.0544939003,0.000875233235,0.00175831867,-0.00699323627,-0.113961143,-1.12720028,-0.0966949879,-0.0162530764,0.0930664389,0.0498673549,0.0432704065
0.224,0.00012975871,-0.000654278259,-0.010028959,-0.171362129,-0.169409078,0.617410974,0.280804445,0.23723347,0.101228726,0.0542657937,0.000835957399,0.00165410155,-0.00627218095,-0.103689065,-1.04045405,-0.097417032,-0.0192630258,0.0867428634,0.0474475879,0.0420663774
0.225,0.000142113302,-0.000614014555,-0.00982560326,-0.165582908,-0.17770301,0.58087922,0.268472257,0.22959784,0.0995091866,0.053973668,0.000798836896,0.00155800847,-0.00560548684,-0.0942434834,-0.960769421,-0.0975725621,-0.0218812824,0.0807788065,0.0450960445,0.0408461522
0.226,0.000152466548,-0.000577023891,-0.00960945999,-0.159928129,-0.183514737,0.546593431,0.256610819,0.222089388,0.0977262828,0.0536208312,0.000763745622,0.00146927278,-0.00498936394,-0.0855546231,-0.887542991,-0.0972457157,-0.0241433605,0.0751585658,0.0428155855,0.0396154391
0.227,0.000161035214,-0.000542940614,-0.00938350116,-0.154407526,-0.187245823,0.514414007,0.245212186,0.214719193,0.0958894017,0.0532109981,0.000730568457,0.00138721687,-0.00442027632,-0.0775595556,-0.820227936,-0.0965105555,-0.0260820747,0.0698669583,0.0406085563,0.0383796388
0.228,0.000168011449,-0.000511452068,-0.00915027599,-0.149028457,-0.18923835,0.484209817,0.234267103,0.207496617,0.0940073825,0.0527479549,0.000699196661,0.0013112342,-0.0038948898,-0.0702008772,-0.758324662,-0.0954319503,-0.027727637,0.064888934,0.0384766155,0.0371436396
0.229,0.000173566039,-0.000482289575,-0.00891195919,-0.143796086,-0.189783883,0.455857506,0.22376516,0.200429379,0.0920884788,0.052235498,0.00066952756,0.00124078017,-0.0034100824,-0.0634262164,-0.701376555,-0.0940665988,-0.0291078575,0.0602096264,0.0364207914,0.0359118256
0.23,0.000177851155,-0.000455221706,-0.00867040474,-0.138713758,-0.189130947,0.429241138,0.213695047,0.193523713,0.0901403667,0.0516774001,0.000641464339,0.001175365,-0.00296293889,-0.0571877716,-0.648966287,-0.0924639972,-0.0302483023,0.055814437,0.0344415636,0.0346881071
0.231,0.000181002778,-0.000430048333,-0.00842719177,-0.133783371,-0.187491334,0.404251771,0.204044747,0.186784509,0.0881701532,0.0510773786,0.000614915805,0.00111454785,-0.00255074271,-0.0514419142,-0.600712286,-0.0906672859,-0.0311724423,0.0516890997,0.0325389343,0.0334759491
0.232,0.000183142808,-0.000406595451,-0.00818366426,-0.129005651,-0.185045437,0.380786942,0.194801673,0.180215408,0.086184379,0.0504390645,0.000589796203,0.00105793204,-0.00217096816,-0.0461488922,-0.556265443,-0.088713992,-0.0319017973,0.047819723,0.0307124892,0.0322783978
0.233,0.0001843805,-0.000384711259,-0.00794095768,-0.124380274,-0.181946616,0.358750526,0.185952885,0.173818984,0.0841890563,0.0497659915,0.000566024975,0.00100516095,-0.00182126362,-0.0412723883,-0.515306834,-0.0866367016,-0.0324560765,0.0441928464,0.0289614644,0.0310981158
0.234,0.000184813859,-0.0003642626,-0.00770002512,-0.119906017,-0.178325038,0.338052478,0.177485256,0.167596876,0.0821896999,0.0490615852,0.000543526518,0.000955913634,-0.00149944466,-0.0367791862,-0.477545441,-0.0844636621,-0.0328533183,0.0407954748,0.0272848017,0.0299374148
0.235,0.000184531104,-0.000345132407,-0.00746167208,-0.115581139,-0.174291112,0.318608825,0.169385749,0.161550047,0.0801914243,0.0483291935,0.000522230225,0.000909901181,-0.00120348384,-0.0326388914,-0.442716235,-0.0822192736,-0.0331100076,0.0376151638,0.0256812323,0.0287983166
0.236,0.000183611837,-0.00032721607,-0.00722657216,-0.111403479,-0.169938959,0.300341142,0.161641453,0.155678857,0.0781989615,0.0475720791,0.00050207016,0.000866863909,-0.000931497805,-0.0288237797,-0.410577699,-0.0799248168,-0.0332412707,0.0346399565,0.0241492894,0.0276825618
0.237,0.000182127592,-0.000310419223,-0.00699527347,-0.107370318,-0.165348501,0.283175606,0.154239327,0.149982841,0.0762165331,0.0467933205,0.000482983722,0.000826566714,-0.000681733263,-0.0253084544,-0.380908824,-0.0775987055,-0.0332609268,0.0318583165,0.0226872941,0.0265915791
0.238,0.000180142541,-0.000294657238,-0.00676821752,-0.103478503,-0.160586922,0.267042853,0.147166325,0.144460807,0.0742478744,0.0459958016,0.000464911388,0.000788795937,-0.000452559174,-0.0220695316,-0.3535074,-0.0752565677,-0.0331815093,0.0292592051,0.0212934185,0.0255265263
0.239,0.000177714446,-0.000279853631,-0.00654575625,-0.0997245924,-0.155710729,0.251877978,0.140409597,0.139111064,0.0722963382,0.045182258,0.000447797172,0.000753358052,-0.000242465098,-0.0190855782,-0.328188768,-0.07291175,-0.0330144319,0.0268320864,0.0199657274,0.0244883348
0.24,0.00017489531,-0.000265939087,-0.00632816634,-0.0961049609,-0.150767356,0.237620269,0.133956545,0.133931502,0.0703649231,0.044355278,0.000431588403,0.000720077458,-5.00517598e-05,-0.0163369426,-0.30478427,-0.0705756172,-0.0327700799,0.0245669219,0.018702206,0.023477732
0.241,0.000171731941,-0.000252850535,-0.00611566029,-0.0926158652,-0.145796499,0.224212935,0.127794856,0.128919649,0.0684562963,0.0435173033,0.000416235513,0.00068879456,0.000125977433,-0.0138055902,-0.283139783,-0.0682577992,-0.0324578946,0.0224541607,0.0175007815,0.0224952613
0.242,0.000168266458,-0.000240530379,-0.00590839539,-0.0892534929,-0.140831243,0.211602845,0.12191252,0.124072722,0.0665728164,0.0426706296,0.000401691837,0.000659364101,0.00028682414,-0.0114749593,-0.263114393,-0.0659664064,-0.0320864508,0.0204847274,0.0163593425,0.0215413005
0.243,0.000164536719,-0.000228925807,-0.00570648094,-0.0860139959,-0.135899004,0.199740302,0.116297861,0.119387682,0.0647165555,0.0418174094,0.00038791342,0.000631653574,0.000433602141,-0.00932983105,-0.244579204,-0.06370822,-0.0316635288,0.0186500091,0.015275756,0.0206160789
0.244,0.000160576701,-0.000217988271,-0.00550998458,-0.0828934987,-0.131022332,0.18857881,0.110939541,0.114861271,0.0628893194,0.0409596549,0.000374858819,0.000605541589,0.000567340553,-0.00735624634,-0.227416229,-0.0614888491,-0.0311961875,0.0169418372,0.0142478786,0.0197196922
0.245,0.000156417253,-0.000207674168,-0.00531895696,-0.079888282,-0.12621997,0.178075342,0.105826861,0.11049036,0.061092839,0.0400993545,0.000362489998,0.00058091809,0.000688984277,-0.0055414636,-0.21151792,-0.0593130369,-0.0306909314,0.0153525016,0.0132735975,0.0188521658
0.246,0.000152087299,-0.000197946137,-0.0051334698,-0.07699538,-0.121508336,0.168191209,0.100950423,0.106272673,0.0593291798,0.0392387384,0.000350774439,0.000557687541,0.000799424291,-0.0038737197,-0.19678755,-0.0571852181,-0.0301539376,0.0138748277,0.012350929,0.0180135879
0.247,0.000147612383,-0.000188769796,-0.00495355251,-0.0742118592,-0.116900595,0.158889884,0.0963009708,0.102205591,0.0576000875,0.038379846,0.000339680841,0.00053576152,0.000899518991,-0.00234185175,-0.183136146,-0.0551089311,-0.0295907132,0.0125020161,0.011477899,0.0172039215
0.248,0.000143013769,-0.000180111388,-0.00477915242,-0.0715340392,-0.112406208,0.150135465,0.0918685436,0.0982852985,0.0559065076,0.0375241972,0.000329176329,0.00051505287,0.000990061263,-0.000935455727,-0.170480131,-0.05308648,-0.0290059663,0.0112274797,0.0106524243,0.0164228554
0.249,0.000138309939,-0.000171939918,-0.00461018948,-0.0689580659,-0.108032189,0.141894004,0.0876433302,0.0945077075,0.0542490856,0.036673111,0.000319229296,0.000495479437,0.00107177191,0.000354998283,-0.158742333,-0.0511194404,-0.028403898,0.0100449617,0.0098724263,0.0156699676
0.25,0.000133517142,-0.000164227132,-0.00444657043,-0.0664801397,-0.103783644,0.134133745,0.0836158974,0.0908687057,0.0526283093,0.0358277936,0.000309810051,0.000476965326,0.00114531512,0.00153825315,-0.147851902,-0.0492088765,-0.0277882829,0.00894856454,0.00913587386,0.0149447781
0.251,0.000128649606,-0.000156947105,-0.0042881897,-0.0640965217,-0.0996640875,0.126825006,0.0797771947,0.0873641844,0.0510445263,0.0349893458,0.000300890751,0.000459440616,0.00121130573,0.00262235316,-0.137743861,-0.047355426,-0.027162505,0.00793273515,0.00844078959,0.014246759
0.252,0.000123719686,-0.000150076207,-0.00413493057,-0.0618035217,-0.0956757395,0.119940085,0.0761185651,0.0839900698,0.0494979645,0.034158773,0.000292445303,0.000442840774,0.00127031319,0.00361473736,-0.128358685,-0.0455593745,-0.026529597,0.00699224994,0.00778525445,0.0135753445
0.253,0.000118738121,-0.000143592867,-0.0039866697,-0.0595975564,-0.0918197272,0.11345307,0.0726317129,0.0807423172,0.0479887355,0.0333369856,0.000284449248,0.00042710598,0.0013228636,0.00452227281,-0.1196417,-0.0438206993,-0.025892267,0.00612219502,0.00716740797,0.012929935
0.254,0.000113714208,-0.000137477412,-0.00384327894,-0.057475179,-0.0880962534,0.107339701,0.0693086887,0.0776169186,0.0465168431,0.0325248023,0.000276879678,0.000412180912,0.00136944503,0.00535130543,-0.111542606,-0.0421391111,-0.0252529234,0.00531795109,0.00658545063,0.0123099035
0.255,0.000108655786,-0.000131711371,-0.00370461795,-0.0554329893,-0.0845046373,0.101577088,0.0661417681,0.0746097886,0.0450821192,0.0317229033,0.000269714735,0.000398013961,0.00141051099,0.00610768473,-0.104014925,-0.0405140509,-0.0246136623,0.00457516681,0.00603763425,0.0117145809
0.256,0.000103568975,-0.000126277318,-0.00357052477,-0.0534673626,-0.0810430829,0.0961432468,0.0631231967,0.0717164969,0.0436840629,0.0309317132,0.000262932577,0.000384555284,0.00144646986,0.00679674174,-0.0970153108,-0.0389445657,-0.0239762123,0.00388972447,0.00552223629,0.0111432156
0.257,9.84590868e-05,-0.000121160541,-0.00344084648,-0.0515748225,-0.0777091538,0.0910177727,0.0602456532,0.0689327833,0.0423221499,0.0301516123,0.000256512904,0.000371758513,0.00147769119,0.00742340723,-0.0905040853,-0.0374294861,-0.0233420815,0.00325780159,0.00503762158,0.0105950721
0.258,9.33312383e-05,-0.000116348327,-0.00331545289,-0.049752326,-0.0745005065,0.0861821226,0.0575025103,0.0662549019,0.0409960539,0.029383098,0.000250438299,0.000359583062,0.00150452103,0.00799221101,-0.084445259,-0.0359677881,-0.0227127343,0.00267582629,0.00458224681,0.0100694725
0.259,8.8189872e-05,-0.000111829193,-0.00319421798,-0.0479970389,-0.0714145908,0.081619027,0.0548875096,0.0636792681,0.0397054408,0.0286266399,0.0002446928,0.000347991961,0.00152728581,0.0085073611,-0.0788057592,-0.034558412,-0.0220894792,0.00214044995,0.00415463664,0.00956574736
0.26,8.30386938e-05,-0.000107592816,-0.00307701616,-0.0463062477,-0.0684485851,0.0773122929,0.0523946692,0.0612023709,0.0384499203,0.0278826452,0.00023926149,0.000336950965,0.00154628983,0.00897277871,-0.0735550614,-0.0332002103,-0.0214734563,0.00164853066,0.00375337488,0.00908322429
0.261,7.78807603e-05,-0.000103629945,-0.00296372328,-0.0446773593,-0.0655994308,0.0732467261,0.0500182696,0.0588207731,0.0372290505,0.0271514612,0.000234130431,0.00032642825,0.00156181542,0.00939211284,-0.0686649551,-0.0318919601,-0.0208656528,0.00119712078,0.00337710273,0.00862123048
0.262,7.27185814e-05,-9.99321955e-05,-0.00285421758,-0.0431079118,-0.0628638622,0.0694080461,0.047752834,0.0565311059,0.0360423397,0.0264333767,0.000229286614,0.000316394293,0.00157412456,0.00976874294,-0.0641093242,-0.0306323725,-0.0202669145,0.000783455384,0.00302451719,0.00817909421
0.263,6.75541553e-05,-9.64920216e-05,-0.00274837914,-0.0415955406,-0.0602384786,0.065782854,0.0455931316,0.0543300823,0.0348892575,0.0257286296,0.000224717921,0.000306821863,0.00158346096,0.0101058106,-0.0598640327,-0.0294201132,-0.0196779621,0.00040494285,0.00269437089,0.00775614837
0.264,6.23890351e-05,-9.33024091e-05,-0.00264608804,-0.0401379704,-0.0577198078,0.0623585781,0.0435341686,0.0522144967,0.033769238,0.0250374079,0.000220413041,0.00029768595,0.00159005313,0.010406256,-0.0559067976,-0.0282538208,-0.0190993974,5.91578788e-05,0.0023854732,0.00735173305
0.265,5.72241434e-05,-9.03561709e-05,-0.00254721095,-0.0387328416,-0.0553040583,0.0591231375,0.0415709772,0.0501809803,0.032681524,0.0243597338,0.000216360309,0.000288961994,0.00159410773,0.0106727865,-0.0522168109,-0.0271319752,-0.0185316199,-0.000256161739,0.00209668133,0.006965165
0.266,5.20599011e-05,-8.76461601e-05,-0.00245160666,-0.0373776706,-0.0529871351,0.0560648891,0.0396985933,0.0482259928,0.0316251616,0.0236954582,0.000212547557,0.000280625396,0.00159580006,0.0109077858,-0.0487745632,-0.026052909,-0.0179748533,-0.000543134789,0.00182689007,0.00659573417
0.267,4.68969012e-05,-8.51664634e-05,-0.00235915777,-0.0360702511,-0.0507652527,0.053173222,0.0379124996,0.0463463675,0.0305993586,0.0230445274,0.000208964415,0.000272654765,0.00159529171,0.0111134198,-0.0455622652,-0.0250151153,-0.0174293569,-0.000803749361,0.00157505237,0.00624278001
0.268,4.17359087e-05,-8.29119982e-05,-0.00226976618,-0.034808712,-0.0486349769,0.0504385405,0.0362086477,0.0445393426,0.0296035129,0.0224070067,0.000205602428,0.000265032338,0.00159274447,0.0112917651,-0.0425638022,-0.0240172568,-0.0168954213,-0.00103985838,0.00134018871,0.00590570141
0.269,3.65775231e-05,-8.08776841e-05,-0.00218333517,-0.0335912908,-0.0465929506,0.0478518549,0.0345831953,0.0428022582,0.0286370209,0.0217829387,0.000202453764,0.00025774207,0.00158831248,0.011444773,-0.0397643017,-0.0230580233,-0.0163732729,-0.0012531936,0.00112136868,0.00558391293
0.27,3.14221657e-05,-7.90586477e-05,-0.00209977035,-0.0324163021,-0.0446358823,0.0454047176,0.0330324784,0.0411325352,0.027699267,0.0211723367,0.000199511083,0.000250769204,0.0015821394,0.0115742645,-0.0371499932,-0.0221361197,-0.0158630786,-0.0014453761,0.000917705496,0.00527684158
0.271,2.62700949e-05,-7.74502492e-05,-0.00201898003,-0.0312821309,-0.0427605482,0.0430891877,0.0315530033,0.0395276742,0.0267896267,0.0205751867,0.000196767494,0.000244100145,0.00157435888,0.011681935,-0.0347081153,-0.0212502691,-0.015364952,-0.0016179231,0.000728354354,0.00498392731
0.272,2.11214253e-05,-7.60480461e-05,-0.00194087522,-0.0301872289,-0.040963795,0.040897799,0.0301414382,0.0379852541,0.0259074686,0.0199914499,0.000194216514,0.000237722362,0.00156509526,0.0117693595,-0.0324268363,-0.0203992156,-0.0148789593,-0.00177225412,0.00055251089,0.00470462357
0.273,1.59761348e-05,-7.48478763e-05,-0.00186537037,-0.0291301047,-0.0392425401,0.0388235307,0.0287946061,0.0365029315,0.0250521567,0.019421065,0.000191852036,0.000231624244,0.0015544634,0.0118379965,-0.0302951829,-0.0195817257,-0.0144051258,-0.00190969788,0.000389408809,0.00443839737
0.274,1.08340995e-05,-7.38462324e-05,-0.00179238944,-0.0281093855,-0.0375938566,0.0368598739,0.0275095463,0.0350785255,0.0242231122,0.0188639959,0.000189668754,0.0002257955,0.00154257176,0.0118892275,-0.0283030432,-0.0187966293,-0.0139434739,-0.00203150134,0.000238319381,0.00418474039
0.275,5.69507263e-06,-7.30401092e-05,-0.00172186864,-0.0271239349,-0.0360151313,0.035000925,0.0262836046,0.0337101404,0.0234199029,0.0183203033,0.000187662886,0.000220228091,0.00152953255,0.0119244246,-0.0264411908,-0.018042896,-0.0134940725,-0.00213884224,9.85520474e-05,0.00394318387
0.276,5.58472508e-07,-7.2425939e-05,-0.00165373756,-0.0261726267,-0.034503792,0.0332410291,0.0251141867,0.0323958671,0.0226420417,0.0177899904,0.000185830686,0.000214914484,0.00151545294,0.011944863,-0.0247009565,-0.0173195039,-0.0130569324,-0.0022328288,-3.05553334e-05,0.00371325847
0.277,-4.57652721e-06,-7.19999479e-05,-0.00158791503,-0.0252542035,-0.0330570989,0.0315746316,0.0239986453,0.0311336344,0.021888883,0.0172729192,0.000184167421,0.000209846146,0.00150042411,0.0119516915,-0.0230741179,-0.0166253235,-0.0126319426,-0.00231448076,-0.000149631682,0.00349448294
0.278,-9.71087264e-06,-7.17587303e-05,-0.00152432204,-0.0243674164,-0.0316723551,0.0299964732,0.0229344298,0.0299214085,0.021159761,0.0167689189,0.000182668433,0.000205014795,0.0014845268,0.0119459655,-0.021553008,-0.0159592311,-0.0122189576,-0.00238474873,-0.000259275146,0.00328638679
0.279,-1.48455983e-05,-7.16991191e-05,-0.00146288239,-0.0235110592,-0.0303469545,0.0285016069,0.0219191117,0.0287572281,0.020454017,0.0162778078,0.000181329322,0.000200412714,0.00146783503,0.0119286545,-0.0201305046,-0.0153201359,-0.0118178136,-0.00244451967,-0.000360052964,0.00308851502
0.28,-1.998181e-05,-7.18181018e-05,-0.00140352204,-0.0226839633,-0.029078388,0.0270853789,0.0209503782,0.0276392038,0.0197710006,0.0157993945,0.00018014593,0.000196032751,0.00145041727,0.0119006406,-0.018799995,-0.0147069812,-0.01142833,-0.00249462065,-0.000452502543,0.00290042812
0.281,-2.51206855e-05,-7.21128642e-05,-0.00134616873,-0.0218849678,-0.0278642587,0.0257434183,0.0200260316,0.0265655195,0.0191100729,0.0153334807,0.000179114312,0.000191868302,0.00143233717,0.0118627197,-0.0175553511,-0.0141187486,-0.0110503149,-0.00253582307,-0.000537132953,0.00272170218
0.282,-3.02635051e-05,-7.25811369e-05,-0.00129075274,-0.0211128832,-0.0267023044,0.0244716404,0.0191439937,0.0255344415,0.0184706142,0.0148798678,0.000178230695,0.000187913152,0.00141365221,0.0118156166,-0.0163909157,-0.0135544651,-0.0106835734,-0.00256884795,-0.000614427181,0.00255192913
0.283,-3.54117703e-05,-7.32216093e-05,-0.00123721488,-0.020366606,-0.0255904449,0.0232662839,0.0183023506,0.0245443906,0.0178520806,0.0144384043,0.000177492138,0.000184161978,0.00139441776,0.0117600212,-0.0153014669,-0.0130132417,-0.0103279442,-0.00259438149,-0.000684848586,0.00239072247
0.284,-4.05675046e-05,-7.40339163e-05,-0.00118550783,-0.0196452447,-0.024526899,0.0221239956,0.0174994352,0.0235940567,0.0172540915,0.0140090579,0.000176897529,0.000180611583,0.00137469983,0.011696698,-0.0142822555,-0.0124943331,-0.0099833442,-0.00261308806,-0.000748842771,0.00223772898
0.285,-4.57328565e-05,-7.50173187e-05,-0.00113557571,-0.018947885,-0.0235098711,0.0210415409,0.0167336069,0.022682102,0.0166762157,0.013591743,0.000176445495,0.000177258655,0.00135456163,0.0116263916,-0.0133288241,-0.01199697,-0.00964963393,-0.00262557243,-0.000806824031,0.00209260323
0.286,-5.09097651e-05,-7.61706298e-05,-0.0010873534,-0.018273453,-0.0225373979,0.020015651,0.0160031309,0.021807009,0.0161178617,0.0131862318,0.000176133225,0.000174098434,0.0013340485,0.0115496831,-0.0124368587,-0.0115202942,-0.00932657295,-0.00263237879,-0.000859180929,0.00195498827
0.287,-5.61001519e-05,-7.74931323e-05,-0.00104078039,-0.0176208769,-0.0216075382,0.0190432111,0.0153063275,0.020967283,0.0155784244,0.0127922731,0.000175957814,0.00017112615,0.00131319823,0.0114670743,-0.0116023027,-0.0110634572,-0.00901390592,-0.00263401203,-0.000906281859,0.00182453653
0.288,-6.1305933e-05,-7.89843598e-05,-0.000995800394,-0.0169891227,-0.0207184131,0.0181212856,0.0146415969,0.020161487,0.0150573117,0.0124096142,0.000175916511,0.000168337425,0.00129204569,0.0113790209,-0.0108213731,-0.0106256402,-0.00871137519,-0.00263094118,-0.000948474654,0.0017009142
0.289,-6.6529002e-05,-8.06440022e-05,-0.000952361038,-0.0163772011,-0.0198682094,0.017247107,0.0140074161,0.0193882394,0.0145539455,0.0120380015,0.000176006707,0.000165728273,0.00127062341,0.0112859509,-0.0100905425,-0.0102060547,-0.00841872157,-0.00262360146,-0.000986087297,0.00158380102
0.29,-7.17712198e-05,-8.2471875e-05,-0.00091041414,-0.0157841867,-0.0190551799,0.0164180661,0.0134023352,0.0186462134,0.0140677612,0.0116771815,0.000176225933,0.000163295075,0.00124896144,0.0111882861,-0.00940651787,-0.00980394098,-0.00813568507,-0.00261239634,-0.0010194288,0.00147288993
0.291,-7.70343572e-05,-8.44674362e-05,-0.000869912751,-0.0152092655,-0.0182776242,0.0156316871,0.0128249666,0.0179341236,0.0135982006,0.0113268949,0.000176571813,0.000161034525,0.00122708819,0.0110864527,-0.00876621365,-0.00941856255,-0.00786199788,-0.00259769625,-0.0010487878,0.00136788676
0.292,-8.23193237e-05,-8.66286049e-05,-0.000830803663,-0.0146516424,-0.0175336825,0.0148854562,0.0122738524,0.0172505494,0.01314458,0.0109867683,0.000177040473,0.000158942247,0.00120502116,0.0109807485,-0.00816663634,-0.00904911146,-0.00759730864,-0.00257981612,-0.00107442383,0.00126849651
0.293,-8.76258761e-05,-8.895266e-05,-0.000793034256,-0.0141104593,-0.0168213824,0.0141768704,0.0117474896,0.0165939633,0.012706108,0.0106563265,0.000177626276,0.000157012725,0.00118276275,0.0108713251,-0.00760493625,-0.00869471824,-0.00734120097,-0.00255901966,-0.00109657006,0.00117442639
0.294,-9.29541398e-05,-9.14379964e-05,-0.000756568923,-0.0135850465,-0.01613901,0.0135037357,0.0112445747,0.0159630769,0.0122821497,0.0103352139,0.000178325214,0.00015524229,0.00116032303,0.0107584014,-0.00707856712,-0.00835463646,-0.00709334763,-0.00253557268,-0.00111545523,0.0010854113
0.295,-9.83050285e-05,-9.40834371e-05,-0.000721380449,-0.0130749323,-0.0154851374,0.0128641442,0.0107640011,0.0153568412,0.0118722308,0.0100231995,0.000179135282,0.000153629433,0.00113772544,0.0106422968,-0.00658525427,-0.00802825354,-0.00685350885,-0.00250974715,-0.00113130476,0.00100121167
0.296,-0.000103679466,-9.68873303e-05,-0.000687439909,-0.0125796879,-0.0148584352,0.0122563065,0.0103047251,0.014774261,0.0114758986,0.00972006162,0.000180054669,0.000152172986,0.00111499428,0.010523332,-0.00612289098,-0.00771499167,-0.00662145103,-0.00248179485,-0.00114432983,0.000921599768
0.297,-0.00010907837,-9.98478712e-05,-0.000654718607,-0.0120989092,-0.0142576495,0.0116785366,0.00986575434,0.0142143823,0.0110927136,0.0094255812,0.000181081647,0.000150871897,0.00109215211,0.0104018166,-0.00568951551,-0.00741429851,-0.00639694474,-0.00245194889,-0.00115472917,0.000846357674
0.298,-0.000114502663,-0.000102963151,-0.000623188152,-0.01163221,-0.0136815947,0.0111292448,0.00944614544,0.0136762903,0.0107222491,0.00913954203,0.000182214571,0.000149725211,0.00106921963,0.0102780421,-0.0052832998,-0.00712564575,-0.006179765,-0.00242042501,-0.00116268987,0.0007752769
0.299,-0.000119953265,-0.000106231141,-0.000592819976,-0.0111792152,-0.0131291505,0.0106069323,0.0090450011,0.013159108,0.0103640909,0.00886173098,0.000183451875,0.000148732061,0.00104621585,0.0101522746,-0.00490254067,-0.00684852823,-0.00596969128,-0.00238742271,-0.00116838787,0.000708158077
0.3,-0.000125430976,-0.000109649531,-0.000563583716,-0.010739537,-0.0125992498,0.0101101778,0.00866146156,0.0126619849,0.0100178295,0.00859193145,0.00018479191,0.000147891539,0.00102315802,0.0100247382,-0.00454565062,-0.00658245776,-0.0057665027,-0.00235312393,-0.0011719872,0.000644810409
0.301,-0.000130936124,-0.000113215599,-0.000535446134,-0.010312716,-0.0120908602,0.0096376183,0.00829468683,0.0121840721,0.0096830406,0.00832990668,0.000186232443,0.00014720228,0.00100005939,0.00989558251,-0.0042111469,-0.00632695047,-0.00556996871,-0.00231768989,-0.00117363862,0.000585050157
0.302,-0.000136468939,-0.000116926949,-0.000508375989,-0.00989821593,-0.011603053,0.00918799272,0.00794389228,0.0117245745,0.0093593259,0.00807543463,0.000187771173,0.000146662911,0.000976930283,0.009764907,-0.00389766029,-0.00608156079,-0.00537987715,-0.00228127491,-0.00117348705,0.000528701441
0.303,-0.000142029914,-0.000120781665,-0.000482346672,-0.00949550627,-0.0111349901,0.00876014509,0.0076083608,0.011282772,0.00904633266,0.00782832583,0.00018940632,0.000146272406,0.000953782127,0.0096327986,-0.00360392351,-0.00584588532,-0.00519603965,-0.00224402834,-0.00117167199,0.000475598689
0.304,-0.000147619554,-0.000124777896,-0.000457333355,-0.009104072,-0.0106858732,0.00835298697,0.00728741461,0.0108579813,0.00874372522,0.0075883996,0.000191136235,0.000146029821,0.000930626541,0.00949932033,-0.00332874931,-0.00561954133,-0.00501827459,-0.00220608901,-0.00116832491,0.000425584248
0.305,-0.000153238287,-0.000128913811,-0.000433312613,-0.00872341503,-0.0102549305,0.00796548582,0.00698040633,0.0104495451,0.00845117671,0.00735547733,0.000192959258,0.000145934215,0.000907474892,0.00936451173,-0.00307102242,-0.00540216056,-0.00484640339,-0.00216758478,-0.0011635693,0.000378507259
0.306,-0.000158886464,-0.000133187609,-0.00041026244,-0.00835305497,-0.00984141686,0.00759666206,0.00668671749,0.0100568305,0.00816836889,0.00712938264,0.000194873713,0.000145984659,0.000884338508,0.00922839322,-0.00282969595,-0.00519338863,-0.00468025072,-0.0021286334,-0.00115752129,0.00033422337
0.307,-0.00016456436,-0.000137597581,-0.000388162586,-0.00799252692,-0.00944461152,0.00724558643,0.00640575712,0.00967922846,0.007894992,0.0069099415,0.000196877907,0.000146180216,0.0008612288,0.00909096808,-0.00260378778,-0.0049928845,-0.00451964483,-0.00208934326,-0.00115029008,0.000292594414
0.308,-0.000170272506,-0.000142142706,-0.000366997913,-0.00764139042,-0.00906382777,0.00691138984,0.00613697024,0.00931616815,0.00763075745,0.00669699375,0.000198970486,0.000146520174,0.000838157977,0.00895223838,-0.0023923784,-0.00480032698,-0.00436442642,-0.00204981868,-0.0011419815,0.00025348809
0.309,-0.000176013836,-0.000146824181,-0.000346760747,-0.00729931579,-0.00869852201,0.00659333822,0.00587990778,0.00896722367,0.007375486,0.00649047074,0.000201152898,0.0001470059,0.000815149372,0.00881232437,-0.00219463112,-0.00461546977,-0.00421449696,-0.00201018318,-0.00113271058,0.000216780754
0.31,-0.000181792417,-0.000151643569,-0.000327439483,-0.00696601343,-0.00834820991,0.00629075206,0.0056341609,0.00863201566,0.00712902889,0.00629032671,0.000203427749,0.000147639512,0.000792230602,0.00867140659,-0.00200976064,-0.00443809333,-0.00406977061,-0.00197055806,-0.00112258896,0.000182354306
0.311,-0.000187610163,-0.000156600463,-0.000309014622,-0.00664111716,-0.00801229631,0.00600288581,0.00539925176,0.00831004677,0.00689113281,0.00609642022,0.000205795052,0.000148420952,0.000769417083,0.00852957275,-0.00183699254,-0.00426791801,-0.00393009968,-0.00193102713,-0.00111170571,0.000150091926
0.312,-0.000193467907,-0.000161694007,-0.000291467956,-0.00632425383,-0.00769012959,0.00572898339,0.00517468053,0.00800077464,0.00666149953,0.00590856672,0.00020825362,0.000149349114,0.000746717879,0.00838686791,-0.00167557994,-0.00410463904,-0.00379531106,-0.00189165407,-0.00110013769,0.00011988005
0.313,-0.000199366445,-0.000166923606,-0.000274783508,-0.00601506801,-0.0073810782,0.00546832835,0.00495996929,0.00770367728,0.00643983909,0.00572658498,0.000210802314,0.00015042292,0.000724141867,0.00824334522,-0.0015248241,-0.00394796201,-0.00366523618,-0.00185249645,-0.00108795689,9.16102728e-05
0.314,-0.000205306498,-0.000172288744,-0.00025894622,-0.00571320936,-0.00708453969,0.00522024383,0.00475466311,0.00741825456,0.00622587134,0.00555029838,0.000213440031,0.000151641266,0.000701697842,0.00809906593,-0.00138407296,-0.00379760516,-0.00353971158,-0.00181360612,-0.00107523046,6.51794444e-05
0.315,-0.000211288706,-0.000177788998,-0.000243942095,-0.00541832903,-0.00679993992,0.00498409012,0.00455832887,0.00714402735,0.0060193256,0.00537953486,0.000216165686,0.000153002963,0.000679394299,0.00795410083,-0.00125271686,-0.00365329899,-0.00341857885,-0.00177502966,-0.0010620209,4.04894376e-05
0.316,-0.000217313627,-0.000183424046,-0.000229758296,-0.00513007953,-0.00652673129,0.00475926243,0.00437055416,0.00688053663,0.00581994044,0.00521412695,0.000218978222,0.00015450671,0.000657239353,0.00780853338,-0.00113018472,-0.00351478587,-0.0033016847,-0.00173680893,-0.00104838652,1.74468374e-05
0.317,-0.000223381755,-0.000189193693,-0.000216382787,-0.00484811697,-0.0062643928,0.00454518788,0.00419094531,0.00662734256,0.00562746371,0.00505391229,0.000221876635,0.00015615104,0.00063524072,0.00766246502,-0.00101593976,-0.00338182019,-0.00318888173,-0.00169898236,-0.00103438242,-4.03773726e-06
0.318,-0.00022949343,-0.000195097673,-0.000203804297,-0.00457210231,-0.00601242863,0.00434132622,0.00401912863,0.00638402471,0.00544165264,0.00489873338,0.000224859905,0.000157934299,0.000613405643,0.00751601948,-0.000909482896,-0.00325416565,-0.00308002653,-0.00166158292,-0.00102005892,-2.4048477e-05
0.319,-0.00023564897,-0.000201135713,-0.000192013702,-0.00430170586,-0.00577036518,0.00414716645,0.00385474869,0.00615018007,0.00526227223,0.00474843613,0.00022792702,0.000159854764,0.000591740647,0.00736933183,-0.000810344622,-0.00313159636,-0.00297497999,-0.00162463947,-0.00100546243,-4.2665333e-05
0.32,-0.000241848672,-0.000207307519,-0.000181003991,-0.00403661662,-0.00553774965,0.00396222434,0.00369746704,0.00592542235,0.00508909518,0.00460287012,0.000231076998,0.000161910627,0.000570251597,0.00722254817,-0.000718081636,-0.00301389682,-0.00287360776,-0.00158817761,-0.00099063619,-5.99644977e-05
0.321,-0.000248092781,-0.000213612687,-0.000170769727,-0.00377655216,-0.00531414852,0.00378604106,0.00354696134,0.00570938134,0.00492190188,0.00446188881,0.000234308882,0.00016409996,0.000548943702,0.00707583044,-0.000632276773,-0.00290086075,-0.00277577988,-0.00155221962,-0.000975620138,-7.60183344e-05
0.322,-0.0002543815,-0.000220050641,-0.000161306784,-0.0035212665,-0.00509914516,0.00361818059,0.00340292394,0.00550170148,0.0047604795,0.00432534895,0.000237621774,0.000166420748,0.000527821538,0.00692935668,-0.000552536904,-0.00279229005,-0.00268137025,-0.00151678447,-0.000960451075,-9.08955534e-05
0.323,-0.000260714966,-0.000226620466,-0.000152611367,-0.00327055036,-0.00489234382,0.00345822962,0.00326506208,0.00530204229,0.00460462271,0.00419311125,0.000241014818,0.000168870892,0.000506888924,0.00678331994,-0.000478491857,-0.00268799529,-0.00259025681,-0.0014818882,-0.000945162762,-0.000104661281
0.324,-0.000267092271,-0.000233319788,-0.000144677657,-0.00302422097,-0.00469335678,0.00330578462,0.00313308697,0.00511006067,0.0044541183,0.00406502636,0.000244486319,0.000171447591,0.000486147373,0.00663790123,-0.000409791693,-0.00258778741,-0.00250231238,-0.00144753859,-0.000929782322,-0.000117376547
0.325,-0.000273508087,-0.000240142241,-0.000137500097,-0.00278209267,-0.00450174609,0.00316041478,0.00300667717,0.0049253519,0.00430869388,0.00394088826,0.00024803067,0.000174145235,0.000465590406,0.00649317963,-0.000346102198,-0.00249144783,-0.00241737721,-0.00141371959,-0.00091432052,-0.000129097236
0.326,-0.000279956281,-0.00024708111,-0.000131079365,-0.00254403517,-0.00431709266,0.00302171722,0.00288552849,0.00474753151,0.00416808908,0.00382049929,0.000251641766,0.000176957829,0.000445211205,0.00634922748,-0.000287114852,-0.00239876817,-0.00233530035,-0.00138041489,-0.000898787244,-0.000139875757
0.327,-0.000286434621,-0.000254132829,-0.000125418873,-0.0023100155,-0.00413907199,0.00288936157,0.0027693995,0.00457631095,0.00403212264,0.00370373186,0.000255317218,0.000179881954,0.000425010122,0.00620621518,-0.000232547563,-0.00230958992,-0.00225597592,-0.00134763,-0.000883205576,-0.000149763555
0.328,-0.000292941953,-0.000261294091,-0.000120519357,-0.00208005537,-0.00396740161,0.00276304684,0.00265807312,0.00441143498,0.00390063855,0.00359047934,0.000259055724,0.000182914891,0.000404988611,0.00606433415,-0.000182136362,-0.00222377314,-0.0021793114,-0.00131537429,-0.000867599991,-0.000158809768
0.329,-0.000299477079,-0.000268561157,-0.000116379973,-0.00185421324,-0.00380181695,0.00264248658,0.00255134214,0.00425265874,0.0037734862,0.00348063821,0.000262856031,0.000186053912,0.000385146736,0.0059237606,-0.000135632137,-0.00214118434,-0.00210521716,-0.00128365523,-0.000851992936,-0.000167061072
0.33,-0.000306038794,-0.000275930037,-0.000112998846,-0.00163257681,-0.003642069,0.00252740842,0.00244900862,0.00409974703,0.00365052006,0.00337410787,0.000266716939,0.000189296351,0.000365483345,0.00578464514,-9.28000008e-05,-0.00206169602,-0.00203360661,-0.00125247877,-0.00083640517,-0.000174561902
0.331,-0.000312625888,-0.000283396562,-0.000110373169,-0.00141525248,-0.00348792502,0.00241755433,0.00235088393,0.00395247472,0.00353160009,0.00327079102,0.000270637298,0.00019263965,0.00034599623,0.00564710345,-5.34187885e-05,-0.00198518695,-0.00196439659,-0.00122184972,-0.000820856088,-0.000181354626
0.332,-0.000319237657,-0.000290956884,-0.00010849896,-0.00120235752,-0.00333917753,0.00231268607,0.00225679372,0.00381063491,0.0034165991,0.00317060051,0.000274616426,0.000196081649,0.000326682377,0.00551122054,-1.72809541e-05,-0.00191154676,-0.00189751189,-0.00119177465,-0.000805365646,-0.000187480084
0.333,-0.000325874334,-0.000298607809,-0.000107370142,-0.000994018726,-0.0031956401,0.00221258319,0.00216657742,0.00367403895,0.00330540317,0.00307346001,0.000278654468,0.000199620889,0.000307538491,0.00537705065,1.58090775e-05,-0.00184067538,-0.00183288479,-0.001162262,-0.000789954458,-0.000192977707
0.334,-0.000332535752,-0.000306345636,-0.00010697862,-0.000790361877,-0.00305712983,0.00211703157,0.00208007764,0.00354249847,0.0031978958,0.00297928927,0.000282751239,0.000203255916,0.000288560255,0.00524458573,4.60357805e-05,-0.00177247374,-0.00177044585,-0.0011333164,-0.000774639938,-0.000197884652
0.335,-0.000339220938,-0.000314165991,-0.000107315534,-0.000591506267,-0.00292346231,0.00202582143,0.00199713798,0.00341582186,0.00309395461,0.00288800116,0.00028690584,0.000206985094,0.000269742779,0.0051137454,7.35725066e-05,-0.001706842,-0.00171012257,-0.001104938,-0.000759435894,-0.000202235772
0.336,-0.000345928904,-0.000322064608,-0.0001083713,-0.000397561825,-0.00279445924,0.00193875321,0.00191760858,0.00329382401,0.00299346027,0.00279951008,0.000291117331,0.000210807089,0.000251081929,0.00498439363,9.85808257e-05,-0.00164368424,-0.00165184446,-0.00107712572,-0.000744354789,-0.00020606417
0.337,-0.000352658721,-0.000330037401,-0.000110135304,-0.000208622342,-0.00266994927,0.00185563755,0.0018413464,0.00317632705,0.00289629733,0.00271373267,0.000295384768,0.00021472089,0.000232574756,0.00485634607,0.000121210687,-0.00158290882,-0.00159554329,-0.00104987758,-0.000729407923,-0.000209401273
0.338,-0.000359409542,-0.000338080609,-0.000112596418,-2.4759758e-05,-0.00254976703,0.00177629488,0.00176821481,0.00306315993,0.00280235397,0.00263058776,0.0002997072,0.000218725768,0.000214219859,0.00472937813,0.000141600671,-0.00152442804,-0.00154115317,-0.00102319087,-0.0007146056,-0.000212276956
0.339,-0.000366181816,-0.000346192254,-0.00011574515,0.000153980467,-0.00243375844,0.00170056044,0.00169808821,0.0029541671,0.0027115302,0.00255000419,0.000304084625,0.000222821982,0.000196018393,0.00460324901,0.000159879066,-0.00146816213,-0.00148861544,-0.000997065722,-0.000699959823,-0.00021472051
0.34,-0.000372982817,-0.000354377048,-0.000119573438,0.000327593594,-0.0023218166,0.00162830648,0.00163087555,0.00284924939,0.00262377566,0.00247195631,0.00030852259,0.000227014095,0.000177976248,0.00447778487,0.000176169204,-0.00141405935,-0.00143789844,-0.000971518596,-0.000685493641,-0.000216763634
0.341,-0.000379821636,-0.000362641079,-0.000124069009,0.000496129841,-0.00221384359,0.00155941211,0.00156649227,0.00274831564,0.00253904575,0.00239642275,0.000313027999,0.000231307749,0.000160099086,0.00435282948,0.000190589494,-0.0013620719,-0.00138897213,-0.000946565584,-0.00067122922,-0.000218436936
0.342,-0.000386701399,-0.000370985009,-0.000129216543,0.00065968142,-0.00210969701,0.00149373035,0.00150482616,0.00265122403,0.00245724778,0.00232333566,0.000317602651,0.000235704828,0.000142388981,0.00422816123,0.000203247979,-0.00131212645,-0.00134177964,-0.000922203275,-0.000657174636,-0.000219765753
0.343,-0.000393623158,-0.000379408172,-0.000135002535,0.000818374531,-0.00200922135,0.00143111202,0.00144575946,0.0025578204,0.00237827561,0.0022526134,0.000322246467,0.00024020581,0.000124848038,0.00410354691,0.000214242632,-0.00126414313,-0.00129625742,-0.000898422111,-0.000643333395,-0.000220772973
0.344,-0.00040058808,-0.00038791035,-0.000141414648,0.000972367629,-0.00191226653,0.00137141606,0.00138917976,0.00246795696,0.00230202702,0.00218417676,0.000326959343,0.000244811072,0.00010747968,0.00397877196,0.000223663454,-0.00121804516,-0.00125234431,-0.000875212432,-0.00062970853,-0.000221480266
0.345,-0.000407597401,-0.000396491556,-0.000148440914,0.0011218478,-0.00181868871,0.00131450885,0.00133497995,0.00238149227,0.00222840363,0.00211794901,0.000331741127,0.000249520793,9.02883127e-05,0.003853644,0.000231593804,-0.00117375879,-0.0012099813,-0.000852564378,-0.000616302471,-0.000221908047
0.346,-0.000414652116,-0.000405151537,-0.000156068946,0.00126702504,-0.0017283497,0.0012602628,0.00128305727,0.00229828966,0.0021573096,0.00205385461,0.000336591383,0.000254334713,7.32789208e-05,0.00372799322,0.000238111305,-0.00113121258,-0.00116911055,-0.000830467215,-0.000603116496,-0.000222075298
0.347,-0.000421749077,-0.000413886026,-0.00016428513,0.00140810977,-0.00164110073,0.00120854487,0.00123330169,0.00221819656,0.00208863224,0.00199180091,0.000341506228,0.000259249701,5.6456547e-05,0.00360163699,0.000243285442,-0.00109032732,-0.00112966515,-0.000808902102,-0.000590145503,-0.000221997654
0.348,-0.000428881824,-0.000422687967,-0.00017307738,0.00154529618,-0.00155678773,0.00115922184,0.00118560033,0.00214105288,0.00202224984,0.00193168594,0.000346479019,0.000264260298,3.98279569e-05,0.0034743862,0.000247177152,-0.00105102001,-0.00109157414,-0.000787845583,-0.000577380708,-0.000221688349
0.349,-0.000436047563,-0.000431554227,-0.00018243702,0.0016787757,-0.00147528024,0.00111217978,0.00113985788,0.00206672769,0.00195806645,0.00187343197,0.000351506024,0.000269363113,2.34028944e-05,0.00334610324,0.000249844287,-0.00101322187,-0.00105478106,-0.00076728301,-0.000564819438,-0.000221162
0.35,-0.000443246609,-0.000440484651,-0.000192356004,0.00180873724,-0.00139646763,0.00106731895,0.00109599255,0.00199511223,0.00189600564,0.00181697966,0.000356585987,0.000274556521,7.19262315e-06,0.00321669571,0.000251343241,-0.000976874912,-0.00101923988,-0.000747205867,-0.000552463109,-0.00022043405
0.351,-0.000450479273,-0.000449479061,-0.000202825962,0.00193535469,-0.00132024516,0.00102454411,0.00105392625,0.00192610242,0.00183599417,0.0017622725,0.000361717608,0.000279838748,-8.79094474e-06,0.00308609092,0.000251727475,-0.000941923438,-0.000984906288,-0.000727605616,-0.000540312781,-0.000219519168
0.352,-0.000457745792,-0.000458537327,-0.00021383897,0.00205878204,-0.00124651263,0.000983764325,0.00101358413,0.00185959828,0.00177796143,0.00170925626,0.000366899477,0.000285207854,-2.45351724e-05,0.00295423408,0.000251047454,-0.00090831375,-0.000951737587,-0.000708473707,-0.000528369236,-0.00021843133
0.353,-0.000465046203,-0.000467659134,-0.000225387039,0.00217914877,-0.00117517394,0.00094489246,0.000974894281,0.0017955033,0.00172183897,0.00165787843,0.000372129995,0.000290661703,-4.00267825e-05,0.00282108717,0.000249350963,-0.000875993931,-0.00091969229,-0.000689801297,-0.000516632734,-0.000217183729
0.354,-0.000472377368,-0.000476841046,-0.000237461015,0.00229653975,-0.00110612957,0.000907839046,0.000937781499,0.0017337131,0.0016675496,0.00160807777,0.000377404954,0.000296196099,-5.52515044e-05,0.00268660934,0.000246681853,-0.000844908533,-0.000888724426,-0.000671575035,-0.000505099857,-0.00021578749
0.355,-0.00047973232,-0.000486076066,-0.000250051204,0.00241098064,-0.00103927637,0.00087251312,0.00090216754,0.0016741158,0.00161500754,0.00155978414,0.000382717058,0.000301804349,-7.01930055e-05,0.00255075341,0.00024307864,-0.000814998624,-0.000858783941,-0.00065377717,-0.00049376362,-0.000214251541
0.356,-0.000487106627,-0.000495359884,-0.000263149413,0.00252246344,-0.000974523897,0.000838834907,0.000867984327,0.00161661613,0.00156414151,0.00151294035,0.000388061032,0.000307481161,-8.48337185e-05,0.00241350261,0.000238577903,-0.000786213646,-0.000829829,-0.000636394815,-0.000482620377,-0.000212585493
0.357,-0.000494499439,-0.000504691616,-0.000276747738,0.00263095736,-0.00091179537,0.000806735231,0.000835174149,0.00156113605,0.0015148954,0.00146750267,0.000393434388,0.000313223222,-9.91564465e-05,0.00227487514,0.000233216426,-0.000758511993,-0.000801826061,-0.000619420283,-0.000471670019,-0.000210799906
0.358,-0.000501910103,-0.000514070386,-0.000290836907,0.00273639723,-0.000851018692,0.000776148605,0.000803682576,0.00150760164,0.00146721586,0.00142342895,0.000398834764,0.00031902711,-0.000113144354,0.00213490686,0.000227029741,-0.000731854514,-0.000774743146,-0.000602846029,-0.000460912186,-0.000208904682
0.359,-0.000509338021,-0.000523495362,-0.000305406926,0.00283868433,-0.000792125135,0.000747012758,0.000773457803,0.00145594213,0.00142105143,0.00138067792,0.000404259789,0.000324889193,-0.000126780979,0.00199364975,0.000220052038,-0.000706203994,-0.000748549534,-0.000586664491,-0.00045034621,-0.000206909076
0.36,-0.000516782837,-0.000532966114,-0.000320447472,0.00293768856,-0.000735049397,0.00071926868,0.000744450593,0.00140608998,0.00137635271,0.0013392095,0.000409707229,0.000330805749,-0.000140050297,0.00185117093,0.000212316234,-0.000681525172,-0.000723215998,-0.000570868361,-0.000439971375,-0.000204821848
0.361,-0.00052424838,-0.000542486673,-0.000335949925,0.00303327634,-0.000679735221,0.000692865618,0.000716619485,0.00135799086,0.00133308226,0.00129899453,0.00041517809,0.000336775505,-0.000152938071,0.00170756658,0.00020385609,-0.000657789575,-0.000698720014,-0.000555454802,-0.000429790205,-0.000202652857
0.362,-0.000531743197,-0.000552065669,-0.000351906394,0.00312532909,-0.000626134976,0.000667760935,0.000689930912,0.00131160377,0.00129121486,0.00126001511,0.000420677117,0.000342800122,-0.000165432802,0.00156296481,0.000194706782,-0.000634975533,-0.0006750454,-0.000540425211,-0.000419808232,-0.000200413027
0.363,-0.00053927239,-0.000561708069,-0.000368305648,0.00321370526,-0.000574196552,0.000643908488,0.000664347204,0.00126687859,0.00125071576,0.00122224376,0.000426206364,0.000348879113,-0.000177523451,0.00141749816,0.000184901513,-0.000613057291,-0.000652170845,-0.00052577621,-0.000410027081,-0.000198111158
0.364,-0.000546836662,-0.000571414765,-0.000385134474,0.00329823025,-0.000523862862,0.000621258187,0.000639825771,0.00122375495,0.00121153955,0.00118564249,0.000431764343,0.000355009181,-0.000189198405,0.00127129873,0.000174471094,-0.000592004464,-0.000630069835,-0.000511499618,-0.000400444546,-0.000195753954
0.365,-0.00055443655,-0.000581186902,-0.000402379909,0.00337871899,-0.000475078548,0.000599761976,0.000616325301,0.00118217395,0.00117364162,0.00115017397,0.00043734941,0.000361186987,-0.000200446428,0.00112450919,0.000163445465,-0.000571787634,-0.000608716628,-0.000497587173,-0.000391058241,-0.000193347718
0.366,-0.000562072624,-0.000591025911,-0.000420028486,0.00345498041,-0.000427790989,0.000579374004,0.000593806153,0.00114207881,0.00113697887,0.00111580217,0.00044295995,0.000367409328,-0.000211256883,0.000977283217,0.000151854002,-0.000552378734,-0.000588086489,-0.000484030717,-0.0003818657,-0.000190898395
0.367,-0.000569745796,-0.000600933943,-0.000438066466,0.0035268232,-0.000381950717,0.000560050715,0.000572230483,0.00110341529,0.0011015101,0.00108249276,0.000448594614,0.000373673342,-0.000221619915,0.000829785536,0.00013972561,-0.000533751202,-0.000568155981,-0.000470822478,-0.000372864634,-0.000188411722
0.368,-0.000577461487,-0.000610918123,-0.000456482429,0.00359409004,-0.000337514106,0.000541754699,0.000551566269,0.00106613942,0.00106720382,0.00105022075,0.000454255643,0.000379979322,-0.000231528091,0.000682199824,0.000127089504,-0.000515883645,-0.000548906861,-0.000457958336,-0.000364055515,-0.000185894538
0.369,-0.0005852289,-0.000620989565,-0.000475266743,0.0036566655,-0.000294440773,0.000524452879,0.000531785676,0.00103021436,0.00103403514,0.00101896745,0.000459948255,0.00038633037,-0.000240976428,0.000534730326,0.000113974894,-0.000498758536,-0.000530324314,-0.000445436505,-0.000355440505,-0.000183354362
0.37,-0.000593053288,-0.000631155309,-0.000494406574,0.00371443263,-0.000252687522,0.000508109314,0.000512857623,0.000995596022,0.00100197141,0.000988706276,0.000465674562,0.000392727344,-0.00024995908,0.000387594562,0.000100409014,-0.000482355263,-0.000512389582,-0.000433251365,-0.00034701856,-0.000180796871
0.371,-0.000600936404,-0.000641419061,-0.000513886795,0.00376727134,-0.000212209721,0.000492686339,0.000494748847,0.000962235241,0.000970974301,0.000959404844,0.000471433956,0.000399169098,-0.000258469209,0.000241024215,8.6417269e-05,-0.00046665096,-0.000495081236,-0.000421394453,-0.000338786244,-0.00017822624
0.372,-0.000608880152,-0.000651785069,-0.000533692687,0.00381507807,-0.000172964026,0.000478147551,0.000477427115,0.000930084132,0.000941006231,0.000931031305,0.00047722598,0.00040565497,-0.000266500559,9.52682985e-05,7.2024257e-05,-0.00045162352,-0.000478378455,-0.000409857272,-0.000330739969,-0.000175646295
0.373,-0.000616886507,-0.000662257773,-0.000553809249,0.00385776798,-0.000134908781,0.000464458168,0.00046086159,0.000899096681,0.000912030926,0.000903554843,0.000483050283,0.000412184754,-0.000274047315,-4.94048695e-05,5.72538907e-05,-0.000437251978,-0.000462261255,-0.000398631452,-0.00032287608,-0.000173060567
0.374,-0.000624955896,-0.000672839821,-0.000574219846,0.00389526904,-9.80027268e-05,0.000451584091,0.000445021912,0.000869226843,0.000884011471,0.000876943714,0.000488905392,0.000418757699,-0.000281103199,-0.000192704927,4.21292522e-05,-0.000423515764,-0.000446709421,-0.000387707799,-0.000315190045,-0.00017047186
0.375,-0.000633078801,-0.000683523339,-0.000594899181,0.00392746427,-6.22041017e-05,0.000439486026,0.00042987241,0.000840417449,0.000856899033,0.000851154077,0.000494782113,0.000425366746,-0.000287658103,-0.000334320158,2.66727867e-05,-0.000410389268,-0.000431696991,-0.000377071496,-0.000307672567,-0.000167880121
0.376,-0.000641242654,-0.000694297695,-0.000615818716,0.00395422621,-2.74760162e-05,0.000428124804,0.000415377596,0.000812611319,0.000830644123,0.000826141179,0.00050066891,0.000432002856,-0.000293702086,-0.000473924701,1.09085088e-05,-0.000397846841,-0.000417198244,-0.000366707296,-0.000300313854,-0.000165284674
0.377,-0.000649444228,-0.000705162282,-0.000636956563,0.0039755025,6.2115794e-06,0.000417469458,0.000401510316,0.000785767172,0.0008052129,0.00080187549,0.000506561656,0.000438663475,-0.000299230944,-0.000611185937,-5.13774281e-06,-0.000385870559,-0.00040319565,-0.000356606546,-0.000293109327,-0.000162687381
0.378,-0.000657684104,-0.00071612012,-0.000658292444,0.00399129928,3.88856673e-05,0.000407492685,0.000388247272,0.000759850735,0.000780578208,0.000778333783,0.00051245935,0.000445349088,-0.000304243163,-0.000745758942,-2.14398311e-05,-0.000374446123,-0.000389675071,-0.000346763089,-0.00028605625,-0.000160090892
0.379,-0.000665962808,-0.000727173915,-0.000679805236,0.0040016676,7.05719417e-05,0.000398167935,0.000375566098,0.000734829153,0.000756713936,0.000755493571,0.000518361084,0.00045206058,-0.000308738284,-0.000877283776,-3.79714219e-05,-0.000363560061,-0.000376622984,-0.000337170889,-0.000279151838,-0.000157497629
0.38,-0.000674280836,-0.000738326138,-0.000701473611,0.00400670813,0.000101295246,0.000389469322,0.000363445234,0.000710670869,0.000733594917,0.000733333054,0.000524266053,0.000458799223,-0.000312717045,-0.00100538881,-5.4705821e-05,-0.000353199574,-0.000364026469,-0.000327824069,-0.000272393308,-0.000154909817
0.381,-0.000682637935,-0.000749578203,-0.000723275852,0.00400657003,0.000131079499,0.000381371109,0.000351863474,0.00068734483,0.000711196148,0.000711830345,0.000530172963,0.000465566131,-0.000316181173,-0.00112969465,-7.16156256e-05,-0.000343352114,-0.000351872837,-0.000318716629,-0.000265777644,-0.000152329377
0.382,-0.000691032019,-0.000760929144,-0.000745188759,0.00400144564,0.000159947329,0.000373847323,0.000340799599,0.000664819829,0.000689492097,0.000690962812,0.000536079221,0.000472361423,-0.000319132737,-0.00124982064,-8.867237e-05,-0.000334004896,-0.000340149304,-0.000309842147,-0.000259301358,-0.000149757766
0.383,-0.000699461004,-0.000772377553,-0.000767188692,0.00399157873,0.000187921519,0.000366873004,0.000330233499,0.000643066637,0.00066845892,0.000670709341,0.000541982544,0.000479185662,-0.000321574638,-0.00136539647,-0.000105847393,-0.000325145743,-0.000328843923,-0.000301194619,-0.000252961186,-0.000147196356
0.384,-0.000707924409,-0.000783923575,-0.000789253557,0.00397726861,0.000215025537,0.000360424441,0.000320146428,0.00062205866,0.000648075215,0.000651051169,0.000547881992,0.000486040874,-0.000323512066,-0.0014760695,-0.000123112016,-0.000316763588,-0.000317946027,-0.000292769008,-0.000246754572,-0.000144646799
0.385,-0.000716421837,-0.000795567063,-0.000811361555,0.00395886166,0.000241283534,0.000354478399,0.000310520253,0.000601770459,0.000628320508,0.000631970368,0.000553776837,0.000492929483,-0.000324951848,-0.00158150887,-0.00014043751,-0.000308847575,-0.000307445403,-0.000284560522,-0.000240679068,-0.000142110674
0.386,-0.000724952752,-0.00080730737,-0.000833491266,0.00393674701,0.000266720257,0.000349011977,0.000301337283,0.000582177484,0.000609175004,0.000613449604,0.0005596664,0.000499854017,-0.000325902763,-0.00168141354,-0.000157794879,-0.000301386803,-0.000297332151,-0.000276564518,-0.00023473227,-0.000139589448
0.387,-0.000733517565,-0.000819144756,-0.000855622366,0.00391135559,0.000291360239,0.000344002836,0.000292580533,0.000563256705,0.000590620286,0.000595472864,0.000565550844,0.00050681765,-0.000326376978,-0.00177552458,-0.000175154414,-0.00029437037,-0.00028759702,-0.000268776912,-0.000228912196,-0.000137084705
0.388,-0.000742126742,-0.000831090387,-0.000877745109,0.00388320815,0.000315232331,0.000339433479,0.000284237245,0.000544993235,0.000572646272,0.000578032459,0.000571438224,0.000513830639,-0.000326393451,-0.00186364971,-0.000192489332,-0.000287790898,-0.000278234668,-0.000261197279,-0.000223219941,-0.000134599765
0.389,-0.000750795976,-0.000843160348,-0.000899856282,0.00385290022,0.000338372009,0.000335289341,0.000276296751,0.000527375763,0.000555246478,0.000561124178,0.000577340815,0.000520907343,-0.000325972911,-0.00194564845,-0.000209777965,-0.000281642783,-0.000269241183,-0.000253826517,-0.000217657665,-0.000132138522
0.39,-0.000759531394,-0.000855359402,-0.000921944657,0.00382102469,0.000360814726,0.000331552009,0.000268744735,0.000510385671,0.000538406594,0.000544735761,0.000583263629,0.000528055559,-0.000325131775,-0.00202140026,-0.000226998392,-0.000275916275,-0.000260608663,-0.00024666177,-0.000212224278,-0.000129702825
0.391,-0.00076833335,-0.000867685806,-0.00094399555,0.00378817305,0.000382594722,0.000328200946,0.000261564947,0.000494000657,0.000522108281,0.000528850752,0.000589207272,0.000535278637,-0.000323886086,-0.00209082769,-0.000244126664,-0.000270598737,-0.000252327135,-0.000239698302,-0.000206917063,-0.000127293401
0.392,-0.000777202043,-0.000880137449,-0.000965996346,0.00375494734,0.000403747262,0.000325216337,0.000254741563,0.000478199158,0.0005063338,0.000513453168,0.000595172303,0.00054257939,-0.000322253618,-0.00215391948,-0.000261139021,-0.00026567698,-0.000244386738,-0.000232931546,-0.000201733423,-0.000124910912
0.393,-0.000786137522,-0.000892711713,-0.000987936252,0.00372195032,0.000424308948,0.000322579292,0.000248259275,0.000462960378,0.000491066045,0.000498527537,0.000601159243,0.000549960171,-0.000320252908,-0.0022107321,-0.000278012875,-0.000261137453,-0.000236777697,-0.000226357072,-0.00019667084,-0.000122555943
0.394,-0.000795138781,-0.000905404417,-0.00100980574,0.00368977354,0.000444317253,0.000320271665,0.000242103084,0.000448263828,0.00047628806,0.000484058421,0.000607167926,0.000557422219,-0.000317902022,-0.00226138712,-0.000294726737,-0.000256966003,-0.00022949007,-0.00021997033,-0.000191726661,-0.000120228863
0.395,-0.000804203363,-0.000918209631,-0.00103159691,0.0036589817,0.000463809382,0.000318275798,0.000236258114,0.000434088997,0.000461982703,0.000470030117,0.000613197078,0.000564965208,-0.000315218467,-0.00230606759,-0.000311259641,-0.000253147686,-0.000222513638,-0.000213766578,-0.000186898047,-0.000117929812
0.396,-0.000813329596,-0.000931122629,-0.00105330569,0.00363010378,0.000482823494,0.000316575338,0.000230710216,0.000420416424,0.000448133783,0.000456427867,0.000619245887,0.000572588785,-0.000312221156,-0.00234501864,-0.000327592502,-0.000249667506,-0.000215838474,-0.000207741461,-0.000182182496,-0.000115659058
0.397,-0.000822516827,-0.000944139866,-0.00107493074,0.00360362673,0.000501400337,0.000315155887,0.000225446298,0.000407228079,0.000434726442,0.000443238247,0.000625314416,0.000580293029,-0.00030892956,-0.00237854342,-0.000343709883,-0.000246510802,-0.000209455038,-0.000201891028,-0.000177577843,-0.000113416994
0.398,-0.000831764388,-0.000957257902,-0.00109647268,0.00357998678,0.00051958149,0.000314004456,0.000220453927,0.0003945066,0.000421746361,0.000430448372,0.000631402725,0.000588077685,-0.00030536271,-0.0024069909,-0.000359599276,-0.000243662962,-0.000203353863,-0.000196211416,-0.000173082007,-0.000111203987
0.399,-0.000841071493,-0.00097047334,-0.00111793431,0.00355956498,0.000537409194,0.000313109461,0.00021572131,0.000382235208,0.000409179662,0.000418045793,0.000637510764,0.00059594214,-0.000301538461,-0.0024307457,-0.000375251387,-0.000241109499,-0.000197525524,-0.000190698811,-0.000168692949,-0.000109020366
0.4,-0.000850434917,-0.000983780142,-0.00113931808,0.00354267286,0.000554925979,0.000312460131,0.000211236805,0.000370396713,0.000397011839,0.000406017396,0.000643636603,0.000603883879,-0.000297471888,-0.00245021017,-0.000390660214,-0.000238835777,-0.000191960169,-0.000185348923,-0.0001644082,-0.000106866127
0.401,-0.000859842158,-0.000997162206,-0.00116061658,0.00352951265,0.000572168717,0.000312043641,0.000206987159,0.000358970633,0.00038522467,0.000394346256,0.000649771192,0.000611893357,-0.000293175988,-0.00246578079,-0.000405817988,-0.000236824924,-0.000186646066,-0.000180155602,-0.000160223646,-0.00010474013
0.402,-0.000869280145,-0.0010106035,-0.00118182305,0.00352020951,0.000589170375,0.000311847803,0.000202959696,0.000347937342,0.000373800704,0.000383016203,0.000655905128,0.000619960028,-0.000288666361,-0.00247787576,-0.000420715584,-0.000235059731,-0.000181571686,-0.000175112905,-0.000156135377,-0.00010264126
0.403,-0.000878744768,-0.00102409864,-0.00120294426,0.00351485835,0.000605965701,0.000311864512,0.000199144572,0.000337281817,0.000362727271,0.000372015899,0.000662035702,0.000628079296,-0.000283960779,-0.00248694872,-0.000435348549,-0.00023352567,-0.000176727724,-0.000170216994,-0.000152141363,-0.000100569565
0.404,-0.000888234094,-0.0010376448,-0.00122399104,0.00351350785,0.000622589511,0.000312087634,0.000195533157,0.000326990548,0.000351993148,0.0003613354,0.000668161795,0.000636248029,-0.000279074471,-0.00249345196,-0.000449716743,-0.000232209557,-0.000172105542,-0.000165464527,-0.000148240008,-9.85253292e-05
0.405,-0.000897746155,-0.00105123935,-0.0012449753,0.00351615812,0.000639075193,0.000312512021,0.000192117413,0.000317050516,0.000341587468,0.000350965055,0.000674282204,0.000644462896,-0.000274020497,-0.00249782049,-0.000463822323,-0.000231098864,-0.000167696685,-0.000160852171,-0.000144429723,-9.6508801e-05
0.406,-0.000907279369,-0.0010648805,-0.00126591057,0.00352276642,0.000655453996,0.000313133373,0.000188889892,0.00030744926,0.000331499803,0.000340895596,0.000680395912,0.000652720607,-0.000268810681,-0.00250046788,-0.000477668757,-0.000230181686,-0.000163492951,-0.000156376672,-0.000140708996,-9.45202378e-05
0.407,-0.000916834701,-0.00107856976,-0.00128681564,0.00353326291,0.000671755342,0.000313948713,0.000185844086,0.00029817548,0.000321720815,0.000331118822,0.00068650361,0.000661019482,-0.000263455447,-0.00250178733,-0.000491260804,-0.000229447174,-0.000159486747,-0.000152035202,-0.000137076701,-9.25601297e-05
0.408,-0.000926413434,-0.00109230882,-0.00130771019,0.00354755322,0.000688009002,0.000314956355,0.000182974231,0.00028921855,0.000312241701,0.00032162702,0.000692606408,0.000669358341,-0.00025796106,-0.00250214516,-0.000504606061,-0.000228885432,-0.000155670766,-0.000147824951,-0.000133531711,-9.06289256e-05
0.409,-0.000936014716,-0.0011060973,-0.00132861095,0.00356550514,0.000704242964,0.000316154691,0.000180274631,0.000280567489,0.000303053086,0.000312411855,0.000698703755,0.000677734653,-0.000252331591,-0.00250186857,-0.000517713855,-0.000228486962,-0.000152037548,-0.000143742706,-0.000130072523,-8.87268041e-05
0.41,-0.000945636873,-0.00111993436,-0.00134953372,0.00358695382,0.000720482659,0.000317542274,0.000177739832,0.00027221139,0.000294145495,0.000303464869,0.000704794347,0.00068614533,-0.000246570769,-0.00250125086,-0.000530593995,-0.00022824278,-0.000148579723,-0.000139785123,-0.000126697496,-8.68538349e-05
0.411,-0.000955278178,-0.0011338194,-0.00137049394,0.00361171122,0.000736751479,0.000319118115,0.000175364827,0.000264139787,0.000285509754,0.000294777885,0.000710876771,0.00069458727,-0.000240681943,-0.00250055932,-0.000543256682,-0.000228144601,-0.000145290209,-0.000135948896,-0.000123405001,-8.50100726e-05
0.412,-0.000964937563,-0.00114775281,-0.00139150587,0.00363957468,0.000753070836,0.000320881765,0.000173145169,0.000256342926,0.000277137289,0.000286343308,0.00071695002,0.000703057682,-0.000234668978,-0.00250004333,-0.000555712631,-0.000228184887,-0.000142162344,-0.000132230915,-0.000120193567,-8.31956534e-05
0.413,-0.000974622771,-0.00116174556,-0.00141259261,0.00367036592,0.000769467344,0.000322836006,0.00017107837,0.00024881374,0.000269022274,0.000278156339,0.000723019688,0.000711560565,-0.000228537017,-0.00249994823,-0.000567979945,-0.000228358934,-0.000139190983,-0.00012862925,-0.000117062773,-8.14114201e-05
0.414,-0.000984346751,-0.0011758147,-0.00143378283,0.0037039333,0.000785971348,0.000324985873,0.000169163173,0.000241546488,0.000261160138,0.000270213403,0.00072909512,0.000720104442,-0.000222287762,-0.00250048659,-0.000580084076,-0.000228664606,-0.00013637193,-0.000125142484,-0.000114012607,-7.96585052e-05
0.415,-0.00099411408,-0.00118996708,-0.00145509378,0.00374011333,0.000802605923,0.000327334022,0.000167397124,0.000234533348,0.000253543912,0.000262508367,0.000735179363,0.000728692011,-0.000215916644,-0.00250180427,-0.000592046293,-0.000229098724,-0.000133700028,-0.000121767978,-0.000111041888,-7.79372114e-05
0.416,-0.00100392403,-0.00120420334,-0.00147653546,0.00377873741,0.00081938804,0.000329881282,0.000165777049,0.000227765453,0.000246165382,0.000255033737,0.000741271507,0.000737321955,-0.000209417657,-0.00250400265,-0.000603882404,-0.000229657056,-0.000131169604,-0.000118502438,-0.000108148802,-7.62473571e-05
0.417,-0.00101377589,-0.00121852425,-0.00149811731,0.00381964749,0.00083633287,0.000332628408,0.000164299988,0.00022123428,0.000239016594,0.000247782209,0.000747370617,0.00074599297,-0.000202784667,-0.00250715889,-0.00061560698,-0.000230335618,-0.000128775237,-0.000115342634,-0.000105331548,-7.45887329e-05
0.418,-0.00102366839,-0.0012329297,-0.00151984731,0.00386269829,0.000853454551,0.000335576222,0.000162963219,0.000214931599,0.000232089787,0.0002407466,0.000753475379,0.000754703592,-0.000196009246,-0.00251132547,-0.000627234564,-0.000231130939,-0.000126511762,-0.000112285359,-0.000102588286,-7.29610638e-05
0.419,-0.00103359473,-0.00124741257,-0.00154172631,0.00390774007,0.000870762061,0.000338724007,0.000161763462,0.000208848497,0.000225376348,0.000233918763,0.000759580488,0.000763448335,-0.000189079254,-0.00251652321,-0.000638775363,-0.000232038818,-0.000124373691,-0.000109326932,-9.99166782e-05,-7.13636735e-05
0.42,-0.00104354533,-0.00126196284,-0.00156375234,0.00395461197,0.000888258572,0.000342069576,0.000160697081,0.000202975876,0.000218867383,0.000227290219,0.000765678392,0.000772219232,-0.00018198362,-0.00252275346,-0.000650234547,-0.000233054285,-0.000122355449,-0.000106463544,-9.7314223e-05,-6.97957297e-05
0.421,-0.00105351565,-0.00127657694,-0.00158592966,0.00400316395,0.0009059497,0.000345612094,0.000159761382,0.000197306075,0.000212555462,0.000220853968,0.000771765262,0.000781012139,-0.00017471449,-0.0025300197,-0.000661619827,-0.000234173605,-0.000120452295,-0.00010369205,-9.47789848e-05,-6.8256768e-05
0.422,-0.00106350441,-0.00129125519,-0.0016082658,0.00405325743,0.000923843273,0.000349351878,0.000158954391,0.000191832392,0.000206434089,0.000214603943,0.000777839793,0.000789825863,-0.000167264018,-0.00253831872,-0.000672941874,-0.000235394255,-0.000118660108,-0.000101009691,-9.2309325e-05,-6.67465079e-05
0.423,-0.00107351033,-0.00130599789,-0.00163076756,0.00410475928,0.000941946366,0.000353289299,0.000158274328,0.000186548428,0.000200496994,0.000208534272,0.000783900727,0.000798659511,-0.000159623584,-0.00254763217,-0.000684211412,-0.000236714119,-0.00011697501,-9.84137846e-05,-8.99036154e-05,-6.52646472e-05
0.424,-0.00108353175,-0.00132080493,-0.00165344079,0.00415754085,0.00096026547,0.000357424702,0.000157719538,0.000181448001,0.000194738057,0.0002026392,0.000789946513,0.00080751206,-0.000151784425,-0.00255792772,-0.000695438999,-0.00023813138,-0.000115393318,-9.59016944e-05,-8.75602141e-05,-6.38108454e-05
0.425,-0.00109356392,-0.00133567278,-0.00167628566,0.00421146266,0.000978803633,0.00036175722,0.000157287996,0.000176524627,0.000189150757,0.000196912521,0.00079597318,0.000816380192,-0.00014374023,-0.00256915656,-0.000706632943,-0.000239643756,-0.000113911215,-9.34705853e-05,-8.52772503e-05,-6.23845706e-05
0.426,-0.00110359982,-0.00135059492,-0.00169929601,0.00426638837,0.000997562667,0.000366285438,0.000156977583,0.000171771905,0.000183728621,0.00019134803,0.000801975447,0.000825259084,-0.000135486361,-0.00258127118,-0.000717799341,-0.000241248557,-0.000112524873,-9.11175629e-05,-8.30527601e-05,-6.09851766e-05
0.427,-0.00111363561,-0.00136556848,-0.00172247003,0.00432220844,0.00101654496,0.000371008724,0.000156786722,0.000167184264,0.000178466025,0.000185940355,0.000807950385,0.000834146171,-0.000127018106,-0.00259423588,-0.000728944178,-0.000242943711,-0.000111230988,-8.88401423e-05,-8.08851091e-05,-5.96122176e-05
0.428,-0.00112366942,-0.00138059291,-0.00174580929,0.00437883352,0.00103575298,0.00037592688,0.000156714183,0.000162756663,0.000173357862,0.00018068461,0.000813896403,0.000843040282,-0.000118329829,-0.00260801623,-0.000740073834,-0.000244727683,-0.000110026641,-8.66361032e-05,-7.87728545e-05,-5.82653552e-05
0.429,-0.00113369938,-0.0013956675,-0.00176931509,0.00443618599,0.00105518892,0.000381039669,0.000156758835,0.000158484286,0.000168399225,0.000175576061,0.00081981191,0.000851940193,-0.000109415718,-0.00262257394,-0.000751194233,-0.000246599071,-0.000108909093,-8.45033118e-05,-7.67145867e-05,-5.69442405e-05
0.43,-0.00114372431,-0.00141079244,-0.00179298961,0.00449420115,0.00107485413,0.000386346809,0.000156919669,0.000154362596,0.000163585473,0.000170610209,0.000825695795,0.000860845046,-0.00010027085,-0.00263787016,-0.000762310051,-0.000248556515,-0.000107875798,-8.24397657e-05,-7.4708977e-05,-5.5648551e-05
0.431,-0.00115374677,-0.00142597232,-0.00181684169,0.00455284263,0.00109475096,0.000391848926,0.000157196187,0.000150387709,0.000158912618,0.000165783191,0.000831549529,0.000869756574,-9.0889682e-05,-0.00265387277,-0.000773425913,-0.00025059925,-0.000106924653,-8.04438058e-05,-7.27549669e-05,-5.43781337e-05
0.432,-0.00116376954,-0.00144121144,-0.00184088025,0.00461209515,0.00111488476,0.000397547433,0.000157588186,0.000146556014,0.000154376896,0.000161091338,0.000837374975,0.000878676979,-8.12636568e-05,-0.00267055028,-0.000784547974,-0.000252726954,-0.000106053748,-7.85138414e-05,-7.08515129e-05,-5.31328154e-05
0.433,-0.00117379211,-0.00145651027,-0.00186510866,0.00467193632,0.00113525965,0.000403442882,0.000158095124,0.000142863589,0.000149974172,0.000156530569,0.000843171577,0.000887606138,-7.13848864e-05,-0.00268786083,-0.000795681771,-0.000254938911,-0.000105260998,-7.66480815e-05,-6.89973573e-05,-5.19122421e-05
0.434,-0.0011838129,-0.00147186832,-0.00188952866,0.00473233807,0.0011558786,0.000409535355,0.00015871633,0.000139306497,0.000145700269,0.000152096749,0.000848937946,0.000896543086,-6.1247571e-05,-0.00270576175,-0.000806831559,-0.000257234155,-0.000104544299,-7.484471e-05,-6.71911965e-05,-5.07160033e-05
0.435,-0.00119383029,-0.00148728521,-0.00191414183,0.00479327068,0.00117674423,0.000415824897,0.000159451179,0.000135880958,0.000141551148,0.000147785869,0.000854672695,0.000905486864,-5.0847137e-05,-0.00272421622,-0.000818000909,-0.000259611673,-0.000103901619,-7.31019663e-05,-6.5431754e-05,-4.95436858e-05
0.436,-0.00120384316,-0.00150276112,-0.00193894915,0.00485470534,0.00119786059,0.000422311899,0.000160299212,0.000132583412,0.000137522983,0.00014359413,0.000860374893,0.000914437072,-4.01797239e-05,-0.00274319612,-0.000829194334,-0.000262070622,-0.000103331052,-7.14181662e-05,-6.37178046e-05,-4.83948918e-05
0.437,-0.0012138522,-0.00151829865,-0.0019639525,0.00491661717,0.00121923552,0.000428997751,0.000161260356,0.000129410656,0.000133612297,0.000139518079,0.000866045049,0.000923395086,-2.92421043e-05,-0.00276267865,-0.000840420134,-0.000264610962,-0.000102830979,-6.97917685e-05,-6.20482314e-05,-4.72692862e-05
0.438,-0.00122385879,-0.00153390187,-0.00198915623,0.00497897629,0.00124087373,0.000435883409,0.000162334515,0.000126359553,0.00012981566,0.000135554288,0.000871683713,0.000932362555,-1.80322345e-05,-0.00278263201,-0.000851685655,-0.000267232802,-0.000102399924,-6.82213116e-05,-6.0421958e-05,-4.61665489e-05
0.439,-0.00123386193,-0.00154957136,-0.0020145612,0.00504175404,0.00126277734,0.000442969213,0.000163521404,0.000123426916,0.000126129562,0.000131699214,0.000877289915,0.000941339219,-6.54685535e-06,-0.00280302053,-0.000862994668,-0.000269935659,-0.000102036313,-6.67052791e-05,-5.88378242e-05,-4.50862643e-05
0.44,-0.00124386017,-0.00156530696,-0.00204016735,0.00510493015,0.00128494796,0.00045025538,0.000164820751,0.000120609659,0.000122550594,0.000127949386,0.000882862415,0.000950324363,5.2170031e-06,-0.0028238116,-0.000874349543,-0.000272718834,-0.000101738616,-6.52421954e-05,-5.7294685e-05,-4.40280014e-05
0.441,-0.00125385206,-0.00158110846,-0.00206597419,0.00516849387,0.00130738702,0.000457742129,0.000166232348,0.000117904842,0.000119075481,0.00012430145,0.00088839998,0.000959317156,1.72617691e-05,-0.00284497784,-0.000885751977,-0.000275581576,-0.000101505381,-6.3830653e-05,-5.57914355e-05,-4.29913348e-05
0.442,-0.00126383721,-0.00159697677,-0.00209198316,0.00523245187,0.00133009637,0.000465430126,0.000167756209,0.000115309799,0.000115701212,0.000120752297,0.00089390213,0.000968317338,2.95906454e-05,-0.00286650098,-0.000897203331,-0.000278523338,-0.000101335343,-6.24693916e-05,-5.43270737e-05,-4.19758924e-05
0.443,-0.0012738167,-0.00161291428,-0.0021181993,0.00529683015,0.00135307919,0.000473320774,0.000169392647,0.000112822143,0.000112425026,0.000117299051,0.000899369416,0.000977325641,4.22091583e-05,-0.00288836961,-0.0009087054,-0.000281543948,-0.00010122744,-6.11572978e-05,-5.29006946e-05,-4.09813525e-05
0.444,-0.00128379048,-0.00162892207,-0.00214462583,0.00536165514,0.00137633966,0.000481415458,0.000171141961,0.000110439496,0.000109244146,0.000113938811,0.000904801636,0.000986342138,5.51231251e-05,-0.00291057014,-0.000920260947,-0.000284643255,-0.000101180611,-5.98932311e-05,-5.15113554e-05,-4.00073479e-05
0.445,-0.00129375704,-0.00164499972,-0.00217126298,0.00542694408,0.00139988176,0.000489715174,0.000173004325,0.000108159433,0.000106155743,0.000110668611,0.000910197548,0.000995365945,6.8336713e-05,-0.00293308652,-0.000931872931,-0.000287820927,-0.000101193734,-5.86759974e-05,-5.01580638e-05,-3.90534602e-05
0.446,-0.00130371477,-0.00166114687,-0.00219811084,0.00549270947,0.00142370948,0.000498220936,0.000174979937,0.000105979611,0.00010315707,0.000107485561,0.000915555843,0.00100439617,8.18533901e-05,-0.00295590473,-0.000943544289,-0.000291076639,-0.000101265717,-5.75044321e-05,-4.88398456e-05,-3.81192701e-05
0.447,-0.0013136619,-0.00167736313,-0.00222516955,0.0055589569,0.00144782672,0.000506933767,0.000177069025,0.000103897768,0.000100245444,0.00010438684,0.00092087505,0.00101343179,9.56760323e-05,-0.00297901066,-0.000955278371,-0.000294410153,-0.000101395515,-5.63773971e-05,-4.75557407e-05,-3.72043557e-05
0.448,-0.00132359537,-0.00169364712,-0.00225243617,0.00562567639,0.00147223474,0.000515853715,0.000179271563,0.000101911562,9.74181254e-05,0.000101369556,0.000926152562,0.00102247081,0.000109803848,-0.00300238694,-0.000967077802,-0.000297820854,-0.000101581996,-5.52936996e-05,-4.63047539e-05,-3.63082601e-05
0.449,-0.00133351034,-0.00170999453,-0.00227990079,0.00569286215,0.0014969371,0.00052498105,0.000181587555,0.000100018706,9.46724462e-05,9.84308861e-05,0.000931385061,0.00103151032,0.000124235832,-0.00302602605,-0.000978945344,-0.000301307926,-0.000101823974,-5.42521175e-05,-4.50858665e-05,-3.54304896e-05
0.45,-0.00134340369,-0.00172640305,-0.00230755711,0.00576052376,0.00152193771,0.000534316649,0.000184017265,9.82171721e-05,9.20059788e-05,9.55682383e-05,0.000936570448,0.00104054863,0.000138973197,-0.00304992741,-0.000990883939,-0.000304870913,-0.000102120454,-5.32515824e-05,-4.38981687e-05,-3.45706152e-05
0.451,-0.00135327351,-0.00174287207,-0.00233540296,0.00582867548,0.00154723962,0.000543861509,0.000186561081,9.65051008e-05,8.94164461e-05,9.27791565e-05,0.000941707312,0.00104958482,0.000154018871,-0.00307408383,-0.00100289669,-0.000308509576,-0.000102470579,-5.22911304e-05,-4.27408206e-05,-3.37282453e-05
0.452,-0.00136311804,-0.00175940127,-0.00236343806,0.00589733086,0.00157284548,0.000553616597,0.000189219443,9.48807217e-05,8.69016458e-05,9.00612404e-05,0.000946794381,0.00105861833,0.000169377068,-0.00309847423,-0.00101498644,-0.0003122237,-0.000102873551,-5.13698385e-05,-4.16130012e-05,-3.29029865e-05
0.453,-0.00137293239,-0.00177598612,-0.00239165916,0.00596649162,0.00159875476,0.000563581921,0.000191992493,9.33421913e-05,8.44592864e-05,8.74119725e-05,0.000951828246,0.00106764609,0.000185053088,-0.00312305969,-0.00102715295,-0.000316012516,-0.000103328455,-5.0486746e-05,-4.05138311e-05,-3.20943789e-05
0.454,-0.00138270535,-0.00179261382,-0.00242005491,0.00603612715,0.00162495772,0.000573754643,0.000194879438,9.18873662e-05,8.20868088e-05,8.48285454e-05,0.000956801078,0.00107665953,0.000201050151,-0.00314778878,-0.00103938768,-0.000319873372,-0.000103833894,-4.9640751e-05,-3.94423009e-05,-3.13018382e-05
0.455,-0.00139242787,-0.00180927485,-0.00244861732,0.00610619899,0.00165144487,0.000584131972,0.000197879582,9.05143019e-05,7.97818938e-05,8.23084066e-05,0.000961706524,0.00108565144,0.000217367043,-0.00317262725,-0.00105168132,-0.00032380335,-0.000104388503,-4.88308492e-05,-3.83975107e-05,-3.05248556e-05
0.456,-0.00140209686,-0.0018259676,-0.00247734651,0.00617668235,0.00167821458,0.000594713603,0.000200993106,8.92215176e-05,7.75426706e-05,7.98494683e-05,0.000966542463,0.00109461961,0.000234001639,-0.0031975648,-0.00106403094,-0.000327800982,-0.000104991383,-4.80562504e-05,-3.73787506e-05,-2.97630693e-05
0.457,-0.00141170988,-0.0018426912,-0.00250624296,0.00624755195,0.00170526659,0.000605499764,0.000204220389,8.80076613e-05,7.53673771e-05,7.74497487e-05,0.000971307252,0.0011035625,0.000250952288,-0.0032225981,-0.00107643529,-0.000331865262,-0.000105641767,-4.73162181e-05,-3.63853467e-05,-2.90161365e-05
0.458,-0.00142126504,-0.00185944561,-0.00253530681,0.00631878255,0.00173260118,0.0006164908,0.000207561869,8.68714543e-05,7.32543329e-05,7.51073529e-05,0.000975999703,0.0011124791,0.000268216152,-0.00324773343,-0.00108889319,-0.000335995123,-0.000106338893,-4.66100373e-05,-3.54166517e-05,-2.82837296e-05
0.459,-0.00143076541,-0.00187623724,-0.00256454351,0.00639037086,0.00176022871,0.000627689935,0.000211018919,8.58119685e-05,7.12021783e-05,7.28207189e-05,0.000980622371,0.00112137294,0.000285791636,-0.00327299392,-0.00110141061,-0.000340190973,-0.000107082412,-4.5937123e-05,-3.4472138e-05,-2.75656155e-05
0.46,-0.00144021761,-0.00189307798,-0.00259396711,0.0064623203,0.00178816083,0.000639101371,0.000214593373,8.48284727e-05,6.92096932e-05,7.05884086e-05,0.000985179744,0.00113025039,0.000303678546,-0.00329839322,-0.00111399759,-0.000344454472,-0.000107872351,-4.52970018e-05,-3.35513508e-05,-2.68616168e-05
0.461,-0.00144962289,-0.00190997243,-0.00262358418,0.00653461709,0.00181640207,0.00065072729,0.000218286419,8.39200264e-05,6.72754413e-05,6.84087387e-05,0.000989672565,0.00113911331,0.00032187684,-0.00332392489,-0.00112665849,-0.000348786217,-0.000108708454,-4.46891034e-05,-3.26537258e-05,-2.61714521e-05
0.462,-0.00145897908,-0.00192692012,-0.00265339432,0.00660724278,0.00184495465,0.000662568948,0.000222098915,8.30856121e-05,6.53979219e-05,6.62799475e-05,0.000994099355,0.00114796043,0.000340384756,-0.00334958447,-0.00113939383,-0.00035318594,-0.000109590259,-4.41128123e-05,-3.17786536e-05,-2.54947898e-05
0.463,-0.00146828415,-0.00194392101,-0.00268339644,0.00668017985,0.00187381946,0.000674627267,0.000226031664,8.23242542e-05,6.3575696e-05,6.42003294e-05,0.000998458732,0.00115679036,0.000359197974,-0.00337538063,-0.00115220248,-0.000357653042,-0.000110517274,-4.35675361e-05,-3.09255495e-05,-2.48313093e-05
0.464,-0.00147754393,-0.0019609856,-0.00271360256,0.00675344715,0.00190300142,0.000686905555,0.000230086394,8.16354211e-05,6.18076848e-05,6.21685336e-05,0.00100275446,0.0011656075,0.00037831266,-0.00340134756,-0.00116508626,-0.000362188154,-0.000111489461,-4.30529354e-05,-3.00940102e-05,-2.41808255e-05
0.465,-0.00148677593,-0.0019781391,-0.00274404595,0.00682714432,0.00193252132,0.000699413467,0.000234266983,8.10193903e-05,6.00933463e-05,6.0183713e-05,0.00100699833,0.00117442584,0.00039773469,-0.00342753834,-0.00117805816,-0.000366795425,-0.000112507812,-4.25690914e-05,-2.92838806e-05,-2.35433362e-05
0.466,-0.00149599103,-0.00199539711,-0.0027747481,0.00690137887,0.00196240195,0.000712160405,0.000238577119,8.04762533e-05,5.84319006e-05,5.82447446e-05,0.00101119796,0.00118325509,0.000417476111,-0.0034539702,-0.00119113302,-0.000371479029,-0.000113573205,-4.21159316e-05,-2.84948532e-05,-2.29187056e-05
0.467,-0.00150518907,-0.00201276166,-0.00280571231,0.00697621359,0.00199265292,0.000725150401,0.00024301873,8.00054582e-05,5.68220999e-05,5.63500307e-05,0.00101535324,0.00119209622,0.000437543482,-0.00348061737,-0.00120431713,-0.000376240377,-0.000114685686,-4.16930197e-05,-2.77263851e-05,-2.23066105e-05
0.468,-0.00151436908,-0.00203023417,-0.00283694118,0.00705170194,0.00202328202,0.000738386706,0.000247593492,7.96064019e-05,5.52626867e-05,5.44979668e-05,0.00101946345,0.00120094945,0.000457940431,-0.00350744814,-0.00121761453,-0.000381080211,-0.000115845129,-4.12998772e-05,-2.69779219e-05,-2.17067162e-05
0.469,-0.00152352761,-0.00204781296,-0.00286843483,0.00712788102,0.00205429535,0.000751871832,0.000252302844,7.92784293e-05,5.37523655e-05,5.26869026e-05,0.00102352611,0.00120981316,0.00047867044,-0.00353441874,-0.00123102916,-0.000385999091,-0.000117051333,-4.09359796e-05,-2.62488779e-05,-2.11186573e-05
0.47,-0.00153265017,-0.00206548234,-0.00290017309,0.00720472394,0.00208568331,0.000765602056,0.000257146224,7.90202613e-05,5.22894842e-05,5.09148488e-05,0.00102753114,0.00121867682,0.000499728595,-0.00356146304,-0.00124455542,-0.000390994451,-0.000118303219,-4.06004551e-05,-2.55384817e-05,-2.05419232e-05
0.471,-0.00154171993,-0.00208322285,-0.00293212481,0.00728219169,0.00211743563,0.000779572713,0.000262122664,7.88305255e-05,5.08724276e-05,4.91798817e-05,0.00103146756,0.00122752825,0.00052110442,-0.0035885404,-0.00125818352,-0.000396062309,-0.00011959934,-4.02923615e-05,-2.48459593e-05,-1.99760006e-05
0.472,-0.00155073162,-0.00210103049,-0.00296428033,0.00736029802,0.00214955114,0.000793783756,0.000267232837,7.87085163e-05,4.95000484e-05,4.74805288e-05,0.00103533205,0.0012363642,0.00054279207,-0.00361564745,-0.00127191057,-0.000401201171,-0.000120939039,-4.00111408e-05,-2.41707769e-05,-1.94205552e-05
0.473,-0.00155968317,-0.00211890539,-0.00299663735,0.00743908532,0.00218203226,0.000808236967,0.000272478113,7.86538249e-05,4.81713796e-05,4.58154705e-05,0.00103912341,0.00124518422,0.000564791541,-0.00364277654,-0.00128573853,-0.000406410877,-0.000122322048,-3.97563944e-05,-2.35124852e-05,-1.88753072e-05
0.474,-0.00156857041,-0.00213684434,-0.00302919324,0.00751860911,0.00221488419,0.00082293474,0.000277860059,7.86661552e-05,4.68854906e-05,4.41833882e-05,0.00104283915,0.00125398654,0.000587107806,-0.00366989312,-0.00129967177,-0.000411691924,-0.000123748273,-3.95277786e-05,-2.28706389e-05,-1.83399643e-05
0.475,-0.00157736868,-0.00215481559,-0.00306191181,0.00759883162,0.00224809023,0.000837870785,0.000283377138,7.87444447e-05,4.56409659e-05,4.25824835e-05,0.00104646341,0.00126275254,0.000609739114,-0.00369691167,-0.00131369741,-0.000417040234,-0.000125216282,-3.93246095e-05,-2.22445586e-05,-1.78140199e-05
0.476,-0.0015860426,-0.00217277417,-0.00309473946,0.00767960741,0.00228160584,0.000853029193,0.000289024643,7.88869408e-05,4.44361279e-05,4.10107576e-05,0.00104997274,0.0012714532,0.000632665374,-0.00372375777,-0.00132778156,-0.000422446263,-0.000126723225,-3.91459269e-05,-2.16334686e-05,-1.72968862e-05
0.477,-0.00159457585,-0.00219070184,-0.0031276549,0.00776082304,0.00231540538,0.000868401103,0.000294800382,7.90926374e-05,4.32698921e-05,3.94668233e-05,0.00105335637,0.00128007451,0.000655864345,-0.0037504578,-0.00134190169,-0.000427903471,-0.000128267251,-3.89911119e-05,-2.10368747e-05,-1.67882178e-05
0.478,-0.00160296401,-0.00220859588,-0.00316065613,0.00784240027,0.00234948424,0.000883985198,0.00030070471,7.9361215e-05,4.21415824e-05,3.79496748e-05,0.00105661177,0.00128861286,0.000679321805,-0.00377710231,-0.00135605089,-0.000433409443,-0.000129847655,-3.88598475e-05,-2.04544587e-05,-1.62878109e-05
0.479,-0.00161120369,-0.00222645496,-0.00319373865,0.0079242473,0.00238383569,0.000899779819,0.000306737921,7.96923518e-05,4.10505508e-05,3.64583429e-05,0.0010597371,0.00129706532,0.000703021923,-0.00380381183,-0.00137022191,-0.000438961685,-0.000131463711,-3.87518164e-05,-1.98859158e-05,-1.57954743e-05
0.48,-0.00161931492,-0.00224431035,-0.0032269338,0.00800638098,0.00241848218,0.000915794558,0.000312904299,8.00866707e-05,3.99966909e-05,3.4992366e-05,0.00106274613,0.00130544859,0.000726957582,-0.00383077862,-0.00138442666,-0.000444562789,-0.000133116191,-3.86670893e-05,-1.93311855e-05,-1.53112322e-05
0.481,-0.00162734679,-0.00226223342,-0.00326033107,0.00808900355,0.00245349603,0.000932058025,0.000319214807,8.05464168e-05,3.89805968e-05,3.35518254e-05,0.00106567166,0.00131380479,0.000751151485,-0.00385820586,-0.00139871584,-0.000450226072,-0.000134808843,-3.86064222e-05,-1.87905033e-05,-1.48353452e-05
0.482,-0.00163532832,-0.00228026765,-0.00329399338,0.00817227632,0.00248893035,0.00094859177,0.000325678045,8.10732872e-05,3.8002386e-05,3.2136259e-05,0.00106853294,0.00132216049,0.000775633462,-0.00388614819,-0.00141313296,-0.000455963079,-0.000136544755,-3.85703147e-05,-1.82638593e-05,-1.43678443e-05
0.483,-0.00164326012,-0.0022984174,-0.00332793187,0.0082562327,0.00252479842,0.00096540171,0.00033229717,8.16676561e-05,3.70614998e-05,3.07445882e-05,0.0010713305,0.00133051825,0.000800414861,-0.00391454661,-0.00142768999,-0.000461776947,-0.00013832463,-3.85586615e-05,-1.77509201e-05,-1.39084901e-05
0.484,-0.00165114162,-0.00231668621,-0.00336215423,0.00834087634,0.00256110624,0.000982491074,0.000339074478,8.23296931e-05,3.61573423e-05,2.9375717e-05,0.00107406398,0.00133887887,0.000825496239,-0.00394334163,-0.00144238892,-0.000467668444,-0.000140148627,-3.85712492e-05,-1.7251329e-05,-1.34570318e-05
0.485,-0.00165897819,-0.00233508631,-0.0033966788,0.00842622539,0.00259785969,0.00099986457,0.000346012948,8.30598313e-05,3.52894669e-05,2.80286665e-05,0.00107673664,0.00134724751,0.000850877598,-0.00397249394,-0.0014572323,-0.000473639037,-0.000142017172,-3.86080073e-05,-1.67648e-05,-1.30132702e-05
0.486,-0.00166678587,-0.00235364422,-0.00343154428,0.0085123778,0.00263507937,0.00101753383,0.000353118003,8.38592437e-05,3.44577158e-05,2.67026517e-05,0.00107935866,0.00135563802,0.000876568551,-0.00400198063,-0.00147223287,-0.000479693778,-0.000143931727,-3.86692441e-05,-1.62911851e-05,-1.25770933e-05
0.487,-0.00167457534,-0.00237237757,-0.0034667753,0.00859946255,0.00267279396,0.00103551212,0.000360395478,8.47291411e-05,3.36618799e-05,2.53968071e-05,0.00108193747,0.00136406133,0.00090258416,-0.004031746,-0.00148740684,-0.000485838166,-0.000145893798,-3.8755224e-05,-1.5830282e-05,-1.21483383e-05
0.488,-0.00168234773,-0.00239129222,-0.00350238093,0.00868759159,0.00271101526,0.00105380598,0.00036784906,8.56701702e-05,3.29015289e-05,2.41100921e-05,0.00108447392,0.00137252079,0.000928933366,-0.00406168592,-0.00150276184,-0.000492074762,-0.000147904081,-3.88659039e-05,-1.53817656e-05,-1.17267586e-05
0.489,-0.00169010294,-0.002410393,-0.0035383726,0.00877689651,0.00274975531,0.00107242165,0.00037548234,8.66829707e-05,3.21762274e-05,2.28414588e-05,0.00108696798,0.00138101906,0.000955625277,-0.0040916777,-0.00151830522,-0.000498405914,-0.000149963206,-3.90012097e-05,-1.49452958e-05,-1.13120976e-05
0.49,-0.00169782584,-0.00242966364,-0.003574744,0.00886744769,0.00278901449,0.00109135936,0.000383296663,8.77677328e-05,3.1485349e-05,2.15897015e-05,0.00108940991,0.00138954677,0.000982665289,-0.00412155319,-0.00153403685,-0.000504831736,-0.000152071112,-3.91608558e-05,-1.45204291e-05,-1.09040058e-05
0.491,-0.00170545822,-0.00244902727,-0.0036114048,0.00895903703,0.00282872387,0.00111059029,0.000391283071,8.89222295e-05,3.08274899e-05,2.03531431e-05,0.00109176218,0.00139805786,0.00101001959,-0.00415111027,-0.00154990795,-0.000511337808,-0.000154223622,-3.93434787e-05,-1.41063639e-05,-1.05018778e-05
0.492,-0.00171294693,-0.00246841378,-0.00364825828,0.00905136852,0.00286881006,0.00113008297,0.000399431478,9.01439002e-05,3.02013488e-05,1.91303248e-05,0.00109399095,0.00140650861,0.00103763207,-0.00418032506,-0.00156585618,-0.000517905817,-0.000156415602,-3.95475809e-05,-1.37023628e-05,-1.01051922e-05
0.493,-0.00172028099,-0.00248781213,-0.00368528759,0.00914428416,0.00290926035,0.00114983085,0.000407740578,9.14323486e-05,2.96065123e-05,1.79204137e-05,0.00109608961,0.00141488968,0.0010654715,-0.00420940473,-0.00158185923,-0.000524529358,-0.000158645372,-3.97726595e-05,-1.33081036e-05,-9.71373084e-06
0.494,-0.00172745672,-0.00250722008,-0.0037224927,0.00923762264,0.00295008168,0.00116983447,0.000416211569,9.27879229e-05,2.90428764e-05,1.67227365e-05,0.00109805635,0.00142319835,0.00109352415,-0.00423863123,-0.00159791478,-0.000531206948,-0.000160912527,-4.00185611e-05,-1.29233961e-05,-9.32734498e-06
0.495,-0.0017344676,-0.00252663006,-0.00375986885,0.00933114106,0.00299128814,0.00119009471,0.000424845595,9.42110724e-05,2.8510439e-05,1.55366557e-05,0.00109988784,0.00143142961,0.00112177961,-0.00426831943,-0.00161402502,-0.000537937796,-0.000163216773,-4.02851888e-05,-1.25480876e-05,-8.94589329e-06
0.496,-0.00174129782,-0.00254602027,-0.00379739017,0.00942441659,0.00303288828,0.00121060769,0.000433641831,9.57018875e-05,2.80091546e-05,1.43615087e-05,0.00110157513,0.00143957064,0.00115021942,-0.0042988152,-0.00163018624,-0.000544718887,-0.000165557062,-4.05723056e-05,-1.21819995e-05,-8.56920791e-06
0.497,-0.00174793403,-0.002565375,-0.00383504578,0.00951684143,0.00307487526,0.00123136489,0.00044259824,9.72603045e-05,2.75389891e-05,1.31966825e-05,0.00110310985,0.00144760982,0.00117882051,-0.00433053532,-0.00164638923,-0.000551546387,-0.000167932205,-4.08796326e-05,-1.18249545e-05,-8.19713906e-06
0.498,-0.00175437035,-0.00258468952,-0.00387284274,0.00960763368,0.00311725773,0.00125236385,0.000451715099,9.88867167e-05,2.7099956e-05,1.20416072e-05,0.00110448871,0.00145554327,0.00120756887,-0.00436398953,-0.00166263189,-0.000558419205,-0.000170341838,-4.12070092e-05,-1.14767661e-05,-7.8295584e-06
0.499,-0.0017606022,-0.00260396125,-0.00391078853,0.00969577322,0.00316004358,0.00127360308,0.000460993328,0.000100581637,2.66919879e-05,1.08956699e-05,0.00110570946,0.00146336954,0.00123645367,-0.00439974877,-0.00167891217,-0.000565337259,-0.000172785931,-4.1554282e-05,-1.11371892e-05,-7.46631793e-06
0.5,-0.00176664264,-0.00262321474,-0.00394891358,0.00978007253,0.003203246,0.00129508714,0.000470436842,0.000102346104,2.63150493e-05,9.75825833e-06,0.00110678092,0.00147110317,0.00126547253,-0.00443846664,-0.00169523392,-0.000572303062,-0.00017526537,-4.19214363e-05,-1.08059591e-05,-7.10729931e-06
0.501,-0.00177257284,-0.00264257562,-0.00398739456,0.00985954197,0.0032469907,0.00131687002,0.000480068523,0.000104185327,2.59700301e-05,8.62899079e-06,0.00110775473,0.00147881918,0.00129469637,-0.00448086672,-0.00171167948,-0.000579343118,-0.000177788196,-4.23100118e-05,-1.04831187e-05,-6.75259423e-06
0.502,-0.00177847447,-0.00266216877,-0.0040264311,0.00993309002,0.00329143989,0.00133901932,0.00048991666,0.000106106143,2.56580908e-05,7.50732804e-06,0.00110868295,0.00148659649,0.00132424118,-0.00452738137,-0.00172837081,-0.000586494528,-0.000180365296,-4.27221626e-05,-1.01687483e-05,-6.40223134e-06
0.503,-0.00178436356,-0.00268202062,-0.00406608581,0.00999904324,0.0033366547,0.00136155734,0.000499993154,0.00010811217,2.53796552e-05,6.39236105e-06,0.00110957617,0.00149445795,0.00135417649,-0.00457798562,-0.00174537126,-0.000593775661,-0.000183001981,-4.31588328e-05,-9.86260793e-06,-6.05596597e-06
0.504,-0.00179024124,-0.00270213444,-0.00410637785,0.0100553028,0.00338266111,0.00138448893,0.000510303751,0.000110205777,2.51350187e-05,5.28314789e-06,0.00111043552,0.00150241144,0.00138453957,-0.00463241746,-0.00176271147,-0.000601195354,-0.000185701088,-4.36205033e-05,-9.56438512e-06,-5.71349575e-06
0.505,-0.00179610692,-0.00272250839,-0.00414731356,0.0100994006,0.00342947563,0.00140781358,0.000520852545,0.00011238922,2.4924652e-05,4.17883094e-06,0.00111126097,0.00151046183,0.00141535767,-0.00469021603,-0.00178041582,-0.000608760063,-0.000188464993,-4.41076914e-05,-9.27381974e-06,-5.37452158e-06
0.506,-0.00180195046,-0.00274312338,-0.00418886489,0.0101284719,0.00347708726,0.00143151848,0.00053163946,0.000114664211,2.47491212e-05,3.07864949e-06,0.00111204656,0.00151860411,0.00144664072,-0.00475068265,-0.00179849547,-0.000616471667,-0.000191294941,-4.46208915e-05,-8.99070675e-06,-5.03873895e-06
0.507,-0.00180775989,-0.00276395246,-0.00423097012,0.0101393455,0.00352548724,0.00145558969,0.000542664155,0.00011703248,2.46091105e-05,1.98190376e-06,0.00111278646,0.00152683171,0.00147838771,-0.00481289937,-0.00181695466,-0.000624329662,-0.000194191852,-4.51606894e-05,-8.71488829e-06,-4.70585114e-06
0.508,-0.00181353389,-0.00278498324,-0.00427358061,0.0101287017,0.00357466704,0.00148001651,0.00055392864,0.000119496435,2.45055496e-05,8.8796281e-07,0.00111348149,0.00153514665,0.0015106011,-0.00487571625,-0.00183580073,-0.000632335174,-0.000197157771,-4.57280075e-05,-8.44628721e-06,-4.37558252e-06
0.509,-0.00181927273,-0.00280620359,-0.00431664985,0.0100931265,0.00362461791,0.00150478943,0.000565436271,0.000122059149,2.4439599e-05,-2.03752025e-07,0.00111413363,0.00154355211,0.00154328585,-0.00493767882,-0.00185504485,-0.000640490594,-0.000200195675,-4.6324153e-05,-8.18491691e-06,-4.04765456e-06
0.51,-0.00182494633,-0.00282755151,-0.00436007232,0.0100289992,0.00367529111,0.00152988091,0.000577184023,0.000124722834,2.44123662e-05,-1.29372714e-06,0.00111472658,0.00155202396,0.00157641958,-0.00499695276,-0.00187466987,-0.000648791273,-0.000203307015,-4.69503231e-05,-7.93082417e-06,-3.72173485e-06
0.511,-0.00183043932,-0.00284883018,-0.00440353191,0.00993215692,0.00372645128,0.00155518603,0.00058914009,0.000127483552,2.44238663e-05,-2.38226613e-06,0.0011151921,0.0015604602,0.00160986423,-0.0050513866,-0.00189452597,-0.000657195353,-0.000206483044,-4.76056379e-05,-7.68377849e-06,-3.39733972e-06
0.512,-0.00183564871,-0.00286985895,-0.00444669311,0.00979847028,0.00377781608,0.0015805849,0.000601267782,0.000130335863,2.44739176e-05,-3.46949192e-06,0.00111546972,0.00156876338,0.00164342457,-0.00509902996,-0.00191440464,-0.000665647269,-0.000209712211,-4.82888115e-05,-7.44356451e-06,-3.07404831e-06
0.513,-0.0018405533,-0.00289057883,-0.0044893765,0.00962449282,0.00382923355,0.00160601843,0.000613554016,0.000133279366,2.45633604e-05,-4.55550563e-06,0.00111554978,0.00157690457,0.00167695802,-0.00513831646,-0.0019341681,-0.000674115095,-0.000212990819,-4.90005589e-05,-7.21036431e-06,-2.75162694e-06
0.514,-0.00184514603,-0.00291094788,-0.00453141677,0.00940739065,0.00388056421,0.00163143992,0.000625991061,0.000136314952,2.46933205e-05,-5.64038492e-06,0.00111543175,0.00158486594,0.00171033479,-0.00516779803,-0.00195369625,-0.000682572908,-0.000216317325,-4.97422651e-05,-6.98454054e-06,-2.42989269e-06
0.515,-0.00184944358,-0.00293095876,-0.00457267695,0.00914519707,0.0039316936,0.0016568184,0.000638577762,0.000139444665,2.48650773e-05,-6.72430923e-06,0.0011151299,0.0015926487,0.00174343191,-0.00518619215,-0.0019728792,-0.000690998885,-0.000219691923,-5.05158105e-05,-6.76656779e-06,-2.10870981e-06
0.516,-0.00185351314,-0.00295068303,-0.00461313746,0.00883716472,0.00398260844,0.00168217103,0.00065133189,0.000142674624,2.50806032e-05,-7.80770854e-06,0.00111468903,0.00160029796,0.00177617819,-0.00519240947,-0.0019916706,-0.00069939131,-0.000223121153,-5.13245556e-05,-6.55714749e-06,-1.78800427e-06
0.517,-0.00185740656,-0.00297016963,-0.00465277534,0.00848358329,0.00403326092,0.00170750751,0.000664268916,0.000146010863,2.53419346e-05,-8.89097132e-06,0.0011141435,0.00160784393,0.00180850267,-0.00518535084,-0.00201001738,-0.000707748039,-0.00022661148,-5.21719574e-05,-6.35708252e-06,-1.4677045e-06
0.518,-0.00186112538,-0.00298938768,-0.00469145692,0.00808558933,0.00408350626,0.00173279664,0.000677387849,0.000149455661,2.56504447e-05,-9.97430819e-06,0.00111349725,0.00161527075,0.00184027637,-0.00516398794,-0.00202778963,-0.000716045628,-0.000230162991,-5.30601593e-05,-6.16708084e-06,-1.14773002e-06
0.519,-0.00186466759,-0.00300830316,-0.00472904063,0.00764533821,0.00413317471,0.0017579975,0.000690683206,0.000153009714,2.60071653e-05,-1.105793e-05,0.00111275179,0.00162255747,0.00187134713,-0.00512768251,-0.00204481915,-0.000724250728,-0.000233772842,-5.39906294e-05,-5.98778458e-06,-8.28043941e-07
0.52,-0.00186807539,-0.0030269564,-0.00476550433,0.00716621422,0.00418217006,0.00178310427,0.000704162778,0.000156676168,2.64134743e-05,-1.21422943e-05,0.00111193451,0.00162972202,0.00190161454,-0.00507632575,-0.00206097774,-0.000732341974,-0.000237441541,-5.49655375e-05,-5.81992054e-06,-5.08672202e-07
0.521,-0.00187144661,-0.0030454795,-0.00480099378,0.00665285538,0.0042305497,0.0018081784,0.000717859975,0.000160463868,2.68717117e-05,-1.32282939e-05,0.00111110596,0.00163683428,0.00193107965,-0.00501017574,-0.0020762402,-0.000740327868,-0.000241177927,-5.59888789e-05,-5.66445814e-06,-1.89693687e-07
0.522,-0.00187484035,-0.00306394497,-0.00483559316,0.0061106357,0.00427835385,0.00183326971,0.000731801907,0.00016438025,2.738393e-05,-1.43167335e-05,0.00111030354,0.00164393366,0.00195974258,-0.00492947678,-0.00209058768,-0.000748214694,-0.000244988765,-5.70639331e-05,-5.5223087e-06,1.28799373e-07
0.523,-0.00187826139,-0.00308234442,-0.00486928476,0.00554537124,0.00432553054,0.00185838109,0.000745995145,0.000168427562,2.79511462e-05,-1.54081301e-05,0.00110953137,0.00165101261,0.00198755135,-0.00483452289,-0.00210394561,-0.000755988553,-0.000248873407,-5.81919203e-05,-5.39410135e-06,4.46709025e-07
0.524,-0.00188170782,-0.00310066392,-0.00490206888,0.00496322578,0.00437204775,0.0018835167,0.000760444356,0.00017260704,2.85740487e-05,-1.65030068e-05,0.00110878914,0.00165805885,0.00201445723,-0.00472585843,-0.00211624087,-0.000763634741,-0.000252829794,-5.93733796e-05,-5.28033246e-06,7.63907031e-07
0.525,-0.00188512679,-0.00311881079,-0.00493385292,0.00437032443,0.0044177909,0.00190863833,0.000775134608,0.000176915025,2.92523759e-05,-1.76014301e-05,0.00110804587,0.00166501623,0.00204036918,-0.00460420482,-0.00212735847,-0.000771122138,-0.000256849164,-6.06068539e-05,-5.18124894e-06,1.0802194e-06
0.526,-0.00188842828,-0.00313663455,-0.00496445727,0.003772525,0.0044625907,0.00193367022,0.000790032241,0.000181342447,2.99846815e-05,-1.87031263e-05,0.00110724922,0.00167179739,0.00206515413,-0.00447060868,-0.00213713855,-0.000778400761,-0.000260915203,-6.18886654e-05,-5.09676793e-06,1.39540172e-06
0.527,-0.00189157207,-0.00315406888,-0.00499383398,0.00317545939,0.00450640594,0.00195858466,0.000805120417,0.000185883226,3.07698353e-05,-1.98082246e-05,0.00110637658,0.0016783615,0.0020887486,-0.00432657533,-0.00214549117,-0.000785439309,-0.000265016087,-6.32158639e-05,-5.0267833e-06,1.70916905e-06
0.528,-0.00189455707,-0.00317111357,-0.00502205187,0.00258441196,0.00454930213,0.00198340166,0.000820400445,0.000190535499,3.16074541e-05,-2.09171464e-05,0.00110542821,0.00168470541,0.00211116885,-0.00417377095,-0.00215241695,-0.000792231472,-0.000269146383,-6.45867348e-05,-4.97130132e-06,2.02120767e-06
0.529,-0.00189736698,-0.00318774256,-0.00504915557,0.00200410108,0.00459135281,0.00200814409,0.000835873416,0.000195297788,3.24973679e-05,-2.20300697e-05,0.0011043957,0.00169081431,0.00213244092,-0.00401373792,-0.00215793993,-0.000798777439,-0.000273301373,-6.59995399e-05,-4.93039799e-06,2.33113377e-06
0.53,-0.00189989928,-0.00320378544,-0.00507496794,0.00143842143,0.00463246501,0.00203275206,0.000851504051,0.000200160018,3.34380251e-05,-2.31460949e-05,0.00110322054,0.00169659574,0.00215248794,-0.00384788609,-0.00216197976,-0.000805043106,-0.000277464105,-6.74495103e-05,-4.90395847e-06,2.63839271e-06
0.531,-0.00190203524,-0.00321905007,-0.00509927757,0.000890435919,0.00467248025,0.00205712358,0.000867237654,0.000205106486,3.44267096e-05,-2.42639333e-05,0.00110183396,0.00170194124,0.00217119326,-0.00367786882,-0.00216440895,-0.000810975361,-0.000281610569,-6.89298077e-05,-4.89155099e-06,2.94236719e-06
0.532,-0.00190374005,-0.00323348616,-0.00512208647,0.000362431495,0.00471143603,0.00208123901,0.000883052382,0.000210128435,3.54615536e-05,-2.53833057e-05,0.00110021651,0.00170682013,0.00218854506,-0.00350565792,-0.00216521954,-0.000816555762,-0.000285727099,-7.04356147e-05,-4.89268608e-06,3.24256244e-06
0.533,-0.0019050107,-0.00324709541,-0.00514346562,-0.000144042439,0.00474944211,0.00210511623,0.00089894204,0.000215220711,3.65411221e-05,-2.65044267e-05,0.00109836766,0.00171123315,0.00220458842,-0.00333318425,-0.00216447892,-0.000821786107,-0.000289805669,-7.19632004e-05,-4.9068546e-06,3.53855228e-06
0.534,-0.00190589769,-0.00325997246,-0.00516361166,-0.000628061327,0.00478672089,0.00212882228,0.000914921599,0.000220382614,3.76644032e-05,-2.76284838e-05,0.00109631782,0.00171523203,0.00221944294,-0.00316221317,-0.00216234237,-0.000826690656,-0.000293845128,-7.35102745e-05,-4.9334296e-06,3.83007284e-06
0.535,-0.0019065849,-0.00327243877,-0.00518306543,-0.00108916856,0.00482381377,0.00215258394,0.000931076444,0.000225631006,3.88333193e-05,-2.87588986e-05,0.00109417409,0.00171899198,0.00223341176,-0.00299411836,-0.00215916588,-0.000831363174,-0.000297867974,-7.50802976e-05,-4.9720633e-06,4.11723561e-06
0.536,-0.00190722537,-0.00328476111,-0.00520228734,-0.00152720108,0.00486118552,0.00217662311,0.000947494081,0.00023098554,4.00507801e-05,-2.9898876e-05,0.00109202474,0.00172265969,0.0022467783,-0.00282941793,-0.00215528814,-0.000835902497,-0.000301899426,-7.66777464e-05,-5.02268321e-06,4.40019128e-06
0.537,-0.0019078404,-0.0032969825,-0.00522138673,-0.00194226267,0.00489899927,0.00220101924,0.000964201852,0.000236451936,4.13175302e-05,-3.10498244e-05,0.00108988165,0.00172625997,0.00225964488,-0.0026680168,-0.0021508492,-0.000840346083,-0.000305944976,-7.83025402e-05,-5.08497312e-06,4.67886255e-06
0.538,-0.00190843427,-0.0033091211,-0.00524043158,-0.00233483155,0.00493738462,0.00222581947,0.000981212888,0.000242031994,4.26335616e-05,-3.22130031e-05,0.0010877464,0.00172980048,0.00227206591,-0.00250976222,-0.00214592219,-0.000844710645,-0.000310004167,-7.99532328e-05,-5.15837119e-06,4.95319397e-06
0.539,-0.00190903235,-0.00332123276,-0.00525954473,-0.00270572351,0.00497650419,0.00225108607,0.000998548423,0.00024772968,4.39993828e-05,-3.33900219e-05,0.00108563209,0.00173330719,0.00228411535,-0.00235452358,-0.00214059094,-0.000849017449,-0.000314078948,-8.1629114e-05,-5.24233122e-06,5.22322619e-06
0.54,-0.00190967784,-0.00333340166,-0.00527887953,-0.0030559869,0.00501656714,0.002276908,0.00101624321,0.000253552828,4.54164068e-05,-3.45829021e-05,0.0010835625,0.00173682297,0.00229589089,-0.00220210316,-0.00213496142,-0.000853297646,-0.000318175498,-8.33307489e-05,-5.33644292e-06,5.48908208e-06
0.541,-0.00191039417,-0.00334567531,-0.00529852006,-0.00338674686,0.00505773662,0.00230335996,0.00103432687,0.000259508551,4.68859955e-05,-3.57934986e-05,0.00108155061,0.00174037353,0.00230746575,-0.00205217282,-0.00212911391,-0.000857576134,-0.000322298323,-8.5058361e-05,-5.44024054e-06,5.75089929e-06
0.542,-0.0019111854,-0.0033580682,-0.00531849896,-0.00369911352,0.00510010594,0.00233049098,0.00105281889,0.000265601893,4.84091718e-05,-3.7023382e-05,0.00107959807,0.00174396639,0.00231888436,-0.00190432911,-0.00212309191,-0.000861868592,-0.000326449178,-8.68114647e-05,-5.55312716e-06,6.00884173e-06
0.543,-0.00191202914,-0.00337054524,-0.00533877274,-0.00399413676,0.00514369299,0.00235832884,0.00107173055,0.000271836902,4.99870028e-05,-3.82735815e-05,0.00107769161,0.00174758327,0.00233015051,-0.00175813413,-0.002116886,-0.000866182738,-0.000330627781,-8.85891394e-05,-5.67454528e-06,6.26303702e-06
0.544,-0.00191276346,-0.00338282537,-0.0053589197,-0.00427261862,0.00518814545,0.00238672629,0.00109099325,0.000278197728,5.16168572e-05,-3.95422213e-05,0.00107573928,0.00175107614,0.00234107709,-0.00161329099,-0.00211029163,-0.000870458312,-0.000334809184,-9.03839103e-05,-5.8034468e-06,6.51319168e-06
0.545,-0.00191319921,-0.00339458225,-0.00537844936,-0.00453540132,0.00523304375,0.00241546601,0.001110503,0.000284657486,5.32934722e-05,-4.08267071e-05,0.00107363446,0.00175427202,0.00235142647,-0.00147003525,-0.00210306423,-0.000874605167,-0.000338956489,-9.21848666e-05,-5.93821033e-06,6.75890003e-06
0.546,-0.00191328533,-0.00340573159,-0.00539724462,-0.00478364982,0.00527830268,0.00244448141,0.00113022435,0.000291205989,5.50145693e-05,-4.21270366e-05,0.00107134891,0.00175712569,0.00236114017,-0.00132900292,-0.00209515151,-0.000878594226,-0.000343054557,-9.39867531e-05,-6.07751205e-06,7.00017564e-06
0.547,-0.00191301946,-0.00341626972,-0.00541530356,-0.00501851558,0.00532392856,0.0024737734,0.00115015519,0.000297842662,5.67800021e-05,-4.34440332e-05,0.0010688823,0.00175963741,0.00237023476,-0.00119077185,-0.0020865908,-0.000882429685,-0.00034710022,-9.57875715e-05,-6.22043999e-06,7.2371674e-06
0.548,-0.00191239802,-0.00342618806,-0.00543260893,-0.00524098021,0.00536992145,0.00250334573,0.00117029615,0.000304568198,5.85901309e-05,-4.47784139e-05,0.00106623411,0.00176180658,0.00237872606,-0.00105576696,-0.00207742389,-0.00088611896,-0.000351091793,-9.75858682e-05,-6.3662738e-06,7.46998362e-06
0.549,-0.0019114189,-0.00343548071,-0.00544914754,-0.00545188989,0.00541628381,0.00253320105,0.00119064845,0.000311383629,6.0445617e-05,-4.61308319e-05,0.00106340452,0.00176363316,0.00238662604,-0.000924318379,-0.00206768665,-0.000889669006,-0.00035502802,-9.93804238e-05,-6.51442343e-06,7.69870853e-06
0.55,-0.00191008115,-0.00344414583,-0.00546492224,-0.00565198513,0.00546300279,0.00256333588,0.00121121128,0.00031828975,6.23471277e-05,-4.75018556e-05,0.00106039356,0.00176511688,0.00239394317,-0.000796720312,-0.00205740771,-0.000893085821,-0.000358907729,-0.000101170043,-6.66428431e-06,7.92346401e-06
0.551,-0.00190838252,-0.00345217898,-0.00547993407,-0.00584195738,0.00551007929,0.00259374667,0.00123198301,0.000325287032,6.42950606e-05,-4.8892156e-05,0.00105720076,0.00176625652,0.0024006816,-0.00067328626,-0.00204661642,-0.000896373632,-0.000362729215,-0.000102953424,-6.81514042e-06,8.14440937e-06
0.552,-0.00190634015,-0.00345961436,-0.00549424743,-0.00602253012,0.00555757892,0.00262443967,0.00125296582,0.000332375803,6.62894134e-05,-5.03031232e-05,0.00105383621,0.00176706995,0.00240687316,-0.000554384258,-0.00203539048,-0.000899540158,-0.000366491664,-0.000104729481,-6.96606706e-06,8.36183557e-06
0.553,-0.00190411956,-0.00346675627,-0.00550835038,-0.0061948103,0.00560598798,0.002655624,0.00127425869,0.000339581761,6.83349443e-05,-5.17404213e-05,0.00105039198,0.00176771502,0.00241275581,-0.000440216859,-0.00202401249,-0.000902667581,-0.000370223003,-0.000106505242,-7.11646881e-06,8.57678519e-06
0.554,-0.00190194584,-0.00347401258,-0.00552288316,-0.00635994744,0.00565595309,0.00268763802,0.00129602675,0.000346951093,7.04411955e-05,-5.32116797e-05,0.00104699281,0.0017684052,0.00241865671,-0.000330461578,-0.00201281554,-0.000905884626,-0.000373971219,-0.000108293834,-7.26649e-06,8.79066211e-06
0.555,-0.00189989737,-0.00348152427,-0.0055380604,-0.00651850802,0.00570771992,0.00272064521,0.00131835479,0.000354510491,7.26145626e-05,-5.47207962e-05,0.00104368197,0.00176921623,0.00242470606,-0.000224446218,-0.00200190806,-0.000909252168,-0.000377760033,-0.000110101986,-7.41619817e-06,9.00423227e-06
0.556,-0.00189797666,-0.00348929905,-0.00555389498,-0.00667080926,0.00576135419,0.00275469414,0.00134127189,0.000362271184,7.48584105e-05,-5.62697279e-05,0.00104046037,0.00177015222,0.00243092247,-0.000121560036,-0.00199127409,-0.000912782644,-0.000381595308,-0.000111931556,-7.56525912e-06,9.21792907e-06
0.557,-0.00189616936,-0.00349731555,-0.00557035816,-0.00681715931,0.00581688099,0.00278980426,0.00136479299,0.000370240449,7.71754709e-05,-5.78599061e-05,0.00103731936,0.00177120088,0.00243729723,-2.1341677e-05,-0.00198086655,-0.000916475669,-0.000385478306,-0.00011378315,-7.7132651e-06,9.43209771e-06
0.558,-0.00189442519,-0.00350548655,-0.0055873156,-0.00695777317,0.00587421459,0.00282593515,0.00138890458,0.000378417612,7.95670721e-05,-5.94915597e-05,0.00103423069,0.00177231621,0.00244377275,7.65165352e-05,-0.0019706022,-0.00092031041,-0.00038940212,-0.000115655011,-7.85974241e-06,9.64685379e-06
0.559,-0.00189270669,-0.00351374821,-0.00560466795,-0.00709291798,0.00593331463,0.00286305722,0.00141359729,0.000386802436,8.20344481e-05,-6.11653666e-05,0.00103117372,0.00177346555,0.00245031201,0.000172211073,-0.00196043483,-0.000924270433,-0.000393360749,-0.000117545581,-8.00409191e-06,9.86237027e-06
0.56,-0.00189101168,-0.00352210031,-0.00562241563,-0.00722294459,0.00599422848,0.00290119543,0.00143888818,0.000395402283,8.45803458e-05,-6.2883102e-05,0.00102814726,0.00177464987,0.0024569314,0.000265992946,-0.0019503669,-0.000928361528,-0.000397356303,-0.000119455551,-8.14576449e-06,1.00790523e-05
0.561,-0.00188931671,-0.00353049719,-0.00564047942,-0.00734805605,0.00605691845,0.00294037031,0.00146479333,0.000404226314,8.72083448e-05,-6.46456222e-05,0.00102513906,0.00177584916,0.00246361617,0.000358246002,-0.00194032878,-0.000932587766,-0.000401391082,-0.000121385727,-8.28448344e-06,1.02971933e-05
0.562,-0.00188742204,-0.00353856233,-0.00565826011,-0.00746775479,0.00612079077,0.0029803303,0.00149119238,0.000413246957,8.99140837e-05,-6.64474193e-05,0.00102204132,0.00177687527,0.00247010289,0.000449157733,-0.00193000698,-0.000936860299,-0.000405429476,-0.000123325668,-8.41922899e-06,1.05161167e-05
0.563,-0.0018850644,-0.00354580532,-0.00567499648,-0.00758134004,0.00618506432,0.00302065845,0.00151787707,0.000422408687,9.26860932e-05,-6.82803314e-05,0.00101871177,0.00177747908,0.00247603057,0.00053838192,-0.00191907085,-0.00094103829,-0.000409411787,-0.000125257374,-8.5479181e-06,1.0734731e-05
0.564,-0.00188215621,-0.00355206501,-0.00569045613,-0.00768884094,0.00624949237,0.0030611707,0.00154475332,0.000431685143,9.55187802e-05,-7.01418374e-05,0.00101510359,0.0017775771,0.00248127246,0.000625323147,-0.00190746865,-0.000945066007,-0.000413311415,-0.000127172407,-8.66897716e-06,1.09528e-05
0.565,-0.00187869802,-0.00355734171,-0.00570465495,-0.00779060977,0.00631406862,0.00310182446,0.00157179952,0.000441070566,9.84112659e-05,-7.20322517e-05,0.0010112181,0.00177716957,0.00248582685,0.000709471421,-0.00189529422,-0.000948942151,-0.000417123556,-0.000129068809,-8.78153822e-06,1.11704891e-05
0.566,-0.00187476927,-0.0035617857,-0.00571784419,-0.00788725038,0.00637903514,0.00314269843,0.00159905681,0.000450576332,0.000101366606,-7.3954949e-05,0.00100709919,0.00177633279,0.00248980559,0.000790508372,-0.00188276,-0.000952707741,-0.000420860997,-0.000130950006,-8.88515913e-06,1.13883856e-05
0.567,-0.00187057165,-0.00356577761,-0.00573063293,-0.00797980111,0.00644504205,0.00318410527,0.00162668842,0.000460249653,0.000104396627,-7.59183298e-05,0.00100285654,0.00177526007,0.00249349229,0.000868508377,-0.00187017728,-0.000956475339,-0.000424568789,-0.000132829517,-8.98041463e-06,1.16078148e-05
0.568,-0.00186623708,-0.00356956286,-0.00574340505,-0.00806895723,0.006512523,0.0032262972,0.00165482979,0.000470133265,0.000107512959,-7.792843e-05,0.000998562215,0.00177407827,0.00249707559,0.000943819925,-0.00185768681,-0.000960329599,-0.000428283269,-0.000134718632,-9.06809568e-06,1.182976e-05
0.569,-0.00186177489,-0.0035731577,-0.00575618666,-0.00815489101,0.00658154053,0.00326931864,0.00168350972,0.000480239739,0.000110720247,-7.99867619e-05,0.00099422187,0.00177279696,0.0025005704,0.00101667172,-0.00184526255,-0.000964281463,-0.000432010795,-0.000136619734,-9.1481783e-06,1.20545365e-05
0.57,-0.0018572107,-0.00357661634,-0.00576907898,-0.00823787909,0.00665224918,0.00331320933,0.00171275293,0.000490578152,0.000114021766,-8.20960262e-05,0.000989849003,0.0017714415,0.00250401448,0.00108711414,-0.00183295476,-0.000968340048,-0.000435755789,-0.000138534636,-9.22011427e-06,1.22826392e-05
0.571,-0.00185268094,-0.00358020653,-0.00578252749,-0.00831870646,0.00672520349,0.00335821541,0.00174268952,0.000501187886,0.000117427517,-8.42643535e-05,0.000985516095,0.00177014428,0.00250760832,0.00115532594,-0.0018209708,-0.00097258096,-0.00043954993,-0.000140473728,-9.28367665e-06,1.25154193e-05
0.572,-0.0018483322,-0.00358421291,-0.00579699432,-0.00839819933,0.0068009944,0.0034046542,0.00177348928,0.000512122813,0.000120951623,-8.6500799e-05,0.000981301116,0.00176904813,0.00251157332,0.00122174155,-0.00180946832,-0.00097709892,-0.00044343486,-0.000142450783,-9.33920734e-06,1.27543856e-05
0.573,-0.00184419976,-0.00358870611,-0.00581259149,-0.00847666858,0.0068798349,0.00345266478,0.00180523251,0.000523412311,0.000124603271,-8.88096854e-05,0.000977222797,0.00176818991,0.00251597767,0.00128683002,-0.00179841732,-0.000981927957,-0.000447427971,-0.000144472149,-9.38680967e-06,1.30002944e-05
0.574,-0.00184027703,-0.00359367629,-0.00582930154,-0.00855423421,0.00696180838,0.00350231705,0.00183796391,0.000535075901,0.000128389713,-9.11934534e-05,0.000973277638,0.00176756615,0.00252082769,0.00135100779,-0.00178768979,-0.000987075304,-0.000451536313,-0.000146541009,-9.42642087e-06,1.32536151e-05
0.575,-0.00183644753,-0.00359889771,-0.00584675496,-0.0086305252,0.00704659367,0.00355348103,0.00187162422,0.000547103494,0.000132311641,-9.36488101e-05,0.000969404261,0.00176706682,0.00252596856,0.00141449276,-0.00177700205,-0.00099248516,-0.0004557405,-0.000148652126,-9.45772648e-06,1.35139253e-05
0.576,-0.00183250909,-0.00360398005,-0.00586432568,-0.00870476887,0.00713353143,0.00360580263,0.00190603583,0.000559447663,0.000136360461,-9.61675418e-05,0.000965495671,0.00176649793,0.00253111735,0.00147714066,-0.00176605443,-0.000998041054,-0.000459992785,-0.000150790921,-9.4796283e-06,1.37800325e-05
0.577,-0.0018283677,-0.00360874561,-0.00588174181,-0.00877668462,0.00722234753,0.00365908125,0.00194109858,0.000572080869,0.000140531465,-9.87465437e-05,0.000961501932,0.00176576936,0.0025361442,0.00153872698,-0.00175477891,-0.00100368352,-0.00046426645,-0.000152949216,-9.49095101e-06,1.40515098e-05
0.578,-0.00182401996,-0.00361318838,-0.00589900094,-0.00884640043,0.00731309397,0.00371331819,0.00197681737,0.000585007927,0.000144827803,-0.000101387142,0.00095742184,0.00176487914,0.00254105279,0.00159923708,-0.00174319338,-0.00100941783,-0.000468561829,-0.00015512736,-9.49120857e-06,1.43286088e-05
0.579,-0.00181940844,-0.00361718909,-0.00591590538,-0.00891376094,0.0074056073,0.00376844627,0.00201316011,0.000598225538,0.000149250979,-0.000104087247,0.000953226721,0.00176377268,0.00254576725,0.00165872959,-0.00173116101,-0.00101522479,-0.000472870156,-0.000157322853,-9.48013225e-06,1.46111313e-05
0.58,-0.00181436636,-0.00362041106,-0.0059319093,-0.00897805965,0.00749929534,0.00382414719,0.00204995791,0.000611689031,0.000153791568,-0.000106838144,0.000948830456,0.00176228738,0.00255004608,0.00171701937,-0.00171843681,-0.00102101171,-0.000477149597,-0.000159522503,-9.45653665e-06,1.48979891e-05
0.581,-0.00180876951,-0.00362260494,-0.00594662126,-0.00903877997,0.00759371253,0.003880117,0.00208704764,0.00062535185,0.000158438932,-0.00010963284,0.000944168529,0.0017602996,0.00255369834,0.00177372705,-0.00170494078,-0.00102669846,-0.000481361583,-0.000161713915,-9.41892731e-06,1.51883272e-05
0.582,-0.0018026056,-0.00362374335,-0.0059600105,-0.00909594817,0.00768884011,0.0039362634,0.00212438051,0.000639200101,0.000163190618,-0.000112470451,0.000939235074,0.00175779404,0.00255668913,0.00182850403,-0.00169080706,-0.00103227135,-0.000485496435,-0.000163894052,-9.36658051e-06,1.54820206e-05
0.583,-0.00179592332,-0.00362392399,-0.00597225393,-0.00914985919,0.00778490154,0.00399259213,0.00216196198,0.000653234119,0.000168047553,-0.000115354092,0.000934055664,0.0017548156,0.00255907697,0.0018810734,-0.00167635527,-0.00103775336,-0.00048955857,-0.00016606444,-9.29885094e-06,1.5779406e-05
0.584,-0.0017889977,-0.00362370319,-0.00598427886,-0.00920192998,0.00788309887,0.00404962592,0.00220008017,0.000667539582,0.000173033266,-0.000118302025,0.000928773646,0.00175163321,0.00256126082,0.00193163082,-0.00166213037,-0.00104331183,-0.000493617798,-0.000168248312,-9.21640607e-06,1.60828412e-05
0.585,-0.00178212446,-0.00362367524,-0.00599705643,-0.00925373959,0.00798479072,0.00410808524,0.00223913382,0.000682243191,0.000178183776,-0.000121335093,0.000923544109,0.00174853968,0.00256368314,0.0019808094,-0.00164842137,-0.00104914953,-0.00049776633,-0.000170476872,-9.1213044e-06,1.63950578e-05
0.586,-0.00177537132,-0.00362397564,-0.00601080287,-0.0093057367,0.00809042348,0.00416823988,0.00227927825,0.000697401699,0.000183517688,-0.000124460216,0.000918403486,0.00174560505,0.00256645556,0.00202906432,-0.00163509838,-0.00105532569,-0.000502036628,-0.000172762072,-9.01457616e-06,1.67169811e-05
0.587,-0.00176874003,-0.00362461339,-0.00602554219,-0.00935803582,0.00820020193,0.00423016362,0.00232056222,0.000713037038,0.000189044162,-0.00012768068,0.00091335266,0.00174283338,0.002569589,0.00207658709,-0.00162202121,-0.00106184086,-0.000506434591,-0.000175107348,-8.89604475e-06,1.70490662e-05
0.588,-0.00176225454,-0.00362564593,-0.00604138966,-0.00941089161,0.00831445126,0.00429396117,0.00236305032,0.000729175535,0.000194773071,-0.000131001814,0.000908403183,0.00174024982,0.00257312956,0.00212351924,-0.00160915947,-0.00106871231,-0.000510970727,-0.000177517651,-8.76514361e-06,1.73921547e-05
0.589,-0.0017559484,-0.00362714844,-0.00605848622,-0.00946461141,0.00843358496,0.00435978876,0.00240683353,0.000745852476,0.000200716542,-0.00013443038,0.000903572144,0.00173789049,0.00257714406,0.00217005961,-0.0015964934,-0.00107597295,-0.000515660734,-0.000179999801,-8.62128921e-06,1.77472406e-05
0.59,-0.00174983474,-0.0036291542,-0.00607689878,-0.00951938501,0.00855795337,0.00442777382,0.00245198803,0.000763099119,0.000206886317,-0.000137971916,0.000898866575,0.00173577299,0.00258167496,0.00221645281,-0.00158391197,-0.00108364773,-0.000520516554,-0.000182559176,-8.46399074e-06,1.81150837e-05
0.591,-0.00174390614,-0.00363165246,-0.00609661688,-0.00957531967,0.00868782254,0.00449802944,0.00249858221,0.000780946613,0.000213295033,-0.000141630005,0.000894283358,0.00173389496,0.00258673486,0.00226299542,-0.00157110865,-0.00109175357,-0.000525548507,-0.000185200342,-8.29315198e-06,1.84962423e-05
0.592,-0.00173800919,-0.00363432428,-0.00611710471,-0.00963176137,0.00882273535,0.00457033775,0.00254650089,0.000799371537,0.000219941356,-0.000145395475,0.000889745243,0.00173210791,0.00259210657,0.00230974315,-0.00155745086,-0.00110020872,-0.00053072666,-0.000187913978,-8.10885436e-06,1.88895683e-05
0.593,-0.00173181577,-0.00363648671,-0.00613721964,-0.00968701614,0.00896129348,0.00464390788,0.00259531253,0.000818246038,0.000226794833,-0.000149243112,0.000885084787,0.00173008523,0.00259728991,0.00235618868,-0.00154231838,-0.00110878691,-0.000535954172,-0.000190667504,-7.90989031e-06,1.92916571e-05
0.594,-0.00172513595,-0.00363774562,-0.00615631555,-0.00974003584,0.0091027182,0.00471814454,0.00264469269,0.000837467977,0.000233830085,-0.000153157866,0.000880204329,0.00172763409,0.00260198236,0.00240175412,-0.0015256315,-0.00111733652,-0.000541160218,-0.000193437046,-7.69432301e-06,1.97003651e-05
0.595,-0.00171796222,-0.00363808315,-0.0061743747,-0.00979077032,0.00924715981,0.00479293851,0.00269458404,0.000857019692,0.000241044316,-0.000157139524,0.000875100243,0.00172474401,0.00260616171,0.00244619671,-0.00150761928,-0.001125849,-0.00054633423,-0.000196219252,-7.46122463e-06,2.01154904e-05
0.596,-0.00171031214,-0.00363752966,-0.00619145226,-0.00983931143,0.00939495315,0.00486829553,0.00274499074,0.0008769053,0.000248440814,-0.000161189941,0.000869782733,0.00172143117,0.00260984933,0.00248944843,-0.00148847276,-0.00113434605,-0.000551479022,-0.00019901542,-7.21021754e-06,2.0537075e-05
0.597,-0.0017022427,-0.00363619835,-0.00620774576,-0.00988599881,0.00954671066,0.00494435845,0.0027959904,0.000897153876,0.000256029555,-0.000165314976,0.000864282264,0.00171775176,0.0026131291,0.00253157011,-0.00146834299,-0.00114287658,-0.000556610833,-0.000201831991,-6.94091942e-06,2.09657468e-05
0.598,-0.0016937991,-0.00363417963,-0.00622341916,-0.00993117077,0.00970299265,0.00502125146,0.00284765211,0.000917794272,0.000263821189,-0.000169518927,0.000858622612,0.00171374891,0.0026160631,0.0025726266,-0.00144728735,-0.00115148204,-0.000561746184,-0.000204675378,-6.65337511e-06,2.14021303e-05
0.599,-0.00168498727,-0.00363148153,-0.00623849203,-0.00997490914,0.00986414361,0.00509897371,0.00289997883,0.00093883246,0.000271820281,-0.000173802771,0.000852807512,0.00170942619,0.00261864798,0.00261254866,-0.00142540666,-0.00116016365,-0.000566886082,-0.000207546917,-6.34752815e-06,2.18461833e-05
0.6,-0.00167586691,-0.00362823356,-0.00625319888,-0.0100175139,0.0100308345,0.00517759626,0.00295302114,0.000960284997,0.000280034186,-0.000178174082,0.000846866779,0.00170484145,0.00262096814,0.00265129198,-0.00140311998,-0.00116895226,-0.00057204092,-0.000210451432,-6.02245339e-06,2.22985449e-05
0.601,-0.00166670152,-0.00362500987,-0.00626853979,-0.0100604939,0.0102050556,0.00525785164,0.00300721022,0.000982292619,0.000288507552,-0.000182663349,0.000840933342,0.00170026322,0.00262344611,0.00268931476,-0.00138096898,-0.00117805261,-0.000577298584,-0.000213421011,-5.67810112e-06,2.27626948e-05
0.602,-0.00165773991,-0.00362235325,-0.00628545523,-0.0101054252,0.010388975,0.00534065484,0.00306307802,0.00100503886,0.000297299629,-0.0001873018,0.000835134363,0.0016959513,0.00262650071,0.00272732656,-0.00135892794,-0.00118769599,-0.000582765232,-0.000216494283,-5.31591947e-06,2.32422988e-05
0.603,-0.00164902351,-0.00362035979,-0.00630412194,-0.0101527183,0.0105837195,0.00542635112,0.00312082935,0.00102860527,0.000306440474,-0.000192099799,0.000829492251,0.00169195522,0.00263022519,0.00276571291,-0.00133640572,-0.00119795107,-0.000588478022,-0.000219685787,-4.93657629e-06,2.37386146e-05
0.604,-0.00164053533,-0.00361900199,-0.006324513,-0.0102024351,0.0107901872,0.0055150657,0.00318054502,0.00105303187,0.000315947911,-0.000197062019,0.000823999065,0.00168826332,0.0026346148,0.00280464637,-0.00131269513,-0.00120882063,-0.000594446303,-0.000223000723,-4.53975973e-06,2.42522878e-05
0.605,-0.00163218815,-0.00361809776,-0.00634633751,-0.0102542136,0.0110089453,0.00560665613,0.00324215304,0.00107830844,0.000325824309,-0.000202184788,0.000818611095,0.00168478997,0.00263954738,0.0028441009,-0.00128707365,-0.00122024966,-0.000600650923,-0.000226433918,-4.12459655e-06,2.4783098e-05
0.606,-0.00162388118,-0.00361743244,-0.00636924341,-0.010307507,0.0112405986,0.00570087026,0.00330551913,0.00110440047,0.000336064081,-0.000207462845,0.00081327799,0.00168143505,0.00264487748,0.00288396662,-0.00125892915,-0.0012321681,-0.000607059575,-0.000229975551,-3.68939618e-06,2.53303752e-05
0.607,-0.00161558566,-0.00361695017,-0.00639315617,-0.0103621804,0.0114864334,0.00579768093,0.00337063773,0.00113131514,0.000346675011,-0.000212898687,0.000807985802,0.0016781732,0.00265058063,0.00292430029,-0.00122760925,-0.00124458069,-0.000613667808,-0.000233625126,-3.23274449e-06,2.58943151e-05
0.608,-0.00160726919,-0.00361658187,-0.00641797302,-0.0104181989,0.0117479939,0.00589718225,0.00343755958,0.00115908452,0.000357673817,-0.000218492162,0.000802720328,0.00167497661,0.00265662495,0.00296522632,-0.00119196802,-0.00125751575,-0.000620485086,-0.000237386328,-2.75499958e-06,2.64748717e-05
0.609,-0.00159868978,-0.00361578212,-0.00644274021,-0.010474219,0.0120254686,0.00599875956,0.00350591229,0.00118760001,0.000369034518,-0.000224212205,0.000797363414,0.00167159712,0.00266261113,0.00300632671,-0.00115051636,-0.00127080246,-0.000627439497,-0.000241233089,-2.25734457e-06,2.70680515e-05
0.61,-0.00158953022,-0.00361383311,-0.00646619608,-0.0105281978,0.0123184065,0.00610122843,0.0035750031,0.00121663351,0.000380692421,-0.000230014038,0.000791757221,0.00166769919,0.00266798305,0.00304670654,-0.00110247685,-0.00128413267,-0.000634397776,-0.000245117562,-1.7391481e-06,2.7668026e-05
0.611,-0.00157968742,-0.00361049478,-0.00648792217,-0.0105793251,0.0126279809,0.00620397893,0.00364448842,0.00124606601,0.000392613759,-0.00023588154,0.000785849576,0.00166316564,0.00267252911,0.0030857618,-0.00104820287,-0.00129735435,-0.000641292547,-0.000249016755,-1.1986538e-06,2.8272356e-05
0.612,-0.00156918432,-0.00360580919,-0.00650799657,-0.0106275769,0.0129565963,0.00630682816,0.00371428544,0.00127586499,0.000404789808,-0.000241817724,0.000779651292,0.00165801156,0.0026762558,0.00312322846,-0.000988748232,-0.00131044831,-0.00064810909,-0.000252926563,-6.34051028e-07,2.88808718e-05
0.613,-0.0015582126,-0.00360020667,-0.00652719895,-0.0106740838,0.0133084472,0.00641027515,0.00378471797,0.00130613664,0.000417254738,-0.000247854359,0.00077325707,0.00165243219,0.00267947242,0.00315934181,-0.000925513955,-0.00132357325,-0.000654907771,-0.000256870812,-4.30172425e-08,2.94968635e-05
0.614,-0.00154705908,-0.00359434312,-0.00654673685,-0.0107209598,0.0136890397,0.00651546643,0.00385647239,0.00133712188,0.000430086941,-0.000254040954,0.000766809617,0.00164672833,0.00268267008,0.00319474164,-0.000859616159,-0.0013370257,-0.000661817809,-0.000260898355,5.75190742e-07,3.01262262e-05
0.615,-0.00153583659,-0.00358848038,-0.00656712598,-0.0107694717,0.0141024515,0.00662310037,0.00392993944,0.00136896777,0.000443337314,-0.000260400928,0.000760365641,0.00164101932,0.00268604394,0.00322973596,-0.000791941701,-0.00135094547,-0.000668912834,-0.000265037221,1.21981727e-06,3.07719349e-05
0.616,-0.00152455098,-0.00358264011,-0.00658846381,-0.0108202116,0.0145509673,0.00673340287,0.00400521162,0.00140171298,0.000457023421,-0.000266941321,0.000753927041,0.00163530869,0.00268959896,0.00326427353,-0.000724233965,-0.00136531478,-0.00067620326,-0.000269293502,1.89170369e-06,3.14347475e-05
0.617,-0.00151329129,-0.00357704662,-0.00661124362,-0.0108744686,0.0150359373,0.00684694897,0.0040825556,0.00143545212,0.000471182363,-0.000273684037,0.000747535218,0.00162968841,0.00269349732,0.00329850131,-0.000659555967,-0.00138019732,-0.000683728592,-0.000273684506,2.59341534e-06,3.2117209e-05
0.618,-0.00150220285,-0.00357206242,-0.00663623853,-0.0109342726,0.0155565059,0.00696486,0.00416248214,0.00147036768,0.000485881634,-0.000280662186,0.000741259912,0.00162431572,0.00269802682,0.00333289136,-0.000601786528,-0.0013957872,-0.000691575134,-0.000278243532,3.32700705e-06,3.28232891e-05
0.619,-0.00149134887,-0.00356786168,-0.00666389895,-0.0110014447,0.0161065474,0.00708825859,0.00424538914,0.00150660447,0.000501177995,-0.000287895163,0.000735130694,0.00161926368,0.00270334989,0.0033679117,-0.000555259223,-0.00141226624,-0.000699812952,-0.000282995474,4.09358342e-06,3.35555718e-05
0.62,-0.0014807181,-0.00356444397,-0.00669436897,-0.0110775743,0.0166724577,0.00721827043,0.00433153528,0.00154425724,0.000517113051,-0.00029538762,0.000729140229,0.00161452623,0.00270950562,0.00340397125,-0.00052470023,-0.00142978687,-0.00070849038,-0.000287955105,4.89341313e-06,3.43153409e-05
0.621,-0.00147016658,-0.00356148585,-0.00672717892,-0.0111633897,0.017230038,0.00735570302,0.00442083792,0.00158329665,0.00053368835,-0.000303114893,0.00072321618,0.0016099533,0.00271629202,0.00344122612,-0.000515146949,-0.001448396,-0.000717600015,-0.000293113904,5.72503784e-06,3.51007355e-05
0.622,-0.00145944486,-0.00355839584,-0.00676130196,-0.0112583841,0.0177426271,0.00750080924,0.00451278197,0.00162352873,0.000550851192,-0.000311026341,0.00071723382,0.00160527638,0.00272330446,0.00347956258,-0.000532009319,-0.00146802853,-0.000727061905,-0.000298435141,6.58727178e-06,3.59065669e-05
0.623,-0.00144844059,-0.00355489615,-0.00679622594,-0.0113623208,0.0181633394,0.00765435533,0.00460710217,0.00166484337,0.000568577914,-0.000319095152,0.000711135951,0.00160037516,0.00273039097,0.00351925018,-0.000580213669,-0.00148882078,-0.000736845603,-0.000303901652,7.48045854e-06,3.67300611e-05
0.624,-0.00143715675,-0.00355097023,-0.00683184873,-0.0114751802,0.0184361747,0.00781777928,0.00470389371,0.00170727279,0.00058689551,-0.000327314679,0.000704924662,0.00159525958,0.00273761611,0.00356095349,-0.000662162677,-0.00151116248,-0.000747000329,-0.000309526312,8.4024097e-06,3.757076e-05
0.625,-0.00142553386,-0.0035464251,-0.00686761958,-0.0115955547,0.0184965639,0.00799212236,0.00480306314,0.00175080248,0.000605817982,-0.000335660905,0.000698574262,0.00158987188,0.00274489994,0.00360505973,-0.000776397343,-0.00153538892,-0.000757552105,-0.000315316407,9.3467754e-06,3.84256818e-05
0.626,-0.00141346073,-0.00354091591,-0.00690256256,-0.0117203204,0.0182762341,0.00817743253,0.00490416085,0.00179531235,0.000625327462,-0.000344094235,0.00069203424,0.00158409047,0.00275200448,0.00365140315,-0.000917676109,-0.00156159766,-0.000768460374,-0.000321263971,1.03052851e-05,3.92893519e-05
0.627,-0.00140088772,-0.00353422994,-0.00693581921,-0.0118455115,0.017711777,0.00837298582,0.00500669127,0.00184069427,0.000645417409,-0.000352586909,0.000685284677,0.00157785563,0.00275874364,0.00369946403,-0.00107755795,-0.00158966939,-0.000779657602,-0.000327365997,1.12688018e-05,4.01566418e-05
0.628,-0.00138783367,-0.00352631162,-0.00696672466,-0.0119666296,0.0167531863,0.00857714341,0.00511014212,0.00188686673,0.000666098334,-0.000361129166,0.000678339585,0.00157117965,0.002765008,0.00374843148,-0.00124523075,-0.00161923155,-0.000791043918,-0.000333624778,1.22284609e-05,4.10230478e-05
0.629,-0.00137447629,-0.0035175072,-0.00699535545,-0.012080016,0.0153731626,0.00878794956,0.00521435913,0.00193391277,0.000687446738,-0.000369756903,0.000671290296,0.00156425132,0.00277096655,0.00379759751,-0.00140847272,-0.00164980626,-0.000802547232,-0.000340070857,1.31775674e-05,4.18880267e-05
0.63,-0.00136112012,-0.00350850049,-0.00702249346,-0.012183608,0.0135725569,0.009003582,0.00531971848,0.00198215201,0.000709629155,-0.000378546939,0.000664290933,0.00155740663,0.00277703212,0.00384649324,-0.00155421353,-0.00168087723,-0.000814161633,-0.000346772673,1.41084321e-05,4.27553729e-05
0.631,-0.00134790699,-0.00349957807,-0.00704822077,-0.0122749018,0.0113798108,0.00922074953,0.00542609888,0.0020317536,0.000732760083,-0.000387540503,0.000657415876,0.0015507971,0.00278327917,0.00389409606,-0.00166990626,-0.00171146174,-0.000825777216,-0.000353765849,1.50105938e-05,4.36250185e-05
0.632,-0.0013348374,-0.00349068106,-0.0070720372,-0.0123511073,0.00885140347,0.00943460395,0.00553273651,0.00208264884,0.00075686622,-0.000396747261,0.000650667159,0.00154440601,0.00278948507,0.00393889503,-0.00174622959,-0.00174006707,-0.00083714055,-0.000361037069,1.58769419e-05,4.44930417e-05
0.633,-0.0013219203,-0.00348179385,-0.00709367338,-0.0124108059,0.00606986089,0.00964017336,0.00563884017,0.00213473564,0.000781955003,-0.000406185794,0.000644047648,0.00153822274,0.00279547194,0.00397961749,-0.0017787064,-0.0017651348,-0.000847971798,-0.000368560396,1.67068588e-05,4.53569918e-05
0.634,-0.00130917044,-0.00347294106,-0.00711310328,-0.0124541869,0.00313633261,0.00983315063,0.00574377768,0.00218793116,0.000808030322,-0.000415881836,0.000637561534,0.00153224665,0.00280113587,0.00401550133,-0.00176738838,-0.00178536938,-0.000858028951,-0.00037630862,1.75040861e-05,4.62159392e-05
0.635,-0.00129659795,-0.00346416137,-0.00713048553,-0.0124828655,0.000160592333,0.0100104286,0.00584715731,0.00224218732,0.000835097612,-0.000425862393,0.000631209881,0.0015264777,0.00280643503,0.00404633587,-0.00171560827,-0.00179992576,-0.000867146,-0.000384259094,1.8274578e-05,4.70695444e-05
0.636,-0.00128419068,-0.00345545508,-0.00714603104,-0.0124994324,-0.00274980812,0.0101703957,0.0059488803,0.00229751306,0.00086317038,-0.000436145985,0.00062498321,0.0015208969,0.00281134402,0.00407233083,-0.00162840137,-0.00180842152,-0.000875250052,-0.000392397316,1.90236679e-05,4.7917633e-05
0.637,-0.00127177393,-0.00344639672,-0.00715916181,-0.012505592,-0.0054988337,0.0103118783,0.00604844848,0.00235370562,0.000892168539,-0.000446691199,0.0006187931,0.00151529692,0.00281552393,0.0040934655,-0.00151168019,-0.00181059294,-0.000882237523,-0.000400668215,1.97542732e-05,4.87544275e-05
0.638,-0.00125908305,-0.00343631568,-0.00716884827,-0.0125023704,-0.008008487,0.0104345004,0.00614498399,0.00241032535,0.000921905956,-0.000457418061,0.000612505124,0.00150935774,0.00281845636,0.00410957853,-0.00137250925,-0.00180638121,-0.000887961786,-0.000408974766,2.04731956e-05,4.95699584e-05
0.639,-0.00124602235,-0.0034249921,-0.00717501543,-0.0124923696,-0.0102251861,0.0105407636,0.00623847378,0.00246718188,0.000952274079,-0.00046830108,0.000606066134,0.00150295736,0.00282001946,0.00412124781,-0.00121820924,-0.00179648687,-0.000892440083,-0.00041726491,2.11946216e-05,5.03606247e-05
0.64,-0.00123261377,-0.00341252174,-0.00717821818,-0.0124789552,-0.0121226637,0.0106353739,0.00632972012,0.00252436384,0.000983260238,-0.000479355578,0.000599482277,0.00149611933,0.00282037503,0.00412956604,-0.00105432097,-0.00178223204,-0.000895858624,-0.000425537423,2.1933711e-05,5.11281214e-05
0.641,-0.0012189246,-0.00339912215,-0.00717920539,-0.0124652402,-0.0137001132,0.0107240029,0.00641994466,0.00258211661,0.00101490986,-0.000490616415,0.00059278409,0.00148892698,0.00281978821,0.00413570399,-0.000883851779,-0.001765127,-0.000898486112,-0.000433819735,2.27048894e-05,5.18768283e-05
0.642,-0.00120503816,-0.00338505426,-0.00717874564,-0.0124536975,-0.0149773157,0.0108123213,0.0065105409,0.00264077764,0.00104730891,-0.000502127541,0.000586011917,0.00148148724,0.00281854599,0.00414067047,-0.000707737009,-0.00174649107,-0.000900606982,-0.000442153767,2.35210327e-05,5.26131014e-05
0.643,-0.00119098164,-0.0033704178,-0.00717720055,-0.0124454558,-0.0159874696,0.0109048382,0.00660254982,0.00270058446,0.00108051193,-0.000513911818,0.000579179816,0.00147383962,0.00281678232,0.00414501708,-0.000526073645,-0.00172714616,-0.00090241756,-0.000450560286,2.43933793e-05,5.33413378e-05
0.644,-0.00117677381,-0.00335528308,-0.00717482107,-0.0124409702,-0.0167711335,0.0110051079,0.00669672724,0.00276168627,0.00111454754,-0.000525992887,0.000572296998,0.0014660105,0.00281459152,0.00414907206,-0.000339360744,-0.00170759396,-0.000904036411,-0.000459045006,2.53358351e-05,5.40651093e-05
0.645,-0.00116255098,-0.00334005039,-0.00717252258,-0.0124415017,-0.0173726886,0.0111167738,0.00679432293,0.00282447888,0.00114955271,-0.000538451365,0.00056542984,0.00145817268,0.00281234142,0.00415350202,-0.000148356797,-0.00168835816,-0.000905641707,-0.000467658063,2.63655453e-05,5.47931266e-05
0.646,-0.0011484703,-0.00332518403,-0.00717132326,-0.0124482489,-0.017835061,0.0112426264,0.00689675234,0.00288950863,0.00118573773,-0.000551382561,0.000558656984,0.00145053279,0.00281045535,0.00415900516,4.66162428e-05,-0.00166974418,-0.000907431785,-0.000476474481,2.74958316e-05,5.55364991e-05
0.647,-0.00113456375,-0.00331079498,-0.00717146145,-0.0124609688,-0.0181944199,0.0113834749,0.00700468963,0.00295707116,0.00122322419,-0.00056483047,0.000551997353,0.00144314526,0.00280905264,0.00416575512,0.000245215966,-0.00165155059,-0.000909478763,-0.00048552511,2.87355427e-05,5.63017005e-05
0.648,-0.0011208021,-0.0032968173,-0.00717278761,-0.012478793,-0.0184795612,0.0115390596,0.00711832481,0.00302728141,0.00126206855,-0.000578813001,0.000545439554,0.00143598572,0.00280809365,0.00417364161,0.000446409456,-0.00163328885,-0.000911763603,-0.0004948099,3.00929727e-05,5.70924254e-05
0.649,-0.00110710332,-0.00328302771,-0.0071748061,-0.0125003684,-0.0187119901,0.0117083621,0.00723740698,0.00310007142,0.00130225719,-0.000593321517,0.000538945716,0.00142895939,0.00280739906,0.00418234618,0.000648418064,-0.00161439183,-0.000914203175,-0.000504300129,3.15755068e-05,5.79096646e-05
0.65,-0.00109338882,-0.00326920692,-0.00717703341,-0.0125244981,-0.0189074305,0.0118903011,0.00736154343,0.00317530278,0.00134374986,-0.000608345621,0.0005324782,0.00142197027,0.00280678839,0.00419157932,0.00084907564,-0.00159448207,-0.0009167181,-0.000513963845,3.31905573e-05,5.87536638e-05
0.651,-0.00107963806,-0.00325530063,-0.007179347,-0.012550694,-0.0190778873,0.0120843465,0.00749069243,0.00325299344,0.00138657126,-0.000623900708,0.000526027374,0.00141499503,0.00280622435,0.00420129741,0.00104665441,-0.00157340182,-0.000919305017,-0.000523801059,3.49449305e-05,5.96266898e-05
0.652,-0.00106580281,-0.00324116698,-0.00718142424,-0.0125781502,-0.0192312658,0.0122895843,0.00762473706,0.00333315747,0.00143074338,-0.000639978011,0.000519571375,0.00140797605,0.00280559466,0.00421132654,0.00124007512,-0.00155080526,-0.000921954949,-0.000533808651,3.68396651e-05,6.05293055e-05
0.653,-0.00105172666,-0.00322632563,-0.0071821976,-0.0126048144,-0.0193704336,0.0125038762,0.0077626823,0.00341543013,0.00147612507,-0.000656493325,0.000513034557,0.00140070675,0.00280448385,0.00422098531,0.00142793397,-0.00152606264,-0.000924529747,-0.000543920503,3.8871409e-05,6.14543014e-05
0.654,-0.00103728771,-0.00321038608,-0.00718080099,-0.0126290906,-0.0194964532,0.0127256312,0.00790345765,0.00349937017,0.00152254119,-0.000673373828,0.000506355189,0.00139301304,0.00280253996,0.00422968357,0.00160818207,-0.00149887488,-0.000926889384,-0.000554066318,4.10411249e-05,6.23940033e-05
0.655,-0.00102248517,-0.00319332216,-0.00717717053,-0.0126508527,-0.0196112974,0.0129548809,0.00804677774,0.00358485228,0.00156995169,-0.000690619031,0.00049952978,0.00138487757,0.00279972695,0.00423735316,0.00177904913,-0.00146954483,-0.000929027904,-0.000564235208,4.33542526e-05,6.33469707e-05
0.656,-0.00100738806,-0.00317532623,-0.0071717268,-0.0126708457,-0.0197175737,0.0131927103,0.00819293551,0.003671998,0.00161842483,-0.000708278046,0.000492589427,0.00137637927,0.00279620636,0.00424427229,0.00193976528,-0.00143877791,-0.000931047075,-0.000574462931,4.58178501e-05,6.43159709e-05
0.657,-0.000992146356,-0.00315685749,-0.00716549001,-0.0126908708,-0.0198192726,0.0134414606,0.00834310062,0.00376133096,0.00166820826,-0.00072646579,0.00048560672,0.00136771643,0.00279238354,0.0042511139,0.00209100633,-0.00140735528,-0.000933166142,-0.000584848291,4.84407119e-05,6.53107136e-05
0.658,-0.00097685475,-0.00313821573,-0.00715912818,-0.0127120817,-0.0199193083,0.013702885,0.00849831151,0.00385335879,0.00171954466,-0.000745264898,0.000478629658,0.00135902321,0.00278853269,0.00425833097,0.00223431394,-0.00137554044,-0.000935557783,-0.000595476565,5.12258632e-05,6.63394751e-05
0.659,-0.000961518203,-0.00311941896,-0.00715268543,-0.0127345344,-0.0200184316,0.0139776823,0.00865885078,0.00394825967,0.00177253413,-0.000764696783,0.00047166182,0.00135031018,0.00278467684,0.00426596096,0.00237097216,-0.00134320226,-0.000938259174,-0.00060637403,5.41750426e-05,6.74042955e-05
0.66,-0.000946162391,-0.00310055006,-0.00714636693,-0.0127585978,-0.0201175062,0.0142670316,0.00882508478,0.00404623839,0.00182729054,-0.000784803639,0.000464715528,0.00134161312,0.00278089551,0.00427413253,0.00250199272,-0.00131029008,-0.000941300468,-0.000617571156,5.72957577e-05,6.85073991e-05
0.661,-0.000930835317,-0.0030817676,-0.00714056124,-0.0127849751,-0.020217938,0.0145725538,0.00899766974,0.0041476461,0.00188399276,-0.00080564751,0.000457814438,0.0013330017,0.0027773423,0.00428310733,0.00262853042,-0.00127674083,-0.000944752171,-0.000629120812,6.05963684e-05,6.9653043e-05
0.662,-0.00091555585,-0.00306314318,-0.00713545869,-0.012814024,-0.0203206896,0.0148956041,0.0091771321,0.00425278592,0.00194280112,-0.000827270949,0.000450969082,0.0013245098,0.00277409709,0.00429304028,0.00275181866,-0.00124223895,-0.000948669546,-0.000641066326,6.40820873e-05,7.08451523e-05
0.663,-0.000900305813,-0.00304462988,-0.00713096829,-0.0128455965,-0.020426023,0.0152371648,0.00936376897,0.00436185891,0.00200383152,-0.000849688118,0.000444172716,0.0013161218,0.00277113362,0.00430391028,0.00287290535,-0.00120610956,-0.000953058286,-0.000653427631,6.77559363e-05,7.20860411e-05
0.664,-0.000885002259,-0.00302596071,-0.00712647466,-0.0128786066,-0.0205326975,0.0155973155,0.00955721235,0.00447475137,0.00206705835,-0.000872851286,0.000437386642,0.00130772662,0.00276821964,0.00431535315,0.00299218061,-0.00116743027,-0.000957823453,-0.000666170245,7.1616507e-05,7.33731777e-05
0.665,-0.000869541832,-0.00300678615,-0.00712116019,-0.0129116305,-0.0206386297,0.015975842,0.00975655617,0.00459106741,0.00213233056,-0.00089668481,0.000430559866,0.0012991721,0.00276503207,0.00432685231,0.00310928934,-0.00112555838,-0.000962823429,-0.000679224513,7.56631389e-05,7.47009231e-05
0.666,-0.000853893507,-0.00298698872,-0.00711474917,-0.0129442251,-0.0207431431,0.0163737623,0.00996143745,0.00471064709,0.0021996035,-0.000921174139,0.000423675565,0.00129040394,0.00276145433,0.00433822523,0.00322390052,-0.00108031844,-0.000968019556,-0.000692569385,7.99007558e-05,7.6067277e-05
0.667,-0.000838058517,-0.00296655833,-0.00710721527,-0.0129763719,-0.020846393,0.0167926706,0.0101719405,0.00483355623,0.00226893059,-0.000946330389,0.000416733735,0.00128141745,0.00275747422,0.00434945892,0.00333603273,-0.00103151282,-0.000973448982,-0.000706220709,8.43327976e-05,7.74723875e-05
0.668,-0.000822021842,-0.00294542332,-0.00709838633,-0.0130077551,-0.0209479974,0.017233833,0.0103879716,0.00495980074,0.00234033299,-0.000972137841,0.000409726676,0.00127218303,0.00275302431,0.00436043807,0.00344567624,-0.000978710174,-0.000979122838,-0.000720184587,8.89581671e-05,7.89139398e-05
0.669,-0.000805770534,-0.0029235133,-0.00708809018,-0.0130380497,-0.0210473394,0.0176987229,0.0106093472,0.00508934608,0.00241381397,-0.000998579446,0.000402647088,0.00126267063,0.00274803458,0.00437103203,0.00355263512,-0.000921516445,-0.000985023008,-0.000734459114,9.37776773e-05,8.03885601e-05
0.67,-0.000789309917,-0.00290082282,-0.00707630506,-0.0130672226,-0.0211441409,0.0181896138,0.0108360141,0.00522220789,0.00248940667,-0.00102566253,0.000395496357,0.0012528769,0.00274249223,0.00438120806,0.00365669364,-0.000859834533,-0.000991147219,-0.000749051555,9.87957342e-05,8.18948174e-05
0.671,-0.000772674145,-0.00287745386,-0.00706326872,-0.0130957389,-0.0212388574,0.0187100235,0.011068237,0.00535853842,0.00256721609,-0.00105344009,0.000388289971,0.00124284375,0.00273648574,0.00439111895,0.00375791727,-0.000793908182,-0.000997554832,-0.000763995825,0.000104023103,8.34344037e-05
0.672,-0.000755940928,-0.00285368414,-0.00704965128,-0.0131248881,-0.0213335256,0.0192653302,0.0113071267,0.00549889104,0.00264754336,-0.00108204026,0.00038106668,0.00123269117,0.00273027883,0.0044012279,0.00385706387,-0.000723863661,-0.00100442445,-0.000779387547,0.000109476282,8.50160188e-05
0.673,-0.000739160137,-0.00282970591,-0.00703592614,-0.013155597,-0.0214299533,0.0198610599,0.0115538161,0.00564386182,0.00273070674,-0.00111156406,0.000373853692,0.00122250699,0.0027240675,0.00441189344,0.00395514604,-0.000649023283,-0.00101193425,-0.000795322958,0.000115164076,8.66483747e-05
0.674,-0.000722330274,-0.00280551879,-0.00702210067,-0.013187906,-0.0215283971,0.0205020738,0.0118087313,0.00579373066,0.00281687206,-0.00114204238,0.000366652377,0.00121229632,0.00271786621,0.00442316584,0.00405280185,-0.000568054117,-0.00102015129,-0.0008118461,0.000121089727,8.83338305e-05
0.675,-0.000705447049,-0.00278110421,-0.00700814153,-0.0132217671,-0.0216286663,0.0211938965,0.0120721138,0.00594870184,0.00290616948,-0.00117350279,0.000359461548,0.0012020547,0.00271166935,0.00443505597,0.00415039861,-0.000479386296,-0.00102909887,-0.000828987442,0.000127260909,9.00724918e-05
0.676,-0.000688507585,-0.00275644455,-0.00699402485,-0.0132571487,-0.0217304464,0.0219431497,0.012344142,0.00610897404,0.00299872543,-0.00120597086,0.000352280186,0.00119177731,0.00270547149,0.00444757539,0.00424818792,-0.000381241016,-0.00103880957,-0.000846780593,0.00013368533,9.18642378e-05
0.677,-0.000671507862,-0.00273152168,-0.00697972668,-0.0132940451,-0.0218335131,0.0227580264,0.0126249691,0.00627474164,0.00309467021,-0.00123947366,0.000345106859,0.00118145839,0.00269926397,0.00446073101,0.00434635877,-0.000271549268,-0.00104933763,-0.000865264175,0.000140369316,9.37103014e-05
0.678,-0.000654434499,-0.00270628616,-0.00696513748,-0.0133323079,-0.021937705,0.0236483794,0.0129147601,0.00644620739,0.00319413899,-0.00127402678,0.000337936076,0.00117107952,0.00269300545,0.0044744617,0.00444491392,-0.000147855567,-0.00106071703,-0.000884471731,0.000147315804,9.56119563e-05
0.679,-0.00063723548,-0.00268052981,-0.00694972993,-0.0133710167,-0.0220418539,0.0246246663,0.0132129224,0.00662319674,0.00329708608,-0.00130957004,0.000330742175,0.00116055178,0.00268648593,0.00448839432,0.00454316959,-7.89900282e-06,-0.00107284169,-0.000904372731,0.00015451865,9.75655415e-05
0.68,-0.000619857422,-0.00265401876,-0.00693289513,-0.0134091172,-0.0221445414,0.0256987054,0.0135183097,0.00680523918,0.003403331,-0.00134602649,0.000323495799,0.0011497678,0.00267944502,0.0045020423,0.00463983512,0.000149081526,-0.00108549766,-0.000924894709,0.000161975673,9.9564871e-05
0.681,-0.000602294038,-0.00262669621,-0.00691448189,-0.0134464619,-0.0222460693,0.0268850421,0.0138304066,0.00699215638,0.00351283319,-0.00138339852,0.000316189375,0.00113869156,0.0026717843,0.00451517913,0.00473365109,0.0003215896,-0.00109850218,-0.000946009537,0.000169697346,0.000101607949
0.682,-0.000584562916,-0.00259860198,-0.00689460239,-0.0134834704,-0.0223484217,0.0281992614,0.0141493695,0.00718405509,0.00362567539,-0.00142173084,0.000308826812,0.00112732664,0.0026634974,0.00452773258,0.00482352523,0.000505476256,-0.00111168981,-0.000967724564,0.000177698694,0.000103696136
0.683,-0.000566695359,-0.00256983418,-0.00687354533,-0.0135209896,-0.0224553537,0.0296554071,0.0144761191,0.00738131662,0.00374204722,-0.00146109063,0.0003014184,0.00111569985,0.00265463521,0.00453973065,0.00490852828,0.000693214677,-0.00112484433,-0.000990068318,0.000185997909,0.00010583333
0.684,-0.000548718996,-0.00254048062,-0.00685159079,-0.0135599755,-0.022572231,0.0312615002,0.0148123048,0.00758446479,0.0038621746,-0.00150153534,0.000293972113,0.00110383181,0.0026452382,0.00455120424,0.00498789983,0.000872797947,-0.00113762592,-0.0010130524,0.00019461674,0.000108025184
0.685,-0.000530650898,-0.00251058547,-0.00682891133,-0.0136013253,-0.0227057802,0.0330133383,0.0151602143,0.00779397574,0.00398622973,-0.00154309381,0.000286489462,0.00109172105,0.00263530133,0.00456215718,0.00506123901,0.00102654034,-0.00114958863,-0.00103664869,0.000203581486,0.000110279203
0.686,-0.000512519545,-0.00248024568,-0.00680582404,-0.0136463533,-0.0228646832,0.0348880352,0.0155236524,0.00801056353,0.004114466,-0.00158582386,0.000278977275,0.00107938743,0.0026248821,0.00457279236,0.00512919274,0.00113099288,-0.00116039973,-0.00106084371,0.000212932477,0.0001126078
0.687,-0.000494361847,-0.0024496102,-0.00678278736,-0.0136967489,-0.0230593123,0.0368355453,0.0159086244,0.0082353736,0.00424729891,-0.00162980477,0.000271448467,0.00106687759,0.00261411747,0.00458356666,0.00519393748,0.00115888851,-0.00117010806,-0.00108569359,0.000222710719,0.000115029525
0.688,-0.000476203116,-0.00241877729,-0.00676011591,-0.0137538568,-0.0232995558,0.0387685807,0.0163230959,0.00846979491,0.00438518529,-0.00167505669,0.000263912261,0.0010542255,0.00260312694,0.00459500896,0.00525902781,0.00108262898,-0.0011793116,-0.00111132717,0.000232936988,0.00011756036
0.689,-0.00045805691,-0.00238777903,-0.00673791106,-0.0138183388,-0.0235925993,0.0405561318,0.0167766562,0.00871535301,0.00452858315,-0.00172152788,0.000256373879,0.00104144857,0.00259199706,0.00460765665,0.0053290372,0.000878771875,-0.00118927322,-0.00113795966,0.000243604985,0.000120206052
0.69,-0.000439929577,-0.00235659632,-0.0067160797,-0.0138900153,-0.0239408895,0.0420231182,0.0172798039,0.0089736246,0.0046779508,-0.00176910427,0.00024883713,0.0010285557,0.00258079223,0.00462201368,0.0054089799,0.000533193812,-0.00120199488,-0.00116590928,0.000254676048,0.000122957302
0.691,-0.000421823388,-0.00232518164,-0.00669437932,-0.0139678315,-0.0243406408,0.0429586421,0.0178425635,0.00924602741,0.00483373618,-0.00181763306,0.000241306646,0.00101555598,0.00256956561,0.00463849026,0.00550347956,4.60140915e-05,-0.00122013773,-0.00119560117,0.000266071832,0.00012578986
0.692,-0.000403738974,-0.00229349078,-0.00667248724,-0.0140499494,-0.024781325,0.0431339403,0.0184729789,0.00953368569,0.0049964228,-0.00186698082,0.000233789868,0.0010024706,0.00255837752,0.00465734942,0.00561586044,-0.000564921556,-0.00124668054,-0.00122753093,0.000277682965,0.000128664775
0.693,-0.000385665026,-0.00226143544,-0.00664986695,-0.0141334696,-0.0252453097,0.0423272597,0.0191746956,0.0098369896,0.00516640228,-0.00191701619,0.000226291016,0.000989308908,0.00254722537,0.00467849384,0.00574701422,-0.00126354754,-0.00128421067,-0.00126214892,0.000289372421,0.000131527338
0.694,-0.000367576127,-0.0022288584,-0.00662570272,-0.0142143773,-0.0257085132,0.0403547329,0.0199442198,0.0101549895,0.00534376344,-0.00196761043,0.000218806987,0.000976050097,0.00253598958,0.00470131533,0.0058945958,-0.00199938729,-0.00133400781,-0.00129968578,0.000301000046,0.000134309921
0.695,-0.000349451954,-0.00219561762,-0.00659918056,-0.0142882967,-0.0261434318,0.0371042233,0.0207697933,0.0104853904,0.00552832073,-0.00201872,0.000211335272,0.000962673155,0.00252451455,0.00472485463,0.00605318316,-0.00271498272,-0.00139530105,-0.00134005143,0.000312468334,0.00013694139
0.696,-0.000331286022,-0.00216163271,-0.00656968251,-0.0143512229,-0.0265232914,0.032562928,0.0216316305,0.0108247618,0.00571967676,-0.00207042711,0.000203877216,0.000949172959,0.00251266591,0.00474798763,0.00621517006,-0.00335503805,-0.00146492981,-0.00138278288,0.000323753283,0.000139360497
0.697,-0.00031308394,-0.00212688129,-0.00653681896,-0.0143999687,-0.0268259587,0.0268316038,0.0225032911,0.0111687584,0.00591723349,-0.00212293346,0.000196436714,0.000935555336,0.00250033598,0.00476956769,0.00637205311,-0.00387523364,-0.00153746019,-0.0014270426,0.000334918065,0.000141523752
0.698,-0.000294861962,-0.00209139652,-0.00650045104,-0.0144325564,-0.0270372336,0.0201220859,0.0233545359,0.0115125631,0.0061202628,-0.00217653857,0.000189019023,0.000921834029,0.00248745482,0.00478859515,0.00651592996,-0.0042486856,-0.00160585289,-0.00147169844,0.00034611087,0.000143412682
0.699,-0.000276640729,-0.00205523112,-0.00646059154,-0.0144482248,-0.0271524059,0.0127371017,0.0241549095,0.0118512637,0.00632790883,-0.00223158073,0.000181627164,0.000908015944,0.00247396146,0.00480430061,0.00664075951,-0.0044685501,-0.00166256885,-0.00151545109,0.00035754262,0.000145034663
0.7,-0.000258447687,-0.00201846717,-0.00641744038,-0.0144475436,-0.0271765576,0.00503604182,0.0248784105,0.0121805783,0.00653933274,-0.00228841436,0.000174264079,0.000894107872,0.00245982997,0.00481628074,0.00674329794,-0.00454624017,-0.00170100902,-0.0015570549,0.000369461066,0.000146418593
0.701,-0.000240317102,-0.00198122782,-0.00637142186,-0.0144323888,-0.0271234594,-0.0026082552,0.0255080989,0.0124977242,0.00675395692,-0.00234739046,0.000166934515,0.000880127038,0.00244510012,0.00482457649,0.00682344791,-0.00450563404,-0.00171690344,-0.00159557295,0.000382111678,0.00014760712
0.702,-0.000222282637,-0.00194364458,-0.00632308012,-0.0144055042,-0.027012733,-0.00985361898,0.0260387076,0.0128018667,0.00697156845,-0.00240877902,0.000159642968,0.000866091929,0.00242984935,0.00482956922,0.0068837406,-0.00437516859,-0.00170914486,-0.00163055671,0.000395681348,0.000148648607
0.703,-0.000204371988,-0.00190582843,-0.00627295367,-0.0143699383,-0.0268661911,-0.0164249218,0.0264772119,0.013094232,0.0071923713,-0.00247273231,0.000152392013,0.000852014276,0.00241415985,0.0048318249,0.00692832826,-0.00418066611,-0.00167970603,-0.00166208988,0.000410276493,0.000149580298
0.704,-0.000186603053,-0.00186785733,-0.00622150126,-0.0143286091,-0.0267046434,-0.0221367309,0.0268413321,0.0133778825,0.00741697036,-0.00253928314,0.000145181597,0.00083789651,0.00239809893,0.00483195266,0.00696189808,-0.00394078604,-0.00163286726,-0.00169070229,0.000425925377,0.000150425851
0.705,-0.000168984626,-0.00182977338,-0.00616906105,-0.0142839793,-0.026545497,-0.02690019,0.0271563611,0.0136571837,0.00764627195,-0.00260836295,0.000138010024,0.000823732831,0.00238170762,0.00483049077,0.00698875201,-0.00366568663,-0.00157401423,-0.00171721405,0.000442595881,0.000151198306
0.706,-0.000151521064,-0.00179160028,-0.00611587396,-0.0142379378,-0.0264014832,-0.0307156308,0.0274513636,0.0139372256,0.0078813865,-0.00267986398,0.000130876224,0.000809517203,0.00236501198,0.00482786321,0.0070122737,-0.00335842664,-0.00150838073,-0.00174254562,0.000460231142,0.00015190827
0.707,-0.000134215242,-0.00175334794,-0.00606208027,-0.0141917041,-0.0262801731,-0.0336543253,0.0277551118,0.0142231845,0.00812349977,-0.00275368197,0.000123780763,0.000795245381,0.00234802427,0.00482435352,0.00703470236,-0.00301795581,-0.00143997062,-0.00176754363,0.000478781903,0.00015256887
0.708,-0.000117069199,-0.00171500955,-0.00600770761,-0.0141458224,-0.0261843598,-0.0358341705,0.0280925247,0.0145196698,0.00837369722,-0.00282973153,0.000116725397,0.00078091235,0.00233073595,0.00482009329,0.00705717859,-0.00264253166,-0.00137097844,-0.00179284199,0.000498226866,0.00015320079
0.709,-0.000100083194,-0.00167656717,-0.00595270622,-0.014100319,-0.0261131759,-0.0373953436,0.0284826773,0.0148303978,0.00863290462,-0.00290797308,0.000109712344,0.000766513721,0.00231313002,0.00481511638,0.00708004877,-0.00223242182,-0.00130174867,-0.0018188243,0.0005185881,0.000153830356
0.71,-8.32522697e-05,-0.00163799312,-0.00589698472,-0.0140549071,-0.0260634837,-0.0384796845,0.0289380766,0.0151580988,0.0089018855,-0.00298840681,0.000102742979,0.000752045967,0.00229518994,0.00480941199,0.00710321963,-0.00179114967,-0.00123120223,-0.00184565332,0.000539923739,0.000154490079
0.711,-6.65662534e-05,-0.00159924179,-0.00584039079,-0.0140090307,-0.0260308596,-0.039215661,0.0294649372,0.0155044532,0.00918118639,-0.00307104576,9.58165901e-05,0.00073750046,0.00227688682,0.00480292334,0.00712637451,-0.00132544312,-0.0011573927,-0.00187332797,0.000562310091,0.000155213632
0.712,-5.00139011e-05,-0.0015602565,-0.00578273227,-0.0139619917,-0.0260105395,-0.0397098328,0.0300644661,0.0158701617,0.00947110275,-0.00315591015,8.89313096e-05,0.000722863593,0.00225817802,0.00479556205,0.00714915092,-0.000844338021,-0.00107818573,-0.00190174874,0.000585830429,0.000156031412
0.713,-3.35887157e-05,-0.00152100221,-0.00572387926,-0.0139132452,-0.0259984274,-0.0400446256,0.0307349258,0.0162553569,0.0097718281,-0.00324306848,8.20867249e-05,0.00070812866,0.00223904122,0.00478728668,0.00717134309,-0.000357685417,-0.000991822974,-0.0019308389,0.0006105634,0.000156970187
0.714,-1.72902228e-05,-0.00148147118,-0.00566378058,-0.0138624638,-0.0259913997,-0.0402798897,0.0314733607,0.0166599782,0.0100835751,-0.00333264564,7.52844595e-05,0.000693297873,0.00221947913,0.00477811535,0.00719294472,0.000125463479,-0.0008971743,-0.00196059689,0.000636578913,0.000158048644
0.715,-1.12287064e-06,-0.00144167715,-0.00560244196,-0.0138095073,-0.0259872567,-0.0404563688,0.0322767492,0.0170839612,0.0104066386,-0.00342479915,6.85274441e-05,0.000678379457,0.00219951148,0.00476810526,0.00721407609,0.000597896369,-0.000793649873,-0.00199111196,0.000663929437,0.000159275573
0.716,1.49073576e-05,-0.0014016407,-0.00553989249,-0.01375435,-0.0259845876,-0.0405999426,0.0331428348,0.0175272619,0.0107413483,-0.00351967499,6.18190622e-05,0.00066338298,0.00217916022,0.00475731858,0.00723489296,0.00105456464,-0.000681086696,-0.00202252887,0.00069264241,0.000160658022
0.717,3.07938104e-05,-0.00136137609,-0.00547614369,-0.0136969438,-0.0259824372,-0.0407258703,0.0340708825,0.0179898298,0.011087985,-0.00361740486,5.51621557e-05,0.000648314388,0.00215843559,0.00474579168,0.00725552936,0.00149244623,-0.000559660822,-0.00205501981,0.000722736318,0.000162197492
0.718,4.65302134e-05,-0.00132090989,-0.00541126952,-0.0136374059,-0.0259805596,-0.0408432482,0.035062631,0.0184719398,0.0114469296,-0.00371817042,4.85599248e-05,0.000633185505,0.00213736802,0.00473360712,0.00727622211,0.00191045291,-0.000429901244,-0.0020888153,0.00075424387,0.000163892916
0.719,6.21146042e-05,-0.00128027772,-0.00534541024,-0.0135760216,-0.0259793189,-0.040958239,0.0361222895,0.0189744674,0.0118188129,-0.00382219909,4.20149555e-05,0.000618014672,0.00211601449,0.00472090556,0.00729731992,0.00230943907,-0.000292344699,-0.00212424844,0.000787198028,0.000165745722
0.72,7.75477097e-05,-0.00123949226,-0.00527862388,-0.0135128973,-0.0259788267,-0.0410745021,0.0372549287,0.019498441,0.0122043107,-0.00392964755,3.55281663e-05,0.000602810263,0.00209440191,0.00470775719,0.00731903017,0.00269160958,-0.000146960636,-0.00216164987,0.000821608764,0.000167754808
0.721,9.28288718e-05,-0.00119854104,-0.00521085208,-0.0134478772,-0.0259786756,-0.0411932794,0.0384656635,0.0200446694,0.0126039969,-0.00404056334,2.90995652e-05,0.000587567694,0.00207251213,0.0046941239,0.00734132189,0.00305946358,7.18126231e-06,-0.00220127105,0.000857461894,0.000169915246
0.722,0.000107951717,-0.00115739418,-0.00514192751,-0.0133805555,-0.0259779213,-0.0413133893,0.0397595275,0.0206134341,0.0130181972,-0.004154887,2.27296654e-05,0.000572271112,0.00205028209,0.00467986144,0.00736394176,0.00341490902,0.000171689076,-0.00224321816,0.000894736747,0.00017221872
0.723,0.000122904514,-0.00111603269,-0.00507169647,-0.0133105596,-0.0259756928,-0.0414325029,0.0411429244,0.0212047388,0.0134471198,-0.00427257578,1.64205627e-05,0.000556907173,0.00202765056,0.00466482794,0.00738664276,0.00375914295,0.000348323379,-0.00228754417,0.000933438612,0.000174653953
0.724,0.000137678219,-0.00107446092,-0.0050001205,-0.0132377847,-0.0259717546,-0.0415491461,0.0426252191,0.0218190447,0.0138911909,-0.00439368884,1.01749141e-05,0.000541475417,0.00200460152,0.0046489842,0.00740937464,0.00409321385,0.00053881613,-0.00233436801,0.000973602412,0.000177217736
0.725,0.000152265711,-0.00103266902,-0.00492712144,-0.0131619815,-0.0259656701,-0.0416620842,0.0442177626,0.0224568928,0.0143507991,-0.00451825073,3.99460211e-06,0.000525971315,0.00198110582,0.00463225593,0.00743204108,0.00441812886,0.000745133171,-0.00238383189,0.00101524934,0.000179908126
0.726,0.000166657404,-0.000990634298,-0.0048525683,-0.0130827178,-0.0259566749,-0.0417696635,0.0459335269,0.023118468,0.0148260646,-0.00464623792,-2.11801764e-06,0.000510384704,0.00195711104,0.00461450732,0.00745443082,0.00473460404,0.000969331667,-0.00243606083,0.00105839318,0.000182721605
0.727,0.000180842099,-0.000948356189,-0.00477640554,-0.012999764,-0.0259443239,-0.0418701836,0.0477880914,0.023803915,0.0153171805,-0.00477769415,-8.15908287e-06,0.000494714709,0.00193259353,0.00459566773,0.00747644171,0.00504323649,0.00121345826,-0.00249126836,0.0011030503,0.000185653359
0.728,0.000194809702,-0.000905861615,-0.0046986795,-0.0129131865,-0.0259286213,-0.0419618428,0.0498006134,0.0245136297,0.0158246496,-0.00491279077,-1.41242099e-05,0.00047897221,0.00190757204,0.00457577104,0.00749816141,0.00534484047,0.0014797838,-0.002549798,0.00114925742,0.000188691141
0.729,0.000208556814,-0.000863200286,-0.0046195448,-0.0128233951,-0.0259101378,-0.0420430048,0.0519953614,0.0252485973,0.0163495517,-0.00505183415,-2.00101457e-05,0.000463179473,0.00188211267,0.00455496858,0.00751987543,0.00564052713,0.00177149713,-0.00261214529,0.0011970564,0.000191819685
0.73,0.000222085333,-0.000820404909,-0.00453910912,-0.0127307043,-0.0258892483,-0.0421113775,0.0544021884,0.0260097592,0.0168931111,-0.00519508277,-2.58157021e-05,0.000447352876,0.00185626623,0.00453337315,0.00754175914,0.00593106767,0.00209306101,-0.0026787577,0.00124645874,0.000195033082
0.731,0.000235392798,-0.000777479246,-0.00445735476,-0.0126350539,-0.0258656517,-0.0421630941,0.0570578314,0.0267968907,0.017456025,-0.00534271662,-3.15402889e-05,0.000431492684,0.00183002327,0.00451094365,0.00756366891,0.00621606837,0.00244937815,-0.00274987838,0.00129748307,0.0001983219
0.732,0.000248478441,-0.000734437887,-0.00437433986,-0.0125365702,-0.0258396203,-0.0421952328,0.0600107545,0.0276093505,0.0180389246,-0.0054950938,-3.71845978e-05,0.000415600756,0.00180338555,0.004487657,0.0075854269,0.00649401816,0.0028445363,-0.00282566819,0.00135022462,0.000201685741
0.733,0.000261346583,-0.000691297281,-0.00429017559,-0.0124355412,-0.0258120768,-0.0422078358,0.0633231632,0.0284467582,0.0186426552,-0.00565270106,-4.27527465e-05,0.00039967504,0.00177635305,0.00446347715,0.00760673689,0.00676218346,0.00328096763,-0.00290616798,0.00140481291,0.000205134384
0.734,0.000273996593,-0.000648060118,-0.00420488777,-0.012332082,-0.025783889,-0.0422043088,0.0670686844,0.0293087625,0.019267987,-0.00581589948,-4.82510717e-05,0.000383696252,0.00174886245,0.00443819219,0.00762680005,0.00701546533,0.00375734427,-0.00299078101,0.00146138614,0.000208686555
0.735,0.000286412265,-0.000604719972,-0.004118375,-0.0122260207,-0.0257556951,-0.0421925398,0.0713277358,0.0301949441,0.019915335,-0.00598475306,-5.3685207e-05,0.000367625645,0.00172076425,0.00441135044,0.00764416472,0.00724528126,0.00426341565,-0.00307752339,0.00152015319,0.000212385154
0.736,0.000298546709,-0.000561285698,-0.0040304305,-0.0121169237,-0.0257280248,-0.0421859209,0.0761785591,0.0311045067,0.0205841967,-0.00615900372,-5.90548315e-05,0.00035141192,0.00169182761,0.00438227608,0.00765685964,0.00743981356,0.00477103697,-0.00316235359,0.00158156814,0.000216320577
0.737,0.00031033838,-0.000517836994,-0.00394108784,-0.0120050747,-0.0257036957,-0.0422089992,0.0816886293,0.0320393807,0.0212742561,-0.00633857724,-6.43544004e-05,0.000335025284,0.00166188737,0.00435047512,0.00766340793,0.00758743349,0.00522492138,-0.00323951099,0.0016465358,0.000220674027
0.738,0.000321732899,-0.000474513277,-0.0038507104,-0.0118917638,-0.0256888151,-0.0423026736,0.0878949893,0.0330093571,0.0219868681,-0.00652365772,-6.95768184e-05,0.000318469281,0.00163091624,0.00431586555,0.00766356613,0.00768154462,0.00553806162,-0.00330243322,0.00171635143,0.000225755982
0.739,0.000332674441,-0.000431465469,-0.00375973746,-0.0117785093,-0.025691041,-0.0425220123,0.0947660694,0.0340347747,0.022724935,-0.00671415042,-7.47097689e-05,0.000301766112,0.0015989554,0.00427862966,0.00765834114,0.007724421,0.00559331305,-0.00334496909,0.00179239048,0.000231966541
0.74,0.000343105752,-0.000388850587,-0.00366864269,-0.0116668862,-0.0257186222,-0.0429302561,0.102158865,0.0351490795,0.0234932586,-0.00690948177,-7.97327074e-05,0.000284963747,0.00156613157,0.00423926599,0.00765026684,0.00773032451,0.00525309851,-0.00336350404,0.0018757825,0.000239737586
0.741,0.000352971232,-0.000346831975,-0.00357790444,-0.0115584154,-0.0257791281,-0.0435883002,0.109778612,0.0364001335,0.0242990222,-0.00710857159,-8.46166309e-05,0.000268139839,0.0015326717,0.00419862675,0.00764354237,0.00772706026,0.00437975231,-0.00335992065,0.00196697192,0.000249394748
0.742,0.000362238304,-0.00030556603,-0.00348803904,-0.0114546618,-0.0258787403,-0.0445437303,0.117155819,0.0378506023,0.0251526008,-0.00731009125,-8.93308247e-05,0.00025140134,0.00149892757,0.00415795698,0.00764387694,0.00775465591,0.00286654799,-0.00334480922,0.00206525095,0.000261007911
0.743,0.000370919494,-0.000265145064,-0.00339945085,-0.011356806,-0.0260205733,-0.0458202057,0.123645044,0.0395758141,0.0260679464,-0.00751235655,-9.38521932e-05,0.000234861961,0.00146531418,0.00411868312,0.00765751597,0.00785952012,0.000674455619,-0.00333931077,0.00216817109,0.000274244929
0.744,0.000379054414,-0.000225528998,-0.00331203166,-0.01126421,-0.0262007495,-0.0474027319,0.128445394,0.0416519628,0.0270594989,-0.007712749,-9.81649323e-05,0.000218599543,0.00143211289,0.00408178237,0.00768917218,0.00808381471,-0.00213760922,-0.00337364988,0.00227126512,0.000288244417
0.745,0.000386698251,-0.000186558005,-0.00322515382,-0.0111741698,-0.0264070173,-0.0492264954,0.130670858,0.0441378843,0.0281387482,-0.00790814324,-0.000102261026,0.000202645716,0.00139941095,0.00404751016,0.00774063838,0.00845427321,-0.00540066328,-0.00348243487,0.00236863599,0.000301586292
0.746,0.000393928296,-0.000147988436,-0.00313788082,-0.0110825595,-0.0266201498,-0.0511771484,0.129473924,0.0470564326,0.0293116123,-0.00809601631,-0.000106145029,0.000186990024,0.00136714056,0.00401544625,0.00781028852,0.00897423866,-0.00884815525,-0.00369736129,0.00245423737,0.000312484017
0.747,0.00040083913,-0.000109535896,-0.00304913095,-0.0109845293,-0.0268162068,-0.0531022551,0.124195275,0.0503788784,0.0305762132,-0.00827540566,-0.000109837004,0.000171583843,0.00133510441,0.003984574,0.00789309065,0.00962064689,-0.0121531553,-0.00403866531,0.00252335093,0.000319104802
0.748,0.000407530628,-7.09227519e-05,-0.00295782657,-0.0108752642,-0.0269697989,-0.054833336,0.114508921,0.0540169548,0.0319218841,-0.00844738978,-0.000113369608,0.000156348922,0.0013030106,0.00395344719,0.00798119372,0.0103466624,-0.0149840946,-0.00450719311,0.00257389293,0.000319986493
0.749,0.000414058646,-3.19464151e-05,-0.00286295442,-0.0107502049,-0.0270565608,-0.0562093778,0.100523375,0.0578199876,0.033326819,-0.00861486256,-0.000116774176,0.000141191584,0.00127046423,0.00392024476,0.00806476392,0.0110889394,-0.0170682579,-0.00507873571,0.00260740626,0.00031438729
0.75,0.000420419032,7.43224363e-06,-0.00276396008,-0.0106063768,-0.027058702,-0.0571063533,0.0828298475,0.0615892871,0.0347588456,-0.00878312263,-0.000120069484,0.000126044328,0.00123711984,0.0038833078,0.00813421986,0.0117804047,-0.018249519,-0.00570453678,0.00262991401,0.000302581884
0.751,0.000426582862,4.7085973e-05,-0.00266107153,-0.0104436938,-0.0269706483,-0.0574681743,0.0624589457,0.0651175901,0.0361821425,-0.0089601667,-0.00012326752,0.000110889773,0.00120285684,0.00384178364,0.0081829686,0.0123664031,-0.018518881,-0.00632100611,0.00265153063,0.000285995353
0.752,0.000432504172,8.67803478e-05,-0.00255510311,-0.0102645007,-0.0267988267,-0.0573166113,0.0407240598,0.068233905,0.037564782,-0.0091550231,-0.00012637575,9.57523818e-05,0.00116776055,0.0037956646,0.00820840907,0.0128158755,-0.0180030249,-0.00686482537,0.00268424102,0.00026694485
0.753,0.000438121878,0.000126232576,-0.00244714849,-0.0100725827,-0.0265581979,-0.0567381621,0.0190068867,0.0708367685,0.0388851732,-0.00937556089,-0.000129391861,8.06829433e-05,0.00113204936,0.00374558148,0.00821162325,0.0131240883,-0.0169198449,-0.00728750972,0.00273911268,0.000248056537
0.754,0.000443356603,0.000165144884,-0.00233831239,-0.00987213075,-0.0262676725,-0.0558565458,-0.00144872057,0.0729069336,0.040134879,-0.00962678123,-0.000132301426,6.5750945e-05,0.00109599374,0.00369251607,0.00819632831,0.0133081234,-0.0155197755,-0.00756513011,0.00282406232,0.000231675835
0.755,0.000448128418,0.000203236233,-0.00222963589,-0.00966730574,-0.0259471917,-0.0548059799,-0.0196870209,0.0745051714,0.0413192238,-0.00991072783,-0.000135082024,5.10365887e-05,0.00105989192,0.00363766208,0.0081679696,0.0133997326,-0.0140300625,-0.00770304381,0.00294288638,0.000219390608
0.756,0.000452412781,0.000240321724,-0.00212207923,-0.009462223,-0.0256164166,-0.0537124779,-0.0351233025,0.0757614397,0.0424590351,-0.0102270979,-0.000137723069,3.66077154e-05,0.00102406921,0.00358239335,0.00813294846,0.0134377258,-0.0126104412,-0.00773468027,0.00309485416,0.000211820518
0.757,0.000456215004,0.000276342983,-0.00201617477,-0.00925954593,-0.0252898343,-0.0526724991,-0.04754985,0.0768417669,0.0435843603,-0.010572622,-0.000140225253,2.24887338e-05,0.000988708435,0.00352765028,0.00809646046,0.0134575614,-0.0113300229,-0.00771026316,0.0032748495,0.000208582511
0.758,0.000459525704,0.000311313427,-0.00191194617,-0.00905993029,-0.0249743716,-0.0517424801,-0.0570684561,0.0779130621,0.0447251793,-0.0109416199,-0.000142586745,8.66453138e-06,0.000953779898,0.00347359534,0.00806104954,0.0134831178,-0.0101774623,-0.00768028373,0.00347521593,0.000208538182
0.759,0.000462306796,0.000345254481,-0.00180910445,-0.00886261155,-0.0246708342,-0.0509436888,-0.0639922307,0.0791230447,0.045905746,-0.0113276865,-0.000144797786,-4.8941609e-06,0.000919109386,0.00341977627,0.008026789,0.0135249049,-0.00909398551,-0.00768270635,0.00368832656,0.000210268349
0.76,0.000464511692,0.000378172383,-0.00170730384,-0.00866637158,-0.0243769548,-0.0502744412,-0.0687537372,0.0805943174,0.0471439908,-0.0117254812,-0.000146843902,-1.82117581e-05,0.000884493508,0.00336551172,0.0079923452,0.0135832782,-0.00800900004,-0.00773781712,0.0039085293,0.000212488688
0.761,0.000466132881,0.000410099005,-0.00160631168,-0.00847038708,-0.0240903792,-0.0497221541,-0.0718338436,0.0824243203,0.0484560378,-0.0121315227,-0.000148721365,-3.13082551e-05,0.000849799231,0.00331030832,0.00795625869,0.0136533865,-0.0068650731,-0.00784837874,0.00413270501,0.000214304491
0.762,0.0004671734,0.000441076733,-0.00150588378,-0.00827366597,-0.0238075242,-0.049265123,-0.0736952252,0.0846749642,0.0498540905,-0.0125429023,-0.000150429288,-4.42007578e-05,0.000814913227,0.00325370729,0.00791683664,0.0137273109,-0.00563197584,-0.00800068043,0.0043598936,0.000215322905
0.763,0.000467621028,0.000471114956,-0.00140579543,-0.0080750414,-0.0235238234,-0.0488764563,-0.0747314983,0.0873708103,0.0513431517,-0.0129573071,-0.000151958337,-5.68869177e-05,0.000779753675,0.00319529884,0.0078724259,0.0137964052,-0.0043141757,-0.00817017897,0.00459138216,0.000215648428
0.764,0.00046747124,0.000500205138,-0.00130596011,-0.00787383726,-0.0232358584,-0.0485320217,-0.0752491878,0.0905138401,0.0529236039,-0.0133743793,-0.000153297424,-6.93424223e-05,0.000744334234,0.00313498017,0.00782232111,0.0138550911,-0.00294594593,-0.00833297704,0.0048305642,0.000215881369
0.765,0.000466747415,0.000528358704,-0.00120641089,-0.00767002484,-0.0229420828,-0.0482142346,-0.0754713131,0.0940987585,0.0545952347,-0.0137961195,-0.000154442611,-8.15370955e-05,0.00070875639,0.00307300373,0.00776704453,0.0139028179,-0.00157349215,-0.00847648602,0.00508162222,0.000216857767
0.766,0.000465510731,0.000555644423,-0.00110721094,-0.00746404821,-0.0226425533,-0.0479120538,-0.0755506827,0.0981227052,0.0563612496,-0.0142260485,-0.000155404045,-9.34555618e-05,0.000673158182,0.00300985148,0.00770797742,0.0139431551,-0.00023503746,-0.00860229084,0.00534776535,0.000219357916
0.767,0.00046381324,0.000582138704,-0.00100833076,-0.00725603296,-0.0223367061,-0.0476155979,-0.0755749006,0.102580805,0.0582247323,-0.014666891,-0.00015619135,-0.000105093757,0.000637628759,0.00294587386,0.00764625929,0.0139802848,0.00104872627,-0.00872064417,0.00563013072,0.000223859077
0.768,0.000461669889,0.000607862819,-0.000909730706,-0.00704579277,-0.0220232782,-0.0473151806,-0.0755730986,0.107467981,0.0601842977,-0.0151206578,-0.000156801454,-0.000116437754,0.000602217166,0.00288122756,0.00758251467,0.0140173451,0.00227279457,-0.00884571637,0.00592867438,0.000230450341
0.769,0.000459103616,0.000632835888,-0.00081146599,-0.00683354099,-0.0217025779,-0.047006519,-0.0755395513,0.11279758,0.0622391813,-0.0155902502,-0.000157234452,-0.00012747401,0.00056699463,0.00281616379,0.00751763926,0.0140579929,0.00344635871,-0.00899435087,0.0062429913,0.000238976584
0.77,0.000456138147,0.000657084725,-0.000713573286,-0.00661948058,-0.0213752711,-0.0466884926,-0.0754531792,0.118608266,0.0643902677,-0.0160784347,-0.000157496825,-0.000138205887,0.000531988758,0.0027508297,0.00745230584,0.0141056194,0.00459265837,-0.00918064273,0.00657144879,0.000249130219
0.771,0.000452773061,0.000680612707,-0.000616012167,-0.00640342901,-0.0210410092,-0.0463600394,-0.0752913633,0.124964394,0.0666377869,-0.016586584,-0.000157596289,-0.000148656336,0.000497126932,0.00268503049,0.00738618017,0.0141610784,0.00574249279,-0.00940613703,0.00691045692,0.000260358279
0.772,0.00044895031,0.000703326656,-0.000518738469,-0.00618474284,-0.0206978218,-0.0460183598,-0.0750375683,0.131951638,0.0689757486,-0.0171142173,-0.000157530273,-0.000158852245,0.000462219753,0.00261806681,0.00731728331,0.0142202394,0.00691932919,-0.00965055415,0.0072550696,0.000271780803
0.773,0.000444581116,0.00072505031,-0.000421851902,-0.00596299734,-0.0203441698,-0.0456634962,-0.0746963049,0.13968221,0.0713931201,-0.0176613399,-0.000157289284,-0.000168814824,0.000427035272,0.00254897543,0.00724250386,0.0142740987,0.00812203589,-0.00987080477,0.00760150706,0.000282130068
0.774,0.000439629525,0.000745677527,-0.000325534754,-0.00573846862,-0.0199810196,-0.0453031749,-0.0743171053,0.148298518,0.073889021,-0.0182297572,-0.000156876726,-0.000178574246,0.000391388741,0.00247696857,0.00715884949,0.0143110217,0.00931245901,-0.0100089692,0.00795068636,0.000290253971
0.775,0.000434121248,0.00076524287,-0.000229726562,-0.00551099243,-0.0196084417,-0.0449433675,-0.0739887265,0.15792671,0.0764799186,-0.0188191382,-0.000156292472,-0.00018813439,0.000355214127,0.00240161286,0.00706406623,0.0143186335,0.0104084519,-0.0100150554,0.00831285102,0.000296263916
0.776,0.000428132959,0.000783933261,-0.000133912078,-0.00527897093,-0.0192218799,-0.0445743999,-0.0737870261,0.168603997,0.0791950107,-0.019424167,-0.000155498644,-0.000197387695,0.000318759448,0.0023233522,0.00695844777,0.0142904772,0.0112966139,-0.00990178821,0.00871391803,0.000303589338
0.777,0.000421791483,0.000802089132,-3.70927152e-05,-0.00503921075,-0.0188107393,-0.0441611094,-0.0736842624,0.180239077,0.0820595869,-0.0200365958,-0.000154399192,-0.000206046852,0.000282814084,0.00224430271,0.00684786941,0.0142391649,0.0118922531,-0.00982349793,0.00919511989,0.00032080576
0.778,0.000415265565,0.000820161797,6.19969132e-05,-0.00478771905,-0.018360323,-0.0436428625,-0.0734521822,0.19267636,0.0850649657,-0.0206526555,-0.00015285804,-0.000213677932,0.00024870345,0.00216852447,0.00674563532,0.0142089389,0.0122504676,-0.010116415,0.00979262181,0.000360542227
0.779,0.000408721728,0.000838587058,0.000164433685,-0.00452130205,-0.0178571866,-0.0429484394,-0.0726249822,0.205920104,0.0881327404,-0.0212821914,-0.000150770295,-0.000219897082,0.000217807837,0.00210089155,0.00666991889,0.0142747797,0.0126782828,-0.011197604,0.0104898687,0.000432476665
0.78,0.000402151084,0.000857352327,0.000270202084,-0.00423954117,-0.0172957271,-0.0420227073,-0.0705739668,0.220475167,0.0910681147,-0.0219552941,-0.000148150136,-0.00022467667,0.000190537013,0.00204386151,0.00663370554,0.014513541,0.0137427546,-0.0132516313,0.0111567162,0.000529598627
0.781,0.000395224687,0.000875560887,0.000377000794,-0.0039482181,-0.0166903598,-0.04087786,-0.0667661996,0.23774178,0.0935538128,-0.022731288,-0.000145241098,-0.00022870746,0.000165115256,0.00199339171,0.00663031936,0.0149488482,0.0160759459,-0.0157654305,0.0115212042,0.000612097694
0.782,0.000387287623,0.000891345215,0.000479676343,-0.00366196827,-0.0160870566,-0.0396530493,-0.0612100693,0.260216512,0.0952578937,-0.0236981748,-0.000142598572,-0.000233655845,0.000136720891,0.00193574512,0.00662005344,0.0154846329,0.0199489754,-0.0171583832,0.0112388596,0.000601611818
0.783,0.00037749705,0.000902239171,0.000571059042,-0.00340278381,-0.0155618992,-0.0386379386,-0.0549172899,0.291074205,0.0960802242,-0.0249431846,-0.00014102319,-0.000241981712,9.78597594e-05,0.00184772498,0.00652669298,0.0158608499,0.024731624,-0.0149399289,0.0101161453,0.00040245086
0.784,0.000365101996,0.000906029671,0.000644398882,-0.00319314097,-0.0152003734,-0.0382219221,-0.0500755308,0.332847633,0.0964816217,-0.0264879549,-0.000141277944,-0.000256094597,4.07322213e-05,0.00170306244,0.00625447997,0.015680154,0.0285390058,-0.00682246698,0.00847258755,-3.75426278e-05
0.785,0.000349735928,0.000901682798,0.000696444076,-0.00304550678,-0.0150600293,-0.0387565344,-0.0496215166,0.385355722,0.0977014216,-0.0282093753,-0.000143609073,-0.000276892066,-3.84802495e-05,0.00148521338,0.00572914938,0.0145403223,0.0284562994,0.00716774344,0.00748620712,-0.000636286378
0.786,0.000331687327,0.000890137539,0.000729866647,-0.00295383696,-0.0151358862,-0.0403851017,-0.0561881046,0.443820577,0.101654023,-0.0298023527,-0.000147303726,-0.000302328296,-0.000134970288,0.00120289773,0.00495395769,0.0122621023,0.0216012088,0.0223185508,0.0092192388,-0.00109983875
0.787,0.00031196999,0.000874467149,0.000753696484,-0.00289126148,-0.0153453132,-0.0429174062,-0.0708043466,0.498425476,0.110384405,-0.0308262296,-0.000150534905,-0.000326858037,-0.000233020619,0.000899785341,0.00405247344,0.00911997383,0.006826071,0.0281714889,0.0160108744,-0.000930519154
0.788,0.000292070604,0.000859055711,0.000780965788,-0.00281629895,-0.0155428407,-0.0458209125,-0.0919926379,0.536127975,0.125178952,-0.0308433089,-0.000150655258,-0.000342349381,-0.000308275659,0.00065020647,0.00326675176,0.0059378274,-0.0137042991,0.0104316864,0.0291908179,0.000421559864
0.789,0.000273466082,0.000848066135,0.000824122822,-0.00268678708,-0.015565526,-0.0483594058,-0.115818998,0.544564913,0.145691407,-0.0296136547,-0.000144964681,-0.000340532615,-0.000334957567,0.000538414822,0.00289662689,0.00394789025,-0.0340395788,-0.0435908059,0.0475127527,0.00327172849
0.79,0.000257098194,0.000843782617,0.000889911037,-0.00247657767,-0.0152938253,-0.0498417387,-0.137032783,0.516703487,0.169550274,-0.0272710642,-0.000131758594,-0.000316336984,-0.000296181984,0.000626162582,0.00319090634,0.0044035184,-0.0457284914,-0.137372309,0.0661038886,0.00737558817
0.791,0.000243078787,0.000845759596,0.000976372383,-0.00218748046,-0.0147031697,-0.0498909041,-0.150948211,0.454236017,0.192862265,-0.0243841553,-0.000111314197,-0.000270942105,-0.0001936299,0.000920195936,0.00422805307,0.00805828895,-0.0407422051,-0.258648988,0.0768297172,0.011732526
0.792,0.000230713504,0.000851113723,0.00107366638,-0.00184905713,-0.0138757294,-0.0485962438,-0.155247065,0.367708788,0.211599042,-0.0218190184,-8.6384012e-05,-0.000213163989,-5.23027376e-05,0.00135348232,0.00583570275,0.0147137612,-0.0150086175,-0.377877595,0.070540313,0.0146781022
0.793,0.000218770021,0.000855620406,0.00116796848,-0.0015065186,-0.0129652159,-0.0464650876,-0.150780178,0.272881568,0.223255718,-0.0204385544,-6.18160923e-05,-0.000158090117,8.29531965e-05,0.00179129893,0.00759016564,0.0230394315,0.0289365548,-0.454112295,0.0408722081,0.0143153168
0.794,0.000205972553,0.00085537413,0.00124692785,-0.00120261377,-0.0121346963,-0.0442106579,-0.141044259,0.184928029,0.228037413,-0.0207754133,-4.3179163e-05,-0.000122633744,0.000160402913,0.00206770092,0.00891943584,0.0308055218,0.0814439218,-0.448002063,-0.0115071668,0.00922620473
0.795,0.000191528223,0.000848390078,0.00130472428,-0.000960190608,-0.0114909622,-0.0424628241,-0.130635097,0.112946894,0.228989737,-0.0228072117,-3.47403881e-05,-0.000119100559,0.000141079641,0.00204628174,0.00929985191,0.0355624658,0.128114197,-0.338336914,-0.0761820116,-0.00071142691
0.796,0.00017542661,0.000835402952,0.00134443128,-0.000773033505,-0.0110425497,-0.0415178755,-0.123347387,0.0571955387,0.230824898,-0.0259316655,-3.77028611e-05,-0.000149639402,1.67372739e-05,0.00168111041,0.0084771326,0.0355815015,0.154747477,-0.135254842,-0.134132802,-0.0137661016
0.797,0.00015826655,0.000819104614,0.00137568479,-0.000610870887,-0.0107030696,-0.0412405229,-0.120733605,0.0104267532,0.237742967,-0.0291906678,-4.96148427e-05,-0.000204584289,-0.00018376062,0.00104524247,0.00659863851,0.0306255113,0.152995945,0.117720666,-0.163680204,-0.0264965923
0.798,0.000140743941,0.000802197264,0.00140848615,-0.000437590752,-0.0103435937,-0.041182638,-0.121825151,-0.0372373314,0.251319575,-0.0316935313,-6.52604267e-05,-0.000265789256,-0.000403893918,0.000309102891,0.00417947041,0.0221379069,0.123958415,0.356118196,-0.149342649,-0.0347463391
0.799,0.000123206031,0.000785737728,0.00144726195,-0.000232227494,-0.00986732377,-0.0408642219,-0.124157362,-0.0926254099,0.269815616,-0.0330422126,-7.87158366e-05,-0.000313784041,-0.000581567881,-0.000324798702,0.00190833831,0.0127210536,0.0778900089,0.517466222,-0.0896850168,-0.0352032279
0.8,0.000105528448,0.000768708692,0.00148877496,4.25049123e-07,-0.0092597253,-0.0400410696,-0.125419933,-0.156375806,0.2894267,-0.0335062163,-8.55724334e-05,-0.000335344645,-0.000673590639,-0.000702170455,0.000376423915,0.00510505472,0.0299797992,0.565020229,0.00017055416,-0.026890771
0.801,8.73894574e-05,0.0007491131,0.00152522316,0.000236146977,-0.00858445194,-0.0387998735,-0.124718941,-0.224020732,0.306733481,-0.0338175336,-8.42552869e-05,-0.000327744892,-0.000670329538,-0.000771909126,-0.000138215926,0.001106318,-0.00581217774,0.500909099,0.0935505526,-0.0118039188
0.802,6.87962594e-05,0.000725907121,0.00155059638,0.000450702957,-0.00792780897,-0.0374292149,-0.12272926,-0.290141416,0.320673208,-0.0346889917,-7.60920111e-05,-0.000298270599,-0.000594967411,-0.00059201607,0.000266009739,0.00107640549,-0.0217630933,0.362432089,0.162684484,0.00574029792
0.803,5.06738785e-05,0.000700995275,0.00156737675,0.000642099698,-0.00732390876,-0.0361548073,-0.120783403,-0.352498668,0.332639839,-0.036340925,-6.43960095e-05,-0.000260208387,-0.000490743983,-0.000293401544,0.00120443562,0.00400344091,-0.0180999685,0.204594208,0.189495535,0.0206944452
0.804,3.51734735e-05,0.000680370242,0.00159067007,0.000845678021,-0.00669630586,-0.0348753592,-0.119478866,-0.413198628,0.344338357,-0.0382836426,-5.29654062e-05,-0.000227249453,-0.000402800519,-2.31689748e-05,0.00218572253,0.00809053155,-0.00141937044,0.0779878937,0.172107165,0.0290720499
0.805,2.52820464e-05,0.000673043538,0.00164603393,0.00113201194,-0.00584747207,-0.0330270095,-0.117507002,-0.475388399,0.354153252,-0.0395081308,-4.45086628e-05,-0.000208250727,-0.000361243892,0.000110924774,0.00280404773,0.0115242094,0.0188908558,0.0112919048,0.124603591,0.0292774776
0.806,2.35589319e-05,0.000687312229,0.00175936787,0.0015811898,-0.00452165586,-0.029699861,-0.111411227,-0.536414157,0.354170398,-0.0391476302,-3.95686024e-05,-0.000204136414,-0.000371089429,7.66641604e-05,0.0028777266,0.0131434835,0.0345733882,0.0047125007,0.0703062453,0.0225591828
0.807,3.01652954e-05,0.000724847614,0.00193999968,0.00223514684,-0.0025420033,-0.0240530762,-0.0967118391,-0.580901154,0.33074171,-0.0374992094,-3.63025026e-05,-0.000207789964,-0.00041168178,-7.5754026e-05,0.00249670539,0.0127984488,0.041351907,0.0356091053,0.0313528888,0.0124955051
0.808,4.08150402e-05,0.000774595494,0.00216240598,0.00304172557,1.19255919e-05,-0.0159540799,-0.0703596887,-0.57899704,0.271034181,-0.0370493244,-3.13407499e-05,-0.000207213543,-0.00044593065,-0.000237659075,0.00197046347,0.0113188607,0.0399788081,0.0728678687,0.018720118,0.0036871747
0.809,4.56176591e-05,0.000809246877,0.00235456818,0.00381403659,0.00265749337,-0.00660978945,-0.0337845831,-0.494382719,0.175461942,-0.0428733152,-2.16117297e-05,-0.000191415037,-0.000437775872,-0.000292251249,0.00168453923,0.0100994339,0.0353351171,0.0938039068,0.0270066253,-5.83225894e-05
0.81,3.00950725e-05,0.000787673891,0.00240249297,0.00423374588,0.00448107094,0.00113247468,0.00469773307,-0.303145771,0.071962098,-0.0616743032,-6.53369317e-06,-0.000157165504,-0.000372669113,-0.000177152379,0.00190316982,0.0104036131,0.0338636716,0.0962645801,0.0373699544,0.00241158781
0.811,-2.06363456e-05,0.000666363183,0.00217979191,0.00392518779,0.00431333308,0.0031450264,0.0295724796,-0.0194048504,0.0239265106,-0.0988225877,1.03742557e-05,-0.000113893205,-0.000273175288,6.36617746e-05,0.00258752648,0.0126164197,0.040152699,0.0997981826,0.0291228061,0.00839246933
0.812,-0.000114588875,0.000419979943,0.00160385838,0.00260877609,0.00115203169,-0.00472921757,0.0212951245,0.28307203,0.120721681,-0.153318237,2.14874353e-05,-8.38114735e-05,-0.000201124848,0.000264506053,0.00331086107,0.0157487378,0.0538816494,0.133728589,-0.00385403427,0.0115798311
0.813,-0.00024417711,6.66990531e-05,0.000707783102,0.000307362709,-0.00522122298,-0.0246132421,-0.0365758916,0.468846455,0.442254532,-0.211935071,1.74471798e-05,-9.51354203e-05,-0.00023989142,0.00017997438,0.00334143158,0.0174848456,0.0684631304,0.215723542,-0.0399720463,0.00443267484
0.814,-0.000379583371,-0.000311587957,-0.000298205149,-0.00246259104,-0.0136120769,-0.0542239258,-0.147437009,0.372264432,0.999418918,-0.245399896,-8.052245e-06,-0.000168205298,-0.000455611532,-0.000409475886,0.0019258467,0.0149491358,0.0724445444,0.330190605,-0.0302074506,-0.0173105228
0.815,-0.000469459881,-0.000568975062,-0.00101632049,-0.00462492813,-0.0210833521,-0.0851523764,-0.291815443,-0.133687852,1.66857557,-0.211052158,-5.23601751e-05,-0.000297944338,-0.000845873031,-0.00154805028,-0.00126679006,0.00614970576,0.0540570798,0.419123106,0.08066552,-0.0490282542
0.816,-0.000453655107,-0.000529500938,-0.000944722371,-0.00473311707,-0.0233243465,-0.103210892,-0.422740679,-1.04427702,2.15805631,-0.0673982108,-9.97474189e-05,-0.000440752298,-0.00129767058,-0.00296774015,-0.00568552606,-0.00828538089,0.00819812063,0.396865325,0.312800146,-0.0731834631
0.817,-0.000287556722,-5.68752519e-05,0.000333082861,-0.00147576525,-0.0159830947,-0.0920886319,-0.472662093,-2.14414828,2.05767273,0.197371624,-0.000122740107,-0.000516692948,-0.00158620657,-0.00405517508,-0.00968574633,-0.0239171445,-0.0566419793,0.19239576,0.605574074,-0.0611906328
0.818,2.95673173e-05,0.00086012536,0.00290232004,0.00561448814,0.00324137094,-0.0401451929,-0.375050987,-3.00017845,1.00404383,0.530630023,-9.09770676e-05,-0.000434165591,-0.00143864331,-0.00400272877,-0.0108372875,-0.0328804251,-0.115627066,-0.193177322,0.798576071,0.0148280942
0.819,0.000435309173,0.00204479246,0.00631953975,0.0155344273,0.0325081233,0.0518058069,-0.0963297299,-3.07081945,-1.06527031,0.793567491,1.3998858e-05,-0.000133808774,-0.000658572,-0.00215000068,-0.00684555114,-0.0264316098,-0.13277655,-0.643523989,0.672686877,0.160747186
0.82,0.000807021764,0.0031340803,0.00958828562,0.0256290099,0.0648477136,0.165322165,0.333760078,-1.92815061,-3.67340131,0.777576293,0.000184004552,0.000364964338,0.0007320203,0.00159049735,0.00315007639,0.000766567602,-0.0749620294,-0.933702771,0.0627814572,0.33762203
0.821,0.000991717227,0.00366572854,0.0113846739,0.0321221284,0.0892411286,0.265587045,0.809873062,0.480215389,-5.74195409,0.276009888,0.000377632317,0.000939978346,0.00240679683,0.00642911176,0.0174783159,0.046303085,0.0693317731,-0.806901265,-0.991507005,0.453004461
0.822,0.000854933009,0.00323070083,0.0104912366,0.0313090558,0.0938563782,0.310607533,1.16960366,3.66000462,-5.83892001,-0.799339092,0.000527448829,0.00138492254,0.00377152247,0.0107281493,0.0317209268,0.0980509519,0.275219849,-0.104457388,-2.13869095,0.382252571
0.823,0.000332302418,0.00163912866,0.00629176724,0.0210201211,0.0704596095,0.265890867,1.24191849,6.60947,-2.73682814,-2.30081138,0.000560627958,0.00147239035,0.00413851354,0.0124469098,0.0397489327,0.136322662,0.479718302,1.1083374,-2.74478241,0.0238523545
0.824,-0.000534249956,-0.000961035987,-0.000856451597,0.00181242957,0.0184392433,0.119445977,0.910762892,8.10300911,3.89176558,-3.78807221,0.000426875504,0.00104342566,0.00299303457,0.00990053566,0.0358516411,0.140158034,0.597487398,2.49218739,-2.10518867,-0.626342138
0.825,-0.00158967574,-0.00406253426,-0.0095310675,-0.0226092668,-0.0531828527,-0.108650435,0.171239916,7.14288984,12.9418022,-4.58878764,0.0001236732,9.13291113e-05,0.000257447088,0.00257201416,0.0172823533,0.0958954188,0.551131362,3.50776012,0.204456334,-1.41560113
0.826,-0.00259435209,-0.00689707466,-0.0175127922,-0.0460197203,-0.126879005,-0.366663587,-0.845124432,3.40893237,21.82246,-3.99605566,-0.000291389874,-0.00119565462,-0.00355800973,-0.00835574143,-0.0137942637,0.00479045967,0.305756112,3.60786128,3.9799346,-2.03068707
0.827,-0.00328747976,-0.00864621721,-0.0223926543,-0.0613191851,-0.180987772,-0.582947603,-1.88956731,-2.48798729,27.0424521,-1.56098531,-0.000709553488,-0.00246084115,-0.0074081326,-0.0200312533,-0.0499013083,-0.113715506,-0.106130032,2.47910638,8.22875194,-2.07651989
0.828,-0.00347170621,-0.00871964385,-0.0223931921,-0.0628904606,-0.196548058,-0.687301563,-2.66042313,-9.07227777,25.3497407,2.60818104,-0.00100412215,-0.00328531062,-0.010009075,-0.0286812745,-0.0799639889,-0.225481209,-0.581499873,0.232728309,11.3418818,-1.23395572
0.829,-0.00308244533,-0.00699105008,-0.0171035156,-0.0488864942,-0.164627238,-0.636465969,-2.90147917,-14.4193433,15.0993036,7.67374296,-0.00107743834,-0.00334590707,-0.0103139929,-0.0309588724,-0.0930420848,-0.292434262,-0.973278557,-2.55307784,11.6272981,0.547644242
0.83,-0.00220637889,-0.00386614663,-0.00774207921,-0.022293137,-0.0907790099,-0.433060931,-2.50086296,-16.8228813,-2.71227995,12.1749052,-0.000898626436,-0.00255295075,-0.00796446983,-0.0253570894,-0.0827764495,-0.287335242,-1.14253574,-4.99734963,8.05402439,2.91705307
0.831,-0.00104526483,-0.000145343208,0.00322095193,0.00990607747,0.00605670046,-0.127570071,-1.54200041,-15.4484899,-24.3416726,14.4625591,-0.000514093861,-0.00109759171,-0.00348708826,-0.012974947,-0.0503897852,-0.205720915,-1.01502145,-6.24693526,0.868386829,5.15054153
0.832,0.000153561943,0.00325306158,0.0129159281,0.0391177512,0.0999549031,0.198328491,-0.279498148,-10.6640835,-44.3308973,13.3220245,-2.81441058e-05,0.000613668008,0.00186739828,0.00276223646,-0.00467286158,-0.0690384571,-0.614596718,-5.82642232,-8.26698448,6.37686586
0.833,0.00117008294,0.00559314758,0.0190462342,0.058087672,0.166990183,0.460156638,0.949794835,-3.89584237,-57.3313413,8.52070701,0.000435775125,0.00210825107,0.00657878698,0.0173330492,0.0411390878,0.082781403,-0.0573369941,-3.84066332,-16.7530272,5.92639148
0.834,0.00185880236,0.00651871126,0.0205687076,0.0631755335,0.193000585,0.598962813,1.84366115,2.92486802,-59.976804,1.01134353,0.000774220317,0.00301165438,0.00940248222,0.0267660888,0.0742367703,0.206256564,0.492105928,-0.930967501,-21.9937911,3.6497106
0.835,0.00216244038,0.00608495847,0.0178248657,0.0550297041,0.176917093,0.597289378,2.22873178,8.06766568,-51.9893956,-7.33713193,0.000928023737,0.0031545366,0.00975776464,0.0289452374,0.0866040002,0.26976008,0.881589218,1.99213584,-22.3804028,0.0414646033
0.836,0.00210514988,0.00466235545,0.0121995389,0.0376971043,0.129083922,0.4779864,2.09531216,10.5404121,-36.0782751,-14.3640623,0.000889738118,0.00259623862,0.00783382713,0.0240906137,0.0771495934,0.262723835,1.02174753,4.10048367,-17.869502,-3.89988404
0.837,0.00177326759,0.00277966845,0.00555036463,0.0168831113,0.0663504251,0.290484969,1.5719175,10.2690975,-16.8121867,-18.3230614,0.000697604397,0.00157695528,0.0044365984,0.0144051038,0.0512275156,0.196338541,0.907341185,4.92201488,-9.93769089,-7.01455769
0.838,0.00128610915,0.000955602372,-0.000387628843,-0.00193523282,0.00613593876,0.0919376719,0.862305883,7.93643139,0.982387532,-18.4109906,0.000418698611,0.000422278965,0.00066356975,0.0031380445,0.0181177414,0.0970917717,0.607298841,4.4445717,-0.982239065,-8.38858168
0.839,0.000764723838,-0.000432276849,-0.00444557169,-0.0149613735,-0.0385142354,-0.0701559151,0.172709734,4.61195032,13.6748852,-14.9450083,0.000127202576,-0.000563790193,-0.00246631821,-0.00654810637,-0.0123962214,-0.00366588271,0.231842637,3.0411565,6.55427775,-7.66525534
0.84,0.000305735726,-0.00121163468,-0.00620850289,-0.0207405619,-0.0615032277,-0.168720799,-0.3453405,1.34902657,19.6547766,-9.15782969,-0.000115933793,-0.00118238416,-0.00430027722,-0.0125046368,-0.033035295,-0.0799667911,-0.108043107,1.27796348,10.9726105,-5.14395515
0.841,-3.41622366e-05,-0.00141009457,-0.00595215834,-0.0200191664,-0.0637123282,-0.199540107,-0.622812976,-1.10778725,19.3718603,-2.73065663,-0.000276378844,-0.00137818283,-0.00468024068,-0.0140588977,-0.0407409679,-0.117964764,-0.333974412,-0.301314257,11.7433813,-1.64445385
0.842,-0.000238345129,-0.00119170478,-0.00439081526,-0.014995546,-0.0510488913,-0.176608757,-0.670857568,-2.44432447,14.7464455,2.75016085,-0.000348231729,-0.00122420803,-0.00388982335,-0.0119245787,-0.0367669239,-0.117624221,-0.417128109,-1.33715884,9.47704277,1.79843726
0.843,-0.000319528694,-0.00076727034,-0.0023493242,-0.0083007194,-0.0314394928,-0.123260293,-0.555558735,-2.73726795,8.26559761,6.23138465,-0.000346118503,-0.000866350394,-0.00246289165,-0.00766486141,-0.0253278211,-0.0895872354,-0.375799253,-1.7198018,5.51509697,4.29006433
0.844,-0.000306974065,-0.000319487685,-0.000494964567,-0.00212558091,-0.0119913264,-0.0628640416,-0.362758618,-2.3072475,2.12841314,7.39093951,-0.00029443379,-0.000458939327,-0.000955357902,-0.00299746897,-0.0115550692,-0.0492249401,-0.257805865,-1.55561282,1.35294581,5.34220925
0.845,-0.000235521827,3.65080454e-05,0.000795841862,0.00224490499,0.00272594096,-0.0123460485,-0.167621073,-1.54394391,-2.28324085,6.5681527,-0.000218344043,-0.000117132973,0.000227320901,0.000764484256,0.000310913847,-0.0106968495,-0.117762075,-1.07069927,-1.85882692,4.96017585
0.846,-0.000137557171,0.00025811761,0.00143854193,0.00447294556,0.0110613469,0.0202328049,-0.0175871006,-0.770943717,-4.5242607,4.50715909,-0.000138209781,0.000103261056,0.000903956698,0.00298201753,0.00791809083,0.0169079476,0.00129636159,-0.504241058,-3.57294187,3.5479809
0.847,-3.85608186e-05,0.00035610668,0.00155182799,0.00490836936,0.0136526,0.0345913655,0.070370337,-0.180570209,-4.8829549,2.04307938,-6.77281513e-05,0.000199895515,0.00109533999,0.0036587847,0.0108835595,0.0306060545,0.0769143493,-0.0320645008,-3.8340199,1.70022764
0.848,4.46658574e-05,0.000367321633,0.00134056296,0.00421552684,0.0123408632,0.0351934099,0.102290285,0.165901534,-4.0268049,-0.150712828,-1.42923033e-05,0.000203214522,0.000944277098,0.00321149188,0.0102138504,0.0322333995,0.106602308,0.262711195,-3.07684472,-0.0204078843
0.849,0.000103931118,0.000332324353,0.0010019425,0.0030574889,0.00916218602,0.0280278404,0.0958388696,0.298224756,-2.66745991,-1.68894018,1.98301506e-05,0.000154295352,0.000627704441,0.00219441849,0.00749691184,0.0261103951,0.10107857,0.378197504,-1.86467587,-1.23752321
0.85,0.000138099051,0.000282613244,0.000675184879,0.00191711065,0.00571115228,0.0183351583,0.0703783154,0.287513877,-1.34622215,-2.47598233,3.60054343e-05,8.88891495e-05,0.000293147708,0.00108900937,0.00422483701,0.016857007,0.0760313694,0.361285753,-0.678169921,-1.81409278
0.851,0.000150734406,0.000236609977,0.000430401035,0.00104891422,0.0029125448,0.00955534881,0.04099469,0.207252439,-0.358524983,-2.62589514,3.77672076e-05,2.99175689e-05,2.95332225e-05,0.000199031179,0.00141505286,0.00798886821,0.0456971873,0.273687841,0.192953635,-1.81740659
0.852,0.000147736614,0.000201508464,0.000282508692,0.000517853886,0.00108900266,0.00326106595,0.0165025784,0.112164027,0.217763029,-2.35441608,2.96037127e-05,-1.27958897e-05,-0.000132338969,-0.000358681149,-0.000470767115,0.00141378098,0.0195402007,0.168105312,0.65838768,-1.43472638
0.853,0.000135395283,0.000177484276,0.000214332239,0.000273342731,0.000166286407,-0.000352982046,0.000164408221,0.0328695481,0.444218974,-1.88546638,1.60303229e-05,-3.87260179e-05,-0.000202301011,-0.000604623753,-0.00141030613,-0.00238596631,0.00175228244,0.0776943453,0.771997741,-0.882615462
0.854,0.000119118368,0.000161743635,0.000197577139,0.000220086566,-0.000111104173,-0.0018352548,-0.00839653361,-0.0198844839,0.440197541,-1.39342182,9.47391357e-07,-5.18537198e-05,-0.000209072256,-0.000628646001,-0.00162895827,-0.00383916998,-0.0075009103,0.016108388,0.656354926,-0.340133638
0.855,0.00010282371,0.000151195777,0.000206314355,0.000266042103,-2.16506491e-05,-0.00195717853,-0.0112371816,-0.0475991096,0.323669926,-0.982488653,-1.27398844e-05,-5.69691636e-05,-0.000183095294,-0.000532739122,-0.00142351912,-0.0037463987,-0.0102452833,-0.0168346675,0.439217408,0.082777845
0.856,8.88412355e-05,0.000143613167,0.000222696767,0.000344717253,0.000216857275,-0.00140174916,-0.0106848931,-0.0570363048,0.181222864,-0.692946858,-2.32811567e-05,-5.77582956e-05,-0.000147233675,-0.000397638635,-0.00104833971,-0.00289083882,-0.00910234715,-0.0282675857,0.21650992,0.345778116
0.857,7.81443546e-05,0.000137744615,0.000237175894,0.000418294543,0.00046973479,-0.000641300807,-0.00860537964,-0.0555891894,0.0616224362,-0.520593909,-3.00261462e-05,-5.64070245e-05,-0.00011449016,-0.000272108928,-0.000669449371,-0.00184346361,-0.00630701478,-0.0268607983,0.0413208048,0.45976977
0.858,7.07385023e-05,0.000132997482,0.000246239408,0.000471172638,0.000672783056,6.20674003e-05,-0.00619672892,-0.0490693673,-0.017144389,-0.438086728,-3.31846211e-05,-5.39468031e-05,-8.97832074e-05,-0.000176783892,-0.000367123008,-0.00092465934,-0.00332924256,-0.0197673294,-0.0698108031,0.462795176
0.859,6.6067527e-05,0.000129074466,0.0002497273,0.000501114957,0.000807978983,0.000601249761,-0.00407544256,-0.0411876778,-0.0563475324,-0.411731451,-3.34972956e-05,-5.08116031e-05,-7.31431935e-05,-0.000113856701,-0.000160780927,-0.000254743673,-0.000901934378,-0.0116066621,-0.123446302,0.399445803
0.86,6.33526275e-05,0.000125752325,0.000248824795,0.000512000674,0.000881220938,0.000960545243,-0.00246337612,-0.0338933279,-0.0661014627,-0.411684972,-3.18984091e-05,-4.72239586e-05,-6.25299151e-05,-7.6690953e-05,-3.715309e-05,0.0001678834,0.000766471245,-0.00469351272,-0.136133809,0.307902688
0.861,6.18183004e-05,0.000122787726,0.000244884252,0.000509236203,0.000907069767,0.00116652045,-0.00136447267,-0.0279614168,-0.0582915153,-0.416367582,-2.92791585e-05,-4.34056344e-05,-5.56519304e-05,-5.65227868e-05,2.82632389e-05,0.000399130446,0.00175537009,0.00024462398,-0.125269643,0.214554254
0.862,6.08165821e-05,0.000119909311,0.000238925147,0.000497498169,0.000900238156,0.00125744854,-0.000690522729,-0.0235145705,-0.0428626448,-0.412938285,-2.63357812e-05,-3.96053835e-05,-5.08019254e-05,-4.6005196e-05,5.85578146e-05,0.000504880815,0.00225069923,0.00334016372,-0.104450422,0.133953916
0.863,5.98747392e-05,0.000116867631,0.000231580655,0.000480129576,0.000872355343,0.00126841768,-0.000334150964,-0.0203848654,-0.0265911179,-0.395710083,-2.35274621e-05,-3.60574506e-05,-4.69908391e-05,-4.02768299e-05,7.03732315e-05,0.000538949355,0.00243724403,0.00504934087,-0.0822543889,0.0715664227
0.864,5.86941454e-05,0.00011347798,0.000223235947,0.000459364027,0.00083169961,0.00122690166,-0.000200509979,-0.0183178874,-0.0132706212,-0.363984463,-2.10834221e-05,-3.2924877e-05,-4.37725018e-05,-3.66721887e-05,7.36800657e-05,0.000537206499,0.00245423583,0.00584651028,-0.0629793492,0.0272303973
0.865,5.71237898e-05,0.000109642295,0.000214142365,0.000436672757,0.000783917146,0.00115292184,-0.000215396425,-0.0170615953,-0.00444314455,-0.320059027,-1.90729107e-05,-3.02814496e-05,-4.09884822e-05,-3.39790687e-05,7.35439787e-05,0.000520145861,0.00239011431,0.00610147456,-0.0480456137,-0.00193711646
0.866,5.51239796e-05,0.000105340615,0.00020450463,0.0004130745,0.000732857436,0.00106078346,-0.000323292805,-0.0163967423,-0.000200059218,-0.267664422,-1.74622779e-05,-2.81256688e-05,-3.86080055e-05,-3.1771823e-05,7.20976999e-05,0.000497849327,0.00229379716,0.00606091674,-0.0373033402,-0.0196020465
0.867,5.27321887e-05,0.000100621526,0.000194526927,0.000389359093,0.000681282915,0.000960807294,-0.000483102435,-0.0161399822,0.000153508117,-0.21088253,-1.61715901e-05,-2.63940373e-05,-3.66062279e-05,-2.9946865e-05,7.0024682e-05,0.00047443418,0.00218869307,0.00587163895,-0.0299535438,-0.0291654683
0.868,5.0027654e-05,9.55915994e-05,0.00018444168,0.000366219286,0.000631360913,0.000860752549,-0.00066401138,-0.0161398629,-0.00235870862,-0.153533464,-1.51166691e-05,-2.50031074e-05,-3.49402054e-05,-2.84850056e-05,6.75196953e-05,0.000451277791,0.00208436499,0.00561381693,-0.0250813336,-0.0333523645
0.869,4.71217185e-05,9.03813779e-05,0.000174494993,0.000344236088,0.000584734112,0.000766302689,-0.000843407127,-0.0162734743,-0.00665924426,-0.0988293046,-1.42275216e-05,-2.38563274e-05,-3.35585703e-05,-2.7346369e-05,6.46414052e-05,0.000428761984,0.00198433549,0.00532998132,-0.0218960909,-0.0341666625
0.87,4.4129456e-05,8.51416674e-05,0.000164906904,0.000323841616,0.000542519404,0.000681315099,-0.00100555079,-0.0164458884,-0.0117828389,-0.0491671019,-1.34527154e-05,-2.2867037e-05,-3.24004471e-05,-2.64731319e-05,6.14756437e-05,0.000407007441,0.00188966333,0.00504305735,-0.0197985188,-0.0329955316
0.871,4.11582204e-05,8.00190275e-05,0.000155850995,0.000305329773,0.000505323553,0.000607969428,-0.00114075957,-0.0165896905,-0.0169699048,-0.00607307233,-1.27523189e-05,-2.19802003e-05,-3.14049534e-05,-2.58321053e-05,5.80906477e-05,0.000386029951,0.0018004714,0.00476499873,-0.0183710425,-0.0307503646
0.872,3.8294213e-05,7.51287271e-05,0.000147447731,0.000288818149,0.000473307935,0.00054697048,-0.00124480556,-0.0166626136,-0.0216897937,0.0297143471,-1.21103831e-05,-2.11562068e-05,-3.05194377e-05,-2.53632937e-05,5.46157429e-05,0.000365926921,0.00171656427,0.0045012608,-0.0173387868,-0.0280073309
0.873,3.56080348e-05,7.0573085e-05,0.000139799625,0.000274351226,0.000446361819,0.000498021802,-0.00131778056,-0.0166462206,-0.0256327764,0.0581182215,-1.15190973e-05,-2.03750111e-05,-2.97137112e-05,-2.50305863e-05,5.11455991e-05,0.00034684344,0.00163801232,0.00425488683,-0.0165324974,-0.0251184885
0.874,3.31420013e-05,6.64075845e-05,0.000132942553,0.000261867927,0.000424181518,0.000460406979,-0.00136147223,-0.0165371561,-0.0286781644,0.0795608696,-1.09786728e-05,-1.96343281e-05,-2.89690163e-05,-2.48051797e-05,4.77424127e-05,0.000328892657,0.00156490956,0.00402778201,-0.015852385,-0.0222847493
0.875,3.09048532e-05,6.26477158e-05,0.00012686168,0.000251213344,0.000406318182,0.000433094414,-0.00137813713,-0.0163383571,-0.0308368022,0.0947630595,-1.04840324e-05,-1.89276186e-05,-2.82708965e-05,-2.46662523e-05,4.44264373e-05,0.00031205129,0.00149707007,0.00382007016,-0.0152420081,-0.0196072016
0.876,2.88897333e-05,5.92744439e-05,0.000121488347,0.000242152292,0.000392170366,0.000414667619,-0.00137078645,-0.0160559729,-0.0321866653,0.104577341,-1.00310379e-05,-1.82540413e-05,-2.75990465e-05,-2.45692195e-05,4.12494183e-05,0.000296306102,0.00143395909,0.00363000185,-0.0146682742,-0.017133804
0.877,2.70823397e-05,5.62638121e-05,0.000116760106,0.00023446751,0.00038116627,0.00040367418,-0.00134296372,-0.0157002937,-0.032841586,0.109907653,-9.61273772e-06,-1.76105371e-05,-2.6943164e-05,-2.44863492e-05,3.82370463e-05,0.00028162413,0.00137520373,0.00345590201,-0.0141132372,-0.0148874425
0.878,2.54580255e-05,5.35655482e-05,0.000112573903,0.000227904574,0.000372744867,0.000399003879,-0.00129709527,-0.0152794593,-0.0329261641,0.111627075,-9.22342876e-06,-1.69973647e-05,-2.62987325e-05,-2.43986747e-05,3.53930485e-05,0.000267928977,0.00132039033,0.00329643052,-0.0135665762,-0.0128726254
0.879,2.39807282e-05,5.11057661e-05,0.000108777875,0.000222108323,0.000366124646,0.000399133018,-0.00123601586,-0.014797008,-0.0325401402,0.110510166,-8.85511484e-06,-1.64068269e-05,-2.56551809e-05,-2.4288545e-05,3.2689982e-05,0.000255025201,0.0012686044,0.00314884592,-0.0130181195,-0.0110828991
0.88,2.26273952e-05,4.882943e-05,0.000105241555,0.000216737737,0.000360431297,0.00040187294,-0.00116541248,-0.0142637065,-0.0317617949,0.107271237,-8.50227272e-06,-1.58336056e-05,-2.50031897e-05,-2.41249667e-05,3.01616171e-05,0.000242809233,0.00121881024,0.00300933375,-0.0124603714,-0.00951152137
0.881,2.13933935e-05,4.67234773e-05,0.000101931106,0.00021166705,0.000355157202,0.000405341652,-0.00109213699,-0.0137044144,-0.030689393,0.102614858,-8.16624843e-06,-1.52840062e-05,-2.43543127e-05,-2.39125567e-05,2.78282448e-05,0.000231314532,0.00117088046,0.00287611803,-0.0118975006,-0.00814896336
0.882,2.02707949e-05,4.47796532e-05,9.8840795e-05,0.000206881005,0.000350157022,0.000408685673,-0.00102053807,-0.0131456823,-0.0294444324,0.0971678048,-7.84933447e-06,-1.47700014e-05,-2.3740642e-05,-2.36996962e-05,2.56418978e-05,0.000220499842,0.00112518938,0.00274993677,-0.0113416403,-0.00697578692
0.883,1.92474023e-05,4.29796661e-05,9.59481265e-05,0.00020234515,0.000345301937,0.000411374887,-0.000953174792,-0.012605183,-0.0281308561,0.0913879476,-7.54968401e-06,-1.42910088e-05,-2.31691643e-05,-2.3507014e-05,2.35579736e-05,0.000210255568,0.00108163497,0.00262997122,-0.0108058266,-0.00595964265
0.884,1.83205382e-05,4.13313078e-05,9.3291782e-05,0.00019817031,0.000340806917,0.000413666633,-0.000891378186,-0.0120991682,-0.0268394295,0.0856142144,-7.26585988e-06,-1.38414005e-05,-2.26278729e-05,-2.32891275e-05,2.17200914e-05,0.000200934321,0.00104113813,0.00251588275,-0.0103122833,-0.00506580183
0.885,1.7476736e-05,3.98195984e-05,9.08632374e-05,0.000194375117,0.000336745449,0.000415810738,-0.000835088701,-0.0116326415,-0.0256227216,0.0800417219,-7.00435643e-06,-1.34315053e-05,-2.21388667e-05,-2.30872291e-05,2.00779545e-05,0.000192559693,0.00100426406,0.00241032513,-0.00986108265,-0.00429205254
0.886,1.66956946e-05,3.84151203e-05,8.86217751e-05,0.000190922308,0.000333165772,0.000418273125,-0.000782288577,-0.0112019529,-0.024506233,0.0747481894,-6.7644662e-06,-1.30621117e-05,-2.17135359e-05,-2.2941717e-05,1.85313882e-05,0.000184935607,0.000970968233,0.00231498366,-0.009446039,-0.0036332626
0.887,1.59555499e-05,3.70757687e-05,8.64832348e-05,0.000187658685,0.000329874937,0.000421061007,-0.000730817787,-0.0107954034,-0.0234818168,0.0697162101,-6.53855566e-06,-1.27199696e-05,-2.13343083e-05,-2.28469796e-05,1.70239055e-05,0.000177797662,0.000940376888,0.00222841002,-0.0090579973,-0.00307729283
0.888,1.52452648e-05,3.57778758e-05,8.4393661e-05,0.000184467722,0.00032667239,0.000423881996,-0.000680010512,-0.0104030905,-0.0225248094,0.0649100209,-6.31885008e-06,-1.23880885e-05,-2.09682918e-05,-2.27529441e-05,1.56041184e-05,0.000171084316,0.000911703697,0.00214798133,-0.0086890166,-0.0026154734
0.889,1.45607699e-05,3.4512368e-05,8.23287745e-05,0.000181286891,0.000323429831,0.000426509328,-0.000629853319,-0.0100188251,-0.0216118872,0.0603103923,-6.10291186e-06,-1.20609769e-05,-2.06052294e-05,-2.26458529e-05,1.42757185e-05,0.000164736979,0.000884498756,0.00207303733,-0.00832868098,-0.00225136803
0.89,1.39013841e-05,3.32771114e-05,8.02786692e-05,0.000178079016,0.00032005817,0.000428813412,-0.000580187111,-0.00963637569,-0.0207208697,0.0558951414,-5.88475141e-06,-1.17260728e-05,-2.02224991e-05,-2.24968114e-05,1.30477014e-05,0.000158681185,0.00085821296,0.00200291135,-0.00796575404,-0.00198619847
0.891,1.32680694e-05,3.20825102e-05,7.8282268e-05,0.000174963169,0.000316889683,0.000431636067,-0.000529173511,-0.00925327128,-0.01984704,0.0516656726,-5.66352167e-06,-1.13774521e-05,-1.97974865e-05,-2.22343733e-05,1.21157741e-05,0.000153402771,0.00083398532,0.00193861605,-0.00760348237,-0.00180754109
0.892,1.26347635e-05,3.08722979e-05,7.6216385e-05,0.000171670027,0.000313384369,0.00043404854,-0.000477119874,-0.00885688908,-0.0189463209,0.0475830651,-5.4514507e-06,-1.10415594e-05,-1.93883079e-05,-2.19906907e-05,1.11931352e-05,0.000148350291,0.000810903385,0.00188332416,-0.00720861674,-0.0017370745
0.893,1.19998542e-05,2.96282457e-05,7.4012838e-05,0.000167989576,0.000308952423,0.000434462265,-0.000427876705,-0.00845146905,-0.0180004027,0.0436888293,-5.24948979e-06,-1.07305336e-05,-1.90379633e-05,-2.18923055e-05,9.9364824e-06,0.00014261991,0.000786636248,0.00183396247,-0.00676898594,-0.00174850772
0.894,1.13938429e-05,2.84097852e-05,7.17930271e-05,0.000164159916,0.000303954532,0.000433013549,-0.000384474142,-0.00806400542,-0.0170693532,0.0401346209,-5.04664833e-06,-1.04248298e-05,-1.87092398e-05,-2.18647422e-05,8.48821361e-06,0.000136392369,0.000761072456,0.00178276476,-0.00633557698,-0.00174500582
0.895,1.08315441e-05,2.72611436e-05,6.96791737e-05,0.000160492715,0.000299086956,0.000431014718,-0.000346545816,-0.00771483024,-0.0162251911,0.0370296788,-4.8421733e-06,-1.01153626e-05,-1.83668073e-05,-2.17919573e-05,7.17821176e-06,0.000130497436,0.000736165976,0.00172667796,-0.00596321463,-0.00165846694
0.896,1.02937265e-05,2.61544378e-05,6.76353098e-05,0.000156955787,0.000294384901,0.000428855114,-0.000312640171,-0.00740085783,-0.0154790535,0.0343445523,-4.64765751e-06,-9.82010359e-06,-1.80395556e-05,-2.17153509e-05,5.97284012e-06,0.000125054831,0.000712791184,0.00166886675,-0.00565309365,-0.00150471199
0.897,9.77132055e-06,2.50661659e-05,6.55962495e-05,0.000153373722,0.00028943739,0.000425741376,-0.000283355139,-0.00711279662,-0.0148036617,0.031991219,-4.46341327e-06,-9.5424231e-06,-1.77443814e-05,-2.17000155e-05,4.66424584e-06,0.000119514147,0.00068959141,0.00161044033,-0.00537985154,-0.00132233718
0.898,9.28456003e-06,2.40470842e-05,6.3689431e-05,0.000150056341,0.0002849324,0.000423031779,-0.000256836764,-0.00685668213,-0.0142182933,0.0299469403,-4.28082199e-06,-9.26130181e-06,-1.74292765e-05,-2.16159513e-05,3.56573051e-06,0.000114550472,0.000668013613,0.00155041339,-0.00516167223,-0.00110247275
0.899,8.82354742e-06,2.30824696e-05,6.18908421e-05,0.000146969425,0.000280879223,0.0004210363,-0.000230856983,-0.00661973149,-0.0137001759,0.0281119889,-4.10338587e-06,-8.97925473e-06,-1.70929298e-05,-2.14531508e-05,2.71013941e-06,0.000110276945,0.000648490213,0.00149233296,-0.00497958337,-0.000885597714
0.9,8.37051428e-06,2.21365453e-05,6.01254662e-05,0.00014395894,0.000277015356,0.000419513446,-0.00020393051,-0.00638578057,-0.0132067847,0.0263778974,-3.93771131e-06,-8.70985699e-06,-1.67641524e-05,-2.12761382e-05,1.95625561e-06,0.000106419968,0.000630656795,0.00144010078,-0.00480051634,-0.000718240974
0.901,7.91707755e-06,2.11783984e-05,5.82961987e-05,0.000140752749,0.000272681505,0.00041708141,-0.000177642894,-0.00614364385,-0.0126936085,0.02467424,-3.78342299e-06,-8.4586972e-06,-1.64689332e-05,-2.11797206e-05,1.00789591e-06,0.000102176775,0.000612393268,0.00139380652,-0.00459232823,-0.000624397302
0.902,7.48263172e-06,2.02466402e-05,5.64853338e-05,0.000137523212,0.000268186384,0.000414115492,-0.000152869889,-0.00590502027,-0.0121802519,0.0230485349,-3.6330287e-06,-8.21243136e-06,-1.61790077e-05,-2.1097811e-05,1.13001083e-08,9.78036919e-05,0.000593945867,0.00134956305,-0.0043769825,-0.000561557569
0.903,7.07243613e-06,1.93547107e-05,5.47269487e-05,0.000134350164,0.000263692586,0.000410866075,-0.000129892598,-0.00567680174,-0.0116866736,0.0215365474,-3.48576519e-06,-7.96778656e-06,-1.58831241e-05,-2.09957645e-05,-9.39943818e-07,9.35236807e-05,0.000575762413,0.00130580265,-0.00417151091,-0.000503359248
0.904,6.68430272e-06,1.85028333e-05,5.30315276e-05,0.000131272774,0.000259305545,0.000407566436,-0.000108386214,-0.00546081284,-0.0112218854,0.0201458744,-3.34358075e-06,-7.7275588e-06,-1.55832886e-05,-2.08658467e-05,-1.80126081e-06,8.94804998e-05,0.00055826682,0.00126267655,-0.00398212635,-0.000442947314
0.905,6.31227758e-06,1.76804243e-05,5.13802646e-05,0.000128256254,0.000254966201,0.000404149247,-8.81183569e-05,-0.00525450836,-0.0107814264,0.0188600157,-3.20827619e-06,-7.49561527e-06,-1.52877454e-05,-2.07260776e-05,-2.61117794e-06,8.56002457e-05,0.000541379119,0.00122096031,-0.00380420394,-0.000386491915
0.906,5.95428763e-06,1.68834763e-05,4.97653644e-05,0.000125284141,0.000250644291,0.000400588837,-6.89463059e-05,-0.005056231,-0.0103608289,0.0176647994,-3.07971529e-06,-7.27285529e-06,-1.49996073e-05,-2.05841551e-05,-3.38945757e-06,8.18336696e-05,0.000524981859,0.0011808022,-0.0036345731,-0.000336521946
0.907,5.60970696e-06,1.61105374e-05,4.81839838e-05,0.000122348971,0.000246321513,0.000396860426,-5.08746357e-05,-0.00486531476,-0.00995760303,0.0165514548,-2.95719759e-06,-7.05831998e-06,-1.47178141e-05,-2.04399332e-05,-4.14302718e-06,7.81552888e-05,0.00050897876,0.00114203213,-0.00347211329,-0.000292489095
0.908,5.27894508e-06,1.53627239e-05,4.66393997e-05,0.000119458392,0.00024201335,0.000392993991,-3.38888529e-05,-0.00468187955,-0.00957157407,0.0155154763,-2.84014312e-06,-6.85121539e-06,-1.44410345e-05,-2.02891815e-05,-4.86147184e-06,7.45834713e-05,0.000493369936,0.00110439429,-0.00331741289,-0.000252301993
0.909,4.96133634e-06,1.46393055e-05,4.51321631e-05,0.000116617159,0.000237732448,0.000389007177,-1.79442268e-05,-0.00450586755,-0.0092025106,0.0145521251,-2.72838067e-06,-6.65128537e-06,-1.41691313e-05,-2.01312883e-05,-5.54104773e-06,7.11264923e-05,0.000478174972,0.00106782748,-0.0031706206,-0.000215047161
0.91,4.65610997e-06,1.39391621e-05,4.36612617e-05,0.000113826239,0.000233485637,0.000384911843,-2.96992229e-06,-0.00433696647,-0.00884968028,0.0136558317,-2.62171154e-06,-6.45863266e-06,-1.39028203e-05,-1.99672988e-05,-6.18088499e-06,6.77835655e-05,0.000463388904,0.00103231446,-0.00303134459,-0.000180602718
0.911,4.36232708e-06,1.32606464e-05,4.2224389e-05,0.000111082813,0.000229270657,0.000380711122,1.10877782e-05,-0.00417477053,-0.00851204433,0.0128209883,-2.51981945e-06,-6.27308822e-06,-1.36425761e-05,-1.97995034e-05,-6.78600549e-06,6.45462914e-05,0.000449000695,0.000997871211,-0.00289898384,-0.000149077085
0.912,4.07957821e-06,1.26029567e-05,4.08203268e-05,0.00010838475,0.000225085617,0.000376416838,2.42667596e-05,-0.0040189522,-0.00818870819,0.0120426567,-2.42223418e-06,-6.09404654e-06,-1.33877386e-05,-1.96273167e-05,-7.35743617e-06,6.14110924e-05,0.000434986704,0.000964443538,-0.00277309999,-0.000120309805
0.913,3.8074519e-06,1.19653099e-05,3.9447994e-05,0.000105730266,0.000220928615,0.000372038926,3.65999531e-05,-0.00386925545,-0.0078789576,0.0113165933,-2.32864169e-06,-5.92106331e-06,-1.31381934e-05,-1.94515231e-05,-7.89807502e-06,5.83770138e-05,0.000421345661,0.000932010526,-0.00265338413,-9.40792618e-05
0.914,3.54555199e-06,1.13470694e-05,3.81067174e-05,0.000103119583,0.000216803308,0.000367587951,4.81271566e-05,-0.00372546244,-0.00758220415,0.0106389885,-2.23867693e-06,-5.75345222e-06,-1.28930078e-05,-1.92708249e-05,-8.40634699e-06,5.54434265e-05,0.000408065144,0.000900516805,-0.00253958753,-7.01197129e-05
0.915,3.29333617e-06,1.0747299e-05,3.67952036e-05,0.000100552056,0.000212712324,0.000363068455,5.88950846e-05,-0.0035873412,-0.00729786835,0.0100062901,-2.152087e-06,-5.59110118e-06,-1.26527242e-05,-1.90871868e-05,-8.88458437e-06,5.2608662e-05,0.00039515173,0.000869963913,-0.00243141711,-4.83235405e-05
0.916,3.05036714e-06,1.01651858e-05,3.55123906e-05,9.80273084e-05,0.000208658858,0.000358487821,6.89441306e-05,-0.00345466713,-0.00702538596,0.00941518625,-2.06834366e-06,-5.43318307e-06,-1.24161232e-05,-1.88993923e-05,-9.33199768e-06,4.98690257e-05,0.000382590633,0.000840309409,-0.00232859323,-2.85390349e-05
0.917,2.81642452e-06,9.60015922e-06,3.42572286e-05,9.55433207e-05,0.000204641183,0.000353854142,7.83097324e-05,-0.00332720797,-0.00676419387,0.00886259542,-1.9871659e-06,-5.2794859e-06,-1.21834512e-05,-1.87088327e-05,-9.75155763e-06,4.72243024e-05,0.000370387477,0.000811558386,-0.00223081736,-1.07131042e-05
0.918,2.59136664e-06,9.05189047e-06,3.302925e-05,9.30991456e-05,0.000200658753,0.000349177604,8.70175102e-05,-0.00320476271,-0.00651377744,0.0083457249,-1.90811314e-06,-5.12893722e-06,-1.19528596e-05,-1.85130252e-05,-1.01423335e-05,4.46726822e-05,0.000358526365,0.000783665537,-0.00213784769,5.31461082e-06
0.919,2.37500472e-06,8.52004769e-06,3.18278245e-05,9.06936539e-05,0.000196711172,0.000344466463,9.51020067e-05,-0.00308712575,-0.0062736534,0.00786198864,-1.831154e-06,-4.9815722e-06,-1.17248883e-05,-1.83133917e-05,-1.0506427e-05,4.22159292e-05,0.000347016534,0.000756640245,-0.00204942105,1.95918463e-05
0.92,2.16700621e-06,8.00409295e-06,3.06522652e-05,8.83268274e-05,0.000192801117,0.000339725313,0.000102594384,-0.00297411551,-0.0060433777,0.00740904311,-1.7558344e-06,-4.83643916e-06,-1.14979355e-05,-1.81080755e-05,-1.08426641e-05,3.98498745e-05,0.000335842074,0.000730440179,-0.00196532381,3.22753717e-05
0.921,1.96712052e-06,7.50353067e-06,2.95018223e-05,8.59983334e-05,0.000188931281,0.000334960814,0.000109534731,-0.00286554311,-0.00582253649,0.00698469429,-1.68206678e-06,-4.6937606e-06,-1.12728688e-05,-1.78990549e-05,-1.11527909e-05,3.75754915e-05,0.000325014067,0.000705080043,-0.00188531299,4.33933061e-05
0.922,1.77525564e-06,7.01803353e-06,2.83759804e-05,8.37074926e-05,0.000185101801,0.000330176729,0.000115947221,-0.002761234,-0.00561070993,0.00658692713,-1.60930773e-06,-4.55242348e-06,-1.10477826e-05,-1.76839902e-05,-1.14358419e-05,3.53882755e-05,0.000314514215,0.000680516563,-0.00180918909,5.30932507e-05
0.923,1.59143203e-06,6.54763907e-06,2.7274845e-05,8.14541867e-05,0.000181313361,0.000325383917,0.000121862014,-0.00266101599,-0.00540751722,0.00621385909,-1.53771432e-06,-4.41274185e-06,-1.08234098e-05,-1.7463966e-05,-1.16926977e-05,3.32930502e-05,0.000304355425,0.000656764948,-0.00173672957,6.13937015e-05
0.924,1.41560593e-06,6.09230427e-06,2.61982925e-05,7.92377199e-05,0.000177564517,0.000320585731,0.000127296929,-0.0025647265,-0.00521256505,0.00586376646,-1.466919e-06,-4.27370708e-06,-1.05979044e-05,-1.72365266e-05,-1.19224569e-05,3.12860998e-05,0.000294518596,0.000633781966,-0.00166775249,6.84414503e-05
0.925,1.24758785e-06,5.65190727e-06,2.51464619e-05,7.70591847e-05,0.000173859403,0.000315792388,0.000132285269,-0.00247221012,-0.00502552616,0.00553504959,-1.39718634e-06,-4.13594469e-06,-1.03724513e-05,-1.70033643e-05,-1.21256589e-05,2.93720158e-05,0.000285018023,0.000611586209,-0.00160205334,7.42475271e-05
0.926,1.08724572e-06,5.22607456e-06,2.41187211e-05,7.49179729e-05,0.000170198373,0.000311003773,0.000136849791,-0.00238331484,-0.00484605533,0.00522624658,-1.32797835e-06,-3.99848735e-06,-1.01455046e-05,-1.6762892e-05,-1.23021695e-05,2.75437256e-05,0.000275832783,0.000590136009,-0.00153946952,7.89639904e-05
0.927,9.34507409e-07,4.81473524e-06,2.3115417e-05,7.28158084e-05,0.000166586763,0.000306230939,0.000141023735,-0.00229789814,-0.00467386531,0.00493598828,-1.2596082e-06,-3.86204824e-06,-9.918347e-06,-1.65167071e-05,-1.24520619e-05,2.58061887e-05,0.000266977941,0.00056945136,-0.00147981538,8.25990832e-05
0.928,7.89451628e-07,4.41787472e-06,2.2136277e-05,7.07515085e-05,0.00016302187,0.000301473539,0.000144823281,-0.00221581048,-0.0045086106,0.00466300182,-1.1916876e-06,-3.72569439e-06,-9.6894137e-06,-1.6262933e-05,-1.25753476e-05,2.41532184e-05,0.000258430987,0.000549487567,-0.00142293968,8.53071165e-05
0.929,6.51999896e-07,4.03578883e-06,2.11824206e-05,6.87276087e-05,0.000159508952,0.000296744976,0.000148274965,-0.00213692435,-0.00435002298,0.00440611255,-1.12483044e-06,-3.59042051e-06,-9.46013281e-06,-1.60028426e-05,-1.26713964e-05,2.25926649e-05,0.000250208354,0.00053026311,-0.0013686733,8.70914883e-05
0.93,5.22058189e-07,3.66827234e-06,2.02532377e-05,6.67423756e-05,0.000156044741,0.00029204341,0.000151395644,-0.00206109257,-0.00419777906,0.00416422559,-1.05862645e-06,-3.45544944e-06,-9.22928719e-06,-1.57353403e-05,-1.27414291e-05,2.11164634e-05,0.00024228536,0.000511733905,-0.00131687714,8.81078069e-05
0.931,3.99445537e-07,3.31531241e-06,1.93495084e-05,6.47984367e-05,0.000152635746,0.000287380488,0.000154213028,-0.00198818998,-0.00405164025,0.00393633083,-9.93600454e-07,-3.321851e-06,-8.99849393e-06,-1.54620962e-05,-1.27852094e-05,1.97306238e-05,0.000234675944,0.000493917745,-0.00126739625,8.83587784e-05
0.932,2.84132163e-07,2.97647561e-06,1.84700984e-05,6.28933103e-05,0.000149277813,0.000282751797,0.000156743947,-0.00191806874,-0.00391129341,0.00372147309,-9.29269647e-07,-3.1887982e-06,-8.76670012e-06,-1.51825343e-05,-1.2804979e-05,1.84243736e-05,0.000227351845,0.000476768789,-0.00122009949,8.7998575e-05
0.933,1.75990445e-07,2.65198274e-06,1.76163397e-05,6.10308322e-05,0.000145978901,0.000278169648,0.000159011262,-0.00185062772,-0.00377651699,0.00351879533,-8.66397281e-07,-3.0574887e-06,-8.53556486e-06,-1.48980278e-05,-1.2799422e-05,1.72050132e-05,0.000220328078,0.000460299254,-0.00117485162,8.70273698e-05
0.934,7.4826839e-08,2.34142043e-06,1.67872013e-05,5.92088998e-05,0.000142735555,0.000273630843,0.000161031549,-0.00178573903,-0.00364701435,0.00332748447,-8.04670114e-07,-2.92732482e-06,-8.3043727e-06,-1.46085154e-05,-1.27709704e-05,1.60619216e-05,0.000213578746,0.000444462078,-0.00113153795,8.55932056e-05
0.935,-1.96037933e-08,2.04502919e-06,1.59841832e-05,5.74315291e-05,0.000139555798,0.000269147229,0.000162824653,-0.0017233135,-0.00352258942,0.00314681813,-7.44857624e-07,-2.79962304e-06,-8.07482608e-06,-1.43153101e-05,-1.27181659e-05,1.5002681e-05,0.000207117981,0.000429266481,-0.0010900425,8.36915556e-05
0.936,-1.0747723e-07,1.76219276e-06,1.52057121e-05,5.56950685e-05,0.00013643341,0.000264714237,0.000164407022,-0.00166321546,-0.00340297721,0.00297609439,-6.86498161e-07,-2.67379194e-06,-7.846406e-06,-1.4018869e-05,-1.26452183e-05,1.40149466e-05,0.000200916536,0.000414671282,-0.00105026024,8.14566152e-05
0.937,-1.88871692e-07,1.49322958e-06,1.44532188e-05,5.40027493e-05,0.000133374011,0.000260340713,0.000165793713,-0.00160535481,-0.00328800711,0.0028146993,-6.30291348e-07,-2.55101683e-06,-7.62061032e-06,-1.37201148e-05,-1.25509576e-05,1.31054465e-05,0.000194983475,0.000400683953,-0.00101209083,7.88821489e-05
0.938,-2.64029435e-07,1.23733578e-06,1.37247934e-05,5.23505554e-05,0.000130371141,0.000256021945,0.000167001443,-0.00154960215,-0.00317742702,0.00266202345,-5.75782035e-07,-2.4307529e-06,-7.397184e-06,-1.34201149e-05,-1.24405408e-05,1.22606812e-05,0.000189290054,0.000387266191,-0.000975436259,7.60907925e-05
0.939,-3.33090499e-07,9.94763439e-07,1.30218352e-05,5.07419914e-05,0.000127431001,0.000251765082,0.00016804116,-0.00149588505,-0.00307106623,0.00251754933,-5.23624439e-07,-2.31401606e-06,-7.17736013e-06,-1.31195306e-05,-1.23123008e-05,1.14862288e-05,0.000183843404,0.000374414813,-0.000940212508,7.3087098e-05
0.94,-3.96447998e-07,7.64498046e-07,1.23422215e-05,4.91733501e-05,0.000124548672,0.0002475673,0.000168930252,-0.00144408997,-0.00296868974,0.00238075422,-4.73452005e-07,-2.20037289e-06,-6.96116531e-06,-1.28200215e-05,-1.21716938e-05,1.07686394e-05,0.000178618412,0.000362093701,-0.000906333281,6.99797231e-05
0.941,-4.54231362e-07,5.46857444e-07,1.16873016e-05,4.76477501e-05,0.000121729133,0.000243433829,0.000169675394,-0.00139415221,-0.00287013854,0.00225119686,-4.25920912e-07,-2.09071671e-06,-6.74948987e-06,-1.25217108e-05,-1.201658e-05,1.01130962e-05,0.000173618283,0.000350291968,-0.000873730864,6.67742797e-05
0.942,-5.0694803e-07,3.40733505e-07,1.10548904e-05,4.61613965e-05,0.000118967663,0.000239364511,0.000170294665,-0.00134596362,-0.00277520666,0.00212841871,-3.80746542e-07,-1.98490103e-06,-6.54281127e-06,-1.22268727e-05,-1.18531459e-05,9.50773481e-06,0.000168821763,0.000338983109,-0.00084232629,6.35463469e-05
0.943,-5.54670248e-07,1.46401253e-07,1.0446032e-05,4.47161645e-05,0.000116266443,0.000235360693,0.00017079096,-0.00129946066,-0.00268374182,0.00201204294,-3.3832975e-07,-1.88349544e-06,-6.34150758e-06,-1.1935053e-05,-1.16795665e-05,8.95560789e-06,0.000164225587,0.000328148168,-0.000812063858,6.03084845e-05
0.944,-5.97946602e-07,-3.73795112e-08,9.85847285e-06,4.33086862e-05,0.000113622077,0.000231421692,0.000171182774,-0.00125454661,-0.0025955621,0.00190168064,-2.98402972e-07,-1.78647467e-06,-6.1463939e-06,-1.16489766e-05,-1.15019002e-05,8.44563562e-06,0.000159814136,0.000317768782,-0.000782872078,5.71109745e-05
0.945,-6.36757172e-07,-2.1036032e-07,9.29282858e-06,4.19398537e-05,0.000111034446,0.000227541909,0.000171468567,-0.00121116134,-0.00251051102,0.00179701312,-2.61169201e-07,-1.69391449e-06,-5.95710442e-06,-1.13673055e-05,-1.13176288e-05,7.97755637e-06,0.000155576543,0.000307813094,-0.000754705592,5.39837931e-05
0.946,-6.7173911e-07,-3.73724135e-07,8.74724945e-06,4.06075509e-05,0.00010850265,0.000223724421,0.00017166529,-0.00116922526,-0.00242843885,0.0016977074,-2.26601571e-07,-1.60616625e-06,-5.77500223e-06,-1.10932537e-05,-1.11322514e-05,7.54415228e-06,0.000151505687,0.000298273319,-0.000727502792,5.09418472e-05
0.947,-7.02838935e-07,-5.27299033e-07,8.22187044e-06,3.93108384e-05,0.000106022872,0.000219962769,0.000171767884,-0.00112867854,-0.00234919427,0.00160347989,-1.94614408e-07,-1.52283606e-06,-5.59899902e-06,-1.08249085e-05,-1.09444907e-05,7.14221019e-06,0.000147581298,0.000289107808,-0.000701226955,4.80297226e-05
0.948,-7.3073322e-07,-6.72222099e-07,7.71530917e-06,3.80486767e-05,0.000103596491,0.000216265756,0.000171794131,-0.00108945857,-0.00227266943,0.00151405144,-1.65349909e-07,-1.44468472e-06,-5.43107828e-06,-1.05660888e-05,-1.07598546e-05,6.76902642e-06,0.000143806929,0.000280324105,-0.00067582919,4.52275278e-05
0.949,-7.55266173e-07,-8.08532858e-07,7.22668517e-06,3.68177052e-05,0.000101215129,0.000212618833,0.000171738424,-0.00105149349,-0.00219869418,0.00142916762,-1.3831933e-07,-1.37058219e-06,-5.26914152e-06,-1.03140022e-05,-1.05775239e-05,6.41556793e-06,0.000140150881,0.000271866715,-0.000651277031,4.26109711e-05
0.95,-7.77104267e-07,-9.37096161e-07,6.75541868e-06,3.56191469e-05,9.88838073e-05,0.000209029371,0.000171614384,-0.00101473405,-0.00212717329,0.00134859218,-1.14040557e-07,-1.30179742e-06,-5.11576681e-06,-1.00724868e-05,-1.04002016e-05,6.08494165e-06,0.000136628673,0.000263753217,-0.000627526558,4.01183299e-05
0.951,-7.96080144e-07,-1.05813291e-06,6.2997582e-06,3.44475377e-05,9.65902332e-05,0.00020547662,0.000171412012,-0.000979101898,-0.00205791774,0.00127208386,-9.16296148e-08,-1.23648225e-06,-4.96783724e-06,-9.83793747e-06,-1.02277282e-05,5.76258801e-06,0.00013319541,0.000255912103,-0.000604542191,3.78459247e-05
0.952,-8.12852949e-07,-1.17209915e-06,5.8605417e-06,3.33069938e-05,9.43443874e-05,0.000201976466,0.000171140831,-0.000944582955,-0.00199089265,0.00119945968,-7.19959081e-08,-1.17660107e-06,-4.82872955e-06,-9.61448635e-06,-1.00612245e-05,5.46016864e-06,0.000129882132,0.000248378412,-0.000582295238,3.568096e-05
0.953,-8.2723892e-07,-1.27966704e-06,5.43465885e-06,3.21887661e-05,9.21289832e-05,0.000198508082,0.000170796345,-0.000911094171,-0.00192592382,0.00113050181,-5.36549969e-08,-1.11942611e-06,-4.69432602e-06,-9.39831184e-06,-9.9037549e-06,5.15554148e-06,0.000126631466,0.000241073163,-0.000560757029,3.3759501e-05
0.954,-8.3976569e-07,-1.38079851e-06,5.02422936e-06,3.10995468e-05,8.99576198e-05,0.000195089422,0.000170387377,-0.000878637035,-0.00186300904,0.00106507744,-3.8035569e-08,-1.06764598e-06,-4.56874857e-06,-9.19341971e-06,-9.75341461e-06,4.86880658e-06,0.000123491218,0.000234048018,-0.000539917144,3.19374888e-05
0.955,-8.50293918e-07,-1.47666053e-06,4.62440134e-06,3.00269579e-05,8.78066005e-05,0.000191688095,0.000169909188,-0.000847091981,-0.00180191161,0.0010029487,-2.31150336e-08,-1.01762336e-06,-4.44681278e-06,-8.99551821e-06,-9.61485789e-06,4.56884922e-06,0.000120386989,0.000227206505,-0.000519729268,3.03875785e-05
0.956,-8.59210558e-07,-1.56636608e-06,4.23938751e-06,2.89817564e-05,8.56947702e-05,0.000188321447,0.000169357054,-0.000816483141,-0.00174263895,0.000944010461,-1.09912089e-08,-9.72947664e-07,-4.33333392e-06,-8.80785856e-06,-9.48110203e-06,4.28694624e-06,0.000117381691,0.000220608108,-0.000500186855,2.89077846e-05
0.957,-8.66526889e-07,-1.65176315e-06,3.8627128e-06,2.79483999e-05,8.35944783e-05,0.000184957307,0.00016872924,-0.000786687066,-0.00168495832,0.00088802022,1.0875259e-09,-9.29046779e-07,-4.22228498e-06,-8.6265199e-06,-9.36083034e-06,3.98318171e-06,0.00011438666,0.000214147046,-0.000481235811,2.7696168e-05
0.958,-8.72320166e-07,-1.73101515e-06,3.50084485e-06,2.69412882e-05,8.1529219e-05,0.000181619053,0.000168014819,-0.000757764436,-0.00162893671,0.000834922053,1.03892171e-08,-8.90330538e-07,-4.11904133e-06,-8.45396433e-06,-9.24336214e-06,3.69980066e-06,0.000111482303,0.000207898705,-0.000462891731,2.6507148e-05
0.959,-8.76781717e-07,-1.80682872e-06,3.14530452e-06,2.59414437e-05,7.9467265e-05,0.000178273527,0.000167219966,-0.000729576303,-0.00157433346,0.000784465605,2.03861774e-08,-8.5127847e-07,-4.01691112e-06,-8.28702763e-06,-9.14167553e-06,3.38717446e-06,0.000108566929,0.00020175098,-0.000445091221,2.55752515e-05
0.96,-8.7967581e-07,-1.87623539e-06,2.80512097e-06,2.49682752e-05,7.74389725e-05,0.000174946406,0.00016632667,-0.000702221418,-0.00152126567,0.000736651888,2.74968797e-08,-8.17254182e-07,-3.92176704e-06,-8.1267477e-06,-9.03880242e-06,3.0992337e-06,0.000105738259,0.000195790882,-0.000427871147,2.46186498e-05
0.961,-8.8164625e-07,-1.94316591e-06,2.46944442e-06,2.39998679e-05,7.54109724e-05,0.000171606996,0.00016535653,-0.000675550037,-0.00146950595,0.000691238499,3.59212526e-08,-7.8203447e-07,-3.82688725e-06,-7.97181434e-06,-8.95263487e-06,2.7767014e-06,0.000102886566,0.000189908599,-0.000411164956,2.39124993e-05
0.962,-8.82014247e-07,-2.00344184e-06,2.14947416e-06,2.30579996e-05,7.34143216e-05,0.000168278247,0.000164283784,-0.000649667352,-0.00141917809,0.000648259915,4.13570988e-08,-7.51720755e-07,-3.73816003e-06,-7.82140772e-06,-8.86130275e-06,2.48275614e-06,0.000100120551,0.000184197335,-0.000395024314,2.31577566e-05
0.963,-8.81774303e-07,-2.0620938e-06,1.83211188e-06,2.2116628e-05,7.14101153e-05,0.000164926878,0.000163132963,-0.000624385674,-0.00136999921,0.000607432324,4.87927059e-08,-7.19332811e-07,-3.64880046e-06,-7.6760752e-06,-8.78846817e-06,2.14956764e-06,9.73188938e-05,0.000178542267,-0.00037935427,2.26482804e-05
0.964,-8.79614213e-07,-2.11336887e-06,1.5312926e-06,2.12006719e-05,6.94305476e-05,0.000161570531,0.000161859974,-0.000599826562,-0.00132208694,0.000568803985,5.31726341e-08,-6.91464893e-07,-3.56405534e-06,-7.53193362e-06,-8.70591436e-06,1.8492169e-06,9.45943006e-05,0.000173029983,-0.000364208717,2.20544858e-05
0.965,-8.77117909e-07,-2.16357756e-06,1.23213357e-06,2.02834403e-05,6.74398051e-05,0.000158183158,0.000160499363,-0.000575810734,-0.0012751859,0.000532093829,6.00538133e-08,-6.60874236e-07,-3.47802996e-06,-7.39240457e-06,-8.64169494e-06,1.50912412e-06,9.18261304e-05,0.000167553914,-0.000349487784,2.16729691e-05
0.966,-8.72437106e-07,-2.20572562e-06,9.50489992e-07,1.93920366e-05,6.54709617e-05,0.000154778823,0.000159002165,-0.000552478094,-0.00122944204,0.000497386271,6.37927936e-08,-6.3445502e-07,-3.39515027e-06,-7.25075867e-06,-8.56231149e-06,1.20581659e-06,8.91290004e-05,0.000162198188,-0.000335262783,2.1176159e-05
0.967,-8.6775556e-07,-2.2473704e-06,6.69907498e-07,1.84991522e-05,6.34909723e-05,0.000151339911,0.000157413694,-0.000529649421,-0.0011846193,0.000464406516,7.03995504e-08,-6.05032733e-07,-3.31095981e-06,-7.11389031e-06,-8.50051672e-06,8.65110089e-07,8.63898052e-05,0.000156871871,-0.000321432485,2.08586951e-05
0.968,-8.60537359e-07,-2.28027947e-06,4.07561043e-07,1.76312619e-05,6.15277895e-05,0.000147872313,0.000155677123,-0.000507457143,-0.00114084539,0.000433240205,7.39662713e-08,-5.79152305e-07,-3.22808823e-06,-6.97150466e-06,-8.41961495e-06,5.62630691e-07,8.371233e-05,0.000151645004,-0.000308065532,2.04118467e-05
0.969,-8.53505932e-07,-2.31283361e-06,1.465738e-07,1.67627227e-05,5.95543499e-05,0.000144368928,0.000153842737,-0.000485735975,-0.00109791153,0.000403628635,8.05255636e-08,-5.50266541e-07,-3.1441016e-06,-6.83396162e-06,-8.35499378e-06,2.2890981e-07,8.10001336e-05,0.000146447297,-0.000295063602,2.01031025e-05
0.97,-8.43617033e-07,-2.33611433e-06,-9.58698696e-08,1.59174824e-05,5.75912568e-05,0.00014082397,0.000151851119,-0.00046459643,-0.00105591226,0.000375647313,8.4291615e-08,-5.24057681e-07,-3.05938755e-06,-6.68760884e-06,-8.2684407e-06,-6.83228185e-08,7.83357739e-05,0.000141327338,-0.00028248555,1.96680967e-05
0.971,-8.34091746e-07,-2.35887451e-06,-3.35742705e-07,1.5074704e-05,5.56222556e-05,0.000137241892,0.00014975233,-0.000443904013,-0.001014682,0.000349076188,9.0773141e-08,-4.95436945e-07,-2.97437e-06,-6.54619021e-06,-8.19450749e-06,-3.86044503e-07,7.56516967e-05,0.00013624252,-0.000270248008,1.93202419e-05
0.972,-8.21525749e-07,-2.37229119e-06,-5.57677447e-07,1.42524257e-05,5.36563102e-05,0.000133604253,0.000147490379,-0.000423728898,-0.000974263781,0.000323953234,9.50445594e-08,-4.68312881e-07,-2.88650975e-06,-6.39330669e-06,-8.0976168e-06,-6.73488847e-07,7.29958664e-05,0.000131211887,-0.00025838639,1.88665611e-05
0.973,-8.09285152e-07,-2.38436792e-06,-7.74435657e-07,1.34377273e-05,5.16908382e-05,0.000129929309,0.000145106384,-0.000403989156,-0.000934554593,0.00030011742,1.01310967e-07,-4.39887151e-07,-2.79943442e-06,-6.24490789e-06,-8.00760083e-06,-9.65240666e-07,7.03425585e-05,0.000126227135,-0.000246846669,1.84357193e-05
0.974,-7.9391422e-07,-2.38744994e-06,-9.74814094e-07,1.26388076e-05,4.97185997e-05,0.000126185129,0.000142556006,-0.000384691411,-0.000895523247,0.00027753926,1.0639434e-07,-4.1124859e-07,-2.70711425e-06,-6.08310676e-06,-7.89682781e-06,-1.23816165e-06,6.7690456e-05,0.000121270682,-0.000235622603,1.79370284e-05
0.975,-7.78616687e-07,-2.38753033e-06,-1.16560113e-06,1.18553197e-05,4.77560161e-05,0.0001224041,0.000139862684,-0.000365833397,-0.000857157379,0.000256155787,1.12103504e-07,-3.83142835e-07,-2.61698866e-06,-5.92441493e-06,-7.78400186e-06,-1.49289502e-06,6.50710609e-05,0.000116375876,-0.000224709859,1.73821113e-05
0.976,-7.60436959e-07,-2.37993078e-06,-1.34328362e-06,1.10811733e-05,4.57765947e-05,0.000118542027,0.000137008078,-0.000347334108,-0.000819338386,0.000235843967,1.18216998e-07,-3.52633997e-07,-2.51943457e-06,-5.75214416e-06,-7.6563595e-06,-1.74678559e-06,6.24200246e-05,0.000111484348,-0.000214044819,1.68204697e-05
0.977,-7.41840557e-07,-2.36679726e-06,-1.50513224e-06,1.03331607e-05,4.38189185e-05,0.000114643529,0.000133985803,-0.00032929561,-0.000782165067,0.000216673505,1.22852278e-07,-3.25305045e-07,-2.42581162e-06,-5.58048424e-06,-7.51399799e-06,-1.95411862e-06,5.98401733e-05,0.000106675972,-0.000203694342,1.61136452e-05
0.978,-7.20931194e-07,-2.34832616e-06,-1.65908194e-06,9.58560362e-06,4.1832872e-05,0.000110654401,0.00013081497,-0.000311519806,-0.000745401362,0.000198381355,1.30214489e-07,-2.92693188e-07,-2.32268017e-06,-5.39714437e-06,-7.36768336e-06,-2.18569942e-06,5.71888679e-05,0.000101845608,-0.000193513158,1.54839185e-05
0.979,-6.98716723e-07,-2.32046433e-06,-1.78839369e-06,8.87782522e-06,3.9882074e-05,0.00010662751,0.000127442481,-0.000294239902,-0.000709271905,0.000181202645,1.3314919e-07,-2.6671926e-07,-2.22512586e-06,-5.20984561e-06,-7.18951436e-06,-2.33546756e-06,5.46528713e-05,9.71209107e-05,-0.00018365848,1.46041879e-05
0.98,-6.7518553e-07,-2.2908127e-06,-1.91708895e-06,8.15941388e-06,3.78909667e-05,0.000102504037,0.00012394172,-0.000277115894,-0.000673409124,0.000164699865,1.41921704e-07,-2.31915149e-07,-2.11635065e-06,-5.01533327e-06,-7.02353536e-06,-2.541011e-06,5.1999912e-05,9.2349056e-05,-0.000173883453,1.39038746e-05
0.981,-6.49093366e-07,-2.24668939e-06,-2.01002369e-06,7.49725702e-06,3.59500695e-05,9.83390274e-05,0.000120199372,-0.000260536881,-0.000638186652,0.000149318752,1.42429369e-07,-2.08040561e-07,-2.01475132e-06,-4.81018265e-06,-6.80391014e-06,-2.62382841e-06,4.95114439e-05,8.77071691e-05,-0.000164459262,1.28393148e-05
0.982,-6.2324503e-07,-2.20576276e-06,-2.11205437e-06,6.81105306e-06,3.39570068e-05,9.40758598e-05,0.000116359647,-0.000243996734,-0.000603090817,0.000134410491,1.52731925e-07,-1.71141546e-07,-1.90085136e-06,-4.60546799e-06,-6.61847816e-06,-2.80098185e-06,4.68566113e-05,8.29962885e-05,-0.000155018221,1.20772219e-05
0.983,-5.93105245e-07,-2.1439625e-06,-2.16489657e-06,6.19996504e-06,3.20295341e-05,8.97640284e-05,0.000112231586,-0.000228061402,-0.000568652207,0.000120660206,1.5013298e-07,-1.50070931e-07,-1.79528707e-06,-4.3809493e-06,-6.35292578e-06,-2.80955494e-06,4.44177169e-05,7.84377109e-05,-0.000145964281,1.08304773e-05
0.984,-5.65393279e-07,-2.09162483e-06,-2.23835896e-06,5.54994732e-06,3.00390851e-05,8.53578933e-05,0.000108044537,-0.000212041358,-0.000534199103,0.000107171128,1.61996318e-07,-1.11421262e-07,-1.67713736e-06,-4.16749474e-06,-6.14855432e-06,-2.95533419e-06,4.17619155e-05,7.37920734e-05,-0.00013679035,1.00176536e-05
0.985,-5.31028087e-07,-2.01084433e-06,-2.24753881e-06,4.99503821e-06,2.81279755e-05,8.08899465e-05,0.000103514353,-0.000196686128,-0.000500410002,9.48888227e-05,1.55649618e-07,-9.37946817e-08,-1.56789912e-06,-3.9230089e-06,-5.83432888e-06,-2.88451487e-06,3.93709597e-05,6.93172927e-05,-0.000128037765,8.59475347e-06
0.986,-5.01952245e-07,-1.94673985e-06,-2.28987785e-06,4.38543069e-06,2.61429062e-05,7.63324136e-05,9.89650071e-05,-0.000181116494,-0.000466452661,8.26594226e-05,1.68934286e-07,-5.40461471e-08,-1.44676678e-06,-3.70278275e-06,-5.61259838e-06,-2.99827268e-06,3.67107189e-05,6.47413833e-05,-0.000119050099,7.74098914e-06
0.987,-4.63120562e-07,-1.84559227e-06,-2.25186081e-06,3.89161992e-06,2.42503093e-05,7.16959663e-05,9.40096562e-05,-0.00016628073,-0.000433163152,7.17104622e-05,1.58399475e-07,-4.00925885e-08,-1.33390938e-06,-3.43841346e-06,-5.24875969e-06,-2.84662833e-06,3.43579572e-05,6.03389703e-05,-0.000110527744,6.1692591e-06
0.988,-4.33418101e-07,-1.76928595e-06,-2.25916015e-06,3.33030578e-06,2.22812589e-05,6.6992524e-05,8.90904927e-05,-0.000151141926,-0.000399629571,6.06571704e-05,1.72747101e-07,-3.9127505e-10,-1.21134092e-06,-3.21245146e-06,-5.00765394e-06,-2.91986024e-06,3.17027676e-05,5.58268061e-05,-0.00010171016,5.30834354e-06
0.989,-3.90602833e-07,-1.64792058e-06,-2.17262622e-06,2.90213404e-06,2.04175519e-05,6.22009807e-05,8.37252855e-05,-0.000136795741,-0.000366798158,5.09485231e-05,1.57517123e-07,9.29249013e-09,-1.09607532e-06,-2.93078386e-06,-4.59486601e-06,-2.68125744e-06,2.94011474e-05,5.14993164e-05,-9.34160064e-05,3.63507534e-06
0.99,-3.60821053e-07,-1.55943028e-06,-2.1426179e-06,2.39244205e-06,1.84648736e-05,5.73440092e-05,7.84388584e-05,-0.000122000831,-0.000333558407,4.09303266e-05,1.72253471e-07,4.69625458e-08,-9.7531731e-07,-2.70277214e-06,-4.33810138e-06,-2.7165528e-06,2.67580694e-05,4.70891763e-05,-8.46839262e-05,2.74561715e-06
0.991,-3.13073654e-07,-1.41601224e-06,-2.00599105e-06,2.02668317e-06,1.66112639e-05,5.23385563e-05,7.26004003e-05,-0.000107955889,-0.000300800748,3.22201356e-05,1.53050666e-07,5.32506844e-08,-8.5743007e-07,-2.40783663e-06,-3.88975674e-06,-2.42267981e-06,2.4443199e-05,4.28389013e-05,-7.63624244e-05,9.59255056e-07
0.992,-2.81147255e-07,-1.3094507e-06,-1.92651494e-06,1.58477386e-06,1.46799165e-05,4.72790748e-05,6.68273047e-05,-9.34603938e-05,-0.000267553362,2.31692084e-05,1.68254495e-07,8.90543554e-08,-7.3638536e-07,-2.17039412e-06,-3.60660161e-06,-2.41944379e-06,2.17564239e-05,3.84567264e-05,-6.75776788e-05,6.47539067e-08
0.993,-2.30475061e-07,-1.14496169e-06,-1.73568462e-06,1.30247276e-06,1.28939176e-05,4.21551499e-05,6.05702272e-05,-7.99015756e-05,-0.000235158703,1.56438756e-05,1.45887758e-07,9.2056278e-08,-6.15389313e-07,-1.85687579e-06,-3.10389381e-06,-2.02026528e-06,1.94894607e-05,3.41862107e-05,-5.9550575e-05,-1.60584787e-06
0.994,-2.02164527e-07,-1.02747871e-06,-1.61318845e-06,9.40357245e-07,1.10507773e-05,3.70711268e-05,5.45814578e-05,-6.58611352e-05,-0.000202610111,7.76834048e-06,1.57534274e-07,1.19487857e-07,-5.02203488e-07,-1.61263701e-06,-2.77204506e-06,-1.88954594e-06,1.6981169e-05,2.99542745e-05,-5.12456904e-05,-2.43964711e-06
0.995,-1.57005543e-07,-8.59487603e-07,-1.39906183e-06,6.91317148e-07,9.26330791e-06,3.17889103e-05,4.80883248e-05,-5.22003306e-05,-0.000170157913,8.74205952e-07,1.32211438e-07,1.14364354e-07,-3.91382486e-07,-1.30648389e-06,-2.26736452e-06,-1.45510587e-06,1.47906459e-05,2.60060808e-05,-4.30673561e-05,-4.25961233e-06
0.996,-1.37297515e-07,-7.38189054e-07,-1.25488357e-06,3.38768051e-07,7.31133065e-06,2.62273639e-05,4.14203422e-05,-3.76061133e-05,-0.000136122206,-6.64939113e-06,1.35497219e-07,1.28391504e-07,-2.88963628e-07,-1.06789344e-06,-1.93953582e-06,-1.36747288e-06,1.20931868e-05,2.20740781e-05,-3.35956694e-05,-5.51012807e-06
0.997,-1.11962059e-07,-5.95804018e-07,-1.0668547e-06,2.62917984e-08,5.31652721e-06,2.03554244e-05,3.40559036e-05,-2.35763204e-05,-0.000101826757,-1.25825058e-05,1.03476442e-07,1.05942328e-07,-2.02677182e-07,-7.91390082e-07,-1.4790428e-06,-1.02195258e-06,9.6224216e-06,1.81371159e-05,-2.4377171e-05,-7.02411056e-06
0.998,-9.80817399e-08,-4.90700193e-07,-9.6453421e-07,-4.58764473e-07,3.01169742e-06,1.39973008e-05,2.62293559e-05,-9.54603304e-06,-6.68565164e-05,-1.73648786e-05,8.85456264e-08,8.74507673e-08,-1.44332559e-07,-6.15913149e-07,-1.2182467e-06,-9.72292121e-07,6.87003589e-06,1.42305301e-05,-1.49308502e-05,-7.53779599e-06
0.999,-1.56869666e-08,-2.65576589e-07,-6.79434955e-07,-7.89253847e-07,5.06706654e-07,6.42681285e-06,1.57332922e-05,1.92888758e-06,-3.07518315e-05,-1.7625735e-05,6.12475092e-08,6.75674695e-08,-6.02473248e-08,-3.80018646e-07,-9.03207499e-07,-1.06111298e-06,3.50562776e-06,9.53814672e-06,-5.39034844e-06,-6.92825135e-06
1.0,0.0,0.0,0.0,0.0,0.0,0.0,0.0,0.0,0.0,0.0,0.0,0.0,0.0,0.0,0.0,0.0,0.0,0.0,0.0,0.0
