r	R  6/ 3	R  7/ 3	R  8/ 3	R  9/ 3	R 10/ 3	R 11/ 3	R 12/ 3	R 13/ 3	R 14/ 3	R 15/ 3	I  6/ 3	I  7/ 3	I  8/ 3	I  9/ 3	I 10/ 3	I 11/ 3	I 12/ 3	I 13/ 3	I 14/ 3	I 15/ 3
 0.000000E+00	 0.00000000E+00	 0.00000000E+00	 0.00000000E+00	 0.00000000E+00	 0.00000000E+00	 0.00000000E+00	 0.00000000E+00	 0.00000000E+00	 0.00000000E+00	 0.00000000E+00	 0.00000000E+00	 0.00000000E+00	 0.00000000E+00	 0.00000000E+00	 0.00000000E+00	 0.00000000E+00	 0.00000000E+00	 0.00000000E+00	 0.00000000E+00	 0.00000000E+00
 1.000000E-03	 1.25612209E-15	-1.00718350E-16	-1.23789894E-15	-5.53901369E-17	 2.79262035E-17	 1.00493154E-17	 6.05265213E-18	 1.07859354E-18	-3.06163650E-19	 7.14180944E-20	-4.83938480E-17	-1.40102116E-16	-6.17122935E-17	-4.28615586E-17	-7.74403442E-18	 1.19936926E-17	 8.89191178E-19	 1.51721195E-18	-1.10945195E-19	 2.82694436E-20
 2.000000E-03	 4.60593332E-14	 5.91731393E-16	-1.55411404E-14	-1.51781175E-15	-6.91882035E-16	 1.92747749E-17	 2.98880100E-17	-1.12908352E-18	-1.36680057E-18	-2.45598702E-19	-2.20082440E-15	-1.03373733E-15	-2.78992875E-17	-8.21593593E-16	-4.19294559E-16	-5.83699001E-17	 1.98565835E-18	 2.55837192E-18	-7.46835385E-20	 3.39249634E-20
 3.000000E-03	 4.46256996E-13	 1.72066639E-14	-7.38152712E-14	-1.01996903E-14	-6.64769498E-15	 2.18262453E-16	 2.19635999E-16	 1.95449951E-18	 4.90160383E-18	-4.24142300E-19	-2.11922332E-14	-6.27113368E-15	 4.86766708E-16	-3.20398683E-15	-3.95124298E-15	-7.59256624E-16	-6.10513436E-18	 4.55218655E-18	-3.99633618E-19	 1.53317872E-19
 4.000000E-03	 2.34995920E-12	 1.31342078E-13	-2.24916690E-13	-3.97263733E-14	-3.16644085E-14	 1.32427770E-15	 9.06985099E-16	 3.21894442E-17	 3.01998896E-17	 2.67827852E-19	-1.09130048E-13	-3.26390258E-14	-1.51732921E-15	-7.47334962E-15	-1.72825559E-14	-3.82258248E-15	-5.21731179E-17	 2.20081201E-18	-1.70324974E-18	 2.28100997E-19
 5.000000E-03	 8.67989583E-12	 6.19050737E-13	-5.27702439E-13	-1.15262896E-13	-1.05839607E-13	 4.25333766E-15	 2.59229803E-15	 1.26728539E-16	 9.13195492E-17	 3.41100574E-18	-3.91824414E-13	-1.34918103E-13	-2.29643878E-14	-1.37394817E-14	-4.99839424E-14	-1.25541787E-14	-2.09630824E-16	-1.36842161E-17	-4.75044268E-18	-9.52246758E-20
 6.000000E-03	 2.54389498E-11	 2.19211052E-12	-1.03168999E-12	-2.76162254E-13	-2.82255094E-13	 9.81524784E-15	 5.95579965E-15	 3.45651774E-16	 2.11436973E-16	 1.16331007E-17	-1.11031648E-12	-4.51590259E-13	-1.19687063E-13	-2.45374292E-14	-1.11116609E-13	-3.15595685E-14	-6.18867737E-16	-5.84779856E-17	-1.13235484E-17	-1.54080052E-18
 7.000000E-03	 6.33747456E-11	 6.38973940E-12	-1.73810243E-12	-5.76362209E-13	-6.43307594E-13	 1.88418694E-14	 1.18963383E-14	 7.78800078E-16	 4.21359484E-16	 2.88087847E-17	-2.65872533E-12	-1.27678545E-12	-4.35932931E-13	-5.27135231E-14	-2.06302985E-13	-6.63625628E-14	-1.53397011E-15	-1.56995616E-16	-2.55014976E-17	-5.32593008E-18
 8.000000E-03	 1.39992840E-10	 1.61573559E-11	-2.53059545E-12	-1.08082895E-12	-1.30843419E-12	 3.26111326E-14	 2.15827688E-14	 1.55401002E-15	 7.60915723E-16	 6.03079938E-17	-5.60721019E-12	-3.16247838E-12	-1.29101641E-12	-1.39097770E-13	-3.39335222E-13	-1.23342859E-13	-3.40733575E-15	-3.46761001E-16	-5.55096575E-17	-1.32910606E-17
 9.000000E-03	 2.81905691E-10	 3.66482891E-11	-3.06243166E-12	-1.85534383E-12	-2.44621717E-12	 5.32825780E-14	 3.65078627E-14	 2.84801013E-15	 1.28047348E-15	 1.13320961E-16	-1.06966316E-11	-7.05328936E-12	-3.31806773E-12	-3.86380585E-13	-5.23294587E-13	-2.10172602E-13	-7.01803219E-15	-6.81314310E-16	-1.16275984E-16	-2.80498594E-17
 1.000000E-02	 5.27502159E-10	 7.62834808E-11	-2.58424781E-12	-2.94565927E-12	-4.29451120E-12	 8.40413353E-14	 5.85401685E-14	 4.90098830E-15	 2.04256557E-15	 1.97274783E-16	-1.87894177E-11	-1.44542848E-11	-7.67188695E-12	-1.01797989E-12	-8.08170311E-13	-3.36877182E-13	-1.36488718E-14	-1.23331511E-15	-2.32809814E-16	-5.31817918E-17
 1.100000E-02	 9.29919838E-10	 1.48103185E-10	 3.06153592E-13	-4.34052513E-12	-7.19307124E-12	 1.28587955E-13	 8.99728327E-14	 8.03577649E-15	 3.12362887E-15	 3.24374243E-16	-3.07592269E-11	-2.76299217E-11	-1.63246450E-11	-2.47343528E-12	-1.33549396E-12	-5.17749905E-13	-2.53195876E-14	-2.09684238E-15	-4.44539049E-16	-9.34482286E-17
 1.200000E-02	 1.56030000E-09	 2.71443435E-10	 8.01336842E-12	-5.91127574E-12	-1.16344861E-11	 1.89457220E-13	 1.33569589E-13	 1.26826868E-14	 4.61589746E-15	 5.10283440E-16	-4.73002645E-11	-4.98297501E-11	-3.24695372E-11	-5.55492761E-12	-2.43543653E-12	-7.74572551E-13	-4.50869882E-14	-3.38778876E-15	-8.10723938E-16	-1.55071043E-16
 1.300000E-02	 2.51130238E-09	 4.73968600E-10	 2.44176008E-11	-7.31851435E-12	-1.83410147E-11	 2.64384353E-13	 1.92607544E-13	 1.94109966E-14	 6.62952948E-15	 7.74981773E-16	-6.86355907E-11	-8.55336938E-11	-6.10534369E-11	-1.16428441E-11	-4.78806814E-12	-1.14191738E-12	-7.74263281E-14	-5.24089777E-15	-1.41712263E-15	-2.45988403E-16
 1.400000E-02	 3.90085442E-09	 7.94089688E-10	 5.54988123E-11	-7.87388214E-12	-2.83770389E-11	 3.39558695E-13	 2.70914454E-13	 2.89680389E-14	 9.29505074E-15	 1.14385211E-15	-9.41024704E-11	-1.40706690E-10	-1.09460072E-10	-2.30018513E-11	-9.67810811E-12	-1.67573730E-12	-1.28711788E-13	-7.80132887E-15	-2.38400729E-15	-3.76171199E-16
 1.500000E-02	 5.87610694E-09	 1.28379613E-09	 1.10142194E-10	-6.34190287E-12	-4.33091400E-11	 3.78111757E-13	 3.72894854E-13	 4.23265049E-14	 1.27662918E-14	 1.64900182E-15	-1.21591784E-10	-2.23049205E-10	-1.88365210E-10	-4.32026563E-11	-1.93816337E-11	-2.46700968E-12	-2.07817712E-13	-1.12084488E-14	-3.87572167E-15	-5.57822663E-16
 1.600000E-02	 8.61756551E-09	 2.01192660E-09	 2.01158506E-10	-6.63402986E-13	-6.54281265E-11	 3.01574602E-13	 5.03534726E-13	 6.07399404E-14	 1.72238838E-14	 2.33097323E-15	-1.46817769E-10	-3.42226678E-10	-3.12784733E-10	-7.76884865E-11	-3.77340373E-11	-3.66291849E-12	-3.26867759E-13	-1.55685745E-14	-6.11180791E-15	-8.05597841E-16
 1.700000E-02	 1.23433641E-08	 3.06790186E-09	 3.46556038E-10	 1.24220270E-11	-9.80495460E-11	-3.86968364E-14	 6.68367181E-13	 8.58055499E-14	 2.28796319E-14	 3.24076739E-15	-1.62393925E-10	-5.10057303E-10	-5.03335298E-10	-1.34519230E-10	-7.09411835E-11	-5.49897009E-12	-5.02165578E-13	-2.09134537E-14	-9.37983894E-15	-1.13659594E-15
 1.800000E-02	 1.73136449E-08	 4.56594007E-09	 5.71104181E-10	 3.78816915E-11	-1.45911138E-10	-9.03994025E-13	 8.73372879E-13	 1.19531633E-13	 2.99817192E-14	 4.44244819E-15	-1.56690772E-10	-7.40633781E-10	-7.87725422E-10	-2.25330097E-10	-1.28710369E-10	-8.34658080E-12	-7.55350644E-13	-2.71399234E-14	-1.40498972E-14	-1.57025625E-15
 1.900000E-02	 2.38350047E-08	 6.64977150E-09	 9.08231839E-10	 8.30559989E-11	-2.15687115E-10	-2.72948740E-12	 1.12477551E-12	 1.64405373E-13	 3.88211972E-14	 6.01622636E-15	-1.12451416E-10	-1.05035076E-09	-1.20249234E-09	-3.66545502E-10	-2.25794455E-10	-1.27820799E-11	-1.11483492E-12	-3.39265376E-14	-2.05906601E-14	-2.12793576E-15
 2.000000E-02	 3.22649675E-08	 9.49786650E-09	 1.40230705E-09	 1.58523614E-10	-3.16639882E-10	-6.21020042E-12	 1.42867826E-12	 2.23453027E-13	 4.97394971E-14	 8.06223268E-15	-5.14141103E-12	-1.45780571E-09	-1.79499667E-09	-5.80892546E-10	-3.84061558E-10	-1.96847860E-11	-1.61759331E-12	-4.06214582E-14	-2.95869913E-14	-2.83217449E-15
 2.100000E-02	 4.30164372E-08	 1.33291864E-08	 2.11134736E-09	 2.79210648E-10	-4.61429506E-10	-1.24189524E-11	 1.79046527E-12	 3.00281724E-13	 6.31373679E-14	 1.07051509E-14	 1.98989564E-10	-1.98353699E-09	-2.62568319E-09	-8.99261899E-10	-6.35224031E-10	-3.03738691E-11	-2.31140248E-12	-4.60964402E-14	-4.17586461E-14	-3.70556939E-15
 2.200000E-02	 5.65620849E-08	 1.84094633E-08	 3.11021333E-09	 4.65796493E-10	-6.67099598E-10	-2.29648141E-11	 2.21387171E-12	 3.99085856E-13	 7.94846838E-14	 1.40993902E-14	 5.45155381E-10	-2.64955886E-09	-3.77061088E-09	-1.36296700E-09	-1.02438429E-09	-4.67961604E-11	-3.25764954E-12	-4.85606341E-14	-5.79800462E-14	-4.76906649E-15
 2.300000E-02	 7.34386195E-08	 2.50580094E-08	 4.49434040E-09	 7.46477182E-10	-9.56254942E-10	-4.02020474E-11	 2.69959387E-12	 5.24595845E-13	 9.93310349E-14	 1.84358512E-14	 1.09260984E-09	-3.47864901E-09	-5.32425036E-09	-2.02645496E-09	-1.61458105E-09	-7.17799263E-11	-4.53486886E-12	-4.53284996E-14	-7.93001857E-14	-6.03973070E-15
 2.400000E-02	 9.42508899E-08	 3.36550508E-08	 6.38406657E-09	 1.15915633E-09	-1.35844083E-09	-6.75009490E-11	 3.24328338E-12	 6.81938028E-13	 1.23316220E-13	 2.39486393E-14	 1.91756890E-09	-4.49334074E-09	-7.40253992E-09	-2.96052457E-09	-2.49254822E-09	-1.09372932E-10	-6.24320612E-12	-3.25366043E-14	-1.06962768E-13	-7.52776500E-15
 2.500000E-02	 1.19675763E-07	 4.46495780E-08	 8.92961567E-09	 1.75414380E-09	-1.91172613E-09	-1.09593474E-10	 3.83272979E-12	 8.76364781E-13	 1.52179177E-13	 3.09245092E-14	 3.11649323E-09	-5.71456769E-09	-1.01461847E-08	-4.25610818E-09	-3.77592991E-09	-1.65286948E-10	-8.51006408E-12	-4.80413975E-15	-1.42425000E-13	-9.23266415E-15
 2.600000E-02	 1.50465722E-07	 5.85676949E-08	 1.23167976E-08	 2.59745316E-09	-2.66448095E-09	-1.73007905E-10	 4.44399950E-12	 1.11280270E-12	 1.86764077E-13	 3.97111780E-14	 4.80974248E-09	-7.15990598E-09	-1.37241756E-08	-6.02867425E-09	-5.62222847E-09	-2.47475195E-10	-1.14972443E-11	 4.51647782E-14	-1.87375212E-13	-1.11388392E-14
 2.700000E-02	 1.87452122E-07	 7.60214456E-08	 1.67734877E-08	 3.77480089E-09	-3.67732544E-09	-2.66608122E-10	 5.03625655E-12	 1.39514922E-12	 2.28019750E-13	 5.07296883E-14	 7.14560924E-09	-8.84135495E-09	-1.83374946E-08	-8.42330711E-09	-8.23979797E-09	-3.66874145E-10	-1.54099813E-11	 1.27038820E-13	-2.43747400E-13	-1.32096160E-14
 2.800000E-02	 2.31548048E-07	 9.77180888E-08	 2.25769492E-08	 5.39642310E-09	-5.02520714E-09	-4.02254100E-10	 5.54494704E-12	 1.72523569E-12	 2.76990179E-13	 6.44843407E-14	 1.03047363E-08	-1.07625952E-08	-2.42229663E-08	-1.16205180E-08	-1.19012337E-08	-5.38346573E-10	-2.05083450E-11	 2.53371962E-13	-3.13732499E-13	-1.53816929E-14
 2.900000E-02	 2.83750702E-07	 1.24469783E-07	 3.00620593E-08	 7.60283912E-09	-6.79954086E-09	-5.95601061E-10	 5.87299000E-12	 2.10134553E-12	 3.34788930E-13	 8.15775765E-14	 1.45049166E-08	-1.29156596E-08	-3.16572011E-08	-1.58428387E-08	-1.69595478E-08	-7.81868901E-10	-2.71216059E-11	 4.40164022E-13	-3.99785134E-13	-1.75565985E-14
 3.000000E-02	 3.45143267E-07	 1.57203637E-07	 3.96305037E-08	 1.05717059E-08	-9.11031602E-09	-8.67054999E-10	 5.87957356E-12	 2.51616374E-12	 4.02552962E-13	 1.02721483E-13	 2.00062710E-08	-1.52769516E-08	-4.09605690E-08	-2.13622431E-08	-2.38675611E-08	-1.12401257E-09	-3.56662562E-11	 7.07451066E-13	-5.04624279E-13	-1.95948095E-14
 3.100000E-02	 4.16896166E-07	 1.96972075E-07	 5.17609960E-08	 1.45259221E-08	-1.20880414E-08	-1.24290231E-09	 5.36613023E-12	 2.95398833E-12	 4.81364696E-13	 1.28753959E-13	 2.71167917E-08	-1.78025427E-08	-5.25011262E-08	-2.85084365E-08	-3.32009830E-08	-1.59977636E-09	-4.66685275E-11	 1.07990105E-12	-6.31229525E-13	-2.13046843E-14
 3.200000E-02	 5.00267664E-07	 2.44963438E-07	 6.70205783E-08	 1.97431561E-08	-1.58853577E-08	-1.75663153E-09	 4.05899713E-12	 3.38702585E-12	 5.72133810E-13	 1.60651417E-13	 3.61982349E-08	-2.04226810E-08	-6.66984075E-08	-3.76780409E-08	-4.56856922E-08	-2.25483448E-09	-6.07924293E-11	 1.58736999E-12	-7.82827850E-13	-2.24380139E-14
 3.300000E-02	 5.96603737E-07	 3.02512783E-07	 8.60770587E-08	 2.65669910E-08	-2.06780954E-08	-2.45046263E-09	 1.58833695E-12	 3.77052519E-12	 6.75420311E-13	 1.99543441E-13	 4.76723413E-08	-2.30354424E-08	-8.40269864E-08	-4.93446984E-08	-6.22297827E-08	-3.14827343E-09	-7.88744260E-11	 2.26536695E-12	-9.62878299E-13	-2.26773299E-14
 3.400000E-02	 7.07337148E-07	 3.71112755E-07	 1.09712630E-07	 3.54198961E-08	-2.66654991E-08	-3.37709731E-09	-2.53720515E-12	 4.03650020E-12	 7.91182452E-13	 2.46725940E-13	 6.20273528E-08	-2.54994567E-08	-1.05019687E-07	-6.40700981E-08	-8.39609751E-08	-4.35590056E-09	-1.01966132E-10	 3.15535773E-12	-1.17504468E-12	-2.16374380E-14
 3.500000E-02	 8.33985662E-07	 4.52424483E-07	 1.38838707E-07	 4.68182480E-08	-3.40692741E-08	-4.60170077E-09	-8.96054441E-12	 4.08569951E-12	 9.18431547E-13	 3.03669954E-13	 7.98247904E-08	-2.76256417E-08	-1.30270322E-07	-8.25159143E-08	-1.12270033E-07	-5.97421611E-09	-1.31386584E-10	 4.30479952E-12	-1.42317363E-12	-1.88531518E-14
 3.600000E-02	 9.78149329E-07	 5.48288358E-07	 1.74512023E-07	 6.13896481E-08	-4.31310332E-08	-6.20412124E-09	-1.85113408E-11	 3.77747897E-12	 1.05475806E-12	 3.72033952E-13	 1.01706449E-07	-2.91678821E-08	-1.60435811E-07	-1.05456628E-07	-1.48860868E-07	-8.12515039E-09	-1.68785866E-10	 5.76677822E-12	-1.71126266E-12	-1.37947453E-14
 3.700000E-02	 1.14150678E-06	 6.60734602E-07	 2.17951989E-07	 7.98927961E-08	-5.41076352E-08	-8.28134759E-09	-3.22466584E-11	 2.91711794E-12	 1.19571064E-12	 4.53660875E-13	 1.28401557E-07	-2.98125916E-08	-1.96237530E-07	-1.33793178E-07	-1.95808040E-07	-1.09616781E-08	-2.16222088E-10	 7.59906985E-12	-2.04344764E-12	-5.85785691E-15
 3.800000E-02	 1.32581046E-06	 7.91993502E-07	 2.70559342E-07	 1.03240197E-07	-6.72638084E-08	-1.09501981E-08	-5.14973635E-11	 1.24011894E-12	 1.33396848E-12	 5.50587258E-13	 1.60734042E-07	-2.91671053E-08	-2.38461721E-07	-1.68567367E-07	-2.55622414E-07	-1.46744322E-08	-2.76253998E-10	 9.86241580E-12	-2.42399101E-12	 5.59198530E-15
 3.900000E-02	 1.53288077E-06	 9.44505154E-07	 3.33936068E-07	 1.32523996E-07	-8.28613410E-08	-1.43502245E-08	-7.79203602E-11	-1.60710805E-12	 1.45828883E-12	 6.65020783E-13	 1.99629841E-07	-2.67468496E-08	-2.87958769E-07	-2.10976905E-07	-3.31325726E-07	-1.94994505E-08	-3.52051693E-10	 1.26177296E-11	-2.85731472E-12	 2.12251758E-14
 4.000000E-02	 1.76459905E-06	 1.12092859E-06	 4.09906579E-07	 1.69045255E-07	-1.01143999E-07	-1.86468034E-08	-1.13556556E-10	-6.09077805E-12	 1.55214311E-12	 7.99343021E-13	 2.46124161E-07	-2.19612502E-08	-3.45641174E-07	-2.62390969E-07	-4.26534854E-07	-2.57271976E-08	-4.47528233E-10	 1.59218978E-11	-3.34806027E-12	 4.16500713E-14
 4.100000E-02	 2.02289930E-06	 1.32415011E-06	 5.00540106E-07	 2.14346982E-07	-1.22317200E-07	-2.40343769E-08	-1.60894267E-10	-1.28182490E-11	 1.59201698E-12	 9.56058706E-13	 3.01368634E-07	-1.40983429E-08	-4.12479976E-07	-3.24366072E-07	-5.45556557E-07	-3.37130156E-08	-5.67495008E-10	 1.98217471E-11	-3.90123883E-12	 6.74124995E-14
 4.200000E-02	 2.30975869E-06	 1.55729065E-06	 6.08174241E-07	 2.70251258E-07	-1.46521336E-07	-3.07397938E-08	-2.22937550E-10	-2.25722546E-11	 1.54526854E-12	 1.13778783E-12	 3.66638249E-07	-2.30806624E-09	-4.89499438E-07	-3.98662037E-07	-6.93493478E-07	-4.38891646E-08	-7.17844592E-10	 2.43456211E-11	-4.52245696E-12	 9.88112336E-14
 4.300000E-02	 2.62718679E-06	 1.82371199E-06	 7.35439561E-07	 3.38900802E-07	-1.73797439E-07	-3.90256783E-08	-3.03278125E-10	-3.63518267E-11	 1.36747249E-12	 1.34717199E-12	 4.43337971E-07	 1.44157773E-08	-5.77769754E-07	-4.87257816E-07	-8.76362212E-07	-5.67786225E-08	-9.05763899E-10	 2.94919878E-11	-5.21829956E-12	 1.35883448E-13
 4.400000E-02	 2.97721341E-06	 2.12702169E-06	 8.85285219E-07	 4.22805341E-07	-2.04043725E-07	-4.91937307E-08	-4.06169673E-10	-5.54207891E-11	 9.99135038E-13	 1.58685512E-12	 5.33008949E-07	 3.72548868E-08	-6.78397534E-07	-5.92366830E-07	-1.10122418E-06	-7.30108249E-08	-1.13998180E-09	 3.52143566E-11	-5.99687715E-12	 1.78084418E-13
 4.500000E-02	 3.36187520E-06	 2.47107638E-06	 1.06100537E-06	 5.24893114E-07	-2.36961381E-07	-6.15878519E-08	-5.36602519E-10	-8.13650041E-11	 3.61714238E-13	 1.85932919E-12	 6.37334173E-07	 6.75871397E-08	-7.92513830E-07	-7.16451453E-07	-1.37632999E-06	-9.33395313E-08	-1.43105480E-09	 4.14016113E-11	-6.86863973E-12	 2.24237930E-13
 4.600000E-02	 3.78320083E-06	 2.85998342E-06	 1.26626627E-06	 6.48567883E-07	-2.71987726E-07	-7.65969552E-08	-7.00376159E-10	-1.16159402E-10	-6.47226060E-13	 2.16690812E-12	 7.58143481E-07	 1.07008543E-07	-9.21259441E-07	-8.62236212E-07	-1.71127784E-06	-1.18663005E-07	-1.79169499E-09	 4.78526771E-11	-7.84750323E-12	 2.72033286E-13
 4.700000E-02	 4.24319481E-06	 3.29810044E-06	 1.50513384E-06	 7.97771790E-07	-3.08214668E-07	-9.46573002E-08	-9.04166323E-10	-1.62246242E-10	-2.15981061E-12	 2.51149121E-12	 8.97417764E-07	 1.57356407E-07	-1.06576725E-06	-1.03271920E-06	-2.11718664E-06	-1.50046699E-07	-2.23714384E-09	 5.42443050E-11	-8.95240284E-12	 3.17910416E-13
 4.800000E-02	 4.74382000E-06	 3.79003276E-06	 1.78210150E-06	 9.77054395E-07	-3.44290155E-07	-1.16254154E-07	-1.15558279E-09	-2.22625729E-10	-4.34483184E-12	 2.89454336E-12	 1.05729225E-06	 2.20733659E-07	-1.22714133E-06	-1.23118114E-06	-2.60688406E-06	-1.88748639E-07	-2.78559631E-09	 6.00905153E-11	-1.02093936E-11	 3.56324820E-13
 4.900000E-02	 5.28697879E-06	 4.34062834E-06	 2.10211795E-06	 1.19164822E-06	-3.78300045E-07	-1.41922546E-07	-1.46321276E-09	-3.00960722E-10	-7.41594515E-12	 3.31675049E-12	 1.24005872E-06	 2.99534217E-07	-1.40643260E-06	-1.46119145E-06	-3.19510984E-06	-2.36247698E-07	-3.45867846E-09	 6.46919905E-11	-1.16544031E-11	 3.79513448E-13
 5.000000E-02	 5.87449302E-06	 4.95497001E-06	 2.47061467E-06	 1.44755108E-06	-4.07627618E-07	-1.72246847E-07	-1.83664449E-09	-4.01696729E-10	-1.16414733E-11	 3.77803621E-12	 1.44816646E-06	 3.96469276E-07	-1.60461074E-06	-1.72661056E-06	-3.89873438E-06	-2.94274929E-07	-4.28198253E-09	 6.70734870E-11	-1.33369021E-11	 3.76480058E-13
 5.100000E-02	 6.50808258E-06	 5.63836473E-06	 2.89353275E-06	 1.75161543E-06	-4.28787723E-07	-2.07858872E-07	-2.28646421E-09	-5.30199264E-10	-1.73556484E-11	 4.27707740E-12	 1.68422192E-06	 5.14594373E-07	-1.82253214E-06	-2.03158776E-06	-4.73699231E-06	-3.64848139E-07	-5.28566120E-09	 6.59068366E-11	-1.53245289E-11	 3.32586907E-13
 5.200000E-02	 7.18934295E-06	 6.39632967E-06	 3.37734856E-06	 2.11164494E-06	-4.37232375E-07	-2.49434230E-07	-2.82422025E-09	-6.92909441E-10	-2.49719830E-11	 4.81138665E-12	 1.95098676E-06	 6.57337046E-07	-2.06090370E-06	-2.38055351E-06	-5.73173035E-06	-4.50309863E-07	-6.50508896E-09	 5.94167366E-11	-1.77091699E-11	 2.28243569E-13
 5.300000E-02	 7.91972156E-06	 7.23457484E-06	 3.92909809E-06	 2.53649851E-06	-4.27123902E-07	-2.97686481E-07	-3.46234071E-09	-8.97520137E-10	-3.49986352E-11	 5.37667282E-12	 2.25137425E-06	 8.28524881E-07	-2.32024225E-06	-2.77820549E-06	-6.90766960E-06	-5.53368817E-07	-7.98158512E-09	 4.52665143E-11	-2.06144407E-11	 3.82503672E-14
 5.400000E-02	 8.70049334E-06	 8.15898209E-06	 4.55639930E-06	 3.03620190E-06	-3.91071869E-07	-3.53358644E-07	-4.21399796E-09	-1.15317390E-09	-4.80565564E-11	 5.96694767E-12	 2.58844384E-06	 1.03241371E-06	-2.60082950E-06	-3.22948712E-06	-8.29268059E-06	-6.77145002E-07	-9.76320412E-09	 2.04212923E-11	-2.42052687E-11	-2.69941509E-13
 5.500000E-02	 9.53273525E-06	 9.17558014E-06	 5.26747198E-06	 3.62206672E-06	-3.19829703E-07	-4.17211593E-07	-5.09290681E-09	-1.47068457E-09	-6.48996470E-11	 6.57374712E-12	 2.96539371E-06	 1.27371566E-06	-2.90266223E-06	-3.73955753E-06	-9.91806966E-06	-8.25218518E-07	-1.19055919E-08	-1.90159173E-11	-2.86995166E-11	-7.37282102E-13
 5.600000E-02	 1.04173002E-05	 1.02905155E-05	 6.07115463E-06	 4.30681697E-06	-2.01946605E-07	-4.90008833E-07	-6.11304446E-09	-1.86278387E-09	-8.64384463E-11	 7.18627164E-12	 3.38555117E-06	 1.55762680E-06	-3.22539776E-06	-4.31375154E-06	-1.18188746E-05	-1.00168214E-06	-1.44729076E-08	-7.79989618E-11	-3.43826698E-11	-1.41530160E-12
 5.700000E-02	 1.13547905E-05	 1.15100188E-05	 6.97691767E-06	 5.10472282E-06	-2.33700859E-08	-5.72497069E-07	-7.28827724E-09	-2.34439482E-09	-1.13766205E-10	 7.79054461E-12	 3.85236079E-06	 1.88985396E-06	-3.56829453E-06	-4.95752845E-06	-1.40341668E-05	-1.21119762E-06	-1.75388061E-08	-1.62769564E-10	-4.16255059E-11	-2.36758440E-12
 5.800000E-02	 1.23455306E-05	 1.28403671E-05	 7.99487237E-06	 6.03174128E-06	 2.33005779E-07	-6.65381930E-07	-8.63187943E-09	-2.93293306E-09	-1.48189206E-10	 8.36952549E-12	 4.36937004E-06	 2.27664039E-06	-3.93014787E-06	-5.67640817E-06	-1.66073579E-05	-1.45905570E-06	-2.11874774E-08	-2.81129114E-10	-5.09059636E-11	-3.67241745E-12
 5.900000E-02	 1.33895401E-05	 1.42878406E-05	 9.13577486E-06	 7.10566347E-06	 5.87851448E-07	-7.69298139E-07	-1.01559269E-08	-3.64863748E-09	-1.91259809E-10	 8.90234144E-12	 4.94021239E-06	 2.72478982E-06	-4.30922095E-06	-6.47589304E-06	-1.95865044E-05	-1.75123964E-06	-2.55147348E-08	-4.42758129E-10	-6.28353703E-11	-5.42473676E-12
 6.000000E-02	 1.44865066E-05	 1.58586752E-05	 1.04110243E-05	 8.34626762E-06	 1.06597747E-06	-8.84773367E-07	-1.18705481E-08	-4.51493119E-09	-2.44814189E-10	 9.36421522E-12	 5.56858769E-06	 3.24168845E-06	-4.70317099E-06	-7.36137389E-06	-2.30246092E-05	-2.09449213E-06	-3.06291401E-08	-6.59589002E-10	-7.81901687E-11	-7.73920508E-12
 6.100000E-02	 1.56357587E-05	 1.75590098E-05	 1.18326548E-05	 9.77547713E-06	 1.69697927E-06	-1.01218505E-06	-1.37830194E-08	-5.55881351E-09	-3.11012977E-10	 9.72597488E-12	 6.25823979E-06	 3.83532438E-06	-5.10897101E-06	-8.33801845E-06	-2.69799100E-05	-2.49638514E-06	-3.66531501E-08	-9.46241014E-10	-9.79499544E-11	-1.07525887E-11
 6.200000E-02	 1.68362399E-05	 1.93948280E-05	 1.34133195E-05	 1.14175223E-05	 2.51595571E-06	-1.15170970E-06	-1.58966832E-08	-6.81128115E-09	-3.92386550E-10	 9.95353678E-12	 7.01293111E-06	 4.51430382E-06	-5.52282724E-06	-9.41064029E-06	-3.15161509E-05	-2.96539275E-06	-4.37242954E-08	-1.32052608E-09	-1.23342330E-10	-1.46270832E-11
 6.300000E-02	 1.80864830E-05	 2.13718951E-05	 1.51662668E-05	 1.32991056E-05	 3.56430966E-06	-1.30326349E-06	-1.82096527E-08	-8.30778006E-09	-4.91885207E-10	 1.00075855E-11	 7.83641445E-06	 5.28786375E-06	-5.94009273E-06	-1.05835471E-05	-3.67028323E-05	-3.51096575E-06	-5.19963266E-08	-1.80403304E-09	-1.55896616E-10	-1.95532828E-11
 6.400000E-02	 1.93845863E-05	 2.34956902E-05	 1.71053084E-05	 1.54495683E-05	 4.89063463E-06	-1.46643316E-06	-2.07132969E-08	-1.00886872E-08	-6.12934649E-10	 9.84258739E-12	 8.73240165E-06	 6.16588020E-06	-6.35517755E-06	-1.18603660E-05	-4.26154278E-05	-4.14360806E-06	-6.16403325E-08	-2.42279552E-09	-1.97506495E-10	-2.57541179E-11
 6.500000E-02	 2.07281903E-05	 2.57713326E-05	 1.92447761E-05	 1.79010568E-05	 6.55169218E-06	-1.64039627E-06	-2.33904829E-08	-1.21998193E-08	-7.59494561E-10	 9.40698162E-12	 9.70452927E-06	 7.15887151E-06	-6.76145607E-06	-1.32438440E-05	-4.93355600E-05	-4.87495402E-06	-7.28457985E-08	-3.20805653E-09	-2.50504340E-10	-3.34885770E-11
 6.600000E-02	 2.21144578E-05	 2.82035037E-05	 2.15994693E-05	 2.06886864E-05	 8.61348537E-06	-1.82383001E-06	-2.62135567E-08	-1.46929673E-08	-9.36122086E-10	 8.64151971E-12	 1.07563212E-05	 8.27799607E-06	-7.15117195E-06	-1.47356219E-05	-5.69511223E-05	-5.71784581E-06	-8.58215697E-08	-4.19714022E-09	-3.17746801E-10	-4.30559602E-11
 6.700000E-02	 2.35400544E-05	 3.07963637E-05	 2.41845893E-05	 2.38507006E-05	 1.11524325E-05	-2.01480747E-06	-2.91420475E-08	-1.76264528E-08	-1.14803827E-09	 7.47988092E-12	 1.18911482E-05	 9.53504347E-06	-7.51534181E-06	-1.63359793E-05	-6.55563351E-05	-6.68640990E-06	-1.00796679E-07	-5.43444402E-09	-4.02716304E-10	-5.47997824E-11
 6.800000E-02	 2.50011332E-05	 3.35534640E-05	 2.70156628E-05	 2.74286233E-05	 1.42566449E-05	-2.21068002E-06	-3.21200801E-08	-2.10657025E-08	-1.40119803E-09	 5.84613615E-12	 1.31121846E-05	 1.09424187E-05	-7.84365826E-06	-1.80435499E-05	-7.52517207E-05	-7.79613134E-06	-1.18020997E-07	-6.97256459E-09	-5.09636427E-10	-6.91118530E-11
 6.900000E-02	 2.64933214E-05	 3.64776551E-05	 3.01084506E-05	 3.14673999E-05	 1.80273095E-05	-2.40794460E-06	-3.50734917E-08	-2.50838336E-08	-1.70236080E-09	 3.65573294E-12	 1.44223623E-05	 1.25131184E-05	-8.12439362E-06	-1.98550045E-05	-8.61439789E-05	-9.06392407E-06	-1.37765661E-07	-8.87357560E-09	-6.43608089E-10	-8.64354883E-11
 7.000000E-02	 2.80117113E-05	 3.95709909E-05	 3.34788430E-05	 3.60155239E-05	 2.25801715E-05	-2.60209403E-06	-3.79066244E-08	-2.97622477E-08	-2.05916013E-09	 8.11527843E-13	 1.58243215E-05	 1.42606983E-05	-8.34430519E-06	-2.17647006E-05	-9.83457408E-05	-1.05081947E-05	-1.60323142E-07	-1.12104734E-08	-8.10761082E-10	-1.07267885E-10
 7.100000E-02	 2.95508535E-05	 4.28346287E-05	 3.71427391E-05	 4.11251410E-05	 2.80470972E-05	-2.78745524E-06	-4.04989687E-08	-3.51912126E-08	-2.48016519E-09	-2.79637266E-12	 1.73203593E-05	 1.61992309E-05	-8.48854359E-06	-2.37642961E-05	-1.11975175E-04	-1.21488981E-05	-1.86006825E-07	-1.40688310E-08	-1.01842977E-09	-1.32159396E-10
 7.200000E-02	 3.11047548E-05	 4.62687239E-05	 4.11159064E-05	 4.68521253E-05	 3.45777058E-05	-2.95702257E-06	-4.27018151E-08	-4.14703550E-08	-2.97493065E-09	-7.29926031E-12	 1.89123752E-05	 1.83432524E-05	-8.54056533E-06	-2.58423249E-05	-1.27155426E-04	-1.40075915E-05	-2.15150844E-07	-1.75486831E-08	-1.27533931E-09	-1.61711803E-10
 7.300000E-02	 3.26668818E-05	 4.98723279E-05	 4.54138326E-05	 5.32561494E-05	 4.23411687E-05	-3.10226373E-06	-4.43343126E-08	-4.87091565E-08	-3.55408984E-09	-1.28563090E-11	 2.06018156E-05	 2.07076995E-05	-8.48205219E-06	-2.79837466E-05	-1.44013920E-04	-1.61074754E-05	-2.48109177E-07	-2.17664949E-08	-1.59182693E-09	-1.96589264E-10
 7.400000E-02	 3.42301704E-05	 5.36432839E-05	 5.00515579E-05	 6.04007175E-05	 5.15281088E-05	-3.21289826E-06	-4.51787567E-08	-5.70274241E-08	-4.22944150E-09	-1.96633224E-11	 2.23896171E-05	 2.33078354E-05	-8.29283852E-06	-3.01694574E-05	-1.62681482E-04	-1.84734211E-05	-2.85254376E-07	-2.68572814E-08	-1.98007565E-09	-2.37530343E-10
 7.500000E-02	 3.57870388E-05	 5.75781209E-05	 5.50434896E-05	 6.83531567E-05	 6.23525619E-05	-3.27666747E-06	-4.49756753E-08	-6.65556683E-08	-5.01401614E-09	-2.79559953E-11	 2.42761473E-05	 2.61591622E-05	-7.95084846E-06	-3.23757646E-05	-1.83291240E-04	-2.11319810E-05	-3.26975575E-07	-3.29770371E-08	-2.45438784E-09	-2.85350365E-10
 7.600000E-02	 3.73294081E-05	 6.16719491E-05	 6.04031990E-05	 7.71845677E-05	 7.50540095E-05	-3.27908616E-06	-4.34189388E-08	-7.74353983E-08	-5.92212665E-09	-3.80219805E-11	 2.62611456E-05	 2.92773203E-05	-7.43204471E-06	-3.45738252E-05	-2.05977287E-04	-2.41113811E-05	-3.73675923E-07	-4.03053970E-08	-3.03148272E-09	-3.40943655E-10
 7.700000E-02	 3.88487285E-05	 6.59183568E-05	 6.61432017E-05	 8.69697288E-05	 8.98994725E-05	-3.20317633E-06	-4.01506020E-08	-8.98192978E-08	-6.96941078E-09	-5.02116681E-11	 2.83436631E-05	 3.26779747E-05	-6.71039136E-06	-3.67290511E-05	-2.30873078E-04	-2.74414951E-05	-4.25769343E-07	-4.90485338E-08	-3.73083568E-09	-4.05285592E-10
 7.800000E-02	 4.03360117E-05	 7.03093105E-05	 7.22747201E-05	 9.77869469E-05	 1.07185657E-04	-3.02918538E-06	-3.47554807E-08	-1.03871245E-07	-8.17286190E-09	-6.49581748E-11	 3.05220029E-05	 3.63766863E-05	-5.75783305E-06	-3.88004830E-05	-2.58109557E-04	-3.11537949E-05	-4.83676533E-07	-5.94422980E-08	-4.57503832E-09	-4.79438016E-10
 7.900000E-02	 4.17818714E-05	 7.48350596E-05	 7.88074293E-05	 1.09717850E-04	 1.27241150E-04	-2.73429127E-06	-2.67554536E-08	-1.19766171E-07	-9.55085952E-09	-8.27961983E-11	 3.27936614E-05	 4.03887691E-05	-4.54429298E-06	-4.07401339E-05	-2.87812996E-04	-3.52812781E-05	-5.47820157E-07	-7.17555737E-08	-5.59020630E-09	-5.64556366E-10
 8.000000E-02	 4.31765709E-05	 7.94840474E-05	 8.57491860E-05	 1.22847119E-04	 1.50428682E-04	-2.29229686E-06	-1.56031718E-08	-1.37689698E-07	-1.11232004E-08	-1.04389245E-10	 3.51552708E-05	 4.47291326E-05	-3.03769226E-06	-4.24923059E-05	-3.20102562E-04	-3.98583761E-05	-6.18619417E-07	-8.62938220E-08	-6.80641544E-09	-6.61906923E-10
 8.100000E-02	 4.45100787E-05	 8.42428325E-05	 9.31057472E-05	 1.37262165E-04	 1.77147581E-04	-1.67330470E-06	-6.74475533E-10	-1.57837562E-07	-1.29111672E-08	-1.30548926E-10	 3.76025446E-05	 4.94121099E-05	-1.20399351E-06	-4.39928830E-05	-3.55087602E-04	-4.49208291E-05	-6.96483486E-07	-1.03402681E-07	-8.25822042E-09	-7.72897095E-10
 8.200000E-02	 4.57721361E-05	 8.90960275E-05	 1.00880486E-04	 1.53052760E-04	 2.07836434E-04	-8.43341923E-07	 1.87383124E-08	-1.80415231E-07	-1.49376132E-08	-1.62250873E-10	 4.01302293E-05	 5.44512765E-05	 9.92731130E-07	-4.51686118E-05	-3.92864570E-04	-5.05054831E-05	-7.81800199E-07	-1.23471494E-07	-9.98524324E-09	-8.99126002E-10
 8.300000E-02	 4.69523251E-05	 9.40262315E-05	 1.09074063E-04	 1.70310482E-04	 2.42975340E-04	 2.36051015E-07	 4.34323886E-08	-2.05637262E-07	-1.72267784E-08	-2.00634894E-10	 4.27320537E-05	 5.98592434E-05	 3.59020169E-06	-4.59363502E-05	-4.33513279E-04	-5.66501029E-05	-8.74928079E-07	-1.46937042E-07	-1.20326588E-08	-1.04242092E-09
 8.400000E-02	 4.80401468E-05	 9.90139801E-05	 1.17684100E-04	 1.89128097E-04	 2.83088043E-04	 1.60821077E-06	 7.43003434E-08	-2.33726200E-07	-1.98040708E-08	-2.47031387E-10	 4.54006848E-05	 6.56474372E-05	 6.62779953E-06	-4.62023106E-05	-4.77092684E-04	-6.33931454E-05	-9.76186292E-07	-1.74287896E-07	-1.44517470E-08	-1.20483885E-09
 8.500000E-02	 4.90251087E-05	 1.04037714E-04	 1.26704835E-04	 2.09598843E-04	 3.28744020E-04	 3.32174851E-06	 1.12335527E-07	-2.64911180E-07	-2.26958767E-08	-3.02997778E-10	 4.81276900E-05	 7.18258670E-05	 1.01464008E-05	-4.58613077E-05	-5.23636207E-04	-7.07734769E-05	-1.08584266E-06	-2.06069117E-07	-1.73005488E-08	-1.38866100E-09
 8.600000E-02	 4.98968208E-05	 1.09073764E-04	 1.36126783E-04	 2.31815615E-04	 3.80560461E-04	 5.43096231E-06	 1.58637210E-07	-2.99426201E-07	-2.59293439E-08	-3.70367497E-10	 5.09035064E-05	 7.84028772E-05	 1.41881711E-05	-4.47960171E-05	-5.73146544E-04	-7.88300391E-05	-1.20410015E-06	-2.42887231E-07	-2.06445674E-08	-1.59638125E-09
 8.700000E-02	 5.06450990E-05	 1.14096357E-04	 1.45936383E-04	 2.55870024E-04	 4.39204088E-04	 7.99625904E-06	 2.14415543E-07	-3.37508072E-07	-2.95321452E-08	-4.51300397E-10	 5.37174170E-05	 8.53848873E-05	 1.87963190E-05	-4.28762539E-05	-6.25589939E-04	-8.76014650E-05	-1.33108173E-06	-2.85415405E-07	-2.45575223E-08	-1.83071122E-09
 8.800000E-02	 5.12600772E-05	 1.19077643E-04	 1.56115644E-04	 2.81851340E-04	 5.05392799E-04	 1.10845808E-05	 2.80996219E-07	-3.79394012E-07	-3.35322030E-08	-5.48340982E-10	 5.65575373E-05	 9.27761199E-05	 2.40148042E-05	-3.99582821E-05	-6.80889928E-04	-9.71256452E-05	-1.46681353E-06	-3.34398782E-07	-2.91221530E-08	-2.09458622E-09
 8.900000E-02	 5.17323268E-05	 1.23987749E-04	 1.66641790E-04	 3.09845311E-04	 5.79897167E-04	 1.47698312E-05	 3.59824902E-07	-4.25318966E-07	-3.79574115E-08	-6.64478839E-10	 5.94108104E-05	 1.00578318E-04	 2.98879982E-05	-3.58841628E-05	-7.38920522E-04	-1.07439253E-04	-1.61120613E-06	-3.90659870E-07	-3.44310930E-08	-2.39120347E-09
 9.000000E-02	 5.20529833E-05	 1.28794856E-04	 1.77486913E-04	 3.39932850E-04	 6.63541946E-04	 1.91333096E-05	 4.52472979E-07	-4.75512641E-07	-4.28353693E-08	-8.03193349E-10	 6.22630149E-05	 1.08790451E-04	 3.64602936E-05	-3.04811474E-05	-7.99498829E-04	-1.18577247E-04	-1.76403459E-06	-4.55103869E-07	-4.05878804E-08	-2.72407792E-09
 9.100000E-02	 5.22138826E-05	 1.33465315E-04	 1.88617643E-04	 3.72188654E-04	 7.57207953E-04	 2.42641839E-05	 5.60647422E-07	-5.30196446E-07	-4.81932096E-08	-9.68474932E-10	 6.50987871E-05	 1.17408425E-04	 4.37756615E-05	-2.35611186E-05	-8.62377030E-04	-1.30572291E-04	-1.92491378E-06	-5.28723513E-07	-4.77082006E-08	-3.09715096E-09
 9.200000E-02	 5.22077059E-05	 1.37963811E-04	 1.99994867E-04	 4.06679768E-04	 8.61834337E-04	 3.02600135E-05	 6.86191070E-07	-5.89582135E-07	-5.40574398E-08	-1.16475831E-09	 6.79016633E-05	 1.26424799E-04	 5.18771652E-05	-1.49201262E-05	-9.27233329E-04	-1.43453874E-04	-2.09325721E-06	-6.12603715E-07	-5.59214712E-08	-3.51492155E-09
 9.300000E-02	 5.20281205E-05	 1.42253523E-04	 2.11573378E-04	 4.43463648E-04	 9.78418660E-04	 3.72273973E-05	 8.31081345E-07	-6.53870153E-07	-6.04528548E-08	-1.39685358E-09	 7.06541242E-05	 1.35828465E-04	 6.08063893E-05	-4.33805846E-06	-9.93661523E-04	-1.57247557E-04	-2.26825171E-06	-7.07926531E-07	-6.53715693E-08	-3.98249985E-09
 9.400000E-02	 5.16699263E-05	 1.46296330E-04	 2.23301586E-04	 4.82586146E-04	 1.10801622E-03	 4.52825288E-05	 9.97426253E-07	-7.23246681E-07	-6.74013141E-08	-1.66995381E-09	 7.33376594E-05	 1.45604343E-04	 7.06028125E-05	 8.42158514E-06	-1.06115955E-03	-1.71974180E-04	-2.44882772E-06	-8.15977470E-07	-7.62177733E-08	-4.50557575E-09
 9.500000E-02	 5.11292081E-05	 1.50053067E-04	 2.35121263E-04	 5.24079379E-04	 1.25173897E-03	 5.45517266E-05	 1.18745652E-06	-7.97880280E-07	-7.49205478E-08	-1.98974940E-09	 7.59328518E-05	 1.55733079E-04	 8.13031165E-05	 2.36117708E-05	-1.12911697E-03	-1.87648935E-04	-2.63362430E-06	-9.38152787E-07	-8.86360519E-08	-5.09033007E-09
 9.600000E-02	 5.04034888E-05	 1.53483816E-04	 2.46967335E-04	 5.67959431E-04	 1.41075366E-03	 6.51719852E-05	 1.40351433E-06	-8.77918307E-07	-8.30228784E-08	-2.36251937E-09	 7.84194823E-05	 1.66190755E-04	 9.29404246E-05	 4.15018186E-05	-1.19680112E-03	-2.04280318E-04	-2.82094956E-06	-1.07596765E-06	-1.02820547E-07	-5.74334223E-09
 9.700000E-02	 4.94918828E-05	 1.56548254E-04	 2.58767719E-04	 6.14223870E-04	 1.58627922E-03	 7.72915484E-05	 1.64803805E-06	-9.63483239E-07	-9.17137425E-08	-2.79525233E-09	 8.07766557E-05	 1.76948620E-04	 1.05543467E-04	 6.23770769E-05	-1.26334197E-03	-2.21868959E-04	-3.00873675E-06	-1.23106525E-06	-1.18985281E-07	-6.47146145E-09
 9.800000E-02	 4.83952475E-05	 1.59206033E-04	 2.70443234E-04	 6.62849081E-04	 1.77958290E-03	 9.10705145E-05	 1.92354105E-06	-1.05466904E-06	-1.00989959E-07	-3.29574856E-09	 8.29829491E-05	 1.87972825E-04	 1.19135675E-04	 8.65383518E-05	-1.32771517E-03	-2.40406319E-04	-3.19449462E-06	-1.40522702E-06	-1.37365997E-07	-7.28169667E-09
 9.900000E-02	 4.71163290E-05	 1.61417218E-04	 2.81907567E-04	 7.13787451E-04	 1.99197526E-03	 1.06681470E-04	 2.23257913E-06	-1.15153758E-06	-1.10837535E-07	-3.87266432E-09	 8.50165853E-05	 1.99224204E-04	 1.33734196E-04	 1.14301062E-04	-1.38872312E-03	-2.59873280E-04	-3.37525567E-06	-1.60038470E-06	-1.58222427E-07	-8.18103674E-09
 1.000000E-01	 4.56599011E-05	 1.63142774E-04	 2.93067359E-04	 7.66964606E-04	 2.22480325E-03	 1.24310452E-04	 2.57771025E-06	-1.25411516E-06	-1.21228814E-07	-4.53554808E-09	 8.68556339E-05	 2.10658082E-04	 1.49348867E-04	 1.45994178E-04	-1.44497314E-03	-2.80238447E-04	-3.54754106E-06	-1.81863541E-06	-1.81840784E-07	-9.17625063E-09
 1.010000E-01	 4.40328943E-05	 1.64345110E-04	 3.03822375E-04	 8.22276739E-04	 2.47944138E-03	 1.44158807E-04	 2.96149357E-06	-1.36239199E-06	-1.32119411E-07	-5.29487453E-09	 8.84782407E-05	 2.22224125E-04	 1.65981097E-04	 1.81958977E-04	-1.49485317E-03	-3.01455127E-04	-3.70728852E-06	-2.06225981E-06	-2.08536976E-07	-1.02733399E-08
 1.020000E-01	 4.22445162E-05	 1.64988701E-04	 3.14065837E-04	 8.79586796E-04	 2.75727991E-03	 1.66442683E-04	 3.38642179E-06	-1.47630150E-06	-1.43442700E-07	-6.16348609E-09	 8.98628822E-05	 2.33866239E-04	 1.83622596E-04	 2.22546964E-04	-1.53650854E-03	-3.23458038E-04	-3.84968074E-06	-2.33375783E-06	-2.38661471E-07	-1.14756480E-08
 1.030000E-01	 4.03063407E-05	 1.65040742E-04	 3.23684845E-04	 9.38719865E-04	 3.05970553E-03	 1.91391443E-04	 3.85475227E-06	-1.59568614E-06	-1.55100606E-07	-7.15871759E-09	 9.09886406E-05	 2.45522473E-04	 2.02254027E-04	 2.68117134E-04	-1.56781768E-03	-3.46161154E-04	-3.96906599E-06	-2.63589190E-06	-2.72602025E-07	-1.27820223E-08
 1.040000E-01	 3.82323726E-05	 1.64471843E-04	 3.32561015E-04	 9.99459651E-04	 3.38807730E-03	 2.19247951E-04	 4.36834097E-06	-1.72027578E-06	-1.66954742E-07	-8.30359013E-09	 9.18355150E-05	 2.57125031E-04	 2.21843712E-04	 3.19033212E-04	-1.58636258E-03	-3.69454561E-04	-4.05893337E-06	-2.97171942E-06	-3.10785421E-07	-1.41867368E-08
 1.050000E-01	 3.60390875E-05	 1.63256797E-04	 3.40571327E-04	 1.06154468E-03	 3.74369773E-03	 2.50268594E-04	 4.92849350E-06	-1.84965985E-06	-1.78817462E-07	-9.62778052E-09	 9.23847593E-05	 2.68600367E-04	 2.42346236E-04	 3.75660000E-04	-1.58939689E-03	-3.93200764E-04	-4.11184460E-06	-3.34462433E-06	-3.53679029E-07	-1.56798166E-08
 1.060000E-01	 3.37454347E-05	 1.61375390E-04	 3.47589194E-04	 1.12466435E-03	 4.12777724E-03	 2.84722562E-04	 5.53577990E-06	-1.98325082E-06	-1.90441724E-07	-1.11688578E-08	 9.26192468E-05	 2.79869372E-04	 2.63701016E-04	 4.38358843E-04	-1.57381292E-03	-4.17230622E-04	-4.11936657E-06	-3.75835306E-06	-4.01791609E-07	-1.72471407E-08
 1.070000E-01	 3.13727974E-05	 1.58813257E-04	 3.53485804E-04	 1.18845504E-03	 4.54139029E-03	 3.22890592E-04	 6.18980560E-06	-2.12023950E-06	-2.01509180E-07	-1.29738462E-08	 9.25238611E-05	 2.90847670E-04	 2.85830867E-04	 5.07482214E-04	-1.53610772E-03	-4.41338800E-04	-4.07202488E-06	-4.21705542E-06	-4.55673155E-07	-1.88703907E-08
 1.080000E-01	 2.89449025E-05	 1.55562763E-04	 3.58131757E-04	 1.25249636E-03	 4.98542150E-03	 3.65063097E-04	 6.88893678E-06	-2.25953876E-06	-2.11616157E-07	-1.51011996E-08	 9.20859083E-05	 3.01446049E-04	 3.08640597E-04	 5.83367276E-04	-1.47234892E-03	-4.65278703E-04	-3.95928271E-06	-4.72532983E-06	-5.15913117E-07	-2.05269291E-08
 1.090000E-01	 2.64876718E-05	 1.51623919E-04	 3.61399039E-04	 1.31630760E-03	 5.46049983E-03	 4.11537520E-04	 7.62997554E-06	-2.39971310E-06	-2.20257242E-07	-1.76232598E-08	 9.12955474E-05	 3.11571029E-04	 3.32015657E-04	 6.66328315E-04	-1.37814171E-03	-4.88756887E-04	-3.76955520E-06	-5.28827232E-06	-5.83136577E-07	-2.21897059E-08
 1.100000E-01	 2.40290047E-05	 1.47005295E-04	 3.63163371E-04	 1.37934473E-03	 5.96691899E-03	 4.62614706E-04	 8.40778297E-06	-2.53889036E-06	-2.26806385E-07	-2.06292975E-08	 9.01462314E-05	 3.21125596E-04	 3.55820914E-04	 7.56647893E-04	-1.24859837E-03	-5.11426969E-04	-3.49027350E-06	-5.91152798E-06	-6.57997436E-07	-2.38272731E-08
 1.110000E-01	 2.15984864E-05	 1.41724932E-04	 3.63306974E-04	 1.44099815E-03	 6.50454216E-03	 5.18593964E-04	 9.21484494E-06	-2.67465215E-06	-2.30495473E-07	-2.42292421E-08	 8.86351528E-05	 3.30010124E-04	 3.79899628E-04	 8.54566679E-04	-1.07831271E-03	-5.32882911E-04	-3.10801086E-06	-6.60134223E-06	-7.41167927E-07	-2.54040472E-08
 1.120000E-01	 1.92270082E-05	 1.35811209E-04	 3.61721785E-04	 1.50059154E-03	 7.07268812E-03	 5.79766271E-04	 1.00407509E-05	-2.80390021E-06	-2.30390644E-07	-2.85582302E-08	 8.67636827E-05	 3.38123517E-04	 4.04072709E-04	 9.60271783E-04	-8.61343094E-04	-5.52651495E-04	-2.60870350E-06	-7.36461128E-06	-8.33322556E-07	-2.68809530E-08
 1.130000E-01	 1.69462949E-05	 1.29303628E-04	 3.58313067E-04	 1.55738168E-03	 7.66999268E-03	 6.46405870E-04	 1.08716564E-05	-2.92268870E-06	-2.25367442E-07	-3.37824439E-08	 8.45377737E-05	 3.45364518E-04	 4.28138310E-04	 1.07388298E-03	-5.91212766E-04	-5.70184837E-04	-1.97803989E-06	-8.20892561E-06	-9.35111371E-07	-2.82165075E-08
 1.140000E-01	 1.47883312E-05	 1.22253494E-04	 3.53003509E-04	 1.61056038E-03	 8.29424800E-03	 7.18759186E-04	 1.16897150E-05	-3.02601308E-06	-2.14086293E-07	-4.01066769E-08	 8.19683211E-05	 3.51633266E-04	 4.51871960E-04	 1.19543740E-03	-2.60933511E-04	-5.84853224E-04	-1.20202309E-06	-9.14259855E-06	-1.04712379E-06	-2.93690152E-08
 1.150000E-01	 1.27846873E-05	 1.14724426E-04	 3.45737744E-04	 1.65925898E-03	 8.94222065E-03	 7.97030698E-04	 1.24725154E-05	-3.10755257E-06	-1.94970787E-07	-4.77836833E-08	 7.90714571E-05	 3.56833102E-04	 4.75027392E-04	 1.32487278E-03	 1.36939181E-04	-5.95938584E-04	-2.67746459E-07	-1.01746686E-05	-1.16984189E-06	-3.03005714E-08
 1.160000E-01	 1.09657428E-05	 1.06792648E-04	 3.36487228E-04	 1.70255620E-03	 9.60945138E-03	 8.81365410E-04	 1.31925824E-05	-3.15936140E-06	-1.66192416E-07	-5.71252245E-08	 7.58687496E-05	 3.60872602E-04	 4.97338214E-04	 1.46200929E-03	 6.10208324E-04	-6.02629293E-04	 8.35574818E-07	-1.13148602E-05	-1.30358067E-06	-3.09836528E-08
 1.170000E-01	 9.35981883E-06	 9.85469888E-05	 3.25255349E-04	 1.73949004E-03	 1.02900425E-02	 9.71827569E-04	 1.38170220E-05	-3.17150760E-06	-1.25666672E-07	-6.85147017E-08	 7.23872740E-05	 3.63667838E-04	 5.18520624E-04	 1.60653047E-03	 1.16688220E-03	-6.04017351E-04	 2.11527767E-06	-1.25734830E-05	-1.44841413E-06	-3.14113306E-08
 1.180000E-01	 7.99223590E-06	 9.00885174E-05	 3.12082558E-04	 1.76907458E-03	 1.09764440E-02	 1.06837546E-03	 1.43074204E-05	-3.13166114E-06	-7.10670348E-08	-8.24209512E-08	 6.86595241E-05	 3.65144823E-04	 5.38277365E-04	 1.75796408E-03	 1.81495163E-03	-5.99099202E-04	 3.57360207E-06	-1.39612447E-05	-1.60408635E-06	-3.16123593E-08
 1.190000E-01	 6.88432711E-06	 8.15297351E-05	 2.97051243E-04	 1.79032244E-03	 1.16592546E-02	 1.17083241E-03	 1.46201348E-05	-3.02464073E-06	 1.34936407E-10	-9.94125502E-08	 6.47231257E-05	 3.65242095E-04	 5.56303108E-04	 1.91566367E-03	 2.56208330E-03	-5.86781773E-04	 5.20571468E-06	-1.54889482E-05	-1.76990880E-06	-3.16726508E-08
 1.200000E-01	 6.05245082E-06	 7.29932428E-05	 2.80289940E-04	 1.80227370E-03	 1.23270614E-02	 1.27885441E-03	 1.47071079E-05	-2.83193754E-06	 9.05936237E-08	-1.20171363E-07	 6.06203199E-05	 3.63913346E-04	 5.72291389E-04	 2.07879259E-03	 3.41521550E-03	-5.65895759E-04	 6.99739563E-06	-1.71670427E-05	-1.94464751E-06	-3.17648052E-08
 1.210000E-01	 5.50706417E-06	 6.46098100E-05	 2.61976350E-04	 1.80403022E-03	 1.29663479E-02	 1.39189894E-03	 1.45175266E-05	-2.53123538E-06	 2.02967003E-07	-1.45503533E-07	 5.63971771E-05	 3.61129903E-04	 5.85942993E-04	 2.24631086E-03	 4.38004272E-03	-5.35219847E-04	 8.92239798E-06	-1.90050057E-05	-2.12640593E-06	-3.21873414E-08
 1.220000E-01	 5.25192685E-06	 5.65158435E-05	 2.42338756E-04	 1.79479257E-03	 1.35615205E-02	 1.50920418E-03	 1.40009355E-05	-2.09596728E-06	 3.39745137E-07	-1.76344382E-07	 5.21025413E-05	 3.56882851E-04	 5.96975601E-04	 2.41696691E-03	 5.46040429E-03	-4.93518833E-04	 1.09402105E-05	-2.10104677E-05	-2.31252562E-06	-3.34151339E-08
 1.230000E-01	 5.28345569E-06	 4.88502685E-05	 2.21655727E-04	 1.77390617E-03	 1.40951190E-02	 1.62976256E-03	 1.31102223E-05	-1.49502783E-06	 5.03078479E-07	-2.13746277E-07	 4.77868435E-05	 3.51185234E-04	 6.05135345E-04	 2.58930845E-03	 6.65770001E-03	-4.39592058E-04	 1.29945662E-05	-2.31881175E-05	-2.49958484E-06	-3.61628373E-08
 1.240000E-01	 5.59031315E-06	 4.17508051E-05	 2.00253264E-04	 1.74090853E-03	 1.45481847E-02	 1.75230492E-03	 1.18054814E-05	-6.92777256E-07	 6.94575210E-07	-2.58842204E-07	 4.35007068E-05	 3.44073568E-04	 6.10208532E-04	 2.76170156E-03	 7.97031640E-03	-3.72327648E-04	 1.50125240E-05	-2.55384587E-05	-2.68344343E-06	-4.14499955E-08
 1.250000E-01	 6.15330642E-06	 3.53497649E-05	 1.78499058E-04	 1.69557483E-03	 1.49007972E-02	 1.87529893E-03	 1.00588461E-05	 3.50602413E-07	 9.15069181E-07	-3.12783659E-07	 3.92933935E-05	 3.35608543E-04	 6.12033186E-04	 2.93236055E-03	 9.39308609E-03	-2.90758908E-04	 1.69047056E-05	-2.80564634E-05	-2.85933906E-06	-5.06619452E-08
 1.260000E-01	 6.94565214E-06	 2.97695798E-05	 1.56793780E-04	 1.63795847E-03	 1.51327960E-02	 1.99696167E-03	 7.85972169E-06	 1.67839932E-06	 1.16438655E-06	-3.76656935E-07	 3.52111753E-05	 3.25874859E-04	 6.10509687E-04	 3.09938741E-03	 1.09168332E-02	-1.94126364E-04	 1.85669694E-05	-3.07301596E-05	-3.02205135E-06	-6.56026622E-08
 1.270000E-01	 7.93362622E-06	 2.51182265E-05	 1.35559363E-04	 1.56842369E-03	 1.52246707E-02	 2.11528893E-03	 5.22001517E-06	 3.33628144E-06	 1.44114086E-06	-4.51379230E-07	 3.12957260E-05	 3.14980097E-04	 6.05609939E-04	 3.26082288E-03	 1.25280684E-02	-8.19445067E-05	 1.98834823E-05	-3.35392412E-05	-3.16614238E-06	-8.85342175E-08
 1.280000E-01	 9.07760396E-06	 2.14847842E-05	 1.15224546E-04	 1.48766659E-03	 1.51585850E-02	 2.22810316E-03	 2.17900515E-06	 5.37077027E-06	 1.74258397E-06	-5.37573282E-07	 2.75826378E-05	 3.03052557E-04	 5.97384161E-04	 3.41470886E-03	 1.42088967E-02	 4.59358401E-05	 2.07314261E-05	-3.64538274E-05	-3.28627474E-06	-1.22194768E-07
 1.290000E-01	 1.03334682E-05	 1.89354150E-05	 9.62083195E-05	 1.39672127E-03	 1.49194744E-02	 2.33311946E-03	-1.19274037E-06	 7.82728210E-06	 2.06454287E-06	-6.35424072E-07	 2.41001705E-05	 2.90238034E-04	 5.85964322E-04	 3.55915766E-03	 1.59371883E-02	 1.89275164E-04	 2.09874545E-05	-3.94334944E-05	-3.37759638E-06	-1.69786460E-07
 1.300000E-01	 1.16543254E-05	 1.75100427E-05	 7.89021063E-05	 1.29694869E-03	 1.44961462E-02	 2.42802753E-03	-4.79102100E-06	 1.07477887E-05	 2.40146989E-06	-7.44524955E-07	 2.08683372E-05	 2.76695641E-04	 5.71563531E-04	 3.69242453E-03	 1.76870475E-02	 3.47407958E-04	 2.05356724E-05	-4.24267226E-05	-3.43616817E-06	-2.34925043E-07
 1.310000E-01	 1.29924390E-05	 1.72199988E-05	 6.36517709E-05	 1.19000687E-03	 1.38822884E-02	 2.51058634E-03	-8.47775693E-06	 1.41681967E-05	 2.74662667E-06	-8.63723951E-07	 1.78984099E-05	 2.62592809E-04	 5.54470926E-04	 3.81297792E-03	 1.94295864E-02	 5.19225685E-04	 1.92767242E-05	-4.53708932E-05	-3.45939875E-06	-3.21544865E-07
 1.320000E-01	 1.43012570E-05	 1.80468666E-05	 5.07407799E-05	 1.07780179E-03	 1.30772952E-02	 2.57872745E-03	-1.20833102E-05	 1.81155837E-05	 3.09241531E-06	-9.90983363E-07	 1.51929056E-05	 2.48099716E-04	 5.35041970E-04	 3.91956178E-03	 2.11339883E-02	 7.03184887E-04	 1.71375582E-05	-4.81929334E-05	-3.44644258E-06	-4.33755829E-07
 1.330000E-01	 1.55373697E-05	 1.99426659E-05	 4.03760346E-05	 9.62422531E-04	 1.20868017E-02	 2.63065304E-03	-1.54120694E-05	 2.26054684E-05	 3.43087655E-06	-1.12326517E-06	 1.27460809E-05	 2.33383540E-04	 5.13684532E-04	 4.01124844E-03	 2.27688324E-02	 8.97340063E-04	 1.40807691E-05	-5.08106885E-05	-3.39851632E-06	-5.75652455E-07
 1.340000E-01	 1.66622715E-05	 2.28314440E-05	 3.26776207E-05	 8.46064550E-04	 1.09228559E-02	 2.66492446E-03	-1.82509440E-05	 2.76393298E-05	 3.75430232E-06	-1.25646052E-06	 1.05448943E-05	 2.18602814E-04	 4.90841359E-04	 4.08747323E-03	 2.43035700E-02	 1.09940297E-03	 1.01126161E-05	-5.31350617E-05	-3.31906945E-06	-7.51078366E-07
 1.350000E-01	 1.76438032E-05	 2.66122003E-05	 2.76733268E-05	 7.30946038E-04	 9.60368706E-03	 2.68053458E-03	-2.03803320E-05	 3.32026037E-05	 4.05591125E-06	-1.38537927E-06	 8.57036474E-06	 2.03902263E-04	 4.66970185E-04	 4.14804825E-03	 2.57100351E-02	 1.30682453E-03	 5.28878287E-06	-5.50728530E-05	-3.21376591E-06	-9.63358099E-07
 1.360000E-01	 1.84571733E-05	 3.11629743E-05	 2.52985024E-05	 6.19223357E-04	 8.15306781E-03	 2.67695752E-03	-2.15868737E-05	 3.92633674E-05	 4.33052792E-06	-1.50381106E-06	 6.79921769E-06	 1.89408500E-04	 4.42522983E-04	 4.19315479E-03	 2.69638675E-02	 1.51689350E-03	-2.82963194E-07	-5.65301668E-05	-3.09025249E-06	-1.21501374E-06
 1.370000E-01	 1.90854967E-05	 3.63458303E-05	 2.54013650E-05	 5.12911733E-04	 6.59930379E-03	 2.65417167E-03	-2.16770291E-05	 4.57718749E-05	 4.57519739E-06	-1.60466416E-06	 5.20568462E-06	 1.75226830E-04	 4.17925916E-04	 4.22331495E-03	 2.80457284E-02	 1.72684462E-03	-6.44378107E-06	-5.74161911E-05	-2.95771139E-06	-1.50748734E-06
 1.380000E-01	 1.95198313E-05	 4.20124008E-05	 2.77533510E-05	 4.13816792E-04	 4.97392699E-03	 2.61265438E-03	-2.04903415E-05	 5.26610457E-05	 4.78966486E-06	-1.68018147E-06	 3.76330875E-06	 1.61439368E-04	 3.93561551E-04	 4.23934525E-03	 2.89422043E-02	 1.93396827E-03	-1.29886626E-05	-5.76471063E-05	-2.82621876E-06	-1.84089239E-06
 1.390000E-01	 1.97587409E-05	 4.80096104E-05	 3.20636454E-05	 3.23481375E-04	 3.31019690E-03	 2.55334953E-03	-1.79112022E-05	 5.98479297E-05	 4.97666026E-06	-1.72222572E-06	 2.44661402E-06	 1.48104544E-04	 3.69754700E-04	 4.24229641E-03	 2.96463262E-02	 2.13571322E-03	-1.96750653E-05	-5.71498547E-05	-2.70595593E-06	-2.21381662E-06
 1.400000E-01	 1.98074519E-05	 5.41852040E-05	 3.79966542E-05	 2.43150328E-04	 1.64153250E-03	 2.47761145E-03	-1.38780679E-05	 6.72360831E-05	 5.14194419E-06	-1.72261859E-06	 1.23251415E-06	 1.35257951E-04	 3.46762857E-04	 4.23338456E-03	 3.01576688E-02	 2.32977542E-03	-2.62346904E-05	-5.58655036E-05	-2.60634059E-06	-2.62319660E-06
 1.410000E-01	 1.96767010E-05	 6.03927455E-05	 4.51909998E-05	 1.73754479E-04	 0.00000000E+00	 2.38713068E-03	-8.38931367E-06	 7.47187062E-05	 5.29409839E-06	-1.67351217E-06	 1.01369464E-07	 1.22914405E-04	 3.24771828E-04	 4.21392053E-03	 3.04820377E-02	 2.51416484E-03	-3.23876278E-05	-5.37519671E-05	-2.53515949E-06	-3.06427800E-06
 1.420000E-01	 1.93814096E-05	 6.64957962E-05	 5.32784938E-05	 1.15918655E-04	-1.58502376E-03	 2.28385225E-03	-1.50484745E-06	 8.21823386E-05	 5.44405395E-06	-1.56776796E-06	-9.62352502E-07	 1.11070968E-04	 3.03896382E-04	 4.18524200E-03	 3.06307860E-02	 2.68724472E-03	-3.78577251E-05	-5.07858701E-05	-2.49778953E-06	-3.53066779E-06
 1.430000E-01	 1.89393585E-05	 7.23710360E-05	 6.19008672E-05	 6.99815586E-05	-3.08789746E-03	 2.16988678E-03	 6.65715957E-06	 8.95109079E-05	 5.60434343E-06	-1.39932332E-06	-1.96979357E-06	 9.97104817E-05	 2.84185035E-04	 4.14865144E-03	 3.06198228E-02	 2.84776391E-03	-4.23868403E-05	-4.69636327E-05	-2.49662068E-06	-4.01447658E-06
 1.440000E-01	 1.83699338E-05	 7.79103295E-05	 7.07236364E-05	 3.60164758E-05	-4.48744065E-03	 2.04741313E-03	 1.59271711E-05	 9.65898715E-05	 5.78822210E-06	-1.16351425E-06	-2.92777970E-06	 8.88052894E-05	 2.65628478E-04	 4.10537175E-03	 3.04684476E-02	 2.99486711E-03	-4.57476291E-05	-4.23016358E-05	-2.53071804E-06	-4.50654783E-06
 1.450000E-01	 1.76930161E-05	 8.30217942E-05	 7.94468238E-05	 1.38669613E-05	-5.76730371E-03	 1.91860026E-03	 2.60938208E-05	 1.03310162E-04	 6.00874365E-06	-8.57332901E-07	-3.83919094E-06	 7.83211118E-05	 2.48170751E-04	 4.05650967E-03	 3.01981148E-02	 3.12807443E-03	-4.77542556E-05	-3.68352187E-05	-2.59572585E-06	-4.99677452E-06
 1.460000E-01	 1.69280800E-05	 8.76299634E-05	 8.78120723E-05	 3.19127181E-06	-6.91599914E-03	 1.78554481E-03	 3.69156483E-05	 1.09571692E-04	 6.27785814E-06	-4.79600147E-07	-4.70355560E-06	 6.82207723E-05	 2.31721722E-04	 4.00302831E-03	 2.98312217E-02	 3.24724442E-03	-4.82699455E-05	-3.06167477E-05	-2.68401868E-06	-5.47447477E-06
 1.470000E-01	 1.60935314E-05	 9.16751924E-05	 9.56060964E-05	 3.50366019E-06	-7.92664911E-03	 1.65021792E-03	 4.81340129E-05	 1.15286230E-04	 6.60560444E-06	-3.10425137E-08	-5.51779207E-06	 5.84674802E-05	 2.16169811E-04	 3.94573305E-03	 2.93900063E-02	 3.35252933E-03	-4.72110584E-05	-2.37130616E-05	-2.78508512E-06	-5.92879019E-06
 1.480000E-01	 1.52062847E-05	 9.51124868E-05	 1.02660875E-04	 1.42124227E-05	-8.79651163E-03	 1.51442733E-03	 5.94859882E-05	 1.20379535E-04	 6.99945790E-06	 4.85726326E-07	-6.27701759E-06	 4.90275516E-05	 2.01394088E-04	 3.88526837E-03	 2.88956192E-02	 3.44432455E-03	-4.45477958E-05	-1.62024659E-05	-2.88610161E-06	-6.34908159E-06
 1.490000E-01	 1.42815559E-05	 9.79099584E-05	 1.08851238E-04	 3.46532708E-05	-9.52635746E-03	 1.37979371E-03	 7.07163275E-05	 1.24792701E-04	 7.46387877E-06	 1.06631295E-06	-6.97535623E-06	 3.98724952E-05	 1.87274999E-04	 3.82212330E-03	 2.83674065E-02	 3.52321655E-03	-4.03017964E-05	-8.17149852E-06	-2.97263962E-06	-6.72529819E-06
 1.500000E-01	 1.33328304E-05	 1.00047103E-04	 1.14090615E-04	 6.41168874E-05	-1.01197703E-02	 1.24773958E-03	 8.15876683E-05	 1.28482723E-04	 8.00008618E-06	 1.70472829E-06	-7.60669456E-06	 3.09804593E-05	 1.73703260E-04	 3.75664308E-03	 2.78224167E-02	 3.58993241E-03	-3.45411340E-05	 2.88324796E-07	-3.02944118E-06	-7.04830042E-06
 1.510000E-01	 1.23719482E-05	 1.01513077E-04	 1.18325816E-04	 1.01870502E-04	-1.05824387E-02	 1.11948787E-03	 9.18883509E-05	 1.31422319E-04	 8.60606160E-06	 2.39363202E-06	-8.16535223E-06	 2.23370817E-05	 1.60586750E-04	 3.68904678E-03	 2.72751242E-02	 3.64529054E-03	-2.73734481E-05	 9.08359494E-06	-3.04119697E-06	-7.31012000E-06
 1.520000E-01	 1.14092688E-05	 1.02305107E-04	 1.21531592E-04	 1.47174370E-04	-1.09214887E-02	 9.96068135E-04	 1.01438011E-04	 1.33599122E-04	 9.27674827E-06	 3.12461578E-06	-8.64662910E-06	 1.39357748E-05	 1.47855052E-04	 3.61945126E-03	 2.67373419E-02	 3.69015107E-03	-1.89379935E-05	 1.81217638E-05	-2.99328608E-06	-7.50414850E-06
 1.530000E-01	 1.04539377E-05	 1.02426994E-04	 1.23704461E-04	 1.99293807E-04	-1.11448555E-02	 8.78330487E-04	 1.10091355E-04	 1.35014592E-04	 1.00043579E-05	 3.88850097E-06	-9.04713759E-06	 5.77756444E-06	 1.35461150E-04	 3.54788477E-03	 2.62182817E-02	 3.72539005E-03	-9.39622226E-06	 2.73135229E-05	-2.87249641E-06	-7.62527140E-06
 1.540000E-01	 9.51414988E-06	 1.01887905E-04	 1.24857125E-04	 2.57504989E-04	-1.12607553E-02	 7.66962890E-04	 1.17739408E-04	 1.35682515E-04	 1.07788274E-05	 4.67564497E-06	-9.36499664E-06	-2.12939831E-06	 1.23381267E-04	 3.47430218E-03	 2.57247331E-02	 3.75187665E-03	 1.07765279E-06	 3.65748001E-05	-2.66759855E-06	-7.66993149E-06
 1.550000E-01	 8.59736456E-06	 1.00701492E-04	 1.25014095E-04	 3.21097167E-04	-1.12772771E-02	 6.62509304E-04	 1.24308578E-04	 1.35627265E-04	 1.15883805E-05	 5.47623860E-06	-9.59992451E-06	-9.77053594E-06	 1.11613459E-04	 3.39860031E-03	 2.52613127E-02	 3.77045375E-03	 1.23051294E-05	 4.58282878E-05	-2.36973554E-06	-7.63612471E-06
 1.560000E-01	 7.71045647E-06	 9.88852963E-05	 1.24208536E-04	 3.89372625E-04	-1.12020909E-02	 5.65387589E-04	 1.29758034E-04	 1.34881950E-04	 1.24201316E-05	 6.28058020E-06	-9.75325201E-06	-1.71256707E-05	 1.00175373E-04	 3.32063175E-03	 2.48307453E-02	 3.78192350E-03	 2.41106026E-05	 5.50045094E-05	-1.97263455E-06	-7.52333811E-06
 1.570000E-01	 6.85979873E-06	 9.64603968E-05	 1.22480253E-04	 4.61644969E-04	-1.10422571E-02	 4.75906712E-04	 1.34075976E-04	 1.33486583E-04	 1.32606785E-05	 7.07931499E-06	-9.82787630E-06	-2.41699129E-05	 8.91015077E-05	 3.24021706E-03	 2.44341473E-02	 3.78703701E-03	 3.63271199E-05	 6.40424648E-05	-1.47265832E-06	-7.33244214E-06
 1.580000E-01	 6.05128044E-06	 9.34512694E-05	 1.19874611E-04	 5.37236157E-04	-1.08041194E-02	 3.94283561E-04	 1.37275329E-04	 1.31486339E-04	 1.40966460E-05	 7.86363354E-06	-9.82817189E-06	-3.08745659E-05	 7.84402574E-05	 3.15715549E-03	 2.40712895E-02	 3.78648732E-03	 4.88007198E-05	 7.28899155E-05	-8.68723706E-07	-7.06554923E-06
 1.590000E-01	 5.29026828E-06	 8.98857966E-05	 1.16442306E-04	 6.15475452E-04	-1.04932644E-02	 3.20657152E-04	 1.39389049E-04	 1.28929963E-04	 1.49151551E-05	 8.62542652E-06	-9.75986836E-06	-3.72080116E-05	 6.82508094E-05	 3.07123410E-03	 2.37408273E-02	 3.78090575E-03	 6.13936081E-05	 8.15033757E-05	-1.62117598E-07	-6.72585018E-06
 1.600000E-01	 4.58151424E-06	 8.57953956E-05	 1.12239945E-04	 6.95697278E-04	-1.01145353E-02	 2.55097301E-04	 1.40465633E-04	 1.25868372E-04	 1.57041916E-05	 9.35739503E-06	-9.62989885E-06	-4.31366112E-05	 5.85999018E-05	 2.98223592E-03	 2.34404933E-02	 3.77086064E-03	 7.39861746E-05	 8.98478434E-05	 6.43762451E-07	-6.31743805E-06
 1.610000E-01	 3.92903182E-06	 8.12152054E-05	 1.07330795E-04	 7.77234741E-04	-9.67208346E-03	 1.97615707E-04	 1.40565408E-04	 1.22353514E-04	 1.64528744E-05	 1.00531198E-05	-9.44622755E-06	-4.86256128E-05	 4.95587324E-05	 2.88994762E-03	 2.31672489E-02	 3.75685760E-03	 8.64778568E-05	 9.78963870E-05	 1.54371145E-06	-5.84513523E-06
 1.620000E-01	 3.33595703E-06	 7.61842842E-05	 1.01785522E-04	 8.59415720E-04	-9.16943872E-03	 1.48177020E-04	 1.39757122E-04	 1.18437420E-04	 1.71516427E-05	 1.07070969E-05	-9.21766429E-06	-5.36399917E-05	 4.12001328E-05	 2.79416538E-03	 2.29173952E-02	 3.73934246E-03	 9.87873633E-05	 1.05629702E-04	 2.53104453E-06	-5.31432995E-06
 1.630000E-01	 2.80436764E-06	 7.07458416E-05	 9.56834806E-05	 9.41561703E-04	-8.60959858E-03	 1.06706730E-04	 1.38114680E-04	 1.14171377E-04	 1.77923720E-05	 1.13147403E-05	-8.95369386E-06	-5.81452958E-05	 3.35960264E-05	 2.69470432E-03	 2.26866502E-02	 3.71869800E-03	 1.10852063E-04	 1.13035527E-04	 3.59795369E-06	-4.73081533E-06
 1.640000E-01	 2.33510116E-06	 6.49474311E-05	 8.91139093E-05	 1.02298656E-03	-7.99513242E-03	 7.30973646E-05	 1.35714723E-04	 1.09605325E-04	 1.83684067E-05	 1.18723579E-05	-8.66428302E-06	-6.21085043E-05	 2.68148132E-05	 2.59140623E-03	 2.24701958E-02	 3.69524362E-03	 1.22626963E-04	 1.20108017E-04	 4.73583901E-06	-4.10064471E-06
 1.650000E-01	 1.92759094E-06	 5.88410669E-05	 8.21767630E-05	 1.10299535E-03	-7.32829676E-03	 4.72137959E-05	 1.32634996E-04	 1.04787472E-04	 1.88745208E-05	 1.23771036E-05	-8.35965119E-06	-6.54989148E-05	 2.09185994E-05	 2.48414649E-03	 2.22627027E-02	 3.66923659E-03	 1.34083600E-04	 1.26847127E-04	 5.93560017E-06	-3.43000682E-06
 1.660000E-01	 1.57973210E-06	 5.24832467E-05	 7.49830824E-05	 1.18088371E-03	-6.61116292E-03	 2.88974812E-05	 1.28953428E-04	 9.97640705E-05	 1.93068236E-05	 1.28269116E-05	-8.05000117E-06	-6.82890699E-05	 1.59602193E-05	 2.37284098E-03	 2.20583385E-02	 3.64087362E-03	 1.45208912E-04	 1.33258032E-04	 7.18788833E-06	-2.72511871E-06
 1.670000E-01	 1.28779312E-06	 4.59348551E-05	 6.76547800E-05	 1.25593792E-03	-5.84576024E-03	 1.79696287E-05	 1.24747880E-04	 9.45793650E-05	 1.96626226E-05	 1.32204164E-05	-7.74520872E-06	-7.04557258E-05	 1.19800425E-05	 2.25745306E-03	 2.18507673E-02	 3.61029256E-03	 1.56004091E-04	 1.39350560E-04	 8.48332302E-06	-1.99213567E-06
 1.680000E-01	 1.04638968E-06	 3.92609198E-05	 6.03236895E-05	 1.32743573E-03	-5.03423843E-03	 1.42332910E-05	 1.20096527E-04	 8.92756916E-05	 1.99402569E-05	 1.35568605E-05	-7.45447438E-06	-7.19808579E-05	 9.00262162E-06	 2.13800059E-03	 2.16331482E-02	 3.57757424E-03	 1.66483369E-04	 1.45138659E-04	 9.81268098E-06	-1.23707651E-06
 1.690000E-01	 8.48537568E-07	 3.25301878E-05	 5.31297318E-05	 1.39464825E-03	-4.17905154E-03	 1.74743666E-05	 1.15078794E-04	 8.38937134E-05	 2.01389127E-05	 1.38359948E-05	-7.18594664E-06	-7.28526893E-05	 7.03329838E-06	 2.01456319E-03	 2.13981449E-02	 3.54274420E-03	 1.76672666E-04	 1.50639878E-04	 1.11670661E-05	-4.65759519E-07
 1.700000E-01	 6.85801533E-07	 2.58144932E-05	 4.62180711E-05	 1.45684277E-03	-3.28316491E-03	 2.74614816E-05	 1.09776810E-04	 7.84727876E-05	 2.02584330E-05	 1.40579723E-05	-6.94633265E-06	-7.30667149E-05	 6.05495311E-06	 1.88728973E-03	 2.11379567E-02	 3.50577444E-03	 1.86607968E-04	 1.55874837E-04	 1.25380702E-05	 3.16254697E-07
 1.710000E-01	 5.48554146E-07	 1.91878899E-05	 3.97351862E-05	 1.51328691E-03	-2.35028194E-03	 4.39445128E-05	 1.04277258E-04	 7.30514533E-05	 2.02991339E-05	 1.42232415E-05	-6.74051953E-06	-7.26266798E-05	 6.02515151E-06	 1.75640564E-03	 2.08443864E-02	 3.46658600E-03	 1.96333324E-04	 1.60866679E-04	 1.39179360E-05	 1.10371848E-06
 1.720000E-01	 4.26344391E-07	 1.27255433E-05	 3.38239397E-05	 1.56325431E-03	-1.38508052E-03	 6.66510369E-05	 9.86732825E-05	 6.76679968E-05	 2.02616488E-05	 1.43324439E-05	-6.57124088E-06	-7.15454495E-05	 6.87408061E-06	 1.62221976E-03	 2.05089598E-02	 3.42505309E-03	 2.05898348E-04	 1.65640485E-04	 1.52997343E-05	 1.89175668E-06
 1.730000E-01	 3.08342486E-07	 6.50236652E-06	 2.86180051E-05	 1.60603496E-03	-3.93441298E-04	 9.52807611E-05	 9.30658478E-05	 6.23609903E-05	 2.01468223E-05	 1.43863172E-05	-6.43883570E-06	-6.98457418E-05	 8.50370873E-06	 1.48513381E-03	 2.01231091E-02	 3.38100334E-03	 2.15354881E-04	 1.70222495E-04	 1.66775591E-05	 2.67593488E-06
 1.740000E-01	 1.83872437E-07	 5.91416014E-07	 2.42355926E-05	 1.64094419E-03	 6.17343681E-04	 1.29499464E-04	 8.75650289E-05	 5.71698596E-05	 1.99556619E-05	 1.43856144E-05	-6.34111998E-06	-6.75606481E-05	 1.07884292E-05	 1.34565218E-03	 1.96784260E-02	 3.33421970E-03	 2.24752805E-04	 1.74639203E-04	 1.80467195E-05	 3.45233349E-06
 1.750000E-01	 4.30033888E-08	-4.93792327E-06	 2.07728098E-05	 1.66733545E-03	 1.63841099E-03	 1.68935860E-04	 8.22910460E-05	 5.21354317E-05	 1.96893569E-05	 1.43310443E-05	-6.27338811E-06	-6.47338149E-05	 1.35775025E-05	 1.20439023E-03	 1.91669897E-02	 3.28444181E-03	 2.34135212E-04	 1.78916357E-04	 1.94039232E-05	 4.21762782E-06
 1.760000E-01	-1.22833816E-07	-1.00218763E-05	 1.82973725E-05	 1.68462232E-03	 2.65923895E-03	 2.13172666E-04	 7.73738753E-05	 4.73002973E-05	 1.93493586E-05	 1.42232384E-05	-6.22855996E-06	-6.14192007E-05	 1.66989592E-05	 1.06207589E-03	 1.85817661E-02	 3.23137190E-03	 2.43533564E-04	 1.83077811E-04	 2.07474385E-05	 4.96918072E-06
 1.770000E-01	-3.20244974E-07	-1.46042730E-05	 1.68429482E-05	 1.69230012E-03	 3.66765636E-03	 2.61734259E-04	 7.29513939E-05	 4.27089335E-05	 1.89375403E-05	 1.40627537E-05	-6.19750732E-06	-5.76804497E-05	 1.99652222E-05	 9.19548518E-04	 1.79170707E-02	 3.17468605E-03	 2.52962760E-04	 1.87144192E-04	 2.20772078E-05	 5.70514092E-06
 1.780000E-01	-5.53350869E-07	-1.86385161E-05	 1.64046695E-05	 1.68996711E-03	 4.64997594E-03	 3.14078003E-04	 6.91664174E-05	 3.84075617E-05	 1.84564391E-05	 1.38501173E-05	-6.16955657E-06	-5.35898144E-05	 2.31807336E-05	 7.77756355E-04	 1.71690652E-02	 3.11404713E-03	 2.62416182E-04	 1.91131499E-04	 2.33948909E-05	 6.42453460E-06
 1.790000E-01	-8.23400888E-07	-2.20893829E-05	 1.69366309E-05	 1.67734893E-03	 5.59127529E-03	 3.69587049E-04	 6.61622402E-05	 3.44436602E-05	 1.79095637E-05	 1.35859128E-05	-6.13314055E-06	-4.92265869E-05	 2.61510309E-05	 6.37748542E-04	 1.63362493E-02	 3.04912038E-03	 2.71861398E-04	 1.95049682E-04	 2.47038191E-05	 7.12734053E-06
 1.800000E-01	-1.12856925E-06	-2.49345243E-05	 1.83518182E-05	 1.65432453E-03	 6.47583462E-03	 4.27565034E-04	 6.40766529E-05	 3.08650798E-05	 1.73017379E-05	 1.32709090E-05	-6.07656163E-06	-4.46750705E-05	 2.86926381E-05	 5.00660032E-04	 1.54199031E-02	 2.97959292E-03	 2.81237076E-04	 1.98901332E-04	 2.60088364E-05	 7.81453715E-06
 1.810000E-01	-1.46397046E-06	-2.71655342E-05	 2.05247460E-05	 1.62095110E-03	 7.28772417E-03	 4.87234719E-04	 6.30347745E-05	 2.77187578E-05	 1.66394481E-05	 1.29062239E-05	-5.98881107E-06	-4.00221580E-05	 3.06431165E-05	 3.67689033E-04	 1.44244285E-02	 2.90519574E-03	 2.90451563E-04	 2.02680558E-04	 2.73160082E-05	 8.48810753E-06
 1.820000E-01	-1.82190798E-06	-2.87884757E-05	 2.32968528E-05	 1.57748564E-03	 8.01151427E-03	 5.47742172E-04	 6.31412681E-05	 2.50490769E-05	 1.59311488E-05	 1.24935124E-05	-5.86037588E-06	-3.53546223E-05	 3.18704475E-05	 2.40066843E-04	 1.33575397E-02	 2.82572722E-03	 2.99383530E-04	 2.06372194E-04	 2.86321916E-05	 9.15098972E-06
 1.830000E-01	-2.19233592E-06	-2.98237677E-05	 2.64843162E-05	 1.52439896E-03	 8.63306189E-03	 6.08167234E-04	 6.44726105E-05	 2.28959513E-05	 1.51874740E-05	 1.20351639E-05	-5.68396312E-06	-3.07562611E-05	 3.22808392E-05	 1.19019557E-04	 1.22302653E-02	 2.74107954E-03	 3.07885070E-04	 2.09951509E-04	 2.99644892E-05	 9.80696675E-06
 1.840000E-01	-2.56351993E-06	-3.03054006E-05	 2.98879716E-05	 1.46238195E-03	 9.14032095E-03	 6.67540827E-04	 6.70699798E-05	 2.12927479E-05	 1.44213207E-05	 1.15344896E-05	-5.45507353E-06	-2.63050621E-05	 3.18243272E-05	 5.72457208E-06	 1.10567277E-02	 2.65126277E-03	 3.15787206E-04	 2.13384471E-04	 3.13196028E-05	 1.04604902E-05
 1.850000E-01	-2.92284733E-06	-3.02794824E-05	 3.33046525E-05	 1.39234162E-03	 9.52410653E-03	 7.24869146E-04	 7.09335443E-05	 2.02641982E-05	 1.36477663E-05	 1.09958765E-05	-5.17236570E-06	-2.20705791E-05	 3.04974994E-05	-9.87363941E-05	 9.85368791E-03	 2.55642490E-03	 3.22907609E-04	 2.16628598E-04	 3.27031303E-05	 1.11164387E-05
 1.860000E-01	-3.25771516E-06	-2.98021824E-05	 3.65390135E-05	 1.31538504E-03	 9.77873888E-03	 7.79164007E-04	 7.60188665E-05	 1.98244816E-05	 1.28837973E-05	 1.04248888E-05	-4.83777190E-06	-1.81116998E-05	 2.83429654E-05	-1.93425032E-04	 8.63987016E-03	 2.45686610E-03	 3.29060110E-04	 2.19634433E-04	 3.41188579E-05	 1.17798216E-05
 1.870000E-01	-3.55641469E-06	-2.89371903E-05	 3.94148052E-05	 1.23279089E-03	 9.90249835E-03	 8.29477536E-04	 8.22359469E-05	 1.99756547E-05	 1.21478394E-05	 9.82829669E-06	-4.45635075E-06	-1.44749628E-05	 2.54455133E-05	-2.77591599E-04	 7.43510632E-03	 2.35304505E-03	 3.34065321E-04	 2.22347600E-04	 3.55681144E-05	 1.24554439E-05
 1.880000E-01	-3.80893063E-06	-2.77528660E-05	 4.17846062E-05	 1.14596915E-03	 9.89783738E-03	 8.74938945E-04	 8.94512783E-05	 2.07066101E-05	 1.14591102E-05	 9.21402000E-06	-4.03589080E-06	-1.11935362E-05	 2.19253111E-05	-3.50712691E-04	 6.25936136E-03	 2.24557499E-03	 3.37761381E-04	 2.24711305E-04	 3.70492454E-05	 1.31475541E-05
 1.890000E-01	-4.00758413E-06	-2.63192786E-05	 4.35371908E-05	 1.05641111E-03	 9.77131842E-03	 9.14792336E-04	 9.74930929E-05	 2.19927777E-05	 1.08368394E-05	 8.59098326E-06	-3.58630874E-06	-8.28693526E-06	 1.79288897E-05	-4.12516500E-04	 5.13171643E-03	 2.13520908E-03	 3.40014062E-04	 2.26669124E-04	 3.85572642E-05	 1.38595005E-05
 1.900000E-01	-4.14745824E-06	-2.47052976E-05	 4.46020021E-05	 9.65632565E-04	 9.53326579E-03	 9.48427685E-04	 1.06158956E-04	 2.37963906E-05	 1.02993792E-05	 7.96887905E-06	-3.11889912E-06	-5.76146314E-06	 1.36183624E-05	-4.62998537E-04	 4.06940311E-03	 2.02281859E-03	 3.40725468E-04	 2.28167927E-04	 4.00837375E-05	 1.45934332E-05
 1.910000E-01	-4.22658104E-06	-2.29759743E-05	 4.49502874E-05	 8.75114893E-04	 9.19717026E-03	 9.75406345E-04	 1.15225521E-04	 2.60675554E-05	 9.86330715E-06	 7.35785655E-06	-2.64551339E-06	-3.61131558E-06	 9.16015137E-06	-5.02421852E-04	 3.08696902E-03	 1.90936040E-03	 3.39840209E-04	 2.29160644E-04	 4.16169099E-05	 1.53500671E-05
 1.920000E-01	-4.24586235E-06	-2.11903703E-05	 4.45930889E-05	 7.86248013E-04	 8.77889531E-03	 9.95477438E-04	 1.24459688E-04	 2.87460352E-05	 9.54259423E-06	 6.76815588E-06	-2.17775245E-06	-1.82022935E-06	 4.71433331E-06	-5.31300519E-04	 2.19564686E-03	 1.79583637E-03	 3.37348437E-04	 2.29608634E-04	 4.31420662E-05	 1.61285281E-05
 1.930000E-01	-4.20879963E-06	-1.93999342E-05	 4.35762843E-05	 7.00277594E-04	 8.29576209E-03	 1.00858370E-03	 1.33630071E-04	 3.17635612E-05	 9.34789918E-06	 6.20971743E-06	-1.72625890E-06	-3.63527781E-07	 4.25448418E-07	-5.50368835E-04	 1.40298575E-03	 1.68325326E-03	 3.33286015E-04	 2.29483688E-04	 4.46421440E-05	 1.69263112E-05
 1.940000E-01	-4.12101581E-06	-1.76474877E-05	 4.19736760E-05	 6.18264085E-04	 7.76559775E-03	 1.01485580E-03	 1.42517759E-04	 3.50465126E-05	 9.28605519E-06	 5.69179424E-06	-1.30015302E-06	 7.89639694E-07	-3.58450308E-06	-5.60539198E-04	 7.12749712E-04	 1.57258199E-03	 3.27731705E-04	 2.28769345E-04	 4.60985106E-05	 1.77393408E-05
 1.950000E-01	-3.98968933E-06	-1.59668170E-05	 3.98789151E-05	 5.41055167E-04	 7.20582732E-03	 1.01459603E-03	 1.50925589E-04	 3.85187637E-05	 9.35979012E-06	 5.22259793E-06	-9.06646701E-07	 1.67402897E-06	-7.22059435E-06	-5.62852499E-04	 1.25071065E-04	 1.46471993E-03	 3.20801759E-04	 2.27461483E-04	 4.74918366E-05	 1.85621293E-05
 1.960000E-01	-3.82294008E-06	-1.43828201E-05	 3.73970644E-05	 4.69272319E-04	 6.63267990E-03	 1.00825344E-03	 1.58685322E-04	 4.21044929E-05	 9.56769351E-06	 4.80900417E-06	-5.50849528E-07	 2.32616224E-06	-1.04169329E-05	-5.58425012E-04	-3.63174367E-04	 1.36045936E-03	 3.12642573E-04	 2.25568197E-04	 4.88030003E-05	 1.93880174E-05
 1.970000E-01	-3.62923179E-06	-1.29121173E-05	 3.46365786E-05	 4.03311446E-04	 6.06056261E-03	 9.96392686E-04	 1.65662385E-04	 4.57307700E-05	 9.90442123E-06	 4.45633632E-06	-2.35758236E-07	 2.78244908E-06	-1.31362167E-05	-5.48395954E-04	-7.57823278E-04	 1.26046418E-03	 3.03422159E-04	 2.23109037E-04	 5.00139516E-05	 2.02094773E-05
 1.980000E-01	-3.41684113E-06	-1.15640092E-05	 3.17023339E-05	 3.43356160E-04	 5.50163343E-03	 9.79659562E-04	 1.71758071E-04	 4.93297705E-05	 1.03611074E-05	 4.16823846E-06	 3.75964529E-08	 3.07765562E-06	-1.53672790E-05	-5.33879551E-04	-1.06677629E-03	 1.16525597E-03	 2.93321231E-04	 2.20113716E-04	 5.11084728E-05	 2.10184518E-05
 1.990000E-01	-3.19342961E-06	-1.03416495E-05	 2.86901487E-05	 2.89401480E-04	 4.96558048E-03	 9.58745907E-04	 1.76909373E-04	 5.28405156E-05	 1.09259395E-05	 3.94664030E-06	 2.69884471E-07	 3.24376719E-06	-1.71211586E-05	-5.15924515E-04	-1.29931141E-03	 1.07520932E-03	 2.82524587E-04	 2.16620424E-04	 5.20727879E-05	 2.18067023E-05
 2.000000E-01	-2.96573728E-06	-9.24331380E-06	 2.56830070E-05	 2.41284860E-04	 4.45959408E-03	 9.34356596E-04	 1.81086801E-04	 5.62100902E-05	 1.15848433E-05	 3.79180949E-06	 4.63136660E-07	 3.30924481E-06	-1.84263195E-05	-4.95482810E-04	-1.46542066E-03	 9.90555714E-04	 2.71213379E-04	 2.12673899E-04	 5.28959877E-05	 2.25661411E-05
 2.010000E-01	-2.73939970E-06	-8.26364890E-06	 2.27488562E-05	 1.98719859E-04	 3.98850318E-03	 9.07181624E-04	 1.84290659E-04	 5.93943134E-05	 1.23222030E-05	 3.70247527E-06	 6.20373693E-07	 3.29863974E-06	-1.93236238E-05	-4.73389711E-04	-1.57521994E-03	 9.11395453E-04	 2.59558952E-04	 2.08323483E-04	 5.35702806E-05	 2.32891325E-05
 2.020000E-01	-2.51888262E-06	-7.39482102E-06	 1.99399171E-05	 1.61329894E-04	 3.55503386E-03	 8.77873985E-04	 1.86546364E-04	 6.23579201E-05	 1.31215700E-05	 3.67600817E-06	 7.45241702E-07	 3.23251768E-06	-1.98614398E-05	-4.50354148E-04	-1.63846664E-03	 8.37715080E-04	 2.47718393E-04	 2.03621293E-04	 5.40910690E-05	 2.39687457E-05
 2.030000E-01	-2.30751373E-06	-6.62751228E-06	 1.72934722E-05	 1.28682742E-04	 3.16013650E-03	 8.47031669E-04	 1.87899252E-04	 6.50743525E-05	 1.39663417E-05	 3.70864317E-06	 8.41693984E-07	 3.12763629E-06	-2.00913629E-05	-4.26956965E-04	-1.66420207E-03	 7.69405211E-04	 2.35831123E-04	 1.98620352E-04	 5.44568126E-05	 2.45989336E-05
 2.040000E-01	-2.10758018E-06	-5.95173806E-06	 1.48334213E-05	 1.00320455E-04	 2.80334668E-03	 8.15186311E-04	 1.88409316E-04	 6.75252036E-05	 1.48403481E-05	 3.79572224E-06	 9.13726749E-07	 2.99728161E-06	-2.00648110E-05	-4.03656586E-04	-1.66051485E-03	 7.06280661E-04	 2.24017108E-04	 1.93373012E-04	 5.46687738E-05	 2.51746525E-05
 2.050000E-01	-1.92047010E-06	-5.35747117E-06	 1.25722640E-05	 7.57828991E-05	 2.48314767E-03	 7.82798322E-04	 1.88146299E-04	 6.96994119E-05	 1.57283168E-05	 3.93193710E-06	 9.65175373E-07	 2.85170114E-06	-1.98304800E-05	-3.80800681E-04	-1.63441681E-03	 6.48100924E-04	 2.12376599E-04	 1.87929726E-04	 5.47306842E-05	 2.56919255E-05
 2.060000E-01	-1.74683680E-06	-4.83508475E-06	 1.05133429E-05	 5.46257597E-05	 2.19730526E-03	 7.50256603E-04	 1.87185401E-04	 7.15923232E-05	 1.66162229E-05	 4.11156137E-06	 9.99573885E-07	 2.69858058E-06	-1.94326173E-05	-3.58640703E-04	-1.59181443E-03	 5.94588699E-04	 2.00990843E-04	 1.82338115E-04	 5.46483540E-05	 2.61478516E-05
 2.070000E-01	-1.58676507E-06	-4.37563516E-06	 8.65308599E-06	 3.64331477E-05	 1.94315595E-03	 7.17881785E-04	 1.85603723E-04	 7.32046973E-05	 1.74915255E-05	 4.32866110E-06	 1.02007239E-06	 2.54351572E-06	-1.89100670E-05	-3.37347756E-04	-1.53755316E-03	 5.45445788E-04	 1.89923509E-04	 1.76642306E-04	 5.44292550E-05	 2.65405707E-05
 2.080000E-01	-1.43992556E-06	-3.97101608E-06	 6.98305104E-06	 2.08252330E-05	 1.71783911E-03	 6.85931919E-04	 1.83477492E-04	 7.45417221E-05	 1.83432979E-05	 4.57727665E-06	 1.02940240E-06	 2.39044764E-06	-1.82959443E-05	-3.17028383E-04	-1.47551123E-03	 5.00366045E-04	 1.79222552E-04	 1.70882535E-04	 5.40821099E-05	 2.68691939E-05
 2.090000E-01	-1.30570846E-06	-3.61401545E-06	 5.49166589E-06	 7.46176274E-06	 1.51847197E-03	 6.54609593E-04	 1.80880019E-04	 7.56120863E-05	 1.91622687E-05	 4.85157240E-06	 1.02987844E-06	 2.24204313E-06	-1.76177717E-05	-2.97739189E-04	-1.40872140E-03	 4.59045323E-04	 1.68922301E-04	 1.65094958E-04	 5.36165085E-05	 2.71337111E-05
 2.100000E-01	-1.18333258E-06	-3.29830468E-06	 4.16561965E-06	-3.95755036E-06	 1.34227200E-03	 6.24069583E-04	 1.77880309E-04	 7.64271393E-05	 1.99407909E-05	 5.14595412E-06	 1.02342440E-06	 2.10001269E-06	-1.68979192E-05	-2.79499602E-04	-1.33950304E-03	 4.21188634E-04	 1.59045566E-04	 1.59311634E-04	 5.30425646E-05	 2.73348840E-05
 2.110000E-01	-1.07192932E-06	-3.01838464E-06	 2.99091126E-06	-1.36948069E-05	 1.18663460E-03	 5.94426442E-04	 1.74542236E-04	 7.70001607E-05	 2.06727594E-05	 5.45515600E-06	 1.01161423E-06	 1.96536648E-06	-1.61542107E-05	-2.62302441E-04	-1.26959142E-03	 3.86514954E-04	 1.49605648E-04	 1.53560644E-04	 5.23706245E-05	 2.74741340E-05
 2.120000E-01	-9.70603734E-07	-2.76950841E-06	 1.95359232E-06	-2.19770178E-05	 1.04917541E-03	 5.65761611E-04	 1.70924146E-04	 7.73457488E-05	 2.13534955E-05	 5.77430146E-06	 9.95719147E-07	 1.83861349E-06	-1.54005906E-05	-2.46122282E-04	-1.20025599E-03	 3.54760078E-04	 1.40608160E-04	 1.47866296E-04	 5.16110269E-05	 2.75534321E-05
 2.130000E-01	-8.78475653E-07	-2.54759465E-06	 1.04025640E-06	-2.89999350E-05	 9.27745846E-04	 5.38129671E-04	 1.67078780E-04	 7.74793179E-05	 2.19796114E-05	 6.09894165E-06	 9.76755950E-07	 1.71991175E-06	-1.46477910E-05	-2.30921891E-04	-1.13240258E-03	 3.25677738E-04	 1.32052571E-04	 1.42249353E-04	 5.07739046E-05	 2.75751887E-05
 2.140000E-01	-7.94706406E-07	-2.34914159E-06	 2.38293721E-07	-3.49324564E-05	 8.20432160E-04	 5.11563396E-04	 1.63053306E-04	 7.74166026E-05	 2.25488354E-05	 6.42506132E-06	 9.55531406E-07	 1.60917563E-06	-1.39039446E-05	-2.16657055E-04	-1.06665670E-03	 2.99040660E-04	 1.23933722E-04	 1.36727398E-04	 4.98690575E-05	 2.75421615E-05
 2.150000E-01	-7.18514654E-07	-2.17114627E-06	-4.63924801E-07	-3.99197785E-05	 7.25542275E-04	 4.86078463E-04	 1.58889649E-04	 7.71733916E-05	 2.30598824E-05	 6.74908970E-06	 9.32682939E-07	 1.50616255E-06	-1.31750953E-05	-2.03279928E-04	-1.00343316E-03	 2.74639611E-04	 1.16242833E-04	 1.31315069E-04	 4.89058331E-05	 2.74573618E-05
 2.160000E-01	-6.49182180E-07	-2.01103169E-06	-1.07700007E-06	-4.40867865E-05	 6.41586925E-04	 4.61677056E-04	 1.54624851E-04	 7.67652774E-05	 2.35123128E-05	 7.06789252E-06	 9.08712385E-07	 1.41053112E-06	-1.24656463E-05	-1.90741335E-04	-9.42989865E-04	 2.52282497E-04	 1.08968385E-04	 1.26024356E-04	 4.78930520E-05	 2.73239764E-05
 2.170000E-01	-5.86054875E-07	-1.86658407E-06	-1.61053053E-06	-4.75412093E-05	 5.67259068E-04	 4.38350807E-04	 1.50291441E-04	 7.62074498E-05	 2.39063965E-05	 7.37875298E-06	 8.84013552E-07	 1.32188156E-06	-1.17787150E-05	-1.78992277E-04	-8.85468703E-04	 2.31793453E-04	 1.02096896E-04	 1.20864891E-04	 4.68389666E-05	 2.71453012E-05
 2.180000E-01	-5.28540929E-07	-1.73589884E-06	-2.07316212E-06	-5.03761964E-05	 5.01413231E-04	 4.16083220E-04	 1.45917833E-04	 7.55145546E-05	 2.42429914E-05	 7.67934906E-06	 8.58894670E-07	 1.23978454E-06	-1.11164140E-05	-1.67984878E-04	-8.30926630E-04	 2.13011715E-04	 9.56135203E-05	 1.15844226E-04	 4.57512391E-05	 2.69246851E-05
 2.190000E-01	-4.76107123E-07	-1.61733430E-06	-2.47265434E-06	-5.26724694E-05	 4.43045987E-04	 3.94851602E-04	 1.41528724E-04	 7.47005929E-05	 2.45234349E-05	 7.96772732E-06	 8.33596321E-07	 1.16380073E-06	-1.04800762E-05	-1.57672967E-04	-7.79359113E-04	 1.95790470E-04	 8.95025248E-05	 1.10968080E-04	 4.46369359E-05	 2.66654821E-05
 2.200000E-01	-4.28274264E-07	-1.50947264E-06	-2.81595446E-06	-5.45001213E-05	 3.91278190E-04	 3.74628618E-04	 1.37145466E-04	 7.37788541E-05	 2.47494494E-05	 8.24227474E-06	 8.08305643E-07	 1.09349407E-06	-9.87043163E-06	-1.48012422E-04	-7.30717696E-04	 1.79995719E-04	 8.37476605E-05	 1.06240568E-04	 4.35025330E-05	 2.63710120E-05
 2.210000E-01	-3.84612319E-07	-1.41108690E-06	-3.10927280E-06	-5.59201259E-05	 3.45339202E-04	 3.55383562E-04	 1.32786422E-04	 7.27618760E-05	 2.49230586E-05	 8.50169002E-06	 7.83167524E-07	 1.02844050E-06	-9.28774621E-06	-1.38961323E-04	-6.84923153E-04	 1.65505215E-04	 7.83324590E-05	 1.01664414E-04	 4.23539333E-05	 2.60445295E-05
 2.220000E-01	-3.44735660E-07	-1.32111349E-06	-3.35815699E-06	-5.69856371E-05	 3.04553041E-04	 3.37083402E-04	 1.28467302E-04	 7.16614292E-05	 2.50465179E-05	 8.74495506E-06	 7.58293400E-07	 9.68233521E-07	-8.73193023E-06	-1.30479990E-04	-6.41875364E-04	 1.52207486E-04	 7.32404694E-05	 9.72411467E-05	 4.11964912E-05	 2.56892002E-05
 2.230000E-01	-3.08298280E-07	-1.23862868E-06	-3.56756785E-06	-5.77431949E-05	 2.68326090E-04	 3.19693591E-04	 1.24201444E-04	 7.04885059E-05	 2.51222479E-05	 8.97130548E-06	 7.33768330E-07	 9.12487804E-07	-8.20262265E-06	-1.22531042E-04	-6.01460636E-04	 1.40000852E-04	 6.84554442E-05	 9.29712617E-05	 4.00350393E-05	 2.53080809E-05
 2.240000E-01	-2.74989296E-07	-1.16282798E-06	-3.74193939E-06	-5.82336528E-05	 2.36136535E-04	 3.03178671E-04	 1.20000077E-04	 6.92533198E-05	 2.51527804E-05	 9.18020238E-06	 7.09656591E-07	 8.60842176E-07	-7.69925397E-06	-1.15079392E-04	-5.63557008E-04	 1.28792598E-04	 6.39614789E-05	 8.88543791E-05	 3.88739188E-05	 2.49041047E-05
 2.250000E-01	-2.44529179E-07	-1.09300814E-06	-3.88520312E-06	-5.84924895E-05	 2.07524998E-04	 2.87502617E-04	 1.15872554E-04	 6.79653321E-05	 2.51407231E-05	 9.37131084E-06	 6.86006467E-07	 8.12961744E-07	-7.22112107E-06	-1.08092208E-04	-5.28037939E-04	 1.18498126E-04	 5.97430252E-05	 8.48893383E-05	 3.77169933E-05	 2.44800651E-05
 2.260000E-01	-2.16666552E-07	-1.02855383E-06	-4.00084492E-06	-5.85504128E-05	 1.82086598E-04	 2.72629235E-04	 1.11826568E-04	 6.66332771E-05	 2.50887238E-05	 9.54447680E-06	 6.62853653E-07	 7.68536771E-07	-6.76744152E-06	-1.01538832E-04	-4.94775172E-04	 1.09040224E-04	 5.57849532E-05	 8.10743103E-05	 3.65676765E-05	 2.40386067E-05
 2.270000E-01	-1.91174896E-07	-9.68926553E-07	-4.09198923E-06	-5.84344419E-05	 1.59464490E-04	 2.58522690E-04	 1.07868354E-04	 6.52651772E-05	 2.49994277E-05	 9.69969912E-06	 6.40223422E-07	 7.27280905E-07	-6.33736181E-06	-9.53906663E-05	-4.63641290E-04	 1.00348490E-04	 5.20727079E-05	 7.74069470E-05	 3.54289832E-05	 2.35822276E-05
 2.280000E-01	-1.67849629E-07	-9.13653592E-07	-4.16143642E-06	-5.81684457E-05	 1.39343891E-04	 2.45147791E-04	 1.04002884E-04	 6.38683816E-05	 2.48754524E-05	 9.83710950E-06	 6.18132763E-07	 6.88930674E-07	-5.92997166E-06	-8.96210186E-05	-4.34511687E-04	 9.23586790E-05	 4.85923416E-05	 7.38844726E-05	 3.43035600E-05	 2.31132771E-05
 2.290000E-01	-1.46505589E-07	-8.62318499E-07	-4.21168745E-06	-5.77734200E-05	 1.21446729E-04	 2.32470117E-04	 1.00234015E-04	 6.24496020E-05	 2.47193707E-05	 9.95695467E-06	 5.96592122E-07	 6.53243745E-07	-5.54433318E-06	-8.42049710E-05	-4.07265647E-04	 8.50121366E-05	 4.53305060E-05	 7.05037537E-05	 3.31937106E-05	 2.26339543E-05
 2.300000E-01	-1.26974830E-07	-8.14553545E-07	-4.24497696E-06	-5.72678380E-05	 1.05527067E-04	 2.20456162E-04	 9.65646347E-05	 6.10149486E-05	 2.45336945E-05	 1.00595792E-05	 5.75606673E-07	 6.19997296E-07	-5.17949914E-06	-7.91192781E-05	-3.81787005E-04	 7.82553016E-05	 4.22744600E-05	 6.72613702E-05	 3.21014233E-05	 2.21463093E-05
 2.310000E-01	-1.09104653E-07	-7.70033204E-07	-4.26330278E-06	-5.66679779E-05	 9.13671031E-05	 2.09073410E-04	 9.29967756E-05	 5.95699609E-05	 2.43208594E-05	 1.01454090E-05	 5.55177399E-07	 5.88986813E-07	-4.83452679E-06	-7.43422980E-05	-3.57964505E-04	 7.20392391E-05	 3.94120669E-05	 6.41536724E-05	 3.10283969E-05	 2.16522453E-05
 2.320000E-01	-9.27558805E-08	-7.28468604E-07	-4.26845202E-06	-5.59881715E-05	 7.87736967E-05	 1.98290332E-04	 8.95317017E-05	 5.81196325E-05	 2.40832112E-05	 1.02149362E-05	 5.35302060E-07	 5.60025274E-07	-4.50848930E-06	-6.98539467E-05	-3.35691967E-04	 6.63191874E-05	 3.67317766E-05	 6.11768214E-05	 2.99760605E-05	 2.11535189E-05
 2.330000E-01	-7.78016633E-08	-6.89603138E-07	-4.26202248E-06	-5.52410098E-05	 6.75756540E-05	 1.88076543E-04	 8.61700347E-05	 5.66684592E-05	 2.38230027E-05	 1.02687075E-05	 5.15975757E-07	 5.32942263E-07	-4.20047650E-06	-6.56355123E-05	-3.14868630E-04	 6.10542419E-05	 3.42226315E-05	 5.83268531E-05	 2.89456045E-05	 2.06517489E-05
 2.340000E-01	-6.41263007E-08	-6.53208154E-07	-4.24544014E-06	-5.44375366E-05	 5.76212517E-05	 1.78402869E-04	 8.29118515E-05	 5.52204780E-05	 2.35423902E-05	 1.03073137E-05	 4.97191469E-07	 5.07582646E-07	-3.90960151E-06	-6.16695396E-05	-2.95399329E-04	 5.62070294E-05	 3.18742555E-05	 5.55997229E-05	 2.79380043E-05	 2.01484224E-05
 2.350000E-01	-5.16240480E-08	-6.19079099E-07	-4.21997980E-06	-5.35874955E-05	 4.87760042E-05	 1.69241349E-04	 7.97567577E-05	 5.37792924E-05	 2.32434265E-05	 1.03313773E-05	 4.78940382E-07	 4.83804899E-07	-3.63500526E-06	-5.79397659E-05	-2.77194465E-04	 5.17434560E-05	 2.96768562E-05	 5.29913520E-05	 2.69540461E-05	 1.96449027E-05
 2.360000E-01	-4.01980595E-08	-5.87031905E-07	-4.18677893E-06	-5.26994396E-05	 4.09203060E-05	 1.60565270E-04	 7.67039618E-05	 5.23481189E-05	 2.29280646E-05	 1.03415480E-05	 4.61212309E-07	 4.61480967E-07	-3.37585654E-06	-5.44311026E-05	-2.60170026E-04	 4.76322655E-05	 2.76211668E-05	 5.04976328E-05	 2.59943382E-05	 1.91424314E-05
 2.370000E-01	-2.97595295E-08	-5.56900684E-07	-4.14685424E-06	-5.17808682E-05	 3.39476283E-05	 1.52349141E-04	 7.37523362E-05	 5.09298170E-05	 2.25981571E-05	 1.03384952E-05	 4.43995888E-07	 4.40495071E-07	-3.13135327E-06	-5.11295200E-05	-2.44247350E-04	 4.38447703E-05	 2.56984217E-05	 4.81144523E-05	 2.50593280E-05	 1.86421339E-05
 2.380000E-01	-2.02270234E-08	-5.28536007E-07	-4.10111612E-06	-5.08384004E-05	 2.77633015E-05	 1.44568643E-04	 7.09004632E-05	 4.95269025E-05	 2.22554508E-05	 1.03228961E-05	 4.27278736E-07	 4.20741773E-07	-2.90072467E-06	-4.80219126E-05	-2.29352749E-04	 4.03547729E-05	 2.39003757E-05	 4.58377387E-05	 2.41493271E-05	 1.81450302E-05
 2.390000E-01	-1.15258437E-08	-5.01802588E-07	-4.05037528E-06	-4.98778252E-05	 2.22831063E-05	 1.37200627E-04	 6.81466860E-05	 4.81415823E-05	 2.19015908E-05	 1.02954330E-05	 4.11047822E-07	 4.02125385E-07	-2.68323370E-06	-4.50960669E-05	-2.15417322E-04	 3.71382951E-05	 2.22192616E-05	 4.36634671E-05	 2.32645225E-05	 1.76520388E-05
 2.400000E-01	-3.58741922E-09	-4.76577656E-07	-3.99535455E-06	-4.89042117E-05	 1.74320419E-05	 1.30223075E-04	 6.54891501E-05	 4.67757795E-05	 2.15381223E-05	 1.02567874E-05	 3.95289608E-07	 3.84558922E-07	-2.47817721E-06	-4.23406103E-05	-2.02376731E-04	 3.41733737E-05	 2.06477680E-05	 4.15876739E-05	 2.24049900E-05	 1.71639829E-05
 2.410000E-01	 3.65123491E-09	-4.52749494E-07	-3.93669863E-06	-4.79220009E-05	 1.31432528E-05	 1.23615073E-04	 6.29258393E-05	 4.54311573E-05	 2.11664926E-05	 1.02076358E-05	 3.79990184E-07	 3.67963240E-07	-2.28488536E-06	-3.97449503E-05	-1.90170957E-04	 3.14398818E-05	 1.91790171E-05	 3.96064693E-05	 2.15707075E-05	 1.66815967E-05
 2.420000E-01	 1.02479937E-08	-4.30216209E-07	-3.87498233E-06	-4.69350810E-05	 9.35709280E-06	 1.17356761E-04	 6.04546069E-05	 4.41091411E-05	 2.07880543E-05	 1.01486458E-05	 3.65135379E-07	 3.52266281E-07	-2.10272091E-06	-3.72992193E-05	-1.78744032E-04	 2.89193663E-05	 1.78065412E-05	 3.77160461E-05	 2.07615660E-05	 1.62055306E-05
 2.430000E-01	 1.62560485E-08	-4.08884575E-07	-3.81071741E-06	-4.59468504E-05	 6.02031726E-06	 1.11429301E-04	 5.80732045E-05	 4.28109391E-05	 2.04040681E-05	 1.00804731E-05	 3.50710839E-07	 3.37402320E-07	-1.93107796E-06	-3.49942208E-05	-1.68043796E-04	 2.65949035E-05	 1.65242625E-05	 3.59126886E-05	 1.99773810E-05	 1.57363574E-05
 2.440000E-01	 2.17242927E-08	-3.88668969E-07	-3.74435759E-06	-4.49602492E-05	 3.08536857E-06	 1.05814830E-04	 5.57793064E-05	 4.15375629E-05	 2.00157070E-05	 1.00037592E-05	 3.36702073E-07	 3.23311101E-07	-1.76938297E-06	-3.28213927E-05	-1.58021634E-04	 2.44509694E-05	 1.53264672E-05	 3.41927768E-05	 1.92179001E-05	 1.52745774E-05
 2.450000E-01	 2.66976265E-08	-3.69490840E-07	-3.67630371E-06	-4.39777543E-05	 5.09713178E-07	 1.00496399E-04	 5.35705299E-05	 4.02898458E-05	 1.96240615E-05	 9.91912970E-06	 3.23094519E-07	 3.09936822E-07	-1.61709996E-06	-3.07727675E-05	-1.48632200E-04	 2.24733154E-05	 1.42077742E-05	 3.25527842E-05	 1.84828088E-05	 1.48206216E-05
 2.460000E-01	 3.12171770E-08	-3.51278667E-07	-3.60691584E-06	-4.30015218E-05	-1.74473143E-06	 9.54579721E-05	 5.14444597E-05	 3.90684619E-05	 1.92301415E-05	 9.82719205E-06	 3.09873544E-07	 2.97227929E-07	-1.47371808E-06	-2.88408761E-05	-1.39833295E-04	 2.06488412E-05	 1.31631362E-05	 3.09892926E-05	 1.77717452E-05	 1.43748600E-05
 2.470000E-01	 3.53206185E-08	-3.33967042E-07	-3.53652086E-06	-4.20335867E-05	-3.71199589E-06	 9.06844154E-05	 4.93986683E-05	 3.78739356E-05	 1.88348752E-05	 9.72853103E-06	 2.97024382E-07	 2.85136955E-07	-1.33873372E-06	-2.70186523E-05	-1.31585777E-04	 1.89655345E-05	 1.21878602E-05	 2.94990174E-05	 1.70843194E-05	 1.39376113E-05
 2.480000E-01	 3.90424825E-08	-3.17495372E-07	-3.46540443E-06	-4.10757205E-05	-5.42262226E-06	 8.61614077E-05	 4.74307237E-05	 3.67066622E-05	 1.84391189E-05	 9.62371148E-06	 2.84532380E-07	 2.73619871E-07	-1.21166606E-06	-2.52994659E-05	-1.23853269E-04	 1.74123372E-05	 1.12775365E-05	 2.80787790E-05	 1.64201046E-05	 1.35091412E-05
 2.490000E-01	 4.24143929E-08	-3.01807751E-07	-3.39381456E-06	-4.01293709E-05	-6.90402054E-06	 8.18753739E-05	 4.55381945E-05	 3.55669178E-05	 1.80436618E-05	 9.51327755E-06	 2.72383072E-07	 2.62635205E-07	-1.09206835E-06	-2.36771276E-05	-1.16601823E-04	 1.59790872E-05	 1.04280125E-05	 2.67254985E-05	 1.57786386E-05	 1.30896649E-05
 2.500000E-01	 4.54652721E-08	-2.86852706E-07	-3.32196886E-06	-3.91957319E-05	-8.18075010E-06	 7.78134671E-05	 4.37186602E-05	 3.44548701E-05	 1.76492273E-05	 9.39775137E-06	 2.60562234E-07	 2.52144334E-07	-9.79520555E-07	-2.21458607E-05	-1.09799790E-04	 1.46564447E-05	 9.63539084E-06	 2.54362049E-05	 1.51594334E-05	 1.26793531E-05
 2.510000E-01	 4.82215290E-08	-2.72582810E-07	-3.25005786E-06	-3.82757779E-05	-9.27480608E-06	 7.39635485E-05	 4.19697250E-05	 3.33705926E-05	 1.72564775E-05	 9.27763299E-06	 2.49055960E-07	 2.42111522E-07	-8.73625425E-07	-2.07002580E-05	-1.03417720E-04	 1.34358240E-05	 8.89601773E-06	 2.42080372E-05	 1.45619815E-05	 1.22783363E-05
 2.520000E-01	 5.07072051E-08	-2.58954444E-07	-3.17824711E-06	-3.73702882E-05	-1.02058879E-05	 7.03141768E-05	 4.02890342E-05	 3.23140798E-05	 1.68660195E-05	 9.15340149E-06	 2.37850670E-07	 2.32503548E-07	-7.74006741E-07	-1.93352285E-05	-9.74282740E-05	 1.23093363E-05	 8.20647154E-06	 2.30382481E-05	 1.39857629E-05	 1.18867105E-05
 2.530000E-01	 5.29442422E-08	-2.45927332E-07	-3.10668077E-06	-3.64798921E-05	-1.09916759E-05	 6.68545417E-05	 3.86742694E-05	 3.12852501E-05	 1.64784054E-05	 9.02551358E-06	 2.26933158E-07	 2.23289353E-07	-6.80310150E-07	-1.80460028E-05	-9.18060038E-05	 1.12697201E-05	 7.56354498E-06	 2.19241963E-05	 1.34302453E-05	 1.15045381E-05
 2.540000E-01	 5.49526565E-08	-2.33464371E-07	-3.03548473E-06	-3.56051038E-05	-1.16480571E-05	 6.35744206E-05	 3.71231495E-05	 3.02839519E-05	 1.60941345E-05	 8.89440324E-06	 2.16290618E-07	 2.14439985E-07	-5.92200676E-07	-1.68281187E-05	-8.65271865E-05	 1.03102865E-05	 6.96423281E-06	 2.08633441E-05	 1.28948877E-05	 1.11318510E-05
 2.550000E-01	 5.67507023E-08	-2.21531232E-07	-2.96476810E-06	-3.47463367E-05	-1.21893265E-05	 6.04641518E-05	 3.56334355E-05	 2.93099727E-05	 1.57136572E-05	 8.76048232E-06	 2.05910700E-07	 2.05928761E-07	-5.09358766E-07	-1.56774049E-05	-8.15697083E-05	 9.42485844E-06	 6.40571854E-06	 1.98532536E-05	 1.23791432E-05	 1.07686530E-05
 2.560000E-01	 5.83549872E-08	-2.10096388E-07	-2.89462403E-06	-3.39038684E-05	-1.26283250E-05	 5.75145980E-05	 3.42029336E-05	 2.83630464E-05	 1.53373785E-05	 8.62414147E-06	 1.95781580E-07	 1.97730803E-07	-4.31485033E-07	-1.45899558E-05	-7.69129319E-05	 8.60773248E-06	 5.88535425E-06	 1.88915797E-05	 1.18824581E-05	 1.04149210E-05
 2.570000E-01	 5.97806086E-08	-1.99131375E-07	-2.82513297E-06	-3.30778731E-05	-1.29764429E-05	 5.47171138E-05	 3.28294985E-05	 2.74428533E-05	 1.49656581E-05	 8.48574743E-06	 1.85891886E-07	 1.89822035E-07	-3.58304192E-07	-1.35620823E-05	-7.25375811E-05	 7.85371854E-06	 5.40067212E-06	 1.79760850E-05	 1.14042812E-05	 1.00706122E-05
 2.580000E-01	 6.10413335E-08	-1.88609968E-07	-2.75636288E-06	-3.22684215E-05	-1.32439168E-05	 5.20635319E-05	 3.15110360E-05	 2.65490343E-05	 1.45988166E-05	 8.34564689E-06	 1.76230778E-07	 1.82180117E-07	-2.89559340E-07	-1.25903538E-05	-6.84256689E-05	 7.15801561E-06	 4.94935246E-06	 1.71046193E-05	 1.09440594E-05	 9.73566176E-06
 2.590000E-01	 6.21496978E-08	-1.78508028E-07	-2.68837267E-06	-3.14755412E-05	-1.34399586E-05	 4.95461379E-05	 3.02455060E-05	 2.56811948E-05	 1.42371366E-05	 8.20416616E-06	 1.66787858E-07	 1.74784343E-07	-2.25005501E-07	-1.16715576E-05	-6.45604272E-05	 6.51618427E-06	 4.52922391E-06	 1.62751236E-05	 1.05012434E-05	 9.40998682E-06
 2.600000E-01	 6.31170911E-08	-1.68803398E-07	-2.62121242E-06	-3.06992197E-05	-1.35728464E-05	 4.71576407E-05	 2.90309238E-05	 2.48389096E-05	 1.38808660E-05	 8.06161157E-06	 1.57553149E-07	 1.67615323E-07	-1.64410615E-07	-1.08026692E-05	-6.09262068E-05	 5.92412816E-06	 4.13825368E-06	 1.54856278E-05	 1.00752883E-05	 9.09348873E-06
 2.610000E-01	 6.39538655E-08	-1.59475707E-07	-2.55492403E-06	-2.99394103E-05	-1.36500140E-05	 4.48911436E-05	 2.78653590E-05	 2.40217257E-05	 1.35302189E-05	 7.91826984E-06	 1.48517090E-07	 1.60654804E-07	-1.07555975E-07	-9.98084535E-06	-5.75083775E-05	 5.37806728E-06	 3.77453784E-06	 1.47342463E-05	 9.66565530E-06	 8.78605424E-06
 2.620000E-01	 6.46694535E-08	-1.50506166E-07	-2.48954252E-06	-2.91960397E-05	-1.36781312E-05	 4.27401111E-05	 2.67469308E-05	 2.32291634E-05	 1.31853775E-05	 7.77440792E-06	 1.39670547E-07	 1.53885685E-07	-5.42357022E-08	-9.20342835E-06	-5.42932330E-05	 4.87451038E-06	 3.43629225E-06	 1.40191729E-05	 9.27181061E-06	 8.48755633E-06
 2.630000E-01	 6.52724058E-08	-1.41877557E-07	-2.42509649E-06	-2.84689998E-05	-1.36631763E-05	 4.06983634E-05	 2.56738149E-05	 2.24607241E-05	 1.28464955E-05	 7.63027464E-06	 1.31004806E-07	 1.47292049E-07	-4.25524370E-09	-8.46791689E-06	-5.12679642E-05	 4.41023664E-06	 3.12184676E-06	 1.33386815E-05	 8.89322879E-06	 8.19785702E-06
 2.640000E-01	 6.57704714E-08	-1.33574026E-07	-2.36160843E-06	-2.77581598E-05	-1.36105094E-05	 3.87600662E-05	 2.46442459E-05	 2.17158958E-05	 1.25137006E-05	 7.48610168E-06	 1.22511587E-07	 1.40859288E-07	 4.25712357E-08	-7.77194447E-06	-4.84206296E-05	 3.98227263E-06	 2.82964110E-06	 1.26911250E-05	 8.52939505E-06	 7.91680969E-06
 2.650000E-01	 6.61707064E-08	-1.25580753E-07	-2.29909457E-06	-2.70633839E-05	-1.35249219E-05	 3.69197115E-05	 2.36565167E-05	 2.09941542E-05	 1.21870965E-05	 7.34210380E-06	 1.14183015E-07	 1.34573979E-07	 8.64219665E-08	-7.11327349E-06	-4.57401065E-05	 3.58787916E-06	 2.55822068E-06	 1.20749351E-05	 8.17980700E-06	 7.64426111E-06
 2.660000E-01	 6.64795798E-08	-1.17883859E-07	-2.23756549E-06	-2.63844846E-05	-1.34107078E-05	 3.51720893E-05	 2.27089749E-05	 2.02949666E-05	 1.18667653E-05	 7.19848054E-06	 1.06011610E-07	 1.28423455E-07	 1.27459942E-07	-6.48982826E-06	-4.32159893E-05	 3.22452534E-06	 2.30621544E-06	 1.14886092E-05	 7.84396898E-06	 7.38004955E-06
 2.670000E-01	 6.67030180E-08	-1.10470615E-07	-2.17702898E-06	-2.57212078E-05	-1.32717147E-05	 3.35122691E-05	 2.18000211E-05	 1.96177943E-05	 1.15527701E-05	 7.05541715E-06	 9.79902727E-08	 1.22395817E-07	 1.65831610E-07	-5.89969443E-06	-4.08385198E-05	 2.88986915E-06	 2.07233324E-06	 1.09307061E-05	 7.52139182E-06	 7.12400542E-06
 2.680000E-01	 6.68464285E-08	-1.03329304E-07	-2.11749083E-06	-2.50732927E-05	-1.31113628E-05	 3.19355971E-05	 2.09281127E-05	 1.89620940E-05	 1.12451545E-05	 6.91308397E-06	 9.01122679E-08	 1.16480328E-07	 2.01676536E-07	-5.34107148E-06	-3.85985943E-05	 2.58175370E-06	 1.85537174E-06	 1.03998560E-05	 7.21160069E-06	 6.87595598E-06
 2.690000E-01	 6.69147574E-08	-9.64489060E-08	-2.05895357E-06	-2.44404841E-05	-1.29327100E-05	 3.04376807E-05	 2.00917632E-05	 1.83273216E-05	 1.09439450E-05	 6.77163758E-06	 8.23712042E-08	 1.10667416E-07	 2.35129285E-07	-4.81226113E-06	-3.64877301E-05	 2.29818368E-06	 1.65420949E-06	 9.89475476E-06	 6.91413428E-06	 6.63572563E-06
 2.700000E-01	 6.69125277E-08	-8.98191172E-08	-2.00141683E-06	-2.38225217E-05	-1.27384956E-05	 2.90143697E-05	 1.92895403E-05	 1.77129332E-05	 1.06491528E-05	 6.63122169E-06	 7.47609981E-08	 1.04948314E-07	 2.66317075E-07	-4.31166280E-06	-3.44980083E-05	 2.03731399E-06	 1.46779755E-06	 9.41415952E-06	 6.62854354E-06	 6.40313610E-06
 2.710000E-01	 6.68438747E-08	-8.34303113E-08	-1.94487778E-06	-2.32191380E-05	-1.25311701E-05	 2.76617420E-05	 1.85200646E-05	 1.71183870E-05	 1.03607751E-05	 6.49196775E-06	 6.72758444E-08	 9.93149654E-08	 2.95359898E-07	-3.83776909E-06	-3.26220288E-05	 1.79743845E-06	 1.29515464E-06	 8.95688565E-06	 6.35439173E-06	 6.17800715E-06
 2.720000E-01	 6.67125819E-08	-7.72734700E-08	-1.88933138E-06	-2.26300580E-05	-1.23129218E-05	 2.63760900E-05	 1.77820078E-05	 1.65431443E-05	 1.00787960E-05	 6.35399556E-06	 5.99101960E-08	 9.37599697E-08	 3.22370964E-07	-3.38916173E-06	-3.08528724E-05	 1.57697898E-06	 1.13536282E-06	 8.52180432E-06	 6.09125442E-06	 5.96015721E-06
 2.730000E-01	 6.65221071E-08	-7.13401747E-08	-1.83477090E-06	-2.20549951E-05	-1.20856995E-05	 2.51539089E-05	 1.70740918E-05	 1.59866707E-05	 9.80318825E-06	 6.21741397E-06	 5.26587354E-08	 8.82764400E-08	 3.47456218E-07	-2.96450642E-06	-2.91840659E-05	 1.37447665E-06	 9.87562568E-07	 8.10783960E-06	 5.83871917E-06	 5.74940390E-06
 2.740000E-01	 6.62755919E-08	-6.56226926E-08	-1.78118871E-06	-2.14936502E-05	-1.18512296E-05	 2.39918845E-05	 1.63950874E-05	 1.54484373E-05	 9.53391429E-06	 6.08232137E-06	 4.55163509E-08	 8.28578026E-08	 3.70713114E-07	-2.56254488E-06	-2.76095475E-05	 1.18858723E-06	 8.50949705E-07	 7.71396682E-06	 5.59638569E-06	 5.54556477E-06
 2.750000E-01	 6.59758832E-08	-6.01137162E-08	-1.72857565E-06	-2.09457299E-05	-1.16110511E-05	 2.28868853E-05	 1.57438133E-05	 1.49279220E-05	 9.27092685E-06	 5.94880623E-06	 3.84781329E-08	 7.74980801E-08	 3.92234730E-07	-2.18209027E-06	-2.61236463E-05	 1.01806773E-06	 7.24775157E-07	 7.33921216E-06	 5.36386746E-06	 5.34845849E-06
 2.760000E-01	 6.56255701E-08	-5.48059862E-08	-1.67691975E-06	-2.04109548E-05	-1.13665673E-05	 2.18359507E-05	 1.51191341E-05	 1.44246112E-05	 9.01417063E-06	 5.81694849E-06	 3.15393495E-08	 7.21921834E-08	 4.12113706E-07	-1.82202797E-06	-2.47210548E-05	 8.61750555E-07	 6.08336170E-07	 6.98264583E-06	 5.14078953E-06	 5.15790380E-06
 2.770000E-01	 6.52269655E-08	-4.96926800E-08	-1.62620737E-06	-1.98890589E-05	-1.11190197E-05	 2.08362794E-05	 1.45199590E-05	 1.39379992E-05	 8.76358254E-06	 5.68681909E-06	 2.46954032E-08	 6.69352377E-08	 4.30438618E-07	-1.48128805E-06	-2.33968092E-05	 7.18561204E-07	 5.00977398E-07	 6.64338451E-06	 4.92679004E-06	 4.97372145E-06
 2.780000E-01	 6.47821357E-08	-4.47674827E-08	-1.57642369E-06	-1.93797651E-05	-1.08695040E-05	 1.98852210E-05	 1.39452398E-05	 1.34675881E-05	 8.51909279E-06	 5.55848083E-06	 1.79418492E-08	 6.17224863E-08	 4.47290935E-07	-1.15885648E-06	-2.21462542E-05	 5.87509166E-07	 4.02084543E-07	 6.32058651E-06	 4.72151819E-06	 4.79573348E-06
 2.790000E-01	 6.42929284E-08	-4.00244793E-08	-1.52755282E-06	-1.88827875E-05	-1.06189871E-05	 1.89802684E-05	 1.33939694E-05	 1.30128892E-05	 8.28062558E-06	 5.43198890E-06	 1.12743942E-08	 5.65494526E-08	 4.62746927E-07	-8.53780464E-07	-2.09650274E-05	 4.67678533E-07	 3.11082913E-07	 6.01345045E-06	 4.52463468E-06	 4.62376384E-06
 2.800000E-01	 6.37609960E-08	-3.54580905E-08	-1.47957776E-06	-1.83978268E-05	-1.03683218E-05	 1.81190509E-05	 1.28651806E-05	 1.25734232E-05	 8.04809980E-06	 5.30739132E-06	 4.68889029E-09	 5.14119748E-08	 4.76878647E-07	-5.65168472E-07	-1.98490447E-05	 3.58221658E-07	 2.27435118E-07	 5.72121363E-06	 4.33581171E-06	 4.45763868E-06
 2.810000E-01	 6.31877930E-08	-3.10631214E-08	-1.43248047E-06	-1.79245523E-05	-1.01182632E-05	 1.72993309E-05	 1.23579474E-05	 1.21487223E-05	 7.82143068E-06	 5.18473004E-06	-1.81867318E-09	 4.63061953E-08	 4.89754568E-07	-2.92179325E-07	-1.87944943E-05	 2.58354262E-07	 1.50638661E-07	 5.44315098E-06	 4.15473324E-06	 4.29718713E-06
 2.820000E-01	 6.25745334E-08	-2.68349895E-08	-1.38624189E-06	-1.74625851E-05	-9.86948603E-06	 1.65190101E-05	 1.18713898E-05	 1.17383359E-05	 7.60053333E-06	 5.06404306E-06	-8.25219192E-09	 4.12283063E-08	 5.01438304E-07	-3.40006049E-08	-1.77978393E-05	 1.67352693E-07	 8.02233820E-08	 5.17857531E-06	 3.98109585E-06	 4.14224265E-06
 2.830000E-01	 6.19222697E-08	-2.27696735E-08	-1.34084384E-06	-1.70115182E-05	-9.62258786E-06	 1.57761029E-05	 1.14046634E-05	 1.13418240E-05	 7.38532004E-06	 4.94536303E-06	-1.46154799E-08	 3.61743149E-08	 5.11986417E-07	 2.10132675E-07	-1.68557540E-05	 8.45448502E-08	 1.57460785E-08	 4.92683041E-06	 3.81460530E-06	 3.99264080E-06
 2.840000E-01	 6.12318903E-08	-1.88635715E-08	-1.29626815E-06	-1.65709519E-05	-9.37809506E-06	 1.50687271E-05	 1.09569573E-05	 1.09587566E-05	 7.17569965E-06	 4.82871699E-06	-2.09122407E-08	 3.11404636E-08	 5.21453863E-07	 4.40954960E-07	-1.59651109E-05	 9.30522909E-09	-4.32070772E-08	 4.68729186E-06	 3.65497811E-06	 3.84822007E-06
 2.850000E-01	 6.05041176E-08	-1.51132576E-08	-1.25249444E-06	-1.61405169E-05	-9.13646005E-06	 1.43951034E-05	 1.05274953E-05	 1.05887132E-05	 6.97157760E-06	 4.71412607E-06	-2.71460119E-08	 2.61234496E-08	 5.29898096E-07	 6.59191222E-07	-1.51229925E-05	-5.89410429E-08	-9.70146780E-08	 4.45937189E-06	 3.50194537E-06	 3.70882428E-06
 2.860000E-01	 5.97395805E-08	-1.15155204E-08	-1.20950202E-06	-1.57198422E-05	-8.89808080E-06	 1.37535439E-05	 1.01155315E-05	 1.02312837E-05	 6.77285712E-06	 4.60160680E-06	-3.33202174E-08	 2.11200570E-08	 5.37372561E-07	 8.65524437E-07	-1.43266458E-05	-1.20731209E-07	-1.46033009E-07	 4.24250893E-06	 3.35524659E-06	 3.57429947E-06
 2.870000E-01	 5.89388195E-08	-8.06761832E-09	-1.16727193E-06	-1.53085476E-05	-8.66329307E-06	 1.31424459E-05	 9.72034861E-06	 9.88606711E-06	 6.57943946E-06	 4.49117118E-06	-3.94381937E-08	 1.61269666E-08	 5.43924734E-07	 1.06059302E-06	-1.35734657E-05	-1.76562364E-07	-1.90597655E-07	 4.03616655E-06	 3.21462925E-06	 3.44449403E-06
 2.880000E-01	 5.81023057E-08	-4.76714060E-09	-1.12578666E-06	-1.49062541E-05	-8.43237442E-06	 1.25602891E-05	 9.34125757E-06	 9.55267215E-06	 6.39122411E-06	 4.38282693E-06	-4.55031679E-08	 1.11410225E-08	 5.49598749E-07	 1.24499831E-06	-1.28609948E-05	-2.26894585E-07	-2.31022635E-07	 3.83983384E-06	 3.07984979E-06	 3.31925940E-06
 2.890000E-01	 5.72304595E-08	-1.61194300E-09	-1.08503020E-06	-1.45125949E-05	-8.20555182E-06	 1.20056320E-05	 8.97759656E-06	 9.23071720E-06	 6.20810915E-06	 4.27657776E-06	-5.15182526E-08	 6.15927983E-09	 5.54435928E-07	 1.41931294E-06	-1.21869169E-05	-2.72153955E-07	-2.67601461E-07	 3.65302449E-06	 2.95067352E-06	 3.19845025E-06
 2.900000E-01	 5.63236610E-08	 1.39988178E-09	-1.04498821E-06	-1.41272363E-05	-7.98300849E-06	 1.14771069E-05	 8.62873009E-06	 8.91983039E-06	 6.02999159E-06	 4.17242373E-06	-5.74864429E-08	 1.17900440E-09	 5.58474505E-07	 1.58408742E-06	-1.15490467E-05	-3.12735000E-07	-3.00608281E-07	 3.47527570E-06	 2.82687447E-06	 3.08192455E-06
 2.910000E-01	 5.53822997E-08	 4.27035774E-09	-1.00564666E-06	-1.37499171E-05	-7.76488427E-06	 1.09734104E-05	 8.29404503E-06	 8.61964695E-06	 5.85676599E-06	 4.07036047E-06	-6.34106135E-08	-3.80214565E-09	 5.61751581E-07	 1.73984010E-06	-1.09453140E-05	-3.49004644E-07	-3.30297484E-07	 3.30614712E-06	 2.70823528E-06	 2.96954330E-06
 2.920000E-01	 5.44068820E-08	 7.00204755E-09	-9.66992428E-07	-1.33804662E-05	-7.55126300E-06	 1.04932830E-05	 7.97294033E-06	 8.32980167E-06	 5.68832036E-06	 3.97037685E-06	-6.92935668E-08	-8.78596309E-09	 5.64304478E-07	 1.88702251E-06	-1.03737277E-05	-3.81306747E-07	-3.56905966E-07	 3.14521591E-06	 2.59454433E-06	 2.86116828E-06
 2.930000E-01	 5.33979008E-08	 9.59719733E-09	-9.29015929E-07	-1.30187384E-05	-7.34217931E-06	 1.00355267E-05	 7.66483696E-06	 8.04993730E-06	 5.52454175E-06	 3.87245825E-06	-7.51380314E-08	-1.37741153E-08	 5.66165442E-07	 2.02604517E-06	-9.83240610E-06	-4.09954080E-07	-3.80656626E-07	 2.99207807E-06	 2.48559629E-06	 2.75666382E-06
 2.940000E-01	 5.23558075E-08	 1.20576417E-08	-8.91710720E-07	-1.26645885E-05	-7.13763357E-06	 9.59900901E-06	 7.36918038E-06	 7.77970734E-06	 5.36531807E-06	 3.77658783E-06	-8.09466579E-08	-1.87682462E-08	 5.67360912E-07	 2.15729046E-06	-9.31958496E-06	-4.35230312E-07	-4.01759446E-07	 2.84634860E-06	 2.38119268E-06	 2.65589766E-06
 2.950000E-01	 5.12810303E-08	 1.43854024E-08	-8.55069614E-07	-1.23178847E-05	-6.93761503E-06	 9.18266010E-06	 7.08544046E-06	 7.51877668E-06	 5.21053829E-06	 3.68274691E-06	-8.67219993E-08	-2.37694626E-08	 5.67917992E-07	 2.28111842E-06	-8.83361934E-06	-4.57400097E-07	-4.20409785E-07	 2.70766212E-06	 2.28114337E-06	 2.55874150E-06
 2.960000E-01	 5.01739620E-08	 1.65827612E-08	-8.19083866E-07	-1.19785142E-05	-6.74210683E-06	 8.78546973E-06	 6.81311093E-06	 7.26682150E-06	 5.06009262E-06	 3.59091506E-06	-9.24665160E-08	-2.87784459E-08	 5.67864879E-07	 2.39787495E-06	-8.37297741E-06	-4.76709931E-07	-4.36788397E-07	 2.57567273E-06	 2.18526695E-06	 2.46507131E-06
 2.970000E-01	 4.90349453E-08	 1.86520895E-08	-7.83744055E-07	-1.16463753E-05	-6.55108485E-06	 8.40648259E-06	 6.55170803E-06	 7.02352881E-06	 4.91387267E-06	 3.50107033E-06	-9.81826038E-08	-3.37957351E-08	 5.67228546E-07	 2.50789177E-06	-7.93622650E-06	-4.93388150E-07	-4.51063816E-07	 2.45005201E-06	 2.09338947E-06	 2.37476686E-06
 2.980000E-01	 4.78642676E-08	 2.05958206E-08	-7.49040082E-07	-1.13213705E-05	-6.36451763E-06	 8.04479503E-06	 6.30076944E-06	 6.78859613E-06	 4.77177162E-06	 3.41318938E-06	-1.03872599E-07	-3.88217606E-08	 5.66034612E-07	 2.61148416E-06	-7.52202513E-06	-5.07646101E-07	-4.63393236E-07	 2.33048805E-06	 2.00534416E-06	 2.28771160E-06
 2.990000E-01	 4.66621649E-08	 2.24164592E-08	-7.14960892E-07	-1.10033991E-05	-6.18236739E-06	 7.69955216E-06	 6.05985329E-06	 6.56173120E-06	 4.63368425E-06	 3.32724768E-06	-1.09538779E-07	-4.38568457E-08	 5.64307633E-07	 2.70894838E-06	-7.12911743E-06	-5.19679478E-07	-4.73923181E-07	 2.21668468E-06	 1.92097116E-06	 2.20379264E-06
 3.000000E-01	 4.54288276E-08	 2.41166139E-08	-6.81493956E-07	-1.06923446E-05	-6.00459120E-06	 7.36994530E-06	 5.82853741E-06	 6.34265170E-06	 4.49950698E-06	 3.24321958E-06	-1.15183361E-07	-4.89011794E-08	 5.62072084E-07	 2.80056144E-06	-6.75633004E-06	-5.29669346E-07	-4.82789880E-07	 2.10836096E-06	 1.84011752E-06	 2.12290082E-06
 3.010000E-01	 4.41643825E-08	 2.56988509E-08	-6.48625409E-07	-1.03880471E-05	-5.83114684E-06	 7.05521363E-06	 5.60642060E-06	 6.13108698E-06	 4.36913927E-06	 3.16107925E-06	-1.20808490E-07	-5.39548908E-08	 5.59352349E-07	 2.88658750E-06	-6.40257412E-06	-5.37782519E-07	-4.90120666E-07	 2.00525082E-06	 1.76263714E-06	 2.04493105E-06
 3.020000E-01	 4.28688702E-08	 2.71653504E-08	-6.16341265E-07	-1.00902716E-05	-5.66201080E-06	 6.75465235E-06	 5.39312779E-06	 5.92678351E-06	 4.24248724E-06	 3.08080330E-06	-1.26416229E-07	-5.90181795E-08	 5.56169904E-07	 2.96728788E-06	-6.06684938E-06	-5.44175178E-07	-4.96036644E-07	 1.90710245E-06	 1.68839077E-06	 1.96978289E-06
 3.030000E-01	 4.15423307E-08	 2.85181167E-08	-5.84628637E-07	-9.79874463E-06	-5.49715771E-06	 6.46759624E-06	 5.18830164E-06	 5.72949752E-06	 4.11945936E-06	 3.00236798E-06	-1.32008576E-07	-6.40913764E-08	 5.52543453E-07	 3.04290588E-06	-5.74821606E-06	-5.48992313E-07	-5.00650451E-07	 1.81367727E-06	 1.61724545E-06	 1.89735957E-06
 3.040000E-01	 4.01848322E-08	 2.97591130E-08	-5.53475393E-07	-9.51318390E-06	-5.33655246E-06	 6.19341259E-06	 4.99159936E-06	 5.53899262E-06	 3.99996515E-06	 2.92574842E-06	-1.37587491E-07	-6.91748263E-08	 5.48490719E-07	 3.11366153E-06	-5.44578403E-06	-5.52368645E-07	-5.04066654E-07	 1.72474857E-06	 1.54907375E-06	 1.82756732E-06
 3.050000E-01	 3.87964787E-08	 3.08902442E-08	-5.22870285E-07	-9.23330739E-06	-5.18015016E-06	 5.93149922E-06	 4.80269188E-06	 5.35503962E-06	 3.88391533E-06	 2.85091882E-06	-1.43154894E-07	-7.42688730E-08	 5.44028689E-07	 3.17975351E-06	-5.15870958E-06	-5.54429209E-07	-5.06382730E-07	 1.64010047E-06	 1.48375329E-06	 1.76031519E-06
 3.060000E-01	 3.73774162E-08	 3.19133527E-08	-4.92803047E-07	-8.95883555E-06	-5.02789702E-06	 5.68128288E-06	 4.62126331E-06	 5.17741633E-06	 3.77122185E-06	 2.77785255E-06	-1.48712671E-07	-7.93738558E-08	 5.39173767E-07	 3.24136174E-06	-4.88619341E-06	-5.55289941E-07	-5.07689579E-07	 1.55952741E-06	 1.42116651E-06	 1.69551495E-06
 3.070000E-01	 3.59278344E-08	 3.28301961E-08	-4.63264653E-07	-8.68949010E-06	-4.87973052E-06	 5.44221792E-06	 4.44701047E-06	 5.00590740E-06	 3.66179797E-06	 2.70652226E-06	-1.54262681E-07	-8.44901508E-08	 5.33941739E-07	 3.29864974E-06	-4.62747820E-06	-5.55058208E-07	-5.08072081E-07	 1.48283356E-06	 1.36120038E-06	 1.63308099E-06
 3.080000E-01	 3.44479642E-08	 3.36422774E-08	-4.34248942E-07	-8.42499044E-06	-4.73557772E-06	 5.21378474E-06	 4.27964213E-06	 4.84030404E-06	 3.55555833E-06	 2.63689999E-06	-1.59806783E-07	-8.96183524E-08	 5.28346144E-07	 3.35176649E-06	-4.38184313E-06	-5.53832524E-07	-5.07610330E-07	 1.40983163E-06	 1.30374567E-06	 1.57293001E-06
 3.090000E-01	 3.29380781E-08	 3.43509386E-08	-4.05751923E-07	-8.16505972E-06	-4.59536046E-06	 4.99548875E-06	 4.11887907E-06	 4.68040415E-06	 3.45241907E-06	 2.56895728E-06	-1.65346789E-07	-9.47590857E-08	 5.22399338E-07	 3.40085386E-06	-4.14860334E-06	-5.51703594E-07	-5.06378652E-07	 1.34034346E-06	 1.24869759E-06	 1.51498137E-06
 3.100000E-01	 3.13985023E-08	 3.49578176E-08	-3.77767536E-07	-7.90944725E-06	-4.45900423E-06	 4.78685942E-06	 3.96445413E-06	 4.52601263E-06	 3.35229795E-06	 2.50266534E-06	-1.70884410E-07	-9.99126741E-08	 5.16116643E-07	 3.44605907E-06	-3.92711418E-06	-5.48757322E-07	-5.04444257E-07	 1.27420088E-06	 1.19595697E-06	 1.45915758E-06
 3.110000E-01	 2.98296208E-08	 3.54647526E-08	-3.50288154E-07	-7.65794138E-06	-4.32643116E-06	 4.58744690E-06	 3.81611036E-06	 4.37694003E-06	 3.25511377E-06	 2.43799474E-06	-1.76421310E-07	-1.05079524E-07	 5.09514405E-07	 3.48753719E-06	-3.71676442E-06	-5.45073738E-07	-5.01869110E-07	 1.21124406E-06	 1.14542888E-06	 1.40538366E-06
 3.120000E-01	 2.82318968E-08	 3.58735306E-08	-3.23307916E-07	-7.41036280E-06	-4.19754803E-06	 4.39681697E-06	 3.67359760E-06	 4.23299978E-06	 3.16078495E-06	 2.37491451E-06	-1.81959203E-07	-1.10260445E-07	 5.02607036E-07	 3.52544022E-06	-3.51696365E-06	-5.40725420E-07	-4.98711599E-07	 1.15131912E-06	 1.09702082E-06	 1.35358597E-06
 3.130000E-01	 2.66058521E-08	 3.61858352E-08	-2.96822274E-07	-7.16654484E-06	-4.07225519E-06	 4.21455559E-06	 3.53667519E-06	 4.09401076E-06	 3.06923123E-06	 2.31339331E-06	-1.87499781E-07	-1.15456377E-07	 4.95408082E-07	 3.55992126E-06	-3.32715149E-06	-5.35778248E-07	-4.95026236E-07	 1.09427917E-06	 1.05064362E-06	 1.30369302E-06
 3.140000E-01	 2.49520797E-08	 3.64033284E-08	-2.70827231E-07	-6.92632530E-06	-3.95045239E-06	 4.04026972E-06	 3.40511269E-06	 3.95979814E-06	 2.98037416E-06	 2.25339987E-06	-1.93044679E-07	-1.20668332E-07	 4.87930771E-07	 3.59113855E-06	-3.14679989E-06	-5.30292643E-07	-4.90863594E-07	 1.03998455E-06	 1.00621184E-06	 1.25563577E-06
 3.150000E-01	 2.32712569E-08	 3.65276674E-08	-2.45319363E-07	-6.68954484E-06	-3.83203986E-06	 3.87358613E-06	 3.27868942E-06	 3.83019313E-06	 2.89413714E-06	 2.19490302E-06	-1.98595480E-07	-1.25897452E-07	 4.80187784E-07	 3.61925777E-06	-2.97541072E-06	-5.24324092E-07	-4.86270590E-07	 9.88302439E-07	 9.63643588E-07	 1.20934757E-06
 3.160000E-01	 2.15641610E-08	 3.65605250E-08	-2.20295850E-07	-6.45604827E-06	-3.71691858E-06	 3.71415031E-06	 3.15719401E-06	 3.70503281E-06	 2.81044535E-06	 2.13787174E-06	-2.04153714E-07	-1.31145042E-07	 4.72191155E-07	 3.64445413E-06	-2.81251322E-06	-5.17923609E-07	-4.81290831E-07	 9.39106438E-07	 9.22860342E-07	 1.16476401E-06
 3.170000E-01	 1.98317428E-08	 3.65036880E-08	-1.95754047E-07	-6.22568767E-06	-3.60499148E-06	 3.56162474E-06	 3.04042344E-06	 3.58415972E-06	 2.72922580E-06	 2.08227534E-06	-2.09720878E-07	-1.36412645E-07	 4.63952360E-07	 3.66691496E-06	-2.65766150E-06	-5.11138704E-07	-4.75965470E-07	 8.92275700E-07	 8.83786461E-07	 1.12182275E-06
 3.180000E-01	 1.80750049E-08	 3.63589585E-08	-1.71691789E-07	-5.99832513E-06	-3.49616213E-06	 3.41568907E-06	 2.92818361E-06	 3.46742196E-06	 2.65040731E-06	 2.02808329E-06	-2.15298359E-07	-1.41701920E-07	 4.55482098E-07	 3.68684206E-06	-2.51043670E-06	-5.04011667E-07	-4.70331961E-07	 8.47696093E-07	 8.46350020E-07	 1.08046400E-06
 3.190000E-01	 1.62949434E-08	 3.61281889E-08	-1.48108241E-07	-5.77383286E-06	-3.39033619E-06	 3.27603938E-06	 2.82028917E-06	 3.35467324E-06	 2.57392048E-06	 1.97526522E-06	-2.20887532E-07	-1.47014595E-07	 4.46789752E-07	 3.70444325E-06	-2.37044173E-06	-4.96581360E-07	-4.64424731E-07	 8.05259285E-07	 8.10482228E-07	 1.04063009E-06
 3.200000E-01	 1.44926119E-08	 3.58133741E-08	-1.25003800E-07	-5.55209937E-06	-3.28742135E-06	 3.14238682E-06	 2.71656284E-06	 3.24577262E-06	 2.49969767E-06	 1.92379099E-06	-2.26489756E-07	-1.52352503E-07	 4.37883472E-07	 3.71992880E-06	-2.23729891E-06	-4.88883876E-07	-4.58275768E-07	 7.64862099E-07	 7.76117068E-07	 1.00226521E-06
 3.210000E-01	 1.26691354E-08	 3.54167146E-08	-1.02379733E-07	-5.33303814E-06	-3.18732637E-06	 3.01445638E-06	 2.61683488E-06	 3.14058405E-06	 2.42767285E-06	 1.87363063E-06	-2.32106354E-07	-1.57717556E-07	 4.28770321E-07	 3.73351076E-06	-2.11064943E-06	-4.80952336E-07	-4.51914626E-07	 7.26406418E-07	 7.43191291E-07	 9.65315487E-07
 3.220000E-01	 1.08257144E-08	 3.49406944E-08	-8.02379289E-08	-5.11659396E-06	-3.08996030E-06	 2.89198539E-06	 2.52094223E-06	 3.03897580E-06	 2.35778125E-06	 1.82475416E-06	-2.37738624E-07	-1.63111729E-07	 4.19456394E-07	 3.74540021E-06	-1.99015162E-06	-4.72817081E-07	-4.45368537E-07	 6.89798808E-07	 7.11644201E-07	 9.29728799E-07
 3.230000E-01	 8.96362052E-09	 3.43881352E-08	-5.85802459E-08	-4.90274371E-06	-2.99523543E-06	 2.77472375E-06	 2.42872886E-06	 2.94082085E-06	 2.28995977E-06	 1.77713191E-06	-2.43387802E-07	-1.68536960E-07	 4.09947054E-07	 3.75580587E-06	-1.87548170E-06	-4.64506004E-07	-4.38662475E-07	 6.54950564E-07	 6.81417781E-07	 8.95454903E-07
 3.240000E-01	 7.08419545E-09	 3.37623182E-08	-3.74072408E-08	-4.69149638E-06	-2.90307038E-06	 2.66243362E-06	 2.34004572E-06	 2.84599700E-06	 2.22414705E-06	 1.73073459E-06	-2.49055034E-07	-1.73995018E-07	 4.00247731E-07	 3.76493147E-06	-1.76633427E-06	-4.56045330E-07	-4.31818892E-07	 6.21777863E-07	 6.52456953E-07	 8.62445584E-07
 3.250000E-01	 5.18884274E-09	 3.30668127E-08	-1.67203758E-08	-4.48288624E-06	-2.81338703E-06	 2.55488885E-06	 2.25475017E-06	 2.75438649E-06	 2.16028336E-06	 1.68553334E-06	-2.54741441E-07	-1.79487703E-07	 3.90362260E-07	 3.77296930E-06	-1.66241970E-06	-4.47459407E-07	-4.24858683E-07	 5.90200832E-07	 6.24708830E-07	 8.30654264E-07
 3.260000E-01	 3.27898086E-09	 3.23051909E-08	 3.47563273E-09	-4.27696767E-06	-2.72610478E-06	 2.45187444E-06	 2.17270527E-06	 2.66587546E-06	 2.09831055E-06	 1.64149968E-06	-2.60448128E-07	-1.85016991E-07	 3.80291185E-07	 3.78009547E-06	-1.56346275E-06	-4.38769247E-07	-4.17802073E-07	 5.60142826E-07	 5.98122037E-07	 8.00035767E-07
 3.270000E-01	 1.35604486E-09	 3.14813140E-08	 2.31762140E-08	-4.07382026E-06	-2.64114528E-06	 2.35318561E-06	 2.09377952E-06	 2.58035398E-06	 2.03817202E-06	 1.59860560E-06	-2.66176160E-07	-1.90584740E-07	 3.70034160E-07	 3.78646746E-06	-1.46920342E-06	-4.29994222E-07	-4.10668122E-07	 5.31530615E-07	 5.72647127E-07	 7.70546443E-07
 3.280000E-01	-5.78525902E-10	 3.05995019E-08	 4.23792593E-08	-3.87355250E-06	-2.55843686E-06	 2.25862721E-06	 2.01784702E-06	 2.49771616E-06	 1.97981284E-06	 1.55682367E-06	-2.71926491E-07	-1.96192511E-07	 3.59591149E-07	 3.79222287E-06	-1.37939776E-06	-4.21152885E-07	-4.03473954E-07	 5.04294939E-07	 5.48237160E-07	 7.42144442E-07
 3.290000E-01	-2.52331458E-09	 2.96643875E-08	 6.10843051E-08	-3.67629647E-06	-2.47791319E-06	 2.16801332E-06	 1.94478721E-06	 2.41785996E-06	 1.92317966E-06	 1.51612701E-06	-2.77699995E-07	-2.01841701E-07	 3.48961470E-07	 3.79747567E-06	-1.29381585E-06	-4.12262650E-07	-3.96235241E-07	 4.78370025E-07	 5.24847322E-07	 7.14789524E-07
 3.300000E-01	-4.47695353E-09	 2.86807973E-08	 7.92921760E-08	-3.48219845E-06	-2.39951223E-06	 2.08116688E-06	 1.87448455E-06	 2.34068701E-06	 1.86822068E-06	 1.47648925E-06	-2.83497475E-07	-2.07533545E-07	 3.38143716E-07	 3.80231159E-06	-1.21224080E-06	-4.03339721E-07	-3.88966451E-07	 4.53693274E-07	 5.02434698E-07	 6.88442929E-07
 3.310000E-01	-6.43814607E-09	 2.76536320E-08	 9.70047529E-08	-3.29140773E-06	-2.32317688E-06	 1.99791991E-06	 1.80682873E-06	 2.26610282E-06	 1.81488588E-06	 1.43788473E-06	-2.89319641E-07	-2.13269070E-07	 3.27135802E-07	 3.80678463E-06	-1.13446870E-06	-3.94399189E-07	-3.81681058E-07	 4.30205120E-07	 4.80958210E-07	 6.63067384E-07
 3.320000E-01	-8.40568018E-09	 2.65877521E-08	 1.14225118E-07	-3.10406782E-06	-2.24885706E-06	 1.91811468E-06	 1.74171542E-06	 2.19401766E-06	 1.76312765E-06	 1.40028901E-06	-2.95167033E-07	-2.19048987E-07	 3.15934845E-07	 3.81091590E-06	-1.06030959E-06	-3.85455297E-07	-3.74391850E-07	 4.07849046E-07	 4.60378692E-07	 6.38627267E-07
 3.330000E-01	-1.03784355E-08	 2.54879830E-08	 1.30958314E-07	-2.92031592E-06	-2.17650639E-06	 1.84160136E-06	 1.67904489E-06	 2.12434525E-06	 1.71289992E-06	 1.36367822E-06	-3.01040082E-07	-2.24873717E-07	 3.04537841E-07	 3.81468997E-06	-9.89584735E-07	-3.76521488E-07	-3.67110610E-07	 3.86571339E-07	 4.40658725E-07	 6.15088339E-07
 3.340000E-01	-1.23553891E-08	 2.43590401E-08	 1.47210778E-07	-2.74027683E-06	-2.10608100E-06	 1.76823733E-06	 1.61872174E-06	 2.05700238E-06	 1.66415784E-06	 1.32802892E-06	-3.06939134E-07	-2.30743366E-07	 2.92942025E-07	 3.81805124E-06	-9.22125249E-07	-3.67610312E-07	-3.59847835E-07	 3.66321067E-07	 4.21762625E-07	 5.92417672E-07
 3.350000E-01	-1.43356176E-08	 2.32054078E-08	 1.62989296E-07	-2.56405496E-06	-2.03753812E-06	 1.69788689E-06	 1.56065460E-06	 1.99190872E-06	 1.61685776E-06	 1.29331800E-06	-3.12864512E-07	-2.36657781E-07	 2.81144969E-07	 3.82090335E-06	-8.57771098E-07	-3.58733393E-07	-3.52613026E-07	 3.47049738E-07	 4.03656176E-07	 5.70583490E-07
 3.360000E-01	-1.63183048E-08	 2.20312613E-08	 1.78301002E-07	-2.39172926E-06	-1.97083492E-06	 1.63042102E-06	 1.50475597E-06	 1.92898675E-06	 1.57095714E-06	 1.25952272E-06	-3.18816526E-07	-2.42616556E-07	 2.69145043E-07	 3.82311357E-06	-7.96371143E-07	-3.49901376E-07	-3.45414842E-07	 3.28711129E-07	 3.86306518E-07	 5.49555113E-07
 3.370000E-01	-1.83027418E-08	 2.08404230E-08	 1.93153418E-07	-2.22334964E-06	-1.90592857E-06	 1.56571704E-06	 1.45094203E-06	 1.86816162E-06	 1.52641458E-06	 1.22662073E-06	-3.24795488E-07	-2.48619051E-07	 2.56941813E-07	 3.82451947E-06	-7.37783068E-07	-3.41123990E-07	-3.38261089E-07	 3.11261223E-07	 3.69682146E-07	 5.29302952E-07
 3.380000E-01	-2.02883279E-08	 1.96363033E-08	 2.07553957E-07	-2.05893492E-06	-1.84277566E-06	 1.50365833E-06	 1.39913245E-06	 1.80936108E-06	 1.48318979E-06	 1.19459004E-06	-3.30801743E-07	-2.54664488E-07	 2.44536184E-07	 3.82493669E-06	-6.81873052E-07	-3.32410048E-07	-3.31158846E-07	 2.94658041E-07	 3.53752798E-07	 5.09798446E-07
 3.390000E-01	-2.22745675E-08	 1.84218198E-08	 2.21508418E-07	-1.89847269E-06	-1.78133059E-06	 1.44413409E-06	 1.34925014E-06	 1.75251530E-06	 1.44124353E-06	 1.16340905E-06	-3.36835738E-07	-2.60752101E-07	 2.31930267E-07	 3.82416683E-06	-6.28515046E-07	-3.23767246E-07	-3.24114832E-07	 2.78861256E-07	 3.38489136E-07	 4.91013898E-07
 3.400000E-01	-2.42610533E-08	 1.71994739E-08	 2.35021720E-07	-1.74192694E-06	-1.72154796E-06	 1.38703894E-06	 1.30122135E-06	 1.69755697E-06	 1.40053771E-06	 1.13305656E-06	-3.42897973E-07	-2.66881050E-07	 2.19127845E-07	 3.82200867E-06	-5.77589905E-07	-3.15202351E-07	-3.17134904E-07	 2.63832534E-07	 3.23863115E-07	 4.72922632E-07
 3.410000E-01	-2.62474483E-08	 1.59715310E-08	 2.48101108E-07	-1.58925222E-06	-1.66338559E-06	 1.33227203E-06	 1.25497545E-06	 1.64442127E-06	 1.36103529E-06	 1.10351170E-06	-3.48988913E-07	-2.73050323E-07	 2.06134737E-07	 3.81827402E-06	-5.28984834E-07	-3.06721628E-07	-3.10223379E-07	 2.49536047E-07	 3.09848523E-07	 4.55499221E-07
 3.420000E-01	-2.82334874E-08	 1.47399756E-08	 2.60755067E-07	-1.44039753E-06	-1.60679998E-06	 1.27973597E-06	 1.21044401E-06	 1.59304493E-06	 1.32269978E-06	 1.07475351E-06	-3.55109183E-07	-2.79259185E-07	 1.92957661E-07	 3.81279768E-06	-4.82592192E-07	-2.98330424E-07	-3.03383753E-07	 2.35937649E-07	 2.96420245E-07	 4.38719013E-07
 3.430000E-01	-3.02189686E-08	 1.35064309E-08	 2.72990739E-07	-1.29529990E-06	-1.55174571E-06	 1.22933783E-06	 1.16756111E-06	 1.54336675E-06	 1.28549566E-06	 1.04676128E-06	-3.61259597E-07	-2.85507277E-07	 1.79603594E-07	 3.80543958E-06	-4.38310120E-07	-2.90032902E-07	-2.96619356E-07	 2.23004466E-07	 2.83553880E-07	 4.22558032E-07
 3.440000E-01	-3.22037361E-08	 1.22722393E-08	 2.84814293E-07	-1.15388467E-06	-1.49817752E-06	 1.18098919E-06	 1.12626351E-06	 1.49532772E-06	 1.24938849E-06	 1.01951470E-06	-3.67441092E-07	-2.91794489E-07	 1.66080175E-07	 3.79608594E-06	-3.96042660E-07	-2.81832333E-07	-2.89933134E-07	 2.10705107E-07	 2.71225967E-07	 4.06993116E-07
 3.450000E-01	-3.41876622E-08	 1.10385403E-08	 2.96231394E-07	-1.01606993E-06	-1.44605125E-06	 1.13460584E-06	 1.08649058E-06	 1.44887105E-06	 1.21434492E-06	 9.92993828E-07	-3.73654707E-07	-2.98120966E-07	 1.52395603E-07	 3.78465085E-06	-3.55699069E-07	-2.73731242E-07	-2.83327540E-07	 1.99009708E-07	 2.59414071E-07	 3.92001956E-07
 3.460000E-01	-3.61706327E-08	 9.80633705E-09	 3.07247850E-07	-8.81771469E-07	-1.39532474E-06	 1.09010737E-06	 1.04818425E-06	 1.40394212E-06	 1.18033266E-06	 9.67179171E-07	-3.79901553E-07	-3.04487092E-07	 1.38558346E-07	 3.77107715E-06	-3.17193019E-07	-2.65731528E-07	-2.76804417E-07	 1.87890004E-07	 2.48096863E-07	 3.77563132E-07
 3.470000E-01	-3.81525362E-08	 8.57653596E-09	 3.17869645E-07	-7.50904637E-07	-1.34595752E-06	 1.04741699E-06	 1.01128879E-06	 1.36048831E-06	 1.14732042E-06	 9.42051626E-07	-3.86182825E-07	-3.10893555E-07	 1.24576793E-07	 3.75533465E-06	-2.80442409E-07	-2.57834555E-07	-2.70365175E-07	 1.77319141E-07	 2.37253987E-07	 3.63656041E-07
 3.480000E-01	-4.01332661E-08	 7.34993515E-09	 3.28101208E-07	-6.23381986E-07	-1.29790856E-06	 1.00646132E-06	 9.75750508E-07	 1.31845876E-06	 1.11527779E-06	 9.17592570E-07	-3.92499868E-07	-3.17341488E-07	 1.10459230E-07	 3.73741376E-06	-2.45369816E-07	-2.50040976E-07	-2.64011258E-07	 1.67271225E-07	 2.26865635E-07	 3.50260730E-07
 3.490000E-01	-4.21127083E-08	 6.12726393E-09	 3.37945271E-07	-4.99114902E-07	-1.25113689E-06	 9.67170047E-07	 9.41517629E-07	 1.27780421E-06	 1.08417523E-06	 8.93784007E-07	-3.98854135E-07	-3.23832411E-07	 9.62142520E-08	 3.71731912E-06	-2.11902081E-07	-2.42350806E-07	-2.57744058E-07	 1.57721316E-07	 2.16912587E-07	 3.37357954E-07
 3.500000E-01	-4.40907253E-08	 4.90923034E-09	 3.47404411E-07	-3.78020723E-07	-1.20560361E-06	 9.29475590E-07	 9.08540277E-07	 1.23847706E-06	 1.05398408E-06	 8.70608644E-07	-4.05247081E-07	-3.30368086E-07	 8.18507686E-08	 3.69506718E-06	-1.79969377E-07	-2.34763663E-07	-2.51564565E-07	 1.48645694E-07	 2.07376498E-07	 3.24929324E-07
 3.510000E-01	-4.60671572E-08	 3.69651373E-09	 3.56481190E-07	-2.60027158E-07	-1.16127181E-06	 8.93312956E-07	 8.76770454E-07	 1.20043133E-06	 1.02467656E-06	 8.48049862E-07	-4.11680150E-07	-3.36950547E-07	 6.73776056E-08	 3.67068467E-06	-1.49504827E-07	-2.27278806E-07	-2.45473460E-07	 1.40021785E-07	 1.98239850E-07	 3.12957252E-07
 3.520000E-01	-4.80418229E-08	 2.48975666E-09	 3.65177753E-07	-1.45073288E-07	-1.11810607E-06	 8.58619786E-07	 8.46161995E-07	 1.16362267E-06	 9.96225796E-07	 8.26091697E-07	-4.18154777E-07	-3.43582108E-07	 5.28033387E-08	 3.64420542E-06	-1.20444391E-07	-2.19895150E-07	-2.39471255E-07	 1.31828027E-07	 1.89485830E-07	 3.01424881E-07
 3.530000E-01	-5.00145228E-08	 1.28956153E-09	 3.73496237E-07	-3.31103214E-08	-1.07607270E-06	 8.25336140E-07	 8.16670467E-07	 1.12800824E-06	 9.68605728E-07	 8.04718779E-07	-4.24672373E-07	-3.50265320E-07	 3.81361781E-08	 3.61566700E-06	-9.27263626E-08	-2.12611304E-07	-2.33558207E-07	 1.24043898E-07	 1.81098373E-07	 2.90316063E-07
 3.540000E-01	-5.19850328E-08	 9.65041024E-11	 3.81438935E-07	 7.58998571E-08	-1.03513974E-06	 7.93404362E-07	 7.88253056E-07	 1.09354661E-06	 9.41791073E-07	 7.83916272E-07	-4.31234364E-07	-3.57003039E-07	 2.33838631E-08	 3.58510696E-06	-6.62910135E-08	-2.05425707E-07	-2.27734382E-07	 1.16649804E-07	 1.73062072E-07	 2.79615281E-07
 3.550000E-01	-5.39531425E-08	-1.08887835E-09	 3.89007297E-07	 1.81988913E-07	-9.95275649E-07	 7.62769329E-07	 7.60868590E-07	 1.06019777E-06	 9.15757284E-07	 7.63669729E-07	-4.37842215E-07	-3.63798390E-07	 8.55416259E-09	 3.55255782E-06	-4.10818772E-08	-1.98336529E-07	-2.21999813E-07	 1.09626988E-07	 1.65362061E-07	 2.69307559E-07
 3.560000E-01	-5.59186734E-08	-2.26605340E-09	 3.96202001E-07	 2.85182597E-07	-9.56449069E-07	 7.33378642E-07	 7.34477659E-07	 1.02792321E-06	 8.90480553E-07	 7.43964885E-07	-4.44497431E-07	-3.70654616E-07	-6.34457911E-09	 3.51804304E-06	-1.70463960E-08	-1.91341797E-07	-2.16354448E-07	 1.02957590E-07	 1.57984044E-07	 2.59378413E-07
 3.570000E-01	-5.78814543E-08	-3.43445846E-09	 4.03024207E-07	 3.85496539E-07	-9.18630033E-07	 7.05182390E-07	 7.09042651E-07	 9.96686002E-07	 8.65937827E-07	 7.24787595E-07	-4.51201610E-07	-3.77575064E-07	-2.13036792E-08	 3.48157656E-06	 5.86531356E-09	-1.84439714E-07	-2.10798005E-07	 9.66247098E-08	 1.50914408E-07	 2.49813826E-07
 3.580000E-01	-5.98413434E-08	-4.59355979E-09	 4.09475621E-07	 4.82933921E-07	-8.81790232E-07	 6.78133038E-07	 6.84527718E-07	 9.66450726E-07	 8.42106804E-07	 7.06123858E-07	-4.57956389E-07	-3.84563144E-07	-3.63143727E-08	 3.44316349E-06	 2.77009118E-08	-1.77628550E-07	-2.05329922E-07	 9.06124347E-08	 1.44140261E-07	 2.40600299E-07
 3.590000E-01	-6.17982397E-08	-5.74286923E-09	 4.15558271E-07	 5.77485627E-07	-8.45902656E-07	 6.52185331E-07	 6.60898658E-07	 9.37183415E-07	 8.18965891E-07	 6.87959835E-07	-4.64763474E-07	-3.91622376E-07	-5.13677063E-08	 3.40280023E-06	 4.85056691E-08	-1.70906638E-07	-1.99949482E-07	 8.49057021E-08	 1.37649315E-07	 2.31724791E-07
 3.600000E-01	-6.37520922E-08	-6.88194554E-09	 4.21274314E-07	 6.69130730E-07	-8.10941241E-07	 6.27296219E-07	 6.38122815E-07	 9.08851434E-07	 7.96494175E-07	 6.70281854E-07	-4.71624676E-07	-3.98756420E-07	-6.64541145E-08	 3.36047432E-06	 6.83219750E-08	-1.64272415E-07	-1.94655935E-07	 7.94901620E-08	 1.31429773E-07	 2.23174677E-07
 3.610000E-01	-6.57028972E-08	-8.01042063E-09	 4.26625941E-07	 7.57834797E-07	-7.76880977E-07	 6.03424813E-07	 6.16169044E-07	 8.81423490E-07	 7.74671449E-07	 6.53076477E-07	-4.78541924E-07	-4.05969056E-07	-8.15631833E-08	 3.31616605E-06	 8.71893917E-08	-1.57724495E-07	-1.89448561E-07	 7.43521028E-08	 1.25470282E-07	 2.14937723E-07
 3.620000E-01	-6.76507039E-08	-9.12817887E-09	 4.31615717E-07	 8.43544840E-07	-7.43699397E-07	 5.80532402E-07	 5.95007885E-07	 8.54869827E-07	 7.53478390E-07	 6.36330704E-07	-4.85516996E-07	-4.13263846E-07	-9.66844180E-08	 3.26985317E-06	 1.05146220E-07	-1.51261518E-07	-1.84326410E-07	 6.94787129E-08	 1.19760204E-07	 2.07002291E-07
 3.630000E-01	-6.95956330E-08	-1.02354488E-08	 4.36246824E-07	 9.26187795E-07	-7.11376223E-07	 5.58581945E-07	 5.74611186E-07	 8.29161859E-07	 7.32896358E-07	 6.20031948E-07	-4.92551525E-07	-4.20644257E-07	-1.11807847E-07	 3.22151599E-06	 1.22230296E-07	-1.44882022E-07	-1.79288284E-07	 6.48579800E-08	 1.14289550E-07	 1.99357303E-07
 3.640000E-01	-7.15378667E-08	-1.13326916E-08	 4.40522780E-07	 1.00567536E-06	-6.79892198E-07	 5.37537876E-07	 5.54951797E-07	 8.04271899E-07	 7.12907248E-07	 6.04168012E-07	-4.99647213E-07	-4.28113980E-07	-1.26923458E-07	 3.17113908E-06	 1.38477868E-07	-1.38584584E-07	-1.74333080E-07	 6.04783043E-08	 1.09048628E-07	 1.91992050E-07
 3.650000E-01	-7.34776622E-08	-1.24206071E-08	 4.44447448E-07	 1.08190754E-06	-6.49228999E-07	 5.17366088E-07	 5.36003533E-07	 7.80173115E-07	 6.93493475E-07	 5.88727066E-07	-5.06805796E-07	-4.35676832E-07	-1.42020766E-07	 3.11871200E-06	 1.53923143E-07	-1.32367821E-07	-1.69459771E-07	 5.63285120E-08	 1.04028046E-07	 1.84896189E-07
 3.660000E-01	-7.54153568E-08	-1.35001827E-08	 4.48025297E-07	 1.15477322E-06	-6.19369524E-07	 4.98033863E-07	 5.17741175E-07	 7.56839538E-07	 6.74637964E-07	 5.73697644E-07	-5.14029000E-07	-4.43336650E-07	-1.57088863E-07	 3.06423197E-06	 1.68598606E-07	-1.26230418E-07	-1.64667331E-07	 5.23979155E-08	 9.92187775E-08	 1.78059770E-07
 3.670000E-01	-7.73513758E-08	-1.45726733E-08	 4.51261324E-07	 1.22415077E-06	-5.90297693E-07	 4.79509839E-07	 5.00140422E-07	 7.34246016E-07	 6.56324131E-07	 5.59068619E-07	-5.21318569E-07	-4.51097302E-07	-1.72116057E-07	 3.00770727E-06	 1.82534524E-07	-1.20171208E-07	-1.59954802E-07	 4.86762425E-08	 9.46120995E-08	 1.71473191E-07
 3.680000E-01	-7.92862470E-08	-1.56396594E-08	 4.54160941E-07	 1.28990635E-06	-5.61998323E-07	 4.61763970E-07	 4.83177890E-07	 7.12368217E-07	 6.38535885E-07	 5.44829196E-07	-5.28676190E-07	-4.58962554E-07	-1.87089959E-07	 2.94916172E-06	 1.95758987E-07	-1.14189173E-07	-1.55321257E-07	 4.51536744E-08	 9.01996327E-08	 1.65127221E-07
 3.690000E-01	-8.12205736E-08	-1.67031619E-08	 4.56730278E-07	 1.35188990E-06	-5.34457366E-07	 4.44767395E-07	 4.66831112E-07	 6.91182655E-07	 6.21257633E-07	 5.30968911E-07	-5.36103487E-07	-4.66936055E-07	-2.01998665E-07	 2.88863999E-06	 2.08299905E-07	-1.08283398E-07	-1.50765670E-07	 4.18209002E-08	 8.59734180E-08	 1.59013004E-07
 3.700000E-01	-8.31550453E-08	-1.77656372E-08	 4.58976158E-07	 1.40993604E-06	-5.07661892E-07	 4.28492415E-07	 4.51078545E-07	 6.70666685E-07	 6.04474268E-07	 5.17477605E-07	-5.43602019E-07	-4.75021314E-07	-2.16830926E-07	 2.82621079E-06	 2.20185621E-07	-1.02452995E-07	-1.46286933E-07	 3.86691116E-08	 8.19259011E-08	 1.53122051E-07
 3.710000E-01	-8.50904678E-08	-1.88298395E-08	 4.60906213E-07	 1.46386994E-06	-4.81599647E-07	 4.12912431E-07	 4.35899446E-07	 6.50798360E-07	 5.88171070E-07	 5.04345344E-07	-5.51173337E-07	-4.83221761E-07	-2.31575348E-07	 2.76196705E-06	 2.31443486E-07	-9.66971623E-08	-1.41883979E-07	 3.56898938E-08	 7.80498130E-08	 1.47446173E-07
 3.720000E-01	-8.70277770E-08	-1.98988006E-08	 4.62529442E-07	 1.51351118E-06	-4.56258620E-07	 3.98001631E-07	 4.21273645E-07	 6.31556192E-07	 5.72333521E-07	 4.91562281E-07	-5.58819129E-07	-4.91540900E-07	-2.46220493E-07	 2.69602560E-06	 2.42099529E-07	-9.10152378E-08	-1.37555766E-07	 3.28751580E-08	 7.43381112E-08	 1.41977413E-07
 3.730000E-01	-8.89680226E-08	-2.09759066E-08	 4.63855799E-07	 1.55867575E-06	-4.31627565E-07	 3.83735221E-07	 4.07181744E-07	 6.12919398E-07	 5.56947500E-07	 4.79118811E-07	-5.66541049E-07	-4.99982062E-07	-2.60755318E-07	 2.62852827E-06	 2.52179291E-07	-8.54066952E-08	-1.33301266E-07	 3.02172099E-08	 7.07840623E-08	 1.36708116E-07
 3.740000E-01	-9.09123650E-08	-2.20650177E-08	 4.64896002E-07	 1.59917802E-06	-4.07696256E-07	 3.70089451E-07	 3.93605173E-07	 5.94867983E-07	 5.41999352E-07	 4.67005617E-07	-5.74340595E-07	-5.08548208E-07	-2.75170073E-07	 2.55964373E-06	 2.61709378E-07	-7.98710174E-08	-1.29119369E-07	 2.77088253E-08	 6.73813245E-08	 1.31630973E-07
 3.750000E-01	-9.28620750E-08	-2.31702771E-08	 4.65662083E-07	 1.63483883E-06	-3.84455693E-07	 3.57041538E-07	 3.80526118E-07	 5.77382670E-07	 5.27475841E-07	 4.55213643E-07	-5.82219197E-07	-5.17242039E-07	-2.89455497E-07	 2.48956702E-06	 2.70716869E-07	-7.44078049E-08	-1.25009017E-07	 2.53431341E-08	 6.41238373E-08	 1.26738957E-07
 3.760000E-01	-9.48185384E-08	-2.42957374E-08	 4.66168129E-07	 1.66549648E-06	-3.61898215E-07	 3.44569569E-07	 3.67927390E-07	 5.60444802E-07	 5.13364101E-07	 4.43734045E-07	-5.90178391E-07	-5.26066156E-07	-3.03600867E-07	 2.41851825E-06	 2.79225912E-07	-6.90171921E-08	-1.20969476E-07	 2.31134068E-08	 6.10056183E-08	 1.22025214E-07
 3.770000E-01	-9.67832401E-08	-2.54455369E-08	 4.66429734E-07	 1.69100743E-06	-3.40017322E-07	 3.32652396E-07	 3.55792427E-07	 5.44036367E-07	 4.99651659E-07	 4.32558184E-07	-5.98219681E-07	-5.35022767E-07	-3.17595033E-07	 2.34674516E-06	 2.87258351E-07	-6.36998045E-08	-1.17000197E-07	 2.10131612E-08	 5.80208815E-08	 1.17483113E-07
 3.780000E-01	-9.87577585E-08	-2.66241669E-08	 4.66463029E-07	 1.71124256E-06	-3.18807333E-07	 3.21269578E-07	 3.44105324E-07	 5.28140051E-07	 4.86326466E-07	 4.21677644E-07	-6.06344374E-07	-5.44113435E-07	-3.31427934E-07	 2.27452768E-06	 2.94836414E-07	-5.84564589E-08	-1.13100597E-07	 1.90363127E-08	 5.51641927E-08	 1.13106318E-07
 3.790000E-01	-1.00743757E-07	-2.78363388E-08	 4.66284733E-07	 1.72608887E-06	-2.98263318E-07	 3.10401313E-07	 3.32850793E-07	 5.12739197E-07	 4.73376887E-07	 4.11084228E-07	-6.14553628E-07	-5.53339145E-07	-3.45090511E-07	 2.20218040E-06	 3.01982778E-07	-5.32881631E-08	-1.09270136E-07	 1.71771014E-08	 5.24304014E-08	 1.08888754E-07
 3.800000E-01	-1.02742966E-07	-2.90868507E-08	 4.65912354E-07	 1.73545463E-06	-2.78381104E-07	 3.00028334E-07	 3.22014095E-07	 4.97817771E-07	 4.60791676E-07	 4.00769949E-07	-6.22848472E-07	-5.62700315E-07	-3.58574660E-07	 2.13005215E-06	 3.08720413E-07	-4.81961324E-08	-1.05508359E-07	 1.54300382E-08	 4.98145951E-08	 1.04824580E-07
 3.810000E-01	-1.04757144E-07	-3.03804855E-08	 4.65364272E-07	 1.73927536E-06	-2.59157340E-07	 2.90131831E-07	 3.11581010E-07	 4.83360358E-07	 4.48559992E-07	 3.90727048E-07	-6.31229820E-07	-5.72196806E-07	-3.71873789E-07	 2.05852445E-06	 3.15072605E-07	-4.31818070E-08	-1.01814943E-07	 1.37898533E-08	 4.73120632E-08	 1.00908165E-07
 3.820000E-01	-1.06788048E-07	-3.17218932E-08	 4.64659509E-07	 1.73752158E-06	-2.40589775E-07	 2.80693446E-07	 3.01537865E-07	 4.69352232E-07	 4.36671457E-07	 3.80948060E-07	-6.39698333E-07	-5.81827712E-07	-3.84982934E-07	 1.98800830E-06	 3.21062697E-07	-3.82468560E-08	-9.81897308E-08	 1.22514834E-08	 4.49182911E-08	 9.71341047E-08
 3.830000E-01	-1.08837503E-07	-3.31155837E-08	 4.63817464E-07	 1.73020599E-06	-2.22676709E-07	 2.71695144E-07	 2.91871456E-07	 4.55779241E-07	 4.25116065E-07	 3.71425759E-07	-6.48254268E-07	-5.91591213E-07	-3.97897887E-07	 1.91893685E-06	 3.26714851E-07	-3.33929378E-08	-9.46326211E-08	 1.08101515E-08	 4.26290182E-08	 9.34972691E-08
 3.840000E-01	-1.10907307E-07	-3.45657523E-08	 4.62858670E-07	 1.71738753E-06	-2.05416146E-07	 2.63119078E-07	 2.82568921E-07	 4.42627712E-07	 4.13884124E-07	 3.62153146E-07	-6.56897828E-07	-6.01485137E-07	-4.10615363E-07	 1.85175693E-06	 3.32054650E-07	-2.86216945E-08	-9.11436018E-08	 9.46123068E-09	 4.04401270E-08	 8.99926993E-08
 3.850000E-01	-1.12999227E-07	-3.60762435E-08	 4.61804529E-07	 1.69917485E-06	-1.88805693E-07	 2.54947551E-07	 2.73617720E-07	 4.29884442E-07	 4.02966244E-07	 3.53123441E-07	-6.65629032E-07	-6.11506820E-07	-4.23133689E-07	 1.78692238E-06	 3.37108798E-07	-2.39346365E-08	-8.77227053E-08	 8.20027240E-09	 3.83476682E-08	 8.66156307E-08
 3.860000E-01	-1.15114977E-07	-3.76504036E-08	 4.60677445E-07	 1.67572996E-06	-1.72842607E-07	 2.47162970E-07	 2.65005595E-07	 4.17536668E-07	 3.92353333E-07	 3.44330072E-07	-6.74447721E-07	-6.21653162E-07	-4.35452876E-07	 1.72488626E-06	 3.41904761E-07	-1.93331048E-08	-8.43700118E-08	 7.02298460E-09	 3.63478406E-08	 8.33614812E-08
 3.870000E-01	-1.17256192E-07	-3.92908299E-08	 4.59501363E-07	 1.64727120E-06	-1.57523877E-07	 2.39747771E-07	 2.56720519E-07	 4.05572034E-07	 3.82036577E-07	 3.35766666E-07	-6.83353663E-07	-6.31920846E-07	-4.47573719E-07	 1.66609192E-06	 3.46469608E-07	-1.48183893E-08	-8.10857172E-08	 5.92516207E-09	 3.44369265E-08	 8.02258144E-08
 3.880000E-01	-1.19424432E-07	-4.09995150E-08	 4.58300675E-07	 1.61406921E-06	-1.42845183E-07	 2.32684481E-07	 2.48750698E-07	 3.93978592E-07	 3.72007446E-07	 3.27427047E-07	-6.92346532E-07	-6.42306360E-07	-4.59497380E-07	 1.61096518E-06	 3.50830918E-07	-1.03915437E-08	-7.78700340E-08	 4.90272921E-09	 3.26113314E-08	 7.72043535E-08
 3.890000E-01	-1.21621168E-07	-4.27783348E-08	 4.57097488E-07	 1.57643549E-06	-1.28799670E-07	 2.25955909E-07	 2.41084635E-07	 3.82744851E-07	 3.62257734E-07	 3.19305241E-07	-7.01425605E-07	-6.52805547E-07	-4.71227703E-07	 1.55991167E-06	 3.55019183E-07	-6.05283866E-09	-7.47229382E-08	 3.95189040E-09	 3.08677246E-08	 7.42930504E-08
 3.900000E-01	-1.23847730E-07	-4.46287361E-08	 4.55912285E-07	 1.53471928E-06	-1.15379084E-07	 2.19545087E-07	 2.33711075E-07	 3.71859724E-07	 3.52779532E-07	 3.11395446E-07	-7.10589878E-07	-6.63413843E-07	-4.82772350E-07	 1.51331267E-06	 3.59066297E-07	-1.80187164E-09	-7.16442618E-08	 3.06903352E-09	 2.92029485E-08	 7.14880320E-08
 3.910000E-01	-1.26105292E-07	-4.65512244E-08	 4.54765987E-07	 1.48931192E-06	-1.02574922E-07	 2.13435133E-07	 2.26618935E-07	 3.61312464E-07	 3.43565192E-07	 3.03692004E-07	-7.19838336E-07	-6.74126798E-07	-4.94141389E-07	 1.47151412E-06	 3.63003546E-07	 2.36211227E-09	-6.86338567E-08	 2.25059873E-09	 2.76138921E-08	 6.87855299E-08
 3.920000E-01	-1.28394864E-07	-4.85454668E-08	 4.53679352E-07	 1.44064540E-06	-9.03778562E-08	 2.07609336E-07	 2.19797320E-07	 3.51092675E-07	 3.34607332E-07	 2.96189414E-07	-7.29169906E-07	-6.84940077E-07	-5.05346809E-07	 1.43481629E-06	 3.66862009E-07	 6.44033793E-09	-6.56915251E-08	 1.49311268E-09	 2.60975199E-08	 6.61818961E-08
 3.930000E-01	-1.30717302E-07	-5.06104938E-08	 4.52671894E-07	 1.38918496E-06	-7.87770735E-08	 2.02051271E-07	 2.13235532E-07	 3.41190283E-07	 3.25898816E-07	 2.88882323E-07	-7.38583424E-07	-6.95849461E-07	-5.16402780E-07	 1.40346741E-06	 3.70672897E-07	 1.04346605E-08	-6.28169301E-08	 7.93224536E-10	 2.46509005E-08	 6.36736133E-08
 3.940000E-01	-1.33073314E-07	-5.27447984E-08	 4.51761092E-07	 1.33542050E-06	-6.77603129E-08	 1.96744883E-07	 2.06923083E-07	 3.31595523E-07	 3.17432743E-07	 2.81765522E-07	-7.48077549E-07	-7.06850784E-07	-5.27326030E-07	 1.37765960E-06	 3.74467193E-07	 1.43476231E-08	-6.00095587E-08	 1.47724500E-10	 2.32712173E-08	 6.12573054E-08
 3.950000E-01	-1.35463430E-07	-5.49462602E-08	 4.50962703E-07	 1.27985834E-06	-5.73139750E-08	 1.91674527E-07	 2.00849676E-07	 3.22298893E-07	 3.09202417E-07	 2.74833940E-07	-7.57650934E-07	-7.17940259E-07	-5.38136117E-07	 1.35752395E-06	 3.78274937E-07	 1.81823649E-08	-5.72687560E-08	-4.46510437E-10	 2.19557164E-08	 5.89297005E-08
 3.960000E-01	-1.37887979E-07	-5.72121343E-08	 4.50291677E-07	 1.22301276E-06	-4.74225594E-08	 1.86825066E-07	 1.95005213E-07	 3.13291133E-07	 3.01201320E-07	 2.68082653E-07	-7.67302487E-07	-7.29115014E-07	-5.48854416E-07	 1.34312413E-06	 3.82125410E-07	 2.19425955E-08	-5.45937295E-08	-9.92554322E-10	 2.07016661E-08	 5.66875965E-08
 3.970000E-01	-1.40347179E-07	-5.95393988E-08	 4.49760896E-07	 1.16539600E-06	-3.80683549E-08	 1.82182037E-07	 1.89379861E-07	 3.04563244E-07	 2.93423121E-07	 2.61506894E-07	-7.77030980E-07	-7.40372560E-07	-5.59503112E-07	 1.33445633E-06	 3.86047640E-07	 2.56327832E-08	-5.19834401E-08	-1.49332189E-09	 1.95064460E-08	 5.45279300E-08
 3.980000E-01	-1.42841115E-07	-6.19248358E-08	 4.49380806E-07	 1.10750724E-06	-2.92316808E-08	 1.77731730E-07	 1.83964058E-07	 2.96106464E-07	 2.85861662E-07	 2.55102046E-07	-7.86835160E-07	-7.51710943E-07	-5.70105539E-07	 1.33145275E-06	 3.90069517E-07	 2.92580385E-08	-4.94366276E-08	-1.95160291E-09	 1.83675151E-08	 5.24477478E-08
 3.990000E-01	-1.45369752E-07	-6.43651611E-08	 4.49159063E-07	 1.04982243E-06	-2.08909904E-08	 1.73461237E-07	 1.78748532E-07	 2.87912261E-07	 2.78510947E-07	 2.48863639E-07	-7.96713758E-07	-7.63128770E-07	-5.80686222E-07	 1.33398565E-06	 3.94217645E-07	 3.28240604E-08	-4.69518084E-08	-2.37006051E-09	 1.72824086E-08	 5.04441996E-08
 4.000000E-01	-1.47932928E-07	-6.68571893E-08	 4.49100233E-07	 9.92785259E-07	-1.30226883E-08	 1.69358583E-07	 1.73724333E-07	 2.79972330E-07	 2.71365137E-07	 2.42787340E-07	-8.06665477E-07	-7.74625167E-07	-5.91271095E-07	 1.34187137E-06	 3.98518058E-07	 3.63372259E-08	-4.45272258E-08	-2.75120416E-09	 1.62487575E-08	 4.85145410E-08
 4.010000E-01	-1.50530379E-07	-6.93975870E-08	 4.49208172E-07	 9.36804797E-07	-5.60209130E-09	 1.65412648E-07	 1.68882805E-07	 2.72278547E-07	 2.64418512E-07	 2.36868924E-07	-8.16689245E-07	-7.86200241E-07	-6.01886331E-07	 1.35487373E-06	 4.02995315E-07	 3.98043374E-08	-4.21609281E-08	-3.09743473E-09	 1.52642427E-08	 4.66560989E-08
 4.020000E-01	-1.53161835E-07	-7.19827914E-08	 4.49486869E-07	 8.82256283E-07	 1.39492648E-09	 1.61612912E-07	 1.64215513E-07	 2.64822881E-07	 2.57665403E-07	 2.31104204E-07	-8.26784248E-07	-7.97855048E-07	-6.12557300E-07	 1.37271205E-06	 4.07670020E-07	 4.32321775E-08	-3.98508705E-08	-3.41105833E-09	 1.43265816E-08	 4.48662690E-08
 4.030000E-01	-1.55826952E-07	-7.46093630E-08	 4.49937929E-07	 8.29473757E-07	 7.99262201E-09	 1.57949624E-07	 1.59714314E-07	 2.57597481E-07	 2.51100266E-07	 2.25489079E-07	-8.36949895E-07	-8.09591282E-07	-6.23309313E-07	 1.39507167E-06	 4.12559117E-07	 4.66274917E-08	-3.75948980E-08	-3.69428121E-09	 1.34335401E-08	 4.31425080E-08
 4.040000E-01	-1.58525333E-07	-7.72743113E-08	 4.50559174E-07	 7.78741486E-07	 1.42161281E-08	 1.54413977E-07	 1.55371434E-07	 2.50594722E-07	 2.44717716E-07	 2.20019559E-07	-8.47185619E-07	-8.21410857E-07	-6.34167411E-07	 1.42161450E-06	 4.17677645E-07	 4.99971973E-08	-3.53906633E-08	-3.94914648E-09	 1.25829878E-08	 4.14823639E-08
 4.050000E-01	-1.61256543E-07	-7.99749554E-08	 4.51345895E-07	 7.30291780E-07	 2.00906902E-08	 1.50998046E-07	 1.51179469E-07	 2.43807202E-07	 2.38512519E-07	 2.14691757E-07	-8.57490934E-07	-8.33315978E-07	-6.45155736E-07	 1.45198802E-06	 4.23038572E-07	 5.33482388E-08	-3.32356830E-08	-4.17755345E-09	 1.17728807E-08	 3.98834657E-08
 4.060000E-01	-1.64020113E-07	-8.27088362E-08	 4.52291779E-07	 6.84306300E-07	 2.56410364E-08	 1.47694692E-07	 1.47131367E-07	 2.37227729E-07	 2.32479582E-07	 2.09501885E-07	-8.67865516E-07	-8.45309228E-07	-6.56297265E-07	 1.48583308E-06	 4.28652299E-07	 5.66874088E-08	-3.11273971E-08	-4.38128246E-09	 1.10012415E-08	 3.83435102E-08
 4.070000E-01	-1.66815508E-07	-8.54737467E-08	 4.53388852E-07	 6.40917791E-07	 3.08909229E-08	 1.44497476E-07	 1.43220415E-07	 2.30849310E-07	 2.26613937E-07	 2.04446247E-07	-8.78309309E-07	-8.57393585E-07	-6.67614426E-07	 1.52279237E-06	 4.34526111E-07	 6.00211948E-08	-2.90632146E-08	-4.56202006E-09	 1.02661408E-08	 3.68602440E-08
 4.080000E-01	-1.69642260E-07	-8.82680887E-08	 4.54625939E-07	 6.00213226E-07	 3.58634823E-08	 1.41400701E-07	 1.39440284E-07	 2.24665184E-07	 2.20910765E-07	 1.99521255E-07	-8.88821873E-07	-8.69571433E-07	-6.79128365E-07	 1.56251846E-06	 4.40666163E-07	 6.33560594E-08	-2.70404236E-08	-4.72125673E-09	 9.56578829E-09	 3.54315360E-08
 4.090000E-01	-1.72499915E-07	-9.10906342E-08	 4.55990997E-07	 5.62238319E-07	 4.05815824E-08	 1.38399416E-07	 1.35785016E-07	 2.18668810E-07	 2.15365366E-07	 1.94723428E-07	-8.99402853E-07	-8.81845390E-07	-6.90858505E-07	 1.60467486E-06	 4.47077879E-07	 6.66983626E-08	-2.50562488E-08	-4.86035328E-09	 8.89847481E-09	 3.40553283E-08
 4.100000E-01	-1.75387998E-07	-9.39403653E-08	 4.57472291E-07	 5.27004637E-07	 4.50671541E-08	 1.35489290E-07	 1.32248994E-07	 2.12853840E-07	 2.09973152E-07	 1.90049380E-07	-9.10052103E-07	-8.94218490E-07	-7.02822620E-07	 1.64893855E-06	 4.53765090E-07	 7.00541741E-08	-2.31079182E-08	-4.98057758E-09	 8.26254509E-09	 3.27296173E-08
 4.110000E-01	-1.78306029E-07	-9.68164876E-08	 4.59058070E-07	 4.94497099E-07	 4.93408443E-08	 1.32666543E-07	 1.28826947E-07	 2.07214155E-07	 2.04729661E-07	 1.85495836E-07	-9.20769466E-07	-9.06693745E-07	-7.15036582E-07	 1.69500470E-06	 4.60730075E-07	 7.34292454E-08	-2.11926792E-08	-5.08309637E-09	 7.65641120E-09	 3.14524672E-08
 4.120000E-01	-1.81253486E-07	-9.97182706E-08	 4.60736722E-07	 4.64681381E-07	 5.34218943E-08	 1.29927898E-07	 1.25513965E-07	 2.01743913E-07	 1.99630614E-07	 1.81059670E-07	-9.31554645E-07	-9.19273912E-07	-7.27513208E-07	 1.74259058E-06	 4.67973496E-07	 7.68288820E-08	-1.93078652E-08	-5.16899907E-09	 7.07854171E-09	 3.02220107E-08
 4.130000E-01	-1.84229913E-07	-1.02645365E-07	 4.62495851E-07	 4.37503275E-07	 5.73292044E-08	 1.27270560E-07	 1.22305451E-07	 1.96437487E-07	 1.94671856E-07	 1.76737855E-07	-9.42407233E-07	-9.31961555E-07	-7.40261729E-07	 1.79143726E-06	 4.75495260E-07	 8.02580633E-08	-1.74508427E-08	-5.23926858E-09	 6.52748699E-09	 2.90364553E-08
 4.140000E-01	-1.87234850E-07	-1.05598102E-07	 4.64320536E-07	 4.12880320E-07	 6.10822249E-08	 1.24692362E-07	 1.19197129E-07	 1.91289448E-07	 1.89849346E-07	 1.72527443E-07	-9.53326831E-07	-9.44759060E-07	-7.53289758E-07	 1.84131221E-06	 4.83295553E-07	 8.37217396E-08	-1.56189165E-08	-5.29476294E-09	 6.00189054E-09	 2.78940715E-08
 4.150000E-01	-1.90267823E-07	-1.08577183E-07	 4.66194180E-07	 3.90703183E-07	 6.46991609E-08	 1.22191539E-07	 1.16185005E-07	 1.86294555E-07	 1.85159154E-07	 1.68425554E-07	-9.64312920E-07	-9.57668327E-07	-7.66604680E-07	 1.89201354E-06	 4.91374121E-07	 8.72247020E-08	-1.38093839E-08	-5.33623027E-09	 5.50048053E-09	 2.67931943E-08
 4.160000E-01	-1.93328377E-07	-1.11583251E-07	 4.68101120E-07	 3.70846688E-07	 6.81958141E-08	 1.19766436E-07	 1.13265301E-07	 1.81447737E-07	 1.80597457E-07	 1.64429370E-07	-9.75364983E-07	-9.70691076E-07	-7.80212975E-07	 1.94336896E-06	 4.99729542E-07	 9.07712859E-08	-1.20196457E-08	-5.36435311E-09	 5.02204054E-09	 2.57322127E-08
 4.170000E-01	-1.96416083E-07	-1.14616983E-07	 4.70026496E-07	 3.53176753E-07	 7.15863232E-08	 1.17415508E-07	 1.10434436E-07	 1.76744093E-07	 1.76160536E-07	 1.60536134E-07	-9.86482565E-07	-9.83828951E-07	-7.94119902E-07	 1.99523292E-06	 5.08359707E-07	 9.43654272E-08	-1.02471958E-08	-5.37975075E-09	 4.56541036E-09	 2.47095659E-08
 4.180000E-01	-1.99530535E-07	-1.17679300E-07	 4.71954903E-07	 3.37552191E-07	 7.48838013E-08	 1.15137396E-07	 1.07689047E-07	 1.72178896E-07	 1.71844781E-07	 1.56743150E-07	-9.97665114E-07	-9.97083214E-07	-8.08330038E-07	 2.04748599E-06	 5.17262672E-07	 9.80108798E-08	-8.48955969E-09	-5.38295495E-09	 4.12950607E-09	 2.37237546E-08
 4.190000E-01	-2.02671351E-07	-1.20771219E-07	 4.73870374E-07	 3.23828715E-07	 7.80997729E-08	 1.12930859E-07	 1.05025966E-07	 1.67747592E-07	 1.67646689E-07	 1.53047788E-07	-1.00891184E-06	-1.01045452E-06	-8.22848366E-07	 2.10003372E-06	 5.26436456E-07	 1.01711220E-07	-6.74430682E-09	-5.37441414E-09	 3.71331854E-09	 2.27733446E-08
 4.200000E-01	-2.05838096E-07	-1.23893394E-07	 4.75759334E-07	 3.11866748E-07	 8.12438768E-08	 1.10794606E-07	 1.02442169E-07	 1.63445770E-07	 1.63562838E-07	 1.49447471E-07	-1.02022233E-06	-1.02394399E-06	-8.37680333E-07	 2.15279849E-06	 5.35877797E-07	 1.05469517E-07	-5.00916235E-09	-5.35456793E-09	 3.31585446E-09	 2.18569267E-08
 4.210000E-01	-2.09030372E-07	-1.27046398E-07	 4.77610251E-07	 3.01535303E-07	 8.43249976E-08	 1.08727369E-07	 9.99347773E-08	 1.59269160E-07	 1.59589885E-07	 1.45939675E-07	-1.03159634E-06	-1.03755316E-06	-8.52830168E-07	 2.20571303E-06	 5.45583296E-07	 1.09288506E-07	-3.28195792E-09	-5.32381966E-09	 2.93616302E-09	 2.09731356E-08
 4.220000E-01	-2.12247871E-07	-1.30231106E-07	 4.79411674E-07	 2.92708861E-07	 8.73518176E-08	 1.06727993E-07	 9.75010608E-08	 1.55213617E-07	 1.55724542E-07	 1.42521917E-07	-1.04303366E-06	-1.05128352E-06	-8.68301209E-07	 2.25871989E-06	 5.55550045E-07	 1.13170841E-07	-1.56055020E-09	-5.28249974E-09	 2.57336410E-09	 2.01206659E-08
 4.230000E-01	-2.15490310E-07	-1.33448520E-07	 4.81152265E-07	 2.85266121E-07	 9.03324824E-08	 1.04795423E-07	 9.51384454E-08	 1.51275144E-07	 1.51963605E-07	 1.39191770E-07	-1.05453404E-06	-1.06513650E-06	-8.84096435E-07	 2.31177172E-06	 5.65775360E-07	 1.17119066E-07	 1.57154222E-10	-5.23088712E-09	 2.22663205E-09	 1.92982640E-08
 4.240000E-01	-2.18757398E-07	-1.36699660E-07	 4.82821279E-07	 2.79090843E-07	 9.32746063E-08	 1.02928683E-07	 9.28445068E-08	 1.47449898E-07	 1.48303963E-07	 1.35946875E-07	-1.06609720E-06	-1.07911350E-06	-9.00218640E-07	 2.36482975E-06	 5.76257058E-07	 1.21135650E-07	 1.87319715E-09	-5.16921871E-09	 1.89518908E-09	 1.85047250E-08
 4.250000E-01	-2.22048807E-07	-1.39985417E-07	 4.84410284E-07	 2.74074612E-07	 9.61853844E-08	 1.01126867E-07	 9.06169532E-08	 1.43734176E-07	 1.44742593E-07	 1.32784936E-07	-1.07772319E-06	-1.09321648E-06	-9.16669758E-07	 2.41786111E-06	 5.86993419E-07	 1.25222929E-07	 3.58954869E-09	-5.09771517E-09	 1.57828496E-09	 1.77388747E-08
 4.260000E-01	-2.25364326E-07	-1.43306723E-07	 4.85911625E-07	 2.70121590E-07	 9.90709319E-08	 9.93890092E-08	 8.84536063E-08	 1.40124427E-07	 1.41276570E-07	 1.29703722E-07	-1.08941159E-06	-1.10744674E-06	-9.33449401E-07	 2.47084386E-06	 5.97983335E-07	 1.29383143E-07	 5.30811716E-09	-5.01654520E-09	 1.27523494E-09	 1.69996081E-08
 4.270000E-01	-2.28703751E-07	-1.46664425E-07	 4.87317661E-07	 2.67146136E-07	 1.01936346E-07	 9.77140742E-08	 8.63523742E-08	 1.36617228E-07	 1.37903063E-07	 1.26701060E-07	-1.10116194E-06	-1.12180534E-06	-9.50557163E-07	 2.52376768E-06	 6.09224929E-07	 1.33618301E-07	 7.03072271E-09	-4.92585651E-09	 9.85387618E-10	 1.62858595E-08
 4.280000E-01	-2.32066835E-07	-1.50059301E-07	 4.88620695E-07	 2.65068576E-07	 1.04786325E-07	 9.61010342E-08	 8.43112545E-08	 1.33209278E-07	 1.34619331E-07	 1.23774830E-07	-1.11297393E-06	-1.13629342E-06	-9.67993448E-07	 2.57663039E-06	 6.20716104E-07	 1.37930286E-07	 8.75913000E-09	-4.82577487E-09	 7.08121552E-10	 1.55965951E-08
 4.290000E-01	-2.35453329E-07	-1.53492060E-07	 4.89813301E-07	 2.63814233E-07	 1.07625128E-07	 9.45488642E-08	 8.23283356E-08	 1.29897402E-07	 1.31422725E-07	 1.20922970E-07	-1.12484719E-06	-1.15091198E-06	-9.85758749E-07	 2.62943594E-06	 6.32455093E-07	 1.42320930E-07	 1.04950652E-08	-4.71639500E-09	 4.42854653E-10	 1.49308211E-08
 4.300000E-01	-2.38862973E-07	-1.56963241E-07	 4.90888921E-07	 2.63313798E-07	 1.10456266E-07	 9.30564885E-08	 8.04017773E-08	 1.26678536E-07	 1.28310682E-07	 1.18143470E-07	-1.13678147E-06	-1.16566211E-06	-1.00385354E-06	 2.68219344E-06	 6.44439711E-07	 1.46791888E-07	 1.22401845E-08	-4.59779610E-09	 1.89032559E-10	 1.42875773E-08
 4.310000E-01	-2.42295462E-07	-1.60473256E-07	 4.91841034E-07	 2.63501925E-07	 1.13282345E-07	 9.16227541E-08	 7.85298005E-08	 1.23549727E-07	 1.25280719E-07	 1.15434371E-07	-1.14877661E-06	-1.18054485E-06	-1.02227934E-06	 2.73491848E-06	 6.56666671E-07	 1.51344609E-07	 1.39960703E-08	-4.47004374E-09	-5.38767560E-11	 1.36659317E-08
 4.320000E-01	-2.45750540E-07	-1.64022747E-07	 4.92661308E-07	 2.64316030E-07	 1.16105839E-07	 9.02465383E-08	 7.67107161E-08	 1.20508145E-07	 1.22330445E-07	 1.12793777E-07	-1.16083190E-06	-1.19556027E-06	-1.04103780E-06	 2.78763437E-06	 6.69134219E-07	 1.55980761E-07	 1.57643294E-08	-4.33314555E-09	-2.86345409E-10	 1.30650112E-08
 4.330000E-01	-2.49227955E-07	-1.67612342E-07	 4.93342224E-07	 2.65697254E-07	 1.18929513E-07	 8.89268103E-08	 7.49429225E-08	 1.17551068E-07	 1.19457540E-07	 1.10219844E-07	-1.17294669E-06	-1.21070874E-06	-1.06013048E-06	 2.84036557E-06	 6.81842196E-07	 1.60702155E-07	 1.75465591E-08	-4.18709305E-09	-5.08818575E-10	 1.24839751E-08
 4.340000E-01	-2.52727431E-07	-1.71242518E-07	 4.93877851E-07	 2.67593658E-07	 1.21755839E-07	 8.76625467E-08	 7.32248832E-08	 1.14675868E-07	 1.16659749E-07	 1.07710778E-07	-1.18512047E-06	-1.22599104E-06	-1.07955886E-06	 2.89313487E-06	 6.94790728E-07	 1.65510552E-07	 1.93443004E-08	-4.03187839E-09	-7.21726571E-10	 1.19220087E-08
 4.350000E-01	-2.56248686E-07	-1.74913681E-07	 4.94263098E-07	 2.69961757E-07	 1.24586957E-07	 8.64527119E-08	 7.15551194E-08	 1.11880013E-07	 1.13934882E-07	 1.05264836E-07	-1.19735274E-06	-1.24140806E-06	-1.09932434E-06	 2.94596365E-06	 7.07980016E-07	 1.70407673E-07	 2.11590448E-08	-3.86748846E-09	-9.25480705E-10	 1.13783265E-08
 4.360000E-01	-2.59791480E-07	-1.78626305E-07	 4.94493001E-07	 2.72766630E-07	 1.27425035E-07	 8.52962752E-08	 6.99322079E-08	 1.09161064E-07	 1.11280817E-07	 1.02880324E-07	-1.20964279E-06	-1.25696051E-06	-1.11942741E-06	 2.99887187E-06	 7.21411044E-07	 1.75395280E-07	 2.29922556E-08	-3.69389797E-09	-1.12046598E-09	 1.08521789E-08
 4.370000E-01	-2.63355629E-07	-1.82381024E-07	 4.94562495E-07	 2.75978563E-07	 1.30273023E-07	 8.41923286E-08	 6.83547962E-08	 1.06516669E-07	 1.08695495E-07	 1.00555598E-07	-1.22198979E-06	-1.27264919E-06	-1.13986729E-06	 3.05187535E-06	 7.35086406E-07	 1.80475318E-07	 2.48454068E-08	-3.51106604E-09	-1.30703904E-09	 1.03428505E-08
 4.380000E-01	-2.66940798E-07	-1.86178238E-07	 4.94468029E-07	 2.79567495E-07	 1.33134066E-07	 8.31400856E-08	 6.68215923E-08	 1.03944548E-07	 1.06176912E-07	 9.82890516E-08	-1.23439365E-06	-1.28847614E-06	-1.16064469E-06	 3.10498357E-06	 7.49007412E-07	 1.85649576E-07	 2.67199262E-08	-3.31896684E-09	-1.48556578E-09	 9.84962434E-09
 4.390000E-01	-2.70546674E-07	-1.90018339E-07	 4.94205310E-07	 2.83504448E-07	 1.36010315E-07	 8.21386848E-08	 6.53313449E-08	 1.01442503E-07	 1.03723136E-07	 9.60791258E-08	-1.24685385E-06	-1.30444256E-06	-1.18176048E-06	 3.15820880E-06	 7.63174880E-07	 1.90919837E-07	 2.86172337E-08	-3.11754088E-09	-1.65637819E-09	 9.37182137E-09
 4.400000E-01	-2.74172953E-07	-1.93901642E-07	 4.93770193E-07	 2.87762690E-07	 1.38903379E-07	 8.11872092E-08	 6.38828363E-08	 9.90084142E-08	 1.01332295E-07	 9.39243044E-08	-1.25936979E-06	-1.32054941E-06	-1.20321543E-06	 3.21156737E-06	 7.77589592E-07	 1.96287862E-07	 3.05387334E-08	-2.90671113E-09	-1.81978616E-09	 8.90879006E-09
 4.410000E-01	-2.77819324E-07	-1.97828377E-07	 4.93158801E-07	 2.92318229E-07	 1.41814553E-07	 8.02847259E-08	 6.24748886E-08	 9.66402367E-08	 9.90025882E-08	 9.18231167E-08	-1.27194081E-06	-1.33679764E-06	-1.22501008E-06	 3.26507992E-06	 7.92252346E-07	 2.01755400E-07	 3.24858154E-08	-2.68638726E-09	-1.97608147E-09	 8.45990220E-09
 4.420000E-01	-2.81485410E-07	-2.01798623E-07	 4.92366811E-07	 2.97149509E-07	 1.44744684E-07	 7.94302915E-08	 6.11063699E-08	 9.43360136E-08	 9.67322852E-08	 8.97741459E-08	-1.28456609E-06	-1.35318774E-06	-1.24714522E-06	 3.31877328E-06	 8.07163511E-07	 2.07324174E-07	 3.44598507E-08	-2.45646324E-09	-2.12553953E-09	 8.02455242E-09
 4.430000E-01	-2.85170792E-07	-2.05812422E-07	 4.91388782E-07	 3.02235514E-07	 1.47694328E-07	 7.86229629E-08	 5.97761871E-08	 9.20938623E-08	 9.45197168E-08	 8.77760173E-08	-1.29724464E-06	-1.36971981E-06	-1.26962287E-06	 3.37268015E-06	 8.22323323E-07	 2.12995961E-07	 3.64622131E-08	-2.21680695E-09	-2.26841532E-09	 7.60215921E-09
 4.440000E-01	-2.88875059E-07	-2.09869886E-07	 4.90219100E-07	 3.07555791E-07	 1.50664471E-07	 7.78618709E-08	 5.84832938E-08	 8.99119652E-08	 9.23632634E-08	 8.58273945E-08	-1.30997537E-06	-1.38639399E-06	-1.29244521E-06	 3.42683425E-06	 8.37733456E-07	 2.18772734E-07	 3.84943038E-08	-1.96727000E-09	-2.40494411E-09	 7.19216460E-09
 4.450000E-01	-2.92597797E-07	-2.13971137E-07	 4.88853019E-07	 3.13092333E-07	 1.53656466E-07	 7.71462162E-08	 5.72266865E-08	 8.77885632E-08	 9.02613495E-08	 8.39269769E-08	-1.32275726E-06	-1.40321078E-06	-1.31561384E-06	 3.48126662E-06	 8.53396697E-07	 2.24656566E-07	 4.05575247E-08	-1.70770383E-09	-2.53535003E-09	 6.79402894E-09
 4.460000E-01	-2.96338580E-07	-2.18116273E-07	 4.87286209E-07	 3.18830436E-07	 1.56671694E-07	 7.64752326E-08	 5.60053958E-08	 8.57219558E-08	 8.82124420E-08	 8.20734985E-08	-1.33558926E-06	-1.42017082E-06	-1.33913042E-06	 3.53600519E-06	 8.69316053E-07	 2.30649563E-07	 4.26532635E-08	-1.43795729E-09	-2.65984744E-09	 6.40723006E-09
 4.470000E-01	-3.00096943E-07	-2.22305352E-07	 4.85514764E-07	 3.24757959E-07	 1.59711825E-07	 7.58482262E-08	 5.48184924E-08	 8.37104980E-08	 8.62150497E-08	 8.02657274E-08	-1.34847040E-06	-1.43727502E-06	-1.36299684E-06	 3.59107358E-06	 8.85494880E-07	 2.36753903E-07	 4.47829080E-08	-1.15787481E-09	-2.77864145E-09	 6.03126161E-09
 4.480000E-01	-3.03872353E-07	-2.26538325E-07	 4.83536953E-07	 3.30865825E-07	 1.62778988E-07	 7.52645850E-08	 5.36650832E-08	 8.17525877E-08	 8.42677166E-08	 7.85024619E-08	-1.36140019E-06	-1.45452539E-06	-1.38721434E-06	 3.64649038E-06	 9.01936552E-07	 2.42971657E-07	 4.69478168E-08	-8.67320275E-10	-2.89194086E-09	 5.66562138E-09
 4.490000E-01	-3.07664440E-07	-2.30815484E-07	 4.81349665E-07	 3.37150476E-07	 1.65875076E-07	 7.47236437E-08	 5.25442949E-08	 7.98466831E-08	 8.23690390E-08	 7.67825395E-08	-1.37437723E-06	-1.47192251E-06	-1.41178079E-06	 3.70227971E-06	 9.18646280E-07	 2.49305158E-07	 4.91493908E-08	-5.66133508E-10	-2.99992136E-09	 5.30984538E-09
 4.500000E-01	-3.11472810E-07	-2.35137075E-07	 4.78948604E-07	 3.43608876E-07	 1.69001777E-07	 7.42247500E-08	 5.14552771E-08	 7.79912944E-08	 8.05176572E-08	 7.51048302E-08	-1.38740006E-06	-1.48946678E-06	-1.43669510E-06	 3.75846998E-06	 9.35628507E-07	 2.55756729E-07	 5.13890259E-08	-2.54135612E-10	-3.10274824E-09	 4.96348304E-09
 4.510000E-01	-3.15297011E-07	-2.39503260E-07	 4.76329073E-07	 3.50233575E-07	 1.72160945E-07	 7.37673065E-08	 5.03972056E-08	 7.61849723E-08	 7.87122475E-08	 7.34682298E-08	-1.40046758E-06	-1.50715914E-06	-1.46195826E-06	 3.81508774E-06	 9.52886881E-07	 2.62328623E-07	 5.36681150E-08	 6.88684774E-11	-3.20057904E-09	 4.62609207E-09
 4.520000E-01	-3.19136640E-07	-2.43914347E-07	 4.73486003E-07	 3.57010042E-07	 1.75354414E-07	 7.33507358E-08	 4.93692725E-08	 7.44262937E-08	 7.69515097E-08	 7.18716489E-08	-1.41357881E-06	-1.52500084E-06	-1.48757288E-06	 3.87215568E-06	 9.70424959E-07	 2.69023120E-07	 5.59880820E-08	 4.03101335E-10	-3.29355297E-09	 4.29724520E-09
 4.530000E-01	-3.22991274E-07	-2.48370625E-07	 4.70413892E-07	 3.63917639E-07	 1.78583586E-07	 7.29744964E-08	 4.83707069E-08	 7.27138850E-08	 7.52341833E-08	 7.03140266E-08	-1.42673268E-06	-1.54299289E-06	-1.51354343E-06	 3.92969428E-06	 9.88246437E-07	 2.75842676E-07	 5.83504094E-08	 7.48825983E-10	-3.38178829E-09	 3.97653230E-09
 4.540000E-01	-3.26860436E-07	-2.52871981E-07	 4.67108565E-07	 3.70937885E-07	 1.81848443E-07	 7.26379158E-08	 4.74007478E-08	 7.10464244E-08	 7.35590478E-08	 6.87943318E-08	-1.43992813E-06	-1.56113622E-06	-1.53987618E-06	 3.98772163E-06	 1.00635371E-06	 2.82789624E-07	 6.07565505E-08	 1.10632731E-09	-3.46539319E-09	 3.66355585E-09
 4.550000E-01	-3.30743648E-07	-2.57417994E-07	 4.63568613E-07	 3.78063037E-07	 1.85148242E-07	 7.23401444E-08	 4.64586197E-08	 6.94226238E-08	 7.19249142E-08	 6.73115594E-08	-1.45316440E-06	-1.57943246E-06	-1.56657680E-06	 4.04624967E-06	 1.02474810E-06	 2.89865944E-07	 6.32078660E-08	 1.47586770E-09	-3.54447871E-09	 3.35792555E-09
 4.560000E-01	-3.34640473E-07	-2.62008423E-07	 4.59793050E-07	 3.85294030E-07	 1.88483011E-07	 7.20803885E-08	 4.55435703E-08	 6.78412320E-08	 7.03306257E-08	 6.58647326E-08	-1.46644068E-06	-1.59788347E-06	-1.59364933E-06	 4.10528503E-06	 1.04343192E-06	 2.97073679E-07	 6.57057319E-08	 1.85770316E-09	-3.61914857E-09	 3.05926364E-09
 4.570000E-01	-3.38550464E-07	-2.66643157E-07	 4.55780370E-07	 3.92635899E-07	 1.91853267E-07	 7.18579775E-08	 4.46548903E-08	 6.63010436E-08	 6.87750594E-08	 6.44529024E-08	-1.47975606E-06	-1.61649107E-06	-1.62109749E-06	 4.16483269E-06	 1.06240809E-06	 3.04415059E-07	 6.82515693E-08	 2.25210448E-09	-3.68949574E-09	 2.76720490E-09
 4.580000E-01	-3.42473200E-07	-2.71322092E-07	 4.51529492E-07	 4.00099191E-07	 1.95259376E-07	 7.16722023E-08	 4.37918790E-08	 6.48008901E-08	 6.72571231E-08	 6.30751463E-08	-1.49310963E-06	-1.63525714E-06	-1.64892396E-06	 4.22489718E-06	 1.08167946E-06	 3.11892239E-07	 7.08467728E-08	 2.65933561E-09	-3.75561021E-09	 2.48139426E-09
 4.590000E-01	-3.46408394E-07	-2.76045532E-07	 4.47038095E-07	 4.07697770E-07	 1.98702564E-07	 7.15223863E-08	 4.29538463E-08	 6.33396339E-08	 6.57757568E-08	 6.17305696E-08	-1.50649993E-06	-1.65418313E-06	-1.67712868E-06	 4.28548165E-06	 1.10125124E-06	 3.19507647E-07	 7.34927906E-08	 3.07965328E-09	-3.81757120E-09	 2.20149434E-09
 4.600000E-01	-3.50355597E-07	-2.80813757E-07	 4.42304353E-07	 4.15438147E-07	 2.02185526E-07	 7.14081867E-08	 4.21401764E-08	 6.19161653E-08	 6.43299236E-08	 6.04182988E-08	-1.51992641E-06	-1.67327219E-06	-1.70571422E-06	 4.34658213E-06	 1.12112804E-06	 3.27263707E-07	 7.61911090E-08	 3.51331641E-09	-3.87546236E-09	 1.92716208E-09
 4.610000E-01	-3.54314264E-07	-2.85626882E-07	 4.37326189E-07	 4.23321015E-07	 2.05710303E-07	 7.13293253E-08	 4.13502968E-08	 6.05294244E-08	 6.29186244E-08	 5.91374896E-08	-1.53338831E-06	-1.69252699E-06	-1.73468450E-06	 4.40819542E-06	 1.14131377E-06	 3.35162963E-07	 7.89432646E-08	 3.96062719E-09	-3.92935225E-09	 1.65806546E-09
 4.620000E-01	-3.58283816E-07	-2.90484775E-07	 4.32101758E-07	 4.31350173E-07	 2.09277855E-07	 7.12854176E-08	 4.05836474E-08	 5.91784046E-08	 6.15409077E-08	 5.78873349E-08	-1.54688426E-06	-1.71194905E-06	-1.76404207E-06	 4.47032414E-06	 1.16181270E-06	 3.43208091E-07	 8.17508259E-08	 4.42191217E-09	-3.97929614E-09	 1.39388745E-09
 4.630000E-01	-3.62263656E-07	-2.95387050E-07	 4.26630640E-07	 4.39536734E-07	 2.12888572E-07	 7.12759983E-08	 3.98396701E-08	 5.78621288E-08	 6.01958517E-08	 5.66670527E-08	-1.56041300E-06	-1.73154008E-06	-1.79378841E-06	 4.53297366E-06	 1.18262815E-06	 3.51401562E-07	 8.46153231E-08	 4.89749473E-09	-4.02534686E-09	 1.13431701E-09
 4.640000E-01	-3.66253150E-07	-3.00333103E-07	 4.20913224E-07	 4.47896277E-07	 2.16542403E-07	 7.13005215E-08	 3.91177977E-08	 5.65796466E-08	 5.88825587E-08	 5.54758807E-08	-1.57397366E-06	-1.75130244E-06	-1.82392453E-06	 4.59615245E-06	 1.20376020E-06	 3.59745283E-07	 8.75381697E-08	 5.38769575E-09	-4.06755775E-09	 8.79044786E-10
 4.650000E-01	-3.70251646E-07	-3.05322722E-07	 4.14945569E-07	 4.56434080E-07	 2.20240077E-07	 7.13586010E-08	 3.84174984E-08	 5.53300531E-08	 5.76001638E-08	 5.43130810E-08	-1.58756494E-06	-1.77123731E-06	-1.85445202E-06	 4.65988047E-06	 1.22520910E-06	 3.68241484E-07	 9.05208786E-08	 5.89290758E-09	-4.10595547E-09	 6.27776593E-10
 4.660000E-01	-3.74258546E-07	-3.10356387E-07	 4.08718676E-07	 4.65135324E-07	 2.23983835E-07	 7.14501557E-08	 3.77383130E-08	 5.41124865E-08	 5.63478359E-08	 5.31779415E-08	-1.60118442E-06	-1.79134408E-06	-1.88537270E-06	 4.72419075E-06	 1.24698060E-06	 3.76893569E-07	 9.35652588E-08	 6.41359774E-09	-4.14053186E-09	 3.80240941E-10
 4.670000E-01	-3.78273190E-07	-3.15434371E-07	 4.02225958E-07	 4.73974012E-07	 2.27775924E-07	 7.15751651E-08	 3.70798099E-08	 5.29260987E-08	 5.51247590E-08	 5.20697657E-08	-1.61483018E-06	-1.81162348E-06	-1.91668966E-06	 4.78911718E-06	 1.26908142E-06	 3.85704912E-07	 9.66731174E-08	 6.95020916E-09	-4.17128449E-09	 1.36165015E-10
 4.680000E-01	-3.82294905E-07	-3.20556782E-07	 3.95462816E-07	 4.82922979E-07	 2.31617994E-07	 7.17334935E-08	 3.64415437E-08	 5.17700598E-08	 5.39301338E-08	 5.09878736E-08	-1.62850052E-06	-1.83207688E-06	-1.94840613E-06	 4.85469033E-06	 1.29151779E-06	 3.94678679E-07	 9.98461962E-08	 7.50316531E-09	-4.19821458E-09	-1.04721786E-10
 4.690000E-01	-3.86322943E-07	-3.25723775E-07	 3.88424723E-07	 4.91952329E-07	 2.35512418E-07	 7.19251632E-08	 3.58231104E-08	 5.06435650E-08	 5.27631808E-08	 4.99316021E-08	-1.64219370E-06	-1.85270584E-06	-1.98052697E-06	 4.92093674E-06	 1.31429728E-06	 4.03818356E-07	 1.03086328E-07	 8.07290885E-09	-4.22131558E-09	-3.42684974E-10
 4.700000E-01	-3.90356485E-07	-3.30935288E-07	 3.81110512E-07	 5.01036749E-07	 2.39461552E-07	 7.21502168E-08	 3.52241318E-08	 4.95458158E-08	 5.16231326E-08	 4.89003020E-08	-1.65590850E-06	-1.87351329E-06	-2.01305712E-06	 4.98787859E-06	 1.33742759E-06	 4.13127224E-07	 1.06395327E-07	 8.65984232E-09	-4.24058947E-09	-5.77992612E-10
 4.710000E-01	-3.94394951E-07	-3.36191351E-07	 3.73520017E-07	 5.10168817E-07	 2.43465916E-07	 7.24082531E-08	 3.46441506E-08	 4.84760304E-08	 5.05092445E-08	 4.78933447E-08	-1.66964281E-06	-1.89450070E-06	-2.04599528E-06	 5.05554172E-06	 1.36091696E-06	 4.22608451E-07	 1.09774946E-07	 9.26433655E-09	-4.25603692E-09	-8.10900107E-10
 4.720000E-01	-3.98437746E-07	-3.41491916E-07	 3.65652341E-07	 5.19347700E-07	 2.47526095E-07	 7.26988670E-08	 3.40827062E-08	 4.74334547E-08	 4.94207895E-08	 4.69101149E-08	-1.68339496E-06	-1.91567013E-06	-2.07934113E-06	 5.12395559E-06	 1.38477043E-06	 4.32264847E-07	 1.13226872E-07	 9.88679200E-09	-4.26765224E-09	-1.04166167E-09
 4.730000E-01	-4.02484222E-07	-3.46837192E-07	 3.57503683E-07	 5.28562823E-07	 2.51644063E-07	 7.30218763E-08	 3.35393839E-08	 4.64173651E-08	 4.83570634E-08	 4.59500147E-08	-1.69716327E-06	-1.93702360E-06	-2.11309639E-06	 5.19315543E-06	 1.40899320E-06	 4.42099470E-07	 1.16752902E-07	 1.05276656E-08	-4.27541125E-09	-1.27052492E-09
 4.740000E-01	-4.06533680E-07	-3.52227684E-07	 3.49067104E-07	 5.37785411E-07	 2.55822843E-07	 7.33773963E-08	 3.30138445E-08	 4.54270764E-08	 4.73173890E-08	 4.50124666E-08	-1.71094551E-06	-1.95856227E-06	-2.14726603E-06	 5.26318427E-06	 1.43359399E-06	 4.52116311E-07	 1.20355116E-07	 1.11875071E-08	-4.27925909E-09	-1.49772565E-09
 4.750000E-01	-4.10585364E-07	-3.57663530E-07	 3.40336026E-07	 5.46983183E-07	 2.60063914E-07	 7.37655773E-08	 3.25057984E-08	 4.44619616E-08	 4.63011206E-08	 4.40969137E-08	-1.72473865E-06	-1.98028585E-06	-2.18185851E-06	 5.33408589E-06	 1.45858483E-06	 4.62320420E-07	 1.24035853E-07	 1.18669794E-08	-4.27910793E-09	-1.72348517E-09
 4.760000E-01	-4.14638394E-07	-3.63143402E-07	 3.31313929E-07	 5.56157529E-07	 2.64364944E-07	 7.41860130E-08	 3.20148839E-08	 4.35214069E-08	 4.53076213E-08	 4.32028076E-08	-1.73854120E-06	-2.00219695E-06	-2.21688445E-06	 5.40588589E-06	 1.48397115E-06	 4.72715346E-07	 1.27797074E-07	 1.25666834E-08	-4.27489228E-09	-1.94803603E-09
 4.770000E-01	-4.18691944E-07	-3.68665732E-07	 3.22009205E-07	 5.65356552E-07	 2.68722790E-07	 7.46378481E-08	 3.15406427E-08	 4.26047803E-08	 4.43362579E-08	 4.23296092E-08	-1.75235237E-06	-2.02429996E-06	-2.25235122E-06	 5.47859032E-06	 1.50975460E-06	 4.83303402E-07	 1.31640452E-07	 1.32871142E-08	-4.26657174E-09	-2.17161793E-09
 4.780000E-01	-4.22745239E-07	-3.74229603E-07	 3.12426759E-07	 5.74655359E-07	 2.73136461E-07	 7.51204792E-08	 3.10826565E-08	 4.17114681E-08	 4.33864158E-08	 4.14767963E-08	-1.76617063E-06	-2.04659808E-06	-2.28826379E-06	 5.55219708E-06	 1.53593971E-06	 4.94087571E-07	 1.35567866E-07	 1.40287964E-08	-4.25409242E-09	-2.39446303E-09
 4.790000E-01	-4.26797532E-07	-3.79834043E-07	 3.02571819E-07	 5.84150841E-07	 2.77605001E-07	 7.56332992E-08	 3.06405093E-08	 4.08408735E-08	 4.24574947E-08	 4.06438604E-08	-1.77999460E-06	-2.06909477E-06	-2.32462405E-06	 5.62669899E-06	 1.56252917E-06	 5.05070469E-07	 1.39581119E-07	 1.47922326E-08	-4.23740556E-09	-2.61680455E-09
 4.800000E-01	-4.30848290E-07	-3.85478624E-07	 2.92448298E-07	 5.93952787E-07	 2.82128092E-07	 7.61753886E-08	 3.02136827E-08	 3.99923768E-08	 4.15488992E-08	 3.98303052E-08	-1.79382307E-06	-2.09179410E-06	-2.36142647E-06	 5.70208793E-06	 1.58952264E-06	 5.16253615E-07	 1.43681744E-07	 1.55778134E-08	-4.21648743E-09	-2.83888050E-09
 4.810000E-01	-4.34896957E-07	-3.91164466E-07	 2.82049347E-07	 6.04128456E-07	 2.86711779E-07	 7.67467595E-08	 2.98017939E-08	 3.91653621E-08	 4.06600458E-08	 3.90356486E-08	-1.80765437E-06	-2.11469959E-06	-2.39866791E-06	 5.77836444E-06	 1.61692460E-06	 5.27639735E-07	 1.47871683E-07	 1.63860065E-08	-4.19128771E-09	-3.06092212E-09
 4.820000E-01	-4.38942715E-07	-3.96893162E-07	 2.71361046E-07	 6.14671836E-07	 2.91365634E-07	 7.73485934E-08	 2.94047186E-08	 3.83592748E-08	 3.97903743E-08	 3.82594214E-08	-1.82148634E-06	-2.13781389E-06	-2.43635595E-06	 5.85553856E-06	 1.64474564E-06	 5.39233623E-07	 1.52153488E-07	 1.72175011E-08	-4.16169468E-09	-3.28314553E-09
 4.830000E-01	-4.42984720E-07	-4.02665409E-07	 2.60374642E-07	 6.25545511E-07	 2.96094886E-07	 7.79817381E-08	 2.90223208E-08	 3.75735958E-08	 3.89393433E-08	 3.75011681E-08	-1.83531673E-06	-2.16113937E-06	-2.47449979E-06	 5.93361762E-06	 1.67299615E-06	 5.51040068E-07	 1.56529686E-07	 1.80730265E-08	-4.12758263E-09	-3.50576072E-09
 4.840000E-01	-4.47022162E-07	-4.08481189E-07	 2.49088243E-07	 6.36718181E-07	 3.00900993E-07	 7.86464087E-08	 2.86543648E-08	 3.68078021E-08	 3.81064179E-08	 3.67604425E-08	-1.84914389E-06	-2.18467959E-06	-2.51310628E-06	 6.01259700E-06	 1.70168237E-06	 5.63062690E-07	 1.61002497E-07	 1.89532394E-08	-4.08884028E-09	-3.72898130E-09
 4.850000E-01	-4.51054180E-07	-4.14340185E-07	 2.37502219E-07	 6.48165313E-07	 3.05784786E-07	 7.93427210E-08	 2.83006005E-08	 3.60613872E-08	 3.72910734E-08	 3.60368080E-08	-1.86296690E-06	-2.20843923E-06	-2.55218151E-06	 6.09246637E-06	 1.73080515E-06	 5.75304130E-07	 1.65573926E-07	 1.98587877E-08	-4.04535485E-09	-3.95302231E-09
 4.860000E-01	-4.55079890E-07	-4.20242297E-07	 2.25613882E-07	 6.59850804E-07	 3.10747860E-07	 8.00709936E-08	 2.79608168E-08	 3.53338900E-08	 3.64928068E-08	 3.53298426E-08	-1.87678455E-06	-2.23242196E-06	-2.59173087E-06	 6.17322777E-06	 1.76036386E-06	 5.87767148E-07	 1.70246025E-07	 2.07904140E-08	-3.99698525E-09	-4.17809078E-09
 4.870000E-01	-4.59098577E-07	-4.26188418E-07	 2.13414066E-07	 6.71712411E-07	 3.15792912E-07	 8.08316803E-08	 2.76348234E-08	 3.46248744E-08	 3.57111367E-08	 3.46391453E-08	-1.89059356E-06	-2.25662788E-06	-2.63175577E-06	 6.25490681E-06	 1.79036591E-06	 6.00456367E-07	 1.75021335E-07	 2.17489591E-08	-3.94356136E-09	-4.40438149E-09
 4.880000E-01	-4.63109413E-07	-4.32179366E-07	 2.00895599E-07	 6.83664658E-07	 3.20923102E-07	 8.16253592E-08	 2.73224755E-08	 3.39338910E-08	 3.49455787E-08	 3.39643230E-08	-1.90439146E-06	-2.28105942E-06	-2.67226112E-06	 6.33754643E-06	 1.82081832E-06	 6.13376081E-07	 1.79902383E-07	 2.27352182E-08	-3.88492575E-09	-4.63209857E-09
 4.890000E-01	-4.67111500E-07	-4.38216046E-07	 1.88051881E-07	 6.95605668E-07	 3.26141700E-07	 8.24526381E-08	 2.70236380E-08	 3.32604958E-08	 3.41956536E-08	 3.33049936E-08	-1.91817577E-06	-2.30571974E-06	-2.71325548E-06	 6.42120334E-06	 1.85172949E-06	 6.26530831E-07	 1.84891773E-07	 2.37500025E-08	-3.82092039E-09	-4.86144989E-09
 4.900000E-01	-4.71103684E-07	-4.44299327E-07	 1.74875952E-07	 7.07422715E-07	 3.31452905E-07	 8.33146633E-08	 2.67383249E-08	 3.26042763E-08	 3.34608955E-08	 3.26607879E-08	-1.93194325E-06	-2.33061149E-06	-2.75475738E-06	 6.50594173E-06	 1.88311567E-06	 6.39927185E-07	 1.89992689E-07	 2.47942687E-08	-3.75135507E-09	-5.09263954E-09
 4.910000E-01	-4.75084643E-07	-4.50428734E-07	 1.61371911E-07	 7.19057840E-07	 3.36855273E-07	 8.42119654E-08	 2.64665188E-08	 3.19648159E-08	 3.27408420E-08	 3.20313443E-08	-1.94569105E-06	-2.35573880E-06	-2.79678869E-06	 6.59181191E-06	 1.91499366E-06	 6.53571361E-07	 1.95208230E-07	 2.58688955E-08	-3.67606248E-09	-5.32588213E-09
 4.920000E-01	-4.79053307E-07	-4.56602538E-07	 1.47556490E-07	 7.30582264E-07	 3.42339439E-07	 8.51432952E-08	 2.62078626E-08	 3.13416769E-08	 3.20350421E-08	 3.14163111E-08	-1.95941694E-06	-2.38110671E-06	-2.83935690E-06	 6.67883427E-06	 1.94737251E-06	 6.67466856E-07	 2.00540671E-07	 2.69745020E-08	-3.59493517E-09	-5.56140629E-09
 4.930000E-01	-4.83008730E-07	-4.62819360E-07	 1.33443660E-07	 7.42168075E-07	 3.47898780E-07	 8.61074491E-08	 2.59619566E-08	 3.07344464E-08	 3.13430670E-08	 3.08153392E-08	-1.97311928E-06	-2.40672030E-06	-2.88246522E-06	 6.76700761E-06	 1.98025828E-06	 6.81616556E-07	 2.05992124E-07	 2.81117330E-08	-3.50783678E-09	-5.79942924E-09
 4.940000E-01	-4.86949957E-07	-4.69078671E-07	 1.19038211E-07	 7.54034963E-07	 3.53532791E-07	 8.71042276E-08	 2.57285779E-08	 3.01427622E-08	 3.06645181E-08	 3.02280845E-08	-1.98679587E-06	-2.43258298E-06	-2.92612065E-06	 6.85631361E-06	 2.01366376E-06	 6.96025025E-07	 2.11565215E-07	 2.92814254E-08	-3.41455158E-09	-6.04014133E-09
 4.950000E-01	-4.90876114E-07	-4.75380186E-07	 1.04341487E-07	 7.66445173E-07	 3.59242767E-07	 8.81338639E-08	 2.55075951E-08	 2.95663018E-08	 2.99990224E-08	 2.96542086E-08	-2.00044408E-06	-2.45869671E-06	-2.97033200E-06	 6.94669683E-06	 2.04760990E-06	 7.10698245E-07	 2.17262949E-07	 3.04845529E-08	-3.31479600E-09	-6.28370706E-09
 4.960000E-01	-4.94786467E-07	-4.81723630E-07	 8.93558770E-08	 7.79726520E-07	 3.65029679E-07	 8.91966830E-08	 2.52988994E-08	 2.90047727E-08	 2.93462257E-08	 2.90933822E-08	-2.01406106E-06	-2.48506270E-06	-3.01510705E-06	 7.03802672E-06	 2.08212468E-06	 7.25643325E-07	 2.23088579E-07	 3.17221838E-08	-3.20823703E-09	-6.53027243E-09
 4.970000E-01	-4.98679961E-07	-4.88108030E-07	 7.40904118E-08	 7.94295996E-07	 3.70894327E-07	 9.02933784E-08	 2.51024870E-08	 2.84578691E-08	 2.87057539E-08	 2.85452796E-08	-2.02764653E-06	-2.51168799E-06	-3.06046442E-06	 7.13006570E-06	 2.11722715E-06	 7.40865203E-07	 2.29044917E-07	 3.29953319E-08	-3.09455603E-09	-6.77999877E-09
 4.980000E-01	-5.02555490E-07	-4.94533356E-07	 5.85512644E-08	 8.10669029E-07	 3.76836933E-07	 9.14246879E-08	 2.49183353E-08	 2.79252508E-08	 2.80772109E-08	 2.80096001E-08	-2.04119892E-06	-2.53857864E-06	-3.10642367E-06	 7.22244244E-06	 2.15293719E-06	 7.56369145E-07	 2.35134998E-07	 3.43050303E-08	-2.97347404E-09	-7.03308039E-09
 4.990000E-01	-5.06411875E-07	-5.01000415E-07	 4.27422592E-08	 8.29456698E-07	 3.82857542E-07	 9.25916658E-08	 2.47464738E-08	 2.74065561E-08	 2.74601771E-08	 2.74860658E-08	-2.05471583E-06	-2.56574046E-06	-3.15300248E-06	 7.31462630E-06	 2.18927235E-06	 7.72160423E-07	 2.41362040E-07	 3.56523410E-08	-2.84476114E-09	-7.28975425E-09
 5.000000E-01	-5.10248134E-07	-5.07511098E-07	 2.66663743E-08	 8.51358878E-07	 3.88954920E-07	 9.37949257E-08	 2.45867900E-08	 2.69013560E-08	 2.68541934E-08	 2.69744134E-08	-2.06819567E-06	-2.59318168E-06	-3.20020719E-06	 7.40591221E-06	 2.22623371E-06	 7.88240578E-07	 2.47728483E-07	 3.70381004E-08	-2.70829951E-09	-7.55031966E-09
 5.010000E-01	-5.14063409E-07	-5.14070352E-07	 1.03079168E-08	 8.77053765E-07	 3.95137530E-07	 9.50362016E-08	 2.44392601E-08	 2.64091673E-08	 2.62587694E-08	 2.64743903E-08	-2.08163615E-06	-2.62090989E-06	-3.24804277E-06	 7.49543441E-06	 2.26381606E-06	 8.04610238E-07	 2.54236897E-07	 3.84631915E-08	-2.56400432E-09	-7.81511747E-09
 5.020000E-01	-5.17856679E-07	-5.20686028E-07	-6.37492804E-09	 9.07051128E-07	 4.01430049E-07	 9.63205948E-08	 2.43045011E-08	 2.59295956E-08	 2.56734342E-08	 2.59857446E-08	-2.09503209E-06	-2.64892690E-06	-3.29653181E-06	 7.58216045E-06	 2.30203545E-06	 8.21275930E-07	 2.60891793E-07	 3.99291418E-08	-2.41162685E-09	-8.08446158E-09
 5.030000E-01	-5.21626927E-07	-5.27365295E-07	-2.34217985E-08	 9.41712888E-07	 4.07856909E-07	 9.76542453E-08	 2.41834960E-08	 2.54623602E-08	 2.50977497E-08	 2.55082108E-08	-2.10837871E-06	-2.67723304E-06	-3.34570304E-06	 7.66483113E-06	 2.34091827E-06	 8.38245521E-07	 2.67698112E-07	 4.14377549E-08	-2.25079060E-09	-8.35862585E-09
 5.040000E-01	-5.25373532E-07	-5.34114087E-07	-4.08590431E-08	 9.81338231E-07	 4.14433796E-07	 9.90420414E-08	 2.40771224E-08	 2.50072109E-08	 2.45312886E-08	 2.50415022E-08	-2.12167333E-06	-2.70582966E-06	-3.39557582E-06	 7.74190379E-06	 2.38048485E-06	 8.55523265E-07	 2.74659799E-07	 4.29906794E-08	-2.08108134E-09	-8.63785978E-09
 5.050000E-01	-5.29096145E-07	-5.40938067E-07	-5.87089338E-08	 1.02616727E-06	 4.21175323E-07	 1.00488698E-07	 2.39863403E-08	 2.45639623E-08	 2.39736420E-08	 2.45853129E-08	-2.13491455E-06	-2.73471711E-06	-3.44616271E-06	 7.81153500E-06	 2.42075227E-06	 8.73111313E-07	 2.81780314E-07	 4.45895965E-08	-1.90199389E-09	-8.92237339E-09
 5.060000E-01	-5.32794684E-07	-5.47842493E-07	-7.69896820E-08	 1.07636233E-06	 4.28096090E-07	 1.01999135E-07	 2.39123036E-08	 2.41325443E-08	 2.34244308E-08	 2.41393228E-08	-2.14810226E-06	-2.76389445E-06	-3.49746681E-06	 7.87158411E-06	 2.46173291E-06	 8.91009472E-07	 2.89062600E-07	 4.62362814E-08	-1.71291378E-09	-9.21233081E-09
 5.070000E-01	-5.36469755E-07	-5.54833468E-07	-9.57197535E-08	 1.13199255E-06	 4.35206316E-07	 1.03577205E-07	 2.38560683E-08	 2.37129519E-08	 2.28832973E-08	 2.37032200E-08	-2.16123460E-06	-2.79335381E-06	-3.54946359E-06	 7.91962789E-06	 2.50343982E-06	 9.09216711E-07	 2.96509531E-07	 4.79325657E-08	-1.51316559E-09	-9.50787997E-09
 5.080000E-01	-5.40122110E-07	-5.61917315E-07	-1.14916770E-07	 1.19298157E-06	 4.42515708E-07	 1.05226585E-07	 2.38188284E-08	 2.33052169E-08	 2.23498797E-08	 2.32766936E-08	-2.17431011E-06	-2.82308620E-06	-3.60211882E-06	 7.95301619E-06	 2.54587294E-06	 9.27728967E-07	 3.04123695E-07	 4.96803225E-08	-1.30202915E-09	-9.80916988E-09
 5.090000E-01	-5.43752459E-07	-5.69100551E-07	-1.34599576E-07	 1.25904709E-06	 4.50035912E-07	 1.06951342E-07	 2.38020484E-08	 2.29094642E-08	 2.18238297E-08	 2.28594384E-08	-2.18732633E-06	-2.85307913E-06	-3.65539492E-06	 7.96892567E-06	 2.58902917E-06	 9.46541661E-07	 3.11908094E-07	 5.14817237E-08	-1.07868109E-09	-1.01163400E-08
 5.100000E-01	-5.47361106E-07	-5.76388442E-07	-1.54782762E-07	 1.32968966E-06	 4.57775924E-07	 1.08756287E-07	 2.38076681E-08	 2.25259807E-08	 2.13048380E-08	 2.24511608E-08	-2.20027807E-06	-2.88331323E-06	-3.70925880E-06	 7.96439961E-06	 2.63291532E-06	 9.65653627E-07	 3.19867250E-07	 5.33395539E-08	-8.42120245E-10	-1.04295021E-08
 5.110000E-01	-5.50948184E-07	-5.83782179E-07	-1.75451448E-07	 1.40434953E-06	 4.65719774E-07	 1.10643405E-07	 2.38375554E-08	 2.21551572E-08	 2.07926187E-08	 2.20515700E-08	-2.21316010E-06	-2.91376633E-06	-3.76366479E-06	 7.93637230E-06	 2.67752327E-06	 9.85060426E-07	 3.28005255E-07	 5.52566045E-08	-5.91316152E-10	-1.07487764E-08
 5.120000E-01	-5.54514400E-07	-5.91279372E-07	-1.96552705E-07	 1.48258167E-06	 4.73821303E-07	 1.12608935E-07	 2.38927618E-08	 2.17973629E-08	 2.02868779E-08	 2.16603655E-08	-2.22597117E-06	-2.94442006E-06	-3.81852668E-06	 7.88174498E-06	 2.72279802E-06	 1.00474489E-06	 3.36322940E-07	 5.72348530E-08	-3.25407317E-10	-1.10743318E-08
 5.130000E-01	-5.58060934E-07	-5.98877822E-07	-2.18028904E-07	 1.56398804E-06	 4.82031511E-07	 1.14647198E-07	 2.39740307E-08	 2.14530136E-08	 1.97873493E-08	 2.12772492E-08	-2.23870973E-06	-2.97525150E-06	-3.87372442E-06	 7.79755150E-06	 2.76866216E-06	 1.02468527E-06	 3.44820255E-07	 5.92761362E-08	-4.35462642E-11	-1.14063462E-08
 5.140000E-01	-5.61589019E-07	-6.06575171E-07	-2.39826072E-07	 1.64809506E-06	 4.90304942E-07	 1.16752716E-07	 2.40822765E-08	 2.11226553E-08	 1.92938202E-08	 2.09019331E-08	-2.25137254E-06	-3.00623065E-06	-3.92911860E-06	 7.68114981E-06	 2.81502629E-06	 1.04485937E-06	 3.53497546E-07	 6.13825064E-08	 2.55191979E-10	-1.17449829E-08
 5.150000E-01	-5.65100351E-07	-6.14368440E-07	-2.61883684E-07	 1.73432385E-06	 4.98590178E-07	 1.18918020E-07	 2.42181118E-08	 2.08068790E-08	 1.88061190E-08	 2.05341425E-08	-2.26395639E-06	-3.03732410E-06	-3.98454063E-06	 7.53038665E-06	 2.86178133E-06	 1.06524088E-06	 3.62354243E-07	 6.35557468E-08	 5.71682712E-10	-1.20904148E-08
 5.160000E-01	-5.68596713E-07	-6.22254816E-07	-2.84143259E-07	 1.82190556E-06	 5.06841437E-07	 1.21135551E-07	 2.43821199E-08	 2.05063233E-08	 1.83241141E-08	 2.01736180E-08	-2.27645710E-06	-3.06849477E-06	-4.03981073E-06	 7.34376480E-06	 2.90881146E-06	 1.08580357E-06	 3.71390056E-07	 6.57977013E-08	 9.06831798E-10	-1.24428071E-08
 5.170000E-01	-5.72079013E-07	-6.30229261E-07	-3.06545819E-07	 1.90983419E-06	 5.15017950E-07	 1.23399451E-07	 2.45753797E-08	 2.02217638E-08	 1.78477392E-08	 1.98201135E-08	-2.28887001E-06	-3.09970409E-06	-4.09477273E-06	 7.12057899E-06	 2.95599557E-06	 1.10652347E-06	 3.80605683E-07	 6.81106422E-08	 1.26170117E-09	-1.28022672E-08
 5.180000E-01	-5.75547931E-07	-6.38283644E-07	-3.29018188E-07	 1.99700229E-06	 5.23060621E-07	 1.25701398E-07	 2.47986250E-08	 1.99540308E-08	 1.73769875E-08	 1.94734108E-08	-2.30118929E-06	-3.13091013E-06	-4.14927353E-06	 6.86094153E-06	 3.00321022E-06	 1.12737717E-06	 3.90001828E-07	 7.04968105E-08	 1.63737982E-09	-1.31688784E-08
 5.190000E-01	-5.79004384E-07	-6.46407569E-07	-3.51469252E-07	 2.08235599E-06	 5.30890226E-07	 1.28028998E-07	 2.50517638E-08	 1.97038800E-08	 1.69118726E-08	 1.91333150E-08	-2.31341126E-06	-3.16207505E-06	-4.20315784E-06	 6.56580052E-06	 3.05031538E-06	 1.14833669E-06	 3.99577408E-07	 7.29578059E-08	 2.03483142E-09	-1.35427335E-08
 5.200000E-01	-5.82449521E-07	-6.54590536E-07	-3.73809726E-07	 2.16490432E-06	 5.38425047E-07	 1.30367675E-07	 2.53340009E-08	 1.94719690E-08	 1.64524248E-08	 1.87996499E-08	-2.32553447E-06	-3.19316643E-06	-4.25627970E-06	 6.23697379E-06	 3.09715433E-06	 1.16936973E-06	 4.09329565E-07	 7.54946165E-08	 2.45490048E-09	-1.39239153E-08
 5.210000E-01	-5.85884223E-07	-6.62823652E-07	-3.95976097E-07	 2.24357956E-06	 5.45602145E-07	 1.32704603E-07	 2.56444678E-08	 1.92589307E-08	 1.59987226E-08	 1.84722748E-08	-2.33755500E-06	-3.22414859E-06	-4.30851460E-06	 5.87714605E-06	 3.14358787E-06	 1.19045030E-06	 4.19256771E-07	 7.81084682E-08	 2.89850591E-09	-1.43124651E-08
 5.220000E-01	-5.89308826E-07	-6.71098775E-07	-4.17922643E-07	 2.31718111E-06	 5.52375035E-07	 1.35029747E-07	 2.59825284E-08	 1.90653813E-08	 1.55508914E-08	 1.81510939E-08	-2.34946498E-06	-3.25498141E-06	-4.35976377E-06	 5.48977431E-06	 3.18951925E-06	 1.21156478E-06	 4.29360422E-07	 8.08011024E-08	 3.36666219E-09	-1.47083896E-08
 5.230000E-01	-5.92723373E-07	-6.79406557E-07	-4.39596319E-07	 2.38451850E-06	 5.58694010E-07	 1.37332805E-07	 2.63472915E-08	 1.88918150E-08	 1.51090508E-08	 1.78360322E-08	-2.36125854E-06	-3.28563357E-06	-4.40996121E-06	 5.07892794E-06	 3.23487241E-06	 1.23270300E-06	 4.39641807E-07	 8.35738440E-08	 3.86023936E-09	-1.51117087E-08
 5.240000E-01	-5.96127597E-07	-6.87737229E-07	-4.60943346E-07	 2.44452765E-06	 5.64507951E-07	 1.39603121E-07	 2.67374507E-08	 1.87385586E-08	 1.46733076E-08	 1.75270398E-08	-2.37293047E-06	-3.31607981E-06	-4.45907337E-06	 4.64908889E-06	 3.27959644E-06	 1.25386004E-06	 4.50102545E-07	 8.64277188E-08	 4.37997927E-09	-1.55224645E-08
 5.250000E-01	-5.99520697E-07	-6.96080637E-07	-4.81910558E-07	 2.49636234E-06	 5.69768660E-07	 1.41831025E-07	 2.71516103E-08	 1.86057824E-08	 1.42437457E-08	 1.72240817E-08	-2.38447618E-06	-3.34630143E-06	-4.50710504E-06	 4.20494566E-06	 3.32366866E-06	 1.27503766E-06	 4.60745143E-07	 8.93636435E-08	 4.92652944E-09	-1.59407112E-08
 5.260000E-01	-6.02902396E-07	-7.04427485E-07	-5.02442363E-07	 2.53954221E-06	 5.74419414E-07	 1.44004606E-07	 2.75875120E-08	 1.84934123E-08	 1.38204079E-08	 1.69271496E-08	-2.39589289E-06	-3.37628763E-06	-4.55407632E-06	 3.75116389E-06	 3.36709333E-06	 1.29623989E-06	 4.71571141E-07	 9.23817284E-08	 5.50025351E-09	-1.63665752E-08
 5.270000E-01	-6.06272957E-07	-7.12770768E-07	-5.22497436E-07	 2.57393214E-06	 5.78409736E-07	 1.46111253E-07	 2.80421461E-08	 1.84011650E-08	 1.34033053E-08	 1.66362616E-08	-2.40717956E-06	-3.40603410E-06	-4.60001940E-06	 3.29223929E-06	 3.40989130E-06	 1.31747202E-06	 4.82581121E-07	 9.54814528E-08	 6.10131779E-09	-1.68002287E-08
 5.280000E-01	-6.09632312E-07	-7.21105833E-07	-5.42062078E-07	 2.59955913E-06	 5.81716570E-07	 1.48142224E-07	 2.85127135E-08	 1.83286624E-08	 1.29924398E-08	 1.63514559E-08	-2.41833439E-06	-3.43553798E-06	-4.64498721E-06	 2.83241207E-06	 3.45210241E-06	 1.33874588E-06	 4.93777048E-07	 9.86625863E-08	 6.72995813E-09	-1.72418195E-08
 5.290000E-01	-6.12979595E-07	-7.29428747E-07	-5.61140732E-07	 2.61651537E-06	 5.84334957E-07	 1.50093154E-07	 2.89969646E-08	 1.82755026E-08	 1.25878241E-08	 1.60727952E-08	-2.42935196E-06	-3.46479143E-06	-4.68904638E-06	 2.37555277E-06	 3.49379963E-06	 1.36008526E-06	 5.05164265E-07	 1.01925825E-07	 7.38663740E-09	-1.76914429E-08
 5.300000E-01	-6.16313570E-07	-7.37734298E-07	-5.79732004E-07	 2.62510199E-06	 5.86247470E-07	 1.51959426E-07	 2.94924711E-08	 1.82412293E-08	 1.21894751E-08	 1.58003701E-08	-2.44022572E-06	-3.49378628E-06	-4.73226906E-06	 1.92501869E-06	 3.53508441E-06	 1.38152036E-06	 5.16749561E-07	 1.05272156E-07	 8.07189879E-09	-1.81491870E-08
 5.310000E-01	-6.19633420E-07	-7.46016587E-07	-5.97818414E-07	 2.62602400E-06	 5.87422522E-07	 1.53733509E-07	 2.99960535E-08	 1.82251764E-08	 1.17973422E-08	 1.55342636E-08	-2.45095658E-06	-3.52253319E-06	-4.77475054E-06	 1.48356850E-06	 3.57605322E-06	 1.40307210E-06	 5.28535862E-07	 1.08701252E-07	 8.78596260E-09	-1.86152153E-08
 5.320000E-01	-6.22938890E-07	-7.54272857E-07	-6.15395016E-07	 2.62029398E-06	 5.87845229E-07	 1.55408446E-07	 3.05041173E-08	 1.82264474E-08	 1.14112994E-08	 1.52745603E-08	-2.46154712E-06	-3.55104837E-06	-4.81658688E-06	 1.05333336E-06	 3.61680880E-06	 1.42476036E-06	 5.40525067E-07	 1.12212197E-07	 9.52880822E-09	-1.90897891E-08
 5.330000E-01	-6.26229834E-07	-7.62503267E-07	-6.32478254E-07	 2.60902431E-06	 5.87527620E-07	 1.56980647E-07	 3.10133264E-08	 1.82440738E-08	 1.10311900E-08	 1.50213570E-08	-2.47199865E-06	-3.57934570E-06	-4.85786436E-06	 6.35874746E-07	 3.65745779E-06	 1.44660837E-06	 5.52720134E-07	 1.15804257E-07	 1.03003669E-08	-1.95732345E-08
 5.340000E-01	-6.29506959E-07	-7.70711232E-07	-6.49100453E-07	 2.59328562E-06	 5.86504981E-07	 1.58447916E-07	 3.15202028E-08	 1.82769914E-08	 1.06568052E-08	 1.47747568E-08	-2.48231518E-06	-3.60744527E-06	-4.89866197E-06	 2.32269924E-07	 3.69810270E-06	 1.46863478E-06	 5.65122087E-07	 1.19475883E-07	 1.11002615E-08	-2.00660081E-08
 5.350000E-01	-6.32770768E-07	-7.78903121E-07	-6.65320944E-07	 2.57379195E-06	 5.84851351E-07	 1.59813486E-07	 3.20219688E-08	 1.83241128E-08	 1.02878954E-08	 1.45348603E-08	-2.49249805E-06	-3.63536087E-06	-4.93904279E-06	-1.56762961E-07	 3.73883765E-06	 1.49086317E-06	 5.77733982E-07	 1.23226136E-07	 1.19281532E-08	-2.05686198E-08
 5.360000E-01	-6.36019781E-07	-7.87083132E-07	-6.81209484E-07	 2.55072144E-06	 5.82656697E-07	 1.61087371E-07	 3.25175040E-08	 1.83845606E-08	 9.92424467E-09	 1.43017578E-08	-2.50254158E-06	-3.66309008E-06	-4.97905696E-06	-5.30754860E-07	 3.77974323E-06	 1.51332985E-06	 5.90564901E-07	 1.27056401E-07	 1.27842989E-08	-2.10814706E-08
 5.370000E-01	-6.39252023E-07	-7.95251701E-07	-6.96811204E-07	 2.52401964E-06	 5.79974664E-07	 1.62276648E-07	 3.30055963E-08	 1.84575324E-08	 9.56564668E-09	 1.40755405E-08	-2.51243957E-06	-3.69062918E-06	-5.01875095E-06	-8.89509296E-07	 3.82090847E-06	 1.53607188E-06	 6.03624660E-07	 1.30968460E-07	 1.36691059E-08	-2.16049578E-08
 5.380000E-01	-6.42466111E-07	-8.03407786E-07	-7.12147965E-07	 2.49369215E-06	 5.76826351E-07	 1.63382781E-07	 3.34841023E-08	 1.85421177E-08	 9.21183768E-09	 1.38562864E-08	-2.52219031E-06	-3.71798490E-06	-5.05817834E-06	-1.23312996E-06	 3.86242762E-06	 1.55911867E-06	 6.16920080E-07	 1.34963138E-07	 1.45827558E-08	-2.21395641E-08
 5.390000E-01	-6.45660720E-07	-8.11550027E-07	-7.27238743E-07	 2.45980727E-06	 5.73229337E-07	 1.64406133E-07	 3.39507290E-08	 1.86373853E-08	 8.86252130E-09	 1.36440531E-08	-2.53179415E-06	-3.74516813E-06	-5.09739380E-06	-1.56196783E-06	 3.90438161E-06	 1.58249422E-06	 6.30456602E-07	 1.39041001E-07	 1.55254352E-08	-2.26857906E-08
 5.400000E-01	-6.48834504E-07	-8.19677604E-07	-7.42108712E-07	 2.42240629E-06	 5.69203691E-07	 1.65347466E-07	 3.44032809E-08	 1.87424363E-08	 8.51739611E-09	 1.34388980E-08	-2.54124883E-06	-3.77218253E-06	-5.13643021E-06	-1.87654758E-06	 3.94684699E-06	 1.60622402E-06	 6.44240987E-07	 1.43203155E-07	 1.64975161E-08	-2.32441396E-08
 5.410000E-01	-6.51986149E-07	-8.27790286E-07	-7.56785381E-07	 2.38146856E-06	 5.64767190E-07	 1.66207802E-07	 3.48396976E-08	 1.88563636E-08	 8.17612492E-09	 1.32408698E-08	-2.55054942E-06	-3.79902481E-06	-5.17530084E-06	-2.17749260E-06	 3.98989834E-06	 1.63033706E-06	 6.58281834E-07	 1.47451360E-07	 1.74994909E-08	-2.38151482E-08
 5.420000E-01	-6.55114183E-07	-8.35887345E-07	-7.71291748E-07	 2.33693546E-06	 5.59931968E-07	 1.66988593E-07	 3.52582329E-08	 1.89782557E-08	 7.83831480E-09	 1.30499842E-08	-2.55969174E-06	-3.82569324E-06	-5.21402071E-06	-2.46546146E-06	 4.03359506E-06	 1.65486082E-06	 6.72587764E-07	 1.51787583E-07	 1.85318718E-08	-2.43993886E-08
 5.430000E-01	-6.58216222E-07	-8.43966096E-07	-7.85643479E-07	 2.28873431E-06	 5.54694482E-07	 1.67692059E-07	 3.56576422E-08	 1.91072317E-08	 7.50354712E-09	 1.28662311E-08	-2.56866793E-06	-3.85217710E-06	-5.25259339E-06	-2.74112445E-06	 4.07798349E-06	 1.67982844E-06	 6.87170609E-07	 1.56215139E-07	 1.95955107E-08	-2.49973999E-08
 5.440000E-01	-6.61289623E-07	-8.52021745E-07	-7.99836113E-07	 2.23700686E-06	 5.49020219E-07	 1.68317921E-07	 3.60366386E-08	 1.92423836E-08	 7.17135118E-09	 1.26895710E-08	-2.57747065E-06	-3.87846738E-06	-5.29103111E-06	-3.00517865E-06	 4.12311050E-06	 1.70527298E-06	 7.02042638E-07	 1.60737745E-07	 2.06913140E-08	-2.56097508E-08
 5.450000E-01	-6.64333650E-07	-8.60051382E-07	-8.13852076E-07	 2.18234565E-06	 5.42862545E-07	 1.68860450E-07	 3.63926461E-08	 1.93826672E-08	 6.84117315E-09	 1.25199632E-08	-2.58610083E-06	-3.90457465E-06	-5.32937251E-06	-3.25839837E-06	 4.16904972E-06	 1.73121328E-06	 7.17209576E-07	 1.65356722E-07	 2.18195140E-08	-2.62372318E-08
 5.460000E-01	-6.67348392E-07	-8.68054915E-07	-8.27687828E-07	 2.12556671E-06	 5.36207395E-07	 1.69315942E-07	 3.67230639E-08	 1.95270457E-08	 6.51243942E-09	 1.23573683E-08	-2.59456214E-06	-3.93051489E-06	-5.36765736E-06	-3.50158812E-06	 4.21586667E-06	 1.75766065E-06	 7.32674588E-07	 1.70072556E-07	 2.29801971E-08	-2.68807046E-08
 5.470000E-01	-6.70333338E-07	-8.76033265E-07	-8.41357676E-07	 2.06738456E-06	 5.29072987E-07	 1.69686472E-07	 3.70263832E-08	 1.96746246E-08	 6.18460621E-09	 1.22017444E-08	-2.60285380E-06	-3.95629237E-06	-5.40590183E-06	-3.73548852E-06	 4.26359970E-06	 1.78463087E-06	 7.48444107E-07	 1.74887182E-07	 2.41739164E-08	-2.75409410E-08
 5.480000E-01	-6.73287819E-07	-8.83987408E-07	-8.54878751E-07	 2.00836204E-06	 5.21482031E-07	 1.69975769E-07	 3.73015256E-08	 1.98246218E-08	 5.85716210E-09	 1.20530614E-08	-2.61097242E-06	-3.98190456E-06	-5.44410622E-06	-3.96074527E-06	 4.31228297E-06	 1.81214204E-06	 7.64526474E-07	 1.79803355E-07	 2.54015379E-08	-2.82186670E-08
 5.490000E-01	-6.76211060E-07	-8.91917633E-07	-8.68263310E-07	 1.94896201E-06	 5.13452346E-07	 1.70187402E-07	 3.75475300E-08	 1.99763221E-08	 5.52962039E-09	 1.19112952E-08	-2.61891477E-06	-4.00734916E-06	-5.48227009E-06	-4.17792140E-06	 4.36194958E-06	 1.84021086E-06	 7.80930302E-07	 1.84824047E-07	 2.66641163E-08	-2.89145816E-08
 5.500000E-01	-6.79101943E-07	-8.99823104E-07	-8.81516959E-07	 1.88960223E-06	 5.04999483E-07	 1.70325421E-07	 3.77637856E-08	 2.01290470E-08	 5.20147440E-09	 1.17763931E-08	-2.62667954E-06	-4.03262896E-06	-5.52040815E-06	-4.38751083E-06	 4.41262204E-06	 1.86885076E-06	 7.97663442E-07	 1.89952244E-07	 2.79627483E-08	-2.96293774E-08
 5.510000E-01	-6.81959523E-07	-9.07703243E-07	-8.94642350E-07	 1.83071227E-06	 4.96137315E-07	 1.70392834E-07	 3.79494656E-08	 2.02821026E-08	 4.87218487E-09	 1.16483021E-08	-2.63426523E-06	-4.05774633E-06	-5.55853615E-06	-4.58997393E-06	 4.46433672E-06	 1.89807649E-06	 8.14733979E-07	 1.95190966E-07	 2.92984361E-08	-3.03638385E-08
 5.520000E-01	-6.84783908E-07	-9.15559434E-07	-9.07644922E-07	 1.77276483E-06	 4.86899257E-07	 1.70391933E-07	 3.81033684E-08	 2.04348141E-08	 4.54117993E-09	 1.15269758E-08	-2.64167528E-06	-4.08271533E-06	-5.59668852E-06	-4.78575422E-06	 4.51715092E-06	 1.92789466E-06	 8.32145954E-07	 2.00541600E-07	 3.06716734E-08	-3.11189392E-08
 5.530000E-01	-6.87575780E-07	-9.23395890E-07	-9.20548679E-07	 1.71605666E-06	 4.77358158E-07	 1.70328567E-07	 3.82245784E-08	 2.05865375E-08	 4.20783175E-09	 1.14123561E-08	-2.64891429E-06	-4.10755213E-06	-5.63490114E-06	-4.97525980E-06	 4.57112099E-06	 1.95831031E-06	 8.49901981E-07	 2.06004900E-07	 3.20826306E-08	-3.18958037E-08
 5.540000E-01	-6.90333912E-07	-9.31215084E-07	-9.33391187E-07	 1.66042327E-06	 4.67587007E-07	 1.70213915E-07	 3.83136272E-08	 2.07367691E-08	 3.87153960E-09	 1.13043544E-08	-2.65597660E-06	-4.13224714E-06	-5.67316488E-06	-5.15881083E-06	 4.62625804E-06	 1.98934657E-06	 8.68013649E-07	 2.11585209E-07	 3.35324143E-08	-3.26953582E-08
 5.550000E-01	-6.93055885E-07	-9.39015970E-07	-9.46197831E-07	 1.60542240E-06	 4.57608073E-07	 1.70056410E-07	 3.83713118E-08	 2.08851057E-08	 3.53176216E-09	 1.12028745E-08	-2.66285129E-06	-4.15677808E-06	-5.71144838E-06	-5.33664957E-06	 4.68256078E-06	 2.02103540E-06	 8.86497839E-07	 2.17289068E-07	 3.50228847E-08	-3.35183500E-08
 5.560000E-01	-6.95739862E-07	-9.46796405E-07	-9.58977008E-07	 1.55067077E-06	 4.47404461E-07	 1.69858188E-07	 3.83974694E-08	 2.10311023E-08	 3.18793946E-09	 1.11078206E-08	-2.66953160E-06	-4.18113344E-06	-5.74974072E-06	-5.50900820E-06	 4.74005655E-06	 2.05340225E-06	 9.05368398E-07	 2.23121901E-07	 3.65557088E-08	-3.43655908E-08
 5.570000E-01	-6.98384095E-07	-9.54553623E-07	-9.71730683E-07	 1.49591307E-06	 4.36947261E-07	 1.69619198E-07	 3.83916281E-08	 2.11743026E-08	 2.83950527E-09	 1.10190903E-08	-2.67601262E-06	-4.20530640E-06	-5.78804059E-06	-5.67614176E-06	 4.79878071E-06	 2.08646973E-06	 9.24638103E-07	 2.29088794E-07	 3.81325847E-08	-3.52378955E-08
 5.580000E-01	-7.00987048E-07	-9.62284949E-07	-9.84458897E-07	 1.44102219E-06	 4.26207845E-07	 1.69338482E-07	 3.83532215E-08	 2.13142936E-08	 2.48592307E-09	 1.09365926E-08	-2.68229051E-06	-4.22929289E-06	-5.82634922E-06	-5.83832136E-06	 4.85877201E-06	 2.12025691E-06	 9.44318934E-07	 2.35194560E-07	 3.97553215E-08	-3.61360663E-08
 5.590000E-01	-7.03547977E-07	-9.69989691E-07	-9.97166997E-07	 1.38595737E-06	 4.15172826E-07	 1.69015014E-07	 3.82813526E-08	 2.14506433E-08	 2.12662201E-09	 1.08602502E-08	-2.68836289E-06	-4.25309212E-06	-5.86467103E-06	-5.99582447E-06	 4.92008437E-06	 2.15478022E-06	 9.64421242E-07	 2.41443271E-07	 4.14255050E-08	-3.70610266E-08
 5.600000E-01	-7.06066060E-07	-9.77668010E-07	-1.00986890E-06	 1.33061722E-06	 4.03841479E-07	 1.68650882E-07	 3.81755931E-08	 2.15829113E-08	 1.76097180E-09	 1.07899561E-08	-2.69422654E-06	-4.27670085E-06	-5.90300721E-06	-6.14891206E-06	 4.98275779E-06	 2.19005857E-06	 9.84956155E-07	 2.47839462E-07	 4.31447650E-08	-3.80137264E-08
 5.610000E-01	-7.08538989E-07	-9.85317613E-07	-1.02257651E-06	 1.27476161E-06	 3.92177438E-07	 1.68249302E-07	 3.80361618E-08	 2.17106293E-08	 1.38834043E-09	 1.07255701E-08	-2.69987042E-06	-4.30009671E-06	-5.94132515E-06	-6.29780619E-06	 5.04679521E-06	 2.22612586E-06	 1.00594255E-06	 2.54390916E-07	 4.49156525E-08	-3.89949096E-08
 5.620000E-01	-7.10963943E-07	-9.92933521E-07	-1.03528235E-06	 1.21827339E-06	 3.80091108E-07	 1.67808735E-07	 3.78628862E-08	 2.18332580E-08	 1.00806084E-09	 1.06669236E-08	-2.70528253E-06	-4.32325531E-06	-5.97959483E-06	-6.44270182E-06	 5.11219949E-06	 2.26302001E-06	 1.02740155E-06	 2.61106734E-07	 4.67410333E-08	-4.00052578E-08
 5.630000E-01	-7.13340379E-07	-1.00051295E-06	-1.04796448E-06	 1.16147105E-06	 3.67517045E-07	 1.67323237E-07	 3.76541835E-08	 2.19502410E-08	 6.19388646E-10	 1.06138776E-08	-2.71046414E-06	-4.34618523E-06	-6.01785083E-06	-6.58382025E-06	 5.17904553E-06	 2.30075506E-06	 1.04934191E-06	 2.67991171E-07	 4.86223701E-08	-4.10458728E-08
 5.640000E-01	-7.15668916E-07	-1.00805583E-06	-1.06060807E-06	 1.10491898E-06	 3.54465264E-07	 1.66791562E-07	 3.74086570E-08	 2.20611553E-08	 2.21599933E-10	 1.05663350E-08	-2.71542289E-06	-4.36891068E-06	-6.05615540E-06	-6.72141779E-06	 5.24743397E-06	 2.33933132E-06	 1.07176579E-06	 2.75045706E-07	 5.05604769E-08	-4.21180717E-08
 5.650000E-01	-7.17949740E-07	-1.01556282E-06	-1.07321044E-06	 1.04912488E-06	 3.40996147E-07	 1.66219127E-07	 3.71261079E-08	 2.21657783E-08	-1.85950212E-10	 1.05242203E-08	-2.72016325E-06	-4.39144789E-06	-6.09455323E-06	-6.85574302E-06	 5.31744051E-06	 2.37875266E-06	 1.09467806E-06	 2.82272945E-07	 5.25566079E-08	-4.32230853E-08
 5.660000E-01	-7.20183558E-07	-1.02303650E-06	-1.08577926E-06	 9.94450624E-07	 3.27205430E-07	 1.65614723E-07	 3.68068368E-08	 2.22640457E-08	-6.03864052E-10	 1.04874876E-08	-2.72469080E-06	-4.41381551E-06	-6.13308950E-06	-6.98701275E-06	 5.38913780E-06	 2.41901762E-06	 1.11808182E-06	 2.89674763E-07	 5.46119550E-08	-4.43621904E-08
 5.670000E-01	-7.22370225E-07	-1.03047905E-06	-1.09833216E-06	 9.40958026E-07	 3.13177721E-07	 1.64989655E-07	 3.64518402E-08	 2.23559203E-08	-1.03269467E-09	 1.04560900E-08	-2.72900508E-06	-4.43601747E-06	-6.17177795E-06	-7.11540438E-06	 5.46256476E-06	 2.46013467E-06	 1.14198590E-06	 2.97255223E-07	 5.67285339E-08	-4.55364707E-08
 5.680000E-01	-7.24507743E-07	-1.03788924E-06	-1.11088276E-06	 8.88445275E-07	 2.98923003E-07	 1.64352387E-07	 3.60623931E-08	 2.24412713E-08	-1.47298983E-09	 1.04299359E-08	-2.73309585E-06	-4.45803360E-06	-6.21058803E-06	-7.24105000E-06	 5.53771816E-06	 2.50213332E-06	 1.16640995E-06	 3.05022956E-07	 5.89096660E-08	-4.67466869E-08
 5.690000E-01	-7.26594420E-07	-1.04526473E-06	-1.12343117E-06	 8.36769613E-07	 2.84409996E-07	 1.63704255E-07	 3.56387363E-08	 2.25199153E-08	-1.92535954E-09	 1.04089192E-08	-2.73695595E-06	-4.47985131E-06	-6.24950679E-06	-7.36406075E-06	 5.61462344E-06	 2.54503942E-06	 1.19137146E-06	 3.12985949E-07	 6.11583823E-08	-4.79937287E-08
 5.700000E-01	-7.28630109E-07	-1.05260538E-06	-1.13597640E-06	 7.85962621E-07	 2.69649437E-07	 1.63045252E-07	 3.51803513E-08	 2.25917391E-08	-2.39048344E-09	 1.03929521E-08	-2.74058762E-06	-4.50148098E-06	-6.28856712E-06	-7.48456270E-06	 5.69336219E-06	 2.58886071E-06	 1.21687811E-06	 3.21148131E-07	 6.34764774E-08	-4.92788942E-08
 5.710000E-01	-7.30614740E-07	-1.05991241E-06	-1.14853042E-06	 7.36007253E-07	 2.54692822E-07	 1.62380632E-07	 3.46872659E-08	 2.26567006E-08	-2.86911921E-09	 1.03819248E-08	-2.74399279E-06	-4.52293135E-06	-6.32780126E-06	-7.60270001E-06	 5.77401985E-06	 2.63360798E-06	 1.24293717E-06	 3.29513265E-07	 6.58654503E-08	-5.06036515E-08
 5.720000E-01	-7.32546670E-07	-1.06718506E-06	-1.16111157E-06	 6.86670418E-07	 2.39551637E-07	 1.61717939E-07	 3.41605655E-08	 2.27147890E-08	-3.36200248E-09	 1.03756802E-08	-2.74716437E-06	-4.54418871E-06	-6.36719826E-06	-7.71861103E-06	 5.85663082E-06	 2.67931221E-06	 1.26956609E-06	 3.38089397E-07	 6.83280181E-08	-5.19691791E-08
 5.730000E-01	-7.34423901E-07	-1.07442152E-06	-1.17373454E-06	 6.37624029E-07	 2.24174476E-07	 1.61060191E-07	 3.36010310E-08	 2.27659321E-08	-3.86983347E-09	 1.03740607E-08	-2.75009238E-06	-4.56523246E-06	-6.40673008E-06	-7.83241545E-06	 5.94121392E-06	 2.72600968E-06	 1.29678635E-06	 3.46886200E-07	 7.08676282E-08	-5.33764852E-08
 5.740000E-01	-7.36244355E-07	-1.08161913E-06	-1.18640823E-06	 5.88556917E-07	 2.08459628E-07	 1.60406045E-07	 3.30088159E-08	 2.28099288E-08	-4.39333869E-09	 1.03769007E-08	-2.75276633E-06	-4.58604100E-06	-6.44636590E-06	-7.94422433E-06	 6.02779119E-06	 2.77373884E-06	 1.32462084E-06	 3.55913933E-07	 7.34880590E-08	-5.48265180E-08
 5.750000E-01	-7.38005463E-07	-1.08877344E-06	-1.19913086E-06	 5.39259632E-07	 1.92260853E-07	 1.59749487E-07	 3.23835993E-08	 2.28464983E-08	-4.93319240E-09	 1.03840537E-08	-2.75517354E-06	-4.60658792E-06	-6.48606428E-06	-8.05414491E-06	 6.11638307E-06	 2.82254411E-06	 1.35309661E-06	 3.65184489E-07	 7.61938311E-08	-5.63200629E-08
 5.760000E-01	-7.39706042E-07	-1.09588131E-06	-1.21189144E-06	 4.89778974E-07	 1.75479635E-07	 1.59082776E-07	 3.17245184E-08	 2.28755145E-08	-5.49003626E-09	 1.03954303E-08	-2.75731094E-06	-4.62687113E-06	-6.52582969E-06	-8.16228435E-06	 6.20705782E-06	 2.87244651E-06	 1.38223056E-06	 3.74705667E-07	 7.89885541E-08	-5.78581855E-08
 5.770000E-01	-7.41346267E-07	-1.10294253E-06	-1.22468578E-06	 4.40296742E-07	 1.58118383E-07	 1.58405167E-07	 3.10310519E-08	 2.28970383E-08	-6.06458467E-09	 1.04109643E-08	-2.75918356E-06	-4.64690815E-06	-6.56570771E-06	-8.26875985E-06	 6.29992743E-06	 2.92344801E-06	 1.41202889E-06	 3.84481044E-07	 8.18745107E-08	-5.94423846E-08
 5.780000E-01	-7.42925419E-07	-1.10995677E-06	-1.23752052E-06	 3.90860932E-07	 1.40181258E-07	 1.57722722E-07	 3.03036972E-08	 2.29110876E-08	-6.65759038E-09	 1.04305601E-08	-2.76078930E-06	-4.66669868E-06	-6.60571173E-06	-8.37368812E-06	 6.39507640E-06	 2.97556854E-06	 1.44250542E-06	 3.94517407E-07	 8.48547874E-08	-6.10740201E-08
 5.790000E-01	-7.44441372E-07	-1.11692115E-06	-1.25039879E-06	 3.41400655E-07	 1.21586596E-07	 1.57038453E-07	 2.95429190E-08	 2.29174754E-08	-7.26981942E-09	 1.04540802E-08	-2.76211687E-06	-4.68621974E-06	-6.64581214E-06	-8.47716805E-06	 6.49255460E-06	 3.02885243E-06	 1.47368605E-06	 4.04826825E-07	 8.79339790E-08	-6.27540903E-08
 5.800000E-01	-7.45892423E-07	-1.12383207E-06	-1.26331144E-06	 2.91966364E-07	 1.02239844E-07	 1.56349536E-07	 2.87480089E-08	 2.29159581E-08	-7.90212502E-09	 1.04813839E-08	-2.76315883E-06	-4.70545736E-06	-6.68599989E-06	-8.57928560E-06	 6.59245146E-06	 3.08333745E-06	 1.50559288E-06	 4.15420253E-07	 9.11161851E-08	-6.44838004E-08
 5.810000E-01	-7.47278168E-07	-1.13068720E-06	-1.27624251E-06	 2.42810385E-07	 8.21439822E-08	 1.55655782E-07	 2.79182813E-08	 2.29065760E-08	-8.55535988E-09	 1.05123740E-08	-2.76391863E-06	-4.72442465E-06	-6.72631955E-06	-8.68012804E-06	 6.69491582E-06	 3.13903337E-06	 1.53823441E-06	 4.26303192E-07	 9.44040355E-08	-6.62648039E-08
 5.820000E-01	-7.48598401E-07	-1.13748482E-06	-1.28917722E-06	 1.94251367E-07	 6.13940220E-08	 1.54962755E-07	 2.70539529E-08	 2.28896771E-08	-9.23024842E-09	 1.05470350E-08	-2.76440112E-06	-4.74313854E-06	-6.76682084E-06	-8.77977833E-06	 6.80011029E-06	 3.19594373E-06	 1.57161735E-06	 4.37480075E-07	 9.78000917E-08	-6.80988634E-08
 5.830000E-01	-7.49853997E-07	-1.14422584E-06	-1.30210927E-06	 1.46597704E-07	 4.01970409E-08	 1.54283159E-07	 2.61561060E-08	 2.28659903E-08	-9.92746772E-09	 1.05854214E-08	-2.76461665E-06	-4.76162926E-06	-6.80757697E-06	-8.87830482E-06	 6.90822568E-06	 3.25405371E-06	 1.60574004E-06	 4.48951755E-07	 1.01305976E-07	-6.99880891E-08
 5.840000E-01	-7.51046008E-07	-1.15091339E-06	-1.31505023E-06	 9.99449290E-08	 1.87832873E-08	 1.53638745E-07	 2.52273260E-08	 2.28363938E-08	-1.06476655E-08	 1.06276015E-08	-2.76457411E-06	-4.77992394E-06	-6.84865217E-06	-8.97577007E-06	 7.01943271E-06	 3.31334838E-06	 1.64060125E-06	 4.60718826E-07	 1.04923556E-07	-7.19345797E-08
 5.850000E-01	-7.52172453E-07	-1.15754665E-06	-1.32801958E-06	 5.40305504E-08	-2.83755220E-09	 1.53046956E-07	 2.42708782E-08	 2.28012892E-08	-1.13914588E-08	 1.06735326E-08	-2.76426108E-06	-4.79799781E-06	-6.89000997E-06	-9.07224634E-06	 7.13379153E-06	 3.37387278E-06	 1.67622959E-06	 4.72794167E-07	 1.08658446E-07	-7.39394252E-08
 5.860000E-01	-7.53230447E-07	-1.16412192E-06	-1.34102599E-06	 8.54440833E-09	-2.48359219E-08	 1.52508598E-07	 2.32881268E-08	 2.27606784E-08	-1.21595809E-08	 1.07230760E-08	-2.76366007E-06	-4.81581302E-06	-6.93159030E-06	-9.16780438E-06	 7.25134333E-06	 3.43569027E-06	 1.71266298E-06	 4.85195219E-07	 1.12517487E-07	-7.60034001E-08
 5.870000E-01	-7.54218548E-07	-1.17063670E-06	-1.35407006E-06	-3.66435660E-08	-4.73496872E-08	 1.52017227E-07	 2.22786831E-08	 2.27146166E-08	-1.29529017E-08	 1.07761068E-08	-2.76276475E-06	-4.83335880E-06	-6.97338723E-06	-9.26251435E-06	 7.37220145E-06	 3.49883472E-06	 1.74992463E-06	 4.97933585E-07	 1.16505757E-07	-7.81278672E-08
 5.880000E-01	-7.55135577E-07	-1.17708883E-06	-1.36715424E-06	-8.15879444E-08	-7.04442298E-08	 1.51572868E-07	 2.12430769E-08	 2.26634237E-08	-1.37723732E-08	 1.08324446E-08	-2.76157365E-06	-4.85063592E-06	-7.01542305E-06	-9.35646780E-06	 7.49651919E-06	 3.56332694E-06	 1.78802968E-06	 5.11018151E-07	 1.20627303E-07	-8.03145170E-08
 5.890000E-01	-7.55980278E-07	-1.18347678E-06	-1.38028770E-06	-1.26386337E-07	-9.41881810E-08	 1.51178816E-07	 2.01818511E-08	 2.26074005E-08	-1.46190212E-08	 1.08919303E-08	-2.76008169E-06	-4.86763514E-06	-7.05770099E-06	-9.44974950E-06	 7.62446832E-06	 3.62920137E-06	 1.82699782E-06	 5.24459507E-07	 1.24886422E-07	-8.25651696E-08
 5.900000E-01	-7.56751500E-07	-1.18979987E-06	-1.39348490E-06	-1.71205926E-07	-1.18715724E-07	 1.50838875E-07	 1.90955945E-08	 2.25467473E-08	-1.54938691E-08	 1.09544291E-08	-2.75828157E-06	-4.88434215E-06	-7.10021141E-06	-9.54243715E-06	 7.75622060E-06	 3.69650135E-06	 1.86685349E-06	 5.38269738E-07	 1.29288145E-07	-8.48815464E-08
 5.910000E-01	-7.57447204E-07	-1.19605587E-06	-1.40675937E-06	-2.16285333E-07	-1.44315516E-07	 1.50554781E-07	 1.79853583E-08	 2.24814228E-08	-1.63979263E-08	 1.10197304E-08	-2.75616063E-06	-4.90073042E-06	-7.14292172E-06	-9.63463103E-06	 7.89190899E-06	 3.76529022E-06	 1.90763134E-06	 5.52465290E-07	 1.33839158E-07	-8.72648675E-08
 5.920000E-01	-7.58064005E-07	-1.20223893E-06	-1.42011001E-06	-2.61812029E-07	-1.71450147E-07	 1.50314996E-07	 1.68511887E-08	 2.24110221E-08	-1.73320942E-08	 1.10876027E-08	-2.75369847E-06	-4.91675515E-06	-7.18576215E-06	-9.72644090E-06	 8.03162172E-06	 3.83566026E-06	 1.94938244E-06	 5.67069446E-07	 1.38548591E-07	-8.97156800E-08
 5.930000E-01	-7.58600306E-07	-1.20834441E-06	-1.43351884E-06	-3.07684929E-07	-2.00447333E-07	 1.50098127E-07	 1.56910331E-08	 2.23353937E-08	-1.82971966E-08	 1.11579742E-08	-2.75088835E-06	-4.93240539E-06	-7.22872267E-06	-9.81793247E-06	 8.17552969E-06	 3.90765747E-06	 1.99213936E-06	 5.82097674E-07	 1.43423750E-07	-9.22351538E-08
 5.940000E-01	-7.59057026E-07	-1.21437180E-06	-1.44696952E-06	-3.53599775E-07	-2.31283953E-07	 1.49897137E-07	 1.45030609E-08	 2.22550560E-08	-1.92941579E-08	 1.12309224E-08	-2.74774180E-06	-4.94771452E-06	-7.27188082E-06	-9.90912979E-06	 8.32395130E-06	 3.98126196E-06	 2.03590182E-06	 5.97551964E-07	 1.48467805E-07	-9.48258219E-08
 5.950000E-01	-7.59434412E-07	-1.22032077E-06	-1.46045647E-06	-3.99345905E-07	-2.63814163E-07	 1.49724799E-07	 1.32881336E-08	 2.21708288E-08	-2.03238937E-08	 1.13065242E-08	-2.74426551E-06	-4.96270396E-06	-7.31529672E-06	-1.00000607E-05	 8.47724838E-06	 4.05646836E-06	 2.08067374E-06	 6.13436362E-07	 1.53684248E-07	-9.74902708E-08
 5.960000E-01	-7.59731921E-07	-1.22619043E-06	-1.47398003E-06	-4.44846431E-07	-2.97951565E-07	 1.49597442E-07	 1.20476762E-08	 2.20834119E-08	-2.13873456E-08	 1.13848489E-08	-2.74045794E-06	-4.97737475E-06	-7.35899282E-06	-1.00907530E-05	 8.63580259E-06	 4.13330063E-06	 2.12647183E-06	 6.29760427E-07	 1.59078115E-07	-1.00230801E-07
 5.970000E-01	-7.59948698E-07	-1.23197934E-06	-1.48754159E-06	-4.90087494E-07	-3.33682809E-07	 1.49528621E-07	 1.07823028E-08	 2.19932675E-08	-2.24856304E-08	 1.14659154E-08	-2.73631493E-06	-4.99172077E-06	-7.40298261E-06	-1.01812552E-05	 8.80002851E-06	 4.21179638E-06	 2.17331694E-06	 6.46536030E-07	 1.64654808E-07	-1.03049736E-07
 5.980000E-01	-7.60082906E-07	-1.23768336E-06	-1.50113515E-06	-5.35058532E-07	-3.71065721E-07	 1.49530620E-07	 9.49455678E-09	 2.19010889E-08	-2.36197423E-08	 1.15495752E-08	-2.73183116E-06	-5.00573451E-06	-7.44728120E-06	-1.02716717E-05	 8.97032446E-06	 4.29199638E-06	 2.22123311E-06	 6.63777575E-07	 1.70420847E-07	-1.05948863E-07
 5.990000E-01	-7.60133262E-07	-1.24329890E-06	-1.51474990E-06	-5.79677290E-07	-4.10088366E-07	 1.49606724E-07	 8.18544782E-09	 2.18076596E-08	-2.47905912E-08	 1.16358381E-08	-2.72700349E-06	-5.01941327E-06	-7.49190494E-06	-1.03620678E-05	 9.14711354E-06	 4.37393055E-06	 2.27024275E-06	 6.81497922E-07	 1.76382663E-07	-1.08930233E-07
 6.000000E-01	-7.60100578E-07	-1.24882656E-06	-1.52838307E-06	-6.23821705E-07	-4.50495785E-07	 1.49769127E-07	 6.85604290E-09	 2.17143038E-08	-2.59991719E-08	 1.17248651E-08	-2.72184159E-06	-5.03278488E-06	-7.53692365E-06	-1.04524443E-05	 9.33092441E-06	 4.45757206E-06	 2.32034301E-06	 6.99699014E-07	 1.82543557E-07	-1.11997025E-07
 6.010000E-01	-7.59985648E-07	-1.25426886E-06	-1.54204944E-06	-6.67540527E-07	-4.92073104E-07	 1.50051964E-07	 5.51107567E-09	 2.16226762E-08	-2.72464473E-08	 1.18168100E-08	-2.71635261E-06	-5.04587244E-06	-7.58239704E-06	-1.05427923E-05	 9.52232149E-06	 4.54289934E-06	 2.37153358E-06	 7.18383057E-07	 1.88907368E-07	-1.15152362E-07
 6.020000E-01	-7.59786339E-07	-1.25962422E-06	-1.55576901E-06	-7.11104666E-07	-5.35109231E-07	 1.50486105E-07	 4.15703520E-09	 2.15337999E-08	-2.85333145E-08	 1.19116346E-08	-2.71052101E-06	-5.05864414E-06	-7.62828273E-06	-1.06331562E-05	 9.72181429E-06	 4.62998980E-06	 2.42386004E-06	 7.37571219E-07	 1.95483759E-07	-1.18397763E-07
 6.030000E-01	-7.59499864E-07	-1.26488889E-06	-1.56955384E-06	-7.54771201E-07	-5.80270375E-07	 1.51078169E-07	 2.79763023E-09	 2.14481202E-08	-2.98608642E-08	 1.20091334E-08	-2.70432729E-06	-5.07105752E-06	-7.67452132E-06	-1.07236125E-05	 9.92995708E-06	 4.71894539E-06	 2.47737916E-06	 7.57290374E-07	 2.02283910E-07	-1.21734374E-07
 6.040000E-01	-7.59124061E-07	-1.27005922E-06	-1.58340915E-06	-7.98681394E-07	-6.28312274E-07	 1.51820738E-07	 1.43394986E-09	 2.13659207E-08	-3.12303868E-08	 1.21090649E-08	-2.69775868E-06	-5.08308625E-06	-7.72108639E-06	-1.08142419E-05	 1.01474254E-05	 4.80984222E-06	 2.53213611E-06	 7.77563066E-07	 2.09317661E-07	-1.25163896E-07
 6.050000E-01	-7.58656729E-07	-1.27513078E-06	-1.59733554E-06	-8.42898931E-07	-6.79984250E-07	 1.52706227E-07	 6.71716900E-11	 2.12876735E-08	-3.26432201E-08	 1.22110984E-08	-2.69080550E-06	-5.09471105E-06	-7.76796928E-06	-1.09051414E-05	 1.03750443E-05	 4.90273822E-06	 2.58816787E-06	 7.98409666E-07	 2.16593986E-07	-1.28688360E-07
 6.060000E-01	-7.58096982E-07	-1.28010199E-06	-1.61133858E-06	-8.87454411E-07	-7.35962203E-07	 1.53731996E-07	-1.30338518E-09	 2.12138810E-08	-3.41009018E-08	 1.23151216E-08	-2.68346342E-06	-5.10592392E-06	-7.81517873E-06	-1.09963389E-05	 1.06138484E-05	 4.99766582E-06	 2.64549914E-06	 8.19844798E-07	 2.24120027E-07	-1.32310756E-07
 6.070000E-01	-7.57444273E-07	-1.28497264E-06	-1.62543136E-06	-9.32433693E-07	-7.97052951E-07	 1.54915895E-07	-2.67580743E-09	 2.11453007E-08	-3.56049820E-08	 1.24210587E-08	-2.67572887E-06	-5.11672065E-06	-7.86273256E-06	-1.10878477E-05	 1.08650807E-05	 5.09465685E-06	 2.70415251E-06	 8.41881949E-07	 2.31903304E-07	-1.36033879E-07
 6.080000E-01	-7.56695660E-07	-1.28973781E-06	-1.63961919E-06	-9.77973317E-07	-8.64561455E-07	 1.56276642E-07	-4.04544832E-09	 2.10823739E-08	-3.71568056E-08	 1.25286595E-08	-2.66758241E-06	-5.12706085E-06	-7.91058790E-06	-1.11797610E-05	 1.11301187E-05	 5.19383477E-06	 2.76418876E-06	 8.64550825E-07	 2.39956994E-07	-1.39858488E-07
 6.090000E-01	-7.55847091E-07	-1.29438834E-06	-1.65388380E-06	-1.02404677E-06	-9.40013534E-07	 1.57794000E-07	-5.41190736E-09	 2.10249822E-08	-3.87575575E-08	 1.26377386E-08	-2.65899830E-06	-5.13688930E-06	-7.95867386E-06	-1.12721888E-05	 1.14105067E-05	 5.29537602E-06	 2.82569320E-06	 8.87891088E-07	 2.48297975E-07	-1.43784124E-07
 6.100000E-01	-7.54897353E-07	-1.29891806E-06	-1.66819324E-06	-1.07035299E-06	-1.02428962E-06	 1.59425588E-07	-6.78004632E-09	 2.09735958E-08	-4.04085529E-08	 1.27483806E-08	-2.64997543E-06	-5.14621073E-06	-8.00702803E-06	-1.13651508E-05	 1.17081734E-05	 5.39932505E-06	 2.88869611E-06	 9.11919948E-07	 2.56936593E-07	-1.47812416E-07
 6.110000E-01	-7.53846817E-07	-1.30332384E-06	-1.68252073E-06	-1.11652966E-06	-1.11743272E-06	 1.61150230E-07	-8.15448811E-09	 2.09294422E-08	-4.21112090E-08	 1.28608870E-08	-2.64052666E-06	-5.15506244E-06	-8.05574804E-06	-1.14586025E-05	 1.20255086E-05	 5.50562584E-06	 2.95318697E-06	 9.36637587E-07	 2.65877282E-07	-1.51947496E-07
 6.120000E-01	-7.52695925E-07	-1.30760406E-06	-1.69685217E-06	-1.16232557E-06	-1.21897412E-06	 1.62980448E-07	-9.53578268E-09	 2.08944586E-08	-4.38668530E-08	 1.29756594E-08	-2.63066425E-06	-5.16347896E-06	-8.10492599E-06	-1.15524871E-05	 1.23653520E-05	 5.61419814E-06	 3.01914966E-06	 9.62041553E-07	 2.75122768E-07	-1.56194906E-07
 6.130000E-01	-7.51445292E-07	-1.31175888E-06	-1.71118922E-06	-1.20764836E-06	-1.32826451E-06	 1.64959748E-07	-1.09210339E-08	 2.08709443E-08	-4.56769773E-08	 1.30931421E-08	-2.62039969E-06	-5.17149170E-06	-8.15465020E-06	-1.16467736E-05	 1.27309793E-05	 5.72495595E-06	 3.08656641E-06	 9.88127807E-07	 2.84674451E-07	-1.60561567E-07
 6.140000E-01	-7.50092425E-07	-1.31578272E-06	-1.72553130E-06	-1.25253542E-06	-1.44496773E-06	 1.67142723E-07	-1.23006535E-08	 2.08612081E-08	-4.75428461E-08	 1.32133167E-08	-2.60972678E-06	-5.17909122E-06	-8.20495175E-06	-1.17416685E-05	 1.31258525E-05	 5.83793683E-06	 3.15546718E-06	 1.01491236E-06	 2.94539700E-07	-1.65052630E-07
 6.150000E-01	-7.48632365E-07	-1.31966378E-06	-1.73985910E-06	-1.29695753E-06	-1.56877998E-06	 1.69537663E-07	-1.36661635E-08	 2.08670676E-08	-4.94655443E-08	 1.33358663E-08	-2.59862659E-06	-5.18623933E-06	-8.25582367E-06	-1.18376180E-05	 1.35532338E-05	 5.95331116E-06	 3.22592906E-06	 1.04243013E-06	 3.04732323E-07	-1.69670896E-07
 6.160000E-01	-7.47061653E-07	-1.32339209E-06	-1.75414743E-06	-1.34072877E-06	-1.69834786E-06	 1.72101453E-07	-1.50174576E-08	 2.08899397E-08	-5.14466636E-08	 1.34606643E-08	-2.58709408E-06	-5.19293194E-06	-8.30732908E-06	-1.19351576E-05	 1.40157635E-05	 6.07122966E-06	 3.29800520E-06	 1.07070422E-06	 3.15263248E-07	-1.74419918E-07
 6.170000E-01	-7.45377924E-07	-1.32696085E-06	-1.76838310E-06	-1.38366720E-06	-1.83076770E-06	 1.74799833E-07	-1.63541435E-08	 2.09315491E-08	-5.34882887E-08	 1.35875694E-08	-2.57513618E-06	-5.19919720E-06	-8.35960977E-06	-1.20349909E-05	 1.45146925E-05	 6.19184620E-06	 3.37172106E-06	 1.09974453E-06	 3.26140050E-07	-1.79303859E-07
 6.180000E-01	-7.43577367E-07	-1.33036280E-06	-1.78256688E-06	-1.42572982E-06	-1.96181308E-06	 1.77623319E-07	-1.76700947E-08	 2.09937310E-08	-5.55926589E-08	 1.37162512E-08	-2.56275120E-06	-5.20504540E-06	-8.41280044E-06	-1.21381406E-05	 1.50485416E-05	 6.31551940E-06	 3.44714252E-06	 1.12957389E-06	 3.37374702E-07	-1.84325321E-07
 6.190000E-01	-7.41654980E-07	-1.33359011E-06	-1.79670846E-06	-1.46698035E-06	-2.08593821E-06	 1.80562556E-07	-1.89555433E-08	 2.10783075E-08	-5.77621469E-08	 1.38461134E-08	-2.54993043E-06	-5.21047183E-06	-8.46703175E-06	-1.22459940E-05	 1.56113546E-05	 6.44288128E-06	 3.52438797E-06	 1.16023174E-06	 3.48984649E-07	-1.89485255E-07
 6.200000E-01	-7.39605286E-07	-1.33663541E-06	-1.81082405E-06	-1.50754336E-06	-2.19602399E-06	 1.83593433E-07	-2.01986379E-08	 2.11872137E-08	-5.99992474E-08	 1.39761925E-08	-2.53666434E-06	-5.21547045E-06	-8.52244970E-06	-1.23602746E-05	 1.61906003E-05	 6.57485735E-06	 3.60361912E-06	 1.19177007E-06	 3.60991768E-07	-1.94783205E-07
 6.210000E-01	-7.37423004E-07	-1.33949317E-06	-1.82493644E-06	-1.54758873E-06	-2.28310600E-06	 1.86665898E-07	-2.13871908E-08	 2.13226172E-08	-6.23063424E-08	 1.41052718E-08	-2.52294318E-06	-5.22003197E-06	-8.57918919E-06	-1.24828735E-05	 1.67649168E-05	 6.71267852E-06	 3.68504216E-06	 1.22425378E-06	 3.73423112E-07	-2.00217120E-07
 6.220000E-01	-7.35106789E-07	-1.34216826E-06	-1.83909468E-06	-1.58737870E-06	-2.33607296E-06	 1.89730899E-07	-2.25117502E-08	 2.14877450E-08	-6.46860305E-08	 1.42324400E-08	-2.50877530E-06	-5.22418112E-06	-8.63739904E-06	-1.26153888E-05	 1.73023572E-05	 6.85767624E-06	 3.76883576E-06	 1.25773357E-06	 3.86303010E-07	-2.05786245E-07
 6.230000E-01	-7.32659830E-07	-1.34467866E-06	-1.85339135E-06	-1.62742194E-06	-2.34249852E-06	 1.92827812E-07	-2.35568824E-08	 2.16878680E-08	-6.71411140E-08	 1.43571289E-08	-2.49418602E-06	-5.22796875E-06	-8.69720340E-06	-1.27587940E-05	 1.77595733E-05	 7.01118287E-06	 3.85512168E-06	 1.29223958E-06	 3.99651081E-07	-2.11491575E-07
 6.240000E-01	-7.30086087E-07	-1.34704679E-06	-1.86794228E-06	-1.66848880E-06	-2.29079424E-06	 1.96111270E-07	-2.44897637E-08	 2.19312024E-08	-6.96733522E-08	 1.44786556E-08	-2.47918999E-06	-5.23140188E-06	-8.75855850E-06	-1.29133515E-05	 1.80821921E-05	 7.17463799E-06	 3.94403186E-06	 1.32781561E-06	 4.13493561E-07	-2.17331522E-07
 6.250000E-01	-7.27389923E-07	-1.34929522E-06	-1.88285472E-06	-1.71138196E-06	-2.17193594E-06	 1.99762594E-07	-2.52711799E-08	 2.22285287E-08	-7.22830405E-08	 1.45965496E-08	-2.46378847E-06	-5.23442939E-06	-8.82118815E-06	-1.30782859E-05	 1.82070049E-05	 7.34942080E-06	 4.03569897E-06	 1.36452302E-06	 4.27864934E-07	-2.23301534E-07
 6.260000E-01	-7.24578137E-07	-1.35144771E-06	-1.89820885E-06	-1.75669956E-06	-1.98022645E-06	 2.03914270E-07	-2.58692317E-08	 2.25932017E-08	-7.49690894E-08	 1.47108322E-08	-2.44798860E-06	-5.23698615E-06	-8.88463454E-06	-1.32514232E-05	 1.80665930E-05	 7.53634200E-06	 4.13013913E-06	 1.40240487E-06	 4.42798074E-07	-2.29396886E-07
 6.270000E-01	-7.21659689E-07	-1.35352768E-06	-1.91404774E-06	-1.80474099E-06	-1.71394960E-06	 2.08616928E-07	-2.62674484E-08	 2.30400782E-08	-7.77288577E-08	 1.48222669E-08	-2.43180295E-06	-5.23899624E-06	-8.94825472E-06	-1.34291186E-05	 1.75960920E-05	 7.73527047E-06	 4.22719525E-06	 1.44147130E-06	 4.58321708E-07	-2.35613496E-07
 6.280000E-01	-7.18645233E-07	-1.35555743E-06	-1.93037572E-06	-1.85548857E-06	-1.37596018E-06	 2.13820825E-07	-2.64730646E-08	 2.35838814E-08	-8.05584403E-08	 1.49326984E-08	-2.41524726E-06	-5.24037157E-06	-9.01123825E-06	-1.36064522E-05	 1.67414109E-05	 7.94490152E-06	 4.32651021E-06	 1.48169287E-06	 4.74458374E-07	-2.41949126E-07
 6.290000E-01	-7.15546177E-07	-1.35755616E-06	-1.94715874E-06	-1.90863929E-06	-9.74225606E-07	 2.19400579E-07	-2.65156157E-08	 2.42382998E-08	-8.34529503E-08	 1.50449354E-08	-2.39834045E-06	-5.24102191E-06	-9.07268627E-06	-1.37777983E-05	 1.54676892E-05	 8.16270407E-06	 4.42752150E-06	 1.52299691E-06	 4.91222610E-07	-2.48403818E-07
 6.300000E-01	-7.12369585E-07	-1.35952843E-06	-1.96430278E-06	-1.96360861E-06	-5.22381460E-07	 2.25146857E-07	-2.64371840E-08	 2.50149490E-08	-8.64058827E-08	 1.51618976E-08	-2.38108019E-06	-5.24080623E-06	-9.13160772E-06	-1.39376950E-05	 1.37661063E-05	 8.38526369E-06	 4.52958866E-06	 1.56531343E-06	 5.08633262E-07	-2.54975316E-07
 6.310000E-01	-7.09117461E-07	-1.36146095E-06	-1.98164115E-06	-2.01944015E-06	-3.85787129E-08	 2.30652634E-07	-2.63026751E-08	 2.59216245E-08	-8.94096737E-08	 1.52863078E-08	-2.36344673E-06	-5.23954588E-06	-9.18700793E-06	-1.40814156E-05	 1.16580200E-05	 8.60845747E-06	 4.63204186E-06	 1.60858640E-06	 5.26713158E-07	-2.61659361E-07
 6.320000E-01	-7.05791468E-07	-1.36333413E-06	-1.99896905E-06	-2.07487240E-06	 4.57431757E-07	 2.35276797E-07	-2.62165618E-08	 2.69602045E-08	-9.24579333E-08	 1.54213131E-08	-2.34543614E-06	-5.23711359E-06	-9.23809832E-06	-1.42052981E-05	 9.19585519E-06	 8.82749523E-06	 4.73411944E-06	 1.65272947E-06	 5.45472326E-07	-2.68456442E-07
 6.330000E-01	-7.02393533E-07	-1.36512835E-06	-2.01608801E-06	-2.12863561E-06	 9.46582237E-07	 2.38307880E-07	-2.63062113E-08	 2.81264538E-08	-9.55465843E-08	 1.55700283E-08	-2.32706246E-06	-5.23345180E-06	-9.28439451E-06	-1.43072453E-05	 6.45990374E-06	 9.03742854E-06	 4.83502975E-06	 1.69762792E-06	 5.64905664E-07	-2.75373229E-07
 6.340000E-01	-6.98924562E-07	-1.36682504E-06	-2.03283402E-06	-2.17971572E-06	 1.41156183E-06	 2.39148151E-07	-2.66929652E-08	 2.94120253E-08	-9.86738268E-08	 1.57352292E-08	-2.30834433E-06	-5.22854913E-06	-9.32570551E-06	-1.43870022E-05	 3.55102150E-06	 9.23388847E-06	 4.93409758E-06	 1.74317383E-06	 5.85002055E-07	-2.82420314E-07
 6.350000E-01	-6.95384039E-07	-1.36840779E-06	-2.04908903E-06	-2.22746143E-06	 1.83732924E-06	 2.37415588E-07	-2.74700206E-08	 3.08072603E-08	-1.01839789E-07	 1.59193995E-08	-2.28930040E-06	-5.22243281E-06	-9.36211715E-06	-1.44460691E-05	 5.80483826E-07	 9.41366865E-06	 5.03086809E-06	 1.78928893E-06	 6.05751451E-07	-2.89609786E-07
 6.360000E-01	-6.91767989E-07	-1.36985793E-06	-2.06476994E-06	-2.27155388E-06	 2.21137364E-06	 2.32925892E-07	-2.86933352E-08	 3.23017311E-08	-1.05046168E-07	 1.61241001E-08	-2.26993664E-06	-5.21513309E-06	-9.39389908E-06	-1.44873119E-05	-2.34135288E-06	 9.57509703E-06	 5.12519974E-06	 1.83595849E-06	 6.27155311E-07	-2.96951128E-07
 6.370000E-01	-6.88070118E-07	-1.37115635E-06	-2.07982162E-06	-2.31188698E-06	 2.52466494E-06	 2.25560046E-07	-3.03986740E-08	 3.38822914E-08	-1.08296601E-07	 1.63500716E-08	-2.25025109E-06	-5.20668581E-06	-9.42146398E-06	-1.45144359E-05	-5.11554333E-06	 9.71813832E-06	 5.21726145E-06	 1.88323181E-06	 6.49227192E-07	-3.04450894E-07
 6.380000E-01	-6.84287820E-07	-1.37229637E-06	-2.09424215E-06	-2.34855697E-06	 2.77297492E-06	 2.15278505E-07	-3.26162763E-08	 3.55339550E-08	-1.11597892E-07	 1.65983237E-08	-2.23026617E-06	-5.19720453E-06	-9.44547305E-06	-1.45316869E-05	-7.66267518E-06	 9.84445157E-06	 5.30740581E-06	 1.93116006E-06	 6.71972005E-07	-3.12120402E-07
 6.390000E-01	-6.80421735E-07	-1.37328313E-06	-2.10808947E-06	-2.38195521E-06	 2.95631443E-06	 2.02298351E-07	-3.53497601E-08	 3.72430172E-08	-1.14959755E-07	 1.68699116E-08	-2.21001967E-06	-5.18685173E-06	-9.46673289E-06	-1.45434650E-05	-9.92826870E-06	 9.95735102E-06	 5.39616379E-06	 1.97979720E-06	 6.95386461E-07	-3.19976498E-07
 6.400000E-01	-6.76471639E-07	-1.37412285E-06	-2.12144951E-06	-2.41270263E-06	 3.07707225E-06	 1.87089846E-07	-3.85609323E-08	 3.89990934E-08	-1.18392754E-07	 1.71652689E-08	-2.18953573E-06	-5.17575738E-06	-9.48596718E-06	-1.45536986E-05	-1.18846680E-05	 1.00613254E-05	 5.48427481E-06	 2.02924192E-06	 7.19476378E-07	-3.28035155E-07
 6.410000E-01	-6.72436165E-07	-1.37481914E-06	-2.13440754E-06	-2.44145926E-06	 3.13890022E-06	 1.70179914E-07	-4.21896035E-08	 4.07944698E-08	-1.21907776E-07	 1.74843269E-08	-2.16882246E-06	-5.16400656E-06	-9.50373786E-06	-1.45654161E-05	-1.35291158E-05	 1.01613451E-05	 5.57259945E-06	 2.07962781E-06	 7.44257782E-07	-3.36311058E-07
 6.420000E-01	-6.68312414E-07	-1.37537020E-06	-2.14702631E-06	-2.46877067E-06	 3.14637075E-06	 1.51950229E-07	-4.61768416E-08	 4.26216961E-08	-1.25515495E-07	 1.78261402E-08	-2.14787287E-06	-5.15163889E-06	-9.52042266E-06	-1.45805949E-05	-1.48790402E-05	 1.02621439E-05	 5.66201215E-06	 2.13110829E-06	 7.69755981E-07	-3.44816366E-07
 6.430000E-01	-6.64097231E-07	-1.37577159E-06	-2.15934524E-06	-2.49501032E-06	 3.10525454E-06	 1.32520703E-07	-5.04895964E-08	 4.44706843E-08	-1.29226512E-07	 1.81894183E-08	-2.12667415E-06	-5.13866633E-06	-9.53625448E-06	-1.46002498E-05	-1.59658830E-05	 1.03677574E-05	 5.75330035E-06	 2.18383494E-06	 7.96000314E-07	-3.53561425E-07
 6.440000E-01	-6.59790342E-07	-1.37602416E-06	-2.17140270E-06	-2.52044923E-06	 3.02274274E-06	 1.11867686E-07	-5.51214459E-08	 4.63307918E-08	-1.33051913E-07	 1.85736092E-08	-2.10522658E-06	-5.12512123E-06	-9.55143837E-06	-1.46247882E-05	-1.68287993E-05	 1.04814498E-05	 5.84707006E-06	 2.23791237E-06	 8.23008950E-07	-3.62560909E-07
 6.450000E-01	-6.55392626E-07	-1.37613099E-06	-2.18323833E-06	-2.54534728E-06	 2.90644739E-06	 8.99867263E-08	-6.00661234E-08	 4.81939433E-08	-1.37002392E-07	 1.89786264E-08	-2.08353407E-06	-5.11103159E-06	-9.56611251E-06	-1.46541135E-05	-1.75093067E-05	 1.06055448E-05	 5.94376751E-06	 2.29341542E-06	 8.50794247E-07	-3.71831375E-07
 6.460000E-01	-6.50902026E-07	-1.37608759E-06	-2.19487042E-06	-2.56992233E-06	 2.76314207E-06	 6.68142530E-08	-6.53104609E-08	 5.00534380E-08	-1.41086701E-07	 1.94032443E-08	-2.06158052E-06	-5.09636383E-06	-9.58023438E-06	-1.46875643E-05	-1.80470376E-05	 1.07411622E-05	 6.04374739E-06	 2.35043989E-06	 8.79382149E-07	-3.81382879E-07
 6.470000E-01	-6.46315324E-07	-1.37588511E-06	-2.20629740E-06	-2.59429417E-06	 2.59881863E-06	 4.21099739E-08	-7.08573041E-08	 5.19015764E-08	-1.45312808E-07	 1.98455193E-08	-2.03934059E-06	-5.08105597E-06	-9.59366316E-06	-1.47242006E-05	-1.84767600E-05	 1.08885070E-05	 6.14726450E-06	 2.40908285E-06	 9.08806102E-07	-3.91223001E-07
 6.480000E-01	-6.41630346E-07	-1.37551583E-06	-2.21751149E-06	-2.61850662E-06	 2.41914644E-06	 1.55145947E-08	-7.67295102E-08	 5.37299312E-08	-1.49688770E-07	 2.03035957E-08	-2.01679550E-06	-5.06505941E-06	-9.60626956E-06	-1.47631336E-05	-1.88270190E-05	 1.10473180E-05	 6.25447119E-06	 2.46941885E-06	 9.39096885E-07	-4.01361353E-07
 6.490000E-01	-6.36845840E-07	-1.37497406E-06	-2.22850659E-06	-2.64258154E-06	 2.22951809E-06	-1.33108360E-08	-8.29558439E-08	 5.55308629E-08	-1.54222716E-07	 2.07757484E-08	-1.99393355E-06	-5.04834379E-06	-9.61795630E-06	-1.48036483E-05	-1.91201147E-05	 1.12171756E-05	 6.36545835E-06	 2.53150365E-06	 9.70282910E-07	-4.11810318E-07
 6.500000E-01	-6.31962293E-07	-1.37425842E-06	-2.23928651E-06	-2.66656300E-06	 2.03479740E-06	-4.45342432E-08	-8.95480936E-08	 5.73024229E-08	-1.58922043E-07	 2.12608164E-08	-1.97075582E-06	-5.03091163E-06	-9.62870333E-06	-1.48453052E-05	-1.93727630E-05	 1.13977173E-05	 6.48025580E-06	 2.59536493E-06	 1.00238521E-06	-4.22585808E-07
 6.510000E-01	-6.26979723E-07	-1.37336723E-06	-2.24985678E-06	-2.69052121E-06	 1.83868675E-06	-7.81962989E-08	-9.64924448E-08	 5.90478482E-08	-1.63793065E-07	 2.17579001E-08	-1.94726311E-06	-5.01276067E-06	-9.63848848E-06	-1.48877574E-05	-1.95971170E-05	 1.15885752E-05	 6.59889726E-06	 2.66103875E-06	 1.03542848E-06	-4.33702144E-07
 6.520000E-01	-6.21895205E-07	-1.37229220E-06	-2.26020593E-06	-2.71448104E-06	 1.64361376E-06	-1.14466424E-07	-1.03772807E-07	 6.07696274E-08	-1.68840858E-07	 2.22652886E-08	-1.92344061E-06	-4.99384541E-06	-9.64719959E-06	-1.49305520E-05	-1.98016743E-05	 1.17892182E-05	 6.72147892E-06	 2.72861073E-06	 1.06945699E-06	-4.45165424E-07
 6.530000E-01	-6.16706557E-07	-1.37102598E-06	-2.27031716E-06	-2.73839030E-06	 1.45171051E-06	-1.53650640E-07	-1.11394572E-07	 6.24683518E-08	-1.74070565E-07	 2.27817181E-08	-1.89928086E-06	-4.97413541E-06	-9.65476939E-06	-1.49733692E-05	-1.99919638E-05	 1.19992411E-05	 6.84807678E-06	 2.79816766E-06	 1.10451689E-06	-4.56980083E-07
 6.540000E-01	-6.11415295E-07	-1.36956944E-06	-2.28019001E-06	-2.76219559E-06	 1.26539569E-06	-1.95849535E-07	-1.19362692E-07	 6.41486224E-08	-1.79488250E-07	 2.33075896E-08	-1.87480144E-06	-4.95366553E-06	-9.66128460E-06	-1.50162603E-05	-2.01714398E-05	 1.22187590E-05	 6.97868634E-06	 2.86973883E-06	 1.14063447E-06	-4.69159493E-07
 6.550000E-01	-6.06023826E-07	-1.36792638E-06	-2.28983639E-06	-2.78590450E-06	 1.08674814E-06	-2.40809557E-07	-1.27651958E-07	 6.58208924E-08	-1.85099896E-07	 2.38439828E-08	-1.85002600E-06	-4.93248880E-06	-9.66687065E-06	-1.50594265E-05	-2.03424199E-05	 1.24482717E-05	 7.11330300E-06	 2.94333435E-06	 1.17782955E-06	-4.81722135E-07
 6.560000E-01	-6.00534431E-07	-1.36610095E-06	-2.29927459E-06	-2.80958616E-06	 9.16848381E-07	-2.88015387E-07	-1.36203213E-07	 6.75015705E-08	-1.90910757E-07	 2.43922477E-08	-1.82497485E-06	-4.91065116E-06	-9.67163253E-06	-1.51030664E-05	-2.05065991E-05	 1.26884766E-05	 7.25194872E-06	 3.01896622E-06	 1.21612314E-06	-4.94688253E-07
 6.570000E-01	-5.94947398E-07	-1.36409300E-06	-2.30851533E-06	-2.83332964E-06	 7.55454820E-07	-3.36988050E-07	-1.44939611E-07	 6.92085479E-08	-1.96925447E-07	 2.49527543E-08	-1.79965313E-06	-4.88816249E-06	-9.67558747E-06	-1.51472342E-05	-2.06653549E-05	 1.29400438E-05	 7.39471665E-06	 3.09667802E-06	 1.25554912E-06	-5.08075072E-07
 6.580000E-01	-5.89260271E-07	-1.36189537E-06	-2.31755041E-06	-2.85717824E-06	 6.01368976E-07	-3.87636848E-07	-1.53805826E-07	 7.09539684E-08	-2.03147600E-07	 2.55241267E-08	-1.77404665E-06	-4.86498102E-06	-9.67863754E-06	-1.51917545E-05	-2.08197785E-05	 1.32033850E-05	 7.54178544E-06	 3.17657575E-06	 1.29616531E-06	-5.21889479E-07
 6.590000E-01	-5.83472031E-07	-1.35950326E-06	-2.32637120E-06	-2.88113157E-06	 4.53430329E-07	-4.40128428E-07	-1.62786034E-07	 7.27447992E-08	-2.09582219E-07	 2.61053937E-08	-1.74814876E-06	-4.84108058E-06	-9.68072473E-06	-1.52365081E-05	-2.09705552E-05	 1.34789829E-05	 7.69330107E-06	 3.25875854E-06	 1.33802773E-06	-5.36138760E-07
 6.600000E-01	-5.77583909E-07	-1.35691680E-06	-2.33497997E-06	-2.90520170E-06	 3.10770869E-07	-4.94602268E-07	-1.71876193E-07	 7.45880128E-08	-2.16236114E-07	 2.66969267E-08	-1.72196679E-06	-4.81646736E-06	-9.68186906E-06	-1.52815254E-05	-2.11181348E-05	 1.37675709E-05	 7.84936047E-06	 3.34329480E-06	 1.38118032E-06	-5.50835961E-07
 6.610000E-01	-5.71596746E-07	-1.35413510E-06	-2.34337927E-06	-2.92942114E-06	 1.72451515E-07	-5.51236241E-07	-1.81062375E-07	 7.64917034E-08	-2.23115707E-07	 2.72986439E-08	-1.69550559E-06	-4.79113792E-06	-9.68207646E-06	-1.53268188E-05	-2.12629519E-05	 1.40698863E-05	 8.01008285E-06	 3.43027052E-06	 1.42567234E-06	-5.65990896E-07
 6.620000E-01	-5.65510239E-07	-1.35115438E-06	-2.35156522E-06	-2.95381954E-06	 3.74025632E-08	-6.10409438E-07	-1.90329847E-07	 7.84635257E-08	-2.30226623E-07	 2.79092386E-08	-1.66876157E-06	-4.76506990E-06	-9.68130880E-06	-1.53723331E-05	-2.14054599E-05	 1.43866431E-05	 8.17562264E-06	 3.51979264E-06	 1.47156282E-06	-5.81609545E-07
 6.630000E-01	-5.59322863E-07	-1.34796801E-06	-2.35952567E-06	-2.97840205E-06	-9.53545129E-08	-6.72807129E-07	-1.99685706E-07	 8.05060318E-08	-2.37575349E-07	 2.85266758E-08	-1.64172336E-06	-4.73822238E-06	-9.67947794E-06	-1.54179250E-05	-2.15460837E-05	 1.47186067E-05	 8.34618696E-06	 3.61199271E-06	 1.51892205E-06	-5.97695923E-07
 6.640000E-01	-5.53032729E-07	-1.34456839E-06	-2.36724288E-06	-3.00313889E-06	-2.26351648E-07	-7.39295537E-07	-2.09166489E-07	 8.26163908E-08	-2.45169310E-07	 2.91486787E-08	-1.61437851E-06	-4.71055398E-06	-9.67648622E-06	-1.54634427E-05	-2.16851791E-05	 1.50667294E-05	 8.52200154E-06	 3.70700839E-06	 1.56782590E-06	-6.14254764E-07
 6.650000E-01	-5.46640178E-07	-1.34095279E-06	-2.37470717E-06	-3.02799524E-06	-3.55509376E-07	-8.10497788E-07	-2.18804180E-07	 8.47954086E-08	-2.53016914E-07	 2.97740423E-08	-1.58673061E-06	-4.68206839E-06	-9.67233591E-06	-1.55089401E-05	-2.18230137E-05	 1.54324057E-05	 8.70320043E-06	 3.80491886E-06	 1.61833128E-06	-6.31300457E-07
 6.660000E-01	-5.40146979E-07	-1.33712180E-06	-2.38191831E-06	-3.05296524E-06	-4.82590028E-07	-8.86711290E-07	-2.28591425E-07	 8.70531089E-08	-2.61126204E-07	 3.04029392E-08	-1.55879371E-06	-4.65279326E-06	-9.66708953E-06	-1.55545866E-05	-2.19598440E-05	 1.58173292E-05	 8.88986933E-06	 3.90577217E-06	 1.67048219E-06	-6.48852911E-07
 6.670000E-01	-5.33553522E-07	-1.33307297E-06	-2.38887185E-06	-3.07805193E-06	-6.07599481E-07	-9.68290426E-07	-2.38495728E-07	 8.94030412E-08	-2.69503696E-07	 3.10352719E-08	-1.53057326E-06	-4.62272963E-06	-9.66075379E-06	-1.56004368E-05	-2.20959575E-05	 1.62231612E-05	 9.08216027E-06	 4.00965881E-06	 1.72433679E-06	-6.66926039E-07
 6.680000E-01	-5.26860037E-07	-1.32880286E-06	-2.39555981E-06	-3.10324180E-06	-7.30603394E-07	-1.05578966E-06	-2.48492411E-07	 9.18587998E-08	-2.78154814E-07	 3.16708726E-08	-1.50207213E-06	-4.59186666E-06	-9.65331455E-06	-1.56464765E-05	-2.22314911E-05	 1.66515475E-05	 9.28024193E-06	 4.11669816E-06	 1.77996334E-06	-6.85527835E-07
 6.690000E-01	-5.20067538E-07	-1.32430953E-06	-2.40197648E-06	-3.12851354E-06	-8.51515565E-07	-1.14976326E-06	-2.58574502E-07	 9.44320832E-08	-2.87086358E-07	 3.23103920E-08	-1.47329790E-06	-4.56020360E-06	-9.64478041E-06	-1.56927223E-05	-2.23663799E-05	 1.71044320E-05	 9.48424491E-06	 4.22699770E-06	 1.83742685E-06	-7.04668999E-07
 6.700000E-01	-5.13177496E-07	-1.31959242E-06	-2.40811961E-06	-3.15385727E-06	-9.70172891E-07	-1.25056275E-06	-2.68731573E-07	 9.71355233E-08	-2.96305922E-07	 3.29547478E-08	-1.44426087E-06	-4.52775098E-06	-9.63517967E-06	-1.57392472E-05	-2.25004936E-05	 1.75842886E-05	 9.69425635E-06	 4.34063721E-06	 1.89678572E-06	-7.24365978E-07
 6.710000E-01	-5.06192037E-07	-1.31465298E-06	-2.41399375E-06	-3.17929710E-06	-1.08657107E-06	-1.35831171E-06	-2.78923483E-07	 9.99868986E-08	-3.05822088E-07	 3.36054882E-08	-1.41497459E-06	-4.49453124E-06	-9.62456294E-06	-1.57861873E-05	-2.26337279E-05	 1.80942392E-05	 9.91031984E-06	 4.45766279E-06	 1.95808850E-06	-7.44642903E-07
 6.720000E-01	-4.99111971E-07	-1.30949021E-06	-2.41960102E-06	-3.20488397E-06	-1.20113169E-06	-1.47333651E-06	-2.89071629E-07	 1.03008831E-07	-3.15642768E-07	 3.42632314E-08	-1.38544312E-06	-4.46054677E-06	-9.61292913E-06	-1.58336138E-05	-2.27661819E-05	 1.86379058E-05	 1.01325425E-05	 4.57813738E-06	 2.02139276E-06	-7.65524008E-07
 6.730000E-01	-4.91936193E-07	-1.30409817E-06	-2.42493242E-06	-3.23065507E-06	-1.31456780E-06	-1.59671647E-06	-2.99097545E-07	 1.06222819E-07	-3.25773098E-07	 3.49263099E-08	-1.35565566E-06	-4.42576009E-06	-9.60018844E-06	-1.58814332E-05	-2.28981175E-05	 1.92191215E-05	 1.03611564E-05	 4.70219933E-06	 2.08678416E-06	-7.87020801E-07
 6.740000E-01	-4.84664397E-07	-1.29847190E-06	-2.42997873E-06	-3.25662873E-06	-1.42747276E-06	-1.73014450E-06	-3.08961632E-07	 1.09646059E-07	-3.36219077E-07	 3.55934270E-08	-1.32560453E-06	-4.39013516E-06	-9.58625621E-06	-1.59295235E-05	-2.30296164E-05	 1.98421439E-05	 1.05963873E-05	 4.83000489E-06	 2.15435455E-06	-8.09142020E-07
 6.750000E-01	-4.77297727E-07	-1.29260921E-06	-2.43473623E-06	-3.28282288E-06	-1.54022543E-06	-1.87561294E-06	-3.18645576E-07	 1.13293660E-07	-3.46989516E-07	 3.62648549E-08	-1.29529156E-06	-4.35365439E-06	-9.57109213E-06	-1.59778177E-05	-2.31604880E-05	 2.05120227E-05	 1.08383924E-05	 4.96169142E-06	 2.22418747E-06	-8.31901353E-07
 6.760000E-01	-4.69837745E-07	-1.28650833E-06	-2.43920206E-06	-3.30925639E-06	-1.65309961E-06	-2.03541758E-06	-3.28115979E-07	 1.17184413E-07	-3.58092689E-07	 3.69408297E-08	-1.26472227E-06	-4.31630556E-06	-9.55467705E-06	-1.60262814E-05	-2.32904137E-05	 2.12348481E-05	 1.10872799E-05	 5.09739416E-06	 2.29636442E-06	-8.55311431E-07
 6.770000E-01	-4.62285205E-07	-1.28016526E-06	-2.44336746E-06	-3.33593693E-06	-1.76629171E-06	-2.21228049E-06	-3.37316954E-07	 1.21342004E-07	-3.69535405E-07	 3.76206671E-08	-1.23389926E-06	-4.27807285E-06	-9.53698491E-06	-1.60748976E-05	-2.34191442E-05	 2.20181653E-05	 1.13431263E-05	 5.23723966E-06	 2.37096725E-06	-8.79385124E-07
 6.780000E-01	-4.54638559E-07	-1.27357057E-06	-2.44720942E-06	-3.36283362E-06	-1.87980844E-06	-2.40946234E-06	-3.46213339E-07	 1.25786373E-07	-3.81324233E-07	 3.83028706E-08	-1.20281567E-06	-4.23891841E-06	-9.51793284E-06	-1.61235751E-05	-2.35466244E-05	 2.28712020E-05	 1.16060844E-05	 5.38139225E-06	 2.44809576E-06	-9.04132346E-07
 6.790000E-01	-4.46894778E-07	-1.26671069E-06	-2.45069081E-06	-3.38985549E-06	-1.99318034E-06	-2.63023013E-06	-3.54839490E-07	 1.30527985E-07	-3.93466436E-07	 3.89854392E-08	-1.17146128E-06	-4.19879988E-06	-9.49742020E-06	-1.61722266E-05	-2.36730470E-05	 2.38051744E-05	 1.18763136E-05	 5.53002405E-06	 2.52785916E-06	-9.29563743E-07
 6.800000E-01	-4.39051900E-07	-1.25957348E-06	-2.45377264E-06	-3.41687415E-06	-2.10539558E-06	-2.87664541E-06	-3.63283828E-07	 1.35573645E-07	-4.05973025E-07	 3.96679653E-08	-1.13983976E-06	-4.15771453E-06	-9.47543479E-06	-1.62209611E-05	-2.37988194E-05	 2.48335545E-05	 1.21538023E-05	 5.68322121E-06	 2.61033958E-06	-9.55705452E-07
 6.810000E-01	-4.31108515E-07	-1.25214686E-06	-2.45641491E-06	-3.44374665E-06	-2.21516020E-06	-3.14875567E-06	-3.71654959E-07	 1.40932089E-07	-4.18856838E-07	 4.03516301E-08	-1.10796601E-06	-4.11568455E-06	-9.45203522E-06	-1.62700579E-05	-2.39248227E-05	 2.59716021E-05	 1.24384815E-05	 5.84103072E-06	 2.69559956E-06	-9.82592503E-07
 6.820000E-01	-4.23062246E-07	-1.24441530E-06	-2.45856942E-06	-3.47031083E-06	-2.32107584E-06	-3.44401991E-06	-3.80101590E-07	 1.46610086E-07	-4.32130628E-07	 4.10372825E-08	-1.07585629E-06	-4.07273167E-06	-9.42729715E-06	-1.63198994E-05	-2.40528842E-05	 2.72351219E-05	 1.27304594E-05	 6.00354172E-06	 2.78370748E-06	-1.01025717E-06
 6.830000E-01	-4.14909964E-07	-1.23636026E-06	-2.46018080E-06	-3.49638557E-06	-2.42164849E-06	-3.75631355E-06	-3.88882828E-07	 1.52603844E-07	-4.45807761E-07	 4.17247155E-08	-1.04352888E-06	-4.02887750E-06	-9.40132198E-06	-1.63710072E-05	-2.41861747E-05	 2.86382252E-05	 1.30302155E-05	 6.17092777E-06	 2.87474725E-06	-1.03872358E-06
 6.840000E-01	-4.06647568E-07	-1.22796063E-06	-2.46118966E-06	-3.52178995E-06	-2.51538009E-06	-4.07444712E-06	-3.98436724E-07	 1.58883837E-07	-4.59906760E-07	 4.24115913E-08	-1.01100205E-06	-3.98414404E-06	-9.37422934E-06	-1.64240768E-05	-2.43296635E-05	 3.01897145E-05	 1.33388694E-05	 6.34347857E-06	 2.96882949E-06	-1.06800911E-06
 6.850000E-01	-3.98271484E-07	-1.21919759E-06	-2.46154777E-06	-3.54639879E-06	-2.60106092E-06	-4.38044482E-06	-4.09363645E-07	 1.65396289E-07	-4.74453826E-07	 4.30927185E-08	-9.78299405E-07	-3.93857548E-06	-9.34619953E-06	-1.64800921E-05	-2.44903489E-05	 3.18877841E-05	 1.36583622E-05	 6.52156590E-06	 3.06608052E-06	-1.09813221E-06
 6.860000E-01	-3.89780152E-07	-1.21005930E-06	-2.46123510E-06	-3.57022067E-06	-2.67834830E-06	-4.64866929E-06	-4.22300215E-07	 1.72076897E-07	-4.89485105E-07	 4.37609516E-08	-9.45453141E-07	-3.89224612E-06	-9.31748478E-06	-1.65403255E-05	-2.46771028E-05	 3.37127031E-05	 1.39917964E-05	 6.70566312E-06	 3.16664300E-06	-1.12911633E-06
 6.870000E-01	-3.81173913E-07	-1.20054171E-06	-2.46026612E-06	-3.59344365E-06	-2.74829787E-06	-4.84681291E-06	-4.37735856E-07	 1.78877922E-07	-5.05038085E-07	 4.44052756E-08	-9.12494673E-07	-3.84523562E-06	-9.28834270E-06	-1.66061729E-05	-2.49002543E-05	 3.56179514E-05	 1.43439454E-05	 6.89644704E-06	 3.27070857E-06	-1.16097384E-06
 6.880000E-01	-3.72456697E-07	-1.19065241E-06	-2.45869686E-06	-3.61645074E-06	-2.81357090E-06	-4.93851252E-06	-4.55847212E-07	 1.85794715E-07	-5.21143531E-07	 4.50123869E-08	-8.79454435E-07	-3.79761649E-06	-9.25899852E-06	-1.66789046E-05	-2.51701816E-05	 3.75212019E-05	 1.47215677E-05	 7.09488794E-06	 3.37854102E-06	-1.19368957E-06
 6.890000E-01	-3.63637135E-07	-1.18041395E-06	-2.45662992E-06	-3.63981295E-06	-2.87833522E-06	-4.88726791E-06	-4.76357029E-07	 1.92889166E-07	-5.37821723E-07	 4.55717377E-08	-8.46364440E-07	-3.74945129E-06	-9.22961006E-06	-1.67593729E-05	-2.54950850E-05	 3.92979156E-05	 1.51332464E-05	 7.30222566E-06	 3.49047682E-06	-1.22722173E-06
 6.900000E-01	-3.54728518E-07	-1.16986331E-06	-2.45420633E-06	-3.66423120E-06	-2.94785568E-06	-4.66160963E-06	-4.98388827E-07	 2.00311251E-07	-5.55075928E-07	 4.60796714E-08	-8.13256765E-07	-3.70078321E-06	-9.20022147E-06	-1.68477017E-05	-2.58785824E-05	 4.07803316E-05	 1.55886912E-05	 7.51986864E-06	 3.60691089E-06	-1.26150288E-06
 6.910000E-01	-3.45747500E-07	-1.15904724E-06	-2.45158468E-06	-3.69042506E-06	-3.02772527E-06	-4.24087986E-06	-5.20396865E-07	 2.08319506E-07	-5.72880686E-07	 4.65408790E-08	-7.80158049E-07	-3.65162679E-06	-9.17071873E-06	-1.69430528E-05	-2.63177503E-05	 4.17645617E-05	 1.60973616E-05	 7.74915328E-06	 3.72825716E-06	-1.29644490E-06
 6.920000E-01	-3.36710423E-07	-1.14801254E-06	-2.44890760E-06	-3.71898188E-06	-3.12286361E-06	-3.62052806E-06	-5.40317616E-07	 2.17259062E-07	-5.91180840E-07	 4.69717807E-08	-7.47078885E-07	-3.60194706E-06	-9.14074678E-06	-1.70434020E-05	-2.68019717E-05	 4.20267640E-05	 1.66667979E-05	 7.99108555E-06	 3.85491398E-06	-1.33195566E-06
 6.930000E-01	-3.27630719E-07	-1.13679734E-06	-2.44626799E-06	-3.75019567E-06	-3.23636159E-06	-2.81529514E-06	-5.55992764E-07	 2.27506074E-07	-6.09893069E-07	 4.74007492E-08	-7.14009089E-07	-3.55164754E-06	-9.10967855E-06	-1.71454673E-05	-2.73128512E-05	 4.13478152E-05	 1.73006605E-05	 8.24609124E-06	 3.98722430E-06	-1.36794711E-06
 6.940000E-01	-3.18517805E-07	-1.12542778E-06	-2.44369059E-06	-3.78396015E-06	-3.36857388E-06	-1.85862778E-06	-5.65766252E-07	 2.39376610E-07	-6.28920782E-07	 4.78670537E-08	-6.80925531E-07	-3.50059507E-06	-9.07669081E-06	-1.72449506E-05	-2.78253460E-05	 3.95443432E-05	 1.79965489E-05	 8.51366445E-06	 4.12539027E-06	-1.40436296E-06
 6.950000E-01	-3.09378163E-07	-1.11391860E-06	-2.44113306E-06	-3.81975902E-06	-3.51683579E-06	-7.98514795E-07	-5.69061390E-07	 2.53033696E-07	-6.48176614E-07	 4.84188956E-08	-6.47806325E-07	-3.44865293E-06	-9.04089996E-06	-1.73369904E-05	-2.83102909E-05	 3.65010013E-05	 1.87445113E-05	 8.79214927E-06	 4.26939390E-06	-1.44120349E-06
 6.960000E-01	-3.00215044E-07	-1.10227310E-06	-2.43849677E-06	-3.85673276E-06	-3.67588033E-06	 3.08997937E-07	-5.66733065E-07	 2.68417312E-07	-6.67600407E-07	 4.91057458E-08	-6.14637895E-07	-3.39570049E-06	-9.00148344E-06	-1.74167637E-05	-2.87384310E-05	 3.21975391E-05	 1.95268969E-05	 9.07875768E-06	 4.41897033E-06	-1.47853082E-06
 6.970000E-01	-2.91029626E-07	-1.09048563E-06	-2.43564847E-06	-3.89381904E-06	-3.83880143E-06	 1.40734022E-06	-5.61132585E-07	 2.85219650E-07	-6.87174301E-07	 4.99721528E-08	-5.81419419E-07	-3.34165622E-06	-8.95779071E-06	-1.74801446E-05	-2.90848784E-05	 2.67241758E-05	 2.03196318E-05	 9.36978395E-06	 4.57363134E-06	-1.51647182E-06
 6.980000E-01	-2.81821625E-07	-1.07854504E-06	-2.43244811E-06	-3.92993249E-06	-3.99833556E-06	 2.44641114E-06	-5.55806665E-07	 3.02910274E-07	-7.06930195E-07	 5.10508434E-08	-5.48165835E-07	-3.28649717E-06	-8.90943099E-06	-1.75242892E-05	-2.93329414E-05	 2.02806951E-05	 2.10948653E-05	 9.66100823E-06	 4.73273505E-06	-1.55520970E-06
 6.990000E-01	-2.72590005E-07	-1.06644013E-06	-2.42877447E-06	-3.96414856E-06	-4.14816352E-06	 3.38762429E-06	-5.54864331E-07	 3.20811994E-07	-7.26947738E-07	 5.23585556E-08	-5.14908079E-07	-3.23027013E-06	-8.85631980E-06	-1.75480101E-05	-2.94765312E-05	 1.31581172E-05	 2.18246407E-05	 9.94819885E-06	 4.89557764E-06	-1.59497237E-06
 7.000000E-01	-2.63335041E-07	-1.05416451E-06	-2.42454837E-06	-3.99584837E-06	-4.28392822E-06	 4.20595068E-06	-5.62102374E-07	 3.38223128E-07	-7.47344675E-07	 5.38971778E-08	-4.81694333E-07	-3.17309430E-06	-8.79869927E-06	-1.75518785E-05	-2.95205307E-05	 5.70524229E-06	 2.24851458E-05	 1.02277092E-05	 5.06149796E-06	-1.63601306E-06
 7.010000E-01	-2.54057997E-07	-1.04171698E-06	-2.41973813E-06	-4.02477179E-06	-4.40372987E-06	 4.88863776E-06	-5.80132613E-07	 3.54557515E-07	-7.68255438E-07	 5.56571342E-08	-4.48583134E-07	-3.11513752E-06	-8.73707506E-06	-1.75379771E-05	-2.94792905E-05	-1.71397930E-06	 2.30606701E-05	 1.04970889E-05	 5.23000626E-06	-1.67857528E-06
 7.020000E-01	-2.44760309E-07	-1.02909824E-06	-2.41434980E-06	-4.05097344E-06	-4.50794003E-06	 5.43172261E-06	-6.09814067E-07	 3.69465915E-07	-7.89798013E-07	 5.76180912E-08	-4.15632913E-07	-3.05658234E-06	-8.67211974E-06	-1.75094604E-05	-2.93737137E-05	-8.76390241E-06	 2.35461242E-05	 1.07555173E-05	 5.40089020E-06	-1.72284425E-06
 7.030000E-01	-2.35442819E-07	-1.01630846E-06	-2.40841320E-06	-4.07472967E-06	-4.59856032E-06	 5.83628745E-06	-6.50313761E-07	 3.82874903E-07	-8.12063955E-07	 5.97591613E-08	-3.82894346E-07	-2.99759759E-06	-8.60454939E-06	-1.74699685E-05	-2.92274157E-05	-1.51734338E-05	 2.39476982E-05	 1.10039633E-05	 5.57428701E-06	-1.76892886E-06
 7.040000E-01	-2.26104729E-07	-1.00334426E-06	-2.40196381E-06	-4.09642044E-06	-4.67839827E-06	 6.10575812E-06	-6.99605518E-07	 3.94943591E-07	-8.35117424E-07	 6.20610245E-08	-3.50402405E-07	-2.93831609E-06	-8.53501699E-06	-1.74230869E-05	-2.90631867E-05	-2.07588803E-05	 2.42814874E-05	 1.12449999E-05	 5.75067395E-06	-1.81686047E-06
 7.050000E-01	-2.16744741E-07	-9.90199330E-07	-2.39502992E-06	-4.11642604E-06	-4.75031375E-06	 6.24474727E-06	-7.55225391E-07	 4.05984688E-07	-8.58999855E-07	 6.45054740E-08	-3.18176626E-07	-2.87882671E-06	-8.46404791E-06	-1.73719329E-05	-2.89002995E-05	-2.54311322E-05	 2.45705696E-05	 1.14823519E-05	 5.93079116E-06	-1.86660563E-06
 7.060000E-01	-2.07362421E-07	-9.76866072E-07	-2.38762540E-06	-4.13505386E-06	-4.81671634E-06	 6.25920293E-06	-8.15040945E-07	 4.16354917E-07	-8.83742807E-07	 6.70735423E-08	-2.86226798E-07	-2.81917901E-06	-8.39200627E-06	-1.73188753E-05	-2.87528637E-05	-2.91884275E-05	 2.48413411E-05	 1.17203227E-05	 6.11552322E-06	-1.91809759E-06
 7.070000E-01	-1.97959522E-07	-9.63337594E-07	-2.37974982E-06	-4.15251081E-06	-4.87933656E-06	 6.15724050E-06	-8.77867966E-07	 4.26361706E-07	-9.09382150E-07	 6.97448152E-08	-2.54558722E-07	-2.75939003E-06	-8.31908724E-06	-1.72654080E-05	-2.86292632E-05	-3.20984167E-05	 2.51197934E-05	 1.19632468E-05	 6.30579279E-06	-1.97126536E-06
 7.080000E-01	-1.88540364E-07	-9.49609973E-07	-2.37139394E-06	-4.16890997E-06	-4.93923340E-06	 5.95002874E-06	-9.43714703E-07	 4.36199126E-07	-9.35966512E-07	 7.24951881E-08	-2.23177229E-07	-2.69945660E-06	-8.24535032E-06	-1.72122446E-05	-2.85327320E-05	-3.42744933E-05	 2.54284337E-05	 1.22150080E-05	 6.50245901E-06	-2.02605597E-06
 7.090000E-01	-1.79110318E-07	-9.35681834E-07	-2.36254716E-06	-4.18430690E-06	-4.99697615E-06	 5.65209197E-06	-1.01368490E-06	 4.45936811E-07	-9.63564243E-07	 7.52998035E-08	-1.92083771E-07	-2.63935908E-06	-8.17075308E-06	-1.71594795E-05	-2.84625203E-05	-3.58519183E-05	 2.57844615E-05	 1.24787490E-05	 6.70626219E-06	-2.08245077E-06
 7.100000E-01	-1.69673593E-07	-9.21552107E-07	-2.35319875E-06	-4.19872723E-06	-5.05285837E-06	 5.28066203E-06	-1.08957110E-06	 4.55545304E-07	-9.92255849E-07	 7.81319263E-08	-1.61269715E-07	-2.57905674E-06	-8.09517908E-06	-1.71067922E-05	-2.84153380E-05	-3.69675741E-05	 2.61990801E-05	 1.27567647E-05	 6.91780554E-06	-2.14045570E-06
 7.110000E-01	-1.60232239E-07	-9.07218648E-07	-2.34333962E-06	-4.21218887E-06	-5.10706169E-06	 4.85441398E-06	-1.17342309E-06	 4.64945655E-07	-1.02212463E-06	 8.09652553E-08	-1.30717434E-07	-2.51849332E-06	-8.01846892E-06	-1.70536220E-05	-2.83866301E-05	-3.77455743E-05	 2.66779596E-05	 1.30505411E-05	 7.13756225E-06	-2.20009693E-06
 7.120000E-01	-1.50787347E-07	-8.92679771E-07	-2.33296464E-06	-4.22471787E-06	-5.15976960E-06	 4.39197281E-06	-1.26707872E-06	 4.74054749E-07	-1.05325110E-06	 8.37770263E-08	-1.00407343E-07	-2.45761367E-06	-7.94047114E-06	-1.69993720E-05	-2.83716915E-05	-3.82891103E-05	 2.72225206E-05	 1.33608650E-05	 7.36587761E-06	-2.26142535E-06
 7.130000E-01	-1.41340539E-07	-8.77935799E-07	-2.32207509E-06	-4.23635556E-06	-5.21122437E-06	 3.91033083E-06	-1.37182352E-06	 4.82846824E-07	-1.08570150E-06	 8.65496532E-08	-7.03264023E-08	-2.39638062E-06	-7.86107456E-06	-1.69435403E-05	-2.83663904E-05	-3.86778329E-05	 2.78314763E-05	 1.36880053E-05	 7.60299485E-06	-2.32451810E-06
 7.140000E-01	-1.31894545E-07	-8.62988410E-07	-2.31067431E-06	-4.24715054E-06	-5.26172833E-06	 3.42352469E-06	-1.48829597E-06	 4.91366746E-07	-1.11952757E-06	 8.92737957E-08	-4.04710833E-08	-2.33477591E-06	-7.78020116E-06	-1.68857311E-05	-2.83673867E-05	-3.89692635E-05	 2.85022693E-05	 1.40319628E-05	 7.84911220E-06	-2.38947303E-06
 7.150000E-01	-1.22452872E-07	-8.47839921E-07	-2.29876617E-06	-4.25714879E-06	-5.31158762E-06	 2.94203874E-06	-1.61665168E-06	 4.99730481E-07	-1.15476513E-06	 9.19482158E-08	-1.08467380E-08	-2.27279938E-06	-7.69779852E-06	-1.68256605E-05	-2.83721443E-05	-3.92022907E-05	 2.92321367E-05	 1.43926486E-05	 8.10444122E-06	-2.45639466E-06
 7.160000E-01	-1.13019745E-07	-8.32493177E-07	-2.28635214E-06	-4.26638427E-06	-5.36105944E-06	 2.47293948E-06	-1.75672973E-06	 5.08097214E-07	-1.19142994E-06	 9.45716476E-08	 1.85376111E-08	-2.21046004E-06	-7.61383719E-06	-1.67631586E-05	-2.83789329E-05	-3.94014951E-05	 3.00189733E-05	 1.47699666E-05	 8.36920545E-06	-2.52537419E-06
 7.170000E-01	-1.03599288E-07	-8.16951669E-07	-2.27343375E-06	-4.27488700E-06	-5.41036309E-06	 2.02042343E-06	-1.90819695E-06	 5.16651224E-07	-1.22953339E-06	 9.71460713E-08	 4.76710978E-08	-2.14777141E-06	-7.52830935E-06	-1.66981258E-05	-2.83866713E-05	-3.95815274E-05	 3.08622115E-05	 1.51638926E-05	 8.64363373E-06	-2.59650568E-06
 7.180000E-01	-9.41956559E-08	-8.01219598E-07	-2.26001314E-06	-4.28268826E-06	-5.45971445E-06	 1.58626846E-06	-2.07057172E-06	 5.25598128E-07	-1.26909213E-06	 9.96769781E-08	 7.65424922E-08	-2.08474885E-06	-7.44122853E-06	-1.66305178E-05	-2.83947979E-05	-3.97508454E-05	 3.17632420E-05	 1.55745364E-05	 8.92795307E-06	-2.66989563E-06
 7.190000E-01	-8.48117074E-08	-7.85298695E-07	-2.24608687E-06	-4.28980574E-06	-5.50930809E-06	 1.17011089E-06	-2.24349731E-06	 5.35180608E-07	-1.31011533E-06	 1.02168534E-07	 1.05145362E-07	-2.02139371E-06	-7.35258915E-06	-1.65602414E-05	-2.84029724E-05	-3.99145676E-05	 3.27251297E-05	 1.60022475E-05	 9.22243103E-06	-2.74563783E-06
 7.200000E-01	-7.54494627E-08	-7.69187667E-07	-2.23164402E-06	-4.29623282E-06	-5.55926001E-06	 7.70106817E-07	-2.42717861E-06	 5.45635700E-07	-1.35260448E-06	 1.04622916E-07	 1.33476521E-07	-1.95769693E-06	-7.26235269E-06	-1.64871515E-05	-2.84108465E-05	-4.00758389E-05	 3.37518966E-05	 1.64476146E-05	 9.52743134E-06	-2.82379404E-06
 7.210000E-01	-6.61110325E-08	-7.52884484E-07	-2.21667083E-06	-4.30194388E-06	-5.60958317E-06	 3.83956409E-07	-2.62265275E-06	 5.57161934E-07	-1.39655929E-06	 1.07040535E-07	 1.61531735E-07	-1.89365131E-06	-7.17046793E-06	-1.64111095E-05	-2.84180536E-05	-4.02362352E-05	 3.48481486E-05	 1.69113367E-05	 9.84340977E-06	-2.90439850E-06
 7.220000E-01	-5.67998433E-08	-7.36389337E-07	-2.20115719E-06	-4.30691297E-06	-5.66023227E-06	 9.73747155E-09	-2.83161266E-06	 5.69887309E-07	-1.44199302E-06	 1.09420846E-07	 1.89301399E-07	-1.82926477E-06	-7.07690140E-06	-1.63320589E-05	-2.84243095E-05	-4.03958696E-05	 3.60192316E-05	 1.73940783E-05	 1.01708711E-05	-2.98747988E-06
 7.230000E-01	-4.75206263E-08	-7.19705877E-07	-2.18510017E-06	-4.31112975E-06	-5.71118705E-06	-3.53903182E-07	-3.05600318E-06	 5.83917773E-07	-1.48894183E-06	 1.11767264E-07	 2.16769991E-07	-1.76456228E-06	-6.98165566E-06	-1.62500380E-05	-2.84295211E-05	-4.05538404E-05	 3.72719875E-05	 1.78963870E-05	 1.05103012E-05	-3.07309973E-06
 7.240000E-01	-3.82776067E-08	-7.02837062E-07	-2.16849492E-06	-4.31458513E-06	-5.76246151E-06	-7.08129105E-07	-3.29788479E-06	 5.99374485E-07	-1.53744840E-06	 1.14080830E-07	 2.43924618E-07	-1.69956052E-06	-6.88472813E-06	-1.61650467E-05	-2.84336667E-05	-4.07091798E-05	 3.86152491E-05	 1.84188522E-05	 1.08621589E-05	-3.16133410E-06
 7.250000E-01	-2.90737382E-08	-6.85783091E-07	-2.15132963E-06	-4.31725588E-06	-5.81405848E-06	-1.05406009E-06	-3.55966645E-06	 6.16396822E-07	-1.58754910E-06	 1.16360087E-07	 2.70757709E-07	-1.63425746E-06	-6.78608194E-06	-1.60769614E-05	-2.84366049E-05	-4.08612985E-05	 4.00598323E-05	 1.89622186E-05	 1.12269276E-05	-3.25224877E-06
 7.260000E-01	-1.99123444E-08	-6.68544923E-07	-2.13359348E-06	-4.31911767E-06	-5.86596175E-06	-1.39259072E-06	-3.84399624E-06	 6.35141772E-07	-1.63928310E-06	 1.18603701E-07	 2.97262368E-07	-1.56864838E-06	-6.68569041E-06	-1.59856414E-05	-2.84382076E-05	-4.10097154E-05	 4.16186551E-05	 1.95272182E-05	 1.16050546E-05	-3.34592432E-06
 7.270000E-01	-1.07982781E-08	-6.51126551E-07	-2.11528207E-06	-4.32015884E-06	-5.91818607E-06	-1.72450016E-06	-4.15364906E-06	 6.55838058E-07	-1.69268366E-06	 1.20813918E-07	 3.23427820E-07	-1.50274116E-06	-6.58355173E-06	-1.58910175E-05	-2.84383995E-05	-4.11534554E-05	 4.33067605E-05	 2.01144090E-05	 1.19969628E-05	-3.44246476E-06
 7.280000E-01	-1.73702353E-09	-6.33532990E-07	-2.09639389E-06	-4.32037764E-06	-5.97079440E-06	-2.05074751E-06	-4.49172900E-06	 6.78796767E-07	-1.74778508E-06	 1.23002655E-07	 3.49239502E-07	-1.43655392E-06	-6.47966683E-06	-1.57930558E-05	-2.84370258E-05	-4.12906050E-05	 4.51417072E-05	 2.07241915E-05	 1.24030966E-05	-3.54200133E-06
 7.290000E-01	 7.26653652E-09	-6.15766885E-07	-2.07692078E-06	-4.31975775E-06	-6.02384291E-06	-2.37248508E-06	-4.86230238E-06	 7.04403992E-07	-1.80460309E-06	 1.25187083E-07	 3.74683330E-07	-1.37010267E-06	-6.37400353E-06	-1.56916894E-05	-2.84337327E-05	-4.14182145E-05	 4.71443557E-05	 2.13568528E-05	 1.28239820E-05	-3.64465589E-06
 7.300000E-01	 1.62092317E-08	-5.97826030E-07	-2.05684054E-06	-4.31824394E-06	-6.07727625E-06	-2.69053381E-06	-5.27083313E-06	 7.33010430E-07	-1.86312610E-06	 1.27374171E-07	 3.99751037E-07	-1.30338497E-06	-6.26647516E-06	-1.55867375E-05	-2.84279296E-05	-4.15326185E-05	 4.93403575E-05	 2.20125508E-05	 1.32602011E-05	-3.75050006E-06
 7.310000E-01	 2.50889762E-08	-5.79704842E-07	-2.03611983E-06	-4.31574605E-06	-6.13090594E-06	-3.00471450E-06	-5.72365556E-06	 7.64883904E-07	-1.92336063E-06	 1.29572097E-07	 4.24434495E-07	-1.23639492E-06	-6.15700127E-06	-1.54779885E-05	-2.84190368E-05	-4.16296244E-05	 5.17627383E-05	 2.26909749E-05	 1.37122328E-05	-3.85963846E-06
 7.320000E-01	 3.39050766E-08	-5.61393697E-07	-2.01471236E-06	-4.31213323E-06	-6.18439209E-06	-3.31361407E-06	-6.22693784E-06	 8.00236134E-07	-1.98534450E-06	 1.31789651E-07	 4.48723189E-07	-1.16913317E-06	-6.04554392E-06	-1.53652957E-05	-2.84067885E-05	-4.17054258E-05	 5.44546360E-05	 2.33911858E-05	 1.41803392E-05	-3.97226042E-06
 7.330000E-01	 4.26610521E-08	-5.42870559E-07	-1.99253806E-06	-4.30718505E-06	-6.23712494E-06	-3.61431457E-06	-6.78592806E-06	 8.39144008E-07	-2.04911848E-06	 1.34031645E-07	 4.72607601E-07	-1.10159235E-06	-5.93206095E-06	-1.52484974E-05	-2.83912118E-05	-4.17584359E-05	 5.74708454E-05	 2.41120541E-05	 1.46647077E-05	-4.08858251E-06
 7.340000E-01	 5.13648094E-08	-5.24099871E-07	-1.96947684E-06	-4.30056042E-06	-6.28806003E-06	-3.90136328E-06	-7.40301492E-06	 8.81154563E-07	-2.11475283E-06	 1.36290976E-07	 4.96075048E-07	-1.03376909E-06	-5.81650561E-06	-1.51274893E-05	-2.83727340E-05	-4.17909466E-05	 6.08775009E-05	 2.48527579E-05	 1.51656576E-05	-4.20878674E-06
 7.350000E-01	 6.00266171E-08	-5.05036574E-07	-1.94537644E-06	-4.29181108E-06	-6.33569439E-06	-4.16572344E-06	-8.07290662E-06	 9.24684402E-07	-2.18242831E-06	 1.38532526E-07	 5.19102338E-07	-9.65683875E-07	-5.69886828E-06	-1.50023612E-05	-2.83525312E-05	-4.18110011E-05	 6.47496504E-05	 2.56132085E-05	 1.56837530E-05	-4.33298948E-06
 7.360000E-01	 6.86542688E-08	-4.85639600E-07	-1.92008728E-06	-4.28047441E-06	-6.37832713E-06	-4.39509971E-06	-8.77421490E-06	 9.66500620E-07	-2.25259903E-06	 1.40679038E-07	 5.41642277E-07	-8.97423786E-07	-5.57928923E-06	-1.48736851E-05	-2.83331987E-05	-4.18342499E-05	 6.91656335E-05	 2.63943816E-05	 1.62197441E-05	-4.46133153E-06
 7.370000E-01	 7.72493085E-08	-4.65882023E-07	-1.89349416E-06	-4.26618895E-06	-6.41455800E-06	-4.57668829E-06	-9.46010109E-06	 1.00177378E-06	-2.32607315E-06	 1.42595630E-07	 5.63620335E-07	-8.29156810E-07	-5.45813644E-06	-1.47426923E-05	-2.83195086E-05	-4.18869793E-05	 7.41962524E-05	 2.71993492E-05	 1.67744564E-05	-4.59407521E-06
 7.380000E-01	 8.58067887E-08	-4.45753531E-07	-1.86553100E-06	-4.24877527E-06	-6.44375345E-06	-4.70141329E-06	-1.00524501E-05	 1.02451922E-06	-2.40393787E-06	 1.44058278E-07	 5.84948248E-07	-7.61088661E-07	-5.33591858E-06	-1.46110415E-05	-2.83183893E-05	-4.20099060E-05	 7.98838371E-05	 2.80364835E-05	 1.73492307E-05	-4.73145669E-06
 7.390000E-01	 9.43119813E-08	-4.25268735E-07	-1.83620680E-06	-4.22833197E-06	-6.46650616E-06	-4.76809756E-06	-1.04413440E-05	 1.02851387E-06	-2.48741132E-06	 1.44762680E-07	 6.05531392E-07	-6.93438632E-07	-5.21321921E-06	-1.44806028E-05	-2.83384099E-05	-4.22583422E-05	 8.62099798E-05	 2.89229913E-05	 1.79465555E-05	-4.87349118E-06
 7.400000E-01	 1.02735309E-07	-4.04482334E-07	-1.80564644E-06	-4.20534397E-06	-6.48505938E-06	-4.78702693E-06	-1.04914244E-05	 1.00896393E-06	-2.57762089E-06	 1.44357803E-07	 6.25272160E-07	-6.26437909E-07	-5.09067928E-06	-1.43533534E-05	-2.83889381E-05	-4.26967172E-05	 9.30560327E-05	 2.98873867E-05	 1.85704748E-05	-5.01985348E-06
 7.410000E-01	 1.11030892E-07	-3.83493786E-07	-1.77410629E-06	-4.18072130E-06	-6.50353425E-06	-4.78224057E-06	-1.00581003E-05	 9.64959858E-07	-2.67526993E-06	 1.42544575E-07	 6.44072509E-07	-5.60327265E-07	-4.96893357E-06	-1.42311758E-05	-2.84786203E-05	-4.33879664E-05	 1.00164224E-04	 3.09706254E-05	 1.92269054E-05	-5.16982722E-06
 7.420000E-01	 1.19141767E-07	-3.62436405E-07	-1.74194638E-06	-4.15569999E-06	-6.52760293E-06	-4.79088121E-06	-9.01449778E-06	 9.02219755E-07	-2.78020271E-06	 1.39192530E-07	 6.61849565E-07	-4.95320813E-07	-4.84849149E-06	-1.41154895E-05	-2.86135943E-05	-4.43809157E-05	 1.07110481E-04	 3.22254738E-05	 1.99236009E-05	-5.32229766E-06
 7.430000E-01	 1.27011367E-07	-3.41448165E-07	-1.70954671E-06	-4.13157883E-06	-6.56347217E-06	-4.85811684E-06	-7.28587490E-06	 8.34908427E-07	-2.89088425E-06	 1.34443497E-07	 6.78565088E-07	-4.31523345E-07	-4.72949797E-06	-1.40065809E-05	-2.87952338E-05	-4.56985659E-05	 1.13298017E-04	 3.37141715E-05	 2.06701065E-05	-5.47557206E-06
 7.440000E-01	 1.34594868E-07	-3.20642893E-07	-1.67721859E-06	-4.10940455E-06	-6.61640714E-06	-5.02783603E-06	-4.88088824E-06	 7.85247793E-07	-3.00422729E-06	 1.28797141E-07	 6.94247141E-07	-3.68866894E-07	-4.61158740E-06	-1.39030082E-05	-2.90180936E-05	-4.73262971E-05	 1.17982632E-04	 3.55008990E-05	 2.14768955E-05	-5.62738262E-06
 7.450000E-01	 1.41866370E-07	-3.00094008E-07	-1.64514685E-06	-4.08972302E-06	-6.68938130E-06	-5.33199806E-06	-1.90812546E-06	 7.80541129E-07	-3.11595657E-06	 1.23161931E-07	 7.08987838E-07	-3.07124715E-07	-4.49394515E-06	-1.38015562E-05	-2.92689542E-05	-4.92013150E-05	 1.20340393E-04	 3.76371544E-05	 2.23532059E-05	-5.77535033E-06
 7.460000E-01	 1.48823921E-07	-2.79820154E-07	-1.61335247E-06	-4.07241246E-06	-6.78211805E-06	-5.78203029E-06	 1.42816632E-06	 8.47791694E-07	-3.22140740E-06	 1.18761837E-07	 7.22933848E-07	-2.45940788E-07	-4.37540456E-06	-1.36974899E-05	-2.95273025E-05	-5.12111565E-05	 1.19578063E-04	 4.01448427E-05	 2.33043195E-05	-5.91763027E-06
 7.470000E-01	 1.55493406E-07	-2.59779868E-07	-1.58167934E-06	-4.05663995E-06	-6.89076893E-06	-6.36455281E-06	 4.85433522E-06	 1.00693716E-06	-3.31656580E-06	 1.16937685E-07	 7.36266223E-07	-1.84886797E-07	-4.25457924E-06	-1.35851366E-05	-2.97672561E-05	-5.32041354E-05	 1.15069318E-04	 4.30022826E-05	 2.43294287E-05	-6.05352226E-06
 7.480000E-01	 1.61923006E-07	-2.39878690E-07	-1.54981625E-06	-4.04097220E-06	-7.00825482E-06	-7.04232428E-06	 8.07193513E-06	 1.26410373E-06	-3.39907786E-06	 1.18849882E-07	 7.49172137E-07	-1.23533696E-07	-4.13002525E-06	-1.34586766E-05	-2.99608261E-05	-5.50107019E-05	 1.06488676E-04	 4.61367023E-05	 2.54206069E-05	-6.18377170E-06
 7.490000E-01	 1.68172885E-07	-2.20000999E-07	-1.51738015E-06	-4.02368946E-06	-7.12549206E-06	-7.76057834E-06	 1.08134928E-05	 1.60663570E-06	-3.46921254E-06	 1.25204000E-07	 7.61801512E-07	-6.15643333E-08	-4.00057208E-06	-1.33132297E-05	-3.00824525E-05	-5.64702314E-05	 9.39136562E-05	 4.94241137E-05	 2.65624908E-05	-6.31080164E-06
 7.500000E-01	 1.74293448E-07	-2.00059666E-07	-1.48405888E-06	-4.00327438E-06	-7.23344087E-06	-8.45843922E-06	 1.28960036E-05	 2.00268177E-06	-3.53057345E-06	 1.36041699E-07	 7.74223462E-07	 1.10147559E-09	-3.86575426E-06	-1.31461773E-05	-3.01145336E-05	-5.74597135E-05	 7.78677471E-05	 5.27005241E-05	 2.77324983E-05	-6.43906689E-06
 7.510000E-01	 1.80316687E-07	-1.80016313E-07	-1.44970034E-06	-3.97877592E-06	-7.32522428E-06	-9.08316445E-06	 1.42520647E-05	 2.40752856E-06	-3.58980033E-06	 1.50634384E-07	 7.86423144E-07	 6.43024177E-08	-3.72592460E-06	-1.29576395E-05	-3.00511403E-05	-5.79201798E-05	 5.92762490E-05	 5.57905585E-05	 2.89037160E-05	-6.57475266E-06
 7.520000E-01	 1.86258616E-07	-1.59880097E-07	-1.41431959E-06	-3.94992316E-06	-7.39731733E-06	-9.60115575E-06	 1.49276276E-05	 2.77456528E-06	-3.65511116E-06	 1.67603672E-07	 7.98314677E-07	 1.27707867E-07	-3.58204960E-06	-1.27500591E-05	-2.98980809E-05	-5.78675818E-05	 3.93311552E-05	 5.85449213E-05	 3.00506081E-05	-6.72457400E-06
 7.530000E-01	 1.92113731E-07	-1.39696385E-07	-1.37806722E-06	-3.91705243E-06	-7.44962071E-06	-1.00018471E-05	 1.50519185E-05	 3.06648263E-06	-3.73439352E-06	 1.85275765E-07	 8.09761866E-07	 1.90896011E-07	-3.43542765E-06	-1.25274217E-05	-2.96701172E-05	-5.73824351E-05	 1.93021921E-05	 6.08704287E-05	 3.11547063E-05	-6.89432218E-06
 7.540000E-01	 1.97858019E-07	-1.19542961E-07	-1.34118737E-06	-3.88096087E-06	-7.48482648E-06	-1.02950195E-05	 1.47935599E-05	 3.26326012E-06	-3.83361939E-06	 2.02071249E-07	 8.20600077E-07	 2.53406255E-07	-3.28746139E-06	-1.22944878E-05	-2.93871493E-05	-5.65854578E-05	 3.48621606E-07	 6.27444050E-05	 3.22080459E-05	-7.08781913E-06
 7.550000E-01	 2.03453014E-07	-9.95173457E-08	-1.30397165E-06	-3.84271484E-06	-7.50748397E-06	-1.05047997E-05	 1.43158638E-05	 3.36623756E-06	-3.95603414E-06	 2.16864338E-07	 8.30661031E-07	 3.14790765E-07	-3.13951056E-06	-1.20561166E-05	-2.90707104E-05	-5.56106028E-05	-1.66250992E-05	 6.42140977E-05	 3.32136231E-05	-7.30673314E-06
 7.560000E-01	 2.08859896E-07	-7.97010944E-08	-1.26665936E-06	-3.80331129E-06	-7.52262281E-06	-1.06620154E-05	 1.37386703E-05	 3.39715997E-06	-4.10157901E-06	 2.29142677E-07	 8.39810911E-07	 3.74714765E-07	-2.99261970E-06	-1.18162787E-05	-2.87401386E-05	-5.45815917E-05	-3.10508175E-05	 6.53836233E-05	 3.41843763E-05	-7.55035790E-06
 7.570000E-01	 2.14055791E-07	-6.01261260E-08	-1.22934269E-06	-3.76333668E-06	-7.53426567E-06	-1.07956687E-05	 1.31184607E-05	 3.39024679E-06	-4.26703820E-06	 2.39015123E-07	 8.47968994E-07	 4.33022770E-07	-2.84729746E-06	-1.15772619E-05	-2.84092888E-05	-5.35939385E-05	-4.27082907E-05	 6.63906367E-05	 3.51407620E-05	-7.81560050E-06
 7.580000E-01	 2.19031182E-07	-4.07799501E-08	-1.19197746E-06	-3.72289826E-06	-7.54462899E-06	-1.09262277E-05	 1.24553008E-05	 3.38005788E-06	-4.44751290E-06	 2.47065537E-07	 8.55099253E-07	 4.89698711E-07	-2.70361602E-06	-1.13398875E-05	-2.80860191E-05	-5.27074225E-05	-5.16734589E-05	 6.73807945E-05	 3.61063516E-05	-8.09804325E-06
 7.590000E-01	 2.23783792E-07	-2.16327236E-08	-1.15445126E-06	-3.68178331E-06	-7.55428321E-06	-1.10637681E-05	 1.17178209E-05	 3.39176718E-06	-4.63832741E-06	 2.54067893E-07	 8.61190887E-07	 5.44791264E-07	-2.56142854E-06	-1.11041577E-05	-2.77736327E-05	-5.19498058E-05	-5.82325107E-05	 6.84894541E-05	 3.71036153E-05	-8.39336917E-06
 7.600000E-01	 2.28311729E-07	-2.65699224E-09	-1.11664544E-06	-3.63964995E-06	-7.56274207E-06	-1.12100893E-05	 1.08697284E-05	 3.43729766E-06	-4.83633922E-06	 2.60737923E-07	 8.66249324E-07	 5.98365138E-07	-2.42053558E-06	-1.08697620E-05	-2.74726301E-05	-5.13258220E-05	-6.27922730E-05	 6.98318744E-05	 3.81515220E-05	-8.69840297E-06
 7.610000E-01	 2.32614730E-07	 1.61718612E-08	-1.07844271E-06	-3.59610785E-06	-7.56892496E-06	-1.13619274E-05	 9.88689107E-06	 3.51550996E-06	-5.04000845E-06	 2.67559550E-07	 8.70295377E-07	 6.50504675E-07	-2.28067731E-06	-1.06360401E-05	-2.71813268E-05	-5.08245357E-05	-6.58030177E-05	 7.14958476E-05	 3.92652408E-05	-9.01088794E-06
 7.620000E-01	 2.36693974E-07	 3.48761385E-08	-1.03973009E-06	-3.55075588E-06	-7.57145764E-06	-1.15134083E-05	 8.76671791E-06	 3.61368750E-06	-5.24917510E-06	 2.74685178E-07	 8.73356639E-07	 7.01307568E-07	-2.14152638E-06	-1.04019358E-05	-2.68962021E-05	-5.04245589E-05	-6.76960925E-05	 7.35366141E-05	 4.04562255E-05	-9.32895230E-06
 7.630000E-01	 2.40544226E-07	 5.34548483E-08	-1.00045724E-06	-3.50334670E-06	-7.56924486E-06	-1.16584556E-05	 7.53279224E-06	 3.71211115E-06	-5.46523914E-06	 2.81964059E-07	 8.75457311E-07	 7.50843537E-07	-2.00283369E-06	-1.01664684E-05	-2.66134390E-05	-5.01007205E-05	-6.88386131E-05	 7.59793732E-05	 4.17313743E-05	-9.65154634E-06
 7.640000E-01	 2.44151757E-07	 7.18773363E-08	-9.60660715E-07	-3.45387313E-06	-7.56193990E-06	-1.17934415E-05	 6.22963841E-06	 3.79242936E-06	-5.69093989E-06	 2.88971495E-07	 8.76614651E-07	 7.99142706E-07	-1.86447798E-06	-9.92900942E-06	-2.63299220E-05	-4.98297757E-05	-6.95136623E-05	 7.88293562E-05	 4.30931375E-05	-9.97897670E-06
 7.650000E-01	 2.47499544E-07	 9.00999435E-08	-9.20427961E-07	-3.40250679E-06	-7.54995317E-06	-1.19184991E-05	 4.90749201E-06	 3.84549374E-06	-5.92930147E-06	 2.95184314E-07	 8.76844913E-07	 8.46220659E-07	-1.72639138E-06	-9.68914993E-06	-2.60431352E-05	-4.95925957E-05	-6.99225007E-05	 8.20826691E-05	 4.45411646E-05	-1.03127780E-05
 7.660000E-01	 2.50574070E-07	 1.08088407E-07	-8.79831417E-07	-3.34942062E-06	-7.53396031E-06	-1.20364490E-05	 3.60596767E-06	 3.87314763E-06	-6.18225732E-06	 3.00138152E-07	 8.76167606E-07	 8.92111071E-07	-1.58844305E-06	-9.44638052E-06	-2.57504642E-05	-4.93732530E-05	-7.01972080E-05	 8.57324138E-05	 4.60744649E-05	-1.06547754E-05
 7.670000E-01	 2.53364651E-07	 1.25820697E-07	-8.38911516E-07	-3.29471727E-06	-7.51451495E-06	-1.21506987E-05	 2.34693298E-06	 3.88413222E-06	-6.45017039E-06	 3.03546604E-07	 8.74599613E-07	 9.36857266E-07	-1.45044723E-06	-9.20002896E-06	-2.54490974E-05	-4.91578833E-05	-7.04124034E-05	 8.97709754E-05	 4.76923376E-05	-1.10062093E-05
 7.680000E-01	 2.55856428E-07	 1.43266216E-07	-7.97722643E-07	-3.23851748E-06	-7.49214958E-06	-1.22643499E-05	 1.13678975E-06	 3.89048016E-06	-6.73276775E-06	 3.05382710E-07	 8.72147931E-07	 9.80465956E-07	-1.31233498E-06	-8.94970610E-06	-2.51371831E-05	-4.89360260E-05	-7.05946349E-05	 9.41957563E-05	 4.93933582E-05	-1.13684113E-05
 7.690000E-01	 2.58033206E-07	 1.60388957E-07	-7.56332844E-07	-3.18097582E-06	-7.46747416E-06	-1.23805515E-05	-3.16749752E-08	 3.90588847E-06	-7.02940301E-06	 3.05797960E-07	 8.68814697E-07	 1.02291389E-06	-1.17415132E-06	-8.69532914E-06	-2.48140448E-05	-4.87014518E-05	-7.07371770E-05	 9.90172305E-05	 5.11753237E-05	-1.17430666E-05
 7.700000E-01	 2.59888137E-07	 1.77173892E-07	-7.14757352E-07	-3.12212118E-06	-7.44083138E-06	-1.25020828E-05	-1.17872332E-06	 3.94136185E-06	-7.33845613E-06	 3.05027574E-07	 8.64599891E-07	 1.06417886E-06	-1.03592633E-06	-8.43677715E-06	-2.44792634E-05	-4.84507294E-05	-7.08188712E-05	 1.04265712E-04	 5.30367677E-05	-1.21316023E-05
 7.710000E-01	 2.61428560E-07	 1.93641765E-07	-6.72918176E-07	-3.06173519E-06	-7.41185961E-06	-1.26298532E-05	-2.33183619E-06	 3.99741849E-06	-7.65700703E-06	 3.03438157E-07	 8.59497048E-07	 1.10424344E-06	-8.97637096E-07	-8.17381735E-06	-2.41322856E-05	-4.81823094E-05	-7.08197414E-05	 1.09996226E-04	 5.49776423E-05	-1.25348221E-05
 7.720000E-01	 2.62673200E-07	 2.09844694E-07	-6.30647011E-07	-2.99932580E-06	-7.37926118E-06	-1.27613663E-05	-3.51287971E-06	 4.05692759E-06	-7.98165787E-06	 3.01598934E-07	 8.53480938E-07	 1.14305466E-06	-7.59329308E-07	-7.90643793E-06	-2.37731074E-05	-4.78974736E-05	-7.07313204E-05	 1.16292693E-04	 5.69985154E-05	-1.29534502E-05
 7.730000E-01	 2.63644935E-07	 2.25848400E-07	-5.87729011E-07	-2.93421687E-06	-7.34091255E-06	-1.28901483E-05	-4.72295553E-06	 4.08397702E-06	-8.31024760E-06	 3.00406922E-07	 8.46513751E-07	 1.18050634E-06	-6.21235901E-07	-7.63523319E-06	-2.34033795E-05	-4.76027920E-05	-7.05662711E-05	 1.23271027E-04	 5.90996183E-05	-1.33895573E-05
 7.740000E-01	 2.64364942E-07	 2.41719531E-07	-5.43929052E-07	-2.86560598E-06	-7.29402268E-06	-1.30058160E-05	-5.93031969E-06	 4.02881799E-06	-8.64367424E-06	 3.00761110E-07	 8.38575533E-07	 1.21651367E-06	-4.83594624E-07	-7.36089514E-06	-2.30254025E-05	-4.73084714E-05	-7.03706934E-05	 1.31068196E-04	 6.12848223E-05	-1.38457328E-05
 7.750000E-01	 2.64830778E-07	 2.57472317E-07	-4.99120227E-07	-2.79288484E-06	-7.23600360E-06	-1.30961117E-05	-7.06305179E-06	 3.84587306E-06	-8.98955888E-06	 3.02690928E-07	 8.29702837E-07	 1.25113787E-06	-3.46266604E-07	-7.08309978E-06	-2.26391042E-05	-4.70204051E-05	-7.02225222E-05	 1.39805527E-04	 6.35682137E-05	-1.43223054E-05
 7.760000E-01	 2.64971962E-07	 2.72950182E-07	-4.53591549E-07	-2.71646820E-06	-7.16690849E-06	-1.31541612E-05	-8.01919867E-06	 3.53925445E-06	-9.36773370E-06	 3.03832889E-07	 8.20021413E-07	 1.28467223E-06	-2.08494491E-07	-6.79977192E-06	-2.22393594E-05	-4.67292247E-05	-7.01902980E-05	 1.49534374E-04	 6.59740514E-05	-1.48159417E-05
 7.770000E-01	 2.64611995E-07	 2.87715775E-07	-4.08369616E-07	-2.63878641E-06	-7.09281548E-06	-1.31915912E-05	-8.71944831E-06	 3.22990098E-06	-9.81045407E-06	 2.98061602E-07	 8.09749883E-07	 1.31765390E-06	-6.88486639E-08	-6.50686940E-06	-2.18143870E-05	-4.64003115E-05	-7.02514922E-05	 1.60201396E-04	 6.85242852E-05	-1.53211316E-05
 7.780000E-01	 2.63484943E-07	 3.01078374E-07	-3.65217835E-07	-2.56455130E-06	-7.02767963E-06	-1.32508597E-05	-9.20760190E-06	 3.19283238E-06	-1.03466901E-05	 2.76188762E-07	 7.99154224E-07	 1.35074927E-06	 7.45022370E-08	-6.19900206E-06	-2.13466877E-05	-4.59709658E-05	-7.01989148E-05	 1.71691206E-04	 7.12121055E-05	-1.58348543E-05
 7.790000E-01	 2.61344572E-07	 3.12366535E-07	-3.25997948E-07	-2.49932230E-06	-6.99035804E-06	-1.34044409E-05	-9.75532966E-06	 3.77700988E-06	-1.09643041E-05	 2.30898709E-07	 7.88425530E-07	 1.38447578E-06	 2.23154528E-07	-5.87099435E-06	-2.08174347E-05	-4.53613620E-05	-6.95967298E-05	 1.83997693E-04	 7.39683600E-05	-1.63620287E-05
 7.800000E-01	 2.58165384E-07	 3.21451991E-07	-2.91328202E-07	-2.44599396E-06	-6.99479324E-06	-1.37289129E-05	-1.08778115E-05	 5.14508531E-06	-1.15620600E-05	 1.66727995E-07	 7.77470847E-07	 1.41869096E-06	 3.77194255E-07	-5.52120636E-06	-2.02166216E-05	-4.45067092E-05	-6.78499448E-05	 1.97532949E-04	 7.66313743E-05	-1.69224419E-05
 7.810000E-01	 2.54374414E-07	 3.29369562E-07	-2.58884439E-07	-2.39991316E-06	-7.03451808E-06	-1.42510982E-05	-1.31630921E-05	 6.87632025E-06	-1.19255365E-05	 1.12277288E-07	 7.65700288E-07	 1.45200497E-06	 5.33540113E-07	-5.15632236E-06	-1.95585939E-05	-4.34131622E-05	-6.44418807E-05	 2.13494847E-04	 7.89451072E-05	-1.75596013E-05
 7.820000E-01	 2.50996535E-07	 3.38737979E-07	-2.22093018E-07	-2.34455091E-06	-7.06680990E-06	-1.48790241E-05	-1.68818142E-05	 7.63715488E-06	-1.17780352E-05	 1.25260862E-07	 7.51948339E-07	 1.48152948E-06	 6.85080793E-07	-4.79448411E-06	-1.88944103E-05	-4.22179214E-05	-5.93444447E-05	 2.34060830E-04	 8.06374362E-05	-1.83407053E-05
 7.830000E-01	 2.49531006E-07	 3.53494414E-07	-1.70514164E-07	-2.25131662E-06	-7.00742307E-06	-1.53532296E-05	-2.14791424E-05	 5.29063549E-06	-1.09551982E-05	 2.77781105E-07	 7.34665777E-07	 1.50334408E-06	 8.21699412E-07	-4.46348692E-06	-1.83103317E-05	-4.12153054E-05	-5.34613998E-05	 2.62055783E-04	 8.16121748E-05	-1.93348801E-05
 7.840000E-01	 2.51432395E-07	 3.77576626E-07	-9.30282826E-08	-2.08706527E-06	-6.74814058E-06	-1.52687530E-05	-2.52241687E-05	-2.17421840E-06	-9.69598448E-06	 6.11589926E-07	 7.12403066E-07	 1.51377299E-06	 9.33557082E-07	-4.19239484E-06	-1.79051745E-05	-4.08090499E-05	-4.88213481E-05	 2.99828349E-04	 8.22170389E-05	-2.05640546E-05
 7.850000E-01	 2.57250776E-07	 4.12641278E-07	 1.61966234E-08	-1.83008888E-06	-6.20275921E-06	-1.42075414E-05	-2.53902805E-05	-1.48270391E-05	-8.93091230E-06	 1.06968277E-06	 6.84433464E-07	 1.51103306E-06	 1.01551654E-06	-3.99891737E-06	-1.77505804E-05	-4.13794095E-05	-4.82215322E-05	 3.47470493E-04	 8.34438061E-05	-2.19438724E-05
 7.860000E-01	 2.65777362E-07	 4.55714205E-07	 1.51113022E-07	-1.48955850E-06	-5.36991420E-06	-1.19690640E-05	-1.92185493E-05	-2.87054226E-05	-1.03224662E-05	 1.43562969E-06	 6.51243882E-07	 1.49650541E-06	 1.07069832E-06	-3.87813183E-06	-1.78502118E-05	-4.31057714E-05	-5.42603310E-05	 4.01101688E-04	 8.68658940E-05	-2.32513207E-05
 7.870000E-01	 2.73678678E-07	 4.98124606E-07	 2.90267117E-07	-1.11820529E-06	-4.38259861E-06	-8.80973576E-06	-5.50392709E-06	-3.47846749E-05	-1.58001807E-05	 1.33464842E-06	 6.14631104E-07	 1.47493187E-06	 1.11126874E-06	-3.79829646E-06	-1.81181371E-05	-4.58257387E-05	-6.80982823E-05	 4.52294409E-04	 9.42119847E-05	-2.41516996E-05
 7.880000E-01	 2.75985465E-07	 5.26793980E-07	 3.99496334E-07	-8.08356681E-07	-3.51034047E-06	-5.55497582E-06	 1.38762333E-05	-2.04778452E-05	-2.65330070E-05	 3.42179372E-07	 5.77294840E-07	 1.45323115E-06	 1.15545008E-06	-3.70767922E-06	-1.83921622E-05	-4.90123448E-05	-8.85445402E-05	 4.89465143E-04	 1.06649553E-04	-2.42985640E-05
 7.890000E-01	 2.67500458E-07	 5.28072772E-07	 4.41726419E-07	-6.67213844E-07	-3.09507312E-06	-3.47240315E-06	 3.34174575E-05	 2.57300865E-05	-4.16352486E-05	-1.80098318E-06	 5.42005116E-07	 1.43818372E-06	 1.22128868E-06	-3.55160211E-06	-1.84833368E-05	-5.19046228E-05	-1.12006687E-04	 5.01200811E-04	 1.24047155E-04	-2.34829262E-05
 7.900000E-01	 2.44792267E-07	 4.93179307E-07	 3.91590097E-07	-7.76316642E-07	-3.42955221E-06	-3.88435910E-06	 4.50970536E-05	 1.07578386E-04	-5.72463811E-05	-4.93601857E-06	 5.10645099E-07	 1.43381186E-06	 1.31937335E-06	-3.29390818E-06	-1.82461631E-05	-5.37614366E-05	-1.33488689E-04	 4.80441613E-04	 1.44597628E-04	-2.17765954E-05
 7.910000E-01	 2.08098184E-07	 4.23284013E-07	 2.49589313E-07	-1.14929903E-06	-4.61867299E-06	-7.62569684E-06	 4.10890570E-05	 2.15037698E-04	-6.67335304E-05	-8.32213645E-06	 4.83567265E-07	 1.43974921E-06	 1.44808797E-06	-2.93287181E-06	-1.76389342E-05	-5.41425182E-05	-1.48344146E-04	 4.27688462E-04	 1.65148164E-04	-1.95905393E-05
 7.920000E-01	 1.62368990E-07	 3.32069873E-07	 4.97211241E-08	-1.70568994E-06	-6.48050223E-06	-1.45532860E-05	 1.71691019E-05	 3.22498610E-04	-6.24532060E-05	-1.06884440E-05	 4.59560226E-07	 1.45147321E-06	 1.59418294E-06	-2.50238439E-06	-1.67413716E-05	-5.30810285E-05	-1.54041997E-04	 3.51469301E-04	 1.82282637E-04	-1.75823910E-05
 7.930000E-01	 1.16708957E-07	 2.43916632E-07	-1.44511495E-07	-2.27610585E-06	-8.53773702E-06	-2.33270538E-05	-2.45978237E-05	 3.93589098E-04	-3.88879442E-05	-1.05536486E-05	 4.36367947E-07	 1.46214857E-06	 1.73813052E-06	-2.05832413E-06	-1.57215489E-05	-5.10615293E-05	-1.51073686E-04	 2.65497163E-04	 1.93721973E-04	-1.64341991E-05
 7.940000E-01	 8.18216873E-08	 1.86796856E-07	-2.58229189E-07	-2.64743962E-06	-1.01312405E-05	-3.16288863E-05	-7.51988792E-05	 3.92623137E-04	 3.75724658E-06	-6.77617476E-06	 4.11620361E-07	 1.46539860E-06	 1.86198719E-06	-1.65601365E-06	-1.47677808E-05	-4.88166272E-05	-1.42587203E-04	 1.83620498E-04	 1.99393848E-04	-1.65963590E-05
 7.950000E-01	 6.61059145E-08	 1.81616230E-07	-2.33624288E-07	-2.64079220E-06	-1.06462358E-05	-3.68658273E-05	-1.20834452E-04	 2.99487941E-04	 5.71717519E-05	 8.03063382E-07	 3.83816250E-07	 1.45794257E-06	 1.95685002E-06	-1.32724722E-06	-1.40114841E-05	-4.70249143E-05	-1.32963212E-04	 1.14746216E-04	 2.01636290E-04	-1.81008361E-05
 7.960000E-01	 7.21811924E-08	 2.32804994E-07	-5.64312802E-08	-2.19074443E-06	-9.76971920E-06	-3.71589070E-05	-1.47631549E-04	 1.21741264E-04	 1.05722405E-04	 1.09069977E-05	 3.52865047E-07	 1.44080710E-06	 2.02637589E-06	-1.06711154E-06	-1.34731362E-05	-4.60326680E-05	-1.25962596E-04	 6.00317966E-05	 2.04281106E-04	-2.05231755E-05
 7.970000E-01	 9.56330565E-08	 3.25207588E-07	 2.33826760E-07	-1.38467436E-06	-7.65088188E-06	-3.21745290E-05	-1.47133264E-04	-1.02948715E-04	 1.31229674E-04	 2.08984499E-05	 3.19796401E-07	 1.41815731E-06	 2.08374552E-06	-8.39088608E-07	-1.30613259E-05	-4.57337416E-05	-1.23273338E-04	 1.37521253E-05	 2.10876866E-04	-2.31390255E-05
 7.980000E-01	 1.26599998E-07	 4.29226628E-07	 5.56385561E-07	-4.38519481E-07	-4.87345378E-06	-2.33661601E-05	-1.19954234E-04	-3.17265730E-04	 1.20330571E-04	 2.75233328E-05	 2.85856362E-07	 1.39434331E-06	 2.14318352E-06	-5.97784026E-07	-1.26317390E-05	-4.56842582E-05	-1.24160960E-04	-3.25693295E-05	 2.22922397E-04	-2.52481506E-05
 7.990000E-01	 1.53652926E-07	 5.12451396E-07	 8.20654092E-07	 3.85477087E-07	-2.23733367E-06	-1.34575140E-05	-7.57110160E-05	-4.64541425E-04	 7.11937547E-05	 2.81191703E-05	 2.51635372E-07	 1.37108112E-06	 2.21119573E-06	-3.16020479E-07	-1.20727636E-05	-4.53895283E-05	-1.26373711E-04	-8.51122239E-05	 2.39190866E-04	-2.65126942E-05
 8.000000E-01	 1.68092708E-07	 5.52266294E-07	 9.61932959E-07	 8.82745240E-07	-4.43914091E-07	-5.36640676E-06	-2.90869846E-05	-5.10265557E-04	-4.06940556E-06	 2.18037096E-05	 2.16797694E-07	 1.34655816E-06	 2.28306578E-06	 5.42828087E-10	-1.13654304E-05	-4.45880922E-05	-1.27709761E-04	-1.44771700E-04	 2.56662170E-04	-2.71107286E-05
 8.010000E-01	 1.66595549E-07	 5.43241133E-07	 9.63683099E-07	 9.80081738E-07	 1.61699776E-07	-1.08848507E-06	 6.11722004E-06	-4.54613050E-04	-8.32485581E-05	 1.00295093E-05	 1.80598181E-07	 1.31710316E-06	 2.34690146E-06	 3.20457094E-07	-1.05816812E-05	-4.33618211E-05	-1.27271695E-04	-2.07879972E-04	 2.72517167E-04	-2.75930763E-05
 8.020000E-01	 1.51522197E-07	 4.96881304E-07	 8.57962146E-07	 7.47460441E-07	-3.23383011E-07	-1.07305164E-06	 2.19865578E-05	-3.30124561E-04	-1.42650900E-04	-3.85632966E-06	 1.42965660E-07	 1.28061468E-06	 2.39317159E-06	 6.11306905E-07	-9.82276775E-06	-4.20144840E-05	-1.25692976E-04	-2.69820093E-04	 2.85861607E-04	-2.85150915E-05
 8.030000E-01	 1.29274801E-07	 4.35332041E-07	 7.07878613E-07	 3.54239290E-07	-1.45455229E-06	-4.28501600E-06	 1.84063019E-05	-1.86543922E-04	-1.66390993E-04	-1.58345992E-05	 1.05739875E-07	 1.24024114E-06	 2.42528070E-06	 8.69871822E-07	-9.13040442E-06	-4.07928907E-05	-1.24297370E-04	-3.28841874E-04	 2.97921136E-04	-3.00552747E-05
 8.040000E-01	 1.07369536E-07	 3.81948055E-07	 5.80890402E-07	-4.45262727E-09	-2.64734078E-06	-8.79847444E-06	 1.70440839E-06	-7.05925296E-05	-1.52277898E-04	-2.26501394E-05	 7.33538498E-08	 1.20645190E-06	 2.46621852E-06	 1.14400706E-06	-8.41117724E-06	-3.95842906E-05	-1.23691386E-04	-3.87235255E-04	 3.10212869E-04	-3.18159995E-05
 8.050000E-01	 9.12732931E-08	 3.52199007E-07	 5.23077994E-07	-1.82389815E-07	-3.40836833E-06	-1.26251439E-05	-1.88042051E-05	-9.43763266E-06	-1.11991611E-04	-2.29198849E-05	 5.21372557E-08	 1.19544714E-06	 2.55600676E-06	 1.53189999E-06	-7.41774766E-06	-3.77481524E-05	-1.22525530E-04	-4.48322711E-04	 3.21330296E-04	-3.29532342E-05
 8.060000E-01	 8.21517642E-08	 3.48019350E-07	 5.43079039E-07	-1.33201075E-07	-3.50891904E-06	-1.44622304E-05	-3.47531014E-05	-3.95741047E-06	-6.55580906E-05	-1.75614485E-05	 4.77808415E-08	 1.22281914E-06	 2.73679076E-06	 2.14860461E-06	-5.82125723E-06	-3.42283108E-05	-1.17167370E-04	-5.09946589E-04	 3.24165801E-04	-3.27072013E-05
 8.070000E-01	 7.63056235E-08	 3.57265950E-07	 6.10173308E-07	 7.72964755E-08	-3.05181282E-06	-1.41180064E-05	-4.17004180E-05	-3.33962319E-05	-3.23468477E-05	-9.43507048E-06	 6.12180885E-08	 1.29310382E-06	 3.02678662E-06	 3.06073437E-06	-3.38015688E-06	-2.80120601E-05	-1.02793437E-04	-5.57621332E-04	 3.06188934E-04	-3.12639569E-05
 8.080000E-01	 6.68068387E-08	 3.58910294E-07	 6.67533702E-07	 3.01227264E-07	-2.41504799E-06	-1.25049063E-05	-4.03219809E-05	-6.85818982E-05	-2.21643548E-05	-2.30657175E-06	 8.41734221E-08	 1.38834710E-06	 3.39053826E-06	 4.20665512E-06	-1.65316724E-07	-1.88572426E-05	-7.58962812E-05	-5.62263869E-04	 2.55045518E-04	-3.06569435E-05
 8.090000E-01	 4.71849615E-08	 3.33210092E-07	 6.58634452E-07	 3.76257924E-07	-2.07936229E-06	-1.11949817E-05	-3.55999951E-05	-8.79454643E-05	-3.03645133E-05	 6.39731293E-07	 9.63678144E-08	 1.46062834E-06	 3.71785981E-06	 5.33375279E-06	 3.24268962E-06	-8.04349965E-06	-3.75270971E-05	-4.87188486E-04	 1.69713751E-04	-3.51862626E-05
 8.100000E-01	 1.60181200E-08	 2.73856745E-07	 5.59376808E-07	 2.12323751E-07	-2.38377858E-06	-1.16452523E-05	-3.42629590E-05	-8.93877380E-05	-4.01066334E-05	-1.62755676E-06	 6.71360313E-08	 1.43520080E-06	 3.82778267E-06	 5.99450945E-06	 5.69467515E-06	 1.20925853E-06	 3.94333123E-06	-3.06180763E-04	 7.40215514E-05	-5.07200735E-05
 8.110000E-01	-1.95208590E-08	 1.97247848E-07	 4.03806324E-07	-1.33086571E-07	-3.29134988E-06	-1.43358171E-05	-4.12452921E-05	-9.19741446E-05	-3.24855394E-05	-6.90098935E-06	-3.62101641E-08	 1.23010605E-06	 3.51259375E-06	 5.64278165E-06	 5.67039006E-06	 4.06853070E-06	 3.21505818E-05	-2.91858846E-05	 2.51312208E-05	-8.22577152E-05
 8.120000E-01	-4.33678078E-08	 1.43489960E-07	 2.89529021E-07	-4.28131408E-07	-4.26811429E-06	-1.81621288E-05	-5.63846353E-05	-1.24907047E-04	-1.44468635E-06	-9.83454964E-06	-2.33054686E-07	 7.93322538E-07	 2.62640911E-06	 3.84763011E-06	 1.80370316E-06	-4.52461578E-06	 2.57633758E-05	 2.74619045E-04	 1.06512285E-04	-1.29578695E-04
 8.130000E-01	-3.52931719E-08	 1.64830082E-07	 3.51573496E-07	-3.20127846E-07	-4.37105910E-06	-2.04309844E-05	-7.27782608E-05	-2.06659070E-04	 3.36664453E-05	-3.84812528E-06	-5.10251467E-07	 1.50450279E-07	 1.20325645E-06	 5.93464297E-07	-6.31492724E-06	-2.74422869E-05	-3.40622998E-05	 4.71936697E-04	 3.96549010E-04	-1.81924309E-04
 8.140000E-01	 1.89837051E-08	 3.00537443E-07	 7.01138470E-07	 5.17128303E-07	-2.59981104E-06	-1.77036090E-05	-7.80392061E-05	-3.22998333E-04	 2.73531747E-05	 1.50135198E-05	-8.06329245E-07	-5.54232794E-07	-4.34724442E-07	-3.42420196E-06	-1.72744995E-05	-6.24544947E-05	-1.52745586E-04	 3.93761489E-04	 9.12821191E-04	-2.14156687E-04
 8.150000E-01	 1.14802413E-07	 5.43856758E-07	 1.34116402E-06	 2.16545772E-06	 1.52403726E-06	-7.48824986E-06	-5.90628752E-05	-4.16586176E-04	-7.31992761E-05	 4.30868851E-05	-1.01108988E-06	-1.05214599E-06	-1.64767587E-06	-6.67184317E-06	-2.73328971E-05	-9.99577348E-05	-3.10922876E-04	-9.64763885E-05	 1.54792120E-03	-1.88476384E-04
 8.160000E-01	 2.18996947E-07	 8.16037463E-07	 2.09393117E-06	 4.25464599E-06	 7.33596867E-06	 9.65206221E-06	-9.65810344E-06	-4.00393571E-04	-2.89666220E-04	 6.52732640E-05	-9.91701367E-07	-1.00967561E-06	-1.60378443E-06	-7.02425348E-06	-3.08179786E-05	-1.23116472E-04	-4.58416345E-04	-1.00694793E-03	 2.03281199E-03	-6.67040498E-05
 8.170000E-01	 2.71954435E-07	 9.68204502E-07	 2.59340143E-06	 5.89966523E-06	 1.27133376E-05	 2.85748752E-05	 6.16196270E-05	-1.99526344E-04	-5.68454960E-04	 5.62644470E-05	-6.45165484E-07	-1.57093717E-07	 4.15038972E-07	-2.48553066E-06	-2.18197205E-05	-1.11998411E-04	-5.20746892E-04	-2.13222677E-03	 1.97708679E-03	 1.64633528E-04
 8.180000E-01	 2.06178342E-07	 8.25493783E-07	 2.38413497E-06	 5.90543843E-06	 1.44346536E-05	 3.98697663E-05	 1.27944298E-04	 1.89906394E-04	-7.59974916E-04	-9.46679314E-06	 3.85578058E-08	 1.54822376E-06	 4.60257786E-06	 7.76331018E-06	 3.04620840E-06	-5.16497387E-05	-4.22112604E-04	-3.03768589E-03	 1.02052603E-03	 4.62586462E-04
 8.190000E-01	-2.14553294E-08	 2.69144645E-07	 1.12448447E-06	 3.25990926E-06	 9.36588049E-06	 3.27916748E-05	 1.49358600E-04	 6.54246013E-04	-6.54035227E-04	-1.38803078E-04	 9.30860709E-07	 3.79473043E-06	 1.02818568E-05	 2.23956611E-05	 4.17609093E-05	 5.82838743E-05	-1.20853914E-04	-3.16287536E-03	-9.23837076E-04	 7.06195357E-04
 8.200000E-01	-3.96498644E-07	-6.73624022E-07	-1.17404248E-06	-2.23079851E-06	-3.80754964E-06	 4.08375236E-07	 8.78869883E-05	 9.64928089E-04	-8.48123689E-05	-2.98999956E-04	 1.76633090E-06	 5.90783788E-06	 1.58349635E-05	 3.75966245E-05	 8.53952705E-05	 1.96747462E-04	 3.55438509E-04	-2.04555194E-03	-3.43143724E-03	 7.08043240E-04
 8.210000E-01	-8.30628599E-07	-1.77947114E-06	-3.99233732E-06	-9.46485329E-06	-2.30549914E-05	-5.49991871E-05	-7.15143655E-05	 8.53122581E-04	 9.23685247E-04	-4.08374888E-04	 2.20435356E-06	 7.00296699E-06	 1.90457315E-05	 4.77617000E-05	 1.19304425E-04	 3.22026887E-04	 8.93674330E-04	 4.04455692E-04	-5.48603460E-03	 2.75703163E-04
 8.220000E-01	-1.17507148E-06	-2.65746659E-06	-6.34616950E-06	-1.60402389E-05	-4.25875652E-05	-1.19188858E-04	-3.03538874E-04	 1.42421220E-04	 2.04708289E-03	-3.53354867E-04	 1.93491240E-06	 6.26882985E-06	 1.78035558E-05	 4.72058120E-05	 1.27253917E-04	 3.82182588E-04	 1.31263697E-03	 3.71221479E-03	-5.69300078E-03	-6.83601741E-04
 8.230000E-01	-1.26453063E-06	-2.86392640E-06	-7.06225361E-06	-1.88716531E-05	-5.41106219E-05	-1.68131212E-04	-5.38981399E-04	-1.11628203E-03	 2.67615083E-03	-3.71159549E-05	 7.95550984E-07	 3.29085615E-06	 1.09458707E-05	 3.23670554E-05	 9.73460242E-05	 3.32762032E-04	 1.41499405E-03	 6.85384309E-03	-2.80509696E-03	-2.05183030E-03
 8.240000E-01	-9.79675921E-07	-2.07428185E-06	-5.22444244E-06	-1.53138375E-05	-4.96320239E-05	-1.75432491E-04	-6.80910530E-04	-2.58273867E-03	 2.11122635E-03	 5.52058604E-04	-1.14057518E-06	-1.70089139E-06	-1.06502137E-06	 3.71276106E-06	 2.77308481E-05	 1.55872755E-04	 1.05955291E-03	 8.53264427E-03	 3.58872399E-03	-3.43895889E-03
 8.250000E-01	-3.06104784E-07	-2.51100447E-07	-6.35682634E-07	-4.41614351E-06	-2.49699449E-05	-1.22953093E-04	-6.38295818E-04	-3.69366776E-03	-9.76597471E-05	 1.28268146E-03	-3.54005988E-06	-7.76426621E-06	-1.59197529E-05	-3.34536824E-05	-7.02086437E-05	-1.26704440E-04	 2.28383875E-04	 7.64864472E-03	 1.25018673E-02	-4.22749367E-03
 8.260000E-01	 6.33683018E-07	 2.26122974E-06	 5.89448650E-06	 1.21951316E-05	 1.74055603E-05	-1.07157974E-05	-3.66091137E-04	-3.85793180E-03	-3.79641145E-03	 1.87066555E-03	-5.86442270E-06	-1.34103914E-05	-2.98512553E-05	-6.97623219E-05	-1.72878318E-04	-4.52384778E-04	-9.38675383E-04	 3.78923099E-03	 2.14366079E-02	-3.74632043E-03
 8.270000E-01	 1.59584933E-06	 4.77464007E-06	 1.26032803E-05	 3.02649288E-05	 6.75503301E-05	 1.38214309E-04	 1.03873582E-04	-2.71537042E-03	-8.04330215E-03	 1.94651668E-03	-7.50951028E-06	-1.70035181E-05	-3.86406340E-05	-9.41809175E-05	-2.50123876E-04	-7.31133775E-04	-2.15994097E-03	-2.46587806E-03	 2.69104862E-02	-1.54377621E-03
 8.280000E-01	 2.28862890E-06	 6.45832525E-06	 1.72619948E-05	 4.39851805E-05	 1.10198705E-04	 2.81380400E-04	 6.56486788E-04	-3.52206455E-04	-1.12528839E-02	 1.20008110E-03	-8.00242088E-06	-1.73184217E-05	-3.90560722E-05	-9.76726432E-05	-2.74707489E-04	-8.72093013E-04	-3.08301636E-03	-9.57890812E-03	 2.55762094E-02	 2.32148110E-03
 8.290000E-01	 2.48064446E-06	 6.65125177E-06	 1.79977245E-05	 4.80559977E-05	 1.29860316E-04	 3.70143799E-04	 1.12189170E-03	 2.63839365E-03	-1.17105465E-02	-4.37108104E-04	-7.16903310E-06	-1.40308830E-05	-3.01883131E-05	-7.68719055E-05	-2.32826884E-04	-8.16572217E-04	-3.39938570E-03	-1.54781437E-02	 1.56134887E-02	 7.10123499E-03
 8.300000E-01	 2.09030262E-06	 5.14205620E-06	 1.40942303E-05	 3.99044966E-05	 1.17059060E-04	 3.68373188E-04	 1.33501938E-03	 5.31808015E-03	-8.31371324E-03	-2.65888843E-03	-5.18505431E-06	-7.87991127E-06	-1.39822376E-05	-3.59227788E-05	-1.30828336E-04	-5.63417219E-04	-2.96261615E-03	-1.82703293E-02	-2.17580495E-03	 1.14355544E-02
 8.310000E-01	 1.21441892E-06	 2.27748002E-06	 6.37336725E-06	 2.09692863E-05	 7.27536819E-05	 2.68157382E-04	 1.20218167E-03	 6.75025183E-03	-1.21325036E-03	-4.79848436E-03	-2.50116545E-06	-4.23571493E-07	 5.34019984E-06	 1.45928935E-05	 5.69327254E-06	-1.73470946E-04	-1.85413457E-03	-1.69626085E-02	-2.41681427E-02	 1.37433514E-02
 8.320000E-01	 8.82212420E-08	-1.15118075E-06	-3.03670338E-06	-3.60032904E-06	 8.68568480E-06	 9.48527717E-05	 7.43213650E-04	 6.38279428E-03	 7.99948717E-03	-6.02824916E-03	 3.11980438E-07	 6.49549832E-06	 2.27198343E-05	 6.12188395E-05	 1.40364480E-04	 2.49894062E-04	-3.62756530E-04	-1.18612535E-02	-4.48709661E-02	 1.28106509E-02
 8.330000E-01	-1.00203565E-06	-4.19647379E-06	-1.14664337E-05	-2.67655603E-05	-5.67047523E-05	-1.01399322E-04	 8.84420959E-05	 4.28467010E-03	 1.67289344E-02	-5.68597954E-03	 2.73356681E-06	 1.13556071E-05	 3.39782008E-05	 9.22394834E-05	 2.38599477E-04	 5.96502112E-04	 1.11490760E-03	-4.45900327E-03	-5.87332624E-02	 8.33138865E-03
 8.340000E-01	-1.81025590E-06	-6.08386312E-06	-1.66594896E-05	-4.21484832E-05	-1.05016859E-04	-2.64244801E-04	-5.69466336E-04	 1.12078318E-03	 2.22980807E-02	-3.58610557E-03	 4.40668123E-06	 1.33726505E-05	 3.70755916E-05	 1.01394153E-04	 2.78896450E-04	 7.86421216E-04	 2.21167419E-03	 3.13798233E-03	-6.20802570E-02	 1.13940208E-03
 8.350000E-01	-2.18942300E-06	-6.43728573E-06	-1.74860220E-05	-4.61459495E-05	-1.24187422E-04	-3.51088114E-04	-1.04654457E-03	-2.12091019E-03	 2.29590460E-02	-1.59217582E-04	 5.17608507E-06	 1.25925100E-05	 3.24307214E-05	 8.91792175E-05	 2.58197685E-04	 7.92310285E-04	 2.70546546E-03	 8.97864257E-03	-5.43438049E-02	-7.00544663E-03
 8.360000E-01	-2.11311766E-06	-5.34420786E-06	-1.41832419E-05	-3.88280577E-05	-1.11878015E-04	-3.45921799E-04	-1.22916705E-03	-4.51062250E-03	 1.85389084E-02	 3.65756063E-03	 5.07988771E-06	 9.72527792E-06	 2.24012975E-05	 6.16913735E-05	 1.90235703E-04	 6.40180498E-04	 2.56870697E-03	 1.18852662E-02	-3.81006207E-02	-1.39930054E-02
 8.370000E-01	-1.66518208E-06	-3.27374727E-06	-8.12983239E-06	-2.35131368E-05	-7.51802368E-05	-2.61414373E-04	-1.10345884E-03	-5.49126876E-03	 1.04589620E-02	 6.73755219E-03	 4.31037073E-06	 5.84037902E-06	 1.03049192E-05	 2.79850329E-05	 9.89339561E-05	 3.93089059E-04	 1.94530679E-03	 1.16967484E-02	-1.80047816E-02	-1.80556129E-02
 8.380000E-01	-1.00181846E-06	-8.88468605E-07	-1.28535762E-06	-5.34511411E-06	-2.72318258E-05	-1.31281045E-04	-7.46890805E-04	-5.01289014E-03	 1.16004667E-03	 8.16115897E-03	 3.14700732E-06	 2.01914647E-06	-6.63977107E-07	-2.97213436E-06	 9.85538813E-06	 1.26731728E-04	 1.07839460E-03	 9.12413601E-03	 8.59017368E-04	-1.83154668E-02
 8.390000E-01	-3.00347535E-07	 1.17609927E-06	 4.47835660E-06	 1.05194132E-05	 1.76730294E-05	 3.11242688E-06	-2.90778888E-04	-3.46676713E-03	-6.79274206E-03	 7.53451865E-03	 1.88171797E-06	-9.27284337E-07	-8.27811387E-06	-2.47490347E-05	-5.72368476E-05	-9.40503597E-05	 2.22137846E-04	 5.35386651E-03	 1.45363561E-02	-1.49999793E-02
 8.400000E-01	 2.90410126E-07	 2.49101493E-06	 7.92021098E-06	 2.04598989E-05	 4.85709916E-05	 1.06501916E-04	 1.28594639E-04	-1.48009742E-03	-1.15531751E-02	 5.10862499E-03	 7.53723986E-07	-2.60746437E-06	-1.16733955E-05	-3.46749022E-05	-9.25505688E-05	-2.30701997E-04	-4.30813137E-04	 1.59223386E-03	 2.11505669E-02	-9.27686863E-03
 8.410000E-01	 6.84244823E-07	 2.92350980E-06	 8.69483632E-06	 2.32246105E-05	 6.05525932E-05	 1.59247255E-04	 4.12023697E-04	 3.27098488E-04	-1.24818219E-02	 1.66514595E-03	-9.16694746E-08	-3.05394426E-06	-1.12802047E-05	-3.37455089E-05	-9.67028484E-05	-2.75410011E-04	-7.87567638E-04	-1.28187832E-03	 2.10294647E-02	-2.80907082E-03
 8.420000E-01	 8.63691806E-07	 2.61322135E-06	 7.28079393E-06	 1.98566230E-05	 5.51014802E-05	 1.60192214E-04	 5.20163633E-04	 1.53192139E-03	-1.01536207E-02	-1.77558353E-03	-6.06715389E-07	-2.59856072E-06	-8.38321524E-06	-2.54679887E-05	-7.80730957E-05	-2.45673582E-04	-8.55670791E-04	-2.87483957E-03	 1.61320838E-02	 2.78966750E-03
 8.430000E-01	 8.61886844E-07	 1.86038319E-06	 4.64323378E-06	 1.28601307E-05	 3.82427969E-05	 1.22919618E-04	 4.72362885E-04	 1.99213316E-03	-5.95314460E-03	-4.30682881E-03	-8.16873059E-07	-1.68505911E-06	-4.51728757E-06	-1.41945819E-05	-4.84111051E-05	-1.72661892E-04	-7.13909762E-04	-3.24820431E-03	 9.10334769E-03	 6.40952801E-03
 8.440000E-01	 7.36901740E-07	 9.91099423E-07	 1.81536717E-06	 5.07082464E-06	 1.75721374E-05	 6.79752641E-05	 3.26203511E-04	 1.81624785E-03	-1.47220963E-03	-5.41082439E-03	-7.90472589E-07	-7.07558927E-07	-9.56522499E-07	-3.64618187E-06	-1.85415697E-05	-8.85302548E-05	-4.69161825E-04	-2.75883582E-03	 2.34710256E-03	 7.66885874E-03
 8.450000E-01	 5.49816097E-07	 2.54238710E-07	-4.29982037E-07	-1.28765603E-06	-4.72495420E-07	 1.47884504E-05	 1.49635786E-04	 1.25806561E-03	 2.03138113E-03	-5.06194654E-03	-6.12064603E-07	 7.90212321E-08	 1.55588261E-06	 3.92209351E-06	 4.36629270E-06	-1.72045758E-05	-2.17567803E-04	-1.85835689E-03	-2.57754376E-03	 6.86865928E-03
 8.460000E-01	 3.50782701E-07	-2.25336045E-07	-1.73154055E-06	-5.08790071E-06	-1.21957359E-05	-2.38066576E-05	-2.42263860E-06	 5.94410195E-04	 3.93165457E-03	-3.64589858E-03	-3.62248553E-07	 5.75112739E-07	 2.82939917E-06	 7.84842581E-06	 1.75396922E-05	 2.94159743E-05	-2.16126553E-05	-9.31841652E-04	-5.12381267E-03	 4.74735303E-03
 8.470000E-01	 1.74161537E-07	-4.37662614E-07	-2.11017188E-06	-6.28188609E-06	-1.68655447E-05	-4.32673648E-05	-1.00247319E-04	 3.41191480E-05	 4.24393535E-03	-1.75788650E-03	-1.06020297E-07	 7.98794607E-07	 3.07113737E-06	 8.66620872E-06	 2.17663140E-05	 5.03431284E-05	 9.48051690E-05	-2.15179991E-04	-5.56439046E-03	 2.16379515E-03
 8.480000E-01	 3.91124619E-08	-4.45486579E-07	-1.82606145E-06	-5.54008958E-06	-1.59109079E-05	-4.58064996E-05	-1.39417389E-04	-3.19990522E-04	 3.42205732E-03	 2.28098694E-05	 1.12429709E-07	 8.28137392E-07	 2.66746096E-06	 7.48724567E-06	 1.97944072E-05	 5.14998991E-05	 1.37909312E-04	 2.10590805E-04	-4.61732587E-03	-1.69042250E-04
 8.490000E-01	-4.78394518E-08	-3.37029777E-07	-1.21402760E-06	-3.79394043E-06	-1.17226160E-05	-3.72803651E-05	-1.32836519E-04	-4.61206084E-04	 2.07832391E-03	 1.29711568E-03	 2.70423504E-07	 7.52162430E-07	 2.00171522E-06	 5.45728780E-06	 1.47781497E-05	 4.12548872E-05	 1.29881537E-04	 3.75731804E-04	-3.07536254E-03	-1.82775941E-03
 8.500000E-01	-8.93688594E-08	-1.90712307E-07	-5.59658603E-07	-1.87206524E-06	-6.60583044E-06	-2.41443866E-05	-1.00383724E-04	-4.42570830E-04	 7.48030470E-04	 1.90957817E-03	 3.63531165E-07	 6.41550028E-07	 1.35121571E-06	 3.43159327E-06	 9.25056059E-06	 2.71306982E-05	 9.59333649E-05	 3.63705632E-04	-1.55703743E-03	-2.69249696E-03
 8.510000E-01	-9.38438397E-08	-5.77386382E-08	-3.91323173E-08	-3.09563330E-07	-2.16783757E-06	-1.14196323E-05	-6.05408864E-05	-3.36938289E-04	-2.37776455E-04	 1.91924066E-03	 3.99916183E-07	 5.38500270E-07	 8.59977314E-07	 1.87469628E-06	 4.72050138E-06	 1.41862512E-05	 5.61874342E-05	 2.63660588E-04	-4.10225346E-04	-2.87080471E-03
 8.520000E-01	-7.23509816E-08	 3.93737416E-08	 2.83520647E-07	 6.78659751E-07	 8.37112071E-07	-1.90256890E-06	-2.58625024E-05	-2.07951280E-04	-7.69087316E-04	 1.51589839E-03	 3.94369066E-07	 4.60001128E-07	 5.62229650E-07	 9.16245281E-07	 1.74398497E-06	 4.81636601E-06	 2.26993769E-05	 1.43529889E-04	 2.64941332E-04	-2.58649647E-03
 8.530000E-01	-3.63478488E-08	 9.89279957E-08	 4.24707617E-07	 1.11920641E-06	 2.34749392E-06	 3.64073965E-06	-2.09451574E-06	-9.65034321E-05	-9.00165753E-04	 9.26007101E-04	 3.63215497E-07	 4.06881075E-07	 4.26314601E-07	 4.75326992E-07	 2.30147914E-07	-6.08166863E-07	 1.41479406E-07	 4.22608275E-05	 5.32147247E-04	-2.07940704E-03
 8.540000E-01	 4.03635220E-09	 1.29576040E-07	 4.39591305E-07	 1.16481019E-06	 2.70408522E-06	 5.77661636E-06	 1.03520746E-05	-2.00131888E-05	-7.66715633E-04	 3.40866766E-04	 3.20839850E-07	 3.72900819E-07	 3.96246738E-07	 3.84902624E-07	-2.20183940E-07	-2.84508926E-06	-1.17925338E-05	-2.58412796E-05	 5.26584301E-04	-1.54074342E-03
 8.550000E-01	 4.10746900E-08	 1.42015870E-07	 3.88163392E-07	 9.94009797E-07	 2.37303896E-06	 5.63986717E-06	 1.40557163E-05	 2.11643591E-05	-5.13813977E-04	-1.19255477E-04	 2.77908573E-07	 3.50951124E-07	 4.19390718E-07	 4.79064653E-07	-5.70893806E-08	-3.01905823E-06	-1.57987872E-05	-6.20764934E-05	 3.85674637E-04	-1.08772858E-03
 8.560000E-01	 6.99678003E-08	 1.44574277E-07	 3.16232591E-07	 7.50676003E-07	 1.76157406E-06	 4.36611604E-06	 1.24759758E-05	 3.55069790E-05	-2.52415491E-04	-4.07930922E-04	 2.40946096E-07	 3.35846276E-07	 4.58827820E-07	 6.35567517E-07	 3.60051647E-07	-2.14974214E-06	-1.50373974E-05	-7.47213242E-05	 2.12354771E-04	-7.67901440E-04
 8.570000E-01	 8.87988501E-08	 1.42211776E-07	 2.50255965E-07	 5.23131340E-07	 1.13977792E-06	 2.79674903E-06	 8.61661817E-06	 3.36573823E-05	-4.51982282E-05	-5.34460179E-04	 2.12823436E-07	 3.24663116E-07	 4.94429324E-07	 7.83532048E-07	 8.04858743E-07	-9.55294055E-07	-1.20934042E-05	-7.31255952E-05	 6.58226434E-05	-5.78916180E-04
 8.580000E-01	 9.79701471E-08	 1.37255881E-07	 2.00468216E-07	 3.49604781E-07	 6.40761607E-07	 1.41161301E-06	 4.48340922E-06	 2.45468608E-05	 8.73643098E-05	-5.38621672E-04	 1.93731698E-07	 3.16036453E-07	 5.18586025E-07	 8.92931035E-07	 1.16704283E-06	 1.58425438E-07	-8.65551251E-06	-6.47811367E-05	-3.12989768E-05	-4.91533369E-04
 8.590000E-01	 9.93664222E-08	 1.30663986E-07	 1.67107934E-07	 2.34832008E-07	 2.98471894E-07	 3.95633350E-07	 1.09359982E-06	 1.40248632E-05	 1.52072510E-04	-4.68437560E-04	 1.82252034E-07	 3.09303931E-07	 5.30800514E-07	 9.58879436E-07	 1.41408619E-06	 1.02122472E-06	-5.60884269E-06	-5.45494300E-05	-7.98362851E-05	-4.68312284E-04
 8.600000E-01	 9.54562759E-08	 1.22913139E-07	 1.46070443E-07	 1.67128598E-07	 9.24599171E-08	-2.49416999E-07	-1.25256390E-06	 5.06644165E-06	 1.67919930E-04	-3.65753327E-04	 1.76276937E-07	 3.03963401E-07	 5.33502940E-07	 9.88292534E-07	 1.55468069E-06	 1.60476550E-06	-3.28162819E-06	-4.50263952E-05	-9.17442242E-05	-4.75345069E-04
 8.610000E-01	 8.86407593E-08	 1.14492275E-07	 1.32640291E-07	 1.30581001E-07	-1.71277876E-08	-6.05334679E-07	-2.65569998E-06	-1.36770987E-06	 1.55309967E-04	-2.59934936E-04	 1.73637348E-07	 2.99420242E-07	 5.29503503E-07	 9.91166315E-07	 1.61288979E-06	 1.94774995E-06	-1.68853715E-06	-3.72674744E-05	-8.14945506E-05	-4.87595313E-04
 8.620000E-01	 8.08260726E-08	 1.05975588E-07	 1.23265005E-07	 1.11672314E-07	-6.84340188E-08	-7.70754605E-07	-3.36931044E-06	-5.42641231E-06	 1.30423043E-04	-1.67504568E-04	 1.72476137E-07	 2.94978287E-07	 5.20909654E-07	 9.76228501E-07	 1.61346513E-06	 2.10835639E-06	-7.08696267E-07	-3.14596101E-05	-6.14250137E-05	-4.89789139E-04
 8.630000E-01	 7.32955756E-08	 9.79302111E-08	 1.15882028E-07	 1.01392067E-07	-8.92077120E-08	-8.27228502E-07	-3.64975309E-06	-7.68804618E-06	 1.03615336E-04	-9.49422385E-05	 1.71416240E-07	 2.89992080E-07	 5.09032894E-07	 9.49782847E-07	 1.57620401E-06	 2.14071383E-06	-1.90962488E-07	-2.73982845E-05	-4.00993142E-05	-4.74888584E-04
 8.640000E-01	 6.67051145E-08	 9.07677719E-08	 1.09573503E-07	 9.47926035E-08	-9.61494541E-08	-8.29525900E-07	-3.69219140E-06	-8.76455543E-06	 8.01614496E-05	-4.23786938E-05	 1.69570283E-07	 2.83972720E-07	 4.94664062E-07	 9.16063225E-07	 1.51529605E-06	 2.08753343E-06	-4.66359063E-10	-2.47578938E-05	-2.24214308E-05	-4.41735229E-04
 8.650000E-01	 6.12644503E-08	 8.46892008E-08	 1.04032875E-07	 8.96501025E-08	-9.77102916E-08	-8.08996867E-07	-3.62125611E-06	-9.13706450E-06	 6.18613973E-05	-6.79529381E-06	 1.66471435E-07	 2.76642534E-07	 4.78307232E-07	 8.77856062E-07	 1.44044864E-06	 1.98007084E-06	-3.11290364E-08	-2.32112397E-05	-1.04724570E-05	-3.92799194E-04
 8.660000E-01	 5.68915048E-08	 7.97144494E-08	 9.92309623E-08	 8.52319474E-08	-9.73592942E-08	-7.80952232E-07	-3.50590791E-06	-9.12781116E-06	 4.85922438E-05	 1.57893522E-05	 1.61981347E-07	 2.67926845E-07	 4.60384274E-07	 8.37118197E-07	 1.35834882E-06	 1.84082304E-06	-2.03184995E-07	-2.24718646E-05	-4.47734545E-06	-3.32386569E-04
 8.670000E-01	 5.33742839E-08	 7.57151393E-08	 9.51581524E-08	 8.14245765E-08	-9.60988815E-08	-7.51504128E-07	-3.37908054E-06	-8.92888410E-06	 3.94231083E-05	 2.91179395E-05	 1.56208386E-07	 2.57956530E-07	 4.41376509E-07	 7.95479084E-07	 1.27400082E-06	 1.68637470E-06	-4.57158833E-07	-2.23003008E-05	-3.62676713E-06	-2.65377299E-04
 8.680000E-01	 5.04856481E-08	 7.25105060E-08	 9.17620293E-08	 7.82695895E-08	-9.41113848E-08	-7.22503765E-07	-3.25385135E-06	-8.64414782E-06	 3.32645236E-05	 3.62056303E-05	 1.49388749E-07	 2.47016942E-07	 4.21844611E-07	 7.54417640E-07	 1.19145909E-06	 1.52947377E-06	-7.47877595E-07	-2.24967512E-05	-6.65537203E-06	-1.96430346E-04
 8.690000E-01	 4.80328022E-08	 6.98732089E-08	 8.89580614E-08	 7.57463000E-08	-9.13617234E-08	-6.94218510E-07	-3.13435874E-06	-8.32659879E-06	 2.91669121E-05	 3.92667485E-05	 1.41842256E-07	 2.35432940E-07	 4.02345243E-07	 7.15138278E-07	 1.11379249E-06	 1.37958947E-06	-1.04139288E-06	-2.28940147E-05	-1.21960608E-05	-1.29530543E-04
 8.700000E-01	 4.58727570E-08	 6.75922842E-08	 8.66286759E-08	 7.37792809E-08	-8.78945986E-08	-6.66541914E-07	-3.02117048E-06	-8.00312732E-06	 2.64094068E-05	 3.98280954E-05	 1.33897421E-07	 2.23574524E-07	 3.83362359E-07	 6.78526486E-07	 1.04312239E-06	 1.24334099E-06	-1.31315527E-06	-2.33579414E-05	-1.89951056E-05	-6.77532823E-05
 8.710000E-01	 4.38951554E-08	 6.55368235E-08	 8.46513900E-08	 7.23345809E-08	-8.37577190E-08	-6.39299791E-07	-2.91379907E-06	-7.68693588E-06	 2.44911076E-05	 3.88929225E-05	 1.25872379E-07	 2.11816450E-07	 3.65296443E-07	 6.45226335E-07	 9.80716917E-07	 1.12476669E-06	-1.54717636E-06	-2.37898706E-05	-2.60392231E-05	-1.31869411E-05
 8.720000E-01	 4.20603686E-08	 6.36110187E-08	 8.29148998E-08	 7.13078305E-08	-7.91463682E-08	-6.12540015E-07	-2.81151491E-06	-7.38324217E-06	 2.30819103E-05	 3.71001972E-05	 1.18028281E-07	 2.00461097E-07	 3.48435786E-07	 6.15534890E-07	 9.27052812E-07	 1.02552866E-06	-1.73545530E-06	-2.41241971E-05	-3.25946412E-05	 3.30055164E-05
 8.730000E-01	 4.03470879E-08	 6.17605122E-08	 8.13460368E-08	 7.06275211E-08	-7.42049111E-08	-5.86382794E-07	-2.71387891E-06	-7.09410284E-06	 2.19745136E-05	 3.48461117E-05	 1.10572027E-07	 1.89761251E-07	 3.32992007E-07	 5.89527128E-07	 8.81990102E-07	 9.45502051E-07	-1.87626622E-06	-2.43247147E-05	-3.82023882E-05	 7.04557439E-05
 8.740000E-01	 3.87600109E-08	 5.99794838E-08	 7.98979695E-08	 7.02329977E-08	-6.90394332E-08	-5.60973681E-07	-2.62080346E-06	-6.82135209E-06	 2.10445919E-05	 3.23716241E-05	 1.03638465E-07	 1.79866144E-07	 3.19049559E-07	 5.67096995E-07	 8.45070871E-07	 8.83885876E-07	-1.97064017E-06	-2.43777901E-05	-4.26510086E-05	 9.94208499E-05
 8.750000E-01	 3.72938879E-08	 5.82626413E-08	 7.85499159E-08	 7.00901397E-08	-6.37076426E-08	-5.36392631E-07	-2.53247716E-06	-6.56639326E-06	 2.02234655E-05	 2.98208109E-05	 9.72878845E-08	 1.70868260E-07	 3.06655912E-07	 5.48074071E-07	 8.15737767E-07	 8.39461258E-07	-2.02108546E-06	-2.42856124E-05	-4.59193279E-05	 1.20595915E-04
 8.760000E-01	 3.59498159E-08	 5.66260792E-08	 7.72736415E-08	 7.01158166E-08	-5.83520427E-08	-5.12843069E-07	-2.44893256E-06	-6.32891462E-06	 1.94721362E-05	 2.72855772E-05	 9.15436620E-08	 1.62788340E-07	 2.95770443E-07	 5.32183150E-07	 7.93218631E-07	 8.10342616E-07	-2.03199649E-06	-2.40600874E-05	-4.80938325E-05	 1.34926696E-04
 8.770000E-01	 3.47144551E-08	 5.50732647E-08	 7.60573714E-08	 7.02557218E-08	-5.30591232E-08	-4.90443017E-07	-2.37023121E-06	-6.10818663E-06	 1.87672483E-05	 2.48287573E-05	 8.63917622E-08	 1.55611622E-07	 2.86329278E-07	 5.19116089E-07	 7.76678822E-07	 7.94401776E-07	-2.00870195E-06	-2.37180554E-05	-4.93161739E-05	 1.43472752E-04
 8.780000E-01	 3.35795517E-08	 5.36192829E-08	 7.49070948E-08	 7.04777349E-08	-4.78759370E-08	-4.69252372E-07	-2.29651270E-06	-5.90441808E-06	 1.80960411E-05	 2.24933024E-05	 8.17886335E-08	 1.49258446E-07	 2.78186915E-07	 5.08514138E-07	 7.65338643E-07	 7.90115359E-07	-1.95508294E-06	-2.32759645E-05	-4.97552184E-05	 1.47311783E-04
 8.790000E-01	 3.25339213E-08	 5.22649195E-08	 7.38248789E-08	 7.07588932E-08	-4.28120128E-08	-4.49231385E-07	-2.22755874E-06	-5.71654637E-06	 1.74496313E-05	 2.03096600E-05	 7.76657278E-08	 1.43608172E-07	 2.71128767E-07	 4.99891976E-07	 7.58117388E-07	 7.95327232E-07	-1.87628935E-06	-2.27487527E-05	-4.95609107E-05	 1.47459253E-04
 8.800000E-01	 3.15644452E-08	 5.10016653E-08	 7.27929126E-08	 7.10222482E-08	-3.79965304E-08	-4.30406793E-07	-2.16236750E-06	-5.54018187E-06	 1.68172319E-05	 1.82995774E-05	 7.39667866E-08	 1.38540888E-07	 2.64901079E-07	 4.92632666E-07	 7.53508557E-07	 8.06421020E-07	-1.78170530E-06	-2.21556052E-05	-4.88411415E-05	 1.44828193E-04
 8.810000E-01	 3.06602251E-08	 4.98218512E-08	 7.18012708E-08	 7.12328154E-08	-3.34871091E-08	-4.12745814E-07	-2.10000217E-06	-5.37085737E-06	 1.61912849E-05	 1.64708508E-05	 7.06413989E-08	 1.33952868E-07	 2.59294857E-07	 4.86232801E-07	 7.50178718E-07	 8.19713256E-07	-1.68147907E-06	-2.15218533E-05	-4.77007822E-05	 1.40231647E-04
 8.820000E-01	 2.98061373E-08	 4.87235295E-08	 7.08779292E-08	 7.14447489E-08	-2.91744737E-08	-3.95929598E-07	-2.03978939E-06	-5.20713712E-06	 1.55711445E-05	 1.48161891E-05	 6.76143750E-08	 1.29723190E-07	 2.54103104E-07	 4.80296168E-07	 7.47283922E-07	 8.33059367E-07	-1.58145193E-06	-2.08712769E-05	-4.62716155E-05	 1.34370464E-04
 8.830000E-01	 2.89860471E-08	 4.76890992E-08	 7.00162215E-08	 7.16764003E-08	-2.49762319E-08	-3.79688517E-07	-1.98110953E-06	-5.04720507E-06	 1.49662818E-05	 1.33135714E-05	 6.48306688E-08	 1.25764219E-07	 2.49190002E-07	 4.74584143E-07	 7.44294534E-07	 8.45132928E-07	-1.48557870E-06	-2.02248137E-05	-4.46868837E-05	 1.27809846E-04
 8.840000E-01	 2.81865164E-08	 4.66883949E-08	 6.91645561E-08	 7.18011707E-08	-2.11888636E-08	-3.64607057E-07	-1.92513614E-06	-4.89011826E-06	 1.44016426E-05	 1.19332136E-05	 6.22675719E-08	 1.22065467E-07	 2.44578155E-07	 4.69194223E-07	 7.41397358E-07	 8.56094532E-07	-1.39576752E-06	-1.96022775E-05	-4.30679070E-05	 1.20978122E-04
 8.850000E-01	 2.74187620E-08	 4.57334723E-08	 6.83518210E-08	 7.18826844E-08	-1.77080807E-08	-3.50612536E-07	-1.87220575E-06	-4.73892025E-06	 1.38698300E-05	 1.06849464E-05	 5.98600434E-08	 1.18538625E-07	 2.40144473E-07	 4.63961668E-07	 7.38393137E-07	 8.65953335E-07	-1.31160645E-06	-1.90047391E-05	-4.14789146E-05	 1.14113740E-04
 8.860000E-01	 2.66819014E-08	 4.48293060E-08	 6.76107526E-08	 7.20170147E-08	-1.43276534E-08	-3.37355891E-07	-1.82239269E-06	-4.59712534E-06	 1.33623393E-05	 9.57462829E-06	 5.75496630E-08	 1.15111544E-07	 2.35798290E-07	 4.58812030E-07	 7.35372154E-07	 8.75513996E-07	-1.22997289E-06	-1.84290143E-05	-3.99660274E-05	 1.07361094E-04
 8.870000E-01	 2.59688515E-08	 4.39681878E-08	 6.69407588E-08	 7.22335308E-08	-1.09600022E-08	-3.24615765E-07	-1.77554969E-06	-4.46578149E-06	 1.28772470E-05	 8.59801795E-06	 5.53129647E-08	 1.11756369E-07	 2.31505305E-07	 4.53731703E-07	 7.32448860E-07	 8.85332644E-07	-1.14838086E-06	-1.78718926E-05	-3.85516836E-05	 1.00805791E-04
 8.880000E-01	 2.52712242E-08	 4.31299438E-08	 6.62996237E-08	 7.24558593E-08	-7.74166318E-09	-3.12564668E-07	-1.73165130E-06	-4.34358979E-06	 1.24140920E-05	 7.75128099E-06	 5.31579369E-08	 1.08492650E-07	 2.27303931E-07	 4.48791267E-07	 7.29737803E-07	 8.95450030E-07	-1.06676093E-06	-1.73316744E-05	-3.72288289E-05	 9.44879422E-05
 8.890000E-01	 2.45856404E-08	 4.23066226E-08	 6.56725302E-08	 7.26618075E-08	-4.69429476E-09	-3.01180902E-07	-1.69029270E-06	-4.23012083E-06	 1.19606121E-05	 7.04325991E-06	 5.10833114E-08	 1.05318516E-07	 2.23181498E-07	 4.43942863E-07	 7.27123207E-07	 9.05604624E-07	-9.85417685E-07	-1.68022630E-05	-3.59694804E-05	 8.84051149E-05
 8.900000E-01	 2.38960880E-08	 4.14689528E-08	 6.50126996E-08	 7.27955857E-08	-1.84655391E-09	-2.90401891E-07	-1.65087631E-06	-4.12492499E-06	 1.15028931E-05	 6.47901583E-06	 4.91006516E-08	 1.02255506E-07	 2.19169816E-07	 4.39211559E-07	 7.24594696E-07	 9.15762044E-07	-9.04355701E-07	-1.62773438E-05	-3.47466045E-05	 8.25473842E-05
 8.910000E-01	 2.32043775E-08	 4.06080556E-08	 6.42757564E-08	 7.27088031E-08	 3.95826135E-10	-2.81207666E-07	-1.61574851E-06	-4.03054444E-06	 1.10480692E-05	 6.04411871E-06	 4.72212759E-08	 9.93541909E-08	 2.15418893E-07	 4.34983786E-07	 7.23061354E-07	 9.27891271E-07	-8.20079969E-07	-1.57551239E-05	-3.35589604E-05	 7.69305531E-05
 8.920000E-01	 2.25478335E-08	 3.97944758E-08	 6.36013803E-08	 7.26957340E-08	 2.63573054E-09	-2.72486953E-07	-1.58292088E-06	-3.95092176E-06	 1.05421388E-05	 5.77135441E-06	 4.53388833E-08	 9.64160017E-08	 2.11546353E-07	 4.30516658E-07	 7.21193309E-07	 9.39946504E-07	-7.33063258E-07	-1.52108376E-05	-3.23260380E-05	 7.14789804E-05
 8.930000E-01	 2.19211149E-08	 3.90499710E-08	 6.30801330E-08	 7.30285827E-08	 5.60214443E-09	-2.62392881E-07	-1.54763754E-06	-3.87954441E-06	 9.96076869E-06	 5.62546707E-06	 4.34290642E-08	 9.33421826E-08	 2.07272289E-07	 4.25104812E-07	 7.17351208E-07	 9.48229741E-07	-6.50448326E-07	-1.46457831E-05	-3.10029052E-05	 6.62290380E-05
 8.940000E-01	 2.12828728E-08	 3.83106905E-08	 6.26065688E-08	 7.35270959E-08	 8.99911735E-09	-2.51247023E-07	-1.50964396E-06	-3.80415018E-06	 9.38099590E-06	 5.46956087E-06	 4.15971632E-08	 9.03027428E-08	 2.02890288E-07	 4.19246938E-07	 7.12188520E-07	 9.52808565E-07	-5.77744991E-07	-1.41038256E-05	-2.96846297E-05	 6.14088835E-05
 8.950000E-01	 2.06292167E-08	 3.75466531E-08	 6.20829987E-08	 7.39131191E-08	 1.21216082E-08	-2.40668613E-07	-1.47255408E-06	-3.72050782E-06	 8.88861360E-06	 5.20502878E-06	 3.98936186E-08	 8.74281935E-08	 1.98718204E-07	 4.13675479E-07	 7.07213683E-07	 9.56338953E-07	-5.13955607E-07	-1.36190939E-05	-2.84921933E-05	 5.71941119E-05
 8.960000E-01	 1.99957614E-08	 3.68026739E-08	 6.15707577E-08	 7.42678342E-08	 1.50436389E-08	-2.30823634E-07	-1.43759073E-06	-3.63303700E-06	 8.48432094E-06	 4.85227653E-06	 3.82348859E-08	 8.46033845E-08	 1.94596274E-07	 4.08189779E-07	 7.02302803E-07	 9.59350146E-07	-4.56272540E-07	-1.31835159E-05	-2.74400753E-05	 5.35395126E-05
 8.970000E-01	 1.93800231E-08	 3.60820933E-08	 6.11027292E-08	 7.47304014E-08	 1.82074577E-08	-2.20585289E-07	-1.40196774E-06	-3.54246709E-06	 8.12784959E-06	 4.46509857E-06	 3.65854842E-08	 8.17451415E-08	 1.90314529E-07	 4.02280538E-07	 6.96374086E-07	 9.59910959E-07	-4.06309851E-07	-1.27805598E-05	-2.64805567E-05	 5.03161112E-05
 8.980000E-01	 1.87562182E-08	 3.53285153E-08	 6.05513911E-08	 7.50034912E-08	 2.09338380E-08	-2.11351020E-07	-1.36872910E-06	-3.44827451E-06	 7.85189098E-06	 4.02834214E-06	 3.50324062E-08	 7.90398036E-08	 1.86280982E-07	 3.96827745E-07	 6.91176181E-07	 9.61124673E-07	-3.60403768E-07	-1.24240095E-05	-2.56557000E-05	 4.75111213E-05
 8.990000E-01	 1.81402758E-08	 3.45546743E-08	 5.99195887E-08	 7.50676551E-08	 2.31444592E-08	-2.03385600E-07	-1.33881538E-06	-3.35658903E-06	 7.62801311E-06	 3.60061091E-06	 3.35452916E-08	 7.64555548E-08	 1.82462460E-07	 3.91816775E-07	 6.86855709E-07	 9.63817366E-07	-3.14328672E-07	-1.20934287E-05	-2.49317501E-05	 4.49821313E-05
 9.000000E-01	 1.75575758E-08	 3.38051217E-08	 5.92893081E-08	 7.50846740E-08	 2.51581597E-08	-1.96115991E-07	-1.31143020E-06	-3.27354239E-06	 7.40280632E-06	 3.25051739E-06	 3.20565605E-08	 7.38761846E-08	 1.78646008E-07	 3.86858148E-07	 6.82808925E-07	 9.67468758E-07	-2.65331671E-07	-1.17602001E-05	-2.42350234E-05	 4.25612368E-05
 9.010000E-01	 1.70070061E-08	 3.30974175E-08	 5.87309483E-08	 7.52844065E-08	 2.76307795E-08	-1.87899226E-07	-1.28244298E-06	-3.19853527E-06	 7.12345113E-06	 3.01422704E-06	 3.05372903E-08	 7.12033113E-08	 1.74552307E-07	 3.81239927E-07	 6.77446901E-07	 9.68974562E-07	-2.17052485E-07	-1.14048706E-05	-2.34866030E-05	 4.01393602E-05
 9.020000E-01	 1.64649467E-08	 3.23960285E-08	 5.81766310E-08	 7.55161384E-08	 3.02376672E-08	-1.79303048E-07	-1.25263446E-06	-3.12584736E-06	 6.82763560E-06	 2.82787763E-06	 2.90696156E-08	 6.85787717E-08	 1.70449219E-07	 3.75467554E-07	 6.71596941E-07	 9.69288196E-07	-1.71185412E-07	-1.10504909E-05	-2.27254777E-05	 3.78036191E-05
 9.030000E-01	 1.59295031E-08	 3.16913778E-08	 5.75950997E-08	 7.56917058E-08	 3.27597043E-08	-1.70817124E-07	-1.22299762E-06	-3.05325829E-06	 6.54409506E-06	 2.65188682E-06	 2.76760012E-08	 6.60509323E-08	 1.66442252E-07	 3.69760113E-07	 6.65663625E-07	 9.68987739E-07	-1.28230877E-07	-1.07101192E-05	-2.19889026E-05	 3.56174582E-05
 9.040000E-01	 1.54070660E-08	 3.09903986E-08	 5.69877518E-08	 7.57852664E-08	 3.50901072E-08	-1.62737256E-07	-1.19429809E-06	-2.98102424E-06	 6.28292588E-06	 2.47592128E-06	 2.63459173E-08	 6.36155894E-08	 1.62548826E-07	 3.64190949E-07	 6.59847738E-07	 9.68514459E-07	-8.74846708E-08	-1.03864213E-05	-2.12922492E-05	 3.35942424E-05
 9.050000E-01	 1.49032178E-08	 3.03030832E-08	 5.63729849E-08	 7.58354722E-08	 3.73135254E-08	-1.54893575E-07	-1.16626387E-06	-2.91022441E-06	 6.03599010E-06	 2.30945643E-06	 2.50542510E-08	 6.12322295E-08	 1.58699387E-07	 3.58634926E-07	 6.53943145E-07	 9.67612120E-07	-4.85553420E-08	-1.00740880E-05	-2.06262680E-05	 3.17074780E-05
 9.060000E-01	 1.44179657E-08	 2.96332702E-08	 5.57606963E-08	 7.58624128E-08	 3.94748850E-08	-1.47182723E-07	-1.13866663E-06	-2.84110781E-06	 5.79828249E-06	 2.15627523E-06	 2.37942878E-08	 5.88894428E-08	 1.54873441E-07	 3.53050922E-07	 6.47875788E-07	 9.66209042E-07	-1.12378672E-08	-9.77043965E-06	-1.99836700E-05	 2.99375749E-05
 9.070000E-01	 1.39496181E-08	 2.89793736E-08	 5.51499550E-08	 7.58674491E-08	 4.15889528E-08	-1.39561227E-07	-1.11137401E-06	-2.77348610E-06	 5.56848825E-06	 2.01540435E-06	 2.25659540E-08	 5.65868014E-08	 1.51071163E-07	 3.47434693E-07	 6.41623374E-07	 9.64271258E-07	 2.43803002E-08	-9.47496704E-06	-1.93614237E-05	 2.82746007E-05
 9.080000E-01	 1.34968390E-08	 2.83401883E-08	 5.45387394E-08	 7.58407411E-08	 4.36290307E-08	-1.32079862E-07	-1.08443780E-06	-2.70701966E-06	 5.34811458E-06	 1.88344375E-06	 2.13728755E-08	 5.43317387E-08	 1.47308945E-07	 3.41818467E-07	 6.35240620E-07	 9.61883217E-07	 5.82803067E-08	-9.18846289E-06	-1.87604619E-05	 2.67149151E-05
 9.090000E-01	 1.30593024E-08	 2.77151820E-08	 5.39267186E-08	 7.57800667E-08	 4.55838915E-08	-1.24762876E-07	-1.05791357E-06	-2.64164435E-06	 5.13769004E-06	 1.75885800E-06	 2.02133161E-08	 5.21231311E-08	 1.43589859E-07	 3.36215804E-07	 6.28756283E-07	 9.59072116E-07	 9.05112743E-08	-8.91106652E-06	-1.81809613E-05	 2.52532213E-05
 9.100000E-01	 1.26364514E-08	 2.71049546E-08	 5.33159051E-08	 7.56872483E-08	 4.74489656E-08	-1.17612614E-07	-1.03179369E-06	-2.57733963E-06	 4.93674140E-06	 1.64135155E-06	 1.90849777E-08	 4.99580957E-08	 1.39911166E-07	 3.30627767E-07	 6.22181098E-07	 9.55845402E-07	 1.21174362E-07	-8.64236533E-06	-1.76219905E-05	 2.38823580E-05
 9.110000E-01	 1.22272425E-08	 2.65091861E-08	 5.27077444E-08	 7.55678519E-08	 4.92344516E-08	-1.10614852E-07	-1.00606599E-06	-2.51415975E-06	 4.74444940E-06	 1.53100552E-06	 1.79849330E-08	 4.78321365E-08	 1.36266956E-07	 3.25046761E-07	 6.15505862E-07	 9.52195813E-07	 1.50334423E-07	-8.38180936E-06	-1.70821105E-05	 2.25950094E-05
 9.120000E-01	 1.18300952E-08	 2.59261815E-08	 5.21003953E-08	 7.54195451E-08	 5.09404486E-08	-1.03766314E-07	-9.80697174E-07	-2.45203562E-06	 4.56029748E-06	 1.42746058E-06	 1.69126441E-08	 4.57442018E-08	 1.32655770E-07	 3.19469338E-07	 6.08725999E-07	 9.48143393E-07	 1.78023503E-07	-8.12904152E-06	-1.65602181E-05	 2.13849217E-05
 9.130000E-01	 1.14440644E-08	 2.53547939E-08	 5.14938013E-08	 7.52440678E-08	 5.25720801E-08	-9.70704136E-08	-9.55704469E-07	-2.39097285E-06	 4.38398707E-06	 1.33027810E-06	 1.58674711E-08	 4.36931967E-08	 1.29076435E-07	 3.13892818E-07	 6.01836804E-07	 9.43705445E-07	 2.04268959E-07	-7.88382998E-06	-1.60555327E-05	 2.02468346E-05
 9.140000E-01	 1.10679158E-08	 2.47928816E-08	 5.08851269E-08	 7.50371716E-08	 5.41232239E-08	-9.05310303E-08	-9.31077389E-07	-2.33090329E-06	 4.21530312E-06	 1.23894441E-06	 1.48487974E-08	 4.16785155E-08	 1.25529029E-07	 3.08320308E-07	 5.94848542E-07	 9.38900332E-07	 2.29114454E-07	-7.64600031E-06	-1.55674626E-05	 1.91760176E-05
 9.150000E-01	 1.07008237E-08	 2.42403675E-08	 5.02763123E-08	 7.48042076E-08	 5.55981333E-08	-8.41501007E-08	-9.06846113E-07	-2.27187083E-06	 4.05392576E-06	 1.15322502E-06	 1.38552495E-08	 3.96981478E-08	 1.22011022E-07	 3.02751385E-07	 5.87767828E-07	 9.33730928E-07	 2.52624205E-07	-7.41532007E-06	-1.50953773E-05	 1.81679662E-05
 9.160000E-01	 1.03406935E-08	 2.36943812E-08	 4.96633396E-08	 7.45410321E-08	 5.69928049E-08	-7.79238912E-08	-8.82992748E-07	-2.21382624E-06	 3.89954786E-06	 1.07280160E-06	 1.28859637E-08	 3.77506761E-08	 1.18520998E-07	 2.97187110E-07	 5.80603730E-07	 9.28207557E-07	 2.74847715E-07	-7.19156930E-06	-1.46386521E-05	 1.72184433E-05
 9.170000E-01	 9.98655977E-09	 2.31544538E-08	 4.90471712E-08	 7.42511869E-08	 5.83129338E-08	-7.18572222E-08	-8.59547112E-07	-2.15681944E-06	 3.75181469E-06	 9.97536397E-07	 1.19409759E-08	 3.58354701E-08	 1.15057344E-07	 2.91623293E-07	 5.73351588E-07	 9.22344019E-07	 2.95828319E-07	-6.97449781E-06	-1.41966407E-05	 1.63234604E-05
 9.180000E-01	 9.63669435E-09	 2.26167012E-08	 4.84215561E-08	 7.39264227E-08	 5.95536943E-08	-6.59504120E-08	-8.36489844E-07	-2.10079363E-06	 3.61046543E-06	 9.27098502E-07	 1.10207150E-08	 3.39530162E-08	 1.11620809E-07	 2.86059555E-07	 5.66010298E-07	 9.16159525E-07	 3.15585710E-07	-6.76391344E-06	-1.37687648E-05	 1.54794085E-05
 9.190000E-01	 9.29122424E-09	 2.20815892E-08	 4.77884791E-08	 7.35705219E-08	 6.07187438E-08	-6.02132344E-08	-8.13859371E-07	-2.04580871E-06	 3.47518402E-06	 8.61367706E-07	 1.01252804E-08	 3.21035470E-08	 1.08211162E-07	 2.80494418E-07	 5.58579223E-07	 9.09670354E-07	 3.34166003E-07	-6.55960012E-06	-1.33544881E-05	 1.46829147E-05
 9.200000E-01	 8.94824429E-09	 2.15455543E-08	 4.71423918E-08	 7.31772843E-08	 6.18031147E-08	-5.46406773E-08	-7.91635445E-07	-1.99181430E-06	 3.34573931E-06	 8.00023730E-07	 9.25419517E-09	 3.02866732E-08	 1.04828369E-07	 2.74930457E-07	 5.51067266E-07	 9.02883311E-07	 3.51606369E-07	-6.36138993E-06	-1.29533357E-05	 1.39309401E-05
 9.210000E-01	 8.60755323E-09	 2.10097249E-08	 4.64864016E-08	 7.27524908E-08	 6.28101058E-08	-4.92405994E-08	-7.69860098E-07	-1.93888181E-06	 3.22182608E-06	 7.42986892E-07	 8.40723676E-09	 2.85018653E-08	 1.01471639E-07	 2.69368600E-07	 5.43483230E-07	 8.95811811E-07	 3.67971182E-07	-6.16908077E-06	-1.25648658E-05	 1.32205880E-05
 9.220000E-01	 8.26680633E-09	 2.04698196E-08	 4.58137894E-08	 7.22882492E-08	 6.37350428E-08	-4.40068325E-08	-7.48507493E-07	-1.88695613E-06	 3.10321928E-06	 6.89951135E-07	 7.58504595E-09	 2.67495813E-08	 9.81416250E-08	 2.63809629E-07	 5.35829373E-07	 8.88461664E-07	 3.83285118E-07	-5.98250133E-06	-1.21886103E-05	 1.25492043E-05
 9.230000E-01	 7.92699269E-09	 1.99274178E-08	 4.51273263E-08	 7.17875703E-08	 6.45785960E-08	-3.89564880E-08	-7.27625207E-07	-1.83610936E-06	 2.98963072E-06	 6.40855780E-07	 6.78860270E-09	 2.50314277E-08	 9.48406659E-08	 2.58255474E-07	 5.28109088E-07	 8.80858993E-07	 3.97593341E-07	-5.80146567E-06	-1.18241513E-05	 1.19142613E-05
 9.240000E-01	 7.58656909E-09	 1.93786246E-08	 4.44204279E-08	 7.12420032E-08	 6.53360051E-08	-3.40852816E-08	-7.07185102E-07	-1.78628329E-06	 2.88084858E-06	 5.95393658E-07	 6.01872993E-09	 2.33490186E-08	 9.15708690E-08	 2.52706946E-07	 5.20320069E-07	 8.73009610E-07	 4.10908460E-07	-5.62580764E-06	-1.14710293E-05	 1.13134539E-05
 9.250000E-01	 7.24699166E-09	 1.88262725E-08	 4.36975376E-08	 7.06568008E-08	 6.60075946E-08	-2.94099178E-08	-6.87237693E-07	-1.73755774E-06	 2.77659685E-06	 5.53520885E-07	 5.27535892E-09	 2.17032448E-08	 8.83346616E-08	 2.47169884E-07	 5.12476313E-07	 8.64939521E-07	 4.23287396E-07	-5.45535926E-06	-1.11288992E-05	 1.07446106E-05
 9.260000E-01	 6.90582760E-09	 1.82664785E-08	 4.29529357E-08	 7.00262315E-08	 6.65911008E-08	-2.49174236E-08	-6.67747788E-07	-1.68987369E-06	 2.67667792E-06	 5.14917974E-07	 4.55890288E-09	 2.00942988E-08	 8.51321412E-08	 2.41645002E-07	 5.04580610E-07	 8.56644884E-07	 4.34757753E-07	-5.28995265E-06	-1.07973516E-05	 1.02057488E-05
 9.270000E-01	 6.56480651E-09	 1.77024836E-08	 4.21915391E-08	 6.93555025E-08	 6.70858313E-08	-2.06252195E-08	-6.48767428E-07	-1.64331356E-06	 2.58083264E-06	 4.79546489E-07	 3.86981642E-09	 1.85232363E-08	 8.19665027E-08	 2.36140385E-07	 4.96651149E-07	 8.48155013E-07	 4.45380408E-07	-5.12942973E-06	-1.04760892E-05	 9.69498472E-06
 9.280000E-01	 6.22227412E-09	 1.71306303E-08	 4.14076675E-08	 6.86379293E-08	 6.74896678E-08	-1.65223145E-08	-6.30258383E-07	-1.59781092E-06	 2.48887706E-06	 4.47076620E-07	 3.20949659E-09	 1.69917892E-08	 7.88394230E-08	 2.30655611E-07	 4.88682919E-07	 8.39467952E-07	 4.55170564E-07	-4.97362194E-06	-1.01646867E-05	 9.21057985E-06
 9.290000E-01	 5.88148879E-09	 1.65555249E-08	 4.06070870E-08	 6.78779859E-08	 6.78000182E-08	-1.26335155E-08	-6.12277352E-07	-1.55344573E-06	 2.40057135E-06	 4.17478908E-07	 2.57825928E-09	 1.55025261E-08	 7.57571438E-08	 2.25202048E-07	 4.80694915E-07	 8.30621931E-07	 4.64176601E-07	-4.82239376E-06	-9.86286254E-06	 8.75090402E-06
 9.300000E-01	 5.54064904E-09	 1.59741342E-08	 3.97853677E-08	 6.70715337E-08	 6.80184552E-08	-8.94256366E-09	-5.94779551E-07	-1.51015015E-06	 2.31574229E-06	 3.90416224E-07	 1.97663069E-09	 1.40563458E-08	 7.27201279E-08	 2.19777585E-07	 4.72680836E-07	 8.21612186E-07	 4.72418367E-07	-4.67556839E-06	-9.57021158E-06	 8.31445012E-06
 9.310000E-01	 5.20260603E-09	 1.53914425E-08	 3.89491619E-08	 6.62247652E-08	 6.81441667E-08	-5.46940512E-09	-5.77816131E-07	-1.46800407E-06	 2.23416813E-06	 3.65859721E-07	 1.40439633E-09	 1.26544896E-08	 6.97335387E-08	 2.14394567E-07	 4.64665190E-07	 8.12475251E-07	 4.79951305E-07	-4.53301090E-06	-9.28650808E-06	 7.89981773E-06
 9.320000E-01	 4.86521194E-09	 1.48041690E-08	 3.80946369E-08	 6.53353525E-08	 6.81820314E-08	-2.19007804E-09	-5.61332322E-07	-1.42693321E-06	 2.15568216E-06	 3.43468794E-07	 8.62377562E-10	 1.12968414E-08	 6.67958973E-08	 2.09048643E-07	 4.56639878E-07	 8.03200970E-07	 4.86798522E-07	-4.39453403E-06	-9.01135068E-06	 7.50568069E-06
 9.330000E-01	 4.53257654E-09	 1.42179880E-08	 3.72288508E-08	 6.44088966E-08	 6.81284240E-08	 8.72384774E-10	-5.45381196E-07	-1.38700287E-06	 2.08008762E-06	 3.23218982E-07	 3.50481139E-10	 9.98552577E-09	 6.39143764E-08	 2.03756262E-07	 4.48634135E-07	 7.93828250E-07	 4.93006529E-07	-4.26003877E-06	-8.74451071E-06	 7.13083283E-06
 9.340000E-01	 4.20335893E-09	 1.36306144E-08	 3.63492802E-08	 6.34449378E-08	 6.79891314E-08	 3.74251033E-09	-5.29911311E-07	-1.34813179E-06	 2.00723718E-06	 3.04778311E-07	-1.31423636E-10	 8.72034730E-09	 6.10876559E-08	 1.98513974E-07	 4.40641563E-07	 7.84349806E-07	 4.98600716E-07	-4.12936316E-06	-8.48557929E-06	 6.77412816E-06
 9.350000E-01	 3.88173204E-09	 1.30483587E-08	 3.54633609E-08	 6.24491365E-08	 6.77603313E-08	 6.39673127E-09	-5.14972946E-07	-1.31037618E-06	 1.93696155E-06	 2.88132479E-07	-5.84119735E-10	 7.50341831E-09	 5.83235627E-08	 1.93339052E-07	 4.32692072E-07	 7.74804135E-07	 5.03622469E-07	-4.00242193E-06	-8.23435465E-06	 6.43454516E-06
 9.360000E-01	 3.56560478E-09	 1.24689252E-08	 3.45692385E-08	 6.14225804E-08	 6.74530501E-08	 8.86497244E-09	-5.00503616E-07	-1.27366188E-06	 1.86911949E-06	 2.72974022E-07	-1.00767882E-09	 6.33356609E-09	 5.56185445E-08	 1.88222496E-07	 4.24770075E-07	 7.65179636E-07	 5.08097902E-07	-3.87901648E-06	-7.99046399E-06	 6.11107880E-06
 9.370000E-01	 3.25889143E-09	 1.18981558E-08	 3.36736646E-08	 6.03695552E-08	 6.70640977E-08	 1.11259384E-08	-4.86539453E-07	-1.23803589E-06	 1.80356162E-06	 2.59291994E-07	-1.40208417E-09	 5.21321094E-09	 5.29801595E-08	 1.83178896E-07	 4.16897724E-07	 7.55506029E-07	 5.12056553E-07	-3.75904182E-06	-7.75372941E-06	 5.80285056E-06
 9.380000E-01	 2.95950107E-09	 1.13339257E-08	 3.27758045E-08	 5.92933565E-08	 6.66078211E-08	 1.32136793E-08	-4.73017224E-07	-1.20342781E-06	 1.74015329E-06	 2.46799585E-07	-1.76782407E-09	 4.14022669E-09	 5.04033763E-08	 1.78197769E-07	 4.09058530E-07	 7.45771642E-07	 5.15527584E-07	-3.64230241E-06	-7.52378507E-06	 5.50898131E-06
 9.390000E-01	 2.67113145E-09	 1.07814015E-08	 3.18815685E-08	 5.81977369E-08	 6.60800042E-08	 1.51103628E-08	-4.59968268E-07	-1.16986030E-06	 1.67877751E-06	 2.35464268E-07	-2.10527482E-09	 3.11668705E-09	 4.78957215E-08	 1.73295052E-07	 4.01277607E-07	 7.36003145E-07	 5.18532769E-07	-3.52873290E-06	-7.30044537E-06	 5.22874423E-06
 9.400000E-01	 2.39208238E-09	 1.02389015E-08	 3.09912608E-08	 5.70883671E-08	 6.54967278E-08	 1.68511806E-08	-4.47337204E-07	-1.13726731E-06	 1.61931871E-06	 2.25027191E-07	-2.41583491E-09	 2.13934003E-09	 4.54511116E-08	 1.68461171E-07	 3.93543622E-07	 7.26195327E-07	 5.21106461E-07	-3.41816790E-06	-7.08336798E-06	 4.96138727E-06
 9.410000E-01	 2.12608774E-09	 9.71110534E-09	 3.01095192E-08	 5.59671788E-08	 6.48522750E-08	 1.84195909E-08	-4.35144254E-07	-1.10564961E-06	 1.56168833E-06	 2.15453703E-07	-2.69992155E-09	 1.21047204E-09	 4.30768522E-08	 1.63710769E-07	 3.85877940E-07	 7.16369492E-07	 5.23260125E-07	-3.31055027E-06	-6.87237102E-06	 4.70628744E-06
 9.420000E-01	 1.87181319E-09	 9.19757708E-09	 2.92384280E-08	 5.48420899E-08	 6.41654186E-08	 1.98475675E-08	-4.23341829E-07	-1.07496016E-06	 1.50577630E-06	 2.06553170E-07	-2.95965789E-09	 3.26175044E-10	 4.07662727E-08	 1.59033497E-07	 3.78269167E-07	 7.06528033E-07	 5.25031785E-07	-3.20571264E-06	-6.66715124E-06	 4.46276834E-06
 9.430000E-01	 1.63167762E-09	 8.70154720E-09	 2.83805720E-08	 5.37128054E-08	 6.34310642E-08	 2.11244705E-08	-4.11932184E-07	-1.04517610E-06	 1.45151538E-06	 1.98276919E-07	-3.19516388E-09	-5.11474942E-10	 3.85254976E-08	 1.54439674E-07	 3.70729668E-07	 6.96680826E-07	 5.26422935E-07	-3.10359206E-06	-6.46752322E-06	 4.23029776E-06
 9.440000E-01	 1.40438712E-09	 8.22307960E-09	 2.75394261E-08	 5.25891519E-08	 6.26682807E-08	 2.22806725E-08	-4.00881432E-07	-1.01626969E-06	 1.39880624E-06	 1.90490259E-07	-3.40889324E-09	-1.30719120E-09	 3.63473171E-08	 1.49920285E-07	 3.63252674E-07	 6.86829894E-07	 5.27475818E-07	-3.00404245E-06	-6.27322861E-06	 4.00830680E-06
 9.450000E-01	 1.19132954E-09	 7.76315075E-09	 2.67145477E-08	 5.14676076E-08	 6.18694993E-08	 2.33143171E-08	-3.90171505E-07	-9.88184538E-07	 1.34760429E-06	 1.83109100E-07	-3.60049929E-09	-2.05900186E-09	 3.42362418E-08	 1.45482440E-07	 3.55843937E-07	 6.76965357E-07	 5.28180669E-07	-2.90700777E-06	-6.08406576E-06	 3.79635693E-06
 9.460000E-01	 9.92412593E-10	 7.32351555E-09	 2.59116939E-08	 5.03600973E-08	 6.10527601E-08	 2.42458675E-08	-3.79789756E-07	-9.60917360E-07	 1.29782265E-06	 1.76076714E-07	-3.77308446E-09	-2.77164127E-09	 3.21862642E-08	 1.41121081E-07	 3.48504307E-07	 6.67100444E-07	 5.28578097E-07	-2.81237116E-06	-5.89982868E-06	 3.59395213E-06
 9.470000E-01	 8.07463167E-10	 6.90289663E-09	 2.51272133E-08	 4.92603133E-08	 6.02134765E-08	 2.50822879E-08	-3.69690122E-07	-9.34378717E-07	 1.24942591E-06	 1.69276428E-07	-3.92606398E-09	-3.44343482E-09	 3.01998607E-08	 1.36836046E-07	 3.41225267E-07	 6.57218663E-07	 5.28645374E-07	-2.72005682E-06	-5.72028273E-06	 3.40067782E-06
 9.480000E-01	 6.37234081E-10	 6.50488199E-09	 2.43693960E-08	 4.81825062E-08	 5.93702636E-08	 2.58323875E-08	-3.59886090E-07	-9.08600208E-07	 1.20234250E-06	 1.62729825E-07	-4.06287906E-09	-4.07915959E-09	 2.82724442E-08	 1.32625290E-07	 3.34013515E-07	 6.47348684E-07	 5.28426467E-07	-2.62997044E-06	-5.54528667E-06	 3.21610591E-06
 9.490000E-01	 4.79393478E-10	 6.12471554E-09	 2.36302986E-08	 4.71168249E-08	 5.85193680E-08	 2.65191403E-08	-3.50301533E-07	-8.83457621E-07	 1.15655489E-06	 1.56253385E-07	-4.18232247E-09	-4.67799306E-09	 2.64027032E-08	 1.28480718E-07	 3.26847350E-07	 6.37452399E-07	 5.27898233E-07	-2.54201770E-06	-5.37458107E-06	 3.03988194E-06
 9.500000E-01	 3.36676720E-10	 5.76843602E-09	 2.29210665E-08	 4.60786889E-08	 5.76718390E-08	 2.71344547E-08	-3.40985753E-07	-8.59016121E-07	 1.11201000E-06	 1.49964477E-07	-4.28804446E-09	-5.24380872E-09	 2.45891918E-08	 1.24409480E-07	 3.19749219E-07	 6.27561906E-07	 5.27101584E-07	-2.45615551E-06	-5.20809457E-06	 2.87166797E-06
 9.510000E-01	 2.04575225E-10	 5.42782533E-09	 2.22292942E-08	 4.50547311E-08	 5.68252041E-08	 2.77166623E-08	-3.31826935E-07	-8.35107731E-07	 1.06868517E-06	 1.43633352E-07	-4.37868102E-09	-5.77651014E-09	 2.28272018E-08	 1.20396033E-07	 3.12684818E-07	 6.17620435E-07	 5.26000480E-07	-2.37227330E-06	-5.04551632E-06	 2.71111630E-06
 9.520000E-01	 8.78955077E-11	 5.11216242E-09	 2.15694649E-08	 4.40616079E-08	 5.59858842E-08	 2.82339748E-08	-3.22912600E-07	-8.11834809E-07	 1.02653596E-06	 1.37493828E-07	-4.45800694E-09	-6.27837079E-09	 2.11203278E-08	 1.16456205E-07	 3.05688975E-07	 6.07679626E-07	 5.24622584E-07	-2.29037595E-06	-4.88684242E-06	 2.55793327E-06
 9.530000E-01	-2.11597845E-11	 4.80884033E-09	 2.09242925E-08	 4.30835848E-08	 5.51599888E-08	 2.87471534E-08	-3.14090622E-07	-7.88996538E-07	 9.85538303E-07	 1.31228439E-07	-4.52430026E-09	-6.75107862E-09	 1.94582265E-08	 1.12560893E-07	 2.98705924E-07	 5.97672630E-07	 5.22938205E-07	-2.21030655E-06	-4.73172485E-06	 2.41177287E-06
 9.540000E-01	-1.14952829E-10	 4.53067642E-09	 2.03118084E-08	 4.21378538E-08	 5.43453403E-08	 2.92000737E-08	-3.05496307E-07	-7.66744532E-07	 9.45690752E-07	 1.25146918E-07	-4.58090702E-09	-7.19497280E-09	 1.78495542E-08	 1.08736020E-07	 2.91785112E-07	 5.87663214E-07	 5.20980267E-07	-2.13211804E-06	-4.58026535E-06	 2.27244738E-06
 9.550000E-01	-2.04264004E-10	 4.26068786E-09	 1.97102279E-08	 4.12068939E-08	 5.35528980E-08	 2.96784816E-08	-2.96937721E-07	-7.44843287E-07	 9.06960799E-07	 1.18848400E-07	-4.62626137E-09	-7.61395787E-09	 1.62775328E-08	 1.04941949E-07	 2.84856502E-07	 5.77562281E-07	 5.18727315E-07	-2.05561410E-06	-4.43206792E-06	 2.13961277E-06
 9.560000E-01	-2.77808161E-10	 4.01619186E-09	 1.91412598E-08	 4.03067523E-08	 5.27657675E-08	 3.00931195E-08	-2.88597719E-07	-7.23475649E-07	 8.69362723E-07	 1.12774563E-07	-4.66333509E-09	-8.00495480E-09	 1.47591704E-08	 1.01220740E-07	 2.77991672E-07	 5.67442077E-07	 5.16185946E-07	-1.98092413E-06	-4.28730078E-06	 2.01313544E-06
 9.570000E-01	-3.50420681E-10	 3.77546770E-09	 1.85787878E-08	 3.94196826E-08	 5.20063098E-08	 3.05556711E-08	-2.80240221E-07	-7.02369269E-07	 8.32830238E-07	 1.06464553E-07	-4.69104244E-09	-8.37471460E-09	 1.32708995E-08	 9.75195222E-08	 2.71102666E-07	 5.57204916E-07	 5.13334793E-07	-1.90780977E-06	-4.14550588E-06	 1.89261089E-06
 9.580000E-01	-4.07274949E-10	 3.55990043E-09	 1.80472159E-08	 3.85592991E-08	 5.12459903E-08	 3.09451903E-08	-2.72093252E-07	-6.81743294E-07	 7.97404701E-07	 1.00461549E-07	-4.71091684E-09	-8.71601981E-09	 1.18384136E-08	 9.38923433E-08	 2.64273431E-07	 5.46936437E-07	 5.10161900E-07	-1.83645730E-06	-4.00692998E-06	 1.77795768E-06
 9.590000E-01	-4.67209291E-10	 3.34297589E-09	 1.75169194E-08	 3.77093548E-08	 5.05198502E-08	 3.14018853E-08	-2.63882071E-07	-6.61301975E-07	 7.62994669E-07	 9.42212355E-08	-4.72253269E-09	-9.03928739E-09	 1.04300304E-08	 9.02731303E-08	 2.57400404E-07	 5.36531646E-07	 5.06663417E-07	-1.76657865E-06	-3.87107090E-06	 1.66873711E-06
 9.600000E-01	-5.10678078E-10	 3.15086097E-09	 1.70148959E-08	 3.68791981E-08	 4.97798053E-08	 3.17700642E-08	-2.55879946E-07	-6.41291572E-07	 7.29670061E-07	 8.83737322E-08	-4.72605794E-09	-9.33233414E-09	 9.08146329E-09	 8.67331718E-08	 2.50588235E-07	 5.26078890E-07	 5.02806085E-07	-1.69842586E-06	-3.73823940E-06	 1.56494931E-06
 9.610000E-01	-5.60644148E-10	 2.95326639E-09	 1.65103715E-08	 3.60579066E-08	 4.90757208E-08	 3.22186014E-08	-2.47783575E-07	-6.21410916E-07	 6.97319445E-07	 8.22846833E-08	-4.72313575E-09	-9.61089042E-09	 7.75123062E-09	 8.31940108E-08	 2.43723449E-07	 5.15471243E-07	 4.98620193E-07	-1.63165766E-06	-3.60791124E-06	 1.46614988E-06
 9.620000E-01	-5.93513938E-10	 2.78025091E-09	 1.60313530E-08	 3.52493612E-08	 4.83445526E-08	 3.25643493E-08	-2.39901653E-07	-6.01933053E-07	 6.66056629E-07	 7.66271791E-08	-4.71194316E-09	-9.85760352E-09	 6.48400161E-09	 7.97374275E-08	 2.36918170E-07	 5.04799395E-07	 4.94061687E-07	-1.56656602E-06	-3.48047051E-06	 1.37242696E-06
 9.630000E-01	-6.36655705E-10	 2.59770370E-09	 1.55465785E-08	 3.44492261E-08	 4.76549424E-08	 3.30016730E-08	-2.31906826E-07	-5.82555529E-07	 6.35735161E-07	 7.07202932E-08	-4.69581976E-09	-1.00933214E-08	 5.22948088E-09	 7.62723177E-08	 2.30047337E-07	 4.93963538E-07	 4.89182068E-07	-1.50276647E-06	-3.35536625E-06	 1.28328696E-06
 9.640000E-01	-6.62196021E-10	 2.43851952E-09	 1.50824505E-08	 3.36515638E-08	 4.69240702E-08	 3.33204113E-08	-2.24124303E-07	-5.63541898E-07	 6.06477919E-07	 6.53045743E-08	-4.66995059E-09	-1.02938179E-08	 4.04347162E-09	 7.28932018E-08	 2.23230607E-07	 4.83046172E-07	 4.83894612E-07	-1.44060319E-06	-3.23299130E-06	 1.19883857E-06
 9.650000E-01	-7.00755460E-10	 2.26689183E-09	 1.46104685E-08	 3.28615338E-08	 4.62345245E-08	 3.37295686E-08	-2.16222715E-07	-5.44600468E-07	 5.78108120E-07	 5.96922001E-08	-4.64050991E-09	-1.04856070E-08	 2.86797171E-09	 6.95043517E-08	 2.16347871E-07	 4.71959400E-07	 4.78270780E-07	-1.37967868E-06	-3.11278954E-06	 1.11855595E-06
 9.660000E-01	-7.21132698E-10	 2.11745166E-09	 1.41540801E-08	 3.20631612E-08	 4.54861680E-08	 3.40051590E-08	-2.08529078E-07	-5.25982455E-07	 5.50771591E-07	 5.46214158E-08	-4.60004067E-09	-1.06388468E-08	 1.76643076E-09	 6.62073911E-08	 2.09519265E-07	 4.60768946E-07	 4.72205469E-07	-1.32035465E-06	-2.99516567E-06	 1.04259471E-06
 9.670000E-01	-7.56548797E-10	 1.95432637E-09	 1.36901241E-08	 3.12738388E-08	 4.47772337E-08	 3.43622383E-08	-2.00730984E-07	-5.07435391E-07	 5.24284213E-07	 4.94100424E-08	-4.55770041E-09	-1.07857538E-08	 6.74146217E-10	 6.29035588E-08	 2.02632694E-07	 4.49411734E-07	 4.65801250E-07	-1.26222859E-06	-2.87960481E-06	 9.70436125E-07
 9.680000E-01	-7.74192514E-10	 1.81091093E-09	 1.32352414E-08	 3.04648318E-08	 4.39965243E-08	 3.45785585E-08	-1.93127189E-07	-4.89173889E-07	 4.98787870E-07	 4.47518126E-08	-4.50254828E-09	-1.08908683E-08	-3.39831842E-10	 5.96930231E-08	 1.95792692E-07	 4.37930617E-07	 4.58932054E-07	-1.20564532E-06	-2.76646999E-06	 9.02235351E-07
 9.690000E-01	-8.07509324E-10	 1.65403051E-09	 1.27743418E-08	 2.96663416E-08	 4.32519533E-08	 3.48569870E-08	-1.85450455E-07	-4.71000311E-07	 4.74100111E-07	 4.00271522E-08	-4.44656888E-09	-1.09903230E-08	-1.34237702E-09	 5.64823524E-08	 1.88906352E-07	 4.26295377E-07	 4.51718152E-07	-1.15023283E-06	-2.65530965E-06	 8.37499746E-07
 9.700000E-01	-8.24256874E-10	 1.51327351E-09	 1.23151092E-08	 2.88372499E-08	 4.24263061E-08	 3.49969339E-08	-1.77942147E-07	-4.53071744E-07	 4.50345630E-07	 3.58277398E-08	-4.37617370E-09	-1.10454854E-08	-2.26412517E-09	 5.33632861E-08	 1.82055227E-07	 4.14514504E-07	 4.44025146E-07	-1.09628500E-06	-2.54641112E-06	 7.76365049E-07
 9.710000E-01	-8.55156420E-10	 1.36214093E-09	 1.18543067E-08	 2.80212044E-08	 4.16273188E-08	 3.51667000E-08	-1.70414515E-07	-4.35267532E-07	 4.27369875E-07	 3.16588548E-08	-4.30617457E-09	-1.10946462E-08	-3.16907207E-09	 5.02590599E-08	 1.75182588E-07	 4.02596760E-07	 4.35981139E-07	-1.04350417E-06	-2.43943321E-06	 7.18411731E-07
 9.720000E-01	-8.72536038E-10	 1.22196548E-09	 1.13873522E-08	 2.71659441E-08	 4.07440073E-08	 3.52134905E-08	-1.63014141E-07	-4.17662314E-07	 4.05251403E-07	 2.79474165E-08	-4.22081704E-09	-1.10992584E-08	-3.99469641E-09	 4.72405644E-08	 1.68331674E-07	 3.90510445E-07	 4.27455649E-07	-9.92086384E-07	-2.33453592E-06	 6.63700045E-07
 9.730000E-01	-9.00115744E-10	 1.07707960E-09	 1.09248514E-08	 2.63250533E-08	 3.98721643E-08	 3.52430348E-08	-1.55667925E-07	-4.00231097E-07	 3.83890919E-07	 2.43921046E-08	-4.13617386E-09	-1.10949169E-08	-4.79302853E-09	 4.42587721E-08	 1.61491037E-07	 3.78310502E-07	 4.18562862E-07	-9.41856124E-07	-2.23152602E-06	 6.11918521E-07
 9.740000E-01	-9.19578139E-10	 9.35482605E-10	 1.04470615E-08	 2.54385477E-08	 3.89227176E-08	 3.51806562E-08	-1.48387633E-07	-3.82944484E-07	 3.63284708E-07	 2.11849437E-08	-4.03558847E-09	-1.10476504E-08	-5.51750118E-09	 4.13496397E-08	 1.54650004E-07	 3.65920491E-07	 4.09194892E-07	-8.92857554E-07	-2.13038298E-06	 5.62996009E-07
 9.750000E-01	-9.41835630E-10	 7.98366926E-10	 9.98159524E-09	 2.45653912E-08	 3.79606490E-08	 3.50369072E-08	-1.41255856E-07	-3.65894806E-07	 3.43427925E-07	 1.82919372E-08	-3.93524948E-09	-1.09851582E-08	-6.19761720E-09	 3.85082601E-08	 1.47860108E-07	 3.53443757E-07	 3.99431579E-07	-8.45097870E-07	-2.03112226E-06	 5.16804141E-07
 9.760000E-01	-9.64389440E-10	 6.54429150E-10	 9.49208713E-09	 2.36459553E-08	 3.69393946E-08	 3.48513860E-08	-1.34110950E-07	-3.48932894E-07	 3.24201721E-07	 1.55878155E-08	-3.81992363E-09	-1.08856071E-08	-6.81644547E-09	 3.57194030E-08	 1.41045202E-07	 3.40758297E-07	 3.89220186E-07	-7.98409680E-07	-1.93350360E-06	 4.73092984E-07
 9.770000E-01	-9.78515674E-10	 5.27997451E-10	 9.02457744E-09	 2.27358830E-08	 3.58710143E-08	 3.45048963E-08	-1.27229128E-07	-3.32284891E-07	 3.05739536E-07	 1.33789168E-08	-3.70351241E-09	-1.07612080E-08	-7.36740205E-09	 3.30385598E-08	 1.34331146E-07	 3.28013534E-07	 3.78578762E-07	-7.53041155E-07	-1.83780368E-06	 4.31983645E-07
 9.780000E-01	-1.00518745E-09	 3.81303122E-10	 8.52418417E-09	 2.17854765E-08	 3.47769152E-08	 3.41873152E-08	-1.20236026E-07	-3.15664434E-07	 2.87762990E-07	 1.11503812E-08	-3.57442158E-09	-1.06099995E-08	-7.87736178E-09	 3.03808985E-08	 1.27561909E-07	 3.15047499E-07	 3.67537064E-07	-7.08551962E-07	-1.74350434E-06	 3.92962961E-07
 9.790000E-01	-1.00787717E-09	 2.69026018E-10	 8.05591356E-09	 2.08345075E-08	 3.35887603E-08	 3.36112620E-08	-1.13635457E-07	-2.99439147E-07	 2.70582000E-07	 9.63073230E-09	-3.44134176E-09	-1.04191683E-08	-8.28675743E-09	 2.78813325E-08	 1.20948381E-07	 3.02048169E-07	 3.56012565E-07	-6.65493713E-07	-1.65118105E-06	 3.56459928E-07
 9.800000E-01	-1.03939992E-09	 1.19840034E-10	 7.54678529E-09	 1.98572923E-08	 3.24242927E-08	 3.31531437E-08	-1.06810167E-07	-2.83178735E-07	 2.53719564E-07	 7.84399216E-09	-3.29970979E-09	-1.02168181E-08	-8.68362841E-09	 2.53672695E-08	 1.14247066E-07	 2.88824790E-07	 3.44155518E-07	-6.23096058E-07	-1.56000089E-06	 3.21637294E-07
 9.810000E-01	-1.02699990E-09	 2.57828991E-11	 7.08034693E-09	 1.88635147E-08	 3.11060069E-08	 3.23249007E-08	-1.00517721E-07	-2.67398039E-07	 2.37704864E-07	 6.99995897E-09	-3.14981456E-09	-9.95547246E-09	-8.93934449E-09	 2.30700775E-08	 1.07760253E-07	 2.75587749E-07	 3.31750874E-07	-5.82263380E-07	-1.47088124E-06	 2.89312800E-07
 9.820000E-01	-1.06397219E-09	-1.24936276E-10	 6.56675308E-09	 1.78673869E-08	 2.98779391E-08	 3.17230061E-08	-9.38758384E-08	-2.51523812E-07	 2.21827757E-07	 5.60126637E-09	-2.99788687E-09	-9.70372552E-09	-9.22032170E-09	 2.07118768E-08	 1.01151467E-07	 2.62133801E-07	 3.19107124E-07	-5.41845177E-07	-1.38264599E-06	 2.58263243E-07
 9.830000E-01	-1.03326995E-09	-1.97108695E-10	 6.10535742E-09	 1.68314800E-08	 2.84236879E-08	 3.06276586E-08	-8.79107979E-08	-2.36208257E-07	 2.06871901E-07	 5.39064580E-09	-2.83153560E-09	-9.36871762E-09	-9.31190935E-09	 1.86363282E-08	 9.48168140E-08	 2.48677702E-07	 3.05837409E-07	-5.03143515E-07	-1.29657271E-06	 2.29741370E-07
 9.840000E-01	-1.07590728E-09	-3.47384025E-10	 5.59295374E-09	 1.58261483E-08	 2.71403147E-08	 2.98784475E-08	-8.14689191E-08	-2.20747489E-07	 1.91861802E-07	 4.32362068E-09	-2.67232455E-09	-9.06946768E-09	-9.47323143E-09	 1.64477766E-08	 8.83278933E-08	 2.35025739E-07	 2.92440178E-07	-4.64595297E-07	-1.21112020E-06	 2.02076263E-07
 9.850000E-01	-1.02405757E-09	-3.94527038E-10	 5.14046684E-09	 1.47519780E-08	 2.55501893E-08	 2.85085700E-08	-7.58394791E-08	-2.05912981E-07	 1.77841684E-07	 4.69547224E-09	-2.48989050E-09	-8.65858945E-09	-9.39203990E-09	 1.46100205E-08	 8.21671581E-08	 2.21368080E-07	 2.78322331E-07	-4.27910511E-07	-1.12790439E-06	 1.76986799E-07
 9.860000E-01	-1.07180295E-09	-5.41130271E-10	 4.63645011E-09	 1.37489024E-08	 2.42230736E-08	 2.76151635E-08	-6.96041786E-08	-1.90891574E-07	 1.63559616E-07	 3.90754897E-09	-2.32668614E-09	-8.31328505E-09	-9.42864730E-09	 1.26043689E-08	 7.58195662E-08	 2.07539846E-07	 2.64194561E-07	-3.91113123E-07	-1.04503402E-06	 1.52352311E-07
 9.870000E-01	-9.97137987E-10	-5.62041672E-10	 4.19579169E-09	 1.26428874E-08	 2.25034841E-08	 2.59746845E-08	-6.43004791E-08	-1.76529113E-07	 1.50358428E-07	 4.77226520E-09	-2.12826697E-09	-7.82451130E-09	-9.16751376E-09	 1.10183870E-08	 6.98524366E-08	 1.93695775E-07	 2.49238855E-07	-3.56348404E-07	-9.64480183E-07	 1.30389281E-07
 9.880000E-01	-1.04849086E-09	-6.99785873E-10	 3.70850949E-09	 1.16510267E-08	 2.11352159E-08	 2.49225047E-08	-5.83073220E-08	-1.61954210E-07	 1.36790328E-07	 4.17909309E-09	-1.96552343E-09	-7.43465047E-09	-9.07039405E-09	 9.21914156E-09	 6.36889188E-08	 1.79749707E-07	 2.34425731E-07	-3.21286601E-07	-8.84145255E-07	 1.08580992E-07
 9.890000E-01	-9.49363676E-10	-6.92363177E-10	 3.28558483E-09	 1.05263687E-08	 1.92977482E-08	 2.30076645E-08	-5.33594127E-08	-1.48074569E-07	 1.24401870E-07	 5.41836448E-09	-1.75461253E-09	-6.87219979E-09	-8.63107724E-09	 7.89345939E-09	 5.79489929E-08	 1.65783823E-07	 2.18720843E-07	-2.88364488E-07	-8.06196195E-07	 8.95052227E-08
 9.900000E-01	-1.00126021E-09	-8.13016469E-10	 2.82832503E-09	 9.56073999E-09	 1.79037982E-08	 2.18089236E-08	-4.76265776E-08	-1.34022849E-07	 1.11385396E-07	 5.03176294E-09	-1.59563040E-09	-6.44103602E-09	-8.39811263E-09	 6.30576102E-09	 5.19726103E-08	 1.51723432E-07	 2.03271748E-07	-2.54832103E-07	-7.28134437E-07	 7.01882162E-08
 9.910000E-01	-8.81724688E-10	-7.80986852E-10	 2.42391540E-09	 8.43391678E-09	 1.59921804E-08	 1.97039291E-08	-4.28983781E-08	-1.20619868E-07	 9.93621182E-08	 6.60862930E-09	-1.36846131E-09	-5.80163151E-09	-7.78283733E-09	 5.22433002E-09	 4.64149286E-08	 1.37529189E-07	 1.86731389E-07	-2.23386088E-07	-6.52107704E-07	 5.34887425E-08
 9.920000E-01	-9.34028662E-10	-8.83633639E-10	 1.99435070E-09	 7.48042485E-09	 1.45527502E-08	 1.83583717E-08	-3.73393129E-08	-1.06968290E-07	 8.67169193E-08	 6.36562140E-09	-1.20444410E-09	-5.31026523E-09	-7.37867287E-09	 3.89965174E-09	 4.06675260E-08	 1.23315027E-07	 1.70470145E-07	-1.91409151E-07	-5.75987264E-07	 3.65111991E-08
 9.930000E-01	-7.99286990E-10	-8.28085558E-10	 1.60931237E-09	 6.34450260E-09	 1.25357347E-08	 1.59642459E-08	-3.29791355E-08	-9.38904168E-08	 7.56878159E-08	 7.88184433E-09	-9.71731600E-10	-4.60299918E-09	-6.58195293E-09	 3.12270580E-09	 3.54676092E-08	 1.09199691E-07	 1.53321425E-07	-1.61870737E-07	-5.02657667E-07	 2.25162471E-08
 9.940000E-01	-8.34662136E-10	-8.88246722E-10	 1.23418613E-09	 5.41376957E-09	 1.10027991E-08	 1.42820217E-08	-2.80418982E-08	-8.08891679E-08	 6.42982672E-08	 7.70914512E-09	-8.31810041E-10	-4.08342292E-09	-6.03648189E-09	 2.08318145E-09	 3.01101414E-08	 9.52464069E-08	 1.36879694E-07	-1.31583666E-07	-4.29649925E-07	 8.17625963E-09
 9.950000E-01	-6.89287535E-10	-7.96159081E-10	 9.04857876E-10	 4.33482804E-09	 9.01158412E-09	 1.17788768E-08	-2.40312911E-08	-6.86919624E-08	 5.33347523E-08	 9.54632780E-09	-6.32893550E-10	-3.38130731E-09	-5.17558116E-09	 1.43082345E-09	 2.50206687E-08	 8.10106505E-08	 1.19462099E-07	-1.02468916E-07	-3.57676162E-07	-4.27617110E-09
 9.960000E-01	-6.89412434E-10	-7.98968405E-10	 5.87564610E-10	 3.45212164E-09	 7.49991674E-09	 1.01210830E-08	-1.89542201E-08	-5.64981894E-08	 4.03481960E-08	 1.01395780E-08	-5.42639821E-10	-2.87077042E-09	-4.57707050E-09	 4.50246729E-10	 1.95196916E-08	 6.62427210E-08	 1.01816441E-07	-7.19130869E-08	-2.83553965E-07	-1.75904472E-08
 9.970000E-01	-5.26472490E-10	-6.50485842E-10	 3.47410545E-10	 2.48282929E-09	 5.63827555E-09	 7.76322313E-09	-1.46712507E-08	-4.46246598E-08	 2.82526250E-08	 1.15026178E-08	-4.45051645E-10	-2.30389932E-09	-3.84887145E-09	-3.81746267E-10	 1.40426995E-08	 5.10614423E-08	 8.29875573E-08	-4.31492104E-08	-2.10454084E-07	-2.78428814E-08
 9.980000E-01	-4.50575642E-10	-5.36015743E-10	 1.75631126E-10	 1.78200332E-09	 4.26688503E-09	 6.05621475E-09	-9.91686526E-09	-3.29624371E-08	 1.61132752E-08	 1.12361189E-08	-3.91481153E-10	-1.88878181E-09	-3.43545243E-09	-1.76204084E-09	 7.73378787E-09	 3.48126997E-08	 6.33184162E-08	-1.47948038E-08	-1.37108877E-07	-3.57472564E-08
 9.990000E-01	-2.89095904E-10	-3.72893928E-10	-2.64250181E-11	 9.36980165E-10	 2.68080061E-09	 4.38094467E-09	-4.41588138E-09	-2.01995784E-08	 4.26804621E-09	 9.74956407E-09	-3.06157044E-11	-1.00428115E-09	-2.38010097E-09	-2.62022944E-09	 9.74918454E-10	 1.56634768E-08	 3.75162675E-08	 7.58638168E-09	-6.23058598E-08	-3.50642790E-08
 1.000000E+00	 0.00000000E+00	 0.00000000E+00	 0.00000000E+00	 0.00000000E+00	 0.00000000E+00	 0.00000000E+00	 0.00000000E+00	 0.00000000E+00	 0.00000000E+00	 0.00000000E+00	 0.00000000E+00	 0.00000000E+00	 0.00000000E+00	 0.00000000E+00	 0.00000000E+00	 0.00000000E+00	 0.00000000E+00	 0.00000000E+00	 0.00000000E+00	 0.00000000E+00
