r	R  6/ 3	R  7/ 3	R  8/ 3	R  9/ 3	R 10/ 3	R 11/ 3	R 12/ 3	R 13/ 3	R 14/ 3	R 15/ 3	I  6/ 3	I  7/ 3	I  8/ 3	I  9/ 3	I 10/ 3	I 11/ 3	I 12/ 3	I 13/ 3	I 14/ 3	I 15/ 3
 0.000000E+00	 0.00000000E+00	 0.00000000E+00	 0.00000000E+00	 0.00000000E+00	 0.00000000E+00	 0.00000000E+00	 0.00000000E+00	 0.00000000E+00	 0.00000000E+00	 0.00000000E+00	 0.00000000E+00	 0.00000000E+00	 0.00000000E+00	 0.00000000E+00	 0.00000000E+00	 0.00000000E+00	 0.00000000E+00	 0.00000000E+00	 0.00000000E+00	 0.00000000E+00
 1.000000E-03	-3.15957123E-14	-2.30594301E-16	 1.86071900E-14	 4.82823949E-16	-1.69407595E-16	-5.05050550E-17	-1.16892509E-16	-7.84808473E-18	-1.96061545E-17	-9.08037173E-19	 1.21651684E-14	 1.44972621E-16	-7.06882207E-15	-2.69841465E-16	 4.35670901E-17	 2.68098973E-17	 4.38905362E-17	 4.30727771E-18	 7.44318814E-18	 4.85954470E-19
 2.000000E-03	-1.13314046E-12	-2.39993232E-14	 2.11660725E-13	 9.12683558E-15	 7.12515252E-15	-6.01006414E-17	 8.43106203E-17	-3.88425427E-17	-3.28612533E-17	-5.99569579E-18	 4.33443513E-13	 1.37646020E-14	-7.92100162E-14	-5.02323038E-15	-2.95388280E-15	 1.80644574E-17	-4.10502109E-17	 2.20198348E-17	 1.16790727E-17	 3.32873361E-18
 3.000000E-03	-1.09682370E-11	-3.50653141E-13	 9.87921307E-13	 6.09772479E-14	 4.60387811E-14	 1.31542775E-15	 2.28374787E-15	-2.09991994E-17	 9.78977025E-17	-1.16022627E-17	 4.17907746E-12	 1.98826942E-13	-3.58252103E-13	-3.31584713E-14	-1.88308531E-14	-8.60173399E-16	-8.98243226E-16	 1.53595275E-17	-3.89388664E-17	 7.10255463E-18
 4.000000E-03	-5.77691682E-11	-2.45237987E-12	 3.00982569E-12	 2.45102977E-13	 1.59654591E-13	 7.85171184E-15	 9.38811226E-15	 2.96692618E-16	 6.08598336E-16	 8.71009750E-19	 2.19278834E-11	 1.38293007E-12	-1.02019576E-12	-1.30554701E-13	-6.61841631E-14	-5.14404709E-15	-3.67402037E-15	-1.65705607E-16	-2.31047618E-16	 1.81153295E-18
 5.000000E-03	-2.13461747E-10	-1.12937645E-11	 7.13321485E-12	 7.31534040E-13	 4.14761044E-13	 2.66212982E-14	 2.56997502E-14	 1.40891094E-15	 1.84544158E-15	 7.03035532E-17	 8.06934997E-11	 6.34193736E-12	-2.09891570E-12	-3.75159622E-13	-1.76785311E-13	-1.80578642E-14	-1.02656518E-14	-8.47205860E-16	-6.97063369E-16	-3.61158654E-17
 6.000000E-03	-6.25909150E-10	-3.96740862E-11	 1.42581376E-11	 1.79705403E-12	 9.09185131E-13	 6.87922328E-14	 5.71163110E-14	 4.11482833E-15	 4.28058397E-15	 2.60375556E-16	 2.35523321E-10	 2.21897966E-11	-3.06636121E-12	-8.61878893E-13	-4.01792857E-13	-4.85741879E-14	-2.37831510E-14	-2.59341390E-15	-1.63682044E-15	-1.48656238E-16
 7.000000E-03	-1.56014153E-09	-1.15290752E-10	 2.50245027E-11	 3.84817445E-12	 1.78312452E-12	 1.50535788E-13	 1.11313916E-13	 9.59366746E-15	 8.52940525E-15	 6.64313951E-16	 5.84036167E-10	 6.42148740E-11	-1.99792733E-12	-1.64384965E-12	-8.17286628E-13	-1.10742290E-13	-4.92684661E-14	-6.27266744E-15	-3.35169867E-15	-4.01101595E-16
 8.000000E-03	-3.44839795E-09	-2.91199726E-10	 3.92649228E-11	 7.43832046E-12	 3.23805150E-12	 2.93938675E-13	 1.97865903E-13	 1.95105333E-14	 1.53672710E-14	 1.41071724E-15	 1.28343237E-09	 1.61468684E-10	 5.89311748E-12	-2.59268647E-12	-1.52445031E-12	-2.25600115E-13	-9.47220210E-14	-1.31345760E-14	-6.29298986E-15	-8.87599355E-16
 9.000000E-03	-6.94876520E-09	-6.60345205E-10	 5.51034756E-11	 1.32741297E-11	 5.56960818E-12	 5.27455367E-13	 3.28253750E-13	 3.61661079E-14	 2.57439360E-14	 2.67113160E-15	 2.56953518E-09	 3.64376468E-10	 3.06102647E-11	-3.12298563E-12	-2.63685221E-12	-4.24043654E-13	-1.72496424E-13	-2.49042305E-14	-1.11263975E-14	-1.73793024E-15
 1.000000E-02	-1.30121538E-08	-1.37482581E-09	 6.75631218E-11	 2.22025999E-11	 9.22451999E-12	 8.84972219E-13	 5.15733201E-13	 6.27042172E-14	 4.07942390E-14	 4.66994136E-15	 4.77735064E-09	 7.54595767E-10	 9.09143015E-11	-1.70580182E-12	-4.24313468E-12	-7.51157644E-13	-3.01133883E-13	-4.38940115E-14	-1.88148628E-14	-3.12602600E-15
 1.100000E-02	-2.29573053E-08	-2.67055781E-09	 6.65159598E-11	 3.51663778E-11	 1.48961562E-11	 1.40187839E-12	 7.75020360E-13	 1.03393909E-13	 6.18443755E-14	 7.69718877E-15	 8.36256529E-09	 1.45729907E-09	 2.19381344E-10	 4.92790374E-12	-6.32762132E-12	-1.27279730E-12	-5.07745493E-13	-7.31273176E-14	-3.07223734E-14	-5.28055855E-15
 1.200000E-02	-3.85534751E-08	-4.89798719E-09	 3.37790967E-11	 5.31084623E-11	 2.36791407E-11	 2.10553737E-12	 1.12175690E-12	 1.64006395E-13	 9.04137236E-14	 1.21250290E-14	 1.39233371E-08	 2.65599993E-09	 4.69340047E-10	 2.30195254E-11	-8.62364154E-12	-2.08570305E-12	-8.31052861E-13	-1.16462002E-13	-4.87419579E-14	-8.49770598E-15
 1.300000E-02	-6.21103838E-08	-8.55949079E-09	-6.08755418E-11	 7.67996176E-11	 3.73104228E-11	 2.99612914E-12	 1.57169983E-12	 2.52310264E-13	 1.28212791E-13	 1.84288844E-14	 2.22216766E-08	 4.60997902E-09	 9.24074411E-10	 6.36059090E-11	-1.03645483E-11	-3.33317610E-12	-1.32523408E-12	-1.78694483E-13	-7.54515239E-14	-1.31560099E-14
 1.400000E-02	-9.65749745E-08	-1.43540930E-08	-2.65066809E-10	 1.06551464E-10	 5.85324242E-11	 4.01189839E-12	 2.13955801E-12	 3.78709692E-13	 1.77138551E-13	 2.72144899E-14	 3.42036622E-08	 7.67429725E-09	 1.70869735E-09	 1.45120381E-10	-9.88523937E-12	-5.22940110E-12	-2.06473815E-12	-2.65617996E-13	-1.14301400E-13	-1.97330859E-14
 1.500000E-02	-1.45634455E-07	-2.32301058E-08	-6.50815642E-10	 1.41765090E-10	 9.16231872E-11	 4.97031708E-12	 2.83736097E-12	 5.57048045E-13	 2.39269001E-13	 3.92526446E-14	 5.10176855E-08	 1.23223083E-08	 3.00511224E-09	 2.96993050E-10	-4.01224051E-12	-8.09695153E-12	-3.15025750E-12	-3.83999556E-13	-1.69837415E-13	-2.88237235E-14
 1.600000E-02	-2.13825046E-07	-3.64462804E-08	-1.32357661E-09	 1.80248626E-10	 1.43148706E-10	 5.47346683E-12	 3.67219071E-12	 8.05593155E-13	 3.16859604E-13	 5.55234498E-14	 7.40298848E-08	 1.91705026E-08	 5.07048453E-09	 5.64507919E-10	 1.28371936E-11	-1.24239481E-11	-4.71608026E-12	-5.41429154E-13	-2.47962820E-13	-4.11589485E-14
 1.700000E-02	-3.06645778E-07	-5.56420284E-08	-2.43369157E-09	 2.17217099E-10	 2.23003607E-10	 4.76199409E-12	 4.64302813E-12	 1.14820763E-12	 4.12344773E-13	 7.72726279E-14	 1.04835889E-07	 2.90054284E-08	 8.25964220E-09	 1.01521215E-09	 4.99472072E-11	-1.89498718E-11	-6.93908677E-12	-7.45981411E-13	-3.56241820E-13	-5.76251652E-14
 1.800000E-02	-4.30676643E-07	-8.29172447E-08	-4.19071776E-09	 2.43863440E-10	 3.45817801E-10	 1.49721458E-12	 5.73635465E-12	 1.61568835E-12	 5.28348151E-13	 1.06082321E-13	 1.45267970E-07	 4.28123470E-08	 1.30518122E-08	 1.74721177E-09	 1.22111003E-10	-2.87922889E-11	-1.00497114E-11	-1.00561320E-12	-5.04245989E-13	-7.92827888E-14
 1.900000E-02	-5.93700285E-07	-1.20922222E-07	-6.88113548E-09	 2.45360349E-10	 5.32818252E-10	-6.55471424E-12	 6.92000247E-12	 2.24722889E-12	 6.67705429E-13	 1.43959551E-13	 1.97396692E-07	 6.18051831E-08	 2.00820788E-08	 2.89972781E-09	 2.52105966E-10	-4.36308657E-11	-1.43452678E-11	-1.32720173E-12	-7.03943806E-13	-1.07383044E-13
 2.000000E-02	-8.04826407E-07	-1.72958104E-07	-1.08899959E-08	 1.98118167E-10	 8.14246282E-10	-2.29692218E-11	 8.13455379E-12	 3.09191786E-12	 8.33502895E-13	 1.93445378E-13	 2.63526124E-07	 8.74572344E-08	 3.01779193E-08	 4.66632669E-09	 4.74019606E-10	-6.59701933E-11	-2.02061373E-11	-1.71510379E-12	-9.70130718E-13	-1.43381927E-13
 2.100000E-02	-1.07461792E-06	-2.43088284E-07	-1.67271265E-08	 6.60835027E-11	 1.23244119E-09	-5.32805681E-11	 9.28134759E-12	 4.21012836E-12	 1.02913362E-12	 2.57748151E-13	 3.46181704E-07	 1.21532004E-07	 4.44011305E-08	 7.31127790E-09	 8.37645041E-10	-9.95092806E-11	-2.81154560E-11	-2.16909125E-12	-1.32089529E-12	-1.88949921E-13
 2.200000E-02	-1.41521784E-06	-3.36261071E-07	-2.50585695E-08	-2.04183414E-10	 1.84570999E-09	-1.05818622E-10	 1.02058549E-11	 5.67457903E-12	 1.25836996E-12	 3.40904358E-13	 4.48089836E-07	 1.66113413E-07	 6.40954080E-08	 1.11895304E-08	 1.41420422E-09	-1.49653298E-10	-3.86831150E-11	-2.68148657E-12	-1.77811260E-12	-2.45975423E-13
 2.300000E-02	-1.84047586E-06	-4.58443912E-07	-3.67439872E-08	-6.89968416E-10	 2.73311006E-09	-1.92823336E-10	 1.06748194E-11	 7.57074746E-12	 1.52544798E-12	 4.47970305E-13	 5.72148351E-07	 2.23634554E-07	 9.09397755E-08	 1.67708353E-08	 2.30370066E-09	-2.24212448E-10	-5.26751065E-11	-3.23329008E-12	-2.36795328E-12	-3.16561267E-13
 2.400000E-02	-2.36607334E-06	-6.16769368E-07	-5.28808266E-08	-1.50077698E-09	 4.00027552E-09	-3.31905389E-10	 1.03451413E-11	 9.99619103E-12	 1.83515079E-12	 5.85247831E-13	 7.21386963E-07	 2.96904024E-07	 1.27007986E-07	 2.46685753E-08	 3.64425137E-09	-3.34343917E-10	-7.10495501E-11	-3.78905470E-12	-3.12138994E-12	-4.03010219E-13
 2.500000E-02	-3.00964558E-06	-8.19692934E-07	-7.48560900E-08	-2.78906758E-09	 5.78641884E-09	-5.47932622E-10	 8.72199093E-12	 1.30581734E-11	 2.19287067E-12	 7.60546594E-13	 8.98916931E-07	 3.89128799E-07	 1.74833931E-07	 3.56738922E-08	 5.62379953E-09	-4.95805994E-10	-9.50010921E-11	-4.29022474E-12	-4.07467718E-12	-5.07801407E-13
 2.600000E-02	-3.79089986E-06	-1.07716275E-06	-1.04406615E-07	-4.76386782E-09	 8.27263505E-09	-8.75433638E-10	 5.10308542E-12	 1.68687975E-11	 2.60461467E-12	 9.83483989E-13	 1.10786919E-06	 5.03932471E-07	 2.37482982E-07	 5.07957265E-08	 8.49466558E-09	-7.30608740E-10	-1.26015829E-10	-4.64661838E-12	-5.26977515E-12	-6.33550685E-13
 2.700000E-02	-4.73172807E-06	-1.40080107E-06	-1.43688812E-07	-7.70788243E-09	 1.16916264E-08	-1.36162226E-09	-1.49455684E-12	 2.15366058E-11	 3.07690386E-12	 1.26582471E-12	 1.35132028E-06	 6.45367602E-07	 3.18629099E-07	 7.13074041E-08	 1.25914543E-08	-1.06916347E-09	-1.65939460E-10	-4.72569177E-12	-6.75467652E-12	-7.82961282E-13
 2.800000E-02	-5.85631208E-06	-1.80409735E-06	-1.95358863E-07	-1.19987967E-08	 1.63389497E-08	-2.07015904E-09	-1.24297371E-11	 2.71533167E-11	 3.61649149E-12	 1.62185573E-12	 1.63220543E-06	 8.17920831E-07	 4.22637380E-07	 9.88004144E-08	 1.83528984E-08	-1.55305379E-09	-2.17062049E-10	-4.33919499E-12	-8.58359105E-12	-9.58755049E-13
 2.900000E-02	-7.19122067E-06	-2.30261253E-06	-2.62664402E-07	-1.81355830E-08	 2.25858639E-08	-3.08577861E-09	-2.95591496E-11	 3.37740126E-11	 4.22979881E-12	 2.06879856E-12	 1.95321844E-06	 1.02650928E-06	 5.54651618E-07	 1.35246028E-07	 2.63482867E-08	-2.23857449E-09	-2.82223595E-10	-3.22679269E-12	-1.08169278E-11	-1.16359648E-12
 3.000000E-02	-8.76549596E-06	-2.91419406E-06	-3.49548751E-07	-2.67707303E-08	 3.08938250E-08	-4.51992367E-09	-5.53922345E-11	 4.13886736E-11	 4.92193137E-12	 2.62724497E-12	 2.31669790E-06	 1.27646674E-06	 7.20686254E-07	 1.83065394E-07	 3.73091914E-08	-3.20121107E-09	-3.64945536E-10	-1.03622338E-12	-1.35210112E-11	-1.39999955E-12
 3.100000E-02	-1.06107279E-05	-3.65920108E-06	-4.60768792E-07	-3.87494403E-08	 4.18306314E-08	-6.51753795E-09	-9.32854542E-11	 4.98824500E-11	 5.69509534E-12	 3.32161919E-12	 2.72449941E-06	 1.57351797E-06	 9.27721972E-07	 2.45208738E-07	 5.21672825E-08	-4.54126262E-09	-4.69594432E-10	 2.70043174E-12	-1.67674535E-11	-1.67023415E-12
 3.200000E-02	-1.27611151E-05	-4.56073891E-06	-6.02027554E-07	-5.51569614E-08	 5.60881717E-08	-9.26518061E-09	-1.47683424E-10	 5.89814913E-11	 6.54618619E-12	 4.18063572E-12	 3.17785394E-06	 1.92373950E-06	 1.18380398E-06	 3.25244251E-07	 7.20990858E-08	-6.39084412E-09	-6.01585365E-10	 8.59473056E-12	-2.06321000E-11	-1.97622604E-12
 3.300000E-02	-1.52535094E-05	-5.64490179E-06	-7.80122614E-07	-7.73753751E-08	 7.45016582E-08	-1.30006330E-08	-2.24414677E-10	 6.81805119E-11	 7.46319340E-12	 5.23775184E-12	 3.67721209E-06	 2.33350513E-06	 1.49814184E-06	 4.27457205E-07	 9.85786170E-08	-8.92254139E-09	-7.67634342E-10	 1.74344926E-11	-2.51934165E-11	-2.31947963E-12
 3.400000E-02	-1.81274437E-05	-6.94102288E-06	-1.00311135E-06	-1.07151292E-07	 9.80701517E-08	-1.80241759E-08	-3.31050913E-10	 7.66475208E-11	 8.42008423E-12	 6.53155611E-12	 4.22207474E-06	 2.80941437E-06	 1.88120956E-06	 5.56959775E-07	 1.33438891E-07	-1.23600334E-08	-9.76070444E-10	 3.02213334E-11	-3.05302346E-11	-2.70104050E-12
 3.500000E-02	-2.14251396E-05	-8.48192991E-06	-1.28049410E-06	-1.46676076E-07	 1.27978091E-07	-2.47117168E-08	-4.77339003E-10	 8.31002079E-11	 9.36966881E-12	 8.10610671E-12	 4.81081020E-06	 3.35820197E-06	 2.34484430E-06	 7.19811958E-07	 1.78943372E-07	-1.69910412E-08	-1.23722044E-09	 4.82132264E-11	-3.67187519E-11	-3.12151911E-12
 3.600000E-02	-2.51914936E-05	-1.03042050E-05	-1.62341613E-06	-1.98680366E-07	 1.65617428E-07	-3.35299493E-08	-6.75715309E-10	 8.56475134E-11	 1.02338629E-11	 1.00111218E-11	 5.44045866E-06	 3.98662676E-06	 2.90234207E-06	 9.23153877E-07	 2.37868506E-07	-2.31830112E-08	-1.56388072E-09	 7.29719528E-11	-4.38286664E-11	-3.58122052E-12
 3.700000E-02	-2.94740408E-05	-1.24484468E-05	-2.04488935E-06	-2.66544840E-07	 2.12609844E-07	-4.50537181E-08	-9.41912027E-10	 8.15887490E-11	 1.08905841E-11	 1.23020518E-11	 6.10652466E-06	 4.70133788E-06	 3.56854832E-06	 1.17534962E-06	 3.13598504E-07	-3.14019931E-08	-1.97189393E-09	 1.06415068E-10	-5.19183542E-11	-4.08040395E-12
 3.800000E-02	-3.43228914E-05	-1.49595330E-05	-2.56003453E-06	-3.54429332E-07	 2.70828380E-07	-5.99857570E-08	-1.29566516E-09	 6.71614286E-11	 1.11564275E-11	 1.50398617E-11	 6.80275855E-06	 5.50871671E-06	 4.35994121E-06	 1.48614261E-06	 4.10233639E-07	-4.22352299E-08	-2.48085002E-09	 1.50871585E-10	-6.10289782E-11	-4.61977650E-12
 3.900000E-02	-3.97906418E-05	-1.78868803E-05	-3.18634460E-06	-4.67422575E-07	 3.42417642E-07	-7.91789468E-08	-1.76153321E-09	 3.72274761E-11	 1.07640111E-11	 1.82906122E-11	 7.52092821E-06	 6.41469269E-06	 5.29470523E-06	 1.86682239E-06	 5.32713313E-07	-5.64180351E-08	-3.11493436E-09	 2.09140103E-10	-7.11775037E-11	-5.20123379E-12
 4.000000E-02	-4.59322548E-05	-2.12847000E-05	-3.94396959E-06	-6.11715032E-07	 4.29811577E-07	-1.03661220E-07	-2.36983500E-09	-1.51140218E-11	 9.33277039E-12	 2.21245447E-11	 8.25058244E-06	 7.42453128E-06	 6.39279230E-06	 2.33040234E-06	 6.86955204E-07	-7.48655973E-08	-3.90394853E-09	 2.84547411E-10	-8.23485698E-11	-5.82903059E-12
 4.100000E-02	-5.28049097E-05	-2.52122462E-05	-4.85602345E-06	-7.94797423E-07	 5.35747596E-07	-1.34663205E-07	-3.15771386E-09	-9.90012080E-11	 6.33168898E-12	 2.66148844E-11	 8.97880790E-06	 8.54259260E-06	 7.67596759E-06	 2.89180772E-06	 8.80011799E-07	-9.87104141E-08	-4.88453196E-09	 3.81004653E-10	-9.44853377E-11	-6.51136010E-12
 4.200000E-02	-6.04678191E-05	-2.97340525E-05	-5.94891281E-06	-1.02568772E-06	 6.63275612E-07	-1.73648657E-07	-4.17033390E-09	-2.26386354E-10	 1.03227958E-12	 3.18358488E-11	 9.68998126E-06	 9.77205925E-06	 9.16783676E-06	 3.56807325E-06	 1.12024563E-06	-1.29346125E-07	-6.10161635E-09	 5.03057030E-10	-1.07479382E-10	-7.26261993E-12
 4.300000E-02	-6.89820107E-05	-3.49201552E-05	-7.25268751E-06	-1.31518957E-06	 8.15760299E-07	-2.22347685E-07	-5.46220753E-09	-4.12732614E-10	-7.55079746E-12	 3.78602409E-11	 1.03655192E-05	 1.11146320E-05	 1.08938514E-05	 4.37854881E-06	 1.41752445E-06	-1.68478585E-07	-7.61014956E-09	 6.55922329E-10	-1.21159677E-10	-8.10638971E-12
 4.400000E-02	-7.84100736E-05	-4.08462985E-05	-8.80141237E-06	-1.67618515E-06	 9.96874620E-07	-2.82792706E-07	-7.09865504E-09	-6.77849859E-10	-2.07334244E-11	 4.47557970E-11	 1.09836280E-05	 1.25701923E-05	 1.28812891E-05	 5.34511187E-06	 1.78343767E-06	-2.18185087E-07	-9.47712668E-09	 8.45512212E-10	-1.35281142E-10	-9.07963624E-12
 4.500000E-02	-8.88158666E-05	-4.75941172E-05	-1.06335594E-05	-2.12396576E-06	 1.21058241E-06	-3.57356992E-07	-9.15739134E-09	-1.04689163E-09	-4.02528513E-11	 5.25810423E-11	 1.15190570E-05	 1.41364306E-05	 1.51592040E-05	 6.49238459E-06	 2.23153503E-06	-2.80982722E-07	-1.17839698E-08	 1.07842800E-09	-1.49513423E-10	-1.02379969E-11
 4.600000E-02	-1.00264188E-04	-5.52512938E-05	-1.27924192E-05	-2.67660327E-06	 1.46110747E-06	-4.48795585E-07	-1.17302293E-08	-1.55153742E-09	-6.83788957E-11	 6.13794657E-11	 1.19428563E-05	 1.58084405E-05	 1.77583444E-05	 7.84795323E-06	 2.77758871E-06	-3.59906904E-07	-1.46293007E-08	 1.36192049E-09	-1.63430585E-10	-1.16628157E-11
 4.700000E-02	-1.12820405E-04	-6.39116845E-05	-1.53265301E-05	-3.35536599E-06	 1.75288631E-06	-5.60288237E-07	-1.49248825E-08	-2.23138735E-09	-1.08049273E-10	 7.11731277E-11	 1.22221452E-05	 1.75782772E-05	 2.07110331E-05	 9.44258705E-06	 3.43987960E-06	-4.58601193E-07	-1.81321544E-08	 1.70380121E-09	-1.76502846E-10	-1.34697039E-11
 4.800000E-02	-1.26550043E-04	-7.36754095E-05	-1.82901229E-05	-4.18518221E-06	 2.09050144E-06	-6.95483939E-07	-1.88668446E-08	-3.13559863E-09	-1.63033167E-10	 8.19540858E-11	 1.23198920E-05	 1.94344819E-05	 2.40510061E-05	 1.13104533E-05	 4.23950850E-06	-5.81419566E-07	-2.24356812E-08	 2.11228949E-09	-1.88091703E-10	-1.58196588E-11
 4.900000E-02	-1.41518335E-04	-8.46489026E-05	-2.17435784E-05	-5.19515483E-06	 2.47859147E-06	-8.58546431E-07	-2.37013119E-08	-4.32479667E-09	-2.38127698E-10	 9.36751930E-11	 1.21947108E-05	 2.13615714E-05	 2.78132058E-05	 1.34893242E-05	 5.20073258E-06	-7.33542374E-07	-2.77113897E-08	 2.59577645E-09	-1.97450451E-10	-1.89322608E-11
 5.000000E-02	-1.57789726E-04	-9.69449144E-05	-2.57538952E-05	-6.41913062E-06	 2.92173445E-06	-1.05419995E-06	-2.95951106E-08	-5.87329602E-09	-3.39392395E-10	 1.06238311E-10	 1.18006784E-05	 2.33394947E-05	 3.20335233E-05	 1.60207720E-05	 6.35132739E-06	-9.21107240E-07	-3.41639783E-08	 3.16248263E-09	-2.03732422E-10	-2.31023622E-11
 5.100000E-02	-1.75427339E-04	-1.10682465E-04	-3.03951639E-05	-7.89632704E-06	 3.42429992E-06	-1.28777427E-06	-3.67385813E-08	-7.87167041E-09	-4.74426637E-10	 1.19481942E-10	 1.10871757E-05	 2.53430568E-05	 3.67484871E-05	 1.89503460E-05	 7.72297406E-06	-1.15135618E-06	-4.20368061E-08	 3.81998020E-09	-2.06010493E-10	-2.87191590E-11
 5.200000E-02	-1.94492405E-04	-1.25986736E-04	-3.57490431E-05	-9.67202007E-06	 3.99026537E-06	-1.56524798E-06	-4.53473630E-08	-1.04297118E-08	-6.52696455E-10	 1.33165852E-10	 9.99875792E-06	 2.73413134E-05	 4.19948924E-05	 2.23277268E-05	 9.35167113E-06	-1.43280028E-06	-5.16180515E-08	 4.57454468E-09	-2.03310861E-10	-3.62895132E-11
 5.300000E-02	-2.15043640E-04	-1.42988906E-04	-4.19052327E-05	-1.17982957E-05	 4.62299180E-06	-1.89328856E-06	-5.56639619E-08	-1.36798204E-08	-8.85923136E-10	 1.46954451E-10	 8.47505837E-06	 2.92969379E-05	 4.78093674E-05	 2.62068497E-05	 1.12781701E-05	-1.77540315E-06	-6.32476186E-08	 5.43030137E-09	-1.94664293E-10	-4.64646703E-11
 5.400000E-02	-2.37136599E-04	-1.61825906E-04	-4.89619393E-05	-1.43348679E-05	 5.32495313E-06	-2.27928779E-06	-6.79590352E-08	-1.77808699E-08	-1.18853671E-09	 1.60396277E-10	 6.45073047E-06	 3.11655634E-05	 5.42278728E-05	 3.06459922E-05	 1.35484331E-05	-2.19078469E-06	-7.73248272E-08	 6.38812733E-09	-1.79180990E-10	-6.00738261E-11
 5.500000E-02	-2.60822984E-04	-1.82640110E-04	-5.70263267E-05	-1.73499647E-05	 6.09741401E-06	-2.73139068E-06	-8.25322862E-08	-2.29225959E-08	-1.57820158E-09	 1.72902387E-10	 3.85543243E-06	 3.28951050E-05	 6.12851301E-05	 3.57078154E-05	 1.62141101E-05	-2.69244622E-06	-9.43169187E-08	 7.44425618E-09	-1.56157260E-10	-7.81619399E-11
 5.600000E-02	-2.86149920E-04	-2.05578941E-04	-6.62149448E-05	-2.09212852E-05	 6.94004977E-06	-3.25851573E-06	-9.97128419E-08	-2.93305584E-08	-2.07642482E-09	 1.83721017E-10	 6.13860002E-07	 3.44250660E-05	 6.90139759E-05	 4.14593509E-05	 1.93330339E-05	-3.29601829E-06	-1.14768405E-07	 8.58852497E-09	-1.25220496E-10	-1.02034766E-10
 5.700000E-02	-3.13159199E-04	-2.30794381E-04	-7.66541291E-05	-2.51370274E-05	 7.85050244E-06	-3.87036421E-06	-1.19858968E-07	-3.72717307E-08	-2.70925656E-09	 1.91911268E-10	-3.35416811E-06	 3.56858336E-05	 7.74446389E-05	 4.79719249E-05	 2.29697275E-05	-4.01953234E-06	-1.39311272E-07	 9.80219481E-09	-8.65235115E-11	-1.33308514E-10
 5.800000E-02	-3.41886501E-04	-2.58442401E-04	-8.84803637E-05	-3.00969882E-05	 8.82386627E-06	-4.57741570E-06	-1.43356958E-07	-4.70607672E-08	-3.50809304E-09	 1.96313101E-10	-8.13356709E-06	 3.65979702E-05	 8.66039363E-05	 5.53210066E-05	 2.71959213E-05	-4.88371705E-06	-1.68676043E-07	 1.10552679E-08	-4.09976531E-11	-1.73967592E-10
 5.900000E-02	-3.72360586E-04	-2.88682282E-04	-1.01840595E-04	-3.59137345E-05	 9.85209607E-06	-5.39090692E-06	-1.70619025E-07	-5.90670055E-08	-4.51059202E-09	 1.95516618E-10	-1.38137804E-05	 3.70715075E-05	 9.65143889E-05	 6.35859717E-05	 3.20910737E-05	-5.91232033E-06	-2.03703668E-07	 1.23032110E-08	 9.31970337E-12	-2.26427598E-10
 6.000000E-02	-4.04602465E-04	-3.21675835E-04	-1.16892491E-04	-4.27138449E-05	 1.09233316E-05	-6.32279026E-06	-2.02079991E-07	-7.37222569E-08	-5.76171021E-09	 1.87828067E-10	-2.04885067E-05	 3.70052510E-05	 1.07193253E-04	 7.28497670E-05	 3.77428884E-05	-7.13245751E-06	-2.45358209E-07	 1.34829812E-08	 6.08693839E-11	-2.93605767E-10
 6.100000E-02	-4.38624565E-04	-3.57586507E-04	-1.33804632E-04	-5.06392184E-05	 1.20211315E-05	-7.38566845E-06	-2.38192621E-07	-9.15294408E-08	-7.31486824E-09	 1.71235379E-10	-2.82553554E-05	 3.62861045E-05	 1.18651470E-04	 8.31984646E-05	 4.42478218E-05	-8.57498594E-06	-2.94740231E-07	 1.45082286E-08	 1.08045542E-10	-3.78995501E-10
 6.200000E-02	-4.74429883E-04	-3.96578377E-04	-1.52756620E-04	-5.98484475E-05	 1.31236102E-05	-8.59270116E-06	-2.79421365E-07	-1.13072102E-07	-9.23325319E-09	 1.43369385E-10	-3.72154252E-05	 3.47884236E-05	 1.30892529E-04	 9.47206908E-05	 5.17115718E-05	-1.02749061E-05	-3.53100837E-07	 1.52635329E-08	 1.42545586E-10	-4.86744314E-10
 6.300000E-02	-5.12011131E-04	-4.38815034E-04	-1.73939101E-04	-7.05182499E-05	 1.42024694E-05	-9.95747896E-06	-3.26234014E-07	-1.39024854E-07	-1.15913108E-08	 1.01461179E-10	-4.74728035E-05	 3.23734087E-05	 1.43911252E-04	 1.07506916E-04	 6.02495371E-05	-1.22717887E-05	-4.21856239E-07	 1.55975561E-08	 1.52575336E-10	-6.21739770E-10
 6.400000E-02	-5.51349903E-04	-4.84458321E-04	-1.97553680E-04	-8.28449524E-05	 1.52219192E-05	-1.14938599E-05	-3.79091156E-07	-1.70164791E-07	-1.44764013E-08	 4.22943849E-11	-5.91339812E-05	 2.88885504E-05	 1.57692500E-04	 1.21648590E-04	 6.99872380E-05	-1.46102278E-05	-5.02602685E-07	 1.53149850E-08	 1.21881610E-10	-7.89706345E-10
 6.500000E-02	-5.92415839E-04	-5.33666970E-04	-2.23812716E-04	-9.70460183E-05	 1.61374820E-05	-1.32157636E-05	-4.38433191E-07	-2.07383885E-07	-1.79906244E-08	-3.78450039E-11	-7.23071806E-05	 2.41671394E-05	 1.72209800E-04	 1.37237107E-04	 8.10606839E-05	-1.73403175E-05	-5.97131515E-07	 1.41670820E-08	 2.85766703E-11	-9.97311256E-10
 6.600000E-02	-6.35165829E-04	-5.86595099E-04	-2.52938996E-04	-1.13361609E-04	 1.68946750E-05	-1.51369159E-05	-5.04664576E-07	-2.51702430E-07	-2.22528253E-08	-1.43222747E-10	-8.71015941E-05	 1.80278535E-05	 1.87423909E-04	 1.54362583E-04	 9.36166749E-05	-2.05181528E-05	-7.07444057E-07	 1.18406375E-08	-1.56279159E-10	-1.25227067E-09
 6.700000E-02	-6.79543234E-04	-6.43390583E-04	-2.85165246E-04	-1.32056163E-04	 1.74275648E-05	-1.72705409E-05	-5.78135025E-07	-3.04283527E-07	-2.74007920E-08	-2.78712117E-10	-1.03626531E-04	 1.02744385E-05	 2.03281310E-04	 1.73112435E-04	 1.07813020E-04	-2.42063485E-05	-8.35766038E-07	 7.94510446E-09	-4.70379936E-10	-1.56345915E-09
 6.800000E-02	-7.25477159E-04	-7.04193303E-04	-3.20733500E-04	-1.53419987E-04	 1.76571926E-05	-1.96289897E-05	-6.59117405E-07	-3.66448650E-07	-3.35936346E-08	-4.49851963E-10	-1.21990471E-04	 6.95496045E-07	 2.19712658E-04	 1.93569734E-04	 1.23818656E-04	-2.84745772E-05	-9.84561074E-07	 1.99765933E-09	-9.62207154E-10	-1.94100906E-09
 6.900000E-02	-7.72881780E-04	-7.69133261E-04	-3.59894278E-04	-1.77770830E-04	 1.74898673E-05	-2.22233030E-05	-7.47782223E-07	-4.39694291E-07	-4.10143350E-08	-6.62904149E-10	-1.42300025E-04	-1.09356029E-05	 2.36631181E-04	 2.15811325E-04	 1.41813648E-04	-3.34001178E-05	-1.15654275E-06	-6.59412929E-09	-1.69344923E-09	-2.39639926E-09
 7.000000E-02	-8.21655728E-04	-8.38328583E-04	-4.02905587E-04	-2.05455425E-04	 1.68153298E-05	-2.50626980E-05	-8.44168836E-07	-5.25709662E-07	-4.98724002E-08	-9.24914672E-10	-1.64658804E-04	-2.48606645E-05	 2.53931054E-04	 2.39905701E-04	 1.61989045E-04	-3.90684119E-05	-1.35468476E-06	-1.85524612E-08	-2.74185953E-09	-2.94249794E-09
 7.100000E-02	-8.71681553E-04	-9.11883401E-04	-4.50031713E-04	-2.36850979E-04	 1.55047951E-05	-2.81539744E-05	-9.48154319E-07	-6.26395269E-07	-6.04064707E-08	-1.24379188E-09	-1.89166195E-04	-4.13364585E-05	 2.71485756E-04	 2.65910602E-04	 1.84546585E-04	-4.55736169E-05	-1.58222873E-06	-3.47529587E-08	-4.20459507E-09	-3.59352608E-09
 7.200000E-02	-9.22825279E-04	-9.89885622E-04	-5.01541800E-04	-2.72366578E-04	 1.34088779E-05	-3.15008359E-05	-1.05942003E-06	-7.43881832E-07	-7.28868820E-08	-1.62847197E-09	-2.15916047E-04	-6.06343299E-05	 2.89146425E-04	 2.93870353E-04	 2.09698209E-04	-5.30191517E-05	-1.84268989E-06	-5.62518478E-08	-6.20196549E-09	-4.36498765E-09
 7.300000E-02	-9.74936057E-04	-1.07240460E-03	-5.57708195E-04	-3.12444484E-04	 1.03553676E-05	-3.51031192E-05	-1.17740886E-06	-8.80549178E-07	-8.76193020E-08	-2.08923561E-09	-2.44995279E-04	-8.30396172E-05	 3.06740239E-04	 3.23812910E-04	 2.37665387E-04	-6.15182366E-05	-2.13986034E-06	-8.43152287E-08	-8.88154764E-09	-5.27384990E-09
 7.400000E-02	-1.02784593E-03	-1.15948874E-03	-6.18804549E-04	-3.57561286E-04	 6.14688440E-06	-3.89559211E-05	-1.30127799E-06	-1.03904578E-06	-1.04948375E-07	-2.63798128E-09	-2.76482394E-04	-1.08850859E-04	 3.24068828E-04	 3.55746613E-04	 2.68678212E-04	-7.11944165E-05	-2.47780938E-06	-1.20451252E-07	-1.24227779E-08	-6.33879190E-09
 7.500000E-02	-1.08136973E-03	-1.25116298E-03	-6.85103663E-04	-4.08228878E-04	 5.58431805E-07	-4.30486163E-05	-1.42984830E-06	-1.22230896E-06	-1.25261183E-07	-3.28843544E-09	-3.10445937E-04	-1.38378767E-04	 3.40906755E-04	 3.89656628E-04	 3.02974242E-04	-8.21820519E-05	-2.86087891E-06	-1.66447205E-07	-1.70423591E-08	-7.58024507E-09
 7.600000E-02	-1.13530512E-03	-1.34742623E-03	-7.56875064E-04	-4.64995223E-04	-6.66514240E-06	-4.73637603E-05	-1.56154993E-06	-1.43358487E-06	-1.48990640E-07	-4.05643824E-09	-3.46942869E-04	-1.71944957E-04	 3.57000078E-04	 4.25501076E-04	 3.40797059E-04	-9.46267667E-05	-3.29367322E-06	-2.24411179E-07	-2.30005248E-08	-9.02036786E-09
 7.700000E-02	-1.18943276E-03	-1.44824882E-03	-8.34382313E-04	-5.28444859E-04	-1.58117660E-05	-5.18758748E-05	-1.69436318E-06	-1.67644796E-06	-1.76618920E-07	-4.96033738E-09	-3.86016897E-04	-2.09880401E-04	 3.72065034E-04	 4.63206844E-04	 3.82394518E-04	-1.08685843E-04	-3.78104274E-06	-2.96818373E-07	-3.06080904E-08	-1.06830149E-08
 7.800000E-02	-1.24351669E-03	-1.55356984E-03	-9.17880028E-04	-5.99199110E-04	-2.72048275E-05	-5.65501074E-05	-1.82575465E-06	-1.95481923E-06	-2.08680907E-07	-6.02151093E-09	-4.27696748E-04	-2.52523610E-04	 3.85786862E-04	 5.02665089E-04	 4.28016671E-04	-1.24528550E-04	-4.32806140E-06	-3.86562184E-07	-4.02342877E-08	-1.25937031E-08
 7.900000E-02	-1.29730485E-03	-1.66329456E-03	-1.00761062E-03	-6.77915945E-04	-4.12059143E-05	-6.13407654E-05	-1.95260700E-06	-2.27298304E-06	-2.45767831E-07	-7.26503557E-09	-4.71994416E-04	-3.00218506E-04	 3.97818805E-04	 5.43726431E-04	 4.77913328E-04	-1.42336400E-04	-4.93999717E-06	-4.97009890E-07	-5.23153927E-08	-1.47796490E-08
 8.000000E-02	-1.35052982E-03	-1.77729180E-03	-1.10380071E-03	-7.65289447E-04	-5.82176008E-05	-6.61897143E-05	-2.07114005E-06	-2.63560193E-06	-2.88531366E-07	-8.72051408E-09	-5.18903384E-04	-3.53311991E-04	 4.07781323E-04	 5.86195853E-04	 5.32331243E-04	-1.62303313E-04	-5.62227449E-06	-6.32062184E-07	-6.73642433E-08	-1.72699911E-08
 8.100000E-02	-1.40290974E-03	-1.89539145E-03	-1.20665732E-03	-8.62048829E-04	-7.86863026E-05	-7.10246334E-05	-2.17681607E-06	-3.04772980E-06	-3.37689101E-07	-1.04229926E-08	-5.68396844E-04	-4.12151171E-04	 4.15261545E-04	 6.29827291E-04	 5.91510859E-04	-1.84635707E-04	-6.38042494E-06	-7.96214835E-07	-8.59810444E-08	-2.00964621E-08
 8.200000E-02	-1.45414950E-03	-2.01738198E-03	-1.31636360E-03	-9.68956947E-04	-1.03105169E-04	-7.57571120E-05	-2.26423063E-06	-3.51482455E-06	-3.94030735E-07	-1.24137415E-08	-6.20425925E-04	-4.77080253E-04	 4.19813024E-04	 6.74317955E-04	 6.55682593E-04	-2.09552480E-04	-7.22002128E-06	-9.94620927E-07	-1.08865921E-07	-2.32946371E-08
 8.300000E-02	-1.50394209E-03	-2.14300815E-03	-1.43307449E-03	-1.08680823E-03	-1.32016764E-04	-8.02805897E-05	-2.32703196E-06	-4.04276008E-06	-4.58417787E-07	-1.47406617E-08	-6.74917962E-04	-5.48437077E-04	 4.20955799E-04	 7.19302377E-04	 7.25062648E-04	-2.37284895E-04	-8.14660637E-06	-1.23315772E-06	-1.36831160E-07	-2.69048766E-08
 8.400000E-02	-1.55197026E-03	-2.27196886E-03	-1.55691192E-03	-1.21642596E-03	-1.66015610E-04	-8.44681448E-05	-2.35783924E-06	-4.63783477E-06	-5.31783205E-07	-1.74589964E-08	-7.31774812E-04	-6.26549296E-04	 4.18176850E-04	 7.64346258E-04	 7.99848306E-04	-2.68076275E-04	-9.16560736E-06	-1.51850367E-06	-1.70815189E-07	-3.09722119E-08
 8.500000E-02	-1.59790835E-03	-2.40391520E-03	-1.68795989E-03	-1.35865892E-03	-2.05750612E-04	-8.81701255E-05	-2.34815241E-06	-5.30677626E-06	-6.15132024E-07	-2.06323783E-08	-7.90871249E-04	-7.11730188E-04	 4.10930958E-04	 8.08940143E-04	 8.80212667E-04	-3.02181528E-04	-1.02822327E-05	-1.85822409E-06	-2.11898466E-07	-3.55457629E-08
 8.600000E-02	-1.64142444E-03	-2.53844877E-03	-1.82625921E-03	-1.51437717E-03	-2.51927285E-04	-9.12116200E-05	-2.28825728E-06	-6.05674246E-06	-7.09542065E-07	-2.43340826E-08	-8.52053467E-04	-8.04274116E-04	 3.98642037E-04	 8.52492973E-04	 9.66298815E-04	-3.39866465E-04	-1.15013530E-05	-2.26086347E-06	-2.61320801E-07	-4.06781090E-08
 8.700000E-02	-1.68218274E-03	-2.67512022E-03	-1.97180207E-03	-1.68446714E-03	-3.05309738E-04	-9.33897641E-05	-2.16712713E-06	-6.89531822E-06	-8.16164329E-07	-2.86485221E-08	-9.15137706E-04	-9.04451620E-04	 3.80704975E-04	 8.94325572E-04	 1.05821340E-03	-3.81406906E-04	-1.28273647E-05	-2.73604352E-06	-3.20499961E-07	-4.64248167E-08
 8.800000E-02	-1.71984622E-03	-2.81342831E-03	-2.12452635E-03	-1.86982569E-03	-3.66722377E-04	-9.44708829E-05	-1.97231989E-06	-7.83050741E-06	-9.36223103E-07	-3.36729848E-08	-9.79909045E-04	-1.01250417E-03	 3.56488036E-04	 9.33664142E-04	 1.15601958E-03	-4.27087551E-04	-1.42640362E-05	-3.29456577E-06	-3.91051686E-07	-5.28442582E-08
 8.900000E-02	-1.75407952E-03	-2.95281913E-03	-2.28430982E-03	-2.07135331E-03	-4.37051290E-04	-9.41874626E-05	-1.68986688E-06	-8.87072034E-06	-1.07101635E-06	-3.95196210E-08	-1.04612037E-03	-1.12863856E-03	 3.25335873E-04	 9.69633822E-04	 1.25972935E-03	-4.77200614E-04	-1.58143315E-05	-3.94851680E-06	-4.74811407E-07	-5.99979630E-08
 9.000000E-02	-1.78455215E-03	-3.09268599E-03	-2.45096412E-03	-2.28994624E-03	-5.17245326E-04	-9.22349316E-05	-1.30414388E-06	-1.00247584E-05	-1.22191762E-06	-4.63174325E-08	-1.11349160E-03	-1.25302100E-03	 2.86573215E-04	 1.00125240E-03	 1.36929512E-03	-5.32044209E-04	-1.74802043E-05	-4.71137290E-06	-5.73858591E-07	-6.79519232E-08
 9.100000E-02	-1.81094197E-03	-3.23236971E-03	-2.62422866E-03	-2.52648755E-03	-6.08316914E-04	-8.82682030E-05	-7.97704433E-07	-1.13018010E-05	-1.39038250E-06	-5.42136854E-08	-1.18170911E-03	-1.38577092E-03	 2.39509302E-04	 1.02742427E-03	 1.48460043E-03	-5.91920494E-04	-1.92623396E-05	-5.59809979E-06	-6.90546514E-07	-7.67794145E-08
 9.200000E-02	-1.83293885E-03	-3.37115950E-03	-2.80376435E-03	-2.78183686E-03	-7.11342488E-04	-8.18979161E-05	-1.51091133E-07	-1.27114043E-05	-1.57795600E-06	-6.33735618E-08	-1.25042555E-03	-1.52695442E-03	 1.83443144E-04	 1.04693462E-03	 1.60544970E-03	-6.57133542E-04	-2.11598272E-05	-6.62524666E-06	-8.27538561E-07	-8.65651554E-08
 9.300000E-02	-1.85024874E-03	-3.50829451E-03	-2.98914750E-03	-3.05681892E-03	-8.27461600E-04	-7.26864239E-05	 6.57218714E-07	-1.42635042E-05	-1.78625469E-06	-7.39783701E-08	-1.31925991E-03	-1.67657756E-03	 1.17669584E-04	 1.05844418E-03	 1.73155740E-03	-7.27986900E-04	-2.31698640E-05	-7.81104685E-06	-9.87834016E-07	-9.74076360E-08
 9.400000E-02	-1.86259774E-03	-3.64296615E-03	-3.17986383E-03	-3.35221069E-03	-9.57875113E-04	-6.01435807E-05	 1.65084352E-06	-1.59684114E-05	-2.01694716E-06	-8.62260297E-08	-1.38779803E-03	-1.83457943E-03	 4.14862839E-05	 1.06048458E-03	 1.86253636E-03	-8.04780689E-04	-2.52874154E-05	-9.17554104E-06	-1.17479847E-06	-1.09418070E-07
 9.500000E-02	-1.86973662E-03	-3.77432107E-03	-3.37530263E-03	-3.66872723E-03	-1.10384248E-03	-4.37222974E-05	 2.85552917E-06	-1.78368005E-05	-2.27173748E-06	-1.00332949E-07	-1.45559349E-03	-2.00082506E-03	-4.57983007E-05	 1.05145454E-03	 1.99788505E-03	-8.87808196E-04	-2.75048142E-05	-1.07407209E-05	-1.39220189E-06	-1.22717344E-07
 9.600000E-02	-1.87144533E-03	-3.90146510E-03	-3.57475120E-03	-4.00700596E-03	-1.26667794E-03	-2.28138291E-05	 4.29916468E-06	-1.98797007E-05	-2.55234813E-06	-1.16536184E-07	-1.52216903E-03	-2.17509836E-03	-1.44855897E-04	 1.02961705E-03	 2.13697387E-03	-9.77351903E-04	-2.98112993E-05	-1.25306901E-05	-1.64426219E-06	-1.37432281E-07
 9.700000E-02	-1.86753781E-03	-4.02346806E-03	-3.77738970E-03	-4.36758953E-03	-1.44774535E-03	 3.25723141E-06	 6.01176711E-06	-2.21084899E-05	-2.86050016E-06	-1.35095439E-07	-1.58701841E-03	-2.35709494E-03	-2.56328271E-04	 9.93097821E-04	 2.27903034E-03	-1.07367891E-03	-3.21924892E-05	-1.45718422E-05	-1.93569450E-06	-1.53691522E-07
 9.800000E-02	-1.85786683E-03	-4.13936956E-03	-3.98228646E-03	-4.75090712E-03	-1.64845151E-03	 3.52382847E-05	 8.02542029E-06	-2.45348970E-05	-3.19788866E-06	-1.56294661E-07	-1.64960895E-03	-2.54641519E-03	-3.80815899E-04	 9.39885207E-04	 2.42312319E-03	-1.17703568E-03	-3.46297769E-05	-1.68930598E-05	-2.27176731E-06	-1.71621122E-07
 9.900000E-02	-1.84232900E-03	-4.24818586E-03	-4.18839401E-03	-5.15725412E-03	-1.87023758E-03	 7.39544232E-05	 1.03741438E-05	-2.71710175E-05	-3.56615128E-06	-1.80442505E-07	-1.70938463E-03	-2.74255747E-03	-5.18865358E-04	 8.67831878E-04	 2.56814511E-03	-1.28764192E-03	-3.70996242E-05	-1.95259393E-05	-2.65836845E-06	-1.91339531E-07
 1.000000E-01	-1.82086967E-03	-4.34891792E-03	-4.39454597E-03	-5.58677022E-03	-2.11456820E-03	 1.20314588E-04	 1.30936623E-05	-3.00293560E-05	-3.96682684E-06	-2.07870087E-07	-1.76576990E-03	-2.94491167E-03	-6.70955349E-04	 7.74658549E-04	 2.71279399E-03	-1.40568356E-03	-3.95727297E-05	-2.25050510E-05	-3.10208383E-06	-2.12951282E-07
 1.010000E-01	-1.79348793E-03	-4.44056055E-03	-4.59945489E-03	-6.03941564E-03	-2.38291761E-03	 1.75318145E-04	 1.62210662E-05	-3.31228843E-05	-4.40130508E-06	-2.38928729E-07	-1.81817425E-03	-3.15275315E-03	-8.37481251E-04	 6.57959614E-04	 2.85555234E-03	-1.53130414E-03	-4.20130248E-05	-2.58683047E-05	-3.61029761E-06	-2.36529768E-07
 1.020000E-01	-1.76024130E-03	-4.52211311E-03	-4.80171153E-03	-6.51494487E-03	-2.67675157E-03	 2.40060854E-04	 1.97942380E-05	-3.64649549E-05	-4.87073887E-06	-2.74013224E-07	-1.86599761E-03	-3.36523699E-03	-1.01873813E-03	 5.15210085E-04	 2.99466503E-03	-1.66459317E-03	-4.43764239E-05	-2.96576702E-05	-4.19133804E-06	-2.62052436E-07
 1.030000E-01	-1.72125030E-03	-4.59259160E-03	-4.99978617E-03	-7.01287864E-03	-2.99750369E-03	 3.15739911E-04	 2.38507316E-05	-4.00690590E-05	-5.37587121E-06	-3.13602871E-07	-1.90863649E-03	-3.58139296E-03	-1.21490241E-03	 3.43775443E-04	 3.12811725E-03	-1.80557196E-03	-4.66096155E-05	-3.39200586E-05	-4.85460646E-06	-2.89331667E-07
 1.040000E-01	-1.67670249E-03	-4.65104211E-03	-5.19203212E-03	-7.53247472E-03	-3.34654724E-03	 4.03658792E-04	 2.84263776E-05	-4.39485844E-05	-5.91684809E-06	-3.58293074E-07	-1.94549110E-03	-3.80012164E-03	-1.42601219E-03	 1.40926137E-04	 3.25361207E-03	-1.95417860E-03	-4.86488057E-05	-3.87080264E-05	-5.61069132E-06	-3.18000027E-07
 1.050000E-01	-1.62685606E-03	-4.69655573E-03	-5.37669156E-03	-8.07269760E-03	-3.72516177E-03	 5.05231624E-04	 3.35536705E-05	-4.81165332E-05	-6.49302892E-06	-4.08825940E-07	-1.97597340E-03	-4.02019178E-03	-1.65194614E-03	-9.61433815E-05	 3.36854775E-03	-2.11025111E-03	-5.04184417E-05	-4.40804861E-05	-6.47147256E-06	-3.47508700E-07
 1.060000E-01	-1.57204275E-03	-4.72828491E-03	-5.55190441E-03	-8.63218698E-03	-4.13449344E-03	 6.21986597E-04	 3.92597963E-05	-5.25851488E-05	-7.10276718E-06	-4.66126942E-07	-1.99951602E-03	-4.24023929E-03	-1.89240121E-03	-3.70290702E-04	 3.46999553E-03	-2.27350812E-03	-5.18299482E-05	-5.01035401E-05	-7.45022021E-06	-3.77117838E-07
 1.070000E-01	-1.51266990E-03	-4.74546121E-03	-5.71572045E-03	-9.20922563E-03	-4.57550785E-03	 7.55567991E-04	 4.55641722E-05	-5.73654183E-05	-7.74314309E-06	-5.31349710E-07	-2.01558221E-03	-4.45876801E-03	-2.14686940E-03	-6.84395845E-04	 3.55467871E-03	-2.44352662E-03	-5.27805228E-05	-5.68514546E-05	-8.56168419E-06	-4.05879482E-07
 1.080000E-01	-1.44922142E-03	-4.74741443E-03	-5.86611550E-03	-9.80170707E-03	-5.04893429E-03	 9.07736266E-04	 5.24753916E-05	-6.24664077E-05	-8.40963631E-06	-6.05931629E-07	-2.02367665E-03	-4.67415265E-03	-2.41461366E-03	-1.04132524E-03	 3.61895401E-03	-2.61971657E-03	-5.31520683E-05	-6.44077815E-05	-9.82216678E-06	-4.32614929E-07
 1.090000E-01	-1.38225747E-03	-4.73359301E-03	-6.00101225E-03	-1.04071038E-02	-5.55520023E-03	 1.08036552E-03	 5.99874758E-05	-6.78943807E-05	-9.09572886E-06	-6.91663535E-07	-2.02335720E-03	-4.88464437E-03	-2.69464360E-03	-1.44388848E-03	 3.65879677E-03	-2.80129221E-03	-5.28103775E-05	-7.28666332E-05	-1.12495661E-05	-4.55888119E-07
 1.100000E-01	-1.31241253E-03	-4.70358546E-03	-6.11830624E-03	-1.10224373E-02	-6.09435492E-03	 1.27543749E-03	 6.80753351E-05	-7.36516359E-05	-9.79242937E-06	-7.90777153E-07	-2.01424738E-03	-5.08837935E-03	-2.98569137E-03	-1.89478694E-03	 3.66979165E-03	-2.98723960E-03	-5.16047160E-05	-8.23341144E-05	-1.28633754E-05	-4.73976763E-07
 1.110000E-01	-1.24039167E-03	-4.65714263E-03	-6.21589784E-03	-1.16442501E-02	-6.66598097E-03	 1.49503095E-03	 7.66893505E-05	-7.97349891E-05	-1.04877118E-05	-9.06054426E-07	-1.99604957E-03	-5.28339083E-03	-3.28618847E-03	-2.39655349E-03	 3.64713126E-03	-3.17628052E-03	-4.93679857E-05	-9.29299033E-05	-1.46846197E-05	-4.84843812E-07
 1.120000E-01	-1.16696458E-03	-4.59420033E-03	-6.29173088E-03	-1.22685831E-02	-7.26909283E-03	 1.74130545E-03	 8.57489741E-05	-8.61338035E-05	-1.11658569E-05	-1.04096444E-06	-1.96855860E-03	-5.46762512E-03	-3.59424457E-03	-2.95148230E-03	 3.58562619E-03	-3.36683255E-03	-4.59178248E-05	-1.04788967E-04	-1.67356864E-05	-4.86111221E-07
 1.130000E-01	-1.09295714E-03	-4.51490196E-03	-6.34383856E-03	-1.28909586E-02	-7.90202137E-03	 2.01647728E-03	 9.51352588E-05	-9.28274092E-05	-1.18066848E-05	-1.19984133E-06	-1.93167539E-03	-5.63896212E-03	-3.90763023E-03	-3.56154815E-03	 3.47973311E-03	-3.55696587E-03	-4.10595094E-05	-1.18063380E-04	-1.90399273E-05	-4.75034491E-07
 1.140000E-01	-1.01924016E-03	-4.41962025E-03	-6.37039717E-03	-1.35063723E-02	-8.56228565E-03	 2.32278578E-03	 1.04682576E-04	-9.97817090E-05	-1.23847208E-05	-1.38812277E-06	-1.88542026E-03	-5.79524082E-03	-4.22376476E-03	-4.22831466E-03	 3.32360491E-03	-3.74435734E-03	-3.45908392E-05	-1.32924155E-04	-2.16210474E-05	-4.48492279E-07
 1.150000E-01	-9.46715144E-04	-4.30897727E-03	-6.36978754E-03	-1.41092981E-02	-9.24645416E-03	 2.66244772E-03	 1.14169841E-04	-1.06944810E-04	-1.28683376E-05	-1.61265671E-06	-1.82994536E-03	-5.93429022E-03	-4.53971166E-03	-4.95283151E-03	 3.11116868E-03	-3.92624320E-03	-2.63095142E-05	-1.49562920E-04	-2.45022334E-05	-4.03010277E-07
 1.160000E-01	-8.76296729E-04	-4.18386166E-03	-6.34066378E-03	-1.46937085E-02	-9.94999973E-03	 3.03759753E-03	 1.23311762E-04	-1.14241517E-04	-1.32189389E-05	-1.88208282E-06	-1.76554551E-03	-6.05396591E-03	-4.85218389E-03	-5.73552151E-03	 2.83623896E-03	-4.09937263E-03	-1.60236993E-05	-1.68193221E-04	-2.77049436E-05	-3.34842367E-07
 1.170000E-01	-8.08892014E-04	-4.04544158E-03	-6.28202851E-03	-1.52531145E-02	-1.06671546E-02	 3.45021131E-03	 1.31750949E-04	-1.21566538E-04	-1.33902804E-05	-2.20729463E-06	-1.69266665E-03	-6.15219249E-03	-5.15756212E-03	-6.57605888E-03	 2.49267408E-03	-4.25996508E-03	-3.56648445E-06	-1.89051105E-04	-3.12472852E-05	-2.40139898E-07
 1.180000E-01	-7.45376748E-04	-3.89517204E-03	-6.19331227E-03	-1.57806306E-02	-1.13907757E-02	 3.90201254E-03	 1.39052073E-04	-1.28776275E-04	-1.33280729E-05	-2.60198422E-06	-1.61191093E-03	-6.22701162E-03	-5.45192911E-03	-7.47324199E-03	 2.07458344E-03	-4.40367588E-03	 1.11851059E-05	-2.12394564E-04	-3.51419178E-05	-1.15249177E-07
 1.190000E-01	-6.86568946E-04	-3.73479457E-03	-6.07445420E-03	-1.62690683E-02	-1.21122354E-02	 4.39435829E-03	 1.44699774E-04	-1.35679147E-04	-1.29700574E-05	-3.08326359E-06	-1.52403727E-03	-6.27663511E-03	-5.73112355E-03	-8.42486467E-03	 1.57659294E-03	-4.52557545E-03	 2.82860439E-05	-2.38501253E-04	-3.93934389E-05	 4.28128210E-08
 1.200000E-01	-6.33200700E-04	-3.56632748E-03	-5.92597914E-03	-1.67110630E-02	-1.28213550E-02	 4.92810573E-03	 1.48102480E-04	-1.42024526E-04	-1.22467969E-05	-3.67234491E-06	-1.42995634E-03	-6.29950200E-03	-5.99081676E-03	-9.42759306E-03	 9.94173856E-04	-4.62014953E-03	 4.76939138E-05	-2.67663795E-04	-4.39952422E-05	 2.35645216E-07
 1.210000E-01	-5.85889487E-04	-3.39204466E-03	-5.74906482E-03	-1.70992377E-02	-1.35064088E-02	 5.50346064E-03	 1.48604954E-04	-1.47490539E-04	-1.10834969E-05	-4.39524334E-06	-1.33071859E-03	-6.29433770E-03	-6.22661496E-03	-1.04768564E-02	 3.24037680E-04	-4.68132891E-03	 6.92342153E-05	-3.00181825E-04	-4.89258603E-05	 4.62447464E-07
 1.220000E-01	-5.45110539E-04	-3.21444122E-03	-5.54559198E-03	-1.74264051E-02	-1.41542204E-02	 6.11981281E-03	 1.45512145E-04	-1.51671400E-04	-9.40308941E-06	-5.28340597E-06	-1.22749506E-03	-6.26021269E-03	-6.43418593E-03	-1.15667632E-02	-4.35422179E-04	-4.70255719E-03	 9.25639340E-05	-3.36349863E-04	-5.41453885E-05	 7.18605217E-07
 1.230000E-01	-5.11171632E-04	-3.03618539E-03	-5.31817246E-03	-1.76858048E-02	-1.47503610E-02	 6.77556733E-03	 1.38122540E-04	-1.54065953E-04	-7.13010980E-06	-6.37398937E-06	-1.12155236E-03	-6.19659670E-03	-6.60939836E-03	-1.26900552E-02	-1.28371205E-03	-4.67689995E-03	 1.17146093E-04	-3.76440421E-04	-5.95940356E-05	 9.93751840E-07
 1.240000E-01	-4.84192283E-04	-2.86005675E-03	-5.07014807E-03	-1.78713675E-02	-1.52794644E-02	 7.46798945E-03	 1.25772351E-04	-1.54069898E-04	-4.19560138E-06	-7.70946174E-06	-1.01422131E-03	-6.10340590E-03	-6.74847494E-03	-1.38381073E-02	-2.21783428E-03	-4.59719948E-03	 1.42230670E-04	-4.20682695E-04	-6.51915229E-05	 1.26954351E-06
 1.250000E-01	-4.64089367E-04	-2.68887180E-03	-4.80555355E-03	-1.79779979E-02	-1.57256724E-02	 8.19307744E-03	 1.07890968E-04	-1.50973275E-04	-5.43077567E-07	-9.33643205E-06	-9.06859659E-04	-5.98103949E-03	-6.84815448E-03	-1.50009832E-02	-3.23192012E-03	-4.45627616E-03	 1.66843550E-04	-4.69237316E-04	-7.08373790E-05	 1.51730202E-06
 1.260000E-01	-4.50570988E-04	-2.52539925E-03	-4.52903925E-03	-1.80018580E-02	-1.60732049E-02	 8.94547306E-03	 8.40656667E-05	-1.43963715E-04	 3.86489836E-06	-1.13037857E-05	-8.00810164E-04	-5.83040181E-03	-6.90585393E-03	-1.61675566E-02	-4.31693965E-03	-4.24717380E-03	 1.89788486E-04	-5.22167967E-04	-7.64127637E-05	 1.69566583E-06
 1.270000E-01	-4.43140006E-04	-2.37226828E-03	-4.24575202E-03	-1.79406367E-02	-1.63070442E-02	 9.71842128E-03	 5.41117846E-05	-1.32136436E-04	 9.04013258E-06	-1.36601022E-05	-6.97356282E-04	-5.65290670E-03	-6.91981930E-03	-1.73257025E-02	-5.46053151E-03	-3.96344272E-03	 2.09666482E-04	-5.79411016E-04	-8.17842664E-05	 1.74841547E-06
 1.280000E-01	-4.41108091E-04	-2.23187361E-03	-3.96117545E-03	-1.77937873E-02	-1.64137036E-02	 1.05037942E-02	 1.81433284E-05	-1.14512483E-04	 1.49628683E-05	-1.64502396E-05	-5.97677798E-04	-5.45046158E-03	-6.88925355E-03	-1.84625586E-02	-6.64699377E-03	-3.59944988E-03	 2.24915935E-04	-6.40744822E-04	-8.68099109E-05	 1.60269713E-06
 1.290000E-01	-4.43620541E-04	-2.10628265E-03	-3.68093436E-03	-1.75627142E-02	-1.63820410E-02	 1.12921902E-02	-2.33622999E-05	-9.00660355E-05	 2.15772553E-05	-1.97110972E-05	-5.02809385E-04	-5.22542959E-03	-6.81440903E-03	-1.95648527E-02	-7.85747037E-03	-3.15070001E-03	 2.33875372E-04	-7.05761024E-04	-9.13473653E-05	 1.16792804E-06
 1.300000E-01	-4.49691198E-04	-1.99715037E-03	-3.41057209E-03	-1.72508866E-02	-1.62040624E-02	 1.20731147E-02	-6.95127809E-05	-5.77607906E-05	 2.87890395E-05	-2.34666879E-05	-4.13605019E-04	-4.98056974E-03	-6.69663348E-03	-2.06192837E-02	-9.07035523E-03	-2.61414810E-03	 2.34868416E-04	-7.73840473E-04	-9.52640470E-05	 3.35691442E-07
 1.310000E-01	-4.58245902E-04	-1.90564781E-03	-3.15531323E-03	-1.68638670E-02	-1.58756523E-02	 1.28352428E-02	-1.18970079E-04	-1.65946160E-05	 3.64662151E-05	-2.77227599E-05	-3.30711018E-04	-4.71895679E-03	-6.53836129E-03	-2.16129404E-02	-1.02619187E-02	-1.98848038E-03	 2.26307932E-04	-8.44136688E-04	-9.84484747E-05	-1.01908705E-06
 1.320000E-01	-4.68171932E-04	-1.83240984E-03	-2.91982762E-03	-1.64092384E-02	-1.53971611E-02	 1.35667579E-02	-1.69948000E-04	 3.43492657E-05	 4.44433329E-05	-3.24613017E-05	-2.54550107E-04	-4.44388405E-03	-6.34304471E-03	-2.25337349E-02	-1.14071438E-02	-1.27434032E-03	 2.06814158E-04	-9.15569574E-04	-1.00822015E-04	-3.03545291E-06
 1.330000E-01	-4.78369597E-04	-1.77750680E-03	-2.70801589E-03	-1.58964283E-02	-1.47737666E-02	 1.42557496E-02	-2.20246694E-04	 9.58471114E-05	 5.25302700E-05	-3.76353095E-05	-1.85318386E-04	-4.15875414E-03	-6.11502344E-03	-2.33708222E-02	-1.24807434E-02	-4.74476523E-04	 1.75340104E-04	-9.86831809E-04	-1.02350110E-04	-5.86209112E-06
 1.340000E-01	-4.87802627E-04	-1.74044304E-03	-2.52283227E-03	-1.53364315E-02	-1.40155680E-02	 1.48906523E-02	-2.67324555E-04	 1.68479041E-04	 6.05248237E-05	-4.31643687E-05	-1.22995291E-04	-3.86696463E-03	-5.85934064E-03	-2.41149797E-02	-1.34582847E-02	 4.06206052E-04	 1.31290995E-04	-1.05640976E-03	-1.03051129E-04	-9.65126621E-06
 1.350000E-01	-4.95543778E-04	-1.72018292E-03	-2.36615877E-03	-1.47414444E-02	-1.31373831E-02	 1.54606971E-02	-3.08405510E-04	 2.52577200E-04	 6.82282887E-05	-4.89316238E-05	-6.73657026E-05	-3.57179568E-03	-5.58151722E-03	-2.47589152E-02	-1.43173397E-02	 1.36070232E-03	 7.46254368E-05	-1.12261927E-03	-1.03001428E-04	-1.45512122E-05
 1.360000E-01	-5.00812371E-04	-1.71520314E-03	-2.23874155E-03	-1.41244324E-02	-1.21582416E-02	 1.59563456E-02	-3.40616586E-04	 3.48182044E-04	 7.54628741E-05	-5.47826489E-05	-1.80523022E-05	-3.27630718E-03	-5.28730061E-03	-2.52974844E-02	-1.50385730E-02	 2.38007289E-03	 5.92710169E-06	-1.18365544E-03	-1.02335574E-04	-2.06973538E-05
 1.370000E-01	-5.03001193E-04	-1.72356783E-03	-2.14019514E-03	-1.34986558E-02	-1.11005996E-02	 1.63696774E-02	-3.61146765E-04	 4.55010758E-04	 8.20894120E-05	-6.05266114E-05	 2.54446215E-05	-2.98325172E-03	-4.98240648E-03	-2.57278004E-02	-1.56066783E-02	 3.45371267E-03	-7.35625010E-05	-1.23765400E-03	-1.01241101E-04	-2.82028995E-05
 1.380000E-01	-5.01691193E-04	-1.74302101E-03	-2.06907355E-03	-1.28771861E-02	-9.98932224E-03	 1.66947023E-02	-3.67415109E-04	 5.72441044E-04	 8.80235869E-05	-6.59399502E-05	 6.37033777E-05	-2.69500898E-03	-4.67227330E-03	-2.60492281E-02	-1.60110862E-02	 4.56970627E-03	-1.61956402E-04	-1.28276081E-03	-9.99477159E-05	-3.71494730E-05
 1.390000E-01	-4.96653575E-04	-1.77108999E-03	-2.02300195E-03	-1.22724442E-02	-8.85051069E-03	 1.69275774E-02	-3.57234355E-04	 6.99512344E-04	 9.32489067E-05	-7.07725702E-05	 9.73367830E-05	-2.41354472E-03	-4.36184799E-03	-2.62632669E-02	-1.62463830E-02	 5.71524727E-03	-2.56781700E-04	-1.31720521E-03	-9.87115175E-05	-4.75785165E-05
 1.400000E-01	-4.87839974E-04	-1.80519226E-03	-1.99885677E-03	-1.16957889E-02	-7.71025979E-03	 1.70667148E-02	-3.28956021E-04	 8.34945157E-04	 9.78248836E-05	-7.47563231E-05	 1.26951303E-04	-2.14039586E-03	-4.05541782E-03	-2.63733322E-02	-1.63124086E-02	 6.87709277E-03	-3.55083475E-04	-1.33937212E-03	-9.77953983E-05	-5.94841919E-05
 1.410000E-01	-4.75362394E-04	-1.84273901E-03	-1.99297898E-03	-1.11571802E-02	-6.59343967E-03	 1.71127773E-02	-2.81584738E-04	 9.77177515E-04	 1.01889359E-04	-7.76153095E-05	 1.53112387E-04	-1.87668066E-03	-3.75649857E-03	-2.63844554E-02	-1.62140322E-02	 8.04202295E-03	-4.53565711E-04	-1.34786811E-03	-9.74473429E-05	-7.28084237E-05
 1.420000E-01	-4.59465851E-04	-1.88122854E-03	-2.00140031E-03	-1.06649349E-02	-5.52260215E-03	 1.70685678E-02	-2.14849705E-04	 1.12441621E-03	 1.05654034E-04	-7.90773787E-05	 1.76318079E-04	-1.62313100E-03	-3.46778303E-03	-2.63029275E-02	-1.59606349E-02	 9.19727718E-03	-5.48758013E-04	-1.34157724E-03	-9.78786427E-05	-8.74385384E-05
 1.430000E-01	-4.40498274E-04	-1.91832325E-03	-2.02005616E-03	-1.02255855E-02	-4.51712958E-03	 1.69388318E-02	-1.29219633E-04	 1.27469899E-03	 1.09392046E-04	-7.88861310E-05	 1.96981962E-04	-1.38014062E-03	-3.19114714E-03	-2.61359232E-02	-1.55653598E-02	 1.03309499E-02	-6.37193099E-04	-1.31970443E-03	-9.92444579E-05	-1.03207579E-04
 1.440000E-01	-4.18879396E-04	-1.95190830E-03	-2.04497702E-03	-9.84383792E-03	-3.59263500E-03	 1.67299877E-02	-2.58698795E-05	 1.42596396E-03	 1.13420451E-04	-7.68125824E-05	 2.15425303E-04	-1.14782304E-03	-2.92770572E-03	-2.58911342E-02	-1.50442091E-02	 1.14323219E-02	-7.15579294E-04	-1.28180312E-03	-1.01628717E-04	-1.19897570E-04
 1.450000E-01	-3.95070873E-04	-1.98013229E-03	-2.07244936E-03	-9.52261225E-03	-2.76062448E-03	 1.64497984E-02	 9.33914268E-05	 1.57612286E-03	 1.18079665E-04	-7.26658523E-05	 2.31877539E-04	-9.26076475E-04	-2.67790779E-03	-2.55764219E-02	-1.44150609E-02	 1.24920986E-02	-7.80955553E-04	-1.22778334E-03	-1.05034289E-04	-1.37246002E-04
 1.460000E-01	-3.69549752E-04	-2.00143065E-03	-2.09913842E-03	-9.26315206E-03	-2.02842089E-03	 1.61070162E-02	 2.26231295E-04	 1.72313252E-03	 1.23711372E-04	-6.63020051E-05	 2.46483795E-04	-7.14650841E-04	-2.44165948E-03	-2.51995055E-02	-1.36966852E-02	 1.35025510E-02	-8.30819270E-04	-1.15790148E-03	-1.09379015E-04	-1.54954871E-04
 1.470000E-01	-3.42786638E-04	-2.01453258E-03	-2.12216970E-03	-9.06518825E-03	-1.39932490E-03	 1.57110262E-02	 3.69923867E-04	 1.86505981E-03	 1.30636646E-04	-5.76303883E-05	 2.59317762E-04	-5.13211177E-04	-2.21846170E-03	-2.47677064E-02	-1.29078254E-02	 1.44575697E-02	-8.63219605E-04	-1.07273496E-03	-1.14497863E-04	-1.72701364E-04
 1.480000E-01	-3.15229189E-04	-2.01845444E-03	-2.13917101E-03	-8.92713930E-03	-8.72970316E-04	 1.52715102E-02	 5.21494831E-04	 2.00013664E-03	 1.39136053E-04	-4.66171966E-05	 2.70398043E-04	-3.21393781E-04	-2.00755021E-03	-2.42877560E-02	-1.20664025E-02	 1.53526398E-02	-8.76812452E-04	-9.73144718E-04	-1.20150760E-04	-1.90149452E-04
 1.490000E-01	-2.87290878E-04	-2.01248277E-03	-2.14827996E-03	-8.84632953E-03	-4.45818526E-04	 1.47981458E-02	 6.77866477E-04	 2.12680321E-03	 1.49433275E-04	-3.32862079E-05	 2.79706124E-04	-1.38852735E-04	-1.80802788E-03	-2.37656679E-02	-1.11888771E-02	 1.61847515E-02	-8.70876999E-04	-8.60228920E-04	-1.26035196E-04	-2.06961636E-04
 1.500000E-01	-2.59344377E-04	-1.99615040E-03	-2.14812461E-03	-8.81920926E-03	-1.11731646E-04	 1.43003518E-02	 8.35992531E-04	 2.24373827E-03	 1.61683371E-04	-1.77168348E-05	 2.87204382E-04	 3.47043421E-05	-1.61898128E-03	-2.32066704E-02	-1.02897879E-02	 1.69522599E-02	-8.45297081E-04	-7.35271482E-04	-1.31802299E-04	-2.22810165E-04
 1.510000E-01	-2.31718443E-04	-1.96920906E-03	-2.13778644E-03	-8.84156392E-03	 1.37435872E-04	 1.37870840E-02	 9.92973665E-04	 2.34987643E-03	 1.75966372E-04	-3.97890869E-08	 2.92852879E-04	 1.99491381E-04	-1.43957679E-03	-2.26151925E-02	-9.38146664E-03	 1.76547126E-02	-8.00512981E-04	-5.99688908E-04	-1.37074899E-04	-2.37387118E-04
 1.520000E-01	-2.04697759E-04	-1.93160095E-03	-2.11675095E-03	-8.90870276E-03	 3.11259228E-04	 1.32666845E-02	 1.14615090E-03	 2.44441346E-03	 1.92285731E-04	 1.95691207E-05	 2.96623643E-04	 3.55629166E-04	-1.26913165E-03	-2.19948918E-02	-8.47392778E-03	 1.82926596E-02	-7.37449133E-04	-4.54978398E-04	-1.41466412E-04	-2.50412946E-04
 1.530000E-01	-1.78526886E-04	-1.88343070E-03	-2.08484187E-03	-9.01561996E-03	 4.20157629E-04	 1.27467816E-02	 1.29318465E-03	 2.52680183E-03	 2.10569477E-04	 4.08962576E-05	 2.98510783E-04	 5.03140050E-04	-1.10715409E-03	-2.13487140E-02	-7.57493852E-03	 1.88674607E-02	-6.57419998E-04	-3.02669335E-04	-1.44600075E-04	-2.61643348E-04
 1.540000E-01	-1.53415205E-04	-1.82494077E-03	-2.04215694E-03	-9.15712446E-03	 4.74893612E-04	 1.22342357E-02	 1.43210531E-03	 2.59673736E-03	 2.30675996E-04	 6.36983430E-05	 2.98537153E-04	 6.41950234E-04	-9.53359572E-04	-2.06789753E-02	-6.69021053E-03	 1.93810979E-02	-5.62027990E-04	-1.44279848E-04	-1.46126125E-04	-2.70874234E-04
 1.550000E-01	-1.29541443E-04	-1.75649101E-03	-1.98901284E-03	-9.32793943E-03	 4.86185076E-04	 1.17351217E-02	 1.56133491E-03	 2.65413919E-03	 2.52403797E-04	 8.77110927E-05	 2.96758164E-04	 7.71897634E-04	-8.07668892E-04	-1.99874569E-02	-5.82366576E-03	 1.98360010E-02	-4.53063412E-04	 1.87201256E-05	-1.45735613E-04	-2.77944699E-04
 1.560000E-01	-1.07057275E-04	-1.67854284E-03	-1.92590095E-03	-9.52277458E-03	 4.64425043E-04	 1.12547406E-02	 1.67968475E-03	 2.69912512E-03	 2.75503756E-04	 1.12657769E-04	 2.93263179E-04	 8.92743641E-04	-6.70192653E-04	-1.92755054E-02	-4.97774311E-03	 2.02348903E-02	-3.32412262E-04	 1.84938626E-04	-1.43170413E-04	-2.82738079E-04
 1.570000E-01	-8.60897324E-05	-1.59164741E-03	-1.85345446E-03	-9.73637559E-03	 4.19497294E-04	 1.07976522E-02	 1.78633506E-03	 2.73198459E-03	 2.99692461E-04	 1.38257218E-04	 2.88174956E-04	 1.00418737E-03	-5.41206043E-04	-1.85441316E-02	-4.15371852E-03	 2.05806410E-02	-2.01975674E-04	 3.53084305E-04	-1.38229425E-04	-2.85181335E-04
 1.580000E-01	-6.67423555E-05	-1.49643741E-03	-1.77242574E-03	-9.96355525E-03	 3.60671470E-04	 1.03677218E-02	 1.88080215E-03	 2.75315098E-03	 3.24665516E-04	 1.64231071E-04	 2.81647527E-04	 1.10588130E-03	-4.21117236E-04	-1.77941055E-02	-3.35201927E-03	 2.08761687E-02	-6.36029052E-05	 5.21982333E-04	-1.30771252E-04	-2.85243041E-04
 1.590000E-01	-4.90952116E-05	-1.39362175E-03	-1.68367245E-03	-1.01992112E-02	 2.96558760E-04	 9.96817540E-03	 1.96289856E-03	 2.76317456E-03	 3.50109902E-04	 1.90309910E-04	 2.73862822E-04	 1.19744752E-03	-3.10431795E-04	-1.70260435E-02	-2.57251921E-03	 2.11243370E-02	 8.09618591E-05	 6.90584135E-04	-1.20713890E-04	-2.82930275E-04
 1.600000E-01	-3.32040332E-05	-1.28398212E-03	-1.58814987E-03	-1.04383343E-02	 2.35108668E-04	 9.60165748E-03	 2.03269060E-03	 2.76269730E-03	 3.75714808E-04	 2.16238287E-04	 2.65026286E-04	 1.27849453E-03	-2.09714739E-04	-1.62404905E-02	-1.81480776E-03	 2.13278856E-02	 2.30119180E-04	 8.57971755E-04	-1.08031952E-04	-2.78284712E-04
 1.610000E-01	-1.90987792E-05	-1.16837081E-03	-1.48690730E-03	-1.06760122E-02	 1.83627921E-04	 9.27028809E-03	 2.09045679E-03	 2.75243030E-03	 4.01180534E-04	 2.41778525E-04	 2.55361767E-04	 1.34863446E-03	-1.19551864E-04	-1.54379967E-02	-1.07842882E-03	 2.14893725E-02	 3.82441675E-04	 1.02335859E-03	-9.27519598E-05	-2.71378355E-04
 1.620000E-01	-6.78172857E-06	-1.04770904E-03	-1.38108705E-03	-1.09074307E-02	 1.48812490E-04	 8.97571580E-03	 2.13664925E-03	 2.73313427E-03	 4.26225456E-04	 2.66713399E-04	 2.45105952E-04	 1.40749986E-03	-4.05121098E-05	-1.46191857E-02	-3.63084966E-04	 2.16111272E-02	 5.36690285E-04	 1.18608737E-03	-7.49462601E-05	-2.62309120E-04
 1.630000E-01	 3.77541459E-06	-9.22985586E-04	-1.27192868E-03	-1.11278758E-02	 1.36803495E-04	 8.71916517E-03	 2.17185561E-03	 2.70560268E-03	 4.50591735E-04	 2.90847912E-04	 2.34502796E-04	 1.45475988E-03	 2.68868663E-05	-1.37848162E-02	 3.31202093E-04	 2.16952147E-02	 6.91819377E-04	 1.34562557E-03	-5.47257965E-05	-2.51196330E-04
 1.640000E-01	 1.26342642E-05	-7.95254632E-04	-1.16077166E-03	-1.13327387E-02	 1.53231226E-04	 8.50147751E-03	 2.19676767E-03	 2.67064818E-03	 4.74048930E-04	 3.14010129E-04	 2.23797435E-04	 1.49013632E-03	 8.22127366E-05	-1.29358375E-02	 1.00395613E-03	 2.17434080E-02	 8.46975354E-04	 1.50155895E-03	-3.22327314E-05	-2.38176345E-04
 1.650000E-01	 1.98917718E-05	-6.65632309E-04	-1.04905347E-03	-1.15175249E-02	 2.03232891E-04	 8.32314416E-03	 2.21215836E-03	 2.62909225E-03	 4.96395571E-04	 3.36051130E-04	 2.13229425E-04	 1.51341983E-03	 1.25153222E-04	-1.20734417E-02	 1.65412794E-03	 2.17571701E-02	 1.00149121E-03	 1.65358406E-03	-7.63337543E-06	-2.23398476E-04
 1.660000E-01	 2.56811953E-05	-5.35291325E-04	-9.38301738E-04	-1.16778696E-02	 2.91439316E-04	 8.18433135E-03	 2.21886677E-03	 2.58175797E-03	 5.17459092E-04	 3.56844231E-04	 2.03025288E-04	 1.52448606E-03	 1.55551440E-04	-1.11991113E-02	 2.27999211E-03	 2.17376403E-02	 1.15487794E-03	 1.80149996E-03	 1.88884379E-05	-2.07021241E-04
 1.670000E-01	 3.01716599E-05	-4.05453301E-04	-8.30118721E-04	-1.18095597E-02	 4.21926517E-04	 8.08489635E-03	 2.21779078E-03	 2.52946580E-03	 5.37094470E-04	 3.76283598E-04	 1.93390462E-04	 1.52331191E-03	 1.73441319E-04	-1.03146633E-02	 2.87906047E-03	 2.16856275E-02	 1.30681313E-03	 1.94519940E-03	 4.71375177E-05	-1.89208960E-04
 1.680000E-01	 3.35659509E-05	-2.77378321E-04	-7.26156860E-04	-1.19085646E-02	 5.98129144E-04	 8.02439412E-03	 2.20988651E-03	 2.47303208E-03	 5.55181925E-04	 3.94282367E-04	 1.84500869E-04	 1.50999139E-03	 1.79081862E-04	-9.42228922E-03	 3.44801662E-03	 2.16016078E-02	 1.45712640E-03	 2.08465953E-03	 7.69130911E-05	-1.70128655E-04
 1.690000E-01	 3.60962050E-05	-1.52351252E-04	-6.28084104E-04	-1.19710764E-02	 8.22714615E-04	 8.00207438E-03	 2.19617396E-03	 2.41327021E-03	 5.71624006E-04	 4.10770385E-04	 1.76494454E-04	 1.48475077E-03	 1.72988364E-04	-8.52459010E-03	 3.98267899E-03	 2.14857289E-02	 1.60578096E-03	 2.21993185E-03	 1.08014312E-04	-1.49947174E-04
 1.700000E-01	 3.80172403E-05	-3.16644952E-05	-5.37538375E-04	-1.19935610E-02	 1.09741944E-03	 8.01686904E-03	 2.17774730E-03	 2.35099398E-03	 5.86342418E-04	 4.25691709E-04	 1.69463204E-04	 1.44796240E-03	 1.55957933E-04	-7.62460456E-03	 4.47800268E-03	 2.13378203E-02	 1.75285036E-03	 2.35113122E-03	 1.40245652E-04	-1.28828436E-04
 1.710000E-01	 3.95973895E-05	 8.34030723E-05	-4.56071208E-04	-1.19728191E-02	 1.42285303E-03	 8.06737043E-03	 2.15578823E-03	 2.28702269E-03	 5.99274960E-04	 4.39001981E-04	 1.63446309E-04	 1.40015627E-03	 1.29086032E-04	-6.72582825E-03	 4.92813243E-03	 2.11574130E-02	 1.89848904E-03	 2.47842342E-03	 1.73422298E-04	-1.06930693E-04
 1.720000E-01	 4.11071419E-05	 1.91610870E-04	-3.85082996E-04	-1.19060597E-02	 1.79828562E-03	 8.15180143E-03	 2.13157883E-03	 2.22218747E-03	 6.10373139E-04	 4.50665914E-04	 1.58425285E-04	 1.34202840E-03	 9.37700845E-05	-5.83222145E-03	 5.32652074E-03	 2.09437695E-02	 2.04289566E-03	 2.60201081E-03	 2.07375659E-04	-8.44036919E-05
 1.730000E-01	 4.28066732E-05	 2.91784621E-04	-3.25756161E-04	-1.17909831E-02	 2.22145503E-03	 8.26797994E-03	 2.10650782E-03	 2.15733725E-03	 6.19601388E-04	 4.60655191E-04	 1.54321904E-04	 1.27444491E-03	 5.16963113E-05	-4.94820247E-03	 5.66612282E-03	 2.06959264E-02	 2.18626841E-03	 2.72211575E-03	 2.41958970E-04	-6.13856676E-05
 1.740000E-01	 4.49323020E-05	 3.82847250E-04	-2.78986810E-04	-1.16258735E-02	 2.68839425E-03	 8.41327995E-03	 2.08207037E-03	 2.09334415E-03	 6.26937542E-04	 4.68946842E-04	 1.50999380E-04	 1.19844092E-03	 4.80838319E-06	-4.07862340E-03	 5.93966682E-03	 2.04127506E-02	 2.32875379E-03	 2.83896186E-03	 2.77052636E-04	-3.80002378E-05
 1.750000E-01	 4.76825115E-05	 4.63851374E-04	-2.45318865E-04	-1.14096944E-02	 3.19329939E-03	 8.58459333E-03	 2.05985929E-03	 2.03110707E-03	 6.32374707E-04	 4.75522264E-04	 1.48267146E-04	 1.11521260E-03	-4.47433385E-05	-3.22872138E-03	 6.13999683E-03	 2.00930104E-02	 2.47039086E-03	 2.95275319E-03	 3.12568922E-04	-1.43532456E-05
 1.760000E-01	 5.12045334E-05	 5.34011575E-04	-2.24886448E-04	-1.11421809E-02	 3.72846614E-03	 8.77829991E-03	 2.04154456E-03	 1.97155176E-03	 6.35924672E-04	 4.80367186E-04	 1.45889454E-04	 1.02610124E-03	-9.46721313E-05	-2.40404164E-03	 6.26048015E-03	 1.97354667E-02	 2.61105431E-03	 3.06365086E-03	 3.48455385E-04	 9.47045503E-06
 1.770000E-01	 5.55828318E-05	 5.92735113E-04	-2.17371271E-04	-1.08239253E-02	 4.28432141E-03	 8.99025342E-03	 2.02883813E-03	 1.91562597E-03	 6.37622909E-04	 4.83472785E-04	 1.43597884E-04	 9.32569853E-04	-1.42643481E-04	-1.61033560E-03	 6.29546258E-03	 1.93389853E-02	 2.75040000E-03	 3.17174777E-03	 3.84696521E-04	 3.34100697E-05
 1.780000E-01	 6.08308565E-05	 6.39649275E-04	-2.21981773E-04	-1.04564496E-02	 4.84957303E-03	 9.21578762E-03	 2.02344266E-03	 1.86428876E-03	 6.37534994E-04	 4.84837980E-04	 1.41107306E-04	 8.36172293E-04	-1.86378266E-04	-8.53434193E-04	 6.24074583E-03	 1.89026636E-02	 2.88781709E-03	 3.27704340E-03	 4.21313255E-04	 5.74313796E-05
 1.790000E-01	 6.68871644E-05	 6.74622984E-04	-2.37459190E-04	-1.00422580E-02	 5.41149148E-03	 9.44974854E-03	 2.02698454E-03	 1.81849345E-03	 6.35763932E-04	 4.84472883E-04	 1.38134322E-04	 7.38515084E-04	-2.23764471E-04	-1.39095854E-04	 6.09405211E-03	 1.84259655E-02	 3.02239223E-03	 3.37942021E-03	 4.58359739E-04	 8.15283555E-05
 1.800000E-01	 7.36167232E-05	 6.97780415E-04	-2.62113851E-04	-9.58485783E-03	 5.95632666E-03	 9.68655809E-03	 2.04093380E-03	 1.77916384E-03	 6.32457613E-04	 4.82403266E-04	 1.34416877E-04	 6.41213095E-04	-2.52969513E-04	 5.27167367E-04	 5.85543450E-03	 1.79088602E-02	 3.15289177E-03	 3.47862385E-03	 4.95917009E-04	 1.05723505E-04
 1.810000E-01	 8.08178112E-05	 7.09504726E-04	-2.93892543E-04	-9.08874446E-03	 6.46984858E-03	 9.92031232E-03	 2.06651558E-03	 1.74716423E-03	 6.27815405E-04	 4.78675753E-04	 1.29733423E-04	 5.45841007E-04	-2.72544025E-04	 1.14027869E-03	 5.52758934E-03	 1.73519535E-02	 3.27776696E-03	 3.57424920E-03	 5.34083350E-04	 1.30066590E-04
 1.820000E-01	 8.82342818E-05	 7.10430593E-04	-3.30474187E-04	-8.55934177E-03	 6.93798345E-03	 1.01449145E-02	 2.10462016E-03	 1.72326439E-03	 6.22092705E-04	 4.73363267E-04	 1.23919933E-04	 4.53883127E-04	-2.81507702E-04	 1.69579088E-03	 5.11603102E-03	 1.67566020E-02	 3.39518557E-03	 3.66573450E-03	 5.72961580E-04	 1.54631449E-04
 1.830000E-01	 9.55722049E-05	 7.01424978E-04	-3.69387028E-04	-8.00289605E-03	 7.34749824E-03	 1.03542400E-02	 2.15572068E-03	 1.70810186E-03	 6.15602173E-04	 4.66570109E-04	 1.16883262E-04	 3.66684469E-04	-2.79409355E-04	 2.19007443E-03	 4.62910109E-03	 1.61250002E-02	 3.50309061E-03	 3.75236529E-03	 6.12643913E-04	 1.79510816E-04
 1.840000E-01	 1.02519964E-04	 6.83556350E-04	-4.08141003E-04	-7.42632354E-03	 7.68669273E-03	 1.05423257E-02	 2.21980545E-03	 1.70214398E-03	 6.08711036E-04	 4.58436097E-04	 1.08609390E-04	 2.85406332E-04	-2.66353951E-04	 2.62048681E-03	 4.07779073E-03	 1.54602284E-02	 3.59928524E-03	 3.83328934E-03	 6.53195298E-04	 2.04809169E-04
 1.850000E-01	 1.08770199E-04	 6.58053582E-04	-4.44365349E-04	-6.83701600E-03	 7.94604426E-03	 1.07035751E-02	 2.29633265E-03	 1.70565286E-03	 6.01833881E-04	 4.49139131E-04	 9.91655656E-05	 2.10989518E-04	-2.42992332E-04	 2.98550972E-03	 3.47537323E-03	 1.47662552E-02	 3.68153983E-03	 3.90754299E-03	 6.94636476E-04	 2.30633862E-04
 1.860000E-01	 1.14041602E-04	 6.26256765E-04	-4.75939812E-04	-6.24261256E-03	 8.11874698E-03	 1.08329648E-02	 2.38421469E-03	 1.71865658E-03	 5.95420664E-04	 4.38895598E-04	 8.86959921E-05	 1.44127940E-04	-2.10473032E-04	 3.28484224E-03	 2.83686312E-03	 1.40478875E-02	 3.74771407E-03	 3.97408827E-03	 7.36928325E-04	 2.57085005E-04
 1.870000E-01	 1.18098553E-04	 5.89562965E-04	-5.01108028E-04	-5.65074996E-03	 8.20109420E-03	 1.09262379E-02	 2.48183675E-03	 1.74092995E-03	 5.89940225E-04	 4.27958156E-04	 7.74113697E-05	 8.52546274E-05	-1.70359431E-04	 3.51944038E-03	 2.17833717E-03	 1.33106684E-02	 3.79588477E-03	 4.03185894E-03	 7.79959074E-04	 2.84244804E-04
 1.880000E-01	 1.20766794E-04	 5.49370575E-04	-5.18563208E-04	-5.06880639E-03	 8.19266602E-03	 1.09800711E-02	 2.58711095E-03	 1.77198740E-03	 5.85860159E-04	 4.16610708E-04	 6.55732766E-05	 3.45411599E-05	-1.24519114E-04	 3.69149730E-03	 1.51616858E-03	 1.25607250E-02	 3.82446861E-03	 4.07981260E-03	 8.23535917E-04	 3.12167164E-04
 1.890000E-01	 1.21943740E-04	 5.07026037E-04	-5.27499023E-04	-4.50365541E-03	 8.09630240E-03	 1.09921989E-02	 2.69756399E-03	 1.81108945E-03	 5.83624354E-04	 4.05160625E-04	 5.34749036E-05	-8.08958466E-06	-7.49952023E-05	 3.80436317E-03	 8.66236125E-04	 1.18045755E-02	 3.83232879E-03	 4.11698531E-03	 8.67382206E-04	 3.40868459E-04
 1.900000E-01	 1.21602585E-04	 4.63776076E-04	-5.27622019E-04	-3.96144429E-03	 7.91786363E-03	 1.09614895E-02	 2.81045256E-03	 1.85726337E-03	 5.83629959E-04	 3.93928626E-04	 4.14200618E-05	-4.29385139E-05	-2.38712606E-05	 3.86240840E-03	 2.43173558E-04	 1.10489100E-02	 3.81885630E-03	 4.14254450E-03	 9.11140862E-04	 3.70320349E-04
 1.910000E-01	 1.19790125E-04	 4.20728618E-04	-5.19126250E-04	-3.44741229E-03	 7.66580158E-03	 1.08879610E-02	 2.92289716E-03	 1.90933716E-03	 5.86205762E-04	 3.83236886E-04	 2.97024664E-05	-7.04955430E-05	 2.68583090E-05	 3.87083932E-03	-3.40280299E-04	 1.03003566E-02	 3.78401811E-03	 4.15583613E-03	 9.54384124E-04	 4.00445302E-04
 1.920000E-01	 1.16618885E-04	 3.78824660E-04	-5.02634454E-04	-2.96576100E-03	 7.35058191E-03	 1.07727382E-02	 3.03202397E-03	 1.96598492E-03	 5.91593846E-04	 3.73396227E-04	 1.85872818E-05	-9.13979280E-05	 7.54010573E-05	 3.83547896E-03	-8.73778366E-04	 9.56525251E-03	 3.72836759E-03	 4.15642241E-03	 9.96629130E-04	 4.31115354E-04
 1.930000E-01	 1.12254637E-04	 3.38822025E-04	-4.79113093E-04	-2.51958227E-03	 6.98401098E-03	 1.06179547E-02	 3.13510324E-03	 2.02578013E-03	 5.99936069E-04	 3.64693383E-04	 8.29677971E-06	-1.06385223E-04	 1.20252273E-04	 3.76252806E-03	-1.34966803E-03	 8.84943462E-03	 3.65301568E-03	 4.14410691E-03	 1.03735835E-03	 4.62154339E-04
 1.940000E-01	 1.06901090E-04	 3.01290846E-04	-4.49772239E-04	-2.11084586E-03	 6.57853418E-03	 1.04266099E-02	 3.22967252E-03	 2.08725289E-03	 6.11266667E-04	 3.57379377E-04	-9.99262507E-07	-1.16254227E-04	 1.60250593E-04	 3.65832391E-03	-1.76309817E-03	 8.15806535E-03	 3.55956818E-03	 4.11894572E-03	 1.07604280E-03	 4.93343366E-04
 1.950000E-01	 1.00783461E-04	 2.66619735E-04	-4.15960563E-04	-1.74044321E-03	 6.14656450E-03	 1.02023919E-02	 3.31363597E-03	 2.14894682E-03	 6.25511490E-04	 3.51659865E-04	-9.18813660E-06	-1.21816967E-04	 1.94602349E-04	 3.52911284E-03	-2.11194087E-03	 7.49550204E-03	 3.45003628E-03	 4.08124437E-03	 1.11216621E-03	 5.24429022E-04
 1.960000E-01	 9.41325186E-05	 2.35030842E-04	-3.79064919E-04	-1.40827970E-03	 5.69989041E-03	 9.94948196E-03	 3.38533386E-03	 2.20947208E-03	 6.42493690E-04	 3.47688110E-04	-1.62139243E-05	-1.23864179E-04	 2.22876319E-04	 3.38084978E-03	-2.39655234E-03	 6.86521632E-03	 3.32672871E-03	 4.03154169E-03	 1.14524800E-03	 5.55133642E-04
 1.970000E-01	 8.71704596E-05	 2.06601489E-04	-3.40422362E-04	-1.11340430E-03	 5.24919998E-03	 9.67235445E-03	 3.44357986E-03	 2.26755096E-03	 6.61945117E-04	 3.45560961E-04	-2.20730345E-05	-1.23135995E-04	 2.44973338E-04	 3.21903485E-03	-2.61941045E-03	 6.26976400E-03	 3.19213533E-03	 3.97058232E-03	 1.17486375E-03	 5.85166787E-04
 1.980000E-01	 8.00995898E-05	 1.81289823E-04	-3.01250193E-04	-8.54164014E-04	 4.80374230E-03	 9.37558564E-03	 3.48766657E-03	 2.32205390E-03	 6.83522220E-04	 3.45317963E-04	-2.68065717E-05	-1.20300679E-04	 2.61077168E-04	 3.04859323E-03	-2.78467342E-03	 5.71080225E-03	 3.04881165E-03	 3.89928096E-03	 1.20066133E-03	 6.14237033E-04
 1.990000E-01	 7.30943583E-05	 1.58962032E-04	-2.62596935E-04	-6.28369820E-04	 4.37113204E-03	 9.06368293E-03	 3.51734282E-03	 2.37202452E-03	 7.06824938E-04	 3.46943418E-04	-3.04907233E-05	-1.15941457E-04	 2.71593905E-04	 2.87379992E-03	-2.89770569E-03	 5.18914710E-03	 2.89927267E-03	 3.81868141E-03	 1.22237225E-03	 6.42063221E-04
 2.000000E-01	 6.62968356E-05	 1.39418890E-04	-2.25314576E-04	-4.33461580E-04	 3.95728839E-03	 8.74094241E-03	 3.53276806E-03	 2.41669330E-03	 7.31416963E-04	 3.50371014E-04	-3.32263529E-05	-1.10550772E-04	 2.77087110E-04	 2.69824747E-03	-2.96461278E-03	 4.70486205E-03	 2.74590267E-03	 3.72991376E-03	 1.23981750E-03	 6.68384437E-04
 2.010000E-01	 5.98153708E-05	 1.22419905E-04	-1.90050291E-04	-2.66661453E-04	 3.56648860E-03	 8.41133971E-03	 3.53445104E-03	 2.45548080E-03	 7.56845805E-04	 3.55490443E-04	-3.51288343E-05	-1.04530749E-04	 2.78214894E-04	 2.52485120E-03	-2.99181901E-03	 4.25736708E-03	 2.59088490E-03	 3.63415269E-03	 1.25290838E-03	 6.92968174E-04
 2.020000E-01	 5.37259019E-05	 1.07703966E-04	-1.57254268E-04	-1.25108536E-04	 3.20150946E-03	 8.07845446E-03	 3.52317928E-03	 2.48799163E-03	 7.82661334E-04	 3.62155348E-04	-3.63190124E-05	-9.81984960E-05	 2.75674106E-04	 2.35588524E-03	-2.98571256E-03	 3.84555834E-03	 2.43615316E-03	 3.53257938E-03	 1.26164256E-03	 7.15616370E-04
 2.030000E-01	 4.80751752E-05	 9.50060919E-05	-1.27199065E-04	-5.97082163E-06	 2.86382613E-03	 7.74542640E-03	 3.49994602E-03	 2.51400130E-03	 8.08431814E-04	 3.70191909E-04	-3.69159412E-05	-9.17948693E-05	 2.70155251E-04	 2.19304208E-03	-2.95237259E-03	 3.46792948E-03	 2.28336486E-03	 3.42634846E-03	 1.26609638E-03	 7.36169196E-04
 2.040000E-01	 4.28851576E-05	 8.40699832E-05	-1.00006240E-04	 9.34682836E-05	 2.55384148E-03	 7.41493979E-03	 3.46588005E-03	 2.53343780E-03	 8.33756760E-04	 3.79407496E-04	-3.70314328E-05	-8.54951899E-05	 2.62308526E-04	 2.03750634E-03	-2.89737676E-03	 3.12268677E-03	 2.13389275E-03	 3.31656135E-03	 1.26641447E-03	 7.54506712E-04
 2.050000E-01	 3.81579972E-05	 7.46565649E-05	-7.56763940E-05	 1.75748849E-04	 2.27112222E-03	 7.08923137E-03	 3.42218282E-03	 2.54636007E-03	 8.58276357E-04	 3.89598865E-04	-3.67663968E-05	-7.94205779E-05	 2.52720846E-04	 1.89003454E-03	-2.82568389E-03	 2.80785220E-03	 1.98883222E-03	 3.20424629E-03	 1.26279787E-03	 7.70548608E-04
 2.060000E-01	 3.38809924E-05	 6.65490729E-05	-5.41193108E-05	 2.43196169E-04	 2.01462260E-03	 6.77011569E-03	 3.37007517E-03	 2.55293519E-03	 8.81677486E-04	 4.00559511E-04	-3.62088388E-05	-7.36489672E-05	 2.41903016E-04	 1.75103479E-03	-2.74158194E-03	 2.52135148E-03	 1.84902014E-03	 3.09034482E-03	 1.25549150E-03	 7.84252371E-04
 2.070000E-01	 3.00311553E-05	 5.95553600E-05	-3.51817198E-05	 2.97901867E-04	 1.78288275E-03	 6.45902216E-03	 3.31075502E-03	 2.55341588E-03	 9.03696660E-04	 4.12085930E-04	-3.54332386E-05	-6.82251455E-05	 2.30285341E-04	 1.62064160E-03	-2.64868781E-03	 2.26108558E-03	 1.71506150E-03	 2.97570410E-03	 1.24477194E-03	 7.95610258E-04
 2.080000E-01	 2.65791146E-05	 5.35081183E-05	-1.86711261E-05	 3.41720365E-04	 1.57419445E-03	 6.15703868E-03	 3.24536590E-03	 2.54811949E-03	 9.24120333E-04	 4.23982675E-04	-3.45009635E-05	-6.31694258E-05	 2.18219592E-04	 1.49878288E-03	-2.54998444E-03	 2.02498604E-03	 1.58736024E-03	 2.86107409E-03	 1.23093614E-03	 8.04645479E-04
 2.090000E-01	 2.34922442E-05	 4.82636745E-05	-4.37500530E-06	 3.76276601E-04	 1.38673205E-03	 5.86495768E-03	 3.17497549E-03	 2.53740909E-03	 9.42783145E-04	 4.36066194E-04	-3.34613722E-05	-5.84847928E-05	 2.05985265E-04	 1.38523707E-03	-2.44788155E-03	 1.81105529E-03	 1.46615124E-03	 2.74710871E-03	 1.21429134E-03	 8.11407923E-04
 2.100000E-01	 2.07370131E-05	 4.36999213E-05	 7.92467679E-06	 4.02981274E-04	 1.21865021E-03	 5.58332132E-03	 3.10056282E-03	 2.52167725E-03	 9.59564659E-04	 4.48167529E-04	-3.23533025E-05	-5.41625461E-05	 1.93798277E-04	 1.27968022E-03	-2.34428843E-03	 1.61739404E-03	 1.35153123E-03	 2.63436974E-03	 1.19514670E-03	 8.15969750E-04
 2.110000E-01	 1.82806324E-05	 3.97138268E-05	 1.84411994E-05	 4.23050403E-04	 1.06815221E-03	 5.31246380E-03	 3.02301225E-03	 2.50133250E-03	 9.74385132E-04	 4.60134013E-04	-3.12066983E-05	-5.01865795E-05	 1.81820633E-04	 1.18172312E-03	-2.24068986E-03	 1.44221804E-03	 1.24348722E-03	 2.52333280E-03	 1.17380646E-03	 8.18421081E-04
 2.120000E-01	 1.60921111E-05	 3.62188454E-05	 2.73764160E-05	 4.37526742E-04	 9.33534172E-04	 5.05254949E-03	 2.94311286E-03	 2.47678838E-03	 9.87200764E-04	 4.71830111E-04	-3.00442068E-05	-4.65364970E-05	 1.70170006E-04	 1.09093975E-03	-2.13821885E-03	 1.28386664E-03	 1.14192140E-03	 2.41439441E-03	 1.15056471E-03	 8.18865947E-04
 2.130000E-01	 1.41428450E-05	 3.31424483E-05	 3.49169527E-05	 4.47301233E-04	 8.13210148E-04	 4.80360621E-03	 2.86156142E-03	 2.44845494E-03	 9.97998784E-04	 4.83137592E-04	-2.88826399E-05	-4.31897837E-05	 1.58928587E-04	 1.00688813E-03	-2.03772287E-03	 1.14080507E-03	 1.04667247E-03	 2.30787961E-03	 1.12570154E-03	 8.17418625E-04
 2.140000E-01	 1.24068748E-05	 3.04238884E-05	 4.12324587E-05	 4.53133310E-04	 7.05723687E-04	 4.56555409E-03	 2.77896793E-03	 2.41673233E-03	 1.00679265E-03	 4.93955181E-04	-2.77342378E-05	-4.01232553E-05	 1.48150787E-04	 9.29125233E-04	-1.93982110E-03	 1.01162270E-03	 9.57533245E-04	 2.20404977E-03	 1.09948052E-03	 8.14200399E-04
 2.150000E-01	 1.08609088E-05	 2.80122351E-05	 4.64753186E-05	 4.55669491E-04	 6.09749761E-04	 4.33822908E-03	 2.69586225E-03	 2.38200600E-03	 1.01361756E-03	 5.04197827E-04	-2.66077281E-05	-3.73140652E-05	 1.37869688E-04	 8.57217419E-04	-1.84495234E-03	 8.95028052E-04	 8.74264749E-04	 2.10310997E-03	 1.07214703E-03	 8.09336772E-04
 2.160000E-01	 9.48420296E-06	 2.58647056E-05	 5.07812781E-05	 4.55459849E-04	 5.24090725E-04	 4.12140246E-03	 2.61270130E-03	 2.34464352E-03	 1.01852630E-03	 5.13795725E-04	-2.55091682E-05	-3.47403144E-05	 1.28102235E-04	 7.90747284E-04	-1.75341417E-03	 7.89842303E-04	 7.96607342E-04	 2.00521595E-03	 1.04392749E-03	 8.02955101E-04
 2.170000E-01	 8.25836965E-06	 2.39452742E-05	 5.42705588E-05	 4.52972307E-04	 4.47668872E-04	 3.91479695E-03	 2.52987644E-03	 2.30499230E-03	 1.02158562E-03	 5.22693179E-04	-2.44426021E-05	-3.23813797E-05	 1.18853348E-04	 7.29317690E-04	-1.66539441E-03	 6.94991928E-04	 7.24289417E-04	 1.91048062E-03	 1.01502920E-03	 7.95182656E-04
 2.180000E-01	 7.16715492E-06	 2.22235231E-05	 5.70492078E-05	 4.48604899E-04	 3.79517247E-04	 3.71809982E-03	 2.44772052E-03	 2.26337841E-03	 1.02287302E-03	 5.30847387E-04	-2.34105675E-05	-3.02180702E-05	 1.10119123E-04	 6.72553951E-04	-1.58099623E-03	 6.09500921E-04	 6.57034084E-04	 1.81897985E-03	 9.85640572E-04	 7.86145027E-04
 2.190000E-01	 6.19620929E-06	 2.06736971E-05	 5.92105178E-05	 4.42696215E-04	 3.18769864E-04	 3.53097353E-03	 2.36651454E-03	 2.22010591E-03	 1.02247395E-03	 5.38227202E-04	-2.24144850E-05	-2.82326764E-05	 1.01889301E-04	 6.20104749E-04	-1.50025794E-03	 5.32483057E-04	 5.94564214E-04	 1.73075779E-03	 9.55931749E-04	 7.75964862E-04
 2.200000E-01	 5.33286787E-06	 1.92739278E-05	 6.08364139E-05	 4.35534265E-04	 2.64652014E-04	 3.35306422E-03	 2.28649376E-03	 2.17545682E-03	 1.02047950E-03	 5.44811895E-04	-2.14549527E-05	-2.64089521E-05	 9.41491524E-05	 5.71642197E-04	-1.42316856E-03	 4.63134371E-04	 5.36606208E-04	 1.64583154E-03	 9.26055431E-04	 7.64760885E-04
 2.210000E-01	 4.56594818E-06	 1.80055961E-05	 6.19987505E-05	 4.27363970E-04	 2.16471059E-04	 3.18400852E-03	 2.20785323E-03	 2.12969138E-03	 1.01698437E-03	 5.50589978E-04	-2.05319678E-05	-2.47320555E-05	 8.68809002E-05	 5.26861315E-04	-1.34967994E-03	 4.00726017E-04	 4.82892752E-04	 1.56419532E-03	 8.96147828E-04	 7.52647144E-04
 2.220000E-01	 3.88556784E-06	 1.68528057E-05	 6.27604958E-05	 4.18393523E-04	 1.73607895E-04	 3.02343904E-03	 2.13075274E-03	 2.08304867E-03	 1.01208522E-03	 5.55558066E-04	-1.96450942E-05	-2.31884657E-05	 8.00648018E-05	 4.85479158E-04	-1.27971640E-03	 3.44597579E-04	 4.33164797E-04	 1.48582412E-03	 8.66329704E-04	 7.39732470E-04
 2.230000E-01	 3.28297930E-06	 1.58019487E-05	 6.31768154E-05	 4.08799783E-04	 1.35509064E-04	 2.87098860E-03	 2.05532127E-03	 2.03574735E-03	 1.00587932E-03	 5.59719826E-04	-1.87935896E-05	-2.17658913E-05	 7.36799668E-05	 4.47233736E-04	-1.21318214E-03	 2.94150840E-04	 3.87172929E-04	 1.41067692E-03	 8.36707466E-04	 7.26120095E-04
 2.240000E-01	 2.75042560E-06	 1.48413438E-05	 6.32960298E-05	 3.98732853E-04	 1.01679711E-04	 2.72629362E-03	 1.98166093E-03	 1.98798659E-03	 9.98463371E-04	 5.63084991E-04	-1.79765048E-05	-2.04531915E-05	 6.77049775E-05	 4.11882927E-04	-1.14996713E-03	 2.48844126E-04	 3.44678266E-04	 1.33869949E-03	 8.07374233E-04	 7.11907419E-04
 2.250000E-01	 2.28101300E-06	 1.39609326E-05	 6.31604630E-05	 3.88319971E-04	 7.16773541E-05	 2.58899668E-03	 1.90985026E-03	 1.93994701E-03	 9.89932611E-04	 5.65668454E-04	-1.71927619E-05	-1.92403196E-05	 6.21183498E-05	 3.79203428E-04	-1.08995168E-03	 2.08187174E-04	 3.05452999E-04	 1.26982679E-03	 7.78410883E-04	 6.97185878E-04
 2.260000E-01	 1.86860120E-06	 1.31520280E-05	 6.28071859E-05	 3.77668825E-04	 4.51062633E-05	 2.45874855E-03	 1.83994738E-03	 1.89179170E-03	 9.80380073E-04	 5.67489447E-04	-1.64412059E-05	-1.81182376E-05	 5.68988477E-05	 3.48989509E-04	-1.03300996E-03	 1.71736329E-04	 2.69280660E-04	 1.20398511E-03	 7.49887080E-04	 6.82040912E-04
 2.270000E-01	 1.50771145E-06	 1.24071054E-05	 6.22686528E-05	 3.66870364E-04	 2.16123007E-05	 2.33520973E-03	 1.77199286E-03	 1.84366739E-03	 9.69896027E-04	 5.68570794E-04	-1.57206338E-05	-1.70787905E-05	 5.20256975E-05	 3.21051561E-04	-9.79012914E-04	 1.39090024E-04	 2.35956207E-04	 1.14109394E-03	 7.21862302E-04	 6.66552021E-04
 2.280000E-01	 1.19344529E-06	 1.17196285E-05	 6.15732699E-05	 3.56001203E-04	 8.78294249E-07	 2.21805150E-03	 1.70601221E-03	 1.79570557E-03	 9.58567555E-04	 5.68938245E-04	-1.50298194E-05	-1.61146025E-05	 4.74787526E-05	 2.95214793E-04	-9.27830428E-04	 1.09884709E-04	 2.05285919E-04	 1.08106763E-03	 6.94386788E-04	 6.50792873E-04
 2.290000E-01	 9.21412713E-07	 1.10839036E-05	 6.07459000E-05	 3.45125658E-04	-1.73800209E-05	 2.10695673E-03	 1.64201803E-03	 1.74802353E-03	 9.46478231E-04	 5.68619877E-04	-1.43675339E-05	-1.52189993E-05	 4.32386109E-05	 2.71318108E-04	-8.79332965E-04	 8.37912355E-05	 1.77087164E-04	 1.02381667E-03	 6.67502427E-04	 6.34831464E-04
 2.300000E-01	 6.87670084E-07	 1.04949579E-05	 5.98083054E-05	 3.34297500E-04	-3.34175780E-05	 2.00162031E-03	 1.58001187E-03	 1.70072544E-03	 9.33707895E-04	 5.67645566E-04	-1.37325599E-05	-1.43859409E-05	 3.92866890E-05	 2.49213053E-04	-8.33392812E-04	 6.05115813E-05	 1.51188085E-04	 9.69248956E-04	 6.41243575E-04	 6.18730307E-04
 2.310000E-01	 4.88666039E-07	 9.94843473E-06	 5.87795355E-05	 3.23561463E-04	-4.74631620E-05	 1.90174944E-03	 1.51998586E-03	 1.65390330E-03	 9.20332502E-04	 5.66046514E-04	-1.31237026E-05	-1.36099631E-05	 3.56052646E-05	 2.28762866E-04	-7.89885004E-04	 3.97758955E-05	 1.27427221E-04	 9.17270708E-04	 6.15637828E-04	 6.02546650E-04
 2.320000E-01	 3.21195023E-07	 9.44050684E-06	 5.76762643E-05	 3.12954523E-04	-5.97222263E-05	 1.80706371E-03	 1.46192413E-03	 1.60763792E-03	 9.06424045E-04	 5.63854844E-04	-1.25397977E-05	-1.28861285E-05	 3.21774979E-05	 2.09841596E-04	-7.48688022E-04	 2.13398165E-05	 1.05653097E-04	 8.67787344E-04	 5.90706723E-04	 5.86332720E-04
 2.330000E-01	 1.82362434E-07	 8.96780084E-06	 5.65130572E-05	 3.02507002E-04	-7.03792622E-05	 1.71729510E-03	 1.40580408E-03	 1.56199981E-03	 8.92050524E-04	 5.61103236E-04	-1.19797161E-05	-1.22099775E-05	 2.89874336E-05	 1.92333267E-04	-7.09684288E-04	 4.98205995E-06	 8.57237825E-05	 8.20704187E-04	 5.66466391E-04	 5.70135966E-04
 2.340000E-01	 6.95525622E-08	 8.52733246E-06	 5.53026141E-05	 2.92243512E-04	-7.95999555E-05	 1.63218784E-03	 1.35159745E-03	 1.51705005E-03	 8.77275964E-04	 5.57824617E-04	-1.14423677E-05	-1.15774817E-05	 2.60199933E-05	 1.76131076E-04	-6.72760521E-04	-9.49777976E-06	 6.75064396E-05	 7.75927063E-04	 5.42928157E-04	 5.53999317E-04
 2.350000E-01	-1.96014673E-08	 8.11644937E-06	 5.40559938E-05	 2.82183799E-04	-8.75331659E-05	 1.55149817E-03	 1.29927129E-03	 1.47284109E-03	 8.62160464E-04	 5.54051894E-04	-1.09267014E-05	-1.09849991E-05	 2.32609537E-05	 1.61136654E-04	-6.37807939E-04	-2.22812288E-05	 5.08768597E-05	 7.33362803E-04	 5.20099086E-04	 5.37961444E-04
 2.360000E-01	-8.72457808E-08	 7.73277757E-06	 5.27828155E-05	 2.72343500E-04	-9.43127152E-05	 1.47499393E-03	 1.24878878E-03	 1.42941746E-03	 8.46760269E-04	 5.49817719E-04	-1.04317049E-05	-1.04292396E-05	 2.06969081E-05	 1.47259394E-04	-6.04722316E-04	-3.35327653E-05	 3.57189867E-05	 6.92919637E-04	 4.97982482E-04	 5.22057010E-04
 2.370000E-01	-1.35328028E-07	 7.37418455E-06	 5.14914318E-05	 2.62734727E-04	-1.00058950E-04	 1.40245427E-03	 1.20011001E-03	 1.38681653E-03	 8.31127869E-04	 5.45154290E-04	-9.95640307E-06	-9.90723048E-06	 1.83152320E-05	 1.34415827E-04	-5.73404013E-04	-4.34014393E-05	 2.19244637E-05	 6.54507526E-04	 4.76578336E-04	 5.06316925E-04
 2.380000E-01	-1.65614912E-07	 7.03875453E-06	 5.01890748E-05	 2.53366555E-04	-1.04880116E-04	 1.33366935E-03	 1.15319255E-03	 1.34506916E-03	 8.15312120E-04	 5.40093195E-04	-9.49985913E-06	-9.41627923E-06	 1.61040603E-05	 1.22529021E-04	-5.43758041E-04	-5.20223079E-05	 9.39221051E-06	 6.18038456E-04	 4.55883752E-04	 4.90768602E-04
 2.390000E-01	-1.79709745E-07	 6.72476058E-06	 4.88819907E-05	 2.44245467E-04	-1.08873595E-04	 1.26843994E-03	 1.10799213E-03	 1.30420028E-03	 7.99358376E-04	 5.34665277E-04	-9.06117544E-06	-8.95394615E-06	 1.40522604E-05	 1.11528060E-04	-5.15694027E-04	-5.95177613E-05	-1.97200087E-06	 5.83426654E-04	 4.35893317E-04	 4.75436201E-04
 2.400000E-01	-1.79068329E-07	 6.43064021E-06	 4.75755586E-05	 2.35375750E-04	-1.12127034E-04	 1.20657708E-03	 1.06446303E-03	 1.26422950E-03	 7.83308625E-04	 5.28900521E-04	-8.63949304E-06	-8.51801799E-06	 1.21493974E-05	 1.01347555E-04	-4.89126127E-04	-6.59987240E-05	-1.22559595E-05	 5.50588752E-04	 4.16599439E-04	 4.60340862E-04
 2.410000E-01	-1.65013007E-07	 6.15497488E-06	 4.62743965E-05	 2.26759836E-04	-1.14719344E-04	 1.14790159E-03	 1.02255854E-03	 1.22517162E-03	 7.67201639E-04	 5.22827966E-04	-8.23399042E-06	-8.10648429E-06	 1.03856968E-05	 9.19271885E-05	-4.63972899E-04	-7.15657380E-05	-2.15414131E-05	 5.19443910E-04	 3.97992659E-04	 4.45500931E-04
 2.420000E-01	-1.38745011E-07	 5.89647284E-06	 4.49824527E-05	 2.18398592E-04	-1.16721597E-04	 1.09224368E-03	 9.82231344E-04	 1.18703711E-03	 7.51073119E-04	 5.16475635E-04	-7.84388220E-06	-7.71751623E-06	 8.75200690E-06	 8.32112974E-05	-4.40157149E-04	-7.63099417E-05	-2.99044486E-05	 4.89913906E-04	 3.80061919E-04	 4.30932173E-04
 2.430000E-01	-1.01355225E-07	 5.65395447E-06	 4.37030859E-05	 2.10291567E-04	-1.18197820E-04	 1.03944249E-03	 9.43433772E-04	 1.14983253E-03	 7.34955851E-04	 5.09870483E-04	-7.46841779E-06	-7.34944779E-06	 7.23976231E-06	 7.51484940E-05	-4.17605775E-04	-8.03139528E-05	-3.74158529E-05	 4.61923190E-04	 3.62794816E-04	 4.16647981E-04
 2.440000E-01	-5.38338366E-08	 5.42634008E-06	 4.24391355E-05	 2.02437203E-04	-1.19205708E-04	 9.89345741E-04	 9.06118124E-04	 1.11356101E-03	 7.18879853E-04	 5.03038360E-04	-7.10687995E-06	-7.00075912E-06	 5.84094724E-06	 6.76913157E-05	-3.96249593E-04	-8.36526663E-05	-4.41414558E-05	 4.35398919E-04	 3.46177820E-04	 4.02659562E-04
 2.450000E-01	 2.92121676E-09	 5.21264086E-06	 4.11929834E-05	 1.94833011E-04	-1.19797266E-04	 9.41809258E-04	 8.70236878E-04	 1.07822256E-03	 7.02872534E-04	 4.96003984E-04	-6.75858245E-06	-6.67005987E-06	 4.54805773E-06	 6.07958924E-05	-3.76023154E-04	-8.63939823E-05	-5.01424557E-05	 4.10270962E-04	 3.30196477E-04	 3.88976128E-04
 2.460000E-01	 6.80984179E-08	 5.01195410E-06	 3.99666015E-05	 1.87475702E-04	-1.20019431E-04	 8.96696599E-04	 8.35742943E-04	 1.04381448E-03	 6.86958856E-04	 4.88790936E-04	-6.42286673E-06	-6.35606617E-06	 3.35406518E-06	 5.44216016E-05	-3.56864570E-04	-8.85994893E-05	-5.54757294E-05	 3.86471902E-04	 3.14835596E-04	 3.75605068E-04
 2.470000E-01	 1.40967464E-07	 4.82345952E-06	 3.87615947E-05	 1.80361308E-04	-1.19914613E-04	 8.53878671E-04	 8.02589858E-04	 1.01033170E-03	 6.71161494E-04	 4.81421663E-04	-6.09910025E-06	-6.05757955E-06	 2.25239061E-06	 4.85307609E-05	-3.38715346E-04	-9.03250666E-05	-6.01941230E-05	 3.63937016E-04	 3.00079418E-04	 3.62552118E-04
 2.480000E-01	 2.20870591E-07	 4.64640912E-06	 3.75792521E-05	 1.73485315E-04	-1.19521114E-04	 8.13233342E-04	 7.70731857E-04	 9.77767045E-04	 6.55500960E-04	 4.73917475E-04	-5.78667802E-06	-5.77348606E-06	 1.23688235E-06	 4.30884434E-05	-3.21520187E-04	-9.16213855E-05	-6.43467226E-05	 3.42604227E-04	 2.85911737E-04	 3.49821503E-04
 2.490000E-01	 3.07214907E-07	 4.48011866E-06	 3.64205932E-05	 1.66842788E-04	-1.18873470E-04	 7.74645093E-04	 7.40123930E-04	 9.46111410E-04	 6.39995723E-04	 4.66298556E-04	-5.48502374E-06	-5.50275787E-06	 3.01791891E-07	 3.80623164E-05	-3.05226840E-04	-9.25343579E-05	-6.79791023E-05	 3.22414048E-04	 2.72316019E-04	 3.37416079E-04
 2.500000E-01	 3.99466979E-07	 4.32396094E-06	 3.52863999E-05	 1.60428457E-04	-1.18002795E-04	 7.38004673E-04	 7.10721912E-04	 9.15354048E-04	 6.24662337E-04	 4.58583972E-04	-5.19358961E-06	-5.24444847E-06	-5.58250358E-07	 3.34224549E-05	-2.89785944E-04	-9.31055707E-05	-7.11335563E-05	 3.03309527E-04	 2.59275503E-04	 3.25337459E-04
 2.510000E-01	 4.97148115E-07	 4.17736077E-06	 3.41772448E-05	 1.54236794E-04	-1.16937095E-04	 7.03208775E-04	 6.82482556E-04	 8.85482765E-04	 6.09515566E-04	 4.50791699E-04	-4.91185573E-06	-4.99768503E-06	-1.34825783E-06	 2.91411527E-05	-2.75150894E-04	-9.33726860E-05	-7.38493200E-05	 2.85236189E-04	 2.46773301E-04	 3.13586138E-04
 2.520000E-01	 5.99829880E-07	 4.03979086E-06	 3.30935167E-05	 1.48262080E-04	-1.15701567E-04	 6.70159719E-04	 6.55363598E-04	 8.56484123E-04	 5.94568503E-04	 4.42938649E-04	-4.63932902E-06	-4.76165995E-06	-2.07290971E-06	 2.51927376E-05	-2.61277700E-04	-9.33698034E-05	-7.61627771E-05	 2.68141969E-04	 2.34792486E-04	 3.02161605E-04
 2.530000E-01	 7.07128837E-07	 3.91076798E-06	 3.20354499E-05	 1.42498460E-04	-1.14318883E-04	 6.38765145E-04	 6.29323813E-04	 8.28343618E-04	 5.79832686E-04	 4.35040691E-04	-4.37554206E-06	-4.53562464E-06	-2.73657371E-06	 2.15534112E-05	-2.48124833E-04	-9.31277919E-05	-7.81076575E-05	 2.51977144E-04	 2.23316159E-04	 2.91062452E-04
 2.540000E-01	 8.18702195E-07	 3.78984943E-06	 3.10031460E-05	 1.36939996E-04	-1.12809446E-04	 6.08937726E-04	 6.04323049E-04	 8.01045850E-04	 5.65318204E-04	 4.27112690E-04	-4.12005196E-06	-4.31888462E-06	-3.34332711E-06	 1.82011042E-05	-2.35653093E-04	-9.26745876E-05	-7.97152205E-05	 2.36694259E-04	 2.12327523E-04	 2.80286468E-04
 2.550000E-01	 9.34244017E-07	 3.67663007E-06	 2.99965939E-05	 1.31580703E-04	-1.11191607E-04	 5.80594897E-04	 5.80322255E-04	 7.74574660E-04	 5.51033802E-04	 4.19168534E-04	-3.87243991E-06	-4.11079605E-06	-3.89697432E-06	 1.51153514E-05	-2.23825478E-04	-9.20354607E-05	-8.10144239E-05	 2.22248052E-04	 2.01809931E-04	 2.69830728E-04
 2.560000E-01	 1.05348132E-06	 3.57074153E-06	 2.90156898E-05	 1.26414577E-04	-1.09481847E-04	 5.53658620E-04	 5.57283490E-04	 7.48913267E-04	 5.36986970E-04	 4.11221174E-04	-3.63231135E-06	-3.91076389E-06	-4.40106035E-06	 1.22771832E-05	-2.12607092E-04	-9.12332513E-05	-8.20320800E-05	 2.08595379E-04	 1.91746936E-04	 2.59691682E-04
 2.570000E-01	 1.17617085E-06	 3.47185227E-06	 2.80602548E-05	 1.21435609E-04	-1.07694958E-04	 5.28055180E-04	 5.35169949E-04	 7.24044392E-04	 5.23184047E-04	 4.03282658E-04	-3.39929582E-06	-3.71823756E-06	-4.85888281E-06	 9.66901132E-06	-2.01965056E-04	-9.02885865E-05	-8.27930003E-05	 1.95695148E-04	 1.82122333E-04	 2.49865231E-04
 2.580000E-01	 1.30209593E-06	 3.37966022E-06	 2.71300451E-05	 1.16637836E-04	-1.05844210E-04	 5.03714897E-04	 5.13945956E-04	 6.99950360E-04	 5.09630299E-04	 3.95364169E-04	-3.17304486E-06	-3.53270749E-06	-5.27351372E-06	 7.27452081E-06	-1.91868364E-04	-8.92200952E-05	-8.33201402E-05	 1.83508231E-04	 1.72920195E-04	 2.40346793E-04
 2.590000E-01	 1.43106456E-06	 3.29388949E-06	 2.62247581E-05	 1.12015362E-04	-1.03941503E-04	 4.80571885E-04	 4.93576975E-04	 6.76613207E-04	 4.96330011E-04	 3.87476058E-04	-2.95322964E-06	-3.35369947E-06	-5.64781943E-06	 5.07855633E-06	-1.82287749E-04	-8.80445973E-05	-8.36347336E-05	 1.71997388E-04	 1.64124902E-04	 2.31131370E-04
 2.600000E-01	 1.56290720E-06	 3.21428874E-06	 2.53440420E-05	 1.07562375E-04	-1.01997508E-04	 4.58563838E-04	 4.74029599E-04	 6.54014766E-04	 4.83286564E-04	 3.79627881E-04	-2.73953963E-06	-3.18077099E-06	-5.98447581E-06	 3.06702847E-06	-1.73195577E-04	-8.67772680E-05	-8.37564155E-05	 1.61127189E-04	 1.55721168E-04	 2.22213606E-04
 2.610000E-01	 1.69747459E-06	 3.14062920E-06	 2.44875036E-05	 1.03273161E-04	-1.00021776E-04	 4.37631831E-04	 4.55271543E-04	 6.32136746E-04	 4.70502506E-04	 3.71828441E-04	-2.53168169E-06	-3.01350925E-06	-6.28598107E-06	 1.22683680E-06	-1.64565751E-04	-8.54317873E-05	-8.37033354E-05	 1.50863938E-04	 1.47694057E-04	 2.13587841E-04
 2.620000E-01	 1.83463568E-06	 3.07270253E-06	 2.36547168E-05	 9.91421174E-05	-9.80228530E-05	 4.17720138E-04	 4.37271627E-04	 6.10960799E-04	 4.57979626E-04	 3.64085818E-04	-2.32937927E-06	-2.85153016E-06	-6.55466764E-06	-4.54196099E-07	-1.56373619E-04	-8.40204773E-05	-8.34922617E-05	 1.41175605E-04	 1.40029006E-04	 2.05248159E-04
 2.630000E-01	 1.97427607E-06	 3.01031895E-06	 2.28452272E-05	 9.51637603E-05	-9.60083668E-05	 3.98776048E-04	 4.19999757E-04	 5.90468581E-04	 4.45719013E-04	 3.56407407E-04	-2.13237186E-06	-2.69447652E-06	-6.79271201E-06	-1.98739094E-06	-1.48595895E-04	-8.25544242E-05	-8.31386787E-05	 1.32031749E-04	 1.32711826E-04	 1.97188435E-04
 2.640000E-01	 2.11629639E-06	 2.95330546E-06	 2.20585578E-05	 9.13327350E-05	-9.39851123E-05	 3.80749705E-04	 4.03426909E-04	 5.70641808E-04	 4.33721120E-04	 3.48799957E-04	-1.94041437E-06	-2.54201614E-06	-7.00214362E-06	-3.38327314E-06	-1.41210589E-04	-8.10435919E-05	-8.26568768E-05	 1.23403454E-04	 1.25728723E-04	 1.89402373E-04
 2.650000E-01	 2.26061022E-06	 2.90150347E-06	 2.12942167E-05	 8.76438286E-05	-9.19591237E-05	 3.63593950E-04	 3.87525092E-04	 5.51462300E-04	 4.21985815E-04	 3.41269598E-04	-1.75327670E-06	-2.39384123E-06	-7.18485332E-06	-4.65162358E-06	-1.34196934E-04	-7.94969221E-05	-8.20600356E-05	 1.15263256E-04	 1.19066295E-04	 1.81883544E-04
 2.660000E-01	 2.40714142E-06	 2.85476488E-06	 2.05517058E-05	 8.40919877E-05	-8.99357280E-05	 3.47264162E-04	 3.72267312E-04	 5.32912001E-04	 4.10512426E-04	 3.33821872E-04	-1.57074306E-06	-2.24967031E-06	-7.34260437E-06	-5.80151466E-06	-1.27535320E-04	-7.79224225E-05	-8.13603003E-05	 1.07585081E-04	 1.12711532E-04	 1.74625419E-04
 2.670000E-01	 2.55582269E-06	 2.81295001E-06	 1.98305258E-05	 8.06723236E-05	-8.79196062E-05	 3.31718124E-04	 3.57627545E-04	 5.14973026E-04	 3.99299782E-04	 3.26461765E-04	-1.39261091E-06	-2.10924821E-06	-7.47704359E-06	-6.84135493E-06	-1.21207225E-04	-7.63272538E-05	-8.05688544E-05	 1.00344180E-04	 1.06651824E-04	 1.67621393E-04
 2.680000E-01	 2.70659548E-06	 2.77592805E-06	 1.91301742E-05	 7.73801036E-05	-8.59148737E-05	 3.16915886E-04	 3.43580742E-04	 4.97627703E-04	 3.88346282E-04	 3.19193742E-04	-1.21868981E-06	-1.97234173E-06	-7.58970866E-06	-7.77895069E-06	-1.15195161E-04	-7.47178175E-05	-7.96959926E-05	 9.35170688E-05	 1.00874960E-04	 1.60864820E-04
 2.690000E-01	 2.85940964E-06	 2.74357672E-06	 1.84501461E-05	 7.42107463E-05	-8.39251484E-05	 3.02819641E-04	 3.30102806E-04	 4.80858619E-04	 3.77649932E-04	 3.12021780E-04	-1.04880037E-06	-1.83873622E-06	-7.68203524E-06	-8.62156019E-06	-1.09482612E-04	-7.30998304E-05	-7.87511869E-05	 8.70814717E-05	 9.53691301E-05	 1.54349036E-04
 2.700000E-01	 3.01422251E-06	 2.71578189E-06	 1.77899368E-05	 7.11598187E-05	-8.19536019E-05	 2.89393601E-04	 3.17170570E-04	 4.64648634E-04	 3.67208391E-04	 3.04949396E-04	-8.82773376E-07	-1.70823366E-06	-7.75536417E-06	-9.37593648E-06	-1.04053972E-04	-7.14783880E-05	-7.77431476E-05	 8.10162613E-05	 9.01229251E-05	 1.48067382E-04
 2.710000E-01	 3.17099827E-06	 2.69243697E-06	 1.71490438E-05	 6.82230337E-05	-8.00030033E-05	 2.76603889E-04	 3.04761768E-04	 4.48980909E-04	 3.57019008E-04	 2.97979677E-04	-7.20449000E-07	-1.58065151E-06	-7.81094818E-06	-1.00483644E-05	-9.88944890E-05	-6.98580219E-05	-7.66798786E-05	 7.53014047E-05	 8.51253286E-05	 1.42013225E-04
 2.720000E-01	 3.32970726E-06	 2.67344225E-06	 1.65269685E-05	 6.53962481E-05	-7.80757581E-05	 2.64418430E-04	 2.92855003E-04	 4.33838919E-04	 3.47078853E-04	 2.91115308E-04	-5.61676133E-07	-1.45582156E-06	-7.84995800E-06	-1.06446937E-05	-9.39902214E-05	-6.82427515E-05	-7.55687295E-05	 6.99179099E-05	 8.03657132E-05	 1.36179971E-04
 2.730000E-01	 3.49032537E-06	 2.65870436E-06	 1.59232176E-05	 6.26754596E-05	-7.61739422E-05	 2.52806855E-04	 2.81429724E-04	 4.19206467E-04	 3.37384752E-04	 2.84358595E-04	-4.06311694E-07	-1.33358890E-06	-7.87348825E-06	-1.11703711E-05	-8.93279856E-05	-6.66361314E-05	-7.44164432E-05	 6.48477748E-05	 7.58338337E-05	 1.30561084E-04
 2.740000E-01	 3.65283379E-06	 2.64813569E-06	 1.53373032E-05	 6.00568033E-05	-7.42993357E-05	 2.41740400E-04	 2.70466195E-04	 4.05067697E-04	 3.27933318E-04	 2.77711491E-04	-2.54219885E-07	-1.21381045E-06	-7.88256296E-06	-1.16304717E-05	-8.48953119E-05	-6.50412953E-05	-7.32292012E-05	 6.00739387E-05	 7.15198204E-05	 1.25150099E-04
 2.750000E-01	 3.81721912E-06	 2.64165324E-06	 1.47687404E-05	 5.75365506E-05	-7.24534545E-05	 2.31191816E-04	 2.59945474E-04	 3.91407109E-04	 3.18720979E-04	 2.71175621E-04	-1.05271381E-07	-1.09635269E-06	-7.87814072E-06	-1.20297328E-05	-8.06803942E-05	-6.34609964E-05	-7.20126662E-05	 5.55802338E-05	 6.74141717E-05	 1.19940634E-04
 2.760000E-01	 3.98347351E-06	 2.63917790E-06	 1.42170454E-05	 5.51111067E-05	-7.06375765E-05	 2.21135270E-04	 2.49849378E-04	 3.78209558E-04	 3.09744001E-04	 2.64752303E-04	 4.06573152E-08	-9.81089990E-07	-7.86111908E-06	-1.23725826E-05	-7.66720436E-05	-6.18976415E-05	-7.07720211E-05	 5.13513391E-05	 6.35077457E-05	 1.14926396E-04
 2.770000E-01	 4.15159419E-06	 2.64063611E-06	 1.36817386E-05	 5.27769993E-05	-6.88527659E-05	 2.11546283E-04	 2.40160460E-04	 3.65460262E-04	 3.00998515E-04	 2.58442571E-04	 1.83683950E-07	-8.67904006E-07	-7.83233695E-06	-1.26631605E-05	-7.28596639E-05	-6.03533196E-05	-6.95120024E-05	 4.73727403E-05	 5.97917510E-05	 1.10101194E-04
 2.780000E-01	 4.32158260E-06	 2.64595995E-06	 1.31623488E-05	 5.05308738E-05	-6.70998894E-05	 2.02401667E-04	 2.30861974E-04	 3.53144799E-04	 2.92480531E-04	 2.52247194E-04	 3.23920571E-07	-7.56684328E-07	-7.79257766E-06	-1.29053301E-05	-6.92332250E-05	-5.88298317E-05	-6.82369318E-05	 4.36306897E-05	 5.62577368E-05	 1.05458947E-04
 2.790000E-01	 4.49344396E-06	 2.65508659E-06	 1.26584142E-05	 4.83694917E-05	-6.53796348E-05	 1.93679452E-04	 2.21937852E-04	 3.41249111E-04	 2.84185957E-04	 2.46166694E-04	 4.61473736E-07	-6.47328504E-07	-7.74257239E-06	-1.31026942E-05	-6.57832345E-05	-5.73287188E-05	-6.69507467E-05	 4.01121684E-05	 5.28975837E-05	 1.00993690E-04
 2.800000E-01	 4.66718708E-06	 2.66795826E-06	 1.21694824E-05	 4.62897261E-05	-6.36925281E-05	 1.85358818E-04	 2.13372674E-04	 3.29759505E-04	 2.76110621E-04	 2.40201366E-04	 5.96444851E-07	-5.39741571E-07	-7.68300367E-06	-1.32586122E-05	-6.25007093E-05	-5.58512875E-05	-6.56570289E-05	 3.68048488E-05	 4.97034944E-05	 9.66995750E-05
 2.810000E-01	 4.84282418E-06	 2.68452272E-06	 1.16951113E-05	 4.42885531E-05	-6.20389468E-05	 1.77420038E-04	 2.05151652E-04	 3.18662648E-04	 2.68250284E-04	 2.34351296E-04	 7.28930617E-07	-4.33834882E-07	-7.61450879E-06	-1.33762207E-05	-5.93771497E-05	-5.43986331E-05	-6.43590306E-05	 3.36970599E-05	 4.66679842E-05	 9.25708831E-05
 2.820000E-01	 5.02037080E-06	 2.70473411E-06	 1.12348695E-05	 4.23630424E-05	-6.04191314E-05	 1.69844412E-04	 1.97260599E-04	 3.07945571E-04	 2.60600658E-04	 2.28616375E-04	 8.59023562E-07	-3.29524249E-07	-7.53768295E-06	-1.34584572E-05	-5.64045140E-05	-5.29716587E-05	-6.30596994E-05	 3.07777532E-05	 4.37838714E-05	 8.86020222E-05
 2.830000E-01	 5.19984532E-06	 2.72855300E-06	 1.07883378E-05	 4.05103540E-05	-5.88332019E-05	 1.62614214E-04	 1.89685912E-04	 2.97595669E-04	 2.53157418E-04	 2.22996316E-04	 9.86812498E-07	-2.26729619E-07	-7.45308302E-06	-1.35080733E-05	-5.35751869E-05	-5.15710972E-05	-6.17617031E-05	 2.80364705E-05	 4.10442684E-05	 8.47875320E-05
 2.840000E-01	 5.38126926E-06	 2.75594664E-06	 1.03551076E-05	 3.87277332E-05	-5.72811809E-05	 1.55712637E-04	 1.82414558E-04	 2.87600700E-04	 2.45916226E-04	 2.17490671E-04	 1.11238263E-06	-1.25373908E-07	-7.36122887E-06	-1.35276502E-05	-5.08819527E-05	-5.01975317E-05	-6.04674545E-05	 2.54633126E-05	 3.84425738E-05	 8.11220873E-05
 2.850000E-01	 5.56466704E-06	 2.78688899E-06	 9.93478020E-06	 3.70125072E-05	-5.57630109E-05	 1.49123740E-04	 1.75434061E-04	 2.77948795E-04	 2.38872743E-04	 2.12098853E-04	 1.23581545E-06	-2.53821661E-08	-7.26260381E-06	-1.35196113E-05	-4.83179729E-05	-4.88514144E-05	-5.91791331E-05	 2.30489111E-05	 3.59724642E-05	 7.76005002E-05
 2.860000E-01	 5.75006494E-06	 2.82135901E-06	 9.52697095E-06	 3.53620925E-05	-5.42785522E-05	 1.42832403E-04	 1.68732464E-04	 2.68628440E-04	 2.32022636E-04	 2.06820137E-04	 1.35718898E-06	 7.33171090E-08	-7.15765876E-06	-1.34862250E-05	-4.58767642E-05	-4.75330777E-05	-5.78987011E-05	 2.07843996E-05	 3.36278823E-05	 7.42177192E-05
 2.870000E-01	 5.93749023E-06	 2.85933967E-06	 9.13131194E-06	 3.37739971E-05	-5.28275838E-05	 1.36824280E-04	 1.62298305E-04	 2.59628461E-04	 2.25361578E-04	 2.01653675E-04	 1.47657813E-06	 1.70790880E-07	-7.04681594E-06	-1.34296083E-05	-4.35521829E-05	-4.62427442E-05	-5.66279180E-05	 1.86613882E-05	 3.14030262E-05	 7.09688288E-05
 2.880000E-01	 6.12697078E-06	 2.90081700E-06	 8.74745241E-06	 3.22458227E-05	-5.14098115E-05	 1.31085759E-04	 1.56120593E-04	 2.50938021E-04	 2.18885261E-04	 1.96598506E-04	 1.59405479E-06	 2.67101506E-07	-6.93047121E-06	-1.33517348E-05	-4.13384093E-05	-4.49805389E-05	-5.53683562E-05	 1.66719387E-05	 2.92923403E-05	 6.78490496E-05
 2.890000E-01	 6.31853466E-06	 2.94577925E-06	 8.37505887E-06	 3.07752655E-05	-5.00248769E-05	 1.25603926E-04	 1.50188792E-04	 2.42546613E-04	 2.12589399E-04	 1.91653566E-04	 1.70968799E-06	 3.62307050E-07	-6.80899576E-06	-1.32544441E-05	-3.92299301E-05	-4.37464989E-05	-5.41214151E-05	 1.48085408E-05	 2.72905063E-05	 6.48537373E-05
 2.900000E-01	 6.51220983E-06	 2.99421562E-06	 8.01381502E-06	 2.93601201E-05	-4.86723683E-05	 1.20366520E-04	 1.44492804E-04	 2.34444055E-04	 2.06469738E-04	 1.86817699E-04	 1.82354402E-06	 4.56461367E-07	-6.68273751E-06	-1.31394496E-05	-3.72215208E-05	-4.25405840E-05	-5.28883353E-05	 1.30640897E-05	 2.53924348E-05	 6.19783825E-05
 2.910000E-01	 6.70802368E-06	 3.04611434E-06	 7.66342107E-06	 2.79982869E-05	-4.73518320E-05	 1.15361900E-04	 1.39022948E-04	 2.26620482E-04	 2.00522060E-04	 1.82089668E-04	 1.93568618E-06	 5.49613075E-07	-6.55202195E-06	-1.30083374E-05	-3.53082291E-05	-4.13626870E-05	-5.16702118E-05	 1.14318650E-05	 2.35932562E-05	 5.92186090E-05
 2.920000E-01	 6.90600254E-06	 3.10146070E-06	 7.32359385E-06	 2.66877801E-05	-4.60627819E-05	 1.10579011E-04	 1.33769942E-04	 2.19066336E-04	 1.94742188E-04	 1.77468157E-04	 2.04617464E-06	 6.41802975E-07	-6.41715459E-06	-1.28625584E-05	-3.34853622E-05	-4.02126431E-05	-5.04680052E-05	 9.90551113E-06	 2.18883127E-05	 5.65701723E-05
 2.930000E-01	 7.10617146E-06	 3.16023761E-06	 6.99406723E-06	 2.54267180E-05	-4.48046994E-05	 1.06007364E-04	 1.28724882E-04	 2.11772356E-04	 1.89125981E-04	 1.72951783E-04	 2.15506673E-06	 7.33064269E-07	-6.27842316E-06	-1.27034392E-05	-3.17484833E-05	-3.90902337E-05	-4.92825491E-05	 8.47901952E-06	 2.02731485E-05	 5.40289579E-05
 2.940000E-01	 7.30855456E-06	 3.22242613E-06	 6.67458990E-06	 2.42133142E-05	-4.35770394E-05	 1.01637010E-04	 1.23879224E-04	 2.04729568E-04	 1.83669343E-04	 1.68539102E-04	 2.26241717E-06	 8.23423912E-07	-6.13609853E-06	-1.25321963E-05	-3.00934002E-05	-3.79951905E-05	-4.81145595E-05	 7.14671036E-06	 1.87435026E-05	 5.15909799E-05
 2.950000E-01	 7.51317589E-06	 3.28800534E-06	 6.36491940E-06	 2.30458697E-05	-4.23792402E-05	 9.74584998E-05	 1.19224781E-04	 1.97929285E-04	 1.78368232E-04	 1.64228617E-04	 2.36827816E-06	 9.12904717E-07	-5.99043395E-06	-1.23499529E-05	-2.85161435E-05	-3.69272039E-05	-4.69646471E-05	 5.90321370E-06	 1.72953019E-05	 4.92523783E-05
 2.960000E-01	 7.72006006E-06	 3.35695277E-06	 6.06481892E-06	 2.19227656E-05	-4.12107310E-05	 9.34628600E-05	 1.14753707E-04	 1.91363102E-04	 1.73218662E-04	 1.60018785E-04	 2.47269947E-06	 1.00152688E-06	-5.84166500E-06	-1.21577513E-05	-2.70129492E-05	-3.58859279E-05	-4.58333275E-05	 4.74345213E-06	 1.59246543E-05	 4.70094177E-05
 2.970000E-01	 7.92923226E-06	 3.42924485E-06	 5.77405651E-06	 2.08424569E-05	-4.00709351E-05	 8.96415633E-05	 1.10458485E-04	 1.85022892E-04	 1.68216707E-04	 1.55908026E-04	 2.57572857E-06	 1.08930859E-06	-5.69001048E-06	-1.19565607E-05	-2.55802447E-05	-3.48709855E-05	-4.47210298E-05	 3.66262502E-06	 1.46278415E-05	 4.48584845E-05
 2.980000E-01	 8.14071836E-06	 3.50485730E-06	 5.49240448E-06	 1.98034660E-05	-3.89592716E-05	 8.59865072E-05	 1.06331914E-04	 1.78900797E-04	 1.63358510E-04	 1.51894727E-04	 2.67741075E-06	 1.17626624E-06	-5.53567336E-06	-1.17472831E-05	-2.42146382E-05	-3.38819726E-05	-4.36281042E-05	 2.65619369E-06	 1.34013122E-05	 4.27960845E-05
 2.990000E-01	 8.35454494E-06	 3.58376557E-06	 5.21963904E-06	 1.88043774E-05	-3.78751572E-05	 8.24899916E-05	 1.02367096E-04	 1.72989220E-04	 1.58640275E-04	 1.47977247E-04	 2.77778914E-06	 1.26241468E-06	-5.37884173E-06	-1.15307580E-05	-2.29129085E-05	-3.29184628E-05	-4.25548288E-05	 1.71986747E-06	 1.22416748E-05	 4.08188405E-05
 3.000000E-01	 8.57073934E-06	 3.66594559E-06	 4.95554013E-06	 1.78438296E-05	-3.68180057E-05	 7.91446984E-05	 9.85574187E-05	 1.67280816E-04	 1.54058278E-04	 1.44153923E-04	 2.87690496E-06	 1.34776760E-06	-5.21969007E-06	-1.13077685E-05	-2.16719972E-05	-3.19800100E-05	-4.15014159E-05	 8.49590440E-07	 1.11456911E-05	 3.89234892E-05
 3.010000E-01	 8.78932961E-06	 3.75137502E-06	 4.69989233E-06	 1.69205058E-05	-3.57872256E-05	 7.59436730E-05	 9.48965490E-05	 1.61768489E-04	 1.49608860E-04	 1.40423075E-04	 2.97479791E-06	 1.43233859E-06	-5.05838126E-06	-1.10790517E-05	-2.04890011E-05	-3.10661507E-05	-4.04680164E-05	 4.15289082E-08	 1.01102694E-05	 3.71068789E-05
 3.020000E-01	 9.01034422E-06	 3.84003425E-06	 4.45248707E-06	 1.60331257E-05	-3.47822149E-05	 7.28803053E-05	 9.13784148E-05	 1.56445376E-04	 1.45288433E-04	 1.36783006E-04	 3.07150679E-06	 1.51614246E-06	-4.89506911E-06	-1.08453099E-05	-1.93611653E-05	-3.01764053E-05	-3.94547251E-05	-7.07940655E-07	 9.13245814E-06	 3.53659660E-05
 3.030000E-01	 9.23381136E-06	 3.93190607E-06	 4.21312491E-06	 1.51804473E-05	-3.38023654E-05	 6.99483094E-05	 8.79971984E-05	 1.51304848E-04	 1.41093479E-04	 1.33232012E-04	 3.16706968E-06	 1.59919410E-06	-4.72990061E-06	-1.06072059E-05	-1.82858741E-05	-2.93102844E-05	-3.84615871E-05	-1.40224289E-06	 8.20944049E-06	 3.36978127E-05
 3.040000E-01	 9.45975863E-06	 4.02697493E-06	 3.98161594E-06	 1.43612701E-05	-3.28470652E-05	 6.71417063E-05	 8.47473269E-05	 1.46340506E-04	 1.37020552E-04	 1.29768380E-04	 3.26152393E-06	 1.68150782E-06	-4.56301695E-06	-1.03653605E-05	-1.72606438E-05	-2.84672923E-05	-3.74886034E-05	-2.04461428E-06	 7.33852867E-06	 3.20995842E-05
 3.050000E-01	 9.68821276E-06	 4.12522658E-06	 3.75777968E-06	 1.35744357E-05	-3.19157007E-05	 6.44548071E-05	 8.16234619E-05	 1.41546167E-04	 1.33066283E-04	 1.26390399E-04	 3.35490622E-06	 1.76309733E-06	-4.39455435E-06	-1.01203544E-05	-1.62831165E-05	-2.76469300E-05	-3.65357349E-05	-2.63811322E-06	 6.51715850E-06	 3.05685462E-05
 3.060000E-01	 9.91919952E-06	 4.22664794E-06	 3.54144490E-06	 1.28188265E-05	-3.10076582E-05	 6.18821984E-05	 7.86204890E-05	 1.36915866E-04	 1.29227376E-04	 1.23096357E-04	 3.44725275E-06	 1.84397585E-06	-4.22464485E-06	-9.87273082E-06	-1.53510544E-05	-2.68486960E-05	-3.56029062E-05	-3.18562961E-06	 5.74288403E-06	 2.91020618E-05
 3.070000E-01	 1.01527435E-05	 4.33122707E-06	 3.33244942E-06	 1.20933646E-05	-3.01223248E-05	 5.94187286E-05	 7.57335088E-05	 1.32443842E-04	 1.25500607E-04	 1.19884546E-04	 3.53859936E-06	 1.92415641E-06	-4.05341717E-06	-9.62299887E-06	-1.44623336E-05	-2.60720880E-05	-3.46900092E-05	-3.68989395E-06	 5.01337237E-06	 2.76975888E-05
 3.080000E-01	 1.03888682E-05	 4.43895318E-06	 3.13063974E-06	 1.13970087E-05	-2.92590898E-05	 5.70594951E-05	 7.29578278E-05	 1.28124536E-04	 1.21882829E-04	 1.16753265E-04	 3.62898170E-06	 2.00365218E-06	-3.88099719E-06	-9.37163751E-06	-1.36149382E-05	-2.53166042E-05	-3.37969061E-05	-4.15348607E-06	 4.32639874E-06	 2.63526770E-05
 3.090000E-01	 1.06275959E-05	 4.54981644E-06	 2.93586911E-06	 1.07287526E-05	-2.84173473E-05	 5.47998295E-05	 7.02889522E-05	 1.23952586E-04	 1.18370970E-04	 1.13700824E-04	 3.71843513E-06	 2.08247735E-06	-3.70750683E-06	-9.11910098E-06	-1.28069505E-05	-2.45817437E-05	-3.29234342E-05	-4.57884400E-06	 3.67984200E-06	 2.50649655E-05
 3.100000E-01	 1.08689481E-05	 4.66380789E-06	 2.74799495E-06	 1.00876241E-05	-2.75965002E-05	 5.26352837E-05	 6.77225814E-05	 1.19922822E-04	 1.14962035E-04	 1.10725546E-04	 3.80699434E-06	 2.16064815E-06	-3.53306127E-06	-8.86582408E-06	-1.20365435E-05	-2.38670079E-05	-3.20694089E-05	-4.96827236E-06	 3.07168030E-06	 2.38321800E-05
 3.110000E-01	 1.11129452E-05	 4.78091939E-06	 2.56687937E-06	 9.47268525E-06	-2.67959602E-05	 5.05616199E-05	 6.52545971E-05	 1.16030257E-04	 1.11653105E-04	 1.07825769E-04	 3.89469316E-06	 2.23818258E-06	-3.35776841E-06	-8.61222202E-06	-1.13019769E-05	-2.31719004E-05	-3.12346256E-05	-5.32394897E-06	 2.49998649E-06	 2.26521301E-05
 3.120000E-01	 1.13596061E-05	 4.90114333E-06	 2.39239099E-06	 8.88303473E-06	-2.60151462E-05	 4.85748027E-05	 6.28810519E-05	 1.12270081E-04	 1.08441335E-04	 1.04999845E-04	 3.98156465E-06	 2.31509942E-06	-3.18173044E-06	-8.35868608E-06	-1.06015960E-05	-2.24959283E-05	-3.04188608E-05	-5.64793069E-06	 1.96292358E-06	 2.15227066E-05
 3.130000E-01	 1.16089478E-05	 5.02447276E-06	 2.22440509E-06	 8.31780460E-06	-2.52534840E-05	 4.66709910E-05	 6.05981614E-05	 1.08637650E-04	 1.05323945E-04	 1.02246143E-04	 4.06764115E-06	 2.39141843E-06	-3.00504426E-06	-8.10558712E-06	-9.93382910E-06	-2.18386024E-05	-2.96218729E-05	-5.94215961E-06	 1.45874067E-06	 2.04418786E-05
 3.140000E-01	 1.18609855E-05	 5.15090153E-06	 2.06280355E-06	 7.77615788E-06	-2.45104066E-05	 4.48465282E-05	 5.84022976E-05	 1.05128479E-04	 1.02298226E-04	 9.95630513E-05	 4.15295433E-06	 2.46716096E-06	-2.82780147E-06	-7.85327977E-06	-9.29718287E-06	-2.11994374E-05	-2.88434052E-05	-6.20846921E-06	 9.85769188E-07	 1.94076914E-05
 3.150000E-01	 1.21157323E-05	 5.28042434E-06	 1.90747510E-06	 7.25728704E-06	-2.37853548E-05	 4.30979337E-05	 5.62899823E-05	 1.01738244E-04	 9.93615372E-05	 9.69489748E-05	 4.23753522E-06	 2.54235033E-06	-2.65008830E-06	-7.60210554E-06	-8.69023765E-06	-2.05779529E-05	-2.80831872E-05	-6.44859033E-06	 5.42419225E-07	 1.84182639E-05
 3.160000E-01	 1.23731990E-05	 5.41303653E-06	 1.75831555E-06	 6.76041378E-06	-2.30777774E-05	 4.14218932E-05	 5.42578811E-05	 9.84627703E-05	 9.65113024E-05	 9.44023397E-05	 4.32141422E-06	 2.61701211E-06	-2.47198550E-06	-7.35239522E-06	-8.11164285E-06	-1.99736732E-05	-2.73409368E-05	-6.66415672E-06	 1.27176071E-07	 1.74717861E-05
 3.170000E-01	 1.26333924E-05	 5.54873340E-06	 1.61522809E-06	 6.28478774E-06	-2.23871360E-05	 3.98152462E-05	 5.23027902E-05	 9.52980234E-05	 9.37450125E-05	 9.19215971E-05	 4.40462109E-06	 2.69117492E-06	-2.29356763E-06	-7.10446944E-06	-7.56011145E-06	-1.93861278E-05	-2.66163626E-05	-6.85671160E-06	-2.61404518E-07	 1.65665165E-05
 3.180000E-01	 1.28963172E-05	 5.68751010E-06	 1.47812476E-06	 5.82969091E-06	-2.17129035E-05	 3.82749811E-05	 5.04216373E-05	 9.22401120E-05	 9.10602241E-05	 8.95052216E-05	 4.48718505E-06	 2.76486961E-06	-2.11490361E-06	-6.85863906E-06	-7.03441595E-06	-1.88148532E-05	-2.59091656E-05	-7.02771158E-06	-6.24698354E-07	 1.57007799E-05
 3.190000E-01	 1.31619782E-05	 5.82936125E-06	 1.34692723E-06	 5.39444507E-06	-2.10545581E-05	 3.67982317E-05	 4.86114854E-05	 8.92852888E-05	 8.84545586E-05	 8.71517053E-05	 4.56913486E-06	 2.83812798E-06	-1.93605823E-06	-6.61520555E-06	-6.53338485E-06	-1.82593947E-05	-2.52190409E-05	-7.17852970E-06	-9.64013977E-07	 1.48729658E-05
 3.200000E-01	 1.34303792E-05	 5.97427980E-06	 1.22156618E-06	 4.97841422E-06	-2.04115847E-05	 3.53822679E-05	 4.68695242E-05	 8.64299430E-05	 8.59257004E-05	 8.48595602E-05	 4.65049871E-06	 2.91098303E-06	-1.75709203E-06	-6.37445997E-06	-6.05589870E-06	-1.77193066E-05	-2.45456793E-05	-7.31046048E-06	-1.28059619E-06	 1.40815257E-05
 3.210000E-01	 1.37015218E-05	 6.12225595E-06	 1.10198063E-06	 4.58100725E-06	-1.97834776E-05	 3.40244864E-05	 4.51930632E-05	 8.36705954E-05	 8.34713958E-05	 8.26273195E-05	 4.73130408E-06	 2.98346888E-06	-1.57806070E-06	-6.13668140E-06	-5.60088683E-06	-1.71941524E-05	-2.38887683E-05	-7.42472466E-06	-1.57562935E-06	 1.33249711E-05
 3.220000E-01	 1.39754062E-05	 6.27327633E-06	 9.88117018E-07	 4.20168036E-06	-1.91697417E-05	 3.27224036E-05	 4.35795256E-05	 8.10038929E-05	 8.10894523E-05	 8.04535389E-05	 4.81157759E-06	 3.05562047E-06	-1.39901454E-06	-5.90213508E-06	-5.16732430E-06	-1.66835056E-05	-2.32479933E-05	-7.52247325E-06	-1.85024019E-06	 1.26018716E-05
 3.230000E-01	 1.42520307E-05	 6.42732345E-06	 8.79928200E-07	 3.83993731E-06	-1.85698942E-05	 3.14736492E-05	 4.20264441E-05	 7.84266044E-05	 7.87777371E-05	 7.83367972E-05	 4.89134489E-06	 3.12747336E-06	-1.21999790E-06	-5.67107173E-06	-4.75422928E-06	-1.61869498E-05	-2.26230389E-05	-7.60479147E-06	-2.10550048E-06	 1.19108522E-05
 3.240000E-01	 1.45313918E-05	 6.58437548E-06	 7.77372458E-07	 3.49532852E-06	-1.79834656E-05	 3.02759609E-05	 4.05314549E-05	 7.59356161E-05	 7.65341759E-05	 7.62756966E-05	 4.97063048E-06	 3.19906341E-06	-1.04104894E-06	-5.44372594E-06	-4.36066121E-06	-1.57040792E-05	-2.20135892E-05	-7.67270224E-06	-2.34242965E-06	 1.12505922E-05
 3.250000E-01	 1.48134847E-05	 6.74440617E-06	 6.80413430E-07	 3.16744928E-06	-1.74100002E-05	 2.91271792E-05	 3.90922918E-05	 7.35279247E-05	 7.43567499E-05	 7.42688631E-05	 5.04945783E-06	 3.27042616E-06	-8.62200744E-07	-5.22031330E-06	-3.98572119E-06	-1.52344988E-05	-2.14193283E-05	-7.72716916E-06	-2.56199741E-06	 1.06198224E-05
 3.260000E-01	 1.50983032E-05	 6.90738493E-06	 5.89019532E-07	 2.85593643E-06	-1.68490577E-05	 2.80252429E-05	 3.77067782E-05	 7.12006313E-05	 7.22434940E-05	 7.23149479E-05	 5.12784934E-06	 3.34159630E-06	-6.83481456E-07	-5.00102752E-06	-3.62855236E-06	-1.47778247E-05	-2.08399395E-05	-7.76909958E-06	-2.76512652E-06	 1.00173238E-05
 3.270000E-01	 1.53858401E-05	 7.07327668E-06	 5.03161288E-07	 2.56046467E-06	-1.63002156E-05	 2.69681818E-05	 3.63728221E-05	 6.89509363E-05	 7.01924974E-05	 7.04126296E-05	 5.20582597E-06	 3.41260757E-06	-5.04912156E-07	-4.78603922E-06	-3.28833667E-06	-1.43336841E-05	-2.02751070E-05	-7.79934842E-06	-2.95269539E-06	 9.44192492E-06
 3.280000E-01	 1.56760880E-05	 7.24204211E-06	 4.22808740E-07	 2.28074205E-06	-1.57630711E-05	 2.59541107E-05	 3.50884141E-05	 6.67761381E-05	 6.82019036E-05	 6.85606149E-05	 5.28340679E-06	 3.48349265E-06	-3.26505124E-07	-4.57549531E-06	-2.96429097E-06	-1.39017152E-05	-1.97245166E-05	-7.81872150E-06	-3.12554011E-06	 8.89250028E-06
 3.290000E-01	 1.59690395E-05	 7.41363830E-06	 3.47929986E-07	 2.01650407E-06	-1.52372412E-05	 2.49812269E-05	 3.38516251E-05	 6.46736298E-05	 6.62699099E-05	 6.67576387E-05	 5.36060888E-06	 3.55428269E-06	-1.48263793E-07	-4.36951794E-06	-2.65566509E-06	-1.34815674E-05	-1.91878567E-05	-7.82797828E-06	-3.28445630E-06	 8.36796874E-06
 3.300000E-01	 1.62646877E-05	 7.58801975E-06	 2.78490122E-07	 1.76750640E-06	-1.47223614E-05	 2.40478067E-05	 3.26606029E-05	 6.26408955E-05	 6.43947655E-05	 6.50024632E-05	 5.43744727E-06	 3.62500685E-06	 2.98165984E-08	-4.16820355E-06	-2.36174097E-06	-1.30729011E-05	-1.86648183E-05	-7.82783421E-06	-3.43020094E-06	 7.86729171E-06
 3.310000E-01	 1.65630266E-05	 7.76513963E-06	 2.14450455E-07	 1.53351611E-06	-1.42180856E-05	 2.31522039E-05	 3.15135701E-05	 6.06755077E-05	 6.25747701E-05	 6.32938780E-05	 5.51393494E-06	 3.69569196E-06	 2.07748099E-07	-3.97162269E-06	-2.08183227E-06	-1.26753880E-05	-1.81550954E-05	-7.81896304E-06	-3.56349418E-06	 7.38947165E-06
 3.320000E-01	 1.68640516E-05	 7.94495111E-06	 1.55767996E-07	 1.31430280E-06	-1.37240841E-05	 2.22928473E-05	 3.04088209E-05	 5.87751236E-05	 6.08082729E-05	 6.16306997E-05	 5.59008290E-06	 3.76636218E-06	 3.85549056E-07	-3.77982010E-06	-1.81528408E-06	-1.22887106E-05	-1.76583850E-05	-7.80199905E-06	-3.68502099E-06	 6.93355051E-06
 3.330000E-01	 1.71677592E-05	 8.12740814E-06	 1.02394981E-07	 1.10963468E-06	-1.32400430E-05	 2.14682381E-05	 2.93447203E-05	 5.69374839E-05	 5.90936711E-05	 6.00117709E-05	 5.66590026E-06	 3.83703803E-06	 5.63242411E-07	-3.59281163E-06	-1.56147230E-06	-1.19125631E-05	-1.71743879E-05	-7.77753907E-06	-3.79543261E-06	 6.49860837E-06
 3.340000E-01	 1.74741480E-05	 8.31246616E-06	 5.42785250E-08	 9.19275386E-07	-1.27656616E-05	 2.06769485E-05	 2.83197032E-05	 5.51604106E-05	 5.74294082E-05	 5.84359592E-05	 5.74139442E-06	 3.90773559E-06	 7.40852980E-07	-3.41058243E-06	-1.31980340E-06	-1.15466515E-05	-1.67028091E-05	-7.74614431E-06	-3.89534778E-06	 6.08376221E-06
 3.350000E-01	 1.77832180E-05	 8.50008308E-06	 1.13605641E-08	 7.42979727E-07	-1.23006505E-05	 1.99176196E-05	 2.73322729E-05	 5.34418053E-05	 5.58139724E-05	 5.69021561E-05	 5.81657154E-06	 3.97846604E-06	 9.18404606E-07	-3.23308728E-06	-1.08971492E-06	-1.11906936E-05	-1.62433579E-05	-7.70834215E-06	-3.98535403E-06	 5.68816471E-06
 3.360000E-01	 1.80949714E-05	 8.69022010E-06	-2.64220331E-08	 5.80489064E-07	-1.18447306E-05	 1.91889594E-05	 2.63809973E-05	 5.17796454E-05	 5.42458949E-05	 5.54092764E-05	 5.89143694E-06	 4.04923573E-06	 1.09591803E-06	-3.06025312E-06	-8.70675788E-07	-1.08444187E-05	-1.57957477E-05	-7.66462798E-06	-4.06600932E-06	 5.31100286E-06
 3.370000E-01	 1.84094124E-05	 8.88284254E-06	-5.91371670E-08	 4.31527364E-07	-1.13976318E-05	 1.84897393E-05	 2.54645065E-05	 5.01719816E-05	 5.27237493E-05	 5.39562587E-05	 5.96599558E-06	 4.12004663E-06	 1.27340910E-06	-2.89198352E-06	-6.62186114E-07	-1.05075663E-05	-1.53596964E-05	-7.61546718E-06	-4.13784346E-06	 4.95149663E-06
 3.380000E-01	 1.87265473E-05	 9.07792049E-06	-8.68569660E-08	 2.95798561E-07	-1.09590920E-05	 1.78187922E-05	 2.45814894E-05	 4.86169351E-05	 5.12461505E-05	 5.25420649E-05	 6.04025252E-06	 4.19089700E-06	 1.45088724E-06	-2.72816448E-06	-4.63776531E-07	-1.01798852E-05	-1.49349256E-05	-7.56129692E-06	-4.20135963E-06	 4.60889768E-06
 3.390000E-01	 1.90463846E-05	 9.27542913E-06	-1.09657068E-07	 1.72985600E-07	-1.05288565E-05	 1.71750088E-05	 2.37306912E-05	 4.71126950E-05	 4.98117537E-05	 5.11656800E-05	 6.11421339E-06	 4.26178234E-06	 1.62835436E-06	-2.56867107E-06	-2.75006868E-07	-9.86113206E-06	-1.45211612E-05	-7.50252802E-06	-4.25703568E-06	 4.28248816E-06
 3.400000E-01	 1.93689345E-05	 9.47534862E-06	-1.27615915E-07	 6.27513310E-08	-1.01066764E-05	 1.65573339E-05	 2.29109115E-05	 4.56575171E-05	 4.84192553E-05	 4.98261127E-05	 6.18788464E-06	 4.33269643E-06	 1.80580529E-06	-2.41337459E-06	-9.54631233E-08	-9.55107015E-06	-1.41181337E-05	-7.43954704E-06	-4.30532551E-06	 3.97157943E-06
 3.410000E-01	 1.96942090E-05	 9.67766324E-06	-1.40813777E-07	-3.52592693E-08	-9.69230850E-06	 1.59647629E-05	 2.21210018E-05	 4.42497233E-05	 4.70673938E-05	 4.85223935E-05	 6.26127371E-06	 4.40363232E-06	 1.98322913E-06	-2.26214872E-06	 7.52455194E-08	-9.24946866E-06	-1.37255785E-05	-7.37271793E-06	-4.34666001E-06	 3.67551085E-06
 3.420000E-01	 2.00222219E-05	 9.88236061E-06	-1.49331110E-07	-1.21415478E-07	-9.28551455E-06	 1.53963389E-05	 2.13598620E-05	 4.28876979E-05	 4.57549481E-05	 4.72535726E-05	 6.33438941E-06	 4.47458320E-06	 2.16060906E-06	-2.11487421E-06	 2.37487194E-07	-8.95610219E-06	-1.33432352E-05	-7.30238283E-06	-4.38144810E-06	 3.39364861E-06
 3.430000E-01	 2.03529891E-05	 1.00894314E-05	-1.53246880E-07	-1.96098308E-07	-8.88606016E-06	 1.48511506E-05	 2.06264369E-05	 4.15698847E-05	 4.44807355E-05	 4.60187191E-05	 6.40724235E-06	 4.54554329E-06	 2.33792150E-06	-1.97144368E-06	 3.91607289E-07	-8.67075002E-06	-1.29708469E-05	-7.22886297E-06	-4.41007775E-06	 3.12538481E-06
 3.440000E-01	 2.06865278E-05	 1.02988691E-05	-1.52637359E-07	-2.59696952E-07	-8.49371407E-06	 1.43283299E-05	 1.99197140E-05	 4.02947841E-05	 4.32436096E-05	 4.48169206E-05	 6.47984506E-06	 4.61650865E-06	 2.51513605E-06	-1.83176530E-06	 5.37929838E-07	-8.39319544E-06	-1.26081602E-05	-7.15245975E-06	-4.43291708E-06	 2.87013642E-06
 3.450000E-01	 2.10228566E-05	 1.05106692E-05	-1.47575094E-07	-3.12604292E-07	-8.10824762E-06	 1.38270492E-05	 1.92387213E-05	 3.90609509E-05	 4.20424599E-05	 4.36472838E-05	 6.55221210E-06	 4.68747765E-06	 2.69221602E-06	-1.69576498E-06	 6.76759379E-07	-8.12322538E-06	-1.22549253E-05	-7.07345603E-06	-4.45031540E-06	 2.62734446E-06
 3.460000E-01	 2.13619951E-05	 1.07248285E-05	-1.38128029E-07	-3.55212078E-07	-7.72943437E-06	 1.33465178E-05	 1.85825257E-05	 3.78669926E-05	 4.08762102E-05	 4.25089344E-05	 6.62435999E-06	 4.75845139E-06	 2.86911892E-06	-1.56338697E-06	 8.08382635E-07	-7.86063026E-06	-1.19108964E-05	-6.99211716E-06	-4.46260414E-06	 2.39647300E-06
 3.470000E-01	 2.17039637E-05	 1.09413446E-05	-1.24358847E-07	-3.87906128E-07	-7.35705016E-06	 1.28859803E-05	 1.79502303E-05	 3.67115667E-05	 3.97438169E-05	 4.14010170E-05	 6.69630722E-06	 4.82943375E-06	 3.04579661E-06	-1.43459313E-06	 9.33069392E-07	-7.60520412E-06	-1.15758315E-05	-6.90869187E-06	-4.47009774E-06	 2.17700836E-06
 3.480000E-01	 2.20487830E-05	 1.11602162E-05	-1.06324139E-07	-4.11060938E-07	-6.99087376E-06	 1.24447126E-05	 1.73409712E-05	 3.55933761E-05	 3.86442669E-05	 4.03226992E-05	 6.76807402E-06	 4.90043151E-06	 3.22219502E-06	-1.30936138E-06	 1.05107315E-06	-7.35674388E-06	-1.12494926E-05	-6.82341342E-06	-4.47309523E-06	 1.96845801E-06
 3.490000E-01	 2.23964718E-05	 1.13814438E-05	-8.40735124E-08	-4.25034784E-07	-6.63068759E-06	 1.20220183E-05	 1.67539136E-05	 3.45111643E-05	 3.75765749E-05	 3.92731778E-05	 6.83968180E-06	 4.97145423E-06	 3.39825474E-06	-1.18768407E-06	 1.16263301E-06	-7.11504802E-06	-1.09316457E-05	-6.73650132E-06	-4.47188200E-06	 1.77034933E-06
 3.500000E-01	 2.27470469E-05	 1.16050306E-05	-5.76493869E-08	-4.30167340E-07	-6.27627799E-06	 1.16172261E-05	 1.61882504E-05	 3.34637135E-05	 3.65397836E-05	 3.82516799E-05	 6.91115275E-06	 5.04251413E-06	 3.57391223E-06	-1.06956640E-06	 1.26797587E-06	-6.87991630E-06	-1.06220615E-05	-6.64816247E-06	-4.46673076E-06	 1.58222856E-06
 3.510000E-01	 2.31005222E-05	 1.18309816E-05	-2.70872434E-08	-4.26779287E-07	-5.92743537E-06	 1.12296889E-05	 1.56432017E-05	 3.24498445E-05	 3.55329630E-05	 3.72574622E-05	 6.98250965E-06	 5.11362591E-06	 3.74910067E-06	-9.55024657E-07	 1.36731784E-06	-6.65115024E-06	-1.03205156E-05	-6.55859168E-06	-4.45790191E-06	 1.40365988E-06
 3.520000E-01	 2.34569092E-05	 1.20593041E-05	 7.58397835E-09	-4.15172791E-07	-5.58395446E-06	 1.08587835E-05	 1.51180142E-05	 3.14684152E-05	 3.45552097E-05	 3.62898085E-05	 7.05377581E-06	 5.18480648E-06	 3.92375040E-06	-8.44084332E-07	 1.46086505E-06	-6.42855369E-06	-1.00267884E-05	-6.46797215E-06	-4.44564390E-06	 1.23422470E-06
 3.530000E-01	 2.38162165E-05	 1.22900078E-05	 4.63412664E-08	-3.95632311E-07	-5.24563481E-06	 1.05039095E-05	 1.46119607E-05	 3.05183196E-05	 3.36056468E-05	 3.53480285E-05	 7.12497489E-06	 5.25607485E-06	 4.09778946E-06	-7.36778455E-07	 1.54881442E-06	-6.21193328E-06	-9.74066515E-06	-6.37647582E-06	-4.43019350E-06	 1.07352087E-06
 3.540000E-01	 2.41784501E-05	 1.25231048E-05	 8.91666431E-08	-3.68426181E-07	-4.91228160E-06	 1.01644895E-05	 1.41243394E-05	 2.95984876E-05	 3.26834223E-05	 3.44314559E-05	 7.19613093E-06	 5.32745193E-06	 4.27114370E-06	-6.33146145E-07	 1.63135408E-06	-6.00109887E-06	-9.46193579E-06	-6.28426372E-06	-4.41177618E-06	 9.21162022E-07
 3.550000E-01	 2.45436145E-05	 1.27586089E-05	 1.36045081E-07	-3.33809756E-07	-4.58370660E-06	 9.83997033E-06	 1.36544749E-05	 2.87078852E-05	 3.17877093E-05	 3.35394432E-05	 7.26726857E-06	 5.39896061E-06	 4.44373662E-06	-5.33231477E-07	 1.70866307E-06	-5.79586505E-06	-9.19039493E-06	-6.19148575E-06	-4.39060565E-06	 7.76777343E-07
 3.560000E-01	 2.49117147E-05	 1.29965338E-05	 1.86961275E-07	-2.92029752E-07	-4.25972833E-06	 9.52982448E-06	 1.32017220E-05	 2.78455185E-05	 3.09177066E-05	 3.26713526E-05	 7.33841373E-06	 5.47062568E-06	 4.61548928E-06	-4.37082881E-07	 1.78091136E-06	-5.59605330E-06	-8.92584205E-06	-6.09828044E-06	-4.36688298E-06	 6.40011674E-07
 3.570000E-01	 2.52827580E-05	 1.32368918E-05	 2.41897445E-07	-2.43328172E-07	-3.94017203E-06	 9.23355054E-06	 1.27654658E-05	 2.70104345E-05	 3.00726387E-05	 3.18265527E-05	 7.40959392E-06	 5.54247404E-06	 4.78632110E-06	-3.44752998E-07	 1.84826088E-06	-5.40149269E-06	-8.66808178E-06	-6.00477538E-06	-4.34079658E-06	 5.10525327E-07
 3.580000E-01	 2.56567540E-05	 1.34796938E-05	 3.00832368E-07	-1.87945972E-07	-3.62487016E-06	 8.95067180E-06	 1.23451213E-05	 2.62017194E-05	 2.92517555E-05	 3.10044190E-05	 7.48083814E-06	 5.61453466E-06	 4.95615056E-06	-2.56298448E-07	 1.91086681E-06	-5.21201948E-06	-8.41692410E-06	-5.91108818E-06	-4.31252299E-06	 3.87993524E-07
 3.590000E-01	 2.60337154E-05	 1.37249507E-05	 3.63740476E-07	-1.26127133E-07	-3.31366300E-06	 8.68073530E-06	 1.19401312E-05	 2.54184966E-05	 2.84543308E-05	 3.02043351E-05	 7.55217684E-06	 5.68683862E-06	 5.12489571E-06	-1.71779285E-07	 1.96887849E-06	-5.02747672E-06	-8.17218440E-06	-5.81732726E-06	-4.28222770E-06	 2.72105849E-07
 3.600000E-01	 2.64136581E-05	 1.39726732E-05	 4.30591014E-07	-5.81230154E-08	-3.00639921E-06	 8.42331094E-06	 1.15499654E-05	 2.46599250E-05	 2.76796621E-05	 2.94256930E-05	 7.62364175E-06	 5.75941912E-06	 5.29247467E-06	-9.12580983E-08	 2.02244018E-06	-4.84771398E-06	-7.93368349E-06	-5.72359262E-06	-4.25006583E-06	 1.62565701E-07
 3.610000E-01	 2.67966019E-05	 1.42228726E-05	 5.01347584E-07	 1.58031296E-08	-2.70293588E-06	 8.17799066E-06	 1.11741192E-05	 2.39251974E-05	 2.69270693E-05	 2.86678947E-05	 7.69526584E-06	 5.83231120E-06	 5.45880609E-06	-1.47986302E-08	 2.07169208E-06	-4.67258709E-06	-7.70124775E-06	-5.62997652E-06	-4.21618284E-06	 5.90897331E-08
 3.620000E-01	 2.71825693E-05	 1.44755623E-05	 5.75968843E-07	 9.53725708E-08	-2.40313837E-06	 7.94438683E-06	 1.08121116E-05	 2.32135378E-05	 2.61958945E-05	 2.79303543E-05	 7.76708284E-06	 5.90555132E-06	 5.62381005E-06	 5.75361951E-08	 2.11677178E-06	-4.50195738E-06	-7.47470921E-06	-5.53656451E-06	-4.18071561E-06	-3.85929414E-08
 3.630000E-01	 2.75715851E-05	 1.47307594E-05	 6.54409807E-07	 1.80290206E-07	-2.10688076E-06	 7.72213004E-06	 1.04634816E-05	 2.25241973E-05	 2.54855006E-05	 2.72125032E-05	 7.83912659E-06	 5.97917686E-06	 5.78740870E-06	 1.25686546E-07	 2.15781536E-06	-4.33569053E-06	-7.25390537E-06	-5.44343630E-06	-4.14379370E-06	-1.30741785E-07
 3.640000E-01	 2.79636751E-05	 1.49884864E-05	 7.36622113E-07	 2.70244043E-07	-1.81404653E-06	 7.51086758E-06	 1.01277863E-05	 2.18564515E-05	 2.47952695E-05	 2.65137915E-05	 7.91143065E-06	 6.05322588E-06	 5.94952664E-06	 1.89598193E-07	 2.19495767E-06	-4.17365610E-06	-7.03867874E-06	-5.35066609E-06	-4.10554003E-06	-2.17605576E-07
 3.650000E-01	 2.83588671E-05	 1.52487713E-05	 8.22553505E-07	 3.64904764E-07	-1.52452899E-06	 7.31026291E-06	 9.80459971E-06	 2.12095995E-05	 2.41246014E-05	 2.58336867E-05	 7.98402811E-06	 6.12773671E-06	 6.11009110E-06	 2.49225101E-07	 2.22833235E-06	-4.01572787E-06	-6.82887670E-06	-5.25832272E-06	-4.06607115E-06	-2.99422847E-07
 3.660000E-01	 2.87571905E-05	 1.55116483E-05	 9.12147480E-07	 4.63925825E-07	-1.23823118E-06	 7.11999488E-06	 9.49351269E-06	 2.05829629E-05	 2.34729144E-05	 2.51716736E-05	 8.05695145E-06	 6.20274744E-06	 6.26903220E-06	 3.04532088E-07	 2.25807216E-06	-3.86178403E-06	-6.62435143E-06	-5.16646991E-06	-4.02549746E-06	-3.76422305E-07
 3.670000E-01	 2.91586766E-05	 1.57771571E-05	 1.00534310E-06	 5.66944251E-07	-9.55065726E-07	 6.93975699E-06	 9.19413214E-06	 1.99758857E-05	 2.28396440E-05	 2.45272532E-05	 8.13023230E-06	 6.27829534E-06	 6.42628311E-06	 3.55497579E-07	 2.28430931E-06	-3.71170742E-06	-6.42495992E-06	-5.07516647E-06	-3.98392344E-06	-4.48823224E-07
 3.680000E-01	 2.95633580E-05	 1.60453438E-05	 1.10207515E-06	 6.73582124E-07	-6.74953949E-07	 6.76925655E-06	 8.90608053E-06	 1.93877336E-05	 2.22242427E-05	 2.38999421E-05	 8.20390135E-06	 6.35441625E-06	 6.58178028E-06	 4.02116390E-07	 2.30717585E-06	-3.56538581E-06	-6.23056398E-06	-4.98446662E-06	-3.94144788E-06	-5.16835843E-07
 3.690000E-01	 2.99712690E-05	 1.63162595E-05	 1.20227438E-06	 7.83448688E-07	-3.97824236E-07	 6.60821394E-06	 8.62899559E-06	 1.88178940E-05	 2.16261798E-05	 2.32892720E-05	 8.27798817E-06	 6.43114377E-06	 6.73546380E-06	 4.44402371E-07	 2.32680422E-06	-3.42271201E-06	-6.04103042E-06	-4.89442031E-06	-3.89816407E-06	-5.80661688E-07
 3.700000E-01	 3.03824455E-05	 1.65899605E-05	 1.30586719E-06	 8.96143168E-07	-1.23610869E-07	 6.45636213E-06	 8.36253012E-06	 1.82657754E-05	 2.10449413E-05	 2.26947882E-05	 8.35252115E-06	 6.50850880E-06	 6.88727761E-06	 4.82390714E-07	 2.34332754E-06	-3.28358422E-06	-5.85623114E-06	-4.80507338E-06	-3.85415990E-06	-6.40493804E-07
 3.710000E-01	 3.07969247E-05	 1.68665077E-05	 1.41277520E-06	 1.01125847E-06	 1.47746204E-07	 6.31344571E-06	 8.10635127E-06	 1.77308077E-05	 2.04800285E-05	 2.21160488E-05	 8.42752731E-06	 6.58653918E-06	 7.03716995E-06	 5.16139809E-07	 2.35688000E-06	-3.14790615E-06	-5.67604305E-06	-4.71646774E-06	-3.80951798E-06	-6.96517025E-07
 3.720000E-01	 3.12147456E-05	 1.71459664E-05	 1.52291515E-06	 1.12838484E-06	 4.16301681E-07	 6.17921988E-06	 7.86013970E-06	 1.72124405E-05	 1.99309581E-05	 2.15526247E-05	 8.50303210E-06	 6.66525936E-06	 7.18509384E-06	 5.45732816E-07	 2.36759722E-06	-3.01558690E-06	-5.50034800E-06	-4.62864161E-06	-3.76431592E-06	-7.48908290E-07
 3.730000E-01	 3.16359484E-05	 1.74284057E-05	 1.63619916E-06	 1.24711135E-06	 6.82105548E-07	 6.05344981E-06	 7.62358886E-06	 1.67101428E-05	 1.93972613E-05	 2.10040988E-05	 8.57905916E-06	 6.74468983E-06	 7.33100772E-06	 5.71279994E-07	 2.37561676E-06	-2.88654109E-06	-5.32903272E-06	-4.54162968E-06	-3.71862651E-06	-7.97836961E-07
 3.740000E-01	 3.20605748E-05	 1.77138990E-05	 1.75253500E-06	 1.36702756E-06	 9.45203596E-07	 5.93590995E-06	 7.39640431E-06	 1.62234023E-05	 1.88784835E-05	 2.04700655E-05	 8.65563008E-06	 6.82484663E-06	 7.47487614E-06	 5.92920864E-07	 2.38107866E-06	-2.76068876E-06	-5.16198876E-06	-4.45546340E-06	-3.67251796E-06	-8.43465121E-07
 3.750000E-01	 3.24886680E-05	 1.80025233E-05	 1.87182575E-06	 1.48772609E-06	 1.20563685E-06	 5.82638315E-06	 7.17830298E-06	 1.57517244E-05	 1.83741837E-05	 1.99501306E-05	 8.73276409E-06	 6.90574111E-06	 7.61667066E-06	 6.10825787E-07	 2.38412604E-06	-2.63795533E-06	-4.99911235E-06	-4.37017102E-06	-3.62605404E-06	-8.85947811E-07
 3.760000E-01	 3.29202734E-05	 1.82943587E-05	 1.99396938E-06	 1.60880631E-06	 1.46344032E-06	 5.72465950E-06	 6.96901250E-06	 1.52946317E-05	 1.78839340E-05	 1.94439096E-05	 8.81047786E-06	 6.98737982E-06	 7.75637056E-06	 6.25197200E-07	 2.38490563E-06	-2.51827157E-06	-4.84030422E-06	-4.28577775E-06	-3.57929418E-06	-9.25433211E-07
 3.770000E-01	 3.33554387E-05	 1.85894871E-05	 2.11885947E-06	 1.72987868E-06	 1.71864343E-06	 5.63053509E-06	 6.76827072E-06	 1.48516640E-05	 1.74073196E-05	 1.89510274E-05	 8.88878552E-06	 7.06976393E-06	 7.89396297E-06	 6.36270776E-07	 2.38356845E-06	-2.40157343E-06	-4.68546951E-06	-4.20230597E-06	-3.53229369E-06	-9.62062834E-07
 3.780000E-01	 3.37942134E-05	 1.88879903E-05	 2.24638643E-06	 1.85056961E-06	 1.97127188E-06	 5.54381105E-06	 6.57582501E-06	 1.44223778E-05	 1.69439393E-05	 1.84711177E-05	 8.96769856E-06	 7.15288849E-06	 8.02944269E-06	 6.44316372E-07	 2.38027030E-06	-2.28780186E-06	-4.53451782E-06	-4.11977561E-06	-3.48510400E-06	-9.95971804E-07
 3.790000E-01	 3.42366483E-05	 1.91899494E-05	 2.37643861E-06	 1.97052662E-06	 2.22134927E-06	 5.46429262E-06	 6.39143158E-06	 1.40063459E-05	 1.64934052E-05	 1.80038234E-05	 9.04722569E-06	 7.23674199E-06	 8.16281243E-06	 6.49638347E-07	 2.37517239E-06	-2.17690233E-06	-4.38736316E-06	-4.03820446E-06	-3.43777292E-06	-1.02728911E-06
 3.800000E-01	 3.46827956E-05	 1.94954435E-05	 2.50890316E-06	 2.08942374E-06	 2.46889850E-06	 5.39178826E-06	 6.21485460E-06	 1.36031566E-05	 1.60553419E-05	 1.75487962E-05	 9.12737276E-06	 7.32130610E-06	 8.29408314E-06	 6.52575068E-07	 2.36844176E-06	-2.06882439E-06	-4.24392383E-06	-3.95760842E-06	-3.39034494E-06	-1.05613785E-06
 3.810000E-01	 3.51327079E-05	 1.98045490E-05	 2.64366708E-06	 2.20696679E-06	 2.71394323E-06	 5.32610882E-06	 6.04586556E-06	 1.32124133E-05	 1.56293868E-05	 1.71056969E-05	 9.20814261E-06	 7.40655570E-06	 8.42327448E-06	 6.53497537E-07	 2.36025176E-06	-1.96352102E-06	-4.10412228E-06	-3.87800173E-06	-3.34286136E-06	-1.08263547E-06
 3.820000E-01	 3.55864381E-05	 2.01173385E-05	 2.78061794E-06	 2.32289868E-06	 2.95650943E-06	 5.26706691E-06	 5.88424242E-06	 1.28337337E-05	 1.52151892E-05	 1.66741952E-05	 9.28953495E-06	 7.49245898E-06	 8.55041514E-06	 6.52806842E-07	 2.35078215E-06	-1.86094785E-06	-3.96788484E-06	-3.79939726E-06	-3.29536065E-06	-1.10689400E-06
 3.830000E-01	 3.60440380E-05	 2.04338807E-05	 2.91964421E-06	 2.43700507E-06	 3.19662755E-06	 5.21447644E-06	 5.72976887E-06	 1.24667488E-05	 1.48124097E-05	 1.62539708E-05	 9.37154619E-06	 7.57897782E-06	 8.67554335E-06	 6.50929747E-07	 2.34021882E-06	-1.76106202E-06	-3.83514146E-06	-3.72180678E-06	-3.24787877E-06	-1.12902046E-06
 3.840000E-01	 3.65055576E-05	 2.07542400E-05	 3.06063587E-06	 2.54911934E-06	 3.43433458E-06	 5.16815223E-06	 5.58223353E-06	 1.21111023E-05	 1.44207195E-05	 1.58447136E-05	 9.45416938E-06	 7.66606842E-06	 8.79870755E-06	 6.48313247E-07	 2.32875288E-06	-1.66382105E-06	-3.70582515E-06	-3.64524120E-06	-3.20044943E-06	-1.14911711E-06
 3.850000E-01	 3.69710447E-05	 2.10784760E-05	 3.20348537E-06	 2.65912687E-06	 3.66967555E-06	 5.12790975E-06	 5.44142942E-06	 1.17664496E-05	 1.40398005E-05	 1.54461232E-05	 9.53739432E-06	 7.75368208E-06	 8.91996673E-06	 6.45418391E-07	 2.31658002E-06	-1.56918174E-06	-3.57987149E-06	-3.56971071E-06	-3.15310439E-06	-1.16728177E-06
 3.860000E-01	 3.74405445E-05	 2.14066426E-05	 3.34808862E-06	 2.76696816E-06	 3.90270473E-06	 5.09356502E-06	 5.30715353E-06	 1.14324577E-05	 1.36693441E-05	 1.50579089E-05	 9.62120772E-06	 7.84176612E-06	 9.03939052E-06	 6.42713455E-07	 2.30389967E-06	-1.47709923E-06	-3.45721806E-06	-3.49522489E-06	-3.10587363E-06	-1.18360802E-06
 3.870000E-01	 3.79140991E-05	 2.17387872E-05	 3.49434612E-06	 2.87264076E-06	 4.13348683E-06	 5.06493466E-06	 5.17920643E-06	 1.11088043E-05	 1.33090520E-05	 1.46797890E-05	 9.70559343E-06	 7.93026491E-06	 9.15705897E-06	 6.40666731E-07	 2.29091390E-06	-1.38752592E-06	-3.33780388E-06	-3.42179287E-06	-3.05878557E-06	-1.19818542E-06
 3.880000E-01	 3.83917469E-05	 2.20749498E-05	 3.64216463E-06	 2.97619977E-06	 4.36209873E-06	 5.04183640E-06	 5.05739207E-06	 1.07951777E-05	 1.29586352E-05	 1.43114909E-05	 9.79053289E-06	 8.01912062E-06	 9.27306148E-06	 6.39739379E-07	 2.27782597E-06	-1.30041062E-06	-3.22156881E-06	-3.34942337E-06	-3.01186733E-06	-1.21109975E-06
 3.890000E-01	 3.88735220E-05	 2.24151622E-05	 3.79145985E-06	 3.07775738E-06	 4.58863132E-06	 5.02408961E-06	 4.94151760E-06	 1.04912765E-05	 1.26178146E-05	 1.39527501E-05	 9.87600570E-06	 8.10827405E-06	 9.38749534E-06	 6.40378230E-07	 2.26483916E-06	-1.21569789E-06	-3.10845303E-06	-3.27812483E-06	-2.96514489E-06	-1.22243320E-06
 3.900000E-01	 3.93594553E-05	 2.27594459E-05	 3.94215855E-06	 3.17748103E-06	 4.81318941E-06	 5.01151560E-06	 4.83139338E-06	 1.01968090E-05	 1.22863209E-05	 1.36033096E-05	 9.96199017E-06	 8.19766630E-06	 9.50046510E-06	 6.43007855E-07	 2.25215636E-06	-1.13332723E-06	-2.99839652E-06	-3.20790537E-06	-2.91864317E-06	-1.23226443E-06
 3.910000E-01	 3.98495742E-05	 2.31078132E-05	 4.09419980E-06	 3.27558964E-06	 5.03589114E-06	 5.00393818E-06	 4.72683294E-06	 9.91149320E-06	 1.19638941E-05	 1.32629190E-05	 1.00484637E-05	 8.28724055E-06	 9.61208274E-06	 6.48022300E-07	 2.23997947E-06	-1.05323215E-06	-2.89133852E-06	-3.13877275E-06	-2.87238616E-06	-1.24066871E-06
 3.920000E-01	 4.03439032E-05	 2.34602673E-05	 4.24753603E-06	 3.37234803E-06	 5.25686783E-06	 5.00118456E-06	 4.62765315E-06	 9.63505572E-06	 1.16502824E-05	 1.29313347E-05	 1.01354031E-05	 8.37694369E-06	 9.72246713E-06	 6.55777503E-07	 2.22850800E-06	-9.75339404E-07	-2.78721700E-06	-3.07073439E-06	-2.82639704E-06	-1.24771809E-06
 3.930000E-01	 4.08424638E-05	 2.38168037E-05	 4.40213398E-06	 3.46806030E-06	 5.47626400E-06	 5.00308653E-06	 4.53367446E-06	 9.36723153E-06	 1.13452427E-05	 1.26083193E-05	 1.02227852E-05	 8.46672754E-06	 9.83174280E-06	 6.66584659E-07	 2.21793726E-06	-8.99568470E-07	-2.68596807E-06	-3.00379728E-06	-2.78069834E-06	-1.25348160E-06
 3.940000E-01	 4.13452743E-05	 2.41774103E-05	 4.55797560E-06	 3.56306218E-06	 5.69423707E-06	 5.00948162E-06	 4.44472117E-06	 9.10776342E-06	 1.10485391E-05	 1.22936421E-05	 1.03105871E-05	 8.55655001E-06	 9.94003871E-06	 6.80704803E-07	 2.20845658E-06	-8.25831321E-07	-2.58752563E-06	-2.93796793E-06	-2.73531203E-06	-1.25802543E-06
 3.950000E-01	 4.18523506E-05	 2.45420700E-05	 4.71505842E-06	 3.65771215E-06	 5.91095682E-06	 5.02021448E-06	 4.36062187E-06	 8.85640148E-06	 1.07599433E-05	 1.19870785E-05	 1.03987869E-05	 8.64637615E-06	 1.00474874E-05	 6.98344779E-07	 2.20024723E-06	-7.54032407E-07	-2.49182093E-06	-2.87325222E-06	-2.69025960E-06	-1.26141317E-06
 3.960000E-01	 4.23637053E-05	 2.49107632E-05	 4.87339530E-06	 3.75238174E-06	 6.12660492E-06	 5.03513848E-06	 4.28120977E-06	 8.61290237E-06	 1.04792327E-05	 1.16884105E-05	 1.04873632E-05	 8.73617869E-06	 1.01542241E-05	 7.19654847E-07	 2.19347985E-06	-6.84068926E-07	-2.39878228E-06	-2.80965527E-06	-2.64556214E-06	-1.26370602E-06
 3.970000E-01	 4.28793472E-05	 2.52834700E-05	 5.03301406E-06	 3.84744604E-06	 6.34137422E-06	 5.05411723E-06	 4.20632326E-06	 8.37702899E-06	 1.02061908E-05	 1.13974272E-05	 1.05762960E-05	 8.82593829E-06	 1.02603856E-05	 7.44728057E-07	 2.18831248E-06	-6.15831437E-07	-2.30833491E-06	-2.74718129E-06	-2.60124039E-06	-1.26496307E-06
 3.980000E-01	 4.33992820E-05	 2.56601711E-05	 5.19395723E-06	 3.94327512E-06	 6.55546722E-06	 5.07702554E-06	 4.13580630E-06	 8.14855021E-06	 9.94060625E-06	 1.11139239E-05	 1.06655665E-05	 8.91564360E-06	 1.03661084E-05	 7.73601132E-07	 2.18488906E-06	-5.49204706E-07	-2.22040099E-06	-2.68583343E-06	-2.55731466E-06	-1.26524136E-06
 3.990000E-01	 4.39235119E-05	 2.60408498E-05	 5.35628164E-06	 4.04022612E-06	 6.76909423E-06	 5.10375016E-06	 4.06950897E-06	 7.92724070E-06	 9.68227299E-06	 1.08377025E-05	 1.07551576E-05	 9.00529121E-06	 1.04715277E-05	 8.06256684E-07	 2.18333854E-06	-4.84068691E-07	-2.13489962E-06	-2.62561357E-06	-2.51380484E-06	-1.26459606E-06
 4.000000E-01	 4.44520362E-05	 2.64254927E-05	 5.52005766E-06	 4.13863622E-06	 6.98247133E-06	 5.13419029E-06	 4.00728784E-06	 7.71288076E-06	 9.43098971E-06	 1.05685703E-05	 1.08450536E-05	 9.09488553E-06	 1.05767757E-05	 8.42626465E-07	 2.18377429E-06	-4.20299617E-07	-2.05174710E-06	-2.56652218E-06	-2.47073025E-06	-1.26308056E-06
 4.010000E-01	 4.49848522E-05	 2.68140911E-05	 5.68536792E-06	 4.23881703E-06	 7.19581731E-06	 5.16825749E-06	 3.94900636E-06	 7.50525630E-06	 9.18655973E-06	 1.03063406E-05	 1.09352406E-05	 9.18443859E-06	 1.06819818E-05	 8.82595281E-07	 2.18629434E-06	-3.57770986E-07	-1.97085718E-06	-2.50855815E-06	-2.42810956E-06	-1.26074648E-06
 4.020000E-01	 4.55219557E-05	 2.72066405E-05	 5.85230588E-06	 4.34105102E-06	 7.40935048E-06	 5.20587509E-06	 3.89453524E-06	 7.30415898E-06	 8.94879106E-06	 1.00508311E-05	 1.10257064E-05	 9.27396974E-06	 1.07872706E-05	 9.26006005E-07	 2.19098237E-06	-2.96354611E-07	-1.89214138E-06	-2.45171870E-06	-2.38596063E-06	-1.25764367E-06
 4.030000E-01	 4.60633425E-05	 2.76031397E-05	 6.02097517E-06	 4.44558828E-06	 7.62328647E-06	 5.24697768E-06	 3.84375270E-06	 7.10938643E-06	 8.71749658E-06	 9.80186414E-06	 1.11164410E-05	 9.36350451E-06	 1.08927596E-05	 9.72666608E-07	 2.19790805E-06	-2.35921959E-07	-1.81550941E-06	-2.39599920E-06	-2.34430041E-06	-1.25382027E-06
 4.040000E-01	 4.66090084E-05	 2.80035913E-05	 6.19148858E-06	 4.55264404E-06	 7.83783705E-06	 5.29151096E-06	 3.79654469E-06	 6.92074226E-06	 8.49249407E-06	 9.55926593E-06	 1.12074363E-05	 9.45307333E-06	 1.09985573E-05	 1.02235787E-06	 2.20712716E-06	-1.76345574E-07	-1.74086960E-06	-2.34139312E-06	-2.30314484E-06	-1.24932268E-06
 4.050000E-01	 4.71589493E-05	 2.84080010E-05	 6.36396695E-06	 4.66239712E-06	 8.05320899E-06	 5.33943133E-06	 3.75280498E-06	 6.73803611E-06	 8.27360605E-06	 9.32286695E-06	 1.12986868E-05	 9.54271038E-06	 1.11047621E-05	 1.07484068E-06	 2.21868219E-06	-1.17500294E-07	-1.66812939E-06	-2.28789198E-06	-2.26250877E-06	-1.24419569E-06
 4.060000E-01	 4.77131617E-05	 2.88163788E-05	 6.53853790E-06	 4.77498962E-06	 8.26960278E-06	 5.39070523E-06	 3.71243508E-06	 6.56108362E-06	 8.06065966E-06	 9.09250157E-06	 1.13901886E-05	 9.63245269E-06	 1.12114618E-05	 1.12986268E-06	 2.23260334E-06	-5.92642429E-08	-1.59719590E-06	-2.23548534E-06	-2.22240584E-06	-1.23848244E-06
 4.070000E-01	 4.82716427E-05	 2.92287379E-05	 6.71533464E-06	 4.89052727E-06	 8.48721199E-06	 5.44530864E-06	 3.67534418E-06	 6.38970642E-06	 7.85348657E-06	 8.86800809E-06	 1.14819400E-05	 9.72233904E-06	 1.13187338E-05	 1.18716430E-06	 2.24890937E-06	-1.51966036E-09	-1.52797636E-06	-2.18416086E-06	-2.18284843E-06	-1.23222448E-06
 4.080000E-01	 4.88343890E-05	 2.96450959E-05	 6.89449443E-06	 5.00907993E-06	 8.70622344E-06	 5.50322673E-06	 3.64144891E-06	 6.22373203E-06	 7.65192273E-06	 8.64922895E-06	 1.15739407E-05	 9.81240904E-06	 1.14266442E-05	 1.24648417E-06	 2.26760807E-06	 5.58463462E-08	-1.46037861E-06	-2.13390443E-06	-2.14384768E-06	-1.22546181E-06
 4.090000E-01	 4.94013970E-05	 3.00654766E-05	 7.07615698E-06	 5.13068176E-06	 8.92681690E-06	 5.56445358E-06	 3.61067307E-06	 6.06299356E-06	 7.45580791E-06	 8.43601079E-06	 1.16661916E-05	 9.90270241E-06	 1.15352498E-05	 1.30756353E-06	 2.28869647E-06	 1.12941186E-07	-1.39431142E-06	-2.08470019E-06	-2.10541337E-06	-1.21823300E-06
 4.100000E-01	 4.99726627E-05	 3.04899104E-05	 7.26046321E-06	 5.25533257E-06	 9.14916423E-06	 5.62899148E-06	 3.58294743E-06	 5.90732958E-06	 7.26498545E-06	 8.22820433E-06	 1.17586949E-05	 9.99325851E-06	 1.16445985E-05	 1.37014989E-06	 2.31216172E-06	 1.69866411E-07	-1.32968491E-06	-2.03653070E-06	-2.06755399E-06	-1.21057516E-06
 4.110000E-01	 5.05481818E-05	 3.09184343E-05	 7.44755416E-06	 5.38299984E-06	 9.37342874E-06	 5.69685006E-06	 3.55820944E-06	 5.75658408E-06	 7.07930226E-06	 8.02566413E-06	 1.18514534E-05	 1.00841159E-05	 1.17547299E-05	 1.43400021E-06	 2.33798231E-06	 2.26717478E-07	-1.26641076E-06	-1.98937699E-06	-2.03027665E-06	-1.20252398E-06
 4.120000E-01	 5.11279501E-05	 3.13510919E-05	 7.63757014E-06	 5.51362113E-06	 9.59976487E-06	 5.76804548E-06	 3.53640288E-06	 5.61060645E-06	 6.89860880E-06	 7.82824854E-06	 1.19444706E-05	 1.01753116E-05	 1.18656756E-05	 1.49888395E-06	 2.36612892E-06	 2.83583547E-07	-1.20440252E-06	-1.94321874E-06	-1.99358714E-06	-1.19411374E-06
 4.130000E-01	 5.17119628E-05	 3.17879324E-05	 7.83065006E-06	 5.64710804E-06	 9.82831852E-06	 5.84259962E-06	 3.51747753E-06	 5.46925138E-06	 6.72275918E-06	 7.63581952E-06	 1.20377510E-05	 1.02668806E-05	 1.19774581E-05	 1.56458593E-06	 2.39656514E-06	 3.40547236E-07	-1.14357578E-06	-1.89803436E-06	-1.95748994E-06	-1.18537737E-06
 4.140000E-01	 5.23002149E-05	 3.22290090E-05	 8.02693193E-06	 5.78335104E-06	 1.00592274E-05	 5.92053909E-06	 3.50138876E-06	 5.33237900E-06	 6.55161138E-06	 7.44824240E-06	 1.21312997E-05	 1.03588549E-05	 1.20900907E-05	 1.63090909E-06	 2.42924892E-06	 3.97684453E-07	-1.08384846E-06	-1.85380110E-06	-1.92198825E-06	-1.17634639E-06
 4.150000E-01	 5.28927016E-05	 3.26743763E-05	 8.22655337E-06	 5.92222461E-06	 1.02926211E-05	 6.00189388E-06	 3.48809723E-06	 5.19985493E-06	 6.38502763E-06	 7.26538567E-06	 1.22251228E-05	 1.04512640E-05	 1.22035776E-05	 1.69767559E-06	 2.46413508E-06	 4.55064726E-07	-1.02514103E-06	-1.81049524E-06	-1.88708397E-06	-1.16705092E-06
 4.160000E-01	 5.34894187E-05	 3.31240900E-05	 8.42965177E-06	 6.06359127E-06	 1.05286202E-05	 6.08669621E-06	 3.47756850E-06	 5.07155036E-06	 6.22287442E-06	 7.08712083E-06	 1.23192268E-05	 1.05441349E-05	 1.23179161E-05	 1.76472653E-06	 2.50117742E-06	 5.12751828E-07	-9.67376635E-07	-1.76809223E-06	-1.85277778E-06	-1.15751965E-06
 4.170000E-01	 5.40903625E-05	 3.35782061E-05	 8.63636410E-06	 6.20730455E-06	 1.07673372E-05	 6.17497985E-06	 3.46977269E-06	 4.94734194E-06	 6.06502241E-06	 6.91332234E-06	 1.24136185E-05	 1.06374924E-05	 1.24330971E-05	 1.83192104E-06	 2.54032977E-06	 5.70804339E-07	-9.10481150E-07	-1.72656692E-06	-1.81906918E-06	-1.14777983E-06
 4.180000E-01	 5.46955298E-05	 3.40367804E-05	 8.84682705E-06	 6.35321165E-06	 1.10088766E-05	 6.26677962E-06	 3.46468419E-06	 4.82711164E-06	 5.91134644E-06	 6.74386759E-06	 1.25083052E-05	 1.07313595E-05	 1.25491068E-05	 1.89913502E-06	 2.58154670E-06	 6.29276163E-07	-8.54383117E-07	-1.68589368E-06	-1.78595660E-06	-1.13785734E-06
 4.190000E-01	 5.53049178E-05	 3.44998690E-05	 9.06117692E-06	 6.50115543E-06	 1.12533354E-05	 6.36213089E-06	 3.46228132E-06	 4.71074665E-06	 5.76172531E-06	 6.57863686E-06	 1.26032942E-05	 1.08257575E-05	 1.26659273E-05	 1.96625940E-06	 2.62478425E-06	 6.88217109E-07	-7.99013697E-07	-1.64604656E-06	-1.75343743E-06	-1.12777669E-06
 4.200000E-01	 5.59185247E-05	 3.49675293E-05	 9.27954896E-06	 6.65097525E-06	 1.15008031E-05	 6.46106939E-06	 3.46254606E-06	 4.59813908E-06	 5.61604154E-06	 6.41751331E-06	 1.26985928E-05	 1.09207069E-05	 1.27835392E-05	 2.03319799E-06	 2.66999980E-06	 7.47673429E-07	-7.44306556E-07	-1.60699938E-06	-1.72150814E-06	-1.11756111E-06
 4.210000E-01	 5.65363484E-05	 3.54398214E-05	 9.50207607E-06	 6.80250733E-06	 1.17513626E-05	 6.56363131E-06	 3.46546362E-06	 4.48918558E-06	 5.47418090E-06	 6.26038303E-06	 1.27942081E-05	 1.10162272E-05	 1.29019220E-05	 2.09986583E-06	 2.71715132E-06	 8.07688107E-07	-6.90197762E-07	-1.56872594E-06	-1.69016435E-06	-1.10723259E-06
 4.220000E-01	 5.71583865E-05	 3.59168081E-05	 9.72888805E-06	 6.95558609E-06	 1.20050915E-05	 6.66985338E-06	 3.47102207E-06	 4.38378711E-06	 5.33603232E-06	 6.10713509E-06	 1.28901472E-05	 1.11123369E-05	 1.30210545E-05	 2.16618812E-06	 2.76619706E-06	 8.68301045E-07	-6.36625713E-07	-1.53120005E-06	-1.65940097E-06	-1.09681200E-06
 4.230000E-01	 5.77846358E-05	 3.63985548E-05	 9.96011141E-06	 7.11004494E-06	 1.22620622E-05	 6.77977280E-06	 3.47921215E-06	 4.28184870E-06	 5.20148785E-06	 5.95766140E-06	 1.29864169E-05	 1.12090533E-05	 1.31409152E-05	 2.23209926E-06	 2.81709582E-06	 9.29549329E-07	-5.83531072E-07	-1.49439566E-06	-1.62921226E-06	-1.08631909E-06
 4.240000E-01	 5.84150923E-05	 3.68851293E-05	 1.01958694E-05	 7.26571690E-06	 1.25223425E-05	 6.89342711E-06	 3.49002703E-06	 4.18327932E-06	 5.07044256E-06	 5.81185671E-06	 1.30830239E-05	 1.13063932E-05	 1.32614825E-05	 2.29754166E-06	 2.86980722E-06	 9.91467542E-07	-5.30856685E-07	-1.45828693E-06	-1.59959188E-06	-1.07577260E-06
 4.250000E-01	 5.90497515E-05	 3.73766019E-05	 1.04362816E-05	 7.42243545E-06	 1.27859958E-05	 7.01085395E-06	 3.50346208E-06	 4.08799171E-06	 4.94279447E-06	 5.66961843E-06	 1.31799746E-05	 1.14043728E-05	 1.33827359E-05	 2.36246441E-06	 2.92429216E-06	 1.05408814E-06	-4.78547493E-07	-1.42284827E-06	-1.57053296E-06	-1.06519023E-06
 4.260000E-01	 5.96886079E-05	 3.78730435E-05	 1.06814649E-05	 7.58003657E-06	 1.30530804E-05	 7.13209059E-06	 3.51951486E-06	 3.99590239E-06	 4.81844481E-06	 5.53084663E-06	 1.32772749E-05	 1.15030079E-05	 1.35046552E-05	 2.42682211E-06	 2.98051379E-06	 1.11744198E-06	-4.26550410E-07	-1.38805444E-06	-1.54202822E-06	-1.05458875E-06
 4.270000E-01	 6.03316559E-05	 3.83745239E-05	 1.09315337E-05	 7.73836061E-06	 1.33236503E-05	 7.25717351E-06	 3.53818511E-06	 3.90693183E-06	 4.69729821E-06	 5.39544389E-06	 1.33749307E-05	 1.16023142E-05	 1.36272201E-05	 2.49057429E-06	 3.03843835E-06	 1.18155867E-06	-3.74814127E-07	-1.35388050E-06	-1.51406992E-06	-1.04398392E-06
 4.280000E-01	 6.09788896E-05	 3.88811114E-05	 1.11866020E-05	 7.89725290E-06	 1.35977546E-05	 7.38613830E-06	 3.55947481E-06	 3.82100439E-06	 4.57926272E-06	 5.26331518E-06	 1.34729477E-05	 1.17023070E-05	 1.37504098E-05	 2.55368511E-06	 3.09803519E-06	 1.24646674E-06	-3.23288968E-07	-1.32030177E-06	-1.48664994E-06	-1.03339062E-06
 4.290000E-01	 6.16303033E-05	 3.93928725E-05	 1.14467832E-05	 8.05656376E-06	 1.38754384E-05	 7.51901977E-06	 3.58338808E-06	 3.73804822E-06	 4.46424973E-06	 5.13436791E-06	 1.35713314E-05	 1.18030017E-05	 1.38742031E-05	 2.61612303E-06	 3.15927678E-06	 1.31219381E-06	-2.71926799E-07	-1.28729387E-06	-1.45975981E-06	-1.02282282E-06
 4.300000E-01	 6.22858910E-05	 3.99098720E-05	 1.17121910E-05	 8.21614837E-06	 1.41567433E-05	 7.65585205E-06	 3.60993113E-06	 3.65799516E-06	 4.35217391E-06	 5.00851182E-06	 1.36700874E-05	 1.19044137E-05	 1.39985785E-05	 2.67786029E-06	 3.22213874E-06	 1.37876671E-06	-2.20680927E-07	-1.25483270E-06	-1.43339074E-06	-1.01229369E-06
 4.310000E-01	 6.29456464E-05	 4.04321729E-05	 1.19829393E-05	 8.37586646E-06	 1.44417081E-05	 7.79666879E-06	 3.63911208E-06	 3.58078056E-06	 4.24295306E-06	 4.88565902E-06	 1.37692211E-05	 1.20065581E-05	 1.41235140E-05	 2.73887239E-06	 3.28659965E-06	 1.44621168E-06	-1.69506004E-07	-1.22289447E-06	-1.40753366E-06	-1.00181556E-06
 4.320000E-01	 6.36095616E-05	 4.09598375E-05	 1.22591423E-05	 8.53558064E-06	 1.47303705E-05	 7.94150378E-06	 3.67094069E-06	 3.50634293E-06	 4.13650784E-06	 4.76572398E-06	 1.38687379E-05	 1.21094499E-05	 1.42489874E-05	 2.79913743E-06	 3.35264005E-06	 1.51455427E-06	-1.18357972E-07	-1.19145577E-06	-1.38217926E-06	-9.91400074E-07
 4.330000E-01	 6.42776279E-05	 4.14929293E-05	 1.25409138E-05	 8.69515392E-06	 1.50227678E-05	 8.09039143E-06	 3.70542797E-06	 3.43462345E-06	 4.03276130E-06	 4.64862346E-06	 1.39686431E-05	 1.22131041E-05	 1.43749769E-05	 2.85863503E-06	 3.42024146E-06	 1.58381934E-06	-6.71939915E-08	-1.16049357E-06	-1.35731809E-06	-9.81058193E-07
 4.340000E-01	 6.49498354E-05	 4.20315148E-05	 1.28283671E-05	 8.85444834E-06	 1.53189363E-05	 8.24336681E-06	 3.74258613E-06	 3.36556576E-06	 3.93163869E-06	 4.53427636E-06	 1.40689421E-05	 1.23175362E-05	 1.45014629E-05	 2.91734521E-06	 3.48938598E-06	 1.65403118E-06	-1.59723407E-08	-1.12998529E-06	-1.33294058E-06	-9.70800265E-07
 4.350000E-01	 6.56261731E-05	 4.25756633E-05	 1.31216150E-05	 9.01332406E-06	 1.56189116E-05	 8.40046580E-06	 3.78242850E-06	 3.29911581E-06	 3.83306735E-06	 4.42260369E-06	 1.41696401E-05	 1.24227620E-05	 1.46284273E-05	 2.97524753E-06	 3.56005617E-06	 1.72521369E-06	 3.53476999E-08	-1.09990876E-06	-1.30903707E-06	-9.60636062E-07
 4.360000E-01	 6.63066291E-05	 4.31254471E-05	 1.34207697E-05	 9.17163863E-06	 1.59227283E-05	 8.56172511E-06	 3.82496952E-06	 3.23522176E-06	 3.73697663E-06	 4.31352846E-06	 1.42707422E-05	 1.25287978E-05	 1.47558536E-05	 3.03232085E-06	 3.63223476E-06	 1.79739035E-06	 8.68059439E-08	-1.07024223E-06	-1.28559786E-06	-9.50574823E-07
 4.370000E-01	 6.69911907E-05	 4.36809419E-05	 1.37259437E-05	 9.32924667E-06	 1.62304201E-05	 8.72718231E-06	 3.87022483E-06	 3.17383387E-06	 3.64329787E-06	 4.20697558E-06	 1.43722534E-05	 1.26356605E-05	 1.48837271E-05	 3.08854345E-06	 3.70590452E-06	 1.87058425E-06	 1.38441384E-07	-1.04096432E-06	-1.26261320E-06	-9.40625288E-07
 4.380000E-01	 6.76798454E-05	 4.42422254E-05	 1.40372506E-05	 9.48600082E-06	 1.65420179E-05	 8.89687550E-06	 3.91821166E-06	 3.11490486E-06	 3.55196458E-06	 4.10287180E-06	 1.44741789E-05	 1.27433675E-05	 1.50120344E-05	 3.14389343E-06	 3.78104920E-06	 1.94481812E-06	 1.90292282E-07	-1.01205391E-06	-1.24007327E-06	-9.30795699E-07
 4.390000E-01	 6.83725797E-05	 4.48093749E-05	 1.43548067E-05	 9.64175350E-06	 1.68575503E-05	 9.07084304E-06	 3.96894910E-06	 3.05839009E-06	 3.46291273E-06	 4.00114575E-06	 1.45765237E-05	 1.28519369E-05	 1.51407626E-05	 3.19834867E-06	 3.85765469E-06	 2.02011473E-06	 2.42396222E-07	-9.83490130E-07	-1.21796817E-06	-9.21093808E-07
 4.400000E-01	 6.90693799E-05	 4.53824672E-05	 1.46787303E-05	 9.79635730E-06	 1.71770437E-05	 9.24912343E-06	 4.02245806E-06	 3.00424765E-06	 3.37608078E-06	 3.90172789E-06	 1.46792924E-05	 1.29613872E-05	 1.52698996E-05	 3.25188673E-06	 3.93570928E-06	 2.09649699E-06	 2.94790181E-07	-9.55252369E-07	-1.19628791E-06	-9.11526893E-07
 4.410000E-01	 6.97702313E-05	 4.59615784E-05	 1.50091430E-05	 9.94966461E-06	 1.75005227E-05	 9.43175543E-06	 4.07876132E-06	 2.95243831E-06	 3.29140956E-06	 3.80455048E-06	 1.47824898E-05	 1.30717377E-05	 1.53994332E-05	 3.30448463E-06	 4.01520350E-06	 2.17398799E-06	 3.47510602E-07	-9.27320228E-07	-1.17502242E-06	-9.02101788E-07
 4.420000E-01	 7.04751185E-05	 4.65467839E-05	 1.53461698E-05	 1.01015271E-05	 1.78280098E-05	 9.61877812E-06	 4.13788349E-06	 2.90292545E-06	 3.20884229E-06	 3.70954758E-06	 1.48861202E-05	 1.31830084E-05	 1.55293515E-05	 3.35611883E-06	 4.09612996E-06	 2.25261107E-06	 4.00593480E-07	-8.99673500E-07	-1.15416157E-06	-8.92824902E-07
 4.430000E-01	 7.11840247E-05	 4.71381593E-05	 1.56899394E-05	 1.02517952E-05	 1.81595272E-05	 9.81023114E-06	 4.19985079E-06	 2.85567487E-06	 3.12832436E-06	 3.61665498E-06	 1.49901883E-05	 1.32952196E-05	 1.56596424E-05	 3.40676497E-06	 4.17848262E-06	 2.33238970E-06	 4.54074404E-07	-8.72292172E-07	-1.13369517E-06	-8.83702263E-07
 4.440000E-01	 7.18969322E-05	 4.77357822E-05	 1.60405828E-05	 1.04003162E-05	 1.84950969E-05	 1.00061550E-05	 4.26469050E-06	 2.81065430E-06	 3.04980293E-06	 3.52581007E-06	 1.50946985E-05	 1.34083924E-05	 1.57902945E-05	 3.45639758E-06	 4.26225555E-06	 2.41334723E-06	 5.07988542E-07	-8.45156483E-07	-1.11361304E-06	-8.74739563E-07
 4.450000E-01	 7.26138220E-05	 4.83397337E-05	 1.63982328E-05	 1.05469328E-05	 1.88347415E-05	 1.02065910E-05	 4.33243066E-06	 2.76783300E-06	 2.97322667E-06	 3.43695176E-06	 1.51996555E-05	 1.35225486E-05	 1.59212975E-05	 3.50498954E-06	 4.34744220E-06	 2.49550686E-06	 5.62370648E-07	-8.18246950E-07	-1.09390505E-06	-8.65942207E-07
 4.460000E-01	 7.33346740E-05	 4.89500986E-05	 1.67630238E-05	 1.06914834E-05	 1.91784837E-05	 1.04115816E-05	 4.40309999E-06	 2.72718170E-06	 2.89854565E-06	 3.35002044E-06	 1.53050640E-05	 1.36377105E-05	 1.60526425E-05	 3.55251171E-06	 4.43403525E-06	 2.57889160E-06	 6.17255101E-07	-7.91544376E-07	-1.07456113E-06	-8.57315337E-07
 4.470000E-01	 7.40594669E-05	 4.95669655E-05	 1.71350917E-05	 1.08338016E-05	 1.95263461E-05	 1.06211699E-05	 4.47672791E-06	 2.68867250E-06	 2.82571128E-06	 3.26495785E-06	 1.54109289E-05	 1.37539014E-05	 1.61843221E-05	 3.59893283E-06	 4.52202657E-06	 2.66352435E-06	 6.72675947E-07	-7.65029837E-07	-1.05557131E-06	-8.48863859E-07
 4.480000E-01	 7.47881784E-05	 5.01904267E-05	 1.75145731E-05	 1.09737176E-05	 1.98783511E-05	 1.08353997E-05	 4.55334441E-06	 2.65227881E-06	 2.75467629E-06	 3.18170706E-06	 1.55172550E-05	 1.38711454E-05	 1.63163304E-05	 3.64421946E-06	 4.61140728E-06	 2.74942786E-06	 7.28666907E-07	-7.38684686E-07	-1.03692569E-06	-8.40592464E-07
 4.490000E-01	 7.55207842E-05	 5.08205752E-05	 1.79016059E-05	 1.11110598E-05	 2.02345212E-05	 1.10543153E-05	 4.63298037E-06	 2.61797561E-06	 2.68539496E-06	 3.10021258E-06	 1.56240470E-05	 1.39894670E-05	 1.64486612E-05	 3.68833627E-06	 4.70216880E-06	 2.83662500E-06	 7.85261452E-07	-7.12490516E-07	-1.01861445E-06	-8.32505642E-07
 4.500000E-01	 7.62572581E-05	 5.14575041E-05	 1.82963309E-05	 1.12456573E-05	 2.05948779E-05	 1.12779613E-05	 4.71566811E-06	 2.58573987E-06	 2.61782344E-06	 3.02042032E-06	 1.57313097E-05	 1.41088914E-05	 1.65813082E-05	 3.73124662E-06	 4.79430353E-06	 2.92513882E-06	 8.42492925E-07	-6.86429027E-07	-1.00062779E-06	-8.24607660E-07
 4.510000E-01	 7.69975729E-05	 5.21013056E-05	 1.86988929E-05	 1.13773403E-05	 2.09594414E-05	 1.15063823E-05	 4.80144165E-06	 2.55555081E-06	 2.55191977E-06	 2.94227756E-06	 1.58390473E-05	 1.42294446E-05	 1.67142645E-05	 3.77291295E-06	 4.88780516E-06	 3.01499256E-06	 9.00394602E-07	-6.60481948E-07	-9.82955837E-07	-8.16902569E-07
 4.520000E-01	 7.77416993E-05	 5.27520712E-05	 1.91094407E-05	 1.15059403E-05	 2.13282303E-05	 1.17396232E-05	 4.89033679E-06	 2.52738987E-06	 2.48764389E-06	 2.86573298E-06	 1.59472643E-05	 1.43511535E-05	 1.68475233E-05	 3.81329667E-06	 4.98266885E-06	 3.10620962E-06	 9.58999680E-07	-6.34631031E-07	-9.65588678E-07	-8.09394205E-07
 4.530000E-01	 7.84896070E-05	 5.34098919E-05	 1.95281275E-05	 1.16312893E-05	 2.17012619E-05	 1.19777288E-05	 4.98239114E-06	 2.50124076E-06	 2.42495762E-06	 2.79073655E-06	 1.60559645E-05	 1.44740459E-05	 1.69810787E-05	 3.85235724E-06	 5.07889158E-06	 3.19881385E-06	 1.01834131E-06	-6.08858062E-07	-9.48516326E-07	-8.02086191E-07
 4.540000E-01	 7.92412643E-05	 5.40748592E-05	 1.99551098E-05	 1.17532178E-05	 2.20785513E-05	 1.22207440E-05	 5.07764407E-06	 2.47708930E-06	 2.36382449E-06	 2.71723951E-06	 1.61651514E-05	 1.45981514E-05	 1.71149266E-05	 3.89005061E-06	 5.17647210E-06	 3.29282973E-06	 1.07845266E-06	-5.83144911E-07	-9.31728754E-07	-7.94981952E-07
 4.550000E-01	 7.99966388E-05	 5.47470677E-05	 2.03905462E-05	 1.18715524E-05	 2.24601115E-05	 1.24687137E-05	 5.17613613E-06	 2.45492299E-06	 2.30420936E-06	 2.64519418E-06	 1.62748285E-05	 1.47235013E-05	 1.72490660E-05	 3.92632797E-06	 5.27540975E-06	 3.38828246E-06	 1.13936692E-06	-5.57473601E-07	-9.15215976E-07	-7.88084765E-07
 4.560000E-01	 8.07556975E-05	 5.54266155E-05	 2.08345959E-05	 1.19861141E-05	 2.28459544E-05	 1.27216834E-05	 5.27790853E-06	 2.43473041E-06	 2.24607811E-06	 2.57455383E-06	 1.63849991E-05	 1.48501281E-05	 1.73834981E-05	 3.96113555E-06	 5.37570304E-06	 3.48519767E-06	 1.20111734E-06	-5.31826343E-07	-8.98968115E-07	-7.81397811E-07
 4.570000E-01	 8.15184066E-05	 5.61136053E-05	 2.12874187E-05	 1.20967172E-05	 2.32360911E-05	 1.29796990E-05	 5.38300309E-06	 2.41650113E-06	 2.18939755E-06	 2.50527270E-06	 1.64956666E-05	 1.49780659E-05	 1.75182257E-05	 3.99441530E-06	 5.47734912E-06	 3.58360112E-06	 1.26373723E-06	-5.06185491E-07	-8.82975408E-07	-7.74924209E-07
 4.580000E-01	 8.22847312E-05	 5.68081438E-05	 2.17491748E-05	 1.22031693E-05	 2.36305316E-05	 1.32428071E-05	 5.49146221E-06	 2.40022560E-06	 2.13413533E-06	 2.43730589E-06	 1.66068347E-05	 1.51073495E-05	 1.76532530E-05	 4.02610567E-06	 5.58034361E-06	 3.68351861E-06	 1.32725996E-06	-4.80533519E-07	-8.67228203E-07	-7.68667040E-07
 4.590000E-01	 8.30546359E-05	 5.75103421E-05	 2.22200258E-05	 1.23052699E-05	 2.40292854E-05	 1.35110555E-05	 5.60332891E-06	 2.38589505E-06	 2.08025993E-06	 2.37060932E-06	 1.67185073E-05	 1.52380147E-05	 1.77885846E-05	 4.05614295E-06	 5.68468016E-06	 3.78497557E-06	 1.39171893E-06	-4.54852955E-07	-8.51716945E-07	-7.62629356E-07
 4.600000E-01	 8.38280845E-05	 5.82203155E-05	 2.27001368E-05	 1.24028109E-05	 2.44323596E-05	 1.37844927E-05	 5.71864753E-06	 2.37350193E-06	 2.02774079E-06	 2.30513978E-06	 1.68306887E-05	 1.53700979E-05	 1.79242259E-05	 4.08446276E-06	 5.79035090E-06	 3.88799685E-06	 1.45714759E-06	-4.29126246E-07	-8.36432076E-07	-7.56814176E-07
 4.610000E-01	 8.46050397E-05	 5.89381814E-05	 2.31896774E-05	 1.24955773E-05	 2.48397587E-05	 1.40631683E-05	 5.83746445E-06	 2.36304046E-06	 1.97654871E-06	 2.24085500E-06	 1.69433826E-05	 1.55036364E-05	 1.80601821E-05	 4.11100075E-06	 5.89734803E-06	 3.99260686E-06	 1.52357950E-06	-4.03335684E-07	-8.21363946E-07	-7.51224438E-07
 4.620000E-01	 8.53854621E-05	 5.96640581E-05	 2.36888220E-05	 1.25833477E-05	 2.52514847E-05	 1.43471327E-05	 5.95982828E-06	 2.35450688E-06	 1.92665597E-06	 2.17771369E-06	 1.70565929E-05	 1.56386680E-05	 1.81964583E-05	 4.13569279E-06	 6.00566465E-06	 4.09882988E-06	 1.59104828E-06	-3.77463412E-07	-8.06502781E-07	-7.45862993E-07
 4.630000E-01	 8.61693108E-05	 6.03980649E-05	 2.41977499E-05	 1.26658960E-05	 2.56675368E-05	 1.46364371E-05	 6.08578984E-06	 2.34789949E-06	 1.87803637E-06	 2.11567556E-06	 1.71703227E-05	 1.57752310E-05	 1.83330592E-05	 4.15847531E-06	 6.11529466E-06	 4.20669000E-06	 1.65958771E-06	-3.51491395E-07	-7.91838666E-07	-7.40732600E-07
 4.640000E-01	 8.69565423E-05	 6.11403212E-05	 2.47166453E-05	 1.27429922E-05	 2.60879124E-05	 1.49311328E-05	 6.21540209E-06	 2.34321874E-06	 1.83066525E-06	 2.05470127E-06	 1.72845751E-05	 1.59133641E-05	 1.84699876E-05	 4.17928648E-06	 6.22623247E-06	 4.31621097E-06	 1.72923177E-06	-3.25401374E-07	-7.77361525E-07	-7.35835938E-07
 4.650000E-01	 8.77471102E-05	 6.18909461E-05	 2.52456976E-05	 1.28144036E-05	 2.65126093E-05	 1.52312724E-05	 6.34871972E-06	 2.34046688E-06	 1.78451943E-06	 1.99475245E-06	 1.73993532E-05	 1.60531054E-05	 1.86072429E-05	 4.19806776E-06	 6.33847221E-06	 4.42741578E-06	 1.80001452E-06	-2.99174850E-07	-7.63061130E-07	-7.31175633E-07
 4.660000E-01	 8.85409646E-05	 6.26500593E-05	 2.57851006E-05	 1.28798930E-05	 2.69416283E-05	 1.55369098E-05	 6.48579819E-06	 2.33964727E-06	 1.73957678E-06	 1.93579155E-06	 1.75146606E-05	 1.61944926E-05	 1.87448220E-05	 4.21476437E-06	 6.45200695E-06	 4.54032634E-06	 1.87196990E-06	-2.72793202E-07	-7.48927164E-07	-7.26754291E-07
 4.670000E-01	 8.93380537E-05	 6.34177841E-05	 2.63350530E-05	 1.29392175E-05	 2.73749718E-05	 1.58480997E-05	 6.62669328E-06	 2.34076399E-06	 1.69581597E-06	 1.87778165E-06	 1.76305010E-05	 1.63375633E-05	 1.88827217E-05	 4.22932356E-06	 6.56682856E-06	 4.65496371E-06	 1.94513164E-06	-2.46237804E-07	-7.34949284E-07	-7.22574514E-07
 4.680000E-01	 9.01383240E-05	 6.41942485E-05	 2.68957573E-05	 1.29921274E-05	 2.78126431E-05	 1.61648973E-05	 6.77146100E-06	 2.34382173E-06	 1.65321633E-06	 1.82068641E-06	 1.77468782E-05	 1.64823560E-05	 1.90209404E-05	 4.24169241E-06	 6.68292809E-06	 4.77134856E-06	 2.01953329E-06	-2.19490104E-07	-7.21117161E-07	-7.18638910E-07
 4.690000E-01	 9.09417211E-05	 6.49795850E-05	 2.74674202E-05	 1.30383662E-05	 2.82546461E-05	 1.64873581E-05	 6.92015756E-06	 2.34882580E-06	 1.61175784E-06	 1.76447002E-06	 1.78637961E-05	 1.66289104E-05	 1.91594791E-05	 4.25181566E-06	 6.80029585E-06	 4.88950152E-06	 2.09520835E-06	-1.92531666E-07	-7.07420522E-07	-7.14950110E-07
 4.700000E-01	 9.17481889E-05	 6.57739305E-05	 2.80502514E-05	 1.30776710E-05	 2.87009836E-05	 1.68155377E-05	 7.07283945E-06	 2.35578212E-06	 1.57142111E-06	 1.70909717E-06	 1.79812584E-05	 1.67772678E-05	 1.92983425E-05	 4.25963340E-06	 6.91892204E-06	 5.00944369E-06	 2.17219031E-06	-1.65344223E-07	-6.93849175E-07	-7.11510777E-07
 4.710000E-01	 9.25576695E-05	 6.65774247E-05	 2.86444630E-05	 1.31097747E-05	 2.91516578E-05	 1.71494915E-05	 7.22956405E-06	 2.36469773E-06	 1.53218769E-06	 1.65453320E-06	 1.80992681E-05	 1.69274711E-05	 1.94375375E-05	 4.26507948E-06	 7.03879777E-06	 5.13119724E-06	 2.25051295E-06	-1.37909648E-07	-6.80392992E-07	-7.08323594E-07
 4.720000E-01	 9.33701025E-05	 6.73902089E-05	 2.92502717E-05	 1.31344065E-05	 2.96066682E-05	 1.74892747E-05	 7.39039053E-06	 2.37558146E-06	 1.49404038E-06	 1.60074412E-06	 1.82178281E-05	 1.70795656E-05	 1.95770731E-05	 4.26808133E-06	 7.15991507E-06	 5.25478531E-06	 2.33021059E-06	-1.10209737E-07	-6.67041801E-07	-7.05391252E-07
 4.730000E-01	 9.41854247E-05	 6.82124254E-05	 2.98679012E-05	 1.31512916E-05	 3.00660124E-05	 1.78349431E-05	 7.55538022E-06	 2.38844410E-06	 1.45696329E-06	 1.54769669E-06	 1.83369405E-05	 1.72335983E-05	 1.97169589E-05	 4.26856043E-06	 7.28226654E-06	 5.38023178E-06	 2.41131819E-06	-8.22261034E-08	-6.53785337E-07	-7.02716454E-07
 4.740000E-01	 9.50035699E-05	 6.90442183E-05	 3.04975823E-05	 1.31601496E-05	 3.05296867E-05	 1.81865528E-05	 7.72459669E-06	 2.40329844E-06	 1.42094190E-06	 1.49535838E-06	 1.84566071E-05	 1.73896186E-05	 1.98572068E-05	 4.26643141E-06	 7.40584561E-06	 5.50756122E-06	 2.49387128E-06	-5.39401619E-08	-6.40613218E-07	-7.00301913E-07
 4.750000E-01	 9.58244694E-05	 6.98857346E-05	 3.11395535E-05	 1.31606927E-05	 3.09976842E-05	 1.85441603E-05	 7.89810582E-06	 2.42015936E-06	 1.38596300E-06	 1.44369731E-06	 1.85768291E-05	 1.75476794E-05	 1.99978324E-05	 4.26159956E-06	 7.53064735E-06	 5.63679943E-06	 2.57790603E-06	-2.53331909E-08	-6.27514937E-07	-6.98150336E-07
 4.760000E-01	 9.66480547E-05	 7.07371275E-05	 3.17940584E-05	 1.31526234E-05	 3.14699915E-05	 1.89078205E-05	 8.07597544E-06	 2.43904370E-06	 1.35201451E-06	 1.39268206E-06	 1.86976066E-05	 1.77078371E-05	 2.01388579E-05	 4.25395800E-06	 7.65666798E-06	 5.76797398E-06	 2.66345932E-06	 3.61358897E-09	-6.14479943E-07	-6.96264455E-07
 4.770000E-01	 9.74742573E-05	 7.15985578E-05	 3.24613432E-05	 1.31356335E-05	 3.19465890E-05	 1.92775870E-05	 8.25827437E-06	 2.45996960E-06	 1.31908511E-06	 1.34228151E-06	 1.88189397E-05	 1.78701518E-05	 2.02803101E-05	 4.24338818E-06	 7.78390267E-06	 5.90111403E-06	 2.75056885E-06	 3.29190080E-08	-6.01497753E-07	-6.94647112E-07
 4.780000E-01	 9.83030083E-05	 7.24701923E-05	 3.31416548E-05	 1.31094044E-05	 3.24274535E-05	 1.96535126E-05	 8.44507197E-06	 2.48295590E-06	 1.28716403E-06	 1.29246479E-06	 1.89408285E-05	 1.80346850E-05	 2.04222159E-05	 4.22976403E-06	 7.91234334E-06	 6.03624920E-06	 2.83927304E-06	 6.26020853E-08	-5.88557958E-07	-6.93301329E-07
 4.790000E-01	 9.91342380E-05	 7.33522031E-05	 3.38352409E-05	 1.30736083E-05	 3.29125588E-05	 2.00356499E-05	 8.63643805E-06	 2.50802211E-06	 1.25624096E-06	 1.24320129E-06	 1.90632740E-05	 1.82014992E-05	 2.05645998E-05	 4.21295737E-06	 8.04197760E-06	 6.17340854E-06	 2.92961095E-06	 9.26821746E-08	-5.75650149E-07	-6.92230315E-07
 4.800000E-01	 9.99678750E-05	 7.42447670E-05	 3.45423505E-05	 1.30279095E-05	 3.34018775E-05	 2.04240516E-05	 8.83244278E-06	 2.53518820E-06	 1.22630609E-06	 1.19446060E-06	 1.91862781E-05	 1.83706557E-05	 2.07074804E-05	 4.19284456E-06	 8.17278756E-06	 6.31261928E-06	 3.02162199E-06	 1.23179126E-07	-5.62763838E-07	-6.91437484E-07
 4.810000E-01	 1.00803845E-04	 7.51480624E-05	 3.52632383E-05	 1.29719654E-05	 3.38953835E-05	 2.08187720E-05	 9.03315718E-06	 2.56447475E-06	 1.19735014E-06	 1.14621268E-06	 1.93098440E-05	 1.85422138E-05	 2.08508680E-05	 4.16931365E-06	 8.30474910E-06	 6.45390504E-06	 3.11534569E-06	 1.54113523E-07	-5.49888272E-07	-6.90926420E-07
 4.820000E-01	 1.01642068E-04	 7.60622681E-05	 3.59981677E-05	 1.29054281E-05	 3.43930535E-05	 2.12198680E-05	 9.23865399E-06	 2.59590359E-06	 1.16936485E-06	 1.09842795E-06	 1.94339756E-05	 1.87162306E-05	 2.09947660E-05	 4.14226737E-06	 8.43783446E-06	 6.59728539E-06	 3.21082123E-06	 1.85506704E-07	-5.37012227E-07	-6.90700752E-07
 4.830000E-01	 1.02482463E-04	 7.69875626E-05	 3.67474102E-05	 1.28279441E-05	 3.48948645E-05	 2.16273972E-05	 9.44900816E-06	 2.62949839E-06	 1.14234323E-06	 1.05107743E-06	 1.95586765E-05	 1.88927625E-05	 2.11391754E-05	 4.11162070E-06	 8.57201632E-06	 6.74277703E-06	 3.30808726E-06	 2.17380496E-07	-5.24123943E-07	-6.90764041E-07
 4.840000E-01	 1.03324943E-04	 7.79241260E-05	 3.75112436E-05	 1.27391536E-05	 3.54007915E-05	 2.20414175E-05	 9.66429694E-06	 2.66528493E-06	 1.11627969E-06	 1.00413265E-06	 1.96839494E-05	 1.90718656E-05	 2.12840981E-05	 4.07729738E-06	 8.70726940E-06	 6.89039492E-06	 3.40718198E-06	 2.49757026E-07	-5.11211173E-07	-6.91119745E-07
 4.850000E-01	 1.04169422E-04	 7.88721391E-05	 3.82899522E-05	 1.26386905E-05	 3.59108076E-05	 2.24619867E-05	 9.88459992E-06	 2.70329117E-06	 1.09117008E-06	 9.57565694E-07	 1.98097961E-05	 1.92535963E-05	 2.14295361E-05	 4.03922791E-06	 8.84357036E-06	 7.04015274E-06	 3.50814334E-06	 2.82658698E-07	-4.98261218E-07	-6.91771237E-07
 4.860000E-01	 1.05015805E-04	 7.98317837E-05	 3.90838268E-05	 1.25261821E-05	 3.64248859E-05	 2.28891632E-05	 1.01099988E-05	 2.74354693E-06	 1.06701146E-06	 9.11349100E-07	 1.99362180E-05	 1.94380104E-05	 2.15754908E-05	 3.99734857E-06	 8.98089731E-06	 7.19206312E-06	 3.61100914E-06	 3.16108157E-07	-4.85261008E-07	-6.92721864E-07
 4.870000E-01	 1.05863994E-04	 8.08032443E-05	 3.98931664E-05	 1.24012458E-05	 3.69430018E-05	 2.33230079E-05	 1.03405765E-05	 2.78608290E-06	 1.04380142E-06	 8.65455638E-07	 2.00632158E-05	 1.96251637E-05	 2.17219640E-05	 3.95160019E-06	 9.11922885E-06	 7.34613791E-06	 3.71581702E-06	 3.50128176E-07	-4.72197306E-07	-6.93975096E-07
 4.880000E-01	 1.06713881E-04	 8.17867136E-05	 4.07182823E-05	 1.22634858E-05	 3.74651298E-05	 2.37635835E-05	 1.05764172E-05	 2.83093023E-06	 1.02153752E-06	 8.19857968E-07	 2.01907894E-05	 1.98151122E-05	 2.18689609E-05	 3.90192512E-06	 9.25854342E-06	 7.50238867E-06	 3.82260458E-06	 3.84741592E-07	-4.59056859E-07	-6.95534639E-07
 4.890000E-01	 1.07565353E-04	 8.27823944E-05	 4.15595000E-05	 1.21124885E-05	 3.79912425E-05	 2.42109552E-05	 1.08176064E-05	 2.87812043E-06	 1.00021712E-06	 7.74528522E-07	 2.03189379E-05	 2.00079135E-05	 2.20164929E-05	 3.84826347E-06	 9.39881974E-06	 7.66082735E-06	 3.93140944E-06	 4.19971227E-07	-4.45826486E-07	-6.97404460E-07
 4.900000E-01	 1.08418291E-04	 8.37905006E-05	 4.24171595E-05	 1.19478193E-05	 3.85213093E-05	 2.46651909E-05	 1.10642310E-05	 2.92768534E-06	 9.79837276E-07	 7.29439404E-07	 2.04476589E-05	 2.02036276E-05	 2.21645797E-05	 3.79054896E-06	 9.54003725E-06	 7.82146707E-06	 4.04226948E-06	 4.55839817E-07	-4.32493148E-07	-6.99588816E-07
 4.910000E-01	 1.09272572E-04	 8.48112578E-05	 4.32916102E-05	 1.17690188E-05	 3.90552933E-05	 2.51263587E-05	 1.13163790E-05	 2.97965754E-06	 9.60395102E-07	 6.84562441E-07	 2.05769489E-05	 2.04023179E-05	 2.23132507E-05	 3.72870457E-06	 9.68217781E-06	 7.98432327E-06	 4.15522293E-06	 4.92369861E-07	-4.19043934E-07	-7.02092163E-07
 4.920000E-01	 1.10128083E-04	 8.58448968E-05	 4.41831973E-05	 1.15756060E-05	 3.95931539E-05	 2.55945237E-05	 1.15741394E-05	 3.03407136E-06	 9.41889538E-07	 6.39869931E-07	 2.07068033E-05	 2.06040512E-05	 2.24625405E-05	 3.66264175E-06	 9.82522680E-06	 8.14941405E-06	 4.27030840E-06	 5.29583636E-07	-4.05465690E-07	-7.04918776E-07
 4.930000E-01	 1.10984721E-04	 8.68916444E-05	 4.50922521E-05	 1.13670833E-05	 4.01348554E-05	 2.60697454E-05	 1.18376005E-05	 3.09096370E-06	 9.24323011E-07	 5.95335504E-07	 2.08372198E-05	 2.08088960E-05	 2.26124786E-05	 3.59226759E-06	 9.96917053E-06	 8.31675782E-06	 4.38756472E-06	 5.67503616E-07	-3.91744490E-07	-7.08072422E-07
 4.940000E-01	 1.11842402E-04	 8.79517207E-05	 4.60190890E-05	 1.11429409E-05	 4.06803707E-05	 2.65520785E-05	 1.21068500E-05	 3.15037396E-06	 9.07701829E-07	 5.50934473E-07	 2.09681983E-05	 2.10169202E-05	 2.27630815E-05	 3.51749708E-06	 1.01139929E-05	 8.48637039E-06	 4.50703052E-06	 6.06152869E-07	-3.77865313E-07	-7.11556280E-07
 4.950000E-01	 1.12701055E-04	 8.90253378E-05	 4.69640019E-05	 1.09026611E-05	 4.12296833E-05	 2.70415716E-05	 1.23819744E-05	 3.21234409E-06	 8.92036403E-07	 5.06644055E-07	 2.10997423E-05	 2.12281883E-05	 2.29143488E-05	 3.43826614E-06	 1.02596740E-05	 8.65826251E-06	 4.62874351E-06	 6.45555226E-07	-3.63811773E-07	-7.15372849E-07
 4.960000E-01	 1.13560621E-04	 9.01127039E-05	 4.79272628E-05	 1.06457229E-05	 4.17827799E-05	 2.75382668E-05	 1.26630597E-05	 3.27691861E-06	 8.77340733E-07	 4.62443129E-07	 2.12318569E-05	 2.14427594E-05	 2.30662620E-05	 3.35454590E-06	 1.04061888E-05	 8.83243767E-06	 4.75274008E-06	 6.85735496E-07	-3.49566023E-07	-7.19524046E-07
 4.970000E-01	 1.14421036E-04	 9.12140404E-05	 4.89091415E-05	 1.03716034E-05	 4.23396243E-05	 2.80422027E-05	 1.29501958E-05	 3.34414450E-06	 8.63628927E-07	 4.18310262E-07	 2.13645460E-05	 2.16606821E-05	 2.32187874E-05	 3.26636120E-06	 1.05534986E-05	 9.00888980E-06	 4.87905631E-06	 7.26720171E-07	-3.35109425E-07	-7.24012154E-07
 4.980000E-01	 1.15282204E-04	 9.23295928E-05	 4.99099213E-05	 1.00797851E-05	 4.29001340E-05	 2.85534198E-05	 1.32434816E-05	 3.41407086E-06	 8.50911473E-07	 3.74221463E-07	 2.14978084E-05	 2.18819894E-05	 2.33718762E-05	 3.17381194E-06	 1.07015437E-05	 9.18760093E-06	 5.00772926E-06	 7.68538210E-07	-3.20423343E-07	-7.28840860E-07
 4.990000E-01	 1.16143994E-04	 9.34596271E-05	 5.09298971E-05	 9.76977558E-06	 4.34641676E-05	 2.90719588E-05	 1.35430264E-05	 3.48674956E-06	 8.39194505E-07	 3.30149341E-07	 2.16316365E-05	 2.21066936E-05	 2.35254615E-05	 3.07709478E-06	 1.08502390E-05	 9.36853821E-06	 5.13879687E-06	 8.11221552E-07	-3.05489161E-07	-7.34015493E-07
 5.000000E-01	 1.17006237E-04	 9.46044228E-05	 5.19693702E-05	 9.44113468E-06	 4.40315159E-05	 2.95978570E-05	 1.38489506E-05	 3.56223638E-06	 8.28479866E-07	 2.86062616E-07	 2.17660157E-05	 2.23347817E-05	 2.36794538E-05	 2.97652623E-06	 1.09994709E-05	 9.55165066E-06	 5.27229760E-06	 8.54805575E-07	-2.90288121E-07	-7.39543066E-07
 5.010000E-01	 1.17868728E-04	 9.57642576E-05	 5.30286399E-05	 9.09350847E-06	 4.46019038E-05	 3.01311453E-05	 1.41613848E-05	 3.64059157E-06	 8.18766014E-07	 2.41926271E-07	 2.19009256E-05	 2.25662108E-05	 2.38337355E-05	 2.87256571E-06	 1.11490954E-05	 9.73686504E-06	 5.40826917E-06	 8.99329393E-07	-2.74800884E-07	-7.45432035E-07
 5.020000E-01	 1.18731253E-04	 9.69393753E-05	 5.41079661E-05	 8.72667445E-06	 4.51750164E-05	 3.06718359E-05	 1.44804615E-05	 3.72188012E-06	 8.10052705E-07	 1.97704153E-07	 2.20363445E-05	 2.28009075E-05	 2.39881544E-05	 2.76583057E-06	 1.12989474E-05	 9.92408242E-06	 5.54674433E-06	 9.44834709E-07	-2.59006204E-07	-7.51690787E-07
 5.030000E-01	 1.19593624E-04	 9.81299599E-05	 5.52075186E-05	 8.34058724E-06	 4.57505188E-05	 3.12199052E-05	 1.48063051E-05	 3.80617201E-06	 8.02346234E-07	 1.53362039E-07	 2.21722524E-05	 2.30387701E-05	 2.41425270E-05	 2.65710048E-06	 1.14488593E-05	 1.01131783E-05	 5.68774574E-06	 9.91363610E-07	-2.42879644E-07	-7.58325862E-07
 5.040000E-01	 1.20455690E-04	 9.93361278E-05	 5.63273494E-05	 7.93541997E-06	 4.63280510E-05	 3.17752814E-05	 1.51390281E-05	 3.89354257E-06	 7.95661122E-07	 1.08868667E-07	 2.23086304E-05	 2.32796688E-05	 2.42966483E-05	 2.54731777E-06	 1.15986725E-05	 1.03040049E-05	 5.83128390E-06	 1.03895709E-06	-2.26393354E-07	-7.65341324E-07
 5.050000E-01	 1.21317339E-04	 1.00557920E-04	 5.74673715E-05	 7.51160816E-06	 4.69072197E-05	 3.23378362E-05	 1.54787286E-05	 3.98407266E-06	 7.90020801E-07	 6.41962602E-08	 2.24454592E-05	 2.35234457E-05	 2.44502984E-05	 2.43758566E-06	 1.17482439E-05	 1.04963935E-05	 5.97735617E-06	 1.08765408E-06	-2.09516170E-07	-7.72738536E-07
 5.060000E-01	 1.22178499E-04	 1.01795296E-04	 5.86273435E-05	 7.06989583E-06	 4.74875878E-05	 3.29073780E-05	 1.58254894E-05	 4.07784903E-06	 7.85457773E-07	 1.93207131E-08	 2.25827176E-05	 2.37699151E-05	 2.46032503E-05	 2.32916366E-06	 1.18974522E-05	 1.06901571E-05	 6.12594657E-06	 1.13749066E-06	-1.92213871E-07	-7.80516155E-07
 5.070000E-01	 1.23039108E-04	 1.03048135E-04	 5.98068778E-05	 6.61137819E-06	 4.80686484E-05	 3.34836527E-05	 1.61793838E-05	 4.17496620E-06	 7.82011737E-07	-2.57798197E-08	 2.27203767E-05	 2.40188626E-05	 2.47552835E-05	 2.22346076E-06	 1.20461987E-05	 1.08850944E-05	 6.27702803E-06	 1.18850067E-06	-1.74449912E-07	-7.88670973E-07
 5.080000E-01	 1.23899092E-04	 1.04316241E-04	 6.10054615E-05	 6.13754234E-06	 4.86497920E-05	 3.40663436E-05	 1.65404819E-05	 4.27552914E-06	 7.79727711E-07	-7.11267001E-08	 2.28583940E-05	 2.42700453E-05	 2.49062000E-05	 2.12202399E-06	 1.21944070E-05	 1.10809940E-05	 6.43056526E-06	 1.24071656E-06	-1.56186155E-07	-7.97198843E-07
 5.090000E-01	 1.24758360E-04	 1.05599340E-04	 6.22224572E-05	 5.65030681E-06	 4.92302943E-05	 3.46550675E-05	 1.69088522E-05	 4.37965423E-06	 7.78656027E-07	-1.16741094E-07	 2.29967118E-05	 2.45231959E-05	 2.50558371E-05	 2.02651909E-06	 1.23420279E-05	 1.12776383E-05	 6.58651563E-06	 1.29416914E-06	-1.37383295E-07	-8.06094863E-07
 5.100000E-01	 1.25616801E-04	 1.06897064E-04	 6.34570997E-05	 5.15205369E-06	 4.98093079E-05	 3.52493705E-05	 1.72845599E-05	 4.48746959E-06	 7.78852693E-07	-1.62643900E-07	 2.31352554E-05	 2.47780269E-05	 2.52040816E-05	 1.93870411E-06	 1.24890485E-05	 1.14748100E-05	 6.74482967E-06	 1.34888674E-06	-1.18001279E-07	-8.15353378E-07
 5.110000E-01	 1.26474291E-04	 1.08208960E-04	 6.47084862E-05	 4.64565011E-06	 5.03858493E-05	 3.58487198E-05	 1.76676644E-05	 4.59911469E-06	 7.80379611E-07	-2.08855722E-07	 2.32739317E-05	 2.50342367E-05	 2.53508840E-05	 1.86039770E-06	 1.26355017E-05	 1.16722990E-05	 6.90545172E-06	 1.40489391E-06	-9.79999744E-08	-8.24967985E-07
 5.120000E-01	 1.27330707E-04	 1.09534483E-04	 6.59755617E-05	 4.13445523E-06	 5.09587955E-05	 3.64524974E-05	 1.80582141E-05	 4.71473705E-06	 7.83304001E-07	-2.55396708E-07	 2.34126315E-05	 2.52915137E-05	 2.54962624E-05	 1.79344744E-06	 1.27814689E-05	 1.18699095E-05	 7.06832102E-06	 1.46220974E-06	-7.73402444E-08	-8.34931662E-07
 5.130000E-01	 1.28185936E-04	 1.10872992E-04	 6.72571196E-05	 3.62230987E-06	 5.15268999E-05	 3.70600042E-05	 1.84562405E-05	 4.83448747E-06	 7.87697157E-07	-3.02286274E-07	 2.35512338E-05	 2.55495400E-05	 2.56402940E-05	 1.73970210E-06	 1.29270734E-05	 1.20674627E-05	 7.23337343E-06	 1.52084718E-06	-5.59849390E-08	-8.45237123E-07
 5.140000E-01	 1.29039870E-04	 1.12223750E-04	 6.85518210E-05	 3.11350563E-06	 5.20888112E-05	 3.76704713E-05	 1.88617579E-05	 4.95851703E-06	 7.93633362E-07	-3.49542935E-07	 2.36896091E-05	 2.58079948E-05	 2.57831078E-05	 1.70098333E-06	 1.30724733E-05	 1.22647997E-05	 7.40054385E-06	 1.58081322E-06	-3.38995093E-08	-8.55877257E-07
 5.150000E-01	 1.29892406E-04	 1.13585934E-04	 6.98582233E-05	 2.61273126E-06	 5.26430946E-05	 3.82830740E-05	 1.92747627E-05	 5.08697411E-06	 8.01188750E-07	-3.97184195E-07	 2.38276212E-05	 2.60665595E-05	 2.59248828E-05	 1.67905366E-06	 1.32178585E-05	 1.24617855E-05	 7.56976849E-06	 1.64210898E-06	-1.10525828E-08	-8.66845507E-07
 5.160000E-01	 1.30743438E-04	 1.14958643E-04	 7.11748198E-05	 2.12499705E-06	 5.31882603E-05	 3.88969500E-05	 1.96952352E-05	 5.22000236E-06	 8.10440689E-07	-4.45226135E-07	 2.39651297E-05	 2.63249236E-05	 2.60658443E-05	 1.67558221E-06	 1.33634474E-05	 1.26583132E-05	 7.74098742E-06	 1.70473032E-06	 1.25838095E-08	-8.78136145E-07
 5.170000E-01	 1.31592858E-04	 1.16340912E-04	 7.25000831E-05	 1.65554209E-06	 5.37227982E-05	 3.95112207E-05	 2.01231430E-05	 5.35774108E-06	 8.21468937E-07	-4.93682232E-07	 2.41019912E-05	 2.65827911E-05	 2.62062607E-05	 1.69210833E-06	 1.35094886E-05	 1.28543085E-05	 7.91414696E-06	 1.76866891E-06	 3.70346902E-08	-8.89744134E-07
 5.180000E-01	 1.32440547E-04	 1.17731732E-04	 7.38324992E-05	 1.20972557E-06	 5.42452147E-05	 4.01250115E-05	 2.05584437E-05	 5.50032456E-06	 8.34356314E-07	-5.42562314E-07	 2.42380596E-05	 2.68398862E-05	 2.63464426E-05	 1.73000514E-06	 1.36562653E-05	 1.30497370E-05	 8.08920213E-06	 1.83391269E-06	 6.23223570E-08	-9.01665022E-07
 5.190000E-01	 1.33286381E-04	 1.19130076E-04	 7.51706035E-05	 7.92904373E-07	 5.47540664E-05	 4.07374735E-05	 2.10010851E-05	 5.64787916E-06	 8.49187563E-07	-5.91872354E-07	 2.43731882E-05	 2.70959582E-05	 2.64867360E-05	 1.79044827E-06	 1.38040925E-05	 1.32446084E-05	 8.26611951E-06	 1.90044637E-06	 8.84660834E-08	-9.13895217E-07
 5.200000E-01	 1.34130229E-04	 1.20534918E-04	 7.65130189E-05	 4.10304945E-07	 5.52480003E-05	 4.13478085E-05	 2.14510084E-05	 5.80052001E-06	 8.66047710E-07	-6.41614446E-07	 2.45072331E-05	 2.73507846E-05	 2.66275090E-05	 1.87439173E-06	 1.39533052E-05	 1.34389788E-05	 8.44488037E-06	 1.96825258E-06	 1.15481906E-07	-9.26432392E-07
 5.210000E-01	 1.34971947E-04	 1.21945256E-04	 7.78584961E-05	 6.68941548E-08	 5.57257962E-05	 4.19552986E-05	 2.19081493E-05	 5.95834583E-06	 8.85018744E-07	-6.91787597E-07	 2.46400571E-05	 2.76041741E-05	 2.67691400E-05	 1.98254991E-06	 1.41042460E-05	 1.36329490E-05	 8.62548298E-06	 2.03731277E-06	 1.43382171E-07	-9.39276144E-07
 5.220000E-01	 1.35811380E-04	 1.23360141E-04	 7.92059509E-05	-2.32743278E-07	 5.61863965E-05	 4.25593304E-05	 2.23724393E-05	 6.12143223E-06	 9.06174485E-07	-7.42389709E-07	 2.47715327E-05	 2.78559705E-05	 2.69120151E-05	 2.11538487E-06	 1.42572563E-05	 1.38266634E-05	 8.80794324E-06	 2.10760723E-06	 1.72174598E-07	-9.52428839E-07
 5.230000E-01	 1.36648366E-04	 1.24778699E-04	 8.05544926E-05	-4.84508024E-07	 5.66289227E-05	 4.31594087E-05	 2.28438058E-05	 6.28982778E-06	 9.29577204E-07	-7.93419208E-07	 2.49015419E-05	 2.81060546E-05	 2.70565300E-05	 2.27310170E-06	 1.44126731E-05	 1.40203083E-05	 8.99229462E-06	 2.17911493E-06	 2.01861812E-07	-9.65896118E-07
 5.240000E-01	 1.37482739E-04	 1.26200158E-04	 8.19034405E-05	-6.84864058E-07	 5.70526907E-05	 4.37551670E-05	 2.33221742E-05	 6.46355321E-06	 9.55276375E-07	-8.44875842E-07	 2.50299768E-05	 2.83543437E-05	 2.72030854E-05	 2.45565530E-06	 1.45708253E-05	 1.42141102E-05	 9.17858826E-06	 2.25181431E-06	 2.32441596E-07	-9.79687063E-07
 5.250000E-01	 1.38314331E-04	 1.27623853E-04	 8.32523287E-05	-8.30890839E-07	 5.74572196E-05	 4.43463728E-05	 2.38074702E-05	 6.64260178E-06	 9.83308043E-07	-8.96761386E-07	 2.51567400E-05	 2.86007895E-05	 2.73520788E-05	 2.66276776E-06	 1.47320281E-05	 1.44083300E-05	 9.36689282E-06	 2.32568429E-06	 2.63907394E-07	-9.93814288E-07
 5.260000E-01	 1.39142977E-04	 1.29049236E-04	 8.46008951E-05	-9.20305543E-07	 5.78422386E-05	 4.49329268E-05	 2.42996219E-05	 6.82694273E-06	 1.01369678E-06	-9.49079212E-07	 2.52817437E-05	 2.88453731E-05	 2.75038932E-05	 2.89395425E-06	 1.48965783E-05	 1.46032593E-05	 9.55729438E-06	 2.40070589E-06	 2.96249534E-07	-1.00829358E-06
 5.270000E-01	 1.39968513E-04	 1.30475868E-04	 8.59490644E-05	-9.51458541E-07	 5.82076910E-05	 4.55148590E-05	 2.47985648E-05	 7.01652781E-06	 1.04645964E-06	-1.00183296E-06	 2.54049106E-05	 2.90880998E-05	 2.76588808E-05	 3.14855410E-06	 1.50647458E-05	 1.47992123E-05	 9.74989652E-06	 2.47686479E-06	 3.29457199E-07	-1.02314323E-06
 5.280000E-01	 1.40790778E-04	 1.31903415E-04	 8.72969326E-05	-9.23309425E-07	 5.85537272E-05	 4.60923242E-05	 2.53042457E-05	 7.21129629E-06	 1.08160842E-06	-1.05502608E-06	 2.55261744E-05	 2.93289950E-05	 2.78173516E-05	 3.42576262E-06	 1.52367643E-05	 1.49965174E-05	 9.94481946E-06	 2.55415338E-06	 3.63519940E-07	-1.03838353E-06
 5.290000E-01	 1.41609609E-04	 1.33331636E-04	 8.86447485E-05	-8.35384581E-07	 5.88806913E-05	 4.66655923E-05	 2.58166247E-05	 7.41117832E-06	 1.11915072E-06	-1.10866214E-06	 2.56454794E-05	 2.95681003E-05	 2.79795720E-05	 3.72466285E-06	 1.54128283E-05	 1.51955097E-05	 1.01421979E-05	 2.63257166E-06	 3.98428669E-07	-1.05403653E-06
 5.300000E-01	 1.42424847E-04	 1.34760383E-04	 8.99928922E-05	-6.87718245E-07	 5.91890958E-05	 4.72350298E-05	 2.63356744E-05	 7.61609802E-06	 1.15909120E-06	-1.16274503E-06	 2.57627779E-05	 2.98054684E-05	 2.81457675E-05	 4.04425831E-06	 1.55930932E-05	 1.53965258E-05	 1.03421785E-05	 2.71212727E-06	 4.34176373E-07	-1.07012562E-06
 5.310000E-01	 1.43236341E-04	 1.36189597E-04	 9.13418590E-05	-4.80785484E-07	 5.94795809E-05	 4.78010780E-05	 2.68613772E-05	 7.82597410E-06	 1.20143022E-06	-1.21728082E-06	 2.58780292E-05	 3.00411583E-05	 2.83161239E-05	 4.38350509E-06	 1.57776682E-05	 1.55998980E-05	 1.05449188E-05	 2.79283539E-06	 4.70757803E-07	-1.08667594E-06
 5.320000E-01	 1.44043950E-04	 1.37619304E-04	 9.26922373E-05	-2.15429969E-07	 5.97528782E-05	 4.83642395E-05	 2.73937255E-05	 8.04071924E-06	 1.24616095E-06	-1.27228022E-06	 2.59912009E-05	 3.02752305E-05	 2.84907814E-05	 4.74133553E-06	 1.59666022E-05	 1.58059482E-05	 1.07505864E-05	 2.87471865E-06	 5.08168706E-07	-1.10371515E-06
 5.330000E-01	 1.44847531E-04	 1.39049582E-04	 9.40446841E-05	 1.07210419E-07	 6.00097804E-05	 4.89250670E-05	 2.79327242E-05	 8.26024241E-06	 1.29326881E-06	-1.32775989E-06	 2.61022706E-05	 3.05077466E-05	 2.86698294E-05	 5.11666896E-06	 1.61598789E-05	 1.60149830E-05	 1.09593581E-05	 2.95780731E-06	 5.46405797E-07	-1.12127357E-06
 5.340000E-01	 1.45646946E-04	 1.40480558E-04	 9.53999023E-05	 4.85774381E-07	 6.02511143E-05	 4.94841507E-05	 2.84783928E-05	 8.48445223E-06	 1.34273221E-06	-1.38374290E-06	 2.62112267E-05	 3.07387706E-05	 2.88533093E-05	 5.50841112E-06	 1.63574193E-05	 1.62272927E-05	 1.11714184E-05	 3.04213894E-06	 5.85466945E-07	-1.13938408E-06
 5.350000E-01	 1.46442050E-04	 1.41912374E-04	 9.67586206E-05	 9.18742771E-07	 6.04777204E-05	 5.00421117E-05	 2.90307706E-05	 8.71326150E-06	 1.39452397E-06	-1.44025887E-06	 2.63180690E-05	 3.09683726E-05	 2.90412206E-05	 5.91544548E-06	 1.65590939E-05	 1.64431511E-05	 1.13869571E-05	 3.12775794E-06	 6.25351703E-07	-1.15808162E-06
 5.360000E-01	 1.47232688E-04	 1.43345176E-04	 9.81215738E-05	 1.40450033E-06	 6.06904432E-05	 5.05995923E-05	 2.95899199E-05	 8.94659403E-06	 1.44861616E-06	-1.49734194E-06	 2.64228073E-05	 3.11966333E-05	 2.92335343E-05	 6.33662682E-06	 1.67647458E-05	 1.66628176E-05	 1.16061656E-05	 3.21471494E-06	 6.66062816E-07	-1.17740187E-06
 5.370000E-01	 1.48018697E-04	 1.44779104E-04	 9.94894867E-05	 1.94139115E-06	 6.08901292E-05	 5.11572389E-05	 3.01559231E-05	 9.18438924E-06	 1.50498516E-06	-1.55502835E-06	 2.65254553E-05	 3.14236423E-05	 2.94302099E-05	 6.77078928E-06	 1.69742177E-05	 1.68865416E-05	 1.18292333E-05	 3.30306559E-06	 7.07607493E-07	-1.19737986E-06
 5.380000E-01	 1.48799910E-04	 1.46214294E-04	 1.00863065E-04	 2.52776479E-06	 6.10776147E-05	 5.17156870E-05	 3.07288779E-05	 9.42660343E-06	 1.56361383E-06	-1.61335545E-06	 2.66260270E-05	 3.16494950E-05	 2.96312045E-05	 7.21676569E-06	 1.71873618E-05	 1.71145632E-05	 1.20563467E-05	 3.39286978E-06	 7.49997802E-07	-1.21804957E-06
 5.390000E-01	 1.49576155E-04	 1.47650869E-04	 1.02242985E-04	 3.16201303E-06	 6.12537115E-05	 5.22755537E-05	 3.13088973E-05	 9.67321085E-06	 1.62449232E-06	-1.67236139E-06	 2.67245361E-05	 3.18742886E-05	 2.98364729E-05	 7.67340720E-06	 1.74040398E-05	 1.73471111E-05	 1.22876879E-05	 3.48419182E-06	 7.93250941E-07	-1.23944363E-06
 5.400000E-01	 1.50347254E-04	 1.49088936E-04	 1.03629886E-04	 3.84259468E-06	 6.14191939E-05	 5.28374354E-05	 3.18961086E-05	 9.92420210E-06	 1.68761643E-06	-1.73208609E-06	 2.68209951E-05	 3.20981200E-05	 3.00459689E-05	 8.13960052E-06	 1.76241202E-05	 1.75843999E-05	 1.25234344E-05	 3.57709998E-06	 8.37388801E-07	-1.26159368E-06
 5.410000E-01	 1.51113024E-04	 1.50528582E-04	 1.05024376E-04	 4.56804863E-06	 6.15747805E-05	 5.34019057E-05	 3.24906516E-05	 1.01795802E-05	 1.75298364E-06	-1.79257351E-06	 2.69154154E-05	 3.23210831E-05	 3.02596497E-05	 8.61428597E-06	 1.78474761E-05	 1.78266263E-05	 1.27637572E-05	 3.67166533E-06	 8.82436819E-07	-1.28453106E-06
 5.420000E-01	 1.51873281E-04	 1.51969884E-04	 1.06427042E-04	 5.33700169E-06	 6.17211209E-05	 5.39695095E-05	 3.30926755E-05	 1.04393583E-05	 1.82059120E-06	-1.85387291E-06	 2.70078059E-05	 3.25432673E-05	 3.04774813E-05	 9.09647877E-06	 1.80739832E-05	 1.80739659E-05	 1.30088193E-05	 3.76796105E-06	 9.28423414E-07	-1.30828713E-06
 5.430000E-01	 1.52627840E-04	 1.53412911E-04	 1.07838449E-04	 6.14817486E-06	 6.18587946E-05	 5.45407598E-05	 3.37023372E-05	 1.07035593E-05	 1.89043620E-06	-1.91603879E-06	 2.70981713E-05	 3.27647525E-05	 3.06994412E-05	 9.58529390E-06	 1.83035173E-05	 1.83265692E-05	 1.32587748E-05	 3.86606229E-06	 9.75380080E-07	-1.33289325E-06
 5.440000E-01	 1.53376517E-04	 1.54857729E-04	 1.09259156E-04	 7.00038656E-06	 6.19883147E-05	 5.51161294E-05	 3.43197953E-05	 1.09722146E-05	 1.96251656E-06	-1.97913022E-06	 2.71865090E-05	 3.29856039E-05	 3.09255185E-05	 1.00799745E-05	 1.85359483E-05	 1.85845593E-05	 1.35137686E-05	 3.96604636E-06	 1.02334154E-06	-1.35838072E-06
 5.450000E-01	 1.54119136E-04	 1.56304410E-04	 1.10689701E-04	 7.89255557E-06	 6.21101402E-05	 5.56960438E-05	 3.49452064E-05	 1.12453658E-05	 2.03683483E-06	-2.04320835E-06	 2.72728071E-05	 3.32058648E-05	 3.11557060E-05	 1.05799121E-05	 1.87711265E-05	 1.88480296E-05	 1.37739394E-05	 4.06799423E-06	 1.07234668E-06	-1.38478032E-06
 5.460000E-01	 1.54855525E-04	 1.57753019E-04	 1.12130601E-04	 8.82370014E-06	 6.22246795E-05	 5.62808867E-05	 3.55787297E-05	 1.15230685E-05	 2.11340185E-06	-2.10833416E-06	 2.73570454E-05	 3.34255564E-05	 3.13899885E-05	 1.10846400E-05	 1.90088695E-05	 1.91170442E-05	 1.40394221E-05	 4.17199259E-06	 1.12243961E-06	-1.41212180E-06
 5.470000E-01	 1.55585505E-04	 1.59203606E-04	 1.13582335E-04	 9.79292964E-06	 6.23322906E-05	 5.68710095E-05	 3.62205330E-05	 1.18053939E-05	 2.19223735E-06	-2.17456782E-06	 2.74391990E-05	 3.36446814E-05	 3.16283375E-05	 1.15938075E-05	 1.92489593E-05	 1.93916402E-05	 1.43103495E-05	 4.27813426E-06	 1.17366985E-06	-1.44043373E-06
 5.480000E-01	 1.56308894E-04	 1.60656203E-04	 1.15045351E-04	 1.07994335E-05	 6.24332850E-05	 5.74667367E-05	 3.68707933E-05	 1.20924288E-05	 2.27337003E-06	-2.24196850E-06	 2.75192390E-05	 3.38632284E-05	 3.18707133E-05	 1.21071526E-05	 1.94911476E-05	 1.96718324E-05	 1.45868523E-05	 4.38651724E-06	 1.22609192E-06	-1.46974341E-06
 5.490000E-01	 1.57025507E-04	 1.62110829E-04	 1.16520074E-04	 1.18424709E-05	 6.25279277E-05	 5.80683678E-05	 3.75296953E-05	 1.23842733E-05	 2.35683633E-06	-2.31059474E-06	 2.75971340E-05	 3.40811759E-05	 3.21170690E-05	 1.26244786E-05	 1.97351615E-05	 1.99576188E-05	 1.48690590E-05	 4.49724349E-06	 1.27976463E-06	-1.50007708E-06
 5.500000E-01	 1.57735156E-04	 1.63567497E-04	 1.18006918E-04	 1.29213621E-05	 6.26164309E-05	 5.86761783E-05	 3.81974283E-05	 1.26810366E-05	 2.44267635E-06	-2.38050676E-06	 2.76728517E-05	 3.42984960E-05	 3.23673541E-05	 1.31456342E-05	 1.99807059E-05	 2.02489834E-05	 1.51570960E-05	 4.61041710E-06	 1.33474936E-06	-1.53146076E-06
 5.510000E-01	 1.58437653E-04	 1.65026216E-04	 1.19506292E-04	 1.40354828E-05	 6.26989537E-05	 5.92904221E-05	 3.88741843E-05	 1.29828325E-05	 2.53093045E-06	-2.45176834E-06	 2.77463609E-05	 3.45151579E-05	 3.26215140E-05	 1.36704937E-05	 2.02274657E-05	 2.05458999E-05	 1.54510878E-05	 4.72614275E-06	 1.39110855E-06	-1.56392107E-06
 5.520000E-01	 1.59132807E-04	 1.66486985E-04	 1.21018597E-04	 1.51842617E-05	 6.27756030E-05	 5.99113338E-05	 3.95601577E-05	 1.32897795E-05	 2.62163857E-06	-2.52444719E-06	 2.78176336E-05	 3.47311315E-05	 3.28794886E-05	 1.41989304E-05	 2.04751096E-05	 2.08483365E-05	 1.57511576E-05	 4.84452503E-06	 1.44890510E-06	-1.59748551E-06
 5.530000E-01	 1.59820424E-04	 1.67949789E-04	 1.22544220E-04	 1.63671775E-05	 6.28464304E-05	 6.05391370E-05	 4.02555511E-05	 1.36020013E-05	 2.71483959E-06	-2.59861547E-06	 2.78866482E-05	 3.49463947E-05	 3.31412099E-05	 1.47307827E-05	 2.07233005E-05	 2.11562604E-05	 1.60574281E-05	 4.96566782E-06	 1.50820188E-06	-1.63218254E-06
 5.540000E-01	 1.60500296E-04	 1.69414580E-04	 1.24083517E-04	 1.75837565E-05	 6.29114355E-05	 6.11740546E-05	 4.09605838E-05	 1.39196313E-05	 2.81057350E-06	-2.67434865E-06	 2.79533905E-05	 3.51609388E-05	 3.34066060E-05	 1.52658239E-05	 2.09717172E-05	 2.14696437E-05	 1.63700188E-05	 5.08967366E-06	 1.56906245E-06	-1.66804079E-06
 5.550000E-01	 1.61172204E-04	 1.70881279E-04	 1.25636815E-04	 1.88335715E-05	 6.29705841E-05	 6.18163070E-05	 4.16754903E-05	 1.42428158E-05	 2.90888629E-06	-2.75172248E-06	 2.80178501E-05	 3.53747676E-05	 3.36756089E-05	 1.58037674E-05	 2.12200719E-05	 2.17884670E-05	 1.66890451E-05	 5.21664362E-06	 1.63155246E-06	-1.70508787E-06
 5.560000E-01	 1.61835920E-04	 1.72349790E-04	 1.27204419E-04	 2.01162413E-05	 6.30238233E-05	 6.24661031E-05	 4.24005125E-05	 1.45717133E-05	 3.00983272E-06	-2.83081094E-06	 2.80800157E-05	 3.55878909E-05	 3.39481599E-05	 1.63442971E-05	 2.14681114E-05	 2.21127173E-05	 1.70146176E-05	 5.34667781E-06	 1.69574053E-06	-1.74334986E-06
 5.570000E-01	 1.62491206E-04	 1.73820003E-04	 1.28786623E-04	 2.14314318E-05	 6.30710854E-05	 6.31236366E-05	 4.31358960E-05	 1.49064931E-05	 3.11347695E-06	-2.91168567E-06	 2.81398726E-05	 3.58003192E-05	 3.42242101E-05	 1.68870983E-05	 2.17156064E-05	 2.24423831E-05	 1.73468424E-05	 5.47987642E-06	 1.76169871E-06	-1.78285135E-06
 5.580000E-01	 1.63137825E-04	 1.75291800E-04	 1.30383710E-04	 2.27788537E-05	 6.31122877E-05	 6.37890849E-05	 4.38818873E-05	 1.52473337E-05	 3.21989162E-06	-2.99441635E-06	 2.81974020E-05	 3.60120596E-05	 3.45037190E-05	 1.74318808E-05	 2.19623402E-05	 2.27774497E-05	 1.76858218E-05	 5.61634043E-06	 1.82950248E-06	-1.82361571E-06
 5.590000E-01	 1.63775534E-04	 1.76765060E-04	 1.31995961E-04	 2.41582575E-05	 6.31473256E-05	 6.44626090E-05	 4.46387313E-05	 1.55944189E-05	 3.32915388E-06	-3.07907308E-06	 2.82525816E-05	 3.62231151E-05	 3.47866548E-05	 1.79783938E-05	 2.22080979E-05	 2.31178949E-05	 1.80316544E-05	 5.75617137E-06	 1.89922970E-06	-1.86566608E-06
 5.600000E-01	 1.64404090E-04	 1.78239656E-04	 1.33623660E-04	 2.55694276E-05	 6.31760640E-05	 6.51443555E-05	 4.54066715E-05	 1.59479354E-05	 3.44134203E-06	-3.16572866E-06	 2.83053871E-05	 3.64334849E-05	 3.50729955E-05	 1.85264318E-05	 2.24526616E-05	 2.34636851E-05	 1.83844345E-05	 5.89947086E-06	 1.97095977E-06	-1.90902601E-06
 5.610000E-01	 1.65023252E-04	 1.79715464E-04	 1.35267098E-04	 2.70121776E-05	 6.31983381E-05	 6.58344569E-05	 4.61859500E-05	 1.63080724E-05	 3.55653489E-06	-3.25445901E-06	 2.83557909E-05	 3.66431634E-05	 3.53627327E-05	 1.90758475E-05	 2.26958087E-05	 2.38147731E-05	 1.87442510E-05	 6.04634044E-06	 2.04477359E-06	-1.95371956E-06
 5.620000E-01	 1.65632781E-04	 1.81192370E-04	 1.36926583E-04	 2.84863461E-05	 6.32139653E-05	 6.65330218E-05	 4.69767996E-05	 1.66750197E-05	 3.67481268E-06	-3.34534241E-06	 2.84037588E-05	 3.68521346E-05	 3.56558751E-05	 1.96265816E-05	 2.29373013E-05	 2.41710943E-05	 1.91111879E-05	 6.19688199E-06	 2.12075384E-06	-1.99977129E-06
 5.630000E-01	 1.66232449E-04	 1.82670288E-04	 1.38602456E-04	 2.99917977E-05	 6.32227601E-05	 6.72401227E-05	 4.77794349E-05	 1.70489661E-05	 3.79626043E-06	-3.43845697E-06	 2.84492465E-05	 3.70603650E-05	 3.59524454E-05	 2.01786857E-05	 2.31768622E-05	 2.45325631E-05	 1.94853275E-05	 6.35119977E-06	 2.19898583E-06	-2.04720617E-06
 5.640000E-01	 1.66822031E-04	 1.84149143E-04	 1.40295070E-04	 3.15284268E-05	 6.32245337E-05	 6.79558021E-05	 4.85940575E-05	 1.74301037E-05	 3.92097108E-06	-3.53387850E-06	 2.84922013E-05	 3.72678046E-05	 3.62524699E-05	 2.07323018E-05	 2.34141653E-05	 2.48990744E-05	 1.98667536E-05	 6.50940235E-06	 2.27955852E-06	-2.09604906E-06
 5.650000E-01	 1.67401297E-04	 1.85628858E-04	 1.42004779E-04	 3.30961573E-05	 6.32190825E-05	 6.86800855E-05	 4.94208676E-05	 1.78186311E-05	 4.04904573E-06	-3.63168061E-06	 2.85325674E-05	 3.74743953E-05	 3.65559708E-05	 2.12876106E-05	 2.36488448E-05	 2.52705112E-05	 2.02555519E-05	 6.67160230E-06	 2.36256440E-06	-2.14632459E-06
 5.660000E-01	 1.67970010E-04	 1.87109341E-04	 1.43731918E-04	 3.46949410E-05	 6.32061810E-05	 6.94129916E-05	 5.02600707E-05	 1.82147556E-05	 4.18059319E-06	-3.73193513E-06	 2.85702896E-05	 3.76800780E-05	 3.68629622E-05	 2.18447791E-05	 2.38805169E-05	 2.56467544E-05	 2.06518095E-05	 6.83791455E-06	 2.44809887E-06	-2.19805703E-06
 5.670000E-01	 1.68527919E-04	 1.88590468E-04	 1.45476799E-04	 3.63247562E-05	 6.31855724E-05	 7.01545440E-05	 5.11118856E-05	 1.86186945E-05	 4.31572810E-06	-3.83471373E-06	 2.86053173E-05	 3.78848015E-05	 3.71734499E-05	 2.24039180E-05	 2.41088054E-05	 2.60276913E-05	 2.10556131E-05	 7.00845423E-06	 2.53625942E-06	-2.25127028E-06
 5.680000E-01	 1.69074762E-04	 1.90072090E-04	 1.47239709E-04	 3.79856070E-05	 6.31569626E-05	 7.09047734E-05	 5.19765455E-05	 1.90306736E-05	 4.45456764E-06	-3.94009035E-06	 2.86376061E-05	 3.80885257E-05	 3.74874356E-05	 2.29650692E-05	 2.43333617E-05	 2.64132201E-05	 2.14670462E-05	 7.18333431E-06	 2.62714438E-06	-2.30598841E-06
 5.690000E-01	 1.69610270E-04	 1.91554042E-04	 1.49020934E-04	 3.96775242E-05	 6.31200264E-05	 7.16637079E-05	 5.28542881E-05	 1.94509235E-05	 4.59723001E-06	-4.04814214E-06	 2.86671155E-05	 3.82912194E-05	 3.78049219E-05	 2.35282248E-05	 2.45538621E-05	 2.68032480E-05	 2.18861895E-05	 7.36266486E-06	 2.72085223E-06	-2.36223613E-06
 5.700000E-01	 1.70134169E-04	 1.93036149E-04	 1.50820760E-04	 4.14005685E-05	 6.30744110E-05	 7.24313661E-05	 5.37453513E-05	 1.98796779E-05	 4.74383471E-06	-4.15894928E-06	 2.86938082E-05	 3.84928572E-05	 3.81259112E-05	 2.40933405E-05	 2.47699996E-05	 2.71976883E-05	 2.23131216E-05	 7.54655391E-06	 2.81748168E-06	-2.42003911E-06
 5.710000E-01	 1.70646180E-04	 1.94518221E-04	 1.52639471E-04	 4.31548355E-05	 6.30197290E-05	 7.32077636E-05	 5.46499786E-05	 2.03171754E-05	 4.89450221E-06	-4.27259543E-06	 2.87176519E-05	 3.86934224E-05	 3.84504029E-05	 2.46603274E-05	 2.49814875E-05	 2.75964598E-05	 2.27479187E-05	 7.73510762E-06	 2.91713178E-06	-2.47942399E-06
 5.720000E-01	 1.71146011E-04	 1.96000041E-04	 1.54477328E-04	 4.49404566E-05	 6.29555565E-05	 7.39929194E-05	 5.55684262E-05	 2.07636631E-05	 5.04935605E-06	-4.38916655E-06	 2.87386190E-05	 3.88929081E-05	 3.87783938E-05	 2.52290455E-05	 2.51880737E-05	 2.79994891E-05	 2.31906528E-05	 7.92843014E-06	 3.01990263E-06	-2.54041763E-06
 5.730000E-01	 1.71633363E-04	 1.97481366E-04	 1.56334575E-04	 4.67575930E-05	 6.28814441E-05	 7.47868521E-05	 5.65009601E-05	 2.12193978E-05	 5.20852626E-06	-4.50874853E-06	 2.87566837E-05	 3.90913124E-05	 3.91098827E-05	 2.57993235E-05	 2.53895419E-05	 2.84067096E-05	 2.36413907E-05	 8.12662398E-06	 3.12589646E-06	-2.60304643E-06
 5.740000E-01	 1.72107929E-04	 1.98961943E-04	 1.58211446E-04	 4.86064313E-05	 6.27969278E-05	 7.55895730E-05	 5.74478491E-05	 2.16846442E-05	 5.37215084E-06	-4.63142585E-06	 2.87718175E-05	 3.92886330E-05	 3.94448753E-05	 2.63709959E-05	 2.55856985E-05	 2.88180567E-05	 2.41001946E-05	 8.32979121E-06	 3.23521826E-06	-2.66733619E-06
 5.750000E-01	 1.72569403E-04	 2.00441515E-04	 1.60108180E-04	 5.04871794E-05	 6.27015375E-05	 7.64010783E-05	 5.84093568E-05	 2.21596729E-05	 5.54037652E-06	-4.75728089E-06	 2.87839859E-05	 3.94848611E-05	 3.97833898E-05	 2.69439420E-05	 2.57763491E-05	 2.92334599E-05	 2.45671232E-05	 8.53803498E-06	 3.34797643E-06	-2.73331229E-06
 5.760000E-01	 1.73017480E-04	 2.01919843E-04	 1.62025041E-04	 5.24000633E-05	 6.25948036E-05	 7.72213373E-05	 5.93857316E-05	 2.26447562E-05	 5.71335842E-06	-4.88639386E-06	 2.87931457E-05	 3.96799760E-05	 4.01254595E-05	 2.75181162E-05	 2.59612693E-05	 2.96528353E-05	 2.50422351E-05	 8.75146146E-06	 3.46428294E-06	-2.80100027E-06
 5.770000E-01	 1.73451857E-04	 2.03396701E-04	 1.63962327E-04	 5.43453288E-05	 6.24762520E-05	 7.80502928E-05	 6.03772054E-05	 2.31401671E-05	 5.89125758E-06	-5.01884475E-06	 2.87992466E-05	 3.98739471E-05	 4.04711313E-05	 2.80935471E-05	 2.61401900E-05	 3.00760810E-05	 2.55255901E-05	 8.97018079E-06	 3.58425298E-06	-2.87042657E-06
 5.780000E-01	 1.73872229E-04	 2.04871867E-04	 1.65920350E-04	 5.63232438E-05	 6.23453953E-05	 7.88878728E-05	 6.13840030E-05	 2.36461804E-05	 6.07423874E-06	-5.15471524E-06	 2.88022343E-05	 4.00667387E-05	 4.08204632E-05	 2.86703139E-05	 2.63128066E-05	 3.05030791E-05	 2.60172484E-05	 9.19430632E-06	 3.70800455E-06	-2.94161870E-06
 5.790000E-01	 1.74278287E-04	 2.06345116E-04	 1.67899439E-04	 5.83340961E-05	 6.22017321E-05	 7.97339925E-05	 6.24063442E-05	 2.41630741E-05	 6.26247010E-06	-5.29408909E-06	 2.88020507E-05	 4.02583107E-05	 4.11735260E-05	 2.92485406E-05	 2.64787861E-05	 3.09336984E-05	 2.65172700E-05	 9.42395374E-06	 3.83565833E-06	-3.01460508E-06
 5.800000E-01	 1.74669723E-04	 2.07816235E-04	 1.69899951E-04	 6.03781907E-05	 6.20447542E-05	 8.05885431E-05	 6.34444360E-05	 2.46911265E-05	 6.45612458E-06	-5.43705098E-06	 2.87986318E-05	 4.04486160E-05	 4.15304056E-05	 2.98284091E-05	 2.66377541E-05	 3.13677927E-05	 2.70257153E-05	 9.65924139E-06	 3.96733782E-06	-3.08941513E-06
 5.810000E-01	 1.75046231E-04	 2.09285027E-04	 1.71922271E-04	 6.24558473E-05	 6.18739499E-05	 8.14513862E-05	 6.44984672E-05	 2.52306148E-05	 6.65538125E-06	-5.58368482E-06	 2.87919067E-05	 4.06375984E-05	 4.18912003E-05	 3.04101567E-05	 2.67892838E-05	 3.18052004E-05	 2.75426469E-05	 9.90029095E-06	 4.10316958E-06	-3.16607918E-06
 5.820000E-01	 1.75407508E-04	 2.10751300E-04	 1.73966797E-04	 6.45674014E-05	 6.16887967E-05	 8.23223647E-05	 6.55686165E-05	 2.57818169E-05	 6.86042531E-06	-5.73407361E-06	 2.87818017E-05	 4.08251971E-05	 4.22560132E-05	 3.09940415E-05	 2.69329066E-05	 3.22457502E-05	 2.80681288E-05	 1.01472268E-05	 4.24328301E-06	-3.24462847E-06
 5.830000E-01	 1.75753247E-04	 2.12214852E-04	 1.76033927E-04	 6.67132089E-05	 6.14887500E-05	 8.32013136E-05	 6.66550610E-05	 2.63450140E-05	 7.07144735E-06	-5.88830027E-06	 2.87682445E-05	 4.10113528E-05	 4.26249419E-05	 3.15802943E-05	 2.70681402E-05	 3.26892689E-05	 2.86022240E-05	 1.04001745E-05	 4.38780979E-06	-3.32509496E-06
 5.840000E-01	 1.76083128E-04	 2.13675447E-04	 1.78124030E-04	 6.88936535E-05	 6.12732270E-05	 8.40880803E-05	 6.77579930E-05	 2.69204957E-05	 7.28864214E-06	-6.04644926E-06	 2.87511699E-05	 4.11960159E-05	 4.29980701E-05	 3.21690656E-05	 2.71945356E-05	 3.31355935E-05	 2.91449912E-05	 1.06592576E-05	 4.53688328E-06	-3.40751096E-06
 5.850000E-01	 1.76396807E-04	 2.15132794E-04	 1.80237430E-04	 7.11091573E-05	 6.10415952E-05	 8.49825425E-05	 6.88776349E-05	 2.75085668E-05	 7.51220767E-06	-6.20860870E-06	 2.87305227E-05	 4.13791511E-05	 4.33754649E-05	 3.27604001E-05	 2.73117216E-05	 3.35845803E-05	 2.96964797E-05	 1.09245955E-05	 4.69063822E-06	-3.49190859E-06
 5.860000E-01	 1.76693925E-04	 2.16586563E-04	 1.82374429E-04	 7.33601828E-05	 6.07931796E-05	 8.58845939E-05	 7.00142309E-05	 2.81095464E-05	 7.74234679E-06	-6.37487006E-06	 2.87062530E-05	 4.15607331E-05	 4.37571839E-05	 3.33542706E-05	 2.74194023E-05	 3.40361038E-05	 3.02567312E-05	 1.11963038E-05	 4.84921117E-06	-3.57831964E-06
 5.870000E-01	 1.76974104E-04	 2.18036402E-04	 1.84535331E-04	 7.56472309E-05	 6.05272775E-05	 8.67941254E-05	 7.11680312E-05	 2.87237633E-05	 7.97926897E-06	-6.54532666E-06	 2.86783121E-05	 4.17407385E-05	 4.41432818E-05	 3.39506231E-05	 2.75173251E-05	 3.44900489E-05	 3.08257835E-05	 1.14744958E-05	 5.01274117E-06	-3.66677596E-06
 5.880000E-01	 1.77236958E-04	 2.19481946E-04	 1.86720449E-04	 7.79708415E-05	 6.02431627E-05	 8.77110211E-05	 7.23392880E-05	 2.93515550E-05	 8.22319069E-06	-6.72007323E-06	 2.86466507E-05	 4.19191449E-05	 4.45338126E-05	 3.45493949E-05	 2.76052617E-05	 3.49463031E-05	 3.14036721E-05	 1.17592855E-05	 5.18137038E-06	-3.75730966E-06
 5.890000E-01	 1.77482092E-04	 2.20922811E-04	 1.88930090E-04	 8.03315867E-05	 5.99400871E-05	 8.86351644E-05	 7.35282580E-05	 2.99932656E-05	 8.47433420E-06	-6.89920625E-06	 2.86112198E-05	 4.20959304E-05	 4.49288301E-05	 3.51505179E-05	 2.76830045E-05	 3.54047550E-05	 3.19904294E-05	 1.20507865E-05	 5.35524372E-06	-3.84995338E-06
 5.900000E-01	 1.77709108E-04	 2.22358597E-04	 1.91164554E-04	 8.27300622E-05	 5.96172810E-05	 8.95664383E-05	 7.47352003E-05	 3.06492439E-05	 8.73292636E-06	-7.08282383E-06	 2.85719703E-05	 4.22710726E-05	 4.53283906E-05	 3.57539286E-05	 2.77503634E-05	 3.58652936E-05	 3.25860831E-05	 1.23491112E-05	 5.53450802E-06	-3.94474060E-06
 5.910000E-01	 1.77917611E-04	 2.23788897E-04	 1.93424136E-04	 8.51668811E-05	 5.92739530E-05	 9.05047218E-05	 7.59603728E-05	 3.13198411E-05	 8.99919823E-06	-7.27102552E-06	 2.85288511E-05	 4.24445466E-05	 4.57325608E-05	 3.63595920E-05	 2.78071516E-05	 3.63278046E-05	 3.31906552E-05	 1.26543708E-05	 5.71931184E-06	-4.04170586E-06
 5.920000E-01	 1.78107214E-04	 2.25213308E-04	 1.95709147E-04	 8.76426664E-05	 5.89092990E-05	 9.14498773E-05	 7.72040220E-05	 3.20054084E-05	 9.27338577E-06	-7.46391173E-06	 2.84818045E-05	 4.26163197E-05	 4.61414281E-05	 3.69675419E-05	 2.78531487E-05	 3.67921659E-05	 3.38041661E-05	 1.29666770E-05	 5.90980556E-06	-4.14088531E-06
 5.930000E-01	 1.78277541E-04	 2.26631464E-04	 1.98019945E-04	 9.01580429E-05	 5.85225180E-05	 9.24017258E-05	 7.84663625E-05	 3.27062911E-05	 9.55573223E-06	-7.66158183E-06	 2.84307607E-05	 4.27863446E-05	 4.65551091E-05	 3.75779207E-05	 2.78880426E-05	 3.72582370E-05	 3.44266423E-05	 1.32861461E-05	 6.10614256E-06	-4.24231741E-06
 5.940000E-01	 1.78428222E-04	 2.28043030E-04	 2.00356949E-04	 9.27136476E-05	 5.81128180E-05	 9.33600412E-05	 7.97475731E-05	 3.34228306E-05	 9.84649101E-06	-7.86413319E-06	 2.83756371E-05	 4.29545610E-05	 4.69737483E-05	 3.81909699E-05	 2.79114038E-05	 3.77258521E-05	 3.50581220E-05	 1.36129040E-05	 6.30848144E-06	-4.34604281E-06
 5.950000E-01	 1.78558873E-04	 2.29447674E-04	 2.02720618E-04	 9.53101479E-05	 5.76794037E-05	 9.43245732E-05	 8.10478169E-05	 3.41553718E-05	 1.01459260E-05	-8.07166242E-06	 2.83163438E-05	 4.31209030E-05	 4.73975079E-05	 3.88069788E-05	 2.79227156E-05	 3.81948225E-05	 3.56986521E-05	 1.39470860E-05	 6.51698725E-06	-4.45210338E-06
 5.960000E-01	 1.78669089E-04	 2.30845048E-04	 2.05111425E-04	 9.79482542E-05	 5.72214622E-05	 9.52950626E-05	 8.23672561E-05	 3.49042688E-05	 1.04543112E-05	-8.28426642E-06	 2.82527870E-05	 4.32853042E-05	 4.78265594E-05	 3.94262446E-05	 2.79214167E-05	 3.86649453E-05	 3.63482833E-05	 1.42888341E-05	 6.73183141E-06	-4.56054133E-06
 5.970000E-01	 1.78758451E-04	 2.32234784E-04	 2.07529860E-04	 1.00628728E-04	 5.67381487E-05	 9.62712452E-05	 8.37060567E-05	 3.56698857E-05	 1.07719305E-05	-8.50204256E-06	 2.81848712E-05	 4.34476993E-05	 4.82610797E-05	 4.00490554E-05	 2.79069310E-05	 3.91360101E-05	 3.70070653E-05	 1.46382940E-05	 6.95319117E-06	-4.67139867E-06
 5.980000E-01	 1.78826528E-04	 2.33616495E-04	 2.09976415E-04	 1.03352376E-04	 5.62285743E-05	 9.72528526E-05	 8.50643875E-05	 3.64525931E-05	 1.10990740E-05	-8.72508913E-06	 2.81125014E-05	 4.36080250E-05	 4.87012481E-05	 4.06756838E-05	 2.78786842E-05	 3.96078038E-05	 3.76750419E-05	 1.49956111E-05	 7.18124756E-06	-4.78471749E-06
 5.990000E-01	 1.78872894E-04	 2.34989783E-04	 2.12451589E-04	 1.06120036E-04	 5.56918009E-05	 9.82396156E-05	 8.64424170E-05	 3.72527627E-05	 1.14360350E-05	-8.95350637E-06	 2.80355844E-05	 4.37662193E-05	 4.91472431E-05	 4.13063813E-05	 2.78361124E-05	 4.00801154E-05	 3.83522497E-05	 1.53609280E-05	 7.41618325E-06	-4.90054097E-06
 6.000000E-01	 1.78897125E-04	 2.36354241E-04	 2.14955879E-04	 1.08932576E-04	 5.51268382E-05	 9.92312694E-05	 8.78403145E-05	 3.80707665E-05	 1.17831084E-05	-9.18739710E-06	 2.79540311E-05	 4.39222228E-05	 4.95992347E-05	 4.19413594E-05	 2.77786820E-05	 4.05527387E-05	 3.90387159E-05	 1.57343834E-05	 7.65818207E-06	-5.01891366E-06
 6.010000E-01	 1.78898790E-04	 2.37709425E-04	 2.17489766E-04	 1.11790911E-04	 5.45326309E-05	 1.00227577E-04	 8.92582687E-05	 3.89069834E-05	 1.21405891E-05	-9.42686911E-06	 2.78677604E-05	 4.40759839E-05	 5.00573751E-05	 4.25807581E-05	 2.77059402E-05	 4.10254767E-05	 3.97344522E-05	 1.61161101E-05	 7.90742876E-06	-5.13988109E-06
 6.020000E-01	 1.78877437E-04	 2.39054831E-04	 2.20053695E-04	 1.14696033E-04	 5.39080471E-05	 1.01228342E-04	 9.06965061E-05	 3.97618090E-05	 1.25087730E-05	-9.67203898E-06	 2.77767003E-05	 4.42274597E-05	 5.05217979E-05	 4.32246458E-05	 2.76175523E-05	 4.14981477E-05	 4.04394516E-05	 1.65062334E-05	 8.16410916E-06	-5.26348954E-06
 6.030000E-01	 1.78832588E-04	 2.40389912E-04	 2.22648109E-04	 1.17649027E-04	 5.32518820E-05	 1.02233380E-04	 9.21552801E-05	 4.06356570E-05	 1.28879607E-05	-9.92303266E-06	 2.76807814E-05	 4.43766089E-05	 5.09926280E-05	 4.38730680E-05	 2.75132784E-05	 4.19705832E-05	 4.11536947E-05	 1.69048729E-05	 8.42841105E-06	-5.38978652E-06
 6.040000E-01	 1.78763743E-04	 2.41714095E-04	 2.25273474E-04	 1.20651074E-04	 5.25628686E-05	 1.03242492E-04	 9.36348526E-05	 4.15289535E-05	 1.32784599E-05	-1.01799840E-05	 2.75799316E-05	 4.45233864E-05	 5.14699941E-05	 4.45260972E-05	 2.73929161E-05	 4.24426199E-05	 4.18771578E-05	 1.73121467E-05	 8.70052491E-06	-5.51882163E-06
 6.050000E-01	 1.78670385E-04	 2.43026793E-04	 2.27930293E-04	 1.23703443E-04	 5.18396875E-05	 1.04255457E-04	 9.51354833E-05	 4.24421338E-05	 1.36805883E-05	-1.04430321E-05	 2.74740732E-05	 4.46677401E-05	 5.19540377E-05	 4.51838605E-05	 2.72562484E-05	 4.29140926E-05	 4.26098203E-05	 1.77281745E-05	 8.98064526E-06	-5.65064654E-06
 6.060000E-01	 1.78551977E-04	 2.44327400E-04	 2.30619094E-04	 1.26807467E-04	 5.10809861E-05	 1.05272063E-04	 9.66574316E-05	 4.33756450E-05	 1.40946847E-05	-1.07123066E-05	 2.73631160E-05	 4.48096042E-05	 5.24449159E-05	 4.58465456E-05	 2.71030065E-05	 4.33848383E-05	 4.33516702E-05	 1.81530836E-05	 9.26897607E-06	-5.78531049E-06
 6.070000E-01	 1.78407951E-04	 2.45615271E-04	 2.33340415E-04	 1.29964515E-04	 5.02853877E-05	 1.06292167E-04	 9.82009679E-05	 4.43299543E-05	 1.45211218E-05	-1.09879104E-05	 2.72469520E-05	 4.49488947E-05	 5.29428021E-05	 4.65143949E-05	 2.69328490E-05	 4.38547064E-05	 4.41027048E-05	 1.85870132E-05	 9.56573726E-06	-5.92285358E-06
 6.080000E-01	 1.78237700E-04	 2.46889713E-04	 2.36094798E-04	 1.33175993E-04	 4.94514780E-05	 1.07315722E-04	 9.97663834E-05	 4.53055539E-05	 1.49603103E-05	-1.12699137E-05	 2.71254517E-05	 4.50855066E-05	 5.34478951E-05	 4.71877177E-05	 2.67453360E-05	 4.43235672E-05	 4.48629333E-05	 1.90301161E-05	 9.87116650E-06	-6.06330441E-06
 6.090000E-01	 1.78040584E-04	 2.48150007E-04	 2.38882824E-04	 1.36443339E-04	 4.85777880E-05	 1.08342761E-04	 1.01353975E-04	 4.63029552E-05	 1.54126971E-05	-1.15583537E-05	 2.69984598E-05	 4.52193119E-05	 5.39604328E-05	 4.78669212E-05	 2.65398668E-05	 4.47913131E-05	 4.56323853E-05	 1.94825604E-05	 1.01855179E-05	-6.20668169E-06
 6.100000E-01	 1.77815971E-04	 2.49395481E-04	 2.41705188E-04	 1.39768049E-04	 4.76627454E-05	 1.09373285E-04	 1.02964003E-04	 4.73226570E-05	 1.58787344E-05	-1.18532670E-05	 2.68658057E-05	 4.53501720E-05	 5.44807070E-05	 4.85525312E-05	 2.63156232E-05	 4.52578308E-05	 4.64111151E-05	 1.99445235E-05	 1.05090481E-05	-6.35300887E-06
 6.110000E-01	 1.77563273E-04	 2.50625537E-04	 2.44562727E-04	 1.43151764E-04	 4.67046028E-05	 1.10407155E-04	 1.04596668E-04	 4.83651141E-05	 1.63588319E-05	-1.21547419E-05	 2.67273283E-05	 4.54779654E-05	 5.50090638E-05	 4.92451616E-05	 2.60715941E-05	 4.57229572E-05	 4.71991927E-05	 2.04161797E-05	 1.08419965E-05	-6.50233461E-06
 6.120000E-01	 1.77281959E-04	 2.51839646E-04	 2.47456396E-04	 1.46596341E-04	 4.57013920E-05	 1.11444075E-04	 1.06252131E-04	 4.94307327E-05	 1.68533360E-05	-1.24629437E-05	 2.65828925E-05	 4.56026032E-05	 5.55458828E-05	 4.99454475E-05	 2.58066798E-05	 4.61864627E-05	 4.79966853E-05	 2.08976905E-05	 1.11845770E-05	-6.65473999E-06
 6.130000E-01	 1.76971545E-04	 2.53037302E-04	 2.50387233E-04	 1.50103902E-04	 4.46508972E-05	 1.12483621E-04	 1.07930547E-04	 5.05198806E-05	 1.73625284E-05	-1.27781195E-05	 2.64323968E-05	 4.57240330E-05	 5.60915471E-05	 5.06539837E-05	 2.55198310E-05	 4.66480528E-05	 4.88036376E-05	 2.13891975E-05	 1.15369794E-05	-6.81033703E-06
 6.140000E-01	 1.76631553E-04	 2.54217952E-04	 2.53356293E-04	 1.53676828E-04	 4.35506755E-05	 1.13525373E-04	 1.09632117E-04	 5.16329228E-05	 1.78866628E-05	-1.31005601E-05	 2.62757646E-05	 4.58422214E-05	 5.66464065E-05	 5.13712673E-05	 2.52101889E-05	 4.71074036E-05	 4.96200547E-05	 2.18908249E-05	 1.18993853E-05	-6.96925017E-06
 6.150000E-01	 1.76261448E-04	 2.55380935E-04	 2.56364597E-04	 1.57317652E-04	 4.23981369E-05	 1.14569095E-04	 1.11357124E-04	 5.27702646E-05	 1.84260274E-05	-1.34305299E-05	 2.61129197E-05	 4.59571222E-05	 5.72107364E-05	 5.20976479E-05	 2.48771926E-05	 4.75642185E-05	 5.04458959E-05	 2.24026905E-05	 1.22719963E-05	-7.13158688E-06
 6.160000E-01	 1.75860618E-04	 2.56525480E-04	 2.59413125E-04	 1.61028925E-04	 4.11906463E-05	 1.15614797E-04	 1.13105925E-04	 5.39323608E-05	 1.89809748E-05	-1.37682306E-05	 2.59437769E-05	 4.60686581E-05	 5.77847008E-05	 5.28332816E-05	 2.45206867E-05	 4.80182492E-05	 5.12810643E-05	 2.29249089E-05	 1.26550473E-05	-7.29742359E-06
 6.170000E-01	 1.75428381E-04	 2.57650715E-04	 2.62502784E-04	 1.64813106E-04	 3.99256840E-05	 1.16662738E-04	 1.14878918E-04	 5.51197091E-05	 1.95519242E-05	-1.41137952E-05	 2.57682491E-05	 4.61767194E-05	 5.83683072E-05	 5.35780597E-05	 2.41410992E-05	 4.84692818E-05	 5.21253787E-05	 2.34575849E-05	 1.30488086E-05	-7.46680228E-06
 6.180000E-01	 1.74964002E-04	 2.58755671E-04	 2.65634325E-04	 1.68672439E-04	 3.86011111E-05	 1.17713363E-04	 1.16676505E-04	 5.63328346E-05	 2.01393458E-05	-1.44673084E-05	 2.55862637E-05	 4.62811700E-05	 5.89613586E-05	 5.43315445E-05	 2.37396940E-05	 4.89171034E-05	 5.29785297E-05	 2.40007982E-05	 1.34535794E-05	-7.63973583E-06
 6.190000E-01	 1.74466749E-04	 2.59839315E-04	 2.68808255E-04	 1.72608802E-04	 3.72156062E-05	 1.18767117E-04	 1.18498993E-04	 5.75722581E-05	 2.07437355E-05	-1.48288464E-05	 2.53977839E-05	 4.63818519E-05	 5.95634022E-05	 5.50929443E-05	 2.33188582E-05	 4.93614503E-05	 5.38400307E-05	 2.45545785E-05	 1.38696742E-05	-7.81622146E-06
 6.200000E-01	 1.73935943E-04	 2.60900591E-04	 2.72024674E-04	 1.76623404E-04	 3.57693627E-05	 1.19824238E-04	 1.20346447E-04	 5.88384624E-05	 2.13656129E-05	-1.51984886E-05	 2.52028216E-05	 4.64785769E-05	 6.01736704E-05	 5.58610982E-05	 2.28824001E-05	 4.98019683E-05	 5.47091681E-05	 2.51188857E-05	 1.42974169E-05	-7.99624532E-06
 6.210000E-01	 1.73371019E-04	 2.61938438E-04	 2.75283053E-04	 1.80716358E-04	 3.42650630E-05	 1.20884538E-04	 1.22218504E-04	 6.01318588E-05	 2.20055395E-05	-1.55763048E-05	 2.50014428E-05	 4.65711083E-05	 6.07910163E-05	 5.66344612E-05	 2.24358450E-05	 5.02381841E-05	 5.55849540E-05	 2.56935928E-05	 1.47371424E-05	-8.17977909E-06
 6.220000E-01	 1.72771604E-04	 2.62951835E-04	 2.78581954E-04	 1.84886141E-04	 3.27090993E-05	 1.21947134E-04	 1.24114123E-04	 6.14527380E-05	 2.26641369E-05	-1.59623351E-05	 2.47937739E-05	 4.66591436E-05	 6.14138514E-05	 5.74110991E-05	 2.19867104E-05	 5.06694777E-05	 5.64660822E-05	 2.62784689E-05	 1.51891956E-05	-8.36677644E-06
 6.230000E-01	 1.72137602E-04	 2.63939808E-04	 2.81918697E-04	 1.89129066E-04	 3.11129467E-05	 1.23010168E-04	 1.26031334E-04	 6.28012172E-05	 2.33421005E-05	-1.63565658E-05	 2.45800077E-05	 4.67422999E-05	 6.20401023E-05	 5.81887057E-05	 2.15447314E-05	 5.10950663E-05	 5.73508893E-05	 2.68731618E-05	 1.56539283E-05	-8.55716949E-06
 6.240000E-01	 1.71469259E-04	 2.64901400E-04	 2.85289022E-04	 1.93438871E-04	 2.94945328E-05	 1.24070508E-04	 1.27966992E-04	 6.41772030E-05	 2.40402155E-05	-1.67589106E-05	 2.43604025E-05	 4.68201001E-05	 6.26672041E-05	 5.89646927E-05	 2.11219554E-05	 5.15140087E-05	 5.82373383E-05	 2.74771859E-05	 1.61316925E-05	-8.75086761E-06
 6.250000E-01	 1.70767201E-04	 2.65835655E-04	 2.88686822E-04	 1.97806473E-04	 2.78794048E-05	 1.25123392E-04	 1.29916552E-04	 6.55803642E-05	 2.47593774E-05	-1.71691945E-05	 2.41352689E-05	 4.68919541E-05	 6.32921413E-05	 5.97363696E-05	 2.07326112E-05	 5.19252402E-05	 5.91230480E-05	 2.80899199E-05	 1.66228322E-05	-8.94776093E-06
 6.260000E-01	 1.70032423E-04	 2.66741590E-04	 2.92104037E-04	 2.02219948E-04	 2.63014547E-05	 1.26162084E-04	 1.31873907E-04	 6.70101250E-05	 2.55006237E-05	-1.75871329E-05	 2.39049437E-05	 4.69571404E-05	 6.39115320E-05	 6.05011656E-05	 2.03927195E-05	 5.23276266E-05	 6.00053726E-05	 2.87106252E-05	 1.71276800E-05	-9.14772444E-06
 6.270000E-01	 1.69266226E-04	 2.67618145E-04	 2.95530695E-04	 2.06664850E-04	 2.48029300E-05	 1.27177675E-04	 1.33831355E-04	 6.84656922E-05	 2.62651682E-05	-1.80123107E-05	 2.36697575E-05	 4.70147988E-05	 6.45217493E-05	 6.12568411E-05	 2.01194747E-05	 5.27200261E-05	 6.08815249E-05	 2.93384870E-05	 1.76465595E-05	-9.35062146E-06
 6.280000E-01	 1.68470118E-04	 2.68464121E-04	 2.98955156E-04	 2.11124884E-04	 2.34335013E-05	 1.28159115E-04	 1.35779768E-04	 6.99460973E-05	 2.70543990E-05	-1.84441841E-05	 2.34300093E-05	 4.70639444E-05	 6.51190767E-05	 6.20016654E-05	 1.99304426E-05	 5.31013549E-05	 6.17487289E-05	 2.99726631E-05	 1.81797840E-05	-9.55631325E-06
 6.290000E-01	 1.67645725E-04	 2.69278150E-04	 3.02364567E-04	 2.15582888E-04	 2.22482854E-05	 1.29093522E-04	 1.37708964E-04	 7.14502534E-05	 2.78698355E-05	-1.88821094E-05	 2.31859493E-05	 4.71035057E-05	 6.56998875E-05	 6.27345496E-05	 1.98426347E-05	 5.34706536E-05	 6.26043897E-05	 3.06123386E-05	 1.87276479E-05	-9.76467414E-06
 6.300000E-01	 1.66794695E-04	 2.70058685E-04	 3.05745501E-04	 2.20022033E-04	 2.13048990E-05	 1.29966774E-04	 1.39608294E-04	 7.29770263E-05	 2.87130404E-05	-1.93254029E-05	 2.29377733E-05	 4.71323820E-05	 6.62608380E-05	 6.34551306E-05	 1.98715357E-05	 5.38271555E-05	 6.34462651E-05	 3.12567758E-05	 1.92904110E-05	-9.97561266E-06
 6.310000E-01	 1.65918637E-04	 2.70804085E-04	 3.09084764E-04	 2.24427028E-04	 2.06598087E-05	 1.30764287E-04	 1.41467336E-04	 7.45252974E-05	 2.95854970E-05	-1.97734255E-05	 2.26856261E-05	 4.71495100E-05	 6.67990440E-05	 6.41637974E-05	 2.00301757E-05	 5.41703504E-05	 6.42726319E-05	 3.19053577E-05	 1.98682764E-05	-1.01890988E-05
 6.320000E-01	 1.65019047E-04	 2.71512743E-04	 3.12370280E-04	 2.28785203E-04	 2.03644012E-05	 1.31471951E-04	 1.43276649E-04	 7.60940296E-05	 3.04884929E-05	-2.02256627E-05	 2.24296063E-05	 4.71539266E-05	 6.73122111E-05	 6.48616184E-05	 2.03283680E-05	 5.45000129E-05	 6.50824220E-05	 3.25576332E-05	 2.04613812E-05	-1.04051852E-05
 6.330000E-01	 1.64097204E-04	 2.72183183E-04	 3.15591900E-04	 2.33087392E-04	 2.04612574E-05	 1.32077190E-04	 1.45028531E-04	 7.76823453E-05	 3.14230265E-05	-2.06817906E-05	 2.21697731E-05	 4.71448264E-05	 6.77987097E-05	 6.55501718E-05	 2.07722083E-05	 5.48161786E-05	 6.58753045E-05	 3.32133637E-05	 2.10698034E-05	-1.06240161E-05
 6.340000E-01	 1.63154050E-04	 2.72814111E-04	 3.18741998E-04	 2.37328467E-04	 2.09811340E-05	 1.32570017E-04	 1.46717686E-04	 7.92896111E-05	 3.23897480E-05	-2.11417182E-05	 2.19061503E-05	 4.71216036E-05	 6.82576007E-05	 6.62313317E-05	 2.13638597E-05	 5.51190941E-05	 6.66517045E-05	 3.38725593E-05	 2.16935840E-05	-1.08458238E-05
 6.350000E-01	 1.62190093E-04	 2.73404429E-04	 3.21815824E-04	 2.41507458E-04	 2.19410692E-05	 1.32943903E-04	 1.48341696E-04	 8.09155125E-05	 3.33889511E-05	-2.16055968E-05	 2.16387240E-05	 4.70838687E-05	 6.86886151E-05	 6.69070684E-05	 2.21016106E-05	 5.54091736E-05	 6.74127705E-05	 3.45354990E-05	 2.23327586E-05	-1.10709112E-05
 6.360000E-01	 1.61205372E-04	 2.73953257E-04	 3.24811567E-04	 2.45627259E-04	 2.33438355E-05	 1.33196321E-04	 1.49901196E-04	 8.25600815E-05	 3.44205809E-05	-2.20738165E-05	 2.13674456E-05	 4.70314487E-05	 6.90920975E-05	 6.75792909E-05	 2.29801764E-05	 5.56869719E-05	 6.81602955E-05	 3.52027214E-05	 2.29873795E-05	-1.12996357E-05
 6.370000E-01	 1.60199507E-04	 2.74459971E-04	 3.27730166E-04	 2.49694001E-04	 2.51787573E-05	 1.33328895E-04	 1.51399738E-04	 8.42236619E-05	 3.54842591E-05	-2.25469906E-05	 2.10922407E-05	 4.69643725E-05	 6.94689147E-05	 6.82497344E-05	 2.39912094E-05	 5.59531667E-05	 6.88966050E-05	 3.58749902E-05	 2.36575284E-05	-1.15323944E-05
 6.380000E-01	 1.59171813E-04	 2.74924235E-04	 3.30574908E-04	 2.53716214E-04	 2.74236989E-05	 1.33347167E-04	 1.52843371E-04	 8.59068202E-05	 3.65793156E-05	-2.30259337E-05	 2.08130256E-05	 4.68828500E-05	 6.98203388E-05	 6.89198744E-05	 2.51239648E-05	 5.62085226E-05	 6.96244187E-05	 3.65532422E-05	 2.43433188E-05	-1.17696162E-05
 6.390000E-01	 1.58121452E-04	 2.75346006E-04	 3.33350816E-04	 2.57703882E-04	 3.00478927E-05	 1.33259992E-04	 1.54240063E-04	 8.76102590E-05	 3.77048332E-05	-2.35116419E-05	 2.05297316E-05	 4.67872555E-05	 7.01479333E-05	 6.95908738E-05	 2.63660288E-05	 5.64538445E-05	 7.03466942E-05	 3.72385277E-05	 2.50448903E-05	-1.20117563E-05
 6.400000E-01	 1.57047548E-04	 2.75725467E-04	 3.36063919E-04	 2.61667485E-04	 3.30151870E-05	 1.33078658E-04	 1.55599041E-04	 8.93347785E-05	 3.88597368E-05	-2.40052521E-05	 2.02423156E-05	 4.66780990E-05	 7.04534514E-05	 7.02635815E-05	 2.77040181E-05	 5.66899640E-05	 7.10664799E-05	 3.79319531E-05	 2.57624075E-05	-1.22592862E-05
 6.410000E-01	 1.55949268E-04	 2.76062943E-04	 3.38720582E-04	 2.65617170E-04	 3.62872527E-05	 1.32815833E-04	 1.56930100E-04	 9.10812589E-05	 4.00429090E-05	-2.45079842E-05	 1.99507606E-05	 4.65559815E-05	 7.07387418E-05	 7.09385811E-05	 2.91242180E-05	 5.69177589E-05	 7.17867899E-05	 3.86346290E-05	 2.64960604E-05	-1.25126792E-05
 6.420000E-01	 1.54825848E-04	 2.76358802E-04	 3.41326954E-04	 2.69562144E-04	 3.98263724E-05	 1.32484534E-04	 1.58242960E-04	 9.28506624E-05	 4.12533211E-05	-2.50210687E-05	 1.96550641E-05	 4.64215413E-05	 7.10056558E-05	 7.16162497E-05	 3.06131462E-05	 5.71381752E-05	 7.25105040E-05	 3.93476326E-05	 2.72460742E-05	-1.27723922E-05
 6.430000E-01	 1.53676574E-04	 2.76613356E-04	 3.43888586E-04	 2.73510337E-04	 4.35975669E-05	 1.32097247E-04	 1.59546751E-04	 9.46440428E-05	 4.24901528E-05	-2.55456728E-05	 1.93552234E-05	 4.62753982E-05	 7.12559575E-05	 7.22968018E-05	 3.21580346E-05	 5.73522182E-05	 7.32402873E-05	 4.00719878E-05	 2.80127257E-05	-1.30388464E-05
 6.440000E-01	 1.52500784E-04	 2.76826797E-04	 3.46410200E-04	 2.77468265E-04	 4.75699580E-05	 1.31665258E-04	 1.60849650E-04	 9.64625373E-05	 4.37528628E-05	-2.60828547E-05	 1.90512304E-05	 4.61181175E-05	 7.14912516E-05	 7.29803152E-05	 3.37472039E-05	 5.75609031E-05	 7.39785276E-05	 4.08086519E-05	 2.87963528E-05	-1.33124157E-05
 6.450000E-01	 1.51297875E-04	 2.76999161E-04	 3.48895565E-04	 2.81441049E-04	 5.17174201E-05	 1.31198208E-04	 1.62158701E-04	 9.83073731E-05	 4.50412170E-05	-2.66335474E-05	 1.87430740E-05	 4.59501949E-05	 7.17129435E-05	 7.36667513E-05	 3.53702973E-05	 5.77651939E-05	 7.47272919E-05	 4.15585088E-05	 2.95973568E-05	-1.35934235E-05
 6.460000E-01	 1.50067335E-04	 2.77130336E-04	 3.51347483E-04	 2.85432525E-04	 5.60186325E-05	 1.30703853E-04	 1.63479776E-04	 1.00179864E-04	 4.63552742E-05	-2.71985717E-05	 1.84307498E-05	 4.57720583E-05	 7.19222298E-05	 7.43559906E-05	 3.70183867E-05	 5.79659643E-05	 7.54883076E-05	 4.23223589E-05	 3.04161901E-05	-1.38821484E-05
 6.470000E-01	 1.48808789E-04	 2.77220120E-04	 3.53767896E-04	 2.89445465E-04	 6.04566906E-05	 1.30188079E-04	 1.64817616E-04	 1.02081366E-04	 4.76953334E-05	-2.77786654E-05	 1.81142706E-05	 4.55840725E-05	 7.21200993E-05	 7.50478723E-05	 3.86840060E-05	 5.81639619E-05	 7.62629621E-05	 4.31009091E-05	 3.12533388E-05	-1.41788372E-05
 6.480000E-01	 1.47521998E-04	 2.77268261E-04	 3.56158061E-04	 2.93481842E-04	 6.50184836E-05	 1.29655089E-04	 1.66175932E-04	 1.04013237E-04	 4.90618877E-05	-2.83745032E-05	 1.77936684E-05	 4.53865395E-05	 7.23073340E-05	 7.57422177E-05	 4.03611267E-05	 5.83597595E-05	 7.70523131E-05	 4.38947768E-05	 3.21093175E-05	-1.44837127E-05
 6.490000E-01	 1.46206835E-04	 2.77274480E-04	 3.58518721E-04	 2.97543074E-04	 6.96939982E-05	 1.29107664E-04	 1.67557554E-04	 1.05976815E-04	 5.04555876E-05	-2.89867068E-05	 1.74689917E-05	 4.51797000E-05	 7.24845197E-05	 7.64388409E-05	 4.20450695E-05	 5.85537027E-05	 7.78571061E-05	 4.47045038E-05	 3.29846705E-05	-1.47969767E-05
 6.500000E-01	 1.44863230E-04	 2.77238452E-04	 3.60850241E-04	 3.01630209E-04	 7.44756592E-05	 1.28547450E-04	 1.68964596E-04	 1.07973427E-04	 5.18772294E-05	-2.96158398E-05	 1.71402948E-05	 4.49637299E-05	 7.26520629E-05	 7.71375525E-05	 4.37323515E-05	 5.87458776E-05	 7.86778023E-05	 4.55305780E-05	 3.38799826E-05	-1.51188060E-05
 6.510000E-01	 1.43491104E-04	 2.77159770E-04	 3.63152698E-04	 3.05744056E-04	 7.93577594E-05	 1.27975208E-04	 1.70398624E-04	 1.10004417E-04	 5.33277564E-05	-3.02623967E-05	 1.68076254E-05	 4.47387394E-05	 7.28102156E-05	 7.78381642E-05	 4.54204902E-05	 5.89361168E-05	 7.95146183E-05	 4.63734555E-05	 3.47958886E-05	-1.54493475E-05
 6.520000E-01	 1.42090350E-04	 2.77037941E-04	 3.65425956E-04	 3.09885263E-04	 8.43359814E-05	 1.27391033E-04	 1.71860787E-04	 1.12071155E-04	 5.48082423E-05	-3.09268065E-05	 1.64710203E-05	 4.45047778E-05	 7.29591018E-05	 7.85405043E-05	 4.71078176E-05	 5.91240275E-05	 8.03675684E-05	 4.72335702E-05	 3.57330716E-05	-1.57887187E-05
 6.530000E-01	 1.40660836E-04	 2.76872418E-04	 3.67669763E-04	 3.14054432E-04	 8.94070144E-05	 1.26794564E-04	 1.73351898E-04	 1.14175005E-04	 5.63198600E-05	-3.16094433E-05	 1.61305058E-05	 4.42618392E-05	 7.30987366E-05	 7.92444264E-05	 4.87933380E-05	 5.93089979E-05	 8.12365008E-05	 4.81113400E-05	 3.66922576E-05	-1.61370144E-05
 6.540000E-01	 1.39202441E-04	 2.76662649E-04	 3.69883821E-04	 3.18252188E-04	 9.45682822E-05	 1.26185141E-04	 1.74872491E-04	 1.16317269E-04	 5.78638327E-05	-3.23106534E-05	 1.57861077E-05	 4.40098820E-05	 7.32290503E-05	 7.99498084E-05	 5.04765875E-05	 5.94901867E-05	 8.21211252E-05	 4.90071687E-05	 3.76742043E-05	-1.64943181E-05
 6.550000E-01	 1.37715091E-04	 2.76408101E-04	 3.72067776E-04	 3.22479169E-04	 9.98177838E-05	 1.25561875E-04	 1.76422889E-04	 1.18499191E-04	 5.94414008E-05	-3.30307843E-05	 1.54378621E-05	 4.37488558E-05	 7.33499282E-05	 8.06565437E-05	 5.21574472E-05	 5.96665523E-05	 8.30210444E-05	 4.99214461E-05	 3.86796870E-05	-1.68607136E-05
 6.560000E-01	 1.36198765E-04	 2.76108251E-04	 3.74221186E-04	 3.26735988E-04	 1.05154001E-04	 1.24923668E-04	 1.78003276E-04	 1.20721982E-04	 6.10538173E-05	-3.37701956E-05	 1.50858178E-05	 4.34787195E-05	 7.34612476E-05	 8.13645356E-05	 5.38359426E-05	 5.98369336E-05	 8.39357956E-05	 5.08545483E-05	 3.97094885E-05	-1.72362892E-05
 6.570000E-01	 1.34653483E-04	 2.75762558E-04	 3.76343488E-04	 3.31023193E-04	 1.10575835E-04	 1.24269204E-04	 1.79613748E-04	 1.22986868E-04	 6.27023603E-05	-3.45292573E-05	 1.47300338E-05	 4.31994480E-05	 7.35629052E-05	 8.20736974E-05	 5.55120842E-05	 6.00001577E-05	 8.48648908E-05	 5.18068366E-05	 4.07643919E-05	-1.76211385E-05
 6.580000E-01	 1.33079265E-04	 2.75370431E-04	 3.78433991E-04	 3.35341252E-04	 1.16082549E-04	 1.23596972E-04	 1.81254345E-04	 1.25295125E-04	 6.43883573E-05	-3.53083315E-05	 1.43705686E-05	 4.29110237E-05	 7.36548196E-05	 8.27839536E-05	 5.71857932E-05	 6.01551275E-05	 8.58078484E-05	 5.27786595E-05	 4.18451814E-05	-1.80153554E-05
 6.590000E-01	 1.31476101E-04	 2.74931213E-04	 3.80491915E-04	 3.39690599E-04	 1.21673707E-04	 1.22905310E-04	 1.82925055E-04	 1.27648072E-04	 6.61131971E-05	-3.61077559E-05	 1.40074722E-05	 4.26134228E-05	 7.37369183E-05	 8.34952387E-05	 5.88569142E-05	 6.03008429E-05	 8.67642042E-05	 5.37703573E-05	 4.29526490E-05	-1.84190298E-05
 6.600000E-01	 1.29843953E-04	 2.74444188E-04	 3.82516417E-04	 3.44071664E-04	 1.27349138E-04	 1.22192438E-04	 1.84625810E-04	 1.30047063E-04	 6.78783254E-05	-3.69278414E-05	 1.36407858E-05	 4.23066115E-05	 7.38091283E-05	 8.42074944E-05	 6.05252446E-05	 6.04363889E-05	 8.77335075E-05	 5.47822636E-05	 4.40875977E-05	-1.88322472E-05
 6.610000E-01	 1.28182763E-04	 2.73908590E-04	 3.84506579E-04	 3.48484869E-04	 1.33108924E-04	 1.21456459E-04	 1.86356500E-04	 1.32493483E-04	 6.96852382E-05	-3.77688800E-05	 1.32705454E-05	 4.19905506E-05	 7.38713794E-05	 8.49206720E-05	 6.21905542E-05	 6.05609313E-05	 8.87153148E-05	 5.58147029E-05	 4.52508390E-05	-1.92550896E-05
 6.620000E-01	 1.26492492E-04	 2.73323631E-04	 3.86461413E-04	 3.52930635E-04	 1.38953386E-04	 1.20695357E-04	 1.88116973E-04	 1.34988727E-04	 7.15354647E-05	-3.86311616E-05	 1.28967899E-05	 4.16652021E-05	 7.39236064E-05	 8.56347440E-05	 6.38526202E-05	 6.06737085E-05	 8.97091825E-05	 5.68679822E-05	 4.64431858E-05	-1.96876415E-05
 6.630000E-01	 1.24773135E-04	 2.72688528E-04	 3.88379878E-04	 3.57409399E-04	 1.44883067E-04	 1.19907014E-04	 1.89907023E-04	 1.37534182E-04	 7.34305542E-05	-3.95149862E-05	 1.25195648E-05	 4.13305287E-05	 7.39657452E-05	 8.63497164E-05	 6.55112865E-05	 6.07740017E-05	 9.07146574E-05	 5.79423882E-05	 4.76654506E-05	-2.01299927E-05
 6.640000E-01	 1.23024722E-04	 2.72002515E-04	 3.90260916E-04	 3.61921651E-04	 1.50898706E-04	 1.19089244E-04	 1.91726374E-04	 1.40131196E-04	 7.53720696E-05	-4.04206643E-05	 1.21389207E-05	 4.09864873E-05	 7.39977217E-05	 8.70656368E-05	 6.71665267E-05	 6.08610763E-05	 9.17312633E-05	 5.90381908E-05	 4.89184501E-05	-2.05822395E-05
 6.650000E-01	 1.21247306E-04	 2.71264845E-04	 3.92103492E-04	 3.66467968E-04	 1.57001224E-04	 1.18239808E-04	 1.93574659E-04	 1.42781071E-04	 7.73615858E-05	-4.13485089E-05	 1.17549083E-05	 4.06330214E-05	 7.40194422E-05	 8.77825941E-05	 6.88184775E-05	 6.09341192E-05	 9.27584855E-05	 6.01556510E-05	 5.02030147E-05	-2.10444820E-05
 6.660000E-01	 1.19440935E-04	 2.70474760E-04	 3.93906578E-04	 3.71049003E-04	 1.63191708E-04	 1.17356405E-04	 1.95451455E-04	 1.45485082E-04	 7.94006985E-05	-4.22988262E-05	 1.13675726E-05	 4.02700573E-05	 7.40307922E-05	 8.85007087E-05	 7.04674098E-05	 6.09922204E-05	 9.37957679E-05	 6.12950296E-05	 5.15199953E-05	-2.15168200E-05
 6.670000E-01	 1.17605643E-04	 2.69631469E-04	 3.95669122E-04	 3.75665450E-04	 1.69471421E-04	 1.16436650E-04	 1.97356305E-04	 1.48244515E-04	 8.14910345E-05	-4.32719126E-05	 1.09769511E-05	 3.98975066E-05	 7.40316428E-05	 8.92201252E-05	 7.21136814E-05	 6.10343959E-05	 9.48425217E-05	 6.24565885E-05	 5.28702623E-05	-2.19993528E-05
 6.680000E-01	 1.15741451E-04	 2.68734151E-04	 3.97390044E-04	 3.80318038E-04	 1.75841791E-04	 1.15478050E-04	 1.99288734E-04	 1.51060673E-04	 8.36342541E-05	-4.42680560E-05	 1.05830748E-05	 3.95152677E-05	 7.40218531E-05	 8.99410116E-05	 7.37577133E-05	 6.10596050E-05	 9.58981362E-05	 6.36405912E-05	 5.42547037E-05	-2.24921793E-05
 6.690000E-01	 1.13848377E-04	 2.67781959E-04	 3.99068232E-04	 3.85007558E-04	 1.82304435E-04	 1.14478013E-04	 2.01248239E-04	 1.53934864E-04	 8.58320486E-05	-4.52875424E-05	 1.01859721E-05	 3.91232304E-05	 7.40012727E-05	 9.06635571E-05	 7.53999799E-05	 6.10667490E-05	 9.69619842E-05	 6.48473028E-05	 5.56742248E-05	-2.29954006E-05
 6.700000E-01	 1.11926452E-04	 2.66774026E-04	 4.00702530E-04	 3.89734870E-04	 1.88861201E-04	 1.13433834E-04	 2.03234281E-04	 1.56868387E-04	 8.80861396E-05	-4.63306626E-05	 9.78567506E-06	 3.87212837E-05	 7.39697495E-05	 9.13879684E-05	 7.70409842E-05	 6.10546809E-05	 9.80334241E-05	 6.60769869E-05	 5.71297489E-05	-2.35091194E-05
 6.710000E-01	 1.09975720E-04	 2.65709456E-04	 4.02291710E-04	 3.94500899E-04	 1.95514218E-04	 1.12342672E-04	 2.05246308E-04	 1.59862544E-04	 9.03982814E-05	-4.73977152E-05	 9.38222155E-06	 3.83093212E-05	 7.39271368E-05	 9.21144609E-05	 7.86812176E-05	 6.10222431E-05	 9.91118029E-05	 6.73299015E-05	 5.86222147E-05	-2.40334395E-05
 6.720000E-01	 1.07996239E-04	 2.64587311E-04	 4.03834442E-04	 3.99306600E-04	 2.02265943E-04	 1.11201497E-04	 2.07283787E-04	 1.62918677E-04	 9.27702670E-05	-4.84890066E-05	 8.97565573E-06	 3.78872451E-05	 7.38732983E-05	 9.28432517E-05	 8.03211271E-05	 6.09683293E-05	 1.00196465E-04	 6.86062912E-05	 6.01525706E-05	-2.45684655E-05
 6.730000E-01	 1.05988082E-04	 2.63406606E-04	 4.05329280E-04	 4.04152941E-04	 2.09119155E-04	 1.10007042E-04	 2.09346237E-04	 1.66038199E-04	 9.52039263E-05	-4.96048510E-05	 8.56602465E-06	 3.74549609E-05	 7.38081040E-05	 9.35745602E-05	 8.19611256E-05	 6.08919260E-05	 1.01286766E-04	 6.99063831E-05	 6.17217637E-05	-2.51143058E-05
 6.740000E-01	 1.03951328E-04	 2.62166320E-04	 4.06774708E-04	 4.09040929E-04	 2.16076943E-04	 1.08755780E-04	 2.11433238E-04	 1.69222590E-04	 9.77011167E-05	-5.07455711E-05	 8.15337418E-06	 3.70123696E-05	 7.37314175E-05	 9.43086164E-05	 8.36016458E-05	 6.07920935E-05	 1.02382076E-04	 7.12303901E-05	 6.33307373E-05	-2.56710785E-05
 6.750000E-01	 1.01886060E-04	 2.60865399E-04	 4.08169153E-04	 4.13971655E-04	 2.23142714E-04	 1.07443902E-04	 2.13544423E-04	 1.72473392E-04	 1.00263716E-04	-5.19115000E-05	 7.73774714E-06	 3.65593618E-05	 7.36430881E-05	 9.50456710E-05	 8.52431929E-05	 6.06679146E-05	 1.03481784E-04	 7.25785191E-05	 6.49804339E-05	-2.62389134E-05
 6.760000E-01	 9.97923578E-05	 2.59502744E-04	 4.09510987E-04	 4.18946335E-04	 2.30320269E-04	 1.06067293E-04	 2.15679482E-04	 1.75792200E-04	 1.02893631E-04	-5.31029783E-05	 7.31918285E-06	 3.60958140E-05	 7.35429479E-05	 9.57860077E-05	 8.68863796E-05	 6.05184452E-05	 1.04585284E-04	 7.39509778E-05	 6.66718030E-05	-2.68179481E-05
 6.770000E-01	 9.76702903E-05	 2.58077184E-04	 4.10798486E-04	 4.23966352E-04	 2.37613916E-04	 1.04621485E-04	 2.17838169E-04	 1.79180666E-04	 1.05592817E-04	-5.43203476E-05	 6.89771818E-06	 3.56215863E-05	 7.34308101E-05	 9.65299530E-05	 8.85319534E-05	 6.03426706E-05	 1.05691977E-04	 7.53479816E-05	 6.84058152E-05	-2.74083199E-05
 6.780000E-01	 9.55199129E-05	 2.56587460E-04	 4.12029812E-04	 4.29033281E-04	 2.45028573E-04	 1.03101602E-04	 2.20020317E-04	 1.82640509E-04	 1.08363293E-04	-5.55639474E-05	 6.47338854E-06	 3.51365201E-05	 7.33064663E-05	 9.72778821E-05	 9.01808133E-05	 6.01394668E-05	 1.06801268E-04	 7.67697601E-05	 7.01834708E-05	-2.80101609E-05
 6.790000E-01	 9.33412688E-05	 2.55032229E-04	 4.13203018E-04	 4.34148932E-04	 2.52569830E-04	 1.01502278E-04	 2.22225856E-04	 1.86173516E-04	 1.11207140E-04	-5.68341175E-05	 6.04622851E-06	 3.46404379E-05	 7.31696835E-05	 9.80302132E-05	 9.18340025E-05	 5.99075714E-05	 1.07912576E-04	 7.82165613E-05	 7.20058038E-05	-2.86235988E-05
 6.800000E-01	 9.11343995E-05	 2.53410081E-04	 4.14316090E-04	 4.39315383E-04	 2.60243952E-04	 9.98175779E-05	 2.24454850E-04	 1.89781534E-04	 1.14126465E-04	-5.81312123E-05	 5.61627424E-06	 3.41331521E-05	 7.30202090E-05	 9.87873808E-05	 9.34926350E-05	 5.96456134E-05	 1.09025322E-04	 7.96886466E-05	 7.38738741E-05	-2.92487653E-05
 6.810000E-01	 8.88993597E-05	 2.51719567E-04	 4.15366953E-04	 4.44534960E-04	 2.68057850E-04	 9.80409262E-05	 2.26707587E-04	 1.93466505E-04	 1.17123365E-04	-5.94556273E-05	 5.18356871E-06	 3.36144847E-05	 7.28577848E-05	 9.95497771E-05	 9.51577350E-05	 5.93522703E-05	 1.10138939E-04	 8.11862681E-05	 7.57887453E-05	-2.98858093E-05
 6.820000E-01	 8.66362257E-05	 2.49959200E-04	 4.16353453E-04	 4.49810172E-04	 2.76019006E-04	 9.61651103E-05	 2.28984696E-04	 1.97230510E-04	 1.20199908E-04	-6.08078158E-05	 4.74817020E-06	 3.30842901E-05	 7.26821606E-05	 1.00317662E-04	 9.68300187E-05	 5.90265692E-05	 1.11252860E-04	 8.27096272E-05	 7.77514646E-05	-3.05349013E-05
 6.830000E-01	 8.43450982E-05	 2.48127461E-04	 4.17273326E-04	 4.55143597E-04	 2.84135293E-04	 9.41824758E-05	 2.31287210E-04	 2.01075788E-04	 1.23358141E-04	-6.21882913E-05	 4.31016384E-06	 3.25424799E-05	 7.24930987E-05	 1.01091035E-04	 9.85096405E-05	 5.86683285E-05	 1.12366505E-04	 8.42588112E-05	 7.97630461E-05	-3.11962298E-05
 6.840000E-01	 8.20260970E-05	 2.46222788E-04	 4.18124160E-04	 4.60537696E-04	 2.92414637E-04	 9.20854457E-05	 2.33616573E-04	 2.05004683E-04	 1.26600124E-04	-6.35976035E-05	 3.86967608E-06	 3.19890457E-05	 7.22903673E-05	 1.01869469E-04	 1.00195906E-04	 5.82787471E-05	 1.13479236E-04	 8.58337041E-05	 8.18244680E-05	-3.18699806E-05
 6.850000E-01	 7.96793746E-05	 2.44243611E-04	 4.18903365E-04	 4.65994474E-04	 3.00864385E-04	 8.98675203E-05	 2.35974537E-04	 2.09019506E-04	 1.29927948E-04	-6.50363013E-05	 3.42689338E-06	 3.14240874E-05	 7.20737280E-05	 1.02651901E-04	 1.01886962E-04	 5.78611580E-05	 1.14590268E-04	 8.74338592E-05	 8.39366653E-05	-3.25563115E-05
 6.860000E-01	 7.73051671E-05	 2.42188448E-04	 4.19608181E-04	 4.71514959E-04	 3.09490285E-04	 8.75249035E-05	 2.38362959E-04	 2.13122272E-04	 1.33343707E-04	-6.65049056E-05	 2.98208375E-06	 3.08478456E-05	 7.18429223E-05	 1.03436420E-04	 1.03579494E-04	 5.74219310E-05	 1.15698543E-04	 8.90583326E-05	 8.61004979E-05	-3.32553364E-05
 6.870000E-01	 7.49038848E-05	 2.40056076E-04	 4.20235711E-04	 4.77098426E-04	 3.18295070E-04	 8.50588794E-05	 2.40783433E-04	 2.17314308E-04	 1.36849416E-04	-6.80038872E-05	 2.53561840E-06	 3.02607323E-05	 7.15976498E-05	 1.04220055E-04	 1.05268527E-04	 5.69714348E-05	 1.16802589E-04	 9.07054925E-05	 8.83166904E-05	-3.39671239E-05
 6.880000E-01	 7.24762373E-05	 2.37845779E-04	 4.20783003E-04	 4.82741455E-04	 3.27276684E-04	 8.24789704E-05	 2.43236681E-04	 2.21595686E-04	 1.40446874E-04	-6.95336510E-05	 2.08798865E-06	 2.96633475E-05	 7.13375362E-05	 1.04998645E-04	 1.06947415E-04	 5.65248807E-05	 1.17900395E-04	 9.23728413E-05	 9.05857499E-05	-3.46917182E-05
 6.890000E-01	 7.00233475E-05	 2.35557594E-04	 4.21247136E-04	 4.88436896E-04	 3.36426402E-04	 7.98067492E-05	 2.45721586E-04	 2.25964474E-04	 1.44137545E-04	-7.10944858E-05	 1.63981205E-06	 2.90564678E-05	 7.10620787E-05	 1.05766784E-04	 1.08608086E-04	 5.61028348E-05	 1.18989327E-04	 9.40568966E-05	 9.29079038E-05	-3.54291601E-05
 6.900000E-01	 6.75468366E-05	 2.33192494E-04	 4.21625259E-04	 4.94172882E-04	 3.45727214E-04	 7.70799091E-05	 2.48233899E-04	 2.30415877E-04	 1.47922495E-04	-7.26864610E-05	 1.19182445E-06	 2.84410014E-05	 7.07705787E-05	 1.06517913E-04	 1.10241571E-04	 5.57312087E-05	 1.20066107E-04	 9.57531734E-05	 9.52830756E-05	-3.61794996E-05
 6.910000E-01	 6.50488568E-05	 2.30752469E-04	 4.21914540E-04	 4.99932065E-04	 3.55152873E-04	 7.43559297E-05	 2.50764705E-04	 2.34941372E-04	 1.51802412E-04	-7.43092700E-05	 7.44856315E-07	 2.78179100E-05	 7.04620671E-05	 1.07244549E-04	 1.11838775E-04	 5.54405862E-05	 1.21126892E-04	 9.74562983E-05	 9.77109151E-05	-3.69427931E-05
 6.920000E-01	 6.25320819E-05	 2.28240486E-04	 4.22112059E-04	 5.05691252E-04	 3.64667909E-04	 7.17144684E-05	 2.53298922E-04	 2.39528020E-04	 1.55777684E-04	-7.59620669E-05	 2.99796877E-07	 2.71881128E-05	 7.01352454E-05	 1.07938650E-04	 1.13391399E-04	 5.52648426E-05	 1.22167488E-04	 9.91602759E-05	 1.00190871E-04	-3.77191009E-05
 6.930000E-01	 5.99996705E-05	 2.25660400E-04	 4.22214741E-04	 5.11421650E-04	 3.74228760E-04	 6.92575644E-05	 2.55814168E-04	 2.44158154E-04	 1.59848476E-04	-7.76433748E-05	-1.42448723E-07	 2.65523964E-05	 6.97884671E-05	 1.08592095E-04	 1.14892866E-04	 5.52391494E-05	 1.23183687E-04	 1.00858893E-04	 1.02722270E-04	-3.85085154E-05
 6.940000E-01	 5.74551809E-05	 2.23016784E-04	 4.22219361E-04	 5.17089868E-04	 3.83786084E-04	 6.71069412E-05	 2.58280316E-04	 2.48809616E-04	 1.64014783E-04	-7.93510983E-05	-5.81004414E-07	 2.59113461E-05	 6.94197731E-05	 1.09197192E-04	 1.16339059E-04	 5.53975916E-05	 1.24171693E-04	 1.02546225E-04	 1.05304405E-04	-3.93112151E-05
 6.950000E-01	 5.49024378E-05	 2.20314701E-04	 4.22122643E-04	 5.22659693E-04	 3.93288113E-04	 6.53980927E-05	 2.60660109E-04	 2.53456689E-04	 1.68276453E-04	-8.10826800E-05	-1.01506446E-06	 2.52653174E-05	 6.90269898E-05	 1.09747159E-04	 1.17728718E-04	 5.57707362E-05	 1.25128544E-04	 1.04217169E-04	 1.07936620E-04	-4.01275408E-05
 6.960000E-01	 5.23453295E-05	 2.17559365E-04	 4.21921381E-04	 5.28094491E-04	 4.02684796E-04	 6.42714506E-05	 2.62910954E-04	 2.58071748E-04	 1.72633245E-04	-8.28353641E-05	-1.44392687E-06	 2.46144448E-05	 6.86078727E-05	 1.10236491E-04	 1.19063408E-04	 5.63834993E-05	 1.26052411E-04	 1.05867932E-04	 1.10618409E-04	-4.09580527E-05
 6.970000E-01	 4.97875514E-05	 2.14755706E-04	 4.21612533E-04	 5.33359943E-04	 4.11932178E-04	 6.38615969E-05	 2.64987820E-04	 2.62627487E-04	 1.77084963E-04	-8.46065115E-05	-1.86701524E-06	 2.39586786E-05	 6.81602711E-05	 1.10661175E-04	 1.20347092E-04	 5.72535850E-05	 1.26942710E-04	 1.07496389E-04	 1.13349563E-04	-4.18035344E-05
 6.980000E-01	 4.72323614E-05	 2.11907946E-04	 4.21193319E-04	 5.38426711E-04	 4.20996325E-04	 6.42859854E-05	 2.66846919E-04	 2.67099424E-04	 1.81631624E-04	-8.63939481E-05	-2.28388285E-06	 2.32978475E-05	 6.76822955E-05	 1.11018738E-04	 1.21585412E-04	 5.83906581E-05	 1.27799994E-04	 1.09102260E-04	 1.16130312E-04	-4.26649498E-05
 6.990000E-01	 4.46823937E-05	 2.09019243E-04	 4.20661310E-04	 5.43272617E-04	 4.29856108E-04	 6.56349024E-05	 2.68449721E-04	 2.71468310E-04	 1.86273617E-04	-8.81962967E-05	-2.69420138E-06	 2.26317326E-05	 6.71724658E-05	 1.11308172E-04	 1.22784840E-04	 5.97962591E-05	 1.28625659E-04	 1.10687086E-04	 1.18961462E-04	-4.35433612E-05
 7.000000E-01	 4.21395554E-05	 2.06091526E-04	 4.20014542E-04	 5.47883973E-04	 4.38504317E-04	 6.79642521E-05	 2.69766764E-04	 2.75722105E-04	 1.91011760E-04	-9.00132786E-05	-3.09774549E-06	 2.19601410E-05	 6.66298251E-05	 1.11529764E-04	 1.23951858E-04	 6.14643520E-05	 1.29421565E-04	 1.12254038E-04	 1.21844464E-04	-4.44398485E-05
 7.010000E-01	 3.96049835E-05	 2.03125465E-04	 4.19251611E-04	 5.52255895E-04	 4.46946985E-04	 7.12922968E-05	 2.70780665E-04	 2.79857228E-04	 1.95847295E-04	-9.18459019E-05	-3.49438478E-06	 2.12829532E-05	 6.60539938E-05	 1.11684891E-04	 1.25092297E-04	 6.33823040E-05	 1.30189674E-04	 1.13807627E-04	 1.24781413E-04	-4.53554359E-05
 7.020000E-01	 3.70789551E-05	 2.00120479E-04	 4.18371613E-04	 5.56391572E-04	 4.55201142E-04	 7.56007717E-05	 2.71487850E-04	 2.83878981E-04	 2.00781938E-04	-9.36964109E-05	-3.88410497E-06	 2.06001103E-05	 6.54451257E-05	 1.11775797E-04	 1.26210922E-04	 6.55320797E-05	 1.30931830E-04	 1.15353407E-04	 1.27775025E-04	-4.62910020E-05
 7.030000E-01	 3.45608636E-05	 1.97074829E-04	 4.17374006E-04	 5.60300710E-04	 4.63291561E-04	 8.08399284E-05	 2.71898616E-04	 2.87801020E-04	 2.05817929E-04	-9.55680728E-05	-4.26702902E-06	 1.99115728E-05	 6.48038037E-05	 1.11805358E-04	 1.27311262E-04	 6.78915066E-05	 1.31649707E-04	 1.16897701E-04	 1.30828567E-04	-4.72472151E-05
 7.040000E-01	 3.20493795E-05	 1.93985897E-04	 4.16258481E-04	 5.63997487E-04	 4.71247199E-04	 8.69363950E-05	 2.72035466E-04	 2.91643900E-04	 2.10958032E-04	-9.74649019E-05	-4.64340572E-06	 1.92172960E-05	 6.41309270E-05	 1.11776889E-04	 1.28395703E-04	 7.04355432E-05	 1.32344890E-04	 1.18447313E-04	 1.33945729E-04	-4.82245235E-05
 7.050000E-01	 2.95429108E-05	 1.90850783E-04	 4.15025020E-04	 5.67498420E-04	 4.79097901E-04	 9.38023477E-05	 2.71930010E-04	 2.95432857E-04	 2.16205305E-04	-9.93915191E-05	-5.01354018E-06	 1.85172743E-05	 6.34276597E-05	 1.11694014E-04	 1.29465751E-04	 7.31375467E-05	 1.33019033E-04	 1.20009191E-04	 1.37130374E-04	-4.92232646E-05
 7.060000E-01	 2.70403410E-05	 1.87667205E-04	 4.13674216E-04	 5.70820502E-04	 4.86871777E-04	 1.01344506E-04	 2.71618987E-04	 2.99195138E-04	 2.21562619E-04	-1.01353239E-04	-5.37766782E-06	 1.78116672E-05	 6.26954684E-05	 1.11560600E-04	 1.30522406E-04	 7.59705356E-05	 1.33674021E-04	 1.21590023E-04	 1.40386175E-04	-5.02439022E-05
 7.070000E-01	 2.45414860E-05	 1.84434084E-04	 4.12207437E-04	 5.73979746E-04	 4.94593418E-04	 1.09471878E-04	 2.71140362E-04	 3.02957611E-04	 2.27032389E-04	-1.03356000E-04	-5.73587620E-06	 1.71008689E-05	 6.19361058E-05	 1.11380657E-04	 1.31566443E-04	 7.89083605E-05	 1.34312057E-04	 1.23195916E-04	 1.43716365E-04	-5.12871835E-05
 7.080000E-01	 2.20470978E-05	 1.81151579E-04	 4.10626677E-04	 5.76990177E-04	 5.02282967E-04	 1.18101530E-04	 2.70530103E-04	 3.06745063E-04	 2.32616656E-04	-1.05406013E-04	-6.08810478E-06	 1.63854769E-05	 6.11514962E-05	 1.11158153E-04	 1.32598529E-04	 8.19267015E-05	 1.34935636E-04	 1.24832231E-04	 1.47123683E-04	-5.23541349E-05
 7.090000E-01	 1.95582807E-05	 1.77820400E-04	 4.08933915E-04	 5.79863193E-04	 5.09955898E-04	 1.27162161E-04	 2.69820102E-04	 3.10579511E-04	 2.38317695E-04	-1.07509009E-04	-6.43424596E-06	 1.56661215E-05	 6.03434751E-05	 1.10896713E-04	 1.33619122E-04	 8.50037880E-05	 1.35547384E-04	 1.26503637E-04	 1.50610601E-04	-5.34458165E-05
 7.100000E-01	 1.70757831E-05	 1.74440927E-04	 4.07130376E-04	 5.82607264E-04	 5.17623335E-04	 1.36595535E-04	 2.69037098E-04	 3.14480207E-04	 2.44138734E-04	-1.09669452E-04	-6.77426251E-06	 1.49432708E-05	 5.95135180E-05	 1.10599320E-04	 1.34628304E-04	 8.81208220E-05	 1.36149800E-04	 1.28214269E-04	 1.54179657E-04	-5.45630068E-05
 7.110000E-01	 1.45997950E-05	 1.71012914E-04	 4.05216290E-04	 5.85228069E-04	 5.25292750E-04	 1.46356097E-04	 2.68202196E-04	 3.18463719E-04	 2.50084148E-04	-1.11890312E-04	-7.10821086E-06	 1.42171829E-05	 5.86626569E-05	 1.10268199E-04	 1.35625739E-04	 9.12621698E-05	 1.36744979E-04	 1.29967764E-04	 1.57833583E-04	-5.57060922E-05
 7.120000E-01	 1.21301273E-05	 1.67535652E-04	 4.03191058E-04	 5.87728938E-04	 5.32968846E-04	 1.56409423E-04	 2.67330864E-04	 3.22543997E-04	 2.56159273E-04	-1.14173272E-04	-7.43619797E-06	 1.34879635E-05	 5.77915409E-05	 1.09904859E-04	 1.36610754E-04	 9.44153270E-05	 1.37334358E-04	 1.31767205E-04	 1.61575274E-04	-5.68751220E-05
 7.130000E-01	 9.66668901E-06	 1.64008496E-04	 4.01053730E-04	 5.90111470E-04	 5.40654498E-04	 1.66730132E-04	 2.66433212E-04	 3.26732314E-04	 2.62369900E-04	-1.16519271E-04	-7.75829035E-06	 1.27557049E-05	 5.69006155E-05	 1.09510276E-04	 1.37582531E-04	 9.75707055E-05	 1.37918569E-04	 1.33614974E-04	 1.65407630E-04	-5.80699988E-05
 7.140000E-01	 7.20978296E-06	 1.60431209E-04	 3.98803352E-04	 5.92376089E-04	 5.48351485E-04	 1.77299821E-04	 2.65514654E-04	 3.31037424E-04	 2.68721922E-04	-1.18928927E-04	-8.07446352E-06	 1.20205753E-05	 5.59902591E-05	 1.09085075E-04	 1.38540264E-04	 1.00721248E-04	 1.38497395E-04	 1.35512689E-04	 1.69333440E-04	-5.92906159E-05
 7.150000E-01	 4.76008821E-06	 1.56803945E-04	 3.96439029E-04	 5.94522416E-04	 5.56060989E-04	 1.88105297E-04	 2.64576887E-04	 3.35466019E-04	 2.75221242E-04	-1.21402674E-04	-8.38461105E-06	 1.12828212E-05	 5.50608248E-05	 1.08629638E-04	 1.39483210E-04	 1.03861933E-04	 1.39069834E-04	 1.37461291E-04	 1.73355393E-04	-6.05368773E-05
 7.160000E-01	 2.31853221E-06	 1.53127151E-04	 3.93959927E-04	 5.96549520E-04	 5.63783829E-04	 1.99137155E-04	 2.63618934E-04	 3.40023293E-04	 2.81873723E-04	-1.23940830E-04	-8.68857558E-06	 1.05427417E-05	 5.41126491E-05	 1.08144185E-04	 1.40410703E-04	 1.06989272E-04	 1.39634233E-04	 1.39461207E-04	 1.77476088E-04	-6.18087026E-05
 7.170000E-01	-1.13856942E-07	 1.49401436E-04	 3.91365259E-04	 5.98456083E-04	 5.71520561E-04	 2.10388728E-04	 2.62638076E-04	 3.44713500E-04	 2.88685146E-04	-1.26543641E-04	-8.98618207E-06	 9.80065626E-06	 5.31460493E-05	 1.07628824E-04	 1.41322135E-04	 1.10100865E-04	 1.40188456E-04	 1.41512534E-04	 1.81698051E-04	-6.31060375E-05
 7.180000E-01	-2.53600257E-06	 1.45627535E-04	 3.88654292E-04	 6.00240513E-04	 5.79271578E-04	 2.21855363E-04	 2.61630439E-04	 3.49540319E-04	 2.95661187E-04	-1.29211357E-04	-9.27725156E-06	 9.05689310E-06	 5.21613339E-05	 1.07083613E-04	 1.42216971E-04	 1.13195043E-04	 1.40730042E-04	 1.43615166E-04	 1.86023733E-04	-6.44288767E-05
 7.190000E-01	-4.94681195E-06	 1.41806232E-04	 3.85826275E-04	 6.01900987E-04	 5.87037229E-04	 2.33533988E-04	 2.60591285E-04	 3.54507087E-04	 3.02807504E-04	-1.31944215E-04	-9.56160840E-06	 8.31177613E-06	 5.11587976E-05	 1.06508584E-04	 1.43094757E-04	 1.16270594E-04	 1.41256344E-04	 1.45768866E-04	 1.90455540E-04	-6.57772513E-05
 7.200000E-01	-7.34523038E-06	 1.37938209E-04	 3.82880259E-04	 6.03435425E-04	 5.94817972E-04	 2.45422879E-04	 2.59515112E-04	 3.59616923E-04	 3.10129977E-04	-1.34742314E-04	-9.83908763E-06	 7.56560009E-06	 5.01386860E-05	 1.05903734E-04	 1.43955124E-04	 1.19326588E-04	 1.41764625E-04	 1.47973317E-04	 1.94995923E-04	-6.71511561E-05
 7.210000E-01	-9.73026775E-06	 1.34023957E-04	 3.79814972E-04	 6.04841470E-04	 6.02614469E-04	 2.57521515E-04	 2.58395737E-04	 3.64872783E-04	 3.17634855E-04	-1.37605509E-04	-1.01095364E-05	 6.81861700E-06	 4.91011671E-05	 1.05268990E-04	 1.44797774E-04	 1.22362310E-04	 1.42252104E-04	 1.50228138E-04	 1.99647440E-04	-6.85504920E-05
 7.220000E-01	-1.21009820E-05	 1.30063799E-04	 3.76628841E-04	 6.06116510E-04	 6.10427614E-04	 2.69830438E-04	 2.57226417E-04	 3.70277484E-04	 3.25328735E-04	-1.40533427E-04	-1.03728098E-05	 6.07104222E-06	 4.80463336E-05	 1.04604206E-04	 1.45622470E-04	 1.25377253E-04	 1.42715952E-04	 1.52532896E-04	 2.04412772E-04	-6.99750686E-05
 7.230000E-01	-1.44563986E-05	 1.26058053E-04	 3.73320180E-04	 6.07257761E-04	 6.18258484E-04	 2.82351159E-04	 2.55999990E-04	 3.75833726E-04	 3.33218327E-04	-1.43525654E-04	-1.06287580E-05	 5.32308546E-06	 4.69742486E-05	 1.03909199E-04	 1.46429051E-04	 1.28371152E-04	 1.43153296E-04	 1.54887107E-04	 2.09294635E-04	-7.14246889E-05
 7.240000E-01	-1.67954277E-05	 1.22007219E-04	 3.69887416E-04	 6.08262357E-04	 6.26108282E-04	 2.95086100E-04	 2.54708953E-04	 3.81544138E-04	 3.41310190E-04	-1.46581959E-04	-1.08772165E-05	 4.57498276E-06	 4.58850008E-05	 1.03183812E-04	 1.47217458E-04	 1.31343992E-04	 1.43561228E-04	 1.57290246E-04	 2.14295670E-04	-7.28992621E-05
 7.250000E-01	-1.91168525E-05	 1.17912014E-04	 3.66329145E-04	 6.09127381E-04	 6.33978354E-04	 3.08038639E-04	 2.53345422E-04	 3.87411339E-04	 3.49610674E-04	-1.49702367E-04	-1.11180052E-05	 3.82700155E-06	 4.47787186E-05	 1.02427929E-04	 1.47987757E-04	 1.34296010E-04	 1.43936804E-04	 1.59741760E-04	 2.19418411E-04	-7.43988427E-05
 7.260000E-01	-2.14193836E-05	 1.13773271E-04	 3.62644022E-04	 6.09849841E-04	 6.41870293E-04	 3.21213208E-04	 2.51901027E-04	 3.93438003E-04	 3.58126055E-04	-1.52887088E-04	-1.13509373E-05	 3.07942143E-06	 4.36555420E-05	 1.01641456E-04	 1.48740122E-04	 1.37227671E-04	 1.44277023E-04	 1.62241077E-04	 2.24665340E-04	-7.59235871E-05
 7.270000E-01	-2.37017535E-05	 1.09591726E-04	 3.58830492E-04	 6.10426543E-04	 6.49786049E-04	 3.34615449E-04	 2.50366769E-04	 3.99626925E-04	 3.66862852E-04	-1.56136285E-04	-1.15758321E-05	 2.33249966E-06	 4.25155669E-05	 1.00824259E-04	 1.49474794E-04	 1.40139617E-04	 1.44578779E-04	 1.64787617E-04	 2.30039017E-04	-7.74736320E-05
 7.280000E-01	-2.59627552E-05	 1.05367908E-04	 3.54886602E-04	 6.10853952E-04	 6.57727977E-04	 3.48252397E-04	 2.48732898E-04	 4.05981105E-04	 3.75828052E-04	-1.59449925E-04	-1.17925212E-05	 1.58645481E-06	 4.13588150E-05	 9.99761264E-05	 1.50192039E-04	 1.43032628E-04	 1.44838866E-04	 1.67380799E-04	 2.35542160E-04	-7.90490128E-05
 7.290000E-01	-2.82012148E-05	 1.01102160E-04	 3.50809989E-04	 6.11128135E-04	 6.65698860E-04	 3.62132665E-04	 2.46988810E-04	 4.12503823E-04	 3.85029128E-04	-1.62827776E-04	-1.20008438E-05	 8.41474581E-07	 4.01852429E-05	 9.90967708E-05	 1.50892150E-04	 1.45907605E-04	 1.45053995E-04	 1.70020057E-04	 2.41177628E-04	-8.06496675E-05
 7.300000E-01	-3.04159048E-05	 9.67948001E-05	 3.46598040E-04	 6.11244793E-04	 6.73701940E-04	 3.76266674E-04	 2.45122943E-04	 4.19198697E-04	 3.94473837E-04	-1.66269590E-04	-1.22006345E-05	 9.77455612E-08	 3.89947866E-05	 9.81858763E-05	 1.51575476E-04	 1.48765615E-04	 1.45220849E-04	 1.72704862E-04	 2.46948322E-04	-8.22755341E-05
 7.310000E-01	-3.26054723E-05	 9.24462659E-05	 3.42248078E-04	 6.11199361E-04	 6.81741034E-04	 3.90666949E-04	 2.43122615E-04	 4.26069770E-04	 4.04169983E-04	-1.69775336E-04	-1.23917117E-05	-6.44518071E-07	 3.77874075E-05	 9.72431407E-05	 1.52242439E-04	 1.51607911E-04	 1.45336096E-04	 1.75434761E-04	 2.52857087E-04	-8.39266688E-05
 7.320000E-01	-3.47684303E-05	 8.80571239E-05	 3.37757353E-04	 6.10986988E-04	 6.89820698E-04	 4.05348559E-04	 2.40973721E-04	 4.33121691E-04	 4.14125419E-04	-1.73345294E-04	-1.25738771E-05	-1.38506688E-06	 3.65631088E-05	 9.62682861E-05	 1.52893507E-04	 1.54435866E-04	 1.45396435E-04	 1.78209400E-04	 2.58906703E-04	-8.56032787E-05
 7.330000E-01	-3.69031972E-05	 8.36279580E-05	 3.33122864E-04	 6.10602391E-04	 6.97946372E-04	 4.20329629E-04	 2.38660266E-04	 4.40360024E-04	 4.24348305E-04	-1.76979973E-04	-1.27469227E-05	-2.12362413E-06	 3.53219275E-05	 9.52610338E-05	 1.53529079E-04	 1.57250763E-04	 1.45398690E-04	 1.81028562E-04	 2.65099935E-04	-8.73056698E-05
 7.340000E-01	-3.90081624E-05	 7.91592006E-05	 3.28341083E-04	 6.10039643E-04	 7.06124472E-04	 4.35631752E-04	 2.36163838E-04	 4.47791610E-04	 4.34847545E-04	-1.80679906E-04	-1.29106410E-05	-2.85989629E-06	 3.40639203E-05	 9.42210514E-05	 1.54149279E-04	 1.60053426E-04	 1.45340038E-04	 1.83892187E-04	 2.71439639E-04	-8.90341379E-05
 7.350000E-01	-4.10817087E-05	 7.46510672E-05	 3.23407846E-04	 6.09292063E-04	 7.14362360E-04	 4.51280049E-04	 2.33463253E-04	 4.55424905E-04	 4.45633072E-04	-1.84445550E-04	-1.30648264E-05	-3.59355379E-06	 3.27892025E-05	 9.31479379E-05	 1.54753650E-04	 1.62843610E-04	 1.45218474E-04	 1.86800345E-04	 2.77928784E-04	-9.07889074E-05
 7.360000E-01	-4.31221866E-05	 7.01036280E-05	 3.18318444E-04	 6.08352226E-04	 7.22668121E-04	 4.67302669E-04	 2.30534632E-04	 4.63270285E-04	 4.56715881E-04	-1.88277349E-04	-1.32092713E-05	-4.32417547E-06	 3.14980640E-05	 9.20412800E-05	 1.55340720E-04	 1.65619053E-04	 1.45033712E-04	 1.89753097E-04	 2.84570337E-04	-9.25701467E-05
 7.370000E-01	-4.51278410E-05	 6.55170141E-05	 3.13067939E-04	 6.07212075E-04	 7.31049957E-04	 4.83729519E-04	 2.27352319E-04	 4.71340312E-04	 4.68107797E-04	-1.92175967E-04	-1.33437573E-05	-5.05116168E-06	 3.01911588E-05	 9.09007946E-05	 1.55907483E-04	 1.68374180E-04	 1.44788734E-04	 1.92750173E-04	 2.91366942E-04	-9.43780600E-05
 7.380000E-01	-4.70967422E-05	 6.08916622E-05	 3.07651550E-04	 6.05862992E-04	 7.39514996E-04	 5.00589906E-04	 2.23891043E-04	 4.79649895E-04	 4.79821133E-04	-1.96142474E-04	-1.34680518E-05	-5.77364783E-06	 2.88697079E-05	 8.97264954E-05	 1.56448795E-04	 1.71098618E-04	 1.44492005E-04	 1.95790442E-04	 2.98320407E-04	-9.62129916E-05
 7.390000E-01	-4.90267680E-05	 5.62285284E-05	 3.02065070E-04	 6.04295890E-04	 7.48067399E-04	 5.17908714E-04	 2.20129992E-04	 4.88215980E-04	 4.91868237E-04	-2.00178381E-04	-1.35819110E-05	-6.49044620E-06	 2.75356418E-05	 8.85188005E-05	 1.56956786E-04	 1.73775923E-04	 1.44160112E-04	 1.98871203E-04	 3.05431121E-04	-9.80754888E-05
 7.400000E-01	-5.09156361E-05	 5.15292826E-05	 2.96305337E-04	 6.02501372E-04	 7.56705770E-04	 5.35700970E-04	 2.16059339E-04	 4.97056322E-04	 5.04260701E-04	-2.04285492E-04	-1.36850858E-05	-7.20003053E-06	 2.61916422E-05	 8.72785431E-05	 1.57420443E-04	 1.76382934E-04	 1.43820351E-04	 2.01987353E-04	 3.12697447E-04	-9.99663260E-05
 7.410000E-01	-5.27609488E-05	 4.67965362E-05	 2.90370802E-04	 6.00469963E-04	 7.65419940E-04	 5.53965185E-04	 2.11689432E-04	 5.06187049E-04	 5.17007998E-04	-2.08465675E-04	-1.37773272E-05	-7.90056789E-06	 2.48410627E-05	 8.60068823E-05	 1.57825536E-04	 1.78890190E-04	 1.43512589E-04	 2.05130621E-04	 3.20115208E-04	-1.01886531E-04
 7.420000E-01	-5.45601984E-05	 4.20341672E-05	 2.84262235E-04	 5.98192439E-04	 7.74187523E-04	 5.72676384E-04	 2.07062125E-04	 5.15618795E-04	 5.30115349E-04	-2.12720685E-04	-1.38583797E-05	-8.58999535E-06	 2.34877269E-05	 8.47051358E-05	 1.58155118E-04	 1.81263774E-04	 1.43289690E-04	 2.08289165E-04	 3.27677338E-04	-1.03837488E-04
 7.430000E-01	-5.63107383E-05	 3.72476837E-05	 2.77983476E-04	 5.95660208E-04	 7.82970763E-04	 5.91780138E-04	 2.02262803E-04	 5.25351498E-04	 5.43580964E-04	-2.17052024E-04	-1.39279670E-05	-9.26614538E-06	 2.21355961E-05	 8.33745275E-05	 1.58390656E-04	 1.83468628E-04	 1.43215781E-04	 2.11447863E-04	 3.35373896E-04	-1.05821122E-04
 7.440000E-01	-5.80097571E-05	 3.24445168E-05	 2.71542082E-04	 5.92865784E-04	 7.91714486E-04	 6.11188887E-04	 1.97430924E-04	 5.35368169E-04	 5.57393000E-04	-2.21460843E-04	-1.39857684E-05	-9.92690964E-06	 2.07883366E-05	 8.20158669E-05	 1.58513684E-04	 1.85472990E-04	 1.43362040E-04	 2.14589554E-04	 3.43192663E-04	-1.07840127E-04
 7.450000E-01	-5.96543191E-05	 2.76340550E-05	 2.64949569E-04	 5.89803269E-04	 8.00345956E-04	 6.30781969E-04	 1.92766248E-04	 5.45628561E-04	 5.71526922E-04	-2.25947802E-04	-1.40314015E-05	-1.05704241E-05	 1.94488472E-05	 8.06291948E-05	 1.58507658E-04	 1.87253054E-04	 1.43800308E-04	 2.17697223E-04	 3.51120448E-04	-1.09898143E-04
 7.460000E-01	-6.12414730E-05	 2.28273295E-05	 2.58221033E-04	 5.86468646E-04	 8.08777179E-04	 6.50410605E-04	 1.88527832E-04	 5.56064435E-04	 5.85944098E-04	-2.30512906E-04	-1.40644152E-05	-1.11952372E-05	 1.81188547E-05	 7.92134860E-05	 1.58359653E-04	 1.88796791E-04	 1.44595544E-04	 2.20756829E-04	 3.59144939E-04	-1.11999755E-04
 7.470000E-01	-6.27684102E-05	 1.80363566E-05	 2.51374099E-04	 5.82859795E-04	 8.16909872E-04	 6.69908161E-04	 1.85023651E-04	 5.66578205E-04	 6.00592375E-04	-2.35155398E-04	-1.40842983E-05	-1.18004207E-05	 1.67986825E-05	 7.77664960E-05	 1.58061509E-04	 1.90105964E-04	 1.45798620E-04	 2.23760188E-04	 3.67256780E-04	-1.14150321E-04
 7.480000E-01	-6.42326224E-05	 1.32732503E-05	 2.44427370E-04	 5.78976263E-04	 8.24642771E-04	 6.89104771E-04	 1.82590414E-04	 5.77046266E-04	 6.15409003E-04	-2.39873861E-04	-1.40904963E-05	-1.23855855E-05	 1.54872711E-05	 7.62848172E-05	 1.57610192E-04	 1.91195789E-04	 1.47441001E-04	 2.26707205E-04	 3.75451407E-04	-1.16355616E-04
 7.490000E-01	-6.56320193E-05	 8.54927177E-06	 2.37398704E-04	 5.74818949E-04	 8.31880455E-04	 7.07844168E-04	 1.81565470E-04	 5.87327484E-04	 6.30325680E-04	-2.44666695E-04	-1.40824296E-05	-1.29507868E-05	 1.41824729E-05	 7.47641736E-05	 1.57007261E-04	 1.92092204E-04	 1.49532470E-04	 2.29606749E-04	 3.83730249E-04	-1.18621382E-04
 7.500000E-01	-6.69649805E-05	 3.87396136E-06	 2.30303551E-04	 5.70389686E-04	 8.38542223E-04	 7.25999926E-04	 1.82254835E-04	 5.97276477E-04	 6.45275265E-04	-2.49532985E-04	-1.40595170E-05	-1.34963407E-05	 1.28815696E-05	 7.31999306E-05	 1.56257603E-04	 1.92827234E-04	 1.52062291E-04	 2.32475699E-04	 3.92101050E-04	-1.20952776E-04
 7.510000E-01	-6.82303184E-05	-7.45472213E-07	 2.23153625E-04	 5.65690665E-04	 8.44569140E-04	 7.43487985E-04	 1.84902860E-04	 6.06760140E-04	 6.60199389E-04	-2.54473576E-04	-1.40212093E-05	-1.40226126E-05	 1.15818910E-05	 7.15877554E-05	 1.55367811E-04	 1.93433542E-04	 1.55003250E-04	 2.35336185E-04	 4.00577180E-04	-1.23353779E-04
 7.520000E-01	-6.94271931E-05	-5.30441661E-06	 2.15956159E-04	 5.60723840E-04	 8.49927778E-04	 7.60272611E-04	 1.89669363E-04	 6.15674243E-04	 6.75055845E-04	-2.59491912E-04	-1.39670382E-05	-1.45298506E-05	 1.02813593E-05	 6.99242591E-05	 1.54344718E-04	 1.93939540E-04	 1.58317209E-04	 2.38211706E-04	 4.09176139E-04	-1.25826665E-04
 7.530000E-01	-7.05550225E-05	-9.80075335E-06	 2.08713900E-04	 5.55490573E-04	 8.54610167E-04	 7.76364606E-04	 1.96618627E-04	 6.23956357E-04	 6.89824174E-04	-2.64594374E-04	-1.38966717E-05	-1.50181073E-05	 8.97882771E-06	 6.82074630E-05	 1.53194437E-04	 1.94366183E-04	 1.61960563E-04	 2.41123219E-04	 4.17917661E-04	-1.28371692E-04
 7.540000E-01	-7.16134106E-05	-1.42344529E-05	 2.01425767E-04	 5.49991550E-04	 8.58630402E-04	 7.91812902E-04	 2.05721797E-04	 6.31592447E-04	 7.04508256E-04	-2.69790061E-04	-1.38099594E-05	-1.54872517E-05	 7.67417443E-06	 6.64370118E-05	 1.51922016E-04	 1.94725873E-04	 1.65888339E-04	 2.44086220E-04	 4.26821915E-04	-1.30987112E-04
 7.550000E-01	-7.26020593E-05	-1.86069462E-05	 1.94087958E-04	 5.44226856E-04	 8.62018902E-04	 8.06692168E-04	 2.16871169E-04	 6.38616236E-04	 7.19135530E-04	-2.75090146E-04	-1.37069552E-05	-1.59370401E-05	 6.36819492E-06	 6.46141640E-05	 1.50531674E-04	 1.95023220E-04	 1.70056401E-04	 2.47109430E-04	 4.35908133E-04	-1.33669467E-04
 7.560000E-01	-7.35206440E-05	-2.29203781E-05	 1.86695220E-04	 5.38196055E-04	 8.64815502E-04	 8.21089363E-04	 2.29902511E-04	 6.45102106E-04	 7.33753354E-04	-2.80506863E-04	-1.35879124E-05	-1.63672119E-05	 5.06235935E-06	 6.27416065E-05	 1.49027438E-04	 1.95257110E-04	 1.74421899E-04	 2.50195272E-04	 4.45193802E-04	-1.36414131E-04
 7.570000E-01	-7.43686815E-05	-2.71768895E-05	 1.79242040E-04	 5.31898302E-04	 8.67062740E-04	 8.35091678E-04	 2.44620530E-04	 6.51153463E-04	 7.48423489E-04	-2.86052371E-04	-1.34532442E-05	-1.67775741E-05	 3.75850554E-06	 6.08231092E-05	 1.47413831E-04	 1.95423308E-04	 1.78942695E-04	 2.53341853E-04	 4.54694453E-04	-1.39215976E-04
 7.580000E-01	-7.51454502E-05	-3.13780837E-05	 1.71723560E-04	 5.25332506E-04	 8.68800543E-04	 8.48777657E-04	 2.60822781E-04	 6.56889307E-04	 7.63215754E-04	-2.91737826E-04	-1.33034620E-05	-1.71680442E-05	 2.45854666E-06	 5.88630575E-05	 1.45696264E-04	 1.95516816E-04	 1.83576749E-04	 2.56545659E-04	 4.64423948E-04	-1.42070053E-04
 7.590000E-01	-7.58499881E-05	-3.55247413E-05	 1.64136118E-04	 5.18497451E-04	 8.70062753E-04	 8.62212153E-04	 2.78318707E-04	 6.62431576E-04	 7.78202019E-04	-2.97572786E-04	-1.31391100E-05	-1.75386483E-05	 1.16426593E-06	 5.68659765E-05	 1.43880966E-04	 1.95533370E-04	 1.88282204E-04	 2.59803956E-04	 4.74394961E-04	-1.44972115E-04
 7.600000E-01	-7.64811497E-05	-3.96167425E-05	 1.56477463E-04	 5.11391821E-04	 8.70875357E-04	 8.75444602E-04	 2.96942308E-04	 6.67894840E-04	 7.93451440E-04	-3.03564841E-04	-1.29607148E-05	-1.78894862E-05	-1.22778006E-07	 5.48361563E-05	 1.41974560E-04	 1.95469988E-04	 1.93018337E-04	 2.63116243E-04	 4.84619360E-04	-1.47918904E-04
 7.610000E-01	-7.70376877E-05	-4.36531251E-05	 1.48746749E-04	 5.04014194E-04	 8.71256077E-04	 8.88509626E-04	 3.16558440E-04	 6.73378951E-04	 8.09027308E-04	-3.09719311E-04	-1.27687548E-05	-1.82206843E-05	-1.40125769E-06	 5.27774180E-05	 1.39983496E-04	 1.95324830E-04	 1.97747064E-04	 2.66484574E-04	 4.95108331E-04	-1.50908215E-04
 7.620000E-01	-7.75183132E-05	-4.76322126E-05	 1.40944378E-04	 4.96363052E-04	 8.71215028E-04	 9.01429111E-04	 3.37063713E-04	 6.78964846E-04	 8.24985460E-04	-3.16039081E-04	-1.25636395E-05	-1.85323421E-05	-2.67002842E-06	 5.06930055E-05	 1.37913507E-04	 1.95096708E-04	 2.02434517E-04	 2.69912917E-04	 5.05872380E-04	-1.53938720E-04
 7.630000E-01	-7.79217243E-05	-5.15517800E-05	 1.33071732E-04	 4.88436816E-04	 8.70756088E-04	 9.14215144E-04	 3.58383493E-04	 6.84713439E-04	 8.41373937E-04	-3.22524759E-04	-1.23456969E-05	-1.88244794E-05	-3.92804897E-06	 4.85855849E-05	 1.35769181E-04	 1.94784474E-04	 2.07052227E-04	 2.73405770E-04	 5.16921338E-04	-1.57009619E-04
 7.640000E-01	-7.82465839E-05	-5.54091918E-05	 1.25130851E-04	 4.80233799E-04	 8.69878398E-04	 9.26873033E-04	 3.80466868E-04	 6.90666990E-04	 8.58233702E-04	-3.29174996E-04	-1.21151766E-05	-1.90970033E-05	-5.17428986E-06	 4.64573643E-05	 1.33553831E-04	 1.94386496E-04	 2.11577492E-04	 2.76966518E-04	 5.28264356E-04	-1.60120159E-04
 7.650000E-01	-7.84914959E-05	-5.92014984E-05	 1.17124200E-04	 4.71752142E-04	 8.68577638E-04	 9.39403757E-04	 4.03281099E-04	 6.96851960E-04	 8.75599990E-04	-3.35986825E-04	-1.18722737E-05	-1.93497134E-05	-6.40766607E-06	 4.43102904E-05	 1.31269678E-04	 1.93900421E-04	 2.15992777E-04	 2.80596189E-04	 5.39909829E-04	-1.63269269E-04
 7.660000E-01	-7.86550162E-05	-6.29255168E-05	 1.09054528E-04	 4.62989815E-04	 8.66847079E-04	 9.51805718E-04	 4.26806532E-04	 7.03282438E-04	 8.93503772E-04	-3.42955956E-04	-1.16171652E-05	-1.95823460E-05	-7.62702220E-06	 4.21462340E-05	 1.28918274E-04	 1.93323321E-04	 2.20284429E-04	 2.84293093E-04	 5.51865253E-04	-1.66455468E-04
 7.670000E-01	-7.87357162E-05	-6.65779288E-05	 1.00924825E-04	 4.53944742E-04	 8.64678545E-04	 9.64076014E-04	 4.51032441E-04	 7.09963632E-04	 9.11972888E-04	-3.50077234E-04	-1.13500438E-05	-1.97946316E-05	-8.83116345E-06	 3.99670975E-05	 1.26500912E-04	 1.92652059E-04	 2.24441280E-04	 2.88053292E-04	 5.64137131E-04	-1.69677081E-04
 7.680000E-01	-7.87322423E-05	-7.01553848E-05	 9.27382490E-05	 4.44614891E-04	 8.62063194E-04	 9.76211506E-04	 4.75954111E-04	 7.16895156E-04	 9.31032891E-04	-3.57345277E-04	-1.10711344E-05	-1.99863391E-05	-1.00189010E-05	 3.77748439E-05	 1.24018914E-04	 1.91883657E-04	 2.28453523E-04	 2.91871443E-04	 5.76731042E-04	-1.72932552E-04
 7.690000E-01	-7.86432972E-05	-7.36545391E-05	 8.44980114E-05	 4.34998138E-04	 8.58991806E-04	 9.88209605E-04	 5.01571424E-04	 7.24073661E-04	 9.50707945E-04	-3.64754907E-04	-1.07806941E-05	-2.01572937E-05	-1.11890870E-05	 3.55714895E-05	 1.21473801E-04	 1.91015540E-04	 2.32311985E-04	 2.95741596E-04	 5.89651817E-04	-1.76220612E-04
 7.700000E-01	-7.84675388E-05	-7.70719998E-05	 7.62072288E-05	 4.25091913E-04	 8.55454508E-04	 1.00006869E-03	 5.27888808E-04	 7.31494473E-04	 9.71021903E-04	-3.72301158E-04	-1.04789950E-05	-2.03073733E-05	-1.23406475E-05	 3.33590485E-05	 1.18867364E-04	 1.90045744E-04	 2.36007848E-04	 2.99657802E-04	 6.02903772E-04	-1.79540261E-04
 7.710000E-01	-7.82034702E-05	-8.04042469E-05	 6.78688206E-05	 4.14892855E-04	 8.51440332E-04	 1.01178826E-03	 5.54916025E-04	 7.39152207E-04	 9.91999272E-04	-3.79979074E-04	-1.01662966E-05	-2.04364865E-05	-1.34726180E-05	 3.11394071E-05	 1.16201572E-04	 1.88973081E-04	 2.39532985E-04	 3.03614342E-04	 6.16491009E-04	-1.82890658E-04
 7.720000E-01	-7.78494045E-05	-8.36475896E-05	 5.94855034E-05	 4.04396681E-04	 8.46936920E-04	 1.02336899E-03	 5.82669189E-04	 7.47040561E-04	 1.01366577E-03	-3.87783645E-04	-9.84281991E-06	-2.05445455E-05	-1.45841715E-05	 2.89141629E-05	 1.13478295E-04	 1.87797211E-04	 2.42880871E-04	 3.07605401E-04	 6.30417714E-04	-1.86271059E-04
 7.730000E-01	-7.74035149E-05	-8.67981724E-05	 5.10598921E-05	 3.93598298E-04	 8.41930417E-04	 1.03481257E-03	 6.11171514E-04	 7.55151454E-04	 1.03604863E-03	-3.95709842E-04	-9.50873488E-06	-2.06314400E-05	-1.56746111E-05	 2.66845169E-05	 1.10698937E-04	 1.86518479E-04	 2.46047617E-04	 3.11624132E-04	 6.44688423E-04	-1.89680731E-04
 7.740000E-01	-7.68639202E-05	-8.98519899E-05	 4.25946870E-05	 3.82492080E-04	 8.36405400E-04	 1.04612108E-03	 6.40453264E-04	 7.63473661E-04	 1.05917695E-03	-4.03752343E-04	-9.16417160E-06	-2.06970203E-05	-1.67433041E-05	 2.44513207E-05	 1.07864144E-04	 1.85137441E-04	 2.49032328E-04	 3.15661289E-04	 6.59308251E-04	-1.93118728E-04
 7.750000E-01	-7.62287438E-05	-9.28048848E-05	 3.40928657E-05	 3.71072219E-04	 8.30344966E-04	 1.05729610E-03	 6.70550072E-04	 7.71991645E-04	 1.08308227E-03	-4.11904824E-04	-8.80925352E-06	-2.07410796E-05	-1.77895291E-05	 2.22153457E-05	 1.04973773E-04	 1.83653950E-04	 2.51835881E-04	 3.19703767E-04	 6.74283191E-04	-1.96583303E-04
 7.760000E-01	-7.54961441E-05	-9.56525731E-05	 2.55577804E-05	 3.59333171E-04	 8.23731426E-04	 1.06833807E-03	 7.01499340E-04	 7.80686230E-04	 1.10779846E-03	-4.20159515E-04	-8.44416486E-06	-2.07633541E-05	-1.88122372E-05	 1.99778552E-05	 1.02027359E-04	 1.82065911E-04	 2.54457414E-04	 3.23733902E-04	 6.89620216E-04	-2.00071153E-04
 7.770000E-01	-7.46642987E-05	-9.83907108E-05	 1.69930403E-05	 3.47269899E-04	 8.16547553E-04	 1.07924701E-03	 7.33336330E-04	 7.89538654E-04	 1.13336051E-03	-4.28507912E-04	-8.06926205E-06	-2.07635887E-05	-1.98098153E-05	 1.77414500E-05	 9.90254411E-05	 1.80368381E-04	 2.56888590E-04	 3.27731101E-04	 7.05326319E-04	-2.03577135E-04
 7.780000E-01	-7.37313445E-05	-1.01015022E-04	 8.40206989E-06	 3.34877526E-04	 8.08777884E-04	 1.09002556E-03	 7.66094048E-04	 7.98537877E-04	 1.15980216E-03	-4.36943308E-04	-7.68519999E-06	-2.07417280E-05	-2.07800975E-05	 1.55107925E-05	 9.59717005E-05	 1.78554430E-04	 2.59108134E-04	 3.31677345E-04	 7.21405594E-04	-2.07095679E-04
 7.790000E-01	-7.26952065E-05	-1.03521446E-04	-2.12816221E-07	 3.22149736E-04	 8.00408822E-04	 1.10068493E-03	 7.99812608E-04	 8.07687738E-04	 1.18715422E-03	-4.45464650E-04	-7.29296416E-06	-2.06982086E-05	-2.17209409E-05	 1.32923576E-05	 9.28749473E-05	 1.76619250E-04	 2.61082148E-04	 3.35565699E-04	 7.37854940E-04	-2.10624493E-04
 7.800000E-01	-7.15532371E-05	-1.05906203E-04	-8.85184201E-06	 3.09075475E-04	 7.91426159E-04	 1.11125339E-03	 8.34562066E-04	 8.17007456E-04	 1.21544651E-03	-4.54079984E-04	-6.89365256E-06	-2.06341928E-05	-2.26315239E-05	 1.10922534E-05	 8.97489991E-05	 1.74567782E-04	 2.62776893E-04	 3.39406642E-04	 7.54661532E-04	-2.14169554E-04
 7.810000E-01	-7.03015785E-05	-1.08165538E-04	-1.75193570E-05	 2.95634118E-04	 7.81808779E-04	 1.12178435E-03	 8.70476958E-04	 8.26518188E-04	 1.24471793E-03	-4.62806238E-04	-6.48790563E-06	-2.05514757E-05	-2.35140594E-05	 8.91186517E-06	 8.66084177E-05	 1.72423513E-04	 2.64186675E-04	 3.43223536E-04	 7.71807368E-04	-2.17747955E-04
 7.820000E-01	-6.89343300E-05	-1.10294848E-04	-2.62245271E-05	 2.81790704E-04	 7.71518516E-04	 1.13235767E-03	 9.07790533E-04	 8.36212601E-04	 1.27503748E-03	-4.71661189E-04	-6.07508711E-06	-2.04518171E-05	-2.43749762E-05	 6.74265895E-06	 8.34595362E-05	 1.70232771E-04	 2.65368964E-04	 3.47030156E-04	 7.89285275E-04	-2.21383724E-04
 7.830000E-01	-6.74429414E-05	-1.12287147E-04	-3.49796076E-05	 2.67494766E-04	 7.60489444E-04	 1.14306659E-03	 9.46844585E-04	 8.46015419E-04	 1.30653247E-03	-4.80645946E-04	-5.65261358E-06	-2.03356553E-05	-2.52240948E-05	 4.56343394E-06	 8.02892232E-05	 1.68056376E-04	 2.66464891E-04	 3.50792764E-04	 8.07125082E-04	-2.25093213E-04
 7.840000E-01	-6.58165663E-05	-1.14131461E-04	-4.37947710E-05	 2.52686876E-04	 7.48623113E-04	 1.15398493E-03	 9.88045552E-04	 8.55758212E-04	 1.33940940E-03	-4.89721995E-04	-5.21609764E-06	-2.02005633E-05	-2.60704258E-05	 2.34448461E-06	 7.70574973E-05	 1.65941665E-04	 2.67673303E-04	 3.54395102E-04	 8.25417813E-04	-2.28861694E-04
 7.850000E-01	-6.40440021E-05	-1.15812123E-04	-5.26699473E-05	 2.37314929E-04	 7.35796997E-04	 1.16511764E-03	 1.03174949E-03	 8.65201266E-04	 1.37394484E-03	-4.98794492E-04	-4.76097281E-06	-2.00402706E-05	-2.69143775E-05	 6.20641127E-08	 7.37023646E-05	 1.63875233E-04	 2.69152702E-04	 3.57638697E-04	 8.44314155E-04	-2.32620926E-04
 7.860000E-01	-6.21171701E-05	-1.17309930E-04	-6.15862999E-05	 2.21357055E-04	 7.21888637E-04	 1.17634799E-03	 1.07809095E-03	 8.74127084E-04	 1.41042731E-03	-5.07716598E-04	-4.28580871E-06	-1.98453428E-05	-2.77384456E-05	-2.27788653E-06	 7.01632932E-05	 1.61730132E-04	 2.70855723E-04	 3.60308793E-04	 8.63970792E-04	-2.36244116E-04
 7.870000E-01	-6.00350682E-05	-1.18605112E-04	-7.05008007E-05	 2.04843450E-04	 7.06810413E-04	 1.18740308E-03	 1.12681173E-03	 8.82498572E-04	 1.44905012E-03	-5.16325863E-04	-3.79656882E-06	-1.96063049E-05	-2.85009322E-05	-4.61455571E-06	 6.64221614E-05	 1.59235834E-04	 2.72351433E-04	 3.62307976E-04	 8.84434835E-04	-2.39575279E-04
 7.880000E-01	-5.78065115E-05	-1.19681135E-04	-7.93468847E-05	 1.87867445E-04	 6.90542944E-04	 1.19785860E-03	 1.17716856E-03	 8.90633132E-04	 1.48978300E-03	-5.24510841E-04	-3.30998931E-06	-1.93189946E-05	-2.91382833E-05	-6.81931140E-06	 6.25488790E-05	 1.56004100E-04	 2.72735791E-04	 3.63809715E-04	 9.05495079E-04	-2.42498146E-04
 7.890000E-01	-5.54501663E-05	-1.20527780E-04	-8.80421168E-05	 1.70578970E-04	 6.73153160E-04	 1.20719256E-03	 1.22798525E-03	 8.99316331E-04	 1.53227408E-03	-5.32289843E-04	-2.85374953E-06	-1.89905847E-05	-2.95797670E-05	-8.70888602E-06	 5.87296569E-05	 1.51630844E-04	 2.70734392E-04	 3.65340390E-04	 9.26573050E-04	-2.45027896E-04
 7.900000E-01	-5.29913651E-05	-1.21142403E-04	-9.65016747E-05	 1.53158816E-04	 6.54785980E-04	 1.21487732E-03	 1.27786201E-03	 9.09787853E-04	 1.57583893E-03	-5.39870164E-04	-2.46169906E-06	-1.86436674E-05	-2.97734049E-05	-1.00909730E-05	 5.52553543E-05	 1.45862283E-04	 2.65042157E-04	 3.67696788E-04	 9.46749393E-04	-2.47386177E-04
 7.910000E-01	-5.04564726E-05	-1.21528983E-04	-1.04654371E-04	 1.35779001E-04	 6.35626207E-04	 1.22047834E-03	 1.32548431E-03	 9.23581047E-04	 1.61957048E-03	-5.47654519E-04	-2.16411926E-06	-1.83156148E-05	-2.97158147E-05	-1.08345390E-05	 5.24583807E-05	 1.38773903E-04	 2.54834954E-04	 3.71667518E-04	 9.64995034E-04	-2.50011338E-04
 7.920000E-01	-4.78665798E-05	-1.21695051E-04	-1.12455453E-04	 1.18562537E-04	 6.15840823E-04	 1.22372004E-03	 1.36991962E-03	 9.42263812E-04	 1.66254997E-03	-5.56179418E-04	-1.97528866E-06	-1.80514328E-05	-2.94736707E-05	-1.09421912E-05	 5.06073966E-05	 1.30883092E-04	 2.40276773E-04	 3.77635303E-04	 9.80594286E-04	-2.53473128E-04
 7.930000E-01	-4.52327723E-05	-1.21647268E-04	-1.19890657E-04	 1.01558672E-04	 5.95523628E-04	 1.22449122E-03	 1.41078419E-03	 9.67178539E-04	 1.70408305E-03	-5.66001088E-04	-1.88249406E-06	-1.78904760E-05	-2.91841910E-05	-1.05942498E-05	 4.97900892E-05	 1.23118795E-04	 2.22793912E-04	 3.85238735E-04	 9.93637163E-04	-2.58299956E-04
 7.940000E-01	-4.25546561E-05	-1.21386804E-04	-1.26968676E-04	 8.47452981E-05	 5.74666805E-04	 1.22279089E-03	 1.44821727E-03	 9.99279187E-04	 1.74386014E-03	-5.77572152E-04	-1.84119521E-06	-1.78500365E-05	-2.90274940E-05	-1.01383063E-05	 4.98268236E-05	 1.16611679E-04	 2.04933715E-04	 3.93301537E-04	 1.00536961E-03	-2.64769521E-04
 7.950000E-01	-3.98226949E-05	-1.20906354E-04	-1.33705211E-04	 6.80571556E-05	 5.53171155E-04	 1.21864127E-03	 1.48268417E-03	 1.03911441E-03	 1.78196961E-03	-5.91154252E-04	-1.77995668E-06	-1.79113961E-05	-2.91744201E-05	-1.00148115E-05	 5.02562501E-05	 1.12339379E-04	 1.89763972E-04	 4.00154941E-04	 1.01817621E-03	-2.72739381E-04
 7.960000E-01	-3.70235166E-05	-1.20190494E-04	-1.40106310E-04	 5.14266205E-05	 5.30889775E-04	 1.21200973E-03	 1.51470160E-03	 1.08693235E-03	 1.81875767E-03	-6.06794686E-04	-1.61584848E-06	-1.80151914E-05	-2.97261949E-05	-1.06347296E-05	 5.04163983E-05	 1.10743655E-04	 1.79964502E-04	 4.04297510E-04	 1.03506923E-03	-2.81596258E-04
 7.970000E-01	-3.41461634E-05	-1.19219953E-04	-1.46159485E-04	 3.48182384E-05	 5.07686057E-04	 1.20277826E-03	 1.54460698E-03	 1.14282497E-03	 1.85460218E-03	-6.24369386E-04	-1.27670790E-06	-1.80709935E-05	-3.06706557E-05	-1.22506816E-05	 4.96099318E-05	 1.11484371E-04	 1.76937221E-04	 4.05132886E-04	 1.05876926E-03	-2.90372370E-04
 7.980000E-01	-3.11867284E-05	-1.17978241E-04	-1.51836617E-04	 1.82424364E-05	 4.83481627E-04	 1.19077531E-03	 1.57246557E-03	 1.20682006E-03	 1.88971375E-03	-6.43669755E-04	-7.22877840E-07	-1.79804559E-05	-3.18765302E-05	-1.48728130E-05	 4.73028022E-05	 1.13464478E-04	 1.80307686E-04	 4.03421815E-04	 1.09069703E-03	-2.98013016E-04
 7.990000E-01	-2.81495273E-05	-1.16457320E-04	-1.57105469E-04	 1.74605082E-06	 4.58276029E-04	 1.17584958E-03	 1.59813379E-03	 1.27887521E-03	 1.92406180E-03	-6.64493804E-04	 3.98579148E-08	-1.76668657E-05	-3.31321062E-05	-1.82658225E-05	 4.32841665E-05	 1.15151437E-04	 1.88052155E-04	 4.01172206E-04	 1.13031051E-03	-3.03709596E-04
 8.000000E-01	-2.50447418E-05	-1.14659453E-04	-1.61942096E-04	-1.46110610E-05	 4.32133314E-04	 1.15793921E-03	 1.62141169E-03	 1.35880142E-03	 1.95745178E-03	-6.86699936E-04	 9.61623803E-07	-1.70998174E-05	-3.42146357E-05	-2.20303756E-05	 3.77243970E-05	 1.15081680E-04	 1.97214276E-04	 4.00951670E-04	 1.17512782E-03	-3.07171983E-04
 8.010000E-01	-2.18843469E-05	-1.12594554E-04	-1.66336654E-04	-3.07777001E-05	 4.05148003E-04	 1.13709420E-03	 1.64217744E-03	 1.44618982E-03	 1.98968912E-03	-7.10202736E-04	 1.96397530E-06	-1.63045665E-05	-3.49618094E-05	-2.57354074E-05	 3.11074242E-05	 1.12339098E-04	 2.04908640E-04	 4.04909341E-04	 1.22148757E-03	-3.08727502E-04
 8.020000E-01	-1.86788861E-05	-1.10275212E-04	-1.70290244E-04	-4.67193417E-05	 3.77412259E-04	 1.11344302E-03	 1.66042411E-03	 1.54040139E-03	 2.02071978E-03	-7.34921923E-04	 2.96360346E-06	-1.53519887E-05	-3.53158725E-05	-2.90468322E-05	 2.40665793E-05	 1.06807470E-04	 2.09188954E-04	 4.13959266E-04	 1.26575079E-03	-3.09203284E-04
 8.030000E-01	-1.54368849E-05	-1.07712793E-04	-1.73806296E-04	-6.24098253E-05	 3.49004616E-04	 1.08713445E-03	 1.67619506E-03	 1.64061719E-03	 2.05066547E-03	-7.60721951E-04	 3.89527443E-06	-1.43335666E-05	-3.53252391E-05	-3.18051141E-05	 1.71900307E-05	 9.91080870E-05	 2.09457419E-04	 4.27499709E-04	 1.30544291E-03	-3.09644817E-04
 8.040000E-01	-1.21668966E-05	-1.04917456E-04	-1.76883700E-04	-7.78145953E-05	 3.20007545E-04	 1.05830644E-03	 1.68948517E-03	 1.74588763E-03	 2.07975701E-03	-7.87384103E-04	 4.72634309E-06	-1.33315476E-05	-3.51082093E-05	-3.40320365E-05	 1.08649832E-05	 9.02760606E-05	 2.06331902E-04	 4.43769489E-04	 1.33988356E-03	-3.10985607E-04
 8.050000E-01	-8.88035359E-06	-1.01902546E-04	-1.79518542E-04	-9.28797366E-05	 2.90543508E-04	 1.02712345E-03	 1.70020590E-03	 1.85511379E-03	 2.10825972E-03	-8.14641354E-04	 5.45906852E-06	-1.23953896E-05	-3.47977083E-05	-3.58765730E-05	 5.20776968E-06	 8.13299014E-05	 2.01117306E-04	 4.60634697E-04	 1.37010212E-03	-3.13784147E-04
 8.060000E-01	-5.59216542E-06	-9.86908362E-05	-1.81717298E-04	-1.07541641E-04	 2.60801810E-04	 9.93882968E-04	 1.70828946E-03	 1.96696138E-03	 2.13652358E-03	-8.42282963E-04	 6.12148972E-06	-1.15325112E-05	-3.44906737E-05	-3.75292814E-05	 9.35749534E-08	 7.29167303E-05	 1.95151729E-04	 4.76412756E-04	 1.39815055E-03	-3.18104166E-04
 8.070000E-01	-2.31601356E-06	-9.53171295E-05	-1.83517152E-04	-1.21765166E-04	 2.31019249E-04	 9.59133442E-04	 1.71393880E-03	 2.07982301E-03	 2.16523750E-03	-8.70302450E-04	 6.75137497E-06	-1.07156218E-05	-3.42209574E-05	-3.91404987E-05	-4.73471002E-06	 6.51683851E-05	 1.89296878E-04	 4.90354867E-04	 1.42616367E-03	-3.23561309E-04
 8.080000E-01	 9.47007136E-07	-9.18208171E-05	-1.85001886E-04	-1.35604587E-04	 2.01384741E-04	 9.23696937E-04	 1.71793810E-03	 2.19203918E-03	 2.19581907E-03	-8.99023017E-04	 7.37976172E-06	-9.90257819E-06	-3.39635312E-05	-4.07713780E-05	-9.52469593E-06	 5.78065074E-05	 1.83743899E-04	 5.02603448E-04	 1.45559229E-03	-3.29513650E-04
 8.090000E-01	 4.22430937E-06	-8.82244626E-05	-1.86297868E-04	-1.49264860E-04	 1.71866789E-04	 8.88484273E-04	 1.72185660E-03	 2.30257158E-03	 2.23068341E-03	-9.29100714E-04	 8.02051411E-06	-9.05986006E-06	-3.36651501E-05	-4.23933825E-05	-1.43982995E-05	 5.04273731E-05	 1.78167069E-04	 5.13720750E-04	 1.48692627E-03	-3.35339929E-04
 8.100000E-01	 7.58587859E-06	-8.45009262E-05	-1.87537898E-04	-1.63127244E-04	 1.42009631E-04	 8.54052529E-04	 1.72794918E-03	 2.41212599E-03	 2.27301584E-03	-9.61300100E-04	 8.67028163E-06	-8.17870351E-06	-3.32861715E-05	-4.39351116E-05	-1.93156434E-05	 4.28155783E-05	 1.72126400E-04	 5.24122311E-04	 1.51997991E-03	-3.40720749E-04
 8.110000E-01	 1.11462934E-05	-8.05405367E-05	-1.88791219E-04	-1.77698338E-04	 1.10796984E-04	 8.19983393E-04	 1.73859976E-03	 2.52435828E-03	 2.32574129E-03	-9.95983029E-04	 9.31932910E-06	-7.27497916E-06	-3.28328562E-05	-4.53573705E-05	-2.41474970E-05	 3.51108673E-05	 1.65524848E-04	 5.33825893E-04	 1.55452074E-03	-3.45811930E-04
 8.120000E-01	 1.50435454E-05	-7.61384688E-05	-1.89975195E-04	-1.93452267E-04	 7.67193663E-05	 7.84325932E-04	 1.75528437E-03	 2.64638734E-03	 2.38971599E-03	-1.03237919E-03	 9.96873305E-06	-6.37036066E-06	-3.23616984E-05	-4.67225078E-05	-2.88378876E-05	 2.77051860E-05	 1.58890902E-04	 5.42774304E-04	 1.59081171E-03	-3.51195079E-04
 8.130000E-01	 1.93880101E-05	-7.10256177E-05	-1.90783360E-04	-2.10569109E-04	 3.81680142E-05	 7.43478831E-04	 1.77724670E-03	 2.78762916E-03	 2.46173013E-03	-1.06791791E-03	 1.06449823E-05	-5.46175479E-06	-3.19475506E-05	-4.82175957E-05	-3.35836459E-05	 2.08717088E-05	 1.53298233E-04	 5.51634038E-04	 1.62962914E-03	-3.57535984E-04
 8.140000E-01	 2.41863783E-05	-6.49581706E-05	-1.90677231E-04	-2.28627697E-04	-5.81434019E-06	 6.92887492E-04	 1.80033267E-03	 2.95625558E-03	 2.53348386E-03	-1.09812269E-03	 1.14012138E-05	-4.49496431E-06	-3.16232542E-05	-5.00984585E-05	-3.89173173E-05	 1.42853680E-05	 1.49851057E-04	 5.62551113E-04	 1.67157247E-03	-3.64998677E-04
 8.150000E-01	 2.92622411E-05	-5.78592370E-05	-1.88986402E-04	-2.46375893E-04	-5.45728052E-05	 6.28725024E-04	 1.81664039E-03	 3.15355325E-03	 2.59290755E-03	-1.11766463E-03	 1.22970305E-05	-3.36280089E-06	-3.13154519E-05	-5.25464810E-05	-4.55804415E-05	 6.72081849E-06	 1.48840329E-04	 5.79089433E-04	 1.71594136E-03	-3.72642375E-04
 8.160000E-01	 3.42129432E-05	-4.99722622E-05	-1.85136122E-04	-2.61753871E-04	-1.05047837E-04	 5.50291284E-04	 1.81570117E-03	 3.36801126E-03	 2.62865649E-03	-1.12294489E-03	 1.33571381E-05	-1.94321429E-06	-3.08133331E-05	-5.54729708E-05	-5.41390955E-05	-3.76355394E-06	 1.48882264E-04	 6.04726976E-04	 1.75992043E-03	-3.78208733E-04
 8.170000E-01	 3.84518384E-05	-4.19497009E-05	-1.78967502E-04	-2.72339815E-04	-1.51715723E-04	 4.62270743E-04	 1.78763854E-03	 3.57254460E-03	 2.63713303E-03	-1.11583741E-03	 1.45221334E-05	-1.76859382E-07	-2.98069096E-05	-5.83582184E-05	-6.44292972E-05	-1.89923941E-05	 1.46526473E-04	 6.39977623E-04	 1.79898452E-03	-3.78758497E-04
 8.180000E-01	 4.13719403E-05	-3.47842984E-05	-1.71042338E-04	-2.76268858E-04	-1.87792731E-04	 3.75511297E-04	 1.72800946E-03	 3.72877930E-03	 2.62930514E-03	-1.10704960E-03	 1.56182574E-05	 1.84229857E-06	-2.80107741E-05	-6.02485330E-05	-7.50895072E-05	-3.93576154E-05	 1.36847522E-04	 6.79310459E-04	 1.82903268E-03	-3.72366073E-04
 8.190000E-01	 4.26227343E-05	-2.95219983E-05	-1.62770586E-04	-2.73444362E-04	-2.07838852E-04	 3.05051985E-04	 1.64296771E-03	 3.80060307E-03	 2.63299495E-03	-1.11654822E-03	 1.63780482E-05	 3.81430329E-06	-2.53476790E-05	-6.00163600E-05	-8.35444272E-05	-6.25941113E-05	 1.15279671E-04	 7.10017090E-04	 1.84973015E-03	-3.60453676E-04
 8.200000E-01	 4.24259658E-05	-2.67828776E-05	-1.56208245E-04	-2.66595851E-04	-2.11184534E-04	 2.65002528E-04	 1.55246355E-03	 3.77493550E-03	 2.68669353E-03	-1.16855871E-03	 1.65319190E-05	 5.27518175E-06	-2.21183566E-05	-5.68928499E-05	-8.67353548E-05	-8.34715793E-05	 8.04007838E-05	 7.15223408E-04	 1.86730707E-03	-3.49548456E-04
 8.210000E-01	 4.17954330E-05	-2.62354218E-05	-1.53469692E-04	-2.61578640E-04	-2.04840569E-04	 2.61411932E-04	 1.48897915E-03	 3.68224596E-03	 2.82418490E-03	-1.28048811E-03	 1.59595484E-05	 5.76296829E-06	-1.90558626E-05	-5.11244766E-05	-8.25912373E-05	-9.50762606E-05	 3.66774075E-05	 6.81756615E-04	 1.89446177E-03	-3.50782093E-04
 8.220000E-01	 4.25089360E-05	-2.62634663E-05	-1.55867338E-04	-2.66411578E-04	-2.04191527E-04	 2.85832987E-04	 1.49029298E-03	 3.60564968E-03	 3.05456567E-03	-1.44857209E-03	 1.48488863E-05	 5.07713763E-06	-1.71813653E-05	-4.44543754E-05	-7.17781549E-05	-9.17086172E-05	-4.30444427E-06	 6.10759117E-04	 1.94584287E-03	-3.75921252E-04
 8.230000E-01	 4.67377552E-05	-2.40645651E-05	-1.63059521E-04	-2.88961075E-04	-2.30219594E-04	 3.12932711E-04	 1.58691694E-03	 3.66861380E-03	 3.34696485E-03	-1.63658505E-03	 1.37810546E-05	 3.53228542E-06	-1.74518459E-05	-4.00858269E-05	-5.88857425E-05	-7.24888254E-05	-2.54845789E-05	 5.26082699E-04	 2.02991100E-03	-4.30326112E-04
 8.240000E-01	 5.63631421E-05	-1.62932222E-05	-1.72562142E-04	-3.33769670E-04	-3.03249835E-04	 3.04552404E-04	 1.78740727E-03	 3.99856630E-03	 3.63008914E-03	-1.77538567E-03	 1.36639261E-05	 2.06984896E-06	-2.02917755E-05	-4.19150436E-05	-5.21749837E-05	-4.40368344E-05	-9.33605396E-06	 4.74505186E-04	 2.14076340E-03	-5.05436832E-04
 8.250000E-01	 7.21552147E-05	-1.50472723E-07	-1.79918244E-04	-3.99064691E-04	-4.34795732E-04	 2.20285095E-04	 2.06672078E-03	 4.67479277E-03	 3.81185981E-03	-1.77879883E-03	 1.54839614E-05	 2.11624185E-06	-2.51849381E-05	-5.31083772E-05	-6.14458809E-05	-2.05541329E-05	 5.47228477E-05	 5.14017355E-04	 2.25497924E-03	-5.75035887E-04
 8.260000E-01	 9.30961353E-05	 2.53949323E-05	-1.79631263E-04	-4.75213622E-04	-6.20340540E-04	 3.18295409E-05	 2.36319961E-03	 5.67906780E-03	 3.81508230E-03	-1.57518277E-03	 1.99229282E-05	 5.16474401E-06	-3.05268544E-05	-7.44473882E-05	-9.43834846E-05	-2.04509029E-05	 1.62970745E-04	 6.91576654E-04	 2.33726409E-03	-5.99356038E-04
 8.270000E-01	 1.16141008E-04	 5.86903919E-05	-1.66710430E-04	-5.45636990E-04	-8.36159644E-04	-2.63662819E-04	 2.58801851E-03	 6.87110869E-03	 3.61548159E-03	-1.14600040E-03	 2.69626692E-05	 1.21812102E-05	-3.38800410E-05	-1.03113351E-04	-1.52580717E-04	-6.00735828E-05	 2.93388250E-04	 1.01773128E-03	 2.35458421E-03	-5.38461783E-04
 8.280000E-01	 1.36610277E-04	 9.51925018E-05	-1.38438518E-04	-5.90477397E-04	-1.04232995E-03	-6.36412851E-04	 2.64723384E-03	 8.00522256E-03	 3.26383023E-03	-5.56337026E-04	 3.56417610E-05	 2.30373006E-05	-3.26476191E-05	-1.32592059E-04	-2.28915075E-04	-1.46503962E-04	 4.07978404E-04	 1.44933166E-03	 2.29334003E-03	-3.71880777E-04
 8.290000E-01	 1.49219165E-04	 1.28196764E-04	-9.57946670E-05	-5.92305767E-04	-1.19210324E-03	-1.02680481E-03	 2.47152400E-03	 8.79049726E-03	 2.87779620E-03	 3.92161314E-05	 4.41094643E-05	 3.62166300E-05	-2.50124770E-05	-1.54081908E-04	-3.07794700E-04	-2.72267404E-04	 4.62505401E-04	 1.89073369E-03	 2.17076929E-03	-1.16906669E-04
 8.300000E-01	 1.49507622E-04	 1.50432473E-04	-4.39170754E-05	-5.42081198E-04	-1.24527216E-03	-1.35890333E-03	 2.04374391E-03	 8.97867653E-03	 2.60144413E-03	 4.26029784E-04	 5.00335892E-05	 4.89881113E-05	-1.08186753E-05	-1.59190562E-04	-3.68864698E-04	-4.14650803E-04	 4.21543313E-04	 2.21762191E-03	 2.03272065E-03	 1.64275527E-04
 8.310000E-01	 1.35221610E-04	 1.56086837E-04	 8.77195390E-06	-4.43052577E-04	-1.18099146E-03	-1.56119035E-03	 1.41275095E-03	 8.44871994E-03	 2.54645829E-03	 3.91209009E-04	 5.12738908E-05	 5.80787458E-05	 7.99895141E-06	-1.43017788E-04	-3.93262621E-04	-5.40820680E-04	 2.73449630E-04	 2.31742865E-03	 1.93589403E-03	 3.75954140E-04
 8.320000E-01	 1.07147148E-04	 1.42574407E-04	 5.26457261E-05	-3.10839372E-04	-1.00514218E-03	-1.58750285E-03	 6.85987217E-04	 7.25415940E-03	 2.74069718E-03	-2.01783240E-04	 4.65965140E-05	 6.06566692E-05	 2.77052855E-05	-1.06358473E-04	-3.70153835E-04	-6.17448433E-04	 3.86922170E-05	 2.13110200E-03	 1.92117064E-03	 4.18353619E-04
 8.330000E-01	 6.90693865E-05	 1.11409155E-04	 7.95133857E-05	-1.69392341E-04	-7.49254318E-04	-1.43063298E-03	 1.51390138E-06	 5.61264427E-03	 3.10902965E-03	-1.35478082E-03	 3.61575702E-05	 5.52736799E-05	 4.37599981E-05	-5.59982944E-05	-3.00894552E-04	-6.21404907E-04	-2.33012599E-04	 1.67835832E-03	 1.99084970E-03	 2.25377886E-04
 8.340000E-01	 2.68451222E-05	 6.78557830E-05	 8.49134494E-05	-4.42079238E-05	-4.61334354E-04	-1.12379941E-03	-5.11277386E-04	 3.84067799E-03	 3.49748191E-03	-2.91848671E-03	 2.15561176E-05	 4.24039548E-05	 5.21946656E-05	-2.83837595E-06	-1.99041299E-04	-5.47424543E-04	-4.76780579E-04	 1.05474087E-03	 2.10221956E-03	-2.05048132E-04
 8.350000E-01	-1.30941502E-05	 1.94958182E-05	 6.92606668E-05	 4.47144080E-05	-1.92152288E-04	-7.29944844E-04	-7.68141814E-04	 2.25909835E-03	 3.73131386E-03	-4.62739528E-03	 5.42214813E-06	 2.43659443E-05	 5.08645284E-05	 4.14745223E-05	-8.61773987E-05	-4.09820233E-04	-6.32932614E-04	 4.01057609E-04	 2.18236213E-03	-8.02179143E-04
 8.360000E-01	-4.52965897E-05	-2.57567312E-05	 3.75089334E-05	 8.76997770E-05	 1.79226521E-05	-3.23474372E-04	-7.50891925E-04	 1.10535598E-03	 3.68172710E-03	-6.17407105E-03	-9.31059459E-06	 4.66403673E-06	 4.01125090E-05	 6.81028165E-05	 1.47143085E-05	-2.37855330E-04	-6.65902193E-04	-1.42123950E-04	 2.15834161E-03	-1.44046168E-03
 8.370000E-01	-6.64225943E-05	-6.15179456E-05	-2.43918616E-06	 8.66358315E-05	 1.47316398E-04	 2.87968044E-05	-5.06785496E-04	 4.82245690E-04	 3.31292928E-03	-7.29524673E-03	-2.01874183E-05	-1.29951242E-05	 2.26298543E-05	 7.34495471E-05	 8.57747712E-05	-6.68716525E-05	-5.74672443E-04	-4.76693397E-04	 1.98907050E-03	-1.97800365E-03
 8.380000E-01	-7.56867142E-05	-8.41518423E-05	-4.19634935E-05	 5.27154350E-05	 1.95071213E-04	 2.81733202E-04	-1.28709256E-04	 3.54705446E-04	 2.69167398E-03	-7.83949613E-03	-2.58174535E-05	-2.56696644E-05	 2.60066616E-06	 5.97065645E-05	 1.18495130E-04	 7.14999838E-05	-3.91361028E-04	-5.70852381E-04	 1.68435666E-03	-2.30070328E-03
 8.390000E-01	-7.45968120E-05	-9.31115958E-05	-7.38720656E-05	 1.93549359E-06	 1.76800802E-04	 4.17995799E-04	 2.75291662E-04	 5.87128963E-04	 1.95863698E-03	-7.79565515E-03	-2.61020184E-05	-3.18387655E-05	-1.55450956E-05	 3.35293944E-05	 1.14584672E-04	 1.56921863E-04	-1.69205363E-04	-4.58522470E-04	 1.30289295E-03	-2.35552439E-03
 8.400000E-01	-6.61871599E-05	-9.04716471E-05	-9.38630349E-05	-4.98788134E-05	 1.17199267E-04	 4.46150546E-04	 6.12210113E-04	 1.00121066E-03	 1.27649568E-03	-7.27735293E-03	-2.20833193E-05	-3.15923195E-05	-2.83415630E-05	 3.51753241E-06	 8.37421964E-05	 1.83791150E-04	 3.50382994E-05	-2.18229958E-04	 9.30734960E-04	-2.16163326E-03
 8.410000E-01	-5.40472563E-05	-7.99337076E-05	-1.01001006E-04	-9.09477427E-05	 4.20368643E-05	 3.92996788E-04	 8.24862013E-04	 1.43186572E-03	 7.76796913E-04	-6.47473576E-03	-1.55120534E-05	-2.63652855E-05	-3.40867138E-05	-2.25009787E-05	 3.95807749E-05	 1.60198345E-04	 1.77781292E-04	 5.78475052E-05	 6.50182250E-04	-1.79746231E-03
 8.420000E-01	-4.14391364E-05	-6.56697867E-05	-9.72433025E-05	-1.15411407E-04	-2.80110258E-05	 2.93370796E-04	 8.98676663E-04	 1.76482901E-03	 5.24874205E-04	-5.59358474E-03	-8.30168540E-06	-1.83612166E-05	-3.30315694E-05	-3.94723921E-05	-4.69666904E-06	 1.03438770E-04	 2.38931900E-04	 2.92562272E-04	 5.12214960E-04	-1.37081274E-03
 8.430000E-01	-3.07079299E-05	-5.13290440E-05	-8.63193300E-05	-1.23117640E-04	-8.04964809E-05	 1.80588831E-04	 8.55162009E-04	 1.94953429E-03	 5.12157832E-04	-4.80248962E-03	-2.04402597E-06	-9.87805005E-06	-2.69783033E-05	-4.58879618E-05	-3.95186412E-05	 3.39501022E-05	 2.23321069E-04	 4.41321808E-04	 5.22882075E-04	-9.84320279E-04
 8.440000E-01	-2.30645189E-05	-3.94223030E-05	-7.24092099E-05	-1.17909230E-04	-1.11288479E-04	 7.98129946E-05	 7.36909673E-04	 1.99039805E-03	 6.73382972E-04	-4.20212517E-03	 2.28779758E-06	-2.74537141E-06	-1.85030560E-05	-4.33193840E-05	-6.03472018E-05	-3.02907725E-05	 1.54219068E-04	 4.95325888E-04	 6.47130319E-04	-7.08515010E-04
 8.450000E-01	-1.86949581E-05	-3.11441348E-05	-5.90436757E-05	-1.05337426E-04	-1.22530386E-04	 5.25736605E-06	 5.90754589E-04	 1.92573297E-03	 9.17550241E-04	-3.82050996E-03	 4.40621362E-06	 1.99002732E-06	-1.01156603E-05	-3.51526637E-05	-6.73081086E-05	-7.74137963E-05	 6.26283820E-05	 4.73137708E-04	 8.26045814E-04	-5.69952096E-04
 8.460000E-01	-1.70714425E-05	-2.65534207E-05	-4.84791881E-05	-9.06561550E-05	-1.19744758E-04	-3.91793546E-05	 4.54657074E-04	 1.80474020E-03	 1.15905355E-03	-3.62879735E-03	 4.58400984E-06	 4.09968976E-06	-3.63030089E-06	-2.51332628E-05	-6.36650733E-05	-1.02788592E-04	-2.32062115E-05	 4.06635998E-04	 9.98871757E-04	-5.55062029E-04
 8.470000E-01	-1.73219035E-05	-2.49568465E-05	-4.15884812E-05	-7.75968277E-05	-1.09188071E-04	-5.70912952E-05	 3.51114634E-04	 1.67017128E-03	 1.33877430E-03	-3.56706344E-03	 3.42328263E-06	 3.99139797E-06	 1.09847790E-07	-1.62382708E-05	-5.39456753E-05	-1.07986182E-04	-8.47355478E-05	 3.27599483E-04	 1.12101991E-03	-6.24705473E-04
 8.480000E-01	-1.85454723E-05	-2.53323767E-05	-3.81385221E-05	-6.80110971E-05	-9.60856014E-05	-5.60007194E-05	 2.86977447E-04	 1.54972223E-03	 1.43126663E-03	-3.56954064E-03	 1.61250179E-06	 2.41986106E-06	 1.16270826E-06	-1.01325241E-05	-4.23822954E-05	-9.84736077E-05	-1.15231445E-04	 2.59003143E-04	 1.17274890E-03	-7.31982522E-04
 8.490000E-01	-2.00145433E-05	-2.66724756E-05	-3.72501940E-05	-6.21632755E-05	-8.38723019E-05	-4.42181553E-05	 2.57540641E-04	 1.45526069E-03	 1.44009493E-03	-3.58232873E-03	-2.58742553E-07	 2.01319055E-07	 1.91794236E-07	-7.18809086E-06	-3.20056038E-05	-8.10646873E-05	-1.17839386E-04	 2.12124394E-04	 1.15794326E-03	-8.36807785E-04
 8.500000E-01	-2.12570440E-05	-2.81916637E-05	-3.78492334E-05	-5.93309932E-05	-7.42136632E-05	-2.87503126E-05	 2.52173438E-04	 1.38682402E-03	 1.38669842E-03	-3.57135599E-03	-1.79727566E-06	-1.99258973E-06	-1.89803322E-06	-6.86419165E-06	-2.43989262E-05	-6.18940256E-05	-1.01450057E-04	 1.88181163E-04	 1.09614520E-03	-9.13809882E-04
 8.510000E-01	-2.20472530E-05	-2.94006208E-05	-3.89903282E-05	-5.84138056E-05	-6.74509619E-05	-1.43524458E-05	 2.59290189E-04	 1.33809959E-03	 1.29841239E-03	-3.52214427E-03	-2.82172143E-06	-3.73440480E-06	-4.26575060E-06	-8.19940140E-06	-1.99177476E-05	-4.52671404E-05	-7.63783708E-05	 1.82194433E-04	 1.01241966E-03	-9.53427095E-04
 8.520000E-01	-2.23457483E-05	-3.00831185E-05	-4.00183870E-05	-5.83738203E-05	-6.31569329E-05	-3.48456330E-06	 2.69532443E-04	 1.30109550E-03	 1.19947762E-03	-3.43476354E-03	-3.32210192E-06	-4.84596200E-06	-6.31426077E-06	-1.02262349E-05	-1.81222748E-05	-3.33704702E-05	-5.12068700E-05	 1.86972424E-04	 9.28923231E-04	-9.58304720E-04
 8.530000E-01	-2.22247428E-05	-3.02220902E-05	-4.05915812E-05	-5.84599348E-05	-6.06053287E-05	 3.19936160E-06	 2.77028748E-04	 1.26902282E-03	 1.10645720E-03	-3.31737832E-03	-3.39517167E-06	-5.34264921E-06	-7.74060005E-06	-1.22177822E-05	-1.82170714E-05	-2.65964914E-05	-3.12874710E-05	 1.95964080E-04	 8.60185417E-04	-9.37812918E-04
 8.540000E-01	-2.18027682E-05	-2.99143374E-05	-4.06191938E-05	-5.82535091E-05	-5.90777076E-05	 6.17677959E-06	 2.79219766E-04	 1.23743000E-03	 1.02755562E-03	-3.18073132E-03	-3.18111907E-06	-5.35417556E-06	-8.49186440E-06	-1.37652237E-05	-1.93804806E-05	-2.41649583E-05	-1.86939567E-05	 2.04639647E-04	 8.12194459E-04	-9.03001413E-04
 8.550000E-01	-2.11995442E-05	-2.92989254E-05	-4.01677888E-05	-5.76077178E-05	-5.80135182E-05	 6.43822879E-06	 2.75936043E-04	 1.20414208E-03	 9.64372882E-04	-3.03459187E-03	-2.81659292E-06	-5.05089771E-06	-8.67610805E-06	-1.47370610E-05	-2.09502197E-05	-2.47662164E-05	-1.30572279E-05	 2.10672734E-04	 7.84133950E-04	-8.63238629E-04
 8.560000E-01	-2.05118998E-05	-2.85096212E-05	-3.93738693E-05	-5.65487741E-05	-5.70479828E-05	 5.04367732E-06	 2.68317069E-04	 1.16863603E-03	 9.14546078E-04	-2.88616611E-03	-2.40853819E-06	-4.59159102E-06	-8.47062487E-06	-1.51842259E-05	-2.24858939E-05	-2.70575548E-05	-1.26818447E-05	 2.13440402E-04	 7.71234798E-04	-8.24750660E-04
 8.570000E-01	-1.98060653E-05	-2.76509617E-05	-3.83817454E-05	-5.51843886E-05	-5.59879748E-05	 2.87326913E-06	 2.57929380E-04	 1.13132353E-03	 8.74170091E-04	-2.73992216E-03	-2.02600528E-06	-4.09624022E-06	-8.05296794E-06	-1.52424383E-05	-2.37521252E-05	-2.99535690E-05	-1.55139637E-05	 2.13318719E-04	 7.67484225E-04	-7.90616987E-04
 8.580000E-01	-1.91199802E-05	-2.67919202E-05	-3.73096811E-05	-5.36397755E-05	-5.47648626E-05	 5.35222125E-07	 2.46213265E-04	 1.09298828E-03	 8.39465922E-04	-2.59816336E-03	-1.70376137E-06	-3.63936982E-06	-7.56262686E-06	-1.50599792E-05	-2.46653883E-05	-3.27309467E-05	-1.97644219E-05	 2.11077021E-04	 7.67504595E-04	-7.61553435E-04
 8.590000E-01	-1.84701088E-05	-2.59698868E-05	-3.62384561E-05	-5.20231412E-05	-5.33873896E-05	-1.62561881E-06	 2.34233479E-04	 1.05444420E-03	 8.07626449E-04	-2.46181699E-03	-1.45142244E-06	-3.25616044E-06	-7.08914817E-06	-1.47580034E-05	-2.52353283E-05	-3.50067119E-05	-2.41799860E-05	 2.07489408E-04	 7.67458459E-04	-7.36898985E-04
 8.600000E-01	-1.78590632E-05	-2.51989890E-05	-3.52137709E-05	-5.04134960E-05	-5.19045383E-05	-3.46998310E-06	 2.22641272E-04	 1.01637925E-03	 7.77024184E-04	-2.33112322E-03	-1.26343795E-06	-2.95399706E-06	-6.67725787E-06	-1.44175932E-05	-2.55168187E-05	-3.66539088E-05	-2.80586217E-05	 2.03155247E-04	 7.65181045E-04	-7.15447581E-04
 8.610000E-01	-1.72820759E-05	-2.44788704E-05	-3.42549084E-05	-4.88615650E-05	-5.03802667E-05	-4.99357232E-06	 2.11748356E-04	 9.79316940E-04	 7.47040655E-04	-2.20610151E-03	-1.12729604E-06	-2.72423124E-06	-6.33952291E-06	-1.40831839E-05	-2.55778769E-05	-3.77040753E-05	-3.11292103E-05	 1.98463791E-04	 7.59865163E-04	-6.95988664E-04
 8.620000E-01	-1.67316100E-05	-2.38019220E-05	-3.33645242E-05	-4.73963499E-05	-4.88784074E-05	-6.26444353E-06	 2.01637214E-04	 9.43634394E-04	 7.17743263E-04	-2.08679461E-03	-1.02904111E-06	-2.55144127E-06	-6.06979431E-06	-1.37728926E-05	-2.54820769E-05	-3.82650454E-05	-3.33933025E-05	 1.93632430E-04	 7.51591010E-04	-6.77570165E-04
 8.630000E-01	-1.62001607E-05	-2.31582797E-05	-3.25367696E-05	-4.60324863E-05	-4.74547046E-05	-7.37702552E-06	 1.92262874E-04	 9.09595831E-04	 6.89559627E-04	-1.97334702E-03	-9.56275101E-07	-2.41939874E-06	-5.85385236E-06	-1.34894372E-05	-2.52813844E-05	-3.84647319E-05	-3.49870345E-05	 1.88766401E-04	 7.40891821E-04	-6.59565254E-04
 8.640000E-01	-1.56816833E-05	-2.25387354E-05	-3.17627846E-05	-4.47759520E-05	-4.61529889E-05	-8.42325448E-06	 1.83527450E-04	 8.77380000E-04	 6.63022945E-04	-1.86598548E-03	-8.99337782E-07	-2.31414691E-06	-5.67619679E-06	-1.32285262E-05	-2.50149635E-05	-3.84198441E-05	-3.60858820E-05	 1.83910750E-04	 7.28441086E-04	-6.41632304E-04
 8.650000E-01	-1.51721471E-05	-2.19361085E-05	-3.10337474E-05	-4.36274960E-05	-4.50034399E-05	-9.47721908E-06	 1.75325946E-04	 8.47095719E-04	 6.38606418E-04	-1.76495774E-03	-8.51400274E-07	-2.22507466E-06	-5.52348188E-06	-1.29840058E-05	-2.47105531E-05	-3.82229738E-05	-3.68514474E-05	 1.79084328E-04	 7.14870845E-04	-6.23636178E-04
 8.660000E-01	-1.46695313E-05	-2.13456199E-05	-3.03422228E-05	-4.25844468E-05	-4.40224746E-05	-1.05892863E-05	 1.67569271E-04	 8.18790059E-04	 6.16636491E-04	-1.67046584E-03	-8.08041946E-07	-2.14484464E-06	-5.38566347E-06	-1.27503752E-05	-2.43867061E-05	-3.79408111E-05	-3.74095699E-05	 1.74297689E-04	 7.00692137E-04	-6.05570416E-04
 8.670000E-01	-1.41734618E-05	-2.07647058E-05	-2.96825717E-05	-4.16418244E-05	-4.32142563E-05	-1.17863222E-05	 1.60191993E-04	 7.92455076E-04	 5.97264637E-04	-1.58261363E-03	-7.66640009E-07	-2.06879999E-06	-5.25590414E-06	-1.25236529E-05	-2.40552508E-05	-3.76178298E-05	-3.78476352E-05	 1.69560824E-04	 6.86279408E-04	-5.87496767E-04
 8.680000E-01	-1.36846582E-05	-2.01925558E-05	-2.90509150E-05	-4.07932633E-05	-4.25734056E-05	-1.30754551E-05	 1.53151253E-04	 7.68036010E-04	 5.80477045E-04	-1.50137584E-03	-7.25770770E-07	-1.99422721E-06	-5.12994931E-06	-1.23013999E-05	-2.37236246E-05	-3.72817724E-05	-3.82212841E-05	 1.64885618E-04	 6.71887023E-04	-5.69504613E-04
 8.690000E-01	-1.32044131E-05	-1.96295731E-05	-2.84448415E-05	-4.00316636E-05	-4.20878400E-05	-1.44492093E-05	 1.46421788E-04	 7.45439948E-04	 5.66124824E-04	-1.42658966E-03	-6.84737836E-07	-1.91970536E-06	-5.00540367E-06	-1.20823927E-05	-2.33966057E-05	-3.69488071E-05	-3.85634847E-05	 1.60285542E-04	 6.57676572E-04	-5.51686946E-04
 8.700000E-01	-1.27342226E-05	-1.90768737E-05	-2.78629214E-05	-3.93494092E-05	-4.17409932E-05	-1.58905940E-05	 1.39990048E-04	 7.24543863E-04	 5.53962636E-04	-1.35796537E-03	-6.43266582E-07	-1.84461768E-06	-4.88110011E-06	-1.18661989E-05	-2.30772598E-05	-3.66275067E-05	-3.88921421E-05	 1.55774039E-04	 6.43743510E-04	-5.34128139E-04
 8.710000E-01	-1.22755656E-05	-1.85358549E-05	-2.73041785E-05	-3.87383498E-05	-4.15134746E-05	-1.73775033E-05	 1.33848885E-04	 7.05202538E-04	 5.43688023E-04	-1.29511021E-03	-6.01332898E-07	-1.76882317E-06	-4.75661529E-06	-1.16527968E-05	-2.27673291E-05	-3.63216334E-05	-3.92154692E-05	 1.51362822E-04	 6.30138753E-04	-5.16898987E-04
 8.720000E-01	-1.18297565E-05	-1.80078720E-05	-2.67676936E-05	-3.81898625E-05	-4.13845560E-05	-1.88862565E-05	 1.27993342E-04	 6.87257212E-04	 5.34976414E-04	-1.23755877E-03	-5.59057095E-07	-1.69244799E-06	-4.63193171E-06	-1.14423196E-05	-2.24674802E-05	-3.60320196E-05	-3.95356957E-05	 1.47060868E-04	 6.16884541E-04	-5.00055633E-04
 8.730000E-01	-1.13978228E-05	-1.74940335E-05	-2.62524150E-05	-3.76951624E-05	-4.13336663E-05	-2.03943187E-05	 1.22417615E-04	 6.70544750E-04	 5.27509189E-04	-1.18480454E-03	-5.16634624E-07	-1.61574865E-06	-4.50723360E-06	-1.12349162E-05	-2.21776141E-05	-3.57578126E-05	-3.98518042E-05	 1.42874252E-04	 6.03985503E-04	-4.83640286E-04
 8.740000E-01	-1.09804348E-05	-1.69951091E-05	-2.57571176E-05	-3.72456829E-05	-4.13415962E-05	-2.18820174E-05	 1.17113369E-04	 6.54905741E-04	 5.20993302E-04	-1.13632898E-03	-4.74280189E-07	-1.53902578E-06	-4.38280008E-06	-1.10307068E-05	-2.18971982E-05	-3.54972638E-05	-4.01613188E-05	 1.38806548E-04	 5.91435917E-04	-4.67682829E-04
 8.750000E-01	-1.05778959E-05	-1.65115178E-05	-2.52804473E-05	-3.68334117E-05	-4.13912649E-05	-2.33333098E-05	 1.12069416E-04	 6.40190588E-04	 5.15172503E-04	-1.09162577E-03	-4.32197142E-07	-1.46257693E-06	-4.25894214E-06	-1.08297750E-05	-2.16255138E-05	-3.52482371E-05	-4.04613316E-05	 1.34859378E-04	 5.79224272E-04	-4.52202639E-04
 8.760000E-01	-1.01901922E-05	-1.60433424E-05	-2.48209564E-05	-3.64510955E-05	-4.14680604E-05	-2.47359379E-05	 1.07272225E-04	 6.26263463E-04	 5.09831806E-04	-1.05021882E-03	-3.90567576E-07	-1.38666580E-06	-4.13595161E-06	-1.06321591E-05	-2.13617739E-05	-3.50085471E-05	-4.07490291E-05	 1.31032792E-04	 5.67336053E-04	-4.37210182E-04
 8.770000E-01	-9.81705612E-06	-1.55903531E-05	-2.43771229E-05	-3.60923381E-05	-4.15599260E-05	-2.60813328E-05	 1.02706574E-04	 6.13004545E-04	 5.04797725E-04	-1.01167424E-03	-3.49559566E-07	-1.31151296E-06	-4.01405787E-06	-1.04378288E-05	-2.11051482E-05	-3.47761610E-05	-4.10220521E-05	 1.27325424E-04	 5.55755539E-04	-4.22708356E-04
 8.780000E-01	-9.45803725E-06	-1.51520604E-05	-2.39473878E-05	-3.57516366E-05	-4.16572528E-05	-2.73642129E-05	 9.83563740E-05	 6.00310894E-04	 4.99935439E-04	-9.75607011E-04	-3.09329220E-07	-1.23729297E-06	-3.89341165E-06	-1.02466807E-05	-2.08547892E-05	-3.45492988E-05	-4.12786355E-05	 1.23734711E-04	 5.44466904E-04	-4.08693824E-04
 8.790000E-01	-9.11256371E-06	-1.47278159E-05	-2.35302683E-05	-3.54244323E-05	-4.17526567E-05	-2.85817873E-05	 9.42059305E-05	 5.88096386E-04	 4.95143525E-04	-9.41683433E-04	-2.70015195E-07	-1.16414416E-06	-3.77410638E-06	-1.00585690E-05	-2.06098858E-05	-3.43264366E-05	-4.15174646E-05	 1.20257339E-04	 5.33454657E-04	-3.95158505E-04
 8.800000E-01	-8.77998875E-06	-1.43169009E-05	-2.31244425E-05	-3.51071060E-05	-4.18407272E-05	-2.97330703E-05	 9.02408265E-05	 5.76290988E-04	 4.90348683E-04	-9.09620457E-04	-2.31731607E-07	-1.09218000E-06	-3.65620982E-06	-9.87334012E-06	-2.03697058E-05	-3.41062543E-05	-4.17374593E-05	 1.16889643E-04	 5.22703880E-04	-3.82090999E-04
 8.810000E-01	-8.45961897E-06	-1.39185548E-05	-2.27287252E-05	-3.47968370E-05	-4.19177568E-05	-3.08186592E-05	 8.64476371E-05	 5.64839188E-04	 4.85502179E-04	-8.79182439E-04	-1.94569862E-07	-1.02150187E-06	-3.53978019E-06	-9.69082914E-06	-2.01335692E-05	-3.38875716E-05	-4.19377852E-05	 1.13627635E-04	 5.12200680E-04	-3.69477718E-04
 8.820000E-01	-8.15073953E-06	-1.35319686E-05	-2.23419802E-05	-3.44913860E-05	-4.19814300E-05	-3.18407054E-05	 8.28131343E-05	 5.53697622E-04	 4.80576566E-04	-8.50175610E-04	-1.58606471E-07	-9.52201068E-07	-3.42485542E-06	-9.51084132E-06	-1.99008174E-05	-3.36693501E-05	-4.21180340E-05	 1.10466916E-04	 5.01932654E-04	-3.57303593E-04
 8.830000E-01	-7.85264036E-06	-1.31562912E-05	-2.19630840E-05	-3.41889458E-05	-4.20305095E-05	-3.28026513E-05	 7.93240847E-05	 5.42832499E-04	 4.75560891E-04	-8.22441239E-04	-1.23906190E-07	-8.84351269E-07	-3.31143602E-06	-9.33314113E-06	-1.96708172E-05	-3.34507649E-05	-4.22783711E-05	 1.07402722E-04	 4.91889037E-04	-3.45552505E-04
 8.840000E-01	-7.56464508E-06	-1.27906685E-05	-2.15909342E-05	-3.38880085E-05	-4.20644561E-05	-3.37086965E-05	 7.59674689E-05	 5.32217002E-04	 4.70455222E-04	-7.95848719E-04	-9.05261484E-08	-8.18010268E-07	-3.19948502E-06	-9.15744832E-06	-1.94429396E-05	-3.32311653E-05	-4.24194720E-05	 1.04429924E-04	 4.82060286E-04	-3.34207504E-04
 8.850000E-01	-7.28614717E-06	-1.24343243E-05	-2.12245196E-05	-3.35872479E-05	-4.20829338E-05	-3.45629041E-05	 7.27310873E-05	 5.21828631E-04	 4.65265087E-04	-7.70289260E-04	-5.85193005E-08	-7.53243631E-07	-3.08898025E-06	-8.98347794E-06	-1.92165097E-05	-3.30098170E-05	-4.25419932E-05	 1.01543051E-04	 4.72436798E-04	-3.23250903E-04
 8.860000E-01	-7.01661709E-06	-1.20865997E-05	-2.08629743E-05	-3.32855107E-05	-4.20856462E-05	-3.53688140E-05	 6.96040470E-05	 5.11648258E-04	 4.59998181E-04	-7.45671888E-04	-2.79276681E-08	-6.90123961E-07	-2.97993304E-06	-8.81098290E-06	-1.89908675E-05	-3.27859174E-05	-4.26464009E-05	 9.87366998E-05	 4.63009055E-04	-3.12665040E-04
 8.870000E-01	-6.75559854E-06	-1.17469650E-05	-2.05056243E-05	-3.29818726E-05	-4.20723282E-05	-3.61292370E-05	 6.65773100E-05	 5.01659751E-04	 4.54661960E-04	-7.21920334E-04	 1.22464300E-09	-6.28718111E-07	-2.87238206E-06	-8.63977929E-06	-1.87654480E-05	-3.25587139E-05	-4.27329548E-05	 9.60059452E-05	 4.53767900E-04	-3.02432873E-04
 8.880000E-01	-6.50269780E-06	-1.14149994E-05	-2.01519855E-05	-3.26756770E-05	-4.20428176E-05	-3.68463050E-05	 6.36438796E-05	 4.91849783E-04	 4.49262459E-04	-6.98970520E-04	 2.89292110E-08	-5.69078568E-07	-2.76637691E-06	-8.46974643E-06	-1.85398179E-05	-3.23275852E-05	-4.28017605E-05	 9.33465289E-05	 4.44704608E-04	-2.92538232E-04
 8.890000E-01	-6.25757480E-06	-1.10903618E-05	-1.98017220E-05	-3.23665052E-05	-4.19970867E-05	-3.75216607E-05	 6.07984839E-05	 4.82207586E-04	 4.43804473E-04	-6.76768719E-04	 5.51853573E-08	-5.11246253E-07	-2.66197185E-06	-8.30081703E-06	-1.83136595E-05	-3.20920250E-05	-4.28527969E-05	 9.07548346E-05	 4.35810885E-04	-2.82965998E-04
 8.900000E-01	-6.01992726E-06	-1.07727632E-05	-1.94546071E-05	-3.20541526E-05	-4.19353040E-05	-3.81567216E-05	 5.80371529E-05	 4.72725074E-04	 4.38292576E-04	-6.55270714E-04	 7.99999298E-08	-4.55249228E-07	-2.55922072E-06	-8.13297199E-06	-1.80867736E-05	-3.18516719E-05	-4.28860160E-05	 8.82279562E-05	 4.27079376E-04	-2.73702608E-04
 8.910000E-01	-5.78947494E-06	-1.04619511E-05	-1.91105008E-05	-3.17386025E-05	-4.18578583E-05	-3.87528530E-05	 5.53569060E-05	 4.63396989E-04	 4.32732049E-04	-6.34441257E-04	 1.03391042E-07	-4.01099285E-07	-2.45817100E-06	-7.96623069E-06	-1.78590729E-05	-3.16063368E-05	-4.29014497E-05	 8.57637522E-05	 4.18504241E-04	-2.64736535E-04
 8.920000E-01	-5.56595732E-06	-1.01577302E-05	-1.87693890E-05	-3.14200423E-05	-4.17652921E-05	-3.93111597E-05	 5.27559847E-05	 4.54220619E-04	 4.27128592E-04	-6.14252947E-04	 1.25389975E-07	-3.48804162E-07	-2.35890036E-06	-7.80069800E-06	-1.76305918E-05	-3.13558892E-05	-4.28988669E-05	 8.33610457E-05	 4.10080686E-04	-2.56058385E-04
 8.930000E-01	-5.34908626E-06	-9.85986728E-06	-1.84312846E-05	-3.10989278E-05	-4.16587742E-05	-3.98335342E-05	 5.02329193E-05	 4.45197692E-04	 4.21491920E-04	-5.94687507E-04	 1.46053615E-07	-2.98330994E-07	-2.26145597E-06	-7.63654421E-06	-1.74016295E-05	-3.11006878E-05	-4.28784995E-05	 8.10200542E-05	 4.01807485E-04	-2.47662019E-04
 8.940000E-01	-5.13852234E-06	-9.56800911E-06	-1.80960734E-05	-3.07758464E-05	-4.15402105E-05	-4.03233804E-05	 4.77850978E-05	 4.36333951E-04	 4.15837986E-04	-5.75734295E-04	 1.65464806E-07	-2.49580726E-07	-2.16577719E-06	-7.47389527E-06	-1.71727154E-05	-3.08418239E-05	-4.28418716E-05	 7.87418008E-05	 3.93688214E-04	-2.39544010E-04
 8.950000E-01	-4.93392570E-06	-9.28175391E-06	-1.77635156E-05	-3.04512415E-05	-4.14115201E-05	-4.07845858E-05	 4.54087242E-05	 4.27634744E-04	 4.10184601E-04	-5.57383583E-04	 1.83710051E-07	-2.02428500E-07	-2.07173280E-06	-7.31277748E-06	-1.69443419E-05	-3.05805845E-05	-4.27912398E-05	 7.65267276E-05	 3.85727586E-04	-2.31700478E-04
 8.960000E-01	-4.73501410E-06	-9.00077431E-06	-1.74333715E-05	-3.01252941E-05	-4.12739418E-05	-4.12200900E-05	 4.30999052E-05	 4.19101399E-04	 4.04545501E-04	-5.39620800E-04	 2.00860447E-07	-1.56779777E-07	-1.97922090E-06	-7.15317040E-06	-1.67167773E-05	-3.03178107E-05	-4.27284034E-05	 7.43740014E-05	 3.77927196E-04	-2.24124654E-04
 8.970000E-01	-4.54156193E-06	-8.72483780E-06	-1.71054655E-05	-2.97980137E-05	-4.11280792E-05	-4.16317352E-05	 4.08552259E-05	 4.10731645E-04	 3.98929347E-04	-5.22426489E-04	 2.16975095E-07	-1.12573234E-07	-1.88819553E-06	-6.99506502E-06	-1.64901251E-05	-3.00538873E-05	-4.26544119E-05	 7.22818851E-05	 3.70285337E-04	-2.16807311E-04
 8.980000E-01	-4.35337367E-06	-8.45375296E-06	-1.67796326E-05	-2.94692847E-05	-4.09741832E-05	-4.20208697E-05	 3.86713223E-05	 4.02521178E-04	 3.93341891E-04	-5.05778526E-04	 2.32107621E-07	-6.97565165E-08	-1.79861889E-06	-6.83842862E-06	-1.62643840E-05	-2.97890198E-05	-4.25701095E-05	 7.02480052E-05	 3.62798916E-04	-2.09738001E-04
 8.990000E-01	-4.17031420E-06	-8.18743434E-06	-1.64557959E-05	-2.91388579E-05	-4.08118919E-05	-4.23876528E-05	 3.65456195E-05	 3.94462594E-04	 3.87783834E-04	-4.89651039E-04	 2.46296394E-07	-2.83140448E-08	-1.71051134E-06	-6.68324120E-06	-1.60393944E-05	-2.95229456E-05	-4.24755572E-05	 6.82693292E-05	 3.55461770E-04	-2.02904569E-04
 9.000000E-01	-3.99228914E-06	-7.92587232E-06	-1.61339730E-05	-2.88064996E-05	-4.06405867E-05	-4.27314859E-05	 3.44765394E-05	 3.86547520E-04	 3.82252302E-04	-4.74017285E-04	 2.59568380E-07	 1.17439815E-08	-1.62394106E-06	-6.52952562E-06	-1.58149657E-05	-2.92551353E-05	-4.23701980E-05	 6.63429408E-05	 3.48265969E-04	-1.96294664E-04
 9.010000E-01	-3.81920697E-06	-7.66906893E-06	-1.58142423E-05	-2.84721406E-05	-4.04598829E-05	-4.30518230E-05	 3.24632222E-05	 3.78769350E-04	 3.76744297E-04	-4.58853742E-04	 2.71952002E-07	 5.04113858E-08	-1.53898437E-06	-6.37735912E-06	-1.55910342E-05	-2.89851749E-05	-4.22533799E-05	 6.44667861E-05	 3.41204384E-04	-1.89897683E-04
 9.020000E-01	-3.65093778E-06	-7.41694860E-06	-1.54966338E-05	-2.81358817E-05	-4.02699743E-05	-4.33490981E-05	 3.05045055E-05	 3.71124961E-04	 3.71260621E-04	-4.44142923E-04	 2.83488015E-07	 8.77225498E-08	-1.45565201E-06	-6.22680865E-06	-1.53677128E-05	-2.87131448E-05	-4.21251964E-05	 6.26397034E-05	 3.34273332E-04	-1.83705863E-04
 9.030000E-01	-3.48734125E-06	-7.16940873E-06	-1.51811510E-05	-2.77978498E-05	-4.00711995E-05	-4.36240611E-05	 2.85989815E-05	 3.63612342E-04	 3.65804046E-04	-4.29870445E-04	 2.94221326E-07	 1.23728835E-07	-1.37392260E-06	-6.07792040E-06	-1.51451441E-05	-2.84393026E-05	-4.19860794E-05	 6.08606574E-05	 3.27470702E-04	-1.77712602E-04
 9.040000E-01	-3.32828561E-06	-6.92635441E-06	-1.48677955E-05	-2.74581394E-05	-3.98638149E-05	-4.38773614E-05	 2.67452158E-05	 3.56229271E-04	 3.60377412E-04	-4.16022754E-04	 3.04193857E-07	 1.58480229E-07	-1.29377062E-06	-5.93072604E-06	-1.49234342E-05	-2.81638775E-05	-4.18364661E-05	 5.91284451E-05	 3.20794487E-04	-1.71911416E-04
 9.050000E-01	-3.17365575E-06	-6.68771507E-06	-1.45565861E-05	-2.71168239E-05	-3.96479729E-05	-4.41094182E-05	 2.49419577E-05	 3.48973111E-04	 3.54982668E-04	-4.02586332E-04	 3.13441984E-07	 1.92016534E-07	-1.21518174E-06	-5.78525580E-06	-1.47026610E-05	-2.78870075E-05	-4.16766598E-05	 5.74417922E-05	 3.14242194E-04	-1.66295721E-04
 9.060000E-01	-3.02334738E-06	-6.45343402E-06	-1.42475518E-05	-2.67739900E-05	-3.94238323E-05	-4.43205834E-05	 2.31881245E-05	 3.41841342E-04	 3.49621189E-04	-3.89548139E-04	 3.21998181E-07	 2.24371751E-07	-1.13814503E-06	-5.64153838E-06	-1.44829137E-05	-2.76088135E-05	-4.15069354E-05	 5.57995539E-05	 3.07811198E-04	-1.60859159E-04
 9.070000E-01	-2.87726097E-06	-6.22345761E-06	-1.39407247E-05	-2.64297410E-05	-3.91915877E-05	-4.45112270E-05	 2.14827191E-05	 3.34831696E-04	 3.44294177E-04	-3.76895840E-04	 3.29892814E-07	 2.55578526E-07	-1.06264699E-06	-5.49959832E-06	-1.42642911E-05	-2.73294348E-05	-4.13275987E-05	 5.42006920E-05	 3.01498992E-04	-1.55595687E-04
 9.080000E-01	-2.73529685E-06	-5.99772513E-06	-1.36361295E-05	-2.60841791E-05	-3.89514459E-05	-4.46817712E-05	 1.98247136E-05	 3.27942019E-04	 3.39002954E-04	-3.64617726E-04	 3.37154754E-07	 2.85671720E-07	-9.88666701E-07	-5.35945121E-06	-1.40468787E-05	-2.70490352E-05	-4.11390045E-05	 5.26441379E-05	 2.95303277E-04	-1.50499486E-04
 9.090000E-01	-2.59735530E-06	-5.77616838E-06	-1.33337816E-05	-2.57373913E-05	-3.87035924E-05	-4.48326619E-05	 1.82130188E-05	 3.21170097E-04	 3.33748936E-04	-3.52702500E-04	 3.43811006E-07	 3.14687599E-07	-9.16177584E-07	-5.22110285E-06	-1.38307323E-05	-2.67677825E-05	-4.09415315E-05	 5.11287083E-05	 2.89221885E-04	-1.45564844E-04
 9.100000E-01	-2.46334075E-06	-5.55872161E-06	-1.30336952E-05	-2.53894576E-05	-3.84481988E-05	-4.49643302E-05	 1.66465545E-05	 3.14513700E-04	 3.28533435E-04	-3.41139229E-04	 3.49886501E-07	 3.42660366E-07	-8.45152769E-07	-5.08455299E-06	-1.36158922E-05	-2.64858336E-05	-4.07355602E-05	 4.96531902E-05	 2.83252669E-04	-1.40786189E-04
 9.110000E-01	-2.33316558E-06	-5.34533235E-06	-1.27358944E-05	-2.50404681E-05	-3.81854459E-05	-4.50771656E-05	 1.51243378E-05	 3.07970723E-04	 3.23357470E-04	-3.29917396E-04	 3.55404442E-07	 3.69618641E-07	-7.75570580E-07	-4.94979987E-06	-1.34024060E-05	-2.62033290E-05	-4.05214637E-05	 4.82164627E-05	 2.77393457E-04	-1.36158174E-04
 9.120000E-01	-2.20674957E-06	-5.13596126E-06	-1.24404136E-05	-2.46905271E-05	-3.79155337E-05	-4.51715256E-05	 1.36454900E-05	 3.01539221E-04	 3.18221798E-04	-3.19026922E-04	 3.60386868E-07	 3.95586014E-07	-7.07414366E-07	-4.81684159E-06	-1.31903338E-05	-2.59203972E-05	-4.02996095E-05	 4.68175202E-05	 2.71642061E-04	-1.31675699E-04
 9.130000E-01	-2.08401521E-06	-4.93056876E-06	-1.21472847E-05	-2.43397369E-05	-3.76386638E-05	-4.52477748E-05	 1.22091483E-05	 2.95217292E-04	 3.13127108E-04	-3.08458077E-04	 3.64854236E-07	 4.20584977E-07	-6.40666150E-07	-4.68567099E-06	-1.29797250E-05	-2.56371646E-05	-4.00703700E-05	 4.54553588E-05	 2.65996344E-04	-1.27333828E-04
 9.140000E-01	-1.96488431E-06	-4.72910351E-06	-1.18565242E-05	-2.39881800E-05	-3.73550185E-05	-4.53063146E-05	 1.08143850E-05	 2.89002958E-04	 3.08074184E-04	-2.98201381E-04	 3.68824876E-07	 4.44640337E-07	-5.75301321E-07	-4.55627176E-06	-1.27705985E-05	-2.53537612E-05	-3.98341254E-05	 4.41288763E-05	 2.60454246E-04	-1.23127713E-04
 9.150000E-01	-1.84927954E-06	-4.53150678E-06	-1.15681373E-05	-2.36359211E-05	-3.70647596E-05	-4.53475654E-05	 9.46022819E-06	 2.82894178E-04	 3.03063848E-04	-2.88247600E-04	 3.72314931E-07	 4.67777698E-07	-5.11290849E-07	-4.42861928E-06	-1.25629459E-05	-2.50703125E-05	-3.95912578E-05	 4.28368956E-05	 2.55013770E-04	-1.19052605E-04
 9.160000E-01	-1.73712887E-06	-4.33772900E-06	-1.12821353E-05	-2.32830274E-05	-3.67680460E-05	-4.53719133E-05	 8.14576377E-06	 2.76888979E-04	 2.98096759E-04	-2.78587823E-04	 3.75339824E-07	 4.90019064E-07	-4.48610051E-07	-4.30268875E-06	-1.23567592E-05	-2.47869251E-05	-3.93421315E-05	 4.15782966E-05	 2.49672911E-04	-1.15103951E-04
 9.170000E-01	-1.62836768E-06	-4.14773988E-06	-1.09985484E-05	-2.29295845E-05	-3.64650479E-05	-4.53796812E-05	 6.87020180E-06	 2.70985543E-04	 2.93173292E-04	-2.69213513E-04	 3.77915272E-07	 5.11380364E-07	-3.87243400E-07	-4.17845945E-06	-1.21520474E-05	-2.45036795E-05	-3.90870844E-05	 4.03520956E-05	 2.44429626E-04	-1.11277448E-04
 9.180000E-01	-1.52293505E-06	-3.96151757E-06	-1.07174146E-05	-2.25756873E-05	-3.61559433E-05	-4.53711659E-05	 5.63281829E-06	 2.65182144E-04	 2.88293672E-04	-2.60116445E-04	 3.80057100E-07	 5.31874820E-07	-3.27179471E-07	-4.05591239E-06	-1.19488255E-05	-2.42206427E-05	-3.88264360E-05	 3.91573828E-05	 2.39281872E-04	-1.07568990E-04
 9.190000E-01	-1.42076896E-06	-3.77902963E-06	-1.04387595E-05	-2.22214171E-05	-3.58409016E-05	-4.53467006E-05	 4.43283843E-06	 2.59477000E-04	 2.83458187E-04	-2.51288573E-04	 3.81779407E-07	 5.51518086E-07	-2.68400572E-07	-3.93502117E-06	-1.17470869E-05	-2.39378854E-05	-3.85605075E-05	 3.79931875E-05	 2.34227662E-04	-1.03974556E-04
 9.200000E-01	-1.32180507E-06	-3.60022667E-06	-1.01625871E-05	-2.18668316E-05	-3.55200746E-05	-4.53066719E-05	 3.26939382E-06	 2.53868219E-04	 2.78667260E-04	-2.42721976E-04	 3.83093922E-07	 5.70329741E-07	-2.10880022E-07	-3.81575004E-06	-1.15467941E-05	-2.36554852E-05	-3.82896253E-05	 3.68584364E-05	 2.29265084E-04	-1.00490182E-04
 9.210000E-01	-1.22598125E-06	-3.42505930E-06	-9.88889898E-06	-2.15119806E-05	-3.51936024E-05	-4.52514581E-05	 2.14161663E-06	 2.48353898E-04	 2.73921267E-04	-2.34408948E-04	 3.84011119E-07	 5.88328695E-07	-1.54590522E-07	-3.69805991E-06	-1.13478988E-05	-2.33735077E-05	-3.80141007E-05	 3.57520550E-05	 2.24392244E-04	-9.71120315E-05
 9.220000E-01	-1.13324154E-06	-3.25349758E-06	-9.61771694E-06	-2.11569315E-05	-3.48616265E-05	-4.51813617E-05	 1.04875896E-06	 2.42932259E-04	 2.69220341E-04	-2.26342108E-04	 3.84542575E-07	 6.05528322E-07	-9.95151961E-08	-3.58191926E-06	-1.11503706E-05	-2.30919882E-05	-3.77342028E-05	 3.46731003E-05	 2.19607216E-04	-9.38365052E-05
 9.230000E-01	-1.04353507E-06	-3.08553015E-06	-9.34908402E-06	-2.08017718E-05	-3.45242951E-05	-4.50966139E-05	-9.80392119E-09	 2.37601660E-04	 2.64564378E-04	-2.18514398E-04	 3.84701173E-07	 6.21937074E-07	-4.56466645E-08	-3.46730372E-06	-1.09541974E-05	-2.28109346E-05	-3.74501609E-05	 3.36207619E-05	 2.14908044E-04	-9.06602299E-05
 9.240000E-01	-9.56810678E-07	-2.92114203E-06	-9.08303941E-06	-2.04465861E-05	-3.41817550E-05	-4.49974548E-05	-1.03469684E-06	 2.32360460E-04	 2.59953264E-04	-2.10918947E-04	 3.84499200E-07	 6.37564265E-07	 7.02412889E-09	-3.35418788E-06	-1.07593613E-05	-2.25303531E-05	-3.71621887E-05	 3.25942375E-05	 2.10292804E-04	-8.75799531E-05
 9.250000E-01	-8.73013750E-07	-2.76029702E-06	-8.81959650E-06	-2.00914335E-05	-3.38341400E-05	-4.48841941E-05	-2.02665173E-06	 2.27206900E-04	 2.55387040E-04	-2.03548953E-04	 3.83945984E-07	 6.52424321E-07	 5.85180702E-08	-3.24253523E-06	-1.05658133E-05	-2.22502646E-05	-3.68705093E-05	 3.15926218E-05	 2.05759651E-04	-8.45924479E-05
 9.260000E-01	-7.92088690E-07	-2.60294710E-06	-8.55875282E-06	-1.97363544E-05	-3.34815701E-05	-4.47571733E-05	-2.98645926E-06	 2.22139147E-04	 2.50865812E-04	-1.96397726E-04	 3.83048753E-07	 6.66534049E-07	 1.08862031E-07	-3.13230350E-06	-1.03734860E-05	-2.19706925E-05	-3.65753399E-05	 3.06149635E-05	 2.01306790E-04	-8.16945584E-05
 9.270000E-01	-7.13983067E-07	-2.44905645E-06	-8.30051966E-06	-1.93814011E-05	-3.31241646E-05	-4.46166775E-05	-3.91482785E-06	 2.17155457E-04	 2.46389515E-04	-1.89458835E-04	 3.81815511E-07	 6.79906881E-07	 1.58076157E-07	-3.02345559E-06	-1.01823238E-05	-2.16916366E-05	-3.62768637E-05	 2.96604074E-05	 1.96932410E-04	-7.88833121E-05
 9.280000E-01	-6.38648898E-07	-2.29861338E-06	-8.04493852E-06	-1.90266562E-05	-3.27620509E-05	-4.44628922E-05	-4.81230552E-06	 2.12254252E-04	 2.41957808E-04	-1.82726186E-04	 3.80257052E-07	 6.92550156E-07	 2.06166309E-07	-2.91596822E-06	-9.99230199E-06	-2.14130624E-05	-3.59752099E-05	 2.87282756E-05	 1.92634667E-04	-7.61559813E-05
 9.290000E-01	-5.66040813E-07	-2.15161439E-06	-7.79206061E-06	-1.86722092E-05	-3.23953519E-05	-4.42959630E-05	-5.67937461E-06	 2.07434013E-04	 2.37570254E-04	-1.76193915E-04	 3.78384326E-07	 7.04468828E-07	 2.53133618E-07	-2.80982266E-06	-9.80340113E-06	-2.11349209E-05	-3.56704723E-05	 2.78179516E-05	 1.88411727E-04	-7.35099832E-05
 9.300000E-01	-4.96115822E-07	-2.00804345E-06	-7.54191673E-06	-1.83181182E-05	-3.20241564E-05	-4.41160679E-05	-6.51658993E-06	 2.02693084E-04	 2.33226561E-04	-1.69856233E-04	 3.76204210E-07	 7.15669282E-07	 2.98985624E-07	-2.70499377E-06	-9.61557032E-06	-2.08571691E-05	-3.53627275E-05	 2.69287234E-05	 1.84261834E-04	-7.09427555E-05
 9.310000E-01	-4.28832190E-07	-1.86786726E-06	-7.29451096E-06	-1.79644044E-05	-3.16485204E-05	-4.39234350E-05	-7.32460798E-06	 1.98029659E-04	 2.28926598E-04	-1.63707389E-04	 3.73718952E-07	 7.26160579E-07	 3.43739533E-07	-2.60144601E-06	-9.42872315E-06	-2.05797748E-05	-3.50520489E-05	 2.60597644E-05	 1.80183307E-04	-6.84517314E-05
 9.320000E-01	-3.64140498E-07	-1.73104539E-06	-7.04984657E-06	-1.76111079E-05	-3.12685389E-05	-4.37183131E-05	-8.10406614E-06	 1.93442053E-04	 2.24670118E-04	-1.57741802E-04	 3.70933112E-07	 7.35954739E-07	 3.87414003E-07	-2.49914665E-06	-9.24279558E-06	-2.03027102E-05	-3.47385209E-05	 2.52103575E-05	 1.76174475E-04	-6.60344892E-05
 9.330000E-01	-3.01972959E-07	-1.59753662E-06	-6.80794895E-06	-1.72583422E-05	-3.08844204E-05	-4.35009596E-05	-8.85547262E-06	 1.88928952E-04	 2.20456522E-04	-1.51954185E-04	 3.67860461E-07	 7.45068609E-07	 4.30024306E-07	-2.39807560E-06	-9.05779822E-06	-2.00259542E-05	-3.44222599E-05	 2.43800894E-05	 1.72233613E-04	-6.36888760E-05
 9.340000E-01	-2.42253846E-07	-1.46730470E-06	-6.56886096E-06	-1.69062628E-05	-3.04964272E-05	-4.32716086E-05	-9.57922645E-06	 1.84489266E-04	 2.16284991E-04	-1.46339522E-04	 3.64519895E-07	 7.53519690E-07	 4.71579778E-07	-2.29822445E-06	-8.87378568E-06	-1.97494812E-05	-3.41033753E-05	 2.35687400E-05	 1.68358987E-04	-6.14129432E-05
 9.350000E-01	-1.84932991E-07	-1.34033316E-06	-6.33262290E-06	-1.65549610E-05	-3.01046861E-05	-4.30303872E-05	-1.02757223E-05	 1.80121618E-04	 2.12154895E-04	-1.40892928E-04	 3.60921156E-07	 7.61314268E-07	 5.12081062E-07	-2.19958384E-06	-8.69075035E-06	-1.94732274E-05	-3.37818723E-05	 2.27758979E-05	 1.64548950E-04	-5.92047144E-05
 9.360000E-01	-1.30007055E-07	-1.21663748E-06	-6.09926416E-06	-1.62044032E-05	-2.97090764E-05	-4.27772541E-05	-1.09454066E-05	 1.75824069E-04	 2.08065983E-04	-1.35609562E-04	 3.57056273E-07	 7.68439081E-07	 5.51515560E-07	-2.10213875E-06	-8.50856396E-06	-1.91970650E-05	-3.34575936E-05	 2.20007562E-05	 1.60801986E-04	-5.70620644E-05
 9.370000E-01	-7.74907804E-08	-1.09624731E-06	-5.86881428E-06	-1.58545126E-05	-2.93093832E-05	-4.25120902E-05	-1.15887213E-05	 1.71594502E-04	 2.04018104E-04	-1.30484698E-04	 3.52910646E-07	 7.74872988E-07	 5.89863621E-07	-2.00587472E-06	-8.32705647E-06	-1.89208389E-05	-3.31303123E-05	 2.12423883E-05	 1.57116636E-04	-5.49828642E-05
 9.380000E-01	-2.73700313E-08	-9.79174559E-07	-5.64131524E-06	-1.55052937E-05	-2.89055394E-05	-4.22348520E-05	-1.22060213E-05	 1.67431205E-04	 2.00010795E-04	-1.25513832E-04	 3.48480776E-07	 7.80605810E-07	 6.27108641E-07	-1.91078952E-06	-8.14613951E-06	-1.86444285E-05	-3.27998698E-05	 2.05001801E-05	 1.53491405E-04	-5.29652213E-05
 9.390000E-01	 2.04129706E-08	-8.65400065E-07	-5.41681978E-06	-1.51568659E-05	-2.84976964E-05	-4.19456325E-05	-1.27975627E-05	 1.63333025E-04	 1.96043200E-04	-1.20692712E-04	 3.43779405E-07	 7.85645200E-07	 6.63243272E-07	-1.81689363E-06	-7.96583840E-06	-1.83677728E-05	-3.24662216E-05	 1.97739303E-05	 1.49924744E-04	-5.10075267E-05
 9.400000E-01	 6.59290048E-08	-7.54889535E-07	-5.19537456E-06	-1.48093768E-05	-2.80860742E-05	-4.16445884E-05	-1.33635957E-05	 1.59298976E-04	 1.92114389E-04	-1.16017225E-04	 3.38823079E-07	 7.90004729E-07	 6.98265369E-07	-1.72420042E-06	-7.78621207E-06	-1.80908369E-05	-3.21293626E-05	 1.90635596E-05	 1.46415130E-04	-4.91082789E-05
 9.410000E-01	 1.09230878E-07	-6.47611970E-07	-4.97700723E-06	-1.44629201E-05	-2.76708150E-05	-4.13318603E-05	-1.39044480E-05	 1.55327859E-04	 1.88223627E-04	-1.11483280E-04	 3.33620000E-07	 7.93692101E-07	 7.32173780E-07	-1.63271563E-06	-7.60727570E-06	-1.78135777E-05	-3.17892595E-05	 1.83688288E-05	 1.42961128E-04	-4.72659102E-05
 9.420000E-01	 1.50350942E-07	-5.43546972E-07	-4.76173467E-06	-1.41175362E-05	-2.72519688E-05	-4.10075378E-05	-1.44204921E-05	 1.51418271E-04	 1.84370337E-04	-1.07086836E-04	 3.28170142E-07	 7.96706901E-07	 7.64963500E-07	-1.54244110E-06	-7.42900057E-06	-1.75359313E-05	-3.14458315E-05	 1.76893499E-05	 1.39561373E-04	-4.54788026E-05
 9.430000E-01	 1.89315518E-07	-4.42687579E-07	-4.54958794E-06	-1.37732638E-05	-2.68295521E-05	-4.06716359E-05	-1.49120179E-05	 1.47568815E-04	 1.80553897E-04	-1.02824035E-04	 3.22473545E-07	 7.99044796E-07	 7.96620661E-07	-1.45338757E-06	-7.25135670E-06	-1.72578173E-05	-3.10989494E-05	 1.70247518E-05	 1.36214527E-04	-4.37454053E-05
 9.440000E-01	 2.26154767E-07	-3.45039854E-07	-4.34062581E-06	-1.34301720E-05	-2.64035872E-05	-4.03240900E-05	-1.53791611E-05	 1.43778238E-04	 1.76773529E-04	-9.86912829E-05	 3.16535334E-07	 8.00700302E-07	 8.27119899E-07	-1.36558276E-06	-7.07433940E-06	-1.69791431E-05	-3.07484356E-05	 1.63747826E-05	 1.32919255E-04	-4.20643052E-05
 9.450000E-01	 2.60902209E-07	-2.50613210E-07	-4.13491883E-06	-1.30883490E-05	-2.59741108E-05	-3.99648103E-05	-1.58219831E-05	 1.40045383E-04	 1.73028390E-04	-9.46851568E-05	 3.10363671E-07	 8.01668758E-07	 8.56431647E-07	-1.27906370E-06	-6.89796227E-06	-1.66998192E-05	-3.03940984E-05	 1.57392606E-05	 1.29674242E-04	-4.04341711E-05
 9.460000E-01	 2.93590787E-07	-1.59408067E-07	-3.93252314E-06	-1.27478757E-05	-2.55411715E-05	-3.95937544E-05	-1.62406027E-05	 1.36369095E-04	 1.69317697E-04	-9.08022695E-05	 3.03964889E-07	 8.01946965E-07	 8.84531671E-07	-1.19386342E-06	-6.72223912E-06	-1.64197732E-05	-3.00357756E-05	 1.51179879E-05	 1.26478224E-04	-3.88536702E-05
 9.470000E-01	 3.24250882E-07	-7.14147768E-08	-3.73347560E-06	-1.24088169E-05	-2.51048237E-05	-3.92109353E-05	-1.66352219E-05	 1.32748187E-04	 1.65640756E-04	-8.70392362E-05	 2.97342505E-07	 8.01533163E-07	 9.11402629E-07	-1.11000837E-06	-6.54717932E-06	-1.61389505E-05	-2.96733418E-05	 1.45107286E-05	 1.23329986E-04	-3.73214491E-05
 9.480000E-01	 3.52911152E-07	 1.33743464E-08	-3.53781463E-06	-1.20712373E-05	-2.46651165E-05	-3.88163532E-05	-1.70060205E-05	 1.29181494E-04	 1.61996863E-04	-8.33927799E-05	 2.90500002E-07	 8.00425111E-07	 9.37025678E-07	-1.02752745E-06	-6.37279438E-06	-1.58572988E-05	-2.93066654E-05	 1.39172559E-05	 1.20228344E-04	-3.58361879E-05
 9.490000E-01	 3.79600190E-07	 9.49543415E-08	-3.34560100E-06	-1.17352182E-05	-2.42220885E-05	-3.84099349E-05	-1.73530542E-05	 1.25667928E-04	 1.58385234E-04	-7.98598274E-05	 2.83444323E-07	 7.98619246E-07	 9.61372485E-07	-9.46463136E-07	-6.19910878E-06	-1.55747566E-05	-2.89355680E-05	 1.33374044E-05	 1.17172126E-04	-3.43966529E-05
 9.500000E-01	 4.04347459E-07	 1.73312122E-07	-3.15691187E-06	-1.14008569E-05	-2.37757768E-05	-3.79915583E-05	-1.76762859E-05	 1.22206477E-04	 1.54805032E-04	-7.64374764E-05	 2.76185079E-07	 7.96111622E-07	 9.84408780E-07	-8.66867224E-07	-6.02615763E-06	-1.52912597E-05	-2.85598422E-05	 1.27710523E-05	 1.14160182E-04	-3.30016741E-05
 9.510000E-01	 4.27182035E-07	 2.48437246E-07	-2.97182084E-06	-1.10682517E-05	-2.33262267E-05	-3.75611175E-05	-1.79756917E-05	 1.18796146E-04	 1.51255446E-04	-7.31228831E-05	 2.68731956E-07	 7.92899459E-07	 1.00610187E-06	-7.88792455E-07	-5.85398161E-06	-1.50067543E-05	-2.81792935E-05	 1.22180791E-05	 1.11191394E-04	-3.16500945E-05
 9.520000E-01	 4.48132092E-07	 3.20328230E-07	-2.79038607E-06	-1.07374923E-05	-2.28734969E-05	-3.71185581E-05	-1.82513206E-05	 1.15435931E-04	 1.47735740E-04	-6.99132046E-05	 2.61092730E-07	 7.88981967E-07	 1.02642630E-06	-7.12284124E-07	-5.68261978E-06	-1.47212031E-05	-2.77937693E-05	 1.16783309E-05	 1.08264684E-04	-3.03407344E-05
 9.530000E-01	 4.67224696E-07	 3.88984900E-07	-2.61266283E-06	-1.04086670E-05	-2.24176486E-05	-3.66638343E-05	-1.85032291E-05	 1.12124837E-04	 1.44245192E-04	-6.68056564E-05	 2.53275171E-07	 7.84359096E-07	 1.04535750E-06	-6.37388340E-07	-5.51211457E-06	-1.44345759E-05	-2.74031244E-05	 1.11516544E-05	 1.05379004E-04	-2.90724320E-05
 9.540000E-01	 4.84488241E-07	 4.54401619E-07	-2.43871907E-06	-1.00818763E-05	-2.19587426E-05	-3.61968643E-05	-1.87313945E-05	 1.08861934E-04	 1.40783045E-04	-6.37975985E-05	 2.45289360E-07	 7.79031457E-07	 1.06286775E-06	-5.64156805E-07	-5.34251485E-06	-1.41468442E-05	-2.70071929E-05	 1.06379250E-05	 1.02533319E-04	-2.78440735E-05
 9.550000E-01	 4.99952180E-07	 5.16565634E-07	-2.26863807E-06	-9.75723512E-06	-2.14968379E-05	-3.57175223E-05	-1.89357055E-05	 1.05646353E-04	 1.37348494E-04	-6.08865350E-05	 2.37148222E-07	 7.72999747E-07	 1.07892352E-06	-4.92651209E-07	-5.17387954E-06	-1.38579777E-05	-2.66057760E-05	 1.01370601E-05	 9.97266103E-05	-2.66546076E-05
 9.560000E-01	 5.13647168E-07	 5.75465277E-07	-2.10250449E-06	-9.43486503E-06	-2.10320041E-05	-3.52256876E-05	-1.91160403E-05	 1.02477260E-04	 1.33940753E-04	-5.80700412E-05	 2.28865470E-07	 7.66266470E-07	 1.09349356E-06	-4.22932408E-07	-5.00627167E-06	-1.35679547E-05	-2.61986859E-05	 9.64897510E-06	 9.69578824E-05	-2.55029930E-05
 9.570000E-01	 5.25602341E-07	 6.31092949E-07	-1.94039448E-06	-9.11488330E-06	-2.05643185E-05	-3.47212675E-05	-1.92723266E-05	 9.93538096E-05	 1.30559081E-04	-5.53456972E-05	 2.20453818E-07	 7.58834894E-07	 1.10654965E-06	-3.55058837E-07	-4.83975628E-06	-1.32767605E-05	-2.57857574E-05	 9.17356813E-06	 9.42261658E-05	-2.43881859E-05
 9.580000E-01	 5.35847307E-07	 6.83444793E-07	-1.78237952E-06	-8.79740797E-06	-2.00938694E-05	-3.42041905E-05	-1.94045141E-05	 9.62751698E-05	 1.27202772E-04	-5.27111197E-05	 2.11925807E-07	 7.50710400E-07	 1.11806841E-06	-2.89084063E-07	-4.67439884E-06	-1.29843905E-05	-2.53668492E-05	 8.71071907E-06	 9.15305158E-05	-2.33091381E-05
 9.590000E-01	 5.44412326E-07	 7.32514702E-07	-1.62853715E-06	-8.48256302E-06	-1.96207452E-05	-3.36743675E-05	-1.95125066E-05	 9.32405442E-05	 1.23871097E-04	-5.01640169E-05	 2.03295299E-07	 7.41898691E-07	 1.12802385E-06	-2.25066759E-07	-4.51026950E-06	-1.26908412E-05	-2.49418012E-05	 8.26033116E-06	 8.88699981E-05	-2.22648466E-05
 9.600000E-01	 5.51331131E-07	 7.78294967E-07	-1.47895479E-06	-8.17048620E-06	-1.91450426E-05	-3.31316905E-05	-1.95961382E-05	 9.02492004E-05	 1.20563307E-04	-4.77022180E-05	 1.94578634E-07	 7.32407931E-07	 1.13639024E-06	-1.63068027E-07	-4.34744315E-06	-1.23961170E-05	-2.45104405E-05	 7.82232857E-06	 8.62436931E-05	-2.12543461E-05
 9.610000E-01	 5.56637758E-07	 8.20776896E-07	-1.33372299E-06	-7.86131999E-06	-1.86668615E-05	-3.25760437E-05	-1.96552221E-05	 8.73004292E-05	 1.17278653E-04	-4.53236162E-05	 1.85792784E-07	 7.22246299E-07	 1.14314014E-06	-1.03152460E-07	-4.18599898E-06	-1.21002218E-05	-2.40725845E-05	 7.39664855E-06	 8.36506931E-05	-2.02767059E-05
 9.620000E-01	 5.60366884E-07	 8.59954788E-07	-1.19292894E-06	-7.55521022E-06	-1.81863147E-05	-3.20073306E-05	-1.96896001E-05	 8.43935308E-05	 1.14016422E-04	-4.30261300E-05	 1.76954755E-07	 7.11424195E-07	 1.14825117E-06	-4.53793342E-08	-4.02601761E-06	-1.18031670E-05	-2.36280767E-05	 6.98320563E-06	 8.10901127E-05	-1.93309860E-05
 9.630000E-01	 5.62551908E-07	 8.95824183E-07	-1.05665602E-06	-7.25230074E-06	-1.77035181E-05	-3.14254643E-05	-1.96991376E-05	 8.15277989E-05	 1.10775924E-04	-4.08076946E-05	 1.68080672E-07	 6.99951479E-07	 1.15170120E-06	 1.01926166E-08	-3.86758073E-06	-1.15049619E-05	-2.31767663E-05	 6.58190782E-06	 7.85610778E-05	-1.84162617E-05
 9.640000E-01	 5.63229059E-07	 9.28382784E-07	-9.24989741E-07	-6.95274291E-06	-1.72185989E-05	-3.08303620E-05	-1.96836746E-05	 7.87025653E-05	 1.07556474E-04	-3.86663164E-05	 1.59188061E-07	 6.87841028E-07	 1.15347159E-06	 6.35068108E-08	-3.71077174E-06	-1.12056258E-05	-2.27185068E-05	 6.19266480E-06	 7.60627290E-05	-1.75316246E-05
 9.650000E-01	 5.62436474E-07	 9.57628694E-07	-7.98019111E-07	-6.65669268E-06	-1.67316870E-05	-3.02219308E-05	-1.96430033E-05	 7.59171986E-05	 1.04357360E-04	-3.66000826E-05	 1.50295131E-07	 6.75105850E-07	 1.15354172E-06	 1.14502778E-07	-3.55567558E-06	-1.09051798E-05	-2.22531290E-05	 5.81541289E-06	 7.35942110E-05	-1.66762162E-05
 9.660000E-01	 5.60215288E-07	 9.83561646E-07	-6.75836386E-07	-6.36431520E-06	-1.62429244E-05	-2.96000791E-05	-1.95768899E-05	 7.31711064E-05	 1.01177879E-04	-3.46071508E-05	 1.41421740E-07	 6.61761941E-07	 1.15189403E-06	 1.63121394E-07	-3.40238011E-06	-1.06036535E-05	-2.17804664E-05	 5.45009135E-06	 7.11546832E-05	-1.58491956E-05
 9.670000E-01	 5.56605640E-07	 1.00618132E-06	-5.58532477E-07	-6.07577621E-06	-1.57524560E-05	-2.89647160E-05	-1.94851139E-05	 7.04636932E-05	 9.80173415E-05	-3.26857011E-05	 1.32586749E-07	 6.47823901E-07	 1.14850989E-06	 2.09303288E-07	-3.25097457E-06	-1.03010698E-05	-2.13003514E-05	 5.09663690E-06	 6.87433121E-05	-1.50497429E-05
 9.680000E-01	 5.51648497E-07	 1.02548840E-06	-4.46198460E-07	-5.79124721E-06	-1.52604373E-05	-2.83157582E-05	-1.93674685E-05	 6.77943735E-05	 9.48750803E-05	-3.08339441E-05	 1.23809777E-07	 6.33308440E-07	 1.14337405E-06	 2.52992248E-07	-3.10155116E-06	-9.99745440E-06	-2.08126322E-05	 4.75497169E-06	 6.63592794E-05	-1.42770378E-05
 9.690000E-01	 5.45385442E-07	 1.04148563E-06	-3.38923377E-07	-5.51089944E-06	-1.47670272E-05	-2.76531258E-05	-1.92237382E-05	 6.51625738E-05	 9.17504284E-05	-2.90501310E-05	 1.15109610E-07	 6.18231576E-07	 1.13647081E-06	 2.94132005E-07	-2.95420096E-06	-9.69283190E-06	-2.03171477E-05	 4.42502634E-06	 6.40017710E-05	-1.35302921E-05
 9.700000E-01	 5.37861822E-07	 1.05417952E-06	-2.36797225E-07	-5.23491030E-06	-1.42723960E-05	-2.69767459E-05	-1.90536737E-05	 6.25677612E-05	 8.86427153E-05	-2.73325844E-05	 1.06506842E-07	 6.02612879E-07	 1.12778791E-06	 3.32667121E-07	-2.80901624E-06	-9.38723940E-06	-1.98137332E-05	 4.10674282E-06	 6.16699847E-05	-1.28087430E-05
 9.710000E-01	 5.29124427E-07	 1.06357911E-06	-1.39908569E-07	-4.96345841E-06	-1.37767186E-05	-2.62865477E-05	-1.88570069E-05	 6.00094227E-05	 8.55512649E-05	-2.56796766E-05	 9.80213685E-08	 5.86471409E-07	 1.11731283E-06	 3.68542025E-07	-2.66608807E-06	-9.08071415E-06	-1.93022123E-05	 3.80007544E-06	 5.93631224E-05	-1.21116625E-05
 9.720000E-01	 5.19221053E-07	 1.06969298E-06	-4.83490074E-08	-4.69672983E-06	-1.32801784E-05	-2.55824571E-05	-1.86334660E-05	 5.74870589E-05	 8.24754126E-05	-2.40898202E-05	 8.96743911E-08	 5.69827904E-07	 1.10503420E-06	 4.01700989E-07	-2.52551240E-06	-8.77329326E-06	-1.87824108E-05	 3.50497531E-06	 5.70803972E-05	-1.14383339E-05
 9.730000E-01	 5.08199056E-07	 1.07252937E-06	 3.77898823E-08	-4.43491360E-06	-1.27829633E-05	-2.48643963E-05	-1.83827860E-05	 5.50001713E-05	 7.94145032E-05	-2.25614535E-05	 8.14859228E-08	 5.52701516E-07	 1.09093969E-06	 4.32089080E-07	-2.38738649E-06	-8.46500563E-06	-1.82541529E-05	 3.22139065E-06	 5.48210280E-05	-1.07880584E-05
 9.740000E-01	 4.96107256E-07	 1.07209800E-06	 1.18415847E-07	-4.17820314E-06	-1.22852688E-05	-2.41322906E-05	-1.81046888E-05	 5.25482830E-05	 7.63678819E-05	-2.10930600E-05	 7.34771133E-08	 5.35113289E-07	 1.07501826E-06	 4.59650868E-07	-2.25181092E-06	-8.15588404E-06	-1.77172602E-05	 2.94927788E-06	 5.25842417E-05	-1.01601583E-05
 9.750000E-01	 4.82997029E-07	 1.06841424E-06	 1.93441374E-07	-3.92679163E-06	-1.17872999E-05	-2.33860797E-05	-1.77988752E-05	 5.01309511E-05	 7.33348863E-05	-1.96831785E-05	 6.56682534E-08	 5.17084984E-07	 1.05726129E-06	 4.84333562E-07	-2.11888331E-06	-7.84596923E-06	-1.71715489E-05	 2.68861053E-06	 5.03692718E-05	-9.55398942E-06
 9.760000E-01	 4.68921533E-07	 1.06149602E-06	 2.62779580E-07	-3.68087468E-06	-1.12892678E-05	-2.26257074E-05	-1.74650235E-05	 4.77477608E-05	 7.03148448E-05	-1.83303997E-05	 5.80806185E-08	 4.98639970E-07	 1.03766091E-06	 5.06082768E-07	-1.98870365E-06	-7.53530726E-06	-1.66168254E-05	 2.43938038E-06	 4.81753577E-05	-8.96893872E-06
 9.770000E-01	 4.53935321E-07	 1.05136220E-06	 3.26342479E-07	-3.44065423E-06	-1.07913933E-05	-2.18511158E-05	-1.71028018E-05	 4.53983182E-05	 6.73070900E-05	-1.70333591E-05	 5.07351505E-08	 4.79801648E-07	 1.01621001E-06	 5.24845541E-07	-1.86137429E-06	-7.22394267E-06	-1.60528962E-05	 2.20158347E-06	 4.60017478E-05	-8.40441182E-06
 9.780000E-01	 4.38092338E-07	 1.03802879E-06	 3.84037725E-07	-3.20633826E-06	-1.02938996E-05	-2.10622323E-05	-1.67118716E-05	 4.30822330E-05	 6.43109529E-05	-1.57907233E-05	 4.36534144E-08	 4.60592616E-07	 9.92898157E-07	 5.40564622E-07	-1.73700444E-06	-6.91191052E-06	-1.54795556E-05	 1.97522364E-06	 4.38476939E-05	-7.85983697E-06
 9.790000E-01	 4.21448854E-07	 1.02151512E-06	 4.35774204E-07	-2.97813976E-06	-9.79702183E-06	-2.02589918E-05	-1.62918854E-05	 4.07991344E-05	 6.13257769E-05	-1.46011998E-05	 3.68569963E-08	 4.41037031E-07	 9.67718129E-07	 5.53185892E-07	-1.61570429E-06	-6.59925199E-06	-1.48966017E-05	 1.76030215E-06	 4.17124616E-05	-7.33465169E-06
 9.800000E-01	 4.04061451E-07	 1.00184452E-06	 4.81466800E-07	-2.75626605E-06	-9.30099577E-06	-1.94413387E-05	-1.58424891E-05	 3.85486476E-05	 5.83509044E-05	-1.34635212E-05	 3.03668644E-08	 4.21158627E-07	 9.40662217E-07	 5.62653402E-07	-1.49758223E-06	-6.28601130E-06	-1.43038144E-05	 1.55682889E-06	 3.95953189E-05	-6.82832128E-06
 9.810000E-01	 3.85990304E-07	 9.79046485E-07	 5.21034317E-07	-2.54092781E-06	-8.80607112E-06	-1.86092329E-05	-1.53633157E-05	 3.63304190E-05	 5.53856943E-05	-1.23764651E-05	 2.42046549E-08	 4.00984558E-07	 9.11728800E-07	 5.68915695E-07	-1.38274603E-06	-5.97224787E-06	-1.37009792E-05	 1.36480702E-06	 3.74955519E-05	-6.34031458E-06
 9.820000E-01	 3.67294050E-07	 9.53149370E-07	 5.54395942E-07	-2.33233527E-06	-8.31249517E-06	-1.77626196E-05	-1.48539914E-05	 3.41440745E-05	 5.24295040E-05	-1.13388259E-05	 1.83909647E-08	 3.80538940E-07	 8.80911530E-07	 5.71916206E-07	-1.27130648E-06	-5.65800951E-06	-1.30878543E-05	 1.18424283E-06	 3.54124453E-05	-5.87012606E-06
 9.830000E-01	 3.48034383E-07	 9.24181568E-07	 5.81464727E-07	-2.13071412E-06	-7.82053244E-06	-1.69014348E-05	-1.43141236E-05	 3.19892599E-05	 4.94817113E-05	-1.03494454E-05	 1.29486867E-08	 3.59849612E-07	 8.48207691E-07	 5.71599589E-07	-1.16338365E-06	-5.34334983E-06	-1.24642034E-05	 1.01513010E-06	 3.33453040E-05	-5.41724220E-06
 9.840000E-01	 3.28271211E-07	 8.92171292E-07	 6.02156110E-07	-1.93628616E-06	-7.33044543E-06	-1.60256105E-05	-1.37433096E-05	 2.98656310E-05	 4.65416702E-05	-9.40719097E-06	 7.89859677E-09	 3.38940301E-07	 8.13608567E-07	 5.67906050E-07	-1.05909891E-06	-5.02831142E-06	-1.18297673E-05	 8.57493161E-07	 3.12934248E-05	-4.98119465E-06
 9.850000E-01	 3.08069813E-07	 8.57152609E-07	 6.16385540E-07	-1.74928151E-06	-6.84251833E-06	-1.51351086E-05	-1.31411180E-05	 2.77729377E-05	 4.36087204E-05	-8.51101221E-06	 3.26448686E-09	 3.17841693E-07	 7.77113027E-07	 5.60780473E-07	-9.58578515E-07	-4.71296269E-06	-1.11843143E-05	 7.11393251E-07	 2.92561241E-05	-4.56153622E-06
 9.860000E-01	 2.87494062E-07	 8.19162572E-07	 6.24076316E-07	-1.56991904E-06	-6.35703271E-06	-1.42299082E-05	-1.25071052E-05	 2.57109777E-05	 4.06821545E-05	-7.65989957E-06	-9.33238968E-10	 2.96579592E-07	 7.38714222E-07	 5.50165382E-07	-8.61944708E-07	-4.39736677E-06	-1.05275975E-05	 5.76954179E-07	 2.72327048E-05	-4.15789010E-06
 9.870000E-01	 2.66613593E-07	 7.78240633E-07	 6.25145318E-07	-1.39843339E-06	-5.87429630E-06	-1.33100095E-05	-1.18407896E-05	 2.36796601E-05	 3.77612475E-05	-6.85293866E-06	-4.66935936E-09	 2.75187816E-07	 6.98411599E-07	 5.36006017E-07	-7.69331719E-07	-4.08161140E-06	-9.85940070E-06	 4.54345193E-07	 2.52224924E-05	-3.76990132E-06
 9.880000E-01	 2.45495736E-07	 7.34425285E-07	 6.19512011E-07	-1.23505370E-06	-5.39461628E-06	-1.23754130E-05	-1.11416753E-05	 2.16789304E-05	 3.48452324E-05	-6.08924943E-06	-7.92258439E-09	 2.53693316E-07	 6.56195287E-07	 5.18243485E-07	-6.80874550E-07	-3.76576862E-06	-9.17948581E-06	 3.43792733E-07	 2.32247971E-05	-3.39728163E-06
 9.890000E-01	 2.24212442E-07	 6.87756604E-07	 6.07088566E-07	-1.08002843E-06	-4.91832289E-06	-1.14261185E-05	-1.04092345E-05	 1.97087658E-05	 3.19333734E-05	-5.36801062E-06	-1.06659766E-08	 2.32131747E-07	 6.12063327E-07	 4.96819144E-07	-5.96721532E-07	-3.44993359E-06	-8.48762552E-06	 2.45507583E-07	 2.12389615E-05	-3.03972025E-06
 9.900000E-01	 2.02831287E-07	 6.38276725E-07	 5.87796915E-07	-9.33596472E-07	-4.44573400E-06	-1.04621018E-05	-9.64294741E-06	 1.77690339E-05	 2.90249730E-05	-4.68836514E-06	-1.28784977E-08	 2.10530314E-07	 5.66008441E-07	 4.71668875E-07	-5.17013453E-07	-3.13418132E-06	-7.78353465E-06	 1.59650930E-07	 1.92643248E-05	-2.69690701E-06
 9.910000E-01	 1.81424464E-07	 5.86030195E-07	 5.61553023E-07	-7.96017863E-07	-3.97718101E-06	-9.48331040E-06	-8.84228382E-06	 1.58595299E-05	 2.61194218E-05	-4.04946359E-06	-1.45322675E-08	 1.88925334E-07	 5.18033533E-07	 4.42725663E-07	-4.41903246E-07	-2.81860296E-06	-7.06691818E-06	 8.62904390E-08	 1.73002694E-05	-2.36845740E-06
 9.920000E-01	 1.60064165E-07	 5.31062959E-07	 5.28275841E-07	-6.67552791E-07	-3.51296972E-06	-8.48962191E-06	-8.00676881E-06	 1.39798443E-05	 2.32162012E-05	-3.45035859E-06	-1.56034661E-08	 1.67344940E-07	 4.68134099E-07	 4.09912613E-07	-3.71540327E-07	-2.50323874E-06	-6.33742068E-06	 2.53722754E-08	 1.53461808E-05	-2.05393536E-06
 9.930000E-01	 1.38830437E-07	 4.73421171E-07	 4.87870619E-07	-5.48490351E-07	-3.05341284E-06	-7.48085610E-06	-7.13594129E-06	 1.21294668E-05	 2.03148819E-05	-2.89007836E-06	-1.60588783E-08	 1.45827259E-07	 4.16311763E-07	 3.73147009E-07	-3.06093010E-07	-2.18812269E-06	-5.59468439E-06	-2.32670966E-08	 1.34014815E-05	-1.75281104E-06
 9.940000E-01	 1.17798652E-07	 4.13153882E-07	 4.40252838E-07	-4.39105934E-07	-2.59883928E-06	-6.45687708E-06	-6.22928279E-06	 1.03080186E-05	 1.74149239E-05	-2.36772928E-06	-1.58736587E-08	 1.24402885E-07	 3.62561687E-07	 3.32349036E-07	-2.45726190E-07	-1.87329640E-06	-4.83833555E-06	-5.96658155E-08	 1.14655574E-05	-1.46466461E-06
 9.950000E-01	 9.70409504E-08	 3.50313251E-07	 3.85343672E-07	-3.39672086E-07	-2.14965652E-06	-5.41770576E-06	-5.28610368E-06	 8.51558721E-06	 1.45155777E-05	-1.88270601E-06	-1.50213020E-08	 1.03111720E-07	 3.06887473E-07	 2.87454683E-07	-1.90618915E-07	-1.55890775E-06	-4.06806692E-06	-8.35563718E-08	 9.53778709E-06	-1.18926475E-06
 9.960000E-01	 7.66244850E-08	 2.84960265E-07	 3.23089079E-07	-2.50430715E-07	-1.70630943E-06	-4.36349920E-06	-4.30566155E-06	 6.75255709E-06	 1.16159605E-05	-1.43456178E-06	-1.34847645E-08	 8.19879309E-08	 2.49291867E-07	 2.38414900E-07	-1.40942646E-07	-1.24515036E-06	-3.28360942E-06	-9.44423117E-08	 7.61753072E-06	-9.26555996E-07
 9.970000E-01	 5.66247590E-08	 2.17166104E-07	 2.53447679E-07	-1.71618887E-07	-1.26924948E-06	-3.29445210E-06	-3.28730573E-06	 5.01931661E-06	 8.71527166E-06	-1.02284037E-06	-1.12398910E-08	 6.10742954E-08	 1.89788678E-07	 1.85189781E-07	-9.68733852E-08	-9.32228739E-07	-2.48476236E-06	-9.18581465E-08	 5.70419933E-06	-6.76446816E-07
 9.980000E-01	 3.71251113E-08	 1.47012078E-07	 1.76394086E-07	-1.03461112E-07	-8.38896541E-07	-2.21073190E-06	-2.23052770E-06	 3.31606573E-06	 5.81280484E-06	-6.46946164E-07	-8.26341654E-09	 4.04092003E-08	 1.28391603E-07	 1.27739426E-07	-5.85778505E-08	-6.20295280E-07	-1.67133000E-06	-7.54535130E-08	 3.79720841E-06	-4.38783009E-07
 9.990000E-01	 1.82187958E-08	 7.45890990E-08	 9.19085587E-08	-4.61890018E-08	-4.15675643E-07	-1.11250869E-06	-1.13487795E-06	 1.64293786E-06	 2.90791383E-06	-3.06235912E-07	-4.52565601E-09	 2.00370570E-08	 6.51208617E-08	 6.60215278E-08	-2.62311818E-08	-3.09500669E-07	-8.43132504E-07	-4.49302592E-08	 1.89599377E-06	-2.13366060E-07
 1.000000E+00	 0.00000000E+00	 0.00000000E+00	 0.00000000E+00	 0.00000000E+00	 0.00000000E+00	 0.00000000E+00	 0.00000000E+00	 0.00000000E+00	 0.00000000E+00	 0.00000000E+00	 0.00000000E+00	 0.00000000E+00	 0.00000000E+00	 0.00000000E+00	 0.00000000E+00	 0.00000000E+00	 0.00000000E+00	 0.00000000E+00	 0.00000000E+00	 0.00000000E+00
