r	R  6/ 3	R  7/ 3	R  8/ 3	R  9/ 3	R 10/ 3	R 11/ 3	R 12/ 3	R 13/ 3	R 14/ 3	R 15/ 3	I  6/ 3	I  7/ 3	I  8/ 3	I  9/ 3	I 10/ 3	I 11/ 3	I 12/ 3	I 13/ 3	I 14/ 3	I 15/ 3
 0.000000E+00	 0.00000000E+00	 0.00000000E+00	 0.00000000E+00	 0.00000000E+00	 0.00000000E+00	 0.00000000E+00	 0.00000000E+00	 0.00000000E+00	 0.00000000E+00	 0.00000000E+00	 0.00000000E+00	 0.00000000E+00	 0.00000000E+00	 0.00000000E+00	 0.00000000E+00	 0.00000000E+00	 0.00000000E+00	 0.00000000E+00	 0.00000000E+00	 0.00000000E+00
 1.000000E-03	-2.66266749E-13	-8.67919380E-14	 1.43105954E-13	-1.06000896E-14	-2.58623058E-15	-2.59393603E-15	-1.28190599E-15	-1.44572265E-15	-9.48738379E-17	-5.10382240E-17	-5.47067698E-13	 7.86843100E-14	 3.64626700E-13	 1.05253622E-14	 4.64061586E-16	 3.50467248E-15	 6.19012251E-15	 1.40918269E-15	 7.51369234E-17	 1.74885078E-16
 2.000000E-03	-9.98019464E-12	-7.96951818E-13	 2.06797494E-12	-1.88544786E-13	 1.78824441E-14	 1.19572580E-14	 1.12904538E-15	-2.84314739E-15	-4.43515699E-16	-1.58129576E-16	-2.03492622E-11	 5.04932660E-14	 4.89637760E-12	 3.59399481E-13	-7.38519811E-14	 4.22077609E-15	 1.49161058E-14	 2.53434057E-16	-1.10245859E-15	-2.81443448E-16
 3.000000E-03	-9.66165079E-11	-6.36330027E-12	 1.01665375E-11	-4.78157694E-13	 2.12991827E-14	 1.66942450E-13	 3.56738541E-14	-4.32118525E-15	 2.26949078E-15	-4.56510194E-16	-1.97376448E-10	-5.45203449E-12	 2.36150428E-11	 2.35280144E-12	-2.57789279E-13	-2.52651842E-15	 6.97338418E-14	 2.98573428E-15	 4.34014479E-15	-4.17821340E-16
 4.000000E-03	-5.07167133E-10	-3.78122954E-11	 3.02004537E-11	-9.62224263E-14	-2.01586246E-13	 8.48136521E-13	 1.61396250E-13	 2.64669102E-15	 1.30936343E-14	-3.53593613E-16	-1.03974380E-09	-4.60844410E-11	 7.28601757E-11	 8.88356246E-12	-6.51045603E-14	 6.00437630E-16	 2.87197389E-13	 2.30319197E-14	 2.68484306E-14	 5.68381622E-16
 5.000000E-03	-1.86559447E-09	-1.64903849E-10	 6.47856602E-11	 2.69454307E-12	-8.71594510E-13	 2.77571389E-12	 4.79715582E-13	 3.25840556E-14	 3.90466597E-14	 1.38234488E-15	-3.84132826E-09	-2.22598238E-10	 1.74218919E-10	 2.52822994E-11	 2.02092314E-12	-4.98240713E-14	 8.40688190E-13	 8.07013826E-14	 8.11057824E-14	 4.39689303E-15
 6.000000E-03	-5.44096074E-09	-5.65648630E-10	 1.02687067E-10	 1.02937216E-11	-1.83963269E-12	 6.93515624E-12	 1.14177928E-12	 1.08617187E-13	 9.03411016E-14	 6.97887819E-15	-1.12603679E-08	-7.95140230E-10	 3.51842374E-10	 6.01249469E-11	 8.95037106E-12	-3.84723411E-13	 1.95450409E-12	 2.08085933E-13	 1.87034605E-13	 1.38630133E-14
 7.000000E-03	-1.34782605E-08	-1.62141405E-09	 9.76196895E-11	 2.41674476E-11	-2.19359511E-12	 1.44912931E-11	 2.36635354E-12	 2.66135715E-13	 1.81964291E-13	 1.99099491E-14	-2.80577171E-08	-2.32676826E-09	 6.26939599E-10	 1.25994422E-10	 2.54222180E-11	-1.40300498E-12	 3.90872970E-12	 4.52819534E-13	 3.70416268E-13	 3.30027748E-14
 8.000000E-03	-2.95819411E-08	-4.05468020E-09	-6.88306291E-11	 4.08604703E-11	-1.04063582E-13	 2.67649491E-11	 4.47323293E-12	 5.56806850E-13	 3.35777232E-13	 4.51697427E-14	-6.19904381E-08	-5.89577890E-09	 1.00777769E-09	 2.40241621E-10	 5.83231131E-11	-3.62554348E-12	 7.04562946E-12	 8.82433963E-13	 6.63386161E-13	 6.73152932E-14
 9.000000E-03	-5.91401817E-08	-9.11532751E-09	-6.46545831E-10	 4.40749717E-11	 6.85103045E-12	 4.52912817E-11	 7.93283679E-12	 1.05314334E-12	 5.83244226E-13	 8.95979248E-14	-1.24855373E-07	-1.33902788E-08	 1.47300397E-09	 4.25737524E-10	 1.17614454E-10	-7.66375096E-12	 1.17714054E-11	 1.59017736E-12	 1.10476712E-12	 1.24069526E-13
 1.000000E-02	-1.09776242E-07	-1.88199551E-08	-2.10572561E-09	-9.29458836E-12	 2.05736994E-11	 7.19594222E-11	 1.34323829E-11	 1.85365133E-12	 9.68879858E-13	 1.62300499E-13	-2.33676251E-07	-2.78982147E-08	 1.94551808E-09	 7.11525362E-10	 2.18066070E-10	-1.42609522E-11	 1.85502254E-11	 2.70303493E-12	 1.74019069E-12	 2.12698646E-13
 1.100000E-02	-1.91811599E-07	-3.62471576E-08	-5.26323397E-09	-2.11943819E-10	 4.00685643E-11	 1.09240522E-10	 2.19602538E-11	 3.08838512E-12	 1.55453219E-12	 2.75135890E-13	-4.12026746E-07	-5.42057937E-08	 2.25344873E-09	 1.13317237E-09	 3.82340345E-10	-2.44725325E-11	 2.78891508E-11	 4.39271477E-12	 2.62196867E-12	 3.45330055E-13
 1.200000E-02	-3.18724186E-07	-6.58899407E-08	-1.14550013E-08	-7.41264523E-10	 5.70796205E-11	 1.60533948E-10	 3.49116445E-11	 4.92441981E-12	 2.42460028E-12	 4.43352939E-13	-6.91480682E-07	-9.94168657E-08	 2.07402664E-09	 1.73247116E-09	 6.46094791E-10	-4.00783156E-11	 4.03130515E-11	 6.89051985E-12	 3.80870943E-12	 5.37459274E-13
 1.300000E-02	-5.07583863E-07	-1.14064556E-07	-2.27634358E-08	-1.91107138E-09	 4.87121452E-11	 2.30693741E-10	 5.42197032E-11	 7.57056926E-12	 3.69237164E-12	 6.86235770E-13	-1.11317935E-06	-1.73705388E-07	 8.55289269E-10	 2.55593202E-09	 1.06598902E-09	-6.43694644E-11	 5.63283380E-11	 1.05070656E-11	 5.36470337E-12	 8.08826507E-13
 1.400000E-02	-7.79446288E-07	-1.89372990E-07	-4.23089954E-08	-4.24508262E-09	-3.43594981E-11	 3.26839030E-10	 8.25173712E-11	 1.12801682E-11	 5.50756179E-12	 1.02795169E-12	-1.72950450E-06	-2.91212536E-07	-2.29039577E-09	 3.65122176E-09	 1.73174073E-09	-1.03522256E-10	 7.63736230E-11	 1.56579017E-11	 7.35910107E-12	 1.18457271E-12
 1.500000E-02	-1.15968561E-06	-3.03214198E-07	-7.46150541E-08	-8.57816034E-09	-2.85937488E-10	 4.59605119E-10	 1.23335764E-10	 1.63506345E-11	 8.06529233E-12	 1.49829075E-12	-2.60584432E-06	-4.71099349E-07	-8.72803892E-09	 5.06032624E-09	 2.78366166E-09	-1.68862324E-10	 1.00754317E-10	 2.28959450E-11	 9.86502296E-12	 1.69667366E-12
 1.600000E-02	-1.67824599E-06	-4.70336892E-07	-1.26054948E-07	-1.61922108E-08	-8.70958169E-10	 6.45060944E-10	 1.81345965E-10	 2.31176150E-11	 1.16165182E-11	 2.13362702E-12	-3.82243808E-06	-7.38764987E-07	-2.04851377E-08	 6.80772847E-09	 4.43740813E-09	-2.80436268E-10	 1.29556664E-10	 3.29513817E-11	 1.29585941E-11	 2.38590213E-12
 1.700000E-02	-2.36979164E-06	-7.09424407E-07	-2.05389590E-07	-2.89945461E-08	-2.06372684E-09	 9.07607763E-10	 2.62651869E-10	 3.19415266E-11	 1.64801214E-11	 2.97766289E-12	-5.47628376E-06	-1.12723972E-06	-4.04895456E-08	 8.88128681E-09	 7.01798934E-09	-4.72444123E-10	 1.62534371E-10	 4.67792915E-11	 1.67182550E-11	 3.30416337E-12
 1.800000E-02	-3.27373537E-06	-1.04369976E-06	-3.24403283E-07	-4.97474005E-08	-4.30139571E-09	 1.28428922E-09	 3.75143454E-10	 4.31828422E-11	 2.30566020E-11	 4.08230423E-12	-7.68309145E-06	-1.67876067E-06	-7.28707055E-08	 1.12027559E-08	 1.10053799E-08	-8.01247172E-10	 1.98958272E-10	 6.56142434E-11	 2.12242115E-11	 4.51765704E-12
 1.900000E-02	-4.43412572E-06	-1.50153668E-06	-4.98644337E-07	-8.23581508E-08	-8.25715083E-09	 1.83108836E-09	 5.28921424E-10	 5.71625453E-11	 3.18434091E-11	 5.50829199E-12	-1.05792637E-05	-2.44653694E-06	-1.23336137E-07	 1.35840019E-08	 1.70943642E-08	-1.35685211E-09	 2.37414922E-10	 9.10304183E-11	 2.65586380E-11	 6.11064685E-12
 2.000000E-02	-5.89937363E-06	-2.11705984E-06	-7.48275785E-07	-1.32240600E-07	-1.49384768E-08	 2.63196986E-09	 7.36807194E-10	 7.41022410E-11	 4.34518290E-11	 7.32570135E-12	-1.43238821E-05	-3.49670941E-06	-1.99636371E-07	 1.56639132E-08	 2.62714849E-08	-2.27898402E-09	 2.75535611E-10	 1.25003548E-10	 3.28062878E-11	 8.19018367E-12
 2.100000E-02	-7.72180065E-06	-2.93071562E-06	-1.09903987E-06	-2.06758413E-07	-2.58168738E-08	 3.81165053E-09	 1.01495560E-09	 9.40383058E-11	 5.86250308E-11	 9.61426083E-12	-1.91006792E-05	-4.91050872E-06	-3.12132800E-07	 1.68197826E-08	 3.99121508E-08	-3.77909685E-09	 3.09629511E-10	 1.69969740E-10	 4.00562260E-11	 1.08920598E-11
 2.200000E-02	-9.95699215E-06	-3.98979184E-06	-1.58333817E-06	-3.15762410E-07	-4.29965000E-08	 5.55335756E-09	 1.38359240E-09	 1.16702374E-10	 7.82573042E-11	 1.24631638E-11	-2.51199704E-05	-6.78661303E-06	-4.74484189E-07	 1.60455378E-08	 5.99010545E-08	-6.16992371E-09	 3.34188637E-10	 2.28872365E-10	 4.84041607E-11	 1.43873364E-11
 2.300000E-02	-1.26629395E-05	-5.34886330E-06	-2.24142683E-06	-4.72233932E-07	-6.94304318E-08	 8.12315943E-09	 1.86790546E-09	 1.41359739E-10	 1.03413303E-10	 1.59707057E-11	-3.26205234E-05	-9.24370505E-06	-7.04468761E-07	 1.17875951E-08	 8.87790718E-08	-9.90444560E-09	 3.41220629E-10	 3.05185637E-10	 5.79557250E-11	 1.88913972E-11
 2.400000E-02	-1.58989580E-05	-7.07013735E-06	-3.12272415E-06	-6.93046793E-07	-1.09194524E-07	 1.19028438E-08	 2.49912568E-09	 1.66595904E-10	 1.35347520E-10	 2.02431952E-11	-4.18713354E-05	-1.24232256E-05	-1.02495989E-06	 1.72733663E-09	 1.29919672E-07	-1.56264439E-08	 3.19357160E-10	 4.02898021E-10	 6.88301863E-11	 2.46723360E-11
 2.500000E-02	-1.97243700E-05	-9.22367243E-06	-4.28722473E-06	-9.99860517E-07	-1.67830231E-07	 1.74337757E-08	 3.31584543E-09	 1.90039406E-10	 1.75521796E-10	 2.53933006E-11	-5.31732937E-05	-1.64923180E-05	-1.46507428E-06	-1.75027721E-08	 1.87737579E-07	-2.42350948E-08	 2.52671475E-10	 5.26433312E-10	 8.11636446E-11	 3.20639688E-11
 2.600000E-02	-2.41969439E-05	-1.18874405E-05	-5.80701161E-06	-1.42015740E-06	-2.52769217E-07	 2.54747014E-08	 4.36563288E-09	 2.08009230E-10	 2.25621066E-10	 3.15381052E-11	-6.68606883E-05	-2.16469556E-05	-2.06151246E-06	-5.06845758E-08	 2.67931967E-07	-3.69663536E-08	 1.19127080E-10	 6.80480903E-10	 9.51114286E-11	 4.14760046E-11
 2.700000E-02	-2.93710828E-05	-1.51472027E-05	-7.76785405E-06	-1.98843566E-06	-3.73854059E-07	 3.70770736E-08	 5.70701948E-09	 2.15071578E-10	 2.87564359E-10	 3.87953376E-11	-8.33025465E-05	-2.81152407E-05	-2.86011163E-06	-1.04478644E-07	 3.77765752E-07	-5.54941526E-08	-1.11435215E-10	 8.69696012E-10	 1.10846449E-10	 5.34113478E-11
 2.800000E-02	-3.52957608E-05	-1.90961674E-05	-1.02708757E-05	-2.74757018E-06	-5.43970931E-07	 5.36821727E-08	 7.41195280E-09	 2.03493139E-10	 3.63510430E-10	 4.72810780E-11	-1.02903761E-04	-3.61608603E-05	-3.91763162E-06	-1.88007745E-07	 5.26381658E-07	-8.20546919E-08	-4.79879416E-10	 1.09822510E-09	 1.28553150E-10	 6.84779708E-11
 2.900000E-02	-4.20122064E-05	-2.38343964E-05	-1.34342733E-05	-3.75035143E-06	-7.79811634E-07	 7.72450893E-08	 9.56883494E-09	 1.62573583E-10	 4.55855341E-10	 5.71029768E-11	-1.26105973E-04	-4.60866815E-05	-5.30379426E-06	-3.13582110E-07	 7.25154455E-07	-1.19597303E-07	-1.04104553E-09	 1.36899205E-09	 1.48410776E-10	 8.74097518E-11
 3.000000E-02	-4.95513376E-05	-2.94679294E-05	-1.73950627E-05	-5.06121177E-06	-1.10278385E-06	 1.10391509E-07	 1.22862860E-08	 7.78444120E-11	 5.67218728E-10	 6.83588260E-11	-1.53388192E-04	-5.82384640E-05	-7.10359627E-06	-4.97592048E-07	 9.88077292E-07	-1.71965509E-07	-1.86784538E-09	 1.68267770E-09	 1.70564437E-10	 1.11079984E-10
 3.100000E-02	-5.79309550E-05	-3.61075897E-05	-2.23108247E-05	-6.75814642E-06	-1.54008997E-06	 1.56614179E-07	 1.56978047E-08	-6.98817976E-11	 7.00419237E-10	 8.11260294E-11	-1.85267099E-04	-7.30086646E-05	-9.41991520E-06	-7.61596407E-07	 1.33217829E-06	-2.44111980E-07	-3.05632264E-09	 2.03629244E-09	 1.95074203E-10	 1.40523629E-10
 3.200000E-02	-6.71527044E-05	-4.38674411E-05	-2.83614180E-05	-8.93483442E-06	-2.12599683E-06	 2.20516951E-07	 1.99675516E-08	-3.05617954E-10	 8.58429562E-10	 9.54633528E-11	-2.22297022E-04	-9.08403060E-05	-1.23764265E-05	-1.13363848E-06	 1.77796174E-06	-3.42351234E-07	-4.73184828E-09	 2.42124523E-09	 2.21838200E-10	 1.76952112E-10
 3.300000E-02	-7.71988267E-05	-5.28628631E-05	-3.57506244E-05	-1.17029619E-05	-2.90331844E-06	 3.08115480E-07	 2.52974818E-08	-6.61475720E-10	 1.04431770E-09	 1.11396311E-10	-2.65069538E-04	-1.12230872E-04	-1.61208478E-05	-1.64982392E-06	 2.34986467E-06	-4.74653682E-07	-7.05658781E-09	 2.82076287E-09	 2.50474595E-10	 2.21772341E-10
 3.400000E-02	-8.80287138E-05	-6.32082139E-05	-4.47076837E-05	-1.51947469E-05	-3.92513630E-06	 4.27205013E-07	 3.19361328E-08	-1.17811100E-09	 1.26115611E-09	 1.28927610E-10	-3.14212671E-04	-1.37736197E-04	-2.08285245E-05	-2.35619834E-06	 3.07671747E-06	-6.50984310E-07	-1.02384232E-08	 3.20652476E-09	 2.80150807E-10	 2.76602011E-10
 3.500000E-02	-9.95752945E-05	-7.50140516E-05	-5.54886749E-05	-1.95656607E-05	-5.25678208E-06	 5.87806834E-07	 4.01894082E-08	-1.90633134E-09	 1.51191720E-09	 1.48018385E-10	-3.70389668E-04	-1.67974300E-04	-2.67063688E-05	-3.31096545E-06	 3.99219374E-06	-8.83688983E-07	-1.45414676E-08	 3.53430905E-09	 3.09348693E-10	 3.43278116E-10
 3.600000E-02	-1.11741278E-04	-8.83838863E-05	-6.83776927E-05	-2.49973372E-05	-6.97810805E-06	 8.02706380E-07	 5.04337513E-08	-2.90885232E-09	 1.79932483E-09	 1.68617729E-10	-4.34297298E-04	-2.03629125E-04	-3.39971594E-05	-4.58708927E-06	 5.13523075E-06	-1.18793080E-06	-2.02983235E-08	 3.73846219E-09	 3.35534492E-10	 4.23871397E-10
 3.700000E-02	-1.24395292E-04	-1.03410440E-04	-8.36877673E-05	-3.17006560E-05	-9.18607058E-06	 1.08809744E-06	 6.31321466E-08	-4.26216747E-09	 2.12569326E-09	 1.90637154E-10	-5.06663684E-04	-2.45454133E-04	-4.29842058E-05	-6.27532691E-06	 6.55039764E-06	-1.58217810E-06	-2.79241926E-08	 3.72491815E-09	 3.54728445E-10	 5.20675122E-10
 3.800000E-02	-1.37367944E-04	-1.20171393E-04	-1.01761468E-04	-3.99189783E-05	-1.19976521E-05	 1.46434837E-06	 7.88534706E-08	-6.05848902E-09	 2.49271302E-09	 2.14019696E-10	-5.88245608E-04	-2.94275684E-04	-5.39963780E-05	-8.48774095E-06	 8.28818401E-06	-2.08874466E-06	-3.79329262E-08	 3.36251562E-09	 3.60917071E-10	 6.36215936E-10
 3.900000E-02	-1.50447859E-04	-1.38724601E-04	-1.22971134E-04	-4.99315122E-05	-1.55531454E-05	 1.95690764E-06	 9.82957302E-08	-8.40768302E-09	 2.90122993E-09	 2.38701854E-10	-6.79825285E-04	-3.50996167E-04	-6.74134938E-05	-1.13617424E-05	 1.04051764E-05	-2.73438139E-06	-5.09550508E-08	 2.47225746E-09	 3.45311484E-10	 7.73210920E-10
 4.000000E-02	-1.63377731E-04	-1.59102768E-04	-1.47718656E-04	-6.20567700E-05	-2.00198237E-05	 2.59736763E-06	 1.22313826E-07	-1.14391029E-08	 3.35096935E-09	 2.64755531E-10	-7.82206593E-04	-4.16596792E-04	-8.36720537E-05	-1.50647171E-05	 1.29640852E-05	-3.55091701E-06	-6.77577258E-08	 8.14181301E-10	 2.95366573E-10	 9.34571084E-10
 4.100000E-02	-1.75850440E-04	-1.81307573E-04	-1.76434762E-04	-7.66560805E-05	-2.55960158E-05	 3.42470657E-06	 1.51952422E-07	-1.53031865E-08	 3.84027042E-09	 2.92328100E-10	-8.96210716E-04	-4.92139992E-04	-1.03271303E-04	-1.97992900E-05	 1.60335783E-05	-4.57594355E-06	-8.92665377E-08	-1.92861721E-09	 1.93565302E-10	 1.12331376E-09
 4.200000E-02	-1.87505290E-04	-2.05303240E-04	-2.09577710E-04	-9.41371026E-05	-3.25156101E-05	 4.48672977E-06	 1.88484884E-07	-2.01726050E-08	 4.36577528E-09	 3.21902190E-10	-1.02267120E-03	-5.78771344E-04	-1.26779593E-04	-2.58092802E-05	 1.96878764E-05	-5.85354122E-06	-1.16588973E-07	-6.16920354E-09	 1.58673493E-11	 1.34255539E-09
 4.300000E-02	-1.97924425E-04	-2.31009572E-04	-2.47631346E-04	-1.14957287E-04	-4.10529940E-05	 5.84173305E-06	 2.33458742E-07	-2.62427733E-08	 4.92214683E-09	 3.54207386E-10	-1.16242843E-03	-6.77720968E-04	-1.54841016E-04	-3.33864062E-05	 2.40060473E-05	-7.43503393E-06	-1.51039144E-07	-1.24398474E-08	-2.70209617E-10	 1.59535643E-09
 4.400000E-02	-2.06629486E-04	-2.58294456E-04	-2.91102435E-04	-1.39627217E-04	-5.15284444E-05	 7.56041250E-06	 2.88748685E-07	-3.37314508E-08	 5.50177722E-09	 3.90659069E-10	-1.31632359E-03	-7.90304312E-04	-1.88182269E-04	-4.28777912E-05	 2.90709428E-05	-9.37976279E-06	-1.94163413E-07	-2.14193534E-08	-7.07986419E-10	 1.88470593E-09
 4.500000E-02	-2.13078565E-04	-2.86965848E-04	-3.40517203E-04	-1.68713747E-04	-6.43139736E-05	 9.72804504E-06	 3.56617787E-07	-4.28770803E-08	 6.09457802E-09	 4.33250147E-10	-1.48519188E-03	-9.17922227E-04	-2.27619684E-04	-5.46943237E-05	 3.49677074E-05	-1.17558630E-05	-2.47766245E-07	-3.39653853E-08	-1.35451612E-09	 2.21326989E-09
 4.600000E-02	-2.16663532E-04	-3.16763285E-04	-3.96417016E-04	-2.02842852E-04	-7.98396275E-05	 1.24469647E-05	 4.39787890E-07	-5.39354108E-08	 6.68783497E-09	 4.85223300E-10	-1.66985537E-03	-1.06206028E-03	-2.74066385E-04	-6.93199208E-05	 4.17817863E-05	-1.46410258E-05	-3.13935544E-07	-5.11523219E-08	-2.28413493E-09	 2.58338212E-09
 4.700000E-02	-2.16707788E-04	-3.47348953E-04	-4.59353124E-04	-2.42702088E-04	-9.86002285E-05	 1.58393603E-05	 5.41519752E-07	-6.71739116E-08	 7.26621464E-09	 5.50965464E-10	-1.87111511E-03	-1.22428719E-03	-3.28539484E-04	-8.73217413E-05	 4.95963488E-05	-1.81232233E-05	-3.95066412E-07	-7.43155199E-08	-3.59268894E-09	 2.99666247E-09
 4.800000E-02	-2.12464533E-04	-3.78298354E-04	-5.29880416E-04	-2.89042550E-04	-1.21162544E-04	 2.00504197E-05	 6.65703924E-07	-8.28633418E-08	 7.81197402E-09	 6.36960045E-10	-2.08974282E-03	-1.40625234E-03	-3.92167236E-04	-1.09361389E-04	 5.84890416E-05	-2.23013683E-05	-4.93882248E-07	-1.05102535E-07	-5.40267014E-09	 3.45404617E-09
 4.900000E-02	-2.03115595E-04	-4.09090644E-04	-6.08550104E-04	-3.42680205E-04	-1.48172851E-04	 2.52518463E-05	 8.16962740E-07	-1.01265730E-07	 8.30541833E-09	 7.51739413E-10	-2.32647202E-03	-1.60968227E-03	-4.66196076E-04	-1.36207141E-04	 6.85279774E-05	-2.72858772E-05	-6.13451525E-07	-1.45532371E-07	-7.86919051E-09	 3.95522970E-09
 5.000000E-02	-1.87770917E-04	-4.39098693E-04	-6.95901304E-04	-4.04496456E-04	-1.80364857E-04	 3.16457696E-05	 1.00076410E-06	-1.22617931E-07	 8.72581520E-09	 9.07151184E-10	-2.58198875E-03	-1.83637604E-03	-5.51997415E-04	-1.68747218E-04	 7.97668590E-05	-3.31990967E-05	-7.57198799E-07	-1.98063302E-07	-1.11872288E-08	 4.49880111E-09
 5.100000E-02	-1.65468739E-04	-4.67578964E-04	-7.92451451E-04	-4.75437811E-04	-2.18567924E-04	 3.94690718E-05	 1.22354664E-06	-1.47109628E-07	 9.05268096E-09	 1.11842612E-09	-2.85692183E-03	-2.08819944E-03	-6.51074101E-04	-2.08004128E-04	 9.22391456E-05	-4.01755529E-05	-9.28907664E-07	-2.65670623E-07	-1.55997965E-08	 5.08146720E-09
 5.200000E-02	-1.35176582E-04	-4.93661296E-04	-8.98685538E-04	-5.56514481E-04	-2.63715592E-04	 4.89981487E-05	 1.49285908E-06	-1.74854468E-07	 9.26792091E-09	 1.40574101E-09	-3.15183286E-03	-2.36707800E-03	-7.65066427E-04	-2.55150084E-04	 1.05951166E-04	-4.83619849E-05	-1.13271422E-06	-3.51934551E-07	-2.14078369E-08	 5.69835723E-09
 5.300000E-02	-9.57930470E-05	-5.16338673E-04	-1.01504409E-03	-6.48797734E-04	-3.16854204E-04	 6.05541197E-05	 1.81751031E-06	-2.05852998E-07	 9.35848638E-09	 1.79446242E-09	-3.46720580E-03	-2.67498861E-03	-8.95757516E-04	-3.11523477E-04	 1.20874029E-04	-5.79171039E-05	-1.37308679E-06	-4.61139818E-07	-2.89813744E-08	 6.34202886E-09
 5.400000E-02	-4.61505324E-05	-5.34457097E-04	-1.14190988E-03	-7.53415806E-04	-3.79151618E-04	 7.45085042E-05	 2.20773177E-06	-2.39946434E-07	 9.32029946E-09	 2.31711733E-09	-3.80343631E-03	-3.01394973E-03	-1.04507795E-03	-3.78646382E-04	 1.36934236E-04	-6.90110075E-05	-1.65479062E-06	-5.98387305E-07	-3.87729451E-08	 7.00287335E-09
 5.500000E-02	 1.49810811E-05	-5.46705716E-04	-1.27959340E-03	-8.71548203E-04	-4.51905877E-04	 9.12893716E-05	 2.67535090E-06	-2.76758919E-07	 9.16308588E-09	 3.01397060E-09	-4.16082100E-03	-3.38601017E-03	-1.21510950E-03	-4.58243068E-04	 1.54002894E-04	-8.18241888E-05	-1.98283332E-06	-7.69718952E-07	-5.13321290E-08	 7.66792115E-09
 5.600000E-02	 8.88897324E-05	-5.51607315E-04	-1.42831709E-03	-1.00441817E-03	-5.36553703E-04	 1.11387967E-04	 3.23397474E-06	-3.15626713E-07	 8.91714609E-09	 3.93536244E-09	-4.53954653E-03	-3.79323638E-03	-1.40808781E-03	-5.52259428E-04	 1.71883416E-04	-9.65460686E-05	-2.36238818E-06	-9.82256499E-07	-6.73230345E-08	 8.32138791E-09
 5.700000E-02	 1.76915414E-04	-5.47509330E-04	-1.58819834E-03	-1.15328311E-03	-6.34678667E-04	 1.35365806E-04	 3.89918119E-06	-3.55511509E-07	 8.64155467E-09	 5.14261417E-09	-4.93967882E-03	-4.23769823E-03	-1.62640378E-03	-6.62883266E-04	 1.90297581E-04	-1.13372969E-04	-2.79869128E-06	-1.24435510E-06	-8.75430244E-08	 8.94345655E-09
 5.800000E-02	 2.80443303E-04	-5.32575538E-04	-1.75923126E-03	-1.31942277E-03	-7.48018839E-04	 1.63862231E-04	 4.68871664E-06	-3.94896075E-07	 8.43501718E-09	 6.71071256E-09	-5.36115237E-03	-4.72145314E-03	-1.87260359E-03	-7.92565324E-04	 2.08869877E-04	-1.32505441E-04	-3.29690864E-06	-1.56577240E-06	-1.12944987E-07	 9.51087915E-09
 5.900000E-02	 4.00895748E-04	-5.04778595E-04	-1.94126745E-03	-1.50412487E-03	-8.78473735E-04	 1.97602402E-04	 5.62269590E-06	-4.31658594E-07	 8.44905692E-09	 8.72954862E-09	-5.80375973E-03	-5.24652878E-03	-2.14938707E-03	-9.44040897E-04	 2.27110004E-04	-1.54144851E-04	-3.86196922E-06	-1.95785364E-06	-1.44660992E-07	 9.99600767E-09
 6.000000E-02	 5.39723103E-04	-4.61893599E-04	-2.13399562E-03	-1.70866808E-03	-1.02811030E-03	 2.37405689E-04	 6.72380027E-06	-4.62923513E-07	 8.90457397E-09	 1.13068355E-08	-6.26714144E-03	-5.81490398E-03	-2.45960429E-03	-1.12035190E-03	 2.44393475E-04	-1.78489108E-04	-4.49835922E-06	-2.43373368E-06	-1.84029792E-07	 1.03672102E-08
 6.100000E-02	 6.98393361E-04	-4.01492872E-04	-2.33692035E-03	-1.93430199E-03	-1.19916776E-03	 2.84194408E-04	 8.01746683E-06	-4.84884136E-07	 1.01122327E-08	 1.45695609E-08	-6.75077636E-03	-6.42848825E-03	-2.80625011E-03	-1.32486913E-03	 2.59940270E-04	-2.05727459E-04	-5.20987548E-06	-3.00855600E-06	-2.32625802E-07	 1.05885873E-08
 6.200000E-02	 8.78380573E-04	-3.20942199E-04	-2.54934003E-03	-2.18222392E-03	-1.39406123E-03	 3.39002856E-04	 9.53207650E-06	-4.92593103E-07	 1.24967471E-08	 1.86668390E-08	-7.25397260E-03	-7.08909960E-03	-3.19245652E-03	-1.56131454E-03	 2.72791503E-04	-2.36034262E-04	-5.99933152E-06	-3.69970756E-06	-2.92291704E-07	 1.06198973E-08
 6.300000E-02	 1.08115217E-03	-2.17398597E-04	-2.77032421E-03	-2.45355229E-03	-1.61538341E-03	 4.02986580E-04	 1.12991157E-05	-4.79716704E-07	 1.66263461E-08	 2.37717104E-08	-7.77585920E-03	-7.79844099E-03	-3.62148269E-03	-1.83378330E-03	 2.81783938E-04	-2.69561646E-04	-6.86820938E-06	-4.52707058E-06	-3.65174021E-07	 1.04169193E-08
 6.400000E-02	 1.30815513E-03	-8.78099281E-05	-2.99869045E-03	-2.74929646E-03	-1.86590420E-03	 4.77431792E-04	 1.33533158E-05	-4.38252010E-07	 2.32473574E-08	 3.00841926E-08	-8.31537877E-03	-8.55807533E-03	-4.09670235E-03	-2.14676536E-03	 2.85522382E-04	-3.06430833E-04	-7.81625719E-06	-5.51329040E-06	-4.53762883E-07	 9.93080988E-09
 6.500000E-02	 1.56080100E-03	 7.10834542E-05	-3.23298094E-03	-3.07032261E-03	-2.14856806E-03	 5.63764836E-04	 1.57327589E-05	-3.58199535E-07	 3.33264171E-08	 3.78334073E-08	-8.87128105E-03	-9.36939915E-03	-4.62158846E-03	-2.50516599E-03	 2.82350008E-04	-3.46722071E-04	-8.84102725E-06	-6.68405753E-06	-5.60933174E-07	 9.10959178E-09
 6.600000E-02	 1.84044986E-03	 2.62744811E-04	-3.47143913E-03	-3.41731566E-03	-2.46648861E-03	 6.63561580E-04	 1.84789405E-05	-2.27187238E-07	 4.80987435E-08	 4.72804512E-08	-9.44211764E-03	-1.02336150E-02	-5.19969491E-03	-2.91432509E-03	 2.70316621E-04	-3.90463044E-04	-9.93735113E-06	-8.06840341E-06	-6.89989469E-07	 7.89673378E-09
 6.700000E-02	 2.14839330E-03	 4.90834661E-04	-3.71198668E-03	-3.79073701E-03	-2.82294005E-03	 7.78556601E-04	 2.16367771E-05	-3.00392276E-08	 6.91271227E-08	 5.87200483E-08	-1.00262381E-02	-1.11517030E-02	-5.83463512E-03	-3.38003481E-03	 2.47144932E-04	-4.37615618E-04	-1.10967515E-05	-9.69900778E-06	-8.44712298E-07	 6.23389663E-09
 6.800000E-02	 2.48583644E-03	 7.59201754E-04	-3.95220086E-03	-4.19077788E-03	-3.22134484E-03	 9.10651967E-04	 2.52545464E-05	 2.51716373E-07	 9.83679348E-08	 7.24826470E-08	-1.06217873E-02	-1.21243910E-02	-6.53005740E-03	-3.90855484E-03	 2.10194987E-04	-4.88060767E-04	-1.23067885E-05	-1.16125163E-05	-1.02940706E-06	 4.05863351E-09
 6.900000E-02	 2.85387916E-03	 1.07187116E-03	-4.18929300E-03	-4.61730827E-03	-3.66525710E-03	 1.06192538E-03	 2.93837491E-05	 6.40409252E-07	 1.38251764E-07	 8.89344909E-08	-1.12267049E-02	-1.31521245E-02	-7.28961689E-03	-4.50662502E-03	 1.56427036E-04	-5.41581477E-04	-1.35503439E-05	-1.38498641E-05	-1.24895250E-06	 1.30857268E-09
 7.000000E-02	 3.25349656E-03	 1.43302927E-03	-4.42008810E-03	-5.06982144E-03	-4.15834093E-03	 1.23463725E-03	 3.40788314E-05	 1.16286443E-06	 1.91771122E-07	 1.08477213E-07	-1.18387256E-02	-1.42350359E-02	-8.11694404E-03	-5.18147423E-03	 8.23634840E-05	-5.97843370E-04	-1.48048323E-05	-1.64566084E-05	-1.50884841E-06	-2.08197559E-09
 7.100000E-02	 3.68551859E-03	 1.84700538E-03	-4.64100567E-03	-5.54737336E-03	-4.70434470E-03	 1.43123603E-03	 3.93966964E-05	 1.85113988E-06	 2.62587186E-07	 1.31542380E-07	-1.24553807E-02	-1.53729117E-02	-9.01560849E-03	-5.94082423E-03	-1.59493353E-05	-6.56373896E-04	-1.60414078E-05	-1.94832585E-05	-1.81525596E-06	-6.17716876E-09
 7.200000E-02	 4.15060911E-03	 2.31824993E-03	-4.84804244E-03	-6.04851765E-03	-5.30707654E-03	 1.65436285E-03	 4.53963634E-05	 2.74337757E-06	 3.55137774E-07	 1.58583965E-07	-1.30740011E-02	-1.65651588E-02	-9.98907910E-03	-6.79288926E-03	-1.42980985E-04	-7.16541317E-04	-1.72242118E-05	-2.29855352E-05	-2.17502596E-06	-1.10473862E-08
 7.300000E-02	 4.64924567E-03	 2.85130923E-03	-5.03675922E-03	-6.57123864E-03	-5.97036573E-03	 1.90685572E-03	 5.21384291E-05	 3.88468203E-06	 4.74763507E-07	 1.90084532E-07	-1.36917268E-02	-1.78107777E-02	-1.10406837E-02	-7.74637395E-03	-3.03757755E-04	-7.77530333E-04	-1.83095603E-05	-2.70246533E-05	-2.59576286E-06	-1.67731289E-08
 7.400000E-02	 5.18169911E-03	 3.45079680E-03	-5.20227034E-03	-7.11288011E-03	-6.69802014E-03	 2.19175149E-03	 5.96844181E-05	 5.32805254E-06	 6.27836499E-07	 2.26562785E-07	-1.43055180E-02	-1.91083346E-02	-1.21735645E-02	-8.81046438E-03	-5.03904166E-04	-8.38313628E-04	-1.92448917E-05	-3.16675857E-05	-3.08588247E-06	-2.34543635E-08
 7.500000E-02	 5.74801225E-03	 4.12136018E-03	-5.33923535E-03	-7.67006870E-03	-7.49377853E-03	 2.51228463E-03	 6.80958733E-05	 7.13546729E-06	 8.21920466E-07	 2.68568177E-07	-1.49121642E-02	-2.04559301E-02	-1.33906278E-02	-9.99480967E-03	-7.49683056E-04	-8.97622942E-04	-1.99676877E-05	-3.69872680E-05	-3.65465235E-06	-3.12085087E-08
 7.600000E-02	 6.34797935E-03	 4.86764417E-03	-5.44185509E-03	-8.23863450E-03	-8.36125646E-03	 2.87188393E-03	 7.74333035E-05	 9.37906520E-06	 1.06593897E-06	 3.16675887E-07	-1.55082984E-02	-2.18511716E-02	-1.46944906E-02	-1.13094975E-02	-1.04803425E-03	-9.53918106E-04	-2.04045141E-05	-4.30627672E-05	-4.31222135E-06	-4.01807606E-08
 7.700000E-02	 6.98112618E-03	 5.69425006E-03	-5.50387219E-03	-8.81352895E-03	-9.30388574E-03	 3.27416640E-03	 8.77549583E-05	 1.21424309E-05	 1.37037343E-06	 3.71478764E-07	-1.60904128E-02	-2.32911476E-02	-1.60874251E-02	-1.27650217E-02	-1.40661147E-03	-1.00535411E-03	-2.04700463E-05	-4.99793902E-05	-5.06964309E-06	-5.05498551E-08
 7.800000E-02	 7.64669085E-03	 6.60569086E-03	-5.51857658E-03	-9.38874042E-03	-1.03248477E-02	 3.72292821E-03	 9.91154040E-05	 1.55219864E-05	 1.74746276E-06	 4.33583698E-07	-1.66548776E-02	-2.47724036E-02	-1.75712995E-02	-1.43722412E-02	-1.83381721E-03	-1.04974670E-03	-2.00660936E-05	-5.78287106E-05	-5.93889071E-06	-6.25463084E-08
 7.900000E-02	 8.34360569E-03	 7.60634266E-03	-5.47881631E-03	-9.95720804E-03	-1.14270011E-02	 4.22213277E-03	 1.11563915E-04	 1.96284716E-05	 2.21143625E-06	 5.03605972E-07	-1.71979626E-02	-2.62909220E-02	-1.91475166E-02	-1.61423302E-02	-2.33883559E-03	-1.08453707E-03	-1.90806300E-05	-6.67085104E-05	-6.93287220E-06	-7.64666518E-08
 8.000000E-02	 9.07048043E-03	 8.70039198E-03	-5.37701441E-03	-1.05107340E-02	-1.26128069E-02	 4.77589658E-03	 1.25142808E-04	 2.45884958E-05	 2.77874743E-06	 5.82175388E-07	-1.77158608E-02	-2.78421039E-02	-2.08169492E-02	-1.80867185E-02	-2.93166535E-03	-1.10675601E-03	-1.73866913E-05	-7.67225924E-05	-8.06544601E-06	-9.27002053E-08
 8.100000E-02	 9.82558706E-03	 9.89177920E-03	-5.20519280E-03	-1.10398951E-02	-1.38842366E-02	 5.38847311E-03	 1.39885645E-04	 3.05460765E-05	 3.46835848E-06	 6.69951879E-07	-1.82047157E-02	-2.94207570E-02	-2.25798753E-02	-2.02170237E-02	-3.62315047E-03	-1.11298635E-03	-1.48408933E-05	-8.79804583E-05	-9.35146995E-06	-1.11746195E-07
 8.200000E-02	 1.06068467E-02	 1.11841380E-02	-4.95500417E-03	-1.15339570E-02	-1.52426383E-02	 6.06422945E-03	 1.55813856E-04	 3.76641390E-05	 4.30206256E-06	 7.67665843E-07	-1.86606539E-02	-3.10210906E-02	-2.44359117E-02	-2.25449668E-02	-4.42499063E-03	-1.09931891E-03	-1.12828116E-05	-1.00597184E-04	-1.08068725E-05	-1.34233995E-07
 8.300000E-02	 1.14118188E-02	 1.25807330E-02	-4.61776838E-03	-1.19807884E-02	-1.66886490E-02	 6.80761672E-03	 1.72934571E-04	 4.61260197E-05	 5.30475679E-06	 8.76143708E-07	-1.90798141E-02	-3.26367079E-02	-2.63839440E-02	-2.50822730E-02	-5.34976418E-03	-1.06130179E-03	-6.53429207E-06	-1.14693065E-04	-1.24485011E-05	-1.60922102E-07
 8.400000E-02	 1.22376928E-02	 1.40843933E-02	-4.18451730E-03	-1.23667776E-02	-1.82220861E-02	 7.62313826E-03	 1.91237768E-04	 5.61373010E-05	 6.50474568E-06	 9.96291940E-07	-1.94583797E-02	-3.42606051E-02	-2.84220562E-02	-2.78405619E-02	-6.41093563E-03	-9.93895492E-04	-3.98803306E-07	-1.30393035E-04	-1.42939532E-05	-1.92720353E-07
 8.500000E-02	 1.30812824E-02	 1.56974438E-02	-3.64604870E-03	-1.26767536E-02	-1.98418222E-02	 8.51531262E-03	 2.10693061E-04	 6.79277991E-05	 7.93410651E-06	 1.12907205E-06	-1.97926150E-02	-3.58851778E-02	-3.05474620E-02	-3.08312243E-02	-7.62285231E-03	-8.91428756E-04	 7.33884298E-06	-1.47826001E-04	-1.63614453E-05	-2.30713857E-07
 8.600000E-02	 1.39390227E-02	 1.74216333E-02	-2.99298885E-03	-1.28939132E-02	-2.15456528E-02	 9.48863039E-03	 2.31246234E-04	 8.17536477E-05	 9.62906168E-06	 1.27546512E-06	-2.00789032E-02	-3.75022337E-02	-3.27564361E-02	-3.40652854E-02	-9.00073343E-03	-7.47553119E-04	 1.69125808E-05	-1.67124033E-04	-1.86696660E-05	-2.76204178E-07
 8.700000E-02	 1.48069715E-02	 1.92580612E-02	-2.21586442E-03	-1.29997558E-02	-2.33301590E-02	 1.05475053E-02	 2.52815474E-04	 9.78994465E-05	 1.16303787E-05	 1.43645668E-06	-2.03137867E-02	-3.91030119E-02	-3.50442473E-02	-3.75532529E-02	-1.05606505E-02	-5.55197362E-04	 2.85750138E-05	-1.88421399E-04	-2.12376253E-05	-3.30748032E-07
 8.800000E-02	 1.56808136E-02	 2.12071025E-02	-1.30518387E-03	-1.29740264E-02	-2.51905657E-02	 1.16962206E-02	 2.75287335E-04	 1.16680444E-04	 1.39837854E-05	 1.61301463E-06	-2.04940085E-02	-4.06782095E-02	-3.74050937E-02	-4.13049512E-02	-1.23194999E-02	-3.06522624E-04	 4.25971375E-05	-2.11853445E-04	-2.40844762E-05	-3.96209723E-07
 8.900000E-02	 1.65558696E-02	 2.32683324E-02	-2.51528564E-04	-1.27946684E-02	-2.71205965E-02	 1.29388719E-02	 2.98512419E-04	 1.38444714E-04	 1.67404167E-05	 1.80610586E-06	-2.06165553E-02	-4.22180166E-02	-3.98320416E-02	-4.53293420E-02	-1.42949703E-02	 7.12117605E-06	 5.92678905E-05	-2.37555327E-04	-2.72293505E-05	-4.74815285E-07
 9.000000E-02	 1.74271085E-02	 2.54404503E-02	 9.54345669E-04	-1.24377846E-02	-2.91123280E-02	 1.42793115E-02	 3.22301219E-04	 1.63575231E-04	 1.99573348E-05	 2.01671937E-06	-2.06787024E-02	-4.37121592E-02	-4.23169682E-02	-4.96343311E-02	-1.65055156E-02	 3.95239323E-04	 7.88942778E-05	-2.65660579E-04	-3.06912063E-05	-5.69194467E-07
 9.100000E-02	 1.82891651E-02	 2.77212040E-02	 2.32140035E-03	-1.18776007E-02	-3.11559922E-02	 1.57210861E-02	 3.46419027E-04	 1.92491564E-04	 2.36981590E-05	 2.24595166E-06	-2.06780542E-02	-4.51499416E-02	-4.48505015E-02	-5.42265522E-02	-1.89703055E-02	 8.68244121E-04	 1.01803197E-04	-2.96299528E-04	-3.44887750E-05	-6.82409536E-07
 9.200000E-02	 1.91363577E-02	 3.01073131E-02	 3.85820229E-03	-1.10864372E-02	-3.32396375E-02	 1.72673380E-02	 3.70575732E-04	 2.25651690E-04	 2.80339695E-05	 2.49511203E-06	-2.06125757E-02	-4.65202766E-02	-4.74219448E-02	-5.91111008E-02	-2.17090563E-02	 1.43751692E-03	 1.28338180E-04	-3.29598724E-04	-3.86405244E-05	-8.17890424E-07
 9.300000E-02	 1.99627179E-02	 3.25943934E-02	 5.57277610E-03	-1.00347509E-02	-3.53490212E-02	 1.89207045E-02	 3.94420921E-04	 2.63553491E-04	 3.30436341E-05	 2.76576753E-06	-2.04806523E-02	-4.78117790E-02	-5.00192519E-02	-6.42912857E-02	-2.47419824E-02	 2.11547868E-03	 1.58856949E-04	-3.65680222E-04	-4.31638931E-05	-9.79386588E-07
 9.400000E-02	 2.07620243E-02	 3.51768876E-02	 7.47245402E-03	-8.69117869E-03	-3.74674348E-02	 2.06832254E-02	 4.17537417E-04	 3.06737032E-04	 3.88142845E-05	 3.05967688E-06	-2.02811409E-02	-4.90128552E-02	-5.26290023E-02	-6.97683621E-02	-2.80896838E-02	 2.91564643E-03	 1.93728426E-04	-4.04660164E-04	-4.80744630E-05	-1.17095774E-06
 9.500000E-02	 2.15278421E-02	 3.78479999E-02	 9.56371788E-03	-7.02259909E-03	-3.95754807E-02	 2.25562397E-02	 4.39433920E-04	 3.55787363E-04	 4.54419886E-05	 3.37866263E-06	-2.00134154E-02	-5.01117958E-02	-5.52363818E-02	-7.55412446E-02	-3.17729881E-02	 3.85268634E-03	 2.33328426E-04	-4.46647298E-04	-5.33852062E-05	-1.39708474E-06
 9.600000E-02	 2.22535686E-02	 4.05996371E-02	 1.18520291E-02	-4.99422513E-03	-4.16508396E-02	 2.45402673E-02	 4.59536954E-04	 4.11337667E-04	 5.30325124E-05	 3.72448049E-06	-1.96774107E-02	-5.10968786E-02	-5.78251740E-02	-8.16062035E-02	-3.58127742E-02	 4.94246952E-03	 2.78034324E-04	-4.91741452E-04	-5.91057164E-05	-1.66272754E-06
 9.700000E-02	 2.29324852E-02	 4.34223564E-02	 1.43416476E-02	-2.56973007E-03	-4.36680247E-02	 2.66348783E-02	 4.77182042E-04	 4.74072762E-04	 6.17022207E-05	 4.09864863E-06	-1.92736659E-02	-5.19564831E-02	-6.03777676E-02	-8.79565446E-02	-4.02297728E-02	 6.20213130E-03	 3.28218642E-04	-5.40032016E-04	-6.52413185E-05	-1.97343858E-06
 9.800000E-02	 2.35578163E-02	 4.63053223E-02	 1.70354389E-02	 2.88590064E-04	-4.55981173E-02	 2.88385479E-02	 4.91603638E-04	 5.44733057E-04	 7.15790089E-05	 4.50231800E-06	-1.88033629E-02	-5.26792159E-02	-6.28751790E-02	-9.45822728E-02	-4.50443398E-02	 7.65013591E-03	 3.84241002E-04	-5.91596494E-04	-7.17920652E-05	-2.33544641E-06
 9.900000E-02	 2.41227949E-02	 4.92362749E-02	 1.99346735E-02	 3.61961664E-03	-4.74084719E-02	 3.11485034E-02	 5.01925864E-04	 6.24119214E-04	 8.28035502E-05	 4.93604896E-06	-1.82683635E-02	-5.32540483E-02	-6.52970949E-02	-1.01469747E-01	-5.02761996E-02	 9.30634738E-03	 4.46436743E-04	-6.46499016E-04	-7.87514163E-05	-2.75568228E-06
 1.000000E-01	 2.46207481E-02	 5.22015366E-02	 2.30388351E-02	 7.46320150E-03	-4.90623892E-02	 3.35605382E-02	 5.07163257E-04	 7.13098347E-04	 9.55306059E-05	 5.39963400E-06	-1.76712479E-02	-5.36704883E-02	-6.76219672E-02	-1.08601426E-01	-5.59441713E-02	 1.11921622E-02	 5.15105586E-04	-7.04789048E-04	-8.61045617E-05	-3.24183394E-06
 1.010000E-01	 2.50452120E-02	 5.51860890E-02	 2.63454494E-02	 1.18599820E-02	-5.05187501E-02	 3.60686222E-02	 5.06207377E-04	 8.12612714E-04	 1.09931024E-04	 5.89156366E-06	-1.70153592E-02	-5.39188037E-02	-6.98271844E-02	-1.15955748E-01	-6.20658089E-02	 1.33308073E-02	 5.90517599E-04	-7.66504699E-04	-9.38269509E-05	-3.80227916E-06
 1.020000E-01	 2.53899622E-02	 5.81734742E-02	 2.98497949E-02	 1.68509706E-02	-5.17315003E-02	 3.86644809E-02	 4.97769723E-04	 9.23695664E-04	 1.26194658E-04	 6.40705644E-06	-1.63047736E-02	-5.39900548E-02	-7.18890210E-02	-1.23506355E-01	-6.86564893E-02	 1.57472321E-02	 6.72892421E-04	-8.31662755E-04	-1.01880962E-04	-4.44722751E-06
 1.030000E-01	 2.56490646E-02	 6.11457074E-02	 3.35445800E-02	 2.24769767E-02	-5.26495428E-02	 4.13373640E-02	 4.80364140E-04	 1.04748898E-03	 1.44531513E-04	 6.93617095E-06	-1.55442978E-02	-5.38762127E-02	-7.37826910E-02	-1.31221350E-01	-7.57288400E-02	 1.84678043E-02	 7.62346994E-04	-9.00241159E-04	-1.10209960E-04	-5.19058576E-06
 1.040000E-01	 2.58170111E-02	 6.40833896E-02	 3.74197334E-02	 2.87781656E-02	-5.32165551E-02	 4.40736999E-02	 4.52317681E-04	 1.18525764E-03	 1.65172516E-04	 7.46375929E-06	-1.47395008E-02	-5.35704371E-02	-7.54826368E-02	-1.39063104E-01	-8.32921003E-02	 2.15203759E-02	 8.58849688E-04	-9.72172225E-04	-1.18733131E-04	-6.05112887E-06
 1.050000E-01	 2.58888379E-02	 6.69658000E-02	 4.14621656E-02	 3.57934766E-02	-5.33707186E-02	 4.68566512E-02	 4.11759432E-04	 1.33840347E-03	 1.88370112E-04	 7.96979135E-06	-1.38967142E-02	-5.30673041E-02	-7.69627926E-02	-1.46987930E-01	-9.13512656E-02	 2.49343098E-02	 9.62182710E-04	-1.04733115E-03	-1.27340270E-04	-7.05347393E-06
 1.060000E-01	 2.58602378E-02	 6.97709923E-02	 4.56555216E-02	 4.35599117E-02	-5.30444997E-02	 4.96656286E-02	 3.56608709E-04	 1.50848009E-03	 2.14398186E-04	 8.42944893E-06	-1.30230113E-02	-5.23630168E-02	-7.81968654E-02	-1.54945697E-01	-9.99060848E-02	 2.87403892E-02	 1.07189456E-03	-1.12552014E-03	-1.35885886E-04	-8.22925775E-06
 1.070000E-01	 2.57276765E-02	 7.24759216E-02	 4.99799450E-02	 5.21117113E-02	-5.21645152E-02	 5.24757457E-02	 2.84571130E-04	 1.69720992E-03	 2.43551372E-04	 8.81306680E-06	-1.21261711E-02	-5.14556208E-02	-7.91586686E-02	-1.62879480E-01	-1.08949902E-01	 3.29706567E-02	 1.18724132E-03	-1.20644917E-03	-1.44182288E-04	-9.61857845E-06
 1.080000E-01	 2.54885133E-02	 7.50566062E-02	 5.44118589E-02	 6.14794041E-02	-5.06515097E-02	 5.52572096E-02	 1.93142262E-04	 1.90650292E-03	 2.76143255E-04	 9.08601493E-06	-1.12146266E-02	-5.03452211E-02	-7.98225139E-02	-1.70725255E-01	-1.18468317E-01	 3.76581786E-02	 1.30711714E-03	-1.28971201E-03	-1.51991544E-04	-1.12717983E-05
 1.090000E-01	 2.51411218E-02	 7.74883267E-02	 5.89237724E-02	 7.16887162E-02	-4.84204832E-02	 5.79746481E-02	 7.96212172E-05	 2.13847682E-03	 3.12503339E-04	 9.20861331E-06	-1.02973939E-02	-4.90341966E-02	-8.01636677E-02	-1.78411669E-01	-1.28437650E-01	 4.28367108E-02	 1.42997296E-03	-1.37475610E-03	-1.59016075E-04	-1.32517681E-05
 1.100000E-01	 2.46850110E-02	 7.97458667E-02	 6.34841248E-02	 8.27593325E-02	-4.53810209E-02	 6.05863725E-02	-5.88625291E-05	 2.39547799E-03	 3.52972057E-04	 9.13615630E-06	-9.38398019E-03	-4.75274092E-02	-8.01588764E-02	-1.85859900E-01	-1.38823201E-01	 4.85402406E-02	 1.55372375E-03	-1.46084485E-03	-1.64887967E-04	-1.56365609E-05
 1.110000E-01	 2.41209415E-02	 8.18038001E-02	 6.80571817E-02	 9.47034948E-02	-4.14378890E-02	 6.30435761E-02	-2.25306157E-04	 2.68010203E-03	 3.97893575E-04	 8.81918467E-06	-8.48427061E-03	-4.58324018E-02	-7.97869683E-02	-1.92983661E-01	-1.49577159E-01	 5.48023662E-02	 1.67564325E-03	-1.54701125E-03	-1.69157003E-04	-1.85228076E-05
 1.120000E-01	 2.34510369E-02	 8.36368305E-02	 7.26029982E-02	 1.07524397E-01	-3.64920559E-02	 6.52894501E-02	-4.22762610E-04	 2.99521506E-03	 4.47605283E-04	 8.20413372E-06	-7.60839040E-03	-4.39595818E-02	-7.90295343E-02	-1.99689402E-01	-1.60635942E-01	 6.16554412E-02	 1.79223391E-03	-1.63200180E-03	-1.71277611E-04	-2.20297176E-05
 1.130000E-01	 2.26788764E-02	 8.52201710E-02	 7.70774734E-02	 1.21214390E-01	-3.04423591E-02	 6.72582375E-02	-6.54228557E-04	 3.34396989E-03	 5.02420527E-04	 7.23443157E-06	-6.76653691E-03	-4.19223596E-02	-7.78716741E-02	-2.05876724E-01	-1.71917887E-01	 6.91294646E-02	 1.89909775E-03	-1.71420546E-03	-1.70595163E-04	-2.63041785E-05
 1.140000E-01	 2.18095707E-02	 8.65299781E-02	 8.14325264E-02	 1.35753051E-01	-2.31878651E-02	 6.88743804E-02	-9.22488668E-04	 3.72981562E-03	 5.62605656E-04	 5.85257955E-06	-5.96878615E-03	-3.97372526E-02	-7.63028187E-02	-2.11439133E-01	-1.83320644E-01	 7.72506283E-02	 1.99080094E-03	-1.79156419E-03	-1.66332976E-04	-3.15272938E-05
 1.150000E-01	 2.08498123E-02	 8.75438377E-02	 8.56164200E-02	 1.51105146E-01	-1.46311059E-02	 7.00517883E-02	-1.22990385E-03	 4.15649602E-03	 6.28350912E-04	 4.00383467E-06	-5.22487340E-03	-3.74239395E-02	-7.43176184E-02	-2.16265194E-01	-1.94718438E-01	 8.60394720E-02	 2.06074206E-03	-1.86146452E-03	-1.57581588E-04	-3.79223783E-05
 1.160000E-01	 1.98078929E-02	 8.82412990E-02	 8.95742626E-02	 1.67218517E-01	-4.68238793E-03	 7.06933149E-02	-1.57813367E-03	 4.62802969E-03	 6.99733689E-04	 1.64216309E-06	-4.54394909E-03	-3.50052471E-02	-7.19168731E-02	-2.20240195E-01	-2.05959524E-01	 9.55085920E-02	 2.10103997E-03	-1.92060811E-03	-1.43292674E-04	-4.57642654E-05
 1.170000E-01	 1.86936782E-02	 8.86044488E-02	 9.32487246E-02	 1.84022024E-01	 6.73464370E-03	 7.06905906E-02	-1.96778373E-03	 5.14866369E-03	 7.76673638E-04	-1.26065441E-06	-3.93431361E-03	-3.25070559E-02	-6.91084762E-02	-2.23248392E-01	-2.16864090E-01	 1.05659869E-01	 2.10246184E-03	-1.96486122E-03	-1.22280490E-04	-5.53897839E-05
 1.180000E-01	 1.75185317E-02	 8.86185142E-02	 9.65810027E-02	 2.01423643E-01	 1.96760374E-02	 6.99243900E-02	-2.39797104E-03	 5.72279006E-03	 8.58879390E-04	-4.70175887E-06	-3.40313810E-03	-2.99581047E-02	-6.59083272E-02	-2.25175951E-01	-2.27223005E-01	 1.16481203E-01	 2.05441943E-03	-1.98908409E-03	-9.32349076E-05	-6.72089390E-05
 1.190000E-01	 1.62951786E-02	 8.82724785E-02	 9.95120609E-02	 2.19308945E-01	 3.41690815E-02	 6.82657530E-02	-2.86580719E-03	 6.35481288E-03	 9.45788044E-04	-8.62856175E-06	-2.95618093E-03	-2.73896806E-02	-6.23411513E-02	-2.25914636E-01	-2.36797880E-01	 1.27942784E-01	 1.94506802E-03	-1.98694519E-03	-5.47508687E-05	-8.17161808E-05
 1.200000E-01	 1.50375000E-02	 8.75596838E-02	 1.01984162E-01	 2.37540131E-01	 5.02023855E-02	 6.55781405E-02	-3.36578732E-03	 7.04895621E-03	 1.03650001E-03	-1.29134340E-05	-2.59751396E-03	-2.48351756E-02	-5.84411436E-02	-2.25366305E-01	-2.45323016E-01	 1.39992999E-01	 1.76153586E-03	-1.95072732E-03	-5.37985670E-06	-9.95005315E-05
 1.210000E-01	 1.37602536E-02	 8.64783903E-02	 1.03942706E-01	 2.55956040E-01	 6.77161020E-02	 6.17209646E-02	-3.88908857E-03	 7.80899784E-03	 1.12971248E-03	-1.73205259E-05	-2.32927744E-03	-2.23295017E-02	-5.42523586E-02	-2.23448101E-01	-2.52512344E-01	 1.52554480E-01	 1.49037753E-03	-1.87113127E-03	 5.62912372E-05	-1.21252911E-04
 1.220000E-01	 1.24787226E-02	 8.50322581E-02	 1.05338405E-01	 2.74373763E-01	 8.65969081E-02	 5.65546030E-02	-4.42308062E-03	 8.63786719E-03	 1.22366380E-03	-2.14638346E-05	-2.15148465E-03	-1.99083731E-02	-4.98287742E-02	-2.20097777E-01	-2.58075422E-01	 1.65521469E-01	 1.11844368E-03	-1.73710702E-03	 1.31529084E-04	-1.47767954E-04
 1.230000E-01	 1.12083092E-02	 8.32306207E-02	 1.06129369E-01	 2.92591326E-01	 1.06669533E-01	 4.99476546E-02	-4.95095138E-03	 9.53718227E-03	 1.31614462E-03	-2.47557730E-05	-2.06187985E-03	-1.76074136E-02	-4.52337451E-02	-2.15278429E-01	-2.61723040E-01	 1.78757841E-01	 6.33677282E-04	-1.53574822E-03	 2.21342851E-04	-1.79931654E-04
 1.240000E-01	 9.96410204E-03	 8.10886993E-02	 1.06283334E-01	 3.10392048E-01	 1.27691800E-01	 4.17843877E-02	-5.45146063E-03	 1.05067290E-02	 1.40453901E-03	-2.63548889E-05	-2.05587650E-03	-1.54611780E-02	-4.05390528E-02	-2.08983555E-01	-2.63179393E-01	 1.92096388E-01	 2.61814412E-05	-1.25232093E-03	 3.26355586E-04	-2.18688258E-04
 1.250000E-01	 8.76042706E-03	 7.86277527E-02	 1.05779986E-01	 3.27551022E-01	 1.49354124E-01	 3.19718603E-02	-5.89905660E-03	 1.15439196E-02	 1.48590071E-03	-2.51180120E-05	-2.12659696E-03	-1.35021113E-02	-3.58234598E-02	-2.01241758E-01	-2.62198858E-01	 2.05340044E-01	-7.10460710E-04	-8.70450369E-04	 4.46662740E-04	-2.64985775E-04
 1.260000E-01	 7.61036547E-03	 7.58748390E-02	 1.04612813E-01	 3.43841979E-01	 1.71283030E-01	 2.04473716E-02	-6.26439761E-03	 1.26432171E-02	 1.55706960E-03	-1.95607654E-05	-2.26502060E-03	-1.17594428E-02	-3.11706157E-02	-1.92119869E-01	-2.58583689E-01	 2.18264844E-01	-1.57781300E-03	-3.72454038E-04	 5.81695137E-04	-3.19703891E-04
 1.270000E-01	 6.52529081E-03	 7.28622710E-02	 1.02790481E-01	 3.59044885E-01	 1.93049370E-01	 7.18623699E-03	-6.51522318E-03	 1.37955677E-02	 1.61483289E-03	-7.83089722E-06	-2.46024225E-03	-1.02580872E-02	-2.66663736E-02	-1.81724255E-01	-2.52201597E-01	 2.30625053E-01	-2.57123358E-03	 2.60165412E-04	 7.30103711E-04	-3.83566145E-04
 1.280000E-01	 5.51447032E-03	 6.96268903E-02	 1.00337721E-01	 3.72954632E-01	 2.14181833E-01	-7.79150148E-03	-6.61765053E-03	 1.49879192E-02	 1.65613338E-03	 1.22991118E-05	-2.69984095E-03	-9.01763836E-03	-2.23956707E-02	-1.70200256E-01	-2.43001983E-01	 2.42160727E-01	-3.67862029E-03	 1.04604534E-03	 8.89683449E-04	-4.57036231E-04
 1.290000E-01	 4.58475153E-03	 6.62091049E-02	 9.72954851E-02	 3.85389737E-01	 2.34185420E-01	-2.44162116E-02	-6.53792982E-03	 1.62028684E-02	 1.67831557E-03	 4.34134971E-05	-2.97034664E-03	-8.05151350E-03	-1.84391058E-02	-1.57729414E-01	-2.31028945E-01	 2.52607314E-01	-4.87942696E-03	 2.00311336E-03	 1.05735488E-03	-5.40201954E-04
 1.300000E-01	 3.74036086E-03	 6.26517200E-02	 9.37202367E-02	 3.96200451E-01	 2.52564009E-01	-4.25662137E-02	-6.24458512E-03	 1.74184965E-02	 1.67939285E-03	 8.84025532E-05	-3.25778216E-03	-7.36630766E-03	-1.48693963E-02	-1.44524430E-01	-2.16429377E-01	 2.61706840E-01	-6.14411389E-03	 3.14759051E-03	 1.22921911E-03	-6.32653530E-04
 1.310000E-01	 2.98283532E-03	 5.89986141E-02	 8.96823506E-02	 4.05275601E-01	 2.68846410E-01	-6.20682981E-02	-5.71082821E-03	 1.86084443E-02	 1.65831245E-03	 1.50375654E-04	-3.54825038E-03	-6.96141768E-03	-1.17479583E-02	-1.30821975E-01	-1.99455138E-01	 2.69220003E-01	-7.43416183E-03	 4.49289379E-03	 1.40069738E-03	-7.33365492E-04
 1.320000E-01	 2.31109934E-03	 5.52933337E-02	 8.52636568E-02	 4.12547530E-01	 2.82615483E-01	-8.27016834E-02	-4.91715703E-03	 1.97422599E-02	 1.61519039E-03	 2.32536317E-04	-3.82852824E-03	-6.82898025E-03	-9.12186417E-03	-1.16873618E-01	-1.80458348E-01	 2.74938453E-01	-8.70277867E-03	 6.04849202E-03	 1.56675999E-03	-8.40593266E-04
 1.330000E-01	 1.72168733E-03	 5.15776728E-02	 8.05541421E-02	 4.17994515E-01	 2.93530895E-01	-1.04204972E-01	-3.85379015E-03	 2.07860643E-02	 1.55149002E-03	 3.38020881E-04	-4.08661852E-03	-6.95413880E-03	-7.02146892E-03	-1.02935493E-01	-1.59876449E-01	 2.78695983E-01	-9.89645673E-03	 7.81881189E-03	 1.72225617E-03	-9.51794990E-04
 1.340000E-01	 1.20909668E-03	 4.78903448E-02	 7.56480877E-02	 4.21640450E-01	 3.01348800E-01	-1.26286122E-01	-2.52272512E-03	 2.17035294E-02	 1.47010380E-03	 4.69705080E-04	-4.31222444E-03	-7.31564471E-03	-5.45895188E-03	-8.92578132E-02	-1.38211457E-01	 2.80377416E-01	-1.09572784E-02	 9.80227381E-03	 1.86230887E-03	-1.06359229E-03
 1.350000E-01	 7.66243486E-04	 4.42658301E-02	 7.06399117E-02	 4.23551828E-01	 3.05935959E-01	-1.48634614E-01	-9.39185402E-04	 2.24571316E-02	 1.37531345E-03	 6.29989465E-04	-4.49711402E-03	-7.88675803E-03	-4.42789019E-03	-7.60748867E-02	-1.16004318E-01	 2.79924572E-01	-1.18258590E-02	 1.19905528E-02	 1.98274121E-03	-1.17178160E-03
 1.360000E-01	 3.84985445E-04	 4.07334712E-02	 6.56200212E-02	 4.23832279E-01	 3.07276086E-01	-1.70934810E-01	 8.67762512E-04	 2.30096160E-02	 1.27261596E-03	 8.20578858E-04	-4.63534944E-03	-8.63639121E-03	-3.90392519E-03	-6.35963816E-02	-9.38061168E-02	 2.77338831E-01	-1.24447358E-02	 1.43681496E-02	 2.08049647E-03	-1.27140399E-03
 1.370000E-01	 5.66699426E-05	 3.73168712E-02	 6.06709905E-02	 4.22615185E-01	 3.05467815E-01	-1.92879433E-01	 2.85556193E-03	 2.33255855E-02	 1.16841732E-03	 1.04227310E-03	-4.72336880E-03	-9.53042042E-03	-3.84648664E-03	-5.20004753E-02	-7.21487166E-02	 2.72680089E-01	-1.27619440E-02	 1.69123326E-02	 2.15400885E-03	-1.35687629E-03
 1.380000E-01	-2.27335705E-04	 3.40336234E-02	 5.58643592E-02	 4.20055048E-01	 3.00714624E-01	-2.14182072E-01	 4.96953711E-03	 2.33731054E-02	 1.06961040E-03	 1.29478780E-03	-4.75992156E-03	-1.05330760E-02	-4.20143827E-03	-4.14293278E-02	-5.15174866E-02	 2.66062253E-01	-1.27344783E-02	 1.95934836E-02	 2.20348190E-03	-1.42218108E-03
 1.390000E-01	-4.75171919E-04	 3.08953760E-02	 5.12582863E-02	 4.16318393E-01	 2.93307924E-01	-2.34587773E-01	 7.14522605E-03	 2.31252102E-02	 9.83068921E-04	 1.57662180E-03	-4.74587161E-03	-1.16083198E-02	-4.90442302E-03	-3.19870528E-02	-3.23284785E-02	 2.57645809E-01	-1.23313331E-02	 2.23758461E-02	 2.23103938E-03	-1.46110682E-03
 1.400000E-01	-6.94104937E-04	 2.79082056E-02	 4.68962090E-02	 4.11574948E-01	 2.83605251E-01	-2.53880984E-01	 9.31151338E-03	 2.25612045E-02	 9.15101041E-04	 1.88498653E-03	-4.68389283E-03	-1.27211215E-02	-5.88462518E-03	-2.37400921E-02	-1.49118536E-02	 2.47628211E-01	-1.15358558E-02	 2.52186358E-02	 2.24072380E-03	-1.46752423E-03
 1.410000E-01	-8.90257522E-04	 2.50732486E-02	 4.28065597E-02	 4.05989763E-01	 2.72003726E-01	-2.71890251E-01	 1.13943749E-02	 2.16676701E-02	 8.70914534E-04	 2.21580613E-03	-4.57808961E-03	-1.38385635E-02	-7.06864565E-03	-1.67197232E-02	 4.96801484E-04	 2.36233321E-01	-1.03472029E-02	 2.80774495E-02	 2.23833650E-03	-1.43568045E-03
 1.420000E-01	-1.06846071E-03	 2.23875385E-02	 3.90034681E-02	 3.99716963E-01	 2.58909146E-01	-2.88489789E-01	 1.33209465E-02	 2.04390924E-02	 8.54145205E-04	 2.56379271E-03	-4.43358469E-03	-1.49307151E-02	-8.38418199E-03	-1.09273123E-02	 1.37555032E-02	 2.23701893E-01	-8.78066669E-03	 3.09059006E-02	 2.23112029E-03	-1.36049114E-03
 1.430000E-01	-1.23221519E-03	 1.98449219E-02	 3.54882317E-02	 3.92895536E-01	 2.44719677E-01	-3.03599476E-01	 1.50231743E-02	 1.88781265E-02	 8.66514298E-04	 2.92258829E-03	-4.25612046E-03	-1.59712395E-02	-9.76313241E-03	-6.33972315E-03	 2.48114831E-02	 2.10280068E-01	-6.86673097E-03	 3.36573046E-02	 2.22727482E-03	-1.23781029E-03
 1.440000E-01	-1.38375156E-03	 1.74369549E-02	 3.22513341E-02	 3.85646677E-01	 2.29808561E-01	-3.17181848E-01	 1.64410715E-02	 1.69954790E-02	 9.07636247E-04	 3.28496675E-03	-4.05168961E-03	-1.69377309E-02	-1.11440475E-02	-2.91298249E-03	 3.36919368E-02	 1.96207494E-01	-4.64916374E-03	 3.62863504E-02	 2.23539866E-03	-1.06465710E-03
 1.450000E-01	-1.52417047E-03	 1.51538303E-02	 2.92749608E-02	 3.78072657E-01	 2.14509805E-01	-3.29236605E-01	 1.75254916E-02	 1.48093325E-02	 9.74982118E-04	 3.64309926E-03	-3.82622415E-03	-1.78118247E-02	-1.24738408E-02	-5.87467176E-04	 4.04905083E-02	 1.81710305E-01	-2.18252605E-03	 3.87506630E-02	 2.26391296E-03	-8.39388474E-04
 1.460000E-01	-1.65363947E-03	 1.29852423E-02	 2.65356467E-02	 3.70256934E-01	 1.99109094E-01	-3.39794353E-01	 1.82400444E-02	 1.23444147E-02	 1.06399800E-03	 3.98885938E-03	-3.58535506E-03	-1.85791091E-02	-1.37087413E-02	 7.06386446E-04	 4.53518308E-02	 1.66996873E-01	 4.70857725E-04	 4.10121603E-02	 2.32050770E-03	-5.61801462E-04
 1.470000E-01	-1.77162194E-03	 1.09211078E-02	 2.40068075E-02	 3.62265184E-01	 1.83839550E-01	-3.48910090E-01	 1.85620764E-02	 9.63083968E-03	 1.16836350E-03	 4.31413613E-03	-3.33424378E-03	-1.92288760E-02	-1.48145430E-02	 1.04379624E-03	 4.84559452E-02	 1.52254371E-01	 3.24424936E-03	 4.30381208E-02	 2.41165368E-03	-2.33158444E-04
 1.480000E-01	-1.87711522E-03	 8.95214124E-03	 2.16610378E-02	 3.54147065E-01	 1.68881817E-01	-3.56656888E-01	 1.84827953E-02	 6.70279378E-03	 1.28036235E-03	 4.61113618E-03	-3.07748448E-03	-1.97537559E-02	-1.57662469E-02	 5.02354106E-04	 5.00039190E-02	 1.37647132E-01	 6.06981778E-03	 4.48019220E-02	 2.54221580E-03	 1.43861422E-04
 1.490000E-01	-1.96887892E-03	 7.07027171E-03	 1.94720490E-02	 3.45938360E-01	 1.54367622E-01	-3.63120127E-01	 1.80065935E-02	 3.59716530E-03	 1.39132858E-03	 4.87265749E-03	-2.81906835E-03	-2.01492869E-02	-1.65472505E-02	-8.40363484E-04	 5.02055818E-02	 1.23316503E-01	 8.88170158E-03	 4.62834460E-02	 2.71519331E-03	 5.65276892E-04
 1.500000E-01	-2.04564028E-03	 5.26891211E-03	 1.74161876E-02	 3.37663222E-01	 1.40385773E-01	-3.68392534E-01	 1.71497125E-02	 3.52200792E-04	 1.49212805E-03	 5.09232003E-03	-2.56239603E-03	-2.04134628E-02	-1.71482418E-02	-2.90837268E-03	 4.92698591E-02	 1.09381782E-01	 1.16185984E-02	 4.74691664E-02	 2.93159945E-03	 1.02597393E-03
 1.510000E-01	-2.10626847E-03	 3.54309281E-03	 1.54735159E-02	 3.29336375E-01	 1.26986854E-01	-3.72570005E-01	 1.59384497E-02	-2.99373716E-03	 1.57363512E-03	 5.26474417E-03	-2.31032134E-03	-2.05462941E-02	-1.75659616E-02	-5.62814441E-03	 4.73955157E-02	 9.59420058E-02	 1.42257445E-02	 4.83519565E-02	 3.19048141E-03	 1.51991566E-03
 1.520000E-01	-2.14990983E-03	 1.88947013E-03	 1.36284253E-02	 3.20965320E-01	 1.14183292E-01	-3.75748160E-01	 1.44071143E-02	-6.40327254E-03	 1.62717761E-03	 5.38567230E-03	-2.06521457E-03	-2.05494058E-02	-1.78019937E-02	-8.92886814E-03	 4.47596095E-02	 8.30784634E-02	 1.66564244E-02	 4.89307013E-02	 3.48906150E-03	 2.04037703E-03
 1.530000E-01	-2.17606429E-03	 3.06261276E-04	 1.18697875E-02	 3.12552188E-01	 1.01965294E-01	-3.78019978E-01	 1.25956024E-02	-9.84092012E-03	 1.64495975E-03	 5.45203867E-03	-1.82905080E-03	-2.04256912E-02	-1.78615122E-02	-1.27427789E-02	 4.15216780E-02	 7.08562866E-02	 1.88728767E-02	 4.92096958E-02	 3.82293592E-03	 2.58018348E-03
 1.540000E-01	-2.18462333E-03	-1.20689101E-03	 1.01907537E-02	 3.04095019E-01	 9.03091583E-02	-3.79474397E-01	 1.05470071E-02	-1.32738182E-02	 1.62039142E-03	 5.46198652E-03	-1.60349369E-03	-2.01790303E-02	-1.77521759E-02	-1.70050030E-02	 3.78254962E-02	 5.93265878E-02	 2.08465365E-02	 4.91979326E-02	 4.18636141E-03	 3.13194831E-03
 1.550000E-01	-2.17588036E-03	-2.64909156E-03	 8.58834879E-03	 2.95588766E-01	 7.91818016E-02	-3.80195437E-01	 8.30548553E-03	-1.66722615E-02	 1.54830567E-03	 5.41483651E-03	-1.38996360E-03	-1.98140788E-02	-1.74832805E-02	-2.16532535E-02	 3.37996730E-02	 4.85285284E-02	 2.25577603E-02	 4.89083273E-02	 4.57260003E-03	 3.68829664E-03
 1.560000E-01	-2.15052017E-03	-4.01838388E-03	 7.06294478E-03	 2.87026102E-01	 6.85444115E-02	-3.80261659E-01	 5.91445906E-03	-2.00100429E-02	 1.42506961E-03	 5.31101392E-03	-1.18968707E-03	-1.93361215E-02	-1.70651576E-02	-2.66275345E-02	 2.95588624E-02	 3.84910889E-02	 2.39951429E-02	 4.83569275E-02	 4.97428366E-03	 4.24206575E-03
 1.570000E-01	-2.10959391E-03	-5.31194629E-03	 5.61767717E-03	 2.78398100E-01	 5.83552730E-02	-3.79745851E-01	 3.41518181E-03	-2.32646251E-02	 1.24860042E-03	 5.15194495E-03	-1.00372746E-03	-1.87509787E-02	-1.65087881E-02	-3.18698529E-02	 2.52052533E-02	 2.92346085E-02	 2.51545611E-02	 4.75621478E-02	 5.38376711E-03	 4.78647466E-03
 1.580000E-01	-2.05448483E-03	-6.52628498E-03	 4.25785681E-03	 2.69694837E-01	 4.85718808E-02	-3.78715008E-01	 8.45665788E-04	-2.64171785E-02	 1.01830382E-03	 4.93993240E-03	-8.32998379E-04	-1.80649599E-02	-1.58255860E-02	-3.73239304E-02	 2.08301038E-02	 2.07722728E-02	 2.60380917E-02	 4.65440684E-02	 5.79344986E-03	 5.31526054E-03
 1.590000E-01	-1.98686867E-03	-7.65742193E-03	 2.99038652E-03	 2.60906219E-01	 3.91524745E-02	-3.77230734E-01	-1.76009386E-03	-2.94525329E-02	 7.34952647E-04	 4.67802196E-03	-6.78263593E-04	-1.72848592E-02	-1.50273374E-02	-4.29353903E-02	 1.65152160E-02	 1.31111925E-02	 2.66528108E-02	 4.53238350E-02	 6.19605619E-03	 5.82278532E-03
 1.600000E-01	-1.90866554E-03	-8.70106938E-03	 1.82318710E-03	 2.52022149E-01	 3.00569919E-02	-3.75348822E-01	-4.37262092E-03	-3.23589865E-02	 4.00521286E-04	 4.36985275E-03	-5.40119930E-04	-1.64179390E-02	-1.41262835E-02	-4.86517832E-02	 1.23342508E-02	 6.25253920E-03	 2.70096326E-02	 4.39230650E-02	 6.58484039E-03	 6.30409847E-03
 1.610000E-01	-1.82198832E-03	-9.65278983E-03	 7.64681866E-04	 2.43032533E-01	 2.12487593E-02	-3.73118794E-01	-6.96715466E-03	-3.51280266E-02	 1.80009412E-05	 4.01951351E-03	-4.18973256E-04	-1.54719265E-02	-1.31352230E-02	-5.44219200E-02	 8.35480925E-03	 1.92354108E-04	 2.71223741E-02	 4.23633422E-02	 6.95372416E-03	 6.75496203E-03
 1.620000E-01	-1.72909390E-03	-1.05081493E-02	-1.76654214E-04	 2.33927912E-01	 1.26981719E-02	-3.70584307E-01	-9.52365892E-03	-3.77540880E-02	-4.08793631E-04	 3.63141975E-03	-3.15014528E-04	-1.44550497E-02	-1.20676021E-02	-6.01958203E-02	 4.64205071E-03	-5.07745348E-03	 2.70068737E-02	 4.06658739E-02	 7.29739973E-03	 7.17186104E-03
 1.630000E-01	-1.63233916E-03	-1.12628673E-02	-9.92683770E-04	 2.24700046E-01	 4.38034014E-03	-3.67783409E-01	-1.20266621E-02	-4.02343017E-02	-8.75433359E-04	 3.21019588E-03	-2.28185227E-04	-1.33760634E-02	-1.09376776E-02	-6.59247305E-02	 1.25628281E-03	-9.56835784E-03	 2.66801823E-02	 3.88512269E-02	 7.61139429E-03	 7.55199389E-03
 1.640000E-01	-1.53413315E-03	-1.19129597E-02	-1.67598501E-03	 2.15342322E-01	-3.72510347E-03	-3.64748624E-01	-1.44650011E-02	-4.25682135E-02	-1.37706628E-03	 2.76056930E-03	-1.58143161E-04	-1.22442662E-02	-9.76067810E-03	-7.15611284E-02	-1.74736203E-03	-1.32947420E-02	 2.61599638E-02	 3.69391203E-02	 7.89208188E-03	 7.89324105E-03
 1.650000E-01	-1.43688305E-03	-1.24548815E-02	-2.22023345E-03	 2.05850099E-01	-1.16333115E-02	-3.61507106E-01	-1.68315434E-02	-4.47575092E-02	-1.90858424E-03	 2.28728080E-03	-1.04233178E-04	-1.10695076E-02	-8.55290297E-03	-7.70587131E-02	-4.31833293E-03	-1.62734734E-02	 2.54640771E-02	 3.49482907E-02	 8.13665417E-03	 8.19411824E-03
 1.660000E-01	-1.34293331E-03	-1.28856713E-02	-2.62059569E-03	 1.96221011E-01	-1.93536630E-02	-3.58080844E-01	-1.91229084E-02	-4.68057567E-02	-2.46476506E-03	 1.79500937E-03	-6.54650638E-05	-9.86217933E-03	-7.33175283E-03	-8.23724037E-02	-6.41014563E-03	-1.85235299E-02	 2.46103222E-02	 3.28964223E-02	 8.34306101E-03	 8.45371818E-03
 1.670000E-01	-1.25449756E-03	-1.32030969E-02	-2.87413737E-03	 1.86455225E-01	-2.68892830E-02	-3.54486903E-01	-2.13391903E-02	-4.87181661E-02	-3.04039247E-03	 1.28831053E-03	-4.05019190E-05	-8.63318905E-03	-6.11567766E-03	-8.74583476E-02	-7.97994845E-03	-2.00656745E-02	 2.36163464E-02	 3.08001356E-02	 8.50992744E-03	 8.67164401E-03
 1.680000E-01	-1.17358418E-03	-1.34058036E-02	-2.98023822E-03	 1.76555656E-01	-3.42365844E-02	-3.50737692E-01	-2.34836766E-02	-5.05013656E-02	-3.63035821E-03	 7.71567947E-04	-2.76623130E-05	-7.39391239E-03	-4.92402489E-03	-9.22739340E-02	-8.98818020E-03	-2.09221731E-02	 2.24996965E-02	 2.86750282E-02	 8.63645546E-03	 8.84793644E-03
 1.690000E-01	-1.10191758E-03	-1.34934607E-02	-2.94099916E-03	 1.66528151E-01	-4.13847779E-02	-3.46841241E-01	-2.55625448E-02	-5.21631919E-02	-4.22975101E-03	 2.48953894E-04	-2.49392904E-05	-6.15611848E-03	-3.77677178E-03	-9.67778074E-02	-9.39834738E-03	-2.11165475E-02	 2.12780084E-02	 2.65357644E-02	 8.72231619E-03	 8.98299709E-03
 1.700000E-01	-1.04085856E-03	-1.34669054E-02	-2.76161785E-03	 1.56381656E-01	-4.83153089E-02	-3.42801465E-01	-2.75845145E-02	-5.37124871E-02	-4.83393842E-03	-2.75603498E-04	-3.00395202E-05	-4.93186552E-03	-2.69412966E-03	-1.00929868E-01	-9.17697125E-03	-2.06733550E-02	 1.99693198E-02	 2.43962068E-02	 8.76753876E-03	 9.07750962E-03
 1.710000E-01	-9.91328573E-04	-1.33282758E-02	-2.45070157E-03	 1.46128378E-01	-5.50003424E-02	-3.38618398E-01	-2.95604222E-02	-5.51588944E-02	-5.43864654E-03	-7.98449883E-04	-4.04450857E-05	-3.73336354E-03	-1.69601760E-03	-1.04691295E-01	-8.29334299E-03	-1.96180308E-02	 1.85924871E-02	 2.22695864E-02	 8.77240196E-03	 9.13236063E-03
 1.720000E-01	-9.53745049E-04	-1.30811271E-02	-2.02046629E-03	 1.35783934E-01	-6.13993966E-02	-3.34288284E-01	-3.15026743E-02	-5.65126344E-02	-6.04004357E-03	-1.31623483E-03	-5.34974043E-05	-2.57280421E-03	-8.01416734E-04	-1.08024693E-01	-6.71913010E-03	-1.79769086E-02	 1.71676077E-02	 2.01686916E-02	 8.73733662E-03	 9.14856291E-03
 1.730000E-01	-9.27977142E-04	-1.27305169E-02	-1.48676938E-03	 1.25367677E-01	-6.74608613E-02	-3.29803618E-01	-3.34245391E-02	-5.77842500E-02	-6.63483404E-03	-1.82594550E-03	-6.64953985E-05	-1.46214804E-03	-2.76466258E-05	-1.10894172E-01	-4.43146254E-03	-1.57774320E-02	 1.57163355E-02	 1.81060626E-02	 8.66285470E-03	 9.12718428E-03
 1.740000E-01	-9.13324151E-04	-1.22830407E-02	-8.68945109E-04	 1.14902913E-01	-7.31218243E-02	-3.25152426E-01	-3.53391754E-02	-5.89841934E-02	-7.22033565E-03	-2.32493804E-03	-7.68117153E-05	-4.12885733E-04	 6.10424735E-04	-1.13264744E-01	-1.41529105E-03	-1.30482386E-02	 1.42622421E-02	 1.60941723E-02	 8.54949353E-03	 9.06926961E-03
 1.750000E-01	-9.08525744E-04	-1.17468677E-02	-1.89405791E-04	 1.04417816E-01	-7.83077450E-02	-3.20318637E-01	-3.72586635E-02	-6.01226105E-02	-7.79457511E-03	-2.81097609E-03	-8.20189322E-05	 5.64219231E-04	 1.10122292E-03	-1.15102416E-01	 2.33410871E-03	-9.81849730E-03	 1.28312509E-02	 1.41456820E-02	 8.39782729E-03	 8.97581162E-03
 1.760000E-01	-9.11803170E-04	-1.11317209E-02	 5.26933910E-04	 9.39461459E-02	-8.29330564E-02	-3.15283023E-01	-3.91930843E-02	-6.12091921E-02	-8.35639637E-03	-3.28228864E-03	-8.00177758E-05	 1.45942186E-03	 1.43723410E-03	-1.16375744E-01	 6.80814023E-03	-6.11842800E-03	 1.14516763E-02	 1.22736292E-02	 8.20851616E-03	 8.84775167E-03
 1.770000E-01	-9.20932801E-04	-1.04487448E-02	 1.25343275E-03	 8.35272675E-02	-8.69024756E-02	-3.10022940E-01	-4.11493673E-02	-6.22526959E-02	-8.90551683E-03	-3.73762404E-03	-6.91621300E-05	 2.26429483E-03	 1.61565251E-03	-1.17056590E-01	 1.19814169E-02	-1.98064000E-03	 1.01538600E-02	 1.04914637E-02	 7.98235524E-03	 8.68595971E-03
 1.780000E-01	-9.33356012E-04	-9.71031560E-03	 1.96274496E-03	 7.32063922E-02	-9.01135735E-02	-3.04512274E-01	-4.31301113E-02	-6.32604514E-02	-9.44255078E-03	-4.17629750E-03	-4.83664038E-05	 2.97201292E-03	 1.63888452E-03	-1.17120569E-01	 1.78080080E-02	 2.55905296E-03	 8.96965694E-03	 8.81302735E-03	 7.72037232E-03	 8.49124205E-03
 1.790000E-01	-9.46319680E-04	-8.92979075E-03	 2.62801359E-03	 6.30348813E-02	-9.24608756E-02	-2.98721918E-01	-4.51325588E-02	-6.42379279E-02	-9.96899987E-03	-4.59823189E-03	-1.71834762E-05	 3.57761100E-03	 1.51479218E-03	-1.16548095E-01	 2.42179124E-02	 7.46071277E-03	 7.93161058E-03	 7.25245279E-03	 7.42396970E-03	 8.26438516E-03
 1.800000E-01	-9.57038261E-04	-8.12119278E-03	 3.22414309E-03	 5.30702539E-02	-9.38414668E-02	-2.92620588E-01	-4.71477885E-02	-6.51883263E-02	-1.04871916E-02	-5.00398377E-03	 2.41557649E-05	 4.07819539E-03	 1.25662008E-03	-1.15325843E-01	 3.11143163E-02	 1.26791187E-02	 7.07176704E-03	 5.82394020E-03	 7.09508799E-03	 8.00622513E-03
 1.810000E-01	-9.62866200E-04	-7.29883541E-03	 3.72907088E-03	 4.33758020E-02	-9.41623716E-02	-2.86176092E-01	-4.91602388E-02	-6.61122298E-02	-1.10001568E-02	-5.39474621E-03	 7.47480436E-05	 4.47309047E-03	 8.82584083E-04	-1.13448423E-01	 3.83722682E-02	 1.81626374E-02	 6.42019955E-03	 4.54141145E-03	 6.73637749E-03	 7.71773985E-03
 1.820000E-01	-9.61466691E-04	-6.47690857E-03	 4.12493601E-03	 3.40197226E-02	-9.33496084E-02	-2.79357102E-01	-5.11476721E-02	-6.70073585E-02	-1.15114439E-02	-5.77232197E-03	 1.33071022E-04	 4.76390404E-03	 4.15119535E-04	-1.10920111E-01	 4.58396070E-02	 2.38523388E-02	 6.00336465E-03	 3.41805474E-03	 6.35135666E-03	 7.40015787E-03
 1.830000E-01	-9.50962672E-04	-5.66904411E-03	 4.39902579E-03	 2.50735201E-02	-9.13549195E-02	-2.72135314E-01	-5.30816126E-02	-6.78684419E-02	-1.20248704E-02	-6.13906085E-03	 1.97079477E-04	 4.95449513E-03	-1.20167649E-04	-1.07756554E-01	 5.33402012E-02	 2.96814220E-02	 5.84241129E-03	 2.46577482E-03	 5.94452932E-03	 7.05507265E-03
 1.840000E-01	-9.30056716E-04	-4.88788499E-03	 4.54444081E-03	 1.66098815E-02	-8.81630630E-02	-2.64487944E-01	-5.49283193E-02	-6.86872615E-02	-1.25442252E-02	-6.49775932E-03	 2.64341746E-04	 5.05084325E-03	-6.95792869E-04	-1.03986218E-01	 6.06795092E-02	 3.55751721E-02	 5.95155844E-03	 1.69458711E-03	 5.52144761E-03	 6.68455353E-03
 1.850000E-01	-8.98108311E-04	-4.14468594E-03	 4.56039640E-03	 8.70001594E-03	-8.37981393E-02	-2.56400411E-01	-5.66502640E-02	-6.94528756E-02	-1.30729402E-02	-6.85152274E-03	 3.32206033E-04	 5.06081751E-03	-1.28384738E-03	-9.96513648E-02	 6.76526467E-02	 4.14516191E-02	 6.33671941E-03	 1.11200002E-03	 5.08870275E-03	 6.29124115E-03
 1.860000E-01	-8.55160994E-04	-3.44897331E-03	 4.45211714E-03	 1.41053976E-03	-7.83275890E-02	-2.47868979E-01	-5.82080357E-02	-7.01520323E-02	-1.36137533E-02	-7.20359490E-03	 3.97982209E-04	 4.99385451E-03	-1.85749940E-03	-9.48083601E-02	 7.40545698E-02	 4.72229993E-02	 6.99452981E-03	 7.22437138E-04	 4.65382955E-03	 5.87841424E-03
 1.870000E-01	-8.01916431E-04	-2.80828632E-03	 4.23032054E-03	-5.19991471E-03	-7.18631082E-02	-2.38903067E-01	-5.95625278E-02	-7.07697437E-02	-1.41683896E-02	-7.55716268E-03	 4.59122843E-04	 4.86056221E-03	-2.39241469E-03	-8.95271399E-02	 7.96916008E-02	 5.27979905E-02	 7.91189756E-03	 5.26748520E-04	 4.22511718E-03	 5.45001520E-03
 1.880000E-01	-7.39658241E-04	-2.22801765E-03	 3.91033786E-03	-1.10839597E-02	-6.45580122E-02	-2.29526653E-01	-6.06771674E-02	-7.12899582E-02	-1.47372825E-02	-7.91514413E-03	 5.13387001E-04	 4.67227395E-03	-2.86797084E-03	-8.38896671E-02	 8.43932215E-02	 5.80847020E-02	 9.06619660E-03	 5.21873705E-04	 3.81133569E-03	 5.01062541E-03
 1.890000E-01	-6.70136706E-04	-1.71137469E-03	 3.51098428E-03	-1.62081114E-02	-5.66010897E-02	-2.19779282E-01	-6.15202136E-02	-7.16964579E-02	-1.53193933E-02	-8.27998953E-03	 5.58973664E-04	 4.44059172E-03	-3.26816755E-03	-7.79874955E-02	 8.80231396E-02	 6.29946674E-02	 1.04261669E-02	 7.00750228E-04	 3.42140839E-03	 4.56540334E-03
 1.900000E-01	-5.95422869E-04	-1.25944393E-03	 3.05321314E-03	-2.05552853E-02	-4.82071833E-02	-2.09716293E-01	-6.20668119E-02	-7.19738021E-02	-1.59121381E-02	-8.65351242E-03	 5.94613290E-04	 4.17693465E-03	-3.58220650E-03	-7.19186776E-02	 9.04882054E-02	 6.74463976E-02	 1.19532913E-02	 1.05233054E-03	 3.06401596E-03	 4.11996266E-03
 1.910000E-01	-5.17746397E-04	-8.71355335E-04	 2.55869581E-03	-2.41262510E-02	-3.96055763E-02	-1.99407339E-01	-6.23004702E-02	-7.21081335E-02	-1.65114007E-02	-9.03673967E-03	 6.19611020E-04	 3.89212239E-03	-3.80464277E-03	-6.57839020E-02	 9.17445115E-02	 7.13691888E-02	 1.36036911E-02	 1.56186340E-03	 2.74718535E-03	 3.68019974E-03
 1.920000E-01	-4.39335727E-04	-5.44535524E-04	 2.04848773E-03	-2.69397831E-02	-3.10273954E-02	-1.88933773E-01	-6.22139559E-02	-7.20879216E-02	-1.71116630E-02	-9.42981136E-03	 6.33841352E-04	 3.59602693E-03	-3.93514773E-03	-5.96822527E-02	 9.18004705E-02	 7.47066887E-02	 1.53304301E-02	 2.21140746E-03	 2.47790685E-03	 3.25209220E-03
 1.930000E-01	-3.62276951E-04	-2.75027975E-04	 1.54185946E-03	-2.90318571E-02	-2.26911477E-02	-1.78385191E-01	-6.18095185E-02	-7.19045656E-02	-1.77062451E-02	-9.83194097E-03	 6.37697344E-04	 3.29730844E-03	-3.97791250E-03	-5.37069714E-02	 9.07137164E-02	 7.74195084E-02	 1.70859145E-02	 2.98049641E-03	 2.26179751E-03	 2.84147971E-03
 1.940000E-01	-2.88399568E-04	-5.78445137E-05	 1.05540488E-03	-3.04536912E-02	-1.47908872E-02	-1.67855427E-01	-6.10985056E-02	-7.15528196E-02	-1.82876274E-02	-1.02414356E-02	 6.32006695E-04	 3.00324629E-03	-3.94080768E-03	-4.79417287E-02	 8.85850364E-02	 7.94867332E-02	 1.88241910E-02	 3.84692284E-03	 2.10284645E-03	 2.45384456E-03
 1.950000E-01	-2.19195895E-04	 1.12675923E-04	 6.02450628E-04	-3.12688945E-02	-7.48713142E-03	-1.57438304E-01	-6.01004173E-02	-7.10310099E-02	-1.88478254E-02	-1.06557727E-02	 6.17926044E-04	 2.71966361E-03	-3.83439854E-03	-4.24576417E-02	 8.55497290E-02	 8.09062688E-02	 2.05029889E-02	 4.78758185E-03	 2.00326167E-03	 2.09410890E-03
 1.960000E-01	-1.55777101E-04	 2.42525188E-04	 1.92777442E-04	-3.15500096E-02	-9.00846459E-04	-1.47223482E-01	-5.88415149E-02	-7.03410410E-02	-1.93787860E-02	-1.10717257E-02	 5.96825534E-04	 2.45093957E-03	-3.67091040E-03	-3.73112066E-02	 8.17670108E-02	 8.16940244E-02	 2.20853589E-02	 5.77931253E-03	 1.96342585E-03	 1.76646335E-03
 1.970000E-01	-9.88643737E-05	 3.37721667E-04	-1.67364892E-04	-3.13747545E-02	 4.88915409E-03	-1.37292769E-01	-5.73531352E-02	-6.94882070E-02	-1.98727725E-02	-1.14855263E-02	 5.70175323E-04	 2.20009634E-03	-3.46323830E-03	-3.25432605E-02	 7.74086081E-02	 8.18820492E-02	 2.35408220E-02	 6.79968164E-03	 1.98195867E-03	 1.47423789E-03
 1.980000E-01	-4.88104341E-05	 4.04058365E-04	-4.74994555E-04	-3.08222874E-02	 9.84546575E-03	-1.27717147E-01	-5.56698762E-02	-6.84808389E-02	-2.03227107E-02	-1.18930505E-02	 5.39443616E-04	 1.96894302E-03	-3.22407672E-03	-2.81789787E-02	 7.26476652E-02	 8.15158313E-02	 2.48459922E-02	 7.82766266E-03	 2.05587386E-03	 1.21982199E-03
 1.990000E-01	-5.64420492E-06	 4.46911681E-04	-7.29949356E-04	-2.99697647E-02	 1.39684401E-02	-1.18554695E-01	-5.38278040E-02	-6.73298282E-02	-2.07224729E-02	-1.22900120E-02	 5.06013234E-04	 1.75825697E-03	-2.96522441E-03	-2.42288178E-02	 6.76489494E-02	 8.06510366E-02	 2.59846999E-02	 8.84417981E-03	 2.18081364E-03	 1.00463651E-03
 2.000000E-01	 3.08696531E-05	 4.71111905E-04	-9.34330447E-04	-2.88894417E-02	 1.72903434E-02	-1.09849568E-01	-5.18628536E-02	-6.60481345E-02	-2.10671053E-02	-1.26721621E-02	 4.71120975E-04	 1.56798516E-03	-2.69709652E-03	-2.06902460E-02	 6.25611353E-02	 7.93500740E-02	 2.69477140E-02	 9.83251310E-03	 2.35134117E-03	 8.29156359E-04
 2.010000E-01	 6.11649820E-05	 4.80872166E-04	-1.09191980E-03	-2.76466905E-02	 1.98682378E-02	-1.01632276E-01	-4.98096321E-02	-6.46503976E-02	-2.13530211E-02	-1.30355003E-02	 4.35820204E-04	 1.39744705E-03	-2.42842521E-03	-1.75499388E-02	 5.75114579E-02	 7.76789393E-02	 2.77321312E-02	 1.07785524E-02	 2.56125148E-03	 6.92972411E-04
 2.020000E-01	 8.58076909E-05	 4.79764634E-04	-1.20759007E-03	-2.62986356E-02	 2.17762214E-02	-9.39200038E-02	-4.77001949E-02	-6.31521050E-02	-2.15779663E-02	-1.33763727E-02	 4.00962041E-04	 1.24551249E-03	-2.16611727E-03	-1.47860560E-02	 5.26022084E-02	 7.57037966E-02	 2.83403305E-02	 1.16708274E-02	 2.80386386E-03	 5.94879774E-04
 2.030000E-01	 1.05436188E-04	 4.70739045E-04	-1.28676053E-03	-2.48932259E-02	 2.30979278E-02	-8.67174767E-02	-4.55631038E-02	-6.15688111E-02	-2.17408988E-02	-1.36915257E-02	 3.67196123E-04	 1.11076289E-03	-1.91531251E-03	-1.23708142E-02	 4.79106294E-02	 7.34880427E-02	 2.87788901E-02	 1.25004358E-02	 3.07231881E-03	 5.33000948E-04
 2.040000E-01	 1.20712219E-04	 4.56171299E-04	-1.33497772E-03	-2.34692286E-02	 2.39201731E-02	-8.00190258E-02	-4.34231396E-02	-5.99158677E-02	-2.18419552E-02	-1.39782149E-02	 3.34986604E-04	 9.91633880E-04	-1.67955694E-03	-1.02729718E-02	 4.34904331E-02	 7.10905028E-02	 2.90576298E-02	 1.32609274E-02	 3.35985062E-03	 5.04924235E-04
 2.050000E-01	 1.32282459E-04	 4.37928937E-04	-1.35759928E-03	-2.20568222E-02	 2.43277892E-02	-7.38107524E-02	-4.13012345E-02	-5.82081149E-02	-2.18823391E-02	-1.42342584E-02	 3.04635513E-04	 8.86522946E-04	-1.46101916E-03	-8.45986608E-03	 3.93743650E-02	 6.85641677E-02	 2.91886182E-02	 1.39480831E-02	 3.65999709E-03	 5.07838434E-04
 2.060000E-01	 1.40751168E-04	 4.17444902E-04	-1.35956838E-03	-2.06784789E-02	 2.43998013E-02	-6.80725607E-02	-3.92145665E-02	-5.64595936E-02	-2.18641627E-02	-1.44580492E-02	 2.76310481E-04	 7.93867390E-04	-1.26074005E-03	-6.89904634E-03	 3.55775817E-02	 6.59554467E-02	 2.91852809E-02	 1.45596441E-02	 3.96676065E-03	 5.38662859E-04
 2.070000E-01	 1.46663300E-04	 3.95792409E-04	-1.34527926E-03	-1.93500446E-02	 2.42069754E-02	-6.27800516E-02	-3.71768051E-02	-5.46833405E-02	-2.17902728E-02	-1.46485410E-02	 2.50073448E-04	 7.12196160E-04	-1.07888985E-03	-5.55950218E-03	 3.21013749E-02	 6.33039285E-02	 2.90616560E-02	 1.50950228E-02	 4.27472150E-03	 5.94166763E-04
 2.080000E-01	 1.50496356E-04	 3.73755254E-04	-1.31851917E-03	-1.80819022E-02	 2.38105873E-02	-5.79061918E-02	-3.51984603E-02	-5.28912578E-02	-2.16640786E-02	-1.48052147E-02	 2.25907674E-04	 6.40160270E-04	-9.15006835E-04	-4.41249138E-03	 2.89368239E-02	 6.06425529E-02	 2.88318059E-02	 1.55550125E-02	 4.57910474E-03	 6.71073553E-04
 2.090000E-01	 1.52658950E-04	 3.51890346E-04	-1.28246769E-03	-1.68801103E-02	 2.32621783E-02	-5.34226984E-02	-3.32872841E-02	-5.10940495E-02	-2.14893875E-02	-1.49280308E-02	 2.03741446E-04	 5.76546693E-04	-7.68203678E-04	-3.43201283E-03	 2.60680840E-02	 5.79980755E-02	 2.85093791E-02	 1.59415113E-02	 4.87580792E-03	 7.66147659E-04
 2.100000E-01	 1.53494029E-04	 3.30580794E-04	-1.23973494E-03	-1.57474397E-02	 2.26040248E-02	-4.93011217E-02	-3.14486834E-02	-4.93012081E-02	-2.12702578E-02	-1.50173732E-02	 1.83467646E-04	 5.20280422E-04	-6.37334997E-04	-2.59499224E-03	 2.34751390E-02	 5.53917141E-02	 2.81073075E-02	 1.62572700E-02	 5.16139657E-03	 8.76263603E-04
 2.110000E-01	 1.53284928E-04	 3.10079369E-04	-1.19242232E-03	-1.46842648E-02	 2.18700497E-02	-4.55136384E-02	-2.96861168E-02	-4.75210413E-02	-2.10108713E-02	-1.50739888E-02	 1.64959041E-04	 4.70418700E-04	-5.21125688E-04	-1.88125358E-03	 2.11359413E-02	 5.28398765E-02	 2.76376155E-02	 1.65056703E-02	 5.43307573E-03	 9.98458019E-04
 2.120000E-01	 1.52262864E-04	 2.90542923E-04	-1.14219316E-03	-1.36892943E-02	 2.10869512E-02	-4.20335879E-02	-2.80014559E-02	-4.57607298E-02	-2.07154293E-02	-1.50989279E-02	 1.48079620E-04	 4.26140810E-04	-4.18263697E-04	-1.27334744E-03	 1.90279473E-02	 5.03549099E-02	 2.71113263E-02	 1.66905399E-02	 5.68864744E-03	 1.12996752E-03
 2.130000E-01	 1.50615006E-04	 2.72059096E-04	-1.09034595E-03	-1.27601476E-02	 2.02754452E-02	-3.88358179E-02	-2.63953193E-02	-4.40264302E-02	-2.03880826E-02	-1.50934976E-02	 1.32692427E-04	 3.86735806E-04	-3.27464017E-04	-7.56288963E-04	 1.71292479E-02	 4.79458781E-02	 2.65384627E-02	 1.68160216E-02	 5.92646495E-03	 1.26825621E-03
 2.140000E-01	 1.48491658E-04	 2.54665371E-04	-1.03788391E-03	-1.18938006E-02	 1.94513311E-02	-3.58969380E-02	-2.48673650E-02	-4.23233448E-02	-2.00328580E-02	-1.50591980E-02	 1.18664647E-04	 3.51588509E-04	-2.47502495E-04	-3.17225147E-04	 1.54192105E-02	 4.56190339E-02	 2.59279856E-02	 1.68863716E-02	 6.14534510E-03	 1.41101334E-03
 2.150000E-01	 1.46012822E-04	 2.38364619E-04	-9.85567762E-04	-1.10868528E-02	 1.86265194E-02	-3.31952574E-02	-2.34164630E-02	-4.06557545E-02	-1.96535877E-02	-1.49976580E-02	 1.05871048E-04	 3.20167380E-04	-1.77241420E-04	 5.48003996E-05	 1.38787935E-02	 4.33784120E-02	 2.52878543E-02	 1.69058897E-02	 6.34451895E-03	 1.55616683E-03
 2.160000E-01	 1.43274138E-04	 2.23136176E-04	-9.33967838E-04	-1.03357494E-02	 1.78099043E-02	-3.07107711E-02	-2.20408890E-02	-3.90271304E-02	-1.92538858E-02	-1.49105992E-02	 9.41954483E-05	 2.92013129E-04	-1.15640131E-04	 3.69119554E-04	 1.24906694E-02	 4.12263108E-02	 2.46251097E-02	 1.68788516E-02	 6.52357848E-03	 1.70188199E-03
 2.170000E-01	 1.40351731E-04	 2.08943727E-04	-8.83505779E-04	-9.63693108E-03	 1.70080451E-02	-2.84251216E-02	-2.07384905E-02	-3.74402366E-02	-1.88371359E-02	-1.47998034E-02	 8.35312538E-05	 2.66728637E-04	-6.17548812E-05	 6.33701479E-04	 1.12392130E-02	 3.91636625E-02	 2.39459437E-02	 1.68094423E-02	 6.68241872E-03	 1.84655140E-03
 2.180000E-01	 1.37306115E-04	 1.95741041E-04	-8.34486394E-04	-8.98692276E-03	 1.62257012E-02	-2.63215056E-02	-1.95068096E-02	-3.58972121E-02	-1.84064798E-02	-1.46670811E-02	 7.37814574E-05	 2.43970206E-04	-1.47351649E-05	 8.55367224E-04	 1.01104109E-02	 3.71903353E-02	 2.32557720E-02	 1.67017097E-02	 6.82118673E-03	 1.98878343E-03
 2.190000E-01	 1.34185349E-04	 1.83476056E-04	-7.87123327E-04	-8.38238567E-03	 1.54662495E-02	-2.43845660E-02	-1.83431796E-02	-3.43996468E-02	-1.79648145E-02	-1.45142449E-02	 6.48582469E-05	 2.23439917E-04	 2.61819152E-05	 1.03996866E-03	 9.09173396E-03	 3.53053766E-02	 2.25593082E-02	 1.65595325E-02	 6.94023621E-03	 2.12738869E-03
 2.200000E-01	 1.31027562E-04	 1.72093768E-04	-7.41559283E-04	-7.82014652E-03	 1.47320066E-02	-2.26002793E-02	-1.72448010E-02	-3.29486507E-02	-1.75147932E-02	-1.43430878E-02	 5.66824113E-05	 2.04879114E-04	 6.16786163E-05	 1.19253778E-03	 8.17199602E-03	 3.35072068E-02	 2.18606338E-02	 1.63865973E-02	 7.04008739E-03	 2.26136523E-03
 2.210000E-01	 1.27862950E-04	 1.61538273E-04	-6.97881988E-04	-7.29721074E-03	 1.40244704E-02	-2.09558462E-02	-1.62088023E-02	-3.15449179E-02	-1.70588325E-02	-1.41553657E-02	 4.91826553E-05	 1.88062862E-04	 9.23639275E-05	 1.31741182E-03	 7.34121157E-03	 3.17937743E-02	 2.11632647E-02	 1.61863849E-02	 7.12139216E-03	 2.38988319E-03
 2.220000E-01	 1.24715378E-04	 1.51754137E-04	-6.56136796E-04	-6.81076817E-03	 1.33444999E-02	-1.94395880E-02	-1.52322877E-02	-3.01887844E-02	-1.65991210E-02	-1.39527840E-02	 4.22949040E-05	 1.72795312E-04	 1.18781049E-04	 1.41834134E-03	 6.59045437E-03	 3.01626794E-02	 2.04702124E-02	 1.59621631E-02	 7.18490399E-03	 2.51226932E-03
 2.230000E-01	 1.21603643E-04	 1.42687399E-04	-6.16336205E-04	-6.35819733E-03	 1.26924783E-02	-1.80408527E-02	-1.43123799E-02	-2.88802792E-02	-1.61376305E-02	-1.37369853E-02	 3.59615441E-05	 1.58905557E-04	 1.41415400E-04	 1.49858531E-03	 5.91175536E-03	 2.86112826E-02	 1.97840340E-02	 1.57169790E-02	 7.23144740E-03	 2.62798980E-03
 2.240000E-01	 1.18541998E-04	 1.34285861E-04	-5.78463698E-04	-5.93703715E-03	 1.20683729E-02	-1.67498578E-02	-1.34461937E-02	-2.76190533E-02	-1.56760616E-02	-1.35094842E-02	 3.01305562E-05	 1.46243404E-04	 1.60700214E-04	 1.56097669E-03	 5.29797405E-03	 2.71366616E-02	 1.91067985E-02	 1.54535891E-02	 7.26186265E-03	 2.73662212E-03
 2.250000E-01	 1.15540917E-04	 1.26499759E-04	-5.42481625E-04	-5.54496116E-03	 1.14718088E-02	-1.55575851E-02	-1.26308270E-02	-2.64043954E-02	-1.52158374E-02	-1.32716450E-02	 2.47550820E-05	 1.34676518E-04	 1.77015372E-04	 1.60794155E-03	 4.74269230E-03	 2.57356409E-02	 1.84401372E-02	 1.51744642E-02	 7.27699044E-03	 2.83784192E-03
 2.260000E-01	 1.12608868E-04	 1.19282962E-04	-5.08344658E-04	-5.17982627E-03	 1.09022497E-02	-1.44558670E-02	-1.18635064E-02	-2.52355384E-02	-1.47582694E-02	-1.30248095E-02	 1.97932830E-05	 1.24089485E-04	 1.90694261E-04	 1.64156192E-03	 4.24017617E-03	 2.44051121E-02	 1.77854757E-02	 1.48819506E-02	 7.27772912E-03	 2.93143738E-03
 2.270000E-01	 1.09752886E-04	 1.12592844E-04	-4.76001773E-04	-4.83968523E-03	 1.03590635E-02	-1.34373490E-02	-1.11416368E-02	-2.41117289E-02	-1.43045981E-02	-1.27703182E-02	 1.52076192E-05	 1.14381582E-04	 2.02036593E-04	 1.66366611E-03	 3.78531461E-03	 2.31421116E-02	 1.71440707E-02	 1.45782811E-02	 7.26502002E-03	 3.01729647E-03
 2.280000E-01	 1.06978349E-04	 1.06389724E-04	-4.45393570E-04	-4.52274234E-03	 9.84150926E-03	-1.24953232E-02	-1.04627325E-02	-2.30320992E-02	-1.38559189E-02	-1.25094356E-02	 1.09641800E-05	 1.05464138E-04	 2.11311817E-04	 1.67586124E-03	 3.37352889E-03	 2.19437081E-02	 1.65169412E-02	 1.42655037E-02	 7.23979915E-03	 3.09538258E-03
 2.290000E-01	 1.04289274E-04	 1.00636720E-04	-4.16455233E-04	-4.22733388E-03	 9.34876633E-03	-1.16236570E-02	-9.82440757E-03	-2.19956759E-02	-1.34131861E-02	-1.22433441E-02	 7.03228928E-06	 9.72588288E-05	 2.18760123E-04	 1.67955284E-03	 3.00070712E-03	 2.08070047E-02	 1.59048954E-02	 1.39454886E-02	 7.20298987E-03	 3.16572502E-03
 2.300000E-01	 1.01688562E-04	 9.52995863E-05	-3.89118860E-04	-3.95191894E-03	 8.87995706E-03	-1.08167405E-02	-9.22437760E-03	-2.10014011E-02	-1.29772240E-02	-1.19731446E-02	 3.38413747E-06	 8.96962953E-05	 2.24595543E-04	 1.67597055E-03	 2.66314845E-03	 1.97291559E-02	 1.53085574E-02	 1.36199377E-02	 7.15549609E-03	 3.22840972E-03
 2.310000E-01	 9.91782061E-05	 9.03466095E-05	-3.63315026E-04	-3.69507205E-03	 8.43417095E-03	-1.00694397E-02	-8.66046163E-03	-2.00481507E-02	-1.25487383E-02	-1.16998581E-02	-5.54285834E-09	 8.27149480E-05	 2.29008727E-04	 1.66619047E-03	 2.35751885E-03	 1.87073823E-02	 1.47283902E-02	 1.32903946E-02	 7.09819648E-03	 3.28357053E-03
 2.320000E-01	 9.67594728E-05	 8.57485537E-05	-3.38974104E-04	-3.45547328E-03	 8.01049556E-03	-9.37705263E-03	-8.13058085E-03	-1.91347500E-02	-1.21283262E-02	-1.14244276E-02	-3.15976012E-06	 7.62599634E-05	 2.32169427E-04	 1.65114934E-03	 2.08082087E-03	 1.77389827E-02	 1.41647169E-02	 1.29582546E-02	 7.03194016E-03	 3.33138142E-03
 2.330000E-01	 9.44330156E-05	 8.14785314E-05	-3.16026545E-04	-3.23189843E-03	 7.60800558E-03	-8.73527113E-03	-7.63275809E-03	-1.82599882E-02	-1.17164868E-02	-1.11477206E-02	-6.09945699E-06	 7.02825737E-05	 2.34229193E-04	 1.63166446E-03	 1.83034726E-03	 1.68213383E-02	 1.36177390E-02	 1.26247747E-02	 6.95754364E-03	 3.37204968E-03
 2.340000E-01	 9.21989901E-05	 7.75118611E-05	-2.94403759E-04	-3.02321144E-03	 7.22577046E-03	-8.14014826E-03	-7.16511649E-03	-1.74226313E-02	-1.13136307E-02	-1.08705334E-02	-8.84370405E-06	 6.47393079E-05	 2.35322875E-04	 1.60844886E-03	 1.60365408E-03	 1.59519193E-02	 1.30875532E-02	 1.22910836E-02	 6.87578909E-03	 3.40580994E-03
 2.350000E-01	 9.00572078E-05	 7.38259130E-05	-2.74039064E-04	-2.82836448E-03	 6.86287067E-03	-7.58808529E-03	-6.72588937E-03	-1.66214525E-02	-1.09201010E-02	-1.05936040E-02	-1.14099291E-05	 5.95912745E-05	 2.35570802E-04	 1.58212954E-03	 1.39854083E-03	 1.51282950E-02	 1.25741738E-02	 1.19581951E-02	 6.78742497E-03	 3.43291850E-03
 2.360000E-01	 8.80072266E-05	 7.04001576E-05	-2.54867267E-04	-2.64639372E-03	 6.51841825E-03	-7.07577587E-03	-6.31340435E-03	-1.58552289E-02	-1.05361760E-02	-1.03176133E-02	-1.38140727E-05	 5.48036071E-05	 2.35080403E-04	 1.55325251E-03	 1.21301468E-03	 1.43481548E-02	 1.20775508E-02	 1.16270299E-02	 6.69317165E-03	 3.45365483E-03
 2.370000E-01	 8.60482276E-05	 6.72158285E-05	-2.36824699E-04	-2.47640503E-03	 6.19154819E-03	-6.60016288E-03	-5.92606657E-03	-1.51227170E-02	-1.01620557E-02	-1.00431682E-02	-1.60707208E-05	 5.03449102E-05	 2.33947492E-04	 1.52229122E-03	 1.04526348E-03	 1.36092799E-02	 1.15975590E-02	 1.12984018E-02	 6.59370845E-03	 3.46831111E-03
 2.380000E-01	 8.41790365E-05	 6.42555995E-05	-2.19849865E-04	-2.31756613E-03	 5.88140879E-03	-6.15844186E-03	-5.56236842E-03	-1.44226705E-02	-9.79787309E-03	-9.77080665E-03	-1.81932361E-05	 4.61868458E-05	 2.32257510E-04	 1.48966100E-03	 8.93649307E-04	 1.29095236E-02	 1.11339996E-02	 1.09730113E-02	 6.48966603E-03	 3.47718139E-03
 2.390000E-01	 8.23982911E-05	 6.15036535E-05	-2.03883698E-04	-2.16910513E-03	 5.58717407E-03	-5.74803811E-03	-5.22088674E-03	-1.37538573E-02	-9.44370932E-03	-9.50101098E-03	-2.01938459E-05	 4.23038404E-05	 2.30086189E-04	 1.45572241E-03	 7.56691383E-04	 1.22468341E-02	 1.06866269E-02	 1.06514718E-02	 6.38163720E-03	 3.48056475E-03
 2.400000E-01	 8.07044772E-05	 5.89455213E-05	-1.88869714E-04	-2.03030735E-03	 5.30804810E-03	-5.36658598E-03	-4.90027963E-03	-1.31150655E-02	-9.09959995E-03	-9.23421160E-03	-2.20837517E-05	 3.86727565E-05	 2.27500831E-04	 1.42078865E-03	 6.33049783E-04	 1.16192559E-02	 1.02551560E-02	 1.03343179E-02	 6.27017770E-03	 3.47876263E-03
 2.410000E-01	 7.90959584E-05	 5.65679588E-05	-1.74754037E-04	-1.90051117E-03	 5.04326699E-03	-5.01191062E-03	-4.59928271E-03	-1.25051065E-02	-8.76554044E-03	-8.97079057E-03	-2.38732205E-05	 3.52726156E-05	 2.24561280E-04	 1.38513186E-03	 5.21510844E-04	 1.10249275E-02	 9.83927052E-03	 1.00220120E-02	 6.15580712E-03	 3.47207640E-03
 2.420000E-01	 7.75710018E-05	 5.43588338E-05	-1.61485362E-04	-1.77910382E-03	 4.79210011E-03	-4.68201158E-03	-4.31670533E-03	-1.19228183E-02	-8.44149108E-03	-8.71108509E-03	-2.55716663E-05	 3.20843650E-05	 2.21320740E-04	 1.34898816E-03	 4.20974514E-04	 1.04620790E-02	 9.43862835E-03	 9.71495137E-03	 6.03901009E-03	 3.46080532E-03
 2.430000E-01	 7.61277953E-05	 5.23070205E-05	-1.49014845E-04	-1.66551758E-03	 4.55384893E-03	-4.37504775E-03	-4.05142676E-03	-1.13670678E-02	-8.12738118E-03	-8.45539036E-03	-2.71877240E-05	 2.90906509E-05	 2.17826448E-04	 1.31256205E-03	 3.30442913E-04	 9.92902863E-03	 9.05286686E-03	 9.41347313E-03	 5.92023733E-03	 3.44524474E-03
 2.440000E-01	 7.47644616E-05	 5.04022778E-05	-1.37296243E-04	-1.55922622E-03	 4.32784524E-03	-4.08932376E-03	-3.80239092E-03	-1.08367511E-02	-7.82311218E-03	-8.20396219E-03	-2.87293144E-05	 2.62756039E-05	 2.14119975E-04	 1.27602814E-03	 2.49009973E-04	 9.42417832E-03	 8.68160807E-03	 9.11786054E-03	 5.79990776E-03	 3.42568492E-03
 2.450000E-01	 7.34792929E-05	 4.86352369E-05	-1.26287274E-04	-1.45974426E-03	 4.11346045E-03	-3.82328629E-03	-3.56860863E-03	-1.03308208E-02	-7.52858040E-03	-7.95704120E-03	-3.02037689E-05	 2.36248117E-05	 2.10237912E-04	 1.23953428E-03	 1.75850661E-04	 8.94603266E-03	 8.32448817E-03	 8.82837530E-03	 5.67842849E-03	 3.40242109E-03
 2.460000E-01	 7.22712346E-05	 4.69976447E-05	-1.15948996E-04	-1.36663294E-03	 3.91013410E-03	-3.57553466E-03	-3.34918236E-03	-9.84835426E-03	-7.24373049E-03	-7.71490768E-03	-3.16181157E-05	 2.11254170E-05	 2.06215449E-04	 1.20322067E-03	 1.10214143E-04	 8.49325699E-03	 7.98120860E-03	 8.54531517E-03	 5.55622887E-03	 3.37577338E-03
 2.470000E-01	 7.11390702E-05	 4.54818213E-05	-1.06241668E-04	-1.27948289E-03	 3.71733005E-03	-3.34477605E-03	-3.14327462E-03	-9.38844572E-03	-6.96848012E-03	-7.47779921E-03	-3.29789043E-05	 1.87655684E-05	 2.02085895E-04	 1.16722044E-03	 5.14216182E-05	 8.06457223E-03	 7.65143853E-03	 8.26891034E-03	 5.43369156E-03	 3.34604403E-03
 2.480000E-01	 7.00808771E-05	 4.40802688E-05	-9.71256126E-05	-1.19789958E-03	 3.53450395E-03	-3.12977812E-03	-2.95006207E-03	-8.95011715E-03	-6.70265601E-03	-7.24584529E-03	-3.42918936E-05	 1.65341310E-05	 1.97876573E-04	 1.13163807E-03	-1.14791778E-06	 7.65868288E-03	 7.33476270E-03	 7.99926891E-03	 5.31111749E-03	 3.31349405E-03
 2.490000E-01	 6.90946086E-05	 4.27858683E-05	-8.85641901E-05	-1.12151193E-03	 3.36112901E-03	-2.92939476E-03	-2.76875892E-03	-8.53240149E-03	-6.44605538E-03	-7.01913229E-03	-3.55622908E-05	 1.44208263E-05	 1.93610063E-04	 1.09655481E-03	-4.80634042E-05	 7.27434092E-03	 7.03075236E-03	 7.73645167E-03	 5.18877381E-03	 3.27836935E-03
 2.500000E-01	 6.81782454E-05	 4.15919944E-05	-8.05232110E-05	-1.04997467E-03	 3.19670370E-03	-2.74256829E-03	-2.59862651E-03	-8.13436714E-03	-6.19846595E-03	-6.79772330E-03	-3.67948613E-05	 1.24162220E-05	 1.89306011E-04	 1.06203606E-03	-8.98432752E-05	 6.91036460E-03	 6.73898165E-03	 7.48049119E-03	 5.06690411E-03	 3.24090579E-03
 2.510000E-01	 6.73298096E-05	 4.04925250E-05	-7.29704500E-05	-9.82966517E-04	 3.04075159E-03	-2.56832253E-03	-2.43897164E-03	-7.75511826E-03	-5.95966835E-03	-6.58166045E-03	-3.79939592E-05	 1.05116759E-05	 1.84981679E-04	 1.02813454E-03	-1.26958599E-04	 6.56563649E-03	 6.45902891E-03	 7.23139457E-03	 4.94572923E-03	 3.20132864E-03
 2.520000E-01	 6.65473674E-05	 3.94817754E-05	-6.58754710E-05	-9.20188610E-04	 2.89281738E-03	-2.40575645E-03	-2.28914420E-03	-7.39379427E-03	-5.72943782E-03	-6.37096687E-03	-3.91635518E-05	 8.69928831E-06	 1.80652177E-04	 9.94894261E-04	-1.59837938E-04	 6.23909991E-03	 6.19047773E-03	 6.98914602E-03	 4.82544848E-03	 3.15985242E-03
 2.530000E-01	 6.58290414E-05	 3.85544609E-05	-5.92097568E-05	-8.61363326E-04	 2.75247127E-03	-2.25403774E-03	-2.14853447E-03	-7.04956925E-03	-5.50754584E-03	-6.16564861E-03	-4.03072665E-05	 6.97178548E-06	 1.76330598E-04	 9.62350887E-04	-1.88871169E-04	 5.92975717E-03	 5.93291860E-03	 6.75370984E-03	 4.70624113E-03	 3.11668098E-03
 2.540000E-01	 6.51730133E-05	 3.77056741E-05	-5.29464097E-05	-8.06233046E-04	 2.61930838E-03	-2.11239698E-03	-2.01657107E-03	-6.72165160E-03	-5.29376174E-03	-5.96569653E-03	-4.14284203E-05	 5.32248426E-06	 1.72028423E-04	 9.30533201E-04	-2.14413923E-04	 5.63666650E-03	 5.68594952E-03	 6.52503264E-03	 4.58826746E-03	 3.07200740E-03
 2.550000E-01	 6.45774273E-05	 3.69308592E-05	-4.70594712E-05	-7.54557735E-04	 2.49294384E-03	-1.98011700E-03	-1.89271521E-03	-6.40927198E-03	-5.08784533E-03	-5.77107823E-03	-4.25299705E-05	 3.74522528E-06	 1.67755605E-04	 8.99462358E-04	-2.36791385E-04	 5.35893231E-03	 5.44916777E-03	 6.30303590E-03	 4.47166264E-03	 3.02600967E-03
 2.560000E-01	 6.40401468E-05	 3.62255854E-05	-4.15245481E-05	-7.06109001E-04	 2.37300030E-03	-1.85652130E-03	-1.77644897E-03	-6.11165726E-03	-4.88952741E-03	-5.58171687E-03	-4.36143334E-05	 2.23436352E-06	 1.63519622E-04	 8.69146956E-04	-2.56299270E-04	 5.09568147E-03	 5.22215243E-03	 6.08759619E-03	 4.35652304E-03	 2.97884014E-03
 2.570000E-01	 6.35591114E-05	 3.55855605E-05	-3.63199245E-05	-6.60672896E-04	 2.25911881E-03	-1.74099798E-03	-1.66729348E-03	-5.82807992E-03	-4.69854841E-03	-5.39753318E-03	-4.46836969E-05	 7.84749898E-07	 1.59326438E-04	 8.39591817E-04	-2.73199431E-04	 4.84608708E-03	 5.00449817E-03	 5.87858031E-03	 4.24293201E-03	 2.93063994E-03
 2.580000E-01	 6.31327227E-05	 3.50070490E-05	-3.14257143E-05	-6.18055145E-04	 2.15097453E-03	-1.63298889E-03	-1.56480795E-03	-5.55787864E-03	-4.51467911E-03	-5.21847174E-03	-4.57402531E-05	-6.08292538E-07	 1.55181810E-04	 8.10800525E-04	-2.87732701E-04	 4.60940187E-03	 4.79584357E-03	 5.67588582E-03	 4.13098735E-03	 2.88156013E-03
 2.590000E-01	 6.27595260E-05	 3.44866477E-05	-2.68229068E-05	-5.78076568E-04	 2.04826494E-03	-1.53197735E-03	-1.46858175E-03	-5.30042862E-03	-4.33769868E-03	-5.04447563E-03	-4.67860513E-05	-1.94906067E-06	 1.51091192E-04	 7.82775260E-04	-3.00119962E-04	 4.38492877E-03	 4.59584325E-03	 5.47940952E-03	 4.02077885E-03	 2.83174619E-03
 2.600000E-01	 6.24381279E-05	 3.40211850E-05	-2.24935077E-05	-5.40570086E-04	 1.95070434E-03	-1.43748418E-03	-1.37823003E-03	-5.05513259E-03	-4.16738875E-03	-4.87548021E-03	-4.78229585E-05	-3.24150021E-06	 1.47059322E-04	 7.55516264E-04	-3.10563242E-04	 4.17200961E-03	 4.40416149E-03	 5.28904051E-03	 3.91238393E-03	 2.78133442E-03
 2.610000E-01	 6.21671964E-05	 3.36076959E-05	-1.84206104E-05	-5.05379764E-04	 1.85802259E-03	-1.34906494E-03	-1.29339177E-03	-4.82141968E-03	-4.00353375E-03	-4.71141402E-03	-4.88526776E-05	-4.48924810E-06	 1.43090159E-04	 7.29021600E-04	-3.19247384E-04	 3.97002264E-03	 4.22047258E-03	 5.10466160E-03	 3.80586883E-03	 2.73045233E-03
 2.620000E-01	 6.19454633E-05	 3.32434266E-05	-1.45883606E-05	-4.72359920E-04	 1.76996545E-03	-1.26630718E-03	-1.21372820E-03	-4.59874442E-03	-3.84592133E-03	-4.55219971E-03	-4.98767663E-05	-5.69567107E-06	 1.39186994E-04	 7.03286108E-04	-3.26341426E-04	 3.77838078E-03	 4.04446100E-03	 4.92615051E-03	 3.70128959E-03	 2.67921907E-03
 2.630000E-01	 6.17717234E-05	 3.29258260E-05	-1.09818216E-05	-4.41374199E-04	 1.68629192E-03	-1.18882820E-03	-1.13892153E-03	-4.38658583E-03	-3.69434273E-03	-4.39775485E-03	-5.08966419E-05	-6.86385129E-06	 1.35352596E-04	 6.78302581E-04	-3.31999850E-04	 3.59652903E-03	 3.87582118E-03	 4.75338067E-03	 3.59869271E-03	 2.62774570E-03
 2.640000E-01	 6.16448238E-05	 3.26525583E-05	-7.58662011E-06	-4.12294891E-04	 1.60677420E-03	-1.11627258E-03	-1.06867462E-03	-4.18444676E-03	-3.54859336E-03	-4.24799242E-03	-5.19135874E-05	-7.99661716E-06	 1.31589337E-04	 6.54062999E-04	-3.36363408E-04	 3.42394325E-03	 3.71425655E-03	 4.58622102E-03	 3.49811468E-03	 2.57613467E-03
 2.650000E-01	 6.15633469E-05	 3.24213188E-05	-4.38869705E-06	-3.85000935E-04	 1.53119001E-03	-1.04830638E-03	-1.00270570E-03	-3.99183437E-03	-3.40845692E-03	-4.10280185E-03	-5.29285180E-05	-9.09657885E-06	 1.27898504E-04	 6.30556168E-04	-3.39557423E-04	 3.26011184E-03	 3.55946168E-03	 4.42451406E-03	 3.39956535E-03	 2.52446706E-03
 2.660000E-01	 6.15255709E-05	 3.22297587E-05	-1.37545240E-06	-3.59377887E-04	 1.45932001E-03	-9.84613226E-04	-9.40742406E-04	-3.80825523E-03	-3.27370206E-03	-3.96204699E-03	-5.39418969E-05	-1.01660952E-05	 1.24279846E-04	 6.07764243E-04	-3.41694877E-04	 3.10453375E-03	 3.41112436E-03	 4.26807932E-03	 3.30303110E-03	 2.47280427E-03
 2.670000E-01	 6.15301294E-05	 3.20758120E-05	 1.46379571E-06	-3.35321233E-04	 1.39096269E-03	-9.24903349E-04	-8.82531346E-04	-3.63325750E-03	-3.14411929E-03	-3.82561097E-03	-5.49542883E-05	-1.12073130E-05	 1.20733223E-04	 5.85668850E-04	-3.42881774E-04	 2.95675275E-03	 3.26896428E-03	 4.11676262E-03	 3.20851278E-03	 2.42121608E-03
 2.680000E-01	 6.15760661E-05	 3.19577671E-05	 4.13917152E-06	-3.12735631E-04	 1.32593636E-03	-8.68915152E-04	-8.27843173E-04	-3.46643634E-03	-3.01952663E-03	-3.69340153E-03	-5.59664954E-05	-1.22222505E-05	 1.17259305E-04	 5.64255460E-04	-3.43215195E-04	 2.81635724E-03	 3.13273170E-03	 3.97043495E-03	 3.11602465E-03	 2.36978027E-03
 2.690000E-01	 6.16624913E-05	 3.18741097E-05	 6.66063377E-06	-2.91532287E-04	 1.26407078E-03	-8.16405624E-04	-7.76464279E-04	-3.30740792E-03	-2.89974866E-03	-3.56532657E-03	-5.69792674E-05	-1.32127921E-05	 1.13858714E-04	 5.43510226E-04	-3.42783197E-04	 2.68296028E-03	 3.00218655E-03	 3.82896780E-03	 3.02557552E-03	 2.31856892E-03
 2.700000E-01	 6.17885581E-05	 3.18234583E-05	 9.03760460E-06	-2.71628126E-04	 1.20520530E-03	-7.67148440E-04	-7.28194215E-04	-3.15580602E-03	-2.78461445E-03	-3.44129259E-03	-5.79932843E-05	-1.41806906E-05	 1.10531821E-04	 5.23419168E-04	-3.41666237E-04	 2.55619608E-03	 2.87709745E-03	 3.69223248E-03	 2.93716891E-03	 2.26764826E-03
 2.710000E-01	 6.19534576E-05	 3.18045463E-05	 1.12789515E-05	-2.52945344E-04	 1.14918799E-03	-7.20932746E-04	-6.82844787E-04	-3.01128128E-03	-2.67395752E-03	-3.32120502E-03	-5.90091625E-05	-1.51275768E-05	 1.07278774E-04	 5.03967996E-04	-3.39937875E-04	 2.43571873E-03	 2.75724147E-03	 3.56010058E-03	 2.85080351E-03	 2.21707900E-03
 2.720000E-01	 6.21564160E-05	 3.18162139E-05	 1.33930248E-05	-2.35411040E-04	 1.09587505E-03	-6.77562041E-04	-6.40239298E-04	-2.87350047E-03	-2.56761594E-03	-3.20496858E-03	-6.00274609E-05	-1.60549727E-05	 1.04099525E-04	 4.85141993E-04	-3.37665241E-04	 2.32120105E-03	 2.64240395E-03	 3.43244427E-03	 2.76647366E-03	 2.16691657E-03
 2.730000E-01	 6.23966923E-05	 3.18573857E-05	 1.53875492E-05	-2.18956763E-04	 1.04512999E-03	-6.36853242E-04	-6.00211516E-04	-2.74214551E-03	-2.46543208E-03	-3.09248751E-03	-6.10486849E-05	-1.69642965E-05	 1.00993831E-04	 4.66925889E-04	-3.34909413E-04	 2.21233337E-03	 2.53237849E-03	 3.30913681E-03	 2.68416999E-03	 2.11721162E-03
 2.740000E-01	 6.26737248E-05	 3.19271105E-05	 1.72694227E-05	-2.03518515E-04	 9.96825164E-04	-5.98638057E-04	-5.62606605E-04	-2.61691951E-03	-2.36725851E-03	-2.98367322E-03	-6.20734453E-05	-1.78568992E-05	 9.79614716E-05	 4.49305017E-04	-3.31726361E-04	 2.10882703E-03	 2.42697259E-03	 3.19006032E-03	 2.60388612E-03	 2.06801503E-03
 2.750000E-01	 6.29873901E-05	 3.20247436E-05	 1.90454113E-05	-1.89037641E-04	 9.50845774E-04	-5.62763350E-04	-5.27283517E-04	-2.49755592E-03	-2.27296719E-03	-2.87845569E-03	-6.31027338E-05	-1.87341776E-05	 9.50027630E-05	 4.32267655E-04	-3.28169334E-04	 2.01042173E-03	 2.32601522E-03	 3.07511687E-03	 2.52562757E-03	 2.01938556E-03
 2.760000E-01	 6.33375459E-05	 3.21497838E-05	 2.07226361E-05	-1.75459301E-04	 9.07082202E-04	-5.29081544E-04	-4.94107656E-04	-2.38379376E-03	-2.18242836E-03	-2.77675785E-03	-6.41374369E-05	-1.95974732E-05	 9.21178790E-05	 4.15801479E-04	-3.24288837E-04	 1.91686875E-03	 2.22933670E-03	 2.96420403E-03	 2.44939164E-03	 1.97137463E-03
 2.770000E-01	 6.37236601E-05	 3.23015533E-05	 2.23078491E-05	-1.62730392E-04	 8.65424401E-04	-4.97452140E-04	-4.62949635E-04	-2.27536817E-03	-2.09550139E-03	-2.67848371E-03	-6.51780259E-05	-2.04479678E-05	 8.93062004E-05	 3.99892147E-04	-3.20128311E-04	 1.82791817E-03	 2.13675803E-03	 2.85719900E-03	 2.37515511E-03	 1.92401531E-03
 2.780000E-01	 6.41451610E-05	 3.24793699E-05	 2.38070917E-05	-1.50800515E-04	 8.25766579E-04	-4.67744050E-04	-4.33686872E-04	-2.17202386E-03	-2.01204740E-03	-2.58353502E-03	-6.62248708E-05	-2.12867442E-05	 8.65667612E-05	 3.84524547E-04	-3.15726788E-04	 1.74333080E-03	 2.04810521E-03	 2.75397804E-03	 2.30289040E-03	 1.87733498E-03
 2.790000E-01	 6.46015028E-05	 3.26826064E-05	 2.52259891E-05	-1.39622399E-04	 7.88008390E-04	-4.39835077E-04	-4.06204188E-04	-2.07351765E-03	-1.93193207E-03	-2.49181472E-03	-6.72783092E-05	-2.21148193E-05	 8.38984811E-05	 3.69683171E-04	-3.11119661E-04	 1.66288029E-03	 1.96321133E-03	 2.65441994E-03	 2.23256815E-03	 1.83135770E-03
 2.800000E-01	 6.50921648E-05	 3.29106969E-05	 2.65698751E-05	-1.29151758E-04	 7.52055045E-04	-4.13611208E-04	-3.80393461E-04	-1.97961803E-03	-1.85502565E-03	-2.40322721E-03	-6.83386508E-05	-2.29331535E-05	 8.13002292E-05	 3.55351929E-04	-3.06338957E-04	 1.58635262E-03	 1.88191626E-03	 2.55840605E-03	 2.16415741E-03	 1.78610432E-03
 2.810000E-01	 6.56166491E-05	 3.31631333E-05	 2.78438413E-05	-1.19346839E-04	 7.17816922E-04	-3.88966072E-04	-3.56153156E-04	-1.89010458E-03	-1.78120285E-03	-2.31767840E-03	-6.94061772E-05	-2.37426412E-05	 7.87708990E-05	 3.41514375E-04	-3.01413493E-04	 1.51354538E-03	 1.80406649E-03	 2.46582042E-03	 2.09762592E-03	 1.74159277E-03
 2.820000E-01	 6.61744785E-05	 3.34394209E-05	 2.90525637E-05	-1.10168329E-04	 6.85207729E-04	-3.65800611E-04	-3.33387748E-04	-1.80476722E-03	-1.71034253E-03	-2.23507571E-03	-7.04811367E-05	-2.45440847E-05	 7.63093512E-05	 3.28155585E-04	-2.96368959E-04	 1.44426664E-03	 1.72951484E-03	 2.37654983E-03	 2.03294041E-03	 1.69783831E-03
 2.830000E-01	 6.67654559E-05	 3.37391927E-05	 3.02000392E-05	-1.01579429E-04	 6.54147572E-04	-3.44023103E-04	-3.12007435E-04	-1.72341116E-03	-1.64233289E-03	-2.15533559E-03	-7.15640123E-05	-2.53383020E-05	 7.39146656E-05	 3.15261513E-04	-2.91230257E-04	 1.37833984E-03	 1.65812685E-03	 2.29049301E-03	 1.97007482E-03	 1.65486041E-03
 2.840000E-01	 6.73900463E-05	 3.40624530E-05	 3.12905265E-05	-9.35460216E-05	 6.24566862E-04	-3.23550229E-04	-2.91930739E-04	-1.64586592E-03	-1.57708056E-03	-2.07839486E-03	-7.26559589E-05	-2.61263096E-05	 7.15866616E-05	 3.02821403E-04	-2.86022983E-04	 1.31561007E-03	 1.58978778E-03	 2.20757103E-03	 1.90901908E-03	 1.61269062E-03
 2.850000E-01	 6.80485844E-05	 3.44091931E-05	 3.23288829E-05	-8.60351871E-05	 5.96399194E-04	-3.04304284E-04	-2.73083086E-04	-1.57196647E-03	-1.51449270E-03	-2.00418608E-03	-7.37580424E-05	-2.69091252E-05	 6.93249054E-05	 2.90825102E-04	-2.80768432E-04	 1.25592629E-03	 1.52438114E-03	 2.12769732E-03	 1.84975339E-03	 1.57135098E-03
 2.860000E-01	 6.87408458E-05	 3.47791573E-05	 3.33193964E-05	-7.90150364E-05	 5.69575661E-04	-2.86208613E-04	-2.55390816E-04	-1.50153902E-03	-1.45446403E-03	-1.93262261E-03	-7.48706638E-05	-2.76875084E-05	 6.71281528E-05	 2.79259333E-04	-2.75484173E-04	 1.19913336E-03	 1.46178042E-03	 2.05076707E-03	 1.79223937E-03	 1.53084646E-03
 2.870000E-01	 6.94665420E-05	 3.51720437E-05	 3.42656285E-05	-7.24553458E-05	 5.44029152E-04	-2.69191063E-04	-2.38783452E-04	-1.43441515E-03	-1.39689025E-03	-1.86361643E-03	-7.59941073E-05	-2.84621194E-05	 6.49950503E-05	 2.68110022E-04	-2.70185874E-04	 1.14508224E-03	 1.40186262E-03	 1.97667582E-03	 1.73643639E-03	 1.49117830E-03
 2.880000E-01	 7.02254091E-05	 3.55875806E-05	 3.51708086E-05	-6.63276047E-05	 5.19695632E-04	-2.53184273E-04	-2.23194749E-04	-1.37043465E-03	-1.34167095E-03	-1.79708173E-03	-7.71286476E-05	-2.92335743E-05	 6.29243236E-05	 2.57363243E-04	-2.64887418E-04	 1.09363179E-03	 1.34451009E-03	 1.90532230E-03	 1.68230387E-03	 1.45234617E-03
 2.890000E-01	 7.10172080E-05	 3.60255323E-05	 3.60378919E-05	-6.06049064E-05	 4.96514162E-04	-2.38125318E-04	-2.08562556E-04	-1.30944522E-03	-1.28870970E-03	-1.73293500E-03	-7.82745523E-05	-3.00024533E-05	 6.09147779E-05	 2.47005755E-04	-2.59601139E-04	 1.04464850E-03	 1.28961033E-03	 1.83660833E-03	 1.62980129E-03	 1.41434820E-03
 2.900000E-01	 7.18417243E-05	 3.64856943E-05	 3.68695278E-05	-5.52620343E-05	 4.74426658E-04	-2.23955391E-04	-1.94828607E-04	-1.25130214E-03	-1.23791384E-03	-1.67109501E-03	-7.94320826E-05	-3.07693040E-05	 5.89652368E-05	 2.37025746E-04	-2.54338151E-04	 9.98005992E-04	 1.23705568E-03	 1.77043876E-03	 1.57888826E-03	 1.37718110E-03
 2.910000E-01	 7.26987392E-05	 3.69679061E-05	 3.76684028E-05	-5.02759167E-05	 4.53378316E-04	-2.10619186E-04	-1.81938805E-04	-1.19586809E-03	-1.18919459E-03	-1.61148265E-03	-8.06014738E-05	-3.15346880E-05	 5.70744073E-05	 2.27412551E-04	-2.49108544E-04	 9.53584696E-04	 1.18674256E-03	 1.70672066E-03	 1.52952366E-03	 1.34083964E-03
 2.920000E-01	 7.35873552E-05	 3.74717534E-05	 3.84369737E-05	-4.56250308E-05	 4.33314716E-04	-1.98062355E-04	-1.69840924E-04	-1.14300174E-03	-1.14245604E-03	-1.55400627E-03	-8.17821804E-05	-3.22989246E-05	 5.52404993E-05	 2.18150914E-04	-2.43919518E-04	 9.11263628E-04	 1.13856105E-03	 1.64534844E-03	 1.48165234E-03	 1.30530497E-03
 2.930000E-01	 7.45058650E-05	 3.79964039E-05	 3.91765623E-05	-4.12891030E-05	 4.14179260E-04	-1.86233193E-04	-1.58483740E-04	-1.09255769E-03	-1.09759472E-03	-1.49856211E-03	-8.29727185E-05	-3.30618769E-05	 5.34613601E-05	 2.09223444E-04	-2.38773988E-04	 8.70919058E-04	 1.09239590E-03	 1.58620487E-03	 1.43520663E-03	 1.27054523E-03
 2.940000E-01	 7.54531634E-05	 3.85413075E-05	 3.98880081E-05	-3.72496555E-05	 3.95921638E-04	-1.75086425E-04	-1.47820235E-04	-1.04440885E-03	-1.05452220E-03	-1.44506501E-03	-8.41722398E-05	-3.38235546E-05	 5.17355263E-05	 2.00615543E-04	-2.33675560E-04	 8.32442362E-04	 1.04814895E-03	 1.52919361E-03	 1.39013568E-03	 1.23654138E-03
 2.950000E-01	 7.64289410E-05	 3.91063862E-05	 4.05727773E-05	-3.34900838E-05	 3.78499168E-04	-1.64581358E-04	-1.37808244E-04	-9.98446668E-04	-1.01316601E-03	-1.39344921E-03	-8.53807421E-05	-3.45843010E-05	 5.00622107E-05	 1.92315766E-04	-2.28629884E-04	 7.95740791E-04	 1.00573834E-03	 1.47423917E-03	 1.34640517E-03	 1.20328790E-03
 2.960000E-01	 7.74329363E-05	 3.96916408E-05	 4.12326569E-05	-2.99950138E-05	 3.61872342E-04	-1.54679718E-04	-1.28408806E-04	-9.54568949E-04	-9.73457669E-04	-1.34365199E-03	-8.65982624E-05	-3.53445025E-05	 4.84406487E-05	 1.84313697E-04	-2.23642218E-04	 7.60727313E-04	 9.65086075E-04	 1.42126913E-03	 1.30398147E-03	 1.17077892E-03
 2.970000E-01	 7.84648961E-05	 4.02970958E-05	 4.18693907E-05	-2.67500653E-05	 3.46003887E-04	-1.45345567E-04	-1.19585324E-04	-9.12678422E-04	-9.35331369E-04	-1.29561242E-03	-8.78248262E-05	-3.61045416E-05	 4.68700433E-05	 1.76599513E-04	-2.18717346E-04	 7.27319433E-04	 9.26117534E-04	 1.37021338E-03	 1.26283128E-03	 1.13900771E-03
 2.980000E-01	 7.95245748E-05	 4.09227945E-05	 4.24846581E-05	-2.37417701E-05	 3.30858527E-04	-1.36545177E-04	-1.11303383E-04	-8.72682452E-04	-8.98723858E-04	-1.24927132E-03	-8.90604470E-05	-3.68647932E-05	 4.53495675E-05	 1.69163701E-04	-2.13859554E-04	 6.95438908E-04	 8.88761259E-04	 1.32100405E-03	 1.22292167E-03	 1.10796686E-03
 2.990000E-01	 8.06117335E-05	 4.15687996E-05	 4.30801205E-05	-2.09575062E-05	 3.16402944E-04	-1.28246885E-04	-1.03530655E-04	-8.34492855E-04	-8.63574381E-04	-1.20457124E-03	-9.03051273E-05	-3.76256267E-05	 4.38783617E-05	 1.61996777E-04	-2.09072622E-04	 6.65011536E-04	 8.52948841E-04	 1.27357544E-03	 1.18422010E-03	 1.07764828E-03
 3.000000E-01	 8.17260683E-05	 4.22351583E-05	 4.36575199E-05	-1.83853020E-05	 3.02605685E-04	-1.20420924E-04	-9.62368244E-05	-7.98025212E-04	-8.29824085E-04	-1.16145565E-03	-9.15587922E-05	-3.83873892E-05	 4.24555109E-05	 1.55088803E-04	-2.04359572E-04	 6.35966476E-04	 8.18614114E-04	 1.22786296E-03	 1.14669343E-03	 1.04804235E-03
 3.010000E-01	 8.28670017E-05	 4.29217762E-05	 4.42185595E-05	-1.60135505E-05	 2.89436196E-04	-1.13039224E-04	-8.93930642E-05	-7.63196802E-04	-7.97413967E-04	-1.11986630E-03	-9.28210640E-05	-3.91502928E-05	 4.10799990E-05	 1.48429504E-04	-1.99722113E-04	 6.08234505E-04	 7.85691353E-04	 1.18380038E-03	 1.11030559E-03	 1.01913569E-03
 3.020000E-01	 8.40339651E-05	 4.36285522E-05	 4.47646980E-05	-1.38311673E-05	 2.76864494E-04	-1.06075208E-04	-8.29717066E-05	-7.29928380E-04	-7.66286969E-04	-1.07974659E-03	-9.40915017E-05	-3.99144513E-05	 3.97508743E-05	 1.42011298E-04	-1.95161840E-04	 5.81750010E-04	 7.54118038E-04	 1.14132459E-03	 1.07502201E-03	 9.90915406E-04
 3.030000E-01	 8.52266333E-05	 4.43554932E-05	 4.52972104E-05	-1.18274144E-05	 2.64863043E-04	-9.95043871E-05	-7.69473025E-05	-6.98147262E-04	-7.36391140E-04	-1.04104555E-03	-9.53699433E-05	-4.06800841E-05	 3.84673355E-05	 1.35827097E-04	-1.90680751E-04	 5.56452876E-04	 7.23836906E-04	 1.10037834E-03	 1.04081225E-03	 9.63371433E-04
 3.040000E-01	 8.64447401E-05	 4.51026327E-05	 4.58173182E-05	-9.99208851E-06	 2.53406000E-04	-9.33038305E-05	-7.12962036E-05	-6.67785036E-04	-7.07677417E-04	-1.00371475E-03	-9.66563007E-05	-4.14474478E-05	 3.72286345E-05	 1.29869573E-04	-1.86280638E-04	 5.32286626E-04	 6.94793706E-04	 1.06090714E-03	 1.00764713E-03	 9.36494029E-04
 3.050000E-01	 8.76880190E-05	 4.58700010E-05	 4.63261781E-05	-8.31558805E-06	 2.42468781E-04	-8.74519567E-05	-6.59961871E-05	-6.38776544E-04	-6.80098698E-04	-9.67707317E-04	-9.79504827E-05	-4.22167926E-05	 3.60340618E-05	 1.24131357E-04	-1.81962899E-04	 5.09197634E-04	 6.66936494E-04	 1.02285831E-03	 9.75497948E-04	 9.10273109E-04
 3.060000E-01	 8.89562043E-05	 4.66576257E-05	 4.68248895E-05	-6.78886599E-06	 2.32028000E-04	-8.19284618E-05	-6.10263378E-05	-6.11059695E-04	-6.53609730E-04	-9.32977785E-04	-9.92523947E-05	-4.29883574E-05	 3.48829582E-05	 1.18605161E-04	-1.77728547E-04	 4.87134955E-04	 6.40215543E-04	 9.86180975E-04	 9.44336556E-04	 8.84698302E-04
 3.070000E-01	 9.02490302E-05	 4.74655272E-05	 4.73144682E-05	-5.40335145E-06	 2.22061347E-04	-7.67142604E-05	-5.63669142E-05	-5.84575261E-04	-6.28166980E-04	-8.99482090E-04	-1.00561938E-04	-4.37623633E-05	 3.37747413E-05	 1.13283806E-04	-1.73578176E-04	 4.66050172E-04	 6.14583267E-04	 9.50825985E-04	 9.14135380E-04	 8.59759017E-04
 3.080000E-01	 9.15664018E-05	 4.82937930E-05	 4.77956462E-05	-4.15081920E-06	 2.12547493E-04	-7.17916882E-05	-5.19990414E-05	-5.59267359E-04	-6.03729254E-04	-8.67178791E-04	-1.01879182E-04	-4.45390465E-05	 3.27090480E-05	 1.08160387E-04	-1.69512227E-04	 4.45897875E-04	 5.89995286E-04	 9.16747634E-04	 8.84869260E-04	 8.35446090E-04
 3.090000E-01	 9.29095292E-05	 4.91432003E-05	 4.82696012E-05	-3.02335112E-06	 2.03468731E-04	-6.71451414E-05	-4.79057102E-05	-5.35090123E-04	-5.80264994E-04	-8.36039251E-04	-1.03205637E-04	-4.53192410E-05	 3.16860534E-05	 1.03229673E-04	-1.65533282E-04	 4.26640714E-04	 5.66416848E-04	 8.83913892E-04	 8.56525285E-04	 8.11761287E-04
 3.100000E-01	 9.42801741E-05	 5.00148516E-05	 4.87382521E-05	-2.01340951E-06	 1.94809510E-04	-6.27596715E-05	-4.40717206E-05	-5.12002183E-04	-5.57746544E-04	-8.06038920E-04	-1.04543426E-04	-4.61041397E-05	 3.07058810E-05	 9.84874477E-05	-1.61644752E-04	 4.08244810E-04	 5.43816157E-04	 8.52296431E-04	 8.29093030E-04	 7.88708509E-04
 3.110000E-01	 9.56789107E-05	 5.09092120E-05	 4.92031250E-05	-1.11384398E-06	 1.86552371E-04	-5.86199782E-05	-4.04821662E-05	-4.89956440E-04	-5.36139090E-04	-7.77141921E-04	-1.05893350E-04	-4.68944178E-05	 2.97680173E-05	 9.39284749E-05	-1.57847528E-04	 3.90671727E-04	 5.22154389E-04	 8.21854861E-04	 8.02549498E-04	 7.66279276E-04
 3.120000E-01	 9.71057373E-05	 5.18264139E-05	 4.96651342E-05	-3.17823137E-07	 1.78679200E-04	-5.47113539E-05	-3.71222567E-05	-4.68904160E-04	-5.15405029E-04	-7.49307889E-04	-1.07255550E-04	-4.76904277E-05	 2.88718220E-05	 8.95459107E-05	-1.54141110E-04	 3.73882055E-04	 5.01390939E-04	 7.92544696E-04	 7.76866999E-04	 7.44459877E-04
 3.130000E-01	 9.85606662E-05	 5.27665886E-05	 5.01250540E-05	 3.81164465E-07	 1.71172533E-04	-5.10201179E-05	-3.39779184E-05	-4.48798749E-04	-4.95508095E-04	-7.22497706E-04	-1.08630161E-04	-4.84924817E-05	 2.80167529E-05	 8.53330563E-05	-1.50524645E-04	 3.57838207E-04	 4.81486996E-04	 7.64323103E-04	 7.52018668E-04	 7.23236704E-04
 3.140000E-01	 1.00043723E-04	 5.37298691E-05	 5.05836268E-05	 9.89374297E-07	 1.64015752E-04	-4.75334584E-05	-3.10359313E-05	-4.29595862E-04	-4.76413531E-04	-6.96673640E-04	-1.10017319E-04	-4.93008814E-05	 2.72023062E-05	 8.12836336E-05	-1.46997103E-04	 3.42504475E-04	 4.62405452E-04	 7.37148836E-04	 7.27978348E-04	 7.02596225E-04
 3.150000E-01	 1.01554948E-04	 5.47163862E-05	 5.10415404E-05	 1.51284871E-06	 1.57193047E-04	-4.42393519E-05	-2.82838731E-05	-4.11253299E-04	-4.58088032E-04	-6.71799301E-04	-1.11417162E-04	-5.01159235E-05	 2.64280060E-05	 7.73917236E-05	-1.43557354E-04	 3.27846957E-04	 4.44110828E-04	 7.10982182E-04	 7.04720588E-04	 6.82525010E-04
 3.160000E-01	 1.03094400E-04	 5.57262697E-05	 5.14994220E-05	 1.95742505E-06	 1.50689318E-04	-4.11264794E-05	-2.57100284E-05	-3.93730849E-04	-4.40499655E-04	-6.47839578E-04	-1.12829833E-04	-5.09378987E-05	 2.56934055E-05	 7.36517655E-05	-1.40204228E-04	 3.13833458E-04	 4.26569215E-04	 6.85784943E-04	 6.82220664E-04	 6.63009777E-04
 3.170000E-01	 1.04662185E-04	 5.67596621E-05	 5.19578939E-05	 2.32871958E-06	 1.44490085E-04	-3.81840292E-05	-2.33031200E-05	-3.76989996E-04	-4.23617616E-04	-6.24760539E-04	-1.14255479E-04	-5.17670968E-05	 2.49980680E-05	 7.00586203E-05	-1.36936620E-04	 3.00433414E-04	 4.09748245E-04	 6.61520553E-04	 6.60454774E-04	 6.44037656E-04
 3.180000E-01	 1.06258384E-04	 5.78166662E-05	 5.24175488E-05	 2.63218820E-06	 1.38581752E-04	-3.54021504E-05	-2.10528301E-05	-3.60994464E-04	-4.07412764E-04	-6.02529783E-04	-1.15694285E-04	-5.26038419E-05	 2.43414916E-05	 6.66075608E-05	-1.33753134E-04	 2.87617690E-04	 3.93616948E-04	 6.38153599E-04	 6.39399593E-04	 6.25595647E-04
 3.190000E-01	 1.07883079E-04	 5.88973900E-05	 5.28788320E-05	 2.87304848E-06	 1.32951354E-04	-3.27715830E-05	-1.89495635E-05	-3.45709757E-04	-3.91857177E-04	-5.81115985E-04	-1.17146416E-04	-5.34484505E-05	 2.37232066E-05	 6.32940984E-05	-1.30652443E-04	 2.75358648E-04	 3.78145719E-04	 6.15649961E-04	 6.19032354E-04	 6.07670787E-04
 3.200000E-01	 1.09536366E-04	 6.00019577E-05	 5.33420621E-05	 3.05618606E-06	 1.27586409E-04	-3.02835094E-05	-1.69842534E-05	-3.31102937E-04	-3.76924001E-04	-5.60488820E-04	-1.18612020E-04	-5.43012296E-05	 2.31427923E-05	 6.01140144E-05	-1.27633346E-04	 2.63630055E-04	 3.63306282E-04	 5.93976875E-04	 5.99330966E-04	 5.90250306E-04
 3.210000E-01	 1.11218353E-04	 6.11304984E-05	 5.38074741E-05	 3.18610889E-06	 1.22474961E-04	-2.79296158E-05	-1.51483851E-05	-3.17142663E-04	-3.62587516E-04	-5.40619053E-04	-1.20091248E-04	-5.51624974E-05	 2.25998316E-05	 5.70633377E-05	-1.24694658E-04	 2.52406966E-04	 3.49071632E-04	 5.73102836E-04	 5.80273975E-04	 5.73321591E-04
 3.220000E-01	 1.12929159E-04	 6.22831508E-05	 5.42752362E-05	 3.26690656E-06	 1.17605623E-04	-2.57020546E-05	-1.34339544E-05	-3.03799106E-04	-3.48823083E-04	-5.21478502E-04	-1.21584248E-04	-5.60325883E-05	 2.20939024E-05	 5.41380515E-05	-1.21835237E-04	 2.41665671E-04	 3.35415985E-04	 5.52997564E-04	 5.61840556E-04	 5.56872203E-04
 3.230000E-01	 1.14668910E-04	 6.34600662E-05	 5.47455218E-05	 3.30224736E-06	 1.12967618E-04	-2.35934081E-05	-1.18335027E-05	-2.91043948E-04	-3.35607180E-04	-5.03040056E-04	-1.23091173E-04	-5.69118675E-05	 2.16245215E-05	 5.13343647E-05	-1.19054049E-04	 2.31383617E-04	 3.22314691E-04	 5.33631922E-04	 5.44010458E-04	 5.40889862E-04
 3.240000E-01	 1.16437321E-04	 6.46611807E-05	 5.52184770E-05	 3.29535254E-06	 1.08550617E-04	-2.15964609E-05	-1.03402186E-05	-2.78849509E-04	-3.22916429E-04	-4.85276067E-04	-1.24611744E-04	-5.78005764E-05	 2.11909876E-05	 4.86485682E-05	-1.16349904E-04	 2.21538660E-04	 3.09743037E-04	 5.14976019E-04	 5.26762003E-04	 5.25360537E-04
 3.250000E-01	 1.18232235E-04	 6.58854035E-05	 5.56932486E-05	 3.24900143E-06	 1.04343214E-04	-1.97040706E-05	-8.94751464E-06	-2.67185247E-04	-3.10723552E-04	-4.68152605E-04	-1.26143658E-04	-5.86980107E-05	 2.07923693E-05	 4.60764189E-05	-1.13719888E-04	 2.12106507E-04	 2.97672850E-04	 4.96993487E-04	 5.10066345E-04	 5.10262620E-04
 3.260000E-01	 1.20051243E-04	 6.71314854E-05	 5.61684599E-05	 3.16566236E-06	 1.00334227E-04	-1.79099353E-05	-7.64890960E-06	-2.56022010E-04	-2.99002255E-04	-4.51637153E-04	-1.27684352E-04	-5.96032203E-05	 2.04280041E-05	 4.36139436E-05	-1.11160699E-04	 2.03064117E-04	 2.86077620E-04	 4.79649828E-04	 4.93896165E-04	 4.95575380E-04
 3.270000E-01	 1.21893683E-04	 6.83991534E-05	 5.66435396E-05	 3.04750082E-06	 9.65146023E-05	-1.62084700E-05	-6.43832887E-06	-2.45336255E-04	-2.87732269E-04	-4.35705962E-04	-1.29233120E-04	-6.05160945E-05	 2.00975458E-05	 4.12581025E-05	-1.08670892E-04	 1.94393019E-04	 2.74936873E-04	 4.62919998E-04	 4.78233390E-04	 4.81286936E-04
 3.280000E-01	 1.23759385E-04	 6.96884199E-05	 5.71183697E-05	 2.89632463E-06	 9.28764842E-05	-1.45943217E-05	-5.31027047E-06	-2.35106883E-04	-2.76895745E-04	-4.20338320E-04	-1.30789784E-04	-6.14368414E-05	 1.98005070E-05	 3.90060963E-05	-1.06249784E-04	 1.86076592E-04	 2.64232192E-04	 4.46781937E-04	 4.63062513E-04	 4.67387765E-04
 3.290000E-01	 1.25648166E-04	 7.09993028E-05	 5.75929092E-05	 2.71363024E-06	 8.94125833E-05	-1.30623595E-05	-4.25959924E-06	-2.25313816E-04	-2.66475628E-04	-4.05514293E-04	-1.32354159E-04	-6.23656889E-05	 1.95362717E-05	 3.68550459E-05	-1.03896831E-04	 1.78099007E-04	 2.53945903E-04	 4.31214349E-04	 4.48368421E-04	 4.53868473E-04
 3.300000E-01	 1.27559838E-04	 7.23318269E-05	 5.80671568E-05	 2.50067150E-06	 8.61160799E-05	-1.16077014E-05	-3.28146427E-06	-2.15937879E-04	-2.56455544E-04	-3.91214647E-04	-1.33926037E-04	-6.33028561E-05	 1.93041597E-05	 3.48018823E-05	-1.01611542E-04	 1.70445176E-04	 2.44061070E-04	 4.16196697E-04	 4.34136438E-04	 4.40719831E-04
 3.310000E-01	 1.29494210E-04	 7.36860265E-05	 5.85411360E-05	 2.25856652E-06	 8.29805643E-05	-1.02257268E-05	-2.37126115E-06	-2.06960735E-04	-2.46819750E-04	-3.77420813E-04	-1.35505196E-04	-6.42485387E-05	 1.91034490E-05	 3.28434891E-05	-9.93934592E-05	 1.63100719E-04	 2.34561476E-04	 4.01709204E-04	 4.20352347E-04	 4.27932802E-04
 3.320000E-01	 1.31451332E-04	 7.50620742E-05	 5.90150042E-05	 1.98849056E-06	 8.00000505E-05	-8.91209999E-06	-1.52460126E-06	-1.98365180E-04	-2.37553507E-04	-3.64115513E-04	-1.37091644E-04	-6.52030152E-05	 1.89333620E-05	 3.09773658E-05	-9.72422728E-05	 1.56052175E-04	 2.25431993E-04	 3.87733523E-04	 4.07003128E-04	 4.15499302E-04
 3.330000E-01	 1.33431623E-04	 7.64603529E-05	 5.94891803E-05	 1.69162091E-06	 7.71691486E-05	-7.66268696E-06	-7.37356179E-07	-1.90135311E-04	-2.28643303E-04	-3.51283025E-04	-1.38685772E-04	-6.61667535E-05	 1.87930270E-05	 2.92008845E-05	-9.51579455E-05	 1.49287123E-04	 2.16658698E-04	 3.74252944E-04	 3.94077156E-04	 4.03412440E-04
 3.340000E-01	 1.35435311E-04	 7.78811476E-05	 5.99640744E-05	 1.36915084E-06	 7.44827639E-05	-6.47351202E-06	-5.73870940E-09	-1.82255669E-04	-2.20075836E-04	-3.38907557E-04	-1.40287770E-04	-6.71401355E-05	 1.86814665E-05	 2.75109324E-05	-9.31403207E-05	 1.42793479E-04	 2.08227818E-04	 3.61250605E-04	 3.81562310E-04	 3.91664608E-04
 3.350000E-01	 1.37462256E-04	 7.93245526E-05	 6.04399325E-05	 1.02236347E-06	 7.19358829E-05	-5.34078220E-06	 6.73791787E-07	-1.74710955E-04	-2.11837666E-04	-3.26972840E-04	-1.41897433E-04	-6.81233182E-05	 1.85977150E-05	 2.59039597E-05	-9.11889473E-05	 1.36559341E-04	 2.00125558E-04	 3.48709190E-04	 3.69445691E-04	 3.80247172E-04
 3.360000E-01	 1.39512281E-04	 8.07906436E-05	 6.09170070E-05	 6.52700308E-07	 6.95237173E-05	-4.26092995E-06	 1.30457881E-06	-1.67486495E-04	-2.03915799E-04	-3.15463071E-04	-1.43514500E-04	-6.91163905E-05	 1.85408677E-05	 2.43761724E-05	-8.93032362E-05	 1.30573364E-04	 1.92338683E-04	 3.36611952E-04	 3.57714705E-04	 3.69151576E-04
 3.370000E-01	 1.41585194E-04	 8.22794863E-05	 6.13955954E-05	 2.61812115E-07	 6.72417413E-05	-3.23059446E-06	 1.88975646E-06	-1.60568281E-04	-1.96297760E-04	-3.04363005E-04	-1.45138692E-04	-7.01193986E-05	 1.85100639E-05	 2.29236467E-05	-8.74824978E-05	 1.24824767E-04	 1.84854531E-04	 3.24942760E-04	 3.46357132E-04	 3.58369429E-04
 3.380000E-01	 1.43680790E-04	 8.37911317E-05	 6.18760110E-05	-1.48399058E-07	 6.50856370E-05	-2.24662613E-06	 2.43228947E-06	-1.53942911E-04	-1.88971534E-04	-2.93657913E-04	-1.46769709E-04	-7.11323289E-05	 1.85045344E-05	 2.15424272E-05	-8.57259025E-05	 1.19303308E-04	 1.77660999E-04	 3.13686096E-04	 3.35361135E-04	 3.47892520E-04
 3.390000E-01	 1.45799331E-04	 8.53259033E-05	 6.23586348E-05	-5.75738691E-07	 6.30512673E-05	-1.30617538E-06	 2.93510019E-06	-1.47597882E-04	-1.81925951E-04	-2.83334342E-04	-1.48407684E-04	-7.21552620E-05	 1.85238036E-05	 2.02286563E-05	-8.40326459E-05	 1.13999581E-04	 1.70747084E-04	 3.02828017E-04	 3.24716374E-04	 3.37713929E-04
 3.400000E-01	 1.47943748E-04	 8.68856829E-05	 6.28449008E-05	-1.01773617E-06	 6.11356704E-05	-4.06593604E-07	 3.40093425E-06	-1.41523781E-04	-1.75153417E-04	-2.73384153E-04	-1.50055443E-04	-7.31895665E-05	 1.85677414E-05	 1.89788725E-05	-8.24035201E-05	 1.08906545E-04	 1.64105126E-04	 2.92360247E-04	 3.14418344E-04	 3.27832647E-04
 3.410000E-01	 1.50117609E-04	 8.84726934E-05	 6.33366842E-05	-1.47178274E-06	 5.93364269E-05	 4.54859963E-07	 3.83212211E-06	-1.35712116E-04	-1.68647272E-04	-2.63800096E-04	-1.51716501E-04	-7.42371088E-05	 1.86358797E-05	 1.77895776E-05	-8.08399295E-05	 1.04017597E-04	 1.57727857E-04	 2.82275084E-04	 3.04462877E-04	 3.18247987E-04
 3.420000E-01	 1.52322001E-04	 9.00876571E-05	 6.38348635E-05	-1.93529994E-06	 5.76502485E-05	 1.28088537E-06	 4.23079780E-06	-1.30152170E-04	-1.62397924E-04	-2.54570098E-04	-1.53391846E-04	-7.52985601E-05	 1.87273403E-05	 1.66565926E-05	-7.93417174E-05	 9.93243688E-05	 1.51605231E-04	 2.72559669E-04	 2.94840053E-04	 3.08953095E-04
 3.430000E-01	 1.54557129E-04	 9.17307503E-05	 6.43398329E-05	-2.40561066E-06	 5.60735059E-05	 2.07390927E-06	 4.59908489E-06	-1.24832670E-04	-1.56394892E-04	-2.45680682E-04	-1.55081527E-04	-7.63740193E-05	 1.88413759E-05	 1.55758077E-05	-7.79078893E-05	 9.48181726E-05	 1.45726667E-04	 2.63199895E-04	 2.85538468E-04	 2.99939289E-04
 3.440000E-01	 1.56823209E-04	 9.34021207E-05	 6.48519440E-05	-2.87993389E-06	 5.46027224E-05	 2.83614807E-06	 4.93900863E-06	-1.19742819E-04	-1.50628077E-04	-2.37118827E-04	-1.56785590E-04	-7.74635264E-05	 1.89773392E-05	 1.45434478E-05	-7.65373786E-05	 9.04907202E-05	 1.40082049E-04	 2.54182232E-04	 2.76547146E-04	 2.91198111E-04
 3.450000E-01	 1.59120459E-04	 9.51018741E-05	 6.53715369E-05	-3.35542486E-06	 5.32346191E-05	 3.56965834E-06	 5.25245133E-06	-1.14872334E-04	-1.45087818E-04	-2.28871999E-04	-1.58504085E-04	-7.85671086E-05	 1.91345687E-05	 1.35560562E-05	-7.52291869E-05	 8.63341046E-05	 1.34661701E-04	 2.45493689E-04	 2.67855491E-04	 2.82721307E-04
 3.460000E-01	 1.61448984E-04	 9.68299951E-05	 6.58989623E-05	-3.82921214E-06	 5.19661796E-05	 4.27639716E-06	 5.54110545E-06	-1.10211424E-04	-1.39764874E-04	-2.20928059E-04	-1.60236977E-04	-7.96847833E-05	 1.93122730E-05	 1.26104757E-05	-7.39824328E-05	 8.23407268E-05	 1.29456256E-04	 2.37121623E-04	 2.59453057E-04	 2.74500626E-04
 3.470000E-01	 1.63807263E-04	 9.85854349E-05	 6.64339931E-05	-4.29838353E-06	 5.07941924E-05	 4.95819071E-06	 5.80648103E-06	-1.05749748E-04	-1.34649113E-04	-2.13273256E-04	-1.61982635E-04	-8.08157833E-05	 1.95094288E-05	 1.17037458E-05	-7.27955448E-05	 7.85025598E-05	 1.24455523E-04	 2.29051641E-04	 2.51327274E-04	 2.66525402E-04
 3.480000E-01	 1.66192481E-04	 1.00366333E-04	 6.69758481E-05	-4.75995154E-06	 4.97152105E-05	 5.61658211E-06	 6.05005534E-06	-1.01476674E-04	-1.29729838E-04	-2.05892978E-04	-1.63738136E-04	-8.19585788E-05	 1.97251230E-05	 1.08331626E-05	-7.16661786E-05	 7.48114847E-05	 1.19649044E-04	 2.21268554E-04	 2.43464544E-04	 2.58783679E-04
 3.490000E-01	 1.68603253E-04	 1.02171675E-04	 6.75242931E-05	-5.21088928E-06	 4.87263617E-05	 6.25293856E-06	 6.27332592E-06	-9.73830589E-05	-1.24998074E-04	-1.98775364E-04	-1.65501967E-04	-8.31122685E-05	 1.99587826E-05	 9.99644534E-06	-7.05926428E-05	 7.12605812E-05	 1.15028120E-04	 2.13760150E-04	 2.35854394E-04	 2.51266694E-04
 3.500000E-01	 1.71039398E-04	 1.04001156E-04	 6.80796594E-05	-5.64814425E-06	 4.78253594E-05	 6.86861576E-06	 6.47769693E-06	-9.34610271E-05	-1.20446310E-04	-1.91910743E-04	-1.67273828E-04	-8.42766361E-05	 2.02098127E-05	 9.19163943E-06	-6.95740731E-05	 6.78438108E-05	 1.10585330E-04	 2.06516392E-04	 2.28488573E-04	 2.43968028E-04
 3.510000E-01	 1.73500731E-04	 1.05854455E-04	 6.86423536E-05	-6.06860990E-06	 4.70101004E-05	 7.46493196E-06	 6.66446604E-06	-8.97031111E-05	-1.16067423E-04	-1.85289939E-04	-1.69053442E-04	-8.54515500E-05	 2.04774585E-05	 8.41698311E-06	-6.86097991E-05	 6.45553744E-05	 1.06313545E-04	 1.99527631E-04	 2.21359109E-04	 2.36881540E-04
 3.520000E-01	 1.75987042E-04	 1.07731234E-04	 6.92128213E-05	-6.46910576E-06	 4.62785995E-05	 8.04313846E-06	 6.83486833E-06	-8.61021640E-05	-1.11854569E-04	-1.78904157E-04	-1.70840511E-04	-8.66369070E-05	 2.07608989E-05	 7.67089743E-06	-6.76992109E-05	 6.13896890E-05	 1.02205913E-04	 1.92784568E-04	 2.14458289E-04	 2.30001314E-04
 3.530000E-01	 1.78498042E-04	 1.09631108E-04	 6.97915806E-05	-6.84640748E-06	 4.56290470E-05	 8.60446246E-06	 6.99005365E-06	-8.26513651E-05	-1.07801198E-04	-1.72744960E-04	-1.72634682E-04	-8.78326468E-05	 2.10591854E-05	 6.95193227E-06	-6.68417900E-05	 5.83413702E-05	 9.82558099E-05	 1.86278180E-04	 2.07778580E-04	 2.23321583E-04
 3.540000E-01	 1.81032212E-04	 1.11552947E-04	 7.03787916E-05	-7.19721906E-06	 4.50595285E-05	 9.15009197E-06	 7.13107303E-06	-7.93436625E-05	-1.03900341E-04	-1.66803136E-04	-1.74434400E-04	-8.90381532E-05	 2.13711864E-05	 6.25870274E-06	-6.60366480E-05	 5.54048737E-05	 9.44562290E-05	 1.79998575E-04	 2.01311338E-04	 2.16835346E-04
 3.550000E-01	 1.83586565E-04	 1.13494722E-04	 7.09740859E-05	-7.51817445E-06	 4.45679013E-05	 9.68102390E-06	 7.25890615E-06	-7.61717601E-05	-1.00144562E-04	-1.61068684E-04	-1.76236711E-04	-9.02520368E-05	 2.16957739E-05	 5.58988598E-06	-6.52821887E-05	 5.25745530E-05	 9.07998464E-05	 1.73935037E-04	 1.95046894E-04	 2.10534350E-04
 3.560000E-01	 1.86159094E-04	 1.15454984E-04	 7.15774558E-05	-7.80597655E-06	 4.41523337E-05	 1.01981626E-05	 7.37453927E-06	-7.31292404E-05	-9.65274103E-05	-1.55533083E-04	-1.78039642E-04	-9.14733125E-05	 2.20320596E-05	 4.94429434E-06	-6.45770516E-05	 4.98454531E-05	 8.72803441E-05	 1.68078526E-04	 1.88977323E-04	 2.04412013E-04
 3.570000E-01	 1.88749149E-04	 1.17433090E-04	 7.21894151E-05	-8.05747199E-06	 4.38113898E-05	 1.07025043E-05	 7.47894773E-06	-7.02106008E-05	-9.30435114E-05	-1.50189331E-04	-1.79842509E-04	-9.27016439E-05	 2.23792190E-05	 4.32083825E-06	-6.39205348E-05	 4.72132796E-05	 8.38923833E-05	 1.62421729E-04	 1.83096478E-04	 1.98463511E-04
 3.580000E-01	 1.91356148E-04	 1.19428402E-04	 7.28104986E-05	-8.26964650E-06	 4.35437473E-05	 1.11950757E-05	 7.57302612E-06	-6.74106834E-05	-8.96878171E-05	-1.45030735E-04	-1.81644711E-04	-9.39367464E-05	 2.27363233E-05	 3.71843815E-06	-6.33120735E-05	 4.46739552E-05	 8.06308785E-05	 1.56957680E-04	 1.77398466E-04	 1.92684145E-04
 3.590000E-01	 1.93979512E-04	 1.21440258E-04	 7.34411961E-05	-8.43966131E-06	 4.33481199E-05	 1.16769037E-05	 7.65762233E-06	-6.47245837E-05	-8.64555001E-05	-1.40050804E-04	-1.83445649E-04	-9.51782972E-05	 2.31024601E-05	 3.13599245E-06	-6.27510800E-05	 4.22235875E-05	 7.74909563E-05	 1.51679684E-04	 1.71877577E-04	 1.87069271E-04
 3.600000E-01	 1.96618737E-04	 1.23468024E-04	 7.40819143E-05	-8.56488938E-06	 4.32231744E-05	 1.21489820E-05	 7.73357020E-06	-6.21476123E-05	-8.33419142E-05	-1.35243247E-04	-1.85244766E-04	-9.64259059E-05	 2.34768350E-05	 2.57236213E-06	-6.22368905E-05	 3.98584750E-05	 7.44679733E-05	 1.46581354E-04	 1.66528355E-04	 1.81614369E-04
 3.610000E-01	 1.99274902E-04	 1.25512049E-04	 7.47334887E-05	-8.64298867E-06	 4.31677650E-05	 1.26123522E-05	 7.80175383E-06	-5.96757088E-05	-8.03431644E-05	-1.30602926E-04	-1.87042925E-04	-9.76798327E-05	 2.38589113E-05	 2.02639758E-06	-6.17693156E-05	 3.75753716E-05	 7.15580360E-05	 1.41657654E-04	 1.61346793E-04	 1.76316372E-04
 3.620000E-01	 2.01950902E-04	 1.27573801E-04	 7.53973890E-05	-8.67190800E-06	 4.31811988E-05	 1.30682251E-05	 7.86302866E-06	-5.73055417E-05	-7.74562435E-05	-1.26125951E-04	-1.88842734E-04	-9.89413327E-05	 2.42481048E-05	 1.49696042E-06	-6.13489066E-05	 3.53714079E-05	 6.87579219E-05	 1.36904793E-04	 1.56330203E-04	 1.71173595E-04
 3.630000E-01	 2.04648316E-04	 1.29653911E-04	 7.60746193E-05	-8.64984457E-06	 4.32626748E-05	 1.35178341E-05	 7.91812037E-06	-5.50335326E-05	-7.46777367E-05	-1.21807609E-04	-1.90645625E-04	-1.00211168E-04	 2.46434677E-05	 9.82822495E-07	-6.09758574E-05	 3.32434686E-05	 6.60639138E-05	 1.32317942E-04	 1.51474635E-04	 1.66182952E-04
 3.640000E-01	 2.07367032E-04	 1.31751975E-04	 7.67654925E-05	-8.57522671E-06	 4.34109975E-05	 1.39623053E-05	 7.96771425E-06	-5.28556781E-05	-7.20035997E-05	-1.17642182E-04	-1.92451379E-04	-1.01489179E-04	 2.50440667E-05	 4.82645292E-07	-6.06496049E-05	 3.11882257E-05	 6.34718044E-05	 1.27891216E-04	 1.46774882E-04	 1.61339940E-04
 3.650000E-01	 2.10106854E-04	 1.33867569E-04	 7.74702388E-05	-8.44677732E-06	 4.36249164E-05	 1.44027248E-05	 8.01250511E-06	-5.07680768E-05	-6.94298611E-05	-1.13624083E-04	-1.94259664E-04	-1.02775087E-04	 2.54491636E-05	-4.98774908E-09	-6.03693611E-05	 2.92024786E-05	 6.09775142E-05	 1.23618883E-04	 1.42225861E-04	 1.56640143E-04
 3.660000E-01	 2.12867585E-04	 1.36000290E-04	 7.81890567E-05	-8.26351019E-06	 4.39031895E-05	 1.48401816E-05	 8.05317908E-06	-4.87669889E-05	-6.69527033E-05	-1.09747941E-04	-1.96070141E-04	-1.04068600E-04	 2.58580915E-05	-4.81556655E-07	-6.01342780E-05	 2.72831608E-05	 5.85771135E-05	 1.19495410E-04	 1.37822661E-04	 1.52079292E-04
 3.670000E-01	 2.15649142E-04	 1.38149835E-04	 7.89220933E-05	-8.02470282E-06	 4.42445109E-05	 1.52757360E-05	 8.09043042E-06	-4.68488282E-05	-6.45684565E-05	-1.06008628E-04	-1.97882545E-04	-1.05369415E-04	 2.62703064E-05	-9.48619473E-07	-5.99434600E-05	 2.54273459E-05	 5.62668500E-05	 1.15515525E-04	 1.33560617E-04	 1.47653342E-04
 3.680000E-01	 2.18453144E-04	 1.40317011E-04	 7.96700381E-05	-7.72992767E-06	 4.46478441E-05	 1.57105182E-05	 8.12500020E-06	-4.50105108E-05	-6.22740766E-05	-1.02402010E-04	-1.99698184E-04	-1.06678059E-04	 2.66854330E-05	-1.40780699E-06	-5.97964849E-05	 2.36324136E-05	 5.40435374E-05	 1.11675004E-04	 1.29436223E-04	 1.43359485E-04
 3.690000E-01	 2.21282620E-04	 1.42503562E-04	 8.04341337E-05	-7.37902806E-06	 4.51125358E-05	 1.61458444E-05	 8.15765067E-06	-4.32493363E-05	-6.00670045E-05	-9.89246621E-05	-2.01519634E-04	-1.07995843E-04	 2.71030473E-05	-1.86077366E-06	-5.96935328E-05	 2.18959220E-05	 5.19043623E-05	 1.07970341E-04	 1.25446735E-04	 1.39195748E-04
 3.700000E-01	 2.24139088E-04	 1.44710297E-04	 8.12151415E-05	-6.97200364E-06	 4.56378135E-05	 1.65830128E-05	 8.18905875E-06	-4.15623753E-05	-5.79443178E-05	-9.55724732E-05	-2.03348066E-04	-1.09323406E-04	 2.75224709E-05	-2.30917123E-06	-5.96344387E-05	 2.02152852E-05	 4.98461568E-05	 1.04397234E-04	 1.21588419E-04	 1.35159040E-04
 3.710000E-01	 2.27022714E-04	 1.46937193E-04	 8.20133401E-05	-6.50899583E-06	 4.62227023E-05	 1.70231991E-05	 8.21984294E-06	-3.99465364E-05	-5.59028080E-05	-9.23408464E-05	-2.05183409E-04	-1.10660668E-04	 2.79430248E-05	-2.75464522E-06	-5.96185082E-05	 1.85878798E-05	 4.78655497E-05	 1.00950840E-04	 1.17856862E-04	 1.31245464E-04
 3.720000E-01	 2.29933643E-04	 1.49184252E-04	 8.28290118E-05	-5.99029076E-06	 4.68662550E-05	 1.74675472E-05	 8.25062118E-06	-3.83988335E-05	-5.39393593E-05	-8.92253280E-05	-2.07025541E-04	-1.12007485E-04	 2.83641279E-05	-3.19869374E-06	-5.96449683E-05	 1.70112107E-05	 4.59593129E-05	 9.76264893E-05	 1.14247793E-04	 1.27451230E-04
 3.730000E-01	 2.32872018E-04	 1.51451506E-04	 8.36625043E-05	-5.41628748E-06	 4.75676253E-05	 1.79171982E-05	 8.28199257E-06	-3.69164184E-05	-5.20509931E-05	-8.62216453E-05	-2.08874346E-04	-1.13363732E-04	 2.87851697E-05	-3.64269156E-06	-5.97130792E-05	 1.54829029E-05	 4.41243569E-05	 9.44196871E-05	 1.10757082E-04	 1.23772664E-04
 3.740000E-01	 2.35837383E-04	 1.53738621E-04	 8.45141349E-05	-4.78751421E-06	 4.83261462E-05	 1.83733416E-05	 8.31450879E-06	-3.54965284E-05	-5.02347966E-05	-8.33255386E-05	-2.10729232E-04	-1.14729129E-04	 2.92053545E-05	-4.08788459E-06	-5.98220126E-05	 1.40006594E-05	 4.23576145E-05	 9.13258814E-05	 1.07380454E-04	 1.20205906E-04
 3.750000E-01	 2.38825510E-04	 1.56042840E-04	 8.53829433E-05	-4.10456564E-06	 4.91405800E-05	 1.88369263E-05	 8.34859215E-06	-3.41359941E-05	-4.84872308E-05	-8.05316707E-05	-2.12586249E-04	-1.16101527E-04	 2.96236301E-05	-4.53541980E-06	-5.99698321E-05	 1.25621105E-05	 4.06555155E-05	 8.83393212E-05	 1.04112164E-04	 1.16745405E-04
 3.760000E-01	 2.41831013E-04	 1.58360683E-04	 8.62673439E-05	-3.36811534E-06	 5.00091328E-05	 1.93086297E-05	 8.38465708E-06	-3.28316253E-05	-4.68046706E-05	-7.78346369E-05	-2.14440343E-04	-1.17477911E-04	 3.00392900E-05	-4.98653245E-06	-6.01540156E-05	 1.11650631E-05	 3.90145750E-05	 8.54542697E-05	 1.00946441E-04	 1.13385496E-04
 3.770000E-01	 2.44852032E-04	 1.60690976E-04	 8.71668921E-05	-2.57898768E-06	 5.09304777E-05	 1.97892910E-05	 8.42324413E-06	-3.15808992E-05	-4.51843906E-05	-7.52305232E-05	-2.16289602E-04	-1.18856882E-04	 3.04520714E-05	-5.44260746E-06	-6.03730254E-05	 9.80769676E-06	 3.74321359E-05	 8.26666515E-05	 9.78794226E-05	 1.10122589E-04
 3.780000E-01	 2.47888148E-04	 1.63033484E-04	 8.80817071E-05	-1.73813383E-06	 5.19036867E-05	 2.02799229E-05	 8.46492327E-06	-3.03816504E-05	-4.36241355E-05	-7.27160995E-05	-2.18133466E-04	-1.20237884E-04	 3.08615574E-05	-5.90503390E-06	-6.06259946E-05	 8.48834419E-06	 3.59058935E-05	 7.99730807E-05	 9.49079959E-05	 1.06953903E-04
 3.790000E-01	 2.50938931E-04	 1.65387970E-04	 8.90119096E-05	-8.46594227E-07	 5.29278981E-05	 2.07815694E-05	 8.51025730E-06	-2.92318163E-05	-4.21217652E-05	-7.02882691E-05	-2.19971391E-04	-1.21620392E-04	 3.12671914E-05	-6.37514583E-06	-6.09121757E-05	 7.20539575E-06	 3.44336288E-05	 7.73702907E-05	 9.20291416E-05	 1.03876724E-04
 3.800000E-01	 2.54003948E-04	 1.67754215E-04	 8.99576109E-05	 9.45108877E-08	 5.40022795E-05	 2.12952781E-05	 8.55980826E-06	-2.81294164E-05	-4.06752290E-05	-6.79440479E-05	-2.21802829E-04	-1.23003862E-04	 3.16683967E-05	-6.85420894E-06	-6.12308440E-05	 5.95730422E-06	 3.30132086E-05	 7.48551321E-05	 8.92399370E-05	 1.00888409E-04
 3.810000E-01	 2.57082504E-04	 1.70131852E-04	 9.09188533E-05	 1.08395864E-06	 5.51259211E-05	 2.18220816E-05	 8.61414073E-06	-2.70725019E-05	-3.92825016E-05	-6.56804745E-05	-2.23626964E-04	-1.24387586E-04	 3.20646048E-05	-7.34344943E-06	-6.15812232E-05	 4.74257309E-06	 3.16425462E-05	 7.24244972E-05	 8.65374666E-05	 9.79862840E-05
 3.820000E-01	 2.60173277E-04	 1.72520112E-04	 9.18955321E-05	 2.12032684E-06	 5.62977008E-05	 2.23629213E-05	 8.67380410E-06	-2.60591275E-05	-3.79415376E-05	-6.34945414E-05	-2.25442418E-04	-1.25770522E-04	 3.24552588E-05	-7.84424095E-06	-6.19623332E-05	 3.55975569E-06	 3.03195689E-05	 7.00752349E-05	 8.39187259E-05	 9.51675351E-05
 3.830000E-01	 2.63275016E-04	 1.74918280E-04	 9.28876451E-05	 3.20202943E-06	 5.75166416E-05	 2.29187074E-05	 8.73932329E-06	-2.50874880E-05	-3.66504474E-05	-6.13834611E-05	-2.27248036E-04	-1.27151774E-04	 3.28397533E-05	-8.35802851E-06	-6.23731576E-05	 2.40748232E-06	 2.90423247E-05	 6.78043671E-05	 8.13808782E-05	 9.24294988E-05
 3.840000E-01	 2.66387099E-04	 1.77326135E-04	 9.38953783E-05	 4.32731045E-06	 5.87819506E-05	 2.34904193E-05	 8.81125106E-06	-2.41558894E-05	-3.54074873E-05	-5.93446863E-05	-2.29043115E-04	-1.28530681E-04	 3.32176027E-05	-8.88628574E-06	-6.28129380E-05	 1.28441911E-06	 2.78090074E-05	 6.56092046E-05	 7.89213905E-05	 8.97698400E-05
 3.850000E-01	 2.69508972E-04	 1.79743546E-04	 9.49189686E-05	 5.49422235E-06	 6.00928812E-05	 2.40790484E-05	 8.89014418E-06	-2.32627046E-05	-3.42109922E-05	-5.73757874E-05	-2.30827005E-04	-1.29906648E-04	 3.35883084E-05	-9.43048323E-06	-6.32809920E-05	 1.89243822E-07	 2.66178798E-05	 6.34871776E-05	 7.65378344E-05	 8.71863256E-05
 3.860000E-01	 2.72640074E-04	 1.82170414E-04	 9.59586358E-05	 6.70062625E-06	 6.14486526E-05	 2.46855662E-05	 8.97655993E-06	-2.24063587E-05	-3.30593532E-05	-5.54744250E-05	-2.32599041E-04	-1.31279084E-04	 3.39513989E-05	-9.99209535E-06	-6.37766513E-05	-8.79362263E-07	 2.54672588E-05	 6.14358098E-05	 7.42278613E-05	 8.46767917E-05
 3.870000E-01	 2.75780246E-04	 1.84606948E-04	 9.70145366E-05	 7.94424429E-06	 6.28482974E-05	 2.53108488E-05	 9.07105879E-06	-2.15853338E-05	-3.19510257E-05	-5.36383941E-05	-2.34358825E-04	-1.32647479E-04	 3.43065406E-05	-1.05726434E-05	-6.42993904E-05	-1.92272825E-06	 2.43555473E-05	 5.94528003E-05	 7.19893110E-05	 8.22392595E-05
 3.880000E-01	 2.78933174E-04	 1.87055991E-04	 9.80879289E-05	 9.22274757E-06	 6.42916138E-05	 2.59560280E-05	 9.17429814E-06	-2.07984406E-05	-3.08849290E-05	-5.18662650E-05	-2.36109149E-04	-1.34013140E-04	 3.46536817E-05	-1.11736928E-05	-6.48498255E-05	-2.94224518E-06	 2.32815109E-05	 5.75367134E-05	 6.98210429E-05	 7.98728935E-05
 3.890000E-01	 2.82104571E-04	 1.89521760E-04	 9.91809343E-05	 1.05336548E-05	 6.57793563E-05	 2.66225869E-05	 9.28698980E-06	-2.00446846E-05	-2.98602590E-05	-5.01569890E-05	-2.37854627E-04	-1.35378700E-04	 3.49924553E-05	-1.17964656E-05	-6.54293035E-05	-3.93939932E-06	 2.22440446E-05	 5.56864589E-05	 6.77222979E-05	 7.75772944E-05
 3.900000E-01	 2.85296594E-04	 1.92006063E-04	 1.00294637E-04	 1.18742051E-05	 6.73116940E-05	 2.73117703E-05	 9.40974048E-06	-1.93228137E-05	-2.88758246E-05	-4.85088338E-05	-2.39596906E-04	-1.36745269E-04	 3.53218939E-05	-1.24415229E-05	-6.60382729E-05	-4.91569144E-06	 2.12417147E-05	 5.39001618E-05	 6.56913418E-05	 7.53509283E-05
 3.910000E-01	 2.88509286E-04	 1.94509285E-04	 1.01429290E-04	 1.32414777E-05	 6.88880753E-05	 2.80244817E-05	 9.54307626E-06	-1.86314226E-05	-2.79301949E-05	-4.69196940E-05	-2.41335758E-04	-1.38112795E-04	 3.56410468E-05	-1.31089989E-05	-6.66764624E-05	-5.87258437E-06	 2.02729419E-05	 5.21755732E-05	 6.37259767E-05	 7.31916884E-05
 3.920000E-01	 2.91742703E-04	 1.97031817E-04	 1.02585052E-04	 1.46324520E-05	 7.05078198E-05	 2.87614986E-05	 9.68749709E-06	-1.79691395E-05	-2.70219675E-05	-4.53875231E-05	-2.43070928E-04	-1.39481162E-04	 3.59490916E-05	-1.37988098E-05	-6.73435181E-05	-6.81151001E-06	 1.93361892E-05	 5.05105246E-05	 6.18240884E-05	 7.10975293E-05
 3.930000E-01	 2.94996899E-04	 1.99574034E-04	 1.03762059E-04	 1.60440645E-05	 7.21702436E-05	 2.95235367E-05	 9.84348068E-06	-1.73346388E-05	-2.61497911E-05	-4.39103497E-05	-2.44802174E-04	-1.40850295E-04	 3.62451508E-05	-1.45105645E-05	-6.80390901E-05	-7.73387337E-06	 1.84299593E-05	 4.89029238E-05	 5.99836381E-05	 6.90664663E-05
 3.940000E-01	 2.98271590E-04	 2.02136032E-04	 1.04960417E-04	 1.74732531E-05	 7.38745851E-05	 3.03112241E-05	 1.00114719E-05	-1.67266323E-05	-2.53123480E-05	-4.24862461E-05	-2.46529073E-04	-1.42220080E-04	 3.65282161E-05	-1.52434948E-05	-6.87627195E-05	-8.64103805E-06	 1.75527758E-05	 4.73506990E-05	 5.82025963E-05	 6.70964997E-05
 3.950000E-01	 3.01565987E-04	 2.04717532E-04	 1.06180155E-04	 1.89169765E-05	 7.56198126E-05	 3.11250458E-05	 1.01918816E-05	-1.61438372E-05	-2.45083129E-05	-4.11132794E-05	-2.48250775E-04	-1.43590161E-04	 3.67972915E-05	-1.59964811E-05	-6.95138076E-05	-9.53431660E-06	 1.67031766E-05	 4.58517785E-05	 5.64789204E-05	 6.51855927E-05
 3.960000E-01	 3.04879603E-04	 2.07318511E-04	 1.07421302E-04	 2.03722433E-05	 7.74048530E-05	 3.19654173E-05	 1.03851084E-05	-1.55850024E-05	-2.37363974E-05	-3.97895983E-05	-2.49966501E-04	-1.44960160E-04	 3.70516084E-05	-1.67681944E-05	-7.02918380E-05	-1.04149976E-05	 1.58797598E-05	 4.44042191E-05	 5.48107083E-05	 6.33318593E-05
 3.970000E-01	 3.08212390E-04	 2.09939240E-04	 1.08683970E-04	 2.18361443E-05	 7.92289273E-05	 3.28327594E-05	 1.05915260E-05	-1.50489690E-05	-2.29954197E-05	-3.85135127E-05	-2.51675935E-04	-1.46330029E-04	 3.72903530E-05	-1.75571260E-05	-7.10963300E-05	-1.12843358E-05	 1.50811957E-05	 4.30062130E-05	 5.31962063E-05	 6.15335758E-05
 3.980000E-01	 3.11564323E-04	 2.12580010E-04	 1.09968269E-04	 2.33058668E-05	 8.10913097E-05	 3.37274566E-05	 1.08114840E-05	-1.45346248E-05	-2.22842448E-05	-3.72834074E-05	-2.53378811E-04	-1.47699808E-04	 3.75126500E-05	-1.83615331E-05	-7.19267977E-05	-1.21435440E-05	 1.43062012E-05	 4.16560183E-05	 5.16337238E-05	 5.97890851E-05
 3.990000E-01	 3.14935356E-04	 2.15241103E-04	 1.11274362E-04	 2.47786923E-05	 8.29913717E-05	 3.46498590E-05	 1.10453069E-05	-1.40408998E-05	-2.16017788E-05	-3.60977306E-05	-2.55074878E-04	-1.49069608E-04	 3.77175871E-05	-1.91794384E-05	-7.27827174E-05	-1.29937777E-05	 1.35535393E-05	 4.03519500E-05	 5.01216221E-05	 5.80967847E-05
 4.000000E-01	 3.18324540E-04	 2.17922194E-04	 1.12602282E-04	 2.62518624E-05	 8.49286254E-05	 3.56002890E-05	 1.12932819E-05	-1.35667321E-05	-2.09469214E-05	-3.49549035E-05	-2.56763200E-04	-1.50439235E-04	 3.79041626E-05	-2.00086213E-05	-7.36632183E-05	-1.38360728E-05	 1.28219859E-05	 3.90922701E-05	 4.86581751E-05	 5.64549709E-05
 4.010000E-01	 3.21727435E-04	 2.20620599E-04	 1.13950616E-04	 2.77225209E-05	 8.69017667E-05	 3.65786509E-05	 1.15555528E-05	-1.31109505E-05	-2.03183825E-05	-3.38530360E-05	-2.58439974E-04	-1.51806728E-04	 3.80712497E-05	-2.08466009E-05	-7.45663717E-05	-1.46712280E-05	 1.21102313E-05	 3.78748934E-05	 4.72412111E-05	 5.48614172E-05
 4.020000E-01	 3.25139355E-04	 2.23333395E-04	 1.15317378E-04	 2.91885365E-05	 8.89089254E-05	 3.75845573E-05	 1.18321878E-05	-1.26724416E-05	-1.97149165E-05	-3.27903351E-05	-2.60101297E-04	-1.53169905E-04	 3.82178787E-05	-2.16907394E-05	-7.54900343E-05	-1.54999304E-05	 1.14170371E-05	 3.66978289E-05	 4.58686750E-05	 5.33140105E-05
 4.030000E-01	 3.28558940E-04	 2.26059886E-04	 1.16701669E-04	 3.06484781E-05	 9.09487464E-05	 3.86178453E-05	 1.21233382E-05	-1.22502695E-05	-1.91355288E-05	-3.17654328E-05	-2.61745937E-04	-1.54528110E-04	 3.83435104E-05	-2.25386835E-05	-7.64329908E-05	-1.63229346E-05	 1.07413535E-05	 3.55595670E-05	 4.45391052E-05	 5.18113160E-05
 4.040000E-01	 3.31985636E-04	 2.28799887E-04	 1.18103033E-04	 3.21011931E-05	 9.30202843E-05	 3.96784819E-05	 1.24291777E-05	-1.18435720E-05	-1.85793245E-05	-3.07771043E-05	-2.63373375E-04	-1.55881181E-04	 3.84475777E-05	-2.33881345E-05	-7.73942874E-05	-1.71409526E-05	 1.00822030E-05	 3.44587371E-05	 4.32512018E-05	 5.03520823E-05
 4.050000E-01	 3.35418862E-04	 2.31553164E-04	 1.19521030E-04	 3.35457365E-05	 9.51226845E-05	 4.07664318E-05	 1.27498695E-05	-1.14515185E-05	-1.80454402E-05	-2.98241665E-05	-2.64983101E-04	-1.57228950E-04	 3.85295335E-05	-2.42367783E-05	-7.83729213E-05	-1.79546233E-05	 9.43864570E-06	 3.33940031E-05	 4.20036997E-05	 4.89350909E-05
 4.060000E-01	 3.38858169E-04	 2.34319546E-04	 1.20955201E-04	 3.49814072E-05	 9.72550287E-05	 4.18816228E-05	 1.30855641E-05	-1.10733069E-05	-1.75330391E-05	-2.89054777E-05	-2.66574680E-04	-1.58571217E-04	 3.85889754E-05	-2.50823377E-05	-7.93679035E-05	-1.87645287E-05	 8.80978014E-06	 3.23640751E-05	 4.07953854E-05	 4.75591745E-05
 4.070000E-01	 3.42304014E-04	 2.37099464E-04	 1.22405479E-04	 3.64078498E-05	 9.94163336E-05	 4.30240155E-05	 1.34364342E-05	-1.07081754E-05	-1.70413347E-05	-2.80199852E-05	-2.68148277E-04	-1.59908097E-04	 3.86257932E-05	-2.59226058E-05	-8.03785503E-05	-1.95712450E-05	 8.19476587E-06	 3.13677836E-05	 3.96251863E-05	 4.62233223E-05
 4.080000E-01	 3.45756992E-04	 2.39893362E-04	 1.23872182E-04	 3.78249944E-05	 1.01606008E-04	 4.41936482E-05	 1.38026447E-05	-1.03554285E-05	-1.65696120E-05	-2.71667199E-05	-2.69704472E-04	-1.61240100E-04	 3.86397082E-05	-2.67553657E-05	-8.14040615E-05	-2.03752615E-05	 7.59281552E-06	 3.04039996E-05	 3.84920655E-05	 4.49265589E-05
 4.090000E-01	 3.49216880E-04	 2.42701166E-04	 1.25355338E-04	 3.92328310E-05	 1.03823627E-04	 4.53905330E-05	 1.41843261E-05	-1.00143757E-05	-1.61171414E-05	-2.63446748E-05	-2.71243193E-04	-1.62567323E-04	 3.86304128E-05	-2.75784233E-05	-8.24433091E-05	-2.11769505E-05	 7.00316793E-06	 2.94715500E-05	 3.73949093E-05	 4.36678167E-05
 4.100000E-01	 3.52683115E-04	 2.45522620E-04	 1.26854715E-04	 4.06314702E-05	 1.06068707E-04	 4.66146397E-05	 1.45815874E-05	-9.68433764E-06	-1.56831903E-05	-2.55528361E-05	-2.72764003E-04	-1.63889578E-04	 3.85977854E-05	-2.83897643E-05	-8.34950240E-05	-2.19766167E-05	 6.42509864E-06	 2.85692711E-05	 3.63325950E-05	 4.24460147E-05
 4.110000E-01	 3.56155120E-04	 2.48357468E-04	 1.28369998E-04	 4.20210993E-05	 1.08340697E-04	 4.78659239E-05	 1.49945259E-05	-9.36466641E-06	-1.52670506E-05	-2.47902240E-05	-2.74266447E-04	-1.65206642E-04	 3.85418852E-05	-2.91877725E-05	-8.45578950E-05	-2.27745197E-05	 5.85792668E-06	 2.76960388E-05	 3.53040310E-05	 4.12601031E-05
 4.120000E-01	 3.59632654E-04	 2.51205719E-04	 1.29900801E-04	 4.34016009E-05	 1.10638913E-04	 4.91442724E-05	 1.54232165E-05	-9.05475478E-06	-1.48680460E-05	-2.40559068E-05	-2.75750257E-04	-1.66518317E-04	 3.84630162E-05	-2.99717332E-05	-8.56307769E-05	-2.35709365E-05	 5.30100818E-06	 2.68507889E-05	 3.43081876E-05	 4.01090973E-05
 4.130000E-01	 3.63118809E-04	 2.54069769E-04	 1.31447746E-04	 4.47732669E-05	 1.12963955E-04	 5.04500152E-05	 1.58678518E-05	-8.75411948E-06	-1.44856684E-05	-2.33492072E-05	-2.77217751E-04	-1.67825967E-04	 3.83615460E-05	-3.07415314E-05	-8.67134924E-05	-2.43663582E-05	 4.75378327E-06	 2.60327311E-05	 3.33443656E-05	 3.89923920E-05
 4.140000E-01	 3.66618593E-04	 2.56953445E-04	 1.33012462E-04	 4.61364623E-05	 1.15317761E-04	 5.17840262E-05	 1.63287721E-05	-8.46232871E-06	-1.41195002E-05	-2.26695681E-05	-2.78672647E-04	-1.69131961E-04	 3.82376463E-05	-3.14969968E-05	-8.78065417E-05	-2.51613890E-05	 4.21574459E-06	 2.52412132E-05	 3.24120134E-05	 3.79095530E-05
 4.150000E-01	 3.70133865E-04	 2.59858336E-04	 1.34595908E-04	 4.74910461E-05	 1.17701503E-04	 5.31469283E-05	 1.68062431E-05	-8.17887496E-06	-1.37690088E-05	-2.20162345E-05	-2.80116288E-04	-1.70437343E-04	 3.80910793E-05	-3.22373450E-05	-8.89096941E-05	-2.59563988E-05	 3.68636163E-06	 2.44753596E-05	 3.15102758E-05	 3.68597823E-05
 4.160000E-01	 3.73664508E-04	 2.62784596E-04	 1.36198337E-04	 4.88366794E-05	 1.20115438E-04	 5.45389834E-05	 1.73004336E-05	-7.90321971E-06	-1.34335955E-05	-2.13883472E-05	-2.81548509E-04	-1.71742167E-04	 3.79215855E-05	-3.29615343E-05	-9.00221706E-05	-2.67516007E-05	 3.16509828E-06	 2.37341788E-05	 3.06381445E-05	 3.58420895E-05
 4.170000E-01	 3.77210403E-04	 2.65732381E-04	 1.37819966E-04	 5.01730476E-05	 1.22559705E-04	 5.59603894E-05	 1.78114999E-05	-7.63484395E-06	-1.31126783E-05	-2.07850717E-05	-2.82969113E-04	-1.73046394E-04	 3.77289696E-05	-3.36685708E-05	-9.11432076E-05	-2.75471772E-05	 2.65144473E-06	 2.30167115E-05	 2.97946434E-05	 3.48555109E-05
 4.180000E-01	 3.80771227E-04	 2.68701701E-04	 1.39461184E-04	 5.14997449E-05	 1.25034584E-04	 5.74113952E-05	 1.83396120E-05	-7.37324433E-06	-1.28056971E-05	-2.02055997E-05	-2.84377808E-04	-1.74349981E-04	 3.75129209E-05	-3.43574112E-05	-9.22719958E-05	-2.83432457E-05	 2.14492444E-06	 2.23220211E-05	 2.89788121E-05	 3.38990930E-05
 4.190000E-01	 3.84344597E-04	 2.71691030E-04	 1.41122075E-04	 5.28160444E-05	 1.27539684E-04	 5.88920085E-05	 1.88848674E-05	-7.11789732E-06	-1.25120547E-05	-1.96490604E-05	-2.85772925E-04	-1.75652099E-04	 3.72729809E-05	-3.50268264E-05	-9.34071610E-05	-2.91397164E-05	 1.64508132E-06	 2.16490893E-05	 2.81895738E-05	 3.29717373E-05
 4.200000E-01	 3.87927043E-04	 2.74698095E-04	 1.42802288E-04	 5.41209908E-05	 1.30073696E-04	 6.04019034E-05	 1.94472823E-05	-6.86826653E-06	-1.22311225E-05	-1.91145473E-05	-2.87151784E-04	-1.76951108E-04	 3.70090571E-05	-3.56758238E-05	-9.45471538E-05	-2.99364171E-05	 1.15147660E-06	 2.09968860E-05	 2.74258271E-05	 3.20723092E-05
 4.210000E-01	 3.91516960E-04	 2.77722026E-04	 1.44501887E-04	 5.54138100E-05	 1.32635913E-04	 6.19409432E-05	 2.00269296E-05	-6.62388153E-06	-1.19623586E-05	-1.86012871E-05	-2.88513017E-04	-1.78246063E-04	 3.67213387E-05	-3.63039820E-05	-9.56909415E-05	-3.07333105E-05	 6.63711402E-07	 2.03645332E-05	 2.66866558E-05	 3.11998845E-05
 4.220000E-01	 3.95113889E-04	 2.80762806E-04	 1.46221376E-04	 5.66940851E-05	 1.35226395E-04	 6.35092736E-05	 2.06239582E-05	-6.38432388E-06	-1.17052958E-05	-1.81086104E-05	-2.89856258E-04	-1.79536732E-04	 3.64098100E-05	-3.69108723E-05	-9.68378114E-05	-3.15304149E-05	 1.81433873E-07	 1.97512579E-05	 2.59712586E-05	 3.03536687E-05
 4.230000E-01	 3.98717354E-04	 2.83820442E-04	 1.47961384E-04	 5.79612358E-05	 1.37845333E-04	 6.51071083E-05	 2.12385356E-05	-6.14919280E-06	-1.14594913E-05	-1.76358787E-05	-2.91181170E-04	-1.80822961E-04	 3.60743564E-05	-3.74960776E-05	-9.79871111E-05	-3.23277320E-05	-2.95674305E-07	 1.91563223E-05	 2.52788601E-05	 2.95328914E-05
 4.240000E-01	 4.02326726E-04	 2.86894866E-04	 1.49722588E-04	 5.92143735E-05	 1.40493014E-04	 6.67347008E-05	 2.18708406E-05	-5.91810049E-06	-1.12245188E-05	-1.71824739E-05	-2.92487304E-04	-1.82104544E-04	 3.57148903E-05	-3.80592630E-05	-9.91381469E-05	-3.31252296E-05	-7.67899860E-07	 1.85790161E-05	 2.46087007E-05	 2.87367951E-05
 4.250000E-01	 4.05940185E-04	 2.89985292E-04	 1.51504891E-04	 6.04521900E-05	 1.43169393E-04	 6.83921149E-05	 2.25209953E-05	-5.69065261E-06	-1.09999287E-05	-1.67477408E-05	-2.93773146E-04	-1.83380514E-04	 3.53313998E-05	-3.86001725E-05	-1.00289910E-04	-3.39227759E-05	-1.23550157E-06	 1.80186088E-05	 2.39599758E-05	 2.79645640E-05
 4.260000E-01	 4.09555155E-04	 2.93090339E-04	 1.53307610E-04	 6.16734024E-05	 1.45874186E-04	 7.00792402E-05	 2.31890572E-05	-5.46648914E-06	-1.07852933E-05	-1.63310493E-05	-2.95036948E-04	-1.84649794E-04	 3.49235800E-05	-3.91186307E-05	-1.01441025E-04	-3.47201446E-05	-1.69871279E-06	 1.74743643E-05	 2.33318719E-05	 2.72153630E-05
 4.270000E-01	 4.13170247E-04	 2.96209409E-04	 1.55130609E-04	 6.28770366E-05	 1.48607129E-04	 7.17960895E-05	 2.38751405E-05	-5.24527518E-06	-1.05802310E-05	-1.59318453E-05	-2.96277868E-04	-1.85911863E-04	 3.44911965E-05	-3.96145772E-05	-1.02590593E-04	-3.55172074E-05	-2.15775762E-06	 1.69456296E-05	 2.27236809E-05	 2.64884730E-05
 4.280000E-01	 4.16784777E-04	 2.99342401E-04	 1.56974237E-04	 6.40621498E-05	 1.51368085E-04	 7.35427970E-05	 2.45794166E-05	-5.02667968E-06	-1.03843842E-05	-1.55496165E-05	-2.97495482E-04	-1.87166452E-04	 3.40341198E-05	-4.00879541E-05	-1.03738066E-04	-3.63138949E-05	-2.61285324E-06	 1.64318071E-05	 2.21347602E-05	 2.57832460E-05
 4.290000E-01	 4.20398048E-04	 3.02489197E-04	 1.58838912E-04	 6.52276955E-05	 1.54156941E-04	 7.53195125E-05	 2.53020737E-05	-4.81037452E-06	-1.01974068E-05	-1.51838706E-05	-2.98689380E-04	-1.88413286E-04	 3.35522007E-05	-4.05386468E-05	-1.04882913E-04	-3.71101281E-05	-3.06420978E-06	 1.59323170E-05	 2.15644879E-05	 2.50990519E-05
 4.300000E-01	 4.24009619E-04	 3.05649849E-04	 1.60725080E-04	 6.63726263E-05	 1.56973402E-04	 7.71263682E-05	 2.60433126E-05	-4.59603522E-06	-1.00189639E-05	-1.48341384E-05	-2.99859280E-04	-1.89652110E-04	 3.30453602E-05	-4.09665204E-05	-1.06024776E-04	-3.79058690E-05	-3.51204193E-06	 1.54466035E-05	 2.10122744E-05	 2.44352921E-05
 4.310000E-01	 4.27620405E-04	 3.08825336E-04	 1.62633908E-04	 6.74961126E-05	 1.59817160E-04	 7.89636649E-05	 2.68034169E-05	-4.38333961E-06	-9.84875115E-06	-1.45000054E-05	-3.01005766E-04	-1.90883224E-04	 3.25137017E-05	-4.13714038E-05	-1.07163892E-04	-3.87012229E-05	-3.95657577E-06	 1.49741799E-05	 2.04776155E-05	 2.37914611E-05
 4.320000E-01	 4.31231429E-04	 3.12016648E-04	 1.64567051E-04	 6.85973473E-05	 1.62688393E-04	 8.08318704E-05	 2.75827168E-05	-4.17197767E-06	-9.68649341E-06	-1.41810940E-05	-3.02129789E-04	-1.92107365E-04	 3.19570207E-05	-4.17528837E-05	-1.08300346E-04	-3.94962378E-05	-4.39801134E-06	 1.45145792E-05	 1.99600208E-05	 2.31670655E-05
 4.330000E-01	 4.34842478E-04	 3.15223989E-04	 1.66525614E-04	 6.96751825E-05	 1.65587294E-04	 8.27313135E-05	 2.83814895E-05	-3.96163765E-06	-9.53189760E-06	-1.38769972E-05	-3.03231367E-04	-1.93324636E-04	 3.13750314E-05	-4.21103648E-05	-1.09433732E-04	-4.02908255E-05	-4.83651249E-06	 1.40673104E-05	 1.94589528E-05	 2.25615512E-05
 4.340000E-01	 4.38452930E-04	 3.18447338E-04	 1.68510335E-04	 7.07283441E-05	 1.68513843E-04	 8.46622143E-05	 2.91999781E-05	-3.75201501E-06	-9.38466882E-06	-1.35873070E-05	-3.04310131E-04	-1.94534826E-04	 3.07675842E-05	-4.24433210E-05	-1.10563511E-04	-4.10848729E-05	-5.27222546E-06	 1.36318902E-05	 1.89738730E-05	 2.19743570E-05
 4.350000E-01	 4.42062156E-04	 3.21686692E-04	 1.70521855E-04	 7.17555896E-05	 1.71467905E-04	 8.66247554E-05	 3.00384158E-05	-3.54281844E-06	-9.24452454E-06	-1.33116327E-05	-3.05365705E-04	-1.95737720E-04	 3.01345991E-05	-4.27513661E-05	-1.11689152E-04	-4.18782718E-05	-5.70528147E-06	 1.32078581E-05	 1.85042621E-05	 2.14049388E-05
 4.360000E-01	 4.45669729E-04	 3.24942226E-04	 1.72560789E-04	 7.27557685E-05	 1.74449603E-04	 8.86191501E-05	 3.08970407E-05	-3.33378194E-06	-9.11120613E-06	-1.30496141E-05	-3.06397959E-04	-1.96933295E-04	 2.94758620E-05	-4.30342705E-05	-1.12810089E-04	-4.26709205E-05	-6.13579428E-06	 1.27947792E-05	 1.80496269E-05	 2.08527778E-05
 4.370000E-01	 4.49275929E-04	 3.28214724E-04	 1.74627896E-04	 7.37277002E-05	 1.77459937E-04	 9.06458455E-05	 3.17761587E-05	-3.12467174E-06	-8.98449059E-06	-1.28009350E-05	-3.07407341E-04	-1.98121907E-04	 2.87909538E-05	-4.32919896E-05	-1.13925800E-04	-4.34627651E-05	-6.56386438E-06	 1.23922521E-05	 1.76095166E-05	 2.03173992E-05
 4.380000E-01	 4.52881204E-04	 3.31505231E-04	 1.76723940E-04	 7.46698604E-05	 1.80499584E-04	 9.27052984E-05	 3.26761093E-05	-2.91523063E-06	-8.86414018E-06	-1.25652706E-05	-3.08393929E-04	-1.99303514E-04	 2.80798394E-05	-4.35245124E-05	-1.15036216E-04	-4.42538469E-05	-6.98960096E-06	 1.19999015E-05	 1.71835027E-05	 1.97983473E-05
 4.390000E-01	 4.56485159E-04	 3.34814020E-04	 1.78849582E-04	 7.55806480E-05	 1.83568550E-04	 9.47977927E-05	 3.35971872E-05	-2.70519054E-06	-8.74991304E-06	-1.23422968E-05	-3.09357468E-04	-2.00477991E-04	 2.73423136E-05	-4.37315824E-05	-1.16141057E-04	-4.50441091E-05	-7.41310547E-06	 1.16173380E-05	 1.67711380E-05	 1.92951406E-05
 4.400000E-01	 4.60087238E-04	 3.38141198E-04	 1.81005397E-04	 7.64585737E-05	 1.86666623E-04	 9.69235387E-05	 3.45396775E-05	-2.49428274E-06	-8.64157071E-06	-1.21317007E-05	-3.10297656E-04	-2.01645185E-04	 2.65781013E-05	-4.39127711E-05	-1.17239972E-04	-4.58334683E-05	-7.83447914E-06	 1.12441763E-05	 1.63719839E-05	 1.88073059E-05
 4.410000E-01	 4.63686901E-04	 3.41486878E-04	 1.83191908E-04	 7.73022075E-05	 1.89793469E-04	 9.90827137E-05	 3.55038686E-05	-2.28223750E-06	-8.53887841E-06	-1.19331818E-05	-3.11214196E-04	-2.02804921E-04	 2.57869112E-05	-4.40675951E-05	-1.18332637E-04	-4.66218455E-05	-8.25382773E-06	 1.08800392E-05	 1.59856169E-05	 1.83343841E-05
 4.420000E-01	 4.67284060E-04	 3.44851459E-04	 1.85410024E-04	 7.81099818E-05	 1.92948575E-04	 1.01275540E-04	 3.64900812E-05	-2.06877430E-06	-8.44160943E-06	-1.17464621E-05	-3.12107088E-04	-2.03957221E-04	 2.49685707E-05	-4.41957673E-05	-1.19419012E-04	-4.74092270E-05	-8.67127713E-06	 1.05245697E-05	 1.56116429E-05	 1.78759480E-05
 4.430000E-01	 4.70879165E-04	 3.48235660E-04	 1.87661287E-04	 7.88804370E-05	 1.96131491E-04	 1.03502380E-04	 3.74986957E-05	-1.85359515E-06	-8.34954755E-06	-1.15712883E-05	-3.12976737E-04	-2.05102454E-04	 2.41229450E-05	-4.42968988E-05	-1.20499298E-04	-4.81956399E-05	-9.08696039E-06	 1.01774396E-05	 1.52496983E-05	 1.74316033E-05
 4.440000E-01	 4.74472240E-04	 3.51639959E-04	 1.89947162E-04	 7.96119881E-05	 1.99342042E-04	 1.05763586E-04	 3.85300862E-05	-1.63640863E-06	-8.26247887E-06	-1.14074108E-05	-3.13823297E-04	-2.06240848E-04	 2.32498131E-05	-4.43704791E-05	-1.21573420E-04	-4.89810343E-05	-9.50098034E-06	 9.83832493E-06	 1.48994155E-05	 1.70009492E-05
 4.450000E-01	 4.78062767E-04	 3.55064549E-04	 1.92268702E-04	 8.03028574E-05	 2.02580136E-04	 1.08059410E-04	 3.95845872E-05	-1.41694135E-06	-8.18019011E-06	-1.12545798E-05	-3.14646519E-04	-2.07372310E-04	 2.23489443E-05	-4.44160403E-05	-1.22641016E-04	-4.97652990E-05	-9.91340942E-06	 9.50690188E-06	 1.45604215E-05	 1.65835750E-05
 4.460000E-01	 4.81650194E-04	 3.58509637E-04	 1.94626921E-04	 8.09511931E-05	 2.05845660E-04	 1.10390085E-04	 4.06625242E-05	-1.19492954E-06	-8.10247609E-06	-1.11125576E-05	-3.15446118E-04	-2.08496718E-04	 2.14201643E-05	-4.44332484E-05	-1.23701723E-04	-5.05483206E-05	-1.03243052E-05	 9.18286288E-06	 1.42323561E-05	 1.61790808E-05
 4.470000E-01	 4.85233890E-04	 3.61975421E-04	 1.97022805E-04	 8.15549854E-05	 2.09138559E-04	 1.12755848E-04	 4.17642219E-05	-9.70117024E-07	-8.02913822E-06	-1.09811171E-05	-3.16221716E-04	-2.09613874E-04	 2.04633978E-05	-4.44219304E-05	-1.24755183E-04	-5.13299739E-05	-1.07337053E-05	 8.86591766E-06	 1.39148706E-05	 1.57870773E-05
 4.480000E-01	 4.88812701E-04	 3.65461907E-04	 1.99456653E-04	 8.21119925E-05	 2.12458547E-04	 1.15156722E-04	 4.28899441E-05	-7.42269726E-07	-7.95997183E-06	-1.08600221E-05	-3.16972283E-04	-2.10722976E-04	 1.94787482E-05	-4.43820813E-05	-1.25801003E-04	-5.21101432E-05	-1.11416271E-05	 8.55578064E-06	 1.36076174E-05	 1.54071717E-05
 4.490000E-01	 4.92384962E-04	 3.68968612E-04	 2.01928366E-04	 8.26201934E-05	 2.15805539E-04	 1.17592666E-04	 4.40399112E-05	-5.11192392E-07	-7.89479498E-06	-1.07490612E-05	-3.17697015E-04	-2.11823558E-04	 1.84656407E-05	-4.43136363E-05	-1.26838232E-04	-5.28885619E-05	-1.15480460E-05	 8.25215453E-06	 1.33102431E-05	 1.50389646E-05
 4.500000E-01	 4.95949657E-04	 3.72495459E-04	 2.04438444E-04	 8.30777389E-05	 2.19179412E-04	 1.20063768E-04	 4.52143961E-05	-2.76668694E-07	-7.83343247E-06	-1.06480451E-05	-3.18395534E-04	-2.12915453E-04	 1.74235113E-05	-4.42164809E-05	-1.27866311E-04	-5.36650290E-05	-1.19529547E-05	 7.95476900E-06	 1.30224263E-05	 1.46820910E-05
 4.510000E-01	 4.99506151E-04	 3.76042658E-04	 2.06987875E-04	 8.34826966E-05	 2.22580040E-04	 1.22570187E-04	 4.64137130E-05	-3.84592072E-08	-7.77570596E-06	-1.05567943E-05	-3.19067546E-04	-2.13998502E-04	 1.63519715E-05	-4.40903535E-05	-1.28885046E-04	-5.44394116E-05	-1.23563643E-05	 7.66337279E-06	 1.27438685E-05	 1.43362111E-05
 4.520000E-01	 5.03053764E-04	 3.79610380E-04	 2.09577792E-04	 8.38333913E-05	 2.26007448E-04	 1.25112136E-04	 4.76382072E-05	 2.03688271E-07	-7.72143549E-06	-1.04751377E-05	-3.19712786E-04	-2.15072598E-04	 1.52504760E-05	-4.39343229E-05	-1.29894197E-04	-5.52115354E-05	-1.27582720E-05	 7.37772340E-06	 1.24742807E-05	 1.40009946E-05
 4.530000E-01	 5.06590631E-04	 3.83197816E-04	 2.12209194E-04	 8.41277921E-05	 2.29461127E-04	 1.27689649E-04	 4.88881597E-05	 4.50055258E-07	-7.67041972E-06	-1.04028895E-05	-3.20330334E-04	-2.16137266E-04	 1.41185635E-05	-4.37471299E-05	-1.30893104E-04	-5.59810261E-05	-1.31586316E-05	 7.09757659E-06	 1.22133560E-05	 1.36760902E-05
 4.540000E-01	 5.10112524E-04	 3.86802225E-04	 2.14882178E-04	 8.43634923E-05	 2.32938767E-04	 1.30302048E-04	 5.01635933E-05	 7.00951425E-07	-7.62241441E-06	-1.03398216E-05	-3.20917780E-04	-2.17190997E-04	 1.29561725E-05	-4.35275051E-05	-1.31880519E-04	-5.67472376E-05	-1.35573566E-05	 6.82266849E-06	 1.19607440E-05	 1.33610994E-05
 4.550000E-01	 5.13615982E-04	 3.90421498E-04	 2.17596588E-04	 8.45384281E-05	 2.36437859E-04	 1.32948533E-04	 5.14645024E-05	 9.56656897E-07	-7.57719205E-06	-1.02857288E-05	-3.21473088E-04	-2.18232348E-04	 1.17635737E-05	-4.32747695E-05	-1.32855455E-04	-5.75096776E-05	-1.39544053E-05	 6.55274442E-06	 1.17161267E-05	 1.30556633E-05
 4.560000E-01	 5.17099757E-04	 3.94055334E-04	 2.20352886E-04	 8.46509919E-05	 2.39957288E-04	 1.35628844E-04	 5.27910826E-05	 1.21741318E-06	-7.53457458E-06	-1.02404655E-05	-3.21995660E-04	-2.19260819E-04	 1.05409270E-05	-4.29887871E-05	-1.33817406E-04	-5.82680912E-05	-1.43497675E-05	 6.28758414E-06	 1.14792484E-05	 1.27594923E-05
 4.570000E-01	 5.20562829E-04	 3.97703633E-04	 2.23151691E-04	 8.46996658E-05	 2.43496275E-04	 1.38342879E-04	 5.41435818E-05	 1.48345820E-06	-7.49439611E-06	-1.02039029E-05	-3.22485111E-04	-2.20276116E-04	 9.28828830E-06	-4.26695141E-05	-1.34765908E-04	-5.90222169E-05	-1.47434090E-05	 6.02698896E-06	 1.12498697E-05	 1.24723112E-05
 4.580000E-01	 5.24004401E-04	 4.01366488E-04	 2.25993490E-04	 8.46831663E-05	 2.47054033E-04	 1.41090502E-04	 5.55222373E-05	 1.75501112E-06	-7.45650306E-06	-1.01759267E-05	-3.22941216E-04	-2.21278045E-04	 8.00561846E-06	-4.23169864E-05	-1.35700536E-04	-5.97718400E-05	-1.51352980E-05	 5.77076942E-06	 1.10277639E-05	 1.21938572E-05
 4.590000E-01	 5.27425591E-04	 4.05045545E-04	 2.28879445E-04	 8.46005749E-05	 2.50631474E-04	 1.43872155E-04	 5.69275020E-05	 2.03224209E-06	-7.42079455E-06	-1.01564809E-05	-3.23365233E-04	-2.22267500E-04	 6.69231103E-06	-4.19314087E-05	-1.36620976E-04	-6.05168938E-05	-1.55254154E-05	 5.51874674E-06	 1.08127461E-05	 1.19239128E-05
 4.600000E-01	 5.30828709E-04	 4.08743620E-04	 2.31811450E-04	 8.44506366E-05	 2.54230230E-04	 1.46688698E-04	 5.83600146E-05	 2.31533724E-06	-7.38717495E-06	-1.01455248E-05	-3.23758628E-04	-2.23245340E-04	 5.34816916E-06	-4.15129481E-05	-1.37527673E-04	-6.12575505E-05	-1.59137711E-05	 5.27077652E-06	 1.06046691E-05	 1.16622929E-05
 4.610000E-01	 5.34214102E-04	 4.12461895E-04	 2.34790882E-04	 8.42314937E-05	 2.57850640E-04	 1.49540556E-04	 5.98202541E-05	 2.60452705E-06	-7.35551113E-06	-1.01429843E-05	-3.24121681E-04	-2.24211710E-04	 3.97317732E-06	-4.10614981E-05	-1.38420665E-04	-6.19937515E-05	-1.63003281E-05	 5.02671295E-06	 1.04033534E-05	 1.14087719E-05
 4.620000E-01	 5.37580969E-04	 4.16200533E-04	 2.37818608E-04	 8.39407821E-05	 2.61492133E-04	 1.52427779E-04	 6.13085638E-05	 2.90005168E-06	-7.32565425E-06	-1.01487734E-05	-3.24454150E-04	-2.25166448E-04	 2.56741197E-06	-4.05773843E-05	-1.39299506E-04	-6.27252805E-05	-1.66850366E-05	 4.78639358E-06	 1.02085982E-05	 1.11631033E-05
 4.630000E-01	 5.40928601E-04	 4.19959769E-04	 2.40895146E-04	 8.35763689E-05	 2.65153691E-04	 1.55350254E-04	 6.28252469E-05	 3.20214555E-06	-7.29745405E-06	-1.01628110E-05	-3.24755753E-04	-2.26109242E-04	 1.13103823E-06	-4.00612197E-05	-1.40163918E-04	-6.34520112E-05	-1.70678931E-05	 4.54964144E-06	 1.00202078E-05	 1.09250484E-05
 4.640000E-01	 5.44259146E-04	 4.23742054E-04	 2.44021992E-04	 8.31368749E-05	 2.68834716E-04	 1.58308382E-04	 6.43708448E-05	 3.51107773E-06	-7.27078600E-06	-1.01850654E-05	-3.25027649E-04	-2.27040662E-04	-3.35782242E-07	-3.95138019E-05	-1.41015127E-04	-6.41743480E-05	-1.74490641E-05	 4.31629701E-06	 9.83804299E-06	 1.06944316E-05
 4.650000E-01	 5.47579069E-04	 4.27553105E-04	 2.47203459E-04	 8.26215034E-05	 2.72537071E-04	 1.61304086E-04	 6.59465002E-05	 3.82721837E-06	-7.24557143E-06	-1.02155929E-05	-3.25273732E-04	-2.27963516E-04	-1.83348153E-06	-3.89355345E-05	-1.41855792E-04	-6.48931430E-05	-1.78288321E-05	 4.08627014E-06	 9.66204771E-06	 1.04711628E-05
 4.660000E-01	 5.50892424E-04	 4.31396761E-04	 2.50443880E-04	 8.20286171E-05	 2.76263304E-04	 1.64339276E-04	 6.75533215E-05	 4.15095451E-06	-7.22170746E-06	-1.02544260E-05	-3.25496974E-04	-2.28880383E-04	-3.36325809E-06	-3.83257296E-05	-1.42687076E-04	-6.56086531E-05	-1.82072732E-05	 3.85947749E-06	 9.49212147E-06	 1.02550974E-05
 4.670000E-01	 5.54199152E-04	 4.35273878E-04	 2.53745518E-04	 8.13555736E-05	 2.80014059E-04	 1.67414598E-04	 6.91919315E-05	 4.48261172E-06	-7.19903768E-06	-1.03015221E-05	-3.25697581E-04	-2.29791662E-04	-4.92586588E-06	-3.76831656E-05	-1.43508869E-04	-6.63207107E-05	-1.85843257E-05	 3.63580019E-06	 9.32809792E-06	 1.00460150E-05
 4.680000E-01	 5.57498877E-04	 4.39185136E-04	 2.57110222E-04	 8.05995619E-05	 2.83789479E-04	 1.70530413E-04	 7.08628443E-05	 4.82248910E-06	-7.17740645E-06	-1.03568383E-05	-3.25875454E-04	-2.30697422E-04	-6.52177725E-06	-3.70067523E-05	-1.44320997E-04	-6.70291697E-05	-1.89599354E-05	 3.41511533E-06	 9.16981162E-06	 9.84369479E-06
 4.690000E-01	 5.60790276E-04	 4.43130545E-04	 2.60539694E-04	 7.97573264E-05	 2.87589670E-04	 1.73686948E-04	 7.25665089E-05	 5.17087514E-06	-7.15665015E-06	-1.04203233E-05	-3.26029927E-04	-2.31597347E-04	-8.15118849E-06	-3.62954850E-05	-1.45122908E-04	-6.77337000E-05	-1.93339647E-05	 3.19731917E-06	 9.01709399E-06	 9.64790877E-06
 4.700000E-01	 5.64067892E-04	 4.47107054E-04	 2.64033152E-04	 7.88250059E-05	 2.91412516E-04	 1.76882970E-04	 7.43028070E-05	 5.52795121E-06	-7.13656363E-06	-1.04918546E-05	-3.26157685E-04	-2.32488981E-04	-9.81374591E-06	-3.55484606E-05	-1.45912897E-04	-6.84335827E-05	-1.97061347E-05	 2.98227130E-06	 8.86972151E-06	 9.45836983E-06
 4.710000E-01	 5.67325633E-04	 4.51110918E-04	 2.67588496E-04	 7.77994491E-05	 2.95255156E-04	 1.80116728E-04	 7.60713931E-05	 5.89381772E-06	-7.11696277E-06	-1.05713190E-05	-3.26255622E-04	-2.33370076E-04	-1.15098584E-05	-3.47651053E-05	-1.46688592E-04	-6.91279460E-05	-2.00761502E-05	 2.76978344E-06	 8.72745391E-06	 9.27478273E-06
 4.720000E-01	 5.70561596E-04	 4.55141635E-04	 2.71205667E-04	 7.66786125E-05	 2.99116120E-04	 1.83387606E-04	 7.78723837E-05	 6.26865998E-06	-7.09770130E-06	-1.06586773E-05	-3.26322888E-04	-2.34239953E-04	-1.32400778E-05	-3.39448897E-05	-1.47449510E-04	-6.98165145E-05	-2.04439065E-05	 2.55971379E-06	 8.59012909E-06	 9.09693608E-06
 4.730000E-01	 5.73775023E-04	 4.59199634E-04	 2.74885923E-04	 7.54603226E-05	 3.02994942E-04	 1.86695531E-04	 7.97061139E-05	 6.65271894E-06	-7.07863571E-06	-1.07539138E-05	-3.26359299E-04	-2.35098515E-04	-1.50051360E-05	-3.30868843E-05	-1.48195800E-04	-7.04991220E-05	-2.08093119E-05	 2.35195590E-06	 8.45761383E-06	 8.92464652E-06
 4.740000E-01	 5.76964359E-04	 4.63284680E-04	 2.78631248E-04	 7.41416786E-05	 3.06891868E-04	 1.90040680E-04	 8.15729982E-05	 7.04628712E-06	-7.05960220E-06	-1.08570061E-05	-3.26364488E-04	-2.35945751E-04	-1.68057183E-05	-3.21895698E-05	-1.48926847E-04	-7.11752495E-05	-2.11721408E-05	 2.14644585E-06	 8.32977730E-06	 8.75772589E-06
 4.750000E-01	 5.80120546E-04	 4.67390192E-04	 2.82440600E-04	 7.27185996E-05	 3.10803507E-04	 1.93421221E-04	 8.34725296E-05	 7.44966671E-06	-7.04032918E-06	-1.09677980E-05	-3.26334297E-04	-2.36779115E-04	-1.86416566E-05	-3.12511863E-05	-1.49638984E-04	-7.18430534E-05	-2.15318072E-05	 1.94314067E-06	 8.20638970E-06	 8.59587940E-06
 4.760000E-01	 5.83230436E-04	 4.71506245E-04	 2.86309266E-04	 7.11873136E-05	 3.14721431E-04	 1.96832913E-04	 8.54032255E-05	 7.86307500E-06	-7.02048125E-06	-1.10860363E-05	-3.26261564E-04	-2.37593204E-04	-2.05108363E-05	-3.02712771E-05	-1.50328152E-04	-7.25005828E-05	-2.18877836E-05	 1.74195116E-06	 8.08717115E-06	 8.43877416E-06
 4.770000E-01	 5.86287850E-04	 4.75628694E-04	 2.90234380E-04	 6.95459655E-05	 3.18639633E-04	 2.00272917E-04	 8.73642664E-05	 8.28667341E-06	-6.99983338E-06	-1.12116001E-05	-3.26142810E-04	-2.38384872E-04	-2.24110426E-05	-2.92513803E-05	-1.50992687E-04	-7.31471016E-05	-2.22399176E-05	 1.54274627E-06	 7.97193844E-06	 8.28619387E-06
 4.780000E-01	 5.89291050E-04	 4.79756999E-04	 2.94215506E-04	 6.77936382E-05	 3.22555651E-04	 2.03740200E-04	 8.93555785E-05	 8.72065210E-06	-6.97823442E-06	-1.13444706E-05	-3.25977490E-04	-2.39153359E-04	-2.43409148E-05	-2.81939713E-05	-1.51631786E-04	-7.37822412E-05	-2.25881113E-05	 1.34542222E-06	 7.86057375E-06	 8.13798846E-06
 4.790000E-01	 5.92238687E-04	 4.83890916E-04	 2.98251817E-04	 6.59299518E-05	 3.26466694E-04	 2.07233653E-04	 9.13770679E-05	 9.16518180E-06	-6.95554470E-06	-1.14846411E-05	-3.25765204E-04	-2.39897945E-04	-2.62994773E-05	-2.71019375E-05	-1.52245177E-04	-7.44058339E-05	-2.29323272E-05	 1.14986090E-06	 7.75296284E-06	 7.99401344E-06
 4.800000E-01	 5.95138126E-04	 4.88037550E-04	 3.02345928E-04	 6.39558723E-05	 3.30374183E-04	 2.10754534E-04	 9.34297528E-05	 9.62044026E-06	-6.93175608E-06	-1.16322838E-05	-3.25510229E-04	-2.40621222E-04	-2.82875203E-05	-2.59784653E-05	-1.52835714E-04	-7.50191814E-05	-2.32729688E-05	 9.55880553E-07	 7.64908860E-06	 7.85423245E-06
 4.810000E-01	 5.98007379E-04	 4.92213135E-04	 3.06508153E-04	 6.18720936E-05	 3.34288376E-04	 2.14308820E-04	 9.55167184E-05	 1.00868085E-05	-6.90698625E-06	-1.17877988E-05	-3.25222793E-04	-2.41330593E-04	-3.03076359E-05	-2.48255797E-05	-1.53409237E-04	-7.56247525E-05	-2.36106573E-05	 7.63372745E-07	 7.54908457E-06	 7.71874098E-06
 4.820000E-01	 6.00856919E-04	 4.96427732E-04	 3.10747910E-04	 5.96766654E-05	 3.38217999E-04	 2.17901421E-04	 9.76405131E-05	 1.05647814E-05	-6.88121611E-06	-1.19514503E-05	-3.24909095E-04	-2.42031009E-04	-3.23617658E-05	-2.36426885E-05	-1.53968961E-04	-7.62235905E-05	-2.39454888E-05	 5.72362982E-07	 7.45301962E-06	 7.58753261E-06
 4.830000E-01	 6.03686773E-04	 5.00682564E-04	 3.15068764E-04	 5.73660496E-05	 3.42164882E-04	 2.21533453E-04	 9.98020312E-05	 1.10547586E-05	-6.85428189E-06	-1.21232979E-05	-3.24569620E-04	-2.42723136E-04	-3.44505829E-05	-2.24282739E-05	-1.54514613E-04	-7.68153599E-05	-2.42772160E-05	 3.82860015E-07	 7.36082856E-06	 7.46046141E-06
 4.840000E-01	 6.06496554E-04	 5.04978517E-04	 3.19472510E-04	 5.49370476E-05	 3.46128705E-04	 2.25205088E-04	 1.02001832E-04	 1.15570724E-05	-6.82601643E-06	-1.23033903E-05	-3.24204307E-04	-2.43406877E-04	-3.65742549E-05	-2.11813531E-05	-1.55046017E-04	-7.73999669E-05	-2.46057499E-05	 1.94798249E-07	 7.27242931E-06	 7.33737616E-06
 4.850000E-01	 6.09287997E-04	 5.09318281E-04	 3.23961470E-04	 5.23870154E-05	 3.50109018E-04	 2.28916833E-04	 1.04240665E-04	 1.20721074E-05	-6.79626184E-06	-1.24918124E-05	-3.23813827E-04	-2.44082505E-04	-3.87329483E-05	-1.99012389E-05	-1.55564757E-04	-7.79779278E-05	-2.49312392E-05	 8.09728942E-09	 7.18776770E-06	 7.21815800E-06
 4.860000E-01	 6.12066744E-04	 5.13707701E-04	 3.28540565E-04	 4.97136907E-05	 3.54107602E-04	 2.32670876E-04	 1.06520003E-04	 1.26004411E-05	-6.76487598E-06	-1.26887312E-05	-3.23400971E-04	-2.44752188E-04	-4.09277010E-05	-1.85867423E-05	-1.56074074E-04	-7.85502628E-05	-2.52540132E-05	-1.77265717E-07	 7.10684817E-06	 7.10273979E-06
 4.870000E-01	 6.14836635E-04	 5.18151043E-04	 3.33214751E-04	 4.69143644E-05	 3.58127450E-04	 2.36469630E-04	 1.08841368E-04	 1.31426641E-05	-6.73170794E-06	-1.28943110E-05	-3.22968528E-04	-2.45418760E-04	-4.31611019E-05	-1.72355955E-05	-1.56575196E-04	-7.91171297E-05	-2.55740747E-05	-3.61279816E-07	 7.02965194E-06	 6.99102065E-06
 4.880000E-01	 6.17597873E-04	 5.22649932E-04	 3.37987121E-04	 4.39858723E-05	 3.62169408E-04	 2.40313988E-04	 1.11205671E-04	 1.36992253E-05	-6.69657816E-06	-1.31086502E-05	-3.22516883E-04	-2.46082922E-04	-4.54349202E-05	-1.58446934E-05	-1.57068645E-04	-7.96784580E-05	-2.58913017E-05	-5.43953491E-07	 6.95613277E-06	 6.88286902E-06
 4.890000E-01	 6.20350156E-04	 5.27205747E-04	 3.42860946E-04	 4.09249402E-05	 3.66234332E-04	 2.44204728E-04	 1.13613767E-04	 1.42705570E-05	-6.65931061E-06	-1.33318508E-05	-3.22046119E-04	-2.46745127E-04	-4.77504089E-05	-1.44105008E-05	-1.57554549E-04	-8.02340867E-05	-2.62055221E-05	-7.25273736E-07	 6.88625411E-06	 6.77815675E-06
 4.900000E-01	 6.23087560E-04	 5.31815110E-04	 3.47837974E-04	 3.77276717E-05	 3.70321600E-04	 2.48141413E-04	 1.16065875E-04	 1.48570447E-05	-6.61966462E-06	-1.35639141E-05	-3.21553756E-04	-2.47404102E-04	-5.01068921E-05	-1.29294539E-05	-1.58029906E-04	-8.07825522E-05	-2.65160655E-05	-9.05108007E-07	 6.81995502E-06	 6.67671125E-06
 4.910000E-01	 6.25788317E-04	 5.36461011E-04	 3.52909535E-04	 3.43903963E-05	 3.74419452E-04	 2.52116693E-04	 1.18559073E-04	 1.54585734E-05	-6.57725750E-06	-1.38044985E-05	-3.21029027E-04	-2.48051708E-04	-5.25001632E-05	-1.13996942E-05	-1.58486384E-04	-8.13204246E-05	-2.68216599E-05	-1.08336559E-06	 6.75700197E-06	 6.57820349E-06
 4.920000E-01	 6.28432880E-04	 5.41128037E-04	 3.58063797E-04	 3.09116871E-05	 3.78512923E-04	 2.56121732E-04	 1.21089848E-04	 1.60747952E-05	-6.53177510E-06	-1.40532819E-05	-3.20462105E-04	-2.48679716E-04	-5.49258364E-05	-9.82349982E-06	-1.58916695E-04	-8.18452556E-05	-2.71215419E-05	-1.26017623E-06	 6.69713201E-06	 6.48232200E-06
 4.930000E-01	 6.31017246E-04	 5.45813911E-04	 3.63297180E-04	 2.72924101E-05	 3.82595907E-04	 2.60153394E-04	 1.23657275E-04	 1.67057283E-05	-6.48303568E-06	-1.43102451E-05	-3.19851066E-04	-2.49285850E-04	-5.73811850E-05	-8.20547431E-06	-1.59318883E-04	-8.23567779E-05	-2.74156849E-05	-1.43568265E-06	 6.64024436E-06	 6.38892051E-06
 4.940000E-01	 6.33540076E-04	 5.50518456E-04	 3.68609592E-04	 2.35335745E-05	 3.86666574E-04	 2.64210526E-04	 1.26261240E-04	 1.73515826E-05	-6.43082341E-06	-1.45754029E-05	-3.19195770E-04	-2.49869542E-04	-5.98638036E-05	-6.55101357E-06	-1.59691393E-04	-8.28546149E-05	-2.77039251E-05	-1.60991330E-06	 6.58628617E-06	 6.29787913E-06
 4.950000E-01	 6.35999052E-04	 5.55240366E-04	 3.74001125E-04	 1.96359813E-05	 3.90724274E-04	 2.68292082E-04	 1.28901604E-04	 1.80126260E-05	-6.37485390E-06	-1.48487197E-05	-3.18495971E-04	-2.50430254E-04	-6.23708163E-05	-4.86662979E-06	-1.60030919E-04	-8.33377814E-05	-2.79858678E-05	-1.78283095E-06	 6.53519897E-06	 6.20905935E-06
 4.960000E-01	 6.38388528E-04	 5.59975181E-04	 3.79469411E-04	 1.56003810E-05	 3.94767208E-04	 2.72395778E-04	 1.31577562E-04	 1.86890830E-05	-6.31476609E-06	-1.51300571E-05	-3.17750030E-04	-2.50966296E-04	-6.48984554E-05	-3.16084979E-06	-1.60331521E-04	-8.38043726E-05	-2.82608524E-05	-1.95436545E-06	 6.48688303E-06	 6.12227701E-06
 4.970000E-01	 6.40703380E-04	 5.64719218E-04	 3.85011911E-04	 1.14280326E-05	 3.98791547E-04	 2.76518537E-04	 1.34288064E-04	 1.93811414E-05	-6.25019489E-06	-1.54192693E-05	-3.16955295E-04	-2.51474348E-04	-6.74399256E-05	-1.44464742E-06	-1.60588983E-04	-8.42534930E-05	-2.85286029E-05	-2.12447328E-06	 6.44127526E-06	 6.03739076E-06
 4.980000E-01	 6.42941274E-04	 5.69471316E-04	 3.90628242E-04	 7.12060828E-06	 4.02795113E-04	 2.80658454E-04	 1.37032704E-04	 2.00890459E-05	-6.18087412E-06	-1.57163415E-05	-3.16110931E-04	-2.51952961E-04	-6.99886281E-05	 2.68501756E-07	-1.60798780E-04	-8.46846065E-05	-2.87889788E-05	-2.29313822E-06	 6.39835576E-06	 5.95429859E-06
 4.990000E-01	 6.45100391E-04	 5.74230882E-04	 3.96318339E-04	 2.68000875E-06	 4.06775459E-04	 2.84813833E-04	 1.39811290E-04	 2.08130705E-05	-6.10661241E-06	-1.60213423E-05	-3.15216466E-04	-2.52401293E-04	-7.25383815E-05	 1.96286228E-06	-1.60956149E-04	-8.50973878E-05	-2.90419445E-05	-2.46036673E-06	 6.35812909E-06	 5.87292175E-06
 5.000000E-01	 6.47185442E-04	 5.79003569E-04	 4.02084389E-04	-1.89131429E-06	 4.10730726E-04	 2.88984126E-04	 1.42624509E-04	 2.15535401E-05	-6.02738089E-06	-1.63345689E-05	-3.14273873E-04	-2.52820258E-04	-7.50855659E-05	 3.62129283E-06	-1.61060596E-04	-8.54937137E-05	-2.92883264E-05	-2.62640482E-06	 6.32064343E-06	 5.79325139E-06
 5.010000E-01	 6.49226101E-04	 5.83817977E-04	 4.07947277E-04	-6.59249668E-06	 4.14676593E-04	 2.93180118E-04	 1.45478829E-04	 2.23116603E-05	-5.94343698E-06	-1.66570401E-05	-3.13297208E-04	-2.53221153E-04	-7.76321352E-05	 5.22775047E-06	-1.61120101E-04	-8.58792772E-05	-2.95301314E-05	-2.79160125E-06	 6.28622240E-06	 5.71551735E-06
 5.020000E-01	 6.51252037E-04	 5.88702813E-04	 4.13935727E-04	-1.14263038E-05	 4.18637873E-04	 2.97416684E-04	 1.48382569E-04	 2.30892322E-05	-5.85492248E-06	-1.69898580E-05	-3.12301720E-04	-2.53617864E-04	-8.01807765E-05	 6.76918713E-06	-1.61139696E-04	-8.62579235E-05	-2.97684205E-05	-2.95588554E-06	 6.25530048E-06	 5.63996057E-06
 5.030000E-01	 6.53268806E-04	 5.93664647E-04	 4.20064356E-04	-1.63977909E-05	 4.22626052E-04	 3.01698773E-04	 1.51339186E-04	 2.38875505E-05	-5.76160675E-06	-1.73334820E-05	-3.11290931E-04	-2.54014694E-04	-8.27292014E-05	 8.23260611E-06	-1.61115444E-04	-8.66295832E-05	-3.00029561E-05	-3.11897125E-06	 6.22810884E-06	 5.56660686E-06
 5.040000E-01	 6.55276586E-04	 5.98704639E-04	 4.26340854E-04	-2.15119239E-05	 4.26645781E-04	 3.06026805E-04	 1.54350169E-04	 2.47076232E-05	-5.66312559E-06	-1.76881612E-05	-3.10265067E-04	-2.54412326E-04	-8.52729422E-05	 9.60365327E-06	-1.61041433E-04	-8.69939607E-05	-3.02336612E-05	-3.28075378E-06	 6.20477318E-06	 5.49541797E-06
 5.050000E-01	 6.57274950E-04	 6.03822778E-04	 4.32771109E-04	-2.67732028E-05	 4.30700484E-04	 3.10399877E-04	 1.57416470E-04	 2.55504530E-05	-5.55899935E-06	-1.80540573E-05	-3.09223833E-04	-2.54810571E-04	-8.78064229E-05	 1.08671085E-05	-1.60911713E-04	-8.73506846E-05	-3.04605485E-05	-3.44117776E-06	 6.18539453E-06	 5.42634809E-06
 5.060000E-01	 6.59260008E-04	 6.09015148E-04	 4.39356997E-04	-3.21847405E-05	 4.34790513E-04	 3.14814558E-04	 1.60537840E-04	 2.64170059E-05	-5.44858601E-06	-1.84311526E-05	-3.08165014E-04	-2.55207222E-04	-9.03229941E-05	 1.20077934E-05	-1.60720071E-04	-8.76990528E-05	-3.06836537E-05	-3.60018367E-06	 6.17003308E-06	 5.35933394E-06
 5.070000E-01	 6.61227701E-04	 6.14276746E-04	 4.46097447E-04	-3.77472387E-05	 4.38915552E-04	 3.19266606E-04	 1.63713755E-04	 2.73082436E-05	-5.33119447E-06	-1.88194047E-05	-3.07087328E-04	-2.55601276E-04	-9.28192993E-05	 1.30117780E-05	-1.60458769E-04	-8.80376164E-05	-3.09028966E-05	-3.75784123E-06	 6.15868799E-06	 5.29427700E-06
 5.080000E-01	 6.63177879E-04	 6.19605896E-04	 4.52993006E-04	-4.34584563E-05	 4.43075846E-04	 3.23752672E-04	 1.66944508E-04	 2.82252703E-05	-5.20612771E-06	-1.92188765E-05	-3.05991043E-04	-2.55992818E-04	-9.52931523E-05	 1.38681066E-05	-1.60123082E-04	-8.83658064E-05	-3.11185445E-05	-3.91436222E-06	 6.15138933E-06	 5.23113965E-06
 5.090000E-01	 6.65110954E-04	 6.25001043E-04	 4.60045208E-04	-4.93127420E-05	 4.47272593E-04	 3.28269978E-04	 1.70230893E-04	 2.91694168E-05	-5.07262137E-06	-1.96296642E-05	-3.04877028E-04	-2.56382663E-04	-9.77424508E-05	 1.45697023E-05	-1.59708552E-04	-8.86826652E-05	-3.13307310E-05	-4.06990860E-06	 6.14820591E-06	 5.16992521E-06
 5.100000E-01	 6.67016199E-04	 6.30449140E-04	 4.67248910E-04	-5.52991194E-05	 4.51501275E-04	 3.32812240E-04	 1.73571919E-04	 3.01419434E-05	-4.92970852E-06	-2.00515535E-05	-3.03742233E-04	-2.56768962E-04	-1.00161458E-04	 1.51130591E-05	-1.59204590E-04	-8.89838640E-05	-3.15383500E-05	-4.22431152E-06	 6.14917829E-06	 5.11059508E-06
 5.110000E-01	 6.68851763E-04	 6.35906148E-04	 4.74570469E-04	-6.13954196E-05	 4.55728139E-04	 3.37355765E-04	 1.76958012E-04	 3.11426308E-05	-4.77617582E-06	-2.04833646E-05	-3.02569518E-04	-2.57137340E-04	-1.02537471E-04	 1.54973505E-05	-1.58591766E-04	-8.92607499E-05	-3.17390734E-05	-4.37742097E-06	 6.15400703E-06	 5.05289014E-06
 5.120000E-01	 6.70580493E-04	 6.41331239E-04	 4.81966148E-04	-6.75681666E-05	 4.59907298E-04	 3.41872344E-04	 1.80378005E-04	 3.21706879E-05	-4.61098293E-06	-2.09239489E-05	-3.01342384E-04	-2.57471879E-04	-1.04859675E-04	 1.57262079E-05	-1.57856984E-04	-8.95080265E-05	-3.19323518E-05	-4.52986633E-06	 6.16223212E-06	 4.99657874E-06
 5.130000E-01	 6.72195400E-04	 6.46711342E-04	 4.89408084E-04	-7.37771864E-05	 4.64009618E-04	 3.46346950E-04	 1.83827748E-04	 3.32264489E-05	-4.43336715E-06	-2.13730314E-05	-3.00058379E-04	-2.57768488E-04	-1.07126611E-04	 1.58114137E-05	-1.56998736E-04	-8.97247749E-05	-3.21192513E-05	-4.68262654E-06	 6.17358536E-06	 4.94164406E-06
 5.140000E-01	 6.73694803E-04	 6.52037530E-04	 4.96870848E-04	-7.99752364E-05	 4.68009470E-04	 3.50768043E-04	 1.87304858E-04	 3.43105928E-05	-4.24258318E-06	-2.18304956E-05	-2.98718281E-04	-2.58026441E-04	-1.09341541E-04	 1.57738621E-05	-1.56020074E-04	-8.99101585E-05	-3.23006672E-05	-4.83657636E-06	 6.18785097E-06	 4.88810355E-06
 5.150000E-01	 6.75085952E-04	 6.57309021E-04	 5.04330833E-04	-8.61085417E-05	 4.71883811E-04	 3.55127383E-04	 1.90808910E-04	 3.54240208E-05	-4.03799973E-06	-2.22965008E-05	-2.97326794E-04	-2.58248277E-04	-1.11514066E-04	 1.56437698E-05	-1.54929610E-04	-9.00650674E-05	-3.24781241E-05	-4.99286081E-06	 6.20479606E-06	 4.83599930E-06
 5.160000E-01	 6.76394623E-04	 6.62543192E-04	 5.11777870E-04	-9.21204608E-05	 4.75623979E-04	 3.59427478E-04	 1.94345147E-04	 3.65686214E-05	-3.81911158E-06	-2.27718475E-05	-2.95897068E-04	-2.58444124E-04	-1.13660077E-04	 1.54598714E-05	-1.53742776E-04	-9.01923761E-05	-3.26536350E-05	-5.15266066E-06	 6.22435050E-06	 4.78547301E-06
 5.170000E-01	 6.77640604E-04	 6.67751588E-04	 5.19201239E-04	-9.79503142E-05	 4.79218827E-04	 3.63670550E-04	 1.97918464E-04	 3.77463695E-05	-3.58525342E-06	-2.32571586E-05	-2.94439525E-04	-2.58621982E-04	-1.15791511E-04	 1.52662358E-05	-1.52475896E-04	-9.02935389E-05	-3.28283575E-05	-5.31670404E-06	 6.24650014E-06	 4.73666733E-06
 5.180000E-01	 6.78825393E-04	 6.72927242E-04	 5.26574782E-04	-1.03531391E-04	 4.82641149E-04	 3.67849550E-04	 2.01528716E-04	 3.89582874E-05	-3.33563183E-06	-2.37524398E-05	-2.92956899E-04	-2.58783323E-04	-1.17916289E-04	 1.51089250E-05	-1.51139450E-04	-9.03670309E-05	-3.30024027E-05	-5.48558730E-06	 6.27101490E-06	 4.68954454E-06
 5.190000E-01	 6.79949240E-04	 6.78062116E-04	 5.33867250E-04	-1.08794384E-04	 4.85856794E-04	 3.71954421E-04	 2.05174198E-04	 4.02048485E-05	-3.06954804E-06	-2.42576052E-05	-2.91450373E-04	-2.58927282E-04	-1.20041750E-04	 1.50342619E-05	-1.49744925E-04	-9.04124519E-05	-3.31765282E-05	-5.66029204E-06	 6.29750779E-06	 4.64397737E-06
 5.200000E-01	 6.81028434E-04	 6.83164902E-04	 5.41060858E-04	-1.13673718E-04	 4.88841218E-04	 3.75982318E-04	 2.08856979E-04	 4.14870391E-05	-2.78646922E-06	-2.47730952E-05	-2.89926877E-04	-2.59057451E-04	-1.22178078E-04	 1.50872086E-05	-1.48311413E-04	-9.04333422E-05	-3.33529907E-05	-5.84220748E-06	 6.32563018E-06	 4.59991657E-06
 5.210000E-01	 6.82099503E-04	 6.88265408E-04	 5.48162310E-04	-1.18112784E-04	 4.91592880E-04	 3.79945210E-04	 2.12586549E-04	 4.28073244E-05	-2.48589744E-06	-2.53001379E-05	-2.88402761E-04	-2.59187052E-04	-1.24339866E-04	 1.53082722E-05	-1.46862355E-04	-9.04348965E-05	-3.35341688E-05	-6.03246214E-06	 6.35531479E-06	 4.55742096E-06
 5.220000E-01	 6.83184811E-04	 6.93380266E-04	 5.55175217E-04	-1.22060091E-04	 4.94111221E-04	 3.83853093E-04	 2.16370350E-04	 4.41677596E-05	-2.16722554E-06	-2.58395542E-05	-2.86889678E-04	-2.59326510E-04	-1.26538292E-04	 1.57289448E-05	-1.45412338E-04	-9.04177219E-05	-3.37201204E-05	-6.23136984E-06	 6.38652571E-06	 4.51642175E-06
 5.230000E-01	 6.84286630E-04	 6.98507237E-04	 5.62089496E-04	-1.25467656E-04	 4.96383769E-04	 3.87705857E-04	 2.20209652E-04	 4.55688714E-05	-1.82990063E-06	-2.63914603E-05	-2.85389774E-04	-2.59476806E-04	-1.28775674E-04	 1.63692337E-05	-1.43967494E-04	-9.03800776E-05	-3.39099431E-05	-6.43900732E-06	 6.41906515E-06	 4.47670513E-06
 5.240000E-01	 6.85404572E-04	 7.03642375E-04	 5.68896407E-04	-1.28295326E-04	 4.98399673E-04	 3.91503254E-04	 2.24104892E-04	 4.70107257E-05	-1.47350391E-06	-2.69559029E-05	-2.83903811E-04	-2.59637312E-04	-1.31049222E-04	 1.72370063E-05	-1.42528984E-04	-9.03195598E-05	-3.41023369E-05	-6.65523813E-06	 6.45276222E-06	 4.43801448E-06
 5.250000E-01	 6.86519336E-04	 7.08763259E-04	 5.75575817E-04	-1.30509016E-04	 5.00139022E-04	 3.95236365E-04	 2.28050649E-04	 4.84918700E-05	-1.09772005E-06	-2.75322141E-05	-2.82424569E-04	-2.59799743E-04	-1.33346815E-04	 1.83274666E-05	-1.41089871E-04	-9.02307326E-05	-3.42945949E-05	-6.87938789E-06	 6.48736133E-06	 4.39998863E-06
 5.260000E-01	 6.87598249E-04	 7.13834328E-04	 5.82096252E-04	-1.32082207E-04	 5.01573814E-04	 3.98887355E-04	 2.32035586E-04	 5.00090989E-05	-7.02509612E-07	-2.81191521E-05	-2.80938881E-04	-2.59949500E-04	-1.35651551E-04	 1.96250262E-05	-1.39635347E-04	-9.01070058E-05	-3.44837811E-05	-7.11092518E-06	 6.52235354E-06	 4.36208780E-06
 5.270000E-01	 6.88626871E-04	 7.18839399E-04	 5.88444122E-04	-1.33003031E-04	 5.02692678E-04	 4.02447920E-04	 2.36052970E-04	 5.15598441E-05	-2.88072158E-07	-2.87161336E-05	-2.79440639E-04	-2.60078096E-04	-1.37950175E-04	 2.11063479E-05	-1.38153784E-04	-8.99452519E-05	-3.46683221E-05	-7.34970010E-06	 6.55731908E-06	 4.32382017E-06
 5.280000E-01	 6.89604816E-04	 7.23777478E-04	 5.94625081E-04	-1.33273412E-04	 5.03502660E-04	 4.05920783E-04	 2.40101412E-04	 5.31426544E-05	 1.45389727E-07	-2.93231296E-05	-2.77929877E-04	-2.60183403E-04	-1.40232210E-04	 2.27411950E-05	-1.36638232E-04	-8.97439777E-05	-3.48467443E-05	-7.59523343E-06	 6.59212261E-06	 4.28481196E-06
 5.290000E-01	 6.90526064E-04	 7.28641653E-04	 6.00645577E-04	-1.32903282E-04	 5.04014561E-04	 4.09310300E-04	 2.44179482E-04	 5.47562001E-05	 5.97801074E-07	-2.99398927E-05	-2.76405912E-04	-2.60264084E-04	-1.42486143E-04	 2.44926948E-05	-1.35078327E-04	-8.94988032E-05	-3.50157035E-05	-7.84610511E-06	 6.62684001E-06	 4.24470019E-06
 5.300000E-01	 6.91353209E-04	 7.33391517E-04	 6.06484058E-04	-1.31903992E-04	 5.04216719E-04	 4.12603356E-04	 2.48274936E-04	 5.63967603E-05	 1.06910042E-06	-3.05647708E-05	-2.74856119E-04	-2.60307895E-04	-1.44692867E-04	 2.63193972E-05	-1.33452330E-04	-8.92003338E-05	-3.51696433E-05	-8.10025625E-06	 6.66135106E-06	 4.20291890E-06
 5.310000E-01	 6.92042519E-04	 7.37980578E-04	 6.12110214E-04	-1.30293801E-04	 5.04088176E-04	 4.15777598E-04	 2.52370024E-04	 5.80589450E-05	 1.55892304E-06	-3.11956631E-05	-2.73262715E-04	-2.60295015E-04	-1.46826453E-04	 2.81806566E-05	-1.31738341E-04	-8.88426089E-05	-3.53049416E-05	-8.35643447E-06	 6.69527118E-06	 4.15886060E-06
 5.320000E-01	 6.92580792E-04	 7.42395256E-04	 6.17521381E-04	-1.28105117E-04	 5.03634069E-04	 4.18827569E-04	 2.56456548E-04	 5.97391551E-05	 2.06664815E-06	-3.18317900E-05	-2.71619777E-04	-2.60216520E-04	-1.48869512E-04	 3.00417558E-05	-1.29923073E-04	-8.84249268E-05	-3.54201360E-05	-8.61404520E-06	 6.72838156E-06	 4.11205292E-06
 5.330000E-01	 6.92966504E-04	 7.46634655E-04	 6.22727867E-04	-1.25378705E-04	 5.02873316E-04	 4.21756423E-04	 2.60530995E-04	 6.14348071E-05	 2.59158089E-06	-3.24729538E-05	-2.69926605E-04	-2.60069397E-04	-1.50812110E-04	 3.18742515E-05	-1.27999699E-04	-8.79480169E-05	-3.55139681E-05	-8.87242528E-06	 6.76062401E-06	 4.06208237E-06
 5.340000E-01	 6.93217744E-04	 7.50720036E-04	 6.27758604E-04	-1.22162126E-04	 5.01841751E-04	 4.24577467E-04	 2.64596127E-04	 6.31446225E-05	 3.13287899E-06	-3.31199413E-05	-2.68188961E-04	-2.59856441E-04	-1.52652302E-04	 3.36560747E-05	-1.25969358E-04	-8.74175650E-05	-3.55874961E-05	-9.13182297E-06	 6.79194099E-06	 4.00858248E-06
 5.350000E-01	 6.93401213E-04	 7.54726069E-04	 6.32690572E-04	-1.18509372E-04	 5.00615474E-04	 4.27337339E-04	 2.68675197E-04	 6.48723930E-05	 3.68996587E-06	-3.37760809E-05	-2.66432109E-04	-2.59600959E-04	-1.54405128E-04	 3.53701196E-05	-1.23848511E-04	-8.68444532E-05	-3.56435156E-05	-9.39270546E-06	 6.82286889E-06	 3.95148758E-06
 5.360000E-01	 6.93572199E-04	 7.58714939E-04	 6.37593803E-04	-1.14464023E-04	 4.99262075E-04	 4.30083405E-04	 2.72792358E-04	 6.66229401E-05	 4.26278989E-06	-3.44444715E-05	-2.64678956E-04	-2.59326968E-04	-1.56086735E-04	 3.69974023E-05	-1.21655699E-04	-8.62342895E-05	-3.56814874E-05	-9.65376349E-06	 6.85442521E-06	 3.89087194E-06
 5.370000E-01	 6.93738073E-04	 7.62696618E-04	 6.42490024E-04	-1.10053723E-04	 4.97806683E-04	 4.32832907E-04	 2.76954172E-04	 6.83972502E-05	 4.85131185E-06	-3.51259988E-05	-2.62933809E-04	-2.59040411E-04	-1.57700489E-04	 3.85161293E-05	-1.19394423E-04	-8.55861659E-05	-3.56983898E-05	-9.91307730E-06	 6.88725496E-06	 3.82656742E-06
 5.380000E-01	 6.93899999E-04	 7.66674858E-04	 6.47390425E-04	-1.05301402E-04	 4.96262994E-04	 4.35594300E-04	 2.81162766E-04	 7.01951942E-05	 5.45536069E-06	-3.58212430E-05	-2.61196740E-04	-2.58741333E-04	-1.59244485E-04	 3.99077692E-05	-1.17062301E-04	-8.49004620E-05	-3.56927263E-05	-1.01696886E-05	 6.92167153E-06	 3.75830486E-06
 5.390000E-01	 6.94066653E-04	 7.70661955E-04	 6.52312298E-04	-1.00228341E-04	 4.94647189E-04	 4.38378582E-04	 2.85422582E-04	 7.20173157E-05	 6.07488790E-06	-3.65311768E-05	-2.59469742E-04	-2.58431064E-04	-1.60717997E-04	 4.11592091E-05	-1.14660675E-04	-8.41800798E-05	-3.56643660E-05	-1.04232044E-05	 6.95801732E-06	 3.68588742E-06
 5.400000E-01	 6.94253404E-04	 7.74677390E-04	 6.57278584E-04	-9.48524027E-05	 4.92979740E-04	 4.41201651E-04	 2.89741710E-04	 7.38653210E-05	 6.71010090E-06	-3.72572011E-05	-2.57758215E-04	-2.58115400E-04	-1.62126544E-04	 4.22616749E-05	-1.12193307E-04	-8.34279683E-05	-3.56129756E-05	-1.06731962E-05	 6.99681719E-06	 3.60916442E-06
 5.410000E-01	 6.94468647E-04	 7.78732800E-04	 6.62304556E-04	-8.91851913E-05	 4.91274884E-04	 4.44076147E-04	 2.94126482E-04	 7.57406849E-05	 7.36124762E-06	-3.80004791E-05	-2.56065869E-04	-2.57799475E-04	-1.63477878E-04	 4.32081880E-05	-1.09662743E-04	-8.26445899E-05	-3.55370425E-05	-1.09188286E-05	 7.03861398E-06	 3.52794394E-06
 5.420000E-01	 6.94713597E-04	 7.82831929E-04	 6.67397930E-04	-8.32327869E-05	 4.89538402E-04	 4.47009806E-04	 2.98580442E-04	 7.76442859E-05	 8.02851684E-06	-3.87618783E-05	-2.54393384E-04	-2.57485138E-04	-1.64777050E-04	 4.39921868E-05	-1.07071938E-04	-8.18297724E-05	-3.54349361E-05	-1.11591106E-05	 7.08392567E-06	 3.44206783E-06
 5.430000E-01	 6.94979798E-04	 7.86966719E-04	 6.72555483E-04	-7.69959074E-05	 4.87764939E-04	 4.50006349E-04	 3.03104712E-04	 7.95766715E-05	 8.71218363E-06	-3.95418206E-05	-2.52739360E-04	-2.57173283E-04	-1.66028028E-04	 4.46072874E-05	-1.04422956E-04	-8.09797893E-05	-3.53029743E-05	-1.13919557E-05	 7.13349946E-06	 3.35146076E-06
 5.440000E-01	 6.95207966E-04	 7.91070891E-04	 6.77721744E-04	-7.04715714E-05	 4.85908331E-04	 4.53035181E-04	 3.07677810E-04	 8.15325523E-05	 9.41181554E-06	-4.03378111E-05	-2.51083964E-04	-2.56845523E-04	-1.67218908E-04	 4.50475954E-05	-1.01707145E-04	-8.00844775E-05	-3.51348484E-05	-1.16142169E-05	 7.18758766E-06	 3.25586491E-06
 5.450000E-01	 6.95329023E-04	 7.95066971E-04	 6.82828922E-04	-6.36672456E-05	 4.83917134E-04	 4.56050910E-04	 3.12268338E-04	 8.35034630E-05	 1.01261928E-05	-4.11464890E-05	-2.49401355E-04	-2.56474116E-04	-1.68329282E-04	 4.53157680E-05	-9.89093021E-05	-7.91373349E-05	-3.49274000E-05	-1.18246177E-05	 7.24563085E-06	 3.15476634E-06
 5.460000E-01	 6.95324116E-04	 7.98934200E-04	 6.87859529E-04	-5.66038265E-05	 4.81780803E-04	 4.59038101E-04	 3.16864643E-04	 8.54859189E-05	 1.08545591E-05	-4.19671711E-05	-2.47683210E-04	-2.56048370E-04	-1.69352186E-04	 4.54257682E-05	-9.60275615E-05	-7.81404806E-05	-3.46815321E-05	-1.20235656E-05	 7.30735220E-06	 3.04783310E-06
 5.470000E-01	 6.95192158E-04	 8.02671190E-04	 6.92815188E-04	-4.93036622E-05	 4.79504195E-04	 4.61996311E-04	 3.21464850E-04	 8.74793214E-05	 1.15966975E-05	-4.28001819E-05	-2.45929345E-04	-2.55567671E-04	-1.70291021E-04	 4.53942937E-05	-9.30710302E-05	-7.70966872E-05	-3.43975218E-05	-1.22108522E-05	 7.37297531E-06	 2.93492838E-06
 5.480000E-01	 6.94931804E-04	 8.06275686E-04	 6.97696418E-04	-4.17868382E-05	 4.77091940E-04	 4.64926031E-04	 3.26067940E-04	 8.94835261E-05	 1.23526223E-05	-4.36457917E-05	-2.44140472E-04	-2.55033163E-04	-1.71151933E-04	 4.52361551E-05	-9.00494313E-05	-7.60078603E-05	-3.40748266E-05	-1.23859074E-05	 7.44288666E-06	 2.81594533E-06
 5.490000E-01	 6.94542156E-04	 8.09745785E-04	 7.02503039E-04	-3.40721768E-05	 4.74547610E-04	 4.67827422E-04	 3.30673155E-04	 9.14985618E-05	 1.31225242E-05	-4.45042337E-05	-2.42317400E-04	-2.54445882E-04	-1.71940390E-04	 4.49643075E-05	-8.69715436E-05	-7.48763008E-05	-3.37129737E-05	-1.25482637E-05	 7.51756179E-06	 2.69081504E-06
 5.500000E-01	 6.94022375E-04	 8.13079805E-04	 7.07235034E-04	-2.61787779E-05	 4.71873132E-04	 4.70699888E-04	 3.35279516E-04	 9.35244529E-05	 1.39066011E-05	-4.53757230E-05	-2.40460192E-04	-2.53805322E-04	-1.72657937E-04	 4.45905715E-05	-8.38469890E-05	-7.37053424E-05	-3.33121897E-05	-1.26975465E-05	 7.59747426E-06	 2.55956444E-06
 5.510000E-01	 6.93371265E-04	 8.16275627E-04	 7.11891696E-04	-1.81277487E-05	 4.69071181E-04	 4.73542122E-04	 3.39885630E-04	 9.55611198E-05	 1.47049140E-05	-4.62604901E-05	-2.38568889E-04	-2.53111008E-04	-1.73305433E-04	 4.41276764E-05	-8.06825249E-05	-7.24976301E-05	-3.28727170E-05	-1.28334771E-05	 7.68295391E-06	 2.42214400E-06
 5.520000E-01	 6.92594713E-04	 8.19340417E-04	 7.16481184E-04	-9.94430515E-06	 4.66153804E-04	 4.76354083E-04	 3.44491232E-04	 9.76085638E-05	 1.55173387E-05	-4.71592222E-05	-2.36644030E-04	-2.52361393E-04	-1.73881851E-04	 4.35910764E-05	-7.74837933E-05	-7.12596520E-05	-3.23975664E-05	-1.29573381E-05	 7.77392350E-06	 2.27836758E-06
 5.530000E-01	 6.91752610E-04	 8.22346077E-04	 7.21071067E-04	-1.65038055E-06	 4.63174495E-04	 4.79173484E-04	 3.49122709E-04	 9.96742613E-05	 1.63447613E-05	-4.80764462E-05	-2.34703930E-04	-2.51573915E-04	-1.74400849E-04	 4.29974757E-05	-7.42651773E-05	-7.00041896E-05	-3.18932897E-05	-1.30720120E-05	 7.87061473E-06	 2.12810899E-06
 5.540000E-01	 6.90926702E-04	 8.25390261E-04	 7.25753002E-04	 6.75100435E-06	 4.60195108E-04	 4.82062208E-04	 3.53824036E-04	 1.01771450E-04	 1.71893958E-05	-4.90186963E-05	-2.32777453E-04	-2.50781177E-04	-1.74890825E-04	 4.23551632E-05	-7.10489821E-05	-6.87394614E-05	-3.13628251E-05	-1.31781653E-05	 7.97436906E-06	 1.97155535E-06
 5.550000E-01	 6.90145561E-04	 8.28507537E-04	 7.30560824E-04	 1.52717258E-05	 4.57231055E-04	 4.85048514E-04	 3.58616393E-04	 1.03907478E-04	 1.80529707E-05	-4.99891267E-05	-2.30876788E-04	-2.49999546E-04	-1.75369011E-04	 4.16601118E-05	-6.78473408E-05	-6.74644859E-05	-3.08039249E-05	-1.32740400E-05	 8.08657586E-06	 1.80890823E-06
 5.560000E-01	 6.89410112E-04	 8.31700291E-04	 7.35497772E-04	 2.39243257E-05	 4.54275477E-04	 4.88137409E-04	 3.63505254E-04	 1.06085157E-04	 1.89365213E-05	-5.09889589E-05	-2.29003087E-04	-2.49231835E-04	-1.75839654E-04	 4.09052466E-05	-6.46607082E-05	-6.61773737E-05	-3.02147966E-05	-1.33584761E-05	 8.20804058E-06	 1.64018565E-06
 5.570000E-01	 6.88715030E-04	 8.34963621E-04	 7.40560258E-04	 3.27186652E-05	 4.51316805E-04	 4.91327883E-04	 3.68492069E-04	 1.08306102E-04	 1.98409636E-05	-5.20189237E-05	-2.27154733E-04	-2.48477097E-04	-1.76303021E-04	 4.00859562E-05	-6.14871400E-05	-6.48764743E-05	-2.95940536E-05	-1.34306550E-05	 8.33941657E-06	 1.46537120E-06
 5.580000E-01	 6.88041883E-04	 8.38276772E-04	 7.45730445E-04	 4.16603116E-05	 4.48335975E-04	 4.94608064E-04	 3.73570580E-04	 1.10569607E-04	 2.07669378E-05	-5.30786617E-05	-2.25325463E-04	-2.47728787E-04	-1.76755559E-04	 3.92003536E-05	-5.83237386E-05	-6.35601737E-05	-2.89402378E-05	-1.34899180E-05	 8.48120642E-06	 1.28441803E-06
 5.590000E-01	 6.87377001E-04	 8.41624820E-04	 7.50996300E-04	 5.07515653E-05	 4.45321128E-04	 4.97967894E-04	 3.78735528E-04	 1.12875113E-04	 2.17149877E-05	-5.41680888E-05	-2.23510232E-04	-2.46981249E-04	-1.77194996E-04	 3.82493748E-05	-5.51675853E-05	-6.22284014E-05	-2.82530462E-05	-1.35363905E-05	 8.63367936E-06	 1.09713912E-06
 5.600000E-01	 6.86719490E-04	 8.45008183E-04	 7.56360846E-04	 5.99987612E-05	 4.42269132E-04	 5.01407995E-04	 3.83988823E-04	 1.15224196E-04	 2.26859481E-05	-5.52881510E-05	-2.21708559E-04	-2.46234268E-04	-1.77623705E-04	 3.72335003E-05	-5.20202374E-05	-6.08816412E-05	-2.75325208E-05	-1.35701040E-05	 8.79726580E-06	 9.03411344E-07
 5.610000E-01	 6.86060866E-04	 8.48416557E-04	 7.61816321E-04	 6.94164611E-05	 4.39163401E-04	 5.04928516E-04	 3.89331671E-04	 1.17618610E-04	 2.36808771E-05	-5.64392892E-05	-2.19920425E-04	-2.45490572E-04	-1.78048535E-04	 3.61486569E-05	-4.88856248E-05	-5.95142333E-05	-2.67744053E-05	-1.35884854E-05	 8.97310229E-06	 7.03394577E-07
 5.620000E-01	 6.85328467E-04	 8.51759168E-04	 7.67279946E-04	 7.90081824E-05	 4.35940095E-04	 5.08481633E-04	 3.94728869E-04	 1.20049344E-04	 2.46985990E-05	-5.76165626E-05	-2.18126002E-04	-2.44730935E-04	-1.78457988E-04	 3.49875853E-05	-4.57590128E-05	-5.81128606E-05	-2.59707261E-05	-1.35866499E-05	 9.16167723E-06	 4.97316352E-07
 5.630000E-01	 6.84426262E-04	 8.54916108E-04	 7.72642094E-04	 8.87487398E-05	 4.32532705E-04	 5.11991166E-04	 4.00123065E-04	 1.22499839E-04	 2.57358086E-05	-5.88124067E-05	-2.16294031E-04	-2.43918694E-04	-1.78821014E-04	 3.37523242E-05	-4.26269755E-05	-5.66710143E-05	-2.51193309E-05	-1.35630111E-05	 9.36172913E-06	 2.84980894E-07
 5.640000E-01	 6.83321809E-04	 8.57845989E-04	 7.77865724E-04	 9.86019475E-05	 4.28929870E-04	 5.15423588E-04	 4.05488558E-04	 1.24962453E-04	 2.67907931E-05	-6.00240148E-05	-2.14411793E-04	-2.43035722E-04	-1.79118868E-04	 3.24579270E-05	-3.94844668E-05	-5.51933648E-05	-2.42242201E-05	-1.35195229E-05	 9.57208852E-06	 6.60327633E-08
 5.650000E-01	 6.82014717E-04	 8.60546695E-04	 7.82950624E-04	 1.08534847E-04	 4.25145472E-04	 5.18771969E-04	 4.10819421E-04	 1.27435607E-04	 2.78632309E-05	-6.12511478E-05	-2.12477973E-04	-2.42077775E-04	-1.79345853E-04	 3.11225641E-05	-3.63366969E-05	-5.36865140E-05	-2.32893997E-05	-1.34580915E-05	 9.79226162E-06	-1.59775535E-07
 5.660000E-01	 6.80533309E-04	 8.63052751E-04	 7.87930851E-04	 1.18523335E-04	 4.21214458E-04	 5.22050898E-04	 4.16126638E-04	 1.29922859E-04	 2.89540036E-05	-6.24960792E-05	-2.10499732E-04	-2.41049971E-04	-1.79504109E-04	 2.97621602E-05	-3.31925849E-05	-5.21613644E-05	-2.23209159E-05	-1.33819344E-05	 1.00220261E-05	-3.92768894E-07
 5.670000E-01	 6.78950480E-04	 8.65455444E-04	 7.92892437E-04	 1.28567986E-04	 4.17192679E-04	 5.25314064E-04	 4.21452428E-04	 1.32437777E-04	 3.00666121E-05	-6.37654599E-05	-2.08499781E-04	-2.39977178E-04	-1.79614029E-04	 2.83862980E-05	-3.00657088E-05	-5.06286248E-05	-2.13233010E-05	-1.32936773E-05	 1.02625525E-05	-6.33113076E-07
 5.680000E-01	 6.77314007E-04	 8.67814212E-04	 7.97890715E-04	 1.38684326E-04	 4.13104953E-04	 5.28602757E-04	 4.26830209E-04	 1.34991997E-04	 3.12045253E-05	-6.50642236E-05	-2.06495974E-04	-2.38881941E-04	-1.79697346E-04	 2.69945134E-05	-2.69675478E-05	-4.90889902E-05	-2.02946291E-05	-1.31921190E-05	 1.05158101E-05	-8.80620889E-07
 5.690000E-01	 6.75627102E-04	 8.70132547E-04	 8.02928573E-04	 1.48877865E-04	 4.08945372E-04	 5.31920961E-04	 4.32265093E-04	 1.37588459E-04	 3.23691483E-05	-6.63933459E-05	-2.04491098E-04	-2.37768593E-04	-1.79759002E-04	 2.55833756E-05	-2.38999861E-05	-4.75404623E-05	-1.92327054E-05	-1.30757599E-05	 1.07828107E-05	-1.13519045E-06
 5.700000E-01	 6.73898590E-04	 8.72422606E-04	 8.08018627E-04	 1.59143960E-04	 4.04721780E-04	 5.35271360E-04	 4.37761480E-04	 1.40229505E-04	 3.35614574E-05	-6.77543560E-05	-2.02486239E-04	-2.36636754E-04	-1.79796226E-04	 2.41540367E-05	-2.08601603E-05	-4.59877445E-05	-1.81406242E-05	-1.29463265E-05	 1.10635473E-05	-1.39715123E-06
 5.710000E-01	 6.72177558E-04	 8.74749182E-04	 8.13225008E-04	 1.69491003E-04	 4.00470758E-04	 5.38691168E-04	 4.43350558E-04	 1.42926106E-04	 3.47842929E-05	-6.91531277E-05	-2.00494469E-04	-2.35500605E-04	-1.79818214E-04	 2.27095182E-05	-1.78487861E-05	-4.44377715E-05	-1.70230089E-05	-1.28064963E-05	 1.13583819E-05	-1.66708309E-06
 5.720000E-01	 6.70517134E-04	 8.77182497E-04	 8.18617293E-04	 1.79947123E-04	 3.96220021E-04	 5.42228365E-04	 4.49072406E-04	 1.45692757E-04	 3.60417101E-05	-7.05965600E-05	-1.98532648E-04	-2.34381694E-04	-1.79843972E-04	 2.12482721E-05	-1.48709820E-05	-4.28910454E-05	-1.58796417E-05	-1.26560049E-05	 1.16688244E-05	-1.94526168E-06
 5.730000E-01	 6.68930257E-04	 8.79741072E-04	 8.24215732E-04	 1.90540861E-04	 3.91963230E-04	 5.45899951E-04	 4.54943244E-04	 1.48536569E-04	 3.73363974E-05	-7.20877327E-05	-1.96606335E-04	-2.33289030E-04	-1.79884464E-04	 1.97631900E-05	-1.19284449E-05	-4.13432576E-05	-1.47071760E-05	-1.24928525E-05	 1.19963607E-05	-2.23172340E-06
 5.740000E-01	 6.67414707E-04	 8.82423712E-04	 8.30021214E-04	 2.01298758E-04	 3.87679460E-04	 5.49710185E-04	 4.60969527E-04	 1.51461581E-04	 3.86704595E-05	-7.36282184E-05	-1.94716728E-04	-2.32226462E-04	-1.79946599E-04	 1.82458623E-05	-9.01946911E-06	-3.97882687E-05	-1.35012697E-05	-1.23145087E-05	 1.23424327E-05	-2.52642182E-06
 5.750000E-01	 6.65928463E-04	 8.85176045E-04	 8.35982737E-04	 2.12231220E-04	 3.83320791E-04	 5.53630207E-04	 4.67131007E-04	 1.54463164E-04	 4.00440749E-05	-7.52150868E-05	-1.92854302E-04	-2.31185359E-04	-1.80028209E-04	 1.66894538E-05	-6.14090452E-06	-3.82155129E-05	-1.22547404E-05	-1.21167672E-05	 1.27082564E-05	-2.82901804E-06
 5.760000E-01	 6.64397984E-04	 8.87901746E-04	 8.42009363E-04	 2.23317925E-04	 3.78833044E-04	 5.57596688E-04	 4.73379135E-04	 1.57526760E-04	 4.14547275E-05	-7.68411877E-05	-1.90997489E-04	-2.30139335E-04	-1.80108751E-04	 1.50935295E-05	-3.28793758E-06	-3.66207348E-05	-1.09651490E-05	-1.18980516E-05	 1.30934707E-05	-3.13928105E-06
 5.770000E-01	 6.62788590E-04	 8.90555704E-04	 8.48060727E-04	 2.34536049E-04	 3.74200684E-04	 5.61573772E-04	 4.79686449E-04	 1.60644134E-04	 4.29010193E-05	-7.85031750E-05	-1.89133633E-04	-2.29070264E-04	-1.80170526E-04	 1.34638789E-05	-4.58219788E-07	-3.50092742E-05	-9.63659597E-06	-1.16606353E-05	 1.34970799E-05	-3.45750672E-06
 5.780000E-01	 6.61098731E-04	 8.93135726E-04	 8.54137705E-04	 2.45882792E-04	 3.69424353E-04	 5.65559099E-04	 4.86051466E-04	 1.63815820E-04	 4.43837768E-05	-8.02015037E-05	-1.87262245E-04	-2.27976902E-04	-1.80212523E-04	 1.18046382E-05	 2.34579271E-06	-3.33832713E-05	-8.27035916E-06	-1.14051481E-05	 1.39192629E-05	-3.78394249E-06
 5.790000E-01	 6.59307639E-04	 8.95612224E-04	 8.60212763E-04	 2.57358784E-04	 3.64481138E-04	 5.69538585E-04	 4.92462520E-04	 1.67039415E-04	 4.59031627E-05	-8.19343603E-05	-1.85380655E-04	-2.26858000E-04	-1.80237206E-04	 1.01156542E-05	 5.12110268E-06	-3.17359291E-05	-6.86172549E-06	-1.11282023E-05	 1.43609302E-05	-4.11829151E-06
 5.800000E-01	 6.57354800E-04	 8.97900859E-04	 8.66204288E-04	 2.68938059E-04	 3.59328743E-04	 5.73458860E-04	 4.98874710E-04	 1.70301232E-04	 4.74558861E-05	-8.36946287E-05	-1.83473912E-04	-2.25696162E-04	-1.80230943E-04	 8.39870014E-06	 7.86824427E-06	-3.00605740E-05	-5.40777497E-06	-1.08266459E-05	 1.48214522E-05	-4.46014805E-06
 5.810000E-01	 6.55194636E-04	 8.99937173E-04	 8.72049866E-04	 2.80578571E-04	 3.53949933E-04	 5.77271277E-04	 5.05246871E-04	 1.73588057E-04	 4.90384177E-05	-8.54762314E-05	-1.81527939E-04	-2.24471549E-04	-1.80172518E-04	 6.66236752E-06	 1.05878903E-05	-2.83608687E-05	-3.91286880E-06	-1.05016680E-05	 1.52990245E-05	-4.80953083E-06
 5.820000E-01	 6.52822031E-04	 9.01711426E-04	 8.77739734E-04	 2.92244837E-04	 3.48361076E-04	 5.80961344E-04	 5.11566936E-04	 1.76896189E-04	 5.06499306E-05	-8.72777653E-05	-1.79539759E-04	-2.23177336E-04	-1.80051121E-04	 4.91879849E-06	 1.32769148E-05	-2.66447786E-05	-2.38275312E-06	-1.01561376E-05	 1.57925119E-05	-5.16683756E-06
 5.830000E-01	 6.50253788E-04	 9.03244837E-04	 8.83295889E-04	 3.03906982E-04	 3.42602242E-04	 5.84531602E-04	 5.17837268E-04	 1.80226537E-04	 5.22908149E-05	-8.91005622E-05	-1.77510539E-04	-2.21810337E-04	-1.79857314E-04	 3.17942925E-06	 1.59304141E-05	-2.49273316E-05	-8.27403066E-07	-9.79593065E-06	 1.63004361E-05	-5.53299573E-06
 5.840000E-01	 6.47588781E-04	 9.04673873E-04	 8.88855278E-04	 3.15590580E-04	 3.36753205E-04	 5.88062812E-04	 5.24128095E-04	 1.83603416E-04	 5.39685701E-05	-9.09575866E-05	-1.75464079E-04	-2.20396014E-04	-1.79607030E-04	 1.44901719E-06	 1.85434491E-05	-2.32271988E-05	 7.43378190E-07	-9.42844832E-06	 1.68237352E-05	-5.90962708E-06
 5.850000E-01	 6.44934183E-04	 9.06147466E-04	 8.94566578E-04	 3.27367443E-04	 3.30862941E-04	 5.91659883E-04	 5.30531714E-04	 1.87060261E-04	 5.56942894E-05	-9.28646037E-05	-1.73432897E-04	-2.18977116E-04	-1.79340471E-04	-2.78303596E-07	 2.11108757E-05	-2.15439682E-05	 2.33447982E-06	-9.05266153E-06	 1.73669505E-05	-6.29753570E-06
 5.860000E-01	 6.42314863E-04	 9.07700850E-04	 9.00465715E-04	 3.39282335E-04	 3.24917335E-04	 5.95354949E-04	 5.37079282E-04	 1.90610245E-04	 5.74733999E-05	-9.48268965E-05	-1.71428282E-04	-2.17571599E-04	-1.79079107E-04	-2.01184229E-06	 2.36317637E-05	-1.98671600E-05	 3.95536670E-06	-8.66323173E-06	 1.79335875E-05	-6.69651919E-06
 5.870000E-01	 6.39731295E-04	 9.09336527E-04	 9.06557608E-04	 3.51352721E-04	 3.18899290E-04	 5.99149466E-04	 5.43776754E-04	 1.94257593E-04	 5.93084415E-05	-9.68463787E-05	-1.69450916E-04	-2.16181077E-04	-1.78825394E-04	-3.75669677E-06	 2.61096388E-05	-1.81940544E-05	 5.60844959E-06	-8.25869378E-06	 1.85249998E-05	-7.10674661E-06
 5.880000E-01	 6.37191593E-04	 9.11068389E-04	 9.12860911E-04	 3.63593966E-04	 3.12805619E-04	 6.03051068E-04	 5.50634616E-04	 1.98008132E-04	 6.12021697E-05	-9.89263134E-05	-1.67501746E-04	-2.14806410E-04	-1.78578233E-04	-5.51406037E-06	 2.85477439E-05	-1.65269182E-05	 7.29192476E-06	-7.83962443E-06	 1.91417766E-05	-7.52872223E-06
 5.890000E-01	 6.34707681E-04	 9.12915729E-04	 9.19400588E-04	 3.76028863E-04	 3.06634738E-04	 6.07074674E-04	 5.57668495E-04	 2.01869817E-04	 6.31579050E-05	-1.01070899E-04	-1.65583839E-04	-2.13452623E-04	-1.78342253E-04	-7.28697825E-06	 3.09498457E-05	-1.48647367E-05	 9.00601595E-06	-7.40565456E-06	 1.97847148E-05	-7.96324222E-06
 5.900000E-01	 6.32284343E-04	 9.14887998E-04	 9.26191988E-04	 3.88684782E-04	 3.00374225E-04	 6.11230856E-04	 5.64889717E-04	 2.05849048E-04	 6.51788087E-05	-1.03283419E-04	-1.63699120E-04	-2.12123724E-04	-1.78123160E-04	-9.08162995E-06	 3.33205933E-05	-1.32042757E-05	 1.07530245E-05	-6.95553294E-06	 2.04550364E-05	-8.41096168E-06
 5.910000E-01	 6.29919073E-04	 9.16983854E-04	 9.33238809E-04	 4.01596663E-04	 2.93991857E-04	 6.15527428E-04	 5.72306810E-04	 2.09951330E-04	 6.72681777E-05	-1.05566188E-04	-1.61849519E-04	-2.10824803E-04	-1.77929805E-04	-1.09046094E-05	 3.56644175E-05	-1.15367314E-05	 1.25395552E-05	-6.48513526E-06	 2.11550706E-05	-8.87184070E-06
 5.920000E-01	 6.27556934E-04	 9.19124380E-04	 9.40462274E-04	 4.14766292E-04	 2.87416518E-04	 6.19922462E-04	 5.79884463E-04	 2.14166436E-04	 6.94247459E-05	-1.07912626E-04	-1.60026334E-04	-2.09548779E-04	-1.77764046E-04	-1.27581245E-05	 3.79817443E-05	-9.84335212E-06	 1.43785783E-05	-5.98548957E-06	 2.18871935E-05	-9.34438407E-06
 5.930000E-01	 6.25079307E-04	 9.21136321E-04	 9.47684581E-04	 4.28116882E-04	 2.80571159E-04	 6.24295259E-04	 5.87517531E-04	 2.18457521E-04	 7.16384199E-05	-1.10303683E-04	-1.58200597E-04	-2.08257742E-04	-1.77595462E-04	-1.46361801E-05	 4.02681160E-05	-8.11733604E-06	 1.62728924E-05	-5.45271640E-06	 2.26496828E-05	-9.82661804E-06
 5.940000E-01	 6.22416609E-04	 9.22916581E-04	 9.54800647E-04	 4.41567348E-04	 2.73442741E-04	 6.28559402E-04	 5.95130387E-04	 2.22797161E-04	 7.39010928E-05	-1.12726838E-04	-1.56350343E-04	-2.06917789E-04	-1.77387912E-04	-1.65296471E-05	 4.25194230E-05	-6.37308858E-06	 1.82105439E-05	-4.89272287E-06	 2.34385460E-05	-1.03184145E-05
 5.950000E-01	 6.19565267E-04	 9.24457488E-04	 9.61804060E-04	 4.55085264E-04	 2.66057581E-04	 6.32700246E-04	 6.02709499E-04	 2.27180702E-04	 7.62117101E-05	-1.15180695E-04	-1.54472181E-04	-2.05520837E-04	-1.77128692E-04	-1.84327256E-05	 4.47322530E-05	-4.62386550E-06	 2.01822498E-05	-4.31083130E-06	 2.42519404E-05	-1.08206264E-05
 5.960000E-01	 6.16531248E-04	 9.25764708E-04	 9.68701573E-04	 4.68658554E-04	 2.58437849E-04	 6.36718898E-04	 6.10254293E-04	 2.31608653E-04	 7.85709179E-05	-1.17665679E-04	-1.52567807E-04	-2.04067912E-04	-1.76816600E-04	-2.03445691E-05	 4.69050321E-05	-2.87545937E-06	 2.21844148E-05	-3.70899307E-06	 2.50893469E-05	-1.13340037E-05
 5.970000E-01	 6.13334921E-04	 9.26865340E-04	 9.75522500E-04	 4.82294354E-04	 2.50604085E-04	 6.40633262E-04	 6.17779599E-04	 2.36087778E-04	 8.09812482E-05	-1.20185202E-04	-1.50643193E-04	-2.02566876E-04	-1.76456724E-04	-2.22657420E-05	 4.90395376E-05	-1.12990429E-06	 2.42155248E-05	-3.08780546E-06	 2.59509008E-05	-1.18595824E-05
 5.980000E-01	 6.09992179E-04	 9.27780220E-04	 9.82289307E-04	 4.96001869E-04	 2.42566916E-04	 6.44458103E-04	 6.25298893E-04	 2.40624547E-04	 8.34455063E-05	-1.22742165E-04	-1.48703455E-04	-2.01024361E-04	-1.76052471E-04	-2.41912474E-05	 5.11347674E-05	 6.11831427E-07	 2.62748780E-05	-2.44625872E-06	 2.68373802E-05	-1.23975197E-05
 5.990000E-01	 6.06504845E-04	 9.28509443E-04	 9.89001567E-04	 5.09769920E-04	 2.34337670E-04	 6.48188742E-04	 6.32810423E-04	 2.45219570E-04	 8.59647413E-05	-1.25336616E-04	-1.46749460E-04	-1.99440671E-04	-1.75602290E-04	-2.61158683E-05	 5.31854355E-05	 2.34693456E-06	 2.83609320E-05	-1.78461609E-06	 2.77489076E-05	-1.29480899E-05
 6.000000E-01	 6.02893568E-04	 9.29083312E-04	 9.95693443E-04	 5.23591188E-04	 2.25954922E-04	 6.51833005E-04	 6.40324965E-04	 2.49877747E-04	 8.85412696E-05	-1.27972275E-04	-1.44782290E-04	-1.97813193E-04	-1.75097442E-04	-2.80407527E-05	 5.51875605E-05	 4.05704263E-06	 3.04622570E-05	-1.11033839E-06	 2.86840882E-05	-1.35130826E-05
 6.010000E-01	 5.99252378E-04	 9.29646924E-04	 1.00252529E-03	 5.37543122E-04	 2.17475153E-04	 6.55487610E-04	 6.47936012E-04	 2.54635919E-04	 9.11891801E-05	-1.30669284E-04	-1.42821284E-04	-1.96164486E-04	-1.74553399E-04	-2.99790405E-05	 5.71459662E-05	 5.72363344E-06	 3.25722127E-05	-4.30901974E-07	 2.96458263E-05	-1.40958918E-05
 6.020000E-01	 5.95670989E-04	 9.30340755E-04	 1.00965400E-03	 5.51744233E-04	 2.08907088E-04	 6.59266038E-04	 6.55752451E-04	 2.59538512E-04	 9.39263427E-05	-1.33449538E-04	-1.40891639E-04	-1.94531192E-04	-1.74008642E-04	-3.19475115E-05	 5.90701568E-05	 7.35347989E-06	 3.47038982E-05	 2.58311971E-07	 3.06418738E-05	-1.46985236E-05
 6.030000E-01	 5.92164676E-04	 9.31191487E-04	 1.01711470E-03	 5.66257375E-04	 2.00208444E-04	 6.63201402E-04	 6.63808548E-04	 2.64602060E-04	 9.67609350E-05	-1.36320309E-04	-1.39001583E-04	-1.92928263E-04	-1.73483868E-04	-3.39574078E-05	 6.09696910E-05	 8.96021056E-06	 3.68712277E-05	 9.65538182E-07	 3.16776797E-05	-1.53209208E-05
 6.040000E-01	 5.88727295E-04	 9.32193133E-04	 1.02490804E-03	 5.81114713E-04	 1.91332567E-04	 6.67295624E-04	 6.72111350E-04	 2.69832648E-04	 9.96972658E-05	-1.39284380E-04	-1.37151851E-04	-1.91358782E-04	-1.72985824E-04	-3.60152935E-05	 6.28550619E-05	 1.05510726E-05	 3.90817725E-05	 1.69600789E-06	 3.27564985E-05	-1.59629510E-05
 6.050000E-01	 5.85327216E-04	 9.33299029E-04	 1.03299050E-03	 5.96314719E-04	 1.82234110E-04	 6.71518145E-04	 6.80636294E-04	 2.75223848E-04	 1.02734826E-04	-1.42338552E-04	-1.35336192E-04	-1.89815535E-04	-1.72509861E-04	-3.81218199E-05	 6.47344845E-05	 1.21275902E-05	 4.13373299E-05	 2.45333061E-06	 3.38791738E-05	-1.66238989E-05
 6.060000E-01	 5.81928004E-04	 9.34453952E-04	 1.04130900E-03	 6.11839147E-04	 1.72880672E-04	 6.75827890E-04	 6.89346477E-04	 2.80763946E-04	 1.05870721E-04	-1.45477536E-04	-1.33545530E-04	-1.88286373E-04	-1.72045511E-04	-4.02837888E-05	 6.66175093E-05	 1.36832638E-05	 4.36338641E-05	 3.23701017E-06	 3.50443661E-05	-1.73040623E-05
 6.070000E-01	 5.78519009E-04	 9.35643323E-04	 1.04985619E-03	 6.27699920E-04	 1.63246070E-04	 6.80217641E-04	 6.98233635E-04	 2.86452123E-04	 1.09106332E-04	-1.48701552E-04	-1.31776629E-04	-1.86766368E-04	-1.71587966E-04	-4.25143546E-05	 6.85204584E-05	 1.52081998E-05	 4.59672470E-05	 4.04536790E-06	 3.62520311E-05	-1.80044403E-05
 6.080000E-01	 5.75088919E-04	 9.36850142E-04	 1.05861986E-03	 6.43924376E-04	 1.53279725E-04	 6.84692816E-04	 7.07298936E-04	 2.92291602E-04	 1.12445295E-04	-1.52010610E-04	-1.30031418E-04	-1.85261040E-04	-1.71147308E-04	-4.48192443E-05	 7.04609178E-05	 1.67121886E-05	 4.83475630E-05	 4.88601917E-06	 3.75057193E-05	-1.87242894E-05
 6.090000E-01	 5.71551781E-04	 9.37934059E-04	 1.06744374E-03	 6.60438482E-04	 1.42912584E-04	 6.89164015E-04	 7.16453428E-04	 2.98248906E-04	 1.15877530E-04	-1.55383995E-04	-1.28297125E-04	-1.83756180E-04	-1.70717642E-04	-4.71876742E-05	 7.24410606E-05	 1.82168113E-05	 5.07878707E-05	 5.77106965E-06	 3.88060174E-05	-1.94595980E-05
 6.100000E-01	 5.67793574E-04	 9.38705889E-04	 1.07611245E-03	 6.77076377E-04	 1.32126794E-04	 6.93475188E-04	 7.25548739E-04	 3.04264539E-04	 1.19381819E-04	-1.58789985E-04	-1.26547050E-04	-1.82211132E-04	-1.70257315E-04	-4.96039761E-05	 7.44498578E-05	 1.97126322E-05	 5.32755025E-05	 6.69794432E-06	 4.01456638E-05	-2.02067908E-05
 6.110000E-01	 5.63776202E-04	 9.39097984E-04	 1.08454713E-03	 6.93727696E-04	 1.20979661E-04	 6.97545915E-04	 7.34514574E-04	 3.10309678E-04	 1.22947408E-04	-1.62215287E-04	-1.24767538E-04	-1.80600556E-04	-1.69732704E-04	-5.20628483E-05	 7.64766390E-05	 2.11687872E-05	 5.57874094E-05	 7.65450612E-06	 4.15176394E-05	-2.09662374E-05
 6.120000E-01	 5.59506726E-04	 9.39116158E-04	 1.09275307E-03	 7.10339973E-04	 1.09562606E-04	 7.01353600E-04	 7.43336708E-04	 3.16378041E-04	 1.26571571E-04	-1.65659231E-04	-1.22955555E-04	-1.78914866E-04	-1.69125893E-04	-5.45702632E-05	 7.85116650E-05	 2.25503846E-05	 5.83026570E-05	 8.62806107E-06	 4.29171504E-05	-2.17403337E-05
 6.130000E-01	 5.55052485E-04	 9.38867989E-04	 1.10085611E-03	 7.26957396E-04	 9.79771903E-05	 7.04959084E-04	 7.52083165E-04	 3.22497851E-04	 1.30264847E-04	-1.69140161E-04	-1.21121692E-04	-1.77164875E-04	-1.68439168E-04	-5.71442716E-05	 8.05502273E-05	 2.38242579E-05	 6.08062416E-05	 9.60652189E-06	 4.43439218E-05	-2.25343502E-05
 6.140000E-01	 5.50515133E-04	 9.38521578E-04	 1.10905609E-03	 7.43713366E-04	 8.62967504E-05	 7.08490276E-04	 7.60889536E-04	 3.28727146E-04	 1.34050695E-04	-1.72690302E-04	-1.19289675E-04	-1.75384613E-04	-1.67702002E-04	-5.97837706E-05	 8.25761956E-05	 2.49888971E-05	 6.33053334E-05	 1.05908096E-05	 4.58058053E-05	-2.33529182E-05
 6.150000E-01	 5.45934583E-04	 9.38143389E-04	 1.11743489E-03	 7.60679215E-04	 7.45630294E-05	 7.12004661E-04	 7.69824711E-04	 3.35097304E-04	 1.37943210E-04	-1.76325599E-04	-1.17473401E-04	-1.73596665E-04	-1.66936480E-04	-6.24441258E-05	 8.45218766E-05	 2.60765194E-05	 6.58185291E-05	 1.15914863E-05	 4.73107381E-05	-2.41965537E-05
 6.160000E-01	 5.41311826E-04	 9.37735516E-04	 1.12600028E-03	 7.77854426E-04	 6.28352288E-05	 7.15492329E-04	 7.78895609E-04	 3.41614026E-04	 1.41946375E-04	-1.80049492E-04	-1.15673278E-04	-1.71800689E-04	-1.66135990E-04	-6.50488672E-05	 8.62453033E-05	 2.71217227E-05	 6.83508200E-05	 1.26105221E-05	 4.88609833E-05	-2.50657559E-05
 6.170000E-01	 5.36676432E-04	 9.37351088E-04	 1.13482560E-03	 7.95281630E-04	 5.11962789E-05	 7.18980272E-04	 7.88143198E-04	 3.48297878E-04	 1.46070595E-04	-1.83874516E-04	-1.13891639E-04	-1.69996023E-04	-1.65285023E-04	-6.74896383E-05	 8.75159495E-05	 2.81677119E-05	 7.08992944E-05	 1.36421807E-05	 5.04584929E-05	-2.59635822E-05
 6.180000E-01	 5.32078072E-04	 9.37080250E-04	 1.14403328E-03	 8.13073960E-04	 3.97119185E-05	 7.22549594E-04	 7.97649866E-04	 3.55188013E-04	 1.50334915E-04	-1.87821550E-04	-1.12137784E-04	-1.68194345E-04	-1.64379467E-04	-6.96056328E-05	 8.79845211E-05	 2.93115675E-05	 7.34778035E-05	 1.46879142E-05	 5.21101610E-05	-2.68934793E-05
 6.190000E-01	 5.27537469E-04	 9.36964477E-04	 1.15368996E-03	 8.31344308E-04	 2.84063388E-05	 7.26269435E-04	 8.07467717E-04	 3.62310890E-04	 1.54753981E-04	-1.91903324E-04	-1.10417244E-04	-1.66403623E-04	-1.63410450E-04	-7.11631071E-05	 8.71480783E-05	 3.07211130E-05	 7.61149721E-05	 1.57570374E-05	 5.38241368E-05	-2.78564056E-05
 6.200000E-01	 5.23048906E-04	 9.36999150E-04	 1.16380670E-03	 8.50196609E-04	 1.72587448E-05	 7.30194101E-04	 8.17614376E-04	 3.69677977E-04	 1.59336881E-04	-1.96123888E-04	-1.08730753E-04	-1.64625125E-04	-1.62358645E-04	-7.18491684E-05	 8.43329888E-05	 3.26415696E-05	 7.88506519E-05	 1.68640504E-05	 5.56087164E-05	-2.88505967E-05
 6.210000E-01	 5.18560153E-04	 9.37095128E-04	 1.17428629E-03	 8.69677126E-04	 6.20498946E-06	 7.34328812E-04	 8.28035300E-04	 3.77268358E-04	 1.64079682E-04	-2.00469088E-04	-1.07070204E-04	-1.62847363E-04	-1.61190978E-04	-7.12836364E-05	 7.86997614E-05	 3.53952484E-05	 8.17340451E-05	 1.80278010E-05	 5.74697797E-05	-2.98701802E-05
 6.220000E-01	 5.13981910E-04	 9.37092707E-04	 1.18493636E-03	 8.89756407E-04	-4.84572349E-06	 7.38623147E-04	 8.38594333E-04	 3.85023780E-04	 1.68962259E-04	-2.04906321E-04	-1.05414910E-04	-1.61036902E-04	-1.59849865E-04	-6.90860683E-05	 6.93075864E-05	 3.93302054E-05	 8.48006088E-05	 1.92566133E-05	 5.94051900E-05	-3.09082476E-05
 6.230000E-01	 5.09273758E-04	 9.36915851E-04	 1.19566246E-03	 9.10477537E-04	-1.60170741E-05	 7.43103785E-04	 8.49207875E-04	 3.92909343E-04	 1.73974207E-04	-2.09417180E-04	-1.03749927E-04	-1.59166916E-04	-1.58283839E-04	-6.49523743E-05	 5.52435776E-05	 4.47877481E-05	 8.80767054E-05	 2.05490492E-05	 6.14125450E-05	-3.19623245E-05
 6.240000E-01	 5.04437718E-04	 9.36562104E-04	 1.20645400E-03	 9.31966123E-04	-2.74826076E-05	 7.47887370E-04	 8.59862185E-04	 4.00922929E-04	 1.79120434E-04	-2.13998428E-04	-1.02073781E-04	-1.57235420E-04	-1.56478609E-04	-5.86842425E-05	 3.57650936E-05	 5.21070304E-05	 9.16055606E-05	 2.19139701E-05	 6.34967994E-05	-3.30305828E-05
 6.250000E-01	 4.99456159E-04	 9.35988612E-04	 1.21723385E-03	 9.54275183E-04	-3.94248679E-05	 7.53055836E-04	 8.70510215E-04	 4.09050462E-04	 1.84401663E-04	-2.18637123E-04	-1.00386356E-04	-1.55248602E-04	-1.54447798E-04	-5.02392027E-05	 1.04611883E-05	 6.15747685E-05	 9.54382766E-05	 2.33710520E-05	 6.56638496E-05	-3.41082966E-05
 6.260000E-01	 4.94294708E-04	 9.35116398E-04	 1.22785953E-03	 9.77319373E-04	-5.19529678E-05	 7.58597580E-04	 8.81051458E-04	 4.17258255E-04	 1.89810606E-04	-2.23309725E-04	-9.86829887E-05	-1.53206950E-04	-1.52215068E-04	-3.98026798E-05	-2.05638080E-05	 7.33121586E-05	 9.95976679E-05	 2.49324118E-05	 6.79134649E-05	-3.51901964E-05
 6.270000E-01	 4.88941828E-04	 9.33905019E-04	 1.23821889E-03	 1.00092269E-03	-6.50353918E-05	 7.64432851E-04	 8.91394403E-04	 4.25522739E-04	 1.95346052E-04	-2.27999188E-04	-9.69623081E-05	-1.51115638E-04	-1.49827084E-04	-2.78290057E-05	-5.65466833E-05	 8.71988477E-05	 1.04071302E-04	 2.65975353E-05	 7.02429220E-05	-3.62741158E-05
 6.280000E-01	 4.83410859E-04	 9.32358914E-04	 1.24824291E-03	 1.02482889E-03	-7.84569120E-05	 7.70404357E-04	 9.01462593E-04	 4.33834194E-04	 2.01014629E-04	-2.32697678E-04	-9.52269436E-05	-1.48985666E-04	-1.47354405E-04	-1.50348601E-05	-9.60109443E-05	 1.02834479E-04	 1.08806863E-04	 2.83511495E-05	 7.26469486E-05	-3.73628652E-05
 6.290000E-01	 4.77770541E-04	 9.30589906E-04	 1.25799823E-03	 1.04880560E-03	-9.18175567E-05	 7.76340632E-04	 9.11261331E-04	 4.42227929E-04	 2.06845345E-04	-2.37424196E-04	-9.34894352E-05	-1.46841811E-04	-1.44891334E-04	-2.32698890E-06	-1.36841181E-04	 1.19555640E-04	 1.13717547E-04	 3.01639527E-05	 7.51228198E-05	-3.84669153E-05
 6.300000E-01	 4.72133644E-04	 9.28799929E-04	 1.26767328E-03	 1.07269377E-03	-1.04565933E-04	 7.82082343E-04	 9.20897290E-04	 4.50792802E-04	 2.12894483E-04	-2.42225511E-04	-9.17778368E-05	-1.44736518E-04	-1.42569037E-04	 9.34237954E-06	-1.76498128E-04	 1.36537750E-04	 1.18721773E-04	 3.20172089E-05	 7.76795125E-05	-3.95993168E-05
 6.310000E-01	 4.66555628E-04	 9.27084359E-04	 1.27731722E-03	 1.09620441E-03	-1.16015785E-04	 7.87317690E-04	 9.30391444E-04	 4.59580393E-04	 2.19201905E-04	-2.47127332E-04	-9.01144395E-05	-1.42717123E-04	-1.40513998E-04	 1.90896395E-05	-2.12277408E-04	 1.52847158E-04	 1.23731013E-04	 3.39018020E-05	 8.03227257E-05	-4.07669942E-05
 6.320000E-01	 4.61040769E-04	 9.25441030E-04	 1.28685522E-03	 1.11892976E-03	-1.25402370E-04	 7.91587879E-04	 9.39657471E-04	 4.68590800E-04	 2.25781552E-04	-2.52132104E-04	-8.85062321E-05	-1.40803003E-04	-1.38805849E-04	 2.61689680E-05	-2.41611103E-04	 1.67481704E-04	 1.28619809E-04	 3.57923210E-05	 8.30443129E-05	-4.19757841E-05
 6.330000E-01	 4.55593755E-04	 9.23871564E-04	 1.29623472E-03	 1.14052996E-03	-1.32002936E-04	 7.94447388E-04	 9.48607605E-04	 4.77818081E-04	 2.32641496E-04	-2.57244861E-04	-8.69544436E-05	-1.38998712E-04	-1.37480523E-04	 3.00696470E-05	-2.62410745E-04	 1.79499517E-04	 1.33246291E-04	 3.76488027E-05	 8.58296301E-05	-4.32349122E-05
 6.340000E-01	 4.50219345E-04	 9.22381704E-04	 1.30543098E-03	 1.16080288E-03	-1.35251344E-04	 7.95553179E-04	 9.57178142E-04	 4.87257303E-04	 2.39786952E-04	-2.62474057E-04	-8.54586233E-05	-1.37302323E-04	-1.36541070E-04	 3.05860753E-05	-2.73346606E-04	 1.88161859E-04	 1.37487613E-04	 3.94317158E-05	 8.86641292E-05	-4.45548537E-05
 6.350000E-01	 4.44918975E-04	 9.20975130E-04	 1.31443918E-03	 1.17969916E-03	-1.34812143E-04	 7.94710713E-04	 9.65338354E-04	 4.96905489E-04	 2.47220845E-04	-2.67829130E-04	-8.40169517E-05	-1.35706402E-04	-1.35961216E-04	 2.78314904E-05	-2.74010855E-04	 1.93031925E-04	 1.41261425E-04	 4.11099514E-05	 9.15373585E-05	-4.59448193E-05
 6.360000E-01	 4.39685426E-04	 9.19641650E-04	 1.32325419E-03	 1.19729390E-03	-1.30600165E-04	 7.91873798E-04	 9.73092462E-04	 5.06762271E-04	 2.54944339E-04	-2.73317599E-04	-8.26288508E-05	-1.34205983E-04	-1.35701695E-04	 2.21995071E-05	-2.64937677E-04	 1.94020894E-04	 1.44547754E-04	 4.26765236E-05	 9.44481950E-05	-4.74083503E-05
 6.370000E-01	 4.34455228E-04	 9.18255332E-04	 1.33171853E-03	 1.21360463E-03	-1.22744675E-04	 7.87024472E-04	 9.80360048E-04	 5.16770152E-04	 2.62926786E-04	-2.78912762E-04	-8.12842915E-05	-1.32781802E-04	-1.35696539E-04	 1.42888126E-05	-2.47456788E-04	 1.91359404E-04	 1.47368763E-04	 4.41435881E-05	 9.73935973E-05	-4.89377379E-05
 6.380000E-01	 4.29133019E-04	 9.16619911E-04	 1.33958362E-03	 1.22860888E-03	-1.11569006E-04	 7.80201924E-04	 9.86984465E-04	 5.26818037E-04	 2.71105028E-04	-2.84561135E-04	-7.99584584E-05	-1.31385387E-04	-1.35825489E-04	 4.84747065E-06	-2.23491600E-04	 1.85580635E-04	 1.49748611E-04	 4.55103878E-05	 1.00356917E-04	-5.05226258E-05
 6.390000E-01	 4.23680793E-04	 9.14656414E-04	 1.34677878E-03	 1.24248913E-03	-9.75647032E-05	 7.71678610E-04	 9.92939323E-04	 5.36848784E-04	 2.79437584E-04	-2.90240603E-04	-7.86318781E-05	-1.29973480E-04	-1.35960386E-04	-5.30887749E-06	-1.95324854E-04	 1.77499139E-04	 1.51745146E-04	 4.67736536E-05	 1.03327747E-04	-5.21611575E-05
 6.400000E-01	 4.18101705E-04	 9.12372740E-04	 1.35336205E-03	 1.25556620E-03	-8.12867997E-05	 7.61888664E-04	 9.98320272E-04	 5.46860691E-04	 2.87908652E-04	-2.95956384E-04	-7.72967621E-05	-1.28524810E-04	-1.36007901E-04	-1.54239102E-05	-1.65269647E-04	 1.68074020E-04	 1.53468320E-04	 4.79515512E-05	 1.06311465E-04	-5.38539480E-05
 6.410000E-01	 4.12415634E-04	 9.09813768E-04	 1.35944217E-03	 1.26817764E-03	-6.32461811E-05	 7.51297318E-04	 1.00328195E-03	 5.56882165E-04	 2.96517539E-04	-3.01727391E-04	-7.59532734E-05	-1.27034196E-04	-1.35912669E-04	-2.48933061E-05	-1.35381253E-04	 1.58258294E-04	 1.55057604E-04	 4.90787355E-05	 1.09324999E-04	-5.56021940E-05
 6.420000E-01	 4.06649102E-04	 9.07040707E-04	 1.36514507E-03	 1.28061306E-03	-4.38416784E-05	 7.40306309E-04	 1.00800176E-03	 5.66959248E-04	 3.05274746E-04	-3.07580513E-04	-7.46074542E-05	-1.25508680E-04	-1.35654689E-04	-3.33067433E-05	-1.07267643E-04	 1.48870929E-04	 1.56657602E-04	 5.02005551E-05	 1.12393387E-04	-5.74057724E-05
 6.430000E-01	 4.00810489E-04	 9.04075592E-04	 1.37053081E-03	 1.29302603E-03	-2.33444461E-05	 7.29171037E-04	 1.01259914E-03	 5.77116431E-04	 3.14182160E-04	-3.13530476E-04	-7.32633965E-05	-1.23954511E-04	-1.35229515E-04	-4.04433749E-05	-8.20023049E-05	 1.40522239E-04	 1.58385540E-04	 5.13608581E-05	 1.15538204E-04	-5.92609917E-05
 6.440000E-01	 3.94905292E-04	 9.00933738E-04	 1.37564492E-03	 1.30550055E-03	-1.93339498E-06	 7.18053130E-04	 1.01715255E-03	 5.87365859E-04	 3.23236904E-04	-3.19588108E-04	-7.19202300E-05	-1.22368323E-04	-1.34626213E-04	-4.62215092E-05	-6.01468434E-05	 1.33621445E-04	 1.60309202E-04	 5.25799369E-05	 1.18770276E-04	-6.11685994E-05
 6.450000E-01	 3.88978591E-04	 8.97720870E-04	 1.38066792E-03	 1.31822034E-03	 2.02890989E-05	 7.07124514E-04	 1.02182500E-03	 5.97777446E-04	 3.32469706E-04	-3.25796304E-04	-7.05828754E-05	-1.20757915E-04	-1.33852888E-04	-5.06859228E-05	-4.18292142E-05	 1.28378534E-04	 1.62476825E-04	 5.38701803E-05	 1.22106038E-04	-6.31384036E-05
 6.460000E-01	 3.83083118E-04	 8.94564214E-04	 1.38581066E-03	 1.33137892E-03	 4.33084088E-05	 6.96494703E-04	 1.02681067E-03	 6.08450590E-04	 3.41932297E-04	-3.32211085E-04	-6.92639494E-05	-1.19149405E-04	-1.32955003E-04	-5.40038986E-05	-2.68453334E-05	 1.24782460E-04	 1.64934687E-04	 5.52603749E-05	 1.25573165E-04	-6.51773222E-05
 6.470000E-01	 3.77230075E-04	 8.91498288E-04	 1.39113861E-03	 1.34501256E-03	 6.71611514E-05	 6.86127543E-04	 1.03219176E-03	 6.19430463E-04	 3.51650662E-04	-3.38858865E-04	-6.79720157E-05	-1.17563063E-04	-1.31980909E-04	-5.63968096E-05	-1.47924795E-05	 1.22667182E-04	 1.67701124E-04	 5.67770557E-05	 1.29191467E-04	-6.72850576E-05
 6.480000E-01	 3.71410101E-04	 8.88509492E-04	 1.39664042E-03	 1.35907688E-03	 9.18808851E-05	 6.75917309E-04	 1.03797717E-03	 6.30726341E-04	 3.61632989E-04	-3.45748462E-04	-6.67106180E-05	-1.16008644E-04	-1.30965127E-04	-5.80776689E-05	-5.19038818E-06	 1.21806003E-04	 1.70766688E-04	 5.84328429E-05	 1.32970918E-04	-6.94604604E-05
 6.490000E-01	 3.65596136E-04	 8.85540540E-04	 1.40223399E-03	 1.37346615E-03	 1.17465057E-04	 6.65732620E-04	 1.04411158E-03	 6.42311609E-04	 3.71868309E-04	-3.52870856E-04	-6.54786961E-05	-1.14485225E-04	-1.29926753E-04	-5.92254207E-05	 2.44212221E-06	 1.21961007E-04	 1.74102653E-04	 6.02271019E-05	 1.36911683E-04	-7.17020230E-05
 6.500000E-01	 3.59761943E-04	 8.82532844E-04	 1.40783353E-03	 1.38808539E-03	 1.43868809E-04	 6.55478203E-04	 1.05052675E-03	 6.54151016E-04	 3.82340392E-04	-3.60213260E-04	-6.42718377E-05	-1.12982878E-04	-1.28865562E-04	-5.99672571E-05	 8.53867933E-06	 1.22917692E-04	 1.77663274E-04	 6.21428371E-05	 1.41005923E-04	-7.40110665E-05
 6.510000E-01	 3.53900542E-04	 8.79471985E-04	 1.41342165E-03	 1.40291795E-03	 1.71042787E-04	 6.45114347E-04	 1.05721170E-03	 6.66242989E-04	 3.93051937E-04	-3.67778730E-04	-6.30890353E-05	-1.11499187E-04	-1.27787608E-04	-6.04109278E-05	 1.34675866E-05	 1.24481423E-04	 1.81415683E-04	 6.41688437E-05	 1.45252057E-04	-7.63912478E-05
 6.520000E-01	 3.47996598E-04	 8.76321773E-04	 1.41894274E-03	 1.41790615E-03	 1.98949087E-04	 6.34564415E-04	 1.06414227E-03	 6.78579131E-04	 4.04002888E-04	-3.75561657E-04	-6.19323949E-05	-1.10041495E-04	-1.26716679E-04	-6.06710038E-05	 1.75259459E-05	 1.26453671E-04	 1.85347674E-04	 6.63167371E-05	 1.49655281E-04	-7.88374060E-05
 6.530000E-01	 3.41999465E-04	 8.72953202E-04	 1.42418848E-03	 1.43283031E-03	 2.27500152E-04	 6.23679690E-04	 1.07116718E-03	 6.91074124E-04	 4.15147457E-04	-3.83512503E-04	-6.07951674E-05	-1.08601803E-04	-1.25651404E-04	-6.08213900E-05	 2.09298197E-05	 1.28663116E-04	 1.89420753E-04	 6.85903789E-05	 1.54202856E-04	-8.13340801E-05
 6.540000E-01	 3.35869274E-04	 8.69257034E-04	 1.42897978E-03	 1.44750363E-03	 2.56539106E-04	 6.12383960E-04	 1.07813061E-03	 7.03637421E-04	 4.26434003E-04	-3.91581899E-04	-5.96648091E-05	-1.07156601E-04	-1.24556054E-04	-6.08646751E-05	 2.38260916E-05	 1.31016576E-04	 1.93567789E-04	 7.09627650E-05	 1.58868418E-04	-8.38741577E-05
 6.550000E-01	 3.29605553E-04	 8.65221097E-04	 1.43329373E-03	 1.46190975E-03	 2.85903066E-04	 6.00732227E-04	 1.08499312E-03	 7.16247550E-04	 4.37850604E-04	-3.99759756E-04	-5.85342439E-05	-1.05689456E-04	-1.23400277E-04	-6.07807376E-05	 2.63228747E-05	 1.33475957E-04	 1.97737830E-04	 7.34022219E-05	 1.63636465E-04	-8.64635043E-05
 6.560000E-01	 3.23230524E-04	 8.60892925E-04	 1.43720574E-03	 1.47614226E-03	 3.15474127E-04	 5.88851041E-04	 1.09179941E-03	 7.28934085E-04	 4.49415831E-04	-4.08063784E-04	-5.74018156E-05	-1.04193143E-04	-1.22167221E-04	-6.05522298E-05	 2.85010556E-05	 1.36027886E-04	 2.01899974E-04	 7.58815105E-05	 1.68503032E-04	-8.91154908E-05
 6.570000E-01	 3.16792683E-04	 8.56394779E-04	 1.44091652E-03	 1.49042571E-03	 3.45238147E-04	 5.76894891E-04	 1.09870968E-03	 7.41801571E-04	 4.61195908E-04	-4.16552374E-04	-5.62757053E-05	-1.02679300E-04	-1.20871882E-04	-6.01906291E-05	 3.04237391E-05	 1.38665992E-04	 2.06065336E-04	 7.83949908E-05	 1.73488336E-04	-9.18494598E-05
 6.580000E-01	 3.10323111E-04	 8.51809251E-04	 1.44456301E-03	 1.50491079E-03	 3.75251212E-04	 5.64920750E-04	 1.10585248E-03	 7.54939531E-04	 4.73251613E-04	-4.25272406E-04	-5.51670483E-05	-1.01169218E-04	-1.19550934E-04	-5.97423977E-05	 3.21373596E-05	 1.41356401E-04	 2.10268084E-04	 8.09653048E-05	 1.78621577E-04	-9.46726590E-05
 6.590000E-01	 3.03823785E-04	 8.47142032E-04	 1.44815571E-03	 1.51960982E-03	 4.05552615E-04	 5.52903262E-04	 1.11324446E-03	 7.68370325E-04	 4.85603200E-04	-4.34234080E-04	-5.40791079E-05	-9.96701975E-05	-1.18218720E-04	-5.92342296E-05	 3.36621961E-05	 1.44070431E-04	 2.14514870E-04	 8.36045697E-05	 1.83914968E-04	-9.75849874E-05
 6.600000E-01	 2.97302593E-04	 8.42414629E-04	 1.45173499E-03	 1.53456982E-03	 4.36175555E-04	 5.40839856E-04	 1.12090959E-03	 7.82124371E-04	 4.98274967E-04	-4.43454049E-04	-5.30114538E-05	-9.81819281E-05	-1.16871545E-04	-5.86651525E-05	 3.50036057E-05	 1.46807550E-04	 2.18799208E-04	 8.63101966E-05	 1.89375436E-04	-1.00593623E-04
 6.610000E-01	 2.90774268E-04	 8.37669406E-04	 1.45537966E-03	 1.54988362E-03	 4.67183073E-04	 5.28734485E-04	 1.12890857E-03	 7.96257368E-04	 5.11307619E-04	-4.52962120E-04	-5.19654656E-05	-9.67094034E-05	-1.15511718E-04	-5.80397535E-05	 3.61667871E-05	 1.49564256E-04	 2.23126358E-04	 8.90897376E-05	 1.95017251E-04	-1.03705500E-04
 6.620000E-01	 2.84244419E-04	 8.32926052E-04	 1.45913032E-03	 1.56560559E-03	 4.98656208E-04	 5.16551336E-04	 1.13728276E-03	 8.10811234E-04	 5.24735275E-04	-4.62780375E-04	-5.09439039E-05	-9.52603428E-05	-1.14149588E-04	-5.73741342E-05	 3.71566619E-05	 1.52327651E-04	 2.27506624E-04	 9.19575606E-05	 2.00856073E-04	-1.06921830E-04
 6.630000E-01	 2.77707318E-04	 8.28173228E-04	 1.46297245E-03	 1.58172866E-03	 5.30671189E-04	 5.04207244E-04	 1.14603558E-03	 8.25802105E-04	 5.38577264E-04	-4.72916725E-04	-4.99502775E-05	-9.38441249E-05	-1.12804252E-04	-5.66991888E-05	 3.79772435E-05	 1.55082779E-04	 2.31957616E-04	 9.49349987E-05	 2.06907526E-04	-1.10239052E-04
 6.640000E-01	 2.71137441E-04	 8.23339766E-04	 1.46678334E-03	 1.59812513E-03	 5.63241561E-04	 4.91580069E-04	 1.15507947E-03	 8.41183223E-04	 5.52813631E-04	-4.83344656E-04	-4.89852154E-05	-9.24634195E-05	-1.11489729E-04	-5.60434679E-05	 3.86311570E-05	 1.57815540E-04	 2.36483865E-04	 9.80375267E-05	 2.13174873E-04	-1.13646405E-04
 6.650000E-01	 2.64502978E-04	 8.18329084E-04	 1.47039137E-03	 1.61461426E-03	 5.96299695E-04	 4.78582775E-04	 1.16426861E-03	 8.56864060E-04	 5.67394243E-04	-4.94016263E-04	-4.80433789E-05	-9.11050419E-05	-1.10191535E-04	-5.53937656E-05	 3.91170586E-05	 1.60532588E-04	 2.41049535E-04	 1.01247262E-04	 2.19639894E-04	-1.17136161E-04
 6.660000E-01	 2.57794442E-04	 8.13105969E-04	 1.47373208E-03	 1.63113489E-03	 6.29788465E-04	 4.65208944E-04	 1.17353805E-03	 8.72807187E-04	 5.82300291E-04	-5.04913500E-04	-4.71198482E-05	-8.97561089E-05	-1.08887919E-04	-5.47192647E-05	 3.94367054E-05	 1.63255337E-04	 2.45616669E-04	 1.04536780E-04	 2.26288405E-04	-1.20712032E-04
 6.670000E-01	 2.51012678E-04	 8.07665878E-04	 1.47679499E-03	 1.64768374E-03	 6.63693333E-04	 4.51459578E-04	 1.18288156E-03	 8.89014183E-04	 5.97537726E-04	-5.16036424E-04	-4.62139347E-05	-8.84151427E-05	-1.07575451E-04	-5.40148525E-05	 3.95980166E-05	 1.65986648E-04	 2.50173791E-04	 1.07900964E-04	 2.33120722E-04	-1.24376524E-04
 6.680000E-01	 2.44154025E-04	 8.01988352E-04	 1.47954040E-03	 1.66421899E-03	 6.97992423E-04	 4.37307227E-04	 1.19227009E-03	 9.05472947E-04	 6.13103170E-04	-5.27373829E-04	-4.53245124E-05	-8.70826484E-05	-1.06252811E-04	-5.32867718E-05	 3.95988958E-05	 1.68709914E-04	 2.54708607E-04	 1.11345349E-04	 2.40136375E-04	-1.28123770E-04
 6.690000E-01	 2.37215502E-04	 7.96052665E-04	 1.48192713E-03	 1.68069466E-03	 7.32640604E-04	 4.22736158E-04	 1.20166080E-03	 9.22165076E-04	 6.28988559E-04	-5.38911607E-04	-4.44488707E-05	-8.57560387E-05	-1.04911926E-04	-5.25332413E-05	 3.94204359E-05	 1.71416870E-04	 2.59196030E-04	 1.14868729E-04	 2.47330851E-04	-1.31949666E-04
 6.700000E-01	 2.30199507E-04	 7.89855061E-04	 1.48394406E-03	 1.69710183E-03	 7.67589423E-04	 4.07771703E-04	 1.21102709E-03	 9.39084525E-04	 6.45194857E-04	-5.50645814E-04	-4.35846582E-05	-8.44307621E-05	-1.03541848E-04	-5.17414503E-05	 3.90339172E-05	 1.74122223E-04	 2.63601047E-04	 1.18457727E-04	 2.54699743E-04	-1.35857348E-04
 6.710000E-01	 2.23116664E-04	 7.83420307E-04	 1.48563361E-03	 1.71349931E-03	 8.02824833E-04	 3.92480649E-04	 1.22038604E-03	 9.56254630E-04	 6.61742663E-04	-5.62592298E-04	-4.27303189E-05	-8.31013056E-05	-1.02129370E-04	-5.08876075E-05	 3.84031640E-05	 1.76868753E-04	 2.67882012E-04	 1.22086154E-04	 2.62241598E-04	-1.39861388E-04
 6.720000E-01	 2.15989999E-04	 7.76822225E-04	 1.48713247E-03	 1.73006147E-03	 8.38438871E-04	 3.76932047E-04	 1.22985410E-03	 9.73767869E-04	 6.78701447E-04	-5.74807787E-04	-4.18901841E-05	-8.17725965E-05	-1.00681612E-04	-4.99659651E-05	 3.75011984E-05	 1.79715990E-04	 2.72028641E-04	 1.25740929E-04	 2.69978171E-04	-1.43986406E-04
 6.730000E-01	 2.08834450E-04	 7.70114029E-04	 1.48854194E-03	 1.74692238E-03	 8.74567007E-04	 3.61116636E-04	 1.23954224E-03	 9.91712505E-04	 6.96140956E-04	-5.87343025E-04	-4.10720248E-05	-8.04590921E-05	-9.92262544E-05	-4.90053773E-05	 3.63119611E-05	 1.82703336E-04	 2.76057308E-04	 1.29438932E-04	 2.77942424E-04	-1.48243686E-04
 6.740000E-01	 2.01650100E-04	 7.63296777E-04	 1.48986616E-03	 1.76409996E-03	 9.11291999E-04	 3.44964699E-04	 1.24947275E-03	 1.01011610E-03	 7.14089218E-04	-6.00211740E-04	-4.02794597E-05	-7.91692965E-05	-9.77812407E-05	-4.80361806E-05	 3.48010013E-05	 1.85855572E-04	 2.79963853E-04	 1.33196170E-04	 2.86152623E-04	-1.52632837E-04
 6.750000E-01	 1.94436051E-04	 7.56365525E-04	 1.49109895E-03	 1.78160024E-03	 9.48666050E-04	 3.28407266E-04	 1.25964435E-03	 1.02899383E-03	 7.32563969E-04	-6.13421042E-04	-3.95124684E-05	-7.79055806E-05	-9.63503519E-05	-4.70748154E-05	 3.29048752E-05	 1.89207796E-04	 2.83720801E-04	 1.37018441E-04	 2.94618790E-04	-1.57156293E-04
 6.760000E-01	 1.87191684E-04	 7.49314828E-04	 1.49223435E-03	 1.79943120E-03	 9.86729853E-04	 3.11381539E-04	 1.27005433E-03	 1.04836081E-03	 7.51582216E-04	-6.26977548E-04	-3.87696395E-05	-7.66689152E-05	-9.49304640E-05	-4.61300929E-05	 3.05404140E-05	 1.92809546E-04	 2.87282051E-04	 1.40909527E-04	 3.03347625E-04	-1.61814245E-04
 6.770000E-01	 1.79915928E-04	 7.42138652E-04	 1.49326473E-03	 1.81760129E-03	 1.02552095E-03	 2.93829154E-04	 1.28070379E-03	 1.06823298E-03	 7.71162919E-04	-6.40889736E-04	-3.80506910E-05	-7.54609882E-05	-9.35202467E-05	-4.52077726E-05	 2.76215434E-05	 1.96734657E-04	 2.90587187E-04	 1.44866890E-04	 3.12344946E-04	-1.66606417E-04
 6.780000E-01	 1.72605165E-04	 7.34823180E-04	 1.49416520E-03	 1.83609640E-03	 1.06505804E-03	 2.75693808E-04	 1.29158378E-03	 1.08862119E-03	 7.91323684E-04	-6.55162664E-04	-3.73580317E-05	-7.42886920E-05	-9.21334137E-05	-4.43320970E-05	 2.40789893E-05	 2.01066316E-04	 2.93589042E-04	 1.48899406E-04	 3.21623233E-04	-1.71529653E-04
 6.790000E-01	 1.65245662E-04	 7.27311130E-04	 1.49481923E-03	 1.85478499E-03	 1.10524436E-03	 2.56953421E-04	 1.30258617E-03	 1.10946829E-03	 8.12036452E-04	-6.69762815E-04	-3.66932039E-05	-7.31551487E-05	-9.07839114E-05	-4.35267250E-05	 1.98755858E-05	 2.05869875E-04	 2.96224951E-04	 1.53007348E-04	 3.31179952E-04	-1.76571559E-04
 6.800000E-01	 1.57823682E-04	 7.19535088E-04	 1.49508382E-03	 1.87349739E-03	 1.14587322E-03	 2.37702538E-04	 1.31353648E-03	 1.13067772E-03	 8.33243753E-04	-6.84638772E-04	-3.60532102E-05	-7.20500226E-05	-8.94602125E-05	-4.27723440E-05	 1.50100027E-05	 2.11173207E-04	 2.98389133E-04	 1.57149611E-04	 3.40988399E-04	-1.81727410E-04
 6.810000E-01	 1.50337935E-04	 7.11473131E-04	 1.49490681E-03	 1.89217369E-03	 1.18674563E-03	 2.18178038E-04	 1.32431255E-03	 1.15220847E-03	 8.54925481E-04	-6.99773966E-04	-3.54337862E-05	-7.09606257E-05	-8.81372015E-05	-4.20182378E-05	 9.55562597E-06	 2.16909851E-04	 2.99990744E-04	 1.61276010E-04	 3.51026715E-04	-1.87007646E-04
 6.820000E-01	 1.42793059E-04	 7.03128357E-04	 1.49428811E-03	 1.91081819E-03	 1.22768761E-03	 1.98725058E-04	 1.33482865E-03	 1.17406067E-03	 8.77090632E-04	-7.15175507E-04	-3.48315930E-05	-6.98780482E-05	-8.67900506E-05	-4.12012777E-05	 3.73179881E-06	 2.22809994E-04	 3.01014547E-04	 1.65356252E-04	 3.61285258E-04	-1.92424992E-04
 6.830000E-01	 1.35196660E-04	 6.94518522E-04	 1.49326096E-03	 1.92947731E-03	 1.26855249E-03	 1.79777456E-04	 1.34501357E-03	 1.19626390E-03	 8.99770365E-04	-7.30866965E-04	-3.42434301E-05	-6.87966213E-05	-8.53912622E-05	-4.02405318E-05	-2.01899477E-06	 2.28263768E-04	 3.01577702E-04	 1.69393002E-04	 3.71767077E-04	-1.97988065E-04
 6.840000E-01	 1.27554754E-04	 6.85657522E-04	 1.49185266E-03	 1.94819425E-03	 1.30921554E-03	 1.61837005E-04	 1.35477570E-03	 1.21884325E-03	 9.22995982E-04	-7.46872119E-04	-3.36663324E-05	-6.77116338E-05	-8.39129499E-05	-3.90324897E-05	-6.93781571E-06	 2.32155074E-04	 3.02001021E-04	 1.73426136E-04	 3.82485380E-04	-2.03699987E-04
 6.850000E-01	 1.19870328E-04	 6.76545632E-04	 1.49006193E-03	 1.96698539E-03	 1.34959433E-03	 1.45436265E-04	 1.36399361E-03	 1.24179010E-03	 9.46777575E-04	-7.63201964E-04	-3.30959549E-05	-6.66115237E-05	-8.23157058E-05	-3.74247289E-05	-9.88192137E-06	 2.32700890E-04	 3.02856937E-04	 1.77511109E-04	 3.93450504E-04	-2.09561739E-04
 6.860000E-01	 1.12148801E-04	 6.67195904E-04	 1.48791568E-03	 1.98591954E-03	 1.38977971E-03	 1.31044044E-04	 1.37261911E-03	 1.26510694E-03	 9.71132944E-04	-7.79880240E-04	-3.25270141E-05	-6.54783366E-05	-8.05489260E-05	-3.52128424E-05	-9.31130187E-06	 2.27336538E-04	 3.05057124E-04	 1.81728116E-04	 4.04683027E-04	-2.15584122E-04
 6.870000E-01	 1.04397517E-04	 6.57636687E-04	 1.48547559E-03	 2.00512873E-03	 1.43014004E-03	 1.18900215E-04	 1.38076588E-03	 1.28883133E-03	 9.96104271E-04	-7.96950151E-04	-3.19567053E-05	-6.42961643E-05	-7.85701570E-05	-3.21713068E-05	-3.31613047E-06	 2.12688155E-04	 3.09948010E-04	 1.86217327E-04	 4.16231980E-04	-2.21776603E-04
 6.880000E-01	 9.66221363E-05	 6.47886822E-04	 1.48278282E-03	 2.02472532E-03	 1.47129748E-03	 1.08857417E-04	 1.38871551E-03	 1.31300225E-03	 1.02172761E-03	-8.14441856E-04	-3.13831599E-05	-6.30534551E-05	-7.63475795E-05	-2.80904877E-05	 1.02072842E-05	 1.84718819E-04	 3.19322998E-04	 1.91206467E-04	 4.28168536E-04	-2.28125873E-04
 6.890000E-01	 8.88274175E-05	 6.37953584E-04	 1.47984985E-03	 2.04477788E-03	 1.51407014E-03	 1.00300613E-04	 1.39692578E-03	 1.33765359E-03	 1.04802415E-03	-8.32361544E-04	-3.08039186E-05	-6.17430227E-05	-7.38620779E-05	-2.28145330E-05	 3.32227533E-05	 1.39151990E-04	 3.35310579E-04	 1.97004817E-04	 4.40583928E-04	-2.34597296E-04
 6.900000E-01	 8.10188901E-05	 6.27838447E-04	 1.47667013E-03	 2.06530751E-03	 1.55937155E-03	 9.21665426E-05	 1.40602281E-03	 1.36282064E-03	 1.07500666E-03	-8.50692475E-04	-3.02162054E-05	-6.03645742E-05	-7.11122693E-05	-1.62817448E-05	 6.71331631E-05	 7.21740575E-05	 3.60123824E-04	 2.03979652E-04	 4.53586110E-04	-2.41137980E-04
 6.910000E-01	 7.32036422E-05	 6.17543631E-04	 1.47323017E-03	 2.08628846E-03	 1.60805709E-03	 8.30885193E-05	 1.41674056E-03	 1.38854552E-03	 1.10269388E-03	-8.69403743E-04	-2.96191082E-05	-5.89266206E-05	-6.81210069E-05	-8.55178228E-06	 1.12363813E-04	-1.86552352E-05	 3.95661188E-04	 2.12488574E-04	 4.67288374E-04	-2.47682181E-04
 6.920000E-01	 6.53900327E-05	 6.07080895E-04	 1.46952746E-03	 2.10765870E-03	 1.66074979E-03	 7.16647415E-05	 1.42980725E-03	 1.41488451E-03	 1.13113206E-03	-8.88466453E-04	-2.90174208E-05	-5.74511461E-05	-6.49565754E-05	 1.55475045E-07	 1.68031227E-04	-1.33469698E-04	 4.43078939E-04	 2.22814857E-04	 4.81809111E-04	-2.54172131E-04
 6.930000E-01	 5.75853538E-05	 5.96458232E-04	 1.46553858E-03	 2.12926093E-03	 1.71759126E-03	 5.68174180E-05	 1.44571523E-03	 1.44186311E-03	 1.16037782E-03	-9.07840693E-04	-2.84223710E-05	-5.59751538E-05	-6.17386592E-05	 9.43913933E-06	 2.31765030E-04	-2.69351412E-04	 5.02348705E-04	 2.35108509E-04	 4.97251501E-04	-2.60559112E-04
 6.940000E-01	 4.97951903E-05	 5.85670178E-04	 1.46119443E-03	 2.15080090E-03	 1.77803548E-03	 3.81686074E-05	 1.46446278E-03	 1.46940991E-03	 1.19046391E-03	-9.27461953E-04	-2.78487021E-05	-5.45420408E-05	-5.86178055E-05	 1.87542057E-05	 2.99733800E-04	-4.19974583E-04	 5.71852961E-04	 2.49291136E-04	 5.13660046E-04	-2.66816243E-04
 6.950000E-01	 4.20266779E-05	 5.74715880E-04	 1.45642840E-03	 2.17192427E-03	 1.84085404E-03	 1.62979643E-05	 1.48543056E-03	 1.49736567E-03	 1.22141156E-03	-9.47268166E-04	-2.73106740E-05	-5.31952133E-05	-5.57439947E-05	 2.74773479E-05	 3.66953632E-04	-5.75863178E-04	 6.48237890E-04	 2.65011628E-04	 5.30998219E-04	-2.72958382E-04
 6.960000E-01	 3.42885583E-05	 5.63606985E-04	 1.45120546E-03	 2.19228423E-03	 1.90430717E-03	-7.22847772E-06	 1.50738504E-03	 1.52549904E-03	 1.25324137E-03	-9.67222880E-04	-2.68201083E-05	-5.19758310E-05	-5.32457999E-05	 3.49885720E-05	 4.27931107E-04	-7.25353374E-04	 7.26619248E-04	 2.81663430E-04	 5.49143540E-04	-2.79043279E-04
 6.970000E-01	 2.65901062E-05	 5.52362562E-04	 1.44551675E-03	 2.21157188E-03	 1.96641244E-03	-3.00787593E-05	 1.52859335E-03	 1.55351113E-03	 1.28596248E-03	-9.87316193E-04	-2.63851818E-05	-5.09166712E-05	-5.12148018E-05	 4.07612836E-05	 4.77481264E-04	-8.56128559E-04	 8.01105962E-04	 2.98438074E-04	 5.67894262E-04	-2.85169092E-04
 6.980000E-01	 1.89399194E-05	 5.41005044E-04	 1.43937512E-03	 2.22955029E-03	 2.02528643E-03	-4.95780258E-05	 1.54707415E-03	 1.58105999E-03	 1.31956828E-03	-1.00756575E-03	-2.60096319E-05	-5.00362059E-05	-4.96960060E-05	 4.44453181E-05	 5.11540029E-04	-9.57047434E-04	 8.65575189E-04	 3.14418420E-04	 5.86994138E-04	-2.91464953E-04
 6.990000E-01	 1.13447792E-05	 5.29550016E-04	 1.43278777E-03	 2.24604956E-03	 2.07944724E-03	-6.32251970E-05	 1.56091246E-03	 1.60777461E-03	 1.35401670E-03	-1.02799961E-03	-2.56924435E-05	-4.93335580E-05	-4.86845045E-05	 4.59197627E-05	 5.27792270E-04	-1.01986866E-03	 9.14551576E-04	 3.28678296E-04	 6.06154678E-04	-2.98077008E-04
 7.000000E-01	 3.81064284E-06	 5.18009027E-04	 1.42576408E-03	 2.26099765E-03	 2.12806559E-03	-6.91673312E-05	 1.56863167E-03	 1.63331804E-03	 1.38923969E-03	-1.04865521E-03	-2.54272776E-05	-4.87874706E-05	-4.81218308E-05	 4.53114856E-05	 5.25975392E-04	-1.04052724E-03	 9.44076003E-04	 3.40409987E-04	 6.25090639E-04	-3.05156397E-04
 7.010000E-01	-3.65774116E-06	 5.06395076E-04	 1.41833109E-03	 2.27444475E-03	 2.17108873E-03	-6.64988661E-05	 1.56950498E-03	 1.65747128E-03	 1.42517599E-03	-1.06958594E-03	-2.52041245E-05	-4.83632441E-05	-4.79096746E-05	 4.29561239E-05	 5.07825595E-04	-1.01967844E-03	 9.52365724E-04	 3.49063361E-04	 6.43573793E-04	-3.12839963E-04
 7.020000E-01	-1.10576292E-05	 4.94717238E-04	 1.41052033E-03	 2.28652675E-03	 2.20914448E-03	-5.52993680E-05	 1.56366458E-03	 1.68017405E-03	 1.46178750E-03	-1.09085034E-03	-2.50111304E-05	-4.80213472E-05	-4.79265735E-05	 3.93343975E-05	 4.76684957E-04	-9.62367417E-04	 9.40044633E-04	 3.54438263E-04	 6.61465741E-04	-3.21213134E-04
 7.030000E-01	-1.83885635E-05	 4.82976940E-04	 1.40235426E-03	 2.29741739E-03	 2.24330286E-03	-3.64250999E-05	 1.55198891E-03	 1.70152942E-03	 1.49906052E-03	-1.11249461E-03	-2.48353701E-05	-4.77226535E-05	-4.80497235E-05	 3.49856345E-05	 4.36838067E-04	-8.76948711E-04	 9.09946862E-04	 3.56712826E-04	 6.78747086E-04	-3.30303827E-04
 7.040000E-01	-2.56525407E-05	 4.71167996E-04	 1.39384190E-03	 2.30729229E-03	 2.27480077E-03	-1.11556300E-05	 1.53584810E-03	 1.72177585E-03	 1.53700713E-03	-1.13455011E-03	-2.46654234E-05	-4.74334077E-05	-4.81732651E-05	 3.04292148E-05	 3.92802684E-04	-7.73555183E-04	 8.66544415E-04	 3.56393196E-04	 6.95516608E-04	-3.40085368E-04
 7.050000E-01	-3.28526138E-05	 4.59279020E-04	 1.38497870E-03	 2.31630166E-03	 2.30479245E-03	 1.91800102E-05	 1.51678135E-03	 1.74123972E-03	 1.57565945E-03	-1.15703576E-03	-2.44926164E-05	-4.71286956E-05	-4.82179189E-05	 2.61050630E-05	 3.48702507E-04	-6.62470190E-04	 8.15154955E-04	 3.54204959E-04	 7.11965315E-04	-3.50483571E-04
 7.060000E-01	-3.99912774E-05	 4.47299958E-04	 1.37575824E-03	 2.32456717E-03	 2.33419343E-03	 5.34930828E-05	 1.49620829E-03	 1.76028558E-03	 1.61506721E-03	-1.17997289E-03	-2.43120304E-05	-4.67942974E-05	-4.81369824E-05	 2.23300528E-05	 3.07804346E-04	-5.52736350E-04	 7.61128107E-04	 3.50969581E-04	 7.28341475E-04	-3.61396666E-04
 7.070000E-01	-4.70691172E-05	 4.35224329E-04	 1.36617518E-03	 2.33217588E-03	 2.36360190E-03	 9.10844545E-05	 1.47520652E-03	 1.77926495E-03	 1.65528603E-03	-1.20338986E-03	-2.41221586E-05	-4.64269207E-05	-4.79172073E-05	 1.92763713E-05	 2.72264423E-04	-4.51217840E-04	 7.09135447E-04	 3.47492732E-04	 7.44916866E-04	-3.72713583E-04
 7.080000E-01	-5.40843662E-05	 4.23048022E-04	 1.35622041E-03	 2.33917204E-03	 2.39329796E-03	 1.31640554E-04	 1.45440845E-03	 1.79846385E-03	 1.69635901E-03	-1.22731842E-03	-2.39241681E-05	-4.60309437E-05	-4.75701299E-05	 1.69912816E-05	 2.43126943E-04	-3.62221156E-04	 6.62683544E-04	 3.44462006E-04	 7.61943543E-04	-3.84326888E-04
 7.090000E-01	-6.10342522E-05	 4.10768894E-04	 1.34588506E-03	 2.34557243E-03	 2.42332291E-03	 1.75121052E-04	 1.43402758E-03	 1.81809050E-03	 1.73831374E-03	-1.25179106E-03	-2.37206338E-05	-4.56150234E-05	-4.71224495E-05	 1.54251785E-05	 2.20492806E-04	-2.87619815E-04	 6.23928505E-04	 3.42387042E-04	 7.79630118E-04	-3.96153555E-04
 7.100000E-01	-6.79171073E-05	 3.98385337E-04	 1.33516223E-03	 2.35138146E-03	 2.45358292E-03	 2.21607280E-04	 1.41397108E-03	 1.83828195E-03	 1.78117214E-03	-1.27684080E-03	-2.35154722E-05	-4.51911291E-05	-4.66090009E-05	 1.44672554E-05	 2.03794348E-04	-2.27326636E-04	 5.93722847E-04	 3.41580803E-04	 7.98128141E-04	-4.08134865E-04
 7.110000E-01	-7.47324439E-05	 3.85892462E-04	 1.32403745E-03	 2.35658214E-03	 2.48391603E-03	 2.71164536E-04	 1.39396139E-03	 1.85910676E-03	 1.82494279E-03	-1.30248922E-03	-2.33128345E-05	-4.47721119E-05	-4.60664344E-05	 1.39734776E-05	 1.92072896E-04	-1.79926993E-04	 5.71856019E-04	 3.42168693E-04	 8.17525784E-04	-4.20233618E-04
 7.120000E-01	-8.14795416E-05	 3.73282679E-04	 1.31248702E-03	 2.36113791E-03	 2.51415074E-03	 3.23746031E-04	 1.37367198E-03	 1.88057300E-03	 1.86961394E-03	-1.32874087E-03	-2.31158946E-05	-4.43683495E-05	-4.55231075E-05	 1.38044799E-05	 1.84242501E-04	-1.43322357E-04	 5.57404905E-04	 3.44112416E-04	 8.37843223E-04	-4.32435021E-04
 7.130000E-01	-8.81569728E-05	 3.60552819E-04	 1.30049802E-03	 2.36502939E-03	 2.54417677E-03	 3.79168461E-04	 1.35284433E-03	 1.90267623E-03	 1.91518088E-03	-1.35560241E-03	-2.29265802E-05	-4.39858119E-05	-4.49958351E-05	 1.38495189E-05	 1.79284646E-04	-1.15253924E-04	 5.49083070E-04	 3.47257630E-04	 8.59055057E-04	-4.44748389E-04
 7.140000E-01	-9.47624997E-05	 3.47705338E-04	 1.28807127E-03	 2.36826111E-03	 2.57396021E-03	 4.37147783E-04	 1.33133216E-03	 1.92542175E-03	 1.96165699E-03	-1.38308755E-03	-2.27456319E-05	-4.36271996E-05	-4.44953551E-05	 1.40242012E-05	 1.76333053E-04	-9.36496082E-05	 5.45515496E-04	 3.51401656E-04	 8.81120987E-04	-4.57204329E-04
 7.150000E-01	-1.01293390E-04	 3.34746599E-04	 1.27521690E-03	 2.37085415E-03	 2.60352130E-03	 4.97355095E-04	 1.30908245E-03	 1.94883160E-03	 2.00907626E-03	-1.41121415E-03	-2.25726174E-05	-4.32914443E-05	-4.40296042E-05	 1.42712021E-05	 1.74703701E-04	-7.68121243E-05	 5.45416280E-04	 3.56332796E-04	 9.04011186E-04	-4.69844545E-04
 7.160000E-01	-1.07746602E-04	 3.21683896E-04	 1.26194600E-03	 2.37283144E-03	 2.63290462E-03	 5.59460309E-04	 1.28611124E-03	 1.97293029E-03	 2.05748713E-03	-1.44000247E-03	-2.24073004E-05	-4.29767952E-05	-4.36039357E-05	 1.45592947E-05	 1.73910220E-04	-6.34797129E-05	 5.47702710E-04	 3.61840349E-04	 9.27694674E-04	-4.82699569E-04
 7.170000E-01	-1.14118664E-04	 3.08522666E-04	 1.24826264E-03	 2.37420145E-03	 2.66215292E-03	 6.23158725E-04	 1.26248297E-03	 1.99773224E-03	 2.10692730E-03	-1.46946307E-03	-2.22492266E-05	-4.26817357E-05	-4.32189176E-05	 1.48696152E-05	 1.73632989E-04	-5.27889288E-05	 5.51579200E-04	 3.67722403E-04	 9.52128189E-04	-4.95799856E-04
 7.180000E-01	-1.20407322E-04	 2.95270882E-04	 1.23418234E-03	 2.37499321E-03	 2.69134403E-03	 6.88211464E-04	 1.23832160E-03	 2.02327409E-03	 2.15744687E-03	-1.49961820E-03	-2.20984061E-05	-4.24065388E-05	-4.28700347E-05	 1.51919162E-05	 1.73688618E-04	-4.41863205E-05	 5.56550118E-04	 3.73804531E-04	 9.77265069E-04	-5.09189894E-04
 7.190000E-01	-1.26613346E-04	 2.81938518E-04	 1.21973596E-03	 2.37526375E-03	 2.72059264E-03	 7.54499561E-04	 1.21376141E-03	 2.04964526E-03	 2.20913724E-03	-1.53051568E-03	-2.19566641E-05	-4.21579126E-05	-4.25588960E-05	 1.54974846E-05	 1.73961823E-04	-3.73120413E-05	 5.62336409E-04	 3.79976838E-04	 1.00307998E-03	-5.22912520E-04
 7.200000E-01	-1.32737175E-04	 2.68530106E-04	 1.20493717E-03	 2.37503755E-03	 2.74996318E-03	 8.22015643E-04	 1.18884791E-03	 2.07692903E-03	 2.26208665E-03	-1.56218952E-03	-2.18262423E-05	-4.19443805E-05	-4.22966666E-05	 1.57447555E-05	 1.74346259E-04	-3.19273443E-05	 5.68743435E-04	 3.86189412E-04	 1.02957366E-03	-5.36985664E-04
 7.210000E-01	-1.38776673E-04	 2.55044346E-04	 1.18977369E-03	 2.37428857E-03	 2.77944017E-03	 8.90802982E-04	 1.16350602E-03	 2.10516564E-03	 2.31635369E-03	-1.59464213E-03	-2.17082028E-05	-4.17708917E-05	-4.20974627E-05	 1.58990098E-05	 1.74738103E-04	-2.78963398E-05	 5.75598812E-04	 3.92408170E-04	 1.05676225E-03	-5.51401265E-04
 7.220000E-01	-1.44725309E-04	 2.41476106E-04	 1.17420738E-03	 2.37293977E-03	 2.80893333E-03	 9.60877144E-04	 1.13758471E-03	 2.13431984E-03	 2.37194081E-03	-1.62783504E-03	-2.16012852E-05	-4.16344812E-05	-4.19692969E-05	 1.59549508E-05	 1.75056152E-04	-2.51928967E-05	 5.82751912E-04	 3.98565788E-04	 1.08465276E-03	-5.66136741E-04
 7.230000E-01	-1.50574648E-04	 2.27822768E-04	 1.15820066E-03	 2.37091334E-03	 2.83835427E-03	 1.03220563E-03	 1.11094977E-03	 2.16432764E-03	 2.42882125E-03	-1.66171877E-03	-2.15025964E-05	-4.15263020E-05	-4.19092033E-05	 1.59361411E-05	 1.75265787E-04	-2.38973046E-05	 5.90144562E-04	 4.04538644E-04	 1.11323294E-03	-5.81191163E-04
 7.240000E-01	-1.56319357E-04	 2.14087268E-04	 1.14174207E-03	 2.36818065E-03	 2.86768542E-03	 1.10476618E-03	 1.08352812E-03	 2.19517006E-03	 2.48700796E-03	-1.69628151E-03	-2.14109959E-05	-4.14430701E-05	-4.19160510E-05	 1.58518137E-05	 1.75353886E-04	-2.41348114E-05	 5.97831187E-04	 4.10205858E-04	 1.14248851E-03	-5.96579728E-04
 7.250000E-01	-1.61953995E-04	 2.00270467E-04	 1.12481330E-03	 2.36469431E-03	 2.89689108E-03	 1.17854644E-03	 1.05524833E-03	 2.22682735E-03	 2.54650554E-03	-1.73150713E-03	-2.13270313E-05	-4.13892085E-05	-4.19979001E-05	 1.56723387E-05	 1.75279027E-04	-2.60273320E-05	 6.05919282E-04	 4.15473446E-04	 1.17239866E-03	-6.12301325E-04
 7.260000E-01	-1.67470472E-04	 1.86371623E-04	 1.10738389E-03	 2.36037533E-03	 2.92589320E-03	 1.25350853E-03	 1.02604861E-03	 2.25924753E-03	 2.60727481E-03	-1.76735600E-03	-2.12514887E-05	-4.13712060E-05	-4.21569802E-05	 1.53606458E-05	 1.74999699E-04	-2.97087637E-05	 6.14544169E-04	 4.20223222E-04	 1.20289864E-03	-6.28349430E-04
 7.270000E-01	-1.72861170E-04	 1.72394978E-04	 1.08943963E-03	 2.35517663E-03	 2.95465166E-03	 1.32961162E-03	 9.95908344E-04	 2.29240560E-03	 2.66929774E-03	-1.80380257E-03	-2.11842796E-05	-4.13910621E-05	-4.23873297E-05	 1.49054478E-05	 1.74490136E-04	-3.53785205E-05	 6.23855194E-04	 4.24275574E-04	 1.23391833E-03	-6.44736348E-04
 7.280000E-01	-1.78121382E-04	 1.58349710E-04	 1.07098934E-03	 2.34910281E-03	 2.98319198E-03	 1.40685169E-03	 9.64834424E-04	 2.32633307E-03	 2.73260736E-03	-1.84084979E-03	-2.11241350E-05	-4.14454260E-05	-4.26815991E-05	 1.43160199E-05	 1.73716220E-04	-4.33564039E-05	 6.34021628E-04	 4.27399762E-04	 1.26541958E-03	-6.61509638E-04
 7.290000E-01	-1.83251993E-04	 1.44248231E-04	 1.05206754E-03	 2.34222015E-03	 3.01161782E-03	 1.48529028E-03	 9.32821987E-04	 2.36114359E-03	 2.79733441E-03	-1.87855081E-03	-2.10700831E-05	-4.15296006E-05	-4.30433190E-05	 1.36046755E-05	 1.72612765E-04	-5.41140450E-05	 6.45263478E-04	 4.29325353E-04	 1.29743518E-03	-6.78732570E-04
 7.300000E-01	-1.88255466E-04	 1.30098960E-04	 1.03270023E-03	 2.33458078E-03	 3.04000885E-03	 1.56497540E-03	 8.99829909E-04	 2.39693663E-03	 2.86364233E-03	-1.91697016E-03	-2.10227997E-05	-4.16437659E-05	-4.34918080E-05	 1.27579829E-05	 1.71069588E-04	-6.82608472E-05	 6.57889666E-04	 4.29724679E-04	 1.33001619E-03	-6.96427390E-04
 7.310000E-01	-1.93129918E-04	 1.15904368E-04	 1.01288187E-03	 2.32616472E-03	 3.06834807E-03	 1.64580837E-03	 8.65855549E-04	 2.43370092E-03	 2.93161096E-03	-1.95612651E-03	-2.09827135E-05	-4.17895939E-05	-4.40397294E-05	 1.17544677E-05	 1.68983034E-04	-8.65454965E-05	 6.72384911E-04	 4.28104807E-04	 1.36313353E-03	-7.14611227E-04
 7.320000E-01	-1.97875897E-04	 1.01666896E-04	 9.92616196E-04	 2.31696973E-03	 3.09664079E-03	 1.72755528E-03	 8.31071732E-04	 2.47139952E-03	 3.00132483E-03	-1.99606685E-03	-2.09505697E-05	-4.19697353E-05	-4.46839563E-05	 1.05883290E-05	 1.66325408E-04	-1.09775404E-04	 6.89465501E-04	 4.23787984E-04	 1.39667860E-03	-7.33352850E-04
 7.330000E-01	-2.02498166E-04	 8.73853808E-05	 9.71909849E-04	 2.30700134E-03	 3.12489628E-03	 1.80983447E-03	 7.95863445E-04	 2.50997347E-03	 3.07291651E-03	-2.03687503E-03	-2.09279023E-05	-4.21916836E-05	-4.54214571E-05	 9.24190949E-06	 1.63121069E-04	-1.38578810E-04	 7.09929842E-04	 4.16050738E-04	 1.43052112E-03	-7.52739928E-04
 7.340000E-01	-2.06999188E-04	 7.30527940E-05	 9.50739705E-04	 2.29619831E-03	 3.15300015E-03	 1.89193305E-03	 7.60902160E-04	 2.54916649E-03	 3.14648702E-03	-2.07860685E-03	-2.09149272E-05	-4.24601267E-05	-4.62518940E-05	 7.70883180E-06	 1.59444186E-04	-1.73117113E-04	 7.34313213E-04	 4.04280922E-04	 1.46454895E-03	-7.72824329E-04
 7.350000E-01	-2.11373548E-04	 5.86588879E-05	 9.29041550E-04	 2.28440160E-03	 3.18066378E-03	 1.97258824E-03	 7.27363543E-04	 2.58830931E-03	 3.22202112E-03	-2.12124938E-03	-2.09080685E-05	-4.27696977E-05	-4.71668166E-05	 6.02952712E-06	 1.55473645E-04	-2.12717118E-04	 7.62405117E-04	 3.88138596E-04	 1.49867811E-03	-7.93589874E-04
 7.360000E-01	-2.15601427E-04	 4.41979183E-05	 9.06712538E-04	 2.27135069E-03	 3.20743729E-03	 2.04989268E-03	 6.97203743E-04	 2.62612691E-03	 3.29923624E-03	-2.16468178E-03	-2.08965402E-05	-4.30921685E-05	-4.81169183E-05	 4.36873964E-06	 1.51628254E-04	-2.55471262E-04	 7.92631163E-04	 3.67708603E-04	 1.53279576E-03	-8.15000205E-04
 7.370000E-01	-2.19661716E-04	 2.96766789E-05	 8.83687201E-04	 2.25686716E-03	 3.23302696E-03	 2.12173705E-03	 6.73259633E-04	 2.66097343E-03	 3.37772994E-03	-2.20882981E-03	-2.08643102E-05	-4.33799660E-05	-4.89938060E-05	 3.04707228E-06	 1.48731958E-04	-2.97688956E-04	 8.21341577E-04	 3.43858528E-04	 1.56678629E-03	-8.37113714E-04
 7.380000E-01	-2.23542856E-04	 1.51114078E-05	 8.59969124E-04	 2.24094447E-03	 3.25747975E-03	 2.18656724E-03	 6.58842784E-04	 2.69121950E-03	 3.45716554E-03	-2.25378146E-03	-2.07951885E-05	-4.35856671E-05	-4.96633200E-05	 2.44517818E-06	 1.47972015E-04	-3.33164051E-04	 8.41823512E-04	 3.19090586E-04	 1.60070621E-03	-8.60032916E-04
 7.390000E-01	-2.27232735E-04	 5.24242634E-07	 8.35587100E-04	 2.22364344E-03	 3.28106832E-03	 2.24403145E-03	 6.56886548E-04	 2.71555269E-03	 3.53719140E-03	-2.29967839E-03	-2.06735538E-05	-4.36684354E-05	-4.99844230E-05	 2.93349079E-06	 1.50766082E-04	-3.52814135E-04	 8.43341063E-04	 2.98342814E-04	 1.63490063E-03	-8.83767030E-04
 7.400000E-01	-2.30716374E-04	-1.40529696E-05	 8.10599760E-04	 2.20509605E-03	 3.30430416E-03	 2.29563632E-03	 6.68898292E-04	 2.73352570E-03	 3.61748779E-03	-2.34668299E-03	-2.04850557E-05	-4.35929678E-05	-4.98118582E-05	 4.86341367E-06	 1.58636668E-04	-3.45137783E-04	 8.10854869E-04	 2.89409730E-04	 1.67010421E-03	-9.08172910E-04
 7.410000E-01	-2.33976957E-04	-2.85777085E-05	 7.85100255E-04	 2.18551486E-03	 3.32794428E-03	 2.34523003E-03	 6.93854473E-04	 2.74623583E-03	 3.69787947E-03	-2.39493646E-03	-2.02159385E-05	-4.33242204E-05	-4.90130711E-05	 8.55721193E-06	 1.72988471E-04	-2.97597934E-04	 7.25879409E-04	 3.02867587E-04	 1.70756246E-03	-9.32959429E-04
 7.420000E-01	-2.37006428E-04	-4.30030036E-05	 7.59230526E-04	 2.16523157E-03	 3.35299520E-03	 2.39910186E-03	 7.27396172E-04	 2.75699749E-03	 3.77858664E-03	-2.44458913E-03	-1.98572065E-05	-4.28363562E-05	-4.75019176E-05	 1.42476999E-05	 1.94857345E-04	-1.98642773E-04	 5.68756740E-04	 3.51431320E-04	 1.74908516E-03	-9.57729511E-04
 7.430000E-01	-2.39812513E-04	-5.72909484E-05	 7.33154652E-04	 2.14463934E-03	 3.38051889E-03	 2.46530057E-03	 7.61739209E-04	 2.77152405E-03	 3.86047203E-03	-2.49578588E-03	-1.94117061E-05	-4.21354082E-05	-4.53092985E-05	 2.19184326E-05	 2.24510147E-04	-3.99114069E-05	 3.22100675E-04	 4.48804128E-04	 1.79708747E-03	-9.81869647E-04
 7.440000E-01	-2.42401599E-04	-7.14175890E-05	 7.06972463E-04	 2.12394152E-03	 3.41107915E-03	 2.55185693E-03	 7.86691464E-04	 2.79705644E-03	 3.94478054E-03	-2.54841643E-03	-1.88968272E-05	-4.12739712E-05	-4.26079320E-05	 3.11586575E-05	 2.61065505E-04	 1.81239321E-04	-2.48132082E-05	 6.07332867E-04	 1.85425149E-03	-1.00442342E-03
 7.450000E-01	-2.44773158E-04	-8.53681600E-05	 6.80707894E-04	 2.10308778E-03	 3.44448943E-03	 2.66464565E-03	 7.91850686E-04	 2.84086384E-03	 4.03286197E-03	-2.60202051E-03	-1.83424289E-05	-4.03435145E-05	-3.96726577E-05	 4.11917084E-05	 3.02379391E-04	 4.58994969E-04	-4.71160254E-04	 8.34292733E-04	 1.92293594E-03	-1.02426262E-03
 7.460000E-01	-2.46927530E-04	-9.91376136E-05	 6.54341385E-04	 2.08185442E-03	 3.47986055E-03	 2.80561524E-03	 7.69387381E-04	 2.90845941E-03	 4.12599112E-03	-2.65592614E-03	-1.77880830E-05	-3.94645902E-05	-3.68445811E-05	 5.09648784E-05	 3.45180963E-04	 7.77561702E-04	-1.00071126E-03	 1.12817138E-03	 2.00451654E-03	-1.04040117E-03
 7.470000E-01	-2.48870648E-04	-1.12729798E-04	 6.27825137E-04	 2.05990717E-03	 3.51570816E-03	 2.97176055E-03	 7.16519537E-04	 3.00183495E-03	 4.22511573E-03	-2.70940509E-03	-1.72773545E-05	-3.87664082E-05	-3.44987354E-05	 5.93108837E-05	 3.85400888E-04	 1.11180167E-03	-1.58072472E-03	 1.47627342E-03	 2.09888897E-03	-1.05230257E-03
 7.480000E-01	-2.50613318E-04	-1.26155522E-04	 6.01093189E-04	 2.03686903E-03	 3.55012699E-03	 3.15515145E-03	 6.36900093E-04	 3.11819315E-03	 4.33066146E-03	-2.76185530E-03	-1.68504647E-05	-3.83631243E-05	-3.30133098E-05	 6.51305151E-05	 4.18694169E-04	 1.43032677E-03	-2.16464719E-03	 1.85447808E-03	 2.20425680E-03	-1.06001796E-03
 7.490000E-01	-2.52152920E-04	-1.39413914E-04	 5.74049114E-04	 2.01228438E-03	 3.58087820E-03	 3.34387016E-03	 5.40368977E-04	 3.24933657E-03	 4.44202839E-03	-2.81276006E-03	-1.65328094E-05	-3.83215405E-05	-3.26771574E-05	 6.76230579E-05	 4.41205562E-04	 1.70027351E-03	-2.69837948E-03	 2.22906956E-03	 2.31689916E-03	-1.06423842E-03
 7.500000E-01	-2.53472310E-04	-1.52479545E-04	 5.46627350E-04	 1.98579063E-03	 3.60592789E-03	 3.52432306E-03	 4.40974399E-04	 3.38269466E-03	 4.55741315E-03	-2.86184914E-03	-1.63287962E-05	-3.86371279E-05	-3.35728531E-05	 6.65595290E-05	 4.50619787E-04	 1.89327089E-03	-3.12941680E-03	 2.56129572E-03	 2.43109418E-03	-1.06654996E-03
 7.510000E-01	-2.54562408E-04	-1.65318293E-04	 5.18855233E-04	 1.95732841E-03	 3.62414299E-03	 3.68463290E-03	 3.53568900E-04	 3.50425922E-03	 4.67428230E-03	-2.90942264E-03	-1.62282262E-05	-3.92521868E-05	-3.55667652E-05	 6.22844463E-05	 4.46746063E-04	 1.99180010E-03	-3.41728549E-03	 2.81519373E-03	 2.53991928E-03	-1.06945413E-03
 7.520000E-01	-2.55425423E-04	-1.77897574E-04	 4.90825376E-04	 1.92708616E-03	 3.63537996E-03	 3.81726772E-03	 2.90139680E-04	 3.60194246E-03	 4.78991003E-03	-2.95629986E-03	-1.62093659E-05	-4.00835994E-05	-3.83908171E-05	 5.55124494E-05	 4.31267636E-04	 1.99286467E-03	-3.54159138E-03	 2.96562598E-03	 2.63677232E-03	-1.07583159E-03
 7.530000E-01	-2.56064906E-04	-1.90191044E-04	 4.62656978E-04	 1.89538712E-03	 3.64026852E-03	 3.92007365E-03	 2.57279402E-04	 3.66818642E-03	 4.90193286E-03	-3.00355159E-03	-1.62425575E-05	-4.10403894E-05	-4.17290262E-05	 4.71237860E-05	 4.07052467E-04	 1.90733817E-03	-3.50494077E-03	 3.00299301E-03	 2.71689245E-03	-1.08822150E-03
 7.540000E-01	-2.56477971E-04	-2.02170120E-04	 4.34463932E-04	 1.86258198E-03	 3.63989247E-03	 3.99574232E-03	 2.55444911E-04	 3.70115485E-03	 5.00867710E-03	-3.05217831E-03	-1.62938348E-05	-4.20270823E-05	-4.52706304E-05	 3.80358221E-05	 3.77471220E-04	 1.75592412E-03	-3.33033654E-03	 2.93352187E-03	 2.77817172E-03	-1.10827371E-03
 7.550000E-01	-2.56659078E-04	-2.13807955E-04	 4.06352459E-04	 1.82903104E-03	 3.63563244E-03	 4.05057927E-03	 2.79905497E-04	 3.70482960E-03	 5.10937986E-03	-3.10294734E-03	-1.63308855E-05	-4.29531928E-05	-4.87279204E-05	 2.91151946E-05	 3.45940406E-04	 1.56396593E-03	-3.05482537E-03	 2.77635373E-03	 2.82117500E-03	-1.13671284E-03
 7.560000E-01	-2.56624929E-04	-2.25108795E-04	 3.78421218E-04	 1.79515068E-03	 3.62912319E-03	 4.09303047E-03	 3.23033057E-04	 3.68806742E-03	 5.20480733E-03	-3.15655326E-03	-1.63322441E-05	-4.37609598E-05	-5.18976933E-05	 2.09808585E-05	 3.15363797E-04	 1.35658067E-03	-2.72156784E-03	 2.55878124E-03	 2.84899930E-03	-1.17329047E-03
 7.570000E-01	-2.56398596E-04	-2.36101850E-04	 3.50696914E-04	 1.76117347E-03	 3.62160841E-03	 4.13121570E-03	 3.77179349E-04	 3.66169551E-03	 5.29692931E-03	-3.21334862E-03	-1.62855683E-05	-4.44336781E-05	-5.47050770E-05	 1.38534223E-05	 2.87570959E-04	 1.15442715E-03	-2.37171224E-03	 2.31017495E-03	 2.86640437E-03	-1.21663724E-03
 7.580000E-01	-2.55984420E-04	-2.46813412E-04	 3.23124974E-04	 1.72702720E-03	 3.61351510E-03	 4.17078441E-03	 4.36956503E-04	 3.63521166E-03	 5.38801045E-03	-3.27311229E-03	-1.61840039E-05	-4.49780798E-05	-5.71635884E-05	 7.68265814E-06	 2.63366671E-04	 9.71564479E-04	-2.03866912E-03	 2.05701624E-03	 2.87838695E-03	-1.26468480E-03
 7.590000E-01	-2.55364931E-04	-2.57248422E-04	 2.95610936E-04	 1.69242470E-03	 3.60456211E-03	 4.21425043E-03	 5.00112038E-04	 3.61480572E-03	 5.47988861E-03	-3.33515906E-03	-1.60231894E-05	-4.54062820E-05	-5.93193550E-05	 2.34204651E-06	 2.42921493E-04	 8.15718780E-04	-1.74563090E-03	 1.82045621E-03	 2.88909917E-03	-1.31536654E-03
 7.600000E-01	-2.54513152E-04	-2.67394086E-04	 2.68070061E-04	 1.65703542E-03	 3.59413639E-03	 4.26159485E-03	 5.67138697E-04	 3.60302719E-03	 5.57374627E-03	-3.39864982E-03	-1.58037755E-05	-4.57307762E-05	-6.12179318E-05	-2.26527415E-06	 2.26117063E-04	 6.89720578E-04	-1.50544994E-03	 1.61571441E-03	 2.90154455E-03	-1.36718460E-03
 7.610000E-01	-2.53419617E-04	-2.77247373E-04	 2.40454576E-04	 1.62066525E-03	 3.58175046E-03	 4.31145093E-03	 6.40300098E-04	 3.59944113E-03	 5.67063318E-03	-3.46304241E-03	-1.55323574E-05	-4.59724083E-05	-6.29196379E-05	-6.27646736E-06	 2.12564793E-04	 5.92741114E-04	-1.32180369E-03	 1.45178308E-03	 2.91806176E-03	-1.41911387E-03
 7.620000E-01	-2.52078016E-04	-2.86803056E-04	 2.12733110E-04	 1.58316171E-03	 3.56691141E-03	 4.36160929E-03	 7.22338726E-04	 3.60111175E-03	 5.77122529E-03	-3.52798746E-03	-1.52156080E-05	-4.61539592E-05	-6.44996409E-05	-9.91952718E-06	 2.01552398E-04	 5.21128055E-04	-1.19108292E-03	 1.33121181E-03	 2.94035699E-03	-1.47015322E-03
 7.630000E-01	-2.50472007E-04	-2.96034699E-04	 1.84902025E-04	 1.54439997E-03	 3.54914791E-03	 4.40965317E-03	 8.15043555E-04	 3.60381650E-03	 5.87536013E-03	-3.59318701E-03	-1.48594650E-05	-4.62897944E-05	-6.60061111E-05	-1.33924753E-05	 1.92352396E-04	 4.69742702E-04	-1.10521898E-03	 1.25121280E-03	 2.96908283E-03	-1.51949555E-03
 7.640000E-01	-2.48589200E-04	-3.04909964E-04	 1.57001402E-04	 1.50438412E-03	 3.52831418E-03	 4.45402211E-03	 9.18379655E-04	 3.60405254E-03	 5.98228257E-03	-3.65861309E-03	-1.44704956E-05	-4.63878536E-05	-6.74575164E-05	-1.67918759E-05	 1.84412188E-04	 4.33307227E-04	-1.05453173E-03	 1.20580461E-03	 3.00388991E-03	-1.56695739E-03
 7.650000E-01	-2.46432518E-04	-3.13412061E-04	 1.29096220E-04	 1.46325628E-03	 3.50466613E-03	 4.49454665E-03	 1.03068398E-03	 3.60042212E-03	 6.09122053E-03	-3.72458430E-03	-1.40574084E-05	-4.64579760E-05	-6.88702376E-05	-2.01586311E-05	 1.77284268E-04	 4.07091994E-04	-1.02972998E-03	 1.18769917E-03	 3.04390406E-03	-1.61305481E-03
 7.660000E-01	-2.44025574E-04	-3.21555844E-04	 1.01243749E-04	 1.42124175E-03	 3.47873932E-03	 4.53221481E-03	 1.14972234E-03	 3.59363653E-03	 6.20210835E-03	-3.79175545E-03	-1.36291714E-05	-4.65184751E-05	-7.02919777E-05	-2.35730748E-05	 1.70443429E-04	 3.86970594E-04	-1.02306204E-03	 1.18935944E-03	 3.08833078E-03	-1.65857423E-03
 7.670000E-01	-2.41388018E-04	-3.29359647E-04	 7.34739603E-05	 1.37849196E-03	 3.45092963E-03	 4.56816849E-03	 1.27359397E-03	 3.58524654E-03	 6.31532992E-03	-3.86066856E-03	-1.31902361E-05	-4.65861994E-05	-7.17846859E-05	-2.71721200E-05	 1.63284828E-04	 3.69357962E-04	-1.02900238E-03	 1.20347142E-03	 3.13636220E-03	-1.70395054E-03
 7.680000E-01	-2.38521266E-04	-3.36818613E-04	 4.58110192E-05	 1.33506381E-03	 3.42139966E-03	 4.60320636E-03	 1.40101979E-03	 3.57682306E-03	 6.43106692E-03	-3.93147466E-03	-1.27419123E-05	-4.66648530E-05	-7.33661394E-05	-3.10132489E-05	 1.55473925E-04	 3.51623703E-04	-1.04487834E-03	 1.22389674E-03	 3.18663142E-03	-1.74955314E-03
 7.690000E-01	-2.35432822E-04	-3.43936191E-04	 1.82810380E-05	 1.29105086E-03	 3.39041862E-03	 4.63822459E-03	 1.53170663E-03	 3.56994203E-03	 6.54979427E-03	-4.00433188E-03	-1.22866923E-05	-4.67535001E-05	-7.50204808E-05	-3.50795747E-05	 1.47010556E-04	 3.32348920E-04	-1.07090762E-03	 1.24667841E-03	 3.23741302E-03	-1.79598107E-03
 7.700000E-01	-2.32135045E-04	-3.50727865E-04	-9.11817917E-06	 1.24649124E-03	 3.35815935E-03	 4.67396235E-03	 1.66673365E-03	 3.56543545E-03	 6.67249408E-03	-4.07940476E-03	-1.18256470E-05	-4.68508912E-05	-7.67364737E-05	-3.93804110E-05	 1.37949031E-04	 3.10956979E-04	-1.10928020E-03	 1.27035315E-03	 3.28695993E-03	-1.84373893E-03
 7.710000E-01	-2.28634003E-04	-3.57206893E-04	-3.64275784E-05	 1.20127544E-03	 3.32440601E-03	 4.71039158E-03	 1.80842049E-03	 3.56235349E-03	 6.80053677E-03	-4.15661995E-03	-1.13551876E-05	-4.69527615E-05	-7.85178066E-05	-4.39585161E-05	 1.28273196E-04	 2.87417606E-04	-1.16291044E-03	 1.29583362E-03	 3.33348928E-03	-1.89298117E-03
 7.720000E-01	-2.24913614E-04	-3.63355113E-04	-6.37069412E-05	 1.15509831E-03	 3.28833838E-03	 4.74612035E-03	 1.95919862E-03	 3.55736703E-03	 6.93495799E-03	-4.23531527E-03	-1.08651844E-05	-4.70403719E-05	-8.03438217E-05	-4.87799314E-05	 1.18079029E-04	 2.62355767E-04	-1.23415973E-03	 1.32603673E-03	 3.37478673E-03	-1.94367616E-03
 7.730000E-01	-2.20944774E-04	-3.69128423E-04	-9.09998635E-05	 1.10759025E-03	 3.24880601E-03	 4.77862394E-03	 2.11983537E-03	 3.54558933E-03	 7.07599548E-03	-4.31431389E-03	-1.03483891E-05	-4.70884332E-05	-8.21493795E-05	-5.36393614E-05	 1.07857878E-04	 2.37482972E-04	-1.32340230E-03	 1.36516227E-03	 3.40833306E-03	-1.99641347E-03
 7.740000E-01	-2.16715461E-04	-3.74503514E-04	-1.18327586E-04	 1.05851670E-03	 3.20491107E-03	 4.80515440E-03	 2.28770672E-03	 3.52253517E-03	 7.22334098E-03	-4.39268293E-03	-9.81230708E-06	-4.70980208E-05	-8.39013306E-05	-5.83655381E-05	 9.81498277E-05	 2.14973246E-04	-1.42702272E-03	 1.41620990E-03	 3.43341301E-03	-2.05226990E-03
 7.750000E-01	-2.12215781E-04	-3.79451681E-04	-1.45650052E-04	 1.00784183E-03	 3.15621461E-03	 4.82335961E-03	 2.45489240E-03	 3.48671719E-03	 7.37461587E-03	-4.47001637E-03	-9.28433885E-06	-4.71245999E-05	-8.57091232E-05	-6.31689058E-05	 8.86472311E-05	 1.95312456E-04	-1.53622046E-03	 1.47635231E-03	 3.45339363E-03	-2.11135944E-03
 7.760000E-01	-2.07413019E-04	-3.83883276E-04	-1.72768676E-04	 9.55906765E-04	 3.10325151E-03	 4.83293484E-03	 2.60774775E-03	 3.44378824E-03	 7.52291680E-03	-4.54691845E-03	-8.81486328E-06	-4.72884098E-05	-8.78682949E-05	-6.87936648E-05	 7.75769794E-05	 1.74799582E-04	-1.64037129E-03	 1.53303795E-03	 3.47562108E-03	-2.17184997E-03
 7.770000E-01	-2.02249365E-04	-3.87631560E-04	-1.99260730E-04	 9.03658287E-04	 3.04831360E-03	 4.83853837E-03	 2.73191053E-03	 3.40999304E-03	 7.65670754E-03	-4.62588698E-03	-8.46883834E-06	-4.77564265E-05	-9.08286086E-05	-7.64422060E-05	 6.15846177E-05	 1.43956097E-04	-1.73694077E-03	 1.56531244E-03	 3.50720148E-03	-2.23031236E-03
 7.780000E-01	-1.96671680E-04	-3.90513789E-04	-2.24566161E-04	 8.52604033E-04	 2.99566504E-03	 4.85193188E-03	 2.82545001E-03	 3.40908963E-03	 7.76574738E-03	-4.71175789E-03	-8.30246193E-06	-4.86844026E-05	-9.50497672E-05	-8.74236109E-05	 3.64780286E-05	 8.83197209E-05	-1.84614324E-03	 1.55396373E-03	 3.54612426E-03	-2.28356394E-03
 7.790000E-01	-1.90687798E-04	-3.92474973E-04	-2.48298956E-04	 8.04207628E-04	 2.95024979E-03	 4.89026882E-03	 2.91679646E-03	 3.45767279E-03	 7.85460910E-03	-4.81040770E-03	-8.31805824E-06	-5.01150081E-05	-1.00759767E-04	-1.02584471E-04	-1.15473442E-06	-7.37429120E-06	-2.02273921E-03	 1.49968099E-03	 3.57016366E-03	-2.33094105E-03
 7.800000E-01	-1.84393634E-04	-3.93696897E-04	-2.70675249E-04	 7.58594681E-04	 2.91408864E-03	 4.96750142E-03	 3.07454045E-03	 3.54092938E-03	 7.95712008E-03	-4.92383852E-03	-8.40809711E-06	-5.18283762E-05	-1.07555674E-04	-1.21344250E-04	-5.10726821E-05	-1.50842422E-04	-2.35392236E-03	 1.44209720E-03	 3.52739752E-03	-2.37711401E-03
 7.810000E-01	-1.77996185E-04	-3.94693393E-04	-2.92916890E-04	 7.13209482E-04	 2.88201974E-03	 5.08103103E-03	 3.39252794E-03	 3.59347941E-03	 8.14166834E-03	-5.04348798E-03	-8.33294289E-06	-5.32400370E-05	-1.14022915E-04	-1.40556523E-04	-1.05726989E-04	-3.30242900E-04	-2.93198963E-03	 1.46678309E-03	 3.33821394E-03	-2.43673561E-03
 7.820000E-01	-1.71809224E-04	-3.96332251E-04	-3.17401208E-04	 6.62132297E-04	 2.83888816E-03	 5.19859706E-03	 3.93815098E-03	 3.50671016E-03	 8.49264397E-03	-5.14592324E-03	-7.76146821E-06	-5.34638134E-05	-1.17765474E-04	-1.54209370E-04	-1.48588211E-04	-5.04357916E-04	-3.79515356E-03	 1.68195608E-03	 2.92371570E-03	-2.53680788E-03
 7.830000E-01	-1.66153506E-04	-3.99604478E-04	-3.47161327E-04	 5.96929110E-04	 2.76072872E-03	 5.25360173E-03	 4.66930655E-03	 3.17993236E-03	 9.05506075E-03	-5.19562594E-03	-6.38651315E-06	-5.15957336E-05	-1.16078019E-04	-1.54756659E-04	-1.57089820E-04	-6.03755415E-04	-4.85032078E-03	 2.15472687E-03	 2.26560077E-03	-2.71071061E-03
 7.840000E-01	-1.61164877E-04	-4.05111004E-04	-3.84554635E-04	 5.09756123E-04	 2.62242806E-03	 5.15886865E-03	 5.35686360E-03	 2.61034509E-03	 9.75082829E-03	-5.16032135E-03	-4.07659626E-06	-4.71539550E-05	-1.07168294E-04	-1.36132751E-04	-1.10938879E-04	-5.49352241E-04	-5.81923646E-03	 2.82310532E-03	 1.47948495E-03	-2.98017682E-03
 7.850000E-01	-1.56567730E-04	-4.12369873E-04	-4.29330101E-04	 3.98317389E-04	 2.41142199E-03	 4.84302099E-03	 5.57612216E-03	 1.97873094E-03	 1.03070307E-02	-5.03815432E-03	-9.89859449E-07	-4.04543591E-05	-9.13378318E-05	-9.72060970E-05	-2.84387061E-06	-2.85772963E-04	-6.26250213E-03	 3.43259154E-03	 8.55689483E-04	-3.33026726E-03
 7.860000E-01	-1.51599572E-04	-4.19431445E-04	-4.77121457E-04	 2.70764188E-04	 2.14309369E-03	 4.30227889E-03	 4.83006844E-03	 1.65799104E-03	 1.02697768E-02	-4.88858484E-03	 2.42182883E-06	-3.27055261E-05	-7.14818209E-05	-4.38477172E-05	 1.53725266E-04	 1.84259198E-04	-5.71299397E-03	 3.55881513E-03	 8.16378270E-04	-3.69187579E-03
 7.870000E-01	-1.45170518E-04	-4.23136202E-04	-5.19508309E-04	 1.47253603E-04	 1.86837722E-03	 3.64225316E-03	 2.80844604E-03	 2.08203590E-03	 9.16283870E-03	-4.84538413E-03	 5.54664078E-06	-2.57004748E-05	-5.24920240E-05	 1.17110865E-05	 3.24558467E-04	 7.83321843E-04	-3.88470731E-03	 2.74345556E-03	 1.77365889E-03	-3.94587658E-03
 7.880000E-01	-1.36219604E-04	-4.20040289E-04	-5.46136002E-04	 5.59032782E-05	 1.66547432E-03	 3.07950994E-03	-3.13323497E-04	 3.48918693E-03	 6.77550269E-03	-5.08920213E-03	 7.83197717E-06	-2.11884899E-05	-3.96351826E-05	 5.45996486E-05	 4.64397760E-04	 1.37383293E-03	-8.61059738E-04	 7.01420685E-04	 3.93116011E-03	-3.95605099E-03
 7.890000E-01	-1.24168130E-04	-4.07795061E-04	-5.48516471E-04	 2.33987278E-05	 1.61496749E-03	 2.88816111E-03	-3.70182784E-03	 5.65869489E-03	 3.46783729E-03	-5.77448152E-03	 9.00142545E-06	-2.01717456E-05	-3.64718692E-05	 7.29254918E-05	 5.33524126E-04	 1.80215633E-03	 2.84403759E-03	-2.50118092E-03	 7.11967416E-03	-3.62371729E-03
 7.900000E-01	-1.09295312E-04	-3.86477362E-04	-5.24237516E-04	 6.30965422E-05	 1.76543934E-03	 3.30043170E-03	-5.97406816E-03	 7.81666111E-03	 3.14714304E-04	-6.93047835E-03	 9.16496265E-06	-2.24333539E-05	-4.31814876E-05	 6.30340628E-05	 5.14837678E-04	 1.95704161E-03	 6.41133250E-03	-6.40422418E-03	 1.07646340E-02	-2.94488018E-03
 7.910000E-01	-9.28855600E-05	-3.59335899E-04	-4.79877986E-04	 1.65288789E-04	 2.10328269E-03	 4.39542493E-03	-5.63277025E-03	 8.84556381E-03	-1.07199769E-03	-8.38067450E-03	 8.76054970E-06	-2.65948159E-05	-5.62795622E-05	 3.16635410E-05	 4.23007964E-04	 1.81792835E-03	 9.00407380E-03	-1.02967743E-02	 1.40449425E-02	-2.04117987E-03
 7.920000E-01	-7.70345070E-05	-3.32463501E-04	-4.31054914E-04	 2.94166165E-04	 2.54036138E-03	 6.02198560E-03	-1.70486481E-03	 7.78126180E-03	 9.20537463E-04	-9.72855691E-03	 8.36088398E-06	-3.06973463E-05	-7.00520993E-05	-6.65222420E-06	 2.99342904E-04	 1.46676244E-03	 1.01011363E-02	-1.34971553E-02	 1.62058146E-02	-1.13634805E-03
 7.930000E-01	-6.40570852E-05	-3.13165912E-04	-3.98723487E-04	 3.94534072E-04	 2.92803510E-03	 7.79303708E-03	 5.67279712E-03	 4.39855639E-03	 7.15084942E-03	-1.04325494E-02	 8.45752091E-06	-3.29818049E-05	-7.89199142E-05	-3.55024630E-05	 1.95043722E-04	 1.05618638E-03	 9.70618776E-03	-1.56251748E-02	 1.68776726E-02	-4.81759382E-04
 7.940000E-01	-5.56013294E-05	-3.07271335E-04	-4.02002898E-04	 4.09019905E-04	 3.10047880E-03	 9.17347759E-03	 1.49954135E-02	-4.14860565E-04	 1.70280251E-02	-9.97189683E-03	 9.27304952E-06	-3.26024492E-05	-7.97503088E-05	-4.33745450E-05	 1.50649106E-04	 7.49779587E-04	 8.33071865E-03	-1.67223945E-02	 1.62465007E-02	-2.64076298E-04
 7.950000E-01	-5.18228476E-05	-3.16335412E-04	-4.49683707E-04	 3.01604516E-04	 2.93892193E-03	 9.65883927E-03	 2.36757360E-02	-4.77667547E-03	 2.82540560E-02	-8.08082138E-03	 1.06800876E-05	-2.99864977E-05	-7.32762865E-05	-2.87850705E-05	 1.79161008E-04	 6.56899793E-04	 6.76091432E-03	-1.71605666E-02	 1.49880482E-02	-5.29172625E-04
 7.960000E-01	-5.11500431E-05	-3.36333209E-04	-5.34753746E-04	 7.66370825E-05	 2.43007126E-03	 8.98787456E-03	 2.89103989E-02	-6.51830185E-03	 3.73414461E-02	-4.96844023E-03	 1.23018511E-05	-2.65951387E-05	-6.37914560E-05	-1.18013537E-06	 2.60221921E-04	 7.87738415E-04	 5.70740950E-03	-1.73882359E-02	 1.39680626E-02	-1.15125892E-03
 7.970000E-01	-5.08643435E-05	-3.58785726E-04	-6.35523370E-04	-2.18096284E-04	 1.68435512E-03	 7.28141517E-03	 2.88253134E-02	-4.23418684E-03	 4.08839549E-02	-1.38415395E-03	 1.37898974E-05	-2.40506447E-05	-5.68592021E-05	 2.38274141E-05	 3.50319449E-04	 1.05298602E-03	 5.49866516E-03	-1.76548396E-02	 1.38269419E-02	-1.87221640E-03
 7.980000E-01	-4.82128185E-05	-3.73947444E-04	-7.23426672E-04	-5.07439810E-04	 8.99615716E-04	 5.02502421E-03	 2.33429702E-02	 1.87518842E-03	 3.70602454E-02	 1.55949956E-03	 1.50782986E-05	-2.31407298E-05	-5.61634847E-05	 3.29667110E-05	 4.05857833E-04	 1.31465091E-03	 5.98032577E-03	-1.78791078E-02	 1.46707409E-02	-2.41281000E-03
 7.990000E-01	-4.15724689E-05	-3.74792090E-04	-7.74504837E-04	-7.18273376E-04	 2.84186501E-04	 2.89073086E-03	 1.43119824E-02	 9.88760658E-03	 2.66346286E-02	 2.77559492E-03	 1.64193592E-05	-2.33795092E-05	-6.14777592E-05	 2.25145374E-05	 4.05984468E-04	 1.46131205E-03	 6.67822165E-03	-1.77463677E-02	 1.60630220E-02	-2.60608171E-03
 8.000000E-01	-3.10320904E-05	-3.59750713E-04	-7.78889638E-04	-8.08929054E-04	-2.58000202E-05	 1.46973406E-03	 4.77066150E-03	 1.69381171E-02	 1.28506923E-02	 1.66212948E-03	 1.81667666E-05	-2.34050717E-05	-6.90668149E-05	-3.41978221E-07	 3.61257855E-04	 1.46277597E-03	 7.11806863E-03	-1.69530733E-02	 1.73272136E-02	-2.47632544E-03
 8.010000E-01	-1.80951614E-05	-3.32809955E-04	-7.43445296E-04	-7.83240676E-04	-1.35020567E-05	 1.04883328E-03	-2.32202857E-03	 2.05355781E-02	 1.50986872E-04	-1.59896594E-03	 2.04415307E-05	-2.20027793E-05	-7.43269993E-05	-2.30013988E-05	 3.03042631E-04	 1.37161397E-03	 7.09686207E-03	-1.54112748E-02	 1.79610566E-02	-2.20847862E-03
 8.020000E-01	-4.87871266E-06	-3.01313892E-04	-6.87203541E-04	-6.83682392E-04	 2.26274799E-04	 1.53782300E-03	-5.23275061E-03	 1.96988869E-02	-7.64743713E-03	-6.08224998E-03	 2.28541111E-05	-1.91958926E-05	-7.52004791E-05	-3.66241433E-05	 2.60117342E-04	 1.27269219E-03	 6.73896153E-03	-1.32584826E-02	 1.78822802E-02	-2.02007697E-03
 8.030000E-01	 6.71570813E-06	-2.72928835E-04	-6.33056942E-04	-5.70915547E-04	 5.36420920E-04	 2.55422910E-03	-3.94183551E-03	 1.53185420E-02	-8.80012589E-03	-1.04672170E-02	 2.43802473E-05	-1.69199039E-05	-7.47627691E-05	-4.42809587E-05	 2.34955847E-04	 1.21066626E-03	 6.31952390E-03	-1.06788911E-02	 1.73454097E-02	-2.00907785E-03
 8.040000E-01	 1.56761283E-05	-2.52893382E-04	-5.99164620E-04	-4.99929104E-04	 7.62260443E-04	 3.60027724E-03	 1.19076518E-04	 9.62429371E-03	-4.10824541E-03	-1.35193197E-02	 2.35410092E-05	-1.88559305E-05	-8.16758552E-05	-6.43066045E-05	 1.90503000E-04	 1.12990029E-03	 5.96730539E-03	-7.68982424E-03	 1.65697865E-02	-2.05117515E-03
 8.050000E-01	 2.22540162E-05	-2.42278454E-04	-5.92711982E-04	-5.00618571E-04	 8.07171837E-04	 4.25742545E-03	 4.84378919E-03	 5.07368128E-03	 3.68029145E-03	-1.45194771E-02	 1.89922808E-05	-2.90767880E-05	-1.07404528E-04	-1.25695980E-04	 5.64260468E-05	 8.59258820E-04	 5.41282417E-03	-4.09960793E-03	 1.52910457E-02	-1.81019793E-03
 8.060000E-01	 2.79006090E-05	-2.37804399E-04	-6.08034763E-04	-5.68626832E-04	 6.61708086E-04	 4.33169574E-03	 8.36611688E-03	 3.22482509E-03	 1.12050245E-02	-1.35027211E-02	 1.04591004E-05	-4.96383238E-05	-1.60183603E-04	-2.54442797E-04	-2.40647494E-04	 1.67400374E-04	 3.94884294E-03	 2.10257218E-04	 1.25596638E-02	-9.06860341E-04
 8.070000E-01	 3.47591277E-05	-2.33179200E-04	-6.29317743E-04	-6.68808350E-04	 4.00615184E-04	 3.90673537E-03	 9.75041456E-03	 4.12556441E-03	 1.59594229E-02	-1.12374190E-02	-2.73722875E-07	-7.77682969E-05	-2.37161874E-04	-4.53314677E-04	-7.27477476E-04	-1.10839808E-03	 7.05547526E-04	 4.70969453E-03	 7.08192998E-03	 7.58492148E-04
 8.080000E-01	 4.47309000E-05	-2.21777845E-04	-6.37312587E-04	-7.50530110E-04	 1.50059618E-04	 3.29480010E-03	 9.24544331E-03	 6.49350008E-03	 1.72879550E-02	-8.94984961E-03	-8.80375590E-06	-1.03886259E-04	-3.17798272E-04	-6.82134874E-04	-1.33113120E-03	-2.89240739E-03	-4.78471073E-03	 7.64166195E-03	-1.81265420E-03	 2.62305387E-03
 8.090000E-01	 5.83414362E-05	-2.00005312E-04	-6.18606535E-04	-7.71375146E-04	 3.09367340E-05	 2.89468916E-03	 8.04628472E-03	 8.61861319E-03	 1.64902233E-02	-7.83623885E-03	-8.52221006E-06	-1.11844297E-04	-3.62350510E-04	-8.48611383E-04	-1.84743149E-03	-4.72938904E-03	-1.19253322E-02	 5.94603026E-03	-1.28789871E-02	 3.21895903E-03
 8.100000E-01	 7.38770955E-05	-1.70048190E-04	-5.74184854E-04	-7.21598615E-04	 9.44152251E-05	 2.99186290E-03	 7.64266488E-03	 9.57417142E-03	 1.59107423E-02	-8.47307421E-03	 7.47837269E-06	-8.28118976E-05	-3.19481958E-04	-8.20881575E-04	-1.95747873E-03	-5.75953283E-03	-1.86021991E-02	-3.81692625E-03	-2.20216054E-02	 3.28126969E-04
 8.110000E-01	 8.73555895E-05	-1.40621923E-04	-5.23457929E-04	-6.39474944E-04	 2.74671771E-04	 3.57108779E-03	 8.98504753E-03	 1.00793912E-02	 1.73499414E-02	-1.03463604E-02	 4.29502430E-05	-3.32777863E-06	-1.45229072E-04	-4.69839335E-04	-1.31424959E-03	-4.89351089E-03	-2.12863247E-02	-2.33567595E-02	-2.26120721E-02	-8.21257035E-03
 8.120000E-01	 9.37187047E-05	-1.24655870E-04	-5.00394891E-04	-6.07687403E-04	 3.83930638E-04	 4.22669772E-03	 1.17987308E-02	 1.23798897E-02	 2.05481879E-02	-1.17796243E-02	 9.43239832E-05	 1.23916459E-04	 1.68904469E-04	 2.61237877E-04	 2.97622311E-04	-1.22607690E-03	-1.59731420E-02	-4.98280486E-02	-7.79086705E-03	-2.29768951E-02
 8.130000E-01	 8.92727256E-05	-1.33650390E-04	-5.40318741E-04	-7.24937236E-04	 1.67446020E-04	 4.24356664E-03	 1.43818186E-02	 1.88718950E-02	 2.26676594E-02	-1.05085220E-02	 1.47527202E-04	 2.70279551E-04	 5.66966397E-04	 1.27786199E-03	 2.76154462E-03	 5.37308188E-03	 3.53049477E-05	-7.36393504E-02	 2.53157623E-02	-4.10411389E-02
 8.140000E-01	 7.47705667E-05	-1.69761873E-04	-6.58973648E-04	-1.05455910E-03	-5.79746209E-04	 2.87857138E-03	 1.41098427E-02	 2.98421222E-02	 1.94476166E-02	-4.95640825E-03	 1.78206792E-04	 3.78161806E-04	 9.12887117E-04	 2.27913874E-03	 5.46227661E-03	 1.36719282E-02	 2.59234851E-02	-7.88382494E-02	 7.08502918E-02	-5.45925291E-02
 8.150000E-01	 5.77153518E-05	-2.18632580E-04	-8.30524271E-04	-1.56390392E-03	-1.85984065E-03	-1.98370025E-04	 8.65454110E-03	 4.14223535E-02	 7.99333375E-03	 4.09376850E-03	 1.57958066E-04	 3.71781633E-04	 1.00707369E-03	 2.77270513E-03	 7.26361958E-03	 2.07910445E-02	 5.55360606E-02	-4.78294492E-02	 1.11554998E-01	-5.14196918E-02
 8.160000E-01	 5.18901026E-05	-2.47904771E-04	-9.77031559E-04	-2.08337843E-03	-3.34513307E-03	-4.44940212E-03	-2.37367691E-03	 4.53561967E-02	-9.86531251E-03	 1.22216235E-02	 6.71166466E-05	 1.85616068E-04	 6.49927937E-04	 2.20604622E-03	 6.75169562E-03	 2.26161023E-02	 7.71377527E-02	 2.90872164E-02	 1.21405276E-01	-1.88541613E-02
 8.170000E-01	 7.25954377E-05	-2.16013195E-04	-9.83362674E-04	-2.32357884E-03	-4.36980013E-03	-8.26682745E-03	-1.60572242E-02	 3.19969607E-02	-2.57365721E-02	 1.17415634E-02	-9.01285439E-05	-1.95908093E-04	-2.55840765E-04	 2.14222259E-04	 2.78247591E-03	 1.51605616E-02	 7.60452429E-02	 1.41848614E-01	 7.57158420E-02	 4.83257487E-02
 8.180000E-01	 1.28353016E-04	-9.14982747E-05	-7.42890714E-04	-1.97415988E-03	-4.11617546E-03	-9.29868885E-03	-2.60560498E-02	-3.44276238E-03	-2.66531971E-02	-5.18096778E-03	-2.76302919E-04	-7.04870442E-04	-1.60267325E-03	-3.09743776E-03	-4.80591873E-03	-3.36964295E-03	 4.03630401E-02	 2.52731624E-01	-3.30602206E-02	 1.38357176E-01
 8.190000E-01	 2.12580511E-04	 1.23689751E-04	-2.22301184E-04	-8.67207858E-04	-1.98930184E-03	-5.38261520E-03	-2.44562439E-02	-5.38130826E-02	-1.66398646E-03	-4.08728513E-02	-4.24917576E-04	-1.18417944E-03	-3.03187321E-03	-6.97594274E-03	-1.46270047E-02	-3.06106923E-02	-3.18361530E-02	 3.00271849E-01	-1.81013961E-01	 2.16756481E-01
 8.200000E-01	 3.00617109E-04	 3.79320821E-04	 4.83873128E-04	 8.60049656E-04	 1.94759445E-03	 4.16341678E-03	-5.42461778E-03	-9.66576151E-02	 4.92225863E-02	-8.62712490E-02	-4.61576870E-04	-1.42495008E-03	-3.99402235E-03	-1.00892036E-02	-2.37011950E-02	-5.92680016E-02	-1.27089307E-01	 2.19695044E-01	-3.10143493E-01	 2.30982613E-01
 8.210000E-01	 3.56044719E-04	 5.82960843E-04	 1.14584595E-03	 2.69790812E-03	 6.70433030E-03	 1.74894968E-02	 3.06743035E-02	-9.91542788E-02	 1.08996710E-01	-1.18975429E-01	-3.35193547E-04	-1.24166771E-03	-3.92406154E-03	-1.08997282E-02	-2.81670407E-02	-7.84724230E-02	-2.16554690E-01	-2.35130893E-02	-3.45112957E-01	 1.29315559E-01
 8.220000E-01	 3.45289190E-04	 6.30336028E-04	 1.45903803E-03	 3.86525347E-03	 1.04727006E-02	 3.01059596E-02	 7.49152814E-02	-3.25075837E-02	 1.46248746E-01	-1.09041230E-01	-4.47921158E-05	-5.55817881E-04	-2.47267759E-03	-8.24561159E-03	-2.46073555E-02	-7.72771180E-02	-2.63357571E-01	-4.00796435E-01	-2.27489909E-01	-1.10004226E-01
 8.230000E-01	 2.54508165E-04	 4.50250867E-04	 1.15954188E-03	 3.57623560E-03	 1.11643971E-02	 3.60646410E-02	 1.11033322E-01	 1.09068645E-01	 1.28321094E-01	-3.28441758E-02	 3.50833728E-04	 5.47743475E-04	 2.99570882E-04	-1.90745386E-03	-1.15215779E-02	-4.91014732E-02	-2.35464151E-01	-8.07442878E-01	 4.67849855E-02	-4.51581705E-01
 8.240000E-01	 1.00940604E-04	 4.60482639E-05	 1.53371963E-04	 1.38700854E-03	 7.23877433E-03	 3.01721220E-02	 1.20525667E-01	 2.94355981E-01	 4.04123809E-02	 1.09605042E-01	 7.46314180E-04	 1.81787542E-03	 3.84888172E-03	 7.07721779E-03	 9.61213882E-03	 4.62159497E-03	-1.19441118E-01	-1.08273333E+00	 4.07125679E-01	-7.92960914E-01
 8.250000E-01	-6.75768758E-05	-4.85767699E-04	-1.39473585E-03	-2.51544872E-03	-1.47462555E-03	 1.04609153E-02	 9.01415417E-02	 4.56013515E-01	-9.92798839E-02	 2.82515852E-01	 1.02220818E-03	 2.89556484E-03	 7.24111660E-03	 1.65139568E-02	 3.41727948E-02	 7.31567224E-02	 7.03448072E-02	-1.06337652E+00	 7.21320874E-01	-9.83915808E-01
 8.260000E-01	-1.86425452E-04	-9.71846354E-04	-3.05896052E-03	-7.21699359E-03	-1.33208568E-02	-2.01095823E-02	 1.88563668E-02	 5.10905668E-01	-2.38933670E-01	 4.16489693E-01	 1.08552545E-03	 3.41945144E-03	 9.40079745E-03	 2.35830130E-02	 5.53551818E-02	 1.38378386E-01	 2.91408825E-01	-6.53394194E-01	 8.43671061E-01	-8.75748046E-01
 8.270000E-01	-1.98609013E-04	-1.21486389E-03	-4.25836490E-03	-1.12537132E-02	-2.50032923E-02	-5.35914758E-02	-7.87039523E-02	 3.94862159E-01	-3.11497482E-01	 4.29184965E-01	 9.07586256E-04	 3.15313649E-03	 9.46193109E-03	 2.56958335E-02	 6.60897119E-02	 1.79663973E-01	 4.82695459E-01	 1.18099443E-01	 6.81057359E-01	-3.86515690E-01
 8.280000E-01	-8.30618342E-05	-1.07268873E-03	-4.46121095E-03	-1.30755885E-02	-3.25054039E-02	-7.90781328E-02	-1.74421092E-01	 9.86858943E-02	-2.66690045E-01	 2.60844298E-01	 5.45742901E-04	 2.09660613E-03	 7.12774149E-03	 2.14829686E-02	 6.15034450E-02	 1.80774118E-01	 5.82249861E-01	 1.07810416E+00	 2.47975240E-01	 4.40988550E-01
 8.290000E-01	 1.27945844E-04	-5.32174278E-04	-3.42067817E-03	-1.16764179E-02	-3.25819407E-02	-8.65924067E-02	-2.35213626E-01	-3.12014701E-01	-1.02280850E-01	-8.76757534E-02	 1.27433028E-04	 5.18535963E-04	 2.87203080E-03	 1.15182191E-02	 4.11108973E-02	 1.36621600E-01	 5.49240949E-01	 1.94753097E+00	-3.18893096E-01	 1.41707772E+00
 8.300000E-01	 3.57480839E-04	 2.67336085E-04	-1.32014718E-03	-7.09539996E-03	-2.42226239E-02	-7.13745975E-02	-2.35842368E-01	-7.08772812E-01	 1.23916868E-01	-5.34839215E-01	-2.05811851E-04	-1.13120574E-03	-2.17036158E-03	-1.68914366E-03	 9.55733843E-03	 5.65582414E-02	 3.81924107E-01	 2.43418911E+00	-8.03997916E-01	 2.24469336E+00
 8.310000E-01	 5.17059151E-04	 1.08041904E-03	 1.26174630E-03	-5.02672468E-04	-9.30891723E-03	-3.63755801E-02	-1.70179480E-01	-9.45973953E-01	 3.13526580E-01	-9.34485220E-01	-3.62573834E-04	-2.39063042E-03	-6.59864939E-03	-1.45229561E-02	-2.47343062E-02	-3.81116382E-02	 1.21384417E-01	 2.34737581E+00	-1.00306924E+00	 2.61969319E+00
 8.320000E-01	 5.46560557E-04	 1.65072682E-03	 3.55758730E-03	 6.19164468E-03	 7.93188742E-03	 8.40640665E-03	-5.50591179E-02	-9.21793431E-01	 3.72904406E-01	-1.12811149E+00	-3.38302721E-04	-2.95421797E-03	-9.24561362E-03	-2.35296051E-02	-5.24862148E-02	-1.21464255E-01	-1.61859508E-01	 1.68015871E+00	-8.17963782E-01	 2.35268589E+00
 8.330000E-01	 4.40262021E-04	 1.81107364E-03	 4.90035758E-03	 1.10418466E-02	 2.24696017E-02	 4.95709133E-02	 7.53755775E-02	-6.25183246E-01	 2.61628084E-01	-1.01255604E+00	-2.07390217E-04	-2.76893634E-03	-9.57233112E-03	-2.66021093E-02	-6.67974960E-02	-1.72070048E-01	-3.92556360E-01	 6.19038596E-01	-3.07046105E-01	 1.45664140E+00
 8.340000E-01	 2.44616558E-04	 1.53982739E-03	 4.96151083E-03	 1.27738340E-02	 3.03147577E-02	 7.53804760E-02	 1.82533330E-01	-1.44570893E-01	 1.71245783E-02	-5.90519390E-01	-7.45983419E-05	-2.01523476E-03	-7.78518232E-03	-2.35814556E-02	-6.52836130E-02	-1.80057401E-01	-5.16430601E-01	-5.26105329E-01	 3.37039159E-01	 1.55389310E-01
 8.350000E-01	 3.14472127E-05	 9.50395662E-04	 3.83099799E-03	 1.11701071E-02	 2.98166165E-02	 7.98195543E-02	 2.37451671E-01	 3.67330858E-01	-2.59729309E-01	 2.31941680E-02	-1.83860028E-05	-9.98430714E-04	-4.64973898E-03	-1.60452398E-02	-5.02869478E-02	-1.48997363E-01	-5.15806902E-01	-1.43978853E+00	 8.71972112E-01	-1.19519735E+00
 8.360000E-01	-1.33954977E-04	 2.34154163E-04	 1.93650400E-03	 7.02047813E-03	 2.19683402E-02	 6.39707349E-02	 2.29739806E-01	 7.54295902E-01	-4.50705408E-01	 6.43430396E-01	-6.21529603E-05	-2.66190391E-05	-1.15618719E-03	-6.53378653E-03	-2.74498442E-02	-9.25943923E-02	-4.09715185E-01	-1.90993770E+00	 1.10842377E+00	-2.23521619E+00
 8.370000E-01	-2.14417157E-04	-4.09362256E-04	-1.30627842E-04	 1.75091187E-03	 9.79748507E-03	 3.47500548E-02	 1.68747122E-01	 9.13438039E-01	-4.73617047E-01	 1.08380437E+00	-1.78186823E-04	 6.75620822E-04	 1.79934847E-03	 2.34671714E-03	-3.55404715E-03	-2.88395087E-02	-2.41903413E-01	-1.88356964E+00	 9.81423902E-01	-2.72004393E+00
 8.380000E-01	-2.07946541E-04	-8.32938050E-04	-1.81467979E-03	-3.09340941E-03	-2.83106603E-03	 1.96101931E-03	 7.80198265E-02	 8.25736867E-01	-3.17219045E-01	 1.22350165E+00	-3.10327448E-04	 1.00874696E-03	 3.64086019E-03	 8.65466756E-03	 1.55981930E-02	 2.58548733E-02	-6.37750470E-02	-1.45815354E+00	 5.63337459E-01	-2.58781091E+00
 8.390000E-01	-1.40963286E-04	-9.75667238E-04	-2.75468780E-03	-6.32635838E-03	-1.25188182E-02	-2.51366236E-02	-1.40154654E-02	 5.51788240E-01	-4.26478531E-02	 1.04527218E+00	-4.02246609E-04	 9.94303056E-04	 4.20153184E-03	 1.15063883E-02	 2.66122820E-02	 6.08766184E-02	 8.14350786E-02	-8.23691369E-01	 2.03920481E-02	-1.95667616E+00
 8.400000E-01	-5.38369888E-05	-8.65365408E-04	-2.85922562E-03	-7.41621767E-03	-1.72756659E-02	-4.05348161E-02	-8.33649763E-02	 1.99581433E-01	 2.46481674E-01	 6.32070146E-01	-4.18335475E-04	 7.38866356E-04	 3.67851348E-03	 1.10903591E-02	 2.89083731E-02	 7.30497805E-02	 1.68592416E-01	-1.85973281E-01	-4.61138758E-01	-1.06250007E+00
 8.410000E-01	 1.47508718E-05	-5.94853726E-04	-2.28841957E-03	-6.53754767E-03	-1.68785100E-02	-4.27110596E-02	-1.16839369E-01	-1.18809575E-01	 4.49043408E-01	 1.28420173E-01	-3.51792907E-04	 3.84878140E-04	 2.49899536E-03	 8.38535206E-03	 2.42573317E-02	 6.57863383E-02	 1.93245723E-01	 2.97992548E-01	-7.44514268E-01	-1.69016250E-01
 8.420000E-01	 4.11518221E-05	-2.80591791E-04	-1.35776477E-03	-4.38699552E-03	-1.26221612E-02	-3.42261142E-02	-1.14056058E-01	-3.24289557E-01	 5.05716828E-01	-3.15054562E-01	-2.23272570E-04	 6.02819889E-05	 1.14619153E-03	 4.70490888E-03	 1.57609389E-02	 4.65475975E-02	 1.67935485E-01	 5.54188834E-01	-7.81828271E-01	 5.14570402E-01
 8.430000E-01	 2.31806067E-05	-1.98785646E-05	-4.05538334E-04	-1.85286476E-03	-6.60238657E-03	-2.00483469E-02	-8.49394573E-02	-3.89577407E-01	 4.16573969E-01	-5.91797465E-01	-7.12578709E-05	-1.57177554E-04	 4.39125865E-06	 1.23341977E-03	 6.64032590E-03	 2.36875211E-02	 1.14379559E-01	 5.91630845E-01	-6.13310278E-01	 8.83173616E-01
 8.440000E-01	-2.35181178E-05	 1.34871807E-04	 3.16901676E-04	 3.05101335E-04	-8.70429565E-04	-5.44062090E-03	-4.42516773E-02	-3.35925947E-01	 2.32073867E-01	-6.65744252E-01	 6.36268078E-05	-2.48123423E-04	-7.22250419E-04	-1.27300691E-03	-7.21086923E-04	 3.84886113E-03	 5.47618180E-02	 4.75822138E-01	-3.34305836E-01	 9.41567742E-01
 8.450000E-01	-7.56558996E-05	 1.79153723E-04	 6.97017063E-04	 1.64985323E-03	 3.18523190E-03	 5.71797436E-03	-5.84413783E-03	-2.13644380E-01	 2.55983294E-02	-5.67870608E-01	 1.52625281E-04	-2.37167480E-04	-1.00911789E-03	-2.56177180E-03	-5.19223113E-03	-9.34880098E-03	 5.38718601E-03	 2.91673971E-01	-4.99482172E-02	 7.73709068E-01
 8.460000E-01	-1.12996083E-04	 1.42533299E-04	 7.53616396E-04	 2.10489443E-03	 5.06701971E-03	 1.17056979E-02	 2.12395980E-02	-7.78267162E-02	-1.37491603E-01	-3.70385441E-01	 1.85581834E-04	-1.69393762E-04	-9.56518221E-04	-2.78559350E-03	-6.79095417E-03	-1.53004752E-02	-2.58709117E-02	 1.11988149E-01	 1.61965418E-01	 4.95557933E-01
 8.470000E-01	-1.25326012E-04	 6.74591635E-05	 5.88474589E-04	 1.86393325E-03	 5.03879620E-03	 1.27970478E-02	 3.39912386E-02	 3.04930902E-02	-2.20915185E-01	-1.53317491E-01	 1.69842111E-04	-8.82755199E-05	-7.15013738E-04	-2.31460950E-03	-6.26730423E-03	-1.54963172E-02	-3.87540563E-02	-1.95213138E-02	 2.68112258E-01	 2.12048374E-01
 8.480000E-01	-1.13538771E-04	-8.92366528E-06	 3.26809941E-04	 1.24079832E-03	 3.79227366E-03	 1.04949640E-02	 3.43307711E-02	 9.24680279E-02	-2.22489492E-01	 2.22950516E-02	 1.23378246E-04	-2.26764704E-05	-4.22686387E-04	-1.54847379E-03	-4.61644220E-03	-1.22898553E-02	-3.78000767E-02	-8.98394592E-02	 2.76190024E-01	-8.55176427E-03
 8.490000E-01	-8.60879501E-05	-6.40667991E-05	 7.23652197E-05	 5.34873113E-04	 2.09398637E-03	 6.64729376E-03	 2.67992040E-02	 1.09325570E-01	-1.65415063E-01	 1.26761621E-01	 6.63013294E-05	 1.56399598E-05	-1.72029567E-04	-7.94093238E-04	-2.70742795E-03	-7.89743544E-03	-2.91606434E-02	-1.07931388E-01	 2.18723331E-01	-1.40019454E-01
 8.500000E-01	-5.39359772E-05	-9.09873000E-05	-1.13767683E-04	-4.78823122E-05	 5.37741337E-04	 2.79564412E-03	 1.62855055E-02	 9.44523581E-02	-8.32335900E-02	 1.59952813E-01	 1.45843928E-05	 2.79908358E-05	-4.43076004E-06	-2.22561370E-04	-1.10037977E-03	-3.86498058E-03	-1.82535206E-02	-9.27933615E-02	 1.34409759E-01	-1.88964519E-01
 8.510000E-01	-2.63365279E-05	-9.40362079E-05	-2.13533227E-04	-4.15767902E-04	-5.56040807E-04	-1.33358069E-04	 6.52173437E-03	 6.46315328E-02	-5.97795569E-03	 1.40815633E-01	-2.27040806E-05	 2.25978495E-05	 7.84861451E-05	 1.16845374E-04	-3.03843526E-05	-9.55209959E-04	-8.63864304E-03	-6.36082717E-02	 5.43879314E-02	-1.79646224E-01
 8.520000E-01	-8.55322599E-06	-8.28223076E-05	-2.39340742E-04	-5.70567432E-04	-1.11854807E-03	-1.83500241E-03	-4.81820497E-04	 3.37228983E-02	 4.79049426E-02	 9.47947336E-02	-4.31970571E-05	 9.05967622E-06	 9.72554339E-05	 2.54795807E-04	 5.07779459E-04	 6.97901926E-04	-1.92010039E-03	-3.42601270E-02	-3.80131098E-03	-1.39975948E-01
 8.530000E-01	-1.60133449E-06	-6.70089121E-05	-2.17677835E-04	-5.68004168E-04	-1.24586127E-03	-2.44747067E-03	-4.26949199E-03	 9.88735126E-03	 7.30191654E-02	 4.40932065E-02	-4.92361223E-05	-5.08862906E-06	 7.87432876E-05	 2.56903643E-04	 6.46303325E-04	 1.32924117E-03	 1.76214348E-03	-1.19772212E-02	-3.56226586E-02	-9.25314598E-02
 8.540000E-01	-3.37320546E-06	-5.32722364E-05	-1.75458726E-04	-4.79001322E-04	-1.10189692E-03	-2.32006085E-03	-5.39604278E-03	-4.24452217E-03	 7.37794382E-02	 2.81855596E-03	-4.54220200E-05	-1.56168884E-05	 4.59374889E-05	 1.89842325E-04	 5.49751735E-04	 1.30285231E-03	 3.06931965E-03	 1.41275013E-03	-4.52806858E-02	-5.11187431E-02
 8.550000E-01	-1.02828756E-05	-4.45385274E-05	-1.32303798E-04	-3.63415862E-04	-8.43693141E-04	-1.82400293E-03	-4.82809221E-03	-9.80826957E-03	 5.93413742E-02	-2.34427711E-02	-3.66001159E-05	-2.12900007E-05	 1.37688275E-05	 1.03484144E-04	 3.57053454E-04	 9.54478647E-04	 2.90083841E-03	 7.27586256E-03	-4.07270954E-02	-2.13732790E-02
 8.560000E-01	-1.87633911E-05	-4.07684393E-05	-9.85158210E-05	-2.59112727E-04	-5.82208938E-04	-1.24460070E-03	-3.49618475E-03	-9.62408972E-03	 3.91014681E-02	-3.53698958E-02	-2.66361792E-05	-2.28034618E-05	-1.07293309E-05	 2.65913067E-05	 1.58839092E-04	 5.22026162E-04	 2.04503211E-03	 8.16224938E-03	-2.98253140E-02	-3.32017131E-03
 8.570000E-01	-2.62009511E-05	-4.03727065E-05	-7.68220795E-05	-1.82587106E-04	-3.74904027E-04	-7.48203392E-04	-2.06741968E-03	-6.60369427E-03	 1.99982746E-02	-3.68578696E-02	-1.79708035E-05	-2.16541807E-05	-2.60971113E-05	-2.93624267E-05	-3.08545293E-07	 1.38225453E-04	 1.03933559E-03	 6.50353843E-03	-1.83196100E-02	 5.80657495E-03
 8.580000E-01	-3.12369055E-05	-4.14382760E-05	-6.54273561E-05	-1.35290393E-04	-2.37416346E-04	-3.97938996E-04	-9.02003121E-04	-2.91025844E-03	 5.70273168E-03	-3.24729275E-02	-1.17178406E-05	-1.93407677E-05	-3.38400843E-05	-6.37898650E-05	-1.08200838E-04	-1.45235749E-04	 1.71863182E-04	 4.03927872E-03	-9.36068483E-03	 9.42621468E-03
 8.590000E-01	-3.36030828E-05	-4.24951504E-05	-6.08547155E-05	-1.10935822E-04	-1.60894923E-04	-1.90139175E-04	-1.15731867E-04	 2.41201146E-04	-2.88693549E-03	-2.59439760E-02	-8.02869360E-06	-1.69609737E-05	-3.64161365E-05	-8.11693899E-05	-1.70247534E-04	-3.25734554E-04	-4.52549933E-04	 1.74998881E-03	-3.96468128E-03	 1.04078831E-02
 8.600000E-01	-3.37220904E-05	-4.27458764E-05	-5.97691850E-05	-1.01187980E-04	-1.27004247E-04	-9.03693055E-05	 3.23415083E-04	 2.40914044E-03	-6.59800590E-03	-1.96338918E-02	-6.50148893E-06	-1.51247906E-05	-3.60997198E-05	-8.71589177E-05	-1.98445887E-04	-4.22940801E-04	-8.36078005E-04	 3.52041087E-05	-1.80476645E-03	 1.06437069E-02
 8.610000E-01	-3.23219102E-05	-4.20041565E-05	-5.98126577E-05	-9.88951565E-05	-1.17542874E-04	-5.84032505E-05	 5.09683291E-04	 3.62733578E-03	-6.96056566E-03	-1.46508990E-02	-6.50628229E-06	-1.40264844E-05	-3.45049842E-05	-8.65579465E-05	-2.04929264E-04	-4.61793270E-04	-1.02806968E-03	-1.05523859E-03	-1.94554996E-03	 1.10979387E-02
 8.620000E-01	-3.01263495E-05	-4.04607391E-05	-5.97198719E-05	-9.92852172E-05	-1.19007646E-04	-6.12674346E-05	 5.42909406E-04	 4.13733709E-03	-5.49326426E-03	-1.12346424E-02	-7.40398707E-06	-1.35811253E-05	-3.25496917E-05	-8.26443204E-05	-1.99063301E-04	-4.63899361E-04	-1.08758698E-03	-1.63229778E-03	-3.35554329E-03	 1.20605326E-02
 8.630000E-01	-2.76994800E-05	-3.84531452E-05	-5.90378027E-05	-9.98221848E-05	-1.23367564E-04	-7.72881353E-05	 5.00768837E-04	 4.21036033E-03	-3.34750582E-03	-9.16385249E-03	-8.66238282E-06	-1.35785766E-05	-3.06401260E-05	-7.73328094E-05	-1.87020864E-04	-4.44857649E-04	-1.06498915E-03	-1.84731023E-03	-5.17982194E-03	 1.34290139E-02
 8.640000E-01	-2.53788714E-05	-3.62966870E-05	-5.77791147E-05	-9.95274513E-05	-1.26874200E-04	-9.48466494E-05	 4.32510180E-04	 4.06137041E-03	-1.23101149E-03	-8.06002524E-03	-9.89294679E-06	-1.37781762E-05	-2.88892049E-05	-7.16127056E-05	-1.72432194E-04	-4.14812627E-04	-9.96814970E-04	-1.83374807E-03	-6.83193111E-03	 1.49342085E-02
 8.650000E-01	-2.33232995E-05	-3.42131095E-05	-5.61281043E-05	-9.82795800E-05	-1.28413753E-04	-1.09176690E-04	 3.63854758E-04	 3.82881042E-03	 5.15821338E-04	-7.55959225E-03	-1.08473156E-05	-1.39704628E-05	-2.72563932E-05	-6.59105632E-05	-1.57222658E-04	-3.79859859E-04	-9.07004133E-04	-1.68984643E-03	-7.98365412E-03	 1.62875265E-02
 8.660000E-01	-2.15590444E-05	-3.23238059E-05	-5.42977316E-05	-9.63132212E-05	-1.28152461E-04	-1.19322665E-04	 3.05076159E-04	 3.58689861E-03	 1.79544238E-03	-7.38345497E-03	-1.13969510E-05	-1.39960891E-05	-2.56544893E-05	-6.03726058E-05	-1.42310356E-04	-3.43506926E-04	-8.10288521E-04	-1.48008817E-03	-8.50995479E-03	 1.72597608E-02
 8.670000E-01	-2.00454056E-05	-3.06582138E-05	-5.24337462E-05	-9.39179387E-05	-1.26665580E-04	-1.25974296E-04	 2.58064741E-04	 3.36678669E-03	 2.64067722E-03	-7.34569906E-03	-1.15093095E-05	-1.37623342E-05	-2.40115054E-05	-5.50644602E-05	-1.28153066E-04	-3.07790938E-04	-7.15272555E-04	-1.24380135E-03	-8.42322015E-03	 1.77102872E-02
 8.680000E-01	-1.87243472E-05	-2.92015765E-05	-5.06155841E-05	-9.13303789E-05	-1.24473557E-04	-1.30187606E-04	 2.21165409E-04	 3.17599211E-03	 3.13668844E-03	-7.33698356E-03	-1.12056731E-05	-1.32410455E-05	-2.22946580E-05	-5.00468004E-05	-1.15041909E-04	-2.74014190E-04	-6.26889612E-04	-1.00459926E-03	-7.81835694E-03	 1.75897715E-02
 8.690000E-01	-1.75470378E-05	-2.79011840E-05	-4.88903356E-05	-8.86938787E-05	-1.21978814E-04	-1.32894705E-04	 1.91909423E-04	 3.01211759E-03	 3.37727099E-03	-7.30215667E-03	-1.05584139E-05	-1.24322014E-05	-2.05076730E-05	-4.53569197E-05	-1.03132983E-04	-2.42968276E-04	-5.47676414E-04	-7.77018206E-04	-6.83292154E-03	 1.69282144E-02
 8.700000E-01	-1.64788952E-05	-2.66990079E-05	-4.72728093E-05	-8.60946087E-05	-1.19426665E-04	-1.34754592E-04	 1.68022212E-04	 2.87007588E-03	 3.44470583E-03	-7.21990668E-03	-9.65604971E-06	-1.13851721E-05	-1.86692304E-05	-4.10095370E-05	-9.24770759E-05	-2.15080960E-04	-4.78647623E-04	-5.69544071E-04	-5.61579868E-03	 1.58123322E-02
 8.710000E-01	-1.54865096E-05	-2.55636964E-05	-4.57478886E-05	-8.36018383E-05	-1.16966500E-04	-1.36200410E-04	 1.47790135E-04	 2.74480774E-03	 3.40276989E-03	-7.08744747E-03	-8.59571582E-06	-1.01820342E-05	-1.68096421E-05	-3.70411605E-05	-8.30612921E-05	-1.90503866E-04	-4.19807219E-04	-3.86230000E-04	-4.30338637E-03	 1.43596447E-02
 8.720000E-01	-1.45639197E-05	-2.44697734E-05	-4.42978952E-05	-8.12377717E-05	-1.14638084E-04	-1.37437735E-04	 1.30022843E-04	 2.63208051E-03	 3.29771309E-03	-6.91128129E-03	-7.46670849E-06	-8.90305703E-06	-1.49723756E-05	-3.34553811E-05	-7.48307687E-05	-1.69148643E-04	-3.70316994E-04	-2.28237126E-04	-3.00723054E-03	 1.26973317E-02
 8.730000E-01	-1.37090444E-05	-2.34063175E-05	-4.29156654E-05	-7.90278039E-05	-1.12480577E-04	-1.38582418E-04	 1.13999881E-04	 2.52924579E-03	 3.16144555E-03	-6.70235676E-03	-6.34699599E-06	-7.63315165E-06	-1.32189789E-05	-3.02677517E-05	-6.77198937E-05	-1.50822399E-04	-3.28926311E-04	-9.47096161E-05	-1.80823147E-03	 1.09467318E-02
 8.740000E-01	-1.29258593E-05	-2.23790950E-05	-4.15955033E-05	-7.69819681E-05	-1.10516673E-04	-1.39682268E-04	 9.93217569E-05	 2.43483153E-03	 3.01412062E-03	-6.47152390E-03	-5.29452948E-06	-6.43281706E-06	-1.15913904E-05	-2.74830253E-05	-6.16677493E-05	-1.35403686E-04	-2.94728931E-04	 1.61343515E-05	-7.54107636E-04	 9.20902855E-03
 8.750000E-01	-1.22094387E-05	-2.13847758E-05	-4.03276976E-05	-7.50893064E-05	-1.08736202E-04	-1.40743131E-04	 8.58293250E-05	 2.34764880E-03	 2.86645252E-03	-6.22671926E-03	-4.33797151E-06	-5.34825412E-06	-1.01349047E-05	-2.51089266E-05	-5.66453367E-05	-1.22780321E-04	-2.67187663E-04	 1.06186885E-04	 1.35775132E-04	 7.55891218E-03
 8.760000E-01	-1.15544940E-05	-2.04279603E-05	-3.90941862E-05	-7.33060888E-05	-1.07073498E-04	-1.41675859E-04	 7.34264930E-05	 2.26632320E-03	 2.72381666E-03	-5.97357905E-03	-3.49681721E-06	-4.40496813E-06	-8.87281222E-06	-2.31373754E-05	-5.25937732E-05	-1.12712157E-04	-2.45668658E-04	 1.77295195E-04	 8.59647882E-04	 6.04730230E-03
 8.770000E-01	-1.09513607E-05	-1.95083575E-05	-3.78862316E-05	-7.16017564E-05	-1.05484833E-04	-1.42423933E-04	 6.20972578E-05	 2.18991519E-03	 2.58908410E-03	-5.71712214E-03	-2.77658503E-06	-3.61822482E-06	-7.82841487E-06	-2.15600470E-05	-4.94565954E-05	-1.04933848E-04	-2.29506251E-04	 2.31242288E-04	 1.42673072E-03	 4.70561693E-03
 8.780000E-01	-1.03915485E-05	-1.86290293E-05	-3.66990389E-05	-6.99458441E-05	-1.03926626E-04	-1.42925163E-04	 5.18742673E-05	 2.11775223E-03	 2.46285198E-03	-5.46061483E-03	-2.17310708E-06	-2.97877155E-06	-6.99058658E-06	-2.03367558E-05	-4.71484593E-05	-9.93159218E-05	-2.18458088E-04	 2.69140391E-04	 1.85364845E-03	 3.54725057E-03
 8.790000E-01	-9.86472694E-06	-1.77830142E-05	-3.55188305E-05	-6.82957787E-05	-1.02345931E-04	-1.43112376E-04	 4.26926418E-05	 2.04850650E-03	 2.34467619E-03	-5.20531774E-03	-1.67316290E-06	-2.46409259E-06	-6.32546835E-06	-1.93824645E-05	-4.54641384E-05	-9.54783292E-05	-2.11705266E-04	 2.91842804E-04	 2.15672145E-03	 2.57233277E-03
 8.800000E-01	-9.36363231E-06	-1.69665122E-05	-3.43387200E-05	-6.66149551E-05	-1.00677806E-04	-1.42923031E-04	 3.42638736E-05	 1.98054091E-03	 2.23561410E-03	-4.95362776E-03	-1.27118037E-06	-2.05792493E-06	-5.79633978E-06	-1.85902157E-05	-4.41079326E-05	-9.26685142E-05	-2.07170457E-04	 3.01921113E-04	 2.34859693E-03	 1.77325761E-03
 8.810000E-01	-8.88842713E-06	-1.61866843E-05	-3.31757076E-05	-6.49264052E-05	-9.89513204E-05	-1.42422723E-04	 2.63405399E-05	 1.91351959E-03	 2.13763836E-03	-4.71032477E-03	-9.63064867E-07	-1.74914098E-06	-5.38398478E-06	-1.79090419E-05	-4.28914285E-05	-9.02039630E-05	-2.02854811E-04	 3.03842096E-04	 2.44543032E-03	 1.13475707E-03
 8.820000E-01	-8.43902468E-06	-1.54539543E-05	-3.20654913E-05	-6.32956592E-05	-9.72662033E-05	-1.41813911E-04	 1.87640626E-05	 1.84843107E-03	 2.05130094E-03	-4.47957974E-03	-7.31746088E-07	-1.51615239E-06	-5.05840079E-06	-1.72996847E-05	-4.17431624E-05	-8.78137798E-05	-1.98181317E-04	 3.01492591E-04	 2.47078890E-03	 6.33749865E-04
 8.830000E-01	-8.01166176E-06	-1.47656358E-05	-3.10139063E-05	-6.17435540E-05	-9.56671904E-05	-1.41209073E-04	 1.14288975E-05	 1.78553027E-03	 1.97416009E-03	-4.26171323E-03	-5.64352997E-07	-1.34234619E-06	-4.80160159E-06	-1.67510344E-05	-4.06339295E-05	-8.53806792E-05	-1.92973867E-04	 2.97860283E-04	 2.44883767E-03	 2.43687178E-04
 8.840000E-01	-7.60534102E-06	-1.41172331E-05	-3.00180034E-05	-6.02524141E-05	-9.40893224E-05	-1.40473493E-04	 4.78732450E-06	 1.72550312E-03	 1.90100762E-03	-4.05567659E-03	-4.54216403E-07	-1.22848691E-06	-4.63221514E-06	-1.63310605E-05	-3.97075713E-05	-8.31845056E-05	-1.87528536E-04	 2.95967904E-04	 2.40220177E-03	-6.10816421E-05
 8.850000E-01	-7.22802012E-06	-1.35180477E-05	-2.91005952E-05	-5.88726070E-05	-9.26180777E-05	-1.39719555E-04	-1.15886422E-06	 1.66975480E-03	 1.83253953E-03	-3.86387676E-03	-3.80854220E-07	-1.15088552E-06	-4.51917007E-06	-1.60077799E-05	-3.89325135E-05	-8.12804718E-05	-1.82168880E-04	 2.95287498E-04	 2.34523305E-03	-2.98563990E-04
 8.860000E-01	-6.87850901E-06	-1.29667604E-05	-2.82682971E-05	-5.76297491E-05	-9.13124898E-05	-1.39067175E-04	-6.44852759E-06	 1.61897046E-03	 1.76890293E-03	-3.68675738E-03	-3.23507996E-07	-1.08653918E-06	-4.43050001E-06	-1.57502670E-05	-3.83114028E-05	-7.98318097E-05	-1.77805211E-04	 2.94544514E-04	 2.28804482E-03	-4.82681753E-04
 8.870000E-01	-6.54815613E-06	-1.24490298E-05	-2.74960744E-05	-5.64844417E-05	-9.01201030E-05	-1.38474977E-04	-1.11009006E-05	 1.57218438E-03	 1.70826595E-03	-3.52155432E-03	-2.73191366E-07	-1.02490924E-06	-4.34796064E-06	-1.55341328E-05	-3.78284610E-05	-7.88568091E-05	-1.74978941E-04	 2.92614174E-04	 2.23474736E-03	-6.23317657E-04
 8.880000E-01	-6.22932233E-06	-1.19492309E-05	-2.67493511E-05	-5.53681645E-05	-8.89223655E-05	-1.37771172E-04	-1.50759197E-05	 1.52790986E-03	 1.64922077E-03	-3.36604422E-03	-2.31400509E-07	-9.69861647E-07	-4.27765465E-06	-1.53666983E-05	-3.74862003E-05	-7.82628023E-05	-1.73441350E-04	 2.89194345E-04	 2.18403853E-03	-7.26476264E-04
 8.890000E-01	-5.91980636E-06	-1.14626536E-05	-2.60181055E-05	-5.42622739E-05	-8.76925335E-05	-1.36923624E-04	-1.85271937E-05	 1.48557792E-03	 1.59380437E-03	-3.22155076E-03	-1.97373244E-07	-9.20565827E-07	-4.21389302E-06	-1.52251751E-05	-3.72267618E-05	-7.78920707E-05	-1.72736108E-04	 2.83399563E-04	 2.13208445E-03	-7.94859317E-04
 8.900000E-01	-5.61358820E-06	-1.09778530E-05	-2.52803290E-05	-5.31335449E-05	-8.63980295E-05	-1.35901145E-04	-2.16695360E-05	 1.44455373E-03	 1.54445576E-03	-3.08930517E-03	-1.73189266E-07	-8.81189370E-07	-4.16212024E-06	-1.51052163E-05	-3.70145795E-05	-7.76509601E-05	-1.72487138E-04	 2.74252785E-04	 2.07490329E-03	-8.30333208E-04
 8.910000E-01	-5.31285258E-06	-1.04948262E-05	-2.45256224E-05	-5.19364833E-05	-8.49098271E-05	-1.34402740E-04	-2.37806186E-05	 1.40532670E-03	 1.49941874E-03	-2.96846986E-03	-1.56678362E-07	-8.56279927E-07	-4.14761308E-06	-1.50871749E-05	-3.70543899E-05	-7.80064590E-05	-1.73523426E-04	 2.61742684E-04	 2.01274691E-03	-8.37201695E-04
 8.920000E-01	-5.03145896E-06	-1.00379684E-05	-2.38040340E-05	-5.07824609E-05	-8.34587549E-05	-1.32847926E-04	-2.58055956E-05	 1.36843445E-03	 1.46999514E-03	-2.86547373E-03	-1.18604427E-07	-7.93772472E-07	-4.06205360E-06	-1.49411742E-05	-3.69085148E-05	-7.81416150E-05	-1.74723241E-04	 2.41256678E-04	 1.93329005E-03	-8.10677861E-04
 8.930000E-01	-4.76446986E-06	-9.61032331E-06	-2.31401312E-05	-4.97566669E-05	-8.22731001E-05	-1.31792757E-04	-2.92218734E-05	 1.33224536E-03	 1.46209810E-03	-2.78010938E-03	-6.13855526E-08	-6.82408838E-07	-3.85363917E-06	-1.45093544E-05	-3.61833853E-05	-7.70981535E-05	-1.73976050E-04	 2.13922178E-04	 1.83007269E-03	-7.55487650E-04
 8.940000E-01	-4.49512037E-06	-9.18809476E-06	-2.24936327E-05	-4.87854511E-05	-8.12176272E-05	-1.31039351E-04	-3.35390011E-05	 1.29481230E-03	 1.45980687E-03	-2.69735021E-03	-2.05386659E-08	-5.77136913E-07	-3.62651971E-06	-1.39955517E-05	-3.52135366E-05	-7.53357212E-05	-1.71273169E-04	 1.89234646E-04	 1.72052705E-03	-6.96881082E-04
 8.950000E-01	-4.22398316E-06	-8.76511825E-06	-2.18401496E-05	-4.77871095E-05	-8.00701474E-05	-1.30071930E-04	-3.71915601E-05	 1.25652184E-03	 1.44427371E-03	-2.60363394E-03	-8.04163285E-09	-5.10143788E-07	-3.46800132E-06	-1.36227812E-05	-3.44861479E-05	-7.38903009E-05	-1.68253267E-04	 1.73892179E-04	 1.62734095E-03	-6.58571756E-04
 8.960000E-01	-3.96633069E-06	-8.36006580E-06	-2.12101655E-05	-4.68124374E-05	-7.89046519E-05	-1.28930556E-04	-3.99040781E-05	 1.21909454E-03	 1.41469317E-03	-2.50016516E-03	 1.88436805E-09	-4.48334422E-07	-3.32811452E-06	-1.33183578E-05	-3.39256699E-05	-7.28249917E-05	-1.65575272E-04	 1.65709819E-04	 1.55497546E-03	-6.43008909E-04
 8.970000E-01	-3.72081933E-06	-7.97218883E-06	-2.06112176E-05	-4.59048588E-05	-7.78675697E-05	-1.27976174E-04	-4.27428878E-05	 1.18236817E-03	 1.37947503E-03	-2.39337450E-03	 1.58667802E-08	-3.76226566E-07	-3.15835067E-06	-1.29435972E-05	-3.32146759E-05	-7.14893289E-05	-1.62186549E-04	 1.61220621E-04	 1.49580333E-03	-6.42184000E-04
 8.980000E-01	-3.47928187E-06	-7.58501885E-06	-2.00035918E-05	-4.49644898E-05	-7.67253978E-05	-1.26750264E-04	-4.45529361E-05	 1.14639273E-03	 1.33094655E-03	-2.27958453E-03	 1.48255303E-08	-3.33479954E-07	-3.05614584E-06	-1.27325935E-05	-3.28393955E-05	-7.08188047E-05	-1.59633418E-04	 1.63508191E-04	 1.45711291E-03	-6.59987050E-04
 8.990000E-01	-3.24891155E-06	-7.20495042E-06	-1.93919566E-05	-4.39922617E-05	-7.54690300E-05	-1.25213182E-04	-4.52667738E-05	 1.11230642E-03	 1.27473158E-03	-2.16572317E-03	 1.08329312E-08	-3.05554419E-07	-2.99775134E-06	-1.26445133E-05	-3.27586603E-05	-7.08058048E-05	-1.58392173E-04	 1.68144001E-04	 1.43290601E-03	-6.85254829E-04
 9.000000E-01	-3.03863455E-06	-6.84672862E-06	-1.88045563E-05	-4.30473999E-05	-7.42198860E-05	-1.23595588E-04	-4.54721328E-05	 1.08096008E-03	 1.22261280E-03	-2.06205113E-03	 2.37987256E-08	-2.59192849E-07	-2.91587236E-06	-1.25401693E-05	-3.27214387E-05	-7.10230887E-05	-1.58175599E-04	 1.69332595E-04	 1.40967734E-03	-7.01531882E-04
 9.010000E-01	-2.84504408E-06	-6.51076785E-06	-1.82540858E-05	-4.21893509E-05	-7.31698503E-05	-1.22378985E-04	-4.66934564E-05	 1.05134051E-03	 1.18673977E-03	-1.97571788E-03	 5.54073839E-08	-1.78824462E-07	-2.74943209E-06	-1.22336403E-05	-3.22810668E-05	-7.04827611E-05	-1.57123589E-04	 1.63406318E-04	 1.37261640E-03	-6.96438471E-04
 9.020000E-01	-2.65784526E-06	-6.18332039E-06	-1.77137390E-05	-4.13554905E-05	-7.21824236E-05	-1.21315782E-04	-4.83860680E-05	 1.02216248E-03	 1.15862515E-03	-1.89819003E-03	 8.23062090E-08	-1.01583614E-07	-2.57472485E-06	-1.18852050E-05	-3.17243097E-05	-6.96629780E-05	-1.55513658E-04	 1.55725110E-04	 1.32850888E-03	-6.80563353E-04
 9.030000E-01	-2.47624865E-06	-5.86153008E-06	-1.71742829E-05	-4.05174525E-05	-7.11844498E-05	-1.20240082E-04	-5.00739831E-05	 9.93243054E-04	 1.13143417E-03	-1.82351178E-03	 9.81783566E-08	-4.02682184E-08	-2.42200835E-06	-1.15645701E-05	-3.11921486E-05	-6.88380048E-05	-1.53691971E-04	 1.49047873E-04	 1.28468459E-03	-6.63019884E-04
 9.040000E-01	-2.30298195E-06	-5.54895871E-06	-1.66400646E-05	-3.96748624E-05	-7.01541811E-05	-1.19081431E-04	-5.14824480E-05	 9.64930490E-04	 1.10261211E-03	-1.74994123E-03	 1.06870884E-07	 7.59744319E-09	-2.29389820E-06	-1.12904397E-05	-3.07416627E-05	-6.81451834E-05	-1.51995431E-04	 1.43888649E-04	 1.24462138E-03	-6.47447630E-04
 9.050000E-01	-2.14018636E-06	-5.24926234E-06	-1.61186194E-05	-3.88448199E-05	-6.91283919E-05	-1.17914300E-04	-5.27594606E-05	 9.37520245E-04	 1.07390607E-03	-1.67901323E-03	 1.15183765E-07	 5.24038418E-08	-2.17114134E-06	-1.10251491E-05	-3.03056574E-05	-6.74660428E-05	-1.50364280E-04	 1.39116834E-04	 1.20702712E-03	-6.32310574E-04
 9.060000E-01	-1.98735929E-06	-4.96306599E-06	-1.56124027E-05	-3.80328383E-05	-6.81207130E-05	-1.16769778E-04	-5.39985429E-05	 9.10998533E-04	 1.04633953E-03	-1.61139287E-03	 1.24803060E-07	 9.70441822E-08	-2.04792873E-06	-1.07551736E-05	-2.98555542E-05	-6.67558319E-05	-1.48752180E-04	 1.34246317E-04	 1.17068692E-03	-6.16502602E-04
 9.070000E-01	-1.84349720E-06	-4.68917404E-06	-1.51197416E-05	-3.72365017E-05	-6.71322256E-05	-1.15653354E-04	-5.52407193E-05	 8.85246328E-04	 1.02006412E-03	-1.54694101E-03	 1.35426924E-07	 1.41488216E-07	-1.92453735E-06	-1.04791654E-05	-2.93825116E-05	-6.60015886E-05	-1.47098236E-04	 1.29260504E-04	 1.13511444E-03	-5.99920677E-04
 9.080000E-01	-1.70774695E-06	-4.42669579E-06	-1.46394427E-05	-3.64513762E-05	-6.61520760E-05	-1.14543162E-04	-5.64536429E-05	 8.60158656E-04	 9.94573176E-04	-1.48507182E-03	 1.45913765E-07	 1.83845546E-07	-1.80526749E-06	-1.02059708E-05	-2.89015676E-05	-6.52323506E-05	-1.45414231E-04	 1.24410232E-04	 1.10060604E-03	-5.83222903E-04
 9.090000E-01	-1.57985138E-06	-4.17521867E-06	-1.41713305E-05	-3.56769596E-05	-6.51768254E-05	-1.13433949E-04	-5.76163676E-05	 8.35723094E-04	 9.69613692E-04	-1.42550858E-03	 1.56595938E-07	 2.24505627E-07	-1.69058845E-06	-9.93942071E-06	-2.84217878E-05	-6.44539661E-05	-1.43716105E-04	 1.19793233E-04	 1.06735779E-03	-5.66811399E-04
 9.100000E-01	-1.45940077E-06	-3.93469617E-06	-1.37160705E-05	-3.49143522E-05	-6.42050455E-05	-1.12327120E-04	-5.87315181E-05	 8.11932808E-04	 9.45184893E-04	-1.36819703E-03	 1.67933034E-07	 2.64150457E-07	-1.57937982E-06	-9.67930980E-06	-2.79459744E-05	-6.36617871E-05	-1.42017400E-04	 1.15380247E-04	 1.03534673E-03	-5.50750724E-04
 9.110000E-01	-1.34585189E-06	-3.70474952E-06	-1.32738008E-05	-3.41653132E-05	-6.32405517E-05	-1.11229077E-04	-5.98076399E-05	 7.88789506E-04	 9.21372993E-04	-1.31314880E-03	 1.80490733E-07	 3.03849419E-07	-1.46989566E-06	-9.42316021E-06	-2.74704547E-05	-6.28481824E-05	-1.40313473E-04	 1.11112670E-04	 1.00442754E-03	-5.34974332E-04
 9.120000E-01	-1.23850850E-06	-3.48463480E-06	-1.28436976E-05	-3.34287458E-05	-6.22835383E-05	-1.10139068E-04	-6.08554702E-05	 7.66261695E-04	 8.98194550E-04	-1.26029741E-03	 1.94166534E-07	 3.43758774E-07	-1.36166445E-06	-9.16925069E-06	-2.69915625E-05	-6.20172593E-05	-1.38595751E-04	 1.06968853E-04	 9.74502827E-04	-5.19467048E-04
 9.130000E-01	-1.13689063E-06	-3.27367822E-06	-1.24253945E-05	-3.27048932E-05	-6.13365422E-05	-1.09056343E-04	-6.18720152E-05	 7.44338026E-04	 8.75614853E-04	-1.20955049E-03	 2.08863928E-07	 3.84019423E-07	-1.25443223E-06	-8.91649202E-06	-2.65061744E-05	-6.11727698E-05	-1.36858327E-04	 1.02954686E-04	 9.45530721E-04	-5.04278193E-04
 9.140000E-01	-1.04053305E-06	-3.07104778E-06	-1.20178343E-05	-3.19921310E-05	-6.03970502E-05	-1.07979143E-04	-6.28593126E-05	 7.22989255E-04	 8.53584366E-04	-1.16079991E-03	 2.24560188E-07	 4.24713700E-07	-1.14794893E-06	-8.66517909E-06	-2.60163673E-05	-6.03172218E-05	-1.35104053E-04	 9.90847739E-05	 9.17501143E-04	-4.89468178E-04
 9.150000E-01	-9.48986046E-07	-2.87641635E-06	-1.16213022E-05	-3.12921437E-05	-5.94664032E-05	-1.06909316E-04	-6.38102388E-05	 7.02214239E-04	 8.32082793E-04	-1.11398299E-03	 2.41418015E-07	 4.66177590E-07	-1.04140180E-06	-8.41503851E-06	-2.55241406E-05	-5.94465183E-05	-1.33339884E-04	 9.53617075E-05	 8.90392457E-04	-4.75071444E-04
 9.160000E-01	-8.61542826E-07	-2.68884919E-06	-1.12343776E-05	-3.06033829E-05	-5.85424978E-05	-1.05847943E-04	-6.47295161E-05	 6.81988875E-04	 8.11093069E-04	-1.06902653E-03	 2.59500053E-07	 5.08728716E-07	-9.34075887E-07	-8.16577769E-06	-2.50316866E-05	-5.85601753E-05	-1.31569692E-04	 9.17857259E-05	 8.64177320E-04	-4.61101243E-04
 9.170000E-01	-7.77707155E-07	-2.50795881E-06	-1.08571022E-05	-2.99269310E-05	-5.76281683E-05	-1.04794829E-04	-6.56113149E-05	 6.62314450E-04	 7.90611958E-04	-1.02588763E-03	 2.78532488E-07	 5.52338580E-07	-8.25634877E-07	-7.91588335E-06	-2.45362603E-05	-5.76600557E-05	-1.29792954E-04	 8.83489187E-05	 8.38819570E-04	-4.47554396E-04
 9.180000E-01	-6.96980260E-07	-2.33254793E-06	-1.04874444E-05	-2.92598255E-05	-5.67220344E-05	-1.03748603E-04	-6.64617095E-05	 6.43166320E-04	 7.70618861E-04	-9.84491786E-04	 2.98202004E-07	 5.96850885E-07	-7.16140486E-07	-7.66457491E-06	-2.40357215E-05	-5.67512938E-05	-1.28005194E-04	 8.50517691E-05	 8.14290159E-04	-4.34432551E-04
 9.190000E-01	-6.19249536E-07	-2.16247851E-06	-1.01257800E-05	-2.86032260E-05	-5.58261610E-05	-1.02707654E-04	-6.72724986E-05	 6.24547546E-04	 7.51107018E-04	-9.44797648E-04	 3.18269076E-07	 6.41986075E-07	-6.05620995E-07	-7.41114774E-06	-2.35285443E-05	-5.58360402E-05	-1.26207875E-04	 8.18904471E-05	 7.90564269E-04	-4.21732434E-04
 9.200000E-01	-5.43981005E-07	-1.99666110E-06	-9.77021770E-06	-2.79547763E-05	-5.49378590E-05	-1.01673229E-04	-6.80490452E-05	 6.06433188E-04	 7.32053945E-04	-9.06729093E-04	 3.38748720E-07	 6.87794686E-07	-4.93757559E-07	-7.15584345E-06	-2.30169633E-05	-5.49130876E-05	-1.24403239E-04	 7.88695105E-05	 7.67622645E-04	-4.09458737E-04
 9.210000E-01	-4.70920743E-07	-1.83520131E-06	-9.42146589E-06	-2.73163256E-05	-5.40582795E-05	-1.00645047E-04	-6.87813035E-05	 5.88828889E-04	 7.13456347E-04	-8.70251811E-04	 3.59529142E-07	 7.34229543E-07	-3.80285411E-07	-6.89866952E-06	-2.25031384E-05	-5.39819744E-05	-1.22599110E-04	 7.59864460E-05	 7.45451449E-04	-3.97605730E-04
 9.220000E-01	-3.99395666E-07	-1.67685110E-06	-9.07733886E-06	-2.66849835E-05	-5.31852419E-05	-9.96242079E-05	-6.94763393E-05	 5.71710168E-04	 6.95297060E-04	-8.35294658E-04	 3.80283356E-07	 7.81172072E-07	-2.65160011E-07	-6.63933687E-06	-2.19869185E-05	-5.30425230E-05	-1.20794208E-04	 7.32409666E-05	 7.24026001E-04	-3.86164159E-04
 9.230000E-01	-3.29553221E-07	-1.52186355E-06	-8.73855783E-06	-2.60617518E-05	-5.23201492E-05	-9.86064791E-05	-7.01232736E-05	 5.55084755E-04	 6.77574644E-04	-8.01830142E-04	 4.00573730E-07	 8.28099537E-07	-1.49059244E-07	-6.37795895E-06	-2.14675400E-05	-5.21005497E-05	-1.18990908E-04	 7.06293788E-05	 7.03331671E-04	-3.75117856E-04
 9.240000E-01	-2.61003392E-07	-1.36907586E-06	-8.40297537E-06	-2.54435237E-05	-5.14611645E-05	-9.75918443E-05	-7.07302609E-05	 5.38928147E-04	 6.60274483E-04	-7.69788679E-04	 4.20069341E-07	 8.74573224E-07	-3.24128188E-08	-6.11427016E-06	-2.09430287E-05	-5.11567763E-05	-1.17184603E-04	 6.81488940E-05	 6.83338576E-04	-3.64449429E-04
 9.250000E-01	-1.94033987E-07	-1.21910362E-06	-8.07173691E-06	-2.48319394E-05	-5.06087244E-05	-9.65766288E-05	-7.12851291E-05	 5.23248812E-04	 6.43396864E-04	-7.39145601E-04	 4.38710463E-07	 9.20258929E-07	 8.42122151E-08	-5.84953068E-06	-2.04164423E-05	-5.02152995E-05	-1.15381640E-04	 6.57986232E-05	 6.64039554E-04	-3.54144935E-04
 9.260000E-01	-1.27933601E-07	-1.07078707E-06	-7.74287844E-06	-2.42247109E-05	-4.97607907E-05	-9.55643274E-05	-7.17971325E-05	 5.08022313E-04	 6.26929578E-04	-7.09829377E-04	 4.56279278E-07	 9.65065472E-07	 2.00998457E-07	-5.58361889E-06	-1.98883945E-05	-4.92720417E-05	-1.13582363E-04	 6.35745095E-05	 6.45408994E-04	-3.44188314E-04
 9.270000E-01	-6.30529261E-08	-9.24874328E-07	-7.41772479E-06	-2.36234555E-05	-4.89173420E-05	-9.45510662E-05	-7.22531992E-05	 4.93259117E-04	 6.10873888E-04	-6.81818207E-04	 4.72553344E-07	 1.00870484E-06	 3.17254645E-07	-5.31837674E-06	-1.93632078E-05	-4.83319961E-05	-1.11794837E-04	 6.14758154E-05	 6.27445479E-04	-3.34564846E-04
 9.280000E-01	 1.08677398E-09	-7.80229905E-07	-7.09436525E-06	-2.30255518E-05	-4.80770854E-05	-9.35387246E-05	-7.26634119E-05	 4.78934408E-04	 5.95218354E-04	-6.55039966E-04	 4.87020058E-07	 1.05071806E-06	 4.32661907E-07	-5.05326106E-06	-1.88383192E-05	-4.73932792E-05	-1.10015971E-04	 5.94944064E-05	 6.10115117E-04	-3.25249501E-04
 9.290000E-01	 6.36465356E-08	-6.37982996E-07	-6.77438258E-06	-2.24323248E-05	-4.72398899E-05	-9.25201410E-05	-7.30134463E-05	 4.65058756E-04	 5.79963505E-04	-6.29475848E-04	 4.99582956E-07	 1.09048454E-06	 5.45730705E-07	-4.79086471E-06	-1.83175414E-05	-4.64649565E-05	-1.08250742E-04	 5.76316057E-05	 5.93415453E-04	-3.16226049E-04
 9.300000E-01	 1.25178954E-07	-4.97157010E-07	-6.45613313E-06	-2.18418262E-05	-4.64051808E-05	-9.14985191E-05	-7.33146540E-05	 4.51606654E-04	 5.65099061E-04	-6.05051344E-04	 5.10026279E-07	 1.12771469E-06	 6.56425654E-07	-4.53024982E-06	-1.77982203E-05	-4.55439006E-05	-1.06497348E-04	 5.58755483E-05	 5.77310818E-04	-3.07468637E-04
 9.310000E-01	 1.84992097E-07	-3.59006329E-07	-6.14135949E-06	-2.12557085E-05	-4.55723130E-05	-9.04680932E-05	-7.35532817E-05	 4.38587052E-04	 5.50623939E-04	-5.81745127E-04	 5.18423069E-07	 1.16214806E-06	 7.63561812E-07	-4.27444773E-06	-1.72865837E-05	-4.46374910E-05	-1.04762462E-04	 5.42269673E-05	 5.61803805E-04	-2.98965671E-04
 9.320000E-01	 2.43780026E-07	-2.22425121E-07	-5.82853352E-06	-2.06724644E-05	-4.47412905E-05	-8.94343886E-05	-7.37429597E-05	 4.25973392E-04	 5.36530512E-04	-5.59481115E-04	 5.24376962E-07	 1.19372017E-06	 8.67568068E-07	-4.02201440E-06	-1.67797297E-05	-4.37403383E-05	-1.03044900E-04	 5.26696503E-05	 5.46854452E-04	-2.90688214E-04
 9.330000E-01	 3.00459538E-07	-8.87989077E-08	-5.51951474E-06	-2.00935518E-05	-4.39109459E-05	-8.83906130E-05	-7.38694082E-05	 4.13774207E-04	 5.22817241E-04	-5.38241468E-04	 5.27866402E-07	 1.22193755E-06	 9.66793855E-07	-3.77691600E-06	-1.62846386E-05	-4.28607419E-05	-1.01350088E-04	 5.12096290E-05	 5.32463514E-04	-2.82626440E-04
 9.340000E-01	 3.55507549E-07	 4.27609080E-08	-5.21312450E-06	-1.95180778E-05	-4.30820640E-05	-8.73424429E-05	-7.39451570E-05	 4.01964574E-04	 5.09476699E-04	-5.17953605E-04	 5.28733924E-07	 1.24669613E-06	 1.06169827E-06	-3.53763537E-06	-1.57981039E-05	-4.19942348E-05	-9.96791234E-05	 4.98330833E-05	 5.18588194E-04	-2.74751703E-04
 9.350000E-01	 4.07821917E-07	 1.70625836E-07	-4.91132631E-06	-1.89474659E-05	-4.22531644E-05	-8.62823496E-05	-7.39557224E-05	 3.90550851E-04	 4.96504959E-04	-4.98600878E-04	 5.27255366E-07	 1.26755681E-06	 1.15047330E-06	-3.30842809E-06	-1.53276433E-05	-4.11497209E-05	-9.80369766E-05	 4.85482120E-05	 5.05231222E-04	-2.67059734E-04
 9.360000E-01	 4.58109879E-07	 2.95598806E-07	-4.61320069E-06	-1.83812704E-05	-4.14260367E-05	-8.52169274E-05	-7.39154245E-05	 3.79507974E-04	 4.83898087E-04	-4.80112463E-04	 5.23383374E-07	 1.28478201E-06	 1.23406734E-06	-3.08680125E-06	-1.48687755E-05	-4.03229418E-05	-9.64245144E-05	 4.73340139E-05	 4.92351447E-04	-2.59522813E-04
 9.370000E-01	 5.05298936E-07	 4.16107465E-07	-4.32060144E-06	-1.78204550E-05	-4.05987906E-05	-8.41386256E-05	-7.38126159E-05	 3.68838685E-04	 4.71652816E-04	-4.62470559E-04	 5.17275028E-07	 1.29796588E-06	 1.31065474E-06	-2.87687903E-06	-1.44281301E-05	-3.95217890E-05	-9.48432428E-05	 4.61951355E-05	 4.79951582E-04	-2.52139991E-04
 9.380000E-01	 5.50125791E-07	 5.32961441E-07	-4.03289379E-06	-1.72652379E-05	-3.97743468E-05	-8.30553097E-05	-7.36617543E-05	 3.58520690E-04	 4.59767007E-04	-4.45608062E-04	 5.08930040E-07	 1.30758897E-06	 1.38160054E-06	-2.67567720E-06	-1.40007994E-05	-3.87419402E-05	-9.32954859E-05	 4.51084036E-05	 4.67989657E-04	-2.44883692E-04
 9.390000E-01	 5.91612120E-07	 6.44869389E-07	-3.75158456E-06	-1.67163311E-05	-3.89508569E-05	-8.19605540E-05	-7.34528657E-05	 3.48554411E-04	 4.48231495E-04	-4.29503528E-04	 4.98429132E-07	 1.31319884E-06	 1.44511697E-06	-2.48718260E-06	-1.35931507E-05	-3.79894979E-05	-9.17821682E-05	 4.40817410E-05	 4.56466075E-04	-2.37758009E-04
 9.400000E-01	 6.30409621E-07	 7.52610739E-07	-3.47629541E-06	-1.61746969E-05	-3.81322250E-05	-8.08629586E-05	-7.31986192E-05	 3.38921960E-04	 4.37041515E-04	-4.14094675E-04	 4.85872596E-07	 1.31544453E-06	 1.50288526E-06	-2.30823540E-06	-1.32008044E-05	-3.72611717E-05	-9.03081008E-05	 4.30946283E-05	 4.45342844E-04	-2.30739959E-04
 9.410000E-01	 6.65460208E-07	 8.55005250E-07	-3.20813743E-06	-1.56404601E-05	-3.73159936E-05	-7.97561582E-05	-7.28919293E-05	 3.29618608E-04	 4.26185764E-04	-3.99358094E-04	 4.71366923E-07	 1.31372467E-06	 1.55304062E-06	-2.14266621E-06	-1.28292072E-05	-3.65617518E-05	-8.88713386E-05	 4.21556566E-05	 4.34616484E-04	-2.23835842E-04
 9.420000E-01	 6.97286927E-07	 9.52414106E-07	-2.94727415E-06	-1.51153054E-05	-3.65068549E-05	-7.86474550E-05	-7.25431101E-05	 3.20630209E-04	 4.15662690E-04	-3.85243083E-04	 4.55340553E-07	 1.30887915E-06	 1.59731193E-06	-1.98740592E-06	-1.24744693E-05	-3.58909121E-05	-8.74769528E-05	 4.12445529E-05	 4.24252087E-04	-2.17023343E-04
 9.430000E-01	 7.25203640E-07	 1.04397483E-06	-2.69425014E-06	-1.45986188E-05	-3.57022874E-05	-7.75316883E-05	-7.21494769E-05	 3.11945441E-04	 4.05459848E-04	-3.71721970E-04	 4.37856269E-07	 1.30037765E-06	 1.63404043E-06	-1.84530691E-06	-1.21399685E-05	-3.52509189E-05	-8.61207395E-05	 4.03671185E-05	 4.14240395E-04	-2.10309281E-04
 9.440000E-01	 7.49759027E-07	 1.12988459E-06	-2.44977375E-06	-1.40928331E-05	-3.49070260E-05	-7.64161873E-05	-7.17165831E-05	 3.03555558E-04	 3.95574095E-04	-3.58753945E-04	 4.19408501E-07	 1.28938161E-06	 1.66529435E-06	-1.71360427E-06	-1.18235919E-05	-3.46415060E-05	-8.48109870E-05	 3.95067243E-05	 4.04555142E-04	-2.03678978E-04
 9.450000E-01	 7.70530226E-07	 1.20990315E-06	-2.21359932E-06	-1.35964141E-05	-3.41174102E-05	-7.52987213E-05	-7.12465701E-05	 2.95441307E-04	 3.85990059E-04	-3.46302939E-04	 3.99835292E-07	 1.27536540E-06	 1.68995999E-06	-1.59426566E-06	-1.15271720E-05	-3.40591215E-05	-8.35425779E-05	 3.86677740E-05	 3.95180570E-04	-1.97141124E-04
 9.460000E-01	 7.87692505E-07	 1.28374729E-06	-1.98717469E-06	-1.31126288E-05	-3.33382454E-05	-7.41838877E-05	-7.07393227E-05	 2.87601170E-04	 3.76704085E-04	-3.34343603E-04	 3.79850885E-07	 1.25951039E-06	 1.70980999E-06	-1.48565301E-06	-1.12508055E-05	-3.35071961E-05	-8.23235930E-05	 3.78400815E-05	 3.86100673E-04	-1.90687649E-04
 9.470000E-01	 8.01243329E-07	 1.35178848E-06	-1.76921450E-06	-1.26390063E-05	-3.25672618E-05	-7.30715650E-05	-7.02062726E-05	 2.80009097E-04	 3.67705127E-04	-3.22834473E-04	 3.59216660E-07	 1.24123311E-06	 1.72397969E-06	-1.38777519E-06	-1.09917875E-05	-3.29811522E-05	-8.11444147E-05	 3.70204781E-05	 3.77288755E-04	-1.84319680E-04
 9.480000E-01	 8.11129267E-07	 1.41318906E-06	-1.56195622E-06	-1.21796881E-05	-3.18101761E-05	-7.19629307E-05	-6.96404975E-05	 2.72673949E-04	 3.58987453E-04	-3.11766524E-04	 3.38799885E-07	 1.22177047E-06	 1.73375968E-06	-1.29985770E-06	-1.07517560E-05	-3.24896345E-05	-8.00138165E-05	 3.62042234E-05	 3.68743147E-04	-1.78038004E-04
 9.490000E-01	 8.17959585E-07	 1.46927710E-06	-1.36288978E-06	-1.17310437E-05	-3.10644619E-05	-7.08627399E-05	-6.90609772E-05	 2.65559581E-04	 3.50535431E-04	-3.01080792E-04	 3.18078553E-07	 1.20071807E-06	 1.73937419E-06	-1.21961821E-06	-1.05242677E-05	-3.20211881E-05	-7.89236674E-05	 3.53801105E-05	 3.60425901E-04	-1.71840240E-04
 9.500000E-01	 8.21064141E-07	 1.51846371E-06	-1.17533322E-06	-1.12978489E-05	-3.03330845E-05	-6.97674724E-05	-6.84490373E-05	 2.58681000E-04	 3.42335326E-04	-2.90785032E-04	 2.98020829E-07	 1.17918736E-06	 1.74153145E-06	-1.14894928E-06	-1.03162278E-05	-3.15849014E-05	-7.78831377E-05	 3.45562891E-05	 3.52347906E-04	-1.65740126E-04
 9.510000E-01	 8.21655021E-07	 1.56304938E-06	-9.95438068E-07	-1.08753451E-05	-2.96136263E-05	-6.86865574E-05	-6.78343557E-05	 2.51989709E-04	 3.34377682E-04	-2.80810469E-04	 2.78008772E-07	 1.15688914E-06	 1.74142361E-06	-1.08338203E-06	-1.01175502E-05	-3.11638504E-05	-7.68811087E-05	 3.37137869E-05	 3.44453184E-04	-1.59722665E-04
 9.520000E-01	 8.18442634E-07	 1.60046559E-06	-8.27598698E-07	-1.04690301E-05	-2.89087600E-05	-6.76096431E-05	-6.71890709E-05	 2.45512995E-04	 3.26652549E-04	-2.71194990E-04	 2.59181019E-07	 1.13457308E-06	 1.73823900E-06	-1.02739297E-06	-9.93881484E-06	-3.07742738E-05	-7.59222367E-05	 3.28739646E-05	 3.36770431E-04	-1.53812474E-04
 9.530000E-01	 8.13647807E-07	 1.63430902E-06	-6.66363268E-07	-1.00733341E-05	-2.82195176E-05	-6.65535206E-05	-6.65563941E-05	 2.39197129E-04	 3.19157655E-04	-2.61853346E-04	 2.40725897E-07	 1.11234198E-06	 1.73457078E-06	-9.72379722E-07	-9.76282201E-06	-3.03968668E-05	-7.49979138E-05	 3.20020566E-05	 3.29233516E-04	-1.47982817E-04
 9.540000E-01	 8.05100226E-07	 1.66091557E-06	-5.17398661E-07	-9.69418034E-06	-2.75460374E-05	-6.55004925E-05	-6.58930769E-05	 2.33081660E-04	 3.11864853E-04	-2.52836288E-04	 2.23712407E-07	 1.09049991E-06	 1.72822521E-06	-9.25845797E-07	-9.60457363E-06	-3.00509843E-05	-7.41146882E-05	 3.11331888E-05	 3.21895901E-04	-1.42281662E-04
 9.550000E-01	 7.95906307E-07	 1.68516358E-06	-3.73875486E-07	-9.32517762E-06	-2.68897081E-05	-6.44745914E-05	-6.52523819E-05	 2.27098112E-04	 3.04768819E-04	-2.44032854E-04	 2.07249527E-07	 1.06968840E-06	 1.72382920E-06	-8.75853332E-07	-9.44234891E-06	-2.97089251E-05	-7.32669496E-05	 3.02172572E-05	 3.14667819E-04	-1.36664649E-04
 9.560000E-01	 7.82712600E-07	 1.70194262E-06	-2.42820405E-07	-8.97213431E-06	-2.62456230E-05	-6.34472038E-05	-6.45761161E-05	 2.21290146E-04	 2.97834145E-04	-2.35523012E-04	 1.92442814E-07	 1.04935345E-06	 1.71688778E-06	-8.34901349E-07	-9.29852054E-06	-2.93924291E-05	-7.24523865E-05	 2.93113052E-05	 3.07614835E-04	-1.31194029E-04
 9.570000E-01	 7.69939848E-07	 1.71760327E-06	-1.15899339E-07	-8.62851654E-06	-2.56194300E-05	-6.24511302E-05	-6.39332231E-05	 2.15581279E-04	 2.91074478E-04	-2.27187483E-04	 1.78487143E-07	 1.03090360E-06	 1.71399653E-06	-7.86766291E-07	-9.14542159E-06	-2.90720836E-05	-7.16660988E-05	 2.83497905E-05	 3.00629191E-04	-1.25800138E-04
 9.580000E-01	 7.53092639E-07	 1.72574312E-06	-1.09276982E-09	-8.29965085E-06	-2.50035186E-05	-6.14478988E-05	-6.32529785E-05	 2.10027487E-04	 2.84449166E-04	-2.19135341E-04	 1.66172623E-07	 1.01266571E-06	 1.70788119E-06	-7.47790994E-07	-9.00926075E-06	-2.87748134E-05	-7.08993507E-05	 2.74077635E-05	 2.93800415E-04	-1.20564147E-04
 9.590000E-01	 7.37925829E-07	 1.73427751E-06	 1.11182964E-07	-7.97934557E-06	-2.44078283E-05	-6.04801225E-05	-6.26173127E-05	 2.04546170E-04	 2.77982738E-04	-2.11228964E-04	 1.54783071E-07	 9.97104613E-07	 1.70769790E-06	-6.97299985E-07	-8.85687053E-06	-2.84687469E-05	-7.01536104E-05	 2.64017440E-05	 2.87005079E-04	-1.15394063E-04
 9.600000E-01	 7.18342235E-07	 1.73525323E-06	 2.11878615E-07	-7.67191320E-06	-2.38182635E-05	-5.94991464E-05	-6.19417819E-05	 1.99202380E-04	 2.71628247E-04	-2.03603518E-04	 1.44800674E-07	 9.81167434E-07	 1.70326328E-06	-6.57254273E-07	-8.72172037E-06	-2.81813113E-05	-6.94142126E-05	 2.54283738E-05	 2.80354560E-04	-1.10396272E-04
 9.610000E-01	 7.01556767E-07	 1.73789305E-06	 3.11045406E-07	-7.37301164E-06	-2.32498956E-05	-5.85589097E-05	-6.13181575E-05	 1.93915525E-04	 2.65419941E-04	-1.96100825E-04	 1.36066046E-07	 9.68914166E-07	 1.70707377E-06	-6.02634119E-07	-8.56713494E-06	-2.78794226E-05	-6.86960242E-05	 2.43857902E-05	 2.73720143E-04	-1.05464124E-04
 9.620000E-01	 6.80035202E-07	 1.73285943E-06	 3.99165466E-07	-7.08516497E-06	-2.26835435E-05	-5.76004950E-05	-6.06488733E-05	 1.88756357E-04	 2.59288874E-04	-1.88863868E-04	 1.28515487E-07	 9.55670070E-07	 1.70587374E-06	-5.59012393E-07	-8.42878948E-06	-2.75904982E-05	-6.79791401E-05	 2.33841733E-05	 2.67230960E-04	-1.00728665E-04
 9.630000E-01	 6.62599738E-07	 1.73070331E-06	 4.86662458E-07	-6.80588102E-06	-2.21406011E-05	-5.66846744E-05	-6.00328616E-05	 1.83637455E-04	 2.53273580E-04	-1.81716424E-04	 1.22463925E-07	 9.47098823E-07	 1.71499982E-06	-4.96743767E-07	-8.26506042E-06	-2.72833367E-05	-6.72829718E-05	 2.23040129E-05	 2.60736513E-04	-9.60548337E-05
 9.640000E-01	 6.40087820E-07	 1.72100436E-06	 5.64438544E-07	-6.53419715E-06	-2.15945839E-05	-5.57417462E-05	-5.93669372E-05	 1.78622647E-04	 2.47301625E-04	-1.74822827E-04	 1.16964499E-07	 9.36351849E-07	 1.71737183E-06	-4.45906861E-07	-8.11431860E-06	-2.69826184E-05	-6.65713093E-05	 2.12723559E-05	 2.54365112E-04	-9.15823352E-05
 9.650000E-01	 6.22651939E-07	 1.71510842E-06	 6.42104565E-07	-6.27108383E-06	-2.10720749E-05	-5.48394053E-05	-5.87534006E-05	 1.73629522E-04	 2.41427900E-04	-1.68008796E-04	 1.13236499E-07	 9.31049961E-07	 1.73136152E-06	-3.74775303E-07	-7.93652011E-06	-2.66612032E-05	-6.58720863E-05	 2.01632661E-05	 2.47964456E-04	-8.71590258E-05
 9.660000E-01	 5.99775407E-07	 1.70183320E-06	 7.11420370E-07	-6.01210755E-06	-2.05400198E-05	-5.39036627E-05	-5.80880193E-05	 1.68721591E-04	 2.35575199E-04	-1.61445490E-04	 1.09468279E-07	 9.22388352E-07	 1.73711532E-06	-3.16299800E-07	-7.77070327E-06	-2.63374976E-05	-6.51437943E-05	 1.91113015E-05	 2.41672580E-04	-8.29396726E-05
 9.670000E-01	 5.82827200E-07	 1.69280813E-06	 7.80283122E-07	-5.76276846E-06	-2.00313214E-05	-5.30052346E-05	-5.74672699E-05	 1.63828403E-04	 2.29798985E-04	-1.54957128E-04	 1.07891960E-07	 9.20059816E-07	 1.75570966E-06	-2.37068950E-07	-7.57901809E-06	-2.59927992E-05	-6.44252395E-05	 1.79875899E-05	 2.35346227E-04	-7.87667273E-05
 9.680000E-01	 5.60422357E-07	 1.67700611E-06	 8.42800274E-07	-5.51366562E-06	-1.95084595E-05	-5.20691099E-05	-5.67957422E-05	 1.59002404E-04	 2.24024067E-04	-1.48709614E-04	 1.05471027E-07	 9.13148703E-07	 1.76475879E-06	-1.70049273E-07	-7.39495626E-06	-2.56375746E-05	-6.36663241E-05	 1.69217476E-05	 2.29111832E-04	-7.47915202E-05
 9.690000E-01	 5.44372457E-07	 1.66548763E-06	 9.04159407E-07	-5.27524923E-06	-1.90088721E-05	-5.11623208E-05	-5.61553849E-05	 1.54188411E-04	 2.18302963E-04	-1.42540393E-04	 1.05497048E-07	 9.12991534E-07	 1.78668828E-06	-8.29351083E-08	-7.18684664E-06	-2.52647840E-05	-6.29113252E-05	 1.57944366E-05	 2.22841376E-04	-7.08609701E-05
 9.700000E-01	 5.23115694E-07	 1.64821393E-06	 9.61625255E-07	-5.03300138E-06	-1.84913394E-05	-5.02164380E-05	-5.54690834E-05	 1.49421845E-04	 2.12567732E-04	-1.36594445E-04	 1.03864258E-07	 9.07162115E-07	 1.79831129E-06	-6.40520522E-09	-6.98010214E-06	-2.48716962E-05	-6.21071828E-05	 1.47175090E-05	 2.16638797E-04	-6.71115516E-05
 9.710000E-01	 5.07919672E-07	 1.63429913E-06	 1.01612518E-06	-4.80294997E-06	-1.79939814E-05	-4.92870253E-05	-5.47910703E-05	 1.44669476E-04	 2.06855881E-04	-1.30737816E-04	 1.05028104E-07	 9.08197129E-07	 1.82193249E-06	 8.66531201E-08	-6.75600361E-06	-2.44647391E-05	-6.13002903E-05	 1.35979956E-05	 2.10407736E-04	-6.34156113E-05
 9.720000E-01	 4.88480079E-07	 1.61622552E-06	 1.06940768E-06	-4.56562175E-06	-1.74764267E-05	-4.83217648E-05	-5.40762190E-05	 1.39943202E-04	 2.01119773E-04	-1.25078358E-04	 1.03855390E-07	 9.03149036E-07	 1.83590577E-06	 1.72333978E-07	-6.52611764E-06	-2.40265309E-05	-6.04401195E-05	 1.25124979E-05	 2.04214923E-04	-5.98717530E-05
 9.730000E-01	 4.73942257E-07	 1.59968200E-06	 1.11731199E-06	-4.34159599E-06	-1.69739610E-05	-4.73534774E-05	-5.33381866E-05	 1.35237738E-04	 1.95370508E-04	-1.19530642E-04	 1.05562868E-07	 9.04240256E-07	 1.85914149E-06	 2.68432484E-07	-6.28822237E-06	-2.35810100E-05	-5.95661122E-05	 1.14144143E-05	 1.98010974E-04	-5.63986817E-05
 9.740000E-01	 4.57059305E-07	 1.58156154E-06	 1.16736475E-06	-4.10738846E-06	-1.64530348E-05	-4.63574579E-05	-5.25797247E-05	 1.30534145E-04	 1.89598500E-04	-1.14146027E-04	 1.04311687E-07	 8.99440520E-07	 1.87473085E-06	 3.63233490E-07	-6.03356777E-06	-2.30942068E-05	-5.86373257E-05	 1.03215193E-05	 1.91802057E-04	-5.30267963E-05
 9.750000E-01	 4.42571495E-07	 1.56183318E-06	 1.20891645E-06	-3.88658964E-06	-1.59383290E-05	-4.53311384E-05	-5.17575569E-05	 1.25861754E-04	 1.83771145E-04	-1.08909232E-04	 1.05789799E-07	 8.98838382E-07	 1.89428092E-06	 4.58713929E-07	-5.78371663E-06	-2.26076060E-05	-5.76773720E-05	 9.25821494E-06	 1.85606832E-04	-4.97558544E-05
 9.760000E-01	 4.28915318E-07	 1.54415693E-06	 1.25596974E-06	-3.65481456E-06	-1.54110611E-05	-4.42930535E-05	-5.09376060E-05	 1.21167524E-04	 1.77933228E-04	-1.03789138E-04	 1.04126962E-07	 8.93989192E-07	 1.91094720E-06	 5.61866427E-07	-5.50491661E-06	-2.20697976E-05	-5.66697990E-05	 8.15695860E-06	 1.79355816E-04	-4.65190267E-05
 9.770000E-01	 4.13556386E-07	 1.52019656E-06	 1.29060131E-06	-3.43528452E-06	-1.48762343E-05	-4.31904878E-05	-5.00031627E-05	 1.16521080E-04	 1.71986247E-04	-9.88627854E-05	 1.04725023E-07	 8.90034822E-07	 1.92355473E-06	 6.51931155E-07	-5.24751921E-06	-2.15390194E-05	-5.56101484E-05	 7.14025860E-06	 1.73158230E-04	-4.34349021E-05
 9.780000E-01	 4.03924133E-07	 1.50337994E-06	 1.33427003E-06	-3.20669408E-06	-1.43411725E-05	-4.21001373E-05	-4.91004292E-05	 1.11828820E-04	 1.66052069E-04	-9.39925194E-05	 1.02422922E-07	 8.85156652E-07	 1.94123474E-06	 7.62673953E-07	-4.94634131E-06	-2.09495886E-05	-5.45186581E-05	 6.02591473E-06	 1.66842043E-04	-4.02940992E-05
 9.790000E-01	 3.86533765E-07	 1.47388031E-06	 1.36136418E-06	-2.98640619E-06	-1.37789793E-05	-4.09012240E-05	-4.80239538E-05	 1.07201778E-04	 1.59945946E-04	-8.93764615E-05	 1.01354404E-07	 8.75751286E-07	 1.94269362E-06	 8.42070278E-07	-4.68536921E-06	-2.03732935E-05	-5.33442210E-05	 5.06526133E-06	 1.60624720E-04	-3.73732031E-05
 9.800000E-01	 3.81709800E-07	 1.45816754E-06	 1.40082169E-06	-2.76256322E-06	-1.32361133E-05	-3.97459452E-05	-4.70145200E-05	 1.02503969E-04	 1.53889019E-04	-8.47435784E-05	 9.82842736E-08	 8.70827777E-07	 1.96082805E-06	 9.59124136E-07	-4.36436602E-06	-1.97350892E-05	-5.21624030E-05	 3.93165554E-06	 1.54212625E-04	-3.42792714E-05
 9.810000E-01	 3.60895459E-07	 1.42155147E-06	 1.41926986E-06	-2.53999601E-06	-1.26396267E-05	-3.84300853E-05	-4.57640978E-05	 9.78911559E-05	 1.47585424E-04	-8.04357242E-05	 9.48378163E-08	 8.53743065E-07	 1.94648767E-06	 1.02185853E-06	-4.10453715E-06	-1.91123407E-05	-5.08597538E-05	 3.03353439E-06	 1.47956831E-04	-3.14977301E-05
 9.820000E-01	 3.61694699E-07	 1.40703630E-06	 1.45280095E-06	-2.32418445E-06	-1.20904578E-05	-3.71987922E-05	-4.46200420E-05	 9.31858856E-05	 1.41377222E-04	-7.60216849E-05	 9.12464422E-08	 8.49085472E-07	 1.96485147E-06	 1.14359267E-06	-3.76753840E-06	-1.84288750E-05	-4.95871005E-05	 1.87018234E-06	 1.41423168E-04	-2.84068333E-05
 9.830000E-01	 3.36125097E-07	 1.36183177E-06	 1.46119841E-06	-2.09884753E-06	-1.14539667E-05	-3.57467189E-05	-4.31617207E-05	 8.85842850E-05	 1.34834835E-04	-7.20112838E-05	 8.48151626E-08	 8.22150712E-07	 1.93016399E-06	 1.18371990E-06	-3.51361292E-06	-1.77589639E-05	-4.81473685E-05	 1.03550062E-06	 1.35111204E-04	-2.57424892E-05
 9.840000E-01	 3.43297567E-07	 1.34820673E-06	 1.48640328E-06	-1.89552378E-06	-1.09010646E-05	-3.44261608E-05	-4.18501772E-05	 8.38718399E-05	 1.28444317E-04	-6.77971711E-05	 8.13484938E-08	 8.18142966E-07	 1.94797428E-06	 1.30775627E-06	-3.16567740E-06	-1.70368843E-05	-4.67851030E-05	-1.69905884E-07	 1.28427485E-04	-2.26066701E-05
 9.850000E-01	 3.11715799E-07	 1.29312583E-06	 1.48299197E-06	-1.66839665E-06	-1.02212434E-05	-3.28189453E-05	-4.01505496E-05	 7.92791523E-05	 1.21632178E-04	-6.40765616E-05	 7.11603628E-08	 7.79303575E-07	 1.88848549E-06	 1.31989513E-06	-2.92125858E-06	-1.63186724E-05	-4.51985201E-05	-9.51794816E-07	 1.22022794E-04	-2.00200790E-05
 9.860000E-01	 3.25783244E-07	 1.27961400E-06	 1.49672562E-06	-1.48301925E-06	-9.66896796E-06	-3.13974732E-05	-3.86398637E-05	 7.45623483E-05	 1.15041045E-04	-6.00494793E-05	 6.86465088E-08	 7.75989925E-07	 1.90371393E-06	 1.44314086E-06	-2.56543866E-06	-1.55595634E-05	-4.37425072E-05	-2.22199768E-06	 1.15138082E-04	-1.67825828E-05
 9.870000E-01	 2.87309004E-07	 1.21425719E-06	 1.48013552E-06	-1.25628644E-06	-8.94452683E-06	-2.96180601E-05	-3.66684493E-05	 6.99662922E-05	 1.07924347E-04	-5.65940491E-05	 5.36935458E-08	 7.22940785E-07	 1.81499777E-06	 1.42182326E-06	-2.33391975E-06	-1.47901289E-05	-4.19959799E-05	-2.96217121E-06	 1.08591488E-04	-1.42377678E-05
 9.880000E-01	 3.08382980E-07	 1.19892795E-06	 1.47815671E-06	-1.09372804E-06	-8.39302074E-06	-2.80725280E-05	-3.49036139E-05	 6.52411139E-05	 1.01043183E-04	-5.27073213E-05	 5.37020368E-08	 7.20610258E-07	 1.82393148E-06	 1.53701385E-06	-1.98175563E-06	-1.40128069E-05	-4.04579311E-05	-4.27923862E-06	 1.01512974E-04	-1.08965159E-05
 9.890000E-01	 2.62024081E-07	 1.12237950E-06	 1.44500982E-06	-8.74464559E-07	-7.62661096E-06	-2.60989503E-05	-3.25995709E-05	 6.06523845E-05	 9.35238655E-05	-4.94696857E-05	 3.40946055E-08	 6.53376247E-07	 1.70566897E-06	 1.47994952E-06	-1.77195878E-06	-1.32127673E-05	-3.85825971E-05	-4.98170476E-06	 9.48421288E-05	-8.38024669E-06
 9.900000E-01	 2.89949371E-07	 1.10205689E-06	 1.42021696E-06	-7.43621589E-07	-7.08562510E-06	-2.44259400E-05	-3.05348153E-05	 5.59726044E-05	 8.63564940E-05	-4.57548408E-05	 3.72666513E-08	 6.52295749E-07	 1.70571089E-06	 1.58558285E-06	-1.41837840E-06	-1.24098120E-05	-3.69750977E-05	-6.41847975E-06	 8.74987255E-05	-4.85142933E-06
 9.910000E-01	 2.38028685E-07	 1.01678850E-06	 1.37062420E-06	-5.39599477E-07	-6.29620525E-06	-2.22836696E-05	-2.79369100E-05	 5.13984746E-05	 7.86167034E-05	-4.27954144E-05	 9.87989090E-09	 5.66421408E-07	 1.55494514E-06	 1.49692082E-06	-1.20982058E-06	-1.15175391E-05	-3.48983397E-05	-7.24189375E-06	 8.04204523E-05	-2.15876407E-06
 9.920000E-01	 2.74110444E-07	 9.91450255E-07	 1.32335647E-06	-4.31906678E-07	-5.74936880E-06	-2.04571109E-05	-2.55812248E-05	 4.66673979E-05	 7.11883997E-05	-3.92201982E-05	 1.26147828E-08	 5.57978488E-07	 1.52874072E-06	 1.56912081E-06	-8.72115907E-07	-1.06627561E-05	-3.31071779E-05	-8.77833190E-06	 7.26291633E-05	 1.58794206E-06
 9.930000E-01	 2.18618123E-07	 8.96150364E-07	 1.25303843E-06	-2.41520728E-07	-4.91234603E-06	-1.80438157E-05	-2.25108094E-05	 4.19839566E-05	 6.27029832E-05	-3.62014031E-05	-1.78419805E-08	 4.57296954E-07	 1.34647720E-06	 1.43057366E-06	-7.37415193E-07	-9.83008859E-06	-3.09484387E-05	-9.47038429E-06	 6.54795562E-05	 4.17801990E-06
 9.940000E-01	 2.53650530E-07	 8.51861242E-07	 1.16227091E-06	-1.73462203E-07	-4.34261954E-06	-1.59385853E-05	-1.94975297E-05	 3.73734090E-05	 5.42932728E-05	-3.25702977E-05	-3.77259717E-09	 4.53591037E-07	 1.31212480E-06	 1.47199466E-06	-4.72429690E-07	-9.12657001E-06	-2.93366647E-05	-1.09665353E-05	 5.78877443E-05	 7.80800889E-06
 9.950000E-01	 1.97666162E-07	 7.38114645E-07	 1.04624531E-06	-4.22929305E-08	-3.55376814E-06	-1.33796503E-05	-1.59165419E-05	 3.30505027E-05	 4.55821144E-05	-2.99249545E-05	-2.40502069E-08	 3.63021382E-07	 1.14372370E-06	 1.36515380E-06	-2.85061858E-07	-8.23621542E-06	-2.72563384E-05	-1.22551527E-05	 5.01902104E-05	 1.08970007E-05
 9.960000E-01	 2.20971891E-07	 6.65492964E-07	 9.07596296E-07	-3.44494507E-08	-3.03950089E-06	-1.12393257E-05	-1.27932797E-05	 2.87506063E-05	 3.81794793E-05	-2.71431668E-05	 7.17475005E-09	 3.65856694E-07	 1.12046660E-06	 1.45498108E-06	 1.41917003E-07	-7.08856239E-06	-2.51341199E-05	-1.48159453E-05	 4.07138647E-05	 1.55287704E-05
 9.970000E-01	 1.58391856E-07	 5.12157390E-07	 7.09491541E-07	-1.19006979E-08	-2.37466871E-06	-8.66540145E-06	-9.08619012E-06	 2.43624879E-05	 3.01120494E-05	-2.44927598E-05	 1.93122573E-08	 3.32234240E-07	 1.03800624E-06	 1.50413430E-06	 6.16430374E-07	-5.68843222E-06	-2.23900831E-05	-1.68180445E-05	 3.09030038E-05	 1.90417548E-05
 9.980000E-01	 1.53986193E-07	 3.75702405E-07	 4.54570537E-07	-1.94545068E-07	-2.07569559E-06	-6.50163325E-06	-5.48886722E-06	 2.00527266E-05	 2.19431010E-05	-2.08006384E-05	 3.90081897E-08	 3.57050563E-07	 1.11025084E-06	 1.84815033E-06	 1.55453867E-06	-3.74553593E-06	-1.93484217E-05	-1.90323894E-05	 2.01527596E-05	 2.21130621E-05
 9.990000E-01	 1.31181337E-07	 2.52179571E-07	 2.65499346E-07	-2.48649219E-07	-1.67263228E-06	-4.54827005E-06	-2.79936096E-06	 1.43775821E-05	 1.39412786E-05	-1.55005943E-05	-1.04180967E-07	 1.47415289E-07	 8.26919199E-07	 1.84622715E-06	 2.62590497E-06	-3.39930647E-07	-1.29384064E-05	-1.82955438E-05	 7.47431405E-06	 2.11198617E-05
 1.000000E+00	 1.23579702E-07	 2.11005206E-07	 2.02475482E-07	-2.66683974E-07	-1.53827755E-06	-3.89714761E-06	-1.90285698E-06	 1.24858632E-05	 1.12739989E-05	-1.37339091E-05	-1.51910786E-07	 7.75367170E-08	 7.32475119E-07	 1.84558609E-06	 2.98302782E-06	 7.95273508E-07	-1.08017301E-05	-1.80499281E-05	 3.24815663E-06	 2.07887943E-05
